종목코드,종목명,시장,종가,시가,저가,고가
005930,삼성전자,KOSPI,299000,290500,287500,306500
000660,SK하이닉스,KOSPI,2101000,1975000,1960000,2163000
402340,SK스퀘어,KOSPI,1228000,1124000,1075000,1234000
005935,삼성전자우,KOSPI,193500,183900,183000,195400
009150,삼성전기,KOSPI,1805000,1725000,1691000,1844000
005380,현대차,KOSPI,597000,570000,561000,598000
373220,LG에너지솔루션,KOSPI,384500,377000,367000,392000
032830,삼성생명,KOSPI,365000,354500,342000,369500
329180,HD현대중공업,KOSPI,646000,638000,609000,659000
028260,삼성물산,KOSPI,410000,389500,384000,420500
000270,기아,KOSPI,156000,154300,150300,156000
207940,삼성바이오로직스,KOSPI,1286000,1270000,1244000,1310000
034020,두산에너빌리티,KOSPI,88600,88500,85300,89200
105560,KB금융,KOSPI,151500,153800,147400,153800
012450,한화에어로스페이스,KOSPI,1014000,1012000,965000,1020000
012330,현대모비스,KOSPI,576000,542000,534000,583000
055550,신한지주,KOSPI,96900,96100,94100,98300
034730,SK,KOSPI,575000,555000,535000,583000
006400,삼성SDI,KOSPI,498500,476500,466500,498500
267260,HD현대일렉트릭,KOSPI,1033000,970000,931000,1070000
068270,셀트리온,KOSPI,166200,163000,160000,167100
066570,LG전자,KOSPI,226000,210000,207500,228000
035420,NAVER,KOSPI,224000,218500,218500,228500
010120,LS ELECTRIC,KOSPI,229500,237500,219000,240000
042660,한화오션,KOSPI,104500,108400,101800,108600
086790,하나금융지주,KOSPI,114800,117800,112000,117900
298040,효성중공업,KOSPI,3246000,3358000,3129000,3358000
000810,삼성화재,KOSPI,663000,615000,597000,663000
006800,미래에셋증권,KOSPI,51100,49200,45650,51100
005490,POSCO홀딩스,KOSPI,358000,350000,342500,360000
042700,한미반도체,KOSPI,291000,262500,259000,291000
009540,HD한국조선해양,KOSPI,375500,377000,360000,382500
000150,두산,KOSPI,1621000,1538000,1485000,1634000
011070,LG이노텍,KOSPI,1072000,1023000,1009000,1098000
010130,고려아연,KOSPI,1164000,1131000,1085000,1165000
015760,한국전력,KOSPI,35900,35550,35000,36150
051910,LG화학,KOSPI,316500,313000,304000,318500
010140,삼성중공업,KOSPI,25300,25150,24550,25500
316140,우리금융지주,KOSPI,30150,29400,28950,30300
017670,SK텔레콤,KOSPI,100000,100000,97200,102000
064350,현대로템,KOSPI,188400,187700,178700,189000
307950,현대오토에버,KOSPI,710000,648000,628000,710000
267250,HD현대,KOSPI,245500,241500,231500,248000
033780,KT&G,KOSPI,185100,185000,181400,186100
196170,알테오젠,KOSDAQ GLOBAL,347000,311000,299500,348000
011200,HMM,KOSPI,18850,18100,18000,18850
018260,삼성에스디에스,KOSPI,229500,214500,211000,230000
138040,메리츠금융지주,KOSPI,106000,105500,102800,106300
096770,SK이노베이션,KOSPI,103200,101200,99500,103700
035720,카카오,KOSPI,39300,37150,36500,39700
079550,LIG디펜스앤에어로스페이스,KOSPI,764000,796000,732000,807000
272210,한화시스템,KOSPI,88600,89400,81800,90100
024110,기업은행,KOSPI,20950,20750,20100,21000
003550,LG,KOSPI,107500,103400,99600,107500
003670,포스코퓨처엠,KOSPI,184700,181100,177400,187400
247540,에코프로비엠,KOSDAQ GLOBAL,164300,159900,155500,164300
278470,에이피알,KOSPI,410500,407000,403000,416000
030200,KT,KOSPI,60000,55100,53600,60000
086520,에코프로,KOSDAQ GLOBAL,108800,102600,99700,108800
086280,현대글로비스,KOSPI,195800,189100,184000,198500
047810,한국항공우주,KOSPI,141900,140500,131500,141900
000720,현대건설,KOSPI,122700,125200,118500,126300
071050,한국금융지주,KOSPI,230000,224000,216500,235000
010950,S-Oil,KOSPI,113100,111200,109400,113500
277810,레인보우로보틱스,KOSDAQ,605000,585000,555000,605000
006260,LS,KOSPI,373500,375000,353500,381500
036930,주성엔지니어링,KOSDAQ GLOBAL,245500,197300,183000,254000
323410,카카오뱅크,KOSPI,23400,24300,22600,24500
005940,NH투자증권,KOSPI,31200,29900,29150,31750
443060,HD현대마린솔루션,KOSPI,245500,226500,224000,252000
0126Z0,삼성에피스홀딩스,KOSPI,434000,415500,400000,434000
259960,크래프톤,KOSPI,233000,226000,221500,233000
047050,포스코인터내셔널,KOSPI,58100,58200,55600,58300
016360,삼성증권,KOSPI,111800,107900,106500,113100
352820,하이브,KOSPI,218000,199300,198900,219000
005830,DB손해보험,KOSPI,140000,140500,135800,143300
003490,대한항공,KOSPI,24800,24700,24100,24950
007660,이수페타시스,KOSPI,123200,109000,104400,124700
064400,LG씨엔에스,KOSPI,93000,88500,88000,94400
039490,키움증권,KOSPI,341500,331500,324000,350500
028050,삼성E&A,KOSPI,45550,45300,43200,46050
003230,삼양식품,KOSPI,1176000,1132000,1113000,1187000
161390,한국타이어앤테크놀로지,KOSPI,71100,69100,67800,75000
950160,코오롱티슈진,KOSDAQ,103000,99800,98300,106500
047040,대우건설,KOSPI,20450,19970,19270,20450
000880,한화,KOSPI,117600,115800,113400,123700
005387,현대차2우B,KOSPI,235500,232500,227000,236000
180640,한진칼,KOSPI,118400,112700,110000,120000
353200,대덕전자,KOSPI,156800,143100,141400,160700
058470,리노공업,KOSDAQ GLOBAL,99800,91000,91000,99800
001440,대한전선,KOSPI,36950,36650,34650,37100
454910,두산로보틱스,KOSPI,109300,101100,98500,109300
011790,SKC,KOSPI,140000,118900,116700,140000
326030,SK바이오팜,KOSPI,88500,85000,82500,89500
240810,원익IPS,KOSDAQ GLOBAL,141000,116700,116100,142900
267270,HD건설기계,KOSPI,143100,140900,137000,147000
000990,DB하이텍,KOSPI,155200,149500,146900,162400
004170,신세계,KOSPI,714000,713000,642000,725000
078930,GS,KOSPI,71700,71500,69600,73700
090430,아모레퍼시픽,KOSPI,111800,109300,106900,112400
032640,LG유플러스,KOSPI,15390,14420,14280,15390
062040,산일전기,KOSPI,213000,210000,200000,215500
021240,코웨이,KOSPI,92000,91900,86100,92400
034220,LG디스플레이,KOSPI,12850,12680,12120,12850
009830,한화솔루션,KOSPI,36950,37200,34600,37250
028300,HLB,KOSDAQ,47400,47950,41900,49200
039030,이오테크닉스,KOSDAQ GLOBAL,504000,438000,435000,510000
241560,두산밥캣,KOSPI,64400,61300,59300,64700
000250,삼천당제약,KOSDAQ,263000,250500,237500,263000
000100,유한양행,KOSPI,76400,74800,72600,76600
377300,카카오페이,KOSPI,44800,41200,40650,44800
023530,롯데쇼핑,KOSPI,202000,197400,188300,202000
036570,NC,KOSPI,260000,247500,244000,260000
087010,펩트론,KOSDAQ,237500,239500,231500,249500
005385,현대차우,KOSPI,234500,233500,228000,236000
029780,삼성카드,KOSPI,47150,45400,44550,47600
271560,오리온,KOSPI,138100,131700,130100,138100
000500,가온전선,KOSPI,324000,304000,295000,325500
010060,OCI홀딩스,KOSPI,283500,270000,253500,293500
128940,한미약품,KOSPI,411000,393500,385000,414000
088980,맥쿼리인프라,KOSPI,10930,10780,10740,10960
138930,BNK금융지주,KOSPI,16820,16620,16060,17060
298380,에이비엘바이오,KOSDAQ,93100,87500,85600,93100
066970,엘앤에프,KOSPI,125800,120900,117300,125800
001040,CJ,KOSPI,173000,167200,164700,175300
222800,심텍,KOSDAQ GLOBAL,133300,108900,107900,138100
141080,리가켐바이오,KOSDAQ GLOBAL,134800,127800,121200,139900
440110,파두,KOSDAQ,99300,96300,89500,99900
175330,JB금융지주,KOSPI,26000,25150,24600,26400
178320,서진시스템,KOSDAQ,74500,66500,65000,78900
336260,두산퓨얼셀,KOSPI,70500,67800,66500,70900
319400,현대무벡스,KOSDAQ,40800,35600,32800,41450
403870,HPSP,KOSDAQ GLOBAL,55000,51900,49900,56800
052690,한전기술,KOSPI,116400,113500,108800,117700
214370,케어젠,KOSDAQ,82000,71900,69400,82000
018880,한온시스템,KOSPI,4230,4275,4065,4275
319660,피에스케이,KOSDAQ GLOBAL,149800,143500,138000,156500
004020,현대제철,KOSPI,32150,32300,31000,32500
002380,KCC,KOSPI,490500,468000,462000,510000
108490,로보티즈,KOSDAQ,286500,266000,254500,287000
082740,한화엔진,KOSPI,50100,51000,48600,52000
347850,디앤디파마텍,KOSDAQ,94400,85900,81400,94500
088350,한화생명,KOSPI,4750,4785,4545,4795
022100,포스코DX,KOSPI,27100,24600,24250,27100
084370,유진테크,KOSDAQ,178300,153100,151700,182600
095340,ISC,KOSDAQ GLOBAL,190500,177100,172100,195000
069960,현대백화점,KOSPI,187100,180000,163500,187100
085620,미래에셋생명,KOSPI,29350,22300,19500,29350
310210,보로노이,KOSDAQ,207000,196800,187800,207000
450080,에코프로머티,KOSPI,52700,52000,49850,53100
103590,일진전기,KOSPI,77800,78200,74000,79500
051900,LG생활건강,KOSPI,238500,230000,226500,240000
111770,영원무역,KOSPI,80800,77300,77100,81500
489790,한화비전,KOSPI,70300,67900,66500,73400
251270,넷마블,KOSPI,43050,39100,39000,43050
012510,더존비즈온,KOSPI,120000,120000,119000,120400
014680,한솔케미칼,KOSPI,296000,260500,247000,296000
080220,제주반도체,KOSDAQ,97000,91900,88900,99000
007810,코리아써키트,KOSPI,139200,115500,110500,143800
035250,강원랜드,KOSPI,15600,14990,14750,15600
095610,테스,KOSDAQ,170600,173000,163500,186000
036460,한국가스공사,KOSPI,35750,34500,34350,35850
011170,롯데케미칼,KOSPI,76000,72700,71700,76000
043260,성호전자,KOSDAQ,45550,39300,36900,46350
001450,현대해상,KOSPI,37800,37050,36650,38600
383220,F&F,KOSPI,83200,78200,77300,84800
067310,하나마이크론,KOSDAQ,47950,42000,40850,49800
031210,서울보증보험,KOSPI,44600,43300,43000,44800
017800,현대엘리베이터,KOSPI,79400,75500,73500,80700
064760,티씨케이,KOSDAQ GLOBAL,277500,247000,245500,280500
302440,SK바이오사이언스,KOSPI,39350,38100,37150,39500
214150,클래시스,KOSDAQ GLOBAL,46850,43050,41250,47650
145020,휴젤,KOSDAQ GLOBAL,245500,235500,232000,245500
005850,에스엘,KOSPI,64900,61600,60100,64900
011780,금호석유화학,KOSPI,119700,118800,116000,120900
214450,파마리서치,KOSDAQ GLOBAL,288500,276000,271500,293500
004800,효성,KOSPI,176900,178900,170100,180000
139130,iM금융지주,KOSPI,18320,16980,16600,18320
131970,두산테스나,KOSDAQ GLOBAL,152200,134700,128100,155000
097950,CJ제일제당,KOSPI,194700,191400,190800,195600
012750,에스원,KOSPI,76700,71700,70000,76700
031980,피에스케이홀딩스,KOSDAQ,133900,132500,127000,146200
131290,티에스이,KOSDAQ,260000,198500,198500,269500
005290,동진쎄미켐,KOSDAQ,55400,51000,50600,57600
001720,신영증권,KOSPI,169300,163000,162400,172300
009420,한올바이오파마,KOSPI,53000,48300,46700,53100
357780,솔브레인,KOSDAQ GLOBAL,355000,330000,320000,355000
375500,DL이앤씨,KOSPI,70200,67100,65800,70200
028670,팬오션,KOSPI,4995,5140,4995,5210
004990,롯데지주,KOSPI,26650,25450,25000,26900
010170,대한광통신,KOSDAQ,17070,15500,15450,17690
263750,펄어비스,KOSDAQ GLOBAL,41050,39100,38600,41050
483650,달바글로벌,KOSPI,211000,202500,196800,222500
237690,에스티팜,KOSDAQ GLOBAL,123200,114100,113800,124400
026960,동서,KOSPI,25450,25200,24400,25650
279570,케이뱅크,KOSPI,6220,6060,5640,6320
226950,올릭스,KOSDAQ,124300,119000,112000,124300
020150,롯데에너지머티리얼즈,KOSPI,47950,43500,43000,48350
000240,한국앤컴퍼니,KOSPI,25850,25700,24600,26000
139480,이마트,KOSPI,88400,87800,85000,89500
009970,영원무역홀딩스,KOSPI,185300,185600,178600,188500
457190,이수스페셜티케미컬,KOSPI,79200,75700,73400,79200
003690,코리안리,KOSPI,13490,12800,12680,13590
098460,고영,KOSDAQ,34200,30050,29950,34775
204320,HL만도,KOSPI,50000,48400,47500,50900
001740,SK네트웍스,KOSPI,11670,12600,11420,13500
007340,DN오토모티브,KOSPI,39950,38800,37500,40800
081660,미스토홀딩스,KOSPI,43900,39500,39450,45400
257720,실리콘투,KOSDAQ,35400,34050,33200,35400
032820,우리기술,KOSDAQ,13520,12830,12520,13520
439260,대한조선,KOSPI,60000,59600,58500,60100
004370,농심,KOSPI,375000,353500,353500,378000
290650,엘앤씨바이오,KOSDAQ,84400,71800,69200,84400
089030,테크윙,KOSDAQ,61100,57300,52800,64700
006360,GS건설,KOSPI,26200,25450,24750,26300
100790,미래에셋벤처투자,KOSDAQ,42100,37850,33150,45000
030000,제일기획,KOSPI,19310,18230,18190,19310
051600,한전KPS,KOSPI,49300,46100,45450,49300
000155,두산우,KOSPI,555000,540000,508000,558000
282330,BGF리테일,KOSPI,128000,128400,125200,129400
030530,원익홀딩스,KOSDAQ,28550,23150,22300,30550
008770,호텔신라,KOSPI,55700,55600,53300,56400
120110,코오롱인더,KOSPI,71900,68600,67300,72500
071970,HD현대마린엔진,KOSPI,62300,61500,60000,62300
089970,브이엠,KOSDAQ,85100,79500,77100,87900
018670,SK가스,KOSPI,224500,215500,207500,230000
082920,비츠로셀,KOSDAQ,45800,45100,41850,47500
007390,네이처셀,KOSDAQ,32200,30100,29650,32500
005440,현대지에프홀딩스,KOSPI,13260,13170,12850,13690
008930,한미사이언스,KOSPI,29800,29200,28300,30000
041510,에스엠,KOSDAQ GLOBAL,88800,71300,71300,88800
161890,한국콜마,KOSPI,86100,82000,81000,86600
058610,에스피지,KOSDAQ,91400,85000,82200,91400
218410,RFHIC,KOSDAQ,74900,70000,69400,74900
007070,GS리테일,KOSPI,23750,23000,22800,23850
347700,스피어,KOSDAQ,38500,31800,30350,38500
103140,풍산,KOSPI,69900,69000,67400,70500
035900,JYP Ent.,KOSDAQ GLOBAL,54900,49900,49900,55300
011210,현대위아,KOSPI,71600,69100,67700,71600
083650,비에이치아이,KOSDAQ,62000,59000,56900,62900
068760,셀트리온제약,KOSDAQ,42850,40600,40000,42850
140410,메지온,KOSDAQ,62500,60000,59400,62500
00680K,미래에셋증권2우B,KOSPI,13900,13490,12680,13900
192820,코스맥스,KOSPI,165900,160600,159400,167200
097230,HJ중공업,KOSPI,20800,20000,19350,20800
002790,아모레퍼시픽홀딩스,KOSPI,24550,22900,22550,24550
420770,기가비스,KOSDAQ,147600,130400,123100,150500
140860,파크시스템스,KOSDAQ GLOBAL,264000,240000,232500,265500
078600,대주전자재료,KOSDAQ,117100,112300,107400,117100
000120,CJ대한통운,KOSPI,79800,79200,78350,80600
395400,SK리츠,KOSPI,6020,5300,5170,6150
462870,시프트업,KOSPI,30750,30750,30100,31550
229640,LS에코에너지,KOSPI,58000,55600,53600,58000
0009K0,에임드바이오,KOSDAQ,27200,23900,23350,27900
001800,오리온홀딩스,KOSPI,27950,24900,24450,29400
322000,HD현대에너지솔루션,KOSPI,153000,152100,138300,160700
112610,씨에스윈드,KOSPI,40550,41200,38900,42250
093370,후성,KOSPI,15770,15800,14700,16990
361610,SK아이이테크놀로지,KOSPI,20500,16470,16020,20500
023590,다우기술,KOSPI,38500,37000,35800,38500
001430,세아베스틸지주,KOSPI,46350,44050,42100,47700
437730,삼현,KOSDAQ,52400,48000,45750,55000
009155,삼성전기우,KOSPI,570000,560000,543000,584000
017960,한국카본,KOSPI,31250,30300,29250,31400
323280,태성,KOSDAQ,51900,49000,47500,52200
192080,더블유게임즈,KOSPI,74600,69100,68900,76500
039200,오스코텍,KOSDAQ,40600,38500,37250,40600
001120,LX인터내셔널,KOSPI,40000,38450,37900,40250
475830,오름테라퓨틱,KOSDAQ,71100,63500,60000,76600
060370,LS마린솔루션,KOSDAQ,29050,28250,27550,29150
281820,케이씨텍,KOSPI,76400,63900,63400,79000
031330,에스에이엠티,KOSDAQ,15090,14500,14440,15650
096530,씨젠,KOSDAQ,28150,27150,26950,28150
183300,코미코,KOSDAQ GLOBAL,139200,103900,103600,139200
006280,녹십자,KOSPI,124200,118500,118500,124500
032350,롯데관광개발,KOSPI,18090,17680,16500,18300
006040,동원산업,KOSPI,32300,31750,31650,32750
005070,코스모신소재,KOSPI,42850,39550,39400,42850
003540,대신증권,KOSPI,28600,28300,28050,28850
020560,아시아나항공,KOSPI,6820,6780,6600,6960
298020,효성티앤씨,KOSPI,324500,320000,317500,333500
069620,대웅제약,KOSPI,120300,118300,117200,121700
001820,삼화콘덴서,KOSPI,133300,106200,104000,140000
475150,SK이터닉스,KOSPI,40550,50400,40050,54000
090710,휴림로봇,KOSDAQ,11540,10150,9620,11860
195870,해성디에스,KOSPI,80900,72000,71000,82400
034230,파라다이스,KOSPI,14760,14930,14570,15180
007310,오뚜기,KOSPI,340000,312500,310500,340000
003570,SNT다이내믹스,KOSPI,40650,42200,40100,42450
101490,에스앤에스텍,KOSDAQ,63000,58500,57100,63400
166090,하나머티리얼즈,KOSDAQ GLOBAL,67800,60300,59300,68200
066575,LG전자우,KOSPI,77300,73900,72300,77300
295310,에이치브이엠,KOSDAQ,109900,100200,87100,114500
181710,NHN,KOSPI,40100,39100,37950,40500
073240,금호타이어,KOSPI,4520,4540,4420,4585
476830,알지노믹스,KOSDAQ,92800,86200,83000,93800
294870,IPARK현대산업개발,KOSPI,19340,19430,19230,19820
077970,STX엔진,KOSPI,31650,31700,29850,32250
038500,삼표시멘트,KOSDAQ,11690,10670,10080,12280
004000,롯데정밀화학,KOSPI,48850,45500,45000,48850
099320,쎄트렉아이,KOSDAQ,113700,111500,102000,117900
030610,교보증권,KOSPI,10790,10590,10300,10790
232140,와이씨,KOSDAQ,14950,13960,13720,15400
000815,삼성화재우,KOSPI,406500,400000,392000,406500
415640,KB발해인프라,KOSPI,9900,9380,9270,10030
328130,루닛,KOSDAQ,16120,15530,14910,16120
445680,큐리옥스바이오시스템즈,KOSDAQ,69400,63000,60500,69400
012630,HDC,KOSPI,19860,19860,19110,20200
195940,HK이노엔,KOSDAQ GLOBAL,41750,40800,39750,42675
003530,한화투자증권,KOSPI,5480,5260,5200,5490
082640,동양생명,KOSPI,7400,7540,7100,7540
000080,하이트진로,KOSPI,16430,15600,15500,16430
003380,하림지주,KOSDAQ GLOBAL,10270,10000,9850,10310
127120,제이에스링크,KOSDAQ,32850,32500,30250,33050
036540,SFA반도체,KOSDAQ,6910,6540,6510,7140
051915,LG화학우,KOSPI,146000,143500,140100,146000
032500,케이엠더블유,KOSDAQ,26500,25000,24450,26500
189300,인텔리안테크,KOSDAQ,104000,94300,93800,104000
458870,씨어스,KOSDAQ,29250,27500,26600,29850
089860,롯데렌탈,KOSPI,30600,29500,29150,32400
065350,신성델타테크,KOSDAQ,40250,37850,37350,40600
083450,GST,KOSDAQ,60000,56800,54100,61400
417200,LS머트리얼즈,KOSDAQ,16310,15820,15480,16310
085660,차바이오텍,KOSDAQ,11740,11100,10830,11740
000210,DL,KOSPI,52000,47800,47300,52900
330590,롯데리츠,KOSPI,3735,3605,3530,3890
388210,씨엠티엑스,KOSDAQ,111300,105100,102300,115500
027360,아주IB투자,KOSDAQ,8850,8720,8320,9240
003090,대웅,KOSPI,18050,16610,16610,18070
356860,티엘비,KOSDAQ,106100,92500,91300,107200
496320,본시스템즈,KONEX,1023000,0,0,0
090360,로보스타,KOSDAQ,106300,102000,93700,110900
281740,레이크머티리얼즈,KOSDAQ,15700,15190,14720,15700
300720,한일시멘트,KOSPI,13930,13960,13680,14240
491000,리브스메드,KOSDAQ,40600,40450,37700,41100
115180,큐리언트,KOSDAQ,26950,24000,23600,27700
397030,에이프릴바이오,KOSDAQ,43100,41150,39500,43950
499790,GS피앤엘,KOSPI,50800,49650,49250,53200
124500,아이티센글로벌,KOSDAQ,43400,42300,41100,49200
003240,태광산업,KOSPI,902000,904000,872000,915000
009450,경동나비엔,KOSPI,68900,67000,65700,69300
388720,유일로보틱스,KOSDAQ,83400,81500,79200,86500
280360,롯데웰푸드,KOSPI,105000,103200,102200,105800
161580,필옵틱스,KOSDAQ,41100,37550,36450,41100
185750,종근당,KOSPI,69800,68700,67900,70400
074600,원익QnC,KOSDAQ GLOBAL,36200,32700,32450,37000
100090,SK오션플랜트,KOSPI,15220,16280,14660,16650
456040,OCI,KOSPI,106100,104600,100200,110000
057050,현대홈쇼핑,KOSPI,78700,78000,73500,79600
071055,한국금융지주우,KOSPI,161200,155800,154200,161800
137400,피엔티,KOSDAQ GLOBAL,39850,37900,37350,39850
204270,제이앤티씨,KOSDAQ,16280,15010,14910,16330
005300,롯데칠성,KOSPI,101400,101000,100000,103100
192400,쿠쿠홀딩스,KOSPI,26000,25150,24600,27200
003470,유안타증권,KOSPI,4795,4660,4660,4830
213420,덕산네오룩스,KOSDAQ GLOBAL,37050,34000,33100,37800
466100,클로봇,KOSDAQ,36050,31950,31150,36050
490470,세미파이브,KOSDAQ,26950,25450,24450,28150
006110,삼아알미늄,KOSPI,60000,63800,56600,63800
365550,ESR켄달스퀘어리츠,KOSPI,3665,3465,3440,3795
451800,한화리츠,KOSPI,5020,4455,4455,5100
056190,에스에프에이,KOSDAQ GLOBAL,25000,23800,23550,25000
036830,솔브레인홀딩스,KOSDAQ GLOBAL,43750,41450,40950,43750
358570,지아이이노베이션,KOSDAQ,13820,11620,11030,15230
048410,현대바이오,KOSDAQ,9080,8050,8000,9080
298050,HS효성첨단소재,KOSPI,194400,187800,183200,196500
248070,솔루엠,KOSPI,18170,17920,16680,18340
030190,NICE평가정보,KOSPI,14740,13950,13920,14810
252990,샘씨엔에스,KOSDAQ,14420,12500,12410,14600
137310,에스디바이오센서,KOSPI,7140,6960,6870,7200
090460,비에이치,KOSPI,25450,24350,23900,25500
000670,영풍,KOSPI,46600,44700,44050,47200
086450,동국제약,KOSDAQ GLOBAL,18940,18030,17740,18950
075580,세진중공업,KOSPI,14890,13580,13330,15160
036530,SNT홀딩스,KOSPI,51400,48800,47350,51400
035760,CJ ENM,KOSDAQ GLOBAL,38100,35750,35500,38500
122870,와이지엔터테인먼트,KOSDAQ,44500,39450,39000,44700
005690,파미셀,KOSPI,13810,13590,12820,13930
003160,디아이,KOSPI,29200,26600,26550,29500
214320,이노션,KOSPI,20600,19610,19610,20650
033100,제룡전기,KOSDAQ,50800,49050,47450,50800
071320,지역난방공사,KOSPI,70100,68500,67100,70100
376900,로킷헬스케어,KOSDAQ,50500,48000,46350,50800
222080,씨아이에스,KOSDAQ GLOBAL,10300,10000,9710,10300
160190,하이젠알앤엠,KOSDAQ,25900,24050,23550,26300
108320,LX세미콘,KOSPI,48650,47400,46800,48700
033790,피노,KOSDAQ,9570,9290,8530,9750
171090,선익시스템,KOSDAQ,77800,71900,71000,78000
006650,대한유화,KOSPI,120900,117100,115600,121900
336370,솔루스첨단소재,KOSPI,11190,10620,10010,11990
006340,대원전선,KOSPI,10000,9780,9320,10050
293490,카카오게임즈,KOSDAQ GLOBAL,8710,8250,8210,8710
006120,SK디스커버리,KOSPI,44800,43700,43700,45100
00088K,한화3우B,KOSPI,40200,39650,38350,41450
094170,동운아나텍,KOSDAQ,37050,37350,36100,38200
285130,SK케미칼,KOSPI,44550,40350,39650,44550
025540,한국단자,KOSPI,76100,73600,72100,78700
046890,서울반도체,KOSDAQ GLOBAL,13200,12630,12230,13430
456160,지투지바이오,KOSDAQ,46200,45000,43200,47000
064960,SNT모티브,KOSPI,28900,27700,27300,30000
052020,에스티큐브,KOSDAQ,11260,10470,10030,11270
348370,엔켐,KOSDAQ,34900,29950,29050,35650
006730,서부T&D,KOSDAQ,11740,11050,11000,11900
114090,GKL,KOSPI,12310,12030,11950,12480
053610,프로텍,KOSDAQ,84500,74800,74800,85900
009240,한샘,KOSPI,32300,31850,31200,33000
033240,자화전자,KOSPI,35000,32250,32100,35000
050890,쏠리드,KOSDAQ,12420,11700,11700,12760
005090,SGC에너지,KOSPI,52200,50200,49350,52800
241710,코스메카코리아,KOSDAQ,70400,68300,67200,70400
126340,비나텍,KOSDAQ,103900,104000,95300,104500
253450,스튜디오드래곤,KOSDAQ GLOBAL,24800,23300,22900,24800
010780,아이에스동서,KOSPI,24600,24000,23300,25050
014620,성광벤드,KOSDAQ,27900,28400,25950,28700
059090,미코,KOSDAQ,22150,20100,19700,24900
079900,전진건설로봇,KOSPI,50700,48500,47900,50700
079160,CJ CGV,KOSPI,4430,4380,4345,4500
000370,한화손해보험,KOSPI,6250,6130,6010,6350
033640,네패스,KOSDAQ,31550,30050,29500,32600
052400,코나아이,KOSDAQ,49850,49500,48350,50700
004490,세방전지,KOSPI,52100,52600,50000,52600
476060,온코닉테라퓨틱스,KOSDAQ,15880,15240,14810,15950
003850,보령,KOSPI,8400,8160,8020,8460
032190,다우데이타,KOSDAQ,18640,18100,17610,18640
056080,유진로봇,KOSDAQ,18980,17610,17150,18980
425420,티에프이,KOSDAQ,57300,49950,47400,57300
036810,에프에스티,KOSDAQ,31600,28400,28000,32400
100840,SNT에너지,KOSPI,32950,32700,31000,33450
121600,나노신소재,KOSDAQ,55500,53500,51500,55500
002350,넥센타이어,KOSPI,6940,6930,6720,7000
033160,엠케이전자,KOSDAQ,28000,21600,21400,28700
00104K,CJ4우(전환),KOSPI,160000,155000,152100,161000
037460,삼지전자,KOSDAQ,41400,40650,40000,41900
023160,태광,KOSDAQ,26100,27600,25400,27600
178920,PI첨단소재,KOSPI,22700,20800,20650,23000
001510,SK증권,KOSPI,2880,2730,2720,2905
002020,코오롱,KOSPI,51600,47300,46500,53400
336570,원텍,KOSDAQ,7430,7000,6860,7500
102710,이엔에프테크놀로지,KOSDAQ,46450,41950,41450,46450
365340,성일하이텍,KOSDAQ,51100,50100,46400,54500
484870,엠앤씨솔루션,KOSPI,72000,71300,66300,73900
069260,TKG휴켐스,KOSPI,16060,15160,14720,16180
293940,신한알파리츠,KOSPI,5400,5150,5040,5570
077360,덕산하이메탈,KOSDAQ,14360,12890,12470,14500
007700,F&F홀딩스,KOSPI,16600,16590,16130,16710
439960,코스모로보틱스,KOSDAQ,19990,19160,17950,20450
102940,코오롱생명과학,KOSDAQ,49200,48400,47150,49900
093050,LF,KOSPI,22000,21100,21000,22400
002960,한국쉘석유,KOSPI,494000,498500,489500,505000
001570,금양,KOSPI,9900,0,0,0
053800,안랩,KOSDAQ,56900,56500,55200,57900
317450,명인제약,KOSPI,43300,42550,42050,43400
044490,태웅,KOSDAQ,31450,31400,29700,31800
005880,대한해운,KOSPI,1946,1910,1885,2045
003620,KG모빌리티,KOSPI,3100,3100,3020,3150
225570,넥슨게임즈,KOSDAQ,9520,9000,9000,9520
089890,코세스,KOSDAQ,37750,35750,34800,38350
005180,빙그레,KOSPI,67300,66200,65500,67400
041830,인바디,KOSDAQ,46200,45150,43000,46800
014820,동원시스템즈,KOSPI,21450,19640,19560,21450
006380,카프로,KOSPI,3660,0,0,0
041960,코미팜,KOSDAQ,8370,7850,7720,8460
001680,대상,KOSPI,17810,17850,17570,18150
001060,JW중외제약,KOSPI,26500,25700,25400,26500
008060,대덕,KOSPI,19620,18220,18200,19750
348210,넥스틴,KOSDAQ GLOBAL,58500,52000,51400,58500
170920,엘티씨,KOSDAQ,57800,49350,47750,58900
112040,위메이드,KOSDAQ,17890,16350,16340,17890
086900,메디톡스,KOSDAQ,83200,78900,77400,84200
002840,미원상사,KOSPI,127400,118000,115200,129900
001270,부국증권,KOSPI,58100,55800,55600,59000
383800,LX홀딩스,KOSPI,7890,7830,7720,7990
399720,가온칩스,KOSDAQ,50200,45250,45000,52900
174900,앱클론,KOSDAQ,29700,28150,27300,29900
389470,인벤티지랩,KOSDAQ,44400,42750,41850,45450
122640,예스티,KOSDAQ,27550,23400,23050,28200
009520,포스코엠텍,KOSDAQ GLOBAL,14130,13540,13320,14130
249420,일동제약,KOSPI,18570,18070,17800,18690
060250,NHN KCP,KOSDAQ,14530,14500,14000,14690
017940,E1,KOSPI,84900,82600,81000,85000
016380,KG스틸,KOSPI,5820,5680,5540,5880
486990,노타,KOSDAQ,27250,25700,24950,27900
000400,롯데손해보험,KOSPI,1864,1853,1823,1905
253590,네오셈,KOSDAQ,13130,12210,11970,13480
330860,네패스아크,KOSDAQ,47000,38800,38750,50000
082270,젬백스,KOSDAQ,12910,12830,12280,12970
383310,에코프로에이치엔,KOSDAQ,27150,27550,25750,29650
348340,뉴로메카,KOSDAQ,45850,45500,43900,46650
064290,인텍플러스,KOSDAQ,44000,38000,37650,44500
376300,디어유,KOSDAQ,23600,21550,21050,23850
453340,현대그린푸드,KOSPI,17220,17390,16880,17600
093320,케이아이엔엑스,KOSDAQ,114400,112900,109900,114500
272290,이녹스첨단소재,KOSDAQ GLOBAL,27950,25800,25650,28000
003030,세아제강지주,KOSPI,134000,134500,128600,136800
000640,동아쏘시오홀딩스,KOSPI,82400,80600,80600,83300
327260,RF머트리얼즈,KOSDAQ,65000,59800,58100,65700
104830,원익머트리얼즈,KOSDAQ,43600,38950,38700,44600
045100,한양이엔지,KOSDAQ,31400,29000,28500,31800
001500,현대차증권,KOSPI,8880,8450,8450,9090
033500,동성화인텍,KOSDAQ,18150,17920,17410,18150
217590,티엠씨,KOSPI,22250,24500,21500,28400
214430,아이쓰리시스템,KOSDAQ,73200,65300,62100,74000
094800,맵스리얼티,KOSPI,5760,5030,5000,5800
039130,하나투어,KOSPI,34500,33900,33350,34600
005250,녹십자홀딩스,KOSPI,11350,9850,9840,11350
035890,서희건설,KOSDAQ,2315,2200,2155,2365
019210,와이지-원,KOSDAQ,14260,13790,13520,14600
058650,세아홀딩스,KOSPI,124700,124500,120500,129000
015750,성우하이텍,KOSDAQ,6610,6280,6200,6610
017900,광전자,KOSPI,9090,8480,8260,9850
268280,미원에스씨,KOSPI,104900,93100,93100,106900
067160,SOOP,KOSDAQ GLOBAL,45500,45500,44700,46500
278280,천보,KOSDAQ,42850,38800,38300,43900
005389,현대차3우B,KOSPI,224000,225000,218000,225000
009410,태영건설,KOSPI,1745,1659,1632,1806
475960,토모큐브,KOSDAQ,38500,36300,34650,38850
005810,풍산홀딩스,KOSPI,35550,35250,34750,36100
161000,애경케미칼,KOSPI,10470,9990,9890,10470
168360,펨트론,KOSDAQ,23150,19900,19900,23150
031430,신세계인터내셔날,KOSPI,14490,14350,14040,15290
284740,쿠쿠홈시스,KOSPI,22550,22150,21800,22600
003545,대신증권우,KOSPI,20050,19910,19760,20200
200710,에이디테크놀로지,KOSDAQ,37400,33550,33050,39400
003300,한일홀딩스,KOSPI,16240,16070,15750,16500
368770,파이버프로,KOSDAQ,15190,14200,14100,15320
230360,에코마케팅,KOSDAQ,16000,0,0,0
448730,삼성FN리츠,KOSPI,5430,4895,4815,5500
014830,유니드,KOSPI,73000,65600,64600,73400
452260,한화갤러리아,KOSPI,2540,2470,2430,2650
089010,켐트로닉스,KOSDAQ,29300,27300,26500,29300
377740,바이오노트,KOSPI,4810,4635,4610,4810
002240,고려제강,KOSPI,18130,18290,17800,18290
211050,인카금융서비스,KOSDAQ,9830,9110,9110,9830
340570,티앤엘,KOSDAQ,59200,58400,56000,61500
030520,한글과컴퓨터,KOSDAQ GLOBAL,19890,18780,18400,20100
099190,아이센스,KOSDAQ,16590,16720,16080,16880
020000,한섬,KOSPI,22200,22600,21900,22700
160980,싸이맥스,KOSDAQ,43550,40050,39200,44950
460930,현대힘스,KOSDAQ,13310,13110,12220,13420
019170,신풍제약,KOSPI,9010,8550,8450,9090
005420,코스모화학,KOSPI,12270,11080,10940,12270
448900,한국피아이엠,KOSDAQ,77500,76500,71500,78400
219130,타이거일렉,KOSDAQ,74500,63100,60400,76400
004710,한솔테크닉스,KOSPI,11540,10840,10350,12460
042000,카페24,KOSDAQ,19370,18310,18120,19370
001530,DI동일,KOSPI,22450,22050,22000,23000
356680,엑스게이트,KOSDAQ,16270,14900,14550,16640
006220,제주은행,KOSPI,12270,13260,12080,13950
039440,에스티아이,KOSDAQ,29900,26400,26000,30450
125490,한라캐스트,KOSDAQ,12690,11310,10570,13340
005945,NH투자증권우,KOSPI,24350,23900,23550,24450
036620,감성코퍼레이션,KOSDAQ,5030,4970,4905,5180
034310,NICE,KOSPI,12380,12810,12270,12820
034950,한국기업평가,KOSDAQ,100100,100700,100000,102300
460860,동국제강,KOSPI,9130,8910,8790,9130
145990,삼양사,KOSPI,43700,43300,41800,44150
271940,일진하이솔루스,KOSPI,12300,12400,12200,12640
003280,흥아해운,KOSPI,1851,1988,1841,2190
025980,아난티,KOSDAQ,4565,4295,4230,4565
024850,HLB이노베이션,KOSDAQ,13950,13860,12650,14540
041190,우리기술투자,KOSDAQ,5240,5100,5000,5240
110990,디아이티,KOSDAQ,23250,20900,20800,23650
016610,DB증권,KOSPI,10350,10100,10100,10490
008730,율촌화학,KOSPI,17700,17100,16610,17700
060280,큐렉소,KOSDAQ,10570,9750,9750,10570
372320,큐로셀,KOSDAQ,28600,27350,27150,28650
004690,삼천리,KOSPI,120000,116900,116600,120600
452280,한선엔지니어링,KOSDAQ,22600,21100,20000,22800
251970,펌텍코리아,KOSDAQ,35050,33250,32600,35400
114810,한솔아이원스,KOSDAQ,15400,13480,13300,15820
018290,브이티,KOSDAQ,12350,12330,12020,12410
200470,에이팩트,KOSDAQ,10170,8700,8520,10410
290550,디케이티,KOSDAQ,21450,20400,20200,21500
092190,서울바이오시스,KOSDAQ,9320,9200,8890,9720
000070,삼양홀딩스,KOSPI,55000,53500,53500,55800
095660,네오위즈,KOSDAQ,19730,19270,19130,20250
003000,부광약품,KOSPI,4325,4190,4085,4325
393890,더블유씨피,KOSDAQ GLOBAL,12600,12000,11510,13190
001200,유진투자증권,KOSPI,4395,4300,4240,4430
403550,쏘카,KOSPI,11200,10760,10630,11260
101160,월덱스,KOSDAQ,25700,25300,24100,26500
072710,농심홀딩스,KOSPI,90300,88000,86600,90300
009900,명신산업,KOSPI,7970,7880,7840,8080
079940,가비아,KOSDAQ,31000,29900,29600,31000
381970,케이카,KOSPI,8520,8310,8270,8520
011930,신성이엔지,KOSPI,20200,19340,18280,20300
029530,신도리코,KOSPI,42600,42200,41100,42950
417310,코람코더원리츠,KOSPI,10220,10020,10000,10230
130660,한전산업,KOSPI,12620,12340,12070,12700
078350,한양디지텍,KOSDAQ,26900,23400,22200,27450
078160,메디포스트,KOSDAQ,10450,9300,8840,10540
085910,네오티스,KOSDAQ,29600,27700,27150,30200
025320,시노펙스,KOSDAQ,4430,4120,4100,4460
241770,메카로,KOSDAQ,39950,37400,36750,40100
015360,INVENI,KOSPI,14870,14620,14200,14940
004700,조광피혁,KOSPI,60800,62300,60700,62300
052710,아모텍,KOSDAQ,27650,23800,22650,27800
215200,메가스터디교육,KOSDAQ GLOBAL,38900,37800,37500,39300
101930,인화정공,KOSDAQ,8730,8500,8210,8900
078130,국일제지,KOSDAQ,3560,3595,3440,3740
005950,이수화학,KOSPI,15220,12310,11910,15750
493280,아이엠바이오로직스,KOSDAQ,26900,26050,25000,26950
002030,아세아,KOSPI,193300,182800,177800,195900
002810,삼영무역,KOSPI,21550,22100,21400,22100
199800,툴젠,KOSDAQ,44200,43950,41900,44600
306200,세아제강,KOSPI,139000,140300,136700,140300
950210,프레스티지바이오파마,KOSPI,6540,6600,6400,6860
000157,두산2우B,KOSPI,439500,424000,402500,441500
0011T0,채비,KOSDAQ,8340,7810,7690,8350
013030,하이록코리아,KOSDAQ,33150,33250,32150,33250
006910,보성파워텍,KOSDAQ,7940,7710,7530,7980
027410,BGF,KOSPI,4070,4035,3930,4085
080580,오킨스전자,KOSDAQ,18470,16930,16350,19150
025900,동화기업,KOSDAQ GLOBAL,7680,7390,7230,7750
006405,삼성SDI우,KOSPI,239500,232500,217000,239500
145720,덴티움,KOSPI,44650,43400,43150,45300
012030,DB,KOSPI,1910,1810,1810,1983
092200,디아이씨,KOSPI,9800,8890,8690,9860
424870,이뮨온시아,KOSDAQ,4175,3995,3915,4180
016590,신대양제지,KOSPI,9450,9920,9010,9920
107640,한중엔시에스,KOSDAQ,41950,39450,39000,42000
064260,다날,KOSDAQ,5020,4910,4850,5020
138080,오이솔루션,KOSDAQ,30600,28000,27800,30600
017810,풀무원,KOSPI,9830,9310,9260,9840
010820,퍼스텍,KOSPI,7660,8320,7200,8330
090435,아모레퍼시픽우,KOSPI,35300,34750,34100,35350
060980,HL홀딩스,KOSPI,41000,40000,39650,41550
389500,에스비비테크,KOSDAQ,55700,52600,52000,56000
357120,코람코라이프인프라리츠,KOSPI,3795,3945,3750,4010
304360,에스바이오메딕스,KOSDAQ,29800,30200,28750,31250
097520,엠씨넥스,KOSPI,21200,20000,19930,21600
0120G0,삼양바이오팜,KOSPI,49400,47500,46350,49400
042520,한스바이오메드,KOSDAQ,25750,23200,22800,25950
065680,우주일렉트로,KOSDAQ,39700,38000,37000,40150
468530,프로티나,KOSDAQ,33150,30300,29650,33250
332570,PS일렉트로닉스,KOSDAQ,7810,7830,7520,8050
067630,HLB생명과학,KOSDAQ,2990,3055,2740,3085
144960,뉴파워프라즈마,KOSDAQ,8330,7800,7560,8370
354320,알멕,KOSDAQ,56800,51900,50400,58800
425040,티이엠씨,KOSDAQ,16970,15500,15010,17220
003800,에이스침대,KOSDAQ,32700,32650,32400,33200
092870,엑시콘,KOSDAQ,27650,24300,24100,28800
092790,넥스틸,KOSPI,13850,13980,13390,14200
287840,인투셀,KOSDAQ,23850,22650,22350,24000
079370,제우스,KOSDAQ,11550,10500,10290,13000
170900,동아에스티,KOSPI,36800,35900,35350,36850
105840,우진,KOSPI,17550,17360,16810,17640
117730,티로보틱스,KOSDAQ,15710,14940,14770,15710
243070,휴온스,KOSDAQ,29550,28450,27900,30000
394280,오픈엣지테크놀로지,KOSDAQ,13400,12680,12400,13650
477850,마키나락스,KOSDAQ,20100,19410,18670,20950
187660,페니트리움바이오,KOSDAQ,6340,6200,6000,6400
047920,HLB제약,KOSDAQ,10710,10820,9740,11100
254490,미래반도체,KOSDAQ,24300,22400,22250,25300
092230,KPX홀딩스,KOSPI,83000,80100,80000,84000
344820,KCC글라스,KOSPI,21950,22050,21300,22200
265520,AP시스템,KOSDAQ,23250,21900,21650,23600
215600,신라젠,KOSDAQ,2525,2425,2360,2550
119850,지엔씨에너지,KOSDAQ,21250,22600,20050,22600
078020,LS증권,KOSDAQ,6290,6170,6150,6340
183190,아세아시멘트,KOSPI,9550,9560,9300,9560
005610,삼립,KOSPI,40400,40000,39500,40450
010690,화신,KOSPI,9970,9900,9760,11300
029460,케이씨,KOSPI,31450,28600,28600,31550
069540,빛과전자,KOSDAQ,3325,3150,3100,3520
417840,저스템,KOSDAQ,15190,13900,13500,15390
126720,수산인더스트리,KOSPI,23950,23600,23100,24200
105630,한세실업,KOSPI,8490,8370,8310,8590
194370,제이에스코퍼레이션,KOSPI,11700,11450,11210,12000
179900,유티아이,KOSDAQ,17120,16700,16170,17560
482630,삼양엔씨켐,KOSDAQ,15450,14170,13800,15570
084110,휴온스글로벌,KOSDAQ,26600,25750,24950,27000
389650,넥스트바이오메디컬,KOSDAQ,40600,37550,37200,40850
455900,엔젤로보틱스,KOSDAQ,21950,21950,21000,22100
098070,한텍,KOSDAQ,30200,29750,28700,30550
206650,유바이오로직스,KOSDAQ,9140,9110,8840,9150
089590,제주항공,KOSPI,4150,4150,4090,4170
187870,디바이스,KOSDAQ,24300,21500,21000,25000
204620,글로벌텍스프리,KOSDAQ,4745,4655,4570,4765
036200,유니셈,KOSDAQ,10820,9660,9540,11090
015860,일진홀딩스,KOSPI,6720,6660,6520,6780
036890,진성티이씨,KOSDAQ,15050,14180,13890,15080
126560,현대퓨처넷,KOSPI,3035,3000,2940,3040
069080,웹젠,KOSDAQ GLOBAL,10660,10830,10450,11080
001940,KISCO홀딩스,KOSPI,23250,23050,22300,23850
488900,비츠로넥스텍,KOSDAQ,11290,10730,10480,11290
230240,에치에프알,KOSDAQ,24500,23100,23100,25300
484590,삼양컴텍,KOSDAQ,7900,9100,7880,9150
011760,현대코퍼레이션,KOSPI,24500,23500,23500,24700
016800,퍼시스,KOSPI,27950,27650,26450,28000
232530,이엠티,KONEX,12520,13990,12500,13990
234340,헥토파이낸셜,KOSDAQ,22950,22400,21750,23150
005720,넥센,KOSPI,6100,5900,5840,6100
086390,유니테스트,KOSDAQ,15100,13820,13100,15260
02826K,삼성물산우B,KOSPI,216500,210000,202000,219500
317330,덕산테코피아,KOSDAQ,15500,14020,14020,15500
456010,아이씨티케이,KOSDAQ,22600,22000,21700,22800
092460,한라IMS,KOSDAQ,18410,18850,18260,18870
091700,파트론,KOSDAQ GLOBAL,6290,6300,6130,6300
462350,이노스페이스,KOSDAQ,15050,14700,14600,15800
200880,서연이화,KOSPI,11590,11270,11190,11660
049070,인탑스,KOSDAQ,18200,18250,17600,18420
002710,TCC스틸,KOSPI,11940,11480,11360,12350
009290,광동제약,KOSPI,6280,5980,5980,6290
192650,드림텍,KOSPI,4515,4660,4415,4810
058430,포스코스틸리온,KOSPI,5190,5010,4920,5210
104700,한국철강,KOSPI,8520,8730,8270,8790
200670,휴메딕스,KOSDAQ,27600,26150,25750,27600
025860,남해화학,KOSPI,6230,6170,6040,6250
018250,애경산업,KOSPI,11700,11260,11060,11740
064820,케이프,KOSDAQ,9940,9880,9560,10020
000430,대원강업,KOSPI,4945,5190,4790,5690
376270,HEM파마,KOSDAQ,42450,44000,41150,44000
091810,트리니티항공,KOSPI,740,761,730,765
034830,한국토지신탁,KOSPI,1210,1188,1165,1216
136480,하림,KOSDAQ,2875,2775,2760,3175
078340,컴투스,KOSDAQ GLOBAL,25250,24250,23900,25300
441270,파인엠텍,KOSDAQ,7260,6960,6900,7270
228760,지노믹트리,KOSDAQ,12270,11850,11700,12470
314930,바이오다인,KOSDAQ,10230,9970,9640,10250
001390,KG케미칼,KOSPI,4505,4380,4330,4550
452430,사피엔반도체,KOSDAQ,36300,34600,33150,36750
002310,아세아제지,KOSPI,7580,7350,7250,7580
084690,대상홀딩스,KOSPI,8250,8070,7910,8300
203650,드림시큐리티,KOSDAQ,2925,2890,2760,3015
009160,SIMPAC,KOSPI,4535,4345,4340,4585
286940,롯데이노베이트,KOSPI,19560,19200,18880,19650
445090,에이직랜드,KOSDAQ,27050,25400,25050,27750
094360,칩스앤미디어,KOSDAQ,13740,12820,12820,13760
123890,한국자산신탁,KOSPI,2395,2200,2135,2445
236200,슈프리마,KOSDAQ,42000,40700,40700,42450
241520,DSC인베스트먼트,KOSDAQ,10980,10400,10230,10980
007690,국도화학,KOSPI,31450,31200,30150,31550
274090,켄코아에어로스페이스,KOSDAQ,21100,22450,18210,24150
033270,유나이티드제약,KOSPI,18250,18010,17850,18330
108670,LX하우시스,KOSPI,32200,31250,30750,32300
475400,씨메스로보틱스,KOSDAQ,24450,22850,22200,24800
036800,나이스정보통신,KOSDAQ,28700,27550,27500,29650
272110,케이엔제이,KOSDAQ,35650,31600,31600,36400
042370,비츠로테크,KOSDAQ,10870,10430,10320,10940
089980,상아프론테크,KOSDAQ,17780,17450,17030,17780
043150,바텍,KOSDAQ,19080,18450,18240,19080
084010,대한제강,KOSPI,8240,7720,7720,8380
078520,에이블씨엔씨,KOSPI,10880,10330,10100,10880
001230,동국홀딩스,KOSPI,1817,1800,1733,1850
101730,위메이드맥스,KOSDAQ,3365,3265,3180,3435
024720,콜마홀딩스,KOSPI,8190,7910,7900,8220
025770,한국정보통신,KOSDAQ,7490,7410,7400,7710
051500,CJ프레시웨이,KOSDAQ,23600,23450,22900,23900
001750,한양증권,KOSPI,22000,21900,21600,22150
061970,LB세미콘,KOSDAQ,4820,4290,4180,5050
099430,바이오플러스,KOSDAQ,4540,4500,4410,4575
000650,천일고속,KOSPI,195700,199000,189500,204500
003720,삼영,KOSPI,8210,8090,7850,8250
096760,JW홀딩스,KOSPI,3775,3710,3660,3850
037710,광주신세계,KOSPI,36550,35500,34800,36950
450950,아스테라시스,KOSDAQ,7400,7020,6820,7440
200130,콜마비앤에이치,KOSDAQ GLOBAL,9390,9600,8710,10090
035810,이지홀딩스,KOSDAQ,4280,4260,4200,4350
378340,필에너지,KOSDAQ,12750,11960,11890,12800
064850,에프앤가이드,KOSDAQ,24150,24850,22900,24850
272450,진에어,KOSPI,5270,5350,5210,5350
352480,씨앤씨인터내셔널,KOSDAQ,20100,19260,18900,20800
035600,KG이니시스,KOSDAQ,9940,9700,9610,9980
900140,엘브이엠씨홀딩스,KOSPI,1410,1403,1387,1419
017390,서울가스,KOSPI,54900,54300,53600,55000
215000,골프존,KOSDAQ GLOBAL,43250,44150,41000,45500
151860,KG에코솔루션,KOSDAQ,5680,5350,5210,5880
092730,네오팜,KOSDAQ,16850,16750,16420,16880
388790,라이콤,KOSDAQ,8790,7080,7080,9200
112290,와이씨켐,KOSDAQ,13300,12580,11730,13380
194700,노바렉스,KOSDAQ,14710,14390,14200,14830
309710,아이티켐,KOSDAQ,21000,0,0,0
298830,슈어소프트테크,KOSDAQ,5020,4830,4815,5150
003920,남양유업,KOSPI,44600,41200,41200,44600
046970,우리로,KOSDAQ,6100,5820,5810,6320
054950,제이브이엠,KOSDAQ,22000,21700,21300,22000
017860,DS단석,KOSPI,14950,16030,14850,16500
182400,엔케이젠바이오텍코리아,KOSDAQ,3670,0,0,0
078150,HB테크놀러지,KOSDAQ,2860,2690,2655,2905
322310,오로스테크놀로지,KOSDAQ,28200,24800,24000,29550
144510,지씨셀,KOSDAQ,16690,16180,15900,16700
036710,심텍홀딩스,KOSDAQ,4975,4385,4360,5280
005680,삼영전자,KOSPI,13120,12570,12250,13390
023410,유진기업,KOSDAQ,3390,3330,3310,3445
036170,에이치엠넥스,KOSDAQ,4265,4330,4060,4490
365270,큐라클,KOSDAQ,11850,11050,10500,11850
051360,토비스,KOSDAQ,17500,17000,16710,17610
058970,엠로,KOSDAQ,21100,20400,19090,21350
419530,SAMG엔터,KOSDAQ,26000,23400,23400,26400
003120,일성아이에스,KOSPI,19600,19100,18100,19840
900290,GRT,KOSDAQ,3185,3170,3015,3205
355150,코스텍시스,KOSDAQ,33400,31250,30550,33750
220100,퓨쳐켐,KOSDAQ,11600,11140,10950,11600
180400,DXVX,KOSDAQ,2640,2545,2540,2680
0082N0,카나프테라퓨틱스,KOSDAQ,19550,18450,17870,19750
041920,메디아나,KOSDAQ,13880,12800,12500,13960
005010,휴스틸,KOSPI,4590,4655,4410,4685
0001A0,덕양에너젠,KOSDAQ,10360,9860,9850,10370
004360,세방,KOSPI,13490,13400,13020,13490
448280,에코아이,KOSDAQ,8700,8830,8580,8830
267980,매일유업,KOSDAQ,33600,32850,32650,33600
404990,신한서부티엔디리츠,KOSPI,4205,4240,4100,4790
242040,나무기술,KOSDAQ,7440,7470,6990,8070
073490,LIG아큐버,KOSDAQ,33850,31400,31400,34250
472850,폰드그룹,KOSDAQ,4470,4420,4135,4525
001340,PKC,KOSPI,5710,5470,5320,5775
121800,비덴트,KOSDAQ,3320,0,0,0
053030,바이넥스,KOSDAQ,7820,7560,7200,8300
026890,스틱인베스트먼트,KOSPI,6590,6950,6370,6950
122900,아이마켓코리아,KOSPI,7630,7300,7250,7710
060720,KH바텍,KOSDAQ,10760,10290,10160,10760
251370,와이엠티,KOSDAQ,14090,12200,12040,14150
217730,강스템바이오텍,KOSDAQ,2695,2415,2380,2750
002900,TYM,KOSPI,6120,5950,5810,6120
377460,큐에이드,KOSDAQ,4080,0,0,0
314130,지놈앤컴퍼니,KOSDAQ,5630,5770,5410,5950
005500,삼진제약,KOSPI,18890,18400,18310,18890
389260,대명에너지,KOSDAQ,14020,16200,13350,16400
114190,강원에너지,KOSDAQ,9610,9040,9020,9800
478340,나라스페이스테크놀로지,KOSDAQ,21750,20250,19800,22250
005430,한국공항,KOSPI,79200,73500,73400,79900
318060,그래피,KOSDAQ,22400,21000,20500,22900
002320,한진,KOSPI,16060,15900,15700,16070
043370,피에이치에이,KOSDAQ,11860,11880,11290,11880
950170,JTC,KOSDAQ,4805,4860,4745,4900
011500,한농화성,KOSPI,15890,15350,14910,15890
004430,송원산업,KOSPI,10300,10010,9880,10430
159010,아스플로,KOSDAQ,18520,18800,18010,19800
065660,안트로젠,KOSDAQ,24650,23800,23500,25000
017890,한국알콜,KOSDAQ,11570,12600,11370,12600
125020,티씨머티리얼즈,KOSDAQ,7020,6920,6460,7090
0008Z0,에스엔시스,KOSDAQ,26000,25650,24900,26600
003200,일신방직,KOSPI,10670,10530,10400,10990
459510,나우로보틱스,KOSDAQ,18760,17650,17650,18760
061090,세나테크놀로지,KOSDAQ,43300,39200,38800,43950
000680,LS네트웍스,KOSPI,3060,3075,3020,3150
357550,석경에이티,KOSDAQ,44000,42800,42050,45000
084850,아이티엠반도체,KOSDAQ GLOBAL,10580,10510,10320,10820
098120,마이크로컨텍솔,KOSDAQ,28750,27000,26300,29200
014940,오리엔탈정공,KOSDAQ,5240,5060,4955,5260
082800,비보존 제약,KOSDAQ,3925,3645,3615,4235
037270,YG PLUS,KOSPI,3740,3450,3435,3780
475560,더본코리아,KOSPI,16040,15520,15290,16140
046120,오르비텍,KOSDAQ,7010,6710,6610,7040
394800,쓰리빌리언,KOSDAQ,7440,7030,6880,7460
108860,셀바스AI,KOSDAQ,8780,8830,8310,9180
0030R0,대신밸류리츠,KOSPI,3950,4050,3905,4090
065710,서호전기,KOSDAQ,45750,45000,43650,46400
000540,흥국화재,KOSPI,3655,3575,3405,3685
446540,메가터치,KOSDAQ,8070,6950,6550,8080
088260,이리츠코크렙,KOSPI,3700,3950,3610,3950
128820,대성산업,KOSPI,5180,5150,5040,5290
001250,GS글로벌,KOSPI,2835,2905,2740,3000
348950,제이알글로벌리츠,KOSPI,1182,0,0,0
040350,크레오에스지,KOSDAQ,11950,10170,10070,11950
011560,세보엠이씨,KOSDAQ,23100,22100,21500,23400
023760,한국캐피탈,KOSDAQ,738,719,710,743
334890,이지스밸류플러스리츠,KOSPI,3350,3265,3220,3560
010580,에스엠벡셀,KOSPI,2090,2015,2005,2110
290690,소룩스,KOSDAQ,4625,4360,4250,4750
018000,유니슨,KOSDAQ,894,896,876,912
094480,갤럭시아머니트리,KOSDAQ,5910,5720,5640,5930
003070,코오롱글로벌,KOSPI,9100,8660,8560,9100
093520,매커스,KOSDAQ,19430,19440,18700,19600
439090,마녀공장,KOSDAQ,14090,13510,13270,14090
416180,신성에스티,KOSDAQ,25550,24400,24400,25750
382900,범한퓨얼셀,KOSDAQ,26250,26850,25000,26850
308430,셀비온,KOSDAQ,17790,17010,17000,17900
003960,사조대림,KOSPI,25050,25100,25000,25950
000320,노루홀딩스,KOSPI,17250,17050,16510,17260
034120,SBS,KOSPI,12290,12360,12190,12370
432320,KB스타리츠,KOSPI,1512,1516,1402,1541
307180,아이엘,KOSDAQ,6180,6300,6060,6360
206640,바디텍메드,KOSDAQ,10390,10210,10120,10430
003520,영진약품,KOSPI,1241,1230,1208,1241
241590,화승엔터프라이즈,KOSPI,3735,3490,3445,3770
036030,케이티알파,KOSDAQ,4610,4500,4435,4630
243840,신흥에스이씨,KOSDAQ,5840,5750,5570,5840
100120,뷰웍스,KOSDAQ,25000,24650,24050,25300
000050,경방,KOSPI,8180,8050,8050,8260
001460,BYC,KOSPI,35900,35400,35300,37750
019010,베뉴지,KOSDAQ,4650,4675,4520,4875
244920,에이플러스에셋,KOSPI,9870,9700,9520,9990
357880,SKAI,KOSDAQ,4235,4500,4025,4500
091580,상신이디피,KOSDAQ,16730,16500,15730,16730
000480,CR홀딩스,KOSPI,4750,4610,4550,4785
033920,무학,KOSPI,7790,7750,7600,7800
044450,KSS해운,KOSPI,9610,9600,9450,9990
099440,스맥,KOSDAQ,3245,3145,3060,3250
190510,나무가,KOSDAQ,15690,15340,15090,15800
053300,한국정보인증,KOSDAQ,5430,5260,5160,5570
095500,미래나노텍,KOSDAQ,7100,6730,6670,7100
136490,선진,KOSPI,9250,9040,8920,9340
474650,링크솔루션,KOSDAQ,38250,37750,35000,39050
134380,미원화학,KOSPI,10000,10000,9960,10000
054210,이랜텍,KOSDAQ,8690,8410,8380,8730
067390,아스트,KOSDAQ,528,526,517,536
012860,모베이스전자,KOSDAQ,2990,2860,2810,2990
025000,KPX케미칼,KOSPI,50000,49500,49100,50000
294570,쿠콘,KOSDAQ,21650,20700,20600,21900
0015G0,그린광학,KOSDAQ,18650,18550,17710,18860
353810,이지바이오,KOSDAQ,6570,6570,6290,6570
003650,미창석유,KOSPI,124900,122000,118100,126000
389020,자람테크놀로지,KOSDAQ,31350,30500,30050,31800
009680,모토닉,KOSPI,9940,9980,9900,10080
000490,대동,KOSPI,7490,7080,7080,7500
051370,인터플렉스,KOSDAQ,9250,8800,8660,9250
451760,컨텍,KOSDAQ,13290,13080,12200,13350
115450,HLB테라퓨틱스,KOSDAQ,2430,2500,2255,2525
461300,아이스크림미디어,KOSDAQ,16150,16100,15810,16220
03473K,SK우,KOSPI,380000,332500,331500,390000
018310,삼목에스폼,KOSDAQ,14600,15000,14410,15000
010955,S-Oil우,KOSPI,53300,52200,52200,54400
049630,재영솔루텍,KOSDAQ,9160,8550,8380,9460
210980,SK디앤디,KOSPI,11500,11410,11200,11710
030210,다올투자증권,KOSPI,3510,3450,3425,3540
006805,미래에셋증권우,KOSPI,15160,14910,14080,15160
226320,잇츠한불,KOSPI,9720,9400,9150,9720
035150,백산,KOSPI,10620,10440,10300,10670
138610,나이벡,KOSDAQ,18710,17840,17800,19100
051905,LG생활건강우,KOSPI,101000,100100,99100,102100
084990,헬릭스미스,KOSDAQ,4585,4400,4357,4660
007160,사조산업,KOSPI,42150,42150,41000,42450
005710,대원산업,KOSDAQ,10510,10470,10210,10530
008490,서흥,KOSPI,18140,18000,17700,18400
068930,디지털대성,KOSDAQ,7570,7550,7490,7590
035510,신세계 I&C,KOSPI,14940,14500,14200,15300
003555,LG우,KOSPI,69300,67100,65800,69300
338840,와이바이오로직스,KOSDAQ,13550,12500,12500,13700
053210,스카이라이프,KOSPI,4375,4340,4265,4380
001790,대한제당,KOSPI,2410,2420,2310,2460
013120,동원개발,KOSDAQ,2285,2270,2235,2300
003220,대원제약,KOSPI,9240,9130,8880,9320
380540,옵티코어,KOSDAQ,8450,0,0,0
199820,제일일렉트릭,KOSDAQ,9300,9100,8870,9330
009470,삼화전기,KOSPI,31150,29100,28900,31350
494120,큐리오시스,KOSDAQ,27000,24200,24200,27050
013890,지누스,KOSPI,9360,9350,9140,9480
119610,인터로조,KOSDAQ,17950,16900,16320,18240
001630,종근당홀딩스,KOSPI,40850,40950,40050,41150
039570,HDC랩스,KOSPI,7780,7880,7700,7900
255220,SG,KOSDAQ,1834,1869,1805,1869
092070,디엔에프,KOSDAQ,17350,16890,16380,17560
088800,에이스테크,KOSDAQ,2655,2615,2450,2655
094820,일진파워,KOSDAQ,13260,12390,12300,13330
339770,교촌에프앤비,KOSPI,4000,4105,3935,4375
377190,디앤디플랫폼리츠,KOSPI,2260,2405,2180,2405
067080,대화제약,KOSDAQ,10720,10740,10360,10740
025560,미래산업,KOSPI,39200,36150,35600,40800
028100,동아지질,KOSPI,14900,14500,14270,14900
052330,코텍,KOSDAQ,11220,11220,10910,11280
045390,대아티아이,KOSDAQ,2820,2800,2760,2860
394420,리센스메디컬,KOSDAQ,18150,18670,17900,19390
122990,와이솔,KOSDAQ,7440,6800,6760,7440
382800,지앤비에스 에코,KOSDAQ,6200,5930,5640,6270
095570,AJ네트웍스,KOSPI,4355,4235,4235,4395
004980,성신양회,KOSPI,8020,7810,7800,8090
064550,바이오니아,KOSDAQ,7610,7250,7180,7620
036190,금화피에스시,KOSDAQ,32650,32700,32600,33750
304100,솔트룩스,KOSDAQ,15540,15300,13810,16500
457550,우진엔텍,KOSDAQ,21000,20600,20100,21500
214180,헥토이노베이션,KOSDAQ,15060,14960,14450,15080
121440,골프존홀딩스,KOSDAQ,4565,4620,4515,4652
007860,서연,KOSPI,8310,8190,8080,8380
053690,한미글로벌,KOSPI,17780,17380,16900,18030
117580,대성에너지,KOSPI,7080,7100,6890,7270
034810,해성산업,KOSDAQ,6160,6060,5990,6170
012210,삼미금속,KOSDAQ,8730,8690,8290,8730
102260,동성케미컬,KOSPI,3820,3695,3675,3840
256840,한국비엔씨,KOSDAQ,2830,2790,2770,2857
101360,에코앤드림,KOSDAQ,10870,11570,9280,12390
001130,대한제분,KOSPI,11410,11740,11370,11740
083310,엘오티베큠,KOSDAQ,10790,9930,9660,10800
036560,KZ정밀,KOSDAQ,12200,11620,11590,12320
149950,아바텍,KOSDAQ,14000,13350,12910,14280
126600,BGF에코머티리얼즈,KOSDAQ,3040,3060,2940,3060
237880,클리오,KOSDAQ,10540,10200,10110,10540
308080,바이젠셀,KOSDAQ,9270,9020,8920,9650
211270,AP위성,KOSDAQ,12590,11780,11570,12720
0088M0,메쥬,KOSDAQ,19210,18610,18000,19730
003547,대신증권2우B,KOSPI,19360,19330,19030,19500
016580,환인제약,KOSPI,10200,10070,9930,10230
402490,그린리소스,KOSDAQ,11200,10550,10500,11300
004560,현대비앤지스틸,KOSPI,12510,12310,12110,12560
003610,방림,KOSPI,5210,5150,5150,5280
083930,아바코,KOSDAQ,12830,12500,12450,12950
100250,진양홀딩스,KOSPI,2945,2955,2875,2960
192440,슈피겐코리아,KOSDAQ,30250,29150,28700,30250
0007C0,아크릴,KOSDAQ,23350,23450,22650,25000
016790,현대사료,KOSDAQ,994,0,0,0
481070,에이유브랜즈,KOSDAQ,13070,12130,12130,13820
432720,퀄리타스반도체,KOSDAQ,13200,12500,11950,13740
484810,티엑스알로보틱스,KOSDAQ,12110,11450,11260,12350
487570,HS효성,KOSPI,50200,50300,49000,50400
000140,하이트진로홀딩스,KOSPI,8050,8030,7940,8350
054450,텔레칩스,KOSDAQ,12330,11780,11420,12390
039830,오로라,KOSDAQ,17320,16760,16330,17330
001780,알루코,KOSPI,1925,1938,1875,1938
003350,한국화장품제조,KOSPI,8220,8250,8000,8250
405100,큐알티,KOSDAQ,15140,14450,13920,15200
066620,국보디자인,KOSDAQ,24700,22750,22550,24700
298690,에어부산,KOSPI,1585,1586,1520,1602
464080,에스오에스랩,KOSDAQ,10280,10000,9870,10410
024840,KBI메탈,KOSDAQ,4495,4505,4235,4825
126730,코칩,KOSDAQ,21000,19700,19420,21950
086820,바이오솔루션,KOSDAQ,7100,7100,6750,7680
474170,루미르,KOSDAQ,10330,10200,9680,10440
102460,이연제약,KOSPI,9900,9860,9610,9990
004310,현대약품,KOSPI,5730,5460,5380,5750
033530,SJG세종,KOSPI,6580,6620,6400,6630
024060,흥구석유,KOSDAQ,12170,13000,11980,13740
102120,어보브반도체,KOSDAQ,10240,9490,9480,10320
489500,엘케이켐,KOSDAQ,28400,26200,25650,28700
123860,아나패스,KOSDAQ,14970,14650,14510,15200
138360,앤로보틱스,KOSDAQ,2355,2365,2200,2420
418550,제이오,KOSDAQ,5660,5640,5300,5690
232680,라온로보틱스,KOSDAQ,13760,13170,12930,13985
484120,도우인시스,KOSDAQ,16520,15360,14750,16750
071200,인피니트헬스케어,KOSDAQ,7410,7220,7020,7450
216080,제테마,KOSDAQ,4840,4695,4570,4890
950140,잉글우드랩,KOSDAQ,9060,8980,8640,9150
402030,코난테크놀로지,KOSDAQ,14350,14450,14000,14890
039840,디오,KOSDAQ,13350,13200,12900,13350
032580,피델릭스,KOSDAQ,5380,4990,4900,5410
004380,삼익THK,KOSPI,8610,8880,8480,9200
123330,제닉,KOSDAQ,22300,22000,21400,22450
000390,SP삼화,KOSPI,6530,6170,6170,6530
002100,경농,KOSPI,9080,9000,8910,9110
234080,JW생명과학,KOSPI,11180,11000,10980,11600
108380,대양전기공업,KOSDAQ,18480,18400,17840,18520
176750,듀켐바이오,KOSDAQ,6180,6190,5940,6350
462860,더즌,KOSDAQ,2440,2490,2375,2490
140610,엔솔바이오사이언스,KONEX,12580,12960,12010,12960
013580,계룡건설,KOSPI,19560,19470,18960,19680
000300,DH오토넥스,KOSPI,4200,0,0,0
372170,윤성에프앤씨,KOSDAQ,21750,21000,20700,21950
003460,유화증권,KOSPI,3060,3050,3005,3060
084680,이월드,KOSPI,1218,1185,1179,1299
078070,유비쿼스홀딩스,KOSDAQ,10100,10000,9720,10130
126700,하이비젼시스템,KOSDAQ,11530,11000,10670,11780
146320,비씨엔씨,KOSDAQ,13460,12350,11980,13640
016450,한세예스24홀딩스,KOSPI,4300,4220,4220,4385
031440,신세계푸드,KOSPI,44200,43200,42000,44250
037560,LG헬로비전,KOSPI,2210,2140,2125,2215
044820,코스맥스비티아이,KOSPI,17790,17990,17410,17990
042420,네오위즈홀딩스,KOSDAQ,20950,20200,19450,21450
264450,유비쿼스,KOSDAQ,11600,11120,10900,11600
143240,사람인,KOSDAQ,15850,15150,15150,15850
012610,경인양행,KOSPI,4080,3955,3835,4080
194480,데브시스터즈,KOSDAQ,13930,13860,13570,14240
123410,코리아에프티,KOSDAQ,6060,5910,5820,6120
002150,도화엔지니어링,KOSPI,5000,5070,4995,5120
092130,이크레더블,KOSDAQ,13990,13850,13850,14030
462520,조선내화,KOSPI,14210,13960,13750,14210
041020,폴라리스오피스,KOSDAQ,3385,3250,3250,3425
080160,모두투어,KOSDAQ,8890,8880,8810,8970
000860,강남제비스코,KOSPI,12900,12800,12420,12990
001080,만호제강,KOSPI,4040,4425,3985,4425
418420,라온텍,KOSDAQ,5460,5300,5130,5530
039860,나노엔텍,KOSDAQ,4400,4200,4130,4415
458650,성우,KOSDAQ,11140,10470,10370,11220
024800,유성티엔에스,KOSDAQ,4500,4345,4210,4580
079960,동양이엔피,KOSDAQ,21200,21000,20450,21350
371950,풍원정밀,KOSDAQ,7350,6940,6800,7470
143160,아이디스,KOSDAQ,15500,15380,15190,15500
199430,케이엔알시스템,KOSDAQ,14900,13820,13700,14990
377450,리파인,KOSDAQ,9550,9300,9000,9590
226590,엠디바이스,KOSDAQ,15420,13990,13750,15650
400760,NH올원리츠,KOSPI,3005,3000,2975,3030
001045,CJ우,KOSPI,73000,73400,71800,73800
118990,모트렉스,KOSDAQ,6680,6520,6330,6720
119830,아이텍,KOSDAQ,6220,6050,5880,6370
403850,더핑크퐁컴퍼니,KOSDAQ,11420,11400,11010,11620
109740,디에스케이,KOSDAQ,6370,6490,6260,6580
015230,대창단조,KOSPI,6020,6060,5960,6100
417010,나노팀,KOSDAQ,8090,8020,7580,8270
032620,GC메디아이,KOSDAQ,3125,3045,3000,3125
048870,시너지이노베이션,KOSDAQ,1850,1748,1716,1850
049430,코메론,KOSDAQ,18000,17510,17490,18000
361390,제노코,KOSDAQ,16720,17000,15900,17280
101530,해태제과식품,KOSPI,5590,5570,5480,5620
488280,에스투더블유,KOSDAQ,15060,14150,14000,15080
058820,CMG제약,KOSDAQ,1100,1069,1049,1100
038390,레드캡투어,KOSDAQ,9720,9700,9530,9790
126640,화신정공,KOSDAQ,4610,5750,4475,5750
097955,CJ제일제당 우,KOSPI,121500,122000,120200,122700
445180,퓨릿,KOSDAQ,9370,8730,8500,9390
092220,KEC,KOSPI,4010,4065,3925,4140
012200,계양전기,KOSPI,5910,5860,5500,5930
473980,노머스,KOSDAQ,14500,12610,12250,14640
066410,버킷스튜디오,KOSDAQ,1153,0,0,0
086980,쇼박스,KOSDAQ,2545,2450,2450,2545
008350,남선알미늄,KOSPI,1235,1269,1172,1301
046070,코다코,KOSDAQ,10280,0,0,0
388050,지투파워,KOSDAQ,8470,8600,8170,8630
264850,이랜시스,KOSDAQ,5230,5200,5010,5250
293480,하나제약,KOSPI,8900,8850,8780,9020
023910,대한약품,KOSDAQ,26350,26100,26050,26550
046440,KG파이낸셜,KOSDAQ,4155,4155,4085,4185
007330,푸른저축은행,KOSDAQ,10450,10110,9900,10600
011785,금호석유화학우,KOSPI,52100,51000,50200,52200
270660,에브리봇,KOSDAQ,12380,11830,11730,12400
011040,경동제약,KOSDAQ,5100,5020,4950,5220
179290,엠아이텍,KOSDAQ,4845,4580,4460,4895
011690,와이투솔루션,KOSPI,4270,4110,4060,4270
114840,아이패밀리에스씨,KOSDAQ,9040,8770,8550,9100
007570,일양약품,KOSPI,8200,7980,7790,8220
452450,피아이이,KOSDAQ,4340,4325,4225,4500
090350,노루페인트,KOSPI,7810,7350,7270,8000
071840,롯데하이마트,KOSPI,6590,6500,6480,6730
104480,티케이케미칼,KOSDAQ,1709,1700,1669,1719
209640,와이제이링크,KOSDAQ,5460,5110,4910,5520
321550,티움바이오,KOSDAQ,5170,5580,4935,5580
077500,유니퀘스트,KOSPI,7170,6700,6610,7200
004090,한국석유,KOSPI,12160,12490,11820,12890
000520,삼일제약,KOSPI,7090,7000,6840,7110
042600,새로닉스,KOSDAQ,12350,12890,11680,12890
072870,메가스터디,KOSDAQ,12860,12870,12610,13020
002220,한일철강,KOSPI,5740,5740,5630,5850
106190,하이텍팜,KOSDAQ,14400,14370,13820,14450
016880,웅진,KOSPI,1915,1910,1812,1937
000970,한국주철관,KOSPI,6680,6600,6560,6730
380550,뉴로핏,KOSDAQ,12480,11500,11370,12590
083500,에프엔에스테크,KOSDAQ,18310,16900,16820,18960
460850,동국씨엠,KOSPI,5080,5090,5030,5170
086670,비엠티,KOSDAQ,15300,14890,14670,15380
049960,쎌바이오텍,KOSDAQ,16150,16650,15780,16650
003830,대한화섬,KOSPI,114300,110100,110100,115700
006060,화승인더,KOSPI,2735,2635,2550,2755
060150,인선이엔티,KOSDAQ,3320,3310,3265,3395
051980,중앙첨단소재,KOSDAQ,1360,1299,1268,1365
025820,이구산업,KOSPI,4515,4400,4340,4515
260870,SK시그넷,KONEX,6940,6990,6700,6990
213500,한솔제지,KOSPI,6320,6330,6250,6340
067280,멀티캠퍼스,KOSDAQ,25200,24300,23950,25200
271980,제일약품,KOSPI,10150,10130,9850,10160
331920,셀레믹스,KOSDAQ,15170,14000,14000,15410
147830,제룡산업,KOSDAQ,7430,7280,7120,7500
002170,SYTS,KOSPI,49500,49550,49050,50900
000020,동화약품,KOSPI,5310,5200,5150,5380
293580,나우IB,KOSDAQ,1562,1538,1468,1571
093190,빅솔론,KOSDAQ,7700,7530,7450,7870
285490,노바텍,KOSDAQ,14000,13680,13460,14500
125210,아모그린텍,KOSDAQ,8960,8600,8340,9370
140670,알에스오토메이션,KOSDAQ,11490,11030,10980,11530
298000,효성화학,KOSPI,38900,0,0,0
105330,케이엔더블유,KOSDAQ,9170,9110,8850,9170
334970,프레스티지바이오로직스,KOSDAQ,1889,1846,1779,1891
260970,에스앤디,KOSDAQ,50600,48150,46450,52100
220260,켐트로스,KOSDAQ,4560,4275,4190,4560
00279K,아모레퍼시픽홀딩스3우C,KOSPI,20600,19900,19620,20700
005990,매일홀딩스,KOSDAQ,10980,10610,10450,10990
003480,한진중공업홀딩스,KOSPI,4940,4775,4765,4950
053080,케이엔솔,KOSDAQ,11220,10700,10300,11490
267320,나인테크,KOSDAQ,2535,2500,2430,2650
004970,신라교역,KOSPI,9090,9120,8910,9120
081000,일진다이아,KOSPI,10200,10000,9870,10200
000700,유수홀딩스,KOSPI,5560,5590,5480,5650
001540,안국약품,KOSDAQ,11080,10830,10560,11370
187790,나노,KOSDAQ,4685,4610,4410,4775
054800,아이디스홀딩스,KOSDAQ,13960,14120,13800,14130
004150,한솔홀딩스,KOSPI,3515,3390,3315,3535
293780,압타바이오,KOSDAQ,5120,5010,4910,5120
259630,엠플러스,KOSDAQ,11730,11220,11110,11940
282880,코윈테크,KOSDAQ,12230,12130,11670,12270
047310,파워로직스,KOSDAQ,3905,3710,3700,3930
234690,녹십자웰빙,KOSDAQ,7940,7850,7460,8010
321370,센서뷰,KOSDAQ,2760,2800,2520,2870
222040,코스맥스엔비티,KOSDAQ,6900,6770,6450,7150
017550,수산세보틱스,KOSPI,2280,2345,2265,2370
289080,SV인베스트먼트,KOSDAQ,2365,2300,2250,2370
036010,아비코전자,KOSDAQ,10660,9880,9500,10670
115500,케이씨에스,KOSDAQ,11780,11480,11210,11900
264660,씨앤지하이테크,KOSDAQ,14470,14000,13510,14620
142210,유니트론텍,KOSDAQ,6770,6200,6170,6810
289930,웨이비스,KOSDAQ,10670,10470,10100,10670
038290,마크로젠,KOSDAQ,12940,12900,12520,13260
073010,케이에스피,KOSDAQ,3490,3530,3395,3660
008970,KBI동양철관,KOSPI,1350,1308,1308,1390
018470,조일알미늄,KOSPI,1103,1110,1087,1119
299030,하나기술,KOSDAQ,17470,18330,17100,18350
094280,효성ITX,KOSPI,12050,11940,11940,12080
049720,고려신용정보,KOSDAQ,9730,9610,9570,9790
005960,동부건설,KOSPI,6040,6070,5890,6140
002990,금호건설,KOSPI,3700,3705,3615,3720
095700,제넥신,KOSDAQ,3020,2915,2900,3035
015890,태경산업,KOSPI,4685,4605,4605,4690
037350,성도이엔지,KOSDAQ,8990,8600,8320,9000
204610,티쓰리,KOSDAQ,2460,2490,2445,2560
023600,삼보판지,KOSDAQ,8520,8610,8450,8680
039560,다산네트웍스,KOSDAQ,3175,3130,3055,3190
011280,태림포장,KOSPI,1922,1788,1783,1967
0117P0,피스피스스튜디오,KOSDAQ,9590,10710,9500,11270
041440,현대에버다임,KOSDAQ,7590,7510,7450,7670
210540,디와이파워,KOSPI,12250,12140,11920,12350
217950,파마리서치바이오,KONEX,32300,32250,31700,32800
221800,지구홀딩스,KOSDAQ,8260,8350,7820,8600
066430,아이로보틱스,KOSDAQ,3430,3330,3210,3665
205500,넥써쓰,KOSDAQ,2090,1905,1745,2090
272550,삼양패키징,KOSPI,8890,8800,8700,8890
166480,코아스템켐온,KOSDAQ,2530,2460,2440,2565
021080,에이티넘인베스트,KOSDAQ,2785,2745,2710,2825
001520,동양,KOSPI,556,565,554,585
107590,미원홀딩스,KOSPI,57200,60200,57200,60200
037030,파워넷,KOSDAQ,5200,4930,4930,5340
005160,동국산업,KOSDAQ,2445,2440,2400,2495
163730,핑거,KOSDAQ,14090,12850,12420,14090
317400,자이에스앤디,KOSPI,3415,3390,3355,3465
269620,시스웍,KOSDAQ,889,0,0,0
108230,톱텍,KOSDAQ,3470,3420,3280,3490
307750,국전,KOSDAQ,2440,2260,2165,2450
086890,이수앱지스,KOSDAQ,3230,3140,3140,3265
408920,메쎄이상,KOSDAQ,3030,3010,2960,3090
032940,원익,KOSDAQ,7200,6570,6410,7390
013990,아가방컴퍼니,KOSDAQ,3980,4395,3955,4420
214420,토니모리,KOSPI,5440,5340,5250,5440
069510,에스텍,KOSDAQ,11990,11760,11480,12100
037070,파세코,KOSDAQ,6500,6450,6300,6640
004080,신흥,KOSPI,13770,13520,13520,14080
078000,텔코웨어,KOSPI,13980,13600,13530,14490
056090,시지메드텍,KOSDAQ,1250,1209,1199,1252
217270,넵튠,KOSDAQ,2745,2740,2680,2770
089470,HDC현대EP,KOSPI,4015,3950,3845,4045
240550,동방메디컬,KOSDAQ,6110,5890,5750,6250
297890,HB솔루션,KOSDAQ,1745,1725,1707,1760
009070,KCTC,KOSPI,4245,4155,4110,4260
469610,이노테크,KOSDAQ,14230,13410,13100,14350
136540,윈스테크넷,KOSDAQ,10360,10180,10050,10430
002780,진흥기업,KOSPI,874,883,852,884
263860,지니언스,KOSDAQ,14000,13760,13410,14020
059120,아진엑스텍,KOSDAQ,6940,6490,6470,6960
350520,이지스레지던스리츠,KOSPI,3445,3440,3390,3485
256940,킵스파마,KOSDAQ,6300,6250,6010,6430
017510,세명전기,KOSDAQ,8290,8150,7940,8300
101170,우림피티에스,KOSDAQ,9360,9130,8680,9420
001360,삼성제약,KOSPI,1340,1330,1299,1349
214390,경보제약,KOSPI,5260,5360,5160,5370
036690,코맥스,KOSDAQ,2885,0,0,0
024090,디씨엠,KOSPI,10990,10950,10900,11140
148150,세경하이테크,KOSDAQ,3515,3355,3330,3525
016740,두올,KOSPI,4355,4380,4300,4505
300080,플리토,KOSDAQ,7540,7350,7110,7540
009270,신원,KOSPI,1083,1039,1039,1110
079430,현대리바트,KOSPI,6170,6240,6100,6240
0011A0,액스비스,KOSDAQ,13290,12950,12440,13380
008040,사조동아원,KOSPI,878,883,871,920
115310,인포바인,KOSDAQ,7760,7580,7490,7890
019180,티에이치엔,KOSPI,6880,6790,6600,6970
002460,HS화성,KOSPI,12180,10140,9960,12600
067990,도이치모터스,KOSDAQ,4235,4220,4175,4260
122450,KX,KOSDAQ,2750,2645,2645,2750
014710,사조씨푸드,KOSPI,7150,7380,7050,7380
036630,세종텔레콤,KOSDAQ,12310,11800,11570,12950
340450,지씨지놈,KOSDAQ,5200,5080,4925,5220
158430,아톤,KOSDAQ,5020,4880,4865,5090
007540,샘표,KOSPI,42550,41900,41450,42550
095190,신화프리텍,KOSDAQ,1875,1848,1779,1942
101970,우양에이치씨,KOSDAQ,8270,8630,8160,8690
080420,모다이노칩,KOSDAQ,1529,1524,1452,1529
205100,엑셈,KOSDAQ,1723,1719,1690,1730
013520,화승코퍼레이션,KOSPI,2425,2340,2260,2490
003100,선광,KOSDAQ,18390,18000,17900,18600
035000,HS애드,KOSPI,7440,7340,7290,7450
020120,키다리스튜디오,KOSPI,3250,3100,3100,3275
014280,금강공업,KOSPI,4095,4070,3970,4100
306620,지아이에스,KOSDAQ,2500,2315,2290,2550
453450,그리드위즈,KOSDAQ,15020,15230,14360,15530
192410,오늘이엔엠,KOSDAQ,4730,4420,4320,4740
089600,KT나스미디어,KOSDAQ,10280,10020,10020,10290
070960,모나용평,KOSPI,2470,2370,2370,2480
267290,경동도시가스,KOSPI,20150,19950,19950,20250
323990,박셀바이오,KOSDAQ,5090,4825,4660,5110
004960,한신공영,KOSPI,10230,10070,9940,10280
396300,세아메카닉스,KOSDAQ,4465,4500,4150,4500
336680,탑런토탈솔루션,KOSDAQ,3020,3000,2910,3065
021820,세원정공,KOSPI,11810,11570,11310,12240
297090,씨에스베어링,KOSDAQ,4325,4335,4150,4485
452190,한빛레이저,KOSDAQ,4930,4855,4550,4950
027970,한국제지,KOSPI,620,605,596,626
333430,일승,KOSDAQ,3835,3755,3635,3840
090850,현대이지웰,KOSDAQ,5240,5250,5210,5335
149980,하이로닉,KOSDAQ,5550,5470,5310,5580
047560,이스트소프트,KOSDAQ,9980,9850,9550,10050
323350,다원넥스뷰,KOSDAQ,14610,12560,12050,15130
474610,RF시스템즈,KOSDAQ,8180,8510,7790,8520
156100,엘앤케이바이오,KOSDAQ,5230,4980,4930,5230
235980,메드팩토,KOSDAQ,3410,3330,3175,3410
310200,애니플러스,KOSDAQ,2240,2170,2100,2285
008830,대동기어,KOSDAQ,12980,13510,12240,14180
950190,고스트스튜디오,KOSDAQ,8960,8790,8560,8960
0017J0,세미티에스,KOSDAQ,3870,4670,3810,4740
290740,액트로,KOSDAQ,11570,11390,11080,11700
027710,팜스토리,KOSDAQ,1045,1032,1025,1071
041520,이엘씨,KOSDAQ,9550,8900,8590,9600
088130,동아엘텍,KOSDAQ,6650,6430,6350,7000
041590,플래스크,KOSDAQ,2370,0,0,0
005800,신영와코루,KOSPI,12890,13120,12840,13500
263720,디앤씨미디어,KOSDAQ,9330,9260,8940,9500
123040,엠에스오토텍,KOSDAQ,1845,1816,1770,1859
012320,경동인베스트,KOSPI,48850,48000,47450,49250
014530,극동유화,KOSPI,3310,3305,3225,3395
054920,한컴위드,KOSDAQ,4080,4050,4000,4170
063570,NICE인프라,KOSDAQ,3365,3280,3275,3365
025620,차AI헬스케어,KOSPI,6310,6340,5900,6340
212560,네오오토,KOSDAQ,9700,9490,9310,9800
004250,NPC,KOSPI,3120,3140,3075,3175
013310,아진산업,KOSDAQ,2950,2930,2895,2980
054050,NH농우바이오,KOSDAQ,7140,6960,6910,7150
068790,DMS,KOSDAQ,5070,4985,4870,5100
006620,동구바이오제약,KOSDAQ,4020,3895,3865,4035
067900,와이엔텍,KOSDAQ,6270,6110,6090,6270
290720,푸드나무,KOSDAQ,3215,2705,2705,3495
012800,대창,KOSPI,1250,1223,1222,1289
016710,대성홀딩스,KOSPI,7080,7110,6840,7110
228850,레이언스,KOSDAQ,6860,7000,6700,7000
950250,테라뷰,KOSDAQ,3200,3050,2930,3275
034590,인천도시가스,KOSPI,25950,25800,25600,26000
002450,삼익악기,KOSPI,1253,1260,1232,1260
002620,제일파마홀딩스,KOSPI,7100,7190,6870,7190
339950,아이비김영,KOSDAQ,2515,2510,2485,2555
475230,엔알비,KOSDAQ,10370,9590,9310,10370
053700,삼보모터스,KOSDAQ,4440,4400,4285,4495
172670,에이엘티,KOSDAQ,12560,11600,11270,12600
049520,유아이엘,KOSDAQ,3640,3600,3560,3690
018120,진로발효,KOSDAQ,16910,16700,16690,16950
062970,한국첨단소재,KOSDAQ,1957,2000,1900,2195
010100,한국무브넥스,KOSPI,3660,3660,3510,3660
417500,제이아이테크,KOSDAQ,3395,3235,3170,3450
307930,컴퍼니케이,KOSDAQ,7130,7150,6910,7240
004100,태양금속,KOSPI,3030,2915,2840,3125
203400,에이비온,KOSDAQ,1233,1250,1169,1328
396270,넥스트칩,KOSDAQ,3375,3340,3195,3375
051160,지어소프트,KOSDAQ,7170,7180,7040,7400
009580,무림P&P,KOSPI,1775,1735,1735,1785
054540,삼영엠텍,KOSDAQ,8510,8150,8020,8510
015590,DKME,KOSPI,2070,2080,1964,2150
322510,제이엘케이,KOSDAQ,4290,4100,4015,4520
322180,LS티라유텍,KOSDAQ,5260,5280,5100,5320
357580,아모센스,KOSDAQ,9300,8800,8740,9760
338220,뷰노,KOSDAQ,7830,7790,7460,7890
011810,STX,KOSPI,3530,0,0,0
040300,YTN,KOSDAQ,2295,2235,2235,2340
120030,조선선재,KOSPI,87000,84800,84700,87000
014580,태경비케이,KOSPI,3965,3865,3865,3990
214680,디알텍,KOSDAQ,1310,1340,1262,1367
073560,우리손에프앤지,KOSDAQ,1579,1548,1535,1584
234030,싸이닉솔루션,KOSDAQ,4630,4240,4210,4720
227840,현대코퍼레이션홀딩스,KOSPI,12000,12020,11820,12020
083420,그린케미칼,KOSPI,4545,4485,4440,4590
052260,현대바이오랜드,KOSDAQ,3635,3530,3530,3680
093640,케이알엠,KOSDAQ,3325,3190,3145,3430
009780,엠에스씨,KOSDAQ,6160,6050,6000,6160
255440,야스,KOSDAQ,8280,8200,7910,8430
071280,로체시스템즈,KOSDAQ,7060,6670,6490,7110
123690,한국화장품,KOSPI,6710,6500,6500,6720
002390,한독,KOSPI,7800,7760,7650,7900
381620,제닉스로보틱스,KOSDAQ,8180,7810,7750,8240
366030,공구우먼,KOSDAQ,4735,4525,4420,4800
475580,에이럭스,KOSDAQ,7850,7600,7360,7880
052900,KX하이텍,KOSDAQ,1462,1425,1414,1545
074430,아미노로직스,KOSDAQ,1214,1200,1197,1225
489460,바이오비쥬,KOSDAQ,7080,6820,6610,7250
396470,워트,KOSDAQ,6590,6080,6020,6620
040160,누리플렉스,KOSDAQ,8780,8280,8110,9090
021320,KCC건설,KOSDAQ,4935,4890,4730,4950
141000,비아트론,KOSDAQ,8710,8500,8310,8960
038540,상상인,KOSDAQ,1900,1861,1839,1909
078890,가온그룹,KOSDAQ,5700,5700,5600,5860
33626K,두산퓨얼셀1우,KOSPI,7840,8010,7570,8010
382840,원준,KOSDAQ,6860,6840,6710,7020
002230,피에스텍,KOSDAQ,5600,5650,5350,5810
115440,우리넷,KOSDAQ,9700,9110,8900,9900
084670,동양고속,KOSPI,36150,37400,35400,40500
248170,샘표식품,KOSPI,22900,22600,22450,23150
365330,에스와이스틸텍,KOSDAQ,2085,2045,2005,2095
086960,MDS테크,KOSDAQ,2470,2440,2400,2545
104460,디와이피엔에프,KOSDAQ,9880,9740,9530,9910
309960,LB인베스트먼트,KOSDAQ,4475,4440,4295,4475
107600,새빗켐,KOSDAQ,18390,18290,17600,18590
0004V0,엔비알모션,KOSDAQ,9950,10100,9540,10210
039340,한국경제TV,KOSDAQ,4695,4620,4565,4695
250060,모비스,KOSDAQ,3200,3015,3015,3215
451220,아이엠티,KOSDAQ,13070,11950,11900,13340
229500,노브메타파마,KONEX,8000,7810,7810,8320
131030,옵투스제약,KOSDAQ,5790,5800,5600,5830
215100,로보로보,KOSDAQ,5020,4985,4775,5060
044990,에이치엔에스하이텍,KOSDAQ,13280,12990,12320,13600
099750,이지케어텍,KOSDAQ,7470,7070,6990,7630
267850,아시아나IDT,KOSPI,9190,9150,8900,9240
035080,그래디언트,KOSDAQ,8900,8790,8520,8900
337930,젝시믹스,KOSDAQ,3425,3270,3205,3455
217820,원익피앤이,KOSDAQ,2140,2050,2010,2145
246710,티앤알바이오팹,KOSDAQ,2130,2020,1998,2130
023450,동남합성,KOSPI,29000,28750,28300,29250
065450,빅텍,KOSDAQ,3430,3570,3370,3580
109610,에스와이,KOSDAQ,2065,2100,2030,2135
119650,KC코트렐,KOSPI,918,0,0,0
005860,한일사료,KOSDAQ,2555,2480,2460,2725
264900,크라운제과,KOSPI,8030,8060,8030,8200
059210,메타바이오메드,KOSDAQ,3700,3455,3455,3710
049950,미래컴퍼니,KOSDAQ,11400,11200,10850,11410
047770,코데즈컴바인,KOSDAQ,2650,2540,2505,2690
007210,벽산,KOSPI,1534,1512,1503,1542
013570,디와이,KOSPI,3805,3765,3720,3830
246720,아스타,KOSDAQ,6070,0,0,0
225190,LK삼양,KOSDAQ,1409,1364,1338,1463
330730,스톤브릿지벤처스,KOSDAQ,5450,5300,5200,5520
182360,큐브엔터,KOSDAQ,6360,6130,5990,6380
094840,슈프리마에이치큐,KOSDAQ,10080,9980,9590,10280
007610,선도전기,KOSPI,5480,5120,5120,6200
096240,크레버스,KOSDAQ,9180,9030,9020,9250
025950,동신건설,KOSDAQ,11660,11260,10510,11660
000440,중앙에너비스,KOSDAQ,15700,16350,15200,16400
212710,아이에스티이,KOSDAQ,10150,8790,8290,10150
058850,KTcs,KOSPI,2355,2345,2310,2365
120240,대정화금,KOSDAQ,13560,12950,12830,13600
067830,세이브존I&C,KOSPI,2375,2380,2330,2385
457370,한켐,KOSDAQ,12090,12090,11400,13000
487580,폴레드,KOSDAQ,3865,3665,3600,3920
066790,씨씨에스,KOSDAQ,1493,0,0,0
173130,오파스넷,KOSDAQ,7440,7270,7250,7600
456070,이엔셀,KOSDAQ,8780,8500,8250,8780
001290,상상인증권,KOSPI,893,895,872,908
389030,지니너스,KOSDAQ,2880,2965,2775,2980
223250,드림씨아이에스,KOSDAQ,3930,3880,3765,3990
068240,다원시스,KOSDAQ,2530,0,0,0
360070,탑머티리얼,KOSDAQ,11770,11670,11240,12120
019680,대교,KOSPI,1137,1144,1107,1155
352090,스톰테크,KOSDAQ,3580,3590,3545,3645
493330,지에프아이,KOSDAQ,12450,12430,12230,12590
085670,뉴프렉스,KOSDAQ,3900,3820,3770,3970
100700,세운메디칼,KOSDAQ,2175,2155,2110,2180
008700,아남전자,KOSPI,1235,1160,1160,1242
282720,금양그린파워,KOSDAQ,7850,7910,7580,8300
048550,SM C&C,KOSDAQ,983,880,867,999
014790,HL D&I,KOSPI,2510,2500,2415,2615
023900,풍국주정,KOSDAQ,7530,7580,7430,7650
090470,제이스로보틱스,KOSDAQ,5420,4955,4805,5690
036580,팜스코,KOSPI,2570,2585,2515,2695
317770,엑스페릭스,KOSDAQ,2575,2500,2480,2595
096250,와이즈넛,KOSDAQ,7200,7230,7000,7230
032300,한국파마,KOSDAQ,8650,8610,8290,8780
0015S0,페스카로,KOSDAQ,9560,8820,8820,10320
002210,동성제약,KOSPI,973,0,0,0
413630,씨피시스템,KOSDAQ,2580,2585,2400,2595
039010,현대에이치티,KOSDAQ,10890,11200,10550,11350
136150,원일티엔아이,KOSDAQ,11200,10650,10650,11400
038110,에코플라스틱,KOSDAQ,2280,2165,2155,2380
226400,오스테오닉,KOSDAQ,4540,4400,4335,4540
331740,아우토크립트,KOSDAQ,9600,9430,9300,9770
129920,대성하이텍,KOSDAQ,5760,5860,5400,5990
078935,GS우,KOSPI,52500,52200,51100,52500
045970,코아시아,KOSDAQ,3550,3410,3315,3680
357230,에이치피오,KOSDAQ,2260,2225,2185,2260
217330,싸이토젠,KOSDAQ,4020,4010,3900,4065
047820,초록뱀미디어,KOSDAQ,3800,3625,3625,3960
001275,부국증권우,KOSPI,30900,30600,30600,31050
032560,황금에스티,KOSPI,5450,5390,5300,5490
004140,동방,KOSPI,1927,1883,1861,1940
078140,대봉엘에스,KOSDAQ,8310,8240,8100,8350
042510,라온시큐어,KOSDAQ,8290,8230,8190,8540
086710,선진뷰티사이언스,KOSDAQ,7530,7010,7010,7660
377480,마음AI,KOSDAQ,12920,12600,12600,14000
042500,링네트,KOSDAQ,4120,4055,4045,4250
035610,솔본,KOSDAQ,3355,3245,3220,3540
039980,폴라리스AI,KOSDAQ,6370,6210,6170,6520
036220,오상헬스케어,KOSDAQ,6400,6480,6100,6480
053260,금강철강,KOSDAQ,4890,4745,4655,4890
092040,아미코젠,KOSDAQ,1295,1218,1218,1295
029480,광무,KOSDAQ,1531,1516,1495,1550
006660,삼성공조,KOSPI,11230,11160,10820,11420
389140,포바이포,KOSDAQ,6390,6070,6050,6400
302550,리메드,KOSDAQ,2940,2825,2780,2950
265740,엔에프씨,KOSDAQ,5080,5130,4750,5130
288180,케이피항공산업,KOSDAQ,12270,10180,10130,12300
014440,영보화학,KOSPI,4535,4460,4400,4535
066980,한성크린텍,KOSDAQ,1744,1737,1710,1868
311320,지오엘리먼트,KOSDAQ,7170,6800,6580,7300
37550L,DL이앤씨2우(전환),KOSPI,42800,42050,40800,42800
303810,동국생명과학,KOSDAQ,2825,2695,2665,2880
950130,엑세스바이오,KOSDAQ,2565,2595,2480,2600
058860,KTis,KOSPI,2585,2570,2540,2590
052860,아이앤씨,KOSDAQ,5030,4905,4700,5320
100130,동국S&C,KOSDAQ,1568,1520,1470,1568
066310,큐에스아이,KOSDAQ,9660,9300,9130,9690
063080,컴투스홀딩스,KOSDAQ,13570,13530,13100,13740
023800,인지컨트롤스,KOSPI,5660,5850,5630,5850
023000,삼원강재,KOSPI,2250,2215,2215,2260
464490,쿼드메디슨,KOSDAQ,7780,7990,7440,7990
262260,에이프로,KOSDAQ,5920,5880,5530,6020
203690,아크솔루션스,KOSDAQ,4425,0,0,0
418470,KT밀리의서재,KOSDAQ,10410,10450,10290,10480
040420,정상제이엘에스,KOSDAQ,5680,5640,5600,5680
072020,중앙백신,KOSDAQ,9410,9400,9240,9600
298540,더네이쳐홀딩스,KOSDAQ,6120,5930,5830,6130
417970,모델솔루션,KOSDAQ,13850,12810,12450,13850
093920,서원인텍,KOSDAQ,4760,4640,4640,4770
131370,알서포트,KOSDAQ,1660,1651,1616,1660
004890,동일산업,KOSPI,36400,36000,35300,36550
363280,티와이홀딩스,KOSPI,1940,1940,1909,1950
066700,테라젠이텍스,KOSDAQ,2375,2400,2335,2450
014160,대영포장,KOSPI,813,802,788,838
030960,양지사,KOSDAQ,5480,5720,5440,6270
089230,THE E&M,KOSDAQ,2335,2410,2225,2410
011700,한신기계,KOSPI,2685,2600,2570,2690
330350,위더스제약,KOSDAQ,6590,6560,6440,6740
033290,로젠,KOSDAQ,1549,1590,1496,1612
131400,이브이첨단소재,KOSDAQ,1456,1439,1404,1478
443670,에스피소프트,KOSDAQ,3500,3350,3250,3560
362320,청담글로벌,KOSDAQ,4070,3965,3860,4110
009300,삼아제약,KOSDAQ,13510,13200,13110,13510
100590,머큐리,KOSDAQ,5020,4900,4750,5180
053580,웹케시,KOSDAQ,6640,6490,6360,6650
408470,한패스,KOSDAQ,8120,7830,7820,8300
117670,알파칩스,KOSDAQ,12880,13470,12250,13470
163560,동일고무벨트,KOSPI,6170,5980,5910,6190
412350,레이저쎌,KOSDAQ,5940,5650,5450,5950
011370,서한,KOSDAQ,848,849,827,856
063160,종근당바이오,KOSPI,15590,15440,15150,15730
036420,콘텐트리중앙,KOSPI,4440,4410,4050,4485
024880,케이피에프,KOSDAQ,4215,4120,4060,4245
063170,서울옥션,KOSDAQ,4780,4610,4570,4790
0007J0,인벤테라,KOSDAQ,10800,10500,10420,10860
043610,KT지니뮤직,KOSDAQ,1459,1439,1426,1469
005740,크라운해태홀딩스,KOSPI,5710,5610,5500,5750
024830,세원물산,KOSDAQ,10150,10200,10010,10200
008260,NI스틸,KOSPI,2960,2960,2890,2995
049080,기가레인,KOSDAQ,993,0,0,0
049180,셀루메드,KOSDAQ,1009,0,0,0
000590,CS홀딩스,KOSPI,72700,70500,70200,72700
017370,우신시스템,KOSPI,4580,4340,4300,4685
004650,창해에탄올,KOSDAQ,9120,9070,9060,9230
348350,위드텍,KOSDAQ,8400,8140,7940,8540
183490,엔지켐생명과학,KOSDAQ,990,0,0,0
002200,한국수출포장,KOSPI,2500,2500,2450,2510
059270,해성에어로보틱스,KOSDAQ,7500,7450,7220,7570
006840,AK홀딩스,KOSPI,6320,6390,6250,6400
011000,진원생명과학,KOSPI,918,902,880,952
004840,DRB동일,KOSPI,4320,4355,4235,4455
101330,모베이스,KOSDAQ,3590,3450,3380,3685
142280,녹십자엠에스,KOSDAQ,3465,3425,3350,3465
347890,엠엑스온,KOSDAQ,4890,4800,4750,4940
072950,빛샘전자,KOSDAQ,10300,9700,9530,10660
321260,프로이천,KOSDAQ,2940,2470,2405,2955
067000,조이시티,KOSDAQ,1185,1176,1150,1221
084650,랩지노믹스,KOSDAQ,1115,1299,1071,1351
130580,나이스디앤비,KOSDAQ,5370,5470,5350,5540
037760,쎄니트,KOSDAQ,2440,2355,2245,2440
139990,아주스틸,KOSPI,2130,2190,2125,2190
009190,대양금속,KOSPI,1875,1950,1690,1950
002600,조흥,KOSPI,137400,137700,135200,137900
066590,스모트로닉,KOSDAQ,2125,2040,1982,2130
058630,엠게임,KOSDAQ,4275,4360,4210,4360
439580,블루엠텍,KOSDAQ,2425,2240,2240,2480
007980,TP,KOSPI,1746,1729,1703,1746
225530,HC보광산업,KOSDAQ,2250,2230,2175,2250
253840,수젠텍,KOSDAQ,4875,4745,4700,4900
055490,테이팩스,KOSPI,17110,17010,16450,17150
175250,아이큐어,KOSDAQ,2170,0,0,0
251120,바이오에프디엔씨,KOSDAQ,9360,9090,8860,9520
040910,아이씨디,KOSDAQ,4475,4400,4220,4540
054670,대한뉴팜,KOSDAQ,5660,5600,5520,5750
019540,일지테크,KOSDAQ,6010,5940,5890,6120
124560,태웅로직스,KOSDAQ,2095,2020,1976,2100
412540,제일엠앤에스,KOSDAQ,3935,0,0,0
000230,일동홀딩스,KOSPI,7000,7000,6720,7070
001020,페이퍼코리아,KOSPI,2265,2235,2185,2410
004590,한국가구,KOSDAQ,5370,5450,5250,5460
065510,휴비츠,KOSDAQ,7000,7040,6920,7100
265560,영화테크,KOSDAQ,7500,7280,7180,7530
290660,다이나믹솔루션,KOSDAQ,939,0,0,0
041930,SY동아,KOSDAQ,5260,5280,5100,5280
052420,오성첨단소재,KOSDAQ,8200,8060,8040,8290
388870,파로스아이바이오,KOSDAQ,6170,6080,5830,6260
109070,주성코퍼레이션,KOSPI,1512,1503,1470,1550
001470,삼부토건,KOSPI,347,0,0,0
007110,일신석재,KOSPI,1028,1016,1000,1037
222160,NPX,KOSDAQ,8040,0,0,0
208370,셀바스헬스케어,KOSDAQ,3090,2985,2985,3130
084730,팅크웨어,KOSDAQ,7150,7130,6860,7150
054040,한국컴퓨터,KOSDAQ,4935,4815,4785,5020
007590,동방아그로,KOSPI,5820,5820,5780,5820
079810,APS이노베이션,KOSDAQ,3680,3575,3540,3690
432470,케이엔에스,KOSDAQ,9030,8690,8400,9050
011320,유니크,KOSDAQ,4095,4005,3965,4200
111380,동인기연,KOSPI,12900,12920,12620,12920
002700,신일전자,KOSPI,1128,1115,1114,1151
048530,인트론바이오,KOSDAQ,2555,2560,2475,2590
033340,좋은사람들,KOSDAQ,814,796,795,830
005870,휴니드,KOSPI,5580,5580,5420,5750
234300,에스트래픽,KOSDAQ,2885,2890,2815,2890
088390,이녹스,KOSDAQ,8350,8090,8080,8440
017480,삼현철강,KOSDAQ,5050,4990,4965,5090
476040,오가노이드사이언스,KOSDAQ,11840,11380,11300,12200
170030,현대공업,KOSDAQ,5070,4920,4895,5080
307870,비투엔,KOSDAQ,1044,1009,973,1060
009180,한솔로지스틱스,KOSPI,2750,2680,2620,2820
054620,APS,KOSDAQ,4205,4110,4040,4285
411080,샌즈랩,KOSDAQ,5060,5040,4905,5210
017650,대림제지,KOSDAQ,8790,8840,8580,8840
006090,사조오양,KOSPI,8190,8080,7990,8210
424960,스마트레이더시스템,KOSDAQ,4680,4800,4560,4800
189330,씨이랩,KOSDAQ,8220,8090,7800,8380
007815,코리아써우,KOSPI,26000,23800,23800,26000
475430,키스트론,KOSDAQ,4315,4210,4210,4380
110790,크리스에프앤씨,KOSDAQ,3285,3205,3205,3300
123010,알엔티엑스,KOSDAQ,2250,2265,2050,2360
036640,HRS,KOSDAQ,4700,4640,4485,4740
294630,서남,KOSDAQ,2915,2910,2725,2960
382480,지아이텍,KOSDAQ,1952,1920,1886,1956
024740,한일단조,KOSDAQ,2330,2410,2255,2530
019550,SBI인베스트먼트,KOSDAQ,944,879,869,1039
277880,티에스아이,KOSDAQ,3850,3740,3630,3880
060590,씨티씨바이오,KOSDAQ,3145,3125,3035,3170
413390,엠오티,KOSDAQ,6560,6390,6210,6790
320000,한울반도체,KOSDAQ,11360,11100,10580,12800
147760,피엠티,KOSDAQ,7000,6100,5850,7330
014970,삼륭물산,KOSDAQ,5100,5020,4980,5520
010280,아이티센엔텍,KOSDAQ,5790,5970,5620,5980
101670,하이드로리튬,KOSDAQ,1328,1285,1278,1375
010960,삼호개발,KOSPI,3125,3060,3055,3125
067570,엔브이에이치코리아,KOSDAQ,1787,1797,1759,1797
000105,유한양행우,KOSPI,63800,66300,62100,66300
096775,SK이노베이션우,KOSPI,60300,60500,58500,60600
013870,지엠비코리아,KOSPI,3925,3970,3865,3970
451250,삐아,KOSDAQ,7320,7170,7080,7400
419050,삼기에너지솔루션즈,KOSDAQ,1308,1270,1250,1309
302430,이노메트리,KOSDAQ,7590,7260,7150,7680
001560,제일연마,KOSPI,9800,9680,9650,9840
069730,DSR제강,KOSPI,5170,5080,5060,5170
463020,뉴엔AI,KOSDAQ,8380,8000,8000,8450
348150,고바이오랩,KOSDAQ,3830,3585,3585,3890
900250,크리스탈신소재,KOSDAQ,519,0,0,0
095720,웅진씽크빅,KOSPI,1307,1288,1274,1335
032540,TJ미디어,KOSDAQ,3550,3545,3430,3595
900260,로스웰,KOSDAQ,1611,1630,1606,1644
006890,태경케미컬,KOSPI,6380,6410,6300,6470
012700,리드코프,KOSDAQ,2825,2790,2750,2900
020710,시공테크,KOSDAQ,3690,3740,3665,3850
171120,라이온켐텍,KOSDAQ,2060,1998,1986,2080
238090,앤디포스,KOSDAQ,2425,2555,2300,2555
003580,HLB글로벌,KOSPI,1459,1495,1380,1500
006140,피제이전자,KOSDAQ,4970,4835,4740,4970
201490,미투온,KOSDAQ,2265,2180,2165,2290
058400,KNN,KOSDAQ,555,558,538,561
187420,HLB제넥스,KOSDAQ,2255,2225,2135,2260
208140,정다운,KOSDAQ,2240,2220,2205,2260
370090,퓨런티어,KOSDAQ,8550,8300,8240,8600
091120,이엠텍,KOSDAQ,4270,4200,4170,4350
011150,CJ씨푸드,KOSPI,2035,2000,1975,2075
002720,국제약품,KOSPI,3455,3400,3315,3470
0015N0,아로마티카,KOSDAQ,5740,5620,5420,5750
005750,대림바스,KOSPI,4395,4525,4255,4525
067290,JW신약,KOSDAQ,1301,1300,1270,1340
076610,해성옵틱스,KOSDAQ,1320,1385,1270,1385
261780,아리바이오랩,KOSDAQ,2695,2485,2335,2730
273640,와이엠텍,KOSDAQ,6590,6570,6410,6840
031820,아이티센씨티에스,KOSPI,5950,5790,5690,5980
102370,케이옥션,KOSDAQ,2645,2590,2555,2695
026150,특수건설,KOSDAQ,4100,4135,4015,4165
067170,오텍,KOSDAQ,2720,2095,1986,2720
234920,자이글,KOSDAQ,5310,0,0,0
001260,남광토건,KOSPI,7300,7080,7050,7300
048430,유라테크,KOSDAQ,6230,6060,6000,6280
126880,제이엔케이글로벌,KOSDAQ,3085,2890,2890,3090
217190,제너셈,KOSDAQ,5440,5310,5020,5620
453860,에이에스텍,KOSDAQ,11090,10900,10480,11120
228670,레이,KOSDAQ,4550,4665,4445,4790
000850,화천기공,KOSPI,32300,31800,31350,32300
347860,알체라,KOSDAQ,1720,1682,1630,1726
053280,예스24,KOSDAQ,2840,2745,2745,2845
216050,인크로스,KOSDAQ,5820,5550,5370,6250
033130,디지틀조선,KOSDAQ,1912,1825,1793,1931
111710,남화산업,KOSDAQ,3445,3395,3395,3460
340360,다보링크,KOSDAQ,1362,1305,1288,1379
460940,피앤에스로보틱스,KOSDAQ,5270,5000,5000,5340
067370,선바이오,KOSDAQ,5810,5800,5510,6000
004720,팜젠사이언스,KOSPI,3120,3000,2970,3200
299660,셀리드,KOSDAQ,2395,2370,2300,2450
448710,코츠테크놀로지,KOSDAQ,13350,13430,12820,13450
35320K,대덕전자1우,KOSPI,33650,31800,30150,34000
168330,내츄럴엔도텍,KOSDAQ,2220,2160,2115,2235
000180,성창기업지주,KOSPI,5040,4955,4950,5050
014470,부방,KOSDAQ,1169,1120,1115,1204
263800,데이타솔루션,KOSDAQ,4325,4300,4150,4335
094860,네오리진,KOSDAQ,1321,1380,1314,1380
041910,폴라리스AI파마,KOSDAQ,5280,5360,5070,5500
045660,에이텍,KOSDAQ,8480,8260,8170,8520
459100,위츠,KOSDAQ,5200,4965,4785,5240
081180,쎄크,KOSDAQ,7910,7440,7380,7980
100220,비상교육,KOSPI,5370,5330,5160,5450
478560,블랙야크아이앤씨,KOSDAQ,2700,2575,2550,2890
032850,비트컴퓨터,KOSDAQ,4195,4110,4100,4230
073640,테라사이언스,KOSDAQ,654,0,0,0
463480,모티브링크,KOSDAQ,5610,5010,5000,6130
128660,피제이메탈,KOSDAQ,2800,2895,2780,2895
036000,예림당,KOSDAQ,3015,2900,2900,3155
007460,에이프로젠,KOSPI,3095,3045,2965,3160
085310,엔케이,KOSPI,9350,9200,8980,9350
120115,코오롱인더우,KOSPI,25050,24400,23850,25050
196490,디에이테크놀로지,KOSDAQ,6090,0,0,0
204840,지엘팜텍,KOSDAQ,890,908,857,908
003780,진양산업,KOSPI,5300,5180,5140,5500
002800,신신제약,KOSDAQ,4535,4480,4350,4555
105740,디케이락,KOSDAQ,6750,6560,6460,6750
096350,대창솔루션,KOSDAQ,1861,1943,1800,1943
137950,제이씨케미칼,KOSDAQ,3070,3110,2925,3230
092300,현우산업,KOSDAQ,3390,3210,3200,3420
101140,인바이오젠,KOSPI,6800,6800,6500,6900
241690,유니테크노,KOSDAQ,2790,2745,2720,2790
016090,대현,KOSPI,1541,1531,1526,1554
043710,코스리거글로벌,KOSDAQ,3940,3940,3580,3940
443250,레뷰코퍼레이션,KOSDAQ,6120,5940,5810,6120
002795,아모레퍼시픽홀딩스우,KOSPI,10680,10370,10300,10680
079980,휴비스,KOSPI,1975,1952,1952,2020
038460,바이오스마트,KOSDAQ,2690,2630,2595,2710
391710,코닉오토메이션,KOSDAQ,1592,1550,1518,1592
338100,NH프라임리츠,KOSPI,3635,3600,3585,3680
018500,동원금속,KOSPI,1446,1363,1339,1471
003925,남양유업우,KOSPI,33750,33250,32250,33750
162300,신스틸,KOSDAQ,1627,1623,1600,1660
332370,아이디피,KOSDAQ,5080,5040,4975,5100
082850,우리바이오,KOSDAQ,1387,1368,1333,1390
153710,옵티팜,KOSDAQ,4580,4445,4390,4620
109860,동일금속,KOSDAQ,7380,7320,7200,7380
317830,에스피시스템스,KOSDAQ,6230,6210,5990,6250
081150,티플랙스,KOSDAQ,2765,2735,2645,2790
056360,코위버,KOSDAQ,6840,6590,6410,6900
038680,에스넷,KOSDAQ,3365,3360,3170,3445
013700,까뮤이앤씨,KOSPI,1121,1136,1104,1146
049480,오픈베이스,KOSDAQ,2130,2015,2015,2135
263600,덕우전자,KOSDAQ,4195,4090,4030,4280
039020,이건홀딩스,KOSDAQ,2955,2860,2820,2955
155660,DSR,KOSPI,4160,4125,4060,4160
025550,한국선재,KOSDAQ,2605,2535,2520,2615
097800,윈팩,KOSDAQ,2435,1850,1850,2435
373200,엑스플러스,KOSDAQ,2650,2450,2400,2700
007820,엠엑스로보틱스,KOSDAQ,3310,3300,3190,3365
299170,더블유에스아이,KOSDAQ,1595,1600,1524,1650
064800,포니링크,KOSDAQ,2590,2640,2570,2685
068290,삼성출판사,KOSPI,6620,6530,6350,6760
003310,대주산업,KOSDAQ,1870,1842,1771,1870
417790,트루엔,KOSDAQ,6320,6310,6000,6320
048770,TPC로보틱스,KOSDAQ,4205,4150,3950,4275
037440,희림,KOSDAQ,4720,4620,4570,4790
080010,이상네트웍스,KOSDAQ,6680,6600,6460,6690
000220,유유제약,KOSPI,3855,3840,3750,3870
039610,화성밸브,KOSDAQ,6300,6230,6120,6450
205470,휴마시스,KOSDAQ,2650,2605,2585,2725
140070,서플러스글로벌,KOSDAQ,1767,1786,1704,1848
347000,센코,KOSDAQ,1727,1670,1670,1735
315640,딥노이드,KOSDAQ,2220,2105,2105,2275
007280,한국특강,KOSPI,2140,2180,2035,2210
046210,HLB파나진,KOSDAQ,1427,1414,1389,1450
013360,일성건설,KOSPI,1202,1138,1126,1202
061250,화일약품,KOSDAQ,7700,7740,7450,7750
072130,유엔젤,KOSPI,5100,4950,4925,5180
083790,CG인바이츠,KOSDAQ,841,880,814,881
044340,위닉스,KOSDAQ,3595,3560,3505,3680
251630,브이원텍,KOSDAQ,4030,4100,3920,4100
060310,3S,KOSDAQ,1210,1134,1126,1247
191420,테고사이언스,KOSDAQ,7900,8320,7630,8320
311690,CJ 바이오사이언스,KOSDAQ,4900,4370,4370,5090
012790,신일제약,KOSDAQ,5340,5140,5140,5340
198440,강동씨앤엘,KOSDAQ,1050,1101,1012,1133
009770,삼정펄프,KOSPI,25550,25800,25500,25850
065530,와이어블,KOSDAQ,1330,1310,1299,1349
123420,위메이드플레이,KOSDAQ,6090,5880,5660,6090
215360,우리산업,KOSDAQ,6930,6980,6640,7000
048910,대원미디어,KOSDAQ,5030,4950,4850,5080
010770,평화홀딩스,KOSPI,4310,4345,4150,4350
033560,블루콤,KOSDAQ,3685,3525,3495,3770
033230,인성정보,KOSDAQ,1245,1242,1178,1250
246690,TS인베스트먼트,KOSDAQ,1317,0,0,0
155650,와이엠씨,KOSDAQ,3300,3240,3160,3300
001840,이화공영,KOSDAQ,2215,0,0,0
461030,아이엠비디엑스,KOSDAQ,4360,4060,4005,4615
214260,라파스,KOSDAQ,7000,7290,6810,7290
294090,이오플로우,KOSDAQ,1490,0,0,0
010240,흥국,KOSDAQ,5320,5300,5190,5330
215790,이노인스트루먼트,KOSDAQ,1545,1398,1393,1680
222110,팬젠,KOSDAQ,4600,4510,4375,4700
010660,화천기계,KOSPI,2820,2665,2665,2835
033320,제이씨현시스템,KOSDAQ,3240,3180,3135,3300
185490,아이진,KOSDAQ,1432,1411,1390,1446
005670,푸드웰,KOSDAQ,6190,6020,5750,6310
010040,한국내화,KOSPI,1507,1493,1460,1541
060570,드림어스컴퍼니,KOSDAQ,834,777,761,834
024910,경창산업,KOSDAQ,1723,1666,1646,1723
099220,SDN,KOSDAQ,950,915,915,960
053450,세코닉스,KOSDAQ,4165,4020,4020,4215
104620,노랑풍선,KOSDAQ,3665,3525,3475,3685
095270,웨이브일렉트로,KOSDAQ,4285,3950,3940,4400
006880,신송홀딩스,KOSPI,5200,5060,5030,5360
091440,한울소재과학,KOSDAQ,1842,1860,1800,1919
089850,유비벨록스,KOSDAQ,4155,4075,3960,4165
039420,케이엘넷,KOSDAQ,2660,2590,2565,2660
012690,모나리자,KOSPI,1669,1568,1568,1855
004780,대륙제관,KOSDAQ,3835,3860,3785,3860
024900,디와이덕양,KOSPI,1871,1817,1817,1906
009200,무림페이퍼,KOSPI,1462,1457,1440,1475
071090,하이스틸,KOSPI,3010,3015,2955,3080
070300,엑스큐어,KOSDAQ,1710,1316,1277,1710
043650,국순당,KOSDAQ,3400,3390,3335,3400
041460,한국전자인증,KOSDAQ,3195,3085,3030,3225
027830,대성창투,KOSDAQ,1123,1122,1100,1139
145170,노브랜드,KOSDAQ,3575,3635,3530,3720
088910,동우팜투테이블,KOSDAQ,2340,2280,2260,2480
136410,아셈스,KOSDAQ,5470,5370,5260,5570
134580,탑코미디어,KOSDAQ,1222,1281,1169,1281
246960,SCL사이언스,KOSDAQ,1770,1770,1725,1815
094850,참좋은여행,KOSDAQ,4300,4220,4190,4370
046940,우원개발,KOSDAQ,3330,3355,3195,3355
061040,알에프텍,KOSDAQ,6650,6460,6170,6670
004540,깨끗한나라,KOSPI,1610,1613,1589,1970
296160,프로젠,KONEX,3895,4025,3610,4025
109080,옵티시스,KOSDAQ,10610,10110,10110,10920
003010,혜인,KOSPI,4700,4675,4630,4765
049550,잉크테크,KOSDAQ,3045,3065,2990,3070
214270,FSN,KOSDAQ,1317,1344,1288,1345
045340,토탈소프트,KOSDAQ,6960,6920,6800,7060
004060,SG세계물산,KOSPI,2940,2850,2825,2940
036670,삼양케이씨아이,KOSDAQ,5280,5040,5020,5280
053050,지에스이,KOSDAQ,1983,1996,1951,2170
452400,이닉스,KOSDAQ,6540,6350,6200,6580
456570,아이엠지티,KONEX,11260,11270,10900,11270
384470,코어라인소프트,KOSDAQ,3300,3175,3090,3345
071670,에이테크솔루션,KOSDAQ,5920,5820,5690,5950
004440,삼일씨엔에스,KOSPI,4645,4605,4450,4680
175140,휴먼테크놀로지,KOSDAQ,2370,2275,2135,2380
111110,호전실업,KOSPI,6510,6430,6370,6510
008370,원풍,KOSDAQ,4910,4885,4820,4970
016600,큐캐피탈,KOSDAQ,4130,3405,3305,4180
094940,푸른로보틱스,KOSDAQ,7040,6510,6500,7090
088280,쏘닉스,KOSDAQ,3400,3430,3255,3535
396690,미래에셋글로벌리츠,KOSPI,1484,1453,1440,1495
331380,포커스에이아이,KOSDAQ,1808,1987,1800,1987
004770,써니전자,KOSPI,1646,1630,1611,1650
192250,케이사인,KOSDAQ,8270,8100,7990,8370
019990,에너토크,KOSDAQ,5980,5800,5650,5980
042110,에스씨디,KOSDAQ,1207,1193,1190,1218
053620,태양,KOSDAQ,6780,6520,6510,6780
333620,엔시스,KOSDAQ,5290,5170,5090,5290
099520,DGI,KOSDAQ,1284,0,0,0
036120,서울평가정보,KOSDAQ,1654,1680,1607,1684
075180,새론오토모티브,KOSPI,3025,2975,2920,3025
217500,러셀,KOSDAQ,1825,1825,1700,1834
129260,인터지스,KOSPI,1951,1901,1881,1989
241790,티이엠씨씨엔에스,KOSDAQ,5800,5580,5500,6000
317690,퀀타매트릭스,KOSDAQ,2880,2765,2710,2945
263690,디알젬,KOSDAQ,5120,4865,4845,5120
002630,오리엔트바이오,KOSPI,978,855,788,1030
271830,팸텍,KOSDAQ,1960,2260,1891,2430
027050,코리아나,KOSDAQ,1445,1434,1355,1455
245620,EDGC,KOSDAQ,415,0,0,0
016250,SGC E&C,KOSDAQ,11410,11420,11160,11420
073110,엘엠에스,KOSDAQ,6460,6470,6290,6600
039240,경남스틸,KOSDAQ,2130,2105,2090,2160
100030,인지소프트,KOSDAQ,17500,16980,16970,17660
378850,화승알앤에이,KOSPI,3025,2960,2915,3150
067920,이글루,KOSDAQ,5210,5240,4990,5240
250030,진코스텍,KONEX,19810,19990,18900,20000
198080,캐프,KOSDAQ,2655,2635,2565,2675
222420,쎄노텍,KOSDAQ,1180,1106,1077,1198
382150,온코크로스,KOSDAQ,4680,4595,4235,4745
092780,DYP,KOSPI,4325,4250,4200,4395
014950,삼익제약,KOSDAQ,5690,5610,5570,5810
347740,피엔케이피부임상연구센타,KOSDAQ,1897,1892,1830,1900
010470,오리콤,KOSDAQ,4730,4880,4630,4880
432430,와이랩,KOSDAQ,3430,3670,3370,3690
417860,오브젠,KOSDAQ,12050,13830,11860,15200
065440,이루온,KOSDAQ,2075,2065,2020,2140
064240,홈캐스트,KOSDAQ,1630,1611,1551,1680
294140,레몬,KOSDAQ,2520,2450,2330,2550
004830,덕성,KOSPI,3600,3535,3455,3600
163280,에어레인,KOSDAQ,4130,4010,4010,4155
007370,진양제약,KOSDAQ,3970,3930,3855,3975
180060,탑선,KONEX,6000,6000,5610,6000
0013V0,삼진식품,KOSDAQ,5650,5360,5250,5740
317850,대모,KOSDAQ,6730,6520,6510,6770
033310,엠투엔,KOSDAQ,1397,1404,1282,1421
054930,유신,KOSDAQ,18600,18760,18500,18960
446840,지슨,KOSDAQ,1008,1000,971,1008
340930,유일에너테크,KOSDAQ,806,0,0,0
452200,민테크,KOSDAQ,2290,2270,2175,2290
199550,레이저옵텍,KOSDAQ,3730,3375,3375,3730
273060,와이즈버즈,KOSDAQ,1096,1068,1042,1099
000725,현대건설우,KOSPI,52300,53400,51300,53700
092440,기신정기,KOSPI,1888,1893,1871,1895
217480,에스디생명공학,KOSDAQ,499,0,0,0
002760,보락,KOSPI,914,922,881,922
256630,포인트엔지니어링,KOSDAQ,4700,4375,4025,4700
036090,위지트,KOSDAQ,1381,1345,1335,1440
424980,마이크로투나노,KOSDAQ,9200,8420,8330,9600
372910,한컴라이프케어,KOSPI,1966,1901,1900,1980
360350,코셈,KOSDAQ,9440,9580,8700,9580
006980,우성,KOSPI,17510,17650,17480,18190
260930,씨티케이,KOSDAQ,2795,2610,2610,2870
001550,조비,KOSPI,10390,10100,10100,10570
006370,대구백화점,KOSPI,4975,5200,4610,5290
004450,삼화왕관,KOSPI,24950,24650,24300,25050
005305,롯데칠성우,KOSPI,69300,68600,67700,69600
009835,한화솔루션우,KOSPI,20850,20450,19950,20900
950220,네오이뮨텍,KOSDAQ,1600,1624,1505,1743
001465,BYC우,KOSPI,24900,25050,24000,25050
065130,탑엔지니어링,KOSDAQ,3350,3315,3215,3355
352910,오비고,KOSDAQ,4235,4080,4080,4275
214330,금호에이치티,KOSPI,2555,0,0,0
460470,아이빔테크놀로지,KOSDAQ,3525,3500,3325,3750
021050,서원,KOSPI,1122,1134,1109,1155
002410,범양건영,KOSPI,1935,0,0,0
291650,압타머사이언스,KOSDAQ,870,850,788,897
104540,코렌텍,KOSDAQ,4150,4020,3950,4370
317530,에피소드컴퍼니,KOSDAQ,3030,3060,2825,3080
480370,씨케이솔루션,KOSPI,1630,1669,1598,1670
040610,SG&G,KOSDAQ,3105,3105,3040,3155
023810,인팩,KOSPI,5290,5050,4850,5350
072470,우리산업홀딩스,KOSDAQ,2800,2605,2605,2820
001620,케이비아이동국실업,KOSPI,2375,2300,2290,2455
318160,셀바이오휴먼텍,KOSDAQ,5660,5790,5480,5800
050960,수산아이앤티,KOSDAQ,7810,7700,7520,7820
053350,이니텍,KOSDAQ,2385,2370,2320,2395
950200,소마젠,KOSDAQ,2730,2775,2670,2775
170790,파이오링크,KOSDAQ,8200,8080,7950,8250
015710,코콤,KOSDAQ,2990,2975,2850,2990
219550,디와이디,KOSDAQ,1355,1410,1301,1410
303360,프로티아,KOSDAQ,4055,4120,3970,4120
278650,HLB바이오스텝,KOSDAQ,2990,2970,2890,3005
003475,유안타증권우,KOSPI,4065,3985,3940,4065
038010,제일테크노스,KOSDAQ,5780,5900,5620,5900
299900,위지윅스튜디오,KOSDAQ,304,321,300,321
053270,구영테크,KOSDAQ,1896,1865,1854,1920
471820,셀로맥스사이언스,KOSDAQ,4590,4595,4570,4730
072990,에이치시티,KOSDAQ,3575,3520,3485,3610
159580,제로투세븐,KOSDAQ,2585,2525,2475,2590
082210,옵트론텍,KOSDAQ,1477,1422,1378,1530
096610,알에프세미,KOSDAQ,2965,0,0,0
348080,큐라티스,KOSDAQ,445,421,419,519
207760,미스터블루,KOSDAQ,616,598,586,619
060560,HC홈센타,KOSDAQ,2015,1817,1817,2015
004920,씨아이테크,KOSPI,980,976,950,1019
099410,동방선기,KOSDAQ,3650,3545,3420,3655
058730,다스코,KOSPI,2560,2535,2520,2750
025530,SJM홀딩스,KOSPI,3415,3400,3370,3545
020760,일진디스플,KOSPI,902,0,0,0
122310,제노레이,KOSDAQ,3495,3495,3400,3495
104040,디에스엠,KOSDAQ,1894,1999,1814,1999
007680,대원,KOSDAQ,3775,3920,3755,3965
123700,SJM,KOSPI,3245,3225,3185,3325
003465,유화증권우,KOSPI,2895,3140,2860,3140
066670,디티씨,KOSDAQ,2705,2480,2435,2720
177900,쓰리에이로직스,KOSDAQ,5250,5050,4900,5300
053980,오상자이엘,KOSDAQ,2660,2640,2550,2660
063440,SM Life Design,KOSDAQ,1113,1043,1031,1113
393970,대진첨단소재,KOSDAQ,2825,0,0,0
479960,위너스일렉,KOSDAQ,7350,7300,7080,7420
219420,링크제니시스,KOSDAQ,4390,4160,4100,4460
051390,YW,KOSDAQ,4425,4385,4130,4430
373160,데이원컴퍼니,KOSDAQ,3620,3530,3530,3810
435570,에르코스,KOSDAQ,6560,6010,6010,6620
460870,에스엠씨지,KOSDAQ,2480,2365,2280,2480
378800,샤페론,KOSDAQ,1075,1039,1005,1082
052220,iMBC,KOSDAQ,2150,2110,2070,2185
095910,에스에너지,KOSDAQ,1325,1355,1230,1400
440290,HB인베스트먼트,KOSDAQ,1795,1785,1720,1796
355390,크라우드웍스,KOSDAQ,3110,2710,2700,3450
290670,대보마그네틱,KOSDAQ,6260,6100,5960,6400
041650,상신브레이크,KOSPI,2290,2290,2235,2295
002140,고려산업,KOSPI,1970,1906,1898,2045
024950,삼천리자전거,KOSDAQ,3930,3525,3480,4450
189980,흥국에프엔비,KOSDAQ,1211,1180,1160,1215
068330,일신바이오,KOSDAQ,1099,1037,1037,1099
408900,스튜디오미르,KOSDAQ,1483,1353,1353,1483
321820,아티스트컴퍼니,KOSDAQ,3110,3030,3030,3300
000910,유니온,KOSPI,3100,3020,2920,3100
229000,젠큐릭스,KOSDAQ,2065,2110,2025,2175
314140,알피바이오,KOSDAQ,5580,5150,5070,6200
033170,시그네틱스,KOSDAQ,564,525,511,576
37550K,DL이앤씨우,KOSPI,22800,23250,21600,23950
054300,팬스타엔터프라이즈,KOSDAQ,832,831,800,855
051630,진양화학,KOSPI,2270,2055,1981,2500
317870,엔바이오니아,KOSDAQ,5430,5140,5140,5560
444530,심플랫폼,KOSDAQ,7480,7500,6990,7530
226330,신테카바이오,KOSDAQ,1975,1850,1843,1975
089790,제이티,KOSDAQ,4640,4250,4210,4715
277070,린드먼아시아,KOSDAQ,3495,3385,3385,3555
082660,코스나인,KOSDAQ,480,0,0,0
023350,한국종합기술,KOSPI,4360,4465,4250,4465
238120,얼라인드,KOSDAQ,3315,3200,3015,3360
418250,시큐레터,KOSDAQ,6550,0,0,0
065500,오리엔트정공,KOSDAQ,1432,1414,1371,1440
007530,와이엠,KOSDAQ,2135,2135,2040,2140
413640,비아이매트릭스,KOSDAQ,6590,6870,6340,6870
28513K,SK케미칼우,KOSPI,22450,21500,21200,22850
189690,포시에스,KOSDAQ,1738,1680,1670,1738
037330,인지디스플레,KOSDAQ,1080,1055,1048,1128
361570,알비더블유,KOSDAQ,1648,1555,1555,1648
094970,제이엠티,KOSDAQ,2825,2810,2775,2885
011390,부산산업,KOSPI,44800,44850,43900,45900
014190,원익큐브,KOSDAQ,1336,1303,1272,1354
090080,평화산업,KOSPI,860,849,836,888
065170,비엘팜텍,KOSDAQ,1688,1615,1602,1709
305090,마이크로디지탈,KOSDAQ,2530,2590,2390,2590
023440,제이스코홀딩스,KOSDAQ,521,0,0,0
179530,애드바이오텍,KOSDAQ,2380,2260,2090,2400
288620,에스프리즘,KOSDAQ,6710,6810,6560,6860
261520,이지스,KOSDAQ,4540,4405,4370,4660
466410,사이냅소프트,KOSDAQ,9260,9240,8880,9360
137080,나래나노텍,KOSDAQ,4210,4290,4120,4290
008420,문배철강,KOSPI,2265,2400,2250,2460
037230,한국팩키지,KOSDAQ,1557,1530,1505,1781
038070,서린바이오,KOSDAQ,4985,5000,4855,5030
069460,대호에이엘,KOSPI,2660,0,0,0
357250,미래에셋맵스리츠,KOSPI,1844,1840,1815,1844
053160,프리엠스,KOSDAQ,7670,7460,7150,7720
006125,SK디스커버리우,KOSPI,37350,36100,36100,37400
052790,액토즈소프트,KOSDAQ,4205,4230,4135,4260
014910,성문전자,KOSPI,2100,2090,1992,2125
393210,토마토시스템,KOSDAQ,2915,2900,2805,2965
104200,NHN벅스,KOSDAQ,3065,3010,2925,3070
459550,알트,KOSDAQ,1800,1914,1760,2005
056700,신화인터텍,KOSDAQ,1557,1544,1510,1561
047400,유니온머티리얼,KOSPI,1080,1055,1030,1083
173940,에프엔씨엔터,KOSDAQ,2945,2735,2650,2990
038060,루멘스,KOSDAQ,941,932,910,949
005030,부산주공,KOSPI,486,0,0,0
189860,서전기전,KOSDAQ,4645,4655,4445,4735
263020,디케이앤디,KOSDAQ,3245,3195,3180,3295
009320,아진전자부품,KOSPI,910,949,878,949
196300,HLB펩,KOSDAQ,4780,4925,4605,4985
074610,이엔플러스,KOSPI,5110,0,0,0
004910,조광페인트,KOSPI,3500,3400,3390,3620
190650,코리아에셋투자증권,KOSDAQ,7010,6890,6740,7010
000950,전방,KOSPI,26650,25550,25500,26650
419080,엔젯,KOSDAQ,4185,3955,3900,4185
143540,영우디에스피,KOSDAQ,1000,1023,980,1023
042940,상지건설,KOSDAQ,6530,6340,6030,6600
307280,원바이오젠,KOSDAQ,6280,6020,5860,6280
003080,SB성보,KOSPI,2225,2265,2175,2265
060850,영림원소프트랩,KOSDAQ,5460,5370,5270,5460
127980,화인써키트,KOSDAQ,3745,3675,3505,3800
232830,아이티센피엔에스,KOSDAQ,2680,2545,2425,2740
288330,파라택시스코리아,KOSDAQ,416,0,0,0
476080,M83,KOSDAQ,5460,5720,5390,5940
369370,블리츠웨이엔터테인먼트,KOSDAQ,882,894,872,928
006490,인스코비,KOSPI,297,298,290,310
200580,메디쎄이,KONEX,11770,11520,11420,11770
006920,모헨즈,KOSDAQ,4015,4450,3935,4570
066130,하츠,KOSDAQ,3425,3350,3345,3475
171010,램테크놀러지,KOSDAQ,3060,2965,2880,3070
037950,엘컴텍,KOSDAQ,2590,2500,2480,2590
129890,앱코,KOSDAQ,957,953,951,990
196450,코아시아씨엠,KOSDAQ,960,969,912,974
002920,유성기업,KOSPI,1664,1672,1661,1682
286750,나노실리칸첨단소재,KOSDAQ,1344,1345,1270,1350
465480,인스피언,KOSDAQ,4245,4125,4010,4245
017180,명문제약,KOSPI,1267,1283,1250,1283
420570,제이투케이바이오,KOSDAQ,7350,7230,7040,7350
351330,이삭엔지니어링,KOSDAQ,5180,4955,4915,5200
376930,노을,KOSDAQ,834,818,805,858
215380,우정바이오,KOSDAQ,2540,2455,2440,2560
153460,네이블,KOSDAQ,6540,6730,6400,6730
097870,효성오앤비,KOSDAQ,5020,4970,4940,5050
105550,엣지파운드리,KOSDAQ,544,538,525,546
178780,일월지엠엘,KOSDAQ,2285,2310,2265,2345
027740,마니커,KOSPI,1340,1061,990,1340
002290,삼일기업공사,KOSDAQ,3415,3435,3375,3470
114450,그린생명과학,KOSDAQ,2110,2005,2005,2110
234100,폴라리스세원,KOSDAQ,2890,2835,2765,2920
011230,삼화전자,KOSPI,2200,2135,2105,2490
050120,ES큐브,KOSDAQ,3105,2605,2275,3105
093240,형지엘리트,KOSPI,686,652,652,692
263810,상신전자,KOSDAQ,2635,2550,2550,2675
419120,산돌,KOSDAQ,2850,2850,2795,2885
355690,에이텀,KOSDAQ,4460,4535,4210,4650
052460,아이크래프트,KOSDAQ,2870,2765,2765,2900
025880,케이씨피드,KOSDAQ,2505,2455,2435,2545
140520,대창스틸,KOSDAQ,1974,1984,1962,1985
009140,경인전자,KOSPI,26500,26350,25450,26950
012280,영화금속,KOSPI,840,850,810,850
224110,에이텍모빌리티,KOSDAQ,8180,7750,7630,8300
090410,덕신이피씨,KOSDAQ,900,897,880,910
250000,보라티알,KOSDAQ,6140,6120,5940,6160
091590,남화토건,KOSDAQ,3530,3365,3320,3700
100660,서암기계공업,KOSDAQ,3285,3235,3110,3290
019490,엑시큐어하이트론,KOSPI,541,0,0,0
0010V0,제이피아이헬스케어,KOSDAQ,8090,8120,7730,8250
105760,포스뱅크,KOSDAQ,4050,4010,3910,4080
184230,SGA솔루션즈,KOSDAQ,2180,2205,2125,2235
122690,서진오토모티브,KOSDAQ,1773,1747,1706,1774
261200,덴티스,KOSDAQ,2585,2500,2485,2615
150900,파수AI,KOSDAQ,3490,3400,3275,3495
227950,엔투텍,KOSDAQ,1182,1088,1088,1224
049830,승일,KOSDAQ,6650,6570,6360,6660
215090,솔디펜스,KOSDAQ,1760,1635,1629,1760
072770,멤레이비티,KOSDAQ,980,1004,950,1004
376290,씨유테크,KOSDAQ,2300,2300,2170,2350
450330,하스,KOSDAQ,4955,4995,4805,5000
066900,디에이피,KOSDAQ,1780,1727,1702,1849
017040,광명전기,KOSPI,932,0,0,0
452300,캡스톤파트너스,KOSDAQ,2850,2710,2705,2855
290120,DH오토리드,KOSDAQ,2550,2535,2510,2585
221980,케이디켐,KOSDAQ,10000,10050,9900,10090
004410,서울식품,KOSPI,1017,1000,997,1022
127710,아시아경제,KOSDAQ,910,925,890,925
008870,금비,KOSPI,40050,40800,39600,41150
458350,에스팀,KOSDAQ,4610,4400,4375,4610
033830,티비씨,KOSDAQ,400,0,0,0
035460,기산텔레콤,KOSDAQ,2680,2615,2585,2720
220180,핸디소프트,KOSDAQ,1670,1672,1638,1672
263770,유에스티,KOSDAQ,1683,1694,1635,1705
089140,넥스턴앤롤코리아,KOSDAQ,2600,2475,2445,2630
297570,알로이스,KOSDAQ,1150,1205,1150,1237
133820,화인베스틸,KOSPI,1071,1017,1000,1075
050860,아세아텍,KOSDAQ,1766,1745,1701,1799
352700,씨앤투스,KOSDAQ,1512,1524,1504,1524
064090,인크레더블버즈,KOSDAQ,798,0,0,0
256150,한독크린텍,KOSDAQ,4725,4755,4670,4755
033540,파라텍,KOSDAQ,759,760,695,769
204020,그리티,KOSDAQ,2035,1950,1920,2035
011300,우성머티리얼스,KOSPI,2495,2550,2410,2575
069410,엔텔스,KOSDAQ,3855,3835,3715,3885
123570,이엠넷,KOSDAQ,1769,1727,1725,1770
218150,미래생명자원,KOSDAQ,1930,1969,1920,2485
051490,나라엠앤디,KOSDAQ,2770,2755,2690,2785
237820,플레이디,KOSDAQ,3055,3060,3000,3095
289220,자이언트스텝,KOSDAQ,1749,1754,1673,1754
221840,하이즈항공,KOSDAQ,2080,2035,1975,2085
044960,이글벳,KOSDAQ,3065,3030,3005,3080
332290,누보,KOSDAQ,969,963,935,981
026940,부국철강,KOSPI,1931,1925,1901,1944
311390,네오크레마,KOSDAQ,3045,3015,2900,3045
019770,서연탑메탈,KOSDAQ,3305,3170,3130,3305
122350,삼기,KOSDAQ,1004,976,935,1023
000215,DL우,KOSPI,22800,21450,21000,22900
200780,비씨월드제약,KOSDAQ,3600,3735,3205,3735
084870,TBH글로벌,KOSPI,1875,1737,1735,1888
260660,알리코제약,KOSDAQ,2500,2490,2415,2500
066360,체리부로,KOSDAQ,799,730,727,920
020180,대신정보통신,KOSDAQ,995,966,950,1020
087600,픽셀플러스,KOSDAQ,4680,4425,4325,4700
013000,세우글로벌,KOSPI,1326,1260,1251,1340
043340,에쎈테크,KOSDAQ,801,791,772,816
005320,온타이드,KOSPI,1110,1097,1077,1152
032960,동일기연,KOSDAQ,10780,10570,10430,11180
128540,에코캡,KOSDAQ,1421,1396,1380,1452
239890,피엔에이치테크,KOSDAQ,3810,3660,3550,3845
481850,신한글로벌액티브리츠,KOSPI,870,860,860,880
452160,제이엔비,KOSDAQ,3930,3985,3830,4060
198940,한주라이트메탈,KOSDAQ,1940,1931,1852,2005
469750,아이비젼웍스,KOSDAQ,1095,1093,1051,1143
011420,갤럭시아에스엠,KOSPI,1369,1328,1328,1449
101240,씨큐브,KOSDAQ,3315,3275,3215,3345
206560,덱스터,KOSDAQ,1481,1428,1399,1486
148250,알엔투테크놀로지,KOSDAQ,2760,2545,2445,2785
047080,한빛소프트,KOSDAQ,1510,1574,1467,1574
096630,에스코넥,KOSDAQ,2360,2400,2310,2400
206400,베노티앤알,KOSDAQ,998,991,910,998
086040,바이오톡스텍,KOSDAQ,2345,2270,2265,2380
219750,한국비티비,KOSDAQ,571,0,0,0
002880,디와이에이,KOSPI,796,752,748,849
049800,우진플라임,KOSPI,1860,1900,1816,1900
057540,옴니시스템,KOSDAQ,626,601,601,633
195500,마니커에프앤지,KOSDAQ,2320,1820,1770,2320
024120,KB오토시스,KOSDAQ,3220,3245,3160,3245
263700,케어랩스,KOSDAQ,1900,1805,1787,1984
022220,티케이지애강,KOSDAQ,712,700,680,721
049470,비트플래닛,KOSDAQ,1566,1629,1510,1633
014570,고려제약,KOSDAQ,3350,3250,3210,3375
134790,시디즈,KOSPI,18400,18250,18000,18790
010640,진양폴리,KOSPI,2200,2105,2085,2270
258610,케일럼,KOSDAQ,1006,1018,986,1060
088340,유라클,KOSDAQ,8400,8040,7800,8400
064480,브리지텍,KOSDAQ,3065,3000,2955,3085
290090,트윔,KOSDAQ,4920,4960,4900,4960
186230,그린플러스,KOSDAQ,3345,3360,3285,3365
335810,프리시젼바이오,KOSDAQ,1659,1833,1599,1836
000890,보해양조,KOSPI,1317,1292,1290,1350
081580,성우전자,KOSDAQ,2335,2370,2300,2390
089150,케이씨티,KOSDAQ,2105,2090,2040,2145
050110,캠시스,KOSDAQ,1234,1151,1125,1234
032790,엠젠솔루션,KOSDAQ,1404,1324,1241,1443
014990,인디에프,KOSPI,480,0,0,0
145270,케이탑리츠,KOSPI,750,766,742,766
046310,백금T&A,KOSDAQ,2195,2160,2107,2195
003060,에이프로젠바이오로직스,KOSPI,2500,2500,2490,2580
103840,우양,KOSDAQ,2200,2100,2100,2210
337840,유엑스엔,KONEX,7580,7200,6850,7600
284620,카이노스메드,KOSDAQ,1087,0,0,0
023960,에쓰씨엔지니어링,KOSPI,944,911,911,969
007120,미래아이앤지,KOSPI,1241,1249,1212,1249
153490,우리이앤엘하루틴,KOSDAQ,695,676,676,700
340810,시선AI,KOSDAQ,2620,2690,2550,2825
068940,셀피글로벌,KOSDAQ,778,0,0,0
011330,유니켐,KOSPI,396,435,391,552
079000,와토스코리아,KOSDAQ,4950,4985,4575,4985
052600,한네트,KOSDAQ,3080,3045,2940,3080
083550,케이엠,KOSDAQ,2615,2620,2550,2630
340440,세림B&G,KOSDAQ,1248,1310,1207,1516
900300,오가닉티코스메틱,KOSDAQ,91,0,0,0
057030,YBM넷,KOSDAQ,2170,2120,2100,2195
071850,캐스텍코리아,KOSDAQ,1457,1458,1370,1458
365590,하이딥,KOSDAQ,1140,1112,1090,1177
263050,유틸렉스,KOSDAQ,959,0,0,0
403490,우듬지팜,KOSDAQ,767,696,690,769
464280,티디에스팜,KOSDAQ,6370,6390,6360,6830
064520,테크엘,KOSDAQ,1570,1502,1465,1630
000760,이화산업,KOSPI,12530,12220,11900,13340
364950,에이아이코리아,KOSDAQ,4225,4220,4085,4270
203450,유니온바이오메트릭스,KOSDAQ,2485,2510,2460,2555
112190,KC산업,KONEX,1286,1291,1101,1291
475460,미트박스,KOSDAQ,6230,6240,5990,6250
119500,포메탈,KOSDAQ,2950,2870,2815,2965
407400,꿈비,KOSDAQ,2365,2350,2305,2415
406820,뷰티스킨,KOSDAQ,2435,1874,1808,2435
388610,지에프씨생명과학,KOSDAQ,6490,6360,6150,6760
004365,세방우,KOSPI,9320,9270,9250,9320
199480,뱅크웨어글로벌,KOSDAQ,3370,3395,3235,3405
025440,DH오토웨어,KOSDAQ,704,685,676,710
160550,NEW,KOSDAQ,1228,1220,1157,1249
133750,메가엠디,KOSDAQ,1462,1432,1401,1478
177830,파버나인,KOSDAQ,2530,2455,2390,2540
187270,신화콘텍,KOSDAQ,3365,3230,3230,3570
208860,다산디엠씨,KOSDAQ,1005,920,920,1016
387570,파인메딕스,KOSDAQ,6050,5800,5740,6090
228340,동양파일,KOSDAQ,1699,1733,1673,1733
059100,아이컴포넌트,KOSDAQ,4800,4790,4505,4855
043910,자연과환경,KOSDAQ,2980,2960,2900,3075
097780,에코볼트,KOSDAQ,664,0,0,0
373170,엠아이큐브솔루션,KOSDAQ,2225,2300,2060,2300
045060,오공,KOSDAQ,1980,1978,1959,1988
086060,진바이오텍,KOSDAQ,3895,3805,3770,4050
429270,시지트로닉스,KOSDAQ,5190,4990,4920,5400
021650,한국큐빅,KOSDAQ,2045,2115,2000,2115
080520,오디텍,KOSDAQ,2950,2900,2825,2970
001000,신라섬유,KOSDAQ,1375,1716,1361,1801
122830,원포유,KONEX,1017,1097,982,1100
430690,한싹,KOSDAQ,3055,2900,2900,3060
031510,오스템,KOSDAQ,1185,1170,1122,1214
0010F0,보원케미칼,KOSDAQ,2975,3050,2850,3050
351320,넥사다이내믹스,KOSDAQ,1116,1180,1042,1253
002420,세기상사,KOSPI,5550,5420,5270,5670
060540,에스에이티,KOSDAQ,1266,1258,1211,1267
109820,진매트릭스,KOSDAQ,1621,1599,1532,1643
475660,에스켐,KOSDAQ,4160,3995,3795,4160
376180,피코그램,KOSDAQ,1774,1809,1724,1809
075130,플랜티넷,KOSDAQ,1980,1879,1879,1983
318410,비비씨,KOSDAQ,5920,5860,5810,5940
464500,아이언디바이스,KOSDAQ,2345,2160,2145,2395
495810,유비씨,KONEX,13120,0,0,0
066910,손오공,KOSDAQ,2450,2460,2340,2490
336060,웨이버스,KOSDAQ,681,631,631,685
900070,글로벌에스엠,KOSDAQ,610,0,0,0
003535,한화투자증권우,KOSPI,6800,6500,6370,6900
288980,모아데이타,KOSDAQ,897,928,858,945
208710,포톤,KOSDAQ,2470,2420,2235,2475
434480,모니터랩,KOSDAQ,2640,2580,2515,2725
075970,동국알앤에스,KOSDAQ,1766,1667,1665,1766
057680,티사이언티픽,KOSDAQ,2280,2335,2115,2335
270870,뉴트리,KOSDAQ,3510,3765,3475,3765
001380,SG글로벌,KOSPI,1433,1413,1405,1445
464580,닷밀,KOSDAQ,1750,1625,1552,1750
026040,제이에스티나,KOSDAQ,1947,1854,1852,1968
031310,아이즈비전,KOSDAQ,1080,1069,1040,1087
032860,더라미,KOSDAQ,795,798,737,798
002870,신풍,KOSPI,917,859,855,930
308170,씨티알모빌리티,KOSPI,3695,3400,3355,3810
043200,파루,KOSDAQ,759,755,723,850
276730,한울앤제주,KOSDAQ,13880,13480,13110,14390
450520,인스웨이브,KOSDAQ,2155,2070,2050,2200
359090,씨엔알리서치,KOSDAQ,550,0,0,0
262840,아이퀘스트,KOSDAQ,2990,3000,2965,3060
088790,진도,KOSPI,2535,2600,2525,2605
001070,대한방직,KOSPI,5950,5600,5420,5960
363250,진시스템,KOSDAQ,3705,3730,3500,3735
044480,빌리언스,KOSDAQ,948,973,901,973
169330,엠브레인,KOSDAQ,1715,1672,1573,1715
438700,버넥트,KOSDAQ,2815,3350,2615,3680
277410,인산가,KOSDAQ,816,824,810,826
012620,원일특강,KOSDAQ,7120,7060,6920,7200
363260,모비데이즈,KOSDAQ,973,966,953,996
005820,원림,KOSPI,13600,13845,13580,13845
258830,세종메디칼,KOSDAQ,412,0,0,0
099390,브레인즈컴퍼니,KOSDAQ,3800,3750,3695,3815
023150,MH에탄올,KOSPI,4225,4195,4150,4260
019570,플루토스,KOSDAQ,326,327,322,354
159910,에코글로우,KOSDAQ,2970,2920,2820,2990
038950,파인디지털,KOSDAQ,3025,2955,2955,3030
058110,멕아이씨에스,KOSDAQ,1921,1905,1819,2100
356890,싸이버원,KOSDAQ,2575,2535,2400,2630
053950,경남제약,KOSDAQ,1963,1944,1944,1999
187220,디티앤씨,KOSDAQ,2660,2510,2510,2720
071950,코아스,KOSPI,2455,2250,2130,2500
106240,파인테크닉스,KOSDAQ,1279,1152,1152,1376
462310,뉴키즈온,KOSDAQ,3730,3715,3660,3825
239610,에이치엘사이언스,KOSDAQ,5660,5710,5520,5710
001210,금호전기,KOSPI,493,499,475,505
114630,폴라리스우노,KOSDAQ,1768,1775,1725,1788
263920,휴엠앤씨,KOSDAQ,3105,2845,2700,3120
068050,팬엔터테인먼트,KOSDAQ,1097,1022,1022,1139
025750,한솔홈데코,KOSPI,1880,1839,1816,1898
33637K,솔루스첨단소재1우,KOSPI,1791,1820,1729,1844
045300,성우테크론,KOSDAQ,2870,2765,2740,2870
131090,시큐브,KOSDAQ,3950,3835,3795,4045
246250,에스엘에스바이오,KOSDAQ,1969,0,0,0
004870,티웨이홀딩스,KOSPI,267,280,266,297
073540,에프알텍,KOSDAQ,2645,2625,2500,2720
200350,아티스트스튜디오,KOSDAQ,3015,2940,2890,3080
296640,이노에이엑스,KOSDAQ,5820,5800,5570,5960
351870,차이커뮤니케이션,KOSDAQ,2695,2655,2500,2720
054780,키이스트,KOSDAQ,1526,1536,1440,1590
446440,에피바이오텍,KONEX,13000,13990,13000,13990
318020,포인트모바일,KOSDAQ,2435,2380,2320,2485
195990,에이비프로바이오,KOSDAQ,917,925,911,950
013720,THE CUBE&,KOSDAQ,489,482,455,492
383930,디티앤씨알오,KOSDAQ,2320,2275,2265,2400
254120,자비스,KOSDAQ,962,963,940,985
037370,EG,KOSDAQ,3430,3410,3300,3500
300120,라온피플,KOSDAQ,597,599,570,599
403360,라피치,KONEX,8200,7800,7800,8400
000040,KR모터스,KOSPI,340,327,315,345
012160,영흥,KOSPI,376,360,360,385
065950,웰크론,KOSDAQ,1040,1040,975,1053
130500,GH신소재,KOSDAQ,2010,1977,1977,2130
035200,프럼파스트,KOSDAQ,3000,3000,2890,3000
027040,서울전자통신,KOSDAQ,2090,2080,2015,2230
007720,소노스퀘어,KOSDAQ,288,284,279,292
238490,힘스,KOSDAQ,2565,2575,2450,2575
142760,모아라이프플러스,KOSDAQ,687,640,635,690
006570,대림통상,KOSPI,1900,1830,1791,1900
241840,에이스토리,KOSDAQ,3030,2915,2800,3040
148930,에이치와이티씨,KOSDAQ,2840,2665,2625,2875
008250,이건산업,KOSPI,2635,2665,2615,2665
021880,메이슨캐피탈,KOSDAQ,136,0,0,0
257370,피엔티엠에스,KOSDAQ,2305,2205,2155,2360
440320,오픈놀,KOSDAQ,2925,2725,2465,2970
318000,KBG,KOSDAQ,3285,3050,3050,3300
009810,플레이그램,KOSPI,1889,1720,1720,1914
039740,한국정보공학,KOSDAQ,3570,3400,3250,3730
048470,대동스틸,KOSDAQ,2945,2830,2830,2990
252500,세화피앤씨,KOSDAQ,685,679,648,685
131220,대한과학,KOSDAQ,3795,3705,3670,3800
033050,제이엠아이,KOSDAQ,868,829,817,870
290520,신도기연,KOSDAQ,1772,1769,1685,1901
318010,팜스빌,KOSDAQ,3555,3450,3450,3630
003680,한성기업,KOSPI,4535,4430,4340,4620
024070,WISCOM,KOSPI,1832,1840,1790,1879
225220,제놀루션,KOSDAQ,1460,1457,1350,1481
010400,우진아이엔에스,KOSPI,3670,3740,3565,3760
398120,에스지헬스케어,KOSDAQ,2355,2195,2195,2435
030720,동원수산,KOSPI,5980,5940,5910,6140
002025,코오롱우,KOSPI,23950,22200,22200,23950
457600,벡트,KOSDAQ,2015,1949,1904,2025
115160,휴맥스,KOSDAQ,6400,6000,6000,6400
017000,신원종합개발,KOSDAQ,2365,2265,2265,2380
033250,체시스,KOSPI,4310,4330,4230,4345
038620,위즈코프,KOSDAQ,1820,1797,1797,1864
033200,모아텍,KOSDAQ,2990,3200,2950,3200
019175,신풍제약우,KOSPI,13790,13790,13530,13790
311060,엘에이티,KONEX,3485,3450,3450,3500
016670,디모아,KOSDAQ,2685,2690,2600,2690
043220,티에스넥스젠,KOSDAQ,1710,0,0,0
237750,피앤씨테크,KOSDAQ,4185,4060,3995,4185
233990,질경이,KONEX,1684,1942,1505,1942
006345,대원전선우,KOSPI,10350,9520,9200,10350
013810,스페코,KOSDAQ,1850,1978,1793,1978
078590,휴림에이텍,KOSDAQ,2710,2530,2465,2735
068100,케이웨더,KOSDAQ,2270,2200,2035,2275
038870,에코심플렉스,KOSDAQ,1929,1926,1900,1995
009460,한창제지,KOSPI,2265,2305,2255,2430
014130,한익스프레스,KOSPI,2250,2260,2205,2270
290270,휴네시온,KOSDAQ,2810,2680,2650,2825
002690,동일제강,KOSPI,1326,1359,1300,1359
079170,한창산업,KOSDAQ,5170,5180,5100,5250
162120,루켄테크놀러지스,KONEX,2405,2590,2405,2590
090370,메타랩스,KOSPI,1077,1083,1068,1129
342870,오아,KOSDAQ,4915,4815,4750,4990
008470,부스타,KOSDAQ,3185,3265,3150,3300
243870,아이티센코어,KONEX,9200,8800,8260,9200
347770,핌스,KOSDAQ,1160,1199,1099,1199
227420,도부,KONEX,696,843,629,843
005110,한창,KOSPI,1254,0,0,0
006740,블루산업개발,KOSPI,5550,0,0,0
900110,딥커머스,KOSDAQ,713,0,0,0
065370,위세아이텍,KOSDAQ,3560,3515,3445,3645
143210,핸즈코퍼레이션,KOSPI,1199,0,0,0
405920,나라셀라,KOSDAQ,2035,2005,2000,2060
019660,글로본,KOSDAQ,1879,1860,1700,1879
131100,티엔엔터테인먼트,KOSDAQ,812,768,766,823
462980,아이지넷,KOSDAQ,1433,1488,1407,1500
063760,이엘피,KOSDAQ,2800,2770,2555,2840
462510,라메디텍,KOSDAQ,2965,2885,2775,2995
333050,이노테나,KOSDAQ,5300,5160,4830,5900
080530,코디,KOSDAQ,2345,2460,2345,2535
079650,서산,KOSDAQ,1300,1599,1273,1653
397810,애드포러스,KOSDAQ,5030,4800,4800,5040
121890,에스디시스템,KOSDAQ,1952,1897,1802,2020
045510,정원엔시스,KOSDAQ,805,794,759,848
039290,인포뱅크,KOSDAQ,2975,2710,2540,2980
33626L,두산퓨얼셀2우B,KOSPI,8660,8850,8500,8860
310870,디와이씨,KOSDAQ,1250,1200,1193,1337
317240,TS트릴리온,KOSDAQ,884,850,850,889
115610,이미지스,KOSDAQ,2180,2155,2150,2725
200230,텔콘RF제약,KOSDAQ,360,0,0,0
298060,풍전약품,KOSDAQ,2910,3060,2600,3060
004270,남성,KOSPI,7100,6940,6900,7360
065060,지엔코,KOSDAQ,4285,3980,3710,4345
018680,서울제약,KOSDAQ,2200,2170,2115,2315
032750,삼진,KOSDAQ,2840,2800,2750,2905
090150,아이윈,KOSDAQ,612,574,560,612
274400,이노시뮬레이션,KOSDAQ,2815,2695,2680,2965
002355,넥센타이어1우B,KOSPI,3930,3950,3845,3965
056730,CNT85,KOSDAQ,1720,1757,1592,1757
091340,S&K폴리텍,KOSDAQ,2175,2180,2145,2235
001810,무림SP,KOSDAQ,1146,1125,1123,1146
046390,삼화네트웍스,KOSDAQ,1469,1400,1400,1528
052300,오션인더블유,KOSDAQ,1561,1506,1438,1600
191600,블루탑,KONEX,8860,8870,8850,8870
049120,파인디앤씨,KOSDAQ,2380,2325,2230,2820
038880,아이에이,KOSDAQ,670,0,0,0
353590,오토앤,KOSDAQ,1955,1931,1919,2190
317120,라닉스,KOSDAQ,1647,1606,1572,1649
016100,리더스코스메틱,KOSDAQ,1315,1292,1222,1391
118000,메타케어,KOSPI,1461,1340,1328,1633
223310,사토시홀딩스,KOSDAQ,4820,4600,4330,5000
059180,엔더블유시,KONEX,4700,4700,4700,4700
007770,한일화학,KOSDAQ,7090,7030,7030,7110
291230,엔피,KOSDAQ,564,663,564,682
073570,리튬포어스,KOSDAQ,2055,2050,1990,2105
015260,에이엔피,KOSPI,525,522,512,535
005360,모나미,KOSPI,1305,1285,1285,1309
069140,누리플랜,KOSDAQ,1633,1540,1529,1649
267790,배럴,KOSDAQ,3205,3065,3050,3220
303530,이노뎁,KOSDAQ,3355,3075,3060,3410
197140,디지캡,KOSDAQ,1892,1760,1642,1900
455180,케이지에이,KOSDAQ,1761,1675,1591,1924
424760,벨로크,KOSDAQ,2425,2310,2255,2510
304840,피플바이오,KOSDAQ,1000,952,906,1010
432980,엠에프씨,KOSDAQ,2830,2810,2770,2900
053290,NE능률,KOSDAQ,1471,1426,1400,1471
008775,호텔신라우,KOSPI,32300,32300,31700,32500
036480,대성미생물,KOSDAQ,6390,6500,6330,6600
348030,모비릭스,KOSDAQ,2525,2460,2380,2575
465770,STX그린로지스,KOSPI,3380,2670,2650,3380
131180,딜리,KOSDAQ,4125,4035,4035,4390
130740,티피씨글로벌,KOSDAQ,2145,2110,2085,2200
367000,플래티어,KOSDAQ,2880,2965,2850,2965
002820,SUN&L,KOSPI,1915,1945,1890,1945
446070,유니드비티플러스,KOSPI,2275,2280,2170,2295
093380,풍강,KOSDAQ,2440,2385,2310,2440
101400,엔시트론,KOSDAQ,2040,1897,1878,2095
032080,아즈텍WB,KOSDAQ,1113,1124,1081,1199
206950,볼빅,KONEX,1699,1699,1699,1699
354200,엔젠바이오,KOSDAQ,892,888,865,923
290560,파라택시스이더리움,KOSDAQ,1068,1040,1035,1101
354390,바스칸바이오제약,KONEX,3400,3300,2860,3560
058450,한주에이알티,KOSDAQ,4750,4150,3555,4890
003495,대한항공우,KOSPI,21400,21950,21150,21950
207490,에이펙스인텍,KONEX,6600,6600,6600,6600
051780,큐로홀딩스,KOSDAQ,3750,3705,3590,3985
053060,세동,KOSDAQ,1343,1296,1288,1346
335870,윙스풋,KOSDAQ,1414,1398,1302,1738
403810,아이엘로보틱스,KONEX,2375,2495,2160,2495
900310,컬러레이,KOSDAQ,1840,1832,1670,1840
065650,하이퍼코퍼레이션,KOSDAQ,2145,2265,2040,2280
138070,신진에스엠,KOSDAQ,1340,1215,1215,1340
006050,국영지앤엠,KOSDAQ,671,677,662,679
373110,엑셀세라퓨틱스,KOSDAQ,1352,1290,1290,1400
051380,피씨디렉트,KOSDAQ,1523,1453,1428,1564
009310,참엔지니어링,KOSPI,5330,0,0,0
115480,씨유메디칼,KOSDAQ,1915,1847,1830,1940
060380,동양에스텍,KOSDAQ,1178,1171,1150,1218
377330,이지트로닉스,KOSDAQ,2850,2920,2775,2945
032800,판타지오,KOSDAQ,1860,1722,1722,1881
139670,키네마스터,KOSDAQ,1640,1525,1525,1654
434190,탈로스,KONEX,3140,3000,2945,3190
065150,대산F&B,KOSDAQ,1450,0,0,0
208350,지란지교시큐리티,KOSDAQ,2850,2740,2685,2865
102950,아하,KONEX,1759,1989,1600,1989
070590,인티큐브,KOSDAQ,1660,1573,1557,1660
024890,대원화성,KOSPI,2790,2855,2725,2855
328380,솔트웨어,KOSDAQ,3350,4970,3325,5200
188040,바이오포트,KOSDAQ,4905,4460,4410,4905
054090,삼진엘앤디,KOSDAQ,919,949,894,949
140430,카티스,KOSDAQ,2145,2145,2000,2220
024940,PN풍년,KOSDAQ,2290,2215,2215,2305
026910,광진실업,KOSDAQ,3570,3485,3280,3625
023770,플레이위드,KOSDAQ,2545,2460,2425,2545
353190,휴럼,KOSDAQ,2885,2970,2805,2990
002360,SH에너지화학,KOSPI,2030,1925,1925,2115
179720,머니무브,KONEX,8200,0,0,0
210120,캔버스엔,KOSDAQ,930,0,0,0
123750,알톤,KOSDAQ,1631,1496,1463,1715
270210,에스알바이오텍,KONEX,13140,13500,12510,14000
188260,세니젠,KOSDAQ,1694,1512,1476,1736
044780,에이치케이,KOSDAQ,1206,1183,1161,1232
301300,바이브컴퍼니,KOSDAQ,1695,1597,1501,1698
376980,원티드랩,KOSDAQ,2280,2250,2100,2365
016920,카스,KOSDAQ,840,851,835,1049
006200,한국전자홀딩스,KOSPI,2375,2315,2220,2540
043360,디지아이,KOSDAQ,2460,2275,2275,2480
067730,로지시스,KOSDAQ,2285,2240,2200,2340
069640,한세엠케이,KOSPI,986,1010,958,1107
236810,엔비티,KOSDAQ,1299,1280,1260,1299
080470,성창오토텍,KOSDAQ,3015,2890,2890,3185
076340,지에이이노더스,KONEX,4500,0,0,0
134060,이퓨쳐,KOSDAQ,4595,4430,3845,4635
091970,나노캠텍,KOSDAQ,2905,2850,2730,3110
101000,KS인더스트리,KOSDAQ,552,519,489,571
078860,아이오케이이엔엠,KOSDAQ,3675,3585,3485,4090
352940,인바이오,KOSDAQ,2005,1975,1900,2025
331520,밸로프,KOSDAQ,2130,2105,2095,2170
025890,한국주강,KOSPI,1944,1872,1855,1946
239340,이스트에이드,KOSDAQ,802,825,781,826
080720,한국유니온제약,KOSDAQ,2725,0,0,0
216400,인바이츠바이오코아,KONEX,2795,2900,2520,3000
067010,이씨에스,KOSDAQ,1979,1946,1914,1995
038530,케이바이오랩스,KOSDAQ,931,904,893,941
146060,율촌,KOSDAQ,897,880,863,897
017250,인터엠,KOSDAQ,1023,1011,1011,1037
021040,대호특수강,KOSDAQ,986,973,910,1050
032280,삼일,KOSDAQ,1308,1276,1275,1340
123840,뉴온,KOSDAQ,3330,3245,3095,3385
012170,아센디오,KOSPI,1044,1071,1014,1125
258790,소프트캠프,KOSDAQ,4220,4170,4070,4350
900340,윙입푸드,KOSDAQ,1672,1670,1600,1682
278990,EMB,KONEX,2600,2500,2425,2600
306040,에스제이그룹,KOSDAQ,2125,2245,2110,2280
362990,드림인사이트,KOSDAQ,1246,1190,1162,1246
037400,우리엔터프라이즈,KOSDAQ,798,788,769,799
131760,파인텍,KOSDAQ,2405,2290,2215,2590
096690,에이루트,KOSDAQ,5180,4850,4755,5330
222980,한국맥널티,KOSDAQ,1884,1849,1815,1935
389680,유디엠텍,KOSDAQ,2495,2950,2465,3500
331660,한국미라클피플사,KONEX,3770,3780,3770,3780
377220,프롬바이오,KOSDAQ,732,666,666,748
418620,E8,KOSDAQ,1041,1087,1000,1088
357430,마스턴프리미어리츠,KOSPI,675,710,663,710
900100,파이온엑스,KOSDAQ,389,0,0,0
226340,본느,KOSDAQ,2445,2350,2260,2455
032680,소프트센,KOSDAQ,978,753,751,978
372800,아이티아이즈,KOSDAQ,2895,2970,2865,3220
192390,윈하이텍,KOSDAQ,1840,1780,1731,1880
115570,스타플렉스,KOSDAQ,2530,2720,2460,2725
227610,아우딘퓨쳐스,KOSDAQ,1058,980,933,1058
322970,무진메디,KONEX,1989,1860,1860,1994
275630,에스에스알,KOSDAQ,3815,3555,3555,3825
034940,조아제약,KOSDAQ,645,639,621,647
054940,엑사이엔씨,KOSDAQ,601,596,587,610
109960,앱토크롬,KOSDAQ,1805,1835,1700,1835
054220,비츠로시스,KOSDAQ,1580,1567,1529,1599
015020,이스타코,KOSPI,928,0,0,0
060900,에이전트AI,KOSDAQ,4980,4820,4170,5070
020400,대동금속,KOSDAQ,3110,2995,2800,3255
225590,패션플랫폼,KOSDAQ,3870,4040,3740,4040
154030,아시아종묘,KOSDAQ,1642,1620,1610,1750
431190,케이쓰리아이,KOSDAQ,2645,2605,2515,2660
083640,인콘,KOSDAQ,1272,1241,1131,1300
415380,스튜디오삼익,KOSDAQ,1726,1693,1693,1727
001685,대상우,KOSPI,14400,14340,14260,14610
103230,에스앤더블류,KOSDAQ,2730,2655,2490,2730
00499K,롯데지주우,KOSPI,24300,24300,23450,24300
224060,더코디,KOSDAQ,3790,3360,3260,3825
084440,유비온,KOSDAQ,1022,1015,1005,1056
238200,비피도,KOSDAQ,2390,2245,2245,2430
027580,상보,KOSDAQ,1650,1578,1566,1735
098660,에스티오,KOSDAQ,1557,1496,1461,1557
365900,브이씨,KOSDAQ,2660,2615,2610,2700
148780,비큐AI,KOSDAQ,618,632,580,632
317860,노드메이슨,KONEX,4300,0,0,0
109670,씨싸이트,KOSDAQ,3320,3410,3230,3490
322780,코퍼스코리아,KOSDAQ,2155,2225,2090,2305
076080,웰크론한텍,KOSDAQ,854,887,850,914
113810,디젠스,KOSDAQ,589,582,557,597
214610,롤링스톤,KOSDAQ,2290,0,0,0
039310,세중,KOSDAQ,1055,1000,990,1071
083660,CSA 코스믹,KOSDAQ,304,304,304,304
085810,알티캐스트,KOSDAQ,1453,1439,1405,1469
270520,앱튼,KOSDAQ,968,970,921,980
035620,바른손이앤에이,KOSDAQ,1021,1020,1020,1071
285800,진영,KOSDAQ,1079,1092,1040,1410
031860,디에이치엑스컴퍼니,KOSDAQ,693,0,0,0
222670,플럼라인생명과학,KONEX,4635,0,0,0
044380,주연테크,KOSPI,1437,1477,1410,1477
042040,케이피엠테크,KOSDAQ,749,0,0,0
032980,바이온,KOSDAQ,604,0,0,0
193250,링크드,KOSDAQ,1371,1280,1270,1380
014100,메디앙스,KOSDAQ,1540,1492,1420,1569
018620,우진비앤지,KOSDAQ,3135,3040,3015,3195
050760,에스폴리텍,KOSDAQ,1098,1064,1017,1098
289010,아이스크림에듀,KOSDAQ,1282,1215,1195,1377
368600,아이씨에이치,KOSDAQ,700,674,670,738
101680,한국정밀기계,KOSDAQ,2125,1995,1965,2190
083470,이엠앤아이,KOSDAQ,833,800,800,1049
215480,토박스코리아,KOSDAQ,1974,2020,1965,2040
060260,뉴보텍,KOSDAQ,1323,1145,1136,1341
008600,윌비스,KOSPI,2620,0,0,0
086220,광동헬스바이오,KONEX,1388,1200,1190,1393
009440,KC그린홀딩스,KOSPI,756,0,0,0
303030,지니틱스,KOSDAQ,1918,1901,1790,1954
052960,태양3C,KONEX,3585,3300,3300,3590
336040,타스컴,KONEX,3000,0,0,0
005257,녹십자홀딩스2우,KOSPI,20450,19900,19800,20550
001420,태원물산,KOSPI,2270,2170,2150,2270
0070X0,에스테크엠,KONEX,11400,12770,10800,12770
196700,웹스,KOSDAQ,1194,1198,1143,1208
00781K,코리아써키트2우B,KOSPI,21850,19850,19850,21850
279600,미디어젠,KOSDAQ,3640,3695,3640,3805
254160,제이엠멀티,KONEX,3300,3300,3100,3300
405000,플라즈맵,KOSDAQ,4420,4405,4155,4440
482680,미래에셋비전스팩7호,KOSDAQ,2055,0,0,0
208640,썸에이지,KOSDAQ,121,0,0,0
344860,이노진,KOSDAQ,1400,1355,1141,1411
241820,피씨엘,KOSDAQ,6040,0,0,0
088290,이원컴포텍,KOSDAQ,2095,1796,1701,2180
054410,케이피티유,KOSDAQ,2915,2790,2650,2945
477380,미래에셋비전스팩4호,KOSDAQ,2055,2055,2055,2065
169670,코스텍시스템,KONEX,5800,0,0,0
002070,비비안,KOSPI,6900,6810,6560,7000
011090,에넥스,KOSPI,1380,1312,1296,1397
417180,핑거스토리,KOSDAQ,4700,4535,4500,4700
377030,비트맥스,KOSDAQ,1530,1518,1494,1585
108675,LX하우시스우,KOSPI,15820,15510,15480,16200
110020,전진바이오팜,KOSDAQ,1798,1836,1782,1840
476710,타조이엔터테인먼트,KONEX,16250,16500,16250,16500
001770,SHD,KOSPI,13290,12900,12850,13680
045520,크린앤사이언스,KOSDAQ,2480,2345,2330,2490
065770,CS,KOSDAQ,1645,1650,1563,1680
106520,노블엠앤비,KOSDAQ,411,0,0,0
0072Z0,KB제33호스팩,KOSDAQ,1996,1984,1984,1998
900270,헝셩그룹,KOSDAQ,642,637,636,674
060230,제이케이시냅스,KOSDAQ,278,263,250,282
018700,졸스,KOSDAQ,1336,1480,1256,1480
087260,모바일어플라이언스,KOSDAQ,479,482,422,500
060480,국일신동,KOSDAQ,1405,1400,1395,1406
137940,넥스트아이,KOSDAQ,1822,1707,1699,1850
247660,나노씨엠에스,KOSDAQ,3575,3535,3535,3800
005725,넥센우,KOSPI,4300,4300,4300,4400
0101C0,하나36호스팩,KOSDAQ,1997,2000,1991,2000
45226K,한화갤러리아우,KOSPI,5310,5270,5100,5490
0130H0,엔에이치스팩33호,KOSDAQ,1997,1994,1993,2000
379390,이성씨엔아이,KONEX,5400,5400,5400,5400
469880,하나30호스팩,KOSDAQ,2095,2105,2090,2105
18064K,한진칼우,KOSPI,28500,28500,27400,28500
477340,에이치엠씨제7호스팩,KOSDAQ,2030,2035,2030,2035
030350,드래곤플라이,KOSDAQ,973,0,0,0
065690,파커스,KOSDAQ,1077,1080,1074,1134
0044K0,삼성스팩10호,KOSDAQ,2005,1997,1997,2005
096870,엘디티,KOSDAQ,1796,1847,1777,1878
048830,엔피케이,KOSDAQ,789,758,751,789
227100,프로브잇,KOSDAQ,612,0,0,0
0115H0,삼성스팩13호,KOSDAQ,1997,1995,1987,1998
208850,이비테크,KONEX,5190,0,0,0
900120,씨엑스아이,KOSDAQ,391,0,0,0
291810,핀텔,KOSDAQ,1279,1708,1279,1708
240600,유진테크놀로지,KOSDAQ,2095,2085,1981,2200
473050,유안타제15호스팩,KOSDAQ,2070,2080,2070,2080
351020,미쥬,KONEX,6990,0,0,0
000087,하이트진로2우B,KOSPI,12820,13090,12760,13210
00806K,대덕1우,KOSPI,11950,12010,11700,12050
199730,바이오인프라,KOSDAQ,2965,3095,2920,3095
023790,동일스틸럭스,KOSDAQ,1097,1054,991,1135
233250,메디안디노스틱,KONEX,8200,0,0,0
478440,미래에셋비전스팩6호,KOSDAQ,2045,2040,2040,2065
067770,세진티에스,KOSDAQ,1686,1700,1600,1736
009730,이렘,KOSDAQ,197,190,181,230
191410,육일씨엔에쓰,KOSDAQ,1257,1298,1228,1298
019685,대교우B,KOSPI,724,723,700,740
479880,한국제15호스팩,KOSDAQ,2045,2045,2040,2050
0099W0,미래에셋비전스팩11호,KOSDAQ,1996,1995,1993,1998
154040,다산솔루에타,KOSDAQ,777,781,735,828
092600,앤씨앤,KOSDAQ,2770,2825,2545,2965
368970,오에스피,KOSDAQ,3030,2915,2840,3040
308100,형지글로벌,KOSDAQ,576,580,560,588
361670,삼영에스앤씨,KOSDAQ,2440,2435,2325,2500
115530,씨엔플러스,KOSDAQ,1752,1651,1430,1770
069330,유아이디,KOSDAQ,804,780,774,848
028080,휴맥스홀딩스,KOSDAQ,5950,5940,5600,6460
352770,셀레스트라,KOSDAQ,5250,0,0,0
065420,에스아이리소스,KOSDAQ,190,202,188,203
001795,대한제당우,KOSPI,2095,2095,2080,2120
079950,인베니아,KOSDAQ,982,960,941,1019
043590,웰킵스하이텍,KOSDAQ,998,1040,968,1040
244460,올리패스,KOSDAQ,1651,0,0,0
0134X0,대신밸런스제20호스팩,KOSDAQ,1983,1976,1973,1986
489480,키움제11호스팩,KOSDAQ,2025,2025,2015,2025
002680,한탑,KOSDAQ,413,490,412,548
250930,예선테크,KOSDAQ,402,396,385,417
481890,엔에이치스팩31호,KOSDAQ,2075,2065,2055,2075
0096B0,삼성스팩12호,KOSDAQ,1997,1990,1987,1998
456190,큐라켐,KONEX,7420,0,0,0
0097F0,미래에셋비전스팩10호,KOSDAQ,1996,2000,1995,2000
177350,베셀,KOSDAQ,658,719,644,719
217880,틸론,KONEX,1196,1300,1110,1300
079190,케스피온,KOSDAQ,667,708,660,708
0093G0,미래에셋비전스팩8호,KOSDAQ,1995,1990,1989,1999
149010,아이케이세미콘,KONEX,4090,4095,4090,4095
489730,디비금융제13호스팩,KOSDAQ,2015,2015,2005,2015
478390,KB제29호스팩,KOSDAQ,2050,2055,2040,2055
0099X0,IBKS제25호스팩,KOSDAQ,2125,2115,2105,2125
054180,메디콕스,KOSDAQ,2295,0,0,0
0037T0,KB제32호스팩,KOSDAQ,2000,2000,1995,2000
471050,대신밸런스제17호스팩,KOSDAQ,2085,2085,2075,2090
0054V0,엔에이치스팩32호,KOSDAQ,2030,2020,2020,2030
0088D0,메리츠제1호스팩,KOSDAQ,2165,2140,2140,2180
492220,KB제31호스팩,KOSDAQ,2020,2025,2015,2025
0131D0,키움히어로제2호스팩,KOSDAQ,1981,1977,1973,1982
035290,골드앤에스,KOSDAQ,2605,2375,2375,2610
312610,에이에프더블류,KOSDAQ,612,580,570,619
482520,교보16호스팩,KOSDAQ,2027,2030,2025,2030
001755,한양증권우,KOSPI,23500,22250,21900,23500
482690,대신밸런스제19호스팩,KOSDAQ,2190,2195,2190,2195
065570,삼영이엔씨,KOSDAQ,764,0,0,0
0091W0,신영스팩11호,KOSDAQ,2022,2020,2010,2025
225430,케이엠제약,KOSDAQ,2165,2070,2060,2245
004105,태양금속우,KOSPI,3650,3640,3520,3795
0041L0,하나35호스팩,KOSDAQ,1995,2005,1995,2005
477760,DB금융스팩12호,KOSDAQ,2055,2060,2045,2060
419540,비스토스,KOSDAQ,2600,2700,2410,2720
0132G0,교보20호스팩,KOSDAQ,1996,1998,1995,1999
012340,뉴인텍,KOSDAQ,1045,1016,1004,1100
084695,대상홀딩스우,KOSPI,12880,12880,12630,12880
025870,신라에스지,KOSDAQ,2930,2835,2750,3005
469900,하나31호스팩,KOSDAQ,2075,2075,2070,2075
084180,수성웹툰,KOSDAQ,642,637,610,650
217320,썬테크,KONEX,11050,0,0,0
0071M0,삼성스팩11호,KOSDAQ,2010,2010,2000,2010
060240,스타코링크,KOSDAQ,1976,0,0,0
145995,삼양사우,KOSPI,30950,30500,30500,31400
289170,바이오텐,KONEX,3200,3200,3200,3200
38380K,LX홀딩스1우,KOSPI,7810,8050,7800,8050
176590,코나솔,KONEX,1959,1720,1720,2145
487360,신한제14호스팩,KOSDAQ,2020,2020,2010,2030
474660,신한제12호스팩,KOSDAQ,2050,2050,2050,2050
474490,유안타제16호스팩,KOSDAQ,2050,2055,2050,2060
0105P0,유진스팩12호,KOSDAQ,1995,1995,1990,1995
477470,미래에셋비전스팩5호,KOSDAQ,2055,2065,2050,2065
496070,신한제16호스팩,KOSDAQ,2000,2005,1998,2005
069920,엑시온그룹,KOSDAQ,1207,1210,1152,1210
0129K0,신한제18호스팩,KOSDAQ,1988,1980,1980,1993
050090,비케이홀딩스,KOSDAQ,557,519,517,596
073190,듀오백,KOSDAQ,916,705,650,916
0096D0,미래에셋비전스팩9호,KOSDAQ,1992,1988,1988,1992
486630,KB제30호스팩,KOSDAQ,2055,2045,2040,2060
0098T0,교보19호스팩,KOSDAQ,2020,2005,2005,2025
008290,원풍물산,KOSDAQ,531,510,480,534
253610,루트락,KONEX,1053,0,0,0
004255,NPC우,KOSPI,2040,2065,2025,2065
493790,유안타제17호스팩,KOSDAQ,2015,2005,2005,2020
0004Y0,디비금융제14호스팩,KOSDAQ,2010,2000,2000,2010
489210,교보17호스팩,KOSDAQ,2060,2050,2010,2060
0130D0,신한제17호스팩,KOSDAQ,1986,1987,1981,1991
012205,계양전기우,KOSPI,8950,8900,8720,8950
043100,알파AI,KOSDAQ,520,0,0,0
103660,씨앗,KONEX,1729,1800,1700,1800
224760,엔에스컴퍼니,KONEX,2635,0,0,0
478110,이베스트스팩6호,KOSDAQ,2032,2040,2030,2040
466690,키움히어로제1호스팩,KOSDAQ,2000,2005,2000,2010
0041B0,교보18호스팩,KOSDAQ,2020,2005,2000,2020
498390,한화플러스제5호스팩,KOSDAQ,2050,2040,2035,2050
469480,IBKS제24호스팩,KOSDAQ,2400,2465,2365,2480
011080,형지I&C,KOSDAQ,2350,2305,2240,2420
003075,코오롱글로벌우,KOSPI,13510,12130,12130,13510
001515,SK증권우,KOSPI,5100,4700,4700,5100
238500,솔루믹스,KONEX,475,0,0,0
472220,신영스팩10호,KOSDAQ,2100,2105,2100,2105
009620,삼보산업,KOSDAQ,563,645,560,653
488060,유진스팩11호,KOSDAQ,2030,2030,2025,2030
001067,JW중외제약2우B,KOSPI,45500,45550,45500,45550
106080,케이이엠텍,KOSDAQ,1650,0,0,0
145210,다이나믹디자인,KOSPI,224,0,0,0
189350,코셋,KONEX,1953,1955,1953,1955
178600,대동고려삼,KONEX,2075,2075,2075,2075
484130,하나34호스팩,KOSDAQ,2020,2030,2020,2030
464440,한국제13호스팩,KOSDAQ,2110,2110,2105,2110
114920,대주이엔티,KONEX,2615,2250,1985,2615
33637L,솔루스첨단소재2우B,KOSPI,2400,2410,2310,2440
473950,에스케이증권제13호스팩,KOSDAQ,2035,2030,2025,2040
341170,퓨쳐메디신,KONEX,851,850,850,1000
244880,나눔테크,KONEX,1779,1898,1730,1898
185190,수프로,KONEX,965,1000,965,1100
465320,교보15호스팩,KOSDAQ,2335,0,0,0
467930,IBKS제23호스팩,KOSDAQ,2100,2105,2100,2105
487830,신한제15호스팩,KOSDAQ,2030,2025,2015,2030
468760,유진스팩10호,KOSDAQ,2080,2075,2075,2080
472230,에스케이증권제11호스팩,KOSDAQ,2085,2070,2070,2085
0068Y0,비엔케이제3호스팩,KOSDAQ,2000,1996,1993,2000
487720,키움제10호스팩,KOSDAQ,2030,2015,2015,2030
236030,씨알푸드,KONEX,4200,4100,4100,4200
000225,유유제약1우,KOSPI,3705,3700,3590,3750
121850,코이즈,KOSDAQ,1628,1590,1501,1770
03481K,해성산업1우,KOSDAQ,5970,5800,5720,5970
0041J0,엘에스스팩1호,KOSDAQ,1996,1994,1994,2000
236340,메디젠휴먼케어,KONEX,2700,2600,2550,2800
475250,하나33호스팩,KOSDAQ,2070,2075,2060,2075
079970,투비소프트,KOSDAQ,596,0,0,0
204210,JK리버스톤리츠,KOSPI,971,1050,971,1050
004985,성신양회우,KOSPI,10240,10190,9550,10240
212310,오건에코텍,KONEX,635,0,0,0
474930,신한제13호스팩,KOSDAQ,2075,2070,2070,2085
309930,조이웍스앤코,KOSDAQ,1505,1620,1460,1639
066830,제노텍,KONEX,1300,1110,1110,1300
001065,JW중외제약우,KOSPI,21500,21200,20650,21500
004835,덕성우,KOSPI,5190,5020,4880,5450
276040,스코넥,KOSDAQ,327,0,0,0
199150,데이터스트림즈,KONEX,1650,1700,1650,1700
251280,안지오랩,KONEX,1978,1978,1978,1978
199290,바이오프로테크,KONEX,418,425,364,425
473000,에스케이증권제12호스팩,KOSDAQ,2045,2045,2045,2050
101390,아이엠,KOSDAQ,396,0,0,0
000325,노루홀딩스우,KOSPI,27450,28400,26600,28400
475240,하나32호스팩,KOSDAQ,2075,2060,2055,2075
318660,타임기술,KONEX,3070,2700,2610,3070
276240,엘리비젼,KONEX,527,534,527,534
234070,에이원큐브텍,KONEX,909,909,909,909
26490K,크라운제과우,KOSPI,8060,8000,7950,8230
447690,아이오바이오,KONEX,2340,2345,2340,2345
267080,세븐브로이맥주,KONEX,486,0,0,0
202960,판도라티비,KONEX,480,496,414,496
215570,크로넥스,KONEX,899,900,808,900
044180,KD,KOSDAQ,205,0,0,0
009415,태영건설우,KOSPI,8360,8020,8010,9010
332190,오션스바이오,KONEX,3635,0,0,0
313760,캐리,KOSDAQ,468,0,0,0
311960,인터로이드,KONEX,1698,1600,1436,1698
090355,노루페인트우,KOSPI,11010,10970,10970,11010
266350,팡스카이,KONEX,398,0,0,0
302920,더콘텐츠온,KONEX,1100,1200,1000,1200
258050,테크트랜스,KONEX,449,0,0,0
327610,펨토바이오메드,KONEX,585,0,0,0
346010,타이드,KONEX,1000,0,0,0
043090,더테크놀로지,KOSDAQ,1140,0,0,0
000545,흥국화재우,KOSPI,6080,6000,6000,6080
052770,아이톡시,KOSDAQ,312,0,0,0
116100,태양기계,KONEX,610,660,510,660
008500,일정실업,KOSPI,752,811,740,897
217910,에스제이켐,KONEX,319,291,291,319
000145,하이트진로홀딩스우,KOSPI,9400,9670,9310,9670
299480,지앤이헬스케어,KONEX,396,399,332,399
121060,유니포인트,KONEX,833,833,833,1123
136660,큐엠씨,KONEX,1800,1800,1800,1800
092590,럭스피아,KONEX,533,533,533,695
224810,엄지하우스,KONEX,920,950,850,950
014825,동원시스템즈우,KOSPI,14290,14390,14150,14990
005965,동부건설우,KOSPI,16200,15650,15650,16200
014285,금강공업우,KOSPI,6150,6360,6090,6360
208890,미래엔에듀파트너,KONEX,900,0,0,0
005745,크라운해태홀딩스우,KOSPI,5910,5930,5910,5930
36328K,티와이홀딩스우,KOSPI,3020,2925,2925,3020
266470,바이오인프라생명과학,KONEX,127,145,125,145
402420,켈스,KONEX,1499,1499,1499,1499
093510,엔지브이아이,KONEX,570,0,0,0
000227,유유제약2우B,KOSPI,10520,10580,10380,10580
007575,일양약품우,KOSPI,7640,7650,7250,7650
001527,동양2우B,KOSPI,7100,7010,7010,7100
390110,애니메디솔루션,KONEX,347,407,347,408
002995,금호건설우,KOSPI,11480,11690,11300,11690
004545,깨끗한나라우,KOSPI,8790,8570,8310,8790
008355,남선알미우,KOSPI,10040,10360,10020,10360
140660,위월드,KONEX,1100,1100,1100,1100
296520,가이아코퍼레이션,KONEX,586,0,0,0
413300,티엘엔지니어링,KONEX,1998,2100,1998,2100
014915,성문전자우,KOSPI,4470,4400,4400,4495
001525,동양우,KOSPI,4190,4630,4190,4780
002785,진흥기업우B,KOSPI,3000,2900,2900,3000
245450,씨앤에스링크,KONEX,1499,1300,1300,1499
002787,진흥기업2우B,KOSPI,8020,8030,7700,8030
223220,로지스몬,KONEX,390,384,384,500
448780,마이크로엔엑스,KONEX,796,796,796,796
021045,대호특수강우,KOSDAQ,2450,2375,2360,2450
011155,CJ씨푸드1우,KOSPI,9520,9440,9440,9680
032685,소프트센우,KOSDAQ,23350,21200,21200,24850
004415,서울식품우,KOSPI,7200,7100,7100,7670
266170,레드우즈,KONEX,1050,0,0,0
279060,이노벡스,KONEX,115,0,0,0
