종목코드,종목명,시장,종가,시가,저가,고가
005930,삼성전자,KOSPI,260500,261000,257500,262000
000660,SK하이닉스,KOSPI,1850000,1810000,1805000,1857000
005935,삼성전자우,KOSPI,197500,200000,195500,200000
402340,SK스퀘어,KOSPI,1071000,1054000,1036000,1083000
009150,삼성전기,KOSPI,1389000,1394000,1388000,1409000
373220,LG에너지솔루션,KOSPI,365500,370500,362000,371500
005380,현대차,KOSPI,365500,369000,365000,372000
207940,삼성바이오로직스,KOSPI,1395000,1407000,1386000,1414000
105560,KB금융,KOSPI,175200,181500,174900,181600
028260,삼성물산,KOSPI,353000,365000,351000,365000
032830,삼성생명,KOSPI,283500,288500,280500,291000
012450,한화에어로스페이스,KOSPI,1090000,1116000,1078000,1130000
034020,두산에너빌리티,KOSPI,85300,87300,84900,87800
055550,신한지주,KOSPI,110600,114200,110100,114400
329180,HD현대중공업,KOSPI,461500,468000,455000,469500
000270,기아,KOSPI,121800,122400,120600,122500
006400,삼성SDI,KOSPI,542000,550000,538000,552000
068270,셀트리온,KOSPI,179900,182000,179400,182800
034730,SK,KOSPI,549000,555000,536000,557000
086790,하나금융지주,KOSPI,133100,140200,133100,140200
012330,현대모비스,KOSPI,380500,387000,379000,389000
066570,LG전자,KOSPI,198800,202000,197700,203000
010120,LS ELECTRIC,KOSPI,209500,205500,202000,211500
035420,NAVER,KOSPI,197500,201500,196100,202000
000810,삼성화재,KOSPI,653000,666000,648000,667000
298040,효성중공업,KOSPI,2893000,2926000,2879000,2949000
316140,우리금융지주,KOSPI,36150,37050,35850,37050
267260,HD현대일렉트릭,KOSPI,727000,733000,717000,738000
005490,POSCO홀딩스,KOSPI,324500,329500,323000,331000
042660,한화오션,KOSPI,83200,84500,82900,84500
009540,HD한국조선해양,KOSPI,339500,350500,337500,351000
010130,고려아연,KOSPI,1133000,1159000,1124000,1159000
000150,두산,KOSPI,1446000,1489000,1425000,1503000
096770,SK이노베이션,KOSPI,137000,139900,135300,141500
042700,한미반도체,KOSPI,235000,233000,229000,238000
138040,메리츠금융지주,KOSPI,126300,127300,124900,127700
015760,한국전력,KOSPI,30950,31500,30750,31500
011200,HMM,KOSPI,20950,21100,20800,21900
017670,SK텔레콤,KOSPI,89000,89000,87600,89500
051910,LG화학,KOSPI,268000,271000,265500,273500
010140,삼성중공업,KOSPI,20900,21550,20700,21650
033780,KT&G,KOSPI,172600,173500,171000,173700
196170,알테오젠,KOSDAQ GLOBAL,254000,256000,252500,258000
006800,미래에셋증권,KOSPI,31600,32400,31450,32550
018260,삼성에스디에스,KOSPI,220000,222000,218000,222500
003550,LG,KOSPI,112200,114000,111500,114200
010950,S-Oil,KOSPI,149200,153600,148600,157300
267250,HD현대,KOSPI,212000,224000,208000,224000
079550,LIG디펜스앤에어로스페이스,KOSPI,738000,711000,711000,754000
003670,포스코퓨처엠,KOSPI,183800,186900,181700,188100
024110,기업은행,KOSPI,20150,20350,20050,20350
086280,현대글로비스,KOSPI,203500,208500,202500,209000
272210,한화시스템,KOSPI,79400,77600,76100,81500
035720,카카오,KOSPI,33600,34000,33300,34150
000720,현대건설,KOSPI,125000,127000,123300,129300
278470,에이피알,KOSPI,366500,355000,350500,373500
064350,현대로템,KOSPI,123400,123400,121600,124300
030200,KT,KOSPI,53100,53600,52800,53600
047810,한국항공우주,KOSPI,129700,131600,128500,131700
011070,LG이노텍,KOSPI,530000,523000,518500,541000
005830,DB손해보험,KOSPI,187400,192800,186900,192900
443060,HD현대마린솔루션,KOSPI,244000,243000,240500,246000
086520,에코프로,KOSDAQ GLOBAL,81700,83500,81100,83900
003490,대한항공,KOSPI,29200,29750,28900,30100
078930,GS,KOSPI,113800,114800,112500,116100
247540,에코프로비엠,KOSDAQ GLOBAL,104700,104800,103600,105600
071050,한국금융지주,KOSPI,182500,187200,182200,188400
006260,LS,KOSPI,324500,312500,308000,328500
028050,삼성E&A,KOSPI,52200,51600,51500,55200
307950,현대오토에버,KOSPI,369000,370500,364500,372000
047050,포스코인터내셔널,KOSPI,57100,57500,56300,57500
003230,삼양식품,KOSPI,1297000,1287000,1273000,1320000
323410,카카오뱅크,KOSPI,20550,21000,20450,21050
000500,가온전선,KOSPI,326500,264500,262000,333500
036930,주성엔지니어링,KOSDAQ GLOBAL,204500,210000,200500,214000
005940,NH투자증권,KOSPI,25550,25900,25500,26100
259960,크래프톤,KOSPI,204500,205500,203000,206500
180640,한진칼,KOSPI,139500,142000,137700,142200
277810,레인보우로보틱스,KOSDAQ,434500,439500,430000,445000
090430,아모레퍼시픽,KOSPI,142700,144700,141400,145700
0126Z0,삼성에피스홀딩스,KOSPI,329500,338000,327000,339000
047040,대우건설,KOSPI,19020,18900,18760,19700
016360,삼성증권,KOSPI,85500,87000,85300,87300
007660,이수페타시스,KOSPI,102300,108500,98600,109000
161390,한국타이어앤테크놀로지,KOSPI,60400,59700,58900,61000
021240,코웨이,KOSPI,101100,108400,100500,108500
352820,하이브,KOSPI,166100,167100,165600,167800
000880,한화,KOSPI,134000,140300,132500,140400
039490,키움증권,KOSPI,262000,267000,261500,268000
064400,LG씨엔에스,KOSPI,70300,70300,69800,70900
267270,HD건설기계,KOSPI,140600,142000,138600,143200
062040,산일전기,KOSPI,211500,205000,201500,213500
128940,한미약품,KOSPI,504000,511000,500000,519000
009830,한화솔루션,KOSPI,28500,29000,28400,29450
001440,대한전선,KOSPI,31450,28850,28550,32050
326030,SK바이오팜,KOSPI,77600,80000,77600,80000
005387,현대차2우B,KOSPI,173000,175400,171100,177400
240810,원익IPS,KOSDAQ GLOBAL,121100,121100,117600,122500
032640,LG유플러스,KOSPI,14170,14700,14050,14740
175330,JB금융지주,KOSPI,30850,31850,30750,32200
241560,두산밥캣,KOSPI,59000,61100,58500,61500
000100,유한양행,KOSPI,75900,78000,75900,78300
039030,이오테크닉스,KOSDAQ,454500,474000,450000,477500
000990,DB하이텍,KOSPI,126000,128300,122400,128400
377300,카카오페이,KOSPI,40050,40950,39700,41250
058470,리노공업,KOSDAQ GLOBAL,69400,68800,67900,69800
052690,한전기술,KOSPI,134900,139000,133800,139100
353200,대덕전자,KOSPI,102900,103400,101600,106100
088350,한화생명,KOSPI,5890,6040,5850,6100
029780,삼성카드,KOSPI,43950,44600,43750,44600
004020,현대제철,KOSPI,35700,35000,34750,36050
138930,BNK금융지주,KOSPI,15700,15850,15530,15860
222800,심텍,KOSDAQ GLOBAL,126000,132000,124700,132200
088980,맥쿼리인프라,KOSPI,9780,9770,9690,9800
066970,엘앤에프,KOSPI,110900,114800,110100,115200
036570,NC,KOSPI,209000,208000,206500,213000
108490,로보티즈,KOSDAQ,306000,313500,304500,314500
454910,두산로보틱스,KOSPI,69500,70200,69200,71000
403870,HPSP,KOSDAQ GLOBAL,53500,54500,52900,54600
051900,LG생활건강,KOSPI,294000,298500,290500,298500
271560,오리온,KOSPI,111500,113600,110400,114300
011790,SKC,KOSPI,87600,88800,87100,88900
082740,한화엔진,KOSPI,51400,52700,51200,52900
034220,LG디스플레이,KOSPI,8400,8480,8350,8590
001450,현대해상,KOSPI,48450,49600,47700,49650
002380,KCC,KOSPI,464500,472500,460500,475000
005385,현대차우,KOSPI,174000,174500,172000,177100
028300,HLB,KOSDAQ,30100,31950,29400,32200
095340,ISC,KOSDAQ,187000,191600,184500,192400
010060,OCI홀딩스,KOSPI,203500,208000,203500,210500
000250,삼천당제약,KOSDAQ,160600,163600,158600,163600
001040,CJ,KOSPI,127600,132100,126900,132300
319660,피에스케이,KOSDAQ,127100,129700,125300,129700
103590,일진전기,KOSPI,76300,71900,71400,77600
087010,펩트론,KOSDAQ,155800,150600,149100,156000
018880,한온시스템,KOSPI,3450,3355,3350,3460
031980,피에스케이홀딩스,KOSDAQ,159900,168000,159900,173900
161890,한국콜마,KOSPI,145100,147500,145000,151000
004170,신세계,KOSPI,362000,358000,357000,371000
214450,파마리서치,KOSDAQ GLOBAL,324000,333000,322000,333500
375500,DL이앤씨,KOSPI,86800,85100,84600,89000
336260,두산퓨얼셀,KOSPI,50100,50800,49350,50900
008930,한미사이언스,KOSPI,48800,50900,48300,51300
036460,한국가스공사,KOSPI,35600,36400,35250,36500
023530,롯데쇼핑,KOSPI,113000,116600,112400,118700
022100,포스코DX,KOSPI,20900,21550,20750,21550
111770,영원무역,KOSPI,72100,73000,71400,73300
084370,유진테크,KOSDAQ,137400,141400,134600,142500
012750,에스원,KOSPI,83100,84800,82300,84900
006360,GS건설,KOSPI,37100,37000,36750,39350
298380,에이비엘바이오,KOSDAQ GLOBAL,56200,57700,55600,57900
192820,코스맥스,KOSPI,272000,272000,267500,281500
028670,팬오션,KOSPI,5730,5930,5700,6040
440110,파두,KOSDAQ,61000,64300,60700,65100
035250,강원랜드,KOSPI,14380,14650,14280,14700
141080,리가켐바이오,KOSDAQ GLOBAL,81800,83600,81600,83700
064760,티씨케이,KOSDAQ GLOBAL,268500,276500,264500,276500
011780,금호석유화학,KOSPI,119800,122900,119200,123000
139130,iM금융지주,KOSPI,18130,18430,17620,18430
007340,DN오토모티브,KOSPI,49200,48300,48100,50500
251270,넷마블,KOSPI,34700,34500,34250,35200
031210,서울보증보험,KOSPI,41300,42600,41150,42600
017800,현대엘리베이터,KOSPI,73700,74700,73100,74700
010170,대한광통신,KOSDAQ,18380,16360,16170,18990
302440,SK바이오사이언스,KOSPI,35350,36600,35150,36800
257720,실리콘투,KOSDAQ,41350,42350,41000,42600
011170,롯데케미칼,KOSPI,63300,63800,62600,65900
131290,티에스이,KOSDAQ,243000,255500,243000,258500
145020,휴젤,KOSDAQ,213000,232000,212500,233500
004800,효성,KOSPI,160500,162100,156900,162100
095610,테스,KOSDAQ GLOBAL,138100,139800,137500,141500
383220,F&F,KOSPI,69300,68600,67700,69400
097950,CJ제일제당,KOSPI,174400,177800,174600,178400
003690,코리안리,KOSPI,14900,15180,14840,15190
085620,미래에셋생명,KOSPI,19410,20050,19200,20250
357780,솔브레인,KOSDAQ GLOBAL,331000,336000,326500,337000
067310,하나마이크론,KOSDAQ,38550,38250,37450,39000
026960,동서,KOSPI,25450,25600,25200,25700
226950,올릭스,KOSDAQ GLOBAL,111600,113200,109100,114300
080220,제주반도체,KOSDAQ,73600,74700,72900,74900
319400,현대무벡스,KOSDAQ,22650,22150,21850,23200
009420,한올바이오파마,KOSPI,47850,49000,47650,49850
450080,에코프로머티,KOSPI,34900,35650,34700,35750
004990,롯데지주,KOSPI,24550,25050,24300,25100
310210,보로노이,KOSDAQ,132700,141100,130300,141100
489790,한화비전,KOSPI,47400,46000,45400,48300
032820,우리기술,KOSDAQ,13840,13600,13210,14050
282330,BGF리테일,KOSPI,137600,142100,136100,143200
004370,농심,KOSPI,392000,398000,386500,398500
000240,한국앤컴퍼니,KOSPI,24850,24750,24200,24750
005850,에스엘,KOSPI,50400,51100,50000,51300
014680,한솔케미칼,KOSPI,214500,219000,211500,221000
005440,현대지에프홀딩스,KOSPI,12710,13160,12640,13170
001720,신영증권,KOSPI,140300,140900,140200,144400
140410,메지온,KOSDAQ,75100,74100,72100,76100
204320,HL만도,KOSPI,48150,48950,48000,49200
483650,달바글로벌,KOSPI,181300,173000,170700,185500
018670,SK가스,KOSPI,240000,242500,237500,246500
103140,풍산,KOSPI,79400,79100,78400,80100
020150,롯데에너지머티리얼즈,KOSPI,42250,40700,40700,43600
058610,에스피지,KOSDAQ,99200,100200,98400,100500
263750,펄어비스,KOSDAQ,34550,34550,34150,34850
279570,케이뱅크,KOSPI,5440,5520,5390,5530
112610,씨에스윈드,KOSPI,51700,51900,51100,53700
178320,서진시스템,KOSDAQ,33900,35000,33250,35000
009970,영원무역홀딩스,KOSPI,170000,168800,166100,169500
214370,케어젠,KOSDAQ,39850,40900,39650,41050
069960,현대백화점,KOSPI,99000,100900,98200,101200
005290,동진쎄미켐,KOSDAQ,41300,41700,41050,41750
051600,한전KPS,KOSPI,46850,47800,46550,47950
347850,디앤디파마텍,KOSDAQ,45100,46000,44700,46150
139480,이마트,KOSPI,73800,73600,73000,74000
214150,클래시스,KOSDAQ GLOBAL,31250,31900,31000,31950
043260,성호전자,KOSDAQ,26550,22250,21700,28050
081660,미스토홀딩스,KOSPI,38350,38950,37800,39500
073240,금호타이어,KOSPI,7040,7170,7010,7330
030530,원익홀딩스,KOSDAQ,25900,25950,25000,26050
030000,제일기획,KOSPI,17400,17490,17230,17510
083650,비에이치아이,KOSDAQ,63900,65200,62700,65300
002790,아모레퍼시픽홀딩스,KOSPI,25950,26750,25950,26750
457190,이수스페셜티케미컬,KOSPI,65200,65500,64400,66000
007070,GS리테일,KOSPI,23300,24150,23050,24150
237690,에스티팜,KOSDAQ GLOBAL,92300,93300,90600,94000
098460,고영,KOSDAQ,27750,29300,27550,30250
000155,두산우,KOSPI,471500,469000,450000,472500
229640,LS에코에너지,KOSPI,60100,53800,53400,63000
041510,에스엠,KOSDAQ GLOBAL,81100,83200,80600,83500
181710,NHN,KOSPI,57200,57000,55900,59300
462870,시프트업,KOSPI,31100,31500,30800,31650
439260,대한조선,KOSPI,46900,47250,46650,47550
071970,HD현대마린엔진,KOSPI,51900,51600,50100,52500
060370,LS마린솔루션,KOSDAQ,33600,32950,32950,36200
089860,롯데렌탈,KOSPI,48850,48250,48250,50200
140860,파크시스템스,KOSDAQ GLOBAL,253500,262000,252000,263500
068760,셀트리온제약,KOSDAQ,38900,39700,38400,39800
475150,SK이터닉스,KOSPI,51000,49800,49100,51900
120110,코오롱인더,KOSPI,57300,57100,56800,59100
023590,다우기술,KOSPI,39750,40100,39200,40550
089030,테크윙,KOSDAQ,45550,46700,45300,47500
131970,두산테스나,KOSDAQ GLOBAL,86400,82400,81800,87800
001430,세아베스틸지주,KOSPI,44850,46100,44650,46250
001120,LX인터내셔널,KOSPI,41850,41950,41550,42650
000120,CJ대한통운,KOSPI,70700,72000,70400,72300
008770,호텔신라,KOSPI,40750,41100,40400,41150
218410,RFHIC,KOSDAQ,60900,55000,54700,62900
020560,아시아나항공,KOSPI,7770,8000,7730,8020
437730,삼현,KOSDAQ,49950,50300,48700,50400
012630,HDC,KOSPI,26900,27000,26550,27250
183300,코미코,KOSDAQ,30800,30350,29500,31800
007390,네이처셀,KOSDAQ,24650,24750,24550,24900
096530,씨젠,KOSDAQ GLOBAL,33850,33850,32900,34150
093370,후성,KOSPI,14670,14910,14230,15100
006040,동원산업,KOSPI,35700,36250,35550,36550
294870,IPARK현대산업개발,KOSPI,23700,23600,23450,24100
395400,SK리츠,KOSPI,5080,5200,5000,5200
001820,삼화콘덴서,KOSPI,144900,141300,139900,151000
036540,SFA반도체,KOSDAQ,9010,8780,8750,9090
009155,삼성전기우,KOSPI,507000,502000,501000,513000
011210,현대위아,KOSPI,54600,55600,54200,55800
089970,브이엠,KOSDAQ,55000,54800,53400,55500
001800,오리온홀딩스,KOSPI,24200,24700,24100,24700
281820,케이씨텍,KOSPI,73000,73900,71700,74200
420770,기가비스,KOSDAQ,112200,101300,101300,113500
006280,녹십자,KOSPI,122200,124200,120700,124200
322000,HD현대에너지솔루션,KOSPI,125900,122000,122000,130500
0009K0,에임드바이오,KOSDAQ,21750,22650,21550,22750
298020,효성티앤씨,KOSPI,326500,325000,324500,330000
241710,코스메카코리아,KOSDAQ GLOBAL,131400,130500,129200,136400
039200,오스코텍,KOSDAQ,36900,37600,36300,37600
097230,HJ중공업,KOSPI,15630,15700,15450,15900
323280,태성,KOSDAQ,45200,46250,44500,46300
005070,코스모신소재,KOSPI,41850,41450,41000,42400
078600,대주전자재료,KOSDAQ,88000,87500,86700,88300
035900,JYP Ent.,KOSDAQ GLOBAL,38600,38650,38400,39050
204270,제이앤티씨,KOSDAQ,23350,22600,22300,23750
950160,코오롱티슈진,KOSDAQ,15970,16390,15930,16420
00680K,미래에셋증권2우B,KOSPI,10500,10650,10380,10820
082920,비츠로셀,KOSDAQ GLOBAL,29250,29550,29000,30400
361610,SK아이이테크놀로지,KOSPI,15800,16380,15700,16380
415640,KB발해인프라,KOSPI,10420,10450,10290,11000
069620,대웅제약,KOSPI,110100,111600,109200,111800
007810,코리아써키트,KOSPI,52300,53300,51400,53300
001740,SK네트웍스,KOSPI,6280,6360,6260,6390
007310,오뚜기,KOSPI,314500,323000,311500,324500
347700,스피어,KOSDAQ,24150,23800,23100,24600
290650,엘앤씨바이오,KOSDAQ,45900,46500,45450,47450
003540,대신증권,KOSPI,26100,26700,25900,26700
003380,하림지주,KOSDAQ GLOBAL,11120,11250,10990,11310
192080,더블유게임즈,KOSPI,58400,59200,57500,59200
000815,삼성화재우,KOSPI,403500,412000,403500,417500
127120,제이에스링크,KOSDAQ,32450,32550,31200,32600
300720,한일시멘트,KOSPI,16290,16340,16010,16360
066575,LG전자우,KOSPI,68200,68800,67500,69200
280360,롯데웰푸드,KOSPI,126900,128500,125150,129500
330590,롯데리츠,KOSPI,4020,3970,3955,4030
004000,롯데정밀화학,KOSPI,44700,44950,44450,45250
000210,DL,KOSPI,54800,55300,54000,55300
030610,교보증권,KOSPI,10000,10040,9910,10140
195940,HK이노엔,KOSDAQ GLOBAL,38800,39500,38400,39700
166090,하나머티리얼즈,KOSDAQ,55400,55100,54800,56650
006340,대원전선,KOSPI,13930,13020,13000,14230
017960,한국카본,KOSPI,21100,21500,21000,21500
252990,샘씨엔에스,KOSDAQ,17350,16950,16870,17800
000080,하이트진로,KOSPI,15000,15040,14850,15110
496320,본시스템즈,KONEX,1023000,0,0,0
056190,SFA,KOSDAQ GLOBAL,28150,27550,27100,28800
003240,태광산업,KOSPI,896000,927000,896000,927000
293490,카카오게임즈,KOSDAQ GLOBAL,9160,9800,9090,9800
195870,해성디에스,KOSPI,58100,54600,52600,58800
232140,와이씨,KOSDAQ,11930,12190,11770,12250
006120,SK디스커버리,KOSPI,55500,57100,55300,57500
003530,한화투자증권,KOSPI,4520,4660,4495,4710
192400,쿠쿠홀딩스,KOSPI,27000,27400,26750,27400
458870,씨어스,KOSDAQ,24550,24000,23450,25050
077970,STX엔진,KOSPI,23700,24200,23500,24300
000370,한화손해보험,KOSPI,8110,8330,8070,8390
051915,LG화학우,KOSPI,121400,119200,116800,122500
451800,한화리츠,KOSPI,5230,5320,5230,5500
100790,미래에셋벤처투자,KOSDAQ,17610,17170,17090,18300
003570,SNT다이내믹스,KOSPI,28300,28950,28000,28950
032350,롯데관광개발,KOSPI,11700,11770,11660,11970
086450,동국제약,KOSDAQ GLOBAL,21150,21000,20600,21400
009240,한샘,KOSPI,39000,39300,38850,39800
003090,대웅,KOSPI,15840,16020,15680,16020
417200,LS머트리얼즈,KOSDAQ,13730,13150,13010,14150
950260,인제니아테라퓨틱스(Reg.S),KOSDAQ,18290,18400,17260,20400
006110,삼아알미늄,KOSPI,60000,61100,59300,61400
009450,경동나비엔,KOSPI,61200,59300,59300,61700
119850,지엔씨에너지,KOSDAQ,53800,52100,51600,56700
101490,에스앤에스텍,KOSDAQ GLOBAL,41450,42000,41100,42000
034230,파라다이스,KOSPI,9650,9790,9600,9820
003160,디아이,KOSPI,31400,31600,30850,31800
356860,티엘비,KOSDAQ,37450,38750,37100,39150
030190,NICE평가정보,KOSPI,15320,15800,15200,15800
185750,종근당,KOSPI,64300,65700,63800,65900
285130,SK케미칼,KOSPI,50900,52700,50700,52900
071055,한국금융지주우,KOSPI,147900,148500,142100,149500
327260,RF머트리얼즈,KOSDAQ,48500,45500,45000,50800
000670,영풍,KOSPI,47800,46250,45100,49500
005300,롯데칠성,KOSPI,94400,95100,93800,95300
071320,지역난방공사,KOSPI,74300,75400,74600,75500
065350,신성델타테크,KOSDAQ,31050,31150,30600,31900
079160,CJ CGV,KOSPI,5250,5260,5220,5340
099320,쎄트렉아이,KOSDAQ,78600,79200,77300,79800
003470,유안타증권,KOSPI,4485,4620,4440,4660
083450,GST,KOSDAQ,46250,47450,45850,47500
014620,성광벤드,KOSDAQ GLOBAL,32250,32450,31800,32550
160190,하이젠알앤엠,KOSDAQ,26600,24950,23650,27800
031330,에스에이엠티,KOSDAQ,8310,8350,8250,8490
036830,솔브레인홀딩스,KOSDAQ GLOBAL,41400,41300,40700,41950
004490,세방전지,KOSPI,59800,61100,59600,61700
032500,케이엠더블유,KOSDAQ,19330,18300,18230,19520
122870,와이지엔터테인먼트,KOSDAQ GLOBAL,43850,44350,43350,44550
388720,유일로보틱스,KOSDAQ,69300,71300,69100,71300
475830,오름테라퓨틱,KOSDAQ,37400,37400,37400,37400
035760,CJ ENM,KOSDAQ GLOBAL,36600,37700,36100,38150
115180,큐리언트,KOSDAQ,21700,22400,21400,22600
445680,큐리옥스바이오시스템즈,KOSDAQ,45750,47800,45250,48000
005090,SGC에너지,KOSPI,54500,54500,53900,56600
032190,다우데이타,KOSDAQ,20150,20350,20100,20450
041830,인바디,KOSDAQ,57700,58400,57000,58500
033100,제룡전기,KOSDAQ GLOBAL,48150,47400,47050,48900
090710,휴림로봇,KOSDAQ,6430,6250,6210,6540
090360,로보스타,KOSDAQ,78900,79800,78400,80300
251970,펌텍코리아,KOSDAQ GLOBAL,62000,61400,60000,63800
499790,GS피앤엘,KOSPI,38800,39300,38500,39500
476830,알지노믹스,KOSDAQ,26950,27600,26500,27850
100840,SNT에너지,KOSPI,36750,37600,36500,37600
036530,SNT홀딩스,KOSPI,46050,46700,45700,46750
053800,안랩,KOSDAQ,67300,65200,64500,68200
491000,리브스메드,KOSDAQ,29750,29600,29000,30500
044490,태웅,KOSDAQ,37800,38000,37350,38250
005690,파미셀,KOSPI,12650,12200,12100,13820
005180,빙그레,KOSPI,84800,86000,84800,86700
365550,ESR켄달스퀘어리츠,KOSPI,3065,3140,3035,3140
225570,넥슨게임즈,KOSDAQ,11240,11500,11090,11510
100090,SK오션플랜트,KOSPI,11960,12000,11860,12190
295310,에이치브이엠,KOSDAQ,60200,61000,58800,61300
085660,차바이오텍,KOSDAQ,7960,7840,7690,8000
038500,삼표시멘트,KOSDAQ GLOBAL,6910,6860,6800,6950
161580,필옵틱스,KOSDAQ,31450,31950,31200,32000
298050,HS효성첨단소재,KOSPI,165000,168600,163900,170200
041960,코미팜,KOSDAQ,9800,9610,9550,9840
189300,인텔리안테크,KOSDAQ,68800,70000,68100,70000
074600,원익QnC,KOSDAQ,27900,27700,27250,28300
171090,선익시스템,KOSDAQ,71800,72700,71600,73800
094800,맵스리얼티,KOSPI,7800,7960,7370,7990
213420,덕산네오룩스,KOSDAQ,29450,30200,29250,30350
466100,클로봇,KOSDAQ,23300,23500,23200,23800
137310,에스디바이오센서,KOSPI,6090,6200,5970,6260
214320,이노션,KOSPI,18110,18170,17950,18220
388210,씨엠티엑스,KOSDAQ,74300,74600,74000,77500
006730,서부T&D,KOSDAQ GLOBAL,11170,11330,11050,11360
003850,보령,KOSPI,8280,8520,8250,8600
281740,레이크머티리얼즈,KOSDAQ,10810,10960,10690,11020
425420,티에프이,KOSDAQ,56200,58700,55700,58700
090460,비에이치,KOSPI,20400,19900,19600,20750
124500,아이티센글로벌,KOSDAQ,29600,29850,28950,29950
137400,피엔티,KOSDAQ GLOBAL,29000,29100,28700,29300
064960,SNT모티브,KOSPI,26100,26400,25800,26500
093320,케이아이엔엑스,KOSDAQ,140000,138000,137500,141900
456040,OCI,KOSPI,75000,76000,74600,76800
476060,온코닉테라퓨틱스,KOSDAQ,14880,15360,14800,15380
023160,태광,KOSDAQ GLOBAL,26450,26500,25900,26750
293940,신한알파리츠,KOSPI,5550,5420,5400,5550
268280,미원에스씨,KOSPI,132100,134200,131400,134200
059090,미코,KOSDAQ,20000,20450,19980,20650
033790,피노,KOSDAQ,8040,7590,7500,8270
328130,루닛,KOSDAQ,8800,9290,8760,9350
002960,한국쉘석유,KOSPI,506000,510000,505000,510000
048410,현대바이오,KOSDAQ,6800,6790,6680,6890
069260,TKG휴켐스,KOSPI,16200,16600,16030,16610
121600,나노신소재,KOSDAQ,52900,52400,51900,53500
005880,대한해운,KOSPI,2025,2065,2020,2095
017940,E1,KOSPI,94900,95700,90000,96300
001060,JW중외제약,KOSPI,27900,28100,27750,28250
006650,대한유화,KOSPI,98700,98200,95700,100800
000400,롯데손해보험,KOSPI,2075,2125,2050,2125
122640,예스티,KOSDAQ,29600,29800,29150,30050
001570,금양,KOSPI,9900,0,0,0
093050,LF,KOSPI,21600,22050,21600,22300
000640,동아쏘시오홀딩스,KOSPI,93600,94700,93000,95500
317450,명인제약,KOSPI,42500,42400,42350,42850
253450,스튜디오드래곤,KOSDAQ GLOBAL,20900,21150,20650,21950
014820,동원시스템즈,KOSPI,21350,21550,21100,21750
358570,지아이이노베이션,KOSDAQ,9440,9110,9000,9620
033640,네패스,KOSDAQ,26750,26900,25600,27000
001680,대상,KOSPI,17810,17960,17700,18100
017900,광전자,KOSPI,10580,10280,10230,11500
383800,LX홀딩스,KOSPI,8000,8060,7990,8090
064290,인텍플러스,KOSDAQ,46950,49750,45700,50400
248070,솔루엠,KOSPI,12420,12540,12220,12640
079900,전진건설로봇,KOSPI,41150,41100,40550,41700
222080,SFA넥셀,KOSDAQ GLOBAL,7740,7750,7610,7780
002840,미원상사,KOSPI,133300,136900,133200,137500
00088K,한화3우B,KOSPI,40700,42550,40550,42550
050890,쏠리드,KOSDAQ,9840,9410,9400,10270
075580,세진중공업,KOSPI,10330,10470,10310,10520
453340,현대그린푸드,KOSPI,18460,18980,18130,19190
033240,자화전자,KOSPI,27300,26850,26650,28050
036810,에프에스티,KOSDAQ,26950,27400,26750,27450
102710,이엔에프테크놀로지,KOSDAQ,41400,42500,41000,42600
053610,프로텍,KOSDAQ,65100,66500,64800,66700
108320,LX세미콘,KOSPI,35750,36250,35600,36800
126340,비나텍,KOSDAQ,80700,78100,76500,83500
336370,솔루스첨단소재,KOSPI,8210,8130,7960,8300
046890,서울반도체,KOSDAQ GLOBAL,9900,10040,9850,10050
016380,KG스틸,KOSPI,5700,5730,5690,5790
094170,동운아나텍,KOSDAQ,27200,27900,27150,28350
025540,한국단자,KOSPI,56400,56900,55900,56900
045100,한양이엔지,KOSDAQ,31850,30800,30350,32650
114090,GKL,KOSPI,9020,9050,8950,9090
052400,코나아이,KOSDAQ GLOBAL,37800,38000,37500,38450
003300,한일홀딩스,KOSPI,18030,18190,17630,18190
001530,DI동일,KOSPI,26800,27250,26400,27700
001510,SK증권,KOSPI,2355,2385,2340,2400
005810,풍산홀딩스,KOSPI,37700,37600,37350,37800
178920,PI첨단소재,KOSPI,18560,18750,18440,18890
002350,넥센타이어,KOSPI,5560,5620,5500,5650
253590,네오셈,KOSDAQ,12270,12430,12140,12660
079940,가비아,KOSDAQ,40000,39150,39150,42450
0220W0,한화머시너리앤서비스홀딩스,KOSPI,6350,6720,6310,6880
284740,쿠쿠홈시스,KOSPI,23700,24000,23550,24000
007700,F&F홀딩스,KOSPI,13680,13660,13580,14100
004710,한솔테크닉스,KOSPI,9940,9230,9180,10080
456160,지투지바이오,KOSDAQ,31750,32700,31500,33000
490470,세미파이브,KOSDAQ,15490,15620,15360,16000
058650,세아홀딩스,KOSPI,130400,131800,130300,132800
00104K,CJ4우(전환),KOSPI,123600,129200,118000,129200
009520,포스코엠텍,KOSDAQ GLOBAL,12740,12770,12670,12900
077360,덕산하이메탈,KOSDAQ,11600,11450,11290,12240
001270,부국증권,KOSPI,50600,50800,50400,51500
211050,인카금융서비스,KOSDAQ,10500,10570,10470,10630
060250,NHN KCP,KOSDAQ,13100,13450,13000,13610
484870,엠앤씨솔루션,KOSPI,18910,18580,18100,19110
003620,KG모빌리티,KOSPI,2580,2610,2570,2625
452260,한화갤러리아,KOSPI,2695,2650,2645,2740
037460,삼지전자,KOSDAQ,31050,31100,30900,31350
460860,동국제강,KOSPI,10300,10050,10000,10450
399720,가온칩스,KOSDAQ,42800,44950,42400,44950
112040,위메이드,KOSDAQ,14980,15390,14910,15550
397030,에이프릴바이오,KOSDAQ,18100,17860,17600,18370
192650,드림텍,KOSPI,7640,7660,7450,7760
025980,아난티,KOSDAQ,5130,5240,5100,5290
356680,엑스게이트,KOSDAQ,17490,17920,17430,18440
009410,태영건설,KOSPI,1680,1699,1664,1700
376900,로킷헬스케어,KOSDAQ,28350,28550,27750,28800
002990,금호건설,KOSPI,13380,13450,13280,14450
033500,동성화인텍,KOSDAQ,16600,16900,16490,16900
019210,와이지-원,KOSDAQ,13300,13300,12700,13520
019170,신풍제약,KOSPI,9410,9330,9290,9440
101160,월덱스,KOSDAQ,29900,30300,29900,30400
052020,에스티큐브,KOSDAQ,7260,7320,7050,7380
086900,메디톡스,KOSDAQ,66900,67900,66200,68200
161000,애경케미칼,KOSPI,10060,10150,9950,10280
001500,현대차증권,KOSPI,7920,7980,7850,8000
145990,삼양사,KOSPI,47300,47400,47050,47950
448730,삼성FN리츠,KOSPI,5340,5360,5300,5700
035890,서희건설,KOSDAQ,2330,2300,2300,2365
003545,대신증권우,KOSPI,20050,20350,19910,20400
099190,아이센스,KOSDAQ,16200,15890,15890,16220
004690,삼천리,KOSPI,129900,133700,130350,133700
056080,유진로봇,KOSDAQ,12490,11950,11950,12950
015750,성우하이텍,KOSDAQ,5980,6040,5950,6070
377740,바이오노트,KOSPI,4680,4715,4605,4720
039130,하나투어,KOSPI,30650,31800,30450,32000
460930,현대힘스,KOSDAQ,13340,13620,13160,13620
034950,한국기업평가,KOSDAQ,103300,102800,102800,104000
027360,아주IB투자,KOSDAQ,3865,3830,3805,4040
080580,오킨스전자,KOSDAQ,22200,22450,21600,23200
089890,코세스,KOSDAQ,28200,28200,27650,29950
010780,아이에스동서,KOSPI,15500,15040,15030,15680
383310,에코프로에이치엔,KOSDAQ,22300,22800,22200,23200
069540,빛과전자,KOSDAQ,4100,4200,4095,4400
092870,엑시콘,KOSDAQ,35400,33750,33750,36650
368770,파이버프로,KOSDAQ,14020,13350,12970,14150
214430,아이쓰리시스템,KOSDAQ,62200,60500,60500,62700
365340,성일하이텍,KOSDAQ,35150,35500,34600,36400
002240,고려제강,KOSPI,17070,17000,16900,17070
348340,뉴로메카,KOSDAQ,19420,18650,18610,19500
029460,케이씨,KOSPI,41250,40000,40000,41300
219130,타이거일렉,KOSDAQ,72000,72300,70300,76600
082270,젬백스,KOSDAQ,10230,10250,9970,10610
249420,일동제약,KOSPI,14390,14640,14310,14670
002030,아세아,KOSPI,220000,220000,214000,223000
090435,아모레퍼시픽우,KOSPI,42200,46400,40550,46400
144960,뉴파워프라즈마,KOSDAQ,10210,9790,9710,10400
005250,녹십자홀딩스,KOSPI,9590,9690,9550,9800
003030,세아제강지주,KOSPI,108900,105600,104700,109100
348370,엔켐,KOSDAQ,20250,20700,20100,20950
278280,천보,KOSDAQ,36850,37700,36450,37950
000070,삼양홀딩스,KOSPI,58400,60100,57500,60300
098120,마이크로컨텍솔,KOSDAQ,53100,53000,50700,54400
008060,대덕,KOSPI,14240,14650,14160,14670
034310,NICE,KOSPI,12020,12160,11970,12240
125490,한라캐스트,KOSDAQ,11910,11750,11560,12920
004700,조광피혁,KOSPI,66100,68000,66100,68000
340570,티앤엘,KOSDAQ,27300,27350,26650,27600
336570,원텍,KOSDAQ,4905,4990,4890,5080
024850,HLB이노베이션,KOSDAQ,13820,15070,13550,15250
003280,흥아해운,KOSPI,1802,1817,1803,1833
041190,우리기술투자,KOSDAQ,5430,5310,5200,5490
013030,하이록코리아,KOSDAQ,36850,35850,35500,37150
016610,DB증권,KOSPI,10200,10250,10050,10250
130660,한전산업,KOSPI,13040,13030,12810,13170
005945,NH투자증권우,KOSPI,22350,22750,22350,22850
306200,세아제강,KOSPI,149100,146200,146200,150300
290550,디케이티,KOSDAQ,21250,19490,19230,21650
067160,SOOP,KOSDAQ GLOBAL,36850,37300,36650,37600
072710,농심홀딩스,KOSPI,90300,90500,90100,91100
332570,PS일렉트로닉스,KOSDAQ,9110,8720,8520,9220
187660,페니트리움바이오,KOSDAQ,6530,6550,6300,6790
271940,일진하이솔루스,KOSPI,11490,11490,11230,11490
009900,명신산업,KOSPI,7910,7980,7900,8030
204620,글로벌텍스프리,KOSDAQ,5850,5870,5820,6140
104830,원익머트리얼즈,KOSDAQ,32900,33000,32400,33100
030520,한컴,KOSDAQ,17010,17200,16980,17280
403550,쏘카,KOSPI,10790,11250,10790,11250
014830,유니드,KOSPI,60800,61400,60400,61900
018290,브이티,KOSDAQ,11750,11840,11650,11910
092230,KPX홀딩스,KOSPI,96500,97500,96000,98700
078340,컴투스,KOSDAQ GLOBAL,33450,34000,33200,34250
376300,디어유,KOSDAQ,17100,17250,17020,17390
272290,이녹스첨단소재,KOSDAQ GLOBAL,20400,20850,20150,21050
357120,코람코라이프인프라리츠,KOSPI,4110,4125,4025,4125
005389,현대차3우B,KOSPI,170900,171000,171000,173500
001200,유진투자증권,KOSPI,4150,4290,4125,4310
005420,코스모화학,KOSPI,10420,10460,10340,10510
016590,신대양제지,KOSPI,9990,10020,9690,10070
078130,국일제지,KOSDAQ,3470,3550,3470,3595
003000,부광약품,KOSPI,3995,3975,3960,4040
092190,서울바이오시스,KOSDAQ,8610,8740,8600,9100
241770,메카로,KOSDAQ,38150,38250,38050,39250
015360,INVENI,KOSPI,14440,14750,14400,14750
183190,아세아시멘트,KOSPI,10770,10760,10460,10970
174900,앱클론,KOSDAQ,19570,20000,19200,20150
078350,한양디지텍,KOSDAQ,25000,22050,21850,25850
468530,프로티나,KOSDAQ,35200,33900,33750,37350
002810,삼영무역,KOSPI,21250,21550,20850,21600
317400,자이에스앤디,KOSPI,10090,10110,9930,10700
101730,위메이드맥스,KOSDAQ,4585,4690,4550,4690
441270,파인엠텍,KOSDAQ,9070,9230,9020,9300
107640,한중엔시에스,KOSDAQ,42100,41700,40750,42350
344820,KCC글라스,KOSPI,24000,24500,23650,24650
020000,한섬,KOSPI,17620,16040,15860,18220
439960,코스모로보틱스,KOSDAQ,11560,11500,11340,11830
029530,신도리코,KOSPI,38700,39000,38500,39200
477850,마키나락스,KOSDAQ,21150,21050,20850,22200
006910,보성파워텍,KOSDAQ,7650,7500,7380,7750
018000,유니슨,KOSDAQ,1246,1224,1214,1285
089010,켐트로닉스,KOSDAQ,22450,22600,22150,22800
095660,네오위즈,KOSDAQ,17750,18050,17320,18300
001940,KISCO홀딩스,KOSPI,26400,26500,26000,26800
486990,노타,KOSDAQ,17520,17410,17400,17580
008730,율촌화학,KOSPI,15080,15260,15040,15400
475960,토모큐브,KOSDAQ,27500,28100,27300,28200
194370,제이에스코퍼레이션,KOSPI,12700,13000,12600,13050
031430,신세계인터내셔날,KOSPI,10500,10590,10400,10680
006220,제주은행,KOSPI,9730,9890,9690,9900
126560,현대퓨처넷,KOSPI,3365,3360,3315,3370
092730,네오팜,KOSDAQ,23050,23200,22600,23300
036800,나이스정보통신,KOSDAQ,7950,8010,7920,8200
092790,넥스틸,KOSPI,14020,14030,13950,14300
386380,스카이랩스,KOSDAQ,19470,20400,19400,21150
078020,LS증권,KOSDAQ,6570,6530,6520,6610
003800,에이스침대,KOSDAQ,32650,32600,32300,32900
215200,메가스터디교육,KOSDAQ,34800,35100,34800,35350
042000,카페24,KOSDAQ,15080,15390,14890,15630
950210,프레스티지바이오파마,KOSPI,6000,6000,5930,6140
033160,엠케이전자,KOSDAQ,14690,14510,14380,14890
236200,슈프리마,KOSDAQ,51300,51700,50900,52100
027410,BGF,KOSPI,3735,3745,3710,3765
003350,한국화장품제조,KOSPI,15670,14870,14350,16700
0120G0,삼양바이오팜,KOSPI,48400,49750,47850,49850
170920,엘티씨,KOSDAQ,34200,33450,33400,34200
060980,HL홀딩스,KOSPI,39650,40350,39650,40400
114810,한솔아이원스,KOSDAQ,12640,12640,12470,12690
046970,우리로,KOSDAQ,8160,7180,7150,8890
025320,시노펙스,KOSDAQ,3835,3875,3835,3910
105630,한세실업,KOSPI,8900,8950,8810,9040
006405,삼성SDI우,KOSPI,216000,218000,214500,219500
217590,티엠씨,KOSPI,14660,13850,13650,14880
011760,현대코퍼레이션,KOSPI,26650,26950,26500,27050
089590,제주항공,KOSPI,4395,4695,4345,4695
007690,국도화학,KOSPI,37650,38100,37600,38300
005610,삼립,KOSPI,40500,40900,39700,40900
025900,동화기업,KOSDAQ,6910,6960,6870,7080
393890,더블유씨피,KOSDAQ,10270,9900,9830,10870
078160,메디포스트,KOSDAQ,8900,9010,8750,9010
104700,한국철강,KOSPI,9500,9470,9310,9500
015860,일진홀딩스,KOSPI,7010,6800,6790,7030
170900,동아에스티,KOSPI,35700,36100,35450,36200
079370,제우스,KOSDAQ,11140,10520,10390,11320
448900,한국피아이엠,KOSDAQ,56400,53400,52800,58450
011930,신성이엔지,KOSPI,17050,16820,16810,17300
348210,넥스틴,KOSDAQ,32350,32100,31800,32650
069080,웹젠,KOSDAQ GLOBAL,11040,11260,11040,11360
001230,동국홀딩스,KOSPI,2195,2110,2110,2217
138080,오이솔루션,KOSDAQ,27400,27050,26550,28400
417840,저스템,KOSDAQ,14760,14710,14490,15240
389470,인벤티지랩,KOSDAQ,25350,25950,24800,26600
017810,풀무원,KOSPI,8830,8960,8810,8970
200710,에이디테크놀로지,KOSDAQ,25000,25650,24850,25800
02826K,삼성물산우B,KOSPI,225000,233000,225000,233000
064260,다날,KOSDAQ,4380,4550,4445,4645
036620,감성코퍼레이션,KOSDAQ,3755,3770,3695,3830
002310,아세아제지,KOSPI,8500,8400,8000,8500
060280,큐렉소,KOSDAQ,8040,8290,8010,8800
121440,골프존홀딩스,KOSDAQ,7750,7800,7720,7800
488900,비츠로넥스텍,KOSDAQ,11420,11650,11250,11700
455900,엔젤로보틱스,KOSDAQ,21300,20700,20300,21450
000157,두산2우B,KOSPI,356000,361000,360000,370000
145720,덴티움,KOSPI,37850,37850,37600,38900
456010,아이씨티케이,KOSDAQ,22450,22600,22100,24800
097520,엠씨넥스,KOSPI,18980,19190,18810,19480
372320,큐로셀,KOSDAQ,21500,21800,21150,21800
012030,DB,KOSPI,1628,1624,1613,1649
002020,코오롱,KOSPI,25100,24950,24450,25100
024720,콜마홀딩스,KOSPI,9440,9500,9360,9500
004310,현대약품,KOSPI,10090,10650,10030,10710
330860,네패스아크,KOSDAQ,26300,26750,25650,26750
096760,JW홀딩스,KOSPI,4370,4350,4330,4480
452430,사피엔반도체,KOSDAQ,38400,39200,38100,39500
381970,케이카,KOSPI,6540,6450,6450,6650
110990,디아이티,KOSDAQ,16780,16850,16520,16890
052710,아모텍,KOSDAQ,16980,16080,16070,18800
200470,에이팩트,KOSDAQ,7270,7180,6930,7420
093520,매커스,KOSDAQ,26400,26050,26050,26700
900290,GRT,KOSDAQ,3400,3520,3400,3520
039440,에스티아이,KOSDAQ,20000,19910,19700,20300
020120,키다리스튜디오,KOSPI,8420,9250,8420,9300
010820,퍼스텍,KOSPI,6390,6400,6200,6440
126720,수산인더스트리,KOSPI,21700,21900,21700,21950
105840,우진,KOSPI,15410,14620,14450,15610
206650,유바이오로직스,KOSDAQ,8450,8330,8330,8500
091580,상신이디피,KOSDAQ,22900,21900,21550,24150
025860,남해화학,KOSPI,6210,6110,6090,6250
010955,S-Oil우,KOSPI,76400,76200,73300,76400
009160,SIMPAC,KOSPI,4735,4750,4675,4760
215600,신라젠,KOSDAQ,2225,2230,2205,2245
009290,광동제약,KOSPI,6290,6410,6130,6580
168360,펨트론,KOSDAQ,13570,13500,13170,13600
071200,인피니트헬스케어,KOSDAQ,12430,13700,12350,13700
272450,진에어,KOSPI,5860,5930,5720,5980
352480,씨앤씨인터내셔널,KOSDAQ,22100,22300,21850,22450
200880,서연이화,KOSPI,11120,11180,11050,11280
117730,티로보틱스,KOSDAQ,13270,13860,13030,13860
424870,이뮨온시아,KOSDAQ,3305,3445,3235,3450
025770,한국정보통신,KOSDAQ,8010,8020,7960,8230
123890,한국자산신탁,KOSPI,2455,2455,2440,2475
108670,LX하우시스,KOSPI,33550,33950,33200,33950
000430,대원강업,KOSPI,4845,4920,4800,4965
042370,비츠로테크,KOSDAQ,11410,11450,10920,11970
035810,이지홀딩스,KOSDAQ,4640,4625,4600,4655
228760,지노믹트리,KOSDAQ,12120,10200,10100,12610
016800,퍼시스,KOSPI,25850,26300,25850,26300
244920,에이플러스에셋,KOSPI,14390,13950,13100,14000
101930,인화정공,KOSDAQ,6510,6500,6410,6560
005720,넥센,KOSPI,5610,5610,5560,5650
034830,한국토지신탁,KOSPI,1168,1173,1161,1185
017890,한국알콜,KOSDAQ,14290,14330,14120,14330
159010,아스플로,KOSDAQ,22100,21650,21550,22900
018250,애경산업,KOSPI,11130,11250,11100,11340
067630,HLB생명과학,KOSDAQ,2405,2550,2400,2595
003120,일성아이에스,KOSPI,22000,21700,21600,22250
001390,KG케미칼,KOSPI,4400,4450,4355,4470
002710,TCC스틸,KOSPI,11390,11480,11100,11590
001750,한양증권,KOSPI,19220,19170,19160,19300
026890,스틱인베스트먼트,KOSPI,7540,7810,7480,8000
472850,폰드그룹,KOSDAQ,5010,5000,4965,5060
482630,삼양엔씨켐,KOSDAQ,13180,13410,13110,13620
203650,드림시큐리티,KOSDAQ,2830,2810,2810,2865
199800,툴젠,KOSDAQ,31950,32300,31450,32900
099440,스맥,KOSDAQ,4215,4340,4205,4360
084690,대상홀딩스,KOSPI,7920,8040,7890,8050
058430,포스코스틸리온,KOSPI,4810,4750,4745,4835
033270,유나이티드제약,KOSPI,17930,18020,17930,18170
049070,인탑스,KOSDAQ,18180,18740,18070,18770
084010,대한제강,KOSPI,8260,8570,8180,8570
005950,이수화학,KOSPI,10840,11200,10740,11250
061970,LB세미콘,KOSDAQ,4050,4175,4035,4190
024840,KBI메탈,KOSDAQ,6500,5950,5840,6920
092460,한라IMS,KOSDAQ,16470,16730,16390,16930
002900,TYM,KOSPI,6800,6830,6690,6880
122900,아이마켓코리아,KOSPI,8360,8360,8270,8410
136480,하림,KOSDAQ,2640,2650,2630,2655
036200,유니셈,KOSDAQ,9130,9430,9100,9580
054950,제이브이엠,KOSDAQ,23050,23200,23000,23600
200670,휴메딕스,KOSDAQ,25050,25300,24650,25400
004430,송원산업,KOSPI,11540,11780,11450,11810
010580,에스엠벡셀,KOSPI,2500,2600,2500,2615
084110,휴온스글로벌,KOSDAQ,22200,22600,21850,22600
098070,한텍,KOSDAQ,24750,25200,24550,25200
265520,AP시스템,KOSDAQ,18400,18940,18290,19060
234340,헥토파이낸셜,KOSDAQ,19700,19100,19100,19820
448280,에코아이,KOSDAQ,9270,9300,9010,9300
286940,롯데이노베이트,KOSPI,18170,18440,18000,18440
003200,일신방직,KOSPI,11930,11640,11390,12390
035600,KG이니시스,KOSDAQ,9970,10080,9930,10080
484590,삼양컴텍,KOSDAQ,6710,6830,6410,6830
078520,에이블씨엔씨,KOSPI,10860,10000,9980,11100
389500,에스비비테크,KOSDAQ,41050,40500,40300,41800
160980,싸이맥스,KOSDAQ,25000,25300,24400,25450
017390,서울가스,KOSPI,54700,55700,54700,55700
089980,상아프론테크,KOSDAQ,16690,18640,16530,18640
036890,진성티이씨,KOSDAQ,12300,12360,12210,12440
309710,아이티켐,KOSDAQ,21000,0,0,0
037710,광주신세계,KOSPI,35150,35000,34950,35400
317330,덕산테코피아,KOSDAQ,13150,13360,12810,13420
010690,화신,KOSPI,7600,7600,7560,7700
151860,KG에코솔루션,KOSDAQ,5650,5680,5570,5720
091810,트리니티항공,KOSPI,2620,2655,2610,2660
182400,엔케이젠바이오텍코리아,KOSDAQ,3670,0,0,0
432320,KB스타리츠,KOSPI,1778,1706,1665,1788
043150,바텍,KOSDAQ,17840,17600,17600,17960
378340,필에너지,KOSDAQ,12150,11830,11830,12330
267980,매일유업,KOSDAQ,33800,33950,33700,34200
051500,CJ프레시웨이,KOSDAQ,21950,22000,21750,22050
232530,이엠티,KONEX,10170,11000,10100,11460
216080,제테마,KOSDAQ,7060,6760,6690,7190
294570,쿠콘,KOSDAQ,25950,25600,25250,26000
452280,한선엔지니어링,KOSDAQ,13510,13510,13260,13970
0011T0,채비,KOSDAQ,5560,5660,5500,5750
060720,KH바텍,KOSDAQ,11030,11010,10920,11050
377450,리파인,KOSDAQ,14910,15910,14720,16120
439090,마녀공장,KOSDAQ,15830,15900,15730,16100
042520,한스바이오메드,KOSDAQ,18120,18570,17780,18570
004360,세방,KOSPI,13490,13530,13450,13570
287840,인투셀,KOSDAQ,17070,17100,16500,17190
012210,삼미금속,KOSDAQ,11100,11410,10940,11530
121800,비덴트,KOSDAQ,3320,0,0,0
086390,유니테스트,KOSDAQ,12100,12130,11800,12240
091700,파트론,KOSDAQ,5190,5300,5110,5330
304360,에스바이오메딕스,KOSDAQ,20600,20450,20200,20650
005680,삼영전자,KOSPI,12740,12490,12440,12790
484120,도우인시스,KOSDAQ,22750,21050,20750,23700
003960,사조대림,KOSPI,27600,27950,27500,28200
377460,큐에이드,KOSDAQ,4080,0,0,0
005430,한국공항,KOSPI,79800,81300,79300,81300
023410,유진기업,KOSDAQ,3265,3240,3240,3320
011560,세보엠이씨,KOSDAQ,24900,24350,24250,25050
334890,이지스밸류플러스리츠,KOSPI,3645,3640,3555,3655
044820,코스맥스비티아이,KOSPI,25950,24950,24700,26150
461300,아이스크림미디어,KOSDAQ,18710,18470,18470,18840
446540,메가터치,KOSDAQ,8580,9000,8300,9060
067390,아스트,KOSDAQ,5930,5960,5820,5980
001790,대한제당,KOSPI,2870,2900,2865,2900
064820,케이프,KOSDAQ,8020,8140,7980,8140
068930,디지털대성,KOSDAQ,8850,8900,8800,8910
005500,삼진제약,KOSPI,18470,18610,18380,18750
376270,HEM파마,KOSDAQ,33650,34500,33450,34500
298690,에어부산,KOSPI,1500,1524,1496,1524
007160,사조산업,KOSPI,49100,48950,48300,49150
003920,남양유업,KOSPI,42950,42900,42700,43450
036030,케이티알파,KOSDAQ,4975,4965,4935,5050
073490,LIG아큐버,KOSDAQ,32250,32050,31950,33550
136490,선진,KOSPI,10160,10180,10000,10300
053690,한미글로벌,KOSPI,22100,22500,22000,23300
354320,알멕,KOSDAQ,37900,39000,37700,41300
394280,오픈엣지테크놀로지,KOSDAQ,9050,9370,9010,9380
108860,셀바스AI,KOSDAQ,8900,8950,8850,9060
008490,서흥,KOSPI,20400,20250,20150,20600
389650,넥스트바이오메디컬,KOSDAQ,28750,29600,28650,30000
389260,대명에너지,KOSDAQ,13250,13030,13030,13500
003070,코오롱글로벌,KOSPI,9450,9320,9160,9740
226320,잇츠한불,KOSPI,10720,10570,10510,10870
243070,휴온스,KOSDAQ,19850,20050,19700,20150
043370,피에이치에이,KOSDAQ,11140,11150,11070,11220
404990,신한서부티엔디리츠,KOSPI,3850,3805,3775,3845
019010,베뉴지,KOSDAQ,4830,4905,4810,4915
065710,서호전기,KOSDAQ,45350,45500,45150,45600
348950,제이알글로벌리츠,KOSPI,1182,0,0,0
493280,아이엠바이오로직스,KOSDAQ,15850,16450,15610,16640
000680,LS네트웍스,KOSPI,2965,2985,2955,3030
094360,칩스앤미디어,KOSDAQ,10830,11010,10780,11010
025000,KPX케미칼,KOSPI,56000,55700,55200,56300
144510,지씨셀,KOSDAQ,14650,15700,14610,15850
190510,나무가,KOSDAQ,16220,16370,16200,16840
045390,대아티아이,KOSDAQ,3290,3360,3255,3420
445090,에이직랜드,KOSDAQ,21000,21200,20850,21250
092200,디아이씨,KOSPI,5810,5600,5600,6000
481070,에이유브랜즈,KOSDAQ,16390,15530,15350,16620
134380,미원화학,KOSPI,10440,10400,10300,10440
180400,DXVX,KOSDAQ,2330,2310,2260,2400
125020,티씨머티리얼즈,KOSDAQ,6450,5950,5900,6710
030210,다올투자증권,KOSPI,3790,3875,3740,3900
100120,뷰웍스,KOSDAQ,25500,24900,24900,25650
005010,휴스틸,KOSPI,4070,4060,4035,4105
001470,삼부토건,KOSPI,5820,0,0,0
064550,바이오니아,KOSDAQ,8850,9210,8800,9250
001460,BYC,KOSPI,36200,37100,35850,38150
0008Z0,에스엔시스,KOSDAQ,23950,24650,23850,24750
114190,강원에너지,KOSDAQ,8720,8800,8650,8860
044450,KSS해운,KOSPI,10090,10170,9970,10330
000540,흥국화재,KOSPI,3510,3590,3505,3615
000490,대동,KOSPI,7820,7900,7795,7940
0001A0,덕양에너젠,KOSDAQ,8780,8710,8670,8890
425040,티이엠씨,KOSDAQ,10320,10060,10060,10430
003720,삼영,KOSPI,6590,6630,6560,6750
0030R0,대신밸류리츠,KOSPI,3745,3750,3675,3750
028100,동아지질,KOSPI,19710,19290,19110,20050
023760,한국캐피탈,KOSDAQ,1418,1410,1403,1419
254490,미래반도체,KOSDAQ,15520,15420,15370,15790
002320,한진,KOSPI,14430,14550,14370,14550
237880,클리오,KOSDAQ,12370,12300,12260,12580
382900,범한퓨얼셀,KOSDAQ,25350,25450,25000,25500
200130,콜마비앤에이치,KOSDAQ GLOBAL,7770,7870,7720,7890
298830,슈어소프트테크,KOSDAQ,4195,4285,4155,4340
009680,모토닉,KOSPI,10230,10260,10170,10300
003650,미창석유,KOSPI,127000,131500,127500,131500
475400,씨메스로보틱스,KOSDAQ,18770,18810,18550,18950
005710,대원산업,KOSDAQ,11070,10960,10830,11420
000050,경방,KOSPI,8130,8100,7990,8170
034120,SBS,KOSPI,11950,11930,11835,11980
215000,골프존,KOSDAQ,35550,35750,35250,35800
462350,이노스페이스,KOSDAQ,6460,6610,6210,6640
001340,PKC,KOSPI,4890,4890,4890,5000
416180,신성에스티,KOSDAQ,24350,24700,24300,24700
243840,신흥에스이씨,KOSDAQ,5780,5680,5600,5760
035510,신세계 I&C,KOSPI,16480,15760,15460,15790
475560,더본코리아,KOSPI,14910,14710,14620,16170
307180,아이엘,KOSDAQ,5880,5790,5770,6010
272110,케이엔제이,KOSDAQ,26900,26500,26300,28000
033920,무학,KOSPI,7670,7630,7560,7650
241520,DSC인베스트먼트,KOSDAQ,8130,8040,8040,8300
900140,엘브이엠씨홀딩스,KOSPI,1117,1126,1105,1126
094480,갤럭시아머니트리,KOSDAQ,5480,5350,5300,5500
03473K,SK우,KOSPI,379000,382000,372000,383000
018310,삼목에스폼,KOSDAQ,14590,14800,14500,14800
017860,DS단석,KOSPI,12220,12380,12100,12380
199430,케이엔알시스템,KOSDAQ,18980,19200,18840,19290
290690,아리바이오홀딩스,KOSDAQ,3980,3940,3800,4045
001250,GS글로벌,KOSPI,2560,2605,2535,2605
000320,노루홀딩스,KOSPI,15930,16200,15940,16200
088260,이리츠코크렙,KOSPI,3330,3295,3260,3350
014940,오리엔탈정공,KOSDAQ,4630,4710,4605,4740
013580,계룡건설,KOSPI,23650,23050,23050,24200
011500,한농화성,KOSPI,13330,13300,13180,13450
035150,백산,KOSPI,10600,10670,10520,10720
126730,코칩,KOSDAQ,23800,24350,23150,26050
353810,이지바이오,KOSDAQ,6330,6210,6070,6350
950170,JTC,KOSDAQ,4155,4265,4145,4265
061090,세나테크놀로지,KOSDAQ,37900,38200,37050,38900
377190,디앤디플랫폼리츠,KOSPI,2350,2275,2275,2390
459510,나우로보틱스,KOSDAQ,16050,16300,15970,16380
067080,대화제약,KOSDAQ,11130,11390,11090,11390
051905,LG생활건강우,KOSPI,99000,106100,99000,106100
380540,옵티코어,KOSDAQ,8450,0,0,0
099430,바이오플러스,KOSDAQ,3380,3340,3335,3380
064850,에프앤가이드,KOSDAQ,18050,17450,17450,18190
095500,미래나노텍,KOSDAQ,6690,6710,6640,6770
053300,한국정보인증,KOSDAQ,5230,5210,5170,5420
000650,천일고속,KOSPI,143600,143600,143000,145100
065680,우주일렉트로,KOSDAQ,22200,23000,22100,23400
206640,바디텍메드,KOSDAQ,9370,9410,9280,9480
036190,금화피에스시,KOSDAQ,34100,35000,34050,35000
049430,코메론,KOSDAQ,22700,23350,22250,23450
112290,와이씨켐,KOSDAQ,10090,10150,10050,10270
036710,심텍홀딩스,KOSDAQ,3885,4000,3830,4035
047920,HLB제약,KOSDAQ,6290,6590,6210,6590
058970,엠로,KOSDAQ,16200,16150,16090,16500
004980,성신양회,KOSPI,8240,8150,8130,8380
365270,큐라클,KOSDAQ,9260,9280,9130,9540
314930,바이오다인,KOSDAQ,6710,6780,6660,6810
003555,LG우,KOSPI,66800,67000,66100,67100
298000,효성화학,KOSPI,53600,54600,53000,55400
000480,CR홀딩스,KOSPI,4275,4355,4265,4355
217730,강스템바이오텍,KOSDAQ,2145,2160,2100,2195
123330,제닉,KOSDAQ,25150,25100,24800,25900
005960,동부건설,KOSPI,8690,8400,8240,8900
100250,진양홀딩스,KOSPI,3100,3125,3085,3125
037270,YG PLUS,KOSPI,3105,3130,3095,3145
039570,HDC랩스,KOSPI,7590,7600,7540,7650
450950,아스테라시스,KOSDAQ,5220,5160,5110,5240
388050,지투파워,KOSDAQ,10470,10400,10230,10580
053030,바이넥스,KOSDAQ,6110,6320,5990,6340
117580,대성에너지,KOSPI,7070,7110,7010,7120
078150,HB테크놀러지,KOSDAQ,2055,2100,2040,2130
484810,티엑스알로보틱스,KOSDAQ,12450,12690,12400,12860
024060,흥구석유,KOSDAQ,12820,13100,12880,13330
066620,국보디자인,KOSDAQ,25750,25500,25350,26250
126600,BGF에코머티리얼즈,KOSDAQ,3070,3070,3010,3090
304100,솔트룩스,KOSDAQ,15320,15350,15300,15530
080720,한국유니온제약,KOSDAQ,2410,0,0,0
036560,KZ정밀,KOSDAQ,12210,12200,12120,12240
046120,오르비텍,KOSDAQ,5740,5840,5630,6040
004560,현대비앤지스틸,KOSPI,12900,12810,12650,13100
000390,SP삼화,KOSPI,7090,6930,6890,7140
032580,피델릭스,KOSDAQ,5780,5300,5210,5990
042420,네오위즈홀딩스,KOSDAQ,23500,23700,23050,23800
339770,교촌에프앤비,KOSPI,3825,3815,3805,3840
053210,스카이라이프,KOSPI,4020,4030,3990,4030
452450,피아이이,KOSDAQ,5260,5290,5180,5400
052330,코텍,KOSDAQ,10750,10900,10720,10920
013120,동원개발,KOSDAQ,2100,2100,2085,2115
003520,영진약품,KOSPI,1048,1056,1036,1061
256840,한국비엔씨,KOSDAQ,2760,2800,2720,2855
067290,JW신약,KOSDAQ,3380,3615,3380,3625
001630,종근당홀딩스,KOSPI,37850,38400,37700,38400
034810,해성산업,KOSDAQ,5990,6020,5900,6020
001130,대한제분,KOSPI,11150,11210,11110,11210
102460,이연제약,KOSPI,10140,10150,10020,10210
005160,동국산업,KOSDAQ,3510,3610,3455,3755
462860,더즌,KOSDAQ,2615,2600,2550,2740
194700,노바렉스,KOSDAQ,10300,10210,10170,10430
016580,환인제약,KOSPI,10090,10140,9930,10140
016790,현대사료,KOSDAQ,994,0,0,0
002420,우양피앤엘,KOSPI,6000,5580,5430,6390
094820,일진파워,KOSDAQ,12470,12510,12300,12650
102260,동성케미컬,KOSPI,3720,3700,3685,3740
003547,대신증권2우B,KOSPI,19410,19690,19420,19690
051160,지어소프트,KOSDAQ,12110,11750,11620,12900
095570,AJ네트웍스,KOSPI,4150,4170,4095,4170
143240,사람인,KOSDAQ,17280,17530,17040,17530
260870,SK시그넷,KONEX,8130,8120,8120,8130
192440,슈피겐코리아,KOSDAQ,29700,30200,29500,30200
134580,탑코미디어,KOSDAQ,3765,3940,3675,3995
033530,SJG세종,KOSPI,6810,6800,6750,6870
102940,코오롱생명과학,KOSDAQ,14040,14220,13960,14300
108380,대양전기공업,KOSDAQ,19190,19040,18960,19600
015230,대창단조,KOSPI,6740,6810,6720,6840
085910,네오티스,KOSDAQ,13480,13450,13050,13610
003610,방림,KOSPI,5720,5720,5650,5740
000140,하이트진로홀딩스,KOSPI,7860,7960,7860,7960
128820,대성산업,KOSPI,4030,4075,3975,4100
274090,켄코아에어로스페이스,KOSDAQ,13200,11530,11230,14350
115450,HLB테라퓨틱스,KOSDAQ,1970,2055,1918,2065
088800,에이스테크,KOSDAQ,2390,2270,2230,2465
230240,에치에프알,KOSDAQ,13720,12850,12690,14100
318060,그래피,KOSDAQ,16260,16840,16080,16840
084850,아이티엠반도체,KOSDAQ,7920,8150,7870,8170
417030,니어스랩,KOSDAQ,31000,29000,28350,33650
475040,스트라드비젼,KOSDAQ,3345,3445,3335,3550
077500,유니퀘스트,KOSPI,8300,7620,7620,8680
086670,비엠티,KOSDAQ,18030,16580,16580,18100
487570,HS효성,KOSPI,48100,47700,47400,48200
213500,한솔제지,KOSPI,7560,7550,7480,7590
264850,이랜시스,KOSDAQ,5860,5680,5680,6120
419530,SAMG엔터,KOSDAQ,17450,17040,17010,17540
199820,제일일렉트릭,KOSDAQ,8010,7700,7670,8170
082800,비보존 제약,KOSDAQ,2930,3000,2880,3000
012860,모베이스전자,KOSDAQ,2415,2310,2300,2455
314130,지놈앤컴퍼니,KOSDAQ,3385,3455,2925,3515
214180,헥토이노베이션,KOSDAQ,13660,13650,13570,13790
009470,삼화전기,KOSPI,26300,25650,25550,27100
083310,엘오티베큠,KOSDAQ,9950,9930,9820,10020
464080,에스오에스랩,KOSDAQ,9790,9760,9700,9980
003220,대원제약,KOSPI,7890,7990,7830,8000
002100,경농,KOSPI,9030,9060,8970,9090
194480,데브시스터즈,KOSDAQ,14380,14600,14350,14670
007860,서연,KOSPI,7460,7500,7410,7510
032940,원익,KOSDAQ,9600,10010,9520,10150
293780,압타바이오,KOSDAQ,6100,6200,5870,6270
000300,DH오토넥스,KOSPI,4200,0,0,0
403850,더핑크퐁컴퍼니,KOSDAQ,12040,12330,12010,12400
016450,한세예스24홀딩스,KOSPI,4360,4320,4265,4350
054210,이랜텍,KOSDAQ,6830,6830,6750,6880
234080,JW생명과학,KOSPI,11010,11000,10930,11110
083930,아바코,KOSDAQ,11930,11930,11740,11940
308430,셀비온,KOSDAQ,13550,13310,13100,13610
270660,에브리봇,KOSDAQ,13680,13690,13510,13710
176750,듀켐바이오,KOSDAQ,6060,6140,6040,6180
000700,유수홀딩스,KOSPI,6630,6740,6570,6820
489460,바이오비쥬,KOSDAQ,11630,11380,11310,11770
092130,이크레더블,KOSDAQ,14530,14100,14100,14380
0015G0,그린광학,KOSDAQ,14710,15000,14670,15070
405100,큐알티,KOSDAQ,14000,13990,13790,14310
049630,재영솔루텍,KOSDAQ,7350,7330,7260,7490
002150,도화엔지니어링,KOSPI,5080,5090,5030,5180
143160,아이디스,KOSDAQ,15950,16010,15800,16140
0015N0,아로마티카,KOSDAQ,13640,13250,12980,13940
014710,사조씨푸드,KOSPI,9910,10370,9910,10370
025560,미래산업,KOSPI,6110,6110,6020,6200
204610,티쓰리,KOSDAQ,3045,3080,3010,3080
138610,나이벡,KOSDAQ,14880,15330,14880,15330
357550,석경에이티,KOSDAQ,31000,31400,30750,31400
104480,티케이케미칼,KOSDAQ,1862,1847,1820,1866
241590,화승엔터프라이즈,KOSPI,2815,2800,2770,2815
080160,모두투어,KOSDAQ,8880,9570,8920,9590
122990,와이솔,KOSDAQ,6610,6950,6570,6950
355150,코스텍시스,KOSDAQ,21650,21950,20750,22400
000520,삼일제약,KOSPI,7760,7470,7310,7860
003460,유화증권,KOSPI,2980,3040,2955,3040
086820,바이오솔루션,KOSDAQ,6480,6440,6300,6560
478340,나라스페이스테크놀로지,KOSDAQ,14200,15100,13250,15110
038390,레드캡투어,KOSDAQ,9980,10100,9970,10100
245620,EDGC,KOSDAQ,741,0,0,0
123860,아나패스,KOSDAQ,13650,13650,13170,13650
118990,모트렉스,KOSDAQ,6700,6740,6670,6790
950140,잉글우드랩,KOSDAQ,8340,8260,8150,8370
234690,녹십자웰빙,KOSDAQ,9220,9400,9190,9450
039830,오로라,KOSDAQ,15400,14810,14200,15700
013890,지누스,KOSPI,7510,7580,7440,7580
402030,코난테크놀로지,KOSDAQ,13080,13160,12980,13250
024800,유성티엔에스,KOSDAQ,4665,4850,4620,4850
263860,지니언스,KOSDAQ,18120,18830,17870,19100
382800,지앤비에스 에코,KOSDAQ,5120,5180,5050,5210
372170,윤성에프앤씨,KOSDAQ,20550,20550,20300,20800
0082N0,카나프테라퓨틱스,KOSDAQ,12230,12110,11610,12570
340450,지씨지놈,KOSDAQ,6950,7010,6710,7010
032620,GC메디아이,KOSDAQ,3130,3090,3080,3150
474650,링크솔루션,KOSDAQ,28300,27850,27050,28400
000860,강남제비스코,KOSPI,12510,12520,12420,12700
041920,메디아나,KOSDAQ,8530,8340,8260,8900
289080,SV인베스트먼트,KOSDAQ,2710,2650,2625,2850
123410,코리아에프티,KOSDAQ,5840,5820,5770,5860
068790,DMS,KOSDAQ,7530,7170,7120,7480
036170,에이치엠넥스,KOSDAQ,2665,2720,2595,2720
119830,아이텍,KOSDAQ,6170,6280,5940,6280
101530,해태제과식품,KOSPI,5530,0,0,0
126700,하이비젼시스템,KOSDAQ,10750,10950,10600,10950
413630,씨피시스템,KOSDAQ,4400,4520,4400,4785
149950,아바텍,KOSDAQ,11670,11700,11290,11930
460850,동국씨엠,KOSPI,5310,5330,5330,5440
002170,SYTS,KOSPI,53500,53500,53100,54700
264450,유비쿼스,KOSDAQ,10920,10440,10360,11000
418550,제이오,KOSDAQ,5000,4905,4905,5110
260970,에스앤디,KOSDAQ,55700,55600,55100,56900
066410,버킷스튜디오,KOSDAQ,1153,0,0,0
039860,나노엔텍,KOSDAQ,4155,4190,4165,4260
0007C0,아크릴,KOSDAQ,19870,20600,19300,22250
119610,인터로조,KOSDAQ,13980,14000,13850,14110
023910,대한약품,KOSDAQ,26400,26450,26250,26600
093190,빅솔론,KOSDAQ,8180,8350,8160,8350
072870,메가스터디,KOSDAQ,13190,13190,13060,13290
013990,아가방컴퍼니,KOSDAQ,4780,4800,4760,4840
004380,삼익THK,KOSPI,7570,7700,7500,7700
006805,미래에셋증권우,KOSPI,11690,11670,11530,11810
488280,에스투더블유,KOSDAQ,14440,14590,14410,14770
090350,노루페인트,KOSPI,7830,7860,7780,7920
222040,코스맥스엔비티,KOSDAQ,7550,7580,7420,7800
400760,NH올원리츠,KOSPI,2850,2845,2800,2895
388790,라이콤,KOSDAQ,5090,4955,4880,5290
054800,아이디스홀딩스,KOSDAQ,14990,15120,14900,15120
011040,경동제약,KOSDAQ,5060,5050,5010,5100
001780,알루코,KOSPI,1590,1575,1573,1598
007330,푸른저축은행,KOSDAQ,10100,10130,10010,10130
205500,넥써쓰,KOSDAQ,1813,1846,1748,1897
394800,쓰리빌리언,KOSDAQ,4735,5120,4575,5120
011785,금호석유화학우,KOSPI,50200,50800,50200,51200
065660,안트로젠,KOSDAQ,15140,15160,14820,15220
00279K,아모레퍼시픽홀딩스3우C,KOSPI,21250,21900,21150,21900
000970,한국주철관,KOSPI,6600,6650,6560,6650
093640,케이알엠,KOSDAQ,4605,4645,4505,4670
007570,일양약품,KOSPI,8030,8150,7820,8150
101970,우양에이치씨,KOSDAQ,10130,9600,9360,10170
041020,폴라리스오피스,KOSDAQ,3025,3100,3000,3110
138360,앤로보틱스,KOSDAQ,1700,1690,1610,1710
003830,대한화섬,KOSPI,111400,113000,111200,114000
041520,이엘씨,KOSDAQ,12250,12120,12050,12360
078070,유비쿼스홀딩스,KOSDAQ,8650,8610,8510,8770
042600,새로닉스,KOSDAQ,12000,12130,11800,12180
179290,엠아이텍,KOSDAQ,4640,4750,4590,4750
462520,조선내화,KOSPI,12740,12740,12560,12740
004090,한국석유,KOSPI,11680,11760,11630,11840
046440,KG파이낸셜,KOSDAQ,4080,4110,4055,4110
300080,플리토,KOSDAQ,9160,9320,8960,9350
054450,텔레칩스,KOSDAQ,9680,9700,9610,9820
089600,KT나스미디어,KOSDAQ,12800,12760,12760,13100
265740,엔에프씨,KOSDAQ,8250,6810,6780,8250
051370,인터플렉스,KOSDAQ,6370,6280,6250,6400
226590,엠디바이스,KOSDAQ,13760,12880,12880,14090
148150,세경하이테크,KOSDAQ,4175,4170,4085,4195
023600,삼보판지,KOSDAQ,9180,9180,9140,9250
432720,퀄리타스반도체,KOSDAQ,10410,10590,10060,10590
293480,하나제약,KOSPI,8250,8290,8240,8360
086890,이수앱지스,KOSDAQ,3580,3590,3515,3625
016880,웅진,KOSPI,1861,1870,1831,1870
271980,제일약품,KOSPI,10000,10030,9950,10110
025820,이구산업,KOSPI,4395,4340,4290,4410
049960,쎌바이오텍,KOSDAQ,15500,15640,15210,15640
004970,신라교역,KOSPI,9170,9220,9050,9220
272550,삼양패키징,KOSPI,9640,9800,9500,9800
140610,엔솔바이오사이언스,KONEX,10100,10470,9840,10470
001520,동양,KOSPI,1353,1090,1085,1353
0039P0,매드업,KOSDAQ,7700,8050,7670,8070
001045,CJ우,KOSPI,64700,68800,64000,68800
147830,제룡산업,KOSDAQ,7150,7080,7030,7250
469610,이노테크,KOSDAQ,16110,15910,15670,16180
035610,솔본,KOSDAQ,5260,5330,5250,5350
097955,CJ제일제당 우,KOSPI,109900,117300,108300,117300
005990,매일홀딩스,KOSDAQ,10710,10720,10520,10790
211270,AP위성,KOSDAQ,9490,9340,9190,9830
004150,한솔홀딩스,KOSPI,3455,3530,3475,3535
187870,디바이스,KOSDAQ,10340,10160,10160,10600
047770,코데즈컴바인,KOSDAQ,3765,3710,3705,3925
092070,디엔에프,KOSDAQ,12300,12520,12000,12550
126640,화신정공,KOSDAQ,4060,4000,3900,4330
114840,아이패밀리에스씨,KOSDAQ,8550,8600,8450,8610
489500,엘케이켐,KOSDAQ,22000,21950,21950,22650
071840,롯데하이마트,KOSPI,6010,6050,5960,6090
451760,컨텍,KOSDAQ,8550,8290,7970,8720
069510,에스텍,KOSDAQ,12610,12950,12700,13030
015890,태경산업,KOSPI,4825,4750,4750,4855
000020,동화약품,KOSPI,5060,5140,5030,5140
115310,인포바인,KOSDAQ,9400,9550,9000,9550
084990,헬릭스미스,KOSDAQ,3030,3040,3000,3095
107590,미원홀딩스,KOSPI,60400,60800,60300,60800
008350,남선알미늄,KOSPI,1086,1098,1077,1102
003480,한진중공업홀딩스,KOSPI,4795,4750,4675,4770
054920,한컴위드,KOSDAQ,4930,5120,4905,5360
073010,케이에스피,KOSDAQ,3485,3585,3455,3585
094280,효성ITX,KOSPI,12080,12090,11980,12090
228850,레이언스,KOSDAQ,8330,7380,7300,8460
001080,만호제강,KOSPI,4010,4000,3885,4000
158430,아톤,KOSDAQ,5640,5920,5630,5970
201490,미투온,KOSDAQ,4200,4465,4065,4535
290740,액트로,KOSDAQ,13870,12950,12920,13880
067280,멀티캠퍼스,KOSDAQ,23200,23300,22850,23300
220100,퓨쳐켐,KOSDAQ,6130,6300,6060,6310
212560,네오오토,KOSDAQ,10260,10380,10130,10660
457550,우진엔텍,KOSDAQ,14740,14950,14480,14950
007540,샘표,KOSPI,47400,48900,47000,49400
417010,나노팀,KOSDAQ,6730,6850,6510,7050
140670,알에스오토메이션,KOSDAQ,10540,10270,10210,10740
101360,에코앤드림,KOSDAQ,7660,7890,7620,7950
035080,그래디언트,KOSDAQ,12470,12430,11880,12460
004080,신흥,KOSPI,14660,14040,13970,16470
001210,금호전기,KOSPI,10920,10730,10510,12390
003100,선광,KOSDAQ,20500,20300,20100,20450
321550,티움바이오,KOSDAQ,4480,4560,4440,4635
003010,혜인,KOSPI,10570,9890,9600,10770
001540,안국약품,KOSDAQ,10200,10250,10110,10330
053260,금강철강,KOSDAQ,7160,7500,7130,7560
012610,경인양행,KOSPI,3260,3165,3140,3290
445180,퓨릿,KOSDAQ,7760,7500,7460,7880
156100,엘앤케이바이오,KOSDAQ,5940,5910,5850,6130
059120,아진엑스텍,KOSDAQ,7210,7200,7130,7360
039840,디오,KOSDAQ,9860,10090,9730,10090
048870,시너지이노베이션,KOSDAQ,1505,1469,1465,1508
251370,와이엠티,KOSDAQ,7340,7250,7200,7350
095700,제넥신,KOSDAQ,2850,2920,2775,2920
136540,윈스테크넷,KOSDAQ,10750,10750,10700,10810
105330,케이엔더블유,KOSDAQ,8210,7980,7800,8250
081000,일진다이아,KOSPI,9310,9310,8990,9380
002210,동성제약,KOSPI,1366,1348,1348,1382
474170,루미르,KOSDAQ,7390,7270,7010,7480
321370,센서뷰,KOSDAQ,1876,1704,1618,1973
080420,모다이노칩,KOSDAQ,1649,1650,1634,1650
004960,한신공영,KOSPI,11420,11340,11280,11560
443670,에스피소프트,KOSDAQ,5450,5890,5470,6390
024090,디씨엠,KOSPI,11500,11550,11490,11590
014280,금강공업,KOSPI,4450,4415,4415,4515
049720,고려신용정보,KOSDAQ,9150,9150,9110,9210
361390,제노코,KOSDAQ,13560,13360,12900,13450
282880,코윈로보틱스,KOSDAQ,11100,10890,10820,11220
322510,제이엘케이,KOSDAQ,5150,5150,5010,5380
038290,마크로젠,KOSDAQ,12000,11800,11650,12300
417500,제이아이테크,KOSDAQ,3970,4015,3950,4070
018470,조일알미늄,KOSPI,5120,5130,5040,5160
037070,파세코,KOSDAQ,6420,6460,6210,6500
102120,어보브반도체,KOSDAQ,7310,7210,7150,7350
079960,동양이엔피,KOSDAQ,17160,16880,16830,17370
009270,신원,KOSPI,1122,1096,1096,1144
264660,씨앤지하이테크,KOSDAQ,13390,13260,13180,13470
267290,경동도시가스,KOSPI,21950,22000,21650,22000
214390,경보제약,KOSPI,5540,5410,5350,5500
060150,인선이엔티,KOSDAQ,2845,2915,2790,2955
232680,라온로보틱스,KOSDAQ,9620,9750,9610,9860
042510,라온시큐어,KOSDAQ,11470,11900,11430,11990
021320,KCC건설,KOSDAQ,5930,6020,5880,6120
267320,나인테크,KOSDAQ,2235,2270,2205,2270
163730,핑거,KOSDAQ,9790,9580,9410,10240
285490,노바텍,KOSDAQ,12010,12000,11960,12070
079650,서산,KOSDAQ,6370,6550,6320,6990
006060,화승인더,KOSPI,2300,2395,2280,2395
142210,유니트론텍,KOSDAQ,6060,6050,6030,6160
013520,화승코퍼레이션,KOSPI,2530,2550,2510,2575
338840,와이바이오로직스,KOSDAQ,8220,8260,8090,8440
307750,국전,KOSDAQ,2335,2315,2310,2375
027710,팜스토리,KOSDAQ,1143,1137,1132,1152
950190,고스트스튜디오,KOSDAQ,9740,10000,9680,10220
331920,셀레믹스,KOSDAQ,11290,11310,10520,11690
408920,메쎄이상,KOSDAQ,2915,2955,2870,2960
108230,톱텍,KOSDAQ,3290,3175,3140,3540
146320,비씨엔씨,KOSDAQ,10050,9830,9680,9960
036690,코맥스,KOSDAQ,2885,0,0,0
217950,파마리서치바이오,KONEX,29900,30000,29600,30000
418420,라온텍,KOSDAQ,4050,4235,4010,4250
078000,텔코웨어,KOSPI,13650,13560,13380,13590
011690,와이투솔루션,KOSPI,3380,3320,3315,3430
115500,케이씨에스,KOSDAQ,10370,10490,10360,11110
350520,이지스레지던스리츠,KOSPI,3450,3345,3325,3425
494120,큐리오시스,KOSDAQ,8160,8500,8140,8650
220260,켐트로스,KOSDAQ,3875,3830,3830,3900
210540,디와이파워,KOSPI,11300,11240,11160,11290
089470,HDC현대EP,KOSPI,3835,3855,3835,3890
396300,HT로보틱스,KOSDAQ,4680,4800,4650,4880
001360,삼성제약,KOSPI,1318,1374,1308,1377
002620,제일파마홀딩스,KOSPI,7720,7700,7570,7720
052860,아이앤씨,KOSDAQ,6900,6860,6840,7050
017510,세명전기,KOSDAQ,8090,7790,7720,8400
008970,KBI동양철관,KOSPI,1189,1179,1170,1199
297090,씨에스베어링,KOSDAQ,4515,4805,4515,5050
095190,신화프리텍,KOSDAQ,1893,1893,1856,1908
255220,SG,KOSDAQ,1128,1147,1111,1147
056090,시지메드텍,KOSDAQ,1190,0,0,0
037560,LG헬로비전,KOSPI,1572,1575,1568,1585
214420,토니모리,KOSPI,5100,5140,5070,5170
322310,오로스테크놀로지,KOSDAQ,13100,13000,12850,13300
009070,KCTC,KOSPI,4065,4015,4015,4070
240550,동방메디컬,KOSDAQ,5800,5660,5560,5900
256940,킵스파마,KOSDAQ,6050,6110,5920,6170
261780,아리바이오랩,KOSDAQ,4105,4150,3875,4225
005800,신영와코루,KOSPI,13480,13580,13480,13580
008830,대동기어,KOSDAQ,6310,6300,6250,6370
041440,현대에버다임,KOSDAQ,6740,6710,6660,6770
153890,져스텍,KOSDAQ,9970,10310,9940,10510
0088M0,메쥬,KOSDAQ,12160,12200,11970,12490
009780,엠에스씨,KOSDAQ,6810,6820,6780,6850
387690,레메디,KOSDAQ,15660,16000,15410,16180
122450,KX,KOSDAQ,2650,2625,2600,2670
101170,우림피티에스,KOSDAQ,8810,8700,8510,9000
333430,일승,KOSDAQ,3835,3880,3800,3895
297890,HB솔루션,KOSDAQ,1623,1660,1620,1678
052260,현대바이오랜드,KOSDAQ,4020,4045,3950,4075
452190,한빛레이저,KOSDAQ,4975,5110,4900,5140
293580,나우IB,KOSDAQ,1249,1277,1247,1277
002390,한독,KOSPI,8600,8390,8380,8600
094840,슈프리마에이치큐,KOSDAQ,12070,12140,11910,12300
014530,극동유화,KOSPI,3360,3360,3350,3395
227840,현대코퍼레이션홀딩스,KOSPI,12910,13170,12910,13170
475230,엔알비,KOSDAQ,10870,10700,10540,10890
015590,DKME,KOSPI,2215,2105,2090,2220
308080,바이젠셀,KOSDAQ,5720,6000,5600,6000
336680,탑런토탈솔루션,KOSDAQ,2980,2990,2960,2990
049520,유아이엘,KOSDAQ,3790,3825,3770,3830
402490,그린리소스,KOSDAQ,6950,6990,6850,7100
351320,넥사다이내믹스,KOSDAQ,3915,3850,3850,3985
034590,인천도시가스,KOSPI,26550,26650,26350,26650
041590,플래스크,KOSDAQ,2370,0,0,0
238540,나노솔루션,KONEX,103800,0,0,0
0011A0,액스비스,KOSDAQ,12360,12480,11930,12550
079430,현대리바트,KOSPI,5740,5720,5650,5850
051980,중앙첨단소재,KOSDAQ,1035,0,0,0
072950,빛샘전자,KOSDAQ,14120,13480,13210,16330
458650,성우,KOSDAQ,7630,7620,7550,7620
092220,KEC,KOSPI,2915,2895,2835,3030
017550,수산세보틱스,KOSPI,1840,1822,1814,1872
016740,두올,KOSPI,4020,3995,3930,4020
053080,케이엔솔,KOSDAQ,8820,9080,8780,9100
473980,노머스,KOSDAQ,10500,10560,10310,10720
474610,RF시스템즈,KOSDAQ,7950,7370,7220,8020
086980,쇼박스,KOSDAQ,1824,1845,1826,1846
051360,토비스,KOSDAQ,11850,11940,11720,12050
047310,파워로직스,KOSDAQ,3150,3115,3105,3205
172670,에이엘티,KOSDAQ,12660,12630,12120,12760
259630,엠플러스,KOSDAQ,9280,9350,9250,9490
37550L,DL이앤씨2우(전환),KOSPI,53700,52200,51900,54100
054050,NH농우바이오,KOSDAQ,7060,7040,7030,7080
189330,씨이랩,KOSDAQ,12070,12370,11890,12980
016710,대성홀딩스,KOSPI,7080,7060,6950,7060
063570,NICE인프라,KOSDAQ,3320,3365,3260,3365
037350,성도이엔지,KOSDAQ,7440,7300,7280,7480
389020,자람테크놀로지,KOSDAQ,16370,15760,15760,16490
090850,현대이지웰,KOSDAQ,5020,4985,4910,5020
083420,그린케미칼,KOSPI,4700,4720,4660,4720
039560,다산네트웍스,KOSDAQ,2625,2620,2585,2720
023450,동남합성,KOSPI,31850,31950,31450,32400
002460,HS화성,KOSPI,11030,11020,10840,11030
141000,비아트론,KOSDAQ,9270,9230,9080,9300
036630,세종텔레콤,KOSDAQ,8040,8250,7890,8370
217270,넵튠,KOSDAQ,2470,2570,2370,2570
067990,도이치모터스,KOSDAQ,3795,3810,3775,3810
008040,사조동아원,KOSPI,7890,8000,7460,8350
018120,진로발효,KOSDAQ,16700,16650,16650,16800
115440,우리넷,KOSDAQ,10240,9430,9370,10950
166480,코아스템켐온,KOSDAQ,2085,2110,2030,2145
040300,YTN,KOSDAQ,2305,2380,2265,2445
011810,STX,KOSPI,3530,0,0,0
290720,푸드나무,KOSDAQ,2860,2865,2790,2900
067900,와이엔텍,KOSDAQ,6000,6030,5940,6030
012800,대창,KOSPI,1195,1195,1188,1210
012320,경동인베스트,KOSPI,46200,46200,44300,46450
039340,한국경제TV,KOSDAQ,4940,4935,4895,4960
013570,디와이,KOSPI,4090,4200,4095,4200
246710,티앤알바이오팹,KOSDAQ,2270,2265,2260,2345
299030,하나기술,KOSDAQ,13610,13420,13350,13780
106190,하이텍팜,KOSDAQ,10200,10200,10090,10200
217820,원익피앤이,KOSDAQ,2280,2300,2250,2345
396470,워트,KOSDAQ,6720,6840,6670,6880
071280,로체시스템즈,KOSDAQ,7040,7050,6930,7140
198440,강동씨앤엘,KOSDAQ,1785,1898,1768,1935
242040,나무AX,KOSDAQ,3110,3150,2975,3240
038540,상상인,KOSDAQ,1996,1987,1943,1994
004100,태양금속,KOSPI,2975,2990,2922,3010
209640,와이제이링크,KOSDAQ,3755,3820,3675,3890
012200,계양전기,KOSPI,3890,3620,3620,4650
950250,테라뷰,KOSDAQ,3040,3075,2960,3145
011280,태림포장,KOSPI,1518,1535,1510,1535
078935,GS우,KOSPI,60300,61000,59700,61400
006660,삼성공조,KOSPI,13140,13110,12980,13250
021820,세원정공,KOSPI,10720,10820,10600,10820
339950,아이비김영,KOSDAQ,2410,2400,2365,2400
073560,우리손에프앤지,KOSDAQ,1540,1539,1525,1546
100700,세운메디칼,KOSDAQ,2410,2430,2415,2440
475580,에이럭스,KOSDAQ,7830,7780,7650,8050
130580,나이스디앤비,KOSDAQ,6900,6850,6780,6880
109740,디에스케이,KOSDAQ,4105,4180,4000,4180
009580,무림P&P,KOSPI,1653,1692,1650,1701
120030,조선선재,KOSPI,83400,84700,83200,84700
123040,엠에스오토텍,KOSDAQ,1681,1694,1670,1699
120240,대정화금,KOSDAQ,14520,14650,14440,14650
053700,삼보모터스,KOSDAQ,3930,3925,3890,3960
004250,NPC,KOSPI,2845,2925,2825,2930
014580,태경비케이,KOSPI,3765,3775,3740,3780
048550,SM C&C,KOSDAQ,1082,1132,1064,1132
027970,한국제지,KOSPI,2825,2725,2685,2750
010100,한국무브넥스,KOSPI,3400,3455,3400,3470
248170,샘표식품,KOSPI,22600,23000,22550,23050
394420,리센스메디컬,KOSDAQ,9380,9260,9070,9700
192410,오늘이엔엠,KOSDAQ,4225,4380,4065,4380
311320,지오엘리먼트,KOSDAQ,8080,8100,8100,8340
123690,한국화장품,KOSPI,6430,6430,6350,6590
059210,메타바이오메드,KOSDAQ,3800,3790,3740,3805
013700,까뮤이앤씨,KOSPI,1706,1644,1612,1738
334970,프레스티지바이오로직스,KOSDAQ,1359,1343,1256,1354
088130,동아엘텍,KOSDAQ,5870,5870,5750,5920
035000,HS애드,KOSPI,6330,6330,6270,6340
162300,신스틸,KOSDAQ,2460,2545,2420,2550
289930,웨이비스,KOSDAQ,7780,7850,7690,8020
125210,아모그린텍,KOSDAQ,6160,6280,6120,6530
021080,에이티넘인베스트,KOSDAQ,2140,2140,2105,2145
310200,애니플러스,KOSDAQ,1941,1927,1926,1988
131030,옵투스제약,KOSDAQ,5750,5680,5660,5740
091440,한울소재과학,KOSDAQ,2780,2895,2745,2895
357880,SKAI,KOSDAQ,1861,1934,1858,1968
267850,아시아나IDT,KOSPI,9120,9190,9000,9200
119650,KC코트렐,KOSPI,918,0,0,0
182360,큐브엔터,KOSDAQ,6420,6590,6320,6640
453450,그리드위즈,KOSDAQ,12820,12950,12500,13040
002780,진흥기업,KOSPI,6950,6990,6860,7100
063170,서울옥션,KOSDAQ,5740,5740,5560,5740
323990,박셀바이오,KOSDAQ,4355,4400,4210,4425
014950,삼익제약,KOSDAQ,9900,10380,9920,10580
002450,삼익악기,KOSPI,1106,1099,1096,1109
006620,동구바이오제약,KOSDAQ,3495,3550,3490,3550
250060,모비스,KOSDAQ,3125,3175,3065,3175
217190,제너셈,KOSDAQ,7670,7340,7010,7760
309960,LB인베스트먼트,KOSDAQ,4330,4265,4265,4340
246720,아스타,KOSDAQ,6070,0,0,0
366030,나인앤컴퍼니,KOSDAQ,4220,4375,4275,4380
352090,스톰테크,KOSDAQ,3695,3670,3630,3690
053350,이니텍,KOSDAQ,4500,4345,4345,4540
306620,지아이에스,KOSDAQ,2045,1928,1928,2190
067830,세이브존I&C,KOSPI,2445,2390,2365,2390
175250,아이큐어,KOSDAQ,1584,1652,1583,1675
187790,나노,KOSDAQ,3190,3165,3165,3260
066790,씨씨에스,KOSDAQ,2205,0,0,0
264900,크라운제과,KOSPI,7770,7850,7760,7850
037030,파워넷,KOSDAQ,3810,3610,3570,3920
008260,NI스틸,KOSPI,3400,3290,3260,3480
298540,더네이쳐홀딩스,KOSDAQ,6700,6750,6580,6750
330350,위더스제약,KOSDAQ,7290,7410,7330,7540
036220,오상헬스케어,KOSDAQ,6800,6740,6690,6910
008700,아남전자,KOSPI,1265,1285,1251,1285
068240,다원시스,KOSDAQ,2530,0,0,0
307930,컴퍼니케이,KOSDAQ,6260,6180,6070,6300
417310,코람코더원리츠,KOSPI,2385,2370,2370,2390
411080,샌즈랩,KOSDAQ,6310,6690,6270,6770
317770,엑스페릭스,KOSDAQ,2645,2655,2560,2655
439580,블루엠텍,KOSDAQ,2860,2715,2570,2870
005860,한일사료,KOSDAQ,2435,2455,2420,2465
052420,오성첨단소재,KOSDAQ,9730,9590,9550,9830
099750,이지케어텍,KOSDAQ,7000,6920,6850,7180
036010,아비코전자,KOSDAQ,7130,7160,7100,7340
017650,대림제지,KOSDAQ,10800,0,0,0
002200,한국수출포장,KOSPI,2830,2870,2825,2870
014790,HL D&I,KOSPI,2495,2480,2470,2510
083500,에프엔에스테크,KOSDAQ,11460,11240,11190,11460
042500,링네트,KOSDAQ,4220,4260,4215,4290
007210,벽산,KOSPI,1440,1435,1431,1444
457370,한켐,KOSDAQ,11670,12120,11550,12580
363280,티와이홀딩스,KOSPI,2040,2100,2015,2125
002230,피에스텍,KOSDAQ,5110,5190,5100,5200
036580,팜스코,KOSPI,2555,2570,2520,2580
049950,미래컴퍼니,KOSDAQ,10800,10840,10550,11080
348350,위드텍,KOSDAQ,9610,9400,9280,9630
032560,황금에스티,KOSPI,5500,5530,5470,5600
173130,오파스넷,KOSDAQ,7120,6960,6880,7380
109610,에스와이,KOSDAQ,1891,1888,1885,1938
235980,메드팩토,KOSDAQ,2780,2835,2720,2965
014440,영보화학,KOSPI,4670,4710,4630,4725
432470,케이엔에스,KOSDAQ,10520,10980,10510,11170
307870,비투엔,KOSDAQ,1242,1208,1189,1310
066590,스모트로닉,KOSDAQ,2390,2395,2360,2420
362320,청담글로벌,KOSDAQ,4460,4395,4355,4475
047560,이스트소프트,KOSDAQ,7800,7760,7650,7950
070960,모나용평,KOSPI,1945,1930,1907,1947
493330,지에프아이,KOSDAQ,11400,11810,11360,11850
282720,금양그린파워,KOSDAQ,7690,7450,7450,7740
023900,풍국주정,KOSDAQ,7270,7290,7250,7410
040420,정상제이엘에스,KOSDAQ,5830,5840,5810,5840
001290,상상인증권,KOSPI,4165,4165,4105,4245
045970,코아시아,KOSDAQ,3485,3500,3400,3620
001275,부국증권우,KOSPI,30250,30100,30050,30300
053580,웹케시,KOSDAQ,7010,6980,6880,7000
074430,아미노로직스,KOSDAQ,1017,1024,1000,1024
255440,야스,KOSDAQ,6910,6660,6630,6920
019180,티에이치엔,KOSPI,5030,5000,4985,5060
322180,LS티라유텍,KOSDAQ,4200,4105,4105,4240
062970,한국첨단소재,KOSDAQ,2990,3200,2975,3295
419050,삼기에너지솔루션즈,KOSDAQ,1568,1590,1552,1595
357230,에이치피오,KOSDAQ,2180,2075,2050,2180
093920,서원인텍,KOSDAQ,4825,4895,4800,4895
006840,AK홀딩스,KOSPI,6660,6980,6750,6980
33626K,두산퓨얼셀1우,KOSPI,6690,6750,6530,6750
009300,삼아제약,KOSDAQ,13960,14070,13870,14070
007610,선도전기,KOSPI,4945,3815,3815,4945
013310,아진산업,KOSDAQ,2295,2255,2255,2310
049080,기가레인,KOSDAQ,10280,10400,10150,11040
023000,삼원강재,KOSPI,2225,2205,2205,2220
226400,오스테오닉,KOSDAQ,4270,4310,4200,4330
900260,로스웰,KOSDAQ,1956,1940,1901,2035
058850,KTcs,KOSPI,2125,2130,2105,2140
058860,KTis,KOSPI,2565,2510,2505,2530
096240,크레버스,KOSDAQ,8540,8600,8480,8610
263720,디앤씨미디어,KOSDAQ,7120,6990,6960,7200
048530,인트론바이오,KOSDAQ,2805,2990,2820,2990
091120,이엠텍,KOSDAQ,5100,5150,4860,5170
054540,삼영엠텍,KOSDAQ,6620,6780,6550,6810
052460,아이크래프트,KOSDAQ,5980,5930,5710,6050
000850,화천기공,KOSPI,39550,38450,38150,39950
025620,차AI헬스케어,KOSPI,4775,4970,4640,4970
205100,엑셈,KOSDAQ,1322,1276,1276,1295
129920,대성하이텍,KOSDAQ,5320,5430,5250,5800
294630,서남,KOSDAQ,3240,3200,3135,3295
004650,창해에탄올,KOSDAQ,9310,9350,9260,9350
033290,로젠,KOSDAQ,1522,1519,1509,1551
072020,중앙백신,KOSDAQ,9200,9240,9160,9270
004140,동방,KOSPI,1793,1781,1767,1792
065450,빅텍,KOSDAQ,2870,2865,2805,2900
040350,크레오에스지,KOSDAQ,4200,3850,3700,4550
357580,아모센스,KOSDAQ,7110,6940,6670,7260
029480,광무,KOSDAQ,1419,1421,1403,1440
100590,머큐리,KOSDAQ,4960,4750,4685,5300
0015S0,페스카로,KOSDAQ,8530,8220,8210,9440
234300,에스트래픽,KOSDAQ,3175,3055,3030,3195
004890,동일산업,KOSPI,35000,35300,34400,35300
215100,로보로보,KOSDAQ,4180,4175,4125,4195
025950,동신건설,KOSDAQ,10040,10050,10000,10320
058820,CMG제약,KOSDAQ,569,567,553,574
078890,가온그룹,KOSDAQ,4580,4575,4510,4630
096775,SK이노베이션우,KOSPI,67400,68200,67100,68400
086960,MDS테크,KOSDAQ,1980,1959,1959,2030
330730,스톤브릿지벤처스,KOSDAQ,4615,4620,4570,4660
049180,셀루메드,KOSDAQ,1009,0,0,0
380550,뉴로핏,KOSDAQ,6980,7120,6850,7250
183490,엔지켐생명과학,KOSDAQ,990,0,0,0
078140,대봉엘에스,KOSDAQ,7470,7390,7330,7590
185490,아이진,KOSDAQ,1967,1924,1890,1964
100130,동국S&C,KOSDAQ,1445,1421,1420,1477
038110,에코플라스틱,KOSDAQ,2045,2025,2020,2065
101330,모베이스,KOSDAQ,3585,3530,3520,3610
006090,사조오양,KOSPI,8820,8820,8620,8860
086710,선진뷰티사이언스,KOSDAQ,6790,7000,6710,7000
002600,조흥,KOSPI,137700,137100,137100,139600
011700,한신기계,KOSPI,2550,2545,2510,2590
048910,대원미디어,KOSDAQ,6580,6450,6410,6610
137950,제이씨케미칼,KOSDAQ,3720,3800,3655,3800
007820,엠엑스로보틱스,KOSDAQ,3545,3535,3500,3600
139990,아주스틸,KOSPI,2120,2110,2110,2145
036640,HRS,KOSDAQ,5040,5020,4990,5060
234030,싸이닉솔루션,KOSDAQ,3465,3425,3330,3520
109070,주성코퍼레이션,KOSPI,1550,0,0,0
381620,제닉스로보틱스,KOSDAQ,6170,6100,6090,6290
950130,엑세스바이오,KOSDAQ,2315,2470,2285,2470
044990,에이치엔에스하이텍,KOSDAQ,10590,10380,10360,10690
418470,KT밀리의서재,KOSDAQ,9540,9480,9380,9570
032300,한국파마,KOSDAQ,7160,7500,7380,7500
149980,하이로닉,KOSDAQ,4700,4795,4650,4795
412540,제일엠앤에스,KOSDAQ,3935,0,0,0
066430,아이로보틱스,KOSDAQ,2090,2165,2060,2165
007980,TP,KOSPI,1723,1715,1706,1735
105740,디케이락,KOSDAQ,7870,7840,7780,7980
079810,APS이노베이션,KOSDAQ,3750,3760,3730,3827
066980,한성크린텍,KOSDAQ,1502,1495,1482,1530
047820,초록뱀미디어,KOSDAQ,3435,3430,3250,3440
111380,동인기연,KOSPI,13100,13140,12880,13210
131370,알서포트,KOSDAQ,1548,1510,1502,1543
004590,한국가구,KOSDAQ,5410,5410,5250,5410
089230,THE E&M,KOSDAQ,2040,1985,1870,2060
033560,블루콤,KOSDAQ,4705,4780,4640,4805
094860,네오리진,KOSDAQ,1501,1522,1486,1531
067000,조이시티,KOSDAQ,1132,1125,1100,1150
371950,풍원정밀,KOSDAQ,3385,3360,3145,3400
0007J0,인벤테라,KOSDAQ,10220,10840,10080,11000
140070,서플러스글로벌,KOSDAQ,2190,2080,2065,2250
054670,대한뉴팜,KOSDAQ,5550,5520,5520,5620
478560,블랙야크아이앤씨,KOSDAQ,3145,3195,3065,3245
302550,리메드,KOSDAQ,2625,2640,2580,2665
246960,SCL사이언스,KOSDAQ,2355,2335,2200,2355
052900,KX하이텍,KOSDAQ,1039,1026,1025,1090
023800,인지컨트롤스,KOSPI,4900,4995,4995,5050
032540,TJ미디어,KOSDAQ,3800,3805,3740,3805
000440,중앙에너비스,KOSDAQ,12800,12800,12500,12880
037760,쎄니트,KOSDAQ,2410,2375,2335,2375
002220,한일철강,KOSPI,2965,2950,2900,3055
066700,테라젠이텍스,KOSDAQ,2130,2130,2100,2145
142280,녹십자엠에스,KOSDAQ,3310,3235,3230,3340
365330,에스와이스틸텍,KOSDAQ,1575,1547,1547,1583
0117P0,피스피스스튜디오,KOSDAQ,5530,5550,5500,5650
382840,원준,KOSDAQ,5220,5300,5090,5320
019550,SBI인베스트먼트,KOSDAQ,981,981,973,987
263800,데이타솔루션,KOSDAQ,4850,4885,4830,5100
412350,레이저쎌,KOSDAQ,5380,5210,5160,5540
040160,누리플렉스,KOSDAQ,6610,6650,6300,6650
000590,CS홀딩스,KOSPI,66600,68300,67200,68600
475430,키스트론,KOSDAQ,4420,4290,4255,4450
066310,큐에스아이,KOSDAQ,8390,8000,8000,8900
009180,한솔로지스틱스,KOSPI,2780,2770,2755,2785
0017J0,세미티에스,KOSDAQ,2585,2635,2575,2700
069730,DSR제강,KOSPI,5480,5340,5270,5400
005740,크라운해태홀딩스,KOSPI,5240,5180,5170,5280
004840,DRB동일,KOSPI,4025,4030,3985,4030
396270,넥스트칩,KOSDAQ,2375,2440,2295,2450
024880,케이피에프,KOSDAQ,3900,3890,3800,3890
253840,수젠텍,KOSDAQ,4650,4655,4590,4695
487400,케이앤에스아이앤씨,KOSDAQ,7510,7150,7150,7640
223250,드림씨아이에스,KOSDAQ,3135,3195,3080,3235
058400,KNN,KOSDAQ,5870,5950,5750,5980
389030,지니너스,KOSDAQ,1994,2015,1933,2055
083790,CG인바이츠,KOSDAQ,992,980,954,1003
124560,태웅로직스,KOSDAQ,1985,2000,1961,2000
048430,유라테크,KOSDAQ,6600,6170,6120,7240
117670,알파칩스,KOSDAQ,11280,10420,10220,13460
063080,컴투스홀딩스,KOSDAQ,11640,11660,11550,11920
003580,HLB글로벌,KOSPI,1549,1694,1511,1694
487580,폴레드,KOSDAQ,3040,3025,3015,3080
225530,HC보광산업,KOSDAQ,2110,2115,2090,2115
107600,새빗켐,KOSDAQ,13580,13520,13400,13620
331380,포커스에이아이,KOSDAQ,2070,2110,2060,2145
088390,이녹스,KOSDAQ,8150,8180,7980,8460
389140,포바이포,KOSDAQ,5380,5330,5240,5460
007590,동방아그로,KOSPI,5590,5590,5540,5600
163560,동일고무벨트,KOSPI,5450,5520,5440,5520
038680,에스넷,KOSDAQ,3865,3845,3750,3885
073640,테라사이언스,KOSDAQ,654,0,0,0
030960,양지사,KOSDAQ,4880,4705,4705,4910
012700,리드코프,KOSDAQ,2900,2935,2895,2935
017480,삼현철강,KOSDAQ,4930,4830,4725,4930
000105,유한양행우,KOSPI,66100,66700,66000,66800
251120,바이오에프디엔씨,KOSDAQ,8910,8730,8650,8860
041930,SY동아,KOSDAQ,5050,5030,4960,5070
020710,시공테크,KOSDAQ,3765,3770,3725,3845
168330,내츄럴엔도텍,KOSDAQ,2380,2375,2345,2400
102370,케이옥션,KOSDAQ,2960,2905,2840,2950
004770,써니전자,KOSPI,2110,2090,2085,2145
084680,이월드,KOSPI,532,0,0,0
060570,드림어스컴퍼니,KOSDAQ,4975,5090,4880,5090
084730,팅크웨어,KOSDAQ,6710,6680,6520,6770
228340,동양파일,KOSDAQ,3755,3885,3745,4240
011370,서한,KOSDAQ,3725,3700,3700,3800
001260,남광토건,KOSPI,7620,7550,7540,7780
024740,한일단조,KOSDAQ,2295,2300,2260,2350
010960,삼호개발,KOSPI,3070,3090,3065,3125
013360,일성건설,KOSPI,1386,1395,1373,1403
040910,아이씨디,KOSDAQ,4105,4095,4065,4185
451250,삐아,KOSDAQ,7290,7290,7220,7400
282620,기도산업,KOSDAQ,12680,12640,12610,12910
005750,대림바스,KOSPI,4480,4450,4370,4480
320000,한울반도체,KOSDAQ,10610,11080,10620,11200
303810,동국생명과학,KOSDAQ,2330,2325,2295,2335
090470,제이스로보틱스,KOSDAQ,4245,4255,4175,4305
060590,씨티씨바이오,KOSDAQ,3105,3050,3010,3085
080010,이상네트웍스,KOSDAQ,7520,7560,7320,7560
208140,정다운,KOSDAQ,2250,2255,2250,2270
170030,현대공업,KOSDAQ,4815,4820,4750,4820
091590,남화토건,KOSDAQ,6280,6460,6240,6680
026150,특수건설,KOSDAQ,4185,4035,3990,4230
012790,신일제약,KOSDAQ,6150,6050,6000,6120
039980,폴라리스AI,KOSDAQ,5120,5190,5040,5240
456070,이엔셀,KOSDAQ,6600,5200,5200,6820
013870,지엠비코리아,KOSPI,3825,3900,3785,3950
053280,예스24,KOSDAQ,2930,2900,2885,2980
058630,엠게임,KOSDAQ,3875,3965,3860,3965
038460,바이오스마트,KOSDAQ,2885,2810,2810,2910
065510,휴비츠,KOSDAQ,6670,6670,6640,6730
302430,이노메트리,KOSDAQ,7370,7540,7300,7600
011320,유니크,KOSDAQ,3785,3760,3710,3785
413390,엠오티,KOSDAQ,6330,6310,6230,6420
045660,에이텍,KOSDAQ,8800,8780,8720,8830
360070,탑머티리얼,KOSDAQ,8980,8510,8410,8830
228670,레이,KOSDAQ,4615,4605,4430,4695
085670,뉴프렉스,KOSDAQ,2955,2910,2910,2975
001020,페이퍼코리아,KOSPI,2030,2150,2010,2150
388870,파로스아이바이오,KOSDAQ,5670,5600,5400,5610
456570,아이엠지티,KONEX,13700,13310,13310,13700
347890,엠엑스온,KOSDAQ,4175,4205,4180,4275
0004V0,엔비알모션,KOSDAQ,6530,5890,5820,6770
234920,자이글,KOSDAQ,5310,0,0,0
041910,폴라리스AI파마,KOSDAQ,5500,5540,5400,5560
096350,대창솔루션,KOSDAQ,1967,1947,1941,1985
171120,라이온켐텍,KOSDAQ,1994,1997,1979,1998
337930,젝시믹스,KOSDAQ,2440,2455,2410,2510
347000,센코,KOSDAQ,1901,1899,1858,1899
128660,피제이메탈,KOSDAQ,2920,2865,2865,2900
155660,DSR,KOSPI,4445,4445,4395,4445
104460,디와이피엔에프,KOSDAQ,6750,6760,6680,6850
095720,웅진씽크빅,KOSPI,1275,1271,1222,1272
217330,싸이토젠,KOSDAQ,3070,3080,3005,3100
014160,대영포장,KOSPI,655,0,0,0
063160,종근당바이오,KOSPI,12910,13000,12650,13000
067370,선바이오,KOSDAQ,5790,5760,5700,5870
277880,티에스아이,KOSDAQ,3570,3630,3530,3630
377480,마음AI,KOSDAQ,10050,10020,9900,10160
338100,NH프라임리츠,KOSPI,3795,3855,3785,3855
076610,해성옵틱스,KOSDAQ,1173,1200,1100,1227
055490,테이팩스,KOSPI,15160,15500,14740,15500
204840,지엘팜텍,KOSDAQ,4560,4495,4430,4565
417790,트루엔,KOSDAQ,6750,6520,6520,6750
332370,아이디피,KOSDAQ,5320,5350,5270,5560
054040,한국컴퓨터,KOSDAQ,4390,4450,4380,4450
054620,APS,KOSDAQ,3850,3790,3740,3855
002795,아모레퍼시픽홀딩스우,KOSPI,11130,11100,10960,11130
338220,뷰노,KOSDAQ,5000,4870,4550,5080
460940,피앤에스로보틱스,KOSDAQ,5260,5350,5160,5350
214330,금호에이치티,KOSPI,6650,6550,6510,6760
084670,동양고속,KOSPI,24850,25000,24150,25000
120115,코오롱인더우,KOSPI,25400,25000,25000,25350
000180,성창기업지주,KOSPI,5000,5020,4985,5030
039010,현대에이치티,KOSDAQ,8070,7920,7850,8190
024830,세원물산,KOSDAQ,8400,8570,8330,8850
002720,국제약품,KOSPI,3280,3285,3255,3300
000230,일동홀딩스,KOSPI,6020,6050,5970,6090
136150,원일티엔아이,KOSDAQ,8300,7840,7840,8390
043610,KT지니뮤직,KOSDAQ,1180,1194,1173,1202
153710,옵티팜,KOSDAQ,4935,4750,4655,4755
196490,디에이테크놀로지,KOSDAQ,6090,0,0,0
318160,셀바이오휴먼텍,KOSDAQ,7400,6950,6950,7650
067570,엔브이에이치코리아,KOSDAQ,1644,1679,1620,1679
001560,제일연마,KOSPI,9080,9030,8970,9190
031820,아이티센씨티에스,KOSPI,5700,5740,5510,5840
009770,삼정펄프,KOSPI,27600,27950,27400,28000
032850,비트컴퓨터,KOSDAQ,4185,3990,3990,4250
110790,크리스에프앤씨,KOSDAQ,3000,2940,2900,2975
007280,한국특강,KOSPI,2325,2425,2295,2480
010660,화천기계,KOSPI,3200,3145,3120,3170
019540,일지테크,KOSDAQ,5080,5040,5040,5090
048770,TPC로보틱스,KOSDAQ,4345,4345,4190,4470
011150,CJ씨푸드,KOSPI,1914,1970,1895,1970
265560,영화테크,KOSDAQ,6380,6430,6320,6430
109860,동일금속,KOSDAQ,7490,7410,7410,7500
299660,셀리드,KOSDAQ,2300,2250,2250,2370
417970,모델솔루션,KOSDAQ,10620,10720,10460,10860
002800,신신제약,KOSDAQ,4500,4470,4450,4505
250030,진코스텍,KONEX,23500,24450,22300,24450
303360,프로티아,KOSDAQ,5270,5280,5230,5380
006140,피제이전자,KOSDAQ,4550,4555,4485,4620
950220,네오이뮨텍,KOSDAQ,1973,1966,1966,2050
049550,잉크테크,KOSDAQ,3575,3550,3420,3550
123420,위메이드플레이,KOSDAQ,6620,6380,6320,6500
210980,SK디앤디,KOSPI,3615,3975,3580,3975
061040,알에프텍,KOSDAQ,7650,7240,7190,7500
004780,대륙제관,KOSDAQ,4295,4210,4210,4300
004440,삼일씨엔에스,KOSPI,5280,5470,4980,6150
262260,에이프로,KOSDAQ,4500,4415,4345,4500
067920,이글루,KOSDAQ,6220,6240,5930,6240
205470,휴마시스,KOSDAQ,2800,2850,2680,2860
214260,라파스,KOSDAQ,7510,7660,7460,7670
014970,삼륭물산,KOSDAQ,4495,4510,4465,4570
270520,앱튼,KOSDAQ,2880,2980,2760,2980
137080,나래나노텍,KOSDAQ,6000,6220,6120,6350
0156T0,에이치엘지노믹스,KOSDAQ,8560,8680,8530,8740
010280,아이티센엔텍,KOSDAQ,5100,5160,5010,5210
294140,레몬,KOSDAQ,2665,2720,2545,2725
079980,휴비스,KOSPI,1930,1931,1901,1941
290660,다이나믹솔루션,KOSDAQ,1555,1540,1505,1565
111710,남화산업,KOSDAQ,3220,3190,3175,3265
085310,엔케이,KOSPI,8920,8980,8770,8980
212710,아이에스티이,KOSDAQ,6790,6870,6520,6870
041460,한국전자인증,KOSDAQ,3470,3450,3435,3495
0218L0,네오뷰,KOSDAQ,12300,12610,12210,12610
058730,다스코,KOSPI,3240,3245,3215,3320
104040,디에스엠,KOSDAQ,2435,2430,2400,2475
100030,인지소프트,KOSDAQ,19950,20250,19800,20550
002700,신일전자,KOSPI,960,960,954,965
480370,씨케이솔루션,KOSPI,2025,2145,1989,2190
214680,디알텍,KOSDAQ,3970,3990,3900,4100
067170,오텍,KOSDAQ,2380,2450,2370,2450
019680,대교,KOSPI,1657,1603,1603,1629
483350,딜리셔스,KOSDAQ,2960,3035,2935,3040
071090,하이스틸,KOSPI,3250,3205,3195,3270
323350,다원넥스뷰,KOSDAQ,8140,8060,7940,8300
424960,스마트레이더시스템,KOSDAQ,3995,4080,3920,4085
100220,비상교육,KOSPI,5010,4955,4930,5010
024900,디와이덕양,KOSPI,1978,1904,1904,2090
033130,디지틀조선,KOSDAQ,1750,1768,1707,1768
096250,와이즈넛,KOSDAQ,5900,5430,5310,5510
222110,팬젠,KOSDAQ,4900,4770,4700,4800
004720,팜젠사이언스,KOSPI,2875,2890,2805,2940
0155E0,해치텍,KOSDAQ,11720,12240,11610,12270
036000,예림당,KOSDAQ,2825,2800,2775,2875
043650,국순당,KOSDAQ,3655,3680,3570,3680
451220,아이엠티,KOSDAQ,8140,8240,7970,8360
010040,한국내화,KOSPI,1562,1610,1505,1616
039610,화성밸브,KOSDAQ,6140,6110,6040,6200
241790,티이엠씨씨엔에스,KOSDAQ,6480,6440,6320,6440
054300,팬스타엔터프라이즈,KOSDAQ,1095,1089,1077,1124
463020,뉴엔AI,KOSDAQ,7090,6900,6900,7280
008370,원풍,KOSDAQ,5360,5330,5260,5330
092040,아미코젠,KOSDAQ,913,910,888,920
081150,티플랙스,KOSDAQ,2615,2640,2590,2645
155650,와이엠씨,KOSDAQ,3340,3300,3200,3365
005870,휴니드,KOSPI,4490,4495,4410,4545
065170,비엘팜텍,KOSDAQ,2270,2300,2255,2365
082210,옵트론텍,KOSDAQ,1811,1756,1756,1825
331740,아우토크립트,KOSDAQ,6470,6670,6410,6980
017370,우신시스템,KOSPI,3535,3535,3440,3535
018500,동원모빌리티,KOSPI,1364,1385,1337,1385
014990,인디에프,KOSPI,4200,3885,3815,4270
089850,유비벨록스,KOSDAQ,4345,4295,4070,4320
001840,이화공영,KOSDAQ,2215,0,0,0
147760,피엠티,KOSDAQ,3195,3060,3020,3250
382480,지아이텍,KOSDAQ,1591,1595,1576,1595
065530,와이어블,KOSDAQ,1315,1282,1257,1340
095270,웨이브일렉트로,KOSDAQ,4340,4350,4255,4400
068290,삼성출판사,KOSPI,6270,6220,6140,6310
005670,푸드웰,KOSDAQ,6230,6250,6140,6250
294090,이오플로우,KOSDAQ,1490,0,0,0
049480,오픈베이스,KOSDAQ,1980,1954,1938,2000
122350,삼기,KOSDAQ,1615,1647,1583,1668
064240,홈캐스트,KOSDAQ,1791,1811,1710,1835
241690,유니테크노,KOSDAQ,2535,2490,2480,2545
457600,벡트,KOSDAQ,4505,4570,4330,4695
072130,유엔젤,KOSPI,4875,4920,4875,4940
900300,오가닉티코스메틱,KOSDAQ,2995,3130,2970,3130
016090,대현,KOSPI,1393,1390,1388,1394
352910,오비고,KOSDAQ,4875,4900,4860,4935
010240,흥국,KOSDAQ,5290,5250,5150,5300
039420,케이엘넷,KOSDAQ,2675,2690,2675,2725
009200,무림페이퍼,KOSPI,1495,1471,1469,1486
347860,알체라,KOSDAQ,1444,1470,1442,1479
203400,에이비온,KOSDAQ,676,0,0,0
291230,컴투스엔,KOSDAQ,2510,2525,2425,2560
288180,케이피항공산업,KOSDAQ,8260,8170,7950,8480
221800,지구홀딩스,KOSDAQ,3725,3610,3600,3795
094850,참좋은여행,KOSDAQ,4435,4415,4325,4420
056360,코위버,KOSDAQ,6190,6020,5960,6390
448710,코츠테크놀로지,KOSDAQ,11550,11350,11230,11550
216050,인크로스,KOSDAQ,4965,4945,4910,4980
014470,부방,KOSDAQ,1040,1074,1048,1097
000220,유유제약,KOSPI,3880,3855,3820,3855
191420,테고사이언스,KOSDAQ,7850,7600,7320,7600
097800,윈팩,KOSDAQ,2225,2190,2095,2275
365660,레몬헬스케어,KOSDAQ,4475,4555,4465,4575
066670,디티씨,KOSDAQ,3255,3265,3215,3265
060310,3S,KOSDAQ,1147,1133,1120,1182
033320,제이씨현시스템,KOSDAQ,3115,3135,3075,3170
016250,SGC E&C,KOSDAQ,12190,12160,11820,12170
208370,셀바스헬스케어,KOSDAQ,2320,2325,2290,2390
950200,소마젠,KOSDAQ,3090,3180,3070,3315
004450,삼화왕관,KOSPI,27600,27400,26900,27800
064800,포니링크,KOSDAQ,2315,2220,2160,2325
002760,보락,KOSPI,992,996,981,1003
037440,희림,KOSDAQ,4210,4270,4175,4340
214270,FSN,KOSDAQ,1306,1330,1287,1330
036120,서울평가정보,KOSDAQ,1675,1680,1639,1684
010470,오리콤,KOSDAQ,5010,4940,4895,5000
126880,제이엔케이글로벌,KOSDAQ,2530,2515,2490,2605
050960,수산아이앤티,KOSDAQ,8680,8790,8570,8790
372910,한컴라이프케어,KOSPI,2125,2165,2050,2200
053620,태양,KOSDAQ,6780,6910,6770,6920
111110,호전실업,KOSPI,6430,6410,6300,6430
003310,대주산업,KOSDAQ,1649,1665,1640,1688
348080,큐라티스,KOSDAQ,4440,6060,4460,6140
001465,BYC우,KOSPI,27000,26950,26700,27000
238090,앤디포스,KOSDAQ,1979,1955,1906,1955
099520,DGI,KOSDAQ,1284,0,0,0
045340,토탈소프트,KOSDAQ,6810,6700,6700,6840
033310,엠투엔,KOSDAQ,1467,1441,1436,1469
0220WL,한화머시너리앤서비스홀딩스3우B,KOSPI,2460,2615,2450,2650
340810,시선AI,KOSDAQ,4235,4080,4070,4300
089790,제이티,KOSDAQ,5530,5650,5510,5690
225190,LK삼양,KOSDAQ,821,0,0,0
37550K,DL이앤씨우,KOSPI,27350,27000,27000,27700
036090,위지트,KOSDAQ,1357,1385,1340,1385
025550,한국선재,KOSDAQ,2255,2250,2215,2305
006890,태경케미컬,KOSPI,4945,4990,4910,4990
003925,남양유업우,KOSPI,30300,30050,29750,30500
039020,이건홀딩스,KOSDAQ,2535,2625,2505,2625
123010,MSDI,KOSDAQ,2850,2950,2810,3085
420570,제이투케이바이오,KOSDAQ,9500,9720,9390,10200
175140,아고스,KOSDAQ,2290,2260,2230,2310
333620,엔시스,KOSDAQ,5190,5240,5100,5250
003780,진양산업,KOSPI,4355,4465,4350,4495
075180,새론오토모티브,KOSPI,2970,2975,2925,3025
061250,화일약품,KOSDAQ,6820,6800,6460,7150
273640,와이엠텍,KOSDAQ,5180,5150,5100,5250
127710,아시아경제,KOSDAQ,1283,1189,1189,1292
053050,지에스이,KOSDAQ,1890,1907,1875,1920
187420,HLB제넥스,KOSDAQ,1738,1780,1730,1867
215360,우리산업,KOSDAQ,6180,6250,6100,6250
053160,프리엠스,KOSDAQ,10090,9970,9210,10200
315640,딥노이드,KOSDAQ,1930,1850,1834,2190
317530,에피소드컴퍼니,KOSDAQ,3350,3180,3105,3230
391710,코닉오토메이션,KOSDAQ,1308,1328,1280,1385
443250,레뷰코퍼레이션,KOSDAQ,5200,5050,4995,5200
007370,진양제약,KOSDAQ,3975,4000,3905,4000
396690,미래에셋글로벌리츠,KOSPI,1435,1412,1412,1429
000725,현대건설우,KOSPI,53800,54300,52900,54600
263690,디알젬,KOSDAQ,4920,4880,4870,4950
192250,케이사인,KOSDAQ,8650,8060,7820,8280
129260,인터지스,KOSPI,1870,1906,1866,1906
003465,유화증권우,KOSPI,3185,3185,3095,3185
059270,해성에어로보틱스,KOSDAQ,4900,4985,4915,5060
378850,화승알앤에이,KOSPI,2930,2930,2915,2965
040610,SG&G,KOSDAQ,3280,3230,3220,3275
263600,덕우전자,KOSDAQ,3490,3525,3490,3630
340930,성원에너텍,KOSDAQ,806,0,0,0
020760,일진디스플,KOSPI,902,0,0,0
460870,에스엠씨지,KOSDAQ,2765,2710,2680,2765
109080,옵티시스,KOSDAQ,9750,9130,9130,10780
024950,삼천리자전거,KOSDAQ,4530,4455,4405,4485
251630,브이원텍,KOSDAQ,3475,3365,3355,3455
001550,조비,KOSPI,10570,10600,10460,10670
104620,노랑풍선,KOSDAQ,3250,3310,3240,3400
217480,에스디생명공학,KOSDAQ,499,0,0,0
092440,기신정기,KOSPI,1872,1945,1872,1945
036670,삼양케이씨아이,KOSDAQ,5090,5030,5000,5090
104540,코렌텍,KOSDAQ,4065,4070,4030,4100
024910,경창산업,KOSDAQ,1519,1515,1500,1539
090080,평화산업,KOSPI,991,1001,980,1005
027050,코리아나,KOSDAQ,1365,1362,1346,1383
053270,구영테크,KOSDAQ,1998,1997,1972,1999
025530,SJM홀딩스,KOSPI,3630,3645,3600,3650
002630,오리엔트바이오,KOSPI,913,0,0,0
092780,DYP,KOSPI,4100,3185,3185,4100
006980,우성,KOSPI,17470,17140,17060,17580
170790,파이오링크,KOSDAQ,8430,8490,8330,8530
459100,위츠,KOSDAQ,4065,4070,3955,4070
043710,코스리거글로벌,KOSDAQ,3150,3155,3090,3230
081180,쎄크,KOSDAQ,6070,5850,5800,6220
370090,퓨런티어,KOSDAQ,6320,6280,6060,6310
28513K,SK케미칼우,KOSPI,25350,25700,25100,25700
054930,유신,KOSDAQ,17870,18030,17690,18140
463480,모티브링크,KOSDAQ,4330,4180,4180,5160
003475,유안타증권우,KOSPI,4290,4255,4180,4315
435570,에르코스,KOSDAQ,7020,7000,6920,7240
459550,알트,KOSDAQ,2110,2265,2100,2310
229500,노브메타파마,KONEX,4100,4095,3800,4100
232830,아이티센피엔에스,KOSDAQ,3220,3325,3160,3710
002410,범양건영,KOSPI,1935,0,0,0
348150,고바이오랩,KOSDAQ,2710,2765,2625,2770
011390,부산산업,KOSPI,50200,48950,48950,50500
012690,모나리자,KOSPI,1451,1465,1436,1465
123700,SJM,KOSPI,3395,3420,3355,3420
347740,피엔케이피부임상연구센타,KOSDAQ,1760,1767,1743,1784
453860,에이에스텍,KOSDAQ,8180,8230,8000,8250
019990,에너토크,KOSDAQ,5390,5380,5320,5440
070300,퀀텀레일,KOSDAQ,1484,1481,1443,1500
021050,서원,KOSPI,1112,1105,1097,1120
011230,삼화전자,KOSPI,2720,2710,2650,2750
419080,엔젯,KOSDAQ,4820,4810,4710,4905
023810,인팩,KOSPI,5240,5180,5130,5240
340360,다보링크,KOSDAQ,988,908,896,990
000950,전방,KOSPI,29700,30650,29700,31150
094940,푸른로보틱스,KOSDAQ,6280,6200,6100,6350
317850,대모,KOSDAQ,6290,6250,6170,6380
006125,SK디스커버리우,KOSPI,42100,42300,42000,42300
464490,쿼드메디슨,KOSDAQ,4540,4645,4510,4700
088910,동우팜투테이블,KOSDAQ,2035,2035,2015,2040
105760,포스뱅크,KOSDAQ,5080,5050,4990,5090
314140,알피바이오,KOSDAQ,5960,5990,5800,6070
006880,신송홀딩스,KOSPI,4365,4395,4360,4430
163280,에어레인,KOSDAQ,3905,3870,3785,4050
246690,TS인베스트먼트,KOSDAQ,2170,2190,2155,2245
0013V0,삼진식품,KOSDAQ,5210,5180,5180,5280
033230,인성정보,KOSDAQ,1018,1040,1011,1040
261520,이지스,KOSDAQ,5010,5160,4825,5310
010770,평화홀딩스,KOSPI,3520,3520,3475,3570
039240,경남스틸,KOSDAQ,1903,1903,1902,1919
046210,HLB파나진,KOSDAQ,1095,1169,1081,1173
015710,코콤,KOSDAQ,2990,2925,2915,2975
004830,덕성,KOSPI,3305,3265,3255,3350
189860,서전기전,KOSDAQ,5300,5350,5150,5450
408470,한패스,KOSDAQ,4845,4840,4660,4840
088280,쏘닉스,KOSDAQ,2985,2975,2910,3020
046940,우원개발,KOSDAQ,2825,2850,2805,2870
044340,위닉스,KOSDAQ,2860,2955,2840,2985
452400,이닉스,KOSDAQ,5590,5670,5490,5720
007815,코리아써우,KOSPI,17100,17450,16950,17450
256630,포인트엔지니어링,KOSDAQ,4355,4430,4325,4430
424980,마이크로투나노,KOSDAQ,8520,9220,8400,9220
393970,대진첨단소재,KOSDAQ,2825,0,0,0
009190,대양금속,KOSPI,1136,1100,1078,1155
005305,롯데칠성우,KOSPI,64900,65400,64500,65400
179900,유티아이,KOSDAQ,2330,2345,2260,2345
060560,HC홈센타,KOSDAQ,1976,1990,1944,1990
376290,씨유테크,KOSDAQ,2840,2875,2710,2880
049470,비트플래닛,KOSDAQ,2175,2170,2070,2190
071670,에이테크솔루션,KOSDAQ,5090,5000,4910,5040
007460,에이프로젠,KOSPI,2035,1999,1997,2050
092300,현우산업,KOSDAQ,2455,2425,2425,2465
299170,더블유에스아이,KOSDAQ,1211,1168,1143,1194
002140,고려산업,KOSPI,1996,2035,1900,2040
179530,애드바이오텍,KOSDAQ,1808,1894,1781,1955
361570,알비더블유,KOSDAQ,1709,1737,1690,1751
321260,프로이천,KOSDAQ,1762,1751,1726,1782
042110,에스씨디,KOSDAQ,1023,1030,1004,1030
063440,SM Life Design,KOSDAQ,1071,1071,1069,1092
122310,제노레이,KOSDAQ,3360,3360,3275,3360
011000,진원생명과학,KOSPI,2670,0,0,0
001620,케이비아이동국실업,KOSPI,2180,2145,2145,2200
217500,러셀,KOSDAQ,1529,1516,1512,1530
002920,유성기업,KOSPI,1862,1870,1840,1876
440290,HB인베스트먼트,KOSDAQ,1752,1749,1726,1754
355690,에이텀,KOSDAQ,5000,5010,4925,5120
150900,파수AI,KOSDAQ,4050,4105,4010,4240
101140,인바이오젠,KOSPI,4800,4890,4750,4890
418250,시큐레터,KOSDAQ,6550,0,0,0
311690,CJ 바이오사이언스,KOSDAQ,3645,3685,3645,3715
219550,디와이디,KOSDAQ,1149,1200,1110,1200
384470,코어라인소프트,KOSDAQ,2675,2665,2595,2730
900340,윙입푸드,KOSDAQ,1339,1350,1318,1351
291650,츌립앤사이언스,KOSDAQ,1558,1522,1507,1624
004920,씨아이테크,KOSPI,907,0,0,0
189980,흥국에프엔비,KOSDAQ,1176,1175,1160,1189
037950,엘컴텍,KOSDAQ,2800,2785,2740,2835
023440,제이스코홀딩스,KOSDAQ,521,0,0,0
009320,아진전자부품,KOSPI,954,968,945,977
004410,서울식품,KOSPI,1217,1190,1180,1219
007110,일신석재,KOSPI,603,0,0,0
373200,엑스플러스,KOSDAQ,1907,1929,1830,1929
041650,상신브레이크,KOSPI,2195,2250,2170,2250
178780,일월지엠엘,KOSDAQ,2480,2460,2455,2575
069460,대호에이엘,KOSPI,2660,0,0,0
321820,아티스트컴퍼니,KOSDAQ,2920,3190,2870,3195
198080,캐프,KOSDAQ,2180,2165,2120,2180
199550,레이저옵텍,KOSDAQ,3140,3130,3100,3200
317830,에스피시스템스,KOSDAQ,4395,4310,4265,4390
005320,온타이드,KOSPI,1348,1280,1280,1349
068330,일신바이오,KOSDAQ,1082,1060,1023,1091
014190,원익큐브,KOSDAQ,1300,1300,1265,1310
229000,젠큐릭스,KOSDAQ,1957,0,0,0
000910,유니온,KOSPI,2940,2985,2925,2985
038010,제일테크노스,KOSDAQ,5090,5120,5050,5120
053980,오상자이엘,KOSDAQ,2405,2410,2385,2410
131400,이브이첨단소재,KOSDAQ,766,0,0,0
073110,엘엠에스,KOSDAQ,5130,5140,5130,5180
004540,깨끗한나라,KOSPI,1248,1242,1221,1260
357250,미래에셋맵스리츠,KOSPI,1825,1836,1814,1836
059100,아이컴포넌트,KOSDAQ,6510,6690,6360,6690
072990,에이치시티,KOSDAQ,3140,3225,3070,3225
222420,쎄노텍,KOSDAQ,949,951,931,960
094970,제이엠티,KOSDAQ,2710,2750,2705,2760
35320K,대덕전자1우,KOSPI,21650,21450,21450,21850
471820,셀로맥스사이언스,KOSDAQ,4050,4050,3995,4050
260930,씨티케이,KOSDAQ,2340,2310,2275,2355
099410,동방선기,KOSDAQ,3260,3220,3200,3260
051390,YW,KOSDAQ,3980,4010,3980,4150
005030,부산주공,KOSPI,486,0,0,0
082850,우리바이오,KOSDAQ,4650,4720,4595,4745
008420,문배철강,KOSPI,2185,2195,2185,2215
052790,액토즈소프트,KOSDAQ,4090,4190,4030,4190
074610,이엔플러스,KOSPI,5110,0,0,0
290670,대보마그네틱,KOSDAQ,5890,5900,5700,5900
027830,대성창투,KOSDAQ,833,848,820,848
162120,루켄테크놀러지스,KONEX,4010,4095,4000,4095
143540,영우디에스피,KOSDAQ,1003,1020,970,1020
014910,성문전자,KOSPI,2040,2050,2030,2100
083550,케이엠,KOSDAQ,3295,3295,3260,3335
002870,신풍,KOSPI,1273,1185,1169,1294
084870,TBH글로벌,KOSPI,2170,2230,2165,2260
033340,좋은사람들,KOSDAQ,460,0,0,0
072470,우리산업홀딩스,KOSDAQ,2360,2355,2245,2380
0010V0,제이피아이헬스케어,KOSDAQ,8730,8730,8540,8730
317690,퀀타매트릭스,KOSDAQ,2300,2210,2165,2330
053450,세코닉스,KOSDAQ,2990,3040,2970,3040
114450,그린생명과학,KOSDAQ,2240,2205,2205,2255
003080,SB성보,KOSPI,2210,2240,2205,2245
208860,다산디엠씨,KOSDAQ,1303,0,0,0
317870,엔바이오니아,KOSDAQ,5000,4865,4865,5160
004910,조광페인트,KOSPI,3450,3495,3405,3495
288330,파라택시스코리아,KOSDAQ,416,0,0,0
017180,명문제약,KOSPI,1290,1314,1272,1314
277070,린드먼아시아,KOSDAQ,3220,3300,3170,3300
900250,크리스탈신소재,KOSDAQ,1230,1247,1228,1247
042040,케이피엠테크,KOSDAQ,5130,5290,5030,5290
227950,엔투텍,KOSDAQ,1291,1280,1256,1296
026940,부국철강,KOSPI,2185,2190,2170,2245
224110,에이텍모빌리티,KOSDAQ,8890,8590,8330,8740
004060,SG세계물산,KOSPI,2190,2140,2135,2185
238120,얼라인드,KOSDAQ,3080,3055,3000,3125
145170,노브랜드,KOSDAQ,2585,2585,2585,2630
382150,온코크로스,KOSDAQ,3365,3470,3300,3470
065130,탑엔지니어링,KOSDAQ,2730,2810,2730,2810
278650,HLB바이오스텝,KOSDAQ,2460,2505,2410,2540
258610,케일럼,KOSDAQ,1200,1213,1180,1213
479960,위너스일렉,KOSDAQ,6100,5990,5960,6100
023350,한국종합기술,KOSPI,3995,4065,3955,4070
022220,티케이지애강,KOSDAQ,836,814,814,852
050120,ES큐브,KOSDAQ,3180,3130,3070,3190
000215,DL우,KOSPI,25100,26100,25200,26100
226340,본느,KOSDAQ,5150,5110,5110,5450
066130,하츠,KOSDAQ,3390,3390,3345,3400
263020,디케이앤디,KOSDAQ,3180,3140,3085,3140
180060,탑선,KONEX,4600,4600,4600,4600
129890,앱코,KOSDAQ,944,943,925,947
413640,비아이매트릭스,KOSDAQ,5950,5880,5860,6040
140520,대창스틸,KOSDAQ,1996,2035,2005,2035
112190,KC산업,KONEX,1199,1196,1100,1200
053950,경남제약,KOSDAQ,2165,2335,2145,2335
159580,제로투세븐,KOSDAQ,2145,2105,2095,2150
009835,한화솔루션우,KOSPI,16980,16810,16410,17060
481850,신한글로벌액티브리츠,KOSPI,980,978,976,983
466410,사이냅소프트,KOSDAQ,8570,8440,8360,8700
450330,하스,KOSDAQ,5300,5330,5070,5330
307280,원바이오젠,KOSDAQ,6100,6100,5890,6100
007680,대원,KOSDAQ,3195,3205,3200,3260
373160,데이원컴퍼니,KOSDAQ,3060,3240,3050,3460
189690,포시에스,KOSDAQ,1611,1540,1530,1550
184230,SGA솔루션즈,KOSDAQ,2290,2180,2100,2395
476040,오가노이드사이언스,KOSDAQ,6580,6490,6200,6500
037230,한국팩키지,KOSDAQ,1403,1363,1363,1419
065440,이루온,KOSDAQ,1530,1495,1480,1559
452200,민테크,KOSDAQ,1701,1699,1680,1714
256150,한독크린텍,KOSDAQ,4935,4955,4855,4995
019490,엑시큐어하이트론,KOSPI,541,0,0,0
446070,유니드비티플러스,KOSPI,4000,3895,3815,3895
011330,유니켐,KOSPI,4160,4225,4025,4255
056700,신화인터텍,KOSDAQ,1416,1420,1409,1423
190650,코리아에셋투자증권,KOSDAQ,6510,6540,6450,6570
263810,상신전자,KOSDAQ,2600,2580,2555,2600
122830,원포유,KONEX,1254,1248,1199,1275
002290,삼일기업공사,KOSDAQ,3310,3345,3290,3345
086060,진바이오텍,KOSDAQ,5050,4870,4725,4870
066900,디에이피,KOSDAQ,1787,1779,1725,1800
136410,아셈스,KOSDAQ,3655,3695,3595,3715
017040,광명전기,KOSPI,932,0,0,0
460470,아이빔테크놀로지,KOSDAQ,2670,2590,2580,2700
007530,와이엠,KOSDAQ,1786,1897,1750,1897
286750,나노실리칸첨단소재,KOSDAQ,2515,2485,2455,2540
027740,마니커,KOSPI,1259,1347,1231,1360
234100,폴라리스세원,KOSDAQ,2765,2705,2680,2770
023960,에쓰씨엔지니어링,KOSPI,1072,1053,1029,1055
199480,뱅크웨어글로벌,KOSDAQ,3950,3950,3870,3965
008870,금비,KOSPI,39700,40950,39250,40950
064090,인크레더블버즈,KOSDAQ,798,0,0,0
218150,미래생명자원,KOSDAQ,1940,1960,1910,1965
011300,우성머티리얼스,KOSPI,2295,2300,2210,2430
196300,HLB펩,KOSDAQ,4165,4160,4130,4280
035460,기산텔레콤,KOSDAQ,2670,2625,2580,2695
261200,덴티스,KOSDAQ,2590,2640,2500,2640
044960,이글벳,KOSDAQ,3130,3085,3085,3135
042940,상지건설,KOSDAQ,5740,5960,5580,5960
052220,iMBC,KOSDAQ,1708,1727,1701,1731
049830,승일,KOSDAQ,6380,6350,6290,6490
025880,케이씨피드,KOSDAQ,2350,2345,2325,2345
009810,MDS스피어,KOSPI,2115,1903,1860,1940
100660,서암기계공업,KOSDAQ,3055,3060,3050,3095
263770,유에스티,KOSDAQ,1658,1651,1616,1651
037370,EG,KOSDAQ,4520,4465,4335,4530
465480,인스피언,KOSDAQ,3800,3790,3785,3875
352700,씨앤투스,KOSDAQ,1483,1495,1443,1495
219420,링크제니시스,KOSDAQ,3445,3400,3325,3400
263700,케어랩스,KOSDAQ,2015,1977,1959,2050
109670,씨싸이트,KOSDAQ,6810,6680,6280,6800
043340,에쎈테크,KOSDAQ,824,821,804,839
011420,갤럭시아에스엠,KOSPI,1392,1384,1369,1413
250000,보라티알,KOSDAQ,5880,5790,5620,5790
296160,프로젠,KONEX,2495,2535,2450,2580
200580,메디쎄이,KONEX,10290,10110,10100,10290
221840,하이즈항공,KOSDAQ,2050,2065,2025,2065
191600,블루탑,KONEX,13390,13390,13390,13390
221980,케이디켐,KOSDAQ,10200,9420,9310,9480
060540,에스에이티,KOSDAQ,1462,1441,1437,1467
134790,시디즈,KOSPI,19100,19000,18980,19100
050860,아세아텍,KOSDAQ,1695,1727,1675,1727
046310,백금T&A,KOSDAQ,2320,2345,2300,2355
047400,유니온머티리얼,KOSPI,910,918,901,918
026040,제이에스티나,KOSDAQ,2270,2270,2240,2380
032960,동일기연,KOSDAQ,2150,2085,2080,2160
038070,서린바이오,KOSDAQ,4065,4065,4060,4135
273060,와이즈버즈,KOSDAQ,3980,3910,3805,3915
097870,효성오앤비,KOSDAQ,4495,4500,4440,4520
145270,케이탑리츠,KOSPI,783,795,783,795
014570,고려제약,KOSDAQ,3420,3400,3375,3435
065500,오리엔트정공,KOSDAQ,1060,1058,1046,1080
122690,서진오토모티브,KOSDAQ,1623,1651,1595,1669
203450,유니온바이오메트릭스,KOSDAQ,2695,2650,2595,2725
101240,씨큐브,KOSDAQ,3285,3375,3280,3380
019770,서연탑메탈,KOSDAQ,3200,3205,3200,3235
051490,나라엠앤디,KOSDAQ,2620,2680,2620,2680
446440,에피바이오텍,KONEX,16100,14500,14500,16100
084650,랩지노믹스,KOSDAQ,500,0,0,0
406820,뷰티스킨,KOSDAQ,2595,2330,2195,2870
000890,보해양조,KOSPI,1350,1350,1339,1376
133820,화인베스틸,KOSPI,994,1010,989,1035
153460,네이블,KOSDAQ,5900,5890,5630,6030
033170,시그네틱스,KOSDAQ,2155,2035,2020,2160
043910,자연과환경,KOSDAQ,3265,3235,3205,3295
123570,이엠넷,KOSDAQ,1654,1651,1648,1657
060850,영림원소프트랩,KOSDAQ,4530,4525,4450,4560
208710,포톤,KOSDAQ,2820,2965,2760,2970
171010,램테크놀러지,KOSDAQ,2580,2660,2535,2660
260660,알리코제약,KOSDAQ,2385,2440,2360,2465
215380,콜마바이오텍,KOSDAQ,2160,2165,2110,2165
086040,바이오톡스텍,KOSDAQ,2305,2310,2275,2325
049800,우진플라임,KOSPI,1813,1850,1809,1850
012280,영화금속,KOSPI,3945,3690,3610,3695
434480,모니터랩,KOSDAQ,2950,2945,2885,3135
284620,카이노스메드,KOSDAQ,1087,0,0,0
045060,오공,KOSDAQ,2165,2100,2075,2125
360350,코셈,KOSDAQ,6600,6600,6430,6760
121890,에스디시스템,KOSDAQ,2700,2700,2660,2770
066360,체리부로,KOSDAQ,1496,1491,1491,1550
461030,아이엠비디엑스,KOSDAQ,2600,2610,2500,2610
196450,코아시아씨엠,KOSDAQ,4000,3865,3800,4005
318410,비비씨,KOSDAQ,6440,6410,6350,6440
046390,삼화네트웍스,KOSDAQ,2070,2035,2010,2100
068940,셀피글로벌,KOSDAQ,778,0,0,0
081580,성우전자,KOSDAQ,2325,2300,2260,2310
000760,이화산업,KOSPI,12730,12830,12730,12880
446840,지슨,KOSDAQ,3235,3385,3130,3385
045510,정원엔시스,KOSDAQ,1130,1097,1086,1140
239890,피엔에이치테크,KOSDAQ,3695,3500,3500,3590
075130,플랜티넷,KOSDAQ,2205,2240,2170,2240
207760,미스터블루,KOSDAQ,2230,2275,2130,2275
263050,유틸렉스,KOSDAQ,959,0,0,0
010640,진양폴리,KOSPI,2135,2180,2080,2195
186230,그린플러스,KOSDAQ,3245,3280,3150,3300
024120,KB오토시스,KOSDAQ,3060,3070,3040,3070
387570,파인메딕스,KOSDAQ,6230,6110,6000,6240
009140,케이아이이,KOSPI,21800,21900,21700,22400
270870,뉴트리,KOSDAQ,3925,3785,3725,3880
106240,파인테크닉스,KOSDAQ,1330,1163,1162,1490
051630,진양화학,KOSPI,1636,1858,1625,2020
417860,오브젠,KOSDAQ,7340,7230,7160,7380
332290,누보,KOSDAQ,4480,4350,4305,4530
039290,인포뱅크,KOSDAQ,3975,4055,3940,4085
057540,옴니시스템,KOSDAQ,581,585,577,589
177900,쓰리에이로직스,KOSDAQ,3595,3555,3500,3600
215090,솔디펜스,KOSDAQ,1432,1443,1443,1510
432430,와이랩,KOSDAQ,2090,2105,2015,2105
204020,그리티,KOSDAQ,1772,1768,1768,1785
227420,도부,KONEX,904,915,700,915
363250,진시스템,KOSDAQ,4055,4115,4015,4120
016600,큐캐피탈,KOSDAQ,2480,2445,2385,2490
099220,SDN,KOSDAQ,5440,5620,5300,5740
004365,세방우,KOSPI,9270,9230,9230,9270
008250,이건산업,KOSPI,3105,3160,3080,3160
469750,아이비젼웍스,KOSDAQ,991,0,0,0
057030,YBM넷,KOSDAQ,2085,2115,2050,2120
052600,한네트,KOSDAQ,2880,2905,2905,2980
006920,모헨즈,KOSDAQ,3105,3080,3065,3225
104200,NHN벅스,KOSDAQ,2255,2260,2150,2305
143210,핸즈코퍼레이션,KOSPI,1199,0,0,0
006370,대구백화점,KOSPI,3165,3170,3010,3175
452300,캡스톤파트너스,KOSDAQ,2380,2380,2355,2405
013000,세우글로벌,KOSPI,1164,1167,1147,1168
005820,원림,KOSPI,14560,14490,14360,14570
397810,애드포러스,KOSDAQ,6550,6780,6400,6780
258790,소프트캠프,KOSDAQ,6840,6000,6000,6990
290120,DH오토리드,KOSDAQ,2125,2195,2095,2195
038060,루멘스바이오스,KOSDAQ,689,0,0,0
133750,메가엠디,KOSDAQ,1415,1431,1409,1435
900270,헝셩그룹,KOSDAQ,2965,2985,2810,3250
408900,스튜디오미르,KOSDAQ,1024,1040,1001,1040
318020,포인트모바일,KOSDAQ,2625,2665,2590,2715
064520,테크엘,KOSDAQ,1427,1449,1442,1495
012160,영흥,KOSPI,2195,2095,2095,2170
310870,디와이씨,KOSDAQ,1500,1566,1503,1566
495810,유비씨,KONEX,13120,0,0,0
072770,멤레이비티,KOSDAQ,864,782,750,795
065950,웰크론,KOSDAQ,1179,1166,1140,1181
002880,디와이에이,KOSPI,3490,3410,3410,3655
419120,산돌,KOSDAQ,2290,2260,2260,2350
153490,우리이앤엘하루틴,KOSDAQ,3200,3175,3095,3310
087600,픽셀플러스,KOSDAQ,3995,3900,3900,4025
131090,시큐브,KOSDAQ,4285,4205,4205,4265
068050,팬엔터테인먼트,KOSDAQ,1176,1202,1170,1212
148930,에이치와이티씨,KOSDAQ,3200,3210,3150,3265
0203K0,송우인포텍,KONEX,10850,0,0,0
032790,엠젠솔루션,KOSDAQ,1265,0,0,0
220180,폴라리스AI핸디,KOSDAQ,1420,1399,1335,1399
271830,팸텍,KOSDAQ,1111,1109,1085,1124
430690,한싹,KOSDAQ,2965,3000,2900,3080
290090,트윔,KOSDAQ,4360,4375,4210,4405
080520,오디텍,KOSDAQ,2970,2905,2865,2970
109820,진매트릭스,KOSDAQ,1600,1624,1569,1624
335810,프리시젼바이오,KOSDAQ,1500,1654,1471,1655
009460,한창제지,KOSPI,2625,2635,2550,2680
090370,메타랩스,KOSPI,1234,1186,1155,1246
021650,한국큐빅,KOSDAQ,1990,1971,1963,1985
173940,에프엔씨엔터,KOSDAQ,2100,2180,2095,2195
476080,M83,KOSDAQ,4175,3970,3930,4025
215790,이노인스트루먼트,KOSDAQ,802,706,693,890
025440,DH오토웨어,KOSDAQ,3295,3320,3255,3320
090410,덕신이피씨,KOSDAQ,3540,3525,3455,3580
033830,티비씨,KOSDAQ,1685,1694,1688,1712
159910,에코글로우,KOSDAQ,3060,3125,3010,3150
079170,한창산업,KOSDAQ,6150,6100,6070,6300
200780,비씨월드제약,KOSDAQ,3150,3020,2995,3020
089140,넥스턴앤롤코리아,KOSDAQ,2125,2080,2045,2150
369370,블리츠웨이엔터테인먼트,KOSDAQ,3200,3085,3045,3450
197140,디지캡,KOSDAQ,2445,2320,2320,2455
031510,오스템,KOSDAQ,1143,1131,1126,1149
296640,이노에이엑스,KOSDAQ,6230,6250,6080,6250
263920,휴엠앤씨,KOSDAQ,3310,3300,3220,3300
050110,캠시스,KOSDAQ,1079,0,0,0
368970,오에스피,KOSDAQ,2800,2695,2600,2900
001070,대한방직,KOSPI,6010,6090,5860,6090
020180,대신정보통신,KOSDAQ,4060,4170,4045,4170
064480,브리지텍,KOSDAQ,2620,2615,2580,2650
037330,인지디스플레,KOSDAQ,713,720,708,727
127980,화인써키트,KOSDAQ,2640,2580,2580,2655
258830,세종메디칼,KOSDAQ,412,0,0,0
099390,브레인즈컴퍼니,KOSDAQ,3895,3760,3715,3805
160550,NEW,KOSDAQ,1115,1112,1060,1124
337840,유엑스엔,KONEX,6250,6190,6060,6250
014130,한익스프레스,KOSPI,2630,2630,2600,2655
010400,우진아이엔에스,KOSPI,3975,4050,4025,4125
388610,지에프씨생명과학,KOSDAQ,5810,5710,5680,5940
317240,TS트릴리온,KOSDAQ,1058,1085,1020,1085
069920,엑시온그룹,KOSDAQ,1360,1257,1249,1382
187270,신화콘텍,KOSDAQ,3185,3005,2990,3070
464280,티디에스팜,KOSDAQ,5580,5580,5460,5660
025750,한솔홈데코,KOSPI,1908,1908,1891,1908
093380,풍강,KOSDAQ,3105,3135,3085,3135
049120,파인디앤씨,KOSDAQ,2890,2870,2800,2990
024070,WISCOM,KOSPI,1999,2035,1930,2035
393210,토마토시스템,KOSDAQ,1980,2160,1945,2210
288620,에스프리즘,KOSDAQ,4435,4445,4310,4500
097780,에코볼트,KOSDAQ,1508,1500,1493,1548
036420,콘텐트리중앙,KOSPI,1587,1572,1572,1667
300120,라온피플,KOSDAQ,3100,3130,3030,3185
073540,에프알텍,KOSDAQ,2670,2545,2510,2705
462310,뉴키즈온,KOSDAQ,3845,3980,3655,3980
069640,한세엠케이,KOSPI,1430,1384,1326,1425
012620,원일특강,KOSDAQ,7140,6890,6850,7050
356890,싸이버원,KOSDAQ,2555,2565,2510,2615
038950,파인디지털,KOSDAQ,2885,3155,2950,3155
246250,에스엘에스바이오,KOSDAQ,1969,0,0,0
003535,한화투자증권우,KOSPI,6490,6490,6280,6490
444530,심플랫폼,KOSDAQ,4715,4945,4585,4945
033250,체시스,KOSPI,4685,4670,4585,4715
139670,키네마스터,KOSDAQ,2145,2100,2050,2125
140430,카티스,KOSDAQ,2805,3000,2790,3160
123840,뉴온,KOSDAQ,1926,1657,1657,2030
088790,진도,KOSPI,2400,2315,2315,2475
006740,블루산업개발,KOSPI,5200,5020,4980,5090
367000,플래티어,KOSDAQ,3670,3615,3510,3615
075970,동국알앤에스,KOSDAQ,1622,1630,1610,1638
071850,캐스텍코리아,KOSDAQ,1230,1228,1206,1360
128540,에코캡,KOSDAQ,1160,1144,1110,1155
038620,위즈코프,KOSDAQ,1970,1910,1893,1978
254120,자비스,KOSDAQ,971,960,960,999
078590,휴림에이텍,KOSDAQ,2965,2955,2950,3015
006570,대림통상,KOSPI,1999,1954,1890,1954
031310,아이즈비전,KOSDAQ,985,1007,985,1009
308170,씨티알모빌리티,KOSPI,3495,3520,3410,3520
002690,동일제강,KOSPI,1454,1432,1411,1456
462980,아이지넷,KOSDAQ,1640,1613,1600,1627
376980,원티드랩,KOSDAQ,3100,2945,2910,3015
336060,웨이버스,KOSDAQ,3050,3055,3030,3090
025890,한국주강,KOSPI,2625,2600,2400,2625
311390,네오크레마,KOSDAQ,2380,2295,2255,2350
003680,한성기업,KOSPI,4730,4745,4695,4770
237820,플레이디,KOSDAQ,2300,2285,2240,2345
052300,오션인더블유,KOSDAQ,1710,1498,1498,1943
431190,케이쓰리아이,KOSDAQ,3800,3500,3480,4065
091340,S&K폴리텍,KOSDAQ,2455,2475,2460,2545
407400,꿈비,KOSDAQ,2000,2055,1975,2070
118000,메타케어,KOSPI,1320,1287,1287,1350
088340,유라클,KOSDAQ,6850,6950,6670,6950
070590,인티큐브,KOSDAQ,2090,2080,2055,2105
119500,포메탈,KOSDAQ,2485,2450,2425,2505
373170,엠아이큐브솔루션,KOSDAQ,1860,1905,1852,1915
351330,이삭엔지니어링,KOSDAQ,3440,2995,2995,3700
079000,와토스코리아,KOSDAQ,4000,3960,3855,4000
236810,엔비티,KOSDAQ,1693,1718,1648,1725
033540,파라텍,KOSDAQ,2750,2800,2740,2815
089150,케이씨티,KOSDAQ,1670,1643,1643,1680
262840,아이퀘스트,KOSDAQ,2790,2700,2700,2720
148250,알엔투테크놀로지,KOSDAQ,2080,2140,1991,2140
096630,에스코넥,KOSDAQ,1949,1792,1770,1800
450520,인스웨이브,KOSDAQ,1942,1876,1843,1942
007120,미래아이앤지,KOSPI,1046,1077,1041,1077
239610,에이치엘사이언스,KOSDAQ,5290,5320,5200,5320
045300,성우테크론,KOSDAQ,2690,2700,2665,2725
464580,닷밀,KOSDAQ,1545,1520,1486,1542
224060,더코디,KOSDAQ,5490,5780,5490,5940
188260,세니젠,KOSDAQ,2035,2085,2020,2090
115480,씨유메디칼,KOSDAQ,2330,2320,2265,2370
043220,티에스넥스젠,KOSDAQ,1710,0,0,0
007770,한일화학,KOSDAQ,8030,8250,7960,8300
008470,부스타,KOSDAQ,1700,1662,1662,1689
452160,제이엔비,KOSDAQ,2995,3005,2890,3005
114630,폴라리스우노,KOSDAQ,1639,1640,1617,1650
318010,팜스빌,KOSDAQ,3530,3530,3530,3570
038870,에코심플렉스,KOSDAQ,1996,2000,1980,2035
333050,이노테나,KOSDAQ,5680,5760,5490,5760
311060,엘에이티,KONEX,3550,3625,3405,3625
066910,손오공,KOSDAQ,1900,1805,1790,1820
364950,에이아이코리아,KOSDAQ,3365,3400,3325,3450
091970,LSK아이로봇,KOSDAQ,3615,3800,3600,3880
357430,마스턴프리미어리츠,KOSPI,911,931,910,931
198940,한주라이트메탈,KOSDAQ,1400,1468,1393,1468
068100,케이웨더,KOSDAQ,2325,2335,2300,2350
195500,마니커에프앤지,KOSDAQ,1735,1749,1714,1749
363260,모비데이즈,KOSDAQ,4300,4240,4240,4475
290560,파라택시스이더리움,KOSDAQ,1260,1242,1225,1271
226330,신테카바이오,KOSDAQ,1140,1212,1125,1253
017000,신원종합개발,KOSDAQ,2355,2400,2355,2405
322780,코퍼스코리아,KOSDAQ,1945,1860,1835,1968
109960,앱토크롬,KOSDAQ,1826,1819,1801,1840
290270,휴네시온,KOSDAQ,2935,2905,2850,2980
193250,링크드,KOSDAQ,2095,2060,2045,2175
130500,GH신소재,KOSDAQ,1939,1859,1859,1937
019175,신풍제약우,KOSPI,13800,13910,13530,14000
225220,제놀루션,KOSDAQ,1500,1417,1410,1428
101670,하이드로리튬,KOSDAQ,482,500,475,505
069410,엔텔스,KOSDAQ,2700,2710,2640,2740
016920,카스,KOSDAQ,1071,1080,1041,1098
297570,아틀라스링크,KOSDAQ,3970,3970,3865,4065
067010,이씨에스,KOSDAQ,2520,2545,2460,2550
006490,프리티,KOSPI,1535,1825,1535,1826
001380,SG글로벌,KOSPI,1200,1192,1185,1207
348030,모비릭스,KOSDAQ,2980,2850,2760,2930
900310,컬러레이,KOSDAQ,2060,2010,2005,2240
032750,삼진,KOSDAQ,2985,2950,2925,3000
096690,에이루트,KOSDAQ,6700,6700,6640,6760
131220,대한과학,KOSDAQ,3615,3645,3540,3650
900070,글로벌에스엠,KOSDAQ,1007,998,984,1004
080530,코디,KOSDAQ,2450,2580,2420,2590
006345,대원전선우,KOSPI,10250,9930,9730,10840
047080,한빛소프트,KOSDAQ,1077,1070,1055,1087
033050,제이엠아이,KOSDAQ,840,835,817,849
053290,NE능률,KOSDAQ,1613,1620,1583,1655
083660,CSA 코스믹,KOSDAQ,1548,1514,1514,1575
105550,엣지파운드리,KOSDAQ,1694,1681,1681,1740
003060,에이프로젠바이오로직스,KOSPI,1628,1651,1625,1665
005110,한창,KOSPI,1254,0,0,0
054780,키이스트,KOSDAQ,1373,1319,1306,1343
048470,대동스틸,KOSDAQ,2785,2850,2700,2860
013720,청보,KOSDAQ,2220,2165,2110,2200
328380,솔트웨어,KOSDAQ,4120,3835,3785,3975
019570,GMI벤처,KOSDAQ,2745,2765,2730,2765
069140,누리플랜,KOSDAQ,1712,1794,1732,1794
458350,에스팀,KOSDAQ,3030,3030,2960,3125
138070,신진에스엠,KOSDAQ,1493,1507,1460,1507
071950,코아스,KOSPI,1819,1831,1802,1847
001810,무림SP,KOSDAQ,1177,1168,1157,1180
238490,힘스,KOSDAQ,2300,2245,2195,2365
146060,율촌,KOSDAQ,1077,1119,1072,1119
026910,광진실업,KOSDAQ,3230,3255,3165,3400
169330,엠브레인,KOSDAQ,1425,1344,1326,1465
021880,메이슨캐피탈,KOSDAQ,1220,1230,1201,1230
103840,우양,KOSDAQ,1582,1584,1566,1587
038530,케이바이오랩스,KOSDAQ,999,0,0,0
475660,에스켐,KOSDAQ,3260,3225,3190,3330
057680,티사이언티픽,KOSDAQ,1680,1650,1610,1659
365590,하이딥,KOSDAQ,1417,1470,1399,1475
377030,비트맥스,KOSDAQ,1801,1783,1768,1890
054090,삼진엘앤디,KOSDAQ,1050,1039,1001,1039
076080,웰크론한텍,KOSDAQ,1150,1160,1114,1160
0010F0,보원케미칼,KOSDAQ,2350,2315,2290,2360
351870,차이커뮤니케이션,KOSDAQ,2280,2315,2265,2350
002355,넥센타이어1우B,KOSPI,3930,3985,3925,3985
035200,프럼파스트,KOSDAQ,2815,2705,2685,2965
044780,에이치케이,KOSDAQ,1385,1370,1355,1387
083640,인콘,KOSDAQ,5620,5460,5430,5810
134060,이퓨쳐,KOSDAQ,5320,5240,5200,5330
090150,아이윈,KOSDAQ,6070,6060,5940,6150
054940,엑사이엔씨,KOSDAQ,3860,3880,3755,3880
023150,MH에탄올,KOSPI,4105,4145,4075,4145
359090,씨엔알리서치,KOSDAQ,2220,2190,2170,2255
016670,디모아,KOSDAQ,2480,2400,2375,2495
290520,신도기연,KOSDAQ,1605,1620,1560,1625
33637K,솔루스첨단소재1우,KOSPI,1485,1485,1476,1485
101680,한국정밀기계,KOSDAQ,2990,2935,2820,3035
020400,대동금속,KOSDAQ,2805,2780,2735,2795
200350,아티스트스튜디오,KOSDAQ,2535,2580,2450,2655
131180,딜리,KOSDAQ,4345,4345,4220,4345
060380,동양에스텍,KOSDAQ,1289,1325,1261,1325
415380,스튜디오삼익,KOSDAQ,2200,2195,2165,2215
123750,알톤,KOSDAQ,1850,1842,1775,1842
043200,파루,KOSDAQ,1192,1179,1169,1194
376180,피코그램,KOSDAQ,1340,1371,1326,1371
177830,파버나인,KOSDAQ,2195,2220,2140,2220
058110,멕아이씨에스,KOSDAQ,1540,1513,1505,1579
208350,지란지교시큐리티,KOSDAQ,3060,3130,2960,3250
073570,리튬포어스,KOSDAQ,2050,1917,1917,2065
004270,남성,KOSPI,5410,5480,5320,5480
368600,아이씨에이치,KOSDAQ,956,0,0,0
102950,아하,KONEX,1878,2075,1711,2075
039740,한국정보공학,KOSDAQ,3045,3120,3050,3135
417180,핑거스토리,KOSDAQ,4200,4400,4090,4400
354390,바스칸바이오제약,KONEX,3500,3495,3495,3500
038880,아이에이,KOSDAQ,3265,3450,3230,3450
206400,베노티앤알,KOSDAQ,672,659,635,662
115160,휴맥스,KOSDAQ,5920,5770,5650,5770
389680,유디엠텍,KOSDAQ,2940,2945,2745,3200
405920,나라셀라,KOSDAQ,1899,1881,1785,1937
276730,한울앤제주,KOSDAQ,1032,1016,1012,1060
148780,비큐AI,KOSDAQ,3850,3810,3810,3950
355390,크라우드웍스,KOSDAQ,1519,1520,1401,1545
003495,대한항공우,KOSPI,21850,22100,21650,22100
222980,한국맥널티,KOSDAQ,2200,2265,2175,2265
004870,티웨이홀딩스,KOSPI,1063,0,0,0
016100,리더스코스메틱,KOSDAQ,1240,1259,1225,1442
318000,KBG,KOSDAQ,2690,2780,2720,2785
301300,바이브컴퍼니,KOSDAQ,1820,1954,1789,1971
005360,모나미,KOSPI,1262,1266,1263,1297
398120,에스지헬스케어,KOSDAQ,2015,2010,2000,2065
267790,배럴,KOSDAQ,3180,3195,3070,3230
206950,볼빅,KONEX,1689,1713,1268,1713
007720,소노스퀘어,KOSDAQ,1180,1137,1131,1212
027040,서울전자통신,KOSDAQ,1749,1737,1662,1760
462510,라메디텍,KOSDAQ,2725,2750,2655,2825
378800,샤페론,KOSDAQ,510,0,0,0
051380,피씨디렉트,KOSDAQ,1533,1569,1533,1569
188040,바이오포트,KOSDAQ,5020,5050,4950,5050
247660,나노씨엠에스,KOSDAQ,4490,4170,4115,4490
030720,동원수산,KOSPI,5040,5190,4995,5270
023770,플레이위드,KOSDAQ,2795,2915,2580,2915
033200,모아텍,KOSDAQ,2545,2525,2415,2550
278990,EMB,KONEX,2900,2905,2900,3190
33626L,두산퓨얼셀2우B,KOSPI,7830,8060,7600,8060
036480,대성미생물,KOSDAQ,6150,6210,6090,6210
432980,엠에프씨,KOSDAQ,2750,2770,2640,2825
403360,라피치,KONEX,6200,6200,5950,6200
009310,참엔지니어링,KOSPI,5330,0,0,0
039310,세중,KOSDAQ,1303,1255,1255,1310
060230,제이케이시냅스,KOSDAQ,1191,1189,1161,1297
331520,밸로프,KOSDAQ,2435,2325,2310,2395
032860,더라미,KOSDAQ,2875,2815,2700,2915
403810,아이엘로보틱스,KONEX,2335,2455,2335,2455
115530,씨엔플러스,KOSDAQ,2700,2555,2500,2740
207490,에이펙스인텍,KONEX,6410,6350,6350,6410
464500,아이언디바이스,KOSDAQ,1650,1648,1625,1687
206560,덱스터,KOSDAQ,908,919,895,919
352940,인바이오,KOSDAQ,2130,2155,2055,2155
013810,스페코,KOSDAQ,1568,1617,1553,1617
115570,스타플렉스,KOSDAQ,2875,2775,2775,2880
187220,디티앤씨,KOSDAQ,2000,2020,1938,2020
044480,빌리언스,KOSDAQ,3675,3485,3370,3500
018680,서울제약,KOSDAQ,1964,1962,1917,1973
317120,라닉스,KOSDAQ,1496,1460,1460,1532
001420,태원물산,KOSPI,3005,3005,2945,3050
154040,다산솔루에타,KOSDAQ,1055,0,0,0
243870,아이티센코어,KONEX,7880,7600,7310,7930
241840,에이스토리,KOSDAQ,2385,2310,2240,2390
331660,한국미라클피플사,KONEX,4115,4115,4115,4115
257370,피엔티엠에스,KOSDAQ,2000,1808,1769,1820
298060,풍전약품,KOSDAQ,2340,2350,2290,2380
032800,판타지오,KOSDAQ,1479,1480,1469,1488
012170,아센디오,KOSPI,3055,3075,2715,3080
303530,이노뎁,KOSDAQ,3105,3120,2995,3120
017250,인터엠,KOSDAQ,1053,1059,1043,1059
130740,티피씨글로벌,KOSDAQ,1970,1930,1907,1995
192390,윈하이텍,KOSDAQ,1844,1823,1807,1873
237750,피앤씨테크,KOSDAQ,3395,3410,3335,3430
289220,자이언트스텝,KOSDAQ,992,990,980,1003
027580,상보,KOSDAQ,1858,1714,1714,1873
440320,오픈놀,KOSDAQ,2205,2170,2150,2250
238200,비피도,KOSDAQ,2685,2820,2680,2820
065690,파커스,KOSDAQ,1828,1837,1763,1864
065370,위세아이텍,KOSDAQ,2995,3000,2930,3000
053060,세동,KOSDAQ,1240,1254,1230,1257
277410,인산가,KOSDAQ,5900,5700,5650,5890
362990,드림인사이트,KOSDAQ,1306,1287,1253,1309
043360,디지아이,KOSDAQ,2450,2490,2340,2490
032280,삼일,KOSDAQ,1350,1358,1320,1358
018700,졸스,KOSDAQ,1301,1314,1275,1330
032080,아즈텍WB,KOSDAQ,1010,0,0,0
021040,대호특수강,KOSDAQ,948,942,910,1050
054220,비츠로시스,KOSDAQ,1719,1775,1669,1775
377330,이지트로닉스,KOSDAQ,2620,2700,2660,2835
424760,벨로크,KOSDAQ,2150,2100,2100,2295
000040,KR모터스,KOSPI,1097,1098,1089,1110
069330,유아이디,KOSDAQ,1270,1305,1260,1305
067730,로지시스,KOSDAQ,2205,2220,2195,2245
340440,세림B&G,KOSDAQ,756,0,0,0
429270,시지트로닉스,KOSDAQ,3370,3400,3320,3445
095910,에스에너지,KOSDAQ,586,589,580,594
215480,토박스코리아,KOSDAQ,1986,2025,1960,2025
219750,한국비티비,KOSDAQ,1650,1636,1619,1638
344860,이노진,KOSDAQ,1501,1458,1415,1466
063760,이엘피,KOSDAQ,2290,2275,2250,2290
045520,크린앤사이언스,KOSDAQ,3270,3200,3200,3270
383930,디티앤씨알오,KOSDAQ,1772,1700,1661,1740
059180,엔더블유시,KONEX,3985,0,0,0
900110,딥커머스,KOSDAQ,5740,6030,5610,7390
084440,유비온,KOSDAQ,5520,5620,5480,5860
024940,PN풍년,KOSDAQ,2105,2135,2050,2155
275630,에스에스알,KOSDAQ,4000,4025,3815,4310
191410,육일씨엔에쓰,KOSDAQ,1874,1807,1785,1875
008775,호텔신라우,KOSPI,28050,27850,27700,28100
043590,웰킵스하이텍,KOSDAQ,1543,1529,1512,1552
019660,글로본,KOSDAQ,1501,1498,1450,1502
032680,소프트센,KOSDAQ,863,894,878,929
200230,텔콘RF제약,KOSDAQ,2195,2195,2120,2220
067770,세진티에스,KOSDAQ,2490,2570,2380,2605
076340,지에이이노더스,KONEX,4285,4100,4100,4300
096870,엘디티,KOSDAQ,2510,2330,2315,2475
353590,오토앤,KOSDAQ,1601,1600,1550,1600
101000,KS인더스트리,KOSDAQ,2075,2040,1990,2240
347770,핌스,KOSDAQ,878,883,852,917
270210,에스알바이오텍,KONEX,11990,11700,11500,12480
438700,버넥트,KOSDAQ,1837,1830,1795,1867
051780,큐로홀딩스,KOSDAQ,2700,2700,2600,2740
002070,비비안,KOSPI,4255,4440,3700,4550
196700,웹스,KOSDAQ,1438,1396,1396,1440
403490,우듬지팜,KOSDAQ,2245,2315,2190,2410
353190,휴럼,KOSDAQ,2600,2615,2540,2615
085810,알티캐스트,KOSDAQ,1440,1489,1438,1524
060900,에이전트AI,KOSDAQ,3110,3030,3025,3165
227610,아우딘퓨쳐스,KOSDAQ,1050,1076,1040,1076
154030,아시아종묘,KOSDAQ,1700,1696,1650,1710
361670,삼영에스앤씨,KOSDAQ,3585,3600,3435,3605
372800,아이티아이즈,KOSDAQ,2880,2840,2750,2930
336040,타스컴,KONEX,3500,3800,3500,3800
065150,대산F&B,KOSDAQ,1267,1228,1209,1290
113810,디젠스,KOSDAQ,3145,3115,3055,3115
050090,비케이홀딩스,KOSDAQ,853,870,812,870
465770,STX그린로지스,KOSPI,2780,2925,2710,2925
00499K,롯데지주우,KOSPI,24900,24850,24300,25000
285800,진영,KOSDAQ,5440,5750,5180,6250
342870,오아,KOSDAQ,3700,3880,3670,3880
110020,전진바이오팜,KOSDAQ,2160,2140,2055,2240
065060,지엔코,KOSDAQ,3325,3430,3200,3450
080470,성창오토텍,KOSDAQ,2850,2675,2675,2730
006050,국영지앤엠,KOSDAQ,5740,5650,5510,5700
015020,이스타코,KOSPI,928,0,0,0
001685,대상우,KOSPI,14540,14560,14200,14560
093240,형지엘리트,KOSPI,323,317,315,342
098660,에스티오,KOSDAQ,1637,1637,1575,1637
322970,무진메디,KONEX,1950,1950,1950,1950
050760,에스폴리텍,KOSDAQ,1202,1193,1179,1204
455180,케이지에이,KOSDAQ,1338,1328,1290,1354
078860,아이오케이이엔엠,KOSDAQ,3175,2450,2450,3175
115610,이미지스,KOSDAQ,1699,1695,1641,1745
365900,브이씨,KOSDAQ,2670,2720,2605,2790
101400,엔시트론,KOSDAQ,1660,1746,1646,1795
252500,세화피앤씨,KOSDAQ,2420,2260,2255,2340
073190,듀오백,KOSDAQ,1622,0,0,0
011090,에넥스,KOSPI,1632,1683,1604,1744
056730,CNT85,KOSDAQ,1305,1271,1222,1333
054410,케이피티유,KOSDAQ,3365,3360,3350,3365
214610,롤링스톤,KOSDAQ,2290,0,0,0
037400,우리엔터프라이즈,KOSDAQ,3660,3655,3610,3665
002360,SH에너지화학,KOSPI,1723,1950,1721,1950
023790,동일스틸럭스,KOSDAQ,1460,1471,1436,1471
274400,이노시뮬레이션,KOSDAQ,2215,2130,2105,2175
195990,루트K,KOSDAQ,1174,1164,1158,1180
083470,이엠앤아이,KOSDAQ,895,868,857,920
137940,넥스트아이,KOSDAQ,1948,2015,1943,2015
079950,인베니아,KOSDAQ,1379,1410,1305,1410
419540,비스토스,KOSDAQ,3190,3160,3100,3200
018620,우진비앤지,KOSDAQ,2750,2675,2635,2750
048830,엔피케이,KOSDAQ,1014,1023,1002,1023
108675,LX하우시스우,KOSPI,18990,18290,18270,18690
434190,탈로스,KONEX,2545,2545,2545,2545
031860,디에이치엑스컴퍼니,KOSDAQ,6930,0,0,0
222670,플럼라인생명과학,KONEX,4635,0,0,0
014100,메디앙스,KOSDAQ,1533,1694,1430,1695
092600,앤씨앤,KOSDAQ,3670,3670,3670,3670
279600,미디어젠,KOSDAQ,3915,3820,3755,3915
006200,한국전자홀딩스,KOSPI,1946,1939,1863,2040
335870,윙스풋,KOSDAQ,5420,5470,5280,5470
317860,노드메이슨,KONEX,4000,0,0,0
060480,국일신동,KOSDAQ,1610,1639,1556,1639
291810,핀텔,KOSDAQ,1560,1750,1560,1750
088290,이원컴포텍,KOSDAQ,2210,2295,2140,2295
405000,플라즈맵,KOSDAQ,3535,3370,3210,3370
008600,윌비스,KOSPI,2620,0,0,0
373110,엑셀세라퓨틱스,KOSDAQ,1001,1018,1005,1027
009440,KC그린홀딩스,KOSPI,756,0,0,0
0070X0,에스테크엠,KONEX,11600,12000,10980,12600
052960,태양3C,KONEX,3575,3355,3320,3575
0197V0,엔에이치스팩34호,KOSDAQ,1924,1930,1925,1931
002820,SUN&L,KOSPI,1440,1478,1400,1479
900120,씨엑스아이,KOSDAQ,1040,0,0,0
009730,이렘,KOSDAQ,2165,2100,1998,2200
376930,노을,KOSDAQ,1670,1577,1525,1788
002680,한탑,KOSDAQ,2630,2570,2525,2640
210120,캔버스엔,KOSDAQ,1770,1766,1703,1888
482680,미래에셋비전스팩7호,KOSDAQ,2055,0,0,0
477380,미래에셋비전스팩4호,KOSDAQ,2040,2080,2075,2080
241820,피씨엘,KOSDAQ,6040,0,0,0
034940,조아제약,KOSDAQ,2705,2775,2695,2775
225590,패션플랫폼,KOSDAQ,3260,3240,3240,3400
254160,제이엠멀티,KONEX,3200,3200,3200,3200
476710,타조이엔터테인먼트,KONEX,16510,0,0,0
309930,조이웍스앤코,KOSDAQ,856,880,840,891
377220,프롬바이오,KOSDAQ,2900,3045,2895,3045
103230,에스앤더블류,KOSDAQ,2270,2400,2260,2400
065650,하이퍼코퍼레이션,KOSDAQ,1540,1463,1456,1550
009620,삼보산업,KOSDAQ,4645,4390,4175,5190
289010,아이스크림에듀,KOSDAQ,1163,1159,1149,1166
169670,코스텍시스템,KONEX,5630,5400,5400,6000
18064K,한진칼우,KOSPI,30300,30900,29900,30900
223310,사토시홀딩스,KOSDAQ,3080,3085,3065,3225
379390,이성씨엔아이,KONEX,5600,0,0,0
005725,넥센우,KOSPI,4335,4285,4285,4340
0072Z0,KB제33호스팩,KOSDAQ,1965,1965,1964,1975
477340,에이치엠씨제7호스팩,KOSDAQ,2060,2055,2055,2060
005257,녹십자홀딩스2우,KOSPI,18240,18000,18000,18460
179720,머니무브,KONEX,5600,0,0,0
131100,티엔엔터테인먼트,KOSDAQ,2405,2370,2360,2405
0130H0,엔에이치스팩33호,KOSDAQ,1993,1992,1974,1995
002025,코오롱우,KOSPI,13170,13010,12950,13370
177350,베셀,KOSDAQ,1540,1556,1520,1592
0101C0,하나36호스팩,KOSDAQ,1967,1970,1964,1984
030350,드래곤플라이,KOSDAQ,973,0,0,0
306040,에스제이그룹,KOSDAQ,1622,1586,1586,1694
0044K0,삼성스팩10호,KOSDAQ,1977,1989,1971,1989
475460,미트박스,KOSDAQ,2650,2770,2590,2785
351020,미쥬,KONEX,7140,7140,7140,7140
473050,유안타제15호스팩,KOSDAQ,2100,2100,2100,2105
208850,이비테크,KONEX,5200,5200,5200,5200
176590,코나솔,KONEX,2495,2490,2205,2495
489480,키움제11호스팩,KOSDAQ,2200,0,0,0
0115H0,삼성스팩13호,KOSDAQ,1975,1978,1975,1998
478440,미래에셋비전스팩6호,KOSDAQ,2065,2065,2050,2065
479880,한국제15호스팩,KOSDAQ,2065,2075,2060,2075
418620,E8,KOSDAQ,710,710,680,747
0165X0,메리츠제2호스팩,KOSDAQ,1954,1943,1942,1948
024890,대원화성,KOSPI,1702,1689,1657,1765
000087,하이트진로2우B,KOSPI,12350,12300,12270,12500
0099W0,미래에셋비전스팩11호,KOSDAQ,1980,1977,1965,1982
001795,대한제당우,KOSPI,2135,2180,2130,2180
304840,피플바이오,KOSDAQ,561,0,0,0
352770,셀레스트라,KOSDAQ,5250,0,0,0
239340,이스트에이드,KOSDAQ,504,0,0,0
244460,올리패스,KOSDAQ,1651,0,0,0
0134X0,대신밸런스제20호스팩,KOSDAQ,1965,1977,1968,1980
45226K,한화갤러리아우,KOSPI,4570,4260,4260,4640
456190,큐라켐,KONEX,7210,0,0,0
0164H0,한국제16호스팩,KOSDAQ,1954,1957,1948,1957
481890,엔에이치스팩31호,KOSDAQ,2065,2075,2060,2075
0096B0,삼성스팩12호,KOSDAQ,1986,1991,1975,1991
0099X0,IBKS제25호스팩,KOSDAQ,2180,0,0,0
015260,에이엔피,KOSPI,276,279,268,279
303030,지니틱스,KOSDAQ,1411,1420,1409,1460
478390,KB제29호스팩,KOSDAQ,2020,2060,2060,2075
028080,휴맥스홀딩스,KOSDAQ,5300,5270,5240,5460
489730,디비금융제13호스팩,KOSDAQ,2030,2035,2025,2035
0097F0,미래에셋비전스팩10호,KOSDAQ,1967,1966,1965,1986
054180,메디콕스,KOSDAQ,2295,0,0,0
0093G0,미래에셋비전스팩8호,KOSDAQ,1980,1981,1965,1982
492220,KB제31호스팩,KOSDAQ,2035,2035,2025,2035
482520,교보16호스팩,KOSDAQ,2065,2065,2060,2065
0037T0,KB제32호스팩,KOSDAQ,1987,1994,1979,1995
00806K,대덕1우,KOSPI,10360,10380,10310,10440
0054V0,엔에이치스팩32호,KOSDAQ,2000,1977,1977,2000
0131D0,키움히어로제2호스팩,KOSDAQ,1975,1979,1958,1979
0091W0,신영스팩11호,KOSDAQ,2030,2015,2015,2030
065570,삼영이엔씨,KOSDAQ,764,0,0,0
079190,케스피온,KOSDAQ,1281,1381,1260,1385
145995,삼양사우,KOSPI,33050,32550,32550,33400
060260,뉴보텍,KOSDAQ,913,950,878,998
233990,질경이,KONEX,748,900,745,900
477760,DB금융스팩12호,KOSDAQ,2065,2070,2060,2070
354200,엔젠바이오,KOSDAQ,1351,1469,1333,1469
035620,바른손이앤에이,KOSDAQ,645,616,604,654
084695,대상홀딩스우,KOSPI,13100,13190,12750,13190
0041L0,하나35호스팩,KOSDAQ,1980,1991,1969,1991
0088D0,메리츠제1호스팩,KOSDAQ,2140,2070,2050,2070
0132G0,교보20호스팩,KOSDAQ,1992,1992,1988,1992
469900,하나31호스팩,KOSDAQ,2095,2090,2090,2100
251280,안지오랩,KONEX,3350,3290,3100,3350
482690,대신밸런스제19호스팩,KOSDAQ,2075,2075,2065,2075
217320,썬테크,KONEX,11000,0,0,0
004105,태양금속우,KOSPI,3495,3550,3430,3600
208640,썸에이지,KOSDAQ,828,723,723,932
474660,신한제12호스팩,KOSDAQ,2085,2085,2085,2090
224760,엔에스컴퍼니,KONEX,2915,2910,2910,2915
474490,유안타제16호스팩,KOSDAQ,2075,2075,2075,2075
0071M0,삼성스팩11호,KOSDAQ,1984,1975,1975,1986
487360,신한제14호스팩,KOSDAQ,2025,2020,2015,2025
477470,미래에셋비전스팩5호,KOSDAQ,2070,2080,2055,2080
0105P0,유진스팩12호,KOSDAQ,1986,1987,1978,1987
149010,아이케이세미콘,KONEX,3585,0,0,0
086220,광동헬스바이오,KONEX,880,880,880,880
496070,신한제16호스팩,KOSDAQ,1984,2000,1983,2000
0129K0,신한제18호스팩,KOSDAQ,1975,1972,1963,1990
131760,파인텍,KOSDAQ,1275,1265,1200,1307
38380K,LX홀딩스1우,KOSPI,7510,7540,7310,7540
217880,틸론,KONEX,1013,1049,980,1049
486630,KB제30호스팩,KOSDAQ,2045,2050,2040,2050
0096D0,미래에셋비전스팩9호,KOSDAQ,1971,1968,1960,1993
493790,유안타제17호스팩,KOSDAQ,2025,2020,2015,2025
00781K,코리아써키트2우B,KOSPI,13680,13700,13570,13700
216400,인바이츠바이오코아,KONEX,1390,1300,1101,1399
0098T0,교보19호스팩,KOSDAQ,1976,1990,1976,1993
189350,코셋,KONEX,2215,2255,1830,2255
0004Y0,디비금융제14호스팩,KOSDAQ,2000,2000,1997,2005
489210,교보17호스팩,KOSDAQ,2110,2045,2030,2045
001067,JW중외제약2우B,KOSPI,50200,0,0,0
0130D0,신한제17호스팩,KOSDAQ,1960,1970,1951,1979
043100,알파AI,KOSDAQ,520,0,0,0
478110,이베스트스팩6호,KOSDAQ,2055,2055,2050,2060
466690,키움히어로제1호스팩,KOSDAQ,2010,2005,2000,2010
240600,유진테크놀로지,KOSDAQ,1230,1215,1100,1360
0041B0,교보18호스팩,KOSDAQ,2010,2010,2000,2010
498390,한화플러스제5호스팩,KOSDAQ,2035,0,0,0
305090,마이크로디지탈,KOSDAQ,538,0,0,0
142760,모아라이프플러스,KOSDAQ,478,482,464,496
004255,NPC우,KOSPI,1897,1878,1863,1899
065770,CS,KOSDAQ,940,936,917,987
238500,솔루믹스,KONEX,475,0,0,0
288980,모아데이타,KOSDAQ,270,271,263,286
003075,코오롱글로벌우,KOSPI,14000,13100,13000,13350
012340,뉴인텍,KOSDAQ,442,452,441,469
019685,대교우B,KOSPI,999,994,994,1028
289170,바이오텐,KONEX,2700,2700,2700,2700
488060,유진스팩11호,KOSDAQ,2040,2045,2040,2045
106080,케이이엠텍,KOSDAQ,1650,0,0,0
145210,다이나믹디자인,KOSPI,2240,0,0,0
484130,하나34호스팩,KOSDAQ,2025,2030,2025,2060
185190,수프로,KONEX,990,900,765,990
114920,대주이엔티,KONEX,2795,0,0,0
001000,신라섬유,KOSDAQ,1876,1859,1856,1906
302920,더콘텐츠온,KONEX,2000,1900,1800,2000
276240,엘리비젼,KONEX,738,739,552,739
473950,에스케이증권제13호스팩,KOSDAQ,2015,2050,2050,2055
001755,한양증권우,KOSPI,19300,19250,19170,19290
103660,씨앗,KONEX,1498,1498,1498,1498
469480,IBKS제24호스팩,KOSDAQ,2130,0,0,0
487830,신한제15호스팩,KOSDAQ,2040,2020,2020,2040
468760,유진스팩10호,KOSDAQ,2080,0,0,0
472230,에스케이증권제11호스팩,KOSDAQ,2100,2100,2100,2100
487720,키움제10호스팩,KOSDAQ,2005,2030,2025,2030
318660,타임기술,KONEX,3980,3700,3600,4000
0068Y0,비엔케이제3호스팩,KOSDAQ,1982,1970,1960,1984
33637L,솔루스첨단소재2우B,KOSPI,2245,2275,2200,2275
244880,나눔테크,KONEX,1685,1700,1645,1700
233250,메디안디노스틱,KONEX,4800,0,0,0
000225,유유제약1우,KOSPI,3705,3710,3610,3710
03481K,해성산업1우,KOSDAQ,6030,6030,5950,6030
0041J0,엘에스스팩1호,KOSDAQ,1992,1988,1988,1994
087260,모바일어플라이언스,KOSDAQ,247,0,0,0
001515,SK증권우,KOSPI,4005,4025,3990,4070
308100,형지글로벌,KOSDAQ,303,283,282,330
475250,하나33호스팩,KOSDAQ,2085,2085,2085,2090
079970,투비소프트,KOSDAQ,596,0,0,0
900100,파이온엑스,KOSDAQ,1438,1780,1304,1781
474930,신한제13호스팩,KOSDAQ,2095,2100,2095,2105
299480,지앤이헬스케어,KONEX,683,700,579,700
178600,대동고려삼,KONEX,1699,1800,1699,1800
001065,JW중외제약우,KOSPI,22000,22700,22000,22700
212310,오건에코텍,KONEX,635,0,0,0
065420,에스아이리소스,KOSDAQ,940,0,0,0
250930,예선테크,KOSDAQ,1100,1301,1028,1302
199150,데이터스트림즈,KONEX,1691,1700,1691,1700
276040,스코넥,KOSDAQ,327,0,0,0
000325,노루홀딩스우,KOSPI,28700,27300,27000,28700
473000,에스케이증권제12호스팩,KOSDAQ,2080,2075,2075,2080
066830,제노텍,KONEX,1198,1100,1063,1198
475240,하나32호스팩,KOSDAQ,2100,2095,2095,2095
044380,주연테크,KOSPI,482,481,461,587
199290,바이오프로테크,KONEX,390,390,390,390
253610,루트락,KONEX,640,740,550,740
004985,성신양회우,KOSPI,8920,8910,8660,8910
234070,에이원큐브텍,KONEX,924,924,924,924
001770,SHD,KOSPI,5200,5300,5000,6240
012205,계양전기우,KOSPI,5400,5240,5230,6240
447690,아이오바이오,KONEX,2225,2460,2095,2560
004835,덕성우,KOSPI,4420,4395,4290,4585
202960,판도라티비,KONEX,496,468,468,500
267080,세븐브로이맥주,KONEX,486,0,0,0
26490K,크라운제과우,KOSPI,7370,7490,7270,7490
136660,큐엠씨,KONEX,2395,2200,2100,2395
090355,노루페인트우,KOSPI,12000,11970,11970,12000
044180,KD,KOSDAQ,205,0,0,0
236340,메디젠휴먼케어,KONEX,1800,2000,1800,2000
224810,엄지하우스,KONEX,1255,1460,1255,1460
313760,캐리,KOSDAQ,468,0,0,0
002995,금호건설우,KOSPI,17880,18050,17880,18480
341170,퓨쳐메디신,KONEX,496,0,0,0
058450,한주에이알티,KOSDAQ,944,855,855,944
266350,팡스카이,KONEX,398,0,0,0
258050,테크트랜스,KONEX,449,0,0,0
346010,타이드,KONEX,1000,0,0,0
236030,씨알푸드,KONEX,2385,2400,2300,2400
011080,형지I&C,KOSDAQ,647,657,640,700
000545,흥국화재우,KOSPI,5920,5820,5820,5920
052770,아이톡시,KOSDAQ,312,0,0,0
225430,케이엠제약,KOSDAQ,698,0,0,0
332190,오션스바이오,KONEX,3015,0,0,0
000145,하이트진로홀딩스우,KOSPI,9200,9250,9200,9250
025870,신라에스지,KOSDAQ,1059,0,0,0
311960,인터로이드,KONEX,1380,1200,1020,1380
009415,태영건설우,KOSPI,6430,6230,6230,6460
116100,태양기계,KONEX,541,0,0,0
215570,크로넥스,KONEX,600,550,509,600
402420,켈스,KONEX,1700,1600,1600,1700
199730,바이오인프라,KOSDAQ,817,919,791,988
121060,유니포인트,KONEX,764,600,600,764
005965,동부건설우,KOSPI,17440,17470,17440,17500
092590,럭스피아,KONEX,527,620,527,620
390110,애니메디솔루션,KONEX,381,320,320,381
217910,에스제이켐,KONEX,260,257,255,294
208890,미래엔에듀파트너,KONEX,903,0,0,0
014825,동원시스템즈우,KOSPI,13440,14290,13440,14290
007575,일양약품우,KOSPI,7680,7700,7680,7700
36328K,티와이홀딩스우,KOSPI,2770,2930,2785,2930
014285,금강공업우,KOSPI,5600,5570,5550,5600
296520,가이아코퍼레이션,KONEX,702,0,0,0
005745,크라운해태홀딩스우,KOSPI,5190,5070,5070,5190
245450,씨앤에스링크,KONEX,1898,1898,1898,1898
084180,수성웹툰,KOSDAQ,165,105,105,240
001525,동양우,KOSPI,10670,8400,8400,10670
266470,바이오인프라생명과학,KONEX,100,86,86,110
014915,성문전자우,KOSPI,4605,4800,4605,4800
413300,티엘엔지니어링,KONEX,1903,1903,1903,1903
093510,엔지브이아이,KONEX,427,0,0,0
000227,유유제약2우B,KOSPI,7930,7990,7790,7990
008355,남선알미우,KOSPI,7130,7190,6900,7190
312610,에이에프더블류,KOSDAQ,107,112,101,126
021045,대호특수강우,KOSDAQ,2405,2125,2030,2405
046070,코다코,KOSDAQ,140,254,140,254
140660,위월드,KONEX,753,743,743,753
035290,골드앤에스,KOSDAQ,384,0,0,0
448780,마이크로엔엑스,KONEX,674,678,674,678
004545,깨끗한나라우,KOSPI,3800,3215,3215,3890
266170,레드우즈,KONEX,1050,0,0,0
001527,동양2우B,KOSPI,6570,5060,5060,6570
011155,CJ씨푸드1우,KOSPI,5640,5900,5640,5900
004415,서울식품우,KOSPI,4365,4330,4150,4405
002785,진흥기업우B,KOSPI,10520,10000,10000,10600
223220,로지스몬,KONEX,90,94,89,94
032685,소프트센우,KOSDAQ,6980,6250,6250,7000
002787,진흥기업2우B,KOSPI,16710,16900,16710,17560
008290,원풍물산,KOSDAQ,20,44,20,44
082660,코스나인,KOSDAQ,1,1,1,2
