종목코드,종목명,시장,종가,시가,저가,고가
005930,삼성전자,KOSPI,318000,320000,303000,325000
000660,SK하이닉스,KOSPI,2343000,2450000,2292000,2497000
402340,SK스퀘어,KOSPI,1495000,1599000,1465000,1692000
005935,삼성전자우,KOSPI,212500,210000,203000,220500
009150,삼성전기,KOSPI,1828000,1989000,1778000,1997000
005380,현대차,KOSPI,502000,492500,485000,513000
373220,LG에너지솔루션,KOSPI,354500,362000,347500,362500
032830,삼성생명,KOSPI,393500,386500,376500,398500
028260,삼성물산,KOSPI,449500,433500,433500,460000
207940,삼성바이오로직스,KOSPI,1405000,1421000,1373000,1422000
000270,기아,KOSPI,160700,153000,150400,162500
329180,HD현대중공업,KOSPI,583000,585000,562000,606000
105560,KB금융,KOSPI,170900,170200,168500,177000
012450,한화에어로스페이스,KOSPI,1159000,1205000,1125000,1240000
034020,두산에너빌리티,KOSPI,85500,88700,82950,90300
055550,신한지주,KOSPI,107700,107300,106500,110700
034730,SK,KOSPI,667000,689000,650000,710000
012330,현대모비스,KOSPI,515000,495500,489000,528000
068270,셀트리온,KOSPI,175900,183400,174300,185000
006400,삼성SDI,KOSPI,451500,472000,437000,472500
042660,한화오션,KOSPI,116100,112200,109500,123000
086790,하나금융지주,KOSPI,124800,125200,123200,128200
267260,HD현대일렉트릭,KOSPI,929000,952000,888000,953000
010120,LS ELECTRIC,KOSPI,218500,230500,210000,231000
035420,NAVER,KOSPI,196600,196600,194000,201000
066570,LG전자,KOSPI,185700,192000,181400,194500
000810,삼성화재,KOSPI,674000,650000,640000,678000
298040,효성중공업,KOSPI,3117000,3355000,3050000,3368000
009540,HD한국조선해양,KOSPI,365000,366500,349000,374500
005490,POSCO홀딩스,KOSPI,321500,325000,311000,326000
015760,한국전력,KOSPI,39150,38350,37450,39500
006800,미래에셋증권,KOSPI,44750,45000,43000,46800
010130,고려아연,KOSPI,1113000,1118000,1083000,1149000
000150,두산,KOSPI,1410000,1441000,1356000,1503000
316140,우리금융지주,KOSPI,31150,30500,30500,31400
042700,한미반도체,KOSPI,226500,233500,217500,234500
064350,현대로템,KOSPI,195700,200500,193500,209000
010140,삼성중공업,KOSPI,23700,23800,23000,24350
011070,LG이노텍,KOSPI,855000,909000,817000,923000
051910,LG화학,KOSPI,276500,284500,271500,285500
138040,메리츠금융지주,KOSPI,112400,112000,111400,116900
017670,SK텔레콤,KOSPI,86200,86800,83400,87200
011200,HMM,KOSPI,19380,19270,19050,19700
079550,LIG디펜스앤에어로스페이스,KOSPI,815000,816000,773000,853000
033780,KT&G,KOSPI,172600,174700,170500,176700
196170,알테오젠,KOSDAQ GLOBAL,331000,341000,325000,341500
024110,기업은행,KOSPI,21300,21150,21000,21800
267250,HD현대,KOSPI,209000,207000,203000,215500
096770,SK이노베이션,KOSPI,96500,95400,94600,98700
035720,카카오,KOSPI,35600,35500,34850,36300
047810,한국항공우주,KOSPI,161100,161400,156800,166200
003550,LG,KOSPI,101200,101500,100400,105000
272210,한화시스템,KOSPI,80900,77700,77100,87900
018260,삼성에스디에스,KOSPI,193300,197800,190000,199000
086280,현대글로비스,KOSPI,196700,197000,192900,203500
003670,포스코퓨처엠,KOSPI,159500,162600,151400,163800
278470,에이피알,KOSPI,378500,386500,365500,401500
071050,한국금융지주,KOSPI,249500,244000,242000,263500
030200,KT,KOSPI,54500,53500,53500,54500
307950,현대오토에버,KOSPI,494500,501000,480500,515000
010950,S-Oil,KOSPI,116900,109200,109200,116900
000720,현대건설,KOSPI,115000,116400,111600,120200
247540,에코프로비엠,KOSDAQ GLOBAL,121700,124500,117300,125200
005940,NH투자증권,KOSPI,33100,31700,31300,34100
086520,에코프로,KOSDAQ GLOBAL,85500,88000,82900,89300
006260,LS,KOSPI,353000,376000,340500,376500
016360,삼성증권,KOSPI,121300,121400,118100,127000
259960,크래프톤,KOSPI,234500,237500,230000,239000
323410,카카오뱅크,KOSPI,22400,22350,22100,22750
003490,대한항공,KOSPI,28750,29150,28450,29500
0126Z0,삼성에피스홀딩스,KOSPI,397000,415000,386500,415500
005830,DB손해보험,KOSPI,145900,145600,144100,149600
028050,삼성E&A,KOSPI,48300,48550,47350,50300
039490,키움증권,KOSPI,356500,353000,349500,373500
443060,HD현대마린솔루션,KOSPI,208000,217500,199100,220000
277810,레인보우로보틱스,KOSDAQ,480000,492500,464750,504000
352820,하이브,KOSPI,215000,207500,204000,221500
047050,포스코인터내셔널,KOSPI,50000,49350,49150,51200
180640,한진칼,KOSPI,131100,134100,127400,143700
161390,한국타이어앤테크놀로지,KOSPI,70500,66900,66800,70700
036930,주성엔지니어링,KOSDAQ GLOBAL,181700,194000,177000,199800
003230,삼양식품,KOSPI,1098000,1123000,1050000,1127000
005387,현대차2우B,KOSPI,223500,214000,213000,225000
000880,한화,KOSPI,110500,105800,105800,115300
950160,코오롱티슈진,KOSDAQ,88300,92000,83100,96800
007660,이수페타시스,KOSPI,101300,109500,101000,109500
047040,대우건설,KOSPI,18080,18400,17690,19190
078930,GS,KOSPI,78100,73000,73000,81100
064400,LG씨엔에스,KOSPI,74000,74300,72500,75800
090430,아모레퍼시픽,KOSPI,121400,120400,119000,123300
021240,코웨이,KOSPI,95000,96500,92100,98100
326030,SK바이오팜,KOSPI,84000,86600,82900,86900
004170,신세계,KOSPI,690000,708000,652000,733000
028300,HLB,KOSDAQ,48750,48650,47950,51000
062040,산일전기,KOSPI,207000,219500,201000,220500
001440,대한전선,KOSPI,32250,32950,31200,33400
241560,두산밥캣,KOSPI,65000,64200,63400,66200
353200,대덕전자,KOSPI,124000,129600,118300,132500
240810,원익IPS,KOSDAQ GLOBAL,124500,131000,119800,132400
032640,LG유플러스,KOSPI,14200,14250,14010,14290
267270,HD건설기계,KOSPI,123700,119400,119400,127000
138930,BNK금융지주,KOSPI,18610,18600,18470,19050
058470,리노공업,KOSDAQ GLOBAL,74900,77400,72800,77900
029780,삼성카드,KOSPI,48750,50100,48200,50300
000100,유한양행,KOSPI,69600,70500,68300,71100
034220,LG디스플레이,KOSPI,10880,11100,10570,11230
036570,NC,KOSPI,252500,262000,248500,262500
128940,한미약품,KOSPI,423000,454000,410000,454500
271560,오리온,KOSPI,136900,137000,135000,138000
009830,한화솔루션,KOSPI,31450,33750,30700,34000
377300,카카오페이,KOSPI,39700,40500,39150,41500
454910,두산로보틱스,KOSPI,82500,84500,80100,85300
005385,현대차우,KOSPI,222500,214500,212500,226500
298380,에이비엘바이오,KOSDAQ GLOBAL,90200,96100,88700,97500
011790,SKC,KOSPI,101000,103000,97000,105000
319660,피에스케이,KOSDAQ,170800,183100,163200,191000
175330,JB금융지주,KOSPI,26100,25850,25450,26350
000990,DB하이텍,KOSPI,112900,121000,109500,121300
039030,이오테크닉스,KOSDAQ,397500,392500,377500,408000
023530,롯데쇼핑,KOSPI,172900,170000,166400,179100
088980,맥쿼리인프라,KOSPI,10110,10130,10060,10240
000250,삼천당제약,KOSDAQ,204500,211500,199300,214000
141080,리가켐바이오,KOSDAQ GLOBAL,127800,132600,124700,135000
000500,가온전선,KOSPI,283000,291000,262000,292000
222800,심텍,KOSDAQ GLOBAL,118500,127900,113300,127900
001040,CJ,KOSPI,152000,155200,149600,157800
082740,한화엔진,KOSPI,52900,53200,50900,57800
087010,펩트론,KOSDAQ,187700,183000,178900,196900
066970,엘앤에프,KOSPI,103400,106100,99700,106900
002380,KCC,KOSPI,485000,489000,471500,504000
052690,한전기술,KOSPI,106900,109800,103000,111200
088350,한화생명,KOSPI,4500,4515,4405,4635
018880,한온시스템,KOSPI,3770,3890,3665,3925
069960,현대백화점,KOSPI,176500,178600,165000,183400
004020,현대제철,KOSPI,28400,28250,27650,29200
111770,영원무역,KOSPI,83800,83000,82600,85300
010060,OCI홀딩스,KOSPI,198700,210000,192400,211500
051900,LG생활건강,KOSPI,247500,244500,242000,254000
403870,HPSP,KOSDAQ GLOBAL,44500,48500,43350,48500
440110,파두,KOSDAQ,72600,79600,70900,80500
084370,유진테크,KOSDAQ,157500,170400,151900,172200
214370,케어젠,KOSDAQ,65300,67800,63600,69100
012510,더존비즈온,KOSPI,120000,0,0,0
336260,두산퓨얼셀,KOSPI,52300,56400,51000,56400
103590,일진전기,KOSPI,71700,75000,69600,75200
347850,디앤디파마텍,KOSDAQ,75900,80100,73600,82400
108490,로보티즈,KOSDAQ,225500,229000,215500,232500
214450,파마리서치,KOSDAQ GLOBAL,314000,341500,308000,341500
095340,ISC,KOSDAQ,152700,164200,149400,166600
022100,포스코DX,KOSPI,21050,21400,20300,21600
035250,강원랜드,KOSPI,14750,14890,14640,15010
310210,보로노이,KOSDAQ,171000,174200,160700,177000
251270,넷마블,KOSPI,38300,38200,37950,38950
001450,현대해상,KOSPI,36700,36500,36100,37650
095610,테스,KOSDAQ GLOBAL,160400,177300,156100,182000
080220,제주반도체,KOSDAQ,89300,91600,87500,95500
036460,한국가스공사,KOSPI,33150,33500,32800,33900
383220,F&F,KOSPI,79000,78400,77200,82100
145020,휴젤,KOSDAQ,245500,257000,238000,257000
031210,서울보증보험,KOSPI,43200,43700,42600,43950
097950,CJ제일제당,KOSPI,199100,196300,192700,202500
178320,서진시스템,KOSDAQ,46950,50900,44900,51100
214150,클래시스,KOSDAQ GLOBAL,45400,46050,44300,46450
302440,SK바이오사이언스,KOSPI,37600,37500,36750,37950
139130,iM금융지주,KOSPI,18300,17570,17570,18300
011780,금호석유화학,KOSPI,116800,115600,113100,117400
009420,한올바이오파마,KOSPI,55900,58800,55000,59200
001720,신영증권,KOSPI,177600,173800,169400,179000
450080,에코프로머티,KOSPI,40200,40050,38700,40800
017800,현대엘리베이터,KOSPI,71500,72800,69900,73200
005850,에스엘,KOSPI,60000,59700,57600,61300
004800,효성,KOSPI,165400,174200,160000,175500
161890,한국콜마,KOSPI,116300,115800,114000,121200
226950,올릭스,KOSDAQ GLOBAL,135000,147200,130200,150800
031980,피에스케이홀딩스,KOSDAQ,127200,141500,123400,144300
014680,한솔케미칼,KOSPI,248500,263000,236500,266000
011170,롯데케미칼,KOSPI,63900,63700,62100,64900
483650,달바글로벌,KOSPI,218000,220000,207500,226000
131290,티에스이,KOSDAQ,244500,257500,227000,263000
012750,에스원,KOSPI,71000,72400,70300,73100
064760,티씨케이,KOSDAQ GLOBAL,239000,240000,226500,272500
028670,팬오션,KOSPI,4940,4930,4815,5160
006360,GS건설,KOSPI,30600,28650,28050,31150
085620,미래에셋생명,KOSPI,19280,20950,18900,22300
237690,에스티팜,KOSDAQ GLOBAL,124500,131000,122700,132000
067310,하나마이크론,KOSDAQ,39000,41100,37550,41850
375500,DL이앤씨,KOSPI,66600,64200,63600,68100
319400,현대무벡스,KOSDAQ,22800,23250,21800,23350
026960,동서,KOSPI,25400,25950,25150,26050
005290,동진쎄미켐,KOSDAQ,49050,50700,46650,51500
489790,한화비전,KOSPI,49400,50100,47500,50500
000240,한국앤컴퍼니,KOSPI,26150,25800,25550,26450
357780,솔브레인,KOSDAQ GLOBAL,314500,317000,301000,318500
257720,실리콘투,KOSDAQ,37300,37050,36300,38500
081660,미스토홀딩스,KOSPI,45700,46700,44850,47300
089970,브이엠,KOSDAQ,97300,103000,91100,104700
003690,코리안리,KOSPI,13600,13400,13220,13700
004990,롯데지주,KOSPI,24100,23900,23650,24500
009970,영원무역홀딩스,KOSPI,181900,180700,178500,186200
139480,이마트,KOSPI,85100,84700,83900,87500
204320,HL만도,KOSPI,49700,50400,48300,51800
005440,현대지에프홀딩스,KOSPI,14960,14900,13990,15040
263750,펄어비스,KOSDAQ,36400,36200,35650,37000
279570,케이뱅크,KOSPI,5600,5630,5490,5670
007340,DN오토모티브,KOSPI,37500,38550,35850,38550
008930,한미사이언스,KOSPI,31500,31500,30550,32000
030000,제일기획,KOSPI,18680,18910,18600,19090
004370,농심,KOSPI,352500,355000,350500,360000
071970,HD현대마린엔진,KOSPI,63200,65500,61100,69500
282330,BGF리테일,KOSPI,123000,123000,121600,126100
290650,엘앤씨바이오,KOSDAQ,78200,81700,75500,83300
018670,SK가스,KOSPI,227500,218500,218000,229000
007070,GS리테일,KOSPI,24950,25150,24550,25650
131970,두산테스나,KOSDAQ GLOBAL,106800,107600,103000,113400
462870,시프트업,KOSPI,34850,35100,34300,35500
051600,한전KPS,KOSPI,45350,46000,44700,46450
192820,코스맥스,KOSPI,178000,170000,169100,183400
008770,호텔신라,KOSPI,51100,51200,50100,52900
032820,우리기술,KOSDAQ,11650,11700,11050,12290
439260,대한조선,KOSPI,52100,52200,50500,52900
00680K,미래에셋증권2우B,KOSPI,14490,14770,14150,15180
457190,이수스페셜티케미컬,KOSPI,65300,68100,63000,68200
020150,롯데에너지머티리얼즈,KOSPI,37600,39550,36300,39600
281820,케이씨텍,KOSPI,98800,107300,95100,108800
098460,고영,KOSDAQ,28450,30100,27350,30200
103140,풍산,KOSPI,68800,67300,66600,69200
420770,기가비스,KOSDAQ,151500,167400,140100,171100
009155,삼성전기우,KOSPI,660000,694000,645000,694000
035900,JYP Ent.,KOSDAQ GLOBAL,53900,52700,52600,55100
000155,두산우,KOSPI,477000,486500,465500,501000
140860,파크시스템스,KOSDAQ GLOBAL,272000,257000,256500,272000
002790,아모레퍼시픽홀딩스,KOSPI,24350,24100,23900,24850
068760,셀트리온제약,KOSDAQ,41350,41300,40700,42050
001740,SK네트웍스,KOSPI,9060,9500,8840,9610
140410,메지온,KOSDAQ,59700,60000,57400,60500
007810,코리아써키트,KOSPI,75100,79200,70500,79800
395400,SK리츠,KOSPI,5890,5760,5700,5940
073240,금호타이어,KOSPI,6160,4780,4725,6160
041510,에스엠,KOSDAQ GLOBAL,77200,75800,75000,79300
010170,대한광통신,KOSDAQ,11330,12280,11050,12380
011210,현대위아,KOSPI,64500,64100,62900,67100
112610,씨에스윈드,KOSPI,41350,42100,40300,42500
000120,CJ대한통운,KOSPI,76400,76400,75200,78000
120110,코오롱인더,KOSPI,57500,59500,55400,60300
097230,HJ중공업,KOSPI,19040,19480,18550,20400
089030,테크윙,KOSDAQ,46100,46600,43750,47200
058610,에스피지,KOSDAQ,75900,75500,73000,77900
023590,다우기술,KOSPI,38150,37400,37250,39300
082920,비츠로셀,KOSDAQ GLOBAL,36000,38850,35000,38900
083650,비에이치아이,KOSDAQ,51800,54900,50600,55600
0009K0,에임드바이오,KOSDAQ,24700,25000,23600,25400
183300,코미코,KOSDAQ,77600,78300,73600,80600
020560,아시아나항공,KOSPI,7730,7730,7580,7890
229640,LS에코에너지,KOSPI,50700,52200,48950,52400
069620,대웅제약,KOSPI,133300,132500,130200,138900
001800,오리온홀딩스,KOSPI,25650,25300,25100,25900
218410,RFHIC,KOSDAQ,57900,56800,56100,60500
043260,성호전자,KOSDAQ,21250,22100,20000,22200
096530,씨젠,KOSDAQ GLOBAL,29050,29400,28600,30500
006040,동원산업,KOSPI,34050,33950,33200,34450
001120,LX인터내셔널,KOSPI,37950,38000,37200,38600
475150,SK이터닉스,KOSPI,42900,47300,41300,48850
003540,대신증권,KOSPI,29500,29500,28700,30850
030530,원익홀딩스,KOSDAQ,18760,19020,17770,19050
007390,네이처셀,KOSDAQ,22400,23550,22000,24000
006280,녹십자,KOSPI,122500,124000,120500,125600
093370,후성,KOSPI,13260,14500,12820,14640
060370,LS마린솔루션,KOSDAQ,26550,27200,25750,28000
192080,더블유게임즈,KOSPI,65100,65100,63900,66200
078600,대주전자재료,KOSDAQ,85600,89000,83000,89200
005070,코스모신소재,KOSPI,40000,39350,38050,40000
017960,한국카본,KOSPI,25550,26250,25000,26750
322000,HD현대에너지솔루션,KOSPI,117500,126200,114400,128500
458870,씨어스,KOSDAQ,34550,35900,33150,36000
415640,KB발해인프라,KOSPI,10610,10350,10200,10790
361610,SK아이이테크놀로지,KOSPI,15750,15760,15240,15990
127120,제이에스링크,KOSDAQ,36900,36500,35800,37200
039200,오스코텍,KOSDAQ,33400,34000,32250,34400
294870,IPARK현대산업개발,KOSPI,19280,18660,18350,19380
007310,오뚜기,KOSPI,317000,319500,312500,321000
347700,스피어,KOSDAQ,24500,24900,22800,26850
000815,삼성화재우,KOSPI,417500,408000,401500,417500
012630,HDC,KOSPI,21000,21300,20700,21800
032350,롯데관광개발,KOSPI,15330,15300,14760,15800
082640,동양생명,KOSPI,7770,7650,7490,7810
034230,파라다이스,KOSPI,13090,12820,12710,13350
181710,NHN,KOSPI,37000,36050,36050,38400
298020,효성티앤씨,KOSPI,280000,287000,270000,292500
066575,LG전자우,KOSPI,70200,70000,68100,71900
030610,교보증권,KOSPI,10520,10500,10260,10780
003570,SNT다이내믹스,KOSPI,35750,36100,35000,37450
323280,태성,KOSDAQ,38500,37400,36550,39700
437730,삼현,KOSDAQ,37000,34450,33050,37000
001820,삼화콘덴서,KOSPI,112700,119400,106300,119400
077970,STX엔진,KOSPI,29000,28500,27350,31300
001430,세아베스틸지주,KOSPI,32450,32150,30900,32750
004000,롯데정밀화학,KOSPI,45100,44600,44000,45600
195940,HK이노엔,KOSDAQ GLOBAL,40950,41950,40400,42400
089860,롯데렌탈,KOSPI,31550,30700,30450,32000
003380,하림지주,KOSDAQ GLOBAL,10080,9910,9720,10240
031330,에스에이엠티,KOSDAQ,11250,11080,10290,11400
475830,오름테라퓨틱,KOSDAQ,50800,52200,49100,53500
166090,하나머티리얼즈,KOSDAQ,55100,58200,51500,58800
003530,한화투자증권,KOSPI,4985,5000,4860,5210
000080,하이트진로,KOSPI,15050,15160,14850,15210
057050,현대홈쇼핑,KOSPI,87300,0,0,0
330590,롯데리츠,KOSPI,3600,3565,3500,3640
496320,본시스템즈,KONEX,1023000,0,0,0
300720,한일시멘트,KOSPI,14110,14050,13940,14340
101490,에스앤에스텍,KOSDAQ GLOBAL,48450,49800,46600,50200
003090,대웅,KOSPI,17600,17600,17100,18110
006340,대원전선,KOSPI,12810,13410,12320,13960
019210,와이지-원,KOSDAQ,26700,23350,23200,28500
051915,LG화학우,KOSPI,129000,132900,127000,133900
195870,해성디에스,KOSPI,58300,60400,55200,61000
099320,쎄트렉아이,KOSDAQ,90300,88400,87500,94600
085660,차바이오텍,KOSDAQ,10480,10550,10250,10650
071055,한국금융지주우,KOSPI,164100,158800,157000,167900
280360,롯데웰푸드,KOSPI,104200,101400,101300,104800
232140,와이씨,KOSDAQ,11680,12050,11070,12050
000210,DL,KOSPI,45700,46200,44400,47200
185750,종근당,KOSPI,69100,69700,67800,69800
100090,SK오션플랜트,KOSPI,15120,15390,14610,15780
003240,태광산업,KOSPI,843000,874000,818000,882000
009450,경동나비엔,KOSPI,64100,63400,62200,64800
204270,제이앤티씨,KOSDAQ,16140,16460,15700,16640
005300,롯데칠성,KOSPI,100600,100700,98900,101500
100790,미래에셋벤처투자,KOSDAQ,17420,18310,17160,18980
192400,쿠쿠홀딩스,KOSPI,26000,26050,25550,26450
003470,유안타증권,KOSPI,4775,4700,4600,4910
417200,LS머트리얼즈,KOSDAQ,13540,14260,13310,14300
038500,삼표시멘트,KOSDAQ GLOBAL,8340,8350,8150,8540
241710,코스메카코리아,KOSDAQ GLOBAL,82600,82000,81900,87000
451800,한화리츠,KOSPI,4855,4650,4600,4900
090710,휴림로봇,KOSDAQ,7280,7450,6970,7490
083450,GST,KOSDAQ,47000,49550,44950,49750
086450,동국제약,KOSDAQ GLOBAL,19120,20050,18910,20100
006120,SK디스커버리,KOSPI,49600,49000,48100,51200
491000,리브스메드,KOSDAQ,34500,34350,31800,35700
036530,SNT홀딩스,KOSPI,52900,50800,50800,53600
036540,SFA반도체,KOSDAQ,5240,5370,5080,5460
281740,레이크머티리얼즈,KOSDAQ,13110,13750,12790,13750
388720,유일로보틱스,KOSDAQ,72500,70000,67600,73000
030190,NICE평가정보,KOSPI,14290,14200,13950,14500
328130,루닛,KOSDAQ,11120,11080,10800,11330
293490,카카오게임즈,KOSDAQ GLOBAL,7720,7840,7540,7900
456040,OCI,KOSPI,91600,92700,88100,94500
074600,원익QnC,KOSDAQ,31150,31400,29050,34300
365550,ESR켄달스퀘어리츠,KOSPI,3325,3390,3305,3420
122870,와이지엔터테인먼트,KOSDAQ GLOBAL,43550,42100,42050,44850
065350,신성델타테크,KOSDAQ,29600,29350,28550,30150
056190,SFA,KOSDAQ GLOBAL,22600,23150,22150,23400
137400,피엔티,KOSDAQ GLOBAL,34250,35200,33250,35650
009240,한샘,KOSPI,34200,33950,33100,34550
033100,제룡전기,KOSDAQ GLOBAL,49750,51800,47650,52000
388210,씨엠티엑스,KOSDAQ,82000,83900,78500,85100
137310,에스디바이오센서,KOSPI,6550,6510,6420,6610
071320,지역난방공사,KOSPI,68200,68400,67100,69200
041830,인바디,KOSDAQ,58200,56200,52700,61100
189300,인텔리안테크,KOSDAQ,72800,76800,70100,77700
499790,GS피앤엘,KOSPI,39350,38150,37400,40000
115180,큐리언트,KOSDAQ,20250,21200,19700,21500
213420,덕산네오룩스,KOSDAQ,30500,32550,29900,32750
075580,세진중공업,KOSPI,13320,13420,12880,13900
161580,필옵틱스,KOSDAQ,32200,33600,32000,34000
214320,이노션,KOSPI,18830,18890,18200,19180
00088K,한화3우B,KOSPI,38750,37250,37100,39800
079160,CJ CGV,KOSPI,4530,4425,4425,4575
090360,로보스타,KOSDAQ,76400,78200,73500,78600
036830,솔브레인홀딩스,KOSDAQ GLOBAL,36100,36750,35750,37900
248070,솔루엠,KOSPI,15470,15600,14910,15690
285130,SK케미칼,KOSPI,42700,42050,41150,42950
032190,다우데이타,KOSDAQ,19060,18900,18740,19590
048410,현대바이오,KOSDAQ,7560,7880,7500,8100
445680,큐리옥스바이오시스템즈,KOSDAQ,42150,41900,40500,42600
004490,세방전지,KOSPI,52300,53300,51500,53900
006650,대한유화,KOSPI,111500,112000,107000,114400
003850,보령,KOSPI,8400,8450,8330,8520
252990,샘씨엔에스,KOSDAQ,11950,12210,11500,12460
000670,영풍,KOSPI,39000,39850,38300,40250
064960,SNT모티브,KOSPI,27050,26550,26400,27400
005690,파미셀,KOSPI,11950,12240,11340,12320
397030,에이프릴바이오,KOSDAQ,30600,32200,29550,32250
298050,HS효성첨단소재,KOSPI,159200,161500,154000,163000
014620,성광벤드,KOSDAQ GLOBAL,26800,27350,26000,28300
025540,한국단자,KOSPI,70000,70700,68700,70800
035760,CJ ENM,KOSDAQ GLOBAL,31950,31500,31350,32550
093050,LF,KOSPI,23850,23850,23450,24250
356860,티엘비,KOSDAQ,70800,73100,68200,75700
000370,한화손해보험,KOSPI,5920,5930,5720,6060
466100,클로봇,KOSDAQ,27000,28100,26000,28100
032500,케이엠더블유,KOSDAQ,16240,17130,15750,17230
010780,아이에스동서,KOSPI,22500,21950,21750,24150
094170,동운아나텍,KOSDAQ,32450,32250,30500,32700
002350,넥센타이어,KOSPI,6920,6700,6670,6950
003160,디아이,KOSPI,23850,24500,22500,24750
006730,서부T&D,KOSDAQ GLOBAL,10380,10210,10130,10780
112040,위메이드,KOSDAQ,19800,21200,19340,21200
490470,세미파이브,KOSDAQ,19750,21900,19150,21900
052400,코나아이,KOSDAQ GLOBAL,45900,46500,45800,47500
253450,스튜디오드래곤,KOSDAQ GLOBAL,21850,21900,21550,22150
122640,예스티,KOSDAQ,30250,34350,29700,34750
090460,비에이치,KOSPI,19350,20500,18500,20500
000400,롯데손해보험,KOSPI,2085,2025,1998,2130
295310,에이치브이엠,KOSDAQ,53700,58300,53000,59000
002960,한국쉘석유,KOSPI,493000,481000,481000,497000
069260,TKG휴켐스,KOSPI,15660,15850,15430,15990
114090,GKL,KOSPI,10340,10650,10270,10700
317450,명인제약,KOSPI,43800,42800,42500,44200
001270,부국증권,KOSPI,61200,57200,57200,61900
108320,LX세미콘,KOSPI,38950,39250,37700,39300
001570,금양,KOSPI,9900,0,0,0
222080,SFA넥셀,KOSDAQ GLOBAL,8080,8180,7860,8300
293940,신한알파리츠,KOSPI,5170,5180,5120,5260
050890,쏠리드,KOSDAQ,10250,10730,10010,10730
00104K,CJ4우(전환),KOSPI,147300,150600,143200,150600
064290,인텍플러스,KOSDAQ,48250,51100,46250,54100
023160,태광,KOSDAQ GLOBAL,24000,24350,23200,24700
005880,대한해운,KOSPI,1921,1860,1852,2095
006380,카프로,KOSPI,3660,0,0,0
053610,프로텍,KOSDAQ,68300,70500,64200,71500
376900,로킷헬스케어,KOSDAQ,38500,38900,37600,39450
093320,케이아이엔엑스,KOSDAQ,125200,116700,116700,128000
001680,대상,KOSPI,17550,17550,17310,17770
005180,빙그레,KOSPI,65500,66200,64900,67100
007700,F&F홀딩스,KOSPI,15510,15870,15010,15930
005090,SGC에너지,KOSPI,41950,39750,38500,42150
002020,코오롱,KOSPI,46800,48300,45350,50600
053800,안랩,KOSDAQ,53900,54100,53100,54600
160190,하이젠알앤엠,KOSDAQ,19370,19320,18000,19700
001510,SK증권,KOSPI,2585,2650,2520,2720
383800,LX홀딩스,KOSPI,7800,7800,7620,7980
456160,지투지바이오,KOSDAQ,35600,36900,34550,37250
001060,JW중외제약,KOSPI,25300,25900,24850,26150
017940,E1,KOSPI,85800,83300,83000,85900
383310,에코프로에이치엔,KOSDAQ,28000,28700,26750,29300
003620,KG모빌리티,KOSPI,2880,2925,2880,3025
121600,나노신소재,KOSDAQ,47500,48500,46100,49400
033240,자화전자,KOSPI,26950,27250,26300,28200
102710,이엔에프테크놀로지,KOSDAQ,40750,41650,39350,42100
046890,서울반도체,KOSDAQ GLOBAL,9950,10130,9660,10250
041960,코미팜,KOSDAQ,7800,7900,7680,8010
225570,넥슨게임즈,KOSDAQ,8740,8630,8490,8760
037460,삼지전자,KOSDAQ,35000,33900,32650,35100
178920,PI첨단소재,KOSPI,19330,20100,18770,20150
002840,미원상사,KOSPI,119500,129800,118200,129800
006110,삼아알미늄,KOSPI,37500,39250,37050,39800
336370,솔루스첨단소재,KOSPI,8050,8310,7830,8350
045100,한양이엔지,KOSDAQ,32150,34050,31050,34300
000640,동아쏘시오홀딩스,KOSPI,83400,82500,80800,84000
453340,현대그린푸드,KOSPI,17260,17710,17220,17780
067160,SOOP,KOSDAQ GLOBAL,48650,48750,48450,49500
102940,코오롱생명과학,KOSDAQ,42700,44100,41250,45200
358570,지아이이노베이션,KOSDAQ,8640,9050,8300,9050
126340,비나텍,KOSDAQ,77500,83700,76200,84400
086900,메디톡스,KOSDAQ,76100,78600,75100,79300
014820,동원시스템즈,KOSPI,19150,19490,18820,19570
044490,태웅,KOSDAQ,27700,30050,27250,30450
052020,에스티큐브,KOSDAQ,8090,8180,7890,8540
100840,SNT에너지,KOSPI,26550,27200,25950,27600
079900,전진건설로봇,KOSPI,37600,37800,36800,38250
171090,선익시스템,KOSDAQ,53800,56200,53600,57000
476060,온코닉테라퓨틱스,KOSDAQ,11950,12420,11600,12420
059090,미코,KOSDAQ,16230,17270,16000,17280
477850,마키나락스,KOSDAQ,30400,24500,22800,30400
251970,펌텍코리아,KOSDAQ GLOBAL,43200,43750,41700,44350
003300,한일홀딩스,KOSPI,17310,16380,16200,19770
001500,현대차증권,KOSPI,8580,8620,8310,8850
249420,일동제약,KOSPI,16690,16300,16050,16730
376300,디어유,KOSDAQ,22200,21550,21500,22750
027360,아주IB투자,KOSDAQ,4340,4580,4230,4680
033500,동성화인텍,KOSDAQ,17520,17270,17060,18210
016380,KG스틸,KOSPI,5240,5340,5210,5360
476830,알지노믹스,KOSDAQ,37550,41300,36100,41350
094800,맵스리얼티,KOSPI,5630,5410,5330,5750
348370,엔켐,KOSDAQ,23850,24700,23350,24750
060250,NHN KCP,KOSDAQ,12960,12890,12780,13340
056080,유진로봇,KOSDAQ,13600,13430,13070,13760
336570,원텍,KOSDAQ,5800,6130,5730,6130
035890,서희건설,KOSDAQ,2260,2250,2145,2330
170920,엘티씨,KOSDAQ,49150,54100,48200,56200
268280,미원에스씨,KOSPI,103600,109300,102600,109300
003545,대신증권우,KOSPI,20550,20400,20200,20850
211050,인카금융서비스,KOSDAQ,10400,10140,10080,10600
174900,앱클론,KOSDAQ,25650,26600,25000,27350
448730,삼성FN리츠,KOSPI,5620,5480,5380,5620
033790,피노,KOSDAQ,6140,6280,5830,6370
009410,태영건설,KOSPI,1716,1714,1635,1756
039130,하나투어,KOSPI,32900,32850,32000,33500
124500,아이티센글로벌,KOSDAQ,21900,22800,21300,23050
005810,풍산홀딩스,KOSPI,35200,34600,34450,36000
036810,에프에스티,KOSDAQ,23250,23950,22150,24200
082270,젬백스,KOSDAQ,11360,11420,10350,11520
389470,인벤티지랩,KOSDAQ,37550,37650,36500,39300
005389,현대차3우B,KOSPI,214000,207000,204500,215000
365340,성일하이텍,KOSDAQ,38300,40400,37150,40800
284740,쿠쿠홈시스,KOSPI,22050,22500,22000,22650
009520,포스코엠텍,KOSDAQ GLOBAL,11850,12180,11610,12230
399720,가온칩스,KOSDAQ,41500,44850,39900,45500
033640,네패스,KOSDAQ,21300,22700,20500,22750
020000,한섬,KOSPI,22850,21500,21350,23600
015750,성우하이텍,KOSDAQ,6130,6170,6030,6270
005945,NH투자증권우,KOSPI,25900,25550,25350,26350
119850,지엔씨에너지,KOSDAQ,29650,27000,26600,31750
372320,큐로셀,KOSDAQ,31850,31800,30850,32350
002240,고려제강,KOSPI,17840,17740,17550,18000
161000,애경케미칼,KOSPI,9870,10060,9640,10060
005250,녹십자홀딩스,KOSPI,10210,10500,10020,10500
145990,삼양사,KOSPI,46300,46100,45400,46600
008060,대덕,KOSPI,15240,16190,14950,16190
377740,바이오노트,KOSPI,4675,4690,4580,4700
101160,월덱스,KOSDAQ,28750,28800,27700,29850
104830,원익머트리얼즈,KOSDAQ,37600,36900,35750,38600
058650,세아홀딩스,KOSPI,110700,114100,108000,114100
034950,한국기업평가,KOSDAQ,103000,105000,101700,105000
003030,세아제강지주,KOSPI,112900,111200,110300,113900
001530,DI동일,KOSPI,22450,22550,22400,23200
425420,티에프이,KOSDAQ,37350,38700,36150,39150
031430,신세계인터내셔날,KOSPI,13170,12680,12680,13330
002990,금호건설,KOSPI,12350,9550,8650,12350
348210,넥스틴,KOSDAQ,43800,44500,41100,45500
272290,이녹스첨단소재,KOSDAQ GLOBAL,23000,23700,22300,23750
214430,아이쓰리시스템,KOSDAQ,62600,60300,60100,63900
030520,한글과컴퓨터,KOSDAQ,18840,19270,18720,19460
099190,아이센스,KOSDAQ,15750,15980,15430,16110
089890,코세스,KOSDAQ,27250,31700,26050,32050
486990,노타,KOSDAQ,20950,21700,20100,21850
278280,천보,KOSDAQ,36450,37200,36000,37950
475960,토모큐브,KOSDAQ,33250,35100,32300,35100
253590,네오셈,KOSDAQ,10120,10450,9800,10700
000070,삼양홀딩스,KOSPI,57100,57500,56800,58700
001200,유진투자증권,KOSPI,4550,4470,4410,4730
439960,코스모로보틱스,KOSDAQ,13580,13860,12210,13860
014830,유니드,KOSPI,65100,65000,63400,66000
460930,현대힘스,KOSDAQ,12400,12240,11950,12620
078130,국일제지,KOSDAQ,3880,4160,3810,4160
368770,파이버프로,KOSDAQ,13250,13620,12340,13940
077360,덕산하이메탈,KOSDAQ,9500,10750,9330,10860
016610,DB증권,KOSPI,10100,9900,9770,10290
340570,티앤엘,KOSDAQ,52700,53500,51600,54000
019170,신풍제약,KOSPI,8170,8140,7990,8300
004690,삼천리,KOSPI,117700,117500,115500,118900
348340,뉴로메카,KOSDAQ,34250,35700,32850,35700
460860,동국제강,KOSPI,8520,8580,8380,8750
042000,카페24,KOSDAQ,17430,17510,17160,18150
072710,농심홀딩스,KOSPI,90800,89100,89100,92100
290550,디케이티,KOSDAQ,21050,22700,20500,23300
215200,메가스터디교육,KOSDAQ,40450,40050,39650,42850
090435,아모레퍼시픽우,KOSPI,39450,40200,39300,40500
018290,브이티,KOSDAQ,11890,11790,11710,12320
034310,NICE,KOSPI,11300,11550,11210,11650
003000,부광약품,KOSPI,4200,4160,4100,4240
025320,시노펙스,KOSDAQ,4490,4565,4295,4645
079940,가비아,KOSDAQ,30800,31500,30550,31850
039440,에스티아이,KOSDAQ,26650,28650,25750,28650
004700,조광피혁,KOSPI,62100,61400,60500,62400
357120,코람코라이프인프라리츠,KOSPI,4210,4250,4115,4250
403550,쏘카,KOSPI,10780,10860,10600,11010
200710,에이디테크놀로지,KOSDAQ,30300,31800,28950,31800
381970,케이카,KOSPI,8350,8590,8280,8590
009900,명신산업,KOSPI,7740,7550,7530,7870
029530,신도리코,KOSPI,41500,40550,40150,41500
452260,한화갤러리아,KOSPI,2075,2095,2015,2130
417310,코람코더원리츠,KOSPI,9950,10050,9950,10060
327260,RF머트리얼즈,KOSDAQ,47300,49750,45950,50100
041190,우리기술투자,KOSDAQ,4770,4855,4700,4955
095660,네오위즈,KOSDAQ,18410,18380,18040,18500
330860,네패스아크,KOSDAQ,32650,33950,30850,33950
160980,싸이맥스,KOSDAQ,36300,37900,35250,38500
047920,HLB제약,KOSDAQ,12080,12030,11750,12390
219130,타이거일렉,KOSDAQ,62500,69000,59600,69000
016590,신대양제지,KOSPI,9750,9750,9710,10000
005420,코스모화학,KOSPI,10180,10300,9920,10490
003280,흥아해운,KOSPI,1619,1642,1596,1700
168360,펨트론,KOSDAQ,17750,18890,17480,18890
015360,INVENI,KOSPI,14230,14480,14200,14580
089010,켐트로닉스,KOSDAQ,23050,24400,22400,24600
025980,아난티,KOSDAQ,3970,3975,3880,4050
037710,광주신세계,KOSPI,50500,38550,37400,50500
004710,한솔테크닉스,KOSPI,9470,9990,8800,10120
144960,뉴파워프라즈마,KOSDAQ,8800,8860,8380,9350
027410,BGF,KOSPI,3990,3975,3915,4065
067630,HLB생명과학,KOSDAQ,3125,3105,3060,3225
008730,율촌화학,KOSPI,15260,15200,14750,15350
130660,한전산업,KOSPI,11590,11590,11300,12230
078020,LS증권,KOSDAQ,6810,6830,6670,7290
036620,감성코퍼레이션,KOSDAQ,4200,4230,4120,4390
024850,HLB이노베이션,KOSDAQ,11850,12000,11520,12460
241770,메카로,KOSDAQ,36900,37400,35300,38300
02826K,삼성물산우B,KOSPI,256000,250000,245000,262000
033160,엠케이전자,KOSDAQ,15340,16020,14470,16200
101730,위메이드맥스,KOSDAQ,4420,4370,4000,4595
013030,하이록코리아,KOSDAQ,31450,31850,31250,32500
089590,제주항공,KOSPI,4585,4595,4505,4640
001940,KISCO홀딩스,KOSPI,25950,25150,24400,26300
271940,일진하이솔루스,KOSPI,10100,10300,9800,10410
092230,KPX홀딩스,KOSPI,86600,84700,84600,87600
344820,KCC글라스,KOSPI,22900,23400,22700,23400
000157,두산2우B,KOSPI,409000,417500,400500,448000
006220,제주은행,KOSPI,9660,9930,9630,10000
002810,삼영무역,KOSPI,19770,19610,19530,20100
002030,아세아,KOSPI,177200,173200,169100,180000
950210,프레스티지바이오파마,KOSPI,6070,6050,5800,6260
356680,엑스게이트,KOSDAQ,12720,13520,12280,13560
306200,세아제강,KOSPI,127500,125200,123900,129000
011930,신성이엔지,KOSPI,17760,18040,17230,18900
078160,메디포스트,KOSDAQ,9160,9150,8860,9280
017810,풀무원,KOSPI,9420,9320,9280,9500
060280,큐렉소,KOSDAQ,8700,8850,8440,8850
003800,에이스침대,KOSDAQ,32350,31600,31600,32600
006910,보성파워텍,KOSDAQ,7280,7450,7080,7760
194370,제이에스코퍼레이션,KOSPI,12310,12150,11890,12500
0120G0,삼양바이오팜,KOSPI,48000,47750,45850,48400
069080,웹젠,KOSDAQ GLOBAL,11470,11310,11290,11640
105630,한세실업,KOSPI,8870,8750,8630,8900
060980,HL홀딩스,KOSPI,38900,38650,38200,39500
243070,휴온스,KOSDAQ,29400,27050,27050,29750
114810,한솔아이원스,KOSDAQ,12490,13090,12020,13120
005950,이수화학,KOSPI,13300,14610,12320,15770
017900,광전자,KOSPI,5970,6270,5750,6280
287840,인투셀,KOSDAQ,23000,22300,20800,23000
183190,아세아시멘트,KOSPI,9600,9400,9250,9620
170900,동아에스티,KOSPI,35500,35250,34850,35900
005610,삼립,KOSPI,40000,39700,39150,40500
007690,국도화학,KOSPI,37250,35400,35300,37500
110990,디아이티,KOSDAQ,18220,19120,17540,19820
145720,덴티움,KOSPI,39900,39550,39450,40600
101930,인화정공,KOSDAQ,7430,7590,7260,7730
204620,글로벌텍스프리,KOSDAQ,4810,4965,4720,5020
097520,엠씨넥스,KOSPI,19310,20150,19010,20150
104700,한국철강,KOSPI,9190,9190,9140,9400
389650,넥스트바이오메디컬,KOSDAQ,40400,39650,37500,40400
029460,케이씨,KOSPI,30300,31100,29450,31150
010690,화신,KOSPI,9450,9650,9290,9790
006405,삼성SDI우,KOSPI,202500,206500,197300,206500
126560,현대퓨처넷,KOSPI,2995,2955,2940,3015
236200,슈프리마,KOSDAQ,46800,45850,44900,47500
484870,엠앤씨솔루션,KOSPI,35600,28150,27700,35600
448900,한국피아이엠,KOSDAQ,53600,52300,50500,53600
084110,휴온스글로벌,KOSDAQ,25700,25400,24600,26200
482630,삼양엔씨켐,KOSDAQ,14820,15390,14280,15570
064260,다날,KOSDAQ,4260,4305,4195,4410
002310,아세아제지,KOSPI,8100,8050,7960,8110
105840,우진,KOSPI,15800,16150,15270,16660
042520,한스바이오메드,KOSDAQ,22300,22900,21100,23300
005720,넥센,KOSPI,6050,6000,5880,6190
009160,SIMPAC,KOSPI,4860,4660,4620,4890
199800,툴젠,KOSDAQ,35300,35600,34500,36200
215600,신라젠,KOSDAQ,2290,2305,2215,2325
078340,컴투스,KOSDAQ GLOBAL,26150,25650,25600,26500
393890,더블유씨피,KOSDAQ,9330,9980,9280,10080
126720,수산인더스트리,KOSPI,22100,22400,21850,22650
078350,한양디지텍,KOSDAQ,20650,21600,19880,21700
265520,AP시스템,KOSDAQ,20850,21200,20150,21500
206650,유바이오로직스,KOSDAQ,8510,8710,8470,8830
012030,DB,KOSPI,1553,1600,1501,1639
493280,아이엠바이오로직스,KOSDAQ,20900,22350,20500,22350
036890,진성티이씨,KOSDAQ,14060,13860,13590,14210
011760,현대코퍼레이션,KOSPI,23350,23300,23150,23950
125490,한라캐스트,KOSDAQ,8460,8510,8160,8690
424870,이뮨온시아,KOSDAQ,3380,3360,3285,3410
016800,퍼시스,KOSPI,26800,27300,26200,27300
200880,서연이화,KOSPI,11370,11430,11090,11600
023410,유진기업,KOSDAQ,3970,3645,3455,4005
009290,광동제약,KOSPI,6130,6050,5980,6370
200670,휴메딕스,KOSDAQ,27050,26750,26050,27350
005680,삼영전자,KOSPI,15180,15920,14210,16500
018250,애경산업,KOSPI,11420,11290,11210,11600
0011T0,채비,KOSDAQ,6420,6500,6100,6700
107640,한중엔시에스,KOSDAQ,33150,34500,32700,34800
091700,파트론,KOSDAQ,6000,6120,5930,6120
015860,일진홀딩스,KOSPI,6070,6240,5920,6260
394280,오픈엣지테크놀로지,KOSDAQ,11330,11810,10750,11900
092790,넥스틸,KOSPI,11440,11500,11280,11840
079370,제우스,KOSDAQ,9590,9930,9260,10050
080580,오킨스전자,KOSDAQ,14100,14990,13760,15950
025900,동화기업,KOSDAQ,5880,6120,5790,6240
058430,포스코스틸리온,KOSPI,4950,5050,4880,5080
117730,티로보틱스,KOSDAQ,13160,13400,12600,13460
192650,드림텍,KOSPI,4505,4695,4375,4695
272450,진에어,KOSPI,5680,5710,5570,5750
108670,LX하우시스,KOSPI,33050,33250,32600,33450
092190,서울바이오시스,KOSDAQ,6440,6230,6100,6440
024720,콜마홀딩스,KOSPI,8610,8550,8410,8980
376270,HEM파마,KOSDAQ,40900,42650,38850,42650
003200,일신방직,KOSPI,12800,10210,10200,12900
092730,네오팜,KOSDAQ,18300,18590,17910,18690
034830,한국토지신탁,KOSPI,1161,1142,1142,1163
049070,인탑스,KOSDAQ,17000,17530,16890,17600
136480,하림,KOSDAQ,2735,2780,2705,2785
025770,한국정보통신,KOSDAQ,7730,7670,7580,7800
001390,KG케미칼,KOSPI,4305,4245,4180,4325
010820,퍼스텍,KOSPI,5930,6070,5750,6210
091810,트리니티항공,KOSPI,700,720,691,724
232530,이엠티,KONEX,11250,0,0,0
036800,나이스정보통신,KOSDAQ,31550,30300,29850,32000
217590,티엠씨,KOSPI,11890,12100,11450,12630
455900,엔젤로보틱스,KOSDAQ,18600,18720,18020,18720
121440,골프존홀딩스,KOSDAQ,6660,6640,6640,6670
064850,에프앤가이드,KOSDAQ,25000,26000,24500,26750
468530,프로티나,KOSDAQ,25700,26550,24650,26550
004430,송원산업,KOSPI,11800,11910,11450,12140
096760,JW홀딩스,KOSPI,3825,3895,3785,3900
025860,남해화학,KOSPI,5690,5710,5590,5770
084690,대상홀딩스,KOSPI,7790,7680,7600,7830
228760,지노믹트리,KOSDAQ,11290,12390,11200,12390
052710,아모텍,KOSDAQ,19200,21050,18750,21050
098070,한텍,KOSDAQ,25150,26550,24600,26750
036200,유니셈,KOSDAQ,9120,9520,8660,9560
017390,서울가스,KOSPI,56300,54600,54600,56900
064820,케이프,KOSDAQ,9030,9030,8600,9390
484590,삼양컴텍,KOSDAQ,6760,7340,6640,7470
033270,유나이티드제약,KOSPI,17450,17360,17360,17610
013120,동원개발,KOSDAQ,3050,3365,2720,3630
035810,이지홀딩스,KOSDAQ,4275,4290,4210,4340
003960,사조대림,KOSPI,29950,29400,29200,30750
123890,한국자산신탁,KOSPI,2240,2220,2200,2260
043150,바텍,KOSDAQ,18440,18450,18050,18520
314930,바이오다인,KOSDAQ,9200,9340,9050,9620
138080,오이솔루션,KOSDAQ,22100,23700,21700,23800
017890,한국알콜,KOSDAQ,12850,13410,12590,13750
151860,KG에코솔루션,KOSDAQ,5740,5520,5520,5820
051500,CJ프레시웨이,KOSDAQ,23000,24300,22700,24300
026890,스틱인베스트먼트,KOSPI,7040,7100,6930,7210
005430,한국공항,KOSPI,86000,89800,84300,95900
084010,대한제강,KOSPI,7920,7860,7710,7990
441270,파인엠텍,KOSDAQ,6470,7140,6320,7220
094360,칩스앤미디어,KOSDAQ,12670,13170,12500,13360
187660,페니트리움바이오,KOSDAQ,4840,4750,4715,4965
309710,아이티켐,KOSDAQ,21000,0,0,0
078520,에이블씨엔씨,KOSPI,10300,10520,10220,10750
001750,한양증권,KOSPI,21000,20600,20400,21150
002900,TYM,KOSPI,6450,6330,6160,6800
352480,씨앤씨인터내셔널,KOSDAQ,19520,19750,19500,20150
182400,엔케이젠바이오텍코리아,KOSDAQ,3670,0,0,0
054950,제이브이엠,KOSDAQ,21950,21800,21550,22100
286940,롯데이노베이트,KOSPI,17490,17510,17220,17790
003120,일성아이에스,KOSPI,19880,20400,19880,20600
001230,동국홀딩스,KOSPI,1700,1710,1683,1737
092460,한라IMS,KOSDAQ,15420,14910,14600,15460
234340,헥토파이낸셜,KOSDAQ,18860,18680,18350,19490
001340,PKC,KOSPI,5850,5910,5760,5940
450950,아스테라시스,KOSDAQ,6980,7020,6650,7090
035600,KG이니시스,KOSDAQ,9530,9500,9300,9610
475040,스트라드비젼,KOSDAQ,4915,4800,4325,5330
065680,우주일렉트로,KOSDAQ,27900,28900,27200,29350
217730,강스템바이오텍,KOSDAQ,2740,2640,2620,3000
002710,TCC스틸,KOSPI,9820,10040,9650,10290
003920,남양유업,KOSPI,42850,43950,41800,43950
267980,매일유업,KOSDAQ,33450,33300,33300,34100
121800,비덴트,KOSDAQ,3320,0,0,0
389500,에스비비테크,KOSDAQ,38300,38950,35600,39000
000430,대원강업,KOSPI,4110,4165,3990,4165
365270,큐라클,KOSDAQ,11500,11640,10910,11900
304360,에스바이오메딕스,KOSDAQ,20550,20950,19620,20950
099430,바이오플러스,KOSDAQ,4115,4100,3975,4175
950170,JTC,KOSDAQ,4900,4910,4750,4945
019010,베뉴지,KOSDAQ,5260,5420,5050,5420
377460,큐에이드,KOSDAQ,4080,0,0,0
011560,세보엠이씨,KOSDAQ,25100,26550,24800,26900
002320,한진,KOSPI,16240,16250,16020,16520
419530,SAMG엔터,KOSDAQ,24600,24200,22900,25000
200470,에이팩트,KOSDAQ,5920,6270,5650,6360
254490,미래반도체,KOSDAQ,17350,17910,16590,18000
215000,골프존,KOSDAQ,39900,40000,39550,40550
003070,코오롱글로벌,KOSPI,9800,10060,9430,10320
298690,에어부산,KOSPI,1529,1561,1500,1569
439090,마녀공장,KOSDAQ,15190,15350,15000,15740
114190,강원에너지,KOSDAQ,9520,9720,9150,9750
417840,저스템,KOSDAQ,10850,12190,10400,12320
004360,세방,KOSPI,12950,12680,12680,13060
095500,미래나노텍,KOSDAQ,7970,8440,7670,8480
200130,콜마비앤에이치,KOSDAQ GLOBAL,8370,8500,8220,8520
005500,삼진제약,KOSPI,18430,18480,18240,18620
472850,폰드그룹,KOSDAQ,4260,4190,4150,4345
086390,유니테스트,KOSDAQ,11600,11160,10880,11840
007160,사조산업,KOSPI,48950,46550,46050,49800
180400,DXVX,KOSDAQ,2485,2380,2235,2535
378340,필에너지,KOSDAQ,11300,12040,11290,12110
089980,상아프론테크,KOSDAQ,15280,15600,14980,15770
060720,KH바텍,KOSDAQ,10290,10350,9980,10530
456010,아이씨티케이,KOSDAQ,16770,16500,15780,17150
334890,이지스밸류플러스리츠,KOSPI,3495,3485,3435,3525
900140,엘브이엠씨홀딩스,KOSPI,1255,1245,1217,1265
122900,아이마켓코리아,KOSPI,7230,7230,7190,7310
452280,한선엔지니어링,KOSDAQ,12550,13730,12360,13730
0030R0,대신밸류리츠,KOSPI,4040,3910,3910,4070
043370,피에이치에이,KOSDAQ,11490,11730,11410,11740
206640,바디텍메드,KOSDAQ,11000,10920,10780,11170
382900,범한퓨얼셀,KOSDAQ,27500,25050,24600,27600
389260,대명에너지,KOSDAQ,13440,14050,13060,14250
018000,유니슨,KOSDAQ,925,985,917,985
051360,토비스,KOSDAQ,16090,0,0,0
000650,천일고속,KOSPI,167300,170900,167100,173500
061970,LB세미콘,KOSDAQ,4115,4330,4050,4425
452430,사피엔반도체,KOSDAQ,28950,28300,26000,29750
159010,아스플로,KOSDAQ,17920,19050,17600,20400
488900,비츠로넥스텍,KOSDAQ,8220,8680,7830,8680
010955,S-Oil우,KOSPI,59200,58000,57800,59900
003650,미창석유,KOSPI,136600,138200,135800,139900
000680,LS네트웍스,KOSPI,3010,2985,2950,3100
194700,노바렉스,KOSDAQ,12920,13220,12800,13600
042370,비츠로테크,KOSDAQ,9000,9240,8760,9370
039830,오로라,KOSDAQ,21900,20400,20150,22650
053030,바이넥스,KOSDAQ,7200,7380,7080,7520
244920,에이플러스에셋,KOSPI,10400,10150,10150,10700
241520,DSC인베스트먼트,KOSDAQ,8820,8960,8540,9130
085910,네오티스,KOSDAQ,17000,18180,15880,18180
008490,서흥,KOSPI,20250,19220,19220,20650
348950,제이알글로벌리츠,KOSPI,1182,0,0,0
000480,CR홀딩스,KOSPI,4960,4945,4910,4995
034120,SBS,KOSPI,12500,12900,12450,12990
230240,에치에프알,KOSDAQ,17340,17410,16450,18190
065710,서호전기,KOSDAQ,44800,45000,44600,45500
03473K,SK우,KOSPI,407500,407000,398500,430000
332570,PS일렉트로닉스,KOSDAQ,4935,5160,4765,5240
028100,동아지질,KOSPI,17210,17200,17000,17760
023760,한국캐피탈,KOSDAQ,724,723,706,729
0008Z0,에스엔시스,KOSDAQ,24200,24150,23700,25000
092870,엑시콘,KOSDAQ,17360,18980,16910,18980
024840,KBI메탈,KOSDAQ,5450,5250,5010,5750
000050,경방,KOSPI,8250,8140,8020,8300
317330,덕산테코피아,KOSDAQ,11040,11420,10780,11650
144510,지씨셀,KOSDAQ,14270,14400,14030,14490
404990,신한서부티엔디리츠,KOSPI,3665,3785,3645,3860
001250,GS글로벌,KOSPI,2715,2735,2655,2805
900290,GRT,KOSDAQ,2735,3000,2735,3070
003520,영진약품,KOSPI,1220,1205,1189,1225
298830,슈어소프트테크,KOSDAQ,4170,4265,4090,4280
006805,미래에셋증권우,KOSPI,15830,16370,15500,16840
036030,케이티알파,KOSDAQ,4545,4480,4475,4555
290690,소룩스,KOSDAQ,4230,4305,4200,4460
025000,KPX케미칼,KOSPI,50800,49750,49700,51100
0001A0,덕양에너젠,KOSDAQ,8710,8780,8420,8810
001460,BYC,KOSPI,35400,36050,34600,36150
005010,휴스틸,KOSPI,3930,3955,3895,4085
018310,삼목에스폼,KOSDAQ,14990,15250,14490,15500
425040,티이엠씨,KOSDAQ,10050,10310,9650,10460
067390,아스트,KOSDAQ,523,531,515,531
037270,YG PLUS,KOSPI,3450,3360,3360,3545
462350,이노스페이스,KOSDAQ,7830,8000,7760,8840
014940,오리엔탈정공,KOSDAQ,4810,4820,4650,5000
134380,미원화학,KOSPI,9950,10000,9950,10000
136490,선진,KOSPI,9190,9200,9050,9380
088260,이리츠코크렙,KOSPI,3445,3380,3355,3475
065660,안트로젠,KOSDAQ,21800,21300,20800,22900
475560,더본코리아,KOSPI,14710,14700,14490,14900
069540,빛과전자,KOSDAQ,1934,2110,1863,2110
044450,KSS해운,KOSPI,9440,9280,9250,9450
272110,케이엔제이,KOSDAQ,27150,28250,26000,28400
461300,아이스크림미디어,KOSDAQ,16350,16470,16220,17130
033920,무학,KOSPI,7640,7670,7560,7700
203650,드림시큐리티,KOSDAQ,2140,2160,2085,2195
046970,우리로,KOSDAQ,4960,5260,4800,5360
000320,노루홀딩스,KOSPI,16330,16250,16100,16600
009680,모토닉,KOSPI,9970,10140,9920,10140
084850,아이티엠반도체,KOSDAQ,9490,9600,8970,9660
030210,다올투자증권,KOSPI,3530,3510,3500,3645
003720,삼영,KOSPI,6320,6630,6170,6640
481070,에이유브랜즈,KOSDAQ,14970,14500,14200,15050
100120,뷰웍스,KOSDAQ,23900,23650,23200,24150
308430,셀비온,KOSDAQ,16490,17110,15410,17200
025560,미래산업,KOSPI,41750,45700,38000,46300
445090,에이직랜드,KOSDAQ,19420,20950,19000,21300
432320,KB스타리츠,KOSPI,1405,1354,1352,1408
005710,대원산업,KOSDAQ,10540,10700,10330,10740
210980,SK디앤디,KOSPI,11300,11420,11110,11500
226320,잇츠한불,KOSPI,9560,9720,9560,9900
353810,이지바이오,KOSDAQ,6330,6270,6160,6380
000540,흥국화재,KOSPI,3255,3230,3165,3290
448280,에코아이,KOSDAQ,7050,6890,6710,7050
112290,와이씨켐,KOSDAQ,10320,10610,10150,10740
011500,한농화성,KOSPI,13310,13680,12550,13690
017860,DS단석,KOSPI,11710,11660,11300,11880
194480,데브시스터즈,KOSDAQ,17140,17070,16880,17540
001790,대한제당,KOSPI,2410,2385,2380,2435
000490,대동,KOSPI,7190,7240,7110,7480
035150,백산,KOSPI,10330,10210,10050,10400
380540,옵티코어,KOSDAQ,8450,0,0,0
475400,씨메스로보틱스,KOSDAQ,17480,18020,17010,18020
013580,계룡건설,KOSPI,23100,23300,22250,24750
091580,상신이디피,KOSDAQ,15400,15790,15050,16060
004980,성신양회,KOSPI,8370,8490,7840,8540
216080,제테마,KOSDAQ,5490,5570,5450,5700
220100,퓨쳐켐,KOSDAQ,9120,9300,8920,9450
058970,엠로,KOSDAQ,16380,16910,15990,16910
052330,코텍,KOSDAQ,11380,11550,11250,11650
034810,해성산업,KOSDAQ,6400,6320,6280,6440
093520,매커스,KOSDAQ,16950,17310,16610,17480
357550,석경에이티,KOSDAQ,36950,37800,36600,38550
061090,세나테크놀로지,KOSDAQ,36800,35200,34350,38700
094480,갤럭시아머니트리,KOSDAQ,5120,5100,5020,5290
001630,종근당홀딩스,KOSPI,40050,40200,39650,40450
003555,LG우,KOSPI,66600,66000,65400,67300
123330,제닉,KOSDAQ,25150,25900,24950,27600
051905,LG생활건강우,KOSPI,95600,96800,94900,97400
053210,스카이라이프,KOSPI,4190,4260,4155,4260
115450,HLB테라퓨틱스,KOSDAQ,2245,2175,2165,2285
013890,지누스,KOSPI,9010,8950,8780,9010
068930,디지털대성,KOSDAQ,7130,7310,7130,7310
053690,한미글로벌,KOSPI,17990,18050,17600,18490
100250,진양홀딩스,KOSPI,3075,2995,2980,3085
108860,셀바스AI,KOSDAQ,7290,7490,7070,7490
003547,대신증권2우B,KOSPI,19960,19950,19820,20300
298000,효성화학,KOSPI,51600,54100,49150,59600
041920,메디아나,KOSDAQ,10520,10600,10030,10910
078150,HB테크놀러지,KOSDAQ,2100,2170,2025,2180
039570,HDC랩스,KOSPI,7500,7650,7500,7650
128820,대성산업,KOSPI,4300,4285,4160,4390
001080,만호제강,KOSPI,4680,4645,4615,4960
036190,금화피에스시,KOSDAQ,32300,32900,32100,33250
098120,마이크로컨텍솔,KOSDAQ,23250,24050,22100,24750
095570,AJ네트웍스,KOSPI,4270,4310,4195,4310
000140,하이트진로홀딩스,KOSPI,8320,8340,8240,8390
484120,도우인시스,KOSDAQ,17570,18250,17030,18250
099440,스맥,KOSDAQ,2820,2715,2650,2820
003350,한국화장품제조,KOSPI,8480,8570,8200,9090
126600,BGF에코머티리얼즈,KOSDAQ,3055,3045,2995,3135
045390,대아티아이,KOSDAQ,2720,2735,2655,2785
394800,쓰리빌리언,KOSDAQ,6010,6240,5870,6340
294570,쿠콘,KOSDAQ,18940,18900,18620,19430
044820,코스맥스비티아이,KOSPI,19880,19490,19230,20700
243840,신흥에스이씨,KOSDAQ,4935,5090,4785,5090
036710,심텍홀딩스,KOSDAQ,3600,4005,3430,4005
117580,대성에너지,KOSPI,6910,6850,6770,6920
007860,서연,KOSPI,8090,8320,8040,8340
138610,나이벡,KOSDAQ,16690,16710,16130,17100
073490,LIG아큐버,KOSDAQ,24950,25250,24250,25850
494120,큐리오시스,KOSDAQ,24850,24550,22950,25500
462520,조선내화,KOSPI,15990,15960,15600,16430
339770,교촌에프앤비,KOSPI,3770,3780,3660,3790
001130,대한제분,KOSPI,11110,11140,11070,11380
102460,이연제약,KOSPI,10080,10170,9920,10260
016790,현대사료,KOSDAQ,994,0,0,0
0015G0,그린광학,KOSDAQ,15990,16950,15630,17340
241590,화승엔터프라이즈,KOSPI,3085,3125,3080,3155
084990,헬릭스미스,KOSDAQ,4055,4050,3910,4150
394420,리센스메디컬,KOSDAQ,17070,17000,15640,17500
354320,알멕,KOSDAQ,29200,31300,28350,31300
318060,그래피,KOSDAQ,16660,16410,15680,16930
234080,JW생명과학,KOSPI,11740,11510,11510,11750
054210,이랜텍,KOSDAQ,7330,7730,7150,7730
032580,피델릭스,KOSDAQ,5590,5010,4870,6200
0082N0,카나프테라퓨틱스,KOSDAQ,13940,14550,13510,14660
094820,일진파워,KOSDAQ,12240,12400,11840,12600
187870,디바이스,KOSDAQ,13400,13830,12920,13960
036170,에이치엠넥스,KOSDAQ,3005,3100,2850,3120
036560,KZ정밀,KOSDAQ,11700,11750,11560,11950
123860,아나패스,KOSDAQ,15100,15250,14850,15260
251370,와이엠티,KOSDAQ,10150,10440,9600,10500
012860,모베이스전자,KOSDAQ,2495,2550,2420,2565
416180,신성에스티,KOSDAQ,20150,20600,19540,20750
192440,슈피겐코리아,KOSDAQ,29250,28500,28500,29850
140610,엔솔바이오사이언스,KONEX,13090,12770,12750,13450
003460,유화증권,KOSPI,3200,3265,3165,3280
190510,나무가,KOSDAQ,12880,13080,12550,13210
214180,헥토이노베이션,KOSDAQ,13960,13750,13510,14080
016580,환인제약,KOSPI,9750,9700,9630,9810
010580,에스엠벡셀,KOSPI,1629,1670,1604,1670
009470,삼화전기,KOSPI,27400,28450,26600,28950
102260,동성케미컬,KOSPI,3575,3610,3520,3635
049430,코메론,KOSDAQ,19990,20100,19880,20400
002100,경농,KOSPI,9260,9130,9030,9310
317400,자이에스앤디,KOSPI,4655,4600,4560,4840
459510,나우로보틱스,KOSDAQ,13890,13870,13310,14010
046120,오르비텍,KOSDAQ,5320,5380,5220,5650
125020,티씨머티리얼즈,KOSDAQ,5140,5410,4975,5440
237880,클리오,KOSDAQ,9950,10100,9560,10290
256840,한국비엔씨,KOSDAQ,2625,2595,2500,2675
322310,오로스테크놀로지,KOSDAQ,19140,19890,18270,20400
176750,듀켐바이오,KOSDAQ,6280,6350,6180,6370
003220,대원제약,KOSPI,7970,8050,7830,8160
119610,인터로조,KOSDAQ,15580,15790,15220,16150
199820,제일일렉트릭,KOSDAQ,7990,8230,7790,8370
037070,파세코,KOSDAQ,8870,7060,6990,8870
092200,디아이씨,KOSPI,4560,4770,4430,4780
035510,신세계 I&C,KOSPI,12680,12850,12530,13070
002150,도화엔지니어링,KOSPI,5250,5170,5100,5280
042420,네오위즈홀딩스,KOSDAQ,21700,22250,21350,22300
053300,한국정보인증,KOSDAQ,4350,4390,4260,4450
082800,비보존 제약,KOSDAQ,2905,2505,2480,3195
066620,국보디자인,KOSDAQ,23500,23850,23450,24200
012210,삼미금속,KOSDAQ,7610,7300,7130,8020
108380,대양전기공업,KOSDAQ,18300,18470,17800,19090
377190,디앤디플랫폼리츠,KOSPI,1980,1982,1935,1990
950140,잉글우드랩,KOSDAQ,8790,8800,8660,9190
338840,와이바이오로직스,KOSDAQ,11350,11670,11030,11670
092130,이크레더블,KOSDAQ,14480,14190,14190,14590
004560,현대비앤지스틸,KOSPI,11550,11700,11260,11860
000300,DH오토넥스,KOSPI,4200,0,0,0
004380,삼익THK,KOSPI,8380,8350,7930,8410
003610,방림,KOSPI,5400,5200,5180,5500
016450,한세예스24홀딩스,KOSPI,4325,4350,4295,4420
033530,SJG세종,KOSPI,6200,6260,6190,6460
039840,디오,KOSDAQ,12840,12520,12300,12850
067080,대화제약,KOSDAQ,9230,9120,8950,9370
487570,HS효성,KOSPI,45950,47350,45050,47950
464080,에스오에스랩,KOSDAQ,9520,9730,9200,9800
064550,바이오니아,KOSDAQ,6580,6570,6400,6630
143240,사람인,KOSDAQ,15720,16270,15660,16270
083310,엘오티베큠,KOSDAQ,9460,9870,9210,9870
153890,져스텍,KOSDAQ,13960,17410,13760,17560
038390,레드캡투어,KOSDAQ,10060,9990,9950,10260
204610,티쓰리,KOSDAQ,3020,3020,2935,3100
000390,SP삼화,KOSPI,6150,6290,6070,6430
122990,와이솔,KOSDAQ,6280,6400,6170,6400
101530,해태제과식품,KOSPI,5740,5530,5480,5750
245620,EDGC,KOSDAQ,741,0,0,0
307180,아이엘,KOSDAQ,4530,4700,4440,4785
015230,대창단조,KOSPI,6140,6000,5980,6360
071200,인피니트헬스케어,KOSDAQ,6780,6790,6520,6860
051370,인터플렉스,KOSDAQ,7050,7300,6910,7300
377450,리파인,KOSDAQ,9460,9140,8950,9490
143160,아이디스,KOSDAQ,15280,15100,14900,15370
355150,코스텍시스,KOSDAQ,21000,22650,20450,22700
005960,동부건설,KOSPI,7130,7100,6900,7270
002170,SYTS,KOSPI,54500,54000,53900,55400
001780,알루코,KOSPI,1682,1672,1638,1695
079960,동양이엔피,KOSDAQ,20650,20700,19870,20800
049630,재영솔루텍,KOSDAQ,6940,7250,6650,7250
000860,강남제비스코,KOSPI,12460,12390,12000,12500
092070,디엔에프,KOSDAQ,13990,14380,13460,14380
400760,NH올원리츠,KOSPI,2945,2930,2920,2985
097955,CJ제일제당 우,KOSPI,121800,120900,120100,123000
083930,아바코,KOSDAQ,11000,11300,10750,11300
031440,신세계푸드,KOSPI,41600,41150,41150,42850
314130,지놈앤컴퍼니,KOSDAQ,3560,3780,3510,3855
213500,한솔제지,KOSPI,6740,6590,6590,6760
004310,현대약품,KOSPI,5000,5160,4925,5210
101970,우양에이치씨,KOSDAQ,10810,11190,10680,11310
446540,메가터치,KOSDAQ,5490,5590,5310,5760
066410,버킷스튜디오,KOSDAQ,1153,0,0,0
024800,유성티엔에스,KOSDAQ,4300,4275,4040,4380
046070,코다코,KOSDAQ,10280,0,0,0
080160,모두투어,KOSDAQ,8410,8300,8240,8500
040350,크레오에스지,KOSDAQ,8140,8010,7720,8490
054450,텔레칩스,KOSDAQ,10470,10570,10200,10720
072870,메가스터디,KOSDAQ,13300,13280,13240,13680
007570,일양약품,KOSPI,8300,8330,8180,8500
389020,자람테크놀로지,KOSDAQ,22850,23700,22050,23700
093190,빅솔론,KOSDAQ,8160,8300,8020,8300
242040,나무기술,KOSDAQ,4525,4710,4400,4755
457550,우진엔텍,KOSDAQ,16800,16690,16310,17400
274090,켄코아에어로스페이스,KOSDAQ,11360,11800,11140,11930
138360,앤로보틱스,KOSDAQ,2030,2265,2000,2275
123410,코리아에프티,KOSDAQ,5610,5410,5400,5730
293480,하나제약,KOSPI,8780,8700,8690,8880
002780,진흥기업,KOSPI,1070,1019,982,1216
011040,경동제약,KOSDAQ,5050,4980,4975,5050
016880,웅진,KOSPI,1942,1969,1901,2070
023910,대한약품,KOSDAQ,25850,25750,25450,26150
371950,풍원정밀,KOSDAQ,6840,7100,6590,7100
060150,인선이엔티,KOSDAQ,3400,3250,3240,3415
474650,링크솔루션,KOSDAQ,26900,27150,26150,28400
048550,SM C&C,KOSDAQ,1598,1610,1561,1667
086670,비엠티,KOSDAQ,15570,15660,15110,15860
382800,지앤비에스 에코,KOSDAQ,4855,4965,4700,5080
255220,SG,KOSDAQ,1410,1419,1384,1430
007330,푸른저축은행,KOSDAQ,10210,10250,10080,10350
403850,더핑크퐁컴퍼니,KOSDAQ,10720,11180,10480,11190
000700,유수홀딩스,KOSPI,5900,5650,5650,5950
304100,솔트룩스,KOSDAQ,12190,12570,12000,12720
046440,KG파이낸셜,KOSDAQ,4035,4050,3980,4070
011785,금호석유화학우,KOSPI,50700,50500,50100,51300
086820,바이오솔루션,KOSDAQ,5910,6010,5800,6100
041020,폴라리스오피스,KOSDAQ,3055,3195,3020,3410
478340,나라스페이스테크놀로지,KOSDAQ,13110,13310,12200,13940
014710,사조씨푸드,KOSPI,8800,8720,8490,8870
484810,티엑스알로보틱스,KOSDAQ,9800,10000,9570,10240
212560,네오오토,KOSDAQ,11220,9980,9850,11660
032620,GC메디아이,KOSDAQ,2895,2905,2860,2915
000970,한국주철관,KOSPI,6620,6750,6550,6770
001045,CJ우,KOSPI,66700,68000,65900,68500
451760,컨텍,KOSDAQ,9120,9490,8850,9680
126700,하이비젼시스템,KOSDAQ,10060,10300,9770,10370
222040,코스맥스엔비티,KOSDAQ,7280,6670,6670,7470
271980,제일약품,KOSPI,10180,10130,9710,10190
260870,SK시그넷,KONEX,6900,7190,6840,7190
402030,코난테크놀로지,KOSDAQ,11940,12180,11650,12640
071840,롯데하이마트,KOSPI,6320,6330,6180,6380
090350,노루페인트,KOSPI,7460,7450,7390,7540
334970,프레스티지바이오로직스,KOSDAQ,1916,1901,1858,1996
048870,시너지이노베이션,KOSDAQ,1690,1706,1658,1717
0088M0,메쥬,KOSDAQ,15000,15400,14230,15750
234690,녹십자웰빙,KOSDAQ,8240,8350,7900,8350
462860,더즌,KOSDAQ,2060,2035,2015,2110
004970,신라교역,KOSPI,9180,9150,9060,9210
054800,아이디스홀딩스,KOSDAQ,14160,14560,13910,14560
084680,이월드,KOSPI,1033,1039,1000,1072
104480,티케이케미칼,KOSDAQ,1610,1604,1568,1625
039860,나노엔텍,KOSDAQ,3840,3965,3760,4130
264450,유비쿼스,KOSDAQ,9970,10170,9710,10280
119830,아이텍,KOSDAQ,5500,5780,5130,5780
388050,지투파워,KOSDAQ,7800,7930,7510,8080
418550,제이오,KOSDAQ,4545,4610,4460,4690
270660,에브리봇,KOSDAQ,11380,11660,11200,11700
086890,이수앱지스,KOSDAQ,3540,3480,3445,3600
058820,CMG제약,KOSDAQ,971,942,915,976
460850,동국씨엠,KOSPI,4810,4845,4720,4890
049960,쎌바이오텍,KOSDAQ,15280,15210,15210,15690
00279K,아모레퍼시픽홀딩스3우C,KOSPI,20200,20500,19900,20500
179290,엠아이텍,KOSDAQ,4420,4440,4335,4500
361390,제노코,KOSDAQ,14640,13870,13850,15650
101360,에코앤드림,KOSDAQ,7980,7970,7700,8130
000520,삼일제약,KOSPI,6540,6990,6520,6990
000020,동화약품,KOSPI,5070,5070,5020,5130
147830,제룡산업,KOSDAQ,7080,7180,6890,7270
003830,대한화섬,KOSPI,105800,102500,102500,106300
003480,한진중공업홀딩스,KOSPI,4750,4685,4670,4830
405100,큐알티,KOSDAQ,11390,11980,10920,11980
004090,한국석유,KOSPI,11010,11010,10840,11120
102120,어보브반도체,KOSDAQ,7860,8050,7550,8080
088800,에이스테크,KOSDAQ,1850,1876,1765,1921
067280,멀티캠퍼스,KOSDAQ,23550,24050,23550,24100
037350,성도이엔지,KOSDAQ,9160,9710,8880,9730
078070,유비쿼스홀딩스,KOSDAQ,8150,8380,8000,8380
402490,그린리소스,KOSDAQ,8190,8510,7870,8560
118990,모트렉스,KOSDAQ,5640,5630,5430,5650
126640,화신정공,KOSDAQ,3945,4060,3830,4060
023600,삼보판지,KOSDAQ,8610,8540,8450,8660
094280,효성ITX,KOSPI,11920,11940,11910,12100
092220,KEC,KOSPI,3430,3480,3395,3510
217950,파마리서치바이오,KONEX,32900,31850,31100,32900
260970,에스앤디,KOSDAQ,47550,48300,47450,50000
372170,윤성에프앤씨,KOSDAQ,17210,17000,16140,17280
114840,아이패밀리에스씨,KOSDAQ,8230,8350,8200,8600
025820,이구산업,KOSPI,4105,4205,4010,4280
025950,동신건설,KOSDAQ,16320,13800,13500,17190
146320,비씨엔씨,KOSDAQ,10710,11550,10200,11550
069510,에스텍,KOSDAQ,12560,12250,12200,12820
068790,DMS,KOSDAQ,6070,5860,5620,6410
012610,경인양행,KOSPI,3290,3360,3180,3380
015890,태경산업,KOSPI,4680,4665,4605,4795
0007C0,아크릴,KOSDAQ,17000,17180,16200,17480
024060,흥구석유,KOSDAQ,9100,9250,8920,9370
038290,마크로젠,KOSDAQ,12550,12650,12290,12700
357880,SKAI,KOSDAQ,2560,2610,2465,2700
126730,코칩,KOSDAQ,15440,15820,14710,15980
049720,고려신용정보,KOSDAQ,9460,9470,9370,9540
445180,퓨릿,KOSDAQ,7860,7980,7550,8120
001540,안국약품,KOSDAQ,10340,10140,10120,10420
109740,디에스케이,KOSDAQ,5240,5390,5160,5550
005990,매일홀딩스,KOSDAQ,10130,10100,9900,10150
006060,화승인더,KOSPI,2435,2495,2345,2505
293580,나우IB,KOSDAQ,1416,1469,1397,1499
008350,남선알미늄,KOSPI,1037,1060,1013,1060
106190,하이텍팜,KOSDAQ,12570,12540,12300,12670
211270,AP위성,KOSDAQ,8850,8790,8610,9240
013520,화승코퍼레이션,KOSPI,2660,2620,2585,2710
004960,한신공영,KOSPI,11500,10610,10410,11970
469610,이노테크,KOSDAQ,14810,15040,14100,15140
269620,시스웍,KOSDAQ,889,0,0,0
311320,지오엘리먼트,KOSDAQ,10460,11560,10110,11560
0039P0,매드업,KOSDAQ,7030,8150,6860,8200
489500,엘케이켐,KOSDAQ,20600,21100,19960,21500
095190,신화프리텍,KOSDAQ,2015,2010,1972,2100
432720,퀄리타스반도체,KOSDAQ,9250,9250,8900,9670
226590,엠디바이스,KOSDAQ,12220,12330,11830,12700
272550,삼양패키징,KOSPI,8670,8620,8490,8730
081000,일진다이아,KOSPI,9170,9160,9000,9300
474170,루미르,KOSDAQ,7280,7250,7000,7610
012200,계양전기,KOSPI,4750,4990,4650,5060
005160,동국산업,KOSDAQ,2380,2345,2295,2380
004080,신흥,KOSPI,13870,13820,13820,13940
077500,유니퀘스트,KOSPI,5960,6120,5890,6230
149950,아바텍,KOSDAQ,9410,9680,8900,9680
065170,비엘팜텍,KOSDAQ,4595,0,0,0
042600,새로닉스,KOSDAQ,10290,10520,9870,10520
210540,디와이파워,KOSPI,11560,11440,11330,11600
388790,라이콤,KOSDAQ,4165,4360,4020,4360
007540,샘표,KOSPI,44300,43100,43100,44400
214420,토니모리,KOSPI,5290,5340,5250,5530
0017J0,세미티에스,KOSDAQ,4220,4480,4110,4575
086980,쇼박스,KOSDAQ,2030,2020,1991,2067
293780,압타바이오,KOSDAQ,4525,4595,4405,4710
136540,윈스테크넷,KOSDAQ,10350,10350,10320,10580
140670,알에스오토메이션,KOSDAQ,9890,9940,9550,10100
037560,LG헬로비전,KOSPI,1639,1660,1621,1690
264850,이랜시스,KOSDAQ,4190,4280,4070,4345
024090,디씨엠,KOSPI,11110,10850,10850,11210
004150,한솔홀딩스,KOSPI,3080,3080,2995,3085
366030,나인앤컴퍼니,KOSDAQ,5570,5520,5180,5610
036690,코맥스,KOSDAQ,2885,0,0,0
199430,케이엔알시스템,KOSDAQ,11270,10990,10750,11600
365660,레몬헬스케어,KOSDAQ,9400,16560,9370,20300
458650,성우,KOSDAQ,8340,8420,8320,8650
008970,KBI동양철관,KOSPI,1209,1211,1195,1232
003100,선광,KOSDAQ,19000,19060,18800,19290
001360,삼성제약,KOSPI,1331,1364,1300,1371
232680,라온로보틱스,KOSDAQ,9440,9710,9150,10060
002460,HS화성,KOSPI,12330,12000,11800,13000
408920,메쎄이상,KOSDAQ,2890,2925,2845,2960
011280,태림포장,KOSPI,1764,1753,1733,1796
122450,KX,KOSDAQ,2785,2760,2735,2790
285490,노바텍,KOSDAQ,11800,11860,11470,12040
089470,HDC현대EP,KOSPI,3910,3820,3810,3940
259630,엠플러스,KOSDAQ,10200,10200,9820,10300
452450,피아이이,KOSDAQ,3460,3495,3300,3500
091590,남화토건,KOSDAQ,10610,9140,7510,11900
418420,라온텍,KOSDAQ,4040,3955,3670,4090
107590,미원홀딩스,KOSPI,53500,53600,53500,53600
214390,경보제약,KOSPI,5190,5240,5150,5280
240550,동방메디컬,KOSDAQ,5920,5880,5780,6070
020120,키다리스튜디오,KOSPI,3340,3305,3265,3400
297890,HB솔루션,KOSDAQ,1689,1731,1663,1750
473980,노머스,KOSDAQ,11170,10780,10780,11670
350520,이지스레지던스리츠,KOSPI,3350,3380,3330,3395
264660,씨앤지하이테크,KOSDAQ,12660,13300,12510,13350
014280,금강공업,KOSPI,4195,4150,4050,4245
041440,현대에버다임,KOSDAQ,6880,6680,6670,6900
950190,고스트스튜디오,KOSDAQ,9420,8980,8950,9440
339950,아이비김영,KOSDAQ,2725,2685,2685,2750
009070,KCTC,KOSPI,4075,4040,4000,4150
021320,KCC건설,KOSDAQ,5710,5900,5330,5930
083500,에프엔에스테크,KOSDAQ,14700,15050,14100,15100
256940,킵스파마,KOSDAQ,6070,6120,5930,6250
025620,차AI헬스케어,KOSPI,6680,7150,6570,7170
053080,케이엔솔,KOSDAQ,9350,9430,9210,9900
307750,국전,KOSDAQ,2250,2245,2185,2275
073010,케이에스피,KOSDAQ,3020,3005,2920,3150
282880,코윈테크,KOSDAQ,10360,10340,10060,10500
011690,와이투솔루션,KOSPI,3290,3410,3200,3440
090850,현대이지웰,KOSDAQ,5350,5540,5340,5540
079430,현대리바트,KOSPI,5970,5900,5880,6040
321550,티움바이오,KOSDAQ,3990,4250,3900,4250
267320,나인테크,KOSDAQ,2085,2175,2050,2175
067990,도이치모터스,KOSDAQ,4090,4070,4015,4100
078000,텔코웨어,KOSPI,12910,12980,12770,13090
108230,톱텍,KOSDAQ,3125,3040,2870,3250
220260,켐트로스,KOSDAQ,3700,3780,3630,3890
163730,핑거,KOSDAQ,9860,10500,9680,10670
038540,상상인,KOSDAQ,2130,2100,2075,2140
380550,뉴로핏,KOSDAQ,9660,9800,9360,10440
001520,동양,KOSPI,550,0,0,0
009270,신원,KOSPI,1026,1033,997,1039
094840,슈프리마에이치큐,KOSDAQ,12000,12480,11920,12490
017510,세명전기,KOSDAQ,7710,7860,7520,7940
089600,KT나스미디어,KOSDAQ,10160,10000,10000,10200
067900,와이엔텍,KOSDAQ,6450,6390,6300,6500
310200,애니플러스,KOSDAQ,2250,2180,2180,2280
002220,한일철강,KOSPI,4385,4350,4280,4770
142210,유니트론텍,KOSDAQ,5630,6000,5600,6000
001260,남광토건,KOSPI,11880,9350,9220,12000
300080,플리토,KOSDAQ,7070,7120,6910,7400
018470,조일알미늄,KOSPI,921,927,900,942
017550,수산세보틱스,KOSPI,1866,1850,1811,1895
041590,플래스크,KOSDAQ,2370,0,0,0
013990,아가방컴퍼니,KOSDAQ,3520,3415,3400,3560
267290,경동도시가스,KOSPI,19630,19440,19420,19800
047310,파워로직스,KOSDAQ,3160,3200,3045,3250
289080,SV인베스트먼트,KOSDAQ,1914,1960,1868,2040
263860,지니언스,KOSDAQ,12670,12650,12240,13000
093640,케이알엠,KOSDAQ,3500,3300,3250,3550
340450,지씨지놈,KOSDAQ,4860,4785,4665,4860
004250,NPC,KOSPI,3130,3100,3080,3165
488280,에스투더블유,KOSDAQ,10620,10900,10320,11010
027710,팜스토리,KOSDAQ,1029,1029,1010,1037
034590,인천도시가스,KOSPI,26150,25900,25700,26200
308080,바이젠셀,KOSDAQ,5550,5700,5300,5750
070960,모나용평,KOSPI,2360,2410,2330,2410
105330,케이엔더블유,KOSDAQ,7090,7530,6840,7530
095700,제넥신,KOSDAQ,2475,2510,2395,2520
013360,일성건설,KOSPI,2085,1605,1526,2085
012320,경동인베스트,KOSPI,47500,47300,46850,48500
035000,HS애드,KOSPI,6920,7090,6890,7090
008040,사조동아원,KOSPI,793,802,774,850
010100,한국무브넥스,KOSPI,3675,3750,3630,3780
115310,인포바인,KOSDAQ,7000,7070,6640,7070
015590,DKME,KOSPI,2090,2110,2000,2120
005800,신영와코루,KOSPI,12330,12000,11850,12390
051160,지어소프트,KOSDAQ,7170,7140,6980,7170
246710,티앤알바이오팹,KOSDAQ,2325,2410,2275,2450
032940,원익,KOSDAQ,6090,6110,5810,6180
066980,한성크린텍,KOSDAQ,2130,2270,2060,2295
227840,현대코퍼레이션홀딩스,KOSPI,12160,12200,12040,12270
014580,태경비케이,KOSPI,4010,4025,3975,4050
331920,셀레믹스,KOSDAQ,11290,11480,10700,11560
297090,씨에스베어링,KOSDAQ,4055,4140,3970,4265
338220,뷰노,KOSDAQ,7880,7750,7560,7880
080420,모다이노칩,KOSDAQ,1382,1472,1341,1472
019180,티에이치엔,KOSPI,6120,6180,6000,6300
120030,조선선재,KOSPI,87500,87800,85700,88400
148150,세경하이테크,KOSDAQ,3095,3190,3020,3190
166480,코아스템켐온,KOSDAQ,2080,2160,2050,2160
217270,넵튠,KOSDAQ,2350,2350,2315,2400
054050,NH농우바이오,KOSDAQ,6840,6860,6500,6910
011810,STX,KOSPI,3530,0,0,0
016710,대성홀딩스,KOSPI,6800,6740,6700,6820
453450,그리드위즈,KOSDAQ,13770,14480,13540,14520
049520,유아이엘,KOSDAQ,3545,3460,3455,3550
018120,진로발효,KOSDAQ,16490,16450,16450,16520
009780,엠에스씨,KOSDAQ,6200,6200,6040,6230
013570,디와이,KOSPI,4140,3970,3970,4170
047770,코데즈컴바인,KOSDAQ,2875,2870,2800,2930
083420,그린케미칼,KOSPI,4530,4460,4405,4565
035080,그래디언트,KOSDAQ,9510,9260,9220,9530
111710,남화산업,KOSDAQ,5280,4865,4565,5290
039560,다산네트웍스,KOSDAQ,2530,2500,2435,2550
336680,탑런토탈솔루션,KOSDAQ,2770,2755,2700,2780
141000,비아트론,KOSDAQ,8930,8920,8530,9190
014530,극동유화,KOSPI,3100,3095,3070,3135
289930,웨이비스,KOSDAQ,8210,8310,7950,8570
306620,지아이에스,KOSDAQ,2250,2310,2150,2390
073560,우리손에프앤지,KOSDAQ,1552,1513,1495,1552
209640,와이제이링크,KOSDAQ,3775,3930,3680,3995
006620,동구바이오제약,KOSDAQ,3760,3765,3685,3835
063570,NICE인프라,KOSDAQ,3130,3140,3070,3140
052260,현대바이오랜드,KOSDAQ,3560,3550,3465,3575
290720,푸드나무,KOSDAQ,3010,2980,2835,3060
299030,하나기술,KOSDAQ,13330,13690,13030,13870
002390,한독,KOSPI,7740,7410,7410,7810
267850,아시아나IDT,KOSPI,9590,9520,9320,9600
225530,HC보광산업,KOSDAQ,2925,2715,2615,3030
475580,에이럭스,KOSDAQ,7800,7750,7380,7910
187790,나노,KOSDAQ,3440,3440,3355,3675
322510,제이엘케이,KOSDAQ,4120,4230,4070,4295
039340,한국경제TV,KOSDAQ,4810,4830,4770,4830
417010,나노팀,KOSDAQ,5240,5210,4925,5310
131030,옵투스제약,KOSDAQ,5990,6120,5930,6300
035610,솔본,KOSDAQ,3865,3785,3785,3985
016740,두올,KOSPI,3680,3735,3635,3735
321370,센서뷰,KOSDAQ,2040,2000,1940,2150
115500,케이씨에스,KOSDAQ,8770,8800,8490,8980
012800,대창,KOSPI,1154,1165,1137,1183
071280,로체시스템즈,KOSDAQ,6870,7090,6620,7090
417500,제이아이테크,KOSDAQ,3205,3295,3115,3295
123690,한국화장품,KOSPI,6530,6670,6420,6680
002450,삼익악기,KOSPI,1158,1160,1141,1166
264900,크라운제과,KOSPI,8370,8390,8170,8500
002620,제일파마홀딩스,KOSPI,6560,6670,6430,6720
125210,아모그린텍,KOSDAQ,6350,6640,6150,6650
333430,일승,KOSDAQ,3405,3330,3305,3535
010960,삼호개발,KOSPI,4330,3790,3665,4735
027970,한국제지,KOSPI,549,528,526,553
013310,아진산업,KOSDAQ,2690,2655,2600,2730
101170,우림피티에스,KOSDAQ,7710,7810,7540,8090
021820,세원정공,KOSPI,10380,10590,10310,10590
059210,메타바이오메드,KOSDAQ,3820,3725,3710,3855
021080,에이티넘인베스트,KOSDAQ,2160,2180,2110,2220
056090,시지메드텍,KOSDAQ,1004,1047,1004,1057
205100,엑셈,KOSDAQ,1465,1405,1352,1474
053700,삼보모터스,KOSDAQ,3865,3865,3780,3945
235980,메드팩토,KOSDAQ,3010,3180,2940,3275
123040,엠에스오토텍,KOSDAQ,1644,1609,1598,1659
323990,박셀바이오,KOSDAQ,4420,4540,4330,4750
149980,하이로닉,KOSDAQ,4840,4830,4660,4900
037030,파워넷,KOSDAQ,4020,4125,3840,4125
228850,레이언스,KOSDAQ,6170,6180,5930,6180
489460,바이오비쥬,KOSDAQ,6790,6750,6580,7100
156100,엘앤케이바이오,KOSDAQ,4560,4605,4460,4660
009580,무림P&P,KOSPI,1633,1605,1603,1648
248170,샘표식품,KOSPI,22250,22100,22100,22900
309960,LB인베스트먼트,KOSDAQ,4375,4295,4270,4450
158430,아톤,KOSDAQ,4125,4210,4040,4245
041520,이엘씨,KOSDAQ,8280,8300,7960,8310
205500,넥써쓰,KOSDAQ,1574,1655,1532,1655
014790,HL D&I,KOSPI,2665,2635,2620,2710
119650,KC코트렐,KOSPI,918,0,0,0
0011A0,액스비스,KOSDAQ,10750,10370,9610,11000
474610,RF시스템즈,KOSDAQ,6960,6970,6710,7270
007610,선도전기,KOSPI,5530,5440,5200,6270
246720,아스타,KOSDAQ,6070,0,0,0
007210,벽산,KOSPI,1519,1515,1503,1540
104460,디와이피엔에프,KOSDAQ,9400,9380,9180,9400
054540,삼영엠텍,KOSDAQ,7580,7470,7200,7760
051980,중앙첨단소재,KOSDAQ,887,937,880,980
120240,대정화금,KOSDAQ,13670,13720,13530,13790
040300,YTN,KOSDAQ,2060,2050,2005,2095
487580,폴레드,KOSDAQ,3890,3970,3830,4030
100700,세운메디칼,KOSDAQ,2235,2260,2210,2280
078935,GS우,KOSPI,54900,54000,53600,56000
023450,동남합성,KOSPI,27900,28700,27750,29000
419050,삼기에너지솔루션즈,KOSDAQ,1703,1735,1653,1919
362320,청담글로벌,KOSDAQ,4600,4480,4335,4660
066790,씨씨에스,KOSDAQ,1493,0,0,0
052900,KX하이텍,KOSDAQ,1330,1238,1200,1341
198440,강동씨앤엘,KOSDAQ,1590,1640,1480,1769
214680,디알텍,KOSDAQ,1159,1063,1020,1169
096250,와이즈넛,KOSDAQ,7380,7770,7210,8040
068240,다원시스,KOSDAQ,2530,0,0,0
109610,에스와이,KOSDAQ,1970,1970,1952,2030
255440,야스,KOSDAQ,7370,7870,7290,7870
352090,스톰테크,KOSDAQ,3575,3455,3405,3660
136150,원일티엔아이,KOSDAQ,11450,11140,10720,12000
950250,테라뷰,KOSDAQ,2700,2530,2530,2950
263720,디앤씨미디어,KOSDAQ,7700,7500,7500,7970
008700,아남전자,KOSPI,1238,1249,1226,1298
067830,세이브존I&C,KOSPI,2325,2300,2300,2350
229500,노브메타파마,KONEX,7430,7900,7420,8100
37550L,DL이앤씨2우(전환),KOSPI,45000,43800,41600,45000
182360,큐브엔터,KOSDAQ,6100,5910,5880,6890
337930,젝시믹스,KOSDAQ,3195,3240,3150,3240
059120,아진엑스텍,KOSDAQ,5170,5400,5060,5430
265740,엔에프씨,KOSDAQ,5280,5400,5180,5540
307930,컴퍼니케이,KOSDAQ,6040,6200,5940,6230
189330,씨이랩,KOSDAQ,10040,9960,9530,10500
002210,동성제약,KOSPI,973,0,0,0
317770,엑스페릭스,KOSDAQ,2565,2565,2485,2625
212710,아이에스티이,KOSDAQ,9670,9300,9180,9790
475430,키스트론,KOSDAQ,5260,5600,5130,5640
058850,KTcs,KOSPI,2265,2255,2245,2285
049950,미래컴퍼니,KOSDAQ,10630,10640,10200,11080
001275,부국증권우,KOSPI,31150,30500,30500,31400
036010,아비코전자,KOSDAQ,7030,7230,6760,7280
298540,더네이쳐홀딩스,KOSDAQ,6450,6290,6210,6550
047560,이스트소프트,KOSDAQ,7910,7940,7500,8080
053260,금강철강,KOSDAQ,4945,5030,4795,5030
044990,에이치엔에스하이텍,KOSDAQ,12040,12300,11680,12300
33626K,두산퓨얼셀1우,KOSPI,6920,7110,6800,7110
096240,크레버스,KOSDAQ,8600,8580,8410,8600
074430,아미노로직스,KOSDAQ,1050,1073,1030,1073
040420,정상제이엘에스,KOSDAQ,5880,5720,5720,5880
452190,한빛레이저,KOSDAQ,3850,3950,3730,3990
042500,링네트,KOSDAQ,4120,3995,3995,4140
005860,한일사료,KOSDAQ,2330,2315,2255,2355
058630,엠게임,KOSDAQ,4760,4700,4635,4800
086710,선진뷰티사이언스,KOSDAQ,7490,7470,7310,7870
396470,워트,KOSDAQ,5670,5780,5490,5840
221800,지구홀딩스,KOSDAQ,5600,5660,5430,5920
065450,빅텍,KOSDAQ,3095,3020,3000,3110
008830,대동기어,KOSDAQ,10150,10320,9900,10650
032560,황금에스티,KOSPI,5360,5310,5270,5390
322180,LS티라유텍,KOSDAQ,4230,4580,4175,4580
226400,오스테오닉,KOSDAQ,4400,4500,4400,4570
365330,에스와이스틸텍,KOSDAQ,1808,1782,1765,1839
093920,서원인텍,KOSDAQ,4875,4900,4855,4900
008260,NI스틸,KOSPI,3160,3120,3120,3210
014440,영보화학,KOSPI,4515,4515,4450,4545
072020,중앙백신,KOSDAQ,9540,9690,9400,9790
217820,원익피앤이,KOSDAQ,1900,1899,1850,1945
100130,동국S&C,KOSDAQ,1577,1613,1565,1628
009190,대양금속,KOSPI,2045,1865,1861,2180
002700,신일전자,KOSPI,1284,1177,1177,1430
058860,KTis,KOSPI,2580,2545,2545,2615
002230,피에스텍,KOSDAQ,4795,4940,4680,4955
066430,아이로보틱스,KOSDAQ,2290,2370,2200,2390
357230,에이치피오,KOSDAQ,2170,2145,2105,2190
036580,팜스코,KOSPI,2435,2575,2395,2590
088130,동아엘텍,KOSDAQ,5110,5130,4835,5200
004140,동방,KOSPI,1852,1830,1819,1865
004100,태양금속,KOSPI,2420,2455,2360,2460
086960,MDS테크,KOSDAQ,2080,2075,2000,2100
023000,삼원강재,KOSPI,2225,2235,2200,2245
054920,한컴위드,KOSDAQ,3130,3150,3040,3200
389030,지니너스,KOSDAQ,2240,2220,2100,2280
023800,인지컨트롤스,KOSPI,5580,5780,5540,5900
032300,한국파마,KOSDAQ,8060,8100,7980,8300
001290,상상인증권,KOSPI,811,802,770,943
078890,가온그룹,KOSDAQ,4765,4930,4680,4930
282720,금양그린파워,KOSDAQ,7240,7740,7100,7790
023900,풍국주정,KOSDAQ,6950,6930,6830,7000
290740,액트로,KOSDAQ,8700,8790,8330,8940
330730,스톤브릿지벤처스,KOSDAQ,4805,4805,4675,4850
006660,삼성공조,KOSPI,10740,9520,9360,11840
033290,로젠,KOSDAQ,1550,1535,1499,1565
040160,누리플렉스,KOSDAQ,7210,7360,6900,7550
099750,이지케어텍,KOSDAQ,6360,6340,6300,7200
396300,세아메카닉스,KOSDAQ,3275,3225,3160,3380
102370,케이옥션,KOSDAQ,3185,3360,3165,3360
130580,나이스디앤비,KOSDAQ,5630,5470,5410,5630
004650,창해에탄올,KOSDAQ,9390,9380,9360,9540
029480,광무,KOSDAQ,1445,1474,1431,1495
066590,스모트로닉,KOSDAQ,2230,2175,2150,2285
063170,서울옥션,KOSDAQ,4825,4970,4795,5100
092040,아미코젠,KOSDAQ,1213,1327,1104,1349
250060,모비스,KOSDAQ,2655,2695,2580,2735
172670,에이엘티,KOSDAQ,9520,9400,9160,9800
413630,씨피시스템,KOSDAQ,2335,2435,2210,2475
418470,KT밀리의서재,KOSDAQ,9910,9850,9390,10600
036220,오상헬스케어,KOSDAQ,5930,6090,5790,6100
493330,지에프아이,KOSDAQ,10800,11000,10370,11000
004890,동일산업,KOSPI,34850,34650,34000,35000
091440,한울소재과학,KOSDAQ,2530,2495,2440,2645
011370,서한,KOSDAQ,836,860,814,866
049180,셀루메드,KOSDAQ,1009,0,0,0
005740,크라운해태홀딩스,KOSPI,5650,5760,5570,5770
047820,초록뱀미디어,KOSDAQ,3430,3550,3430,3550
192410,오늘이엔엠,KOSDAQ,3330,3370,3210,3390
078140,대봉엘에스,KOSDAQ,7560,7730,7370,7730
183490,엔지켐생명과학,KOSDAQ,990,0,0,0
002600,조흥,KOSPI,139500,139600,139400,139600
412350,레이저쎌,KOSDAQ,5730,4600,4230,5730
085670,뉴프렉스,KOSDAQ,3415,3510,3245,3600
067290,JW신약,KOSDAQ,1493,1680,1480,1705
139990,아주스틸,KOSPI,2155,2265,2095,2265
950130,엑세스바이오,KOSDAQ,2370,2300,2200,2400
052420,오성첨단소재,KOSDAQ,8550,8290,8070,9000
004840,DRB동일,KOSPI,4320,4400,4150,4410
037760,쎄니트,KOSDAQ,2455,2475,2375,2480
038110,에코플라스틱,KOSDAQ,2015,2010,1984,2080
348350,위드텍,KOSDAQ,8310,7970,7700,8370
030960,양지사,KOSDAQ,5180,5340,5130,5540
043610,KT지니뮤직,KOSDAQ,1423,1420,1395,1429
063080,컴투스홀딩스,KOSDAQ,12530,12700,12250,12920
011700,한신기계,KOSPI,2545,2535,2465,2620
223250,드림씨아이에스,KOSDAQ,3355,3350,3250,3380
173130,오파스넷,KOSDAQ,6310,6530,6240,6530
000850,화천기공,KOSPI,37300,34400,33500,37450
302550,리메드,KOSDAQ,2655,2700,2655,2800
000590,CS홀딩스,KOSPI,71000,71500,68600,71900
084670,동양고속,KOSPI,28300,29100,28150,29450
004590,한국가구,KOSDAQ,5460,5400,5270,5460
013700,까뮤이앤씨,KOSPI,1370,1292,1282,1390
026150,특수건설,KOSDAQ,4665,4505,4435,4970
042510,라온시큐어,KOSDAQ,7350,7300,7020,7500
330350,위더스제약,KOSDAQ,6180,6280,6120,6340
009300,삼아제약,KOSDAQ,12800,12880,12600,13140
175250,아이큐어,KOSDAQ,2170,0,0,0
053580,웹케시,KOSDAQ,6290,6500,6250,6500
215100,로보로보,KOSDAQ,4000,4020,3865,4075
007980,TP,KOSPI,1733,1715,1700,1755
019540,일지테크,KOSDAQ,6010,5840,5730,6110
451220,아이엠티,KOSDAQ,10310,10950,10030,11150
412540,제일엠앤에스,KOSDAQ,3935,0,0,0
017370,우신시스템,KOSPI,4420,4400,4220,4535
234030,싸이닉솔루션,KOSDAQ,3420,3460,3375,3570
069730,DSR제강,KOSPI,5600,5700,5470,5800
307870,비투엔,KOSDAQ,1085,1090,1010,1109
003580,HLB글로벌,KOSPI,1590,1567,1554,1610
000440,중앙에너비스,KOSDAQ,12890,13300,12760,13350
019680,대교,KOSPI,947,936,907,950
382840,원준,KOSDAQ,5250,5450,5090,5450
163560,동일고무벨트,KOSPI,5750,5710,5610,5830
0117P0,피스피스스튜디오,KOSDAQ,5640,5340,5110,5960
001470,삼부토건,KOSPI,347,0,0,0
303810,동국생명과학,KOSDAQ,2490,2465,2465,2540
475230,엔알비,KOSDAQ,7300,7600,6870,7800
456070,이엔셀,KOSDAQ,7200,7360,7040,7670
0004V0,엔비알모션,KOSDAQ,7210,7300,6910,7400
054670,대한뉴팜,KOSDAQ,5530,5450,5450,5580
065510,휴비츠,KOSDAQ,7290,7250,7160,7310
107600,새빗켐,KOSDAQ,14050,14400,13610,14400
109070,주성코퍼레이션,KOSPI,1495,1527,1462,1613
024880,케이피에프,KOSDAQ,3900,3895,3780,3955
320000,한울반도체,KOSDAQ,11780,12530,11650,12840
101330,모베이스,KOSDAQ,3390,3400,3280,3435
115440,우리넷,KOSDAQ,7260,7280,7040,7400
052860,아이앤씨,KOSDAQ,4385,4475,4090,4560
381620,제닉스로보틱스,KOSDAQ,5970,6040,5840,6160
179900,유티아이,KOSDAQ,3950,4635,3700,4635
067370,선바이오,KOSDAQ,6400,6640,6300,6700
017650,대림제지,KOSDAQ,8880,8670,8600,8930
054040,한국컴퓨터,KOSDAQ,4845,4815,4745,4845
024830,세원물산,KOSDAQ,9320,9470,8950,9470
396270,넥스트칩,KOSDAQ,2365,2495,2250,2495
360070,탑머티리얼,KOSDAQ,9490,9880,9110,9890
451250,삐아,KOSDAQ,7580,7890,7530,7890
013870,지엠비코리아,KOSPI,4060,3950,3950,4090
363280,티와이홀딩스,KOSPI,1701,1696,1686,1730
263800,데이타솔루션,KOSDAQ,4765,4715,4625,4800
019550,SBI인베스트먼트,KOSDAQ,954,933,927,958
067570,엔브이에이치코리아,KOSDAQ,1831,1822,1802,1875
054620,APS,KOSDAQ,4195,4350,4000,4350
006840,AK홀딩스,KOSPI,5820,5900,5780,5960
331740,아우토크립트,KOSDAQ,7900,7940,7520,8010
007590,동방아그로,KOSPI,5650,5640,5610,5660
129920,대성하이텍,KOSDAQ,4735,5050,4700,5140
009180,한솔로지스틱스,KOSPI,2730,2775,2725,2795
111380,동인기연,KOSPI,12540,12750,12100,12750
002200,한국수출포장,KOSPI,2290,2300,2215,2300
004440,삼일씨엔에스,KOSPI,6020,5950,5600,6360
131370,알서포트,KOSDAQ,1435,1414,1401,1435
357580,아모센스,KOSDAQ,6480,7010,6310,7110
012700,리드코프,KOSDAQ,2915,2835,2835,2960
234300,에스트래픽,KOSDAQ,2805,2805,2780,2875
238090,앤디포스,KOSDAQ,2500,2700,2500,2700
067000,조이시티,KOSDAQ,1090,1076,1035,1105
083790,CG인바이츠,KOSDAQ,990,991,935,1020
046940,우원개발,KOSDAQ,4210,4040,3825,4820
214260,라파스,KOSDAQ,8520,8230,8230,9050
228340,동양파일,KOSDAQ,3800,3380,3165,3950
014160,대영포장,KOSPI,698,684,672,700
0015N0,아로마티카,KOSDAQ,6010,5990,5890,6780
094860,네오리진,KOSDAQ,1423,1404,1379,1430
036640,HRS,KOSDAQ,4620,4605,4560,4665
900260,로스웰,KOSDAQ,1638,1640,1621,1664
265560,영화테크,KOSDAQ,7050,7220,6990,7220
053280,예스24,KOSDAQ,3010,2995,2980,3070
061040,알에프텍,KOSDAQ,8280,8400,8140,8490
0015S0,페스카로,KOSDAQ,7590,7530,7360,7900
170030,현대공업,KOSDAQ,4880,4885,4795,4935
006090,사조오양,KOSPI,7940,7850,7800,8000
048530,인트론바이오,KOSDAQ,2420,2420,2340,2475
066700,테라젠이텍스,KOSDAQ,2010,2055,1981,2090
063160,종근당바이오,KOSPI,13610,13610,12970,13800
208140,정다운,KOSDAQ,2280,2275,2240,2300
251120,바이오에프디엔씨,KOSDAQ,8560,8650,8440,8860
060590,씨티씨바이오,KOSDAQ,3075,3075,2990,3100
017480,삼현철강,KOSDAQ,4795,4795,4670,4825
011320,유니크,KOSDAQ,3825,3795,3705,3855
044340,위닉스,KOSDAQ,4130,3590,3590,4650
040910,아이씨디,KOSDAQ,4060,4105,3820,4105
171120,라이온켐텍,KOSDAQ,2055,2040,2025,2075
001020,페이퍼코리아,KOSPI,2070,2270,1987,2270
079650,서산,KOSDAQ,3675,3335,3120,3980
000230,일동홀딩스,KOSPI,6360,6380,6240,6480
045970,코아시아,KOSDAQ,2785,2900,2670,2900
067170,오텍,KOSDAQ,2705,2500,2385,2970
347890,엠엑스온,KOSDAQ,4315,4340,4165,4340
020710,시공테크,KOSDAQ,3645,3550,3520,3705
323350,다원넥스뷰,KOSDAQ,9120,9220,8800,9650
005750,대림바스,KOSPI,4400,4295,4225,4450
162300,신스틸,KOSDAQ,1758,1817,1731,1830
124560,태웅로직스,KOSDAQ,1876,1851,1826,1900
338100,NH프라임리츠,KOSPI,3890,3825,3820,3990
382480,지아이텍,KOSDAQ,1840,1785,1754,1840
011150,CJ씨푸드,KOSPI,2015,1996,1986,2020
110790,크리스에프앤씨,KOSDAQ,3085,2985,2945,3130
155660,DSR,KOSPI,4510,4565,4475,4630
058400,KNN,KOSDAQ,544,0,0,0
096775,SK이노베이션우,KOSPI,57600,56900,56700,58000
234920,자이글,KOSDAQ,5310,0,0,0
208370,셀바스헬스케어,KOSDAQ,2790,2755,2720,2870
228670,레이,KOSDAQ,4585,4775,4460,4775
004720,팜젠사이언스,KOSPI,3165,3135,2980,3230
033130,디지틀조선,KOSDAQ,1931,1891,1871,1986
203400,에이비온,KOSDAQ,795,711,711,900
088390,이녹스,KOSDAQ,7630,7710,7490,7790
007110,일신석재,KOSPI,924,930,895,937
122350,삼기,KOSDAQ,1866,1720,1510,2200
090470,제이스로보틱스,KOSDAQ,4075,4415,4075,4415
002720,국제약품,KOSPI,3365,3380,3330,3440
389140,포바이포,KOSDAQ,4970,5130,4885,5190
217330,싸이토젠,KOSDAQ,3055,3040,3005,3215
217190,제너셈,KOSDAQ,5370,5470,5280,5710
000105,유한양행우,KOSPI,59800,60000,58000,61400
417970,모델솔루션,KOSDAQ,11040,11350,10810,11700
443670,에스피소프트,KOSDAQ,2935,3000,2820,3005
142280,녹십자엠에스,KOSDAQ,2940,2975,2870,3025
058730,다스코,KOSPI,3530,3465,3230,3700
290660,다이나믹솔루션,KOSDAQ,1643,1678,1551,1700
388870,파로스아이바이오,KOSDAQ,5430,5240,5100,5650
332370,아이디피,KOSDAQ,5290,5210,5190,5320
126880,제이엔케이글로벌,KOSDAQ,3020,3040,2965,3045
041930,SY동아,KOSDAQ,4605,4610,4515,4675
000180,성창기업지주,KOSPI,5010,4950,4865,5120
288180,케이피항공산업,KOSDAQ,9450,8980,8930,9970
061250,화일약품,KOSDAQ,8300,8580,8150,8590
105740,디케이락,KOSDAQ,6860,6960,6730,6980
348150,고바이오랩,KOSDAQ,3590,3325,3270,3590
039010,현대에이치티,KOSDAQ,8080,7800,7400,8180
413390,엠오티,KOSDAQ,6010,5990,5840,6050
073640,테라사이언스,KOSDAQ,654,0,0,0
478560,블랙야크아이앤씨,KOSDAQ,2690,2700,2645,2715
128660,피제이메탈,KOSDAQ,2800,2810,2725,2835
066310,큐에스아이,KOSDAQ,7480,7620,7310,7820
062970,한국첨단소재,KOSDAQ,1214,1299,1160,1300
196490,디에이테크놀로지,KOSDAQ,6090,0,0,0
095720,웅진씽크빅,KOSPI,1216,1219,1208,1232
053350,이니텍,KOSDAQ,3135,3100,3075,3195
032850,비트컴퓨터,KOSDAQ,4150,4220,4100,4220
261780,아리바이오랩,KOSDAQ,2560,2610,2495,2640
417790,트루엔,KOSDAQ,6580,6480,6480,6630
100220,비상교육,KOSPI,5290,5330,5150,5365
032540,TJ미디어,KOSDAQ,3285,3505,3235,3505
024740,한일단조,KOSDAQ,2080,2090,2035,2125
041460,한국전자인증,KOSDAQ,3595,3685,3595,3750
041910,폴라리스AI파마,KOSDAQ,5140,4915,4885,5280
080010,이상네트웍스,KOSDAQ,6940,7100,6930,7100
373200,엑스플러스,KOSDAQ,2710,2630,2630,2805
294630,서남,KOSDAQ,2570,2690,2550,2770
010040,한국내화,KOSPI,1650,1628,1596,1689
014970,삼륭물산,KOSDAQ,4570,4595,4460,4685
001560,제일연마,KOSPI,8900,8820,8750,9000
048430,유라테크,KOSDAQ,5870,5730,5720,5880
443250,레뷰코퍼레이션,KOSDAQ,6250,6350,6150,6350
464490,쿼드메디슨,KOSDAQ,5880,5770,5460,6100
009770,삼정펄프,KOSPI,27000,27050,26300,27200
007680,대원,KOSDAQ,5100,4280,4200,5100
091120,이엠텍,KOSDAQ,3935,3860,3850,4010
153710,옵티팜,KOSDAQ,4595,4500,4300,4720
084730,팅크웨어,KOSDAQ,6060,6270,6050,6270
070300,엑스큐어,KOSDAQ,1895,2020,1725,2100
046210,HLB파나진,KOSDAQ,1478,1480,1420,1518
347000,센코,KOSDAQ,1775,1756,1740,1800
059270,해성에어로보틱스,KOSDAQ,6010,6100,5750,6140
131400,이브이첨단소재,KOSDAQ,1126,1183,1102,1188
043650,국순당,KOSDAQ,3755,3790,3640,3930
432470,케이엔에스,KOSDAQ,7640,8010,7400,8010
081150,티플랙스,KOSDAQ,2760,2700,2680,2855
201490,미투온,KOSDAQ,2045,1982,1969,2065
006140,피제이전자,KOSDAQ,4500,4495,4420,4545
277880,티에스아이,KOSDAQ,3365,3365,3250,3390
002795,아모레퍼시픽홀딩스우,KOSPI,10450,10470,10450,10760
457370,한켐,KOSDAQ,8270,8550,8030,8620
072130,유엔젤,KOSPI,5250,5460,5250,5590
060570,드림어스컴퍼니,KOSDAQ,898,911,880,960
109860,동일금속,KOSDAQ,7300,7460,7300,7460
241690,유니테크노,KOSDAQ,2705,2780,2665,2780
016090,대현,KOSPI,1493,1485,1476,1500
002800,신신제약,KOSDAQ,4355,4340,4280,4490
0007J0,인벤테라,KOSDAQ,8380,8300,8080,8500
120115,코오롱인더우,KOSPI,23800,23900,23200,24000
424960,스마트레이더시스템,KOSDAQ,3995,4095,3930,4140
377480,마음AI,KOSDAQ,9260,9420,8960,9580
006890,태경케미컬,KOSPI,5660,5590,5490,5780
039980,폴라리스AI,KOSDAQ,4560,4595,4370,4685
038460,바이오스마트,KOSDAQ,2590,2615,2560,2645
018500,동원금속,KOSPI,1400,1440,1383,1440
137080,나래나노텍,KOSDAQ,5910,5960,5710,6020
123420,위메이드플레이,KOSDAQ,6260,6850,6200,7000
036000,예림당,KOSDAQ,2825,2820,2785,2845
011230,삼화전자,KOSPI,3395,3850,3325,4320
079810,APS이노베이션,KOSDAQ,3020,3030,2905,3100
045660,에이텍,KOSDAQ,7870,7820,7800,8030
010240,흥국,KOSDAQ,5550,5540,5420,5550
005870,휴니드,KOSPI,4600,4615,4465,4680
055490,테이팩스,KOSPI,13550,13800,13140,13850
085310,엔케이,KOSPI,8730,8570,8420,8980
003925,남양유업우,KOSPI,32300,33500,31700,33500
079980,휴비스,KOSPI,1870,1850,1828,1920
222110,팬젠,KOSDAQ,4770,4830,4550,4895
094850,참좋은여행,KOSDAQ,4590,4575,4525,4710
453860,에이에스텍,KOSDAQ,9960,9830,9500,9960
043710,코스리거글로벌,KOSDAQ,3695,3530,3530,3700
033560,블루콤,KOSDAQ,3740,3605,3560,3740
204840,지엘팜텍,KOSDAQ,823,824,802,869
068290,삼성출판사,KOSPI,6380,6400,6300,6510
187420,HLB제넥스,KOSDAQ,1950,2005,1890,2005
408470,한패스,KOSDAQ,6010,5990,5930,6350
347860,알체라,KOSDAQ,1502,1526,1455,1600
016250,SGC E&C,KOSDAQ,12540,12900,12150,12900
036630,세종텔레콤,KOSDAQ,6310,6200,6200,6550
411080,샌즈랩,KOSDAQ,4130,4195,4095,4550
012790,신일제약,KOSDAQ,5260,5270,5230,5370
253840,수젠텍,KOSDAQ,3750,3790,3700,3870
038680,에스넷,KOSDAQ,3150,3180,3045,3185
100590,머큐리,KOSDAQ,3655,3745,3545,3790
302430,이노메트리,KOSDAQ,6370,6450,6160,6460
001840,이화공영,KOSDAQ,2215,0,0,0
031820,아이티센씨티에스,KOSPI,5150,5250,5080,5270
216050,인크로스,KOSDAQ,5110,5140,5090,5190
439580,블루엠텍,KOSDAQ,1841,1887,1802,1891
294090,이오플로우,KOSDAQ,1490,0,0,0
010660,화천기계,KOSPI,2825,2820,2725,2835
060310,3S,KOSDAQ,1171,1175,1162,1240
014470,부방,KOSDAQ,1033,1012,1004,1043
072950,빛샘전자,KOSDAQ,7700,8120,7440,8130
460940,피앤에스로보틱스,KOSDAQ,4605,4615,4470,4700
140070,서플러스글로벌,KOSDAQ,1674,1645,1610,1684
039020,이건홀딩스,KOSDAQ,2740,2630,2630,2785
089850,유비벨록스,KOSDAQ,4200,4180,4020,4215
004780,대륙제관,KOSDAQ,3880,3900,3810,3920
096350,대창솔루션,KOSDAQ,1674,1652,1637,1712
071090,하이스틸,KOSPI,3055,3045,2965,3135
396690,미래에셋글로벌리츠,KOSPI,1556,1550,1530,1559
082210,옵트론텍,KOSDAQ,1760,1523,1523,1919
370090,퓨런티어,KOSDAQ,7190,7130,6920,7300
286750,나노실리칸첨단소재,KOSDAQ,1920,1896,1830,1970
010280,아이티센엔텍,KOSDAQ,4715,4755,4565,4850
003780,진양산업,KOSPI,4710,4670,4575,4725
250030,진코스텍,KONEX,21150,20000,20000,24000
117670,알파칩스,KOSDAQ,9170,9960,8980,10120
076610,해성옵틱스,KOSDAQ,1031,1058,1001,1077
101140,인바이오젠,KOSPI,6080,5550,5250,6090
005670,푸드웰,KOSDAQ,6100,6080,6000,6110
039420,케이엘넷,KOSDAQ,2655,2630,2625,2670
049550,잉크테크,KOSDAQ,3095,3015,3015,3140
168330,내츄럴엔도텍,KOSDAQ,1900,1860,1800,1900
036090,위지트,KOSDAQ,1415,1420,1331,1499
448710,코츠테크놀로지,KOSDAQ,11390,11230,11010,11770
111110,호전실업,KOSPI,6640,6620,6490,6710
476040,오가노이드사이언스,KOSDAQ,9130,9390,8900,9480
214270,FSN,KOSDAQ,1323,1330,1294,1349
000220,유유제약,KOSPI,3800,3800,3740,3820
048910,대원미디어,KOSDAQ,4755,4710,4665,4800
463020,뉴엔AI,KOSDAQ,6730,6970,6610,7230
001210,금호전기,KOSPI,963,743,671,963
185490,아이진,KOSDAQ,1378,1372,1335,1400
088910,동우팜투테이블,KOSDAQ,2295,2275,2250,2340
014910,성문전자,KOSPI,2710,3070,2610,3070
273640,와이엠텍,KOSDAQ,5400,5420,5360,5610
082850,우리바이오,KOSDAQ,1222,1111,1106,1440
129260,인터지스,KOSPI,1986,1985,1969,2005
333620,엔시스,KOSDAQ,5370,5540,5310,5540
007820,엠엑스로보틱스,KOSDAQ,2945,2910,2850,3020
036670,삼양케이씨아이,KOSDAQ,5230,5240,5190,5310
225190,LK삼양,KOSDAQ,835,859,817,886
009200,무림페이퍼,KOSPI,1414,1404,1378,1420
004770,써니전자,KOSPI,1656,1664,1620,1674
049480,오픈베이스,KOSDAQ,1871,1872,1831,1897
007460,에이프로젠,KOSPI,2490,2460,2415,2630
137950,제이씨케미칼,KOSDAQ,2630,2670,2580,2720
246960,SCL사이언스,KOSDAQ,1721,1748,1696,1748
024900,디와이덕양,KOSPI,1797,1798,1770,1814
039610,화성밸브,KOSDAQ,5620,5900,5540,5900
205470,휴마시스,KOSDAQ,2365,2305,2280,2380
446840,지슨,KOSDAQ,1059,0,0,0
007280,한국특강,KOSPI,2035,2085,2005,2090
008370,원풍,KOSDAQ,4855,4800,4800,4865
104620,노랑풍선,KOSDAQ,3465,3425,3370,3550
099520,DGI,KOSDAQ,1284,0,0,0
215360,우리산업,KOSDAQ,6340,6380,6150,6380
175140,휴먼테크놀로지,KOSDAQ,2315,2510,2290,2520
042110,에스씨디,KOSDAQ,1194,1197,1171,1360
459100,위츠,KOSDAQ,4285,4290,4155,4380
311690,CJ 바이오사이언스,KOSDAQ,4410,4645,4300,4800
950200,소마젠,KOSDAQ,2995,3040,2935,3095
089230,THE E&M,KOSDAQ,1499,1620,1433,1663
010470,오리콤,KOSDAQ,4790,4735,4730,4890
003310,대주산업,KOSDAQ,1618,1626,1605,1655
010770,평화홀딩스,KOSPI,3910,3900,3812,3940
025550,한국선재,KOSDAQ,2240,2265,2220,2300
003010,혜인,KOSPI,4495,4585,4435,4595
318160,셀바이오휴먼텍,KOSDAQ,6110,6060,5940,6250
040610,SG&G,KOSDAQ,3345,3285,3145,3345
263690,디알젬,KOSDAQ,5020,5030,4935,5030
004450,삼화왕관,KOSPI,26350,26550,25200,26550
191420,테고사이언스,KOSDAQ,7000,7340,6940,7590
053620,태양,KOSDAQ,6600,6600,6560,6600
251630,브이원텍,KOSDAQ,3560,3710,3465,3710
136410,아셈스,KOSDAQ,5150,5220,5030,5220
299170,더블유에스아이,KOSDAQ,1365,1420,1319,1420
075180,새론오토모티브,KOSPI,2945,3020,2880,3020
378850,화승알앤에이,KOSPI,2970,2915,2870,2975
007815,코리아써우,KOSPI,19000,19320,18900,19320
092440,기신정기,KOSPI,1925,1897,1890,1926
045340,토탈소프트,KOSDAQ,6520,6190,6180,6630
155650,와이엠씨,KOSDAQ,2935,2950,2850,2950
179530,애드바이오텍,KOSDAQ,2065,2085,1951,2115
054300,팬스타엔터프라이즈,KOSDAQ,961,989,912,989
001550,조비,KOSPI,10700,10590,10350,10790
340930,성원에너텍,KOSDAQ,806,0,0,0
053050,지에스이,KOSDAQ,1851,1820,1808,1957
027050,코리아나,KOSDAQ,1384,1365,1341,1407
003475,유안타증권우,KOSPI,4320,4275,4260,4400
456570,아이엠지티,KONEX,10510,11000,10510,11000
039240,경남스틸,KOSDAQ,2045,2045,2020,2085
303360,프로티아,KOSDAQ,4280,3965,3965,4280
006880,신송홀딩스,KOSPI,4655,4560,4430,4655
317830,에스피시스템스,KOSDAQ,5110,5020,4900,5110
101670,하이드로리튬,KOSDAQ,969,1040,953,1041
067920,이글루,KOSDAQ,5000,5010,4880,5010
033310,엠투엔,KOSDAQ,1375,1369,1344,1377
463480,모티브링크,KOSDAQ,4430,4610,4330,4625
263600,덕우전자,KOSDAQ,3445,3465,3325,3560
007370,진양제약,KOSDAQ,3875,3750,3750,3875
217480,에스디생명공학,KOSDAQ,499,0,0,0
053160,프리엠스,KOSDAQ,9120,8990,8900,9150
002760,보락,KOSPI,912,880,858,936
35320K,대덕전자1우,KOSPI,26050,27750,25750,27750
037440,희림,KOSDAQ,3910,3880,3810,4175
000725,현대건설우,KOSPI,51600,51500,50400,52800
033320,제이씨현시스템,KOSDAQ,2845,2805,2790,2930
291650,압타머사이언스,KOSDAQ,890,814,792,902
100030,인지소프트,KOSDAQ,16540,17300,16310,17300
002630,오리엔트바이오,KOSPI,916,889,880,927
024910,경창산업,KOSDAQ,1516,1487,1460,1544
036120,서울평가정보,KOSDAQ,1545,1549,1539,1572
064240,홈캐스트,KOSDAQ,1563,1593,1525,1600
050960,수산아이앤티,KOSDAQ,8030,7610,7610,8110
003465,유화증권우,KOSPI,3100,3100,3090,3110
097800,윈팩,KOSDAQ,1983,2085,1980,2120
060560,HC홈센타,KOSDAQ,2130,2130,1985,2175
123010,알엔티엑스,KOSDAQ,1554,0,0,0
012690,모나리자,KOSPI,1477,1418,1413,1523
081180,쎄크,KOSDAQ,6120,5610,5560,6170
145170,노브랜드,KOSDAQ,3190,3155,3065,3305
099220,SDN,KOSDAQ,830,845,815,856
384470,코어라인소프트,KOSDAQ,3000,3000,2850,3010
071670,에이테크솔루션,KOSDAQ,5370,5480,5250,5530
092300,현우산업,KOSDAQ,2665,2715,2580,2715
064800,포니링크,KOSDAQ,2100,2120,2050,2225
104540,코렌텍,KOSDAQ,3995,4005,3925,4045
033340,좋은사람들,KOSDAQ,552,570,540,580
180060,탑선,KONEX,5720,5800,5400,6000
214330,금호에이치티,KOSPI,2555,0,0,0
004540,깨끗한나라,KOSPI,1434,1371,1371,1437
038010,제일테크노스,KOSDAQ,5930,6010,5910,6120
005305,롯데칠성우,KOSPI,68800,68900,67700,68900
452400,이닉스,KOSDAQ,5870,5760,5550,5890
347740,피엔케이피부임상연구센타,KOSDAQ,1773,1710,1710,1783
002410,범양건영,KOSPI,1935,0,0,0
270520,앱튼,KOSDAQ,2700,2530,2505,2975
004830,덕성,KOSPI,3385,3395,3300,3425
065530,와이어블,KOSDAQ,1102,1135,1084,1135
037950,엘컴텍,KOSDAQ,3120,3080,3000,3135
027830,대성창투,KOSDAQ,975,986,950,986
317850,대모,KOSDAQ,6320,6340,6200,6490
260930,씨티케이,KOSDAQ,2720,2585,2490,2725
0013V0,삼진식품,KOSDAQ,5300,5260,5150,5390
054930,유신,KOSDAQ,17520,17610,17140,17790
192250,케이사인,KOSDAQ,7400,7390,7300,7600
004060,SG세계물산,KOSPI,2580,2520,2485,2580
163280,에어레인,KOSDAQ,3835,3775,3775,3910
033230,인성정보,KOSDAQ,1031,1050,1023,1068
025530,SJM홀딩스,KOSPI,3480,3435,3435,3500
095270,웨이브일렉트로,KOSDAQ,3615,3640,3540,3985
042940,상지건설,KOSDAQ,7600,7320,6890,8300
331380,포커스에이아이,KOSDAQ,1419,1449,1317,1565
063440,SM Life Design,KOSDAQ,1144,1134,1113,1149
056360,코위버,KOSDAQ,5290,5390,5110,5480
026940,부국철강,KOSPI,2590,2395,2335,2605
134580,탑코미디어,KOSDAQ,1050,1017,1000,1087
006980,우성,KOSPI,16730,16480,16290,16940
057540,옴니시스템,KOSDAQ,870,872,847,894
278650,HLB바이오스텝,KOSDAQ,2960,2895,2895,3085
096610,알에프세미,KOSDAQ,2965,0,0,0
123700,SJM,KOSPI,3300,3280,3230,3300
435570,에르코스,KOSDAQ,6760,6830,6440,6940
019990,에너토크,KOSDAQ,5260,5460,5200,5600
001620,케이비아이동국실업,KOSPI,2300,2325,2290,2370
391710,코닉오토메이션,KOSDAQ,1201,1209,1132,1209
020760,일진디스플,KOSPI,902,0,0,0
000890,보해양조,KOSPI,1845,1778,1759,2000
053450,세코닉스,KOSDAQ,3440,3405,3365,3475
048770,TPC로보틱스,KOSDAQ,3240,3265,3105,3315
241790,티이엠씨씨엔에스,KOSDAQ,5080,5050,4900,5180
471820,셀로맥스사이언스,KOSDAQ,4495,4500,4485,4635
321260,프로이천,KOSDAQ,1801,1880,1750,1890
001465,BYC우,KOSPI,23550,23600,23250,24300
053270,구영테크,KOSDAQ,1845,1880,1824,1880
393970,대진첨단소재,KOSDAQ,2825,0,0,0
461030,아이엠비디엑스,KOSDAQ,3510,3405,3370,3625
052790,액토즈소프트,KOSDAQ,4590,4620,4465,4625
294140,레몬,KOSDAQ,2225,2325,2160,2350
170790,파이오링크,KOSDAQ,7770,7720,7640,7780
256630,포인트엔지니어링,KOSDAQ,4265,4330,4105,4470
314140,알피바이오,KOSDAQ,5700,5500,5440,5710
023810,인팩,KOSPI,4920,5050,4810,5130
122310,제노레이,KOSDAQ,3380,3410,3330,3450
021050,서원,KOSPI,1033,1019,1011,1055
015710,코콤,KOSDAQ,2795,2740,2705,2800
004920,씨아이테크,KOSPI,938,941,910,950
262260,에이프로,KOSDAQ,3245,3265,3085,3350
033540,파라텍,KOSDAQ,936,959,931,976
053980,오상자이엘,KOSDAQ,2570,2570,2545,2600
084650,랩지노믹스,KOSDAQ,654,693,644,719
011000,진원생명과학,KOSPI,534,0,0,0
014950,삼익제약,KOSDAQ,4840,5320,4790,5340
317690,퀀타매트릭스,KOSDAQ,2400,2535,2390,2585
109080,옵티시스,KOSDAQ,8560,8780,8370,8780
420570,제이투케이바이오,KOSDAQ,8230,8290,7580,8300
065130,탑엔지니어링,KOSDAQ,2995,3045,2850,3045
000950,전방,KOSPI,28500,26650,26150,28950
37550K,DL이앤씨우,KOSPI,22650,22050,22050,22850
372910,한컴라이프케어,KOSPI,1729,1735,1705,1776
082660,코스나인,KOSDAQ,480,0,0,0
352910,오비고,KOSDAQ,3775,3915,3765,4095
088280,쏘닉스,KOSDAQ,2755,2735,2605,2830
023350,한국종합기술,KOSPI,4350,4270,4240,4420
418250,시큐레터,KOSDAQ,6550,0,0,0
011390,부산산업,KOSPI,45100,48750,44900,48750
357250,미래에셋맵스리츠,KOSPI,1900,1835,1835,1930
199550,레이저옵텍,KOSDAQ,3195,3305,3170,3345
479960,위너스일렉,KOSDAQ,6650,6610,6500,6690
198080,캐프,KOSDAQ,2200,2165,2155,2235
009835,한화솔루션우,KOSPI,18380,18400,17590,19050
006125,SK디스커버리우,KOSPI,38350,37550,37550,38500
452200,민테크,KOSDAQ,1938,2320,1802,2495
376290,씨유테크,KOSDAQ,2670,2585,2585,2670
072990,에이치시티,KOSDAQ,3250,3295,3195,3295
066670,디티씨,KOSDAQ,2520,2435,2405,2525
238120,얼라인드,KOSDAQ,3270,3350,3220,3450
178780,일월지엠엘,KOSDAQ,2520,2345,2345,2560
023440,제이스코홀딩스,KOSDAQ,521,0,0,0
041650,상신브레이크,KOSPI,2185,2165,2115,2230
051390,YW,KOSDAQ,4130,4105,4100,4180
440290,HB인베스트먼트,KOSDAQ,1700,1770,1700,1789
090080,평화산업,KOSPI,851,871,826,871
004910,조광페인트,KOSPI,3645,3650,3560,3690
950220,네오이뮨텍,KOSDAQ,1361,1327,1292,1375
189980,흥국에프엔비,KOSDAQ,1160,1129,1128,1169
094940,푸른로보틱스,KOSDAQ,5560,5730,5400,5740
099410,동방선기,KOSDAQ,3315,3310,3235,3440
069460,대호에이엘,KOSPI,2660,0,0,0
052460,아이크래프트,KOSDAQ,3170,2870,2870,3465
317530,에피소드컴퍼니,KOSDAQ,2640,2820,2540,2820
419080,엔젯,KOSDAQ,4260,4200,4010,4480
480370,씨케이솔루션,KOSPI,1419,1389,1360,1441
189690,포시에스,KOSDAQ,1686,1688,1650,1706
222420,쎄노텍,KOSDAQ,949,965,904,975
460870,에스엠씨지,KOSDAQ,2285,2330,2240,2390
006490,프리티,KOSPI,310,0,0,0
315640,딥노이드,KOSDAQ,1560,1503,1503,1583
217500,러셀,KOSDAQ,1440,1435,1390,1499
072470,우리산업홀딩스,KOSDAQ,2425,2430,2415,2470
073110,엘엠에스,KOSDAQ,5140,5180,5130,5270
089790,제이티,KOSDAQ,4430,4510,4270,4520
092780,DYP,KOSPI,3465,3580,3405,3680
276730,한울앤제주,KOSDAQ,19950,20950,19650,20950
009320,아진전자부품,KOSPI,920,979,913,979
008420,문배철강,KOSPI,2210,2165,2140,2250
460470,아이빔테크놀로지,KOSDAQ,2995,3105,2910,3150
094970,제이엠티,KOSDAQ,2695,2815,2670,2815
005030,부산주공,KOSPI,486,0,0,0
143540,영우디에스피,KOSDAQ,1009,1051,993,1060
104040,디에스엠,KOSDAQ,1678,1640,1603,1725
052220,iMBC,KOSDAQ,1955,1955,1939,2055
074610,이엔플러스,KOSPI,5110,0,0,0
007530,와이엠,KOSDAQ,2010,1949,1922,2030
003080,SB성보,KOSPI,2230,2210,2195,2255
382150,온코크로스,KOSDAQ,3660,3785,3620,3845
002920,유성기업,KOSPI,1719,1718,1704,1721
28513K,SK케미칼우,KOSPI,21050,20650,20400,21100
147760,피엠티,KOSDAQ,4105,4450,4080,4690
068330,일신바이오,KOSDAQ,1002,1000,988,1037
263700,케어랩스,KOSDAQ,2280,2525,2250,2525
373160,데이원컴퍼니,KOSDAQ,3205,3270,3190,3270
014190,원익큐브,KOSDAQ,1250,1242,1200,1270
288330,파라택시스코리아,KOSDAQ,416,0,0,0
196450,코아시아씨엠,KOSDAQ,973,950,944,1023
056700,신화인터텍,KOSDAQ,1513,1535,1487,1535
200580,메디쎄이,KONEX,11800,11840,11240,11840
037330,인지디스플레,KOSDAQ,996,1000,983,1025
159580,제로투세븐,KOSDAQ,2180,2185,2160,2215
207760,미스터블루,KOSDAQ,525,441,441,570
413640,비아이매트릭스,KOSDAQ,6050,6090,5820,6090
012280,영화금속,KOSPI,880,852,845,881
066130,하츠,KOSDAQ,3400,3295,3295,3410
177900,쓰리에이로직스,KOSDAQ,4520,4680,4355,4680
190650,코리아에셋투자증권,KOSDAQ,6810,6840,6670,6990
000910,유니온,KOSPI,2775,2760,2760,2880
006370,대구백화점,KOSPI,4000,4120,3790,4220
002140,고려산업,KOSPI,1732,1764,1691,1830
002290,삼일기업공사,KOSDAQ,3480,3425,3365,3545
296160,프로젠,KONEX,2805,2900,2600,2900
002880,디와이에이,KOSPI,922,767,733,950
017180,명문제약,KOSPI,1265,1269,1246,1284
196300,HLB펩,KOSDAQ,4580,4450,4415,4850
270870,뉴트리,KOSDAQ,4660,4500,4470,4685
049080,기가레인,KOSDAQ,5050,5320,4965,5480
215380,우정바이오,KOSDAQ,2545,2435,2435,2545
104200,NHN벅스,KOSDAQ,2885,2855,2780,2905
273060,와이즈버즈,KOSDAQ,847,862,836,862
206400,베노티앤알,KOSDAQ,1138,1323,1063,1323
011420,갤럭시아에스엠,KOSPI,1545,1512,1509,1555
047400,유니온머티리얼,KOSPI,1013,994,964,1090
043340,에쎈테크,KOSDAQ,893,818,811,1030
263020,디케이앤디,KOSDAQ,3065,2910,2880,3080
900250,크리스탈신소재,KOSDAQ,1184,1225,1177,1243
360350,코셈,KOSDAQ,7390,7020,7020,7590
060850,영림원소프트랩,KOSDAQ,5200,5160,5100,5240
299660,셀리드,KOSDAQ,1430,1498,1375,1498
037230,한국팩키지,KOSDAQ,1415,1418,1380,1432
450330,하스,KOSDAQ,5150,5280,5050,5430
261200,덴티스,KOSDAQ,2665,2590,2565,2675
277070,린드먼아시아,KOSDAQ,3075,3195,2970,3195
025880,케이씨피드,KOSDAQ,2515,2525,2505,2570
066900,디에이피,KOSDAQ,1848,1807,1708,1849
290670,대보마그네틱,KOSDAQ,5340,5490,5090,5490
129890,앱코,KOSDAQ,920,917,897,937
466410,사이냅소프트,KOSDAQ,8310,8470,8230,8470
140520,대창스틸,KOSDAQ,1977,1948,1923,1977
261520,이지스,KOSDAQ,4060,3905,3905,4290
189860,서전기전,KOSDAQ,4300,4295,4230,4720
219420,링크제니시스,KOSDAQ,3635,3665,3500,3670
038070,서린바이오,KOSDAQ,4480,4510,4480,4595
258610,케일럼,KOSDAQ,1141,1131,1102,1176
065440,이루온,KOSDAQ,1526,1534,1448,1548
305090,마이크로디지탈,KOSDAQ,2230,2280,2130,2305
019490,엑시큐어하이트론,KOSPI,541,0,0,0
100660,서암기계공업,KOSDAQ,3280,3125,3080,3280
227950,엔투텍,KOSDAQ,1197,1199,1178,1267
224110,에이텍모빌리티,KOSDAQ,8110,8090,7970,8230
481850,신한글로벌액티브리츠,KOSPI,944,949,936,949
424980,마이크로투나노,KOSDAQ,6920,6920,6570,7250
307280,원바이오젠,KOSDAQ,5770,5530,5420,5810
340360,다보링크,KOSDAQ,786,755,728,840
033170,시그네틱스,KOSDAQ,477,460,442,496
237820,플레이디,KOSDAQ,3180,3150,3070,3185
024950,삼천리자전거,KOSDAQ,3280,3250,3170,3325
127710,아시아경제,KOSDAQ,918,836,822,990
017040,광명전기,KOSPI,932,0,0,0
153460,네이블,KOSDAQ,6180,5890,5890,6190
171010,램테크놀러지,KOSDAQ,2820,2845,2715,2845
050860,아세아텍,KOSDAQ,1792,1791,1742,1830
369370,블리츠웨이엔터테인먼트,KOSDAQ,807,797,797,817
049830,승일,KOSDAQ,6560,6660,6460,6660
229000,젠큐릭스,KOSDAQ,1713,2000,1636,2005
123570,이엠넷,KOSDAQ,1792,1793,1762,1793
221980,케이디켐,KOSDAQ,9840,9770,9670,9850
064090,인크레더블버즈,KOSDAQ,798,0,0,0
084870,TBH글로벌,KOSPI,1938,1969,1878,1994
023960,에쓰씨엔지니어링,KOSPI,1040,1031,1023,1070
219550,디와이디,KOSDAQ,1021,1069,990,1079
090410,덕신이피씨,KOSDAQ,856,900,828,967
065500,오리엔트정공,KOSDAQ,1186,1174,1161,1220
122690,서진오토모티브,KOSDAQ,1707,1750,1692,1750
226330,신테카바이오,KOSDAQ,1620,1570,1560,1630
239890,피엔에이치테크,KOSDAQ,3925,3745,3745,3980
263920,휴엠앤씨,KOSDAQ,3975,4050,3800,4060
097870,효성오앤비,KOSDAQ,4590,4490,4460,4595
050120,ES큐브,KOSDAQ,2870,2890,2770,2925
044960,이글벳,KOSDAQ,3075,3145,3010,3150
133820,화인베스틸,KOSPI,1045,1069,1007,1069
297570,아틀라스링크,KOSDAQ,1115,1116,1095,1140
127980,화인써키트,KOSDAQ,3260,3280,3215,3360
134790,시디즈,KOSPI,19290,19175,19175,19290
051490,나라엠앤디,KOSDAQ,2715,2645,2640,2750
006920,모헨즈,KOSDAQ,3530,3560,3415,3630
008870,금비,KOSPI,38500,39400,37700,39400
299900,위지윅스튜디오,KOSDAQ,225,243,225,243
355690,에이텀,KOSDAQ,4090,4060,3940,4155
290120,DH오토리드,KOSDAQ,2430,2450,2390,2475
203450,유니온바이오메트릭스,KOSDAQ,2725,2635,2555,2740
032960,동일기연,KOSDAQ,10900,0,0,0
419120,산돌,KOSDAQ,2690,2650,2650,2780
086060,진바이오텍,KOSDAQ,4440,4295,4205,4440
263810,상신전자,KOSDAQ,2395,2420,2330,2420
026910,광진실업,KOSDAQ,5130,5270,4220,5410
246690,TS인베스트먼트,KOSDAQ,1597,1548,1548,1630
263770,유에스티,KOSDAQ,1602,1606,1602,1606
250000,보라티알,KOSDAQ,5620,5580,5500,5700
260660,알리코제약,KOSDAQ,2475,2465,2410,2530
321820,아티스트컴퍼니,KOSDAQ,2420,2410,2340,2465
376930,노을,KOSDAQ,733,713,695,740
361570,알비더블유,KOSDAQ,1308,1292,1292,1349
019770,서연탑메탈,KOSDAQ,3220,3295,3170,3325
256150,한독크린텍,KOSDAQ,4460,4425,4420,4505
038060,루멘스,KOSDAQ,778,819,764,819
044480,빌리언스,KOSDAQ,1123,1130,1089,1130
114450,그린생명과학,KOSDAQ,1864,1898,1821,1914
014570,고려제약,KOSDAQ,3380,3370,3360,3410
234100,폴라리스세원,KOSDAQ,2540,2390,2390,2625
408900,스튜디오미르,KOSDAQ,1132,1093,1093,1155
007120,미래아이앤지,KOSPI,1282,1290,1243,1308
011300,우성머티리얼스,KOSPI,2200,2220,2100,2365
221840,하이즈항공,KOSDAQ,1974,2015,1898,2015
458350,에스팀,KOSDAQ,4245,4390,4105,4490
150900,파수AI,KOSDAQ,3145,3335,3065,3360
145270,케이탑리츠,KOSPI,765,765,750,775
0010V0,제이피아이헬스케어,KOSDAQ,7200,7030,7030,7250
081580,성우전자,KOSDAQ,2370,2350,2330,2430
105760,포스뱅크,KOSDAQ,3600,3620,3440,3650
009140,경인전자,KOSPI,23250,23250,22350,23500
204020,그리티,KOSDAQ,1874,1852,1852,1899
004410,서울식품,KOSPI,923,905,880,962
000215,DL우,KOSPI,21550,21200,21000,22950
045060,오공,KOSDAQ,2135,2150,2100,2165
317870,엔바이오니아,KOSDAQ,4090,4200,4030,4220
218150,미래생명자원,KOSDAQ,1768,1639,1639,1779
016600,큐캐피탈,KOSDAQ,2580,2450,2450,2645
465480,인스피언,KOSDAQ,3550,3455,3455,3660
284620,카이노스메드,KOSDAQ,1087,0,0,0
043910,자연과환경,KOSDAQ,3170,3245,3135,3375
024120,KB오토시스,KOSDAQ,3125,3105,3075,3155
049800,우진플라임,KOSPI,1796,1792,1769,1826
186230,그린플러스,KOSDAQ,3285,3285,3170,3370
083550,케이엠,KOSDAQ,2645,2655,2600,2805
393210,토마토시스템,KOSDAQ,2295,2360,2270,2490
051630,진양화학,KOSPI,1690,1670,1645,1720
432430,와이랩,KOSDAQ,2165,2125,2105,2200
068940,셀피글로벌,KOSDAQ,778,0,0,0
348080,큐라티스,KOSDAQ,309,0,0,0
162120,루켄테크놀러지스,KONEX,3190,3300,2900,3300
020180,대신정보통신,KOSDAQ,923,930,909,940
288620,에스프리즘,KOSDAQ,5080,5110,5050,5220
128540,에코캡,KOSDAQ,1325,1313,1302,1369
263050,유틸렉스,KOSDAQ,959,0,0,0
057030,YBM넷,KOSDAQ,2165,2165,2050,2165
093240,형지엘리트,KOSPI,575,576,567,595
089140,넥스턴앤롤코리아,KOSDAQ,2300,2375,2270,2410
148930,에이치와이티씨,KOSDAQ,3455,3300,3200,3455
086040,바이오톡스텍,KOSDAQ,2200,2100,2100,2220
071850,캐스텍코리아,KOSDAQ,1446,1418,1368,1472
337840,유엑스엔,KONEX,7030,7400,7000,7590
446070,유니드비티플러스,KOSPI,3295,3365,3250,3365
052600,한네트,KOSDAQ,3005,2990,2915,3050
288980,모아데이타,KOSDAQ,954,932,931,1015
064520,테크엘,KOSDAQ,1551,1553,1510,1553
049470,비트플래닛,KOSDAQ,1470,1486,1432,1486
220180,핸디소프트,KOSDAQ,1444,1488,1444,1535
064480,브리지텍,KOSDAQ,2890,2815,2815,2900
352700,씨앤투스,KOSDAQ,1314,1304,1294,1314
101240,씨큐브,KOSDAQ,3040,3010,2990,3055
004365,세방우,KOSPI,9320,9310,9200,9380
103840,우양,KOSDAQ,2095,1869,1865,2140
006570,대림통상,KOSPI,2250,2265,2160,2290
290090,트윔,KOSDAQ,4600,4680,4430,4680
475460,미트박스,KOSDAQ,6060,5910,5750,6100
452160,제이엔비,KOSDAQ,3550,3380,3215,3550
046310,백금T&A,KOSDAQ,2075,2040,2040,2110
364950,에이아이코리아,KOSDAQ,4100,4005,3855,4450
013000,세우글로벌,KOSPI,1183,1230,1142,1230
464280,티디에스팜,KOSDAQ,6140,6270,6100,6360
006345,대원전선우,KOSPI,12940,13800,12445,14080
021650,한국큐빅,KOSDAQ,2070,2060,2005,2070
215790,이노인스트루먼트,KOSDAQ,840,944,820,944
271830,팸텍,KOSDAQ,1145,1200,1080,1248
023150,MH에탄올,KOSPI,4570,4510,4510,4630
184230,SGA솔루션즈,KOSDAQ,1783,1886,1761,1886
079000,와토스코리아,KOSDAQ,4675,4575,4545,4740
112190,KC산업,KONEX,1235,1235,1235,1235
069410,엔텔스,KOSDAQ,3275,3255,3235,3345
000760,이화산업,KOSPI,11980,11890,11510,12470
002870,신풍,KOSPI,956,895,891,986
027740,마니커,KOSPI,1051,1085,1016,1122
351330,이삭엔지니어링,KOSDAQ,4005,4030,3960,4130
133750,메가엠디,KOSDAQ,1417,1435,1400,1435
311390,네오크레마,KOSDAQ,2620,2595,2485,2640
089150,케이씨티,KOSDAQ,1933,1880,1880,1950
160550,NEW,KOSDAQ,1184,1129,1126,1199
173940,에프엔씨엔터,KOSDAQ,2145,2100,2060,2205
066360,체리부로,KOSDAQ,688,683,671,697
068050,팬엔터테인먼트,KOSDAQ,1191,1151,1151,1200
105550,엣지파운드리,KOSDAQ,421,410,403,437
200780,비씨월드제약,KOSDAQ,3090,3125,3070,3145
335810,프리시젼바이오,KOSDAQ,1501,1509,1484,1509
318410,비비씨,KOSDAQ,5930,5770,5760,5950
046390,삼화네트웍스,KOSDAQ,1904,1891,1852,1938
495810,유비씨,KONEX,13120,0,0,0
059100,아이컴포넌트,KOSDAQ,4625,4790,4565,4790
035460,기산텔레콤,KOSDAQ,2190,2250,2130,2250
148250,알엔투테크놀로지,KOSDAQ,2400,2510,2335,2510
452300,캡스톤파트너스,KOSDAQ,2305,2360,2255,2380
444530,심플랫폼,KOSDAQ,5060,5070,4900,5180
340810,시선AI,KOSDAQ,2380,2470,2305,2470
039290,인포뱅크,KOSDAQ,3730,3815,3660,3815
011330,유니켐,KOSPI,3595,3095,3095,3685
215090,솔디펜스,KOSDAQ,1400,1298,1298,1421
080520,오디텍,KOSDAQ,2860,2870,2825,2930
106240,파인테크닉스,KOSDAQ,1353,1320,1234,1548
087600,픽셀플러스,KOSDAQ,3945,3980,3710,4020
025440,DH오토웨어,KOSDAQ,3300,3190,3120,3305
005820,원림,KOSPI,14000,14030,13500,14030
009460,한창제지,KOSPI,2695,2760,2625,2795
143210,핸즈코퍼레이션,KOSPI,1199,0,0,0
017000,신원종합개발,KOSDAQ,2750,2635,2560,3125
057680,티사이언티픽,KOSDAQ,2030,2035,1910,2100
208860,다산디엠씨,KOSDAQ,944,949,890,954
417860,오브젠,KOSDAQ,6800,7010,6630,7010
075130,플랜티넷,KOSDAQ,1922,1906,1898,1922
332290,누보,KOSDAQ,796,807,784,832
002690,동일제강,KOSPI,1562,1528,1520,1599
072770,멤레이비티,KOSDAQ,763,800,753,800
075970,동국알앤에스,KOSDAQ,1713,1706,1690,1730
010400,우진아이엔에스,KOSPI,4130,3975,3930,4195
257370,피엔티엠에스,KOSDAQ,2515,2335,2335,2615
476080,M83,KOSDAQ,3890,3830,3830,3990
434480,모니터랩,KOSDAQ,2550,2370,2370,2560
114630,폴라리스우노,KOSDAQ,1816,1789,1732,1817
258830,세종메디칼,KOSDAQ,412,0,0,0
008250,이건산업,KOSPI,2840,2750,2645,2915
123750,알톤,KOSDAQ,2250,2215,2165,2345
095910,에스에너지,KOSDAQ,833,833,799,873
025750,한솔홈데코,KOSPI,1926,1873,1869,1940
122830,원포유,KONEX,947,998,853,998
262840,아이퀘스트,KOSDAQ,2925,2935,2840,2975
159910,에코글로우,KOSDAQ,2950,2920,2790,3025
033830,티비씨,KOSDAQ,1633,1659,1620,1659
002420,세기상사,KOSPI,5170,5300,5140,5400
026040,제이에스티나,KOSDAQ,1870,1800,1794,1900
036420,콘텐트리중앙,KOSPI,1600,1752,1562,1860
119500,포메탈,KOSDAQ,2600,2575,2510,2600
277410,인산가,KOSDAQ,800,0,0,0
351320,넥사다이내믹스,KOSDAQ,1034,1011,980,1055
090370,메타랩스,KOSPI,1119,1175,1079,1175
289220,자이언트스텝,KOSDAQ,1367,1339,1330,1406
010640,진양폴리,KOSPI,1823,1792,1737,1849
022220,티케이지애강,KOSDAQ,587,562,545,600
407400,꿈비,KOSDAQ,2075,2070,2025,2115
088340,유라클,KOSDAQ,6930,6930,6590,7040
246250,에스엘에스바이오,KOSDAQ,1969,0,0,0
065950,웰크론,KOSDAQ,1068,1010,994,1079
012620,원일특강,KOSDAQ,6850,6870,6780,7090
007720,소노스퀘어,KOSDAQ,299,0,0,0
001070,대한방직,KOSPI,5670,5760,5470,5760
198940,한주라이트메탈,KOSDAQ,1541,1670,1514,1670
003060,에이프로젠바이오로직스,KOSPI,2075,2110,2030,2150
187270,신화콘텍,KOSDAQ,2940,3065,2890,3065
191600,블루탑,KONEX,10430,10430,10430,10430
058110,멕아이씨에스,KOSDAQ,1857,1938,1849,1938
206560,덱스터,KOSDAQ,1170,1160,1129,1191
088790,진도,KOSPI,2380,2390,2345,2460
199480,뱅크웨어글로벌,KOSDAQ,2905,2840,2815,3005
003535,한화투자증권우,KOSPI,6170,6000,5940,6190
001380,SG글로벌,KOSPI,1316,1292,1292,1349
038950,파인디지털,KOSDAQ,2890,2995,2865,3110
446440,에피바이오텍,KONEX,12760,12000,11500,12760
363250,진시스템,KOSDAQ,3435,3255,3135,3500
035200,프럼파스트,KOSDAQ,3000,3000,2915,3045
365590,하이딥,KOSDAQ,941,980,919,980
459550,알트,KOSDAQ,1155,1176,1139,1187
118000,메타케어,KOSPI,1317,1239,1207,1362
462980,아이지넷,KOSDAQ,1593,1646,1493,1646
096630,에스코넥,KOSDAQ,1824,1829,1788,1855
021880,메이슨캐피탈,KOSDAQ,136,0,0,0
308170,씨티알모빌리티,KOSPI,3350,3200,3145,3385
031510,오스템,KOSDAQ,1028,1057,1020,1073
003680,한성기업,KOSPI,4635,4680,4300,4985
239610,에이치엘사이언스,KOSDAQ,5330,5320,5200,5360
187220,디티앤씨,KOSDAQ,2490,2300,2225,2500
33637K,솔루스첨단소재1우,KOSPI,1696,1720,1685,1720
232830,아이티센피엔에스,KOSDAQ,1730,1600,1600,1845
097780,에코볼트,KOSDAQ,1407,1390,1377,1470
024070,WISCOM,KOSPI,1861,1881,1859,1924
475660,에스켐,KOSDAQ,3595,3950,3530,3950
109820,진매트릭스,KOSDAQ,1392,1382,1350,1446
388610,지에프씨생명과학,KOSDAQ,5330,5160,5030,5570
019570,플루토스,KOSDAQ,296,0,0,0
013720,청보,KOSDAQ,464,490,458,492
311060,엘에이티,KONEX,3585,3600,3585,3600
043220,티에스넥스젠,KOSDAQ,1710,0,0,0
009810,플레이그램,KOSPI,1856,1875,1801,1890
336060,웨이버스,KOSDAQ,585,552,552,599
131090,시큐브,KOSDAQ,3670,3695,3615,3700
197140,디지캡,KOSDAQ,2155,2150,2115,2165
005320,온타이드,KOSPI,820,870,805,870
177830,파버나인,KOSDAQ,2475,2450,2400,2500
219750,한국비티비,KOSDAQ,2140,2450,2000,2785
054780,키이스트,KOSDAQ,1424,1401,1380,1446
032790,엠젠솔루션,KOSDAQ,1090,1102,1020,1107
031310,아이즈비전,KOSDAQ,940,955,917,956
004870,티웨이홀딩스,KOSPI,247,0,0,0
224060,더코디,KOSDAQ,5400,4680,4555,5640
056730,CNT85,KOSDAQ,1879,1920,1850,1920
462310,뉴키즈온,KOSDAQ,3395,3400,3275,3445
014990,인디에프,KOSPI,1848,1665,1629,1890
900070,글로벌에스엠,KOSDAQ,1033,995,985,1094
238490,힘스,KOSDAQ,2450,2240,2130,2865
060540,에스에이티,KOSDAQ,1059,1080,1047,1090
355390,크라우드웍스,KOSDAQ,1738,1711,1696,1849
038620,위즈코프,KOSDAQ,1820,1860,1802,1865
457600,벡트,KOSDAQ,2010,2030,1900,2095
169330,엠브레인,KOSDAQ,1504,1515,1495,1520
013810,스페코,KOSDAQ,1878,1764,1748,1898
027040,서울전자통신,KOSDAQ,1968,2015,1941,2065
318010,팜스빌,KOSDAQ,3450,3475,3300,3475
130500,GH신소재,KOSDAQ,1878,1865,1865,1900
318000,KBG,KOSDAQ,3125,3065,2970,3130
188260,세니젠,KOSDAQ,2045,1905,1905,2085
002820,SUN&L,KOSPI,2150,2065,2065,2195
045300,성우테크론,KOSDAQ,2565,2575,2525,2610
290560,파라택시스이더리움,KOSDAQ,1206,1156,1108,1211
356890,싸이버원,KOSDAQ,2255,2170,2170,2315
267790,배럴,KOSDAQ,3500,3495,3305,3540
019660,글로본,KOSDAQ,1929,1894,1870,1959
373170,엠아이큐브솔루션,KOSDAQ,1777,1871,1777,1871
099390,브레인즈컴퍼니,KOSDAQ,3270,3345,3270,3445
131220,대한과학,KOSDAQ,3600,3640,3565,3700
363260,모비데이즈,KOSDAQ,834,819,800,846
450520,인스웨이브,KOSDAQ,1823,1900,1800,1952
002025,코오롱우,KOSPI,23100,22800,22600,24950
464500,아이언디바이스,KOSDAQ,1912,1927,1884,1948
014130,한익스프레스,KOSPI,2225,2200,2175,2275
073540,에프알텍,KOSDAQ,2340,2255,2250,2380
051380,피씨디렉트,KOSDAQ,1734,1678,1656,1743
066910,손오공,KOSDAQ,1987,2075,1965,2155
376180,피코그램,KOSDAQ,1433,1456,1414,1478
047080,한빛소프트,KOSDAQ,1071,1073,1050,1114
018680,서울제약,KOSDAQ,2275,2320,2200,2365
005110,한창,KOSPI,1254,0,0,0
030720,동원수산,KOSPI,5680,5650,5560,5810
008470,부스타,KOSDAQ,3145,3090,3075,3160
464580,닷밀,KOSDAQ,1435,1465,1400,1469
225220,제놀루션,KOSDAQ,1375,1350,1330,1397
0010F0,보원케미칼,KOSDAQ,2365,2425,2300,2425
195500,마니커에프앤지,KOSDAQ,1645,1612,1610,1658
001000,신라섬유,KOSDAQ,1074,1230,1070,1336
037370,EG,KOSDAQ,3020,2955,2910,3100
296640,이노에이엑스,KOSDAQ,5030,5030,4830,5140
310870,디와이씨,KOSDAQ,1188,1186,1146,1204
237750,피앤씨테크,KOSDAQ,4005,4135,3895,4135
900310,컬러레이,KOSDAQ,2030,2035,2000,2110
109960,앱토크롬,KOSDAQ,1717,1715,1706,1744
208710,포톤,KOSDAQ,1969,2000,1943,2060
053950,경남제약,KOSDAQ,1658,1723,1590,1723
032860,더라미,KOSDAQ,641,703,615,703
050760,에스폴리텍,KOSDAQ,1584,1395,1391,1669
403360,라피치,KONEX,7200,6800,6800,7200
002355,넥센타이어1우B,KOSPI,3970,3920,3910,3970
397810,애드포러스,KOSDAQ,4970,5010,4800,5010
032750,삼진,KOSDAQ,2840,2830,2790,2900
001810,무림SP,KOSDAQ,1157,1145,1140,1159
430690,한싹,KOSDAQ,2350,2405,2300,2495
403490,우듬지팜,KOSDAQ,557,534,528,573
043200,파루,KOSDAQ,612,630,601,644
016920,카스,KOSDAQ,964,975,940,975
080530,코디,KOSDAQ,2300,2425,2275,2435
024890,대원화성,KOSPI,3095,2915,2915,3240
290270,휴네시온,KOSDAQ,2655,2610,2580,2675
053060,세동,KOSDAQ,1444,1390,1384,1464
227420,도부,KONEX,670,651,651,878
032800,판타지오,KOSDAQ,2045,2080,2010,2350
131100,티엔엔터테인먼트,KOSDAQ,790,785,745,790
068100,케이웨더,KOSDAQ,2135,2290,2135,2350
333050,이노테나,KOSDAQ,5170,5140,4900,5300
004270,남성,KOSPI,7030,7000,6800,7030
091340,S&K폴리텍,KOSDAQ,2175,2210,2140,2220
348030,모비릭스,KOSDAQ,2650,2625,2565,2800
387570,파인메딕스,KOSDAQ,4505,4345,4200,4545
048470,대동스틸,KOSDAQ,2615,2515,2515,2665
254120,자비스,KOSDAQ,819,912,819,920
012160,영흥,KOSPI,1610,1478,1478,1700
115160,휴맥스,KOSDAQ,5830,6030,5650,6160
025890,한국주강,KOSPI,2255,2215,2190,2255
016670,디모아,KOSDAQ,2460,2405,2380,2460
298060,풍전약품,KOSDAQ,2830,2655,2605,2840
069140,누리플랜,KOSDAQ,1654,1669,1590,1669
003495,대한항공우,KOSPI,22450,22450,22000,22550
398120,에스지헬스케어,KOSDAQ,2110,2250,2070,2250
005360,모나미,KOSPI,1318,1360,1308,1360
469750,아이비젼웍스,KOSDAQ,721,690,667,749
378800,샤페론,KOSDAQ,537,601,533,620
340440,세림B&G,KOSDAQ,875,897,860,922
033200,모아텍,KOSDAQ,2690,2690,2590,2690
432980,엠에프씨,KOSDAQ,2875,2850,2755,2895
019175,신풍제약우,KOSPI,12400,12500,12100,12500
318020,포인트모바일,KOSDAQ,2005,2040,1964,2045
367000,플래티어,KOSDAQ,2935,2985,2870,3215
429270,시지트로닉스,KOSDAQ,3815,3930,3705,4000
093380,풍강,KOSDAQ,2490,2490,2385,2550
300120,라온피플,KOSDAQ,496,540,489,540
054090,삼진엘앤디,KOSDAQ,982,976,953,994
079170,한창산업,KOSDAQ,4700,4650,4620,4710
462510,라메디텍,KOSDAQ,2765,2805,2760,2850
208350,지란지교시큐리티,KOSDAQ,2995,2920,2855,3055
233990,질경이,KONEX,1500,1500,1500,1500
050110,캠시스,KOSDAQ,827,927,819,927
342870,오아,KOSDAQ,4425,4030,4030,4840
109670,씨싸이트,KOSDAQ,4125,3990,3975,4185
121890,에스디시스템,KOSDAQ,1811,1978,1800,1978
058450,한주에이알티,KOSDAQ,4800,4665,4600,4865
33626L,두산퓨얼셀2우B,KOSPI,8010,8120,7770,8390
383930,디티앤씨알오,KOSDAQ,1869,1898,1715,1930
270210,에스알바이오텍,KONEX,13960,12500,12500,14000
060380,동양에스텍,KOSDAQ,1210,1193,1193,1215
207490,에이펙스인텍,KONEX,6600,0,0,0
059180,엔더블유시,KONEX,4465,4465,4465,4465
243870,아이티센코어,KONEX,8200,8390,8200,8580
222980,한국맥널티,KOSDAQ,2150,2075,2050,2170
044780,에이치케이,KOSDAQ,1281,1286,1254,1307
007770,한일화학,KOSDAQ,6730,6490,6420,6730
039740,한국정보공학,KOSDAQ,2945,2970,2890,3095
290520,신도기연,KOSDAQ,1496,1492,1448,1504
241840,에이스토리,KOSDAQ,2465,2375,2355,2505
131180,딜리,KOSDAQ,3995,3960,3890,4035
153490,우리이앤엘하루틴,KOSDAQ,455,458,424,460
052300,오션인더블유,KOSDAQ,1438,1393,1359,1449
009310,참엔지니어링,KOSPI,5330,0,0,0
063760,이엘피,KOSDAQ,2495,2525,2425,2525
067010,이씨에스,KOSDAQ,2135,2145,2070,2185
033050,제이엠아이,KOSDAQ,730,736,712,745
045510,정원엔시스,KOSDAQ,719,846,716,846
065150,대산F&B,KOSDAQ,1450,0,0,0
347770,핌스,KOSDAQ,1010,998,950,1025
008775,호텔신라우,KOSPI,30700,29950,29950,31050
000040,KR모터스,KOSPI,267,0,0,0
134060,이퓨쳐,KOSDAQ,4835,4685,4550,4900
406820,뷰티스킨,KOSDAQ,1628,1658,1525,1658
274400,이노시뮬레이션,KOSDAQ,2520,2335,2250,2565
188040,바이오포트,KOSDAQ,4885,5090,4750,5180
252500,세화피앤씨,KOSDAQ,550,510,500,550
403810,아이엘로보틱스,KONEX,2290,2530,2005,2530
115480,씨유메디칼,KOSDAQ,1873,1904,1830,1904
091970,LSK아이로봇,KOSDAQ,3010,2625,2455,3330
070590,인티큐브,KOSDAQ,1634,1681,1550,1718
195990,루트K,KOSDAQ,696,700,690,720
038870,에코심플렉스,KOSDAQ,1610,1630,1589,1642
376980,원티드랩,KOSDAQ,2310,2370,2305,2375
130740,티피씨글로벌,KOSDAQ,2000,2000,1947,2045
210120,캔버스엔,KOSDAQ,930,0,0,0
317240,TS트릴리온,KOSDAQ,770,749,725,771
033250,체시스,KOSPI,3510,3465,3390,3525
354390,바스칸바이오제약,KONEX,3200,3170,3170,3300
036480,대성미생물,KOSDAQ,5910,6310,5900,6460
405920,나라셀라,KOSDAQ,1735,1741,1714,1754
304840,피플바이오,KOSDAQ,918,800,794,965
415380,스튜디오삼익,KOSDAQ,1949,1922,1881,1975
071950,코아스,KOSPI,1790,1905,1745,1905
065370,위세아이텍,KOSDAQ,3020,2850,2850,3035
080470,성창오토텍,KOSDAQ,3045,3060,3025,3110
353190,휴럼,KOSDAQ,2815,2755,2735,2830
440320,오픈놀,KOSDAQ,2220,2300,2150,2390
352940,인바이오,KOSDAQ,2035,2035,1966,2035
138070,신진에스엠,KOSDAQ,1263,1250,1180,1265
076080,웰크론한텍,KOSDAQ,975,998,915,998
179720,머니무브,KONEX,8000,8000,7800,8000
102950,아하,KONEX,1673,1660,1660,1990
146060,율촌,KOSDAQ,914,928,901,949
006200,한국전자홀딩스,KOSPI,2325,2285,2260,2400
032080,아즈텍WB,KOSDAQ,1011,1013,1000,1027
078590,휴림에이텍,KOSDAQ,2165,2200,2105,2230
001420,태원물산,KOSPI,2840,2780,2700,2840
080720,한국유니온제약,KOSDAQ,2725,0,0,0
006740,블루산업개발,KOSPI,908,928,894,928
351870,차이커뮤니케이션,KOSDAQ,1929,1810,1810,1940
049120,파인디앤씨,KOSDAQ,2020,2100,2005,2125
076340,지에이이노더스,KONEX,4395,4105,4015,4395
053290,NE능률,KOSDAQ,1295,1297,1249,1359
372800,아이티아이즈,KOSDAQ,3030,2880,2735,3090
096690,에이루트,KOSDAQ,5300,5140,5020,5400
024940,PN풍년,KOSDAQ,2125,2095,2080,2170
223310,사토시홀딩스,KOSDAQ,4080,3925,3720,4100
054940,엑사이엔씨,KOSDAQ,640,644,629,650
200350,아티스트스튜디오,KOSDAQ,2120,1988,1986,2150
438700,버넥트,KOSDAQ,1900,1931,1875,1981
060260,뉴보텍,KOSDAQ,1580,1661,1547,1661
455180,케이지에이,KOSDAQ,1508,1726,1440,1726
067730,로지시스,KOSDAQ,2170,2075,2065,2200
206950,볼빅,KONEX,1490,1490,1490,1490
101400,엔시트론,KOSDAQ,1786,1799,1760,1819
331660,한국미라클피플사,KONEX,3800,3995,3800,4010
317120,라닉스,KOSDAQ,1368,1380,1331,1400
090150,아이윈,KOSDAQ,497,492,481,507
139670,키네마스터,KOSDAQ,1465,1480,1458,1502
362990,드림인사이트,KOSDAQ,1230,1190,1185,1230
088290,이원컴포텍,KOSDAQ,2590,2405,2375,2590
017250,인터엠,KOSDAQ,981,972,960,999
353590,오토앤,KOSDAQ,1601,1600,1577,1720
023770,플레이위드,KOSDAQ,2300,2345,2290,2380
238200,비피도,KOSDAQ,2515,2400,2350,2530
303530,이노뎁,KOSDAQ,2800,2810,2725,2840
014100,메디앙스,KOSDAQ,1726,1726,1657,1726
012170,아센디오,KOSPI,1004,774,774,1004
085810,알티캐스트,KOSDAQ,1550,1432,1432,1665
020400,대동금속,KOSDAQ,3185,3190,3110,3320
373110,엑셀세라퓨틱스,KOSDAQ,1173,1225,1145,1225
359090,씨엔알리서치,KOSDAQ,1758,1824,1700,1845
065650,하이퍼코퍼레이션,KOSDAQ,1845,1858,1838,1876
032280,삼일,KOSDAQ,1239,1205,1201,1255
043360,디지아이,KOSDAQ,2225,2165,2110,2270
001685,대상우,KOSPI,14610,14700,14610,14750
322780,코퍼스코리아,KOSDAQ,2230,2305,1996,2360
038530,케이바이오랩스,KOSDAQ,863,819,814,864
015020,이스타코,KOSPI,928,0,0,0
424760,벨로크,KOSDAQ,1977,1941,1881,2055
154030,아시아종묘,KOSDAQ,1639,1596,1595,1668
354200,엔젠바이오,KOSDAQ,737,0,0,0
419540,비스토스,KOSDAQ,3315,3240,3240,3420
016100,리더스코스메틱,KOSDAQ,1030,987,972,1051
140430,카티스,KOSDAQ,1839,1785,1767,1900
021040,대호특수강,KOSDAQ,905,936,905,936
115570,스타플렉스,KOSDAQ,2460,2355,2355,2510
476710,타조이엔터테인먼트,KONEX,19620,0,0,0
045520,크린앤사이언스,KOSDAQ,3010,2970,2800,3075
103230,에스앤더블류,KOSDAQ,2715,2600,2550,2725
096870,엘디티,KOSDAQ,2340,2335,2220,2500
098660,에스티오,KOSDAQ,1560,1576,1550,1614
038880,아이에이,KOSDAQ,2590,2315,2310,2640
200230,텔콘RF제약,KOSDAQ,2720,2720,2720,2720
073570,리튬포어스,KOSDAQ,1609,1578,1550,1647
278990,EMB,KONEX,2400,2400,2400,2400
275630,에스에스알,KOSDAQ,3680,3270,3195,3710
214610,롤링스톤,KOSDAQ,2290,0,0,0
322970,무진메디,KONEX,1900,2000,1900,2000
069640,한세엠케이,KOSPI,852,854,839,879
054410,케이피티유,KOSDAQ,3330,3155,3155,3365
331520,밸로프,KOSDAQ,1869,1767,1762,1870
051780,큐로홀딩스,KOSDAQ,3000,2805,2805,3050
192390,윈하이텍,KOSDAQ,1716,1681,1600,1717
317860,노드메이슨,KONEX,4190,0,0,0
431190,케이쓰리아이,KOSDAQ,2525,2440,2410,2600
002360,SH에너지화학,KOSPI,1700,1613,1613,1799
039310,세중,KOSDAQ,1042,1067,1021,1076
377330,이지트로닉스,KOSDAQ,2300,2305,2215,2395
031860,디에이치엑스컴퍼니,KOSDAQ,693,0,0,0
222670,플럼라인생명과학,KONEX,4635,0,0,0
258790,소프트캠프,KOSDAQ,3715,3570,3565,3820
00499K,롯데지주우,KOSPI,22950,22950,22450,23050
137940,넥스트아이,KOSDAQ,2160,2185,2105,2400
054220,비츠로시스,KOSDAQ,1461,1597,1461,1597
227610,아우딘퓨쳐스,KOSDAQ,946,898,861,998
434190,탈로스,KONEX,2485,2300,2200,2490
335870,윙스풋,KOSDAQ,1089,1117,1071,1166
083640,인콘,KOSDAQ,1165,1134,1100,1201
034940,조아제약,KOSDAQ,583,700,563,807
060900,에이전트AI,KOSDAQ,4500,4610,4105,4890
301300,바이브컴퍼니,KOSDAQ,1364,1401,1300,1427
065060,지엔코,KOSDAQ,2995,3290,2785,3290
900300,오가닉티코스메틱,KOSDAQ,2305,2730,2135,2885
083470,이엠앤아이,KOSDAQ,840,837,795,850
291230,엔피,KOSDAQ,406,418,390,418
377220,프롬바이오,KOSDAQ,627,633,598,775
067770,세진티에스,KOSDAQ,2110,2135,2060,2290
193250,링크드,KOSDAQ,1320,1265,1243,1337
008600,윌비스,KOSPI,2620,0,0,0
328380,솔트웨어,KOSDAQ,2570,2525,2450,2670
101680,한국정밀기계,KOSDAQ,2095,2160,2035,2160
009440,KC그린홀딩스,KOSPI,756,0,0,0
306040,에스제이그룹,KOSDAQ,1779,1735,1735,1790
154040,다산솔루에타,KOSDAQ,810,765,732,819
006050,국영지앤엠,KOSDAQ,501,498,487,515
037400,우리엔터프라이즈,KOSDAQ,663,652,643,670
236810,엔비티,KOSDAQ,1023,1016,990,1042
032680,소프트센,KOSDAQ,830,861,811,915
279600,미디어젠,KOSDAQ,3670,3600,3575,3925
142760,모아라이프플러스,KOSDAQ,407,400,362,427
254160,제이엠멀티,KONEX,3300,3300,3300,3300
361670,삼영에스앤씨,KOSDAQ,3000,2885,2840,3000
239340,이스트에이드,KOSDAQ,630,631,580,643
078860,아이오케이이엔엠,KOSDAQ,2750,2750,2500,2795
048830,엔피케이,KOSDAQ,906,901,881,927
027580,상보,KOSDAQ,1429,1390,1345,1465
482680,미래에셋비전스팩7호,KOSDAQ,2055,0,0,0
365900,브이씨,KOSDAQ,2305,2400,2260,2400
241820,피씨엘,KOSDAQ,6040,0,0,0
108675,LX하우시스우,KOSPI,16230,16010,15920,16410
084440,유비온,KOSDAQ,875,880,860,880
477380,미래에셋비전스팩4호,KOSDAQ,2055,2070,2050,2070
225590,패션플랫폼,KOSDAQ,3245,3320,3090,3320
069330,유아이디,KOSDAQ,979,1035,979,1042
344860,이노진,KOSDAQ,1376,1331,1306,1389
418620,E8,KOSDAQ,832,829,787,837
110020,전진바이오팜,KOSDAQ,1820,1823,1767,1824
900270,헝셩그룹,KOSDAQ,643,602,593,680
900340,윙입푸드,KOSDAQ,1306,1260,1240,1338
357430,마스턴프리미어리츠,KOSPI,536,538,531,540
291810,핀텔,KOSDAQ,1431,1234,1210,1580
018620,우진비앤지,KOSDAQ,2340,2450,2305,2450
052960,태양3C,KONEX,3300,3295,3295,3300
215480,토박스코리아,KOSDAQ,1801,1732,1706,1900
226340,본느,KOSDAQ,1913,1934,1840,1986
18064K,한진칼우,KOSPI,29850,30250,29600,32000
065770,CS,KOSDAQ,1650,2430,1560,2430
015260,에이엔피,KOSPI,339,339,330,417
368600,아이씨에이치,KOSDAQ,618,670,550,670
379390,이성씨엔아이,KONEX,5600,5600,5600,5600
065690,파커스,KOSDAQ,1130,1117,1117,1155
115610,이미지스,KOSDAQ,1339,1290,1250,1349
060480,국일신동,KOSDAQ,1423,1426,1401,1426
240600,유진테크놀로지,KOSDAQ,2275,2090,2090,2540
005725,넥센우,KOSPI,4350,4370,4110,4370
0072Z0,KB제33호스팩,KOSDAQ,1985,1985,1977,1995
377030,비트맥스,KOSDAQ,1448,1481,1372,1481
0101C0,하나36호스팩,KOSDAQ,1997,2000,1995,2010
028080,휴맥스홀딩스,KOSDAQ,6100,6010,5650,6510
131760,파인텍,KOSDAQ,1778,1728,1690,1836
0130H0,엔에이치스팩33호,KOSDAQ,2000,2005,1995,2005
285800,진영,KOSDAQ,880,785,785,918
469880,하나30호스팩,KOSDAQ,2105,2100,2100,2105
005257,녹십자홀딩스2우,KOSPI,18100,18280,18100,18280
477340,에이치엠씨제7호스팩,KOSDAQ,2035,2035,2030,2040
002070,비비안,KOSPI,6330,6490,6130,6670
113810,디젠스,KOSDAQ,465,0,0,0
030350,드래곤플라이,KOSDAQ,973,0,0,0
0044K0,삼성스팩10호,KOSDAQ,1999,1999,1990,1999
101000,KS인더스트리,KOSDAQ,378,396,373,406
148780,비큐AI,KOSDAQ,476,521,461,521
208850,이비테크,KONEX,5300,0,0,0
196700,웹스,KOSDAQ,1040,1000,972,1042
023790,동일스틸럭스,KOSDAQ,1141,1138,1115,1290
900110,딥커머스,KOSDAQ,1208,1200,1183,1226
465770,STX그린로지스,KOSPI,2060,1988,1981,2090
0115H0,삼성스팩13호,KOSDAQ,1998,1990,1990,2010
309930,조이웍스앤코,KOSDAQ,761,686,686,877
473050,유안타제15호스팩,KOSDAQ,2080,2080,2075,2080
115530,씨엔플러스,KOSDAQ,1847,1866,1702,1866
351020,미쥬,KONEX,6990,0,0,0
0070X0,에스테크엠,KONEX,9600,10400,9600,10400
417180,핑거스토리,KOSDAQ,4100,4200,4075,4390
123840,뉴온,KOSDAQ,2255,2415,2215,2415
00781K,코리아써키트2우B,KOSPI,18190,18420,17630,18420
478440,미래에셋비전스팩6호,KOSDAQ,2045,2045,2030,2045
191410,육일씨엔에쓰,KOSDAQ,1261,1306,1250,1306
0165X0,메리츠제2호스팩,KOSDAQ,1945,1946,1941,1951
479880,한국제15호스팩,KOSDAQ,2040,2030,2030,2040
0099W0,미래에셋비전스팩11호,KOSDAQ,2000,1992,1992,2002
000087,하이트진로2우B,KOSPI,12380,12510,12320,12510
083660,CSA 코스믹,KOSDAQ,222,260,215,261
405000,플라즈맵,KOSDAQ,3630,3610,3290,3750
303030,지니틱스,KOSDAQ,1500,1485,1351,1633
217320,썬테크,KONEX,13000,13000,13000,13000
233250,메디안디노스틱,KONEX,7800,7800,7800,7800
352770,셀레스트라,KOSDAQ,5250,0,0,0
019685,대교우B,KOSPI,698,615,607,698
00806K,대덕1우,KOSPI,11180,11400,11180,11410
289010,아이스크림에듀,KOSDAQ,967,969,929,985
489480,키움제11호스팩,KOSDAQ,2040,2045,2035,2045
244460,올리패스,KOSDAQ,1651,0,0,0
0134X0,대신밸런스제20호스팩,KOSDAQ,1980,1975,1972,1981
336040,타스컴,KONEX,2300,2300,2300,2300
247660,나노씨엠에스,KOSDAQ,3060,3095,3000,3295
035620,바른손이앤에이,KOSDAQ,712,728,692,728
060230,제이케이시냅스,KOSDAQ,1172,1495,1157,1495
001795,대한제당우,KOSPI,2035,2015,2010,2050
481890,엔에이치스팩31호,KOSDAQ,2075,2080,2060,2080
0164H0,한국제16호스팩,KOSDAQ,1949,1945,1945,1952
0096B0,삼성스팩12호,KOSDAQ,1991,1991,1985,1992
389680,유디엠텍,KOSDAQ,1569,1751,1522,1751
0099X0,IBKS제25호스팩,KOSDAQ,2180,0,0,0
177350,베셀,KOSDAQ,663,690,637,738
0097F0,미래에셋비전스팩10호,KOSDAQ,2000,1993,1993,2000
009730,이렘,KOSDAQ,181,0,0,0
489730,디비금융제13호스팩,KOSDAQ,2020,2020,2015,2020
065420,에스아이리소스,KOSDAQ,178,0,0,0
0093G0,미래에셋비전스팩8호,KOSDAQ,1986,1985,1985,1990
471050,대신밸런스제17호스팩,KOSDAQ,2095,2100,2090,2100
478390,KB제29호스팩,KOSDAQ,2040,2040,2035,2040
086220,광동헬스바이오,KONEX,1000,1000,999,1000
054180,메디콕스,KOSDAQ,2295,0,0,0
456190,큐라켐,KONEX,7210,0,0,0
0037T0,KB제32호스팩,KOSDAQ,1994,1991,1990,1995
018700,졸스,KOSDAQ,1077,1000,1000,1150
0054V0,엔에이치스팩32호,KOSDAQ,2025,2025,2010,2025
145995,삼양사우,KOSPI,33950,33800,33750,33950
079950,인베니아,KOSDAQ,910,926,861,930
011090,에넥스,KOSPI,1058,1064,1033,1096
492220,KB제31호스팩,KOSDAQ,2020,2015,2000,2020
044380,주연테크,KOSPI,966,965,937,986
0088D0,메리츠제1호스팩,KOSDAQ,2145,2145,2135,2150
0131D0,키움히어로제2호스팩,KOSDAQ,1968,1969,1963,1976
308100,형지글로벌,KOSDAQ,513,505,500,543
482520,교보16호스팩,KOSDAQ,2020,2020,2020,2025
065570,삼영이엔씨,KOSDAQ,764,0,0,0
0091W0,신영스팩11호,KOSDAQ,2015,2010,2005,2015
250930,예선테크,KOSDAQ,370,0,0,0
45226K,한화갤러리아우,KOSPI,4185,4195,4110,4195
368970,오에스피,KOSDAQ,2500,2160,2080,2500
092600,앤씨앤,KOSDAQ,2415,2525,2275,2570
0041L0,하나35호스팩,KOSDAQ,2005,2010,2005,2010
002680,한탑,KOSDAQ,374,0,0,0
043590,웰킵스하이텍,KOSDAQ,890,887,830,895
477760,DB금융스팩12호,KOSDAQ,2060,2060,2055,2060
900100,파이온엑스,KOSDAQ,2270,2195,2170,2380
009620,삼보산업,KOSDAQ,683,681,661,828
0132G0,교보20호스팩,KOSDAQ,1997,1997,1994,1997
002995,금호건설우,KOSPI,39950,27000,27000,39950
469900,하나31호스팩,KOSDAQ,2070,2065,2065,2080
482690,대신밸런스제19호스팩,KOSDAQ,2065,2060,2050,2070
0071M0,삼성스팩11호,KOSDAQ,2002,2005,2000,2005
060240,스타코링크,KOSDAQ,1976,0,0,0
477470,미래에셋비전스팩5호,KOSDAQ,2090,2110,2085,2110
289170,바이오텐,KONEX,3200,3580,2765,3580
169670,코스텍시스템,KONEX,3985,3560,3500,4060
042040,케이피엠테크,KOSDAQ,4620,4620,4620,4620
199730,바이오인프라,KOSDAQ,2345,2360,2280,2360
474660,신한제12호스팩,KOSDAQ,2065,2050,2050,2075
0105P0,유진스팩12호,KOSDAQ,2010,2010,2005,2010
487360,신한제14호스팩,KOSDAQ,2015,2020,2010,2020
474490,유안타제16호스팩,KOSDAQ,2050,2055,2045,2055
253610,루트락,KONEX,1098,1116,826,1116
496070,신한제16호스팩,KOSDAQ,2002,2005,2000,2005
208640,썸에이지,KOSDAQ,801,812,772,838
217880,틸론,KONEX,1039,1100,982,1100
0129K0,신한제18호스팩,KOSDAQ,1978,1982,1963,1982
001755,한양증권우,KOSPI,20950,20450,20450,21600
0096D0,미래에셋비전스팩9호,KOSDAQ,1996,1991,1991,1996
079190,케스피온,KOSDAQ,571,0,0,0
084695,대상홀딩스우,KOSPI,11970,11870,11870,12050
114920,대주이엔티,KONEX,3150,3150,3150,3150
0098T0,교보19호스팩,KOSDAQ,2010,2010,2005,2010
103660,씨앗,KONEX,1799,1897,1614,1897
486630,KB제30호스팩,KOSDAQ,2030,2025,2010,2035
38380K,LX홀딩스1우,KOSPI,7340,7560,7300,7560
493790,유안타제17호스팩,KOSDAQ,2012,2015,2010,2015
004255,NPC우,KOSPI,2015,2035,2000,2105
0004Y0,디비금융제14호스팩,KOSDAQ,2000,2000,2000,2005
0130D0,신한제17호스팩,KOSDAQ,1985,1981,1980,1994
035290,골드앤에스,KOSDAQ,2205,2165,2115,2290
176590,코나솔,KONEX,1800,1800,1700,1800
489210,교보17호스팩,KOSDAQ,2020,2020,2010,2020
043100,알파AI,KOSDAQ,520,0,0,0
312610,에이에프더블류,KOSDAQ,509,495,465,515
478110,이베스트스팩6호,KOSDAQ,2045,2035,2035,2045
0041B0,교보18호스팩,KOSDAQ,2035,2035,2025,2040
466690,키움히어로제1호스팩,KOSDAQ,2005,2000,2000,2015
149010,아이케이세미콘,KONEX,3270,3200,3000,3380
003075,코오롱글로벌우,KOSPI,13750,14000,13320,14000
224760,엔에스컴퍼니,KONEX,2585,0,0,0
498390,한화플러스제5호스팩,KOSDAQ,2030,2035,2025,2045
004105,태양금속우,KOSPI,3045,3135,3030,3175
238500,솔루믹스,KONEX,475,0,0,0
472220,신영스팩10호,KOSDAQ,2100,2105,2090,2105
012340,뉴인텍,KOSDAQ,855,881,845,932
488060,유진스팩11호,KOSDAQ,2035,2040,2035,2040
011080,형지I&C,KOSDAQ,2225,2350,2170,2430
106080,케이이엠텍,KOSDAQ,1650,0,0,0
145210,다이나믹디자인,KOSPI,224,0,0,0
050090,비케이홀딩스,KOSDAQ,397,400,330,403
484130,하나34호스팩,KOSDAQ,2055,2035,2035,2055
185190,수프로,KONEX,996,999,848,999
001067,JW중외제약2우B,KOSPI,43200,43200,43200,43200
469480,IBKS제24호스팩,KOSDAQ,2130,0,0,0
473950,에스케이증권제13호스팩,KOSDAQ,2035,2035,2035,2045
244880,나눔테크,KONEX,1778,1783,1627,1783
012205,계양전기우,KOSPI,7630,7970,7550,7970
467930,IBKS제23호스팩,KOSDAQ,2105,2105,2105,2115
465320,교보15호스팩,KOSDAQ,2335,0,0,0
001770,SHD,KOSPI,7320,7410,6550,7700
487830,신한제15호스팩,KOSDAQ,2040,2040,2030,2040
468760,유진스팩10호,KOSDAQ,2080,0,0,0
001515,SK증권우,KOSPI,4505,4680,4500,4680
472230,에스케이증권제11호스팩,KOSDAQ,2075,2075,2075,2080
487720,키움제10호스팩,KOSDAQ,2030,2020,2020,2030
073190,듀오백,KOSDAQ,717,765,710,766
0068Y0,비엔케이제3호스팩,KOSDAQ,1990,1990,1990,1990
225430,케이엠제약,KOSDAQ,1536,1513,1385,1580
000225,유유제약1우,KOSPI,3770,3780,3660,3795
189350,코셋,KONEX,1779,1879,1779,1879
33637L,솔루스첨단소재2우B,KOSPI,2235,2195,2150,2290
900120,씨엑스아이,KOSDAQ,1121,1134,1108,1179
03481K,해성산업1우,KOSDAQ,6000,6000,5990,6100
084180,수성웹툰,KOSDAQ,457,517,438,517
0041J0,엘에스스팩1호,KOSDAQ,1994,1996,1994,1996
025870,신라에스지,KOSDAQ,2045,2130,1951,2180
199150,데이터스트림즈,KONEX,1900,1800,1800,1900
178600,대동고려삼,KONEX,1770,1970,1770,1970
318660,타임기술,KONEX,3595,3600,3200,3700
087260,모바일어플라이언스,KOSDAQ,235,240,223,275
079970,투비소프트,KOSDAQ,596,0,0,0
475250,하나33호스팩,KOSDAQ,2060,2055,2055,2060
474930,신한제13호스팩,KOSDAQ,2085,2120,2085,2120
212310,오건에코텍,KONEX,635,0,0,0
121850,코이즈,KOSDAQ,1480,1497,1420,1500
004985,성신양회우,KOSPI,9890,9700,9680,9960
276040,스코넥,KOSDAQ,327,0,0,0
447690,아이오바이오,KONEX,2550,2690,2270,2690
276240,엘리비젼,KONEX,569,496,496,569
473000,에스케이증권제12호스팩,KOSDAQ,2060,2060,2060,2060
001065,JW중외제약우,KOSPI,19900,19900,19900,19900
066830,제노텍,KONEX,1200,1200,1200,1200
004835,덕성우,KOSPI,4885,4875,4710,4990
069920,엑시온그룹,KOSDAQ,722,752,692,778
475240,하나32호스팩,KOSDAQ,2085,2085,2065,2085
216400,인바이츠바이오코아,KONEX,849,1080,849,1088
199290,바이오프로테크,KONEX,400,0,0,0
234070,에이원큐브텍,KONEX,927,927,927,927
251280,안지오랩,KONEX,1800,1895,1651,1895
000325,노루홀딩스우,KOSPI,25800,25750,25400,25800
236340,메디젠휴먼케어,KONEX,2000,0,0,0
008290,원풍물산,KOSDAQ,296,435,280,445
267080,세븐브로이맥주,KONEX,486,0,0,0
26490K,크라운제과우,KOSPI,7440,7700,7220,7700
121060,유니포인트,KONEX,1086,1086,1086,1086
044180,KD,KOSDAQ,205,0,0,0
313760,캐리,KOSDAQ,468,0,0,0
332190,오션스바이오,KONEX,3500,0,0,0
236030,씨알푸드,KONEX,2500,2600,2500,2600
266350,팡스카이,KONEX,398,0,0,0
224810,엄지하우스,KONEX,1196,1065,1065,1196
258050,테크트랜스,KONEX,449,0,0,0
327610,펨토바이오메드,KONEX,585,0,0,0
215570,크로넥스,KONEX,798,800,798,800
092590,럭스피아,KONEX,680,0,0,0
311960,인터로이드,KONEX,1598,1600,1400,1600
346010,타이드,KONEX,1000,0,0,0
009415,태영건설우,KOSPI,7320,7400,7100,7630
116100,태양기계,KONEX,639,590,590,639
043090,더테크놀로지,KOSDAQ,1140,0,0,0
090355,노루페인트우,KOSPI,10120,10570,10120,10570
052770,아이톡시,KOSDAQ,312,0,0,0
000145,하이트진로홀딩스우,KOSPI,9620,9620,9620,9620
341170,퓨쳐메디신,KONEX,425,573,425,573
202960,판도라티비,KONEX,359,390,311,390
000545,흥국화재우,KOSPI,5390,5390,5380,5390
005965,동부건설우,KOSPI,17610,17100,17100,17780
093510,엔지브이아이,KONEX,651,655,566,655
217910,에스제이켐,KONEX,272,319,272,320
402420,켈스,KONEX,1600,1600,1400,1600
014825,동원시스템즈우,KOSPI,13740,14400,13320,14400
208890,미래엔에듀파트너,KONEX,900,0,0,0
136660,큐엠씨,KONEX,1490,1490,1490,1490
014285,금강공업우,KOSPI,5520,5800,5500,5810
007575,일양약품우,KOSPI,7200,7160,7140,7290
005745,크라운해태홀딩스우,KOSPI,5250,5260,5250,5550
203690,아크솔루션스,KOSDAQ,149,120,120,150
36328K,티와이홀딩스우,KOSPI,2545,2545,2505,2605
413300,티엘엔지니어링,KONEX,2185,2185,2185,2185
000227,유유제약2우B,KOSPI,8810,9000,8590,9000
296520,가이아코퍼레이션,KONEX,602,0,0,0
266470,바이오인프라생명과학,KONEX,100,92,91,105
014915,성문전자우,KOSPI,4615,4900,4570,4900
004545,깨끗한나라우,KOSPI,6910,6960,6720,7060
245450,씨앤에스링크,KONEX,1599,1599,1599,1599
299480,지앤이헬스케어,KONEX,219,200,194,261
302920,더콘텐츠온,KONEX,500,500,500,500
223220,로지스몬,KONEX,399,461,343,461
001525,동양우,KOSPI,4205,0,0,0
448780,마이크로엔엑스,KONEX,813,822,813,822
008355,남선알미우,KOSPI,6810,6940,6800,7000
001527,동양2우B,KOSPI,4795,0,0,0
390110,애니메디솔루션,KONEX,196,264,196,264
002785,진흥기업우B,KOSPI,2150,2730,2100,2730
021045,대호특수강우,KOSDAQ,2060,2150,2000,2150
140660,위월드,KONEX,683,601,595,700
222160,NPX,KOSDAQ,169,145,139,200
011155,CJ씨푸드1우,KOSPI,8270,8220,8140,8270
004415,서울식품우,KOSPI,7130,7020,7020,7130
266170,레드우즈,KONEX,1050,0,0,0
002787,진흥기업2우B,KOSPI,4450,5670,4450,5670
279060,이노벡스,KONEX,115,0,0,0
032685,소프트센우,KOSDAQ,12150,12210,12010,12210
