종목코드,종목명,시장,종가,시가,저가,고가
005930,삼성전자,KOSPI,270000,284500,270000,285500
000660,SK하이닉스,KOSPI,1766000,1825000,1768000,1840000
005935,삼성전자우,KOSPI,206500,216500,206500,217500
402340,SK스퀘어,KOSPI,1095000,1201000,1093000,1201000
009150,삼성전기,KOSPI,1495000,1552000,1475000,1587000
373220,LG에너지솔루션,KOSPI,361000,352000,350500,368000
005380,현대차,KOSPI,354000,357000,353500,358000
207940,삼성바이오로직스,KOSPI,1393000,1367000,1366000,1406000
105560,KB금융,KOSPI,173800,171000,170200,175200
032830,삼성생명,KOSPI,292000,296000,289000,302000
028260,삼성물산,KOSPI,345500,366500,344000,366500
012450,한화에어로스페이스,KOSPI,1033000,1015000,1008000,1054000
034020,두산에너빌리티,KOSPI,81500,82600,80900,83000
055550,신한지주,KOSPI,110900,108800,108800,112200
329180,HD현대중공업,KOSPI,440000,445000,439500,447000
000270,기아,KOSPI,117000,116600,115600,118400
006400,삼성SDI,KOSPI,528000,525000,524000,540000
034730,SK,KOSPI,577000,612000,571000,618000
068270,셀트리온,KOSPI,178100,178400,177600,180700
086790,하나금융지주,KOSPI,134800,133900,132000,135400
066570,LG전자,KOSPI,214000,214500,212000,220000
012330,현대모비스,KOSPI,371500,369000,369000,379000
010120,LS ELECTRIC,KOSPI,202500,207000,201000,209500
035420,NAVER,KOSPI,196800,195700,194300,200500
000810,삼성화재,KOSPI,658000,655000,642000,668000
316140,우리금융지주,KOSPI,36200,36400,35650,36700
096770,SK이노베이션,KOSPI,158600,148500,147600,161200
298040,효성중공업,KOSPI,2787000,2925000,2771000,2925000
005490,POSCO홀딩스,KOSPI,314000,310500,308500,318000
267260,HD현대일렉트릭,KOSPI,692000,700000,689000,709000
042660,한화오션,KOSPI,80500,80800,79800,81500
009540,HD한국조선해양,KOSPI,332500,338000,331500,341000
000150,두산,KOSPI,1417000,1519000,1410000,1535000
010130,고려아연,KOSPI,1095000,1114000,1093000,1115000
042700,한미반도체,KOSPI,233500,240500,234000,245000
138040,메리츠금융지주,KOSPI,132500,126700,125600,133600
011200,HMM,KOSPI,21250,20850,20850,21350
015760,한국전력,KOSPI,30550,30350,30000,30900
017670,SK텔레콤,KOSPI,87700,87700,87400,89900
051910,LG화학,KOSPI,262000,251000,249000,264000
010950,S-Oil,KOSPI,163000,155900,155800,164800
033780,KT&G,KOSPI,174700,174300,173700,176800
010140,삼성중공업,KOSPI,20100,20400,20050,20550
196170,알테오젠,KOSDAQ GLOBAL,251500,256500,251500,260000
006800,미래에셋증권,KOSPI,31650,32100,31450,32150
003550,LG,KOSPI,113400,115000,112700,115500
018260,삼성에스디에스,KOSPI,218500,220000,218000,222000
024110,기업은행,KOSPI,20850,20300,20300,20950
267250,HD현대,KOSPI,209500,206000,203000,214000
003670,포스코퓨처엠,KOSPI,183000,180000,179200,186300
079550,LIG디펜스앤에어로스페이스,KOSPI,691000,693000,680000,704000
035720,카카오,KOSPI,34050,33550,33500,34500
086280,현대글로비스,KOSPI,198500,198100,197900,202000
000720,현대건설,KOSPI,123300,121900,118900,126800
278470,에이피알,KOSPI,366500,369500,364500,377500
011070,LG이노텍,KOSPI,573000,566000,563000,599000
272210,한화시스템,KOSPI,72500,73900,71300,75100
030200,KT,KOSPI,52800,52600,52500,53400
047810,한국항공우주,KOSPI,129200,128100,126300,131500
064350,현대로템,KOSPI,116000,116000,113500,119400
005830,DB손해보험,KOSPI,190000,186900,183700,192800
003490,대한항공,KOSPI,31400,31400,30800,31700
086520,에코프로,KOSDAQ GLOBAL,81300,80000,79100,83000
443060,HD현대마린솔루션,KOSPI,241500,239000,237000,247000
247540,에코프로비엠,KOSDAQ GLOBAL,110200,104500,102900,113500
078930,GS,KOSPI,113800,111000,110200,117400
307950,현대오토에버,KOSPI,374000,380500,372500,384500
071050,한국금융지주,KOSPI,181900,186400,181500,186400
047050,포스코인터내셔널,KOSPI,56900,55600,54800,58000
028050,삼성E&A,KOSPI,49800,49450,48050,50600
323410,카카오뱅크,KOSPI,20350,19960,19950,20500
006260,LS,KOSPI,312000,318000,310500,324500
036930,주성엔지니어링,KOSDAQ GLOBAL,209000,209500,204000,215000
005940,NH투자증권,KOSPI,25900,26050,25650,26150
180640,한진칼,KOSPI,139700,141000,139300,143800
259960,크래프톤,KOSPI,201000,198200,197100,203000
003230,삼양식품,KOSPI,1215000,1214000,1202000,1235000
000500,가온전선,KOSPI,299000,314500,299000,317500
090430,아모레퍼시픽,KOSPI,142100,144800,141100,144800
0126Z0,삼성에피스홀딩스,KOSPI,332000,333500,331500,341000
007660,이수페타시스,KOSPI,112300,118900,112300,119000
277810,레인보우로보틱스,KOSDAQ,421500,438000,421000,438500
016360,삼성증권,KOSPI,88900,91200,88100,91300
047040,대우건설,KOSPI,18680,17640,17350,19240
009830,한화솔루션,KOSPI,33700,30400,30350,33750
161390,한국타이어앤테크놀로지,KOSPI,59200,57200,56700,60000
021240,코웨이,KOSPI,100600,99800,98800,101800
000880,한화,KOSPI,131300,130100,130000,135200
352820,하이브,KOSPI,162000,158200,158200,165600
064400,LG씨엔에스,KOSPI,69900,70100,69800,71500
039490,키움증권,KOSPI,256500,264500,254000,265000
128940,한미약품,KOSPI,500000,520000,498500,521000
032640,LG유플러스,KOSPI,14760,14780,14640,14830
005387,현대차2우B,KOSPI,179800,180500,177100,181400
062040,산일전기,KOSPI,200500,207500,199900,210000
267270,HD건설기계,KOSPI,128400,130100,127500,132900
353200,대덕전자,KOSPI,122300,124600,121400,129100
240810,원익IPS,KOSDAQ GLOBAL,123500,132000,123100,132000
326030,SK바이오팜,KOSPI,75900,76300,75900,77000
001440,대한전선,KOSPI,30000,31300,29850,31300
175330,JB금융지주,KOSPI,30950,30100,30050,31400
039030,이오테크닉스,KOSDAQ,468000,476000,468000,484000
222800,심텍,KOSDAQ GLOBAL,145700,149500,146800,153500
241560,두산밥캣,KOSPI,58100,59000,57600,59000
377300,카카오페이,KOSPI,40900,40550,40200,41450
000990,DB하이텍,KOSPI,126100,130500,126900,131700
000100,유한양행,KOSPI,74400,74500,73600,75300
058470,리노공업,KOSDAQ GLOBAL,71000,73400,71200,74300
028300,HLB,KOSDAQ,39700,39700,39700,39700
138930,BNK금융지주,KOSPI,16510,15960,15820,16550
088350,한화생명,KOSPI,5820,5650,5620,5900
029780,삼성카드,KOSPI,43200,42700,42250,43500
052690,한전기술,KOSPI,125300,129600,126000,130900
088980,맥쿼리인프라,KOSPI,9860,9820,9720,9900
036570,NC,KOSPI,215000,212500,212500,220000
066970,엘앤에프,KOSPI,114100,109600,109000,117900
403870,HPSP,KOSDAQ GLOBAL,55600,55500,54800,57200
011790,SKC,KOSPI,90500,91000,90000,93300
454910,두산로보틱스,KOSPI,69500,71100,69100,71200
271560,오리온,KOSPI,111600,110000,108500,112000
051900,LG생활건강,KOSPI,291000,292500,286000,299000
095340,ISC,KOSDAQ,204500,213000,203000,213000
010060,OCI홀딩스,KOSPI,228500,216500,216500,234000
034220,LG디스플레이,KOSPI,8450,8490,8270,8580
001450,현대해상,KOSPI,48800,47500,46400,50200
004020,현대제철,KOSPI,31000,30900,30200,31300
108490,로보티즈,KOSDAQ,283500,297500,281500,300000
002380,KCC,KOSPI,477000,475000,465500,481000
005385,현대차우,KOSPI,179600,176200,175700,180700
319660,피에스케이,KOSDAQ,141000,139300,136400,146500
440110,파두,KOSDAQ,80000,82400,79600,86600
082740,한화엔진,KOSPI,47600,48000,47500,49000
001040,CJ,KOSPI,134000,130500,129500,135800
103590,일진전기,KOSPI,81800,83000,79800,84000
000250,삼천당제약,KOSDAQ,162700,169200,162300,170800
031980,피에스케이홀딩스,KOSDAQ,166900,160400,160300,172500
008930,한미사이언스,KOSPI,51900,52500,51300,53500
084370,유진테크,KOSDAQ,154800,159400,154500,159400
161890,한국콜마,KOSPI,148000,146000,145600,151100
018880,한온시스템,KOSPI,3290,3245,3225,3330
214450,파마리서치,KOSDAQ GLOBAL,318500,324000,318000,325500
036460,한국가스공사,KOSPI,35300,35250,35100,35550
004170,신세계,KOSPI,343000,349000,342000,354000
131290,티에스이,KOSDAQ,293000,285000,279500,299500
087010,펩트론,KOSDAQ,137100,144200,137200,150900
375500,DL이앤씨,KOSPI,81700,80300,78200,83400
012750,에스원,KOSPI,82600,83300,81500,83700
111770,영원무역,KOSPI,71100,69700,69500,71800
095610,테스,KOSDAQ GLOBAL,161900,161900,157200,166100
064760,티씨케이,KOSDAQ GLOBAL,277000,283000,274500,286500
035250,강원랜드,KOSPI,14450,14380,14270,14500
192820,코스맥스,KOSPI,270500,270500,268000,277000
022100,포스코DX,KOSPI,20150,20050,19810,20500
067310,하나마이크론,KOSDAQ,45200,46000,45200,46800
028670,팬오션,KOSPI,5720,5600,5590,5810
006360,GS건설,KOSPI,35400,34500,33850,36600
336260,두산퓨얼셀,KOSPI,46300,48700,46100,49300
031210,서울보증보험,KOSPI,43100,41800,41500,43200
139130,iM금융지주,KOSPI,18700,17820,17810,18920
011780,금호석유화학,KOSPI,117900,117000,115400,119600
007340,DN오토모티브,KOSPI,50300,47900,47150,51200
141080,리가켐바이오,KOSDAQ GLOBAL,79400,83400,79300,83500
251270,넷마블,KOSPI,35350,34400,34300,35550
023530,롯데쇼핑,KOSPI,102400,104000,101700,104500
017800,현대엘리베이터,KOSPI,73700,73800,73100,74300
302440,SK바이오사이언스,KOSPI,36150,35750,35500,36850
357780,솔브레인,KOSDAQ GLOBAL,364500,370000,362000,382500
298380,에이비엘바이오,KOSDAQ GLOBAL,49900,51900,49750,52100
097950,CJ제일제당,KOSPI,178800,176300,175300,179500
010170,대한광통신,KOSDAQ,17220,17770,17230,18690
383220,F&F,KOSPI,69200,68300,67500,69900
011170,롯데케미칼,KOSPI,62200,60000,58100,62900
004800,효성,KOSPI,158300,163900,157700,164500
085620,미래에셋생명,KOSPI,19370,19520,19190,19820
003690,코리안리,KOSPI,14850,14640,14610,14930
026960,동서,KOSPI,25650,25400,25350,25850
080220,제주반도체,KOSDAQ,74600,77000,74500,78500
014680,한솔케미칼,KOSPI,238500,237000,232000,241000
310210,보로노이,KOSDAQ,137100,147600,135300,147600
257720,실리콘투,KOSDAQ,38650,39200,38450,40750
450080,에코프로머티,KOSPI,35450,34950,34400,36500
004990,롯데지주,KOSPI,24550,24400,24300,24650
004370,농심,KOSPI,395500,390000,386500,398500
140410,메지온,KOSDAQ,78800,83200,78400,84300
000240,한국앤컴퍼니,KOSPI,25150,24650,24350,25250
226950,올릭스,KOSDAQ GLOBAL,103600,104500,102300,109300
005850,에스엘,KOSPI,50300,48400,48400,50800
005440,현대지에프홀딩스,KOSPI,12780,13090,12680,13290
001720,신영증권,KOSPI,141500,138500,136600,142500
489790,한화비전,KOSPI,46100,47550,46250,47550
145020,휴젤,KOSDAQ,186100,187700,182300,190800
319400,현대무벡스,KOSDAQ,20700,21000,20500,21100
282330,BGF리테일,KOSPI,133500,133700,130000,134600
483650,달바글로벌,KOSPI,183500,182200,180600,189800
005290,동진쎄미켐,KOSDAQ,45050,46350,44800,46700
178320,서진시스템,KOSDAQ,36100,33550,33500,37550
009420,한올바이오파마,KOSPI,43200,42150,41600,44450
279570,케이뱅크,KOSPI,5490,5340,5320,5520
112610,씨에스윈드,KOSPI,52300,50100,49200,54200
018670,SK가스,KOSPI,241000,239000,237500,245000
020150,롯데에너지머티리얼즈,KOSPI,42450,40150,39800,44700
032820,우리기술,KOSDAQ,12640,12960,12700,13130
103140,풍산,KOSPI,77900,77400,76200,79300
204320,HL만도,KOSPI,46350,45500,45350,47050
009970,영원무역홀딩스,KOSPI,167800,165600,164300,168300
058610,에스피지,KOSDAQ,96800,99600,97000,100600
214370,케어젠,KOSDAQ,40200,40650,39550,41150
030530,원익홀딩스,KOSDAQ,27200,28200,27200,28800
263750,펄어비스,KOSDAQ,33150,33700,33100,34200
051600,한전KPS,KOSPI,46000,45550,45000,46500
030000,제일기획,KOSPI,17760,17770,17670,17900
002790,아모레퍼시픽홀딩스,KOSPI,26600,26300,26250,26850
081660,미스토홀딩스,KOSPI,38200,38100,37950,38950
214150,클래시스,KOSDAQ GLOBAL,30900,30850,30600,31300
139480,이마트,KOSPI,72000,71700,71000,72300
098460,고영,KOSDAQ,29000,29300,28950,29750
347850,디앤디파마텍,KOSDAQ,43100,45150,43150,45700
069960,현대백화점,KOSPI,91200,95800,90100,96300
457190,이수스페셜티케미컬,KOSPI,64600,64000,63100,66400
073240,금호타이어,KOSPI,6820,6550,6550,6950
237690,에스티팜,KOSDAQ GLOBAL,92800,92800,92100,94700
007070,GS리테일,KOSPI,22850,22850,22650,23150
000155,두산우,KOSPI,481500,496000,476500,509000
229640,LS에코에너지,KOSPI,62300,63700,61600,64800
041510,에스엠,KOSDAQ GLOBAL,82300,82700,81200,83500
043260,성호전자,KOSDAQ,24700,26750,24550,27150
083650,비에이치아이,KOSDAQ,60100,60300,59100,61900
462870,시프트업,KOSPI,31500,31150,31150,31700
140860,파크시스템스,KOSDAQ GLOBAL,260500,261000,258000,267000
089030,테크윙,KOSDAQ,48950,49000,48050,49900
181710,NHN,KOSPI,56000,56900,55400,57300
089860,롯데렌탈,KOSPI,49450,49550,49100,50000
131970,두산테스나,KOSDAQ GLOBAL,89700,92500,90000,92800
068760,셀트리온제약,KOSDAQ,39250,39250,38900,39900
475150,SK이터닉스,KOSPI,51400,50900,50800,52600
060370,LS마린솔루션,KOSDAQ,33000,33450,32550,33600
036540,SFA반도체,KOSDAQ,10480,10470,10350,10680
439260,대한조선,KOSPI,45600,45600,45350,46150
020560,아시아나항공,KOSPI,8410,8390,8220,8440
023590,다우기술,KOSPI,39000,39200,38350,39400
120110,코오롱인더,KOSPI,55900,54500,54200,56500
281820,케이씨텍,KOSPI,83700,86000,83000,88000
071970,HD현대마린엔진,KOSPI,48950,49150,48500,49850
007810,코리아써키트,KOSPI,69100,66400,65500,71500
007390,네이처셀,KOSDAQ,25350,24750,24750,25800
000120,CJ대한통운,KOSPI,70500,70100,69700,71200
096530,씨젠,KOSDAQ GLOBAL,34200,33850,33700,34750
006040,동원산업,KOSPI,35950,35250,35050,36250
001430,세아베스틸지주,KOSPI,44650,44400,44200,46850
420770,기가비스,KOSDAQ,125900,123100,121000,129700
395400,SK리츠,KOSPI,5300,5370,5200,5390
437730,삼현,KOSDAQ,49950,50800,49750,52200
001120,LX인터내셔널,KOSPI,40900,40400,40050,41450
008770,호텔신라,KOSPI,40400,40250,40050,40600
089970,브이엠,KOSDAQ,59900,62700,60000,62700
294870,IPARK현대산업개발,KOSPI,23450,23350,23350,23850
183300,코미코,KOSDAQ,30250,31500,30000,31500
012630,HDC,KOSPI,26200,25450,24950,26350
218410,RFHIC,KOSDAQ,56600,58700,56800,59600
009155,삼성전기우,KOSPI,517000,524000,511000,535000
001820,삼화콘덴서,KOSPI,143800,150100,143500,151900
093370,후성,KOSPI,13990,13950,13730,14520
361610,SK아이이테크놀로지,KOSPI,18190,17010,16850,18540
005070,코스모신소재,KOSPI,44250,41750,41400,46300
011210,현대위아,KOSPI,53600,52600,52500,54700
078600,대주전자재료,KOSDAQ,91800,86300,86300,94800
001800,오리온홀딩스,KOSPI,24100,23650,23450,24250
323280,태성,KOSDAQ,47800,48350,47500,50300
0009K0,에임드바이오,KOSDAQ,22300,22200,22000,22900
006280,녹십자,KOSPI,123000,123400,122600,124800
322000,HD현대에너지솔루션,KOSPI,125100,122400,122400,131500
950160,코오롱티슈진,KOSDAQ,16340,16180,16110,17120
298020,효성티앤씨,KOSPI,312000,309500,306500,316500
035900,JYP Ent.,KOSDAQ GLOBAL,38050,37850,37600,38300
097230,HJ중공업,KOSPI,14920,14710,14600,15170
039200,오스코텍,KOSDAQ,35250,36200,35050,36800
00680K,미래에셋증권2우B,KOSPI,10590,10610,10470,10700
241710,코스메카코리아,KOSDAQ GLOBAL,125300,126500,124000,129500
204270,제이앤티씨,KOSDAQ,22950,24800,22850,26150
082920,비츠로셀,KOSDAQ GLOBAL,28600,27900,27700,29150
007310,오뚜기,KOSPI,319000,312000,312000,322000
066575,LG전자우,KOSPI,72700,72400,72200,74400
069620,대웅제약,KOSPI,107800,106900,106800,109050
003380,하림지주,KOSDAQ GLOBAL,11140,11020,11020,11350
192080,더블유게임즈,KOSPI,58800,58000,57600,59300
003540,대신증권,KOSPI,26000,26050,25800,26250
415640,KB발해인프라,KOSPI,10060,10220,10000,10220
290650,엘앤씨바이오,KOSDAQ,45600,47850,45350,47850
000815,삼성화재우,KOSPI,411500,406000,402000,411000
001740,SK네트웍스,KOSPI,6100,6080,5990,6230
300720,한일시멘트,KOSPI,16270,16020,16000,16390
950260,인제니아테라퓨틱스(Reg.S),KOSDAQ,25850,23800,22650,24500
127120,제이에스링크,KOSDAQ,32000,32100,31700,33450
330590,롯데리츠,KOSPI,4115,4120,4050,4195
280360,롯데웰푸드,KOSPI,127000,124600,123000,127800
347700,스피어,KOSDAQ,22300,23500,22000,24150
004000,롯데정밀화학,KOSPI,44100,43100,42850,44400
232140,와이씨,KOSDAQ,13740,14300,13760,14300
030610,교보증권,KOSPI,9990,10000,9880,10090
166090,하나머티리얼즈,KOSDAQ,56300,58700,56700,59100
006120,SK디스커버리,KOSPI,63700,60900,60200,65000
252990,샘씨엔에스,KOSDAQ,18480,18060,17900,19000
195940,HK이노엔,KOSDAQ GLOBAL,39150,38900,38850,39800
000210,DL,KOSPI,51800,50600,50500,53000
458870,씨어스,KOSDAQ,27700,25750,25700,29100
000080,하이트진로,KOSPI,15140,15020,14940,15190
017960,한국카본,KOSPI,20400,20350,20200,20900
496320,본시스템즈,KONEX,1023000,0,0,0
356860,티엘비,KOSDAQ,43550,45150,43550,46300
006340,대원전선,KOSPI,13120,13520,13150,13580
293490,카카오게임즈,KOSDAQ GLOBAL,9440,9000,8910,9770
003160,디아이,KOSPI,35900,36550,35450,36900
195870,해성디에스,KOSPI,59800,60900,59500,61500
056190,SFA,KOSDAQ GLOBAL,27900,27950,27200,28300
003240,태광산업,KOSPI,904000,910000,901000,915000
003570,SNT다이내믹스,KOSPI,29700,26300,25900,30650
003530,한화투자증권,KOSPI,4585,4585,4500,4655
192400,쿠쿠홀딩스,KOSPI,27500,27250,27000,27550
451800,한화리츠,KOSPI,5340,5420,5250,5420
009240,한샘,KOSPI,40450,39650,39450,41000
086450,동국제약,KOSDAQ GLOBAL,20900,21600,21000,21600
030190,NICE평가정보,KOSPI,16200,15590,15590,16360
032350,롯데관광개발,KOSPI,11810,11730,11710,12290
003090,대웅,KOSPI,15940,16050,15810,16100
000370,한화손해보험,KOSPI,7880,7680,7620,8060
101490,에스앤에스텍,KOSDAQ GLOBAL,42950,44200,43000,44800
071320,지역난방공사,KOSPI,78900,79400,78200,79400
160190,하이젠알앤엠,KOSDAQ,29200,29150,28500,30450
100790,미래에셋벤처투자,KOSDAQ,17180,17850,17160,17850
083450,GST,KOSDAQ,49200,49900,48800,50400
119850,지엔씨에너지,KOSDAQ,54500,56400,54800,57100
185750,종근당,KOSPI,65000,65400,64600,65500
285130,SK케미칼,KOSPI,51600,49850,49600,52300
051915,LG화학우,KOSPI,115600,114800,113100,117700
005300,롯데칠성,KOSPI,96100,95500,95100,96800
034230,파라다이스,KOSPI,9660,9560,9540,9740
009450,경동나비엔,KOSPI,60600,60700,59900,61300
417200,LS머트리얼즈,KOSDAQ,13040,13450,12940,14100
077970,STX엔진,KOSPI,22050,22050,21850,22650
006110,삼아알미늄,KOSPI,58100,53800,53600,60500
099320,쎄트렉아이,KOSDAQ,80300,78500,77500,83100
328130,루닛,KOSDAQ,11090,11360,11110,12490
445680,큐리옥스바이오시스템즈,KOSDAQ,50600,49400,49050,52000
079160,CJ CGV,KOSPI,5200,5180,5100,5240
065350,신성델타테크,KOSDAQ,31300,31450,31150,32550
035760,CJ ENM,KOSDAQ GLOBAL,38700,38850,38450,39550
003470,유안타증권,KOSPI,4400,4425,4350,4440
115180,큐리언트,KOSDAQ,22500,23050,22400,23350
071055,한국금융지주우,KOSPI,143300,145500,141000,145500
031330,에스에이엠티,KOSDAQ,8380,8270,8230,8700
053800,안랩,KOSDAQ,74100,74200,73900,77600
327260,RF머트리얼즈,KOSDAQ,45550,47000,45100,49200
014620,성광벤드,KOSDAQ GLOBAL,31200,31100,30400,32000
036830,솔브레인홀딩스,KOSDAQ GLOBAL,40400,41150,40200,42150
388210,씨엠티엑스,KOSDAQ,85100,89300,85000,89600
004490,세방전지,KOSPI,59300,59300,58500,60600
161580,필옵틱스,KOSDAQ,33800,35200,33800,35650
388720,유일로보틱스,KOSDAQ,68000,68400,67300,69800
122870,와이지엔터테인먼트,KOSDAQ GLOBAL,42800,43050,42400,43700
032500,케이엠더블유,KOSDAQ,18810,19450,18840,19710
000670,영풍,KOSPI,42600,43200,41500,43500
036530,SNT홀딩스,KOSPI,48000,45600,45250,49550
425420,티에프이,KOSDAQ,63000,64300,62000,64800
499790,GS피앤엘,KOSPI,39200,37050,37050,40350
005180,빙그레,KOSPI,87700,84300,84300,89100
365550,ESR켄달스퀘어리츠,KOSPI,3190,3250,3120,3250
100840,SNT에너지,KOSPI,36950,36500,36100,37900
033100,제룡전기,KOSDAQ GLOBAL,47100,48000,47150,48300
251970,펌텍코리아,KOSDAQ GLOBAL,61900,57700,57700,63200
085660,차바이오텍,KOSDAQ,8240,8130,8030,8320
032190,다우데이타,KOSDAQ,19740,19830,19620,20100
491000,리브스메드,KOSDAQ,29800,30300,29450,31550
074600,원익QnC,KOSDAQ,28350,29100,28550,29300
298050,HS효성첨단소재,KOSPI,165300,159600,159400,167000
044490,태웅,KOSDAQ,37100,37850,37150,38750
090360,로보스타,KOSDAQ,76500,78500,76200,79700
041960,코미팜,KOSDAQ,9900,9930,9700,10000
137310,에스디바이오센서,KOSPI,6120,6100,6070,6210
005690,파미셀,KOSPI,12200,12700,12230,12750
090710,휴림로봇,KOSDAQ,6150,6250,6080,6360
041830,인바디,KOSDAQ,54200,53700,52200,54900
100090,SK오션플랜트,KOSPI,11690,11360,11360,11830
214320,이노션,KOSPI,18200,18050,17910,18300
059090,미코,KOSDAQ,21600,22300,21700,22400
225570,넥슨게임즈,KOSDAQ,10950,10890,10780,11070
064960,SNT모티브,KOSPI,27400,25650,25600,28450
281740,레이크머티리얼즈,KOSDAQ,11090,10650,10560,11320
476060,온코닉테라퓨틱스,KOSDAQ,15870,16120,15780,16430
171090,선익시스템,KOSDAQ,71400,69000,67000,75400
038500,삼표시멘트,KOSDAQ GLOBAL,6650,6660,6470,7030
189300,인텔리안테크,KOSDAQ,67200,69900,67300,70700
213420,덕산네오룩스,KOSDAQ,29200,28700,28500,29850
006730,서부T&D,KOSDAQ GLOBAL,11190,10600,10600,11580
295310,에이치브이엠,KOSDAQ,58200,62100,57600,62500
094800,맵스리얼티,KOSPI,7700,7850,7540,7850
023160,태광,KOSDAQ GLOBAL,27500,26550,26100,28000
456040,OCI,KOSPI,79500,78000,77700,82000
476830,알지노믹스,KOSDAQ,25150,27650,25200,27750
003850,보령,KOSPI,8280,8300,8230,8380
064290,인텍플러스,KOSDAQ,54200,54800,52800,56700
033790,피노,KOSDAQ,8370,7610,7510,8590
466100,클로봇,KOSDAQ,22600,22900,22500,23200
005090,SGC에너지,KOSPI,47750,48900,47450,49950
137400,피엔티,KOSDAQ GLOBAL,29450,28800,28550,29750
090460,비에이치,KOSPI,20100,20200,19960,21150
002960,한국쉘석유,KOSPI,525000,509000,509000,530000
121600,나노신소재,KOSDAQ,55100,51700,51100,56400
122640,예스티,KOSDAQ,31350,32050,31200,32500
124500,아이티센글로벌,KOSDAQ,29150,29450,29150,30250
293940,신한알파리츠,KOSPI,5610,5610,5520,5620
005880,대한해운,KOSPI,2065,1987,1987,2075
069260,TKG휴켐스,KOSPI,16400,16200,16170,16430
093320,케이아이엔엑스,KOSDAQ,136000,133100,131500,137800
053610,프로텍,KOSDAQ,73000,76100,71700,76900
268280,미원에스씨,KOSPI,131400,133500,130400,133500
102710,이엔에프테크놀로지,KOSDAQ,46000,45500,42850,47650
048410,현대바이오,KOSDAQ,6820,6930,6810,7140
036810,에프에스티,KOSDAQ,30250,31200,30100,31600
093050,LF,KOSPI,22050,21900,21500,22050
000400,롯데손해보험,KOSPI,2050,2020,1990,2055
001680,대상,KOSPI,18340,17820,17630,18410
001570,금양,KOSPI,9900,0,0,0
000640,동아쏘시오홀딩스,KOSPI,93700,93500,92200,94100
017940,E1,KOSPI,92300,91200,90300,93800
383800,LX홀딩스,KOSPI,8190,8090,8070,8240
024850,HLB이노베이션,KOSDAQ,19680,19650,19010,19680
001060,JW중외제약,KOSPI,26750,26750,26500,27050
248070,솔루엠,KOSPI,13020,12920,12810,13300
033640,네패스,KOSDAQ,26700,27650,26950,27950
002840,미원상사,KOSPI,138600,136800,135200,138600
253450,스튜디오드래곤,KOSDAQ GLOBAL,20700,20200,20150,20800
317450,명인제약,KOSPI,42550,42150,41900,42600
014820,동원시스템즈,KOSPI,21200,20650,20600,21350
453340,현대그린푸드,KOSPI,19220,19300,18920,19350
092870,엑시콘,KOSDAQ,46100,43400,42850,47450
126340,비나텍,KOSDAQ,83400,88400,83500,88400
006650,대한유화,KOSPI,91600,90800,89400,93000
00088K,한화3우B,KOSPI,40750,40150,39550,40900
468530,프로티나,KOSDAQ,53300,50000,49750,56200
046890,서울반도체,KOSDAQ GLOBAL,10170,10350,10160,10480
079900,전진건설로봇,KOSPI,40550,40950,40550,41500
108320,LX세미콘,KOSPI,36350,36450,35850,36900
222080,SFA넥셀,KOSDAQ GLOBAL,7590,7460,7370,7790
077360,덕산하이메탈,KOSDAQ,12840,13200,12850,13600
253590,네오셈,KOSDAQ,13100,13500,13300,13940
050890,쏠리드,KOSDAQ,9480,9490,9400,10030
025540,한국단자,KOSPI,56700,55800,55700,57300
456160,지투지바이오,KOSDAQ,34500,32400,32050,36350
094170,동운아나텍,KOSDAQ,27150,27200,26850,28050
033240,자화전자,KOSPI,26300,26000,25400,26900
016380,KG스틸,KOSPI,5640,5550,5510,5690
075580,세진중공업,KOSPI,10000,10060,9910,10130
004710,한솔테크닉스,KOSPI,10650,10460,10440,11500
002350,넥센타이어,KOSPI,5750,5640,5570,5800
052400,코나아이,KOSDAQ GLOBAL,38200,37150,36800,39050
00104K,CJ4우(전환),KOSPI,130700,128200,126100,132300
178920,PI첨단소재,KOSPI,18790,18310,18200,19380
490470,세미파이브,KOSDAQ,16130,16250,15950,16790
017900,광전자,KOSPI,9600,9880,9580,10190
045100,한양이엔지,KOSDAQ,31550,32150,31500,32250
358570,지아이이노베이션,KOSDAQ,8630,8970,8550,9190
144960,뉴파워프라즈마,KOSDAQ,12600,12780,12310,12970
336370,솔루스첨단소재,KOSPI,7810,7650,7640,8180
060250,NHN KCP,KOSDAQ,13610,13270,13040,13740
114090,GKL,KOSPI,8910,8870,8850,8920
284740,쿠쿠홈시스,KOSPI,24200,23750,23750,24450
001530,DI동일,KOSPI,26300,25200,24800,26800
003300,한일홀딩스,KOSPI,17500,17850,17310,17850
079940,가비아,KOSDAQ,40050,40600,39750,41050
399720,가온칩스,KOSDAQ,45300,46250,45200,46650
005810,풍산홀딩스,KOSPI,37100,36700,36350,37450
001510,SK증권,KOSPI,2310,2315,2275,2340
452260,한화갤러리아,KOSPI,2730,2775,2710,2815
080580,오킨스전자,KOSDAQ,25100,24700,24300,26550
356680,엑스게이트,KOSDAQ,18410,18220,17900,19980
475830,오름테라퓨틱,KOSDAQ,24150,25750,24100,26000
112040,위메이드,KOSDAQ,15480,15160,15120,15780
007700,F&F홀딩스,KOSPI,13450,13240,13200,13490
001270,부국증권,KOSPI,50600,51000,50600,51500
052020,에스티큐브,KOSDAQ,7700,8010,7580,8140
219130,타이거일렉,KOSDAQ,82900,81900,79000,84800
192650,드림텍,KOSPI,7970,8450,7900,8450
009410,태영건설,KOSPI,1632,1625,1600,1650
009520,포스코엠텍,KOSDAQ GLOBAL,12480,12240,12170,12730
058650,세아홀딩스,KOSPI,126000,126500,126000,130100
0220W0,한화머시너리앤서비스홀딩스,KOSPI,6090,6390,6090,6400
397030,에이프릴바이오,KOSDAQ,18750,18600,18360,19540
003620,KG모빌리티,KOSPI,2530,2475,2465,2550
037460,삼지전자,KOSDAQ,30850,30550,30450,31850
376900,로킷헬스케어,KOSDAQ,28950,30350,29100,32900
089890,코세스,KOSDAQ,30300,29050,28550,32300
086900,메디톡스,KOSDAQ,68400,68000,67400,69200
101160,월덱스,KOSDAQ,30050,31050,30050,31050
484870,엠앤씨솔루션,KOSPI,18160,17800,17500,18420
161000,애경케미칼,KOSPI,10150,9980,9940,10310
003545,대신증권우,KOSPI,20350,20300,20100,20350
025980,아난티,KOSDAQ,5000,5100,4970,5150
214430,아이쓰리시스템,KOSDAQ,66500,67100,65400,68400
098120,마이크로컨텍솔,KOSDAQ,57900,58000,57000,59700
211050,인카금융서비스,KOSDAQ,9930,9990,9800,10150
001500,현대차증권,KOSPI,7860,7880,7790,7930
019170,신풍제약,KOSPI,9220,9230,9200,9400
029460,케이씨,KOSPI,43550,43950,43100,43950
002990,금호건설,KOSPI,12980,13100,12850,13120
033500,동성화인텍,KOSDAQ,15980,16000,15810,16220
383310,에코프로에이치엔,KOSDAQ,22500,21550,21350,22750
004690,삼천리,KOSPI,130200,130100,128700,132000
377740,바이오노트,KOSPI,4665,4650,4560,4665
145990,삼양사,KOSPI,45200,45300,45000,46250
348340,뉴로메카,KOSDAQ,20300,20000,19700,20950
019210,와이지-원,KOSDAQ,12730,12290,12230,13080
008060,대덕,KOSPI,15080,14780,14760,15300
460860,동국제강,KOSPI,9430,9450,9250,9610
099190,아이센스,KOSDAQ,15980,15980,15820,16080
034950,한국기업평가,KOSDAQ,103500,104000,103500,104000
039130,하나투어,KOSPI,30350,30500,30150,30700
015750,성우하이텍,KOSDAQ,5850,5730,5730,5880
027360,아주IB투자,KOSDAQ,3820,4075,3800,4075
035890,서희건설,KOSDAQ,2255,2270,2230,2305
041190,우리기술투자,KOSDAQ,5760,5880,5770,6000
460930,현대힘스,KOSDAQ,13000,13000,12910,13230
082270,젬백스,KOSDAQ,10170,10200,10010,10430
365340,성일하이텍,KOSDAQ,35250,34450,34050,36250
042000,카페24,KOSDAQ,18670,17530,17040,19560
078340,컴투스,KOSDAQ GLOBAL,37500,34600,34600,37900
000070,삼양홀딩스,KOSPI,58300,58400,57600,58500
348370,엔켐,KOSDAQ,20600,20050,19910,21300
056080,유진로봇,KOSDAQ,11880,12000,11680,12330
005250,녹십자홀딩스,KOSPI,9580,9490,9420,9650
002240,고려제강,KOSPI,16740,16670,16540,16790
069540,빛과전자,KOSDAQ,3995,4020,3955,4180
340570,티앤엘,KOSDAQ,28050,28850,27900,28950
090435,아모레퍼시픽우,KOSPI,42250,42700,41800,43000
448730,삼성FN리츠,KOSPI,4920,4860,4795,4950
104830,원익머트리얼즈,KOSDAQ,35550,36900,35300,37000
013030,하이록코리아,KOSDAQ,38150,37800,37650,39150
003030,세아제강지주,KOSPI,106400,101100,100700,108200
249420,일동제약,KOSPI,14010,14100,13900,14320
010780,아이에스동서,KOSPI,14960,15050,14870,15170
034310,NICE,KOSPI,12060,11930,11800,12180
290550,디케이티,KOSDAQ,22150,22300,21700,22650
004700,조광피혁,KOSPI,66300,65400,65400,66900
003280,흥아해운,KOSPI,1853,1788,1787,1835
009900,명신산업,KOSPI,8320,8060,8060,8410
187660,페니트리움바이오,KOSDAQ,6840,6740,6530,6990
016610,DB증권,KOSPI,10300,10390,10130,10390
020000,한섬,KOSPI,20350,19830,19550,20400
336570,원텍,KOSDAQ,4880,4880,4830,4975
278280,천보,KOSDAQ,35650,34500,34000,36900
005945,NH투자증권우,KOSPI,22950,23150,22700,23150
486990,노타,KOSDAQ,20100,20150,19610,20600
125490,한라캐스트,KOSDAQ,11680,12000,11750,12210
067160,SOOP,KOSDAQ GLOBAL,37150,36400,35900,37300
204620,글로벌텍스프리,KOSDAQ,5980,5810,5700,6200
002030,아세아,KOSPI,206500,212500,203000,212500
368770,파이버프로,KOSDAQ,12880,13240,12860,13570
475960,토모큐브,KOSDAQ,31150,28800,28500,32600
030520,한컴,KOSDAQ,17500,17050,17010,17700
089010,켐트로닉스,KOSDAQ,25150,24600,24150,26650
272290,이녹스첨단소재,KOSDAQ GLOBAL,21100,21150,20950,21800
170920,엘티씨,KOSDAQ,38750,38300,38000,41150
114810,한솔아이원스,KOSDAQ,14790,14420,14230,15160
306200,세아제강,KOSPI,146500,139300,137600,147500
072710,농심홀딩스,KOSPI,89800,90600,89200,90700
357120,코람코라이프인프라리츠,KOSPI,4280,4290,4160,4290
241770,메카로,KOSDAQ,40650,41600,40450,42250
067630,HLB생명과학,KOSDAQ,3405,3405,3405,3405
014830,유니드,KOSPI,61300,60700,60100,61900
078350,한양디지텍,KOSDAQ,27000,27500,25700,27650
477850,마키나락스,KOSDAQ,22750,21400,20850,23850
005389,현대차3우B,KOSPI,175900,175000,174300,177100
092230,KPX홀딩스,KOSPI,97000,95200,91100,97400
403550,쏘카,KOSPI,10940,10710,10570,10850
130660,한전산업,KOSPI,12320,12310,12200,12670
386380,스카이랩스,KOSDAQ,21300,23400,21500,24250
376300,디어유,KOSDAQ,17020,17000,16850,17230
332570,PS일렉트로닉스,KOSDAQ,8700,8840,8760,9040
018290,브이티,KOSDAQ,11580,11180,11060,11550
005420,코스모화학,KOSPI,10380,10270,10180,10780
271940,일진하이솔루스,KOSPI,10960,11120,10990,11140
033160,엠케이전자,KOSDAQ,16070,16500,16040,16870
001200,유진투자증권,KOSPI,4130,4150,4075,4150
002810,삼영무역,KOSPI,21500,21200,21000,21650
003000,부광약품,KOSPI,4020,3970,3925,4065
078130,국일제지,KOSDAQ,3455,3490,3440,3530
016590,신대양제지,KOSPI,9600,9900,9600,9900
417840,저스템,KOSDAQ,16690,17010,16490,17430
095660,네오위즈,KOSDAQ,17840,17930,17730,18040
236200,슈프리마,KOSDAQ,55700,55700,53800,56900
079370,제우스,KOSDAQ,12370,12800,12060,12960
015360,INVENI,KOSPI,14680,14800,14500,14800
174900,앱클론,KOSDAQ,19410,20050,19270,20250
101730,위메이드맥스,KOSDAQ,4575,4625,4580,4730
029530,신도리코,KOSPI,39550,39250,39000,39750
344820,KCC글라스,KOSPI,23900,23800,23250,24150
456010,아이씨티케이,KOSDAQ,26150,23250,22950,28150
215200,메가스터디교육,KOSDAQ,36950,36250,35950,37250
159010,아스플로,KOSDAQ,28400,29900,27500,30350
001940,KISCO홀딩스,KOSPI,26750,26400,26050,26900
317400,자이에스앤디,KOSPI,9640,9890,9630,10330
183190,아세아시멘트,KOSPI,10500,10660,10360,10660
194370,제이에스코퍼레이션,KOSPI,12720,12700,12600,12840
441270,파인엠텍,KOSDAQ,8690,8730,8530,8930
031430,신세계인터내셔날,KOSPI,10510,10350,10350,10680
092730,네오팜,KOSDAQ,22800,23250,22850,23550
107640,한중엔시에스,KOSDAQ,40750,40850,40600,42600
439960,코스모로보틱스,KOSDAQ,11400,11480,11210,11780
126560,현대퓨처넷,KOSPI,3365,3360,3330,3370
006220,제주은행,KOSPI,9710,9570,9570,9820
008730,율촌화학,KOSPI,14660,14830,14610,15180
078020,LS증권,KOSDAQ,6570,6530,6510,6660
950210,프레스티지바이오파마,KOSPI,6140,5990,5990,6190
089590,제주항공,KOSPI,4515,4515,4410,4600
200710,에이디테크놀로지,KOSDAQ,26550,26750,26350,27150
069080,웹젠,KOSDAQ GLOBAL,11630,11250,11210,11770
003800,에이스침대,KOSDAQ,32550,32250,32250,32800
018000,유니슨,KOSDAQ,1237,1282,1232,1294
078160,메디포스트,KOSDAQ,9190,9180,9080,9400
027410,BGF,KOSPI,3730,3720,3680,3745
011930,신성이엔지,KOSPI,17700,17000,16800,18500
092790,넥스틸,KOSPI,13700,13110,13030,13840
006910,보성파워텍,KOSDAQ,7250,7610,7260,7630
010955,S-Oil우,KOSPI,87700,83800,83800,88900
052710,아모텍,KOSDAQ,18890,19150,18100,19430
007690,국도화학,KOSPI,38100,36800,36800,38450
0120G0,삼양바이오팜,KOSPI,47600,48050,47300,49450
060980,HL홀딩스,KOSPI,39050,39000,38300,39400
012030,DB,KOSPI,1750,1715,1682,1772
348210,넥스틴,KOSDAQ,33250,33550,33150,34450
003350,한국화장품제조,KOSPI,15360,15850,15320,16240
036800,나이스정보통신,KOSDAQ,7620,7420,7380,7910
015860,일진홀딩스,KOSPI,7050,7030,6950,7180
104700,한국철강,KOSPI,9480,9400,9330,9580
092190,서울바이오시스,KOSDAQ,7600,8000,7510,8090
025320,시노펙스,KOSDAQ,3785,3785,3760,3895
025900,동화기업,KOSDAQ,6880,6730,6650,7040
006405,삼성SDI우,KOSPI,214500,212000,210500,218000
330860,네패스아크,KOSDAQ,27850,29100,27800,29250
000157,두산2우B,KOSPI,384500,400000,383500,405000
138080,오이솔루션,KOSDAQ,27350,29000,27550,31300
393890,더블유씨피,KOSDAQ,10090,10530,10030,10750
105630,한세실업,KOSPI,8580,8570,8530,8630
200470,에이팩트,KOSDAQ,7720,8210,7700,8210
02826K,삼성물산우B,KOSPI,231000,241500,225500,243000
170900,동아에스티,KOSPI,34850,34450,34200,35000
046970,우리로,KOSDAQ,7640,7930,7700,8140
064260,다날,KOSDAQ,4455,4375,4315,4510
011760,현대코퍼레이션,KOSPI,25350,25050,25050,25500
093520,매커스,KOSDAQ,28050,28850,27750,29450
017810,풀무원,KOSPI,8770,8910,8710,8910
005610,삼립,KOSPI,39350,38900,38550,39450
060280,큐렉소,KOSDAQ,8200,7870,7820,8460
217590,티엠씨,KOSPI,13850,14310,13800,14540
424870,이뮨온시아,KOSDAQ,3620,3330,3330,3815
001230,동국홀딩스,KOSPI,2120,2130,2075,2195
036620,감성코퍼레이션,KOSDAQ,3660,3695,3625,3720
372320,큐로셀,KOSDAQ,21450,21800,21350,22500
121440,골프존홀딩스,KOSDAQ,7670,7520,7520,7950
002310,아세아제지,KOSPI,8290,8360,8160,8390
009290,광동제약,KOSPI,6530,6400,6330,6550
017890,한국알콜,KOSDAQ,15690,15480,15410,16420
0010S0,와이즈플래닛컴퍼니,KOSDAQ,32450,46900,32450,47800
097520,엠씨넥스,KOSPI,18600,18490,18000,18950
039440,에스티아이,KOSDAQ,20750,21300,20750,21300
199800,툴젠,KOSDAQ,35800,35400,34500,36650
110990,디아이티,KOSDAQ,16970,17620,16850,17630
096760,JW홀딩스,KOSPI,4370,4330,4280,4380
145720,덴티움,KOSPI,37150,36450,36350,37300
448900,한국피아이엠,KOSDAQ,52400,53900,52300,54900
452430,사피엔반도체,KOSDAQ,39100,39600,37400,40650
024720,콜마홀딩스,KOSPI,9350,9300,9120,9410
117730,티로보틱스,KOSDAQ,14150,14250,14050,14440
215600,신라젠,KOSDAQ,2300,2260,2260,2335
455900,엔젤로보틱스,KOSDAQ,20850,21150,20700,21250
389470,인벤티지랩,KOSDAQ,23900,25000,23700,25450
047920,HLB제약,KOSDAQ,9620,9620,9620,9620
381970,KG모빌리티플랫폼,KOSPI,6510,6330,6320,6620
234340,헥토파이낸셜,KOSDAQ,22200,22150,21700,23000
272450,진에어,KOSPI,5990,6070,5880,6160
002020,코오롱,KOSPI,24150,24000,23800,24550
488900,비츠로넥스텍,KOSDAQ,10700,10860,10600,10940
020120,키다리스튜디오,KOSPI,8390,7620,7600,8750
009160,SIMPAC,KOSPI,4800,4745,4720,4815
900290,GRT,KOSDAQ,3345,3450,3310,3450
061970,LB세미콘,KOSDAQ,4380,4480,4370,4585
206650,유바이오로직스,KOSDAQ,8370,8300,8250,8590
026890,스틱인베스트먼트,KOSPI,8030,7880,7740,8060
168360,펨트론,KOSDAQ,13620,14390,13570,14390
126720,수산인더스트리,KOSPI,21600,21500,21250,21650
002710,TCC스틸,KOSPI,11540,11260,11150,11760
025860,남해화학,KOSPI,6150,6080,6010,6180
123890,한국자산신탁,KOSPI,2465,2425,2420,2480
010820,퍼스텍,KOSPI,6160,6310,6200,6410
482630,삼양엔씨켐,KOSDAQ,13670,13950,13390,13950
484590,삼양컴텍,KOSDAQ,7170,6640,6630,7690
108670,LX하우시스,KOSPI,33450,32900,32350,33850
352480,씨앤씨인터내셔널,KOSDAQ,21900,22250,21700,22300
018250,애경산업,KOSPI,11220,11010,11010,11250
071200,인피니트헬스케어,KOSDAQ,12140,11820,11820,12360
010580,에스엠벡셀,KOSPI,2650,2700,2590,2895
035810,이지홀딩스,KOSDAQ,4565,4510,4460,4590
200880,서연이화,KOSPI,10970,10910,10810,10990
000430,대원강업,KOSPI,4760,4900,4705,4930
025770,한국정보통신,KOSDAQ,7860,7890,7660,7960
446540,메가터치,KOSDAQ,10040,10900,9960,10900
042370,비츠로테크,KOSDAQ,11130,10710,10600,11540
244920,에이플러스에셋,KOSPI,13010,12640,12350,13030
001750,한양증권,KOSPI,19300,19300,19000,19300
203650,드림시큐리티,KOSDAQ,2815,2805,2750,3045
425040,티이엠씨,KOSDAQ,13200,12750,12700,13220
101930,인화정공,KOSDAQ,6320,6340,6300,6410
003120,일성아이에스,KOSPI,21700,22200,21500,22200
005720,넥센,KOSPI,5490,5390,5370,5500
265520,AP시스템,KOSDAQ,19120,19210,18940,19320
034830,한국토지신탁,KOSPI,1136,1135,1122,1141
005950,이수화학,KOSPI,10900,10680,10550,11020
036200,유니셈,KOSDAQ,9350,9520,9330,9760
012210,삼미금속,KOSDAQ,12150,12300,12070,13520
160980,싸이맥스,KOSDAQ,25850,27100,25800,27100
049070,인탑스,KOSDAQ,18160,18230,18010,18410
472850,폰드그룹,KOSDAQ,4940,4975,4885,4985
092460,한라IMS,KOSDAQ,16620,16540,16330,16790
091580,상신이디피,KOSDAQ,21250,20900,20600,22200
001390,KG케미칼,KOSPI,4295,4210,4160,4310
136480,하림,KOSDAQ,2655,2650,2640,2670
084690,대상홀딩스,KOSPI,7820,7750,7710,7870
004310,현대약품,KOSPI,8800,9030,8770,9290
016800,퍼시스,KOSPI,24550,24500,23650,24600
228760,지노믹트리,KOSDAQ,11330,11300,11150,11620
044450,KSS해운,KOSPI,12250,11900,11610,12650
033270,유나이티드제약,KOSPI,17640,17750,17570,17760
054950,제이브이엠,KOSDAQ,23300,23150,23000,23400
389500,에스비비테크,KOSDAQ,41800,43000,42050,44600
099440,스맥,KOSDAQ,4090,4170,4070,4220
448280,에코아이,KOSDAQ,9290,9340,9230,9430
122900,아이마켓코리아,KOSPI,8370,8390,8300,8420
084010,대한제강,KOSPI,7990,7810,7760,8100
058430,포스코스틸리온,KOSPI,4595,4560,4530,4685
200670,휴메딕스,KOSDAQ,24700,24200,24150,25000
005430,한국공항,KOSPI,87300,84800,84200,89100
002900,TYM,KOSPI,6690,6580,6540,6740
004430,송원산업,KOSPI,11500,11280,11260,11570
084110,휴온스글로벌,KOSDAQ,21700,21300,21300,21950
035600,KG이니시스,KOSDAQ,9940,9930,9900,10000
105840,우진,KOSPI,13580,13760,13560,14130
086390,유니테스트,KOSDAQ,12900,13150,12820,13340
232530,이엠티,KONEX,10680,10990,10000,10990
091810,트리니티항공,KOSPI,2640,2635,2550,2690
294570,쿠콘,KOSDAQ,26500,26350,26200,27150
017390,서울가스,KOSPI,54400,54500,54000,54800
317330,덕산테코피아,KOSDAQ,13150,12830,12740,13615
309710,아이티켐,KOSDAQ,21000,0,0,0
094360,칩스앤미디어,KOSDAQ,12310,11960,11780,13090
078520,에이블씨엔씨,KOSPI,10720,10660,10510,10930
068930,디지털대성,KOSDAQ,9670,9510,9420,10000
182400,엔케이젠바이오텍코리아,KOSDAQ,3670,0,0,0
037710,광주신세계,KOSPI,34750,34650,34650,35150
098070,한텍,KOSDAQ,23600,24100,23550,24250
091700,파트론,KOSDAQ,5290,5230,5200,5340
286940,롯데이노베이트,KOSPI,17320,17300,17150,17370
493280,아이엠바이오로직스,KOSDAQ,17900,17670,17250,18390
043150,바텍,KOSDAQ,17570,17500,17270,17660
216080,제테마,KOSDAQ,7010,7400,7000,7400
0161M0,네오사피엔스,KOSDAQ,20850,25000,21100,25200
024840,KBI메탈,KOSDAQ,5940,6290,5980,6410
036890,진성티이씨,KOSDAQ,11900,12000,11540,12100
484120,도우인시스,KOSDAQ,23150,24000,22500,24250
010690,화신,KOSPI,7470,7360,7340,7530
051500,CJ프레시웨이,KOSDAQ,21850,21850,21600,22000
060720,KH바텍,KOSDAQ,10940,11020,10950,11140
377450,리파인,KOSDAQ,14960,14530,14190,15070
389650,넥스트바이오메디컬,KOSDAQ,31550,32700,31350,33050
394280,오픈엣지테크놀로지,KOSDAQ,9720,9800,9550,10050
151860,KG에코솔루션,KOSDAQ,5490,5430,5370,5480
378340,필에너지,KOSDAQ,11990,11760,11760,12450
067390,아스트,KOSDAQ,6200,6170,6100,6330
287840,인투셀,KOSDAQ,17170,17960,17000,18090
042520,한스바이오메드,KOSDAQ,18050,17950,17800,18370
0011T0,채비,KOSDAQ,5400,5490,5350,5580
121800,비덴트,KOSDAQ,3320,0,0,0
267980,매일유업,KOSDAQ,33500,33750,33100,33750
089980,상아프론테크,KOSDAQ,15950,15480,15410,16140
005680,삼영전자,KOSPI,12780,12720,12650,12920
004360,세방,KOSPI,13400,13300,13260,13390
003200,일신방직,KOSPI,11120,10950,10860,11190
334890,이지스밸류플러스리츠,KOSPI,3635,3670,3605,3705
377460,큐에이드,KOSDAQ,4080,0,0,0
461300,아이스크림미디어,KOSDAQ,18680,18880,18470,19160
452280,한선엔지니어링,KOSDAQ,13020,13500,12830,13700
304360,에스바이오메딕스,KOSDAQ,20550,20250,19860,21000
023410,유진기업,KOSDAQ,3250,3210,3205,3275
439090,마녀공장,KOSDAQ,15280,15360,15040,15570
354320,알멕,KOSDAQ,39100,42200,38800,42300
005500,삼진제약,KOSPI,18680,18390,18390,18810
432320,KB스타리츠,KOSPI,1646,1660,1613,1660
036710,심텍홀딩스,KOSDAQ,4555,4485,4370,4750
003960,사조대림,KOSPI,26950,26700,26650,27150
298690,에어부산,KOSPI,1515,1527,1514,1530
136490,선진,KOSPI,10270,10300,10230,10430
065680,우주일렉트로,KOSDAQ,26300,26950,25850,26950
001790,대한제당,KOSPI,2840,2825,2790,2865
073490,LIG아큐버,KOSDAQ,32000,31800,31650,32900
007160,사조산업,KOSPI,48800,49500,48650,49500
115450,HLB테라퓨틱스,KOSDAQ,2580,2580,2580,2580
044820,코스맥스비티아이,KOSPI,25400,26000,25000,26000
314130,지놈앤컴퍼니,KOSDAQ,4605,4800,4545,4800
030210,다올투자증권,KOSPI,3960,3905,3830,3980
404990,신한서부티엔디리츠,KOSPI,4065,3910,3855,3930
036030,케이티알파,KOSDAQ,4920,4920,4905,4970
108860,셀바스AI,KOSDAQ,8890,8960,8850,9220
254490,미래반도체,KOSDAQ,16590,16820,16500,17140
025000,KPX케미칼,KOSPI,57400,56900,56500,57800
003920,남양유업,KOSPI,42200,42200,41750,42700
376270,HEM파마,KOSDAQ,33150,33600,33000,34000
389260,대명에너지,KOSDAQ,13260,12860,12860,13460
053690,한미글로벌,KOSPI,21650,21500,21050,22200
043370,피에이치에이,KOSDAQ,11310,11110,11110,11340
445090,에이직랜드,KOSDAQ,21350,22000,21400,22100
008490,서흥,KOSPI,20250,20050,19850,20500
011560,세보엠이씨,KOSDAQ,23200,24300,23150,24550
064820,케이프,KOSDAQ,7660,7630,7500,7700
272110,케이엔제이,KOSDAQ,28750,30400,28850,30400
256840,한국비엔씨,KOSDAQ,3425,2655,2650,3425
000680,LS네트웍스,KOSPI,2970,2955,2910,3000
003070,코오롱글로벌,KOSPI,9200,9230,9090,9280
900140,엘브이엠씨홀딩스,KOSPI,1210,1110,1100,1327
064850,에프앤가이드,KOSDAQ,20100,20300,18930,20750
348950,제이알글로벌리츠,KOSPI,1182,0,0,0
019010,베뉴지,KOSDAQ,4855,4920,4700,4935
065710,서호전기,KOSDAQ,45200,45250,44700,45450
032580,피델릭스,KOSDAQ,7010,7000,6810,7300
100120,뷰웍스,KOSDAQ,26100,25750,25700,26550
462350,이노스페이스,KOSDAQ,6810,6650,6600,6920
394800,쓰리빌리언,KOSDAQ,7070,7260,7010,7540
226320,잇츠한불,KOSPI,10590,10600,10470,10610
002320,한진,KOSPI,14680,14290,14130,14910
416180,신성에스티,KOSDAQ,25600,24950,24750,28500
180400,DXVX,KOSDAQ,2330,2390,2320,2445
243070,휴온스,KOSDAQ,19040,19080,18800,19250
215000,골프존,KOSDAQ,36450,35900,35550,36550
001470,삼부토건,KOSPI,5820,0,0,0
144510,지씨셀,KOSDAQ,14390,14250,14200,14730
0030R0,대신밸류리츠,KOSPI,3805,3705,3660,3845
001340,PKC,KOSPI,5050,5100,5040,5270
064550,바이오니아,KOSDAQ,8650,8770,8550,8980
200130,콜마비앤에이치,KOSDAQ GLOBAL,7850,7750,7660,7870
094480,갤럭시아머니트리,KOSDAQ,5660,5650,5560,5780
023760,한국캐피탈,KOSDAQ,1438,1408,1405,1428
000540,흥국화재,KOSPI,3510,3460,3400,3505
085910,네오티스,KOSDAQ,16320,16820,16250,17380
017860,DS단석,KOSPI,12670,12290,12200,12970
005010,휴스틸,KOSPI,3970,3870,3820,3980
000490,대동,KOSPI,7710,7510,7460,7790
298830,슈어소프트테크,KOSDAQ,4115,4050,4015,4235
001460,BYC,KOSPI,35450,34550,34550,35800
035510,신세계 I&C,KOSPI,15670,15680,15660,16110
134380,미원화학,KOSPI,10040,10210,10040,10210
009680,모토닉,KOSPI,10140,10120,10060,10220
190510,나무가,KOSDAQ,15610,15690,15540,16000
028100,동아지질,KOSPI,19640,19700,19110,19720
0008Z0,에스엔시스,KOSDAQ,23200,23450,23050,23950
481070,에이유브랜즈,KOSDAQ,15400,15430,15010,15480
001250,GS글로벌,KOSPI,2645,2530,2525,2685
000050,경방,KOSPI,7980,7990,7920,8000
237880,클리오,KOSDAQ,12120,12050,11890,12180
241520,DSC인베스트먼트,KOSDAQ,8180,8150,8020,8380
114190,강원에너지,KOSDAQ,8380,8340,8260,8600
034120,SBS,KOSPI,11750,11800,11650,11800
003720,삼영,KOSPI,6360,6460,6380,6640
003650,미창석유,KOSPI,125200,125300,122100,129700
005710,대원산업,KOSDAQ,10790,10600,10550,10870
033920,무학,KOSPI,7520,7510,7440,7610
475560,더본코리아,KOSPI,14540,14580,14570,14770
092200,디아이씨,KOSPI,5550,5570,5490,5740
475400,씨메스로보틱스,KOSDAQ,18310,18640,18280,18680
045390,대아티아이,KOSDAQ,3045,3100,3010,3105
067080,대화제약,KOSDAQ,11460,11510,11300,11680
450950,아스테라시스,KOSDAQ,5730,5900,5510,6140
0001A0,덕양에너젠,KOSDAQ,8510,8480,8380,8690
462860,더즌,KOSDAQ,2995,3040,2960,3110
243840,신흥에스이씨,KOSDAQ,5540,5450,5300,5690
365270,큐라클,KOSDAQ,9690,9570,9400,9990
307180,아이엘,KOSDAQ,5710,5780,5390,5960
018310,삼목에스폼,KOSDAQ,14470,14410,14400,14540
125020,티씨머티리얼즈,KOSDAQ,6030,6200,6050,6300
112290,와이씨켐,KOSDAQ,10490,10750,10030,10930
290690,아리바이오홀딩스,KOSDAQ,3990,4015,3980,4175
077500,유니퀘스트,KOSPI,9660,9100,8970,10410
382900,범한퓨얼셀,KOSDAQ,23900,24750,23950,24750
03473K,SK우,KOSPI,371000,389000,367000,389000
011500,한농화성,KOSPI,13390,13110,13070,13770
206640,바디텍메드,KOSDAQ,9490,9420,9300,9640
088260,이리츠코크렙,KOSPI,3295,3275,3210,3295
000320,노루홀딩스,KOSPI,15850,15710,15610,15800
053030,바이넥스,KOSDAQ,6300,6150,6070,6420
003555,LG우,KOSPI,68700,68300,67900,69000
380540,옵티코어,KOSDAQ,8450,0,0,0
051905,LG생활건강우,KOSPI,97900,98500,96600,99400
950170,JTC,KOSDAQ,4240,4315,4200,4315
014940,오리엔탈정공,KOSDAQ,4500,4500,4445,4570
340450,지씨지놈,KOSDAQ,8710,8210,8210,8880
004980,성신양회,KOSPI,8250,8150,8070,8400
035150,백산,KOSPI,10310,10330,10320,10500
353810,이지바이오,KOSDAQ,6180,6180,6100,6200
058970,엠로,KOSDAQ,16520,16360,16140,16840
099430,바이오플러스,KOSDAQ,3330,3300,3275,3395
000650,천일고속,KOSPI,142600,142000,140600,146800
036190,금화피에스시,KOSDAQ,34000,33400,33400,34450
053300,한국정보인증,KOSDAQ,5120,5040,5010,5180
049430,코메론,KOSDAQ,22400,22950,22350,23050
013580,계룡건설,KOSPI,22500,22400,22000,22800
095500,미래나노텍,KOSDAQ,6510,6400,6380,6650
000480,CR홀딩스,KOSPI,4300,4305,4265,4305
459510,나우로보틱스,KOSDAQ,15430,15660,15440,15680
217730,강스템바이오텍,KOSDAQ,2150,2105,2060,2220
037270,YG PLUS,KOSPI,3120,3095,3065,3145
199430,케이엔알시스템,KOSDAQ,17780,18110,17720,18350
025560,미래산업,KOSPI,7080,6560,6340,7650
298000,효성화학,KOSPI,52700,51500,50500,53300
061090,세나테크놀로지,KOSDAQ,36300,36650,36300,37000
100250,진양홀딩스,KOSPI,3100,3065,3050,3115
078150,HB테크놀러지,KOSDAQ,2065,2060,2045,2110
314930,바이오다인,KOSDAQ,6640,6740,6580,6790
117580,대성에너지,KOSPI,7200,7010,7010,7170
417030,니어스랩,KOSDAQ,33300,38000,33250,38500
377190,디앤디플랫폼리츠,KOSPI,2200,2240,2175,2240
095570,AJ네트웍스,KOSPI,4300,4290,4230,4380
126730,코칩,KOSDAQ,22300,22850,22050,23650
086670,비엠티,KOSDAQ,19590,19310,19010,19730
000390,SP삼화,KOSPI,7090,7030,6980,7250
005960,동부건설,KOSPI,8420,8460,8240,8460
039570,HDC랩스,KOSPI,7540,7450,7410,7500
083310,엘오티베큠,KOSDAQ,10790,11200,10680,11200
080720,한국유니온제약,KOSDAQ,2410,0,0,0
042420,네오위즈홀딩스,KOSDAQ,23500,23250,23150,23950
002420,우양피앤엘,KOSPI,6150,6100,5970,6220
123330,제닉,KOSDAQ,23900,24200,23850,24550
339770,교촌에프앤비,KOSPI,3835,3840,3785,3840
308430,셀비온,KOSDAQ,14390,14800,14050,15140
053210,스카이라이프,KOSPI,4000,3990,3965,4015
013120,동원개발,KOSDAQ,2105,2100,2080,2110
036560,KZ정밀,KOSDAQ,11910,12170,11980,12170
304100,솔트룩스,KOSDAQ,15080,15110,15060,15350
005160,동국산업,KOSDAQ,3495,3495,3495,3540
024060,흥구석유,KOSDAQ,13150,12370,12330,12720
016580,환인제약,KOSPI,10100,10070,10030,10190
192440,슈피겐코리아,KOSDAQ,30400,30050,30000,30750
003520,영진약품,KOSPI,1037,1042,1022,1065
194700,노바렉스,KOSDAQ,10280,10150,10140,10440
126600,BGF에코머티리얼즈,KOSDAQ,3015,3005,2960,3030
487570,HS효성,KOSPI,49400,49650,48100,51000
001630,종근당홀딩스,KOSPI,37650,37450,37400,37650
066620,국보디자인,KOSDAQ,25050,25500,24900,25800
102460,이연제약,KOSPI,10080,9950,9950,10170
016790,현대사료,KOSDAQ,994,0,0,0
034810,해성산업,KOSDAQ,5890,5980,5890,5980
102940,코오롱생명과학,KOSDAQ,14280,14080,14060,14530
452450,피아이이,KOSDAQ,5180,5350,5190,5580
143240,사람인,KOSDAQ,17420,17500,17200,17500
004560,현대비앤지스틸,KOSPI,12460,12500,12300,12700
293780,압타바이오,KOSDAQ,6800,6400,6400,6820
052330,코텍,KOSDAQ,10520,10270,10240,10590
388050,지투파워,KOSDAQ,9910,10280,9900,10470
003547,대신증권2우B,KOSPI,19740,19460,19280,19480
001130,대한제분,KOSPI,10990,11090,10820,11100
260870,SK시그넷,KONEX,8130,8130,8130,8140
102260,동성케미컬,KOSPI,3665,3620,3600,3675
484810,티엑스알로보틱스,KOSDAQ,11960,12040,11860,12200
128820,대성산업,KOSPI,4075,4005,3980,4160
084850,아이티엠반도체,KOSDAQ,8050,8040,7980,8150
046120,오르비텍,KOSDAQ,5390,5560,5290,5680
176750,듀켐바이오,KOSDAQ,6450,6470,6380,6580
033530,SJG세종,KOSPI,6760,6660,6630,6820
003610,방림,KOSPI,5700,5700,5670,5800
163730,핑거,KOSDAQ,14200,12660,12360,14620
000140,하이트진로홀딩스,KOSPI,7940,7890,7740,7890
214180,헥토이노베이션,KOSDAQ,13910,14000,13860,14140
464080,에스오에스랩,KOSDAQ,10100,9990,9790,10260
230240,에치에프알,KOSDAQ,13470,13820,13410,14240
083930,아바코,KOSDAQ,12220,12120,12020,12450
213500,한솔제지,KOSPI,7590,7500,7470,7600
094820,일진파워,KOSDAQ,11910,12020,11810,12210
068790,DMS,KOSDAQ,8000,7770,7350,8150
419530,SAMG엔터,KOSDAQ,17490,17360,17280,17820
000520,삼일제약,KOSPI,8180,8100,8040,8520
067290,JW신약,KOSDAQ,3145,3245,3150,3385
194480,데브시스터즈,KOSDAQ,14610,14310,14310,14870
003220,대원제약,KOSPI,7890,7840,7840,7950
403850,더핑크퐁컴퍼니,KOSDAQ,12240,12210,12110,12500
007860,서연,KOSPI,7500,7390,7310,7600
041920,메디아나,KOSDAQ,9550,9010,8990,9590
274090,켄코아에어로스페이스,KOSDAQ,12750,12950,12800,13370
015230,대창단조,KOSPI,6560,6590,6470,6700
318060,그래피,KOSDAQ,15860,16140,15740,16450
108380,대양전기공업,KOSDAQ,18290,18400,18240,18590
0015G0,그린광학,KOSDAQ,15130,14790,14450,15230
086820,바이오솔루션,KOSDAQ,6710,6340,6270,6970
138610,나이벡,KOSDAQ,15340,15530,15100,15800
002100,경농,KOSPI,9120,8970,8970,9060
387690,레메디,KOSDAQ,23100,18590,18580,24500
263860,지니언스,KOSDAQ,19330,18380,18080,19490
051160,지어소프트,KOSDAQ,12980,12030,11690,13390
234080,JW생명과학,KOSPI,11110,10980,10910,11080
405100,큐알티,KOSDAQ,14150,14250,14080,14470
489460,바이오비쥬,KOSDAQ,11810,11960,11640,12170
000300,DH오토넥스,KOSPI,4200,0,0,0
000700,유수홀딩스,KOSPI,6690,6640,6600,6700
016450,한세예스24홀딩스,KOSPI,4360,4310,4305,4345
082800,비보존 제약,KOSDAQ,2830,2870,2815,2895
0039P0,매드업,KOSDAQ,8870,7800,7770,9550
092130,이크레더블,KOSDAQ,14250,14250,14140,14320
054210,이랜텍,KOSDAQ,6770,6580,6530,6860
143160,아이디스,KOSDAQ,16070,15920,15780,15980
270660,에브리봇,KOSDAQ,13400,13410,13400,13600
009470,삼화전기,KOSPI,25850,25950,25700,26800
012860,모베이스전자,KOSDAQ,2310,2280,2265,2407
234690,녹십자웰빙,KOSDAQ,9410,9000,9000,9640
039860,나노엔텍,KOSDAQ,4440,4190,4190,4925
002150,도화엔지니어링,KOSPI,5070,5030,4955,5060
003460,유화증권,KOSPI,3000,3000,2960,3000
199820,제일일렉트릭,KOSDAQ,7630,7590,7500,7840
475040,스트라드비젼,KOSDAQ,3140,3100,3090,3230
122990,와이솔,KOSDAQ,6640,6610,6520,6680
039830,오로라,KOSDAQ,15760,15530,15290,15820
264850,이랜시스,KOSDAQ,5580,5720,5570,5780
119610,인터로조,KOSDAQ,14840,14380,14250,15040
051370,인터플렉스,KOSDAQ,7270,7000,6990,7690
123410,코리아에프티,KOSDAQ,6080,5950,5880,6120
382800,지앤비에스 에코,KOSDAQ,5230,5170,5160,5520
260970,에스앤디,KOSDAQ,57500,57200,56500,58500
357550,석경에이티,KOSDAQ,30450,31000,30300,31000
104480,티케이케미칼,KOSDAQ,1860,1809,1795,1864
264450,유비쿼스,KOSDAQ,11360,11410,11100,11500
245620,EDGC,KOSDAQ,741,0,0,0
241590,화승엔터프라이즈,KOSPI,2775,2695,2640,2760
049630,재영솔루텍,KOSDAQ,7130,7200,7100,7360
032620,GC메디아이,KOSDAQ,3205,3100,3070,3230
036170,에이치엠넥스,KOSDAQ,2715,2765,2640,2765
038390,레드캡투어,KOSDAQ,10020,10030,9950,10080
478340,나라스페이스테크놀로지,KOSDAQ,13980,14090,14090,15490
289080,SV인베스트먼트,KOSDAQ,2735,2725,2715,2825
119830,아이텍,KOSDAQ,6220,6180,6170,6370
118990,모트렉스,KOSDAQ,6730,6760,6690,6800
126700,하이비젼시스템,KOSDAQ,10960,10610,10570,11300
488280,에스투더블유,KOSDAQ,15070,15310,15080,15880
0082N0,카나프테라퓨틱스,KOSDAQ,12210,12300,12080,12970
402030,코난테크놀로지,KOSDAQ,13040,13470,12940,13470
204610,티쓰리,KOSDAQ,2920,2955,2910,2990
134580,탑코미디어,KOSDAQ,3320,3145,3050,3435
372170,윤성에프앤씨,KOSDAQ,20300,20400,19940,20800
950140,잉글우드랩,KOSDAQ,8250,7950,7950,8200
032940,원익,KOSDAQ,8940,9300,8885,9310
093190,빅솔론,KOSDAQ,8470,8090,8000,8430
014710,사조씨푸드,KOSPI,9360,9250,9220,9500
101530,해태제과식품,KOSPI,5530,0,0,0
088800,에이스테크,KOSDAQ,2145,2220,2130,2260
013990,아가방컴퍼니,KOSDAQ,4850,4805,4790,4920
002170,SYTS,KOSPI,53300,53000,52700,54300
123860,아나패스,KOSDAQ,13200,13500,12950,13500
460850,동국씨엠,KOSPI,5320,5300,5210,5350
066410,버킷스튜디오,KOSDAQ,1153,0,0,0
355150,코스텍시스,KOSDAQ,20450,21300,20200,21300
149950,아바텍,KOSDAQ,11660,12170,11590,12170
080160,모두투어,KOSDAQ,8510,8300,8260,8570
000860,강남제비스코,KOSPI,12190,11920,11920,12220
418550,제이오,KOSDAQ,4930,4795,4770,5040
072870,메가스터디,KOSDAQ,13280,13230,13100,13450
090350,노루페인트,KOSPI,7900,7800,7720,7910
024800,유성티엔에스,KOSDAQ,4565,4595,4365,4595
0007C0,아크릴,KOSDAQ,19550,19040,19020,21650
396300,HT로보틱스,KOSDAQ,5850,5710,5610,6580
388790,라이콤,KOSDAQ,5140,5290,5090,5460
187870,디바이스,KOSDAQ,11350,11700,11270,11990
041020,폴라리스오피스,KOSDAQ,3180,3020,3010,3160
445180,퓨릿,KOSDAQ,8980,9050,8910,9430
023910,대한약품,KOSDAQ,26200,26300,25950,26400
220100,퓨쳐켐,KOSDAQ,6860,6400,6400,7190
013890,지누스,KOSPI,7060,7340,7090,7350
086890,이수앱지스,KOSDAQ,3765,3520,3520,4175
004380,삼익THK,KOSPI,7640,7370,7300,7680
067280,멀티캠퍼스,KOSDAQ,26100,25850,25650,26350
011040,경동제약,KOSDAQ,5020,5010,4990,5050
006805,미래에셋증권우,KOSPI,11530,11740,11400,11960
222040,코스맥스엔비티,KOSDAQ,7440,7510,7250,7650
093640,케이알엠,KOSDAQ,4680,4800,4645,4800
092070,디엔에프,KOSDAQ,13210,13000,12780,13300
00279K,아모레퍼시픽홀딩스3우C,KOSPI,21550,21600,21600,21800
054450,텔레칩스,KOSDAQ,10150,10130,10030,10360
474650,링크솔루션,KOSDAQ,26700,27750,26600,28400
054800,아이디스홀딩스,KOSDAQ,14790,15040,14630,15100
413630,씨피시스템,KOSDAQ,4165,4255,4195,4355
400760,NH올원리츠,KOSPI,2780,2795,2765,2800
001045,CJ우,KOSPI,67400,66500,65900,67500
001780,알루코,KOSPI,1571,1554,1543,1598
041520,이엘씨,KOSDAQ,12500,12590,12240,12590
007570,일양약품,KOSPI,8060,8030,7750,8030
226590,엠디바이스,KOSDAQ,13950,14790,14030,14790
007330,푸른저축은행,KOSDAQ,10030,10000,9980,10090
011785,금호석유화학우,KOSPI,49950,49800,49250,50200
462520,조선내화,KOSPI,12780,12660,12600,12940
000970,한국주철관,KOSPI,6580,6550,6510,6680
432720,퀄리타스반도체,KOSDAQ,10550,10760,10550,10990
042600,새로닉스,KOSDAQ,12000,11800,11630,12480
078070,유비쿼스홀딩스,KOSDAQ,8810,8750,8690,8870
004090,한국석유,KOSPI,11930,11590,11520,11850
489500,엘케이켐,KOSDAQ,23350,23000,22800,23400
179290,엠아이텍,KOSDAQ,4600,4520,4485,4635
004150,한솔홀딩스,KOSPI,3585,3445,3445,3625
205500,넥써쓰,KOSDAQ,1730,1800,1750,1850
097955,CJ제일제당 우,KOSPI,111900,110700,110700,112300
148150,세경하이테크,KOSDAQ,4170,4020,4020,4240
272550,삼양패키징,KOSPI,9800,9590,9500,9820
046440,KG파이낸셜,KOSDAQ,4055,4040,4010,4075
084990,헬릭스미스,KOSDAQ,3190,3050,3030,3270
065660,안트로젠,KOSDAQ,14640,14620,14590,15040
271980,제일약품,KOSPI,9990,10090,9960,10200
293480,하나제약,KOSPI,8200,8220,8150,8280
0015N0,아로마티카,KOSDAQ,11550,11560,11400,11850
003830,대한화섬,KOSPI,110000,113500,110000,113500
014280,금강공업,KOSPI,4850,4400,4340,5450
023600,삼보판지,KOSDAQ,9110,9010,9010,9110
016880,웅진,KOSPI,1810,1854,1793,1879
140610,엔솔바이오사이언스,KONEX,10100,10130,9820,10160
069510,에스텍,KOSDAQ,13060,13300,13220,13340
300080,플리토,KOSDAQ,8740,8500,8500,8770
005990,매일홀딩스,KOSDAQ,10850,10800,10300,10860
004970,신라교역,KOSPI,9030,9030,8970,9050
138360,앤로보틱스,KOSDAQ,1648,1680,1635,1680
025820,이구산업,KOSPI,4290,4300,4240,4390
251370,와이엠티,KOSDAQ,8010,7730,7600,8200
147830,제룡산업,KOSDAQ,7070,7090,7000,7210
000020,동화약품,KOSPI,5110,5010,4995,5130
220260,켐트로스,KOSDAQ,4470,4050,4045,4690
212560,네오오토,KOSDAQ,10500,10420,10070,10670
071840,롯데하이마트,KOSPI,6010,5960,5870,6010
107590,미원홀딩스,KOSPI,61000,61000,61000,61000
089600,KT나스미디어,KOSDAQ,12400,12170,12170,12500
049960,쎌바이오텍,KOSDAQ,15050,14920,14750,15180
0088M0,메쥬,KOSDAQ,14240,13500,13370,14660
101360,에코앤드림,KOSDAQ,7770,7660,7660,8050
008350,남선알미늄,KOSPI,1070,1063,1050,1082
003480,한진중공업홀딩스,KOSPI,4785,4735,4675,4765
094280,효성ITX,KOSPI,12090,12020,11960,12060
451760,컨텍,KOSDAQ,8370,8300,8150,8730
115310,인포바인,KOSDAQ,9380,9590,9210,9610
048870,시너지이노베이션,KOSDAQ,1583,1476,1476,1647
114840,아이패밀리에스씨,KOSDAQ,8330,8370,8260,8450
101970,우양에이치씨,KOSDAQ,9550,9480,9380,9550
211270,AP위성,KOSDAQ,9150,9090,9000,9320
015890,태경산업,KOSPI,4735,4735,4700,4795
035610,솔본,KOSDAQ,5060,5050,4995,5120
158430,아톤,KOSDAQ,5580,5550,5490,5770
059120,아진엑스텍,KOSDAQ,7450,7350,7210,7590
469610,이노테크,KOSDAQ,15230,15520,15250,15690
102120,어보브반도체,KOSDAQ,7730,7690,7575,7850
232680,라온로보틱스,KOSDAQ,10250,10120,10070,10670
052860,아이앤씨,KOSDAQ,7410,6790,6790,7670
073010,케이에스피,KOSDAQ,3345,3320,3285,3415
004080,신흥,KOSPI,14500,14740,14570,14740
418420,라온텍,KOSDAQ,4270,4130,4065,4480
321550,티움바이오,KOSDAQ,4535,4450,4440,4665
054920,한컴위드,KOSDAQ,4775,4790,4755,5120
003100,선광,KOSDAQ,20500,20450,20300,20550
115500,케이씨에스,KOSDAQ,11160,10100,10060,11910
146320,비씨엔씨,KOSDAQ,10400,10700,10230,10770
136540,윈스테크넷,KOSDAQ,10930,10730,10730,10950
140670,알에스오토메이션,KOSDAQ,10430,10470,10300,10630
012610,경인양행,KOSPI,3225,3190,3160,3285
265740,엔에프씨,KOSDAQ,7430,7460,7370,7650
047770,코데즈컴바인,KOSDAQ,3475,3635,3490,3635
156100,엘앤케이바이오,KOSDAQ,6030,5930,5860,6160
081000,일진다이아,KOSPI,9410,9180,9180,9440
038290,마크로젠,KOSDAQ,12390,12060,12060,12550
018470,조일알미늄,KOSPI,5250,5120,5110,5350
264660,씨앤지하이테크,KOSDAQ,13590,13600,13500,13850
035080,그래디언트,KOSDAQ,11810,11900,11780,12040
037070,파세코,KOSDAQ,6570,6430,6360,6660
228850,레이언스,KOSDAQ,7930,7840,7840,8240
322310,오로스테크놀로지,KOSDAQ,13940,14600,13920,14700
322510,제이엘케이,KOSDAQ,5110,4970,4935,5560
042510,라온시큐어,KOSDAQ,11690,11080,10900,12180
240550,동방메디컬,KOSDAQ,6340,6090,6090,6390
126640,화신정공,KOSDAQ,3735,3840,3730,3925
079650,서산,KOSDAQ,6550,6330,6060,6710
052260,현대바이오랜드,KOSDAQ,4790,4040,4010,4750
053260,금강철강,KOSDAQ,6990,6970,6850,7400
080420,모다이노칩,KOSDAQ,1641,1595,1578,1649
115440,우리넷,KOSDAQ,11830,12230,11710,13340
049720,고려신용정보,KOSDAQ,9150,9080,9010,9130
142210,유니트론텍,KOSDAQ,6280,6150,6150,6300
417500,제이아이테크,KOSDAQ,3965,3965,3865,4030
153890,져스텍,KOSDAQ,10610,10000,9880,12070
024090,디씨엠,KOSPI,11400,11480,11420,11530
494120,큐리오시스,KOSDAQ,8600,8400,8170,8940
001540,안국약품,KOSDAQ,10000,10040,9950,10080
457550,우진엔텍,KOSDAQ,13730,13770,13550,14240
105330,케이엔더블유,KOSDAQ,8030,8000,7970,8220
060150,인선이엔티,KOSDAQ,2850,2785,2775,2860
214390,경보제약,KOSPI,5520,5500,5330,5530
417010,나노팀,KOSDAQ,6390,6620,6360,6690
001080,만호제강,KOSPI,3775,3670,3660,3750
452190,한빛레이저,KOSDAQ,5400,4875,4860,5450
285490,노바텍,KOSDAQ,12200,12270,12160,12410
297090,씨에스베어링,KOSDAQ,4715,4500,4500,4795
321370,센서뷰,KOSDAQ,1820,1813,1780,1869
004960,한신공영,KOSPI,11040,10970,10870,11150
267290,경동도시가스,KOSPI,21750,21550,21500,21700
079960,동양이엔피,KOSDAQ,16910,16720,16630,17150
361390,제노코,KOSDAQ,13060,13220,13100,13580
094840,슈프리마에이치큐,KOSDAQ,12990,12600,12440,13030
092220,KEC,KOSPI,3140,3165,3115,3440
267320,나인테크,KOSDAQ,2215,2200,2180,2275
307750,국전,KOSDAQ,2310,2285,2250,2370
338840,와이바이오로직스,KOSDAQ,8240,8700,7900,8820
095700,제넥신,KOSDAQ,2780,2740,2740,2845
039840,디오,KOSDAQ,9400,9440,9310,9580
474170,루미르,KOSDAQ,7070,6990,6840,7210
013520,화승코퍼레이션,KOSPI,2510,2535,2485,2535
027710,팜스토리,KOSDAQ,1130,1124,1108,1132
950190,고스트스튜디오,KOSDAQ,9630,9650,9500,9740
282880,코윈로보틱스,KOSDAQ,10700,10770,10610,10960
036690,코맥스,KOSDAQ,2885,0,0,0
009270,신원,KOSPI,1099,1092,1090,1112
408920,메쎄이상,KOSDAQ,2890,2890,2850,2910
255220,SG,KOSDAQ,1133,1196,1133,1230
001210,금호전기,KOSPI,9900,10100,9800,10130
021320,KCC건설,KOSDAQ,5830,5790,5730,5910
210540,디와이파워,KOSPI,11150,11090,11070,11270
011690,와이투솔루션,KOSPI,3375,3315,3270,3410
006060,화승인더,KOSPI,2260,2245,2205,2245
001520,동양,KOSPI,1148,1152,1134,1160
256940,킵스파마,KOSDAQ,6110,6070,6000,6270
293580,나우IB,KOSDAQ,1271,1270,1250,1318
217950,파마리서치바이오,KONEX,29450,30000,28700,30000
001360,삼성제약,KOSPI,1339,1307,1270,1309
056090,시지메드텍,KOSDAQ,1190,0,0,0
108230,톱텍,KOSDAQ,3185,3120,3105,3260
078000,텔코웨어,KOSPI,13400,13450,13020,13450
002210,동성제약,KOSPI,1277,1285,1259,1289
201490,미투온,KOSDAQ,3680,3705,3665,3800
089470,HDC현대EP,KOSPI,3855,3745,3705,3830
008970,KBI동양철관,KOSPI,1174,1125,1113,1178
350520,이지스레지던스리츠,KOSPI,3300,3325,3295,3415
005800,신영와코루,KOSPI,13500,13870,13500,13870
009070,KCTC,KOSPI,4025,4005,3975,4045
402490,그린리소스,KOSDAQ,7140,7160,7120,7420
214420,토니모리,KOSPI,5010,4985,4945,5080
351320,넥사다이내믹스,KOSDAQ,3885,3675,3670,4010
095190,신화프리텍,KOSDAQ,1846,1830,1820,1849
008830,대동기어,KOSDAQ,6220,6230,6100,6370
002620,제일파마홀딩스,KOSPI,7390,7560,7420,7600
950250,테라뷰,KOSDAQ,3340,3160,3090,3600
037560,LG헬로비전,KOSPI,1534,1535,1519,1568
071280,로체시스템즈,KOSDAQ,7770,7950,7800,8030
003010,혜인,KOSPI,9370,9200,9120,9870
290740,액트로,KOSDAQ,11850,12700,11570,12700
041440,현대에버다임,KOSDAQ,6690,6610,6600,6800
443670,에스피소프트,KOSDAQ,4930,4920,4850,5090
331920,셀레믹스,KOSDAQ,10630,11450,10310,11450
009780,엠에스씨,KOSDAQ,6820,6740,6700,6790
017510,세명전기,KOSDAQ,7740,7720,7700,7930
308080,바이젠셀,KOSDAQ,5800,5800,5500,6660
172670,에이엘티,KOSDAQ,13270,13400,13150,13750
014530,극동유화,KOSPI,3385,3310,3285,3400
227840,현대코퍼레이션홀딩스,KOSPI,12860,13100,12780,13100
333430,일승,KOSDAQ,3760,3740,3700,3840
002390,한독,KOSPI,8680,8380,8380,8550
041590,플래스크,KOSDAQ,2370,0,0,0
166480,코아스템켐온,KOSDAQ,2210,2125,2125,2285
238540,나노솔루션,KONEX,103800,0,0,0
101170,우림피티에스,KOSDAQ,8520,8490,8430,8770
091440,한울소재과학,KOSDAQ,3130,3130,3010,3250
336680,탑런토탈솔루션,KOSDAQ,2950,3015,2915,3015
297890,HB솔루션,KOSDAQ,1572,1538,1538,1587
034590,인천도시가스,KOSPI,26300,26300,26250,26400
242040,나무AX,KOSDAQ,3295,3045,3010,3790
051980,중앙첨단소재,KOSDAQ,1035,0,0,0
053080,케이엔솔,KOSDAQ,8830,8790,8670,9010
474610,RF시스템즈,KOSDAQ,7950,7800,7710,8130
004100,태양금속,KOSPI,3105,3090,2990,3175
047310,파워로직스,KOSDAQ,3135,3145,3060,3195
049520,유아이엘,KOSDAQ,3740,3730,3685,3730
458650,성우,KOSDAQ,7620,7700,7540,7740
017550,수산세보틱스,KOSPI,1817,1828,1803,1838
141000,비아트론,KOSDAQ,9430,9410,9170,9440
037350,성도이엔지,KOSDAQ,7520,7790,7500,7790
016740,두올,KOSPI,4055,4050,3970,4050
122450,KX,KOSDAQ,2545,2625,2500,2630
0007J0,인벤테라,KOSDAQ,14380,14580,14200,14580
067990,도이치모터스,KOSDAQ,3870,3800,3790,3890
054050,NH농우바이오,KOSDAQ,7030,7070,7000,7090
079430,현대리바트,KOSPI,5610,5670,5550,5670
002460,HS화성,KOSPI,11100,11030,11010,11190
259630,엠플러스,KOSDAQ,9230,9040,8950,9360
023450,동남합성,KOSPI,32100,32000,32000,32450
090850,현대이지웰,KOSDAQ,4995,4935,4935,5030
086980,쇼박스,KOSDAQ,1816,1778,1777,1824
015590,DKME,KOSPI,2150,2095,2080,2240
290720,푸드나무,KOSDAQ,3120,3070,2930,3180
0011A0,액스비스,KOSDAQ,11870,12260,11900,12470
016710,대성홀딩스,KOSPI,7010,6950,6890,7000
009580,무림P&P,KOSPI,1795,1790,1735,1992
083420,그린케미칼,KOSPI,4680,4645,4590,4675
018120,진로발효,KOSDAQ,16800,16670,16670,17000
051360,토비스,KOSDAQ,11880,11810,11780,12050
389020,자람테크놀로지,KOSDAQ,16090,16210,15710,16700
072950,빛샘전자,KOSDAQ,13690,14180,13650,14600
217820,원익피앤이,KOSDAQ,2355,2295,2255,2440
209640,와이제이링크,KOSDAQ,3865,3950,3815,4310
473980,노머스,KOSDAQ,10260,10160,10130,10410
036630,세종텔레콤,KOSDAQ,7880,7770,7770,7900
396470,워트,KOSDAQ,6850,6760,6750,6940
475230,엔알비,KOSDAQ,10040,10180,9900,10980
299030,하나기술,KOSDAQ,13620,13320,13240,13800
013570,디와이,KOSPI,4100,4185,4110,4185
37550L,DL이앤씨2우(전환),KOSPI,51900,49500,49500,51900
303810,동국생명과학,KOSDAQ,3395,2830,2810,3600
011810,STX,KOSPI,3530,0,0,0
083500,에프엔에스테크,KOSDAQ,13230,12230,12130,13520
039560,다산네트웍스,KOSDAQ,2520,2520,2480,2565
217270,넵튠,KOSDAQ,2415,2400,2365,2410
063570,NICE인프라,KOSDAQ,3190,3220,3140,3220
419050,삼기에너지솔루션즈,KOSDAQ,1885,1937,1890,2010
040300,YTN,KOSDAQ,2275,2215,2180,2435
078935,GS우,KOSPI,60400,59600,59100,60700
339950,아이비김영,KOSDAQ,2405,2420,2360,2420
067900,와이엔텍,KOSDAQ,5900,5850,5810,5910
039340,한국경제TV,KOSDAQ,4840,4840,4810,4875
012800,대창,KOSPI,1180,1172,1157,1198
120240,대정화금,KOSDAQ,14900,14700,14620,14900
394420,리센스메디컬,KOSDAQ,9720,9950,9610,10300
289930,웨이비스,KOSDAQ,8090,8200,8020,8300
021820,세원정공,KOSPI,10700,10690,10380,10700
106190,하이텍팜,KOSDAQ,9970,9970,9890,10060
261780,아리바이오랩,KOSDAQ,3650,3530,3515,3795
366030,나인앤컴퍼니,KOSDAQ,4675,4690,4620,4765
334970,프레스티지바이오로직스,KOSDAQ,1356,1363,1302,1369
073560,우리손에프앤지,KOSDAQ,1533,1523,1510,1535
182360,큐브엔터,KOSDAQ,6790,6650,6550,6800
053350,이니텍,KOSDAQ,4830,4600,4470,4815
130580,나이스디앤비,KOSDAQ,6930,6800,6800,6950
109740,디에스케이,KOSDAQ,4200,4075,3970,4260
038540,상상인,KOSDAQ,1909,1979,1895,1979
246710,티앤알바이오팹,KOSDAQ,2220,2325,2205,2380
014950,삼익제약,KOSDAQ,10460,9310,9210,10955
014580,태경비케이,KOSPI,3805,3765,3740,3835
053700,삼보모터스,KOSDAQ,3890,3850,3825,3945
004250,NPC,KOSPI,2865,2835,2820,2915
120030,조선선재,KOSPI,84300,82800,81700,83900
311320,지오엘리먼트,KOSDAQ,8200,8530,8260,8600
012320,경동인베스트,KOSPI,44100,44100,44000,44850
003580,HLB글로벌,KOSPI,2055,2055,2055,2055
131030,옵투스제약,KOSDAQ,5830,5840,5830,5970
123040,엠에스오토텍,KOSDAQ,1653,1640,1618,1662
175250,아이큐어,KOSDAQ,1680,1701,1633,1755
027970,한국제지,KOSPI,2725,2730,2675,2730
010100,한국무브넥스,KOSPI,3440,3320,3315,3430
006660,삼성공조,KOSPI,12650,12450,12430,12850
008040,사조동아원,KOSPI,7580,7710,7110,7710
357880,SKAI,KOSDAQ,1884,1950,1880,1968
048550,SM C&C,KOSDAQ,1061,1071,1054,1092
189330,씨이랩,KOSDAQ,11000,11390,10830,11470
123690,한국화장품,KOSPI,6330,6310,6270,6410
125210,아모그린텍,KOSDAQ,6250,6180,6090,6320
323990,박셀바이오,KOSDAQ,4350,4400,4290,4630
475580,에이럭스,KOSDAQ,7350,7450,7310,7580
255440,야스,KOSDAQ,7800,7450,7450,8000
267850,아시아나IDT,KOSPI,9180,9210,9170,9270
129920,대성하이텍,KOSDAQ,6290,6400,6050,6520
100700,세운메디칼,KOSDAQ,2325,2290,2270,2335
198440,강동씨앤엘,KOSDAQ,1701,1642,1635,1714
248170,샘표식품,KOSPI,22200,22150,22000,22300
063170,서울옥션,KOSDAQ,5680,5680,5650,5770
217190,제너셈,KOSDAQ,7580,7450,7390,7850
453450,그리드위즈,KOSDAQ,12550,12740,12370,12880
021080,에이티넘인베스트,KOSDAQ,2075,2080,2080,2110
119650,KC코트렐,KOSPI,918,0,0,0
059210,메타바이오메드,KOSDAQ,3700,3660,3630,3710
307930,컴퍼니케이,KOSDAQ,6440,6510,6390,6510
310200,애니플러스,KOSDAQ,1924,1919,1902,1930
006620,동구바이오제약,KOSDAQ,3540,3545,3485,3555
173130,오파스넷,KOSDAQ,7610,7600,7390,7760
309960,LB인베스트먼트,KOSDAQ,4325,4295,4240,4320
439580,블루엠텍,KOSDAQ,2815,2720,2600,3375
035000,HS애드,KOSPI,6180,6320,6110,6340
246720,아스타,KOSDAQ,6070,0,0,0
099750,이지케어텍,KOSDAQ,7220,7160,7160,7710
411080,샌즈랩,KOSDAQ,6500,6340,6150,6640
250060,모비스,KOSDAQ,3095,3120,3055,3205
088130,동아엘텍,KOSDAQ,5570,5620,5450,5800
002450,삼익악기,KOSPI,1091,1075,1071,1099
070960,모나용평,KOSPI,2035,2040,2015,2090
002780,진흥기업,KOSPI,6740,6750,6630,6820
014790,HL D&I,KOSPI,2595,2480,2480,2630
235980,메드팩토,KOSDAQ,2915,2805,2785,2935
105740,디케이락,KOSDAQ,9630,7910,7910,9760
246960,SCL사이언스,KOSDAQ,2910,2795,2665,2900
036010,아비코전자,KOSDAQ,7280,7350,7330,7600
011280,태림포장,KOSPI,1383,1376,1366,1416
008700,아남전자,KOSPI,1265,1272,1248,1279
352090,스톰테크,KOSDAQ,3620,3600,3600,4060
066790,씨씨에스,KOSDAQ,2205,0,0,0
380550,뉴로핏,KOSDAQ,7990,8250,7860,8670
013700,까뮤이앤씨,KOSPI,1600,1566,1540,1621
417310,코람코더원리츠,KOSPI,2390,2390,2380,2390
068240,다원시스,KOSDAQ,2530,0,0,0
298540,더네이쳐홀딩스,KOSDAQ,6670,6630,6590,6740
052420,오성첨단소재,KOSDAQ,9820,9740,9680,9990
330350,위더스제약,KOSDAQ,7260,7170,7130,7360
264900,크라운제과,KOSPI,7750,7790,7620,7790
205100,엑셈,KOSDAQ,1418,1382,1378,1434
036220,오상헬스케어,KOSDAQ,6550,6320,6190,7690
493330,지에프아이,KOSDAQ,11910,11410,11220,11920
317770,엑스페릭스,KOSDAQ,2600,2640,2580,2690
007540,샘표,KOSPI,47200,47450,46800,47700
338220,뷰노,KOSDAQ,6920,6410,6350,7240
074430,아미노로직스,KOSDAQ,1068,1076,1064,1119
306620,지아이에스,KOSDAQ,1990,2035,1976,2085
017650,대림제지,KOSDAQ,10800,0,0,0
002230,피에스텍,KOSDAQ,5150,5050,5010,5310
032560,황금에스티,KOSPI,5620,5510,5480,5590
042500,링네트,KOSDAQ,4205,4160,4145,4265
008260,NI스틸,KOSPI,3300,3275,3235,3355
037030,파워넷,KOSDAQ,3695,3660,3580,3815
014440,영보화학,KOSPI,4645,4695,4625,4700
002200,한국수출포장,KOSPI,2820,2865,2785,2865
067830,세이브존I&C,KOSPI,2285,2295,2270,2295
091120,이엠텍,KOSDAQ,5410,4970,4830,5630
007210,벽산,KOSPI,1428,1418,1417,1435
005860,한일사료,KOSDAQ,2365,2345,2330,2385
307870,비투엔,KOSDAQ,1235,1253,1228,1300
049950,미래컴퍼니,KOSDAQ,10490,10560,10380,10860
389030,지니너스,KOSDAQ,2340,1942,1942,2500
025620,차AI헬스케어,KOSPI,5110,4745,4745,5300
036580,팜스코,KOSPI,2525,2535,2485,2605
001290,상상인증권,KOSPI,4270,4055,4035,4360
109610,에스와이,KOSDAQ,1882,1868,1867,1904
187790,나노,KOSDAQ,3000,3060,2970,3135
282720,금양그린파워,KOSDAQ,7500,7420,7260,7580
053580,웹케시,KOSDAQ,7140,7000,6900,7130
045970,코아시아,KOSDAQ,3485,3510,3420,3600
040420,정상제이엘에스,KOSDAQ,5850,5830,5810,5840
192410,오늘이엔엠,KOSDAQ,3590,3725,3525,3890
363280,티와이홀딩스,KOSPI,1994,2020,1951,2050
348350,위드텍,KOSDAQ,9330,9500,9150,9500
096775,SK이노베이션우,KOSPI,73000,71100,71100,74800
086960,MDS테크,KOSDAQ,2125,2045,2020,2165
023900,풍국주정,KOSDAQ,7300,7200,7070,7350
162300,신스틸,KOSDAQ,2190,2170,2150,2230
019180,티에이치엔,KOSPI,4970,4910,4905,5030
001275,부국증권우,KOSPI,30100,30100,30100,30250
058850,KTcs,KOSPI,2185,2190,2175,2195
093920,서원인텍,KOSDAQ,4895,4850,4750,4860
058860,KTis,KOSPI,2585,2605,2570,2635
062970,한국첨단소재,KOSDAQ,2990,3065,2905,3135
006840,AK홀딩스,KOSPI,6790,6880,6740,7080
357230,에이치피오,KOSDAQ,2155,2145,2100,2260
009300,삼아제약,KOSDAQ,14280,14000,13860,14300
048530,인트론바이오,KOSDAQ,2865,2900,2860,2930
066590,스모트로닉,KOSDAQ,2315,2295,2270,2345
900260,로스웰,KOSDAQ,1941,1851,1851,1988
457370,한켐,KOSDAQ,10800,11330,10900,11700
432470,케이엔에스,KOSDAQ,10230,10160,10040,10380
322180,LS티라유텍,KOSDAQ,4135,4025,3960,4190
362320,청담글로벌,KOSDAQ,4300,4245,4220,4345
013310,아진산업,KOSDAQ,2290,2290,2285,2335
047560,이스트소프트,KOSDAQ,7550,7590,7370,7820
023000,삼원강재,KOSPI,2195,2220,2185,2220
078140,대봉엘에스,KOSDAQ,7990,7800,7680,8970
100130,동국S&C,KOSDAQ,1528,1441,1400,1717
054540,삼영엠텍,KOSDAQ,6690,6530,6510,6810
412350,레이저쎌,KOSDAQ,6010,5470,5450,6280
048910,대원미디어,KOSDAQ,7090,7140,6950,7270
052900,KX하이텍,KOSDAQ,1124,1133,1111,1143
357580,아모센스,KOSDAQ,7290,7360,7150,7800
065450,빅텍,KOSDAQ,2950,2910,2870,2990
096240,크레버스,KOSDAQ,8470,8380,8380,8500
052460,아이크래프트,KOSDAQ,5880,5960,5800,5990
139990,아주스틸,KOSPI,2210,2140,2130,2225
012200,계양전기,KOSPI,3170,3250,3160,3295
223250,드림씨아이에스,KOSDAQ,3495,3400,3375,3700
33626K,두산퓨얼셀1우,KOSPI,6530,6530,6410,6570
033290,로젠,KOSDAQ,1530,1513,1513,1530
004650,창해에탄올,KOSDAQ,9320,9330,9250,9330
007980,TP,KOSPI,1823,1790,1790,1837
085670,뉴프렉스,KOSDAQ,3445,3120,3120,3620
234300,에스트래픽,KOSDAQ,3080,3110,3065,3170
330730,스톤브릿지벤처스,KOSDAQ,4650,4635,4635,4680
263720,디앤씨미디어,KOSDAQ,6900,6850,6810,6970
072020,중앙백신,KOSDAQ,9120,9200,9080,9200
004140,동방,KOSPI,1782,1746,1746,1792
185490,아이진,KOSDAQ,1950,1930,1927,1995
094860,네오리진,KOSDAQ,1546,1398,1398,1587
044990,에이치엔에스하이텍,KOSDAQ,11190,10840,10580,11610
049180,셀루메드,KOSDAQ,1009,0,0,0
025950,동신건설,KOSDAQ,9980,10050,9850,10090
183490,엔지켐생명과학,KOSDAQ,990,0,0,0
004890,동일산업,KOSPI,34550,34400,34200,35050
100590,머큐리,KOSDAQ,4855,4995,4860,5150
029480,광무,KOSDAQ,1415,1412,1398,1419
038110,에코플라스틱,KOSDAQ,2000,1998,1992,2045
066700,테라젠이텍스,KOSDAQ,2200,2150,2130,2330
006090,사조오양,KOSPI,8850,8820,8790,8980
137950,제이씨케미칼,KOSDAQ,3710,3570,3560,3770
226400,오스테오닉,KOSDAQ,4030,3980,3980,4055
086710,선진뷰티사이언스,KOSDAQ,6950,6790,6780,6890
000850,화천기공,KOSPI,37750,37300,37300,37850
215100,로보로보,KOSDAQ,4050,4060,4000,4145
101330,모베이스,KOSDAQ,3560,3460,3415,3615
063080,컴투스홀딩스,KOSDAQ,12500,11890,11850,12770
251120,바이오에프디엔씨,KOSDAQ,9400,9260,9150,9560
033560,블루콤,KOSDAQ,4880,4775,4685,4950
049080,기가레인,KOSDAQ,9680,9810,9570,10050
036640,HRS,KOSDAQ,5010,5030,5000,5050
478560,블랙야크아이앤씨,KOSDAQ,3245,3200,3135,3275
002600,조흥,KOSPI,136700,136700,136700,136700
418470,KT밀리의서재,KOSDAQ,9600,9420,9370,9560
066430,아이로보틱스,KOSDAQ,2090,2115,2075,2135
078890,가온그룹,KOSDAQ,4415,4445,4345,4550
389140,포바이포,KOSDAQ,5710,5550,5460,5800
089230,THE E&M,KOSDAQ,2090,2165,2040,2180
037760,쎄니트,KOSDAQ,2450,2330,2330,2425
007820,엠엑스로보틱스,KOSDAQ,3450,3505,3455,3570
000590,CS홀딩스,KOSPI,68100,67900,67900,70500
412540,제일엠앤에스,KOSDAQ,3935,0,0,0
058820,CMG제약,KOSDAQ,547,550,534,556
140070,서플러스글로벌,KOSDAQ,2195,2185,2155,2210
294630,서남,KOSDAQ,3065,3020,3010,3145
147760,피엠티,KOSDAQ,3990,3830,3700,4300
0117P0,피스피스스튜디오,KOSDAQ,5680,5540,5420,5720
066980,한성크린텍,KOSDAQ,1495,1466,1466,1535
234030,싸이닉솔루션,KOSDAQ,3315,3385,3350,3445
011700,한신기계,KOSPI,2415,2450,2385,2490
0015S0,페스카로,KOSDAQ,8010,7930,7830,8230
004590,한국가구,KOSDAQ,5340,5270,5220,5350
023800,인지컨트롤스,KOSPI,5020,5010,4980,5070
131370,알서포트,KOSDAQ,1488,1455,1442,1505
111380,동인기연,KOSPI,12930,13010,12790,13160
381620,제닉스로보틱스,KOSDAQ,6020,6180,6000,6190
032540,TJ미디어,KOSDAQ,3795,3795,3710,3825
067000,조이시티,KOSDAQ,1127,1125,1110,1160
302550,리메드,KOSDAQ,2635,2625,2575,2660
365330,에스와이스틸텍,KOSDAQ,1571,1591,1544,1599
149980,하이로닉,KOSDAQ,4625,4610,4535,4630
032300,한국파마,KOSDAQ,7250,7240,7190,7320
054670,대한뉴팜,KOSDAQ,5480,5460,5400,5540
007610,선도전기,KOSPI,4365,4510,4295,4550
475430,키스트론,KOSDAQ,4370,4290,4200,4475
047820,초록뱀미디어,KOSDAQ,3260,3230,3210,3275
950130,엑세스바이오,KOSDAQ,2265,2230,2220,2325
323350,다원넥스뷰,KOSDAQ,9810,10050,9540,10690
382840,원준,KOSDAQ,5000,4935,4885,5150
000440,중앙에너비스,KOSDAQ,12740,12520,12360,12670
069730,DSR제강,KOSPI,5580,5360,5340,5450
030960,양지사,KOSDAQ,4805,4885,4830,4910
024880,케이피에프,KOSDAQ,3865,3785,3765,3915
388870,파로스아이바이오,KOSDAQ,6020,5530,5530,6470
299660,셀리드,KOSDAQ,2635,2600,2600,2880
009180,한솔로지스틱스,KOSPI,2785,2760,2735,2775
005740,크라운해태홀딩스,KOSPI,5220,5200,5100,5240
142280,녹십자엠에스,KOSDAQ,3210,3180,3140,3285
040160,누리플렉스,KOSDAQ,6400,6400,6320,6790
058400,KNN,KOSDAQ,5810,5830,5440,5840
102370,케이옥션,KOSDAQ,2975,3000,2950,3025
079810,APS이노베이션,KOSDAQ,3690,3600,3545,3690
0017J0,세미티에스,KOSDAQ,2530,2515,2480,2605
253840,수젠텍,KOSDAQ,4570,4565,4515,4650
001260,남광토건,KOSPI,9150,7800,7700,7950
124560,태웅로직스,KOSDAQ,1980,1944,1928,1983
066310,큐에스아이,KOSDAQ,8250,8220,8010,8460
083790,CG인바이츠,KOSDAQ,993,993,960,1000
331380,포커스에이아이,KOSDAQ,2065,2155,2020,2155
225530,HC보광산업,KOSDAQ,2100,2110,2055,2110
360070,탑머티리얼,KOSDAQ,9480,9200,9000,9490
163560,동일고무벨트,KOSPI,5480,5420,5410,5500
073640,테라사이언스,KOSDAQ,654,0,0,0
002220,한일철강,KOSPI,2815,2870,2815,2950
041930,SY동아,KOSDAQ,5040,5010,4980,5090
487580,폴레드,KOSDAQ,3000,2915,2900,3050
000105,유한양행우,KOSPI,66000,65600,65000,66900
187420,HLB제넥스,KOSDAQ,2320,2280,2210,2320
019550,SBI인베스트먼트,KOSDAQ,935,969,923,969
007590,동방아그로,KOSPI,5570,5570,5520,5570
396270,넥스트칩,KOSDAQ,2320,2290,2220,2345
109070,주성코퍼레이션,KOSPI,7250,7750,7000,7750
004840,DRB동일,KOSPI,3895,3930,3880,3935
084680,이월드,KOSPI,532,0,0,0
228340,동양파일,KOSDAQ,3725,3450,3425,3960
012700,리드코프,KOSDAQ,2920,2925,2865,2925
088390,이녹스,KOSDAQ,8130,8110,8020,8210
371950,풍원정밀,KOSDAQ,3145,3070,3060,3355
109670,씨싸이트,KOSDAQ,12870,12870,12870,12870
040910,아이씨디,KOSDAQ,4055,4130,4085,4200
282620,기도산업,KOSDAQ,12770,12710,12640,12960
011370,서한,KOSDAQ,3730,3700,3645,3725
229500,노브메타파마,KONEX,5760,5290,5290,6000
107600,새빗켐,KOSDAQ,13110,12960,12810,13490
263800,데이타솔루션,KOSDAQ,4570,4560,4540,4680
168330,내츄럴엔도텍,KOSDAQ,2350,2365,2315,2365
058630,엠게임,KOSDAQ,3965,3855,3855,3980
013360,일성건설,KOSPI,1384,1370,1351,1397
010960,삼호개발,KOSPI,3115,3070,3050,3125
041910,폴라리스AI파마,KOSDAQ,5540,5400,5360,5640
011320,유니크,KOSDAQ,3855,3940,3815,3940
020710,시공테크,KOSDAQ,3700,3650,3610,3745
038680,에스넷,KOSDAQ,3675,3620,3580,3795
208140,정다운,KOSDAQ,2265,2255,2240,2275
451250,삐아,KOSDAQ,7240,7200,7190,7330
060570,드림어스컴퍼니,KOSDAQ,5060,5000,4855,5020
080010,이상네트웍스,KOSDAQ,7500,7560,7300,7560
060590,씨티씨바이오,KOSDAQ,3045,3040,2960,3050
017480,삼현철강,KOSDAQ,4775,4780,4730,4780
217330,싸이토젠,KOSDAQ,3165,3025,3010,3230
487400,케이앤에스아이앤씨,KOSDAQ,7020,7440,7150,7440
084730,팅크웨어,KOSDAQ,6620,6560,6510,6680
012790,신일제약,KOSDAQ,6190,6080,6080,6170
320000,한울반도체,KOSDAQ,10540,10630,10480,10940
170030,현대공업,KOSDAQ,4775,4770,4745,4810
377480,마음AI,KOSDAQ,10210,10350,10090,10470
065510,휴비츠,KOSDAQ,6720,6630,6630,6740
347890,엠엑스온,KOSDAQ,4290,4295,4150,4295
024740,한일단조,KOSDAQ,2220,2205,2175,2245
013870,지엠비코리아,KOSPI,3825,3840,3790,3875
002795,아모레퍼시픽홀딩스우,KOSPI,11390,11400,10730,11430
090470,제이스로보틱스,KOSDAQ,4200,4260,4150,4465
039010,현대에이치티,KOSDAQ,8410,8540,8300,8600
302430,이노메트리,KOSDAQ,7350,7340,7210,7570
091590,남화토건,KOSDAQ,6270,5960,5810,6190
171120,라이온켐텍,KOSDAQ,2010,1995,1977,2015
004770,써니전자,KOSPI,2025,1997,1997,2065
0155E0,해치텍,KOSDAQ,12840,12850,12520,13850
063160,종근당바이오,KOSPI,13060,12950,12820,14000
053280,예스24,KOSDAQ,2875,2830,2810,2895
234920,자이글,KOSDAQ,5310,0,0,0
347000,센코,KOSDAQ,1887,1835,1800,1898
039980,폴라리스AI,KOSDAQ,4990,5030,4955,5080
005750,대림바스,KOSPI,4270,4315,4300,4405
055490,테이팩스,KOSPI,14790,14750,14590,15170
054040,한국컴퓨터,KOSDAQ,4435,4420,4385,4440
250030,진코스텍,KONEX,24650,23750,23500,25000
117670,알파칩스,KOSDAQ,10680,11000,10500,11000
332370,아이디피,KOSDAQ,5360,5180,5180,5410
038460,바이오스마트,KOSDAQ,2790,2785,2760,2850
014160,대영포장,KOSPI,655,0,0,0
104460,디와이피엔에프,KOSDAQ,6850,6690,6650,6780
262260,에이프로,KOSDAQ,4815,4550,4410,4800
048430,유라테크,KOSDAQ,6170,6100,6030,6210
338100,NH프라임리츠,KOSPI,3785,3770,3740,3805
128660,피제이메탈,KOSDAQ,2870,2800,2785,2850
208370,셀바스헬스케어,KOSDAQ,2710,2440,2370,2855
001020,페이퍼코리아,KOSPI,2085,1990,1855,1990
413390,엠오티,KOSDAQ,6330,6200,6120,6330
104040,디에스엠,KOSDAQ,2635,2690,2495,2700
045660,에이텍,KOSDAQ,8530,8580,8440,8700
110790,크리스에프앤씨,KOSDAQ,3055,3020,2925,3020
024830,세원물산,KOSDAQ,8420,8250,8210,8590
032850,비트컴퓨터,KOSDAQ,4230,4045,4045,4350
214330,금호에이치티,KOSPI,6730,6640,6540,6760
026150,특수건설,KOSDAQ,3915,3990,3910,4045
076610,해성옵틱스,KOSDAQ,1147,1122,1120,1162
024900,디와이덕양,KOSPI,2165,2220,2125,2245
136150,원일티엔아이,KOSDAQ,8330,8220,8000,8640
120115,코오롱인더우,KOSPI,25300,25300,25100,25500
277880,티에스아이,KOSDAQ,3530,3460,3430,3560
084670,동양고속,KOSPI,23900,23650,23600,25300
067170,오텍,KOSDAQ,2510,2455,2405,2780
095720,웅진씽크빅,KOSPI,1242,1230,1225,1276
337930,젝시믹스,KOSDAQ,2400,2330,2330,2455
004440,삼일씨엔에스,KOSPI,5400,5350,5230,5580
031820,아이티센씨티에스,KOSPI,5770,5650,5600,5760
092040,아미코젠,KOSDAQ,993,939,939,1083
096350,대창솔루션,KOSDAQ,1891,1882,1866,1926
009770,삼정펄프,KOSPI,27700,27450,27200,27900
228670,레이,KOSDAQ,4425,4395,4320,4465
067570,엔브이에이치코리아,KOSDAQ,1639,1623,1610,1646
155660,DSR,KOSPI,4315,4320,4240,4320
483350,딜리셔스,KOSDAQ,3105,3230,3105,3230
000230,일동홀딩스,KOSPI,5940,5950,5900,6040
071090,하이스틸,KOSPI,3365,3380,3325,3470
002720,국제약품,KOSPI,3245,3210,3155,3265
123010,MSDI,KOSDAQ,3435,3415,3235,3545
153710,옵티팜,KOSDAQ,4650,4575,4575,4770
212710,아이에스티이,KOSDAQ,7030,7000,6880,7350
054620,APS,KOSDAQ,3730,3775,3665,3865
011150,CJ씨푸드,KOSPI,1891,1867,1860,1927
417790,트루엔,KOSDAQ,6560,6690,6480,6690
460940,피앤에스로보틱스,KOSDAQ,5090,5150,5060,5220
456570,아이엠지티,KONEX,12980,13300,12800,13300
061040,알에프텍,KOSDAQ,7720,7510,7410,7570
294140,레몬,KOSDAQ,2740,2740,2655,2855
303360,프로티아,KOSDAQ,5350,5370,5110,5370
001560,제일연마,KOSPI,9030,9190,8980,9190
456070,이엔셀,KOSDAQ,6110,6190,6000,6220
019540,일지테크,KOSDAQ,5050,5040,4960,5050
000180,성창기업지주,KOSPI,4885,5060,4815,5060
214260,라파스,KOSDAQ,7590,7700,7580,7830
040350,크레오에스지,KOSDAQ,3425,3775,3285,3775
123420,위메이드플레이,KOSDAQ,6560,6470,6430,6570
043610,KT지니뮤직,KOSDAQ,1156,1164,1126,1164
004720,팜젠사이언스,KOSPI,2965,2850,2825,2970
0156T0,에이치엘지노믹스,KOSDAQ,8550,8380,8380,8780
204840,지엘팜텍,KOSDAQ,4380,4285,4250,4355
010280,아이티센엔텍,KOSDAQ,5140,5060,5000,5180
109860,동일금속,KOSDAQ,7260,7300,7220,7380
049550,잉크테크,KOSDAQ,3545,3420,3400,3440
111710,남화산업,KOSDAQ,3210,3195,3090,3270
096250,와이즈넛,KOSDAQ,5610,5480,5440,5820
002800,신신제약,KOSDAQ,4440,4425,4410,4470
004780,대륙제관,KOSDAQ,4210,4180,4170,4235
0004V0,엔비알모션,KOSDAQ,6050,6260,6080,6420
265560,영화테크,KOSDAQ,6400,6470,6250,6540
950220,네오이뮨텍,KOSDAQ,1961,1895,1885,2035
049470,비트플래닛,KOSDAQ,2825,2815,2765,2955
010660,화천기계,KOSPI,3060,2980,2920,3090
393210,토마토시스템,KOSDAQ,4245,3815,3770,5050
417970,모델솔루션,KOSDAQ,10450,10300,10170,10470
079980,휴비스,KOSPI,1923,1920,1906,1939
451220,아이엠티,KOSDAQ,8330,8450,8210,8480
100030,인지소프트,KOSDAQ,20100,19900,19850,20200
058730,다스코,KOSPI,3270,3225,3170,3295
019680,대교,KOSPI,1636,1637,1604,1656
137080,나래나노텍,KOSDAQ,6230,6260,6080,6260
067370,선바이오,KOSDAQ,5380,5600,5310,5660
010040,한국내화,KOSPI,1637,1582,1567,1611
0218L0,네오뷰,KOSDAQ,12580,12400,12260,12850
006140,피제이전자,KOSDAQ,4400,4400,4315,4465
014970,삼륭물산,KOSDAQ,4410,4380,4355,4435
085310,엔케이,KOSPI,8820,8800,8680,8890
046210,HLB파나진,KOSDAQ,1432,1432,1421,1432
008370,원풍,KOSDAQ,5460,5370,5370,5430
100220,비상교육,KOSPI,5010,4995,4950,5030
210980,SK디앤디,KOSPI,3510,3390,3345,3620
155650,와이엠씨,KOSDAQ,3385,3215,3215,3440
214680,디알텍,KOSDAQ,3860,3965,3775,3965
222110,팬젠,KOSDAQ,4795,4850,4750,4850
315640,딥노이드,KOSDAQ,2155,2030,1957,2440
318160,셀바이오휴먼텍,KOSDAQ,7080,7120,6870,7120
007280,한국특강,KOSPI,2250,2250,2200,2300
048770,TPC로보틱스,KOSDAQ,4105,4220,4100,4290
205470,휴마시스,KOSDAQ,2605,2555,2550,2665
065170,비엘팜텍,KOSDAQ,2300,2410,2300,2440
097800,윈팩,KOSDAQ,2350,2450,2280,2500
002700,신일전자,KOSPI,934,921,919,943
033130,디지틀조선,KOSDAQ,1720,1739,1701,1739
067920,이글루,KOSDAQ,5770,5900,5720,5900
382480,지아이텍,KOSDAQ,1611,1600,1589,1626
017370,우신시스템,KOSPI,3530,3450,3350,3530
043650,국순당,KOSDAQ,3525,3570,3495,3590
424960,스마트레이더시스템,KOSDAQ,3800,3820,3720,3895
041460,한국전자인증,KOSDAQ,3320,3380,3265,3380
089850,유비벨록스,KOSDAQ,4310,4210,4080,4295
081150,티플랙스,KOSDAQ,2600,2610,2510,2625
009200,무림페이퍼,KOSPI,1516,1504,1488,1555
064240,홈캐스트,KOSDAQ,1799,1797,1772,1877
347860,알체라,KOSDAQ,1507,1441,1440,1509
299170,더블유에스아이,KOSDAQ,1486,1393,1365,1664
039610,화성밸브,KOSDAQ,6080,5880,5760,6030
001840,이화공영,KOSDAQ,2215,0,0,0
122350,삼기,KOSDAQ,1629,1637,1623,1668
241790,티이엠씨씨엔에스,KOSDAQ,6250,6330,6120,6360
005670,푸드웰,KOSDAQ,6200,6160,6120,6260
221800,지구홀딩스,KOSDAQ,3825,3750,3665,3885
005870,휴니드,KOSPI,4420,4400,4320,4485
036000,예림당,KOSDAQ,2760,2675,2675,2750
056360,코위버,KOSDAQ,6300,6320,6120,6920
294090,이오플로우,KOSDAQ,1490,0,0,0
214270,FSN,KOSDAQ,1370,1398,1361,1399
016090,대현,KOSPI,1402,1400,1391,1405
291230,컴투스엔,KOSDAQ,2595,2565,2520,2600
463020,뉴엔AI,KOSDAQ,6850,6750,6700,7030
089790,제이티,KOSDAQ,6000,6110,5850,6120
094850,참좋은여행,KOSDAQ,4375,4335,4310,4430
241690,유니테크노,KOSDAQ,2560,2485,2440,2540
095270,웨이브일렉트로,KOSDAQ,4345,4250,4140,4390
039420,케이엘넷,KOSDAQ,2695,2660,2640,2690
004450,삼화왕관,KOSPI,28550,28500,27950,28650
018500,동원모빌리티,KOSPI,1333,1344,1314,1351
066670,디티씨,KOSDAQ,3335,3260,3260,3310
010240,흥국,KOSDAQ,5240,5220,5190,5230
068290,삼성출판사,KOSPI,6210,6200,6110,6250
331740,아우토크립트,KOSDAQ,6170,6290,6110,6360
082210,옵트론텍,KOSDAQ,1747,1799,1711,1799
203400,에이비온,KOSDAQ,676,0,0,0
014470,부방,KOSDAQ,1076,1037,1031,1066
352910,오비고,KOSDAQ,4755,4840,4550,4845
016250,SGC E&C,KOSDAQ,12140,11870,11870,12060
460870,에스엠씨지,KOSDAQ,3030,3080,2970,3090
372910,한컴라이프케어,KOSPI,2170,2095,2065,2185
216050,인크로스,KOSDAQ,4935,4950,4900,4955
010470,오리콤,KOSDAQ,5040,5030,4945,5040
049480,오픈베이스,KOSDAQ,1919,1900,1873,1932
365660,레몬헬스케어,KOSDAQ,4465,4380,4355,4950
126880,제이엔케이글로벌,KOSDAQ,2570,2575,2535,2630
290660,다이나믹솔루션,KOSDAQ,1395,1416,1391,1436
002760,보락,KOSPI,1002,996,987,1002
065530,와이어블,KOSDAQ,1250,1223,1212,1256
072130,유엔젤,KOSPI,4765,4810,4715,4835
900300,오가닉티코스메틱,KOSDAQ,2930,2930,2880,3110
127710,아시아경제,KOSDAQ,1354,1387,1331,1387
950200,소마젠,KOSDAQ,3100,3135,3000,3185
225190,LK삼양,KOSDAQ,4150,4000,3980,5280
054300,팬스타엔터프라이즈,KOSDAQ,1024,1049,1015,1053
036090,위지트,KOSDAQ,1390,1399,1381,1421
033310,엠투엔,KOSDAQ,1478,1446,1441,1500
000220,유유제약,KOSPI,3710,3695,3695,3770
060310,3S,KOSDAQ,1107,1096,1090,1126
033320,제이씨현시스템,KOSDAQ,3085,3060,3025,3100
191420,테고사이언스,KOSDAQ,7270,7190,7070,7350
045340,토탈소프트,KOSDAQ,6800,6850,6770,6870
039020,이건홀딩스,KOSDAQ,2590,2565,2515,2605
003310,대주산업,KOSDAQ,1663,1628,1610,1668
050960,수산아이앤티,KOSDAQ,8710,8710,8660,8710
0220WL,한화머시너리앤서비스홀딩스3우B,KOSPI,2455,2490,2440,2520
036120,서울평가정보,KOSDAQ,1654,1636,1622,1661
053620,태양,KOSDAQ,6780,6710,6700,6880
037440,희림,KOSDAQ,4175,4175,4140,4240
003925,남양유업우,KOSPI,30800,30900,30500,30900
099520,DGI,KOSDAQ,1284,0,0,0
014990,인디에프,KOSPI,3800,4060,3825,4100
025550,한국선재,KOSDAQ,2290,2225,2180,2275
192250,케이사인,KOSDAQ,8010,7960,7880,8300
059270,해성에어로보틱스,KOSDAQ,5250,5130,5070,5290
480370,씨케이솔루션,KOSPI,1784,1761,1757,1817
175140,아고스,KOSDAQ,2310,2370,2225,2370
448710,코츠테크놀로지,KOSDAQ,10940,10730,10730,11080
251630,브이원텍,KOSDAQ,3565,3605,3540,3675
273640,와이엠텍,KOSDAQ,5220,5360,5160,5360
006890,태경케미컬,KOSPI,4990,4940,4900,4975
317530,에피소드컴퍼니,KOSDAQ,3255,3310,3155,3310
263690,디알젬,KOSDAQ,5040,5030,5010,5050
001465,BYC우,KOSPI,26550,26550,26150,26650
053050,지에스이,KOSDAQ,1918,1850,1850,1919
238090,앤디포스,KOSDAQ,1874,1885,1846,1885
111110,호전실업,KOSPI,6390,6440,6200,6440
37550K,DL이앤씨우,KOSPI,26900,27200,26800,27250
003780,진양산업,KOSPI,4390,4300,4250,4470
396690,미래에셋글로벌리츠,KOSPI,1430,1422,1419,1440
007370,진양제약,KOSDAQ,4010,3930,3930,4015
291650,츌립앤사이언스,KOSDAQ,1886,1885,1805,1916
081180,쎄크,KOSDAQ,6400,5900,5830,6530
278650,HLB바이오스텝,KOSDAQ,3250,3250,3250,3250
270520,앱튼,KOSDAQ,1415,2335,1415,2335
000725,현대건설우,KOSPI,53200,53600,53200,54500
457600,벡트,KOSDAQ,4060,4340,3945,4345
033230,인성정보,KOSDAQ,1118,1008,1003,1175
075180,새론오토모티브,KOSPI,2920,2965,2930,2990
129260,인터지스,KOSPI,1880,1870,1858,1897
007815,코리아써우,KOSPI,18900,18300,18300,19590
215360,우리산업,KOSDAQ,6120,6150,6040,6300
288180,케이피항공산업,KOSDAQ,7650,7550,7450,7710
090080,평화산업,KOSPI,1025,1006,1000,1020
053160,프리엠스,KOSDAQ,9360,9400,9100,9520
340930,성원에너텍,KOSDAQ,806,0,0,0
020760,일진디스플,KOSPI,902,0,0,0
333620,엔시스,KOSDAQ,4945,5200,4900,5200
420570,제이투케이바이오,KOSDAQ,9410,9200,9200,9650
001550,조비,KOSPI,10420,10470,10380,10640
061250,화일약품,KOSDAQ,6500,6380,6340,6590
217480,에스디생명공학,KOSDAQ,499,0,0,0
036670,삼양케이씨아이,KOSDAQ,5080,5070,5060,5090
025530,SJM홀딩스,KOSPI,3660,3655,3625,3665
28513K,SK케미칼우,KOSPI,25700,25300,25200,25850
088280,쏘닉스,KOSDAQ,3185,3170,3100,3235
006980,우성,KOSPI,16660,17500,17200,18000
459550,알트,KOSDAQ,2145,2090,2065,2305
435570,에르코스,KOSDAQ,7060,6850,6840,7200
092440,기신정기,KOSPI,1853,1860,1831,1885
263600,덕우전자,KOSDAQ,3385,3465,3320,3465
054930,유신,KOSDAQ,18000,18000,17890,19100
443250,레뷰코퍼레이션,KOSDAQ,5020,5000,4880,5000
170790,파이오링크,KOSDAQ,8420,8260,8170,8450
040610,SG&G,KOSDAQ,3160,3210,3140,3210
378850,화승알앤에이,KOSPI,2830,2845,2810,2845
003475,유안타증권우,KOSPI,4225,4235,4190,4240
104540,코렌텍,KOSDAQ,3960,4005,3925,4015
340810,시선AI,KOSDAQ,3880,3935,3800,3990
391710,코닉오토메이션,KOSDAQ,1255,1247,1219,1261
459100,위츠,KOSDAQ,3925,3995,3895,4000
024910,경창산업,KOSDAQ,1491,1495,1489,1512
052790,액토즈소프트,KOSDAQ,5150,4000,3985,4995
002410,범양건영,KOSPI,1935,0,0,0
464490,쿼드메디슨,KOSDAQ,4560,4565,4440,4665
002630,오리엔트바이오,KOSPI,1790,1824,1775,1824
261520,이지스,KOSDAQ,5240,5270,5090,5320
053270,구영테크,KOSDAQ,1930,1923,1912,1948
419080,엔젯,KOSDAQ,5070,4705,4705,5030
196300,HLB펩,KOSDAQ,5590,5530,5420,5590
348150,고바이오랩,KOSDAQ,2710,2670,2655,2745
006125,SK디스커버리우,KOSPI,42900,42800,41850,43250
024950,삼천리자전거,KOSDAQ,4300,4300,4230,4325
35320K,대덕전자1우,KOSPI,24800,25700,25050,25950
104620,노랑풍선,KOSDAQ,3110,3120,3090,3170
123700,SJM,KOSPI,3380,3460,3330,3460
109080,옵티시스,KOSDAQ,9350,9580,9220,9750
314140,알피바이오,KOSDAQ,6000,5950,5850,6000
348080,큐라티스,KOSDAQ,4020,3865,3865,4255
317850,대모,KOSDAQ,6210,6160,6090,6250
064800,포니링크,KOSDAQ,2055,2070,2005,2100
424980,마이크로투나노,KOSDAQ,8520,8600,8480,8900
043710,코스리거글로벌,KOSDAQ,3010,3095,2925,3095
004830,덕성,KOSPI,3270,3250,3225,3315
092300,현우산업,KOSDAQ,2555,2415,2395,2655
012690,모나리자,KOSPI,1414,1400,1394,1428
347740,피엔케이피부임상연구센타,KOSDAQ,1718,1706,1701,1780
015710,코콤,KOSDAQ,2950,2930,2900,2970
027050,코리아나,KOSDAQ,1289,1280,1275,1300
370090,퓨런티어,KOSDAQ,6040,6050,6010,6200
246690,TS인베스트먼트,KOSDAQ,2185,2250,2150,2270
010770,평화홀딩스,KOSPI,3555,3500,3480,3530
005305,롯데칠성우,KOSPI,65600,65200,65200,66300
003465,유화증권우,KOSPI,2940,3250,2925,3250
105760,포스뱅크,KOSDAQ,5000,5090,5000,5090
088910,동우팜투테이블,KOSDAQ,1991,2000,1971,2000
382150,온코크로스,KOSDAQ,3950,3850,3760,4200
179530,애드바이오텍,KOSDAQ,1750,1768,1700,1787
376290,씨유테크,KOSDAQ,2910,2850,2825,2910
094940,푸른로보틱스,KOSDAQ,6090,6200,6100,6290
011230,삼화전자,KOSPI,2680,2720,2660,2730
408470,한패스,KOSDAQ,4870,4820,4735,4940
039240,경남스틸,KOSDAQ,1909,1898,1875,1898
163280,에어레인,KOSDAQ,3735,3700,3630,3815
021050,서원,KOSPI,1076,1069,1049,1089
019990,에너토크,KOSDAQ,5180,5210,5110,5270
006880,신송홀딩스,KOSPI,4255,4240,4180,4305
011390,부산산업,KOSPI,48000,48700,47500,48850
452400,이닉스,KOSDAQ,5550,5620,5550,5630
256630,포인트엔지니어링,KOSDAQ,4340,4345,4300,4385
393970,대진첨단소재,KOSDAQ,2825,0,0,0
179900,유티아이,KOSDAQ,2335,2315,2285,2420
000950,전방,KOSPI,29950,29300,29050,30950
317830,에스피시스템스,KOSDAQ,4660,4610,4550,4790
453860,에이에스텍,KOSDAQ,7840,7880,7660,7940
023810,인팩,KOSPI,5070,5170,5000,5200
007460,에이프로젠,KOSPI,2055,2010,2005,2110
071670,에이테크솔루션,KOSDAQ,5020,5040,4900,5050
044340,위닉스,KOSDAQ,2760,2760,2730,2915
046940,우원개발,KOSDAQ,2740,2740,2685,2770
060560,HC홈센타,KOSDAQ,1973,1956,1936,1995
219550,디와이디,KOSDAQ,1200,1160,1150,1239
321820,아티스트컴퍼니,KOSDAQ,3185,2985,2940,3270
002140,고려산업,KOSPI,1969,1918,1910,1992
0013V0,삼진식품,KOSDAQ,4990,4880,4860,5050
360350,코셈,KOSDAQ,8820,7080,6800,9200
063440,SM Life Design,KOSDAQ,1090,1106,1079,1106
122310,제노레이,KOSDAQ,3420,3350,3280,3390
011300,우성머티리얼스,KOSPI,2855,2860,2800,2900
059100,아이컴포넌트,KOSDAQ,6940,6940,6700,6940
340360,다보링크,KOSDAQ,924,930,867,941
355690,에이텀,KOSDAQ,5150,4975,4975,5230
311690,CJ 바이오사이언스,KOSDAQ,3745,3800,3615,3800
463480,모티브링크,KOSDAQ,3910,3905,3905,3965
042110,에스씨디,KOSDAQ,1000,999,994,1020
001620,케이비아이동국실업,KOSPI,2185,2220,2165,2265
145170,노브랜드,KOSDAQ,2840,2815,2750,3070
011000,진원생명과학,KOSPI,2670,0,0,0
384470,코어라인소프트,KOSDAQ,2725,2565,2560,2850
009320,아진전자부품,KOSPI,995,998,978,1005
033170,시그네틱스,KOSDAQ,2835,2785,2680,2900
217500,러셀,KOSDAQ,1522,1508,1470,1538
004410,서울식품,KOSPI,1207,1212,1203,1225
232830,아이티센피엔에스,KOSDAQ,2910,2960,2910,3085
014190,원익큐브,KOSDAQ,1363,1325,1301,1377
361570,알비더블유,KOSDAQ,1648,1677,1636,1677
189860,서전기전,KOSDAQ,4930,4995,4920,5060
418250,시큐레터,KOSDAQ,6550,0,0,0
038010,제일테크노스,KOSDAQ,5290,5340,5210,5340
004920,씨아이테크,KOSPI,907,0,0,0
440290,HB인베스트먼트,KOSDAQ,1717,1723,1707,1723
101140,인바이오젠,KOSPI,5110,4895,4685,4895
321260,프로이천,KOSDAQ,1670,1672,1647,1694
002920,유성기업,KOSPI,1814,1843,1813,1856
150900,파수AI,KOSDAQ,4010,3980,3895,4085
023440,제이스코홀딩스,KOSDAQ,521,0,0,0
199550,레이저옵텍,KOSDAQ,3160,3390,3105,3390
007110,일신석재,KOSPI,603,0,0,0
009835,한화솔루션우,KOSPI,18200,16950,16950,18800
092780,DYP,KOSPI,3540,3540,3515,3640
189980,흥국에프엔비,KOSDAQ,1169,1170,1149,1170
357250,미래에셋맵스리츠,KOSPI,1839,1850,1841,1870
073110,엘엠에스,KOSDAQ,5210,5140,5110,5250
069460,대호에이엘,KOSPI,2660,0,0,0
041650,상신브레이크,KOSPI,2150,2185,2140,2185
053450,세코닉스,KOSDAQ,3135,3135,3060,3170
000910,유니온,KOSPI,2985,2985,2870,2985
178780,일월지엠엘,KOSDAQ,2555,2505,2450,2545
229000,젠큐릭스,KOSDAQ,1957,0,0,0
476040,오가노이드사이언스,KOSDAQ,6940,6750,6750,7240
131400,이브이첨단소재,KOSDAQ,766,0,0,0
373160,데이원컴퍼니,KOSDAQ,3420,3170,3170,3450
053980,오상자이엘,KOSDAQ,2390,2370,2350,2440
471820,셀로맥스사이언스,KOSDAQ,4030,4000,3985,4130
198080,캐프,KOSDAQ,2105,2100,2075,2115
005320,온타이드,KOSPI,1329,1271,1252,1329
084870,TBH글로벌,KOSPI,2255,2205,2145,2215
277070,린드먼아시아,KOSDAQ,3310,3455,3295,3585
072470,우리산업홀딩스,KOSDAQ,2405,2440,2355,2440
094970,제이엠티,KOSDAQ,2670,2655,2645,2710
051390,YW,KOSDAQ,3980,3980,3935,4190
114450,그린생명과학,KOSDAQ,2215,2205,2195,2265
005030,부산주공,KOSPI,486,0,0,0
072990,에이치시티,KOSDAQ,3110,3050,3035,3145
037950,엘컴텍,KOSDAQ,2650,2620,2590,2730
004540,깨끗한나라,KOSPI,1208,1229,1205,1230
074610,이엔플러스,KOSPI,5110,0,0,0
317690,퀀타매트릭스,KOSDAQ,2230,2190,2190,2260
900340,윙입푸드,KOSDAQ,1268,1227,1220,1270
003080,SB성보,KOSPI,2210,2210,2210,2235
042040,케이피엠테크,KOSDAQ,5150,5380,5000,5380
162120,루켄테크놀러지스,KONEX,4000,4065,3915,4065
143540,영우디에스피,KOSDAQ,998,1006,991,1006
083550,케이엠,KOSDAQ,3290,3325,3255,3330
033340,좋은사람들,KOSDAQ,460,0,0,0
0010V0,제이피아이헬스케어,KOSDAQ,8640,8590,8430,8900
900250,크리스탈신소재,KOSDAQ,1247,1215,1197,1255
466410,사이냅소프트,KOSDAQ,8980,8680,8660,8830
260930,씨티케이,KOSDAQ,2310,2285,2260,2360
317870,엔바이오니아,KOSDAQ,5170,5030,4825,5170
068330,일신바이오,KOSDAQ,1024,1007,998,1015
288330,파라택시스코리아,KOSDAQ,416,0,0,0
065130,탑엔지니어링,KOSDAQ,2765,2755,2720,2795
222420,쎄노텍,KOSDAQ,922,932,896,932
258610,케일럼,KOSDAQ,1218,1229,1178,1229
004910,조광페인트,KOSPI,3520,3505,3440,3510
263700,케어랩스,KOSDAQ,2270,2200,2115,2327
286750,나노실리칸첨단소재,KOSDAQ,2745,2685,2615,2775
066130,하츠,KOSDAQ,3500,3480,3430,3480
070300,퀀텀레일,KOSDAQ,1220,1442,1175,1442
082850,우리바이오,KOSDAQ,4545,4495,4485,4560
099410,동방선기,KOSDAQ,3105,3110,3040,3180
004060,SG세계물산,KOSPI,2145,2115,2110,2170
050120,ES큐브,KOSDAQ,3195,3290,2975,3290
479960,위너스일렉,KOSDAQ,6090,6020,5940,6080
022220,티케이지애강,KOSDAQ,835,847,817,847
263020,디케이앤디,KOSDAQ,3070,3085,3055,3125
413640,비아이매트릭스,KOSDAQ,6000,5970,5830,6180
014910,성문전자,KOSPI,1981,1954,1942,2000
224110,에이텍모빌리티,KOSDAQ,8720,8300,8300,8560
008420,문배철강,KOSPI,2080,2085,2060,2095
460470,아이빔테크놀로지,KOSDAQ,2850,3040,2770,3120
481850,신한글로벌액티브리츠,KOSPI,980,989,972,989
007680,대원,KOSDAQ,3195,3185,3180,3320
140520,대창스틸,KOSDAQ,2010,2020,1992,2020
307280,원바이오젠,KOSDAQ,6050,6200,5920,6200
129890,앱코,KOSDAQ,928,936,920,941
026940,부국철강,KOSPI,2120,2080,2040,2135
000215,DL우,KOSPI,25300,25000,24950,25450
238120,얼라인드,KOSDAQ,2970,2970,2875,3000
290670,대보마그네틱,KOSDAQ,5260,5300,5190,5640
023350,한국종합기술,KOSPI,3855,4010,3830,4010
159580,제로투세븐,KOSDAQ,2095,2065,2045,2115
226340,본느,KOSDAQ,5010,4495,4495,5570
227950,엔투텍,KOSDAQ,1210,1196,1196,1233
017180,명문제약,KOSPI,1225,1225,1210,1260
032960,동일기연,KOSDAQ,2345,2410,2290,2410
190650,코리아에셋투자증권,KOSDAQ,6570,6410,6390,6540
199480,뱅크웨어글로벌,KOSDAQ,4105,4020,3990,4100
256150,한독크린텍,KOSDAQ,4990,4955,4860,5110
180060,탑선,KONEX,4445,4450,4445,4450
019490,엑시큐어하이트론,KOSPI,541,0,0,0
056700,신화인터텍,KOSDAQ,1418,1409,1404,1422
027830,대성창투,KOSDAQ,769,778,750,784
053950,경남제약,KOSDAQ,2070,1975,1975,2360
446070,유니드비티플러스,KOSPI,3870,3880,3830,3895
261200,덴티스,KOSDAQ,2610,2640,2585,2640
189690,포시에스,KOSDAQ,1498,1464,1464,1507
086060,진바이오텍,KOSDAQ,4710,4800,4755,4815
066900,디에이피,KOSDAQ,1800,1751,1720,1800
002290,삼일기업공사,KOSDAQ,3315,3270,3260,3355
452200,민테크,KOSDAQ,1681,1697,1670,1707
122830,원포유,KONEX,1246,1300,1200,1344
461030,아이엠비디엑스,KOSDAQ,2840,2765,2740,2975
011330,유니켐,KOSPI,4095,4200,4030,4200
136410,아셈스,KOSDAQ,3780,3680,3630,3725
263810,상신전자,KOSDAQ,2530,2590,2485,2590
017040,광명전기,KOSPI,932,0,0,0
112190,KC산업,KONEX,1130,1011,1011,1167
465480,인스피언,KOSDAQ,3970,3985,3925,3990
184230,SGA솔루션즈,KOSDAQ,2135,2110,2070,2175
084650,랩지노믹스,KOSDAQ,2695,2880,2665,2880
009190,대양금속,KOSPI,890,963,861,965
008870,금비,KOSPI,39900,40500,39400,40500
007530,와이엠,KOSDAQ,1860,1900,1792,1900
011420,갤럭시아에스엠,KOSPI,1442,1431,1431,1455
064090,인크레더블버즈,KOSDAQ,798,0,0,0
047400,유니온머티리얼,KOSPI,943,981,938,981
065440,이루온,KOSDAQ,1436,1453,1428,1467
218150,미래생명자원,KOSDAQ,1934,1930,1900,1945
450330,하스,KOSDAQ,4870,4950,4750,5160
044960,이글벳,KOSDAQ,3105,3070,3065,3105
100660,서암기계공업,KOSDAQ,3070,3100,3065,3125
373200,엑스플러스,KOSDAQ,1587,1615,1560,1654
203450,유니온바이오메트릭스,KOSDAQ,2815,2785,2745,2805
049830,승일,KOSDAQ,6460,6470,6350,6540
221840,하이즈항공,KOSDAQ,2050,2110,2020,2110
263770,유에스티,KOSDAQ,1650,1626,1585,1650
009810,MDS스피어,KOSPI,2000,1922,1902,1948
023960,에쓰씨엔지니어링,KOSPI,1038,1006,977,1024
037230,한국팩키지,KOSDAQ,1307,1357,1290,1357
234100,폴라리스세원,KOSDAQ,2725,2780,2555,2780
200580,메디쎄이,KONEX,10380,10440,10380,10450
221980,케이디켐,KOSDAQ,9570,9660,9450,9660
215380,콜마바이오텍,KOSDAQ,2320,2380,2235,2380
208860,다산디엠씨,KOSDAQ,11200,12700,11100,13160
052220,iMBC,KOSDAQ,1679,1662,1651,1730
002870,신풍,KOSPI,1104,1190,1056,1190
051630,진양화학,KOSPI,1767,1614,1572,1888
352700,씨앤투스,KOSDAQ,1456,1465,1450,1465
025880,케이씨피드,KOSDAQ,2305,2305,2270,2305
145270,케이탑리츠,KOSPI,802,797,786,797
050860,아세아텍,KOSDAQ,1667,1709,1667,1709
042940,상지건설,KOSDAQ,5480,5660,5470,5710
273060,와이즈버즈,KOSDAQ,3950,3940,3835,3945
122690,서진오토모티브,KOSDAQ,1641,1617,1600,1630
046310,백금T&A,KOSDAQ,2310,2325,2280,2340
097870,효성오앤비,KOSDAQ,4450,4320,4285,4480
019770,서연탑메탈,KOSDAQ,3210,3200,3130,3245
101240,씨큐브,KOSDAQ,3400,3305,3290,3475
065500,오리엔트정공,KOSDAQ,1043,1027,1017,1045
250000,보라티알,KOSDAQ,5510,5640,5370,5640
134790,시디즈,KOSPI,18610,19110,18600,19110
208710,포톤,KOSDAQ,2785,2840,2750,3085
296160,프로젠,KONEX,2410,2440,2380,2480
037370,EG,KOSDAQ,4325,4490,4100,4490
027740,마니커,KOSPI,1169,1185,1142,1186
081580,성우전자,KOSDAQ,2360,2400,2340,2405
171010,램테크놀러지,KOSDAQ,2555,2565,2470,2600
219420,링크제니시스,KOSDAQ,3190,3180,3150,3195
038070,서린바이오,KOSDAQ,3910,4040,3910,4040
049800,우진플라임,KOSPI,1898,1832,1799,1971
121890,에스디시스템,KOSDAQ,2725,2695,2690,2750
123570,이엠넷,KOSDAQ,1660,1650,1618,1650
043910,자연과환경,KOSDAQ,3280,3210,3150,3230
133820,화인베스틸,KOSPI,1017,1022,973,1022
035460,기산텔레콤,KOSDAQ,2415,2465,2415,2495
153460,네이블,KOSDAQ,5800,5370,5370,5580
051490,나라엠앤디,KOSDAQ,2550,2570,2525,2595
000890,보해양조,KOSPI,1304,1291,1290,1308
284620,카이노스메드,KOSDAQ,1087,0,0,0
046390,삼화네트웍스,KOSDAQ,2060,2125,2025,2135
318410,비비씨,KOSDAQ,6450,6450,6300,6490
086040,바이오톡스텍,KOSDAQ,2250,2250,2225,2290
010640,진양폴리,KOSPI,2145,2080,2025,2175
060850,영림원소프트랩,KOSDAQ,4405,4400,4310,4435
260660,알리코제약,KOSDAQ,2335,2290,2250,2335
397810,애드포러스,KOSDAQ,6940,6850,6750,7050
057540,옴니시스템,KOSDAQ,602,0,0,0
068940,셀피글로벌,KOSDAQ,778,0,0,0
060540,에스에이티,KOSDAQ,1385,1385,1314,1387
446440,에피바이오텍,KONEX,15430,16000,14500,17000
177900,쓰리에이로직스,KOSDAQ,3670,3630,3610,3720
066360,체리부로,KOSDAQ,1500,1520,1476,1520
014570,고려제약,KOSDAQ,3315,3295,3160,3295
363250,진시스템,KOSDAQ,4365,4415,4150,4415
263050,유틸렉스,KOSDAQ,959,0,0,0
045060,오공,KOSDAQ,2115,2120,2070,2120
239890,피엔에이치테크,KOSDAQ,3560,3580,3510,3640
258790,소프트캠프,KOSDAQ,7060,6920,6730,7470
387570,파인메딕스,KOSDAQ,6240,6280,6000,6410
446840,지슨,KOSDAQ,3140,3070,3070,3250
024120,KB오토시스,KOSDAQ,3050,3065,3040,3120
039290,인포뱅크,KOSDAQ,4040,3990,3990,4080
290120,DH오토리드,KOSDAQ,2175,2130,2080,2600
012280,영화금속,KOSPI,3585,3765,3520,3980
186230,그린플러스,KOSDAQ,3200,3175,3105,3190
026040,제이에스티나,KOSDAQ,2120,2210,2100,2245
452300,캡스톤파트너스,KOSDAQ,2450,2455,2405,2510
434480,모니터랩,KOSDAQ,2800,2800,2715,2885
196450,코아시아씨엠,KOSDAQ,3870,3880,3800,3980
075130,플랜티넷,KOSDAQ,2160,2170,2140,2180
204020,그리티,KOSDAQ,1750,1795,1747,1795
332290,누보,KOSDAQ,4400,4320,4310,4410
106240,파인테크닉스,KOSDAQ,1320,1313,1260,1346
009140,케이아이이,KOSPI,21750,22200,21200,22200
469750,아이비젼웍스,KOSDAQ,991,0,0,0
045510,정원엔시스,KOSDAQ,1078,1119,1041,1122
900270,헝셩그룹,KOSDAQ,2745,2830,2605,2835
004365,세방우,KOSPI,9200,9130,9120,9270
057030,YBM넷,KOSDAQ,2060,2080,2000,2080
406820,뷰티스킨,KOSDAQ,2375,2380,2310,2430
191600,블루탑,KONEX,11860,0,0,0
207760,미스터블루,KOSDAQ,2040,2025,1990,2065
009460,한창제지,KOSPI,2750,2640,2640,2755
008250,이건산업,KOSPI,3080,3050,3035,3130
054780,키이스트,KOSDAQ,1763,1644,1603,1880
432430,와이랩,KOSDAQ,2055,2120,2000,2120
143210,핸즈코퍼레이션,KOSPI,1199,0,0,0
013000,세우글로벌,KOSPI,1169,1188,1164,1188
000760,이화산업,KOSPI,11980,12790,11790,12790
310870,디와이씨,KOSDAQ,1530,1511,1491,1552
064520,테크엘,KOSDAQ,1538,1466,1466,1559
220180,폴라리스AI핸디,KOSDAQ,1439,1399,1390,1400
290090,트윔,KOSDAQ,4540,4510,4455,4555
335810,프리시젼바이오,KOSDAQ,1519,1549,1484,1549
080520,오디텍,KOSDAQ,2930,2910,2870,2950
131090,시큐브,KOSDAQ,4340,4330,4275,4335
005820,원림,KOSPI,14710,14520,14370,14880
038060,루멘스바이오스,KOSDAQ,689,0,0,0
006920,모헨즈,KOSDAQ,3020,3020,2975,3070
215090,솔디펜스,KOSDAQ,1448,1509,1422,1509
099220,SDN,KOSDAQ,5250,5040,5040,5500
052600,한네트,KOSDAQ,2895,2900,2855,2915
476080,M83,KOSDAQ,4080,3965,3935,4100
065950,웰크론,KOSDAQ,1176,1160,1135,1170
417860,오브젠,KOSDAQ,6930,6970,6820,7150
495810,유비씨,KONEX,13120,0,0,0
032790,엠젠솔루션,KOSDAQ,1270,1210,1194,1299
153490,우리이앤엘하루틴,KOSDAQ,3210,3215,3055,3215
068050,팬엔터테인먼트,KOSDAQ,1177,1188,1151,1188
0010F0,보원케미칼,KOSDAQ,2895,2555,2435,3195
002360,SH에너지화학,KOSPI,2935,2700,2620,3385
0203K0,송우인포텍,KONEX,10850,0,0,0
089140,넥스턴앤롤코리아,KOSDAQ,2085,2105,2065,2130
104200,NHN벅스,KOSDAQ,2175,2140,2140,2220
002880,디와이에이,KOSPI,3475,3540,3265,3540
090370,메타랩스,KOSPI,1201,1205,1156,1205
296640,이노에이엑스,KOSDAQ,6240,6350,6010,6350
109820,진매트릭스,KOSDAQ,1598,1572,1563,1599
012160,영흥,KOSPI,2100,2080,2030,2130
430690,한싹,KOSDAQ,2945,3000,2915,3060
021650,한국큐빅,KOSDAQ,1976,1976,1961,1980
431190,케이쓰리아이,KOSDAQ,4295,4400,4070,4615
408900,스튜디오미르,KOSDAQ,1001,990,979,1006
200780,비씨월드제약,KOSDAQ,3020,3010,2965,3145
270870,뉴트리,KOSDAQ,3580,3645,3535,3715
087600,픽셀플러스,KOSDAQ,3975,3975,3860,3975
226330,신테카바이오,KOSDAQ,1326,1290,1280,1448
016600,큐캐피탈,KOSDAQ,2290,2395,2275,2395
025440,DH오토웨어,KOSDAQ,3290,3270,3120,3445
006370,대구백화점,KOSPI,2970,2955,2905,2995
148930,에이치와이티씨,KOSDAQ,3150,3025,3025,3160
010400,우진아이엔에스,KOSPI,4200,4175,4105,4250
318020,포인트모바일,KOSDAQ,2675,2670,2570,2670
133750,메가엠디,KOSDAQ,1348,1370,1340,1370
090410,덕신이피씨,KOSDAQ,3425,3420,3400,3485
031510,오스템,KOSDAQ,1138,1138,1120,1153
033830,티비씨,KOSDAQ,1699,1700,1672,1700
050110,캠시스,KOSDAQ,1079,0,0,0
072770,멤레이비티,KOSDAQ,777,770,750,790
093380,풍강,KOSDAQ,3170,3120,3110,3200
337840,유엑스엔,KONEX,6290,6280,6250,6300
088790,진도,KOSPI,2515,2440,2420,2525
197140,디지캡,KOSDAQ,2400,2405,2345,2405
258830,세종메디칼,KOSDAQ,412,0,0,0
356890,싸이버원,KOSDAQ,2575,2565,2505,2610
159910,에코글로우,KOSDAQ,3000,3010,2915,3015
014130,한익스프레스,KOSPI,2630,2600,2565,2630
369370,블리츠웨이엔터테인먼트,KOSDAQ,3150,3085,3030,3175
012620,원일특강,KOSDAQ,7080,7010,6950,7080
271830,팸텍,KOSDAQ,1080,1080,1016,1105
003535,한화투자증권우,KOSPI,6410,6600,6350,6630
001070,대한방직,KOSPI,5970,5860,5830,5880
099390,브레인즈컴퍼니,KOSDAQ,3950,3785,3710,3830
037330,인지디스플레,KOSDAQ,705,699,687,705
419120,산돌,KOSDAQ,2175,2190,2155,2225
127980,화인써키트,KOSDAQ,2625,2640,2590,2675
064480,브리지텍,KOSDAQ,2595,2635,2565,2640
173940,에프엔씨엔터,KOSDAQ,2030,2005,1990,2030
169330,엠브레인,KOSDAQ,1680,1630,1591,1685
075970,동국알앤에스,KOSDAQ,1673,1660,1641,1750
263920,휴엠앤씨,KOSDAQ,3105,3150,3060,3160
388610,지에프씨생명과학,KOSDAQ,5600,5640,5560,5830
038950,파인디지털,KOSDAQ,3000,3000,3000,3025
038870,에코심플렉스,KOSDAQ,2115,2100,2100,2250
024070,WISCOM,KOSPI,2035,1994,1935,2025
376980,원티드랩,KOSDAQ,3135,3190,3040,3195
025750,한솔홈데코,KOSPI,1900,1900,1885,1906
464280,티디에스팜,KOSDAQ,5420,5500,5400,5570
020180,대신정보통신,KOSDAQ,3990,3985,3730,4000
300120,라온피플,KOSDAQ,3110,3080,3055,3205
043340,에쎈테크,KOSDAQ,643,669,620,669
091340,S&K폴리텍,KOSDAQ,2555,2525,2465,2610
038620,위즈코프,KOSDAQ,2020,1980,1966,2025
462310,뉴키즈온,KOSDAQ,3840,3860,3695,3860
368970,오에스피,KOSDAQ,2695,2775,2650,2785
002690,동일제강,KOSPI,1469,1402,1390,1490
246250,에스엘에스바이오,KOSDAQ,1969,0,0,0
071850,캐스텍코리아,KOSDAQ,1242,1245,1241,1245
036420,콘텐트리중앙,KOSPI,1562,1560,1530,1568
311390,네오크레마,KOSDAQ,2390,2335,2280,2525
069640,한세엠케이,KOSPI,1420,1390,1290,1420
097780,에코볼트,KOSDAQ,1510,1492,1469,1492
049120,파인디앤씨,KOSDAQ,2795,2795,2785,2910
237820,플레이디,KOSDAQ,2330,2295,2235,2320
033540,파라텍,KOSDAQ,2880,2850,2710,2890
444530,심플랫폼,KOSDAQ,4785,4810,4500,4810
073540,에프알텍,KOSDAQ,2585,2625,2565,2645
297570,아틀라스링크,KOSDAQ,4150,4095,3860,4250
317240,TS트릴리온,KOSDAQ,1002,1020,990,1024
462980,아이지넷,KOSDAQ,1653,1615,1585,1638
006570,대림통상,KOSPI,1944,1894,1890,1922
452160,제이엔비,KOSDAQ,3040,3015,2970,3045
070590,인티큐브,KOSDAQ,2105,2120,2065,2155
025890,한국주강,KOSPI,2620,2655,2565,2655
088340,유라클,KOSDAQ,6740,6700,6650,6880
188260,세니젠,KOSDAQ,2100,2265,2020,2265
308170,씨티알모빌리티,KOSPI,3480,3400,3365,3470
236810,엔비티,KOSDAQ,1712,1633,1633,1716
079170,한창산업,KOSDAQ,5830,5770,5550,5770
336060,웨이버스,KOSDAQ,3030,3035,2970,3035
160550,NEW,KOSDAQ,1038,1030,1020,1041
200350,아티스트스튜디오,KOSDAQ,2895,2550,2520,2995
187270,신화콘텍,KOSDAQ,2845,2810,2780,2850
206400,베노티앤알,KOSDAQ,805,657,641,854
003680,한성기업,KOSPI,4610,4550,4450,4660
227420,도부,KONEX,755,755,755,866
031310,아이즈비전,KOSDAQ,973,964,956,980
377030,비트맥스,KOSDAQ,2000,1988,1970,2105
006740,블루산업개발,KOSPI,4875,4855,4750,4855
073570,리튬포어스,KOSDAQ,2370,2155,2150,2385
045300,성우테크론,KOSDAQ,2750,2710,2675,2735
239610,에이치엘사이언스,KOSDAQ,5280,5280,5200,5320
078590,휴림에이텍,KOSDAQ,2845,2965,2850,2965
128540,에코캡,KOSDAQ,1079,1099,1064,1099
288620,에스프리즘,KOSDAQ,4085,4165,4070,4190
089150,케이씨티,KOSDAQ,1655,1628,1606,1655
008470,부스타,KOSDAQ,1688,1679,1673,1696
262840,아이퀘스트,KOSDAQ,2715,2685,2650,2705
333050,이노테나,KOSDAQ,5760,5770,5650,5890
119500,포메탈,KOSDAQ,2365,2375,2335,2405
311060,엘에이티,KONEX,3590,3590,3355,3595
290560,파라택시스이더리움,KOSDAQ,1266,1301,1260,1318
043220,티에스넥스젠,KOSDAQ,1710,0,0,0
118000,메타케어,KOSPI,1302,1274,1263,1301
068100,케이웨더,KOSDAQ,2355,2310,2310,2370
007120,미래아이앤지,KOSPI,1028,1039,1010,1039
109960,앱토크롬,KOSDAQ,1856,1900,1852,1900
254120,자비스,KOSDAQ,910,0,0,0
351330,이삭엔지니어링,KOSDAQ,3335,3505,3315,3505
407400,꿈비,KOSDAQ,1885,1886,1850,1920
114630,폴라리스우노,KOSDAQ,1629,1578,1549,1619
115480,씨유메디칼,KOSDAQ,2300,2365,2225,2365
019175,신풍제약우,KOSPI,13910,14000,13320,14180
450520,인스웨이브,KOSDAQ,1919,1936,1880,1939
225220,제놀루션,KOSDAQ,1455,1434,1421,1473
224060,더코디,KOSDAQ,5390,4395,4275,5710
101670,하이드로리튬,KOSDAQ,489,492,475,497
071950,코아스,KOSPI,1910,1830,1760,1929
191410,육일씨엔에쓰,KOSDAQ,1784,1755,1711,1795
318010,팜스빌,KOSDAQ,3485,3460,3410,3505
139670,키네마스터,KOSDAQ,1942,2030,1889,2090
198940,한주라이트메탈,KOSDAQ,1352,1350,1343,1399
048470,대동스틸,KOSDAQ,2810,2850,2785,2870
464580,닷밀,KOSDAQ,1543,1504,1414,1509
148250,알엔투테크놀로지,KOSDAQ,2085,1993,1993,2055
367000,플래티어,KOSDAQ,3320,3280,3260,3400
364950,에이아이코리아,KOSDAQ,3330,3345,3305,3370
067010,이씨에스,KOSDAQ,2520,2485,2465,2520
215790,이노인스트루먼트,KOSDAQ,680,681,661,696
195500,마니커에프앤지,KOSDAQ,1707,1699,1660,1717
373170,엠아이큐브솔루션,KOSDAQ,1850,1799,1786,1823
096630,에스코넥,KOSDAQ,1709,1745,1712,1760
091970,LSK아이로봇,KOSDAQ,3630,3605,3535,3700
069920,엑시온그룹,KOSDAQ,1205,1253,1197,1291
130500,GH신소재,KOSDAQ,1941,1894,1865,1908
462510,라메디텍,KOSDAQ,3065,2875,2720,3340
080530,코디,KOSDAQ,2585,2500,2450,2515
900310,컬러레이,KOSDAQ,2125,2025,2025,2210
057680,티사이언티픽,KOSDAQ,1743,1770,1723,1840
017000,신원종합개발,KOSDAQ,2335,2330,2295,2360
357430,마스턴프리미어리츠,KOSPI,889,887,873,900
066910,손오공,KOSDAQ,1767,1817,1736,1817
007770,한일화학,KOSDAQ,7520,7800,7650,7900
322780,코퍼스코리아,KOSDAQ,1799,1800,1730,1866
032750,삼진,KOSDAQ,2955,2975,2930,3000
013720,청보,KOSDAQ,2200,2235,2140,2235
016920,카스,KOSDAQ,1047,1079,1041,1079
359090,씨엔알리서치,KOSDAQ,2330,2320,2160,2325
140430,카티스,KOSDAQ,2500,2535,2420,2660
079000,와토스코리아,KOSDAQ,3725,3800,3690,3850
389680,유디엠텍,KOSDAQ,3210,3005,2920,3255
131220,대한과학,KOSDAQ,3630,3555,3540,3585
900070,글로벌에스엠,KOSDAQ,986,987,977,991
033250,체시스,KOSPI,4150,4150,4120,4290
134060,이퓨쳐,KOSDAQ,5550,5570,5310,5580
005110,한창,KOSPI,1254,0,0,0
290270,휴네시온,KOSDAQ,2805,2800,2715,2800
348030,모비릭스,KOSDAQ,2815,2925,2740,2925
047080,한빛소프트,KOSDAQ,1054,1075,1047,1076
363260,모비데이즈,KOSDAQ,4080,4265,4045,4285
193250,링크드,KOSDAQ,2040,2065,1943,2090
096690,에이루트,KOSDAQ,6690,6650,6500,6690
328380,솔트웨어,KOSDAQ,3805,3725,3610,3875
043200,파루,KOSDAQ,1260,1230,1210,1273
069410,엔텔스,KOSDAQ,2590,2545,2510,2565
019570,GMI벤처,KOSDAQ,2770,2710,2695,2820
458350,에스팀,KOSDAQ,2985,2965,2880,3090
103840,우양,KOSDAQ,1596,1596,1576,1596
069140,누리플랜,KOSDAQ,1670,1698,1687,1733
006345,대원전선우,KOSPI,9820,9990,9850,10040
376180,피코그램,KOSDAQ,1392,1412,1380,1422
138070,신진에스엠,KOSDAQ,1470,1495,1463,1600
053290,NE능률,KOSDAQ,1618,1555,1555,1621
123840,뉴온,KOSDAQ,1652,1750,1626,1750
403360,라피치,KONEX,6800,6800,6570,6880
002355,넥센타이어1우B,KOSPI,3940,3965,3925,3965
033050,제이엠아이,KOSDAQ,804,803,798,806
027040,서울전자통신,KOSDAQ,1860,1829,1790,1915
004270,남성,KOSPI,5600,5700,5500,5740
001810,무림SP,KOSDAQ,1169,1165,1143,1215
003060,에이프로젠바이오로직스,KOSPI,1570,1639,1534,1725
016670,디모아,KOSDAQ,2595,2520,2450,2535
398120,에스지헬스케어,KOSDAQ,2150,2150,2050,2170
052300,오션인더블유,KOSDAQ,1541,1592,1541,1630
355390,크라우드웍스,KOSDAQ,1618,1544,1505,1731
206560,덱스터,KOSDAQ,1008,915,896,1009
105550,엣지파운드리,KOSDAQ,1629,1650,1622,1660
238490,힘스,KOSDAQ,2295,2385,2240,2390
044780,에이치케이,KOSDAQ,1375,1384,1362,1384
101680,한국정밀기계,KOSDAQ,2995,2990,2925,3035
146060,율촌,KOSDAQ,1065,1047,1039,1065
33637K,솔루스첨단소재1우,KOSPI,1509,1495,1460,1509
006490,프리티,KOSPI,1426,1399,1351,1500
101400,엔시트론,KOSDAQ,1644,1663,1576,1680
076080,웰크론한텍,KOSDAQ,1102,1130,1082,1151
060380,동양에스텍,KOSDAQ,1294,1296,1275,1296
054090,삼진엘앤디,KOSDAQ,1011,1030,995,1030
023150,MH에탄올,KOSPI,4085,4190,4005,4190
383930,디티앤씨알오,KOSDAQ,1951,1618,1618,2070
123750,알톤,KOSDAQ,1813,1849,1770,1849
083660,CSA 코스믹,KOSDAQ,1474,1515,1430,1521
090150,아이윈,KOSDAQ,5920,5970,5870,5970
021880,메이슨캐피탈,KOSDAQ,1188,1158,1151,1200
035200,프럼파스트,KOSDAQ,2640,2580,2540,2705
001380,SG글로벌,KOSPI,1112,1137,1101,1149
083640,인콘,KOSDAQ,5400,5400,5270,5460
115530,씨엔플러스,KOSDAQ,2835,2750,2700,2930
038880,아이에이,KOSDAQ,3310,3155,3140,3345
368600,아이씨에이치,KOSDAQ,956,0,0,0
003495,대한항공우,KOSPI,22150,22250,21900,22250
131180,딜리,KOSDAQ,4180,4140,4110,4195
354390,바스칸바이오제약,KONEX,3495,3495,3495,3495
102950,아하,KONEX,1869,1900,1652,1900
415380,스튜디오삼익,KOSDAQ,2150,2140,2105,2145
223310,사토시홀딩스,KOSDAQ,2995,3000,2935,3030
039740,한국정보공학,KOSDAQ,3085,3015,2990,3080
177830,파버나인,KOSDAQ,2145,2135,2025,2160
278990,EMB,KONEX,3000,0,0,0
351870,차이커뮤니케이션,KOSDAQ,2310,2175,2110,2270
148780,비큐AI,KOSDAQ,3840,3800,3740,3965
290520,신도기연,KOSDAQ,1576,1610,1530,1610
405920,나라셀라,KOSDAQ,1980,1864,1831,1943
318000,KBG,KOSDAQ,2750,2770,2740,2780
475660,에스켐,KOSDAQ,3005,3160,2960,3160
058110,멕아이씨에스,KOSDAQ,1496,1503,1478,1506
267790,배럴,KOSDAQ,3090,3130,3070,3130
020400,대동금속,KOSDAQ,2600,2595,2550,2725
378800,샤페론,KOSDAQ,510,0,0,0
054940,엑사이엔씨,KOSDAQ,3550,3665,3540,3665
060230,제이케이시냅스,KOSDAQ,1230,1254,1195,1267
023770,플레이위드,KOSDAQ,2625,2650,2560,2690
464500,아이언디바이스,KOSDAQ,1692,1693,1635,1693
115160,휴맥스,KOSDAQ,5690,5680,5450,5730
043590,웰킵스하이텍,KOSDAQ,1765,1717,1681,1755
208350,지란지교시큐리티,KOSDAQ,3045,2925,2890,2995
365590,하이딥,KOSDAQ,1265,1299,1253,1299
009310,참엔지니어링,KOSPI,5330,0,0,0
188040,바이오포트,KOSDAQ,5030,4840,4840,5160
417180,핑거스토리,KOSDAQ,4205,4210,4020,4210
222980,한국맥널티,KOSDAQ,2135,2140,2005,2185
187220,디티앤씨,KOSDAQ,2025,2100,1990,2100
007720,소노스퀘어,KOSDAQ,1149,1136,1124,1159
243870,아이티센코어,KONEX,8000,7800,7220,8000
352940,인바이오,KOSDAQ,2075,2160,2085,2160
033200,모아텍,KOSDAQ,2500,2530,2460,2530
036480,대성미생물,KOSDAQ,6100,6170,6000,6170
33626L,두산퓨얼셀2우B,KOSPI,7900,7850,7675,8150
331660,한국미라클피플사,KONEX,4170,3935,3935,4170
219750,한국비티비,KOSDAQ,1851,1644,1624,1797
016100,리더스코스메틱,KOSDAQ,1239,1252,1199,1252
002680,한탑,KOSDAQ,2955,2825,2710,2990
298060,풍전약품,KOSDAQ,2375,2440,2370,2440
207490,에이펙스인텍,KONEX,6350,0,0,0
051380,피씨디렉트,KOSDAQ,1500,1506,1489,1530
018680,서울제약,KOSDAQ,1959,1948,1917,1969
001420,태원물산,KOSPI,3005,2950,2810,3045
032680,소프트센,KOSDAQ,992,981,974,994
030720,동원수산,KOSPI,4880,5040,4815,5040
045520,크린앤사이언스,KOSDAQ,3485,3190,3190,3580
336040,타스컴,KONEX,3900,3800,3800,3900
032800,판타지오,KOSDAQ,1491,1471,1468,1501
013810,스페코,KOSDAQ,1533,1559,1526,1560
257370,피엔티엠에스,KOSDAQ,1890,1790,1673,1867
005360,모나미,KOSPI,1179,1187,1173,1230
065690,파커스,KOSDAQ,1870,1843,1807,1876
039310,세중,KOSDAQ,1269,1239,1233,1320
303530,이노뎁,KOSDAQ,3035,3115,2855,3115
017250,인터엠,KOSDAQ,1060,1065,1054,1098
192390,윈하이텍,KOSDAQ,1888,1895,1829,1895
044480,빌리언스,KOSDAQ,3425,3400,3330,3535
032860,더라미,KOSDAQ,2720,2770,2680,2770
238200,비피도,KOSDAQ,2810,2635,2570,2735
377330,이지트로닉스,KOSDAQ,2760,2770,2660,2855
115570,스타플렉스,KOSDAQ,2700,2835,2660,2835
063760,이엘피,KOSDAQ,2350,2380,2340,2390
432980,엠에프씨,KOSDAQ,2585,2575,2510,2635
237750,피앤씨테크,KOSDAQ,3360,3435,3325,3500
004870,티웨이홀딩스,KOSPI,962,962,954,1020
241840,에이스토리,KOSDAQ,2270,2385,2230,2385
027580,상보,KOSDAQ,1874,1899,1781,1899
032080,아즈텍WB,KOSDAQ,1010,0,0,0
053060,세동,KOSDAQ,1229,1213,1208,1236
065370,위세아이텍,KOSDAQ,2995,2950,2875,2950
317120,라닉스,KOSDAQ,1421,1428,1406,1444
018700,졸스,KOSDAQ,1288,1316,1270,1327
012170,아센디오,KOSPI,2945,3050,2820,3050
331520,밸로프,KOSDAQ,2200,2240,2155,2240
340440,세림B&G,KOSDAQ,756,0,0,0
277410,인산가,KOSDAQ,5590,5890,5560,5890
247660,나노씨엠에스,KOSDAQ,4095,4085,4035,4195
032280,삼일,KOSDAQ,1319,1330,1319,1349
067730,로지시스,KOSDAQ,2200,2215,2175,2215
054220,비츠로시스,KOSDAQ,1685,1728,1662,1728
130740,티피씨글로벌,KOSDAQ,1934,1895,1877,1930
059180,엔더블유시,KONEX,3985,0,0,0
276730,한울앤제주,KOSDAQ,897,994,883,994
154040,다산솔루에타,KOSDAQ,9620,9500,8920,10760
270210,에스알바이오텍,KONEX,12340,11500,11500,12500
043360,디지아이,KOSDAQ,2350,2350,2245,2350
344860,이노진,KOSDAQ,1399,1408,1370,1477
424760,벨로크,KOSDAQ,2085,2250,2060,2250
206950,볼빅,KONEX,1488,1488,1488,1900
008775,호텔신라우,KOSPI,28100,28050,27700,28050
440320,오픈놀,KOSDAQ,2070,2170,2075,2170
024940,PN풍년,KOSDAQ,2055,2010,2005,2095
076340,지에이이노더스,KONEX,4285,4285,4285,4285
200230,텔콘RF제약,KOSDAQ,2185,2170,2160,2210
215480,토박스코리아,KOSDAQ,1942,1988,1942,1988
372800,아이티아이즈,KOSDAQ,3060,3160,2960,3185
095910,에스에너지,KOSDAQ,568,576,560,578
403810,아이엘로보틱스,KONEX,2080,2210,2000,2450
362990,드림인사이트,KOSDAQ,1229,1282,1223,1282
019660,글로본,KOSDAQ,1475,1530,1460,1530
429270,시지트로닉스,KOSDAQ,3185,3100,3065,3330
021040,대호특수강,KOSDAQ,944,941,903,944
361670,삼영에스앤씨,KOSDAQ,3610,3590,3520,3615
438700,버넥트,KOSDAQ,1857,1850,1782,1850
275630,에스에스알,KOSDAQ,3850,3895,3710,3895
000040,KR모터스,KOSPI,1028,1030,1011,1040
069330,유아이디,KOSDAQ,1227,1250,1190,1250
038530,케이바이오랩스,KOSDAQ,4075,4070,3820,4165
353190,휴럼,KOSDAQ,2520,2580,2545,2580
001685,대상우,KOSPI,14620,14490,14480,14650
301300,바이브컴퍼니,KOSDAQ,1587,1599,1457,1599
00499K,롯데지주우,KOSPI,25100,24850,24750,24900
015020,이스타코,KOSPI,928,0,0,0
317860,노드메이슨,KONEX,4400,4500,4400,4500
289220,자이언트스텝,KOSDAQ,900,905,884,930
900110,딥커머스,KOSDAQ,5940,5410,5350,5430
026910,광진실업,KOSDAQ,2505,2520,2425,2700
434190,탈로스,KONEX,2680,2700,2430,2700
085810,알티캐스트,KOSDAQ,1397,1418,1390,1429
098660,에스티오,KOSDAQ,1570,1624,1547,1624
080470,성창오토텍,KOSDAQ,2780,2685,2675,2725
048830,엔피케이,KOSDAQ,1036,1026,1026,1059
347770,핌스,KOSDAQ,862,851,840,870
115610,이미지스,KOSDAQ,1615,1567,1560,1662
227610,아우딘퓨쳐스,KOSDAQ,1034,1017,985,1017
073190,듀오백,KOSDAQ,1622,0,0,0
113810,디젠스,KOSDAQ,2935,2980,2930,3080
353590,오토앤,KOSDAQ,1475,1420,1419,1514
050760,에스폴리텍,KOSDAQ,1198,1168,1161,1183
342870,오아,KOSDAQ,3535,3500,3490,3560
154030,아시아종묘,KOSDAQ,1602,1625,1521,1625
214610,롤링스톤,KOSDAQ,2290,0,0,0
065150,대산F&B,KOSDAQ,1200,1230,1165,1232
018620,우진비앤지,KOSDAQ,2710,2795,2700,2795
083470,이엠앤아이,KOSDAQ,910,911,874,911
084440,유비온,KOSDAQ,4925,5060,4950,5210
054410,케이피티유,KOSDAQ,3420,3400,3315,3400
108675,LX하우시스우,KOSPI,18420,18020,18010,18570
322970,무진메디,KONEX,1884,1919,1805,1919
096870,엘디티,KOSDAQ,2295,2340,2265,2340
011090,에넥스,KOSPI,1601,1683,1567,1683
079950,인베니아,KOSDAQ,1374,1164,1130,1420
274400,이노시뮬레이션,KOSDAQ,2095,2135,2070,2135
009620,삼보산업,KOSDAQ,5400,5060,5060,5400
252500,세화피앤씨,KOSDAQ,2295,2290,2245,2310
031860,디에이치엑스컴퍼니,KOSDAQ,6930,0,0,0
222670,플럼라인생명과학,KONEX,4635,0,0,0
455180,케이지에이,KOSDAQ,1268,1269,1189,1278
195990,루트K,KOSDAQ,1145,1130,1130,1155
365900,브이씨,KOSDAQ,2530,2540,2455,2635
110020,전진바이오팜,KOSDAQ,2075,2060,1985,2065
056730,CNT85,KOSDAQ,1253,1297,1241,1297
014100,메디앙스,KOSDAQ,1600,1558,1506,1574
405000,플라즈맵,KOSDAQ,3480,3730,3410,3740
403490,우듬지팜,KOSDAQ,2025,2125,2000,2125
065060,지엔코,KOSDAQ,3230,3095,3030,3172
419540,비스토스,KOSDAQ,3105,3080,3055,3150
196700,웹스,KOSDAQ,1355,1315,1274,1315
131100,티엔엔터테인먼트,KOSDAQ,2920,3600,2825,3885
051780,큐로홀딩스,KOSDAQ,2345,2480,2380,2485
023790,동일스틸럭스,KOSDAQ,1404,1428,1400,1485
093240,형지엘리트,KOSPI,296,0,0,0
210120,캔버스엔,KOSDAQ,1829,1892,1809,1940
088290,이원컴포텍,KOSDAQ,2260,2150,2110,2260
465770,STX그린로지스,KOSPI,2490,2545,2405,2590
279600,미디어젠,KOSDAQ,3715,3890,3830,3940
006200,한국전자홀딩스,KOSPI,1910,1911,1810,1922
137940,넥스트아이,KOSDAQ,1839,1868,1800,1868
078860,아이오케이이엔엠,KOSDAQ,2885,2710,2645,2950
037400,우리엔터프라이즈,KOSDAQ,3370,3365,3330,3415
008600,윌비스,KOSPI,2620,0,0,0
009440,KC그린홀딩스,KOSPI,756,0,0,0
373110,엑셀세라퓨틱스,KOSDAQ,1001,999,999,1032
002070,비비안,KOSPI,3620,3850,3610,3850
052960,태양3C,KONEX,3555,0,0,0
900120,씨엑스아이,KOSDAQ,1040,0,0,0
092600,앤씨앤,KOSDAQ,3440,2750,2680,3645
0197V0,엔에이치스팩34호,KOSDAQ,1900,1915,1900,1917
179720,머니무브,KONEX,6200,6400,6200,6400
254160,제이엠멀티,KONEX,3300,3300,3300,3300
0070X0,에스테크엠,KONEX,11270,11500,11270,11500
482680,미래에셋비전스팩7호,KOSDAQ,2055,0,0,0
477380,미래에셋비전스팩4호,KOSDAQ,2080,2075,2070,2080
241820,피씨엘,KOSDAQ,6040,0,0,0
034940,조아제약,KOSDAQ,2650,2605,2580,2710
309930,조이웍스앤코,KOSDAQ,839,857,821,860
0200G0,한국제17호스팩,KOSDAQ,1893,1902,1894,1915
225590,패션플랫폼,KOSDAQ,3210,3180,3160,3250
18064K,한진칼우,KOSPI,30100,30050,30050,31350
050090,비케이홀딩스,KOSDAQ,688,730,653,730
285800,진영,KOSDAQ,4540,4530,4235,4570
169670,코스텍시스템,KONEX,5600,5600,5010,5800
476710,타조이엔터테인먼트,KONEX,16030,0,0,0
376930,노을,KOSDAQ,1562,1552,1525,1635
009730,이렘,KOSDAQ,1999,1951,1951,2050
379390,이성씨엔아이,KONEX,5600,0,0,0
060480,국일신동,KOSDAQ,1430,1544,1318,1549
065650,하이퍼코퍼레이션,KOSDAQ,1459,1417,1417,1459
005257,녹십자홀딩스2우,KOSPI,18410,18690,18000,18690
0072Z0,KB제33호스팩,KOSDAQ,1970,1962,1962,1970
060900,에이전트AI,KOSDAQ,2345,2795,2315,2800
477340,에이치엠씨제7호스팩,KOSDAQ,2060,2055,2055,2060
101000,KS인더스트리,KOSDAQ,1550,1465,1413,1550
005725,넥센우,KOSPI,4260,4345,4260,4345
351020,미쥬,KONEX,7360,0,0,0
0101C0,하나36호스팩,KOSDAQ,1964,1955,1954,1980
0130H0,엔에이치스팩33호,KOSDAQ,1974,1975,1971,1991
002025,코오롱우,KOSPI,13260,13070,12980,13100
030350,드래곤플라이,KOSDAQ,973,0,0,0
177350,베셀,KOSDAQ,1508,1524,1475,1596
0044K0,삼성스팩10호,KOSDAQ,1980,1986,1970,1986
103230,에스앤더블류,KOSDAQ,2065,2140,2005,2140
002820,SUN&L,KOSPI,1221,1360,1200,1360
473050,유안타제15호스팩,KOSDAQ,2100,0,0,0
475460,미트박스,KOSDAQ,2600,2520,2465,2620
0115H0,삼성스팩13호,KOSDAQ,1972,1978,1971,1978
489480,키움제11호스팩,KOSDAQ,2200,0,0,0
289010,아이스크림에듀,KOSDAQ,1034,1170,1002,1180
478440,미래에셋비전스팩6호,KOSDAQ,2065,2060,2045,2065
024890,대원화성,KOSPI,1728,1708,1708,1750
239340,이스트에이드,KOSDAQ,2640,2580,2350,2795
479880,한국제15호스팩,KOSDAQ,2070,2070,2060,2070
335870,윙스풋,KOSDAQ,4215,4315,4170,4570
0165X0,메리츠제2호스팩,KOSDAQ,1935,1931,1920,1941
176590,코나솔,KONEX,2400,2400,2400,2400
306040,에스제이그룹,KOSDAQ,1507,1551,1438,1551
000087,하이트진로2우B,KOSPI,12310,12250,12210,12490
0099W0,미래에셋비전스팩11호,KOSDAQ,1978,1963,1963,1980
035620,바른손이앤에이,KOSDAQ,743,653,653,755
208850,이비테크,KONEX,4865,5380,4705,5380
0209J0,KB제34호스팩,KOSDAQ,1888,1902,1888,1902
001795,대한제당우,KOSPI,2145,2105,2100,2120
304840,피플바이오,KOSDAQ,561,0,0,0
352770,셀레스트라,KOSDAQ,5250,0,0,0
244460,올리패스,KOSDAQ,1651,0,0,0
004105,태양금속우,KOSPI,4100,3950,3815,4045
0134X0,대신밸런스제20호스팩,KOSDAQ,1971,1969,1969,1977
456190,큐라켐,KONEX,7210,0,0,0
067770,세진티에스,KOSDAQ,1570,0,0,0
0164H0,한국제16호스팩,KOSDAQ,1938,1941,1941,1950
481890,엔에이치스팩31호,KOSDAQ,2070,2070,2065,2070
45226K,한화갤러리아우,KOSPI,4500,4500,4500,4510
303030,지니틱스,KOSDAQ,1424,1468,1402,1469
0099X0,IBKS제25호스팩,KOSDAQ,2180,0,0,0
0096B0,삼성스팩12호,KOSDAQ,1981,1975,1968,1981
489730,디비금융제13호스팩,KOSDAQ,2035,2035,2015,2035
478390,KB제29호스팩,KOSDAQ,2070,2075,2065,2075
084695,대상홀딩스우,KOSPI,14070,13110,13110,14070
00806K,대덕1우,KOSPI,10600,10560,10560,10660
0097F0,미래에셋비전스팩10호,KOSDAQ,1969,1969,1964,1969
418620,E8,KOSDAQ,643,665,617,678
233990,질경이,KONEX,789,691,650,789
054180,메디콕스,KOSDAQ,2295,0,0,0
492220,KB제31호스팩,KOSDAQ,2040,2040,2015,2040
482520,교보16호스팩,KOSDAQ,2065,0,0,0
0037T0,KB제32호스팩,KOSDAQ,1983,1985,1973,1985
0093G0,미래에셋비전스팩8호,KOSDAQ,1961,1960,1955,1969
028080,휴맥스홀딩스,KOSDAQ,5170,5110,5110,5230
0091W0,신영스팩11호,KOSDAQ,2045,2040,2035,2060
377220,프롬바이오,KOSDAQ,2190,2375,2000,2450
0054V0,엔에이치스팩32호,KOSDAQ,2025,1999,1994,1999
0131D0,키움히어로제2호스팩,KOSDAQ,1949,1962,1954,1962
065570,삼영이엔씨,KOSDAQ,764,0,0,0
145995,삼양사우,KOSPI,33200,33350,33100,33350
015260,에이엔피,KOSPI,260,264,257,267
208640,썸에이지,KOSDAQ,878,801,801,1024
079190,케스피온,KOSDAQ,1274,1459,1180,1459
477760,DB금융스팩12호,KOSDAQ,2065,2070,2065,2070
0088D0,메리츠제1호스팩,KOSDAQ,2055,2060,2035,2060
0041L0,하나35호스팩,KOSDAQ,1971,1990,1962,1990
006050,국영지앤엠,KOSDAQ,3405,3455,3305,3490
0132G0,교보20호스팩,KOSDAQ,1987,1991,1981,1996
469900,하나31호스팩,KOSDAQ,2100,2095,2090,2105
291810,핀텔,KOSDAQ,833,1189,833,1199
482690,대신밸런스제19호스팩,KOSDAQ,2070,2075,2065,2075
217320,썬테크,KONEX,11000,0,0,0
474660,신한제12호스팩,KOSDAQ,2085,2080,2075,2085
224760,엔에스컴퍼니,KONEX,2915,0,0,0
487360,신한제14호스팩,KOSDAQ,2035,2025,2020,2040
474490,유안타제16호스팩,KOSDAQ,2075,2075,2075,2080
086220,광동헬스바이오,KONEX,900,900,742,900
0071M0,삼성스팩11호,KOSDAQ,1980,1953,1953,1984
131760,파인텍,KOSDAQ,1312,1305,1302,1500
00781K,코리아써키트2우B,KOSPI,14490,14340,14340,14520
477470,미래에셋비전스팩5호,KOSDAQ,2070,2075,2065,2075
354200,엔젠바이오,KOSDAQ,1287,1325,1265,1370
0105P0,유진스팩12호,KOSDAQ,1986,1995,1985,1995
217880,틸론,KONEX,1046,1097,1045,1097
496070,신한제16호스팩,KOSDAQ,1991,1992,1983,1992
0129K0,신한제18호스팩,KOSDAQ,1969,1969,1961,1969
060260,뉴보텍,KOSDAQ,829,867,790,867
38380K,LX홀딩스1우,KOSPI,7460,7500,7400,7500
486630,KB제30호스팩,KOSDAQ,2050,2045,2030,2050
149010,아이케이세미콘,KONEX,3480,3400,3400,3500
0096D0,미래에셋비전스팩9호,KOSDAQ,1968,1971,1962,1971
216400,인바이츠바이오코아,KONEX,1400,1492,1232,1492
493790,유안타제17호스팩,KOSDAQ,2020,2010,2000,2025
0098T0,교보19호스팩,KOSDAQ,1983,1986,1983,2005
0004Y0,디비금융제14호스팩,KOSDAQ,1997,1981,1981,2000
489210,교보17호스팩,KOSDAQ,2050,2045,2035,2045
0130D0,신한제17호스팩,KOSDAQ,1950,1950,1950,1971
001067,JW중외제약2우B,KOSPI,50000,50000,50000,50000
043100,알파AI,KOSDAQ,520,0,0,0
478110,이베스트스팩6호,KOSDAQ,2050,2055,2045,2055
189350,코셋,KONEX,2140,2145,1615,2145
466690,키움히어로제1호스팩,KOSDAQ,2005,2005,1996,2010
305090,마이크로디지탈,KOSDAQ,538,0,0,0
498390,한화플러스제5호스팩,KOSDAQ,2035,0,0,0
0041B0,교보18호스팩,KOSDAQ,2000,2000,2000,2005
004255,NPC우,KOSPI,1910,1920,1860,1920
003075,코오롱글로벌우,KOSPI,13460,13500,13250,13500
142760,모아라이프플러스,KOSDAQ,471,468,468,512
238500,솔루믹스,KONEX,475,0,0,0
488060,유진스팩11호,KOSDAQ,2040,2040,2035,2045
289170,바이오텐,KONEX,2690,2870,2690,2870
302920,더콘텐츠온,KONEX,2100,2000,2000,2100
106080,케이이엠텍,KOSDAQ,1650,0,0,0
145210,다이나믹디자인,KOSPI,2240,0,0,0
012340,뉴인텍,KOSDAQ,429,434,423,455
019685,대교우B,KOSPI,966,975,964,975
484130,하나34호스팩,KOSDAQ,2020,2030,2020,2035
001755,한양증권우,KOSPI,19480,19250,19060,19410
473950,에스케이증권제13호스팩,KOSDAQ,2050,2055,2050,2055
251280,안지오랩,KONEX,2590,2540,2540,2800
469480,IBKS제24호스팩,KOSDAQ,2130,0,0,0
103660,씨앗,KONEX,1490,1300,1300,1490
065770,CS,KOSDAQ,849,875,762,876
318660,타임기술,KONEX,4100,4175,4100,4175
468760,유진스팩10호,KOSDAQ,2080,0,0,0
487830,신한제15호스팩,KOSDAQ,2100,2045,2020,2045
185190,수프로,KONEX,948,999,849,999
472230,에스케이증권제11호스팩,KOSDAQ,2100,0,0,0
244880,나눔테크,KONEX,1724,1770,1600,1770
487720,키움제10호스팩,KOSDAQ,2035,2035,2030,2035
33637L,솔루스첨단소재2우B,KOSPI,2265,2250,2225,2280
276240,엘리비젼,KONEX,696,696,611,696
114920,대주이엔티,KONEX,2455,2455,2455,2900
0068Y0,비엔케이제3호스팩,KOSDAQ,1973,1989,1973,1989
240600,유진테크놀로지,KOSDAQ,1021,980,980,1073
001000,신라섬유,KOSDAQ,1741,1695,1655,1798
233250,메디안디노스틱,KONEX,4800,0,0,0
000225,유유제약1우,KOSPI,3645,3665,3600,3665
0041J0,엘에스스팩1호,KOSDAQ,1910,1988,1970,1988
03481K,해성산업1우,KOSDAQ,5880,5830,5780,5900
087260,모바일어플라이언스,KOSDAQ,247,0,0,0
288980,모아데이타,KOSDAQ,218,252,218,252
001515,SK증권우,KOSPI,3995,4000,3945,4000
475250,하나33호스팩,KOSDAQ,2085,2075,2075,2090
079970,투비소프트,KOSDAQ,596,0,0,0
001065,JW중외제약우,KOSPI,22250,22250,22250,22250
299480,지앤이헬스케어,KONEX,685,698,685,698
474930,신한제13호스팩,KOSDAQ,2095,2090,2080,2100
178600,대동고려삼,KONEX,1700,1998,1501,1998
212310,오건에코텍,KONEX,635,0,0,0
065420,에스아이리소스,KOSDAQ,940,0,0,0
199150,데이터스트림즈,KONEX,1698,1700,1698,1700
276040,스코넥,KOSDAQ,327,0,0,0
199290,바이오프로테크,KONEX,410,400,400,460
000325,노루홀딩스우,KOSPI,28400,28600,27400,28600
473000,에스케이증권제12호스팩,KOSDAQ,2082,2070,2070,2082
308100,형지글로벌,KOSDAQ,264,299,258,300
475240,하나32호스팩,KOSDAQ,2095,2085,2085,2095
004985,성신양회우,KOSPI,9000,9300,8900,9300
066830,제노텍,KONEX,1180,0,0,0
253610,루트락,KONEX,650,725,550,725
234070,에이원큐브텍,KONEX,924,924,924,924
004835,덕성우,KOSPI,4465,4180,4180,4545
044380,주연테크,KOSPI,436,405,365,520
236340,메디젠휴먼케어,KONEX,2000,2000,1800,2000
012205,계양전기우,KOSPI,4990,5050,4980,5080
900100,파이온엑스,KOSDAQ,1096,1152,1060,1300
267080,세븐브로이맥주,KONEX,486,0,0,0
26490K,크라운제과우,KOSPI,7770,7340,7210,7340
136660,큐엠씨,KONEX,2395,0,0,0
447690,아이오바이오,KONEX,2030,2305,1986,2305
044180,KD,KOSDAQ,205,0,0,0
090355,노루페인트우,KOSPI,11790,11800,11610,11800
202960,판도라티비,KONEX,458,598,453,598
313760,캐리,KOSDAQ,468,0,0,0
341170,퓨쳐메디신,KONEX,496,0,0,0
001770,SHD,KOSPI,4275,0,0,0
390110,애니메디솔루션,KONEX,520,528,391,528
266350,팡스카이,KONEX,398,0,0,0
258050,테크트랜스,KONEX,449,0,0,0
250930,예선테크,KOSDAQ,748,850,707,850
346010,타이드,KONEX,1000,0,0,0
002995,금호건설우,KOSPI,16550,16840,16300,17110
311960,인터로이드,KONEX,1530,1400,1400,1530
116100,태양기계,KONEX,620,639,610,639
052770,아이톡시,KOSDAQ,312,0,0,0
225430,케이엠제약,KOSDAQ,698,0,0,0
000545,흥국화재우,KOSPI,5700,5700,5650,5700
000145,하이트진로홀딩스우,KOSPI,9110,9130,9100,9130
092590,럭스피아,KONEX,585,585,585,585
025870,신라에스지,KOSDAQ,1059,0,0,0
236030,씨알푸드,KONEX,2000,2200,2000,2280
009415,태영건설우,KOSPI,6220,6140,6140,6230
215570,크로넥스,KONEX,600,550,550,600
402420,켈스,KONEX,1700,1800,1700,1800
005965,동부건설우,KOSPI,17210,17390,17110,17400
084180,수성웹툰,KOSDAQ,208,250,199,250
332190,오션스바이오,KONEX,2515,2515,2515,2515
296520,가이아코퍼레이션,KONEX,793,0,0,0
217910,에스제이켐,KONEX,264,315,263,340
121060,유니포인트,KONEX,704,807,704,807
208890,미래엔에듀파트너,KONEX,900,0,0,0
007575,일양약품우,KOSPI,7900,7710,7710,7900
014825,동원시스템즈우,KOSPI,13140,13700,13140,13700
224810,엄지하우스,KONEX,825,1100,825,1100
058450,한주에이알티,KOSDAQ,638,865,638,865
199730,바이오인프라,KOSDAQ,686,775,686,775
36328K,티와이홀딩스우,KOSPI,2930,2785,2695,2980
014285,금강공업우,KOSPI,5620,5290,5290,5930
005745,크라운해태홀딩스우,KOSPI,5310,5340,5240,5340
011080,형지I&C,KOSDAQ,445,540,439,540
014915,성문전자우,KOSPI,5050,5170,5050,5170
245450,씨앤에스링크,KONEX,1898,1898,1898,1898
093510,엔지브이아이,KONEX,488,0,0,0
266470,바이오인프라생명과학,KONEX,105,99,99,114
413300,티엘엔지니어링,KONEX,2040,2040,2040,2040
000227,유유제약2우B,KOSPI,7750,7750,7730,7750
001525,동양우,KOSPI,8500,8390,8220,8520
008355,남선알미우,KOSPI,7010,7300,7000,7300
140660,위월드,KONEX,850,0,0,0
448780,마이크로엔엑스,KONEX,685,685,685,685
035290,골드앤에스,KOSDAQ,384,0,0,0
021045,대호특수강우,KOSDAQ,2095,2100,1995,2100
196490,디에이테크놀로지,KOSDAQ,140,200,140,200
312610,에이에프더블류,KOSDAQ,76,99,76,107
266170,레드우즈,KONEX,1050,0,0,0
004545,깨끗한나라우,KOSPI,3480,3425,3360,3600
011155,CJ씨푸드1우,KOSPI,5860,5880,5690,5880
001527,동양2우B,KOSPI,5390,5070,5000,5680
004415,서울식품우,KOSPI,4315,4310,4310,4405
002785,진흥기업우B,KOSPI,10110,10500,10010,10500
223220,로지스몬,KONEX,99,102,79,102
032685,소프트센우,KOSDAQ,5810,5940,5610,5940
002787,진흥기업2우B,KOSPI,12510,13500,12250,13500
