종목코드,종목명,시장,종가,시가,저가,고가
005930,삼성전자,KOSPI,219500,224000,216500,225000
000660,SK하이닉스,KOSPI,1222000,1237000,1193000,1242000
005935,삼성전자우,KOSPI,153700,156200,152300,159000
373220,LG에너지솔루션,KOSPI,481000,473000,464000,486000
005380,현대차,KOSPI,513000,525000,510000,526000
402340,SK스퀘어,KOSPI,725000,735000,718000,740000
034020,두산에너빌리티,KOSPI,127100,123000,122600,127950
012450,한화에어로스페이스,KOSPI,1463000,1469000,1440000,1525000
207940,삼성바이오로직스,KOSPI,1528000,1525000,1514000,1533000
329180,HD현대중공업,KOSPI,671000,658000,646000,675000
000270,기아,KOSPI,153400,157700,153400,157700
009150,삼성전기,KOSPI,788000,782000,767000,789000
105560,KB금융,KOSPI,157400,157000,156300,159000
006400,삼성SDI,KOSPI,641000,648000,631000,663000
028260,삼성물산,KOSPI,311500,316500,310000,319000
032830,삼성생명,KOSPI,244500,253500,244000,255500
055550,신한지주,KOSPI,100000,100000,99100,101200
068270,셀트리온,KOSPI,209000,206500,205500,212000
267260,HD현대일렉트릭,KOSPI,1248000,1146000,1136000,1299000
042660,한화오션,KOSPI,134900,135400,133000,135600
012330,현대모비스,KOSPI,422500,442500,419000,443000
006800,미래에셋증권,KOSPI,66900,67900,66600,68000
010130,고려아연,KOSPI,1642000,1663000,1624000,1664000
010120,LS ELECTRIC,KOSPI,226500,221000,218000,234000
086790,하나금융지주,KOSPI,123300,121500,120700,123800
009540,HD한국조선해양,KOSPI,476000,464000,458000,477500
035420,NAVER,KOSPI,214000,216000,213000,216500
298040,효성중공업,KOSPI,3552000,3292000,3279000,3588000
005490,POSCO홀딩스,KOSPI,415000,411500,407000,416500
010140,삼성중공업,KOSPI,34400,35050,33550,35100
015760,한국전력,KOSPI,46200,46050,45650,46450
034730,SK,KOSPI,398500,397000,396500,411000
042700,한미반도체,KOSPI,295500,292000,291000,298000
051910,LG화학,KOSPI,391500,390000,378500,393500
316140,우리금융지주,KOSPI,35050,34900,34700,35250
064350,현대로템,KOSPI,233000,239000,231000,253000
000150,두산,KOSPI,1541000,1447000,1438000,1549000
272210,한화시스템,KOSPI,130400,130900,130200,133300
267250,HD현대,KOSPI,288000,284000,280500,293500
096770,SK이노베이션,KOSPI,132900,133300,130900,134200
003670,포스코퓨처엠,KOSPI,252000,249000,244000,253500
079550,LIG디펜스앤에어로스페이스,KOSPI,989000,996000,981000,1024000
017670,SK텔레콤,KOSPI,100000,99800,99300,101500
035720,카카오,KOSPI,48050,48150,47700,48200
086520,에코프로,KOSDAQ GLOBAL,156600,157500,154100,159700
066570,LG전자,KOSPI,127500,130800,126100,132900
000810,삼성화재,KOSPI,456000,454500,451000,459000
247540,에코프로비엠,KOSDAQ GLOBAL,208000,207500,204000,209500
033780,KT&G,KOSPI,176200,171500,171300,179500
011200,HMM,KOSPI,21100,20650,20600,21300
196170,알테오젠,KOSDAQ GLOBAL,369000,360000,356500,374000
000720,현대건설,KOSPI,173000,174500,170400,174500
138040,메리츠금융지주,KOSPI,114500,116900,114500,117600
024110,기업은행,KOSPI,22350,22250,22200,22450
278470,에이피알,KOSPI,450000,450000,438000,450500
047810,한국항공우주,KOSPI,171400,177300,167400,177500
086280,현대글로비스,KOSPI,222500,229500,221500,229500
030200,KT,KOSPI,61700,62000,61600,62400
003550,LG,KOSPI,96000,97400,95800,97800
071050,한국금융지주,KOSPI,259000,259500,258000,265500
047050,포스코인터내셔널,KOSPI,81300,79900,79600,81900
0126Z0,삼성에피스홀딩스,KOSPI,574000,598000,573000,600000
047040,대우건설,KOSPI,32800,33200,31900,34550
010950,S-Oil,KOSPI,119400,121800,116600,122000
018260,삼성에스디에스,KOSPI,169800,177300,169200,177400
259960,크래프톤,KOSPI,274500,267500,265000,283000
011070,LG이노텍,KOSPI,542000,537000,522000,568000
005940,NH투자증권,KOSPI,35100,35650,34950,36250
006260,LS,KOSPI,398500,375500,372500,402500
323410,카카오뱅크,KOSPI,25300,25000,24850,25450
277810,레인보우로보틱스,KOSDAQ,612000,599000,593000,620000
039490,키움증권,KOSPI,449500,447500,447500,459500
307950,현대오토에버,KOSPI,429500,440500,423500,441500
005830,DB손해보험,KOSPI,175000,174700,173000,177100
443060,HD현대마린솔루션,KOSPI,253500,233000,230000,255000
007660,이수페타시스,KOSPI,153400,153900,148900,154400
352820,하이브,KOSPI,252000,244500,244500,253000
028050,삼성E&A,KOSPI,52500,50200,49450,53400
016360,삼성증권,KOSPI,111600,112800,111300,113400
003230,삼양식품,KOSPI,1315000,1333000,1308000,1344000
000250,삼천당제약,KOSDAQ,411500,374500,374000,417500
058470,리노공업,KOSDAQ GLOBAL,124400,122100,119900,126250
267270,HD건설기계,KOSPI,194700,187000,186700,195800
000880,한화,KOSPI,131100,127500,126800,131500
003490,대한항공,KOSPI,24850,24700,24600,25000
298380,에이비엘바이오,KOSDAQ,157200,151700,150400,159100
005387,현대차2우B,KOSPI,245000,250500,244000,251000
950160,코오롱티슈진,KOSDAQ,101000,100300,97900,103900
009830,한화솔루션,KOSPI,49350,46800,46700,49850
090430,아모레퍼시픽,KOSPI,143900,132500,132500,144500
028300,HLB,KOSDAQ,60200,59200,58800,60800
326030,SK바이오팜,KOSPI,102300,102700,101600,102900
066970,엘앤에프,KOSPI,198500,190000,190000,201500
001440,대한전선,KOSPI,42850,40850,40800,44800
161390,한국타이어앤테크놀로지,KOSPI,62700,63600,61900,64200
180640,한진칼,KOSPI,114200,115000,113500,116200
000100,유한양행,KOSPI,94800,94700,94600,95600
377300,카카오페이,KOSPI,55300,55700,54900,55800
052690,한전기술,KOSPI,194800,188400,186100,196000
141080,리가켐바이오,KOSDAQ GLOBAL,200000,199900,198900,207000
241560,두산밥캣,KOSPI,76000,73900,73700,76600
010060,OCI홀딩스,KOSPI,384000,322000,322000,399000
032640,LG유플러스,KOSPI,16600,16720,16470,16780
078930,GS,KOSPI,75700,76600,74900,77200
062040,산일전기,KOSPI,222000,211000,210500,230000
000990,DB하이텍,KOSPI,152000,155600,146100,159200
087010,펩트론,KOSDAQ,278500,260000,256000,287000
064400,LG씨엔에스,KOSPI,66700,67600,66200,68000
034220,LG디스플레이,KOSPI,12770,13250,12610,13290
128940,한미약품,KOSPI,497500,492500,486000,502000
001040,CJ,KOSPI,218000,215000,212500,222000
082740,한화엔진,KOSPI,76000,71600,71100,79600
039030,이오테크닉스,KOSDAQ GLOBAL,506000,480000,480000,510000
029780,삼성카드,KOSPI,53800,54600,53800,54900
454910,두산로보틱스,KOSPI,94100,92300,91500,95400
021240,코웨이,KOSPI,85900,80300,80000,87600
138930,BNK금융지주,KOSPI,19000,18800,18680,19070
450080,에코프로머티,KOSPI,82900,78600,78100,84100
036570,NC,KOSPI,270500,273500,265500,275500
214370,케어젠,KOSDAQ,107900,105700,102400,108800
036930,주성엔지니어링,KOSDAQ GLOBAL,123900,116200,112000,138900
005385,현대차우,KOSPI,246000,253000,244500,253000
240810,원익IPS,KOSDAQ GLOBAL,116100,113200,112000,116400
353200,대덕전자,KOSPI,115200,99700,99300,116000
004020,현대제철,KOSPI,42500,42350,38650,42900
310210,보로노이,KOSDAQ,306500,308000,299500,316000
271560,오리온,KOSPI,141800,144500,139700,145300
088980,맥쿼리인프라,KOSPI,11390,11390,11380,11440
175330,JB금융지주,KOSPI,28700,30000,28650,30050
022100,포스코DX,KOSPI,34800,34750,34200,34850
095340,ISC,KOSDAQ GLOBAL,235000,235500,227000,239000
002380,KCC,KOSPI,557000,557000,550000,563000
103590,일진전기,KOSPI,96500,91400,91200,98900
011790,SKC,KOSPI,116100,112700,112100,117900
403870,HPSP,KOSDAQ GLOBAL,53400,51600,50200,55400
018880,한온시스템,KOSPI,4230,4245,4160,4275
088350,한화생명,KOSPI,4965,4830,4800,4970
108490,로보티즈,KOSDAQ,292500,269000,264000,298500
011170,롯데케미칼,KOSPI,96700,93700,93200,99700
251270,넷마블,KOSPI,50400,49900,49800,50800
489790,한화비전,KOSPI,81800,79300,79100,83800
032820,우리기술,KOSDAQ,22900,23400,22500,23450
071970,HD현대마린엔진,KOSPI,114600,98400,98100,115800
214150,클래시스,KOSDAQ GLOBAL,59400,58600,58400,60000
051900,LG생활건강,KOSPI,253000,247000,247000,254000
004170,신세계,KOSPI,407000,389500,388500,410000
375500,DL이앤씨,KOSPI,99000,97400,93400,100800
017800,현대엘리베이터,KOSPI,96300,96700,94500,98800
023530,롯데쇼핑,KOSPI,133000,124800,123700,134000
226950,올릭스,KOSDAQ,182300,170000,170000,189500
111770,영원무역,KOSPI,83400,83600,81900,84200
457190,이수스페셜티케미컬,KOSPI,121600,123000,116200,125500
439260,대한조선,KOSPI,95300,97500,94100,97600
263750,펄어비스,KOSDAQ GLOBAL,57000,55600,55600,58600
357780,솔브레인,KOSDAQ GLOBAL,469000,455500,450500,469500
035250,강원랜드,KOSPI,16950,16790,16790,16990
012510,더존비즈온,KOSPI,119000,118900,118900,119300
347850,디앤디파마텍,KOSDAQ,81800,79100,78500,84500
020150,롯데에너지머티리얼즈,KOSPI,68100,63700,62400,68500
097950,CJ제일제당,KOSPI,236000,235000,233000,237000
036460,한국가스공사,KOSPI,38400,37700,37550,38450
031210,서울보증보험,KOSPI,50100,48700,48600,50600
006360,GS건설,KOSPI,40750,41100,39600,41850
302440,SK바이오사이언스,KOSPI,44300,44200,43950,44450
064760,티씨케이,KOSDAQ GLOBAL,308000,300000,295000,312500
440110,파두,KOSDAQ,68100,68400,66300,70400
319400,현대무벡스,KOSDAQ,30500,29700,29350,31350
011780,금호석유화학,KOSPI,133400,135700,131600,137900
214450,파마리서치,KOSDAQ GLOBAL,323000,307500,307000,331500
000500,가온전선,KOSPI,201500,199000,193700,203000
014680,한솔케미칼,KOSPI,293000,287500,286000,295000
012750,에스원,KOSPI,87500,87400,87100,88900
222800,심텍,KOSDAQ GLOBAL,88900,85200,84900,90400
100790,미래에셋벤처투자,KOSDAQ,62400,58000,56700,67000
336260,두산퓨얼셀,KOSPI,50500,49700,46750,51400
001720,신영증권,KOSPI,201000,202500,199900,204000
145020,휴젤,KOSDAQ GLOBAL,267000,258000,257500,271000
005290,동진쎄미켐,KOSDAQ,63200,60000,59700,64400
0009K0,에임드바이오,KOSDAQ,50200,47350,47050,50300
043260,성호전자,KOSDAQ,45200,47150,43850,47250
178320,서진시스템,KOSDAQ,53800,55800,53700,57500
084370,유진테크,KOSDAQ,135500,133500,131100,137600
112610,씨에스윈드,KOSPI,73200,70000,69900,75400
237690,에스티팜,KOSDAQ GLOBAL,148000,147700,144800,150500
139130,iM금융지주,KOSPI,19100,19040,18980,19300
083650,비에이치아이,KOSDAQ,98300,99200,94500,99200
028670,팬오션,KOSPI,5630,5680,5600,5730
483650,달바글로벌,KOSPI,241000,237500,231000,242500
257720,실리콘투,KOSDAQ,48800,48750,48300,50500
139480,이마트,KOSPI,105400,103400,102600,105400
098460,고영,KOSDAQ,42300,34650,34450,42300
097230,HJ중공업,KOSPI,32050,33200,31350,33650
004990,롯데지주,KOSPI,28950,28400,28350,29000
004800,효성,KOSPI,171000,165500,163400,173500
051600,한전KPS,KOSPI,63500,62500,61900,63700
009970,영원무역홀딩스,KOSPI,211000,221500,210000,221500
078600,대주전자재료,KOSDAQ,182800,142700,139500,183300
005850,에스엘,KOSPI,60800,61700,59900,61900
103140,풍산,KOSPI,100500,100000,100000,101200
140410,메지온,KOSDAQ,91100,91000,89200,92400
00680K,미래에셋증권2우B,KOSPI,20000,20500,19990,20550
009420,한올바이오파마,KOSPI,51600,51000,49550,52700
319660,피에스케이,KOSDAQ GLOBAL,93000,87100,85400,94200
067310,하나마이크론,KOSDAQ,40300,38350,37950,41800
008930,한미사이언스,KOSPI,39000,39100,38900,39600
218410,RFHIC,KOSDAQ,100200,101900,96500,102800
017960,한국카본,KOSPI,50800,51900,50400,53200
026960,동서,KOSPI,26550,26750,26450,27000
279570,케이뱅크,KOSPI,6510,6360,6340,6550
058610,에스피지,KOSDAQ,118900,113700,112700,121300
120110,코오롱인더,KOSPI,87400,91000,87000,93100
001450,현대해상,KOSPI,30550,30700,30150,30700
082920,비츠로셀,KOSDAQ,57200,52100,49950,58100
068760,셀트리온제약,KOSDAQ,58300,57300,56900,58800
476830,알지노믹스,KOSDAQ,185200,183700,180100,186500
192820,코스맥스,KOSPI,227000,225000,222000,231000
001430,세아베스틸지주,KOSPI,71100,69600,69100,71500
383220,F&F,KOSPI,66500,66900,66100,68200
007340,DN오토모티브,KOSPI,42950,39700,39250,43650
204320,HL만도,KOSPI,53000,53300,52400,53400
030530,원익홀딩스,KOSDAQ,31850,29600,29600,32900
031980,피에스케이홀딩스,KOSDAQ,113500,110000,108900,116300
008770,호텔신라,KOSPI,62300,56700,55800,62900
000155,두산우,KOSPI,605000,576000,550000,607000
018670,SK가스,KOSPI,260000,249000,248500,263000
131970,두산테스나,KOSDAQ GLOBAL,122400,121000,115000,125400
000240,한국앤컴퍼니,KOSPI,24750,25100,24500,25250
007810,코리아써키트,KOSPI,97900,91700,90000,99500
323280,태성,KOSDAQ,76500,75200,72500,76800
000120,CJ대한통운,KOSPI,102400,102200,101000,102800
085620,미래에셋생명,KOSPI,17220,17740,17160,17820
282330,BGF리테일,KOSPI,134500,133500,132900,135800
004370,농심,KOSPI,381500,377500,376000,381500
005440,현대지에프홀딩스,KOSPI,14800,14550,14550,14940
002790,아모레퍼시픽홀딩스,KOSPI,30100,28100,28050,30150
077970,STX엔진,KOSPI,57300,53300,53300,57300
298020,효성티앤씨,KOSPI,530000,531000,524000,557000
089030,테크윙,KOSDAQ,61800,55000,54800,62300
030000,제일기획,KOSPI,19750,19850,19740,19900
027360,아주IB투자,KOSDAQ,18720,14590,14320,18960
361610,SK아이이테크놀로지,KOSPI,27700,27300,26850,27850
035900,JYP Ent.,KOSDAQ GLOBAL,63500,62400,62200,63700
011210,현대위아,KOSPI,82700,84100,81500,84400
101490,에스앤에스텍,KOSDAQ,104800,100200,99100,105500
069960,현대백화점,KOSPI,98500,95800,95800,99100
081660,미스토홀딩스,KOSPI,41400,41600,41400,42000
003690,코리안리,KOSPI,12360,12260,12220,12460
161890,한국콜마,KOSPI,91600,90300,89200,91900
322000,HD현대에너지솔루션,KOSPI,191000,183300,181700,199500
347700,스피어,KOSDAQ,42600,42050,40400,42650
041510,에스엠,KOSDAQ GLOBAL,93200,91800,91700,94600
005070,코스모신소재,KOSPI,63200,62000,60100,63500
023590,다우기술,KOSPI,48150,48300,47850,48750
001120,LX인터내셔널,KOSPI,53600,54500,53300,55000
010170,대한광통신,KOSDAQ,13360,14460,13210,14880
395400,SK리츠,KOSPI,6900,6830,6810,6910
462870,시프트업,KOSPI,34750,34950,34650,36200
140860,파크시스템스,KOSDAQ GLOBAL,284500,281500,276000,288500
060370,LS마린솔루션,KOSDAQ,37900,37050,36250,38250
458870,씨어스,KOSDAQ,51900,49100,48600,54000
007070,GS리테일,KOSPI,23300,23450,22850,23600
039200,오스코텍,KOSDAQ,50900,50300,49700,51500
003570,SNT다이내믹스,KOSPI,58300,56800,56300,59700
229640,LS에코에너지,KOSPI,63300,61800,61700,63600
232140,와이씨,KOSDAQ,23300,21150,21100,23750
003540,대신증권,KOSPI,38800,38900,38600,39100
099320,쎄트렉아이,KOSDAQ,172600,175900,171800,175900
131290,티에스이,KOSDAQ,169400,168000,166500,173900
080220,제주반도체,KOSDAQ,54000,45800,45800,56500
475150,SK이터닉스,KOSPI,54500,54500,53500,55100
417200,LS머트리얼즈,KOSDAQ,27200,26200,25050,27800
475830,오름테라퓨틱,KOSDAQ,84300,81700,81100,85300
069620,대웅제약,KOSPI,152400,150000,148900,152700
038500,삼표시멘트,KOSDAQ,16190,15750,15700,16670
073240,금호타이어,KOSPI,6080,5940,5930,6120
290650,엘앤씨바이오,KOSDAQ,69900,70100,68200,71200
095610,테스,KOSDAQ,89700,89600,87100,90700
006040,동원산업,KOSPI,38800,38700,37950,39025
437730,삼현,KOSDAQ,54000,52400,51400,55200
032350,롯데관광개발,KOSPI,21000,19580,19410,21200
006280,녹십자,KOSPI,142900,141600,141600,144500
085660,차바이오텍,KOSDAQ,17940,17490,17310,18190
003530,한화투자증권,KOSPI,7720,7680,7610,7790
065350,신성델타테크,KOSDAQ,59900,59900,59400,60600
012630,HDC,KOSPI,27550,27150,26850,27800
294870,IPARK현대산업개발,KOSPI,24300,24200,24000,24950
030610,교보증권,KOSPI,13970,14190,13890,14460
004000,롯데정밀화학,KOSPI,61500,60600,59900,64400
036540,SFA반도체,KOSDAQ,9640,7900,7890,10150
281740,레이크머티리얼즈,KOSDAQ,24100,24000,23000,24400
090710,휴림로봇,KOSDAQ,13250,11350,11160,13900
183300,코미코,KOSDAQ GLOBAL,149800,155800,147600,157000
001800,오리온홀딩스,KOSPI,24950,24800,24300,25150
445680,큐리옥스바이오시스템즈,KOSDAQ,90600,90700,88300,91900
491000,리브스메드,KOSDAQ,61000,59600,58400,64900
127120,제이에스링크,KOSDAQ,44000,44250,43000,44550
003380,하림지주,KOSDAQ GLOBAL,13480,13250,13010,13500
195940,HK이노엔,KOSDAQ GLOBAL,52600,50800,50700,52900
007310,오뚜기,KOSPI,368500,366000,365000,370000
034230,파라다이스,KOSPI,15860,15260,15210,15950
020560,아시아나항공,KOSPI,7130,7140,7100,7140
115180,큐리언트,KOSDAQ,39400,38450,37850,40650
100090,SK오션플랜트,KOSPI,23150,23700,22000,24400
397030,에이프릴바이오,KOSDAQ,61900,58900,58100,62900
082640,동양생명,KOSPI,8930,8820,8790,9030
000210,DL,KOSPI,68600,69800,66600,71400
051915,LG화학우,KOSPI,185500,186000,182200,188700
388210,씨엠티엑스,KOSDAQ,148800,149600,147300,151100
048410,현대바이오,KOSDAQ,14630,14130,13970,14650
166090,하나머티리얼즈,KOSDAQ GLOBAL,71200,69800,69300,72100
093370,후성,KOSPI,13090,13410,12780,13540
376900,로킷헬스케어,KOSDAQ,89000,88900,87500,92700
189300,인텔리안테크,KOSDAQ,130400,132800,128900,133200
195870,해성디에스,KOSPI,81700,79100,78800,83800
330590,롯데리츠,KOSPI,4800,4805,4750,4820
137400,피엔티,KOSDAQ GLOBAL,58300,56900,55800,58900
003240,태광산업,KOSPI,1229000,1212000,1202000,1236000
089970,브이엠,KOSDAQ,55800,58100,54100,58100
456160,지투지바이오,KOSDAQ,81400,80400,79500,82200
181710,NHN,KOSPI,41050,41300,40400,41600
003090,대웅,KOSPI,23050,22850,22850,23300
490470,세미파이브,KOSDAQ,39000,34400,33350,40100
213420,덕산네오룩스,KOSDAQ GLOBAL,53100,51600,51100,53200
096530,씨젠,KOSDAQ,25000,24600,24550,25200
456040,OCI,KOSPI,145500,134000,132000,163200
160190,하이젠알앤엠,KOSDAQ,42100,40650,40150,43200
007390,네이처셀,KOSDAQ,20100,20300,19960,20500
036830,솔브레인홀딩스,KOSDAQ GLOBAL,63100,61500,61300,64500
222080,씨아이에스,KOSDAQ GLOBAL,16490,16420,15710,16900
420770,기가비스,KOSDAQ,100200,92000,90800,104000
000670,영풍,KOSPI,68200,68000,66400,68400
014620,성광벤드,KOSDAQ,47550,41150,39700,49950
001740,SK네트웍스,KOSPI,5680,5500,5480,5700
300720,한일시멘트,KOSPI,17080,17050,17000,17170
089860,롯데렌탈,KOSPI,34150,33400,33300,34400
052020,에스티큐브,KOSDAQ,18210,16840,16540,18500
185750,종근당,KOSPI,89200,87500,87500,89900
281820,케이씨텍,KOSPI,59500,57200,56100,59500
032500,케이엠더블유,KOSDAQ,29550,30250,29000,30450
075580,세진중공업,KOSPI,21550,21650,20850,21950
451800,한화리츠,KOSPI,6800,6670,6440,6800
192080,더블유게임즈,KOSPI,57500,54400,53800,58400
415640,KB발해인프라,KOSPI,9930,9930,9900,9950
023160,태광,KOSDAQ,47000,44900,43450,51300
035760,CJ ENM,KOSDAQ GLOBAL,55100,54100,54100,55200
466100,클로봇,KOSDAQ,48300,47450,46750,49500
000080,하이트진로,KOSPI,17180,17120,17090,17250
100840,SNT에너지,KOSPI,57600,56300,55700,58600
056190,에스에프에이,KOSDAQ GLOBAL,32800,31350,31250,32950
086450,동국제약,KOSDAQ GLOBAL,25900,25100,25050,26100
204270,제이앤티씨,KOSDAQ,19980,19380,19260,20150
005300,롯데칠성,KOSPI,123800,122900,122300,123800
090460,비에이치,KOSPI,34000,33400,33100,34700
388720,유일로보틱스,KOSDAQ,97000,94700,93900,98700
171090,선익시스템,KOSDAQ,112900,107300,103300,113900
161580,필옵틱스,KOSDAQ,48400,48700,47500,49750
280360,롯데웰푸드,KOSPI,121400,115400,115200,121600
365550,ESR켄달스퀘어리츠,KOSPI,4590,4550,4540,4615
336370,솔루스첨단소재,KOSPI,16030,15800,14700,16080
293490,카카오게임즈,KOSDAQ GLOBAL,12350,12380,12250,12440
348370,엔켐,KOSDAQ,50600,50100,48400,50800
000815,삼성화재우,KOSPI,367000,371000,365500,371000
005690,파미셀,KOSPI,18280,17860,17700,18330
121600,나노신소재,KOSDAQ,88800,81500,81000,95300
082270,젬백스,KOSDAQ,24400,24000,22650,24750
124500,아이티센글로벌,KOSDAQ,46250,46550,45650,46850
253450,스튜디오드래곤,KOSDAQ GLOBAL,35700,35100,35050,35850
484870,엠앤씨솔루션,KOSPI,117100,117600,115600,118500
328130,루닛,KOSDAQ,36450,35600,35450,37450
044490,태웅,KOSDAQ,53300,52700,51200,54000
298050,HS효성첨단소재,KOSPI,238000,236500,232500,238000
006110,삼아알미늄,KOSPI,70000,66900,63200,71300
108320,LX세미콘,KOSPI,64900,62800,62300,66800
009450,경동나비엔,KOSPI,71400,71500,70500,73600
036530,SNT홀딩스,KOSPI,63800,62100,62100,64000
078160,메디포스트,KOSDAQ,26450,26750,25450,27100
006650,대한유화,KOSPI,159400,155000,155000,161000
003470,유안타증권,KOSPI,5190,5120,5100,5290
192400,쿠쿠홀딩스,KOSPI,29100,28750,28650,29100
174900,앱클론,KOSDAQ,51700,50000,48850,52450
358570,지아이이노베이션,KOSDAQ,16020,15810,15660,16400
071055,한국금융지주우,KOSPI,175600,176000,174100,177600
295310,에이치브이엠,KOSDAQ,85400,87800,83300,88000
137310,에스디바이오센서,KOSPI,8500,8520,8500,8640
057050,현대홈쇼핑,KOSPI,85400,84100,83100,85700
074600,원익QnC,KOSDAQ GLOBAL,38950,37100,37050,40550
122870,와이지엔터테인먼트,KOSDAQ,54600,53700,53600,55000
033240,자화전자,KOSPI,47100,45850,45050,48350
285130,SK케미칼,KOSPI,58700,58300,58000,59600
006120,SK디스커버리,KOSPI,58300,58300,57400,58700
499790,GS피앤엘,KOSPI,51100,48900,47500,52600
476060,온코닉테라퓨틱스,KOSDAQ,22450,21500,21500,22500
050890,쏠리드,KOSDAQ,16430,16500,16150,16700
036810,에프에스티,KOSDAQ,45850,43900,43550,46000
003160,디아이,KOSPI,34650,32650,32350,35000
365340,성일하이텍,KOSDAQ,79900,81300,78700,83600
079900,전진건설로봇,KOSPI,66800,65800,65500,67000
00088K,한화3우B,KOSPI,50200,49950,49200,50400
372320,큐로셀,KOSDAQ,63900,61900,59800,64000
056080,유진로봇,KOSDAQ,25850,24400,24000,26800
066575,LG전자우,KOSPI,56000,57400,55800,58600
126340,비나텍,KOSDAQ,133000,137800,131700,138000
030190,NICE평가정보,KOSPI,16090,15410,15270,16090
248070,솔루엠,KOSPI,19740,19800,19600,20000
064960,SNT모티브,KOSPI,35550,35800,34800,36050
094170,동운아나텍,KOSDAQ,44800,43500,42500,44850
009240,한샘,KOSPI,39200,38850,38850,39350
006730,서부T&D,KOSDAQ,14180,13620,13610,14340
241710,코스메카코리아,KOSDAQ,86000,86600,85000,87800
032190,다우데이타,KOSDAQ,23950,23600,23250,24350
005090,SGC에너지,KOSPI,63400,67900,61900,70700
003030,세아제강지주,KOSPI,220000,204500,202000,225000
033790,피노,KOSDAQ,13390,12340,12110,13455
071320,지역난방공사,KOSPI,77700,78200,76600,78200
102710,이엔에프테크놀로지,KOSDAQ,62700,60100,60100,64800
009155,삼성전기우,KOSPI,307500,311000,301000,314000
005880,대한해운,KOSPI,2765,2635,2630,2870
004490,세방전지,KOSPI,64300,63800,62900,64300
033500,동성화인텍,KOSDAQ,29700,29100,28550,30300
033100,제룡전기,KOSDAQ,55400,54900,54100,56900
249420,일동제약,KOSPI,27800,27400,27150,28000
003850,보령,KOSPI,10170,9840,9820,10340
199800,툴젠,KOSDAQ,96200,99500,93800,99500
348340,뉴로메카,KOSDAQ,69900,66700,65400,70500
025540,한국단자,KOSPI,85400,86000,83900,86500
001510,SK증권,KOSPI,1863,0,0,0
052400,코나아이,KOSDAQ,58900,60000,58400,60200
053610,프로텍,KOSDAQ,77900,73900,73400,78000
003620,KG모빌리티,KOSPI,4180,4100,4040,4255
084110,휴온스글로벌,KOSDAQ,66500,67100,64400,70100
010780,아이에스동서,KOSPI,27800,28300,27500,28500
317450,명인제약,KOSPI,57400,56500,56500,58500
009520,포스코엠텍,KOSDAQ GLOBAL,20050,20000,19800,20150
252990,샘씨엔에스,KOSDAQ,13820,13630,13400,14230
389470,인벤티지랩,KOSDAQ,62400,61900,60900,64600
399720,가온칩스,KOSDAQ,71200,68700,68400,72300
253590,네오셈,KOSDAQ,18820,17800,17600,19410
011930,신성이엔지,KOSPI,3995,0,0,0
079160,CJ CGV,KOSPI,4955,4875,4875,5000
083450,GST,KOSDAQ,44400,44300,43050,45200
014820,동원시스템즈,KOSPI,28100,27400,27400,28150
200710,에이디테크놀로지,KOSDAQ,60500,54400,53700,62000
356860,티엘비,KOSDAQ,82800,79000,78700,84300
278280,천보,KOSDAQ,67600,67200,64800,68600
060250,NHN KCP,KOSDAQ,20050,20350,19840,20450
077360,덕산하이메탈,KOSDAQ,17700,17050,16500,18230
033640,네패스,KOSDAQ,34650,27800,27750,35700
348210,넥스틴,KOSDAQ GLOBAL,76200,76500,75200,76800
161000,애경케미칼,KOSPI,16400,16900,16100,16970
225570,넥슨게임즈,KOSDAQ,12100,12000,11980,12170
368770,파이버프로,KOSDAQ,24200,24050,23500,24450
493280,아이엠바이오로직스,KOSDAQ,53600,52500,52000,54900
214430,아이쓰리시스템,KOSDAQ,108400,104800,104400,111200
00104K,CJ4우(전환),KOSPI,186700,183100,182300,188400
425420,티에프이,KOSDAQ,63800,63800,61300,64000
496320,본시스템즈,KONEX,774000,0,0,0
086900,메디톡스,KOSDAQ,107700,105700,105500,109400
112040,위메이드,KOSDAQ,23150,22900,22300,23250
327260,RF머트리얼즈,KOSDAQ,92300,89900,86100,93700
000370,한화손해보험,KOSPI,6710,6600,6550,6730
002020,코오롱,KOSPI,60300,58800,58200,61100
486990,노타,KOSDAQ,36450,37900,35650,37900
214320,이노션,KOSPI,19280,19200,19150,19370
001270,부국증권,KOSPI,74300,75100,74300,75300
178920,PI첨단소재,KOSPI,26100,25750,25650,26250
376300,디어유,KOSDAQ,32200,32000,31950,32800
003280,흥아해운,KOSPI,3160,3175,3130,3310
003000,부광약품,KOSPI,7660,7220,7080,8170
460930,현대힘스,KOSDAQ,21200,21600,21050,21700
001060,JW중외제약,KOSPI,32300,30500,30500,32550
293940,신한알파리츠,KOSPI,6210,6190,6160,6270
007700,F&F홀딩스,KOSPI,19190,19070,19070,19570
093050,LF,KOSPI,25600,25150,25050,25850
002350,넥센타이어,KOSPI,7610,7630,7520,7650
069260,TKG휴켐스,KOSPI,18170,17960,17820,18230
102940,코오롱생명과학,KOSDAQ,56700,56300,55600,57700
475960,토모큐브,KOSDAQ,55300,54200,53300,55500
031330,에스에이엠티,KOSDAQ,7400,7080,7000,7470
114090,GKL,KOSPI,11890,11840,11750,11980
001680,대상,KOSPI,21150,21100,20900,21150
383800,LX홀딩스,KOSPI,9600,9190,8960,9730
089890,코세스,KOSDAQ,44100,38500,38300,44550
010820,퍼스텍,KOSPI,14930,15650,14610,16430
041960,코미팜,KOSDAQ,9850,9160,9090,10070
024850,HLB이노베이션,KOSDAQ,4620,0,0,0
053800,안랩,KOSDAQ,65000,64300,64100,65300
094800,맵스리얼티,KOSPI,7790,7840,7700,7890
015750,성우하이텍,KOSDAQ,8950,9030,8850,9030
272290,이녹스첨단소재,KOSDAQ GLOBAL,35900,34450,34350,36000
217590,티엠씨,KOSPI,29600,29600,28900,29850
006340,대원전선,KOSPI,9020,8170,7790,9850
059090,미코,KOSDAQ,21150,20850,20200,21250
017940,E1,KOSPI,102300,100000,99300,102500
005180,빙그레,KOSPI,75400,75200,75000,75700
060280,큐렉소,KOSDAQ,16920,15610,15610,17680
005420,코스모화학,KOSPI,18160,17900,17560,18180
468530,프로티나,KOSDAQ,63700,61200,60000,65400
001500,현대차증권,KOSPI,11240,11200,11120,11290
104830,원익머트리얼즈,KOSDAQ,54900,54700,53500,55900
067160,SOOP,KOSDAQ GLOBAL,60200,59900,59700,60800
025980,아난티,KOSDAQ,7070,7120,7060,7190
130660,한전산업,KOSPI,21000,21000,20350,21700
336570,원텍,KOSDAQ,7600,7430,7430,7660
383310,에코프로에이치엔,KOSDAQ,32500,32200,31900,32650
002840,미원상사,KOSPI,142800,141900,141000,145200
005250,녹십자홀딩스,KOSPI,14390,14100,14100,14410
033160,엠케이전자,KOSDAQ,28650,28850,27000,29450
058650,세아홀딩스,KOSPI,154800,154000,153000,156300
001530,DI동일,KOSPI,32150,30100,29100,32600
000640,동아쏘시오홀딩스,KOSPI,98900,97100,96500,99000
000400,롯데손해보험,KOSPI,2145,2075,2075,2180
187660,페니트리움바이오,KOSDAQ,12000,12030,11700,12630
448730,삼성FN리츠,KOSPI,7300,7540,7200,7540
001820,삼화콘덴서,KOSPI,63600,62600,61800,63900
039130,하나투어,KOSPI,42550,42200,42050,42650
002240,고려제강,KOSPI,24350,24400,23750,24750
008730,율촌화학,KOSPI,26500,26400,26100,26700
099190,아이센스,KOSDAQ,22800,20500,20150,23000
042000,카페24,KOSDAQ,26950,26800,26800,27350
046890,서울반도체,KOSDAQ GLOBAL,11190,11020,10750,11360
452260,한화갤러리아,KOSPI,3340,2650,2600,3340
002960,한국쉘석유,KOSPI,492500,495000,489500,495000
005810,풍산홀딩스,KOSPI,44400,43900,43900,44700
090360,로보스타,KOSDAQ,65600,64500,63700,66700
122640,예스티,KOSDAQ,29700,26550,26400,30600
271940,일진하이솔루스,KOSPI,17460,16950,16890,17510
001570,금양,KOSPI,9900,0,0,0
393890,더블유씨피,KOSDAQ GLOBAL,18630,19170,18470,19480
009900,명신산업,KOSPI,12000,11950,11550,12060
014830,유니드,KOSPI,92900,101600,92600,101600
006380,카프로,KOSPI,3660,0,0,0
016380,KG스틸,KOSPI,6160,6030,6020,6180
019210,와이지-원,KOSDAQ,16560,14900,14615,17500
036620,감성코퍼레이션,KOSDAQ,6800,6480,6400,7060
025900,동화기업,KOSDAQ GLOBAL,12160,12150,11810,12260
107640,한중엔시에스,KOSDAQ,67500,67900,65100,68100
003545,대신증권우,KOSPI,24150,24400,24050,24450
268280,미원에스씨,KOSPI,121400,119900,119900,123100
019170,신풍제약,KOSPI,11570,11520,11410,11710
045100,한양이엔지,KOSDAQ,34500,33650,33050,36200
009410,태영건설,KOSPI,2025,2030,2000,2045
089010,켐트로닉스,KOSDAQ,35850,35550,35150,36200
039440,에스티아이,KOSDAQ,38700,38900,37650,39300
287840,인투셀,KOSDAQ,39800,40200,39000,40300
006910,보성파워텍,KOSDAQ,12110,11870,11510,12300
018290,브이티,KOSDAQ,16950,16250,16250,17130
0120G0,삼양바이오팜,KOSPI,79600,81800,79400,81800
016610,DB증권,KOSPI,13940,13950,13930,14230
017900,광전자,KOSPI,10170,10570,10060,11210
460860,동국제강,KOSPI,11810,10900,10870,11980
064260,다날,KOSDAQ,7720,7680,7610,7900
105840,우진,KOSPI,28750,28800,27900,29100
020000,한섬,KOSPI,25850,25100,24950,26300
488900,비츠로넥스텍,KOSDAQ,20000,20100,19780,20250
125490,한라캐스트,KOSDAQ,15740,15560,15220,16150
119850,지엔씨에너지,KOSDAQ,34900,34700,34300,35350
354320,알멕,KOSDAQ,89800,90500,87400,92600
041190,우리기술투자,KOSDAQ,6800,6810,6760,6860
047920,HLB제약,KOSDAQ,17300,17420,17100,17460
025320,시노펙스,KOSDAQ,6140,6160,6080,6170
101160,월덱스,KOSDAQ,34000,33200,33000,34750
448900,한국피아이엠,KOSDAQ,91700,92500,88600,94800
284740,쿠쿠홈시스,KOSPI,24800,24600,24550,25000
037460,삼지전자,KOSDAQ,34050,35000,33850,35450
005389,현대차3우B,KOSPI,238500,244000,237000,244000
211050,인카금융서비스,KOSDAQ,11250,11060,11000,11350
950210,프레스티지바이오파마,KOSPI,9220,9120,9060,9250
002030,아세아,KOSPI,266500,266000,258000,267000
251970,펌텍코리아,KOSDAQ,43950,43800,43800,44950
000070,삼양홀딩스,KOSPI,69900,69400,68700,69900
003300,한일홀딩스,KOSPI,17560,17610,17520,17810
013030,하이록코리아,KOSDAQ,46000,42900,42250,47050
008060,대덕,KOSPI,17300,16850,16670,17380
484590,삼양컴텍,KOSDAQ,13050,13280,12960,13440
114810,한솔아이원스,KOSDAQ,18800,18000,17500,19140
381970,케이카,KOSPI,11000,10600,10600,11070
424870,이뮨온시아,KOSDAQ,7220,7210,7000,7280
016590,신대양제지,KOSPI,13320,13020,13020,13320
168360,펨트론,KOSDAQ,25200,24300,23700,25500
090435,아모레퍼시픽우,KOSPI,50600,47000,47000,50600
290550,디케이티,KOSDAQ,26700,25500,24550,27350
453340,현대그린푸드,KOSPI,16380,16340,16280,16450
394280,오픈엣지테크놀로지,KOSDAQ,20250,19140,19060,20950
079370,제우스,KOSDAQ,17030,16450,16450,17220
377740,바이오노트,KOSPI,5190,5130,5090,5190
093320,케이아이엔엑스,KOSDAQ,108000,108500,105500,109000
005945,NH투자증권우,KOSPI,27800,28000,27100,28250
004690,삼천리,KOSPI,144000,140500,138000,144600
067630,HLB생명과학,KOSDAQ,4275,4260,4190,4320
138080,오이솔루션,KOSDAQ,41900,47000,41000,47000
031430,신세계인터내셔날,KOSPI,14790,14750,14610,15090
098070,한텍,KOSDAQ,46500,44400,43650,47250
340570,티앤엘,KOSDAQ,63400,61300,61000,64000
069540,빛과전자,KOSDAQ,5240,5220,4895,5840
095660,네오위즈,KOSDAQ,23700,23350,23250,24050
389650,넥스트바이오메디컬,KOSDAQ,62500,61900,60600,62700
064820,케이프,KOSDAQ,16570,16970,15900,17500
029460,케이씨,KOSPI,39700,38050,37550,40200
030520,한글과컴퓨터,KOSDAQ GLOBAL,21000,20950,20800,21200
034310,NICE,KOSPI,13750,13550,13500,13750
215600,신라젠,KOSDAQ,3655,3720,3635,3720
078350,한양디지텍,KOSDAQ,33050,31750,31000,33150
006405,삼성SDI우,KOSPI,310000,308000,301500,317500
101730,위메이드맥스,KOSDAQ,5980,5940,5900,6040
206650,유바이오로직스,KOSDAQ,13610,13400,13380,13750
029530,신도리코,KOSPI,51200,51900,50600,52400
001200,유진투자증권,KOSPI,5130,5080,5070,5220
230360,에코마케팅,KOSDAQ,16010,16010,16000,16020
0082N0,카나프테라퓨틱스,KOSDAQ,37650,36700,36200,38850
145990,삼양사,KOSPI,47750,47250,47250,48400
006220,제주은행,KOSPI,13010,12870,12800,13070
078130,국일제지,KOSDAQ,434,466,434,525
170920,엘티씨,KOSDAQ,46250,47450,44700,47450
110990,디아이티,KOSDAQ,25650,24000,23700,25850
126720,수산인더스트리,KOSPI,33800,30600,29850,34500
027410,BGF,KOSPI,5030,5000,4955,5070
101930,인화정공,KOSDAQ,52000,0,0,0
308430,셀비온,KOSDAQ,37400,35600,35500,38300
002710,TCC스틸,KOSPI,18190,17970,17560,18190
034950,한국기업평가,KOSDAQ,104800,104000,103500,105000
330860,네패스아크,KOSDAQ,39000,32650,32550,41700
317330,덕산테코피아,KOSDAQ,23200,23500,22300,23650
015860,일진홀딩스,KOSPI,9580,9160,9110,9600
192650,드림텍,KOSPI,6850,6650,6650,6860
357120,코람코라이프인프라리츠,KOSPI,4850,4850,4810,4870
215200,메가스터디교육,KOSDAQ GLOBAL,45300,44450,44450,45700
000157,두산2우B,KOSPI,525000,507000,504000,530000
105630,한세실업,KOSPI,11700,11640,11530,11710
089980,상아프론테크,KOSDAQ,29250,27900,27200,29650
180400,DXVX,KOSDAQ,4750,4685,4635,5120
145720,덴티움,KOSPI,54000,53000,53000,54400
092870,엑시콘,KOSDAQ,35500,34500,33250,36000
080580,오킨스전자,KOSDAQ,22450,22100,21300,22750
017810,풀무원,KOSPI,12090,12130,11880,12210
318060,그래피,KOSDAQ,41350,42000,40250,43750
091700,파트론,KOSDAQ GLOBAL,8340,8340,7820,8360
344820,KCC글라스,KOSPI,28700,28400,28400,29000
494120,큐리오시스,KOSDAQ,60100,57900,57400,61100
017860,DS단석,KOSPI,25750,26200,25000,26300
378340,필에너지,KOSDAQ,21100,21550,20600,21850
004700,조광피혁,KOSPI,68500,67600,67600,71900
072710,농심홀딩스,KOSPI,97500,96200,96200,97900
025860,남해화학,KOSPI,9080,9150,8960,9340
482630,삼양엔씨켐,KOSDAQ,20600,19820,19820,20900
228760,지노믹트리,KOSDAQ,18100,17650,17500,18600
170900,동아에스티,KOSPI,46200,45350,45250,46350
117730,티로보틱스,KOSDAQ,20250,19680,19440,20650
025770,한국정보통신,KOSDAQ,11980,11910,11870,12370
441270,파인엠텍,KOSDAQ,10740,10790,10590,10830
455900,엔젤로보틱스,KOSDAQ,29050,28500,28200,29600
394800,쓰리빌리언,KOSDAQ,13930,13760,13070,14320
450950,아스테라시스,KOSDAQ,11750,11900,11440,11960
042370,비츠로테크,KOSDAQ,16840,16500,16330,17040
306200,세아제강,KOSPI,154300,147700,146700,154500
234340,헥토파이낸셜,KOSDAQ,31300,30550,29800,31600
015360,INVENI,KOSPI,15980,15750,15750,16030
089590,제주항공,KOSPI,5370,5340,5290,5400
220100,퓨쳐켐,KOSDAQ,19270,18650,18500,19440
332570,PS일렉트로닉스,KOSDAQ,9130,8940,8920,9910
0001A0,덕양에너젠,KOSDAQ,17400,17400,17250,17950
042520,한스바이오메드,KOSDAQ,30200,32000,29800,32150
389500,에스비비테크,KOSDAQ,64700,65000,61400,66500
078020,LS증권,KOSDAQ,7760,7710,7650,7800
0088M0,메쥬,KOSDAQ,43550,41600,40500,46500
005610,삼립,KOSPI,49850,49850,49750,50000
183190,아세아시멘트,KOSPI,11750,11750,11670,11840
241520,DSC인베스트먼트,KOSDAQ,16040,15600,15550,16400
069080,웹젠,KOSDAQ GLOBAL,12310,12300,12210,12370
036170,에이치엠넥스,KOSDAQ,6940,6850,6280,7130
304360,에스바이오메딕스,KOSDAQ,34300,32250,31700,34450
010690,화신,KOSPI,12160,12460,11940,12460
012030,DB,KOSPI,2110,2075,2030,2185
376270,HEM파마,KOSDAQ,58800,56500,53200,59100
016800,퍼시스,KOSPI,36600,37300,36600,37500
0008Z0,에스엔시스,KOSDAQ,44550,45850,42800,45900
009290,광동제약,KOSPI,8430,8230,8130,8480
011760,현대코퍼레이션,KOSPI,31700,30000,29800,31950
084850,아이티엠반도체,KOSDAQ GLOBAL,18400,18250,18120,18490
417310,코람코더원리츠,KOSPI,10330,10360,10320,10420
418550,제이오,KOSDAQ,12930,13250,12800,13870
389260,대명에너지,KOSDAQ,23100,23150,22750,23400
097520,엠씨넥스,KOSPI,23700,23600,23250,23850
092790,넥스틸,KOSPI,15860,15520,15440,16040
086390,유니테스트,KOSDAQ,19470,18600,18560,19940
041830,인바디,KOSDAQ,30500,29250,29250,30500
046120,오르비텍,KOSDAQ,12480,12460,11850,12690
078340,컴투스,KOSDAQ GLOBAL,33900,33450,33350,34450
241770,메카로,KOSDAQ,40200,40900,39800,42000
018250,애경산업,KOSPI,15500,15320,15300,15500
079940,가비아,KOSDAQ,30500,30500,30200,30750
403550,쏘카,KOSPI,12460,12040,11970,12530
194370,제이에스코퍼레이션,KOSPI,14100,14010,13710,14290
179900,유티아이,KOSDAQ,20650,20800,20200,21300
0015G0,그린광학,KOSDAQ,34850,35000,34300,36300
091810,트리니티항공,KOSPI,986,971,965,992
478340,나라스페이스테크놀로지,KOSDAQ,35300,35700,34850,36000
352480,씨앤씨인터내셔널,KOSDAQ,29650,29500,28900,30400
001390,KG케미칼,KOSPI,6000,5870,5830,6190
298830,슈어소프트테크,KOSDAQ,7520,7490,7380,7590
034830,한국토지신탁,KOSPI,1587,1538,1538,1595
200670,휴메딕스,KOSDAQ,35600,34850,34650,35600
144510,지씨셀,KOSDAQ,25300,24450,24450,25600
114190,강원에너지,KOSDAQ,15290,15350,15030,15590
094360,칩스앤미디어,KOSDAQ,18700,18600,18470,18850
084010,대한제강,KOSPI,11590,11280,11200,11630
243840,신흥에스이씨,KOSDAQ,10300,9910,9780,10410
200470,에이팩트,KOSDAQ,9320,8050,8010,9540
419530,SAMG엔터,KOSDAQ,39450,37500,37200,39700
073490,LIG아큐버,KOSDAQ,51500,54000,51500,54900
060980,HL홀딩스,KOSPI,43100,42600,42500,43150
036890,진성티이씨,KOSDAQ,17750,17650,17550,18230
084990,헬릭스미스,KOSDAQ,8470,8290,8240,8590
001940,KISCO홀딩스,KOSPI,27500,27650,27150,27650
236200,슈프리마,KOSDAQ,55700,55800,55000,56300
217730,강스템바이오텍,KOSDAQ,4110,4140,4075,4185
001750,한양증권,KOSPI,30300,30450,30000,30950
007690,국도화학,KOSPI,41600,40950,40900,42200
011500,한농화성,KOSPI,24600,24800,24050,25350
452430,사피엔반도체,KOSDAQ,46700,51000,45500,51300
046970,우리로,KOSDAQ,8730,9130,8630,9730
200880,서연이화,KOSPI,14090,14260,13950,14260
014940,오리엔탈정공,KOSDAQ,8350,8570,8210,8600
009160,SIMPAC,KOSPI,5820,5350,5350,6100
005720,넥센,KOSPI,7240,7100,7010,7240
126560,현대퓨처넷,KOSPI,3450,3430,3415,3490
064290,인텍플러스,KOSDAQ,29450,30450,28500,32400
003800,에이스침대,KOSDAQ,34150,34250,33800,34250
053030,바이넥스,KOSDAQ,11570,11500,11490,11650
026890,스틱인베스트먼트,KOSPI,9750,9700,9690,9880
003720,삼영,KOSPI,11090,10700,10440,11450
085910,네오티스,KOSDAQ,27000,26100,25300,27200
402490,그린리소스,KOSDAQ,22650,22000,21550,22850
092220,KEC,KOSPI,1871,1663,1660,1944
389020,자람테크놀로지,KOSDAQ,56000,54300,53700,58500
035890,서희건설,KOSDAQ,1623,0,0,0
041920,메디아나,KOSDAQ,20050,19680,19680,20500
065660,안트로젠,KOSDAQ,37250,36600,36350,37950
475400,씨메스로보틱스,KOSDAQ,31700,31750,31250,32600
230240,에치에프알,KOSDAQ,28000,28450,27300,28650
093520,매커스,KOSDAQ,26300,24900,24850,26850
078520,에이블씨엔씨,KOSPI,14300,14210,14070,14940
092230,KPX홀딩스,KOSPI,87900,87000,86900,88500
338840,와이바이오로직스,KOSDAQ,24450,24450,23650,24800
002310,아세아제지,KOSPI,9400,9290,9230,9410
356680,엑스게이트,KOSDAQ,12930,13600,12680,13800
002810,삼영무역,KOSPI,19970,19710,19700,20200
314930,바이오다인,KOSDAQ,12390,12180,11880,12650
108860,셀바스AI,KOSDAQ,13640,13450,13310,13750
104700,한국철강,KOSPI,10050,10050,9950,10070
204620,글로벌텍스프리,KOSDAQ,5210,5200,5040,5220
101360,에코앤드림,KOSDAQ,20550,20000,20000,20850
448280,에코아이,KOSDAQ,12330,13440,11900,14000
058970,엠로,KOSDAQ,29450,29400,29150,29700
365270,큐라클,KOSDAQ,16590,16010,15500,17170
265520,AP시스템,KOSDAQ,24150,23100,23050,24200
001230,동국홀딩스,KOSPI,11400,0,0,0
036200,유니셈,KOSDAQ,11820,11630,11570,12200
088800,에이스테크,KOSDAQ,4770,4945,4720,5080
136480,하림,KOSDAQ,3390,3320,3305,3395
099430,바이오플러스,KOSDAQ,5840,5650,5650,5870
065680,우주일렉트로,KOSDAQ,38750,37500,37450,39500
900290,GRT,KOSDAQ,4425,4300,4135,4535
001250,GS글로벌,KOSPI,4330,4035,3855,4370
091580,상신이디피,KOSDAQ,26800,27850,26250,28050
416180,신성에스티,KOSDAQ,39400,38800,37750,39500
084690,대상홀딩스,KOSPI,9830,9730,9700,9870
200130,콜마비앤에이치,KOSDAQ GLOBAL,12090,11810,11810,12270
061970,LB세미콘,KOSDAQ,6070,5110,5100,6220
452280,한선엔지니어링,KOSDAQ,18290,18000,17140,18850
035810,이지홀딩스,KOSDAQ,5440,5470,5400,5490
160980,싸이맥스,KOSDAQ,31850,32000,30700,32100
462350,이노스페이스,KOSDAQ,16740,15460,15400,17960
043150,바텍,KOSDAQ,23250,23000,22850,23350
052710,아모텍,KOSDAQ,23600,24350,23200,24850
001340,PKC,KOSPI,7670,7710,7500,7770
094480,갤럭시아머니트리,KOSDAQ,8750,8840,8690,8900
060720,KH바텍,KOSDAQ,14480,14200,14080,14590
018000,유니슨,KOSDAQ,1386,1360,1354,1443
049630,재영솔루텍,KOSDAQ,2930,0,0,0
024720,콜마홀딩스,KOSPI,9980,9710,9580,10040
286940,롯데이노베이트,KOSPI,22600,22550,22350,22700
092460,한라IMS,KOSDAQ,19920,18870,18730,20000
451760,컨텍,KOSDAQ,21450,20800,20200,21900
474650,링크솔루션,KOSDAQ,58600,57600,56400,60000
445090,에이직랜드,KOSDAQ,30750,30100,30100,31350
272450,진에어,KOSPI,6430,6450,6400,6580
151860,KG에코솔루션,KOSDAQ,7040,6950,6900,7190
064850,에프앤가이드,KOSDAQ,29150,28700,27900,29650
123890,한국자산신탁,KOSPI,2710,2690,2680,2710
003520,영진약품,KOSPI,1813,1795,1790,1824
900140,엘브이엠씨홀딩스,KOSPI,1715,1700,1691,1729
088260,이리츠코크렙,KOSPI,5220,5200,5120,5220
095500,미래나노텍,KOSDAQ,10660,10540,10490,10700
051500,CJ프레시웨이,KOSDAQ,27700,27200,27200,28000
037270,YG PLUS,KOSPI,5160,5120,5070,5210
051370,인터플렉스,KOSDAQ,14020,13870,13800,14330
221800,유투바이오,KOSDAQ,20450,18000,17090,21600
033270,유나이티드제약,KOSPI,20450,20350,20250,20500
092730,네오팜,KOSDAQ,20300,19950,19900,20700
067390,아스트,KOSDAQ,794,792,786,806
472850,폰드그룹,KOSDAQ,5640,5640,5570,5770
058430,포스코스틸리온,KOSPI,5410,5190,4930,5700
232530,이엠티,KONEX,12670,12490,12070,12690
215000,골프존,KOSDAQ GLOBAL,51500,50400,50400,51600
012210,삼미금속,KOSDAQ,14550,14720,14350,14810
049070,인탑스,KOSDAQ,18750,18000,18000,18900
357550,석경에이티,KOSDAQ,59000,56600,56100,60100
243070,휴온스,KOSDAQ,26850,26750,26550,27000
023410,유진기업,KOSDAQ,4150,4155,4110,4160
096760,JW홀딩스,KOSPI,4335,4180,4180,4340
054210,이랜텍,KOSDAQ,12660,12520,12370,12750
128820,대성산업,KOSPI,7060,6880,6840,7100
001460,BYC,KOSPI,50900,50400,50000,51400
321550,티움바이오,KOSDAQ,10600,10400,10030,10810
294570,쿠콘,KOSDAQ,31450,31250,30550,31700
006805,미래에셋증권우,KOSPI,22400,22550,22100,22850
053690,한미글로벌,KOSPI,28750,28400,28050,29450
272110,케이엔제이,KOSDAQ,39250,39900,39000,41550
274090,켄코아에어로스페이스,KOSDAQ,22950,23050,22350,23350
138610,나이벡,KOSDAQ,27650,26600,26600,27950
475560,더본코리아,KOSPI,21150,21000,20950,21200
003920,남양유업,KOSPI,52100,52800,52000,53900
322310,오로스테크놀로지,KOSDAQ,33350,33600,32150,33800
017390,서울가스,KOSPI,62900,63100,62100,63500
045390,대아티아이,KOSDAQ,4410,4460,4360,4490
394420,리센스메디컬,KOSDAQ,28600,26500,25950,31300
035600,KG이니시스,KOSDAQ,11250,11350,11240,11370
251370,와이엠티,KOSDAQ,17480,16700,16580,17780
456010,아이씨티케이,KOSDAQ,22200,23000,21900,23000
003120,일성아이에스,KOSPI,23200,23200,22950,23250
023760,한국캐피탈,KOSDAQ,975,967,963,976
094820,일진파워,KOSDAQ,20400,19430,18910,20650
334890,이지스밸류플러스리츠,KOSPI,4400,4305,4275,4400
115450,HLB테라퓨틱스,KOSDAQ,3445,3420,3360,3595
002900,TYM,KOSPI,7370,7200,7200,7410
054950,제이브이엠,KOSDAQ,25200,25050,24800,25450
037710,광주신세계,KOSPI,38250,38450,38250,38800
000680,LS네트웍스,KOSPI,3860,3780,3630,3880
098120,마이크로컨텍솔,KOSDAQ,36550,35500,35050,37450
304100,솔트룩스,KOSDAQ,24100,23950,23600,24200
464080,에스오에스랩,KOSDAQ,16910,16030,16030,16930
003960,사조대림,KOSPI,33050,32850,32800,33100
099440,스맥,KOSDAQ,4430,4340,4270,4475
000320,노루홀딩스,KOSPI,22700,22400,22250,22900
469610,이노테크,KOSDAQ,33700,29800,28700,34000
004360,세방,KOSPI,15740,15410,15400,15780
009470,삼화전기,KOSPI,45450,46750,44250,46850
005010,휴스틸,KOSPI,5340,5030,5030,5350
002320,한진,KOSPI,19320,19320,19320,19500
144960,뉴파워프라즈마,KOSDAQ,6850,6600,6520,6850
108380,대양전기공업,KOSDAQ,31250,31050,30400,32000
044450,KSS해운,KOSPI,12950,13480,12910,13850
459510,나우로보틱스,KOSDAQ,22900,22150,21900,23450
005680,삼영전자,KOSPI,14850,14960,14580,15010
003200,일신방직,KOSPI,12920,12630,12530,12950
011690,와이투솔루션,KOSPI,8060,7720,7520,8440
017890,한국알콜,KOSDAQ,13880,13850,13670,14100
02826K,삼성물산우B,KOSPI,200500,204500,198100,204500
289930,웨이비스,KOSDAQ,22600,20150,20150,24000
003070,코오롱글로벌,KOSPI,11570,11690,11260,11720
361390,제노코,KOSDAQ,30300,29400,29250,30300
092070,디엔에프,KOSDAQ,25400,23850,23550,25800
092200,디아이씨,KOSPI,7550,7390,7210,7760
226590,엠디바이스,KOSDAQ,27500,26600,26450,28500
000650,천일고속,KOSPI,204500,213000,202000,213000
0007C0,아크릴,KOSDAQ,36350,36500,35900,36950
377190,디앤디플랫폼리츠,KOSPI,3295,3290,3240,3305
000540,흥국화재,KOSPI,4530,4480,4385,4550
008350,남선알미늄,KOSPI,2250,2285,2185,2305
203650,드림시큐리티,KOSDAQ,3035,3290,3020,3300
254490,미래반도체,KOSDAQ,20050,19110,19110,20600
083310,엘오티베큠,KOSDAQ,16230,15700,14920,16300
000490,대동,KOSPI,10020,9880,9880,10080
432720,퀄리타스반도체,KOSDAQ,20400,19780,19370,21000
194480,데브시스터즈,KOSDAQ,23750,23900,23550,24500
108670,LX하우시스,KOSPI,32100,32000,31800,32200
086820,바이오솔루션,KOSDAQ,11070,11080,10950,11430
034120,SBS,KOSPI,15450,15350,15310,15480
036800,나이스정보통신,KOSDAQ,28650,28100,28100,29000
126700,하이비젼시스템,KOSDAQ,19170,19250,19000,19500
404990,신한서부티엔디리츠,KOSPI,4750,4715,4690,4770
355150,코스텍시스,KOSDAQ,36500,34200,32300,41000
382900,범한퓨얼셀,KOSDAQ,32450,31900,31150,32500
064550,바이오니아,KOSDAQ,10970,10880,10880,11240
372170,윤성에프앤씨,KOSDAQ,35450,35250,34600,35650
067080,대화제약,KOSDAQ,15150,15140,15060,15300
053300,한국정보인증,KOSDAQ,6630,6630,6560,6820
241590,화승엔터프라이즈,KOSPI,4640,4575,4565,4720
256840,한국비엔씨,KOSDAQ,4110,4180,4080,4200
255220,SG,KOSDAQ,2565,2575,2550,2590
078070,유비쿼스홀딩스,KOSDAQ,15930,15980,15630,16050
035510,신세계 I&C,KOSPI,20050,20150,19640,20150
013890,지누스,KOSPI,12560,12540,12510,12740
219130,타이거일렉,KOSDAQ,44200,43000,42800,45950
134380,미원화학,KOSPI,12640,12000,12000,12770
000430,대원강업,KOSPI,4480,4330,4250,4510
004310,현대약품,KOSPI,8640,8560,8490,8700
267980,매일유업,KOSDAQ,36000,36200,35700,36300
043370,피에이치에이,KOSDAQ,13130,12950,12850,13160
018310,삼목에스폼,KOSDAQ,18690,18730,18460,18730
012860,모베이스전자,KOSDAQ,3740,3695,3625,3900
190510,나무가,KOSDAQ,19390,18920,18800,19540
417840,저스템,KOSDAQ,12040,11700,11320,12100
388050,지투파워,KOSDAQ,14570,14040,13780,14950
194700,노바렉스,KOSDAQ,14920,14630,14500,14960
000050,경방,KOSPI,9930,9890,9720,9930
004980,성신양회,KOSPI,11100,11000,10890,11370
005710,대원산업,KOSDAQ,13570,13570,13330,13580
126600,BGF에코머티리얼즈,KOSDAQ,4325,4320,4175,4350
001790,대한제당,KOSPI,3025,3020,3005,3090
484810,티엑스알로보틱스,KOSDAQ,17510,16940,16870,17760
007160,사조산업,KOSPI,53900,53500,53300,54300
058820,CMG제약,KOSDAQ,1822,1798,1783,1827
338220,뷰노,KOSDAQ,19230,19490,18860,19690
382800,지앤비에스 에코,KOSDAQ,8450,7590,7580,8700
462860,더즌,KOSDAQ,3740,3740,3710,3825
439090,마녀공장,KOSDAQ,16390,15990,15200,16990
309710,아이티켐,KOSDAQ,21000,0,0,0
425040,티이엠씨,KOSDAQ,12570,12270,12270,12670
405100,큐알티,KOSDAQ,21800,20950,20950,21950
216080,제테마,KOSDAQ,7200,7130,7050,7340
024060,흥구석유,KOSDAQ,17830,17940,17710,18120
084680,이월드,KOSPI,1885,1879,1863,1892
199430,케이엔알시스템,KOSDAQ,23900,23350,22900,24350
199820,제일일렉트릭,KOSDAQ,11960,11820,11680,12490
182400,엔케이젠바이오텍코리아,KOSDAQ,3670,0,0,0
102120,어보브반도체,KOSDAQ,14920,13850,13850,15800
353810,이지바이오,KOSDAQ,8000,8100,7870,8120
001130,대한제분,KOSPI,156500,0,0,0
474170,루미르,KOSDAQ,14830,14880,14770,15480
0030R0,대신밸류리츠,KOSPI,4420,4435,4405,4440
013580,계룡건설,KOSPI,29550,28850,28800,29650
013120,동원개발,KOSDAQ,2905,2885,2850,2920
452450,피아이이,KOSDAQ,7290,7200,7020,7400
481070,에이유브랜즈,KOSDAQ,18410,18000,17910,18810
187870,디바이스,KOSDAQ,37300,32450,31650,38650
457550,우진엔텍,KOSDAQ,28050,28250,27600,28300
234690,녹십자웰빙,KOSDAQ,14530,14580,14400,15060
030210,다올투자증권,KOSPI,4275,4250,4210,4315
206640,바디텍메드,KOSDAQ,11870,11580,11580,11990
136490,선진,KOSPI,10910,10700,10700,10920
299030,하나기술,KOSDAQ,32400,32250,31500,32600
211270,AP위성,KOSDAQ,17170,17100,16800,17340
051360,토비스,KOSDAQ,17350,17400,17090,17460
095700,제넥신,KOSDAQ,5680,5920,5600,5920
035150,백산,KOSPI,12730,12710,12570,12930
402030,코난테크놀로지,KOSDAQ,20600,20900,20500,20900
176750,듀켐바이오,KOSDAQ,9040,9070,8970,9150
000390,삼화페인트,KOSPI,9450,9480,9290,9530
380550,뉴로핏,KOSDAQ,21250,20900,20650,21500
121800,비덴트,KOSDAQ,3320,0,0,0
034810,해성산업,KOSDAQ,7860,7670,7660,7880
033920,무학,KOSPI,8970,8880,8870,8980
078150,HB테크놀러지,KOSDAQ,2755,2600,2600,2780
042600,새로닉스,KOSDAQ,20500,20250,19900,21200
226320,잇츠한불,KOSPI,11610,11300,11120,11820
004430,송원산업,KOSPI,10590,10670,10460,10930
119610,인터로조,KOSDAQ,22250,20500,20350,22500
079960,동양이엔피,KOSDAQ,32250,31650,31100,32650
065710,서호전기,KOSDAQ,49200,47650,47600,49300
377460,위니아에이드,KOSDAQ,4080,0,0,0
357580,아모센스,KOSDAQ,21600,19390,18670,22850
122900,아이마켓코리아,KOSPI,7570,7550,7500,7600
001630,종근당홀딩스,KOSPI,50500,51000,50300,51000
005500,삼진제약,KOSPI,18930,18690,18690,18970
214180,헥토이노베이션,KOSDAQ,19370,19320,19070,19430
371950,풍원정밀,KOSDAQ,11070,10950,10650,11190
117580,대성에너지,KOSPI,9110,9010,9000,9160
036030,케이티알파,KOSDAQ,5110,5100,4990,5140
348950,제이알글로벌리츠,KOSPI,1269,1270,1250,1298
125210,아모그린텍,KOSDAQ,15160,15390,14000,15670
004560,현대비앤지스틸,KOSPI,16540,16050,15800,16670
403850,더핑크퐁컴퍼니,KOSDAQ,17360,16810,16810,17690
100120,뷰웍스,KOSDAQ,27750,27750,27450,27950
950140,잉글우드랩,KOSDAQ,12430,12110,12110,12540
950250,테라뷰,KOSDAQ,6940,6910,6780,7100
004380,삼익THK,KOSPI,11900,11230,11200,12320
001780,알루코,KOSPI,2540,2560,2525,2575
083930,아바코,KOSDAQ,16750,16350,16200,16900
005950,이수화학,KOSPI,9340,9050,9050,9410
123330,제닉,KOSDAQ,30800,29300,29050,32000
003220,대원제약,KOSPI,10930,10770,10330,10980
298690,에어부산,KOSPI,2090,2055,2055,2100
041020,폴라리스오피스,KOSDAQ,4900,4965,4860,5070
0011A0,액스비스,KOSDAQ,26050,26450,25000,26500
237880,클리오,KOSDAQ,13410,13420,13040,13660
285490,노바텍,KOSDAQ,22900,22600,22450,23100
244920,에이플러스에셋,KOSPI,10710,10670,10660,10900
061090,세나테크놀로지,KOSDAQ,43050,41800,41200,43800
028100,동아지질,KOSPI,17950,17850,17850,18200
210980,SK디앤디,KOSPI,12870,12880,12800,12950
417010,나노팀,KOSDAQ,11860,11850,11400,12320
009680,모토닉,KOSPI,10990,10940,10900,11000
019010,베뉴지,KOSDAQ,4955,5030,4950,5080
002150,도화엔지니어링,KOSPI,7060,7050,6940,7090
051905,LG생활건강우,KOSPI,113300,110200,110100,113500
036190,금화피에스시,KOSDAQ,39550,38500,38500,39600
112290,와이씨켐,KOSDAQ,23450,0,0,0
053210,스카이라이프,KOSPI,4975,4910,4885,5020
418420,라온텍,KOSDAQ,7750,8390,7650,8400
004710,한솔테크닉스,KOSPI,7430,7160,7000,7450
000480,CR홀딩스,KOSPI,5020,5030,5000,5050
293580,나우IB,KOSDAQ,2475,2535,2470,2575
095570,AJ네트웍스,KOSPI,5190,5120,5070,5210
289080,SV인베스트먼트,KOSDAQ,4310,4245,4180,4375
039840,디오,KOSDAQ,17440,17330,17160,17570
036560,KZ정밀,KOSDAQ,14820,14750,14550,14830
003350,한국화장품제조,KOSPI,10280,10100,9990,11100
010580,에스엠벡셀,KOSPI,2090,2080,2070,2110
010955,S-Oil우,KOSPI,57500,58000,56400,58000
297090,씨에스베어링,KOSDAQ,8480,8200,8100,8690
270660,에브리봇,KOSDAQ,18150,17830,17690,18560
260870,SK시그넷,KONEX,10600,10710,10410,10870
308080,바이젠셀,KOSDAQ,11200,9980,8960,12220
484120,도우인시스,KOSDAQ,20950,20750,20650,21350
025000,KPX케미칼,KOSPI,52100,52000,51500,52200
068930,디지털대성,KOSDAQ,8230,8220,8050,8240
000860,강남제비스코,KOSPI,17520,16500,16450,17540
008490,서흥,KOSPI,19660,19750,19600,20050
146320,비씨엔씨,KOSDAQ,17750,16300,16300,18500
003547,대신증권2우B,KOSPI,23150,23550,23000,23550
432320,KB스타리츠,KOSPI,2235,2270,2215,2280
007570,일양약품,KOSPI,11840,11620,11520,11870
018470,조일알미늄,KOSPI,1777,1797,1754,1836
203400,에이비온,KOSDAQ,2495,2585,2480,2615
102260,동성케미컬,KOSPI,4420,4355,4350,4430
016880,웅진,KOSPI,2795,2760,2760,2880
007860,서연,KOSPI,9510,9500,9470,9570
0004V0,엔비알모션,KOSDAQ,21450,22050,20900,22150
339770,교촌에프앤비,KOSPI,4450,4400,4400,4480
179290,엠아이텍,KOSDAQ,6850,6620,6620,6870
033530,SJG세종,KOSPI,7950,8050,7790,8060
104480,티케이케미칼,KOSDAQ,2430,2425,2390,2460
118990,모트렉스,KOSDAQ,8990,9010,8820,9010
054450,텔레칩스,KOSDAQ,14550,14200,14160,14700
461300,아이스크림미디어,KOSDAQ,16560,16190,16180,16690
115310,인포바인,KOSDAQ,68900,0,0,0
080160,모두투어,KOSDAQ,11600,11510,11510,11630
140670,알에스오토메이션,KOSDAQ,17060,16650,16470,17570
011560,세보엠이씨,KOSDAQ,21150,20250,20000,21400
121440,골프존홀딩스,KOSDAQ,5110,5020,5020,5150
232680,라온로보틱스,KOSDAQ,16790,16160,16160,17190
051980,중앙첨단소재,KOSDAQ,1967,2065,1930,2185
307750,국전약품,KOSDAQ,4045,3865,3850,4055
060150,인선이엔티,KOSDAQ,4685,4410,4390,4685
950170,JTC,KOSDAQ,4215,4210,3940,4310
293780,압타바이오,KOSDAQ,7750,7220,7160,7810
123860,아나패스,KOSDAQ,17930,17610,17490,17980
125020,티씨머티리얼즈,KOSDAQ,6200,6100,5930,6420
032620,GC메디아이,KOSDAQ,4160,4145,4110,4200
003610,방림,KOSPI,5400,5100,5020,5500
039560,다산네트웍스,KOSDAQ,5140,5050,4920,5140
475230,엔알비,KOSDAQ,20000,19900,19250,20450
039570,HDC랩스,KOSPI,8340,8090,8050,8630
474610,RF시스템즈,KOSDAQ,15100,15500,15020,16200
158430,아톤,KOSDAQ,8810,9270,8720,9390
489500,엘케이켐,KOSDAQ,34350,33800,33600,34900
001080,만호제강,KOSPI,5190,5070,5050,5200
000140,하이트진로홀딩스,KOSPI,9240,9170,9170,9270
314130,지놈앤컴퍼니,KOSDAQ,6100,6110,6000,6330
209640,와이제이링크,KOSDAQ,7520,6910,6510,7950
039860,나노엔텍,KOSDAQ,5610,5420,5360,5720
005960,동부건설,KOSPI,9310,9000,8960,9570
264450,유비쿼스,KOSDAQ,14490,14590,14420,14840
138360,앤로보틱스,KOSDAQ,2760,2125,2100,2760
056090,시지메드텍,KOSDAQ,2055,2035,2010,2095
003555,LG우,KOSPI,70300,70500,69900,71000
106190,하이텍팜,KOSDAQ,19900,19890,19410,19960
487570,HS효성,KOSPI,56500,56400,55800,56700
092190,서울바이오시스,KOSDAQ,4585,4385,4385,4655
017550,수산세보틱스,KOSPI,3360,3430,3320,3470
003650,미창석유,KOSPI,120500,119600,119600,121700
073010,케이에스피,KOSDAQ,5190,5170,5080,5570
000520,삼일제약,KOSPI,9590,9650,9550,9710
259630,엠플러스,KOSDAQ,17200,17440,16740,17700
081000,일진다이아,KOSPI,14570,14480,14400,14750
380540,옵티코어,KOSDAQ,4225,0,0,0
377450,리파인,KOSDAQ,11920,11670,11600,12020
122990,와이솔,KOSDAQ,7740,7600,7590,7760
049080,기가레인,KOSDAQ,2425,2565,2405,2690
458650,성우,KOSDAQ,13680,13520,13430,13860
004090,한국석유,KOSPI,16180,16120,16050,16270
037350,성도이엔지,KOSDAQ,13500,12450,12320,13500
119830,아이텍,KOSDAQ,7790,7440,7440,8000
234080,JW생명과학,KOSPI,12960,12840,12840,13030
264660,씨앤지하이테크,KOSDAQ,21100,20900,20700,21400
101970,우양에이치씨,KOSDAQ,13850,13280,13000,13900
307180,아이엘,KOSDAQ,5900,5700,5350,6100
001360,삼성제약,KOSPI,2175,2030,1987,2320
488280,에스투더블유,KOSDAQ,19000,19240,18600,19480
271980,제일약품,KOSPI,13900,13800,13800,13970
001045,CJ우,KOSPI,90400,88600,88600,90400
102460,이연제약,KOSPI,10980,10980,10850,11300
046440,KG파이낸셜,KOSDAQ,5360,5360,5280,5370
040160,누리플렉스,KOSDAQ,16890,17000,16230,17610
213500,한솔제지,KOSPI,8530,8530,8310,8570
086890,이수앱지스,KOSDAQ,4950,4975,4920,5030
012610,경인양행,KOSPI,4845,4480,4480,4935
267320,나인테크,KOSDAQ,3505,3455,3415,3545
445180,퓨릿,KOSDAQ,11700,11880,11450,12200
002990,금호건설,KOSPI,5430,5480,5310,5630
036710,심텍홀딩스,KOSDAQ,3790,3705,3695,3875
003460,유화증권,KOSPI,3530,3485,3450,3545
031440,신세계푸드,KOSPI,51500,51100,50900,51900
047310,파워로직스,KOSDAQ,5430,5360,5310,5480
220260,켐트로스,KOSDAQ,6190,6000,5990,6230
473980,노머스,KOSDAQ,17910,17740,17560,18050
016580,환인제약,KOSPI,10630,10560,10550,10730
187790,나노,KOSDAQ,6400,5520,5230,6820
052330,코텍,KOSDAQ,11110,11090,10900,11170
300080,플리토,KOSDAQ,11940,11730,11670,11980
008970,KBI동양철관,KOSPI,1897,1900,1890,1925
100250,진양홀딩스,KOSPI,3080,3040,3040,3085
088130,동아엘텍,KOSDAQ,11250,10550,10220,11250
002100,경농,KOSPI,10030,9970,9900,10050
037070,파세코,KOSDAQ,9780,9390,9360,9800
123410,코리아에프티,KOSDAQ,7010,6960,6910,7040
082800,비보존 제약,KOSDAQ,3205,3200,3140,3210
333430,일승,KOSDAQ,6330,6490,6240,6500
317400,자이에스앤디,KOSPI,5010,4795,4795,5070
143160,아이디스,KOSDAQ,18120,17740,17720,18380
002230,피에스텍,KOSDAQ,10060,9550,9550,10580
114840,아이패밀리에스씨,KOSDAQ,11170,10810,10750,11220
340450,지씨지놈,KOSDAQ,8170,7900,7760,8400
115500,케이씨에스,KOSDAQ,16080,16750,16040,16930
290740,액트로,KOSDAQ,19130,18160,17910,19150
140610,엔솔바이오사이언스,KONEX,14200,14000,13900,14490
054920,한컴위드,KOSDAQ,6810,7120,6800,7400
001520,동양,KOSPI,805,799,796,806
068790,DMS,KOSDAQ,8500,8200,7900,8680
282880,코윈테크,KOSDAQ,16400,16070,15810,16400
400760,NH올원리츠,KOSPI,3475,3445,3445,3485
006060,화승인더,KOSPI,3450,3440,3420,3455
071840,롯데하이마트,KOSPI,8080,8030,8010,8130
101170,우림피티에스,KOSDAQ,14110,13600,13360,14540
032940,원익,KOSDAQ,10460,10050,10050,10830
015230,대창단조,KOSPI,7010,6930,6930,7070
054540,삼영엠텍,KOSDAQ,14600,14100,13830,15840
334970,프레스티지바이오로직스,KOSDAQ,2440,2460,2405,2470
005160,동국산업,KOSDAQ,3495,3425,3360,3520
365330,에스와이스틸텍,KOSDAQ,3770,3820,3755,3827
049430,코메론,KOSDAQ,20900,21400,20650,21400
101530,해태제과식품,KOSPI,6490,6420,6400,6530
290690,소룩스,KOSDAQ,3820,3700,3650,4065
016450,한세예스24홀딩스,KOSPI,4690,4610,4600,4700
217270,넵튠,KOSDAQ,4010,3800,3795,4055
016790,현대사료,KOSDAQ,994,0,0,0
012200,계양전기,KOSPI,6870,6850,6600,7160
204610,티쓰리,KOSDAQ,3400,3400,3220,3455
086980,쇼박스,KOSDAQ,2985,2945,2940,2995
264850,이랜시스,KOSDAQ,6170,6020,5950,6260
048870,시너지이노베이션,KOSDAQ,2120,2110,2095,2145
005430,한국공항,KOSPI,58900,58200,57900,59100
038290,마크로젠,KOSDAQ,17150,16960,16880,17280
042420,네오위즈홀딩스,KOSDAQ,22800,23000,22600,23050
282720,금양그린파워,KOSDAQ,15300,15030,14830,15560
475580,에이럭스,KOSDAQ,13590,13450,13270,13730
009070,KCTC,KOSPI,6160,6120,6070,6190
009580,무림P&P,KOSPI,2955,2960,2910,3055
389030,지니너스,KOSDAQ,5500,5670,5430,5700
149950,아바텍,KOSDAQ,13450,13000,12810,13450
235980,메드팩토,KOSDAQ,5360,5120,5120,5410
0007J0,인벤테라,KOSDAQ,23350,21700,21450,24300
037560,LG헬로비전,KOSPI,2370,2345,2345,2385
453450,그리드위즈,KOSDAQ,23100,22950,22200,23650
002170,SYTS,KOSPI,61000,60300,60300,61300
092130,이크레더블,KOSDAQ,15190,15150,15070,15190
097955,CJ제일제당 우,KOSPI,137700,138500,137600,138500
163730,핑거,KOSDAQ,19390,17910,17000,19690
396270,넥스트칩,KOSDAQ,5530,5170,5120,5850
460850,동국씨엠,KOSPI,6080,5690,5690,6300
067000,조이시티,KOSDAQ,2600,2505,2470,2635
217820,원익피앤이,KOSDAQ,3825,3745,3660,3825
214420,토니모리,KOSPI,7540,7500,7410,7920
323990,박셀바이오,KOSDAQ,7790,7760,7700,7880
011785,금호석유화학우,KOSPI,59800,59600,59200,60900
108230,톱텍,KOSDAQ,4750,4440,4420,4820
038390,레드캡투어,KOSDAQ,10800,10790,10750,10820
107600,새빗켐,KOSDAQ,32050,32100,31300,34400
143240,사람인,KOSDAQ,16800,16740,16650,17000
025820,이구산업,KOSPI,5390,5350,5320,5470
008830,대동기어,KOSDAQ,20050,19600,19330,20250
322180,LS티라유텍,KOSDAQ,8600,8480,8260,8770
083500,에프엔에스테크,KOSDAQ,20950,20200,20100,21300
272550,삼양패키징,KOSPI,11910,11730,11710,11930
090350,노루페인트,KOSPI,8970,8900,8850,9080
357880,SKAI,KOSDAQ,3465,3585,3425,3585
003480,한진중공업홀딩스,KOSPI,6020,5660,5590,6070
242040,나무기술,KOSDAQ,5130,5050,4935,5230
234030,싸이닉솔루션,KOSDAQ,7500,7270,7270,7870
456070,이엔셀,KOSDAQ,16090,16200,15965,16390
053080,케이엔솔,KOSDAQ,13590,12910,12910,13790
148150,세경하이테크,KOSDAQ,4960,4910,4910,5020
086670,비엠티,KOSDAQ,17760,16100,15880,18330
066620,국보디자인,KOSDAQ,23350,23350,23250,23550
013990,아가방컴퍼니,KOSDAQ,5320,5130,5060,5360
017510,세명전기,KOSDAQ,11470,10940,10770,11670
360070,탑머티리얼,KOSDAQ,21350,20700,20550,21400
047770,코데즈컴바인,KOSDAQ,4605,4615,4530,4735
000300,DH오토넥스,KOSPI,4200,0,0,0
00279K,아모레퍼시픽홀딩스3우C,KOSPI,24500,23350,23350,24700
023910,대한약품,KOSDAQ,28950,29000,28900,29200
011040,경동제약,KOSDAQ,5630,5560,5550,5630
047560,이스트소프트,KOSDAQ,14750,15180,14740,15180
126730,코칩,KOSDAQ,19680,21500,19610,21550
004960,한신공영,KOSPI,14900,14950,14540,15000
293480,하나제약,KOSPI,9700,9590,9570,9750
322510,제이엘케이,KOSDAQ,6700,6720,6690,6830
156100,엘앤케이바이오,KOSDAQ,7700,7610,7520,7750
021080,에이티넘인베스트,KOSDAQ,3575,3485,3435,3590
069510,에스텍,KOSDAQ,15700,15580,15440,15840
256940,킵스파마,KOSDAQ,8520,8800,8520,8960
462520,조선내화,KOSPI,14420,14620,14320,14620
044820,코스맥스비티아이,KOSPI,17780,17510,17150,17850
067280,멀티캠퍼스,KOSDAQ,28750,29050,28350,29050
297890,HB솔루션,KOSDAQ,2315,2220,2220,2330
166480,코아스템켐온,KOSDAQ,3200,3210,3140,3290
089470,HDC현대EP,KOSPI,5290,5290,5160,5300
000020,동화약품,KOSPI,6040,5970,5970,6110
085670,뉴프렉스,KOSDAQ,6890,7100,6830,7180
192440,슈피겐코리아,KOSDAQ,27000,26800,26600,27450
210540,디와이파워,KOSPI,15160,15250,15130,15480
040300,YTN,KOSDAQ,3505,3460,3460,3535
147830,제룡산업,KOSDAQ,8350,8150,8050,8470
452190,한빛레이저,KOSDAQ,6980,6800,6770,7540
260970,에스앤디,KOSDAQ,57600,58500,57500,59200
000970,한국주철관,KOSPI,7300,7160,7130,7310
041440,현대에버다임,KOSDAQ,9260,9190,9170,9320
131030,옵투스제약,KOSDAQ,9380,9390,9260,9700
388790,라이콤,KOSDAQ,5400,5540,5210,5840
225190,LK삼양,KOSDAQ,2345,2300,2255,2450
408470,한패스,KOSDAQ,15600,15610,15560,15940
000700,유수홀딩스,KOSPI,6310,6280,6210,6310
071200,인피니트헬스케어,KOSDAQ,6730,6590,6300,6800
062970,한국첨단소재,KOSDAQ,2875,2830,2700,2895
025620,차AI헬스케어,KOSPI,9010,8880,8880,9180
192410,오늘이엔엠,KOSDAQ,7030,7430,6810,7550
033340,좋은사람들,KOSDAQ,1689,1702,1680,1710
065450,빅텍,KOSDAQ,5690,5580,5560,5720
214390,경보제약,KOSPI,6820,6890,6630,6890
090470,제이스텍,KOSDAQ,9300,9140,9110,9400
095190,신화프리텍,KOSDAQ,2490,2410,2380,2520
079430,현대리바트,KOSPI,7900,7890,7760,8030
003830,대한화섬,KOSPI,122000,122800,121900,122900
182360,큐브엔터,KOSDAQ,10410,10320,10260,10450
023600,삼보판지,KOSDAQ,10100,10020,9950,10150
007330,푸른저축은행,KOSDAQ,10700,10680,10630,10830
104460,디와이피엔에프,KOSDAQ,15300,15050,14880,15360
054800,아이디스홀딩스,KOSDAQ,15550,15350,15020,15570
012320,경동인베스트,KOSPI,67900,65400,63600,70300
382840,원준,KOSDAQ,10490,10130,10100,10730
079810,APS이노베이션,KOSDAQ,7440,7130,7130,7450
066410,버킷스튜디오,KOSDAQ,1153,0,0,0
078000,텔코웨어,KOSPI,17270,17050,16760,17440
080420,모다이노칩,KOSDAQ,1998,2035,1947,2040
046070,코다코,KOSDAQ,10280,0,0,0
03473K,SK우,KOSPI,281000,279000,279000,285000
009270,신원,KOSPI,1382,1380,1377,1392
136150,원일티엔아이,KOSDAQ,18910,19250,18540,19260
093640,케이알엠,KOSDAQ,4850,5200,4825,5260
072870,메가스터디,KOSDAQ,13220,13100,13060,13250
250060,모비스,KOSDAQ,4890,4930,4850,4990
063570,NICE인프라,KOSDAQ,4585,4615,4470,4615
336680,탑런토탈솔루션,KOSDAQ,3995,3935,3930,4000
053700,삼보모터스,KOSDAQ,6150,6060,5970,6150
045970,코아시아,KOSDAQ,5930,5630,5630,5960
0015S0,페스카로,KOSDAQ,15790,16040,15700,16040
417500,제이아이테크,KOSDAQ,4750,4585,4575,4845
004970,신라교역,KOSPI,9720,10110,9620,10110
014280,금강공업,KOSPI,5300,5180,5180,5360
077500,유니퀘스트,KOSPI,7170,6910,6900,7210
021320,KCC건설,KOSDAQ,7230,7140,7100,7240
005860,한일사료,KOSDAQ,3925,3940,3915,3995
476040,오가노이드사이언스,KOSDAQ,23450,23650,23300,23950
129920,대성하이텍,KOSDAQ,11250,11410,10950,11840
071280,로체시스템즈,KOSDAQ,10080,9350,9340,10230
024800,유성티엔에스,KOSDAQ,4135,4085,3995,4135
123040,엠에스오토텍,KOSDAQ,2445,2500,2410,2500
331740,아우토크립트,KOSDAQ,15700,16000,15610,16000
413630,씨피시스템,KOSDAQ,4200,4180,4110,4500
136540,윈스테크넷,KOSDAQ,12460,12300,12150,12630
037030,파워넷,KOSDAQ,5990,6210,5980,6480
307930,컴퍼니케이,KOSDAQ,9760,9330,9200,10090
443670,에스피소프트,KOSDAQ,6150,6250,6100,6450
464490,쿼드메디슨,KOSDAQ,13230,12950,12610,13340
049960,쎌바이오텍,KOSDAQ,16160,16090,15980,16160
021820,세원정공,KOSPI,15190,14880,14880,15250
321370,센서뷰,KOSDAQ,2940,0,0,0
007540,샘표,KOSPI,52800,52700,52400,53500
093190,빅솔론,KOSDAQ,7890,7580,7580,7890
306620,지아이에스,KOSDAQ,3315,3250,3220,3325
214680,디알텍,KOSDAQ,1812,1829,1798,1878
011280,태림포장,KOSPI,2130,2165,2100,2190
038110,에코플라스틱,KOSDAQ,3660,3700,3650,3810
015890,태경산업,KOSPI,5150,5160,5100,5160
105330,케이엔더블유,KOSDAQ,9370,9400,9050,9450
240550,동방메디컬,KOSDAQ,7180,7110,7110,7310
094280,효성ITX,KOSPI,12990,12900,12840,13190
049950,미래컴퍼니,KOSDAQ,17010,15870,15870,17200
215100,로보로보,KOSDAQ,7370,7120,7010,7680
027710,팜스토리,KOSDAQ,1346,1331,1331,1349
027970,한국제지,KOSPI,787,790,787,796
090850,현대이지웰,KOSDAQ,6300,6280,6180,6300
083420,그린케미칼,KOSPI,6230,6200,6140,6270
107590,미원홀딩스,KOSPI,64300,64900,64300,64900
006620,동구바이오제약,KOSDAQ,5240,5180,5150,5260
217950,파마리서치바이오,KONEX,35650,36500,35100,36500
350520,이지스레지던스리츠,KOSPI,4040,4055,4010,4055
310200,애니플러스,KOSDAQ,2850,2855,2820,2880
002780,진흥기업,KOSPI,1021,1022,1010,1033
070960,모나용평,KOSPI,3080,3070,3035,3090
263860,지니언스,KOSDAQ,16320,15810,15610,16450
005990,매일홀딩스,KOSDAQ,11140,11150,11110,11160
408920,메쎄이상,KOSDAQ,3420,3365,3345,3445
036010,아비코전자,KOSDAQ,11120,10640,10550,11570
446540,메가터치,KOSDAQ,5690,5900,5660,5970
263720,디앤씨미디어,KOSDAQ,11900,11840,11760,12000
246710,티앤알바이오팹,KOSDAQ,3105,3180,3080,3180
013520,화승코퍼레이션,KOSPI,2950,2885,2850,2965
298000,효성화학,KOSPI,38900,0,0,0
011700,한신기계,KOSPI,4545,4545,4440,4580
052420,오성첨단소재,KOSDAQ,1508,1520,1482,1549
096250,와이즈넛,KOSDAQ,11160,11190,10960,11340
255440,야스,KOSDAQ,11180,11390,11100,11490
008040,사조동아원,KOSPI,1033,1017,1016,1041
049720,고려신용정보,KOSDAQ,10190,10210,10120,10210
020120,키다리스튜디오,KOSPI,3910,3890,3840,3955
001290,상상인증권,KOSPI,1335,1265,1207,1335
123690,한국화장품,KOSPI,9000,8900,8740,10090
067990,도이치모터스,KOSDAQ,4950,4630,4610,5120
109610,에스와이,KOSDAQ,2950,2945,2895,2960
002220,한일철강,KOSPI,5400,4795,4730,5490
122450,KX,KOSDAQ,3215,3155,3155,3230
493330,지에프아이,KOSDAQ,18750,19330,17960,19580
025950,동신건설,KOSDAQ,17140,17030,16960,17210
363280,티와이홀딩스,KOSPI,2850,2810,2800,2855
002390,한독,KOSPI,10440,10330,10330,10440
004140,동방,KOSPI,2995,2940,2925,3020
024090,디씨엠,KOSPI,12590,12570,12400,12590
004250,NPC,KOSPI,3900,3915,3890,3945
131370,알서포트,KOSDAQ,2680,2670,2650,2745
002620,제일파마홀딩스,KOSPI,8930,8950,8810,8950
172670,에이엘티,KOSDAQ,15910,12740,12740,16380
005870,휴니드,KOSPI,10060,10350,9980,10650
141000,비아트론,KOSDAQ,11720,11730,11500,11800
041520,이엘씨,KOSDAQ,11610,11470,11370,11880
159010,아스플로,KOSDAQ,10600,8420,8310,10940
115440,우리넷,KOSDAQ,13090,13590,12760,13950
226400,오스테오닉,KOSDAQ,6820,6700,6690,6950
035000,HS애드,KOSPI,8680,8700,8600,8700
366030,공구우먼,KOSDAQ,6180,5730,5720,6340
014530,극동유화,KOSPI,4015,4000,3960,4060
100130,동국S&C,KOSDAQ,2450,2395,2390,2500
003100,선광,KOSDAQ,21150,21100,20950,21250
042510,라온시큐어,KOSDAQ,12370,12800,12340,13020
309960,LB인베스트먼트,KOSDAQ,5960,5830,5740,6030
016710,대성홀딩스,KOSPI,8600,8530,8480,8600
317770,엑스페릭스,KOSDAQ,3790,3690,3645,3835
010100,한국무브넥스,KOSPI,4540,4595,4440,4595
007210,벽산,KOSPI,2110,2075,2065,2135
089600,KT나스미디어,KOSDAQ,11890,11850,11810,11910
059120,아진엑스텍,KOSDAQ,7500,7280,7250,7670
014710,사조씨푸드,KOSPI,7970,7990,7780,7990
005800,신영와코루,KOSPI,15240,15430,15070,15490
016740,두올,KOSPI,4780,4620,4620,4940
047820,초록뱀미디어,KOSDAQ,5590,5350,5310,5680
039830,오로라,KOSDAQ,12690,12300,12110,12920
267290,경동도시가스,KOSPI,23100,22900,22750,23100
000440,중앙에너비스,KOSDAQ,21800,21450,21250,22300
012800,대창,KOSPI,1487,1482,1465,1498
205100,엑셈,KOSDAQ,1896,1901,1886,1911
088390,이녹스,KOSDAQ,14400,13970,13210,14460
013570,디와이,KOSPI,5120,5130,5080,5220
950130,엑세스바이오,KOSDAQ,3570,3610,3390,3615
095270,웨이브일렉트로,KOSDAQ,9370,9130,8950,9630
036220,오상헬스케어,KOSDAQ,9410,9650,9160,9650
035080,그래디언트,KOSDAQ,11760,11580,11580,11850
004150,한솔홀딩스,KOSPI,3275,3370,3240,3390
014790,HL D&I,KOSPI,3545,3510,3470,3560
044990,에이치엔에스하이텍,KOSDAQ,17450,16090,16090,17990
054620,APS,KOSDAQ,7290,7160,7080,7350
225530,HC보광산업,KOSDAQ,3680,3665,3645,3720
004100,태양금속,KOSPI,3640,3580,3580,3750
489460,바이오비쥬,KOSDAQ,8850,8580,8580,9200
052260,현대바이오랜드,KOSDAQ,4430,4280,4280,4460
067900,와이엔텍,KOSDAQ,7290,7210,7190,7310
019680,대교,KOSPI,1565,1560,1558,1576
067830,세이브존I&C,KOSPI,3220,3145,3145,3235
019180,티에이치엔,KOSPI,7340,7360,7180,7370
074430,아미노로직스,KOSDAQ,1504,1499,1481,1534
269620,시스웍,KOSDAQ,889,0,0,0
013310,아진산업,KOSDAQ,3395,3365,3335,3400
092040,아미코젠,KOSDAQ,1862,1838,1829,1950
004080,신흥,KOSPI,13980,14130,13500,14160
066310,큐에스아이,KOSDAQ,14170,14300,14020,14560
014160,대영포장,KOSPI,1212,1224,1210,1235
095720,웅진씽크빅,KOSPI,1154,0,0,0
337930,젝시믹스,KOSDAQ,4410,4395,4335,4420
0015N0,아로마티카,KOSDAQ,10290,9520,9520,10680
331920,셀레믹스,KOSDAQ,16000,17310,13800,17900
089230,THE E&M,KOSDAQ,3590,3540,3400,3760
054050,농우바이오,KOSDAQ,8130,8090,8030,8150
396470,워트,KOSDAQ,8080,7730,7730,8100
003310,대주산업,KOSDAQ,3680,3595,3590,3700
032300,한국파마,KOSDAQ,11940,12010,11720,12040
014580,태경비케이,KOSPI,4715,4800,4690,4800
228670,레이,KOSDAQ,8320,8660,8110,8690
120030,조선선재,KOSPI,103100,101800,101100,103300
086710,선진뷰티사이언스,KOSDAQ,10610,10390,10390,10740
002460,HS화성,KOSPI,12710,12800,12660,12960
029480,광무,KOSDAQ,2155,2140,2120,2180
023900,풍국주정,KOSDAQ,10210,10060,10060,10230
389140,포바이포,KOSDAQ,8990,8870,8750,9050
339950,아이비김영,KOSDAQ,2850,2785,2730,2865
007110,일신석재,KOSPI,1651,1660,1650,1668
463020,뉴엔AI,KOSDAQ,14350,14410,14330,14670
009780,엠에스씨,KOSDAQ,7230,7050,7050,7230
049520,유아이엘,KOSDAQ,4120,4140,4035,4140
139990,아주스틸,KOSPI,3275,3230,3215,3300
100700,세운메디칼,KOSDAQ,2880,2860,2860,2930
063080,컴투스홀딩스,KOSDAQ,19100,19270,18920,19410
063170,서울옥션,KOSDAQ,7080,7200,7000,7210
036690,코맥스,KOSDAQ,2885,0,0,0
251120,바이오에프디엔씨,KOSDAQ,14450,14490,14180,14700
37550L,DL이앤씨2우(전환),KOSPI,59400,58800,56300,59700
305090,마이크로디지탈,KOSDAQ,6730,6630,6600,6980
059210,메타바이오메드,KOSDAQ,4605,4570,4505,4675
036580,팜스코,KOSPI,3405,3545,3385,3545
290720,푸드나무,KOSDAQ,3560,3665,3420,3780
109740,디에스케이,KOSDAQ,4850,4805,4660,4875
117670,알파칩스,KOSDAQ,18700,18820,18100,19000
411080,샌즈랩,KOSDAQ,8140,8220,8110,8480
248170,샘표식품,KOSPI,27200,27350,26700,28550
078890,가온그룹,KOSDAQ,6740,6800,6640,6830
081180,쎄크,KOSDAQ,14060,14040,13850,14200
417970,모델솔루션,KOSDAQ,19380,18600,18600,19680
381620,제닉스로보틱스,KOSDAQ,9440,9080,9030,9650
294630,서남,KOSDAQ,4690,4735,4600,4855
053580,웹케시,KOSDAQ,9530,9700,9490,9710
432470,케이엔에스,KOSDAQ,14070,14010,13950,14340
223250,드림씨아이에스,KOSDAQ,5010,5020,4850,5080
330350,위더스제약,KOSDAQ,9330,9200,9200,9450
024740,한일단조,KOSDAQ,3730,3640,3640,3990
015590,DKME,KOSPI,515,0,0,0
073560,우리손에프앤지,KOSDAQ,1762,1761,1760,1776
229500,노브메타파마,KONEX,9500,9400,9200,9770
227840,현대코퍼레이션홀딩스,KOSPI,13340,12970,12970,13370
099750,이지케어텍,KOSDAQ,8880,8860,8700,8960
142210,유니트론텍,KOSDAQ,5840,5630,5630,5900
262260,에이프로,KOSDAQ,8370,7690,7510,8380
265740,엔에프씨,KOSDAQ,6770,6960,6680,7200
451220,아이엠티,KOSDAQ,15340,14680,14660,15400
023800,인지컨트롤스,KOSPI,7640,7650,7610,7730
078140,대봉엘에스,KOSDAQ,10880,10430,10430,11060
024880,케이피에프,KOSDAQ,5980,5830,5780,6090
370090,퓨런티어,KOSDAQ,14090,14000,13910,14260
267850,아시아나IDT,KOSPI,10850,10760,10730,10850
048530,인트론바이오,KOSDAQ,3800,3795,3740,3860
038540,상상인,KOSDAQ,2170,2200,2145,2200
388870,파로스아이바이오,KOSDAQ,9270,9240,9150,9560
330730,스톤브릿지벤처스,KOSDAQ,6570,6400,6330,6610
205500,넥써쓰,KOSDAQ,1861,1800,1771,1988
001020,페이퍼코리아,KOSPI,668,664,656,670
018120,진로발효,KOSDAQ,17940,18100,17880,18100
096350,대창솔루션,KOSDAQ,3220,3100,3045,3230
079980,휴비스,KOSPI,3435,3455,3345,3560
067290,JW신약,KOSDAQ,2100,2040,2005,2105
418470,KT밀리의서재,KOSDAQ,13730,13750,13570,13800
101670,하이드로리튬,KOSDAQ,2070,2035,1996,2210
034590,인천도시가스,KOSPI,26850,26950,26750,26950
362320,청담글로벌,KOSDAQ,5550,5470,5460,5850
000230,일동홀딩스,KOSPI,10160,10100,9910,10200
448710,코츠테크놀로지,KOSDAQ,22150,22600,22100,23200
424960,스마트레이더시스템,KOSDAQ,7100,7090,6960,7140
052860,아이앤씨,KOSDAQ,6550,5790,5710,6590
298540,더네이쳐홀딩스,KOSDAQ,8070,7950,7910,8080
051160,지어소프트,KOSDAQ,7550,7490,7410,7560
217330,싸이토젠,KOSDAQ,5050,5270,4950,5400
026150,특수건설,KOSDAQ,6640,6570,6500,6670
377480,마음AI,KOSDAQ,16370,16380,15970,16420
096240,크레버스,KOSDAQ,10810,10750,10690,10830
041590,플래스크,KOSDAQ,2370,0,0,0
036420,콘텐트리중앙,KOSPI,6020,5910,5890,6040
439580,블루엠텍,KOSDAQ,3410,3305,3300,3420
208370,셀바스헬스케어,KOSDAQ,4480,4410,4335,4510
006840,AK홀딩스,KOSPI,8700,8490,8450,8700
008700,아남전자,KOSPI,1488,1493,1484,1507
058850,KTcs,KOSPI,2685,2680,2665,2700
086960,MDS테크,KOSDAQ,1115,0,0,0
131400,이브이첨단소재,KOSDAQ,1918,1921,1895,2130
094840,슈프리마에이치큐,KOSDAQ,11650,10680,10530,11690
303810,동국생명과학,KOSDAQ,3570,3450,3425,3570
273640,와이엠텍,KOSDAQ,10400,10010,9690,10710
033290,로젠,KOSDAQ,2030,2025,2000,2065
002450,삼익악기,KOSPI,1255,1262,1238,1270
317830,에스피시스템스,KOSDAQ,10500,10150,10080,10740
33626K,두산퓨얼셀1우,KOSPI,8460,8400,8010,8530
042500,링네트,KOSDAQ,5070,4995,4910,5120
396300,세아메카닉스,KOSDAQ,4260,4205,4190,4345
084670,동양고속,KOSPI,38900,39200,38600,39300
017370,우신시스템,KOSPI,6150,6200,6100,6230
091120,이엠텍,KOSDAQ,6570,6480,6430,6750
277880,티에스아이,KOSDAQ,5670,5650,5600,5830
030960,양지사,KOSDAQ,7040,6970,6830,7050
048550,SM C&C,KOSDAQ,1163,1145,1145,1168
413390,엠오티,KOSDAQ,9710,9900,9590,10120
003580,HLB글로벌,KOSPI,2215,2230,2200,2255
066700,테라젠이텍스,KOSDAQ,3020,3025,2985,3045
010660,화천기계,KOSPI,5100,5110,5040,5130
038460,바이오스마트,KOSDAQ,4285,4205,4205,4345
014970,삼륭물산,KOSDAQ,7560,7510,7450,7750
101330,모베이스,KOSDAQ,4815,4780,4730,4865
950190,고스트스튜디오,KOSDAQ,8540,8480,8480,8570
011370,서한,KOSDAQ,1100,1078,1070,1101
100590,머큐리,KOSDAQ,6470,6400,5970,6540
278650,HLB바이오스텝,KOSDAQ,1272,0,0,0
382480,지아이텍,KOSDAQ,2805,2775,2720,2815
311320,지오엘리먼트,KOSDAQ,8730,8450,8430,8860
040910,아이씨디,KOSDAQ,5900,5990,5750,5990
348350,위드텍,KOSDAQ,10980,10540,10540,11070
011810,STX,KOSPI,3530,0,0,0
460940,피앤에스로보틱스,KOSDAQ,8260,8050,8050,8410
264900,크라운제과,KOSPI,8740,8750,8650,8750
001275,부국증권우,KOSPI,36450,36850,36400,36850
039340,한국경제TV,KOSDAQ,4970,4990,4940,4990
063160,종근당바이오,KOSPI,19920,19790,19600,19970
036630,세종텔레콤,KOSDAQ,10920,12100,10570,12100
265560,영화테크,KOSDAQ,10200,10050,10030,10210
008260,NI스틸,KOSPI,3805,3750,3750,3825
053260,금강철강,KOSDAQ,5810,6020,5780,6130
315640,딥노이드,KOSDAQ,3680,3655,3635,3705
082850,우리바이오,KOSDAQ,2230,2355,2195,2410
105740,디케이락,KOSDAQ,10620,10380,10370,10960
013360,일성건설,KOSPI,1997,2005,1992,2020
149980,하이로닉,KOSDAQ,5090,0,0,0
059270,해성에어로보틱스,KOSDAQ,9660,9400,9210,9840
039980,폴라리스AI,KOSDAQ,1481,0,0,0
007820,엠엑스로보틱스,KOSDAQ,5380,5190,5170,5430
173130,오파스넷,KOSDAQ,8260,8110,7900,8360
201490,미투온,KOSDAQ,3305,3315,3240,3360
001540,안국약품,KOSDAQ,8230,8210,8210,8280
382150,온코크로스,KOSDAQ,8800,9110,8800,9200
006140,피제이전자,KOSDAQ,7150,7000,6950,7150
002200,한국수출포장,KOSPI,2810,2850,2790,2860
023450,동남합성,KOSPI,30500,30450,30450,30700
088280,쏘닉스,KOSDAQ,6140,5260,5120,6280
163560,동일고무벨트,KOSPI,7630,7600,7580,7710
032560,황금에스티,KOSPI,6210,6150,6140,6230
357230,에이치피오,KOSDAQ,2555,2560,2545,2580
124560,태웅로직스,KOSDAQ,2720,2695,2675,2730
041930,동아화성,KOSDAQ,6660,6680,6610,6730
005740,크라운해태홀딩스,KOSPI,7080,6920,6900,7080
299170,더블유에스아이,KOSDAQ,2530,2480,2475,2625
461030,아이엠비디엑스,KOSDAQ,7320,7100,7100,7330
039010,현대에이치티,KOSDAQ,12150,11250,11200,12210
238090,앤디포스,KOSDAQ,3435,3525,3390,3525
191420,테고사이언스,KOSDAQ,12890,12620,12500,13060
049480,오픈베이스,KOSDAQ,3325,3275,3255,3360
060560,HC홈센타,KOSDAQ,822,0,0,0
065440,이루온,KOSDAQ,3825,3835,3680,3910
105550,엣지파운드리,KOSDAQ,1331,1315,1280,1369
084650,랩지노믹스,KOSDAQ,1401,1414,1400,1448
352090,스톰테크,KOSDAQ,3870,3800,3780,3880
137950,제이씨케미칼,KOSDAQ,4665,4730,4590,4760
004840,DRB동일,KOSPI,5390,5350,5250,5390
311690,CJ 바이오사이언스,KOSDAQ,7950,7920,7900,7970
043610,KT지니뮤직,KOSDAQ,1786,1749,1741,1798
054670,대한뉴팜,KOSDAQ,7230,7080,7070,7260
205470,휴마시스,KOSDAQ,801,0,0,0
002700,신일전자,KOSPI,1478,1466,1466,1484
419050,삼기에너지솔루션즈,KOSDAQ,1810,1816,1798,1876
009300,삼아제약,KOSDAQ,16250,16300,16130,16300
348150,고바이오랩,KOSDAQ,5330,5260,5250,5370
039610,화성밸브,KOSDAQ,9940,9860,9720,10110
019550,SBI인베스트먼트,KOSDAQ,638,622,622,651
234300,에스트래픽,KOSDAQ,3800,3695,3695,3830
347860,알체라,KOSDAQ,2670,2700,2595,2765
065530,와이어블,KOSDAQ,2160,2140,2105,2250
412350,레이저쎌,KOSDAQ,7720,8000,7650,8250
006660,삼성공조,KOSPI,12660,12540,12500,12700
035610,솔본,KOSDAQ,3760,3730,3710,3775
072950,빛샘전자,KOSDAQ,12760,12430,12110,13180
290670,대보마그네틱,KOSDAQ,13060,12900,12750,13150
228850,레이언스,KOSDAQ,6180,6190,6140,6330
222040,코스맥스엔비티,KOSDAQ,4965,4720,4645,4965
064800,포니링크,KOSDAQ,799,749,713,827
066590,스모트로닉,KOSDAQ,2635,2640,2550,2640
120240,대정화금,KOSDAQ,14170,14040,14040,14220
006890,태경케미컬,KOSPI,8760,8700,8680,8840
058630,엠게임,KOSDAQ,5290,5250,5170,5320
453860,에이에스텍,KOSDAQ,15750,15230,15230,15900
348080,큐라티스,KOSDAQ,876,1014,633,1150
347890,엠엑스온,KOSDAQ,5960,5780,5670,6090
007980,TP,KOSPI,2155,2155,2120,2175
078935,GS우,KOSPI,56500,57400,56400,57400
119650,KC코트렐,KOSPI,918,0,0,0
002720,국제약품,KOSPI,4760,4770,4710,4810
323350,다원넥스뷰,KOSDAQ,12550,12300,11430,12550
012700,리드코프,KOSDAQ,3835,3805,3800,3880
000180,성창기업지주,KOSPI,1440,0,0,0
020710,시공테크,KOSDAQ,5010,5070,4950,5120
261780,차백신연구소,KOSDAQ,3730,3610,3510,3915
014950,삼익제약,KOSDAQ,10020,10100,9980,10460
033230,인성정보,KOSDAQ,1978,2000,1969,2045
033320,제이씨현시스템,KOSDAQ,5220,5150,5100,5260
263600,덕우전자,KOSDAQ,6260,5990,5960,6280
004440,삼일씨엔에스,KOSPI,7830,7940,7620,8200
058860,KTis,KOSPI,2860,2835,2820,2860
246720,아스타,KOSDAQ,6070,0,0,0
175140,휴먼테크놀로지,KOSDAQ,3985,3900,3870,4030
046210,HLB파나진,KOSDAQ,2185,2200,2160,2250
004060,SG세계물산,KOSPI,489,0,0,0
083790,CG인바이츠,KOSDAQ,1287,1288,1245,1288
067370,선바이오,KOSDAQ,8100,7280,7270,8240
033130,디지틀조선,KOSDAQ,2660,2685,2600,2755
011150,CJ씨푸드,KOSPI,2745,2715,2705,2755
019540,일지테크,KOSDAQ,7270,7510,7060,7510
171120,라이온켐텍,KOSDAQ,2725,3110,2640,3490
253840,수젠텍,KOSDAQ,5840,5910,5780,6190
251630,브이원텍,KOSDAQ,6130,5960,5950,6160
046940,우원개발,KOSDAQ,5400,5400,5260,5490
091440,한울소재과학,KOSDAQ,3060,3015,3015,3100
066790,씨씨에스,KOSDAQ,1493,0,0,0
058400,KNN,KOSDAQ,734,747,727,752
004650,창해에탄올,KOSDAQ,10550,10600,10470,10670
060570,드림어스컴퍼니,KOSDAQ,1304,1298,1276,1328
068240,다원시스,KOSDAQ,2530,0,0,0
048430,유라테크,KOSDAQ,8380,8300,8230,8390
044340,위닉스,KOSDAQ,5400,5330,5300,5460
007460,에이프로젠,KOSPI,293,0,0,0
048910,대원미디어,KOSDAQ,7670,7490,7470,7750
299660,셀리드,KOSDAQ,3270,3390,3250,3390
212560,네오오토,KOSDAQ,8160,8130,8010,8170
005750,대림바스,KOSPI,5780,5750,5690,5880
010960,삼호개발,KOSPI,3995,3955,3935,3995
093920,서원인텍,KOSDAQ,5170,5170,5130,5200
302550,리메드,KOSDAQ,3110,3085,3080,3160
060590,씨티씨바이오,KOSDAQ,3970,3940,3865,3970
241690,유니테크노,KOSDAQ,3920,3960,3910,3975
023000,삼원강재,KOSPI,2395,2370,2360,2395
001260,남광토건,KOSPI,9740,9520,9490,9740
084730,팅크웨어,KOSDAQ,8620,8680,8520,8680
000105,유한양행우,KOSPI,81000,80900,80500,82100
025550,한국선재,KOSDAQ,3740,3645,3645,3762
019990,에너토크,KOSDAQ,9750,9540,9170,9800
463480,모티브링크,KOSDAQ,7670,7630,7540,7680
014440,영보화학,KOSPI,4750,4720,4720,4760
024840,KBI메탈,KOSDAQ,2715,2770,2690,2865
040420,정상제이엘에스,KOSDAQ,6030,6000,5970,6030
055490,테이팩스,KOSPI,19800,18880,18880,19840
013870,지엠비코리아,KOSPI,4950,5020,4940,5020
443250,레뷰코퍼레이션,KOSDAQ,8470,8630,8390,8630
096775,SK이노베이션우,KOSPI,75000,75000,74200,75500
217190,제너셈,KOSDAQ,7110,7030,6950,7140
126880,제이엔케이글로벌,KOSDAQ,4010,3935,3935,4025
072020,중앙백신,KOSDAQ,9830,9830,9800,9920
192250,케이사인,KOSDAQ,13140,13040,12720,13320
217500,러셀,KOSDAQ,2915,2595,2595,3220
391710,코닉오토메이션,KOSDAQ,2175,2135,2080,2300
007280,한국특강,KOSPI,1524,0,0,0
214270,FSN,KOSDAQ,2070,2010,2000,2080
041910,폴라리스AI파마,KOSDAQ,6960,6940,6900,7040
110790,크리스에프앤씨,KOSDAQ,3940,3865,3835,4090
451250,삐아,KOSDAQ,9020,9450,9000,9790
100220,비상교육,KOSPI,7090,6780,6760,7170
067570,엔브이에이치코리아,KOSDAQ,2185,2175,2145,2185
900250,크리스탈신소재,KOSDAQ,643,608,608,648
140070,서플러스글로벌,KOSDAQ,2490,2400,2360,2535
068290,삼성출판사,KOSPI,9200,9030,8870,9220
054040,한국컴퓨터,KOSDAQ,5720,5660,5640,5740
011000,진원생명과학,KOSPI,1011,969,911,1089
024830,세원물산,KOSDAQ,11000,10820,10790,11070
085310,엔케이,KOSPI,1163,1163,1145,1188
396690,미래에셋글로벌리츠,KOSPI,2315,2330,2300,2330
065510,휴비츠,KOSDAQ,7960,7960,7870,7990
000590,CS홀딩스,KOSPI,79000,78300,78200,79500
031820,아이티센씨티에스,KOSPI,753,0,0,0
052900,KX하이텍,KOSDAQ,1311,1205,1190,1397
109070,주성코퍼레이션,KOSPI,1723,1750,1697,1774
338100,NH프라임리츠,KOSPI,4875,4840,4835,4885
071670,에이테크솔루션,KOSDAQ,9090,8930,8870,9130
104040,디에스엠,KOSDAQ,677,0,0,0
016250,SGC E&C,KOSDAQ,18000,18200,17610,18250
056360,코위버,KOSDAQ,9250,9510,9130,9610
360350,코셈,KOSDAQ,15820,15970,15030,15970
002800,신신제약,KOSDAQ,5970,5870,5850,5990
163280,에어레인,KOSDAQ,6650,6420,6390,6820
038680,에스넷,KOSDAQ,4540,4630,4535,4775
004890,동일산업,KOSPI,37200,37250,36950,37250
009180,한솔로지스틱스,KOSPI,3200,3105,3105,3245
187420,HLB제넥스,KOSDAQ,3000,3055,2935,3140
071090,하이스틸,KOSPI,4435,4465,4435,4585
128660,피제이메탈,KOSDAQ,3610,3590,3545,3670
101140,인바이오젠,KOSPI,8890,8730,8620,8980
003010,혜인,KOSPI,7020,7060,6960,7210
203690,아크솔루션스,KOSDAQ,4425,0,0,0
424980,마이크로투나노,KOSDAQ,15060,14200,14200,15570
001560,제일연마,KOSPI,11720,11840,11630,12130
099220,SDN,KOSDAQ,1370,1350,1340,1383
032850,비트컴퓨터,KOSDAQ,5350,5250,5230,5390
130580,나이스디앤비,KOSDAQ,5760,5690,5680,5770
111380,동인기연,KOSPI,14460,14320,14230,14570
102370,케이옥션,KOSDAQ,3250,3300,3185,3310
216050,인크로스,KOSDAQ,6880,6820,6800,6890
109080,옵티시스,KOSDAQ,15640,15470,15100,16000
036640,HRS,KOSDAQ,5380,5310,5280,5400
002600,조흥,KOSPI,146600,145300,145300,146900
170030,현대공업,KOSDAQ,5720,5720,5710,5770
027830,대성창투,KOSDAQ,1623,1613,1603,1642
053280,예스24,KOSDAQ,3500,3485,3480,3510
307870,비투엔,KOSDAQ,1177,1190,1167,1230
033170,시그네틱스,KOSDAQ,1020,923,915,1059
347000,센코,KOSDAQ,2305,2305,2280,2335
111710,남화산업,KOSDAQ,4230,4135,4075,4250
478560,블랙야크아이앤씨,KOSDAQ,3370,3430,3300,3470
011320,유니크,KOSDAQ,4505,4490,4490,4630
036090,위지트,KOSDAQ,735,720,713,749
227950,엔투텍,KOSDAQ,503,491,489,515
214330,금호에이치티,KOSPI,398,0,0,0
263800,데이타솔루션,KOSDAQ,5340,5310,5290,5380
214260,라파스,KOSDAQ,9690,9390,9390,9800
376930,노을,KOSDAQ,1685,1702,1680,1709
081150,티플랙스,KOSDAQ,3545,3595,3525,3600
014470,부방,KOSDAQ,1432,1404,1404,1442
475430,키스트론,KOSDAQ,4815,4795,4715,4820
950220,네오이뮨텍,KOSDAQ,512,501,501,534
168330,내츄럴엔도텍,KOSDAQ,2695,2625,2555,2715
045660,에이텍,KOSDAQ,10360,10170,10170,10490
452400,이닉스,KOSDAQ,9410,9410,9200,9570
023810,인팩,KOSPI,8530,8670,8330,8670
094940,푸른기술,KOSDAQ,10200,10010,10000,10340
037440,희림,KOSDAQ,6120,6030,5940,6120
290660,네오펙트,KOSDAQ,1011,1014,988,1016
142280,녹십자엠에스,KOSDAQ,3905,3920,3890,3940
004720,팜젠사이언스,KOSPI,3865,3845,3800,3875
012690,모나리자,KOSPI,2315,2385,2275,2385
006880,신송홀딩스,KOSPI,7150,7090,7080,7160
459100,위츠,KOSDAQ,6280,6200,6190,6370
435570,에르코스,KOSDAQ,11100,10620,10440,11300
340360,다보링크,KOSDAQ,1622,1614,1600,1641
291650,압타머사이언스,KOSDAQ,1610,1640,1550,1669
027050,코리아나,KOSDAQ,2100,1913,1913,2375
049180,셀루메드,KOSDAQ,1009,0,0,0
215360,우리산업,KOSDAQ,9190,9190,9060,9300
241790,티이엠씨씨엔에스,KOSDAQ,8380,8110,8110,8470
183490,엔지켐생명과학,KOSDAQ,990,0,0,0
123420,위메이드플레이,KOSDAQ,7940,7830,7680,7970
136410,아셈스,KOSDAQ,7600,7660,7550,7660
009200,무림페이퍼,KOSPI,2010,1997,1989,2050
246690,TS인베스트먼트,KOSDAQ,1780,1700,1698,1850
261520,이지스,KOSDAQ,8130,8100,7930,8180
207760,미스터블루,KOSDAQ,1005,998,998,1025
378800,샤페론,KOSDAQ,1805,1781,1760,1826
000850,화천기공,KOSPI,37800,37100,37100,37850
212710,아이에스티이,KOSDAQ,8630,8560,8340,8700
089850,유비벨록스,KOSDAQ,5630,5600,5590,5680
208140,정다운,KOSDAQ,2535,2520,2510,2545
321820,아티스트컴퍼니,KOSDAQ,5310,5280,5170,5360
010040,한국내화,KOSPI,2015,1975,1974,2035
066980,한성크린텍,KOSDAQ,1589,1575,1556,1620
104620,노랑풍선,KOSDAQ,4905,4790,4790,4925
302430,이노메트리,KOSDAQ,8380,8140,8030,8390
480370,씨케이솔루션,KOSPI,2535,2425,2390,2545
061040,알에프텍,KOSDAQ,2010,1924,1904,2025
120115,코오롱인더우,KOSPI,29600,29450,29450,30000
007590,동방아그로,KOSPI,6010,6000,5980,6020
018500,동원금속,KOSPI,1747,1754,1731,1780
134580,탑코미디어,KOSDAQ,1655,1646,1646,1668
069730,DSR제강,KOSPI,5660,5360,5360,5700
175250,아이큐어,KOSDAQ,2170,0,0,0
204840,지엘팜텍,KOSDAQ,1050,1052,1030,1052
145170,노브랜드,KOSDAQ,4815,4950,4815,5040
013700,까뮤이앤씨,KOSPI,1358,1365,1340,1365
000725,현대건설우,KOSPI,76900,76500,76000,77200
412540,제일엠앤에스,KOSDAQ,3935,0,0,0
053450,세코닉스,KOSDAQ,5470,5520,5170,5530
222110,팬젠,KOSDAQ,5990,6020,5830,6200
017650,대림제지,KOSDAQ,9200,9160,8970,9230
294140,레몬,KOSDAQ,3605,3590,3475,3640
417790,트루엔,KOSDAQ,7700,7650,7510,7700
041460,한국전자인증,KOSDAQ,4240,4205,4200,4275
479960,위너스일렉,KOSDAQ,11740,11590,11290,11870
039020,이건홀딩스,KOSDAQ,3560,3460,3460,3565
054930,유신,KOSDAQ,26800,26750,26450,27000
159580,제로투세븐,KOSDAQ,4010,3990,3910,4040
037760,쎄니트,KOSDAQ,2370,2355,2330,2395
011390,부산산업,KOSPI,75900,76200,75300,76500
076610,해성옵틱스,KOSDAQ,1506,1472,1457,1572
446840,지슨,KOSDAQ,1450,1433,1386,1466
053050,지에스이,KOSDAQ,2660,2620,2590,2665
317690,퀀타매트릭스,KOSDAQ,3960,4100,3950,4100
032540,TJ미디어,KOSDAQ,3815,3880,3745,3880
162300,신스틸,KOSDAQ,1922,1946,1900,1959
001470,삼부토건,KOSPI,347,0,0,0
222160,NPX,KOSDAQ,8040,0,0,0
061250,화일약품,KOSDAQ,943,0,0,0
184230,SGA솔루션즈,KOSDAQ,868,912,832,912
067920,이글루,KOSDAQ,7200,7450,7140,7450
049470,비트플래닛,KOSDAQ,672,0,0,0
296160,프로젠,KONEX,5140,5290,5000,5290
408900,스튜디오미르,KOSDAQ,2410,2400,2350,2445
001550,조비,KOSPI,15200,15350,15150,15570
180060,탑선,KONEX,8440,8200,8200,8490
094850,참좋은여행,KOSDAQ,5630,5470,5470,5630
002795,아모레퍼시픽홀딩스우,KOSPI,12350,11940,11940,12360
260930,씨티케이,KOSDAQ,4070,3950,3910,4245
456570,아이엠지티,KONEX,14910,15000,14430,15500
009770,삼정펄프,KOSPI,31350,31700,31000,31700
043710,서울리거,KOSDAQ,905,0,0,0
458350,에스팀,KOSDAQ,9020,8970,8920,9250
006090,사조오양,KOSPI,8300,8390,8050,8440
016090,대현,KOSPI,1763,1763,1753,1767
004590,한국가구,KOSDAQ,5200,5190,5190,5290
347740,피엔케이피부임상연구센타,KOSDAQ,2590,2560,2510,2635
317870,엔바이오니아,KOSDAQ,8770,8910,8620,9070
317850,대모,KOSDAQ,9310,9230,9230,9380
331380,포커스에이아이,KOSDAQ,2385,2300,2245,2520
226330,신테카바이오,KOSDAQ,3180,3130,3100,3210
004830,덕성,KOSPI,4915,4895,4895,4975
042940,상지건설,KOSDAQ,11280,11290,11050,11350
003925,남양유업우,KOSPI,38450,37500,37450,38600
099410,동방선기,KOSDAQ,5490,5590,5390,5620
155650,와이엠씨,KOSDAQ,4050,4075,3940,4075
043650,국순당,KOSDAQ,4285,4270,4250,4300
012790,신일제약,KOSDAQ,6370,6360,6070,6390
060310,3S,KOSDAQ,1438,1505,1430,1538
460870,에스엠씨지,KOSDAQ,3795,3750,3705,3930
0013V0,삼진식품,KOSDAQ,7680,7600,7530,7770
153710,옵티팜,KOSDAQ,5190,5380,5130,5380
0010F0,보원케미칼,KOSDAQ,6830,7000,6780,7130
024900,디와이덕양,KOSPI,2335,2315,2295,2350
033310,엠투엔,KOSDAQ,1901,1906,1890,1916
459550,알트,KOSDAQ,3025,3070,3000,3080
039240,경남스틸,KOSDAQ,2810,2795,2780,2830
047400,유니온머티리얼,KOSPI,1800,1755,1745,1845
457370,한켐,KOSDAQ,9400,9060,9060,9490
104540,코렌텍,KOSDAQ,5870,5720,5720,5900
025560,미래산업,KOSPI,16670,15280,15210,17050
246960,SCL사이언스,KOSDAQ,2195,2250,2190,2265
037230,한국팩키지,KOSDAQ,2505,2525,2500,2590
010280,아이티센엔텍,KOSDAQ,1145,0,0,0
127710,아시아경제,KOSDAQ,1692,1703,1664,1711
036000,예림당,KOSDAQ,3235,3270,3195,3270
003780,진양산업,KOSPI,5730,5630,5630,5730
004540,깨끗한나라,KOSPI,1999,2000,1997,2020
017480,삼현철강,KOSDAQ,4740,4690,4675,4745
129260,인터지스,KOSPI,2500,2455,2440,2505
900260,로스웰,KOSDAQ,1615,1716,1610,1716
058730,다스코,KOSPI,3720,3650,3640,3745
040610,SG&G,KOSDAQ,2175,0,0,0
299900,위지윅스튜디오,KOSDAQ,433,429,426,438
052220,iMBC,KOSDAQ,3220,3170,3170,3255
042110,에스씨디,KOSDAQ,1530,1532,1500,1593
087260,모바일어플라이언스,KOSDAQ,2270,2300,2215,2300
000220,유유제약,KOSPI,4330,4255,4255,4345
222420,쎄노텍,KOSDAQ,1522,1470,1470,1534
066430,아이로보틱스,KOSDAQ,1877,1860,1850,1985
072470,우리산업홀딩스,KOSDAQ,3885,3805,3800,3935
321260,프로이천,KOSDAQ,2595,2590,2575,2690
950200,소마젠,KOSDAQ,3800,3755,3750,3850
024910,경창산업,KOSDAQ,2040,2045,1989,2070
006490,인스코비,KOSPI,500,469,458,507
111110,호전실업,KOSPI,7770,7500,7500,7860
065500,오리엔트정공,KOSDAQ,2190,2170,2170,2215
010470,오리콤,KOSDAQ,6070,6010,6000,6090
306040,에스제이그룹,KOSDAQ,7360,7280,7280,7660
024950,삼천리자전거,KOSDAQ,5460,5430,5320,5870
234100,폴라리스세원,KOSDAQ,1021,1031,1011,1040
072990,에이치시티,KOSDAQ,4990,4895,4895,5000
373200,엑스플러스,KOSDAQ,643,0,0,0
198440,강동씨앤엘,KOSDAQ,1186,1182,1172,1198
001465,BYC우,KOSPI,33550,33300,33000,34050
318160,셀바이오휴먼텍,KOSDAQ,7730,7640,7540,7890
219550,디와이디,KOSDAQ,1880,1860,1830,1909
206560,덱스터,KOSDAQ,2835,2760,2760,2850
155660,DSR,KOSPI,4500,4390,4390,4500
393210,토마토시스템,KOSDAQ,4610,4520,4465,4642
234920,자이글,KOSDAQ,5310,0,0,0
039420,케이엘넷,KOSDAQ,3125,3165,3075,3175
006980,우성,KOSPI,23200,22700,22700,24000
127980,화인써키트,KOSDAQ,6050,6080,5910,6440
372910,한컴라이프케어,KOSPI,2585,2625,2500,2665
289220,자이언트스텝,KOSDAQ,3205,3190,3115,3292
001620,케이비아이동국실업,KOSPI,642,0,0,0
040350,크레오에스지,KOSDAQ,732,0,0,0
036120,서울평가정보,KOSDAQ,2030,2040,2015,2050
317530,에피소드컴퍼니,KOSDAQ,4075,4145,3870,4150
009835,한화솔루션우,KOSPI,27600,26800,26750,28050
000910,유니온,KOSPI,4545,4500,4495,4545
015710,코콤,KOSDAQ,4045,3975,3975,4060
095910,에스에너지,KOSDAQ,1895,1840,1840,1918
036670,삼양케이씨아이,KOSDAQ,6270,6300,6150,6320
332370,아이디피,KOSDAQ,5320,5340,5240,5350
082210,옵트론텍,KOSDAQ,2015,2050,1976,2050
068330,일신바이오,KOSDAQ,1593,1605,1593,1625
333620,엔시스,KOSDAQ,6670,6520,6450,6850
170790,파이오링크,KOSDAQ,10980,11140,10880,11320
002140,고려산업,KOSPI,2815,2800,2795,2830
199550,레이저옵텍,KOSDAQ,5720,5530,5530,5780
288620,에스퓨얼셀,KOSDAQ,10040,9900,9770,10100
070300,엑스큐어,KOSDAQ,3005,3100,2865,3175
215790,이노인스트루먼트,KOSDAQ,1737,1845,1720,1990
080010,이상네트웍스,KOSDAQ,7090,7030,7030,7140
072130,유엔젤,KOSPI,5400,5510,5340,5550
177900,쓰리에이로직스,KOSDAQ,7230,7580,6950,7870
073640,테라사이언스,KOSDAQ,654,0,0,0
373160,데이원컴퍼니,KOSDAQ,5030,4910,4905,5070
053350,이니텍,KOSDAQ,3140,3100,3005,3230
021050,서원,KOSPI,1453,1487,1439,1488
122310,제노레이,KOSDAQ,4710,4730,4650,4880
002760,보락,KOSPI,1144,1123,1121,1151
196300,HLB펩,KOSDAQ,7330,7500,7230,7510
37550K,DL이앤씨우,KOSPI,32300,32400,31650,32750
256630,포인트엔지니어링,KOSDAQ,1175,0,0,0
007370,진양제약,KOSDAQ,4810,4735,4725,4820
452200,민테크,KOSDAQ,2855,2795,2770,2970
109860,동일금속,KOSDAQ,7450,7360,7350,7450
092440,기신정기,KOSPI,2320,2280,2260,2330
005670,푸드웰,KOSDAQ,6770,6730,6720,6960
049550,잉크테크,KOSDAQ,3450,3410,3310,3480
092300,현우산업,KOSDAQ,3545,3480,3455,3600
250030,진코스텍,KONEX,23700,24100,23100,24100
010240,흥국,KOSDAQ,5760,5730,5710,5850
037330,인지디스플레,KOSDAQ,1536,1515,1512,1544
352910,오비고,KOSDAQ,5330,5300,5270,5450
065170,비엘팜텍,KOSDAQ,2410,2270,2265,2470
063440,SM Life Design,KOSDAQ,1461,1441,1441,1469
092780,DYP,KOSPI,5080,4970,4885,5140
340440,세림B&G,KOSDAQ,2355,2350,2290,2655
147760,피엠티,KOSDAQ,6160,4940,4675,6160
050960,수산아이앤티,KOSDAQ,9870,9960,9820,10000
407400,꿈비,KOSDAQ,4545,4330,4330,4570
006370,대구백화점,KOSPI,6140,6100,6100,6350
054300,팬스타엔터프라이즈,KOSDAQ,574,0,0,0
153460,네이블,KOSDAQ,10150,10220,10140,10790
150900,파수,KOSDAQ,5660,5620,5370,6570
002630,오리엔트바이오,KOSPI,557,555,555,562
198080,캐프,KOSDAQ,3065,3010,2975,3095
064240,홈캐스트,KOSDAQ,1901,1940,1901,1940
189980,흥국에프엔비,KOSDAQ,1642,1624,1617,1643
009190,대양금속,KOSPI,1517,1488,1488,1531
089790,제이티,KOSDAQ,6350,6230,6180,6440
173940,에프엔씨엔터,KOSDAQ,4235,4070,3970,4280
239890,피엔에이치테크,KOSDAQ,6560,6600,6450,6710
097800,윈팩,KOSDAQ,477,0,0,0
378850,화승알앤에이,KOSPI,3415,3400,3355,3440
263690,디알젬,KOSDAQ,5720,5670,5620,5800
218150,미래생명자원,KOSDAQ,3165,3200,3155,3220
384470,코어라인소프트,KOSDAQ,3600,3460,3400,3600
088910,동우팜투테이블,KOSDAQ,2500,2460,2455,2510
096630,에스코넥,KOSDAQ,813,0,0,0
232830,아이티센피엔에스,KOSDAQ,3900,3980,3900,4085
137080,나래나노텍,KOSDAQ,5830,5810,5760,5950
053270,구영테크,KOSDAQ,2345,2370,2335,2370
004770,써니전자,KOSPI,1807,1767,1762,1817
078590,휴림에이텍,KOSDAQ,642,645,620,728
014190,원익큐브,KOSDAQ,1812,1777,1760,1813
452300,캡스톤파트너스,KOSDAQ,4525,4600,4520,4645
189860,서전기전,KOSDAQ,6610,6480,6110,6740
005305,롯데칠성우,KOSPI,82300,82000,81600,82400
007815,코리아써우,KOSPI,21500,20150,20150,21700
351330,이삭엔지니어링,KOSDAQ,7680,7550,7550,7770
004910,조광페인트,KOSPI,4965,4885,4885,4990
365590,하이딥,KOSDAQ,2050,1981,1981,2080
004780,대륙제관,KOSDAQ,3990,3950,3945,4015
100030,인지소프트,KOSDAQ,19310,19330,18810,19330
303360,프로티아,KOSDAQ,4920,4935,4820,5020
0010V0,제이피아이헬스케어,KOSDAQ,12370,12310,12140,12390
297570,알로이스,KOSDAQ,1824,1804,1804,1854
089150,케이씨티,KOSDAQ,3675,3665,3655,3740
261200,덴티스,KOSDAQ,3980,3945,3945,4010
215090,솔디펜스,KOSDAQ,2710,2665,2630,2720
052790,액토즈소프트,KOSDAQ,5740,5750,5640,5790
045340,토탈소프트,KOSDAQ,7320,7160,7160,7340
001840,이화공영,KOSDAQ,2215,0,0,0
004920,씨아이테크,KOSPI,1199,1153,1150,1219
185490,아이진,KOSDAQ,1447,1447,1438,1477
133820,화인베스틸,KOSPI,1684,1575,1561,1687
419080,엔젯,KOSDAQ,5840,5630,5610,5900
200350,아티스트스튜디오,KOSDAQ,6240,6120,6020,6260
004450,삼화왕관,KOSPI,28950,28600,28600,29100
053980,오상자이엘,KOSDAQ,3285,3255,3245,3290
004410,서울식품,KOSPI,158,160,157,170
238120,얼라인드,KOSDAQ,4335,4275,4255,4405
053620,태양,KOSDAQ,7240,7190,7180,7330
090410,덕신이피씨,KOSDAQ,1351,1351,1343,1370
008370,원풍,KOSDAQ,5180,5190,5120,5230
452160,제이엔비,KOSDAQ,6460,6260,6260,6650
237820,플레이디,KOSDAQ,4835,4895,4815,4920
294090,이오플로우,KOSDAQ,1490,0,0,0
357250,미래에셋맵스리츠,KOSPI,2470,2475,2465,2490
189330,씨이랩,KOSDAQ,6560,7000,6550,7000
196450,코아시아씨엠,KOSDAQ,1358,1282,1270,1373
413640,비아이매트릭스,KOSDAQ,8530,8410,8410,8600
038010,제일테크노스,KOSDAQ,6830,6800,6720,6880
114450,그린생명과학,KOSDAQ,3070,3050,3040,3175
033560,블루콤,KOSDAQ,3590,3590,3560,3615
900300,오가닉티코스메틱,KOSDAQ,244,244,226,244
419120,산돌,KOSDAQ,4155,4020,4015,4205
093240,형지엘리트,KOSPI,995,978,972,1003
017180,명문제약,KOSPI,1795,1780,1776,1799
450330,하스,KOSDAQ,7430,7490,7300,7570
033830,티비씨,KOSDAQ,608,598,595,611
041650,상신브레이크,KOSPI,2830,2800,2760,2840
277070,린드먼아시아,KOSDAQ,4435,4475,4390,4595
007680,대원,KOSDAQ,4515,4465,4425,4545
094970,제이엠티,KOSDAQ,3615,3600,3530,3630
038070,서린바이오,KOSDAQ,6470,6410,6350,6480
465480,인스피언,KOSDAQ,5930,6050,5910,6060
053950,경남제약,KOSDAQ,769,0,0,0
104200,NHN벅스,KOSDAQ,4050,4050,3995,4135
466410,사이냅소프트,KOSDAQ,11910,11750,11690,11980
037950,엘컴텍,KOSDAQ,709,0,0,0
088340,유라클,KOSDAQ,13700,13860,13560,14460
066360,체리부로,KOSDAQ,1246,1239,1220,1259
143540,영우디에스피,KOSDAQ,1336,1342,1320,1380
440290,HB인베스트먼트,KOSDAQ,2165,2130,2120,2175
003465,유화증권우,KOSPI,3405,3405,3295,3405
007120,미래아이앤지,KOSPI,2060,2005,1973,2070
471820,셀로맥스사이언스,KOSDAQ,5260,5270,5230,5310
311390,네오크레마,KOSDAQ,4695,4545,4545,4695
123700,SJM,KOSPI,3800,3670,3670,3820
011330,유니켐,KOSPI,657,670,651,675
223310,사토시홀딩스,KOSDAQ,2275,0,0,0
075180,새론오토모티브,KOSPI,3070,3045,3015,3085
369370,블리츠웨이엔터테인먼트,KOSDAQ,1178,1201,1171,1216
049800,우진플라임,KOSPI,2935,2925,2855,2960
067170,오텍,KOSDAQ,2435,2380,2230,2470
072770,멤레이비티,KOSDAQ,706,689,656,740
219420,링크제니시스,KOSDAQ,5100,5040,4995,5110
052460,아이크래프트,KOSDAQ,4000,3990,3925,4075
014990,인디에프,KOSPI,776,762,761,790
000890,보해양조,KOSPI,422,425,422,431
046310,백금T&A,KOSDAQ,3550,3600,3500,3610
221840,하이즈항공,KOSDAQ,3115,3065,3020,3250
035460,기산텔레콤,KOSDAQ,3990,4010,3850,4085
099520,DGI,KOSDAQ,1284,0,0,0
364950,에이아이코리아,KOSDAQ,7000,6850,6820,7100
28513K,SK케미칼우,KOSPI,27450,27700,27350,28000
122350,삼기,KOSDAQ,1512,1514,1489,1548
403490,우듬지팜,KOSDAQ,1259,1239,1239,1263
023350,한국종합기술,KOSPI,5280,5300,5240,5330
010770,평화홀딩스,KOSPI,3950,3920,3915,4050
476080,M83,KOSDAQ,7140,6900,6830,7470
066130,하츠,KOSDAQ,4495,4480,4455,4515
245620,EDGC,KOSDAQ,415,0,0,0
003475,유안타증권우,KOSPI,4450,4400,4400,4480
001210,금호전기,KOSPI,925,924,915,935
079000,와토스코리아,KOSDAQ,7930,8100,7890,8230
000950,전방,KOSPI,33950,34100,33700,35400
432430,와이랩,KOSDAQ,3450,3400,3355,3460
361570,알비더블유,KOSDAQ,1981,1974,1944,1983
038060,루멘스,KOSDAQ,1181,1176,1108,1337
100660,서암기계공업,KOSDAQ,4500,4510,4450,4515
043910,자연과환경,KOSDAQ,500,501,490,501
189690,포시에스,KOSDAQ,2075,2045,2045,2090
025530,SJM홀딩스,KOSPI,3795,3765,3735,3800
464500,아이언디바이스,KOSDAQ,4045,3685,3685,4220
219750,한국비티비,KOSDAQ,865,809,809,975
122690,서진오토모티브,KOSDAQ,2450,2450,2395,2470
105760,포스뱅크,KOSDAQ,5540,5580,5500,5600
033200,모아텍,KOSDAQ,3930,3860,3850,3950
430690,한싹,KOSDAQ,5160,5400,5120,5430
011300,우성머티리얼스,KOSPI,354,0,0,0
352700,씨앤투스,KOSDAQ,2135,2160,2115,2260
097870,효성오앤비,KOSDAQ,6590,6460,6460,6680
273060,와이즈버즈,KOSDAQ,1108,1120,1060,1151
190650,코리아에셋투자증권,KOSDAQ,8730,8600,8600,8750
056700,신화인터텍,KOSDAQ,1910,1865,1865,1919
012280,영화금속,KOSPI,1077,1062,1060,1088
054780,키이스트,KOSDAQ,2830,2885,2825,2895
417860,오브젠,KOSDAQ,11840,11610,11100,12380
131760,파인텍,KOSDAQ,1280,1545,1280,1551
340930,유일에너테크,KOSDAQ,806,0,0,0
007530,와이엠,KOSDAQ,2490,2480,2450,2510
260660,알리코제약,KOSDAQ,3615,3610,3580,3700
048770,TPC로보틱스,KOSDAQ,3520,3435,3400,3555
006920,모헨즈,KOSDAQ,5060,5070,4980,5420
090080,평화산업,KOSPI,1006,1000,999,1008
376180,피코그램,KOSDAQ,2975,2920,2890,3065
171010,램테크놀러지,KOSDAQ,3835,3755,3730,3865
217480,에스디생명공학,KOSDAQ,499,0,0,0
033540,파라텍,KOSDAQ,1048,1038,1032,1062
126640,화신정공,KOSDAQ,1561,1559,1547,1562
314140,알피바이오,KOSDAQ,6300,6360,6240,6380
065130,탑엔지니어링,KOSDAQ,3405,3340,3300,3405
051490,나라엠앤디,KOSDAQ,3835,3860,3805,3870
053160,프리엠스,KOSDAQ,9050,9190,8920,9190
032860,더라미,KOSDAQ,1342,1260,1243,1345
003080,SB성보,KOSPI,2705,2695,2690,2705
007610,선도전기,KOSPI,3000,0,0,0
106240,파인테크닉스,KOSDAQ,2360,2405,2260,2460
148250,알엔투테크놀로지,KOSDAQ,4250,4200,4110,4265
066670,디티씨,KOSDAQ,2870,2890,2840,2920
086040,바이오톡스텍,KOSDAQ,3355,3250,3220,3465
016600,큐캐피탈,KOSDAQ,300,297,285,307
179530,애드바이오텍,KOSDAQ,2710,2705,2575,2850
444530,심플랫폼,KOSDAQ,8330,8000,8000,9250
023960,에쓰씨엔지니어링,KOSPI,1399,1399,1383,1413
002410,범양건영,KOSPI,1935,0,0,0
229000,젠큐릭스,KOSDAQ,2265,2270,2230,2335
388610,지에프씨생명과학,KOSDAQ,10000,10000,9830,10170
064480,브리지텍,KOSDAQ,4435,4435,4410,4450
263700,케어랩스,KOSDAQ,2730,2645,2645,2745
026940,부국철강,KOSPI,2650,2700,2625,2750
119500,포메탈,KOSDAQ,4470,4380,4380,4510
35320K,대덕전자1우,KOSPI,25250,22700,22700,25500
060850,영림원소프트랩,KOSDAQ,6500,6280,6200,6520
081580,성우전자,KOSDAQ,3405,3470,3365,3470
012160,영흥,KOSPI,521,520,506,524
288980,모아데이타,KOSDAQ,1450,1408,1381,1455
332290,누보,KOSDAQ,1321,1356,1321,1375
215380,우정바이오,KOSDAQ,3130,3125,3050,3180
087600,픽셀플러스,KOSDAQ,6450,6160,6070,6450
057540,옴니시스템,KOSDAQ,885,891,855,914
250000,보라티알,KOSDAQ,7780,7870,7690,7870
013720,THE CUBE&,KOSDAQ,860,861,836,885
043340,에쎈테크,KOSDAQ,549,520,516,557
027740,마니커,KOSPI,821,0,0,0
199480,뱅크웨어글로벌,KOSDAQ,5110,5170,5050,5180
006125,SK디스커버리우,KOSPI,42300,41650,41450,42350
103840,우양,KOSDAQ,3180,3185,3150,3200
073110,엘엠에스,KOSDAQ,5850,5680,5680,5900
123010,알엔티엑스,KOSDAQ,1591,1488,1373,1625
009320,아진전자부품,KOSPI,1051,1065,1032,1065
355390,크라우드웍스,KOSDAQ,3325,3370,3270,3370
258610,케일럼,KOSDAQ,1418,1409,1394,1445
460470,아이빔테크놀로지,KOSDAQ,3420,3485,3300,3485
434480,모니터랩,KOSDAQ,4200,4350,4200,4500
300120,라온피플,KOSDAQ,1044,1047,1022,1077
481850,신한글로벌액티브리츠,KOSPI,1188,1155,1155,1193
002290,삼일기업공사,KOSDAQ,4165,4105,4050,4195
241840,에이스토리,KOSDAQ,5410,5270,5230,5420
096610,알에프세미,KOSDAQ,2965,0,0,0
073540,에프알텍,KOSDAQ,4520,4305,4140,4540
466910,엔에이치스팩30호,KOSDAQ,5640,0,0,0
000215,DL우,KOSPI,30400,30300,30000,31500
307280,원바이오젠,KOSDAQ,7220,7380,7200,7430
160550,NEW,KOSDAQ,1835,1840,1802,1840
044960,이글벳,KOSDAQ,4045,3995,3995,4060
320000,한울반도체,KOSDAQ,1533,0,0,0
020760,일진디스플,KOSPI,902,0,0,0
429270,시지트로닉스,KOSDAQ,7900,7030,6910,8710
011420,갤럭시아에스엠,KOSPI,1849,1875,1844,1875
263810,상신전자,KOSDAQ,3195,3145,3145,3235
097780,에코볼트,KOSDAQ,801,0,0,0
038880,아이에이,KOSDAQ,135,0,0,0
335810,프리시젼바이오,KOSDAQ,2310,2275,2275,2325
080520,오디텍,KOSDAQ,4470,4300,4270,4475
129890,앱코,KOSDAQ,1109,1098,1084,1119
025880,케이씨피드,KOSDAQ,3020,2995,2995,3045
128540,에코캡,KOSDAQ,1891,1890,1867,1894
393970,대진첨단소재,KOSDAQ,2825,0,0,0
002920,유성기업,KOSPI,1943,1892,1892,1960
032960,동일기연,KOSDAQ,14320,14760,14320,14770
373170,엠아이큐브솔루션,KOSDAQ,3330,3300,3110,3330
073570,리튬포어스,KOSDAQ,836,718,707,919
290090,트윔,KOSDAQ,6750,6900,6700,6920
420570,제이투케이바이오,KOSDAQ,8570,8650,8440,8840
051390,YW,KOSDAQ,4400,4400,4275,4450
376290,씨유테크,KOSDAQ,2825,2870,2805,2875
464280,티디에스팜,KOSDAQ,9010,8750,8700,9350
258790,소프트캠프,KOSDAQ,1993,2075,1950,2280
003060,에이프로젠바이오로직스,KOSPI,251,0,0,0
069410,엔텔스,KOSDAQ,4845,4880,4780,4880
186230,그린플러스,KOSDAQ,4545,4600,4525,4600
363250,진시스템,KOSDAQ,5830,5730,5650,5990
091590,남화토건,KOSDAQ,4220,4180,4175,4335
263770,유에스티,KOSDAQ,2090,2055,2010,2110
001380,SG글로벌,KOSPI,1098,0,0,0
008420,문배철강,KOSPI,2405,2365,2360,2410
011230,삼화전자,KOSPI,2565,2540,2540,2585
200780,비씨월드제약,KOSDAQ,4595,4560,4530,4600
286750,나노실리칸첨단소재,KOSDAQ,1527,1401,1350,1751
271830,팸텍,KOSDAQ,1656,1610,1594,1663
224110,에이텍모빌리티,KOSDAQ,9600,9450,9450,9700
020180,대신정보통신,KOSDAQ,1269,1270,1244,1291
026040,제이에스티나,KOSDAQ,2945,2995,2920,3005
006050,국영지앤엠,KOSDAQ,1392,1419,1382,1422
363260,모비데이즈,KOSDAQ,1510,1515,1487,1534
019770,서연탑메탈,KOSDAQ,4160,4135,4110,4170
178780,일월지엠엘,KOSDAQ,2600,2600,2580,2615
257990,나우코스,KONEX,8200,0,0,0
450520,인스웨이브,KOSDAQ,3260,3235,3235,3295
082660,코스나인,KOSDAQ,480,0,0,0
140520,대창스틸,KOSDAQ,2265,2235,2235,2265
031310,아이즈비전,KOSDAQ,1751,1826,1719,1829
356890,싸이버원,KOSDAQ,3985,4370,3965,4515
418250,시큐레터,KOSDAQ,6550,0,0,0
083550,케이엠,KOSDAQ,3510,3580,3490,3580
220180,핸디소프트,KOSDAQ,1985,2045,1968,2045
336060,웨이버스,KOSDAQ,984,997,977,1006
200230,텔콘RF제약,KOSDAQ,691,662,649,715
057030,YBM넷,KOSDAQ,2900,2855,2855,2900
050860,아세아텍,KOSDAQ,2100,2045,2035,2100
023440,제이스코홀딩스,KOSDAQ,521,0,0,0
052600,한네트,KOSDAQ,4050,4115,3995,4130
153490,우리이앤엘하루틴,KOSDAQ,909,900,887,920
037370,EG,KOSDAQ,5420,5370,5300,5430
051630,진양화학,KOSPI,2195,2140,2140,2245
058110,멕아이씨에스,KOSDAQ,2890,2875,2830,2895
069460,대호에이엘,KOSPI,532,0,0,0
451700,엔에이치스팩29호,KOSDAQ,3225,3175,3155,3310
024120,KB오토시스,KOSDAQ,4020,4010,3960,4080
239610,에이치엘사이언스,KOSDAQ,8570,8210,8120,8570
308170,씨티알모빌리티,KOSPI,5360,5300,5260,5450
022220,티케이지애강,KOSDAQ,891,890,890,897
014570,고려제약,KOSDAQ,4195,4120,4085,4230
101240,씨큐브,KOSDAQ,4240,4220,4220,4345
475460,미트박스,KOSDAQ,8200,8290,8120,8290
068050,팬엔터테인먼트,KOSDAQ,1657,1631,1631,1700
351870,차이커뮤니케이션,KOSDAQ,4110,4115,4070,4130
208860,다산디엠씨,KOSDAQ,1351,1320,1320,1357
200580,메디쎄이,KONEX,12300,12140,12130,12700
049830,승일,KOSDAQ,7470,7500,7430,7500
065950,웰크론,KOSDAQ,1622,1622,1602,1647
001000,신라섬유,KOSDAQ,1884,1936,1875,1972
33637K,솔루스첨단소재1우,KOSPI,2700,2705,2525,2705
203450,유니온바이오메트릭스,KOSDAQ,3240,3335,3240,3335
359090,씨엔알리서치,KOSDAQ,790,799,776,799
462510,라메디텍,KOSDAQ,5150,5160,5120,5290
256150,한독크린텍,KOSDAQ,5400,5400,5360,5410
318020,포인트모바일,KOSDAQ,3685,3645,3605,3715
016670,디모아,KOSDAQ,4440,4500,4415,4520
080530,코디,KOSDAQ,815,0,0,0
354200,엔젠바이오,KOSDAQ,1687,1683,1645,1709
008870,금비,KOSPI,45150,45500,44650,45500
195500,마니커에프앤지,KOSDAQ,2825,2770,2770,2825
005030,부산주공,KOSPI,486,0,0,0
317240,TS트릴리온,KOSDAQ,309,0,0,0
008250,이건산업,KOSPI,4110,4125,4080,4125
123570,이엠넷,KOSDAQ,2020,2010,1923,2050
000760,이화산업,KOSPI,16070,16080,15720,16110
206400,베노티앤알,KOSDAQ,1195,1206,1145,1208
270520,앱튼,KOSDAQ,228,0,0,0
074610,이엔플러스,KOSPI,5110,0,0,0
469750,아이비젼웍스,KOSDAQ,1298,1301,1252,1339
066910,손오공,KOSDAQ,668,664,647,676
462980,아이지넷,KOSDAQ,2450,2440,2430,2580
277410,인산가,KOSDAQ,1162,1152,1146,1165
383930,디티앤씨알오,KOSDAQ,3485,3460,3285,3505
003535,한화투자증권우,KOSPI,9270,9340,9180,9380
013810,스페코,KOSDAQ,3035,2990,2970,3045
288330,파라택시스코리아,KOSDAQ,416,0,0,0
057680,티사이언티픽,KOSDAQ,619,0,0,0
038870,에코심플렉스,KOSDAQ,3145,3080,3055,3165
263020,디케이앤디,KOSDAQ,3180,3140,3100,3200
204020,그리티,KOSDAQ,2255,2165,2165,2280
065650,하이퍼코퍼레이션,KOSDAQ,1999,1976,1963,2025
133750,메가엠디,KOSDAQ,1865,1862,1851,1872
357430,마스턴프리미어리츠,KOSPI,1429,1430,1420,1430
039290,인포뱅크,KOSDAQ,4995,4960,4960,5020
025750,한솔홈데코,KOSPI,539,0,0,0
145270,케이탑리츠,KOSPI,903,909,898,909
007720,소노스퀘어,KOSDAQ,430,411,411,433
351320,넥사다이내믹스,KOSDAQ,1459,1404,1404,1490
455180,케이지에이,KOSDAQ,3100,3030,3005,3110
109820,진매트릭스,KOSDAQ,2110,2115,2075,2145
290120,DH오토리드,KOSDAQ,2705,2650,2645,2720
195990,에이비프로바이오,KOSDAQ,1312,1252,1252,1339
318410,비비씨,KOSDAQ,7690,7270,7260,7800
002880,디와이에이,KOSPI,913,913,908,949
075970,동국알앤에스,KOSDAQ,2320,2335,2295,2360
254120,자비스,KOSDAQ,1388,1396,1375,1410
064520,테크엘,KOSDAQ,1908,1880,1824,1930
290560,파라택시스이더리움,KOSDAQ,1907,1988,1902,1988
045060,오공,KOSDAQ,2515,2455,2425,2515
043200,파루,KOSDAQ,1019,1006,1002,1039
475660,에스켐,KOSDAQ,5370,5450,5310,5600
046390,삼화네트웍스,KOSDAQ,985,985,983,998
140430,카티스,KOSDAQ,795,802,774,812
032790,엠젠솔루션,KOSDAQ,826,815,810,837
090150,아이윈,KOSDAQ,1005,1005,988,1021
084870,TBH글로벌,KOSPI,2015,2040,2000,2070
035200,프럼파스트,KOSDAQ,4310,4220,4150,4355
131100,티엔엔터테인먼트,KOSDAQ,1300,1306,1282,1306
238490,힘스,KOSDAQ,3705,3630,3580,3730
159910,에코글로우,KOSDAQ,800,0,0,0
021880,메이슨캐피탈,KOSDAQ,197,196,196,199
309930,조이웍스앤코,KOSDAQ,1705,1636,1575,1837
221980,케이디켐,KOSDAQ,10340,10360,10250,10450
086060,진바이오텍,KOSDAQ,4845,4840,4765,4865
122830,원포유,KONEX,1273,1391,1245,1391
114630,폴라리스우노,KOSDAQ,473,0,0,0
019490,엑시큐어하이트론,KOSPI,541,0,0,0
296640,이노에이엑스,KOSDAQ,7980,8010,7880,8230
239340,이스트에이드,KOSDAQ,1525,1541,1512,1541
347770,핌스,KOSDAQ,1796,1802,1781,1849
298060,풍전약품,KOSDAQ,927,0,0,0
318000,KBG,KOSDAQ,4665,4540,4520,4720
065370,위세아이텍,KOSDAQ,5520,5480,5400,5550
270870,뉴트리,KOSDAQ,4430,4425,4415,4495
317120,라닉스,KOSDAQ,2670,2965,2670,3580
228340,동양파일,KOSDAQ,2035,2080,1999,2080
290270,휴네시온,KOSDAQ,4235,4255,4215,4375
002360,SH에너지화학,KOSPI,366,369,365,373
102950,아하,KONEX,3090,3200,2700,3200
243870,아이티센코어,KONEX,13980,13790,12030,13980
050120,ES큐브,KOSDAQ,2980,2965,2920,3085
017040,광명전기,KOSPI,932,0,0,0
257370,피엔티엠에스,KOSDAQ,3215,3500,3200,3500
075130,플랜티넷,KOSDAQ,2410,2430,2390,2460
387570,파인메딕스,KOSDAQ,7120,7390,7110,7440
398120,에스지헬스케어,KOSDAQ,3380,3380,3335,3430
025440,DH오토웨어,KOSDAQ,817,830,802,851
169330,엠브레인,KOSDAQ,2175,2145,2115,2190
452980,신한제11호스팩,KOSDAQ,2105,2100,2100,2105
010640,진양폴리,KOSPI,2380,2335,2335,2385
064090,인크레더블버즈,KOSDAQ,798,0,0,0
012620,원일특강,KOSDAQ,9020,8810,8810,9260
032580,피델릭스,KOSDAQ,1193,1173,1156,1201
353590,오토앤,KOSDAQ,3065,2985,2970,3105
045510,정원엔시스,KOSDAQ,1225,1310,1211,1470
002870,신풍,KOSPI,1127,1118,1115,1145
059100,아이컴포넌트,KOSDAQ,5570,5440,5430,5570
148780,비큐AI,KOSDAQ,1245,1255,1228,1255
134790,시디즈,KOSPI,19560,19560,19530,19560
263920,휴엠앤씨,KOSDAQ,3985,4050,3980,4050
014910,성문전자,KOSPI,1785,1693,1682,1785
340810,시선AI,KOSDAQ,3005,2920,2900,3025
464580,닷밀,KOSDAQ,2115,2090,2080,2125
000040,KR모터스,KOSPI,450,477,445,480
021650,한국큐빅,KOSDAQ,2375,2390,2330,2390
006200,한국전자홀딩스,KOSPI,827,825,819,867
187270,신화콘텍,KOSDAQ,3800,3740,3730,3840
005820,원림,KOSPI,16750,16670,16670,16870
099390,브레인즈컴퍼니,KOSDAQ,4680,4530,4530,4690
177830,파버나인,KOSDAQ,2835,2840,2805,2860
005320,온타이드,KOSPI,559,518,518,572
019175,신풍제약우,KOSPI,19180,19350,19100,19350
342870,오아,KOSDAQ,6990,7250,6930,7250
056730,CNT85,KOSDAQ,514,0,0,0
038620,위즈코프,KOSDAQ,503,0,0,0
017000,신원종합개발,KOSDAQ,3250,3240,3205,3300
142760,모아라이프플러스,KOSDAQ,898,926,885,943
376980,원티드랩,KOSDAQ,3865,3840,3770,3890
094860,네오리진,KOSDAQ,1501,1490,1456,1600
225220,제놀루션,KOSDAQ,1963,1947,1906,1978
262840,아이퀘스트,KOSDAQ,1780,0,0,0
187220,디티앤씨,KOSDAQ,3250,3200,3200,3395
053290,NE능률,KOSDAQ,2265,2210,2205,2350
024890,대원화성,KOSPI,906,0,0,0
146060,율촌,KOSDAQ,1556,1556,1540,1586
462310,뉴키즈온,KOSDAQ,4560,4510,4340,4570
016100,리더스코스메틱,KOSDAQ,1954,1619,1619,2075
424760,벨로크,KOSDAQ,1887,0,0,0
130500,GH신소재,KOSDAQ,2565,2580,2565,2645
051380,피씨디렉트,KOSDAQ,2430,2310,2310,2500
112190,KC산업,KONEX,1369,1398,1299,1398
038950,파인디지털,KOSDAQ,3635,3640,3500,3735
377220,프롬바이오,KOSDAQ,1310,1281,1279,1316
291230,엔피,KOSDAQ,838,837,831,872
438700,버넥트,KOSDAQ,3300,3260,3165,3350
406820,뷰티스킨,KOSDAQ,2600,2100,2060,2600
060540,에스에이티,KOSDAQ,1403,1374,1364,1404
303530,이노뎁,KOSDAQ,4985,4965,4910,5080
208710,포톤,KOSDAQ,2770,2890,2720,2910
066900,디에이피,KOSDAQ,1603,1650,1603,1680
004365,세방우,KOSPI,9880,9750,9750,9880
109960,앱토크롬,KOSDAQ,165,168,162,169
274400,이노시뮬레이션,KOSDAQ,4000,4100,4000,4180
071850,캐스텍코리아,KOSDAQ,1495,1513,1470,1513
196490,디에이테크놀로지,KOSDAQ,203,0,0,0
009140,경인전자,KOSPI,23050,23150,23000,23200
310870,디와이씨,KOSDAQ,1750,1765,1731,1794
210120,캔버스엔,KOSDAQ,1492,1508,1482,1577
001810,무림SP,KOSDAQ,1632,1700,1616,1700
049120,파인디앤씨,KOSDAQ,680,0,0,0
162120,루켄테크놀러지스,KONEX,3230,3300,3005,3350
090370,메타랩스,KOSPI,1445,1480,1441,1480
440320,오픈놀,KOSDAQ,3660,3525,3520,3685
284620,카이노스메드,KOSDAQ,1087,0,0,0
044480,빌리언스,KOSDAQ,445,0,0,0
038530,케이바이오랩스,KOSDAQ,310,0,0,0
006740,블루산업개발,KOSPI,629,629,621,639
285800,진영,KOSDAQ,2050,2140,2025,2220
024070,WISCOM,KOSPI,2335,2270,2160,2365
009810,플레이그램,KOSPI,1178,1163,1161,1187
118000,메타케어,KOSPI,208,0,0,0
068940,셀피글로벌,KOSDAQ,778,0,0,0
067730,로지시스,KOSDAQ,3680,3680,3680,3845
354390,바스칸바이오제약,KONEX,5070,5070,5070,5070
900340,윙입푸드,KOSDAQ,706,675,675,713
465770,STX그린로지스,KOSPI,4955,4905,4790,4970
290520,신도기연,KOSDAQ,2230,2250,2200,2310
131220,대한과학,KOSDAQ,4755,4795,4705,4795
001070,대한방직,KOSPI,6680,6600,6550,6720
027580,상보,KOSDAQ,598,600,596,660
123840,뉴온,KOSDAQ,555,0,0,0
263050,유틸렉스,KOSDAQ,959,0,0,0
367000,플래티어,KOSDAQ,4195,4185,4120,4275
337840,유엑스엔,KONEX,7410,7600,7200,7790
079170,한창산업,KOSDAQ,6740,6780,6660,6780
304840,피플바이오,KOSDAQ,1490,1460,1423,1515
023150,MH에탄올,KOSPI,4740,4700,4670,4760
431190,케이쓰리아이,KOSDAQ,4665,4560,4555,4795
013000,세우글로벌,KOSPI,1215,1233,1210,1235
446440,에피바이오텍,KONEX,15000,15000,14100,15000
089140,넥스턴앤롤코리아,KOSDAQ,2255,2195,2190,2260
009730,이렘,KOSDAQ,480,480,474,480
002690,동일제강,KOSPI,1697,1679,1678,1704
002420,세기상사,KOSPI,5760,6040,5500,6050
333050,이노테나,KOSDAQ,1393,1400,1349,1416
303030,지니틱스,KOSDAQ,748,0,0,0
397810,애드포러스,KOSDAQ,6630,6780,6600,6790
301300,바이브컴퍼니,KOSDAQ,2595,2530,2505,2600
900310,컬러레이,KOSDAQ,533,517,514,593
405920,나라셀라,KOSDAQ,2650,2600,2570,2650
900070,글로벌에스엠,KOSDAQ,634,647,611,647
054220,비츠로시스,KOSDAQ,548,0,0,0
033050,제이엠아이,KOSDAQ,1042,1043,1003,1043
252500,세화피앤씨,KOSDAQ,818,795,795,857
014130,한익스프레스,KOSPI,2825,2825,2755,2825
024940,PN풍년,KOSDAQ,3390,3345,3340,3405
226340,본느,KOSDAQ,807,629,625,807
018680,서울제약,KOSDAQ,2895,2910,2695,2910
027040,서울전자통신,KOSDAQ,485,504,460,516
045300,성우테크론,KOSDAQ,3195,3145,3120,3200
236810,엔비티,KOSDAQ,1985,1993,1900,1993
069140,누리플랜,KOSDAQ,2225,2145,2120,2280
335870,윙스풋,KOSDAQ,2005,2020,1920,2065
446070,유니드비티플러스,KOSPI,3165,3120,3085,3175
008470,부스타,KOSDAQ,3985,3955,3955,4000
015260,에이엔피,KOSPI,710,710,689,722
048470,대동스틸,KOSDAQ,3465,3410,3380,3485
005360,모나미,KOSPI,1768,1758,1754,1795
227420,도부,KONEX,878,958,743,958
377330,이지트로닉스,KOSDAQ,4085,4075,3945,4100
002025,코오롱우,KOSPI,28650,28400,28100,28750
115480,씨유메디칼,KOSDAQ,548,0,0,0
068100,케이웨더,KOSDAQ,2780,2730,2700,2780
138070,신진에스엠,KOSDAQ,1887,1860,1855,1894
148930,에이치와이티씨,KOSDAQ,3240,3240,3235,3280
495810,유비씨,KONEX,13120,0,0,0
023790,동일스틸럭스,KOSDAQ,1253,1399,1180,1399
088790,진도,KOSPI,2630,2585,2585,2735
047080,한빛소프트,KOSDAQ,1313,1319,1293,1319
237750,피앤씨테크,KOSDAQ,5010,5280,4920,5280
101000,KS인더스트리,KOSDAQ,820,844,808,850
009460,한창제지,KOSPI,544,512,511,544
032750,삼진,KOSDAQ,3580,3520,3520,3585
131090,시큐브,KOSDAQ,4220,4215,4195,4310
019660,글로본,KOSDAQ,2315,2425,2290,2425
096690,에이루트,KOSDAQ,1337,1331,1269,1341
191410,육일씨엔에쓰,KOSDAQ,2870,2790,2775,2945
039740,한국정보공학,KOSDAQ,3995,4130,3885,4130
033250,체시스,KOSPI,999,0,0,0
003680,한성기업,KOSPI,5140,5070,5060,5160
196700,웹스,KOSDAQ,2220,2140,2120,2315
004870,티웨이홀딩스,KOSPI,281,268,266,302
063760,이엘피,KOSDAQ,3400,3415,3340,3420
115610,이미지스,KOSDAQ,1339,0,0,0
270210,에스알바이오텍,KONEX,18940,18600,18460,18990
010400,우진아이엔에스,KOSPI,4125,4165,4075,4175
109670,씨싸이트,KOSDAQ,5370,5320,5310,5540
432980,엠에프씨,KOSDAQ,3640,3630,3575,3675
258830,세종메디칼,KOSDAQ,412,0,0,0
091340,S&K폴리텍,KOSDAQ,2660,2650,2605,2660
372800,아이티아이즈,KOSDAQ,4420,4450,4300,4555
115160,휴맥스,KOSDAQ,721,0,0,0
322970,무진메디,KONEX,3085,3100,2965,3100
434190,탈로스,KONEX,4190,4195,3920,4195
065770,CS,KOSDAQ,1584,1480,1450,1943
33626L,두산퓨얼셀2우B,KOSPI,10290,10160,10060,10640
002820,SUN&L,KOSPI,2435,2515,2425,2515
405000,플라즈맵,KOSDAQ,7990,7940,7840,8000
006570,대림통상,KOSPI,2010,2010,1989,2025
900100,애머릿지,KOSDAQ,580,558,554,650
019570,플루토스,KOSDAQ,451,468,428,468
054090,삼진엘앤디,KOSDAQ,1217,1254,1186,1277
328380,솔트웨어,KOSDAQ,885,0,0,0
179720,머니무브,KONEX,11000,9800,9200,11000
900110,이스트아시아홀딩스,KOSDAQ,820,797,797,865
246250,에스엘에스바이오,KOSDAQ,1969,0,0,0
039310,세중,KOSDAQ,1666,1671,1648,1688
139670,키네마스터,KOSDAQ,2135,2055,2010,2170
080470,성창오토텍,KOSDAQ,4120,4050,4050,4160
368600,아이씨에이치,KOSDAQ,1175,1155,1142,1243
030720,동원수산,KOSPI,6430,6330,6330,6440
083640,인콘,KOSDAQ,385,0,0,0
069640,한세엠케이,KOSPI,666,0,0,0
008775,호텔신라우,KOSPI,39350,37700,37700,39500
222980,한국맥널티,KOSDAQ,2675,2645,2645,2695
457600,벡트,KOSDAQ,2150,2060,2060,2185
044780,에이치케이,KOSDAQ,1590,1611,1574,1630
076080,웰크론한텍,KOSDAQ,1302,1266,1240,1335
031510,오스템,KOSDAQ,1049,1035,1032,1053
373110,엑셀세라퓨틱스,KOSDAQ,1695,1695,1628,1730
103230,에스앤더블류,KOSDAQ,4045,4025,3900,4070
060380,동양에스텍,KOSDAQ,1475,1484,1470,1490
036480,대성미생물,KOSDAQ,7630,7400,7390,7690
227610,아우딘퓨쳐스,KOSDAQ,762,693,688,894
123750,알톤,KOSDAQ,2095,2040,2040,2110
318010,팜스빌,KOSDAQ,3650,3715,3565,3715
034940,조아제약,KOSDAQ,926,925,907,943
042040,케이피엠테크,KOSDAQ,147,0,0,0
362990,드림인사이트,KOSDAQ,1705,1635,1626,1770
085810,알티캐스트,KOSDAQ,437,0,0,0
016920,카스,KOSDAQ,1075,1068,1054,1085
032080,아즈텍WB,KOSDAQ,1323,1320,1310,1335
052300,오션인더블유,KOSDAQ,1741,0,0,0
002355,넥센타이어1우B,KOSPI,4350,4315,4315,4365
188040,바이오포트,KOSDAQ,6040,5990,5890,6050
279600,미디어젠,KOSDAQ,6030,6110,5710,6120
197140,디지캡,KOSDAQ,2160,2105,2045,2160
355690,에이텀,KOSDAQ,5200,4665,4665,5580
032680,소프트센,KOSDAQ,266,261,255,266
037400,우리엔터프라이즈,KOSDAQ,1069,1071,1065,1081
091970,나노캠텍,KOSDAQ,738,716,700,904
044380,주연테크,KOSPI,430,455,427,455
216400,인바이츠바이오코아,KONEX,3595,3400,3400,3595
417180,핑거스토리,KOSDAQ,1579,1571,1561,1596
312610,에이에프더블류,KOSDAQ,1367,1467,1330,1470
131180,딜리,KOSDAQ,941,0,0,0
101400,엔시트론,KOSDAQ,392,0,0,0
060900,에이전트AI,KOSDAQ,345,0,0,0
198940,한주라이트메탈,KOSDAQ,707,707,698,723
418620,E8,KOSDAQ,1385,1375,1329,1410
311060,엘에이티,KONEX,3490,3490,3490,3490
193250,링크드,KOSDAQ,410,413,390,438
004270,남성,KOSPI,753,0,0,0
043220,티에스넥스젠,KOSDAQ,1710,0,0,0
208350,지란지교시큐리티,KOSDAQ,3360,3300,3260,3415
007770,한일화학,KOSDAQ,7750,7840,7720,7860
023770,플레이위드,KOSDAQ,3040,3060,3000,3100
070590,인티큐브,KOSDAQ,1958,1944,1889,1958
079650,서산,KOSDAQ,1354,1320,1318,1362
093380,풍강,KOSDAQ,2735,2735,2730,2765
900270,헝셩그룹,KOSDAQ,1104,1087,1060,1190
464680,KB제27호스팩,KOSDAQ,2085,2085,2080,2090
060230,제이케이시냅스,KOSDAQ,490,493,484,499
217620,선샤인푸드,KOSDAQ,3810,0,0,0
377030,비트맥스,KOSDAQ,626,0,0,0
267790,배럴,KOSDAQ,3480,3450,3450,3575
331520,밸로프,KOSDAQ,524,0,0,0
224060,더코디,KOSDAQ,5150,5050,4790,5150
233990,질경이,KONEX,1800,1850,1750,1850
101680,한국정밀기계,KOSDAQ,3160,3065,3005,3270
012170,아센디오,KOSPI,1366,1340,1332,1395
005110,한창,KOSPI,1254,0,0,0
050110,캠시스,KOSDAQ,1789,1720,1665,1849
003495,대한항공우,KOSPI,23700,23450,23350,23750
143210,핸즈코퍼레이션,KOSPI,1199,0,0,0
021040,대호특수강,KOSDAQ,1205,1195,1193,1207
067010,이씨에스,KOSDAQ,2400,2395,2375,2460
002210,동성제약,KOSPI,973,0,0,0
078860,스테이지원엔터,KOSDAQ,436,0,0,0
059180,엔더블유시,KONEX,4870,0,0,0
403360,라피치,KONEX,7200,7000,7000,7200
054940,엑사이엔씨,KOSDAQ,778,761,760,780
011090,에넥스,KOSPI,428,0,0,0
115570,스타플렉스,KOSDAQ,3205,3170,3165,3210
352940,인바이오,KOSDAQ,2320,2290,2185,2375
208640,썸에이지,KOSDAQ,181,183,176,191
353190,휴럼,KOSDAQ,640,0,0,0
240600,유진테크놀로지,KOSDAQ,3585,3475,3420,3590
115530,씨엔플러스,KOSDAQ,342,332,331,370
092600,앤씨앤,KOSDAQ,987,0,0,0
45226K,한화갤러리아우,KOSPI,8480,6800,6800,8480
083470,이엠앤아이,KOSDAQ,1151,1115,1100,1173
348030,모비릭스,KOSDAQ,2555,2585,2505,2595
154030,아시아종묘,KOSDAQ,2030,2010,2005,2055
207490,에이펙스인텍,KONEX,6800,0,0,0
415380,스튜디오삼익,KOSDAQ,2135,2110,2100,2190
225590,패션플랫폼,KOSDAQ,954,948,937,955
308100,형지글로벌,KOSDAQ,1013,1004,997,1013
139050,BF랩스,KOSDAQ,2805,0,0,0
043360,디지아이,KOSDAQ,2660,2640,2610,2745
206950,볼빅,KONEX,1699,1879,1699,1999
130740,티피씨글로벌,KOSDAQ,2120,2145,2100,2190
336040,타스컴,KONEX,4100,4090,4090,4100
001420,태원물산,KOSPI,3100,3080,3030,3110
113810,디젠스,KOSDAQ,721,725,716,728
025890,한국주강,KOSPI,2080,2060,2035,2115
238200,비피도,KOSDAQ,2870,2845,2845,2890
002680,한탑,KOSDAQ,725,723,719,729
032280,삼일,KOSDAQ,1444,1426,1425,1462
278990,EMB,KONEX,2900,2900,2850,2900
009310,참엔지니어링,KOSPI,1065,0,0,0
00499K,롯데지주우,KOSPI,28800,28650,28500,28900
365900,브이씨,KOSDAQ,3170,3170,3150,3270
001685,대상우,KOSPI,16900,16850,16740,16900
065150,대산F&B,KOSDAQ,145,0,0,0
084440,유비온,KOSDAQ,1167,1150,1147,1181
017250,인터엠,KOSDAQ,1090,1103,1090,1113
389680,유디엠텍,KOSDAQ,549,0,0,0
403810,아이엘로보틱스,KONEX,2290,2365,2025,2365
289010,아이스크림에듀,KOSDAQ,1629,1600,1585,1638
291810,핀텔,KOSDAQ,1997,2020,1980,2120
001515,SK증권우,KOSPI,5760,0,0,0
076340,지에이이노더스,KONEX,4605,0,0,0
045520,크린앤사이언스,KOSDAQ,3420,3375,3375,3490
053060,세동,KOSDAQ,1247,1227,1224,1251
192390,윈하이텍,KOSDAQ,1995,2005,1978,2005
341170,퓨쳐메디신,KONEX,2070,1992,1990,2080
275630,에스에스알,KOSDAQ,4125,4170,3935,4170
154040,다산솔루에타,KOSDAQ,1205,1160,1160,1210
137940,넥스트아이,KOSDAQ,253,245,235,255
247660,나노씨엠에스,KOSDAQ,4970,4955,4870,5090
080720,한국유니온제약,KOSDAQ,2725,0,0,0
048830,엔피케이,KOSDAQ,1151,1145,1145,1178
098660,에스티오,KOSDAQ,1713,1662,1662,1724
134060,이퓨쳐,KOSDAQ,4490,4345,4340,4650
230980,비유테크놀러지,KOSDAQ,229,0,0,0
322780,코퍼스코리아,KOSDAQ,476,481,461,492
050760,에스폴리텍,KOSDAQ,1306,1318,1275,1322
177350,베셀,KOSDAQ,1073,1053,1051,1086
215480,토박스코리아,KOSDAQ,2295,2260,2235,2300
054410,케이피티유,KOSDAQ,3660,3615,3615,3685
110020,전진바이오팜,KOSDAQ,2310,2305,2250,2345
083660,CSA 코스믹,KOSDAQ,331,256,255,331
199730,바이오인프라,KOSDAQ,4270,4225,4195,4270
014100,메디앙스,KOSDAQ,1754,1733,1694,1780
001770,SHD,KOSPI,16980,17050,16915,17230
084180,수성웹툰,KOSDAQ,1140,1130,1120,1164
018620,우진비앤지,KOSDAQ,712,694,693,783
019685,대교우B,KOSPI,1058,1057,1052,1062
121890,에스디시스템,KOSDAQ,1545,1552,1532,1571
071950,코아스,KOSPI,1643,1670,1596,1670
096870,엘디티,KOSDAQ,2445,2405,2395,2500
065420,에스아이리소스,KOSDAQ,285,260,245,330
088290,이원컴포텍,KOSDAQ,511,514,465,514
317860,노드메이슨,KONEX,4500,4700,4500,4700
060260,뉴보텍,KOSDAQ,1501,1539,1500,1600
060480,국일신동,KOSDAQ,1826,1821,1780,1853
005257,녹십자홀딩스2우,KOSPI,23750,23800,23500,23800
015020,이스타코,KOSPI,464,0,0,0
018700,바른손,KOSDAQ,561,0,0,0
419540,비스토스,KOSDAQ,855,802,802,939
344860,이노진,KOSDAQ,1625,1589,1571,1628
065690,파커스,KOSDAQ,1390,1435,1346,1435
043590,웰킵스하이텍,KOSDAQ,712,710,671,714
214610,롤링스톤,KOSDAQ,2290,0,0,0
191600,블루탑,KONEX,6670,7350,6020,7350
254160,제이엠멀티,KONEX,3650,3665,3645,3665
051780,큐로홀딩스,KOSDAQ,727,0,0,0
031860,디에이치엑스컴퍼니,KOSDAQ,693,0,0,0
222670,플럼라인생명과학,KONEX,4635,0,0,0
011080,형지I&C,KOSDAQ,435,0,0,0
067770,세진티에스,KOSDAQ,2210,2245,2200,2255
032980,바이온,KOSDAQ,604,0,0,0
217880,틸론,KONEX,1700,1799,1600,1799
331660,한국미라클피플사,KONEX,16450,0,0,0
035620,바른손이앤에이,KOSDAQ,243,0,0,0
18064K,한진칼우,KOSPI,33600,33550,33300,33750
361670,삼영에스앤씨,KOSDAQ,3180,3115,3110,3180
025870,신라에스지,KOSDAQ,4490,4570,4450,4580
035290,골드앤에스,KOSDAQ,743,734,734,752
008600,윌비스,KOSPI,2620,0,0,0
009440,KC그린홀딩스,KOSPI,756,0,0,0
069330,유아이디,KOSDAQ,1235,1208,1194,1243
086220,광동헬스바이오,KONEX,1369,1390,1261,1390
052960,태양3C,KONEX,3540,3540,3540,3540
028080,휴맥스홀딩스,KOSDAQ,1503,0,0,0
005725,넥센우,KOSPI,4730,4735,4730,4740
008290,원풍물산,KOSDAQ,418,0,0,0
020400,대동금속,KOSDAQ,5330,5530,5160,5530
276730,한울앤제주,KOSDAQ,767,0,0,0
476710,타조이엔터테인먼트,KONEX,16980,16980,16980,16980
368970,오에스피,KOSDAQ,1856,1940,1828,1940
241820,피씨엘,KOSDAQ,6040,0,0,0
008500,일정실업,KOSPI,2800,2890,2765,2890
477380,미래에셋비전스팩4호,KOSDAQ,2060,2045,2045,2060
482680,미래에셋비전스팩7호,KOSDAQ,2030,2030,2025,2030
108675,LX하우시스우,KOSPI,16140,16030,16020,16170
079950,인베니아,KOSDAQ,1204,1155,1132,1205
0131D0,키움히어로제2호스팩,KOSDAQ,2575,2700,2500,3470
012340,뉴인텍,KOSDAQ,287,0,0,0
001795,대한제당우,KOSPI,2495,2500,2455,2515
176590,코나솔,KONEX,2770,2620,2620,2800
900120,씨엑스아이,KOSDAQ,432,416,403,509
069920,엑시온그룹,KOSDAQ,346,0,0,0
250930,예선테크,KOSDAQ,487,521,478,522
002070,비비안,KOSPI,355,0,0,0
001755,한양증권우,KOSPI,30550,30700,30300,31000
009620,삼보산업,KOSDAQ,974,972,951,994
204210,스타에스엠리츠,KOSPI,2035,0,0,0
106520,노블엠앤비,KOSDAQ,411,0,0,0
000087,하이트진로2우B,KOSPI,14060,14020,14010,14070
0072Z0,KB제33호스팩,KOSDAQ,2005,2005,2000,2010
073190,듀오백,KOSDAQ,1320,1357,1281,1357
032800,판타지오,KOSDAQ,342,0,0,0
050090,비케이홀딩스,KOSDAQ,794,774,774,800
0101C0,하나36호스팩,KOSDAQ,2005,2000,2000,2015
0130H0,엔에이치스팩33호,KOSDAQ,2010,2005,2005,2020
477340,에이치엠씨제7호스팩,KOSDAQ,2035,2035,2030,2035
0044K0,삼성스팩10호,KOSDAQ,2030,2020,2020,2030
233250,메디안디노스틱,KONEX,8700,8600,8600,8700
030350,드래곤플라이,KOSDAQ,973,0,0,0
469880,하나30호스팩,KOSDAQ,2075,2075,2075,2085
208850,이비테크,KONEX,5340,0,0,0
006345,대원전선우,KOSPI,5730,6060,5300,6920
004105,태양금속우,KOSPI,4550,4485,4450,4635
368030,창대정밀,KONEX,8580,0,0,0
0115H0,삼성스팩13호,KOSDAQ,2025,2015,2015,2030
33637L,솔루스첨단소재2우B,KOSPI,3910,3920,3705,3920
227100,프로브잇,KOSDAQ,612,0,0,0
473050,유안타제15호스팩,KOSDAQ,2065,2055,2055,2065
225430,케이엠제약,KOSDAQ,517,0,0,0
149010,아이케이세미콘,KONEX,4595,4395,4395,4600
379390,이성씨엔아이,KONEX,5020,0,0,0
478440,미래에셋비전스팩6호,KOSDAQ,2045,2045,2042,2050
479880,한국제15호스팩,KOSDAQ,2050,2050,2045,2050
00806K,대덕1우,KOSPI,11590,11300,11140,11600
188260,세니젠,KOSDAQ,1940,1987,1931,2030
351020,미쥬,KONEX,6750,0,0,0
0099W0,미래에셋비전스팩11호,KOSDAQ,2000,2005,2000,2015
140910,에이리츠,KOSPI,3130,0,0,0
121850,코이즈,KOSDAQ,2730,2835,2700,2875
065060,지엔코,KOSDAQ,574,0,0,0
084695,대상홀딩스우,KOSPI,14950,14900,14820,15000
352770,셀레스트라,KOSDAQ,5250,0,0,0
489480,키움제11호스팩,KOSDAQ,2045,2035,2035,2045
244460,올리패스,KOSDAQ,1651,0,0,0
481890,엔에이치스팩31호,KOSDAQ,2110,2110,2090,2130
0096B0,삼성스팩12호,KOSDAQ,2020,2010,2005,2025
302920,더콘텐츠온,KONEX,2900,3000,2900,3000
38380K,LX홀딩스1우,KOSPI,8980,8600,8320,9240
489730,디비금융제13호스팩,KOSDAQ,2060,2070,2040,2070
477760,DB금융스팩12호,KOSDAQ,2230,0,0,0
0097F0,미래에셋비전스팩10호,KOSDAQ,2000,2000,2000,2010
058450,한주에이알티,KOSDAQ,647,0,0,0
026910,광진실업,KOSDAQ,2025,2515,2025,2580
0093G0,미래에셋비전스팩8호,KOSDAQ,2010,2005,2000,2010
0099X0,IBKS제25호스팩,KOSDAQ,2150,2145,2140,2150
478390,KB제29호스팩,KOSDAQ,2065,2065,2060,2065
0037T0,KB제32호스팩,KOSDAQ,2020,2015,2000,2020
00781K,코리아써키트2우B,KOSPI,16300,15500,15500,16300
0054V0,엔에이치스팩32호,KOSDAQ,2050,2045,2040,2060
0088D0,메리츠제1호스팩,KOSDAQ,2195,2200,2195,2205
054180,메디콕스,KOSDAQ,2295,0,0,0
471050,대신밸런스제17호스팩,KOSDAQ,2090,2105,2090,2105
079190,케스피온,KOSDAQ,330,0,0,0
492220,KB제31호스팩,KOSDAQ,2035,2040,2030,2060
0091W0,신영스팩11호,KOSDAQ,2080,2070,2065,2085
217320,썬테크,KONEX,12000,11000,10200,12000
004255,NPC우,KOSPI,2385,2400,2380,2400
482520,교보16호스팩,KOSDAQ,2050,2050,2045,2070
145995,삼양사우,KOSPI,33750,33000,33000,33750
065570,삼영이엔씨,KOSDAQ,764,0,0,0
456190,큐라켐,KONEX,7000,0,0,0
003075,코오롱글로벌우,KOSPI,16380,16390,15900,16390
0041L0,하나35호스팩,KOSDAQ,2010,2010,2005,2015
0132G0,교보20호스팩,KOSDAQ,2005,2005,1995,2005
482690,대신밸런스제19호스팩,KOSDAQ,2095,2150,2085,2150
253610,루트락,KONEX,1144,1144,1144,1144
169670,코스텍시스템,KONEX,4085,4400,3615,4400
0071M0,삼성스팩11호,KOSDAQ,2020,2010,2010,2020
469900,하나31호스팩,KOSDAQ,2070,2060,2060,2075
487360,신한제14호스팩,KOSDAQ,2040,2035,2035,2040
060240,스타코링크,KOSDAQ,1976,0,0,0
477470,미래에셋비전스팩5호,KOSDAQ,2095,2100,2080,2100
289170,바이오텐,KONEX,3185,3230,2750,3230
001067,JW중외제약2우B,KOSPI,54200,54500,53600,54500
0105P0,유진스팩12호,KOSDAQ,2010,2010,2000,2010
496070,신한제16호스팩,KOSDAQ,2020,2020,2015,2030
474660,신한제12호스팩,KOSDAQ,2050,2050,2050,2055
474490,유안타제16호스팩,KOSDAQ,2045,2050,2045,2050
0098T0,교보19호스팩,KOSDAQ,2050,2040,2030,2055
0096D0,미래에셋비전스팩9호,KOSDAQ,2010,2005,2000,2010
486630,KB제30호스팩,KOSDAQ,2055,2060,2040,2060
0004Y0,디비금융제14호스팩,KOSDAQ,2035,2035,2035,2045
489210,교보17호스팩,KOSDAQ,2065,2070,2045,2075
493790,유안타제17호스팩,KOSDAQ,2012,2010,2010,2015
0130D0,신한제17호스팩,KOSDAQ,2000,2000,1991,2000
03481K,해성산업1우,KOSDAQ,7620,7600,7510,7690
043100,알파AI,KOSDAQ,520,0,0,0
012205,계양전기우,KOSPI,8930,9700,8860,10900
466690,키움히어로제1호스팩,KOSDAQ,2025,2030,2025,2050
0041B0,교보18호스팩,KOSDAQ,2045,2055,2045,2055
224760,엔에스컴퍼니,KONEX,2615,2615,2615,2615
478110,이베스트스팩6호,KOSDAQ,2035,2035,2025,2035
000225,유유제약1우,KOSPI,4465,4450,4310,4470
199150,데이터스트림즈,KONEX,2360,2450,2130,2500
472220,신영스팩10호,KOSDAQ,2145,2140,2125,2145
498390,한화플러스제5호스팩,KOSDAQ,2025,2030,2025,2035
238500,로보쓰리에이아이,KONEX,190,0,0,0
114920,대주이엔티,KONEX,2785,2760,2760,2985
488060,유진스팩11호,KOSDAQ,2040,2040,2040,2045
106080,케이이엠텍,KOSDAQ,1650,0,0,0
244880,나눔테크,KONEX,1888,1892,1878,1892
145210,다이나믹디자인,KOSPI,224,0,0,0
004835,덕성우,KOSPI,6740,6970,6690,6970
467930,IBKS제23호스팩,KOSDAQ,2180,2135,2135,2190
484130,하나34호스팩,KOSDAQ,2035,2040,2030,2050
462020,에이치엠씨제6호스팩,KOSDAQ,2100,2100,2100,2102
001065,JW중외제약우,KOSPI,26600,26550,26150,26600
469480,IBKS제24호스팩,KOSDAQ,2145,2160,2145,2160
464440,한국제13호스팩,KOSDAQ,2085,2085,2085,2090
004985,성신양회우,KOSPI,12230,11900,11900,12690
473950,에스케이증권제13호스팩,KOSDAQ,2035,2035,2030,2035
487830,신한제15호스팩,KOSDAQ,2055,2050,2040,2055
465320,교보15호스팩,KOSDAQ,2335,0,0,0
468760,유진스팩10호,KOSDAQ,2090,2075,2065,2095
224810,엄지하우스,KONEX,2085,2290,1795,2290
189350,코셋,KONEX,1810,1728,1605,1815
487720,키움제10호스팩,KOSDAQ,2045,2045,2035,2045
0068Y0,비엔케이제3호스팩,KOSDAQ,2005,2005,2005,2020
472230,에스케이증권제11호스팩,KOSDAQ,2070,2070,2055,2070
447690,아이오바이오,KONEX,3200,3535,3200,3535
185190,수프로,KONEX,899,899,899,899
0041J0,엘에스스팩1호,KOSDAQ,2010,2010,2005,2015
009415,태영건설우,KOSPI,12530,13000,12330,13750
152550,한국ANKOR유전,KOSPI,116,121,116,139
178600,대동고려삼,KONEX,1802,2290,1802,2290
223220,로지스몬,KONEX,1385,1525,1136,1525
000325,노루홀딩스우,KOSPI,32050,32100,32050,32100
103660,씨앗,KONEX,1290,1300,1290,1300
475250,하나33호스팩,KOSDAQ,2080,2085,2075,2085
474930,신한제13호스팩,KOSDAQ,2125,2120,2110,2130
079970,투비소프트,KOSDAQ,596,0,0,0
212310,오건에코텍,KONEX,635,0,0,0
318660,타임기술,KONEX,3390,3460,3200,3460
26490K,크라운제과우,KOSPI,9280,9390,9220,9450
199290,바이오프로테크,KONEX,434,0,0,0
276040,스코넥,KOSDAQ,327,0,0,0
251280,안지오랩,KONEX,2000,2140,2000,2140
473000,에스케이증권제12호스팩,KOSDAQ,2045,2055,2045,2060
215570,크로넥스,KONEX,1077,952,950,1097
101390,아이엠,KOSDAQ,396,0,0,0
475240,하나32호스팩,KOSDAQ,2090,2115,2085,2115
236030,씨알푸드,KONEX,3200,3100,3100,3200
234070,에이원큐브텍,KONEX,927,861,861,927
090355,노루페인트우,KOSPI,13720,13750,13550,13750
236340,메디젠휴먼케어,KONEX,2100,2300,2005,2520
202960,판도라티비,KONEX,525,590,525,590
066830,제노텍,KONEX,1100,1300,1100,1300
311960,인터로이드,KONEX,2000,1999,1800,2000
092590,럭스피아,KONEX,819,750,750,819
267080,세븐브로이맥주,KONEX,486,0,0,0
000145,하이트진로홀딩스우,KOSPI,12170,11910,11910,12190
276240,엘리비젼,KONEX,460,498,460,498
044180,KD,KOSDAQ,205,0,0,0
000545,흥국화재우,KOSPI,6950,6880,6880,6980
313760,캐리,KOSDAQ,468,0,0,0
116100,태양기계,KONEX,680,720,615,720
266350,팡스카이,KONEX,398,0,0,0
258050,테크트랜스,KONEX,449,0,0,0
327610,펨토바이오메드,KONEX,585,0,0,0
36328K,티와이홀딩스우,KOSPI,4010,4250,3960,4250
007575,일양약품우,KOSPI,11190,11050,11000,11190
346010,타이드,KONEX,1000,0,0,0
121060,유니포인트,KONEX,789,800,789,800
043090,더테크놀로지,KOSDAQ,380,0,0,0
005965,동부건설우,KOSPI,20750,20550,20400,20750
052770,아이톡시,KOSDAQ,312,0,0,0
002995,금호건설우,KOSPI,15400,15530,15240,15530
005745,크라운해태홀딩스우,KOSPI,7490,7430,7420,7490
136660,큐엠씨,KONEX,1900,1900,1900,1900
299480,지앤이헬스케어,KONEX,399,399,399,399
217910,에스제이켐,KONEX,316,320,286,320
008355,남선알미우,KOSPI,14220,14100,14090,14250
014825,동원시스템즈우,KOSPI,16380,16450,16350,16500
014285,금강공업우,KOSPI,7120,7000,7000,7130
208890,미래엔에듀파트너,KONEX,999,0,0,0
004545,깨끗한나라우,KOSPI,10580,10690,10430,10690
390110,애니메디솔루션,KONEX,395,453,336,454
000227,유유제약2우B,KOSPI,10850,10860,10850,10860
140660,위월드,KONEX,1265,1100,1100,1265
266470,바이오인프라생명과학,KONEX,106,109,93,109
093510,엔지브이아이,KONEX,488,388,388,520
002785,진흥기업우B,KOSPI,3405,3405,3380,3405
001525,동양우,KOSPI,4445,4400,4380,4445
245450,씨앤에스링크,KONEX,1699,1700,1360,1700
014915,성문전자우,KOSPI,4470,4375,4375,4505
011155,CJ씨푸드1우,KOSPI,13390,13030,13030,13390
004415,서울식품우,KOSPI,1193,1216,1191,1216
448780,마이크로엔엑스,KONEX,897,988,810,988
002787,진흥기업2우B,KOSPI,8080,7860,7860,8080
332190,오션스바이오,KONEX,1610,1670,1610,1670
296520,가이아코퍼레이션,KONEX,500,0,0,0
402420,켈스,KONEX,971,971,971,971
001527,동양2우B,KOSPI,7330,7200,7100,7390
032685,소프트센우,KOSDAQ,6290,6000,6000,6380
021045,대호특수강우,KOSDAQ,2635,2630,2575,2635
413300,티엘엔지니어링,KONEX,1650,1940,1443,1940
266170,레드우즈,KONEX,1050,0,0,0
149300,아퓨어스,KONEX,28,0,0,0
279060,이노벡스,KONEX,115,0,0,0
