종목코드,종목명,시장,종가,시가,저가,고가
005930,삼성전자,KOSPI,239500,248000,238000,249500
000660,SK하이닉스,KOSPI,1567000,1642000,1562000,1645000
005935,삼성전자우,KOSPI,178000,183000,177400,184900
402340,SK스퀘어,KOSPI,1025000,1070000,992000,1070000
009150,삼성전기,KOSPI,1181000,1221000,1155000,1260000
005380,현대차,KOSPI,393000,383000,376000,401500
373220,LG에너지솔루션,KOSPI,316000,323500,310500,323500
207940,삼성바이오로직스,KOSPI,1423000,1473000,1411000,1473000
105560,KB금융,KOSPI,169500,168000,164600,170600
032830,삼성생명,KOSPI,287500,298000,279000,303000
028260,삼성물산,KOSPI,329000,347000,322000,347000
000270,기아,KOSPI,129600,127000,127000,130400
329180,HD현대중공업,KOSPI,470500,471500,463000,481000
055550,신한지주,KOSPI,102700,99700,99000,103200
012450,한화에어로스페이스,KOSPI,919000,925000,906000,936000
012330,현대모비스,KOSPI,493500,472000,467500,502000
034020,두산에너빌리티,KOSPI,67700,67400,65000,68300
068270,셀트리온,KOSPI,182200,184100,180300,185000
034730,SK,KOSPI,523000,540000,514000,546000
086790,하나금융지주,KOSPI,126900,124900,123700,128000
035420,NAVER,KOSPI,207500,206500,201500,208500
006400,삼성SDI,KOSPI,389500,392500,377500,397000
010120,LS ELECTRIC,KOSPI,188400,180000,175200,192000
000810,삼성화재,KOSPI,616000,611000,608000,632000
009540,HD한국조선해양,KOSPI,368500,382000,365000,382000
066570,LG전자,KOSPI,158800,158200,154100,161000
042660,한화오션,KOSPI,83000,83000,81500,84900
316140,우리금융지주,KOSPI,33350,32700,32500,33950
267260,HD현대일렉트릭,KOSPI,673000,678000,658000,702000
005490,POSCO홀딩스,KOSPI,303500,310000,298000,311500
298040,효성중공업,KOSPI,2495000,2585000,2446000,2620000
015760,한국전력,KOSPI,34500,34550,33650,34950
010130,고려아연,KOSPI,1020000,972000,963000,1048000
138040,메리츠금융지주,KOSPI,120300,119900,119000,124600
000150,두산,KOSPI,1238000,1189000,1156000,1270000
011200,HMM,KOSPI,20750,20650,20150,21000
042700,한미반도체,KOSPI,202500,209500,195700,209500
006800,미래에셋증권,KOSPI,33250,33650,32550,33700
010140,삼성중공업,KOSPI,20900,21000,20200,21300
096770,SK이노베이션,KOSPI,108000,109100,104200,109100
033780,KT&G,KOSPI,175600,175600,173600,181400
017670,SK텔레콤,KOSPI,82000,81100,79600,86300
051910,LG화학,KOSPI,247000,253000,238000,255500
196170,알테오젠,KOSDAQ GLOBAL,317500,303000,301500,323000
035720,카카오,KOSPI,37200,36650,35900,37500
024110,기업은행,KOSPI,20250,20300,20000,20700
018260,삼성에스디에스,KOSPI,203000,203000,198000,204000
267250,HD현대,KOSPI,198600,202500,194100,204000
079550,LIG디펜스앤에어로스페이스,KOSPI,699000,672000,657000,699000
003550,LG,KOSPI,99700,99900,97900,101800
086280,현대글로비스,KOSPI,199900,196600,196300,205000
064350,현대로템,KOSPI,129700,130700,126500,132100
010950,S-Oil,KOSPI,121700,126100,119600,126500
030200,KT,KOSPI,52200,51400,51300,52500
278470,에이피알,KOSPI,338000,334000,325500,344000
003670,포스코퓨처엠,KOSPI,136800,134300,129600,140600
011070,LG이노텍,KOSPI,513000,498000,479500,543000
047810,한국항공우주,KOSPI,123700,125700,120800,125700
272210,한화시스템,KOSPI,63100,60800,58600,63500
071050,한국금융지주,KOSPI,196900,201000,192800,203000
259960,크래프톤,KOSPI,235000,240000,233500,242000
000720,현대건설,KOSPI,95600,94500,89000,97300
086520,에코프로,KOSDAQ GLOBAL,77400,77100,72200,79700
307950,현대오토에버,KOSPI,382500,364500,354000,399000
323410,카카오뱅크,KOSPI,21850,21750,21350,21900
005830,DB손해보험,KOSPI,156600,154900,154200,160900
005940,NH투자증권,KOSPI,27600,27900,27000,28150
003490,대한항공,KOSPI,26200,25850,25800,27000
247540,에코프로비엠,KOSDAQ GLOBAL,96800,98700,90400,100700
0126Z0,삼성에피스홀딩스,KOSPI,369500,365500,361000,380500
047050,포스코인터내셔널,KOSPI,51300,52000,50200,52200
277810,레인보우로보틱스,KOSDAQ,458500,442000,429000,485000
028050,삼성E&A,KOSPI,44400,42850,42150,45800
003230,삼양식품,KOSPI,1151000,1169000,1125000,1169000
016360,삼성증권,KOSPI,97000,98100,95700,98600
006260,LS,KOSPI,273000,262000,260000,278000
161390,한국타이어앤테크놀로지,KOSPI,66800,66800,66000,68000
443060,HD현대마린솔루션,KOSPI,182900,181000,178200,185000
180640,한진칼,KOSPI,119000,111700,110400,120900
078930,GS,KOSPI,84600,85700,83900,88600
090430,아모레퍼시픽,KOSPI,129800,129400,127700,133500
352820,하이브,KOSPI,174300,169400,164600,180800
039490,키움증권,KOSPI,274000,284500,261000,286000
005387,현대차2우B,KOSPI,198100,199700,195000,200500
021240,코웨이,KOSPI,92200,89000,88900,93600
032640,LG유플러스,KOSPI,14840,14690,14650,14860
326030,SK바이오팜,KOSPI,78400,78500,76200,79700
267270,HD건설기계,KOSPI,126500,125200,123000,128300
064400,LG씨엔에스,KOSPI,62500,61400,60000,64300
036930,주성엔지니어링,KOSDAQ GLOBAL,127800,124600,120100,134400
000880,한화,KOSPI,83800,0,0,0
000100,유한양행,KOSPI,73600,72100,71300,75000
377300,카카오페이,KOSPI,42950,41850,41850,43550
241560,두산밥캣,KOSPI,60400,59300,58700,61000
007660,이수페타시스,KOSPI,74500,72400,71000,77500
047040,대우건설,KOSPI,13300,12720,12250,14540
029780,삼성카드,KOSPI,46950,46650,46100,47200
271560,오리온,KOSPI,133500,131800,131400,135900
175330,JB금융지주,KOSPI,27100,25800,25700,27200
036570,NC,KOSPI,232000,230000,228000,238000
353200,대덕전자,KOSPI,96700,98200,95600,105000
088980,맥쿼리인프라,KOSPI,9970,10100,9950,10160
001440,대한전선,KOSPI,23950,22600,22200,24200
138930,BNK금융지주,KOSPI,15090,14940,14630,15100
058470,리노공업,KOSDAQ GLOBAL,61400,61700,60700,63400
240810,원익IPS,KOSDAQ GLOBAL,93700,93900,88500,97500
005385,현대차우,KOSPI,197000,198000,193800,199200
034220,LG디스플레이,KOSPI,9160,8960,8720,9360
062040,산일전기,KOSPI,145600,143500,139400,148400
128940,한미약품,KOSPI,345500,329000,323500,355000
009830,한화솔루션,KOSPI,24800,24700,23450,25350
051900,LG생활건강,KOSPI,283500,287000,279000,299000
454910,두산로보틱스,KOSPI,64400,61600,60000,67100
028300,HLB,KOSDAQ,30900,29700,29500,32100
000500,가온전선,KOSPI,135600,131700,126900,142000
298380,에이비엘바이오,KOSDAQ GLOBAL,71000,65400,64600,73800
111770,영원무역,KOSPI,87900,88000,86600,90000
087010,펩트론,KOSDAQ,166100,131100,129700,166100
214450,파마리서치,KOSDAQ GLOBAL,372000,345000,335000,383500
004170,신세계,KOSPI,405500,411500,398000,417500
001040,CJ,KOSPI,131100,127200,125200,132400
000250,삼천당제약,KOSDAQ,158300,146000,142300,161500
088350,한화생명,KOSPI,4235,4335,4210,4510
010060,OCI홀딩스,KOSPI,196900,184100,180100,206000
319660,피에스케이,KOSDAQ,125500,126400,122900,134800
011790,SKC,KOSPI,72800,70400,69200,74200
039030,이오테크닉스,KOSDAQ,292000,283000,280000,303500
141080,리가켐바이오,KOSDAQ GLOBAL,95400,85500,84900,99300
000990,DB하이텍,KOSPI,80900,80300,78100,83400
052690,한전기술,KOSPI,90700,87300,85700,92400
018880,한온시스템,KOSPI,3250,3255,3150,3345
004020,현대제철,KOSPI,24800,25750,24350,26350
023530,롯데쇼핑,KOSPI,116300,114000,111100,117300
222800,심텍,KOSDAQ GLOBAL,87500,81500,81200,90000
002380,KCC,KOSPI,370500,377000,364500,379500
001450,현대해상,KOSPI,37300,37850,36800,39400
440110,파두,KOSDAQ,63300,63400,59900,65000
082740,한화엔진,KOSPI,38000,38150,35800,38650
036460,한국가스공사,KOSPI,34300,34000,33300,34450
214370,케어젠,KOSDAQ,58900,53800,53300,61500
108490,로보티즈,KOSDAQ,215500,187800,180800,229250
251270,넷마블,KOSPI,38300,38100,37500,39200
035250,강원랜드,KOSPI,14540,14650,14430,14840
145020,휴젤,KOSDAQ,239000,230500,228500,244000
066970,엘앤에프,KOSPI,72700,71800,69800,74800
031210,서울보증보험,KOSPI,42250,43050,41650,43400
022100,포스코DX,KOSPI,19230,18830,18550,19990
097950,CJ제일제당,KOSPI,191300,189400,187100,192900
011780,금호석유화학,KOSPI,113000,112400,110200,114900
403870,HPSP,KOSDAQ GLOBAL,33950,33300,32600,35050
483650,달바글로벌,KOSPI,223500,223500,212500,227500
214150,클래시스,KOSDAQ GLOBAL,42550,39150,39150,43700
012750,에스원,KOSPI,71900,70300,70200,74000
139130,iM금융지주,KOSPI,16960,16650,16440,16960
302440,SK바이오사이언스,KOSPI,34200,33450,33200,34950
017800,현대엘리베이터,KOSPI,67700,66900,66300,68400
028670,팬오션,KOSPI,4935,5370,4880,5470
095340,ISC,KOSDAQ,124000,124900,122200,129300
084370,유진테크,KOSDAQ,113900,111300,107900,120300
347850,디앤디파마텍,KOSDAQ,56700,49550,48950,58900
319400,현대무벡스,KOSDAQ,23150,21700,20700,24200
026960,동서,KOSPI,25400,25150,25000,25850
103590,일진전기,KOSPI,53100,51700,50100,53800
005850,에스엘,KOSPI,54100,51600,51600,55400
069960,현대백화점,KOSPI,116000,114100,112800,121300
008930,한미사이언스,KOSPI,36050,34750,34750,36700
095610,테스,KOSDAQ GLOBAL,127200,129900,125000,137400
009970,영원무역홀딩스,KOSPI,190100,185000,184700,194000
058610,에스피지,KOSDAQ,108700,100600,97900,115000
009420,한올바이오파마,KOSPI,45950,43400,42700,46900
003690,코리안리,KOSPI,13560,13910,13410,14020
004800,효성,KOSPI,143100,149000,142000,151500
007340,DN오토모티브,KOSPI,40900,38850,38850,41900
000240,한국앤컴퍼니,KOSPI,24950,24750,24500,25250
375500,DL이앤씨,KOSPI,61200,58100,57300,62800
383220,F&F,KOSPI,61800,73900,61400,74000
011170,롯데케미칼,KOSPI,55200,55100,53700,55900
081660,미스토홀딩스,KOSPI,44000,43600,43100,44650
001720,신영증권,KOSPI,140500,140000,136000,144000
450080,에코프로머티,KOSPI,32600,31600,30200,33750
161890,한국콜마,KOSPI,96800,96600,93400,98100
004370,농심,KOSPI,375000,377000,372500,387500
257720,실리콘투,KOSDAQ,34500,34000,33500,36250
279570,케이뱅크,KOSPI,5550,5520,5500,5660
080220,제주반도체,KOSDAQ,65100,63500,62300,68300
004990,롯데지주,KOSPI,22400,22150,22050,22750
014680,한솔케미칼,KOSPI,206500,203000,200500,212000
226950,올릭스,KOSDAQ GLOBAL,105400,93900,91300,111300
204320,HL만도,KOSPI,46900,44200,44100,49000
489790,한화비전,KOSPI,43500,41150,39650,44450
030000,제일기획,KOSPI,18950,19020,18730,19080
005440,현대지에프홀딩스,KOSPI,11780,11790,11580,12100
139480,이마트,KOSPI,78200,78800,77400,79200
310210,보로노이,KOSDAQ,115700,106100,105000,119500
263750,펄어비스,KOSDAQ,33850,32900,32700,34750
178320,서진시스템,KOSDAQ,33150,32000,31350,35250
282330,BGF리테일,KOSPI,122000,123300,120900,126800
192820,코스맥스,KOSPI,185500,183800,183100,191500
131290,티에스이,KOSDAQ,189700,189000,182100,200000
031980,피에스케이홀딩스,KOSDAQ,97100,95800,93000,104000
006360,GS건설,KOSPI,24250,23400,23150,25700
007070,GS리테일,KOSPI,24400,24550,24100,25500
085620,미래에셋생명,KOSPI,15030,15510,14910,15630
051600,한전KPS,KOSPI,44600,44250,43700,45100
067310,하나마이크론,KOSDAQ,30150,28600,28200,31650
140410,메지온,KOSDAQ,65300,60600,57900,67100
005290,동진쎄미켐,KOSDAQ,38800,38150,37300,40400
357780,솔브레인,KOSDAQ GLOBAL,254000,246500,242500,262000
237690,에스티팜,KOSDAQ GLOBAL,94400,86500,85600,96700
002790,아모레퍼시픽홀딩스,KOSPI,25300,25100,24950,25950
073240,금호타이어,KOSPI,6660,7100,6580,7490
064760,티씨케이,KOSDAQ GLOBAL,170300,158700,158100,178000
103140,풍산,KOSPI,67900,70000,67000,70700
098460,고영,KOSDAQ,27600,26900,26350,28900
018670,SK가스,KOSPI,198000,214500,196100,214500
462870,시프트업,KOSPI,31050,31400,30700,32000
000155,두산우,KOSPI,451500,440000,435000,468000
439260,대한조선,KOSPI,47300,49700,47200,49750
068760,셀트리온제약,KOSDAQ,40300,39200,39000,41350
089030,테크윙,KOSDAQ,46300,41000,40700,46950
336260,두산퓨얼셀,KOSPI,25950,24350,23500,27900
071970,HD현대마린엔진,KOSPI,50000,48800,47050,51600
000120,CJ대한통운,KOSPI,73900,73600,73100,75300
395400,SK리츠,KOSPI,5600,5600,5450,5600
089970,브이엠,KOSDAQ,64000,64800,62800,68700
032820,우리기술,KOSDAQ,9640,8900,8620,9970
140860,파크시스템스,KOSDAQ GLOBAL,235500,238500,229000,244000
041510,에스엠,KOSDAQ GLOBAL,71600,67200,66500,73700
457190,이수스페셜티케미컬,KOSPI,53600,51600,50600,55200
008770,호텔신라,KOSPI,41250,43450,40150,43450
011210,현대위아,KOSPI,59500,56500,56400,60500
112610,씨에스윈드,KOSPI,38350,36600,35950,39100
023590,다우기술,KOSPI,37200,36650,35700,37900
475150,SK이터닉스,KOSPI,46550,45450,42100,48300
035900,JYP Ent.,KOSDAQ GLOBAL,44400,43150,42100,45950
006040,동원산업,KOSPI,35150,35150,34650,36050
001800,오리온홀딩스,KOSPI,25500,25700,25350,26600
030530,원익홀딩스,KOSDAQ,19860,15280,14850,19860
00680K,미래에셋증권2우B,KOSPI,10910,10790,10460,11040
420770,기가비스,KOSDAQ,116300,102300,99300,131600
120110,코오롱인더,KOSPI,48650,44400,44400,49650
020560,아시아나항공,KOSPI,7050,6920,6910,7200
020150,롯데에너지머티리얼즈,KOSPI,27600,27050,26350,29000
010170,대한광통신,KOSDAQ,9250,8510,8030,9850
001740,SK네트웍스,KOSPI,7060,7260,6950,7270
089860,롯데렌탈,KOSPI,38950,39200,38300,39550
060370,LS마린솔루션,KOSDAQ,26950,25850,25150,28050
097230,HJ중공업,KOSPI,15540,15650,15210,16060
096530,씨젠,KOSDAQ GLOBAL,26700,26200,25850,27500
281820,케이씨텍,KOSPI,68900,69800,68500,73300
007390,네이처셀,KOSDAQ,21150,21450,20550,22900
298020,효성티앤씨,KOSPI,314000,318000,295000,325000
0009K0,에임드바이오,KOSDAQ,21000,19520,19410,22100
322000,HD현대에너지솔루션,KOSPI,119600,112000,106100,122800
006280,녹십자,KOSPI,113300,114000,105900,114500
294870,IPARK현대산업개발,KOSPI,20050,19850,19720,20750
069620,대웅제약,KOSPI,114000,113100,110000,115300
083650,비에이치아이,KOSDAQ,42650,39950,39400,43750
290650,엘앤씨바이오,KOSDAQ,48550,46800,42150,50100
415640,KB발해인프라,KOSPI,10650,10300,10300,10650
001120,LX인터내셔널,KOSPI,33550,38000,33300,38000
437730,삼현,KOSDAQ,40550,39300,38050,42950
007310,오뚜기,KOSPI,320500,320500,319000,328000
082920,비츠로셀,KOSDAQ GLOBAL,28450,26800,26400,30000
082640,동양생명,KOSPI,8200,8300,8110,8420
192080,더블유게임즈,KOSPI,60400,58700,58700,61200
001430,세아베스틸지주,KOSPI,35100,32650,32000,35500
131970,두산테스나,KOSDAQ GLOBAL,64900,65500,63400,67900
229640,LS에코에너지,KOSPI,40700,40750,39600,42050
003540,대신증권,KOSPI,25850,25400,25000,26200
009155,삼성전기우,KOSPI,420500,425000,401000,453000
181710,NHN,KOSPI,37150,36850,36650,38300
950160,코오롱티슈진,KOSDAQ,14290,13360,12730,15800
039200,오스코텍,KOSDAQ,30850,29200,28850,32050
012630,HDC,KOSPI,19720,20000,19610,20600
000815,삼성화재우,KOSPI,386500,383000,381500,393500
218410,RFHIC,KOSDAQ,43400,41300,40400,45150
323280,태성,KOSDAQ,37750,36050,34050,39500
078600,대주전자재료,KOSDAQ,72700,69300,68500,76000
043260,성호전자,KOSDAQ,15870,14260,14200,16440
003380,하림지주,KOSDAQ GLOBAL,10110,9400,9370,10510
004000,롯데정밀화학,KOSPI,43700,44400,43150,45150
183300,코미코,KOSDAQ,54400,0,0,0
007810,코리아써키트,KOSPI,45950,45300,44400,47700
017960,한국카본,KOSPI,21300,20750,20350,21750
361610,SK아이이테크놀로지,KOSPI,13380,12980,12680,13620
030610,교보증권,KOSPI,9490,9590,9350,9770
005070,코스모신소재,KOSPI,32350,31600,30650,33100
166090,하나머티리얼즈,KOSDAQ,54100,51400,51000,56400
000080,하이트진로,KOSPI,15220,15200,15150,15590
475830,오름테라퓨틱,KOSDAQ,48450,42650,42400,50200
491000,리브스메드,KOSDAQ,41400,37450,36750,42450
330590,롯데리츠,KOSPI,3615,3615,3520,3655
496320,본시스템즈,KONEX,1023000,0,0,0
195940,HK이노엔,KOSDAQ GLOBAL,36300,35600,35100,37700
006340,대원전선,KOSPI,13110,13000,12490,13610
093370,후성,KOSPI,9520,8770,8710,10190
003570,SNT다이내믹스,KOSPI,30600,30350,28850,31150
300720,한일시멘트,KOSPI,13810,13850,13740,14150
066575,LG전자우,KOSPI,58000,58500,57000,58900
127120,제이에스링크,KOSDAQ,28000,28950,27750,29850
003240,태광산업,KOSPI,868000,841000,841000,887000
000210,DL,KOSPI,45950,43050,42250,48650
009450,경동나비엔,KOSPI,65400,63100,62300,66400
005300,롯데칠성,KOSPI,102100,101000,100500,103000
003090,대웅,KOSPI,16200,16040,15680,16540
192400,쿠쿠홀딩스,KOSPI,26300,26350,26100,26950
032350,롯데관광개발,KOSPI,11650,11560,10970,11920
280360,롯데웰푸드,KOSPI,100900,101800,100500,104600
077970,STX엔진,KOSPI,23050,22800,21950,23750
458870,씨어스,KOSDAQ,24300,23500,22700,25200
185750,종근당,KOSPI,66300,65500,64600,67400
451800,한화리츠,KOSPI,5040,5090,4960,5090
051915,LG화학우,KOSPI,116900,118000,113400,118000
003530,한화투자증권,KOSPI,4175,4050,3975,4235
009240,한샘,KOSPI,37800,38400,37550,39400
034230,파라다이스,KOSPI,9520,9630,9370,9740
006120,SK디스커버리,KOSPI,50600,51300,49200,51800
031330,에스에이엠티,KOSDAQ,8810,8680,8600,9130
101490,에스앤에스텍,KOSDAQ GLOBAL,40850,40100,39150,42100
071055,한국금융지주우,KOSPI,146900,147900,143100,150000
065350,신성델타테크,KOSDAQ,31100,30300,29150,31500
293490,카카오게임즈,KOSDAQ GLOBAL,7970,7740,7680,8280
241710,코스메카코리아,KOSDAQ GLOBAL,79400,78300,76500,81400
204270,제이앤티씨,KOSDAQ,14620,12610,12610,14890
003470,유안타증권,KOSPI,4330,4345,4290,4480
030190,NICE평가정보,KOSPI,14160,14220,13920,14470
195870,해성디에스,KOSPI,49000,47550,47150,50300
085660,차바이오텍,KOSDAQ,8930,8370,8300,9320
079160,CJ CGV,KOSPI,4980,5410,4980,5540
347700,스피어,KOSDAQ,15990,15200,14500,16530
083450,GST,KOSDAQ,43950,42300,42250,44950
365550,ESR켄달스퀘어리츠,KOSPI,3235,3280,3230,3320
086450,동국제약,KOSDAQ GLOBAL,17570,17550,17120,18070
090710,휴림로봇,KOSDAQ,6640,6270,6070,7050
036540,SFA반도체,KOSDAQ,4825,4815,4630,5050
100090,SK오션플랜트,KOSPI,12650,12500,11950,12790
388720,유일로보틱스,KOSDAQ,66700,62600,61800,70400
137310,에스디바이오센서,KOSPI,6450,6350,6300,6600
001820,삼화콘덴서,KOSPI,74500,71600,69700,78100
036530,SNT홀딩스,KOSPI,47150,48800,47150,49550
214320,이노션,KOSPI,18890,19000,18780,19130
038500,삼표시멘트,KOSDAQ GLOBAL,6970,6840,6760,7250
499790,GS피앤엘,KOSPI,37850,35200,34450,38450
476830,알지노믹스,KOSDAQ,26550,23400,23400,27500
328130,루닛,KOSDAQ,9970,8830,8810,10390
213420,덕산네오룩스,KOSDAQ,29650,29500,28500,30650
071320,지역난방공사,KOSPI,63500,65800,63200,67500
099320,쎄트렉아이,KOSDAQ,66900,62700,61100,69700
281740,레이크머티리얼즈,KOSDAQ,11140,10510,10340,11560
122870,와이지엔터테인먼트,KOSDAQ GLOBAL,38500,37800,37300,39950
417200,LS머트리얼즈,KOSDAQ,10630,10080,9910,10960
298050,HS효성첨단소재,KOSPI,160200,159600,153100,162500
232140,와이씨,KOSDAQ,8740,8550,8070,9040
056190,SFA,KOSDAQ GLOBAL,19940,19600,19330,20550
032190,다우데이타,KOSDAQ,18640,18590,18100,19250
252990,샘씨엔에스,KOSDAQ,11750,10980,10600,12530
064960,SNT모티브,KOSPI,26650,26650,26300,27300
100790,미래에셋벤처투자,KOSDAQ,13260,12010,11750,14000
004490,세방전지,KOSPI,50800,50900,50100,52000
388210,씨엠티엑스,KOSDAQ,72400,71000,70000,75000
003850,보령,KOSPI,8130,8190,8000,8350
119850,지엔씨에너지,KOSDAQ,42000,36050,35950,44850
285130,SK케미칼,KOSPI,39700,39200,38400,40400
137400,피엔티,KOSDAQ GLOBAL,28950,27850,27500,30150
035760,CJ ENM,KOSDAQ GLOBAL,31050,30600,30300,32200
014620,성광벤드,KOSDAQ GLOBAL,25600,26250,25250,27400
189300,인텔리안테크,KOSDAQ,63200,56600,56400,65800
041830,인바디,KOSDAQ,50000,46950,46050,50400
074600,원익QnC,KOSDAQ,25550,24300,24250,26900
033100,제룡전기,KOSDAQ GLOBAL,41550,40950,39900,42600
093320,케이아이엔엑스,KOSDAQ,136400,128500,128000,138000
445680,큐리옥스바이오시스템즈,KOSDAQ,38600,36100,36050,40800
000370,한화손해보험,KOSPI,5610,5600,5560,5880
248070,솔루엠,KOSPI,13610,13160,13160,13860
466100,클로봇,KOSDAQ,25550,24300,23350,27050
115180,큐리언트,KOSDAQ,17210,16630,16260,18280
006730,서부T&D,KOSDAQ GLOBAL,10020,9600,9450,10390
093050,LF,KOSPI,22000,22400,21850,22500
253450,스튜디오드래곤,KOSDAQ GLOBAL,21400,21250,20650,22250
002960,한국쉘석유,KOSPI,493500,499500,493500,510000
036830,솔브레인홀딩스,KOSDAQ GLOBAL,31100,30200,29300,32150
293940,신한알파리츠,KOSPI,5270,5200,5190,5300
005090,SGC에너지,KOSPI,44200,39350,38000,48000
090360,로보스타,KOSDAQ,65300,62500,60300,69900
032500,케이엠더블유,KOSDAQ,15050,13540,13540,15610
001570,금양,KOSPI,9900,0,0,0
079940,가비아,KOSDAQ,47000,46500,46500,47250
000670,영풍,KOSPI,34200,32450,32400,35000
456040,OCI,KOSPI,70300,66800,66600,71400
005180,빙그레,KOSPI,67800,68800,67600,69700
006380,카프로,KOSPI,3660,0,0,0
005690,파미셀,KOSPI,10300,10080,9980,10900
171090,선익시스템,KOSDAQ,61000,57300,57200,63100
317450,명인제약,KOSPI,42200,42450,42200,43500
025540,한국단자,KOSPI,60500,61400,59900,62000
001680,대상,KOSPI,17480,17550,17400,17900
053800,안랩,KOSDAQ,54300,52700,52700,56000
019210,와이지-원,KOSDAQ,16180,16570,16100,17480
069260,TKG휴켐스,KOSPI,14710,14790,14650,15050
014820,동원시스템즈,KOSPI,20700,20150,19840,20800
048410,현대바이오,KOSDAQ,6200,5760,5760,6570
003160,디아이,KOSPI,21100,19930,19600,22450
002350,넥센타이어,KOSPI,6100,6190,6100,6370
225570,넥슨게임즈,KOSDAQ,8960,8750,8740,9400
000400,롯데손해보험,KOSPI,1884,1904,1880,1961
161580,필옵틱스,KOSDAQ,24900,23800,23300,25800
005880,대한해운,KOSPI,1805,1850,1795,1890
383800,LX홀딩스,KOSPI,7630,7710,7600,7850
268280,미원에스씨,KOSPI,116200,122500,113200,122500
439960,코스모로보틱스,KOSDAQ,17880,15850,15760,19130
000640,동아쏘시오홀딩스,KOSPI,86100,87900,85000,88300
453340,현대그린푸드,KOSPI,17830,18080,17770,18460
094800,맵스리얼티,KOSPI,6230,5900,5900,6230
052400,코나아이,KOSDAQ GLOBAL,39600,38600,38600,40750
102710,이엔에프테크놀로지,KOSDAQ,40100,40500,39700,42500
114090,GKL,KOSPI,9200,9400,9200,9460
00088K,한화3우B,KOSPI,29250,0,0,0
490470,세미파이브,KOSDAQ,16630,16210,15750,17680
017940,E1,KOSPI,82400,91500,81600,91500
075580,세진중공업,KOSPI,9930,9900,9630,10190
251970,펌텍코리아,KOSDAQ GLOBAL,45400,46000,45400,48500
006650,대한유화,KOSPI,86600,84600,83900,87500
397030,에이프릴바이오,KOSDAQ,23900,21900,21500,24750
007700,F&F홀딩스,KOSPI,14180,14600,14080,14750
023160,태광,KOSDAQ GLOBAL,21400,21550,21200,22350
399720,가온칩스,KOSDAQ,46600,46300,44750,48200
016380,KG스틸,KOSPI,5520,5430,5340,5590
094170,동운아나텍,KOSDAQ,26350,26300,25750,27750
003300,한일홀딩스,KOSPI,17800,18160,17490,18200
108320,LX세미콘,KOSPI,33550,33500,30950,34550
003620,KG모빌리티,KOSPI,2695,2840,2600,2880
037460,삼지전자,KOSDAQ,33300,32000,31450,33900
100840,SNT에너지,KOSPI,26250,24500,23800,27050
010780,아이에스동서,KOSPI,17950,17900,17690,18430
050890,쏠리드,KOSDAQ,8910,8390,8210,9250
376900,로킷헬스케어,KOSDAQ,34050,30850,30450,35500
001060,JW중외제약,KOSPI,23200,23550,23000,24050
002840,미원상사,KOSPI,119900,123200,118400,124900
00104K,CJ4우(전환),KOSPI,126600,126100,122400,127400
044490,태웅,KOSDAQ,26700,26750,26100,27800
001270,부국증권,KOSPI,51500,51600,50200,53400
041960,코미팜,KOSDAQ,7220,7290,7120,7560
124500,아이티센글로벌,KOSDAQ,22900,20550,20550,23800
112040,위메이드,KOSDAQ,15650,15510,15250,16780
222080,SFA넥셀,KOSDAQ GLOBAL,6790,6470,6320,6980
006110,삼아알미늄,KOSPI,34800,29950,29250,36950
090460,비에이치,KOSPI,15600,14690,14510,16030
086900,메디톡스,KOSDAQ,72000,70500,70300,74000
052020,에스티큐브,KOSDAQ,7710,7070,7070,8100
053610,프로텍,KOSDAQ,57900,56900,56400,59700
178920,PI첨단소재,KOSPI,17730,17510,17500,18410
033240,자화전자,KOSPI,23750,22000,21050,25000
476060,온코닉테라퓨틱스,KOSDAQ,11240,10850,10750,11650
456160,지투지바이오,KOSDAQ,30650,26450,26000,31900
058650,세아홀딩스,KOSPI,118300,116800,115600,121000
045100,한양이엔지,KOSDAQ,28650,30000,28600,30050
060250,NHN KCP,KOSDAQ,12480,12050,11820,12850
005810,풍산홀딩스,KOSPI,34600,35450,34450,35800
059090,미코,KOSDAQ,14920,14370,14230,15320
121600,나노신소재,KOSDAQ,40400,39150,38250,42050
082270,젬백스,KOSDAQ,11170,10010,9930,11700
046890,서울반도체,KOSDAQ GLOBAL,8440,8300,8170,8730
448730,삼성FN리츠,KOSPI,5380,5390,5290,5450
358570,지아이이노베이션,KOSDAQ,7570,7020,7020,8050
001530,DI동일,KOSPI,23550,23950,23400,24200
101160,월덱스,KOSDAQ,29500,28350,28350,30300
383310,에코프로에이치엔,KOSDAQ,23200,23650,22300,23900
067160,SOOP,KOSDAQ GLOBAL,42100,45400,40400,45750
211050,인카금융서비스,KOSDAQ,9780,9700,9630,10290
009410,태영건설,KOSPI,1619,1612,1604,1670
099190,아이센스,KOSDAQ,16720,16690,16580,17390
033500,동성화인텍,KOSDAQ,15980,15540,15150,16300
003545,대신증권우,KOSPI,19640,19640,19430,19760
460930,현대힘스,KOSDAQ,13410,13420,12850,13760
376300,디어유,KOSDAQ,20050,19650,19400,21500
034310,NICE,KOSPI,12870,12710,12710,13110
295310,에이치브이엠,KOSDAQ,39100,34700,33450,41350
160190,하이젠알앤엠,KOSDAQ,15240,14500,13700,16640
001510,SK증권,KOSPI,2030,2005,1945,2130
340570,티앤엘,KOSDAQ,57700,58000,57400,59100
284740,쿠쿠홈시스,KOSPI,20900,21500,20900,21800
122640,예스티,KOSDAQ,21650,21000,20500,23000
039130,하나투어,KOSPI,30150,30450,30150,31000
005945,NH투자증권우,KOSPI,24700,25100,24500,25350
377740,바이오노트,KOSPI,4570,4520,4485,4665
090435,아모레퍼시픽우,KOSPI,43950,43550,43050,45000
079900,전진건설로봇,KOSPI,31650,31700,30650,32550
034950,한국기업평가,KOSDAQ,101700,99900,99900,102000
001500,현대차증권,KOSPI,7450,7480,7300,7630
015750,성우하이텍,KOSDAQ,5700,5560,5410,5850
002240,고려제강,KOSPI,16660,16650,16360,16990
336370,솔루스첨단소재,KOSPI,6400,6220,6160,6660
000070,삼양홀딩스,KOSPI,57800,57100,56500,58900
145990,삼양사,KOSPI,43150,44000,42700,44450
249420,일동제약,KOSPI,14050,13450,13110,14260
475960,토모큐브,KOSDAQ,32950,31800,31700,34500
005389,현대차3우B,KOSPI,190600,189000,188100,191700
214430,아이쓰리시스템,KOSDAQ,60500,56800,56000,61500
005250,녹십자홀딩스,KOSPI,9390,9350,9130,9600
056080,유진로봇,KOSDAQ,11530,10910,10540,12360
035890,서희건설,KOSDAQ,1917,1957,1912,2000
174900,앱클론,KOSDAQ,21950,19650,19220,22250
003030,세아제강지주,KOSPI,105500,102000,101700,109700
460860,동국제강,KOSPI,8790,8910,8750,9110
033790,피노,KOSDAQ,5210,5060,5010,5350
336570,원텍,KOSDAQ,4860,4865,4720,5050
126340,비나텍,KOSDAQ,60300,56900,52800,62800
009520,포스코엠텍,KOSDAQ GLOBAL,10380,10060,9920,10800
417310,코람코더원리츠,KOSPI,10660,10700,10640,10750
008060,대덕,KOSPI,13590,13340,13340,14500
215200,메가스터디교육,KOSDAQ,41000,40500,39950,42000
042000,카페24,KOSDAQ,17540,16250,16200,18350
144960,뉴파워프라즈마,KOSDAQ,9650,9910,9560,10180
004690,삼천리,KOSPI,115800,118800,113800,118800
030520,한컴,KOSDAQ,17350,16610,16610,18170
004700,조광피혁,KOSPI,63000,62800,60900,63700
484870,엠앤씨솔루션,KOSPI,15220,14740,14620,15700
036810,에프에스티,KOSDAQ,19280,18000,17820,20650
018290,브이티,KOSDAQ,11930,11410,11400,12270
072710,농심홀딩스,KOSPI,89600,89600,88800,90800
078130,국일제지,KOSDAQ,3645,3605,3555,3740
002810,삼영무역,KOSPI,22250,22500,21700,22700
019170,신풍제약,KOSPI,7770,7420,7420,7930
077360,덕산하이메탈,KOSDAQ,8900,8460,8410,9550
095660,네오위즈,KOSDAQ,18500,17900,17900,19180
348370,엔켐,KOSDAQ,18200,17700,17010,19630
014830,유니드,KOSPI,58900,60000,58400,60400
161000,애경케미칼,KOSPI,8180,8060,8040,8530
357120,코람코라이프인프라리츠,KOSPI,4080,4155,4080,4165
003000,부광약품,KOSPI,4015,3945,3915,4180
486990,노타,KOSDAQ,18440,18310,18000,18970
272290,이녹스첨단소재,KOSDAQ GLOBAL,19780,19210,19010,20450
278280,천보,KOSDAQ,32100,30850,29550,33000
001200,유진투자증권,KOSPI,4040,4050,4005,4180
219130,타이거일렉,KOSDAQ,61900,59900,59500,62700
104830,원익머트리얼즈,KOSDAQ,31000,30650,30000,32600
001940,KISCO홀딩스,KOSPI,27550,27350,26950,27950
029530,신도리코,KOSPI,39900,41300,39900,41300
194370,제이에스코퍼레이션,KOSPI,13230,12110,11800,14190
031430,신세계인터내셔날,KOSPI,10910,10760,10590,11100
403550,쏘카,KOSPI,10020,10120,9670,10120
372320,큐로셀,KOSDAQ,24950,23750,23350,26050
002030,아세아,KOSPI,183900,192900,180800,192900
027410,BGF,KOSPI,3950,3995,3940,4100
036620,감성코퍼레이션,KOSDAQ,4205,4000,3945,4340
389470,인벤티지랩,KOSDAQ,28350,27250,26450,29650
016590,신대양제지,KOSPI,9350,9380,9230,9520
003280,흥아해운,KOSPI,1564,1613,1542,1617
015360,INVENI,KOSPI,13790,14000,13650,14260
020000,한섬,KOSPI,17460,19830,17340,20150
253590,네오셈,KOSDAQ,8520,8010,7750,8820
425420,티에프이,KOSDAQ,30250,28550,28200,32050
170920,엘티씨,KOSDAQ,35350,35100,33750,37300
016610,DB증권,KOSPI,8780,8740,8640,8950
027360,아주IB투자,KOSDAQ,3075,2850,2775,3230
368770,파이버프로,KOSDAQ,11280,11120,10800,11840
306200,세아제강,KOSPI,130100,127400,125100,130900
452260,한화갤러리아,KOSPI,1901,1811,1790,1939
365340,성일하이텍,KOSDAQ,28450,28400,27500,29450
271940,일진하이솔루스,KOSPI,10100,9880,9830,10400
069080,웹젠,KOSDAQ GLOBAL,11820,11530,11530,12300
448900,한국피아이엠,KOSDAQ,60200,53300,51200,64050
236200,슈프리마,KOSDAQ,52300,51500,51300,53800
041190,우리기술투자,KOSDAQ,4335,4230,4200,4495
013030,하이록코리아,KOSDAQ,30700,31500,30650,31950
078340,컴투스,KOSDAQ GLOBAL,29850,29450,29450,30850
199800,툴젠,KOSDAQ,40050,39100,38650,42200
105630,한세실업,KOSPI,9000,9100,8970,9200
332570,PS일렉트로닉스,KOSDAQ,7680,7470,7220,7850
290550,디케이티,KOSDAQ,17910,17100,16520,18620
950210,프레스티지바이오파마,KOSPI,5950,6070,5950,6460
007690,국도화학,KOSPI,38600,37700,37450,39100
200710,에이디테크놀로지,KOSDAQ,26550,25500,25500,27100
381970,케이카,KOSPI,7310,7430,7280,7480
477850,마키나락스,KOSDAQ,20000,20500,19480,20900
003800,에이스침대,KOSDAQ,32000,32200,32000,32850
092230,KPX홀딩스,KOSPI,83600,83600,83000,84900
064290,인텍플러스,KOSDAQ,27250,27150,26600,29150
060280,큐렉소,KOSDAQ,8550,8120,8030,8950
344820,KCC글라스,KOSPI,22000,22050,22000,22500
025980,아난티,KOSDAQ,3600,3520,3480,3735
455900,엔젤로보틱스,KOSDAQ,22700,22750,22300,25400
033160,엠케이전자,KOSDAQ,14440,14260,14200,15400
126560,현대퓨처넷,KOSPI,3185,2975,2880,3200
170900,동아에스티,KOSPI,35750,35050,34450,36300
241770,메카로,KOSDAQ,34000,32600,31900,34750
064260,다날,KOSDAQ,4575,4455,4355,4645
033640,네패스,KOSDAQ,14990,15160,14500,15600
005420,코스모화학,KOSPI,8960,8770,8620,9330
348340,뉴로메카,KOSDAQ,27700,26250,25200,28800
009900,명신산업,KOSPI,6550,6410,6400,6800
204620,글로벌텍스프리,KOSDAQ,4880,4805,4550,5070
078020,LS증권,KOSDAQ,6170,6360,5840,6370
089590,제주항공,KOSPI,4235,4200,4195,4310
104700,한국철강,KOSPI,9330,9340,9320,9690
060980,HL홀딩스,KOSPI,37400,37600,37400,38200
130660,한전산업,KOSPI,10410,10170,10150,10800
005610,삼립,KOSPI,39250,39900,39250,40600
006220,제주은행,KOSPI,8940,8680,8560,9060
011760,현대코퍼레이션,KOSPI,25350,25600,24450,26200
017810,풀무원,KOSPI,8780,8830,8720,8970
002990,금호건설,KOSPI,8980,8900,8780,9650
089010,켐트로닉스,KOSDAQ,19940,19150,18960,20600
089890,코세스,KOSDAQ,20050,19300,19040,21150
145720,덴티움,KOSPI,38500,37850,37300,38900
008730,율촌화학,KOSPI,13350,13220,13200,14100
078160,메디포스트,KOSDAQ,8390,8280,8110,8830
039440,에스티아이,KOSDAQ,21100,21400,20600,21900
025320,시노펙스,KOSDAQ,3540,3420,3365,3680
183190,아세아시멘트,KOSPI,8890,8920,8890,9120
005950,이수화학,KOSPI,12150,12120,11830,12880
092730,네오팜,KOSDAQ,19810,19320,18920,20150
097520,엠씨넥스,KOSPI,18240,18100,17750,18760
348210,넥스틴,KOSDAQ,30050,27600,27500,31350
017900,광전자,KOSPI,5430,5040,4935,5650
024720,콜마홀딩스,KOSPI,9130,9000,8800,9170
160980,싸이맥스,KOSDAQ,28600,29900,28150,31450
356860,티엘비,KOSDAQ,26150,26500,25500,28400
029460,케이씨,KOSPI,28200,28300,27750,29250
002020,코오롱,KOSPI,24000,23100,22500,24750
005720,넥센,KOSPI,5890,5710,5650,5940
441270,파인엠텍,KOSDAQ,7270,7280,7050,7580
009290,광동제약,KOSPI,6080,6050,5930,6170
126720,수산인더스트리,KOSPI,21100,21450,21100,21700
243070,휴온스,KOSDAQ,25150,24400,24350,25700
389650,넥스트바이오메디컬,KOSDAQ,36300,34050,34000,37750
009160,SIMPAC,KOSPI,4565,4640,4470,4820
018250,애경산업,KOSPI,11290,11400,11200,11630
011930,신성이엔지,KOSPI,14670,13980,13600,15200
000157,두산2우B,KOSPI,333500,327500,327500,357500
025770,한국정보통신,KOSDAQ,7940,7580,7560,8090
215600,신라젠,KOSDAQ,2145,2070,2050,2205
026890,스틱인베스트먼트,KOSPI,7660,7880,7610,7980
084110,휴온스글로벌,KOSDAQ,23450,22350,22150,24350
200880,서연이화,KOSPI,10950,10700,10600,11370
0120G0,삼양바이오팜,KOSPI,39650,38100,37850,42200
025900,동화기업,KOSDAQ,5830,5400,5360,6050
092460,한라IMS,KOSDAQ,17220,17300,17060,17650
900290,GRT,KOSDAQ,3600,3375,3305,3700
02826K,삼성물산우B,KOSPI,200500,204500,200000,210500
036890,진성티이씨,KOSDAQ,13340,13200,13010,13670
101930,인화정공,KOSDAQ,6420,6710,6260,6840
376270,HEM파마,KOSDAQ,40600,37900,37500,41900
001750,한양증권,KOSPI,19350,19200,19200,19900
228760,지노믹트리,KOSDAQ,11730,11180,10950,11790
016800,퍼시스,KOSPI,25350,25000,25000,25500
091810,트리니티항공,KOSPI,570,558,557,590
125490,한라캐스트,KOSDAQ,7970,7250,7000,8570
037710,광주신세계,KOSPI,38000,37900,37550,38850
117730,티로보틱스,KOSDAQ,12830,12590,12000,13170
206650,유바이오로직스,KOSDAQ,7870,7860,7700,8130
002310,아세아제지,KOSPI,7310,7340,7240,7460
108670,LX하우시스,KOSPI,32150,31000,30900,32200
006910,보성파워텍,KOSDAQ,5860,5610,5540,6040
330860,네패스아크,KOSDAQ,23500,23050,21600,24600
121440,골프존홀딩스,KOSDAQ,6670,6670,6670,6690
110990,디아이티,KOSDAQ,15080,14850,14690,15700
012030,DB,KOSPI,1415,1441,1404,1471
054950,제이브이엠,KOSDAQ,23500,23750,23250,24600
049070,인탑스,KOSDAQ,17250,17300,16830,17750
024850,HLB이노베이션,KOSDAQ,8920,8300,8300,9380
356680,엑스게이트,KOSDAQ,9900,9730,9470,10270
033270,유나이티드제약,KOSPI,17730,17840,17590,17980
004710,한솔테크닉스,KOSPI,6920,6740,6640,7180
005430,한국공항,KOSPI,88800,90600,84600,90600
006405,삼성SDI우,KOSPI,173700,173400,168100,178800
136480,하림,KOSDAQ,2640,2645,2615,2680
192650,드림텍,KOSPI,4255,4220,4130,4365
244920,에이플러스에셋,KOSPI,12400,12180,12050,12650
078350,한양디지텍,KOSDAQ,18370,17330,17120,18930
472850,폰드그룹,KOSDAQ,4855,4480,4380,4930
034830,한국토지신탁,KOSPI,1106,1108,1104,1123
123890,한국자산신탁,KOSPI,2280,2245,2245,2320
078520,에이블씨엔씨,KOSPI,10690,10570,10560,11040
092790,넥스틸,KOSPI,10690,10710,10690,11140
015860,일진홀딩스,KOSPI,5630,5700,5500,5750
003960,사조대림,KOSPI,30250,30000,29800,30450
265520,AP시스템,KOSDAQ,18400,17920,17910,18930
096760,JW홀딩스,KOSPI,3735,3750,3705,3815
200670,휴메딕스,KOSDAQ,24550,24000,23500,25000
272450,진에어,KOSPI,5270,5250,5080,5340
101730,위메이드맥스,KOSDAQ,3275,3190,3190,3445
084690,대상홀딩스,KOSPI,7570,7350,7350,7600
017890,한국알콜,KOSDAQ,13210,13480,13040,13570
105840,우진,KOSPI,13500,13050,12770,13940
084010,대한제강,KOSPI,7930,7960,7740,8140
001390,KG케미칼,KOSPI,4050,4020,4015,4190
047920,HLB제약,KOSDAQ,8280,8040,7990,8520
419530,SAMG엔터,KOSDAQ,26550,27200,26200,28100
484810,티엑스알로보틱스,KOSDAQ,17450,16200,15600,17450
091700,파트론,KOSDAQ,5390,5270,5270,5560
286940,롯데이노베이트,KOSPI,17800,17890,17420,17890
107640,한중엔시에스,KOSDAQ,29700,27650,27400,30500
004430,송원산업,KOSPI,11200,11950,11160,12380
003120,일성아이에스,KOSPI,20200,20100,19950,20550
309710,아이티켐,KOSDAQ,21000,0,0,0
035810,이지홀딩스,KOSDAQ,4160,4165,4060,4240
025860,남해화학,KOSPI,5390,5420,5310,5530
051500,CJ프레시웨이,KOSDAQ,22550,22750,22300,23500
042520,한스바이오메드,KOSDAQ,18720,18570,18010,19270
098070,한텍,KOSDAQ,24000,22750,22700,24550
182400,엔케이젠바이오텍코리아,KOSDAQ,3670,0,0,0
482630,삼양엔씨켐,KOSDAQ,12100,12300,11880,12800
017390,서울가스,KOSPI,53500,53700,52900,54100
035600,KG이니시스,KOSDAQ,9600,9600,9480,9700
079370,제우스,KOSDAQ,8510,8300,8200,8830
001230,동국홀딩스,KOSPI,1694,1702,1683,1761
232530,이엠티,KONEX,10250,10450,10000,10450
267980,매일유업,KOSDAQ,34200,34000,33750,34500
003920,남양유업,KOSPI,43550,41800,41800,44800
108860,셀바스AI,KOSDAQ,9700,9110,8650,10210
005680,삼영전자,KOSPI,13050,13150,13020,13500
010820,퍼스텍,KOSPI,5340,5150,5060,5720
099440,스맥,KOSDAQ,3810,3820,3730,3940
010690,화신,KOSPI,7420,7180,7000,7660
317400,자이에스앤디,KOSPI,6670,6360,6150,6970
439090,마녀공장,KOSDAQ,15770,15760,15260,15900
168360,펨트론,KOSDAQ,11530,11280,10920,12000
287840,인투셀,KOSDAQ,17140,15570,15570,17790
121800,비덴트,KOSDAQ,3320,0,0,0
036800,나이스정보통신,KOSDAQ,28150,0,0,0
058430,포스코스틸리온,KOSPI,4265,4260,4100,4345
043150,바텍,KOSDAQ,17060,17210,17000,17520
151860,KG에코솔루션,KOSDAQ,5320,5260,5260,5480
377460,큐에이드,KOSDAQ,4080,0,0,0
002900,TYM,KOSPI,6100,5950,5880,6200
217590,티엠씨,KOSPI,10460,10160,10040,10970
093520,매커스,KOSDAQ,21150,20300,20300,21750
481070,에이유브랜즈,KOSDAQ,17500,18310,17200,18600
067630,HLB생명과학,KOSDAQ,2055,2020,1990,2115
114810,한솔아이원스,KOSDAQ,8890,8500,8370,9230
194700,노바렉스,KOSDAQ,13650,14000,13500,14350
352480,씨앤씨인터내셔널,KOSDAQ,18230,17580,17570,18800
298690,에어부산,KOSPI,1525,1497,1472,1529
298000,효성화학,KOSPI,65500,81600,64200,83900
424870,이뮨온시아,KOSDAQ,2715,2580,2580,2840
394280,오픈엣지테크놀로지,KOSDAQ,9390,9100,9020,9660
003650,미창석유,KOSPI,141700,138400,137300,141800
206640,바디텍메드,KOSDAQ,11250,11630,11000,11850
004360,세방,KOSPI,12890,12790,12650,13500
023410,유진기업,KOSDAQ,3155,3195,3140,3245
060720,KH바텍,KOSDAQ,10260,9720,9620,10440
064820,케이프,KOSDAQ,7870,7920,7780,8150
122900,아이마켓코리아,KOSPI,7260,7270,7210,7330
007160,사조산업,KOSPI,48450,47700,47550,48800
404990,신한서부티엔디리츠,KOSPI,3935,3910,3880,3935
314930,바이오다인,KOSDAQ,8110,8250,8040,8630
008490,서흥,KOSPI,20850,20900,20600,21850
493280,아이엠바이오로직스,KOSDAQ,16160,15300,14850,16880
234340,헥토파이낸셜,KOSDAQ,17100,16270,15950,17320
180400,DXVX,KOSDAQ,2425,2305,2235,2515
010955,S-Oil우,KOSPI,59300,61300,58800,61700
187660,페니트리움바이오,KOSDAQ,4275,4220,3665,4645
200130,콜마비앤에이치,KOSDAQ GLOBAL,8030,8410,8030,8730
475400,씨메스로보틱스,KOSDAQ,19950,19830,18910,20550
900140,엘브이엠씨홀딩스,KOSPI,1217,1245,1211,1258
005500,삼진제약,KOSPI,17650,17740,17520,17950
484590,삼양컴텍,KOSDAQ,5700,5700,5470,5950
468530,프로티나,KOSDAQ,21250,18360,18360,22350
039830,오로라,KOSDAQ,21700,22050,21350,23000
348950,제이알글로벌리츠,KOSPI,1182,0,0,0
003200,일신방직,KOSPI,10150,10300,10060,10470
028100,동아지질,KOSPI,17380,17400,16940,17600
194480,데브시스터즈,KOSDAQ,19180,19760,18900,20200
334890,이지스밸류플러스리츠,KOSPI,3340,3520,3320,3520
002320,한진,KOSPI,14920,15000,14710,15170
002710,TCC스틸,KOSPI,8810,8110,8110,9010
001790,대한제당,KOSPI,2670,2585,2585,2690
043370,피에이치에이,KOSDAQ,10960,10690,10560,11140
215000,골프존,KOSDAQ,36500,38500,36450,39050
005710,대원산업,KOSDAQ,11360,11150,11070,11400
061090,세나테크놀로지,KOSDAQ,41500,37550,36500,46850
488900,비츠로넥스텍,KOSDAQ,7830,7240,7240,7990
092190,서울바이오시스,KOSDAQ,4945,4685,4585,5190
080580,오킨스전자,KOSDAQ,10750,10500,10150,11180
000050,경방,KOSPI,8260,8190,8140,8440
036200,유니셈,KOSDAQ,7380,7450,7170,7620
069540,빛과전자,KOSDAQ,2005,1875,1809,2070
085910,네오티스,KOSDAQ,16300,14980,14980,17400
136490,선진,KOSPI,9450,9500,9420,9690
950170,JTC,KOSDAQ,4340,4245,4245,4570
044450,KSS해운,KOSPI,9670,9990,9650,10000
065710,서호전기,KOSDAQ,43300,43400,42350,43900
134380,미원화학,KOSPI,10130,10130,10050,10130
051905,LG생활건강우,KOSPI,105700,108000,105200,109200
068930,디지털대성,KOSDAQ,7980,7730,7670,8170
000430,대원강업,KOSPI,3560,3585,3520,3670
000680,LS네트웍스,KOSPI,2800,2820,2765,2880
389260,대명에너지,KOSDAQ,12300,12000,11700,12640
389500,에스비비테크,KOSDAQ,32800,32000,30550,35200
036030,케이티알파,KOSDAQ,4455,4310,4310,4455
073490,LIG아큐버,KOSDAQ,28700,26900,26400,29500
099430,바이오플러스,KOSDAQ,3525,3520,3425,3630
100120,뷰웍스,KOSDAQ,24200,22050,21600,24350
0030R0,대신밸류리츠,KOSPI,3630,3700,3550,3770
393890,더블유씨피,KOSDAQ,6410,6280,5920,6680
003720,삼영,KOSPI,6380,6100,6100,6590
138080,오이솔루션,KOSDAQ,17520,15750,15340,19000
304360,에스바이오메딕스,KOSDAQ,17500,16640,15510,17780
052710,아모텍,KOSDAQ,14810,13890,13510,16000
000480,CR홀딩스,KOSPI,4615,4625,4580,4650
003070,코오롱글로벌,KOSPI,8500,8300,8280,8610
377450,리파인,KOSDAQ,12440,12450,12250,12740
009680,모토닉,KOSPI,9900,9800,9800,9960
144510,지씨셀,KOSDAQ,13560,13260,13050,13930
025000,KPX케미칼,KOSPI,48800,48600,48250,49100
459510,나우로보틱스,KOSDAQ,16440,14670,14200,16900
033920,무학,KOSPI,7480,7340,7340,7480
290690,아리바이오홀딩스,KOSDAQ,4050,4200,4045,4305
450950,아스테라시스,KOSDAQ,5640,5600,5410,5970
094360,칩스앤미디어,KOSDAQ,9930,9770,9650,10260
071200,인피니트헬스케어,KOSDAQ,8680,8330,7810,8740
003520,영진약품,KOSPI,1157,1161,1147,1185
023760,한국캐피탈,KOSDAQ,670,0,0,0
272110,케이엔제이,KOSDAQ,26300,24550,24400,28100
052330,코텍,KOSDAQ,11850,11850,11220,11940
030210,다올투자증권,KOSPI,3450,3425,3360,3560
053030,바이넥스,KOSDAQ,6420,6340,6310,6700
001340,PKC,KOSPI,4610,4470,4320,4775
200470,에이팩트,KOSDAQ,4895,4695,4650,5090
327260,RF머트리얼즈,KOSDAQ,23050,22350,21600,24550
034120,SBS,KOSPI,11170,10990,10900,11230
380540,옵티코어,KOSDAQ,8450,0,0,0
461300,아이스크림미디어,KOSDAQ,15450,15680,15320,15970
452430,사피엔반도체,KOSDAQ,24900,24450,24400,26500
089980,상아프론테크,KOSDAQ,12780,12760,12430,13300
0008Z0,에스엔시스,KOSDAQ,21650,21000,20100,22200
001460,BYC,KOSPI,32700,32100,31800,33750
254490,미래반도체,KOSDAQ,14140,13600,13300,14620
000320,노루홀딩스,KOSPI,15340,15790,15050,15790
001250,GS글로벌,KOSPI,2470,2500,2415,2545
417840,저스템,KOSDAQ,8900,8810,8570,9300
318060,그래피,KOSDAQ,18160,16140,16140,19180
226320,잇츠한불,KOSPI,9260,9280,9180,9440
000540,흥국화재,KOSPI,3160,3115,3115,3245
448280,에코아이,KOSDAQ,6850,6750,6720,7010
298830,슈어소프트테크,KOSDAQ,3795,3680,3615,3955
042370,비츠로테크,KOSDAQ,7720,7560,7430,8000
034810,해성산업,KOSDAQ,6390,6310,6240,6565
037270,YG PLUS,KOSPI,3165,3170,3080,3285
011560,세보엠이씨,KOSDAQ,19950,19670,19670,20400
452280,한선엔지니어링,KOSDAQ,10450,10470,10010,10790
095500,미래나노텍,KOSDAQ,6470,6330,6200,6730
018310,삼목에스폼,KOSDAQ,13610,13670,13390,13780
353810,이지바이오,KOSDAQ,6040,6030,5970,6100
061970,LB세미콘,KOSDAQ,3435,3200,3110,4100
462350,이노스페이스,KOSDAQ,5890,5720,5500,6180
378340,필에너지,KOSDAQ,9180,8840,8690,9440
0001A0,덕양에너젠,KOSDAQ,7800,7690,7310,8090
217730,강스템바이오텍,KOSDAQ,2110,2250,2070,2260
065680,우주일렉트로,KOSDAQ,21450,21250,20700,22400
432320,KB스타리츠,KOSPI,1304,1370,1287,1372
000650,천일고속,KOSPI,137500,135000,132500,149900
014940,오리엔탈정공,KOSDAQ,4310,4265,4200,4450
035150,백산,KOSPI,9930,9930,9860,10090
230240,에치에프알,KOSDAQ,14710,14310,13720,15290
042420,네오위즈홀딩스,KOSDAQ,23950,23050,23050,24100
241520,DSC인베스트먼트,KOSDAQ,7330,7400,7160,7750
475560,더본코리아,KOSPI,13140,13000,13000,13500
0011T0,채비,KOSDAQ,4145,3950,3915,4300
102940,코오롱생명과학,KOSDAQ,14820,14490,13910,15800
003555,LG우,KOSPI,64400,64700,64300,65800
237880,클리오,KOSDAQ,10720,10880,10510,10920
064850,에프앤가이드,KOSDAQ,16960,16550,16040,17940
456010,아이씨티케이,KOSDAQ,13320,12840,12610,13830
114190,강원에너지,KOSDAQ,7370,7370,7200,7630
053210,스카이라이프,KOSPI,4050,4015,4005,4055
001630,종근당홀딩스,KOSPI,38400,38500,38100,38900
094480,갤럭시아머니트리,KOSDAQ,4885,4600,4580,4990
005010,휴스틸,KOSPI,3410,3500,3405,3605
044820,코스맥스비티아이,KOSPI,19950,20000,19790,20650
039570,HDC랩스,KOSPI,7380,7280,7280,7420
241590,화승엔터프라이즈,KOSPI,3160,3085,3070,3200
017860,DS단석,KOSPI,10750,11050,10630,11190
317330,덕산테코피아,KOSDAQ,9320,9350,9120,9820
001130,대한제분,KOSPI,11270,11210,11130,11380
013890,지누스,KOSPI,8670,8690,8610,8790
036190,금화피에스시,KOSDAQ,31650,32100,31250,32200
445090,에이직랜드,KOSDAQ,17380,17440,17080,18090
013120,동원개발,KOSDAQ,2085,2085,2045,2115
095570,AJ네트웍스,KOSPI,4165,4280,4150,4315
000140,하이트진로홀딩스,KOSPI,8080,7900,7900,8150
016790,현대사료,KOSDAQ,994,0,0,0
018000,유니슨,KOSDAQ,721,728,685,735
067390,아스트,KOSDAQ,444,429,429,455
000490,대동,KOSPI,6480,6340,6280,6600
112290,와이씨켐,KOSDAQ,9230,9000,8700,9490
365270,큐라클,KOSDAQ,8420,8230,8020,8790
088260,이리츠코크렙,KOSPI,2945,2955,2930,3070
176750,듀켐바이오,KOSDAQ,6540,6100,6100,6580
016580,환인제약,KOSPI,9960,10020,9770,10240
100250,진양홀딩스,KOSPI,2895,2895,2870,2935
004980,성신양회,KOSPI,7540,7440,7430,7640
190510,나무가,KOSDAQ,13100,13030,12880,13390
068790,DMS,KOSDAQ,8150,8150,7960,8410
03473K,SK우,KOSPI,324500,337000,323000,342500
102460,이연제약,KOSPI,9870,9910,9760,9940
019010,베뉴지,KOSDAQ,3800,3920,3795,4020
339770,교촌에프앤비,KOSPI,3665,3705,3605,3730
484120,도우인시스,KOSDAQ,16690,14440,14440,17260
036560,KZ정밀,KOSDAQ,11590,11610,11590,11910
357550,석경에이티,KOSDAQ,33400,34400,33350,34850
192440,슈피겐코리아,KOSDAQ,29300,29000,28500,29950
117580,대성에너지,KOSPI,6620,6680,6530,6770
014710,사조씨푸드,KOSPI,10570,10060,10060,10700
003350,한국화장품제조,KOSPI,8030,7830,7640,8130
084850,아이티엠반도체,KOSDAQ,8010,7750,7600,8240
123330,제닉,KOSDAQ,22750,24300,22600,24800
377190,디앤디플랫폼리츠,KOSPI,2050,1975,1975,2060
003547,대신증권2우B,KOSPI,18860,18990,18690,19000
214180,헥토이노베이션,KOSDAQ,13890,13890,13570,14210
402030,코난테크놀로지,KOSDAQ,14400,13560,13010,14560
058970,엠로,KOSDAQ,14560,14240,14030,15150
011500,한농화성,KOSPI,11500,11390,11080,11940
049430,코메론,KOSDAQ,19830,19660,19310,19870
203650,드림시큐리티,KOSDAQ,1762,1710,1690,1825
128820,대성산업,KOSPI,3960,4030,3925,4080
294570,쿠콘,KOSDAQ,17740,16630,16630,17970
033530,SJG세종,KOSPI,6420,6190,6160,6610
220100,퓨쳐켐,KOSDAQ,7950,7620,7530,8280
092200,디아이씨,KOSPI,4580,4260,4170,4835
002100,경농,KOSPI,9110,9100,9080,9230
446540,메가터치,KOSDAQ,6110,6600,6050,6600
234080,JW생명과학,KOSPI,11170,11100,10990,11210
102260,동성케미컬,KOSPI,3490,3560,3465,3585
425040,티이엠씨,KOSDAQ,8050,8000,7720,8350
260870,SK시그넷,KONEX,8140,8140,8140,8150
007860,서연,KOSPI,7510,7360,7360,7760
046970,우리로,KOSDAQ,4020,3880,3805,4240
159010,아스플로,KOSDAQ,13190,13750,13020,14000
143240,사람인,KOSDAQ,16310,16230,16230,16500
098120,마이크로컨텍솔,KOSDAQ,21000,20600,20000,21850
053300,한국정보인증,KOSDAQ,4300,4200,4200,4415
035510,신세계 I&C,KOSPI,12450,12200,12200,12800
000300,DH오토넥스,KOSPI,4200,0,0,0
066620,국보디자인,KOSDAQ,23200,23400,22300,23400
016450,한세예스24홀딩스,KOSPI,4335,4300,4270,4360
092870,엑시콘,KOSDAQ,13270,12750,12580,13900
004310,현대약품,KOSPI,5410,5360,5280,5860
086390,유니테스트,KOSDAQ,8170,8180,8000,8520
053690,한미글로벌,KOSPI,15750,15890,15230,16330
270660,에브리봇,KOSDAQ,13560,12960,12390,13610
054210,이랜텍,KOSDAQ,6800,6510,6510,7010
213500,한솔제지,KOSPI,7220,7290,7200,7480
204610,티쓰리,KOSDAQ,3090,3045,3040,3110
003460,유화증권,KOSPI,3025,3030,3025,3110
078150,HB테크놀러지,KOSDAQ,1850,1835,1787,1943
092130,이크레더블,KOSDAQ,14240,14340,13980,14490
064550,바이오니아,KOSDAQ,6630,6760,6430,6790
006805,미래에셋증권우,KOSPI,12140,12280,11700,12300
025560,미래산업,KOSPI,6710,6600,6010,6880
126600,BGF에코머티리얼즈,KOSDAQ,2720,2710,2660,2800
138360,앤로보틱스,KOSDAQ,1879,1860,1820,2000
091580,상신이디피,KOSDAQ,12750,12730,12400,13530
003610,방림,KOSPI,5290,5200,5160,5340
045390,대아티아이,KOSDAQ,2405,2350,2320,2480
004380,삼익THK,KOSPI,8110,7680,7680,8350
003220,대원제약,KOSPI,7480,7490,7330,7680
093190,빅솔론,KOSDAQ,8690,8700,8430,8770
245620,EDGC,KOSDAQ,741,0,0,0
002210,동성제약,KOSPI,1729,1847,1715,1856
002150,도화엔지니어링,KOSPI,4950,4815,4815,5080
403850,더핑크퐁컴퍼니,KOSDAQ,11590,11030,11030,11860
394800,쓰리빌리언,KOSDAQ,5220,5100,4920,5390
308430,셀비온,KOSDAQ,12870,12180,12170,13290
012860,모베이스전자,KOSDAQ,2265,2240,2180,2385
199430,케이엔알시스템,KOSDAQ,14810,13830,13300,16490
416180,신성에스티,KOSDAQ,18310,17710,17190,18750
256840,한국비엔씨,KOSDAQ,2420,2375,2330,2505
097955,CJ제일제당 우,KOSPI,124400,125000,123200,125400
036710,심텍홀딩스,KOSDAQ,3125,3000,2965,3195
004560,현대비앤지스틸,KOSPI,10940,10990,10790,11350
950140,잉글우드랩,KOSDAQ,8300,8010,8010,8500
080160,모두투어,KOSDAQ,8720,8480,8410,8810
067080,대화제약,KOSDAQ,8850,8770,8730,9140
304100,솔트룩스,KOSDAQ,13080,12720,11880,13300
065660,안트로젠,KOSDAQ,16450,15770,15450,17170
000700,유수홀딩스,KOSPI,6300,6190,6150,6360
143160,아이디스,KOSDAQ,15300,16030,15210,16090
462520,조선내화,KOSPI,13760,13910,13760,14230
243840,신흥에스이씨,KOSDAQ,4225,4035,4000,4355
013580,계룡건설,KOSPI,18240,18330,18120,18840
038390,레드캡투어,KOSDAQ,9730,9770,9660,9940
010580,에스엠벡셀,KOSPI,1462,1462,1452,1522
400760,NH올원리츠,KOSPI,2955,2980,2930,2980
002170,SYTS,KOSPI,54100,55200,54000,55900
489460,바이오비쥬,KOSDAQ,10970,10600,10070,11000
101530,해태제과식품,KOSPI,5550,5620,5490,5660
001080,만호제강,KOSPI,3880,3820,3820,3970
007570,일양약품,KOSPI,8430,8190,8190,8580
039840,디오,KOSDAQ,11980,11800,11760,12130
066410,버킷스튜디오,KOSDAQ,1153,0,0,0
307180,아이엘,KOSDAQ,4320,4295,4005,4660
487570,HS효성,KOSPI,42800,43200,42000,44400
138610,나이벡,KOSDAQ,14010,13610,13250,14380
125020,티씨머티리얼즈,KOSDAQ,4545,4370,4285,4705
046070,코다코,KOSDAQ,10280,0,0,0
094820,일진파워,KOSDAQ,10540,10650,10300,10920
000390,SP삼화,KOSPI,5830,5850,5750,5950
216080,제테마,KOSDAQ,4230,4100,4100,4345
024840,KBI메탈,KOSDAQ,3650,3705,3540,3790
000860,강남제비스코,KOSPI,12100,12220,11950,12350
354320,알멕,KOSDAQ,24600,22950,22550,25900
023910,대한약품,KOSDAQ,26200,26450,25950,26500
314130,지놈앤컴퍼니,KOSDAQ,3455,3115,3115,3625
108380,대양전기공업,KOSDAQ,16340,16400,16120,16920
024800,유성티엔에스,KOSDAQ,4205,4190,4100,4295
086670,비엠티,KOSDAQ,15680,15680,15300,15890
0015G0,그린광학,KOSDAQ,13260,12610,12610,13860
041920,메디아나,KOSDAQ,8330,8000,8000,8710
179290,엠아이텍,KOSDAQ,4780,4740,4700,4905
036170,에이치엠넥스,KOSDAQ,2520,2525,2420,2695
001045,CJ우,KOSPI,68400,67000,65900,68900
293480,하나제약,KOSPI,8670,8660,8610,8900
072870,메가스터디,KOSDAQ,12860,12950,12690,12950
051370,인터플렉스,KOSDAQ,6570,6500,6400,6830
054800,아이디스홀딩스,KOSDAQ,14810,14690,14620,14870
115450,HLB테라퓨틱스,KOSDAQ,1730,1631,1631,1775
001780,알루코,KOSPI,1578,1594,1562,1628
119610,인터로조,KOSDAQ,13370,13780,13100,13800
123860,아나패스,KOSDAQ,12580,12400,11960,12580
083930,아바코,KOSDAQ,10390,10300,10110,10420
048550,SM C&C,KOSDAQ,1571,1550,1529,1633
264850,이랜시스,KOSDAQ,5000,4815,4605,5100
187870,디바이스,KOSDAQ,11000,11440,10730,11500
015230,대창단조,KOSPI,5580,5570,5520,5730
016880,웅진,KOSPI,1892,1967,1870,1990
460850,동국씨엠,KOSPI,5050,5080,5030,5170
007330,푸른저축은행,KOSDAQ,10010,9700,9700,10150
086820,바이오솔루션,KOSDAQ,5820,5830,5650,6070
011040,경동제약,KOSDAQ,4900,4820,4820,4930
032620,GC메디아이,KOSDAQ,2885,2820,2820,2950
090350,노루페인트,KOSPI,7510,7650,7440,7690
0082N0,카나프테라퓨틱스,KOSDAQ,11320,10520,10330,11900
003830,대한화섬,KOSPI,113000,110400,108900,113800
123410,코리아에프티,KOSDAQ,5380,5450,5330,5540
013990,아가방컴퍼니,KOSDAQ,4550,4370,4370,4570
000970,한국주철관,KOSPI,6540,6540,6470,6600
046440,KG파이낸셜,KOSDAQ,3920,3850,3850,3965
004970,신라교역,KOSPI,9290,9320,9140,9340
024060,흥구석유,KOSDAQ,9900,10330,9540,10340
334970,프레스티지바이오로직스,KOSDAQ,1908,1939,1832,1959
413630,씨피시스템,KOSDAQ,4070,3985,3690,4170
079960,동양이엔피,KOSDAQ,19600,19850,19380,20150
031440,신세계푸드,KOSPI,38150,0,0,0
094840,슈프리마에이치큐,KOSDAQ,15050,15100,14430,15170
011785,금호석유화학우,KOSPI,48800,48500,48300,49200
464080,에스오에스랩,KOSDAQ,8210,7690,7470,8350
046120,오르비텍,KOSDAQ,4350,4115,3920,4430
071840,롯데하이마트,KOSPI,6230,6140,6100,6300
067280,멀티캠퍼스,KOSDAQ,24800,24100,23850,25050
00279K,아모레퍼시픽홀딩스3우C,KOSPI,20700,20550,20450,20700
037070,파세코,KOSDAQ,7300,7140,7110,8310
126700,하이비젼시스템,KOSDAQ,9770,9600,9500,10090
092070,디엔에프,KOSDAQ,12580,12020,11880,13000
122990,와이솔,KOSDAQ,5460,5540,5420,5630
078070,유비쿼스홀딩스,KOSDAQ,8490,8360,8210,8670
084990,헬릭스미스,KOSDAQ,3140,3105,3040,3235
082800,비보존 제약,KOSDAQ,2375,2345,2210,2420
199820,제일일렉트릭,KOSDAQ,6490,6300,6120,6700
234690,녹십자웰빙,KOSDAQ,8010,7610,7560,8250
264450,유비쿼스,KOSDAQ,9810,9400,9400,9930
049960,쎌바이오텍,KOSDAQ,15270,15240,14900,15400
009470,삼화전기,KOSPI,21650,21300,20950,22600
140610,엔솔바이오사이언스,KONEX,9960,10450,9700,10450
005990,매일홀딩스,KOSDAQ,10750,10710,10640,10790
475040,스트라드비젼,KOSDAQ,2680,2530,2520,2925
271980,제일약품,KOSPI,9690,9430,9230,9720
293780,압타바이오,KOSDAQ,5050,4600,4530,5270
005960,동부건설,KOSPI,6150,6160,6100,6400
041020,폴라리스오피스,KOSDAQ,2840,2815,2740,2895
251370,와이엠티,KOSDAQ,7820,7410,7280,8100
126640,화신정공,KOSDAQ,4010,3900,3840,4230
222040,코스맥스엔비티,KOSDAQ,6810,6900,6720,7110
000520,삼일제약,KOSPI,6460,6070,6070,6640
083310,엘오티베큠,KOSDAQ,7800,7580,7530,8150
094280,효성ITX,KOSPI,12000,11950,11950,12200
338840,와이바이오로직스,KOSDAQ,9000,8000,8000,9280
0039P0,매드업,KOSDAQ,7350,6600,6470,8190
104480,티케이케미칼,KOSDAQ,1517,1533,1481,1560
003480,한진중공업홀딩스,KOSPI,4665,4655,4580,4745
212560,네오오토,KOSDAQ,10210,9620,9460,10750
101970,우양에이치씨,KOSDAQ,9280,9790,9280,10020
260970,에스앤디,KOSDAQ,47400,48500,46050,49000
001540,안국약품,KOSDAQ,10490,10120,10090,10610
006060,화승인더,KOSPI,2465,2430,2415,2505
462860,더즌,KOSDAQ,1897,1845,1787,1965
012210,삼미금속,KOSDAQ,5900,5440,5290,6090
048870,시너지이노베이션,KOSDAQ,1537,1490,1483,1566
023600,삼보판지,KOSDAQ,8440,8410,8390,8530
310200,애니플러스,KOSDAQ,2580,2550,2515,2650
069510,에스텍,KOSDAQ,12330,12430,12150,12620
039860,나노엔텍,KOSDAQ,3530,3480,3420,3710
015890,태경산업,KOSPI,4600,4620,4570,4670
090850,현대이지웰,KOSDAQ,5970,6140,5970,6170
255220,SG,KOSDAQ,1220,1185,1132,1243
272550,삼양패키징,KOSPI,8860,8910,8770,9030
060150,인선이엔티,KOSDAQ,2930,2855,2840,3020
382800,지앤비에스 에코,KOSDAQ,4180,4150,4065,4345
000020,동화약품,KOSPI,4760,4680,4640,4840
408920,메쎄이상,KOSDAQ,3075,2940,2940,3080
049630,재영솔루텍,KOSDAQ,5660,5250,5200,5920
269620,시스웍,KOSDAQ,889,0,0,0
355150,코스텍시스,KOSDAQ,16890,14820,14270,17200
119830,아이텍,KOSDAQ,4960,5450,4960,5490
293580,나우IB,KOSDAQ,1385,1318,1300,1411
389020,자람테크놀로지,KOSDAQ,19000,18000,17520,19380
054450,텔레칩스,KOSDAQ,8650,8380,8280,9030
004080,신흥,KOSPI,14050,14030,14030,14050
217950,파마리서치바이오,KONEX,31200,31150,30950,31400
088800,에이스테크,KOSDAQ,1725,1585,1489,1775
005160,동국산업,KOSDAQ,2400,2305,2280,2435
025820,이구산업,KOSPI,3880,3915,3830,4005
086890,이수앱지스,KOSDAQ,3180,3120,3120,3300
950190,고스트스튜디오,KOSDAQ,9960,9960,9800,9980
049720,고려신용정보,KOSDAQ,9060,9200,9020,9400
457550,우진엔텍,KOSDAQ,13900,13400,13160,14280
004090,한국석유,KOSPI,10200,10280,9870,10400
339950,아이비김영,KOSDAQ,2880,2820,2760,2905
013520,화승코퍼레이션,KOSPI,2585,2585,2510,2615
004150,한솔홀딩스,KOSPI,3145,3125,3085,3220
035610,솔본,KOSDAQ,4715,4695,4615,4835
246710,티앤알바이오팹,KOSDAQ,2705,3095,2635,3265
322310,오로스테크놀로지,KOSDAQ,13760,13620,13100,14840
018470,조일알미늄,KOSPI,1013,1051,1011,1086
008350,남선알미늄,KOSPI,993,975,957,1023
003100,선광,KOSDAQ,19400,19340,18940,19870
322510,제이엘케이,KOSDAQ,4975,4850,4695,5160
205500,넥써쓰,KOSDAQ,1572,1595,1510,1630
020120,키다리스튜디오,KOSPI,3450,3555,3435,3575
388050,지투파워,KOSDAQ,6830,6570,6370,7050
114840,아이패밀리에스씨,KOSDAQ,7590,7550,7500,7850
136540,윈스테크넷,KOSDAQ,10310,10270,10200,10450
040350,크레오에스지,KOSDAQ,6340,6550,6000,6760
418550,제이오,KOSDAQ,3930,3660,3660,4085
382900,범한퓨얼셀,KOSDAQ,14360,14000,13720,14660
036690,코맥스,KOSDAQ,2885,0,0,0
024090,디씨엠,KOSPI,10970,10810,10810,11020
002390,한독,KOSPI,9050,8960,8850,9110
007540,샘표,KOSPI,43300,43400,43100,43850
263860,지니언스,KOSDAQ,13700,13400,13250,13960
321550,티움바이오,KOSDAQ,4115,3965,3795,4350
038290,마크로젠,KOSDAQ,11400,11320,11200,11620
300080,플리토,KOSDAQ,7460,7400,7190,7740
405100,큐알티,KOSDAQ,10010,9730,9540,10230
107590,미원홀딩스,KOSPI,53000,52900,52700,53000
037560,LG헬로비전,KOSPI,1584,1578,1555,1603
086980,쇼박스,KOSDAQ,1963,1965,1938,2015
214390,경보제약,KOSPI,5120,5050,5040,5300
051160,지어소프트,KOSDAQ,7900,7880,7760,7940
095190,신화프리텍,KOSDAQ,1873,1866,1842,1906
274090,켄코아에어로스페이스,KOSDAQ,8870,8570,8210,9230
005800,신영와코루,KOSPI,13570,13580,13300,13580
242040,나무에이엑스,KOSDAQ,3515,3385,3320,3700
0007C0,아크릴,KOSDAQ,15140,14750,14750,16130
333430,일승,KOSDAQ,3955,3975,3815,4285
297890,HB솔루션,KOSDAQ,1660,1594,1575,1698
0088M0,메쥬,KOSDAQ,12280,11800,11330,12700
146320,비씨엔씨,KOSDAQ,9470,8470,8300,11050
350520,이지스레지던스리츠,KOSPI,3285,3265,3200,3295
372170,윤성에프앤씨,KOSDAQ,15120,14330,13940,15470
214420,토니모리,KOSPI,5010,5040,4925,5160
264660,씨앤지하이테크,KOSDAQ,12310,12060,11800,12810
089470,HDC현대EP,KOSPI,3730,3720,3685,3865
445180,퓨릿,KOSDAQ,6900,6800,6710,7100
081000,일진다이아,KOSPI,8350,8330,8000,8550
093640,케이알엠,KOSDAQ,3610,3390,3340,3700
012610,경인양행,KOSPI,2840,2825,2760,2930
147830,제룡산업,KOSDAQ,5900,5870,5790,6120
226590,엠디바이스,KOSDAQ,10990,10150,10150,11320
089600,KT나스미디어,KOSDAQ,10170,10170,10080,10250
014280,금강공업,KOSPI,4010,3940,3930,4050
080420,모다이노칩,KOSDAQ,1475,1390,1390,1525
140670,알에스오토메이션,KOSDAQ,9140,8740,8660,9430
267290,경동도시가스,KOSPI,19900,20400,19900,20900
118990,모트렉스,KOSDAQ,4780,4800,4705,4990
210540,디와이파워,KOSPI,10620,10790,10600,10950
001360,삼성제약,KOSPI,1245,1239,1220,1283
102120,어보브반도체,KOSDAQ,6570,6490,6360,6840
474650,링크솔루션,KOSDAQ,20250,19450,19100,21700
041520,이엘씨,KOSDAQ,9550,9000,9000,9860
027710,팜스토리,KOSDAQ,1043,1024,1024,1058
011280,태림포장,KOSPI,1640,1589,1589,1642
041590,플래스크,KOSDAQ,2370,0,0,0
238540,나노솔루션,KONEX,103800,0,0,0
009270,신원,KOSPI,1010,1015,989,1038
009070,KCTC,KOSPI,3860,3805,3770,3955
489500,엘케이켐,KOSDAQ,18090,16710,16710,18940
361390,제노코,KOSDAQ,11870,11440,11170,12420
458650,성우,KOSDAQ,7680,7570,7400,7840
232680,라온로보틱스,KOSDAQ,8710,8530,8200,9300
340450,지씨지놈,KOSDAQ,4865,4690,4520,4935
078000,텔코웨어,KOSPI,12440,12250,12240,12480
011690,와이투솔루션,KOSPI,3130,2950,2920,3300
034590,인천도시가스,KOSPI,26150,26100,26000,26400
451760,컨텍,KOSDAQ,6920,6700,6470,7500
473980,노머스,KOSDAQ,10320,10350,10120,10690
240550,동방메디컬,KOSDAQ,5440,5320,5170,5540
002460,HS화성,KOSPI,11200,10850,10850,11480
049520,유아이엘,KOSDAQ,3685,3675,3625,3765
285490,노바텍,KOSDAQ,10730,10470,10470,11200
004960,한신공영,KOSPI,9760,9750,9600,10050
142210,유니트론텍,KOSDAQ,5440,5300,5180,5520
032580,피델릭스,KOSDAQ,3405,3475,3220,3475
122450,KX,KOSDAQ,2515,2580,2460,2580
256940,킵스파마,KOSDAQ,5610,5620,5510,5860
079430,현대리바트,KOSPI,5590,5540,5490,5720
095700,제넥신,KOSDAQ,2465,2505,2400,2580
067990,도이치모터스,KOSDAQ,3840,3955,3805,3955
227840,현대코퍼레이션홀딩스,KOSPI,12310,12370,12220,12400
038540,상상인,KOSDAQ,2020,1973,1973,2035
021320,KCC건설,KOSDAQ,5220,5250,5150,5360
001520,동양,KOSPI,1042,1021,1015,1060
059120,아진엑스텍,KOSDAQ,6090,6070,5880,6430
008970,KBI동양철관,KOSPI,1073,1047,1047,1101
002620,제일파마홀딩스,KOSPI,6970,6910,6720,7190
106190,하이텍팜,KOSDAQ,10470,10390,10300,10940
108230,톱텍,KOSDAQ,2925,2985,2915,3030
016710,대성홀딩스,KOSPI,6890,6910,6720,6980
101360,에코앤드림,KOSDAQ,6230,6260,6010,6580
307750,국전,KOSDAQ,2045,1989,1986,2090
083420,그린케미칼,KOSPI,4595,4495,4430,4675
478340,나라스페이스테크놀로지,KOSDAQ,9530,8790,8310,9990
002780,진흥기업,KOSPI,757,783,756,804
149950,아바텍,KOSDAQ,8050,8010,7850,8490
018120,진로발효,KOSDAQ,16600,16440,16310,16830
289080,SV인베스트먼트,KOSDAQ,1824,1754,1725,1889
006620,동구바이오제약,KOSDAQ,3850,3885,3770,3920
011810,STX,KOSPI,3530,0,0,0
009780,엠에스씨,KOSDAQ,6220,6070,6070,6260
290720,푸드나무,KOSDAQ,3080,3175,2980,3270
013570,디와이,KOSPI,4145,4175,4060,4230
051360,토비스,KOSDAQ,11280,11350,11010,11580
396300,세아메카닉스,KOSDAQ,4100,4050,3980,4275
067290,JW신약,KOSDAQ,1936,1865,1858,2105
041440,현대에버다임,KOSDAQ,6060,5940,5820,6170
432720,퀄리타스반도체,KOSDAQ,7620,7100,7080,7820
037350,성도이엔지,KOSDAQ,7090,7070,6950,7340
010100,한국무브넥스,KOSPI,3540,3475,3450,3660
362320,청담글로벌,KOSDAQ,5090,5200,5090,5340
014530,극동유화,KOSPI,3080,3105,3065,3120
371950,풍원정밀,KOSDAQ,4730,4430,4430,4855
077500,유니퀘스트,KOSPI,4960,4840,4760,5170
402490,그린리소스,KOSDAQ,6320,6070,6060,6700
259630,엠플러스,KOSDAQ,8750,8740,8530,9070
265740,엔에프씨,KOSDAQ,5980,6050,5920,6300
054050,NH농우바이오,KOSDAQ,6660,6680,6650,6750
211270,AP위성,KOSDAQ,7070,6710,6710,7390
014580,태경비케이,KOSPI,3860,3900,3845,3950
063570,NICE인프라,KOSDAQ,3115,3110,3060,3140
469610,이노테크,KOSDAQ,11890,11370,11330,12070
126730,코칩,KOSDAQ,12120,11380,11150,12590
148150,세경하이테크,KOSDAQ,2990,2935,2850,3060
357880,SKAI,KOSDAQ,2005,1952,1880,2145
053080,케이엔솔,KOSDAQ,8150,7950,7520,8490
053700,삼보모터스,KOSDAQ,3965,3915,3880,4070
217270,넵튠,KOSDAQ,2265,2180,2180,2340
282880,코윈테크,KOSDAQ,9050,8650,8580,10270
338220,뷰노,KOSDAQ,7550,7280,7120,7770
039340,한국경제TV,KOSDAQ,4800,4760,4720,4830
067900,와이엔텍,KOSDAQ,5800,5690,5690,5860
120030,조선선재,KOSPI,83800,84000,81500,84400
267320,나인테크,KOSDAQ,1835,1800,1759,1904
012320,경동인베스트,KOSPI,44500,42800,42800,45450
035000,HS애드,KOSPI,6490,6540,6420,6590
035080,그래디언트,KOSDAQ,9190,9010,9010,9400
058820,CMG제약,KOSDAQ,709,730,700,754
052260,현대바이오랜드,KOSDAQ,3500,3230,3210,3535
109740,디에스케이,KOSDAQ,4080,4090,3930,4230
101170,우림피티에스,KOSDAQ,7760,7300,7020,8070
044340,위닉스,KOSDAQ,5860,5300,5270,6270
331920,셀레믹스,KOSDAQ,9350,8550,8550,9500
394420,리센스메디컬,KOSDAQ,9470,8880,8600,10080
115310,인포바인,KOSDAQ,7020,6670,6670,7080
248170,샘표식품,KOSPI,22750,22450,22300,22950
220260,켐트로스,KOSDAQ,3240,3215,3125,3365
047310,파워로직스,KOSDAQ,2820,2735,2700,2940
120240,대정화금,KOSDAQ,14330,14420,14130,14420
452450,피아이이,KOSDAQ,2850,2710,2680,3000
054920,한컴위드,KOSDAQ,3635,3620,3440,3665
051980,중앙첨단소재,KOSDAQ,923,900,880,971
070960,모나용평,KOSPI,2130,2120,2090,2180
488280,에스투더블유,KOSDAQ,9480,8990,8710,9740
073560,우리손에프앤지,KOSDAQ,1475,1463,1463,1492
021080,에이티넘인베스트,KOSDAQ,2125,2095,2080,2210
027970,한국제지,KOSPI,536,0,0,0
032940,원익,KOSDAQ,5600,5280,5110,6450
192410,오늘이엔엠,KOSDAQ,4045,3720,3535,4120
059210,메타바이오메드,KOSDAQ,3745,3650,3610,3780
388790,라이콤,KOSDAQ,3320,3240,3155,3490
019180,티에이치엔,KOSPI,5640,5640,5520,5870
226400,오스테오닉,KOSDAQ,4910,4900,4850,5200
021820,세원정공,KOSPI,10080,9900,9840,10350
119650,KC코트렐,KOSPI,918,0,0,0
264900,크라운제과,KOSPI,8040,8050,7930,8130
008040,사조동아원,KOSPI,713,705,705,748
042600,새로닉스,KOSDAQ,8100,8010,7770,8300
166480,코아스템켐온,KOSDAQ,1902,1809,1775,1950
100700,세운메디칼,KOSDAQ,2295,2285,2265,2335
017550,수산세보틱스,KOSPI,1610,1570,1570,1725
267850,아시아나IDT,KOSPI,9050,9130,9050,9400
023450,동남합성,KOSPI,28650,28300,28300,28700
002450,삼익악기,KOSPI,1107,1104,1081,1113
366030,나인앤컴퍼니,KOSDAQ,4420,4210,4200,4450
309960,LB인베스트먼트,KOSDAQ,4310,4280,4130,4660
009580,무림P&P,KOSPI,1604,1630,1600,1648
417500,제이아이테크,KOSDAQ,3050,2970,2925,3160
228850,레이언스,KOSDAQ,6010,5880,5880,6580
012200,계양전기,KOSPI,3660,3555,3515,3870
308080,바이젠셀,KOSDAQ,4855,4730,4730,5150
246720,아스타,KOSDAQ,6070,0,0,0
141000,비아트론,KOSDAQ,8200,7800,7570,8250
004250,NPC,KOSPI,2690,2790,2675,2800
013310,아진산업,KOSDAQ,2545,2485,2470,2610
158430,아톤,KOSDAQ,4030,3855,3675,4140
078935,GS우,KOSPI,55400,57000,55100,57000
453450,그리드위즈,KOSDAQ,12400,12190,11870,12790
131030,옵투스제약,KOSDAQ,5580,5400,5340,5670
040300,YTN,KOSDAQ,2055,2060,2015,2075
092220,KEC,KOSPI,2440,2430,2340,2550
036630,세종텔레콤,KOSDAQ,6990,7010,6800,7180
083500,에프엔에스테크,KOSDAQ,11780,11200,10910,12140
039560,다산네트웍스,KOSDAQ,2280,2200,2170,2330
228670,레이,KOSDAQ,6250,5020,5020,6510
066790,씨씨에스,KOSDAQ,1493,0,0,0
056090,시지메드텍,KOSDAQ,942,905,900,995
418420,라온텍,KOSDAQ,3155,3015,2970,3285
317770,엑스페릭스,KOSDAQ,2640,2690,2570,2840
073010,케이에스피,KOSDAQ,2405,2415,2380,2525
068240,다원시스,KOSDAQ,2530,0,0,0
123040,엠에스오토텍,KOSDAQ,1530,1490,1461,1574
047560,이스트소프트,KOSDAQ,8150,7590,7500,8330
297090,씨에스베어링,KOSDAQ,3510,3480,3400,3590
008700,아남전자,KOSPI,1238,1217,1206,1279
105330,케이엔더블유,KOSDAQ,5960,6070,5860,6140
071280,로체시스템즈,KOSDAQ,6240,6110,5920,6290
205100,엑셈,KOSDAQ,1350,1342,1330,1375
474170,루미르,KOSDAQ,5350,5360,5080,5760
352090,스톰테크,KOSDAQ,3545,3555,3460,3605
299030,하나기술,KOSDAQ,11890,11870,10810,12350
012800,대창,KOSPI,1042,1042,1032,1075
307930,컴퍼니케이,KOSDAQ,6060,5670,5670,6300
123690,한국화장품,KOSPI,5830,5810,5700,5960
298540,더네이쳐홀딩스,KOSDAQ,6460,6420,6350,6520
091440,한울소재과학,KOSDAQ,2735,2790,2720,2865
323990,박셀바이오,KOSDAQ,4015,3955,3900,4190
016740,두올,KOSPI,3245,3135,3120,3250
017510,세명전기,KOSDAQ,6100,5950,5820,6260
067830,세이브존I&C,KOSPI,2260,2195,2190,2320
066590,스모트로닉,KOSDAQ,2390,2410,2360,2510
336680,탑런토탈솔루션,KOSDAQ,2360,2275,2275,2385
007210,벽산,KOSPI,1407,1408,1391,1439
042500,링네트,KOSDAQ,4120,4170,4110,4275
002230,피에스텍,KOSDAQ,4975,4555,4420,5260
047770,코데즈컴바인,KOSDAQ,2420,2300,2295,2510
163730,핑거,KOSDAQ,7620,7600,7380,8000
058850,KTcs,KOSPI,2210,2210,2180,2215
006840,AK홀딩스,KOSPI,6880,6760,6610,6890
115500,케이씨에스,KOSDAQ,7590,7550,7310,7980
086710,선진뷰티사이언스,KOSDAQ,7450,7560,7340,7640
002220,한일철강,KOSPI,3405,3000,2910,3490
008260,NI스틸,KOSPI,3175,3215,3115,3215
023900,풍국주정,KOSDAQ,7170,7080,7020,7260
093920,서원인텍,KOSDAQ,4855,4830,4755,4885
380550,뉴로핏,KOSDAQ,7400,7010,6900,7600
040420,정상제이엘에스,KOSDAQ,5750,5760,5700,5790
001275,부국증권우,KOSPI,30000,30050,30000,30700
014440,영보화학,KOSPI,4500,4485,4455,4515
475580,에이럭스,KOSDAQ,6570,6260,6260,6750
006660,삼성공조,KOSPI,11010,11090,10820,11980
036580,팜스코,KOSPI,2430,2590,2395,2590
036220,오상헬스케어,KOSDAQ,6230,6000,6000,6350
014790,HL D&I,KOSPI,2350,2355,2310,2395
074430,아미노로직스,KOSDAQ,1009,1002,999,1034
088130,동아엘텍,KOSDAQ,5050,4940,4845,5170
033560,블루콤,KOSDAQ,5160,4845,4645,5160
032560,황금에스티,KOSPI,5190,5200,5160,5330
189330,씨이랩,KOSDAQ,9400,9090,9010,9880
172670,에이엘티,KOSDAQ,9840,9010,8800,10400
209640,와이제이링크,KOSDAQ,3095,2910,2910,3200
125210,아모그린텍,KOSDAQ,5330,5090,4985,5440
023000,삼원강재,KOSPI,2210,2160,2140,2230
052420,오성첨단소재,KOSDAQ,9000,8630,8620,9110
474610,RF시스템즈,KOSDAQ,6080,5840,5600,6230
357230,에이치피오,KOSDAQ,2120,2130,2115,2170
104460,디와이피엔에프,KOSDAQ,8300,8140,7720,8310
005860,한일사료,KOSDAQ,2215,2145,2145,2275
058860,KTis,KOSPI,2505,2475,2475,2515
217820,원익피앤이,KOSDAQ,1835,1779,1735,1871
042510,라온시큐어,KOSDAQ,7830,7670,7470,7970
099750,이지케어텍,KOSDAQ,6360,6650,6290,6660
289930,웨이비스,KOSDAQ,6600,6550,6250,6830
330350,위더스제약,KOSDAQ,6550,6470,6410,6670
044990,에이치엔에스하이텍,KOSDAQ,11240,10710,10590,11800
053260,금강철강,KOSDAQ,4610,4800,4610,4800
063170,서울옥션,KOSDAQ,4855,4875,4770,4945
282720,금양그린파워,KOSDAQ,7110,7000,6910,7400
396470,워트,KOSDAQ,5340,5250,5010,5450
417010,나노팀,KOSDAQ,4265,4000,3940,4400
418470,KT밀리의서재,KOSDAQ,10040,10330,9870,10450
37550L,DL이앤씨2우(전환),KOSPI,40700,39700,39650,41500
078140,대봉엘에스,KOSDAQ,7750,7650,7630,8180
004650,창해에탄올,KOSDAQ,9300,9200,9140,9370
182360,큐브엔터,KOSDAQ,5490,5210,5160,5650
072020,중앙백신,KOSDAQ,9200,9120,9100,9290
079650,서산,KOSDAQ,4250,4220,4215,4700
053580,웹케시,KOSDAQ,6550,6290,6290,6600
013700,까뮤이앤씨,KOSPI,1419,1470,1407,1491
322180,LS티라유텍,KOSDAQ,3940,3880,3800,4050
109610,에스와이,KOSDAQ,1730,1701,1665,1765
019540,일지테크,KOSDAQ,6260,6160,6060,6280
348350,위드텍,KOSDAQ,8470,8590,8250,8900
004140,동방,KOSPI,1760,1751,1741,1796
0017J0,세미티에스,KOSDAQ,2800,2610,2560,2930
033290,로젠,KOSDAQ,1500,1523,1397,1540
210980,SK디앤디,KOSPI,4515,4265,4260,4595
049180,셀루메드,KOSDAQ,1009,0,0,0
235980,메드팩토,KOSDAQ,2450,2380,2320,2550
065450,빅텍,KOSDAQ,2845,2820,2770,2900
015590,DKME,KOSPI,1571,1639,1570,1700
183490,엔지켐생명과학,KOSDAQ,990,0,0,0
037030,파워넷,KOSDAQ,3280,3155,3060,3410
130580,나이스디앤비,KOSDAQ,5430,5440,5390,5440
337930,젝시믹스,KOSDAQ,2815,2745,2745,2895
025950,동신건설,KOSDAQ,9940,9660,9520,10500
004100,태양금속,KOSPI,2275,2260,2260,2355
330730,스톤브릿지벤처스,KOSDAQ,4580,4540,4435,4720
096240,크레버스,KOSDAQ,8140,8270,8140,8460
139990,아주스틸,KOSPI,2150,2035,2035,2165
025620,차AI헬스케어,KOSPI,4575,4435,4285,4690
049950,미래컴퍼니,KOSDAQ,9430,9470,8900,9890
017650,대림제지,KOSDAQ,9450,9500,9320,9510
149980,하이로닉,KOSDAQ,4825,4760,4695,4990
067000,조이시티,KOSDAQ,1186,1141,1110,1187
053350,이니텍,KOSDAQ,3750,3625,3590,3850
302550,리메드,KOSDAQ,2670,2605,2565,2720
004840,DRB동일,KOSPI,4280,4285,4200,4480
004890,동일산업,KOSPI,34000,33650,33450,34400
066430,아이로보틱스,KOSDAQ,2105,2140,2005,2335
263720,디앤씨미디어,KOSDAQ,6600,6400,6300,6720
487580,폴레드,KOSDAQ,3250,3320,3245,3380
175250,아이큐어,KOSDAQ,2170,0,0,0
100130,동국S&C,KOSDAQ,1425,1411,1411,1470
029480,광무,KOSDAQ,1363,1349,1313,1416
005740,크라운해태홀딩스,KOSPI,5470,5450,5430,5590
250060,모비스,KOSDAQ,2520,2480,2465,2635
412540,제일엠앤에스,KOSDAQ,3935,0,0,0
002600,조흥,KOSPI,134600,136500,134200,136500
153890,져스텍,KOSDAQ,6690,5980,5980,7680
037760,쎄니트,KOSDAQ,2380,2385,2355,2390
092040,아미코젠,KOSDAQ,1139,1139,1083,1190
048530,인트론바이오,KOSDAQ,2605,2520,2460,2660
058630,엠게임,KOSDAQ,4285,4265,4235,4380
129920,대성하이텍,KOSDAQ,4945,4610,4610,5230
363280,티와이홀딩스,KOSPI,1764,1720,1720,1768
054040,한국컴퓨터,KOSDAQ,4985,4830,4830,5050
311320,지오엘리먼트,KOSDAQ,6330,6270,6200,6580
102370,케이옥션,KOSDAQ,3080,2975,2900,3090
032300,한국파마,KOSDAQ,7310,7110,7110,7770
001470,삼부토건,KOSPI,347,0,0,0
950130,엑세스바이오,KOSDAQ,2265,2150,2150,2320
452190,한빛레이저,KOSDAQ,3325,3195,3160,3450
053280,예스24,KOSDAQ,3180,3110,3000,3260
063080,컴투스홀딩스,KOSDAQ,12050,11760,11750,12420
023800,인지컨트롤스,KOSPI,5020,5150,4910,5220
131370,알서포트,KOSDAQ,1489,1472,1456,1497
054670,대한뉴팜,KOSDAQ,5520,5600,5500,5680
086960,MDS테크,KOSDAQ,1861,1760,1760,1895
012700,리드코프,KOSDAQ,3020,3025,2990,3090
163560,동일고무벨트,KOSPI,5690,5620,5470,5700
067370,선바이오,KOSDAQ,6470,6150,6130,6590
389030,지니너스,KOSDAQ,2005,2010,1921,2110
0117P0,피스피스스튜디오,KOSDAQ,5560,5420,5380,5710
214260,라파스,KOSDAQ,8820,8230,8230,8870
019550,SBI인베스트먼트,KOSDAQ,971,960,959,1012
320000,한울반도체,KOSDAQ,11670,11340,11230,13490
066700,테라젠이텍스,KOSDAQ,2115,2035,2025,2155
006090,사조오양,KOSPI,8330,8150,8150,8360
187790,나노,KOSDAQ,2545,2410,2320,2750
036640,HRS,KOSDAQ,4790,4780,4760,4840
054540,삼영엠텍,KOSDAQ,6020,5910,5750,6270
215100,로보로보,KOSDAQ,3840,3810,3715,4015
494120,큐리오시스,KOSDAQ,10190,9270,9030,10700
009300,삼아제약,KOSDAQ,12200,12230,12050,12270
463020,뉴엔AI,KOSDAQ,8750,8120,7320,9650
0218L0,네오뷰,KOSDAQ,14660,14800,14530,15650
080010,이상네트웍스,KOSDAQ,7860,7700,7660,7930
084680,이월드,KOSPI,545,530,519,588
009180,한솔로지스틱스,KOSPI,2740,2750,2700,2760
255440,야스,KOSDAQ,5900,5550,5430,6700
377480,마음AI,KOSDAQ,10820,10700,10030,11180
303810,동국생명과학,KOSDAQ,2405,2400,2340,2415
263800,데이타솔루션,KOSDAQ,4735,4655,4565,4920
007590,동방아그로,KOSPI,5640,5630,5570,5660
331380,포커스에이아이,KOSDAQ,2100,1985,1965,2115
900260,로스웰,KOSDAQ,1665,1639,1634,1704
052900,KX하이텍,KOSDAQ,998,985,971,1039
002200,한국수출포장,KOSPI,2280,2255,2250,2285
007980,TP,KOSPI,1623,1628,1603,1646
073640,테라사이언스,KOSDAQ,654,0,0,0
111380,동인기연,KOSPI,12400,12400,12160,12450
040910,아이씨디,KOSDAQ,4175,4045,4000,4190
078890,가온그룹,KOSDAQ,4115,3950,3860,4315
052460,아이크래프트,KOSDAQ,5190,4925,4435,5650
101330,모베이스,KOSDAQ,3275,3180,3150,3385
290740,액트로,KOSDAQ,7520,6620,6620,8400
002700,신일전자,KOSPI,1104,1086,1086,1250
173130,오파스넷,KOSDAQ,5800,5760,5660,5870
156100,엘앤케이바이오,KOSDAQ,3385,3130,3070,3490
065510,휴비츠,KOSDAQ,6950,7000,6780,7040
004590,한국가구,KOSDAQ,5040,5000,4900,5130
069730,DSR제강,KOSPI,5250,5520,5200,5520
381620,제닉스로보틱스,KOSDAQ,5760,5800,5520,6060
038110,에코플라스틱,KOSDAQ,1833,1836,1811,1896
004720,팜젠사이언스,KOSPI,3330,3295,3270,3390
0011A0,액스비스,KOSDAQ,8070,7690,7650,8530
014160,대영포장,KOSPI,694,688,682,720
054620,APS,KOSDAQ,4085,3950,3950,4230
024830,세원물산,KOSDAQ,8970,8550,8500,9150
306620,지아이에스,KOSDAQ,1562,1560,1506,1628
475230,엔알비,KOSDAQ,6870,6480,6410,6950
096775,SK이노베이션우,KOSPI,59900,60800,59400,60800
061250,화일약품,KOSDAQ,8880,8740,8620,9000
265560,영화테크,KOSDAQ,6990,6910,6840,7170
493330,지에프아이,KOSDAQ,9500,9700,9000,11250
043610,KT지니뮤직,KOSDAQ,1275,1285,1227,1302
047820,초록뱀미디어,KOSDAQ,3025,2880,2880,3065
000440,중앙에너비스,KOSDAQ,11860,12260,11790,12260
950250,테라뷰,KOSDAQ,2075,1982,1950,2270
000590,CS홀딩스,KOSPI,63800,63500,62000,63800
036010,아비코전자,KOSDAQ,5540,5270,5110,5790
019680,대교,KOSPI,915,906,890,916
000105,유한양행우,KOSPI,62300,62200,61500,64000
451250,삐아,KOSDAQ,7190,6900,6900,7430
109070,주성코퍼레이션,KOSPI,1385,1437,1350,1444
001290,상상인증권,KOSPI,675,613,613,699
024880,케이피에프,KOSDAQ,3665,3580,3580,3770
039980,폴라리스AI,KOSDAQ,5080,4900,4535,5340
413390,엠오티,KOSDAQ,6300,6110,6100,6370
365660,레몬헬스케어,KOSDAQ,5460,5700,5410,6220
013870,지엠비코리아,KOSPI,3820,3830,3770,3885
212710,아이에스티이,KOSDAQ,7490,7310,7040,7730
090470,제이스로보틱스,KOSDAQ,4160,3995,3960,4325
013360,일성건설,KOSPI,1345,1314,1314,1474
170030,현대공업,KOSDAQ,4730,4635,4570,4795
011700,한신기계,KOSPI,2235,2160,2160,2325
011370,서한,KOSDAQ,718,736,716,736
063160,종근당바이오,KOSPI,13200,12880,12850,13400
332370,아이디피,KOSDAQ,5450,5400,5360,5450
217330,싸이토젠,KOSDAQ,3120,3150,2940,3155
067570,엔브이에이치코리아,KOSDAQ,1708,1683,1683,1744
234300,에스트래픽,KOSDAQ,2645,2715,2645,2730
234920,자이글,KOSDAQ,5310,0,0,0
060590,씨티씨바이오,KOSDAQ,2970,2870,2870,3010
208140,정다운,KOSDAQ,2195,2160,2160,2195
017480,삼현철강,KOSDAQ,4620,4655,4620,4720
104040,디에스엠,KOSDAQ,2660,2690,2500,2690
000180,성창기업지주,KOSPI,5110,5110,5080,5340
171120,라이온켐텍,KOSDAQ,1985,1990,1962,1995
005750,대림바스,KOSPI,4290,4330,4205,4370
000230,일동홀딩스,KOSPI,6160,6050,5980,6200
338100,NH프라임리츠,KOSPI,3805,3845,3755,3845
223250,드림씨아이에스,KOSDAQ,2880,2830,2770,2975
443670,에스피소프트,KOSDAQ,2950,2870,2810,3060
0156T0,에이치엘지노믹스,KOSDAQ,9100,9410,9090,10010
115440,우리넷,KOSDAQ,6560,6090,6090,6720
290660,다이나믹솔루션,KOSDAQ,1651,1748,1650,1761
011150,CJ씨푸드,KOSPI,1960,1915,1915,1998
017370,우신시스템,KOSPI,3825,3810,3585,3990
347890,엠엑스온,KOSDAQ,4115,4170,4115,4315
010960,삼호개발,KOSPI,2900,2990,2885,3060
001260,남광토건,KOSPI,7110,7150,7100,7420
020710,시공테크,KOSDAQ,3485,3490,3435,3600
294630,서남,KOSDAQ,2635,2630,2590,2740
030960,양지사,KOSDAQ,4360,4450,4270,4450
225530,HC보광산업,KOSDAQ,1916,1900,1831,1935
002795,아모레퍼시픽홀딩스우,KOSPI,10910,10980,10710,11110
007610,선도전기,KOSPI,3860,3830,3730,4045
033130,디지틀조선,KOSDAQ,1872,1876,1831,1930
000850,화천기공,KOSPI,31550,31450,31050,31850
084730,팅크웨어,KOSDAQ,6240,6240,6130,6300
234030,싸이닉솔루션,KOSDAQ,2935,2800,2770,3050
052860,아이앤씨,KOSDAQ,3875,3805,3695,3995
475430,키스트론,KOSDAQ,3875,3760,3690,3975
196490,디에이테크놀로지,KOSDAQ,6090,0,0,0
085670,뉴프렉스,KOSDAQ,2820,2715,2715,2950
011320,유니크,KOSDAQ,3570,3730,3560,3800
417970,모델솔루션,KOSDAQ,10770,9960,9540,11070
155660,DSR,KOSPI,4305,4285,4285,4415
153710,옵티팜,KOSDAQ,4675,4895,4450,4895
079980,휴비스,KOSPI,1986,1989,1912,2020
066980,한성크린텍,KOSDAQ,1276,1250,1237,1345
389140,포바이포,KOSDAQ,4785,4800,4520,4930
201490,미투온,KOSDAQ,2085,2010,2000,2140
107600,새빗켐,KOSDAQ,12050,11350,11150,12740
031820,아이티센씨티에스,KOSPI,5620,5480,5470,5740
045970,코아시아,KOSDAQ,2585,2565,2480,2780
082210,옵트론텍,KOSDAQ,1945,2000,1828,2065
250030,진코스텍,KONEX,23500,23900,22000,24500
105740,디케이락,KOSDAQ,6680,6690,6580,6810
041910,폴라리스AI파마,KOSDAQ,5110,5100,5000,5320
006140,피제이전자,KOSDAQ,4565,4515,4400,4665
096250,와이즈넛,KOSDAQ,5740,5490,5490,5850
124560,태웅로직스,KOSDAQ,1750,1696,1696,1776
001020,페이퍼코리아,KOSPI,1903,1840,1753,1918
382480,지아이텍,KOSDAQ,1717,1684,1650,1755
041930,SY동아,KOSDAQ,4445,4380,4305,4490
009770,삼정펄프,KOSPI,27000,27450,26600,27450
045660,에이텍,KOSDAQ,8170,8380,8140,8390
095720,웅진씽크빅,KOSPI,1187,1181,1161,1214
185490,아이진,KOSDAQ,1560,1451,1450,1590
002720,국제약품,KOSPI,3185,3170,3095,3240
251120,바이오에프디엔씨,KOSDAQ,7740,7440,7210,7860
214680,디알텍,KOSDAQ,806,782,763,829
006890,태경케미컬,KOSPI,5790,5400,5400,5790
222110,팬젠,KOSDAQ,4960,4855,4815,5050
009190,대양금속,KOSPI,1520,1554,1502,1709
091120,이엠텍,KOSDAQ,3900,3580,3580,3930
0015N0,아로마티카,KOSDAQ,5310,5460,5170,5550
038460,바이오스마트,KOSDAQ,2640,2585,2520,2700
109860,동일금속,KOSDAQ,7320,7130,7130,7330
094860,네오리진,KOSDAQ,1253,1205,1205,1300
128660,피제이메탈,KOSDAQ,2675,2660,2635,2685
062970,한국첨단소재,KOSDAQ,1162,0,0,0
008830,대동기어,KOSDAQ,7380,7000,7000,8330
478560,블랙야크아이앤씨,KOSDAQ,2565,2325,2325,2600
038680,에스넷,KOSDAQ,3325,3310,3305,3455
032540,TJ미디어,KOSDAQ,3165,3105,3060,3165
365330,에스와이스틸텍,KOSDAQ,1317,1289,1271,1355
221800,지구홀딩스,KOSDAQ,4045,3925,3670,4325
024740,한일단조,KOSDAQ,2005,1998,1976,2060
110790,크리스에프앤씨,KOSDAQ,2815,2705,2705,2820
032850,비트컴퓨터,KOSDAQ,3965,3860,3860,4040
018500,동원모빌리티,KOSPI,1409,1400,1397,1435
003580,HLB글로벌,KOSPI,1300,1249,1241,1337
253840,수젠텍,KOSDAQ,3925,3765,3765,4100
464490,쿼드메디슨,KOSDAQ,5720,5510,5380,5890
016090,대현,KOSPI,1480,1466,1463,1491
120115,코오롱인더우,KOSPI,23600,23500,23200,23850
049550,잉크테크,KOSDAQ,3325,3240,3210,3390
036000,예림당,KOSDAQ,2830,2840,2810,2905
451220,아이엠티,KOSDAQ,8260,8180,7880,8710
084670,동양고속,KOSPI,22400,23100,21900,24100
048430,유라테크,KOSDAQ,5620,5500,5500,5760
396690,미래에셋글로벌리츠,KOSPI,1631,1638,1595,1638
065170,비엘팜텍,KOSDAQ,2305,2260,2260,2585
238090,앤디포스,KOSDAQ,2110,2010,1904,2180
079810,APS이노베이션,KOSDAQ,2985,2780,2770,3055
004780,대륙제관,KOSDAQ,4030,4170,4020,4170
002800,신신제약,KOSDAQ,4220,4140,4120,4310
198440,강동씨앤엘,KOSDAQ,1050,1099,1050,1118
208370,셀바스헬스케어,KOSDAQ,2485,2385,2350,2585
088390,이녹스,KOSDAQ,6800,6920,6500,7090
419050,삼기에너지솔루션즈,KOSDAQ,1115,1144,1042,1152
360070,탑머티리얼,KOSDAQ,7760,7460,7150,7850
001560,제일연마,KOSPI,8360,8480,8360,8520
382840,원준,KOSDAQ,4160,3955,3955,4335
321370,센서뷰,KOSDAQ,1229,1179,1095,1260
388870,파로스아이바이오,KOSDAQ,4900,4735,4630,5070
089850,유비벨록스,KOSDAQ,4300,4105,4105,4350
217190,제너셈,KOSDAQ,4805,4805,4650,4900
204840,지엘팜텍,KOSDAQ,814,0,0,0
460940,피앤에스로보틱스,KOSDAQ,4690,4500,4415,4945
396270,넥스트칩,KOSDAQ,1918,1876,1790,1970
270520,앱튼,KOSDAQ,3205,3155,3070,3265
049080,기가레인,KOSDAQ,7400,7430,6960,8170
303360,프로티아,KOSDAQ,4875,4915,4825,5090
456070,이엔셀,KOSDAQ,5690,5460,5320,5990
010240,흥국,KOSDAQ,5360,5330,5330,5440
357580,아모센스,KOSDAQ,5320,5200,5170,5740
001840,이화공영,KOSDAQ,2215,0,0,0
33626K,두산퓨얼셀1우,KOSPI,4680,4575,4350,4835
083790,CG인바이츠,KOSDAQ,812,769,762,825
294090,이오플로우,KOSDAQ,1490,0,0,0
456570,아이엠지티,KONEX,11830,11000,10700,11840
068290,삼성출판사,KOSPI,6220,6100,6050,6230
432470,케이엔에스,KOSDAQ,7090,7050,6810,7450
039420,케이엘넷,KOSDAQ,2710,2670,2670,2750
081150,티플랙스,KOSDAQ,2560,2550,2505,2630
0004V0,엔비알모션,KOSDAQ,5640,5350,5230,5990
009200,무림페이퍼,KOSPI,1490,1445,1444,1519
203400,에이비온,KOSDAQ,688,679,655,745
003925,남양유업우,KOSPI,30950,30700,30200,31050
043650,국순당,KOSDAQ,3465,3575,3405,3575
214270,FSN,KOSDAQ,1365,1325,1318,1378
026150,특수건설,KOSDAQ,3520,3470,3470,3695
041460,한국전자인증,KOSDAQ,3250,3280,3205,3320
100220,비상교육,KOSPI,4750,5210,4705,5270
012790,신일제약,KOSDAQ,5140,5030,5030,5210
096350,대창솔루션,KOSDAQ,1671,1685,1602,1712
059270,해성에어로보틱스,KOSDAQ,5510,5310,5110,5650
058400,KNN,KOSDAQ,4645,4615,4455,4805
117670,알파칩스,KOSDAQ,9230,8970,8970,9730
307870,비투엔,KOSDAQ,826,859,805,859
010280,아이티센엔텍,KOSDAQ,4700,4635,4510,4860
387690,레메디,KOSDAQ,8020,8310,7910,8700
085310,엔케이,KOSPI,8220,8150,7910,8290
005670,푸드웰,KOSDAQ,6090,6000,5980,6160
072130,유엔젤,KOSPI,4770,4940,4770,4965
058730,다스코,KOSPI,2985,3070,2975,3190
347000,센코,KOSDAQ,1598,1552,1530,1600
076610,해성옵틱스,KOSDAQ,1018,1003,977,1050
004440,삼일씨엔에스,KOSPI,4735,4655,4630,4795
066310,큐에스아이,KOSDAQ,6490,6410,6340,6780
443250,레뷰코퍼레이션,KOSDAQ,5560,5470,5420,5660
347860,알체라,KOSDAQ,1425,1384,1364,1466
014970,삼륭물산,KOSDAQ,4040,4400,3955,4400
111110,호전실업,KOSPI,6590,6610,6480,6610
162300,신스틸,KOSDAQ,1439,1406,1370,1450
142280,녹십자엠에스,KOSDAQ,2490,2455,2455,2580
123420,위메이드플레이,KOSDAQ,5720,5710,5630,5800
007820,엠엑스로보틱스,KOSDAQ,2965,2915,2855,3050
065530,와이어블,KOSDAQ,1237,1178,1153,1278
007460,에이프로젠,KOSPI,2500,2315,2310,2630
417790,트루엔,KOSDAQ,5630,5500,5450,5660
229500,노브메타파마,KONEX,4530,4950,4520,5300
126880,제이엔케이글로벌,KOSDAQ,2535,2500,2495,2620
241690,유니테크노,KOSDAQ,2400,2300,2300,2420
111710,남화산업,KOSDAQ,2850,2915,2750,2915
010040,한국내화,KOSPI,1425,1397,1370,1464
089230,THE E&M,KOSDAQ,1519,1298,1267,1600
043710,코스리거글로벌,KOSDAQ,3370,3285,3285,3500
010660,화천기계,KOSPI,2650,2690,2590,2735
039010,현대에이치티,KOSDAQ,6750,6080,6080,6890
0015S0,페스카로,KOSDAQ,5900,5780,5760,6140
453860,에이에스텍,KOSDAQ,9030,9060,8820,9140
333620,엔시스,KOSDAQ,5290,5250,5070,5400
099520,DGI,KOSDAQ,1284,0,0,0
002760,보락,KOSPI,970,984,949,995
331740,아우토크립트,KOSDAQ,5950,5860,5860,6260
005870,휴니드,KOSPI,4110,4130,4050,4210
291650,압타머사이언스,KOSDAQ,950,0,0,0
054300,팬스타엔터프라이즈,KOSDAQ,1000,961,950,1000
072950,빛샘전자,KOSDAQ,7180,7050,6930,7530
008370,원풍,KOSDAQ,4815,4785,4760,4835
004770,써니전자,KOSPI,1620,1630,1600,1654
137950,제이씨케미칼,KOSDAQ,2580,2695,2530,2700
0007J0,인벤테라,KOSDAQ,7300,6630,6630,7470
094850,참좋은여행,KOSDAQ,4090,4115,4065,4225
067920,이글루,KOSDAQ,5190,5110,5040,5280
055490,테이팩스,KOSPI,11900,11590,11400,12140
318160,셀바이오휴먼텍,KOSDAQ,6100,6100,5680,6140
071090,하이스틸,KOSPI,2820,2785,2770,2920
261780,아리바이오랩,KOSDAQ,2030,2065,2000,2145
263690,디알젬,KOSDAQ,5020,4920,4885,5080
168330,내츄럴엔도텍,KOSDAQ,1790,1779,1749,1793
277880,티에스아이,KOSDAQ,2860,2735,2735,2965
323350,다원넥스뷰,KOSDAQ,7080,6540,6200,7260
348150,고바이오랩,KOSDAQ,2920,2850,2780,2965
075180,새론오토모티브,KOSPI,2950,2980,2910,3005
095270,웨이브일렉트로,KOSDAQ,3940,3650,3650,3980
007110,일신석재,KOSPI,730,735,716,755
000220,유유제약,KOSPI,3580,3510,3490,3610
251630,브이원텍,KOSDAQ,3525,3395,3375,3660
179530,애드바이오텍,KOSDAQ,2085,2030,1990,2180
010770,평화홀딩스,KOSPI,3830,3890,3745,3920
024900,디와이덕양,KOSPI,1717,1720,1678,1736
129260,인터지스,KOSPI,1879,1895,1877,1910
100030,인지소프트,KOSDAQ,17000,17010,16710,17320
216050,인크로스,KOSDAQ,4575,4625,4570,4685
246960,SCL사이언스,KOSDAQ,1639,1630,1592,1692
061040,알에프텍,KOSDAQ,6160,6270,6040,6270
003465,유화증권우,KOSPI,3185,3245,2930,3245
053620,태양,KOSDAQ,6470,6510,6380,6570
215360,우리산업,KOSDAQ,6080,5970,5930,6260
340930,성원에너텍,KOSDAQ,806,0,0,0
020760,일진디스플,KOSPI,902,0,0,0
090080,평화산업,KOSPI,1010,1012,977,1016
049480,오픈베이스,KOSDAQ,1764,1755,1754,1828
050960,수산아이앤티,KOSDAQ,8200,8270,8170,8300
136150,원일티엔아이,KOSDAQ,6600,6440,6350,6990
140070,서플러스글로벌,KOSDAQ,1495,1494,1451,1580
137080,나래나노텍,KOSDAQ,5160,5080,5000,5230
003010,혜인,KOSPI,4325,4315,4210,4415
045340,토탈소프트,KOSDAQ,6420,6400,6240,6540
134580,탑코미디어,KOSDAQ,1112,981,951,1157
448710,코츠테크놀로지,KOSDAQ,10370,10150,10130,10680
048910,대원미디어,KOSDAQ,4355,4340,4295,4425
053160,프리엠스,KOSDAQ,9130,8530,8530,9160
217480,에스디생명공학,KOSDAQ,499,0,0,0
010470,오리콤,KOSDAQ,4570,4575,4495,4620
420570,제이투케이바이오,KOSDAQ,9350,9300,9030,9520
060310,3S,KOSDAQ,1030,996,961,1125
424960,스마트레이더시스템,KOSDAQ,3310,3345,3275,3495
016250,SGC E&C,KOSDAQ,10830,10700,10325,11400
412350,레이저쎌,KOSDAQ,3725,3700,3335,3790
042110,에스씨디,KOSDAQ,1125,1130,1124,1256
005305,롯데칠성우,KOSPI,70100,68600,68600,70200
007370,진양제약,KOSDAQ,3840,3890,3745,3890
088910,동우팜투테이블,KOSDAQ,2110,2125,2095,2135
092440,기신정기,KOSPI,1855,1880,1834,1880
439580,블루엠텍,KOSDAQ,1599,1582,1554,1643
036670,삼양케이씨아이,KOSDAQ,5020,5090,5000,5170
060570,드림어스컴퍼니,KOSDAQ,728,0,0,0
147760,피엠티,KOSDAQ,2690,2775,2520,2865
219550,디와이디,KOSDAQ,1386,1468,1334,1469
408470,한패스,KOSDAQ,5070,4910,4910,5300
460870,에스엠씨지,KOSDAQ,2670,2600,2545,2690
411080,샌즈랩,KOSDAQ,3500,3405,3325,3700
039020,이건홀딩스,KOSDAQ,2365,2395,2315,2430
214330,금호에이치티,KOSPI,5100,5100,5010,5270
025550,한국선재,KOSDAQ,2085,2025,2020,2135
027830,대성창투,KOSDAQ,985,1011,982,1011
002410,범양건영,KOSPI,1935,0,0,0
040160,누리플렉스,KOSDAQ,4410,3985,3985,4650
003310,대주산업,KOSDAQ,1497,1496,1449,1555
004450,삼화왕관,KOSPI,24550,24200,24100,24650
205470,휴마시스,KOSDAQ,2140,2040,2020,2185
175140,아고스,KOSDAQ,2110,1916,1916,2175
067170,오텍,KOSDAQ,1915,1861,1806,2085
014470,부방,KOSDAQ,875,861,843,887
155650,와이엠씨,KOSDAQ,2765,2660,2660,2780
003475,유안타증권우,KOSPI,4095,4120,4075,4175
314140,알피바이오,KOSDAQ,6050,5710,5640,6050
033310,엠투엔,KOSDAQ,1309,1295,1286,1314
056360,코위버,KOSDAQ,5340,5010,4900,5510
347740,피엔케이피부임상연구센타,KOSDAQ,1742,1733,1660,1760
459100,위츠,KOSDAQ,3880,3660,3660,3935
027050,코리아나,KOSDAQ,1303,1314,1296,1328
025530,SJM홀딩스,KOSPI,3485,3440,3405,3545
950200,소마젠,KOSDAQ,2705,2675,2675,2760
036120,서울평가정보,KOSDAQ,1477,1487,1467,1487
170790,파이오링크,KOSDAQ,8110,7840,7840,8250
033320,제이씨현시스템,KOSDAQ,2710,2600,2600,2765
263600,덕우전자,KOSDAQ,3245,3080,3045,3285
378850,화승알앤에이,KOSPI,2720,2700,2660,2725
104540,코렌텍,KOSDAQ,3850,3910,3780,3980
096610,알에프세미,KOSDAQ,2965,0,0,0
036090,위지트,KOSDAQ,1211,1186,1151,1218
476040,오가노이드사이언스,KOSDAQ,7820,7750,7550,8200
123700,SJM,KOSPI,3300,3230,3230,3330
002630,오리엔트바이오,KOSPI,866,850,850,887
100590,머큐리,KOSDAQ,2995,2865,2645,3100
039610,화성밸브,KOSDAQ,4930,4750,4705,4970
070300,엑스큐어,KOSDAQ,1444,1494,1435,1555
452400,이닉스,KOSDAQ,5650,5400,5310,5700
064800,포니링크,KOSDAQ,2000,1905,1905,2095
435570,에르코스,KOSDAQ,6710,6570,6470,6790
273640,와이엠텍,KOSDAQ,4660,4340,4340,4765
192250,케이사인,KOSDAQ,7230,6880,6810,7480
011230,삼화전자,KOSPI,2665,2590,2585,2790
007280,한국특강,KOSPI,1783,1807,1762,1835
299660,셀리드,KOSDAQ,1727,1724,1686,1895
012690,모나리자,KOSPI,1392,1390,1381,1450
040610,SG&G,KOSDAQ,2985,2950,2910,3015
037440,희림,KOSDAQ,3650,3580,3555,3710
457370,한켐,KOSDAQ,6290,6170,6050,6490
006880,신송홀딩스,KOSPI,4285,4310,4150,4310
299170,더블유에스아이,KOSDAQ,1221,1185,1166,1255
101140,인바이오젠,KOSPI,5030,5230,5030,5350
457600,벡트,KOSDAQ,3680,3530,3135,3800
053270,구영테크,KOSDAQ,1840,1818,1800,1858
393970,대진첨단소재,KOSDAQ,2825,0,0,0
002140,고려산업,KOSPI,2020,2060,2020,2195
039240,경남스틸,KOSDAQ,1863,1839,1820,1900
046940,우원개발,KOSDAQ,2780,2740,2740,2875
094970,제이엠티,KOSDAQ,3000,2670,2625,3130
391710,코닉오토메이션,KOSDAQ,1178,1129,1096,1267
000725,현대건설우,KOSPI,47600,46900,46500,48900
419080,엔젯,KOSDAQ,4615,4515,4495,4770
006370,대구백화점,KOSPI,4635,4880,4620,4960
001465,BYC우,KOSPI,23250,22600,22550,23700
288180,케이피항공산업,KOSDAQ,6750,6450,6210,7090
023810,인팩,KOSPI,4980,4825,4800,5010
053050,지에스이,KOSDAQ,1660,1637,1637,1699
091590,남화토건,KOSDAQ,4240,4485,4180,4540
122310,제노레이,KOSDAQ,3420,3460,3380,3505
009320,아진전자부품,KOSPI,1006,1011,984,1014
191420,테고사이언스,KOSDAQ,6100,6280,6090,6400
001550,조비,KOSPI,9500,9550,9420,9850
370090,퓨런티어,KOSDAQ,5760,5530,5500,5860
286750,나노실리칸첨단소재,KOSDAQ,1538,1600,1511,1693
004830,덕성,KOSPI,3140,3100,3055,3225
054930,유신,KOSDAQ,16380,15600,15600,16380
122350,삼기,KOSDAQ,1280,1290,1251,1338
004920,씨아이테크,KOSPI,940,940,915,940
256630,포인트엔지니어링,KOSDAQ,4215,4240,3965,4240
104620,노랑풍선,KOSDAQ,2900,2940,2850,2945
011300,우성머티리얼스,KOSPI,2890,3130,2890,3130
011000,진원생명과학,KOSPI,2670,0,0,0
094940,푸른로보틱스,KOSDAQ,5790,5510,5490,6030
064240,홈캐스트,KOSDAQ,1393,1250,1217,1420
006980,우성,KOSPI,15640,15790,15530,15790
317830,에스피시스템스,KOSDAQ,4485,4275,4100,4630
003780,진양산업,KOSPI,3715,3780,3675,3850
136410,아셈스,KOSDAQ,4380,4345,4250,4485
187420,HLB제넥스,KOSDAQ,1470,1475,1406,1512
053450,세코닉스,KOSDAQ,3240,3185,3175,3350
046210,HLB파나진,KOSDAQ,1052,1158,1035,1158
033230,인성정보,KOSDAQ,947,915,908,980
082660,코스나인,KOSDAQ,480,0,0,0
063440,SM Life Design,KOSDAQ,1055,1059,990,1060
37550K,DL이앤씨우,KOSPI,22600,22000,21950,23100
072990,에이치시티,KOSDAQ,3295,3260,3085,3450
145170,노브랜드,KOSDAQ,2820,2725,2725,2865
418250,시큐레터,KOSDAQ,6550,0,0,0
071670,에이테크솔루션,KOSDAQ,4760,4665,4600,4900
002920,유성기업,KOSPI,1830,1752,1751,1832
081180,쎄크,KOSDAQ,5360,5160,5030,5470
180060,탑선,KONEX,5060,5200,4630,5500
372910,한컴라이프케어,KOSPI,1702,1655,1655,1765
000950,전방,KOSPI,28000,28000,27000,28100
315640,딥노이드,KOSDAQ,1599,1231,1200,1599
023440,제이스코홀딩스,KOSDAQ,521,0,0,0
024910,경창산업,KOSDAQ,1311,1333,1303,1395
066670,디티씨,KOSDAQ,2505,2540,2505,2650
006125,SK디스커버리우,KOSPI,38000,38250,37925,38550
217500,러셀,KOSDAQ,1469,1400,1377,1484
004060,SG세계물산,KOSPI,2305,2280,2250,2375
143540,영우디에스피,KOSDAQ,1042,1023,986,1048
317530,에피소드컴퍼니,KOSDAQ,2655,2700,2610,2750
053980,오상자이엘,KOSDAQ,2445,2395,2350,2460
057540,옴니시스템,KOSDAQ,780,842,780,881
069460,대호에이엘,KOSPI,2660,0,0,0
0013V0,삼진식품,KOSDAQ,4670,4575,4525,4755
001620,케이비아이동국실업,KOSPI,2075,2075,2010,2115
228340,동양파일,KOSDAQ,2305,2390,2260,2420
198080,캐프,KOSDAQ,2140,2050,2050,2170
092300,현우산업,KOSDAQ,2280,2165,2160,2360
001210,금호전기,KOSPI,3710,4125,3615,4380
024950,삼천리자전거,KOSDAQ,3700,3500,3450,3740
015710,코콤,KOSDAQ,2615,2495,2495,2660
260930,씨티케이,KOSDAQ,2370,2460,2370,2520
471820,셀로맥스사이언스,KOSDAQ,4055,4075,3905,4130
241790,티이엠씨씨엔에스,KOSDAQ,4580,4605,4450,4680
302430,이노메트리,KOSDAQ,4650,4775,4450,4880
037950,엘컴텍,KOSDAQ,2700,2630,2535,2750
051390,YW,KOSDAQ,4015,3905,3850,4050
376290,씨유테크,KOSDAQ,2580,2435,2400,2655
357250,미래에셋맵스리츠,KOSPI,1819,1791,1786,1819
082850,우리바이오,KOSDAQ,938,883,883,942
950220,네오이뮨텍,KOSDAQ,1328,1312,1249,1369
041650,상신브레이크,KOSPI,2110,2020,2005,2115
127710,아시아경제,KOSDAQ,1027,999,984,1028
109080,옵티시스,KOSDAQ,8020,7960,7830,8250
038010,제일테크노스,KOSDAQ,5020,5080,4790,5110
463480,모티브링크,KOSDAQ,3645,3345,3345,3950
005030,부산주공,KOSPI,486,0,0,0
28513K,SK케미칼우,KOSPI,21300,21300,20600,21650
311690,CJ 바이오사이언스,KOSDAQ,3435,3430,3430,3515
074610,이엔플러스,KOSPI,5110,0,0,0
052790,액토즈소프트,KOSDAQ,4095,3945,3915,4110
014950,삼익제약,KOSDAQ,4440,4460,4325,4670
0010V0,제이피아이헬스케어,KOSDAQ,8700,8760,8540,8800
317850,대모,KOSDAQ,5320,5200,5200,5540
007680,대원,KOSDAQ,3345,3315,3315,3410
317690,퀀타매트릭스,KOSDAQ,2195,2135,2040,2230
019990,에너토크,KOSDAQ,4530,4405,4335,4650
440290,HB인베스트먼트,KOSDAQ,1606,1606,1604,1646
222420,쎄노텍,KOSDAQ,912,901,869,975
003080,SB성보,KOSPI,2205,2215,2190,2215
288330,파라택시스코리아,KOSDAQ,416,0,0,0
060560,HC홈센타,KOSDAQ,1738,1830,1730,1830
101670,하이드로리튬,KOSDAQ,776,751,750,814
224110,에이텍모빌리티,KOSDAQ,8670,8710,8520,8770
384470,코어라인소프트,KOSDAQ,2450,2345,2345,2565
35320K,대덕전자1우,KOSPI,20950,22700,20650,22700
340810,시선AI,KOSDAQ,3210,3290,3065,3295
048770,TPC로보틱스,KOSDAQ,2790,2720,2675,2935
066130,하츠,KOSDAQ,3420,3280,3280,3465
340360,다보링크,KOSDAQ,840,772,770,856
073110,엘엠에스,KOSDAQ,4905,4720,4720,4915
072470,우리산업홀딩스,KOSDAQ,2310,2255,2255,2415
413640,비아이매트릭스,KOSDAQ,6050,5820,5700,6050
114450,그린생명과학,KOSDAQ,2180,2135,2120,2240
461030,아이엠비디엑스,KOSDAQ,3030,3030,2955,3245
021050,서원,KOSPI,910,950,901,958
189980,흥국에프엔비,KOSDAQ,1073,1079,1048,1086
023350,한국종합기술,KOSPI,3925,3775,3775,3940
294140,레몬,KOSDAQ,1724,1784,1675,1785
084650,랩지노믹스,KOSDAQ,578,550,547,599
004910,조광페인트,KOSPI,3345,3345,3310,3400
270870,뉴트리,KOSDAQ,4645,4440,4400,4685
373200,엑스플러스,KOSDAQ,1703,1605,1551,1719
296160,프로젠,KONEX,2770,2760,2585,2790
481850,신한글로벌액티브리츠,KOSPI,979,975,967,982
190650,코리아에셋투자증권,KOSDAQ,6650,6600,6480,6690
065130,탑엔지니어링,KOSDAQ,2635,2550,2550,2815
086060,진바이오텍,KOSDAQ,4895,5000,4750,5030
321260,프로이천,KOSDAQ,1495,1484,1425,1565
352910,오비고,KOSDAQ,3320,3390,3290,3390
088280,쏘닉스,KOSDAQ,2420,2275,2255,2500
460470,아이빔테크놀로지,KOSDAQ,2770,2685,2450,2800
025880,케이씨피드,KOSDAQ,2500,2500,2475,2540
129890,앱코,KOSDAQ,917,923,901,931
004540,깨끗한나라,KOSPI,1120,1112,1112,1198
123010,알엔티엑스,KOSDAQ,2395,2305,2210,2495
153460,네이블,KOSDAQ,6370,6300,6240,6450
056700,신화인터텍,KOSDAQ,1425,1421,1401,1444
263020,디케이앤디,KOSDAQ,3000,2975,2930,3035
000910,유니온,KOSPI,2655,2625,2625,2850
097800,윈팩,KOSDAQ,1518,1500,1455,1527
238120,얼라인드,KOSDAQ,2910,2830,2720,2960
019490,엑시큐어하이트론,KOSPI,541,0,0,0
191600,블루탑,KONEX,14450,12310,12310,14450
009835,한화솔루션우,KOSPI,15970,16050,15500,16530
033540,파라텍,KOSDAQ,787,0,0,0
092780,DYP,KOSPI,3120,3010,3010,3140
008420,문배철강,KOSPI,2000,2000,2000,2075
178780,일월지엠엘,KOSDAQ,2195,2180,2135,2205
004410,서울식품,KOSPI,1036,1014,985,1061
159580,제로투세븐,KOSDAQ,2040,1960,1960,2085
084870,TBH글로벌,KOSPI,1995,2045,1890,2045
355690,에이텀,KOSDAQ,4260,4315,4100,4320
163280,에어레인,KOSDAQ,2995,2945,2880,3055
065500,오리엔트정공,KOSDAQ,1138,1085,1080,1161
277070,린드먼아시아,KOSDAQ,2970,2860,2860,3000
150900,파수AI,KOSDAQ,3465,3645,3340,3650
099410,동방선기,KOSDAQ,2895,2900,2820,2970
017040,광명전기,KOSPI,932,0,0,0
060850,영림원소프트랩,KOSDAQ,4950,4880,4720,4950
140520,대창스틸,KOSDAQ,1904,1938,1904,1938
200580,메디쎄이,KONEX,10750,10980,10000,10980
189690,포시에스,KOSDAQ,1465,1485,1410,1485
261520,이지스,KOSDAQ,3885,3820,3600,4210
196450,코아시아씨엠,KOSDAQ,880,897,855,897
299900,위지윅스튜디오,KOSDAQ,233,0,0,0
068330,일신바이오,KOSDAQ,901,878,878,914
373160,데이원컴퍼니,KOSDAQ,2880,2755,2755,2995
131400,이브이첨단소재,KOSDAQ,667,617,617,780
050120,ES큐브,KOSDAQ,2930,2900,2900,2960
064090,인크레더블버즈,KOSDAQ,798,0,0,0
261200,덴티스,KOSDAQ,2510,2480,2445,2560
011390,부산산업,KOSPI,37500,37250,37200,38850
263810,상신전자,KOSDAQ,2485,2525,2460,2525
011420,갤럭시아에스엠,KOSPI,1435,1419,1398,1452
382150,온코크로스,KOSDAQ,3025,2960,2895,3090
002290,삼일기업공사,KOSDAQ,3175,3160,3160,3240
066900,디에이피,KOSDAQ,1730,1767,1721,1767
037230,한국팩키지,KOSDAQ,1318,1339,1306,1349
014190,원익큐브,KOSDAQ,1109,1060,1031,1165
012280,영화금속,KOSPI,791,743,739,800
104200,NHN벅스,KOSDAQ,2640,2440,2435,2650
466410,사이냅소프트,KOSDAQ,7760,7620,7500,7790
134790,시디즈,KOSPI,19520,19510,19510,19530
196300,HLB펩,KOSDAQ,4160,3915,3915,4170
162120,루켄테크놀러지스,KONEX,3495,3395,3220,3500
042940,상지건설,KOSDAQ,5700,5890,5570,6100
218150,미래생명자원,KOSDAQ,1905,1891,1816,1950
145270,케이탑리츠,KOSPI,809,820,797,820
099220,SDN,KOSDAQ,617,620,595,655
219420,링크제니시스,KOSDAQ,3380,3270,3235,3440
480370,씨케이솔루션,KOSPI,1193,1130,1069,1233
171010,램테크놀러지,KOSDAQ,2710,2650,2605,2780
089790,제이티,KOSDAQ,3755,3720,3610,3980
065440,이루온,KOSDAQ,1417,1316,1313,1465
361570,알비더블유,KOSDAQ,1344,1329,1322,1350
307280,원바이오젠,KOSDAQ,5440,5340,5200,5560
019770,서연탑메탈,KOSDAQ,3310,3220,3180,3350
007815,코리아써우,KOSPI,13000,13300,12750,13300
003680,한성기업,KOSPI,6200,6260,5940,6560
479960,위너스일렉,KOSDAQ,5400,5360,5270,5500
049830,승일,KOSDAQ,6270,6370,6160,6370
122690,서진오토모티브,KOSDAQ,1665,1643,1615,1685
273060,와이즈버즈,KOSDAQ,781,800,748,815
043340,에쎈테크,KOSDAQ,808,830,783,849
227950,엔투텍,KOSDAQ,1112,1075,1069,1139
215380,콜마바이오텍,KOSDAQ,2280,2280,2230,2350
038070,서린바이오,KOSDAQ,4115,4125,4070,4240
052220,iMBC,KOSDAQ,1663,1590,1590,1742
256150,한독크린텍,KOSDAQ,4545,4465,4375,4545
221980,케이디켐,KOSDAQ,9450,9460,9220,9460
225190,LK삼양,KOSDAQ,541,546,532,579
008870,금비,KOSPI,38050,38100,37600,38100
363250,진시스템,KOSDAQ,4470,4500,4375,4730
900300,오가닉티코스메틱,KOSDAQ,1846,1768,1749,2010
246690,TS인베스트먼트,KOSDAQ,1592,1518,1421,1697
044960,이글벳,KOSDAQ,2980,2995,2955,3045
459550,알트,KOSDAQ,1492,1148,1148,1492
262260,에이프로,KOSDAQ,2490,2475,2370,2580
369370,블리츠웨이엔터테인먼트,KOSDAQ,750,0,0,0
000760,이화산업,KOSPI,13350,13700,12730,13700
189860,서전기전,KOSDAQ,3850,3795,3700,3970
047400,유니온머티리얼,KOSPI,889,873,873,910
009460,한창제지,KOSPI,3125,3035,3000,3200
012160,영흥,KOSPI,2380,2330,2315,2420
105760,포스뱅크,KOSDAQ,3640,3560,3500,3725
226330,신테카바이오,KOSDAQ,1528,1432,1412,1549
050860,아세아텍,KOSDAQ,1645,1610,1610,1654
014570,고려제약,KOSDAQ,3360,3320,3320,3390
026940,부국철강,KOSPI,1846,1833,1813,1880
424980,마이크로투나노,KOSDAQ,6230,6130,6000,6610
002870,신풍,KOSPI,1054,1028,1015,1088
026910,광진실업,KOSDAQ,4640,4360,4360,4750
229000,젠큐릭스,KOSDAQ,1570,1500,1500,1650
051490,나라엠앤디,KOSDAQ,2590,2480,2457,2595
017180,명문제약,KOSPI,1083,1062,1062,1091
000215,DL우,KOSPI,21800,21150,21000,22450
260660,알리코제약,KOSDAQ,2395,2360,2350,2415
023960,에쓰씨엔지니어링,KOSPI,965,963,950,997
097870,효성오앤비,KOSDAQ,4320,4285,4150,4375
290120,DH오토리드,KOSDAQ,2315,2310,2280,2330
122830,원포유,KONEX,1117,1192,1088,1363
038060,루멘스,KOSDAQ,760,730,717,799
900250,크리스탈신소재,KOSDAQ,1018,959,948,1041
258610,케일럼,KOSDAQ,999,1025,952,1025
234100,폴라리스세원,KOSDAQ,2490,2330,2330,2490
123570,이엠넷,KOSDAQ,1631,1627,1620,1645
000890,보해양조,KOSPI,1307,1319,1290,1350
002880,디와이에이,KOSPI,771,786,750,788
179900,유티아이,KOSDAQ,1819,2485,1680,2485
049800,우진플라임,KOSPI,1799,1760,1740,1800
284620,카이노스메드,KOSDAQ,1087,0,0,0
290670,대보마그네틱,KOSDAQ,4570,4400,4400,4690
417860,오브젠,KOSDAQ,7600,7700,7120,7700
068940,셀피글로벌,KOSDAQ,778,0,0,0
042040,케이피엠테크,KOSDAQ,4115,3865,3865,4245
263770,유에스티,KOSDAQ,1505,1433,1431,1559
446070,유니드비티플러스,KOSPI,3360,3195,3160,3370
204020,그리티,KOSDAQ,1832,1858,1806,1860
081580,성우전자,KOSDAQ,2295,2235,2230,2335
352700,씨앤투스,KOSDAQ,1354,1352,1336,1375
046310,백금T&A,KOSDAQ,2165,2080,2070,2230
045060,오공,KOSDAQ,2095,2110,2085,2145
013000,세우글로벌,KOSPI,1235,1252,1207,1252
250000,보라티알,KOSDAQ,5240,5110,5110,5260
263050,유틸렉스,KOSDAQ,959,0,0,0
221840,하이즈항공,KOSDAQ,1884,1820,1779,2040
305090,마이크로디지탈,KOSDAQ,1892,1752,1750,1899
321820,아티스트컴퍼니,KOSDAQ,2255,2120,2100,2275
032960,동일기연,KOSDAQ,1998,1972,1897,1998
133820,화인베스틸,KOSPI,947,1000,938,1000
177900,쓰리에이로직스,KOSDAQ,3650,3940,3650,3940
057030,YBM넷,KOSDAQ,2150,2170,2035,2175
014910,성문전자,KOSPI,1590,1556,1515,1690
046390,삼화네트웍스,KOSDAQ,2010,1959,1919,2055
101240,씨큐브,KOSDAQ,3045,3020,3020,3110
052600,한네트,KOSDAQ,2990,3110,2905,3110
199550,레이저옵텍,KOSDAQ,2325,2255,2255,2520
049470,비트플래닛,KOSDAQ,1464,1230,1230,1550
024120,KB오토시스,KOSDAQ,2995,2995,2970,3115
100660,서암기계공업,KOSDAQ,2725,2690,2690,2830
037330,인지디스플레,KOSDAQ,781,799,775,799
173940,에프엔씨엔터,KOSDAQ,2225,2275,2110,2275
317870,엔바이오니아,KOSDAQ,3865,3770,3735,4115
332290,누보,KOSDAQ,856,876,835,895
446840,지슨,KOSDAQ,3095,3025,2865,3135
086040,바이오톡스텍,KOSDAQ,2130,2070,2065,2135
004365,세방우,KOSPI,9210,9200,9070,9350
080520,오디텍,KOSDAQ,2985,2960,2880,3050
007530,와이엠,KOSDAQ,1517,1487,1487,1545
220180,폴라리스AI핸디,KOSDAQ,1410,1405,1381,1418
083550,케이엠,KOSDAQ,2480,2425,2420,2605
143210,핸즈코퍼레이션,KOSPI,1199,0,0,0
027740,마니커,KOSPI,1054,1058,1042,1086
239890,피엔에이치테크,KOSDAQ,3365,3200,3195,3445
184230,SGA솔루션즈,KOSDAQ,1769,1719,1702,1800
263920,휴엠앤씨,KOSDAQ,3405,3990,3350,3990
360350,코셈,KOSDAQ,6140,5700,5700,6240
021650,한국큐빅,KOSDAQ,2040,2040,1958,2070
059100,아이컴포넌트,KOSDAQ,4715,4600,4535,5120
043910,자연과환경,KOSDAQ,2940,2990,2870,3045
393210,토마토시스템,KOSDAQ,2135,2155,2015,2170
159910,에코글로우,KOSDAQ,3180,3180,3090,3190
364950,에이아이코리아,KOSDAQ,4010,3950,3920,4050
186230,그린플러스,KOSDAQ,3045,3055,2995,3060
071850,캐스텍코리아,KOSDAQ,1370,1340,1299,1376
089140,넥스턴앤롤코리아,KOSDAQ,2160,2135,2045,2200
091970,LSK아이로봇,KOSDAQ,4385,4250,4135,4505
006920,모헨즈,KOSDAQ,3025,3005,2955,3120
263700,케어랩스,KOSDAQ,1700,1750,1678,1795
200780,비씨월드제약,KOSDAQ,3080,3090,3020,3120
495810,유비씨,KONEX,13120,0,0,0
072770,멤레이비티,KOSDAQ,790,751,748,825
148930,에이치와이티씨,KOSDAQ,3220,3125,3065,3260
075130,플랜티넷,KOSDAQ,2030,1997,1976,2035
112190,KC산업,KONEX,1199,1199,1199,1199
0203K0,송우인포텍,KONEX,10850,0,0,0
025440,DH오토웨어,KOSDAQ,3335,3230,3120,3405
203450,유니온바이오메트릭스,KOSDAQ,2310,2300,2225,2335
007120,미래아이앤지,KOSPI,1190,1106,1106,1279
031510,오스템,KOSDAQ,1161,1121,1110,1161
450330,하스,KOSDAQ,3970,3870,3770,4060
066360,체리부로,KOSDAQ,671,651,619,676
127980,화인써키트,KOSDAQ,2715,2835,2715,2965
020180,대신정보통신,KOSDAQ,836,0,0,0
022220,티케이지애강,KOSDAQ,620,551,551,638
432430,와이랩,KOSDAQ,1941,1938,1893,1950
365590,하이딥,KOSDAQ,870,883,862,925
308170,씨티알모빌리티,KOSPI,3715,3650,3610,3750
001070,대한방직,KOSPI,6030,6250,5850,6250
207760,미스터블루,KOSDAQ,384,0,0,0
087600,픽셀플러스,KOSDAQ,3905,3970,3905,4125
010400,우진아이엔에스,KOSPI,4170,4065,4000,4390
064520,테크엘,KOSDAQ,1421,1473,1402,1473
475460,미트박스,KOSDAQ,5620,5230,5230,5620
408900,스튜디오미르,KOSDAQ,966,968,930,1000
036420,콘텐트리중앙,KOSPI,1642,1670,1550,1676
002420,세기상사,KOSPI,5290,5140,5140,5390
452200,민테크,KOSDAQ,1295,1114,1114,1324
133750,메가엠디,KOSDAQ,1341,1290,1288,1350
206400,베노티앤알,KOSDAQ,835,885,823,885
258830,세종메디칼,KOSDAQ,412,0,0,0
278650,HLB바이오스텝,KOSDAQ,1790,1693,1662,1813
318410,비비씨,KOSDAQ,5610,5420,5420,5640
009140,경인전자,KOSPI,19840,20000,19530,20350
105550,엣지파운드리,KOSDAQ,397,0,0,0
317240,TS트릴리온,KOSDAQ,1065,1095,1060,1122
090410,덕신이피씨,KOSDAQ,674,679,659,699
106240,파인테크닉스,KOSDAQ,1299,1220,1220,1369
128540,에코캡,KOSDAQ,1159,1154,1126,1176
003060,에이프로젠바이오로직스,KOSPI,2140,2180,2095,2290
446440,에피바이오텍,KONEX,13350,13350,13350,13350
064480,브리지텍,KOSDAQ,2570,2500,2500,2620
005820,원림,KOSPI,13310,13040,13040,13310
006570,대림통상,KOSPI,2005,2055,1999,2055
215090,솔디펜스,KOSDAQ,1318,1230,1230,1345
419120,산돌,KOSDAQ,2145,2150,2105,2290
208710,포톤,KOSDAQ,2305,2120,2100,2380
033170,시그네틱스,KOSDAQ,354,354,347,370
337840,유엑스엔,KONEX,6080,6000,5810,6200
024070,WISCOM,KOSPI,1973,1897,1855,1985
078590,휴림에이텍,KOSDAQ,3025,2375,2370,3025
045510,정원엔시스,KOSDAQ,960,979,899,979
246250,에스엘에스바이오,KOSDAQ,1969,0,0,0
208860,다산디엠씨,KOSDAQ,890,920,860,920
035460,기산텔레콤,KOSDAQ,2025,1967,1950,2050
376930,노을,KOSDAQ,589,583,565,606
033340,좋은사람들,KOSDAQ,311,309,301,323
452160,제이엔비,KOSDAQ,3130,3125,3050,3160
388610,지에프씨생명과학,KOSDAQ,5650,5410,5210,6180
262840,아이퀘스트,KOSDAQ,2845,2800,2795,2880
227420,도부,KONEX,785,785,785,785
031310,아이즈비전,KOSDAQ,1000,900,884,1030
039290,인포뱅크,KOSDAQ,3420,3140,3100,3450
033830,티비씨,KOSDAQ,1572,1581,1548,1588
001380,SG글로벌,KOSPI,1320,1307,1286,1330
012620,원일특강,KOSDAQ,6740,6710,6650,6880
237820,플레이디,KOSDAQ,2310,2325,2240,2345
465480,인스피언,KOSDAQ,2920,2890,2860,3045
023150,MH에탄올,KOSPI,4010,4020,3965,4035
348030,모비릭스,KOSDAQ,3080,3130,3080,3155
002690,동일제강,KOSPI,1456,1500,1426,1500
016600,큐캐피탈,KOSDAQ,2115,2040,2040,2285
079000,와토스코리아,KOSDAQ,4100,4145,4100,4195
458350,에스팀,KOSDAQ,3395,3295,3215,3505
053950,경남제약,KOSDAQ,1502,1560,1502,1610
009810,플레이그램,KOSPI,1940,1849,1849,1945
025750,한솔홈데코,KOSPI,1826,1855,1810,1857
011330,유니켐,KOSPI,3260,3420,3260,3430
351330,이삭엔지니어링,KOSDAQ,3545,3315,3260,3645
131090,시큐브,KOSDAQ,3820,3850,3775,3850
090370,메타랩스,KOSPI,1070,1058,1039,1072
215790,이노인스트루먼트,KOSDAQ,725,690,670,786
462310,뉴키즈온,KOSDAQ,3685,3450,3450,3705
311390,네오크레마,KOSDAQ,2300,2260,2260,2375
033050,제이엠아이,KOSDAQ,914,939,914,964
038950,파인디지털,KOSDAQ,2845,2880,2825,2910
089150,케이씨티,KOSDAQ,1680,1624,1589,1680
452300,캡스톤파트너스,KOSDAQ,2030,2015,1934,2105
075970,동국알앤에스,KOSDAQ,1562,1541,1504,1590
160550,NEW,KOSDAQ,1025,1056,1025,1057
068050,팬엔터테인먼트,KOSDAQ,1032,1039,1022,1053
103840,우양,KOSDAQ,1745,1682,1682,1796
318010,팜스빌,KOSDAQ,3600,3600,3500,3630
239610,에이치엘사이언스,KOSDAQ,5290,5280,5190,5320
005360,모나미,KOSPI,1508,1535,1490,1596
119500,포메탈,KOSDAQ,2405,2310,2285,2450
014130,한익스프레스,KOSPI,2405,2380,2350,2470
336060,웨이버스,KOSDAQ,590,0,0,0
088790,진도,KOSPI,2280,2200,2200,2410
348080,큐라티스,KOSDAQ,2205,2190,2190,2390
096630,에스코넥,KOSDAQ,1781,1738,1728,1799
290090,트윔,KOSDAQ,3800,3985,3765,3985
004870,티웨이홀딩스,KOSPI,1248,1015,980,1248
043220,티에스넥스젠,KOSDAQ,1710,0,0,0
053290,NE능률,KOSDAQ,1700,1750,1646,1766
008250,이건산업,KOSPI,2565,2550,2540,2605
060540,에스에이티,KOSDAQ,1075,1075,1050,1095
310870,디와이씨,KOSDAQ,1279,1255,1245,1293
354390,바스칸바이오제약,KONEX,3995,3995,3995,3995
014990,인디에프,KOSPI,1860,1804,1762,1915
026040,제이에스티나,KOSDAQ,1688,1589,1589,1758
118000,메타케어,KOSPI,1262,1240,1230,1290
065950,웰크론,KOSDAQ,981,901,901,981
254120,자비스,KOSDAQ,898,799,790,1000
177830,파버나인,KOSDAQ,2435,2410,2405,2485
206560,덱스터,KOSDAQ,1085,0,0,0
109820,진매트릭스,KOSDAQ,1350,1374,1335,1395
002820,SUN&L,KOSPI,2175,2055,2045,2290
297570,아틀라스링크,KOSDAQ,791,820,773,834
050110,캠시스,KOSDAQ,936,893,893,956
288620,에스프리즘,KOSDAQ,3915,3850,3780,4000
476080,M83,KOSDAQ,3380,3485,3380,3575
301300,바이브컴퍼니,KOSDAQ,2075,1822,1822,2360
088340,유라클,KOSDAQ,6250,6490,6200,6490
044480,빌리언스,KOSDAQ,820,789,776,855
069410,엔텔스,KOSDAQ,2660,2585,2510,2775
335810,프리시젼바이오,KOSDAQ,1241,1244,1166,1268
276730,한울앤제주,KOSDAQ,11470,0,0,0
093240,형지엘리트,KOSPI,442,404,390,469
464280,티디에스팜,KOSDAQ,4900,4590,4590,5150
138070,신진에스엠,KOSDAQ,1548,1550,1515,1555
068100,케이웨더,KOSDAQ,2270,2215,2060,2285
069140,누리플랜,KOSDAQ,1791,1737,1698,1880
351320,넥사다이내믹스,KOSDAQ,910,919,799,919
003535,한화투자증권우,KOSPI,5580,5370,5220,5600
271830,팸텍,KOSDAQ,908,890,870,936
069640,한세엠케이,KOSPI,1230,1199,1132,1465
376980,원티드랩,KOSDAQ,2735,2485,2480,2845
032750,삼진,KOSDAQ,2955,2865,2835,2955
187270,신화콘텍,KOSDAQ,2625,2620,2500,2625
123840,뉴온,KOSDAQ,1705,1848,1639,1848
197140,디지캡,KOSDAQ,2035,2050,2000,2075
006490,프리티,KOSPI,895,895,851,936
464580,닷밀,KOSDAQ,1438,1430,1405,1469
005110,한창,KOSPI,1254,0,0,0
188260,세니젠,KOSDAQ,1899,2180,1878,2180
016920,카스,KOSDAQ,991,1007,963,1008
356890,싸이버원,KOSDAQ,2195,2110,2080,2195
032860,더라미,KOSDAQ,648,604,590,649
038620,위즈코프,KOSDAQ,1725,1738,1698,1761
001810,무림SP,KOSDAQ,1180,1169,1169,1200
099390,브레인즈컴퍼니,KOSDAQ,3180,3130,3085,3225
010640,진양폴리,KOSPI,1563,1600,1550,1600
121890,에스디시스템,KOSDAQ,1957,2295,1929,2295
407400,꿈비,KOSDAQ,1775,1755,1695,1809
290270,휴네시온,KOSDAQ,2700,2625,2590,2740
291230,엔피,KOSDAQ,588,0,0,0
900070,글로벌에스엠,KOSDAQ,964,1000,958,1000
130500,GH신소재,KOSDAQ,1780,1770,1737,1814
368600,아이씨에이치,KOSDAQ,1003,1066,970,1127
131220,대한과학,KOSDAQ,3470,3525,3410,3555
355390,크라우드웍스,KOSDAQ,1629,1642,1579,1692
434480,모니터랩,KOSDAQ,2100,2025,2005,2175
475660,에스켐,KOSDAQ,3255,3155,3035,3255
079170,한창산업,KOSDAQ,4960,4900,4585,5030
006345,대원전선우,KOSPI,9830,9880,9210,10200
114630,폴라리스우노,KOSDAQ,1494,1457,1442,1500
093380,풍강,KOSDAQ,2605,2840,2585,2840
013720,청보,KOSDAQ,2115,1999,1921,2190
444530,심플랫폼,KOSDAQ,3990,4195,3900,4380
357430,마스턴프리미어리츠,KOSPI,840,700,700,863
030720,동원수산,KOSPI,5500,5480,5390,5580
33637K,솔루스첨단소재1우,KOSPI,1513,1519,1468,1524
025890,한국주강,KOSPI,2290,2290,2265,2295
083640,인콘,KOSDAQ,1110,1060,1060,1131
071950,코아스,KOSPI,2040,2010,1800,2130
195500,마니커에프앤지,KOSDAQ,1588,1523,1504,1645
005320,온타이드,KOSPI,742,689,689,757
044780,에이치케이,KOSDAQ,1370,1300,1290,1372
290520,신도기연,KOSDAQ,1606,1529,1476,1632
021880,메이슨캐피탈,KOSDAQ,1190,1158,1153,1200
054940,엑사이엔씨,KOSDAQ,760,0,0,0
198940,한주라이트메탈,KOSDAQ,1266,1236,1200,1300
007720,소노스퀘어,KOSDAQ,1250,1226,1176,1282
469750,아이비젼웍스,KOSDAQ,730,583,583,730
238490,힘스,KOSDAQ,2220,2270,2155,2270
387570,파인메딕스,KOSDAQ,4460,4230,4165,4480
109960,앱토크롬,KOSDAQ,1651,1631,1631,1688
047080,한빛소프트,KOSDAQ,1005,975,970,1022
058110,멕아이씨에스,KOSDAQ,1554,1563,1518,1660
289220,자이언트스텝,KOSDAQ,1115,1020,999,1173
038880,아이에이,KOSDAQ,3310,3340,3260,3515
376180,피코그램,KOSDAQ,1337,1352,1285,1580
057680,티사이언티픽,KOSDAQ,1570,1568,1556,1590
225220,제놀루션,KOSDAQ,1292,1296,1280,1329
148250,알엔투테크놀로지,KOSDAQ,1821,1819,1795,1883
006740,블루산업개발,KOSPI,1044,1028,982,1054
232830,아이티센피엔에스,KOSDAQ,1498,1477,1351,1499
311060,엘에이티,KONEX,3140,3185,3055,3185
002355,넥센타이어1우B,KOSPI,3800,3800,3795,3835
073540,에프알텍,KOSDAQ,2165,2040,2020,2200
367000,플래티어,KOSDAQ,2940,2915,2820,3030
333050,이노테나,KOSDAQ,5000,5030,4805,5030
038530,케이바이오랩스,KOSDAQ,951,898,895,990
206950,볼빅,KONEX,1749,1758,1360,1758
054780,키이스트,KOSDAQ,1250,1187,1187,1290
318000,KBG,KOSDAQ,2810,2780,2745,2840
288980,모아데이타,KOSDAQ,675,671,669,708
065150,대산F&B,KOSDAQ,1540,1515,1515,1588
037370,EG,KOSDAQ,2845,2980,2785,2995
039740,한국정보공학,KOSDAQ,3060,3020,2970,3085
054090,삼진엘앤디,KOSDAQ,983,1012,950,1012
298060,풍전약품,KOSDAQ,2545,2575,2450,2625
083660,CSA 코스믹,KOSDAQ,230,0,0,0
237750,피앤씨테크,KOSDAQ,3770,3625,3555,4075
257370,피엔티엠에스,KOSDAQ,1958,1850,1850,1995
900310,컬러레이,KOSDAQ,1909,1722,1722,1970
123750,알톤,KOSDAQ,1769,1776,1714,1825
016670,디모아,KOSDAQ,2390,2360,2360,2560
095910,에스에너지,KOSDAQ,653,652,614,670
300120,라온피플,KOSDAQ,491,0,0,0
097780,에코볼트,KOSDAQ,1196,1221,1175,1248
066910,손오공,KOSDAQ,1812,1769,1750,1873
053060,세동,KOSDAQ,1373,1400,1373,1400
233990,질경이,KONEX,1502,1694,1400,1694
450520,인스웨이브,KOSDAQ,1644,1651,1622,1750
462510,라메디텍,KOSDAQ,2745,2720,2665,2780
017000,신원종합개발,KOSDAQ,2070,2090,2030,2140
045300,성우테크론,KOSDAQ,2290,2285,2140,2315
373170,엠아이큐브솔루션,KOSDAQ,1593,1518,1509,1650
318020,포인트모바일,KOSDAQ,1955,1874,1874,1955
033250,체시스,KOSPI,3755,3695,3400,3990
455180,케이지에이,KOSDAQ,1721,1760,1715,1789
0010F0,보원케미칼,KOSDAQ,2155,2045,1984,2195
406820,뷰티스킨,KOSDAQ,1693,1676,1676,1760
199480,뱅크웨어글로벌,KOSDAQ,2345,2310,2285,2375
032790,엠젠솔루션,KOSDAQ,930,970,884,1000
403490,우듬지팜,KOSDAQ,518,473,466,519
207490,에이펙스인텍,KONEX,6600,6350,6350,6600
051380,피씨디렉트,KOSDAQ,1546,1515,1514,1613
035200,프럼파스트,KOSDAQ,2570,2600,2550,2635
146060,율촌,KOSDAQ,985,958,931,1000
267790,배럴,KOSDAQ,3075,3085,3070,3100
243870,아이티센코어,KONEX,8170,7800,7100,8280
052300,오션인더블유,KOSDAQ,1454,1404,1360,1454
187220,디티앤씨,KOSDAQ,2045,2035,1993,2120
070590,인티큐브,KOSDAQ,1698,1707,1665,1717
363260,모비데이즈,KOSDAQ,729,730,714,763
236810,엔비티,KOSDAQ,1381,1227,1227,1450
003495,대한항공우,KOSPI,21100,21100,21000,21450
085810,알티캐스트,KOSDAQ,1657,1620,1579,1665
024890,대원화성,KOSPI,2830,2660,2660,2850
009310,참엔지니어링,KOSPI,5330,0,0,0
063760,이엘피,KOSDAQ,2500,2495,2430,2500
134060,이퓨쳐,KOSDAQ,4870,4835,4835,5000
169330,엠브레인,KOSDAQ,1266,1273,1229,1274
027040,서울전자통신,KOSDAQ,1666,1690,1562,1720
200350,아티스트스튜디오,KOSDAQ,2310,1778,1728,2310
368970,오에스피,KOSDAQ,2260,2105,2105,2265
464500,아이언디바이스,KOSDAQ,1645,1630,1594,1725
048470,대동스틸,KOSDAQ,2380,2345,2345,2440
102950,아하,KONEX,1750,1638,1635,1880
013810,스페코,KOSDAQ,1565,1534,1534,1598
091340,S&K폴리텍,KOSDAQ,1955,1926,1910,1970
033200,모아텍,KOSDAQ,2480,2480,2435,2505
340440,세림B&G,KOSDAQ,804,802,777,824
076080,웰크론한텍,KOSDAQ,1009,965,964,1009
060380,동양에스텍,KOSDAQ,1155,1163,1134,1163
080530,코디,KOSDAQ,2055,2170,2055,2170
115160,휴맥스,KOSDAQ,5280,5450,4910,5450
019175,신풍제약우,KOSPI,11410,11300,11080,11910
462980,아이지넷,KOSDAQ,1245,1255,1222,1263
208350,지란지교시큐리티,KOSDAQ,2800,2820,2780,2880
018680,서울제약,KOSDAQ,1945,1998,1901,1999
054410,케이피티유,KOSDAQ,3960,3795,3510,3960
219750,한국비티비,KOSDAQ,1731,1737,1669,1740
222980,한국맥널티,KOSDAQ,2050,2135,2025,2135
398120,에스지헬스케어,KOSDAQ,1908,2040,1862,2040
210120,캔버스엔,KOSDAQ,930,0,0,0
065370,위세아이텍,KOSDAQ,3050,2835,2795,3085
397810,애드포러스,KOSDAQ,4360,4480,4240,4590
036480,대성미생물,KOSDAQ,5920,6050,5920,6280
101680,한국정밀기계,KOSDAQ,2675,2485,2480,2720
019570,GMI벤처,KOSDAQ,2350,2310,2310,2540
014100,메디앙스,KOSDAQ,1894,1909,1838,1909
328380,솔트웨어,KOSDAQ,3255,3250,3025,3320
432980,엠에프씨,KOSDAQ,2585,2525,2480,2585
004270,남성,KOSPI,6130,6230,6030,6440
007770,한일화학,KOSDAQ,6320,6420,6320,6420
038870,에코심플렉스,KOSDAQ,1580,1539,1430,1586
059180,엔더블유시,KONEX,4155,4155,4155,4155
258790,소프트캠프,KOSDAQ,4400,4245,4120,4600
032080,아즈텍WB,KOSDAQ,1023,1047,981,1047
430690,한싹,KOSDAQ,2010,1965,1962,2115
139670,키네마스터,KOSDAQ,1551,1650,1505,1655
353190,휴럼,KOSDAQ,2775,2660,2610,2785
023770,플레이위드,KOSDAQ,2430,2530,2380,2530
331660,한국미라클피플사,KONEX,3950,3950,3950,3950
352940,인바이오,KOSDAQ,1994,2000,1948,2000
115480,씨유메디칼,KOSDAQ,1780,1783,1706,1848
080720,한국유니온제약,KOSDAQ,2725,0,0,0
241840,에이스토리,KOSDAQ,2260,2235,2205,2290
002360,SH에너지화학,KOSPI,1938,2040,1930,2050
008775,호텔신라우,KOSPI,28550,28550,28550,29050
383930,디티앤씨알오,KOSDAQ,1676,1662,1602,1706
000040,KR모터스,KOSPI,1240,1223,1209,1249
076340,지에이이노더스,KONEX,4395,4200,4200,4395
043200,파루,KOSDAQ,512,517,486,526
270210,에스알바이오텍,KONEX,12490,12490,12490,12490
096690,에이루트,KOSDAQ,5310,5380,5200,5380
098660,에스티오,KOSDAQ,1700,1643,1622,1700
296640,이노에이엑스,KOSDAQ,4100,4365,3955,4365
405920,나라셀라,KOSDAQ,1647,1681,1625,1759
019660,글로본,KOSDAQ,1520,1659,1480,1661
377330,이지트로닉스,KOSDAQ,2600,2470,2290,2690
130740,티피씨글로벌,KOSDAQ,1875,2065,1870,2065
33626L,두산퓨얼셀2우B,KOSPI,7070,7010,6700,7430
051630,진양화학,KOSPI,994,989,973,1040
065060,지엔코,KOSDAQ,3500,3560,3400,3560
056730,CNT85,KOSDAQ,1412,1333,1317,1419
179720,머니무브,KONEX,7600,0,0,0
090150,아이윈,KOSDAQ,499,0,0,0
415380,스튜디오삼익,KOSDAQ,1824,1875,1803,1883
153490,우리이앤엘하루틴,KOSDAQ,405,0,0,0
188040,바이오포트,KOSDAQ,4450,4685,4450,4685
277410,인산가,KOSDAQ,5420,5350,5350,5550
403810,아이엘로보틱스,KONEX,2095,2040,2040,2095
223310,사토시홀딩스,KOSDAQ,4000,3960,3825,4260
274400,이노시뮬레이션,KOSDAQ,2290,2280,2225,2380
359090,씨엔알리서치,KOSDAQ,1810,1767,1752,1849
227610,아우딘퓨쳐스,KOSDAQ,1073,1075,1002,1075
193250,링크드,KOSDAQ,1553,1657,1530,1657
317860,노드메이슨,KONEX,4600,0,0,0
032280,삼일,KOSDAQ,1280,1310,1260,1390
377030,비트맥스,KOSDAQ,1451,1486,1423,1486
131180,딜리,KOSDAQ,3525,3520,3505,3540
238200,비피도,KOSDAQ,2525,2650,2465,2800
362990,드림인사이트,KOSDAQ,1228,1232,1165,1232
067730,로지시스,KOSDAQ,2125,2120,2070,2130
101400,엔시트론,KOSDAQ,1750,1710,1681,1827
347770,핌스,KOSDAQ,896,885,867,920
353590,오토앤,KOSDAQ,1588,1620,1527,1636
011090,에넥스,KOSPI,1723,2515,1700,2515
067010,이씨에스,KOSDAQ,1875,1919,1860,1943
424760,벨로크,KOSDAQ,2025,1919,1905,2075
342870,오아,KOSDAQ,3735,3740,3655,3820
088290,이원컴포텍,KOSDAQ,2550,2285,2110,2550
049120,파인디앤씨,KOSDAQ,1915,1940,1913,1940
080470,성창오토텍,KOSDAQ,2780,2700,2690,2780
001420,태원물산,KOSPI,2670,2605,2495,2730
275630,에스에스알,KOSDAQ,3860,3760,3620,4010
378800,샤페론,KOSDAQ,437,420,411,449
278990,EMB,KONEX,2500,2500,2500,2500
200230,텔콘RF제약,KOSDAQ,2125,2175,2070,2175
372800,아이티아이즈,KOSDAQ,2860,2880,2730,3080
192390,윈하이텍,KOSDAQ,1819,1799,1757,1824
900110,딥커머스,KOSDAQ,1086,1090,1066,1160
058450,한주에이알티,KOSDAQ,3985,3840,3780,4190
440320,오픈놀,KOSDAQ,2000,1986,1927,2085
465770,STX그린로지스,KOSPI,2760,2830,2690,3220
137940,넥스트아이,KOSDAQ,2030,2180,1893,2180
084440,유비온,KOSDAQ,1040,1040,991,1100
043360,디지아이,KOSDAQ,2210,2345,2165,2345
015020,이스타코,KOSPI,928,0,0,0
317120,라닉스,KOSDAQ,1301,1211,1192,1308
017250,인터엠,KOSDAQ,943,961,928,961
429270,시지트로닉스,KOSDAQ,3070,2925,2865,3080
109670,씨싸이트,KOSDAQ,3385,3250,3070,3385
039310,세중,KOSDAQ,1090,1143,1039,1143
331520,밸로프,KOSDAQ,2015,1976,1974,2055
215480,토박스코리아,KOSDAQ,1836,1858,1826,1859
006200,한국전자홀딩스,KOSPI,2085,2115,2050,2300
048830,엔피케이,KOSDAQ,1041,1053,1038,1071
065650,하이퍼코퍼레이션,KOSDAQ,1780,1766,1686,1820
142760,모아라이프플러스,KOSDAQ,462,388,374,487
016100,리더스코스메틱,KOSDAQ,1019,1043,961,1099
032800,판타지오,KOSDAQ,1558,1500,1500,1600
001685,대상우,KOSPI,14130,14110,13950,14150
154030,아시아종묘,KOSDAQ,1603,1609,1570,1620
403360,라피치,KONEX,5380,5200,5200,5380
361670,삼영에스앤씨,KOSDAQ,3400,3350,3180,3400
140430,카티스,KOSDAQ,1800,1673,1611,1824
290560,파라택시스이더리움,KOSDAQ,859,848,820,879
214610,롤링스톤,KOSDAQ,2290,0,0,0
195990,루트K,KOSDAQ,1174,1170,1124,1198
024940,PN풍년,KOSDAQ,1912,1906,1895,1952
373110,엑셀세라퓨틱스,KOSDAQ,1105,1090,1070,1129
065690,파커스,KOSDAQ,1346,1355,1315,1355
096870,엘디티,KOSDAQ,2250,2175,2175,2345
031860,디에이치엑스컴퍼니,KOSDAQ,693,0,0,0
222670,플럼라인생명과학,KONEX,4635,0,0,0
208640,썸에이지,KOSDAQ,1341,1118,1103,1341
252500,세화피앤씨,KOSDAQ,450,465,440,467
073570,리튬포어스,KOSDAQ,1545,1520,1488,1554
037400,우리엔터프라이즈,KOSDAQ,702,694,688,726
303530,이노뎁,KOSDAQ,2505,2480,2410,2540
018620,우진비앤지,KOSDAQ,2640,2605,2575,2730
226340,본느,KOSDAQ,2180,2180,2180,2180
351870,차이커뮤니케이션,KOSDAQ,1633,1615,1614,1688
115610,이미지스,KOSDAQ,1542,1475,1437,1645
083470,이엠앤아이,KOSDAQ,848,770,758,868
322780,코퍼스코리아,KOSDAQ,2015,1993,1940,2100
309930,조이웍스앤코,KOSDAQ,939,1081,935,1180
438700,버넥트,KOSDAQ,1615,1596,1591,1690
023790,동일스틸럭스,KOSDAQ,1374,1382,1335,1448
078860,아이오케이이엔엠,KOSDAQ,2900,2820,2760,3030
115570,스타플렉스,KOSDAQ,2240,2285,2225,2340
196700,웹스,KOSDAQ,1240,1256,1221,1256
224060,더코디,KOSDAQ,3440,3440,3335,3675
021040,대호특수강,KOSDAQ,817,849,810,868
00499K,롯데지주우,KOSPI,22000,22500,21750,22500
067770,세진티에스,KOSDAQ,2110,2190,1906,2190
045520,크린앤사이언스,KOSDAQ,2720,2425,2400,2830
069920,엑시온그룹,KOSDAQ,1235,1202,1181,1280
008600,윌비스,KOSPI,2620,0,0,0
009440,KC그린홀딩스,KOSPI,756,0,0,0
060230,제이케이시냅스,KOSDAQ,1556,1342,1342,1580
476710,타조이엔터테인먼트,KONEX,17500,0,0,0
154040,다산솔루에타,KOSDAQ,807,803,771,820
069330,유아이디,KOSDAQ,1026,1068,1015,1110
054220,비츠로시스,KOSDAQ,1375,1345,1319,1414
103230,에스앤더블류,KOSDAQ,2400,2430,2370,2430
020400,대동금속,KOSDAQ,2705,2560,2560,2785
322970,무진메디,KONEX,1710,1850,1705,1850
008470,부스타,KOSDAQ,2050,1910,1910,2050
034940,조아제약,KOSDAQ,556,612,547,612
027580,상보,KOSDAQ,1451,1464,1403,1464
006050,국영지앤엠,KOSDAQ,492,485,476,498
012170,아센디오,KOSPI,842,651,651,842
419540,비스토스,KOSDAQ,2860,2660,2630,2955
108675,LX하우시스우,KOSPI,16480,16140,16140,16480
431190,케이쓰리아이,KOSDAQ,2265,2195,2145,2270
335870,윙스풋,KOSDAQ,1008,1000,992,1080
482680,미래에셋비전스팩7호,KOSDAQ,2055,0,0,0
241820,피씨엘,KOSDAQ,6040,0,0,0
060900,에이전트AI,KOSDAQ,4210,4470,4210,4470
365900,브이씨,KOSDAQ,2295,2680,2260,2680
115530,씨엔플러스,KOSDAQ,2120,2085,1986,2190
012340,뉴인텍,KOSDAQ,889,840,808,913
303030,지니틱스,KOSDAQ,1813,1841,1771,1886
477380,미래에셋비전스팩4호,KOSDAQ,2045,2050,2035,2050
050760,에스폴리텍,KOSDAQ,1014,1012,999,1069
079950,인베니아,KOSDAQ,1199,1295,1171,1298
434190,탈로스,KONEX,2245,2295,2000,2295
032680,소프트센,KOSDAQ,792,830,748,867
405000,플라즈맵,KOSDAQ,4260,4735,4100,4735
018700,졸스,KOSDAQ,1382,1371,1347,1396
279600,미디어젠,KOSDAQ,3450,3790,3420,3795
051780,큐로홀딩스,KOSDAQ,2540,2435,2435,2655
052960,태양3C,KONEX,3285,3275,3100,3285
379390,이성씨엔아이,KONEX,5580,0,0,0
002070,비비안,KOSPI,6590,5900,5830,6590
110020,전진바이오팜,KOSDAQ,1739,1736,1675,1749
060260,뉴보텍,KOSDAQ,1177,1170,1140,1192
239340,이스트에이드,KOSDAQ,581,604,564,622
306040,에스제이그룹,KOSDAQ,1581,1423,1407,1585
0072Z0,KB제33호스팩,KOSDAQ,1977,1975,1966,1980
035620,바른손이앤에이,KOSDAQ,837,821,819,885
015260,에이엔피,KOSPI,329,348,325,355
254160,제이엠멀티,KONEX,3000,3000,3000,3000
005725,넥센우,KOSPI,4285,4270,4270,4290
0101C0,하나36호스팩,KOSDAQ,1983,1972,1972,1997
18064K,한진칼우,KOSPI,28500,27200,26500,28850
0130H0,엔에이치스팩33호,KOSDAQ,1986,1984,1980,1995
477340,에이치엠씨제7호스팩,KOSDAQ,2035,2035,2035,2045
065770,CS,KOSDAQ,1453,1463,1400,1526
001000,신라섬유,KOSDAQ,626,624,598,646
030350,드래곤플라이,KOSDAQ,973,0,0,0
417180,핑거스토리,KOSDAQ,4310,4445,4185,4460
344860,이노진,KOSDAQ,1249,1230,1198,1280
002025,코오롱우,KOSPI,12900,12350,12350,13000
0044K0,삼성스팩10호,KOSDAQ,1986,1988,1975,1988
354200,엔젠바이오,KOSDAQ,1660,1617,1591,1710
009620,삼보산업,KOSDAQ,845,890,815,924
208850,이비테크,KONEX,5190,5190,5190,5190
225590,패션플랫폼,KOSDAQ,2850,2775,2750,2985
473050,유안타제15호스팩,KOSDAQ,2080,2080,2075,2090
0115H0,삼성스팩13호,KOSDAQ,1978,1964,1964,1981
377220,프롬바이오,KOSDAQ,513,0,0,0
131100,티엔엔터테인먼트,KOSDAQ,450,0,0,0
351020,미쥬,KONEX,6990,0,0,0
009730,이렘,KOSDAQ,1814,1639,1575,1900
148780,비큐AI,KOSDAQ,457,0,0,0
478440,미래에셋비전스팩6호,KOSDAQ,2045,2040,2030,2045
0165X0,메리츠제2호스팩,KOSDAQ,1947,1941,1935,1947
479880,한국제15호스팩,KOSDAQ,2050,2040,2025,2055
0099W0,미래에셋비전스팩11호,KOSDAQ,1982,1983,1980,1983
000087,하이트진로2우B,KOSPI,12240,12340,12220,12340
177350,베셀,KOSDAQ,695,0,0,0
191410,육일씨엔에쓰,KOSDAQ,1221,1250,1201,1258
304840,피플바이오,KOSDAQ,561,0,0,0
352770,셀레스트라,KOSDAQ,5250,0,0,0
043590,웰킵스하이텍,KOSDAQ,999,1025,990,1029
131760,파인텍,KOSDAQ,1558,1454,1448,1622
244460,올리패스,KOSDAQ,1651,0,0,0
001795,대한제당우,KOSPI,2060,2050,2030,2065
489480,키움제11호스팩,KOSDAQ,2020,2025,2015,2025
0134X0,대신밸런스제20호스팩,KOSDAQ,1974,1975,1971,1980
019685,대교우B,KOSPI,682,662,662,700
481890,엔에이치스팩31호,KOSDAQ,2085,2085,2075,2085
456190,큐라켐,KONEX,7210,0,0,0
240600,유진테크놀로지,KOSDAQ,1908,1950,1908,2055
0164H0,한국제16호스팩,KOSDAQ,1949,1946,1945,1954
900340,윙입푸드,KOSDAQ,1037,1003,1003,1066
0099X0,IBKS제25호스팩,KOSDAQ,2180,0,0,0
418620,E8,KOSDAQ,656,690,612,690
073190,듀오백,KOSDAQ,1087,984,941,1214
0096B0,삼성스팩12호,KOSDAQ,1977,1978,1973,1980
0097F0,미래에셋비전스팩10호,KOSDAQ,1994,1998,1983,1998
45226K,한화갤러리아우,KOSPI,4460,3965,3965,4700
247660,나노씨엠에스,KOSDAQ,2975,2645,2625,3050
217320,썬테크,KONEX,12230,0,0,0
113810,디젠스,KOSDAQ,1964,1991,1963,2005
489730,디비금융제13호스팩,KOSDAQ,2015,2015,1983,2015
471050,대신밸런스제17호스팩,KOSDAQ,2105,2100,2095,2105
0093G0,미래에셋비전스팩8호,KOSDAQ,1992,1975,1973,1994
291810,핀텔,KOSDAQ,1121,1141,1042,1283
478390,KB제29호스팩,KOSDAQ,2045,2035,2030,2050
054180,메디콕스,KOSDAQ,2295,0,0,0
086220,광동헬스바이오,KONEX,995,889,889,998
0070X0,에스테크엠,KONEX,8360,9900,8360,9900
0037T0,KB제32호스팩,KOSDAQ,1986,1998,1975,1998
00806K,대덕1우,KOSPI,10310,10410,10310,10480
285800,진영,KOSDAQ,715,709,701,746
482520,교보16호스팩,KOSDAQ,2045,2035,2030,2045
0054V0,엔에이치스팩32호,KOSDAQ,2005,2005,2005,2010
492220,KB제31호스팩,KOSDAQ,2005,2010,2005,2010
0131D0,키움히어로제2호스팩,KOSDAQ,1962,1958,1958,1970
101000,KS인더스트리,KOSDAQ,311,0,0,0
065570,삼영이엔씨,KOSDAQ,764,0,0,0
145995,삼양사우,KOSPI,33100,33950,33100,33950
0088D0,메리츠제1호스팩,KOSDAQ,2110,2080,2080,2110
0091W0,신영스팩11호,KOSDAQ,2015,2015,2005,2020
336040,타스컴,KONEX,2100,2000,2000,2100
0041L0,하나35호스팩,KOSDAQ,1998,2000,1984,2000
005257,녹십자홀딩스2우,KOSPI,14210,14070,14070,14300
103660,씨앗,KONEX,1990,1990,1990,1990
477760,DB금융스팩12호,KOSDAQ,2045,2045,2040,2050
0132G0,교보20호스팩,KOSDAQ,1988,1988,1985,1989
482690,대신밸런스제19호스팩,KOSDAQ,2095,2075,2075,2105
469900,하나31호스팩,KOSDAQ,2070,2075,2030,2075
028080,휴맥스홀딩스,KOSDAQ,4565,4495,4440,4725
0071M0,삼성스팩11호,KOSDAQ,1983,1975,1970,1987
289010,아이스크림에듀,KOSDAQ,819,806,780,837
060480,국일신동,KOSDAQ,1024,964,930,1046
474660,신한제12호스팩,KOSDAQ,2055,2055,2055,2065
487360,신한제14호스팩,KOSDAQ,2010,2000,2000,2015
474490,유안타제16호스팩,KOSDAQ,2055,2050,2050,2055
0105P0,유진스팩12호,KOSDAQ,1991,2000,1991,2000
496070,신한제16호스팩,KOSDAQ,2000,1984,1984,2005
025870,신라에스지,KOSDAQ,2810,2260,2260,3050
079190,케스피온,KOSDAQ,1172,902,902,1172
477470,미래에셋비전스팩5호,KOSDAQ,2050,2055,2040,2060
0129K0,신한제18호스팩,KOSDAQ,1969,1957,1957,1970
0096D0,미래에셋비전스팩9호,KOSDAQ,1991,1975,1975,1999
149010,아이케이세미콘,KONEX,3500,3500,3500,3500
002680,한탑,KOSDAQ,1689,1735,1663,1812
308100,형지글로벌,KOSDAQ,421,389,369,450
486630,KB제30호스팩,KOSDAQ,2030,2025,2000,2030
0098T0,교보19호스팩,KOSDAQ,1990,1983,1981,1994
900270,헝셩그룹,KOSDAQ,420,0,0,0
389680,유디엠텍,KOSDAQ,1283,1340,1245,1340
493790,유안타제17호스팩,KOSDAQ,2010,2010,2000,2010
0004Y0,디비금융제14호스팩,KOSDAQ,1995,1995,1995,1996
217880,틸론,KONEX,985,1100,951,1100
0130D0,신한제17호스팩,KOSDAQ,1974,1974,1964,1984
38380K,LX홀딩스1우,KOSPI,7190,7280,7120,7280
489210,교보17호스팩,KOSDAQ,2025,1995,1995,2030
043100,알파AI,KOSDAQ,520,0,0,0
900100,파이온엑스,KOSDAQ,1973,2180,1950,2260
044380,주연테크,KOSPI,795,752,741,859
084180,수성웹툰,KOSDAQ,566,491,490,574
466690,키움히어로제1호스팩,KOSDAQ,1999,1984,1984,1999
478110,이베스트스팩6호,KOSDAQ,2020,2025,2015,2030
050090,비케이홀딩스,KOSDAQ,430,331,331,430
498390,한화플러스제5호스팩,KOSDAQ,2035,0,0,0
0041B0,교보18호스팩,KOSDAQ,2000,2000,2000,2000
169670,코스텍시스템,KONEX,3500,3340,3340,3500
225430,케이엠제약,KOSDAQ,1800,1741,1701,1895
238500,솔루믹스,KONEX,475,0,0,0
472220,신영스팩10호,KOSDAQ,2090,2085,2085,2095
004255,NPC우,KOSPI,1855,1814,1814,1888
114920,대주이엔티,KONEX,2820,2820,2820,2820
250930,예선테크,KOSDAQ,1474,1510,1474,1599
488060,유진스팩11호,KOSDAQ,2020,2025,2005,2030
106080,케이이엠텍,KOSDAQ,1650,0,0,0
900120,씨엑스아이,KOSDAQ,851,869,851,919
145210,다이나믹디자인,KOSPI,2240,0,0,0
176590,코나솔,KONEX,1620,1627,1620,1627
084695,대상홀딩스우,KOSPI,10300,10770,10260,10850
001755,한양증권우,KOSPI,19710,19510,19390,19730
289170,바이오텐,KONEX,2580,3470,2580,3470
003075,코오롱글로벌우,KOSPI,12440,12560,11650,12560
001067,JW중외제약2우B,KOSPI,43700,43700,43700,43700
484130,하나34호스팩,KOSDAQ,2020,2025,2000,2025
004105,태양금속우,KOSPI,2740,2700,2685,2795
469480,IBKS제24호스팩,KOSDAQ,2130,0,0,0
092600,앤씨앤,KOSDAQ,1792,1741,1674,1998
473950,에스케이증권제13호스팩,KOSDAQ,2030,2025,2015,2030
224760,엔에스컴퍼니,KONEX,2250,0,0,0
468760,유진스팩10호,KOSDAQ,2080,0,0,0
487830,신한제15호스팩,KOSDAQ,2020,2010,2000,2020
244880,나눔테크,KONEX,1738,1788,1650,1788
253610,루트락,KONEX,850,1149,850,1149
472230,에스케이증권제11호스팩,KOSDAQ,2080,2080,2077,2085
00781K,코리아써키트2우B,KOSPI,10990,11100,10750,11100
189350,코셋,KONEX,1785,2095,1785,2095
487720,키움제10호스팩,KOSDAQ,2015,2015,2015,2020
0068Y0,비엔케이제3호스팩,KOSDAQ,1977,1979,1976,1979
178600,대동고려삼,KONEX,1892,2000,1892,2120
233250,메디안디노스틱,KONEX,4800,4800,4800,4800
000225,유유제약1우,KOSPI,3695,3730,3640,3730
03481K,해성산업1우,KOSDAQ,6040,5970,5920,6070
299480,지앤이헬스케어,KONEX,747,802,594,802
185190,수프로,KONEX,897,899,847,899
0041J0,엘에스스팩1호,KOSDAQ,1992,1983,1983,1992
199730,바이오인프라,KOSDAQ,1680,1800,1594,1979
199150,데이터스트림즈,KONEX,1900,1900,1900,1900
087260,모바일어플라이언스,KOSDAQ,247,0,0,0
465320,교보15호스팩,KOSDAQ,2100,2100,2095,2105
318660,타임기술,KONEX,3695,3800,3500,3800
008290,원풍물산,KOSDAQ,388,359,330,459
079970,투비소프트,KOSDAQ,596,0,0,0
475250,하나33호스팩,KOSDAQ,2055,2045,2045,2055
474930,신한제13호스팩,KOSDAQ,2095,2110,2065,2110
212310,오건에코텍,KONEX,635,0,0,0
001065,JW중외제약우,KOSPI,21700,21500,21500,21700
001515,SK증권우,KOSPI,3790,3700,3605,3790
312610,에이에프더블류,KOSDAQ,365,336,336,395
447690,아이오바이오,KONEX,2660,2660,2660,2660
065420,에스아이리소스,KOSDAQ,94,0,0,0
236340,메디젠휴먼케어,KONEX,2395,2300,2300,2400
224810,엄지하우스,KONEX,1705,1705,1705,1705
012205,계양전기우,KOSPI,6060,5630,5630,6490
276040,스코넥,KOSDAQ,327,0,0,0
33637L,솔루스첨단소재2우B,KOSPI,1870,1805,1805,1885
011080,형지I&C,KOSDAQ,960,1000,951,1042
473000,에스케이증권제12호스팩,KOSDAQ,2055,2050,2050,2055
066830,제노텍,KONEX,1197,0,0,0
475240,하나32호스팩,KOSDAQ,2085,2085,2080,2085
121850,코이즈,KOSDAQ,1319,1399,1280,1400
001770,SHD,KOSPI,5260,5050,4800,5480
035290,골드앤에스,KOSDAQ,1337,1354,1308,1480
199290,바이오프로테크,KONEX,389,392,290,392
251280,안지오랩,KONEX,1800,1800,1800,2000
276240,엘리비젼,KONEX,508,590,437,590
234070,에이원큐브텍,KONEX,898,898,898,898
236030,씨알푸드,KONEX,2975,2635,2635,3000
004985,성신양회우,KOSPI,8070,8190,7630,8190
311960,인터로이드,KONEX,1900,2090,1900,2090
267080,세븐브로이맥주,KONEX,486,0,0,0
26490K,크라운제과우,KOSPI,7440,7380,7380,7440
044180,KD,KOSDAQ,205,0,0,0
004835,덕성우,KOSPI,3860,3830,3690,3900
215570,크로넥스,KONEX,800,899,800,899
002995,금호건설우,KOSPI,18130,16300,16300,18130
313760,캐리,KOSDAQ,468,0,0,0
216400,인바이츠바이오코아,KONEX,655,713,600,713
092590,럭스피아,KONEX,690,666,622,700
266350,팡스카이,KONEX,398,0,0,0
258050,테크트랜스,KONEX,449,0,0,0
327610,펨토바이오메드,KONEX,585,0,0,0
000325,노루홀딩스우,KOSPI,20200,21100,20200,21100
346010,타이드,KONEX,1000,0,0,0
090355,노루페인트우,KOSPI,10490,10490,10490,10490
052770,아이톡시,KOSDAQ,312,0,0,0
000145,하이트진로홀딩스우,KOSPI,9490,9500,9220,9500
116100,태양기계,KONEX,594,593,593,594
341170,퓨쳐메디신,KONEX,388,389,330,389
332190,오션스바이오,KONEX,2710,0,0,0
121060,유니포인트,KONEX,770,770,770,770
009415,태영건설우,KOSPI,6060,6170,6060,6170
000545,흥국화재우,KOSPI,4880,4900,4880,4950
202960,판도라티비,KONEX,312,355,301,355
005965,동부건설우,KOSPI,16410,16410,16300,16420
208890,미래엔에듀파트너,KONEX,900,0,0,0
217910,에스제이켐,KONEX,256,319,256,319
136660,큐엠씨,KONEX,1500,1500,1500,1500
402420,켈스,KONEX,1500,1500,1200,1599
014825,동원시스템즈우,KOSPI,13150,13140,13140,13150
093510,엔지브이아이,KONEX,566,566,566,566
007575,일양약품우,KOSPI,7400,7390,7390,7450
005745,크라운해태홀딩스우,KOSPI,5140,5090,5090,5140
014285,금강공업우,KOSPI,5220,5220,5210,5220
296520,가이아코퍼레이션,KONEX,610,0,0,0
36328K,티와이홀딩스우,KOSPI,2415,2420,2350,2465
014915,성문전자우,KOSPI,4365,4360,4360,4415
413300,티엘엔지니어링,KONEX,1930,2300,1930,2495
266470,바이오인프라생명과학,KONEX,92,112,92,119
245450,씨앤에스링크,KONEX,1499,1499,1360,1499
000227,유유제약2우B,KOSPI,7330,7020,7020,7530
001525,동양우,KOSPI,8800,8370,8210,8800
008355,남선알미우,KOSPI,6900,7590,6900,7590
021045,대호특수강우,KOSDAQ,2430,2365,2350,2455
448780,마이크로엔엑스,KONEX,744,760,638,760
223220,로지스몬,KONEX,339,293,293,350
302920,더콘텐츠온,KONEX,390,0,0,0
004545,깨끗한나라우,KOSPI,4495,4600,4495,4630
011155,CJ씨푸드1우,KOSPI,7520,7500,6980,8750
001527,동양2우B,KOSPI,7000,7020,7000,7080
140660,위월드,KONEX,575,575,575,575
266170,레드우즈,KONEX,1050,0,0,0
043090,더테크놀로지,KOSDAQ,300,317,281,317
002785,진흥기업우B,KOSPI,1373,1429,1146,1429
279060,이노벡스,KONEX,115,0,0,0
004415,서울식품우,KOSPI,4805,4690,4605,5450
390110,애니메디솔루션,KONEX,106,106,106,106
002787,진흥기업2우B,KOSPI,3100,3400,3090,3400
032685,소프트센우,KOSDAQ,12000,11550,10260,13780
