LDY_RANK,종목코드,종목명,시장,업종_대분류,종가,거래대금(억원),시가총액(억원),켈리_수량,추천금액(만원),상태,ROUTE,ACTION_PRIORITY,IS_ACTIVE,IS_NOW_ENTRY,IS_WATCH,DISPLAY_SCORE,FINAL_SCORE,STRUCT_SCORE,TIMING_SCORE,AI_SCORE,NEWS_SCORE,ELITE_SCORE,AXIS_MEAN,AXIS_GAP,BALANCE_SCORE,RR_NOW_TP1,ENTRY_GAP_PCT,ELITE_REASON,TOP_PICK,추천매수가,손절가,추천매도가1,추천매도가2,TRIGGER,V_POWER,거래강도,VWAP,POC_GAP,NEWS_REASON,TTM_SQUEEZE_CNT,Low_Trend_PCT,RSI14,이격도,SCORE_REASON_TOP1,SCORE_REASON_TOP2,SCORE_RISK,ROUTE_REASON,MACRO_RISK,MARKET_BREADTH,업종,거래대금(원),MFI14,BB_BW,TTM_SQUEEZE,BB_SQUEEZE_BW,ret_1d_%,ret_5d_%,ret_10d_%,ret_20d_%,ret_60d_%,ret_120d_%,rel_20d_%,rel_60d_%,rel_120d_%,RES_RATIO,RES_RATIO_NEAR,IS_ABOVE_POC,NEAR_THRES,RSI_Rising,BB_Expanding,Vol_Quality,Range_Pos,외인순매수,기관순매수,메이저순매수,Above_MA20,SUPERTREND_DIR,SUPERTREND_VAL,VWAP_GAP,MACD_Slope_PCT,IS_SWING_SUPPORT,주봉20선_상회,주봉추세,HMA20,HMA_Trend,HMA_On,OBV_Div,gap_pct,_data_length,consecutive_limit_up,MTF_WEEKLY_TREND,MTF_MONTHLY_TREND,MTF_DATA_SUFFICIENT,추천매도가3,ENTRY_ACTION,POSITION_PCT,PLAN_REASON,STOP_PCT,MAX_LOSS_PCT,RR_MULT,REGIME,TIME_STOP_DAYS,EXEC_RULE_ID,STOP_REASON,TP1_METHOD,TP1_PROB,TP2_METHOD,TP2_PROB,TP3_METHOD,TP3_PROB,개인순매수,업종_상세,SECTOR_RET_5D,SECTOR_RS,SECTOR_RANK,ML_RAW_SCORE,ML_TRUSTED,V23_ATR_Pct,V23_OBV_Slope,V23_Upper_Shadow_Ratio,V23_SIGNAL_STATUS,ML_SCORE,ML_STATUS,TRIGGER_SCORE,RAW_TRIGGER_SCORE,ML_EFFECTIVE_SCORE,EBS,PASS_EBS,W_STRUCT,W_TIMING,W_AI,SCORING_AXES,STRATEGY,STRATEGY_SCORE,STRATEGY_HORIZON,REASON_THRESHOLD,기준일,시총기준일,AI_COMMENT,LDY_SCORE,TOTAL_SCORE,RANK_SCORE,벤치_60d_KOSPI_%,벤치_60d_KOSDAQ_%,ROW_BUILD_MODE,EST_WIN_RATE,CAL_HOLD_REASON,LOW_WR_FLAG,LEGACY_EST_WIN_RATE,LEGACY_LOW_WR_FLAG,CALIBRATION_MODE,CAL_N_TRADES,KELLY_P_SOURCE,KELLY_PLANNED_B,KELLY_EMPIRICAL_B,KELLY_FINAL_B,KELLY_FRACTION,KELLY_ZERO_REASON,KELLY_NEED_WIN_RATE,켈리_금액(원),추천수량,KELLY_ENGINE,KELLY_ERROR,CARRY_FROM_DATE,CARRY_AGE_DAYS,IS_STALE_CARRY,STALE_PENALTY,DATA_FRESHNESS_OK,TP1_PCT,TOP_PICK_TYPE,EST_WIN_RATE_METHOD,EST_WIN_RATE_MODE,EST_WIN_RATE_N,CONFIG_VERSION,RUN_STATUS,DEGRADED_REASONS,CONFIDENCE_SCORE,MAX_ALLOWED_ROUTE,AXIS_MCAP,AXIS_BENCH,AXIS_FLOW,AXIS_NEWS,AXIS_SECTOR,AXIS_ML,AXIS_TRIGGER,FALLBACK_COUNT,AXIS_QUALITY,HAS_NEWS,HAS_FLOW,HAS_SECTOR,CARRY_FAIL_REASON,ENTRY_RISK_FLAG,ENTRY_RISK_LEVEL,ENTRY_RISK_RULE,ENTRY_RISK_REASON,BUY_NOW_SCORE,BUY_NOW_GRADE,BUY_NOW_PASS,BUY_NOW_REASON,BUY_NOW_ELIGIBLE,NO_CHASE_FLAG,PULLBACK_WAIT_FLAG,ANTI_STRUCT_REVERSAL_FLAG,ANTI_STRUCT_REVERSAL_TYPE,ANTI_STRUCT_REVERSAL_SCORE,ANTI_STRUCT_REVERSAL_REASON,ENTRY_EDGE_SCORE,ENTRY_EDGE_LEVEL,ENTRY_EDGE_RULE,ENTRY_EDGE_REASON,ENTRY_EDGE_SHADOW_FLAG,EST_WIN_RATE_REALIZED_CAP,STRICT_OFFICIAL_BUY_ELIGIBLE,OFFICIAL_FUNNEL_STAGE,OFFICIAL_BLOCK_REASON_1,OFFICIAL_BLOCK_REASON_2,OFFICIAL_NEAR_MISS_SCORE,OFFICIAL_NEAR_MISS_TYPE,CANDIDATE_TRIAGE_TYPE,MACRO_REGIME_MODE,FX_HIGH_REGIME_FLAG,FX_STALE_FLAG,MARKET_INTERNAL_WEAK_FLAG,MACRO_HARD_BLOCK_SHADOW,MACRO_RELAXED_SHADOW_PASS,SHADOW_MACRO_RELAXED_ELIGIBLE,SHADOW_ENTRY_RELAXED_ELIGIBLE,SHADOW_SCORE_RELAXED_ELIGIBLE,ABNORMAL_HISTORY_GUARD_FLAG,ABNORMAL_HISTORY_GUARD_LEVEL,ABNORMAL_HISTORY_GUARD_TYPE,ABNORMAL_HISTORY_GUARD_REASON,MARKET_WARNING_GUARD_FLAG,MARKET_CAUTION_GUARD_FLAG,LONG_HISTORY_COLLAPSE_FLAG,SPIKE_REVERSAL_GUARD_FLAG,LONG_HIGH_TO_CLOSE_RATIO_USED,ORIGINAL_CANDIDATE_TRIAGE_TYPE,ORIGINAL_BUY_NOW_PASS,ORIGINAL_BUY_NOW_GRADE,NO_BUY_BREAKER_RULE_ID,NO_BUY_BREAKER_VALIDATED,NO_BUY_BREAKER_N,NO_BUY_BREAKER_WIN_RATE_5D,NO_BUY_BREAKER_AVG_RET_5D,NO_BUY_BREAKER_ALPHA_5D,NO_BUY_BREAKER_DECISION,CARRY_FROM_CLOSE,CARRY_RET_PCT,CARRY_STALE_STAGE,CARRY_EXIT_SIGNAL,CARRY_STALE_REASON,GUARD_PASS_1,GUARD_PASS_2,GUARD_PASS_3,GUARD_PASS_4,GUARD_PASS_5,GUARD_PASS_6,GUARD_PASS_7,GUARD_PASS_8,GUARD_PENALTY_1,GUARD_PENALTY_2,GUARD_PENALTY_3,GUARD_PENALTY_4,GUARD_PENALTY_5,GUARD_PENALTY_6,GUARD_PENALTY_7,GUARD_PENALTY_8,GUARD_PENALTY_TOTAL,GUARD_RR_MULT,GUARD_BLOCK,GUARD_FORCE_EXIT_ALERT,GUARD_PRE_WARNING,GUARD_TRENDLINE_BROKEN,GUARD_ALL_PASS,GUARDED_ELITE_SCORE,GUARD_KELLY_MULT,GUARD_REASON,ELITE_LABEL,TOP_PICK_RAW,MOMENTUM_LANE,MOMENTUM_WATCH,MOMENTUM_LANE_TIER,MOMENTUM_LANE_SCORE,MOMENTUM_LANE_RANK,MOMENTUM_LANE_REASON,STOP_OVERRIDE_ACTIVE,STOP_OVERRIDE_PRICE,STOP_OVERRIDE_PCT,NEW_ENTRY_BLOCKED,STOP_OVERRIDE_REASON,ABNORMAL_SURGE_FLAG,DATA_INTEGRITY_OK,DATA_INTEGRITY_REASON,DATA_INTEGRITY_NBAD,JULY_PROFIT_DEFENSE_SCORE,PROFIT_RECOVERY_SCORE,JULY_PROFIT_PROFILE_PASS,JULY_PROFIT_BLOCK_FLAG,JULY_PROFIT_DEFENSE_LEVEL,JULY_PROFIT_DEFENSE_REASON,PROFIT_RECOVERY_TIER,PROFIT_RECOVERY_SETUP,PROFIT_RECOVERY_BLOCK_FLAG,PROFIT_RECOVERY_SIZE_MULT,PROFIT_RECOVERY_ACTION,PROFIT_RECOVERY_REASON,PMS_SCORE,PMS_AVAIL_FEATS,PMS_RANK,PMS_PROFIT_PICK,PMS_BLEND_SCORE,PMS_BLEND_RANK,PMS_REASON,D1_CHECKPOINT_PCT,D1_CHECKPOINT_PRICE,D1_CHECKPOINT_REASON,SRP_BASE_PROB_2D,SRP_NOTE,SRP_EDGE_STATUS,EXIT_ROUTE_RISK,EXIT_STOP_TIGHT,EXIT_TP_QUICK,EXIT_PLAN_NOTE,PRODUCTION_BUY,QUALITY_GUARD_SCORE,PRE_QUALITY_BUY_NOW_ELIGIBLE,QUALITY_GUARD_PASS,QUALITY_GUARD_REASON,QUALITY_POLICY_VERSION,ACTION_DECISION,RECOMMENDED_WEIGHT_PCT,등락률,CARRY_PRICE_REFRESHED,EXTENSION_BLOCK,MARKET_REGIME,REGIME_REASON,REGIME_SIZE_MULT,REGIME_ALLOW_ENTRY,ALPHA_SCORE,BE_TRIGGER_PRICE,ALPHA_WIN_PROB,ALPHA_VALIDATED,RECO_EVIDENCE,RECO_RISK,HONEST_PROB_PCT,ENTRY_RISK_GATE_OK,ROUTE_PREV,ROUTE_ALPHA_HEALED,ALPHA_ENTRY_THRESHOLD,ALPHA_GATE_ACTIVE,ALPHA_ENTRY_OK,FAST_TP_PRICE,US_NDX_RET_1D,US_NDX_RET_5D,US_NDX_VS_MA20,US_SPX_RET_1D,ALPHA_LT_OK,ALPHA_SIZE_MULT,ROUTE_PRE_BLOCK,CRASH_CHASE_WARN,LOW_TREND_PCTL,ALPHA_LT_RULE,DANGER_ZONE,DANGER_ZONE_REASON,GUARD_KELLY_MULT_APPLIED,SECTOR_MOM_FACTOR
1,024060,흥구석유,KOSDAQ,기타,10230,141.37,1534.5,0.0,0.0,WAIT,WAIT,3,False,1,True,20.9,20.9,41.8,0.0,0.0,0.0,11.2,13.9,41.8,47.8,5.06,0.0,RR5.1 + 진입적정,1,10230.0,9410.0,14380.0,15250.0,,1.45,0.2,12686,-50.48,특이사항 없음,0,4.84,40.3,-12.09,저점추세 양호,,,추세 관망,NORMAL,82.2,기타 전문 도매업,14136512210.0,70.5,47.06,0,0,-2.94,-2.66,-25.38,12.42,-32.79,-25.33,16.23,1.0,2.53,0.992,0.057,0,12.0,0,0,1.93,0.18,0,0,0,0,-1,14262.0,-19.36,-0.2535,False,X,▼,10316,▼,X,X,-4.27,250,0,-1,-1,1,18900.0,enter,100.0,NORMAL+PM_BLOCK_INTRADAY+EF:정상,8.02,6.0,5.1,normal,7.0,v1_sl_first_gap_at_open,NORMAL+PM_BLOCK_INTRADAY+EF:정상,BB_UPPER,12,SWING_20D,5,SWING_60D,2,0.0,기타 전문 도매업,22.15142857142857,8.541428571428572,9.0,89.1,0.0,0.13587487781036167,0.06833681753254325,0.5849056603773585,OK,0.0,UNVALIDATED_MODEL,8.0,8.0,0.0,4,1,0.5,0.5,0.0,STRUCT+TIMING+SECTOR,default,default,default,70,20260805,20260805,,20.9,20.9,20.9,-12.0,-33.79,FRESH,0.291,,False,0.3,True,MATURE,11693.0,ALPHA_WIN_PROB,5.061,,1.81,0.0,상태 WAIT — 신규진입 상태 아님(사이징 제외),0.3559,0.0,0.0,v40_alpha_tilt,,,,,,True,40.6,ALPHA,ELITE_SCORE,MATURE,11693,2.4.0,OK,,100.0,ATTACK,OK,OK,OK,OK,OK,OK,OK,0,7,True,True,True,,0,GREEN,,,90.0,BUY,1,,1,0,0,0,,0.0,T=0<70,100.0,GREEN,,,0,False,0,ENTRY_READY_BUT_NOT_TOP_PICK,TOP_PICK=0,진입조건은 양호하나 공식 Top Pick 아님,50.0,ENTRY_CLEAN_OBSERVE,ENTRY_CLEAN_OBSERVE,NORMAL,0,0,0,0,0,0,0,0,0,CLEAR,,,0,0,0,0,0.0,,,,,,,,,,DISABLED_LOSS_DEFENSE,,,,,,True,False,True,True,False,True,False,True,0.0,0.0,0.0,0.0,20.0,0.0,15.0,0.0,35.0,0.3,False,True,False,5,False,0.0,0.0,G2RR×0.3 · G5추세붕괴5축 · G7윗꼬리약세-15,,0,0,0,,0.0,0,,False,0.0,0.0,False,,False,True,,0,92.0,81.0,0,0,CAUTION,중립/관찰,C,WATCH,0,0.2,관찰,시장폭 82.2 · 5일 -2.7%,23.37,6,291,0,35.06,239,,-4.0,9821.0,"진입 후 D+1 종가 9,821원(-4%) 이탈 시 익일 조기청산 권고",46.2,"최근 20거래일 유니버스 실측 2일 상승률 46.2% (n=6,245) · 종목별 유의차 미검증",NO_EDGE_VALIDATED,OK,9514.0,11253.0,"손절 9,514(-7%)·본전전환 10,742(+5%)·1차익절 11,253(+10%) · ⚡ D+2내 10,435(+2%) 도달 시 절반 익절+잔여 본전 상향 (실측: 초반 급등 후 되돌림 -0.9%)",1,87.1,1,1,엄격 매수 기준 통과,alpha_gate_v32,BUY,2.5,,,0,NEUTRAL,"중립 레짐 — KOSPI 20일선 아래, 시장폭 82% (실측: 본전 구간 → 진입 허용하되 사이즈 50%)",0.5,1,97.5,10742.0,0.3888,1,이 점수 구간의 과거 실측 승률 29% (표본 11693건) · 거래량 밀집가 대비 -50.5% — 가치영역 근접 (실측 표본 적음) · 손익비 5.1 (손절 -8.0% / 1차목표 +40.6%) · AI 알파모델 예측 상위 2% (OOS 검증 통과 모델 — 이 구간 실측 승률 39%),중립 레짐 — 사이즈 50% 권장,29.1,True,WAIT,1,85.0,1,1,10435.0,,,,,1,1.0,,0,85.8,pctl>0.30,0,,0,1.0
2,377300,카카오페이,KOSPI,서비스 기타,41550,384.23,56204.7,0.0,0.0,WAIT,ATTACK,3,True,1,False,38.2,38.2,49.0,27.4,0.0,0.0,23.7,25.5,49.0,38.8,1.55,0.0,RR1.6 + 진입적정,1,41550.0,38200.0,46750.0,47900.0,,-0.1,3.08,45971,-31.72,특이사항 없음,0,1.76,52.3,1.66,,,,알파 상위 + MA20위·저점상승 확인 — 진입 우선,NORMAL,82.2,금융 지원 서비스업,38422519125.0,75.8,19.78,0,0,-5.14,5.59,0.85,5.19,-27.11,-38.72,19.01,-15.11,-66.5,0.919,0.17,0,12.0,1,1,1.08,0.47,0,0,0,1,-1,45192.5,-9.62,0.065,False,X,▼,42654,▲,X,X,1.71,250,0,-1,-1,1,60900.0,enter,100.0,NORMAL+PM_BLOCK_INTRADAY+EF:정상,8.06,4.0,1.6,normal,7.0,v1_sl_first_gap_at_open,NORMAL+PM_BLOCK_INTRADAY+EF:정상,SWING_20D,23,ATR_2x,23,VP_RESISTANCE,2,0.0,금융 지원 서비스업,12.922941176470587,7.686470588235293,13.0,41.5,0.0,0.07598418428743339,0.011322379665136006,0.4230769230769231,OK,0.0,UNVALIDATED_MODEL,38.12259357207342,38.12259357207342,0.0,8,1,0.5,0.5,0.0,STRUCT+TIMING+SECTOR,default,default,default,70,20260805,20260805,,38.2,38.2,38.2,-12.0,-33.79,FRESH,0.291,,False,0.3,True,MATURE,11693.0,ALPHA_WIN_PROB,1.552,,1.552,0.0,실측 승률 39% < 필요 승률 39% (손익비 1.55) — 켈리 기준 미달,0.3918,0.0,0.0,v40_alpha_tilt,,,,,,True,12.5,ALPHA,ELITE_SCORE,MATURE,11693,2.4.0,OK,,100.0,ATTACK,OK,OK,OK,OK,OK,OK,OK,0,7,True,True,True,,0,GREEN,,,80.0,BUY,1,전일 -5.1%,0,0,0,0,,0.0,T=27<70,100.0,GREEN,,,0,False,0,ENTRY_READY_BUT_NOT_TOP_PICK,TOP_PICK=0,진입조건은 양호하나 공식 Top Pick 아님,50.0,ENTRY_CLEAN_OBSERVE,ENTRY_CLEAN_OBSERVE,NORMAL,0,0,0,0,0,0,0,0,0,CLEAR,,,0,0,0,0,0.0,,,,,,,,,,DISABLED_LOSS_DEFENSE,,,,,,True,False,True,True,True,True,True,True,0.0,0.0,0.0,0.0,0.0,0.0,0.0,0.0,0.0,0.5,False,False,False,2,False,11.8,0.5,G2RR×0.5,,0,0,0,,11.8,0,,False,0.0,0.0,False,,False,True,,0,76.0,75.0,0,0,CAUTION,5일 상승 5.6% > 5%,C,WATCH,0,0.2,관찰,시장폭 82.2 · 5일 5.6%,63.78,6,76,0,69.51,61,모멘텀확인중(PMS64),-4.0,39888.0,"진입 후 D+1 종가 39,888원(-4%) 이탈 시 익일 조기청산 권고",46.2,"최근 20거래일 유니버스 실측 2일 상승률 46.2% (n=6,245) · 종목별 유의차 미검증",NO_EDGE_VALIDATED,OK,38642.0,45705.0,"손절 38,642(-7%)·본전전환 43,628(+5%)·1차익절 45,705(+10%) · ⚡ D+2내 42,381(+2%) 도달 시 절반 익절+잔여 본전 상향 (실측: 초반 급등 후 되돌림 -0.9%)",0,100.0,1,1,당일 신규진입 1종목 제한,alpha_gate_v32,WATCH,0.0,,,0,NEUTRAL,"중립 레짐 — KOSPI 20일선 아래, 시장폭 82% (실측: 본전 구간 → 진입 허용하되 사이즈 50%)",0.5,1,98.5,43628.0,0.3888,1,이 점수 구간의 과거 실측 승률 29% (표본 11693건) · 거래량 밀집가 대비 -31.7% — 가치영역 근접 (실측 표본 적음) · 손익비 1.6 (손절 -8.1% / 1차목표 +12.5%) · AI 알파모델 예측 상위 2% (OOS 검증 통과 모델 — 이 구간 실측 승률 39%),중립 레짐 — 사이즈 50% 권장,29.1,True,WAIT,1,85.0,1,1,42381.0,,,,,1,1.0,,0,78.3,pctl>0.30,0,,0,1.0
3,294870,IPARK현대산업개발,KOSPI,건설·부동산,21700,57.07,14301.9,0.0,0.0,WAIT,ARMED,3,True,1,False,64.4,64.4,68.2,60.6,0.0,0.0,39.6,42.9,68.2,14.8,1.44,0.0,RR1.4 + 진입적정,0,21700.0,19960.0,24200.0,25050.0,,2.13,1.08,20076,-7.22,특이사항 없음,0,11.48,73.3,12.59,저점추세 양호,,RSI 과열,알파 상위권 + 코일(스퀴즈/추세) — 진입 임박,NORMAL,82.2,건물 건설업,5706998950.0,76.7,29.15,0,0,2.12,14.09,11.8,16.98,-6.67,5.34,30.8,5.33,-22.44,0.549,0.549,0,11.3,1,0,1.35,0.93,0,0,0,1,1,18103.0,8.09,0.1129,False,O,▼,20681,▲,O,X,0.71,250,0,-1,-1,1,26000.0,enter,100.0,NORMAL+PM_BLOCK_INTRADAY+EF:정상,8.02,5.0,1.4,normal,7.0,v1_sl_first_gap_at_open,NORMAL+PM_BLOCK_INTRADAY+EF:정상,ATR_2x,23,SWING_120D,12,ATR_3.5x,12,0.0,건물 건설업,31.53,22.859,2.0,34.6,0.0,0.056616194865042796,0.15842855355938107,0.5,OK,0.0,UNVALIDATED_MODEL,60.853852217894776,60.853852217894776,0.0,6,1,0.5,0.5,0.0,STRUCT+TIMING+SECTOR,default,default,default,70,20260805,20260805,,64.4,64.4,64.4,-12.0,-33.79,FRESH,0.225,,False,0.435,True,MATURE,11693.0,ALPHA_WIN_PROB,1.437,,1.437,0.0,실측 승률 36% < 필요 승률 41% (손익비 1.44) — 켈리 기준 미달,0.4104,0.0,0.0,v40_alpha_tilt,,,,,,True,11.5,,ELITE_SCORE,MATURE,11693,2.4.0,OK,,100.0,ATTACK,OK,OK,OK,OK,OK,OK,OK,0,7,True,True,True,,0,GREEN,,,85.0,BUY,1,,0,0,0,0,,0.0,T=61<70 · S=68≥50,100.0,GREEN,,,0,False,0,ENTRY_READY_BUT_NOT_TOP_PICK,TOP_PICK=0,진입조건은 양호하나 공식 Top Pick 아님,50.0,ENTRY_CLEAN_OBSERVE,ENTRY_CLEAN_OBSERVE,NORMAL,0,0,0,0,0,0,0,0,0,CLEAR,,,0,0,0,0,0.0,,,,,,,,,,DISABLED_LOSS_DEFENSE,,,,,,True,True,True,True,True,True,True,True,0.0,0.0,0.0,0.0,0.0,0.0,0.0,0.0,0.0,1.0,False,False,False,1,True,39.6,1.0,,,0,0,0,,39.6,0,,False,0.0,0.0,False,,False,True,,0,82.0,77.0,0,0,CAUTION,5일 상승 14.1% > 5%,C,WATCH,0,0.2,관찰,시장폭 82.2 · 5일 14.1%,74.12,6,36,0,85.2,13,모멘텀확인중(PMS74),-4.0,20832.0,"진입 후 D+1 종가 20,832원(-4%) 이탈 시 익일 조기청산 권고",46.2,"최근 20거래일 유니버스 실측 2일 상승률 46.2% (n=6,245) · 종목별 유의차 미검증",NO_EDGE_VALIDATED,OK,20181.0,23870.0,"손절 20,181(-7%)·본전전환 22,785(+5%)·1차익절 23,870(+10%) · ⚡ D+2내 22,134(+2%) 도달 시 절반 익절+잔여 본전 상향 (실측: 초반 급등 후 되돌림 -0.9%)",0,100.0,0,0,알파 83점 (진입선 85점 미달),alpha_gate_v32,WATCH,0.0,,,0,NEUTRAL,"중립 레짐 — KOSPI 20일선 아래, 시장폭 82% (실측: 본전 구간 → 진입 허용하되 사이즈 50%)",0.5,1,83.0,22785.0,0.3572,1,이 점수 구간의 과거 실측 승률 22% (표본 11693건) · 거래량 밀집가 대비 -7.2% — 가치영역 근접 (실측 표본 적음) · 손익비 1.4 (손절 -8.0% / 1차목표 +11.5%) · 저점 상승 추세 11% (바닥이 높아지는 중) · AI 알파모델 예측 상위 17% (OOS 검증 통과 모델 — 이 구간 실측 승률 36%),중립 레짐 — 사이즈 50% 권장 · RSI 73 과열 구간,22.5,True,WAIT,1,85.0,1,0,22134.0,,,,,1,1.0,,0,92.6,pctl>0.30,0,,0,1.0
4,483650,달바글로벌,KOSPI,화학·소재,232000,242.46,28985.9,0.0,0.0,WAIT,WAIT,3,False,1,True,66.0,66.0,93.2,38.9,0.0,0.0,36.4,44.0,93.2,0.0,2.29,0.0,RR2.3 + 진입적정,0,232000.0,213000.0,275500.0,283500.0,,-1.43,0.57,223490,15.36,특이사항 없음,0,6.22,59.8,2.99,STRUCT 강점,,,추세 관망,NORMAL,82.2,기타 화학제품 제조업,24245636750.0,70.0,37.66,0,0,-3.13,-12.45,4.5,0.87,9.43,36.95,14.69,21.43,9.17,0.249,0.249,1,12.0,1,0,1.29,0.47,0,0,0,1,1,188430.0,3.81,-0.4059,False,O,▲,245257,▼,X,X,-1.46,250,0,1,1,1,321500.0,enter,100.0,NORMAL+PM_BLOCK_INTRADAY+EF:정상,8.19,5.0,2.3,normal,7.0,v1_sl_first_gap_at_open,NORMAL+PM_BLOCK_INTRADAY+EF:정상,SWING_20D,23,ATR_2x,23,ATR_3.5x,12,0.0,기타 화학제품 제조업,18.9472,9.67,10.0,19.8,0.0,0.10994458128078818,0.017452975061855114,0.5,OK,0.0,UNVALIDATED_MODEL,30.473004973861954,30.473004973861954,0.0,6,1,0.5,0.5,0.0,STRUCT+TIMING+SECTOR,default,default,default,70,20260805,20260805,,66.0,66.0,66.0,-12.0,-33.79,FRESH,0.239,,False,0.448,True,MATURE,11693.0,ALPHA_WIN_PROB,2.289,,1.81,0.0,상태 WAIT — 신규진입 상태 아님(사이징 제외),0.3559,0.0,0.0,v40_alpha_tilt,,,,,,True,18.8,,ELITE_SCORE,MATURE,11693,2.4.0,OK,,100.0,ATTACK,OK,OK,OK,OK,OK,OK,OK,0,7,True,True,True,,0,GREEN,,,100.0,BUY,1,,0,0,0,0,,0.0,T=39<70 · S=93≥50,100.0,GREEN,,,0,False,0,ENTRY_READY_BUT_NOT_TOP_PICK,TOP_PICK=0,진입조건은 양호하나 공식 Top Pick 아님,58.0,ENTRY_CLEAN_OBSERVE,ENTRY_CLEAN_OBSERVE,NORMAL,0,0,0,0,0,0,0,0,0,CLEAR,,,0,0,0,0,0.0,,,,,,,,,,DISABLED_LOSS_DEFENSE,,,,,,True,True,True,True,True,True,True,True,0.0,0.0,0.0,0.0,0.0,0.0,0.0,0.0,0.0,1.0,False,False,False,2,True,36.4,1.0,,,0,0,0,,36.4,0,,False,0.0,0.0,False,,False,True,,0,100.0,100.0,1,0,PASS,7월 방어 profile 통과,A,PULLBACK_BREADTH,0,0.7,최우선 관찰,회복형 눌림+시장폭 · 품질+시장폭 · 시장폭 82.2 · 5일 -12.4%,64.11,6,73,0,79.11,21,모멘텀확인중(PMS64),-4.0,222720.0,"진입 후 D+1 종가 222,720원(-4%) 이탈 시 익일 조기청산 권고",46.2,"최근 20거래일 유니버스 실측 2일 상승률 46.2% (n=6,245) · 종목별 유의차 미검증",NO_EDGE_VALIDATED,OK,215760.0,255200.0,"손절 215,760(-7%)·본전전환 243,600(+5%)·1차익절 255,200(+10%) · ⚡ D+2내 236,640(+2%) 도달 시 절반 익절+잔여 본전 상향 (실측: 초반 급등 후 되돌림 -0.9%)",0,100.0,0,0,알파 56점 (진입선 85점 미달),alpha_gate_v32,WATCH,0.0,,,0,NEUTRAL,"중립 레짐 — KOSPI 20일선 아래, 시장폭 82% (실측: 본전 구간 → 진입 허용하되 사이즈 50%)",0.5,1,56.0,243600.0,0.2958,1,이 점수 구간의 과거 실측 승률 24% (표본 11693건) · 거래량 밀집가 대비 +15.4% — 가치영역 근접 (실측 승률 48%) · 손익비 2.3 (손절 -8.2% / 1차목표 +18.8%) · 저점 상승 추세 6% (바닥이 높아지는 중),중립 레짐 — 사이즈 50% 권장,23.9,True,WAIT,1,85.0,1,0,236640.0,,,,,1,1.0,,0,88.2,pctl>0.30,0,,0,1.0
5,180640,한진칼,KOSPI,금융,122500,155.33,81783.8,0.0,0.0,WAIT,WAIT,3,False,1,True,42.3,42.3,23.1,61.5,0.0,0.0,29.3,28.2,61.5,23.1,1.81,0.0,RR1.8 + 진입적정,0,122500.0,112700.0,140200.0,143700.0,,0.87,0.92,116503,7.37,특이사항 없음,0,0.1,61.9,6.58,,,,추세 관망,NORMAL,82.2,기타 금융업,15532516400.0,67.9,36.51,0,0,1.74,10.06,20.69,-8.45,7.36,5.88,5.37,19.36,-21.9,0.206,0.158,1,12.0,0,0,0.87,0.55,0,0,0,1,-1,131990.0,5.15,0.48,False,O,▼,113589,▲,O,X,0.08,250,0,-1,-1,1,148400.0,enter,100.0,NORMAL+PM_BLOCK_INTRADAY+EF:정상,8.0,4.0,1.8,normal,7.0,v1_sl_first_gap_at_open,NORMAL+PM_BLOCK_INTRADAY+EF:정상,SWING_20D,23,SWING_60D,12,ATR_3.5x,12,0.0,기타 금융업,14.904375,12.145312500000001,11.0,53.0,0.0,0.06034985422740525,0.04148330187073547,0.8333333333333334,OK,0.0,UNVALIDATED_MODEL,51.938884295526925,51.938884295526925,0.0,6,1,0.5,0.5,0.0,STRUCT+TIMING+SECTOR,default,default,default,70,20260805,20260805,,42.3,42.3,42.3,-12.0,-33.79,FRESH,0.271,,False,0.3,True,MATURE,11693.0,ALPHA_WIN_PROB,1.806,,1.806,0.0,상태 WAIT — 신규진입 상태 아님(사이징 제외),0.3564,0.0,0.0,v40_alpha_tilt,,,,,,True,14.4,,ELITE_SCORE,MATURE,11693,2.4.0,OK,,100.0,ATTACK,OK,OK,OK,OK,OK,OK,OK,0,7,True,True,True,,0,GREEN,,,100.0,BUY,1,,0,0,0,0,,0.0,T=62<70,100.0,GREEN,,,0,False,0,ENTRY_READY_BUT_NOT_TOP_PICK,TOP_PICK=0,진입조건은 양호하나 공식 Top Pick 아님,50.0,ENTRY_CLEAN_OBSERVE,ENTRY_CLEAN_OBSERVE,NORMAL,0,0,0,0,0,0,0,0,0,CLEAR,,,0,0,0,0,0.0,,,,,,,,,,DISABLED_LOSS_DEFENSE,,,,,,True,False,True,True,True,True,True,True,0.0,0.0,0.0,0.0,0.0,0.0,0.0,0.0,0.0,0.5,False,False,False,1,False,14.6,0.5,G2RR×0.5,,0,0,0,,14.6,0,,False,0.0,0.0,False,,False,True,,0,74.0,71.0,0,0,CAUTION,5일 상승 10.1% > 5%,C,WATCH,0,0.2,관찰,시장폭 82.2 · 5일 10.1%,71.39,6,43,0,79.66,18,모멘텀확인중(PMS71),-4.0,117600.0,"진입 후 D+1 종가 117,600원(-4%) 이탈 시 익일 조기청산 권고",46.2,"최근 20거래일 유니버스 실측 2일 상승률 46.2% (n=6,245) · 종목별 유의차 미검증",NO_EDGE_VALIDATED,OK,113925.0,134750.0,"손절 113,925(-7%)·본전전환 128,625(+5%)·1차익절 134,750(+10%) · ⚡ D+2내 124,950(+2%) 도달 시 절반 익절+잔여 본전 상향 (실측: 초반 급등 후 되돌림 -0.9%)",0,100.0,0,0,알파 47점 (진입선 85점 미달),alpha_gate_v32,WATCH,0.0,,,0,NEUTRAL,"중립 레짐 — KOSPI 20일선 아래, 시장폭 82% (실측: 본전 구간 → 진입 허용하되 사이즈 50%)",0.5,1,46.7,128625.0,0.2713,1,이 점수 구간의 과거 실측 승률 27% (표본 11693건) · 거래량 밀집가 대비 +7.4% — 가치영역 근접 (실측 승률 40%) · 손익비 1.8 (손절 -8.0% / 1차목표 +14.4%),중립 레짐 — 사이즈 50% 권장,27.1,True,WAIT,1,85.0,1,0,124950.0,,,,,1,1.0,,0,74.1,pctl>0.30,0,,0,1.0
6,460930,현대힘스,KOSDAQ,조선·기계·설비,14620,126.99,5191.7,0.0,0.0,WAIT,OVERHEAT,3,False,0,False,45.5,45.5,58.8,32.2,0.0,0.0,27.4,30.3,58.8,26.5,1.53,1.5,RR1.5 + 진입적정,0,14400.0,13240.0,16730.0,17820.0,,2.72,0.67,14421,-5.39,특이사항 없음,0,12.62,63.1,14.2,저점추세 양호,,5일 급등,"과열(급등·MFI·RSI) — 실측 역신호, 관망",NORMAL,82.2,선박 및 보트 건조업,12698580800.0,76.5,43.78,0,0,6.4,16.59,15.66,23.69,-23.85,-13.75,27.5,9.94,14.11,0.706,0.23,0,12.0,1,0,1.04,0.67,0,0,0,1,1,11197.0,1.38,-0.0586,False,X,▼,14065,▲,O,X,2.62,250,0,-1,-1,1,20100.0,enter,100.0,NORMAL+PM_BLOCK_INTRADAY+EF:정상,8.06,5.0,2.0,normal,7.0,v1_sl_first_gap_at_open,NORMAL+PM_BLOCK_INTRADAY+EF:정상,SWING_20D,46,ATR_2x,23,SWING_60D,12,0.0,선박 및 보트 건조업,27.58121951219512,8.227560975609755,6.0,12.8,0.0,0.11666992378346688,0.13041351291558262,0.11827956989247312,OK,0.0,UNVALIDATED_MODEL,38.84567940890927,38.84567940890927,0.0,4,1,0.5,0.5,0.0,STRUCT+TIMING+SECTOR,default,default,default,70,20260805,20260805,,45.5,45.5,45.5,-12.0,-33.79,FRESH,0.28,,False,0.3,True,MATURE,11693.0,ALPHA_WIN_PROB,2.009,,1.81,0.0,상태 OVERHEAT — 신규진입 상태 아님(사이징 제외),0.3559,0.0,0.0,v40_alpha_tilt,,,,,,True,14.4,,ELITE_SCORE,MATURE,11693,2.4.0,OK,,100.0,ATTACK,OK,OK,OK,OK,OK,OK,OK,0,7,True,True,True,,0,GREEN,,,85.0,BUY,1,,0,0,0,0,,0.0,T=32<70 · S=59≥50,100.0,GREEN,,,0,False,0,ENTRY_READY_BUT_NOT_TOP_PICK,TOP_PICK=0,진입조건은 양호하나 공식 Top Pick 아님,50.0,ENTRY_CLEAN_OBSERVE,ENTRY_CLEAN_OBSERVE,NORMAL,0,0,0,0,0,0,0,0,0,CLEAR,,,0,0,0,0,0.0,,,,,,,,,,DISABLED_LOSS_DEFENSE,,,,,,True,False,True,True,True,True,True,True,0.0,0.0,0.0,0.0,0.0,0.0,0.0,0.0,0.0,0.5,False,False,False,2,False,13.7,0.5,G2RR×0.5,,0,0,0,,13.7,0,,False,0.0,0.0,False,,False,True,,0,74.0,67.0,0,0,CAUTION,5일 상승 16.6% > 5%,C,WATCH,0,0.2,관찰,시장폭 82.2 · 5일 16.6%,58.31,6,110,0,71.42,48,,-4.0,13824.0,"진입 후 D+1 종가 13,824원(-4%) 이탈 시 익일 조기청산 권고",46.2,"최근 20거래일 유니버스 실측 2일 상승률 46.2% (n=6,245) · 종목별 유의차 미검증",NO_EDGE_VALIDATED,OK,13392.0,15840.0,"손절 13,392(-7%)·본전전환 15,120(+5%)·1차익절 15,840(+10%) · ⚡ D+2내 14,688(+2%) 도달 시 절반 익절+잔여 본전 상향 (실측: 초반 급등 후 되돌림 -0.9%)",0,98.6,0,0,알파 54점 (진입선 85점 미달),alpha_gate_v32,WATCH,0.0,,,0,NEUTRAL,"중립 레짐 — KOSPI 20일선 아래, 시장폭 82% (실측: 본전 구간 → 진입 허용하되 사이즈 50%)",0.5,1,54.5,15120.0,0.2958,1,이 점수 구간의 과거 실측 승률 28% (표본 11693건) · 거래량 밀집가 대비 -5.4% — 가치영역 근접 (실측 표본 적음) · 손익비 1.5 (손절 -9.4% / 1차목표 +14.4%) · 저점 상승 추세 13% (바닥이 높아지는 중),중립 레짐 — 사이즈 50% 권장,28.0,True,WAIT,1,85.0,1,0,14688.0,,,,,1,1.0,,0,93.5,pctl>0.30,0,,0,1.0
7,271560,오리온,KOSPI,유통·소비재,130300,216.87,51506.0,0.0,0.0,WAIT,ARMED,3,True,1,False,28.0,28.0,20.5,35.4,0.0,0.0,20.1,18.6,35.4,55.8,1.84,0.0,RR1.8 + 진입적정,1,130300.0,122900.0,143900.0,150100.0,,-0.17,1.46,133535,-0.42,특이사항 없음,4,2.34,57.8,-1.0,저점추세 양호,,,알파 상위권 + 코일(스퀴즈/추세) — 진입 임박,NORMAL,82.2,기타 식품 제조업,21686683400.0,58.6,11.09,1,0,-1.81,-3.48,1.32,-6.59,-7.72,5.59,7.23,4.28,-22.19,0.74,0.724,0,8.7,0,0,1.1,0.32,0,0,0,0,1,120300.0,-2.42,-0.0366,True,X,▼,133178,▲,X,X,-0.98,250,0,-1,-1,1,,enter,100.0,SWING+PM_BLOCK_INTRADAY+EF:정상,5.68,4.0,1.8,normal,7.0,v1_sl_first_gap_at_open,SWING+PM_BLOCK_INTRADAY+EF:정상,SWING_20D,23,SWING_120D,12,,0,0.0,기타 식품 제조업,-1.063076923076923,-0.3392307692307692,16.0,27.2,0.0,0.04363556627562767,0.15535403413222004,0.625,OK,0.0,UNVALIDATED_MODEL,36.33956953803671,36.33956953803671,0.0,8,1,0.5,0.5,0.0,STRUCT+TIMING+SECTOR,default,default,default,70,20260805,20260805,,28.0,28.0,28.0,-12.0,-33.79,FRESH,0.291,,False,0.3,True,MATURE,11693.0,ALPHA_WIN_PROB,1.838,,1.81,0.001,"배분액 10,309원 < 1주 가격 130,300원 — 수량 0",0.3559,10309.0,0.0,v40_alpha_tilt,,,,,,True,10.4,ALPHA,ELITE_SCORE,MATURE,11693,2.4.0,OK,,100.0,ATTACK,OK,OK,OK,OK,OK,OK,OK,0,7,True,True,True,,0,GREEN,,,90.0,BUY,1,,0,0,0,0,,0.0,T=35<70,100.0,GREEN,,,0,False,0,ENTRY_READY_BUT_NOT_TOP_PICK,TOP_PICK=0,진입조건은 양호하나 공식 Top Pick 아님,50.0,ENTRY_CLEAN_OBSERVE,ENTRY_CLEAN_OBSERVE,NORMAL,0,0,0,0,0,0,0,0,0,CLEAR,,,0,0,0,0,0.0,,,,,,,,,,DISABLED_LOSS_DEFENSE,,,,,,True,False,True,True,False,True,True,True,0.0,0.0,0.0,0.0,20.0,0.0,0.0,0.0,20.0,0.5,False,True,False,3,False,0.0,0.0,G2RR×0.5 · G5추세붕괴3축,,0,0,0,,0.0,0,,False,0.0,0.0,False,,False,True,,0,88.0,83.0,0,0,CAUTION,중립/관찰,C,WATCH,0,0.2,관찰,시장폭 82.2 · 5일 -3.5%,64.37,6,71,0,67.09,76,모멘텀확인중(PMS64),-4.0,125088.0,"진입 후 D+1 종가 125,088원(-4%) 이탈 시 익일 조기청산 권고",46.2,"최근 20거래일 유니버스 실측 2일 상승률 46.2% (n=6,245) · 종목별 유의차 미검증",NO_EDGE_VALIDATED,OK,121179.0,143330.0,"손절 121,179(-7%)·본전전환 136,815(+5%)·1차익절 143,330(+10%) · ⚡ D+2내 132,906(+2%) 도달 시 절반 익절+잔여 본전 상향 (실측: 초반 급등 후 되돌림 -0.9%)",0,97.8,1,1,당일 신규진입 1종목 제한,alpha_gate_v32,WATCH,0.0,,,0,NEUTRAL,"중립 레짐 — KOSPI 20일선 아래, 시장폭 82% (실측: 본전 구간 → 진입 허용하되 사이즈 50%)",0.5,1,87.6,136815.0,0.3572,1,이 점수 구간의 과거 실측 승률 29% (표본 11693건) · 거래량 밀집가 대비 -0.4% — 가치영역 근접 (실측 표본 적음) · 손익비 1.8 (손절 -5.7% / 1차목표 +10.4%) · 변동성 응축 4일째 (스퀴즈 — 방향 분출 대기) · AI 알파모델 예측 상위 12% (OOS 검증 통과 모델 — 이 구간 실측 승률 36%),중립 레짐 — 사이즈 50% 권장,29.1,True,WAIT,1,85.0,1,1,132906.0,,,,,1,1.0,,0,79.3,pctl>0.30,0,,0,1.0
8,004310,현대약품,KOSPI,바이오·의약품,5850,112.03,1872.0,0.0,0.0,WAIT,OVERHEAT,3,False,0,False,35.2,35.2,64.8,5.6,0.0,0.0,18.4,23.5,64.8,19.0,4.76,1.6,RR4.8 + 진입적정,0,5760.0,5300.0,8470.0,9680.0,⚡눌림회복,1.75,0.39,7514,-31.68,특이사항 없음,0,6.14,42.5,2.37,저점추세 양호,,5일 급등,"과열(급등·MFI·RSI) — 실측 역신호, 관망",NORMAL,82.2,의약품 제조업,11203099155.0,77.2,58.4,0,0,4.46,19.14,-10.14,20.25,-26.88,-55.31,34.07,-14.88,-83.09,0.936,0.064,0,12.0,1,0,1.15,0.36,0,0,0,1,-1,7709.5,-22.15,0.3165,False,X,▼,5221,▼,O,X,1.61,250,0,-1,-1,1,15960.0,enter,100.0,NORMAL+PM_BLOCK_INTRADAY+EF:정상,7.99,6.0,5.9,normal,7.0,v1_sl_first_gap_at_open,NORMAL+PM_BLOCK_INTRADAY+EF:정상,SWING_20D,12,SWING_60D,5,SWING_120D,2,0.0,의약품 제조업,18.360833333333336,7.888333333333333,12.0,33.6,0.0,0.15586080586080586,0.027002640398943054,0.5918367346938775,OK,0.0,UNVALIDATED_MODEL,18.5,18.5,0.0,6,1,0.5,0.5,0.0,STRUCT+TIMING+SECTOR,default,default,default,70,20260805,20260805,,35.2,35.2,35.2,-12.0,-33.79,FRESH,0.291,,False,0.3,True,MATURE,11693.0,ALPHA_WIN_PROB,5.891,,1.81,0.0,상태 OVERHEAT — 신규진입 상태 아님(사이징 제외),0.3559,0.0,0.0,v40_alpha_tilt,,,,,,True,44.8,,ELITE_SCORE,MATURE,11693,2.4.0,OK,,100.0,ATTACK,OK,OK,OK,OK,OK,OK,OK,0,7,True,True,True,,0,GREEN,,,90.0,BUY,1,,0,0,0,0,,0.0,T=6<70 · S=65≥50,100.0,GREEN,,,0,False,0,ENTRY_READY_BUT_NOT_TOP_PICK,TOP_PICK=0,진입조건은 양호하나 공식 Top Pick 아님,50.0,ENTRY_CLEAN_OBSERVE,ENTRY_CLEAN_OBSERVE,NORMAL,0,0,0,0,0,0,0,0,0,CLEAR,,,0,0,0,0,0.0,,,,,,,,,,DISABLED_LOSS_DEFENSE,,,,,,True,False,True,True,False,True,False,True,0.0,0.0,0.0,0.0,20.0,0.0,15.0,0.0,35.0,0.5,False,True,False,3,False,0.0,0.0,G2RR×0.5 · G5추세붕괴3축 · G7윗꼬리약세-15,,0,0,0,,0.0,0,,False,0.0,0.0,False,,False,True,,0,66.0,51.0,0,0,CAUTION,5일 상승 19.1% > 5%,C,WATCH,0,0.2,관찰,시장폭 82.2 · 5일 19.1%,27.97,6,276,0,47.42,190,,-4.0,5530.0,"진입 후 D+1 종가 5,530원(-4%) 이탈 시 익일 조기청산 권고",46.2,"최근 20거래일 유니버스 실측 2일 상승률 46.2% (n=6,245) · 종목별 유의차 미검증",NO_EDGE_VALIDATED,OK,5357.0,6336.0,"손절 5,357(-7%)·본전전환 6,048(+5%)·1차익절 6,336(+10%) · ⚡ D+2내 5,875(+2%) 도달 시 절반 익절+잔여 본전 상향 (실측: 초반 급등 후 되돌림 -0.9%)",0,96.5,0,0,알파 72점 (진입선 85점 미달),alpha_gate_v32,WATCH,0.0,,,0,NEUTRAL,"중립 레짐 — KOSPI 20일선 아래, 시장폭 82% (실측: 본전 구간 → 진입 허용하되 사이즈 50%)",0.5,1,72.4,6048.0,0.3379,1,이 점수 구간의 과거 실측 승률 29% (표본 11693건) · 거래량 밀집가 대비 -31.7% — 가치영역 근접 (실측 표본 적음) · 손익비 4.8 (손절 -9.4% / 1차목표 +44.8%) · 저점 상승 추세 6% (바닥이 높아지는 중) · AI 알파모델 예측 상위 28% (OOS 검증 통과 모델 — 이 구간 실측 승률 34%),중립 레짐 — 사이즈 50% 권장,29.1,True,WAIT,1,85.0,1,0,5875.0,,,,,1,1.0,,0,87.9,pctl>0.30,0,,0,1.0
9,036570,NC,KOSPI,IT/전기전자,235000,161.04,50628.5,0.0,0.0,WAIT,ARMED,3,True,1,False,67.4,67.4,93.2,41.7,0.0,0.0,37.4,45.0,93.2,0.0,1.37,0.0,RR1.4 + 진입적정,0,235000.0,216000.0,261000.0,343500.0,,1.03,0.85,265943,-11.07,특이사항 없음,0,6.65,55.6,1.73,STRUCT 강점,,,알파 상위권 + 코일(스퀴즈/추세) — 진입 임박,NORMAL,82.2,소프트웨어 개발 및 공급업,16103940750.0,56.2,20.89,0,0,-2.29,5.62,7.8,-7.84,-8.02,11.64,5.98,3.98,-16.14,0.584,0.181,0,9.9,1,0,1.61,0.55,0,0,0,1,-1,247600.0,-11.64,0.2028,False,X,▲,232576,▲,O,X,0.42,250,0,1,1,1,,enter,100.0,NORMAL+PM_BLOCK_INTRADAY+EF:정상,8.09,4.0,1.4,normal,7.0,v1_sl_first_gap_at_open,NORMAL+PM_BLOCK_INTRADAY+EF:정상,SWING_20D,23,SWING_60D,2,,0,0.0,소프트웨어 개발 및 공급업,28.983018867924528,12.636603773584905,4.0,11.5,0.0,0.04939209726443769,0.011235725338713774,0.36363636363636365,OK,0.0,UNVALIDATED_MODEL,47.41588741274383,47.41588741274383,0.0,8,1,0.5,0.5,0.0,STRUCT+TIMING+SECTOR,default,default,default,70,20260805,20260805,,67.4,67.4,67.4,-12.0,-33.79,FRESH,0.235,,False,0.459,False,MATURE,11693.0,ALPHA_WIN_PROB,1.368,,1.368,0.0,실측 승률 34% < 필요 승률 42% (손익비 1.37) — 켈리 기준 미달,0.4222,0.0,0.0,v40_alpha_tilt,,,,,,True,11.1,,ELITE_SCORE,MATURE,11693,2.4.0,OK,,100.0,ATTACK,OK,OK,OK,OK,OK,OK,OK,0,7,True,True,True,,0,GREEN,,,100.0,BUY,1,,0,0,0,0,,0.0,T=42<70 · S=93≥50,100.0,GREEN,,,0,False,0,ENTRY_READY_BUT_NOT_TOP_PICK,TOP_PICK=0,진입조건은 양호하나 공식 Top Pick 아님,58.0,ENTRY_CLEAN_OBSERVE,ENTRY_CLEAN_OBSERVE,NORMAL,0,0,0,0,0,0,0,0,0,CLEAR,,,0,0,0,0,0.0,,,,,,,,,,DISABLED_LOSS_DEFENSE,,,,,,True,True,True,True,True,True,True,True,0.0,0.0,0.0,0.0,0.0,0.0,0.0,0.0,0.0,1.0,False,False,False,2,True,37.4,1.0,,,0,0,0,,37.4,0,,False,0.0,0.0,False,,False,True,,0,96.0,93.0,0,0,CAUTION,5일 상승 5.6% > 5%,C,WATCH,0,0.2,관찰,시장폭 82.2 · 5일 5.6%,60.45,6,96,0,77.59,24,모멘텀확인중(PMS60),-4.0,225600.0,"진입 후 D+1 종가 225,600원(-4%) 이탈 시 익일 조기청산 권고",46.2,"최근 20거래일 유니버스 실측 2일 상승률 46.2% (n=6,245) · 종목별 유의차 미검증",NO_EDGE_VALIDATED,OK,218550.0,258500.0,"손절 218,550(-7%)·본전전환 246,750(+5%)·1차익절 258,500(+10%) · ⚡ D+2내 239,700(+2%) 도달 시 절반 익절+잔여 본전 상향 (실측: 초반 급등 후 되돌림 -0.9%)",0,95.7,0,0,알파 75점 (진입선 85점 미달),alpha_gate_v32,WATCH,0.0,,,0,NEUTRAL,"중립 레짐 — KOSPI 20일선 아래, 시장폭 82% (실측: 본전 구간 → 진입 허용하되 사이즈 50%)",0.5,1,74.6,246750.0,0.3379,1,이 점수 구간의 과거 실측 승률 24% (표본 11693건) · 거래량 밀집가 대비 -11.1% — 가치영역 근접 (실측 표본 적음) · 손익비 1.4 (손절 -8.1% / 1차목표 +11.1%) · 저점 상승 추세 7% (바닥이 높아지는 중) · AI 알파모델 예측 상위 25% (OOS 검증 통과 모델 — 이 구간 실측 승률 34%),중립 레짐 — 사이즈 50% 권장,23.5,True,WAIT,1,85.0,1,0,239700.0,,,,,1,1.0,,0,89.2,pctl>0.30,0,,0,1.0
10,003230,삼양식품,KOSPI,유통·소비재,1210000,632.38,91149.5,0.0,0.0,WAIT,WAIT,3,False,1,True,72.4,72.4,93.2,51.7,0.0,0.0,41.0,48.3,93.2,0.0,1.15,0.0,RR1.1 + 진입적정,0,1210000.0,1113000.0,1322000.0,1363000.0,,0.67,0.85,1205904,2.93,특이사항 없음,0,6.03,64.7,5.76,STRUCT 강점,,,추세 관망,NORMAL,82.2,기타 식품 제조업,63237733000.0,78.6,20.12,0,0,-0.74,-0.82,9.11,-0.98,-11.03,12.45,12.84,0.97,-15.33,0.459,0.414,1,12.0,1,0,1.57,0.62,0,0,0,1,-1,1254000.0,0.34,-0.1689,False,X,▲,1222476,▲,X,X,-0.82,250,0,1,-1,1,1484000.0,enter,100.0,NORMAL+PM_BLOCK_INTRADAY+EF:정상,8.02,4.0,1.2,normal,7.0,v1_sl_first_gap_at_open,NORMAL+PM_BLOCK_INTRADAY+EF:정상,SWING_20D,46,ATR_2x,23,SWING_60D,5,0.0,기타 식품 제조업,-1.063076923076923,-0.3392307692307692,16.0,18.0,0.0,0.06322314049586777,0.1411876997371341,0.6785714285714286,OK,0.0,UNVALIDATED_MODEL,46.49297699992776,46.49297699992776,0.0,6,1,0.5,0.5,0.0,STRUCT+TIMING+SECTOR,default,default,default,70,20260805,20260805,,72.4,72.4,72.4,-12.0,-33.79,FRESH,0.219,,False,0.499,False,MATURE,11693.0,ALPHA_WIN_PROB,1.155,,1.155,0.0,상태 WAIT — 신규진입 상태 아님(사이징 제외),0.4641,0.0,0.0,v40_alpha_tilt,,,,,,True,9.3,,ELITE_SCORE,MATURE,11693,2.4.0,OK,,100.0,ATTACK,OK,OK,OK,OK,OK,OK,OK,0,7,True,True,True,,0,GREEN,,,90.0,BUY,1,,0,0,0,0,,0.0,T=52<70 · S=93≥50,100.0,GREEN,,,0,False,0,BELOW_OFFICIAL_BAR,TOP_PICK=0,,38.0,IGNORE,IGNORE,NORMAL,0,0,0,0,0,0,0,0,0,CLEAR,,,0,0,0,0,0.0,,,,,,,,,,DISABLED_LOSS_DEFENSE,,,,,,True,True,True,True,True,True,True,True,0.0,0.0,0.0,0.0,0.0,0.0,0.0,0.0,0.0,1.0,False,False,False,2,True,41.0,1.0,,,0,0,0,,41.0,0,,False,0.0,0.0,False,,False,True,,0,100.0,100.0,1,0,PASS,7월 방어 profile 통과,A,PULLBACK_BREADTH,0,0.7,최우선 관찰,회복형 눌림+시장폭 · 품질+시장폭 · 현실형 RR · 시장폭 82.2 · 5일 -0.8%,76.96,6,31,0,86.78,9,모멘텀확인중(PMS77),-4.0,1161600.0,"진입 후 D+1 종가 1,161,600원(-4%) 이탈 시 익일 조기청산 권고",46.2,"최근 20거래일 유니버스 실측 2일 상승률 46.2% (n=6,245) · 종목별 유의차 미검증",NO_EDGE_VALIDATED,OK,1125300.0,1331000.0,"손절 1,125,300(-7%)·본전전환 1,270,500(+5%)·1차익절 1,331,000(+10%) · ⚡ D+2내 1,234,200(+2%) 도달 시 절반 익절+잔여 본전 상향 (실측: 초반 급등 후 되돌림 -0.9%)",0,95.2,0,0,알파 69점 (진입선 85점 미달) · 손익비 1.15,alpha_gate_v32,WATCH,0.0,,,0,NEUTRAL,"중립 레짐 — KOSPI 20일선 아래, 시장폭 82% (실측: 본전 구간 → 진입 허용하되 사이즈 50%)",0.5,1,69.0,1270500.0,0.3233,1,이 점수 구간의 과거 실측 승률 22% (표본 11693건) · 거래량 밀집가 대비 +2.9% — 가치영역 근접 (실측 승률 40%) · 손익비 1.1 (손절 -8.0% / 1차목표 +9.3%) · 저점 상승 추세 6% (바닥이 높아지는 중),중립 레짐 — 사이즈 50% 권장,21.9,True,WAIT,1,85.0,1,0,1234200.0,,,,,1,1.0,,0,87.6,pctl>0.30,0,,0,1.0
11,028300,HLB,KOSDAQ,바이오·의약품,34900,364.74,46486.2,0.0,0.0,WAIT,ARMED,3,True,1,False,50.3,50.3,60.3,40.4,0.0,0.0,30.8,33.6,60.3,24.6,2.27,0.0,RR2.3 + 진입적정,0,34900.0,32100.0,41250.0,54900.0,,1.54,0.71,41913,-30.82,특이사항 없음,0,17.6,50.5,4.87,저점추세 양호,,,알파 상위권 + 코일(스퀴즈/추세) — 진입 임박,NORMAL,82.2,의료용품 및 기타 의약 관련제품 제조업,36474367525.0,67.9,80.78,0,0,1.6,11.68,23.32,-32.5,-40.03,-33.27,-28.69,-6.24,-5.41,0.866,0.05,0,12.0,1,0,0.87,0.35,0,0,0,1,-1,38840.0,-16.73,0.6786,False,X,▼,31035,▲,O,X,0.44,250,0,-1,-1,1,58900.0,enter,100.0,NORMAL+PM_BLOCK_INTRADAY+EF:정상,8.02,5.0,2.3,normal,7.0,v1_sl_first_gap_at_open,NORMAL+PM_BLOCK_INTRADAY+EF:정상,ATR_2x,23,SWING_20D,2,SWING_60D,2,0.0,의료용품 및 기타 의약 관련제품 제조업,18.360833333333336,7.888333333333333,12.0,20.0,0.0,0.09066721244371674,0.26715973953335226,0.6078431372549019,OK,0.0,UNVALIDATED_MODEL,49.87529313612278,49.87529313612278,0.0,6,1,0.5,0.5,0.0,STRUCT+TIMING+SECTOR,default,default,default,70,20260805,20260805,,50.3,50.3,50.3,-12.0,-33.79,FRESH,0.265,,False,0.322,True,MATURE,11693.0,ALPHA_WIN_PROB,2.268,,1.81,0.0,실측 승률 34% < 필요 승률 36% (손익비 1.81) — 켈리 기준 미달,0.3559,0.0,0.0,v40_alpha_tilt,,,,,,True,18.2,,ELITE_SCORE,MATURE,11693,2.4.0,OK,,100.0,ATTACK,OK,OK,OK,OK,OK,OK,OK,0,7,True,True,True,,0,GREEN,,,90.0,BUY,1,,0,0,0,0,,0.0,T=40<70 · S=60≥50,100.0,GREEN,,,0,False,0,ENTRY_READY_BUT_NOT_TOP_PICK,TOP_PICK=0,진입조건은 양호하나 공식 Top Pick 아님,50.0,ENTRY_CLEAN_OBSERVE,ENTRY_CLEAN_OBSERVE,NORMAL,0,0,0,0,0,0,0,0,0,CLEAR,,,0,0,0,0,0.0,,,,,,,,,,DISABLED_LOSS_DEFENSE,,,,,,True,False,True,True,True,True,True,True,0.0,0.0,0.0,0.0,0.0,0.0,0.0,0.0,0.0,0.5,False,False,False,2,False,15.4,0.5,G2RR×0.5,,0,0,0,,15.4,0,,False,0.0,0.0,False,,False,True,,0,70.0,66.0,0,0,CAUTION,5일 상승 11.7% > 5%,C,WATCH,0,0.2,관찰,시장폭 82.2 · 5일 11.7%,53.64,6,149,0,71.48,46,,-4.0,33504.0,"진입 후 D+1 종가 33,504원(-4%) 이탈 시 익일 조기청산 권고",46.2,"최근 20거래일 유니버스 실측 2일 상승률 46.2% (n=6,245) · 종목별 유의차 미검증",NO_EDGE_VALIDATED,OK,32457.0,38390.0,"손절 32,457(-7%)·본전전환 36,645(+5%)·1차익절 38,390(+10%) · ⚡ D+2내 35,598(+2%) 도달 시 절반 익절+잔여 본전 상향 (실측: 초반 급등 후 되돌림 -0.9%)",0,93.0,0,0,알파 71점 (진입선 85점 미달),alpha_gate_v32,WATCH,0.0,,,0,NEUTRAL,"중립 레짐 — KOSPI 20일선 아래, 시장폭 82% (실측: 본전 구간 → 진입 허용하되 사이즈 50%)",0.5,1,70.6,36645.0,0.3379,1,이 점수 구간의 과거 실측 승률 26% (표본 11693건) · 거래량 밀집가 대비 -30.8% — 가치영역 근접 (실측 표본 적음) · 손익비 2.3 (손절 -8.0% / 1차목표 +18.2%) · 저점 상승 추세 18% (바닥이 높아지는 중) · AI 알파모델 예측 상위 29% (OOS 검증 통과 모델 — 이 구간 실측 승률 34%),중립 레짐 — 사이즈 50% 권장,26.5,True,WAIT,1,85.0,1,0,35598.0,,,,,1,1.0,,0,95.7,pctl>0.30,0,,0,1.0
12,017670,SK텔레콤,KOSPI,IT/전기전자,93000,1818.64,199754.7,0.0,0.0,WAIT,OVERHEAT,3,False,1,False,58.4,58.4,55.1,61.8,0.0,0.0,37.5,39.0,61.8,22.8,1.68,0.0,RR1.7 + 진입적정,0,93000.0,85500.0,105600.0,110900.0,,1.05,1.18,99608,-7.05,특이사항 없음,0,-6.06,56.5,6.18,,,5일 급등,"과열(급등·MFI·RSI) — 실측 역신호, 관망",NORMAL,82.2,전기 통신업,181864365150.0,64.0,29.89,0,0,1.75,18.32,-1.17,9.15,-0.53,20.0,22.97,11.47,-7.78,0.48,0.365,0,12.0,1,0,1.6,0.57,0,0,0,1,-1,106780.0,-6.63,0.3048,False,X,▲,84782,▲,O,X,0.33,250,0,1,1,1,139500.0,enter,100.0,NORMAL+PM_BLOCK_INTRADAY+EF:정상,8.06,4.0,1.7,normal,7.0,v1_sl_first_gap_at_open,NORMAL+PM_BLOCK_INTRADAY+EF:정상,SWING_20D,46,ATR_2x,23,SWING_60D,2,0.0,전기 통신업,28.983018867924528,12.636603773584905,4.0,61.4,0.0,0.09623655913978495,0.04771934981087865,0.5888888888888889,OK,0.0,UNVALIDATED_MODEL,70.0,70.0,0.0,6,1,0.5,0.5,0.0,STRUCT+TIMING+SECTOR,default,default,default,70,20260805,20260805,,58.4,58.4,58.4,-12.0,-33.79,FRESH,0.234,,False,0.387,True,MATURE,11693.0,ALPHA_WIN_PROB,1.68,,1.68,0.0,상태 OVERHEAT — 신규진입 상태 아님(사이징 제외),0.3731,0.0,0.0,v40_alpha_tilt,,,,,,True,13.5,,ELITE_SCORE,MATURE,11693,2.4.0,OK,,100.0,ATTACK,OK,OK,OK,OK,OK,OK,OK,0,7,True,True,True,,0,GREEN,,,100.0,BUY,1,,0,0,0,0,,0.0,T=62<70 · S=55≥50,100.0,GREEN,,,0,False,0,ENTRY_READY_BUT_NOT_TOP_PICK,TOP_PICK=0,진입조건은 양호하나 공식 Top Pick 아님,50.0,ENTRY_CLEAN_OBSERVE,ENTRY_CLEAN_OBSERVE,NORMAL,0,0,0,0,0,0,0,0,0,CLEAR,,,0,0,0,0,0.0,,,,,,,,,,DISABLED_LOSS_DEFENSE,,,,,,True,False,True,True,True,True,True,True,0.0,0.0,0.0,0.0,0.0,0.0,0.0,0.0,0.0,0.5,False,False,False,2,False,18.8,0.5,G2RR×0.5,,0,0,0,,18.8,0,,False,0.0,0.0,False,,False,True,,0,82.0,77.0,0,0,CAUTION,5일 상승 18.3% > 5%,C,WATCH,0,0.2,관찰,시장폭 82.2 · 5일 18.3%,79.21,6,22,0,87.28,8,모멘텀확인중(PMS79),-4.0,89280.0,"진입 후 D+1 종가 89,280원(-4%) 이탈 시 익일 조기청산 권고",46.2,"최근 20거래일 유니버스 실측 2일 상승률 46.2% (n=6,245) · 종목별 유의차 미검증",NO_EDGE_VALIDATED,OK,86490.0,102300.0,"손절 86,490(-7%)·본전전환 97,650(+5%)·1차익절 102,300(+10%) · ⚡ D+2내 94,860(+2%) 도달 시 절반 익절+잔여 본전 상향 (실측: 초반 급등 후 되돌림 -0.9%)",0,92.8,0,0,알파 66점 (진입선 85점 미달),alpha_gate_v32,WATCH,0.0,,,0,NEUTRAL,"중립 레짐 — KOSPI 20일선 아래, 시장폭 82% (실측: 본전 구간 → 진입 허용하되 사이즈 50%)",0.5,1,65.6,97650.0,0.3233,1,이 점수 구간의 과거 실측 승률 23% (표본 11693건) · 거래량 밀집가 대비 -7.0% — 가치영역 근접 (실측 표본 적음) · 손익비 1.7 (손절 -8.1% / 1차목표 +13.5%),중립 레짐 — 사이즈 50% 권장,23.4,True,WAIT,1,85.0,1,0,94860.0,,,,,1,1.0,,0,56.0,pctl>0.30,0,,0,1.0
13,298000,효성화학,KOSPI,화학·소재,65600,61.58,2487.4,0.0,0.0,WAIT,WAIT,3,False,1,True,61.4,61.4,70.4,52.4,0.0,0.0,36.8,40.9,70.4,12.0,3.45,0.0,RR3.5 + 진입적정,0,65600.0,60300.0,83900.0,87500.0,,-1.42,0.86,65714,-14.81,특이사항 없음,4,8.65,59.2,4.41,STRUCT 강점,,,추세 관망,NORMAL,82.2,기초 화학물질 제조업,6157627900.0,55.2,24.19,1,0,2.98,10.44,11.75,-2.09,-15.68,-15.68,11.73,-3.68,-43.46,0.499,0.237,0,12.0,0,0,2.04,0.4,0,0,0,1,1,50860.0,-0.17,0.0825,False,X,▼,64264,▲,O,X,0.63,250,0,-1,-1,1,93500.0,enter,100.0,NORMAL+PM_BLOCK_INTRADAY+EF:정상,8.08,6.0,3.5,normal,7.0,v1_sl_first_gap_at_open,NORMAL+PM_BLOCK_INTRADAY+EF:정상,SWING_20D,23,SWING_60D,12,ATR_3.5x,12,0.0,기초 화학물질 제조업,18.9472,9.67,10.0,0.0,0.0,0.12140679442508712,-0.19797773178117964,0.16363636363636364,OK,0.0,NO_DATA,51.67495438463276,51.67495438463276,0.0,10,1,0.5,0.5,0.0,STRUCT+TIMING+SECTOR,default,default,default,70,20260805,20260805,,61.4,61.4,61.4,-12.0,-33.79,FRESH,0.238,elite_low_wr_0.24,True,0.411,True,MATURE,11693.0,ALPHA_WIN_PROB,3.453,,1.81,0.0,상태 WAIT — 신규진입 상태 아님(사이징 제외),0.3559,0.0,0.0,v40_alpha_tilt,,,,,,True,27.9,,ELITE_SCORE,MATURE,11693,2.4.0,OK,,100.0,ATTACK,OK,OK,OK,OK,OK,OK,OK,0,7,True,True,True,,0,GREEN,,,100.0,BUY,1,,0,0,0,0,,0.0,T=52<70 · S=70≥50,100.0,GREEN,,,0,False,0,ENTRY_READY_BUT_NOT_TOP_PICK,TOP_PICK=0,진입조건은 양호하나 공식 Top Pick 아님,50.0,ENTRY_CLEAN_OBSERVE,ENTRY_CLEAN_OBSERVE,NORMAL,0,0,0,0,0,0,0,0,0,CLEAR,,,0,0,0,0,0.0,,,,,,,,,,DISABLED_LOSS_DEFENSE,,,,,,True,True,True,True,True,True,True,True,0.0,0.0,0.0,0.0,0.0,0.0,0.0,0.0,0.0,1.0,False,False,False,1,True,36.8,1.0,,,0,0,0,,36.8,0,,False,0.0,0.0,False,,False,True,,0,82.0,72.0,0,0,CAUTION,5일 상승 10.4% > 5%,C,WATCH,0,0.2,관찰,시장폭 82.2 · 5일 10.4%,63.78,6,75,0,79.1,22,모멘텀확인중(PMS64),-4.0,62976.0,"진입 후 D+1 종가 62,976원(-4%) 이탈 시 익일 조기청산 권고",46.2,"최근 20거래일 유니버스 실측 2일 상승률 46.2% (n=6,245) · 종목별 유의차 미검증",NO_EDGE_VALIDATED,OK,61008.0,72160.0,"손절 61,008(-7%)·본전전환 68,880(+5%)·1차익절 72,160(+10%) · ⚡ D+2내 66,912(+2%) 도달 시 절반 익절+잔여 본전 상향 (실측: 초반 급등 후 되돌림 -0.9%)",0,91.1,0,0,알파 56점 (진입선 85점 미달),alpha_gate_v32,WATCH,0.0,,,0,NEUTRAL,"중립 레짐 — KOSPI 20일선 아래, 시장폭 82% (실측: 본전 구간 → 진입 허용하되 사이즈 50%)",0.5,1,56.3,68880.0,0.2958,1,이 점수 구간의 과거 실측 승률 24% (표본 11693건) · 거래량 밀집가 대비 -14.8% — 가치영역 근접 (실측 표본 적음) · 손익비 3.5 (손절 -8.1% / 1차목표 +27.9%) · 변동성 응축 4일째 (스퀴즈 — 방향 분출 대기) · 저점 상승 추세 9% (바닥이 높아지는 중),중립 레짐 — 사이즈 50% 권장,23.8,True,WAIT,1,85.0,1,0,66912.0,,,,,1,1.0,,0,90.4,pctl>0.30,0,,0,1.0
14,100090,SK오션플랜트,KOSPI,철강·금속,13820,180.14,8634.5,0.0,0.0,WAIT,OVERHEAT,3,False,0,False,30.8,30.8,34.4,27.1,0.0,0.0,20.6,20.5,34.4,57.0,2.37,1.5,RR2.4 + 진입적정,0,13610.0,12520.0,16900.0,20850.0,,2.14,0.46,16709,-49.82,특이사항 없음,0,-11.92,51.7,1.14,거래품질 우수,,5일 급등,"과열(급등·MFI·RSI) — 실측 역신호, 관망",NORMAL,82.2,1차 철강 제조업,18013574015.0,82.7,47.28,0,0,4.78,18.12,-4.23,-5.41,-35.87,-20.98,8.41,-23.87,-48.76,0.941,0.06,0,12.0,1,0,2.02,0.29,0,0,0,1,-1,18556.0,-17.29,0.2332,False,X,▼,12864,▼,O,X,1.74,250,0,-1,-1,1,21850.0,enter,100.0,NORMAL+PM_BLOCK_INTRADAY+EF:정상,8.01,5.0,3.0,normal,7.0,v1_sl_first_gap_at_open,NORMAL+PM_BLOCK_INTRADAY+EF:정상,BB_UPPER,23,SWING_20D,5,SWING_60D,5,0.0,1차 철강 제조업,26.61,16.16375,3.0,69.7,0.0,0.1347942939838743,0.17488763779487249,0.38235294117647056,OK,0.0,UNVALIDATED_MODEL,30.665492717104314,30.665492717104314,0.0,6,1,0.5,0.5,0.0,STRUCT+TIMING+SECTOR,default,default,default,70,20260805,20260805,,30.8,30.8,30.8,-12.0,-33.79,FRESH,0.291,,False,0.3,True,MATURE,11693.0,ALPHA_WIN_PROB,3.018,,1.81,0.0,상태 OVERHEAT — 신규진입 상태 아님(사이징 제외),0.3559,0.0,0.0,v40_alpha_tilt,,,,,,True,22.3,,ELITE_SCORE,MATURE,11693,2.4.0,OK,,100.0,ATTACK,OK,OK,OK,OK,OK,OK,OK,0,7,True,True,True,,0,GREEN,,,75.0,BUY,1,,0,0,0,0,,0.0,T=27<70 · MFI83>82,100.0,GREEN,,,0,False,0,ENTRY_READY_BUT_NOT_TOP_PICK,TOP_PICK=0,진입조건은 양호하나 공식 Top Pick 아님,50.0,ENTRY_CLEAN_OBSERVE,ENTRY_CLEAN_OBSERVE,NORMAL,0,0,0,0,0,0,0,0,0,CLEAR,,,0,0,0,0,0.0,,,,,,,,,,DISABLED_LOSS_DEFENSE,,,,,,True,False,True,True,False,True,True,True,0.0,0.0,0.0,0.0,20.0,0.0,0.0,0.0,20.0,0.5,False,True,False,3,False,0.0,0.0,G2RR×0.5 · G5추세붕괴3축,,0,0,0,,0.0,0,,False,0.0,0.0,False,,False,True,,0,78.0,60.0,0,0,CAUTION,5일 상승 18.1% > 5%,C,WATCH,0,0.2,관찰,시장폭 82.2 · 5일 18.1%,40.17,6,230,0,55.69,144,,-4.0,13066.0,"진입 후 D+1 종가 13,066원(-4%) 이탈 시 익일 조기청산 권고",46.2,"최근 20거래일 유니버스 실측 2일 상승률 46.2% (n=6,245) · 종목별 유의차 미검증",NO_EDGE_VALIDATED,OK,12657.0,14971.0,"손절 12,657(-7%)·본전전환 14,290(+5%)·1차익절 14,971(+10%) · ⚡ D+2내 13,882(+2%) 도달 시 절반 익절+잔여 본전 상향 (실측: 초반 급등 후 되돌림 -0.9%)",0,91.1,0,0,알파 53점 (진입선 85점 미달),alpha_gate_v32,WATCH,0.0,,,0,NEUTRAL,"중립 레짐 — KOSPI 20일선 아래, 시장폭 82% (실측: 본전 구간 → 진입 허용하되 사이즈 50%)",0.5,1,52.6,14290.0,0.2958,1,이 점수 구간의 과거 실측 승률 29% (표본 11693건) · 거래량 밀집가 대비 -49.8% — 가치영역 근접 (실측 표본 적음) · 손익비 2.4 (손절 -9.4% / 1차목표 +22.3%),중립 레짐 — 사이즈 50% 권장,29.1,True,WAIT,1,85.0,1,0,13882.0,,,,,1,1.0,,0,41.5,pctl>0.30,0,,0,1.0
15,018260,삼성에스디에스,KOSPI,IT/전기전자,230500,852.24,178355.8,0.0,0.0,WAIT,OVERHEAT,3,False,0,False,99.19999999999999,98.6,97.8,99.5,0.0,0.6,59.3,65.8,99.5,0.0,1.27,1.5,RR1.3 + 진입적정,0,227000.0,208500.0,258500.0,388500.0,🚀급등시동,0.85,1.16,235273,18.99,[뉴스]코스피와 코스닥이 장 초반 하락을,3,3.54,62.8,14.17,TIMING 강점,STRUCT 보조,5일 급등,"과열(급등·MFI·RSI) — 실측 역신호, 관망",NORMAL,82.2,"컴퓨터 프로그래밍, 시스템 통합 및 관리업",85224047750.0,64.0,23.26,0,0,5.01,16.83,17.6,12.44,31.41,36.96,26.26,43.41,9.18,0.2,0.183,1,12.0,1,0,2.19,0.95,0,0,0,1,1,172315.0,-2.03,0.2088,False,O,▲,211702,▲,O,X,0.46,250,0,1,1,1,450500.0,enter,100.0,NORMAL+PM_BLOCK_INTRADAY+EF:정상,8.15,4.0,1.7,normal,7.0,v1_sl_first_gap_at_open,NORMAL+PM_BLOCK_INTRADAY+EF:정상,ATR_2x,23,SWING_60D,2,FIBO_1.272,2,0.0,"컴퓨터 프로그래밍, 시스템 통합 및 관리업",28.983018867924528,12.636603773584905,4.0,14.7,0.0,0.06747753331267431,0.04302764241997538,0.13513513513513514,OK,0.0,UNVALIDATED_MODEL,81.483788620177,81.483788620177,0.0,8,1,0.5,0.5,0.0,STRUCT+TIMING+SECTOR,default,default,default,70,20260805,20260805, 📢재료: [뉴스]코스피와 코스닥이 장 초반 하락을,99.19999999999999,99.19999999999999,99.19999999999999,-12.0,-33.79,FRESH,0.202,elite_low_wr_0.2,True,0.714,False,MATURE,11693.0,ALPHA_WIN_PROB,1.703,,1.703,0.0,상태 OVERHEAT — 신규진입 상태 아님(사이징 제외),0.37,0.0,0.0,v40_alpha_tilt,,,,,,True,12.1,,ELITE_SCORE,MATURE,11693,2.4.0,OK,,100.0,ATTACK,OK,OK,OK,OK,OK,OK,OK,0,7,True,True,True,,0,GREEN,,,85.0,BUY,1,,0,0,0,0,,0.0,S=98≥50,100.0,GREEN,,,0,False,0,ENTRY_READY_BUT_NOT_TOP_PICK,TOP_PICK=0,진입조건은 양호하나 공식 Top Pick 아님,65.0,ENTRY_CLEAN_OBSERVE,ENTRY_CLEAN_OBSERVE,NORMAL,0,0,0,0,0,0,0,0,0,CLEAR,,,0,0,0,0,0.0,,,,,,,,,,DISABLED_LOSS_DEFENSE,,,,,,True,True,True,True,True,True,True,True,0.0,0.0,0.0,0.0,0.0,0.0,0.0,0.0,0.0,1.0,False,False,False,0,True,59.3,1.0,,,0,0,0,,59.3,0,,False,0.0,0.0,False,,False,True,,0,96.0,100.0,0,0,CAUTION,5일 상승 16.8% > 5%,B,REALISTIC_RR,0,0.35,관찰 후보,현실형 RR · 시장폭 82.2 · 5일 16.8%,87.31,6,5,0,93.66,1,모멘텀확인강(PMS87),-4.0,217920.0,"진입 후 D+1 종가 217,920원(-4%) 이탈 시 익일 조기청산 권고",46.2,"최근 20거래일 유니버스 실측 2일 상승률 46.2% (n=6,245) · 종목별 유의차 미검증",NO_EDGE_VALIDATED,OK,211110.0,249700.0,"손절 211,110(-7%)·본전전환 238,350(+5%)·1차익절 249,700(+10%) · ⚡ D+2내 231,540(+2%) 도달 시 절반 익절+잔여 본전 상향 (실측: 초반 급등 후 되돌림 -0.9%)",0,90.9,0,0,알파 53점 (진입선 85점 미달) · 손익비 1.27,alpha_gate_v32,WATCH,0.0,,,0,NEUTRAL,"중립 레짐 — KOSPI 20일선 아래, 시장폭 82% (실측: 본전 구간 → 진입 허용하되 사이즈 50%)",0.5,1,53.3,238350.0,0.2958,1,이 점수 구간의 과거 실측 승률 20% (표본 11693건) · 거래량 밀집가 대비 +19.0% — 가치영역 근접 (실측 승률 48%) · 손익비 1.3 (손절 -9.5% / 1차목표 +12.1%) · 변동성 응축 3일째 (스퀴즈 — 방향 분출 대기),중립 레짐 — 사이즈 50% 권장,20.2,True,WAIT,1,85.0,1,0,231540.0,,,,,1,1.0,,0,82.7,pctl>0.30,0,,0,1.0
16,419530,SAMG엔터,KOSDAQ,미디어·콘텐츠,27250,62.49,2781.5,0.0,0.0,NEUTRAL,WAIT,4,False,1,True,24.4,24.4,0.0,48.9,0.0,0.0,19.3,16.3,48.9,38.9,2.73,0.0,RR2.7 + 진입적정,0,27250.0,25050.0,33250.0,41800.0,,-0.87,2.48,27365,0.59,특이사항 없음,0,-0.21,48.7,-0.94,,,,추세 관망,NORMAL,82.2,"영화, 비디오물, 방송프로그램 제작 및 배급업",6248541100.0,55.6,30.4,0,0,-3.37,10.1,-8.09,10.77,-24.2,-28.01,14.58,9.59,-0.15,0.69,0.164,1,12.0,1,0,0.98,0.36,0,0,0,0,-1,32925.0,-0.42,0.1812,False,X,▼,26614,▼,O,X,4.61,250,0,-1,-1,1,50500.0,enter,100.0,NORMAL+PM_BLOCK_INTRADAY+EF:정상,8.07,6.0,2.7,normal,7.0,v1_sl_first_gap_at_open,NORMAL+PM_BLOCK_INTRADAY+EF:정상,SWING_20D,23,SWING_60D,2,SWING_120D,2,0.0,"영화, 비디오물, 방송프로그램 제작 및 배급업",8.19,3.21,15.0,57.5,0.0,0.09947575360419397,-0.011541297552679838,0.0,OK,0.0,UNVALIDATED_MODEL,44.0,44.0,0.0,4,1,0.5,0.5,0.0,STRUCT+TIMING+SECTOR,default,default,default,70,20260805,20260805,,24.4,24.4,24.4,-12.0,-33.79,FRESH,0.291,,False,0.3,True,MATURE,11693.0,ALPHA_WIN_PROB,2.727,,1.81,0.0,상태 WAIT — 신규진입 상태 아님(사이징 제외),0.3559,0.0,0.0,v40_alpha_tilt,,,,,,True,22.0,,ELITE_SCORE,MATURE,11693,2.4.0,OK,,100.0,ATTACK,OK,OK,OK,OK,OK,OK,OK,0,7,True,True,True,,0,GREEN,,,90.0,BUY,1,,0,0,0,0,,0.0,T=49<70,100.0,GREEN,,,0,False,0,ENTRY_READY_BUT_NOT_TOP_PICK,TOP_PICK=0,진입조건은 양호하나 공식 Top Pick 아님,50.0,ENTRY_CLEAN_OBSERVE,ENTRY_CLEAN_OBSERVE,NORMAL,0,0,0,0,0,0,0,0,0,CLEAR,,,0,0,0,0,0.0,,,,,,,,,,DISABLED_LOSS_DEFENSE,,,,,,True,False,True,True,False,True,True,True,0.0,0.0,0.0,0.0,20.0,0.0,0.0,0.0,20.0,0.5,False,True,False,3,False,0.0,0.0,G2RR×0.5 · G5추세붕괴3축,,0,0,0,,0.0,0,,False,0.0,0.0,False,,False,True,,0,70.0,55.0,0,0,CAUTION,5일 상승 10.1% > 5%,C,WATCH,0,0.2,관찰,시장폭 82.2 · 5일 10.1%,56.55,6,122,0,62.33,105,,-4.0,26160.0,"진입 후 D+1 종가 26,160원(-4%) 이탈 시 익일 조기청산 권고",46.2,"최근 20거래일 유니버스 실측 2일 상승률 46.2% (n=6,245) · 종목별 유의차 미검증",NO_EDGE_VALIDATED,HIGH_AVOID,25342.0,29975.0,"⛔ 고위험 루트(진입보류 권고) · 손절 25,342(-7%)·본전전환 28,612(+5%)·1차익절 29,975(+10%) · ⚡ D+2내 27,795(+2%) 도달 시 절반 익절+잔여 본전 상향 (실측: 초반 급등 후 되돌림 -0.9%)",0,87.4,0,0,알파 44점 (진입선 85점 미달),alpha_gate_v32,WATCH,0.0,,,0,NEUTRAL,"중립 레짐 — KOSPI 20일선 아래, 시장폭 82% (실측: 본전 구간 → 진입 허용하되 사이즈 50%)",0.5,1,44.0,28612.0,0.2713,1,이 점수 구간의 과거 실측 승률 29% (표본 11693건) · 거래량 밀집가 대비 +0.6% — 가치영역 근접 (실측 승률 40%) · 손익비 2.7 (손절 -8.1% / 1차목표 +22.0%),중립 레짐 — 사이즈 50% 권장,29.1,True,NEUTRAL,1,85.0,1,0,27795.0,,,,,1,1.0,,0,72.8,pctl>0.30,0,,0,1.0
17,096770,SK이노베이션,KOSPI,기타,109200,910.85,184605.6,0.0,0.0,WAIT,WAIT,3,False,1,True,19.6,19.6,31.3,8.0,0.0,0.0,12.0,13.1,31.3,60.9,3.17,0.0,RR3.2 + 진입적정,1,109200.0,100800.0,135800.0,141800.0,,-0.61,0.89,114121,-9.96,특이사항 없음,0,6.23,44.4,-3.52,저점추세 양호,,,추세 관망,NORMAL,82.2,석유 정제품 제조업,91085278100.0,58.7,30.72,0,0,-1.89,-0.27,-7.77,5.2,-18.93,-0.55,19.02,-6.93,-28.33,0.842,0.458,0,12.0,0,0,1.28,0.3,0,0,0,0,1,102155.0,-4.31,-0.3059,True,X,▼,112337,▼,X,X,0.0,250,0,-1,-1,1,155400.0,enter,100.0,SWING+PM_BLOCK_INTRADAY+EF:정상,7.69,4.0,3.2,normal,7.0,v1_sl_first_gap_at_open,SWING+PM_BLOCK_INTRADAY+EF:정상,SWING_20D,12,ATR_3.5x,12,SWING_120D,5,0.0,석유 정제품 제조업,22.15142857142857,8.541428571428572,9.0,57.3,0.0,0.08516483516483517,-0.14830233202677895,0.4482758620689655,OK,0.0,UNVALIDATED_MODEL,20.707595118848708,20.707595118848708,0.0,4,1,0.5,0.5,0.0,STRUCT+TIMING+SECTOR,default,default,default,70,20260805,20260805,,19.6,19.6,19.6,-12.0,-33.79,FRESH,0.291,,False,0.3,True,MATURE,11693.0,ALPHA_WIN_PROB,3.167,,1.81,0.0,상태 WAIT — 신규진입 상태 아님(사이징 제외),0.3559,0.0,0.0,v40_alpha_tilt,,,,,,True,24.4,ALPHA,ELITE_SCORE,MATURE,11693,2.4.0,OK,,100.0,ATTACK,OK,OK,OK,OK,OK,OK,OK,0,7,True,True,True,,0,GREEN,,,90.0,BUY,1,,0,0,0,0,,0.0,T=8<70,100.0,GREEN,,,0,False,0,ENTRY_READY_BUT_NOT_TOP_PICK,TOP_PICK=0,진입조건은 양호하나 공식 Top Pick 아님,50.0,ENTRY_CLEAN_OBSERVE,ENTRY_CLEAN_OBSERVE,NORMAL,0,0,0,0,0,0,0,0,0,CLEAR,,,0,0,0,0,0.0,,,,,,,,,,DISABLED_LOSS_DEFENSE,,,,,,True,False,True,True,False,True,True,True,0.0,0.0,0.0,0.0,20.0,0.0,0.0,0.0,20.0,0.5,False,True,False,4,False,0.0,0.0,G2RR×0.5 · G5추세붕괴4축,,0,0,0,,0.0,0,,False,0.0,0.0,False,,False,True,,0,92.0,85.0,0,0,CAUTION,중립/관찰,C,WATCH,0,0.2,관찰,시장폭 82.2 · 5일 -0.3%,49.12,6,174,0,49.41,180,,-4.0,104832.0,"진입 후 D+1 종가 104,832원(-4%) 이탈 시 익일 조기청산 권고",46.2,"최근 20거래일 유니버스 실측 2일 상승률 46.2% (n=6,245) · 종목별 유의차 미검증",NO_EDGE_VALIDATED,OK,101556.0,120120.0,"손절 101,556(-7%)·본전전환 114,660(+5%)·1차익절 120,120(+10%) · ⚡ D+2내 111,384(+2%) 도달 시 절반 익절+잔여 본전 상향 (실측: 초반 급등 후 되돌림 -0.9%)",0,87.0,1,1,당일 신규진입 1종목 제한,alpha_gate_v32,WATCH,0.0,,,0,NEUTRAL,"중립 레짐 — KOSPI 20일선 아래, 시장폭 82% (실측: 본전 구간 → 진입 허용하되 사이즈 50%)",0.5,1,91.0,114660.0,0.3888,1,이 점수 구간의 과거 실측 승률 29% (표본 11693건) · 거래량 밀집가 대비 -10.0% — 가치영역 근접 (실측 표본 적음) · 손익비 3.2 (손절 -7.7% / 1차목표 +24.4%) · 저점 상승 추세 6% (바닥이 높아지는 중) · AI 알파모델 예측 상위 9% (OOS 검증 통과 모델 — 이 구간 실측 승률 39%),중립 레짐 — 사이즈 50% 권장,29.1,True,WAIT,1,85.0,1,1,111384.0,,,,,1,1.0,,0,88.5,pctl>0.30,0,,0,1.0
18,035420,NAVER,KOSPI,서비스 기타,229000,2503.18,359402.3,0.0,0.0,WAIT,WAIT,3,False,1,True,79.4,80.2,90.0,70.4,0.0,-0.8,46.9,53.5,90.0,0.0,1.7,0.0,RR1.7 + 진입적정,0,229000.0,210500.0,260500.0,304000.0,🚀급등시동,0.79,0.84,235626,13.37,[뉴스]주주단체의 성과급 배임 고발로 인해 특정 기업(삼전,0,7.18,64.7,13.8,STRUCT 강점,TIMING 보조,,추세 관망,NORMAL,82.2,"자료처리, 호스팅, 포털 및 기타 인터넷 정보매개 서비스업",250317809250.0,57.5,29.23,0,0,1.1,13.65,16.3,16.13,6.51,-10.89,29.95,18.51,-38.67,0.394,0.279,1,12.0,1,0,2.37,0.9,16946,13511,30457,1,1,187300.0,-2.81,0.1909,False,O,▲,216789,▲,O,X,0.22,250,0,1,-1,1,,enter,100.0,NORMAL+PM_BLOCK_INTRADAY+EF:정상,8.08,4.0,1.7,normal,7.0,v1_sl_first_gap_at_open,NORMAL+PM_BLOCK_INTRADAY+EF:정상,ATR_2x,23,SWING_60D,5,,0,0.0,"자료처리, 호스팅, 포털 및 기타 인터넷 정보매개 서비스업",12.922941176470587,7.686470588235293,13.0,28.4,0.0,0.06818465377417342,0.0023556038366380886,0.47619047619047616,OK,0.0,UNVALIDATED_MODEL,58.83699952431974,58.83699952431974,0.0,8,1,0.5,0.5,0.0,STRUCT+TIMING+SECTOR,default,default,default,70,20260805,20260805, 📢재료: [뉴스]주주단체의 성과급 배임 고발로 인해 특정 기업(삼전,79.4,79.4,79.4,-12.0,-33.79,FRESH,0.192,elite_low_wr_0.19,True,0.555,False,MATURE,11693.0,ALPHA_WIN_PROB,1.703,,1.703,0.0,상태 WAIT — 신규진입 상태 아님(사이징 제외),0.37,0.0,0.0,v40_alpha_tilt,,,,,,True,13.8,,ELITE_SCORE,MATURE,11693,2.4.0,OK,,100.0,ATTACK,OK,OK,OK,OK,OK,OK,OK,0,7,True,True,True,,0,GREEN,,,85.0,BUY,1,,0,0,0,0,,0.0,S=90≥50,100.0,GREEN,,,0,False,0,ENTRY_READY_BUT_NOT_TOP_PICK,TOP_PICK=0,진입조건은 양호하나 공식 Top Pick 아님,65.0,ENTRY_CLEAN_OBSERVE,ENTRY_CLEAN_OBSERVE,NORMAL,0,0,0,0,0,0,0,0,0,CLEAR,,,0,0,0,0,0.0,,,,,,,,,,DISABLED_LOSS_DEFENSE,,,,,,True,True,True,True,True,True,True,True,0.0,0.0,0.0,0.0,0.0,0.0,0.0,0.0,0.0,1.0,False,False,False,0,True,46.9,1.0,,,0,0,0,,46.9,0,,False,0.0,0.0,False,,False,True,,0,96.0,97.0,0,0,CAUTION,5일 상승 13.7% > 5%,C,WATCH,0,0.2,관찰,시장폭 82.2 · 5일 13.7%,81.68,6,17,0,89.76,4,모멘텀확인강(PMS82),-4.0,219840.0,"진입 후 D+1 종가 219,840원(-4%) 이탈 시 익일 조기청산 권고",46.2,"최근 20거래일 유니버스 실측 2일 상승률 46.2% (n=6,245) · 종목별 유의차 미검증",NO_EDGE_VALIDATED,OK,212970.0,251900.0,"손절 212,970(-7%)·본전전환 240,450(+5%)·1차익절 251,900(+10%) · ⚡ D+2내 233,580(+2%) 도달 시 절반 익절+잔여 본전 상향 (실측: 초반 급등 후 되돌림 -0.9%)",0,86.9,0,0,알파 61점 (진입선 85점 미달),alpha_gate_v32,WATCH,0.0,,,0,NEUTRAL,"중립 레짐 — KOSPI 20일선 아래, 시장폭 82% (실측: 본전 구간 → 진입 허용하되 사이즈 50%)",0.5,1,61.0,240450.0,0.3233,1,이 점수 구간의 과거 실측 승률 19% (표본 11693건) · 거래량 밀집가 대비 +13.4% — 가치영역 근접 (실측 승률 48%) · 손익비 1.7 (손절 -8.1% / 1차목표 +13.8%) · 저점 상승 추세 7% (바닥이 높아지는 중),중립 레짐 — 사이즈 50% 권장,19.2,True,WAIT,1,85.0,1,0,233580.0,,,,,1,1.0,,0,89.5,pctl>0.30,0,,0,1.0
19,067310,하나마이크론,KOSDAQ,반도체,31900,372.2,21210.6,0.0,0.0,WAIT,OVERHEAT,3,False,1,False,0.0,0.0,0.0,0.0,0.0,0.0,0.0,0.0,0.0,100.0,4.21,0.0,밸런스우수 + RR4.2 + 진입적정,0,31900.0,29300.0,42850.0,51400.0,,0.72,0.68,44950,-37.83,특이사항 없음,0,-26.46,37.6,-5.96,,,5일 급등,"과열(급등·MFI·RSI) — 실측 역신호, 관망",NORMAL,82.2,반도체 제조업,37220267650.0,56.0,48.93,0,0,2.9,19.7,-10.14,-14.36,-25.47,-6.59,-10.55,8.32,21.27,0.874,0.215,0,12.0,1,0,1.09,0.4,0,0,0,0,-1,38820.0,-29.03,0.8341,False,X,▼,27730,▲,O,X,6.13,250,0,-1,-1,1,58500.0,enter,100.0,NORMAL+PM_BLOCK_INTRADAY+EF:정상,8.15,5.0,4.2,normal,7.0,v1_sl_first_gap_at_open,NORMAL+PM_BLOCK_INTRADAY+EF:정상,SWING_20D,12,VP_RESISTANCE,5,SWING_60D,2,0.0,반도체 제조업,29.595714285714283,5.586428571428571,8.0,57.7,0.0,0.1286386027765338,0.004379543837879756,0.021739130434782608,OK,0.0,UNVALIDATED_MODEL,23.135325536345224,23.135325536345224,0.0,2,0,0.5,0.5,0.0,STRUCT+TIMING+SECTOR,default,default,default,70,20260805,20260805,,0.0,0.0,0.0,-12.0,-33.79,FRESH,0.291,,False,0.3,True,MATURE,11693.0,ALPHA_WIN_PROB,4.212,,1.81,0.0,상태 OVERHEAT — 신규진입 상태 아님(사이징 제외),0.3559,0.0,0.0,v40_alpha_tilt,,,,,,True,34.3,,ELITE_SCORE,MATURE,11693,2.4.0,OK,,100.0,ATTACK,OK,OK,OK,OK,OK,OK,OK,0,7,True,True,True,,0,GREEN,,,100.0,BUY,1,,0,0,0,0,,0.0,T=0<70,100.0,GREEN,,,0,False,0,ENTRY_READY_BUT_NOT_TOP_PICK,TOP_PICK=0,진입조건은 양호하나 공식 Top Pick 아님,45.0,ENTRY_CLEAN_OBSERVE,ENTRY_CLEAN_OBSERVE,NORMAL,0,0,0,0,0,0,0,0,0,CLEAR,,,0,0,0,0,0.0,,,,,,,,,,DISABLED_LOSS_DEFENSE,,,,,,True,False,True,True,False,True,True,True,0.0,0.0,0.0,0.0,20.0,0.0,0.0,0.0,20.0,0.3,False,True,False,3,False,0.0,0.0,G2RR×0.3 · G5추세붕괴3축,,0,0,0,,0.0,0,,False,0.0,0.0,False,,False,True,,0,66.0,51.0,0,0,CAUTION,5일 상승 19.7% > 5%,C,WATCH,0,0.2,관찰,시장폭 82.2 · 5일 19.7%,23.22,6,292,0,15.25,304,,-4.0,30624.0,"진입 후 D+1 종가 30,624원(-4%) 이탈 시 익일 조기청산 권고",46.2,"최근 20거래일 유니버스 실측 2일 상승률 46.2% (n=6,245) · 종목별 유의차 미검증",NO_EDGE_VALIDATED,OK,29667.0,35090.0,"손절 29,667(-7%)·본전전환 33,495(+5%)·1차익절 35,090(+10%) · ⚡ D+2내 32,538(+2%) 도달 시 절반 익절+잔여 본전 상향 (실측: 초반 급등 후 되돌림 -0.9%)",0,85.0,0,0,알파 20점 (진입선 85점 미달),alpha_gate_v32,WATCH,0.0,,,0,NEUTRAL,"중립 레짐 — KOSPI 20일선 아래, 시장폭 82% (실측: 본전 구간 → 진입 허용하되 사이즈 50%)",0.5,1,20.1,33495.0,0.2452,1,이 점수 구간의 과거 실측 승률 29% (표본 11693건) · 거래량 밀집가 대비 -37.8% — 가치영역 근접 (실측 표본 적음) · 손익비 4.2 (손절 -8.2% / 1차목표 +34.3%),중립 레짐 — 사이즈 50% 권장 · AI 알파모델 예측 하위 20% — 이 구간 실측 승률 25% — 픽 제외 구간,29.1,True,WAIT,1,85.0,1,0,32538.0,,,,,0,1.0,,0,8.4,pctl>0.30,0,,0,1.0
20,145020,휴젤,KOSDAQ,기타,260000,101.39,32539.4,0.0,0.0,WAIT,WAIT,3,False,1,True,44.2,44.2,21.6,66.8,0.0,0.0,30.4,29.5,66.8,16.5,1.36,0.0,RR1.4 + 진입적정,0,260000.0,239000.0,288500.0,306500.0,,1.92,0.86,252963,-1.8,특이사항 없음,4,-2.26,61.7,9.68,,,,추세 관망,NORMAL,82.2,기초 의약물질 제조업,10139455750.0,56.1,16.57,0,0,0.78,13.29,17.38,4.84,-10.81,4.0,8.65,22.98,31.86,0.376,0.376,0,10.8,1,0,0.99,0.94,0,0,0,1,-1,268300.0,2.78,0.3676,False,O,▼,240651,▲,O,X,0.0,250,0,-1,-1,1,,enter,100.0,NORMAL+PM_BLOCK_INTRADAY+EF:정상,8.08,5.0,1.4,normal,7.0,v1_sl_first_gap_at_open,NORMAL+PM_BLOCK_INTRADAY+EF:정상,ATR_2x,23,SWING_60D,12,,0,0.0,기초 의약물질 제조업,22.15142857142857,8.541428571428572,9.0,26.9,0.0,0.053983516483516486,-0.07908032607941558,0.3333333333333333,OK,0.0,UNVALIDATED_MODEL,75.93015737245337,75.93015737245337,0.0,4,1,0.5,0.5,0.0,STRUCT+TIMING+SECTOR,default,default,default,70,20260805,20260805,,44.2,44.2,44.2,-12.0,-33.79,FRESH,0.266,,False,0.3,True,MATURE,11693.0,ALPHA_WIN_PROB,1.357,,1.357,0.0,상태 WAIT — 신규진입 상태 아님(사이징 제외),0.4242,0.0,0.0,v40_alpha_tilt,,,,,,True,11.0,,ELITE_SCORE,MATURE,11693,2.4.0,OK,,100.0,ATTACK,OK,OK,OK,OK,OK,OK,OK,0,7,True,True,True,,0,GREEN,,,100.0,BUY,1,,0,0,0,0,,0.0,T=67<70,100.0,GREEN,,,0,False,0,ENTRY_READY_BUT_NOT_TOP_PICK,TOP_PICK=0,진입조건은 양호하나 공식 Top Pick 아님,50.0,ENTRY_CLEAN_OBSERVE,ENTRY_CLEAN_OBSERVE,NORMAL,0,0,0,0,0,0,0,0,0,CLEAR,,,0,0,0,0,0.0,,,,,,,,,,DISABLED_LOSS_DEFENSE,,,,,,True,False,True,True,True,True,True,True,0.0,0.0,0.0,0.0,0.0,0.0,0.0,0.0,0.0,0.5,False,False,False,2,False,15.2,0.5,G2RR×0.5,,0,0,0,,15.2,0,,False,0.0,0.0,False,,False,True,,0,74.0,71.0,0,0,CAUTION,5일 상승 13.3% > 5%,C,WATCH,0,0.2,관찰,시장폭 82.2 · 5일 13.3%,68.5,6,54,0,78.6,23,모멘텀확인중(PMS68),-4.0,249600.0,"진입 후 D+1 종가 249,600원(-4%) 이탈 시 익일 조기청산 권고",46.2,"최근 20거래일 유니버스 실측 2일 상승률 46.2% (n=6,245) · 종목별 유의차 미검증",NO_EDGE_VALIDATED,OK,241800.0,286000.0,"손절 241,800(-7%)·본전전환 273,000(+5%)·1차익절 286,000(+10%) · ⚡ D+2내 265,200(+2%) 도달 시 절반 익절+잔여 본전 상향 (실측: 초반 급등 후 되돌림 -0.9%)",0,83.4,0,0,알파 32점 (진입선 85점 미달),alpha_gate_v32,WATCH,0.0,,,0,NEUTRAL,"중립 레짐 — KOSPI 20일선 아래, 시장폭 82% (실측: 본전 구간 → 진입 허용하되 사이즈 50%)",0.5,1,31.6,273000.0,0.2433,1,이 점수 구간의 과거 실측 승률 27% (표본 11693건) · 거래량 밀집가 대비 -1.8% — 가치영역 근접 (실측 표본 적음) · 손익비 1.4 (손절 -8.1% / 1차목표 +11.0%) · 변동성 응축 4일째 (스퀴즈 — 방향 분출 대기),중립 레짐 — 사이즈 50% 권장,26.6,True,WAIT,1,85.0,1,0,265200.0,,,,,1,1.0,,0,66.7,pctl>0.30,0,,0,1.0
21,259960,크래프톤,KOSPI,인터넷/플랫폼·게임,229000,351.96,105655.6,0.0,0.0,WAIT,ARMED,3,True,1,False,30.5,30.5,24.4,36.6,0.0,0.0,21.6,20.3,36.6,54.2,4.24,0.0,RR4.2 + 진입적정,0,229000.0,220500.0,265000.0,296500.0,,-0.64,1.3,248733,-4.07,특이사항 없음,5,2.71,49.6,-3.94,저점추세 양호,,,알파 상위권 + 코일(스퀴즈/추세) — 진입 임박,NORMAL,82.2,소프트웨어 개발 및 공급업,35195667250.0,54.3,13.5,1,0,-3.78,-6.15,-0.87,-6.53,-16.12,-3.98,7.29,-4.12,-31.76,0.922,0.627,0,12.0,1,0,1.33,0.17,0,0,0,0,1,208450.0,-7.93,-0.3335,True,X,▼,244728,▼,X,X,1.68,250,0,-1,-1,1,303500.0,enter,100.0,SWING+PM_BLOCK_INTRADAY+EF:정상,3.71,4.0,4.2,normal,7.0,v1_sl_first_gap_at_open,SWING+PM_BLOCK_INTRADAY+EF:정상,SWING_20D,23,SWING_60D,5,SWING_120D,2,0.0,소프트웨어 개발 및 공급업,0.43333333333333296,8.643333333333333,14.0,51.1,0.0,0.06472239550842171,0.07032015613346876,0.19444444444444445,OK,0.0,UNVALIDATED_MODEL,37.4547875111425,37.4547875111425,0.0,8,1,0.5,0.5,0.0,STRUCT+TIMING+SECTOR,default,default,default,70,20260805,20260805,,30.5,30.5,30.5,-12.0,-33.79,FRESH,0.291,,False,0.3,True,MATURE,11693.0,ALPHA_WIN_PROB,4.235,,1.81,0.0,실측 승률 34% < 필요 승률 36% (손익비 1.81) — 켈리 기준 미달,0.3559,0.0,0.0,v40_alpha_tilt,,,,,,True,15.7,,ELITE_SCORE,MATURE,11693,2.4.0,OK,,100.0,ATTACK,OK,OK,OK,OK,OK,OK,OK,0,7,True,True,True,,0,GREEN,,,90.0,BUY,1,,0,0,0,0,,0.0,T=37<70,100.0,GREEN,,,0,False,0,ENTRY_READY_BUT_NOT_TOP_PICK,TOP_PICK=0,진입조건은 양호하나 공식 Top Pick 아님,50.0,ENTRY_CLEAN_OBSERVE,ENTRY_CLEAN_OBSERVE,NORMAL,0,0,0,0,0,0,0,0,0,CLEAR,,,0,0,0,0,0.0,,,,,,,,,,DISABLED_LOSS_DEFENSE,,,,,,True,False,True,True,False,True,True,True,0.0,0.0,0.0,0.0,20.0,0.0,0.0,0.0,20.0,0.5,False,True,False,4,False,0.0,0.0,G2RR×0.5 · G5추세붕괴4축,,0,0,0,,0.0,0,,False,0.0,0.0,False,,False,True,,0,96.0,85.0,0,0,CAUTION,중립/관찰,C,WATCH,0,0.2,관찰,시장폭 82.2 · 5일 -6.2%,59.29,6,104,0,66.02,80,,-4.0,219840.0,"진입 후 D+1 종가 219,840원(-4%) 이탈 시 익일 조기청산 권고",46.2,"최근 20거래일 유니버스 실측 2일 상승률 46.2% (n=6,245) · 종목별 유의차 미검증",NO_EDGE_VALIDATED,OK,212970.0,251900.0,"손절 212,970(-7%)·본전전환 240,450(+5%)·1차익절 251,900(+10%) · ⚡ D+2내 233,580(+2%) 도달 시 절반 익절+잔여 본전 상향 (실측: 초반 급등 후 되돌림 -0.9%)",0,83.0,0,0,알파 72점 (진입선 85점 미달),alpha_gate_v32,WATCH,0.0,,,0,NEUTRAL,"중립 레짐 — KOSPI 20일선 아래, 시장폭 82% (실측: 본전 구간 → 진입 허용하되 사이즈 50%)",0.5,1,72.1,240450.0,0.3379,1,이 점수 구간의 과거 실측 승률 29% (표본 11693건) · 거래량 밀집가 대비 -4.1% — 가치영역 근접 (실측 표본 적음) · 손익비 4.2 (손절 -3.7% / 1차목표 +15.7%) · 변동성 응축 5일째 (스퀴즈 — 방향 분출 대기) · AI 알파모델 예측 상위 28% (OOS 검증 통과 모델 — 이 구간 실측 승률 34%),중립 레짐 — 사이즈 50% 권장,29.1,True,WAIT,1,85.0,1,0,233580.0,,,,,1,1.0,,0,79.9,pctl>0.30,0,,0,1.0
22,033780,KT&G,KOSPI,기타,176000,471.99,182706.4,1.0,33.27121800429752,WAIT,ARMED,3,True,1,False,25.5,25.5,36.9,14.2,0.0,0.0,15.9,17.0,36.9,53.9,2.01,0.0,RR2.0 + 진입적정,1,176000.0,168300.0,191500.0,198800.0,⚡눌림회복,0.13,0.88,179964,-0.91,특이사항 없음,5,1.94,55.4,-1.33,,,,알파 상위권 + 코일(스퀴즈/추세) — 진입 임박,NORMAL,82.2,담배 제조업,47199266634.0,49.6,9.17,1,1,0.23,-3.61,-0.34,-4.03,-2.76,8.78,9.79,9.24,-19.0,0.436,0.436,0,7.4,1,0,1.17,0.27,0,0,0,0,-1,189850.0,-2.2,-0.2112,True,O,▲,180508,▼,X,X,-0.63,250,0,1,1,1,,enter,100.0,SWING+PM_BLOCK_INTRADAY+EF:정상,4.37,4.0,2.0,normal,7.0,v1_sl_first_gap_at_open,SWING+PM_BLOCK_INTRADAY+EF:정상,SWING_20D,23,ATR_3.5x,12,,0,0.0,담배 제조업,22.15142857142857,8.541428571428572,9.0,23.8,0.0,0.036972402597402594,0.0035204105782639474,0.29411764705882354,OK,0.0,UNVALIDATED_MODEL,21.3849894124389,21.3849894124389,0.0,8,1,0.5,0.5,0.0,STRUCT+TIMING+SECTOR,default,default,default,70,20260805,20260805,,25.5,25.5,25.5,-12.0,-33.79,FRESH,0.291,,False,0.3,True,MATURE,11693.0,ALPHA_WIN_PROB,2.013,,1.81,0.03327121800429752,,0.3559,332194.91657556465,1.0,v40_alpha_tilt,,,,,,True,8.8,ALPHA,ELITE_SCORE,MATURE,11693,2.4.0,OK,,100.0,ATTACK,OK,OK,OK,OK,OK,OK,OK,0,7,True,True,True,,0,GREEN,,,90.0,BUY,1,,0,0,0,0,,0.0,T=14<70,100.0,GREEN,,,0,False,0,ENTRY_READY_BUT_NOT_TOP_PICK,TOP_PICK=0,진입조건은 양호하나 공식 Top Pick 아님,50.0,ENTRY_CLEAN_OBSERVE,ENTRY_CLEAN_OBSERVE,NORMAL,0,0,0,0,0,0,0,0,0,CLEAR,,,0,0,0,0,0.0,,,,,,,,,,DISABLED_LOSS_DEFENSE,,,,,,True,False,True,True,False,True,True,True,0.0,0.0,0.0,0.0,20.0,0.0,0.0,0.0,20.0,0.5,False,True,False,5,False,0.0,0.0,G2RR×0.5 · G5추세붕괴5축,,0,0,0,,0.0,0,,False,0.0,0.0,False,,False,True,,0,92.0,82.0,0,0,CAUTION,중립/관찰,C,WATCH,0,0.2,관찰,시장폭 82.2 · 5일 -3.6%,56.09,6,127,0,59.16,124,,-4.0,168960.0,"진입 후 D+1 종가 168,960원(-4%) 이탈 시 익일 조기청산 권고",46.2,"최근 20거래일 유니버스 실측 2일 상승률 46.2% (n=6,245) · 종목별 유의차 미검증",NO_EDGE_VALIDATED,OK,163680.0,193600.0,"손절 163,680(-7%)·본전전환 184,800(+5%)·1차익절 193,600(+10%) · ⚡ D+2내 179,520(+2%) 도달 시 절반 익절+잔여 본전 상향 (실측: 초반 급등 후 되돌림 -0.9%)",0,82.6,1,1,당일 신규진입 1종목 제한,alpha_gate_v32,WATCH,0.0,,,0,NEUTRAL,"중립 레짐 — KOSPI 20일선 아래, 시장폭 82% (실측: 본전 구간 → 진입 허용하되 사이즈 50%)",0.5,1,94.4,184800.0,0.3888,1,이 점수 구간의 과거 실측 승률 29% (표본 11693건) · 거래량 밀집가 대비 -0.9% — 가치영역 근접 (실측 표본 적음) · 손익비 2.0 (손절 -4.4% / 1차목표 +8.8%) · 변동성 응축 5일째 (스퀴즈 — 방향 분출 대기) · AI 알파모델 예측 상위 6% (OOS 검증 통과 모델 — 이 구간 실측 승률 39%),중립 레짐 — 사이즈 50% 권장,29.1,True,WAIT,1,85.0,1,1,179520.0,,,,,1,1.299656953292872,,0,78.6,pctl>0.30,0,,0,1.026315789473684
23,001450,현대해상,KOSPI,금융,36700,163.17,31286.1,0.0,,NEUTRAL,ARMED,4,True,1,False,19.2,19.2,11.2,27.3,0.0,0.0,14.6,12.8,27.3,65.9,1.89,0.0,RR1.9 + 진입적정,0,36700.0,33950.0,41900.0,43250.0,,0.07,0.86,36783,-1.73,특이사항 없음,5,-1.55,49.1,-2.93,,,,알파 상위권 + 코일(스퀴즈/추세) — 진입 임박,NORMAL,82.2,보험업,16317206500.0,51.3,11.69,1,0,-0.27,-0.54,-1.08,-2.26,18.2,21.72,11.56,30.2,-6.06,0.408,0.408,0,12.0,1,0,1.16,0.25,0,0,0,0,1,34310.0,-0.23,-0.187,True,O,▲,38037,▼,X,X,0.0,250,0,1,1,1,44250.0,enter,100.0,SWING+PM_BLOCK_INTRADAY+EF:정상,7.49,5.0,1.9,normal,7.0,v1_sl_first_gap_at_open,SWING+PM_BLOCK_INTRADAY+EF:정상,SWING_20D,23,SWING_60D,12,SWING_120D,12,0.0,보험업,14.904375,12.145312500000001,11.0,78.8,0.0,0.06734137796808097,-0.11674948735548364,0.7916666666666666,OK,0.0,UNVALIDATED_MODEL,27.83298423828893,27.83298423828893,0.0,6,1,0.5,0.5,0.0,STRUCT+TIMING+SECTOR,default,default,default,70,20260805,20260805,,19.2,19.2,19.2,-12.0,-33.79,FRESH,0.291,,False,0.3,True,MATURE,11693.0,ALPHA_WIN_PROB,1.891,,1.81,0.0,실측 승률 34% < 필요 승률 36% (손익비 1.81) — 켈리 기준 미달,0.3559,0.0,,v40_alpha_tilt,,,,,,True,14.2,,ELITE_SCORE,MATURE,11693,2.4.0,OK,,100.0,ATTACK,OK,OK,OK,OK,OK,OK,OK,0,7,True,True,True,,0,GREEN,,,90.0,BUY,1,,0,0,0,0,,0.0,T=27<70,100.0,GREEN,,,0,False,0,ENTRY_READY_BUT_NOT_TOP_PICK,TOP_PICK=0,진입조건은 양호하나 공식 Top Pick 아님,50.0,ENTRY_CLEAN_OBSERVE,ENTRY_CLEAN_OBSERVE,NORMAL,0,0,0,0,0,0,0,0,0,CLEAR,,,0,0,0,0,0.0,,,,,,,,,,DISABLED_LOSS_DEFENSE,,,,,,True,False,True,True,False,True,True,True,0.0,0.0,0.0,0.0,20.0,0.0,0.0,0.0,20.0,0.5,False,True,False,4,False,0.0,0.0,G2RR×0.5 · G5추세붕괴4축,,0,0,0,,0.0,0,,False,0.0,0.0,False,,False,True,,0,88.0,84.0,0,0,CAUTION,중립/관찰,C,WATCH,0,0.2,관찰,시장폭 82.2 · 5일 -0.5%,48.92,6,175,0,54.57,150,,-4.0,35232.0,"진입 후 D+1 종가 35,232원(-4%) 이탈 시 익일 조기청산 권고",46.2,"최근 20거래일 유니버스 실측 2일 상승률 46.2% (n=6,245) · 종목별 유의차 미검증",NO_EDGE_VALIDATED,HIGH_AVOID,34131.0,40370.0,"⛔ 고위험 루트(진입보류 권고) · 손절 34,131(-7%)·본전전환 38,535(+5%)·1차익절 40,370(+10%) · ⚡ D+2내 37,434(+2%) 도달 시 절반 익절+잔여 본전 상향 (실측: 초반 급등 후 되돌림 -0.9%)",0,81.9,0,0,알파 77점 (진입선 85점 미달),alpha_gate_v32,WATCH,0.0,,,0,NEUTRAL,"중립 레짐 — KOSPI 20일선 아래, 시장폭 82% (실측: 본전 구간 → 진입 허용하되 사이즈 50%)",0.5,1,76.8,38535.0,0.3379,1,이 점수 구간의 과거 실측 승률 29% (표본 11693건) · 거래량 밀집가 대비 -1.7% — 가치영역 근접 (실측 표본 적음) · 손익비 1.9 (손절 -7.5% / 1차목표 +14.2%) · 변동성 응축 5일째 (스퀴즈 — 방향 분출 대기) · AI 알파모델 예측 상위 23% (OOS 검증 통과 모델 — 이 구간 실측 승률 34%),중립 레짐 — 사이즈 50% 권장,29.1,True,NEUTRAL,1,85.0,1,0,37434.0,,,,,1,1.0,,0,69.3,pctl>0.30,0,,0,1.0
24,112610,씨에스윈드,KOSPI,기타,41000,131.84,17290.3,0.0,0.0,WAIT,OVERHEAT,3,False,1,False,25.0,25.0,20.7,29.3,0.0,0.0,18.0,16.7,29.3,63.4,1.39,0.0,RR1.4 + 진입적정,0,41000.0,37700.0,45600.0,62000.0,,2.36,0.65,45048,-6.02,특이사항 없음,0,-5.99,50.9,3.9,,,5일 급등,"과열(급등·MFI·RSI) — 실측 역신호, 관망",NORMAL,82.2,"구조용 금속제품, 탱크 및 증기발생기 제조업",13183512150.0,56.2,22.44,0,0,2.89,16.98,3.67,-0.12,-32.23,-4.65,13.7,-20.23,-32.43,0.899,0.234,0,12.0,1,0,0.96,0.59,0,0,0,1,-1,44550.0,-8.99,0.3387,False,X,▼,37749,▲,O,X,1.63,250,0,-1,-1,1,79400.0,enter,100.0,NORMAL+PM_BLOCK_INTRADAY+EF:정상,8.05,5.0,1.4,normal,7.0,v1_sl_first_gap_at_open,NORMAL+PM_BLOCK_INTRADAY+EF:정상,SWING_20D,23,SWING_60D,2,SWING_120D,2,0.0,"구조용 금속제품, 탱크 및 증기발생기 제조업",22.15142857142857,8.541428571428572,9.0,42.6,0.0,0.06628919860627178,-0.01133478562611363,0.4666666666666667,OK,0.0,UNVALIDATED_MODEL,44.40206306725799,44.40206306725799,0.0,4,1,0.5,0.5,0.0,STRUCT+TIMING+SECTOR,default,default,default,70,20260805,20260805,,25.0,25.0,25.0,-12.0,-33.79,FRESH,0.291,,False,0.3,True,MATURE,11693.0,ALPHA_WIN_PROB,1.394,,1.394,0.0,상태 OVERHEAT — 신규진입 상태 아님(사이징 제외),0.4177,0.0,0.0,v40_alpha_tilt,,,,,,True,11.2,,ELITE_SCORE,MATURE,11693,2.4.0,OK,,100.0,ATTACK,OK,OK,OK,OK,OK,OK,OK,0,7,True,True,True,,0,GREEN,,,100.0,BUY,1,,0,0,0,0,,0.0,T=29<70,100.0,GREEN,,,0,False,0,ENTRY_READY_BUT_NOT_TOP_PICK,TOP_PICK=0,진입조건은 양호하나 공식 Top Pick 아님,50.0,ENTRY_CLEAN_OBSERVE,ENTRY_CLEAN_OBSERVE,NORMAL,0,0,0,0,0,0,0,0,0,CLEAR,,,0,0,0,0,0.0,,,,,,,,,,DISABLED_LOSS_DEFENSE,,,,,,True,False,True,True,True,True,True,True,0.0,0.0,0.0,0.0,0.0,0.0,0.0,0.0,0.0,0.5,False,False,False,2,False,9.0,0.5,G2RR×0.5,,0,0,0,,9.0,0,,False,0.0,0.0,False,,False,True,,0,70.0,67.0,0,0,CAUTION,5일 상승 17.0% > 5%,C,WATCH,0,0.2,관찰,시장폭 82.2 · 5일 17.0%,42.47,6,218,0,54.28,153,,-4.0,39360.0,"진입 후 D+1 종가 39,360원(-4%) 이탈 시 익일 조기청산 권고",46.2,"최근 20거래일 유니버스 실측 2일 상승률 46.2% (n=6,245) · 종목별 유의차 미검증",NO_EDGE_VALIDATED,OK,38130.0,45100.0,"손절 38,130(-7%)·본전전환 43,050(+5%)·1차익절 45,100(+10%) · ⚡ D+2내 41,820(+2%) 도달 시 절반 익절+잔여 본전 상향 (실측: 초반 급등 후 되돌림 -0.9%)",0,81.5,0,0,알파 64점 (진입선 85점 미달),alpha_gate_v32,WATCH,0.0,,,0,NEUTRAL,"중립 레짐 — KOSPI 20일선 아래, 시장폭 82% (실측: 본전 구간 → 진입 허용하되 사이즈 50%)",0.5,1,64.1,43050.0,0.3233,1,이 점수 구간의 과거 실측 승률 29% (표본 11693건) · 거래량 밀집가 대비 -6.0% — 가치영역 근접 (실측 표본 적음) · 손익비 1.4 (손절 -8.0% / 1차목표 +11.2%),중립 레짐 — 사이즈 50% 권장,29.1,True,WAIT,1,85.0,1,0,41820.0,,,,,1,1.0,,0,56.3,pctl>0.30,0,,0,1.0
25,024110,기업은행,KOSPI,금융,20200,168.82,161080.0,12.0,25.742828061974592,NEUTRAL,ARMED,4,True,1,False,3.2,3.2,0.0,6.3,0.0,0.0,2.8,2.1,6.3,92.1,2.03,0.0,밸런스우수 + RR2.0 + 진입적정,1,20200.0,19240.0,22150.0,23700.0,,0.55,0.71,20883,-1.32,특이사항 없음,5,-3.22,38.2,-3.0,,,,알파 상위권 + 코일(스퀴즈/추세) — 진입 임박,NORMAL,82.2,은행 및 저축기관,16882340075.0,50.9,8.58,1,1,-0.74,0.0,-2.42,-5.39,-7.34,-12.17,8.43,4.66,-39.95,0.883,0.392,0,7.5,0,1,1.19,0.16,0,0,0,0,-1,22423.0,-3.27,-0.0155,True,X,▼,20317,▼,X,X,0.25,250,0,-1,-1,1,29550.0,enter,100.0,SWING+PM_BLOCK_INTRADAY+EF:정상,4.75,4.0,2.0,normal,7.0,v1_sl_first_gap_at_open,SWING+PM_BLOCK_INTRADAY+EF:정상,SWING_20D,12,SWING_60D,5,SWING_120D,2,0.0,은행 및 저축기관,14.904375,12.145312500000001,11.0,17.7,0.0,0.0373055162659123,-0.016574394299936294,0.5555555555555556,OK,0.0,UNVALIDATED_MODEL,14.641050701505323,14.641050701505323,0.0,4,1,0.5,0.5,0.0,STRUCT+TIMING+SECTOR,default,default,default,70,20260805,20260805,,3.2,3.2,3.2,-12.0,-33.79,FRESH,0.291,,False,0.3,True,MATURE,11693.0,ALPHA_WIN_PROB,2.031,,1.81,0.025742828061974594,,0.3559,257028.06008971992,12.0,v40_alpha_tilt,,,,,,True,9.7,ALPHA,ELITE_SCORE,MATURE,11693,2.4.0,OK,,100.0,ATTACK,OK,OK,OK,OK,OK,OK,OK,0,7,True,True,True,,0,GREEN,,,90.0,BUY,1,,0,0,0,0,,0.0,T=6<70,100.0,GREEN,,,0,False,0,ENTRY_READY_BUT_NOT_TOP_PICK,TOP_PICK=0,진입조건은 양호하나 공식 Top Pick 아님,50.0,ENTRY_CLEAN_OBSERVE,ENTRY_CLEAN_OBSERVE,NORMAL,0,0,0,0,0,0,0,0,0,CLEAR,,,0,0,0,0,0.0,,,,,,,,,,DISABLED_LOSS_DEFENSE,,,,,,True,False,True,True,False,True,True,True,0.0,0.0,0.0,0.0,20.0,0.0,0.0,0.0,20.0,0.5,False,True,False,5,False,0.0,0.0,G2RR×0.5 · G5추세붕괴5축,,0,0,0,,0.0,0,,False,0.0,0.0,False,,False,True,,0,84.0,79.0,0,0,CAUTION,중립/관찰,C,WATCH,0,0.2,관찰,시장폭 82.2 · 5일 0.0%,33.0,6,255,0,25.17,271,,-4.0,19392.0,"진입 후 D+1 종가 19,392원(-4%) 이탈 시 익일 조기청산 권고",46.2,"최근 20거래일 유니버스 실측 2일 상승률 46.2% (n=6,245) · 종목별 유의차 미검증",NO_EDGE_VALIDATED,HIGH_AVOID,18786.0,22220.0,"⛔ 고위험 루트(진입보류 권고) · 손절 18,786(-7%)·본전전환 21,210(+5%)·1차익절 22,220(+10%) · ⚡ D+2내 20,604(+2%) 도달 시 절반 익절+잔여 본전 상향 (실측: 초반 급등 후 되돌림 -0.9%)",0,80.3,1,1,당일 신규진입 1종목 제한,alpha_gate_v32,WATCH,0.0,,,0,NEUTRAL,"중립 레짐 — KOSPI 20일선 아래, 시장폭 82% (실측: 본전 구간 → 진입 허용하되 사이즈 50%)",0.5,1,95.0,21210.0,0.3888,1,이 점수 구간의 과거 실측 승률 29% (표본 11693건) · 거래량 밀집가 대비 -1.3% — 가치영역 근접 (실측 표본 적음) · 손익비 2.0 (손절 -4.8% / 1차목표 +9.7%) · 변동성 응축 5일째 (스퀴즈 — 방향 분출 대기) · AI 알파모델 예측 상위 5% (OOS 검증 통과 모델 — 이 구간 실측 승률 39%),중립 레짐 — 사이즈 50% 권장,29.1,True,NEUTRAL,1,85.0,1,1,20604.0,,,,,1,1.0055792211708825,,0,65.6,pctl>0.30,0,,0,0.7507739938080495
26,030200,KT,KOSPI,IT/전기전자,52500,293.67,132311.4,0.0,0.0,WAIT,WAIT,3,False,1,True,7.2,7.2,0.0,14.3,0.0,0.0,6.2,4.8,14.3,82.1,1.38,0.0,밸런스우수 + RR1.4 + 진입적정,1,52500.0,49750.0,56300.0,58000.0,,-0.22,0.8,54724,-1.93,특이사항 없음,0,-0.39,53.2,-1.45,,,,추세 관망,NORMAL,82.2,전기 통신업,29367058108.0,56.0,11.21,0,0,0.38,-2.42,0.38,-5.41,-11.47,-6.42,8.41,0.53,-34.2,0.941,0.28,0,6.0,0,0,1.2,0.18,0,0,0,0,1,49710.0,-4.07,-0.0653,True,X,▼,52740,▼,X,X,-0.19,250,0,-1,-1,1,61600.0,enter,100.0,SWING+PM_BLOCK_INTRADAY+EF:정상,5.24,4.0,1.4,normal,7.0,v1_sl_first_gap_at_open,SWING+PM_BLOCK_INTRADAY+EF:정상,BB_UPPER,23,SWING_20D,5,SWING_60D,2,0.0,전기 통신업,28.983018867924528,12.636603773584905,4.0,11.2,0.0,0.02938775510204082,-0.5093344528629107,0.6363636363636364,OK,0.0,UNVALIDATED_MODEL,22.75990216639352,22.75990216639352,0.0,4,1,0.5,0.5,0.0,STRUCT+TIMING+SECTOR,default,default,default,70,20260805,20260805,,7.2,7.2,7.2,-12.0,-33.79,FRESH,0.291,,False,0.3,True,MATURE,11693.0,ALPHA_WIN_PROB,1.382,,1.382,0.0,상태 WAIT — 신규진입 상태 아님(사이징 제외),0.4198,0.0,0.0,v40_alpha_tilt,,,,,,True,7.2,ALPHA,ELITE_SCORE,MATURE,11693,2.4.0,OK,,100.0,ATTACK,OK,OK,OK,OK,OK,OK,OK,0,7,True,True,True,,0,GREEN,,,90.0,BUY,1,,0,0,0,0,,0.0,T=14<70,100.0,GREEN,,,0,False,0,ENTRY_READY_BUT_NOT_TOP_PICK,TOP_PICK=0,진입조건은 양호하나 공식 Top Pick 아님,50.0,ENTRY_CLEAN_OBSERVE,ENTRY_CLEAN_OBSERVE,NORMAL,0,0,0,0,0,0,0,0,0,CLEAR,,,0,0,0,0,0.0,,,,,,,,,,DISABLED_LOSS_DEFENSE,,,,,,True,False,True,True,False,True,True,True,0.0,0.0,0.0,0.0,20.0,0.0,0.0,0.0,20.0,0.5,False,True,False,4,False,0.0,0.0,G2RR×0.5 · G5추세붕괴4축,,0,0,0,,0.0,0,,False,0.0,0.0,False,,False,True,,0,96.0,93.0,0,0,CAUTION,중립/관찰,C,WATCH,0,0.2,관찰,시장폭 82.2 · 5일 -2.4%,47.16,6,187,0,35.96,235,,-4.0,50400.0,"진입 후 D+1 종가 50,400원(-4%) 이탈 시 익일 조기청산 권고",46.2,"최근 20거래일 유니버스 실측 2일 상승률 46.2% (n=6,245) · 종목별 유의차 미검증",NO_EDGE_VALIDATED,OK,48825.0,57750.0,"손절 48,825(-7%)·본전전환 55,125(+5%)·1차익절 57,750(+10%) · ⚡ D+2내 53,550(+2%) 도달 시 절반 익절+잔여 본전 상향 (실측: 초반 급등 후 되돌림 -0.9%)",0,79.7,1,1,당일 신규진입 1종목 제한,alpha_gate_v32,WATCH,0.0,,,0,NEUTRAL,"중립 레짐 — KOSPI 20일선 아래, 시장폭 82% (실측: 본전 구간 → 진입 허용하되 사이즈 50%)",0.5,1,92.9,55125.0,0.3888,1,이 점수 구간의 과거 실측 승률 29% (표본 11693건) · 거래량 밀집가 대비 -1.9% — 가치영역 근접 (실측 표본 적음) · 손익비 1.4 (손절 -5.2% / 1차목표 +7.2%) · AI 알파모델 예측 상위 7% (OOS 검증 통과 모델 — 이 구간 실측 승률 39%),중립 레짐 — 사이즈 50% 권장,29.1,True,WAIT,1,85.0,1,1,53550.0,,,,,1,1.0,,0,71.8,pctl>0.30,0,,0,1.0
27,001040,CJ,KOSPI,금융,137800,190.08,40205.9,0.0,0.0,WAIT,ARMED,3,True,0,False,36.2,36.2,21.2,51.3,0.0,0.0,25.7,24.2,51.3,35.9,1.16,1.5,RR1.2 + 진입적정,1,135700.0,124800.0,152900.0,232500.0,,2.08,1.16,167240,-23.38,특이사항 없음,0,-6.78,54.2,3.47,,,저점 이탈,알파 상위권 + 코일(스퀴즈/추세) — 진입 임박,NORMAL,82.2,기타 금융업,19007536200.0,60.1,16.46,0,0,4.39,10.77,4.47,-10.29,-37.93,-34.54,3.53,-25.93,-62.32,0.914,0.039,0,10.2,0,0,0.9,0.58,0,0,0,1,-1,145320.0,-17.6,0.3274,False,X,▼,128055,▲,O,X,0.61,250,0,-1,-1,1,,enter,100.0,NORMAL+PM_BLOCK_INTRADAY+EF:정상,8.03,5.0,1.6,normal,7.0,v1_sl_first_gap_at_open,NORMAL+PM_BLOCK_INTRADAY+EF:정상,SWING_20D,23,SWING_60D,2,,0,0.0,기타 금융업,14.904375,12.145312500000001,11.0,17.9,0.0,0.0510055981754095,0.008700460575794633,0.2222222222222222,OK,0.0,UNVALIDATED_MODEL,59.709703137748726,59.709703137748726,0.0,4,1,0.5,0.5,0.0,STRUCT+TIMING+SECTOR,default,default,default,70,20260805,20260805,,36.2,36.2,36.2,-12.0,-33.79,FRESH,0.288,,False,0.3,True,MATURE,11693.0,ALPHA_WIN_PROB,1.578,,1.578,0.0007,"배분액 7,348원 < 1주 가격 135,700원 — 수량 0",0.3879,7348.0,0.0,v40_alpha_tilt,,,,,,True,11.0,ALPHA,ELITE_SCORE,MATURE,11693,2.4.0,OK,,100.0,ATTACK,OK,OK,OK,OK,OK,OK,OK,0,7,True,True,True,,0,GREEN,,,90.0,BUY,1,,0,0,0,0,,0.0,T=51<70,100.0,GREEN,,,0,False,0,BELOW_OFFICIAL_BAR,TOP_PICK=0,,30.0,IGNORE,IGNORE,NORMAL,0,0,0,0,0,0,0,0,0,CLEAR,,,0,0,0,0,0.0,,,,,,,,,,DISABLED_LOSS_DEFENSE,,,,,,True,False,True,True,True,True,True,True,0.0,0.0,0.0,0.0,0.0,0.0,0.0,0.0,0.0,0.5,False,False,False,2,False,12.8,0.5,G2RR×0.5,,0,0,0,,12.8,0,,False,0.0,0.0,False,,False,True,,0,70.0,75.0,0,0,CAUTION,5일 상승 10.8% > 5%,B,REALISTIC_RR,0,0.35,관찰 후보,현실형 RR · 시장폭 82.2 · 5일 10.8%,59.24,6,105,0,70.18,56,,-4.0,130272.0,"진입 후 D+1 종가 130,272원(-4%) 이탈 시 익일 조기청산 권고",46.2,"최근 20거래일 유니버스 실측 2일 상승률 46.2% (n=6,245) · 종목별 유의차 미검증",NO_EDGE_VALIDATED,OK,126201.0,149270.0,"손절 126,201(-7%)·본전전환 142,485(+5%)·1차익절 149,270(+10%) · ⚡ D+2내 138,414(+2%) 도달 시 절반 익절+잔여 본전 상향 (실측: 초반 급등 후 되돌림 -0.9%)",0,79.6,1,0,손익비 1.16,alpha_gate_v32,WATCH,0.0,,,0,NEUTRAL,"중립 레짐 — KOSPI 20일선 아래, 시장폭 82% (실측: 본전 구간 → 진입 허용하되 사이즈 50%)",0.5,1,99.7,142485.0,0.3888,1,이 점수 구간의 과거 실측 승률 29% (표본 11693건) · 거래량 밀집가 대비 -23.4% — 가치영역 근접 (실측 표본 적음) · 손익비 1.2 (손절 -9.4% / 1차목표 +11.0%) · AI 알파모델 예측 상위 0% (OOS 검증 통과 모델 — 이 구간 실측 승률 39%),중립 레짐 — 사이즈 50% 권장,28.8,True,WAIT,1,85.0,1,1,138414.0,,,,,1,1.0,,0,53.6,pctl>0.30,0,,0,1.0
28,316140,우리금융지주,KOSPI,금융,33350,527.55,242817.9,0.0,0.0,WAIT,ARMED,3,True,1,False,35.6,35.6,30.7,40.5,0.0,0.0,24.7,23.7,40.5,49.4,1.15,0.0,RR1.1 + 진입적정,0,33350.0,30650.0,36450.0,38800.0,📦박스돌파,1.8,0.64,30965,2.58,특이사항 없음,4,0.67,63.4,5.3,,,,알파 상위권 + 코일(스퀴즈/추세) — 진입 임박,NORMAL,82.2,기타 금융업,52754787975.0,49.2,14.44,0,0,0.45,4.06,8.81,5.71,1.52,4.55,19.53,13.52,-23.23,0.314,0.212,1,9.3,1,1,1.05,0.78,8371,1334,9705,1,1,28770.0,7.7,0.0155,False,O,▼,33360,▲,X,X,-0.45,250,0,-1,-1,1,41500.0,enter,100.0,NORMAL+PM_BLOCK_INTRADAY+EF:정상,8.1,4.0,1.1,normal,7.0,v1_sl_first_gap_at_open,NORMAL+PM_BLOCK_INTRADAY+EF:정상,ATR_2x,23,ATR_3.5x,12,SWING_120D,2,0.0,기타 금융업,14.904375,12.145312500000001,11.0,14.9,0.0,0.04636967230670379,0.14224887152186863,0.76,OK,0.0,UNVALIDATED_MODEL,31.990387765514136,31.990387765514136,0.0,8,1,0.5,0.5,0.0,STRUCT+TIMING+SECTOR,default,default,default,70,20260805,20260805,,35.6,35.6,35.6,-12.0,-33.79,FRESH,0.291,,False,0.3,True,MATURE,11693.0,ALPHA_WIN_PROB,1.148,,1.148,0.0,실측 승률 36% < 필요 승률 47% (손익비 1.15) — 켈리 기준 미달,0.4655,0.0,0.0,v40_alpha_tilt,,,,,,True,9.3,,ELITE_SCORE,MATURE,11693,2.4.0,OK,,100.0,ATTACK,OK,OK,OK,OK,OK,OK,OK,0,7,True,True,True,,0,GREEN,,,90.0,BUY,1,,0,0,0,0,,0.0,T=40<70,100.0,GREEN,,,0,False,0,BELOW_OFFICIAL_BAR,TOP_PICK=0,,30.0,IGNORE,IGNORE,NORMAL,0,0,0,0,0,0,0,0,0,CLEAR,,,0,0,0,0,0.0,,,,,,,,,,DISABLED_LOSS_DEFENSE,,,,,,True,False,True,True,True,True,False,True,0.0,0.0,0.0,0.0,0.0,0.0,15.0,0.0,15.0,0.5,False,False,False,0,False,0.0,0.0,G2RR×0.5 · G7윗꼬리약세-15,,0,0,0,,0.0,0,,False,0.0,0.0,False,,False,True,,0,92.0,89.0,0,0,CAUTION,중립/관찰,B,REALISTIC_RR,0,0.35,관찰 후보,현실형 RR · 시장폭 82.2 · 5일 4.1%,64.42,6,69,0,71.37,50,모멘텀확인중(PMS64),-4.0,32016.0,"진입 후 D+1 종가 32,016원(-4%) 이탈 시 익일 조기청산 권고",46.2,"최근 20거래일 유니버스 실측 2일 상승률 46.2% (n=6,245) · 종목별 유의차 미검증",NO_EDGE_VALIDATED,OK,31015.0,36685.0,"손절 31,015(-7%)·본전전환 35,018(+5%)·1차익절 36,685(+10%) · ⚡ D+2내 34,017(+2%) 도달 시 절반 익절+잔여 본전 상향 (실측: 초반 급등 후 되돌림 -0.9%)",0,78.6,0,0,알파 84점 (진입선 85점 미달) · 손익비 1.15,alpha_gate_v32,WATCH,0.0,,,0,NEUTRAL,"중립 레짐 — KOSPI 20일선 아래, 시장폭 82% (실측: 본전 구간 → 진입 허용하되 사이즈 50%)",0.5,1,84.5,35018.0,0.3572,1,이 점수 구간의 과거 실측 승률 29% (표본 11693건) · 거래량 밀집가 대비 +2.6% — 가치영역 근접 (실측 승률 40%) · 손익비 1.1 (손절 -8.1% / 1차목표 +9.3%) · 변동성 응축 4일째 (스퀴즈 — 방향 분출 대기) · AI 알파모델 예측 상위 16% (OOS 검증 통과 모델 — 이 구간 실측 승률 36%),중립 레짐 — 사이즈 50% 권장,29.1,True,WAIT,1,85.0,1,0,34017.0,,,,,1,1.0,,0,76.2,pctl>0.30,0,,0,1.0
29,0126Z0,삼성에피스홀딩스,KOSPI,금융,389000,184.38,96795.1,0.0,0.0,WAIT,ARMED,3,True,1,False,41.6,41.6,31.8,51.5,0.0,0.0,28.5,27.8,51.5,35.6,1.44,0.0,RR1.4 + 진입적정,1,389000.0,357500.0,434500.0,543000.0,,2.56,0.96,433692,-28.24,특이사항 없음,5,-7.44,45.1,2.8,,,저점 이탈,알파 상위권 + 코일(스퀴즈/추세) — 진입 임박,NORMAL,82.2,기타 금융업,18437963250.0,52.3,14.26,1,0,0.78,10.35,4.57,-4.77,-26.6,-33.05,9.05,-14.6,-60.83,0.946,0.147,0,11.1,1,0,0.83,0.54,0,0,0,1,-1,419000.0,-10.31,0.284,False,X,▼,368298,▲,O,X,0.0,171,0,-1,0,0,687000.0,enter,100.0,NORMAL+PM_BLOCK_INTRADAY+EF:정상,8.1,4.0,1.4,normal,7.0,v1_sl_first_gap_at_open,NORMAL+PM_BLOCK_INTRADAY+EF:정상,SWING_20D,23,VP_RESISTANCE,2,SWING_120D,2,0.0,기타 금융업,14.904375,12.145312500000001,11.0,33.1,0.0,0.0556371648916636,-0.0007767938534135851,0.3793103448275862,OK,0.0,UNVALIDATED_MODEL,50.8816336676555,50.8816336676555,0.0,6,1,0.5,0.5,0.0,STRUCT+TIMING+SECTOR,default,default,default,70,20260805,20260805,,41.6,41.6,41.6,-12.0,-33.79,FRESH,0.275,,False,0.3,True,MATURE,11693.0,ALPHA_WIN_PROB,1.444,,1.444,0.0,실측 승률 39% < 필요 승률 41% (손익비 1.44) — 켈리 기준 미달,0.4091,0.0,0.0,v40_alpha_tilt,,,,,,True,11.7,ALPHA,ELITE_SCORE,MATURE,11693,2.4.0,OK,,100.0,ATTACK,OK,OK,OK,OK,OK,OK,OK,0,7,True,True,True,,0,GREEN,,,100.0,BUY,1,,0,0,0,0,,0.0,T=52<70,100.0,GREEN,,,0,False,0,ENTRY_READY_BUT_NOT_TOP_PICK,TOP_PICK=0,진입조건은 양호하나 공식 Top Pick 아님,50.0,ENTRY_CLEAN_OBSERVE,ENTRY_CLEAN_OBSERVE,NORMAL,0,0,0,0,0,0,0,0,0,CLEAR,,,0,0,0,0,0.0,,,,,,,,,,DISABLED_LOSS_DEFENSE,,,,,,True,False,True,True,True,True,True,True,0.0,0.0,0.0,0.0,0.0,0.0,0.0,0.0,0.0,0.5,False,False,False,2,False,14.2,0.5,G2RR×0.5,,0,0,0,,14.2,0,,False,0.0,0.0,False,,False,True,,0,70.0,68.0,0,0,CAUTION,5일 상승 10.3% > 5%,C,WATCH,0,0.2,관찰,시장폭 82.2 · 5일 10.3%,56.53,6,123,0,71.61,44,,-4.0,373440.0,"진입 후 D+1 종가 373,440원(-4%) 이탈 시 익일 조기청산 권고",46.2,"최근 20거래일 유니버스 실측 2일 상승률 46.2% (n=6,245) · 종목별 유의차 미검증",NO_EDGE_VALIDATED,OK,361770.0,427900.0,"손절 361,770(-7%)·본전전환 408,450(+5%)·1차익절 427,900(+10%) · ⚡ D+2내 396,780(+2%) 도달 시 절반 익절+잔여 본전 상향 (실측: 초반 급등 후 되돌림 -0.9%)",0,78.2,1,1,당일 신규진입 1종목 제한,alpha_gate_v32,WATCH,0.0,,,0,NEUTRAL,"중립 레짐 — KOSPI 20일선 아래, 시장폭 82% (실측: 본전 구간 → 진입 허용하되 사이즈 50%)",0.5,1,96.9,408450.0,0.3888,1,이 점수 구간의 과거 실측 승률 28% (표본 11693건) · 거래량 밀집가 대비 -28.2% — 가치영역 근접 (실측 표본 적음) · 손익비 1.4 (손절 -8.1% / 1차목표 +11.7%) · 변동성 응축 5일째 (스퀴즈 — 방향 분출 대기) · AI 알파모델 예측 상위 3% (OOS 검증 통과 모델 — 이 구간 실측 승률 39%),중립 레짐 — 사이즈 50% 권장,27.5,True,WAIT,1,85.0,1,1,396780.0,,,,,1,1.0,,0,51.4,pctl>0.30,0,,0,1.0
30,257720,실리콘투,KOSDAQ,기타,37100,167.57,24328.8,0.0,0.0,WAIT,WAIT,3,False,1,True,36.4,36.4,24.9,47.9,0.0,0.0,25.5,24.3,47.9,40.1,1.12,0.0,RR1.1 + 진입적정,0,37100.0,34100.0,40450.0,42250.0,,1.06,0.82,36822,-3.16,특이사항 없음,5,-2.11,51.5,3.23,,,,추세 관망,NORMAL,82.2,상품 종합 도매업,16757224025.0,59.1,15.97,1,0,-0.67,7.23,6.0,-3.64,-17.65,-14.32,0.17,16.14,13.54,0.666,0.332,0,12.0,0,0,1.22,0.58,0,0,0,1,1,31020.0,0.75,0.2115,False,X,▼,35089,▲,O,X,-0.94,250,0,-1,-1,1,46500.0,enter,100.0,NORMAL+PM_BLOCK_INTRADAY+EF:정상,8.09,5.0,1.1,normal,7.0,v1_sl_first_gap_at_open,NORMAL+PM_BLOCK_INTRADAY+EF:정상,SWING_20D,46,ATR_2x,23,SWING_60D,5,0.0,상품 종합 도매업,22.15142857142857,8.541428571428572,9.0,79.5,0.0,0.06921447824412784,-0.014092305113590064,0.5,OK,0.0,UNVALIDATED_MODEL,47.591096296112816,47.591096296112816,0.0,8,1,0.5,0.5,0.0,STRUCT+TIMING+SECTOR,default,default,default,70,20260805,20260805,,36.4,36.4,36.4,-12.0,-33.79,FRESH,0.289,elite_low_wr_0.29,True,0.3,True,MATURE,11693.0,ALPHA_WIN_PROB,1.117,,1.117,0.0,상태 WAIT — 신규진입 상태 아님(사이징 제외),0.4724,0.0,0.0,v40_alpha_tilt,,,,,,True,9.0,,ELITE_SCORE,MATURE,11693,2.4.0,OK,,100.0,ATTACK,OK,OK,OK,OK,OK,OK,OK,0,7,True,True,True,,0,GREEN,,,90.0,BUY,1,,0,0,0,0,,0.0,T=48<70,100.0,GREEN,,,0,False,0,BELOW_OFFICIAL_BAR,TOP_PICK=0,,30.0,IGNORE,IGNORE,NORMAL,0,0,0,0,0,0,0,0,0,CLEAR,,,0,0,0,0,0.0,,,,,,,,,,DISABLED_LOSS_DEFENSE,,,,,,True,False,True,True,True,True,True,True,0.0,0.0,0.0,0.0,0.0,0.0,0.0,0.0,0.0,0.5,False,False,False,1,False,12.8,0.5,G2RR×0.5,,0,0,0,,12.8,0,,False,0.0,0.0,False,,False,True,,0,84.0,89.0,0,0,CAUTION,5일 상승 7.2% > 5%,B,REALISTIC_RR,0,0.35,관찰 후보,현실형 RR · 시장폭 82.2 · 5일 7.2%,58.15,6,111,0,69.01,63,,-4.0,35616.0,"진입 후 D+1 종가 35,616원(-4%) 이탈 시 익일 조기청산 권고",46.2,"최근 20거래일 유니버스 실측 2일 상승률 46.2% (n=6,245) · 종목별 유의차 미검증",NO_EDGE_VALIDATED,OK,34503.0,40810.0,"손절 34,503(-7%)·본전전환 38,955(+5%)·1차익절 40,810(+10%) · ⚡ D+2내 37,842(+2%) 도달 시 절반 익절+잔여 본전 상향 (실측: 초반 급등 후 되돌림 -0.9%)",0,76.6,0,0,알파 49점 (진입선 85점 미달) · 손익비 1.12,alpha_gate_v32,WATCH,0.0,,,0,NEUTRAL,"중립 레짐 — KOSPI 20일선 아래, 시장폭 82% (실측: 본전 구간 → 진입 허용하되 사이즈 50%)",0.5,1,48.6,38955.0,0.2713,1,이 점수 구간의 과거 실측 승률 29% (표본 11693건) · 거래량 밀집가 대비 -3.2% — 가치영역 근접 (실측 표본 적음) · 손익비 1.1 (손절 -8.1% / 1차목표 +9.0%) · 변동성 응축 5일째 (스퀴즈 — 방향 분출 대기),중립 레짐 — 사이즈 50% 권장,28.9,True,WAIT,1,85.0,1,0,37842.0,,,,,1,1.0,,0,67.5,pctl>0.30,0,,0,1.0
31,005830,DB손해보험,KOSPI,금융,155600,306.45,101918.5,1.0,11.185697591133556,WAIT,ARMED,3,True,1,False,20.4,20.4,25.0,15.9,0.0,0.0,13.7,13.6,25.0,68.8,1.71,0.0,RR1.7 + 진입적정,1,155600.0,145800.0,172400.0,186500.0,,0.56,0.81,151187,-5.15,특이사항 없음,2,3.01,42.1,-2.22,저점추세 양호,,,알파 상위권 + 코일(스퀴즈/추세) — 진입 임박,NORMAL,82.2,보험업,30644535800.0,46.7,13.11,1,0,0.52,0.58,-5.93,3.66,-5.47,-2.57,17.48,6.53,-30.35,0.699,0.428,0,11.3,0,0,1.07,0.36,0,0,0,0,1,141910.0,2.92,-0.1783,True,X,▼,157789,▼,X,X,-0.39,250,0,-1,-1,1,214000.0,enter,100.0,SWING+PM_BLOCK_INTRADAY+EF:정상,6.3,4.0,1.7,normal,7.0,v1_sl_first_gap_at_open,SWING+PM_BLOCK_INTRADAY+EF:정상,SWING_20D,23,ATR_3.5x,12,SWING_120D,2,0.0,보험업,14.904375,12.145312500000001,11.0,45.6,0.0,0.05660117517443995,0.2829601072403691,0.6923076923076923,OK,0.0,UNVALIDATED_MODEL,18.84506817532757,18.84506817532757,0.0,4,1,0.5,0.5,0.0,STRUCT+TIMING+SECTOR,default,default,default,70,20260805,20260805,,20.4,20.4,20.4,-12.0,-33.79,FRESH,0.291,,False,0.3,True,MATURE,11693.0,ALPHA_WIN_PROB,1.714,,1.714,0.011185697591133553,,0.3684,112088.3322652391,1.0,v40_alpha_tilt,,,,,,True,10.8,ALPHA,ELITE_SCORE,MATURE,11693,2.4.0,OK,,100.0,ATTACK,OK,OK,OK,OK,OK,OK,OK,0,7,True,True,True,,0,GREEN,,,90.0,BUY,1,,0,0,0,0,,0.0,T=16<70,100.0,GREEN,,,0,False,0,ENTRY_READY_BUT_NOT_TOP_PICK,TOP_PICK=0,진입조건은 양호하나 공식 Top Pick 아님,50.0,ENTRY_CLEAN_OBSERVE,ENTRY_CLEAN_OBSERVE,NORMAL,0,0,0,0,0,0,0,0,0,CLEAR,,,0,0,0,0,0.0,,,,,,,,,,DISABLED_LOSS_DEFENSE,,,,,,True,False,True,True,False,True,True,True,0.0,0.0,0.0,0.0,20.0,0.0,0.0,0.0,20.0,0.5,False,True,False,4,False,0.0,0.0,G2RR×0.5 · G5추세붕괴4축,,0,0,0,,0.0,0,,False,0.0,0.0,False,,False,True,,0,84.0,76.0,0,0,CAUTION,중립/관찰,C,WATCH,0,0.2,관찰,시장폭 82.2 · 5일 0.6%,47.06,6,190,0,51.55,165,,-4.0,149376.0,"진입 후 D+1 종가 149,376원(-4%) 이탈 시 익일 조기청산 권고",46.2,"최근 20거래일 유니버스 실측 2일 상승률 46.2% (n=6,245) · 종목별 유의차 미검증",NO_EDGE_VALIDATED,OK,144708.0,171160.0,"손절 144,708(-7%)·본전전환 163,380(+5%)·1차익절 171,160(+10%) · ⚡ D+2내 158,712(+2%) 도달 시 절반 익절+잔여 본전 상향 (실측: 초반 급등 후 되돌림 -0.9%)",0,76.0,1,1,당일 신규진입 1종목 제한,alpha_gate_v32,WATCH,0.0,,,0,NEUTRAL,"중립 레짐 — KOSPI 20일선 아래, 시장폭 82% (실측: 본전 구간 → 진입 허용하되 사이즈 50%)",0.5,1,91.6,163380.0,0.3888,1,이 점수 구간의 과거 실측 승률 29% (표본 11693건) · 거래량 밀집가 대비 -5.2% — 가치영역 근접 (실측 표본 적음) · 손익비 1.7 (손절 -6.3% / 1차목표 +10.8%) · AI 알파모델 예측 상위 8% (OOS 검증 통과 모델 — 이 구간 실측 승률 39%),중립 레짐 — 사이즈 50% 권장,29.1,True,WAIT,1,85.0,1,1,158712.0,,,,,1,0.6947638255362456,,0,81.1,pctl>0.30,0,,0,0.7507739938080495
32,035250,강원랜드,KOSPI,서비스 기타,14180,103.75,30336.8,0.0,,NEUTRAL,ARMED,4,True,1,False,17.2,17.2,0.0,34.4,0.0,0.0,14.1,11.5,34.4,57.0,1.67,0.0,RR1.7 + 진입적정,1,14180.0,13640.0,15080.0,18130.0,,-0.13,1.59,15164,-21.78,특이사항 없음,5,-0.07,46.7,-1.93,,,,알파 상위권 + 코일(스퀴즈/추세) — 진입 임박,NORMAL,82.2,유원지 및 기타 오락관련 서비스업,10374822470.0,46.6,5.23,1,1,-2.21,-1.87,0.0,-5.97,-12.85,-20.02,7.85,-0.85,-47.8,0.973,0.269,0,6.0,0,0,1.72,0.11,0,0,0,0,-1,15455.0,-6.49,-0.0309,True,X,▼,14518,▲,X,X,0.21,250,0,-1,-1,1,19590.0,enter,100.0,SWING+PM_BLOCK_INTRADAY+EF:정상,3.81,5.0,1.7,normal,7.0,v1_sl_first_gap_at_open,SWING+PM_BLOCK_INTRADAY+EF:정상,SWING_20D,23,VP_RESISTANCE,2,SWING_120D,2,0.0,유원지 및 기타 오락관련 서비스업,12.922941176470587,7.686470588235293,13.0,15.5,0.0,0.027176103163409227,0.3431244190266129,0.2708333333333333,OK,0.0,UNVALIDATED_MODEL,40.0,40.0,0.0,6,1,0.5,0.5,0.0,STRUCT+TIMING+SECTOR,default,default,default,70,20260805,20260805,,17.2,17.2,17.2,-12.0,-33.79,FRESH,0.291,,False,0.3,True,MATURE,11693.0,ALPHA_WIN_PROB,1.667,,1.667,0.0,실측 승률 36% < 필요 승률 37% (손익비 1.67) — 켈리 기준 미달,0.375,0.0,,v40_alpha_tilt,,,,,,True,6.3,ALPHA,ELITE_SCORE,MATURE,11693,2.4.0,OK,,100.0,ATTACK,OK,OK,OK,OK,OK,OK,OK,0,7,True,True,True,,0,GREEN,,,90.0,BUY,1,,0,0,0,0,,0.0,T=34<70,100.0,GREEN,,,0,False,0,ENTRY_READY_BUT_NOT_TOP_PICK,TOP_PICK=0,진입조건은 양호하나 공식 Top Pick 아님,50.0,ENTRY_CLEAN_OBSERVE,ENTRY_CLEAN_OBSERVE,NORMAL,0,0,0,0,0,0,0,0,0,CLEAR,,,0,0,0,0,0.0,,,,,,,,,,DISABLED_LOSS_DEFENSE,,,,,,True,False,True,True,False,True,True,True,0.0,0.0,0.0,0.0,20.0,0.0,0.0,0.0,20.0,0.5,False,True,False,4,False,0.0,0.0,G2RR×0.5 · G5추세붕괴4축,,0,0,0,,0.0,0,,False,0.0,0.0,False,,False,True,,0,96.0,90.0,0,0,CAUTION,중립/관찰,C,WATCH,0,0.2,관찰,시장폭 82.2 · 5일 -1.9%,51.21,6,162,0,54.55,151,,-4.0,13613.0,"진입 후 D+1 종가 13,613원(-4%) 이탈 시 익일 조기청산 권고",46.2,"최근 20거래일 유니버스 실측 2일 상승률 46.2% (n=6,245) · 종목별 유의차 미검증",NO_EDGE_VALIDATED,HIGH_AVOID,13187.0,15598.0,"⛔ 고위험 루트(진입보류 권고) · 손절 13,187(-7%)·본전전환 14,889(+5%)·1차익절 15,598(+10%) · ⚡ D+2내 14,464(+2%) 도달 시 절반 익절+잔여 본전 상향 (실측: 초반 급등 후 되돌림 -0.9%)",0,75.7,1,1,당일 신규진입 1종목 제한,alpha_gate_v32,WATCH,0.0,,,0,NEUTRAL,"중립 레짐 — KOSPI 20일선 아래, 시장폭 82% (실측: 본전 구간 → 진입 허용하되 사이즈 50%)",0.5,1,88.9,14889.0,0.3572,1,이 점수 구간의 과거 실측 승률 29% (표본 11693건) · 거래량 밀집가 대비 -21.8% — 가치영역 근접 (실측 표본 적음) · 손익비 1.7 (손절 -3.8% / 1차목표 +6.3%) · 변동성 응축 5일째 (스퀴즈 — 방향 분출 대기) · AI 알파모델 예측 상위 11% (OOS 검증 통과 모델 — 이 구간 실측 승률 36%),중립 레짐 — 사이즈 50% 권장,29.1,True,NEUTRAL,1,85.0,1,1,14464.0,,,,,1,1.0,,0,73.4,pctl>0.30,0,,0,1.0
33,323410,카카오뱅크,KOSPI,인터넷/플랫폼·게임,21550,267.36,102819.5,0.0,,NEUTRAL,ARMED,4,True,1,False,17.4,17.4,0.0,34.9,0.0,0.0,14.3,11.6,34.9,56.4,1.59,0.0,RR1.6 + 진입적정,1,21550.0,20100.0,23850.0,25000.0,,0.57,1.23,22381,-2.01,특이사항 없음,5,-0.24,39.6,-2.64,,,,알파 상위권 + 코일(스퀴즈/추세) — 진입 임박,NORMAL,82.2,은행 및 저축기관,26735870250.0,40.2,10.93,1,0,-1.37,1.89,0.0,-5.69,-8.88,-19.74,8.13,3.12,-47.52,0.944,0.365,0,8.7,0,0,1.16,0.26,0,0,0,0,1,19875.0,-3.71,0.0549,True,X,▼,21540,▲,O,X,1.37,250,0,-1,-1,1,29500.0,enter,100.0,SWING+PM_BLOCK_INTRADAY+EF:정상,6.73,4.0,1.6,normal,7.0,v1_sl_first_gap_at_open,SWING+PM_BLOCK_INTRADAY+EF:정상,SWING_20D,23,SWING_60D,5,SWING_120D,2,0.0,은행 및 저축기관,0.43333333333333296,8.643333333333333,14.0,31.0,0.0,0.04358634405038118,-0.017333531332631727,0.4,OK,0.0,UNVALIDATED_MODEL,35.94771965638524,35.94771965638524,0.0,6,1,0.5,0.5,0.0,STRUCT+TIMING+SECTOR,default,default,default,70,20260805,20260805,,17.4,17.4,17.4,-12.0,-33.79,FRESH,0.291,,False,0.3,True,MATURE,11693.0,ALPHA_WIN_PROB,1.586,,1.586,0.0,실측 승률 36% < 필요 승률 39% (손익비 1.59) — 켈리 기준 미달,0.3867,0.0,,v40_alpha_tilt,,,,,,True,10.7,ALPHA,ELITE_SCORE,MATURE,11693,2.4.0,OK,,100.0,ATTACK,OK,OK,OK,OK,OK,OK,OK,0,7,True,True,True,,0,GREEN,,,90.0,BUY,1,,0,0,0,0,,0.0,T=35<70,100.0,GREEN,,,0,False,0,ENTRY_READY_BUT_NOT_TOP_PICK,TOP_PICK=0,진입조건은 양호하나 공식 Top Pick 아님,50.0,ENTRY_CLEAN_OBSERVE,ENTRY_CLEAN_OBSERVE,NORMAL,0,0,0,0,0,0,0,0,0,CLEAR,,,0,0,0,0,0.0,,,,,,,,,,DISABLED_LOSS_DEFENSE,,,,,,True,False,True,True,True,True,True,True,0.0,0.0,0.0,0.0,0.0,0.0,0.0,0.0,0.0,0.5,False,False,False,2,False,7.2,0.5,G2RR×0.5,,0,0,0,,7.2,0,,False,0.0,0.0,False,,False,True,,0,84.0,84.0,0,0,CAUTION,중립/관찰,C,WATCH,0,0.2,관찰,시장폭 82.2 · 5일 1.9%,51.24,6,161,0,54.88,149,,-4.0,20688.0,"진입 후 D+1 종가 20,688원(-4%) 이탈 시 익일 조기청산 권고",46.2,"최근 20거래일 유니버스 실측 2일 상승률 46.2% (n=6,245) · 종목별 유의차 미검증",NO_EDGE_VALIDATED,HIGH_AVOID,20042.0,23705.0,"⛔ 고위험 루트(진입보류 권고) · 손절 20,042(-7%)·본전전환 22,628(+5%)·1차익절 23,705(+10%) · ⚡ D+2내 21,981(+2%) 도달 시 절반 익절+잔여 본전 상향 (실측: 초반 급등 후 되돌림 -0.9%)",0,75.7,1,1,당일 신규진입 1종목 제한,alpha_gate_v32,WATCH,0.0,,,0,NEUTRAL,"중립 레짐 — KOSPI 20일선 아래, 시장폭 82% (실측: 본전 구간 → 진입 허용하되 사이즈 50%)",0.5,1,88.5,22628.0,0.3572,1,이 점수 구간의 과거 실측 승률 29% (표본 11693건) · 거래량 밀집가 대비 -2.0% — 가치영역 근접 (실측 표본 적음) · 손익비 1.6 (손절 -6.7% / 1차목표 +10.7%) · 변동성 응축 5일째 (스퀴즈 — 방향 분출 대기) · AI 알파모델 예측 상위 12% (OOS 검증 통과 모델 — 이 구간 실측 승률 36%),중립 레짐 — 사이즈 50% 권장,29.1,True,NEUTRAL,1,85.0,1,1,21981.0,,,,,1,1.0,,0,72.4,pctl>0.30,0,,0,1.0
34,028670,팬오션,KOSPI,기타,5860,272.43,31325.8,0.0,0.0,WAIT,OVERHEAT,3,False,0,False,73.9,73.9,47.8,100.0,0.0,0.0,47.5,49.3,100.0,0.0,1.13,1.6,RR1.1 + 진입적정,0,5770.0,5310.0,6480.0,7010.0,,1.24,1.53,5370,9.34,특이사항 없음,5,-0.31,61.2,12.74,TIMING 강점,,5일 급등,"과열(급등·MFI·RSI) — 실측 역신호, 관망",NORMAL,82.2,해상 운송업,27243439140.0,56.3,18.25,1,0,3.9,18.15,15.35,15.13,-2.01,17.32,28.95,9.99,-10.46,0.086,0.086,1,12.0,0,1,1.3,0.96,0,0,0,1,1,4448.0,9.12,0.2841,False,O,▲,5281,▲,O,X,0.0,250,0,1,1,1,,enter,100.0,NORMAL+PM_BLOCK_INTRADAY+EF:정상,7.97,5.0,1.5,normal,7.0,v1_sl_first_gap_at_open,NORMAL+PM_BLOCK_INTRADAY+EF:정상,ATR_2x,23,ATR_3.5x,12,,0,0.0,해상 운송업,22.15142857142857,8.541428571428572,9.0,30.4,0.0,0.060397367137981474,-0.0238379164845192,0.1,OK,0.0,UNVALIDATED_MODEL,89.34667078987624,89.34667078987624,0.0,8,1,0.5,0.5,0.0,STRUCT+TIMING+SECTOR,breakout,79.3,5.0,70,20260805,20260805,,73.9,73.9,73.9,-12.0,-33.79,FRESH,0.189,elite_low_wr_0.19,True,0.511,False,MATURE,11693.0,ALPHA_WIN_PROB,1.543,,1.543,0.0,상태 OVERHEAT — 신규진입 상태 아님(사이징 제외),0.3932,0.0,0.0,v40_alpha_tilt,,,,,,True,10.6,,ELITE_SCORE,MATURE,11693,2.4.0,OK,,100.0,ATTACK,OK,OK,OK,OK,OK,OK,OK,0,7,True,True,True,,0,GREEN,,,75.0,BUY,1,,0,0,0,1,STRONG,75.0,T=100·S=48,100.0,GREEN,,,0,False,0,BELOW_OFFICIAL_BAR,TOP_PICK=0,,38.0,IGNORE,IGNORE,NORMAL,0,0,0,0,0,0,0,0,0,CLEAR,,,0,0,0,0,0.0,,,,,,,,,,DISABLED_LOSS_DEFENSE,,,,,,True,True,True,True,True,True,True,True,0.0,0.0,0.0,0.0,0.0,0.0,0.0,0.0,0.0,1.0,False,False,False,0,True,47.5,1.0,,,0,0,0,,47.5,0,,False,0.0,0.0,False,,False,True,,0,82.0,81.0,0,0,CAUTION,5일 상승 18.1% > 5%,B,REALISTIC_RR,0,0.35,관찰 후보,현실형 RR · 시장폭 82.2 · 5일 18.1%,87.07,6,7,0,92.76,2,모멘텀확인강(PMS87),-4.0,5539.0,"진입 후 D+1 종가 5,539원(-4%) 이탈 시 익일 조기청산 권고",46.2,"최근 20거래일 유니버스 실측 2일 상승률 46.2% (n=6,245) · 종목별 유의차 미검증",NO_EDGE_VALIDATED,OK,5366.0,6347.0,"손절 5,366(-7%)·본전전환 6,058(+5%)·1차익절 6,347(+10%) · ⚡ D+2내 5,885(+2%) 도달 시 절반 익절+잔여 본전 상향 (실측: 초반 급등 후 되돌림 -0.9%)",0,75.4,0,0,알파 65점 (진입선 85점 미달) · 손익비 1.13,alpha_gate_v32,WATCH,0.0,,,0,NEUTRAL,"중립 레짐 — KOSPI 20일선 아래, 시장폭 82% (실측: 본전 구간 → 진입 허용하되 사이즈 50%)",0.5,1,64.7,6058.0,0.3233,1,이 점수 구간의 과거 실측 승률 19% (표본 11693건) · 거래량 밀집가 대비 +9.3% — 가치영역 근접 (실측 승률 40%) · 손익비 1.1 (손절 -9.4% / 1차목표 +10.6%) · 변동성 응축 5일째 (스퀴즈 — 방향 분출 대기),중립 레짐 — 사이즈 50% 권장,18.9,True,WAIT,1,85.0,1,0,5885.0,,,,,1,1.0,,0,72.1,pctl>0.30,0,,0,1.0
35,140410,메지온,KOSDAQ,기타,56900,89.76,17414.8,0.0,,WAIT,ARMED,3,True,0,False,22.8,22.8,23.1,22.6,0.0,0.0,16.1,15.2,23.1,71.1,2.44,1.6,RR2.4 + 진입적정,0,56000.0,51500.0,70100.0,85200.0,,-0.52,0.88,62677,-35.29,특이사항 없음,4,9.05,51.7,3.33,저점추세 양호,,,알파 상위권 + 코일(스퀴즈/추세) — 진입 임박,NORMAL,82.2,자연과학 및 공학 연구개발업,8975965950.0,34.4,25.61,1,0,4.6,9.0,10.92,-1.56,-31.03,-61.76,2.25,2.76,-33.9,0.95,0.093,0,12.0,1,0,0.7,0.46,0,0,0,1,1,43135.0,-9.22,0.2243,False,X,▼,57855,▲,X,X,3.68,250,0,-1,-1,1,88000.0,enter,100.0,NORMAL+PM_BLOCK_INTRADAY+EF:정상,8.04,5.0,3.1,normal,7.0,v1_sl_first_gap_at_open,NORMAL+PM_BLOCK_INTRADAY+EF:정상,SWING_20D,23,SWING_60D,5,VP_RESISTANCE,5,0.0,자연과학 및 공학 연구개발업,22.15142857142857,8.541428571428572,9.0,47.2,0.0,0.11580466984684912,-0.23449326070941962,0.5454545454545454,OK,0.0,UNVALIDATED_MODEL,20.323985035255635,20.323985035255635,0.0,8,1,0.5,0.5,0.0,STRUCT+TIMING+SECTOR,default,default,default,70,20260805,20260805,,22.8,22.8,22.8,-12.0,-33.79,FRESH,0.291,elite_low_wr_0.29,True,0.3,True,MATURE,11693.0,ALPHA_WIN_PROB,3.133,,1.81,0.0,실측 승률 34% < 필요 승률 36% (손익비 1.81) — 켈리 기준 미달,0.3559,0.0,,v40_alpha_tilt,,,,,,True,23.2,,ELITE_SCORE,MATURE,11693,2.4.0,OK,,100.0,ATTACK,OK,OK,OK,OK,OK,OK,OK,0,7,True,True,True,,0,GREEN,,,100.0,BUY,1,,0,0,0,0,,0.0,T=23<70,100.0,GREEN,,,0,False,0,ENTRY_READY_BUT_NOT_TOP_PICK,TOP_PICK=0,진입조건은 양호하나 공식 Top Pick 아님,50.0,ENTRY_CLEAN_OBSERVE,ENTRY_CLEAN_OBSERVE,NORMAL,0,0,0,0,0,0,0,0,0,CLEAR,,,0,0,0,0,0.0,,,,,,,,,,DISABLED_LOSS_DEFENSE,,,,,,True,False,True,True,True,True,True,True,0.0,0.0,0.0,0.0,0.0,0.0,0.0,0.0,0.0,0.5,False,False,False,1,False,8.0,0.5,G2RR×0.5,,0,0,0,,8.0,0,,False,0.0,0.0,False,,False,True,,0,76.0,70.0,0,0,CAUTION,5일 상승 9.0% > 5%,C,WATCH,0,0.2,관찰,시장폭 82.2 · 5일 9.0%,44.69,6,202,0,53.85,155,,-4.0,53760.0,"진입 후 D+1 종가 53,760원(-4%) 이탈 시 익일 조기청산 권고",46.2,"최근 20거래일 유니버스 실측 2일 상승률 46.2% (n=6,245) · 종목별 유의차 미검증",NO_EDGE_VALIDATED,OK,52080.0,61600.0,"손절 52,080(-7%)·본전전환 58,800(+5%)·1차익절 61,600(+10%) · ⚡ D+2내 57,120(+2%) 도달 시 절반 익절+잔여 본전 상향 (실측: 초반 급등 후 되돌림 -0.9%)",0,75.3,0,0,알파 77점 (진입선 85점 미달),alpha_gate_v32,WATCH,0.0,,,0,NEUTRAL,"중립 레짐 — KOSPI 20일선 아래, 시장폭 82% (실측: 본전 구간 → 진입 허용하되 사이즈 50%)",0.5,1,77.4,58800.0,0.3379,1,이 점수 구간의 과거 실측 승률 29% (표본 11693건) · 거래량 밀집가 대비 -35.3% — 가치영역 근접 (실측 표본 적음) · 손익비 2.4 (손절 -9.5% / 1차목표 +23.2%) · 변동성 응축 4일째 (스퀴즈 — 방향 분출 대기) · 저점 상승 추세 9% (바닥이 높아지는 중) · AI 알파모델 예측 상위 23% (OOS 검증 통과 모델 — 이 구간 실측 승률 34%),중립 레짐 — 사이즈 50% 권장,29.1,True,WAIT,1,85.0,1,0,57120.0,,,,,1,1.0,,0,91.0,pctl>0.30,0,,0,1.0
36,128940,한미약품,KOSPI,바이오·의약품,380000,373.89,48681.8,0.0,0.0,WAIT,OVERHEAT,3,False,1,False,36.2,36.2,21.5,51.0,0.0,0.0,25.6,24.2,51.0,36.2,1.8,0.0,RR1.8 + 진입적정,0,380000.0,349500.0,435000.0,513000.0,,2.74,1.01,440488,-25.81,특이사항 없음,0,-11.7,48.8,2.18,,,5일 급등,"과열(급등·MFI·RSI) — 실측 역신호, 관망",NORMAL,82.2,의약품 제조업,37389024000.0,50.7,27.78,0,0,0.53,18.01,2.98,-11.63,-12.84,-29.76,2.19,-0.84,-57.54,0.945,0.169,0,12.0,0,0,1.19,0.59,0,0,0,1,-1,395800.0,-13.73,0.4861,False,X,▼,343662,▲,O,X,-0.53,250,0,-1,-1,1,578000.0,enter,100.0,NORMAL+PM_BLOCK_INTRADAY+EF:정상,8.03,5.0,1.8,normal,7.0,v1_sl_first_gap_at_open,NORMAL+PM_BLOCK_INTRADAY+EF:정상,SWING_20D,23,VP_RESISTANCE,2,SWING_60D,2,0.0,의약품 제조업,18.360833333333336,7.888333333333333,12.0,36.1,0.0,0.06889097744360902,-0.032393067468896884,0.5,OK,0.0,UNVALIDATED_MODEL,59.37000962863702,59.37000962863702,0.0,6,1,0.5,0.5,0.0,STRUCT+TIMING+SECTOR,default,default,default,70,20260805,20260805,,36.2,36.2,36.2,-12.0,-33.79,FRESH,0.288,,False,0.3,True,MATURE,11693.0,ALPHA_WIN_PROB,1.803,,1.803,0.0,상태 OVERHEAT — 신규진입 상태 아님(사이징 제외),0.3567,0.0,0.0,v40_alpha_tilt,,,,,,True,14.5,,ELITE_SCORE,MATURE,11693,2.4.0,OK,,100.0,ATTACK,OK,OK,OK,OK,OK,OK,OK,0,7,True,True,True,,0,GREEN,,,100.0,BUY,1,,0,0,0,0,,0.0,T=51<70,100.0,GREEN,,,0,False,0,ENTRY_READY_BUT_NOT_TOP_PICK,TOP_PICK=0,진입조건은 양호하나 공식 Top Pick 아님,50.0,ENTRY_CLEAN_OBSERVE,ENTRY_CLEAN_OBSERVE,NORMAL,0,0,0,0,0,0,0,0,0,CLEAR,,,0,0,0,0,0.0,,,,,,,,,,DISABLED_LOSS_DEFENSE,,,,,,True,False,True,True,True,True,True,True,0.0,0.0,0.0,0.0,0.0,0.0,0.0,0.0,0.0,0.5,False,False,False,2,False,12.8,0.5,G2RR×0.5,,0,0,0,,12.8,0,,False,0.0,0.0,False,,False,True,,0,70.0,68.0,0,0,CAUTION,5일 상승 18.0% > 5%,C,WATCH,0,0.2,관찰,시장폭 82.2 · 5일 18.0%,58.93,6,107,0,69.64,58,,-4.0,364800.0,"진입 후 D+1 종가 364,800원(-4%) 이탈 시 익일 조기청산 권고",46.2,"최근 20거래일 유니버스 실측 2일 상승률 46.2% (n=6,245) · 종목별 유의차 미검증",NO_EDGE_VALIDATED,OK,353400.0,418000.0,"손절 353,400(-7%)·본전전환 399,000(+5%)·1차익절 418,000(+10%) · ⚡ D+2내 387,600(+2%) 도달 시 절반 익절+잔여 본전 상향 (실측: 초반 급등 후 되돌림 -0.9%)",0,73.6,0,0,알파 76점 (진입선 85점 미달),alpha_gate_v32,WATCH,0.0,,,0,NEUTRAL,"중립 레짐 — KOSPI 20일선 아래, 시장폭 82% (실측: 본전 구간 → 진입 허용하되 사이즈 50%)",0.5,1,76.5,399000.0,0.3379,1,이 점수 구간의 과거 실측 승률 29% (표본 11693건) · 거래량 밀집가 대비 -25.8% — 가치영역 근접 (실측 표본 적음) · 손익비 1.8 (손절 -8.0% / 1차목표 +14.5%) · AI 알파모델 예측 상위 24% (OOS 검증 통과 모델 — 이 구간 실측 승률 34%),중립 레짐 — 사이즈 50% 권장,28.8,True,WAIT,1,85.0,1,0,387600.0,,,,,1,1.0,,0,42.1,pctl>0.30,0,,0,1.0
37,007390,네이처셀,KOSDAQ,기타,22150,117.83,14272.4,0.0,0.0,WAIT,WAIT,3,False,1,True,34.2,34.2,17.7,50.8,0.0,0.0,24.6,22.8,50.8,36.5,3.39,0.0,RR3.4 + 진입적정,0,22150.0,20350.0,28250.0,36950.0,,-0.1,1.05,27710,19.74,특이사항 없음,4,-4.2,35.1,-6.36,,,,추세 관망,NORMAL,82.2,기초 의약물질 제조업,11782555675.0,49.7,29.16,0,0,0.91,-2.42,-2.21,-3.9,16.15,-7.71,-0.09,49.94,20.15,0.575,0.21,1,12.0,1,0,1.77,0.21,0,0,0,0,1,17655.0,-20.07,-0.0855,False,X,▲,21854,▼,O,X,1.59,250,0,1,1,1,42500.0,enter,100.0,NORMAL+PM_BLOCK_INTRADAY+EF:정상,8.13,5.0,3.4,normal,7.0,v1_sl_first_gap_at_open,NORMAL+PM_BLOCK_INTRADAY+EF:정상,SWING_20D,12,SWING_60D,2,FIBO_1.272,2,0.0,기초 의약물질 제조업,22.15142857142857,8.541428571428572,9.0,42.4,0.0,0.08868107062237987,-0.00924042637473047,0.30434782608695654,OK,0.0,UNVALIDATED_MODEL,41.227953010520466,41.227953010520466,0.0,2,0,0.5,0.5,0.0,STRUCT+TIMING+SECTOR,default,default,default,70,20260805,20260805,,34.2,34.2,34.2,-12.0,-33.79,FRESH,0.291,,False,0.3,True,MATURE,11693.0,ALPHA_WIN_PROB,3.389,,1.81,0.0,상태 WAIT — 신규진입 상태 아님(사이징 제외),0.3559,0.0,0.0,v40_alpha_tilt,,,,,,True,27.5,,ELITE_SCORE,MATURE,11693,2.4.0,OK,,100.0,ATTACK,OK,OK,OK,OK,OK,OK,OK,0,7,True,True,True,,0,GREEN,,,90.0,BUY,1,,0,0,0,0,,0.0,T=51<70,100.0,GREEN,,,0,False,0,ENTRY_READY_BUT_NOT_TOP_PICK,TOP_PICK=0,진입조건은 양호하나 공식 Top Pick 아님,45.0,ENTRY_CLEAN_OBSERVE,ENTRY_CLEAN_OBSERVE,NORMAL,0,0,0,0,0,0,0,0,0,CLEAR,,,0,0,0,0,0.0,,,,,,,,,,DISABLED_LOSS_DEFENSE,,,,,,True,False,True,True,False,True,True,True,0.0,0.0,0.0,0.0,20.0,0.0,0.0,0.0,20.0,0.5,False,True,False,3,False,0.0,0.0,G2RR×0.5 · G5추세붕괴3축,,0,0,0,,0.0,0,,False,0.0,0.0,False,,False,True,,0,92.0,89.0,0,0,CAUTION,중립/관찰,C,WATCH,0,0.2,관찰,시장폭 82.2 · 5일 -2.4%,44.45,6,203,0,61.16,108,,-4.0,21264.0,"진입 후 D+1 종가 21,264원(-4%) 이탈 시 익일 조기청산 권고",46.2,"최근 20거래일 유니버스 실측 2일 상승률 46.2% (n=6,245) · 종목별 유의차 미검증",NO_EDGE_VALIDATED,OK,20600.0,24365.0,"손절 20,600(-7%)·본전전환 23,258(+5%)·1차익절 24,365(+10%) · ⚡ D+2내 22,593(+2%) 도달 시 절반 익절+잔여 본전 상향 (실측: 초반 급등 후 되돌림 -0.9%)",0,73.4,0,0,알파 48점 (진입선 85점 미달),alpha_gate_v32,WATCH,0.0,,,0,NEUTRAL,"중립 레짐 — KOSPI 20일선 아래, 시장폭 82% (실측: 본전 구간 → 진입 허용하되 사이즈 50%)",0.5,1,48.3,23258.0,0.2713,1,이 점수 구간의 과거 실측 승률 29% (표본 11693건) · 거래량 밀집가 대비 +19.7% — 가치영역 근접 (실측 승률 48%) · 손익비 3.4 (손절 -8.1% / 1차목표 +27.5%) · 변동성 응축 4일째 (스퀴즈 — 방향 분출 대기),중립 레짐 — 사이즈 50% 권장,29.1,True,WAIT,1,85.0,1,0,22593.0,,,,,1,1.0,,0,61.6,pctl>0.30,0,,0,1.0
38,032830,삼성생명,KOSPI,금융,294000,1830.78,588000.0,0.0,0.0,WAIT,WAIT,3,False,0,True,28.9,28.9,12.2,45.6,0.0,0.0,21.4,19.3,45.6,43.0,2.57,1.6,RR2.6 + 진입적정,0,289500.0,266000.0,366000.0,517000.0,,-0.1,1.24,363232,27.71,특이사항 없음,0,-16.47,40.4,-5.25,,,저점 이탈,추세 관망,NORMAL,82.2,보험업,183077762549.0,48.6,31.22,0,0,5.76,10.73,-8.13,-21.6,-0.34,53.36,-7.78,11.66,25.58,0.534,0.196,1,12.0,1,0,1.14,0.4,0,0,0,0,-1,347325.0,-19.06,0.4313,False,X,▲,278086,▼,O,X,5.94,250,0,1,1,1,,enter,100.0,NORMAL+PM_BLOCK_INTRADAY+EF:정상,8.12,4.0,3.3,normal,7.0,v1_sl_first_gap_at_open,NORMAL+PM_BLOCK_INTRADAY+EF:정상,SWING_20D,12,SWING_60D,2,,0,0.0,보험업,14.904375,12.145312500000001,11.0,83.2,0.0,0.09384110787172012,-0.10023363700215457,0.13333333333333333,OK,0.0,UNVALIDATED_MODEL,50.0,50.0,0.0,4,1,0.5,0.5,0.0,STRUCT+TIMING+SECTOR,default,default,default,70,20260805,20260805,,28.9,28.9,28.9,-12.0,-33.79,FRESH,0.291,,False,0.3,True,MATURE,11693.0,ALPHA_WIN_PROB,3.255,,1.81,0.0,상태 WAIT — 신규진입 상태 아님(사이징 제외),0.3559,0.0,0.0,v40_alpha_tilt,,,,,,True,24.5,,ELITE_SCORE,MATURE,11693,2.4.0,OK,,100.0,ATTACK,OK,OK,OK,OK,OK,OK,OK,0,7,True,True,True,,0,GREEN,,,100.0,BUY,1,,0,0,0,0,,0.0,T=46<70,100.0,GREEN,,,0,False,0,ENTRY_READY_BUT_NOT_TOP_PICK,TOP_PICK=0,진입조건은 양호하나 공식 Top Pick 아님,50.0,ENTRY_CLEAN_OBSERVE,ENTRY_CLEAN_OBSERVE,NORMAL,0,0,0,0,0,0,0,0,0,CLEAR,,,0,0,0,0,0.0,,,,,,,,,,DISABLED_LOSS_DEFENSE,,,,,,True,False,True,True,False,True,True,True,0.0,0.0,0.0,0.0,20.0,0.0,0.0,0.0,20.0,0.5,False,True,False,3,False,0.0,0.0,G2RR×0.5 · G5추세붕괴3축,,0,0,0,,0.0,0,,False,0.0,0.0,False,,False,True,,0,66.0,55.0,0,0,CAUTION,5일 상승 10.7% > 5%,C,WATCH,0,0.2,관찰,시장폭 82.2 · 5일 10.7%,55.29,6,132,0,63.79,97,,-4.0,277920.0,"진입 후 D+1 종가 277,920원(-4%) 이탈 시 익일 조기청산 권고",46.2,"최근 20거래일 유니버스 실측 2일 상승률 46.2% (n=6,245) · 종목별 유의차 미검증",NO_EDGE_VALIDATED,OK,269235.0,318450.0,"손절 269,235(-7%)·본전전환 303,975(+5%)·1차익절 318,450(+10%) · ⚡ D+2내 295,290(+2%) 도달 시 절반 익절+잔여 본전 상향 (실측: 초반 급등 후 되돌림 -0.9%)",0,72.9,0,0,알파 20점 (진입선 85점 미달) · POC 확장 28% (추격 위험),alpha_gate_v32,WATCH,0.0,,,1,NEUTRAL,"중립 레짐 — KOSPI 20일선 아래, 시장폭 82% (실측: 본전 구간 → 진입 허용하되 사이즈 50%)",0.5,1,19.5,303975.0,0.2489,1,이 점수 구간의 과거 실측 승률 29% (표본 11693건) · 손익비 2.6 (손절 -9.5% / 1차목표 +24.5%),중립 레짐 — 사이즈 50% 권장 · 거래량 밀집가 대비 +27.7% 확장 (실측 승률 20% — 추격 위험) · AI 알파모델 예측 하위 20% — 이 구간 실측 승률 25% — 픽 제외 구간,29.1,False,WAIT,1,85.0,1,0,295290.0,,,,,0,1.0,,0,25.7,pctl>0.30,0,,0,1.0
39,023530,롯데쇼핑,KOSPI,유통·소비재,114300,234.89,32334.0,0.0,0.0,NEUTRAL,WAIT,4,False,1,True,27.6,27.6,0.0,55.1,0.0,0.0,21.4,18.4,55.1,31.1,2.3,0.0,RR2.3 + 진입적정,0,114300.0,106200.0,132900.0,175300.0,,-0.81,1.37,161195,1.34,특이사항 없음,0,-12.12,24.4,-13.79,,,저점 이탈,추세 관망,NORMAL,82.2,종합 소매업,23488613650.0,30.6,48.27,0,0,-0.35,-2.47,-14.96,-34.54,-17.23,18.45,-20.72,-5.23,-9.33,0.63,0.145,1,12.0,0,0,1.08,0.07,0,0,0,0,-1,140350.0,-29.09,0.3985,True,X,▲,110804,▼,O,X,1.31,250,0,1,1,1,211000.0,enter,100.0,SWING+PM_BLOCK_INTRADAY+EF:정상,7.09,5.0,2.3,normal,7.0,v1_sl_first_gap_at_open,SWING+PM_BLOCK_INTRADAY+EF:정상,ATR_2x,23,SWING_20D,2,SWING_60D,2,0.0,종합 소매업,-1.063076923076923,-0.3392307692307692,16.0,63.9,0.0,0.08098987626546682,-0.1356607389839285,0.3382352941176471,OK,0.0,UNVALIDATED_MODEL,49.57134540037869,49.57134540037869,0.0,2,0,0.5,0.5,0.0,STRUCT+TIMING+SECTOR,default,default,default,70,20260805,20260805,,27.6,27.6,27.6,-12.0,-33.79,FRESH,0.291,,False,0.3,True,MATURE,11693.0,ALPHA_WIN_PROB,2.296,,1.81,0.0,상태 WAIT — 신규진입 상태 아님(사이징 제외),0.3559,0.0,0.0,v40_alpha_tilt,,,,,,True,16.3,,ELITE_SCORE,MATURE,11693,2.4.0,OK,,100.0,ATTACK,OK,OK,OK,OK,OK,OK,OK,0,7,True,True,True,,0,GREEN,,,90.0,BUY,1,,0,0,0,0,,0.0,T=55<70,100.0,GREEN,,,0,False,0,ENTRY_READY_BUT_NOT_TOP_PICK,TOP_PICK=0,진입조건은 양호하나 공식 Top Pick 아님,45.0,ENTRY_CLEAN_OBSERVE,ENTRY_CLEAN_OBSERVE,NORMAL,0,0,0,0,0,0,0,0,0,CLEAR,,,0,0,0,0,0.0,,,,,,,,,,DISABLED_LOSS_DEFENSE,,,,,,True,False,True,True,False,True,True,True,0.0,0.0,0.0,0.0,20.0,0.0,0.0,0.0,20.0,0.5,False,True,False,3,False,0.0,0.0,G2RR×0.5 · G5추세붕괴3축,,0,0,0,,0.0,0,,False,0.0,0.0,False,,False,True,,0,80.0,79.0,0,0,CAUTION,중립/관찰,C,WATCH,0,0.2,관찰,시장폭 82.2 · 5일 -2.5%,46.57,6,193,0,59.43,123,,-4.0,109728.0,"진입 후 D+1 종가 109,728원(-4%) 이탈 시 익일 조기청산 권고",46.2,"최근 20거래일 유니버스 실측 2일 상승률 46.2% (n=6,245) · 종목별 유의차 미검증",NO_EDGE_VALIDATED,HIGH_AVOID,106299.0,125730.0,"⛔ 고위험 루트(진입보류 권고) · 손절 106,299(-7%)·본전전환 120,015(+5%)·1차익절 125,730(+10%) · ⚡ D+2내 116,586(+2%) 도달 시 절반 익절+잔여 본전 상향 (실측: 초반 급등 후 되돌림 -0.9%)",0,72.8,0,0,알파 42점 (진입선 85점 미달),alpha_gate_v32,WATCH,0.0,,,0,NEUTRAL,"중립 레짐 — KOSPI 20일선 아래, 시장폭 82% (실측: 본전 구간 → 진입 허용하되 사이즈 50%)",0.5,1,42.1,120015.0,0.2713,1,이 점수 구간의 과거 실측 승률 29% (표본 11693건) · 거래량 밀집가 대비 +1.3% — 가치영역 근접 (실측 승률 40%) · 손익비 2.3 (손절 -7.1% / 1차목표 +16.3%),중립 레짐 — 사이즈 50% 권장,29.1,True,NEUTRAL,1,85.0,1,0,116586.0,,,,,1,1.0,,0,40.6,pctl>0.30,0,,0,1.0
40,000810,삼성화재,KOSPI,금융,637000,307.15,284404.4,0.0,,WAIT,ARMED,3,True,1,False,46.6,46.6,40.7,52.4,0.0,0.0,31.1,31.0,52.4,34.5,1.25,0.0,RR1.2 + 진입적정,0,637000.0,586000.0,701000.0,757000.0,,1.93,0.41,621943,30.45,특이사항 없음,4,-2.23,46.3,0.58,,,,알파 상위권 + 코일(스퀴즈/추세) — 진입 임박,NORMAL,82.2,보험업,30714971000.0,46.2,15.96,1,0,2.74,8.52,1.11,-6.6,27.66,26.64,7.22,39.66,-1.14,0.177,0.177,1,12.0,1,0,0.96,0.51,0,0,0,1,1,582500.0,2.42,0.1484,False,O,▲,614620,▲,O,X,-0.16,250,0,1,1,1,773000.0,enter,100.0,NORMAL+PM_BLOCK_INTRADAY+EF:정상,8.01,4.0,1.3,normal,7.0,v1_sl_first_gap_at_open,NORMAL+PM_BLOCK_INTRADAY+EF:정상,SWING_20D,23,SWING_60D,12,ATR_3.5x,12,0.0,보험업,14.904375,12.145312500000001,11.0,33.9,0.0,0.060888091500336396,0.6802050529650399,0.18181818181818182,OK,0.0,UNVALIDATED_MODEL,32.82011250098502,32.82011250098502,0.0,6,1,0.5,0.5,0.0,STRUCT+TIMING+SECTOR,default,default,default,70,20260805,20260805,,46.6,46.6,46.6,-12.0,-33.79,FRESH,0.263,elite_low_wr_0.26,True,0.3,True,MATURE,11693.0,ALPHA_WIN_PROB,1.255,,1.255,0.0,실측 승률 34% < 필요 승률 44% (손익비 1.25) — 켈리 기준 미달,0.4435,0.0,,v40_alpha_tilt,,,,,,True,10.0,,ELITE_SCORE,MATURE,11693,2.4.0,OK,,100.0,ATTACK,OK,OK,OK,OK,OK,OK,OK,0,7,True,True,True,,0,GREEN,,,100.0,BUY,1,,0,0,0,0,,0.0,T=52<70,100.0,GREEN,,,0,False,0,BELOW_OFFICIAL_BAR,TOP_PICK=0,,35.0,IGNORE,IGNORE,NORMAL,0,0,0,0,0,0,0,0,0,CLEAR,,,0,0,0,0,0.0,,,,,,,,,,DISABLED_LOSS_DEFENSE,,,,,,True,False,True,True,True,True,True,True,0.0,0.0,0.0,0.0,0.0,0.0,0.0,0.0,0.0,0.5,False,False,False,0,False,15.6,0.5,G2RR×0.5,,0,0,0,,15.6,0,,False,0.0,0.0,False,,False,True,,0,76.0,80.0,0,0,CAUTION,5일 상승 8.5% > 5%,B,REALISTIC_RR,0,0.35,관찰 후보,현실형 RR · 시장폭 82.2 · 5일 8.5%,56.66,6,120,0,73.22,38,,-4.0,611520.0,"진입 후 D+1 종가 611,520원(-4%) 이탈 시 익일 조기청산 권고",46.2,"최근 20거래일 유니버스 실측 2일 상승률 46.2% (n=6,245) · 종목별 유의차 미검증",NO_EDGE_VALIDATED,OK,592410.0,700700.0,"손절 592,410(-7%)·본전전환 668,850(+5%)·1차익절 700,700(+10%) · ⚡ D+2내 649,740(+2%) 도달 시 절반 익절+잔여 본전 상향 (실측: 초반 급등 후 되돌림 -0.9%)",0,72.7,0,0,알파 71점 (진입선 85점 미달) · 손익비 1.25 · POC 확장 30% (추격 위험),alpha_gate_v32,WATCH,0.0,,,1,NEUTRAL,"중립 레짐 — KOSPI 20일선 아래, 시장폭 82% (실측: 본전 구간 → 진입 허용하되 사이즈 50%)",0.5,1,70.9,668850.0,0.3379,1,이 점수 구간의 과거 실측 승률 26% (표본 11693건) · 손익비 1.2 (손절 -8.0% / 1차목표 +10.0%) · 변동성 응축 4일째 (스퀴즈 — 방향 분출 대기) · AI 알파모델 예측 상위 29% (OOS 검증 통과 모델 — 이 구간 실측 승률 34%),중립 레짐 — 사이즈 50% 권장 · 거래량 밀집가 대비 +30.4% 확장 (실측 승률 12~23% — 추격 위험),26.3,False,WAIT,1,85.0,1,0,649740.0,,,,,1,1.0,,0,67.2,pctl>0.30,0,,0,1.0
41,161390,한국타이어앤테크놀로지,KOSPI,화학·소재,67700,274.86,83863.4,0.0,0.0,NEUTRAL,WAIT,4,False,1,True,23.9,23.9,6.4,41.4,0.0,0.0,18.4,15.9,41.4,48.2,1.8,0.0,RR1.8 + 진입적정,0,67700.0,62200.0,77600.0,83700.0,,-0.45,1.02,66749,13.92,특이사항 없음,2,-4.36,43.2,-3.04,,,,추세 관망,NORMAL,82.2,고무제품 제조업,27485551550.0,49.9,16.56,0,0,0.0,2.73,-6.49,-8.64,9.02,1.65,5.18,21.02,-26.13,0.342,0.342,1,12.0,0,0,1.17,0.29,0,0,0,0,1,60020.0,1.42,0.1109,False,O,▲,66215,▼,O,X,0.89,250,0,1,-1,1,90800.0,enter,100.0,NORMAL+PM_BLOCK_INTRADAY+EF:정상,8.12,4.0,1.8,normal,7.0,v1_sl_first_gap_at_open,NORMAL+PM_BLOCK_INTRADAY+EF:정상,SWING_20D,23,ATR_3.5x,12,FIBO_1.618,2,0.0,고무제품 제조업,18.9472,9.67,10.0,23.1,0.0,0.06731377927832875,-0.09347407496293393,0.7647058823529411,OK,0.0,UNVALIDATED_MODEL,32.7964666373641,32.7964666373641,0.0,4,1,0.5,0.5,0.0,STRUCT+TIMING+SECTOR,default,default,default,70,20260805,20260805,,23.9,23.9,23.9,-12.0,-33.79,FRESH,0.291,,False,0.3,True,MATURE,11693.0,ALPHA_WIN_PROB,1.8,,1.8,0.0,상태 WAIT — 신규진입 상태 아님(사이징 제외),0.3571,0.0,0.0,v40_alpha_tilt,,,,,,True,14.6,,ELITE_SCORE,MATURE,11693,2.4.0,OK,,100.0,ATTACK,OK,OK,OK,OK,OK,OK,OK,0,7,True,True,True,,0,GREEN,,,90.0,BUY,1,,0,0,0,0,,0.0,T=41<70,100.0,GREEN,,,0,False,0,ENTRY_READY_BUT_NOT_TOP_PICK,TOP_PICK=0,진입조건은 양호하나 공식 Top Pick 아님,50.0,ENTRY_CLEAN_OBSERVE,ENTRY_CLEAN_OBSERVE,NORMAL,0,0,0,0,0,0,0,0,0,CLEAR,,,0,0,0,0,0.0,,,,,,,,,,DISABLED_LOSS_DEFENSE,,,,,,True,False,True,True,True,True,True,True,0.0,0.0,0.0,0.0,0.0,0.0,0.0,0.0,0.0,0.5,False,False,False,2,False,9.2,0.5,G2RR×0.5,,0,0,0,,9.2,0,,False,0.0,0.0,False,,False,True,,0,84.0,88.0,0,0,CAUTION,중립/관찰,C,WATCH,0,0.2,관찰,시장폭 82.2 · 5일 2.7%,56.14,6,126,0,61.51,107,,-4.0,64992.0,"진입 후 D+1 종가 64,992원(-4%) 이탈 시 익일 조기청산 권고",46.2,"최근 20거래일 유니버스 실측 2일 상승률 46.2% (n=6,245) · 종목별 유의차 미검증",NO_EDGE_VALIDATED,HIGH_AVOID,62961.0,74470.0,"⛔ 고위험 루트(진입보류 권고) · 손절 62,961(-7%)·본전전환 71,085(+5%)·1차익절 74,470(+10%) · ⚡ D+2내 69,054(+2%) 도달 시 절반 익절+잔여 본전 상향 (실측: 초반 급등 후 되돌림 -0.9%)",0,72.4,0,0,알파 74점 (진입선 85점 미달),alpha_gate_v32,WATCH,0.0,,,0,NEUTRAL,"중립 레짐 — KOSPI 20일선 아래, 시장폭 82% (실측: 본전 구간 → 진입 허용하되 사이즈 50%)",0.5,1,74.0,71085.0,0.3379,1,이 점수 구간의 과거 실측 승률 29% (표본 11693건) · 거래량 밀집가 대비 +13.9% — 가치영역 근접 (실측 승률 48%) · 손익비 1.8 (손절 -8.1% / 1차목표 +14.6%) · AI 알파모델 예측 상위 26% (OOS 검증 통과 모델 — 이 구간 실측 승률 34%),중립 레짐 — 사이즈 50% 권장,29.1,True,NEUTRAL,1,85.0,1,0,69054.0,,,,,1,1.0,,0,60.7,pctl>0.30,0,,0,1.0
42,161890,한국콜마,KOSPI,화학·소재,102300,127.25,24148.0,0.0,0.0,WAIT,WAIT,3,False,1,True,21.4,21.4,13.7,29.0,0.0,0.0,15.9,14.2,29.0,63.8,2.07,0.0,RR2.1 + 진입적정,0,102300.0,94100.0,119300.0,124600.0,,0.66,0.37,99636,2.11,특이사항 없음,0,-9.01,44.0,-0.1,,,저점 이탈,추세 관망,NORMAL,82.2,기타 화학제품 제조업,12725004750.0,42.3,21.82,0,0,0.99,5.03,4.07,-11.12,9.29,49.13,2.7,21.29,21.35,0.189,0.189,1,12.0,0,0,1.35,0.48,0,0,0,0,-1,115260.0,2.67,0.3061,False,O,▲,95915,▲,O,X,-0.59,250,0,1,1,1,128100.0,enter,100.0,NORMAL+PM_BLOCK_INTRADAY+EF:정상,8.02,5.0,2.1,normal,7.0,v1_sl_first_gap_at_open,NORMAL+PM_BLOCK_INTRADAY+EF:정상,SWING_20D,23,SWING_60D,12,ATR_3.5x,12,0.0,기타 화학제품 제조업,18.9472,9.67,10.0,64.6,0.0,0.0718475073313783,-0.02309325356430488,0.358974358974359,OK,0.0,UNVALIDATED_MODEL,22.09727093973744,22.09727093973744,0.0,4,1,0.5,0.5,0.0,STRUCT+TIMING+SECTOR,default,default,default,70,20260805,20260805,,21.4,21.4,21.4,-12.0,-33.79,FRESH,0.291,,False,0.3,True,MATURE,11693.0,ALPHA_WIN_PROB,2.073,,1.81,0.0,상태 WAIT — 신규진입 상태 아님(사이징 제외),0.3559,0.0,0.0,v40_alpha_tilt,,,,,,True,16.6,,ELITE_SCORE,MATURE,11693,2.4.0,OK,,100.0,ATTACK,OK,OK,OK,OK,OK,OK,OK,0,7,True,True,True,,0,GREEN,,,100.0,BUY,1,,0,0,0,0,,0.0,T=29<70,100.0,GREEN,,,0,False,0,ENTRY_READY_BUT_NOT_TOP_PICK,TOP_PICK=0,진입조건은 양호하나 공식 Top Pick 아님,50.0,ENTRY_CLEAN_OBSERVE,ENTRY_CLEAN_OBSERVE,NORMAL,0,0,0,0,0,0,0,0,0,CLEAR,,,0,0,0,0,0.0,,,,,,,,,,DISABLED_LOSS_DEFENSE,,,,,,True,False,True,True,True,True,True,True,0.0,0.0,0.0,0.0,0.0,0.0,0.0,0.0,0.0,0.5,False,False,False,2,False,8.0,0.5,G2RR×0.5,,0,0,0,,8.0,0,,False,0.0,0.0,False,,False,True,,0,80.0,73.0,0,0,CAUTION,5일 상승 5.0% > 5%,C,WATCH,0,0.2,관찰,시장폭 82.2 · 5일 5.0%,40.02,6,232,0,51.12,167,,-4.0,98208.0,"진입 후 D+1 종가 98,208원(-4%) 이탈 시 익일 조기청산 권고",46.2,"최근 20거래일 유니버스 실측 2일 상승률 46.2% (n=6,245) · 종목별 유의차 미검증",NO_EDGE_VALIDATED,OK,95139.0,112530.0,"손절 95,139(-7%)·본전전환 107,415(+5%)·1차익절 112,530(+10%) · ⚡ D+2내 104,346(+2%) 도달 시 절반 익절+잔여 본전 상향 (실측: 초반 급등 후 되돌림 -0.9%)",0,72.1,0,0,알파 25점 (진입선 85점 미달),alpha_gate_v32,WATCH,0.0,,,0,NEUTRAL,"중립 레짐 — KOSPI 20일선 아래, 시장폭 82% (실측: 본전 구간 → 진입 허용하되 사이즈 50%)",0.5,1,24.8,107415.0,0.2452,1,이 점수 구간의 과거 실측 승률 29% (표본 11693건) · 거래량 밀집가 대비 +2.1% — 가치영역 근접 (실측 승률 40%) · 손익비 2.1 (손절 -8.0% / 1차목표 +16.6%),중립 레짐 — 사이즈 50% 권장 · AI 알파모델 예측 하위 25% — 이 구간 실측 승률 25% — 픽 제외 구간,29.1,True,WAIT,1,85.0,1,0,104346.0,,,,,1,1.0,,0,48.9,pctl>0.30,0,,0,1.0
43,278470,에이피알,KOSPI,화학·소재,357500,2575.42,133841.4,0.0,0.0,NEUTRAL,WAIT,4,False,1,True,21.1,21.1,6.6,35.6,0.0,0.0,16.4,14.1,35.6,55.5,1.97,0.0,RR2.0 + 진입적정,0,357500.0,328500.0,414500.0,473000.0,,0.55,2.7,386621,-12.79,특이사항 없음,0,-13.9,41.1,-0.38,,,저점 이탈,추세 관망,NORMAL,82.2,기타 화학제품 제조업,257542027250.0,49.7,24.99,0,0,-0.56,10.0,0.0,-12.8,-17.63,28.6,1.02,-5.63,0.82,0.571,0.27,0,12.0,0,0,0.97,0.47,0,0,0,0,-1,383750.0,-7.53,0.4633,False,X,▼,326277,▲,O,X,0.97,250,0,-1,1,1,,enter,100.0,NORMAL+PM_BLOCK_INTRADAY+EF:정상,8.11,4.0,2.0,normal,7.0,v1_sl_first_gap_at_open,NORMAL+PM_BLOCK_INTRADAY+EF:정상,SWING_20D,23,SWING_60D,5,,0,0.0,기타 화학제품 제조업,18.9472,9.67,10.0,52.2,0.0,0.06823176823176823,-0.00884191658123468,0.325,OK,0.0,UNVALIDATED_MODEL,50.0,50.0,0.0,2,0,0.5,0.5,0.0,STRUCT+TIMING+SECTOR,default,default,default,70,20260805,20260805,,21.1,21.1,21.1,-12.0,-33.79,FRESH,0.291,,False,0.3,True,MATURE,11693.0,ALPHA_WIN_PROB,1.966,,1.81,0.0,상태 WAIT — 신규진입 상태 아님(사이징 제외),0.3559,0.0,0.0,v40_alpha_tilt,,,,,,True,15.9,,ELITE_SCORE,MATURE,11693,2.4.0,OK,,100.0,ATTACK,OK,OK,OK,OK,OK,OK,OK,0,7,True,True,True,,0,GREEN,,,100.0,BUY,1,,0,0,0,0,,0.0,T=36<70,100.0,GREEN,,,0,False,0,ENTRY_READY_BUT_NOT_TOP_PICK,TOP_PICK=0,진입조건은 양호하나 공식 Top Pick 아님,45.0,ENTRY_CLEAN_OBSERVE,ENTRY_CLEAN_OBSERVE,NORMAL,0,0,0,0,0,0,0,0,0,CLEAR,,,0,0,0,0,0.0,,,,,,,,,,DISABLED_LOSS_DEFENSE,,,,,,True,False,True,True,False,True,True,True,0.0,0.0,0.0,0.0,20.0,0.0,0.0,0.0,20.0,0.5,False,True,False,3,False,0.0,0.0,G2RR×0.5 · G5추세붕괴3축,,0,0,0,,0.0,0,,False,0.0,0.0,False,,False,True,,0,72.0,56.0,0,0,CAUTION,5일 상승 10.0% > 5%,C,WATCH,0,0.2,관찰,시장폭 82.2 · 5일 10.0%,60.24,6,98,0,62.16,106,모멘텀확인중(PMS60),-4.0,343200.0,"진입 후 D+1 종가 343,200원(-4%) 이탈 시 익일 조기청산 권고",46.2,"최근 20거래일 유니버스 실측 2일 상승률 46.2% (n=6,245) · 종목별 유의차 미검증",NO_EDGE_VALIDATED,HIGH_AVOID,332475.0,393250.0,"⛔ 고위험 루트(진입보류 권고) · 손절 332,475(-7%)·본전전환 375,375(+5%)·1차익절 393,250(+10%) · ⚡ D+2내 364,650(+2%) 도달 시 절반 익절+잔여 본전 상향 (실측: 초반 급등 후 되돌림 -0.9%)",0,72.1,0,0,알파 47점 (진입선 85점 미달),alpha_gate_v32,WATCH,0.0,,,0,NEUTRAL,"중립 레짐 — KOSPI 20일선 아래, 시장폭 82% (실측: 본전 구간 → 진입 허용하되 사이즈 50%)",0.5,1,47.4,375375.0,0.2713,1,이 점수 구간의 과거 실측 승률 29% (표본 11693건) · 거래량 밀집가 대비 -12.8% — 가치영역 근접 (실측 표본 적음) · 손익비 2.0 (손절 -8.1% / 1차목표 +15.9%),중립 레짐 — 사이즈 50% 권장,29.1,True,NEUTRAL,1,85.0,1,0,364650.0,,,,,1,1.0,,0,34.4,pctl>0.30,0,,0,1.0
44,005490,POSCO홀딩스,KOSPI,철강·금속,317000,733.27,251195.6,0.0,0.0,WAIT,ARMED,3,True,1,False,40.5,40.5,30.1,50.9,0.0,0.0,27.9,27.0,50.9,36.4,1.25,0.0,RR1.2 + 진입적정,1,317000.0,291500.0,349000.0,525000.0,,1.36,0.71,377282,-8.72,특이사항 없음,5,-5.82,51.0,3.14,,,저점 이탈,알파 상위권 + 코일(스퀴즈/추세) — 진입 임박,NORMAL,82.2,1차 철강 제조업,73326842750.0,50.2,10.79,1,0,1.28,9.88,4.62,0.48,-39.62,-13.62,14.3,-27.62,-41.4,0.852,0.221,0,10.0,1,0,1.59,0.84,0,0,0,1,-1,338300.0,-15.98,0.1232,False,X,▼,306141,▲,O,X,1.44,250,0,-1,-1,1,542000.0,enter,100.0,NORMAL+PM_BLOCK_INTRADAY+EF:정상,8.04,4.0,1.3,normal,7.0,v1_sl_first_gap_at_open,NORMAL+PM_BLOCK_INTRADAY+EF:정상,ATR_2x,23,SWING_60D,2,SWING_120D,2,0.0,1차 철강 제조업,26.61,16.16375,3.0,28.0,0.0,0.049909869310500225,0.005254699450499274,0.6666666666666666,OK,0.0,UNVALIDATED_MODEL,47.64177151929334,47.64177151929334,0.0,8,1,0.5,0.5,0.0,STRUCT+TIMING+SECTOR,default,default,default,70,20260805,20260805,,40.5,40.5,40.5,-12.0,-33.79,FRESH,0.278,,False,0.3,True,MATURE,11693.0,ALPHA_WIN_PROB,1.255,,1.255,0.0,실측 승률 39% < 필요 승률 44% (손익비 1.25) — 켈리 기준 미달,0.4435,0.0,0.0,v40_alpha_tilt,,,,,,True,10.1,ALPHA,ELITE_SCORE,MATURE,11693,2.4.0,OK,,100.0,ATTACK,OK,OK,OK,OK,OK,OK,OK,0,7,True,True,True,,0,GREEN,,,100.0,BUY,1,,0,0,0,0,,0.0,T=51<70,100.0,GREEN,,,0,False,0,ENTRY_READY_BUT_NOT_TOP_PICK,TOP_PICK=0,진입조건은 양호하나 공식 Top Pick 아님,50.0,ENTRY_CLEAN_OBSERVE,ENTRY_CLEAN_OBSERVE,NORMAL,0,0,0,0,0,0,0,0,0,CLEAR,,,0,0,0,0,0.0,,,,,,,,,,DISABLED_LOSS_DEFENSE,,,,,,True,False,True,True,True,True,True,True,0.0,0.0,0.0,0.0,0.0,0.0,0.0,0.0,0.0,0.5,False,False,False,2,False,14.0,0.5,G2RR×0.5,,0,0,0,,14.0,0,,False,0.0,0.0,False,,False,True,,0,84.0,89.0,0,0,CAUTION,5일 상승 9.9% > 5%,B,REALISTIC_RR,0,0.35,관찰 후보,현실형 RR · 시장폭 82.2 · 5일 9.9%,57.02,6,117,0,71.39,49,,-4.0,304320.0,"진입 후 D+1 종가 304,320원(-4%) 이탈 시 익일 조기청산 권고",46.2,"최근 20거래일 유니버스 실측 2일 상승률 46.2% (n=6,245) · 종목별 유의차 미검증",NO_EDGE_VALIDATED,OK,294810.0,348700.0,"손절 294,810(-7%)·본전전환 332,850(+5%)·1차익절 348,700(+10%) · ⚡ D+2내 323,340(+2%) 도달 시 절반 익절+잔여 본전 상향 (실측: 초반 급등 후 되돌림 -0.9%)",0,72.0,1,0,손익비 1.25,alpha_gate_v32,WATCH,0.0,,,0,NEUTRAL,"중립 레짐 — KOSPI 20일선 아래, 시장폭 82% (실측: 본전 구간 → 진입 허용하되 사이즈 50%)",0.5,1,92.6,332850.0,0.3888,1,이 점수 구간의 과거 실측 승률 28% (표본 11693건) · 거래량 밀집가 대비 -8.7% — 가치영역 근접 (실측 표본 적음) · 손익비 1.2 (손절 -8.0% / 1차목표 +10.1%) · 변동성 응축 5일째 (스퀴즈 — 방향 분출 대기) · AI 알파모델 예측 상위 7% (OOS 검증 통과 모델 — 이 구간 실측 승률 39%),중립 레짐 — 사이즈 50% 권장,27.8,True,WAIT,1,85.0,1,1,323340.0,,,,,1,1.0,,0,57.1,pctl>0.30,0,,0,1.0
45,399720,가온칩스,KOSDAQ,반도체,48100,70.3,5704.1,0.0,0.0,WAIT,WAIT,3,False,1,True,20.2,20.2,16.6,23.9,0.0,0.0,14.8,13.5,23.9,70.1,2.73,0.0,RR2.7 + 진입적정,0,48100.0,44250.0,58600.0,73400.0,,0.38,0.39,51115,-0.87,특이사항 없음,0,-0.5,43.3,1.06,,,,추세 관망,NORMAL,82.2,반도체 제조업,7029534800.0,44.6,40.18,0,0,0.84,11.6,11.6,-1.74,-32.25,-27.01,2.07,1.54,0.85,0.839,0.205,0,12.0,0,0,1.16,0.44,0,0,0,1,1,35810.0,-5.9,0.258,False,X,▼,45609,▲,O,X,4.4,250,0,-1,-1,1,83200.0,enter,100.0,NORMAL+PM_BLOCK_INTRADAY+EF:정상,8.0,5.0,2.7,normal,7.0,v1_sl_first_gap_at_open,NORMAL+PM_BLOCK_INTRADAY+EF:정상,SWING_20D,23,SWING_60D,5,SWING_120D,2,0.0,반도체 제조업,29.595714285714283,5.586428571428571,8.0,38.7,0.0,0.11337986337986337,0.02305299019838047,0.02040816326530612,OK,0.0,UNVALIDATED_MODEL,35.0,35.0,0.0,4,1,0.5,0.5,0.0,STRUCT+TIMING+SECTOR,default,default,default,70,20260805,20260805,,20.2,20.2,20.2,-12.0,-33.79,FRESH,0.291,,False,0.3,True,MATURE,11693.0,ALPHA_WIN_PROB,2.727,,1.81,0.0,상태 WAIT — 신규진입 상태 아님(사이징 제외),0.3559,0.0,0.0,v40_alpha_tilt,,,,,,True,21.8,,ELITE_SCORE,MATURE,11693,2.4.0,OK,,100.0,ATTACK,OK,OK,OK,OK,OK,OK,OK,0,7,True,True,True,,0,GREEN,,,100.0,BUY,1,,0,0,0,0,,0.0,T=24<70,100.0,GREEN,,,0,False,0,ENTRY_READY_BUT_NOT_TOP_PICK,TOP_PICK=0,진입조건은 양호하나 공식 Top Pick 아님,50.0,ENTRY_CLEAN_OBSERVE,ENTRY_CLEAN_OBSERVE,NORMAL,0,0,0,0,0,0,0,0,0,CLEAR,,,0,0,0,0,0.0,,,,,,,,,,DISABLED_LOSS_DEFENSE,,,,,,True,False,True,True,True,True,True,True,0.0,0.0,0.0,0.0,0.0,0.0,0.0,0.0,0.0,0.5,False,False,False,1,False,7.4,0.5,G2RR×0.5,,0,0,0,,7.4,0,,False,0.0,0.0,False,,False,True,,0,66.0,59.0,0,0,CAUTION,5일 상승 11.6% > 5%,C,WATCH,0,0.2,관찰,시장폭 82.2 · 5일 11.6%,32.97,6,257,0,46.83,196,,-4.0,46176.0,"진입 후 D+1 종가 46,176원(-4%) 이탈 시 익일 조기청산 권고",46.2,"최근 20거래일 유니버스 실측 2일 상승률 46.2% (n=6,245) · 종목별 유의차 미검증",NO_EDGE_VALIDATED,OK,44733.0,52910.0,"손절 44,733(-7%)·본전전환 50,505(+5%)·1차익절 52,910(+10%) · ⚡ D+2내 49,062(+2%) 도달 시 절반 익절+잔여 본전 상향 (실측: 초반 급등 후 되돌림 -0.9%)",0,72.0,0,0,알파 41점 (진입선 85점 미달),alpha_gate_v32,WATCH,0.0,,,0,NEUTRAL,"중립 레짐 — KOSPI 20일선 아래, 시장폭 82% (실측: 본전 구간 → 진입 허용하되 사이즈 50%)",0.5,1,41.2,50505.0,0.2713,1,이 점수 구간의 과거 실측 승률 29% (표본 11693건) · 거래량 밀집가 대비 -0.9% — 가치영역 근접 (실측 표본 적음) · 손익비 2.7 (손절 -8.0% / 1차목표 +21.8%),중립 레짐 — 사이즈 50% 권장,29.1,True,WAIT,1,85.0,1,0,49062.0,,,,,1,1.0,,0,70.9,pctl>0.30,0,,0,1.0
46,005930,삼성전자,KOSPI,IT/전기전자,246000,56100.76,14381845.4,0.0,0.0,WAIT,OVERHEAT,3,False,1,False,17.8,17.8,10.2,25.4,0.0,0.0,13.6,11.9,25.4,68.2,2.7,0.0,RR2.7 + 진입적정,0,246000.0,226000.0,300000.0,374500.0,,-1.24,0.71,293989,29.21,특이사항 없음,0,-21.17,42.3,-2.63,,,5일 급등,"과열(급등·MFI·RSI) — 실측 역신호, 관망",NORMAL,82.2,통신 및 방송 장비 제조업,5610076087593.0,42.1,34.85,0,0,2.5,17.99,-5.57,-16.89,-8.38,54.43,-3.07,3.62,26.65,0.494,0.123,1,12.0,0,0,1.04,0.51,444768,-242310,202458,0,-1,281140.0,-16.32,0.6452,False,X,▲,228557,▲,O,X,5.83,250,0,1,1,1,,enter,100.0,NORMAL+WARN:mcap=14381845억 — 원 단위 혼입 의심(>1000조)+PM_BLOCK_INTRADAY+EF:정상,8.13,4.0,2.7,normal,7.0,v1_sl_first_gap_at_open,NORMAL+WARN:mcap=14381845억 — 원 단위 혼입 의심(>1000조)+PM_BLOCK_INTRADAY+EF:정상,SWING_20D,23,SWING_60D,2,,0,0.0,통신 및 방송 장비 제조업,28.983018867924528,12.636603773584905,4.0,52.4,0.0,0.10156794425087108,-0.04236770133387283,0.047619047619047616,OK,0.0,UNVALIDATED_MODEL,28.21642844921756,28.21642844921756,0.0,2,0,0.5,0.5,0.0,STRUCT+TIMING+SECTOR,default,default,default,70,20260805,20260805,,17.8,17.8,17.8,-12.0,-33.79,FRESH,0.291,,False,0.3,True,MATURE,11693.0,ALPHA_WIN_PROB,2.7,,1.81,0.0,상태 OVERHEAT — 신규진입 상태 아님(사이징 제외),0.3559,0.0,0.0,v40_alpha_tilt,,,,,,True,22.0,,ELITE_SCORE,MATURE,11693,2.4.0,OK,,100.0,ATTACK,OK,OK,OK,OK,OK,OK,OK,0,7,True,True,True,,0,GREEN,,,100.0,BUY,1,,0,0,0,0,,0.0,T=25<70,100.0,GREEN,,,0,False,0,ENTRY_READY_BUT_NOT_TOP_PICK,TOP_PICK=0,진입조건은 양호하나 공식 Top Pick 아님,45.0,ENTRY_CLEAN_OBSERVE,ENTRY_CLEAN_OBSERVE,NORMAL,0,0,0,0,0,0,0,0,0,CLEAR,,,0,0,0,0,0.0,,,,,,,,,,DISABLED_LOSS_DEFENSE,,,,,,True,False,True,True,True,True,True,True,0.0,0.0,0.0,0.0,0.0,0.0,0.0,0.0,0.0,0.5,False,False,False,2,False,6.8,0.5,G2RR×0.5,,0,0,0,,6.8,0,,False,0.0,0.0,False,,False,True,,0,66.0,59.0,0,0,CAUTION,5일 상승 18.0% > 5%,C,WATCH,0,0.2,관찰,시장폭 82.2 · 5일 18.0%,43.96,6,210,0,49.77,177,,-4.0,236160.0,"진입 후 D+1 종가 236,160원(-4%) 이탈 시 익일 조기청산 권고",46.2,"최근 20거래일 유니버스 실측 2일 상승률 46.2% (n=6,245) · 종목별 유의차 미검증",NO_EDGE_VALIDATED,OK,228780.0,270600.0,"손절 228,780(-7%)·본전전환 258,300(+5%)·1차익절 270,600(+10%) · ⚡ D+2내 250,920(+2%) 도달 시 절반 익절+잔여 본전 상향 (실측: 초반 급등 후 되돌림 -0.9%)",0,71.8,0,0,알파 33점 (진입선 85점 미달) · POC 확장 29% (추격 위험),alpha_gate_v32,WATCH,0.0,,,1,NEUTRAL,"중립 레짐 — KOSPI 20일선 아래, 시장폭 82% (실측: 본전 구간 → 진입 허용하되 사이즈 50%)",0.5,1,33.4,258300.0,0.2433,1,이 점수 구간의 과거 실측 승률 29% (표본 11693건) · 손익비 2.7 (손절 -8.1% / 1차목표 +22.0%),중립 레짐 — 사이즈 50% 권장 · 거래량 밀집가 대비 +29.2% 확장 (실측 승률 20% — 추격 위험),29.1,False,WAIT,1,85.0,1,0,250920.0,,,,,0,1.0,,0,17.0,pctl>0.30,0,,0,1.0
47,383220,F&F,KOSPI,유통·소비재,65000,100.82,24899.6,0.0,0.0,WAIT,WAIT,3,False,1,True,12.2,12.2,0.0,24.4,0.0,0.0,10.3,8.1,24.4,69.5,3.4,0.0,RR3.4 + 진입적정,0,65000.0,59800.0,82700.0,86500.0,,-0.81,1.54,76473,-9.53,특이사항 없음,2,-17.83,32.6,-13.84,,,저점 이탈,추세 관망,NORMAL,82.2,봉제의복 제조업,10082208750.0,38.6,29.25,0,0,2.69,-16.24,-12.16,-21.5,-21.78,-11.68,-7.68,-9.78,-39.46,0.774,0.263,0,12.0,0,0,0.86,0.22,0,0,0,0,-1,78780.0,-15.0,-0.7325,False,X,▲,71182,▼,X,X,0.79,250,0,1,-1,1,89000.0,enter,100.0,NORMAL+PM_BLOCK_INTRADAY+EF:정상,8.0,5.0,3.4,normal,7.0,v1_sl_first_gap_at_open,NORMAL+PM_BLOCK_INTRADAY+EF:정상,SWING_20D,12,BB_UPPER,5,SWING_60D,5,0.0,봉제의복 제조업,-1.063076923076923,-0.3392307692307692,16.0,62.1,0.0,0.08065934065934066,0.06418256225745887,0.5434782608695652,OK,0.0,UNVALIDATED_MODEL,40.0,40.0,0.0,0,0,0.5,0.5,0.0,STRUCT+TIMING+SECTOR,default,default,default,70,20260805,20260805,,12.2,12.2,12.2,-12.0,-33.79,FRESH,0.291,,False,0.3,True,MATURE,11693.0,ALPHA_WIN_PROB,3.404,,1.81,0.0,상태 WAIT — 신규진입 상태 아님(사이징 제외),0.3559,0.0,0.0,v40_alpha_tilt,,,,,,True,27.2,,ELITE_SCORE,MATURE,11693,2.4.0,OK,,100.0,ATTACK,OK,OK,OK,OK,OK,OK,OK,0,7,True,True,True,,0,GREEN,,,90.0,BUY,1,,0,0,0,0,,0.0,T=24<70,100.0,GREEN,,,0,False,0,ENTRY_READY_BUT_NOT_TOP_PICK,TOP_PICK=0,진입조건은 양호하나 공식 Top Pick 아님,45.0,ENTRY_CLEAN_OBSERVE,ENTRY_CLEAN_OBSERVE,NORMAL,0,0,0,0,0,0,0,0,0,CLEAR,,,0,0,0,0,0.0,,,,,,,,,,DISABLED_LOSS_DEFENSE,,,,,,True,False,True,True,False,True,True,True,0.0,0.0,0.0,0.0,20.0,0.0,0.0,0.0,20.0,0.5,False,True,False,5,False,0.0,0.0,G2RR×0.5 · G5추세붕괴5축,,0,0,0,,0.0,0,,False,0.0,0.0,False,,False,True,,0,80.0,68.0,0,0,CAUTION,중립/관찰,C,WATCH,0,0.2,관찰,섹터 약세+RSI 약함 · 시장폭 82.2 · 5일 -16.2%,38.88,6,236,0,40.72,220,,-4.0,62400.0,"진입 후 D+1 종가 62,400원(-4%) 이탈 시 익일 조기청산 권고",46.2,"최근 20거래일 유니버스 실측 2일 상승률 46.2% (n=6,245) · 종목별 유의차 미검증",NO_EDGE_VALIDATED,OK,60450.0,71500.0,"손절 60,450(-7%)·본전전환 68,250(+5%)·1차익절 71,500(+10%) · ⚡ D+2내 66,300(+2%) 도달 시 절반 익절+잔여 본전 상향 (실측: 초반 급등 후 되돌림 -0.9%)",0,71.2,0,0,알파 67점 (진입선 85점 미달),alpha_gate_v32,WATCH,0.0,,,0,NEUTRAL,"중립 레짐 — KOSPI 20일선 아래, 시장폭 82% (실측: 본전 구간 → 진입 허용하되 사이즈 50%)",0.5,1,67.2,68250.0,0.3233,1,이 점수 구간의 과거 실측 승률 29% (표본 11693건) · 거래량 밀집가 대비 -9.5% — 가치영역 근접 (실측 표본 적음) · 손익비 3.4 (손절 -8.0% / 1차목표 +27.2%),중립 레짐 — 사이즈 50% 권장,29.1,True,WAIT,1,85.0,1,0,66300.0,,,,,0,1.0,,0,22.9,pctl>0.30,0,,0,1.0
48,016360,삼성증권,KOSPI,서비스 기타,97600,643.34,87156.8,0.0,0.0,NEUTRAL,WAIT,4,False,1,True,12.2,12.2,0.0,24.4,0.0,0.0,10.3,8.1,24.4,69.5,2.25,0.0,RR2.2 + 진입적정,0,97600.0,89700.0,115400.0,120400.0,,0.12,1.42,115718,-12.13,특이사항 없음,0,-17.63,37.0,-4.17,,,저점 이탈,추세 관망,NORMAL,82.2,금융 지원 서비스업,64333634350.0,46.9,26.53,0,0,-1.01,11.04,-3.94,-15.57,-28.86,8.93,-1.75,-16.86,-18.85,0.823,0.263,0,12.0,0,0,1.16,0.4,0,0,0,0,-1,109410.0,-15.66,0.4126,False,X,▼,93181,▲,O,X,2.84,250,0,-1,-1,1,143300.0,enter,100.0,NORMAL+PM_BLOCK_INTRADAY+EF:정상,8.09,4.0,2.3,normal,7.0,v1_sl_first_gap_at_open,NORMAL+PM_BLOCK_INTRADAY+EF:정상,BB_UPPER,12,SWING_20D,5,SWING_60D,2,0.0,금융 지원 서비스업,12.922941176470587,7.686470588235293,13.0,71.1,0.0,0.06579332552693208,-0.0753497047123525,0.1,OK,0.0,UNVALIDATED_MODEL,40.00188871711499,40.00188871711499,0.0,4,1,0.5,0.5,0.0,STRUCT+TIMING+SECTOR,default,default,default,70,20260805,20260805,,12.2,12.2,12.2,-12.0,-33.79,FRESH,0.291,,False,0.3,True,MATURE,11693.0,ALPHA_WIN_PROB,2.253,,1.81,0.0,상태 WAIT — 신규진입 상태 아님(사이징 제외),0.3559,0.0,0.0,v40_alpha_tilt,,,,,,True,18.2,,ELITE_SCORE,MATURE,11693,2.4.0,OK,,100.0,ATTACK,OK,OK,OK,OK,OK,OK,OK,0,7,True,True,True,,0,GREEN,,,100.0,BUY,1,,0,0,0,0,,0.0,T=24<70,100.0,GREEN,,,0,False,0,ENTRY_READY_BUT_NOT_TOP_PICK,TOP_PICK=0,진입조건은 양호하나 공식 Top Pick 아님,50.0,ENTRY_CLEAN_OBSERVE,ENTRY_CLEAN_OBSERVE,NORMAL,0,0,0,0,0,0,0,0,0,CLEAR,,,0,0,0,0,0.0,,,,,,,,,,DISABLED_LOSS_DEFENSE,,,,,,True,False,True,True,False,True,True,True,0.0,0.0,0.0,0.0,20.0,0.0,0.0,0.0,20.0,0.5,False,True,False,3,False,0.0,0.0,G2RR×0.5 · G5추세붕괴3축,,0,0,0,,0.0,0,,False,0.0,0.0,False,,False,True,,0,66.0,51.0,0,0,CAUTION,5일 상승 11.0% > 5%,C,WATCH,0,0.2,관찰,시장폭 82.2 · 5일 11.0%,47.34,6,184,0,44.95,204,,-4.0,93696.0,"진입 후 D+1 종가 93,696원(-4%) 이탈 시 익일 조기청산 권고",46.2,"최근 20거래일 유니버스 실측 2일 상승률 46.2% (n=6,245) · 종목별 유의차 미검증",NO_EDGE_VALIDATED,HIGH_AVOID,90768.0,107360.0,"⛔ 고위험 루트(진입보류 권고) · 손절 90,768(-7%)·본전전환 102,480(+5%)·1차익절 107,360(+10%) · ⚡ D+2내 99,552(+2%) 도달 시 절반 익절+잔여 본전 상향 (실측: 초반 급등 후 되돌림 -0.9%)",0,71.2,0,0,알파 54점 (진입선 85점 미달),alpha_gate_v32,WATCH,0.0,,,0,NEUTRAL,"중립 레짐 — KOSPI 20일선 아래, 시장폭 82% (실측: 본전 구간 → 진입 허용하되 사이즈 50%)",0.5,1,53.6,102480.0,0.2958,1,이 점수 구간의 과거 실측 승률 29% (표본 11693건) · 거래량 밀집가 대비 -12.1% — 가치영역 근접 (실측 표본 적음) · 손익비 2.2 (손절 -8.1% / 1차목표 +18.2%),중립 레짐 — 사이즈 50% 권장,29.1,True,NEUTRAL,1,85.0,1,0,99552.0,,,,,0,1.0,,0,23.8,pctl>0.30,0,,0,1.0
49,290650,엘앤씨바이오,KOSDAQ,바이오·의약품,57800,113.02,15588.5,0.0,0.0,NEUTRAL,WAIT,4,False,1,True,10.6,10.6,0.0,21.1,0.0,0.0,9.0,7.0,21.1,73.6,4.49,0.0,RR4.5 + 진입적정,0,57800.0,53100.0,78900.0,81700.0,,1.27,0.71,74633,-8.82,특이사항 없음,0,-27.7,35.5,-6.94,,,저점 이탈,추세 관망,NORMAL,82.2,의약품 제조업,11301847950.0,30.1,53.82,0,0,-1.53,10.52,-5.25,-27.75,-6.32,-35.13,-23.94,27.47,-7.27,0.976,0.154,0,12.0,1,0,1.09,0.4,0,0,0,0,-1,63570.0,-22.55,0.7707,False,X,▼,49468,▲,O,X,-0.85,250,0,-1,-1,1,99300.0,enter,100.0,NORMAL+PM_BLOCK_INTRADAY+EF:정상,8.13,5.0,4.5,normal,7.0,v1_sl_first_gap_at_open,NORMAL+PM_BLOCK_INTRADAY+EF:정상,BB_UPPER,12,SWING_20D,5,SWING_60D,2,0.0,의약품 제조업,18.360833333333336,7.888333333333333,12.0,88.3,0.0,0.10646317350469599,-0.02449293303805385,0.4,OK,0.0,UNVALIDATED_MODEL,32.51818426966292,32.51818426966292,0.0,2,0,0.5,0.5,0.0,STRUCT+TIMING+SECTOR,default,default,default,70,20260805,20260805,,10.6,10.6,10.6,-12.0,-33.79,FRESH,0.291,,False,0.3,True,MATURE,11693.0,ALPHA_WIN_PROB,4.489,,1.81,0.0,상태 WAIT — 신규진입 상태 아님(사이징 제외),0.3559,0.0,0.0,v40_alpha_tilt,,,,,,True,36.5,,ELITE_SCORE,MATURE,11693,2.4.0,OK,,100.0,ATTACK,OK,OK,OK,OK,OK,OK,OK,0,7,True,True,True,,0,GREEN,,,100.0,BUY,1,,0,0,0,0,,0.0,T=21<70,100.0,GREEN,,,0,False,0,ENTRY_READY_BUT_NOT_TOP_PICK,TOP_PICK=0,진입조건은 양호하나 공식 Top Pick 아님,45.0,ENTRY_CLEAN_OBSERVE,ENTRY_CLEAN_OBSERVE,NORMAL,0,0,0,0,0,0,0,0,0,CLEAR,,,0,0,0,0,0.0,,,,,,,,,,DISABLED_LOSS_DEFENSE,,,,,,True,False,True,True,False,True,True,True,0.0,0.0,0.0,0.0,20.0,0.0,0.0,0.0,20.0,0.5,False,True,False,3,False,0.0,0.0,G2RR×0.5 · G5추세붕괴3축,,0,0,0,,0.0,0,,False,0.0,0.0,False,,False,True,,0,66.0,51.0,0,0,CAUTION,5일 상승 10.5% > 5%,C,WATCH,0,0.2,관찰,시장폭 82.2 · 5일 10.5%,26.52,6,282,0,30.91,255,,-4.0,55488.0,"진입 후 D+1 종가 55,488원(-4%) 이탈 시 익일 조기청산 권고",46.2,"최근 20거래일 유니버스 실측 2일 상승률 46.2% (n=6,245) · 종목별 유의차 미검증",NO_EDGE_VALIDATED,HIGH_AVOID,53754.0,63580.0,"⛔ 고위험 루트(진입보류 권고) · 손절 53,754(-7%)·본전전환 60,690(+5%)·1차익절 63,580(+10%) · ⚡ D+2내 58,956(+2%) 도달 시 절반 익절+잔여 본전 상향 (실측: 초반 급등 후 되돌림 -0.9%)",0,71.1,0,0,알파 41점 (진입선 85점 미달),alpha_gate_v32,WATCH,0.0,,,0,NEUTRAL,"중립 레짐 — KOSPI 20일선 아래, 시장폭 82% (실측: 본전 구간 → 진입 허용하되 사이즈 50%)",0.5,1,40.6,60690.0,0.2713,1,이 점수 구간의 과거 실측 승률 29% (표본 11693건) · 거래량 밀집가 대비 -8.8% — 가치영역 근접 (실측 표본 적음) · 손익비 4.5 (손절 -8.1% / 1차목표 +36.5%),중립 레짐 — 사이즈 50% 권장,29.1,True,NEUTRAL,1,85.0,1,0,58956.0,,,,,0,1.0,,0,6.8,pctl>0.30,0,,0,1.0
50,055550,신한지주,KOSPI,금융,103600,886.36,486350.4,0.0,0.0,WAIT,ARMED,3,True,1,False,28.3,28.3,13.0,43.6,0.0,0.0,21.0,18.9,43.6,45.5,1.17,0.0,RR1.2 + 진입적정,0,103600.0,95300.0,113300.0,122700.0,,1.47,0.67,100700,4.15,특이사항 없음,5,-1.64,42.5,-0.64,,,,알파 상위권 + 코일(스퀴즈/추세) — 진입 임박,NORMAL,82.2,기타 금융업,88635731850.0,47.9,11.33,1,0,1.27,5.39,-0.86,-4.6,5.71,13.97,9.22,17.71,-13.81,0.175,0.175,1,10.5,0,0,1.16,0.45,10360,7874,18234,0,1,93390.0,2.88,0.136,False,O,▲,100540,▲,O,X,0.39,250,0,1,1,1,128100.0,enter,100.0,NORMAL+PM_BLOCK_INTRADAY+EF:정상,8.01,4.0,1.2,normal,7.0,v1_sl_first_gap_at_open,NORMAL+PM_BLOCK_INTRADAY+EF:정상,SWING_20D,23,ATR_3.5x,12,FIBO_1.618,5,0.0,기타 금융업,14.904375,12.145312500000001,11.0,16.5,0.0,0.052606177606177605,-0.05948651714180998,0.7560975609756098,OK,0.0,UNVALIDATED_MODEL,21.277363508959553,21.277363508959553,0.0,6,1,0.5,0.5,0.0,STRUCT+TIMING+SECTOR,default,default,default,70,20260805,20260805,,28.3,28.3,28.3,-12.0,-33.79,FRESH,0.291,,False,0.3,True,MATURE,11693.0,ALPHA_WIN_PROB,1.169,,1.169,0.0,실측 승률 36% < 필요 승률 46% (손익비 1.17) — 켈리 기준 미달,0.4611,0.0,0.0,v40_alpha_tilt,,,,,,True,9.4,,ELITE_SCORE,MATURE,11693,2.4.0,OK,,100.0,ATTACK,OK,OK,OK,OK,OK,OK,OK,0,7,True,True,True,,0,GREEN,,,90.0,BUY,1,,0,0,0,0,,0.0,T=44<70,100.0,GREEN,,,0,False,0,BELOW_OFFICIAL_BAR,TOP_PICK=0,,30.0,IGNORE,IGNORE,NORMAL,0,0,0,0,0,0,0,0,0,CLEAR,,,0,0,0,0,0.0,,,,,,,,,,DISABLED_LOSS_DEFENSE,,,,,,True,False,True,True,True,True,False,True,0.0,0.0,0.0,0.0,0.0,0.0,15.0,0.0,15.0,0.5,False,False,False,1,False,0.0,0.0,G2RR×0.5 · G7윗꼬리약세-15,,0,0,0,,0.0,0,,False,0.0,0.0,False,,False,True,,0,72.0,74.0,0,0,CAUTION,5일 상승 5.4% > 5%,B,REALISTIC_RR,0,0.35,관찰 후보,현실형 RR · 시장폭 82.2 · 5일 5.4%,54.57,6,139,0,63.2,101,,-4.0,99456.0,"진입 후 D+1 종가 99,456원(-4%) 이탈 시 익일 조기청산 권고",46.2,"최근 20거래일 유니버스 실측 2일 상승률 46.2% (n=6,245) · 종목별 유의차 미검증",NO_EDGE_VALIDATED,OK,96348.0,113960.0,"손절 96,348(-7%)·본전전환 108,780(+5%)·1차익절 113,960(+10%) · ⚡ D+2내 105,672(+2%) 도달 시 절반 익절+잔여 본전 상향 (실측: 초반 급등 후 되돌림 -0.9%)",0,70.8,0,0,알파 82점 (진입선 85점 미달) · 손익비 1.17,alpha_gate_v32,WATCH,0.0,,,0,NEUTRAL,"중립 레짐 — KOSPI 20일선 아래, 시장폭 82% (실측: 본전 구간 → 진입 허용하되 사이즈 50%)",0.5,1,81.7,108780.0,0.3572,1,이 점수 구간의 과거 실측 승률 29% (표본 11693건) · 거래량 밀집가 대비 +4.2% — 가치영역 근접 (실측 승률 40%) · 손익비 1.2 (손절 -8.0% / 1차목표 +9.4%) · 변동성 응축 5일째 (스퀴즈 — 방향 분출 대기) · AI 알파모델 예측 상위 18% (OOS 검증 통과 모델 — 이 구간 실측 승률 36%),중립 레짐 — 사이즈 50% 권장,29.1,True,WAIT,1,85.0,1,0,105672.0,,,,,1,1.0,,0,69.0,pctl>0.30,0,,0,1.0
51,010950,S-Oil,KOSPI,기타,122500,548.82,137913.9,0.0,0.0,NEUTRAL,WAIT,4,False,1,True,7.4,7.4,8.2,6.6,0.0,0.0,5.3,4.9,8.2,89.8,4.69,0.0,밸런스우수 + RR4.7 + 진입적정,0,122500.0,116000.0,153000.0,156500.0,,-0.53,0.91,119310,-13.15,특이사항 없음,0,-3.7,36.3,-9.4,,,,추세 관망,NORMAL,82.2,석유 정제품 제조업,54882348400.0,48.1,26.25,0,0,-2.62,-3.09,-13.55,-3.85,4.88,22.75,9.97,16.88,-5.03,0.473,0.3,0,12.0,0,0,1.22,0.08,0,0,0,0,-1,153125.0,2.67,-0.2153,True,O,▲,124987,▼,X,X,-0.95,250,0,1,1,1,177100.0,enter,100.0,SWING+PM_BLOCK_INTRADAY+EF:정상,5.31,4.0,4.7,normal,7.0,v1_sl_first_gap_at_open,SWING+PM_BLOCK_INTRADAY+EF:정상,BB_UPPER,12,SWING_20D,5,SWING_120D,2,0.0,석유 정제품 제조업,22.15142857142857,8.541428571428572,9.0,71.8,0.0,0.07798833819241983,0.01649321621955541,0.589041095890411,OK,0.0,UNVALIDATED_MODEL,23.98238683183525,23.98238683183525,0.0,2,0,0.5,0.5,0.0,STRUCT+TIMING+SECTOR,default,default,default,70,20260805,20260805,,7.4,7.4,7.4,-12.0,-33.79,FRESH,0.291,,False,0.3,True,MATURE,11693.0,ALPHA_WIN_PROB,4.692,,1.81,0.0,상태 WAIT — 신규진입 상태 아님(사이징 제외),0.3559,0.0,0.0,v40_alpha_tilt,,,,,,True,24.9,,ELITE_SCORE,MATURE,11693,2.4.0,OK,,100.0,ATTACK,OK,OK,OK,OK,OK,OK,OK,0,7,True,True,True,,0,GREEN,,,90.0,BUY,1,,0,0,0,0,,0.0,T=7<70,100.0,GREEN,,,0,False,0,ENTRY_READY_BUT_NOT_TOP_PICK,TOP_PICK=0,진입조건은 양호하나 공식 Top Pick 아님,45.0,ENTRY_CLEAN_OBSERVE,ENTRY_CLEAN_OBSERVE,NORMAL,0,0,0,0,0,0,0,0,0,CLEAR,,,0,0,0,0,0.0,,,,,,,,,,DISABLED_LOSS_DEFENSE,,,,,,True,False,True,True,False,True,True,True,0.0,0.0,0.0,0.0,20.0,0.0,0.0,0.0,20.0,0.5,False,True,False,5,False,0.0,0.0,G2RR×0.5 · G5추세붕괴5축,,0,0,0,,0.0,0,,False,0.0,0.0,False,,False,True,,0,92.0,85.0,0,0,CAUTION,중립/관찰,C,WATCH,0,0.2,관찰,시장폭 82.2 · 5일 -3.1%,44.94,6,201,0,33.93,244,,-4.0,117600.0,"진입 후 D+1 종가 117,600원(-4%) 이탈 시 익일 조기청산 권고",46.2,"최근 20거래일 유니버스 실측 2일 상승률 46.2% (n=6,245) · 종목별 유의차 미검증",NO_EDGE_VALIDATED,HIGH_AVOID,113925.0,134750.0,"⛔ 고위험 루트(진입보류 권고) · 손절 113,925(-7%)·본전전환 128,625(+5%)·1차익절 134,750(+10%) · ⚡ D+2내 124,950(+2%) 도달 시 절반 익절+잔여 본전 상향 (실측: 초반 급등 후 되돌림 -0.9%)",0,70.7,0,0,알파 79점 (진입선 85점 미달),alpha_gate_v32,WATCH,0.0,,,0,NEUTRAL,"중립 레짐 — KOSPI 20일선 아래, 시장폭 82% (실측: 본전 구간 → 진입 허용하되 사이즈 50%)",0.5,1,79.3,128625.0,0.3379,1,이 점수 구간의 과거 실측 승률 29% (표본 11693건) · 거래량 밀집가 대비 -13.2% — 가치영역 근접 (실측 표본 적음) · 손익비 4.7 (손절 -5.3% / 1차목표 +24.9%) · AI 알파모델 예측 상위 21% (OOS 검증 통과 모델 — 이 구간 실측 승률 34%),중립 레짐 — 사이즈 50% 권장,29.1,True,NEUTRAL,1,85.0,1,0,124950.0,,,,,1,1.0,,0,63.3,pctl>0.30,0,,0,1.0
52,000270,기아,KOSPI,자동차·모빌리티,133000,1131.04,519249.3,0.0,0.0,WAIT,WAIT,3,False,1,True,6.9,6.9,0.0,13.8,0.0,0.0,6.0,4.6,13.8,82.8,2.45,0.0,밸런스우수 + RR2.5 + 진입적정,0,133000.0,122300.0,159200.0,162900.0,,3.0,0.78,155093,-19.4,특이사항 없음,0,-16.46,41.5,-3.49,,,저점 이탈,추세 관망,NORMAL,82.2,자동차용 엔진 및 자동차 제조업,113104301200.0,39.5,30.93,0,0,2.62,10.47,-9.4,-13.47,-19.15,-14.85,0.35,-7.15,-42.63,0.975,0.128,0,12.0,0,0,1.05,0.38,15029,532,15561,0,-1,148140.0,-14.25,0.4115,False,X,▼,123085,▲,O,X,1.39,250,0,-1,-1,1,184200.0,enter,100.0,NORMAL+PM_BLOCK_INTRADAY+EF:정상,8.05,4.0,2.4,normal,7.0,v1_sl_first_gap_at_open,NORMAL+PM_BLOCK_INTRADAY+EF:정상,BB_UPPER,12,SWING_20D,5,SWING_60D,2,0.0,자동차용 엔진 및 자동차 제조업,17.37090909090909,13.840909090909092,7.0,85.2,0.0,0.06412459720730398,-0.04095699707550985,0.45161290322580644,OK,0.0,UNVALIDATED_MODEL,25.90388311413356,25.90388311413356,0.0,2,0,0.5,0.5,0.0,STRUCT+TIMING+SECTOR,default,default,default,70,20260805,20260805,,6.9,6.9,6.9,-12.0,-33.79,FRESH,0.291,,False,0.3,True,MATURE,11693.0,ALPHA_WIN_PROB,2.449,,1.81,0.0,상태 WAIT — 신규진입 상태 아님(사이징 제외),0.3559,0.0,0.0,v40_alpha_tilt,,,,,,True,19.7,,ELITE_SCORE,MATURE,11693,2.4.0,OK,,100.0,ATTACK,OK,OK,OK,OK,OK,OK,OK,0,7,True,True,True,,0,GREEN,,,90.0,BUY,1,,0,0,0,0,,0.0,T=14<70,100.0,GREEN,,,0,False,0,ENTRY_READY_BUT_NOT_TOP_PICK,TOP_PICK=0,진입조건은 양호하나 공식 Top Pick 아님,45.0,ENTRY_CLEAN_OBSERVE,ENTRY_CLEAN_OBSERVE,NORMAL,0,0,0,0,0,0,0,0,0,CLEAR,,,0,0,0,0,0.0,,,,,,,,,,DISABLED_LOSS_DEFENSE,,,,,,True,False,True,True,False,True,True,True,0.0,0.0,0.0,0.0,20.0,0.0,0.0,0.0,20.0,0.5,False,True,False,3,False,0.0,0.0,G2RR×0.5 · G5추세붕괴3축,,0,0,0,,0.0,0,,False,0.0,0.0,False,,False,True,,0,66.0,51.0,0,0,CAUTION,5일 상승 10.5% > 5%,C,WATCH,0,0.2,관찰,시장폭 82.2 · 5일 10.5%,40.45,6,228,0,32.38,252,,-4.0,127680.0,"진입 후 D+1 종가 127,680원(-4%) 이탈 시 익일 조기청산 권고",46.2,"최근 20거래일 유니버스 실측 2일 상승률 46.2% (n=6,245) · 종목별 유의차 미검증",NO_EDGE_VALIDATED,OK,123690.0,146300.0,"손절 123,690(-7%)·본전전환 139,650(+5%)·1차익절 146,300(+10%) · ⚡ D+2내 135,660(+2%) 도달 시 절반 익절+잔여 본전 상향 (실측: 초반 급등 후 되돌림 -0.9%)",0,70.7,0,0,알파 62점 (진입선 85점 미달),alpha_gate_v32,WATCH,0.0,,,0,NEUTRAL,"중립 레짐 — KOSPI 20일선 아래, 시장폭 82% (실측: 본전 구간 → 진입 허용하되 사이즈 50%)",0.5,1,61.6,139650.0,0.3233,1,이 점수 구간의 과거 실측 승률 29% (표본 11693건) · 거래량 밀집가 대비 -19.4% — 가치영역 근접 (실측 표본 적음) · 손익비 2.5 (손절 -8.0% / 1차목표 +19.7%),중립 레짐 — 사이즈 50% 권장,29.1,True,WAIT,1,85.0,1,0,135660.0,,,,,0,1.0,,0,26.0,pctl>0.30,0,,0,1.0
53,005940,NH투자증권,KOSPI,서비스 기타,28250,148.76,104300.7,0.0,0.0,WAIT,WAIT,3,False,1,True,2.6,2.6,0.0,5.2,0.0,0.0,2.3,1.7,5.2,93.5,2.2,0.0,밸런스우수 + RR2.2 + 진입적정,0,28250.0,25950.0,33300.0,37500.0,,1.3,0.73,30933,-8.86,특이사항 없음,0,-12.48,38.2,-3.15,,,저점 이탈,추세 관망,NORMAL,82.2,금융 지원 서비스업,14876223450.0,45.0,21.32,0,0,1.44,8.86,-2.75,-11.3,-22.81,7.41,2.52,-10.81,-20.37,0.943,0.436,0,12.0,0,0,1.23,0.4,0,0,0,0,-1,32015.0,-8.67,0.2521,False,X,▼,26991,▲,O,X,1.8,250,0,-1,-1,1,42600.0,enter,100.0,NORMAL+PM_BLOCK_INTRADAY+EF:정상,8.14,4.0,2.2,normal,7.0,v1_sl_first_gap_at_open,NORMAL+PM_BLOCK_INTRADAY+EF:정상,SWING_20D,12,SWING_60D,2,SWING_120D,2,0.0,금융 지원 서비스업,12.922941176470587,7.686470588235293,13.0,36.7,0.0,0.06030341340075854,-0.010993957996579613,0.3333333333333333,OK,0.0,UNVALIDATED_MODEL,22.67076175907821,22.67076175907821,0.0,4,1,0.5,0.5,0.0,STRUCT+TIMING+SECTOR,default,default,default,70,20260805,20260805,,2.6,2.6,2.6,-12.0,-33.79,FRESH,0.291,,False,0.3,True,MATURE,11693.0,ALPHA_WIN_PROB,2.196,,1.81,0.0,상태 WAIT — 신규진입 상태 아님(사이징 제외),0.3559,0.0,0.0,v40_alpha_tilt,,,,,,True,17.9,,ELITE_SCORE,MATURE,11693,2.4.0,OK,,100.0,ATTACK,OK,OK,OK,OK,OK,OK,OK,0,7,True,True,True,,0,GREEN,,,100.0,BUY,1,,0,0,0,0,,0.0,T=5<70,100.0,GREEN,,,0,False,0,ENTRY_READY_BUT_NOT_TOP_PICK,TOP_PICK=0,진입조건은 양호하나 공식 Top Pick 아님,50.0,ENTRY_CLEAN_OBSERVE,ENTRY_CLEAN_OBSERVE,NORMAL,0,0,0,0,0,0,0,0,0,CLEAR,,,0,0,0,0,0.0,,,,,,,,,,DISABLED_LOSS_DEFENSE,,,,,,True,False,True,True,False,True,True,True,0.0,0.0,0.0,0.0,20.0,0.0,0.0,0.0,20.0,0.5,False,True,False,3,False,0.0,0.0,G2RR×0.5 · G5추세붕괴3축,,0,0,0,,0.0,0,,False,0.0,0.0,False,,False,True,,0,80.0,65.0,0,0,CAUTION,5일 상승 8.9% > 5%,C,WATCH,0,0.2,관찰,시장폭 82.2 · 5일 8.9%,30.01,6,269,0,23.36,276,,-4.0,27120.0,"진입 후 D+1 종가 27,120원(-4%) 이탈 시 익일 조기청산 권고",46.2,"최근 20거래일 유니버스 실측 2일 상승률 46.2% (n=6,245) · 종목별 유의차 미검증",NO_EDGE_VALIDATED,OK,26272.0,31075.0,"손절 26,272(-7%)·본전전환 29,662(+5%)·1차익절 31,075(+10%) · ⚡ D+2내 28,815(+2%) 도달 시 절반 익절+잔여 본전 상향 (실측: 초반 급등 후 되돌림 -0.9%)",0,70.3,0,0,알파 58점 (진입선 85점 미달),alpha_gate_v32,WATCH,0.0,,,0,NEUTRAL,"중립 레짐 — KOSPI 20일선 아래, 시장폭 82% (실측: 본전 구간 → 진입 허용하되 사이즈 50%)",0.5,1,57.6,29662.0,0.2958,1,이 점수 구간의 과거 실측 승률 29% (표본 11693건) · 거래량 밀집가 대비 -8.9% — 가치영역 근접 (실측 표본 적음) · 손익비 2.2 (손절 -8.1% / 1차목표 +17.9%),중립 레짐 — 사이즈 50% 권장,29.1,True,WAIT,1,85.0,1,0,28815.0,,,,,1,1.0,,0,38.7,pctl>0.30,0,,0,1.0
54,071050,한국금융지주,KOSPI,금융,209500,384.89,116746.0,0.0,0.0,WAIT,WAIT,3,False,0,True,0.0,0.0,0.0,0.0,0.0,0.0,0.0,0.0,0.0,100.0,2.66,1.5,밸런스우수 + RR2.7 + 진입적정,0,206500.0,189800.0,262000.0,283000.0,,1.09,0.79,232288,-18.18,특이사항 없음,0,-17.71,39.2,-2.2,,,저점 이탈,추세 관망,NORMAL,82.2,기타 금융업,38488733500.0,41.3,31.06,0,0,3.46,14.17,-2.56,-13.96,-21.97,-0.95,-0.14,-9.97,-28.73,0.933,0.435,0,12.0,0,0,1.03,0.41,0,0,0,0,-1,236870.0,-9.81,0.454,False,X,▼,191024,▲,O,X,1.98,250,0,-1,-1,1,300500.0,enter,100.0,NORMAL+PM_BLOCK_INTRADAY+EF:정상,8.09,4.0,3.3,normal,7.0,v1_sl_first_gap_at_open,NORMAL+PM_BLOCK_INTRADAY+EF:정상,SWING_20D,12,SWING_60D,5,SWING_120D,2,0.0,기타 금융업,14.904375,12.145312500000001,11.0,34.2,0.0,0.07698602113876578,-0.1377586034575959,0.5,OK,0.0,UNVALIDATED_MODEL,17.499075316811723,17.499075316811723,0.0,2,0,0.5,0.5,0.0,STRUCT+TIMING+SECTOR,default,default,default,70,20260805,20260805,,0.0,0.0,0.0,-12.0,-33.79,FRESH,0.291,,False,0.3,True,MATURE,11693.0,ALPHA_WIN_PROB,3.323,,1.81,0.0,상태 WAIT — 신규진입 상태 아님(사이징 제외),0.3559,0.0,0.0,v40_alpha_tilt,,,,,,True,25.1,,ELITE_SCORE,MATURE,11693,2.4.0,OK,,100.0,ATTACK,OK,OK,OK,OK,OK,OK,OK,0,7,True,True,True,,0,GREEN,,,100.0,BUY,1,,0,0,0,0,,0.0,T=0<70,100.0,GREEN,,,0,False,0,ENTRY_READY_BUT_NOT_TOP_PICK,TOP_PICK=0,진입조건은 양호하나 공식 Top Pick 아님,45.0,ENTRY_CLEAN_OBSERVE,ENTRY_CLEAN_OBSERVE,NORMAL,0,0,0,0,0,0,0,0,0,CLEAR,,,0,0,0,0,0.0,,,,,,,,,,DISABLED_LOSS_DEFENSE,,,,,,True,False,True,False,False,True,True,True,0.0,0.0,0.0,0.0,20.0,0.0,0.0,0.0,20.0,0.3,True,True,False,3,False,0.0,0.0,G2RR×0.3 · G4저모멘텀차단 · G5추세붕괴3축,,0,0,0,,0.0,0,,False,0.0,0.0,False,,False,True,,0,66.0,51.0,0,0,CAUTION,5일 상승 14.2% > 5%,C,WATCH,0,0.2,관찰,시장폭 82.2 · 5일 14.2%,32.89,6,258,0,20.08,287,,-4.0,198240.0,"진입 후 D+1 종가 198,240원(-4%) 이탈 시 익일 조기청산 권고",46.2,"최근 20거래일 유니버스 실측 2일 상승률 46.2% (n=6,245) · 종목별 유의차 미검증",NO_EDGE_VALIDATED,OK,192045.0,227150.0,"손절 192,045(-7%)·본전전환 216,825(+5%)·1차익절 227,150(+10%) · ⚡ D+2내 210,630(+2%) 도달 시 절반 익절+잔여 본전 상향 (실측: 초반 급등 후 되돌림 -0.9%)",0,70.0,0,0,알파 48점 (진입선 85점 미달),alpha_gate_v32,WATCH,0.0,,,0,NEUTRAL,"중립 레짐 — KOSPI 20일선 아래, 시장폭 82% (실측: 본전 구간 → 진입 허용하되 사이즈 50%)",0.5,1,48.0,216825.0,0.2713,1,이 점수 구간의 과거 실측 승률 29% (표본 11693건) · 거래량 밀집가 대비 -18.2% — 가치영역 근접 (실측 표본 적음) · 손익비 2.7 (손절 -9.4% / 1차목표 +25.1%),중립 레짐 — 사이즈 50% 권장,29.1,True,WAIT,1,85.0,1,0,210630.0,,,,,0,1.0,,0,23.2,pctl>0.30,0,,0,1.0
55,088350,한화생명,KOSPI,금융,4355,114.96,37824.5,0.0,0.0,WAIT,ARMED,3,True,1,False,16.4,16.4,0.0,32.9,0.0,0.0,13.6,11.0,32.9,58.9,1.21,0.0,RR1.2 + 진입적정,0,4355.0,4005.0,4780.0,6350.0,,1.1,0.97,5140,-9.36,특이사항 없음,5,-6.32,45.2,-0.64,,,저점 이탈,알파 상위권 + 코일(스퀴즈/추세) — 진입 임박,NORMAL,82.2,보험업,11496371465.0,54.3,13.82,1,0,1.04,7.0,-1.69,-2.57,-9.27,17.7,11.25,2.73,-10.08,0.932,0.328,0,11.1,1,0,1.63,0.5,0,0,0,0,-1,4908.6,-15.29,0.0774,False,X,▼,4278,▼,O,X,1.39,250,0,-1,-1,1,7560.0,enter,100.0,NORMAL+PM_BLOCK_INTRADAY+EF:정상,8.04,5.0,1.2,normal,7.0,v1_sl_first_gap_at_open,NORMAL+PM_BLOCK_INTRADAY+EF:정상,SWING_20D,23,SWING_60D,2,SWING_120D,2,0.0,보험업,14.904375,12.145312500000001,11.0,35.2,0.0,0.05555191077579137,-0.0027112273586686842,0.696969696969697,OK,0.0,UNVALIDATED_MODEL,38.651332413250515,38.651332413250515,0.0,8,1,0.5,0.5,0.0,STRUCT+TIMING+SECTOR,default,default,default,70,20260805,20260805,,16.4,16.4,16.4,-12.0,-33.79,FRESH,0.291,,False,0.3,True,MATURE,11693.0,ALPHA_WIN_PROB,1.214,,1.214,0.0,실측 승률 36% < 필요 승률 45% (손익비 1.21) — 켈리 기준 미달,0.4516,0.0,0.0,v40_alpha_tilt,,,,,,True,9.8,,ELITE_SCORE,MATURE,11693,2.4.0,OK,,100.0,ATTACK,OK,OK,OK,OK,OK,OK,OK,0,7,True,True,True,,0,GREEN,,,100.0,BUY,1,,0,0,0,0,,0.0,T=33<70,100.0,GREEN,,,0,False,0,ENTRY_READY_BUT_NOT_TOP_PICK,TOP_PICK=0,진입조건은 양호하나 공식 Top Pick 아님,50.0,ENTRY_CLEAN_OBSERVE,ENTRY_CLEAN_OBSERVE,NORMAL,0,0,0,0,0,0,0,0,0,CLEAR,,,0,0,0,0,0.0,,,,,,,,,,DISABLED_LOSS_DEFENSE,,,,,,True,False,True,True,False,True,True,True,0.0,0.0,0.0,0.0,20.0,0.0,0.0,0.0,20.0,0.5,False,True,False,4,False,0.0,0.0,G2RR×0.5 · G5추세붕괴4축,,0,0,0,,0.0,0,,False,0.0,0.0,False,,False,True,,0,84.0,74.0,0,0,CAUTION,5일 상승 7.0% > 5%,B,REALISTIC_RR,0,0.35,관찰 후보,현실형 RR · 시장폭 82.2 · 5일 7.0%,42.23,6,221,0,48.9,185,,-4.0,4181.0,"진입 후 D+1 종가 4,181원(-4%) 이탈 시 익일 조기청산 권고",46.2,"최근 20거래일 유니버스 실측 2일 상승률 46.2% (n=6,245) · 종목별 유의차 미검증",NO_EDGE_VALIDATED,OK,4050.0,4790.0,"손절 4,050(-7%)·본전전환 4,573(+5%)·1차익절 4,790(+10%) · ⚡ D+2내 4,442(+2%) 도달 시 절반 익절+잔여 본전 상향 (실측: 초반 급등 후 되돌림 -0.9%)",0,69.6,0,0,알파 85점 (진입선 85점 미달) · 손익비 1.21,alpha_gate_v32,WATCH,0.0,,,0,NEUTRAL,"중립 레짐 — KOSPI 20일선 아래, 시장폭 82% (실측: 본전 구간 → 진입 허용하되 사이즈 50%)",0.5,1,84.8,4573.0,0.3572,1,이 점수 구간의 과거 실측 승률 29% (표본 11693건) · 거래량 밀집가 대비 -9.4% — 가치영역 근접 (실측 표본 적음) · 손익비 1.2 (손절 -8.0% / 1차목표 +9.8%) · 변동성 응축 5일째 (스퀴즈 — 방향 분출 대기) · AI 알파모델 예측 상위 15% (OOS 검증 통과 모델 — 이 구간 실측 승률 36%),중립 레짐 — 사이즈 50% 권장,29.1,True,WAIT,1,85.0,1,0,4442.0,,,,,1,1.0,,0,54.6,pctl>0.30,0,,0,1.0
56,006400,삼성SDI,KOSPI,2차전지,429000,1290.32,345711.9,0.0,0.0,WAIT,OVERHEAT,3,False,1,False,48.2,48.2,44.8,51.7,0.0,0.0,32.0,32.2,51.7,35.4,1.52,0.0,RR1.5 + 진입적정,0,429000.0,394500.0,481500.0,498000.0,,1.35,0.61,536995,4.77,특이사항 없음,0,-12.44,46.1,3.31,,,5일 급등,"과열(급등·MFI·RSI) — 실측 역신호, 관망",NORMAL,82.2,일차전지 및 이차전지 제조업,129031583250.0,47.1,26.75,0,0,2.26,17.86,2.39,-3.6,-36.73,11.28,10.22,-24.73,-16.5,0.639,0.204,1,12.0,1,0,1.53,0.62,0,0,0,1,-1,482700.0,-20.11,0.4551,False,X,▲,387379,▲,O,X,2.38,250,0,1,-1,1,707000.0,enter,100.0,NORMAL+PM_BLOCK_INTRADAY+EF:정상,8.04,4.0,1.5,normal,7.0,v1_sl_first_gap_at_open,NORMAL+PM_BLOCK_INTRADAY+EF:정상,SWING_20D,23,ATR_2x,23,SWING_60D,2,0.0,일차전지 및 이차전지 제조업,25.9875,11.055,5.0,15.3,0.0,0.08033633033633035,-0.018038240293496564,0.34375,OK,0.0,UNVALIDATED_MODEL,42.9453981743159,42.9453981743159,0.0,6,1,0.5,0.5,0.0,STRUCT+TIMING+SECTOR,default,default,default,70,20260805,20260805,,48.2,48.2,48.2,-12.0,-33.79,FRESH,0.259,,False,0.306,True,MATURE,11693.0,ALPHA_WIN_PROB,1.522,,1.522,0.0,상태 OVERHEAT — 신규진입 상태 아님(사이징 제외),0.3966,0.0,0.0,v40_alpha_tilt,,,,,,True,12.2,,ELITE_SCORE,MATURE,11693,2.4.0,OK,,100.0,ATTACK,OK,OK,OK,OK,OK,OK,OK,0,7,True,True,True,,0,GREEN,,,100.0,BUY,1,,0,0,0,0,,0.0,T=52<70,100.0,GREEN,,,0,False,0,ENTRY_READY_BUT_NOT_TOP_PICK,TOP_PICK=0,진입조건은 양호하나 공식 Top Pick 아님,50.0,ENTRY_CLEAN_OBSERVE,ENTRY_CLEAN_OBSERVE,NORMAL,0,0,0,0,0,0,0,0,0,CLEAR,,,0,0,0,0,0.0,,,,,,,,,,DISABLED_LOSS_DEFENSE,,,,,,True,False,True,True,True,True,True,True,0.0,0.0,0.0,0.0,0.0,0.0,0.0,0.0,0.0,0.5,False,False,False,1,False,16.0,0.5,G2RR×0.5,,0,0,0,,16.0,0,,False,0.0,0.0,False,,False,True,,0,78.0,74.0,0,0,CAUTION,5일 상승 17.9% > 5%,C,WATCH,0,0.2,관찰,시장폭 82.2 · 5일 17.9%,53.64,6,148,0,72.49,40,,-4.0,411840.0,"진입 후 D+1 종가 411,840원(-4%) 이탈 시 익일 조기청산 권고",46.2,"최근 20거래일 유니버스 실측 2일 상승률 46.2% (n=6,245) · 종목별 유의차 미검증",NO_EDGE_VALIDATED,OK,398970.0,471900.0,"손절 398,970(-7%)·본전전환 450,450(+5%)·1차익절 471,900(+10%) · ⚡ D+2내 437,580(+2%) 도달 시 절반 익절+잔여 본전 상향 (실측: 초반 급등 후 되돌림 -0.9%)",0,68.8,0,0,알파 51점 (진입선 85점 미달),alpha_gate_v32,WATCH,0.0,,,0,NEUTRAL,"중립 레짐 — KOSPI 20일선 아래, 시장폭 82% (실측: 본전 구간 → 진입 허용하되 사이즈 50%)",0.5,1,51.4,450450.0,0.2958,1,이 점수 구간의 과거 실측 승률 26% (표본 11693건) · 거래량 밀집가 대비 +4.8% — 가치영역 근접 (실측 승률 40%) · 손익비 1.5 (손절 -8.0% / 1차목표 +12.2%),중립 레짐 — 사이즈 50% 권장,25.9,True,WAIT,1,85.0,1,0,437580.0,,,,,1,1.0,,0,39.2,pctl>0.30,0,,0,1.0
57,001740,SK네트웍스,KOSPI,기타,7900,101.1,15846.9,0.0,0.0,WAIT,OVERHEAT,3,False,0,False,41.8,41.8,57.7,25.9,0.0,0.0,24.8,27.9,57.7,27.9,1.56,1.5,RR1.6 + 진입적정,0,7780.0,7150.0,9070.0,16240.0,,2.3,0.78,10949,-10.54,특이사항 없음,0,-14.21,47.3,2.7,거래품질 우수,,5일 급등,"과열(급등·MFI·RSI) — 실측 역신호, 관망",NORMAL,82.2,기타 전문 도매업,10110305300.0,54.0,30.76,0,0,4.77,19.7,2.73,-13.47,17.38,50.19,0.35,29.38,22.41,0.809,0.237,0,12.0,1,0,5.67,0.58,0,0,0,1,-1,8317.0,-27.85,0.6183,False,X,▲,6970,▲,O,X,2.65,250,0,1,1,1,19020.0,enter,100.0,NORMAL+PM_BLOCK_INTRADAY+EF:정상,8.1,5.0,2.0,normal,7.0,v1_sl_first_gap_at_open,NORMAL+PM_BLOCK_INTRADAY+EF:정상,SWING_20D,23,SWING_60D,2,FIBO_1.272,2,0.0,기타 전문 도매업,22.15142857142857,8.541428571428572,9.0,25.3,0.0,0.07319168173598553,-0.002339904860029047,0.2328767123287671,OK,0.0,UNVALIDATED_MODEL,41.31134581077017,41.31134581077017,0.0,6,1,0.5,0.5,0.0,STRUCT+TIMING+SECTOR,default,default,default,70,20260805,20260805,,41.8,41.8,41.8,-12.0,-33.79,FRESH,0.291,,False,0.3,True,MATURE,11693.0,ALPHA_WIN_PROB,2.048,,1.81,0.0,상태 OVERHEAT — 신규진입 상태 아님(사이징 제외),0.3559,0.0,0.0,v40_alpha_tilt,,,,,,True,14.8,,ELITE_SCORE,MATURE,11693,2.4.0,OK,,100.0,ATTACK,OK,OK,OK,OK,OK,OK,OK,0,7,True,True,True,,0,GREEN,,,100.0,BUY,1,,0,0,0,0,,0.0,T=26<70 · S=58≥50,100.0,GREEN,,,0,False,0,ENTRY_READY_BUT_NOT_TOP_PICK,TOP_PICK=0,진입조건은 양호하나 공식 Top Pick 아님,50.0,ENTRY_CLEAN_OBSERVE,ENTRY_CLEAN_OBSERVE,NORMAL,0,0,0,0,0,0,0,0,0,CLEAR,,,0,0,0,0,0.0,,,,,,,,,,DISABLED_LOSS_DEFENSE,,,,,,True,False,True,True,True,True,True,True,0.0,0.0,0.0,0.0,0.0,0.0,0.0,0.0,0.0,0.5,False,False,False,2,False,12.4,0.5,G2RR×0.5,,0,0,0,,12.4,0,,False,0.0,0.0,False,,False,True,,0,78.0,70.0,0,0,CAUTION,5일 상승 19.7% > 5%,C,WATCH,0,0.2,관찰,시장폭 82.2 · 5일 19.7%,39.06,6,235,0,58.85,126,,-4.0,7469.0,"진입 후 D+1 종가 7,469원(-4%) 이탈 시 익일 조기청산 권고",46.2,"최근 20거래일 유니버스 실측 2일 상승률 46.2% (n=6,245) · 종목별 유의차 미검증",NO_EDGE_VALIDATED,OK,7235.0,8558.0,"손절 7,235(-7%)·본전전환 8,169(+5%)·1차익절 8,558(+10%) · ⚡ D+2내 7,936(+2%) 도달 시 절반 익절+잔여 본전 상향 (실측: 초반 급등 후 되돌림 -0.9%)",0,68.2,0,0,알파 23점 (진입선 85점 미달),alpha_gate_v32,WATCH,0.0,,,0,NEUTRAL,"중립 레짐 — KOSPI 20일선 아래, 시장폭 82% (실측: 본전 구간 → 진입 허용하되 사이즈 50%)",0.5,1,22.6,8169.0,0.2452,1,이 점수 구간의 과거 실측 승률 29% (표본 11693건) · 거래량 밀집가 대비 -10.5% — 가치영역 근접 (실측 표본 적음) · 손익비 1.6 (손절 -9.5% / 1차목표 +14.8%),중립 레짐 — 사이즈 50% 권장 · AI 알파모델 예측 하위 23% — 이 구간 실측 승률 25% — 픽 제외 구간,29.1,True,WAIT,1,85.0,1,0,7936.0,,,,,1,1.0,,0,33.1,pctl>0.30,0,,0,1.0
58,007070,GS리테일,KOSPI,유통·소비재,24800,59.37,20734.6,0.0,0.0,NEUTRAL,WAIT,4,False,1,True,35.2,35.2,8.8,61.5,0.0,0.0,25.7,23.4,61.5,23.1,1.5,0.0,RR1.5 + 진입적정,0,24800.0,23000.0,27500.0,29950.0,,0.05,1.25,25455,6.73,특이사항 없음,5,-2.26,43.3,-1.9,,,,추세 관망,NORMAL,82.2,종합 소매업,5937497650.0,38.8,10.44,1,0,-1.0,1.02,1.43,-3.88,-3.88,18.38,9.94,8.12,-9.4,0.337,0.337,1,12.0,0,1,1.3,0.28,0,0,0,0,1,22340.0,-2.58,0.0406,True,O,▲,24504,▼,O,X,-0.6,250,0,1,1,1,,enter,100.0,SWING+PM_BLOCK_INTRADAY+EF:정상,7.26,5.0,1.5,normal,7.0,v1_sl_first_gap_at_open,SWING+PM_BLOCK_INTRADAY+EF:정상,SWING_20D,23,SWING_60D,12,,0,0.0,종합 소매업,-1.063076923076923,-0.3392307692307692,16.0,87.1,0.0,0.06350806451612903,0.023087366998783082,0.75,OK,0.0,UNVALIDATED_MODEL,41.86859485304947,41.86859485304947,0.0,6,1,0.5,0.5,0.0,STRUCT+TIMING+SECTOR,default,default,default,70,20260805,20260805,,35.2,35.2,35.2,-12.0,-33.79,FRESH,0.288,,False,0.3,True,MATURE,11693.0,ALPHA_WIN_PROB,1.5,,1.5,0.0,상태 WAIT — 신규진입 상태 아님(사이징 제외),0.4,0.0,0.0,v40_alpha_tilt,,,,,,True,10.9,,ELITE_SCORE,MATURE,11693,2.4.0,OK,,100.0,ATTACK,OK,OK,OK,OK,OK,OK,OK,0,7,True,True,True,,0,GREEN,,,90.0,BUY,1,,0,0,0,0,,0.0,T=62<70,100.0,GREEN,,,0,False,0,ENTRY_READY_BUT_NOT_TOP_PICK,TOP_PICK=0,진입조건은 양호하나 공식 Top Pick 아님,50.0,ENTRY_CLEAN_OBSERVE,ENTRY_CLEAN_OBSERVE,NORMAL,0,0,0,0,0,0,0,0,0,CLEAR,,,0,0,0,0,0.0,,,,,,,,,,DISABLED_LOSS_DEFENSE,,,,,,True,False,True,True,True,True,True,True,0.0,0.0,0.0,0.0,0.0,0.0,0.0,0.0,0.0,0.5,False,False,False,2,False,12.8,0.5,G2RR×0.5,,0,0,0,,12.8,0,,False,0.0,0.0,False,,False,True,,0,88.0,90.0,0,0,CAUTION,중립/관찰,C,WATCH,0,0.2,관찰,시장폭 82.2 · 5일 1.0%,55.86,6,130,0,68.49,69,,-4.0,23808.0,"진입 후 D+1 종가 23,808원(-4%) 이탈 시 익일 조기청산 권고",46.2,"최근 20거래일 유니버스 실측 2일 상승률 46.2% (n=6,245) · 종목별 유의차 미검증",NO_EDGE_VALIDATED,HIGH_AVOID,23064.0,27280.0,"⛔ 고위험 루트(진입보류 권고) · 손절 23,064(-7%)·본전전환 26,040(+5%)·1차익절 27,280(+10%) · ⚡ D+2내 25,296(+2%) 도달 시 절반 익절+잔여 본전 상향 (실측: 초반 급등 후 되돌림 -0.9%)",0,67.5,0,0,알파 68점 (진입선 85점 미달),alpha_gate_v32,WATCH,0.0,,,0,NEUTRAL,"중립 레짐 — KOSPI 20일선 아래, 시장폭 82% (실측: 본전 구간 → 진입 허용하되 사이즈 50%)",0.5,1,67.5,26040.0,0.3233,1,이 점수 구간의 과거 실측 승률 29% (표본 11693건) · 거래량 밀집가 대비 +6.7% — 가치영역 근접 (실측 승률 40%) · 손익비 1.5 (손절 -7.3% / 1차목표 +10.9%) · 변동성 응축 5일째 (스퀴즈 — 방향 분출 대기),중립 레짐 — 사이즈 50% 권장,28.8,True,NEUTRAL,1,85.0,1,0,25296.0,,,,,1,1.0,,0,66.7,pctl>0.30,0,,0,1.0
59,127120,제이에스링크,KOSDAQ,기타,35350,76.0,12285.1,0.0,0.0,WAIT,OVERHEAT,3,False,0,False,23.7,23.7,15.7,31.7,0.0,0.0,17.5,15.8,31.7,60.4,1.74,1.7,RR1.7 + 진입적정,0,34750.0,31950.0,41250.0,42500.0,,0.61,1.58,35876,-3.12,특이사항 없음,0,-11.78,41.4,4.64,,,5일 급등,"과열(급등·MFI·RSI) — 실측 역신호, 관망",NORMAL,82.2,자연과학 및 공학 연구개발업,7600415975.0,41.3,41.22,0,0,7.45,18.03,7.28,-5.73,-18.55,13.85,-1.92,15.24,41.71,0.706,0.404,0,12.0,0,0,1.0,0.6,0,0,0,1,-1,38497.5,-1.47,0.5241,False,X,▼,29274,▲,O,X,3.8,250,0,-1,-1,1,43600.0,enter,100.0,NORMAL+PM_BLOCK_INTRADAY+EF:정상,8.06,5.0,2.3,normal,7.0,v1_sl_first_gap_at_open,NORMAL+PM_BLOCK_INTRADAY+EF:정상,SWING_20D,23,ATR_2x,23,SWING_60D,23,0.0,자연과학 및 공학 연구개발업,22.15142857142857,8.541428571428572,9.0,47.5,0.0,0.10946655890078805,-0.01203020738982148,0.3853211009174312,OK,0.0,UNVALIDATED_MODEL,46.5,46.5,0.0,2,0,0.5,0.5,0.0,STRUCT+TIMING+SECTOR,default,default,default,70,20260805,20260805,,23.7,23.7,23.7,-12.0,-33.79,FRESH,0.291,,False,0.3,True,MATURE,11693.0,ALPHA_WIN_PROB,2.321,,1.81,0.0,상태 OVERHEAT — 신규진입 상태 아님(사이징 제외),0.3559,0.0,0.0,v40_alpha_tilt,,,,,,True,16.7,,ELITE_SCORE,MATURE,11693,2.4.0,OK,,100.0,ATTACK,OK,OK,OK,OK,OK,OK,OK,0,7,True,True,True,,0,GREEN,,,100.0,BUY,1,,0,0,0,0,,0.0,T=32<70,100.0,GREEN,,,0,False,0,ENTRY_READY_BUT_NOT_TOP_PICK,TOP_PICK=0,진입조건은 양호하나 공식 Top Pick 아님,45.0,ENTRY_CLEAN_OBSERVE,ENTRY_CLEAN_OBSERVE,NORMAL,0,0,0,0,0,0,0,0,0,CLEAR,,,0,0,0,0,0.0,,,,,,,,,,DISABLED_LOSS_DEFENSE,,,,,,True,False,True,True,True,True,True,True,0.0,0.0,0.0,0.0,0.0,0.0,0.0,0.0,0.0,0.5,False,False,False,2,False,8.8,0.5,G2RR×0.5,,0,0,0,,8.8,0,,False,0.0,0.0,False,,False,True,,0,66.0,64.0,0,0,CAUTION,5일 상승 18.0% > 5%,C,WATCH,0,0.2,관찰,시장폭 82.2 · 5일 18.0%,49.51,6,173,0,57.57,136,,-4.0,33360.0,"진입 후 D+1 종가 33,360원(-4%) 이탈 시 익일 조기청산 권고",46.2,"최근 20거래일 유니버스 실측 2일 상승률 46.2% (n=6,245) · 종목별 유의차 미검증",NO_EDGE_VALIDATED,OK,32317.0,38225.0,"손절 32,317(-7%)·본전전환 36,488(+5%)·1차익절 38,225(+10%) · ⚡ D+2내 35,445(+2%) 도달 시 절반 익절+잔여 본전 상향 (실측: 초반 급등 후 되돌림 -0.9%)",0,66.4,0,0,알파 30점 (진입선 85점 미달),alpha_gate_v32,WATCH,0.0,,,0,NEUTRAL,"중립 레짐 — KOSPI 20일선 아래, 시장폭 82% (실측: 본전 구간 → 진입 허용하되 사이즈 50%)",0.5,1,30.3,36488.0,0.2433,1,이 점수 구간의 과거 실측 승률 29% (표본 11693건) · 거래량 밀집가 대비 -3.1% — 가치영역 근접 (실측 표본 적음) · 손익비 1.7 (손절 -9.6% / 1차목표 +16.7%),중립 레짐 — 사이즈 50% 권장,29.1,True,WAIT,1,85.0,1,0,35445.0,,,,,1,1.0,,0,41.8,pctl>0.30,0,,0,1.0
60,086790,하나금융지주,KOSPI,금융,128600,729.52,352836.9,0.0,0.0,WAIT,WAIT,3,False,1,True,22.2,22.2,13.1,31.3,0.0,0.0,16.6,14.8,31.3,60.9,1.35,0.0,RR1.4 + 진입적정,0,128600.0,118300.0,142500.0,152700.0,,0.59,0.57,123087,11.3,특이사항 없음,0,-1.34,35.6,-0.36,,,,추세 관망,NORMAL,82.2,기타 금융업,72951754942.0,52.9,15.08,0,0,0.78,6.81,-2.28,1.34,1.66,12.71,15.16,13.66,-15.07,0.116,0.116,1,10.7,0,0,1.03,0.44,10031,6044,16075,0,1,116760.0,4.48,0.1296,False,O,▲,124266,▲,O,X,2.66,250,0,1,1,1,164100.0,enter,100.0,NORMAL+PM_BLOCK_INTRADAY+EF:정상,8.01,4.0,1.3,normal,7.0,v1_sl_first_gap_at_open,NORMAL+PM_BLOCK_INTRADAY+EF:정상,SWING_20D,23,ATR_3.5x,12,FIBO_1.618,2,0.0,기타 금융업,14.904375,12.145312500000001,11.0,16.0,0.0,0.05343257053988003,0.00128211212799828,0.40384615384615385,OK,0.0,UNVALIDATED_MODEL,17.070667481648815,17.070667481648815,0.0,2,0,0.5,0.5,0.0,STRUCT+TIMING+SECTOR,default,default,default,70,20260805,20260805,,22.2,22.2,22.2,-12.0,-33.79,FRESH,0.291,,False,0.3,True,MATURE,11693.0,ALPHA_WIN_PROB,1.35,,1.35,0.0,상태 WAIT — 신규진입 상태 아님(사이징 제외),0.4256,0.0,0.0,v40_alpha_tilt,,,,,,True,10.8,,ELITE_SCORE,MATURE,11693,2.4.0,OK,,100.0,ATTACK,OK,OK,OK,OK,OK,OK,OK,0,7,True,True,True,,0,GREEN,,,100.0,BUY,1,,0,0,0,0,,0.0,T=31<70,100.0,GREEN,,,0,False,0,ENTRY_READY_BUT_NOT_TOP_PICK,TOP_PICK=0,진입조건은 양호하나 공식 Top Pick 아님,45.0,ENTRY_CLEAN_OBSERVE,ENTRY_CLEAN_OBSERVE,NORMAL,0,0,0,0,0,0,0,0,0,CLEAR,,,0,0,0,0,0.0,,,,,,,,,,DISABLED_LOSS_DEFENSE,,,,,,True,False,True,True,True,True,True,True,0.0,0.0,0.0,0.0,0.0,0.0,0.0,0.0,0.0,0.5,False,False,False,1,False,8.3,0.5,G2RR×0.5,,0,0,0,,8.3,0,,False,0.0,0.0,False,,False,True,,0,72.0,72.0,0,0,CAUTION,5일 상승 6.8% > 5%,C,WATCH,0,0.2,관찰,시장폭 82.2 · 5일 6.8%,46.62,6,192,0,55.66,145,,-4.0,123456.0,"진입 후 D+1 종가 123,456원(-4%) 이탈 시 익일 조기청산 권고",46.2,"최근 20거래일 유니버스 실측 2일 상승률 46.2% (n=6,245) · 종목별 유의차 미검증",NO_EDGE_VALIDATED,OK,119598.0,141460.0,"손절 119,598(-7%)·본전전환 135,030(+5%)·1차익절 141,460(+10%) · ⚡ D+2내 131,172(+2%) 도달 시 절반 익절+잔여 본전 상향 (실측: 초반 급등 후 되돌림 -0.9%)",0,66.2,0,0,알파 83점 (진입선 85점 미달),alpha_gate_v32,WATCH,0.0,,,0,NEUTRAL,"중립 레짐 — KOSPI 20일선 아래, 시장폭 82% (실측: 본전 구간 → 진입 허용하되 사이즈 50%)",0.5,1,83.3,135030.0,0.3572,1,이 점수 구간의 과거 실측 승률 29% (표본 11693건) · 거래량 밀집가 대비 +11.3% — 가치영역 근접 (실측 승률 48%) · 손익비 1.4 (손절 -8.0% / 1차목표 +10.8%) · AI 알파모델 예측 상위 17% (OOS 검증 통과 모델 — 이 구간 실측 승률 36%),중립 레짐 — 사이즈 50% 권장,29.1,True,WAIT,1,85.0,1,0,131172.0,,,,,1,1.0,,0,70.3,pctl>0.30,0,,0,1.0
61,105560,KB금융,KOSPI,금융,170700,1439.02,605452.0,0.0,0.0,WAIT,WAIT,3,False,1,True,21.0,21.0,11.0,30.9,0.0,0.0,15.9,14.0,30.9,61.4,1.74,0.0,RR1.7 + 진입적정,0,170700.0,157000.0,194500.0,202500.0,,1.01,0.56,164079,9.04,특이사항 없음,0,-4.94,39.3,-1.45,,,,추세 관망,NORMAL,82.2,기타 금융업,143901967400.0,50.5,15.44,0,0,1.13,6.62,-2.51,-1.44,5.57,22.37,12.38,17.57,-5.41,0.115,0.115,1,10.6,0,0,1.01,0.38,29360,-6487,22873,0,1,159690.0,4.04,0.1404,False,O,▲,165471,▲,O,X,1.9,250,0,1,1,1,208000.0,enter,100.0,NORMAL+PM_BLOCK_INTRADAY+EF:정상,8.03,4.0,1.7,normal,7.0,v1_sl_first_gap_at_open,NORMAL+PM_BLOCK_INTRADAY+EF:정상,SWING_20D,12,ATR_3.5x,12,FIBO_1.272,5,0.0,기타 금융업,14.904375,12.145312500000001,11.0,13.2,0.0,0.053226211398443385,0.06581583522298666,0.75,OK,0.0,UNVALIDATED_MODEL,16.6368307658541,16.6368307658541,0.0,2,0,0.5,0.5,0.0,STRUCT+TIMING+SECTOR,default,default,default,70,20260805,20260805,,21.0,21.0,21.0,-12.0,-33.79,FRESH,0.291,,False,0.3,True,MATURE,11693.0,ALPHA_WIN_PROB,1.737,,1.737,0.0,상태 WAIT — 신규진입 상태 아님(사이징 제외),0.3653,0.0,0.0,v40_alpha_tilt,,,,,,True,13.9,,ELITE_SCORE,MATURE,11693,2.4.0,OK,,100.0,ATTACK,OK,OK,OK,OK,OK,OK,OK,0,7,True,True,True,,0,GREEN,,,90.0,BUY,1,,0,0,0,0,,0.0,T=31<70,100.0,GREEN,,,0,False,0,ENTRY_READY_BUT_NOT_TOP_PICK,TOP_PICK=0,진입조건은 양호하나 공식 Top Pick 아님,45.0,ENTRY_CLEAN_OBSERVE,ENTRY_CLEAN_OBSERVE,NORMAL,0,0,0,0,0,0,0,0,0,CLEAR,,,0,0,0,0,0.0,,,,,,,,,,DISABLED_LOSS_DEFENSE,,,,,,True,False,True,True,True,True,False,True,0.0,0.0,0.0,0.0,0.0,0.0,15.0,0.0,15.0,0.5,False,False,False,1,False,0.0,0.0,G2RR×0.5 · G7윗꼬리약세-15,,0,0,0,,0.0,0,,False,0.0,0.0,False,,False,True,,0,72.0,66.0,0,0,CAUTION,5일 상승 6.6% > 5%,C,WATCH,0,0.2,관찰,시장폭 82.2 · 5일 6.6%,48.5,6,179,0,55.36,147,,-4.0,163872.0,"진입 후 D+1 종가 163,872원(-4%) 이탈 시 익일 조기청산 권고",46.2,"최근 20거래일 유니버스 실측 2일 상승률 46.2% (n=6,245) · 종목별 유의차 미검증",NO_EDGE_VALIDATED,OK,158751.0,187770.0,"손절 158,751(-7%)·본전전환 179,235(+5%)·1차익절 187,770(+10%) · ⚡ D+2내 174,114(+2%) 도달 시 절반 익절+잔여 본전 상향 (실측: 초반 급등 후 되돌림 -0.9%)",0,66.1,0,0,알파 83점 (진입선 85점 미달),alpha_gate_v32,WATCH,0.0,,,0,NEUTRAL,"중립 레짐 — KOSPI 20일선 아래, 시장폭 82% (실측: 본전 구간 → 진입 허용하되 사이즈 50%)",0.5,1,82.7,179235.0,0.3572,1,이 점수 구간의 과거 실측 승률 29% (표본 11693건) · 거래량 밀집가 대비 +9.0% — 가치영역 근접 (실측 승률 40%) · 손익비 1.7 (손절 -8.0% / 1차목표 +13.9%) · AI 알파모델 예측 상위 17% (OOS 검증 통과 모델 — 이 구간 실측 승률 36%),중립 레짐 — 사이즈 50% 권장,29.1,True,WAIT,1,85.0,1,0,174114.0,,,,,1,1.0,,0,58.8,pctl>0.30,0,,0,1.0
62,008770,호텔신라,KOSPI,유통·소비재,42100,153.34,16523.5,0.0,0.0,WAIT,WAIT,3,False,1,True,17.8,17.8,0.0,35.7,0.0,0.0,14.6,11.9,35.7,55.4,1.61,0.0,RR1.6 + 진입적정,0,42100.0,38800.0,47400.0,55000.0,,-1.0,1.2,52673,-20.15,특이사항 없음,0,-9.59,33.1,-8.88,,,저점 이탈,추세 관망,NORMAL,82.2,기타 상품 전문 소매업,15333834350.0,37.5,25.62,0,0,1.45,-3.44,-10.99,-22.32,-34.42,-15.97,-8.5,-22.42,-43.75,0.957,0.194,0,12.0,0,0,1.26,0.14,0,0,0,0,-1,49285.0,-20.07,-0.0839,True,X,▼,42229,▼,X,X,1.69,250,0,-1,-1,1,67200.0,enter,100.0,SWING+PM_BLOCK_INTRADAY+EF:정상,7.84,5.0,1.6,normal,7.0,v1_sl_first_gap_at_open,SWING+PM_BLOCK_INTRADAY+EF:정상,ATR_2x,23,SWING_20D,5,SWING_60D,2,0.0,기타 상품 전문 소매업,-1.063076923076923,-0.3392307692307692,16.0,58.4,0.0,0.06252120800814388,-0.03600840131492274,0.56,OK,0.0,UNVALIDATED_MODEL,45.600233544476005,45.600233544476005,0.0,2,0,0.5,0.5,0.0,STRUCT+TIMING+SECTOR,default,default,default,70,20260805,20260805,,17.8,17.8,17.8,-12.0,-33.79,FRESH,0.291,,False,0.3,True,MATURE,11693.0,ALPHA_WIN_PROB,1.606,,1.606,0.0,상태 WAIT — 신규진입 상태 아님(사이징 제외),0.3837,0.0,0.0,v40_alpha_tilt,,,,,,True,12.6,,ELITE_SCORE,MATURE,11693,2.4.0,OK,,100.0,ATTACK,OK,OK,OK,OK,OK,OK,OK,0,7,True,True,True,,0,GREEN,,,90.0,BUY,1,,0,0,0,0,,0.0,T=36<70,100.0,GREEN,,,0,False,0,ENTRY_READY_BUT_NOT_TOP_PICK,TOP_PICK=0,진입조건은 양호하나 공식 Top Pick 아님,45.0,ENTRY_CLEAN_OBSERVE,ENTRY_CLEAN_OBSERVE,NORMAL,0,0,0,0,0,0,0,0,0,CLEAR,,,0,0,0,0,0.0,,,,,,,,,,DISABLED_LOSS_DEFENSE,,,,,,True,False,True,True,False,True,True,True,0.0,0.0,0.0,0.0,20.0,0.0,0.0,0.0,20.0,0.5,False,True,False,5,False,0.0,0.0,G2RR×0.5 · G5추세붕괴5축,,0,0,0,,0.0,0,,False,0.0,0.0,False,,False,True,,0,88.0,79.0,0,0,CAUTION,중립/관찰,C,WATCH,0,0.2,관찰,섹터 약세+RSI 약함 · 시장폭 82.2 · 5일 -3.4%,40.4,6,229,0,50.31,173,,-4.0,40416.0,"진입 후 D+1 종가 40,416원(-4%) 이탈 시 익일 조기청산 권고",46.2,"최근 20거래일 유니버스 실측 2일 상승률 46.2% (n=6,245) · 종목별 유의차 미검증",NO_EDGE_VALIDATED,OK,39153.0,46310.0,"손절 39,153(-7%)·본전전환 44,205(+5%)·1차익절 46,310(+10%) · ⚡ D+2내 42,942(+2%) 도달 시 절반 익절+잔여 본전 상향 (실측: 초반 급등 후 되돌림 -0.9%)",0,65.8,0,0,알파 77점 (진입선 85점 미달),alpha_gate_v32,WATCH,0.0,,,0,NEUTRAL,"중립 레짐 — KOSPI 20일선 아래, 시장폭 82% (실측: 본전 구간 → 진입 허용하되 사이즈 50%)",0.5,1,77.1,44205.0,0.3379,1,이 점수 구간의 과거 실측 승률 29% (표본 11693건) · 거래량 밀집가 대비 -20.1% — 가치영역 근접 (실측 표본 적음) · 손익비 1.6 (손절 -7.8% / 1차목표 +12.6%) · AI 알파모델 예측 상위 23% (OOS 검증 통과 모델 — 이 구간 실측 승률 34%),중립 레짐 — 사이즈 50% 권장,29.1,True,WAIT,1,85.0,1,0,42942.0,,,,,1,1.0,,0,46.3,pctl>0.30,0,,0,1.0
63,069960,현대백화점,KOSPI,유통·소비재,110100,509.22,23743.0,0.0,0.0,NEUTRAL,WAIT,4,False,1,True,7.6,7.6,0.0,15.3,0.0,0.0,6.6,5.1,15.3,80.9,2.74,0.0,밸런스우수 + RR2.7 + 진입적정,0,110100.0,101200.0,134500.0,179900.0,,-0.9,2.77,151476,-0.65,특이사항 없음,0,-23.26,22.2,-20.69,,,MFI 약세,⚠️ 낙폭 과대 — 반등 추격 실측 손실(이격 -15%↓ 10일 -3.6%·승률 41%),NORMAL,82.2,종합 소매업,50922042100.0,17.3,56.48,0,0,-7.01,-7.4,-20.85,-37.55,-1.78,8.58,-23.73,10.22,-19.2,0.713,0.31,0,12.0,1,0,1.27,0.1,0,0,0,0,-1,147550.0,-27.32,0.4899,False,X,▲,110534,▼,X,X,1.6,250,0,1,1,1,222000.0,enter,100.0,NORMAL+PM_BLOCK_INTRADAY+EF:정상,8.08,5.0,2.7,normal,7.0,v1_sl_first_gap_at_open,NORMAL+PM_BLOCK_INTRADAY+EF:정상,ATR_2x,23,SWING_20D,2,SWING_60D,2,0.0,종합 소매업,-1.063076923076923,-0.3392307692307692,16.0,68.3,0.0,0.11061372777994032,-0.06441831823597681,0.26859504132231404,OK,0.0,UNVALIDATED_MODEL,31.813251251594757,31.813251251594757,0.0,4,1,0.5,0.5,0.0,STRUCT+TIMING+SECTOR,default,default,default,70,20260805,20260805,,7.6,7.6,7.6,-12.0,-33.79,FRESH,0.291,,False,0.3,True,MATURE,11693.0,ALPHA_WIN_PROB,2.742,,1.81,0.0,상태 WAIT — 신규진입 상태 아님(사이징 제외),0.3559,0.0,0.0,v40_alpha_tilt,,,,,,True,22.2,,ELITE_SCORE,MATURE,11693,2.4.0,OK,,100.0,ATTACK,OK,OK,OK,OK,OK,OK,OK,0,7,True,True,True,,0,GREEN,,,70.0,BUY,1,전일 -7.0%,0,0,0,0,,0.0,T=15<70,100.0,GREEN,,,0,False,0,ENTRY_READY_BUT_NOT_TOP_PICK,TOP_PICK=0,진입조건은 양호하나 공식 Top Pick 아님,50.0,ENTRY_CLEAN_OBSERVE,ENTRY_CLEAN_OBSERVE,NORMAL,0,0,0,0,0,0,0,0,0,CLEAR,,,0,0,0,0,0.0,,,,,,,,,,DISABLED_LOSS_DEFENSE,,,,,,True,False,True,True,False,True,True,True,0.0,0.0,0.0,0.0,20.0,0.0,0.0,0.0,20.0,0.5,False,True,False,4,False,0.0,0.0,G2RR×0.5 · G5추세붕괴4축,,0,0,0,,0.0,0,,False,0.0,0.0,False,,False,True,,0,88.0,74.0,0,0,CAUTION,중립/관찰,C,WATCH,0,0.2,관찰,섹터 약세+RSI 약함 · 시장폭 82.2 · 5일 -7.4%,39.63,6,233,0,32.51,251,,-4.0,105696.0,"진입 후 D+1 종가 105,696원(-4%) 이탈 시 익일 조기청산 권고",46.2,"최근 20거래일 유니버스 실측 2일 상승률 46.2% (n=6,245) · 종목별 유의차 미검증",NO_EDGE_VALIDATED,HIGH_AVOID,102393.0,121110.0,"⛔ 고위험 루트(진입보류 권고) · 손절 102,393(-7%)·본전전환 115,605(+5%)·1차익절 121,110(+10%) · ⚡ D+2내 112,302(+2%) 도달 시 절반 익절+잔여 본전 상향 (실측: 초반 급등 후 되돌림 -0.9%)",0,65.8,0,0,알파 42점 (진입선 85점 미달),alpha_gate_v32,WATCH,0.0,,,0,NEUTRAL,"중립 레짐 — KOSPI 20일선 아래, 시장폭 82% (실측: 본전 구간 → 진입 허용하되 사이즈 50%)",0.5,1,41.8,115605.0,0.2713,1,이 점수 구간의 과거 실측 승률 29% (표본 11693건) · 거래량 밀집가 대비 -0.7% — 가치영역 근접 (실측 표본 적음) · 손익비 2.7 (손절 -8.1% / 1차목표 +22.2%),중립 레짐 — 사이즈 50% 권장,29.1,True,NEUTRAL,1,85.0,1,0,112302.0,,,,,0,1.0,,1,12.1,pctl>0.30,0,,0,1.0
64,138930,BNK금융지주,KOSPI,금융,14940,191.98,46362.9,0.0,0.0,NEUTRAL,WAIT,4,False,1,True,16.7,16.7,0.0,33.4,0.0,0.0,13.8,11.1,33.4,58.2,1.48,0.0,RR1.5 + 진입적정,0,14940.0,13740.0,16710.0,18790.0,,0.04,1.1,17129,-17.78,특이사항 없음,0,-16.84,21.6,-12.27,,,저점 이탈,추세 관망,NORMAL,82.2,기타 금융업,19198465890.0,45.7,32.51,0,0,-1.13,-0.13,-15.97,-19.11,-16.54,-16.11,-5.29,-4.54,-43.89,1.0,0.13,0,11.8,0,0,1.11,0.17,0,0,0,0,-1,17778.0,-12.78,0.0349,False,X,▼,14921,▼,O,X,0.13,250,0,-1,-1,1,19800.0,enter,100.0,SWING+PM_BLOCK_INTRADAY+EF:정상,8.03,5.0,1.5,normal,7.0,v1_sl_first_gap_at_open,SWING+PM_BLOCK_INTRADAY+EF:정상,ATR_2x,23,SWING_20D,5,BB_UPPER,2,0.0,기타 금융업,14.904375,12.145312500000001,11.0,20.7,0.0,0.05895008605851979,-0.1142953417539533,0.5777777777777777,OK,0.0,UNVALIDATED_MODEL,43.60182724234595,43.60182724234595,0.0,4,1,0.5,0.5,0.0,STRUCT+TIMING+SECTOR,default,default,default,70,20260805,20260805,,16.7,16.7,16.7,-12.0,-33.79,FRESH,0.291,,False,0.3,True,MATURE,11693.0,ALPHA_WIN_PROB,1.475,,1.475,0.0,상태 WAIT — 신규진입 상태 아님(사이징 제외),0.404,0.0,0.0,v40_alpha_tilt,,,,,,True,11.8,,ELITE_SCORE,MATURE,11693,2.4.0,OK,,100.0,ATTACK,OK,OK,OK,OK,OK,OK,OK,0,7,True,True,True,,0,GREEN,,,90.0,BUY,1,,0,0,0,0,,0.0,T=33<70,100.0,GREEN,,,0,False,0,ENTRY_READY_BUT_NOT_TOP_PICK,TOP_PICK=0,진입조건은 양호하나 공식 Top Pick 아님,50.0,ENTRY_CLEAN_OBSERVE,ENTRY_CLEAN_OBSERVE,NORMAL,0,0,0,0,0,0,0,0,0,CLEAR,,,0,0,0,0,0.0,,,,,,,,,,DISABLED_LOSS_DEFENSE,,,,,,True,False,True,True,False,True,True,True,0.0,0.0,0.0,0.0,20.0,0.0,0.0,0.0,20.0,0.5,False,True,False,4,False,0.0,0.0,G2RR×0.5 · G5추세붕괴4축,,0,0,0,,0.0,0,,False,0.0,0.0,False,,False,True,,0,84.0,84.0,0,0,CAUTION,중립/관찰,C,WATCH,0,0.2,관찰,시장폭 82.2 · 5일 -0.1%,42.34,6,220,0,49.34,182,,-4.0,14342.0,"진입 후 D+1 종가 14,342원(-4%) 이탈 시 익일 조기청산 권고",46.2,"최근 20거래일 유니버스 실측 2일 상승률 46.2% (n=6,245) · 종목별 유의차 미검증",NO_EDGE_VALIDATED,HIGH_AVOID,13894.0,16434.0,"⛔ 고위험 루트(진입보류 권고) · 손절 13,894(-7%)·본전전환 15,687(+5%)·1차익절 16,434(+10%) · ⚡ D+2내 15,239(+2%) 도달 시 절반 익절+잔여 본전 상향 (실측: 초반 급등 후 되돌림 -0.9%)",0,65.7,0,0,저점추세 당일 하위 25% (알파 통과·자리 미달),alpha_gate_v32,WATCH,0.0,,,0,NEUTRAL,"중립 레짐 — KOSPI 20일선 아래, 시장폭 82% (실측: 본전 구간 → 진입 허용하되 사이즈 50%)",0.5,1,93.5,15687.0,0.3888,1,이 점수 구간의 과거 실측 승률 29% (표본 11693건) · 거래량 밀집가 대비 -17.8% — 가치영역 근접 (실측 표본 적음) · 손익비 1.5 (손절 -8.0% / 1차목표 +11.8%) · AI 알파모델 예측 상위 6% (OOS 검증 통과 모델 — 이 구간 실측 승률 39%),중립 레짐 — 사이즈 50% 권장,29.1,True,NEUTRAL,1,85.0,1,0,15239.0,,,,,0,1.0,,0,24.8,pctl>0.30,0,,0,1.0
65,004170,신세계,KOSPI,유통·소비재,430000,672.42,40614.3,0.0,0.0,WAIT,WAIT,3,False,1,True,26.9,26.9,0.9,52.9,0.0,0.0,20.9,17.9,52.9,33.9,2.61,0.0,RR2.6 + 진입적정,0,430000.0,395500.0,520000.0,699000.0,,-0.98,1.53,587639,25.0,특이사항 없음,0,-24.23,25.7,-17.36,,,저점 이탈,⚠️ 낙폭 과대 — 반등 추격 실측 손실(이격 -15%↓ 10일 -3.6%·승률 41%),NORMAL,82.2,종합 소매업,67241835500.0,34.2,60.31,0,0,1.06,-3.26,-21.39,-36.76,0.35,30.5,-22.94,12.35,2.72,0.591,0.109,1,12.0,1,0,1.0,0.12,0,0,0,0,-1,545000.0,-26.83,0.5594,False,X,▲,395093,▼,O,X,2.0,250,0,1,1,1,792000.0,enter,100.0,NORMAL+PM_BLOCK_INTRADAY+EF:정상,8.02,5.0,2.6,normal,7.0,v1_sl_first_gap_at_open,NORMAL+PM_BLOCK_INTRADAY+EF:정상,ATR_2x,23,SWING_20D,2,SWING_60D,2,0.0,종합 소매업,-1.063076923076923,-0.3392307692307692,16.0,44.5,0.0,0.10440199335548173,-0.14094201121245833,0.5125,OK,0.0,UNVALIDATED_MODEL,47.5818192330046,47.5818192330046,0.0,2,0,0.5,0.5,0.0,STRUCT+TIMING+SECTOR,default,default,default,70,20260805,20260805,,26.9,26.9,26.9,-12.0,-33.79,FRESH,0.291,,False,0.3,True,MATURE,11693.0,ALPHA_WIN_PROB,2.609,,1.81,0.0,상태 WAIT — 신규진입 상태 아님(사이징 제외),0.3559,0.0,0.0,v40_alpha_tilt,,,,,,True,20.9,,ELITE_SCORE,MATURE,11693,2.4.0,OK,,100.0,ATTACK,OK,OK,OK,OK,OK,OK,OK,0,7,True,True,True,,0,GREEN,,,90.0,BUY,1,,0,0,0,0,,0.0,T=53<70,100.0,GREEN,,,0,False,0,ENTRY_READY_BUT_NOT_TOP_PICK,TOP_PICK=0,진입조건은 양호하나 공식 Top Pick 아님,45.0,ENTRY_CLEAN_OBSERVE,ENTRY_CLEAN_OBSERVE,NORMAL,0,0,0,0,0,0,0,0,0,CLEAR,,,0,0,0,0,0.0,,,,,,,,,,DISABLED_LOSS_DEFENSE,,,,,,True,False,True,True,False,True,True,True,0.0,0.0,0.0,0.0,20.0,0.0,0.0,0.0,20.0,0.5,False,True,False,3,False,0.0,0.0,G2RR×0.5 · G5추세붕괴3축,,0,0,0,,0.0,0,,False,0.0,0.0,False,,False,True,,0,80.0,72.0,0,0,CAUTION,중립/관찰,C,WATCH,0,0.2,관찰,섹터 약세+RSI 약함 · 시장폭 82.2 · 5일 -3.3%,50.57,6,165,0,61.04,109,,-4.0,412800.0,"진입 후 D+1 종가 412,800원(-4%) 이탈 시 익일 조기청산 권고",46.2,"최근 20거래일 유니버스 실측 2일 상승률 46.2% (n=6,245) · 종목별 유의차 미검증",NO_EDGE_VALIDATED,OK,399900.0,473000.0,"손절 399,900(-7%)·본전전환 451,500(+5%)·1차익절 473,000(+10%) · ⚡ D+2내 438,600(+2%) 도달 시 절반 익절+잔여 본전 상향 (실측: 초반 급등 후 되돌림 -0.9%)",0,65.7,0,0,알파 22점 (진입선 85점 미달) · POC 확장 25% (추격 위험),alpha_gate_v32,WATCH,0.0,,,1,NEUTRAL,"중립 레짐 — KOSPI 20일선 아래, 시장폭 82% (실측: 본전 구간 → 진입 허용하되 사이즈 50%)",0.5,1,21.7,451500.0,0.2452,1,이 점수 구간의 과거 실측 승률 29% (표본 11693건) · 손익비 2.6 (손절 -8.0% / 1차목표 +20.9%),중립 레짐 — 사이즈 50% 권장 · 거래량 밀집가 대비 +25.0% 확장 (실측 승률 20% — 추격 위험) · AI 알파모델 예측 하위 22% — 이 구간 실측 승률 25% — 픽 제외 구간,29.1,False,WAIT,1,85.0,1,0,438600.0,,,,,0,1.0,,1,11.8,pctl>0.30,0,,0,1.0
66,017800,현대엘리베이터,KOSPI,조선·기계·설비,71200,62.46,27833.8,0.0,0.0,WAIT,ARMED,3,True,1,False,39.2,39.2,27.3,51.0,0.0,0.0,27.2,26.1,51.0,36.2,1.12,0.0,RR1.1 + 진입적정,1,71200.0,65500.0,77600.0,98200.0,,1.69,0.73,78940,-28.85,특이사항 없음,5,-6.65,55.1,3.96,,,저점 이탈,알파 상위권 + 코일(스퀴즈/추세) — 진입 임박,NORMAL,82.2,일반 목적용 기계 제조업,6245781050.0,51.1,9.05,1,1,2.89,9.54,5.17,-0.84,-27.27,-25.99,12.98,-15.27,-53.77,0.92,0.086,0,8.9,1,0,1.27,0.9,0,0,0,1,-1,74410.0,-9.81,0.1366,False,X,▼,68058,▲,O,X,0.72,250,0,-1,-1,1,113400.0,enter,100.0,NORMAL+PM_BLOCK_INTRADAY+EF:정상,8.01,5.0,1.1,normal,7.0,v1_sl_first_gap_at_open,NORMAL+PM_BLOCK_INTRADAY+EF:정상,ATR_2x,23,SWING_60D,2,SWING_120D,2,0.0,일반 목적용 기계 제조업,27.58121951219512,8.227560975609755,6.0,44.7,0.0,0.044542536115569825,0.006234202053285483,0.4230769230769231,OK,0.0,UNVALIDATED_MODEL,46.818586869862386,46.818586869862386,0.0,8,1,0.5,0.5,0.0,STRUCT+TIMING+SECTOR,default,default,default,70,20260805,20260805,,39.2,39.2,39.2,-12.0,-33.79,FRESH,0.281,,False,0.3,True,MATURE,11693.0,ALPHA_WIN_PROB,1.123,,1.123,0.0,실측 승률 39% < 필요 승률 47% (손익비 1.12) — 켈리 기준 미달,0.4711,0.0,0.0,v40_alpha_tilt,,,,,,True,9.0,ALPHA,ELITE_SCORE,MATURE,11693,2.4.0,OK,,100.0,ATTACK,OK,OK,OK,OK,OK,OK,OK,0,7,True,True,True,,0,GREEN,,,90.0,BUY,1,,0,0,0,0,,0.0,T=51<70,100.0,GREEN,,,0,False,0,BELOW_OFFICIAL_BAR,TOP_PICK=0,,30.0,IGNORE,IGNORE,NORMAL,0,0,0,0,0,0,0,0,0,CLEAR,,,0,0,0,0,0.0,,,,,,,,,,DISABLED_LOSS_DEFENSE,,,,,,True,False,True,True,True,True,True,True,0.0,0.0,0.0,0.0,0.0,0.0,0.0,0.0,0.0,0.5,False,False,False,2,False,13.6,0.5,G2RR×0.5,,0,0,0,,13.6,0,,False,0.0,0.0,False,,False,True,,0,88.0,89.0,0,0,CAUTION,5일 상승 9.5% > 5%,B,REALISTIC_RR,0,0.35,관찰 후보,현실형 RR · 시장폭 82.2 · 5일 9.5%,50.26,6,167,0,67.16,75,,-4.0,68352.0,"진입 후 D+1 종가 68,352원(-4%) 이탈 시 익일 조기청산 권고",46.2,"최근 20거래일 유니버스 실측 2일 상승률 46.2% (n=6,245) · 종목별 유의차 미검증",NO_EDGE_VALIDATED,OK,66216.0,78320.0,"손절 66,216(-7%)·본전전환 74,760(+5%)·1차익절 78,320(+10%) · ⚡ D+2내 72,624(+2%) 도달 시 절반 익절+잔여 본전 상향 (실측: 초반 급등 후 되돌림 -0.9%)",0,64.9,1,0,손익비 1.12,alpha_gate_v32,WATCH,0.0,,,0,NEUTRAL,"중립 레짐 — KOSPI 20일선 아래, 시장폭 82% (실측: 본전 구간 → 진입 허용하되 사이즈 50%)",0.5,1,95.7,74760.0,0.3888,1,이 점수 구간의 과거 실측 승률 28% (표본 11693건) · 거래량 밀집가 대비 -28.9% — 가치영역 근접 (실측 표본 적음) · 손익비 1.1 (손절 -8.0% / 1차목표 +9.0%) · 변동성 응축 5일째 (스퀴즈 — 방향 분출 대기) · AI 알파모델 예측 상위 4% (OOS 검증 통과 모델 — 이 구간 실측 승률 39%),중립 레짐 — 사이즈 50% 권장,28.1,True,WAIT,1,85.0,1,1,72624.0,,,,,1,1.0,,0,54.0,pctl>0.30,0,,0,1.0
67,051910,LG화학,KOSPI,화학·소재,255500,444.41,180363.4,0.0,,NEUTRAL,ARMED,4,True,1,False,37.4,37.4,22.8,51.9,0.0,0.0,26.3,24.9,51.9,35.1,1.17,0.0,RR1.2 + 진입적정,0,255500.0,235000.0,279500.0,290500.0,,0.82,0.77,322075,-20.4,특이사항 없음,3,-7.82,46.3,0.34,,,저점 이탈,알파 상위권 + 코일(스퀴즈/추세) — 진입 임박,NORMAL,82.2,기초 화학물질 제조업,44441118250.0,44.8,13.82,1,0,-0.39,9.89,1.39,-3.77,-40.51,-18.11,10.05,-28.51,-45.89,0.974,0.108,0,12.0,1,0,1.5,0.57,0,0,0,1,-1,287600.0,-20.67,0.1867,False,X,▼,248066,▲,O,X,1.95,250,0,-1,-1,1,321000.0,enter,100.0,NORMAL+PM_BLOCK_INTRADAY+EF:정상,8.02,4.0,1.2,normal,7.0,v1_sl_first_gap_at_open,NORMAL+PM_BLOCK_INTRADAY+EF:정상,SWING_20D,46,ATR_2x,23,VP_RESISTANCE,5,0.0,기초 화학물질 제조업,18.9472,9.67,10.0,40.9,0.0,0.0679340229242382,-0.01866038167614656,0.4166666666666667,OK,0.0,UNVALIDATED_MODEL,51.20264195254893,51.20264195254893,0.0,8,1,0.5,0.5,0.0,STRUCT+TIMING+SECTOR,default,default,default,70,20260805,20260805,,37.4,37.4,37.4,-12.0,-33.79,FRESH,0.285,,False,0.3,True,MATURE,11693.0,ALPHA_WIN_PROB,1.171,,1.171,0.0,실측 승률 36% < 필요 승률 46% (손익비 1.17) — 켈리 기준 미달,0.4607,0.0,,v40_alpha_tilt,,,,,,True,9.4,,ELITE_SCORE,MATURE,11693,2.4.0,OK,,100.0,ATTACK,OK,OK,OK,OK,OK,OK,OK,0,7,True,True,True,,0,GREEN,,,90.0,BUY,1,,0,0,0,0,,0.0,T=52<70,100.0,GREEN,,,0,False,0,BELOW_OFFICIAL_BAR,TOP_PICK=0,,30.0,IGNORE,IGNORE,NORMAL,0,0,0,0,0,0,0,0,0,CLEAR,,,0,0,0,0,0.0,,,,,,,,,,DISABLED_LOSS_DEFENSE,,,,,,True,False,True,True,True,True,True,True,0.0,0.0,0.0,0.0,0.0,0.0,0.0,0.0,0.0,0.5,False,False,False,2,False,13.2,0.5,G2RR×0.5,,0,0,0,,13.2,0,,False,0.0,0.0,False,,False,True,,0,84.0,86.0,0,0,CAUTION,5일 상승 9.9% > 5%,B,REALISTIC_RR,0,0.35,관찰 후보,현실형 RR · 시장폭 82.2 · 5일 9.9%,50.95,6,164,0,66.81,77,,-4.0,245280.0,"진입 후 D+1 종가 245,280원(-4%) 이탈 시 익일 조기청산 권고",46.2,"최근 20거래일 유니버스 실측 2일 상승률 46.2% (n=6,245) · 종목별 유의차 미검증",NO_EDGE_VALIDATED,HIGH_AVOID,237615.0,281050.0,"⛔ 고위험 루트(진입보류 권고) · 손절 237,615(-7%)·본전전환 268,275(+5%)·1차익절 281,050(+10%) · ⚡ D+2내 260,610(+2%) 도달 시 절반 익절+잔여 본전 상향 (실측: 초반 급등 후 되돌림 -0.9%)",0,64.7,0,0,알파 82점 (진입선 85점 미달) · 손익비 1.17,alpha_gate_v32,WATCH,0.0,,,0,NEUTRAL,"중립 레짐 — KOSPI 20일선 아래, 시장폭 82% (실측: 본전 구간 → 진입 허용하되 사이즈 50%)",0.5,1,82.4,268275.0,0.3572,1,이 점수 구간의 과거 실측 승률 28% (표본 11693건) · 거래량 밀집가 대비 -20.4% — 가치영역 근접 (실측 표본 적음) · 손익비 1.2 (손절 -8.0% / 1차목표 +9.4%) · 변동성 응축 3일째 (스퀴즈 — 방향 분출 대기) · AI 알파모델 예측 상위 18% (OOS 검증 통과 모델 — 이 구간 실측 승률 36%),중립 레짐 — 사이즈 50% 권장,28.5,True,NEUTRAL,1,85.0,1,0,260610.0,,,,,1,1.0,,0,50.8,pctl>0.30,0,,0,1.0
68,039490,키움증권,KOSPI,서비스 기타,292500,366.9,76717.8,0.0,0.0,WAIT,WAIT,3,False,1,True,15.0,15.0,0.0,30.1,0.0,0.0,12.5,10.0,30.1,62.4,3.0,0.0,RR3.0 + 진입적정,0,292500.0,269000.0,363000.0,484000.0,,0.45,1.08,351620,-35.47,특이사항 없음,0,-19.27,39.0,-2.99,,,저점 이탈,추세 관망,NORMAL,82.2,금융 지원 서비스업,36689538500.0,46.5,31.13,0,0,2.99,14.04,-3.62,-15.46,-35.36,-31.98,-1.64,-23.36,-59.76,0.969,0.074,0,12.0,0,0,1.39,0.41,0,0,0,0,-1,326250.0,-16.81,0.4264,False,X,▼,268613,▲,O,X,2.64,250,0,-1,-1,1,517000.0,enter,100.0,NORMAL+PM_BLOCK_INTRADAY+EF:정상,8.03,4.0,3.0,normal,7.0,v1_sl_first_gap_at_open,NORMAL+PM_BLOCK_INTRADAY+EF:정상,SWING_20D,12,SWING_60D,2,SWING_120D,2,0.0,금융 지원 서비스업,12.922941176470587,7.686470588235293,13.0,80.2,0.0,0.07667887667887667,-0.03715430305578961,0.47368421052631576,OK,0.0,UNVALIDATED_MODEL,40.55105394585022,40.55105394585022,0.0,4,1,0.5,0.5,0.0,STRUCT+TIMING+SECTOR,default,default,default,70,20260805,20260805,,15.0,15.0,15.0,-12.0,-33.79,FRESH,0.291,,False,0.3,True,MATURE,11693.0,ALPHA_WIN_PROB,3.0,,1.81,0.0,상태 WAIT — 신규진입 상태 아님(사이징 제외),0.3559,0.0,0.0,v40_alpha_tilt,,,,,,True,24.1,,ELITE_SCORE,MATURE,11693,2.4.0,OK,,100.0,ATTACK,OK,OK,OK,OK,OK,OK,OK,0,7,True,True,True,,0,GREEN,,,100.0,BUY,1,,0,0,0,0,,0.0,T=30<70,100.0,GREEN,,,0,False,0,ENTRY_READY_BUT_NOT_TOP_PICK,TOP_PICK=0,진입조건은 양호하나 공식 Top Pick 아님,50.0,ENTRY_CLEAN_OBSERVE,ENTRY_CLEAN_OBSERVE,NORMAL,0,0,0,0,0,0,0,0,0,CLEAR,,,0,0,0,0,0.0,,,,,,,,,,DISABLED_LOSS_DEFENSE,,,,,,True,False,True,True,False,True,True,True,0.0,0.0,0.0,0.0,20.0,0.0,0.0,0.0,20.0,0.5,False,True,False,3,False,0.0,0.0,G2RR×0.5 · G5추세붕괴3축,,0,0,0,,0.0,0,,False,0.0,0.0,False,,False,True,,0,74.0,57.0,0,0,CAUTION,5일 상승 14.0% > 5%,C,WATCH,0,0.2,관찰,시장폭 82.2 · 5일 14.0%,44.35,6,206,0,47.95,188,,-4.0,280800.0,"진입 후 D+1 종가 280,800원(-4%) 이탈 시 익일 조기청산 권고",46.2,"최근 20거래일 유니버스 실측 2일 상승률 46.2% (n=6,245) · 종목별 유의차 미검증",NO_EDGE_VALIDATED,OK,272025.0,321750.0,"손절 272,025(-7%)·본전전환 307,125(+5%)·1차익절 321,750(+10%) · ⚡ D+2내 298,350(+2%) 도달 시 절반 익절+잔여 본전 상향 (실측: 초반 급등 후 되돌림 -0.9%)",0,64.5,0,0,알파 80점 (진입선 85점 미달),alpha_gate_v32,WATCH,0.0,,,0,NEUTRAL,"중립 레짐 — KOSPI 20일선 아래, 시장폭 82% (실측: 본전 구간 → 진입 허용하되 사이즈 50%)",0.5,1,79.9,307125.0,0.3379,1,이 점수 구간의 과거 실측 승률 29% (표본 11693건) · 거래량 밀집가 대비 -35.5% — 가치영역 근접 (실측 표본 적음) · 손익비 3.0 (손절 -8.0% / 1차목표 +24.1%) · AI 알파모델 예측 상위 20% (OOS 검증 통과 모델 — 이 구간 실측 승률 34%),중립 레짐 — 사이즈 50% 권장,29.1,True,WAIT,1,85.0,1,0,298350.0,,,,,0,1.0,,0,20.4,pctl>0.30,0,,0,1.0
69,037710,광주신세계,KOSPI,유통·소비재,39200,54.66,2989.9,0.0,0.0,WAIT,OVERHEAT,3,False,1,False,3.0,3.0,6.0,0.0,0.0,0.0,1.8,2.0,6.0,92.5,1.65,0.0,밸런스우수 + RR1.6 + 진입적정,0,39200.0,36050.0,44400.0,51400.0,,1.61,0.46,45593,-10.08,특이사항 없음,0,-11.2,29.7,-2.38,,,5일 급등,"과열(급등·MFI·RSI) — 실측 역신호, 관망",NORMAL,82.2,종합 소매업,5465752300.0,49.3,43.56,0,0,2.75,17.54,1.29,-12.89,4.53,18.07,0.93,16.53,-9.71,0.768,0.396,0,12.0,0,0,1.09,0.34,0,0,0,0,-1,43070.0,-14.02,0.6506,False,O,▼,35140,▲,O,X,1.57,250,0,-1,1,1,59600.0,enter,100.0,NORMAL+PM_BLOCK_INTRADAY+EF:정상,8.04,6.0,1.7,normal,7.0,v1_sl_first_gap_at_open,NORMAL+PM_BLOCK_INTRADAY+EF:정상,ATR_2x,23,SWING_20D,5,SWING_60D,2,0.0,종합 소매업,-1.063076923076923,-0.3392307692307692,16.0,33.4,0.0,0.06596209912536444,1.1387179012983004,0.7368421052631579,OK,0.0,UNVALIDATED_MODEL,15.0,15.0,0.0,2,0,0.5,0.5,0.0,STRUCT+TIMING+SECTOR,default,default,default,70,20260805,20260805,,3.0,3.0,3.0,-12.0,-33.79,FRESH,0.291,,False,0.3,True,MATURE,11693.0,ALPHA_WIN_PROB,1.651,,1.651,0.0,상태 OVERHEAT — 신규진입 상태 아님(사이징 제외),0.3772,0.0,0.0,v40_alpha_tilt,,,,,,True,13.3,,ELITE_SCORE,MATURE,11693,2.4.0,OK,,100.0,ATTACK,OK,OK,OK,OK,OK,OK,OK,0,7,True,True,True,,0,GREEN,,,90.0,BUY,1,,0,0,0,0,,0.0,T=0<70,100.0,GREEN,,,0,False,0,ENTRY_READY_BUT_NOT_TOP_PICK,TOP_PICK=0,진입조건은 양호하나 공식 Top Pick 아님,45.0,ENTRY_CLEAN_OBSERVE,ENTRY_CLEAN_OBSERVE,NORMAL,0,0,0,0,0,0,0,0,0,CLEAR,,,0,0,0,0,0.0,,,,,,,,,,DISABLED_LOSS_DEFENSE,,,,,,True,False,True,True,False,True,False,True,0.0,0.0,0.0,0.0,20.0,0.0,15.0,0.0,35.0,0.3,False,True,False,3,False,0.0,0.0,G2RR×0.3 · G5추세붕괴3축 · G7윗꼬리약세-15,,0,0,0,,0.0,0,,False,0.0,0.0,False,,False,True,,0,62.0,52.0,0,0,CAUTION,5일 상승 17.5% > 5%,C,WATCH,0,0.2,관찰,시장폭 82.2 · 5일 17.5%,15.76,6,315,0,15.77,302,,-4.0,37632.0,"진입 후 D+1 종가 37,632원(-4%) 이탈 시 익일 조기청산 권고",46.2,"최근 20거래일 유니버스 실측 2일 상승률 46.2% (n=6,245) · 종목별 유의차 미검증",NO_EDGE_VALIDATED,OK,36456.0,43120.0,"손절 36,456(-7%)·본전전환 41,160(+5%)·1차익절 43,120(+10%) · ⚡ D+2내 39,984(+2%) 도달 시 절반 익절+잔여 본전 상향 (실측: 초반 급등 후 되돌림 -0.9%)",0,64.3,0,0,알파 19점 (진입선 85점 미달),alpha_gate_v32,WATCH,0.0,,,0,NEUTRAL,"중립 레짐 — KOSPI 20일선 아래, 시장폭 82% (실측: 본전 구간 → 진입 허용하되 사이즈 50%)",0.5,1,18.9,41160.0,0.2489,1,이 점수 구간의 과거 실측 승률 29% (표본 11693건) · 거래량 밀집가 대비 -10.1% — 가치영역 근접 (실측 표본 적음) · 손익비 1.6 (손절 -8.0% / 1차목표 +13.3%),중립 레짐 — 사이즈 50% 권장 · AI 알파모델 예측 하위 19% — 이 구간 실측 승률 25% — 픽 제외 구간,29.1,True,WAIT,1,85.0,1,0,39984.0,,,,,1,1.0,,0,43.3,pctl>0.30,0,,0,1.0
70,034220,LG디스플레이,KOSPI,IT/전기전자,9800,441.41,49000.0,0.0,0.0,WAIT,WAIT,3,False,1,True,12.2,12.2,0.0,24.5,0.0,0.0,10.4,8.2,24.5,69.4,2.66,0.0,RR2.7 + 진입적정,0,9800.0,9010.0,11900.0,17950.0,,1.19,0.96,14000,-30.05,특이사항 없음,0,-15.24,40.8,-1.14,거래품질 우수,,저점 이탈,추세 관망,NORMAL,82.2,전자부품 제조업,44141068035.0,41.0,30.77,0,0,2.83,14.35,-3.07,-9.93,-20.52,-14.41,3.89,-8.52,-42.19,0.972,0.087,0,12.0,1,0,2.57,0.44,0,0,0,0,-1,10512.0,-30.0,0.4714,False,X,▼,8870,▲,O,X,3.15,250,0,-1,-1,1,,enter,100.0,NORMAL+PM_BLOCK_INTRADAY+EF:정상,8.06,5.0,2.7,normal,7.0,v1_sl_first_gap_at_open,NORMAL+PM_BLOCK_INTRADAY+EF:정상,SWING_20D,12,SWING_60D,2,,0,0.0,전자부품 제조업,28.983018867924528,12.636603773584905,4.0,43.4,0.0,0.0663265306122449,-0.042058209303725794,0.21875,OK,0.0,UNVALIDATED_MODEL,31.918172313825394,31.918172313825394,0.0,4,1,0.5,0.5,0.0,STRUCT+TIMING+SECTOR,default,default,default,70,20260805,20260805,,12.2,12.2,12.2,-12.0,-33.79,FRESH,0.291,,False,0.3,True,MATURE,11693.0,ALPHA_WIN_PROB,2.658,,1.81,0.0,상태 WAIT — 신규진입 상태 아님(사이징 제외),0.3559,0.0,0.0,v40_alpha_tilt,,,,,,True,21.4,,ELITE_SCORE,MATURE,11693,2.4.0,OK,,100.0,ATTACK,OK,OK,OK,OK,OK,OK,OK,0,7,True,True,True,,0,GREEN,,,100.0,BUY,1,,0,0,0,0,,0.0,T=24<70,100.0,GREEN,,,0,False,0,ENTRY_READY_BUT_NOT_TOP_PICK,TOP_PICK=0,진입조건은 양호하나 공식 Top Pick 아님,50.0,ENTRY_CLEAN_OBSERVE,ENTRY_CLEAN_OBSERVE,NORMAL,0,0,0,0,0,0,0,0,0,CLEAR,,,0,0,0,0,0.0,,,,,,,,,,DISABLED_LOSS_DEFENSE,,,,,,True,False,True,True,False,True,True,True,0.0,0.0,0.0,0.0,20.0,0.0,0.0,0.0,20.0,0.5,False,True,False,3,False,0.0,0.0,G2RR×0.5 · G5추세붕괴3축,,0,0,0,,0.0,0,,False,0.0,0.0,False,,False,True,,0,74.0,57.0,0,0,CAUTION,5일 상승 14.3% > 5%,C,WATCH,0,0.2,관찰,시장폭 82.2 · 5일 14.3%,38.52,6,237,0,41.01,219,,-4.0,9408.0,"진입 후 D+1 종가 9,408원(-4%) 이탈 시 익일 조기청산 권고",46.2,"최근 20거래일 유니버스 실측 2일 상승률 46.2% (n=6,245) · 종목별 유의차 미검증",NO_EDGE_VALIDATED,OK,9114.0,10780.0,"손절 9,114(-7%)·본전전환 10,290(+5%)·1차익절 10,780(+10%) · ⚡ D+2내 9,996(+2%) 도달 시 절반 익절+잔여 본전 상향 (실측: 초반 급등 후 되돌림 -0.9%)",0,64.2,0,0,알파 55점 (진입선 85점 미달),alpha_gate_v32,WATCH,0.0,,,0,NEUTRAL,"중립 레짐 — KOSPI 20일선 아래, 시장폭 82% (실측: 본전 구간 → 진입 허용하되 사이즈 50%)",0.5,1,55.1,10290.0,0.2958,1,이 점수 구간의 과거 실측 승률 29% (표본 11693건) · 거래량 밀집가 대비 -30.1% — 가치영역 근접 (실측 표본 적음) · 손익비 2.7 (손절 -8.1% / 1차목표 +21.4%),중립 레짐 — 사이즈 50% 권장,29.1,True,WAIT,1,85.0,1,0,9996.0,,,,,0,1.0,,0,29.4,pctl>0.30,0,,0,1.0
71,352820,하이브,KOSPI,미디어·콘텐츠,181000,508.7,78023.4,0.0,0.0,NEUTRAL,WAIT,4,False,1,True,11.3,11.3,0.0,22.6,0.0,0.0,9.6,7.5,22.6,71.8,2.14,0.0,RR2.1 + 진입적정,0,181000.0,166500.0,212000.0,239500.0,,1.41,0.87,210531,-19.31,특이사항 없음,0,-19.64,38.5,-9.0,,,저점 이탈,추세 관망,NORMAL,82.2,오디오물 출판 및 원판 녹음업,50870025350.0,47.6,40.03,0,0,0.0,6.28,-9.32,-21.98,-26.87,-50.34,-8.16,-14.87,-78.12,0.947,0.108,0,12.0,0,0,1.11,0.28,0,0,0,0,-1,217170.0,-14.03,0.2524,False,X,▼,171526,▼,O,X,1.16,250,0,-1,-1,1,255000.0,enter,100.0,NORMAL+PM_BLOCK_INTRADAY+EF:정상,8.01,4.0,2.1,normal,7.0,v1_sl_first_gap_at_open,NORMAL+PM_BLOCK_INTRADAY+EF:정상,ATR_2x,23,SWING_20D,5,SWING_60D,5,0.0,오디오물 출판 및 원판 녹음업,8.19,3.21,15.0,46.2,0.0,0.08429360694554064,-0.22055456384416483,0.3384615384615385,OK,0.0,UNVALIDATED_MODEL,33.80063361881138,33.80063361881138,0.0,4,1,0.5,0.5,0.0,STRUCT+TIMING+SECTOR,default,default,default,70,20260805,20260805,,11.3,11.3,11.3,-12.0,-33.79,FRESH,0.291,,False,0.3,True,MATURE,11693.0,ALPHA_WIN_PROB,2.138,,1.81,0.0,상태 WAIT — 신규진입 상태 아님(사이징 제외),0.3559,0.0,0.0,v40_alpha_tilt,,,,,,True,17.1,,ELITE_SCORE,MATURE,11693,2.4.0,OK,,100.0,ATTACK,OK,OK,OK,OK,OK,OK,OK,0,7,True,True,True,,0,GREEN,,,90.0,BUY,1,,0,0,0,0,,0.0,T=23<70,100.0,GREEN,,,0,False,0,ENTRY_READY_BUT_NOT_TOP_PICK,TOP_PICK=0,진입조건은 양호하나 공식 Top Pick 아님,50.0,ENTRY_CLEAN_OBSERVE,ENTRY_CLEAN_OBSERVE,NORMAL,0,0,0,0,0,0,0,0,0,CLEAR,,,0,0,0,0,0.0,,,,,,,,,,DISABLED_LOSS_DEFENSE,,,,,,True,False,True,True,False,True,True,True,0.0,0.0,0.0,0.0,20.0,0.0,0.0,0.0,20.0,0.5,False,True,False,4,False,0.0,0.0,G2RR×0.5 · G5추세붕괴4축,,0,0,0,,0.0,0,,False,0.0,0.0,False,,False,True,,0,72.0,59.0,0,0,CAUTION,5일 상승 6.3% > 5%,C,WATCH,0,0.2,관찰,시장폭 82.2 · 5일 6.3%,41.15,6,226,0,39.69,225,,-4.0,173760.0,"진입 후 D+1 종가 173,760원(-4%) 이탈 시 익일 조기청산 권고",46.2,"최근 20거래일 유니버스 실측 2일 상승률 46.2% (n=6,245) · 종목별 유의차 미검증",NO_EDGE_VALIDATED,HIGH_AVOID,168330.0,199100.0,"⛔ 고위험 루트(진입보류 권고) · 손절 168,330(-7%)·본전전환 190,050(+5%)·1차익절 199,100(+10%) · ⚡ D+2내 184,620(+2%) 도달 시 절반 익절+잔여 본전 상향 (실측: 초반 급등 후 되돌림 -0.9%)",0,64.1,0,0,알파 84점 (진입선 85점 미달),alpha_gate_v32,WATCH,0.0,,,0,NEUTRAL,"중립 레짐 — KOSPI 20일선 아래, 시장폭 82% (실측: 본전 구간 → 진입 허용하되 사이즈 50%)",0.5,1,84.2,190050.0,0.3572,1,이 점수 구간의 과거 실측 승률 29% (표본 11693건) · 거래량 밀집가 대비 -19.3% — 가치영역 근접 (실측 표본 적음) · 손익비 2.1 (손절 -8.0% / 1차목표 +17.1%) · AI 알파모델 예측 상위 16% (OOS 검증 통과 모델 — 이 구간 실측 승률 36%),중립 레짐 — 사이즈 50% 권장,29.1,True,NEUTRAL,1,85.0,1,0,184620.0,,,,,0,1.0,,0,19.5,pctl>0.30,0,,0,1.0
72,090460,비에이치,KOSPI,IT/전기전자,14690,191.19,4952.2,0.0,0.0,NEUTRAL,WAIT,4,False,1,True,6.7,6.7,0.0,13.4,0.0,0.0,5.8,4.5,13.4,83.2,2.58,0.0,밸런스우수 + RR2.6 + 진입적정,0,14690.0,13510.0,17740.0,20150.0,,-0.42,3.3,27506,-31.7,특이사항 없음,0,-21.81,33.0,-11.08,,,저점 이탈,추세 관망,NORMAL,82.2,전자부품 제조업,19118843735.0,26.3,43.47,0,0,-3.36,11.12,-16.01,-22.56,-54.38,-17.29,-8.74,-42.38,-45.07,1.0,0.066,0,12.0,1,0,1.06,0.29,0,0,0,0,-1,17619.0,-46.59,0.5797,False,X,▼,14005,▼,O,X,3.29,250,0,-1,-1,1,43400.0,enter,100.0,NORMAL+PM_BLOCK_INTRADAY+EF:정상,8.03,6.0,2.6,normal,7.0,v1_sl_first_gap_at_open,NORMAL+PM_BLOCK_INTRADAY+EF:정상,ATR_2x,23,SWING_20D,5,SWING_60D,2,0.0,전자부품 제조업,28.983018867924528,12.636603773584905,4.0,76.2,0.0,0.10361762131673635,-0.018048177300598205,0.0,OK,0.0,UNVALIDATED_MODEL,21.961012411723523,21.961012411723523,0.0,2,0,0.5,0.5,0.0,STRUCT+TIMING+SECTOR,default,default,default,70,20260805,20260805,,6.7,6.7,6.7,-12.0,-33.79,FRESH,0.291,,False,0.3,True,MATURE,11693.0,ALPHA_WIN_PROB,2.585,,1.81,0.0,상태 WAIT — 신규진입 상태 아님(사이징 제외),0.3559,0.0,0.0,v40_alpha_tilt,,,,,,True,20.8,,ELITE_SCORE,MATURE,11693,2.4.0,OK,,100.0,ATTACK,OK,OK,OK,OK,OK,OK,OK,0,7,True,True,True,,0,GREEN,,,90.0,BUY,1,,0,0,0,0,,0.0,T=13<70,100.0,GREEN,,,0,False,0,ENTRY_READY_BUT_NOT_TOP_PICK,TOP_PICK=0,진입조건은 양호하나 공식 Top Pick 아님,45.0,ENTRY_CLEAN_OBSERVE,ENTRY_CLEAN_OBSERVE,NORMAL,0,0,0,0,0,0,0,0,0,CLEAR,,,0,0,0,0,0.0,,,,,,,,,,DISABLED_LOSS_DEFENSE,,,,,,True,False,True,True,False,True,True,True,0.0,0.0,0.0,0.0,20.0,0.0,0.0,0.0,20.0,0.5,False,True,False,4,False,0.0,0.0,G2RR×0.5 · G5추세붕괴4축,,0,0,0,,0.0,0,,False,0.0,0.0,False,,False,True,,0,66.0,51.0,0,0,CAUTION,5일 상승 11.1% > 5%,C,WATCH,0,0.2,관찰,시장폭 82.2 · 5일 11.1%,34.37,6,250,0,29.03,262,,-4.0,14102.0,"진입 후 D+1 종가 14,102원(-4%) 이탈 시 익일 조기청산 권고",46.2,"최근 20거래일 유니버스 실측 2일 상승률 46.2% (n=6,245) · 종목별 유의차 미검증",NO_EDGE_VALIDATED,HIGH_AVOID,13662.0,16159.0,"⛔ 고위험 루트(진입보류 권고) · 손절 13,662(-7%)·본전전환 15,424(+5%)·1차익절 16,159(+10%) · ⚡ D+2내 14,984(+2%) 도달 시 절반 익절+잔여 본전 상향 (실측: 초반 급등 후 되돌림 -0.9%)",0,63.7,0,0,알파 38점 (진입선 85점 미달),alpha_gate_v32,WATCH,0.0,,,0,NEUTRAL,"중립 레짐 — KOSPI 20일선 아래, 시장폭 82% (실측: 본전 구간 → 진입 허용하되 사이즈 50%)",0.5,1,37.8,15424.0,0.2433,1,이 점수 구간의 과거 실측 승률 29% (표본 11693건) · 거래량 밀집가 대비 -31.7% — 가치영역 근접 (실측 표본 적음) · 손익비 2.6 (손절 -8.0% / 1차목표 +20.8%),중립 레짐 — 사이즈 50% 권장,29.1,True,NEUTRAL,1,85.0,1,0,14984.0,,,,,0,1.0,,0,15.2,pctl>0.30,0,,0,1.0
73,005385,현대차우,KOSPI,자동차·모빌리티,203000,156.48,47382.1,0.0,0.0,WAIT,ARMED,3,True,0,False,24.8,24.8,18.9,30.6,0.0,0.0,18.0,16.5,30.6,61.8,1.13,1.5,RR1.1 + 진입적정,0,200000.0,183900.0,224500.0,306500.0,,1.64,0.67,241986,-24.94,특이사항 없음,0,-5.71,52.3,3.87,,,저점 이탈,알파 상위권 + 코일(스퀴즈/추세) — 진입 임박,NORMAL,82.2,기타,15647897805.0,41.3,17.96,0,0,3.57,13.28,4.96,-4.92,-24.54,-19.92,8.9,-12.54,-47.7,0.904,0.091,0,11.2,1,0,1.25,0.6,0,0,0,1,-1,213880.0,-16.11,0.3575,False,X,▼,190868,▲,O,X,1.84,250,0,-1,-1,1,329000.0,enter,100.0,NORMAL+PM_BLOCK_INTRADAY+EF:정상,8.05,5.0,1.5,normal,7.0,v1_sl_first_gap_at_open,NORMAL+PM_BLOCK_INTRADAY+EF:정상,SWING_20D,23,SWING_60D,2,SWING_120D,2,0.0,기타,17.37090909090909,13.840909090909092,7.0,56.4,0.0,0.0561576354679803,-0.10214269955509563,0.16666666666666666,OK,0.0,UNVALIDATED_MODEL,41.07977944617153,41.07977944617153,0.0,6,1,0.5,0.5,0.0,STRUCT+TIMING+SECTOR,default,default,default,70,20260805,20260805,,24.8,24.8,24.8,-12.0,-33.79,FRESH,0.291,,False,0.3,True,MATURE,11693.0,ALPHA_WIN_PROB,1.522,,1.522,0.0,실측 승률 32% < 필요 승률 40% (손익비 1.52) — 켈리 기준 미달,0.3966,0.0,0.0,v40_alpha_tilt,,,,,,True,10.6,,ELITE_SCORE,MATURE,11693,2.4.0,OK,,100.0,ATTACK,OK,OK,OK,OK,OK,OK,OK,0,7,True,True,True,,0,GREEN,,,90.0,BUY,1,,0,0,0,0,,0.0,T=31<70,100.0,GREEN,,,0,False,0,BELOW_OFFICIAL_BAR,TOP_PICK=0,,30.0,IGNORE,IGNORE,NORMAL,0,0,0,0,0,0,0,0,0,CLEAR,,,0,0,0,0,0.0,,,,,,,,,,DISABLED_LOSS_DEFENSE,,,,,,True,False,True,True,True,True,True,True,0.0,0.0,0.0,0.0,0.0,0.0,0.0,0.0,0.0,0.5,False,False,False,2,False,9.0,0.5,G2RR×0.5,,0,0,0,,9.0,0,,False,0.0,0.0,False,,False,True,,0,78.0,77.0,0,0,CAUTION,5일 상승 13.3% > 5%,B,REALISTIC_RR,0,0.35,관찰 후보,현실형 RR · 시장폭 82.2 · 5일 13.3%,41.8,6,224,0,53.95,154,,-4.0,192000.0,"진입 후 D+1 종가 192,000원(-4%) 이탈 시 익일 조기청산 권고",46.2,"최근 20거래일 유니버스 실측 2일 상승률 46.2% (n=6,245) · 종목별 유의차 미검증",NO_EDGE_VALIDATED,OK,186000.0,220000.0,"손절 186,000(-7%)·본전전환 210,000(+5%)·1차익절 220,000(+10%) · ⚡ D+2내 204,000(+2%) 도달 시 절반 익절+잔여 본전 상향 (실측: 초반 급등 후 되돌림 -0.9%)",0,63.5,0,0,알파 70점 (진입선 85점 미달) · 손익비 1.13,alpha_gate_v32,WATCH,0.0,,,0,NEUTRAL,"중립 레짐 — KOSPI 20일선 아래, 시장폭 82% (실측: 본전 구간 → 진입 허용하되 사이즈 50%)",0.5,1,70.0,210000.0,0.3233,1,이 점수 구간의 과거 실측 승률 29% (표본 11693건) · 거래량 밀집가 대비 -24.9% — 가치영역 근접 (실측 표본 적음) · 손익비 1.1 (손절 -9.4% / 1차목표 +10.6%) · AI 알파모델 예측 상위 30% (OOS 검증 통과 모델 — 이 구간 실측 승률 32%),중립 레짐 — 사이즈 50% 권장,29.1,True,WAIT,1,85.0,1,0,204000.0,,,,,1,1.0,,0,57.9,pctl>0.30,0,,0,1.0
74,005935,삼성전자우,KOSPI,IT/전기전자,183900,4167.77,1475560.6,0.0,0.0,WAIT,OVERHEAT,3,False,0,False,32.4,32.4,46.4,18.4,0.0,0.0,19.6,21.6,46.4,42.0,1.1,1.5,RR1.1 + 진입적정,0,181100.0,166600.0,203000.0,217000.0,,0.02,0.52,197284,-0.6,특이사항 없음,0,-14.83,47.3,3.17,,,5일 급등,"과열(급등·MFI·RSI) — 실측 역신호, 관망",NORMAL,82.2,전기전자,416777047013.0,39.4,27.71,0,0,4.25,19.88,-0.65,-7.73,0.66,62.03,6.09,12.66,34.25,0.431,0.282,0,12.0,1,0,1.39,0.7,87720,3310,91030,1,-1,206180.0,-6.78,0.5869,False,O,▲,170073,▲,O,X,4.99,250,0,1,1,1,243500.0,enter,100.0,NORMAL+PM_BLOCK_INTRADAY+EF:정상,8.01,4.0,1.5,normal,7.0,v1_sl_first_gap_at_open,NORMAL+PM_BLOCK_INTRADAY+EF:정상,SWING_20D,46,ATR_2x,23,SWING_60D,5,0.0,전기전자,28.983018867924528,12.636603773584905,4.0,73.8,0.0,0.09655868872834616,-0.04467736766008325,0.1774193548387097,OK,0.0,UNVALIDATED_MODEL,30.34855512384433,30.34855512384433,0.0,6,1,0.5,0.5,0.0,STRUCT+TIMING+SECTOR,default,default,default,70,20260805,20260805,,32.4,32.4,32.4,-12.0,-33.79,FRESH,0.291,,False,0.3,True,MATURE,11693.0,ALPHA_WIN_PROB,1.51,,1.51,0.0,상태 OVERHEAT — 신규진입 상태 아님(사이징 제외),0.3984,0.0,0.0,v40_alpha_tilt,,,,,,True,10.4,,ELITE_SCORE,MATURE,11693,2.4.0,OK,,100.0,ATTACK,OK,OK,OK,OK,OK,OK,OK,0,7,True,True,True,,0,GREEN,,,90.0,BUY,1,,0,0,0,0,,0.0,T=18<70,100.0,GREEN,,,0,False,0,BELOW_OFFICIAL_BAR,TOP_PICK=0,,30.0,IGNORE,IGNORE,NORMAL,0,0,0,0,0,0,0,0,0,CLEAR,,,0,0,0,0,0.0,,,,,,,,,,DISABLED_LOSS_DEFENSE,,,,,,True,False,True,True,True,True,True,True,0.0,0.0,0.0,0.0,0.0,0.0,0.0,0.0,0.0,0.5,False,False,False,2,False,9.8,0.5,G2RR×0.5,,0,0,0,,9.8,0,,False,0.0,0.0,False,,False,True,,0,78.0,74.0,0,0,CAUTION,5일 상승 19.9% > 5%,B,REALISTIC_RR,0,0.35,관찰 후보,현실형 RR · 시장폭 82.2 · 5일 19.9%,48.63,6,177,0,58.68,127,,-4.0,173856.0,"진입 후 D+1 종가 173,856원(-4%) 이탈 시 익일 조기청산 권고",46.2,"최근 20거래일 유니버스 실측 2일 상승률 46.2% (n=6,245) · 종목별 유의차 미검증",NO_EDGE_VALIDATED,OK,168423.0,199210.0,"손절 168,423(-7%)·본전전환 190,155(+5%)·1차익절 199,210(+10%) · ⚡ D+2내 184,722(+2%) 도달 시 절반 익절+잔여 본전 상향 (실측: 초반 급등 후 되돌림 -0.9%)",0,61.2,0,0,알파 32점 (진입선 85점 미달) · 손익비 1.10,alpha_gate_v32,WATCH,0.0,,,0,NEUTRAL,"중립 레짐 — KOSPI 20일선 아래, 시장폭 82% (실측: 본전 구간 → 진입 허용하되 사이즈 50%)",0.5,1,31.9,190155.0,0.2433,1,이 점수 구간의 과거 실측 승률 29% (표본 11693건) · 거래량 밀집가 대비 -0.6% — 가치영역 근접 (실측 표본 적음) · 손익비 1.1 (손절 -9.4% / 1차목표 +10.4%),중립 레짐 — 사이즈 50% 권장,29.1,True,WAIT,1,85.0,1,0,184722.0,,,,,1,1.0,,0,30.2,pctl>0.30,0,,0,1.0
75,139130,iM금융지주,KOSPI,금융,17290,83.03,27381.0,0.0,0.0,WAIT,WAIT,3,False,1,True,19.9,19.9,6.7,33.1,0.0,0.0,15.5,13.3,33.1,58.6,1.1,0.0,RR1.1 + 진입적정,0,17290.0,15900.0,18820.0,19490.0,,2.36,0.83,17636,1.03,특이사항 없음,0,-12.24,43.5,-1.6,,,저점 이탈,추세 관망,NORMAL,82.2,기타 금융업,8302704920.0,45.9,16.25,0,0,0.23,9.99,-1.26,-7.59,-9.48,3.35,6.23,2.52,-24.43,0.646,0.488,1,10.8,0,0,0.95,0.59,0,0,0,0,-1,19082.0,-1.96,0.198,False,X,▲,16644,▲,O,X,-0.17,250,0,1,-1,1,20600.0,enter,100.0,NORMAL+PM_BLOCK_INTRADAY+EF:정상,8.04,5.0,1.1,normal,7.0,v1_sl_first_gap_at_open,NORMAL+PM_BLOCK_INTRADAY+EF:정상,SWING_20D,23,SWING_60D,23,ATR_3.5x,12,0.0,기타 금융업,14.904375,12.145312500000001,11.0,37.8,0.0,0.054222093695777906,0.007446640784779832,0.6923076923076923,OK,0.0,UNVALIDATED_MODEL,29.755620458496416,29.755620458496416,0.0,2,0,0.5,0.5,0.0,STRUCT+TIMING+SECTOR,default,default,default,70,20260805,20260805,,19.9,19.9,19.9,-12.0,-33.79,FRESH,0.291,,False,0.3,True,MATURE,11693.0,ALPHA_WIN_PROB,1.101,,1.101,0.0,상태 WAIT — 신규진입 상태 아님(사이징 제외),0.476,0.0,0.0,v40_alpha_tilt,,,,,,True,8.8,,ELITE_SCORE,MATURE,11693,2.4.0,OK,,100.0,ATTACK,OK,OK,OK,OK,OK,OK,OK,0,7,True,True,True,,0,GREEN,,,90.0,BUY,1,,0,0,0,0,,0.0,T=33<70,100.0,GREEN,,,0,False,0,BELOW_OFFICIAL_BAR,TOP_PICK=0,EBS 미통과/불명,25.0,IGNORE,IGNORE,NORMAL,0,0,0,0,0,0,0,0,0,CLEAR,,,0,0,0,0,0.0,,,,,,,,,,DISABLED_LOSS_DEFENSE,,,,,,True,False,True,True,True,True,True,True,0.0,0.0,0.0,0.0,0.0,0.0,0.0,0.0,0.0,0.5,False,False,False,2,False,7.8,0.5,G2RR×0.5,,0,0,0,,7.8,0,,False,0.0,0.0,False,,False,True,,0,72.0,76.0,0,0,CAUTION,5일 상승 10.0% > 5%,B,REALISTIC_RR,0,0.35,관찰 후보,현실형 RR · 시장폭 82.2 · 5일 10.0%,43.14,6,214,0,52.3,163,,-4.0,16598.0,"진입 후 D+1 종가 16,598원(-4%) 이탈 시 익일 조기청산 권고",46.2,"최근 20거래일 유니버스 실측 2일 상승률 46.2% (n=6,245) · 종목별 유의차 미검증",NO_EDGE_VALIDATED,OK,16080.0,19019.0,"손절 16,080(-7%)·본전전환 18,154(+5%)·1차익절 19,019(+10%) · ⚡ D+2내 17,636(+2%) 도달 시 절반 익절+잔여 본전 상향 (실측: 초반 급등 후 되돌림 -0.9%)",0,60.0,0,0,알파 78점 (진입선 85점 미달) · 손익비 1.10,alpha_gate_v32,WATCH,0.0,,,0,NEUTRAL,"중립 레짐 — KOSPI 20일선 아래, 시장폭 82% (실측: 본전 구간 → 진입 허용하되 사이즈 50%)",0.5,1,78.3,18154.0,0.3379,1,이 점수 구간의 과거 실측 승률 29% (표본 11693건) · 거래량 밀집가 대비 +1.0% — 가치영역 근접 (실측 승률 40%) · 손익비 1.1 (손절 -8.0% / 1차목표 +8.8%) · AI 알파모델 예측 상위 22% (OOS 검증 통과 모델 — 이 구간 실측 승률 34%),중립 레짐 — 사이즈 50% 권장,29.1,True,WAIT,1,85.0,1,0,17636.0,,,,,1,1.0,,0,40.2,pctl>0.30,0,,0,1.0
76,443060,HD현대마린솔루션,KOSPI,서비스 기타,193100,166.36,86573.4,0.0,0.0,WAIT,WAIT,3,False,0,True,13.6,13.6,11.6,15.6,0.0,0.0,10.1,9.1,15.6,80.5,1.48,1.5,밸런스우수 + RR1.5 + 진입적정,0,190200.0,174900.0,220000.0,227000.0,,1.1,0.68,222793,-14.9,특이사항 없음,0,-3.26,45.4,-0.63,,,,추세 관망,NORMAL,82.2,"건축기술, 엔지니어링 및 관련 기술 서비스업",16636442550.0,38.7,19.96,0,0,4.43,6.57,-3.69,-3.93,-19.71,15.91,9.89,-7.71,-11.87,0.714,0.11,0,12.0,1,0,1.39,0.4,0,0,0,0,-1,222920.0,-13.33,0.0948,False,X,▲,185066,▼,O,X,0.05,250,0,1,1,1,271000.0,enter,100.0,NORMAL+PM_BLOCK_INTRADAY+EF:정상,8.04,4.0,1.9,normal,7.0,v1_sl_first_gap_at_open,NORMAL+PM_BLOCK_INTRADAY+EF:정상,SWING_20D,23,VP_RESISTANCE,12,SWING_60D,2,0.0,"건축기술, 엔지니어링 및 관련 기술 서비스업",12.922941176470587,7.686470588235293,13.0,34.8,0.0,0.06784049715173485,-0.029489377346889098,0.3135593220338983,OK,0.0,UNVALIDATED_MODEL,27.54543886591606,27.54543886591606,0.0,6,1,0.5,0.5,0.0,STRUCT+TIMING+SECTOR,default,default,default,70,20260805,20260805,,13.6,13.6,13.6,-12.0,-33.79,FRESH,0.291,,False,0.3,True,MATURE,11693.0,ALPHA_WIN_PROB,1.948,,1.81,0.0,상태 WAIT — 신규진입 상태 아님(사이징 제외),0.3559,0.0,0.0,v40_alpha_tilt,,,,,,True,13.9,,ELITE_SCORE,MATURE,11693,2.4.0,OK,,100.0,ATTACK,OK,OK,OK,OK,OK,OK,OK,0,7,True,True,True,,0,GREEN,,,100.0,BUY,1,,0,0,0,0,,0.0,T=16<70,100.0,GREEN,,,0,False,0,ENTRY_READY_BUT_NOT_TOP_PICK,TOP_PICK=0,진입조건은 양호하나 공식 Top Pick 아님,50.0,ENTRY_CLEAN_OBSERVE,ENTRY_CLEAN_OBSERVE,NORMAL,0,0,0,0,0,0,0,0,0,CLEAR,,,0,0,0,0,0.0,,,,,,,,,,DISABLED_LOSS_DEFENSE,,,,,,True,False,True,True,False,True,True,True,0.0,0.0,0.0,0.0,20.0,0.0,0.0,0.0,20.0,0.5,False,True,False,4,False,0.0,0.0,G2RR×0.5 · G5추세붕괴4축,,0,0,0,,0.0,0,,False,0.0,0.0,False,,False,True,,0,84.0,70.0,0,0,CAUTION,5일 상승 6.6% > 5%,C,WATCH,0,0.2,관찰,시장폭 82.2 · 5일 6.6%,35.58,6,246,0,38.38,230,,-4.0,182592.0,"진입 후 D+1 종가 182,592원(-4%) 이탈 시 익일 조기청산 권고",46.2,"최근 20거래일 유니버스 실측 2일 상승률 46.2% (n=6,245) · 종목별 유의차 미검증",NO_EDGE_VALIDATED,OK,176886.0,209220.0,"손절 176,886(-7%)·본전전환 199,710(+5%)·1차익절 209,220(+10%) · ⚡ D+2내 194,004(+2%) 도달 시 절반 익절+잔여 본전 상향 (실측: 초반 급등 후 되돌림 -0.9%)",0,58.4,0,0,알파 73점 (진입선 85점 미달),alpha_gate_v32,CASH,0.0,,,0,NEUTRAL,"중립 레짐 — KOSPI 20일선 아래, 시장폭 82% (실측: 본전 구간 → 진입 허용하되 사이즈 50%)",0.5,1,73.4,199710.0,0.3379,1,이 점수 구간의 과거 실측 승률 29% (표본 11693건) · 거래량 밀집가 대비 -14.9% — 가치영역 근접 (실측 표본 적음) · 손익비 1.5 (손절 -9.4% / 1차목표 +13.9%) · AI 알파모델 예측 상위 27% (OOS 검증 통과 모델 — 이 구간 실측 승률 34%),중립 레짐 — 사이즈 50% 권장,29.1,True,WAIT,1,85.0,1,0,194004.0,,,,,1,1.0,,0,65.3,pctl>0.30,0,,0,1.0
77,011170,롯데케미칼,KOSPI,화학·소재,57700,56.28,24681.4,0.0,0.0,NEUTRAL,WAIT,4,False,1,True,10.8,10.8,0.0,21.7,0.0,0.0,9.2,7.2,21.7,72.9,1.34,0.0,RR1.3 + 진입적정,1,57700.0,53000.0,64000.0,109000.0,,1.31,0.91,76769,-28.29,특이사항 없음,0,-4.89,44.0,-2.01,,,,추세 관망,NORMAL,82.2,기초 화학물질 제조업,5628402300.0,40.1,16.99,0,0,0.0,5.68,-2.53,-8.27,-42.24,-23.68,5.55,-30.24,-51.46,0.983,0.062,0,11.3,1,0,1.42,0.45,0,0,0,0,-1,64890.0,-24.84,0.1296,False,X,▼,55895,▼,O,X,1.56,250,0,-1,-1,1,119500.0,enter,100.0,NORMAL+PM_BLOCK_INTRADAY+EF:정상,8.15,5.0,1.3,normal,7.0,v1_sl_first_gap_at_open,NORMAL+PM_BLOCK_INTRADAY+EF:정상,SWING_20D,23,SWING_60D,2,SWING_120D,2,0.0,기초 화학물질 제조업,18.9472,9.67,10.0,32.5,0.0,0.05644961624164398,0.004343384830732844,0.5238095238095238,OK,0.0,UNVALIDATED_MODEL,33.04890052633985,33.04890052633985,0.0,4,1,0.5,0.5,0.0,STRUCT+TIMING+SECTOR,default,default,default,70,20260805,20260805,,10.8,10.8,10.8,-12.0,-33.79,FRESH,0.291,,False,0.3,True,MATURE,11693.0,ALPHA_WIN_PROB,1.34,,1.34,0.0,상태 WAIT — 신규진입 상태 아님(사이징 제외),0.4273,0.0,0.0,v40_alpha_tilt,,,,,,True,10.9,ALPHA,ELITE_SCORE,MATURE,11693,2.4.0,OK,,100.0,ATTACK,OK,OK,OK,OK,OK,OK,OK,0,7,True,True,True,,0,GREEN,,,100.0,BUY,1,,0,0,0,0,,0.0,T=22<70,100.0,GREEN,,,0,False,0,ENTRY_READY_BUT_NOT_TOP_PICK,TOP_PICK=0,진입조건은 양호하나 공식 Top Pick 아님,50.0,ENTRY_CLEAN_OBSERVE,ENTRY_CLEAN_OBSERVE,NORMAL,0,0,0,0,0,0,0,0,0,CLEAR,,,0,0,0,0,0.0,,,,,,,,,,DISABLED_LOSS_DEFENSE,,,,,,True,False,True,True,False,True,True,True,0.0,0.0,0.0,0.0,20.0,0.0,0.0,0.0,20.0,0.5,False,True,False,4,False,0.0,0.0,G2RR×0.5 · G5추세붕괴4축,,0,0,0,,0.0,0,,False,0.0,0.0,False,,False,True,,0,80.0,70.0,0,0,CAUTION,5일 상승 5.7% > 5%,C,WATCH,0,0.2,관찰,시장폭 82.2 · 5일 5.7%,30.08,6,268,0,33.23,250,,-4.0,55392.0,"진입 후 D+1 종가 55,392원(-4%) 이탈 시 익일 조기청산 권고",46.2,"최근 20거래일 유니버스 실측 2일 상승률 46.2% (n=6,245) · 종목별 유의차 미검증",NO_EDGE_VALIDATED,HIGH_AVOID,53661.0,63470.0,"⛔ 고위험 루트(진입보류 권고) · 손절 53,661(-7%)·본전전환 60,585(+5%)·1차익절 63,470(+10%) · ⚡ D+2내 58,854(+2%) 도달 시 절반 익절+잔여 본전 상향 (실측: 초반 급등 후 되돌림 -0.9%)",0,58.1,1,1,당일 신규진입 1종목 제한,alpha_gate_v32,CASH,0.0,,,0,NEUTRAL,"중립 레짐 — KOSPI 20일선 아래, 시장폭 82% (실측: 본전 구간 → 진입 허용하되 사이즈 50%)",0.5,1,92.0,60585.0,0.3888,1,이 점수 구간의 과거 실측 승률 29% (표본 11693건) · 거래량 밀집가 대비 -28.3% — 가치영역 근접 (실측 표본 적음) · 손익비 1.3 (손절 -8.1% / 1차목표 +10.9%) · AI 알파모델 예측 상위 8% (OOS 검증 통과 모델 — 이 구간 실측 승률 39%),중립 레짐 — 사이즈 50% 권장,29.1,True,NEUTRAL,1,85.0,1,1,58854.0,,,,,1,1.0,,0,59.1,pctl>0.30,0,,0,1.0
78,263750,펄어비스,KOSDAQ,IT/전기전자,34650,81.97,21775.4,0.0,,NEUTRAL,ARMED,4,True,1,False,35.4,35.4,16.9,54.0,0.0,0.0,25.4,23.6,54.0,32.5,1.29,0.0,RR1.3 + 진입적정,0,34650.0,31850.0,38250.0,57800.0,,1.3,0.92,42410,-39.04,특이사항 없음,0,-5.77,50.2,1.15,,,저점 이탈,알파 상위권 + 코일(스퀴즈/추세) — 진입 임박,NORMAL,82.2,소프트웨어 개발 및 공급업,8196680475.0,48.8,15.98,0,0,-2.67,5.48,4.84,-7.23,-34.0,-34.13,-3.42,-0.21,-6.27,0.974,0.043,0,10.8,1,0,0.93,0.55,0,0,0,1,-1,37430.0,-18.3,0.2466,False,X,▼,33542,▲,O,X,0.56,250,0,-1,-1,1,77400.0,enter,100.0,NORMAL+PM_BLOCK_INTRADAY+EF:정상,8.08,5.0,1.3,normal,7.0,v1_sl_first_gap_at_open,NORMAL+PM_BLOCK_INTRADAY+EF:정상,SWING_20D,23,SWING_60D,2,SWING_120D,2,0.0,소프트웨어 개발 및 공급업,28.983018867924528,12.636603773584905,4.0,38.5,0.0,0.05380333951762523,-0.019866619415911994,0.08,OK,0.0,UNVALIDATED_MODEL,58.46316415939005,58.46316415939005,0.0,4,1,0.5,0.5,0.0,STRUCT+TIMING+SECTOR,default,default,default,70,20260805,20260805,,35.4,35.4,35.4,-12.0,-33.79,FRESH,0.289,,False,0.3,True,MATURE,11693.0,ALPHA_WIN_PROB,1.286,,1.286,0.0,실측 승률 34% < 필요 승률 44% (손익비 1.29) — 켈리 기준 미달,0.4375,0.0,,v40_alpha_tilt,,,,,,True,10.4,,ELITE_SCORE,MATURE,11693,2.4.0,OK,,100.0,ATTACK,OK,OK,OK,OK,OK,OK,OK,0,7,True,True,True,,0,GREEN,,,100.0,BUY,1,,0,0,0,0,,0.0,T=54<70,100.0,GREEN,,,0,False,0,ENTRY_READY_BUT_NOT_TOP_PICK,TOP_PICK=0,진입조건은 양호하나 공식 Top Pick 아님,50.0,ENTRY_CLEAN_OBSERVE,ENTRY_CLEAN_OBSERVE,NORMAL,0,0,0,0,0,0,0,0,0,CLEAR,,,0,0,0,0,0.0,,,,,,,,,,DISABLED_LOSS_DEFENSE,,,,,,True,False,True,True,True,True,True,True,0.0,0.0,0.0,0.0,0.0,0.0,0.0,0.0,0.0,0.5,False,False,False,2,False,12.7,0.5,G2RR×0.5,,0,0,0,,12.7,0,,False,0.0,0.0,False,,False,True,,0,76.0,83.0,0,0,CAUTION,5일 상승 5.5% > 5%,B,REALISTIC_RR,0,0.35,관찰 후보,현실형 RR · 시장폭 82.2 · 5일 5.5%,49.79,6,171,0,64.68,88,,-4.0,33264.0,"진입 후 D+1 종가 33,264원(-4%) 이탈 시 익일 조기청산 권고",46.2,"최근 20거래일 유니버스 실측 2일 상승률 46.2% (n=6,245) · 종목별 유의차 미검증",NO_EDGE_VALIDATED,HIGH_AVOID,32224.0,38115.0,"⛔ 고위험 루트(진입보류 권고) · 손절 32,224(-7%)·본전전환 36,382(+5%)·1차익절 38,115(+10%) · ⚡ D+2내 35,343(+2%) 도달 시 절반 익절+잔여 본전 상향 (실측: 초반 급등 후 되돌림 -0.9%)",0,56.5,0,0,알파 78점 (진입선 85점 미달) · 손익비 1.29,alpha_gate_v32,CASH,0.0,,,0,NEUTRAL,"중립 레짐 — KOSPI 20일선 아래, 시장폭 82% (실측: 본전 구간 → 진입 허용하되 사이즈 50%)",0.5,1,77.7,36382.0,0.3379,1,이 점수 구간의 과거 실측 승률 29% (표본 11693건) · 거래량 밀집가 대비 -39.0% — 가치영역 근접 (실측 표본 적음) · 손익비 1.3 (손절 -8.1% / 1차목표 +10.4%) · AI 알파모델 예측 상위 22% (OOS 검증 통과 모델 — 이 구간 실측 승률 34%),중립 레짐 — 사이즈 50% 권장,28.9,True,NEUTRAL,1,85.0,1,0,35343.0,,,,,1,1.0,,0,57.6,pctl>0.30,0,,0,1.0
79,006800,미래에셋증권,KOSPI,서비스 기타,35200,435.84,196967.5,0.0,0.0,WAIT,WAIT,3,False,0,True,5.3,5.3,0.0,10.6,0.0,0.0,4.6,3.5,10.6,86.8,2.51,1.6,밸런스우수 + RR2.5 + 진입적정,0,34650.0,31850.0,43600.0,85500.0,,1.35,0.64,51883,-50.67,특이사항 없음,0,-18.82,36.2,-4.81,,,저점 이탈,추세 관망,NORMAL,82.2,금융 지원 서비스업,43584378950.0,35.4,37.85,0,0,3.38,14.66,-6.38,-17.37,-55.78,-28.72,-3.55,-43.78,-56.5,0.983,0.037,0,12.0,0,0,1.84,0.43,0,0,0,0,-1,39415.0,-32.16,0.4617,False,X,▼,31895,▲,O,X,4.41,250,0,-1,-1,1,87800.0,enter,100.0,NORMAL+PM_BLOCK_INTRADAY+EF:정상,8.08,4.0,3.2,normal,7.0,v1_sl_first_gap_at_open,NORMAL+PM_BLOCK_INTRADAY+EF:정상,SWING_20D,12,SWING_60D,2,SWING_120D,2,0.0,금융 지원 서비스업,12.922941176470587,7.686470588235293,13.0,48.9,0.0,0.078125,-0.013941789831649183,0.0,OK,0.0,UNVALIDATED_MODEL,23.031948728159303,23.031948728159303,0.0,4,1,0.5,0.5,0.0,STRUCT+TIMING+SECTOR,default,default,default,70,20260805,20260805,,5.3,5.3,5.3,-12.0,-33.79,FRESH,0.291,,False,0.3,True,MATURE,11693.0,ALPHA_WIN_PROB,3.196,,1.81,0.0,상태 WAIT — 신규진입 상태 아님(사이징 제외),0.3559,0.0,0.0,v40_alpha_tilt,,,,,,True,23.9,,ELITE_SCORE,MATURE,11693,2.4.0,OK,,100.0,ATTACK,OK,OK,OK,OK,OK,OK,OK,0,7,True,True,True,,0,GREEN,,,100.0,BUY,1,,0,0,0,0,,0.0,T=11<70,100.0,GREEN,,,0,False,0,ENTRY_READY_BUT_NOT_TOP_PICK,TOP_PICK=0,진입조건은 양호하나 공식 Top Pick 아님,50.0,ENTRY_CLEAN_OBSERVE,ENTRY_CLEAN_OBSERVE,NORMAL,0,0,0,0,0,0,0,0,0,CLEAR,,,0,0,0,0,0.0,,,,,,,,,,DISABLED_LOSS_DEFENSE,,,,,,True,False,True,True,False,True,True,True,0.0,0.0,0.0,0.0,20.0,0.0,0.0,0.0,20.0,0.5,False,True,False,3,False,0.0,0.0,G2RR×0.5 · G5추세붕괴3축,,0,0,0,,0.0,0,,False,0.0,0.0,False,,False,True,,0,74.0,57.0,0,0,CAUTION,5일 상승 14.7% > 5%,C,WATCH,0,0.2,관찰,시장폭 82.2 · 5일 14.7%,26.34,6,283,0,23.85,275,,-4.0,33264.0,"진입 후 D+1 종가 33,264원(-4%) 이탈 시 익일 조기청산 권고",46.2,"최근 20거래일 유니버스 실측 2일 상승률 46.2% (n=6,245) · 종목별 유의차 미검증",NO_EDGE_VALIDATED,OK,32224.0,38115.0,"손절 32,224(-7%)·본전전환 36,382(+5%)·1차익절 38,115(+10%) · ⚡ D+2내 35,343(+2%) 도달 시 절반 익절+잔여 본전 상향 (실측: 초반 급등 후 되돌림 -0.9%)",0,55.5,0,0,알파 79점 (진입선 85점 미달),alpha_gate_v32,CASH,0.0,,,0,NEUTRAL,"중립 레짐 — KOSPI 20일선 아래, 시장폭 82% (실측: 본전 구간 → 진입 허용하되 사이즈 50%)",0.5,1,78.9,36382.0,0.3379,1,이 점수 구간의 과거 실측 승률 29% (표본 11693건) · 거래량 밀집가 대비 -50.7% — 가치영역 근접 (실측 표본 적음) · 손익비 2.5 (손절 -9.5% / 1차목표 +23.9%) · AI 알파모델 예측 상위 21% (OOS 검증 통과 모델 — 이 구간 실측 승률 34%),중립 레짐 — 사이즈 50% 권장,29.1,True,WAIT,1,85.0,1,0,35343.0,,,,,0,1.0,,0,21.1,pctl>0.30,0,,0,1.0
80,005380,현대차,KOSPI,자동차·모빌리티,404500,2215.09,828245.2,0.0,0.0,WAIT,WAIT,3,False,0,True,0.0,0.0,0.0,0.0,0.0,0.0,0.0,0.0,0.0,100.0,2.11,1.5,밸런스우수 + RR2.1 + 진입적정,0,398500.0,366500.0,484500.0,783000.0,,1.63,0.6,589745,-19.8,특이사항 없음,0,-11.15,42.9,-1.24,,,저점 이탈,추세 관망,NORMAL,82.2,자동차용 엔진 및 자동차 제조업,221508528000.0,33.6,31.09,0,0,3.06,14.43,-3.23,-15.64,-34.01,-17.2,-1.82,-22.01,-44.98,0.962,0.05,0,12.0,1,0,1.09,0.45,36001,14158,50159,0,-1,445800.0,-31.41,0.5258,False,X,▼,369951,▲,O,X,2.29,250,0,-1,-1,1,,enter,100.0,NORMAL+PM_BLOCK_INTRADAY+EF:정상,8.03,4.0,2.7,normal,7.0,v1_sl_first_gap_at_open,NORMAL+PM_BLOCK_INTRADAY+EF:정상,SWING_20D,12,SWING_60D,2,,0,0.0,자동차용 엔진 및 자동차 제조업,17.37090909090909,13.840909090909092,7.0,41.1,0.0,0.07125198657955148,-0.031515597196856496,0.6190476190476191,OK,0.0,UNVALIDATED_MODEL,10.847262362333153,10.847262362333153,0.0,2,0,0.5,0.5,0.0,STRUCT+TIMING+SECTOR,default,default,default,70,20260805,20260805,,0.0,0.0,0.0,-12.0,-33.79,FRESH,0.291,,False,0.3,True,MATURE,11693.0,ALPHA_WIN_PROB,2.688,,1.81,0.0,상태 WAIT — 신규진입 상태 아님(사이징 제외),0.3559,0.0,0.0,v40_alpha_tilt,,,,,,True,19.8,,ELITE_SCORE,MATURE,11693,2.4.0,OK,,100.0,ATTACK,OK,OK,OK,OK,OK,OK,OK,0,7,True,True,True,,0,GREEN,,,100.0,BUY,1,,0,0,0,0,,0.0,T=0<70,100.0,GREEN,,,0,False,0,ENTRY_READY_BUT_NOT_TOP_PICK,TOP_PICK=0,진입조건은 양호하나 공식 Top Pick 아님,45.0,ENTRY_CLEAN_OBSERVE,ENTRY_CLEAN_OBSERVE,NORMAL,0,0,0,0,0,0,0,0,0,CLEAR,,,0,0,0,0,0.0,,,,,,,,,,DISABLED_LOSS_DEFENSE,,,,,,True,False,True,True,False,True,False,True,0.0,0.0,0.0,0.0,20.0,0.0,15.0,0.0,35.0,0.3,False,True,False,3,False,0.0,0.0,G2RR×0.3 · G5추세붕괴3축 · G7윗꼬리약세-15,,0,0,0,,0.0,0,,False,0.0,0.0,False,,False,True,,0,66.0,51.0,0,0,CAUTION,5일 상승 14.4% > 5%,C,WATCH,0,0.2,관찰,시장폭 82.2 · 5일 14.4%,27.92,6,277,0,17.6,293,,-4.0,382560.0,"진입 후 D+1 종가 382,560원(-4%) 이탈 시 익일 조기청산 권고",46.2,"최근 20거래일 유니버스 실측 2일 상승률 46.2% (n=6,245) · 종목별 유의차 미검증",NO_EDGE_VALIDATED,OK,370605.0,438350.0,"손절 370,605(-7%)·본전전환 418,425(+5%)·1차익절 438,350(+10%) · ⚡ D+2내 406,470(+2%) 도달 시 절반 익절+잔여 본전 상향 (실측: 초반 급등 후 되돌림 -0.9%)",0,55.0,0,0,알파 62점 (진입선 85점 미달),alpha_gate_v32,CASH,0.0,,,0,NEUTRAL,"중립 레짐 — KOSPI 20일선 아래, 시장폭 82% (실측: 본전 구간 → 진입 허용하되 사이즈 50%)",0.5,1,61.9,418425.0,0.3233,1,이 점수 구간의 과거 실측 승률 29% (표본 11693건) · 거래량 밀집가 대비 -19.8% — 가치영역 근접 (실측 표본 적음) · 손익비 2.1 (손절 -9.4% / 1차목표 +19.8%),중립 레짐 — 사이즈 50% 권장,29.1,True,WAIT,1,85.0,1,0,406470.0,,,,,1,1.0,,0,44.0,pctl>0.30,0,,0,1.0
81,003670,포스코퓨처엠,KOSPI,2차전지,146200,204.08,130039.4,0.0,0.0,WAIT,OVERHEAT,3,False,1,False,28.1,28.1,26.4,29.8,0.0,0.0,19.7,18.7,29.8,62.8,1.15,0.0,RR1.1 + 진입적정,1,146200.0,134500.0,159700.0,168300.0,,2.1,0.49,189805,-31.43,특이사항 없음,0,-13.76,46.2,2.93,,,5일 급등,"과열(급등·MFI·RSI) — 실측 역신호, 관망",NORMAL,82.2,일차전지 및 이차전지 제조업,20408423650.0,53.5,22.24,0,0,2.38,19.74,3.61,-7.59,-49.59,-35.17,6.23,-37.59,-62.95,0.964,0.113,0,12.0,1,0,1.37,0.7,0,0,0,1,-1,158160.0,-22.97,0.4071,False,X,▼,134102,▲,O,X,3.08,250,0,-1,-1,1,213500.0,enter,100.0,NORMAL+PM_BLOCK_INTRADAY+EF:정상,8.0,4.0,1.2,normal,7.0,v1_sl_first_gap_at_open,NORMAL+PM_BLOCK_INTRADAY+EF:정상,SWING_20D,46,ATR_2x,23,VP_RESISTANCE,2,0.0,일차전지 및 이차전지 제조업,25.9875,11.055,5.0,24.1,0.0,0.07533711158882157,0.016941917791950496,0.20512820512820512,OK,0.0,UNVALIDATED_MODEL,36.69801076500785,36.69801076500785,0.0,6,1,0.5,0.5,0.0,STRUCT+TIMING+SECTOR,default,default,default,70,20260805,20260805,,28.1,28.1,28.1,-12.0,-33.79,FRESH,0.291,,False,0.3,True,MATURE,11693.0,ALPHA_WIN_PROB,1.154,,1.154,0.0,상태 OVERHEAT — 신규진입 상태 아님(사이징 제외),0.4643,0.0,0.0,v40_alpha_tilt,,,,,,True,9.2,ALPHA,ELITE_SCORE,MATURE,11693,2.4.0,OK,,100.0,ATTACK,OK,OK,OK,OK,OK,OK,OK,0,7,True,True,True,,0,GREEN,,,90.0,BUY,1,,0,0,0,0,,0.0,T=30<70,100.0,GREEN,,,0,False,0,BELOW_OFFICIAL_BAR,TOP_PICK=0,,30.0,IGNORE,IGNORE,NORMAL,0,0,0,0,0,0,0,0,0,CLEAR,,,0,0,0,0,0.0,,,,,,,,,,DISABLED_LOSS_DEFENSE,,,,,,True,False,True,True,True,True,True,True,0.0,0.0,0.0,0.0,0.0,0.0,0.0,0.0,0.0,0.5,False,False,False,2,False,9.8,0.5,G2RR×0.5,,0,0,0,,9.8,0,,False,0.0,0.0,False,,False,True,,0,78.0,74.0,0,0,CAUTION,5일 상승 19.7% > 5%,B,REALISTIC_RR,0,0.35,관찰 후보,현실형 RR · 시장폭 82.2 · 5일 19.7%,36.07,6,242,0,52.71,161,,-4.0,140352.0,"진입 후 D+1 종가 140,352원(-4%) 이탈 시 익일 조기청산 권고",46.2,"최근 20거래일 유니버스 실측 2일 상승률 46.2% (n=6,245) · 종목별 유의차 미검증",NO_EDGE_VALIDATED,OK,135966.0,160820.0,"손절 135,966(-7%)·본전전환 153,510(+5%)·1차익절 160,820(+10%) · ⚡ D+2내 149,124(+2%) 도달 시 절반 익절+잔여 본전 상향 (실측: 초반 급등 후 되돌림 -0.9%)",0,53.8,1,0,손익비 1.15,alpha_gate_v32,CASH,0.0,,,0,NEUTRAL,"중립 레짐 — KOSPI 20일선 아래, 시장폭 82% (실측: 본전 구간 → 진입 허용하되 사이즈 50%)",0.5,1,94.7,153510.0,0.3888,1,이 점수 구간의 과거 실측 승률 29% (표본 11693건) · 거래량 밀집가 대비 -31.4% — 가치영역 근접 (실측 표본 적음) · 손익비 1.1 (손절 -8.0% / 1차목표 +9.2%) · AI 알파모델 예측 상위 5% (OOS 검증 통과 모델 — 이 구간 실측 승률 39%),중립 레짐 — 사이즈 50% 권장,29.1,True,WAIT,1,85.0,1,1,149124.0,,,,,1,1.0,,0,35.0,pctl>0.30,0,,0,1.0
82,003280,흥아해운,KOSPI,기타,1684,69.87,4048.8,0.0,0.0,WAIT,WAIT,3,False,1,True,3.4,3.4,0.0,6.7,0.0,0.0,3.0,2.2,6.7,91.6,3.3,0.0,밸런스우수 + RR3.3 + 진입적정,1,1684.0,1549.0,2130.0,3310.0,,1.98,0.18,2266,-40.09,특이사항 없음,0,-3.61,44.3,-2.89,,,,추세 관망,NORMAL,82.2,해상 운송업,6986740940.0,67.9,32.52,0,0,1.88,10.14,-14.39,2.06,-37.28,-0.3,15.88,-25.28,-28.08,0.966,0.027,0,12.0,1,0,0.85,0.26,0,0,0,0,1,1410.7,-25.69,0.1028,False,X,▼,1584,▼,O,X,0.12,250,0,-1,-1,1,4795.0,enter,100.0,NORMAL+PM_BLOCK_INTRADAY+EF:정상,8.02,6.0,3.3,normal,7.0,v1_sl_first_gap_at_open,NORMAL+PM_BLOCK_INTRADAY+EF:정상,SWING_20D,12,SWING_60D,2,SWING_120D,2,0.0,해상 운송업,22.15142857142857,8.541428571428572,9.0,37.4,0.0,0.09938072616219885,0.020766236779819893,0.328125,OK,0.0,UNVALIDATED_MODEL,15.0,15.0,0.0,2,0,0.5,0.5,0.0,STRUCT+TIMING+SECTOR,default,default,default,70,20260805,20260805,,3.4,3.4,3.4,-12.0,-33.79,FRESH,0.291,,False,0.3,True,MATURE,11693.0,ALPHA_WIN_PROB,3.304,,1.81,0.0,상태 WAIT — 신규진입 상태 아님(사이징 제외),0.3559,0.0,0.0,v40_alpha_tilt,,,,,,True,26.5,ALPHA,ELITE_SCORE,MATURE,11693,2.4.0,OK,,100.0,ATTACK,OK,OK,OK,OK,OK,OK,OK,0,7,True,True,True,,0,GREEN,,,80.0,BUY,1,,0,0,0,0,,0.0,T=7<70,100.0,GREEN,,,0,False,0,ENTRY_READY_BUT_NOT_TOP_PICK,TOP_PICK=0,진입조건은 양호하나 공식 Top Pick 아님,45.0,ENTRY_CLEAN_OBSERVE,ENTRY_CLEAN_OBSERVE,NORMAL,0,0,0,0,0,0,0,0,0,CLEAR,,,0,0,0,0,0.0,,,,,,,,,,DISABLED_LOSS_DEFENSE,,,,,,True,False,True,True,False,True,True,True,0.0,0.0,0.0,0.0,20.0,0.0,0.0,0.0,20.0,0.5,False,True,False,3,False,0.0,0.0,G2RR×0.5 · G5추세붕괴3축,,0,0,0,,0.0,0,,False,0.0,0.0,False,,False,True,,0,66.0,51.0,0,0,CAUTION,5일 상승 10.1% > 5%,C,WATCH,0,0.2,관찰,시장폭 82.2 · 5일 10.1%,18.89,6,309,0,18.42,291,,-4.0,1617.0,"진입 후 D+1 종가 1,617원(-4%) 이탈 시 익일 조기청산 권고",46.2,"최근 20거래일 유니버스 실측 2일 상승률 46.2% (n=6,245) · 종목별 유의차 미검증",NO_EDGE_VALIDATED,OK,1566.0,1852.0,"손절 1,566(-7%)·본전전환 1,768(+5%)·1차익절 1,852(+10%) · ⚡ D+2내 1,718(+2%) 도달 시 절반 익절+잔여 본전 상향 (실측: 초반 급등 후 되돌림 -0.9%)",0,53.3,1,1,당일 신규진입 1종목 제한,alpha_gate_v32,CASH,0.0,,,0,NEUTRAL,"중립 레짐 — KOSPI 20일선 아래, 시장폭 82% (실측: 본전 구간 → 진입 허용하되 사이즈 50%)",0.5,1,85.8,1768.0,0.3572,1,이 점수 구간의 과거 실측 승률 29% (표본 11693건) · 거래량 밀집가 대비 -40.1% — 가치영역 근접 (실측 표본 적음) · 손익비 3.3 (손절 -8.0% / 1차목표 +26.5%) · AI 알파모델 예측 상위 14% (OOS 검증 통과 모델 — 이 구간 실측 승률 36%),중립 레짐 — 사이즈 50% 권장,29.1,True,WAIT,1,85.0,1,1,1718.0,,,,,1,1.0,,0,64.4,pctl>0.30,0,,0,1.0
83,037070,파세코,KOSDAQ,기타,7200,69.51,1440.0,0.0,0.0,WAIT,OVERHEAT,3,False,0,False,28.4,28.4,23.0,33.9,0.0,0.0,20.3,19.0,33.9,57.6,3.65,1.6,RR3.6 + 진입적정,0,7090.0,6520.0,9680.0,9980.0,,0.57,0.21,7663,-14.62,특이사항 없음,2,-2.41,44.2,4.05,,,5일 급등,"과열(급등·MFI·RSI) — 실측 역신호, 관망",NORMAL,82.2,가정용 기기 제조업,6950938580.0,79.4,44.21,1,0,3.15,23.08,23.71,-7.81,-21.05,-9.55,-4.0,12.74,18.31,0.729,0.355,0,12.0,0,0,0.98,0.38,0,0,0,1,1,5555.0,-6.05,0.5392,False,X,▼,6571,▲,O,X,0.57,250,0,-1,-1,1,10670.0,enter,100.0,NORMAL+PM_BLOCK_INTRADAY+EF:정상,8.04,6.0,4.5,normal,7.0,v1_sl_first_gap_at_open,NORMAL+PM_BLOCK_INTRADAY+EF:정상,SWING_20D,12,SWING_120D,12,ATR_3.5x,12,0.0,가정용 기기 제조업,22.15142857142857,8.541428571428572,9.0,39.6,0.0,0.141765873015873,0.3680984013458504,0.125,OK,0.0,UNVALIDATED_MODEL,35.0,35.0,0.0,4,1,0.5,0.5,0.0,STRUCT+TIMING+SECTOR,default,default,default,70,20260805,20260805,,28.4,28.4,28.4,-12.0,-33.79,FRESH,0.291,elite_low_wr_0.29,True,0.3,True,MATURE,11693.0,ALPHA_WIN_PROB,4.544,,1.81,0.0,상태 OVERHEAT — 신규진입 상태 아님(사이징 제외),0.3559,0.0,0.0,v40_alpha_tilt,,,,,,True,34.4,,ELITE_SCORE,MATURE,11693,2.4.0,OK,,100.0,ATTACK,OK,OK,OK,OK,OK,OK,OK,0,7,True,True,True,,0,GREEN,,,90.0,AVOID,0,7월 손실방어 차단,0,0,0,0,,0.0,T=34<70,100.0,GREEN,,,0,False,0,ENTRY_READY_BUT_NOT_TOP_PICK,TOP_PICK=0,진입조건은 양호하나 공식 Top Pick 아님,50.0,ENTRY_CLEAN_OBSERVE,ENTRY_CLEAN_OBSERVE,NORMAL,0,0,0,0,0,0,0,0,0,CLEAR,,,0,0,0,0,0.0,,,,,,,,,,DISABLED_LOSS_DEFENSE,,,,,,True,False,True,True,True,True,True,True,0.0,0.0,0.0,0.0,0.0,0.0,0.0,0.0,0.0,0.5,False,False,False,1,False,10.2,0.5,G2RR×0.5,,0,0,0,,10.2,0,,False,0.0,0.0,True,JULY_PROFIT_DEFENSE: 5일 과열 23.1%,False,True,,0,54.0,29.0,0,1,BLOCK,5일 과열 23.1%,BLOCK,GUARD_BLOCK,1,0.0,신규진입 차단,기존 guard/JULY 차단 · 시장폭 82.2 · 5일 23.1%,35.96,6,244,0,53.43,159,,-4.0,6806.0,"진입 후 D+1 종가 6,806원(-4%) 이탈 시 익일 조기청산 권고",46.2,"최근 20거래일 유니버스 실측 2일 상승률 46.2% (n=6,245) · 종목별 유의차 미검증",NO_EDGE_VALIDATED,OK,6594.0,7799.0,"손절 6,594(-7%)·본전전환 7,444(+5%)·1차익절 7,799(+10%) · ⚡ D+2내 7,232(+2%) 도달 시 절반 익절+잔여 본전 상향 (실측: 초반 급등 후 되돌림 -0.9%)",0,52.8,0,0,알파 60점 (진입선 85점 미달) · 손실방어 차단,alpha_gate_v32,CASH,0.0,,,0,NEUTRAL,"중립 레짐 — KOSPI 20일선 아래, 시장폭 82% (실측: 본전 구간 → 진입 허용하되 사이즈 50%)",0.5,1,59.8,7444.0,0.2958,1,이 점수 구간의 과거 실측 승률 29% (표본 11693건) · 거래량 밀집가 대비 -14.6% — 가치영역 근접 (실측 표본 적음) · 손익비 3.6 (손절 -9.4% / 1차목표 +34.4%),중립 레짐 — 사이즈 50% 권장,29.1,True,WAIT,1,85.0,1,0,7232.0,,,,,1,1.0,,0,66.3,pctl>0.30,0,,0,1.0
84,028050,삼성E&A,KOSPI,서비스 기타,49100,1197.21,96236.0,0.0,0.0,WAIT,OVERHEAT,3,False,1,False,55.0,55.0,59.2,50.8,0.0,0.0,34.6,36.7,59.2,26.0,1.9,0.0,RR1.9 + 진입적정,0,49100.0,45150.0,56600.0,61000.0,🚀급등시동,2.55,1.02,48505,-3.34,특이사항 없음,0,0.52,61.3,13.14,,,5일 급등,"과열(급등·MFI·RSI) — 실측 역신호, 관망",NORMAL,82.2,"건축기술, 엔지니어링 및 관련 기술 서비스업",119721176825.0,69.8,27.6,0,0,2.83,23.52,18.89,3.26,-21.31,55.13,17.08,-9.31,27.35,0.452,0.396,0,12.0,1,0,1.3,0.95,0,0,0,1,-1,49395.0,1.23,0.3609,False,O,▲,45309,▲,O,X,1.78,250,0,1,1,1,67300.0,enter,100.0,NORMAL+PM_BLOCK_INTRADAY+EF:정상,8.04,4.0,1.9,normal,7.0,v1_sl_first_gap_at_open,NORMAL+PM_BLOCK_INTRADAY+EF:정상,ATR_2x,23,SWING_60D,12,SWING_120D,5,0.0,"건축기술, 엔지니어링 및 관련 기술 서비스업",12.922941176470587,7.686470588235293,13.0,75.0,0.0,0.07630200756473669,0.11442032276224778,0.21568627450980393,OK,0.0,UNVALIDATED_MODEL,63.67982079961422,63.67982079961422,0.0,8,1,0.5,0.5,0.0,STRUCT+TIMING+SECTOR,default,default,default,70,20260805,20260805,,55.0,55.0,55.0,-12.0,-33.79,FRESH,0.247,,False,0.36,True,MATURE,11693.0,ALPHA_WIN_PROB,1.899,,1.81,0.0,상태 OVERHEAT — 신규진입 상태 아님(사이징 제외),0.3559,0.0,0.0,v40_alpha_tilt,,,,,,True,15.3,,ELITE_SCORE,MATURE,11693,2.4.0,OK,,100.0,ATTACK,OK,OK,OK,OK,OK,OK,OK,0,7,True,True,True,,0,GREEN,,,85.0,AVOID,0,7월 손실방어 차단 · 수익회복 패치 차단,0,0,0,0,,0.0,T=51<70 · S=59≥50,100.0,GREEN,,,0,False,0,ENTRY_READY_BUT_NOT_TOP_PICK,TOP_PICK=0,진입조건은 양호하나 공식 Top Pick 아님,50.0,ENTRY_CLEAN_OBSERVE,ENTRY_CLEAN_OBSERVE,NORMAL,0,0,0,0,0,0,0,0,0,CLEAR,,,0,0,0,0,0.0,,,,,,,,,,DISABLED_LOSS_DEFENSE,,,,,,True,False,True,True,True,True,True,True,0.0,0.0,0.0,0.0,0.0,0.0,0.0,0.0,0.0,0.5,False,False,False,2,False,17.3,0.5,G2RR×0.5,,0,0,0,,17.3,0,,False,0.0,0.0,True,JULY_PROFIT_DEFENSE: 5일 과열 23.5% | PROFIT_RECOVERY: 기존 guard/JULY 차단 · 시장폭 82.2 · 5일 23.5%,False,True,,0,70.0,47.0,0,1,BLOCK,5일 과열 23.5%,BLOCK,GUARD_BLOCK,1,0.0,신규진입 차단,기존 guard/JULY 차단 · 시장폭 82.2 · 5일 23.5%,78.92,6,24,0,86.36,10,모멘텀확인중(PMS79),-4.0,47136.0,"진입 후 D+1 종가 47,136원(-4%) 이탈 시 익일 조기청산 권고",46.2,"최근 20거래일 유니버스 실측 2일 상승률 46.2% (n=6,245) · 종목별 유의차 미검증",NO_EDGE_VALIDATED,OK,45663.0,54010.0,"손절 45,663(-7%)·본전전환 51,555(+5%)·1차익절 54,010(+10%) · ⚡ D+2내 50,082(+2%) 도달 시 절반 익절+잔여 본전 상향 (실측: 초반 급등 후 되돌림 -0.9%)",0,48.5,0,0,알파 25점 (진입선 85점 미달) · 손실방어 차단,alpha_gate_v32,CASH,0.0,,,0,NEUTRAL,"중립 레짐 — KOSPI 20일선 아래, 시장폭 82% (실측: 본전 구간 → 진입 허용하되 사이즈 50%)",0.5,1,25.1,51555.0,0.2452,1,이 점수 구간의 과거 실측 승률 25% (표본 11693건) · 거래량 밀집가 대비 -3.3% — 가치영역 근접 (실측 표본 적음) · 손익비 1.9 (손절 -8.0% / 1차목표 +15.3%),중립 레짐 — 사이즈 50% 권장 · AI 알파모델 예측 하위 25% — 이 구간 실측 승률 25% — 픽 제외 구간,24.7,True,WAIT,1,85.0,1,0,50082.0,,,,,1,1.0,,0,75.9,pctl>0.30,0,,0,1.0
85,000210,DL,KOSPI,화학·소재,51200,53.81,10729.4,0.0,0.0,NEUTRAL,OVERHEAT,4,False,1,False,50.5,50.5,28.2,72.8,0.0,0.0,33.7,33.7,72.8,9.0,1.85,0.0,RR1.9 + 진입적정,0,51200.0,47100.0,58800.0,68500.0,,2.74,0.89,50837,13.18,특이사항 없음,1,-6.14,56.7,11.02,TIMING 강점,,5일 급등,"과열(급등·MFI·RSI) — 실측 역신호, 관망",NORMAL,82.2,기초 화학물질 제조업,5380743450.0,72.7,27.19,0,0,-1.35,24.42,11.3,13.15,-20.0,12.16,26.97,-8.0,-15.62,0.574,0.113,1,12.0,1,0,1.26,0.9,0,0,0,1,-1,51925.0,0.71,0.4744,False,X,▼,45968,▲,O,X,-1.73,250,0,-1,-1,1,77700.0,enter,100.0,NORMAL+PM_BLOCK_INTRADAY+EF:정상,8.01,5.0,1.9,normal,7.0,v1_sl_first_gap_at_open,NORMAL+PM_BLOCK_INTRADAY+EF:정상,ATR_2x,23,SWING_60D,5,SWING_120D,2,0.0,기초 화학물질 제조업,18.9472,9.67,10.0,71.6,0.0,0.07400948660714285,0.06874719670377216,0.7368421052631579,OK,0.0,UNVALIDATED_MODEL,65.49234927369248,65.49234927369248,0.0,6,1,0.5,0.5,0.0,STRUCT+TIMING+SECTOR,default,default,default,70,20260805,20260805,,50.5,50.5,50.5,-12.0,-33.79,FRESH,0.252,,False,0.324,True,MATURE,11693.0,ALPHA_WIN_PROB,1.854,,1.81,0.0,상태 OVERHEAT — 신규진입 상태 아님(사이징 제외),0.3559,0.0,0.0,v40_alpha_tilt,,,,,,True,14.8,,ELITE_SCORE,MATURE,11693,2.4.0,OK,,100.0,ATTACK,OK,OK,OK,OK,OK,OK,OK,0,7,True,True,True,,0,GREEN,,,85.0,AVOID,0,7월 손실방어 차단 · 수익회복 패치 차단,0,0,0,1,BASIC,60.0,T=73·S=28,100.0,GREEN,,,0,False,0,ENTRY_READY_BUT_NOT_TOP_PICK,TOP_PICK=0,진입조건은 양호하나 공식 Top Pick 아님,50.0,ENTRY_CLEAN_OBSERVE,ENTRY_CLEAN_OBSERVE,NORMAL,0,0,0,0,0,0,0,0,0,CLEAR,,,0,0,0,0,0.0,,,,,,,,,,DISABLED_LOSS_DEFENSE,,,,,,True,False,True,True,True,True,True,True,0.0,0.0,0.0,0.0,0.0,0.0,0.0,0.0,0.0,0.5,False,False,False,1,False,16.8,0.5,G2RR×0.5,,0,0,0,,16.8,0,,False,0.0,0.0,True,JULY_PROFIT_DEFENSE: 5일 과열 24.4% | PROFIT_RECOVERY: 기존 guard/JULY 차단 · 시장폭 82.2 · 5일 24.4%,False,True,,0,70.0,47.0,0,1,BLOCK,5일 과열 24.4%,BLOCK,GUARD_BLOCK,1,0.0,신규진입 차단,기존 guard/JULY 차단 · 시장폭 82.2 · 5일 24.4%,65.17,6,65,0,79.18,20,모멘텀확인중(PMS65),-4.0,49152.0,"진입 후 D+1 종가 49,152원(-4%) 이탈 시 익일 조기청산 권고",46.2,"최근 20거래일 유니버스 실측 2일 상승률 46.2% (n=6,245) · 종목별 유의차 미검증",NO_EDGE_VALIDATED,HIGH_AVOID,47616.0,56320.0,"⛔ 고위험 루트(진입보류 권고) · 손절 47,616(-7%)·본전전환 53,760(+5%)·1차익절 56,320(+10%) · ⚡ D+2내 52,224(+2%) 도달 시 절반 익절+잔여 본전 상향 (실측: 초반 급등 후 되돌림 -0.9%)",0,48.0,0,0,알파 36점 (진입선 85점 미달) · 손실방어 차단,alpha_gate_v32,CASH,0.0,,,0,NEUTRAL,"중립 레짐 — KOSPI 20일선 아래, 시장폭 82% (실측: 본전 구간 → 진입 허용하되 사이즈 50%)",0.5,1,35.9,53760.0,0.2433,1,이 점수 구간의 과거 실측 승률 25% (표본 11693건) · 거래량 밀집가 대비 +13.2% — 가치영역 근접 (실측 승률 48%) · 손익비 1.9 (손절 -8.0% / 1차목표 +14.8%),중립 레짐 — 사이즈 50% 권장,25.2,True,NEUTRAL,1,85.0,1,0,52224.0,,,,,1,1.0,,0,55.6,pctl>0.30,0,,0,1.0
86,450080,에코프로머티,KOSPI,2차전지,33900,133.71,24005.9,0.0,0.0,WAIT,OVERHEAT,3,False,0,False,12.4,12.4,0.0,24.8,0.0,0.0,10.5,8.3,24.8,69.0,2.17,1.5,RR2.2 + 진입적정,0,33400.0,30700.0,40850.0,80100.0,,1.56,0.99,52403,-51.52,특이사항 없음,0,-15.31,41.8,-0.93,,,5일 급등,"과열(급등·MFI·RSI) — 실측 역신호, 관망",NORMAL,82.2,일차전지 및 이차전지 제조업,13370737300.0,59.9,30.06,0,0,3.51,18.53,-1.31,-13.19,-57.68,-48.79,0.63,-45.68,-76.57,0.981,0.024,0,12.0,1,0,1.06,0.49,0,0,0,0,-1,38205.0,-35.31,0.4529,False,X,▼,30981,▲,O,X,2.6,250,0,-1,-1,1,88800.0,enter,100.0,NORMAL+PM_BLOCK_INTRADAY+EF:정상,8.08,5.0,2.8,normal,7.0,v1_sl_first_gap_at_open,NORMAL+PM_BLOCK_INTRADAY+EF:정상,SWING_20D,23,SWING_60D,2,SWING_120D,2,0.0,일차전지 및 이차전지 제조업,25.9875,11.055,5.0,73.2,0.0,0.08933839022334597,0.016902907293205732,0.5172413793103449,OK,0.0,UNVALIDATED_MODEL,32.24903141591898,32.24903141591898,0.0,2,0,0.5,0.5,0.0,STRUCT+TIMING+SECTOR,default,default,default,70,20260805,20260805,,12.4,12.4,12.4,-12.0,-33.79,FRESH,0.291,,False,0.3,True,MATURE,11693.0,ALPHA_WIN_PROB,2.759,,1.81,0.0,상태 OVERHEAT — 신규진입 상태 아님(사이징 제외),0.3559,0.0,0.0,v40_alpha_tilt,,,,,,True,20.5,,ELITE_SCORE,MATURE,11693,2.4.0,OK,,100.0,ATTACK,OK,OK,OK,OK,OK,OK,OK,0,7,True,True,True,,0,GREEN,,,90.0,BUY,1,,0,0,0,0,,0.0,T=25<70,100.0,GREEN,,,0,False,0,ENTRY_READY_BUT_NOT_TOP_PICK,TOP_PICK=0,진입조건은 양호하나 공식 Top Pick 아님,45.0,ENTRY_CLEAN_OBSERVE,ENTRY_CLEAN_OBSERVE,NORMAL,0,0,0,0,0,0,0,0,0,CLEAR,,,0,0,0,0,0.0,,,,,,,,,,DISABLED_LOSS_DEFENSE,,,,,,True,False,True,True,False,True,True,True,0.0,0.0,0.0,0.0,20.0,0.0,0.0,0.0,20.0,0.5,False,True,False,3,False,0.0,0.0,G2RR×0.5 · G5추세붕괴3축,,0,0,0,,0.0,0,,False,0.0,0.0,False,,False,True,,0,66.0,51.0,0,0,CAUTION,5일 상승 18.5% > 5%,C,WATCH,0,0.2,관찰,시장폭 82.2 · 5일 18.5%,33.62,6,251,0,38.95,228,,-4.0,32064.0,"진입 후 D+1 종가 32,064원(-4%) 이탈 시 익일 조기청산 권고",46.2,"최근 20거래일 유니버스 실측 2일 상승률 46.2% (n=6,245) · 종목별 유의차 미검증",NO_EDGE_VALIDATED,OK,31062.0,36740.0,"손절 31,062(-7%)·본전전환 35,070(+5%)·1차익절 36,740(+10%) · ⚡ D+2내 34,068(+2%) 도달 시 절반 익절+잔여 본전 상향 (실측: 초반 급등 후 되돌림 -0.9%)",0,46.2,0,0,저점추세 당일 하위 29% (알파 통과·자리 미달),alpha_gate_v32,CASH,0.0,,,0,NEUTRAL,"중립 레짐 — KOSPI 20일선 아래, 시장폭 82% (실측: 본전 구간 → 진입 허용하되 사이즈 50%)",0.5,1,97.2,35070.0,0.3888,1,이 점수 구간의 과거 실측 승률 29% (표본 11693건) · 거래량 밀집가 대비 -51.5% — 가치영역 근접 (실측 표본 적음) · 손익비 2.2 (손절 -9.4% / 1차목표 +20.5%) · AI 알파모델 예측 상위 3% (OOS 검증 통과 모델 — 이 구간 실측 승률 39%),중립 레짐 — 사이즈 50% 권장,29.1,True,WAIT,1,85.0,1,0,34068.0,,,,,0,1.0,,0,29.1,pctl>0.30,0,,0,1.0
87,475150,SK이터닉스,KOSPI,건설·부동산,57700,3887.23,19656.7,0.0,0.0,OVERHEAT,OVERHEAT,5,False,0,False,77.2,77.2,91.7,62.8,0.0,0.0,44.6,51.5,91.7,0.0,5.45,1.6,RR5.5 + 진입적정,0,56800.0,52200.0,87700.0,94500.0,,1.04,0.84,54846,4.2,특이사항 없음,0,3.12,52.6,8.81,STRUCT 강점,,5일 급등,"과열(급등·MFI·RSI) — 실측 역신호, 관망",NORMAL,82.2,건물 건설업,388722955600.0,78.0,85.03,0,0,3.41,32.8,-6.94,34.5,12.92,182.15,48.32,24.92,154.37,0.121,0.121,1,12.0,1,0,2.06,0.37,0,0,0,1,-1,80455.0,5.2,0.3916,False,O,▼,49844,▼,O,X,1.97,250,0,-1,1,1,103400.0,enter,100.0,NORMAL+PM_BLOCK_INTRADAY+EF:정상,8.1,5.0,6.7,normal,7.0,v1_sl_first_gap_at_open,NORMAL+PM_BLOCK_INTRADAY+EF:정상,SWING_20D,12,ATR_3.5x,12,FIBO_1.272,5,0.0,건물 건설업,31.53,22.859,2.0,76.4,0.0,0.18643228521911365,0.12613291846054703,0.5189873417721519,OK,0.0,UNVALIDATED_MODEL,42.86900357298699,42.86900357298699,0.0,8,1,0.5,0.5,0.0,STRUCT+TIMING+SECTOR,default,default,default,70,20260805,20260805,,77.2,77.2,77.2,-12.0,-33.79,FRESH,0.202,,False,0.538,False,MATURE,11693.0,ALPHA_WIN_PROB,6.717,,1.81,0.0,상태 OVERHEAT — 신규진입 상태 아님(사이징 제외),0.3559,0.0,0.0,v40_alpha_tilt,,,,,,True,52.0,,ELITE_SCORE,MATURE,11693,2.4.0,OK,,100.0,ATTACK,OK,OK,OK,OK,OK,OK,OK,0,7,True,True,True,,0,GREEN,,,0.0,AVOID,0,5일 +33%,0,1,0,0,,0.0,T=63<70 · S=92≥50,100.0,GREEN,,,0,False,0,BELOW_OFFICIAL_BAR,TOP_PICK=0,,30.0,IGNORE,IGNORE,NORMAL,0,0,0,0,0,0,0,0,0,CLEAR,,,0,0,0,0,0.0,,,,,,,,,,DISABLED_LOSS_DEFENSE,,,,,,True,True,True,True,True,True,True,True,0.0,0.0,0.0,0.0,0.0,0.0,0.0,0.0,0.0,1.0,False,False,False,2,True,44.6,1.0,,,0,1,0,A,44.6,2,"⚡ 모멘텀 후보 (과열·가드통과, 강도 2위/점수 45, RR 5.45)",False,0.0,0.0,False,,False,True,,0,80.0,58.0,0,1,BLOCK,5일 과열 32.8%,BLOCK,GUARD_BLOCK,1,0.0,신규진입 차단,기존 guard/JULY 차단 · 시장폭 82.2 · 5일 32.8%,78.84,6,25,0,88.03,6,모멘텀확인중(PMS79),-4.0,54528.0,"진입 후 D+1 종가 54,528원(-4%) 이탈 시 익일 조기청산 권고",46.2,"최근 20거래일 유니버스 실측 2일 상승률 46.2% (n=6,245) · 종목별 유의차 미검증",NO_EDGE_VALIDATED,CAUTION,52824.0,62480.0,"⚠️ 과열/추격 주의 · 손절 52,824(-7%)·본전전환 59,640(+5%)·1차익절 62,480(+10%) · ⚡ D+2내 57,936(+2%) 도달 시 절반 익절+잔여 본전 상향 (실측: 초반 급등 후 되돌림 -0.9%)",0,44.7,0,0,알파 3점 (진입선 85점 미달) · 손실방어 차단,alpha_gate_v32,CASH,0.0,,,0,NEUTRAL,"중립 레짐 — KOSPI 20일선 아래, 시장폭 82% (실측: 본전 구간 → 진입 허용하되 사이즈 50%)",0.5,1,3.4,59640.0,0.2386,1,이 점수 구간의 과거 실측 승률 20% (표본 11693건) · 거래량 밀집가 대비 +4.2% — 가치영역 근접 (실측 승률 40%) · 손익비 5.5 (손절 -9.5% / 1차목표 +52.0%),중립 레짐 — 사이즈 50% 권장 · AI 알파모델 예측 하위 3% — 이 구간 실측 승률 24% — 픽 제외 구간,20.2,True,OVERHEAT,1,85.0,1,0,57936.0,,,,,1,1.0,,0,81.7,pctl>0.30,0,,0,1.0
88,012450,한화에어로스페이스,KOSPI,기타,1007000,930.63,519243.4,0.0,0.0,WAIT,OVERHEAT,3,False,1,False,28.1,28.1,20.6,35.6,0.0,0.0,20.2,18.7,35.6,55.5,1.63,0.0,RR1.6 + 진입적정,0,1007000.0,926000.0,1139000.0,1405000.0,,1.94,0.41,1078670,-28.32,특이사항 없음,0,-8.53,56.9,8.64,,,5일 급등,"과열(급등·MFI·RSI) — 실측 역신호, 관망",NORMAL,82.2,"항공기,우주선 및 부품 제조업",93062889000.0,61.9,24.37,0,0,0.3,24.32,13.02,-10.25,-22.95,-17.93,3.57,-10.95,-45.71,0.863,0.131,0,12.0,0,0,1.03,0.63,0,0,0,1,-1,1051900.0,-6.64,0.5441,False,X,▼,913505,▲,O,X,0.2,250,0,-1,-1,1,1655000.0,enter,100.0,NORMAL+PM_BLOCK_INTRADAY+EF:정상,8.04,4.0,1.6,normal,7.0,v1_sl_first_gap_at_open,NORMAL+PM_BLOCK_INTRADAY+EF:정상,SWING_20D,23,VP_RESISTANCE,2,SWING_120D,2,0.0,"항공기,우주선 및 부품 제조업",22.15142857142857,8.541428571428572,9.0,24.7,0.0,0.0718541637111647,0.0333246994372896,0.7272727272727273,OK,0.0,UNVALIDATED_MODEL,45.5,45.5,0.0,4,1,0.5,0.5,0.0,STRUCT+TIMING+SECTOR,default,default,default,70,20260805,20260805,,28.1,28.1,28.1,-12.0,-33.79,FRESH,0.291,,False,0.3,True,MATURE,11693.0,ALPHA_WIN_PROB,1.63,,1.63,0.0,상태 OVERHEAT — 신규진입 상태 아님(사이징 제외),0.3803,0.0,0.0,v40_alpha_tilt,,,,,,True,13.1,,ELITE_SCORE,MATURE,11693,2.4.0,OK,,100.0,ATTACK,OK,OK,OK,OK,OK,OK,OK,0,7,True,True,True,,0,GREEN,,,100.0,AVOID,0,7월 손실방어 차단 · 수익회복 패치 차단,0,0,0,0,,0.0,T=36<70,100.0,GREEN,,,0,False,0,ENTRY_READY_BUT_NOT_TOP_PICK,TOP_PICK=0,진입조건은 양호하나 공식 Top Pick 아님,50.0,ENTRY_CLEAN_OBSERVE,ENTRY_CLEAN_OBSERVE,NORMAL,0,0,0,0,0,0,0,0,0,CLEAR,,,0,0,0,0,0.0,,,,,,,,,,DISABLED_LOSS_DEFENSE,,,,,,True,False,True,True,True,True,False,True,0.0,0.0,0.0,0.0,0.0,0.0,15.0,0.0,15.0,0.5,False,False,False,2,False,0.0,0.0,G2RR×0.5 · G7윗꼬리약세-15,,0,0,0,,0.0,0,,False,0.0,0.0,True,JULY_PROFIT_DEFENSE: 5일 과열 24.3% | PROFIT_RECOVERY: 기존 guard/JULY 차단 · 시장폭 82.2 · 5일 24.3%,False,True,,0,62.0,31.0,0,1,BLOCK,5일 과열 24.3%,BLOCK,GUARD_BLOCK,1,0.0,신규진입 차단,기존 guard/JULY 차단 · 시장폭 82.2 · 5일 24.3%,54.41,6,141,0,62.42,104,,-4.0,966720.0,"진입 후 D+1 종가 966,720원(-4%) 이탈 시 익일 조기청산 권고",46.2,"최근 20거래일 유니버스 실측 2일 상승률 46.2% (n=6,245) · 종목별 유의차 미검증",NO_EDGE_VALIDATED,OK,936510.0,1107700.0,"손절 936,510(-7%)·본전전환 1,057,350(+5%)·1차익절 1,107,700(+10%) · ⚡ D+2내 1,027,140(+2%) 도달 시 절반 익절+잔여 본전 상향 (실측: 초반 급등 후 되돌림 -0.9%)",0,39.8,0,0,알파 67점 (진입선 85점 미달) · 손실방어 차단,alpha_gate_v32,CASH,0.0,,,0,NEUTRAL,"중립 레짐 — KOSPI 20일선 아래, 시장폭 82% (실측: 본전 구간 → 진입 허용하되 사이즈 50%)",0.5,1,66.9,1057350.0,0.3233,1,이 점수 구간의 과거 실측 승률 29% (표본 11693건) · 거래량 밀집가 대비 -28.3% — 가치영역 근접 (실측 표본 적음) · 손익비 1.6 (손절 -8.0% / 1차목표 +13.1%),중립 레짐 — 사이즈 50% 권장,29.1,True,WAIT,1,85.0,1,0,1027140.0,,,,,1,1.0,,0,49.8,pctl>0.30,0,,0,1.0
89,111770,영원무역,KOSPI,기타,88200,77.61,39082.7,0.0,,WAIT,ATTACK,3,True,1,False,81.10000000000001,81.2,86.6,75.9,0.0,-0.1,14.4,54.2,86.6,0.0,0.6,0.0,진입적정,0,88200.0,81200.0,92400.0,97600.0,,0.55,1.2,82340,0.09,[뉴스]영원무역은 견고한 펀더멘,5,2.95,62.7,1.79,STRUCT 강점,TIMING 보조,,알파 상위 + MA20위·저점상승 확인 — 진입 우선,NORMAL,82.2,상품 종합 도매업,7761169900.0,76.5,8.57,1,1,-1.12,0.68,3.4,5.0,4.38,-4.96,18.82,16.38,-32.74,0.194,0.194,1,10.6,0,0,1.04,0.62,0,0,0,1,1,75110.0,7.12,-0.0599,True,O,▲,89004,▲,X,X,-0.67,250,0,1,-1,1,103200.0,enter,100.0,SWING+PM_BLOCK_INTRADAY+EF:정상,7.94,5.0,0.6,normal,7.0,v1_sl_first_gap_at_open,SWING+PM_BLOCK_INTRADAY+EF:정상,SWING_20D,46,ATR_2x,23,SWING_120D,12,0.0,상품 종합 도매업,22.15142857142857,8.541428571428572,9.0,20.3,0.0,0.05296404275996113,0.05112328247670086,0.42857142857142855,OK,0.0,UNVALIDATED_MODEL,50.960224400536276,50.960224400536276,0.0,6,1,0.5,0.5,0.0,STRUCT+TIMING+SECTOR,pullback,69.9,7.0,70,20260805,20260805, 📢재료: [뉴스]영원무역은 견고한 펀더멘,81.10000000000001,81.10000000000001,81.10000000000001,-12.0,-33.79,FRESH,0.291,elite_low_wr_0.29,True,0.569,False,MATURE,11693.0,ALPHA_WIN_PROB,0.6,,0.6,0.0,실측 승률 36% < 필요 승률 62% (손익비 0.60) — 켈리 기준 미달,0.625,0.0,,v40_alpha_tilt,,,,,,True,4.8,,ELITE_SCORE,MATURE,11693,2.4.0,OK,,100.0,ATTACK,OK,OK,OK,OK,OK,OK,OK,0,7,True,True,True,,0,GREEN,,,0.0,AVOID,0,RR 0.60,0,0,0,0,,0.0,S=87≥50,100.0,GREEN,,,0,False,0,BELOW_OFFICIAL_BAR,TOP_PICK=0,,20.0,IGNORE,IGNORE,NORMAL,0,0,0,0,0,0,0,0,0,CLEAR,,,0,0,0,0,0.0,,,,,,,,,,DISABLED_LOSS_DEFENSE,,,,,,True,True,True,True,True,True,True,True,0.0,0.0,0.0,0.0,0.0,0.0,0.0,0.0,0.0,1.0,False,False,False,1,True,14.4,1.0,,,0,0,0,,14.4,0,,False,0.0,0.0,False,,False,True,,0,100.0,100.0,0,0,CAUTION,중립/관찰,B,REALISTIC_RR,0,0.35,관찰 후보,현실형 RR · 시장폭 82.2 · 5일 0.7%,78.56,6,26,0,68.85,65,모멘텀확인중(PMS79),-4.0,84672.0,"진입 후 D+1 종가 84,672원(-4%) 이탈 시 익일 조기청산 권고",46.2,"최근 20거래일 유니버스 실측 2일 상승률 46.2% (n=6,245) · 종목별 유의차 미검증",NO_EDGE_VALIDATED,OK,82026.0,97020.0,"손절 82,026(-7%)·본전전환 92,610(+5%)·1차익절 97,020(+10%) · ⚡ D+2내 89,964(+2%) 도달 시 절반 익절+잔여 본전 상향 (실측: 초반 급등 후 되돌림 -0.9%)",0,36.1,0,0,진입 조건 미달 · 손익비 0.60,alpha_gate_v32,CASH,0.0,,,0,NEUTRAL,"중립 레짐 — KOSPI 20일선 아래, 시장폭 82% (실측: 본전 구간 → 진입 허용하되 사이즈 50%)",0.5,1,89.5,92610.0,0.3572,1,이 점수 구간의 과거 실측 승률 29% (표본 11693건) · 거래량 밀집가 대비 +0.1% — 가치영역 근접 (실측 승률 40%) · 변동성 응축 5일째 (스퀴즈 — 방향 분출 대기) · AI 알파모델 예측 상위 10% (OOS 검증 통과 모델 — 이 구간 실측 승률 36%),중립 레짐 — 사이즈 50% 권장 · 손익비 0.60 <1 — 이길 수 없는 구조,29.1,False,WAIT,1,85.0,1,0,89964.0,,,,,1,1.0,,0,80.8,pctl>0.30,0,,0,1.0
90,014680,한솔케미칼,KOSPI,화학·소재,225500,56.62,24340.6,0.0,0.0,WAIT,OVERHEAT,3,False,0,False,0.0,0.0,0.0,0.0,0.0,0.0,0.0,0.0,0.0,100.0,1.98,1.6,밸런스우수 + RR2.0 + 진입적정,0,222000.0,204000.0,268000.0,290000.0,,2.2,0.5,272984,-21.54,특이사항 없음,0,-22.05,40.8,-0.61,,,5일 급등,"과열(급등·MFI·RSI) — 실측 역신호, 관망",NORMAL,82.2,기초 화학물질 제조업,5662212500.0,55.0,35.96,0,0,5.13,20.72,0.22,-10.16,-21.15,-18.88,3.66,-9.15,-46.66,0.987,0.121,0,12.0,1,0,1.06,0.44,0,0,0,0,-1,246490.0,-17.39,0.6092,False,X,▼,197197,▲,O,X,2.8,250,0,-1,-1,1,338500.0,enter,100.0,NORMAL+PM_BLOCK_INTRADAY+EF:정상,8.11,5.0,2.6,normal,7.0,v1_sl_first_gap_at_open,NORMAL+PM_BLOCK_INTRADAY+EF:정상,BB_UPPER,12,SWING_20D,5,SWING_60D,2,0.0,기초 화학물질 제조업,18.9472,9.67,10.0,49.4,0.0,0.07760532150776053,-0.028152668127801952,0.2857142857142857,OK,0.0,UNVALIDATED_MODEL,6.177199809016808,6.177199809016808,0.0,2,0,0.5,0.5,0.0,STRUCT+TIMING+SECTOR,default,default,default,70,20260805,20260805,,0.0,0.0,0.0,-12.0,-33.79,FRESH,0.291,,False,0.3,True,MATURE,11693.0,ALPHA_WIN_PROB,2.556,,1.81,0.0,상태 OVERHEAT — 신규진입 상태 아님(사이징 제외),0.3559,0.0,0.0,v40_alpha_tilt,,,,,,True,18.8,,ELITE_SCORE,MATURE,11693,2.4.0,OK,,100.0,ATTACK,OK,OK,OK,OK,OK,OK,OK,0,7,True,True,True,,0,GREEN,,,100.0,AVOID,0,7월 손실방어 차단,0,0,0,0,,0.0,T=0<70,100.0,GREEN,,,0,False,0,ENTRY_READY_BUT_NOT_TOP_PICK,TOP_PICK=0,진입조건은 양호하나 공식 Top Pick 아님,45.0,ENTRY_CLEAN_OBSERVE,ENTRY_CLEAN_OBSERVE,NORMAL,0,0,0,0,0,0,0,0,0,CLEAR,,,0,0,0,0,0.0,,,,,,,,,,DISABLED_LOSS_DEFENSE,,,,,,True,False,True,True,False,True,True,True,0.0,0.0,0.0,0.0,20.0,0.0,0.0,0.0,20.0,0.3,False,True,False,3,False,0.0,0.0,G2RR×0.3 · G5추세붕괴3축,,0,0,0,,0.0,0,,False,0.0,0.0,True,JULY_PROFIT_DEFENSE: 5일 과열 20.7%,False,True,,0,54.0,26.0,0,1,BLOCK,5일 과열 20.7%,BLOCK,GUARD_BLOCK,1,0.0,신규진입 차단,기존 guard/JULY 차단 · 시장폭 82.2 · 5일 20.7%,16.38,6,313,0,11.83,316,,-4.0,213120.0,"진입 후 D+1 종가 213,120원(-4%) 이탈 시 익일 조기청산 권고",46.2,"최근 20거래일 유니버스 실측 2일 상승률 46.2% (n=6,245) · 종목별 유의차 미검증",NO_EDGE_VALIDATED,OK,206460.0,244200.0,"손절 206,460(-7%)·본전전환 233,100(+5%)·1차익절 244,200(+10%) · ⚡ D+2내 226,440(+2%) 도달 시 절반 익절+잔여 본전 상향 (실측: 초반 급등 후 되돌림 -0.9%)",0,35.0,0,0,알파 57점 (진입선 85점 미달) · 손실방어 차단,alpha_gate_v32,CASH,0.0,,,0,NEUTRAL,"중립 레짐 — KOSPI 20일선 아래, 시장폭 82% (실측: 본전 구간 → 진입 허용하되 사이즈 50%)",0.5,1,57.3,233100.0,0.2958,1,이 점수 구간의 과거 실측 승률 29% (표본 11693건) · 거래량 밀집가 대비 -21.5% — 가치영역 근접 (실측 표본 적음) · 손익비 2.0 (손절 -9.5% / 1차목표 +18.8%),중립 레짐 — 사이즈 50% 권장,29.1,True,WAIT,1,85.0,1,0,226440.0,,,,,0,1.0,,0,14.2,pctl>0.30,0,,0,1.0
91,166090,하나머티리얼즈,KOSDAQ,반도체,55900,76.84,11055.7,0.0,0.0,WAIT,OVERHEAT,3,False,1,False,36.8,36.8,27.0,46.6,0.0,0.0,25.7,24.5,46.6,41.8,1.18,0.0,RR1.2 + 진입적정,0,55900.0,51400.0,61200.0,67600.0,,0.73,0.87,63954,-8.47,특이사항 없음,5,-15.9,47.0,6.0,,,5일 급등,"과열(급등·MFI·RSI) — 실측 역신호, 관망",NORMAL,82.2,반도체 제조업,7684340950.0,60.0,28.86,1,0,1.82,22.99,5.08,8.12,-30.12,-9.25,11.93,3.66,18.61,0.895,0.337,0,12.0,1,0,1.24,0.75,0,0,0,1,-1,62720.0,-12.59,0.6405,False,X,▼,50553,▲,O,X,4.55,250,0,-1,-1,1,87900.0,enter,100.0,NORMAL+PM_BLOCK_INTRADAY+EF:정상,8.05,5.0,1.2,normal,7.0,v1_sl_first_gap_at_open,NORMAL+PM_BLOCK_INTRADAY+EF:정상,SWING_20D,46,ATR_2x,23,SWING_60D,2,0.0,반도체 제조업,29.595714285714283,5.586428571428571,8.0,46.0,0.0,0.10414004600051112,-0.018165291321126646,0.2,OK,0.0,UNVALIDATED_MODEL,50.91118427655975,50.91118427655975,0.0,8,1,0.5,0.5,0.0,STRUCT+TIMING+SECTOR,default,default,default,70,20260805,20260805,,36.8,36.8,36.8,-12.0,-33.79,FRESH,0.288,,False,0.3,True,MATURE,11693.0,ALPHA_WIN_PROB,1.178,,1.178,0.0,상태 OVERHEAT — 신규진입 상태 아님(사이징 제외),0.4592,0.0,0.0,v40_alpha_tilt,,,,,,True,9.5,,ELITE_SCORE,MATURE,11693,2.4.0,OK,,100.0,ATTACK,OK,OK,OK,OK,OK,OK,OK,0,7,True,True,True,,0,GREEN,,,90.0,AVOID,0,7월 손실방어 차단 · 수익회복 패치 차단,0,0,0,0,,0.0,T=47<70,100.0,GREEN,,,0,False,0,BELOW_OFFICIAL_BAR,TOP_PICK=0,,30.0,IGNORE,IGNORE,NORMAL,0,0,0,0,0,0,0,0,0,CLEAR,,,0,0,0,0,0.0,,,,,,,,,,DISABLED_LOSS_DEFENSE,,,,,,True,False,True,True,True,True,True,True,0.0,0.0,0.0,0.0,0.0,0.0,0.0,0.0,0.0,0.5,False,False,False,2,False,12.8,0.5,G2RR×0.5,,0,0,0,,12.8,0,,False,0.0,0.0,True,JULY_PROFIT_DEFENSE: 5일 과열 23.0% | PROFIT_RECOVERY: 기존 guard/JULY 차단 · 시장폭 82.2 · 5일 23.0%,False,True,,0,66.0,44.0,0,1,BLOCK,5일 과열 23.0%,BLOCK,GUARD_BLOCK,1,0.0,신규진입 차단,기존 guard/JULY 차단 · 시장폭 82.2 · 5일 23.0%,47.65,6,182,0,64.38,90,,-4.0,53664.0,"진입 후 D+1 종가 53,664원(-4%) 이탈 시 익일 조기청산 권고",46.2,"최근 20거래일 유니버스 실측 2일 상승률 46.2% (n=6,245) · 종목별 유의차 미검증",NO_EDGE_VALIDATED,OK,51987.0,61490.0,"손절 51,987(-7%)·본전전환 58,695(+5%)·1차익절 61,490(+10%) · ⚡ D+2내 57,018(+2%) 도달 시 절반 익절+잔여 본전 상향 (실측: 초반 급등 후 되돌림 -0.9%)",0,34.7,0,0,알파 39점 (진입선 85점 미달) · 손익비 1.18 · 손실방어 차단,alpha_gate_v32,CASH,0.0,,,0,NEUTRAL,"중립 레짐 — KOSPI 20일선 아래, 시장폭 82% (실측: 본전 구간 → 진입 허용하되 사이즈 50%)",0.5,1,38.7,58695.0,0.2433,1,이 점수 구간의 과거 실측 승률 29% (표본 11693건) · 거래량 밀집가 대비 -8.5% — 가치영역 근접 (실측 표본 적음) · 손익비 1.2 (손절 -8.1% / 1차목표 +9.5%) · 변동성 응축 5일째 (스퀴즈 — 방향 분출 대기),중립 레짐 — 사이즈 50% 권장,28.8,True,WAIT,1,85.0,1,0,57018.0,,,,,0,1.0,,0,28.2,pctl>0.30,0,,0,1.0
92,189330,씨이랩,KOSDAQ,IT/전기전자,10990,81.78,1031.1,0.0,0.0,OVERHEAT,OVERHEAT,5,False,1,False,40.5,40.5,18.9,62.1,0.0,0.0,28.4,27.0,62.1,22.4,1.95,0.0,RR1.9 + 진입적정,0,10990.0,10110.0,12710.0,16000.0,,1.55,0.87,10376,34.28,특이사항 없음,0,-3.65,62.4,10.98,,,5일 급등,"과열(급등·MFI·RSI) — 실측 역신호, 관망",NORMAL,82.2,소프트웨어 개발 및 공급업,8177914120.0,77.1,56.64,0,0,-0.27,25.03,19.98,13.18,55.45,152.35,16.99,89.24,180.21,0.065,0.065,1,12.0,0,0,0.41,0.38,0,0,0,1,-1,12146.0,5.91,0.7482,False,O,▲,9407,▲,O,X,0.73,250,0,1,1,1,18480.0,enter,100.0,NORMAL+PM_BLOCK_INTRADAY+EF:정상,8.01,6.0,2.0,normal,7.0,v1_sl_first_gap_at_open,NORMAL+PM_BLOCK_INTRADAY+EF:정상,BB_UPPER,46,SWING_20D,5,FIBO_1.272,2,0.0,소프트웨어 개발 및 공급업,28.983018867924528,12.636603773584905,4.0,57.1,0.0,0.1143897049265566,0.008869754028790634,0.3372093023255814,OK,0.0,UNVALIDATED_MODEL,47.42090220742456,47.42090220742456,0.0,4,1,0.5,0.5,0.0,STRUCT+TIMING+SECTOR,default,default,default,70,20260805,20260805,,40.5,40.5,40.5,-12.0,-33.79,FRESH,0.275,,False,0.3,True,MATURE,11693.0,ALPHA_WIN_PROB,1.955,,1.81,0.0,상태 OVERHEAT — 신규진입 상태 아님(사이징 제외),0.3559,0.0,0.0,v40_alpha_tilt,,,,,,True,15.7,,ELITE_SCORE,MATURE,11693,2.4.0,OK,,100.0,ATTACK,OK,OK,OK,OK,OK,OK,OK,0,7,True,True,True,,0,GREEN,,,0.0,AVOID,0,5일 +25% · 7월 손실방어 차단 · 수익회복 패치 차단,0,1,0,0,,0.0,T=62<70,100.0,GREEN,,,0,False,0,BELOW_OFFICIAL_BAR,TOP_PICK=0,,15.0,IGNORE,IGNORE,NORMAL,0,0,0,0,0,0,0,0,0,CLEAR,,,0,0,0,0,0.0,,,,,,,,,,DISABLED_LOSS_DEFENSE,,,,,,True,False,True,True,True,True,True,True,0.0,0.0,0.0,0.0,0.0,0.0,0.0,0.0,0.0,0.5,False,False,False,1,False,14.2,0.5,G2RR×0.5,,0,0,0,,14.2,0,과열이나 GUARD 미통과 — 레인 제외,False,0.0,0.0,True,JULY_PROFIT_DEFENSE: 5일 과열 25.0% | PROFIT_RECOVERY: 기존 guard/JULY 차단 · 시장폭 82.2 · 5일 25.0%,False,True,,0,62.0,41.0,0,1,BLOCK,5일 과열 25.0%,BLOCK,GUARD_BLOCK,1,0.0,신규진입 차단,기존 guard/JULY 차단 · 시장폭 82.2 · 5일 25.0%,67.41,6,58,0,76.82,28,모멘텀확인중(PMS67),-4.0,10550.0,"진입 후 D+1 종가 10,550원(-4%) 이탈 시 익일 조기청산 권고",46.2,"최근 20거래일 유니버스 실측 2일 상승률 46.2% (n=6,245) · 종목별 유의차 미검증",NO_EDGE_VALIDATED,CAUTION,10221.0,12089.0,"⚠️ 과열/추격 주의 · 손절 10,221(-7%)·본전전환 11,540(+5%)·1차익절 12,089(+10%) · ⚡ D+2내 11,210(+2%) 도달 시 절반 익절+잔여 본전 상향 (실측: 초반 급등 후 되돌림 -0.9%)",0,34.0,0,0,알파 10점 (진입선 85점 미달) · 손실방어 차단 · POC 확장 34% (추격 위험),alpha_gate_v32,CASH,0.0,,,1,NEUTRAL,"중립 레짐 — KOSPI 20일선 아래, 시장폭 82% (실측: 본전 구간 → 진입 허용하되 사이즈 50%)",0.5,1,9.6,11540.0,0.2386,1,이 점수 구간의 과거 실측 승률 28% (표본 11693건) · 손익비 1.9 (손절 -8.0% / 1차목표 +15.7%),중립 레짐 — 사이즈 50% 권장 · 거래량 밀집가 대비 +34.3% 확장 (실측 승률 12~23% — 추격 위험) · AI 알파모델 예측 하위 10% — 이 구간 실측 승률 24% — 픽 제외 구간,27.5,False,OVERHEAT,1,85.0,1,0,11210.0,,,,,1,1.0,,0,63.9,pctl>0.30,0,,0,1.0
93,389260,대명에너지,KOSDAQ,건설·부동산,14540,71.05,2605.0,0.0,0.0,OVERHEAT,OVERHEAT,5,False,0,False,37.5,37.5,33.0,42.0,0.0,0.0,25.8,25.0,42.0,47.5,1.97,4.8,RR2.0,0,13880.0,12760.0,18040.0,23050.0,,2.96,1.02,15568,-36.89,특이사항 없음,0,-11.08,54.1,9.96,거래품질 우수,,5일 급등,"과열(급등·MFI·RSI) — 실측 역신호, 관망",NORMAL,82.2,건물 건설업,7104904785.0,82.7,40.17,0,0,12.28,30.64,0.9,11.85,-33.3,-24.11,15.66,0.49,3.75,0.841,0.178,0,12.0,1,0,2.22,0.53,0,0,0,1,-1,16499.0,-6.61,0.3967,False,X,▼,12416,▲,O,X,2.01,250,0,-1,-1,1,27600.0,split,50.0,NORMAL+PM_BLOCK_INTRADAY+EF:당일 10%+ 급등 분할 진입+ENTRY:split,8.07,6.0,3.7,normal,7.0,v1_sl_first_gap_at_open,NORMAL+PM_BLOCK_INTRADAY+EF:당일 10%+ 급등 분할 진입+ENTRY:split,SWING_20D,12,VP_RESISTANCE,2,SWING_120D,2,0.0,건물 건설업,31.53,22.859,2.0,45.8,0.0,0.10699548044802516,0.021005724063473927,0.14516129032258066,OK,0.0,UNVALIDATED_MODEL,44.06549806468079,44.06549806468079,0.0,6,1,0.5,0.5,0.0,STRUCT+TIMING+SECTOR,default,default,default,70,20260805,20260805,,37.5,37.5,37.5,-12.0,-33.79,FRESH,0.287,,False,0.3,True,MATURE,11693.0,ALPHA_WIN_PROB,3.714,,1.81,0.0,상태 OVERHEAT — 신규진입 상태 아님(사이징 제외),0.3559,0.0,0.0,v40_alpha_tilt,,,,,,True,24.1,,ELITE_SCORE,MATURE,11693,2.4.0,OK,,100.0,ATTACK,OK,OK,OK,OK,OK,OK,OK,0,7,True,True,True,,0,GREEN,,,0.0,AVOID,0,진입괴리 4.8% · 5일 +31%,0,1,0,0,,0.0,T=42<70 · MFI83>82,100.0,GREEN,,,0,False,0,BELOW_OFFICIAL_BAR,TOP_PICK=0,,15.0,IGNORE,IGNORE,NORMAL,0,0,0,0,0,0,0,0,0,CLEAR,,,0,0,0,0,0.0,,,,,,,,,,DISABLED_LOSS_DEFENSE,,,,,,True,False,True,True,True,True,True,True,0.0,0.0,0.0,0.0,0.0,0.0,0.0,0.0,0.0,0.5,False,False,False,2,False,12.9,0.5,G2RR×0.5,,0,0,0,,12.9,0,과열이나 GUARD 미통과 — 레인 제외,False,0.0,0.0,False,,False,True,,0,66.0,47.0,0,1,BLOCK,5일 과열 30.6%,BLOCK,GUARD_BLOCK,1,0.0,신규진입 차단,기존 guard/JULY 차단 · 시장폭 82.2 · 5일 30.6%,55.96,6,128,0,68.85,64,,-4.0,13325.0,"진입 후 D+1 종가 13,325원(-4%) 이탈 시 익일 조기청산 권고",46.2,"최근 20거래일 유니버스 실측 2일 상승률 46.2% (n=6,245) · 종목별 유의차 미검증",NO_EDGE_VALIDATED,CAUTION,12908.0,15268.0,"⚠️ 과열/추격 주의 · 손절 12,908(-7%)·본전전환 14,574(+5%)·1차익절 15,268(+10%) · ⚡ D+2내 14,158(+2%) 도달 시 절반 익절+잔여 본전 상향 (실측: 초반 급등 후 되돌림 -0.9%)",0,33.8,0,0,알파 27점 (진입선 85점 미달) · 손실방어 차단,alpha_gate_v32,CASH,0.0,,,0,NEUTRAL,"중립 레짐 — KOSPI 20일선 아래, 시장폭 82% (실측: 본전 구간 → 진입 허용하되 사이즈 50%)",0.5,1,27.2,14574.0,0.2452,1,이 점수 구간의 과거 실측 승률 29% (표본 11693건) · 거래량 밀집가 대비 -36.9% — 가치영역 근접 (실측 표본 적음) · 손익비 2.0 (손절 -12.2% / 1차목표 +24.1%),중립 레짐 — 사이즈 50% 권장 · 추천가 대비 4.8% 이탈 — 추격 주의 · AI 알파모델 예측 하위 27% — 이 구간 실측 승률 25% — 픽 제외 구간,28.7,True,OVERHEAT,1,85.0,1,0,14158.0,,,,,1,1.0,,0,44.3,pctl>0.30,0,,0,1.0
94,011200,HMM,KOSPI,기타,21100,252.58,199023.2,0.0,,WAIT,ATTACK,3,True,1,False,53.8,53.8,65.3,42.3,0.0,0.0,9.7,35.9,65.3,18.4,0.59,0.0,진입적정,0,21100.0,19410.0,22100.0,23050.0,,1.06,0.78,20016,-0.19,특이사항 없음,3,2.92,59.8,3.6,저점추세 양호,,,알파 상위 + MA20위·저점상승 확인 — 진입 우선,NORMAL,82.2,해상 운송업,25258456500.0,77.4,11.92,1,0,-0.47,4.2,3.94,7.65,2.43,3.94,21.47,14.43,-23.84,0.411,0.411,0,9.2,1,0,0.93,0.65,0,0,0,1,1,18845.0,5.41,0.0161,False,O,▼,20987,▲,O,X,0.0,250,0,-1,-1,1,24500.0,enter,100.0,NORMAL+PM_BLOCK_INTRADAY+EF:정상,8.01,4.0,0.6,normal,7.0,v1_sl_first_gap_at_open,NORMAL+PM_BLOCK_INTRADAY+EF:정상,SWING_20D,46,ATR_2x,23,ATR_3.5x,12,0.0,해상 운송업,22.15142857142857,8.541428571428572,9.0,15.7,0.0,0.04576844955991875,0.05249581331037906,0.5,OK,0.0,UNVALIDATED_MODEL,41.355052834988896,41.355052834988896,0.0,8,1,0.5,0.5,0.0,STRUCT+TIMING+SECTOR,default,default,default,70,20260805,20260805,,53.8,53.8,53.8,-12.0,-33.79,FRESH,0.291,elite_low_wr_0.29,True,0.35,True,MATURE,11693.0,ALPHA_WIN_PROB,0.592,,0.592,0.0,실측 승률 36% < 필요 승률 63% (손익비 0.59) — 켈리 기준 미달,0.6283,0.0,,v40_alpha_tilt,,,,,,True,4.7,,ELITE_SCORE,MATURE,11693,2.4.0,OK,,100.0,ATTACK,OK,OK,OK,OK,OK,OK,OK,0,7,True,True,True,,0,GREEN,,,0.0,AVOID,0,RR 0.59,0,0,0,0,,0.0,T=42<70 · S=65≥50,100.0,GREEN,,,0,False,0,BELOW_OFFICIAL_BAR,TOP_PICK=0,,5.0,IGNORE,IGNORE,NORMAL,0,0,0,0,0,0,0,0,0,CLEAR,,,0,0,0,0,0.0,,,,,,,,,,DISABLED_LOSS_DEFENSE,,,,,,True,False,True,True,True,True,True,True,0.0,0.0,0.0,0.0,0.0,0.0,0.0,0.0,0.0,0.5,False,False,False,1,False,4.8,0.5,G2RR×0.5,,0,0,0,,4.8,0,,False,0.0,0.0,False,,False,True,,0,92.0,86.0,0,0,CAUTION,중립/관찰,C,WATCH,0,0.2,관찰,시장폭 82.2 · 5일 4.2%,67.96,6,56,0,53.48,158,모멘텀확인중(PMS68),-4.0,20256.0,"진입 후 D+1 종가 20,256원(-4%) 이탈 시 익일 조기청산 권고",46.2,"최근 20거래일 유니버스 실측 2일 상승률 46.2% (n=6,245) · 종목별 유의차 미검증",NO_EDGE_VALIDATED,OK,19623.0,23210.0,"손절 19,623(-7%)·본전전환 22,155(+5%)·1차익절 23,210(+10%) · ⚡ D+2내 21,522(+2%) 도달 시 절반 익절+잔여 본전 상향 (실측: 초반 급등 후 되돌림 -0.9%)",0,33.4,0,0,진입 조건 미달 · 손익비 0.59,alpha_gate_v32,CASH,0.0,,,0,NEUTRAL,"중립 레짐 — KOSPI 20일선 아래, 시장폭 82% (실측: 본전 구간 → 진입 허용하되 사이즈 50%)",0.5,1,85.1,22155.0,0.3572,1,이 점수 구간의 과거 실측 승률 29% (표본 11693건) · 거래량 밀집가 대비 -0.2% — 가치영역 근접 (실측 표본 적음) · 변동성 응축 3일째 (스퀴즈 — 방향 분출 대기) · AI 알파모델 예측 상위 15% (OOS 검증 통과 모델 — 이 구간 실측 승률 36%),중립 레짐 — 사이즈 50% 권장 · 손익비 0.59 <1 — 이길 수 없는 구조,29.1,False,WAIT,1,85.0,1,0,21522.0,,,,,1,1.0,,0,80.5,pctl>0.30,0,,0,1.0
95,388790,라이콤,KOSDAQ,IT/전기전자,4150,161.29,1270.5,0.0,0.0,OVERHEAT,OVERHEAT,5,False,0,False,27.6,27.6,55.3,0.0,0.0,0.0,14.3,18.4,55.3,30.9,3.21,1.5,RR3.2 + 진입적정,0,4090.0,3760.0,5400.0,5580.0,,0.56,4.02,6170,-25.61,특이사항 없음,0,-20.73,48.0,7.06,거래품질 우수,,5일 급등,"과열(급등·MFI·RSI) — 실측 역신호, 관망",NORMAL,82.2,통신 및 방송 장비 제조업,16129431232.0,77.9,52.28,0,0,4.67,32.38,6.68,3.75,-21.99,56.6,7.56,11.8,84.46,0.846,0.136,0,12.0,0,0,4.74,0.49,0,0,0,1,1,3042.0,-32.75,0.9007,False,X,▼,3279,▲,O,X,9.46,249,0,-1,1,1,9200.0,split,50.0,NORMAL+PM_BLOCK_INTRADAY+EF:갭 7%+ 분할 진입+ENTRY:split,8.07,6.0,4.0,normal,7.0,v1_sl_first_gap_at_open,NORMAL+PM_BLOCK_INTRADAY+EF:갭 7%+ 분할 진입+ENTRY:split,SWING_20D,12,VP_RESISTANCE,5,SWING_60D,2,0.0,통신 및 방송 장비 제조업,28.983018867924528,12.636603773584905,4.0,57.9,0.0,0.09707401032702237,0.0020354266281506755,0.5540540540540541,OK,0.0,UNVALIDATED_MODEL,8.5,8.5,0.0,6,1,0.5,0.5,0.0,STRUCT+TIMING+SECTOR,default,default,default,70,20260805,20260805,,27.6,27.6,27.6,-12.0,-33.79,FRESH,0.291,,False,0.3,True,MATURE,11693.0,ALPHA_WIN_PROB,3.97,,1.81,0.0,상태 OVERHEAT — 신규진입 상태 아님(사이징 제외),0.3559,0.0,0.0,v40_alpha_tilt,,,,,,True,30.1,,ELITE_SCORE,MATURE,11693,2.4.0,OK,,100.0,ATTACK,OK,OK,OK,OK,OK,OK,OK,0,7,True,True,True,,0,GREEN,,,0.0,AVOID,0,5일 +32%,0,1,0,0,,0.0,T=0<70 · S=55≥50,100.0,GREEN,,,0,False,0,BELOW_OFFICIAL_BAR,TOP_PICK=0,,15.0,IGNORE,IGNORE,NORMAL,0,0,0,0,0,0,0,0,0,CLEAR,,,0,0,0,0,0.0,,,,,,,,,,DISABLED_LOSS_DEFENSE,,,,,,True,False,True,True,True,True,True,True,0.0,0.0,0.0,0.0,0.0,0.0,0.0,0.0,0.0,0.3,False,False,False,1,False,4.3,0.3,G2RR×0.3,,0,0,0,,4.3,0,과열이나 GUARD 미통과 — 레인 제외,False,0.0,0.0,False,,False,True,,0,66.0,35.0,0,1,BLOCK,5일 과열 32.4%,BLOCK,GUARD_BLOCK,1,0.0,신규진입 차단,기존 guard/JULY 차단 · 시장폭 82.2 · 5일 32.4%,41.51,6,225,0,50.01,175,,-4.0,3926.0,"진입 후 D+1 종가 3,926원(-4%) 이탈 시 익일 조기청산 권고",46.2,"최근 20거래일 유니버스 실측 2일 상승률 46.2% (n=6,245) · 종목별 유의차 미검증",NO_EDGE_VALIDATED,CAUTION,3804.0,4499.0,"⚠️ 과열/추격 주의 · 손절 3,804(-7%)·본전전환 4,294(+5%)·1차익절 4,499(+10%) · ⚡ D+2내 4,172(+2%) 도달 시 절반 익절+잔여 본전 상향 (실측: 초반 급등 후 되돌림 -0.9%)",0,32.8,0,0,알파 33점 (진입선 85점 미달) · 손실방어 차단,alpha_gate_v32,CASH,0.0,,,0,NEUTRAL,"중립 레짐 — KOSPI 20일선 아래, 시장폭 82% (실측: 본전 구간 → 진입 허용하되 사이즈 50%)",0.5,1,33.1,4294.0,0.2433,1,이 점수 구간의 과거 실측 승률 29% (표본 11693건) · 거래량 밀집가 대비 -25.6% — 가치영역 근접 (실측 표본 적음) · 손익비 3.2 (손절 -9.4% / 1차목표 +30.1%),중립 레짐 — 사이즈 50% 권장,29.1,True,OVERHEAT,1,85.0,1,0,4172.0,,,,,0,1.0,,0,17.6,pctl>0.30,0,,0,1.0
96,102940,코오롱생명과학,KOSDAQ,기타,16280,200.92,2131.2,0.0,0.0,WAIT,OVERHEAT,3,False,0,False,0.0,0.0,0.0,0.0,0.0,0.0,0.0,0.0,0.0,100.0,4.1,1.5,밸런스우수 + RR4.1 + 진입적정,0,16040.0,14750.0,22550.0,43700.0,,0.8,4.11,25421,-11.03,특이사항 없음,0,-18.61,14.0,-34.36,,,5일 급등,"과열(급등·MFI·RSI) — 실측 역신호, 관망",NORMAL,82.2,기초 의약물질 제조업,20092080600.0,43.1,179.53,0,0,5.37,17.46,-6.92,-62.7,-74.48,-76.13,-58.89,-40.69,-48.27,0.778,0.0,0,12.0,0,0,1.75,0.1,0,0,0,0,-1,21421.0,-35.96,2.3174,False,X,▼,10173,▲,O,X,3.88,250,0,-1,-1,1,47100.0,enter,100.0,NORMAL+WARN:ATR%=20.3% > 20% — 이상치 의심+PM_BLOCK_INTRADAY+EF:정상,8.04,6.0,5.0,normal,7.0,v1_sl_first_gap_at_open,NORMAL+WARN:ATR%=20.3% > 20% — 이상치 의심+PM_BLOCK_INTRADAY+EF:정상,ATR_2x,23,SWING_20D,2,BB_UPPER,2,0.0,기초 의약물질 제조업,22.15142857142857,8.541428571428572,9.0,50.7,0.0,0.19897332397332396,-0.2779274304419178,0.7717391304347826,OK,0.0,UNVALIDATED_MODEL,9.975206766947647,9.975206766947647,0.0,4,1,0.5,0.5,0.0,STRUCT+TIMING+SECTOR,default,default,default,70,20260805,20260805,,0.0,0.0,0.0,-12.0,-33.79,FRESH,0.291,,False,0.3,True,MATURE,11693.0,ALPHA_WIN_PROB,5.047,,1.81,0.0,상태 OVERHEAT — 신규진입 상태 아님(사이징 제외),0.3559,0.0,0.0,v40_alpha_tilt,,,,,,True,38.5,,ELITE_SCORE,MATURE,11693,2.4.0,OK,,100.0,ATTACK,OK,OK,OK,OK,OK,OK,OK,0,7,True,True,True,,0,GREEN,,,80.0,BUY,1,,0,0,0,0,,0.0,T=0<70,100.0,GREEN,,,0,False,0,ENTRY_READY_BUT_NOT_TOP_PICK,TOP_PICK=0,진입조건은 양호하나 공식 Top Pick 아님,50.0,ENTRY_CLEAN_OBSERVE,ENTRY_CLEAN_OBSERVE,NORMAL,0,0,0,0,0,0,0,0,0,CLEAR,,,0,0,0,0,0.0,,,,,,,,,,DISABLED_LOSS_DEFENSE,,,,,,True,False,True,True,False,True,True,True,0.0,0.0,0.0,0.0,20.0,0.0,0.0,0.0,20.0,0.3,False,True,False,3,False,0.0,0.0,G2RR×0.3 · G5추세붕괴3축,,0,0,0,,0.0,0,,False,0.0,0.0,False,,False,True,,0,74.0,57.0,0,0,CAUTION,5일 상승 17.5% > 5%,C,WATCH,0,0.2,관찰,시장폭 82.2 · 5일 17.5%,29.21,6,271,0,18.24,292,,-4.0,15398.0,"진입 후 D+1 종가 15,398원(-4%) 이탈 시 익일 조기청산 권고",46.2,"최근 20거래일 유니버스 실측 2일 상승률 46.2% (n=6,245) · 종목별 유의차 미검증",NO_EDGE_VALIDATED,OK,14917.0,17644.0,"손절 14,917(-7%)·본전전환 16,842(+5%)·1차익절 17,644(+10%) · ⚡ D+2내 16,361(+2%) 도달 시 절반 익절+잔여 본전 상향 (실측: 초반 급등 후 되돌림 -0.9%)",0,30.0,0,0,알파 49점 (진입선 85점 미달),alpha_gate_v32,CASH,0.0,,,0,NEUTRAL,"중립 레짐 — KOSPI 20일선 아래, 시장폭 82% (실측: 본전 구간 → 진입 허용하되 사이즈 50%)",0.5,1,48.9,16842.0,0.2713,1,이 점수 구간의 과거 실측 승률 29% (표본 11693건) · 거래량 밀집가 대비 -11.0% — 가치영역 근접 (실측 표본 적음) · 손익비 4.1 (손절 -9.4% / 1차목표 +38.5%),중립 레짐 — 사이즈 50% 권장,29.1,True,WAIT,1,85.0,1,0,16361.0,,,,,0,1.0,,1,21.7,pctl>0.30,0,,0,1.0
97,299660,셀리드,KOSDAQ,기타,1707,295.65,1017.9,0.0,0.0,CARRY,CARRY,7,False,0,False,0.0,50.3,96.9,0.0,57.7,,0.0,51.5,96.9,0.0,3053.0,49.3,RR3053.0,0,3370.0,2860.0,4760.0,4990.0,,0.95,2.98,3553,-3.4,DATA_UNAVAILABLE,0,31.52,59.1,10.18,STRUCT 강점,,,캐리 재계산 실패: legacy snapshot,NORMAL,82.2,자연과학 및 공학 연구개발업,29564558992.0,76.9,57.3,0,0,10.93,6.81,1.47,45.88,9.0,2.53,39.31,-10.9,-33.3,0.466,0.466,0,12.0,1,0,2.53,0.47,0,0,0,1,-1,4101.0,-2.92,-0.1181,False,O,▲,3181,▼,O,X,2.41,250,0,1,1,1,5440.0,split,50.0,NORMAL+PM_BLOCK_INTRADAY+EF:당일 10%+ 급등 분할 진입+ENTRY:split,15.13,6.0,2.7,normal,7.0,v1_sl_first_gap_at_open,NORMAL+PM_BLOCK_INTRADAY+EF:당일 10%+ 급등 분할 진입+ENTRY:split,SWING_20D,80,ATR_3.5x,45,FIBO_1.272,40,0.0,자연과학 및 공학 연구개발업,3.8636936936936936,18.73603603603604,7.0,,,,,,,57.7,OK,7.815505696462442,7.815505696462442,,6,1,0.4,0.4,0.2,STRUCT+TIMING+AI+SECTOR,default,default,default,70,20260805,20260508.0,,50.3,50.3,50.3,19.9,19.9,CARRY_LEGACY,0.291,,False,0.3,True,MATURE,5320.0,ALPHA_WIN_PROB,2.725,,1.81,0.0,상태 CARRY — 신규진입 상태 아님(사이징 제외),0.3559,0.0,0.0,v40_alpha_tilt,,20260508.0,21.0,True,35.0,False,178.9,,ELITE_SCORE,MATURE,11693,2.4.0,OK,,100.0,ATTACK,OK,OK,OK,OK,OK,OK,OK,0,7,True,True,True,"analyze_returned_none(ohlcv_len=373,mcap=504,in_top=True)",0,GREEN,,,0.0,AVOID,0,진입괴리 49.3%,0,0,0,0,,0.0,T=0<70 · S=97≥50,100.0,GREEN,,,0,False,0,HOLDING_MANAGE,TOP_PICK=0,,15.0,HOLDING_MANAGE,HOLDING_MANAGE,NORMAL,0,0,0,0,0,0,0,0,0,CLEAR,,,0,0,0,0,0.0,ENTRY_CLEAN_OBSERVE,1.0,BUY,,0.0,0.0,0.0,0.0,0.0,DISABLED_LOSS_DEFENSE,3450.0,-50.52173913043478,DEAD,1.0,보유 21일차 · 손익 -50.5% · 청산 검토,True,False,False,True,False,True,True,True,0.0,0.0,45.0,0.0,20.0,0.0,0.0,0.0,65.0,0.3,False,True,False,4,False,0.0,0.0,G2RR×0.3 · G3보유경과-45 · G5추세붕괴4축,,0,0,0,,0.0,0,,False,0.0,0.0,False,,False,True,,0,96.0,72.0,0,0,CAUTION,5일 상승 6.8% > 5%,C,WATCH,0,0.2,관찰,시장폭 82.2 · 5일 6.8%,54.54,6,140,0,30.91,254,,-4.0,3235.0,"진입 후 D+1 종가 3,235원(-4%) 이탈 시 익일 조기청산 권고",46.2,"최근 20거래일 유니버스 실측 2일 상승률 46.2% (n=6,245) · 종목별 유의차 미검증",NO_EDGE_VALIDATED,HIGH_AVOID,3134.0,3707.0,"⛔ 고위험 루트(진입보류 권고) · 손절 3,134(-7%)·본전전환 3,538(+5%)·1차익절 3,707(+10%) · ⚡ D+2내 3,437(+2%) 도달 시 절반 익절+잔여 본전 상향 (실측: 초반 급등 후 되돌림 -0.9%)",0,30.0,0,0,알파 25점 (진입선 85점 미달) · 데이터 신선도 실패,alpha_gate_v32,CASH,0.0,0.0,True,0,NEUTRAL,"중립 레짐 — KOSPI 20일선 아래, 시장폭 82% (실측: 본전 구간 → 진입 허용하되 사이즈 50%)",0.5,1,25.4,3538.0,0.2452,1,이 점수 구간의 과거 실측 승률 29% (표본 11693건) · 거래량 밀집가 대비 -3.4% — 가치영역 근접 (실측 표본 적음) · 손익비 3053.0 (손절 +67.5% / 1차목표 +178.9%) · 저점 상승 추세 32% (바닥이 높아지는 중),중립 레짐 — 사이즈 50% 권장 · 추천가 대비 49.3% 이탈 — 추격 주의 · 가격 데이터 stale — 표시가와 실제가 다를 수 있음 · AI 알파모델 예측 하위 25% — 이 구간 실측 승률 25% — 픽 제외 구간,29.1,False,CARRY,1,85.0,1,0,3437.0,1.9261109623344368,-1.4571255424744134,-0.7857841014422107,0.8856366018608064,1,1.0,,0,98.5,pctl>0.30,0,,0,1.0
98,065440,이루온,KOSDAQ,IT/전기전자,1608,129.88,1123.7,0.0,0.0,CARRY,CARRY,7,False,0,False,0.0,79.3,99.8,62.5,44.1,,0.0,68.8,55.7,30.4,3592.0,61.0,RR3592.0,0,4120.0,3500.0,5200.0,6120.0,,1.33,0.54,3565,76.24,DATA_UNAVAILABLE,1,10.42,54.0,6.83,STRUCT 강점,TIMING 보조,,캐리 재계산 실패: legacy snapshot,NORMAL,82.2,소프트웨어 개발 및 공급업,12987583639.0,75.9,42.23,1,0,-8.75,3.78,24.47,-5.07,181.81,123.06,-10.04,166.74,95.94,0.112,0.112,1,12.0,0,0,1.88,0.54,0,0,0,1,1,2999.0,15.55,0.4349,False,O,▲,4297,▲,X,X,2.1,250,0,1,1,1,6300.0,enter,100.0,NORMAL+PM_BLOCK_INTRADAY+EF:정상,15.05,6.0,1.7,normal,7.0,v1_sl_first_gap_at_open,NORMAL+PM_BLOCK_INTRADAY+EF:정상,SWING_20D,80,ATR_3.5x,45,FIBO_1.272,40,0.0,소프트웨어 개발 및 공급업,4.1326086956521735,14.742173913043478,7.0,,,0.1385748959778086,0.1080857855998766,0.1631205673758865,OK,44.1,OK,39.58133155015294,39.58133155015294,,10,1,0.55,0.25,0.2,STRUCT+TIMING+AI+SECTOR,default,,,50,20260805,20260514.0,,79.3,79.3,79.3,15.07,15.07,CARRY_LEGACY,0.291,,False,0.3,True,MATURE,6098.0,ALPHA_WIN_PROB,1.742,,1.742,0.0,상태 CARRY — 신규진입 상태 아님(사이징 제외),0.3647,0.0,0.0,v40_alpha_tilt,,20260514.0,15.0,True,35.0,False,223.4,,ELITE_SCORE,MATURE,11693,2.4.0,OK,,100.0,ATTACK,OK,OK,OK,OK,OK,OK,OK,0,7,True,True,True,"analyze_returned_none(ohlcv_len=373,mcap=439,in_top=True)",0,GREEN,,,0.0,AVOID,0,진입괴리 61.0% · 전일 -8.8% · POC 76↑,0,0,0,0,,0.0,T=62<70 · S=100≥50,100.0,GREEN,,,0,False,0,HOLDING_MANAGE,TOP_PICK=0,,30.0,HOLDING_MANAGE,HOLDING_MANAGE,NORMAL,0,0,0,0,0,0,0,0,0,CLEAR,,,0,0,0,0,0.0,HOLDING_MANAGE,1.0,BUY,,0.0,0.0,0.0,0.0,0.0,DISABLED_LOSS_DEFENSE,4120.0,-60.970873786407765,DEAD,1.0,보유 15일차 · 손익 -61.0% · 청산 검토,True,True,False,True,True,True,True,True,0.0,0.0,45.0,0.0,0.0,0.0,0.0,0.0,45.0,1.0,False,False,False,0,False,0.0,0.0,G3보유경과-45,,0,0,0,,0.0,0,,False,0.0,0.0,False,,False,True,,0,92.0,86.0,0,0,CAUTION,POC 76.2 > 60,A,QUALITY_BREADTH,0,0.5,소액 후보,품질+시장폭 · 시장폭 82.2 · 5일 3.8%,51.29,6,160,0,29.28,259,,-4.0,3955.0,"진입 후 D+1 종가 3,955원(-4%) 이탈 시 익일 조기청산 권고",46.2,"최근 20거래일 유니버스 실측 2일 상승률 46.2% (n=6,245) · 종목별 유의차 미검증",NO_EDGE_VALIDATED,HIGH_AVOID,3832.0,4532.0,"⛔ 고위험 루트(진입보류 권고) · 손절 3,832(-7%)·본전전환 4,326(+5%)·1차익절 4,532(+10%) · ⚡ D+2내 4,202(+2%) 도달 시 절반 익절+잔여 본전 상향 (실측: 초반 급등 후 되돌림 -0.9%)",0,30.0,0,0,알파 6점 (진입선 85점 미달) · 데이터 신선도 실패 · POC 확장 76% (추격 위험),alpha_gate_v32,CASH,0.0,7.34,True,1,NEUTRAL,"중립 레짐 — KOSPI 20일선 아래, 시장폭 82% (실측: 본전 구간 → 진입 허용하되 사이즈 50%)",0.5,1,6.5,4326.0,0.2386,1,이 점수 구간의 과거 실측 승률 29% (표본 11693건) · 손익비 3592.0 (손절 +117.7% / 1차목표 +223.4%) · 저점 상승 추세 10% (바닥이 높아지는 중),중립 레짐 — 사이즈 50% 권장 · 거래량 밀집가 대비 +76.2% 확장 (실측 승률 12~23% — 추격 위험) · 추천가 대비 61.0% 이탈 — 추격 주의 · 가격 데이터 stale — 표시가와 실제가 다를 수 있음 · AI 알파모델 예측 하위 6% — 이 구간 실측 승률 24% — 픽 제외 구간,29.1,False,CARRY,1,85.0,1,0,4202.0,1.9261109623344368,-1.4571255424744134,-0.7857841014422107,0.8856366018608064,1,1.0,,0,92.0,pctl>0.30,0,,0,1.0
99,084650,랩지노믹스,KOSDAQ,기타,825,272.34,1017.1,0.0,0.0,CARRY,CARRY,7,False,0,False,0.0,37.0,48.8,19.0,26.8,,0.0,31.5,29.8,62.8,862.0,38.6,RR862.0,0,1344.0,1142.0,1687.0,1798.0,⚡눌림회복,0.95,2.84,1534,-23.79,DATA_UNAVAILABLE,1,1.22,52.2,1.0,,,,캐리 재계산 실패: legacy snapshot,NORMAL,82.2,자연과학 및 공학 연구개발업,27233540115.0,80.6,22.17,1,0,7.03,-1.08,10.48,-17.32,-16.36,-38.43,-7.21,-7.87,-56.83,0.765,0.285,0,12.0,0,0,1.83,0.31,0,0,0,1,-1,1505.0,-10.74,-0.1445,False,X,▼,1332,▲,O,X,0.08,250,0,-1,-1,1,1983.0,enter,100.0,NORMAL+PM_BLOCK_INTRADAY+EF:정상,15.03,6.0,1.7,normal,7.0,v1_sl_first_gap_at_open,NORMAL+PM_BLOCK_INTRADAY+EF:정상,SWING_20D,80,VP_RESISTANCE,65,SWING_60D,60,0.0,자연과학 및 공학 연구개발업,-5.444672897196262,-1.6923364485981311,4.0,,,0.1002606882168926,0.1067339079734194,0.5741626794258373,OK,26.8,OK,22.5,22.5,,8,1,0.55,0.25,0.2,STRUCT+TIMING+AI+SECTOR,default,,,50,20260805,20260520.0,,37.0,37.0,37.0,24.11,-8.49,CARRY_LEGACY,0.291,,False,0.3,True,MATURE,6770.0,ALPHA_WIN_PROB,1.698,,1.698,0.0,상태 CARRY — 신규진입 상태 아님(사이징 제외),0.3706,0.0,0.0,v40_alpha_tilt,,20260520.0,9.0,True,23.0,False,104.5,,ELITE_SCORE,MATURE,11693,2.4.0,OK,,100.0,ATTACK,OK,OK,OK,OK,OK,OK,OK,0,7,True,True,True,"analyze_returned_none(ohlcv_len=373,mcap=612,in_top=True)",0,GREEN,,,0.0,AVOID,0,진입괴리 38.6%,0,0,0,0,,0.0,T=19<70,100.0,GREEN,,,0,False,0,HOLDING_MANAGE,TOP_PICK=0,,15.0,HOLDING_MANAGE,HOLDING_MANAGE,NORMAL,0,0,0,0,0,0,0,0,0,CLEAR,,,0,0,0,0,0.0,ENTRY_CLEAN_OBSERVE,1.0,BUY,,0.0,0.0,0.0,0.0,0.0,DISABLED_LOSS_DEFENSE,1370.0,-39.78102189781022,STALE,0.0,보유 9일차 · 손익 -39.8% · 보유관리 주의 · 손실 지속,True,False,False,True,False,True,True,True,0.0,0.0,25.0,0.0,20.0,0.0,0.0,0.0,45.0,0.5,False,True,False,3,False,0.0,0.0,G2RR×0.5 · G3보유경과-25 · G5추세붕괴3축,,0,0,0,,0.0,0,,False,0.0,0.0,False,,False,True,,0,92.0,80.0,0,0,CAUTION,중립/관찰,C,WATCH,0,0.2,관찰,시장폭 82.2 · 5일 -1.1%,51.01,6,163,0,29.14,261,,-4.0,1290.0,"진입 후 D+1 종가 1,290원(-4%) 이탈 시 익일 조기청산 권고",46.2,"최근 20거래일 유니버스 실측 2일 상승률 46.2% (n=6,245) · 종목별 유의차 미검증",NO_EDGE_VALIDATED,HIGH_AVOID,1250.0,1478.0,"⛔ 고위험 루트(진입보류 권고) · 손절 1,250(-7%)·본전전환 1,411(+5%)·1차익절 1,478(+10%) · ⚡ D+2내 1,371(+2%) 도달 시 절반 익절+잔여 본전 상향 (실측: 초반 급등 후 되돌림 -0.9%)",0,30.0,0,0,알파 31점 (진입선 85점 미달) · 데이터 신선도 실패,alpha_gate_v32,CASH,0.0,9.85,True,0,NEUTRAL,"중립 레짐 — KOSPI 20일선 아래, 시장폭 82% (실측: 본전 구간 → 진입 허용하되 사이즈 50%)",0.5,1,30.7,1411.0,0.2433,1,이 점수 구간의 과거 실측 승률 29% (표본 11693건) · 거래량 밀집가 대비 -23.8% — 가치영역 근접 (실측 표본 적음) · 손익비 862.0 (손절 +38.4% / 1차목표 +104.5%),중립 레짐 — 사이즈 50% 권장 · 추천가 대비 38.6% 이탈 — 추격 주의 · 가격 데이터 stale — 표시가와 실제가 다를 수 있음,29.1,False,CARRY,1,85.0,1,0,1371.0,1.9261109623344368,-1.4571255424744134,-0.7857841014422107,0.8856366018608064,1,1.0,,0,78.0,pctl>0.30,0,,0,1.0
100,382150,온코크로스,KOSDAQ,,3440,50.0,1000.1,0.0,0.0,CARRY,CARRY,7,False,0,False,0.0,28.5,46.2,0.0,50.0,,0.0,32.1,50.0,37.5,6810.0,58.0,RR6810.0,0,8200.0,7550.0,10250.0,10460.0,,-0.6,0.18,8261,-10.09,DATA_UNAVAILABLE,1,14.73,54.6,-0.82,저점추세 양호,,,캐리 재계산 실패: legacy snapshot,NORMAL,82.2,자연과학 및 공학 연구개발업,5000000000.0,81.2,31.95,0,0,-3.53,-6.82,3.02,5.81,-3.87,-19.37,-4.4,-34.82,-75.09,0.712,0.274,0,12.0,1,0,4.97,0.41,0,0,0,0,1,6546.0,-0.75,-0.4073,False,X,▼,9088,▼,X,X,0.59,250,0,-1,-1,1,10900.0,enter,100.0,SWING+PM_BLOCK_INTRADAY+EF:정상,7.93,6.0,3.2,normal,7.0,v1_sl_first_gap_at_open,SWING+PM_BLOCK_INTRADAY+EF:정상,SWING_20D,80,SWING_60D,60,ATR_3.5x,45,,,,,,,,,,,,50.0,OK,11.0,11.0,,6,1,0.4,0.4,0.2,STRUCT+TIMING+AI,,,,60,20260805,,,,,,,,CARRY_LEGACY,0.291,,False,0.3,True,,,ALPHA_WIN_PROB,3.154,,1.81,0.0,상태 CARRY — 신규진입 상태 아님(사이징 제외),0.3559,0.0,0.0,v40_alpha_tilt,,20260428.0,31.0,True,35.0,False,198.0,,ELITE_SCORE,MATURE,11693,2.4.0,OK,,100.0,ATTACK,OK,OK,OK,OK,OK,OK,OK,0,7,True,True,True,"analyze_returned_none(ohlcv_len=373,mcap=449,in_top=True)",0,GREEN,,,0.0,AVOID,0,진입괴리 58.0%,0,0,0,0,,0.0,T=0<70,100.0,GREEN,,,0,False,0,HOLDING_MANAGE,TOP_PICK=0,,15.0,HOLDING_MANAGE,HOLDING_MANAGE,NORMAL,0,0,0,0,0,0,0,0,0,CLEAR,,,0,0,0,0,0.0,ENTRY_CLEAN_OBSERVE,1.0,BUY,,0.0,0.0,0.0,0.0,0.0,DISABLED_LOSS_DEFENSE,9150.0,-62.40437158469946,DEAD,1.0,보유 31일차 · 손익 -62.4% · 강한 청산 검토,True,False,False,True,False,True,True,True,0.0,0.0,45.0,0.0,20.0,0.0,0.0,0.0,65.0,0.3,False,True,False,4,False,0.0,0.0,G2RR×0.3 · G3보유경과-45 · G5추세붕괴4축,,0,0,0,,0.0,0,,False,0.0,0.0,False,,False,True,,0,92.0,73.0,0,0,CAUTION,중립/관찰,C,WATCH,0,0.2,관찰,섹터 약세+RSI 약함 · 시장폭 82.2 · 5일 -6.8%,27.35,6,279,0,17.31,294,,-4.0,7872.0,"진입 후 D+1 종가 7,872원(-4%) 이탈 시 익일 조기청산 권고",46.2,"최근 20거래일 유니버스 실측 2일 상승률 46.2% (n=6,245) · 종목별 유의차 미검증",NO_EDGE_VALIDATED,HIGH_AVOID,7626.0,9020.0,"⛔ 고위험 루트(진입보류 권고) · 손절 7,626(-7%)·본전전환 8,610(+5%)·1차익절 9,020(+10%) · ⚡ D+2내 8,364(+2%) 도달 시 절반 익절+잔여 본전 상향 (실측: 초반 급등 후 되돌림 -0.9%)",0,30.0,0,0,알파 45점 (진입선 85점 미달) · 데이터 신선도 실패,alpha_gate_v32,CASH,0.0,3.93,True,0,NEUTRAL,"중립 레짐 — KOSPI 20일선 아래, 시장폭 82% (실측: 본전 구간 → 진입 허용하되 사이즈 50%)",0.5,1,44.6,8610.0,0.2713,1,이 점수 구간의 과거 실측 승률 29% (표본 11693건) · 거래량 밀집가 대비 -10.1% — 가치영역 근접 (실측 표본 적음) · 손익비 6810.0 (손절 +119.5% / 1차목표 +198.0%) · 저점 상승 추세 15% (바닥이 높아지는 중),중립 레짐 — 사이즈 50% 권장 · 추천가 대비 58.0% 이탈 — 추격 주의 · 가격 데이터 stale — 표시가와 실제가 다를 수 있음,29.1,False,CARRY,1,85.0,1,0,8364.0,1.9261109623344368,-1.4571255424744134,-0.7857841014422107,0.8856366018608064,1,1.0,,0,94.1,pctl>0.30,0,,0,1.0
101,137950,제이씨케미칼,KOSDAQ,,2795,50.0,1006.5,0.0,0.0,CARRY,CARRY,7,False,0,False,0.0,38.7,68.6,20.6,15.0,,0.0,34.7,53.6,33.0,3005.0,38.2,RR3005.0,0,4520.0,4215.0,5800.0,6480.0,,-0.98,0.25,4834,4.68,DATA_UNAVAILABLE,1,5.71,50.7,-1.32,STRUCT 강점,,,캐리 재계산 실패: legacy snapshot,NORMAL,82.2,기타 화학제품 제조업,5000000000.0,70.1,17.83,1,0,-0.66,-5.04,2.38,-19.0,39.29,41.47,-29.21,8.34,-14.25,0.586,0.387,1,12.0,0,0,2.17,0.24,0,0,0,0,1,4029.0,-6.51,0.0001,True,O,▲,4702,▲,X,X,0.0,250,0,1,1,1,7380.0,enter,100.0,SWING+PM_BLOCK_INTRADAY+EF:정상,6.75,6.0,4.2,normal,7.0,v1_sl_first_gap_at_open,SWING+PM_BLOCK_INTRADAY+EF:정상,SWING_20D,80,SWING_60D,60,FIBO_1.272,40,,,,,,,,,,,,15.0,OK,5.0,5.0,,10,1,0.4,0.4,0.2,STRUCT+TIMING+AI,,,,60,20260805,,,,,,,,CARRY_LEGACY,0.291,,False,0.3,True,,,ALPHA_WIN_PROB,4.197,,1.81,0.0,상태 CARRY — 신규진입 상태 아님(사이징 제외),0.3559,0.0,0.0,v40_alpha_tilt,,20260501.0,28.0,True,35.0,False,107.5,,ELITE_SCORE,MATURE,11693,2.4.0,OK,,100.0,ATTACK,OK,OK,OK,OK,OK,OK,OK,0,7,True,True,True,"analyze_returned_none(ohlcv_len=373,mcap=622,in_top=True)",0,GREEN,,,0.0,AVOID,0,진입괴리 38.2%,0,0,0,0,,0.0,T=21<70 · S=69≥50,100.0,GREEN,,,0,False,0,HOLDING_MANAGE,TOP_PICK=0,,15.0,HOLDING_MANAGE,HOLDING_MANAGE,NORMAL,0,0,0,0,0,0,0,0,0,CLEAR,,,0,0,0,0,0.0,ENTRY_CLEAN_OBSERVE,1.0,BUY,,0.0,0.0,0.0,0.0,0.0,DISABLED_LOSS_DEFENSE,4755.0,-41.21976866456362,DEAD,1.0,보유 28일차 · 손익 -41.2% · 청산 검토,True,False,False,True,True,True,True,True,0.0,0.0,45.0,0.0,0.0,0.0,0.0,0.0,45.0,0.5,False,False,False,1,False,0.0,0.0,G2RR×0.5 · G3보유경과-45,,0,0,0,,0.0,0,,False,0.0,0.0,False,,False,True,,0,92.0,73.0,0,0,CAUTION,중립/관찰,C,WATCH,0,0.2,관찰,섹터 약세+RSI 약함 · 시장폭 82.2 · 5일 -5.0%,27.06,6,280,0,17.17,296,,-4.0,4339.0,"진입 후 D+1 종가 4,339원(-4%) 이탈 시 익일 조기청산 권고",46.2,"최근 20거래일 유니버스 실측 2일 상승률 46.2% (n=6,245) · 종목별 유의차 미검증",NO_EDGE_VALIDATED,HIGH_AVOID,4204.0,4972.0,"⛔ 고위험 루트(진입보류 권고) · 손절 4,204(-7%)·본전전환 4,746(+5%)·1차익절 4,972(+10%) · ⚡ D+2내 4,610(+2%) 도달 시 절반 익절+잔여 본전 상향 (실측: 초반 급등 후 되돌림 -0.9%)",0,30.0,0,0,알파 32점 (진입선 85점 미달) · 데이터 신선도 실패,alpha_gate_v32,CASH,0.0,3.71,True,0,NEUTRAL,"중립 레짐 — KOSPI 20일선 아래, 시장폭 82% (실측: 본전 구간 → 진입 허용하되 사이즈 50%)",0.5,1,32.2,4746.0,0.2433,1,이 점수 구간의 과거 실측 승률 29% (표본 11693건) · 거래량 밀집가 대비 +4.7% — 가치영역 근접 (실측 승률 40%) · 손익비 3005.0 (손절 +50.8% / 1차목표 +107.5%) · 저점 상승 추세 6% (바닥이 높아지는 중),중립 레짐 — 사이즈 50% 권장 · 추천가 대비 38.2% 이탈 — 추격 주의 · 가격 데이터 stale — 표시가와 실제가 다를 수 있음,29.1,False,CARRY,1,85.0,1,0,4610.0,1.9261109623344368,-1.4571255424744134,-0.7857841014422107,0.8856366018608064,1,1.0,,0,87.2,pctl>0.30,0,,0,1.0
102,039610,화성밸브,KOSDAQ,,5280,50.0,1014.0,0.0,0.0,CARRY,CARRY,7,False,0,False,0.0,42.1,72.6,2.0,61.1,,0.0,45.2,70.6,11.8,6400.0,45.8,RR6400.0,0,9740.0,9200.0,11680.0,12980.0,,-1.95,0.3,9757,-0.94,DATA_UNAVAILABLE,1,22.77,49.4,-0.57,STRUCT 강점,AI 보조,,캐리 재계산 실패: legacy snapshot,NORMAL,82.2,일반 목적용 기계 제조업,5000000000.0,79.2,8.87,1,1,0.62,-4.51,-0.2,27.15,11.95,20.25,20.58,-7.95,-15.58,0.406,0.406,0,12.0,0,0,4.01,0.51,0,0,0,0,1,8855.0,-0.18,-0.2629,True,O,▲,9886,▼,X,X,2.79,250,0,1,1,1,14630.0,enter,100.0,SWING+PM_BLOCK_INTRADAY+EF:정상,5.54,6.0,3.6,normal,7.0,v1_sl_first_gap_at_open,SWING+PM_BLOCK_INTRADAY+EF:정상,SWING_20D,80,FIBO_1.272,40,FIBO_1.618,25,,,,,,,,,,,,61.1,OK,5.0,5.0,,8,1,0.4,0.4,0.2,STRUCT+TIMING+AI,,,,60,20260805,,,,,,,,CARRY_LEGACY,0.291,,False,0.3,True,,,ALPHA_WIN_PROB,3.593,,1.81,0.0,상태 CARRY — 신규진입 상태 아님(사이징 제외),0.3559,0.0,0.0,v40_alpha_tilt,,20260429.0,30.0,True,35.0,False,121.2,,ELITE_SCORE,MATURE,11693,2.4.0,OK,,100.0,ATTACK,OK,OK,OK,OK,OK,OK,OK,0,7,True,True,True,"analyze_returned_none(ohlcv_len=373,mcap=550,in_top=True)",0,GREEN,,,0.0,AVOID,0,진입괴리 45.8%,0,0,0,0,,0.0,T=2<70 · S=73≥50,100.0,GREEN,,,0,False,0,HOLDING_MANAGE,TOP_PICK=0,,15.0,HOLDING_MANAGE,HOLDING_MANAGE,NORMAL,0,0,0,0,0,0,0,0,0,CLEAR,,,0,0,0,0,0.0,ENTRY_CLEAN_OBSERVE,1.0,BUY,,0.0,0.0,0.0,0.0,0.0,DISABLED_LOSS_DEFENSE,10250.0,-48.48780487804878,DEAD,1.0,보유 30일차 · 손익 -48.5% · 청산 검토,False,True,False,True,False,True,True,True,0.0,0.0,45.0,0.0,20.0,0.0,0.0,0.0,65.0,1.0,True,True,False,4,False,0.0,0.0,G1유동성차단 · G3보유경과-45 · G5추세붕괴4축,,0,0,0,,0.0,0,,False,0.0,0.0,False,,False,True,,0,92.0,70.0,0,0,CAUTION,중립/관찰,C,WATCH,0,0.2,관찰,섹터 약세+RSI 약함 · 시장폭 82.2 · 5일 -4.5%,25.88,6,287,0,16.58,299,,-4.0,9350.0,"진입 후 D+1 종가 9,350원(-4%) 이탈 시 익일 조기청산 권고",46.2,"최근 20거래일 유니버스 실측 2일 상승률 46.2% (n=6,245) · 종목별 유의차 미검증",NO_EDGE_VALIDATED,HIGH_AVOID,9058.0,10714.0,"⛔ 고위험 루트(진입보류 권고) · 손절 9,058(-7%)·본전전환 10,227(+5%)·1차익절 10,714(+10%) · ⚡ D+2내 9,935(+2%) 도달 시 절반 익절+잔여 본전 상향 (실측: 초반 급등 후 되돌림 -0.9%)",0,30.0,0,0,알파 37점 (진입선 85점 미달) · 데이터 신선도 실패,alpha_gate_v32,CASH,0.0,2.92,True,0,NEUTRAL,"중립 레짐 — KOSPI 20일선 아래, 시장폭 82% (실측: 본전 구간 → 진입 허용하되 사이즈 50%)",0.5,1,36.8,10227.0,0.2433,1,이 점수 구간의 과거 실측 승률 29% (표본 11693건) · 거래량 밀집가 대비 -0.9% — 가치영역 근접 (실측 표본 적음) · 손익비 6400.0 (손절 +74.2% / 1차목표 +121.2%) · 저점 상승 추세 23% (바닥이 높아지는 중),중립 레짐 — 사이즈 50% 권장 · 추천가 대비 45.8% 이탈 — 추격 주의 · 가격 데이터 stale — 표시가와 실제가 다를 수 있음,29.1,False,CARRY,1,85.0,1,0,9935.0,1.9261109623344368,-1.4571255424744134,-0.7857841014422107,0.8856366018608064,1,1.0,,0,96.9,pctl>0.30,0,,0,1.0
103,382480,지아이텍,KOSDAQ,,1800,50.0,1003.6,0.0,0.0,CARRY,CARRY,7,False,0,False,0.0,30.8,27.2,17.2,57.6,,0.0,34.0,40.4,49.5,1465.0,29.4,RR1465.0,0,2550.0,2280.0,3265.0,3610.0,,-0.36,0.48,2647,-3.88,DATA_UNAVAILABLE,1,-7.28,40.4,-5.03,AI 강점,,저점 이탈,캐리 재계산 실패: legacy snapshot,NORMAL,82.2,특수 목적용 기계 제조업,5000000000.0,71.2,16.4,1,0,-5.56,-0.58,-0.58,-9.09,-4.67,27.18,-3.22,-0.04,-1.98,0.343,0.343,0,12.0,0,0,1.92,0.21,0,0,0,0,1,2465.0,-3.7,0.2249,False,O,▲,2565,▲,X,X,2.59,250,0,1,1,1,4050.0,enter,100.0,SWING+PM_BLOCK_INTRADAY+EF:정상,10.59,6.0,2.6,normal,7.0,v1_sl_first_gap_at_open,SWING+PM_BLOCK_INTRADAY+EF:정상,SWING_20D,80,FIBO_1.272,40,FIBO_1.618,25,,,,,,,,0.0864145658263305,0.0316232741439138,0.0,OK,57.6,OK,16.804062012328075,16.804062012328075,,6,1,0.55,0.25,0.2,STRUCT+TIMING+AI,,,,50,20260805,,,,,,,,CARRY_LEGACY,0.291,,False,0.3,True,,,ALPHA_WIN_PROB,2.648,,1.81,0.0,상태 CARRY — 신규진입 상태 아님(사이징 제외),0.3559,0.0,0.0,v40_alpha_tilt,,20260514.0,15.0,True,35.0,False,81.4,,ELITE_SCORE,MATURE,11693,2.4.0,OK,,100.0,ATTACK,OK,OK,OK,OK,OK,OK,OK,0,7,True,True,True,"analyze_returned_none(ohlcv_len=373,mcap=708,in_top=True)",0,GREEN,,,0.0,AVOID,0,진입괴리 29.4% · 전일 -5.6%,0,0,0,0,,0.0,T=17<70,100.0,GREEN,,,0,False,0,HOLDING_MANAGE,TOP_PICK=0,,15.0,HOLDING_MANAGE,HOLDING_MANAGE,NORMAL,0,0,0,0,0,0,0,0,0,CLEAR,,,0,0,0,0,0.0,ENTRY_CLEAN_OBSERVE,1.0,BUY,,0.0,0.0,0.0,0.0,0.0,DISABLED_LOSS_DEFENSE,2845.0,-36.7311072056239,DEAD,1.0,보유 15일차 · 손익 -36.7% · 강한 청산 검토,True,False,False,True,True,True,True,True,0.0,0.0,45.0,0.0,0.0,0.0,0.0,0.0,45.0,0.5,False,False,False,2,False,0.0,0.0,G2RR×0.5 · G3보유경과-45,,0,0,0,,0.0,0,,False,0.0,0.0,False,,False,True,,0,88.0,77.0,0,0,CAUTION,중립/관찰,C,WATCH,0,0.2,관찰,시장폭 82.2 · 5일 -0.6%,23.17,6,293,0,15.22,305,,-4.0,2448.0,"진입 후 D+1 종가 2,448원(-4%) 이탈 시 익일 조기청산 권고",46.2,"최근 20거래일 유니버스 실측 2일 상승률 46.2% (n=6,245) · 종목별 유의차 미검증",NO_EDGE_VALIDATED,HIGH_AVOID,2372.0,2805.0,"⛔ 고위험 루트(진입보류 권고) · 손절 2,372(-7%)·본전전환 2,678(+5%)·1차익절 2,805(+10%) · ⚡ D+2내 2,601(+2%) 도달 시 절반 익절+잔여 본전 상향 (실측: 초반 급등 후 되돌림 -0.9%)",0,30.0,0,0,알파 46점 (진입선 85점 미달) · 데이터 신선도 실패,alpha_gate_v32,CASH,0.0,1.41,True,0,NEUTRAL,"중립 레짐 — KOSPI 20일선 아래, 시장폭 82% (실측: 본전 구간 → 진입 허용하되 사이즈 50%)",0.5,1,46.4,2678.0,0.2713,1,이 점수 구간의 과거 실측 승률 29% (표본 11693건) · 거래량 밀집가 대비 -3.9% — 가치영역 근접 (실측 표본 적음) · 손익비 1465.0 (손절 +26.7% / 1차목표 +81.4%),중립 레짐 — 사이즈 50% 권장 · 추천가 대비 29.4% 이탈 — 추격 주의 · 가격 데이터 stale — 표시가와 실제가 다를 수 있음,29.1,False,CARRY,1,85.0,1,0,2601.0,1.9261109623344368,-1.4571255424744134,-0.7857841014422107,0.8856366018608064,1,1.0,,0,52.3,pctl>0.30,0,,0,1.0
104,357230,에이치피오,KOSDAQ,,2175,50.0,1011.7,0.0,0.0,CARRY,CARRY,7,False,0,False,0.0,28.9,26.4,0.6,71.1,,0.0,32.7,70.5,11.9,1120.0,11.2,RR1120.0,0,2450.0,2295.0,3295.0,3565.0,,-3.03,0.28,2831,-14.45,DATA_UNAVAILABLE,5,-6.32,37.5,-11.65,AI 강점,,저점 이탈,캐리 재계산 실패: legacy snapshot,NORMAL,82.2,기타 식품 제조업,5000000000.0,70.8,16.89,1,0,-4.67,-16.67,-13.73,-3.35,4.93,3.59,10.6,-2.39,-10.25,0.92,0.151,0,12.0,0,0,2.1,0.09,0,0,0,0,-1,2964.5,-13.48,-0.4502,True,X,▲,2727,▼,X,X,0.0,250,0,1,1,1,3905.0,enter,100.0,SWING+PM_BLOCK_INTRADAY+EF:정상,6.33,6.0,5.5,normal,7.0,v1_sl_first_gap_at_open,SWING+PM_BLOCK_INTRADAY+EF:정상,SWING_20D,80,FIBO_1.272,40,FIBO_1.618,25,,,,,,,,0.0790087463556851,-0.0804781029812712,0.0909090909090909,OK,71.1,OK,5.0,5.0,,4,1,0.55,0.25,0.2,STRUCT+TIMING+AI,,,,50,20260805,,,,,,,,CARRY_LEGACY,0.291,,False,0.3,True,,,ALPHA_WIN_PROB,5.452,,1.81,0.0,상태 CARRY — 신규진입 상태 아님(사이징 제외),0.3559,0.0,0.0,v40_alpha_tilt,,20260512.0,0.0,False,0.0,False,51.5,,ELITE_SCORE,MATURE,11693,2.4.0,OK,,100.0,ATTACK,OK,OK,OK,OK,OK,OK,OK,0,7,True,True,True,"analyze_returned_none(ohlcv_len=373,mcap=898,in_top=True)",0,GREEN,,,0.0,AVOID,0,진입괴리 11.2%,0,0,0,0,,0.0,T=1<70,100.0,GREEN,,,0,False,0,HOLDING_MANAGE,TOP_PICK=0,,15.0,HOLDING_MANAGE,HOLDING_MANAGE,NORMAL,0,0,0,0,0,0,0,0,0,CLEAR,,,0,0,0,0,0.0,,,,,,,,,,DISABLED_LOSS_DEFENSE,2710.0,-19.74169741697417,FRESH,0.0,,True,False,True,True,False,True,True,True,0.0,0.0,0.0,0.0,20.0,0.0,0.0,0.0,20.0,0.5,False,True,False,5,False,0.0,0.0,G2RR×0.5 · G5추세붕괴5축,,0,0,0,,0.0,0,,False,0.0,0.0,False,,False,True,,0,88.0,70.0,0,0,CAUTION,중립/관찰,C,WATCH,0,0.2,관찰,섹터 약세+RSI 약함 · 시장폭 82.2 · 5일 -16.7%,14.89,6,317,0,11.08,318,,-4.0,2352.0,"진입 후 D+1 종가 2,352원(-4%) 이탈 시 익일 조기청산 권고",46.2,"최근 20거래일 유니버스 실측 2일 상승률 46.2% (n=6,245) · 종목별 유의차 미검증",NO_EDGE_VALIDATED,HIGH_AVOID,2278.0,2695.0,"⛔ 고위험 루트(진입보류 권고) · 손절 2,278(-7%)·본전전환 2,572(+5%)·1차익절 2,695(+10%) · ⚡ D+2내 2,499(+2%) 도달 시 절반 익절+잔여 본전 상향 (실측: 초반 급등 후 되돌림 -0.9%)",0,30.0,0,0,알파 59점 (진입선 85점 미달) · 데이터 신선도 실패,alpha_gate_v32,CASH,0.0,2.35,True,0,NEUTRAL,"중립 레짐 — KOSPI 20일선 아래, 시장폭 82% (실측: 본전 구간 → 진입 허용하되 사이즈 50%)",0.5,1,58.8,2572.0,0.2958,1,이 점수 구간의 과거 실측 승률 29% (표본 11693건) · 거래량 밀집가 대비 -14.4% — 가치영역 근접 (실측 표본 적음) · 손익비 1120.0 (손절 +5.5% / 1차목표 +51.5%) · 변동성 응축 5일째 (스퀴즈 — 방향 분출 대기),중립 레짐 — 사이즈 50% 권장 · 추천가 대비 11.2% 이탈 — 추격 주의 · 가격 데이터 stale — 표시가와 실제가 다를 수 있음,29.1,False,CARRY,1,85.0,1,0,2499.0,1.9261109623344368,-1.4571255424744134,-0.7857841014422107,0.8856366018608064,1,1.0,,0,54.6,pctl>0.30,0,,0,1.0
105,424960,스마트레이더시스템,KOSDAQ,,3775,50.0,1083.1,0.0,0.0,CARRY,CARRY,7,False,0,False,0.0,3.6,0.0,0.0,17.9,,0.0,6.0,17.9,77.6,4645.0,42.5,RR4645.0,0,6570.0,5630.0,8420.0,8660.0,,0.22,0.31,7071,-24.06,DATA_UNAVAILABLE,1,-12.44,43.1,-3.5,,,저점 이탈,캐리 재계산 실패: legacy snapshot,NORMAL,82.2,"측정, 시험, 항해, 제어 및 기타 정밀기기 제조업; 광학기기 제외",5000000000.0,77.3,22.3,0,0,1.23,2.18,-9.63,-7.33,-10.73,-10.0,-7.18,-11.35,-46.97,0.942,0.258,0,12.0,0,0,1.45,0.26,0,0,0,0,-1,7466.0,-7.1,0.0905,False,X,▼,6258,▼,O,X,0.62,250,0,-1,-1,1,9080.0,enter,100.0,NORMAL+PM_BLOCK_INTRADAY+EF:정상,14.31,6.0,2.0,normal,7.0,v1_sl_first_gap_at_open,NORMAL+PM_BLOCK_INTRADAY+EF:정상,SWING_20D,80,VP_RESISTANCE,65,SWING_120D,45,,,,,,,,0.0854533594259621,0.0391226082087862,0.6666666666666666,OK,17.9,OK,15.0,15.0,,4,1,0.55,0.25,0.2,STRUCT+TIMING+AI,,,,50,20260805,,,,,,,,CARRY_LEGACY,0.291,,False,0.3,True,,,ALPHA_WIN_PROB,1.968,,1.81,0.0,상태 CARRY — 신규진입 상태 아님(사이징 제외),0.3559,0.0,0.0,v40_alpha_tilt,,20260511.0,18.0,True,35.0,False,123.0,,ELITE_SCORE,MATURE,11693,2.4.0,OK,,100.0,ATTACK,OK,OK,OK,OK,OK,OK,OK,0,7,True,True,True,"analyze_returned_none(ohlcv_len=373,mcap=622,in_top=True)",0,GREEN,,,0.0,AVOID,0,진입괴리 42.5%,0,0,0,0,,0.0,T=0<70,100.0,GREEN,,,0,False,0,HOLDING_MANAGE,TOP_PICK=0,,15.0,HOLDING_MANAGE,HOLDING_MANAGE,NORMAL,0,0,0,0,0,0,0,0,0,CLEAR,,,0,0,0,0,0.0,ENTRY_CLEAN_OBSERVE,1.0,BUY,,0.0,0.0,0.0,0.0,0.0,DISABLED_LOSS_DEFENSE,7270.0,-48.07427785419532,DEAD,1.0,보유 18일차 · 손익 -48.1% · 강한 청산 검토,True,False,False,True,False,True,False,True,0.0,0.0,45.0,0.0,20.0,0.0,15.0,0.0,80.0,0.3,False,True,False,4,False,0.0,0.0,G2RR×0.3 · G3보유경과-45 · G5추세붕괴4축 · G7윗꼬리약세-15,,0,0,0,,0.0,0,,False,0.0,0.0,False,,False,True,,0,88.0,69.0,0,0,CAUTION,중립/관찰,C,WATCH,0,0.2,관찰,시장폭 82.2 · 5일 2.2%,18.94,6,307,0,13.11,311,,-4.0,6307.0,"진입 후 D+1 종가 6,307원(-4%) 이탈 시 익일 조기청산 권고",46.2,"최근 20거래일 유니버스 실측 2일 상승률 46.2% (n=6,245) · 종목별 유의차 미검증",NO_EDGE_VALIDATED,HIGH_AVOID,6110.0,7227.0,"⛔ 고위험 루트(진입보류 권고) · 손절 6,110(-7%)·본전전환 6,898(+5%)·1차익절 7,227(+10%) · ⚡ D+2내 6,701(+2%) 도달 시 절반 익절+잔여 본전 상향 (실측: 초반 급등 후 되돌림 -0.9%)",0,30.0,0,0,알파 46점 (진입선 85점 미달) · 데이터 신선도 실패,alpha_gate_v32,CASH,0.0,5.59,True,0,NEUTRAL,"중립 레짐 — KOSPI 20일선 아래, 시장폭 82% (실측: 본전 구간 → 진입 허용하되 사이즈 50%)",0.5,1,45.5,6898.0,0.2713,1,이 점수 구간의 과거 실측 승률 29% (표본 11693건) · 거래량 밀집가 대비 -24.1% — 가치영역 근접 (실측 표본 적음) · 손익비 4645.0 (손절 +49.1% / 1차목표 +123.0%),중립 레짐 — 사이즈 50% 권장 · 추천가 대비 42.5% 이탈 — 추격 주의 · 가격 데이터 stale — 표시가와 실제가 다를 수 있음,29.1,False,CARRY,1,85.0,1,0,6701.0,1.9261109623344368,-1.4571255424744134,-0.7857841014422107,0.8856366018608064,1,1.0,,0,39.2,pctl>0.30,0,,0,1.0
106,038680,에스넷,KOSDAQ,IT/전기전자,3865,175.49,1003.6,0.0,0.0,CARRY,CARRY,7,False,0,False,0.0,72.8,100.0,68.8,26.6,,0.0,65.1,73.4,8.2,2415.0,22.2,RR2415.0,0,4965.0,4215.0,6280.0,6590.0,,1.4,1.2,4740,34.12,DATA_UNAVAILABLE,0,20.64,53.9,6.11,STRUCT 강점,TIMING 보조,,캐리 재계산 실패: legacy snapshot,NORMAL,82.2,"컴퓨터 프로그래밍, 시스템 통합 및 관리업",17549036937.0,81.1,37.89,0,0,4.67,10.89,0.4,36.77,51.58,38.27,30.2,31.68,2.44,0.065,0.065,1,12.0,0,0,3.06,0.51,0,0,0,1,1,4116.5,6.32,0.1676,False,O,▲,4610,▲,O,X,1.04,250,0,1,1,1,7220.0,enter,100.0,NORMAL+PM_BLOCK_INTRADAY+EF:정상,15.11,6.0,1.8,normal,7.0,v1_sl_first_gap_at_open,NORMAL+PM_BLOCK_INTRADAY+EF:정상,SWING_20D,80,ATR_3.5x,45,FIBO_1.272,40,0.0,"컴퓨터 프로그래밍, 시스템 통합 및 관리업",7.0463265306122445,31.196632653061226,4.0,,,,,,,26.6,OK,49.0,49.0,,8,1,0.4,0.4,0.2,STRUCT+TIMING+AI+SECTOR,default,default,default,60,20260805,20260507.0,,72.8,72.8,72.8,19.9,19.9,CARRY_LEGACY,0.291,,False,0.3,True,MATURE,5320.0,ALPHA_WIN_PROB,1.753,,1.753,0.0,상태 CARRY — 신규진입 상태 아님(사이징 제외),0.3632,0.0,0.0,v40_alpha_tilt,,20260507.0,22.0,True,35.0,False,62.5,,ELITE_SCORE,MATURE,11693,2.4.0,OK,,100.0,ATTACK,OK,OK,OK,OK,OK,OK,OK,0,7,True,True,True,"analyze_returned_none(ohlcv_len=373,mcap=770,in_top=True)",0,GREEN,,,0.0,AVOID,0,진입괴리 22.2%,0,0,0,0,,0.0,T=69<70 · S=100≥50,100.0,GREEN,,,0,False,0,HOLDING_MANAGE,TOP_PICK=0,,23.0,HOLDING_MANAGE,HOLDING_MANAGE,NORMAL,0,0,0,0,0,0,0,0,0,CLEAR,,,0,0,0,0,0.0,HOLDING_MANAGE,1.0,BUY,,0.0,0.0,0.0,0.0,0.0,DISABLED_LOSS_DEFENSE,5040.0,-23.313492063492063,DEAD,1.0,보유 22일차 · 손익 -23.3% · 청산 검토,True,True,False,True,True,True,True,True,0.0,0.0,45.0,0.0,0.0,0.0,0.0,0.0,45.0,1.0,False,False,False,0,False,0.0,0.0,G3보유경과-45,,0,0,0,,0.0,0,,False,0.0,0.0,False,,False,True,,0,86.0,68.0,0,0,CAUTION,5일 상승 10.9% > 5%,C,WATCH,0,0.2,관찰,시장폭 82.2 · 5일 10.9%,62.82,6,80,0,35.05,240,모멘텀확인중(PMS63),-4.0,4766.0,"진입 후 D+1 종가 4,766원(-4%) 이탈 시 익일 조기청산 권고",46.2,"최근 20거래일 유니버스 실측 2일 상승률 46.2% (n=6,245) · 종목별 유의차 미검증",NO_EDGE_VALIDATED,HIGH_AVOID,4617.0,5462.0,"⛔ 고위험 루트(진입보류 권고) · 손절 4,617(-7%)·본전전환 5,213(+5%)·1차익절 5,462(+10%) · ⚡ D+2내 5,064(+2%) 도달 시 절반 익절+잔여 본전 상향 (실측: 초반 급등 후 되돌림 -0.9%)",0,30.0,0,0,알파 17점 (진입선 85점 미달) · 데이터 신선도 실패 · POC 확장 34% (추격 위험),alpha_gate_v32,CASH,0.0,4.74,True,1,NEUTRAL,"중립 레짐 — KOSPI 20일선 아래, 시장폭 82% (실측: 본전 구간 → 진입 허용하되 사이즈 50%)",0.5,1,17.3,5213.0,0.2489,1,이 점수 구간의 과거 실측 승률 29% (표본 11693건) · 손익비 2415.0 (손절 +9.1% / 1차목표 +62.5%) · 저점 상승 추세 21% (바닥이 높아지는 중),중립 레짐 — 사이즈 50% 권장 · 거래량 밀집가 대비 +34.1% 확장 (실측 승률 12~23% — 추격 위험) · 추천가 대비 22.2% 이탈 — 추격 주의 · 가격 데이터 stale — 표시가와 실제가 다를 수 있음 · AI 알파모델 예측 하위 17% — 이 구간 실측 승률 25% — 픽 제외 구간,29.1,False,CARRY,1,85.0,1,0,5064.0,1.9261109623344368,-1.4571255424744134,-0.7857841014422107,0.8856366018608064,1,1.0,,0,96.6,pctl>0.30,0,,0,1.0
107,007820,엠엑스로보틱스,KOSDAQ,,3250,50.0,1015.7,0.0,0.0,CARRY,CARRY,7,False,0,False,0.0,9.8,4.9,1.0,34.2,,0.0,13.4,33.2,58.5,3220.0,35.9,RR3220.0,0,5070.0,4305.0,6470.0,6820.0,,-0.97,0.6,5404,-14.59,DATA_UNAVAILABLE,1,-10.39,46.6,-2.9,,,저점 이탈,캐리 재계산 실패: legacy snapshot,NORMAL,82.2,일반 목적용 기계 제조업,5000000000.0,77.5,23.43,0,0,0.8,0.4,-10.42,-2.31,-12.13,37.21,-2.16,-12.75,0.24,0.748,0.219,0,12.0,0,0,0.76,0.32,0,0,0,0,-1,6288.0,-6.18,0.012,False,X,▲,4910,▼,O,X,2.19,250,0,1,1,1,7580.0,enter,100.0,NORMAL+PM_BLOCK_INTRADAY+EF:정상,15.09,6.0,1.8,normal,7.0,v1_sl_first_gap_at_open,NORMAL+PM_BLOCK_INTRADAY+EF:정상,SWING_20D,80,ATR_3.5x,45,SWING_120D,45,,,,,,,,0.0981262327416173,0.0338675893226753,0.7083333333333334,OK,34.2,OK,18.881131161919427,18.881131161919427,,4,1,0.55,0.25,0.2,STRUCT+TIMING+AI,,,,50,20260805,,,,,,,,CARRY_LEGACY,0.291,,False,0.3,True,,,ALPHA_WIN_PROB,1.83,,1.81,0.0,상태 CARRY — 신규진입 상태 아님(사이징 제외),0.3559,0.0,0.0,v40_alpha_tilt,,20260515.0,14.0,True,35.0,False,99.1,,ELITE_SCORE,MATURE,11693,2.4.0,OK,,100.0,ATTACK,OK,OK,OK,OK,OK,OK,OK,0,7,True,True,True,"analyze_returned_none(ohlcv_len=373,mcap=651,in_top=True)",0,GREEN,,,0.0,AVOID,0,진입괴리 35.9%,0,0,0,0,,0.0,T=1<70,100.0,GREEN,,,0,False,0,HOLDING_MANAGE,TOP_PICK=0,,15.0,HOLDING_MANAGE,HOLDING_MANAGE,NORMAL,0,0,0,0,0,0,0,0,0,CLEAR,,,0,0,0,0,0.0,ENTRY_CLEAN_OBSERVE,1.0,BUY,,0.0,0.0,0.0,0.0,0.0,DISABLED_LOSS_DEFENSE,5360.0,-39.365671641791046,DEAD,1.0,보유 14일차 · 손익 -39.4% · 강한 청산 검토,True,False,False,True,False,True,False,True,0.0,0.0,45.0,0.0,20.0,0.0,15.0,0.0,80.0,0.5,False,True,False,4,False,0.0,0.0,G2RR×0.5 · G3보유경과-45 · G5추세붕괴4축 · G7윗꼬리약세-15,,0,0,0,,0.0,0,,False,0.0,0.0,False,,False,True,,0,84.0,63.0,0,0,CAUTION,중립/관찰,C,WATCH,0,0.2,관찰,시장폭 82.2 · 5일 0.4%,24.41,6,289,0,15.84,301,,-4.0,4867.0,"진입 후 D+1 종가 4,867원(-4%) 이탈 시 익일 조기청산 권고",46.2,"최근 20거래일 유니버스 실측 2일 상승률 46.2% (n=6,245) · 종목별 유의차 미검증",NO_EDGE_VALIDATED,HIGH_AVOID,4715.0,5577.0,"⛔ 고위험 루트(진입보류 권고) · 손절 4,715(-7%)·본전전환 5,324(+5%)·1차익절 5,577(+10%) · ⚡ D+2내 5,171(+2%) 도달 시 절반 익절+잔여 본전 상향 (실측: 초반 급등 후 되돌림 -0.9%)",0,30.0,0,0,알파 45점 (진입선 85점 미달) · 데이터 신선도 실패,alpha_gate_v32,CASH,0.0,4.84,True,0,NEUTRAL,"중립 레짐 — KOSPI 20일선 아래, 시장폭 82% (실측: 본전 구간 → 진입 허용하되 사이즈 50%)",0.5,1,44.9,5324.0,0.2713,1,이 점수 구간의 과거 실측 승률 29% (표본 11693건) · 거래량 밀집가 대비 -14.6% — 가치영역 근접 (실측 표본 적음) · 손익비 3220.0 (손절 +32.5% / 1차목표 +99.1%),중립 레짐 — 사이즈 50% 권장 · 추천가 대비 35.9% 이탈 — 추격 주의 · 가격 데이터 stale — 표시가와 실제가 다를 수 있음,29.1,False,CARRY,1,85.0,1,0,5171.0,1.9261109623344368,-1.4571255424744134,-0.7857841014422107,0.8856366018608064,1,1.0,,0,44.6,pctl>0.30,0,,0,1.0
108,067290,JW신약,KOSDAQ,바이오·의약품,2005,225.04,1123.5,0.0,0.0,OVERHEAT,OVERHEAT,5,False,0,False,48.1,48.1,72.4,23.8,0.0,0.0,26.6,32.1,72.4,9.5,1.8,1.5,RR1.8 + 진입적정,0,1975.0,1816.0,2345.0,2550.0,,1.94,0.77,2221,-2.78,특이사항 없음,0,12.12,55.2,11.78,STRUCT 강점,,5일 급등,"과열(급등·MFI·RSI) — 실측 역신호, 관망",NORMAL,82.2,의약품 제조업,22503587411.0,67.6,53.74,0,0,3.4,27.95,-4.52,38.85,10.16,-1.23,42.66,43.95,26.63,0.6,0.297,0,12.0,1,0,2.2,0.67,0,0,0,1,1,1312.1,-9.73,0.3498,False,O,▼,1854,▲,O,X,0.05,250,0,-1,-1,1,3465.0,enter,100.0,NORMAL+PM_BLOCK_INTRADAY+EF:정상,8.05,6.0,2.3,normal,7.0,v1_sl_first_gap_at_open,NORMAL+PM_BLOCK_INTRADAY+EF:정상,SWING_20D,46,ATR_2x,23,SWING_60D,2,0.0,의약품 제조업,18.360833333333336,7.888333333333333,12.0,38.2,0.0,0.1428215176344852,0.11648357860350496,0.5142857142857142,OK,0.0,UNVALIDATED_MODEL,34.900645062955945,34.900645062955945,0.0,8,1,0.5,0.5,0.0,STRUCT+TIMING+SECTOR,default,default,default,70,20260805,20260805,,48.1,48.1,48.1,-12.0,-33.79,FRESH,0.284,,False,0.305,True,MATURE,11693.0,ALPHA_WIN_PROB,2.327,,1.81,0.0,상태 OVERHEAT — 신규진입 상태 아님(사이징 제외),0.3559,0.0,0.0,v40_alpha_tilt,,,,,,True,17.0,,ELITE_SCORE,MATURE,11693,2.4.0,OK,,100.0,ATTACK,OK,OK,OK,OK,OK,OK,OK,0,7,True,True,True,,0,GREEN,,,0.0,AVOID,0,5일 +28%,0,1,0,0,,0.0,T=24<70 · S=72≥50,100.0,GREEN,,,0,False,0,BELOW_OFFICIAL_BAR,TOP_PICK=0,,15.0,IGNORE,IGNORE,NORMAL,0,0,0,0,0,0,0,0,0,CLEAR,,,0,0,0,0,0.0,,,,,,,,,,DISABLED_LOSS_DEFENSE,,,,,,True,False,True,True,True,True,True,True,0.0,0.0,0.0,0.0,0.0,0.0,0.0,0.0,0.0,0.5,False,False,False,1,False,13.3,0.5,G2RR×0.5,,0,0,0,,13.3,0,과열이나 GUARD 미통과 — 레인 제외,False,0.0,0.0,False,,False,True,,0,70.0,43.0,0,1,BLOCK,5일 과열 27.9%,BLOCK,GUARD_BLOCK,1,0.0,신규진입 차단,기존 guard/JULY 차단 · 시장폭 82.2 · 5일 27.9%,54.64,6,137,0,68.81,66,,-4.0,1896.0,"진입 후 D+1 종가 1,896원(-4%) 이탈 시 익일 조기청산 권고",46.2,"최근 20거래일 유니버스 실측 2일 상승률 46.2% (n=6,245) · 종목별 유의차 미검증",NO_EDGE_VALIDATED,CAUTION,1837.0,2172.0,"⚠️ 과열/추격 주의 · 손절 1,837(-7%)·본전전환 2,074(+5%)·1차익절 2,172(+10%) · ⚡ D+2내 2,014(+2%) 도달 시 절반 익절+잔여 본전 상향 (실측: 초반 급등 후 되돌림 -0.9%)",0,27.8,0,0,알파 54점 (진입선 85점 미달) · 손실방어 차단,alpha_gate_v32,CASH,0.0,,,0,NEUTRAL,"중립 레짐 — KOSPI 20일선 아래, 시장폭 82% (실측: 본전 구간 → 진입 허용하되 사이즈 50%)",0.5,1,54.2,2074.0,0.2958,1,이 점수 구간의 과거 실측 승률 28% (표본 11693건) · 거래량 밀집가 대비 -2.8% — 가치영역 근접 (실측 표본 적음) · 손익비 1.8 (손절 -9.4% / 1차목표 +17.0%) · 저점 상승 추세 12% (바닥이 높아지는 중),중립 레짐 — 사이즈 50% 권장,28.4,True,OVERHEAT,1,85.0,1,0,2014.0,,,,,1,1.0,,0,93.2,pctl>0.30,0,,0,1.0
109,000100,유한양행,KOSPI,바이오·의약품,75100,180.33,59815.3,0.0,0.0,WAIT,ATTACK,3,True,1,False,63.5,63.5,70.6,56.4,0.0,0.0,38.3,42.3,70.6,11.8,1.07,0.0,RR1.1 + 진입적정,1,75100.0,69000.0,81600.0,90500.0,🚀급등시동,1.73,0.86,76435,8.14,특이사항 없음,0,3.47,64.7,5.82,STRUCT 강점,,,알파 상위 + MA20위·저점상승 확인 — 진입 우선,NORMAL,82.2,의약품 제조업,18032989500.0,79.6,14.63,0,0,0.4,6.83,6.98,6.83,-13.28,-30.07,20.65,-1.28,-57.85,0.757,0.126,1,8.6,1,1,1.13,0.82,0,0,0,1,-1,76145.0,-1.75,0.0143,False,X,▼,74316,▲,O,X,0.4,250,0,-1,-1,1,114500.0,enter,100.0,NORMAL+PM_BLOCK_INTRADAY+EF:정상,8.12,4.0,1.1,normal,7.0,v1_sl_first_gap_at_open,NORMAL+PM_BLOCK_INTRADAY+EF:정상,ATR_2x,23,SWING_60D,5,SWING_120D,2,0.0,의약품 제조업,18.360833333333336,7.888333333333333,12.0,14.3,0.0,0.042800076089024156,0.1175187348464451,0.8947368421052632,OK,0.0,UNVALIDATED_MODEL,50.73594791658029,50.73594791658029,0.0,10,1,0.5,0.5,0.0,STRUCT+TIMING+SECTOR,default,default,default,70,20260805,20260805,,63.5,63.5,63.5,-12.0,-33.79,FRESH,0.231,,False,0.428,True,MATURE,11693.0,ALPHA_WIN_PROB,1.066,,1.066,0.0,실측 승률 39% < 필요 승률 48% (손익비 1.07) — 켈리 기준 미달,0.4841,0.0,0.0,v40_alpha_tilt,,,,,,True,8.7,ALPHA,ELITE_SCORE,MATURE,11693,2.4.0,OK,,100.0,ATTACK,OK,OK,OK,OK,OK,OK,OK,0,7,True,True,True,,0,GREEN,,,0.0,AVOID,0,RR 1.07,0,0,0,0,,0.0,T=56<70 · S=71≥50,100.0,GREEN,,,0,False,0,BELOW_OFFICIAL_BAR,TOP_PICK=0,,10.0,IGNORE,IGNORE,NORMAL,0,0,0,0,0,0,0,0,0,CLEAR,,,0,0,0,0,0.0,,,,,,,,,,DISABLED_LOSS_DEFENSE,,,,,,True,True,True,True,True,True,True,True,0.0,0.0,0.0,0.0,0.0,0.0,0.0,0.0,0.0,1.0,False,False,False,1,True,38.3,1.0,,,0,0,0,,38.3,0,,False,0.0,0.0,False,,False,True,,0,80.0,83.0,0,0,CAUTION,5일 상승 6.8% > 5%,B,REALISTIC_RR,0,0.35,관찰 후보,현실형 RR · 시장폭 82.2 · 5일 6.8%,72.19,6,40,0,84.08,14,모멘텀확인중(PMS72),-4.0,72096.0,"진입 후 D+1 종가 72,096원(-4%) 이탈 시 익일 조기청산 권고",46.2,"최근 20거래일 유니버스 실측 2일 상승률 46.2% (n=6,245) · 종목별 유의차 미검증",NO_EDGE_VALIDATED,OK,69843.0,82610.0,"손절 69,843(-7%)·본전전환 78,855(+5%)·1차익절 82,610(+10%) · ⚡ D+2내 76,602(+2%) 도달 시 절반 익절+잔여 본전 상향 (실측: 초반 급등 후 되돌림 -0.9%)",0,27.4,0,0,즉시매수 기준 미달 · 손익비 1.07,alpha_gate_v32,CASH,0.0,,,0,NEUTRAL,"중립 레짐 — KOSPI 20일선 아래, 시장폭 82% (실측: 본전 구간 → 진입 허용하되 사이즈 50%)",0.5,1,98.8,78855.0,0.3888,1,이 점수 구간의 과거 실측 승률 23% (표본 11693건) · 거래량 밀집가 대비 +8.1% — 가치영역 근접 (실측 승률 40%) · 손익비 1.1 (손절 -8.1% / 1차목표 +8.7%) · AI 알파모델 예측 상위 1% (OOS 검증 통과 모델 — 이 구간 실측 승률 39%),중립 레짐 — 사이즈 50% 권장,23.1,True,WAIT,1,85.0,1,1,76602.0,,,,,1,1.0,,0,82.4,pctl>0.30,0,,0,1.0
110,090430,아모레퍼시픽,KOSPI,화학·소재,131300,499.09,76801.0,0.0,0.0,WAIT,ATTACK,3,True,1,False,60.8,60.8,60.8,60.7,0.0,0.0,11.6,40.5,60.8,24.0,0.42,0.0,진입적정,0,131300.0,120700.0,135700.0,145300.0,📦박스돌파,1.99,0.93,117817,0.25,특이사항 없음,4,2.04,60.2,6.64,저점추세 양호,,,알파 상위 + MA20위·저점상승 확인 — 진입 우선,NORMAL,82.2,기타 화학제품 제조업,49908550500.0,69.8,17.78,0,0,-0.45,7.71,12.32,3.79,1.47,-6.01,17.61,13.47,-33.79,0.322,0.164,1,10.6,0,1,1.45,0.81,11423,-3283,8140,1,1,110960.0,11.44,0.0441,False,O,▼,129962,▲,O,X,-0.53,250,0,-1,-1,1,155700.0,enter,100.0,NORMAL+PM_BLOCK_INTRADAY+EF:정상,8.07,4.0,0.4,normal,7.0,v1_sl_first_gap_at_open,NORMAL+PM_BLOCK_INTRADAY+EF:정상,SWING_20D,46,ATR_2x,23,ATR_3.5x,12,0.0,기타 화학제품 제조업,18.9472,9.67,10.0,16.7,0.0,0.0530954194320531,2.0,0.8,OK,0.0,UNVALIDATED_MODEL,50.167707821419036,50.167707821419036,0.0,10,1,0.5,0.5,0.0,STRUCT+TIMING+SECTOR,breakout,54.7,5.0,70,20260805,20260805,,60.8,60.8,60.8,-12.0,-33.79,FRESH,0.291,,False,0.406,True,MATURE,11693.0,ALPHA_WIN_PROB,0.415,,0.415,0.0,실측 승률 39% < 필요 승률 71% (손익비 0.42) — 켈리 기준 미달,0.7067,0.0,0.0,v40_alpha_tilt,,,,,,True,3.4,,ELITE_SCORE,MATURE,11693,2.4.0,OK,,100.0,ATTACK,OK,OK,OK,OK,OK,OK,OK,0,7,True,True,True,,0,GREEN,,,0.0,AVOID,0,RR 0.42,0,0,0,0,,0.0,T=61<70 · S=61≥50,100.0,GREEN,,,0,False,0,BELOW_OFFICIAL_BAR,TOP_PICK=0,,5.0,IGNORE,IGNORE,NORMAL,0,0,0,0,0,0,0,0,0,CLEAR,,,0,0,0,0,0.0,,,,,,,,,,DISABLED_LOSS_DEFENSE,,,,,,True,True,True,True,True,True,True,True,0.0,0.0,0.0,0.0,0.0,0.0,0.0,0.0,0.0,1.0,False,False,False,0,True,11.6,1.0,,,0,0,0,,11.6,0,,False,0.0,0.0,False,,False,True,,0,88.0,80.0,0,0,CAUTION,5일 상승 7.7% > 5%,C,WATCH,0,0.2,관찰,시장폭 82.2 · 5일 7.7%,80.13,6,19,0,64.14,93,모멘텀확인강(PMS80),-4.0,126048.0,"진입 후 D+1 종가 126,048원(-4%) 이탈 시 익일 조기청산 권고",46.2,"최근 20거래일 유니버스 실측 2일 상승률 46.2% (n=6,245) · 종목별 유의차 미검증",NO_EDGE_VALIDATED,OK,122109.0,144430.0,"손절 122,109(-7%)·본전전환 137,865(+5%)·1차익절 144,430(+10%) · ⚡ D+2내 133,926(+2%) 도달 시 절반 익절+잔여 본전 상향 (실측: 초반 급등 후 되돌림 -0.9%)",0,27.1,0,0,진입 조건 미달 · 손익비 0.42,alpha_gate_v32,CASH,0.0,,,0,NEUTRAL,"중립 레짐 — KOSPI 20일선 아래, 시장폭 82% (실측: 본전 구간 → 진입 허용하되 사이즈 50%)",0.5,1,90.1,137865.0,0.3888,1,이 점수 구간의 과거 실측 승률 29% (표본 11693건) · 거래량 밀집가 대비 +0.2% — 가치영역 근접 (실측 승률 40%) · 변동성 응축 4일째 (스퀴즈 — 방향 분출 대기) · AI 알파모델 예측 상위 10% (OOS 검증 통과 모델 — 이 구간 실측 승률 39%),중립 레짐 — 사이즈 50% 권장 · 손익비 0.42 <1 — 이길 수 없는 구조,29.1,False,WAIT,1,85.0,1,0,133926.0,,,,,1,1.0,,0,78.9,pctl>0.30,0,,0,1.0
111,207940,삼성바이오로직스,KOSPI,바이오·의약품,1491000,778.68,690198.1,0.0,0.0,WAIT,ATTACK,3,True,1,False,59.4,59.4,72.0,46.9,0.0,0.0,10.5,39.6,72.0,10.0,0.7,0.0,진입적정,0,1491000.0,1371000.0,1575000.0,1654000.0,,0.32,0.75,1402065,7.77,특이사항 없음,0,4.29,58.9,4.21,STRUCT 강점,,,알파 상위 + MA20위·저점상승 확인 — 진입 우선,NORMAL,82.2,기초 의약물질 제조업,77867523000.0,68.7,19.78,0,0,1.02,0.81,8.67,4.85,1.29,-12.29,18.67,13.29,-40.07,0.464,0.375,1,10.9,1,0,1.37,0.69,23856,0,23856,1,1,1318500.0,6.34,-0.2281,False,O,▼,1517461,▼,X,X,-0.2,250,0,-1,-1,1,1775000.0,enter,100.0,NORMAL+PM_BLOCK_INTRADAY+EF:정상,8.05,4.0,0.7,normal,7.0,v1_sl_first_gap_at_open,NORMAL+PM_BLOCK_INTRADAY+EF:정상,SWING_20D,46,ATR_2x,23,ATR_3.5x,12,0.0,기초 의약물질 제조업,18.360833333333336,7.888333333333333,12.0,40.4,0.0,0.05442176870748299,0.3917268490268637,0.6086956521739131,OK,0.0,UNVALIDATED_MODEL,37.69315761021896,37.69315761021896,0.0,6,1,0.5,0.5,0.0,STRUCT+TIMING+SECTOR,default,default,default,70,20260805,20260805,,59.4,59.4,59.4,-12.0,-33.79,FRESH,0.291,,False,0.395,True,MATURE,11693.0,ALPHA_WIN_PROB,0.7,,0.7,0.0,실측 승률 39% < 필요 승률 59% (손익비 0.70) — 켈리 기준 미달,0.5882,0.0,0.0,v40_alpha_tilt,,,,,,True,5.6,,ELITE_SCORE,MATURE,11693,2.4.0,OK,,100.0,ATTACK,OK,OK,OK,OK,OK,OK,OK,0,7,True,True,True,,0,GREEN,,,0.0,AVOID,0,RR 0.70,0,0,0,0,,0.0,T=47<70 · S=72≥50,100.0,GREEN,,,0,False,0,BELOW_OFFICIAL_BAR,TOP_PICK=0,,5.0,IGNORE,IGNORE,NORMAL,0,0,0,0,0,0,0,0,0,CLEAR,,,0,0,0,0,0.0,,,,,,,,,,DISABLED_LOSS_DEFENSE,,,,,,True,False,True,True,True,True,True,True,0.0,0.0,0.0,0.0,0.0,0.0,0.0,0.0,0.0,0.5,False,False,False,2,False,5.2,0.5,G2RR×0.5,,0,0,0,,5.2,0,,False,0.0,0.0,False,,False,True,,0,100.0,96.0,0,0,CAUTION,중립/관찰,B,REALISTIC_RR,0,0.35,관찰 후보,현실형 RR · 시장폭 82.2 · 5일 0.8%,72.01,6,41,0,58.14,130,모멘텀확인중(PMS72),-4.0,1431360.0,"진입 후 D+1 종가 1,431,360원(-4%) 이탈 시 익일 조기청산 권고",46.2,"최근 20거래일 유니버스 실측 2일 상승률 46.2% (n=6,245) · 종목별 유의차 미검증",NO_EDGE_VALIDATED,OK,1386630.0,1640100.0,"손절 1,386,630(-7%)·본전전환 1,565,550(+5%)·1차익절 1,640,100(+10%) · ⚡ D+2내 1,520,820(+2%) 도달 시 절반 익절+잔여 본전 상향 (실측: 초반 급등 후 되돌림 -0.9%)",0,26.9,0,0,진입 조건 미달 · 손익비 0.70,alpha_gate_v32,CASH,0.0,,,0,NEUTRAL,"중립 레짐 — KOSPI 20일선 아래, 시장폭 82% (실측: 본전 구간 → 진입 허용하되 사이즈 50%)",0.5,1,90.4,1565550.0,0.3888,1,이 점수 구간의 과거 실측 승률 29% (표본 11693건) · 거래량 밀집가 대비 +7.8% — 가치영역 근접 (실측 승률 40%) · AI 알파모델 예측 상위 10% (OOS 검증 통과 모델 — 이 구간 실측 승률 39%),중립 레짐 — 사이즈 50% 권장 · 손익비 0.70 <1 — 이길 수 없는 구조,29.1,False,WAIT,1,85.0,1,0,1520820.0,,,,,1,1.0,,0,84.8,pctl>0.30,0,,0,1.0
112,322000,HD현대에너지솔루션,KOSPI,2차전지,135900,572.17,15220.8,0.0,0.0,OVERHEAT,OVERHEAT,5,False,0,False,31.4,31.4,39.4,23.5,0.0,0.0,20.2,21.0,39.4,50.8,5.98,1.5,RR6.0 + 진입적정,0,133900.0,123100.0,212500.0,256000.0,,1.23,0.82,168611,1.89,특이사항 없음,0,-7.77,53.9,11.05,,,5일 급등,"과열(급등·MFI·RSI) — 실측 역신호, 관망",NORMAL,82.2,반도체 제조업,57216992150.0,81.0,61.82,0,0,5.35,36.58,2.8,18.07,-31.09,65.93,31.89,-19.09,38.15,0.421,0.087,1,12.0,1,0,0.82,0.35,0,0,0,1,-1,181120.0,-19.4,0.4701,False,X,▲,119153,▼,O,X,1.55,250,0,1,1,1,,enter,100.0,NORMAL+PM_BLOCK_INTRADAY+EF:정상,8.07,5.0,7.3,normal,7.0,v1_sl_first_gap_at_open,NORMAL+PM_BLOCK_INTRADAY+EF:정상,SWING_20D,12,SWING_60D,2,,0,0.0,반도체 제조업,25.9875,11.055,5.0,70.9,0.0,0.17192263218753284,-0.015198008011332973,0.4578313253012048,OK,0.0,UNVALIDATED_MODEL,17.57402339932287,17.57402339932287,0.0,4,1,0.5,0.5,0.0,STRUCT+TIMING+SECTOR,default,default,default,70,20260805,20260805,,31.4,31.4,31.4,-12.0,-33.79,FRESH,0.291,,False,0.3,True,MATURE,11693.0,ALPHA_WIN_PROB,7.278,,1.81,0.0,상태 OVERHEAT — 신규진입 상태 아님(사이징 제외),0.3559,0.0,0.0,v40_alpha_tilt,,,,,,True,56.4,,ELITE_SCORE,MATURE,11693,2.4.0,OK,,100.0,ATTACK,OK,OK,OK,OK,OK,OK,OK,0,7,True,True,True,,0,GREEN,,,0.0,AVOID,0,5일 +37%,0,1,0,0,,0.0,T=24<70,100.0,GREEN,,,0,False,0,BELOW_OFFICIAL_BAR,TOP_PICK=0,,15.0,IGNORE,IGNORE,NORMAL,0,0,0,0,0,0,0,0,0,CLEAR,,,0,0,0,0,0.0,,,,,,,,,,DISABLED_LOSS_DEFENSE,,,,,,True,False,True,True,True,True,True,True,0.0,0.0,0.0,0.0,0.0,0.0,0.0,0.0,0.0,0.5,False,False,False,2,False,10.1,0.5,G2RR×0.5,,0,0,0,,10.1,0,과열이나 GUARD 미통과 — 레인 제외,False,0.0,0.0,False,,False,True,,0,58.0,28.0,0,1,BLOCK,5일 과열 36.6%,BLOCK,GUARD_BLOCK,1,0.0,신규진입 차단,기존 guard/JULY 차단 · 시장폭 82.2 · 5일 36.6%,49.77,6,172,0,60.1,118,,-4.0,128544.0,"진입 후 D+1 종가 128,544원(-4%) 이탈 시 익일 조기청산 권고",46.2,"최근 20거래일 유니버스 실측 2일 상승률 46.2% (n=6,245) · 종목별 유의차 미검증",NO_EDGE_VALIDATED,CAUTION,124527.0,147290.0,"⚠️ 과열/추격 주의 · 손절 124,527(-7%)·본전전환 140,595(+5%)·1차익절 147,290(+10%) · ⚡ D+2내 136,578(+2%) 도달 시 절반 익절+잔여 본전 상향 (실측: 초반 급등 후 되돌림 -0.9%)",0,26.1,0,0,알파 8점 (진입선 85점 미달) · 손실방어 차단,alpha_gate_v32,CASH,0.0,,,0,NEUTRAL,"중립 레짐 — KOSPI 20일선 아래, 시장폭 82% (실측: 본전 구간 → 진입 허용하되 사이즈 50%)",0.5,1,8.4,140595.0,0.2386,1,이 점수 구간의 과거 실측 승률 29% (표본 11693건) · 거래량 밀집가 대비 +1.9% — 가치영역 근접 (실측 승률 40%) · 손익비 6.0 (손절 -9.4% / 1차목표 +56.4%),중립 레짐 — 사이즈 50% 권장 · AI 알파모델 예측 하위 8% — 이 구간 실측 승률 24% — 픽 제외 구간,29.1,True,OVERHEAT,1,85.0,1,0,136578.0,,,,,1,1.0,,0,51.1,pctl>0.30,0,,0,1.0
113,068270,셀트리온,KOSPI,바이오·의약품,190300,1176.7,442549.7,0.0,0.0,WAIT,ATTACK,3,True,1,False,49.0,49.0,42.5,55.5,0.0,0.0,32.5,32.7,55.5,30.6,1.03,0.0,RR1.0 + 진입적정,1,190300.0,175500.0,205500.0,217000.0,📦박스돌파,1.65,0.83,177816,-1.59,특이사항 없음,3,1.13,66.5,6.92,,,,알파 상위 + MA20위·저점상승 확인 — 진입 우선,NORMAL,82.2,기초 의약물질 제조업,117669966250.0,69.6,13.64,0,0,2.42,5.72,11.88,6.79,0.63,-8.21,20.61,12.63,-35.99,0.358,0.224,0,7.9,0,1,0.89,0.89,38821,6661,45482,1,1,165310.0,7.02,-0.0066,False,O,▼,186651,▲,O,X,0.16,250,0,-1,-1,1,239500.0,enter,100.0,NORMAL+PM_BLOCK_INTRADAY+EF:정상,7.78,4.0,1.0,normal,7.0,v1_sl_first_gap_at_open,NORMAL+PM_BLOCK_INTRADAY+EF:정상,ATR_2x,23,ATR_3.5x,12,SWING_120D,2,0.0,기초 의약물질 제조업,18.360833333333336,7.888333333333333,12.0,13.6,0.0,0.039448990316042334,0.11070633357194724,0.36,OK,0.0,UNVALIDATED_MODEL,60.65907364866724,60.65907364866724,0.0,4,1,0.5,0.5,0.0,STRUCT+TIMING+SECTOR,default,default,default,70,20260805,20260805,,49.0,49.0,49.0,-12.0,-33.79,FRESH,0.257,,False,0.312,True,MATURE,11693.0,ALPHA_WIN_PROB,1.027,,1.027,0.0,실측 승률 39% < 필요 승률 49% (손익비 1.03) — 켈리 기준 미달,0.4933,0.0,0.0,v40_alpha_tilt,,,,,,True,8.0,ALPHA,ELITE_SCORE,MATURE,11693,2.4.0,OK,,100.0,ATTACK,OK,OK,OK,OK,OK,OK,OK,0,7,True,True,True,,0,GREEN,,,0.0,AVOID,0,RR 1.03,0,0,0,0,,0.0,T=56<70,100.0,GREEN,,,0,False,0,BELOW_OFFICIAL_BAR,TOP_PICK=0,,10.0,IGNORE,IGNORE,NORMAL,0,0,0,0,0,0,0,0,0,CLEAR,,,0,0,0,0,0.0,,,,,,,,,,DISABLED_LOSS_DEFENSE,,,,,,True,False,True,True,True,True,True,True,0.0,0.0,0.0,0.0,0.0,0.0,0.0,0.0,0.0,0.5,False,False,False,2,False,16.2,0.5,G2RR×0.5,,0,0,0,,16.2,0,,False,0.0,0.0,False,,False,True,,0,80.0,83.0,0,0,CAUTION,5일 상승 5.7% > 5%,B,REALISTIC_RR,0,0.35,관찰 후보,현실형 RR · 시장폭 82.2 · 5일 5.7%,78.3,6,27,0,85.28,12,모멘텀확인중(PMS78),-4.0,182688.0,"진입 후 D+1 종가 182,688원(-4%) 이탈 시 익일 조기청산 권고",46.2,"최근 20거래일 유니버스 실측 2일 상승률 46.2% (n=6,245) · 종목별 유의차 미검증",NO_EDGE_VALIDATED,OK,176979.0,209330.0,"손절 176,979(-7%)·본전전환 199,815(+5%)·1차익절 209,330(+10%) · ⚡ D+2내 194,106(+2%) 도달 시 절반 익절+잔여 본전 상향 (실측: 초반 급등 후 되돌림 -0.9%)",0,25.9,0,0,즉시매수 기준 미달 · 손익비 1.03,alpha_gate_v32,CASH,0.0,,,0,NEUTRAL,"중립 레짐 — KOSPI 20일선 아래, 시장폭 82% (실측: 본전 구간 → 진입 허용하되 사이즈 50%)",0.5,1,95.4,199815.0,0.3888,1,이 점수 구간의 과거 실측 승률 26% (표본 11693건) · 거래량 밀집가 대비 -1.6% — 가치영역 근접 (실측 표본 적음) · 손익비 1.0 (손절 -7.8% / 1차목표 +8.0%) · 변동성 응축 3일째 (스퀴즈 — 방향 분출 대기) · AI 알파모델 예측 상위 5% (OOS 검증 통과 모델 — 이 구간 실측 승률 39%),중립 레짐 — 사이즈 50% 권장,25.7,True,WAIT,1,85.0,1,1,194106.0,,,,,1,1.0,,0,77.7,pctl>0.30,0,,0,1.0
114,042660,한화오션,KOSPI,조선·기계·설비,91900,1019.21,281593.9,0.0,0.0,WAIT,OVERHEAT,3,False,0,False,27.2,27.2,26.0,28.3,0.0,0.0,19.1,18.1,28.3,64.6,1.37,1.5,RR1.4 + 진입적정,0,90500.0,83200.0,103800.0,141900.0,,2.92,0.57,106517,-31.79,특이사항 없음,0,-3.65,58.8,10.44,,,5일 급등,"과열(급등·MFI·RSI) — 실측 역신호, 관망",NORMAL,82.2,선박 및 보트 건조업,101921482500.0,68.2,21.86,0,0,5.03,23.19,9.54,2.34,-27.12,-32.23,16.16,-15.12,-60.01,0.824,0.042,0,12.0,1,0,0.97,1.0,15899,2757,18656,1,-1,96750.0,-13.72,0.3706,False,X,▼,84117,▲,O,X,1.94,250,0,-1,-1,1,154800.0,enter,100.0,NORMAL+PM_BLOCK_INTRADAY+EF:정상,8.07,4.0,1.8,normal,7.0,v1_sl_first_gap_at_open,NORMAL+PM_BLOCK_INTRADAY+EF:정상,ATR_2x,23,SWING_60D,2,SWING_120D,2,0.0,선박 및 보트 건조업,27.58121951219512,8.227560975609755,6.0,21.2,0.0,0.07205036530390176,0.013908006745360114,0.02,OK,0.0,UNVALIDATED_MODEL,35.36560721338022,35.36560721338022,0.0,4,1,0.5,0.5,0.0,STRUCT+TIMING+SECTOR,default,default,default,70,20260805,20260805,,27.2,27.2,27.2,-12.0,-33.79,FRESH,0.291,,False,0.3,True,MATURE,11693.0,ALPHA_WIN_PROB,1.822,,1.81,0.0,상태 OVERHEAT — 신규진입 상태 아님(사이징 제외),0.3559,0.0,0.0,v40_alpha_tilt,,,,,,True,12.9,,ELITE_SCORE,MATURE,11693,2.4.0,OK,,100.0,ATTACK,OK,OK,OK,OK,OK,OK,OK,0,7,True,True,True,,0,GREEN,,,85.0,AVOID,0,7월 손실방어 차단,0,0,0,0,,0.0,T=28<70,100.0,GREEN,,,0,False,0,ENTRY_READY_BUT_NOT_TOP_PICK,TOP_PICK=0,진입조건은 양호하나 공식 Top Pick 아님,50.0,ENTRY_CLEAN_OBSERVE,ENTRY_CLEAN_OBSERVE,NORMAL,0,0,0,0,0,0,0,0,0,CLEAR,,,0,0,0,0,0.0,,,,,,,,,,DISABLED_LOSS_DEFENSE,,,,,,True,False,True,True,True,True,True,True,0.0,0.0,0.0,0.0,0.0,0.0,0.0,0.0,0.0,0.5,False,False,False,2,False,9.6,0.5,G2RR×0.5,,0,0,0,,9.6,0,,False,0.0,0.0,True,JULY_PROFIT_DEFENSE: 5일 과열 23.2%,False,True,,0,62.0,37.0,0,1,BLOCK,5일 과열 23.2%,BLOCK,GUARD_BLOCK,1,0.0,신규진입 차단,기존 guard/JULY 차단 · 시장폭 82.2 · 5일 23.2%,52.09,6,156,0,59.95,120,,-4.0,86880.0,"진입 후 D+1 종가 86,880원(-4%) 이탈 시 익일 조기청산 권고",46.2,"최근 20거래일 유니버스 실측 2일 상승률 46.2% (n=6,245) · 종목별 유의차 미검증",NO_EDGE_VALIDATED,OK,84165.0,99550.0,"손절 84,165(-7%)·본전전환 95,025(+5%)·1차익절 99,550(+10%) · ⚡ D+2내 92,310(+2%) 도달 시 절반 익절+잔여 본전 상향 (실측: 초반 급등 후 되돌림 -0.9%)",0,24.7,0,0,진입 조건 미달 · 손실방어 차단,alpha_gate_v32,CASH,0.0,,,0,NEUTRAL,"중립 레짐 — KOSPI 20일선 아래, 시장폭 82% (실측: 본전 구간 → 진입 허용하되 사이즈 50%)",0.5,1,96.0,95025.0,0.3888,1,이 점수 구간의 과거 실측 승률 29% (표본 11693건) · 거래량 밀집가 대비 -31.8% — 가치영역 근접 (실측 표본 적음) · 손익비 1.4 (손절 -9.5% / 1차목표 +12.9%) · AI 알파모델 예측 상위 4% (OOS 검증 통과 모델 — 이 구간 실측 승률 39%),중립 레짐 — 사이즈 50% 권장,29.1,True,WAIT,1,85.0,1,0,92310.0,,,,,1,1.0,,0,63.9,pctl>0.30,0,,0,1.0
115,066575,LG전자우,KOSPI,기타,63900,81.41,10978.9,0.0,0.0,WAIT,OVERHEAT,3,False,0,False,46.7,46.7,33.5,59.9,0.0,0.0,31.5,31.1,59.9,25.1,1.9,1.6,RR1.9 + 진입적정,0,62900.0,57900.0,75300.0,138400.0,,2.68,1.13,88461,16.0,특이사항 없음,0,-16.39,43.1,1.15,,,5일 급등,"과열(급등·MFI·RSI) — 실측 역신호, 관망",NORMAL,82.2,기타,8141319000.0,37.0,34.24,0,0,5.45,20.57,-5.33,-10.25,-2.59,29.35,3.57,9.41,1.57,0.642,0.13,1,12.0,0,0,1.01,0.55,0,0,0,1,-1,68220.0,-27.77,0.5566,False,X,▲,56091,▲,O,X,2.31,250,0,1,-1,1,,enter,100.0,NORMAL+PM_BLOCK_INTRADAY+EF:정상,7.95,5.0,2.5,normal,7.0,v1_sl_first_gap_at_open,NORMAL+PM_BLOCK_INTRADAY+EF:정상,SWING_20D,12,SWING_60D,2,,0,0.0,기타,22.15142857142857,8.541428571428572,9.0,79.2,0.0,0.07478202548625083,-0.010950438357033314,0.20689655172413793,OK,0.0,UNVALIDATED_MODEL,53.901667369857535,53.901667369857535,0.0,2,0,0.5,0.5,0.0,STRUCT+TIMING+SECTOR,default,default,default,70,20260805,20260805,,46.7,46.7,46.7,-12.0,-33.79,FRESH,0.261,,False,0.3,True,MATURE,11693.0,ALPHA_WIN_PROB,2.48,,1.81,0.0,상태 OVERHEAT — 신규진입 상태 아님(사이징 제외),0.3559,0.0,0.0,v40_alpha_tilt,,,,,,True,17.8,,ELITE_SCORE,MATURE,11693,2.4.0,OK,,100.0,ATTACK,OK,OK,OK,OK,OK,OK,OK,0,7,True,True,True,,0,GREEN,,,100.0,AVOID,0,7월 손실방어 차단,0,0,0,0,,0.0,T=60<70,100.0,GREEN,,,0,False,0,ENTRY_READY_BUT_NOT_TOP_PICK,TOP_PICK=0,진입조건은 양호하나 공식 Top Pick 아님,45.0,ENTRY_CLEAN_OBSERVE,ENTRY_CLEAN_OBSERVE,NORMAL,0,0,0,0,0,0,0,0,0,CLEAR,,,0,0,0,0,0.0,,,,,,,,,,DISABLED_LOSS_DEFENSE,,,,,,True,False,True,True,True,True,True,True,0.0,0.0,0.0,0.0,0.0,0.0,0.0,0.0,0.0,0.5,False,False,False,1,False,15.8,0.5,G2RR×0.5,,0,0,0,,15.8,0,,False,0.0,0.0,True,JULY_PROFIT_DEFENSE: 5일 과열 20.6%,False,True,,0,54.0,38.0,0,1,BLOCK,5일 과열 20.6%,BLOCK,GUARD_BLOCK,1,0.0,신규진입 차단,기존 guard/JULY 차단 · 시장폭 82.2 · 5일 20.6%,50.44,6,166,0,70.73,52,,-4.0,60384.0,"진입 후 D+1 종가 60,384원(-4%) 이탈 시 익일 조기청산 권고",46.2,"최근 20거래일 유니버스 실측 2일 상승률 46.2% (n=6,245) · 종목별 유의차 미검증",NO_EDGE_VALIDATED,OK,58497.0,69190.0,"손절 58,497(-7%)·본전전환 66,045(+5%)·1차익절 69,190(+10%) · ⚡ D+2내 64,158(+2%) 도달 시 절반 익절+잔여 본전 상향 (실측: 초반 급등 후 되돌림 -0.9%)",0,24.7,0,0,알파 30점 (진입선 85점 미달) · 손실방어 차단,alpha_gate_v32,CASH,0.0,,,0,NEUTRAL,"중립 레짐 — KOSPI 20일선 아래, 시장폭 82% (실측: 본전 구간 → 진입 허용하되 사이즈 50%)",0.5,1,30.0,66045.0,0.2433,1,이 점수 구간의 과거 실측 승률 26% (표본 11693건) · 거래량 밀집가 대비 +16.0% — 가치영역 근접 (실측 승률 48%) · 손익비 1.9 (손절 -9.4% / 1차목표 +17.8%),중립 레짐 — 사이즈 50% 권장,26.1,True,WAIT,1,85.0,1,0,64158.0,,,,,0,1.0,,0,26.3,pctl>0.30,0,,0,1.0
116,002990,금호건설,KOSPI,건설·부동산,9770,577.08,3640.3,0.0,0.0,OVERHEAT,OVERHEAT,5,False,1,False,7.4,7.4,14.8,0.0,0.0,0.0,4.3,4.9,14.8,81.5,3.91,0.0,밸런스우수 + RR3.9 + 진입적정,0,9770.0,8980.0,12860.0,19380.0,,-0.59,0.57,11892,-28.0,특이사항 없음,0,-32.0,34.4,-13.07,,,5일 급등,"과열(급등·MFI·RSI) — 실측 역신호, 관망",NORMAL,82.2,건물 건설업,57708215545.0,60.5,97.39,0,0,1.66,33.84,-6.24,-20.89,86.1,125.12,-7.07,98.1,97.34,0.709,0.331,0,12.0,0,0,1.18,0.24,0,0,0,0,-1,12568.0,-17.85,0.9028,False,O,▲,8137,▲,O,X,5.72,249,0,1,1,1,23700.0,enter,100.0,NORMAL+WARN:ATR%=22.0% > 20% — 이상치 의심+PM_BLOCK_INTRADAY+EF:정상,8.09,6.0,3.9,normal,7.0,v1_sl_first_gap_at_open,NORMAL+WARN:ATR%=22.0% > 20% — 이상치 의심+PM_BLOCK_INTRADAY+EF:정상,ATR_2x,23,SWING_20D,2,FIBO_1.272,2,0.0,건물 건설업,31.53,22.859,2.0,31.1,0.0,0.4073210858239649,-0.24153005972721878,0.7853403141361257,OK,0.0,UNVALIDATED_MODEL,18.359631645476888,18.359631645476888,0.0,4,1,0.5,0.5,0.0,STRUCT+TIMING+SECTOR,default,default,default,70,20260805,20260805,,7.4,7.4,7.4,-12.0,-33.79,FRESH,0.291,,False,0.3,True,MATURE,11693.0,ALPHA_WIN_PROB,3.911,,1.81,0.0,상태 OVERHEAT — 신규진입 상태 아님(사이징 제외),0.3559,0.0,0.0,v40_alpha_tilt,,,,,,True,31.6,,ELITE_SCORE,MATURE,11693,2.4.0,OK,,100.0,ATTACK,OK,OK,OK,OK,OK,OK,OK,0,7,True,True,True,,0,GREEN,,,0.0,AVOID,0,5일 +34% · 7월 손실방어 차단 · 수익회복 패치 차단,0,1,0,0,,0.0,T=0<70,100.0,GREEN,,,0,False,0,BELOW_OFFICIAL_BAR,TOP_PICK=0,,15.0,IGNORE,IGNORE,NORMAL,0,0,0,0,0,0,0,0,0,CLEAR,,,0,0,0,0,0.0,,,,,,,,,,DISABLED_LOSS_DEFENSE,,,,,,True,False,True,True,False,True,False,True,0.0,0.0,0.0,0.0,20.0,0.0,15.0,0.0,35.0,0.3,False,True,False,3,False,0.0,0.0,G2RR×0.3 · G5추세붕괴3축 · G7윗꼬리약세-15,,0,0,0,,0.0,0,과열이나 GUARD 미통과 — 레인 제외,False,0.0,0.0,True,JULY_PROFIT_DEFENSE: 5일 과열 33.8% | PROFIT_RECOVERY: 기존 guard/JULY 차단 · 시장폭 82.2 · 5일 33.8%,False,False,V2:비양수가격x1;V1:OHLC불변식x1,1,54.0,21.0,0,1,BLOCK,5일 과열 33.8%,BLOCK,GUARD_BLOCK,1,0.0,신규진입 차단,기존 guard/JULY 차단 · 시장폭 82.2 · 5일 33.8%,28.28,6,275,0,24.43,273,,-4.0,9379.0,"진입 후 D+1 종가 9,379원(-4%) 이탈 시 익일 조기청산 권고",46.2,"최근 20거래일 유니버스 실측 2일 상승률 46.2% (n=6,245) · 종목별 유의차 미검증",NO_EDGE_VALIDATED,CAUTION,9086.0,10747.0,"⚠️ 과열/추격 주의 · 손절 9,086(-7%)·본전전환 10,258(+5%)·1차익절 10,747(+10%) · ⚡ D+2내 9,965(+2%) 도달 시 절반 익절+잔여 본전 상향 (실측: 초반 급등 후 되돌림 -0.9%)",0,23.7,0,0,알파 5점 (진입선 85점 미달) · 손실방어 차단,alpha_gate_v32,CASH,0.0,,,0,NEUTRAL,"중립 레짐 — KOSPI 20일선 아래, 시장폭 82% (실측: 본전 구간 → 진입 허용하되 사이즈 50%)",0.5,1,5.3,10258.0,0.2386,1,이 점수 구간의 과거 실측 승률 29% (표본 11693건) · 거래량 밀집가 대비 -28.0% — 가치영역 근접 (실측 표본 적음) · 손익비 3.9 (손절 -8.1% / 1차목표 +31.6%),중립 레짐 — 사이즈 50% 권장 · AI 알파모델 예측 하위 5% — 이 구간 실측 승률 24% — 픽 제외 구간,29.1,True,OVERHEAT,1,85.0,1,0,9965.0,,,,,0,1.0,,0,4.3,pctl>0.30,1,"⛔ 위험구간 — 알파 하위10% + 저점추세 하위30% (실측 5일 -2.88%·승률 21.5%, 20일 승률 10.8%) · 보유 중이면 정리 검토",0,1.0
117,307950,현대오토에버,KOSPI,IT/전기전자,414500,442.09,113672.4,0.0,0.0,WAIT,OVERHEAT,3,False,0,False,32.2,32.2,33.2,31.3,0.0,0.0,22.0,21.5,33.2,58.5,1.82,1.5,RR1.8 + 진입적정,0,408500.0,375500.0,485500.0,1066000.0,,1.11,1.07,654687,-6.54,특이사항 없음,0,-14.21,48.4,5.02,거래품질 우수,,5일 급등,"과열(급등·MFI·RSI) — 실측 역신호, 관망",NORMAL,82.2,소프트웨어 개발 및 공급업,44208831000.0,54.2,37.59,0,0,5.2,22.63,3.24,-13.91,-29.98,-0.36,-0.09,-17.98,-28.14,0.881,0.225,0,12.0,1,0,2.1,0.61,0,0,0,1,-1,455150.0,-36.69,0.7889,False,X,▼,356352,▲,O,X,3.81,250,0,-1,-1,1,,enter,100.0,NORMAL+PM_BLOCK_INTRADAY+EF:정상,8.08,4.0,2.3,normal,7.0,v1_sl_first_gap_at_open,NORMAL+PM_BLOCK_INTRADAY+EF:정상,SWING_20D,23,SWING_60D,2,,0,0.0,소프트웨어 개발 및 공급업,28.983018867924528,12.636603773584905,4.0,50.0,0.0,0.10020678959159054,-0.0023129472671313397,0.3333333333333333,OK,0.0,UNVALIDATED_MODEL,42.54866886929699,42.54866886929699,0.0,6,1,0.5,0.5,0.0,STRUCT+TIMING+SECTOR,default,default,default,70,20260805,20260805,,32.2,32.2,32.2,-12.0,-33.79,FRESH,0.291,,False,0.3,True,MATURE,11693.0,ALPHA_WIN_PROB,2.333,,1.81,0.0,상태 OVERHEAT — 신규진입 상태 아님(사이징 제외),0.3559,0.0,0.0,v40_alpha_tilt,,,,,,True,17.1,,ELITE_SCORE,MATURE,11693,2.4.0,OK,,100.0,ATTACK,OK,OK,OK,OK,OK,OK,OK,0,7,True,True,True,,0,GREEN,,,100.0,AVOID,0,7월 손실방어 차단,0,0,0,0,,0.0,T=31<70,100.0,GREEN,,,0,False,0,ENTRY_READY_BUT_NOT_TOP_PICK,TOP_PICK=0,진입조건은 양호하나 공식 Top Pick 아님,50.0,ENTRY_CLEAN_OBSERVE,ENTRY_CLEAN_OBSERVE,NORMAL,0,0,0,0,0,0,0,0,0,CLEAR,,,0,0,0,0,0.0,,,,,,,,,,DISABLED_LOSS_DEFENSE,,,,,,True,False,True,True,True,True,True,True,0.0,0.0,0.0,0.0,0.0,0.0,0.0,0.0,0.0,0.5,False,False,False,2,False,11.0,0.5,G2RR×0.5,,0,0,0,,11.0,0,,False,0.0,0.0,True,JULY_PROFIT_DEFENSE: 5일 과열 22.6%,False,True,,0,66.0,40.0,0,1,BLOCK,5일 과열 22.6%,BLOCK,GUARD_BLOCK,1,0.0,신규진입 차단,기존 guard/JULY 차단 · 시장폭 82.2 · 5일 22.6%,47.47,6,183,0,60.42,115,,-4.0,392160.0,"진입 후 D+1 종가 392,160원(-4%) 이탈 시 익일 조기청산 권고",46.2,"최근 20거래일 유니버스 실측 2일 상승률 46.2% (n=6,245) · 종목별 유의차 미검증",NO_EDGE_VALIDATED,OK,379905.0,449350.0,"손절 379,905(-7%)·본전전환 428,925(+5%)·1차익절 449,350(+10%) · ⚡ D+2내 416,670(+2%) 도달 시 절반 익절+잔여 본전 상향 (실측: 초반 급등 후 되돌림 -0.9%)",0,23.2,0,0,알파 40점 (진입선 85점 미달) · 손실방어 차단,alpha_gate_v32,CASH,0.0,,,0,NEUTRAL,"중립 레짐 — KOSPI 20일선 아래, 시장폭 82% (실측: 본전 구간 → 진입 허용하되 사이즈 50%)",0.5,1,40.2,428925.0,0.2713,1,이 점수 구간의 과거 실측 승률 29% (표본 11693건) · 거래량 밀집가 대비 -6.5% — 가치영역 근접 (실측 표본 적음) · 손익비 1.8 (손절 -9.4% / 1차목표 +17.1%),중립 레짐 — 사이즈 50% 권장,29.1,True,WAIT,1,85.0,1,0,416670.0,,,,,1,1.0,,0,33.1,pctl>0.30,0,,0,1.0
118,005290,동진쎄미켐,KOSDAQ,화학·소재,41800,171.15,21305.5,0.0,0.0,WAIT,OVERHEAT,3,False,0,False,31.4,31.4,26.8,35.9,0.0,0.0,22.0,20.9,35.9,55.1,2.15,1.6,RR2.1 + 진입적정,0,41150.0,37850.0,50300.0,59900.0,,0.99,0.91,54785,-30.12,특이사항 없음,0,-21.08,42.7,0.54,,,5일 급등,"과열(급등·MFI·RSI) — 실측 역신호, 관망",NORMAL,82.2,기초 화학물질 제조업,17115342475.0,50.9,35.5,0,0,3.08,21.87,-1.18,-9.43,-29.87,-18.83,-5.62,3.92,9.03,0.983,0.128,0,12.0,1,0,1.68,0.53,0,0,0,1,-1,45885.0,-23.7,0.7297,False,X,▼,36799,▲,O,X,4.56,250,0,-1,-1,1,72200.0,enter,100.0,NORMAL+PM_BLOCK_INTRADAY+EF:정상,8.02,5.0,2.8,normal,7.0,v1_sl_first_gap_at_open,NORMAL+PM_BLOCK_INTRADAY+EF:정상,SWING_20D,23,VP_RESISTANCE,5,SWING_60D,2,0.0,기초 화학물질 제조업,18.9472,9.67,10.0,60.1,0.0,0.09125085440874914,-0.01414340103267483,0.11627906976744186,OK,0.0,UNVALIDATED_MODEL,45.766011140678366,45.766011140678366,0.0,4,1,0.5,0.5,0.0,STRUCT+TIMING+SECTOR,default,default,default,70,20260805,20260805,,31.4,31.4,31.4,-12.0,-33.79,FRESH,0.291,,False,0.3,True,MATURE,11693.0,ALPHA_WIN_PROB,2.773,,1.81,0.0,상태 OVERHEAT — 신규진입 상태 아님(사이징 제외),0.3559,0.0,0.0,v40_alpha_tilt,,,,,,True,20.3,,ELITE_SCORE,MATURE,11693,2.4.0,OK,,100.0,ATTACK,OK,OK,OK,OK,OK,OK,OK,0,7,True,True,True,,0,GREEN,,,100.0,AVOID,0,7월 손실방어 차단,0,0,0,0,,0.0,T=36<70,100.0,GREEN,,,0,False,0,ENTRY_READY_BUT_NOT_TOP_PICK,TOP_PICK=0,진입조건은 양호하나 공식 Top Pick 아님,50.0,ENTRY_CLEAN_OBSERVE,ENTRY_CLEAN_OBSERVE,NORMAL,0,0,0,0,0,0,0,0,0,CLEAR,,,0,0,0,0,0.0,,,,,,,,,,DISABLED_LOSS_DEFENSE,,,,,,True,False,True,True,True,True,True,True,0.0,0.0,0.0,0.0,0.0,0.0,0.0,0.0,0.0,0.5,False,False,False,2,False,11.0,0.5,G2RR×0.5,,0,0,0,,11.0,0,,False,0.0,0.0,True,JULY_PROFIT_DEFENSE: 5일 과열 21.9%,False,True,,0,62.0,35.0,0,1,BLOCK,5일 과열 21.9%,BLOCK,GUARD_BLOCK,1,0.0,신규진입 차단,기존 guard/JULY 차단 · 시장폭 82.2 · 5일 21.9%,42.7,6,215,0,58.04,131,,-4.0,39504.0,"진입 후 D+1 종가 39,504원(-4%) 이탈 시 익일 조기청산 권고",46.2,"최근 20거래일 유니버스 실측 2일 상승률 46.2% (n=6,245) · 종목별 유의차 미검증",NO_EDGE_VALIDATED,OK,38270.0,45265.0,"손절 38,270(-7%)·본전전환 43,208(+5%)·1차익절 45,265(+10%) · ⚡ D+2내 41,973(+2%) 도달 시 절반 익절+잔여 본전 상향 (실측: 초반 급등 후 되돌림 -0.9%)",0,23.1,0,0,알파 26점 (진입선 85점 미달) · 손실방어 차단,alpha_gate_v32,CASH,0.0,,,0,NEUTRAL,"중립 레짐 — KOSPI 20일선 아래, 시장폭 82% (실측: 본전 구간 → 진입 허용하되 사이즈 50%)",0.5,1,25.7,43208.0,0.2452,1,이 점수 구간의 과거 실측 승률 29% (표본 11693건) · 거래량 밀집가 대비 -30.1% — 가치영역 근접 (실측 표본 적음) · 손익비 2.1 (손절 -9.4% / 1차목표 +20.3%),중립 레짐 — 사이즈 50% 권장 · AI 알파모델 예측 하위 26% — 이 구간 실측 승률 25% — 픽 제외 구간,29.1,True,WAIT,1,85.0,1,0,41973.0,,,,,0,1.0,,0,17.3,pctl>0.30,0,,0,1.0
119,033230,인성정보,KOSDAQ,IT/전기전자,1004,98.11,1035.6,0.0,0.0,CARRY,CARRY,7,False,0,False,0.0,80.1,98.5,57.9,87.8,,0.0,81.4,40.6,49.2,1426.0,51.0,RR1426.0 + 3축고점,0,2050.0,1746.0,2430.0,2715.0,,1.07,1.08,1974,0.71,DATA_UNAVAILABLE,0,17.25,69.6,9.87,STRUCT 강점,AI 보조,,캐리 재계산 실패: legacy snapshot,NORMAL,82.2,"컴퓨터 프로그래밍, 시스템 통합 및 관리업",9811097695.0,75.1,43.35,0,0,-6.18,3.17,12.02,24.09,15.43,13.13,16.6,-7.25,-27.7,0.088,0.088,1,12.0,1,0,2.65,0.56,0,0,0,1,1,1772.3,3.83,-0.1112,False,O,▲,2143,▲,X,X,0.0,250,0,1,1,1,3090.0,enter,100.0,NORMAL+PM_BLOCK_INTRADAY+EF:정상,14.83,6.0,1.2,normal,7.0,v1_sl_first_gap_at_open,NORMAL+PM_BLOCK_INTRADAY+EF:정상,SWING_20D,80,ATR_3.5x,45,FIBO_1.618,25,0.0,"컴퓨터 프로그래밍, 시스템 통합 및 관리업",2.853258426966292,19.337078651685392,8.0,,,,,,,87.8,OK,39.95342224536096,39.95342224536096,,4,1,0.4,0.4,0.2,STRUCT+TIMING+AI+SECTOR,default,default,default,60,20260805,20260429.0,,80.1,80.1,80.1,22.68,22.68,CARRY_LEGACY,0.291,,False,0.3,True,MATURE,4401.0,ALPHA_WIN_PROB,1.25,,1.25,0.0,상태 CARRY — 신규진입 상태 아님(사이징 제외),0.4444,0.0,0.0,v40_alpha_tilt,,20260429.0,30.0,True,35.0,False,142.0,,ELITE_SCORE,MATURE,11693,2.4.0,OK,,100.0,ATTACK,OK,OK,OK,OK,OK,OK,OK,0,7,True,True,True,"analyze_returned_none(ohlcv_len=373,mcap=507,in_top=True)",0,GREEN,,,0.0,AVOID,0,진입괴리 51.0% · 전일 -6.2%,0,0,0,0,,0.0,T=58<70 · S=98≥50,100.0,GREEN,,,0,False,0,HOLDING_MANAGE,TOP_PICK=0,,30.0,HOLDING_MANAGE,HOLDING_MANAGE,NORMAL,0,0,0,0,0,0,0,0,0,CLEAR,,,0,0,0,0,0.0,ENTRY_CLEAN_OBSERVE,1.0,BUY,,0.0,0.0,0.0,0.0,0.0,DISABLED_LOSS_DEFENSE,2050.0,-51.02439024390244,DEAD,1.0,보유 30일차 · 손익 -51.0% · 청산 검토,True,True,False,True,True,True,True,True,0.0,0.0,45.0,0.0,0.0,0.0,0.0,0.0,45.0,1.0,False,False,False,1,False,0.0,0.0,G3보유경과-45,,0,0,0,,0.0,0,,False,0.0,0.0,False,,False,True,,0,100.0,100.0,1,0,PASS,7월 방어 profile 통과,A,QUALITY_BREADTH,0,0.7,최우선 관찰,품질+시장폭 · 시장폭 82.2 · 5일 3.2%,62.18,6,84,0,34.73,242,모멘텀확인중(PMS62),-4.0,1968.0,"진입 후 D+1 종가 1,968원(-4%) 이탈 시 익일 조기청산 권고",46.2,"최근 20거래일 유니버스 실측 2일 상승률 46.2% (n=6,245) · 종목별 유의차 미검증",NO_EDGE_VALIDATED,HIGH_AVOID,1906.0,2255.0,"⛔ 고위험 루트(진입보류 권고) · 손절 1,906(-7%)·본전전환 2,152(+5%)·1차익절 2,255(+10%) · ⚡ D+2내 2,091(+2%) 도달 시 절반 익절+잔여 본전 상향 (실측: 초반 급등 후 되돌림 -0.9%)",0,23.0,0,0,알파 23점 (진입선 85점 미달) · 데이터 신선도 실패,alpha_gate_v32,CASH,0.0,-0.2,True,0,NEUTRAL,"중립 레짐 — KOSPI 20일선 아래, 시장폭 82% (실측: 본전 구간 → 진입 허용하되 사이즈 50%)",0.5,1,23.2,2152.0,0.2452,1,이 점수 구간의 과거 실측 승률 29% (표본 11693건) · 거래량 밀집가 대비 +0.7% — 가치영역 근접 (실측 승률 40%) · 손익비 1426.0 (손절 +73.9% / 1차목표 +142.0%) · 저점 상승 추세 17% (바닥이 높아지는 중),중립 레짐 — 사이즈 50% 권장 · 추천가 대비 51.0% 이탈 — 추격 주의 · 가격 데이터 stale — 표시가와 실제가 다를 수 있음 · AI 알파모델 예측 하위 23% — 이 구간 실측 승률 25% — 픽 제외 구간,29.1,False,CARRY,1,85.0,1,0,2091.0,1.9261109623344368,-1.4571255424744134,-0.7857841014422107,0.8856366018608064,1,1.0,,0,95.4,pctl>0.30,0,,0,1.0
120,024740,한일단조,KOSDAQ,,2120,50.0,1016.5,0.0,0.0,CARRY,CARRY,7,False,0,False,0.0,15.4,22.7,0.0,31.4,,0.0,18.0,31.4,60.8,2280.0,31.4,RR2280.0,0,3090.0,2955.0,4400.0,4800.0,,-2.21,0.21,3343,-5.3,DATA_UNAVAILABLE,0,-9.76,30.6,-12.23,거래품질 우수,,저점 이탈,캐리 재계산 실패: legacy snapshot,NORMAL,82.2,자동차 신품 부품 제조업,5000000000.0,62.6,25.27,0,0,-3.29,-9.65,-18.47,-18.25,33.48,42.4,-23.15,18.62,15.65,0.541,0.31,0,12.0,0,0,7.39,0.03,0,0,0,0,1,2803.0,-7.59,-0.149,True,O,▲,3225,▼,X,X,-1.25,250,0,1,1,1,5500.0,enter,100.0,SWING+PM_BLOCK_INTRADAY+EF:정상,4.37,6.0,9.7,normal,7.0,v1_sl_first_gap_at_open,SWING+PM_BLOCK_INTRADAY+EF:정상,SWING_20D,80,SWING_60D,60,FIBO_1.272,40,,,,,,,,0.0754738788719371,0.007529882863614,0.5961538461538461,OK,31.4,OK,5.0,5.0,,2,0,0.4,0.4,0.2,STRUCT+TIMING+AI,,,,60,20260805,,,,,,,,CARRY_LEGACY,0.291,,False,0.3,True,,,ALPHA_WIN_PROB,9.704,,1.81,0.0,상태 CARRY — 신규진입 상태 아님(사이징 제외),0.3559,0.0,0.0,v40_alpha_tilt,,20260424.0,35.0,True,35.0,False,107.5,,ELITE_SCORE,MATURE,11693,2.4.0,OK,,100.0,ATTACK,OK,OK,OK,OK,OK,OK,OK,0,7,True,True,True,"analyze_returned_none(ohlcv_len=373,mcap=697,in_top=True)",0,GREEN,,,0.0,AVOID,0,진입괴리 31.4%,0,0,0,0,,0.0,T=0<70,100.0,GREEN,,,0,False,0,HOLDING_MANAGE,TOP_PICK=0,EBS 미통과/불명,10.0,HOLDING_MANAGE,HOLDING_MANAGE,NORMAL,0,0,0,0,0,0,0,0,0,CLEAR,,,0,0,0,0,0.0,ENTRY_CLEAN_OBSERVE,1.0,BUY,,0.0,0.0,0.0,0.0,0.0,DISABLED_LOSS_DEFENSE,3730.0,-43.16353887399464,DEAD,1.0,보유 35일차 · 손익 -43.2% · 강한 청산 검토,False,False,False,True,False,True,False,True,0.0,0.0,45.0,0.0,20.0,0.0,15.0,0.0,80.0,0.3,True,True,False,4,False,0.0,0.0,G1유동성차단 · G2RR×0.3 · G3보유경과-45 · G5추세붕괴4축 · G7윗꼬리약세-15,,0,0,0,,0.0,0,,False,0.0,0.0,False,,False,True,,0,88.0,70.0,0,0,CAUTION,중립/관찰,C,WATCH,0,0.2,관찰,섹터 약세+RSI 약함 · 시장폭 82.2 · 5일 -9.7%,14.5,6,318,0,10.89,319,,-4.0,2966.0,"진입 후 D+1 종가 2,966원(-4%) 이탈 시 익일 조기청산 권고",46.2,"최근 20거래일 유니버스 실측 2일 상승률 46.2% (n=6,245) · 종목별 유의차 미검증",NO_EDGE_VALIDATED,HIGH_AVOID,2874.0,3399.0,"⛔ 고위험 루트(진입보류 권고) · 손절 2,874(-7%)·본전전환 3,244(+5%)·1차익절 3,399(+10%) · ⚡ D+2내 3,152(+2%) 도달 시 절반 익절+잔여 본전 상향 (실측: 초반 급등 후 되돌림 -0.9%)",0,23.0,0,0,알파 19점 (진입선 85점 미달) · 데이터 신선도 실패,alpha_gate_v32,CASH,0.0,1.92,True,0,NEUTRAL,"중립 레짐 — KOSPI 20일선 아래, 시장폭 82% (실측: 본전 구간 → 진입 허용하되 사이즈 50%)",0.5,1,19.2,3244.0,0.2489,1,이 점수 구간의 과거 실측 승률 29% (표본 11693건) · 거래량 밀집가 대비 -5.3% — 가치영역 근접 (실측 표본 적음) · 손익비 2280.0 (손절 +39.4% / 1차목표 +107.5%),중립 레짐 — 사이즈 50% 권장 · 추천가 대비 31.4% 이탈 — 추격 주의 · 가격 데이터 stale — 표시가와 실제가 다를 수 있음 · AI 알파모델 예측 하위 19% — 이 구간 실측 승률 25% — 픽 제외 구간,29.1,False,CARRY,1,85.0,1,0,3152.0,1.9261109623344368,-1.4571255424744134,-0.7857841014422107,0.8856366018608064,1,1.0,,0,45.5,pctl>0.30,0,,0,1.0
121,290550,디케이티,KOSDAQ,IT/전기전자,18390,91.22,3678.2,0.0,0.0,WAIT,OVERHEAT,3,False,1,False,28.9,28.9,4.2,53.6,0.0,0.0,22.0,19.3,53.6,33.0,4.36,0.0,RR4.4 + 진입적정,0,18390.0,16910.0,24850.0,34950.0,,0.54,1.73,22868,49.35,특이사항 없음,0,-25.7,37.8,-7.58,,,5일 급등,"과열(급등·MFI·RSI) — 실측 역신호, 관망",NORMAL,82.2,전자부품 제조업,9122417310.0,42.2,51.3,0,0,1.21,19.42,-22.24,-9.63,-41.06,67.18,-5.82,-7.27,95.04,0.525,0.15,1,12.0,0,0,1.07,0.42,0,0,0,0,-1,21703.0,-19.58,0.5932,False,X,▼,16500,▼,O,X,0.22,250,0,-1,1,1,,enter,100.0,NORMAL+PM_BLOCK_INTRADAY+EF:정상,8.05,6.0,4.4,normal,7.0,v1_sl_first_gap_at_open,NORMAL+PM_BLOCK_INTRADAY+EF:정상,SWING_20D,12,SWING_60D,2,,0,0.0,전자부품 제조업,28.983018867924528,12.636603773584905,4.0,79.7,0.0,0.12821409150936067,-0.0165758562514896,0.009900990099009901,OK,0.0,UNVALIDATED_MODEL,44.6235601656301,44.6235601656301,0.0,2,0,0.5,0.5,0.0,STRUCT+TIMING+SECTOR,default,default,default,70,20260805,20260805,,28.9,28.9,28.9,-12.0,-33.79,FRESH,0.291,,False,0.3,True,MATURE,11693.0,ALPHA_WIN_PROB,4.365,,1.81,0.0,상태 OVERHEAT — 신규진입 상태 아님(사이징 제외),0.3559,0.0,0.0,v40_alpha_tilt,,,,,,True,35.1,,ELITE_SCORE,MATURE,11693,2.4.0,OK,,100.0,ATTACK,OK,OK,OK,OK,OK,OK,OK,0,7,True,True,True,,0,GREEN,,,90.0,AVOID,0,POC 49↑ · 수익회복 패치 차단,0,0,0,0,,0.0,T=54<70,100.0,GREEN,,,0,False,0,BELOW_OFFICIAL_BAR,TOP_PICK=0,EBS 미통과/불명,30.0,IGNORE,IGNORE,NORMAL,0,0,0,0,0,0,0,0,0,CLEAR,,,0,0,0,0,0.0,,,,,,,,,,DISABLED_LOSS_DEFENSE,,,,,,True,False,True,True,False,True,True,True,0.0,0.0,0.0,0.0,20.0,0.0,0.0,0.0,20.0,0.5,False,True,False,3,False,0.0,0.0,G2RR×0.5 · G5추세붕괴3축,,0,0,0,,0.0,0,,False,0.0,0.0,True,PROFIT_RECOVERY: 단기상승+VWAP/POC 추격충돌 · 시장폭 82.2 · 5일 19.4%,False,True,,0,60.0,22.0,0,0,CAUTION,5일 상승 19.4% > 5%,BLOCK,FOMO_COLLISION,1,0.0,신규진입 차단,단기상승+VWAP/POC 추격충돌 · 시장폭 82.2 · 5일 19.4%,48.19,6,180,0,60.78,113,,-4.0,17654.0,"진입 후 D+1 종가 17,654원(-4%) 이탈 시 익일 조기청산 권고",46.2,"최근 20거래일 유니버스 실측 2일 상승률 46.2% (n=6,245) · 종목별 유의차 미검증",NO_EDGE_VALIDATED,OK,17103.0,20229.0,"손절 17,103(-7%)·본전전환 19,310(+5%)·1차익절 20,229(+10%) · ⚡ D+2내 18,758(+2%) 도달 시 절반 익절+잔여 본전 상향 (실측: 초반 급등 후 되돌림 -0.9%)",0,22.9,0,0,알파 10점 (진입선 85점 미달) · 손실방어 차단 · POC 확장 49% (추격 위험),alpha_gate_v32,CASH,0.0,,,1,NEUTRAL,"중립 레짐 — KOSPI 20일선 아래, 시장폭 82% (실측: 본전 구간 → 진입 허용하되 사이즈 50%)",0.5,1,10.5,19310.0,0.2489,1,이 점수 구간의 과거 실측 승률 29% (표본 11693건) · 손익비 4.4 (손절 -8.0% / 1차목표 +35.1%),중립 레짐 — 사이즈 50% 권장 · 거래량 밀집가 대비 +49.4% 확장 (실측 승률 12~23% — 추격 위험) · AI 알파모델 예측 하위 10% — 이 구간 실측 승률 25% — 픽 제외 구간,29.1,False,WAIT,1,85.0,1,0,18758.0,,,,,0,1.0,,0,9.6,pctl>0.30,0,,0,1.0
122,281820,케이씨텍,KOSPI,기타,70700,163.8,13997.7,0.0,0.0,WAIT,OVERHEAT,3,False,1,False,13.2,13.2,0.0,26.5,0.0,0.0,11.1,8.8,26.5,66.9,3.51,0.0,RR3.5 + 진입적정,0,70700.0,65000.0,90700.0,106000.0,,-0.07,0.9,85223,46.65,특이사항 없음,0,-34.6,29.6,-13.27,,,5일 급등,"과열(급등·MFI·RSI) — 실측 역신호, 관망",NORMAL,82.2,"측정, 시험, 항해, 제어 및 기타 정밀기기 제조업; 광학기기 제외",16380161600.0,28.3,71.69,0,0,0.71,21.06,-18.64,-23.9,3.51,53.7,-10.08,15.51,25.92,0.478,0.12,1,12.0,0,0,1.32,0.33,0,0,0,0,-1,89580.0,-17.04,1.1257,False,X,▲,59370,▼,O,X,6.84,250,0,1,1,1,110800.0,enter,100.0,NORMAL+PM_BLOCK_INTRADAY+EF:정상,8.06,5.0,3.5,normal,7.0,v1_sl_first_gap_at_open,NORMAL+PM_BLOCK_INTRADAY+EF:정상,ATR_2x,23,SWING_20D,5,BB_UPPER,5,0.0,"측정, 시험, 항해, 제어 및 기타 정밀기기 제조업; 광학기기 제외",22.15142857142857,8.541428571428572,9.0,84.0,0.0,0.14103859365528387,-0.07237920317508455,0.23214285714285715,OK,0.0,UNVALIDATED_MODEL,32.84298731640021,32.84298731640021,0.0,4,1,0.5,0.5,0.0,STRUCT+TIMING+SECTOR,default,default,default,70,20260805,20260805,,13.2,13.2,13.2,-12.0,-33.79,FRESH,0.291,,False,0.3,True,MATURE,11693.0,ALPHA_WIN_PROB,3.509,,1.81,0.0,상태 OVERHEAT — 신규진입 상태 아님(사이징 제외),0.3559,0.0,0.0,v40_alpha_tilt,,,,,,True,28.3,,ELITE_SCORE,MATURE,11693,2.4.0,OK,,100.0,ATTACK,OK,OK,OK,OK,OK,OK,OK,0,7,True,True,True,,0,GREEN,,,80.0,AVOID,0,POC 47↑ · 7월 손실방어 차단 · 수익회복 패치 차단,0,0,0,0,,0.0,T=26<70,100.0,GREEN,,,0,False,0,BELOW_OFFICIAL_BAR,TOP_PICK=0,,35.0,IGNORE,IGNORE,NORMAL,0,0,0,0,0,0,0,0,0,CLEAR,,,0,0,0,0,0.0,,,,,,,,,,DISABLED_LOSS_DEFENSE,,,,,,True,False,True,True,False,True,True,True,0.0,0.0,0.0,0.0,20.0,0.0,0.0,0.0,20.0,0.5,False,True,False,3,False,0.0,0.0,G2RR×0.5 · G5추세붕괴3축,,0,0,0,,0.0,0,,False,0.0,0.0,True,JULY_PROFIT_DEFENSE: 5일 과열 21.1% | PROFIT_RECOVERY: 단기상승+VWAP/POC 추격충돌 · 기존 guard/JULY 차단 · 시장폭 82.2 · 5일 21.1%,False,True,,0,56.0,0.0,0,1,BLOCK,5일 과열 21.1%,BLOCK,GUARD_BLOCK,1,0.0,신규진입 차단,단기상승+VWAP/POC 추격충돌 · 기존 guard/JULY 차단 · 시장폭 82.2 · 5일 21.1%,34.75,6,249,0,40.44,223,,-4.0,67872.0,"진입 후 D+1 종가 67,872원(-4%) 이탈 시 익일 조기청산 권고",46.2,"최근 20거래일 유니버스 실측 2일 상승률 46.2% (n=6,245) · 종목별 유의차 미검증",NO_EDGE_VALIDATED,OK,65751.0,77770.0,"손절 65,751(-7%)·본전전환 74,235(+5%)·1차익절 77,770(+10%) · ⚡ D+2내 72,114(+2%) 도달 시 절반 익절+잔여 본전 상향 (실측: 초반 급등 후 되돌림 -0.9%)",0,21.3,0,0,알파 10점 (진입선 85점 미달) · 손실방어 차단 · POC 확장 47% (추격 위험),alpha_gate_v32,CASH,0.0,,,1,NEUTRAL,"중립 레짐 — KOSPI 20일선 아래, 시장폭 82% (실측: 본전 구간 → 진입 허용하되 사이즈 50%)",0.5,1,10.2,74235.0,0.2489,1,이 점수 구간의 과거 실측 승률 29% (표본 11693건) · 손익비 3.5 (손절 -8.1% / 1차목표 +28.3%),중립 레짐 — 사이즈 50% 권장 · 거래량 밀집가 대비 +46.6% 확장 (실측 승률 12~23% — 추격 위험) · AI 알파모델 예측 하위 10% — 이 구간 실측 승률 25% — 픽 제외 구간,29.1,False,WAIT,1,85.0,1,0,72114.0,,,,,0,1.0,,0,2.5,pctl>0.30,0,,0,1.0
123,034730,SK,KOSPI,금융,562000,1068.89,407465.2,0.0,0.0,WAIT,WAIT,3,False,0,True,13.3,13.3,7.4,19.2,0.0,0.0,10.3,8.9,19.2,76.0,2.18,1.1,RR2.2 + 진입적정,0,556000.0,511000.0,673000.0,883000.0,,0.37,0.76,645763,60.6,특이사항 없음,0,-17.13,44.9,-2.79,,,저점 이탈,추세 관망,NORMAL,82.2,기타 금융업,106889383000.0,37.3,35.68,0,0,8.49,14.93,-9.94,-10.22,2.18,69.53,3.6,14.18,41.75,0.399,0.16,1,12.0,1,0,0.97,0.5,25290,-4496,20794,0,-1,660100.0,-12.97,0.4284,False,O,▲,516826,▼,O,X,6.18,250,0,1,1,1,,enter,100.0,NORMAL+PM_BLOCK_INTRADAY+EF:정상,8.09,4.0,2.6,normal,7.0,v1_sl_first_gap_at_open,NORMAL+PM_BLOCK_INTRADAY+EF:정상,SWING_20D,23,SWING_60D,2,,0,0.0,기타 금융업,14.904375,12.145312500000001,11.0,85.0,0.0,0.10390188103711236,-0.0441318649713179,0.23076923076923078,OK,0.0,UNVALIDATED_MODEL,26.236862949188783,26.236862949188783,0.0,2,0,0.5,0.5,0.0,STRUCT+TIMING+SECTOR,default,default,default,70,20260805,20260805,,13.3,13.3,13.3,-12.0,-33.79,FRESH,0.291,,False,0.3,True,MATURE,11693.0,ALPHA_WIN_PROB,2.6,,1.81,0.0,상태 WAIT — 신규진입 상태 아님(사이징 제외),0.3559,0.0,0.0,v40_alpha_tilt,,,,,,True,19.8,,ELITE_SCORE,MATURE,11693,2.4.0,OK,,100.0,ATTACK,OK,OK,OK,OK,OK,OK,OK,0,7,True,True,True,,0,GREEN,,,90.0,AVOID,0,POC 61↑ · 수익회복 패치 차단,0,0,0,0,,0.0,T=19<70,100.0,GREEN,,,0,False,0,BELOW_OFFICIAL_BAR,TOP_PICK=0,EBS 미통과/불명,30.0,IGNORE,IGNORE,NORMAL,0,0,0,0,0,0,0,0,0,CLEAR,,,0,0,0,0,0.0,,,,,,,,,,DISABLED_LOSS_DEFENSE,,,,,,True,False,True,True,False,True,True,True,0.0,0.0,0.0,0.0,20.0,0.0,0.0,0.0,20.0,0.5,False,True,False,3,False,0.0,0.0,G2RR×0.5 · G5추세붕괴3축,,0,0,0,,0.0,0,,False,0.0,0.0,True,PROFIT_RECOVERY: 단기상승+VWAP/POC 추격충돌 · 시장폭 82.2 · 5일 14.9%,False,True,,0,54.0,10.0,0,0,CAUTION,5일 상승 14.9% > 5% · POC 60.6 > 60,BLOCK,FOMO_COLLISION,1,0.0,신규진입 차단,단기상승+VWAP/POC 추격충돌 · 시장폭 82.2 · 5일 14.9%,44.17,6,208,0,43.37,210,,-4.0,533760.0,"진입 후 D+1 종가 533,760원(-4%) 이탈 시 익일 조기청산 권고",46.2,"최근 20거래일 유니버스 실측 2일 상승률 46.2% (n=6,245) · 종목별 유의차 미검증",NO_EDGE_VALIDATED,OK,517080.0,611600.0,"손절 517,080(-7%)·본전전환 583,800(+5%)·1차익절 611,600(+10%) · ⚡ D+2내 567,120(+2%) 도달 시 절반 익절+잔여 본전 상향 (실측: 초반 급등 후 되돌림 -0.9%)",0,21.3,0,0,알파 24점 (진입선 85점 미달) · 손실방어 차단 · POC 확장 61% (추격 위험),alpha_gate_v32,CASH,0.0,,,1,NEUTRAL,"중립 레짐 — KOSPI 20일선 아래, 시장폭 82% (실측: 본전 구간 → 진입 허용하되 사이즈 50%)",0.5,1,23.8,583800.0,0.2452,1,이 점수 구간의 과거 실측 승률 29% (표본 11693건) · 손익비 2.2 (손절 -9.1% / 1차목표 +19.8%),중립 레짐 — 사이즈 50% 권장 · 거래량 밀집가 대비 +60.6% 확장 (실측 승률 12~23% — 추격 위험) · AI 알파모델 예측 하위 24% — 이 구간 실측 승률 25% — 픽 제외 구간,29.1,False,WAIT,1,85.0,1,0,567120.0,,,,,0,1.0,,0,24.5,pctl>0.30,0,,0,1.0
124,089030,테크윙,KOSDAQ,조선·기계·설비,47900,307.67,17748.7,0.0,0.0,OVERHEAT,OVERHEAT,5,False,1,False,39.7,39.7,54.7,24.7,0.0,0.0,23.8,26.5,54.7,31.6,1.61,0.0,RR1.6 + 진입적정,0,47900.0,44050.0,54100.0,58400.0,,2.59,0.48,54837,-7.06,특이사항 없음,0,-16.11,45.6,8.17,거래품질 우수,,5일 급등,"과열(급등·MFI·RSI) — 실측 역신호, 관망",NORMAL,82.2,특수 목적용 기계 제조업,30766836300.0,62.1,48.77,0,0,-0.42,39.24,3.68,16.55,-19.22,6.68,20.36,14.57,34.54,0.845,0.277,0,12.0,1,0,2.21,0.72,0,0,0,1,-1,48990.0,-12.65,1.0559,False,X,▼,40509,▲,O,X,4.99,250,0,-1,1,1,74000.0,enter,100.0,NORMAL+PM_BLOCK_INTRADAY+EF:정상,8.04,5.0,1.6,normal,7.0,v1_sl_first_gap_at_open,NORMAL+PM_BLOCK_INTRADAY+EF:정상,SWING_20D,46,ATR_2x,23,SWING_60D,5,0.0,특수 목적용 기계 제조업,27.58121951219512,8.227560975609755,6.0,60.3,0.0,0.10896957948106173,-0.013362171325036242,0.0,OK,0.0,UNVALIDATED_MODEL,36.59869107475183,36.59869107475183,0.0,6,1,0.5,0.5,0.0,STRUCT+TIMING+SECTOR,default,default,default,70,20260805,20260805,,39.7,39.7,39.7,-12.0,-33.79,FRESH,0.291,,False,0.3,True,MATURE,11693.0,ALPHA_WIN_PROB,1.61,,1.61,0.0,상태 OVERHEAT — 신규진입 상태 아님(사이징 제외),0.3831,0.0,0.0,v40_alpha_tilt,,,,,,True,12.9,,ELITE_SCORE,MATURE,11693,2.4.0,OK,,100.0,ATTACK,OK,OK,OK,OK,OK,OK,OK,0,7,True,True,True,,0,GREEN,,,0.0,AVOID,0,5일 +39% · 7월 손실방어 차단 · 수익회복 패치 차단,0,1,0,0,,0.0,T=25<70 · S=55≥50,100.0,GREEN,,,0,False,0,BELOW_OFFICIAL_BAR,TOP_PICK=0,,15.0,IGNORE,IGNORE,NORMAL,0,0,0,0,0,0,0,0,0,CLEAR,,,0,0,0,0,0.0,,,,,,,,,,DISABLED_LOSS_DEFENSE,,,,,,True,False,True,True,True,True,True,True,0.0,0.0,0.0,0.0,0.0,0.0,0.0,0.0,0.0,0.5,False,False,False,2,False,11.9,0.5,G2RR×0.5,,0,0,0,,11.9,0,과열이나 GUARD 미통과 — 레인 제외,False,0.0,0.0,True,JULY_PROFIT_DEFENSE: 5일 과열 39.2% | PROFIT_RECOVERY: 기존 guard/JULY 차단 · 시장폭 82.2 · 5일 39.2%,False,True,,0,66.0,40.0,0,1,BLOCK,5일 과열 39.2%,BLOCK,GUARD_BLOCK,1,0.0,신규진입 차단,기존 guard/JULY 차단 · 시장폭 82.2 · 5일 39.2%,43.91,6,211,0,59.73,121,,-4.0,45984.0,"진입 후 D+1 종가 45,984원(-4%) 이탈 시 익일 조기청산 권고",46.2,"최근 20거래일 유니버스 실측 2일 상승률 46.2% (n=6,245) · 종목별 유의차 미검증",NO_EDGE_VALIDATED,CAUTION,44547.0,52690.0,"⚠️ 과열/추격 주의 · 손절 44,547(-7%)·본전전환 50,295(+5%)·1차익절 52,690(+10%) · ⚡ D+2내 48,858(+2%) 도달 시 절반 익절+잔여 본전 상향 (실측: 초반 급등 후 되돌림 -0.9%)",0,21.0,0,0,알파 24점 (진입선 85점 미달) · 손실방어 차단,alpha_gate_v32,CASH,0.0,,,0,NEUTRAL,"중립 레짐 — KOSPI 20일선 아래, 시장폭 82% (실측: 본전 구간 → 진입 허용하되 사이즈 50%)",0.5,1,23.5,50295.0,0.2452,1,이 점수 구간의 과거 실측 승률 29% (표본 11693건) · 거래량 밀집가 대비 -7.1% — 가치영역 근접 (실측 표본 적음) · 손익비 1.6 (손절 -8.0% / 1차목표 +12.9%),중립 레짐 — 사이즈 50% 권장 · AI 알파모델 예측 하위 24% — 이 구간 실측 승률 25% — 픽 제외 구간,29.1,True,OVERHEAT,1,85.0,1,0,48858.0,,,,,0,1.0,,0,27.6,pctl>0.30,0,,0,1.0
125,000990,DB하이텍,KOSPI,반도체,90000,597.38,39154.1,0.0,0.0,WAIT,OVERHEAT,3,False,0,False,9.6,9.6,2.4,16.9,0.0,0.0,8.0,6.4,16.9,78.9,2.06,1.6,RR2.1 + 진입적정,0,88600.0,81500.0,107500.0,124100.0,,-0.17,1.49,150178,-42.23,특이사항 없음,0,-31.51,32.7,-9.83,,,5일 급등,"과열(급등·MFI·RSI) — 실측 역신호, 관망",NORMAL,82.2,반도체 제조업,59738027900.0,40.6,62.01,0,0,5.88,20.16,-15.01,-19.5,-46.46,-13.79,-5.68,-34.46,-41.57,0.836,0.152,0,12.0,1,0,1.02,0.38,0,0,0,0,-1,101160.0,-40.07,0.7809,False,X,▲,75807,▼,O,X,14.0,250,0,1,-1,1,130800.0,hold,0.0,NORMAL+PM_BLOCK_INTRADAY+EF:갭 12%+ 진입 보류+ENTRY:hold,8.01,5.0,2.7,normal,7.0,v1_sl_first_gap_at_open,NORMAL+PM_BLOCK_INTRADAY+EF:갭 12%+ 진입 보류+ENTRY:hold,ATR_2x,23,SWING_20D,5,BB_UPPER,5,0.0,반도체 제조업,29.595714285714283,5.586428571428571,8.0,89.4,0.0,0.10476190476190476,-0.019877686539873367,0.0,OK,0.0,UNVALIDATED_MODEL,37.67155219235626,37.67155219235626,0.0,2,0,0.5,0.5,0.0,STRUCT+TIMING+SECTOR,default,default,default,70,20260805,20260805,,9.6,9.6,9.6,-12.0,-33.79,FRESH,0.291,,False,0.3,True,MATURE,11693.0,ALPHA_WIN_PROB,2.662,,1.81,0.0,상태 OVERHEAT — 신규진입 상태 아님(사이징 제외),0.3559,0.0,0.0,v40_alpha_tilt,,,,,,True,19.4,,ELITE_SCORE,MATURE,11693,2.4.0,OK,,100.0,ATTACK,OK,OK,OK,OK,OK,OK,OK,0,7,True,True,True,,0,GREEN,,,90.0,AVOID,0,7월 손실방어 차단,0,0,0,0,,0.0,T=17<70,100.0,GREEN,,,0,False,0,ENTRY_READY_BUT_NOT_TOP_PICK,TOP_PICK=0,진입조건은 양호하나 공식 Top Pick 아님,45.0,ENTRY_CLEAN_OBSERVE,ENTRY_CLEAN_OBSERVE,NORMAL,0,0,0,0,0,0,0,0,0,CLEAR,,,0,0,0,0,0.0,,,,,,,,,,DISABLED_LOSS_DEFENSE,,,,,,True,False,True,True,False,True,True,True,0.0,0.0,0.0,0.0,20.0,0.0,0.0,0.0,20.0,0.5,False,True,False,4,False,0.0,0.0,G2RR×0.5 · G5추세붕괴4축,,0,0,0,,0.0,0,,False,0.0,0.0,True,JULY_PROFIT_DEFENSE: 5일 과열 20.2%,False,True,,0,54.0,21.0,0,1,BLOCK,5일 과열 20.2%,BLOCK,GUARD_BLOCK,1,0.0,신규진입 차단,기존 guard/JULY 차단 · 시장폭 82.2 · 5일 20.2%,37.77,6,239,0,33.9,245,,-4.0,85056.0,"진입 후 D+1 종가 85,056원(-4%) 이탈 시 익일 조기청산 권고",46.2,"최근 20거래일 유니버스 실측 2일 상승률 46.2% (n=6,245) · 종목별 유의차 미검증",NO_EDGE_VALIDATED,OK,82398.0,97460.0,"손절 82,398(-7%)·본전전환 93,030(+5%)·1차익절 97,460(+10%) · ⚡ D+2내 90,372(+2%) 도달 시 절반 익절+잔여 본전 상향 (실측: 초반 급등 후 되돌림 -0.9%)",0,21.0,0,0,알파 44점 (진입선 85점 미달) · 손실방어 차단,alpha_gate_v32,CASH,0.0,,,0,NEUTRAL,"중립 레짐 — KOSPI 20일선 아래, 시장폭 82% (실측: 본전 구간 → 진입 허용하되 사이즈 50%)",0.5,1,43.7,93030.0,0.2713,1,이 점수 구간의 과거 실측 승률 29% (표본 11693건) · 거래량 밀집가 대비 -42.2% — 가치영역 근접 (실측 표본 적음) · 손익비 2.1 (손절 -9.4% / 1차목표 +19.4%),중립 레짐 — 사이즈 50% 권장,29.1,True,WAIT,1,85.0,1,0,90372.0,,,,,0,1.0,,0,5.0,pctl>0.30,0,,0,1.0
126,000660,SK하이닉스,KOSPI,반도체,1668000,66216.51,12184612.6,0.0,0.0,WAIT,OVERHEAT,3,False,0,False,3.0,3.0,3.7,2.4,0.0,0.0,2.2,2.0,3.7,95.4,4.21,1.5,밸런스우수 + RR4.2 + 진입적정,0,1643000.0,1511000.0,2329000.0,2987000.0,,-1.26,0.57,2088771,69.1,특이사항 없음,0,-25.74,38.8,-6.95,,,5일 급등,"과열(급등·MFI·RSI) — 실측 역신호, 관망",NORMAL,82.2,반도체 제조업,6621650676150.0,33.5,52.77,0,0,5.77,19.06,-8.85,-24.22,-1.07,98.1,-10.4,10.93,70.32,0.496,0.135,1,12.0,0,0,0.92,0.39,470376,88404,558780,0,-1,1961300.0,-20.14,0.8338,False,X,▲,1481510,▲,O,X,7.36,250,0,1,1,1,,split,50.0,NORMAL+WARN:mcap=12184613억 — 원 단위 혼입 의심(>1000조)+PM_BLOCK_INTRADAY+EF:갭 7%+ 분할 진입+ENTRY:split,8.03,4.0,5.2,normal,7.0,v1_sl_first_gap_at_open,NORMAL+WARN:mcap=12184613억 — 원 단위 혼입 의심(>1000조)+PM_BLOCK_INTRADAY+EF:갭 7%+ 분할 진입+ENTRY:split,SWING_20D,12,SWING_60D,2,,0,0.0,반도체 제조업,29.595714285714283,5.586428571428571,8.0,59.7,0.0,0.11921891058581707,-0.09536753751476153,0.14814814814814814,OK,0.0,UNVALIDATED_MODEL,11.12613103004181,11.12613103004181,0.0,2,0,0.5,0.5,0.0,STRUCT+TIMING+SECTOR,default,default,default,70,20260805,20260805,,3.0,3.0,3.0,-12.0,-33.79,FRESH,0.291,,False,0.3,True,MATURE,11693.0,ALPHA_WIN_PROB,5.197,,1.81,0.0,상태 OVERHEAT — 신규진입 상태 아님(사이징 제외),0.3559,0.0,0.0,v40_alpha_tilt,,,,,,True,39.6,,ELITE_SCORE,MATURE,11693,2.4.0,OK,,100.0,ATTACK,OK,OK,OK,OK,OK,OK,OK,0,7,True,True,True,,0,GREEN,,,80.0,AVOID,0,POC 69↑ · 수익회복 패치 차단,0,0,0,0,,0.0,T=2<70,100.0,GREEN,,,0,False,0,BELOW_OFFICIAL_BAR,TOP_PICK=0,EBS 미통과/불명,30.0,IGNORE,IGNORE,NORMAL,0,0,0,0,0,0,0,0,0,CLEAR,,,0,0,0,0,0.0,,,,,,,,,,DISABLED_LOSS_DEFENSE,,,,,,True,False,True,True,True,True,True,True,0.0,0.0,0.0,0.0,0.0,0.0,0.0,0.0,0.0,0.5,False,False,False,2,False,1.1,0.5,G2RR×0.5,,0,0,0,,1.1,0,,False,0.0,0.0,True,PROFIT_RECOVERY: 단기상승+VWAP/POC 추격충돌 · 시장폭 82.2 · 5일 19.1%,False,True,,0,54.0,18.0,0,0,CAUTION,5일 상승 19.1% > 5% · POC 69.1 > 60,BLOCK,FOMO_COLLISION,1,0.0,신규진입 차단,단기상승+VWAP/POC 추격충돌 · 시장폭 82.2 · 5일 19.1%,31.84,6,262,0,24.12,274,,-4.0,1577280.0,"진입 후 D+1 종가 1,577,280원(-4%) 이탈 시 익일 조기청산 권고",46.2,"최근 20거래일 유니버스 실측 2일 상승률 46.2% (n=6,245) · 종목별 유의차 미검증",NO_EDGE_VALIDATED,OK,1527990.0,1807300.0,"손절 1,527,990(-7%)·본전전환 1,725,150(+5%)·1차익절 1,807,300(+10%) · ⚡ D+2내 1,675,860(+2%) 도달 시 절반 익절+잔여 본전 상향 (실측: 초반 급등 후 되돌림 -0.9%)",0,20.3,0,0,알파 9점 (진입선 85점 미달) · 손실방어 차단 · POC 확장 69% (추격 위험),alpha_gate_v32,CASH,0.0,,,1,NEUTRAL,"중립 레짐 — KOSPI 20일선 아래, 시장폭 82% (실측: 본전 구간 → 진입 허용하되 사이즈 50%)",0.5,1,8.7,1725150.0,0.2386,1,이 점수 구간의 과거 실측 승률 29% (표본 11693건) · 손익비 4.2 (손절 -9.4% / 1차목표 +39.6%),중립 레짐 — 사이즈 50% 권장 · 거래량 밀집가 대비 +69.1% 확장 (실측 승률 12~23% — 추격 위험) · AI 알파모델 예측 하위 9% — 이 구간 실측 승률 24% — 픽 제외 구간,29.1,False,WAIT,1,85.0,1,0,1675860.0,,,,,0,1.0,,0,9.3,pctl>0.30,1,"⛔ 위험구간 — 알파 하위10% + 저점추세 하위30% (실측 5일 -2.88%·승률 21.5%, 20일 승률 10.8%) · 보유 중이면 정리 검토",0,1.0
127,042700,한미반도체,KOSPI,반도체,209000,1307.2,199202.5,0.0,0.0,WAIT,OVERHEAT,3,False,1,False,0.6,0.6,0.0,1.3,0.0,0.0,0.6,0.4,1.3,98.4,3.93,0.0,밸런스우수 + RR3.9 + 진입적정,0,209000.0,192200.0,275000.0,304500.0,,1.07,0.6,281985,-31.31,특이사항 없음,0,-21.88,33.4,-0.16,,,5일 급등,"과열(급등·MFI·RSI) — 실측 역신호, 관망",NORMAL,82.2,특수 목적용 기계 제조업,130720205500.0,35.9,44.03,0,0,2.96,24.7,-2.79,-0.71,-46.41,8.01,13.11,-34.41,-19.77,0.919,0.139,0,12.0,1,0,1.69,0.48,0,0,0,0,-1,236940.0,-25.88,0.7032,False,X,▼,186173,▲,O,X,6.65,250,0,-1,-1,1,426000.0,enter,100.0,NORMAL+PM_BLOCK_INTRADAY+EF:정상,8.04,4.0,3.9,normal,7.0,v1_sl_first_gap_at_open,NORMAL+PM_BLOCK_INTRADAY+EF:정상,SWING_20D,12,VP_RESISTANCE,5,SWING_60D,2,0.0,특수 목적용 기계 제조업,29.595714285714283,5.586428571428571,8.0,68.5,0.0,0.11120984278879015,0.007430352157690742,0.037037037037037035,OK,0.0,UNVALIDATED_MODEL,23.64482112322439,23.64482112322439,0.0,4,1,0.5,0.5,0.0,STRUCT+TIMING+SECTOR,default,default,default,70,20260805,20260805,,0.6,0.6,0.6,-12.0,-33.79,FRESH,0.291,,False,0.3,True,MATURE,11693.0,ALPHA_WIN_PROB,3.929,,1.81,0.0,상태 OVERHEAT — 신규진입 상태 아님(사이징 제외),0.3559,0.0,0.0,v40_alpha_tilt,,,,,,True,31.6,,ELITE_SCORE,MATURE,11693,2.4.0,OK,,100.0,ATTACK,OK,OK,OK,OK,OK,OK,OK,0,7,True,True,True,,0,GREEN,,,100.0,AVOID,0,7월 손실방어 차단 · 수익회복 패치 차단,0,0,0,0,,0.0,T=1<70,100.0,GREEN,,,0,False,0,ENTRY_READY_BUT_NOT_TOP_PICK,TOP_PICK=0,진입조건은 양호하나 공식 Top Pick 아님,50.0,ENTRY_CLEAN_OBSERVE,ENTRY_CLEAN_OBSERVE,NORMAL,0,0,0,0,0,0,0,0,0,CLEAR,,,0,0,0,0,0.0,,,,,,,,,,DISABLED_LOSS_DEFENSE,,,,,,True,False,True,True,False,True,True,True,0.0,0.0,0.0,0.0,20.0,0.0,0.0,0.0,20.0,0.5,False,True,False,3,False,0.0,0.0,G2RR×0.5 · G5추세붕괴3축,,0,0,0,,0.0,0,,False,0.0,0.0,True,JULY_PROFIT_DEFENSE: 5일 과열 24.7% | PROFIT_RECOVERY: 기존 guard/JULY 차단 · 시장폭 82.2 · 5일 24.7%,False,True,,0,62.0,27.0,0,1,BLOCK,5일 과열 24.7%,BLOCK,GUARD_BLOCK,1,0.0,신규진입 차단,기존 guard/JULY 차단 · 시장폭 82.2 · 5일 24.7%,27.81,6,278,0,21.34,280,,-4.0,200640.0,"진입 후 D+1 종가 200,640원(-4%) 이탈 시 익일 조기청산 권고",46.2,"최근 20거래일 유니버스 실측 2일 상승률 46.2% (n=6,245) · 종목별 유의차 미검증",NO_EDGE_VALIDATED,OK,194370.0,229900.0,"손절 194,370(-7%)·본전전환 219,450(+5%)·1차익절 229,900(+10%) · ⚡ D+2내 213,180(+2%) 도달 시 절반 익절+잔여 본전 상향 (실측: 초반 급등 후 되돌림 -0.9%)",0,20.1,0,0,알파 52점 (진입선 85점 미달) · 손실방어 차단,alpha_gate_v32,CASH,0.0,,,0,NEUTRAL,"중립 레짐 — KOSPI 20일선 아래, 시장폭 82% (실측: 본전 구간 → 진입 허용하되 사이즈 50%)",0.5,1,52.0,219450.0,0.2958,1,이 점수 구간의 과거 실측 승률 29% (표본 11693건) · 거래량 밀집가 대비 -31.3% — 가치영역 근접 (실측 표본 적음) · 손익비 3.9 (손절 -8.0% / 1차목표 +31.6%),중립 레짐 — 사이즈 50% 권장,29.1,True,WAIT,1,85.0,1,0,213180.0,,,,,0,1.0,,0,14.9,pctl>0.30,0,,0,1.0
128,295310,에이치브이엠,KOSDAQ,철강·금속,43300,89.73,5216.2,0.0,0.0,OVERHEAT,OVERHEAT,5,False,1,False,44.8,44.8,32.2,57.4,0.0,0.0,30.4,29.9,57.4,28.2,2.46,0.0,RR2.5 + 진입적정,0,43300.0,39800.0,51900.0,144000.0,,1.63,1.61,87080,-52.18,특이사항 없음,0,-22.04,49.9,6.7,,,5일 급등,"과열(급등·MFI·RSI) — 실측 역신호, 관망",NORMAL,82.2,1차 비철금속 제조업,8973167925.0,70.0,45.99,0,0,-4.84,36.16,10.46,-15.76,-51.84,-44.34,-11.95,-18.05,-16.48,0.975,0.034,0,12.0,1,0,1.57,0.62,0,0,0,1,1,28860.0,-50.28,1.0576,False,X,▼,36195,▲,O,X,2.42,250,0,-1,-1,1,,enter,100.0,NORMAL+PM_BLOCK_INTRADAY+EF:정상,8.08,5.0,2.5,normal,7.0,v1_sl_first_gap_at_open,NORMAL+PM_BLOCK_INTRADAY+EF:정상,SWING_20D,23,SWING_60D,2,,0,0.0,1차 비철금속 제조업,26.61,16.16375,3.0,70.4,0.0,0.11019465522929726,-0.0013835450026820604,0.0,OK,0.0,UNVALIDATED_MODEL,53.5,53.5,0.0,6,1,0.5,0.5,0.0,STRUCT+TIMING+SECTOR,default,default,default,70,20260805,20260805,,44.8,44.8,44.8,-12.0,-33.79,FRESH,0.266,,False,0.3,True,MATURE,11693.0,ALPHA_WIN_PROB,2.457,,1.81,0.0,상태 OVERHEAT — 신규진입 상태 아님(사이징 제외),0.3559,0.0,0.0,v40_alpha_tilt,,,,,,True,19.9,,ELITE_SCORE,MATURE,11693,2.4.0,OK,,100.0,ATTACK,OK,OK,OK,OK,OK,OK,OK,0,7,True,True,True,,0,GREEN,,,0.0,AVOID,0,5일 +36% · 7월 손실방어 차단 · 수익회복 패치 차단,0,1,0,0,,0.0,T=57<70,100.0,GREEN,,,0,False,0,BELOW_OFFICIAL_BAR,TOP_PICK=0,,15.0,IGNORE,IGNORE,NORMAL,0,0,0,0,0,0,0,0,0,CLEAR,,,0,0,0,0,0.0,,,,,,,,,,DISABLED_LOSS_DEFENSE,,,,,,True,False,True,True,True,True,True,True,0.0,0.0,0.0,0.0,0.0,0.0,0.0,0.0,0.0,0.5,False,False,False,1,False,15.2,0.5,G2RR×0.5,,0,0,0,,15.2,0,과열이나 GUARD 미통과 — 레인 제외,False,0.0,0.0,True,JULY_PROFIT_DEFENSE: 5일 과열 36.2% | PROFIT_RECOVERY: 기존 guard/JULY 차단 · 시장폭 82.2 · 5일 36.2%,False,True,,0,66.0,39.0,0,1,BLOCK,5일 과열 36.2%,BLOCK,GUARD_BLOCK,1,0.0,신규진입 차단,기존 guard/JULY 차단 · 시장폭 82.2 · 5일 36.2%,53.69,6,147,0,71.19,51,,-4.0,41568.0,"진입 후 D+1 종가 41,568원(-4%) 이탈 시 익일 조기청산 권고",46.2,"최근 20거래일 유니버스 실측 2일 상승률 46.2% (n=6,245) · 종목별 유의차 미검증",NO_EDGE_VALIDATED,CAUTION,40269.0,47630.0,"⚠️ 과열/추격 주의 · 손절 40,269(-7%)·본전전환 45,465(+5%)·1차익절 47,630(+10%) · ⚡ D+2내 44,166(+2%) 도달 시 절반 익절+잔여 본전 상향 (실측: 초반 급등 후 되돌림 -0.9%)",0,19.5,0,0,알파 55점 (진입선 85점 미달) · 손실방어 차단,alpha_gate_v32,CASH,0.0,,,0,NEUTRAL,"중립 레짐 — KOSPI 20일선 아래, 시장폭 82% (실측: 본전 구간 → 진입 허용하되 사이즈 50%)",0.5,1,55.4,45465.0,0.2958,1,이 점수 구간의 과거 실측 승률 27% (표본 11693건) · 거래량 밀집가 대비 -52.2% — 가치영역 근접 (실측 표본 적음) · 손익비 2.5 (손절 -8.1% / 1차목표 +19.9%),중립 레짐 — 사이즈 50% 권장,26.6,True,OVERHEAT,1,85.0,1,0,44166.0,,,,,0,1.0,,0,14.6,pctl>0.30,0,,0,1.0
129,066570,LG전자,KOSPI,IT/전기전자,179500,2377.38,292377.9,0.0,0.0,WAIT,OVERHEAT,3,False,0,False,46.5,46.5,37.7,55.3,0.0,0.0,31.2,31.0,55.3,30.9,1.58,2.5,RR1.6,0,175200.0,161100.0,208500.0,438000.0,,2.28,0.89,234416,48.01,특이사항 없음,0,-12.84,44.5,3.33,,,5일 급등,"과열(급등·MFI·RSI) — 실측 역신호, 관망",NORMAL,82.2,통신 및 방송 장비 제조업,237737997900.0,41.5,31.5,0,0,8.46,19.27,-1.75,-5.08,16.48,78.96,8.74,28.48,51.18,0.491,0.161,1,12.0,1,0,0.8,0.56,2154,23335,25489,1,-1,192860.0,-23.43,0.4936,False,X,▲,155861,▲,O,X,3.26,250,0,1,1,1,,enter,100.0,NORMAL+PM_BLOCK_INTRADAY+EF:정상,8.05,4.0,2.4,normal,7.0,v1_sl_first_gap_at_open,NORMAL+PM_BLOCK_INTRADAY+EF:정상,SWING_20D,23,SWING_60D,2,,0,0.0,통신 및 방송 장비 제조업,28.983018867924528,12.636603773584905,4.0,61.0,0.0,0.07707918822124951,-0.0030030915639179816,0.13934426229508196,OK,0.0,UNVALIDATED_MODEL,46.15416081548977,46.15416081548977,0.0,2,0,0.5,0.5,0.0,STRUCT+TIMING+SECTOR,default,default,default,70,20260805,20260805,,46.5,46.5,46.5,-12.0,-33.79,FRESH,0.263,,False,0.3,True,MATURE,11693.0,ALPHA_WIN_PROB,2.362,,1.81,0.0,상태 OVERHEAT — 신규진입 상태 아님(사이징 제외),0.3559,0.0,0.0,v40_alpha_tilt,,,,,,True,16.2,,ELITE_SCORE,MATURE,11693,2.4.0,OK,,100.0,ATTACK,OK,OK,OK,OK,OK,OK,OK,0,7,True,True,True,,0,GREEN,,,90.0,AVOID,0,POC 48↑ · 수익회복 패치 차단,0,0,0,0,,0.0,T=55<70,100.0,GREEN,,,0,False,0,BELOW_OFFICIAL_BAR,TOP_PICK=0,EBS 미통과/불명,30.0,IGNORE,IGNORE,NORMAL,0,0,0,0,0,0,0,0,0,CLEAR,,,0,0,0,0,0.0,,,,,,,,,,DISABLED_LOSS_DEFENSE,,,,,,True,False,True,True,True,True,True,True,0.0,0.0,0.0,0.0,0.0,0.0,0.0,0.0,0.0,0.5,False,False,False,1,False,15.6,0.5,G2RR×0.5,,0,0,0,,15.6,0,,False,0.0,0.0,True,PROFIT_RECOVERY: 단기상승+VWAP/POC 추격충돌 · 시장폭 82.2 · 5일 19.3%,False,True,,0,60.0,35.0,0,0,CAUTION,5일 상승 19.3% > 5%,BLOCK,FOMO_COLLISION,1,0.0,신규진입 차단,단기상승+VWAP/POC 추격충돌 · 시장폭 82.2 · 5일 19.3%,59.24,6,106,0,74.67,34,,-4.0,168192.0,"진입 후 D+1 종가 168,192원(-4%) 이탈 시 익일 조기청산 권고",46.2,"최근 20거래일 유니버스 실측 2일 상승률 46.2% (n=6,245) · 종목별 유의차 미검증",NO_EDGE_VALIDATED,OK,162936.0,192720.0,"손절 162,936(-7%)·본전전환 183,960(+5%)·1차익절 192,720(+10%) · ⚡ D+2내 178,704(+2%) 도달 시 절반 익절+잔여 본전 상향 (실측: 초반 급등 후 되돌림 -0.9%)",0,18.6,0,0,알파 24점 (진입선 85점 미달) · 손실방어 차단 · POC 확장 48% (추격 위험),alpha_gate_v32,CASH,0.0,,,1,NEUTRAL,"중립 레짐 — KOSPI 20일선 아래, 시장폭 82% (실측: 본전 구간 → 진입 허용하되 사이즈 50%)",0.5,1,24.1,183960.0,0.2452,1,이 점수 구간의 과거 실측 승률 26% (표본 11693건) · 손익비 1.6 (손절 -10.3% / 1차목표 +16.2%),중립 레짐 — 사이즈 50% 권장 · 거래량 밀집가 대비 +48.0% 확장 (실측 승률 12~23% — 추격 위험) · AI 알파모델 예측 하위 24% — 이 구간 실측 승률 25% — 픽 제외 구간,26.3,False,WAIT,1,85.0,1,0,178704.0,,,,,1,1.0,,0,38.1,pctl>0.30,0,,0,1.0
130,086280,현대글로비스,KOSPI,서비스 기타,205500,244.85,154125.0,0.0,0.0,WAIT,ATTACK,3,True,1,False,44.8,44.8,66.5,23.2,0.0,0.0,7.6,29.9,66.5,16.9,0.58,0.0,진입적정,0,205500.0,189000.0,215000.0,228500.0,🚀급등시동/📦박스돌파,1.65,0.6,222533,-17.64,특이사항 없음,4,3.39,61.7,5.96,저점추세 양호,,,알파 상위 + MA20위·저점상승 확인 — 진입 우선,NORMAL,82.2,기타 운송관련 서비스업,24484826250.0,60.8,15.63,0,0,2.75,9.13,5.49,4.79,-18.13,-14.73,18.61,-6.13,-42.51,0.809,0.284,0,11.0,1,1,1.17,0.75,0,0,0,1,-1,217520.0,-7.65,0.0842,False,X,▼,200203,▲,O,X,1.75,250,0,-1,-1,1,250000.0,enter,100.0,NORMAL+PM_BLOCK_INTRADAY+EF:정상,8.03,4.0,0.6,normal,7.0,v1_sl_first_gap_at_open,NORMAL+PM_BLOCK_INTRADAY+EF:정상,SWING_20D,46,ATR_2x,23,VP_RESISTANCE,5,0.0,기타 운송관련 서비스업,12.922941176470587,7.686470588235293,13.0,21.6,0.0,0.055231143552311436,0.01842820111469237,0.4166666666666667,OK,0.0,UNVALIDATED_MODEL,38.88464767127716,38.88464767127716,0.0,10,1,0.5,0.5,0.0,STRUCT+TIMING+SECTOR,default,default,default,70,20260805,20260805,,44.8,44.8,44.8,-12.0,-33.79,FRESH,0.291,,False,0.3,True,MATURE,11693.0,ALPHA_WIN_PROB,0.576,,0.576,0.0,실측 승률 39% < 필요 승률 63% (손익비 0.58) — 켈리 기준 미달,0.6346,0.0,0.0,v40_alpha_tilt,,,,,,True,4.6,,ELITE_SCORE,MATURE,11693,2.4.0,OK,,100.0,ATTACK,OK,OK,OK,OK,OK,OK,OK,0,7,True,True,True,,0,GREEN,,,0.0,AVOID,0,RR 0.58,0,0,0,0,,0.0,T=23<70 · S=66≥50,100.0,GREEN,,,0,False,0,BELOW_OFFICIAL_BAR,TOP_PICK=0,,5.0,IGNORE,IGNORE,NORMAL,0,0,0,0,0,0,0,0,0,CLEAR,,,0,0,0,0,0.0,,,,,,,,,,DISABLED_LOSS_DEFENSE,,,,,,True,False,True,True,True,True,True,True,0.0,0.0,0.0,0.0,0.0,0.0,0.0,0.0,0.0,0.5,False,False,False,2,False,3.8,0.5,G2RR×0.5,,0,0,0,,3.8,0,,False,0.0,0.0,False,,False,True,,0,80.0,70.0,0,0,CAUTION,5일 상승 9.1% > 5%,C,WATCH,0,0.2,관찰,시장폭 82.2 · 5일 9.1%,54.95,6,133,0,41.56,216,,-4.0,197280.0,"진입 후 D+1 종가 197,280원(-4%) 이탈 시 익일 조기청산 권고",46.2,"최근 20거래일 유니버스 실측 2일 상승률 46.2% (n=6,245) · 종목별 유의차 미검증",NO_EDGE_VALIDATED,OK,191115.0,226050.0,"손절 191,115(-7%)·본전전환 215,775(+5%)·1차익절 226,050(+10%) · ⚡ D+2내 209,610(+2%) 도달 시 절반 익절+잔여 본전 상향 (실측: 초반 급등 후 되돌림 -0.9%)",0,18.5,0,0,진입 조건 미달 · 손익비 0.58,alpha_gate_v32,CASH,0.0,,,0,NEUTRAL,"중립 레짐 — KOSPI 20일선 아래, 시장폭 82% (실측: 본전 구간 → 진입 허용하되 사이즈 50%)",0.5,1,96.6,215775.0,0.3888,1,이 점수 구간의 과거 실측 승률 29% (표본 11693건) · 거래량 밀집가 대비 -17.6% — 가치영역 근접 (실측 표본 적음) · 변동성 응축 4일째 (스퀴즈 — 방향 분출 대기) · AI 알파모델 예측 상위 3% (OOS 검증 통과 모델 — 이 구간 실측 승률 39%),중립 레짐 — 사이즈 50% 권장 · 손익비 0.58 <1 — 이길 수 없는 구조,29.1,False,WAIT,1,85.0,1,0,209610.0,,,,,1,1.0,,0,82.0,pctl>0.30,0,,0,1.0
131,034230,파라다이스,KOSPI,서비스 기타,9780,55.22,9059.2,0.0,0.0,NEUTRAL,WAIT,4,False,1,True,5.0,5.0,0.0,10.1,0.0,0.0,4.4,3.4,10.1,87.4,1.22,0.0,밸런스우수 + RR1.2 + 진입적정,0,9780.0,9040.0,10680.0,13400.0,,-0.01,0.72,13169,-34.18,특이사항 없음,0,-2.1,41.1,-7.21,,,,추세 관망,NORMAL,82.2,유원지 및 기타 오락관련 서비스업,5522243525.0,36.9,45.17,0,0,-2.3,1.56,0.51,-27.07,-38.14,-52.87,-13.25,-26.14,-80.65,0.93,0.026,0,9.2,1,0,0.9,0.11,0,0,0,0,-1,10830.0,-25.74,0.3731,True,X,▼,9437,▲,O,X,1.0,250,0,-1,-1,1,16220.0,enter,100.0,SWING+PM_BLOCK_INTRADAY+EF:정상,7.57,5.0,1.2,normal,7.0,v1_sl_first_gap_at_open,SWING+PM_BLOCK_INTRADAY+EF:정상,ATR_2x,23,SWING_20D,2,SWING_60D,2,0.0,유원지 및 기타 오락관련 서비스업,12.922941176470587,7.686470588235293,13.0,41.7,0.0,0.045939234589541335,-0.09109048931148177,0.2553191489361702,OK,0.0,UNVALIDATED_MODEL,22.577904416705497,22.577904416705497,0.0,2,0,0.5,0.5,0.0,STRUCT+TIMING+SECTOR,default,default,default,70,20260805,20260805,,5.0,5.0,5.0,-12.0,-33.79,FRESH,0.291,,False,0.3,True,MATURE,11693.0,ALPHA_WIN_PROB,1.216,,1.216,0.0,상태 WAIT — 신규진입 상태 아님(사이징 제외),0.4512,0.0,0.0,v40_alpha_tilt,,,,,,True,9.2,,ELITE_SCORE,MATURE,11693,2.4.0,OK,,100.0,ATTACK,OK,OK,OK,OK,OK,OK,OK,0,7,True,True,True,,0,GREEN,,,80.0,BUY,1,,0,0,0,0,,0.0,T=10<70,100.0,GREEN,,,0,False,0,ENTRY_READY_BUT_NOT_TOP_PICK,TOP_PICK=0,진입조건은 양호하나 공식 Top Pick 아님,45.0,ENTRY_CLEAN_OBSERVE,ENTRY_CLEAN_OBSERVE,NORMAL,0,0,0,0,0,0,0,0,0,CLEAR,,,0,0,0,0,0.0,,,,,,,,,,DISABLED_LOSS_DEFENSE,,,,,,True,False,True,True,False,True,True,True,0.0,0.0,0.0,0.0,20.0,0.0,0.0,0.0,20.0,0.5,False,True,False,3,False,0.0,0.0,G2RR×0.5 · G5추세붕괴3축,,0,0,0,,0.0,0,,False,0.0,0.0,False,,False,True,,0,84.0,80.0,0,0,CAUTION,중립/관찰,B,REALISTIC_RR,0,0.35,관찰 후보,현실형 RR · 시장폭 82.2 · 5일 1.6%,21.05,6,298,0,21.05,282,,-4.0,9389.0,"진입 후 D+1 종가 9,389원(-4%) 이탈 시 익일 조기청산 권고",46.2,"최근 20거래일 유니버스 실측 2일 상승률 46.2% (n=6,245) · 종목별 유의차 미검증",NO_EDGE_VALIDATED,HIGH_AVOID,9095.0,10758.0,"⛔ 고위험 루트(진입보류 권고) · 손절 9,095(-7%)·본전전환 10,269(+5%)·1차익절 10,758(+10%) · ⚡ D+2내 9,976(+2%) 도달 시 절반 익절+잔여 본전 상향 (실측: 초반 급등 후 되돌림 -0.9%)",0,18.5,0,0,알파 76점 (진입선 85점 미달) · 손익비 1.22,alpha_gate_v32,CASH,0.0,,,0,NEUTRAL,"중립 레짐 — KOSPI 20일선 아래, 시장폭 82% (실측: 본전 구간 → 진입 허용하되 사이즈 50%)",0.5,1,75.5,10269.0,0.3379,1,이 점수 구간의 과거 실측 승률 29% (표본 11693건) · 거래량 밀집가 대비 -34.2% — 가치영역 근접 (실측 표본 적음) · 손익비 1.2 (손절 -7.6% / 1차목표 +9.2%) · AI 알파모델 예측 상위 24% (OOS 검증 통과 모델 — 이 구간 실측 승률 34%),중립 레짐 — 사이즈 50% 권장,29.1,True,NEUTRAL,1,85.0,1,0,9976.0,,,,,1,1.0,,0,67.8,pctl>0.30,0,,0,1.0
132,028260,삼성물산,KOSPI,기타,347500,1166.0,563532.3,0.0,0.0,WAIT,OVERHEAT,3,False,0,False,38.6,38.6,38.8,38.3,0.0,0.0,26.1,25.7,38.8,51.5,2.31,1.3,RR2.3 + 진입적정,0,343000.0,315500.0,421500.0,565000.0,,0.78,0.55,422494,8.07,특이사항 없음,0,-14.8,46.6,0.95,,,5일 급등,"과열(급등·MFI·RSI) — 실측 역신호, 관망",NORMAL,82.2,기타 전문 도매업,116600045500.0,45.0,33.98,0,0,7.75,21.72,-1.84,-18.14,-17.75,13.56,-4.32,-5.75,-14.22,0.53,0.101,1,12.0,1,0,1.21,0.54,34403,3475,37878,1,-1,378500.0,-17.75,0.6197,False,X,▲,314406,▲,O,X,4.96,250,0,1,-1,1,,enter,100.0,NORMAL+PM_BLOCK_INTRADAY+EF:정상,8.02,4.0,2.9,normal,7.0,v1_sl_first_gap_at_open,NORMAL+PM_BLOCK_INTRADAY+EF:정상,SWING_20D,23,SWING_60D,2,,0,0.0,기타 전문 도매업,22.15142857142857,8.541428571428572,9.0,41.3,0.0,0.09506680369989721,-0.0017150054908636676,0.16666666666666666,OK,0.0,UNVALIDATED_MODEL,34.50392538651039,34.50392538651039,0.0,6,1,0.5,0.5,0.0,STRUCT+TIMING+SECTOR,default,default,default,70,20260805,20260805,,38.6,38.6,38.6,-12.0,-33.79,FRESH,0.286,,False,0.3,True,MATURE,11693.0,ALPHA_WIN_PROB,2.855,,1.81,0.0,상태 OVERHEAT — 신규진입 상태 아님(사이징 제외),0.3559,0.0,0.0,v40_alpha_tilt,,,,,,True,21.3,,ELITE_SCORE,MATURE,11693,2.4.0,OK,,100.0,ATTACK,OK,OK,OK,OK,OK,OK,OK,0,7,True,True,True,,0,GREEN,,,100.0,AVOID,0,7월 손실방어 차단,0,0,0,0,,0.0,T=38<70,100.0,GREEN,,,0,False,0,ENTRY_READY_BUT_NOT_TOP_PICK,TOP_PICK=0,진입조건은 양호하나 공식 Top Pick 아님,50.0,ENTRY_CLEAN_OBSERVE,ENTRY_CLEAN_OBSERVE,NORMAL,0,0,0,0,0,0,0,0,0,CLEAR,,,0,0,0,0,0.0,,,,,,,,,,DISABLED_LOSS_DEFENSE,,,,,,True,False,True,True,True,True,True,True,0.0,0.0,0.0,0.0,0.0,0.0,0.0,0.0,0.0,0.5,False,False,False,1,False,13.0,0.5,G2RR×0.5,,0,0,0,,13.0,0,,False,0.0,0.0,True,JULY_PROFIT_DEFENSE: 5일 과열 21.7%,False,True,,0,66.0,35.0,0,1,BLOCK,5일 과열 21.7%,BLOCK,GUARD_BLOCK,1,0.0,신규진입 차단,기존 guard/JULY 차단 · 시장폭 82.2 · 5일 21.7%,48.66,6,176,0,65.43,85,,-4.0,329280.0,"진입 후 D+1 종가 329,280원(-4%) 이탈 시 익일 조기청산 권고",46.2,"최근 20거래일 유니버스 실측 2일 상승률 46.2% (n=6,245) · 종목별 유의차 미검증",NO_EDGE_VALIDATED,OK,318990.0,377300.0,"손절 318,990(-7%)·본전전환 360,150(+5%)·1차익절 377,300(+10%) · ⚡ D+2내 349,860(+2%) 도달 시 절반 익절+잔여 본전 상향 (실측: 초반 급등 후 되돌림 -0.9%)",0,16.9,0,0,알파 41점 (진입선 85점 미달) · 손실방어 차단,alpha_gate_v32,CASH,0.0,,,0,NEUTRAL,"중립 레짐 — KOSPI 20일선 아래, 시장폭 82% (실측: 본전 구간 → 진입 허용하되 사이즈 50%)",0.5,1,40.9,360150.0,0.2713,1,이 점수 구간의 과거 실측 승률 29% (표본 11693건) · 거래량 밀집가 대비 +8.1% — 가치영역 근접 (실측 승률 40%) · 손익비 2.3 (손절 -9.2% / 1차목표 +21.3%),중립 레짐 — 사이즈 50% 권장,28.6,True,WAIT,1,85.0,1,0,349860.0,,,,,1,1.0,,0,30.7,pctl>0.30,0,,0,1.0
133,047810,한국항공우주,KOSPI,기타,146500,609.94,142801.0,0.0,0.0,WAIT,OVERHEAT,3,False,0,False,27.2,27.2,19.4,34.9,0.0,0.0,19.6,18.1,34.9,56.4,1.33,1.5,RR1.3 + 진입적정,0,144300.0,132700.0,164900.0,169000.0,,2.7,0.85,149916,-14.53,특이사항 없음,0,-19.24,49.6,3.25,,,5일 급등,"과열(급등·MFI·RSI) — 실측 역신호, 관망",NORMAL,82.2,"항공기,우주선 및 부품 제조업",60993796700.0,49.4,33.12,0,0,6.55,24.68,-1.88,-8.55,-12.17,-9.57,5.27,-0.17,-37.35,0.844,0.219,0,12.0,0,0,0.98,0.66,0,0,0,1,-1,157400.0,-2.28,0.3711,False,X,▼,128299,▼,O,X,0.36,250,0,-1,-1,1,175200.0,enter,100.0,NORMAL+PM_BLOCK_INTRADAY+EF:정상,8.04,4.0,1.8,normal,7.0,v1_sl_first_gap_at_open,NORMAL+PM_BLOCK_INTRADAY+EF:정상,SWING_20D,23,ATR_2x,23,SWING_60D,12,0.0,"항공기,우주선 및 부품 제조업",22.15142857142857,8.541428571428572,9.0,75.7,0.0,0.0841053144807411,-0.006520723930187765,0.0,OK,0.0,UNVALIDATED_MODEL,49.40332576321741,49.40332576321741,0.0,4,1,0.5,0.5,0.0,STRUCT+TIMING+SECTOR,default,default,default,70,20260805,20260805,,27.2,27.2,27.2,-12.0,-33.79,FRESH,0.291,,False,0.3,True,MATURE,11693.0,ALPHA_WIN_PROB,1.776,,1.776,0.0,상태 OVERHEAT — 신규진입 상태 아님(사이징 제외),0.3602,0.0,0.0,v40_alpha_tilt,,,,,,True,12.6,,ELITE_SCORE,MATURE,11693,2.4.0,OK,,100.0,ATTACK,OK,OK,OK,OK,OK,OK,OK,0,7,True,True,True,,0,GREEN,,,100.0,AVOID,0,7월 손실방어 차단,0,0,0,0,,0.0,T=35<70,100.0,GREEN,,,0,False,0,ENTRY_READY_BUT_NOT_TOP_PICK,TOP_PICK=0,진입조건은 양호하나 공식 Top Pick 아님,50.0,ENTRY_CLEAN_OBSERVE,ENTRY_CLEAN_OBSERVE,NORMAL,0,0,0,0,0,0,0,0,0,CLEAR,,,0,0,0,0,0.0,,,,,,,,,,DISABLED_LOSS_DEFENSE,,,,,,True,False,True,True,False,True,True,True,0.0,0.0,0.0,0.0,20.0,0.0,0.0,0.0,20.0,0.5,False,True,False,3,False,0.0,0.0,G2RR×0.5 · G5추세붕괴3축,,0,0,0,,0.0,0,,False,0.0,0.0,True,JULY_PROFIT_DEFENSE: 5일 과열 24.7%,False,True,,0,58.0,26.0,0,1,BLOCK,5일 과열 24.7%,BLOCK,GUARD_BLOCK,1,0.0,신규진입 차단,기존 guard/JULY 차단 · 시장폭 82.2 · 5일 24.7%,56.48,6,124,0,62.61,103,,-4.0,138528.0,"진입 후 D+1 종가 138,528원(-4%) 이탈 시 익일 조기청산 권고",46.2,"최근 20거래일 유니버스 실측 2일 상승률 46.2% (n=6,245) · 종목별 유의차 미검증",NO_EDGE_VALIDATED,OK,134199.0,158730.0,"손절 134,199(-7%)·본전전환 151,515(+5%)·1차익절 158,730(+10%) · ⚡ D+2내 147,186(+2%) 도달 시 절반 익절+잔여 본전 상향 (실측: 초반 급등 후 되돌림 -0.9%)",0,16.7,0,0,알파 60점 (진입선 85점 미달) · 손실방어 차단,alpha_gate_v32,CASH,0.0,,,0,NEUTRAL,"중립 레짐 — KOSPI 20일선 아래, 시장폭 82% (실측: 본전 구간 → 진입 허용하되 사이즈 50%)",0.5,1,60.1,151515.0,0.3233,1,이 점수 구간의 과거 실측 승률 29% (표본 11693건) · 거래량 밀집가 대비 -14.5% — 가치영역 근접 (실측 표본 적음) · 손익비 1.3 (손절 -9.4% / 1차목표 +12.6%),중립 레짐 — 사이즈 50% 권장,29.1,True,WAIT,1,85.0,1,0,147186.0,,,,,0,1.0,,0,20.7,pctl>0.30,0,,0,1.0
134,229640,LS에코에너지,KOSPI,금융,47600,74.02,14577.4,0.0,0.0,OVERHEAT,OVERHEAT,5,False,0,False,58.4,58.4,55.7,61.1,0.0,0.0,37.5,38.9,61.1,23.6,1.44,2.3,RR1.4,0,46550.0,42800.0,54500.0,56200.0,,2.71,1.32,67458,4.64,특이사항 없음,0,-19.6,52.4,10.82,,,5일 급등,"과열(급등·MFI·RSI) — 실측 역신호, 관망",NORMAL,82.2,기타 금융업,7402385650.0,61.5,37.9,0,0,7.69,34.27,10.06,-0.52,-47.17,13.06,13.3,-35.17,-14.72,0.649,0.096,1,12.0,1,0,1.95,0.69,0,0,0,1,-1,49165.0,-29.44,0.6896,False,X,▲,40051,▲,O,X,2.94,250,0,1,1,1,109800.0,enter,100.0,NORMAL+PM_BLOCK_INTRADAY+EF:정상,8.06,5.0,2.1,normal,7.0,v1_sl_first_gap_at_open,NORMAL+PM_BLOCK_INTRADAY+EF:정상,SWING_20D,23,ATR_2x,23,SWING_60D,2,0.0,기타 금융업,14.904375,12.145312500000001,11.0,71.4,0.0,0.1012154861944778,0.008704545794254566,0.25333333333333335,OK,0.0,UNVALIDATED_MODEL,54.96600091583542,54.96600091583542,0.0,6,1,0.5,0.5,0.0,STRUCT+TIMING+SECTOR,default,default,default,70,20260805,20260805,,58.4,58.4,58.4,-12.0,-33.79,FRESH,0.234,,False,0.387,True,MATURE,11693.0,ALPHA_WIN_PROB,2.12,,1.81,0.0,상태 OVERHEAT — 신규진입 상태 아님(사이징 제외),0.3559,0.0,0.0,v40_alpha_tilt,,,,,,True,14.5,,ELITE_SCORE,MATURE,11693,2.4.0,OK,,100.0,ATTACK,OK,OK,OK,OK,OK,OK,OK,0,7,True,True,True,,0,GREEN,,,0.0,AVOID,0,5일 +34%,0,1,0,0,,0.0,T=61<70 · S=56≥50,100.0,GREEN,,,0,False,0,BELOW_OFFICIAL_BAR,TOP_PICK=0,,15.0,IGNORE,IGNORE,NORMAL,0,0,0,0,0,0,0,0,0,CLEAR,,,0,0,0,0,0.0,,,,,,,,,,DISABLED_LOSS_DEFENSE,,,,,,True,False,True,True,True,True,True,True,0.0,0.0,0.0,0.0,0.0,0.0,0.0,0.0,0.0,0.5,False,False,False,1,False,18.8,0.5,G2RR×0.5,,0,0,0,,18.8,0,과열이나 GUARD 미통과 — 레인 제외,False,0.0,0.0,False,,False,True,,0,66.0,47.0,0,1,BLOCK,5일 과열 34.3%,BLOCK,GUARD_BLOCK,1,0.0,신규진입 차단,기존 guard/JULY 차단 · 시장폭 82.2 · 5일 34.3%,57.84,6,113,0,76.6,31,,-4.0,44688.0,"진입 후 D+1 종가 44,688원(-4%) 이탈 시 익일 조기청산 권고",46.2,"최근 20거래일 유니버스 실측 2일 상승률 46.2% (n=6,245) · 종목별 유의차 미검증",NO_EDGE_VALIDATED,CAUTION,43292.0,51205.0,"⚠️ 과열/추격 주의 · 손절 43,292(-7%)·본전전환 48,878(+5%)·1차익절 51,205(+10%) · ⚡ D+2내 47,481(+2%) 도달 시 절반 익절+잔여 본전 상향 (실측: 초반 급등 후 되돌림 -0.9%)",0,15.8,0,0,알파 42점 (진입선 85점 미달) · 손실방어 차단,alpha_gate_v32,CASH,0.0,,,0,NEUTRAL,"중립 레짐 — KOSPI 20일선 아래, 시장폭 82% (실측: 본전 구간 → 진입 허용하되 사이즈 50%)",0.5,1,42.4,48878.0,0.2713,1,이 점수 구간의 과거 실측 승률 23% (표본 11693건) · 거래량 밀집가 대비 +4.6% — 가치영역 근접 (실측 승률 40%) · 손익비 1.4 (손절 -10.1% / 1차목표 +14.5%),중립 레짐 — 사이즈 50% 권장,23.4,True,OVERHEAT,1,85.0,1,0,47481.0,,,,,0,1.0,,0,19.8,pctl>0.30,0,,0,1.0
135,047040,대우건설,KOSPI,건설·부동산,16230,1532.09,66690.3,0.0,0.0,OVERHEAT,OVERHEAT,5,False,0,False,58.4,58.4,52.8,64.1,0.0,0.0,37.5,39.0,64.1,19.9,1.39,1.5,RR1.4 + 진입적정,0,15990.0,14700.0,18360.0,19070.0,,2.22,1.8,22952,-7.68,특이사항 없음,0,-20.4,50.0,8.88,,,5일 급등,"과열(급등·MFI·RSI) — 실측 역신호, 관망",NORMAL,82.2,건물 건설업,153208506035.0,66.3,42.77,0,0,6.78,35.02,6.29,-3.51,-50.59,198.9,10.31,-38.59,171.12,0.628,0.112,0,12.0,1,0,1.79,0.71,0,0,0,1,1,10797.0,-29.29,0.8392,False,X,▼,12993,▲,O,X,4.28,250,0,-1,1,1,33450.0,enter,100.0,NORMAL+PM_BLOCK_INTRADAY+EF:정상,8.07,4.0,1.8,normal,7.0,v1_sl_first_gap_at_open,NORMAL+PM_BLOCK_INTRADAY+EF:정상,SWING_20D,23,ATR_2x,23,SWING_60D,2,0.0,건물 건설업,31.53,22.859,2.0,76.0,0.0,0.09470997271366957,0.002749578327537695,0.2641509433962264,OK,0.0,UNVALIDATED_MODEL,59.5,59.5,0.0,6,1,0.5,0.5,0.0,STRUCT+TIMING+SECTOR,default,default,default,70,20260805,20260805,,58.4,58.4,58.4,-12.0,-33.79,FRESH,0.234,,False,0.387,True,MATURE,11693.0,ALPHA_WIN_PROB,1.837,,1.81,0.0,상태 OVERHEAT — 신규진입 상태 아님(사이징 제외),0.3559,0.0,0.0,v40_alpha_tilt,,,,,,True,13.1,,ELITE_SCORE,MATURE,11693,2.4.0,OK,,100.0,ATTACK,OK,OK,OK,OK,OK,OK,OK,0,7,True,True,True,,0,GREEN,,,0.0,AVOID,0,5일 +35%,0,1,0,0,,0.0,T=64<70 · S=53≥50,100.0,GREEN,,,0,False,0,BELOW_OFFICIAL_BAR,TOP_PICK=0,,15.0,IGNORE,IGNORE,NORMAL,0,0,0,0,0,0,0,0,0,CLEAR,,,0,0,0,0,0.0,,,,,,,,,,DISABLED_LOSS_DEFENSE,,,,,,True,False,True,True,True,True,True,True,0.0,0.0,0.0,0.0,0.0,0.0,0.0,0.0,0.0,0.5,False,False,False,1,False,18.8,0.5,G2RR×0.5,,0,0,0,,18.8,0,과열이나 GUARD 미통과 — 레인 제외,False,0.0,0.0,False,,False,True,,0,66.0,47.0,0,1,BLOCK,5일 과열 35.0%,BLOCK,GUARD_BLOCK,1,0.0,신규진입 차단,기존 guard/JULY 차단 · 시장폭 82.2 · 5일 35.0%,70.18,6,46,0,82.77,15,모멘텀확인중(PMS70),-4.0,15350.0,"진입 후 D+1 종가 15,350원(-4%) 이탈 시 익일 조기청산 권고",46.2,"최근 20거래일 유니버스 실측 2일 상승률 46.2% (n=6,245) · 종목별 유의차 미검증",NO_EDGE_VALIDATED,CAUTION,14871.0,17589.0,"⚠️ 과열/추격 주의 · 손절 14,871(-7%)·본전전환 16,790(+5%)·1차익절 17,589(+10%) · ⚡ D+2내 16,310(+2%) 도달 시 절반 익절+잔여 본전 상향 (실측: 초반 급등 후 되돌림 -0.9%)",0,15.8,0,0,알파 18점 (진입선 85점 미달) · 손실방어 차단,alpha_gate_v32,CASH,0.0,,,0,NEUTRAL,"중립 레짐 — KOSPI 20일선 아래, 시장폭 82% (실측: 본전 구간 → 진입 허용하되 사이즈 50%)",0.5,1,18.3,16790.0,0.2489,1,이 점수 구간의 과거 실측 승률 23% (표본 11693건) · 거래량 밀집가 대비 -7.7% — 가치영역 근접 (실측 표본 적음) · 손익비 1.4 (손절 -9.4% / 1차목표 +13.1%),중립 레짐 — 사이즈 50% 권장 · AI 알파모델 예측 하위 18% — 이 구간 실측 승률 25% — 픽 제외 구간,23.4,True,OVERHEAT,1,85.0,1,0,16310.0,,,,,0,1.0,,0,18.0,pctl>0.30,0,,0,1.0
136,005090,SGC에너지,KOSPI,기타,51400,51.3,7406.4,0.0,0.0,OVERHEAT,OVERHEAT,5,False,0,False,49.6,49.6,76.8,22.5,0.0,0.0,8.0,33.1,76.8,4.0,0.43,16.2,,0,44250.0,40650.0,56000.0,60400.0,🚀급등시동,1.44,0.63,47703,-1.34,특이사항 없음,0,2.89,60.8,22.0,STRUCT 강점,,5일 급등,"과열(급등·MFI·RSI) — 실측 역신호, 관망",NORMAL,82.2,전기업,5129685900.0,70.2,51.29,0,0,1.98,35.09,21.37,20.66,-16.83,81.31,34.48,-4.83,53.53,0.48,0.267,0,12.0,1,0,1.31,0.79,0,0,0,1,-1,56115.0,7.75,0.6428,False,O,▼,44316,▲,O,X,1.19,250,0,-1,1,1,66400.0,enter,100.0,NORMAL+PM_BLOCK_INTRADAY+EF:정상,8.14,5.0,3.3,normal,7.0,v1_sl_first_gap_at_open,NORMAL+PM_BLOCK_INTRADAY+EF:정상,SWING_20D,23,SWING_60D,12,ATR_3.5x,12,0.0,전기업,22.15142857142857,8.541428571428572,9.0,45.1,0.0,0.12284602556976099,-0.026703882232584186,0.5675675675675675,OK,0.0,UNVALIDATED_MODEL,38.24679172174469,38.24679172174469,0.0,8,1,0.5,0.5,0.0,STRUCT+TIMING+SECTOR,default,default,default,70,20260805,20260805,,49.6,49.6,49.6,-12.0,-33.79,FRESH,0.291,,False,0.317,True,MATURE,11693.0,ALPHA_WIN_PROB,3.264,,1.81,0.0,상태 OVERHEAT — 신규진입 상태 아님(사이징 제외),0.3559,0.0,0.0,v40_alpha_tilt,,,,,,True,8.9,,ELITE_SCORE,MATURE,11693,2.4.0,OK,,100.0,ATTACK,OK,OK,OK,OK,OK,OK,OK,0,7,True,True,True,,0,GREEN,,,0.0,AVOID,0,진입괴리 16.2% · RR 0.43 · 5일 +35%,0,1,0,0,,0.0,T=22<70 · S=77≥50,100.0,GREEN,,,0,False,0,BELOW_OFFICIAL_BAR,TOP_PICK=0,,5.0,IGNORE,IGNORE,NORMAL,0,0,0,0,0,0,0,0,0,CLEAR,,,0,0,0,0,0.0,,,,,,,,,,DISABLED_LOSS_DEFENSE,,,,,,True,False,True,True,True,True,False,True,0.0,0.0,0.0,0.0,0.0,0.0,15.0,0.0,15.0,0.5,False,False,False,2,False,0.0,0.0,G2RR×0.5 · G7윗꼬리약세-15,,0,0,0,,0.0,0,과열이나 GUARD 미통과 — 레인 제외,False,0.0,0.0,False,,False,True,,0,70.0,32.0,0,1,BLOCK,5일 과열 35.1%,BLOCK,GUARD_BLOCK,1,0.0,신규진입 차단,기존 guard/JULY 차단 · 시장폭 82.2 · 5일 35.1%,52.55,6,155,0,41.29,218,,-4.0,42480.0,"진입 후 D+1 종가 42,480원(-4%) 이탈 시 익일 조기청산 권고",46.2,"최근 20거래일 유니버스 실측 2일 상승률 46.2% (n=6,245) · 종목별 유의차 미검증",NO_EDGE_VALIDATED,CAUTION,41152.0,48675.0,"⚠️ 과열/추격 주의 · 손절 41,152(-7%)·본전전환 46,462(+5%)·1차익절 48,675(+10%) · ⚡ D+2내 45,135(+2%) 도달 시 절반 익절+잔여 본전 상향 (실측: 초반 급등 후 되돌림 -0.9%)",0,15.0,0,0,알파 14점 (진입선 85점 미달) · 손익비 0.43 · 손실방어 차단,alpha_gate_v32,CASH,0.0,,,0,NEUTRAL,"중립 레짐 — KOSPI 20일선 아래, 시장폭 82% (실측: 본전 구간 → 진입 허용하되 사이즈 50%)",0.5,1,14.2,46462.0,0.2489,1,이 점수 구간의 과거 실측 승률 29% (표본 11693건) · 거래량 밀집가 대비 -1.3% — 가치영역 근접 (실측 표본 적음),중립 레짐 — 사이즈 50% 권장 · 손익비 0.43 <1 — 이길 수 없는 구조 · 추천가 대비 16.2% 이탈 — 추격 주의 · AI 알파모델 예측 하위 14% — 이 구간 실측 승률 25% — 픽 제외 구간,29.1,False,OVERHEAT,1,85.0,1,0,45135.0,,,,,1,1.0,,0,80.2,pctl>0.30,0,,0,1.0
137,049480,오픈베이스,KOSDAQ,,1901,50.0,1011.8,0.0,0.0,CARRY,CARRY,7,False,0,False,0.0,62.0,100.0,12.9,84.2,,0.0,65.7,87.1,0.0,2294.0,41.0,RR2294.0,0,3220.0,2950.0,4195.0,4690.0,,-0.12,0.18,3262,-7.62,DATA_UNAVAILABLE,0,42.62,64.2,6.76,STRUCT 강점,AI 보조,,캐리 재계산 실패: legacy snapshot,NORMAL,82.2,"컴퓨터 프로그래밍, 시스템 통합 및 관리업",5000000000.0,86.8,70.85,0,0,-3.01,-6.8,-2.13,51.17,37.02,33.89,44.6,17.12,-1.94,0.562,0.562,0,12.0,1,0,2.65,0.53,0,0,0,1,1,2710.0,-1.29,-0.642,False,O,▲,3517,▼,X,X,-2.11,250,0,1,1,1,4815.0,enter,100.0,SWING+PM_BLOCK_INTRADAY+EF:정상,8.39,6.0,3.6,normal,7.0,v1_sl_first_gap_at_open,SWING+PM_BLOCK_INTRADAY+EF:정상,SWING_20D,80,ATR_3.5x,45,FIBO_1.272,40,,,,,,,,,,,,84.2,OK,25.12071517618332,25.12071517618332,,6,1,0.4,0.4,0.2,STRUCT+TIMING+AI,,,,60,20260805,,,,,,,,CARRY_LEGACY,0.291,,False,0.3,True,,,ALPHA_WIN_PROB,3.611,,1.81,0.0,상태 CARRY — 신규진입 상태 아님(사이징 제외),0.3559,0.0,0.0,v40_alpha_tilt,,20260506.0,23.0,True,35.0,False,120.7,,ELITE_SCORE,MATURE,11693,2.4.0,OK,,100.0,ATTACK,OK,OK,OK,OK,OK,OK,OK,0,7,True,True,True,"analyze_returned_none(ohlcv_len=373,mcap=597,in_top=True)",0,GREEN,,,0.0,AVOID,0,진입괴리 41.0%,0,0,0,0,,0.0,T=13<70 · S=100≥50,100.0,GREEN,,,0,False,0,HOLDING_MANAGE,TOP_PICK=0,,15.0,HOLDING_MANAGE,HOLDING_MANAGE,NORMAL,0,0,0,0,0,0,0,0,0,CLEAR,,,0,0,0,0,0.0,ENTRY_CLEAN_OBSERVE,1.0,BUY,,0.0,0.0,0.0,0.0,0.0,DISABLED_LOSS_DEFENSE,3320.0,-42.74096385542169,DEAD,1.0,보유 23일차 · 손익 -42.7% · 청산 검토,True,True,False,True,False,True,True,True,0.0,0.0,45.0,0.0,20.0,0.0,0.0,0.0,65.0,1.0,False,True,False,3,False,0.0,0.0,G3보유경과-45 · G5추세붕괴3축,,0,0,0,,0.0,0,,False,0.0,0.0,False,,False,True,,0,100.0,100.0,1,0,PASS,7월 방어 profile 통과,A,PULLBACK_BREADTH,0,0.7,최우선 관찰,회복형 눌림+시장폭 · 품질+시장폭 · 시장폭 82.2 · 5일 -6.8%,33.51,6,252,0,20.39,285,,-4.0,3091.0,"진입 후 D+1 종가 3,091원(-4%) 이탈 시 익일 조기청산 권고",46.2,"최근 20거래일 유니버스 실측 2일 상승률 46.2% (n=6,245) · 종목별 유의차 미검증",NO_EDGE_VALIDATED,HIGH_AVOID,2995.0,3542.0,"⛔ 고위험 루트(진입보류 권고) · 손절 2,995(-7%)·본전전환 3,381(+5%)·1차익절 3,542(+10%) · ⚡ D+2내 3,284(+2%) 도달 시 절반 익절+잔여 본전 상향 (실측: 초반 급등 후 되돌림 -0.9%)",0,15.0,0,0,알파 27점 (진입선 85점 미달) · 데이터 신선도 실패,alpha_gate_v32,CASH,0.0,1.39,True,0,NEUTRAL,"중립 레짐 — KOSPI 20일선 아래, 시장폭 82% (실측: 본전 구간 → 진입 허용하되 사이즈 50%)",0.5,1,26.9,3381.0,0.2452,1,이 점수 구간의 과거 실측 승률 29% (표본 11693건) · 거래량 밀집가 대비 -7.6% — 가치영역 근접 (실측 표본 적음) · 손익비 2294.0 (손절 +55.2% / 1차목표 +120.7%) · 저점 상승 추세 43% (바닥이 높아지는 중),중립 레짐 — 사이즈 50% 권장 · 추천가 대비 41.0% 이탈 — 추격 주의 · 가격 데이터 stale — 표시가와 실제가 다를 수 있음 · AI 알파모델 예측 하위 27% — 이 구간 실측 승률 25% — 픽 제외 구간,29.1,False,CARRY,1,85.0,1,0,3284.0,1.9261109623344368,-1.4571255424744134,-0.7857841014422107,0.8856366018608064,1,1.0,,0,99.4,pctl>0.30,0,,0,1.0
138,041910,폴라리스AI파마,KOSDAQ,바이오·의약품,5410,157.19,1001.6,0.0,0.0,CARRY,CARRY,7,False,0,False,0.0,54.8,71.2,46.7,20.0,,0.0,46.0,51.2,36.0,3850.0,27.2,RR3850.0,0,7430.0,6350.0,9260.0,10200.0,,0.04,1.27,8168,-4.14,DATA_UNAVAILABLE,5,0.88,64.4,4.94,STRUCT 강점,,,캐리 재계산 실패: legacy snapshot,NORMAL,82.2,의약품 제조업,15719466740.0,87.8,13.54,1,0,3.29,0.0,8.65,7.71,13.55,18.93,2.74,-1.52,-8.19,0.432,0.432,0,12.0,1,0,9.06,0.3,0,0,0,1,1,6741.0,-7.7,-0.1032,False,O,▲,7509,▲,O,X,1.37,250,0,1,1,1,11400.0,enter,100.0,NORMAL+PM_BLOCK_INTRADAY+EF:정상,14.54,6.0,1.7,normal,7.0,v1_sl_first_gap_at_open,NORMAL+PM_BLOCK_INTRADAY+EF:정상,SWING_20D,80,SWING_60D,60,FIBO_1.272,40,0.0,의약품 제조업,3.473333333333333,-7.112222222222223,15.0,,,0.0850701023114816,0.1511373990379747,0.6710526315789473,OK,20.0,OK,46.0,46.0,,8,1,0.55,0.25,0.2,STRUCT+TIMING+AI+SECTOR,default,,,50,20260805,20260514.0,,54.8,54.8,54.8,15.07,15.07,CARRY_LEGACY,0.291,,False,0.3,True,MATURE,6098.0,ALPHA_WIN_PROB,1.694,,1.694,0.0,상태 CARRY — 신규진입 상태 아님(사이징 제외),0.3711,0.0,0.0,v40_alpha_tilt,,20260514.0,15.0,True,35.0,False,71.2,,ELITE_SCORE,MATURE,11693,2.4.0,OK,,100.0,ATTACK,OK,OK,OK,OK,OK,OK,OK,0,7,True,True,True,"analyze_returned_none(ohlcv_len=373,mcap=719,in_top=True)",0,GREEN,,,0.0,AVOID,0,진입괴리 27.2%,0,0,0,0,,0.0,T=47<70 · S=71≥50,100.0,GREEN,,,0,False,0,HOLDING_MANAGE,TOP_PICK=0,,15.0,HOLDING_MANAGE,HOLDING_MANAGE,NORMAL,0,0,0,0,0,0,0,0,0,CLEAR,,,0,0,0,0,0.0,ENTRY_CLEAN_OBSERVE,1.0,BUY,,0.0,0.0,0.0,0.0,0.0,DISABLED_LOSS_DEFENSE,7540.0,-28.249336870026525,DEAD,1.0,보유 15일차 · 손익 -28.2% · 청산 검토,True,True,False,True,True,True,True,True,0.0,0.0,45.0,0.0,0.0,0.0,0.0,0.0,45.0,1.0,False,False,False,2,False,0.0,0.0,G3보유경과-45,,0,0,0,,0.0,0,,False,0.0,0.0,False,,False,True,,0,96.0,84.0,0,0,CAUTION,중립/관찰,C,WATCH,0,0.2,관찰,시장폭 82.2 · 5일 0.0%,57.22,6,115,0,32.25,253,,-4.0,7133.0,"진입 후 D+1 종가 7,133원(-4%) 이탈 시 익일 조기청산 권고",46.2,"최근 20거래일 유니버스 실측 2일 상승률 46.2% (n=6,245) · 종목별 유의차 미검증",NO_EDGE_VALIDATED,HIGH_AVOID,6910.0,8173.0,"⛔ 고위험 루트(진입보류 권고) · 손절 6,910(-7%)·본전전환 7,802(+5%)·1차익절 8,173(+10%) · ⚡ D+2내 7,579(+2%) 도달 시 절반 익절+잔여 본전 상향 (실측: 초반 급등 후 되돌림 -0.9%)",0,15.0,0,0,알파 17점 (진입선 85점 미달) · 데이터 신선도 실패,alpha_gate_v32,CASH,0.0,2.08,True,0,NEUTRAL,"중립 레짐 — KOSPI 20일선 아래, 시장폭 82% (실측: 본전 구간 → 진입 허용하되 사이즈 50%)",0.5,1,17.0,7802.0,0.2489,1,이 점수 구간의 과거 실측 승률 29% (표본 11693건) · 거래량 밀집가 대비 -4.1% — 가치영역 근접 (실측 표본 적음) · 손익비 3850.0 (손절 +17.4% / 1차목표 +71.2%) · 변동성 응축 5일째 (스퀴즈 — 방향 분출 대기),중립 레짐 — 사이즈 50% 권장 · 추천가 대비 27.2% 이탈 — 추격 주의 · 가격 데이터 stale — 표시가와 실제가 다를 수 있음 · AI 알파모델 예측 하위 17% — 이 구간 실측 승률 25% — 픽 제외 구간,29.1,False,CARRY,1,85.0,1,0,7579.0,1.9261109623344368,-1.4571255424744134,-0.7857841014422107,0.8856366018608064,1,1.0,,0,77.1,pctl>0.30,0,,0,1.0
139,006890,태경케미컬,KOSDAQ,,5770,50.0,1008.0,0.0,0.0,CARRY,CARRY,7,False,0,False,0.0,36.8,69.5,13.2,18.5,,0.0,33.7,56.3,29.6,3600.0,33.6,RR3600.0,0,8690.0,8210.0,9370.0,11640.0,,-0.63,0.67,9491,-5.91,DATA_UNAVAILABLE,4,9.72,46.5,-0.45,STRUCT 강점,,,캐리 재계산 실패: legacy snapshot,NORMAL,82.2,기초 화학물질 제조업,5000000000.0,58.4,7.82,1,1,-1.36,-2.69,-1.25,-5.75,21.03,3.33,-15.96,-9.92,-52.39,0.854,0.2,0,6.0,1,0,3.75,0.59,0,0,0,0,1,8330.0,-8.45,0.0026,True,O,▲,8886,▼,X,X,-0.57,250,0,1,1,1,12920.0,enter,100.0,SWING+PM_BLOCK_INTRADAY+EF:정상,5.52,6.0,1.4,normal,7.0,v1_sl_first_gap_at_open,SWING+PM_BLOCK_INTRADAY+EF:정상,SWING_20D,80,SWING_60D,60,FIBO_1.272,40,,,,,,,,,,,,18.5,OK,11.8945850383314,11.8945850383314,,10,1,0.4,0.4,0.2,STRUCT+TIMING+AI,,,,60,20260805,,,,,,,,CARRY_LEGACY,0.291,,False,0.3,True,,,ALPHA_WIN_PROB,1.417,,1.417,0.0,상태 CARRY — 신규진입 상태 아님(사이징 제외),0.4138,0.0,0.0,v40_alpha_tilt,,20260409.0,50.0,True,35.0,False,62.4,,ELITE_SCORE,MATURE,11693,2.4.0,OK,,100.0,ATTACK,OK,OK,OK,OK,OK,OK,OK,0,7,True,True,True,"analyze_returned_none(ohlcv_len=373,mcap=669,in_top=True)",0,GREEN,,,0.0,AVOID,0,진입괴리 33.6%,0,0,0,0,,0.0,T=13<70 · S=70≥50,100.0,GREEN,,,0,False,0,HOLDING_MANAGE,TOP_PICK=0,,15.0,HOLDING_MANAGE,HOLDING_MANAGE,NORMAL,0,0,0,0,0,0,0,0,0,CLEAR,,,0,0,0,0,0.0,ENTRY_CLEAN_OBSERVE,1.0,BUY,,0.0,0.0,0.0,0.0,0.0,DISABLED_LOSS_DEFENSE,8390.0,-31.227651966626937,DEAD,1.0,보유 50일차 · 손익 -31.2% · 청산 검토,False,False,False,True,False,True,True,True,0.0,0.0,45.0,0.0,20.0,0.0,0.0,0.0,65.0,0.5,True,True,False,3,False,0.0,0.0,G1유동성차단 · G2RR×0.5 · G3보유경과-45 · G5추세붕괴3축,,0,0,0,,0.0,0,,False,0.0,0.0,False,,False,True,,0,92.0,77.0,0,0,CAUTION,중립/관찰,C,WATCH,0,0.2,관찰,시장폭 82.2 · 5일 -2.7%,25.98,6,286,0,16.63,298,,-4.0,8342.0,"진입 후 D+1 종가 8,342원(-4%) 이탈 시 익일 조기청산 권고",46.2,"최근 20거래일 유니버스 실측 2일 상승률 46.2% (n=6,245) · 종목별 유의차 미검증",NO_EDGE_VALIDATED,HIGH_AVOID,8082.0,9559.0,"⛔ 고위험 루트(진입보류 권고) · 손절 8,082(-7%)·본전전환 9,124(+5%)·1차익절 9,559(+10%) · ⚡ D+2내 8,864(+2%) 도달 시 절반 익절+잔여 본전 상향 (실측: 초반 급등 후 되돌림 -0.9%)",0,15.0,0,0,알파 31점 (진입선 85점 미달) · 데이터 신선도 실패,alpha_gate_v32,CASH,0.0,-0.17,True,0,NEUTRAL,"중립 레짐 — KOSPI 20일선 아래, 시장폭 82% (실측: 본전 구간 → 진입 허용하되 사이즈 50%)",0.5,1,31.0,9124.0,0.2433,1,이 점수 구간의 과거 실측 승률 29% (표본 11693건) · 거래량 밀집가 대비 -5.9% — 가치영역 근접 (실측 표본 적음) · 손익비 3600.0 (손절 +42.3% / 1차목표 +62.4%) · 변동성 응축 4일째 (스퀴즈 — 방향 분출 대기) · 저점 상승 추세 10% (바닥이 높아지는 중),중립 레짐 — 사이즈 50% 권장 · 추천가 대비 33.6% 이탈 — 추격 주의 · 가격 데이터 stale — 표시가와 실제가 다를 수 있음,29.1,False,CARRY,1,85.0,1,0,8864.0,1.9261109623344368,-1.4571255424744134,-0.7857841014422107,0.8856366018608064,1,1.0,,0,91.6,pctl>0.30,0,,0,1.0
140,006140,피제이전자,KOSDAQ,,4895,50.0,1003.4,0.0,0.0,CARRY,CARRY,7,False,0,False,0.0,20.7,20.8,0.0,46.4,,0.0,22.4,46.4,42.0,3505.0,26.4,RR3505.0,0,6650.0,5680.0,8400.0,8740.0,,-1.52,0.35,7212,-18.55,DATA_UNAVAILABLE,1,-13.18,46.2,-4.53,,,저점 이탈,캐리 재계산 실패: legacy snapshot,NORMAL,82.2,의료용 기기 제조업,5000000000.0,71.9,25.36,0,0,3.37,-7.15,-11.65,-4.93,-12.45,34.19,-3.24,-12.12,-1.39,0.872,0.048,0,12.0,0,0,1.27,0.33,0,0,0,0,-1,8230.0,-6.42,-0.3048,False,X,▲,6686,▼,O,X,0.15,250,0,1,1,1,12250.0,enter,100.0,NORMAL+PM_BLOCK_INTRADAY+EF:정상,14.59,6.0,1.8,normal,7.0,v1_sl_first_gap_at_open,NORMAL+PM_BLOCK_INTRADAY+EF:정상,SWING_20D,80,ATR_3.5x,45,SWING_120D,45,,,,,,,,0.0883597883597883,-0.001280926597797,0.064516129032258,OK,46.4,OK,10.5,10.5,,4,1,0.55,0.25,0.2,STRUCT+TIMING+AI,,,,50,20260805,,,,,,,,CARRY_LEGACY,0.291,,False,0.3,True,,,ALPHA_WIN_PROB,1.804,,1.804,0.0,상태 CARRY — 신규진입 상태 아님(사이징 제외),0.3566,0.0,0.0,v40_alpha_tilt,,20260513.0,16.0,True,35.0,False,71.6,,ELITE_SCORE,MATURE,11693,2.4.0,OK,,100.0,ATTACK,OK,OK,OK,OK,OK,OK,OK,0,7,True,True,True,"analyze_returned_none(ohlcv_len=373,mcap=728,in_top=True)",0,GREEN,,,0.0,AVOID,0,진입괴리 26.4%,0,0,0,0,,0.0,T=0<70,100.0,GREEN,,,0,False,0,HOLDING_MANAGE,TOP_PICK=0,,15.0,HOLDING_MANAGE,HOLDING_MANAGE,NORMAL,0,0,0,0,0,0,0,0,0,CLEAR,,,0,0,0,0,0.0,ENTRY_CLEAN_OBSERVE,1.0,BUY,,0.0,0.0,0.0,0.0,0.0,DISABLED_LOSS_DEFENSE,8000.0,-38.8125,DEAD,1.0,보유 16일차 · 손익 -38.8% · 강한 청산 검토,True,False,False,True,False,True,True,True,0.0,0.0,45.0,0.0,20.0,0.0,0.0,0.0,65.0,0.3,False,True,False,5,False,0.0,0.0,G2RR×0.3 · G3보유경과-45 · G5추세붕괴5축,,0,0,0,,0.0,0,,False,0.0,0.0,False,,False,True,,0,92.0,70.0,0,0,CAUTION,중립/관찰,C,WATCH,0,0.2,관찰,섹터 약세+RSI 약함 · 시장폭 82.2 · 5일 -7.2%,20.92,6,299,0,14.1,307,,-4.0,6384.0,"진입 후 D+1 종가 6,384원(-4%) 이탈 시 익일 조기청산 권고",46.2,"최근 20거래일 유니버스 실측 2일 상승률 46.2% (n=6,245) · 종목별 유의차 미검증",NO_EDGE_VALIDATED,HIGH_AVOID,6184.0,7315.0,"⛔ 고위험 루트(진입보류 권고) · 손절 6,184(-7%)·본전전환 6,982(+5%)·1차익절 7,315(+10%) · ⚡ D+2내 6,783(+2%) 도달 시 절반 익절+잔여 본전 상향 (실측: 초반 급등 후 되돌림 -0.9%)",0,15.0,0,0,알파 53점 (진입선 85점 미달) · 데이터 신선도 실패,alpha_gate_v32,CASH,0.0,3.05,True,0,NEUTRAL,"중립 레짐 — KOSPI 20일선 아래, 시장폭 82% (실측: 본전 구간 → 진입 허용하되 사이즈 50%)",0.5,1,52.9,6982.0,0.2958,1,이 점수 구간의 과거 실측 승률 29% (표본 11693건) · 거래량 밀집가 대비 -18.6% — 가치영역 근접 (실측 표본 적음) · 손익비 3505.0 (손절 +16.0% / 1차목표 +71.6%),중립 레짐 — 사이즈 50% 권장 · 추천가 대비 26.4% 이탈 — 추격 주의 · 가격 데이터 stale — 표시가와 실제가 다를 수 있음,29.1,False,CARRY,1,85.0,1,0,6783.0,1.9261109623344368,-1.4571255424744134,-0.7857841014422107,0.8856366018608064,1,1.0,,0,37.5,pctl>0.30,0,,0,1.0
141,002720,국제약품,KOSDAQ,,3275,50.0,1011.4,0.0,0.0,CARRY,CARRY,7,False,0,False,0.0,23.7,27.4,10.4,42.9,,0.0,26.9,32.5,59.4,1855.0,31.5,RR1855.0,0,4780.0,4555.0,5130.0,5470.0,⚡눌림회복,-0.44,0.44,4888,-3.94,DATA_UNAVAILABLE,5,0.97,47.0,-0.78,,,,캐리 재계산 실패: legacy snapshot,NORMAL,82.2,의약품 제조업,5000000000.0,56.2,6.28,1,1,0.63,0.1,-0.83,-1.85,3.69,15.18,-9.34,-18.99,-25.65,0.62,0.62,0,6.0,1,0,1.26,0.26,0,0,0,0,1,4591.0,-2.22,-0.0063,True,O,▲,4795,▼,X,X,0.32,250,0,1,1,1,5780.0,enter,100.0,SWING+PM_BLOCK_INTRADAY+EF:정상,4.71,6.0,1.6,normal,7.0,v1_sl_first_gap_at_open,SWING+PM_BLOCK_INTRADAY+EF:정상,SWING_20D,80,SWING_60D,60,FIBO_1.272,40,,,,,,,,,,,,42.9,OK,13.87402491481038,13.87402491481038,,8,1,0.4,0.4,0.2,STRUCT+TIMING+AI,,,,60,20260805,,,,,,,,CARRY_LEGACY,0.291,,False,0.3,True,,,ALPHA_WIN_PROB,1.556,,1.556,0.0,상태 CARRY — 신규진입 상태 아님(사이징 제외),0.3913,0.0,0.0,v40_alpha_tilt,,20260409.0,50.0,True,35.0,False,56.6,,ELITE_SCORE,MATURE,11693,2.4.0,OK,,100.0,ATTACK,OK,OK,OK,OK,OK,OK,OK,0,7,True,True,True,"analyze_returned_none(ohlcv_len=373,mcap=693,in_top=True)",0,GREEN,,,0.0,AVOID,0,진입괴리 31.5%,0,0,0,0,,0.0,T=10<70,100.0,GREEN,,,0,False,0,HOLDING_MANAGE,TOP_PICK=0,,15.0,HOLDING_MANAGE,HOLDING_MANAGE,NORMAL,0,0,0,0,0,0,0,0,0,CLEAR,,,0,0,0,0,0.0,ENTRY_CLEAN_OBSERVE,1.0,BUY,,0.0,0.0,0.0,0.0,0.0,DISABLED_LOSS_DEFENSE,4830.0,-32.19461697722567,DEAD,1.0,보유 50일차 · 손익 -32.2% · 강한 청산 검토,False,False,False,True,False,True,True,True,0.0,0.0,45.0,0.0,20.0,0.0,0.0,0.0,65.0,0.5,True,True,False,4,False,0.0,0.0,G1유동성차단 · G2RR×0.5 · G3보유경과-45 · G5추세붕괴4축,,0,0,0,,0.0,0,,False,0.0,0.0,False,,False,True,,0,92.0,69.0,0,0,CAUTION,중립/관찰,C,WATCH,0,0.2,관찰,시장폭 82.2 · 5일 0.1%,25.59,6,288,0,16.43,300,,-4.0,4589.0,"진입 후 D+1 종가 4,589원(-4%) 이탈 시 익일 조기청산 권고",46.2,"최근 20거래일 유니버스 실측 2일 상승률 46.2% (n=6,245) · 종목별 유의차 미검증",NO_EDGE_VALIDATED,HIGH_AVOID,4445.0,5258.0,"⛔ 고위험 루트(진입보류 권고) · 손절 4,445(-7%)·본전전환 5,019(+5%)·1차익절 5,258(+10%) · ⚡ D+2내 4,876(+2%) 도달 시 절반 익절+잔여 본전 상향 (실측: 초반 급등 후 되돌림 -0.9%)",0,15.0,0,0,알파 28점 (진입선 85점 미달) · 데이터 신선도 실패,alpha_gate_v32,CASH,0.0,0.31,True,0,NEUTRAL,"중립 레짐 — KOSPI 20일선 아래, 시장폭 82% (실측: 본전 구간 → 진입 허용하되 사이즈 50%)",0.5,1,28.2,5019.0,0.2452,1,이 점수 구간의 과거 실측 승률 29% (표본 11693건) · 거래량 밀집가 대비 -3.9% — 가치영역 근접 (실측 표본 적음) · 손익비 1855.0 (손절 +39.1% / 1차목표 +56.6%) · 변동성 응축 5일째 (스퀴즈 — 방향 분출 대기),중립 레짐 — 사이즈 50% 권장 · 추천가 대비 31.5% 이탈 — 추격 주의 · 가격 데이터 stale — 표시가와 실제가 다를 수 있음 · AI 알파모델 예측 하위 28% — 이 구간 실측 승률 25% — 픽 제외 구간,29.1,False,CARRY,1,85.0,1,0,4876.0,1.9261109623344368,-1.4571255424744134,-0.7857841014422107,0.8856366018608064,1,1.0,,0,77.4,pctl>0.30,0,,0,1.0
142,036220,오상헬스케어,KOSDAQ,,6810,50.0,1021.7,0.0,0.0,CARRY,CARRY,7,False,0,False,0.0,15.4,1.0,0.0,74.0,,15.3,25.0,74.0,7.5,32.55,4.6,RR32.5,0,7140.0,6700.0,10390.0,12100.0,,-1.65,0.37,9678,-32.5,DATA_UNAVAILABLE,0,-17.64,33.7,-14.66,AI 강점,,저점 이탈,캐리 재계산 실패: legacy snapshot,NORMAL,82.2,의료용 기기 제조업,5000000000.0,76.2,34.39,0,0,-3.25,-3.64,-20.22,-23.47,-32.83,-42.93,-13.54,-25.42,-68.42,0.993,0.045,0,12.0,1,0,3.42,0.07,0,0,0,0,-1,8729.0,-26.22,0.1275,True,X,▼,7300,▼,X,X,0.0,250,0,-1,-1,1,13290.0,enter,100.0,SWING+PM_BLOCK_INTRADAY+EF:정상,6.16,6.0,7.4,normal,7.0,v1_sl_first_gap_at_open,SWING+PM_BLOCK_INTRADAY+EF:정상,SWING_20D,80,SWING_60D,60,SWING_120D,45,,,,,,,,0.1023409363745498,0.1670892788762743,0.0,OK,74.0,OK,8.0,8.0,,4,1,0.55,0.25,0.2,STRUCT+TIMING+AI,,,,50,20260805,,,,,,,,CARRY_LEGACY,0.291,,False,0.3,True,,,ALPHA_WIN_PROB,7.386,,1.81,0.0,상태 CARRY — 신규진입 상태 아님(사이징 제외),0.3559,0.0,0.0,v40_alpha_tilt,,20260512.0,17.0,True,35.0,False,52.6,,ELITE_SCORE,MATURE,11693,2.4.0,OK,,100.0,ATTACK,OK,OK,OK,OK,OK,OK,OK,0,7,True,True,True,"analyze_returned_none(ohlcv_len=373,mcap=974,in_top=True)",0,GREEN,,,0.0,AVOID,0,진입괴리 4.6%,0,0,0,0,,0.0,T=0<70,100.0,GREEN,,,0,False,0,HOLDING_MANAGE,TOP_PICK=0,,15.0,HOLDING_MANAGE,HOLDING_MANAGE,NORMAL,0,0,0,0,0,0,0,0,0,CLEAR,,,0,0,0,0,0.0,ENTRY_CLEAN_OBSERVE,1.0,BUY,,0.0,0.0,0.0,0.0,0.0,DISABLED_LOSS_DEFENSE,9250.0,-26.378378378378383,DEAD,1.0,보유 17일차 · 손익 -26.4% · 강한 청산 검토,True,False,False,True,False,True,True,True,0.0,0.0,45.0,0.0,20.0,0.0,0.0,0.0,65.0,0.3,False,True,False,4,False,0.0,0.0,G2RR×0.3 · G3보유경과-45 · G5추세붕괴4축,,0,0,0,,0.0,0,,False,0.0,0.0,False,,False,True,,0,88.0,70.0,0,0,CAUTION,중립/관찰,C,WATCH,0,0.2,관찰,섹터 약세+RSI 약함 · 시장폭 82.2 · 5일 -3.6%,8.64,6,322,0,34.82,241,,-4.0,6854.0,"진입 후 D+1 종가 6,854원(-4%) 이탈 시 익일 조기청산 권고",46.2,"최근 20거래일 유니버스 실측 2일 상승률 46.2% (n=6,245) · 종목별 유의차 미검증",NO_EDGE_VALIDATED,HIGH_AVOID,6640.0,7854.0,"⛔ 고위험 루트(진입보류 권고) · 손절 6,640(-7%)·본전전환 7,497(+5%)·1차익절 7,854(+10%) · ⚡ D+2내 7,283(+2%) 도달 시 절반 익절+잔여 본전 상향 (실측: 초반 급등 후 되돌림 -0.9%)",0,15.0,0,0,알파 59점 (진입선 85점 미달) · 데이터 신선도 실패,alpha_gate_v32,CASH,0.0,3.81,True,0,NEUTRAL,"중립 레짐 — KOSPI 20일선 아래, 시장폭 82% (실측: 본전 구간 → 진입 허용하되 사이즈 50%)",0.5,1,59.1,7497.0,0.2958,1,이 점수 구간의 과거 실측 승률 29% (표본 11693건) · 거래량 밀집가 대비 -32.5% — 가치영역 근접 (실측 표본 적음) · 손익비 32.5 (손절 -1.6% / 1차목표 +52.6%),중립 레짐 — 사이즈 50% 권장 · 추천가 대비 4.6% 이탈 — 추격 주의 · 가격 데이터 stale — 표시가와 실제가 다를 수 있음,29.1,True,CARRY,1,85.0,1,0,7283.0,1.9261109623344368,-1.4571255424744134,-0.7857841014422107,0.8856366018608064,0,1.0,,0,23.5,pctl>0.30,0,,0,1.0
143,091120,이엠텍,KOSDAQ,,4200,50.0,1012.6,0.0,0.0,CARRY,CARRY,7,False,0,False,0.0,7.0,0.0,1.5,33.0,,0.0,11.5,33.0,58.8,4170.0,28.9,RR4170.0,0,5910.0,5730.0,8370.0,8600.0,,-2.09,0.77,6901,-26.82,DATA_UNAVAILABLE,1,-8.09,33.6,-14.51,,,저점 이탈,캐리 재계산 실패: legacy snapshot,NORMAL,82.2,전자부품 제조업,5000000000.0,55.6,30.58,0,0,-5.14,-11.92,-22.54,-8.51,-25.1,-26.95,-8.36,-25.72,-63.92,1.0,0.199,0,12.0,0,0,1.91,0.0,0,0,0,0,-1,7826.0,-14.36,-0.3819,False,X,▼,6328,▼,X,X,0.96,250,0,-1,-1,1,,enter,100.0,SWING+PM_BLOCK_INTRADAY+EF:정상,3.05,6.0,13.7,normal,7.0,v1_sl_first_gap_at_open,SWING+PM_BLOCK_INTRADAY+EF:정상,SWING_20D,80,SWING_120D,45,,0,,,,,,,,0.0999516557892192,0.0459924692341286,0.3090909090909091,OK,33.0,OK,14.82133544367968,14.82133544367968,,2,0,0.55,0.25,0.2,STRUCT+TIMING+AI,,,,50,20260805,,,,,,,,CARRY_LEGACY,0.291,,False,0.3,True,,,ALPHA_WIN_PROB,13.667,,1.81,0.0,상태 CARRY — 신규진입 상태 아님(사이징 제외),0.3559,0.0,0.0,v40_alpha_tilt,,20260511.0,18.0,True,35.0,False,99.3,,ELITE_SCORE,MATURE,11693,2.4.0,OK,,100.0,ATTACK,OK,OK,OK,OK,OK,OK,OK,0,7,True,True,True,"analyze_returned_none(ohlcv_len=373,mcap=720,in_top=True)",0,GREEN,,,0.0,AVOID,0,진입괴리 28.9% · 전일 -5.1%,0,0,0,0,,0.0,T=2<70,100.0,GREEN,,,0,False,0,HOLDING_MANAGE,TOP_PICK=0,EBS 미통과/불명,10.0,HOLDING_MANAGE,HOLDING_MANAGE,NORMAL,0,0,0,0,0,0,0,0,0,CLEAR,,,0,0,0,0,0.0,ENTRY_CLEAN_OBSERVE,1.0,BUY,,0.0,0.0,0.0,0.0,0.0,DISABLED_LOSS_DEFENSE,7630.0,-44.95412844036697,DEAD,1.0,보유 18일차 · 손익 -45.0% · 강한 청산 검토,False,False,False,True,False,True,True,True,0.0,0.0,45.0,0.0,20.0,0.0,0.0,0.0,65.0,0.5,True,True,False,5,False,0.0,0.0,G1유동성차단 · G2RR×0.5 · G3보유경과-45 · G5추세붕괴5축,,0,0,0,,0.0,0,,False,0.0,0.0,False,,False,True,,0,88.0,70.0,0,0,CAUTION,중립/관찰,C,WATCH,0,0.2,관찰,섹터 약세+RSI 약함 · 시장폭 82.2 · 5일 -11.9%,18.91,6,308,0,13.09,312,,-4.0,5674.0,"진입 후 D+1 종가 5,674원(-4%) 이탈 시 익일 조기청산 권고",46.2,"최근 20거래일 유니버스 실측 2일 상승률 46.2% (n=6,245) · 종목별 유의차 미검증",NO_EDGE_VALIDATED,HIGH_AVOID,5496.0,6501.0,"⛔ 고위험 루트(진입보류 권고) · 손절 5,496(-7%)·본전전환 6,206(+5%)·1차익절 6,501(+10%) · ⚡ D+2내 6,028(+2%) 도달 시 절반 익절+잔여 본전 상향 (실측: 초반 급등 후 되돌림 -0.9%)",0,15.0,0,0,알파 30점 (진입선 85점 미달) · 데이터 신선도 실패,alpha_gate_v32,CASH,0.0,5.13,True,0,NEUTRAL,"중립 레짐 — KOSPI 20일선 아래, 시장폭 82% (실측: 본전 구간 → 진입 허용하되 사이즈 50%)",0.5,1,29.7,6206.0,0.2452,1,이 점수 구간의 과거 실측 승률 29% (표본 11693건) · 거래량 밀집가 대비 -26.8% — 가치영역 근접 (실측 표본 적음) · 손익비 4170.0 (손절 +36.4% / 1차목표 +99.3%),중립 레짐 — 사이즈 50% 권장 · 추천가 대비 28.9% 이탈 — 추격 주의 · 가격 데이터 stale — 표시가와 실제가 다를 수 있음 · AI 알파모델 예측 하위 30% — 이 구간 실측 승률 25% — 픽 제외 구간,29.1,False,CARRY,1,85.0,1,0,6028.0,1.9261109623344368,-1.4571255424744134,-0.7857841014422107,0.8856366018608064,1,1.0,,0,50.2,pctl>0.30,0,,0,1.0
144,021240,코웨이,KOSPI,서비스 기타,92800,203.54,65672.2,0.0,34.0,WAIT,ATTACK,3,True,1,False,85.8,85.8,85.1,86.4,0.0,0.0,51.5,57.2,86.4,0.0,0.96,0.0,진입적정,0,92800.0,85300.0,100000.0,108200.0,,1.46,1.06,92006,12.92,특이사항 없음,5,4.39,41.8,0.8,TIMING 강점,STRUCT 보조,,알파 상위 + MA20위·저점상승 확인 — 진입 우선,NORMAL,82.2,그외 기타 개인 서비스업,20354331900.0,58.7,10.35,1,0,-1.59,2.43,1.09,-4.13,5.94,10.87,9.69,17.94,-16.91,0.145,0.145,1,9.4,0,0,0.9,0.54,0,0,0,1,1,81660.0,0.86,0.103,False,O,▲,91688,▲,O,X,-1.27,250,0,1,1,1,111300.0,enter,100.0,NORMAL+PM_BLOCK_INTRADAY+EF:정상,8.08,4.0,1.0,normal,7.0,v1_sl_first_gap_at_open,NORMAL+PM_BLOCK_INTRADAY+EF:정상,SWING_20D,23,ATR_3.5x,12,FIBO_1.618,5,0.0,그외 기타 개인 서비스업,12.922941176470587,7.686470588235293,13.0,11.6,0.0,0.047182881773399014,0.057164259487332746,0.7027027027027027,OK,0.0,UNVALIDATED_MODEL,62.3060117888986,62.3060117888986,0.0,6,1,0.5,0.5,0.0,STRUCT+TIMING+SECTOR,pullback,77.8,7.0,70,20260805,20260805,,85.8,85.8,85.8,-12.0,-33.79,FRESH,0.171,elite_low_wr_0.17,True,0.606,False,MATURE,11693.0,ALPHA_WIN_PROB,0.96,,0.96,0.0,실측 승률 36% < 필요 승률 51% (손익비 0.96) — 켈리 기준 미달,0.5102,0.0,4.0,v40_alpha_tilt,,,,,,True,7.8,,ELITE_SCORE,MATURE,11693,2.4.0,OK,,100.0,ATTACK,OK,OK,OK,OK,OK,OK,OK,0,7,True,True,True,,0,GREEN,,,0.0,AVOID,0,RR 0.96,0,0,0,0,,0.0,S=85≥50,100.0,GREEN,,,0,False,0,BELOW_OFFICIAL_BAR,TOP_PICK=0,,20.0,IGNORE,IGNORE,NORMAL,0,0,0,0,0,0,0,0,0,CLEAR,,,0,0,0,0,0.0,,,,,,,,,,DISABLED_LOSS_DEFENSE,,,,,,True,True,True,True,True,True,True,True,0.0,0.0,0.0,0.0,0.0,0.0,0.0,0.0,0.0,1.0,False,False,False,0,True,51.5,1.0,,,0,0,0,,51.5,0,,False,0.0,0.0,False,,False,True,,0,98.0,100.0,0,0,CAUTION,중립/관찰,B,REALISTIC_RR,0,0.35,관찰 후보,현실형 RR · 시장폭 82.2 · 5일 2.4%,71.54,6,42,0,85.31,11,모멘텀확인중(PMS72),-4.0,89088.0,"진입 후 D+1 종가 89,088원(-4%) 이탈 시 익일 조기청산 권고",46.2,"최근 20거래일 유니버스 실측 2일 상승률 46.2% (n=6,245) · 종목별 유의차 미검증",NO_EDGE_VALIDATED,OK,86304.0,102080.0,"손절 86,304(-7%)·본전전환 97,440(+5%)·1차익절 102,080(+10%) · ⚡ D+2내 94,656(+2%) 도달 시 절반 익절+잔여 본전 상향 (실측: 초반 급등 후 되돌림 -0.9%)",0,14.6,0,0,진입 조건 미달 · 손익비 0.96,alpha_gate_v32,CASH,0.0,,,0,NEUTRAL,"중립 레짐 — KOSPI 20일선 아래, 시장폭 82% (실측: 본전 구간 → 진입 허용하되 사이즈 50%)",0.5,1,86.7,97440.0,0.3572,1,이 점수 구간의 과거 실측 승률 17% (표본 11693건) · 거래량 밀집가 대비 +12.9% — 가치영역 근접 (실측 승률 48%) · 변동성 응축 5일째 (스퀴즈 — 방향 분출 대기) · AI 알파모델 예측 상위 13% (OOS 검증 통과 모델 — 이 구간 실측 승률 36%),중립 레짐 — 사이즈 50% 권장 · 손익비 0.96 <1 — 이길 수 없는 구조,17.1,False,WAIT,1,85.0,1,0,94656.0,,,,,1,1.0,,0,85.1,pctl>0.30,0,,0,1.0
145,019210,와이지-원,KOSDAQ,기타,18890,129.45,7025.9,0.0,0.0,WAIT,OVERHEAT,3,False,0,False,13.6,13.6,15.2,11.9,0.0,0.0,9.5,9.0,15.2,81.0,3.32,1.5,밸런스우수 + RR3.3 + 진입적정,0,18610.0,17110.0,24800.0,28500.0,,0.84,0.77,19293,46.68,특이사항 없음,0,-25.94,37.7,-3.96,,,5일 급등,"과열(급등·MFI·RSI) — 실측 역신호, 관망",NORMAL,82.2,기타 금속 가공제품 제조업,12944528415.0,50.0,53.12,0,0,5.59,17.26,-4.6,-17.51,23.06,116.63,-13.7,56.85,144.49,0.172,0.066,1,12.0,0,0,1.26,0.46,0,0,0,0,-1,22764.0,-2.09,0.7754,False,O,▲,15732,▲,O,X,2.24,250,0,1,1,1,32800.0,enter,100.0,NORMAL+PM_BLOCK_INTRADAY+EF:정상,8.06,5.0,4.1,normal,7.0,v1_sl_first_gap_at_open,NORMAL+PM_BLOCK_INTRADAY+EF:정상,SWING_20D,12,SWING_60D,5,FIBO_1.272,2,0.0,기타 금속 가공제품 제조업,22.15142857142857,8.541428571428572,9.0,88.6,0.0,0.1303032594721319,-0.04069032599474562,0.4782608695652174,OK,0.0,UNVALIDATED_MODEL,9.672457493758928,9.672457493758928,0.0,4,1,0.5,0.5,0.0,STRUCT+TIMING+SECTOR,default,default,default,70,20260805,20260805,,13.6,13.6,13.6,-12.0,-33.79,FRESH,0.291,,False,0.3,True,MATURE,11693.0,ALPHA_WIN_PROB,4.127,,1.81,0.0,상태 OVERHEAT — 신규진입 상태 아님(사이징 제외),0.3559,0.0,0.0,v40_alpha_tilt,,,,,,True,31.3,,ELITE_SCORE,MATURE,11693,2.4.0,OK,,100.0,ATTACK,OK,OK,OK,OK,OK,OK,OK,0,7,True,True,True,,0,GREEN,,,90.0,AVOID,0,POC 47↑ · 수익회복 패치 차단,0,0,0,0,,0.0,T=12<70,100.0,GREEN,,,0,False,0,BELOW_OFFICIAL_BAR,TOP_PICK=0,,35.0,IGNORE,IGNORE,NORMAL,0,0,0,0,0,0,0,0,0,CLEAR,,,0,0,0,0,0.0,,,,,,,,,,DISABLED_LOSS_DEFENSE,,,,,,True,False,True,True,True,True,True,True,0.0,0.0,0.0,0.0,0.0,0.0,0.0,0.0,0.0,0.5,False,False,False,2,False,4.8,0.5,G2RR×0.5,,0,0,0,,4.8,0,,False,0.0,0.0,True,PROFIT_RECOVERY: 단기상승+VWAP/POC 추격충돌 · 시장폭 82.2 · 5일 17.3%,False,True,,0,68.0,32.0,0,0,CAUTION,5일 상승 17.3% > 5%,BLOCK,FOMO_COLLISION,1,0.0,신규진입 차단,단기상승+VWAP/POC 추격충돌 · 시장폭 82.2 · 5일 17.3%,36.02,6,243,0,36.82,234,,-4.0,17866.0,"진입 후 D+1 종가 17,866원(-4%) 이탈 시 익일 조기청산 권고",46.2,"최근 20거래일 유니버스 실측 2일 상승률 46.2% (n=6,245) · 종목별 유의차 미검증",NO_EDGE_VALIDATED,OK,17307.0,20471.0,"손절 17,307(-7%)·본전전환 19,540(+5%)·1차익절 20,471(+10%) · ⚡ D+2내 18,982(+2%) 도달 시 절반 익절+잔여 본전 상향 (실측: 초반 급등 후 되돌림 -0.9%)",0,14.4,0,0,알파 4점 (진입선 85점 미달) · 손실방어 차단 · POC 확장 47% (추격 위험),alpha_gate_v32,CASH,0.0,,,1,NEUTRAL,"중립 레짐 — KOSPI 20일선 아래, 시장폭 82% (실측: 본전 구간 → 진입 허용하되 사이즈 50%)",0.5,1,4.0,19540.0,0.2386,1,이 점수 구간의 과거 실측 승률 29% (표본 11693건) · 손익비 3.3 (손절 -9.4% / 1차목표 +31.3%),중립 레짐 — 사이즈 50% 권장 · 거래량 밀집가 대비 +46.7% 확장 (실측 승률 12~23% — 추격 위험) · AI 알파모델 예측 하위 4% — 이 구간 실측 승률 24% — 픽 제외 구간,29.1,False,WAIT,1,85.0,1,0,18982.0,,,,,0,1.0,,0,9.0,pctl>0.30,1,"⛔ 위험구간 — 알파 하위10% + 저점추세 하위30% (실측 5일 -2.88%·승률 21.5%, 20일 승률 10.8%) · 보유 중이면 정리 검토",0,1.0
146,103590,일진전기,KOSPI,기타,61100,191.87,29135.8,0.0,0.0,OVERHEAT,OVERHEAT,5,False,1,False,31.3,31.3,24.6,38.0,0.0,0.0,22.2,20.9,38.0,52.5,1.52,0.2,RR1.5 + 진입적정,0,61000.0,56100.0,68700.0,70400.0,,1.55,0.98,87045,-24.47,특이사항 없음,0,-18.48,47.5,3.56,,,5일 급등,"과열(급등·MFI·RSI) — 실측 역신호, 관망",NORMAL,82.2,절연선 및 케이블 제조업,19186694200.0,61.4,38.48,0,0,8.91,25.59,0.33,-10.28,-57.6,-7.84,3.54,-45.6,-35.62,0.968,0.08,0,12.0,1,0,1.01,0.68,0,0,0,1,-1,64430.0,-29.81,0.6063,False,X,▼,51851,▲,O,X,8.73,250,0,-1,-1,1,72100.0,split,50.0,NORMAL+PM_BLOCK_INTRADAY+EF:갭 7%+ 분할 진입+ENTRY:split,8.03,5.0,1.6,normal,7.0,v1_sl_first_gap_at_open,NORMAL+PM_BLOCK_INTRADAY+EF:갭 7%+ 분할 진입+ENTRY:split,SWING_20D,46,BB_UPPER,23,ATR_2x,23,0.0,절연선 및 케이블 제조업,22.15142857142857,8.541428571428572,9.0,54.3,0.0,0.09048398410100537,-0.005729400150685456,0.20833333333333334,OK,0.0,UNVALIDATED_MODEL,56.709035804848014,56.709035804848014,0.0,4,1,0.5,0.5,0.0,STRUCT+TIMING+SECTOR,default,default,default,70,20260805,20260805,,31.3,31.3,31.3,-12.0,-33.79,FRESH,0.291,,False,0.3,True,MATURE,11693.0,ALPHA_WIN_PROB,1.571,,1.571,0.0,상태 OVERHEAT — 신규진입 상태 아님(사이징 제외),0.3889,0.0,0.0,v40_alpha_tilt,,,,,,True,12.4,,ELITE_SCORE,MATURE,11693,2.4.0,OK,,100.0,ATTACK,OK,OK,OK,OK,OK,OK,OK,0,7,True,True,True,,0,GREEN,,,0.0,AVOID,0,5일 +26% · 7월 손실방어 차단 · 수익회복 패치 차단,0,1,0,0,,0.0,T=38<70,100.0,GREEN,,,0,False,0,BELOW_OFFICIAL_BAR,TOP_PICK=0,,15.0,IGNORE,IGNORE,NORMAL,0,0,0,0,0,0,0,0,0,CLEAR,,,0,0,0,0,0.0,,,,,,,,,,DISABLED_LOSS_DEFENSE,,,,,,True,False,True,True,True,True,True,True,0.0,0.0,0.0,0.0,0.0,0.0,0.0,0.0,0.0,0.5,False,False,False,2,False,11.1,0.5,G2RR×0.5,,0,0,0,,11.1,0,과열이나 GUARD 미통과 — 레인 제외,False,0.0,0.0,True,JULY_PROFIT_DEFENSE: 5일 과열 25.6% | PROFIT_RECOVERY: 기존 guard/JULY 차단 · 시장폭 82.2 · 5일 25.6%,False,True,,0,58.0,34.0,0,1,BLOCK,5일 과열 25.6%,BLOCK,GUARD_BLOCK,1,0.0,신규진입 차단,기존 guard/JULY 차단 · 시장폭 82.2 · 5일 25.6%,45.15,6,200,0,59.57,122,,-4.0,58560.0,"진입 후 D+1 종가 58,560원(-4%) 이탈 시 익일 조기청산 권고",46.2,"최근 20거래일 유니버스 실측 2일 상승률 46.2% (n=6,245) · 종목별 유의차 미검증",NO_EDGE_VALIDATED,CAUTION,56730.0,67100.0,"⚠️ 과열/추격 주의 · 손절 56,730(-7%)·본전전환 64,050(+5%)·1차익절 67,100(+10%) · ⚡ D+2내 62,220(+2%) 도달 시 절반 익절+잔여 본전 상향 (실측: 초반 급등 후 되돌림 -0.9%)",0,13.1,0,0,알파 70점 (진입선 85점 미달) · 손실방어 차단,alpha_gate_v32,CASH,0.0,,,0,NEUTRAL,"중립 레짐 — KOSPI 20일선 아래, 시장폭 82% (실측: 본전 구간 → 진입 허용하되 사이즈 50%)",0.5,1,70.3,64050.0,0.3379,1,이 점수 구간의 과거 실측 승률 29% (표본 11693건) · 거래량 밀집가 대비 -24.5% — 가치영역 근접 (실측 표본 적음) · 손익비 1.5 (손절 -8.2% / 1차목표 +12.4%) · AI 알파모델 예측 상위 30% (OOS 검증 통과 모델 — 이 구간 실측 승률 34%),중립 레짐 — 사이즈 50% 권장,29.1,True,OVERHEAT,1,85.0,1,0,62220.0,,,,,0,1.0,,0,22.0,pctl>0.30,0,,0,1.0
147,035720,카카오,KOSPI,서비스 기타,38150,991.7,168997.3,0.0,0.0,WAIT,ATTACK,3,True,1,False,69.9,69.9,65.6,74.3,0.0,0.0,13.0,46.6,74.3,7.1,0.39,0.0,진입적정,0,38150.0,35050.0,39350.0,41850.0,🚀급등시동/📦박스돌파,1.27,1.14,39080,9.79,특이사항 없음,3,3.74,65.1,6.41,TIMING 강점,,,알파 상위 + MA20위·저점상승 확인 — 진입 우선,NORMAL,82.2,"자료처리, 호스팅, 포털 및 기타 인터넷 정보매개 서비스업",99169539075.0,58.9,14.28,0,0,0.66,8.07,7.46,7.77,-17.07,-34.45,21.59,-5.07,-62.23,0.764,0.146,1,9.6,1,1,1.13,0.8,0,0,0,1,-1,38540.0,-2.38,0.0806,False,X,▼,37360,▲,O,X,0.53,250,0,-1,-1,1,48500.0,enter,100.0,NORMAL+PM_BLOCK_INTRADAY+EF:정상,8.13,4.0,0.4,normal,7.0,v1_sl_first_gap_at_open,NORMAL+PM_BLOCK_INTRADAY+EF:정상,SWING_20D,46,ATR_2x,23,SWING_60D,2,0.0,"자료처리, 호스팅, 포털 및 기타 인터넷 정보매개 서비스업",12.922941176470587,7.686470588235293,13.0,14.4,0.0,0.0481651376146789,0.03243450078202185,0.8888888888888888,OK,0.0,UNVALIDATED_MODEL,66.90088928874309,66.90088928874309,0.0,8,1,0.5,0.5,0.0,STRUCT+TIMING+SECTOR,default,default,default,70,20260805,20260805,,69.9,69.9,69.9,-12.0,-33.79,FRESH,0.291,,False,0.479,False,MATURE,11693.0,ALPHA_WIN_PROB,0.387,,0.387,0.0,실측 승률 39% < 필요 승률 72% (손익비 0.39) — 켈리 기준 미달,0.7209,0.0,0.0,v40_alpha_tilt,,,,,,True,3.1,,ELITE_SCORE,MATURE,11693,2.4.0,OK,,100.0,ATTACK,OK,OK,OK,OK,OK,OK,OK,0,7,True,True,True,,0,GREEN,,,0.0,AVOID,0,RR 0.39,0,0,0,0,,0.0,S=66≥50,100.0,GREEN,,,0,False,0,BELOW_OFFICIAL_BAR,TOP_PICK=0,,13.0,IGNORE,IGNORE,NORMAL,0,0,0,0,0,0,0,0,0,CLEAR,,,0,0,0,0,0.0,,,,,,,,,,DISABLED_LOSS_DEFENSE,,,,,,True,True,True,True,True,True,True,True,0.0,0.0,0.0,0.0,0.0,0.0,0.0,0.0,0.0,1.0,False,False,False,1,True,13.0,1.0,,,0,0,0,,13.0,0,,False,0.0,0.0,False,,False,True,,0,80.0,74.0,0,0,CAUTION,5일 상승 8.1% > 5%,C,WATCH,0,0.2,관찰,시장폭 82.2 · 5일 8.1%,85.45,6,11,0,69.51,62,모멘텀확인강(PMS85),-4.0,36624.0,"진입 후 D+1 종가 36,624원(-4%) 이탈 시 익일 조기청산 권고",46.2,"최근 20거래일 유니버스 실측 2일 상승률 46.2% (n=6,245) · 종목별 유의차 미검증",NO_EDGE_VALIDATED,OK,35480.0,41965.0,"손절 35,480(-7%)·본전전환 40,058(+5%)·1차익절 41,965(+10%) · ⚡ D+2내 38,913(+2%) 도달 시 절반 익절+잔여 본전 상향 (실측: 초반 급등 후 되돌림 -0.9%)",0,13.0,0,0,진입 조건 미달 · 손익비 0.39,alpha_gate_v32,CASH,0.0,,,0,NEUTRAL,"중립 레짐 — KOSPI 20일선 아래, 시장폭 82% (실측: 본전 구간 → 진입 허용하되 사이즈 50%)",0.5,1,98.1,40058.0,0.3888,1,이 점수 구간의 과거 실측 승률 29% (표본 11693건) · 거래량 밀집가 대비 +9.8% — 가치영역 근접 (실측 승률 40%) · 변동성 응축 3일째 (스퀴즈 — 방향 분출 대기) · AI 알파모델 예측 상위 2% (OOS 검증 통과 모델 — 이 구간 실측 승률 39%),중립 레짐 — 사이즈 50% 권장 · 손익비 0.39 <1 — 이길 수 없는 구조,29.1,False,WAIT,1,85.0,1,0,38913.0,,,,,1,1.0,,0,83.6,pctl>0.30,0,,0,1.0
148,332570,PS일렉트로닉스,KOSDAQ,IT/전기전자,9400,627.26,4390.9,0.0,0.0,OVERHEAT,OVERHEAT,5,False,0,False,91.2,91.2,87.8,94.7,0.0,0.0,16.5,60.8,94.7,0.0,0.1,33.1,,0,7060.0,6490.0,9690.0,14990.0,🚀급등시동,2.5,1.58,9615,31.79,[뉴스]제공된 헤드라인은 'PS일렉트로닉스'에 대한 내용이 아니므로 투자 심리를 평가할 수 없습니다.,0,23.02,70.0,39.73,TIMING 강점,STRUCT 보조,RSI 과열,"과열(급등·MFI·RSI) — 실측 역신호, 관망",NORMAL,82.2,전자부품 제조업,62726164725.0,77.4,61.09,0,0,14.08,38.64,35.64,86.88,-14.93,41.35,90.69,18.86,69.21,0.359,0.145,1,12.0,1,0,1.5,0.94,0,0,0,1,1,6145.0,-2.25,0.3866,False,O,▲,7867,▲,O,X,3.76,250,0,1,1,1,,split,50.0,NORMAL+PM_BLOCK_INTRADAY+EF:당일 10%+ 급등 분할 진입+ENTRY:split,8.07,6.0,4.6,normal,7.0,v1_sl_first_gap_at_open,NORMAL+PM_BLOCK_INTRADAY+EF:당일 10%+ 급등 분할 진입+ENTRY:split,SWING_20D,12,SWING_60D,2,,0,0.0,전자부품 제조업,28.983018867924528,12.636603773584905,4.0,52.8,0.0,0.09688449848024315,0.025482451665872985,0.20863309352517986,OK,0.0,UNVALIDATED_MODEL,77.17107164021712,77.17107164021712,0.0,6,1,0.5,0.5,0.0,STRUCT+TIMING+SECTOR,default,default,default,70,20260805,20260805, 📢재료: [뉴스]제공된 헤드라인은 'PS일렉트로닉스'에 대한 내용이 아니므로 투자 심리를 평가할 수 없습니다.,91.2,91.2,91.2,-12.0,-33.79,FRESH,0.291,,False,0.65,False,MATURE,11693.0,ALPHA_WIN_PROB,4.614,,1.81,0.0,상태 OVERHEAT — 신규진입 상태 아님(사이징 제외),0.3559,0.0,0.0,v40_alpha_tilt,,,,,,True,3.1,,ELITE_SCORE,MATURE,11693,2.4.0,OK,,100.0,ATTACK,OK,OK,OK,OK,OK,OK,OK,0,7,True,True,True,,0,GREEN,,,0.0,AVOID,0,진입괴리 33.1% · RR 0.10 · 5일 +39%,0,1,0,0,,0.0,S=88≥50 · 이격도40>15,100.0,GREEN,,,0,False,0,BELOW_OFFICIAL_BAR,TOP_PICK=0,,20.0,IGNORE,IGNORE,NORMAL,0,0,0,0,0,0,0,0,0,CLEAR,,,0,0,0,0,0.0,,,,,,,,,,DISABLED_LOSS_DEFENSE,,,,,,True,True,True,True,True,True,True,True,0.0,0.0,0.0,0.0,0.0,0.0,0.0,0.0,0.0,1.0,False,False,False,0,True,16.5,1.0,,,0,1,0,A,16.5,4,"⚡ 모멘텀 후보 (과열·가드통과, 강도 4위/점수 16, RR 0.10)",False,0.0,0.0,False,,False,True,,0,84.0,54.0,0,1,BLOCK,5일 과열 38.6%,BLOCK,GUARD_BLOCK,1,0.0,신규진입 차단,기존 guard/JULY 차단 · 시장폭 82.2 · 5일 38.6%,89.86,6,2,1,77.13,25,PMS추천 · 모멘텀확인강(PMS90),-4.0,6778.0,"진입 후 D+1 종가 6,778원(-4%) 이탈 시 익일 조기청산 권고",46.2,"최근 20거래일 유니버스 실측 2일 상승률 46.2% (n=6,245) · 종목별 유의차 미검증",NO_EDGE_VALIDATED,CAUTION,6566.0,7766.0,"⚠️ 과열/추격 주의 · 손절 6,566(-7%)·본전전환 7,413(+5%)·1차익절 7,766(+10%) · ⚡ D+2내 7,201(+2%) 도달 시 절반 익절+잔여 본전 상향 (실측: 초반 급등 후 되돌림 -0.9%)",0,12.1,0,0,알파 13점 (진입선 85점 미달) · 손익비 0.10 · 손실방어 차단 · POC 확장 32% (추격 위험),alpha_gate_v32,CASH,0.0,,,1,NEUTRAL,"중립 레짐 — KOSPI 20일선 아래, 시장폭 82% (실측: 본전 구간 → 진입 허용하되 사이즈 50%)",0.5,1,12.7,7413.0,0.2489,1,이 점수 구간의 과거 실측 승률 29% (표본 11693건) · 저점 상승 추세 23% (바닥이 높아지는 중),중립 레짐 — 사이즈 50% 권장 · 거래량 밀집가 대비 +31.8% 확장 (실측 승률 12~23% — 추격 위험) · 손익비 0.10 <1 — 이길 수 없는 구조 · RSI 70 과열 구간 · 추천가 대비 33.1% 이탈 — 추격 주의 · AI 알파모델 예측 하위 13% — 이 구간 실측 승률 25% — 픽 제외 구간,29.1,False,OVERHEAT,1,85.0,1,0,7201.0,,,,,1,1.0,,0,97.2,pctl>0.30,0,,0,1.0
149,192820,코스맥스,KOSPI,화학·소재,195000,210.76,22131.5,0.0,,WAIT,ARMED,3,True,1,False,62.2,62.2,42.6,81.8,0.0,0.0,11.9,41.5,81.8,0.0,0.54,0.0,진입적정,0,195000.0,179400.0,203500.0,218000.0,,1.42,1.16,178100,-1.02,특이사항 없음,5,-0.48,63.2,7.61,TIMING 강점,,,알파 상위권 + 코일(스퀴즈/추세) — 진입 임박,NORMAL,82.2,기타 화학제품 제조업,21076487800.0,55.7,16.69,1,0,-0.1,5.58,15.25,6.56,-7.14,-0.91,20.38,4.86,-28.69,0.305,0.276,0,11.6,0,1,1.13,0.76,0,0,0,1,1,160060.0,9.49,0.0366,False,O,▼,190361,▲,O,X,-1.13,250,0,-1,1,1,226000.0,enter,100.0,NORMAL+PM_BLOCK_INTRADAY+EF:정상,8.0,5.0,0.5,normal,7.0,v1_sl_first_gap_at_open,NORMAL+PM_BLOCK_INTRADAY+EF:정상,SWING_20D,46,ATR_2x,23,SWING_60D,12,0.0,기타 화학제품 제조업,18.9472,9.67,10.0,25.0,0.0,0.0580952380952381,0.07510131210592445,0.8095238095238095,OK,0.0,UNVALIDATED_MODEL,73.7350953737693,73.7350953737693,0.0,8,1,0.5,0.5,0.0,STRUCT+TIMING+SECTOR,default,default,default,70,20260805,20260805,,62.2,62.2,62.2,-12.0,-33.79,FRESH,0.291,elite_low_wr_0.29,True,0.418,True,MATURE,11693.0,ALPHA_WIN_PROB,0.545,,0.545,0.0,실측 승률 34% < 필요 승률 65% (손익비 0.54) — 켈리 기준 미달,0.6473,0.0,,v40_alpha_tilt,,,,,,True,4.4,,ELITE_SCORE,MATURE,11693,2.4.0,OK,,100.0,ATTACK,OK,OK,OK,OK,OK,OK,OK,0,7,True,True,True,,0,GREEN,,,0.0,AVOID,0,RR 0.54,0,0,0,1,BASIC,60.0,T=82·S=43 · RR=0.54<1.0,100.0,GREEN,,,0,False,0,BELOW_OFFICIAL_BAR,TOP_PICK=0,,5.0,IGNORE,IGNORE,NORMAL,0,0,0,0,0,0,0,0,0,CLEAR,,,0,0,0,0,0.0,,,,,,,,,,DISABLED_LOSS_DEFENSE,,,,,,True,True,True,True,True,True,True,True,0.0,0.0,0.0,0.0,0.0,0.0,0.0,0.0,0.0,1.0,False,False,False,1,True,11.9,1.0,,,0,0,0,,11.9,0,,False,0.0,0.0,False,,False,True,,0,80.0,74.0,0,0,CAUTION,5일 상승 5.6% > 5%,C,WATCH,0,0.2,관찰,시장폭 82.2 · 5일 5.6%,82.48,6,15,0,65.78,82,모멘텀확인강(PMS82),-4.0,187200.0,"진입 후 D+1 종가 187,200원(-4%) 이탈 시 익일 조기청산 권고",46.2,"최근 20거래일 유니버스 실측 2일 상승률 46.2% (n=6,245) · 종목별 유의차 미검증",NO_EDGE_VALIDATED,OK,181350.0,214500.0,"손절 181,350(-7%)·본전전환 204,750(+5%)·1차익절 214,500(+10%) · ⚡ D+2내 198,900(+2%) 도달 시 절반 익절+잔여 본전 상향 (실측: 초반 급등 후 되돌림 -0.9%)",0,11.2,0,0,알파 71점 (진입선 85점 미달) · 손익비 0.54,alpha_gate_v32,CASH,0.0,,,0,NEUTRAL,"중립 레짐 — KOSPI 20일선 아래, 시장폭 82% (실측: 본전 구간 → 진입 허용하되 사이즈 50%)",0.5,1,71.2,204750.0,0.3379,1,이 점수 구간의 과거 실측 승률 29% (표본 11693건) · 거래량 밀집가 대비 -1.0% — 가치영역 근접 (실측 표본 적음) · 변동성 응축 5일째 (스퀴즈 — 방향 분출 대기) · AI 알파모델 예측 상위 29% (OOS 검증 통과 모델 — 이 구간 실측 승률 34%),중립 레짐 — 사이즈 50% 권장 · 손익비 0.54 <1 — 이길 수 없는 구조,29.1,False,WAIT,1,85.0,1,0,198900.0,,,,,1,1.0,,0,71.2,pctl>0.30,0,,0,1.0
150,326030,SK바이오팜,KOSPI,기타,82000,162.94,64216.9,0.0,,WAIT,ARMED,3,True,1,False,49.5,49.5,29.9,69.1,0.0,0.0,9.9,33.0,69.1,13.6,0.65,0.0,진입적정,0,82000.0,75400.0,86300.0,90100.0,,1.63,1.54,89492,-14.88,특이사항 없음,3,-1.35,57.8,3.7,,,,알파 상위권 + 코일(스퀴즈/추세) — 진입 임박,NORMAL,82.2,자연과학 및 공학 연구개발업,16294164250.0,65.9,10.99,1,0,2.76,8.47,6.77,-3.42,-17.51,-26.46,10.4,-5.51,-54.24,0.961,0.138,0,9.9,1,0,1.3,0.68,0,0,0,1,-1,88690.0,-8.37,0.1252,False,X,▼,79127,▲,O,X,2.26,250,0,-1,-1,1,96400.0,enter,100.0,NORMAL+PM_BLOCK_INTRADAY+EF:정상,8.05,4.0,0.7,normal,7.0,v1_sl_first_gap_at_open,NORMAL+PM_BLOCK_INTRADAY+EF:정상,SWING_20D,46,ATR_2x,23,VP_RESISTANCE,5,0.0,자연과학 및 공학 연구개발업,22.15142857142857,8.541428571428572,9.0,36.9,0.0,0.04939024390243903,0.016658214957409427,0.7678571428571429,OK,0.0,UNVALIDATED_MODEL,66.66702928884003,66.66702928884003,0.0,8,1,0.5,0.5,0.0,STRUCT+TIMING+SECTOR,default,default,default,70,20260805,20260805,,49.5,49.5,49.5,-12.0,-33.79,FRESH,0.291,elite_low_wr_0.29,True,0.316,True,MATURE,11693.0,ALPHA_WIN_PROB,0.652,,0.652,0.0,실측 승률 39% < 필요 승률 61% (손익비 0.65) — 켈리 기준 미달,0.6055,0.0,,v40_alpha_tilt,,,,,,True,5.2,,ELITE_SCORE,MATURE,11693,2.4.0,OK,,100.0,ATTACK,OK,OK,OK,OK,OK,OK,OK,0,7,True,True,True,,0,GREEN,,,0.0,AVOID,0,RR 0.65,0,0,0,0,,0.0,T=69<70,100.0,GREEN,,,0,False,0,BELOW_OFFICIAL_BAR,TOP_PICK=0,,5.0,IGNORE,IGNORE,NORMAL,0,0,0,0,0,0,0,0,0,CLEAR,,,0,0,0,0,0.0,,,,,,,,,,DISABLED_LOSS_DEFENSE,,,,,,True,False,True,True,True,True,True,True,0.0,0.0,0.0,0.0,0.0,0.0,0.0,0.0,0.0,0.5,False,False,False,2,False,5.0,0.5,G2RR×0.5,,0,0,0,,5.0,0,,False,0.0,0.0,False,,False,True,,0,88.0,84.0,0,0,CAUTION,5일 상승 8.5% > 5%,B,REALISTIC_RR,0,0.35,관찰 후보,현실형 RR · 시장폭 82.2 · 5일 8.5%,72.96,6,39,0,56.53,137,모멘텀확인중(PMS73),-4.0,78720.0,"진입 후 D+1 종가 78,720원(-4%) 이탈 시 익일 조기청산 권고",46.2,"최근 20거래일 유니버스 실측 2일 상승률 46.2% (n=6,245) · 종목별 유의차 미검증",NO_EDGE_VALIDATED,OK,76260.0,90200.0,"손절 76,260(-7%)·본전전환 86,100(+5%)·1차익절 90,200(+10%) · ⚡ D+2내 83,640(+2%) 도달 시 절반 익절+잔여 본전 상향 (실측: 초반 급등 후 되돌림 -0.9%)",0,11.0,0,0,진입 조건 미달 · 손익비 0.65,alpha_gate_v32,CASH,0.0,,,0,NEUTRAL,"중립 레짐 — KOSPI 20일선 아래, 시장폭 82% (실측: 본전 구간 → 진입 허용하되 사이즈 50%)",0.5,1,99.4,86100.0,0.3888,1,이 점수 구간의 과거 실측 승률 29% (표본 11693건) · 거래량 밀집가 대비 -14.9% — 가치영역 근접 (실측 표본 적음) · 변동성 응축 3일째 (스퀴즈 — 방향 분출 대기) · AI 알파모델 예측 상위 1% (OOS 검증 통과 모델 — 이 구간 실측 승률 39%),중립 레짐 — 사이즈 50% 권장 · 손익비 0.65 <1 — 이길 수 없는 구조,29.1,False,WAIT,1,85.0,1,0,83640.0,,,,,1,1.0,,0,70.0,pctl>0.30,0,,0,1.0
151,001510,SK증권,KOSPI,서비스 기타,2230,56.88,5157.9,0.0,0.0,WAIT,OVERHEAT,3,False,0,False,40.2,40.2,33.3,47.1,0.0,0.0,27.5,26.8,47.1,41.1,1.4,1.6,RR1.4 + 진입적정,0,2195.0,2020.0,2525.0,5480.0,,2.14,1.09,3438,-39.82,특이사항 없음,0,-16.64,45.9,3.82,,,5일 급등,"과열(급등·MFI·RSI) — 실측 역신호, 관망",NORMAL,82.2,금융 지원 서비스업,5688312153.0,54.2,31.94,0,0,5.94,22.53,4.21,-7.66,-56.53,23.82,6.16,-44.53,-3.96,0.973,0.076,0,12.0,1,0,1.97,0.64,0,0,0,1,-1,2248.2,-35.15,0.5911,False,X,▼,1934,▲,O,X,4.04,250,0,-1,-1,1,6190.0,enter,100.0,NORMAL+PM_BLOCK_INTRADAY+EF:정상,7.97,5.0,1.9,normal,7.0,v1_sl_first_gap_at_open,NORMAL+PM_BLOCK_INTRADAY+EF:정상,SWING_20D,23,SWING_60D,2,SWING_120D,2,0.0,금융 지원 서비스업,12.922941176470587,7.686470588235293,13.0,53.5,0.0,0.07139654067905189,-0.00018451008532599045,0.15789473684210525,OK,0.0,UNVALIDATED_MODEL,55.86985490889938,55.86985490889938,0.0,6,1,0.5,0.5,0.0,STRUCT+TIMING+SECTOR,default,default,default,70,20260805,20260805,,40.2,40.2,40.2,-12.0,-33.79,FRESH,0.28,,False,0.3,True,MATURE,11693.0,ALPHA_WIN_PROB,1.886,,1.81,0.0,상태 OVERHEAT — 신규진입 상태 아님(사이징 제외),0.3559,0.0,0.0,v40_alpha_tilt,,,,,,True,13.2,,ELITE_SCORE,MATURE,11693,2.4.0,OK,,100.0,ATTACK,OK,OK,OK,OK,OK,OK,OK,0,7,True,True,True,,0,GREEN,,,100.0,AVOID,0,7월 손실방어 차단,0,0,0,0,,0.0,T=47<70,100.0,GREEN,,,0,False,0,ENTRY_READY_BUT_NOT_TOP_PICK,TOP_PICK=0,진입조건은 양호하나 공식 Top Pick 아님,50.0,ENTRY_CLEAN_OBSERVE,ENTRY_CLEAN_OBSERVE,NORMAL,0,0,0,0,0,0,0,0,0,CLEAR,,,0,0,0,0,0.0,,,,,,,,,,DISABLED_LOSS_DEFENSE,,,,,,True,False,True,True,True,True,True,True,0.0,0.0,0.0,0.0,0.0,0.0,0.0,0.0,0.0,0.5,False,False,False,2,False,13.8,0.5,G2RR×0.5,,0,0,0,,13.8,0,,False,0.0,0.0,True,JULY_PROFIT_DEFENSE: 5일 과열 22.5%,False,True,,0,66.0,44.0,0,1,BLOCK,5일 과열 22.5%,BLOCK,GUARD_BLOCK,1,0.0,신규진입 차단,기존 guard/JULY 차단 · 시장폭 82.2 · 5일 22.5%,42.62,6,217,0,63.8,96,,-4.0,2107.0,"진입 후 D+1 종가 2,107원(-4%) 이탈 시 익일 조기청산 권고",46.2,"최근 20거래일 유니버스 실측 2일 상승률 46.2% (n=6,245) · 종목별 유의차 미검증",NO_EDGE_VALIDATED,OK,2041.0,2414.0,"손절 2,041(-7%)·본전전환 2,305(+5%)·1차익절 2,414(+10%) · ⚡ D+2내 2,239(+2%) 도달 시 절반 익절+잔여 본전 상향 (실측: 초반 급등 후 되돌림 -0.9%)",0,11.0,0,0,알파 50점 (진입선 85점 미달) · 손실방어 차단,alpha_gate_v32,CASH,0.0,,,0,NEUTRAL,"중립 레짐 — KOSPI 20일선 아래, 시장폭 82% (실측: 본전 구간 → 진입 허용하되 사이즈 50%)",0.5,1,50.2,2305.0,0.2958,1,이 점수 구간의 과거 실측 승률 28% (표본 11693건) · 거래량 밀집가 대비 -39.8% — 가치영역 근접 (실측 표본 적음) · 손익비 1.4 (손절 -9.4% / 1차목표 +13.2%),중립 레짐 — 사이즈 50% 권장,28.0,True,WAIT,1,85.0,1,0,2239.0,,,,,0,1.0,,0,25.1,pctl>0.30,0,,0,1.0
152,047050,포스코인터내셔널,KOSPI,기타,54400,179.85,95702.0,0.0,0.0,WAIT,ATTACK,3,True,1,False,36.4,36.4,37.2,35.5,0.0,0.0,7.4,24.2,37.2,53.5,0.77,0.0,진입적정,0,54400.0,50000.0,57800.0,60900.0,,1.26,0.69,58540,-27.36,특이사항 없음,0,0.74,56.2,5.26,,,,알파 상위 + MA20위·저점상승 확인 — 진입 우선,NORMAL,82.2,상품 중개업,17984705550.0,63.0,17.56,0,0,0.74,12.05,5.22,9.46,-30.26,-18.44,23.28,-18.26,-46.22,0.869,0.075,0,11.8,1,0,1.2,0.68,0,0,0,1,-1,57650.0,-7.07,0.092,False,X,▼,52308,▲,O,X,0.74,250,0,-1,-1,1,78800.0,enter,100.0,NORMAL+PM_BLOCK_INTRADAY+EF:정상,8.09,4.0,0.8,normal,7.0,v1_sl_first_gap_at_open,NORMAL+PM_BLOCK_INTRADAY+EF:정상,SWING_20D,46,ATR_2x,23,SWING_60D,2,0.0,상품 중개업,22.15142857142857,8.541428571428572,9.0,43.6,0.0,0.05908613445378151,0.00712016811456189,0.55,OK,0.0,UNVALIDATED_MODEL,45.48856088840591,45.48856088840591,0.0,8,1,0.5,0.5,0.0,STRUCT+TIMING+SECTOR,default,default,default,70,20260805,20260805,,36.4,36.4,36.4,-12.0,-33.79,FRESH,0.291,,False,0.3,True,MATURE,11693.0,ALPHA_WIN_PROB,0.773,,0.773,0.0,실측 승률 39% < 필요 승률 56% (손익비 0.77) — 켈리 기준 미달,0.5641,0.0,0.0,v40_alpha_tilt,,,,,,True,6.2,,ELITE_SCORE,MATURE,11693,2.4.0,OK,,100.0,ATTACK,OK,OK,OK,OK,OK,OK,OK,0,7,True,True,True,,0,GREEN,,,0.0,AVOID,0,RR 0.77,0,0,0,0,,0.0,T=36<70,100.0,GREEN,,,0,False,0,BELOW_OFFICIAL_BAR,TOP_PICK=0,,5.0,IGNORE,IGNORE,NORMAL,0,0,0,0,0,0,0,0,0,CLEAR,,,0,0,0,0,0.0,,,,,,,,,,DISABLED_LOSS_DEFENSE,,,,,,True,False,True,True,True,True,False,True,0.0,0.0,0.0,0.0,0.0,0.0,15.0,0.0,15.0,0.5,False,False,False,2,False,0.0,0.0,G2RR×0.5 · G7윗꼬리약세-15,,0,0,0,,0.0,0,,False,0.0,0.0,False,,False,True,,0,82.0,66.0,0,0,CAUTION,5일 상승 12.1% > 5%,B,REALISTIC_RR,0,0.35,관찰 후보,현실형 RR · 시장폭 82.2 · 5일 12.1%,53.22,6,150,0,40.54,221,,-4.0,52224.0,"진입 후 D+1 종가 52,224원(-4%) 이탈 시 익일 조기청산 권고",46.2,"최근 20거래일 유니버스 실측 2일 상승률 46.2% (n=6,245) · 종목별 유의차 미검증",NO_EDGE_VALIDATED,OK,50592.0,59840.0,"손절 50,592(-7%)·본전전환 57,120(+5%)·1차익절 59,840(+10%) · ⚡ D+2내 55,488(+2%) 도달 시 절반 익절+잔여 본전 상향 (실측: 초반 급등 후 되돌림 -0.9%)",0,10.6,0,0,진입 조건 미달 · 손익비 0.77,alpha_gate_v32,CASH,0.0,,,0,NEUTRAL,"중립 레짐 — KOSPI 20일선 아래, 시장폭 82% (실측: 본전 구간 → 진입 허용하되 사이즈 50%)",0.5,1,99.1,57120.0,0.3888,1,이 점수 구간의 과거 실측 승률 29% (표본 11693건) · 거래량 밀집가 대비 -27.4% — 가치영역 근접 (실측 표본 적음) · AI 알파모델 예측 상위 1% (OOS 검증 통과 모델 — 이 구간 실측 승률 39%),중립 레짐 — 사이즈 50% 권장 · 손익비 0.77 <1 — 이길 수 없는 구조,29.1,False,WAIT,1,85.0,1,0,55488.0,,,,,1,1.0,,0,76.8,pctl>0.30,0,,0,1.0
153,347850,디앤디파마텍,KOSDAQ,기타,53100,3778.62,24339.8,0.0,0.0,NEUTRAL,WAIT,4,False,1,True,2.8,2.8,0.0,5.6,0.0,0.0,2.5,1.9,5.6,93.0,3.48,0.0,밸런스우수 + RR3.5 + 진입적정,0,53100.0,48850.0,67900.0,92600.0,,0.78,4.63,82689,-38.73,특이사항 없음,0,-23.21,33.9,-17.56,,,저점 이탈,⚠️ 낙폭 과대 — 반등 추격 실측 손실(이격 -15%↓ 10일 -3.6%·승률 41%),NORMAL,82.2,자연과학 및 공학 연구개발업,377861956900.0,25.2,74.34,0,0,-18.06,9.15,-10.0,-37.75,-25.0,-38.11,-33.94,8.79,-10.25,0.939,0.027,0,12.0,0,0,1.52,0.17,0,0,0,0,-1,66425.0,-35.78,1.2869,False,X,▼,49819,▲,O,X,-16.67,250,0,-1,-1,1,116600.0,enter,100.0,NORMAL+PM_BLOCK_INTRADAY+EF:정상,8.0,5.0,3.5,normal,7.0,v1_sl_first_gap_at_open,NORMAL+PM_BLOCK_INTRADAY+EF:정상,ATR_2x,23,SWING_20D,2,SWING_60D,2,0.0,자연과학 및 공학 연구개발업,22.15142857142857,8.541428571428572,9.0,67.6,0.0,0.13875437180521927,-0.044046913906634136,0.43478260869565216,OK,0.0,UNVALIDATED_MODEL,18.5,18.5,0.0,4,1,0.5,0.5,0.0,STRUCT+TIMING+SECTOR,default,default,default,70,20260805,20260805,,2.8,2.8,2.8,-12.0,-33.79,FRESH,0.291,,False,0.3,True,MATURE,11693.0,ALPHA_WIN_PROB,3.482,,1.81,0.0,상태 WAIT — 신규진입 상태 아님(사이징 제외),0.3559,0.0,0.0,v40_alpha_tilt,,,,,,True,27.9,,ELITE_SCORE,MATURE,11693,2.4.0,OK,,100.0,ATTACK,OK,OK,OK,OK,OK,OK,OK,0,7,True,True,True,,0,GREEN,,,60.0,WATCH,0,전일 -18.1%,0,0,1,0,,0.0,T=6<70,100.0,GREEN,,,0,False,0,BELOW_OFFICIAL_BAR,TOP_PICK=0,,15.0,IGNORE,IGNORE,NORMAL,0,0,0,0,0,0,0,0,0,CLEAR,,,0,0,0,0,0.0,,,,,,,,,,DISABLED_LOSS_DEFENSE,,,,,,True,False,True,True,False,True,True,True,0.0,0.0,0.0,0.0,20.0,0.0,0.0,0.0,20.0,0.5,False,True,False,3,False,0.0,0.0,G2RR×0.5 · G5추세붕괴3축,,0,0,0,,0.0,0,,False,0.0,0.0,False,,False,True,,0,80.0,65.0,0,0,CAUTION,5일 상승 9.2% > 5%,C,WATCH,0,0.2,관찰,시장폭 82.2 · 5일 9.2%,40.82,6,227,0,28.92,263,,-4.0,50976.0,"진입 후 D+1 종가 50,976원(-4%) 이탈 시 익일 조기청산 권고",46.2,"최근 20거래일 유니버스 실측 2일 상승률 46.2% (n=6,245) · 종목별 유의차 미검증",NO_EDGE_VALIDATED,HIGH_AVOID,49383.0,58410.0,"⛔ 고위험 루트(진입보류 권고) · 손절 49,383(-7%)·본전전환 55,755(+5%)·1차익절 58,410(+10%) · ⚡ D+2내 54,162(+2%) 도달 시 절반 익절+잔여 본전 상향 (실측: 초반 급등 후 되돌림 -0.9%)",0,10.3,0,0,알파 62점 (진입선 85점 미달),alpha_gate_v32,CASH,0.0,,,0,NEUTRAL,"중립 레짐 — KOSPI 20일선 아래, 시장폭 82% (실측: 본전 구간 → 진입 허용하되 사이즈 50%)",0.5,1,62.5,55755.0,0.3233,1,이 점수 구간의 과거 실측 승률 29% (표본 11693건) · 거래량 밀집가 대비 -38.7% — 가치영역 근접 (실측 표본 적음) · 손익비 3.5 (손절 -8.0% / 1차목표 +27.9%),중립 레짐 — 사이즈 50% 권장,29.1,True,NEUTRAL,1,85.0,1,0,54162.0,,,,,0,1.0,,1,12.4,pctl>0.30,0,,0,1.0
154,264850,이랜시스,KOSDAQ,IT/전기전자,6530,646.84,1978.2,0.0,0.0,OVERHEAT,OVERHEAT,5,False,0,False,71.0,71.0,83.9,58.0,0.0,0.0,0.0,47.3,83.9,0.0,0.0,38.2,,0,4725.0,4345.0,6530.0,7510.0,🚀급등시동,3.38,5.78,6923,-12.98,특이사항 없음,0,17.87,69.2,45.05,STRUCT 강점,,5일 급등,"과열(급등·MFI·RSI) — 실측 역신호, 관망",NORMAL,82.2,전자부품 제조업,64683538785.0,74.5,64.59,0,0,29.82,32.72,33.67,65.11,-18.88,-15.74,68.92,14.91,12.12,0.559,0.209,0,12.0,1,0,1.51,1.0,0,0,0,1,1,3874.5,-5.69,0.2982,False,O,▲,5183,▲,O,X,1.39,250,1,1,-1,1,9530.0,hold,0.0,NORMAL+PM_BLOCK_INTRADAY+EF:당일 15%+ 급등 진입 보류+ENTRY:hold,8.04,6.0,4.8,normal,7.0,v1_sl_first_gap_at_open,NORMAL+PM_BLOCK_INTRADAY+EF:당일 15%+ 급등 진입 보류+ENTRY:hold,SWING_20D,23,VP_RESISTANCE,5,SWING_60D,2,0.0,전자부품 제조업,28.983018867924528,12.636603773584905,4.0,69.0,0.0,0.11633121855173922,0.07093221609333066,0.0,OK,0.0,UNVALIDATED_MODEL,62.101341543810236,62.101341543810236,0.0,6,1,0.5,0.5,0.0,STRUCT+TIMING+SECTOR,default,default,default,70,20260805,20260805,,71.0,71.0,71.0,-12.0,-33.79,FRESH,0.291,,False,0.488,False,MATURE,11693.0,ALPHA_WIN_PROB,4.75,,1.81,0.0,상태 OVERHEAT — 신규진입 상태 아님(사이징 제외),0.3559,0.0,0.0,v40_alpha_tilt,,,,,,True,0.0,,ELITE_SCORE,MATURE,11693,2.4.0,OK,,100.0,ATTACK,OK,OK,OK,OK,OK,OK,OK,0,7,True,True,True,,0,GREEN,,,0.0,AVOID,0,진입괴리 38.2% · RR 0.00 · 5일 +33%,0,1,0,0,,0.0,T=58<70 · S=84≥50,100.0,GREEN,,,0,False,0,BELOW_OFFICIAL_BAR,TOP_PICK=0,,13.0,IGNORE,IGNORE,NORMAL,0,0,0,0,0,0,0,0,0,CLEAR,,,0,0,0,0,0.0,,,,,,,,,,DISABLED_LOSS_DEFENSE,,,,,,True,True,True,True,True,True,True,True,0.0,0.0,0.0,0.0,0.0,0.0,0.0,0.0,0.0,1.0,False,False,False,1,True,0.0,0.0,,,0,0,1,B,0.0,0,"모멘텀 관찰 (과열·가드통과, 상위5 밖 — 매수 아님)",False,0.0,0.0,False,,False,True,,0,78.0,42.0,0,1,BLOCK,5일 과열 32.7%,BLOCK,GUARD_BLOCK,1,0.0,신규진입 차단,기존 guard/JULY 차단 · 시장폭 82.2 · 5일 32.7%,86.33,6,10,0,46.8,197,모멘텀확인강(PMS86),-4.0,4536.0,"진입 후 D+1 종가 4,536원(-4%) 이탈 시 익일 조기청산 권고",46.2,"최근 20거래일 유니버스 실측 2일 상승률 46.2% (n=6,245) · 종목별 유의차 미검증",NO_EDGE_VALIDATED,CAUTION,4394.0,5198.0,"⚠️ 과열/추격 주의 · 손절 4,394(-7%)·본전전환 4,961(+5%)·1차익절 5,198(+10%) · ⚡ D+2내 4,820(+2%) 도달 시 절반 익절+잔여 본전 상향 (실측: 초반 급등 후 되돌림 -0.9%)",0,10.1,0,0,알파 29점 (진입선 85점 미달) · 손익비 0.00 · 손실방어 차단,alpha_gate_v32,CASH,0.0,,,0,NEUTRAL,"중립 레짐 — KOSPI 20일선 아래, 시장폭 82% (실측: 본전 구간 → 진입 허용하되 사이즈 50%)",0.5,1,28.8,4961.0,0.2452,1,이 점수 구간의 과거 실측 승률 29% (표본 11693건) · 거래량 밀집가 대비 -13.0% — 가치영역 근접 (실측 표본 적음) · 저점 상승 추세 18% (바닥이 높아지는 중),중립 레짐 — 사이즈 50% 권장 · 추천가 대비 38.2% 이탈 — 추격 주의 · AI 알파모델 예측 하위 29% — 이 구간 실측 승률 25% — 픽 제외 구간,29.1,False,OVERHEAT,1,85.0,1,0,4820.0,,,,,1,1.0,,0,96.0,pctl>0.30,0,,0,1.0
155,011780,금호석유화학,KOSPI,화학·소재,119800,83.32,30138.5,0.0,,WAIT,ARMED,3,True,1,False,40.1,40.1,25.5,54.7,0.0,0.0,8.4,26.7,54.7,31.6,0.67,0.0,진입적정,0,119800.0,110200.0,126200.0,132200.0,,2.19,0.88,127217,-18.16,특이사항 없음,5,-1.66,52.5,2.28,,,,알파 상위권 + 코일(스퀴즈/추세) — 진입 임박,NORMAL,82.2,기초 화학물질 제조업,8332471450.0,63.3,14.23,1,0,2.39,8.91,1.78,2.39,-20.56,-13.13,16.21,-8.56,-40.91,0.766,0.265,0,10.3,1,0,1.04,0.67,0,0,0,1,-1,130270.0,-5.83,0.0857,False,X,▼,114721,▼,O,X,0.43,250,0,-1,-1,1,146400.0,enter,100.0,NORMAL+PM_BLOCK_INTRADAY+EF:정상,8.01,5.0,0.7,normal,7.0,v1_sl_first_gap_at_open,NORMAL+PM_BLOCK_INTRADAY+EF:정상,SWING_20D,46,ATR_2x,23,VP_RESISTANCE,5,0.0,기초 화학물질 제조업,18.9472,9.67,10.0,32.7,0.0,0.051693298354400195,0.0237428776209021,0.21875,OK,0.0,UNVALIDATED_MODEL,58.24298914437528,58.24298914437528,0.0,6,1,0.5,0.5,0.0,STRUCT+TIMING+SECTOR,default,default,default,70,20260805,20260805,,40.1,40.1,40.1,-12.0,-33.79,FRESH,0.291,elite_low_wr_0.29,True,0.3,True,MATURE,11693.0,ALPHA_WIN_PROB,0.667,,0.667,0.0,실측 승률 39% < 필요 승률 60% (손익비 0.67) — 켈리 기준 미달,0.6,0.0,,v40_alpha_tilt,,,,,,True,5.3,,ELITE_SCORE,MATURE,11693,2.4.0,OK,,100.0,ATTACK,OK,OK,OK,OK,OK,OK,OK,0,7,True,True,True,,0,GREEN,,,0.0,AVOID,0,RR 0.67,0,0,0,0,,0.0,T=55<70,100.0,GREEN,,,0,False,0,BELOW_OFFICIAL_BAR,TOP_PICK=0,,5.0,IGNORE,IGNORE,NORMAL,0,0,0,0,0,0,0,0,0,CLEAR,,,0,0,0,0,0.0,,,,,,,,,,DISABLED_LOSS_DEFENSE,,,,,,True,False,True,True,False,True,True,True,0.0,0.0,0.0,0.0,20.0,0.0,0.0,0.0,20.0,0.5,False,True,False,3,False,0.0,0.0,G2RR×0.5 · G5추세붕괴3축,,0,0,0,,0.0,0,,False,0.0,0.0,False,,False,True,,0,76.0,70.0,0,0,CAUTION,5일 상승 8.9% > 5%,B,REALISTIC_RR,0,0.35,관찰 후보,현실형 RR · 시장폭 82.2 · 5일 8.9%,57.97,6,112,0,45.7,201,,-4.0,115008.0,"진입 후 D+1 종가 115,008원(-4%) 이탈 시 익일 조기청산 권고",46.2,"최근 20거래일 유니버스 실측 2일 상승률 46.2% (n=6,245) · 종목별 유의차 미검증",NO_EDGE_VALIDATED,OK,111414.0,131780.0,"손절 111,414(-7%)·본전전환 125,790(+5%)·1차익절 131,780(+10%) · ⚡ D+2내 122,196(+2%) 도달 시 절반 익절+잔여 본전 상향 (실측: 초반 급등 후 되돌림 -0.9%)",0,10.0,0,0,진입 조건 미달 · 손익비 0.67,alpha_gate_v32,CASH,0.0,,,0,NEUTRAL,"중립 레짐 — KOSPI 20일선 아래, 시장폭 82% (실측: 본전 구간 → 진입 허용하되 사이즈 50%)",0.5,1,93.8,125790.0,0.3888,1,이 점수 구간의 과거 실측 승률 29% (표본 11693건) · 거래량 밀집가 대비 -18.2% — 가치영역 근접 (실측 표본 적음) · 변동성 응축 5일째 (스퀴즈 — 방향 분출 대기) · AI 알파모델 예측 상위 6% (OOS 검증 통과 모델 — 이 구간 실측 승률 39%),중립 레짐 — 사이즈 50% 권장 · 손익비 0.67 <1 — 이길 수 없는 구조,29.1,False,WAIT,1,85.0,1,0,122196.0,,,,,1,1.0,,0,68.7,pctl>0.30,0,,0,1.0
156,010140,삼성중공업,KOSPI,조선·기계·설비,22200,628.6,195360.0,0.0,0.0,WAIT,ARMED,3,True,1,False,34.6,34.6,26.5,42.6,0.0,0.0,24.2,23.0,42.6,46.8,0.94,0.0,진입적정,0,22200.0,20400.0,23900.0,25200.0,,2.1,0.73,26359,-23.21,특이사항 없음,1,-9.39,51.4,2.86,,,저점 이탈,알파 상위권 + 코일(스퀴즈/추세) — 진입 임박,NORMAL,82.2,선박 및 보트 건조업,62860490850.0,61.3,17.67,0,0,2.54,14.43,2.78,-1.11,-30.52,-21.0,12.71,-18.52,-48.78,0.921,0.129,0,12.0,1,0,1.15,0.69,0,0,0,1,-1,24383.0,-15.78,0.2019,False,X,▼,21050,▲,O,X,2.08,250,0,-1,-1,1,28950.0,enter,100.0,NORMAL+PM_BLOCK_INTRADAY+EF:정상,8.11,4.0,0.9,normal,7.0,v1_sl_first_gap_at_open,NORMAL+PM_BLOCK_INTRADAY+EF:정상,SWING_20D,46,ATR_2x,23,VP_RESISTANCE,5,0.0,선박 및 보트 건조업,27.58121951219512,8.227560975609755,6.0,48.3,0.0,0.06721364221364222,0.005781218873600664,0.18181818181818182,OK,0.0,UNVALIDATED_MODEL,48.25855662376303,48.25855662376303,0.0,6,1,0.5,0.5,0.0,STRUCT+TIMING+SECTOR,default,default,default,70,20260805,20260805,,34.6,34.6,34.6,-12.0,-33.79,FRESH,0.291,,False,0.3,True,MATURE,11693.0,ALPHA_WIN_PROB,0.944,,0.944,0.0,실측 승률 36% < 필요 승률 51% (손익비 0.94) — 켈리 기준 미달,0.5143,0.0,0.0,v40_alpha_tilt,,,,,,True,7.7,,ELITE_SCORE,MATURE,11693,2.4.0,OK,,100.0,ATTACK,OK,OK,OK,OK,OK,OK,OK,0,7,True,True,True,,0,GREEN,,,0.0,AVOID,0,RR 0.94,0,0,0,0,,0.0,T=43<70,100.0,GREEN,,,0,False,0,BELOW_OFFICIAL_BAR,TOP_PICK=0,,5.0,IGNORE,IGNORE,NORMAL,0,0,0,0,0,0,0,0,0,CLEAR,,,0,0,0,0,0.0,,,,,,,,,,DISABLED_LOSS_DEFENSE,,,,,,True,False,True,True,True,True,True,True,0.0,0.0,0.0,0.0,0.0,0.0,0.0,0.0,0.0,0.5,False,False,False,2,False,12.1,0.5,G2RR×0.5,,0,0,0,,12.1,0,,False,0.0,0.0,False,,False,True,,0,70.0,75.0,0,0,CAUTION,5일 상승 14.4% > 5%,B,REALISTIC_RR,0,0.35,관찰 후보,현실형 RR · 시장폭 82.2 · 5일 14.4%,53.15,6,151,0,64.73,87,,-4.0,21312.0,"진입 후 D+1 종가 21,312원(-4%) 이탈 시 익일 조기청산 권고",46.2,"최근 20거래일 유니버스 실측 2일 상승률 46.2% (n=6,245) · 종목별 유의차 미검증",NO_EDGE_VALIDATED,OK,20646.0,24420.0,"손절 20,646(-7%)·본전전환 23,310(+5%)·1차익절 24,420(+10%) · ⚡ D+2내 22,644(+2%) 도달 시 절반 익절+잔여 본전 상향 (실측: 초반 급등 후 되돌림 -0.9%)",0,9.5,0,0,진입 조건 미달 · 손익비 0.94,alpha_gate_v32,CASH,0.0,,,0,NEUTRAL,"중립 레짐 — KOSPI 20일선 아래, 시장폭 82% (실측: 본전 구간 → 진입 허용하되 사이즈 50%)",0.5,1,89.2,23310.0,0.3572,1,이 점수 구간의 과거 실측 승률 29% (표본 11693건) · 거래량 밀집가 대비 -23.2% — 가치영역 근접 (실측 표본 적음) · AI 알파모델 예측 상위 11% (OOS 검증 통과 모델 — 이 구간 실측 승률 36%),중립 레짐 — 사이즈 50% 권장 · 손익비 0.94 <1 — 이길 수 없는 구조,29.1,False,WAIT,1,85.0,1,0,22644.0,,,,,1,1.0,,0,47.7,pctl>0.30,0,,0,1.0
157,000500,가온전선,KOSPI,기타,158900,327.87,47316.6,0.0,0.0,OVERHEAT,OVERHEAT,5,False,0,False,12.8,12.8,25.5,0.0,0.0,0.0,7.2,8.5,25.5,68.1,3.42,1.4,RR3.4 + 진입적정,0,156700.0,144100.0,209500.0,283500.0,,0.7,0.85,205132,-28.96,특이사항 없음,0,-37.63,37.7,-14.33,거래품질 우수,,5일 급등,"과열(급등·MFI·RSI) — 실측 역신호, 관망",NORMAL,82.2,절연선 및 케이블 제조업,32786520800.0,59.4,93.25,0,0,8.46,29.82,-24.15,-38.41,-40.05,234.84,-24.59,-28.05,207.06,0.546,0.079,0,12.0,0,0,2.02,0.3,0,0,0,0,-1,201280.0,-22.54,1.2436,False,X,▲,122472,▼,O,X,5.46,250,0,1,1,1,353000.0,enter,100.0,NORMAL+PM_BLOCK_INTRADAY+EF:정상,8.04,5.0,4.2,normal,7.0,v1_sl_first_gap_at_open,NORMAL+PM_BLOCK_INTRADAY+EF:정상,ATR_2x,23,SWING_20D,5,SWING_60D,2,0.0,절연선 및 케이블 제조업,22.15142857142857,8.541428571428572,9.0,60.6,0.0,0.16483862267373908,-0.00658973228181291,0.26785714285714285,OK,0.0,UNVALIDATED_MODEL,20.621175544402917,20.621175544402917,0.0,4,1,0.5,0.5,0.0,STRUCT+TIMING+SECTOR,default,default,default,70,20260805,20260805,,12.8,12.8,12.8,-12.0,-33.79,FRESH,0.291,,False,0.3,True,MATURE,11693.0,ALPHA_WIN_PROB,4.19,,1.81,0.0,상태 OVERHEAT — 신규진입 상태 아님(사이징 제외),0.3559,0.0,0.0,v40_alpha_tilt,,,,,,True,31.8,,ELITE_SCORE,MATURE,11693,2.4.0,OK,,100.0,ATTACK,OK,OK,OK,OK,OK,OK,OK,0,7,True,True,True,,0,GREEN,,,0.0,AVOID,0,5일 +30%,0,1,0,0,,0.0,T=0<70,100.0,GREEN,,,0,False,0,BELOW_OFFICIAL_BAR,TOP_PICK=0,,15.0,IGNORE,IGNORE,NORMAL,0,0,0,0,0,0,0,0,0,CLEAR,,,0,0,0,0,0.0,,,,,,,,,,DISABLED_LOSS_DEFENSE,,,,,,True,False,True,True,False,True,True,True,0.0,0.0,0.0,0.0,20.0,0.0,0.0,0.0,20.0,0.3,False,True,False,4,False,0.0,0.0,G2RR×0.3 · G5추세붕괴4축,,0,0,0,,0.0,0,과열이나 GUARD 미통과 — 레인 제외,False,0.0,0.0,False,,False,True,,0,62.0,27.0,0,1,BLOCK,5일 과열 29.8%,BLOCK,GUARD_BLOCK,1,0.0,신규진입 차단,기존 guard/JULY 차단 · 시장폭 82.2 · 5일 29.8%,31.53,6,264,0,29.16,260,,-4.0,150432.0,"진입 후 D+1 종가 150,432원(-4%) 이탈 시 익일 조기청산 권고",46.2,"최근 20거래일 유니버스 실측 2일 상승률 46.2% (n=6,245) · 종목별 유의차 미검증",NO_EDGE_VALIDATED,CAUTION,145731.0,172370.0,"⚠️ 과열/추격 주의 · 손절 145,731(-7%)·본전전환 164,535(+5%)·1차익절 172,370(+10%) · ⚡ D+2내 159,834(+2%) 도달 시 절반 익절+잔여 본전 상향 (실측: 초반 급등 후 되돌림 -0.9%)",0,9.3,0,0,알파 13점 (진입선 85점 미달) · 손실방어 차단,alpha_gate_v32,CASH,0.0,,,0,NEUTRAL,"중립 레짐 — KOSPI 20일선 아래, 시장폭 82% (실측: 본전 구간 → 진입 허용하되 사이즈 50%)",0.5,1,13.0,164535.0,0.2489,1,이 점수 구간의 과거 실측 승률 29% (표본 11693건) · 거래량 밀집가 대비 -29.0% — 가치영역 근접 (실측 표본 적음) · 손익비 3.4 (손절 -9.3% / 1차목표 +31.8%),중립 레짐 — 사이즈 50% 권장 · AI 알파모델 예측 하위 13% — 이 구간 실측 승률 25% — 픽 제외 구간,29.1,True,OVERHEAT,1,85.0,1,0,159834.0,,,,,0,1.0,,0,1.5,pctl>0.30,0,,0,1.0
158,298020,효성티앤씨,KOSPI,화학·소재,330000,67.17,14281.4,0.0,0.0,WAIT,OVERHEAT,3,False,1,False,60.2,60.2,68.7,51.7,0.0,0.0,10.9,40.1,68.7,14.1,0.49,0.0,진입적정,0,330000.0,303500.0,343000.0,381000.0,🚀급등시동,1.63,0.77,344194,-16.7,특이사항 없음,0,5.36,65.0,10.32,저점추세 양호,,5일 급등,"과열(급등·MFI·RSI) — 실측 역신호, 관망",NORMAL,82.2,화학섬유 제조업,6716608750.0,78.8,27.63,0,0,2.96,15.18,8.55,18.28,-32.45,-14.73,32.1,-20.45,-42.51,0.805,0.156,0,12.0,1,0,1.31,0.84,0,0,0,1,1,263500.0,-4.12,0.0469,False,X,▼,317383,▲,O,X,0.78,250,0,-1,-1,1,396500.0,enter,100.0,NORMAL+PM_BLOCK_INTRADAY+EF:정상,8.03,5.0,0.5,normal,7.0,v1_sl_first_gap_at_open,NORMAL+PM_BLOCK_INTRADAY+EF:정상,SWING_20D,46,ATR_2x,23,VP_RESISTANCE,12,0.0,화학섬유 제조업,18.9472,9.67,10.0,72.9,0.0,0.07727272727272727,0.17423717974943964,0.65,OK,0.0,UNVALIDATED_MODEL,55.5657316904549,55.5657316904549,0.0,8,1,0.5,0.5,0.0,STRUCT+TIMING+SECTOR,default,default,default,70,20260805,20260805,,60.2,60.2,60.2,-12.0,-33.79,FRESH,0.291,,False,0.402,True,MATURE,11693.0,ALPHA_WIN_PROB,0.491,,0.491,0.0,상태 OVERHEAT — 신규진입 상태 아님(사이징 제외),0.6709,0.0,0.0,v40_alpha_tilt,,,,,,True,3.9,,ELITE_SCORE,MATURE,11693,2.4.0,OK,,100.0,ATTACK,OK,OK,OK,OK,OK,OK,OK,0,7,True,True,True,,0,GREEN,,,0.0,AVOID,0,RR 0.49,0,0,0,0,,0.0,T=52<70 · S=69≥50,100.0,GREEN,,,0,False,0,BELOW_OFFICIAL_BAR,TOP_PICK=0,,5.0,IGNORE,IGNORE,NORMAL,0,0,0,0,0,0,0,0,0,CLEAR,,,0,0,0,0,0.0,,,,,,,,,,DISABLED_LOSS_DEFENSE,,,,,,True,True,True,True,True,True,True,True,0.0,0.0,0.0,0.0,0.0,0.0,0.0,0.0,0.0,1.0,False,False,False,1,True,10.9,1.0,,,0,0,0,,10.9,0,,False,0.0,0.0,False,,False,True,,0,82.0,72.0,0,0,CAUTION,5일 상승 15.2% > 5%,C,WATCH,0,0.2,관찰,시장폭 82.2 · 5일 15.2%,61.92,6,86,0,53.79,157,모멘텀확인중(PMS62),-4.0,316800.0,"진입 후 D+1 종가 316,800원(-4%) 이탈 시 익일 조기청산 권고",46.2,"최근 20거래일 유니버스 실측 2일 상승률 46.2% (n=6,245) · 종목별 유의차 미검증",NO_EDGE_VALIDATED,OK,306900.0,363000.0,"손절 306,900(-7%)·본전전환 346,500(+5%)·1차익절 363,000(+10%) · ⚡ D+2내 336,600(+2%) 도달 시 절반 익절+잔여 본전 상향 (실측: 초반 급등 후 되돌림 -0.9%)",0,9.0,0,0,진입 조건 미달 · 손익비 0.49,alpha_gate_v32,CASH,0.0,,,0,NEUTRAL,"중립 레짐 — KOSPI 20일선 아래, 시장폭 82% (실측: 본전 구간 → 진입 허용하되 사이즈 50%)",0.5,1,88.2,346500.0,0.3572,1,이 점수 구간의 과거 실측 승률 29% (표본 11693건) · 거래량 밀집가 대비 -16.7% — 가치영역 근접 (실측 표본 적음) · 저점 상승 추세 5% (바닥이 높아지는 중) · AI 알파모델 예측 상위 12% (OOS 검증 통과 모델 — 이 구간 실측 승률 36%),중립 레짐 — 사이즈 50% 권장 · 손익비 0.49 <1 — 이길 수 없는 구조,29.1,False,WAIT,1,85.0,1,0,336600.0,,,,,1,1.0,,0,86.4,pctl>0.30,0,,0,1.0
159,103140,풍산,KOSPI,철강·금속,80700,333.33,22615.6,0.0,0.0,OVERHEAT,OVERHEAT,5,False,0,False,52.8,52.8,22.4,83.2,0.0,0.0,10.6,35.2,83.2,0.0,0.08,19.7,,0,67400.0,62000.0,82200.0,95300.0,,2.93,2.9,73642,-20.05,특이사항 없음,0,-6.28,67.8,25.72,TIMING 강점,,5일 급등,"과열(급등·MFI·RSI) — 실측 역신호, 관망",NORMAL,82.2,1차 비철금속 제조업,33333219750.0,74.0,33.46,0,0,14.47,39.86,31.43,22.46,-15.05,-27.69,36.28,-3.05,-55.47,0.768,0.061,0,12.0,1,0,1.46,0.94,3309,5246,8555,1,1,57710.0,9.58,0.527,False,X,▼,67996,▲,O,X,1.42,250,0,-1,-1,1,101000.0,split,50.0,NORMAL+PM_BLOCK_INTRADAY+EF:당일 10%+ 급등 분할 진입+ENTRY:split,8.01,5.0,2.7,normal,7.0,v1_sl_first_gap_at_open,NORMAL+PM_BLOCK_INTRADAY+EF:당일 10%+ 급등 분할 진입+ENTRY:split,SWING_20D,12,SWING_60D,2,VP_RESISTANCE,2,0.0,1차 비철금속 제조업,26.61,16.16375,3.0,64.4,0.0,0.06549831828642237,0.008079137334999693,0.14018691588785046,OK,0.0,UNVALIDATED_MODEL,76.71107461264629,76.71107461264629,0.0,4,1,0.5,0.5,0.0,STRUCT+TIMING+SECTOR,default,default,default,70,20260805,20260805,,52.8,52.8,52.8,-12.0,-33.79,FRESH,0.291,,False,0.342,True,MATURE,11693.0,ALPHA_WIN_PROB,2.741,,1.81,0.0,상태 OVERHEAT — 신규진입 상태 아님(사이징 제외),0.3559,0.0,0.0,v40_alpha_tilt,,,,,,True,1.9,,ELITE_SCORE,MATURE,11693,2.4.0,OK,,100.0,ATTACK,OK,OK,OK,OK,OK,OK,OK,0,7,True,True,True,,0,GREEN,,,0.0,AVOID,0,진입괴리 19.7% · RR 0.08 · 5일 +40%,0,1,0,0,,0.0,이격도26>15,100.0,GREEN,,,0,False,0,BELOW_OFFICIAL_BAR,TOP_PICK=0,,5.0,IGNORE,IGNORE,NORMAL,0,0,0,0,0,0,0,0,0,CLEAR,,,0,0,0,0,0.0,,,,,,,,,,DISABLED_LOSS_DEFENSE,,,,,,True,False,True,True,True,True,True,True,0.0,0.0,0.0,0.0,0.0,0.0,0.0,0.0,0.0,0.5,False,False,False,1,False,5.3,0.5,G2RR×0.5,,0,0,0,,5.3,0,과열이나 GUARD 미통과 — 레인 제외,False,0.0,0.0,False,,False,True,,0,70.0,42.0,0,1,BLOCK,5일 과열 39.9%,BLOCK,GUARD_BLOCK,1,0.0,신규진입 차단,기존 guard/JULY 차단 · 시장폭 82.2 · 5일 39.9%,88.44,6,3,1,66.67,79,PMS추천 · 모멘텀확인강(PMS88),-4.0,64704.0,"진입 후 D+1 종가 64,704원(-4%) 이탈 시 익일 조기청산 권고",46.2,"최근 20거래일 유니버스 실측 2일 상승률 46.2% (n=6,245) · 종목별 유의차 미검증",NO_EDGE_VALIDATED,CAUTION,62682.0,74140.0,"⚠️ 과열/추격 주의 · 손절 62,682(-7%)·본전전환 70,770(+5%)·1차익절 74,140(+10%) · ⚡ D+2내 68,748(+2%) 도달 시 절반 익절+잔여 본전 상향 (실측: 초반 급등 후 되돌림 -0.9%)",0,8.3,0,0,알파 73점 (진입선 85점 미달) · 손익비 0.08 · 손실방어 차단,alpha_gate_v32,CASH,0.0,,,0,NEUTRAL,"중립 레짐 — KOSPI 20일선 아래, 시장폭 82% (실측: 본전 구간 → 진입 허용하되 사이즈 50%)",0.5,1,73.1,70770.0,0.3379,1,이 점수 구간의 과거 실측 승률 29% (표본 11693건) · 거래량 밀집가 대비 -20.1% — 가치영역 근접 (실측 표본 적음) · AI 알파모델 예측 상위 27% (OOS 검증 통과 모델 — 이 구간 실측 승률 34%),중립 레짐 — 사이즈 50% 권장 · 손익비 0.08 <1 — 이길 수 없는 구조 · 추천가 대비 19.7% 이탈 — 추격 주의,29.1,False,OVERHEAT,1,85.0,1,0,68748.0,,,,,1,1.0,,0,55.1,pctl>0.30,0,,0,1.0
160,317830,에스피시스템스,KOSDAQ,,4970,50.0,1047.2,0.0,0.0,CARRY,CARRY,7,False,0,False,0.0,9.4,0.0,1.7,45.0,,0.0,15.6,45.0,43.8,7010.0,48.9,RR7010.0,0,9720.0,8260.0,11980.0,12650.0,,-1.01,0.46,10595,-30.57,DATA_UNAVAILABLE,1,-15.58,41.8,-5.6,,,저점 이탈,캐리 재계산 실패: legacy snapshot,NORMAL,82.2,특수 목적용 기계 제조업,5000000000.0,58.2,27.17,0,0,1.25,-0.82,-14.74,-4.24,-22.8,9.46,-4.09,-23.42,-27.51,0.991,0.073,0,12.0,0,0,1.26,0.35,0,0,0,0,-1,12133.0,-8.26,0.1023,False,X,▼,9304,▼,O,X,1.25,250,0,-1,-1,1,14010.0,enter,100.0,NORMAL+PM_BLOCK_INTRADAY+EF:정상,15.02,6.0,1.5,normal,7.0,v1_sl_first_gap_at_open,NORMAL+PM_BLOCK_INTRADAY+EF:정상,SWING_20D,80,SWING_60D,60,VP_RESISTANCE,50,,,,,,,,0.0967813051146384,-0.000284957918945,0.7209302325581395,OK,45.0,OK,15.0,15.0,,4,1,0.55,0.25,0.2,STRUCT+TIMING+AI,,,,50,20260805,,,,,,,,CARRY_LEGACY,0.291,,False,0.3,True,,,ALPHA_WIN_PROB,1.548,,1.548,0.0,상태 CARRY — 신규진입 상태 아님(사이징 제외),0.3925,0.0,0.0,v40_alpha_tilt,,20260511.0,18.0,True,35.0,False,141.0,,ELITE_SCORE,MATURE,11693,2.4.0,OK,,100.0,ATTACK,OK,OK,OK,OK,OK,OK,OK,0,7,True,True,True,"analyze_returned_none(ohlcv_len=373,mcap=535,in_top=True)",0,GREEN,,,0.0,AVOID,0,진입괴리 48.9%,0,0,0,0,,0.0,T=2<70,100.0,GREEN,,,0,False,0,HOLDING_MANAGE,TOP_PICK=0,,15.0,HOLDING_MANAGE,HOLDING_MANAGE,NORMAL,0,0,0,0,0,0,0,0,0,CLEAR,,,0,0,0,0,0.0,ENTRY_CLEAN_OBSERVE,1.0,BUY,,0.0,0.0,0.0,0.0,0.0,DISABLED_LOSS_DEFENSE,11400.0,-56.40350877192982,DEAD,1.0,보유 18일차 · 손익 -56.4% · 강한 청산 검토,True,False,False,True,False,True,False,True,0.0,0.0,45.0,0.0,20.0,0.0,15.0,0.0,80.0,0.5,False,True,False,4,False,0.0,0.0,G2RR×0.5 · G3보유경과-45 · G5추세붕괴4축 · G7윗꼬리약세-15,,0,0,0,,0.0,0,,False,0.0,0.0,False,,False,True,,0,88.0,77.0,0,0,CAUTION,중립/관찰,C,WATCH,0,0.2,관찰,시장폭 82.2 · 5일 -0.8%,19.38,6,303,0,13.33,309,,-4.0,9331.0,"진입 후 D+1 종가 9,331원(-4%) 이탈 시 익일 조기청산 권고",46.2,"최근 20거래일 유니버스 실측 2일 상승률 46.2% (n=6,245) · 종목별 유의차 미검증",NO_EDGE_VALIDATED,HIGH_AVOID,9040.0,10692.0,"⛔ 고위험 루트(진입보류 권고) · 손절 9,040(-7%)·본전전환 10,206(+5%)·1차익절 10,692(+10%) · ⚡ D+2내 9,914(+2%) 도달 시 절반 익절+잔여 본전 상향 (실측: 초반 급등 후 되돌림 -0.9%)",0,8.0,0,0,알파 15점 (진입선 85점 미달) · 데이터 신선도 실패,alpha_gate_v32,CASH,0.0,4.85,True,0,NEUTRAL,"중립 레짐 — KOSPI 20일선 아래, 시장폭 82% (실측: 본전 구간 → 진입 허용하되 사이즈 50%)",0.5,1,15.2,10206.0,0.2489,1,이 점수 구간의 과거 실측 승률 29% (표본 11693건) · 거래량 밀집가 대비 -30.6% — 가치영역 근접 (실측 표본 적음) · 손익비 7010.0 (손절 +66.2% / 1차목표 +141.0%),중립 레짐 — 사이즈 50% 권장 · 추천가 대비 48.9% 이탈 — 추격 주의 · 가격 데이터 stale — 표시가와 실제가 다를 수 있음 · AI 알파모델 예측 하위 15% — 이 구간 실측 승률 25% — 픽 제외 구간,29.1,False,CARRY,1,85.0,1,0,9914.0,1.9261109623344368,-1.4571255424744134,-0.7857841014422107,0.8856366018608064,0,1.0,,0,28.5,pctl>0.30,0,,0,1.0
161,219130,타이거일렉,KOSDAQ,IT/전기전자,73100,66.39,4615.7,0.0,0.0,OVERHEAT,OVERHEAT,5,False,0,False,66.4,66.4,53.9,78.9,0.0,0.0,41.5,44.3,78.9,1.4,1.39,5.0,RR1.4,0,69600.0,63900.0,85900.0,96100.0,,2.2,1.35,66099,116.33,특이사항 없음,0,-15.95,40.7,5.64,TIMING 강점,,5일 급등,"과열(급등·MFI·RSI) — 실측 역신호, 관망",NORMAL,82.2,전자부품 제조업,6639330050.0,59.3,44.44,0,0,14.04,27.35,-3.43,15.12,20.03,98.37,18.93,53.82,126.23,0.051,0.051,1,12.0,0,0,1.52,0.64,0,0,0,1,1,53955.0,10.59,0.6109,False,O,▲,58618,▲,O,X,2.96,250,0,1,1,1,110500.0,split,50.0,NORMAL+PM_BLOCK_INTRADAY+EF:당일 10%+ 급등 분할 진입+ENTRY:split,8.19,6.0,2.9,normal,7.0,v1_sl_first_gap_at_open,NORMAL+PM_BLOCK_INTRADAY+EF:당일 10%+ 급등 분할 진입+ENTRY:split,SWING_20D,23,ATR_3.5x,12,FIBO_1.618,2,0.0,전자부품 제조업,28.983018867924528,12.636603773584905,4.0,29.4,0.0,0.10347860074262263,0.0032981164261206685,0.1935483870967742,OK,0.0,UNVALIDATED_MODEL,57.5233174020179,57.5233174020179,0.0,4,1,0.5,0.5,0.0,STRUCT+TIMING+SECTOR,default,default,default,70,20260805,20260805,,66.4,66.4,66.4,-12.0,-33.79,FRESH,0.216,,False,0.451,False,MATURE,11693.0,ALPHA_WIN_PROB,2.86,,1.81,0.0,상태 OVERHEAT — 신규진입 상태 아님(사이징 제외),0.3559,0.0,0.0,v40_alpha_tilt,,,,,,True,17.5,,ELITE_SCORE,MATURE,11693,2.4.0,OK,,100.0,ATTACK,OK,OK,OK,OK,OK,OK,OK,0,7,True,True,True,,0,GREEN,,,0.0,AVOID,0,진입괴리 5.0% · 5일 +27% · POC 116↑,0,1,0,0,,0.0,S=54≥50 · 전일+14%,100.0,GREEN,,,0,False,0,BELOW_OFFICIAL_BAR,TOP_PICK=0,VWAP/POC 과열,23.0,IGNORE,IGNORE,NORMAL,0,0,0,0,0,0,0,0,0,CLEAR,,,0,0,0,0,0.0,,,,,,,,,,DISABLED_LOSS_DEFENSE,,,,,,True,True,True,True,True,True,True,True,0.0,0.0,0.0,0.0,0.0,0.0,0.0,0.0,0.0,1.0,False,False,False,0,True,41.5,1.0,,,0,1,0,A,41.5,3,"⚡ 모멘텀 후보 (과열·가드통과, 강도 3위/점수 42, RR 1.39)",False,0.0,0.0,False,,False,True,,0,38.0,3.0,0,1,BLOCK,5일 과열 27.4% · POC 과열 116.3,BLOCK,GUARD_BLOCK,1,0.0,신규진입 차단,단기상승+VWAP/POC 추격충돌 · 기존 guard/JULY 차단 · 시장폭 82.2 · 5일 27.4%,67.11,6,60,0,82.01,16,모멘텀확인중(PMS67),-4.0,66816.0,"진입 후 D+1 종가 66,816원(-4%) 이탈 시 익일 조기청산 권고",46.2,"최근 20거래일 유니버스 실측 2일 상승률 46.2% (n=6,245) · 종목별 유의차 미검증",NO_EDGE_VALIDATED,CAUTION,64728.0,76560.0,"⚠️ 과열/추격 주의 · 손절 64,728(-7%)·본전전환 73,080(+5%)·1차익절 76,560(+10%) · ⚡ D+2내 70,992(+2%) 도달 시 절반 익절+잔여 본전 상향 (실측: 초반 급등 후 되돌림 -0.9%)",0,7.6,0,0,알파 5점 (진입선 85점 미달) · 손실방어 차단 · POC 확장 116% (추격 위험),alpha_gate_v32,CASH,0.0,,,1,NEUTRAL,"중립 레짐 — KOSPI 20일선 아래, 시장폭 82% (실측: 본전 구간 → 진입 허용하되 사이즈 50%)",0.5,1,5.0,73080.0,0.2386,1,이 점수 구간의 과거 실측 승률 22% (표본 11693건) · 손익비 1.4 (손절 -12.6% / 1차목표 +17.5%),중립 레짐 — 사이즈 50% 권장 · 거래량 밀집가 대비 +116.3% 확장 (실측 승률 12~23% — 추격 위험) · 추천가 대비 5.0% 이탈 — 추격 주의 · AI 알파모델 예측 하위 5% — 이 구간 실측 승률 24% — 픽 제외 구간,21.6,False,OVERHEAT,1,85.0,1,0,70992.0,,,,,0,1.0,,0,27.9,pctl>0.30,1,"⛔ 위험구간 — 알파 하위10% + 저점추세 하위30% (실측 5일 -2.88%·승률 21.5%, 20일 승률 10.8%) · 보유 중이면 정리 검토",0,1.0
162,321260,프로이천,KOSDAQ,,1703,50.0,1062.8,0.0,0.0,CARRY,CARRY,7,False,0,False,0.0,80.9,100.0,35.9,84.6,,0.0,73.5,64.1,19.9,3907.0,54.8,RR3907.0,0,3770.0,3200.0,5610.0,6140.0,,1.21,0.21,3247,31.2,DATA_UNAVAILABLE,0,32.24,50.1,0.16,STRUCT 강점,AI 보조,,캐리 재계산 실패: legacy snapshot,NORMAL,82.2,반도체 제조업,5000000000.0,84.1,65.65,0,0,-6.68,-5.63,-11.71,50.2,128.62,105.9,61.78,134.15,88.14,0.123,0.058,1,12.0,1,0,2.61,0.42,0,0,0,1,1,3127.0,16.09,-0.2823,False,O,▲,4272,▼,X,X,2.72,250,0,1,1,1,6750.0,enter,100.0,NORMAL+PM_BLOCK_INTRADAY+EF:정상,15.12,6.0,3.2,normal,7.0,v1_sl_first_gap_at_open,NORMAL+PM_BLOCK_INTRADAY+EF:정상,SWING_20D,80,ATR_3.5x,45,FIBO_1.272,40,,,,,,,,0.1791398256915498,0.1343573549330594,0.0,OK,84.6,OK,25.0,25.0,,6,1,0.55,0.25,0.2,STRUCT+TIMING+AI,,,,50,20260805,,,,,,,,CARRY_LEGACY,0.291,,False,0.3,True,,,ALPHA_WIN_PROB,3.228,,1.81,0.0,상태 CARRY — 신규진입 상태 아님(사이징 제외),0.3559,0.0,0.0,v40_alpha_tilt,,20260528.0,1.0,False,0.0,False,229.4,,ELITE_SCORE,MATURE,11693,2.4.0,OK,,100.0,ATTACK,OK,OK,OK,OK,OK,OK,OK,0,7,True,True,True,"analyze_returned_none(ohlcv_len=373,mcap=480,in_top=True)",0,GREEN,,,0.0,AVOID,0,진입괴리 54.8% · 전일 -6.7%,0,0,0,0,,0.0,T=36<70 · S=100≥50,100.0,GREEN,,,0,False,0,HOLDING_MANAGE,TOP_PICK=0,,30.0,HOLDING_MANAGE,HOLDING_MANAGE,NORMAL,0,0,0,0,0,0,0,0,0,CLEAR,,,0,0,0,0,0.0,HOLDING_MANAGE,0.0,WATCH,,0.0,0.0,0.0,0.0,0.0,DISABLED_LOSS_DEFENSE,4040.0,-57.84653465346534,FRESH,0.0,,True,True,True,True,True,True,True,True,0.0,0.0,0.0,0.0,0.0,0.0,0.0,0.0,0.0,1.0,False,False,False,2,True,0.0,0.0,,,0,0,0,,0.0,0,,False,0.0,0.0,False,,False,True,,0,100.0,100.0,1,0,PASS,7월 방어 profile 통과,A,PULLBACK_BREADTH,0,0.7,최우선 관찰,회복형 눌림+시장폭 · 품질+시장폭 · 섹터 약세+RSI 약함 · 시장폭 82.2 · 5일 -5.6%,35.04,6,248,0,21.16,281,,-4.0,3619.0,"진입 후 D+1 종가 3,619원(-4%) 이탈 시 익일 조기청산 권고",46.2,"최근 20거래일 유니버스 실측 2일 상승률 46.2% (n=6,245) · 종목별 유의차 미검증",NO_EDGE_VALIDATED,HIGH_AVOID,3506.0,4147.0,"⛔ 고위험 루트(진입보류 권고) · 손절 3,506(-7%)·본전전환 3,958(+5%)·1차익절 4,147(+10%) · ⚡ D+2내 3,845(+2%) 도달 시 절반 익절+잔여 본전 상향 (실측: 초반 급등 후 되돌림 -0.9%)",0,7.0,0,0,알파 11점 (진입선 85점 미달) · 데이터 신선도 실패 · POC 확장 31% (추격 위험),alpha_gate_v32,CASH,0.0,4.99,True,1,NEUTRAL,"중립 레짐 — KOSPI 20일선 아래, 시장폭 82% (실측: 본전 구간 → 진입 허용하되 사이즈 50%)",0.5,1,10.8,3958.0,0.2489,1,이 점수 구간의 과거 실측 승률 29% (표본 11693건) · 손익비 3907.0 (손절 +87.9% / 1차목표 +229.4%) · 저점 상승 추세 32% (바닥이 높아지는 중),중립 레짐 — 사이즈 50% 권장 · 거래량 밀집가 대비 +31.2% 확장 (실측 승률 12~23% — 추격 위험) · 추천가 대비 54.8% 이탈 — 추격 주의 · 가격 데이터 stale — 표시가와 실제가 다를 수 있음 · AI 알파모델 예측 하위 11% — 이 구간 실측 승률 25% — 픽 제외 구간,29.1,False,CARRY,1,85.0,1,0,3845.0,1.9261109623344368,-1.4571255424744134,-0.7857841014422107,0.8856366018608064,1,1.0,,0,99.1,pctl>0.30,0,,0,1.0
163,046440,KG파이낸셜,KOSDAQ,IT/전기전자,4200,50.19,1596.5,0.0,0.0,WAIT,WAIT,3,False,0,True,37.2,37.2,31.1,43.4,0.0,0.0,7.7,24.8,43.4,45.8,0.78,1.6,진입적정,0,4135.0,3835.0,4485.0,4985.0,,2.38,8.07,4153,-0.68,특이사항 없음,5,-5.82,56.9,6.2,,,저점 이탈,추세 관망,NORMAL,82.2,소프트웨어 개발 및 공급업,5019235563.0,74.3,10.57,1,0,4.48,12.9,7.42,4.61,-15.58,-23.36,8.42,18.21,4.5,0.751,0.161,0,7.5,0,1,1.39,0.66,0,0,0,1,1,3727.0,1.12,0.2436,False,X,▼,3889,▲,O,X,0.25,250,0,-1,-1,1,5800.0,enter,100.0,NORMAL+PM_BLOCK_INTRADAY+EF:정상,7.26,6.0,1.2,normal,7.0,v1_sl_first_gap_at_open,NORMAL+PM_BLOCK_INTRADAY+EF:정상,SWING_20D,23,SWING_60D,2,SWING_120D,2,0.0,소프트웨어 개발 및 공급업,28.983018867924528,12.636603773584905,4.0,32.8,0.0,0.03732993197278912,0.037271974816979615,0.6195652173913043,OK,0.0,UNVALIDATED_MODEL,35.41512973088261,35.41512973088261,0.0,8,1,0.5,0.5,0.0,STRUCT+TIMING+SECTOR,default,default,default,70,20260805,20260805,,37.2,37.2,37.2,-12.0,-33.79,FRESH,0.291,,False,0.3,True,MATURE,11693.0,ALPHA_WIN_PROB,1.167,,1.167,0.0,상태 WAIT — 신규진입 상태 아님(사이징 제외),0.4615,0.0,0.0,v40_alpha_tilt,,,,,,True,6.8,,ELITE_SCORE,MATURE,11693,2.4.0,OK,,100.0,ATTACK,OK,OK,OK,OK,OK,OK,OK,0,7,True,True,True,,0,GREEN,,,0.0,AVOID,0,RR 0.78,0,0,0,0,,0.0,T=43<70,100.0,GREEN,,,0,False,0,BELOW_OFFICIAL_BAR,TOP_PICK=0,,5.0,IGNORE,IGNORE,NORMAL,0,0,0,0,0,0,0,0,0,CLEAR,,,0,0,0,0,0.0,,,,,,,,,,DISABLED_LOSS_DEFENSE,,,,,,True,False,True,True,True,True,True,True,0.0,0.0,0.0,0.0,0.0,0.0,0.0,0.0,0.0,0.5,False,False,False,1,False,3.8,0.5,G2RR×0.5,,0,0,0,,3.8,0,,False,0.0,0.0,False,,False,True,,0,82.0,76.0,0,0,CAUTION,5일 상승 12.9% > 5%,B,REALISTIC_RR,0,0.35,관찰 후보,현실형 RR · 시장폭 82.2 · 5일 12.9%,63.62,6,77,0,46.21,200,모멘텀확인중(PMS64),-4.0,3970.0,"진입 후 D+1 종가 3,970원(-4%) 이탈 시 익일 조기청산 권고",46.2,"최근 20거래일 유니버스 실측 2일 상승률 46.2% (n=6,245) · 종목별 유의차 미검증",NO_EDGE_VALIDATED,OK,3846.0,4548.0,"손절 3,846(-7%)·본전전환 4,342(+5%)·1차익절 4,548(+10%) · ⚡ D+2내 4,218(+2%) 도달 시 절반 익절+잔여 본전 상향 (실측: 초반 급등 후 되돌림 -0.9%)",0,6.7,0,0,알파 68점 (진입선 85점 미달) · 손익비 0.78,alpha_gate_v32,CASH,0.0,,,0,NEUTRAL,"중립 레짐 — KOSPI 20일선 아래, 시장폭 82% (실측: 본전 구간 → 진입 허용하되 사이즈 50%)",0.5,1,68.1,4342.0,0.3233,1,이 점수 구간의 과거 실측 승률 29% (표본 11693건) · 거래량 밀집가 대비 -0.7% — 가치영역 근접 (실측 표본 적음) · 변동성 응축 5일째 (스퀴즈 — 방향 분출 대기),중립 레짐 — 사이즈 50% 권장 · 손익비 0.78 <1 — 이길 수 없는 구조,29.1,False,WAIT,1,85.0,1,0,4218.0,,,,,1,1.0,,0,57.1,pctl>0.30,0,,0,1.0
164,356680,엑스게이트,KOSDAQ,IT/전기전자,11370,289.56,3245.4,0.0,0.0,OVERHEAT,OVERHEAT,5,False,1,False,36.4,36.4,60.4,12.3,0.0,0.0,20.1,24.2,60.4,24.5,1.17,0.8,RR1.2 + 진입적정,0,11280.0,10370.0,12540.0,13670.0,,1.12,2.58,18479,-32.94,특이사항 없음,0,-13.79,47.9,8.4,,,5일 급등,"과열(급등·MFI·RSI) — 실측 역신호, 관망",NORMAL,82.2,소프트웨어 개발 및 공급업,28955650995.0,77.9,35.05,0,0,7.87,30.24,8.18,-5.01,-28.22,52.41,-1.2,5.57,80.27,0.858,0.034,0,12.0,1,0,1.83,0.73,0,0,0,1,-1,12015.0,-38.47,0.8188,False,X,▲,9523,▲,O,X,5.03,250,0,1,1,1,30550.0,enter,100.0,NORMAL+PM_BLOCK_INTRADAY+EF:정상,8.07,6.0,1.4,normal,7.0,v1_sl_first_gap_at_open,NORMAL+PM_BLOCK_INTRADAY+EF:정상,SWING_20D,46,ATR_2x,23,SWING_60D,2,0.0,소프트웨어 개발 및 공급업,28.983018867924528,12.636603773584905,4.0,43.0,0.0,0.10503832139716045,-0.011181593725898036,0.6343283582089553,OK,0.0,UNVALIDATED_MODEL,30.0,30.0,0.0,6,1,0.5,0.5,0.0,STRUCT+TIMING+SECTOR,default,default,default,70,20260805,20260805,,36.4,36.4,36.4,-12.0,-33.79,FRESH,0.291,,False,0.3,True,MATURE,11693.0,ALPHA_WIN_PROB,1.385,,1.385,0.0,상태 OVERHEAT — 신규진입 상태 아님(사이징 제외),0.4194,0.0,0.0,v40_alpha_tilt,,,,,,True,10.3,,ELITE_SCORE,MATURE,11693,2.4.0,OK,,100.0,ATTACK,OK,OK,OK,OK,OK,OK,OK,0,7,True,True,True,,0,GREEN,,,0.0,AVOID,0,5일 +30% · 7월 손실방어 차단 · 수익회복 패치 차단,0,1,0,0,,0.0,T=12<70 · S=60≥50,100.0,GREEN,,,0,False,0,BELOW_OFFICIAL_BAR,TOP_PICK=0,,10.0,IGNORE,IGNORE,NORMAL,0,0,0,0,0,0,0,0,0,CLEAR,,,0,0,0,0,0.0,,,,,,,,,,DISABLED_LOSS_DEFENSE,,,,,,True,False,True,True,True,True,True,True,0.0,0.0,0.0,0.0,0.0,0.0,0.0,0.0,0.0,0.5,False,False,False,2,False,10.0,0.5,G2RR×0.5,,0,0,0,,10.0,0,과열이나 GUARD 미통과 — 레인 제외,False,0.0,0.0,True,JULY_PROFIT_DEFENSE: 5일 과열 30.2% | PROFIT_RECOVERY: 기존 guard/JULY 차단 · 시장폭 82.2 · 5일 30.2%,False,True,,0,66.0,40.0,0,1,BLOCK,5일 과열 30.2%,BLOCK,GUARD_BLOCK,1,0.0,신규진입 차단,기존 guard/JULY 차단 · 시장폭 82.2 · 5일 30.2%,47.34,6,185,0,58.58,129,,-4.0,10829.0,"진입 후 D+1 종가 10,829원(-4%) 이탈 시 익일 조기청산 권고",46.2,"최근 20거래일 유니버스 실측 2일 상승률 46.2% (n=6,245) · 종목별 유의차 미검증",NO_EDGE_VALIDATED,CAUTION,10490.0,12408.0,"⚠️ 과열/추격 주의 · 손절 10,490(-7%)·본전전환 11,844(+5%)·1차익절 12,408(+10%) · ⚡ D+2내 11,506(+2%) 도달 시 절반 익절+잔여 본전 상향 (실측: 초반 급등 후 되돌림 -0.9%)",0,6.6,0,0,알파 22점 (진입선 85점 미달) · 손익비 1.17 · 손실방어 차단,alpha_gate_v32,CASH,0.0,,,0,NEUTRAL,"중립 레짐 — KOSPI 20일선 아래, 시장폭 82% (실측: 본전 구간 → 진입 허용하되 사이즈 50%)",0.5,1,22.0,11844.0,0.2452,1,이 점수 구간의 과거 실측 승률 29% (표본 11693건) · 거래량 밀집가 대비 -32.9% — 가치영역 근접 (실측 표본 적음) · 손익비 1.2 (손절 -8.8% / 1차목표 +10.3%),중립 레짐 — 사이즈 50% 권장 · AI 알파모델 예측 하위 22% — 이 구간 실측 승률 25% — 픽 제외 구간,29.1,True,OVERHEAT,1,85.0,1,0,11506.0,,,,,1,1.0,,0,34.7,pctl>0.30,0,,0,1.0
165,089970,브이엠,KOSDAQ,조선·기계·설비,68200,367.52,17954.9,0.0,0.0,WAIT,OVERHEAT,3,False,1,False,10.6,10.6,0.0,21.3,0.0,0.0,9.1,7.1,21.3,73.4,3.93,0.0,RR3.9 + 진입적정,0,68200.0,62700.0,89800.0,118300.0,,0.23,0.67,83153,62.89,특이사항 없음,0,-39.27,23.2,-16.81,,,5일 급등,"과열(급등·MFI·RSI) — 실측 역신호, 관망",NORMAL,82.2,특수 목적용 기계 제조업,36751773550.0,26.5,92.92,0,0,1.94,19.44,-16.93,-21.79,22.88,151.2,-17.98,56.67,179.06,0.39,0.047,1,12.0,0,0,1.19,0.27,0,0,0,0,-1,88650.0,-17.98,1.3257,False,X,▲,54044,▲,O,X,10.01,250,0,1,1,1,122100.0,split,50.0,NORMAL+PM_BLOCK_INTRADAY+EF:갭 7%+ 분할 진입+ENTRY:split,8.06,5.0,3.9,normal,7.0,v1_sl_first_gap_at_open,NORMAL+PM_BLOCK_INTRADAY+EF:갭 7%+ 분할 진입+ENTRY:split,ATR_2x,23,SWING_20D,5,SWING_60D,5,0.0,특수 목적용 기계 제조업,27.58121951219512,8.227560975609755,6.0,53.3,0.0,0.15835777126099707,-0.06298531923588713,0.0,OK,0.0,UNVALIDATED_MODEL,24.568113746610216,24.568113746610216,0.0,4,1,0.5,0.5,0.0,STRUCT+TIMING+SECTOR,default,default,default,70,20260805,20260805,,10.6,10.6,10.6,-12.0,-33.79,FRESH,0.291,,False,0.3,True,MATURE,11693.0,ALPHA_WIN_PROB,3.927,,1.81,0.0,상태 OVERHEAT — 신규진입 상태 아님(사이징 제외),0.3559,0.0,0.0,v40_alpha_tilt,,,,,,True,31.7,,ELITE_SCORE,MATURE,11693,2.4.0,OK,,100.0,ATTACK,OK,OK,OK,OK,OK,OK,OK,0,7,True,True,True,,0,GREEN,,,80.0,AVOID,0,POC 63↑ · 수익회복 패치 차단,0,0,0,0,,0.0,T=21<70,100.0,GREEN,,,0,False,0,BELOW_OFFICIAL_BAR,TOP_PICK=0,,35.0,IGNORE,IGNORE,NORMAL,0,0,0,0,0,0,0,0,0,CLEAR,,,0,0,0,0,0.0,,,,,,,,,,DISABLED_LOSS_DEFENSE,,,,,,True,False,True,True,True,True,True,True,0.0,0.0,0.0,0.0,0.0,0.0,0.0,0.0,0.0,0.5,False,False,False,2,False,4.6,0.5,G2RR×0.5,,0,0,0,,4.6,0,,False,0.0,0.0,True,PROFIT_RECOVERY: 단기상승+VWAP/POC 추격충돌 · 시장폭 82.2 · 5일 19.4%,False,True,,0,54.0,18.0,0,0,CAUTION,5일 상승 19.4% > 5% · POC 62.9 > 60,BLOCK,FOMO_COLLISION,1,0.0,신규진입 차단,단기상승+VWAP/POC 추격충돌 · 시장폭 82.2 · 5일 19.4%,30.93,6,266,0,33.34,249,,-4.0,65472.0,"진입 후 D+1 종가 65,472원(-4%) 이탈 시 익일 조기청산 권고",46.2,"최근 20거래일 유니버스 실측 2일 상승률 46.2% (n=6,245) · 종목별 유의차 미검증",NO_EDGE_VALIDATED,OK,63426.0,75020.0,"손절 63,426(-7%)·본전전환 71,610(+5%)·1차익절 75,020(+10%) · ⚡ D+2내 69,564(+2%) 도달 시 절반 익절+잔여 본전 상향 (실측: 초반 급등 후 되돌림 -0.9%)",0,6.1,0,0,알파 2점 (진입선 85점 미달) · 손실방어 차단 · POC 확장 63% (추격 위험),alpha_gate_v32,CASH,0.0,,,1,NEUTRAL,"중립 레짐 — KOSPI 20일선 아래, 시장폭 82% (실측: 본전 구간 → 진입 허용하되 사이즈 50%)",0.5,1,1.5,71610.0,0.2386,1,이 점수 구간의 과거 실측 승률 29% (표본 11693건) · 손익비 3.9 (손절 -8.1% / 1차목표 +31.7%),중립 레짐 — 사이즈 50% 권장 · 거래량 밀집가 대비 +62.9% 확장 (실측 승률 12~23% — 추격 위험) · AI 알파모델 예측 하위 2% — 이 구간 실측 승률 24% — 픽 제외 구간,29.1,False,WAIT,1,85.0,1,0,69564.0,,,,,0,1.0,,1,0.9,pctl>0.30,1,"⛔ 위험구간 — 알파 하위10% + 저점추세 하위30% (실측 5일 -2.88%·승률 21.5%, 20일 승률 10.8%) · 보유 중이면 정리 검토",0,1.0
166,064350,현대로템,KOSPI,기타,147700,594.46,161203.2,0.0,0.0,WAIT,OVERHEAT,3,False,0,False,4.6,4.6,0.0,9.3,0.0,0.0,4.1,3.1,9.3,88.4,2.86,1.5,밸런스우수 + RR2.9 + 진입적정,0,145500.0,133800.0,187500.0,240000.0,,2.58,0.63,181902,-27.8,특이사항 없음,0,-21.62,41.8,-1.48,,,5일 급등,"과열(급등·MFI·RSI) — 실측 역신호, 관망",NORMAL,82.2,철도장비 제조업,59445517950.0,38.3,48.75,0,0,5.58,22.98,-5.2,-20.76,-33.77,-28.65,-6.94,-21.77,-56.43,0.964,0.049,0,12.0,0,0,0.91,0.47,0,0,0,0,-1,161690.0,-18.8,0.776,False,X,▼,124221,▲,O,X,1.79,250,0,-1,-1,1,282000.0,enter,100.0,NORMAL+PM_BLOCK_INTRADAY+EF:정상,8.04,4.0,3.6,normal,7.0,v1_sl_first_gap_at_open,NORMAL+PM_BLOCK_INTRADAY+EF:정상,SWING_20D,12,SWING_60D,2,SWING_120D,2,0.0,철도장비 제조업,22.15142857142857,8.541428571428572,9.0,61.2,0.0,0.09149821065867104,-0.017079623560412812,0.08333333333333333,OK,0.0,UNVALIDATED_MODEL,21.843726403317067,21.843726403317067,0.0,2,0,0.5,0.5,0.0,STRUCT+TIMING+SECTOR,default,default,default,70,20260805,20260805,,4.6,4.6,4.6,-12.0,-33.79,FRESH,0.291,,False,0.3,True,MATURE,11693.0,ALPHA_WIN_PROB,3.59,,1.81,0.0,상태 OVERHEAT — 신규진입 상태 아님(사이징 제외),0.3559,0.0,0.0,v40_alpha_tilt,,,,,,True,26.9,,ELITE_SCORE,MATURE,11693,2.4.0,OK,,100.0,ATTACK,OK,OK,OK,OK,OK,OK,OK,0,7,True,True,True,,0,GREEN,,,100.0,AVOID,0,7월 손실방어 차단,0,0,0,0,,0.0,T=9<70,100.0,GREEN,,,0,False,0,ENTRY_READY_BUT_NOT_TOP_PICK,TOP_PICK=0,진입조건은 양호하나 공식 Top Pick 아님,45.0,ENTRY_CLEAN_OBSERVE,ENTRY_CLEAN_OBSERVE,NORMAL,0,0,0,0,0,0,0,0,0,CLEAR,,,0,0,0,0,0.0,,,,,,,,,,DISABLED_LOSS_DEFENSE,,,,,,True,False,True,True,False,True,True,True,0.0,0.0,0.0,0.0,20.0,0.0,0.0,0.0,20.0,0.5,False,True,False,3,False,0.0,0.0,G2RR×0.5 · G5추세붕괴3축,,0,0,0,,0.0,0,,False,0.0,0.0,True,JULY_PROFIT_DEFENSE: 5일 과열 23.0%,False,True,,0,54.0,21.0,0,1,BLOCK,5일 과열 23.0%,BLOCK,GUARD_BLOCK,1,0.0,신규진입 차단,기존 guard/JULY 차단 · 시장폭 82.2 · 5일 23.0%,32.87,6,259,0,26.26,268,,-4.0,139680.0,"진입 후 D+1 종가 139,680원(-4%) 이탈 시 익일 조기청산 권고",46.2,"최근 20거래일 유니버스 실측 2일 상승률 46.2% (n=6,245) · 종목별 유의차 미검증",NO_EDGE_VALIDATED,OK,135315.0,160050.0,"손절 135,315(-7%)·본전전환 152,775(+5%)·1차익절 160,050(+10%) · ⚡ D+2내 148,410(+2%) 도달 시 절반 익절+잔여 본전 상향 (실측: 초반 급등 후 되돌림 -0.9%)",0,5.5,0,0,알파 76점 (진입선 85점 미달) · 손실방어 차단,alpha_gate_v32,CASH,0.0,,,0,NEUTRAL,"중립 레짐 — KOSPI 20일선 아래, 시장폭 82% (실측: 본전 구간 → 진입 허용하되 사이즈 50%)",0.5,1,75.9,152775.0,0.3379,1,이 점수 구간의 과거 실측 승률 29% (표본 11693건) · 거래량 밀집가 대비 -27.8% — 가치영역 근접 (실측 표본 적음) · 손익비 2.9 (손절 -9.4% / 1차목표 +26.9%) · AI 알파모델 예측 상위 24% (OOS 검증 통과 모델 — 이 구간 실측 승률 34%),중립 레짐 — 사이즈 50% 권장,29.1,True,WAIT,1,85.0,1,0,148410.0,,,,,0,1.0,,0,16.1,pctl>0.30,0,,0,1.0
167,066970,엘앤에프,KOSPI,2차전지,79800,167.45,32465.2,0.0,0.0,WAIT,OVERHEAT,3,False,1,False,0.2,0.2,0.0,0.4,0.0,0.0,0.2,0.1,0.4,99.5,2.16,0.0,밸런스우수 + RR2.2 + 진입적정,0,79800.0,73400.0,93600.0,110500.0,,1.43,0.67,133048,-49.44,특이사항 없음,0,-22.22,36.9,-4.53,,,5일 급등,"과열(급등·MFI·RSI) — 실측 역신호, 관망",NORMAL,82.2,일차전지 및 이차전지 제조업,16744986600.0,40.8,49.62,0,0,2.97,21.65,-3.16,-19.8,-59.24,-32.14,-5.98,-47.24,-59.92,0.989,0.031,0,12.0,1,0,1.61,0.35,0,0,0,0,-1,89025.0,-40.02,0.6821,False,X,▼,68911,▲,O,X,5.42,250,0,-1,-1,1,197600.0,enter,100.0,NORMAL+PM_BLOCK_INTRADAY+EF:정상,8.02,5.0,2.2,normal,7.0,v1_sl_first_gap_at_open,NORMAL+PM_BLOCK_INTRADAY+EF:정상,ATR_2x,23,SWING_20D,5,SWING_60D,2,0.0,일차전지 및 이차전지 제조업,25.9875,11.055,5.0,63.5,0.0,0.08606337271750807,-0.02573068576860981,0.12903225806451613,OK,0.0,UNVALIDATED_MODEL,19.226388023224306,19.226388023224306,0.0,4,1,0.5,0.5,0.0,STRUCT+TIMING+SECTOR,default,default,default,70,20260805,20260805,,0.2,0.2,0.2,-12.0,-33.79,FRESH,0.291,,False,0.3,True,MATURE,11693.0,ALPHA_WIN_PROB,2.156,,1.81,0.0,상태 OVERHEAT — 신규진입 상태 아님(사이징 제외),0.3559,0.0,0.0,v40_alpha_tilt,,,,,,True,17.3,,ELITE_SCORE,MATURE,11693,2.4.0,OK,,100.0,ATTACK,OK,OK,OK,OK,OK,OK,OK,0,7,True,True,True,,0,GREEN,,,90.0,AVOID,0,7월 손실방어 차단 · 수익회복 패치 차단,0,0,0,0,,0.0,T=0<70,100.0,GREEN,,,0,False,0,ENTRY_READY_BUT_NOT_TOP_PICK,TOP_PICK=0,진입조건은 양호하나 공식 Top Pick 아님,50.0,ENTRY_CLEAN_OBSERVE,ENTRY_CLEAN_OBSERVE,NORMAL,0,0,0,0,0,0,0,0,0,CLEAR,,,0,0,0,0,0.0,,,,,,,,,,DISABLED_LOSS_DEFENSE,,,,,,True,False,True,True,False,True,True,True,0.0,0.0,0.0,0.0,20.0,0.0,0.0,0.0,20.0,0.5,False,True,False,3,False,0.0,0.0,G2RR×0.5 · G5추세붕괴3축,,0,0,0,,0.0,0,,False,0.0,0.0,True,JULY_PROFIT_DEFENSE: 5일 과열 21.6% | PROFIT_RECOVERY: 기존 guard/JULY 차단 · 시장폭 82.2 · 5일 21.6%,False,True,,0,62.0,27.0,0,1,BLOCK,5일 과열 21.6%,BLOCK,GUARD_BLOCK,1,0.0,신규진입 차단,기존 guard/JULY 차단 · 시장폭 82.2 · 5일 21.6%,19.12,6,305,0,16.84,297,,-4.0,76608.0,"진입 후 D+1 종가 76,608원(-4%) 이탈 시 익일 조기청산 권고",46.2,"최근 20거래일 유니버스 실측 2일 상승률 46.2% (n=6,245) · 종목별 유의차 미검증",NO_EDGE_VALIDATED,OK,74214.0,87780.0,"손절 74,214(-7%)·본전전환 83,790(+5%)·1차익절 87,780(+10%) · ⚡ D+2내 81,396(+2%) 도달 시 절반 익절+잔여 본전 상향 (실측: 초반 급등 후 되돌림 -0.9%)",0,5.0,0,0,저점추세 당일 하위 14% (알파 통과·자리 미달) · 손실방어 차단,alpha_gate_v32,CASH,0.0,,,0,NEUTRAL,"중립 레짐 — KOSPI 20일선 아래, 시장폭 82% (실측: 본전 구간 → 진입 허용하되 사이즈 50%)",0.5,1,85.4,83790.0,0.3572,1,이 점수 구간의 과거 실측 승률 29% (표본 11693건) · 거래량 밀집가 대비 -49.4% — 가치영역 근접 (실측 표본 적음) · 손익비 2.2 (손절 -8.0% / 1차목표 +17.3%) · AI 알파모델 예측 상위 15% (OOS 검증 통과 모델 — 이 구간 실측 승률 36%),중립 레짐 — 사이즈 50% 권장,29.1,True,WAIT,1,85.0,1,0,81396.0,,,,,0,1.0,,0,13.6,pctl>0.30,0,,0,1.0
168,252990,샘씨엔에스,KOSDAQ,IT/전기전자,13300,101.43,8009.0,0.0,0.0,OVERHEAT,OVERHEAT,5,False,0,False,49.1,49.1,47.6,50.6,0.0,0.0,32.4,32.7,50.6,36.8,2.06,1.5,RR2.1 + 진입적정,0,13100.0,12050.0,15870.0,16290.0,,1.25,0.84,13301,11.32,특이사항 없음,0,-13.64,41.1,5.49,,,5일 급등,"과열(급등·MFI·RSI) — 실측 역신호, 관망",NORMAL,82.2,전자부품 제조업,10143010890.0,48.1,58.33,0,0,4.72,33.94,-2.85,16.77,-2.56,14.56,20.58,31.23,42.42,0.301,0.277,1,12.0,1,0,1.35,0.63,0,0,0,1,-1,14557.0,-0.01,0.8388,False,O,▲,10801,▲,O,X,3.7,250,0,1,1,1,16960.0,enter,100.0,NORMAL+PM_BLOCK_INTRADAY+EF:정상,8.02,5.0,2.6,normal,7.0,v1_sl_first_gap_at_open,NORMAL+PM_BLOCK_INTRADAY+EF:정상,SWING_20D,23,BB_UPPER,23,SWING_60D,23,0.0,전자부품 제조업,28.983018867924528,12.636603773584905,4.0,55.3,0.0,0.12883995703544576,-0.004516637851194004,0.7467532467532467,OK,0.0,UNVALIDATED_MODEL,41.93314230125865,41.93314230125865,0.0,4,1,0.5,0.5,0.0,STRUCT+TIMING+SECTOR,default,default,default,70,20260805,20260805,,49.1,49.1,49.1,-12.0,-33.79,FRESH,0.257,,False,0.313,True,MATURE,11693.0,ALPHA_WIN_PROB,2.638,,1.81,0.0,상태 OVERHEAT — 신규진입 상태 아님(사이징 제외),0.3559,0.0,0.0,v40_alpha_tilt,,,,,,True,19.3,,ELITE_SCORE,MATURE,11693,2.4.0,OK,,100.0,ATTACK,OK,OK,OK,OK,OK,OK,OK,0,7,True,True,True,,0,GREEN,,,0.0,AVOID,0,5일 +34%,0,1,0,0,,0.0,T=51<70,100.0,GREEN,,,0,False,0,BELOW_OFFICIAL_BAR,TOP_PICK=0,,15.0,IGNORE,IGNORE,NORMAL,0,0,0,0,0,0,0,0,0,CLEAR,,,0,0,0,0,0.0,,,,,,,,,,DISABLED_LOSS_DEFENSE,,,,,,True,False,True,True,True,True,True,True,0.0,0.0,0.0,0.0,0.0,0.0,0.0,0.0,0.0,0.5,False,False,False,1,False,16.2,0.5,G2RR×0.5,,0,0,0,,16.2,0,과열이나 GUARD 미통과 — 레인 제외,False,0.0,0.0,False,,False,True,,0,62.0,39.0,0,1,BLOCK,5일 과열 33.9%,BLOCK,GUARD_BLOCK,1,0.0,신규진입 차단,기존 guard/JULY 차단 · 시장폭 82.2 · 5일 33.9%,54.13,6,142,0,73.04,39,,-4.0,12576.0,"진입 후 D+1 종가 12,576원(-4%) 이탈 시 익일 조기청산 권고",46.2,"최근 20거래일 유니버스 실측 2일 상승률 46.2% (n=6,245) · 종목별 유의차 미검증",NO_EDGE_VALIDATED,CAUTION,12183.0,14410.0,"⚠️ 과열/추격 주의 · 손절 12,183(-7%)·본전전환 13,755(+5%)·1차익절 14,410(+10%) · ⚡ D+2내 13,362(+2%) 도달 시 절반 익절+잔여 본전 상향 (실측: 초반 급등 후 되돌림 -0.9%)",0,4.9,0,0,알파 16점 (진입선 85점 미달) · 손실방어 차단,alpha_gate_v32,CASH,0.0,,,0,NEUTRAL,"중립 레짐 — KOSPI 20일선 아래, 시장폭 82% (실측: 본전 구간 → 진입 허용하되 사이즈 50%)",0.5,1,15.8,13755.0,0.2489,1,이 점수 구간의 과거 실측 승률 26% (표본 11693건) · 거래량 밀집가 대비 +11.3% — 가치영역 근접 (실측 승률 48%) · 손익비 2.1 (손절 -9.4% / 1차목표 +19.3%),중립 레짐 — 사이즈 50% 권장 · AI 알파모델 예측 하위 16% — 이 구간 실측 승률 25% — 픽 제외 구간,25.7,True,OVERHEAT,1,85.0,1,0,13362.0,,,,,1,1.0,,0,36.5,pctl>0.30,0,,0,1.0
169,009155,삼성전기우,KOSPI,기타,472500,280.94,13735.5,0.0,0.0,OVERHEAT,OVERHEAT,5,False,0,False,48.0,48.0,59.4,36.7,0.0,0.0,29.2,32.0,59.4,25.8,3.85,1.8,RR3.9 + 진입적정,0,481000.0,442000.0,590000.0,1008000.0,,-0.13,1.0,638890,167.72,특이사항 없음,0,-25.18,45.7,2.94,거래품질 우수,,5일 급등,"과열(급등·MFI·RSI) — 실측 역신호, 관망",NORMAL,82.2,기타,28093618000.0,58.9,51.42,0,0,7.26,29.1,-1.56,-19.37,24.51,294.74,-5.55,36.51,266.96,0.438,0.058,1,12.0,1,0,2.01,0.57,0,0,0,1,-1,512550.0,-26.04,1.1733,False,O,▲,388565,▲,O,X,11.01,250,0,1,1,1,,split,50.0,NORMAL+PM_BLOCK_INTRADAY+EF:갭 7%+ 분할 진입+ENTRY:split,8.11,5.0,2.8,normal,7.0,v1_sl_first_gap_at_open,NORMAL+PM_BLOCK_INTRADAY+EF:갭 7%+ 분할 진입+ENTRY:split,SWING_20D,23,SWING_60D,2,,0,0.0,기타,22.15142857142857,8.541428571428572,9.0,68.8,0.0,0.12199546485260772,-0.01492165362602077,0.0,OK,0.0,UNVALIDATED_MODEL,42.05636770747847,42.05636770747847,0.0,6,1,0.5,0.5,0.0,STRUCT+TIMING+SECTOR,default,default,default,70,20260805,20260805,,48.0,48.0,48.0,-12.0,-33.79,FRESH,0.272,,False,0.304,True,MATURE,11693.0,ALPHA_WIN_PROB,2.795,,1.81,0.0,상태 OVERHEAT — 신규진입 상태 아님(사이징 제외),0.3559,0.0,0.0,v40_alpha_tilt,,,,,,True,24.9,,ELITE_SCORE,MATURE,11693,2.4.0,OK,,100.0,ATTACK,OK,OK,OK,OK,OK,OK,OK,0,7,True,True,True,,0,GREEN,,,0.0,AVOID,0,5일 +29% · POC 168↑,0,1,0,0,,0.0,T=37<70 · S=59≥50,100.0,GREEN,,,0,False,0,BELOW_OFFICIAL_BAR,TOP_PICK=0,VWAP/POC 과열,15.0,IGNORE,IGNORE,NORMAL,0,0,0,0,0,0,0,0,0,CLEAR,,,0,0,0,0,0.0,,,,,,,,,,DISABLED_LOSS_DEFENSE,,,,,,True,False,True,True,True,True,True,True,0.0,0.0,0.0,0.0,0.0,0.0,0.0,0.0,0.0,0.5,False,False,False,1,False,14.6,0.5,G2RR×0.5,,0,0,0,,14.6,0,과열이나 GUARD 미통과 — 레인 제외,False,0.0,0.0,False,,False,True,,0,42.0,0.0,0,1,BLOCK,5일 과열 29.1% · POC 과열 167.7,BLOCK,GUARD_BLOCK,1,0.0,신규진입 차단,단기상승+VWAP/POC 추격충돌 · 기존 guard/JULY 차단 · 시장폭 82.2 · 5일 29.1%,51.5,6,158,0,69.56,59,,-4.0,461760.0,"진입 후 D+1 종가 461,760원(-4%) 이탈 시 익일 조기청산 권고",46.2,"최근 20거래일 유니버스 실측 2일 상승률 46.2% (n=6,245) · 종목별 유의차 미검증",NO_EDGE_VALIDATED,CAUTION,447330.0,529100.0,"⚠️ 과열/추격 주의 · 손절 447,330(-7%)·본전전환 505,050(+5%)·1차익절 529,100(+10%) · ⚡ D+2내 490,620(+2%) 도달 시 절반 익절+잔여 본전 상향 (실측: 초반 급등 후 되돌림 -0.9%)",0,4.8,0,0,알파 4점 (진입선 85점 미달) · 손실방어 차단 · POC 확장 168% (추격 위험),alpha_gate_v32,CASH,0.0,,,1,NEUTRAL,"중립 레짐 — KOSPI 20일선 아래, 시장폭 82% (실측: 본전 구간 → 진입 허용하되 사이즈 50%)",0.5,1,3.7,505050.0,0.2386,1,이 점수 구간의 과거 실측 승률 27% (표본 11693건) · 손익비 3.9 (손절 -6.5% / 1차목표 +24.9%),중립 레짐 — 사이즈 50% 권장 · 거래량 밀집가 대비 +167.7% 확장 (실측 승률 12~23% — 추격 위험) · AI 알파모델 예측 하위 4% — 이 구간 실측 승률 24% — 픽 제외 구간,27.2,False,OVERHEAT,1,85.0,1,0,490620.0,,,,,0,1.0,,0,10.5,pctl>0.30,1,"⛔ 위험구간 — 알파 하위10% + 저점추세 하위30% (실측 5일 -2.88%·승률 21.5%, 20일 승률 10.8%) · 보유 중이면 정리 검토",0,1.0
170,031330,에스에이엠티,KOSDAQ,조선·기계·설비,10070,102.81,10069.5,0.0,0.0,OVERHEAT,OVERHEAT,5,False,0,False,47.0,47.0,40.2,53.7,0.0,0.0,31.4,31.3,53.7,32.9,1.81,3.4,RR1.8,0,9740.0,8950.0,12100.0,19950.0,,1.46,1.11,13743,102.56,특이사항 없음,0,-26.09,43.1,0.57,,,5일 급등,"과열(급등·MFI·RSI) — 실측 역신호, 관망",NORMAL,82.2,기계장비 및 관련 물품 도매업,10280710750.0,45.2,44.84,0,0,12.77,26.19,-4.1,-5.27,17.64,120.35,-1.46,51.43,148.21,0.581,0.12,1,12.0,1,0,0.86,0.58,0,0,0,1,-1,10544.0,-26.73,0.6729,False,X,▲,8374,▲,O,X,5.26,250,0,1,1,1,,split,50.0,NORMAL+PM_BLOCK_INTRADAY+EF:당일 10%+ 급등 분할 진입+ENTRY:split,8.11,5.0,3.0,normal,7.0,v1_sl_first_gap_at_open,NORMAL+PM_BLOCK_INTRADAY+EF:당일 10%+ 급등 분할 진입+ENTRY:split,SWING_20D,12,SWING_60D,2,,0,0.0,기계장비 및 관련 물품 도매업,27.58121951219512,8.227560975609755,6.0,65.0,0.0,0.09107674847496099,-0.045182489265561884,0.09278350515463918,OK,0.0,UNVALIDATED_MODEL,53.77001967349963,53.77001967349963,0.0,2,0,0.5,0.5,0.0,STRUCT+TIMING+SECTOR,default,default,default,70,20260805,20260805,,47.0,47.0,47.0,-12.0,-33.79,FRESH,0.262,,False,0.3,True,MATURE,11693.0,ALPHA_WIN_PROB,2.987,,1.81,0.0,상태 OVERHEAT — 신규진입 상태 아님(사이징 제외),0.3559,0.0,0.0,v40_alpha_tilt,,,,,,True,20.2,,ELITE_SCORE,MATURE,11693,2.4.0,OK,,100.0,ATTACK,OK,OK,OK,OK,OK,OK,OK,0,7,True,True,True,,0,GREEN,,,0.0,AVOID,0,진입괴리 3.4% · 5일 +26% · POC 103↑,0,1,0,0,,0.0,T=54<70 · 전일+13%,100.0,GREEN,,,0,False,0,BELOW_OFFICIAL_BAR,TOP_PICK=0,VWAP/POC 과열,10.0,IGNORE,IGNORE,NORMAL,0,0,0,0,0,0,0,0,0,CLEAR,,,0,0,0,0,0.0,,,,,,,,,,DISABLED_LOSS_DEFENSE,,,,,,True,False,True,True,True,True,True,True,0.0,0.0,0.0,0.0,0.0,0.0,0.0,0.0,0.0,0.5,False,False,False,1,False,15.7,0.5,G2RR×0.5,,0,0,0,,15.7,0,과열이나 GUARD 미통과 — 레인 제외,False,0.0,0.0,False,,False,True,,0,30.0,0.0,0,1,BLOCK,5일 과열 26.2% · POC 과열 102.6,BLOCK,GUARD_BLOCK,1,0.0,신규진입 차단,단기상승+VWAP/POC 추격충돌 · 기존 guard/JULY 차단 · 시장폭 82.2 · 5일 26.2%,50.21,6,168,0,70.38,55,,-4.0,9350.0,"진입 후 D+1 종가 9,350원(-4%) 이탈 시 익일 조기청산 권고",46.2,"최근 20거래일 유니버스 실측 2일 상승률 46.2% (n=6,245) · 종목별 유의차 미검증",NO_EDGE_VALIDATED,CAUTION,9058.0,10714.0,"⚠️ 과열/추격 주의 · 손절 9,058(-7%)·본전전환 10,227(+5%)·1차익절 10,714(+10%) · ⚡ D+2내 9,935(+2%) 도달 시 절반 익절+잔여 본전 상향 (실측: 초반 급등 후 되돌림 -0.9%)",0,4.7,0,0,알파 8점 (진입선 85점 미달) · 손실방어 차단 · POC 확장 103% (추격 위험),alpha_gate_v32,CASH,0.0,,,1,NEUTRAL,"중립 레짐 — KOSPI 20일선 아래, 시장폭 82% (실측: 본전 구간 → 진입 허용하되 사이즈 50%)",0.5,1,7.7,10227.0,0.2386,1,이 점수 구간의 과거 실측 승률 26% (표본 11693건) · 손익비 1.8 (손절 -11.1% / 1차목표 +20.2%),중립 레짐 — 사이즈 50% 권장 · 거래량 밀집가 대비 +102.6% 확장 (실측 승률 12~23% — 추격 위험) · 추천가 대비 3.4% 이탈 — 추격 주의 · AI 알파모델 예측 하위 8% — 이 구간 실측 승률 24% — 픽 제외 구간,26.2,False,OVERHEAT,1,85.0,1,0,9935.0,,,,,0,1.0,,0,8.7,pctl>0.30,1,"⛔ 위험구간 — 알파 하위10% + 저점추세 하위30% (실측 5일 -2.88%·승률 21.5%, 20일 승률 10.8%) · 보유 중이면 정리 검토",0,1.0
171,437730,삼현,KOSDAQ,자동차·모빌리티,38650,164.93,12255.0,0.0,0.0,WAIT,ARMED,3,True,0,False,63.2,63.2,69.6,56.7,0.0,0.0,11.5,42.1,69.6,13.0,0.66,10.6,,0,34950.0,32100.0,42950.0,44650.0,,0.91,1.36,45867,-24.1,특이사항 없음,0,14.86,58.4,16.15,저점추세 양호,,,알파 상위권 + 코일(스퀴즈/추세) — 진입 임박,NORMAL,82.2,자동차 신품 부품 제조업,16492585825.0,81.7,45.54,0,0,2.38,12.85,10.27,16.42,-27.89,-34.38,20.23,5.9,-6.52,0.83,0.059,0,12.0,1,0,1.96,0.75,0,0,0,1,1,24300.0,-15.74,0.3668,False,X,▼,37573,▲,O,X,0.13,250,0,-1,-1,1,66700.0,enter,100.0,NORMAL+PM_BLOCK_INTRADAY+EF:정상,8.15,5.0,2.8,normal,7.0,v1_sl_first_gap_at_open,NORMAL+PM_BLOCK_INTRADAY+EF:정상,SWING_20D,23,ATR_2x,23,SWING_60D,2,0.0,자동차 신품 부품 제조업,17.37090909090909,13.840909090909092,7.0,84.4,0.0,0.12502310109037146,0.006163282085215802,0.19696969696969696,OK,0.0,UNVALIDATED_MODEL,60.0,60.0,0.0,8,1,0.5,0.5,0.0,STRUCT+TIMING+SECTOR,default,default,default,70,20260805,20260805,,63.2,63.2,63.2,-12.0,-33.79,FRESH,0.291,,False,0.426,True,MATURE,11693.0,ALPHA_WIN_PROB,2.807,,1.81,0.001,"배분액 10,309원 < 1주 가격 34,950원 — 수량 0",0.3559,10309.0,0.0,v40_alpha_tilt,,,,,,True,11.1,,ELITE_SCORE,MATURE,11693,2.4.0,OK,,100.0,ATTACK,OK,OK,OK,OK,OK,OK,OK,0,7,True,True,True,,0,GREEN,,,0.0,AVOID,0,진입괴리 10.6% · RR 0.66,0,0,0,0,,0.0,T=57<70 · S=70≥50,100.0,GREEN,,,0,False,0,BELOW_OFFICIAL_BAR,TOP_PICK=0,,5.0,IGNORE,IGNORE,NORMAL,0,0,0,0,0,0,0,0,0,CLEAR,,,0,0,0,0,0.0,,,,,,,,,,DISABLED_LOSS_DEFENSE,,,,,,True,True,True,True,True,True,True,True,0.0,0.0,0.0,0.0,0.0,0.0,0.0,0.0,0.0,1.0,False,False,False,1,True,11.5,1.0,,,0,0,0,,11.5,0,,False,0.0,0.0,False,,False,True,,0,82.0,76.0,0,0,CAUTION,5일 상승 12.8% > 5%,B,REALISTIC_RR,0,0.35,관찰 후보,현실형 RR · 시장폭 82.2 · 5일 12.8%,69.76,6,48,0,58.64,128,모멘텀확인중(PMS70),-4.0,33552.0,"진입 후 D+1 종가 33,552원(-4%) 이탈 시 익일 조기청산 권고",46.2,"최근 20거래일 유니버스 실측 2일 상승률 46.2% (n=6,245) · 종목별 유의차 미검증",NO_EDGE_VALIDATED,OK,32503.0,38445.0,"손절 32,503(-7%)·본전전환 36,698(+5%)·1차익절 38,445(+10%) · ⚡ D+2내 35,649(+2%) 도달 시 절반 익절+잔여 본전 상향 (실측: 초반 급등 후 되돌림 -0.9%)",0,4.3,0,0,알파 81점 (진입선 85점 미달) · 손익비 0.66,alpha_gate_v32,CASH,0.0,,,0,NEUTRAL,"중립 레짐 — KOSPI 20일선 아래, 시장폭 82% (실측: 본전 구간 → 진입 허용하되 사이즈 50%)",0.5,1,80.8,36698.0,0.3572,1,이 점수 구간의 과거 실측 승률 29% (표본 11693건) · 거래량 밀집가 대비 -24.1% — 가치영역 근접 (실측 표본 적음) · 저점 상승 추세 15% (바닥이 높아지는 중) · AI 알파모델 예측 상위 19% (OOS 검증 통과 모델 — 이 구간 실측 승률 36%),중립 레짐 — 사이즈 50% 권장 · 손익비 0.66 <1 — 이길 수 없는 구조 · 추천가 대비 10.6% 이탈 — 추격 주의,29.1,False,WAIT,1,85.0,1,0,35649.0,,,,,1,1.0,,0,94.4,pctl>0.30,0,,0,1.0
172,319660,피에스케이,KOSDAQ,조선·기계·설비,127700,521.66,36990.5,0.0,0.0,WAIT,WAIT,3,False,1,True,8.4,8.4,0.0,16.8,0.0,0.0,7.2,5.6,16.8,79.0,3.62,0.0,RR3.6 + 진입적정,0,127700.0,117400.0,165000.0,212000.0,,-0.89,0.61,150950,110.56,특이사항 없음,0,-30.89,23.0,-16.97,,,MFI 약세,⚠️ 낙폭 과대 — 반등 추격 실측 손실(이격 -15%↓ 10일 -3.6%·승률 41%),NORMAL,82.2,특수 목적용 기계 제조업,52165516000.0,18.7,79.21,0,0,1.35,11.14,-18.51,-21.08,22.79,137.8,-17.27,56.58,165.66,0.408,0.06,1,12.0,0,0,1.27,0.26,0,0,0,0,-1,164790.0,-15.4,1.0173,False,O,▲,109139,▼,O,X,8.25,250,0,1,1,1,219500.0,split,50.0,NORMAL+PM_BLOCK_INTRADAY+EF:갭 7%+ 분할 진입+ENTRY:split,8.07,5.0,3.6,normal,7.0,v1_sl_first_gap_at_open,NORMAL+PM_BLOCK_INTRADAY+EF:갭 7%+ 분할 진입+ENTRY:split,ATR_2x,23,SWING_20D,5,SWING_60D,5,0.0,특수 목적용 기계 제조업,27.58121951219512,8.227560975609755,6.0,51.6,0.0,0.1459335496140508,-0.046647853804264394,0.0,OK,0.0,UNVALIDATED_MODEL,20.47638495899126,20.47638495899126,0.0,4,1,0.5,0.5,0.0,STRUCT+TIMING+SECTOR,default,default,default,70,20260805,20260805,,8.4,8.4,8.4,-12.0,-33.79,FRESH,0.291,,False,0.3,True,MATURE,11693.0,ALPHA_WIN_PROB,3.621,,1.81,0.0,상태 WAIT — 신규진입 상태 아님(사이징 제외),0.3559,0.0,0.0,v40_alpha_tilt,,,,,,True,29.2,,ELITE_SCORE,MATURE,11693,2.4.0,OK,,100.0,ATTACK,OK,OK,OK,OK,OK,OK,OK,0,7,True,True,True,,0,GREEN,,,65.0,AVOID,0,POC 111↑ · 7월 손실방어 차단 · 수익회복 패치 차단,0,1,1,0,,0.0,T=17<70,100.0,GREEN,,,0,False,0,BELOW_OFFICIAL_BAR,TOP_PICK=0,VWAP/POC 과열,15.0,IGNORE,IGNORE,NORMAL,0,0,0,0,0,0,0,0,0,CLEAR,,,0,0,0,0,0.0,,,,,,,,,,DISABLED_LOSS_DEFENSE,,,,,,True,False,True,True,False,True,True,True,0.0,0.0,0.0,0.0,20.0,0.0,0.0,0.0,20.0,0.5,False,True,False,3,False,0.0,0.0,G2RR×0.5 · G5추세붕괴3축,,0,0,0,,0.0,0,,False,0.0,0.0,True,JULY_PROFIT_DEFENSE: 5일 상승 11.1% > 5% · POC 과열 110.6 | PROFIT_RECOVERY: 단기상승+VWAP/POC 추격충돌 · 기존 guard/JULY 차단 · 시장폭 82.2 · 5일 11.1%,False,True,,0,50.0,0.0,0,1,BLOCK,5일 상승 11.1% > 5% · POC 과열 110.6,BLOCK,GUARD_BLOCK,1,0.0,신규진입 차단,단기상승+VWAP/POC 추격충돌 · 기존 guard/JULY 차단 · 시장폭 82.2 · 5일 11.1%,31.99,6,260,0,29.39,258,,-4.0,122592.0,"진입 후 D+1 종가 122,592원(-4%) 이탈 시 익일 조기청산 권고",46.2,"최근 20거래일 유니버스 실측 2일 상승률 46.2% (n=6,245) · 종목별 유의차 미검증",NO_EDGE_VALIDATED,OK,118761.0,140470.0,"손절 118,761(-7%)·본전전환 134,085(+5%)·1차익절 140,470(+10%) · ⚡ D+2내 130,254(+2%) 도달 시 절반 익절+잔여 본전 상향 (실측: 초반 급등 후 되돌림 -0.9%)",0,3.8,0,0,알파 2점 (진입선 85점 미달) · 손실방어 차단 · POC 확장 111% (추격 위험),alpha_gate_v32,CASH,0.0,,,1,NEUTRAL,"중립 레짐 — KOSPI 20일선 아래, 시장폭 82% (실측: 본전 구간 → 진입 허용하되 사이즈 50%)",0.5,1,2.2,134085.0,0.2386,1,이 점수 구간의 과거 실측 승률 29% (표본 11693건) · 손익비 3.6 (손절 -8.1% / 1차목표 +29.2%),중립 레짐 — 사이즈 50% 권장 · 거래량 밀집가 대비 +110.6% 확장 (실측 승률 12~23% — 추격 위험) · AI 알파모델 예측 하위 2% — 이 구간 실측 승률 24% — 픽 제외 구간,29.1,False,WAIT,1,85.0,1,0,130254.0,,,,,0,1.0,,1,5.6,pctl>0.30,1,"⛔ 위험구간 — 알파 하위10% + 저점추세 하위30% (실측 5일 -2.88%·승률 21.5%, 20일 승률 10.8%) · 보유 중이면 정리 검토",0,1.0
173,097950,CJ제일제당,KOSPI,유통·소비재,197500,114.31,29732.0,0.0,0.0,WAIT,WAIT,3,False,1,True,77.0,77.2,68.5,85.8,0.0,-0.2,47.3,51.4,85.8,0.0,0.96,0.0,진입적정,0,197500.0,183500.0,211000.0,237000.0,,1.41,1.11,199038,1.91,[뉴스]식품업계의 2분기 실적은 원,5,3.98,71.3,3.87,TIMING 강점,,RSI 과열,추세 관망,NORMAL,82.2,기타 식품 제조업,11430562500.0,65.3,9.3,1,1,1.23,3.62,6.47,-1.5,-13.76,-10.63,12.32,-1.76,-38.41,0.704,0.189,1,6.6,0,0,1.05,0.81,0,0,0,1,1,176280.0,-0.77,0.0649,False,X,▼,193234,▲,O,X,-0.31,250,0,-1,-1,1,252000.0,enter,100.0,NORMAL+PM_BLOCK_INTRADAY+EF:정상,7.09,5.0,1.0,normal,7.0,v1_sl_first_gap_at_open,NORMAL+PM_BLOCK_INTRADAY+EF:정상,ATR_2x,23,SWING_60D,2,SWING_120D,2,0.0,기타 식품 제조업,-1.063076923076923,-0.3392307692307692,16.0,11.9,0.0,0.03301989150090416,0.02299967613760443,0.4117647058823529,OK,0.0,UNVALIDATED_MODEL,63.76324005275176,63.76324005275176,0.0,6,1,0.5,0.5,0.0,STRUCT+TIMING+SECTOR,default,default,default,70,20260805,20260805, 📢재료: [뉴스]식품업계의 2분기 실적은 원,77.0,77.0,77.0,-12.0,-33.79,FRESH,0.19,elite_low_wr_0.19,True,0.536,False,MATURE,11693.0,ALPHA_WIN_PROB,0.964,,0.964,0.0,상태 WAIT — 신규진입 상태 아님(사이징 제외),0.5091,0.0,0.0,v40_alpha_tilt,,,,,,True,6.8,,ELITE_SCORE,MATURE,11693,2.4.0,OK,,100.0,ATTACK,OK,OK,OK,OK,OK,OK,OK,0,7,True,True,True,,0,GREEN,,,0.0,AVOID,0,RR 0.96,0,0,0,0,,0.0,S=68≥50,100.0,GREEN,,,0,False,0,BELOW_OFFICIAL_BAR,TOP_PICK=0,,20.0,IGNORE,IGNORE,NORMAL,0,0,0,0,0,0,0,0,0,CLEAR,,,0,0,0,0,0.0,,,,,,,,,,DISABLED_LOSS_DEFENSE,,,,,,True,True,True,True,True,True,True,True,0.0,0.0,0.0,0.0,0.0,0.0,0.0,0.0,0.0,1.0,False,False,False,0,True,47.3,1.0,,,0,0,0,,47.3,0,,False,0.0,0.0,False,,False,True,,0,94.0,100.0,0,0,CAUTION,중립/관찰,B,REALISTIC_RR,0,0.35,관찰 후보,현실형 RR · 시장폭 82.2 · 5일 3.6%,80.06,6,20,0,89.1,5,모멘텀확인강(PMS80),-4.0,189600.0,"진입 후 D+1 종가 189,600원(-4%) 이탈 시 익일 조기청산 권고",46.2,"최근 20거래일 유니버스 실측 2일 상승률 46.2% (n=6,245) · 종목별 유의차 미검증",NO_EDGE_VALIDATED,OK,183675.0,217250.0,"손절 183,675(-7%)·본전전환 207,375(+5%)·1차익절 217,250(+10%) · ⚡ D+2내 201,450(+2%) 도달 시 절반 익절+잔여 본전 상향 (실측: 초반 급등 후 되돌림 -0.9%)",0,3.7,0,0,알파 69점 (진입선 85점 미달) · 손익비 0.96,alpha_gate_v32,CASH,0.0,,,0,NEUTRAL,"중립 레짐 — KOSPI 20일선 아래, 시장폭 82% (실측: 본전 구간 → 진입 허용하되 사이즈 50%)",0.5,1,68.7,207375.0,0.3233,1,이 점수 구간의 과거 실측 승률 19% (표본 11693건) · 거래량 밀집가 대비 +1.9% — 가치영역 근접 (실측 승률 40%) · 변동성 응축 5일째 (스퀴즈 — 방향 분출 대기),중립 레짐 — 사이즈 50% 권장 · 손익비 0.96 <1 — 이길 수 없는 구조 · RSI 71 과열 구간,19.0,False,WAIT,1,85.0,1,0,201450.0,,,,,1,1.0,,0,83.9,pctl>0.30,0,,0,1.0
174,126640,화신정공,KOSDAQ,자동차·모빌리티,4450,88.06,1560.0,0.0,0.0,WAIT,OVERHEAT,3,False,0,False,73.8,73.8,84.7,62.8,0.0,0.0,12.9,49.2,84.7,0.0,0.24,1.5,진입적정,0,4385.0,4030.0,4550.0,5270.0,,1.48,1.4,4671,-9.36,특이사항 없음,5,8.3,56.8,13.36,STRUCT 강점,,5일 급등,"과열(급등·MFI·RSI) — 실측 역신호, 관망",NORMAL,82.2,자동차 신품 부품 제조업,8806050309.0,64.8,25.06,1,0,6.71,16.49,13.81,21.42,171.01,197.66,25.23,204.8,225.52,0.465,0.35,0,12.0,1,0,0.9,0.92,0,0,0,1,-1,4718.0,-4.75,0.3927,False,O,▲,4020,▲,O,X,1.68,250,0,1,1,1,7880.0,enter,100.0,NORMAL+PM_BLOCK_INTRADAY+EF:정상,8.1,6.0,0.5,normal,7.0,v1_sl_first_gap_at_open,NORMAL+PM_BLOCK_INTRADAY+EF:정상,SWING_20D,46,ATR_2x,23,SWING_60D,2,0.0,자동차 신품 부품 제조업,17.37090909090909,13.840909090909092,7.0,35.9,0.0,0.09903691813804173,0.020458622564618806,0.2631578947368421,OK,0.0,UNVALIDATED_MODEL,65.47823859824956,65.47823859824956,0.0,8,1,0.5,0.5,0.0,STRUCT+TIMING+SECTOR,default,default,default,70,20260805,20260805,,73.8,73.8,73.8,-12.0,-33.79,FRESH,0.291,elite_low_wr_0.29,True,0.51,False,MATURE,11693.0,ALPHA_WIN_PROB,0.465,,0.465,0.0,상태 OVERHEAT — 신규진입 상태 아님(사이징 제외),0.6827,0.0,0.0,v40_alpha_tilt,,,,,,True,2.2,,ELITE_SCORE,MATURE,11693,2.4.0,OK,,100.0,ATTACK,OK,OK,OK,OK,OK,OK,OK,0,7,True,True,True,,0,GREEN,,,0.0,AVOID,0,RR 0.24,0,0,0,0,,0.0,T=63<70 · S=85≥50,100.0,GREEN,,,0,False,0,BELOW_OFFICIAL_BAR,TOP_PICK=0,,13.0,IGNORE,IGNORE,NORMAL,0,0,0,0,0,0,0,0,0,CLEAR,,,0,0,0,0,0.0,,,,,,,,,,DISABLED_LOSS_DEFENSE,,,,,,True,True,True,True,True,True,True,True,0.0,0.0,0.0,0.0,0.0,0.0,0.0,0.0,0.0,1.0,False,False,False,2,True,12.9,1.0,,,0,0,0,,12.9,0,,False,0.0,0.0,False,,False,True,,0,82.0,66.0,0,0,CAUTION,5일 상승 16.5% > 5%,C,WATCH,0,0.2,관찰,시장폭 82.2 · 5일 16.5%,73.17,6,38,0,63.21,100,모멘텀확인중(PMS73),-4.0,4210.0,"진입 후 D+1 종가 4,210원(-4%) 이탈 시 익일 조기청산 권고",46.2,"최근 20거래일 유니버스 실측 2일 상승률 46.2% (n=6,245) · 종목별 유의차 미검증",NO_EDGE_VALIDATED,OK,4078.0,4824.0,"손절 4,078(-7%)·본전전환 4,604(+5%)·1차익절 4,824(+10%) · ⚡ D+2내 4,473(+2%) 도달 시 절반 익절+잔여 본전 상향 (실측: 초반 급등 후 되돌림 -0.9%)",0,3.4,0,0,알파 31점 (진입선 85점 미달) · 손익비 0.24,alpha_gate_v32,CASH,0.0,,,0,NEUTRAL,"중립 레짐 — KOSPI 20일선 아래, 시장폭 82% (실측: 본전 구간 → 진입 허용하되 사이즈 50%)",0.5,1,31.3,4604.0,0.2433,1,이 점수 구간의 과거 실측 승률 29% (표본 11693건) · 거래량 밀집가 대비 -9.4% — 가치영역 근접 (실측 표본 적음) · 변동성 응축 5일째 (스퀴즈 — 방향 분출 대기) · 저점 상승 추세 8% (바닥이 높아지는 중),중립 레짐 — 사이즈 50% 권장 · 손익비 0.24 <1 — 이길 수 없는 구조,29.1,False,WAIT,1,85.0,1,0,4473.0,,,,,1,1.0,,0,90.1,pctl>0.30,0,,0,1.0
175,009420,한올바이오파마,KOSPI,바이오·의약품,53100,127.62,27739.8,0.0,0.0,OVERHEAT,OVERHEAT,5,False,1,False,32.6,32.6,24.5,40.7,0.0,0.0,23.1,21.7,40.7,49.1,1.81,0.0,RR1.8 + 진입적정,0,53100.0,48850.0,60800.0,73000.0,,1.87,0.66,55821,-5.07,특이사항 없음,0,-17.6,48.1,6.85,,,5일 급등,"과열(급등·MFI·RSI) — 실측 역신호, 관망",NORMAL,82.2,의약품 제조업,12762407400.0,47.4,42.38,0,0,2.12,27.34,10.62,-11.35,20.54,3.11,2.47,32.54,-24.67,0.582,0.404,0,12.0,0,0,1.59,0.66,0,0,0,1,1,40217.5,-4.87,0.9322,False,O,▼,43881,▲,O,X,-0.77,250,0,-1,-1,1,,enter,100.0,NORMAL+PM_BLOCK_INTRADAY+EF:정상,8.0,5.0,1.8,normal,7.0,v1_sl_first_gap_at_open,NORMAL+PM_BLOCK_INTRADAY+EF:정상,SWING_20D,23,SWING_60D,5,,0,0.0,의약품 제조업,18.360833333333336,7.888333333333333,12.0,38.9,0.0,0.07677562550443906,-0.0578350373088406,0.5714285714285714,OK,0.0,UNVALIDATED_MODEL,50.1072035756194,50.1072035756194,0.0,6,1,0.5,0.5,0.0,STRUCT+TIMING+SECTOR,default,default,default,70,20260805,20260805,,32.6,32.6,32.6,-12.0,-33.79,FRESH,0.291,,False,0.3,True,MATURE,11693.0,ALPHA_WIN_PROB,1.812,,1.81,0.0,상태 OVERHEAT — 신규진입 상태 아님(사이징 제외),0.3559,0.0,0.0,v40_alpha_tilt,,,,,,True,14.5,,ELITE_SCORE,MATURE,11693,2.4.0,OK,,100.0,ATTACK,OK,OK,OK,OK,OK,OK,OK,0,7,True,True,True,,0,GREEN,,,0.0,AVOID,0,5일 +27% · 7월 손실방어 차단 · 수익회복 패치 차단,0,1,0,0,,0.0,T=41<70,100.0,GREEN,,,0,False,0,BELOW_OFFICIAL_BAR,TOP_PICK=0,,15.0,IGNORE,IGNORE,NORMAL,0,0,0,0,0,0,0,0,0,CLEAR,,,0,0,0,0,0.0,,,,,,,,,,DISABLED_LOSS_DEFENSE,,,,,,True,False,True,True,True,True,False,True,0.0,0.0,0.0,0.0,0.0,0.0,15.0,0.0,15.0,0.5,False,False,False,1,False,0.0,0.0,G2RR×0.5 · G7윗꼬리약세-15,,0,0,0,,0.0,0,과열이나 GUARD 미통과 — 레인 제외,False,0.0,0.0,True,JULY_PROFIT_DEFENSE: 5일 과열 27.3% | PROFIT_RECOVERY: 기존 guard/JULY 차단 · 시장폭 82.2 · 5일 27.3%,False,True,,0,66.0,38.0,0,1,BLOCK,5일 과열 27.3%,BLOCK,GUARD_BLOCK,1,0.0,신규진입 차단,기존 guard/JULY 차단 · 시장폭 82.2 · 5일 27.3%,46.52,6,194,0,60.57,114,,-4.0,50976.0,"진입 후 D+1 종가 50,976원(-4%) 이탈 시 익일 조기청산 권고",46.2,"최근 20거래일 유니버스 실측 2일 상승률 46.2% (n=6,245) · 종목별 유의차 미검증",NO_EDGE_VALIDATED,CAUTION,49383.0,58410.0,"⚠️ 과열/추격 주의 · 손절 49,383(-7%)·본전전환 55,755(+5%)·1차익절 58,410(+10%) · ⚡ D+2내 54,162(+2%) 도달 시 절반 익절+잔여 본전 상향 (실측: 초반 급등 후 되돌림 -0.9%)",0,3.3,0,0,알파 46점 (진입선 85점 미달) · 손실방어 차단,alpha_gate_v32,CASH,0.0,,,0,NEUTRAL,"중립 레짐 — KOSPI 20일선 아래, 시장폭 82% (실측: 본전 구간 → 진입 허용하되 사이즈 50%)",0.5,1,45.8,55755.0,0.2713,1,이 점수 구간의 과거 실측 승률 29% (표본 11693건) · 거래량 밀집가 대비 -5.1% — 가치영역 근접 (실측 표본 적음) · 손익비 1.8 (손절 -8.0% / 1차목표 +14.5%),중립 레짐 — 사이즈 50% 권장,29.1,True,OVERHEAT,1,85.0,1,0,54162.0,,,,,0,1.0,,0,24.1,pctl>0.30,0,,0,1.0
176,375500,DL이앤씨,KOSPI,건설·부동산,70900,322.55,27433.8,0.0,0.0,OVERHEAT,OVERHEAT,5,False,0,False,66.8,66.8,44.6,88.9,0.0,0.0,12.8,44.5,88.9,0.0,0.01,10.8,,0,64000.0,58800.0,71000.0,74000.0,,3.31,1.34,72670,-28.39,특이사항 없음,0,-13.66,59.8,16.35,TIMING 강점,,5일 급등,"과열(급등·MFI·RSI) — 실측 역신호, 관망",NORMAL,82.2,토목 건설업,32255474650.0,68.9,27.16,0,0,7.42,35.31,15.47,9.75,-25.68,54.97,23.57,-13.68,27.19,0.574,0.168,0,12.0,1,0,0.91,1.0,0,0,0,1,1,51335.0,-2.44,0.5861,False,X,▲,60233,▲,O,X,2.58,250,0,1,1,1,99100.0,enter,100.0,NORMAL+PM_BLOCK_INTRADAY+EF:정상,8.13,5.0,1.3,normal,7.0,v1_sl_first_gap_at_open,NORMAL+PM_BLOCK_INTRADAY+EF:정상,SWING_20D,46,ATR_2x,23,VP_RESISTANCE,2,0.0,토목 건설업,31.53,22.859,2.0,56.0,0.0,0.07047148901873866,0.02707809875377882,0.0196078431372549,OK,0.0,UNVALIDATED_MODEL,81.83686046537026,81.83686046537026,0.0,4,1,0.5,0.5,0.0,STRUCT+TIMING+SECTOR,default,default,default,70,20260805,20260805,,66.8,66.8,66.8,-12.0,-33.79,FRESH,0.291,,False,0.454,False,MATURE,11693.0,ALPHA_WIN_PROB,1.346,,1.346,0.0,상태 OVERHEAT — 신규진입 상태 아님(사이징 제외),0.4262,0.0,0.0,v40_alpha_tilt,,,,,,True,0.1,,ELITE_SCORE,MATURE,11693,2.4.0,OK,,100.0,ATTACK,OK,OK,OK,OK,OK,OK,OK,0,7,True,True,True,,0,GREEN,,,0.0,AVOID,0,진입괴리 10.8% · RR 0.01 · 5일 +35%,0,1,0,0,,0.0,이격도16>15,100.0,GREEN,,,0,False,0,BELOW_OFFICIAL_BAR,TOP_PICK=0,,13.0,IGNORE,IGNORE,NORMAL,0,0,0,0,0,0,0,0,0,CLEAR,,,0,0,0,0,0.0,,,,,,,,,,DISABLED_LOSS_DEFENSE,,,,,,True,True,True,True,True,True,True,True,0.0,0.0,0.0,0.0,0.0,0.0,0.0,0.0,0.0,1.0,False,False,False,1,True,12.8,1.0,,,0,0,1,B,12.8,0,"모멘텀 관찰 (과열·가드통과, 상위5 밖 — 매수 아님)",False,0.0,0.0,False,,False,True,,0,62.0,36.0,0,1,BLOCK,5일 과열 35.3%,BLOCK,GUARD_BLOCK,1,0.0,신규진입 차단,기존 guard/JULY 차단 · 시장폭 82.2 · 5일 35.3%,82.38,6,16,0,67.58,72,모멘텀확인강(PMS82),-4.0,61440.0,"진입 후 D+1 종가 61,440원(-4%) 이탈 시 익일 조기청산 권고",46.2,"최근 20거래일 유니버스 실측 2일 상승률 46.2% (n=6,245) · 종목별 유의차 미검증",NO_EDGE_VALIDATED,CAUTION,59520.0,70400.0,"⚠️ 과열/추격 주의 · 손절 59,520(-7%)·본전전환 67,200(+5%)·1차익절 70,400(+10%) · ⚡ D+2내 65,280(+2%) 도달 시 절반 익절+잔여 본전 상향 (실측: 초반 급등 후 되돌림 -0.9%)",0,2.7,0,0,알파 45점 (진입선 85점 미달) · 손익비 0.01 · 손실방어 차단,alpha_gate_v32,CASH,0.0,,,0,NEUTRAL,"중립 레짐 — KOSPI 20일선 아래, 시장폭 82% (실측: 본전 구간 → 진입 허용하되 사이즈 50%)",0.5,1,45.2,67200.0,0.2713,1,이 점수 구간의 과거 실측 승률 29% (표본 11693건) · 거래량 밀집가 대비 -28.4% — 가치영역 근접 (실측 표본 적음),중립 레짐 — 사이즈 50% 권장 · 손익비 0.01 <1 — 이길 수 없는 구조 · 추천가 대비 10.8% 이탈 — 추격 주의,29.1,False,OVERHEAT,1,85.0,1,0,65280.0,,,,,1,1.0,,0,35.9,pctl>0.30,0,,0,1.0
177,058610,에스피지,KOSDAQ,인프라·에너지,108900,669.55,24151.1,0.0,0.0,OVERHEAT,OVERHEAT,5,False,0,False,76.3,76.3,68.4,84.2,0.0,0.0,14.0,50.9,84.2,0.0,0.18,31.8,,0,82600.0,75900.0,115000.0,137100.0,🚀급등시동,1.64,0.82,100395,-20.51,특이사항 없음,0,9.02,68.7,38.46,TIMING 강점,,5일 급등,"과열(급등·MFI·RSI) — 실측 역신호, 관망",NORMAL,82.2,"전동기, 발전기 및 전기 변환 · 공급 · 제어 장치 제조업",66954974800.0,89.7,76.74,0,0,0.09,33.13,31.84,52.09,-19.51,-26.72,55.9,14.28,1.14,0.583,0.173,0,12.0,1,0,2.4,0.89,0,0,0,1,1,67290.0,8.47,0.8108,False,O,▼,97741,▲,O,X,-2.57,250,0,-1,-1,1,152400.0,enter,100.0,NORMAL+PM_BLOCK_INTRADAY+EF:정상,8.11,5.0,4.8,normal,7.0,v1_sl_first_gap_at_open,NORMAL+PM_BLOCK_INTRADAY+EF:정상,SWING_20D,12,VP_RESISTANCE,5,SWING_60D,2,0.0,"전동기, 발전기 및 전기 변환 · 공급 · 제어 장치 제조업",44.778888888888886,19.637777777777778,1.0,68.1,0.0,0.11019283746556474,0.059425915740606614,0.0945945945945946,OK,0.0,UNVALIDATED_MODEL,77.59460958240615,77.59460958240615,0.0,6,1,0.5,0.5,0.0,STRUCT+TIMING+SECTOR,default,default,default,70,20260805,20260805,,76.3,76.3,76.3,-12.0,-33.79,FRESH,0.291,,False,0.53,False,MATURE,11693.0,ALPHA_WIN_PROB,4.836,,1.81,0.0,상태 OVERHEAT — 신규진입 상태 아님(사이징 제외),0.3559,0.0,0.0,v40_alpha_tilt,,,,,,True,5.6,,ELITE_SCORE,MATURE,11693,2.4.0,OK,,100.0,ATTACK,OK,OK,OK,OK,OK,OK,OK,0,7,True,True,True,,0,GREEN,,,0.0,AVOID,0,진입괴리 31.8% · RR 0.18 · 5일 +33%,0,1,0,0,,0.0,S=68≥50 · 이격도38>15,100.0,GREEN,,,0,False,0,BELOW_OFFICIAL_BAR,TOP_PICK=0,,20.0,IGNORE,IGNORE,NORMAL,0,0,0,0,0,0,0,0,0,CLEAR,,,0,0,0,0,0.0,,,,,,,,,,DISABLED_LOSS_DEFENSE,,,,,,True,True,True,True,True,True,True,True,0.0,0.0,0.0,0.0,0.0,0.0,0.0,0.0,0.0,1.0,False,False,False,1,True,14.0,1.0,,,0,0,1,B,14.0,0,"모멘텀 관찰 (과열·가드통과, 상위5 밖 — 매수 아님)",False,0.0,0.0,False,,False,True,,0,76.0,54.0,0,1,BLOCK,5일 과열 33.1%,BLOCK,GUARD_BLOCK,1,0.0,신규진입 차단,기존 guard/JULY 차단 · 시장폭 82.2 · 5일 33.1%,84.0,6,14,0,70.72,53,모멘텀확인강(PMS84),-4.0,79296.0,"진입 후 D+1 종가 79,296원(-4%) 이탈 시 익일 조기청산 권고",46.2,"최근 20거래일 유니버스 실측 2일 상승률 46.2% (n=6,245) · 종목별 유의차 미검증",NO_EDGE_VALIDATED,CAUTION,76818.0,90860.0,"⚠️ 과열/추격 주의 · 손절 76,818(-7%)·본전전환 86,730(+5%)·1차익절 90,860(+10%) · ⚡ D+2내 84,252(+2%) 도달 시 절반 익절+잔여 본전 상향 (실측: 초반 급등 후 되돌림 -0.9%)",0,2.6,0,0,알파 38점 (진입선 85점 미달) · 손익비 0.18 · 손실방어 차단,alpha_gate_v32,CASH,0.0,,,0,NEUTRAL,"중립 레짐 — KOSPI 20일선 아래, 시장폭 82% (실측: 본전 구간 → 진입 허용하되 사이즈 50%)",0.5,1,38.4,86730.0,0.2433,1,이 점수 구간의 과거 실측 승률 29% (표본 11693건) · 거래량 밀집가 대비 -20.5% — 가치영역 근접 (실측 표본 적음) · 저점 상승 추세 9% (바닥이 높아지는 중),중립 레짐 — 사이즈 50% 권장 · 손익비 0.18 <1 — 이길 수 없는 구조 · 추천가 대비 31.8% 이탈 — 추격 주의,29.1,False,OVERHEAT,1,85.0,1,0,84252.0,,,,,1,1.0,,0,90.7,pctl>0.30,0,,0,1.0
178,319400,현대무벡스,KOSDAQ,조선·기계·설비,24450,490.04,27231.4,0.0,0.0,WAIT,WAIT,3,False,0,True,65.0,65.0,74.3,55.7,0.0,0.0,11.6,43.3,74.3,7.1,0.22,1.5,진입적정,0,24100.0,22150.0,24950.0,29700.0,🚀급등시동,0.73,0.9,33361,-20.39,특이사항 없음,0,7.68,56.3,14.69,STRUCT 강점,,,추세 관망,NORMAL,82.2,일반 목적용 기계 제조업,49003990525.0,81.8,33.09,0,0,3.16,4.26,23.92,7.71,-35.57,-26.47,11.52,-1.78,1.39,0.821,0.106,0,12.0,1,0,2.01,0.93,0,0,0,1,-1,24707.0,-26.71,0.3898,False,X,▼,22540,▲,O,X,1.27,249,0,-1,-1,1,30750.0,enter,100.0,NORMAL+PM_BLOCK_INTRADAY+EF:정상,8.09,5.0,0.4,normal,7.0,v1_sl_first_gap_at_open,NORMAL+PM_BLOCK_INTRADAY+EF:정상,SWING_20D,46,ATR_2x,23,VP_RESISTANCE,23,0.0,일반 목적용 기계 제조업,27.58121951219512,8.227560975609755,6.0,82.1,0.0,0.1135845749342682,0.014239210692196377,0.2702702702702703,OK,0.0,UNVALIDATED_MODEL,60.04354689309023,60.04354689309023,0.0,8,1,0.5,0.5,0.0,STRUCT+TIMING+SECTOR,default,default,default,70,20260805,20260805,,65.0,65.0,65.0,-12.0,-33.79,FRESH,0.291,elite_low_wr_0.29,True,0.44,True,MATURE,11693.0,ALPHA_WIN_PROB,0.436,,0.436,0.0,상태 WAIT — 신규진입 상태 아님(사이징 제외),0.6964,0.0,0.0,v40_alpha_tilt,,,,,,True,2.0,,ELITE_SCORE,MATURE,11693,2.4.0,OK,,100.0,ATTACK,OK,OK,OK,OK,OK,OK,OK,0,7,True,True,True,,0,GREEN,,,0.0,AVOID,0,RR 0.22,0,0,0,0,,0.0,T=56<70 · S=74≥50,100.0,GREEN,,,0,False,0,BELOW_OFFICIAL_BAR,TOP_PICK=0,,13.0,IGNORE,IGNORE,NORMAL,0,0,0,0,0,0,0,0,0,CLEAR,,,0,0,0,0,0.0,,,,,,,,,,DISABLED_LOSS_DEFENSE,,,,,,True,True,True,True,True,True,True,True,0.0,0.0,0.0,0.0,0.0,0.0,0.0,0.0,0.0,1.0,False,False,False,2,True,11.6,1.0,,,0,0,0,,11.6,0,,False,0.0,0.0,False,,False,True,,0,100.0,92.0,0,0,CAUTION,중립/관찰,C,WATCH,0,0.2,관찰,시장폭 82.2 · 5일 4.3%,64.42,6,70,0,56.28,139,모멘텀확인중(PMS64),-4.0,23136.0,"진입 후 D+1 종가 23,136원(-4%) 이탈 시 익일 조기청산 권고",46.2,"최근 20거래일 유니버스 실측 2일 상승률 46.2% (n=6,245) · 종목별 유의차 미검증",NO_EDGE_VALIDATED,OK,22413.0,26510.0,"손절 22,413(-7%)·본전전환 25,305(+5%)·1차익절 26,510(+10%) · ⚡ D+2내 24,582(+2%) 도달 시 절반 익절+잔여 본전 상향 (실측: 초반 급등 후 되돌림 -0.9%)",0,2.5,0,0,알파 66점 (진입선 85점 미달) · 손익비 0.22,alpha_gate_v32,CASH,0.0,,,0,NEUTRAL,"중립 레짐 — KOSPI 20일선 아래, 시장폭 82% (실측: 본전 구간 → 진입 허용하되 사이즈 50%)",0.5,1,66.3,25305.0,0.3233,1,이 점수 구간의 과거 실측 승률 29% (표본 11693건) · 거래량 밀집가 대비 -20.4% — 가치영역 근접 (실측 표본 적음) · 저점 상승 추세 8% (바닥이 높아지는 중),중립 레짐 — 사이즈 50% 권장 · 손익비 0.22 <1 — 이길 수 없는 구조,29.1,False,WAIT,1,85.0,1,0,24582.0,,,,,1,1.0,,0,89.8,pctl>0.30,0,,0,1.0
179,090360,로보스타,KOSDAQ,조선·기계·설비,76800,176.62,7488.0,0.0,0.0,OVERHEAT,OVERHEAT,5,False,0,False,65.2,65.2,48.0,82.3,0.0,0.0,12.3,43.4,82.3,0.0,0.12,14.8,,0,66900.0,61500.0,78700.0,83500.0,,1.82,1.55,107592,-16.76,특이사항 없음,0,-8.07,57.1,20.48,TIMING 강점,,5일 급등,"과열(급등·MFI·RSI) — 실측 역신호, 관망",NORMAL,82.2,특수 목적용 기계 제조업,17662457350.0,67.6,38.51,0,0,10.03,39.64,16.01,6.67,8.63,-5.54,10.48,42.42,22.32,0.684,0.148,0,12.0,1,0,5.36,0.93,0,0,0,1,-1,76870.0,-28.62,0.9255,False,X,▲,61884,▲,O,X,2.72,250,0,1,-1,1,92300.0,split,50.0,NORMAL+PM_BLOCK_INTRADAY+EF:당일 10%+ 급등 분할 진입+ENTRY:split,8.07,5.0,2.2,normal,7.0,v1_sl_first_gap_at_open,NORMAL+PM_BLOCK_INTRADAY+EF:당일 10%+ 급등 분할 진입+ENTRY:split,SWING_20D,46,ATR_2x,23,VP_RESISTANCE,12,0.0,특수 목적용 기계 제조업,27.58121951219512,8.227560975609755,6.0,26.7,0.0,0.10779389880952382,0.004130765224190552,0.1450381679389313,OK,0.0,UNVALIDATED_MODEL,84.0,84.0,0.0,6,1,0.5,0.5,0.0,STRUCT+TIMING+SECTOR,default,default,default,70,20260805,20260805,,65.2,65.2,65.2,-12.0,-33.79,FRESH,0.291,,False,0.442,True,MATURE,11693.0,ALPHA_WIN_PROB,2.185,,1.81,0.0,상태 OVERHEAT — 신규진입 상태 아님(사이징 제외),0.3559,0.0,0.0,v40_alpha_tilt,,,,,,True,2.5,,ELITE_SCORE,MATURE,11693,2.4.0,OK,,100.0,ATTACK,OK,OK,OK,OK,OK,OK,OK,0,7,True,True,True,,0,GREEN,,,0.0,AVOID,0,진입괴리 14.8% · RR 0.12 · 5일 +40%,0,1,0,0,,0.0,이격도20>15,100.0,GREEN,,,0,False,0,BELOW_OFFICIAL_BAR,TOP_PICK=0,,13.0,IGNORE,IGNORE,NORMAL,0,0,0,0,0,0,0,0,0,CLEAR,,,0,0,0,0,0.0,,,,,,,,,,DISABLED_LOSS_DEFENSE,,,,,,True,True,True,True,True,True,True,True,0.0,0.0,0.0,0.0,0.0,0.0,0.0,0.0,0.0,1.0,False,False,False,2,True,12.3,1.0,,,0,0,1,B,12.3,0,"모멘텀 관찰 (과열·가드통과, 상위5 밖 — 매수 아님)",False,0.0,0.0,False,,False,True,,0,70.0,42.0,0,1,BLOCK,5일 과열 39.6%,BLOCK,GUARD_BLOCK,1,0.0,신규진입 차단,기존 guard/JULY 차단 · 시장폭 82.2 · 5일 39.6%,69.45,6,51,0,60.27,116,모멘텀확인중(PMS69),-4.0,64224.0,"진입 후 D+1 종가 64,224원(-4%) 이탈 시 익일 조기청산 권고",46.2,"최근 20거래일 유니버스 실측 2일 상승률 46.2% (n=6,245) · 종목별 유의차 미검증",NO_EDGE_VALIDATED,CAUTION,62217.0,73590.0,"⚠️ 과열/추격 주의 · 손절 62,217(-7%)·본전전환 70,245(+5%)·1차익절 73,590(+10%) · ⚡ D+2내 68,238(+2%) 도달 시 절반 익절+잔여 본전 상향 (실측: 초반 급등 후 되돌림 -0.9%)",0,2.5,0,0,알파 17점 (진입선 85점 미달) · 손익비 0.12 · 손실방어 차단,alpha_gate_v32,CASH,0.0,,,0,NEUTRAL,"중립 레짐 — KOSPI 20일선 아래, 시장폭 82% (실측: 본전 구간 → 진입 허용하되 사이즈 50%)",0.5,1,16.7,70245.0,0.2489,1,이 점수 구간의 과거 실측 승률 29% (표본 11693건) · 거래량 밀집가 대비 -16.8% — 가치영역 근접 (실측 표본 적음),중립 레짐 — 사이즈 50% 권장 · 손익비 0.12 <1 — 이길 수 없는 구조 · 추천가 대비 14.8% 이탈 — 추격 주의 · AI 알파모델 예측 하위 17% — 이 구간 실측 승률 25% — 픽 제외 구간,29.1,False,OVERHEAT,1,85.0,1,0,68238.0,,,,,1,1.0,,0,50.5,pctl>0.30,0,,0,1.0
180,373220,LG에너지솔루션,KOSPI,2차전지,335500,960.04,785070.0,0.0,0.0,WAIT,ARMED,3,True,1,False,42.6,42.6,28.7,56.5,0.0,0.0,8.8,28.4,56.5,29.4,0.54,0.0,진입적정,0,335500.0,308500.0,350000.0,376000.0,,0.81,0.89,388942,-16.39,특이사항 없음,3,-6.14,50.2,3.5,,,저점 이탈,알파 상위권 + 코일(스퀴즈/추세) — 진입 임박,NORMAL,82.2,일차전지 및 이차전지 제조업,96003973250.0,59.4,13.03,1,0,2.13,11.65,4.52,1.05,-29.59,-15.06,14.87,-17.59,-42.84,0.929,0.169,0,12.0,1,0,1.3,0.76,11743,336,12079,1,-1,365050.0,-13.74,0.1522,False,X,▼,321212,▲,O,X,2.28,250,0,-1,-1,1,401500.0,enter,100.0,NORMAL+PM_BLOCK_INTRADAY+EF:정상,8.05,4.0,0.5,normal,7.0,v1_sl_first_gap_at_open,NORMAL+PM_BLOCK_INTRADAY+EF:정상,SWING_20D,46,ATR_2x,23,VP_RESISTANCE,12,0.0,일차전지 및 이차전지 제조업,25.9875,11.055,5.0,25.7,0.0,0.05993187140728125,0.013644698719147433,0.5,OK,0.0,UNVALIDATED_MODEL,51.76577903469191,51.76577903469191,0.0,8,1,0.5,0.5,0.0,STRUCT+TIMING+SECTOR,default,default,default,70,20260805,20260805,,42.6,42.6,42.6,-12.0,-33.79,FRESH,0.291,,False,0.3,True,MATURE,11693.0,ALPHA_WIN_PROB,0.537,,0.537,0.0,실측 승률 39% < 필요 승률 65% (손익비 0.54) — 켈리 기준 미달,0.6506,0.0,0.0,v40_alpha_tilt,,,,,,True,4.3,,ELITE_SCORE,MATURE,11693,2.4.0,OK,,100.0,ATTACK,OK,OK,OK,OK,OK,OK,OK,0,7,True,True,True,,0,GREEN,,,0.0,AVOID,0,RR 0.54,0,0,0,0,,0.0,T=56<70,100.0,GREEN,,,0,False,0,BELOW_OFFICIAL_BAR,TOP_PICK=0,,5.0,IGNORE,IGNORE,NORMAL,0,0,0,0,0,0,0,0,0,CLEAR,,,0,0,0,0,0.0,,,,,,,,,,DISABLED_LOSS_DEFENSE,,,,,,True,False,True,True,True,True,True,True,0.0,0.0,0.0,0.0,0.0,0.0,0.0,0.0,0.0,0.5,False,False,False,2,False,4.4,0.5,G2RR×0.5,,0,0,0,,4.4,0,,False,0.0,0.0,False,,False,True,,0,78.0,72.0,0,0,CAUTION,5일 상승 11.7% > 5%,C,WATCH,0,0.2,관찰,시장폭 82.2 · 5일 11.7%,64.53,6,67,0,49.76,178,모멘텀확인중(PMS65),-4.0,322080.0,"진입 후 D+1 종가 322,080원(-4%) 이탈 시 익일 조기청산 권고",46.2,"최근 20거래일 유니버스 실측 2일 상승률 46.2% (n=6,245) · 종목별 유의차 미검증",NO_EDGE_VALIDATED,OK,312015.0,369050.0,"손절 312,015(-7%)·본전전환 352,275(+5%)·1차익절 369,050(+10%) · ⚡ D+2내 342,210(+2%) 도달 시 절반 익절+잔여 본전 상향 (실측: 초반 급등 후 되돌림 -0.9%)",0,2.3,0,0,진입 조건 미달 · 손익비 0.54,alpha_gate_v32,CASH,0.0,,,0,NEUTRAL,"중립 레짐 — KOSPI 20일선 아래, 시장폭 82% (실측: 본전 구간 → 진입 허용하되 사이즈 50%)",0.5,1,93.2,352275.0,0.3888,1,이 점수 구간의 과거 실측 승률 29% (표본 11693건) · 거래량 밀집가 대비 -16.4% — 가치영역 근접 (실측 표본 적음) · 변동성 응축 3일째 (스퀴즈 — 방향 분출 대기) · AI 알파모델 예측 상위 7% (OOS 검증 통과 모델 — 이 구간 실측 승률 39%),중립 레짐 — 사이즈 50% 권장 · 손익비 0.54 <1 — 이길 수 없는 구조,29.1,False,WAIT,1,85.0,1,0,342210.0,,,,,1,1.0,,0,55.6,pctl>0.30,0,,0,1.0
181,417840,저스템,KOSDAQ,조선·기계·설비,10130,85.44,2316.7,0.0,0.0,OVERHEAT,OVERHEAT,5,False,1,False,21.8,21.8,13.5,30.2,0.0,0.0,16.3,14.6,30.2,62.2,4.61,0.7,RR4.6 + 진입적정,0,10200.0,9380.0,13590.0,22250.0,,1.22,0.95,14849,46.7,특이사항 없음,0,-26.95,36.9,-2.75,,,5일 급등,"과열(급등·MFI·RSI) — 실측 역신호, 관망",NORMAL,82.2,특수 목적용 기계 제조업,8544310505.0,44.8,63.71,0,0,8.0,33.64,-10.2,-2.31,-29.16,54.89,1.5,4.63,82.75,0.509,0.133,1,12.0,1,0,1.27,0.47,0,0,0,0,-1,11529.0,-31.78,0.9753,False,X,▲,8068,▲,O,X,9.49,250,0,1,1,1,,split,50.0,NORMAL+PM_BLOCK_INTRADAY+EF:갭 7%+ 분할 진입+ENTRY:split,8.04,6.0,4.1,normal,7.0,v1_sl_first_gap_at_open,NORMAL+PM_BLOCK_INTRADAY+EF:갭 7%+ 분할 진입+ENTRY:split,SWING_20D,12,SWING_60D,2,,0,0.0,특수 목적용 기계 제조업,27.58121951219512,8.227560975609755,6.0,89.7,0.0,0.1257227471442674,-0.006537062770668805,0.0,OK,0.0,UNVALIDATED_MODEL,32.53856329297142,32.53856329297142,0.0,4,1,0.5,0.5,0.0,STRUCT+TIMING+SECTOR,default,default,default,70,20260805,20260805,,21.8,21.8,21.8,-12.0,-33.79,FRESH,0.291,,False,0.3,True,MATURE,11693.0,ALPHA_WIN_PROB,4.134,,1.81,0.0,상태 OVERHEAT — 신규진입 상태 아님(사이징 제외),0.3559,0.0,0.0,v40_alpha_tilt,,,,,,True,34.2,,ELITE_SCORE,MATURE,11693,2.4.0,OK,,100.0,ATTACK,OK,OK,OK,OK,OK,OK,OK,0,7,True,True,True,,0,GREEN,,,0.0,AVOID,0,5일 +34% · POC 47↑ · 7월 손실방어 차단 · 수익회복 패치 차단,0,1,0,0,,0.0,T=30<70,100.0,GREEN,,,0,False,0,BELOW_OFFICIAL_BAR,TOP_PICK=0,,15.0,IGNORE,IGNORE,NORMAL,0,0,0,0,0,0,0,0,0,CLEAR,,,0,0,0,0,0.0,,,,,,,,,,DISABLED_LOSS_DEFENSE,,,,,,True,False,True,True,True,True,True,True,0.0,0.0,0.0,0.0,0.0,0.0,0.0,0.0,0.0,0.5,False,False,False,2,False,8.2,0.5,G2RR×0.5,,0,0,0,,8.2,0,과열이나 GUARD 미통과 — 레인 제외,False,0.0,0.0,True,JULY_PROFIT_DEFENSE: 5일 과열 33.6% | PROFIT_RECOVERY: 단기상승+VWAP/POC 추격충돌 · 기존 guard/JULY 차단 · 시장폭 82.2 · 5일 33.6%,False,True,,0,56.0,2.0,0,1,BLOCK,5일 과열 33.6%,BLOCK,GUARD_BLOCK,1,0.0,신규진입 차단,단기상승+VWAP/POC 추격충돌 · 기존 guard/JULY 차단 · 시장폭 82.2 · 5일 33.6%,31.86,6,261,0,47.74,189,,-4.0,9792.0,"진입 후 D+1 종가 9,792원(-4%) 이탈 시 익일 조기청산 권고",46.2,"최근 20거래일 유니버스 실측 2일 상승률 46.2% (n=6,245) · 종목별 유의차 미검증",NO_EDGE_VALIDATED,CAUTION,9486.0,11220.0,"⚠️ 과열/추격 주의 · 손절 9,486(-7%)·본전전환 10,710(+5%)·1차익절 11,220(+10%) · ⚡ D+2내 10,404(+2%) 도달 시 절반 익절+잔여 본전 상향 (실측: 초반 급등 후 되돌림 -0.9%)",0,2.2,0,0,알파 5점 (진입선 85점 미달) · 손실방어 차단 · POC 확장 47% (추격 위험),alpha_gate_v32,CASH,0.0,,,1,NEUTRAL,"중립 레짐 — KOSPI 20일선 아래, 시장폭 82% (실측: 본전 구간 → 진입 허용하되 사이즈 50%)",0.5,1,4.6,10710.0,0.2386,1,이 점수 구간의 과거 실측 승률 29% (표본 11693건) · 손익비 4.6 (손절 -7.4% / 1차목표 +34.2%),중립 레짐 — 사이즈 50% 권장 · 거래량 밀집가 대비 +46.7% 확장 (실측 승률 12~23% — 추격 위험) · AI 알파모델 예측 하위 5% — 이 구간 실측 승률 24% — 픽 제외 구간,29.1,False,OVERHEAT,1,85.0,1,0,10404.0,,,,,0,1.0,,0,7.7,pctl>0.30,1,"⛔ 위험구간 — 알파 하위10% + 저점추세 하위30% (실측 5일 -2.88%·승률 21.5%, 20일 승률 10.8%) · 보유 중이면 정리 검토",0,1.0
182,052710,아모텍,KOSDAQ,IT/전기전자,13780,50.23,2013.6,0.0,0.0,OVERHEAT,OVERHEAT,5,False,0,False,22.2,22.2,5.6,38.7,0.0,0.0,17.2,14.8,38.7,51.6,4.71,1.5,RR4.7 + 진입적정,0,13570.0,12480.0,19900.0,35600.0,,0.86,0.95,24353,3.94,특이사항 없음,0,-33.03,34.4,-9.55,거래품질 우수,,5일 급등,"과열(급등·MFI·RSI) — 실측 역신호, 관망",NORMAL,82.2,전자부품 제조업,5023402150.0,23.0,58.46,0,0,3.61,31.99,-11.44,-23.74,-32.64,47.85,-19.93,1.15,75.71,0.752,0.14,1,12.0,1,0,2.59,0.4,0,0,0,0,-1,16711.0,-43.42,1.0697,False,X,▲,12202,▲,O,X,3.76,250,0,1,1,1,,enter,100.0,NORMAL+PM_BLOCK_INTRADAY+EF:정상,8.03,6.0,5.8,normal,7.0,v1_sl_first_gap_at_open,NORMAL+PM_BLOCK_INTRADAY+EF:정상,SWING_20D,12,SWING_60D,2,,0,0.0,전자부품 제조업,28.983018867924528,12.636603773584905,4.0,82.3,0.0,0.15146174580136845,0.008085831895774998,0.43529411764705883,OK,0.0,UNVALIDATED_MODEL,31.26511754359609,31.26511754359609,0.0,4,1,0.5,0.5,0.0,STRUCT+TIMING+SECTOR,default,default,default,70,20260805,20260805,,22.2,22.2,22.2,-12.0,-33.79,FRESH,0.291,,False,0.3,True,MATURE,11693.0,ALPHA_WIN_PROB,5.807,,1.81,0.0,상태 OVERHEAT — 신규진입 상태 아님(사이징 제외),0.3559,0.0,0.0,v40_alpha_tilt,,,,,,True,44.4,,ELITE_SCORE,MATURE,11693,2.4.0,OK,,100.0,ATTACK,OK,OK,OK,OK,OK,OK,OK,0,7,True,True,True,,0,GREEN,,,0.0,AVOID,0,5일 +32%,0,1,0,0,,0.0,T=39<70,100.0,GREEN,,,0,False,0,BELOW_OFFICIAL_BAR,TOP_PICK=0,,15.0,IGNORE,IGNORE,NORMAL,0,0,0,0,0,0,0,0,0,CLEAR,,,0,0,0,0,0.0,,,,,,,,,,DISABLED_LOSS_DEFENSE,,,,,,True,False,True,True,True,True,True,True,0.0,0.0,0.0,0.0,0.0,0.0,0.0,0.0,0.0,0.5,False,False,False,2,False,8.6,0.5,G2RR×0.5,,0,0,0,,8.6,0,과열이나 GUARD 미통과 — 레인 제외,False,0.0,0.0,False,,False,True,,0,62.0,35.0,0,1,BLOCK,5일 과열 32.0%,BLOCK,GUARD_BLOCK,1,0.0,신규진입 차단,기존 guard/JULY 차단 · 시장폭 82.2 · 5일 32.0%,28.33,6,274,0,46.75,199,,-4.0,13027.0,"진입 후 D+1 종가 13,027원(-4%) 이탈 시 익일 조기청산 권고",46.2,"최근 20거래일 유니버스 실측 2일 상승률 46.2% (n=6,245) · 종목별 유의차 미검증",NO_EDGE_VALIDATED,CAUTION,12620.0,14927.0,"⚠️ 과열/추격 주의 · 손절 12,620(-7%)·본전전환 14,248(+5%)·1차익절 14,927(+10%) · ⚡ D+2내 13,841(+2%) 도달 시 절반 익절+잔여 본전 상향 (실측: 초반 급등 후 되돌림 -0.9%)",0,2.2,0,0,알파 7점 (진입선 85점 미달) · 손실방어 차단,alpha_gate_v32,CASH,0.0,,,0,NEUTRAL,"중립 레짐 — KOSPI 20일선 아래, 시장폭 82% (실측: 본전 구간 → 진입 허용하되 사이즈 50%)",0.5,1,7.4,14248.0,0.2386,1,이 점수 구간의 과거 실측 승률 29% (표본 11693건) · 거래량 밀집가 대비 +3.9% — 가치영역 근접 (실측 승률 40%) · 손익비 4.7 (손절 -9.4% / 1차목표 +44.4%),중립 레짐 — 사이즈 50% 권장 · AI 알파모델 예측 하위 7% — 이 구간 실측 승률 24% — 픽 제외 구간,29.1,True,OVERHEAT,1,85.0,1,0,13841.0,,,,,0,1.0,,0,3.1,pctl>0.30,1,"⛔ 위험구간 — 알파 하위10% + 저점추세 하위30% (실측 5일 -2.88%·승률 21.5%, 20일 승률 10.8%) · 보유 중이면 정리 검토",0,1.0
183,270660,에브리봇,KOSDAQ,기타,15560,67.52,1974.7,0.0,0.0,OVERHEAT,OVERHEAT,5,False,0,False,70.6,70.6,58.0,83.3,0.0,0.0,13.2,47.1,83.3,0.0,0.22,23.7,,0,12580.0,11570.0,16430.0,19110.0,🚀급등시동,2.46,1.6,13933,2.57,특이사항 없음,0,16.37,66.7,29.83,TIMING 강점,,5일 급등,"과열(급등·MFI·RSI) — 실측 역신호, 관망",NORMAL,82.2,가정용 기기 제조업,6752413880.0,85.2,56.37,0,0,2.17,25.38,13.66,41.45,-16.57,-42.05,45.26,17.22,-14.19,0.387,0.151,1,12.0,1,0,1.18,0.88,0,0,0,1,1,10497.0,11.67,0.5031,False,O,▼,13699,▲,O,X,-1.05,250,0,-1,-1,1,27350.0,enter,100.0,NORMAL+PM_BLOCK_INTRADAY+EF:정상,8.03,6.0,3.8,normal,7.0,v1_sl_first_gap_at_open,NORMAL+PM_BLOCK_INTRADAY+EF:정상,SWING_20D,23,SWING_60D,5,SWING_120D,2,0.0,가정용 기기 제조업,22.15142857142857,8.541428571428572,9.0,58.2,0.0,0.10480168931325744,0.03405215867182534,0.20652173913043478,OK,0.0,UNVALIDATED_MODEL,70.5,70.5,0.0,6,1,0.5,0.5,0.0,STRUCT+TIMING+SECTOR,default,default,default,70,20260805,20260805,,70.6,70.6,70.6,-12.0,-33.79,FRESH,0.291,,False,0.485,False,MATURE,11693.0,ALPHA_WIN_PROB,3.812,,1.81,0.0,상태 OVERHEAT — 신규진입 상태 아님(사이징 제외),0.3559,0.0,0.0,v40_alpha_tilt,,,,,,True,5.6,,ELITE_SCORE,MATURE,11693,2.4.0,OK,,100.0,ATTACK,OK,OK,OK,OK,OK,OK,OK,0,7,True,True,True,,0,GREEN,,,0.0,AVOID,0,진입괴리 23.7% · RR 0.22 · 5일 +25%,0,1,0,0,,0.0,S=58≥50 · 이격도30>15,100.0,GREEN,,,0,False,0,BELOW_OFFICIAL_BAR,TOP_PICK=0,,13.0,IGNORE,IGNORE,NORMAL,0,0,0,0,0,0,0,0,0,CLEAR,,,0,0,0,0,0.0,,,,,,,,,,DISABLED_LOSS_DEFENSE,,,,,,True,True,True,True,True,True,True,True,0.0,0.0,0.0,0.0,0.0,0.0,0.0,0.0,0.0,1.0,False,False,False,0,True,13.2,1.0,,,0,0,1,B,13.2,0,"모멘텀 관찰 (과열·가드통과, 상위5 밖 — 매수 아님)",False,0.0,0.0,False,,False,True,,0,62.0,36.0,0,1,BLOCK,5일 과열 25.4%,BLOCK,GUARD_BLOCK,1,0.0,신규진입 차단,기존 guard/JULY 차단 · 시장폭 82.2 · 5일 25.4%,81.53,6,18,0,67.85,71,모멘텀확인강(PMS82),-4.0,12077.0,"진입 후 D+1 종가 12,077원(-4%) 이탈 시 익일 조기청산 권고",46.2,"최근 20거래일 유니버스 실측 2일 상승률 46.2% (n=6,245) · 종목별 유의차 미검증",NO_EDGE_VALIDATED,CAUTION,11699.0,13838.0,"⚠️ 과열/추격 주의 · 손절 11,699(-7%)·본전전환 13,209(+5%)·1차익절 13,838(+10%) · ⚡ D+2내 12,832(+2%) 도달 시 절반 익절+잔여 본전 상향 (실측: 초반 급등 후 되돌림 -0.9%)",0,2.1,0,0,알파 47점 (진입선 85점 미달) · 손익비 0.22 · 손실방어 차단,alpha_gate_v32,CASH,0.0,,,0,NEUTRAL,"중립 레짐 — KOSPI 20일선 아래, 시장폭 82% (실측: 본전 구간 → 진입 허용하되 사이즈 50%)",0.5,1,47.1,13209.0,0.2713,1,이 점수 구간의 과거 실측 승률 29% (표본 11693건) · 거래량 밀집가 대비 +2.6% — 가치영역 근접 (실측 승률 40%) · 저점 상승 추세 16% (바닥이 높아지는 중),중립 레짐 — 사이즈 50% 권장 · 손익비 0.22 <1 — 이길 수 없는 구조 · 추천가 대비 23.7% 이탈 — 추격 주의,29.1,False,OVERHEAT,1,85.0,1,0,12832.0,,,,,1,1.0,,0,95.0,pctl>0.30,0,,0,1.0
184,095340,ISC,KOSDAQ,조선·기계·설비,140200,306.94,29718.3,0.0,0.0,OVERHEAT,OVERHEAT,5,False,0,False,15.8,15.8,12.6,18.9,0.0,0.0,11.7,10.5,18.9,76.4,2.21,1.5,RR2.2 + 진입적정,0,138100.0,127000.0,169400.0,241000.0,,0.33,0.98,184677,-41.74,특이사항 없음,0,-21.72,42.7,2.52,,,5일 급등,"과열(급등·MFI·RSI) — 실측 역신호, 관망",NORMAL,82.2,기계장비 및 관련 물품 도매업,30694319800.0,33.1,39.42,0,0,6.62,26.42,-0.21,-6.6,-44.69,-5.78,-2.79,-10.9,22.08,0.975,0.122,0,12.0,1,0,1.04,0.56,0,0,0,1,-1,154500.0,-24.08,0.7137,False,X,▼,119142,▲,O,X,13.08,250,0,-1,-1,1,255500.0,hold,0.0,NORMAL+PM_BLOCK_INTRADAY+EF:갭 12%+ 진입 보류+ENTRY:hold,8.04,5.0,2.8,normal,7.0,v1_sl_first_gap_at_open,NORMAL+PM_BLOCK_INTRADAY+EF:갭 12%+ 진입 보류+ENTRY:hold,SWING_20D,23,VP_RESISTANCE,2,SWING_60D,2,0.0,기계장비 및 관련 물품 도매업,27.58121951219512,8.227560975609755,6.0,52.0,0.0,0.10255757081719992,-0.03258982553209163,0.0,OK,0.0,UNVALIDATED_MODEL,35.91834089328656,35.91834089328656,0.0,2,0,0.5,0.5,0.0,STRUCT+TIMING+SECTOR,default,default,default,70,20260805,20260805,,15.8,15.8,15.8,-12.0,-33.79,FRESH,0.291,,False,0.3,True,MATURE,11693.0,ALPHA_WIN_PROB,2.82,,1.81,0.0,상태 OVERHEAT — 신규진입 상태 아님(사이징 제외),0.3559,0.0,0.0,v40_alpha_tilt,,,,,,True,20.8,,ELITE_SCORE,MATURE,11693,2.4.0,OK,,100.0,ATTACK,OK,OK,OK,OK,OK,OK,OK,0,7,True,True,True,,0,GREEN,,,0.0,AVOID,0,5일 +26%,0,1,0,0,,0.0,T=19<70,100.0,GREEN,,,0,False,0,BELOW_OFFICIAL_BAR,TOP_PICK=0,EBS 미통과/불명,10.0,IGNORE,IGNORE,NORMAL,0,0,0,0,0,0,0,0,0,CLEAR,,,0,0,0,0,0.0,,,,,,,,,,DISABLED_LOSS_DEFENSE,,,,,,True,False,True,True,True,True,True,True,0.0,0.0,0.0,0.0,0.0,0.0,0.0,0.0,0.0,0.5,False,False,False,2,False,5.8,0.5,G2RR×0.5,,0,0,0,,5.8,0,과열이나 GUARD 미통과 — 레인 제외,False,0.0,0.0,False,,False,True,,0,54.0,29.0,0,1,BLOCK,5일 과열 26.4%,BLOCK,GUARD_BLOCK,1,0.0,신규진입 차단,기존 guard/JULY 차단 · 시장폭 82.2 · 5일 26.4%,40.14,6,231,0,44.37,207,,-4.0,132576.0,"진입 후 D+1 종가 132,576원(-4%) 이탈 시 익일 조기청산 권고",46.2,"최근 20거래일 유니버스 실측 2일 상승률 46.2% (n=6,245) · 종목별 유의차 미검증",NO_EDGE_VALIDATED,CAUTION,128433.0,151910.0,"⚠️ 과열/추격 주의 · 손절 128,433(-7%)·본전전환 145,005(+5%)·1차익절 151,910(+10%) · ⚡ D+2내 140,862(+2%) 도달 시 절반 익절+잔여 본전 상향 (실측: 초반 급등 후 되돌림 -0.9%)",0,1.6,0,0,알파 27점 (진입선 85점 미달) · 손실방어 차단,alpha_gate_v32,CASH,0.0,,,0,NEUTRAL,"중립 레짐 — KOSPI 20일선 아래, 시장폭 82% (실측: 본전 구간 → 진입 허용하되 사이즈 50%)",0.5,1,26.6,145005.0,0.2452,1,이 점수 구간의 과거 실측 승률 29% (표본 11693건) · 거래량 밀집가 대비 -41.7% — 가치영역 근접 (실측 표본 적음) · 손익비 2.2 (손절 -9.4% / 1차목표 +20.8%),중립 레짐 — 사이즈 50% 권장 · AI 알파모델 예측 하위 27% — 이 구간 실측 승률 25% — 픽 제외 구간,29.1,True,OVERHEAT,1,85.0,1,0,140862.0,,,,,0,1.0,,0,15.5,pctl>0.30,0,,0,1.0
185,440110,파두,KOSDAQ,반도체,66500,345.14,33323.8,0.0,0.0,OVERHEAT,OVERHEAT,5,False,0,False,16.4,16.4,14.2,18.6,0.0,0.0,12.0,10.9,18.6,76.8,2.54,1.1,RR2.5 + 진입적정,0,65800.0,60400.0,82000.0,129400.0,,1.32,0.77,96893,17.16,특이사항 없음,0,-26.53,40.9,-0.65,,,5일 급등,"과열(급등·MFI·RSI) — 실측 역신호, 관망",NORMAL,82.2,반도체 제조업,34513798450.0,46.9,49.66,0,0,7.43,32.21,-5.54,-5.0,-28.03,48.77,-1.19,5.76,76.63,0.572,0.147,1,12.0,1,0,1.16,0.56,0,0,0,0,-1,75475.0,-31.37,0.8945,False,X,▲,56040,▲,O,X,5.01,221,0,1,1,1,,enter,100.0,NORMAL+PM_BLOCK_INTRADAY+EF:정상,8.21,5.0,3.0,normal,7.0,v1_sl_first_gap_at_open,NORMAL+PM_BLOCK_INTRADAY+EF:정상,SWING_20D,23,SWING_60D,2,,0,0.0,반도체 제조업,29.595714285714283,5.586428571428571,8.0,50.9,0.0,0.12196562835660579,-0.029444256831300458,0.07894736842105263,OK,0.0,UNVALIDATED_MODEL,25.71093938488282,25.71093938488282,0.0,4,1,0.5,0.5,0.0,STRUCT+TIMING+SECTOR,default,default,default,70,20260805,20260805,,16.4,16.4,16.4,-12.0,-33.79,FRESH,0.291,,False,0.3,True,MATURE,11693.0,ALPHA_WIN_PROB,3.0,,1.81,0.0,상태 OVERHEAT — 신규진입 상태 아님(사이징 제외),0.3559,0.0,0.0,v40_alpha_tilt,,,,,,True,23.3,,ELITE_SCORE,MATURE,11693,2.4.0,OK,,100.0,ATTACK,OK,OK,OK,OK,OK,OK,OK,0,7,True,True,True,,0,GREEN,,,0.0,AVOID,0,5일 +32%,0,1,0,0,,0.0,T=19<70,100.0,GREEN,,,0,False,0,BELOW_OFFICIAL_BAR,TOP_PICK=0,,15.0,IGNORE,IGNORE,NORMAL,0,0,0,0,0,0,0,0,0,CLEAR,,,0,0,0,0,0.0,,,,,,,,,,DISABLED_LOSS_DEFENSE,,,,,,True,False,True,True,True,True,True,True,0.0,0.0,0.0,0.0,0.0,0.0,0.0,0.0,0.0,0.5,False,False,False,2,False,6.0,0.5,G2RR×0.5,,0,0,0,,6.0,0,과열이나 GUARD 미통과 — 레인 제외,False,0.0,0.0,False,,False,True,,0,54.0,29.0,0,1,BLOCK,5일 과열 32.2%,BLOCK,GUARD_BLOCK,1,0.0,신규진입 차단,기존 guard/JULY 차단 · 시장폭 82.2 · 5일 32.2%,33.0,6,256,0,41.35,217,,-4.0,63168.0,"진입 후 D+1 종가 63,168원(-4%) 이탈 시 익일 조기청산 권고",46.2,"최근 20거래일 유니버스 실측 2일 상승률 46.2% (n=6,245) · 종목별 유의차 미검증",NO_EDGE_VALIDATED,CAUTION,61194.0,72380.0,"⚠️ 과열/추격 주의 · 손절 61,194(-7%)·본전전환 69,090(+5%)·1차익절 72,380(+10%) · ⚡ D+2내 67,116(+2%) 도달 시 절반 익절+잔여 본전 상향 (실측: 초반 급등 후 되돌림 -0.9%)",0,1.6,0,0,알파 7점 (진입선 85점 미달) · 손실방어 차단,alpha_gate_v32,CASH,0.0,,,0,NEUTRAL,"중립 레짐 — KOSPI 20일선 아래, 시장폭 82% (실측: 본전 구간 → 진입 허용하되 사이즈 50%)",0.5,1,7.1,69090.0,0.2386,1,이 점수 구간의 과거 실측 승률 29% (표본 11693건) · 거래량 밀집가 대비 +17.2% — 가치영역 근접 (실측 승률 48%) · 손익비 2.5 (손절 -9.2% / 1차목표 +23.3%),중립 레짐 — 사이즈 50% 권장 · AI 알파모델 예측 하위 7% — 이 구간 실측 승률 24% — 픽 제외 구간,29.1,True,OVERHEAT,1,85.0,1,0,67116.0,,,,,0,1.0,,0,8.0,pctl>0.30,1,"⛔ 위험구간 — 알파 하위10% + 저점추세 하위30% (실측 5일 -2.88%·승률 21.5%, 20일 승률 10.8%) · 보유 중이면 정리 검토",0,1.0
186,074600,원익QnC,KOSDAQ,기타,27900,50.76,7334.4,0.0,0.0,OVERHEAT,OVERHEAT,5,False,0,False,14.3,14.3,20.8,7.8,0.0,0.0,9.2,9.5,20.8,74.0,2.09,1.5,RR2.1 + 진입적정,0,27500.0,25250.0,33450.0,35200.0,,1.05,0.57,33895,-20.66,특이사항 없음,0,-22.33,40.8,3.09,,,5일 급등,"과열(급등·MFI·RSI) — 실측 역신호, 관망",NORMAL,82.2,유리 및 유리제품 제조업,5075855700.0,36.5,43.56,0,0,4.49,29.47,3.91,-9.27,-29.9,-1.24,-5.46,3.89,26.62,0.936,0.205,0,12.0,1,0,1.56,0.59,0,0,0,1,-1,30315.0,-17.69,0.9317,False,X,▼,23311,▲,O,X,4.87,250,0,-1,-1,1,45400.0,enter,100.0,NORMAL+PM_BLOCK_INTRADAY+EF:정상,8.18,5.0,2.6,normal,7.0,v1_sl_first_gap_at_open,NORMAL+PM_BLOCK_INTRADAY+EF:정상,SWING_20D,23,VP_RESISTANCE,12,SWING_60D,2,0.0,유리 및 유리제품 제조업,22.15142857142857,8.541428571428572,9.0,65.3,0.0,0.10087045570916539,-0.06952223294288154,0.48148148148148145,OK,0.0,UNVALIDATED_MODEL,24.989887530139463,24.989887530139463,0.0,4,1,0.5,0.5,0.0,STRUCT+TIMING+SECTOR,default,default,default,70,20260805,20260805,,14.3,14.3,14.3,-12.0,-33.79,FRESH,0.291,,False,0.3,True,MATURE,11693.0,ALPHA_WIN_PROB,2.644,,1.81,0.0,상태 OVERHEAT — 신규진입 상태 아님(사이징 제외),0.3559,0.0,0.0,v40_alpha_tilt,,,,,,True,19.9,,ELITE_SCORE,MATURE,11693,2.4.0,OK,,100.0,ATTACK,OK,OK,OK,OK,OK,OK,OK,0,7,True,True,True,,0,GREEN,,,0.0,AVOID,0,5일 +29%,0,1,0,0,,0.0,T=8<70,100.0,GREEN,,,0,False,0,BELOW_OFFICIAL_BAR,TOP_PICK=0,,15.0,IGNORE,IGNORE,NORMAL,0,0,0,0,0,0,0,0,0,CLEAR,,,0,0,0,0,0.0,,,,,,,,,,DISABLED_LOSS_DEFENSE,,,,,,True,False,True,True,True,True,True,True,0.0,0.0,0.0,0.0,0.0,0.0,0.0,0.0,0.0,0.5,False,False,False,2,False,4.6,0.5,G2RR×0.5,,0,0,0,,4.6,0,과열이나 GUARD 미통과 — 레인 제외,False,0.0,0.0,False,,False,True,,0,62.0,35.0,0,1,BLOCK,5일 과열 29.5%,BLOCK,GUARD_BLOCK,1,0.0,신규진입 차단,기존 guard/JULY 차단 · 시장폭 82.2 · 5일 29.5%,21.44,6,297,0,28.91,264,,-4.0,26400.0,"진입 후 D+1 종가 26,400원(-4%) 이탈 시 익일 조기청산 권고",46.2,"최근 20거래일 유니버스 실측 2일 상승률 46.2% (n=6,245) · 종목별 유의차 미검증",NO_EDGE_VALIDATED,CAUTION,25575.0,30250.0,"⚠️ 과열/추격 주의 · 손절 25,575(-7%)·본전전환 28,875(+5%)·1차익절 30,250(+10%) · ⚡ D+2내 28,050(+2%) 도달 시 절반 익절+잔여 본전 상향 (실측: 초반 급등 후 되돌림 -0.9%)",0,1.4,0,0,알파 23점 (진입선 85점 미달) · 손실방어 차단,alpha_gate_v32,CASH,0.0,,,0,NEUTRAL,"중립 레짐 — KOSPI 20일선 아래, 시장폭 82% (실측: 본전 구간 → 진입 허용하되 사이즈 50%)",0.5,1,22.9,28875.0,0.2452,1,이 점수 구간의 과거 실측 승률 29% (표본 11693건) · 거래량 밀집가 대비 -20.7% — 가치영역 근접 (실측 표본 적음) · 손익비 2.1 (손절 -9.5% / 1차목표 +19.9%),중립 레짐 — 사이즈 50% 권장 · AI 알파모델 예측 하위 23% — 이 구간 실측 승률 25% — 픽 제외 구간,29.1,True,OVERHEAT,1,85.0,1,0,28050.0,,,,,0,1.0,,0,13.3,pctl>0.30,0,,0,1.0
187,007810,코리아써키트,KOSPI,IT/전기전자,55400,305.83,13286.4,0.0,0.0,OVERHEAT,OVERHEAT,5,False,0,False,9.9,9.9,0.0,19.8,0.0,0.0,8.5,6.6,19.8,75.2,2.44,1.8,RR2.4 + 진입적정,0,54400.0,50000.0,68600.0,79100.0,,1.28,1.7,92036,-22.15,특이사항 없음,0,-39.65,30.8,-7.06,,,5일 급등,"과열(급등·MFI·RSI) — 실측 역신호, 관망",NORMAL,82.2,전자부품 제조업,30582980950.0,43.3,76.49,0,0,14.94,29.89,-13.3,-19.59,-45.79,-0.89,-5.77,-33.79,-28.67,0.884,0.146,0,12.0,1,0,1.41,0.43,0,0,0,0,-1,62260.0,-39.81,1.0774,False,X,▼,41356,▲,O,X,10.79,250,0,-1,-1,1,82500.0,split,50.0,NORMAL+PM_BLOCK_INTRADAY+EF:갭 7%+ 분할 진입 + 당일 10%+ 급등 분할 진입+ENTRY:split,8.09,5.0,3.2,normal,7.0,v1_sl_first_gap_at_open,NORMAL+PM_BLOCK_INTRADAY+EF:갭 7%+ 분할 진입 + 당일 10%+ 급등 분할 진입+ENTRY:split,ATR_2x,23,SWING_20D,12,BB_UPPER,5,0.0,전자부품 제조업,28.983018867924528,12.636603773584905,4.0,73.4,0.0,0.127353017019082,-0.015907545451950715,0.2698412698412698,OK,0.0,UNVALIDATED_MODEL,36.68065522562298,36.68065522562298,0.0,4,1,0.5,0.5,0.0,STRUCT+TIMING+SECTOR,default,default,default,70,20260805,20260805,,9.9,9.9,9.9,-12.0,-33.79,FRESH,0.291,,False,0.3,True,MATURE,11693.0,ALPHA_WIN_PROB,3.227,,1.81,0.0,상태 OVERHEAT — 신규진입 상태 아님(사이징 제외),0.3559,0.0,0.0,v40_alpha_tilt,,,,,,True,23.8,,ELITE_SCORE,MATURE,11693,2.4.0,OK,,100.0,ATTACK,OK,OK,OK,OK,OK,OK,OK,0,7,True,True,True,,0,GREEN,,,0.0,AVOID,0,5일 +30%,0,1,0,0,,0.0,T=20<70 · 전일+15%,100.0,GREEN,,,0,False,0,BELOW_OFFICIAL_BAR,TOP_PICK=0,,15.0,IGNORE,IGNORE,NORMAL,0,0,0,0,0,0,0,0,0,CLEAR,,,0,0,0,0,0.0,,,,,,,,,,DISABLED_LOSS_DEFENSE,,,,,,True,False,True,True,False,True,True,True,0.0,0.0,0.0,0.0,20.0,0.0,0.0,0.0,20.0,0.5,False,True,False,3,False,0.0,0.0,G2RR×0.5 · G5추세붕괴3축,,0,0,0,,0.0,0,과열이나 GUARD 미통과 — 레인 제외,False,0.0,0.0,False,,False,True,,0,62.0,27.0,0,1,BLOCK,5일 과열 29.9%,BLOCK,GUARD_BLOCK,1,0.0,신규진입 차단,기존 guard/JULY 차단 · 시장폭 82.2 · 5일 29.9%,36.66,6,241,0,35.44,236,,-4.0,52224.0,"진입 후 D+1 종가 52,224원(-4%) 이탈 시 익일 조기청산 권고",46.2,"최근 20거래일 유니버스 실측 2일 상승률 46.2% (n=6,245) · 종목별 유의차 미검증",NO_EDGE_VALIDATED,CAUTION,50592.0,59840.0,"⚠️ 과열/추격 주의 · 손절 50,592(-7%)·본전전환 57,120(+5%)·1차익절 59,840(+10%) · ⚡ D+2내 55,488(+2%) 도달 시 절반 익절+잔여 본전 상향 (실측: 초반 급등 후 되돌림 -0.9%)",0,1.0,0,0,알파 16점 (진입선 85점 미달) · 손실방어 차단,alpha_gate_v32,CASH,0.0,,,0,NEUTRAL,"중립 레짐 — KOSPI 20일선 아래, 시장폭 82% (실측: 본전 구간 → 진입 허용하되 사이즈 50%)",0.5,1,16.4,57120.0,0.2489,1,이 점수 구간의 과거 실측 승률 29% (표본 11693건) · 거래량 밀집가 대비 -22.1% — 가치영역 근접 (실측 표본 적음) · 손익비 2.4 (손절 -9.7% / 1차목표 +23.8%),중립 레짐 — 사이즈 50% 권장 · AI 알파모델 예측 하위 16% — 이 구간 실측 승률 25% — 픽 제외 구간,29.1,True,OVERHEAT,1,85.0,1,0,55488.0,,,,,0,1.0,,0,0.6,pctl>0.30,0,,0,1.0
188,195870,해성디에스,KOSPI,IT/전기전자,52200,87.72,8874.0,0.0,0.0,OVERHEAT,OVERHEAT,5,False,0,False,8.6,8.6,17.1,0.0,0.0,0.0,4.9,5.7,17.1,78.6,2.98,1.6,RR3.0 + 진입적정,0,51400.0,47300.0,66800.0,108500.0,,1.2,0.78,72660,-4.09,특이사항 없음,0,-24.92,40.4,1.02,,,5일 급등,"과열(급등·MFI·RSI) — 실측 역신호, 관망",NORMAL,82.2,전자부품 제조업,8772122050.0,44.7,45.19,0,0,5.03,30.01,-3.51,-4.22,-40.34,-15.4,9.6,-28.34,-43.18,0.955,0.241,0,12.0,1,0,1.1,0.52,0,0,0,1,-1,56535.0,-28.16,0.8686,False,X,▼,44442,▲,O,X,7.85,250,0,-1,-1,1,,split,50.0,NORMAL+PM_BLOCK_INTRADAY+EF:갭 7%+ 분할 진입+ENTRY:split,7.98,5.0,3.8,normal,7.0,v1_sl_first_gap_at_open,NORMAL+PM_BLOCK_INTRADAY+EF:갭 7%+ 분할 진입+ENTRY:split,SWING_20D,12,SWING_60D,2,,0,0.0,전자부품 제조업,28.983018867924528,12.636603773584905,4.0,80.4,0.0,0.11042692939244664,-0.040380185083740514,0.2978723404255319,OK,0.0,UNVALIDATED_MODEL,21.039197213185822,21.039197213185822,0.0,4,1,0.5,0.5,0.0,STRUCT+TIMING+SECTOR,default,default,default,70,20260805,20260805,,8.6,8.6,8.6,-12.0,-33.79,FRESH,0.291,,False,0.3,True,MATURE,11693.0,ALPHA_WIN_PROB,3.756,,1.81,0.0,상태 OVERHEAT — 신규진입 상태 아님(사이징 제외),0.3559,0.0,0.0,v40_alpha_tilt,,,,,,True,28.0,,ELITE_SCORE,MATURE,11693,2.4.0,OK,,100.0,ATTACK,OK,OK,OK,OK,OK,OK,OK,0,7,True,True,True,,0,GREEN,,,0.0,AVOID,0,5일 +30%,0,1,0,0,,0.0,T=0<70,100.0,GREEN,,,0,False,0,BELOW_OFFICIAL_BAR,TOP_PICK=0,,15.0,IGNORE,IGNORE,NORMAL,0,0,0,0,0,0,0,0,0,CLEAR,,,0,0,0,0,0.0,,,,,,,,,,DISABLED_LOSS_DEFENSE,,,,,,True,False,True,True,True,True,True,True,0.0,0.0,0.0,0.0,0.0,0.0,0.0,0.0,0.0,0.3,False,False,False,2,False,1.5,0.3,G2RR×0.3,,0,0,0,,1.5,0,과열이나 GUARD 미통과 — 레인 제외,False,0.0,0.0,False,,False,True,,0,54.0,29.0,0,1,BLOCK,5일 과열 30.0%,BLOCK,GUARD_BLOCK,1,0.0,신규진입 차단,기존 guard/JULY 차단 · 시장폭 82.2 · 5일 30.0%,22.47,6,294,0,22.07,279,,-4.0,49344.0,"진입 후 D+1 종가 49,344원(-4%) 이탈 시 익일 조기청산 권고",46.2,"최근 20거래일 유니버스 실측 2일 상승률 46.2% (n=6,245) · 종목별 유의차 미검증",NO_EDGE_VALIDATED,CAUTION,47802.0,56540.0,"⚠️ 과열/추격 주의 · 손절 47,802(-7%)·본전전환 53,970(+5%)·1차익절 56,540(+10%) · ⚡ D+2내 52,428(+2%) 도달 시 절반 익절+잔여 본전 상향 (실측: 초반 급등 후 되돌림 -0.9%)",0,0.9,0,0,알파 36점 (진입선 85점 미달) · 손실방어 차단,alpha_gate_v32,CASH,0.0,,,0,NEUTRAL,"중립 레짐 — KOSPI 20일선 아래, 시장폭 82% (실측: 본전 구간 → 진입 허용하되 사이즈 50%)",0.5,1,36.5,53970.0,0.2433,1,이 점수 구간의 과거 실측 승률 29% (표본 11693건) · 거래량 밀집가 대비 -4.1% — 가치영역 근접 (실측 표본 적음) · 손익비 3.0 (손절 -9.4% / 1차목표 +28.0%),중립 레짐 — 사이즈 50% 권장,29.1,True,OVERHEAT,1,85.0,1,0,52428.0,,,,,0,1.0,,0,11.1,pctl>0.30,0,,0,1.0
189,000720,현대건설,KOSPI,건설·부동산,110100,796.45,122602.7,0.0,0.0,OVERHEAT,OVERHEAT,5,False,0,False,47.5,47.5,26.1,68.9,0.0,0.0,9.6,31.7,68.9,13.9,0.1,2.5,,0,107400.0,98700.0,111200.0,126300.0,,3.15,1.24,128007,-33.66,특이사항 없음,0,-12.5,55.2,11.71,,,5일 급등,"과열(급등·MFI·RSI) — 실측 역신호, 관망",NORMAL,82.2,토목 건설업,79645289050.0,66.0,29.89,0,0,8.47,30.14,11.66,0.55,-32.87,0.09,14.37,-20.87,-27.69,0.913,0.135,0,12.0,1,0,1.18,0.97,4184,5395,9579,1,-1,112675.0,-13.99,0.5794,False,X,▼,94435,▲,O,X,3.05,250,0,-1,-1,1,166000.0,enter,100.0,NORMAL+PM_BLOCK_INTRADAY+EF:정상,8.1,4.0,0.4,normal,7.0,v1_sl_first_gap_at_open,NORMAL+PM_BLOCK_INTRADAY+EF:정상,SWING_20D,46,ATR_2x,23,VP_RESISTANCE,2,0.0,토목 건설업,31.53,22.859,2.0,58.8,0.0,0.0854093681069158,-0.00016228878553900018,0.06097560975609756,OK,0.0,UNVALIDATED_MODEL,68.30230582222403,68.30230582222403,0.0,6,1,0.5,0.5,0.0,STRUCT+TIMING+SECTOR,default,default,default,70,20260805,20260805,,47.5,47.5,47.5,-12.0,-33.79,FRESH,0.291,,False,0.3,True,MATURE,11693.0,ALPHA_WIN_PROB,0.437,,0.437,0.0,상태 OVERHEAT — 신규진입 상태 아님(사이징 제외),0.696,0.0,0.0,v40_alpha_tilt,,,,,,True,1.0,,ELITE_SCORE,MATURE,11693,2.4.0,OK,,100.0,ATTACK,OK,OK,OK,OK,OK,OK,OK,0,7,True,True,True,,0,GREEN,,,0.0,AVOID,0,RR 0.10 · 5일 +30%,0,1,0,0,,0.0,T=69<70,100.0,GREEN,,,0,False,0,BELOW_OFFICIAL_BAR,TOP_PICK=0,,5.0,IGNORE,IGNORE,NORMAL,0,0,0,0,0,0,0,0,0,CLEAR,,,0,0,0,0,0.0,,,,,,,,,,DISABLED_LOSS_DEFENSE,,,,,,True,False,True,True,True,True,True,True,0.0,0.0,0.0,0.0,0.0,0.0,0.0,0.0,0.0,0.5,False,False,False,2,False,4.8,0.5,G2RR×0.5,,0,0,0,,4.8,0,과열이나 GUARD 미통과 — 레인 제외,False,0.0,0.0,False,,False,True,,0,62.0,36.0,0,1,BLOCK,5일 과열 30.1%,BLOCK,GUARD_BLOCK,1,0.0,신규진입 차단,기존 guard/JULY 차단 · 시장폭 82.2 · 5일 30.1%,73.66,6,37,0,55.95,142,모멘텀확인중(PMS74),-4.0,103104.0,"진입 후 D+1 종가 103,104원(-4%) 이탈 시 익일 조기청산 권고",46.2,"최근 20거래일 유니버스 실측 2일 상승률 46.2% (n=6,245) · 종목별 유의차 미검증",NO_EDGE_VALIDATED,CAUTION,99882.0,118140.0,"⚠️ 과열/추격 주의 · 손절 99,882(-7%)·본전전환 112,770(+5%)·1차익절 118,140(+10%) · ⚡ D+2내 109,548(+2%) 도달 시 절반 익절+잔여 본전 상향 (실측: 초반 급등 후 되돌림 -0.9%)",0,0.8,0,0,알파 58점 (진입선 85점 미달) · 손익비 0.10 · 손실방어 차단,alpha_gate_v32,CASH,0.0,,,0,NEUTRAL,"중립 레짐 — KOSPI 20일선 아래, 시장폭 82% (실측: 본전 구간 → 진입 허용하되 사이즈 50%)",0.5,1,57.9,112770.0,0.2958,1,이 점수 구간의 과거 실측 승률 29% (표본 11693건) · 거래량 밀집가 대비 -33.7% — 가치영역 근접 (실측 표본 적음),중립 레짐 — 사이즈 50% 권장 · 손익비 0.10 <1 — 이길 수 없는 구조,29.1,False,OVERHEAT,1,85.0,1,0,109548.0,,,,,1,1.0,,0,38.4,pctl>0.30,0,,0,1.0
190,064290,인텍플러스,KOSDAQ,조선·기계·설비,29600,105.03,3835.4,0.0,0.0,OVERHEAT,OVERHEAT,5,False,0,False,8.2,8.2,0.0,16.4,0.0,0.0,7.1,5.5,16.4,79.5,2.89,1.2,RR2.9 + 진입적정,0,29250.0,26900.0,37400.0,47550.0,,1.66,1.0,38106,-29.64,특이사항 없음,0,-38.01,29.7,-12.67,,,5일 급등,"과열(급등·MFI·RSI) — 실측 역신호, 관망",NORMAL,82.2,특수 목적용 기계 제조업,10503038125.0,27.0,80.33,0,0,9.02,25.96,-15.79,-36.14,-3.58,68.85,-32.33,30.21,96.71,0.569,0.158,0,12.0,0,0,1.26,0.31,0,0,0,0,-1,35185.0,-22.32,1.2157,False,X,▲,23490,▲,O,X,6.45,250,0,1,1,1,54100.0,enter,100.0,NORMAL+PM_BLOCK_INTRADAY+EF:정상,8.03,6.0,3.5,normal,7.0,v1_sl_first_gap_at_open,NORMAL+PM_BLOCK_INTRADAY+EF:정상,ATR_2x,23,SWING_20D,5,SWING_60D,2,0.0,특수 목적용 기계 제조업,27.58121951219512,8.227560975609755,6.0,67.2,0.0,0.13754826254826255,-0.057396184180063224,0.22,OK,0.0,UNVALIDATED_MODEL,33.659802404448854,33.659802404448854,0.0,4,1,0.5,0.5,0.0,STRUCT+TIMING+SECTOR,default,default,default,70,20260805,20260805,,8.2,8.2,8.2,-12.0,-33.79,FRESH,0.291,,False,0.3,True,MATURE,11693.0,ALPHA_WIN_PROB,3.468,,1.81,0.0,상태 OVERHEAT — 신규진입 상태 아님(사이징 제외),0.3559,0.0,0.0,v40_alpha_tilt,,,,,,True,26.4,,ELITE_SCORE,MATURE,11693,2.4.0,OK,,100.0,ATTACK,OK,OK,OK,OK,OK,OK,OK,0,7,True,True,True,,0,GREEN,,,0.0,AVOID,0,5일 +26%,0,1,0,0,,0.0,T=16<70,100.0,GREEN,,,0,False,0,BELOW_OFFICIAL_BAR,TOP_PICK=0,,15.0,IGNORE,IGNORE,NORMAL,0,0,0,0,0,0,0,0,0,CLEAR,,,0,0,0,0,0.0,,,,,,,,,,DISABLED_LOSS_DEFENSE,,,,,,True,False,True,True,False,True,True,True,0.0,0.0,0.0,0.0,20.0,0.0,0.0,0.0,20.0,0.5,False,True,False,3,False,0.0,0.0,G2RR×0.5 · G5추세붕괴3축,,0,0,0,,0.0,0,과열이나 GUARD 미통과 — 레인 제외,False,0.0,0.0,False,,False,True,,0,62.0,27.0,0,1,BLOCK,5일 과열 26.0%,BLOCK,GUARD_BLOCK,1,0.0,신규진입 차단,기존 guard/JULY 차단 · 시장폭 82.2 · 5일 26.0%,30.24,6,267,0,28.2,266,,-4.0,28080.0,"진입 후 D+1 종가 28,080원(-4%) 이탈 시 익일 조기청산 권고",46.2,"최근 20거래일 유니버스 실측 2일 상승률 46.2% (n=6,245) · 종목별 유의차 미검증",NO_EDGE_VALIDATED,CAUTION,27202.0,32175.0,"⚠️ 과열/추격 주의 · 손절 27,202(-7%)·본전전환 30,712(+5%)·1차익절 32,175(+10%) · ⚡ D+2내 29,835(+2%) 도달 시 절반 익절+잔여 본전 상향 (실측: 초반 급등 후 되돌림 -0.9%)",0,0.8,0,0,알파 3점 (진입선 85점 미달) · 손실방어 차단,alpha_gate_v32,CASH,0.0,,,0,NEUTRAL,"중립 레짐 — KOSPI 20일선 아래, 시장폭 82% (실측: 본전 구간 → 진입 허용하되 사이즈 50%)",0.5,1,3.1,30712.0,0.2386,1,이 점수 구간의 과거 실측 승률 29% (표본 11693건) · 거래량 밀집가 대비 -29.6% — 가치영역 근접 (실측 표본 적음) · 손익비 2.9 (손절 -9.1% / 1차목표 +26.4%),중립 레짐 — 사이즈 50% 권장 · AI 알파모델 예측 하위 3% — 이 구간 실측 승률 24% — 픽 제외 구간,29.1,True,OVERHEAT,1,85.0,1,0,29835.0,,,,,0,1.0,,0,1.2,pctl>0.30,1,"⛔ 위험구간 — 알파 하위10% + 저점추세 하위30% (실측 5일 -2.88%·승률 21.5%, 20일 승률 10.8%) · 보유 중이면 정리 검토",0,1.0
191,402340,SK스퀘어,KOSPI,금융,1119000,7614.3,1476614.3,0.0,0.0,OVERHEAT,OVERHEAT,5,False,0,False,6.6,6.6,9.9,3.3,0.0,0.0,4.3,4.4,9.9,87.6,3.05,1.5,밸런스우수 + RR3.0 + 진입적정,0,1102000.0,1014000.0,1439000.0,2189000.0,,-1.06,0.7,1357882,90.05,특이사항 없음,0,-29.28,37.8,-2.07,,,5일 급등,"과열(급등·MFI·RSI) — 실측 역신호, 관망",NORMAL,82.2,기타 금융업,761429792020.0,41.3,56.76,0,0,5.57,31.65,-9.02,-17.48,1.91,109.55,-3.66,13.91,81.77,0.518,0.212,1,12.0,1,0,1.03,0.52,0,0,0,0,-1,1237700.0,-17.59,1.1751,False,O,▲,920921,▲,O,X,7.83,250,0,1,1,1,,split,50.0,NORMAL+PM_BLOCK_INTRADAY+EF:갭 7%+ 분할 진입+ENTRY:split,7.99,4.0,3.8,normal,7.0,v1_sl_first_gap_at_open,NORMAL+PM_BLOCK_INTRADAY+EF:갭 7%+ 분할 진입+ENTRY:split,SWING_20D,23,SWING_60D,2,,0,0.0,기타 금융업,14.904375,12.145312500000001,11.0,42.1,0.0,0.12128175667049661,-0.11244678346643362,0.2692307692307692,OK,0.0,UNVALIDATED_MODEL,11.959968195824244,11.959968195824244,0.0,2,0,0.5,0.5,0.0,STRUCT+TIMING+SECTOR,default,default,default,70,20260805,20260805,,6.6,6.6,6.6,-12.0,-33.79,FRESH,0.291,,False,0.3,True,MATURE,11693.0,ALPHA_WIN_PROB,3.83,,1.81,0.0,상태 OVERHEAT — 신규진입 상태 아님(사이징 제외),0.3559,0.0,0.0,v40_alpha_tilt,,,,,,True,28.6,,ELITE_SCORE,MATURE,11693,2.4.0,OK,,100.0,ATTACK,OK,OK,OK,OK,OK,OK,OK,0,7,True,True,True,,0,GREEN,,,0.0,AVOID,0,5일 +32% · POC 90↑,0,1,0,0,,0.0,T=3<70,100.0,GREEN,,,0,False,0,BELOW_OFFICIAL_BAR,TOP_PICK=0,VWAP/POC 과열,10.0,IGNORE,IGNORE,NORMAL,0,0,0,0,0,0,0,0,0,CLEAR,,,0,0,0,0,0.0,,,,,,,,,,DISABLED_LOSS_DEFENSE,,,,,,True,False,True,True,True,True,True,True,0.0,0.0,0.0,0.0,0.0,0.0,0.0,0.0,0.0,0.5,False,False,False,2,False,2.2,0.5,G2RR×0.5,,0,0,0,,2.2,0,과열이나 GUARD 미통과 — 레인 제외,False,0.0,0.0,False,,False,True,,0,30.0,0.0,0,1,BLOCK,5일 과열 31.6% · POC 과열 90.0,BLOCK,GUARD_BLOCK,1,0.0,신규진입 차단,단기상승+VWAP/POC 추격충돌 · 기존 guard/JULY 차단 · 시장폭 82.2 · 5일 31.6%,35.29,6,247,0,27.94,267,,-4.0,1057920.0,"진입 후 D+1 종가 1,057,920원(-4%) 이탈 시 익일 조기청산 권고",46.2,"최근 20거래일 유니버스 실측 2일 상승률 46.2% (n=6,245) · 종목별 유의차 미검증",NO_EDGE_VALIDATED,CAUTION,1024860.0,1212200.0,"⚠️ 과열/추격 주의 · 손절 1,024,860(-7%)·본전전환 1,157,100(+5%)·1차익절 1,212,200(+10%) · ⚡ D+2내 1,124,040(+2%) 도달 시 절반 익절+잔여 본전 상향 (실측: 초반 급등 후 되돌림 -0.9%)",0,0.7,0,0,알파 15점 (진입선 85점 미달) · 손실방어 차단 · POC 확장 90% (추격 위험),alpha_gate_v32,CASH,0.0,,,1,NEUTRAL,"중립 레짐 — KOSPI 20일선 아래, 시장폭 82% (실측: 본전 구간 → 진입 허용하되 사이즈 50%)",0.5,1,14.9,1157100.0,0.2489,1,이 점수 구간의 과거 실측 승률 29% (표본 11693건) · 손익비 3.0 (손절 -9.4% / 1차목표 +28.6%),중립 레짐 — 사이즈 50% 권장 · 거래량 밀집가 대비 +90.0% 확장 (실측 승률 12~23% — 추격 위험) · AI 알파모델 예측 하위 15% — 이 구간 실측 승률 25% — 픽 제외 구간,29.1,False,OVERHEAT,1,85.0,1,0,1124040.0,,,,,0,1.0,,0,6.2,pctl>0.30,0,,0,1.0
192,131290,티에스이,KOSDAQ,기타,200500,170.14,22178.2,0.0,0.0,OVERHEAT,OVERHEAT,5,False,1,False,4.0,4.0,0.0,8.0,0.0,0.0,3.5,2.7,8.0,90.0,5.81,0.0,밸런스우수 + RR5.8 + 진입적정,0,200500.0,184400.0,294000.0,307000.0,,-0.82,0.59,227274,119.2,특이사항 없음,0,-33.52,30.1,-10.27,,,5일 급등,"과열(급등·MFI·RSI) — 실측 역신호, 관망",NORMAL,82.2,"측정, 시험, 항해, 제어 및 기타 정밀기기 제조업; 광학기기 제외",17014007650.0,19.4,74.38,0,0,1.83,27.3,-16.46,-14.13,14.77,131.79,-10.32,48.56,159.65,0.446,0.13,1,12.0,0,0,1.03,0.38,0,0,0,0,-1,248770.0,-11.78,1.1795,False,O,▲,161443,▲,O,X,5.64,250,0,1,1,1,,enter,100.0,NORMAL+PM_BLOCK_INTRADAY+EF:정상,8.03,5.0,5.8,normal,7.0,v1_sl_first_gap_at_open,NORMAL+PM_BLOCK_INTRADAY+EF:정상,SWING_20D,12,BB_UPPER,5,,0,0.0,"측정, 시험, 항해, 제어 및 기타 정밀기기 제조업; 광학기기 제외",22.15142857142857,8.541428571428572,9.0,46.9,0.0,0.14884218026362664,-0.12869728755225046,0.13043478260869565,OK,0.0,UNVALIDATED_MODEL,16.1937781046572,16.1937781046572,0.0,2,0,0.5,0.5,0.0,STRUCT+TIMING+SECTOR,default,default,default,70,20260805,20260805,,4.0,4.0,4.0,-12.0,-33.79,FRESH,0.291,,False,0.3,True,MATURE,11693.0,ALPHA_WIN_PROB,5.807,,1.81,0.0,상태 OVERHEAT — 신규진입 상태 아님(사이징 제외),0.3559,0.0,0.0,v40_alpha_tilt,,,,,,True,46.6,,ELITE_SCORE,MATURE,11693,2.4.0,OK,,100.0,ATTACK,OK,OK,OK,OK,OK,OK,OK,0,7,True,True,True,,0,GREEN,,,0.0,AVOID,0,5일 +27% · POC 119↑ · 7월 손실방어 차단 · 수익회복 패치 차단,0,1,0,0,,0.0,T=8<70,100.0,GREEN,,,0,False,0,BELOW_OFFICIAL_BAR,TOP_PICK=0,VWAP/POC 과열,10.0,IGNORE,IGNORE,NORMAL,0,0,0,0,0,0,0,0,0,CLEAR,,,0,0,0,0,0.0,,,,,,,,,,DISABLED_LOSS_DEFENSE,,,,,,True,False,True,True,True,True,True,True,0.0,0.0,0.0,0.0,0.0,0.0,0.0,0.0,0.0,0.5,False,False,False,2,False,1.8,0.5,G2RR×0.5,,0,0,0,,1.8,0,과열이나 GUARD 미통과 — 레인 제외,False,0.0,0.0,True,JULY_PROFIT_DEFENSE: 5일 과열 27.3% · POC 과열 119.2 | PROFIT_RECOVERY: 단기상승+VWAP/POC 추격충돌 · 기존 guard/JULY 차단 · 시장폭 82.2 · 5일 27.3%,False,True,,0,30.0,0.0,0,1,BLOCK,5일 과열 27.3% · POC 과열 119.2,BLOCK,GUARD_BLOCK,1,0.0,신규진입 차단,단기상승+VWAP/POC 추격충돌 · 기존 guard/JULY 차단 · 시장폭 82.2 · 5일 27.3%,27.01,6,281,0,22.87,277,,-4.0,192480.0,"진입 후 D+1 종가 192,480원(-4%) 이탈 시 익일 조기청산 권고",46.2,"최근 20거래일 유니버스 실측 2일 상승률 46.2% (n=6,245) · 종목별 유의차 미검증",NO_EDGE_VALIDATED,CAUTION,186465.0,220550.0,"⚠️ 과열/추격 주의 · 손절 186,465(-7%)·본전전환 210,525(+5%)·1차익절 220,550(+10%) · ⚡ D+2내 204,510(+2%) 도달 시 절반 익절+잔여 본전 상향 (실측: 초반 급등 후 되돌림 -0.9%)",0,0.4,0,0,알파 2점 (진입선 85점 미달) · 손실방어 차단 · POC 확장 119% (추격 위험),alpha_gate_v32,CASH,0.0,,,1,NEUTRAL,"중립 레짐 — KOSPI 20일선 아래, 시장폭 82% (실측: 본전 구간 → 진입 허용하되 사이즈 50%)",0.5,1,1.9,210525.0,0.2386,1,이 점수 구간의 과거 실측 승률 29% (표본 11693건) · 손익비 5.8 (손절 -8.0% / 1차목표 +46.6%),중립 레짐 — 사이즈 50% 권장 · 거래량 밀집가 대비 +119.2% 확장 (실측 승률 12~23% — 추격 위험) · AI 알파모델 예측 하위 2% — 이 구간 실측 승률 24% — 픽 제외 구간,29.1,False,OVERHEAT,1,85.0,1,0,204510.0,,,,,0,1.0,,0,2.8,pctl>0.30,1,"⛔ 위험구간 — 알파 하위10% + 저점추세 하위30% (실측 5일 -2.88%·승률 21.5%, 20일 승률 10.8%) · 보유 중이면 정리 검토",0,1.0
193,089890,코세스,KOSDAQ,조선·기계·설비,22000,57.7,3648.7,0.0,0.0,OVERHEAT,OVERHEAT,5,False,0,False,3.6,3.6,0.0,7.2,0.0,0.0,3.2,2.4,7.2,91.0,4.83,1.6,밸런스우수 + RR4.8 + 진입적정,0,21650.0,19930.0,32000.0,37700.0,,0.74,0.72,29994,-12.66,특이사항 없음,0,-21.63,42.0,-6.72,,,5일 급등,"과열(급등·MFI·RSI) — 실측 역신호, 관망",NORMAL,82.2,특수 목적용 기계 제조업,5770151550.0,44.2,71.28,0,0,3.53,29.03,-8.71,-17.6,-47.12,-12.52,-13.79,-13.33,15.34,0.895,0.169,0,12.0,0,0,0.67,0.28,0,0,0,0,-1,27629.0,-26.65,1.0016,False,X,▼,18311,▲,O,X,5.65,250,0,-1,-1,1,44050.0,enter,100.0,NORMAL+PM_BLOCK_INTRADAY+EF:정상,7.94,6.0,6.0,normal,7.0,v1_sl_first_gap_at_open,NORMAL+PM_BLOCK_INTRADAY+EF:정상,BB_UPPER,12,SWING_20D,5,SWING_60D,2,0.0,특수 목적용 기계 제조업,27.58121951219512,8.227560975609755,6.0,88.8,0.0,0.1496103896103896,-0.04191261433700795,0.0,OK,0.0,UNVALIDATED_MODEL,25.389701400774698,25.389701400774698,0.0,2,0,0.5,0.5,0.0,STRUCT+TIMING+SECTOR,default,default,default,70,20260805,20260805,,3.6,3.6,3.6,-12.0,-33.79,FRESH,0.291,,False,0.3,True,MATURE,11693.0,ALPHA_WIN_PROB,6.017,,1.81,0.0,상태 OVERHEAT — 신규진입 상태 아님(사이징 제외),0.3559,0.0,0.0,v40_alpha_tilt,,,,,,True,45.5,,ELITE_SCORE,MATURE,11693,2.4.0,OK,,100.0,ATTACK,OK,OK,OK,OK,OK,OK,OK,0,7,True,True,True,,0,GREEN,,,0.0,AVOID,0,5일 +29%,0,1,0,0,,0.0,T=7<70,100.0,GREEN,,,0,False,0,BELOW_OFFICIAL_BAR,TOP_PICK=0,EBS 미통과/불명,10.0,IGNORE,IGNORE,NORMAL,0,0,0,0,0,0,0,0,0,CLEAR,,,0,0,0,0,0.0,,,,,,,,,,DISABLED_LOSS_DEFENSE,,,,,,True,False,True,True,False,True,True,True,0.0,0.0,0.0,0.0,20.0,0.0,0.0,0.0,20.0,0.5,False,True,False,3,False,0.0,0.0,G2RR×0.5 · G5추세붕괴3축,,0,0,0,,0.0,0,과열이나 GUARD 미통과 — 레인 제외,False,0.0,0.0,False,,False,True,,0,54.0,21.0,0,1,BLOCK,5일 과열 29.0%,BLOCK,GUARD_BLOCK,1,0.0,신규진입 차단,기존 guard/JULY 차단 · 시장폭 82.2 · 5일 29.0%,20.79,6,300,0,19.53,289,,-4.0,20784.0,"진입 후 D+1 종가 20,784원(-4%) 이탈 시 익일 조기청산 권고",46.2,"최근 20거래일 유니버스 실측 2일 상승률 46.2% (n=6,245) · 종목별 유의차 미검증",NO_EDGE_VALIDATED,CAUTION,20134.0,23815.0,"⚠️ 과열/추격 주의 · 손절 20,134(-7%)·본전전환 22,732(+5%)·1차익절 23,815(+10%) · ⚡ D+2내 22,083(+2%) 도달 시 절반 익절+잔여 본전 상향 (실측: 초반 급등 후 되돌림 -0.9%)",0,0.4,0,0,알파 35점 (진입선 85점 미달) · 손실방어 차단,alpha_gate_v32,CASH,0.0,,,0,NEUTRAL,"중립 레짐 — KOSPI 20일선 아래, 시장폭 82% (실측: 본전 구간 → 진입 허용하되 사이즈 50%)",0.5,1,35.3,22732.0,0.2433,1,이 점수 구간의 과거 실측 승률 29% (표본 11693건) · 거래량 밀집가 대비 -12.7% — 가치영역 근접 (실측 표본 적음) · 손익비 4.8 (손절 -9.4% / 1차목표 +45.5%),중립 레짐 — 사이즈 50% 권장,29.1,True,OVERHEAT,1,85.0,1,0,22083.0,,,,,0,1.0,,0,15.8,pctl>0.30,0,,0,1.0
194,330860,네패스아크,KOSDAQ,서비스 기타,27300,61.77,3326.2,0.0,0.0,OVERHEAT,OVERHEAT,5,False,0,False,4.0,4.0,0.0,8.0,0.0,0.0,3.5,2.7,8.0,90.0,2.79,1.5,밸런스우수 + RR2.8 + 진입적정,0,26900.0,24700.0,34550.0,43950.0,,2.17,0.89,42000,-27.81,특이사항 없음,0,-41.18,31.7,-9.57,,,5일 급등,"과열(급등·MFI·RSI) — 실측 역신호, 관망",NORMAL,82.2,"그외 기타 전문, 과학 및 기술 서비스업",6176592150.0,22.3,84.8,0,0,10.08,37.46,-14.42,-17.15,-31.58,20.26,-13.34,2.21,48.12,0.803,0.192,0,12.0,1,0,1.12,0.36,0,0,0,0,-1,30844.0,-35.0,1.2003,False,X,▲,20326,▲,O,X,6.85,250,0,1,1,1,63500.0,split,50.0,NORMAL+PM_BLOCK_INTRADAY+EF:당일 10%+ 급등 분할 진입+ENTRY:split,8.18,6.0,3.5,normal,7.0,v1_sl_first_gap_at_open,NORMAL+PM_BLOCK_INTRADAY+EF:당일 10%+ 급등 분할 진입+ENTRY:split,ATR_2x,23,SWING_20D,5,SWING_60D,2,0.0,"그외 기타 전문, 과학 및 기술 서비스업",12.922941176470587,7.686470588235293,13.0,85.6,0.0,0.13940345368916798,-0.04486156603939713,0.23076923076923078,OK,0.0,UNVALIDATED_MODEL,29.693862218240245,29.693862218240245,0.0,4,1,0.5,0.5,0.0,STRUCT+TIMING+SECTOR,default,default,default,70,20260805,20260805,,4.0,4.0,4.0,-12.0,-33.79,FRESH,0.291,,False,0.3,True,MATURE,11693.0,ALPHA_WIN_PROB,3.477,,1.81,0.0,상태 OVERHEAT — 신규진입 상태 아님(사이징 제외),0.3559,0.0,0.0,v40_alpha_tilt,,,,,,True,26.6,,ELITE_SCORE,MATURE,11693,2.4.0,OK,,100.0,ATTACK,OK,OK,OK,OK,OK,OK,OK,0,7,True,True,True,,0,GREEN,,,0.0,AVOID,0,5일 +37%,0,1,0,0,,0.0,T=8<70 · 전일+10%,100.0,GREEN,,,0,False,0,BELOW_OFFICIAL_BAR,TOP_PICK=0,,15.0,IGNORE,IGNORE,NORMAL,0,0,0,0,0,0,0,0,0,CLEAR,,,0,0,0,0,0.0,,,,,,,,,,DISABLED_LOSS_DEFENSE,,,,,,True,False,True,True,False,True,True,True,0.0,0.0,0.0,0.0,20.0,0.0,0.0,0.0,20.0,0.5,False,True,False,3,False,0.0,0.0,G2RR×0.5 · G5추세붕괴3축,,0,0,0,,0.0,0,과열이나 GUARD 미통과 — 레인 제외,False,0.0,0.0,False,,False,True,,0,54.0,21.0,0,1,BLOCK,5일 과열 37.5%,BLOCK,GUARD_BLOCK,1,0.0,신규진입 차단,기존 guard/JULY 차단 · 시장폭 82.2 · 5일 37.5%,20.43,6,301,0,19.58,288,,-4.0,25824.0,"진입 후 D+1 종가 25,824원(-4%) 이탈 시 익일 조기청산 권고",46.2,"최근 20거래일 유니버스 실측 2일 상승률 46.2% (n=6,245) · 종목별 유의차 미검증",NO_EDGE_VALIDATED,CAUTION,25017.0,29590.0,"⚠️ 과열/추격 주의 · 손절 25,017(-7%)·본전전환 28,245(+5%)·1차익절 29,590(+10%) · ⚡ D+2내 27,438(+2%) 도달 시 절반 익절+잔여 본전 상향 (실측: 초반 급등 후 되돌림 -0.9%)",0,0.4,0,0,알파 6점 (진입선 85점 미달) · 손실방어 차단,alpha_gate_v32,CASH,0.0,,,0,NEUTRAL,"중립 레짐 — KOSPI 20일선 아래, 시장폭 82% (실측: 본전 구간 → 진입 허용하되 사이즈 50%)",0.5,1,6.2,28245.0,0.2386,1,이 점수 구간의 과거 실측 승률 29% (표본 11693건) · 거래량 밀집가 대비 -27.8% — 가치영역 근접 (실측 표본 적음) · 손익비 2.8 (손절 -9.5% / 1차목표 +26.6%),중립 레짐 — 사이즈 50% 권장 · AI 알파모델 예측 하위 6% — 이 구간 실측 승률 24% — 픽 제외 구간,29.1,True,OVERHEAT,1,85.0,1,0,27438.0,,,,,0,1.0,,0,0.3,pctl>0.30,1,"⛔ 위험구간 — 알파 하위10% + 저점추세 하위30% (실측 5일 -2.88%·승률 21.5%, 20일 승률 10.8%) · 보유 중이면 정리 검토",0,1.0
195,170920,엘티씨,KOSDAQ,화학·소재,38550,136.37,4072.5,0.0,0.0,OVERHEAT,OVERHEAT,5,False,0,False,3.2,3.2,6.4,0.0,0.0,0.0,1.9,2.1,6.4,92.0,5.47,1.6,밸런스우수 + RR5.5 + 진입적정,0,37950.0,34900.0,58500.0,62000.0,,0.15,0.92,46123,-15.56,특이사항 없음,0,-32.34,32.0,-11.07,,,5일 급등,"과열(급등·MFI·RSI) — 실측 역신호, 관망",NORMAL,82.2,기초 화학물질 제조업,13636893250.0,32.9,85.9,0,0,6.49,30.24,-19.6,-13.57,-14.24,48.27,-9.76,19.55,76.13,0.568,0.13,0,12.0,0,0,1.16,0.39,0,0,0,0,-1,46970.0,-16.42,1.2216,False,X,▲,29446,▼,O,X,7.18,250,0,1,1,1,,split,50.0,NORMAL+PM_BLOCK_INTRADAY+EF:갭 7%+ 분할 진입+ENTRY:split,8.04,6.0,6.7,normal,7.0,v1_sl_first_gap_at_open,NORMAL+PM_BLOCK_INTRADAY+EF:갭 7%+ 분할 진입+ENTRY:split,SWING_20D,12,BB_UPPER,5,,0,0.0,기초 화학물질 제조업,18.9472,9.67,10.0,17.2,0.0,0.15332592180841206,-0.05626946730209646,0.3387096774193548,OK,0.0,UNVALIDATED_MODEL,12.32354430210685,12.32354430210685,0.0,4,1,0.5,0.5,0.0,STRUCT+TIMING+SECTOR,default,default,default,70,20260805,20260805,,3.2,3.2,3.2,-12.0,-33.79,FRESH,0.291,,False,0.3,True,MATURE,11693.0,ALPHA_WIN_PROB,6.738,,1.81,0.0,상태 OVERHEAT — 신규진입 상태 아님(사이징 제외),0.3559,0.0,0.0,v40_alpha_tilt,,,,,,True,51.8,,ELITE_SCORE,MATURE,11693,2.4.0,OK,,100.0,ATTACK,OK,OK,OK,OK,OK,OK,OK,0,7,True,True,True,,0,GREEN,,,0.0,AVOID,0,5일 +30%,0,1,0,0,,0.0,T=0<70,100.0,GREEN,,,0,False,0,BELOW_OFFICIAL_BAR,TOP_PICK=0,,15.0,IGNORE,IGNORE,NORMAL,0,0,0,0,0,0,0,0,0,CLEAR,,,0,0,0,0,0.0,,,,,,,,,,DISABLED_LOSS_DEFENSE,,,,,,True,False,True,True,False,True,True,True,0.0,0.0,0.0,0.0,20.0,0.0,0.0,0.0,20.0,0.3,False,True,False,4,False,0.0,0.0,G2RR×0.3 · G5추세붕괴4축,,0,0,0,,0.0,0,과열이나 GUARD 미통과 — 레인 제외,False,0.0,0.0,False,,False,True,,0,54.0,17.0,0,1,BLOCK,5일 과열 30.2%,BLOCK,GUARD_BLOCK,1,0.0,신규진입 차단,기존 guard/JULY 차단 · 시장폭 82.2 · 5일 30.2%,28.48,6,273,0,22.29,278,,-4.0,36432.0,"진입 후 D+1 종가 36,432원(-4%) 이탈 시 익일 조기청산 권고",46.2,"최근 20거래일 유니버스 실측 2일 상승률 46.2% (n=6,245) · 종목별 유의차 미검증",NO_EDGE_VALIDATED,CAUTION,35294.0,41745.0,"⚠️ 과열/추격 주의 · 손절 35,294(-7%)·본전전환 39,848(+5%)·1차익절 41,745(+10%) · ⚡ D+2내 38,709(+2%) 도달 시 절반 익절+잔여 본전 상향 (실측: 초반 급등 후 되돌림 -0.9%)",0,0.3,0,0,알파 1점 (진입선 85점 미달) · 손실방어 차단,alpha_gate_v32,CASH,0.0,,,0,NEUTRAL,"중립 레짐 — KOSPI 20일선 아래, 시장폭 82% (실측: 본전 구간 → 진입 허용하되 사이즈 50%)",0.5,1,0.9,39848.0,0.2386,1,이 점수 구간의 과거 실측 승률 29% (표본 11693건) · 거래량 밀집가 대비 -15.6% — 가치영역 근접 (실측 표본 적음) · 손익비 5.5 (손절 -9.5% / 1차목표 +51.8%),중립 레짐 — 사이즈 50% 권장 · AI 알파모델 예측 하위 1% — 이 구간 실측 승률 24% — 픽 제외 구간,29.1,True,OVERHEAT,1,85.0,1,0,38709.0,,,,,0,1.0,,0,4.0,pctl>0.30,1,"⛔ 위험구간 — 알파 하위10% + 저점추세 하위30% (실측 5일 -2.88%·승률 21.5%, 20일 승률 10.8%) · 보유 중이면 정리 검토",0,1.0
196,356860,티엘비,KOSDAQ,IT/전기전자,28050,86.57,3339.5,0.0,0.0,OVERHEAT,OVERHEAT,5,False,0,False,1.8,1.8,0.0,3.5,0.0,0.0,1.6,1.2,3.5,95.6,2.98,1.4,밸런스우수 + RR3.0 + 진입적정,0,27650.0,25400.0,35950.0,44650.0,,0.03,0.83,43669,-24.31,특이사항 없음,0,-37.18,26.4,-10.05,,,5일 급등,"과열(급등·MFI·RSI) — 실측 역신호, 관망",NORMAL,82.2,전자부품 제조업,8657004500.0,26.9,78.12,0,0,6.86,31.07,-13.29,-17.73,-42.09,2.68,-13.92,-8.3,30.54,0.936,0.143,0,12.0,1,0,1.26,0.34,0,0,0,0,-1,33865.0,-35.77,1.0957,False,X,▼,22311,▲,O,X,10.48,250,0,-1,-1,1,67700.0,split,50.0,NORMAL+PM_BLOCK_INTRADAY+EF:갭 7%+ 분할 진입+ENTRY:split,8.14,6.0,3.7,normal,7.0,v1_sl_first_gap_at_open,NORMAL+PM_BLOCK_INTRADAY+EF:갭 7%+ 분할 진입+ENTRY:split,ATR_2x,23,SWING_20D,5,SWING_60D,2,0.0,전자부품 제조업,28.983018867924528,12.636603773584905,4.0,87.8,0.0,0.14769544181308888,-0.00427964449338992,0.0,OK,0.0,UNVALIDATED_MODEL,22.0296705942854,22.0296705942854,0.0,4,1,0.5,0.5,0.0,STRUCT+TIMING+SECTOR,default,default,default,70,20260805,20260805,,1.8,1.8,1.8,-12.0,-33.79,FRESH,0.291,,False,0.3,True,MATURE,11693.0,ALPHA_WIN_PROB,3.689,,1.81,0.0,상태 OVERHEAT — 신규진입 상태 아님(사이징 제외),0.3559,0.0,0.0,v40_alpha_tilt,,,,,,True,28.2,,ELITE_SCORE,MATURE,11693,2.4.0,OK,,100.0,ATTACK,OK,OK,OK,OK,OK,OK,OK,0,7,True,True,True,,0,GREEN,,,0.0,AVOID,0,5일 +31%,0,1,0,0,,0.0,T=4<70,100.0,GREEN,,,0,False,0,BELOW_OFFICIAL_BAR,TOP_PICK=0,,15.0,IGNORE,IGNORE,NORMAL,0,0,0,0,0,0,0,0,0,CLEAR,,,0,0,0,0,0.0,,,,,,,,,,DISABLED_LOSS_DEFENSE,,,,,,True,False,True,True,False,True,True,True,0.0,0.0,0.0,0.0,20.0,0.0,0.0,0.0,20.0,0.5,False,True,False,3,False,0.0,0.0,G2RR×0.5 · G5추세붕괴3축,,0,0,0,,0.0,0,과열이나 GUARD 미통과 — 레인 제외,False,0.0,0.0,False,,False,True,,0,62.0,27.0,0,1,BLOCK,5일 과열 31.1%,BLOCK,GUARD_BLOCK,1,0.0,신규진입 차단,기존 guard/JULY 차단 · 시장폭 82.2 · 5일 31.1%,19.04,6,306,0,17.26,295,,-4.0,26544.0,"진입 후 D+1 종가 26,544원(-4%) 이탈 시 익일 조기청산 권고",46.2,"최근 20거래일 유니버스 실측 2일 상승률 46.2% (n=6,245) · 종목별 유의차 미검증",NO_EDGE_VALIDATED,CAUTION,25714.0,30415.0,"⚠️ 과열/추격 주의 · 손절 25,714(-7%)·본전전환 29,032(+5%)·1차익절 30,415(+10%) · ⚡ D+2내 28,203(+2%) 도달 시 절반 익절+잔여 본전 상향 (실측: 초반 급등 후 되돌림 -0.9%)",0,0.2,0,0,알파 18점 (진입선 85점 미달) · 손실방어 차단,alpha_gate_v32,CASH,0.0,,,0,NEUTRAL,"중립 레짐 — KOSPI 20일선 아래, 시장폭 82% (실측: 본전 구간 → 진입 허용하되 사이즈 50%)",0.5,1,18.0,29032.0,0.2489,1,이 점수 구간의 과거 실측 승률 29% (표본 11693건) · 거래량 밀집가 대비 -24.3% — 가치영역 근접 (실측 표본 적음) · 손익비 3.0 (손절 -9.4% / 1차목표 +28.2%),중립 레짐 — 사이즈 50% 권장 · AI 알파모델 예측 하위 18% — 이 구간 실측 승률 25% — 픽 제외 구간,29.1,True,OVERHEAT,1,85.0,1,0,28203.0,,,,,0,1.0,,0,1.9,pctl>0.30,0,,0,1.0
197,088980,맥쿼리인프라,KOSPI,기타,9970,141.59,47748.5,0.0,0.0,WAIT,ARMED,3,True,1,False,20.2,20.2,0.0,40.3,0.0,0.0,16.3,13.4,40.3,49.6,1.06,0.0,RR1.1 + 진입적정,1,9970.0,9630.0,10330.0,11350.0,,0.37,1.02,10636,-12.16,특이사항 없음,5,-1.4,42.4,-0.78,,,,알파 상위권 + 코일(스퀴즈/추세) — 진입 임박,NORMAL,82.2,신탁업 및 집합투자업,14158557575.0,41.8,3.47,1,1,0.91,0.4,-0.6,-1.19,-11.69,-11.38,12.63,0.31,-39.16,0.974,0.17,0,6.0,1,1,0.86,0.28,0,0,0,0,-1,10406.0,-6.27,-0.0188,True,X,▼,9969,▼,O,X,0.2,250,0,-1,-1,1,11890.0,enter,100.0,NORMAL+PM_BLOCK_INTRADAY+EF:정상,3.41,5.0,1.1,normal,7.0,v1_sl_first_gap_at_open,NORMAL+PM_BLOCK_INTRADAY+EF:정상,SWING_20D,23,VP_RESISTANCE,2,SWING_120D,2,0.0,신탁업 및 집합투자업,22.15142857142857,8.541428571428572,9.0,18.6,0.0,0.015904857429431152,-0.0066924738207893,0.2,OK,0.0,UNVALIDATED_MODEL,40.78844417419354,40.78844417419354,0.0,2,0,0.5,0.5,0.0,STRUCT+TIMING+SECTOR,default,default,default,70,20260805,20260805,,20.2,20.2,20.2,-12.0,-33.79,FRESH,0.291,,False,0.3,True,MATURE,11693.0,ALPHA_WIN_PROB,1.059,,1.059,0.0,실측 승률 39% < 필요 승률 49% (손익비 1.06) — 켈리 기준 미달,0.4857,0.0,0.0,v40_alpha_tilt,,,,,,True,3.6,ALPHA,ELITE_SCORE,MATURE,11693,2.4.0,OK,,100.0,ATTACK,OK,OK,OK,OK,OK,OK,OK,0,7,True,True,True,,0,GREEN,,,0.0,AVOID,0,RR 1.06,0,0,0,0,,0.0,T=40<70,100.0,GREEN,,,0,False,0,BELOW_OFFICIAL_BAR,TOP_PICK=0,EBS 미통과/불명,5.0,IGNORE,IGNORE,NORMAL,0,0,0,0,0,0,0,0,0,CLEAR,,,0,0,0,0,0.0,,,,,,,,,,DISABLED_LOSS_DEFENSE,,,,,,True,False,True,True,False,True,True,True,0.0,0.0,0.0,0.0,20.0,0.0,0.0,0.0,20.0,0.5,False,True,False,5,False,0.0,0.0,G2RR×0.5 · G5추세붕괴5축,,0,0,0,,0.0,0,,False,0.0,0.0,False,,False,True,,0,84.0,84.0,0,0,CAUTION,중립/관찰,B,REALISTIC_RR,0,0.35,관찰 후보,현실형 RR · 시장폭 82.2 · 5일 0.4%,48.58,6,178,0,56.1,141,,-4.0,9571.0,"진입 후 D+1 종가 9,571원(-4%) 이탈 시 익일 조기청산 권고",46.2,"최근 20거래일 유니버스 실측 2일 상승률 46.2% (n=6,245) · 종목별 유의차 미검증",NO_EDGE_VALIDATED,OK,9272.0,10967.0,"손절 9,272(-7%)·본전전환 10,468(+5%)·1차익절 10,967(+10%) · ⚡ D+2내 10,169(+2%) 도달 시 절반 익절+잔여 본전 상향 (실측: 초반 급등 후 되돌림 -0.9%)",0,0.0,0,0,즉시매수 기준 미달 · 손익비 1.06,alpha_gate_v32,CASH,0.0,,,0,NEUTRAL,"중립 레짐 — KOSPI 20일선 아래, 시장폭 82% (실측: 본전 구간 → 진입 허용하되 사이즈 50%)",0.5,1,94.1,10468.0,0.3888,1,이 점수 구간의 과거 실측 승률 29% (표본 11693건) · 거래량 밀집가 대비 -12.2% — 가치영역 근접 (실측 표본 적음) · 손익비 1.1 (손절 -3.4% / 1차목표 +3.6%) · 변동성 응축 5일째 (스퀴즈 — 방향 분출 대기) · AI 알파모델 예측 상위 6% (OOS 검증 통과 모델 — 이 구간 실측 승률 39%),중립 레짐 — 사이즈 50% 권장,29.1,True,WAIT,1,85.0,1,1,10169.0,,,,,1,1.0,,0,69.7,pctl>0.30,0,,0,1.0
198,032640,LG유플러스,KOSPI,IT/전기전자,14920,135.25,63324.6,0.0,,WAIT,ATTACK,3,True,1,False,35.0,35.0,26.0,44.1,0.0,0.0,24.6,23.4,44.1,44.9,0.83,0.0,진입적정,0,14920.0,13920.0,15750.0,16290.0,⚡눌림회복,0.94,0.85,15364,-8.37,특이사항 없음,5,0.42,61.6,1.42,,,,알파 상위 + MA20위·저점상승 확인 — 진입 우선,NORMAL,82.2,전기 통신업,13525322120.0,50.8,7.92,1,1,-0.07,3.54,1.91,-0.47,-0.86,-4.85,13.35,11.14,-32.63,0.824,0.439,0,6.5,0,0,1.24,0.47,0,0,0,1,-1,15764.0,-2.89,-0.0347,True,X,▼,14919,▲,O,X,-0.33,250,0,-1,-1,1,18800.0,enter,100.0,NORMAL+PM_BLOCK_INTRADAY+EF:정상,6.7,4.0,0.8,normal,7.0,v1_sl_first_gap_at_open,NORMAL+PM_BLOCK_INTRADAY+EF:정상,SWING_20D,23,VP_RESISTANCE,12,SWING_60D,2,0.0,전기 통신업,28.983018867924528,12.636603773584905,4.0,19.4,0.0,0.03226733052470318,-0.038925144474163655,0.8780487804878049,OK,0.0,UNVALIDATED_MODEL,45.07998433885968,45.07998433885968,0.0,8,1,0.5,0.5,0.0,STRUCT+TIMING+SECTOR,default,default,default,70,20260805,20260805,,35.0,35.0,35.0,-12.0,-33.79,FRESH,0.291,elite_low_wr_0.29,True,0.3,True,MATURE,11693.0,ALPHA_WIN_PROB,0.83,,0.83,0.0,실측 승률 36% < 필요 승률 55% (손익비 0.83) — 켈리 기준 미달,0.5464,0.0,,v40_alpha_tilt,,,,,,True,5.6,,ELITE_SCORE,MATURE,11693,2.4.0,OK,,100.0,ATTACK,OK,OK,OK,OK,OK,OK,OK,0,7,True,True,True,,0,GREEN,,,0.0,AVOID,0,RR 0.83,0,0,0,0,,0.0,T=44<70,100.0,GREEN,,,0,False,0,BELOW_OFFICIAL_BAR,TOP_PICK=0,,5.0,IGNORE,IGNORE,NORMAL,0,0,0,0,0,0,0,0,0,CLEAR,,,0,0,0,0,0.0,,,,,,,,,,DISABLED_LOSS_DEFENSE,,,,,,True,False,True,True,False,True,True,True,0.0,0.0,0.0,0.0,20.0,0.0,0.0,0.0,20.0,0.5,False,True,False,3,False,0.0,0.0,G2RR×0.5 · G5추세붕괴3축,,0,0,0,,0.0,0,,False,0.0,0.0,False,,False,True,,0,100.0,93.0,0,0,CAUTION,중립/관찰,B,REALISTIC_RR,0,0.35,관찰 후보,현실형 RR · 시장폭 82.2 · 5일 3.5%,59.44,6,101,0,68.65,67,,-4.0,14323.0,"진입 후 D+1 종가 14,323원(-4%) 이탈 시 익일 조기청산 권고",46.2,"최근 20거래일 유니버스 실측 2일 상승률 46.2% (n=6,245) · 종목별 유의차 미검증",NO_EDGE_VALIDATED,OK,13876.0,16412.0,"손절 13,876(-7%)·본전전환 15,666(+5%)·1차익절 16,412(+10%) · ⚡ D+2내 15,218(+2%) 도달 시 절반 익절+잔여 본전 상향 (실측: 초반 급등 후 되돌림 -0.9%)",0,0.0,0,0,진입 조건 미달 · 손익비 0.83,alpha_gate_v32,CASH,0.0,,,0,NEUTRAL,"중립 레짐 — KOSPI 20일선 아래, 시장폭 82% (실측: 본전 구간 → 진입 허용하되 사이즈 50%)",0.5,1,87.9,15666.0,0.3572,1,이 점수 구간의 과거 실측 승률 29% (표본 11693건) · 거래량 밀집가 대비 -8.4% — 가치영역 근접 (실측 표본 적음) · 변동성 응축 5일째 (스퀴즈 — 방향 분출 대기) · AI 알파모델 예측 상위 12% (OOS 검증 통과 모델 — 이 구간 실측 승률 36%),중립 레짐 — 사이즈 50% 권장 · 손익비 0.83 <1 — 이길 수 없는 구조,29.1,False,WAIT,1,85.0,1,0,15218.0,,,,,1,1.0,,0,74.9,pctl>0.30,0,,0,1.0
199,064260,다날,KOSDAQ,IT/전기전자,4875,216.5,3687.7,0.0,,WAIT,ATTACK,3,True,1,False,69.6,69.6,73.6,65.6,0.0,0.0,12.6,46.4,73.6,8.0,0.58,0.0,진입적정,0,4875.0,4485.0,5100.0,5780.0,🚀급등시동,1.46,0.99,5001,-39.61,특이사항 없음,3,3.68,60.5,13.84,STRUCT 강점,,,알파 상위 + MA20위·저점상승 확인 — 진입 우선,NORMAL,82.2,소프트웨어 개발 및 공급업,21649880691.0,83.8,28.46,0,0,1.46,10.54,24.05,17.05,-32.85,-44.67,20.86,0.94,-16.81,0.778,0.014,0,12.0,1,0,3.39,0.83,0,0,0,1,1,3220.5,-2.53,0.192,False,X,▼,4634,▲,O,X,1.04,250,0,-1,-1,1,7960.0,enter,100.0,NORMAL+PM_BLOCK_INTRADAY+EF:정상,8.0,6.0,0.6,normal,7.0,v1_sl_first_gap_at_open,NORMAL+PM_BLOCK_INTRADAY+EF:정상,SWING_20D,46,ATR_2x,23,SWING_60D,2,0.0,소프트웨어 개발 및 공급업,28.983018867924528,12.636603773584905,4.0,28.8,0.0,0.09274725274725275,0.032544542784714046,0.35294117647058826,OK,0.0,UNVALIDATED_MODEL,64.406325393043,64.406325393043,0.0,8,1,0.5,0.5,0.0,STRUCT+TIMING+SECTOR,default,default,default,70,20260805,20260805,,69.6,69.6,69.6,-12.0,-33.79,FRESH,0.291,elite_low_wr_0.29,True,0.477,False,MATURE,11693.0,ALPHA_WIN_PROB,0.577,,0.577,0.0,실측 승률 36% < 필요 승률 63% (손익비 0.58) — 켈리 기준 미달,0.6341,0.0,,v40_alpha_tilt,,,,,,True,4.6,,ELITE_SCORE,MATURE,11693,2.4.0,OK,,100.0,ATTACK,OK,OK,OK,OK,OK,OK,OK,0,7,True,True,True,,0,GREEN,,,0.0,AVOID,0,RR 0.58,0,0,0,0,,0.0,T=66<70 · S=74≥50,100.0,GREEN,,,0,False,0,BELOW_OFFICIAL_BAR,TOP_PICK=0,,13.0,IGNORE,IGNORE,NORMAL,0,0,0,0,0,0,0,0,0,CLEAR,,,0,0,0,0,0.0,,,,,,,,,,DISABLED_LOSS_DEFENSE,,,,,,True,True,True,True,True,True,True,True,0.0,0.0,0.0,0.0,0.0,0.0,0.0,0.0,0.0,1.0,False,False,False,1,True,12.6,1.0,,,0,0,0,,12.6,0,,False,0.0,0.0,False,,False,True,,0,82.0,72.0,0,0,CAUTION,5일 상승 10.5% > 5%,C,WATCH,0,0.2,관찰,시장폭 82.2 · 5일 10.5%,75.88,6,33,0,64.02,94,모멘텀확인중(PMS76),-4.0,4680.0,"진입 후 D+1 종가 4,680원(-4%) 이탈 시 익일 조기청산 권고",46.2,"최근 20거래일 유니버스 실측 2일 상승률 46.2% (n=6,245) · 종목별 유의차 미검증",NO_EDGE_VALIDATED,OK,4534.0,5362.0,"손절 4,534(-7%)·본전전환 5,119(+5%)·1차익절 5,362(+10%) · ⚡ D+2내 4,972(+2%) 도달 시 절반 익절+잔여 본전 상향 (실측: 초반 급등 후 되돌림 -0.9%)",0,0.0,0,0,진입 조건 미달 · 손익비 0.58,alpha_gate_v32,CASH,0.0,,,0,NEUTRAL,"중립 레짐 — KOSPI 20일선 아래, 시장폭 82% (실측: 본전 구간 → 진입 허용하되 사이즈 50%)",0.5,1,87.3,5119.0,0.3572,1,이 점수 구간의 과거 실측 승률 29% (표본 11693건) · 거래량 밀집가 대비 -39.6% — 가치영역 근접 (실측 표본 적음) · 변동성 응축 3일째 (스퀴즈 — 방향 분출 대기) · AI 알파모델 예측 상위 13% (OOS 검증 통과 모델 — 이 구간 실측 승률 36%),중립 레짐 — 사이즈 50% 권장 · 손익비 0.58 <1 — 이길 수 없는 구조,29.1,False,WAIT,1,85.0,1,0,4972.0,,,,,1,1.0,,0,83.0,pctl>0.30,0,,0,1.0
200,015760,한국전력,KOSPI,기타,35700,389.79,229181.2,0.0,0.0,WAIT,ATTACK,3,True,1,False,27.2,27.2,25.8,28.7,0.0,0.0,5.8,18.2,28.7,64.1,0.76,0.0,진입적정,0,35700.0,32800.0,37900.0,39150.0,,0.86,0.66,37757,-7.3,특이사항 없음,0,0.47,58.0,3.17,,,,알파 상위 + MA20위·저점상승 확인 — 진입 우선,NORMAL,82.2,전기업,38978827425.0,50.9,13.01,0,0,1.56,7.85,5.31,-6.54,-18.96,-42.33,7.28,-6.96,-70.11,0.888,0.213,0,9.6,1,0,0.98,0.63,0,0,0,1,-1,38640.0,-5.45,0.2002,False,X,▼,34515,▲,O,X,2.99,250,0,-1,-1,1,43900.0,enter,100.0,NORMAL+PM_BLOCK_INTRADAY+EF:정상,8.12,4.0,0.8,normal,7.0,v1_sl_first_gap_at_open,NORMAL+PM_BLOCK_INTRADAY+EF:정상,SWING_20D,46,ATR_2x,23,SWING_60D,5,0.0,전기업,22.15142857142857,8.541428571428572,9.0,39.1,0.0,0.04791916766706683,-0.017730128693400238,0.35294117647058826,OK,0.0,UNVALIDATED_MODEL,43.82850396679933,43.82850396679933,0.0,6,1,0.5,0.5,0.0,STRUCT+TIMING+SECTOR,default,default,default,70,20260805,20260805,,27.2,27.2,27.2,-12.0,-33.79,FRESH,0.291,,False,0.3,True,MATURE,11693.0,ALPHA_WIN_PROB,0.759,,0.759,0.0,실측 승률 39% < 필요 승률 57% (손익비 0.76) — 켈리 기준 미달,0.5686,0.0,0.0,v40_alpha_tilt,,,,,,True,6.2,,ELITE_SCORE,MATURE,11693,2.4.0,OK,,100.0,ATTACK,OK,OK,OK,OK,OK,OK,OK,0,7,True,True,True,,0,GREEN,,,0.0,AVOID,0,RR 0.76,0,0,0,0,,0.0,T=29<70,100.0,GREEN,,,0,False,0,BELOW_OFFICIAL_BAR,TOP_PICK=0,,5.0,IGNORE,IGNORE,NORMAL,0,0,0,0,0,0,0,0,0,CLEAR,,,0,0,0,0,0.0,,,,,,,,,,DISABLED_LOSS_DEFENSE,,,,,,True,False,True,True,True,True,True,True,0.0,0.0,0.0,0.0,0.0,0.0,0.0,0.0,0.0,0.5,False,False,False,2,False,2.9,0.5,G2RR×0.5,,0,0,0,,2.9,0,,False,0.0,0.0,False,,False,True,,0,80.0,74.0,0,0,CAUTION,5일 상승 7.8% > 5%,B,REALISTIC_RR,0,0.35,관찰 후보,현실형 RR · 시장폭 82.2 · 5일 7.8%,53.77,6,145,0,38.73,229,,-4.0,34272.0,"진입 후 D+1 종가 34,272원(-4%) 이탈 시 익일 조기청산 권고",46.2,"최근 20거래일 유니버스 실측 2일 상승률 46.2% (n=6,245) · 종목별 유의차 미검증",NO_EDGE_VALIDATED,OK,33201.0,39270.0,"손절 33,201(-7%)·본전전환 37,485(+5%)·1차익절 39,270(+10%) · ⚡ D+2내 36,414(+2%) 도달 시 절반 익절+잔여 본전 상향 (실측: 초반 급등 후 되돌림 -0.9%)",0,0.0,0,0,진입 조건 미달 · 손익비 0.76,alpha_gate_v32,CASH,0.0,,,0,NEUTRAL,"중립 레짐 — KOSPI 20일선 아래, 시장폭 82% (실측: 본전 구간 → 진입 허용하되 사이즈 50%)",0.5,1,100.0,37485.0,0.3888,1,이 점수 구간의 과거 실측 승률 29% (표본 11693건) · 거래량 밀집가 대비 -7.3% — 가치영역 근접 (실측 표본 적음) · AI 알파모델 예측 상위 0% (OOS 검증 통과 모델 — 이 구간 실측 승률 39%),중립 레짐 — 사이즈 50% 권장 · 손익비 0.76 <1 — 이길 수 없는 구조,29.1,False,WAIT,1,85.0,1,0,36414.0,,,,,1,1.0,,0,75.4,pctl>0.30,0,,0,1.0
201,251270,넷마블,KOSPI,인터넷/플랫폼·게임,37950,65.65,31094.2,0.0,0.0,WAIT,ATTACK,3,True,1,False,49.5,49.5,59.5,39.5,0.0,0.0,9.1,33.0,59.5,25.6,0.64,0.0,진입적정,0,37950.0,34900.0,39900.0,41200.0,,1.26,0.98,40065,-29.09,특이사항 없음,0,3.07,61.1,2.16,저점추세 양호,,,알파 상위 + MA20위·저점상승 확인 — 진입 우선,NORMAL,82.2,소프트웨어 개발 및 공급업,6564783725.0,51.2,14.03,0,0,-3.44,5.56,6.75,-3.31,-11.74,-25.3,10.51,0.26,-53.08,0.927,0.13,0,8.5,1,0,0.93,0.66,0,0,0,1,-1,39590.0,-5.28,0.0815,False,X,▼,38300,▲,X,X,0.25,250,0,-1,-1,1,53600.0,enter,100.0,NORMAL+PM_BLOCK_INTRADAY+EF:정상,8.04,5.0,0.6,normal,7.0,v1_sl_first_gap_at_open,NORMAL+PM_BLOCK_INTRADAY+EF:정상,SWING_20D,46,ATR_2x,23,VP_RESISTANCE,2,0.0,소프트웨어 개발 및 공급업,0.43333333333333296,8.643333333333333,14.0,23.6,0.0,0.042725390551477505,0.0241675391845163,0.25,OK,0.0,UNVALIDATED_MODEL,49.07333935449739,49.07333935449739,0.0,6,1,0.5,0.5,0.0,STRUCT+TIMING+SECTOR,default,default,default,70,20260805,20260805,,49.5,49.5,49.5,-12.0,-33.79,FRESH,0.291,,False,0.316,True,MATURE,11693.0,ALPHA_WIN_PROB,0.639,,0.639,0.0,실측 승률 39% < 필요 승률 61% (손익비 0.64) — 켈리 기준 미달,0.61,0.0,0.0,v40_alpha_tilt,,,,,,True,5.1,,ELITE_SCORE,MATURE,11693,2.4.0,OK,,100.0,ATTACK,OK,OK,OK,OK,OK,OK,OK,0,7,True,True,True,,0,GREEN,,,0.0,AVOID,0,RR 0.64,0,0,0,0,,0.0,T=40<70 · S=60≥50,100.0,GREEN,,,0,False,0,BELOW_OFFICIAL_BAR,TOP_PICK=0,,5.0,IGNORE,IGNORE,NORMAL,0,0,0,0,0,0,0,0,0,CLEAR,,,0,0,0,0,0.0,,,,,,,,,,DISABLED_LOSS_DEFENSE,,,,,,True,False,True,True,True,True,True,True,0.0,0.0,0.0,0.0,0.0,0.0,0.0,0.0,0.0,0.5,False,False,False,2,False,4.6,0.5,G2RR×0.5,,0,0,0,,4.6,0,,False,0.0,0.0,False,,False,True,,0,80.0,74.0,0,0,CAUTION,5일 상승 5.6% > 5%,B,REALISTIC_RR,0,0.35,관찰 후보,현실형 RR · 시장폭 82.2 · 5일 5.6%,60.66,6,94,0,48.21,186,모멘텀확인중(PMS61),-4.0,36432.0,"진입 후 D+1 종가 36,432원(-4%) 이탈 시 익일 조기청산 권고",46.2,"최근 20거래일 유니버스 실측 2일 상승률 46.2% (n=6,245) · 종목별 유의차 미검증",NO_EDGE_VALIDATED,OK,35294.0,41745.0,"손절 35,294(-7%)·본전전환 39,848(+5%)·1차익절 41,745(+10%) · ⚡ D+2내 38,709(+2%) 도달 시 절반 익절+잔여 본전 상향 (실측: 초반 급등 후 되돌림 -0.9%)",0,0.0,0,0,진입 조건 미달 · 손익비 0.64,alpha_gate_v32,CASH,0.0,,,0,NEUTRAL,"중립 레짐 — KOSPI 20일선 아래, 시장폭 82% (실측: 본전 구간 → 진입 허용하되 사이즈 50%)",0.5,1,91.3,39848.0,0.3888,1,이 점수 구간의 과거 실측 승률 29% (표본 11693건) · 거래량 밀집가 대비 -29.1% — 가치영역 근접 (실측 표본 적음) · AI 알파모델 예측 상위 9% (OOS 검증 통과 모델 — 이 구간 실측 승률 39%),중립 레짐 — 사이즈 50% 권장 · 손익비 0.64 <1 — 이길 수 없는 구조,29.1,False,WAIT,1,85.0,1,0,38709.0,,,,,1,1.0,,0,81.4,pctl>0.30,0,,0,1.0
202,139480,이마트,KOSPI,유통·소비재,79700,70.21,21993.9,0.0,,NEUTRAL,ARMED,4,True,1,False,13.4,13.4,0.0,26.7,0.0,0.0,11.2,8.9,26.7,66.6,0.91,0.0,진입적정,0,79700.0,73300.0,85500.0,106700.0,,0.7,0.76,90261,-25.29,특이사항 없음,5,-0.53,50.6,-0.48,,,,알파 상위권 + 코일(스퀴즈/추세) — 진입 임박,NORMAL,82.2,종합 소매업,7020567700.0,50.4,9.9,1,1,-0.5,3.37,-2.45,-5.9,-29.41,-23.07,7.92,-17.41,-50.85,0.966,0.145,0,8.8,1,0,1.22,0.44,0,0,0,0,-1,88740.0,-11.7,0.0471,False,X,▼,79123,▼,O,X,0.5,250,0,-1,-1,1,118700.0,enter,100.0,NORMAL+PM_BLOCK_INTRADAY+EF:정상,8.03,5.0,0.9,normal,7.0,v1_sl_first_gap_at_open,NORMAL+PM_BLOCK_INTRADAY+EF:정상,SWING_20D,23,VP_RESISTANCE,2,SWING_60D,2,0.0,종합 소매업,-1.063076923076923,-0.3392307692307692,16.0,22.5,0.0,0.04382505825416741,0.008607443991810376,0.4782608695652174,OK,0.0,UNVALIDATED_MODEL,28.498036841386842,28.498036841386842,0.0,8,1,0.5,0.5,0.0,STRUCT+TIMING+SECTOR,default,default,default,70,20260805,20260805,,13.4,13.4,13.4,-12.0,-33.79,FRESH,0.291,,False,0.3,True,MATURE,11693.0,ALPHA_WIN_PROB,0.906,,0.906,0.0,실측 승률 36% < 필요 승률 52% (손익비 0.91) — 켈리 기준 미달,0.5246,0.0,,v40_alpha_tilt,,,,,,True,7.3,,ELITE_SCORE,MATURE,11693,2.4.0,OK,,100.0,ATTACK,OK,OK,OK,OK,OK,OK,OK,0,7,True,True,True,,0,GREEN,,,0.0,AVOID,0,RR 0.91,0,0,0,0,,0.0,T=27<70,100.0,GREEN,,,0,False,0,BELOW_OFFICIAL_BAR,TOP_PICK=0,,5.0,IGNORE,IGNORE,NORMAL,0,0,0,0,0,0,0,0,0,CLEAR,,,0,0,0,0,0.0,,,,,,,,,,DISABLED_LOSS_DEFENSE,,,,,,True,False,True,True,False,True,True,True,0.0,0.0,0.0,0.0,20.0,0.0,0.0,0.0,20.0,0.5,False,True,False,4,False,0.0,0.0,G2RR×0.5 · G5추세붕괴4축,,0,0,0,,0.0,0,,False,0.0,0.0,False,,False,True,,0,92.0,85.0,0,0,CAUTION,중립/관찰,B,REALISTIC_RR,0,0.35,관찰 후보,현실형 RR · 시장폭 82.2 · 5일 3.4%,38.05,6,238,0,42.4,215,,-4.0,76512.0,"진입 후 D+1 종가 76,512원(-4%) 이탈 시 익일 조기청산 권고",46.2,"최근 20거래일 유니버스 실측 2일 상승률 46.2% (n=6,245) · 종목별 유의차 미검증",NO_EDGE_VALIDATED,HIGH_AVOID,74121.0,87670.0,"⛔ 고위험 루트(진입보류 권고) · 손절 74,121(-7%)·본전전환 83,685(+5%)·1차익절 87,670(+10%) · ⚡ D+2내 81,294(+2%) 도달 시 절반 익절+잔여 본전 상향 (실측: 초반 급등 후 되돌림 -0.9%)",0,0.0,0,0,진입 조건 미달 · 손익비 0.91,alpha_gate_v32,CASH,0.0,,,0,NEUTRAL,"중립 레짐 — KOSPI 20일선 아래, 시장폭 82% (실측: 본전 구간 → 진입 허용하되 사이즈 50%)",0.5,1,89.8,83685.0,0.3572,1,이 점수 구간의 과거 실측 승률 29% (표본 11693건) · 거래량 밀집가 대비 -25.3% — 가치영역 근접 (실측 표본 적음) · 변동성 응축 5일째 (스퀴즈 — 방향 분출 대기) · AI 알파모델 예측 상위 10% (OOS 검증 통과 모델 — 이 구간 실측 승률 36%),중립 레짐 — 사이즈 50% 권장 · 손익비 0.91 <1 — 이길 수 없는 구조,29.1,False,NEUTRAL,1,85.0,1,0,81294.0,,,,,1,1.0,,0,70.6,pctl>0.30,0,,0,1.0
203,138040,메리츠금융지주,KOSPI,금융,120400,312.41,201486.1,0.0,,WAIT,ARMED,3,True,1,False,72.4,72.4,75.1,69.8,0.0,0.0,13.1,48.3,75.1,6.1,0.78,0.0,진입적정,0,120400.0,110700.0,128000.0,132500.0,⚡눌림회복,1.82,0.88,110363,5.51,특이사항 없음,4,4.11,54.5,2.15,STRUCT 강점,,,알파 상위권 + 코일(스퀴즈/추세) — 진입 임박,NORMAL,82.2,기타 금융업,31240584000.0,45.9,13.76,1,0,0.75,2.38,5.24,5.24,7.12,-2.98,19.06,19.12,-30.76,0.186,0.138,1,10.0,1,0,0.82,0.59,0,0,0,1,1,109920.0,9.09,-0.1431,False,O,▲,122862,▼,X,X,-0.67,250,0,1,-1,1,141600.0,enter,100.0,NORMAL+PM_BLOCK_INTRADAY+EF:정상,8.06,4.0,0.8,normal,7.0,v1_sl_first_gap_at_open,NORMAL+PM_BLOCK_INTRADAY+EF:정상,SWING_20D,46,ATR_2x,23,ATR_3.5x,12,0.0,기타 금융업,14.904375,12.145312500000001,11.0,30.0,0.0,0.05024916943521595,0.025218265615853525,0.6530612244897959,OK,0.0,UNVALIDATED_MODEL,45.19860709813843,45.19860709813843,0.0,6,1,0.5,0.5,0.0,STRUCT+TIMING+SECTOR,default,default,default,70,20260805,20260805,,72.4,72.4,72.4,-12.0,-33.79,FRESH,0.291,elite_low_wr_0.29,True,0.499,False,MATURE,11693.0,ALPHA_WIN_PROB,0.784,,0.784,0.0,실측 승률 36% < 필요 승률 56% (손익비 0.78) — 켈리 기준 미달,0.5607,0.0,,v40_alpha_tilt,,,,,,True,6.3,,ELITE_SCORE,MATURE,11693,2.4.0,OK,,100.0,ATTACK,OK,OK,OK,OK,OK,OK,OK,0,7,True,True,True,,1,RED,B_RED,STRUCT 70~85 위험 구간 + VWAP_GAP > 8% 과열,0.0,AVOID,0,RR 0.78,0,0,0,0,,0.0,T=70<70 · S=75≥50,85.0,CAUTION,B_RED_SHADOW,B_red shadow 감점 -15: STRUCT 70~85 + VWAP_GAP>8 위험 조합 · 공식 매수 차단 아님,1,False,0,BELOW_OFFICIAL_BAR,TOP_PICK=0,,13.0,IGNORE,IGNORE,NORMAL,0,0,0,0,0,0,0,0,0,CLEAR,,,0,0,0,0,0.0,,,,,,,,,,DISABLED_LOSS_DEFENSE,,,,,,True,True,True,True,True,True,True,True,0.0,0.0,0.0,0.0,0.0,0.0,0.0,0.0,0.0,1.0,False,False,False,2,True,13.1,1.0,,,0,0,0,,13.1,0,,False,0.0,0.0,False,,False,True,,0,88.0,90.0,0,0,CAUTION,중립/관찰,B,REALISTIC_RR,0,0.35,관찰 후보,현실형 RR · 시장폭 82.2 · 5일 2.4%,76.99,6,30,0,65.43,84,모멘텀확인중(PMS77),-4.0,115584.0,"진입 후 D+1 종가 115,584원(-4%) 이탈 시 익일 조기청산 권고",46.2,"최근 20거래일 유니버스 실측 2일 상승률 46.2% (n=6,245) · 종목별 유의차 미검증",NO_EDGE_VALIDATED,OK,111972.0,132440.0,"손절 111,972(-7%)·본전전환 126,420(+5%)·1차익절 132,440(+10%) · ⚡ D+2내 122,808(+2%) 도달 시 절반 익절+잔여 본전 상향 (실측: 초반 급등 후 되돌림 -0.9%)",0,0.0,0,0,알파 80점 (진입선 85점 미달) · 손익비 0.78,alpha_gate_v32,CASH,0.0,,,0,NEUTRAL,"중립 레짐 — KOSPI 20일선 아래, 시장폭 82% (실측: 본전 구간 → 진입 허용하되 사이즈 50%)",0.5,1,80.2,126420.0,0.3572,1,이 점수 구간의 과거 실측 승률 29% (표본 11693건) · 거래량 밀집가 대비 +5.5% — 가치영역 근접 (실측 승률 40%) · 변동성 응축 4일째 (스퀴즈 — 방향 분출 대기) · AI 알파모델 예측 상위 20% (OOS 검증 통과 모델 — 이 구간 실측 승률 36%),중립 레짐 — 사이즈 50% 권장 · 손익비 0.78 <1 — 이길 수 없는 구조,29.1,False,WAIT,1,85.0,1,0,122808.0,,,,,1,1.0,,0,84.2,pctl>0.30,0,,0,1.0
204,282330,BGF리테일,KOSPI,유통·소비재,122300,127.28,21138.2,0.0,,NEUTRAL,ARMED,4,True,1,False,17.4,17.4,0.0,34.7,0.0,0.0,14.3,11.6,34.7,56.6,0.89,0.0,진입적정,0,122300.0,112500.0,131000.0,134300.0,,0.05,1.56,125470,-5.61,특이사항 없음,5,-0.17,48.3,-0.94,,,,알파 상위권 + 코일(스퀴즈/추세) — 진입 임박,NORMAL,82.2,종합 소매업,12727915800.0,40.7,8.89,1,1,-2.39,-2.0,4.98,-3.09,-11.76,-0.81,10.73,0.24,-28.59,0.788,0.554,0,9.8,0,0,0.63,0.42,0,0,0,0,-1,131300.0,-2.53,-0.0821,False,X,▼,124464,▲,X,X,-2.23,250,0,-1,-1,1,146000.0,enter,100.0,SWING+PM_BLOCK_INTRADAY+EF:정상,8.01,5.0,0.9,normal,7.0,v1_sl_first_gap_at_open,SWING+PM_BLOCK_INTRADAY+EF:정상,SWING_20D,46,ATR_2x,23,SWING_60D,5,0.0,종합 소매업,-1.063076923076923,-0.3392307692307692,16.0,27.7,0.0,0.048884476112603666,0.043914853028876794,0.6875,OK,0.0,UNVALIDATED_MODEL,40.244114395490875,40.244114395490875,0.0,4,1,0.5,0.5,0.0,STRUCT+TIMING+SECTOR,default,default,default,70,20260805,20260805,,17.4,17.4,17.4,-12.0,-33.79,FRESH,0.291,,False,0.3,True,MATURE,11693.0,ALPHA_WIN_PROB,0.888,,0.888,0.0,실측 승률 36% < 필요 승률 53% (손익비 0.89) — 켈리 기준 미달,0.5297,0.0,,v40_alpha_tilt,,,,,,True,7.1,,ELITE_SCORE,MATURE,11693,2.4.0,OK,,100.0,ATTACK,OK,OK,OK,OK,OK,OK,OK,0,7,True,True,True,,0,GREEN,,,0.0,AVOID,0,RR 0.89,0,0,0,0,,0.0,T=35<70,100.0,GREEN,,,0,False,0,BELOW_OFFICIAL_BAR,TOP_PICK=0,,5.0,IGNORE,IGNORE,NORMAL,0,0,0,0,0,0,0,0,0,CLEAR,,,0,0,0,0,0.0,,,,,,,,,,DISABLED_LOSS_DEFENSE,,,,,,True,False,True,True,False,True,True,True,0.0,0.0,0.0,0.0,20.0,0.0,0.0,0.0,20.0,0.5,False,True,False,4,False,0.0,0.0,G2RR×0.5 · G5추세붕괴4축,,0,0,0,,0.0,0,,False,0.0,0.0,False,,False,True,,0,84.0,84.0,0,0,CAUTION,중립/관찰,B,REALISTIC_RR,0,0.35,관찰 후보,현실형 RR · 시장폭 82.2 · 5일 -2.0%,53.97,6,144,0,56.24,140,,-4.0,117408.0,"진입 후 D+1 종가 117,408원(-4%) 이탈 시 익일 조기청산 권고",46.2,"최근 20거래일 유니버스 실측 2일 상승률 46.2% (n=6,245) · 종목별 유의차 미검증",NO_EDGE_VALIDATED,HIGH_AVOID,113739.0,134530.0,"⛔ 고위험 루트(진입보류 권고) · 손절 113,739(-7%)·본전전환 128,415(+5%)·1차익절 134,530(+10%) · ⚡ D+2내 124,746(+2%) 도달 시 절반 익절+잔여 본전 상향 (실측: 초반 급등 후 되돌림 -0.9%)",0,0.0,0,0,알파 81점 (진입선 85점 미달) · 손익비 0.89,alpha_gate_v32,CASH,0.0,,,0,NEUTRAL,"중립 레짐 — KOSPI 20일선 아래, 시장폭 82% (실측: 본전 구간 → 진입 허용하되 사이즈 50%)",0.5,1,81.1,128415.0,0.3572,1,이 점수 구간의 과거 실측 승률 29% (표본 11693건) · 거래량 밀집가 대비 -5.6% — 가치영역 근접 (실측 표본 적음) · 변동성 응축 5일째 (스퀴즈 — 방향 분출 대기) · AI 알파모델 예측 상위 19% (OOS 검증 통과 모델 — 이 구간 실측 승률 36%),중립 레짐 — 사이즈 50% 권장 · 손익비 0.89 <1 — 이길 수 없는 구조,29.1,False,NEUTRAL,1,85.0,1,0,124746.0,,,,,1,1.0,,0,73.1,pctl>0.30,0,,0,1.0
205,175330,JB금융지주,KOSPI,금융,27800,64.32,51853.1,0.0,,WAIT,ARMED,3,True,1,False,58.4,58.4,62.9,53.9,0.0,0.0,10.9,38.9,62.9,21.4,0.53,0.0,진입적정,0,27800.0,25550.0,29000.0,31000.0,🚀급등시동,1.22,0.5,25561,9.29,특이사항 없음,5,5.62,49.6,3.67,저점추세 양호,,,알파 상위권 + 코일(스퀴즈/추세) — 진입 임박,NORMAL,82.2,기타 금융업,6431986525.0,45.1,13.63,1,0,2.77,5.9,4.51,-0.71,6.72,-2.11,13.11,18.72,-29.89,0.437,0.252,1,11.4,1,0,1.27,0.76,0,0,0,1,1,23135.0,8.76,0.0223,False,O,▼,27070,▲,O,X,-0.55,250,0,-1,-1,1,33400.0,enter,100.0,NORMAL+PM_BLOCK_INTRADAY+EF:정상,8.09,4.0,0.5,normal,7.0,v1_sl_first_gap_at_open,NORMAL+PM_BLOCK_INTRADAY+EF:정상,SWING_20D,46,ATR_2x,23,ATR_3.5x,12,0.0,기타 금융업,14.904375,12.145312500000001,11.0,27.5,0.0,0.05716855087358684,-0.08694697176502822,0.35714285714285715,OK,0.0,UNVALIDATED_MODEL,35.0,35.0,0.0,10,1,0.5,0.5,0.0,STRUCT+TIMING+SECTOR,default,default,default,70,20260805,20260805,,58.4,58.4,58.4,-12.0,-33.79,FRESH,0.291,elite_low_wr_0.29,True,0.387,True,MATURE,11693.0,ALPHA_WIN_PROB,0.533,,0.533,0.0,실측 승률 36% < 필요 승률 65% (손익비 0.53) — 켈리 기준 미달,0.6522,0.0,,v40_alpha_tilt,,,,,,True,4.3,,ELITE_SCORE,MATURE,11693,2.4.0,OK,,100.0,ATTACK,OK,OK,OK,OK,OK,OK,OK,0,7,True,True,True,,0,GREEN,,,0.0,AVOID,0,RR 0.53,0,0,0,0,,0.0,T=54<70 · S=63≥50,100.0,GREEN,,,0,False,0,BELOW_OFFICIAL_BAR,TOP_PICK=0,,5.0,IGNORE,IGNORE,NORMAL,0,0,0,0,0,0,0,0,0,CLEAR,,,0,0,0,0,0.0,,,,,,,,,,DISABLED_LOSS_DEFENSE,,,,,,True,False,True,True,True,True,True,True,0.0,0.0,0.0,0.0,0.0,0.0,0.0,0.0,0.0,0.5,False,False,False,0,False,5.4,0.5,G2RR×0.5,,0,0,0,,5.4,0,,False,0.0,0.0,False,,False,True,,0,84.0,77.0,0,0,CAUTION,5일 상승 5.9% > 5%,C,WATCH,0,0.2,관찰,시장폭 82.2 · 5일 5.9%,54.64,6,136,0,50.15,174,,-4.0,26688.0,"진입 후 D+1 종가 26,688원(-4%) 이탈 시 익일 조기청산 권고",46.2,"최근 20거래일 유니버스 실측 2일 상승률 46.2% (n=6,245) · 종목별 유의차 미검증",NO_EDGE_VALIDATED,OK,25854.0,30580.0,"손절 25,854(-7%)·본전전환 29,190(+5%)·1차익절 30,580(+10%) · ⚡ D+2내 28,356(+2%) 도달 시 절반 익절+잔여 본전 상향 (실측: 초반 급등 후 되돌림 -0.9%)",0,0.0,0,0,알파 80점 (진입선 85점 미달) · 손익비 0.53,alpha_gate_v32,CASH,0.0,,,0,NEUTRAL,"중립 레짐 — KOSPI 20일선 아래, 시장폭 82% (실측: 본전 구간 → 진입 허용하되 사이즈 50%)",0.5,1,80.5,29190.0,0.3572,1,이 점수 구간의 과거 실측 승률 29% (표본 11693건) · 거래량 밀집가 대비 +9.3% — 가치영역 근접 (실측 승률 40%) · 변동성 응축 5일째 (스퀴즈 — 방향 분출 대기) · 저점 상승 추세 6% (바닥이 높아지는 중) · AI 알파모델 예측 상위 20% (OOS 검증 통과 모델 — 이 구간 실측 승률 36%),중립 레짐 — 사이즈 50% 권장 · 손익비 0.53 <1 — 이길 수 없는 구조,29.1,False,WAIT,1,85.0,1,0,28356.0,,,,,1,1.0,,0,86.7,pctl>0.30,0,,0,1.0
206,006280,녹십자,KOSPI,바이오·의약품,122300,50.87,14292.6,0.0,0.0,WAIT,ARMED,3,True,1,False,39.8,39.8,22.4,57.1,0.0,0.0,8.3,26.5,57.1,28.6,0.44,0.0,진입적정,0,122300.0,112500.0,126600.0,134600.0,,2.44,0.92,130816,-14.88,특이사항 없음,5,-9.72,51.1,2.08,,,저점 이탈,알파 상위권 + 코일(스퀴즈/추세) — 진입 임박,NORMAL,82.2,의약품 제조업,5086740750.0,50.9,11.12,1,0,1.92,8.04,3.03,-2.16,-11.44,-28.06,11.66,0.56,-55.84,0.91,0.236,0,10.0,0,1,1.02,0.79,0,0,0,1,-1,128920.0,-6.51,0.1184,False,X,▼,116456,▲,O,X,-1.0,250,0,-1,-1,1,143700.0,enter,100.0,NORMAL+PM_BLOCK_INTRADAY+EF:정상,8.01,5.0,0.4,normal,7.0,v1_sl_first_gap_at_open,NORMAL+PM_BLOCK_INTRADAY+EF:정상,SWING_20D,46,ATR_2x,23,VP_RESISTANCE,12,0.0,의약품 제조업,18.360833333333336,7.888333333333333,12.0,24.4,0.0,0.04999415956079897,0.021280652385426462,0.46153846153846156,OK,0.0,UNVALIDATED_MODEL,60.384020336813826,60.384020336813826,0.0,6,1,0.5,0.5,0.0,STRUCT+TIMING+SECTOR,default,default,default,70,20260805,20260805,,39.8,39.8,39.8,-12.0,-33.79,FRESH,0.291,,False,0.3,True,MATURE,11693.0,ALPHA_WIN_PROB,0.439,,0.439,0.0,실측 승률 39% < 필요 승률 70% (손익비 0.44) — 켈리 기준 미달,0.695,0.0,0.0,v40_alpha_tilt,,,,,,True,3.5,,ELITE_SCORE,MATURE,11693,2.4.0,OK,,100.0,ATTACK,OK,OK,OK,OK,OK,OK,OK,0,7,True,True,True,,0,GREEN,,,0.0,AVOID,0,RR 0.44,0,0,0,0,,0.0,T=57<70,100.0,GREEN,,,0,False,0,BELOW_OFFICIAL_BAR,TOP_PICK=0,,5.0,IGNORE,IGNORE,NORMAL,0,0,0,0,0,0,0,0,0,CLEAR,,,0,0,0,0,0.0,,,,,,,,,,DISABLED_LOSS_DEFENSE,,,,,,True,False,True,True,True,True,True,True,0.0,0.0,0.0,0.0,0.0,0.0,0.0,0.0,0.0,0.5,False,False,False,2,False,4.2,0.5,G2RR×0.5,,0,0,0,,4.2,0,,False,0.0,0.0,False,,False,True,,0,76.0,74.0,0,0,CAUTION,5일 상승 8.0% > 5%,C,WATCH,0,0.2,관찰,시장폭 82.2 · 5일 8.0%,54.82,6,134,0,43.59,209,,-4.0,117408.0,"진입 후 D+1 종가 117,408원(-4%) 이탈 시 익일 조기청산 권고",46.2,"최근 20거래일 유니버스 실측 2일 상승률 46.2% (n=6,245) · 종목별 유의차 미검증",NO_EDGE_VALIDATED,OK,113739.0,134530.0,"손절 113,739(-7%)·본전전환 128,415(+5%)·1차익절 134,530(+10%) · ⚡ D+2내 124,746(+2%) 도달 시 절반 익절+잔여 본전 상향 (실측: 초반 급등 후 되돌림 -0.9%)",0,0.0,0,0,진입 조건 미달 · 손익비 0.44,alpha_gate_v32,CASH,0.0,,,0,NEUTRAL,"중립 레짐 — KOSPI 20일선 아래, 시장폭 82% (실측: 본전 구간 → 진입 허용하되 사이즈 50%)",0.5,1,96.3,128415.0,0.3888,1,이 점수 구간의 과거 실측 승률 29% (표본 11693건) · 거래량 밀집가 대비 -14.9% — 가치영역 근접 (실측 표본 적음) · 변동성 응축 5일째 (스퀴즈 — 방향 분출 대기) · AI 알파모델 예측 상위 4% (OOS 검증 통과 모델 — 이 구간 실측 승률 39%),중립 레짐 — 사이즈 50% 권장 · 손익비 0.44 <1 — 이길 수 없는 구조,29.1,False,WAIT,1,85.0,1,0,124746.0,,,,,1,1.0,,0,45.8,pctl>0.30,0,,0,1.0
207,041830,인바디,KOSDAQ,기타,56700,56.13,7643.7,0.0,0.0,NEUTRAL,WAIT,4,False,1,True,63.6,63.6,46.5,80.8,0.0,0.0,12.1,42.4,80.8,0.0,0.59,0.0,진입적정,0,56700.0,52100.0,59400.0,65300.0,,0.82,1.05,48940,24.69,특이사항 없음,0,-3.7,51.9,9.71,TIMING 강점,,,추세 관망,NORMAL,82.2,의료용 기기 제조업,5612810500.0,50.1,25.06,0,0,-1.22,14.78,14.08,1.25,47.27,65.07,5.06,81.06,92.93,0.071,0.071,1,12.0,1,0,1.32,0.81,0,0,0,1,1,43340.0,15.86,0.6077,False,O,▲,49704,▲,O,X,0.0,250,0,1,1,1,71700.0,enter,100.0,NORMAL+PM_BLOCK_INTRADAY+EF:정상,8.11,5.0,0.6,normal,7.0,v1_sl_first_gap_at_open,NORMAL+PM_BLOCK_INTRADAY+EF:정상,SWING_20D,46,ATR_2x,23,ATR_3.5x,12,0.0,의료용 기기 제조업,22.15142857142857,8.541428571428572,9.0,51.4,0.0,0.07539682539682539,-0.8250970602666811,0.0,OK,0.0,UNVALIDATED_MODEL,63.619011213047905,63.619011213047905,0.0,6,1,0.5,0.5,0.0,STRUCT+TIMING+SECTOR,default,default,default,70,20260805,20260805,,63.6,63.6,63.6,-12.0,-33.79,FRESH,0.291,,False,0.429,True,MATURE,11693.0,ALPHA_WIN_PROB,0.587,,0.587,0.0,상태 WAIT — 신규진입 상태 아님(사이징 제외),0.6301,0.0,0.0,v40_alpha_tilt,,,,,,True,4.8,,ELITE_SCORE,MATURE,11693,2.4.0,OK,,100.0,ATTACK,OK,OK,OK,OK,OK,OK,OK,0,7,True,True,True,,1,ORANGE,C_ORANGE,STRUCT < 90 + VWAP_GAP > 15% 강한 과열,0.0,AVOID,0,RR 0.59 · 7월 손실방어 차단 · 수익회복 패치 차단,0,0,0,1,BASIC,60.0,T=81·S=46 · RR=0.59<1.0,100.0,GREEN,,,0,False,0,BELOW_OFFICIAL_BAR,TOP_PICK=0,,5.0,IGNORE,IGNORE,NORMAL,0,0,0,0,0,0,0,0,0,CLEAR,,,0,0,0,0,0.0,,,,,,,,,,DISABLED_LOSS_DEFENSE,,,,,,True,True,True,True,True,True,True,True,0.0,0.0,0.0,0.0,0.0,0.0,0.0,0.0,0.0,1.0,False,False,False,0,True,12.1,1.0,,,0,0,0,,12.1,0,,False,0.0,0.0,True,JULY_PROFIT_DEFENSE: 5일 상승 14.8% > 5% · ORANGE + 단기과열 | PROFIT_RECOVERY: 단기상승+VWAP/POC 추격충돌 · 기존 guard/JULY 차단 · 시장폭 82.2 · 5일 14.8%,False,True,,0,72.0,9.0,0,1,BLOCK,5일 상승 14.8% > 5% · ORANGE + 단기과열,BLOCK,GUARD_BLOCK,1,0.0,신규진입 차단,단기상승+VWAP/POC 추격충돌 · 기존 guard/JULY 차단 · 시장폭 82.2 · 5일 14.8%,69.63,6,49,0,59.97,119,모멘텀확인중(PMS70),-4.0,54432.0,"진입 후 D+1 종가 54,432원(-4%) 이탈 시 익일 조기청산 권고",46.2,"최근 20거래일 유니버스 실측 2일 상승률 46.2% (n=6,245) · 종목별 유의차 미검증",NO_EDGE_VALIDATED,HIGH_AVOID,52731.0,62370.0,"⛔ 고위험 루트(진입보류 권고) · 손절 52,731(-7%)·본전전환 59,535(+5%)·1차익절 62,370(+10%) · ⚡ D+2내 57,834(+2%) 도달 시 절반 익절+잔여 본전 상향 (실측: 초반 급등 후 되돌림 -0.9%)",0,0.0,0,0,알파 12점 (진입선 85점 미달) · 손익비 0.59 · 손실방어 차단 · POC 확장 25% (추격 위험),alpha_gate_v32,CASH,0.0,,,1,NEUTRAL,"중립 레짐 — KOSPI 20일선 아래, 시장폭 82% (실측: 본전 구간 → 진입 허용하되 사이즈 50%)",0.5,1,12.1,59535.0,0.2489,1,이 점수 구간의 과거 실측 승률 29% (표본 11693건),중립 레짐 — 사이즈 50% 권장 · 거래량 밀집가 대비 +24.7% 확장 (실측 승률 20% — 추격 위험) · 손익비 0.59 <1 — 이길 수 없는 구조 · AI 알파모델 예측 하위 12% — 이 구간 실측 승률 25% — 픽 제외 구간,29.1,False,NEUTRAL,1,85.0,1,0,57834.0,,,,,1,1.0,,0,63.3,pctl>0.30,0,,0,1.0
208,241560,두산밥캣,KOSPI,조선·기계·설비,64300,99.07,61635.4,0.0,0.0,WAIT,WAIT,3,False,1,True,42.6,42.6,39.6,45.5,0.0,0.0,28.7,28.4,45.5,43.1,0.96,0.0,진입적정,0,64300.0,59100.0,69300.0,72000.0,,2.37,0.79,64855,-1.04,특이사항 없음,5,-3.6,51.6,3.68,,,,추세 관망,NORMAL,82.2,특수 목적용 기계 제조업,9906776800.0,53.1,16.78,1,0,2.55,10.1,0.94,-0.77,-14.15,4.21,13.05,-2.15,-23.57,0.591,0.511,0,12.0,1,0,0.93,0.62,0,0,0,1,-1,70290.0,-0.86,0.2283,False,X,▲,60390,▲,O,X,1.12,250,0,1,-1,1,76600.0,enter,100.0,NORMAL+PM_BLOCK_INTRADAY+EF:정상,8.09,4.0,1.0,normal,7.0,v1_sl_first_gap_at_open,NORMAL+PM_BLOCK_INTRADAY+EF:정상,SWING_20D,46,ATR_2x,23,SWING_60D,12,0.0,특수 목적용 기계 제조업,27.58121951219512,8.227560975609755,6.0,41.9,0.0,0.059875583203732506,-0.020523491129620007,0.5454545454545454,OK,0.0,UNVALIDATED_MODEL,46.38328862156342,46.38328862156342,0.0,6,1,0.5,0.5,0.0,STRUCT+TIMING+SECTOR,default,default,default,70,20260805,20260805,,42.6,42.6,42.6,-12.0,-33.79,FRESH,0.274,,False,0.3,True,MATURE,11693.0,ALPHA_WIN_PROB,0.962,,0.962,0.0,상태 WAIT — 신규진입 상태 아님(사이징 제외),0.5098,0.0,0.0,v40_alpha_tilt,,,,,,True,7.8,,ELITE_SCORE,MATURE,11693,2.4.0,OK,,100.0,ATTACK,OK,OK,OK,OK,OK,OK,OK,0,7,True,True,True,,0,GREEN,,,0.0,AVOID,0,RR 0.96,0,0,0,0,,0.0,T=46<70,100.0,GREEN,,,0,False,0,BELOW_OFFICIAL_BAR,TOP_PICK=0,,5.0,IGNORE,IGNORE,NORMAL,0,0,0,0,0,0,0,0,0,CLEAR,,,0,0,0,0,0.0,,,,,,,,,,DISABLED_LOSS_DEFENSE,,,,,,True,False,True,True,True,True,True,True,0.0,0.0,0.0,0.0,0.0,0.0,0.0,0.0,0.0,0.5,False,False,False,2,False,14.4,0.5,G2RR×0.5,,0,0,0,,14.4,0,,False,0.0,0.0,False,,False,True,,0,70.0,75.0,0,0,CAUTION,5일 상승 10.1% > 5%,B,REALISTIC_RR,0,0.35,관찰 후보,현실형 RR · 시장폭 82.2 · 5일 10.1%,55.91,6,129,0,71.45,47,,-4.0,61728.0,"진입 후 D+1 종가 61,728원(-4%) 이탈 시 익일 조기청산 권고",46.2,"최근 20거래일 유니버스 실측 2일 상승률 46.2% (n=6,245) · 종목별 유의차 미검증",NO_EDGE_VALIDATED,OK,59799.0,70730.0,"손절 59,799(-7%)·본전전환 67,515(+5%)·1차익절 70,730(+10%) · ⚡ D+2내 65,586(+2%) 도달 시 절반 익절+잔여 본전 상향 (실측: 초반 급등 후 되돌림 -0.9%)",0,0.0,0,0,알파 70점 (진입선 85점 미달) · 손익비 0.96,alpha_gate_v32,CASH,0.0,,,0,NEUTRAL,"중립 레짐 — KOSPI 20일선 아래, 시장폭 82% (실측: 본전 구간 → 진입 허용하되 사이즈 50%)",0.5,1,69.7,67515.0,0.3233,1,이 점수 구간의 과거 실측 승률 27% (표본 11693건) · 거래량 밀집가 대비 -1.0% — 가치영역 근접 (실측 표본 적음) · 변동성 응축 5일째 (스퀴즈 — 방향 분출 대기),중립 레짐 — 사이즈 50% 권장 · 손익비 0.96 <1 — 이길 수 없는 구조,27.4,False,WAIT,1,85.0,1,0,65586.0,,,,,1,1.0,,0,64.7,pctl>0.30,0,,0,1.0
209,078930,GS,KOSPI,금융,95000,513.99,88250.7,0.0,0.0,NEUTRAL,WAIT,4,False,1,True,71.4,71.4,52.6,90.3,0.0,0.0,45.1,47.6,90.3,0.0,0.91,0.0,진입적정,0,95000.0,87400.0,101900.0,111800.0,,0.99,0.98,79318,43.53,특이사항 없음,0,-7.33,63.3,11.01,TIMING 강점,,저점 이탈,추세 관망,NORMAL,82.2,기타 금융업,51398984600.0,70.3,28.93,0,0,-1.96,12.96,12.83,18.6,19.65,37.09,32.42,31.65,9.31,0.035,0.035,1,12.0,0,0,1.34,0.79,0,0,0,1,1,77550.0,19.77,0.0726,False,O,▲,91433,▲,O,X,-1.86,250,0,1,1,1,124400.0,enter,100.0,NORMAL+PM_BLOCK_INTRADAY+EF:정상,8.0,4.0,0.9,normal,7.0,v1_sl_first_gap_at_open,NORMAL+PM_BLOCK_INTRADAY+EF:정상,SWING_20D,46,ATR_2x,23,ATR_3.5x,12,0.0,기타 금융업,14.904375,12.145312500000001,11.0,52.6,0.0,0.08842105263157894,0.2789436629876558,0.7727272727272727,OK,0.0,UNVALIDATED_MODEL,68.0971070095633,68.0971070095633,0.0,6,1,0.5,0.5,0.0,STRUCT+TIMING+SECTOR,default,default,default,70,20260805,20260805,,71.4,71.4,71.4,-12.0,-33.79,FRESH,0.2,,False,0.491,False,MATURE,11693.0,ALPHA_WIN_PROB,0.908,,0.908,0.0,상태 WAIT — 신규진입 상태 아님(사이징 제외),0.5241,0.0,0.0,v40_alpha_tilt,,,,,,True,7.3,,ELITE_SCORE,MATURE,11693,2.4.0,OK,,100.0,ATTACK,OK,OK,OK,OK,OK,OK,OK,0,7,True,True,True,,1,ORANGE,C_ORANGE,STRUCT < 90 + VWAP_GAP > 15% 강한 과열,0.0,AVOID,0,RR 0.91 · POC 44↑ · 7월 손실방어 차단 · 수익회복 패치 차단,0,0,0,0,,0.0,S=53≥50,100.0,GREEN,,,0,False,0,BELOW_OFFICIAL_BAR,TOP_PICK=0,,13.0,IGNORE,IGNORE,NORMAL,0,0,0,0,0,0,0,0,0,CLEAR,,,0,0,0,0,0.0,,,,,,,,,,DISABLED_LOSS_DEFENSE,,,,,,True,True,True,True,True,True,True,True,0.0,0.0,0.0,0.0,0.0,0.0,0.0,0.0,0.0,1.0,False,False,False,0,True,45.1,1.0,,,0,0,0,,45.1,0,,False,0.0,0.0,True,JULY_PROFIT_DEFENSE: 5일 상승 13.0% > 5% · ORANGE + 단기과열 | PROFIT_RECOVERY: 단기상승+VWAP/POC 추격충돌 · 기존 guard/JULY 차단 · 시장폭 82.2 · 5일 13.0%,False,True,,0,70.0,9.0,0,1,BLOCK,5일 상승 13.0% > 5% · ORANGE + 단기과열,BLOCK,GUARD_BLOCK,1,0.0,신규진입 차단,단기상승+VWAP/POC 추격충돌 · 기존 guard/JULY 차단 · 시장폭 82.2 · 5일 13.0%,86.4,6,9,0,91.96,3,모멘텀확인강(PMS86),-4.0,91200.0,"진입 후 D+1 종가 91,200원(-4%) 이탈 시 익일 조기청산 권고",46.2,"최근 20거래일 유니버스 실측 2일 상승률 46.2% (n=6,245) · 종목별 유의차 미검증",NO_EDGE_VALIDATED,HIGH_AVOID,88350.0,104500.0,"⛔ 고위험 루트(진입보류 권고) · 손절 88,350(-7%)·본전전환 99,750(+5%)·1차익절 104,500(+10%) · ⚡ D+2내 96,900(+2%) 도달 시 절반 익절+잔여 본전 상향 (실측: 초반 급등 후 되돌림 -0.9%)",0,0.0,0,0,알파 54점 (진입선 85점 미달) · 손익비 0.91 · 손실방어 차단 · POC 확장 44% (추격 위험),alpha_gate_v32,CASH,0.0,,,1,NEUTRAL,"중립 레짐 — KOSPI 20일선 아래, 시장폭 82% (실측: 본전 구간 → 진입 허용하되 사이즈 50%)",0.5,1,53.9,99750.0,0.2958,1,이 점수 구간의 과거 실측 승률 20% (표본 11693건),중립 레짐 — 사이즈 50% 권장 · 거래량 밀집가 대비 +43.5% 확장 (실측 승률 12~23% — 추격 위험) · 손익비 0.91 <1 — 이길 수 없는 구조,20.0,False,NEUTRAL,1,85.0,1,0,96900.0,,,,,1,1.0,,0,52.0,pctl>0.30,0,,0,1.0
210,004370,농심,KOSPI,유통·소비재,376500,55.69,22901.1,0.0,0.0,OVERHEAT,OVERHEAT,5,False,1,False,34.0,34.0,68.1,0.0,0.0,0.0,5.1,22.7,68.1,14.9,0.76,0.0,진입적정,0,376500.0,347500.0,398500.0,410000.0,,1.01,0.61,369871,-0.44,특이사항 없음,0,3.71,78.3,3.51,저점추세 양호,,RSI 과열,"과열(급등·MFI·RSI) — 실측 역신호, 관망",NORMAL,82.2,기타 식품 제조업,5569397750.0,66.9,15.29,0,0,0.0,-0.26,7.26,3.43,-0.26,-11.62,17.25,11.74,-39.4,0.602,0.476,0,7.6,1,1,1.17,0.64,0,0,0,1,1,337950.0,1.79,-0.1626,False,O,▼,385759,▲,X,X,0.27,250,0,-1,-1,1,426500.0,enter,100.0,NORMAL+PM_BLOCK_INTRADAY+EF:정상,7.7,5.0,0.8,normal,7.0,v1_sl_first_gap_at_open,NORMAL+PM_BLOCK_INTRADAY+EF:정상,SWING_20D,23,SWING_60D,23,ATR_3.5x,12,0.0,기타 식품 제조업,-1.063076923076923,-0.3392307692307692,16.0,9.6,0.0,0.037848605577689244,0.24270603417280745,0.6666666666666666,OK,0.0,UNVALIDATED_MODEL,28.994326634620208,28.994326634620208,0.0,6,1,0.5,0.5,0.0,STRUCT+TIMING+SECTOR,default,default,default,70,20260805,20260805,,34.0,34.0,34.0,-12.0,-33.79,FRESH,0.291,,False,0.3,True,MATURE,11693.0,ALPHA_WIN_PROB,0.759,,0.759,0.0,상태 OVERHEAT — 신규진입 상태 아님(사이징 제외),0.5686,0.0,0.0,v40_alpha_tilt,,,,,,True,5.8,,ELITE_SCORE,MATURE,11693,2.4.0,OK,,100.0,ATTACK,OK,OK,OK,OK,OK,OK,OK,0,7,True,True,True,,0,GREEN,,,0.0,AVOID,0,RR 0.76,0,0,0,0,,0.0,T=0<70 · S=68≥50,100.0,GREEN,,,0,False,0,BELOW_OFFICIAL_BAR,TOP_PICK=0,,5.0,IGNORE,IGNORE,NORMAL,0,0,0,0,0,0,0,0,0,CLEAR,,,0,0,0,0,0.0,,,,,,,,,,DISABLED_LOSS_DEFENSE,,,,,,True,False,True,True,True,True,False,True,0.0,0.0,0.0,0.0,0.0,0.0,15.0,0.0,15.0,0.3,False,False,False,2,False,0.0,0.0,G2RR×0.3 · G7윗꼬리약세-15,,0,0,0,,0.0,0,과열이나 GUARD 미통과 — 레인 제외,False,0.0,0.0,False,,False,True,,0,88.0,84.0,0,0,CAUTION,중립/관찰,B,REALISTIC_RR,0,0.35,관찰 후보,현실형 RR · 시장폭 82.2 · 5일 -0.3%,45.46,6,196,0,33.95,243,,-4.0,361440.0,"진입 후 D+1 종가 361,440원(-4%) 이탈 시 익일 조기청산 권고",46.2,"최근 20거래일 유니버스 실측 2일 상승률 46.2% (n=6,245) · 종목별 유의차 미검증",NO_EDGE_VALIDATED,CAUTION,350145.0,414150.0,"⚠️ 과열/추격 주의 · 손절 350,145(-7%)·본전전환 395,325(+5%)·1차익절 414,150(+10%) · ⚡ D+2내 384,030(+2%) 도달 시 절반 익절+잔여 본전 상향 (실측: 초반 급등 후 되돌림 -0.9%)",0,0.0,0,0,진입 조건 미달 · 손익비 0.76,alpha_gate_v32,CASH,0.0,,,0,NEUTRAL,"중립 레짐 — KOSPI 20일선 아래, 시장폭 82% (실측: 본전 구간 → 진입 허용하되 사이즈 50%)",0.5,1,87.0,395325.0,0.3572,1,이 점수 구간의 과거 실측 승률 29% (표본 11693건) · 거래량 밀집가 대비 -0.4% — 가치영역 근접 (실측 표본 적음) · AI 알파모델 예측 상위 13% (OOS 검증 통과 모델 — 이 구간 실측 승률 36%),중립 레짐 — 사이즈 50% 권장 · 손익비 0.76 <1 — 이길 수 없는 구조 · RSI 78 과열 구간,29.1,False,OVERHEAT,1,85.0,1,0,384030.0,,,,,1,1.0,,0,83.3,pctl>0.30,0,,0,1.0
211,060250,NHN KCP,KOSDAQ,서비스 기타,13270,54.31,5329.3,0.0,0.0,NEUTRAL,OVERHEAT,4,False,1,False,37.8,37.8,30.9,44.8,0.0,0.0,26.1,25.2,44.8,44.0,1.09,0.0,RR1.1 + 진입적정,0,13270.0,12200.0,14440.0,15280.0,,2.14,0.71,15077,-32.43,특이사항 없음,5,-3.71,53.5,7.82,,,5일 급등,"과열(급등·MFI·RSI) — 실측 역신호, 관망",NORMAL,82.2,금융 지원 서비스업,5431302170.0,73.3,19.58,1,0,-0.08,18.06,11.7,3.43,-29.23,-40.23,7.24,4.56,-12.37,0.855,0.036,0,12.0,1,1,1.49,0.67,0,0,0,1,-1,14154.0,-11.99,0.4241,False,X,▼,12243,▲,O,X,0.53,250,0,-1,-1,1,21000.0,enter,100.0,NORMAL+PM_BLOCK_INTRADAY+EF:정상,8.06,5.0,1.1,normal,7.0,v1_sl_first_gap_at_open,NORMAL+PM_BLOCK_INTRADAY+EF:정상,SWING_20D,46,ATR_2x,23,SWING_60D,2,0.0,금융 지원 서비스업,12.922941176470587,7.686470588235293,13.0,69.2,0.0,0.07551943158574657,0.015413851807442206,0.5121951219512195,OK,0.0,UNVALIDATED_MODEL,44.78067771138415,44.78067771138415,0.0,8,1,0.5,0.5,0.0,STRUCT+TIMING+SECTOR,default,default,default,70,20260805,20260805,,37.8,37.8,37.8,-12.0,-33.79,FRESH,0.286,,False,0.3,True,MATURE,11693.0,ALPHA_WIN_PROB,1.093,,1.093,0.0,상태 OVERHEAT — 신규진입 상태 아님(사이징 제외),0.4777,0.0,0.0,v40_alpha_tilt,,,,,,True,8.8,,ELITE_SCORE,MATURE,11693,2.4.0,OK,,100.0,ATTACK,OK,OK,OK,OK,OK,OK,OK,0,7,True,True,True,,0,GREEN,,,0.0,AVOID,0,RR 1.09,0,0,0,0,,0.0,T=45<70,100.0,GREEN,,,0,False,0,BELOW_OFFICIAL_BAR,TOP_PICK=0,,10.0,IGNORE,IGNORE,NORMAL,0,0,0,0,0,0,0,0,0,CLEAR,,,0,0,0,0,0.0,,,,,,,,,,DISABLED_LOSS_DEFENSE,,,,,,True,False,True,True,True,True,True,True,0.0,0.0,0.0,0.0,0.0,0.0,0.0,0.0,0.0,0.5,False,False,False,2,False,13.0,0.5,G2RR×0.5,,0,0,0,,13.0,0,,False,0.0,0.0,False,,False,True,,0,78.0,81.0,0,0,CAUTION,5일 상승 18.1% > 5%,B,REALISTIC_RR,0,0.35,관찰 후보,현실형 RR · 시장폭 82.2 · 5일 18.1%,45.59,6,195,0,63.89,95,,-4.0,12739.0,"진입 후 D+1 종가 12,739원(-4%) 이탈 시 익일 조기청산 권고",46.2,"최근 20거래일 유니버스 실측 2일 상승률 46.2% (n=6,245) · 종목별 유의차 미검증",NO_EDGE_VALIDATED,HIGH_AVOID,12341.0,14597.0,"⛔ 고위험 루트(진입보류 권고) · 손절 12,341(-7%)·본전전환 13,934(+5%)·1차익절 14,597(+10%) · ⚡ D+2내 13,535(+2%) 도달 시 절반 익절+잔여 본전 상향 (실측: 초반 급등 후 되돌림 -0.9%)",0,0.0,0,0,알파 75점 (진입선 85점 미달) · 손익비 1.09,alpha_gate_v32,CASH,0.0,,,0,NEUTRAL,"중립 레짐 — KOSPI 20일선 아래, 시장폭 82% (실측: 본전 구간 → 진입 허용하되 사이즈 50%)",0.5,1,75.2,13934.0,0.3379,1,이 점수 구간의 과거 실측 승률 29% (표본 11693건) · 거래량 밀집가 대비 -32.4% — 가치영역 근접 (실측 표본 적음) · 손익비 1.1 (손절 -8.1% / 1차목표 +8.8%) · 변동성 응축 5일째 (스퀴즈 — 방향 분출 대기) · AI 알파모델 예측 상위 25% (OOS 검증 통과 모델 — 이 구간 실측 승률 34%),중립 레짐 — 사이즈 50% 권장,28.6,True,NEUTRAL,1,85.0,1,0,13535.0,,,,,1,1.0,,0,62.8,pctl>0.30,0,,0,1.0
212,181710,NHN,KOSPI,IT/전기전자,42800,67.93,14018.3,0.0,0.0,OVERHEAT,OVERHEAT,5,False,1,False,76.3,76.3,52.6,100.0,0.0,0.0,48.6,50.9,100.0,0.0,0.94,0.0,진입적정,0,42800.0,39350.0,46050.0,50200.0,,2.34,1.21,42517,11.39,특이사항 없음,4,-3.83,58.2,14.0,TIMING 강점,,5일 급등,"과열(급등·MFI·RSI) — 실측 역신호, 관망",NORMAL,82.2,소프트웨어 개발 및 공급업,6793129425.0,68.6,27.55,0,0,-2.06,27.57,18.56,10.31,10.59,35.02,24.13,22.59,7.24,0.101,0.101,1,12.0,0,0,1.66,0.76,0,0,0,1,1,31847.5,0.66,0.5748,False,O,▲,37972,▲,O,X,0.0,250,0,1,1,1,64900.0,enter,100.0,NORMAL+PM_BLOCK_INTRADAY+EF:정상,8.06,5.0,0.9,normal,7.0,v1_sl_first_gap_at_open,NORMAL+PM_BLOCK_INTRADAY+EF:정상,SWING_20D,46,ATR_2x,23,SWING_60D,2,0.0,소프트웨어 개발 및 공급업,28.983018867924528,12.636603773584905,4.0,58.6,0.0,0.08573931909212283,0.02356022605016819,0.6351351351351351,OK,0.0,UNVALIDATED_MODEL,82.56560129063104,82.56560129063104,0.0,6,1,0.5,0.5,0.0,STRUCT+TIMING+SECTOR,default,default,default,70,20260805,20260805,,76.3,76.3,76.3,-12.0,-33.79,FRESH,0.184,,False,0.53,False,MATURE,11693.0,ALPHA_WIN_PROB,0.942,,0.942,0.0,상태 OVERHEAT — 신규진입 상태 아님(사이징 제외),0.5149,0.0,0.0,v40_alpha_tilt,,,,,,True,7.6,,ELITE_SCORE,MATURE,11693,2.4.0,OK,,100.0,ATTACK,OK,OK,OK,OK,OK,OK,OK,0,7,True,True,True,,0,GREEN,,,0.0,AVOID,0,RR 0.94 · 5일 +28% · 7월 손실방어 차단 · 수익회복 패치 차단,0,1,0,0,,0.0,S=53≥50,100.0,GREEN,,,0,False,0,BELOW_OFFICIAL_BAR,TOP_PICK=0,,20.0,IGNORE,IGNORE,NORMAL,0,0,0,0,0,0,0,0,0,CLEAR,,,0,0,0,0,0.0,,,,,,,,,,DISABLED_LOSS_DEFENSE,,,,,,True,True,True,True,True,True,True,True,0.0,0.0,0.0,0.0,0.0,0.0,0.0,0.0,0.0,1.0,False,False,False,0,True,48.6,1.0,,,0,1,0,A,48.6,1,"⚡ 모멘텀 후보 (과열·가드통과, 강도 1위/점수 49, RR 0.94)",False,0.0,0.0,True,JULY_PROFIT_DEFENSE: 5일 과열 27.6% | PROFIT_RECOVERY: 기존 guard/JULY 차단 · 시장폭 82.2 · 5일 27.6%,False,True,,0,76.0,59.0,0,1,BLOCK,5일 과열 27.6%,BLOCK,GUARD_BLOCK,1,0.0,신규진입 차단,기존 guard/JULY 차단 · 시장폭 82.2 · 5일 27.6%,76.03,6,32,0,87.4,7,모멘텀확인중(PMS76),-4.0,41088.0,"진입 후 D+1 종가 41,088원(-4%) 이탈 시 익일 조기청산 권고",46.2,"최근 20거래일 유니버스 실측 2일 상승률 46.2% (n=6,245) · 종목별 유의차 미검증",NO_EDGE_VALIDATED,CAUTION,39804.0,47080.0,"⚠️ 과열/추격 주의 · 손절 39,804(-7%)·본전전환 44,940(+5%)·1차익절 47,080(+10%) · ⚡ D+2내 43,656(+2%) 도달 시 절반 익절+잔여 본전 상향 (실측: 초반 급등 후 되돌림 -0.9%)",0,0.0,0,0,알파 51점 (진입선 85점 미달) · 손익비 0.94 · 손실방어 차단,alpha_gate_v32,CASH,0.0,,,0,NEUTRAL,"중립 레짐 — KOSPI 20일선 아래, 시장폭 82% (실측: 본전 구간 → 진입 허용하되 사이즈 50%)",0.5,1,51.1,44940.0,0.2958,1,이 점수 구간의 과거 실측 승률 18% (표본 11693건) · 거래량 밀집가 대비 +11.4% — 가치영역 근접 (실측 승률 48%) · 변동성 응축 4일째 (스퀴즈 — 방향 분출 대기),중립 레짐 — 사이즈 50% 권장 · 손익비 0.94 <1 — 이길 수 없는 구조,18.4,False,OVERHEAT,1,85.0,1,0,43656.0,,,,,1,1.0,,0,61.9,pctl>0.30,0,,0,1.0
213,358570,지아이이노베이션,KOSDAQ,기타,8190,62.27,5283.9,0.0,0.0,NEUTRAL,OVERHEAT,4,False,1,False,40.3,40.3,17.9,62.8,0.0,0.0,28.4,26.9,62.8,21.5,0.92,0.0,진입적정,0,8190.0,7530.0,8800.0,9620.0,,1.36,1.71,11481,-44.55,특이사항 없음,0,-4.29,55.6,8.28,,,5일 급등,"과열(급등·MFI·RSI) — 실측 역신호, 관망",NORMAL,82.2,자연과학 및 공학 연구개발업,6227164410.0,49.0,25.54,0,0,-4.21,17.5,16.5,-7.25,-43.9,-41.12,-3.44,-10.11,-13.26,0.947,0.053,0,12.0,1,0,1.04,0.74,0,0,0,1,-1,8737.0,-28.67,0.5292,False,X,▼,7629,▲,O,X,-0.94,250,0,-1,-1,1,15900.0,enter,100.0,NORMAL+PM_BLOCK_INTRADAY+EF:정상,8.06,5.0,0.9,normal,7.0,v1_sl_first_gap_at_open,NORMAL+PM_BLOCK_INTRADAY+EF:정상,SWING_20D,46,ATR_2x,23,SWING_60D,2,0.0,자연과학 및 공학 연구개발업,22.15142857142857,8.541428571428572,9.0,34.4,0.0,0.08677830106401535,-0.10578808822630642,0.16279069767441862,OK,0.0,UNVALIDATED_MODEL,70.0,70.0,0.0,4,1,0.5,0.5,0.0,STRUCT+TIMING+SECTOR,default,default,default,70,20260805,20260805,,40.3,40.3,40.3,-12.0,-33.79,FRESH,0.275,,False,0.3,True,MATURE,11693.0,ALPHA_WIN_PROB,0.924,,0.924,0.0,상태 OVERHEAT — 신규진입 상태 아님(사이징 제외),0.5197,0.0,0.0,v40_alpha_tilt,,,,,,True,7.4,,ELITE_SCORE,MATURE,11693,2.4.0,OK,,100.0,ATTACK,OK,OK,OK,OK,OK,OK,OK,0,7,True,True,True,,0,GREEN,,,0.0,AVOID,0,RR 0.92,0,0,0,0,,0.0,T=63<70,100.0,GREEN,,,0,False,0,BELOW_OFFICIAL_BAR,TOP_PICK=0,,5.0,IGNORE,IGNORE,NORMAL,0,0,0,0,0,0,0,0,0,CLEAR,,,0,0,0,0,0.0,,,,,,,,,,DISABLED_LOSS_DEFENSE,,,,,,True,False,True,True,True,True,True,True,0.0,0.0,0.0,0.0,0.0,0.0,0.0,0.0,0.0,0.5,False,False,False,2,False,14.2,0.5,G2RR×0.5,,0,0,0,,14.2,0,,False,0.0,0.0,False,,False,True,,0,74.0,75.0,0,0,CAUTION,5일 상승 17.5% > 5%,B,REALISTIC_RR,0,0.35,관찰 후보,현실형 RR · 시장폭 82.2 · 5일 17.5%,57.74,6,114,0,71.98,43,,-4.0,7862.0,"진입 후 D+1 종가 7,862원(-4%) 이탈 시 익일 조기청산 권고",46.2,"최근 20거래일 유니버스 실측 2일 상승률 46.2% (n=6,245) · 종목별 유의차 미검증",NO_EDGE_VALIDATED,HIGH_AVOID,7617.0,9009.0,"⛔ 고위험 루트(진입보류 권고) · 손절 7,617(-7%)·본전전환 8,600(+5%)·1차익절 9,009(+10%) · ⚡ D+2내 8,354(+2%) 도달 시 절반 익절+잔여 본전 상향 (실측: 초반 급등 후 되돌림 -0.9%)",0,0.0,0,0,알파 61점 (진입선 85점 미달) · 손익비 0.92,alpha_gate_v32,CASH,0.0,,,0,NEUTRAL,"중립 레짐 — KOSPI 20일선 아래, 시장폭 82% (실측: 본전 구간 → 진입 허용하되 사이즈 50%)",0.5,1,60.7,8600.0,0.3233,1,이 점수 구간의 과거 실측 승률 28% (표본 11693건) · 거래량 밀집가 대비 -44.5% — 가치영역 근접 (실측 표본 적음),중립 레짐 — 사이즈 50% 권장 · 손익비 0.92 <1 — 이길 수 없는 구조,27.5,False,NEUTRAL,1,85.0,1,0,8354.0,,,,,1,1.0,,0,61.3,pctl>0.30,0,,0,1.0
214,348340,뉴로메카,KOSDAQ,조선·기계·설비,21500,79.13,2668.0,0.0,0.0,OVERHEAT,OVERHEAT,5,False,1,False,35.4,35.4,30.6,40.1,0.0,0.0,24.5,23.6,40.1,49.9,1.16,0.0,RR1.2 + 진입적정,0,21500.0,19780.0,23500.0,26100.0,,1.83,1.14,35388,-48.53,특이사항 없음,0,-20.39,51.1,11.28,거래품질 우수,,5일 급등,"과열(급등·MFI·RSI) — 실측 역신호, 관망",NORMAL,82.2,특수 목적용 기계 제조업,7913467600.0,57.6,38.68,0,0,2.38,34.94,5.57,-2.42,-48.09,-65.47,1.39,-14.3,-37.61,0.944,0.038,0,12.0,1,0,2.62,0.77,0,0,0,1,-1,22209.1,-39.25,0.9075,False,X,▼,17490,▲,O,X,6.19,250,0,-1,-1,1,52500.0,enter,100.0,NORMAL+PM_BLOCK_INTRADAY+EF:정상,8.0,6.0,1.2,normal,7.0,v1_sl_first_gap_at_open,NORMAL+PM_BLOCK_INTRADAY+EF:정상,SWING_20D,46,ATR_2x,23,SWING_60D,2,0.0,특수 목적용 기계 제조업,27.58121951219512,8.227560975609755,6.0,83.0,0.0,0.106421926910299,-0.006095022907084557,0.5106382978723404,OK,0.0,UNVALIDATED_MODEL,54.953025007003255,54.953025007003255,0.0,6,1,0.5,0.5,0.0,STRUCT+TIMING+SECTOR,default,default,default,70,20260805,20260805,,35.4,35.4,35.4,-12.0,-33.79,FRESH,0.291,,False,0.3,True,MATURE,11693.0,ALPHA_WIN_PROB,1.163,,1.163,0.0,상태 OVERHEAT — 신규진입 상태 아님(사이징 제외),0.4624,0.0,0.0,v40_alpha_tilt,,,,,,True,9.3,,ELITE_SCORE,MATURE,11693,2.4.0,OK,,100.0,ATTACK,OK,OK,OK,OK,OK,OK,OK,0,7,True,True,True,,0,GREEN,,,0.0,AVOID,0,5일 +35% · 7월 손실방어 차단 · 수익회복 패치 차단,0,1,0,0,,0.0,T=40<70,100.0,GREEN,,,0,False,0,BELOW_OFFICIAL_BAR,TOP_PICK=0,,10.0,IGNORE,IGNORE,NORMAL,0,0,0,0,0,0,0,0,0,CLEAR,,,0,0,0,0,0.0,,,,,,,,,,DISABLED_LOSS_DEFENSE,,,,,,True,False,True,True,True,True,True,True,0.0,0.0,0.0,0.0,0.0,0.0,0.0,0.0,0.0,0.5,False,False,False,2,False,12.2,0.5,G2RR×0.5,,0,0,0,,12.2,0,과열이나 GUARD 미통과 — 레인 제외,False,0.0,0.0,True,JULY_PROFIT_DEFENSE: 5일 과열 34.9% | PROFIT_RECOVERY: 기존 guard/JULY 차단 · 시장폭 82.2 · 5일 34.9%,False,True,,0,66.0,47.0,0,1,BLOCK,5일 과열 34.9%,BLOCK,GUARD_BLOCK,1,0.0,신규진입 차단,기존 guard/JULY 차단 · 시장폭 82.2 · 5일 34.9%,44.43,6,204,0,60.84,112,,-4.0,20640.0,"진입 후 D+1 종가 20,640원(-4%) 이탈 시 익일 조기청산 권고",46.2,"최근 20거래일 유니버스 실측 2일 상승률 46.2% (n=6,245) · 종목별 유의차 미검증",NO_EDGE_VALIDATED,CAUTION,19995.0,23650.0,"⚠️ 과열/추격 주의 · 손절 19,995(-7%)·본전전환 22,575(+5%)·1차익절 23,650(+10%) · ⚡ D+2내 21,930(+2%) 도달 시 절반 익절+잔여 본전 상향 (실측: 초반 급등 후 되돌림 -0.9%)",0,0.0,0,0,알파 49점 (진입선 85점 미달) · 손익비 1.16 · 손실방어 차단,alpha_gate_v32,CASH,0.0,,,0,NEUTRAL,"중립 레짐 — KOSPI 20일선 아래, 시장폭 82% (실측: 본전 구간 → 진입 허용하되 사이즈 50%)",0.5,1,49.2,22575.0,0.2713,1,이 점수 구간의 과거 실측 승률 29% (표본 11693건) · 거래량 밀집가 대비 -48.5% — 가치영역 근접 (실측 표본 적음) · 손익비 1.2 (손절 -8.0% / 1차목표 +9.3%),중립 레짐 — 사이즈 50% 권장,29.1,True,OVERHEAT,1,85.0,1,0,21930.0,,,,,0,1.0,,0,18.3,pctl>0.30,0,,0,1.0
215,189300,인텔리안테크,KOSDAQ,IT/전기전자,70200,63.95,7537.7,0.0,0.0,OVERHEAT,OVERHEAT,5,False,1,False,47.7,47.7,23.8,71.6,0.0,0.0,9.7,31.8,71.6,10.5,0.75,0.0,진입적정,0,70200.0,64500.0,74500.0,81800.0,,2.61,1.2,111531,-40.95,특이사항 없음,0,-14.41,53.0,12.65,TIMING 강점,,5일 급등,"과열(급등·MFI·RSI) — 실측 역신호, 관망",NORMAL,82.2,통신 및 방송 장비 제조업,6394804150.0,58.5,38.39,0,0,0.29,36.31,16.61,2.48,-56.64,-26.57,6.29,-22.85,1.29,0.924,0.024,0,12.0,1,0,1.45,0.84,0,0,0,1,1,51630.0,-37.06,0.8929,False,X,▼,58899,▲,O,X,0.0,250,0,-1,-1,1,180200.0,enter,100.0,NORMAL+PM_BLOCK_INTRADAY+EF:정상,8.12,5.0,0.8,normal,7.0,v1_sl_first_gap_at_open,NORMAL+PM_BLOCK_INTRADAY+EF:정상,SWING_20D,46,ATR_2x,23,SWING_60D,2,0.0,통신 및 방송 장비 제조업,28.983018867924528,12.636603773584905,4.0,66.8,0.0,0.082010582010582,0.0039928185429637065,0.45714285714285713,OK,0.0,UNVALIDATED_MODEL,69.84796544181519,69.84796544181519,0.0,6,1,0.5,0.5,0.0,STRUCT+TIMING+SECTOR,default,default,default,70,20260805,20260805,,47.7,47.7,47.7,-12.0,-33.79,FRESH,0.291,,False,0.302,True,MATURE,11693.0,ALPHA_WIN_PROB,0.754,,0.754,0.0,상태 OVERHEAT — 신규진입 상태 아님(사이징 제외),0.57,0.0,0.0,v40_alpha_tilt,,,,,,True,6.1,,ELITE_SCORE,MATURE,11693,2.4.0,OK,,100.0,ATTACK,OK,OK,OK,OK,OK,OK,OK,0,7,True,True,True,,0,GREEN,,,0.0,AVOID,0,RR 0.75 · 5일 +36% · 7월 손실방어 차단 · 수익회복 패치 차단,0,1,0,1,BASIC,60.0,T=72·S=24 · RR=0.75<1.0,100.0,GREEN,,,0,False,0,BELOW_OFFICIAL_BAR,TOP_PICK=0,,5.0,IGNORE,IGNORE,NORMAL,0,0,0,0,0,0,0,0,0,CLEAR,,,0,0,0,0,0.0,,,,,,,,,,DISABLED_LOSS_DEFENSE,,,,,,True,False,True,True,True,True,True,True,0.0,0.0,0.0,0.0,0.0,0.0,0.0,0.0,0.0,0.5,False,False,False,1,False,4.8,0.5,G2RR×0.5,,0,0,0,,4.8,0,과열이나 GUARD 미통과 — 레인 제외,False,0.0,0.0,True,JULY_PROFIT_DEFENSE: 5일 과열 36.3% | PROFIT_RECOVERY: 기존 guard/JULY 차단 · 시장폭 82.2 · 5일 36.3%,False,True,,0,66.0,42.0,0,1,BLOCK,5일 과열 36.3%,BLOCK,GUARD_BLOCK,1,0.0,신규진입 차단,기존 guard/JULY 차단 · 시장폭 82.2 · 5일 36.3%,54.75,6,135,0,46.88,195,,-4.0,67392.0,"진입 후 D+1 종가 67,392원(-4%) 이탈 시 익일 조기청산 권고",46.2,"최근 20거래일 유니버스 실측 2일 상승률 46.2% (n=6,245) · 종목별 유의차 미검증",NO_EDGE_VALIDATED,CAUTION,65286.0,77220.0,"⚠️ 과열/추격 주의 · 손절 65,286(-7%)·본전전환 73,710(+5%)·1차익절 77,220(+10%) · ⚡ D+2내 71,604(+2%) 도달 시 절반 익절+잔여 본전 상향 (실측: 초반 급등 후 되돌림 -0.9%)",0,0.0,0,0,알파 43점 (진입선 85점 미달) · 손익비 0.75 · 손실방어 차단,alpha_gate_v32,CASH,0.0,,,0,NEUTRAL,"중립 레짐 — KOSPI 20일선 아래, 시장폭 82% (실측: 본전 구간 → 진입 허용하되 사이즈 50%)",0.5,1,42.7,73710.0,0.2713,1,이 점수 구간의 과거 실측 승률 29% (표본 11693건) · 거래량 밀집가 대비 -41.0% — 가치영역 근접 (실측 표본 적음),중립 레짐 — 사이즈 50% 권장 · 손익비 0.75 <1 — 이길 수 없는 구조,29.1,False,OVERHEAT,1,85.0,1,0,71604.0,,,,,1,1.0,,0,31.9,pctl>0.30,0,,0,1.0
216,078600,대주전자재료,KOSDAQ,IT/전기전자,85400,166.6,13411.3,0.0,0.0,OVERHEAT,OVERHEAT,5,False,1,False,40.4,40.4,24.1,56.8,0.0,0.0,8.4,27.0,56.8,29.0,0.52,0.0,진입적정,0,85400.0,78500.0,89000.0,100400.0,,0.16,1.19,121492,-26.38,특이사항 없음,0,-14.72,52.5,13.63,,,5일 급등,"과열(급등·MFI·RSI) — 실측 역신호, 관망",NORMAL,82.2,전자부품 제조업,16660416800.0,62.7,33.99,0,0,0.23,34.28,16.99,4.79,-43.03,14.32,8.6,-9.24,42.18,0.933,0.141,0,12.0,1,0,1.38,0.88,0,0,0,1,1,60830.0,-29.71,0.8045,False,X,▼,71745,▲,O,X,0.35,250,0,-1,-1,1,116100.0,enter,100.0,NORMAL+PM_BLOCK_INTRADAY+EF:정상,8.08,5.0,0.5,normal,7.0,v1_sl_first_gap_at_open,NORMAL+PM_BLOCK_INTRADAY+EF:정상,SWING_20D,46,ATR_2x,23,VP_RESISTANCE,5,0.0,전자부품 제조업,28.983018867924528,12.636603773584905,4.0,67.9,0.0,0.08782201405152225,0.008953365727338508,0.5142857142857142,OK,0.0,UNVALIDATED_MODEL,56.5,56.5,0.0,6,1,0.5,0.5,0.0,STRUCT+TIMING+SECTOR,default,default,default,70,20260805,20260805,,40.4,40.4,40.4,-12.0,-33.79,FRESH,0.291,,False,0.3,True,MATURE,11693.0,ALPHA_WIN_PROB,0.522,,0.522,0.0,상태 OVERHEAT — 신규진입 상태 아님(사이징 제외),0.6571,0.0,0.0,v40_alpha_tilt,,,,,,True,4.2,,ELITE_SCORE,MATURE,11693,2.4.0,OK,,100.0,ATTACK,OK,OK,OK,OK,OK,OK,OK,0,7,True,True,True,,0,GREEN,,,0.0,AVOID,0,RR 0.52 · 5일 +34% · 7월 손실방어 차단 · 수익회복 패치 차단,0,1,0,0,,0.0,T=57<70,100.0,GREEN,,,0,False,0,BELOW_OFFICIAL_BAR,TOP_PICK=0,,5.0,IGNORE,IGNORE,NORMAL,0,0,0,0,0,0,0,0,0,CLEAR,,,0,0,0,0,0.0,,,,,,,,,,DISABLED_LOSS_DEFENSE,,,,,,True,False,True,True,True,True,True,True,0.0,0.0,0.0,0.0,0.0,0.0,0.0,0.0,0.0,0.5,False,False,False,1,False,4.2,0.5,G2RR×0.5,,0,0,0,,4.2,0,과열이나 GUARD 미통과 — 레인 제외,False,0.0,0.0,True,JULY_PROFIT_DEFENSE: 5일 과열 34.3% | PROFIT_RECOVERY: 기존 guard/JULY 차단 · 시장폭 82.2 · 5일 34.3%,False,True,,0,66.0,42.0,0,1,BLOCK,5일 과열 34.3%,BLOCK,GUARD_BLOCK,1,0.0,신규진입 차단,기존 guard/JULY 차단 · 시장폭 82.2 · 5일 34.3%,57.15,6,116,0,45.29,202,,-4.0,81984.0,"진입 후 D+1 종가 81,984원(-4%) 이탈 시 익일 조기청산 권고",46.2,"최근 20거래일 유니버스 실측 2일 상승률 46.2% (n=6,245) · 종목별 유의차 미검증",NO_EDGE_VALIDATED,CAUTION,79422.0,93940.0,"⚠️ 과열/추격 주의 · 손절 79,422(-7%)·본전전환 89,670(+5%)·1차익절 93,940(+10%) · ⚡ D+2내 87,108(+2%) 도달 시 절반 익절+잔여 본전 상향 (실측: 초반 급등 후 되돌림 -0.9%)",0,0.0,0,0,알파 40점 (진입선 85점 미달) · 손익비 0.52 · 손실방어 차단,alpha_gate_v32,CASH,0.0,,,0,NEUTRAL,"중립 레짐 — KOSPI 20일선 아래, 시장폭 82% (실측: 본전 구간 → 진입 허용하되 사이즈 50%)",0.5,1,39.9,89670.0,0.2433,1,이 점수 구간의 과거 실측 승률 29% (표본 11693건) · 거래량 밀집가 대비 -26.4% — 가치영역 근접 (실측 표본 적음),중립 레짐 — 사이즈 50% 권장 · 손익비 0.52 <1 — 이길 수 없는 구조,29.1,False,OVERHEAT,1,85.0,1,0,87108.0,,,,,1,1.0,,0,31.0,pctl>0.30,0,,0,1.0
217,000150,두산,KOSPI,금융,1260000,973.47,204042.3,0.0,0.0,OVERHEAT,OVERHEAT,5,False,1,False,37.6,37.6,43.4,31.8,0.0,0.0,24.4,25.1,43.4,45.8,1.83,0.0,RR1.8 + 진입적정,0,1260000.0,1159000.0,1445000.0,1538000.0,,0.57,0.84,1534120,-21.02,특이사항 없음,0,-16.6,48.7,5.85,,,5일 급등,"과열(급등·MFI·RSI) — 실측 역신호, 관망",NORMAL,82.2,기타 금융업,97346717000.0,51.0,36.95,0,0,-1.1,26.13,3.7,-4.55,-27.38,45.83,9.27,-15.38,18.05,0.476,0.108,0,12.0,1,0,1.31,0.67,0,0,0,1,-1,1357000.0,-17.87,0.9435,False,X,▲,1119827,▲,O,X,6.04,250,0,1,-1,1,1596000.0,enter,100.0,NORMAL+PM_BLOCK_INTRADAY+EF:정상,8.02,4.0,1.8,normal,7.0,v1_sl_first_gap_at_open,NORMAL+PM_BLOCK_INTRADAY+EF:정상,SWING_20D,46,ATR_2x,23,VP_RESISTANCE,23,0.0,기타 금융업,14.904375,12.145312500000001,11.0,47.1,0.0,0.11031746031746031,-0.03975812658982031,0.06481481481481481,OK,0.0,UNVALIDATED_MODEL,51.09703928964052,51.09703928964052,0.0,6,1,0.5,0.5,0.0,STRUCT+TIMING+SECTOR,default,default,default,70,20260805,20260805,,37.6,37.6,37.6,-12.0,-33.79,FRESH,0.291,,False,0.3,True,MATURE,11693.0,ALPHA_WIN_PROB,1.832,,1.81,0.0,상태 OVERHEAT — 신규진입 상태 아님(사이징 제외),0.3559,0.0,0.0,v40_alpha_tilt,,,,,,True,14.7,,ELITE_SCORE,MATURE,11693,2.4.0,OK,,100.0,ATTACK,OK,OK,OK,OK,OK,OK,OK,0,7,True,True,True,,0,GREEN,,,0.0,AVOID,0,5일 +26% · 7월 손실방어 차단 · 수익회복 패치 차단,0,1,0,0,,0.0,T=32<70,100.0,GREEN,,,0,False,0,BELOW_OFFICIAL_BAR,TOP_PICK=0,,15.0,IGNORE,IGNORE,NORMAL,0,0,0,0,0,0,0,0,0,CLEAR,,,0,0,0,0,0.0,,,,,,,,,,DISABLED_LOSS_DEFENSE,,,,,,True,False,True,True,True,True,True,True,0.0,0.0,0.0,0.0,0.0,0.0,0.0,0.0,0.0,0.5,False,False,False,2,False,12.2,0.5,G2RR×0.5,,0,0,0,,12.2,0,과열이나 GUARD 미통과 — 레인 제외,False,0.0,0.0,True,JULY_PROFIT_DEFENSE: 5일 과열 26.1% | PROFIT_RECOVERY: 기존 guard/JULY 차단 · 시장폭 82.2 · 5일 26.1%,False,True,,0,66.0,40.0,0,1,BLOCK,5일 과열 26.1%,BLOCK,GUARD_BLOCK,1,0.0,신규진입 차단,기존 guard/JULY 차단 · 시장폭 82.2 · 5일 26.1%,52.55,6,154,0,64.67,89,,-4.0,1209600.0,"진입 후 D+1 종가 1,209,600원(-4%) 이탈 시 익일 조기청산 권고",46.2,"최근 20거래일 유니버스 실측 2일 상승률 46.2% (n=6,245) · 종목별 유의차 미검증",NO_EDGE_VALIDATED,CAUTION,1171800.0,1386000.0,"⚠️ 과열/추격 주의 · 손절 1,171,800(-7%)·본전전환 1,323,000(+5%)·1차익절 1,386,000(+10%) · ⚡ D+2내 1,285,200(+2%) 도달 시 절반 익절+잔여 본전 상향 (실측: 초반 급등 후 되돌림 -0.9%)",0,0.0,0,0,알파 12점 (진입선 85점 미달) · 손실방어 차단,alpha_gate_v32,CASH,0.0,,,0,NEUTRAL,"중립 레짐 — KOSPI 20일선 아래, 시장폭 82% (실측: 본전 구간 → 진입 허용하되 사이즈 50%)",0.5,1,12.4,1323000.0,0.2489,1,이 점수 구간의 과거 실측 승률 29% (표본 11693건) · 거래량 밀집가 대비 -21.0% — 가치영역 근접 (실측 표본 적음) · 손익비 1.8 (손절 -8.0% / 1차목표 +14.7%),중립 레짐 — 사이즈 50% 권장 · AI 알파모델 예측 하위 12% — 이 구간 실측 승률 25% — 픽 제외 구간,29.1,True,OVERHEAT,1,85.0,1,0,1285200.0,,,,,0,1.0,,0,25.4,pctl>0.30,0,,0,1.0
218,100790,미래에셋벤처투자,KOSDAQ,금융,14650,68.93,7782.2,0.0,0.0,OVERHEAT,OVERHEAT,5,False,1,False,51.0,51.0,34.3,67.8,0.0,0.0,33.9,34.0,67.8,15.2,2.11,0.0,RR2.1 + 진입적정,0,14650.0,13470.0,17140.0,70700.0,,2.74,1.27,44788,-48.59,특이사항 없음,0,-22.42,46.1,6.02,거래품질 우수,,5일 급등,"과열(급등·MFI·RSI) — 실측 역신호, 관망",NORMAL,82.2,기타 금융업,6892673525.0,58.3,44.08,0,0,1.1,33.55,8.2,-12.17,-74.52,-36.03,-8.36,-40.73,-8.17,0.99,0.008,0,12.0,1,0,2.99,0.65,0,0,0,1,1,10241.0,-67.29,0.7846,False,X,▼,12233,▲,O,X,1.1,250,0,-1,-1,1,,enter,100.0,NORMAL+PM_BLOCK_INTRADAY+EF:정상,8.05,5.0,2.1,normal,7.0,v1_sl_first_gap_at_open,NORMAL+PM_BLOCK_INTRADAY+EF:정상,SWING_20D,23,SWING_60D,2,,0,0.0,기타 금융업,14.904375,12.145312500000001,11.0,39.8,0.0,0.09570941004388103,0.0010886448357917962,0.7971014492753623,OK,0.0,UNVALIDATED_MODEL,70.0,70.0,0.0,6,1,0.5,0.5,0.0,STRUCT+TIMING+SECTOR,default,default,default,70,20260805,20260805,,51.0,51.0,51.0,-12.0,-33.79,FRESH,0.251,,False,0.328,True,MATURE,11693.0,ALPHA_WIN_PROB,2.11,,1.81,0.0,상태 OVERHEAT — 신규진입 상태 아님(사이징 제외),0.3559,0.0,0.0,v40_alpha_tilt,,,,,,True,17.0,,ELITE_SCORE,MATURE,11693,2.4.0,OK,,100.0,ATTACK,OK,OK,OK,OK,OK,OK,OK,0,7,True,True,True,,0,GREEN,,,0.0,AVOID,0,5일 +34% · 7월 손실방어 차단 · 수익회복 패치 차단,0,1,0,0,,0.0,T=68<70,100.0,GREEN,,,0,False,0,BELOW_OFFICIAL_BAR,TOP_PICK=0,,15.0,IGNORE,IGNORE,NORMAL,0,0,0,0,0,0,0,0,0,CLEAR,,,0,0,0,0,0.0,,,,,,,,,,DISABLED_LOSS_DEFENSE,,,,,,True,False,True,True,True,True,True,True,0.0,0.0,0.0,0.0,0.0,0.0,0.0,0.0,0.0,0.5,False,False,False,1,False,17.0,0.5,G2RR×0.5,,0,0,0,,17.0,0,과열이나 GUARD 미통과 — 레인 제외,False,0.0,0.0,True,JULY_PROFIT_DEFENSE: 5일 과열 33.5% | PROFIT_RECOVERY: 기존 guard/JULY 차단 · 시장폭 82.2 · 5일 33.5%,False,True,,0,66.0,39.0,0,1,BLOCK,5일 과열 33.5%,BLOCK,GUARD_BLOCK,1,0.0,신규진입 차단,기존 guard/JULY 차단 · 시장폭 82.2 · 5일 33.5%,51.32,6,159,0,72.41,41,,-4.0,14064.0,"진입 후 D+1 종가 14,064원(-4%) 이탈 시 익일 조기청산 권고",46.2,"최근 20거래일 유니버스 실측 2일 상승률 46.2% (n=6,245) · 종목별 유의차 미검증",NO_EDGE_VALIDATED,CAUTION,13624.0,16115.0,"⚠️ 과열/추격 주의 · 손절 13,624(-7%)·본전전환 15,382(+5%)·1차익절 16,115(+10%) · ⚡ D+2내 14,943(+2%) 도달 시 절반 익절+잔여 본전 상향 (실측: 초반 급등 후 되돌림 -0.9%)",0,0.0,0,0,알파 63점 (진입선 85점 미달) · 손실방어 차단,alpha_gate_v32,CASH,0.0,,,0,NEUTRAL,"중립 레짐 — KOSPI 20일선 아래, 시장폭 82% (실측: 본전 구간 → 진입 허용하되 사이즈 50%)",0.5,1,62.8,15382.0,0.3233,1,이 점수 구간의 과거 실측 승률 25% (표본 11693건) · 거래량 밀집가 대비 -48.6% — 가치영역 근접 (실측 표본 적음) · 손익비 2.1 (손절 -8.1% / 1차목표 +17.0%),중립 레짐 — 사이즈 50% 권장,25.1,True,OVERHEAT,1,85.0,1,0,14943.0,,,,,0,1.0,,0,13.0,pctl>0.30,0,,0,1.0
219,004710,한솔테크닉스,KOSPI,IT/전기전자,7730,96.01,4106.2,0.0,0.0,OVERHEAT,OVERHEAT,5,False,1,False,38.4,38.4,17.7,59.2,0.0,0.0,27.2,25.6,59.2,26.0,4.47,0.0,RR4.5 + 진입적정,0,7730.0,7110.0,10500.0,16430.0,,2.02,1.18,12053,9.44,특이사항 없음,0,-32.57,32.9,-3.59,,,5일 급등,"과열(급등·MFI·RSI) — 실측 역신호, 관망",NORMAL,82.2,전자부품 제조업,9600719910.0,37.8,62.75,0,0,0.91,32.14,-14.11,-11.86,-24.73,44.95,1.96,-12.73,17.17,0.666,0.117,1,12.0,1,0,1.82,0.47,0,0,0,0,-1,8784.0,-35.87,1.1397,False,X,▲,6230,▲,O,X,3.26,250,0,1,1,1,,enter,100.0,NORMAL+PM_BLOCK_INTRADAY+EF:정상,8.02,6.0,4.5,normal,7.0,v1_sl_first_gap_at_open,NORMAL+PM_BLOCK_INTRADAY+EF:정상,SWING_20D,12,SWING_60D,2,,0,0.0,전자부품 제조업,28.983018867924528,12.636603773584905,4.0,78.3,0.0,0.1237294400295694,-0.014929833676612004,0.019230769230769232,OK,0.0,UNVALIDATED_MODEL,49.636296505133124,49.636296505133124,0.0,4,1,0.5,0.5,0.0,STRUCT+TIMING+SECTOR,default,default,default,70,20260805,20260805,,38.4,38.4,38.4,-12.0,-33.79,FRESH,0.281,,False,0.3,True,MATURE,11693.0,ALPHA_WIN_PROB,4.468,,1.81,0.0,상태 OVERHEAT — 신규진입 상태 아님(사이징 제외),0.3559,0.0,0.0,v40_alpha_tilt,,,,,,True,35.8,,ELITE_SCORE,MATURE,11693,2.4.0,OK,,100.0,ATTACK,OK,OK,OK,OK,OK,OK,OK,0,7,True,True,True,,0,GREEN,,,0.0,AVOID,0,5일 +32% · 7월 손실방어 차단 · 수익회복 패치 차단,0,1,0,0,,0.0,T=59<70,100.0,GREEN,,,0,False,0,BELOW_OFFICIAL_BAR,TOP_PICK=0,,15.0,IGNORE,IGNORE,NORMAL,0,0,0,0,0,0,0,0,0,CLEAR,,,0,0,0,0,0.0,,,,,,,,,,DISABLED_LOSS_DEFENSE,,,,,,True,False,True,True,True,True,True,True,0.0,0.0,0.0,0.0,0.0,0.0,0.0,0.0,0.0,0.5,False,False,False,2,False,13.6,0.5,G2RR×0.5,,0,0,0,,13.6,0,과열이나 GUARD 미통과 — 레인 제외,False,0.0,0.0,True,JULY_PROFIT_DEFENSE: 5일 과열 32.1% | PROFIT_RECOVERY: 기존 guard/JULY 차단 · 시장폭 82.2 · 5일 32.1%,False,True,,0,62.0,39.0,0,1,BLOCK,5일 과열 32.1%,BLOCK,GUARD_BLOCK,1,0.0,신규진입 차단,기존 guard/JULY 차단 · 시장폭 82.2 · 5일 32.1%,44.32,6,207,0,64.19,92,,-4.0,7421.0,"진입 후 D+1 종가 7,421원(-4%) 이탈 시 익일 조기청산 권고",46.2,"최근 20거래일 유니버스 실측 2일 상승률 46.2% (n=6,245) · 종목별 유의차 미검증",NO_EDGE_VALIDATED,CAUTION,7189.0,8503.0,"⚠️ 과열/추격 주의 · 손절 7,189(-7%)·본전전환 8,116(+5%)·1차익절 8,503(+10%) · ⚡ D+2내 7,885(+2%) 도달 시 절반 익절+잔여 본전 상향 (실측: 초반 급등 후 되돌림 -0.9%)",0,0.0,0,0,알파 8점 (진입선 85점 미달) · 손실방어 차단,alpha_gate_v32,CASH,0.0,,,0,NEUTRAL,"중립 레짐 — KOSPI 20일선 아래, 시장폭 82% (실측: 본전 구간 → 진입 허용하되 사이즈 50%)",0.5,1,8.0,8116.0,0.2386,1,이 점수 구간의 과거 실측 승률 28% (표본 11693건) · 거래량 밀집가 대비 +9.4% — 가치영역 근접 (실측 승률 40%) · 손익비 4.5 (손절 -8.0% / 1차목표 +35.8%),중립 레짐 — 사이즈 50% 권장 · AI 알파모델 예측 하위 8% — 이 구간 실측 승률 24% — 픽 제외 구간,28.1,True,OVERHEAT,1,85.0,1,0,7885.0,,,,,0,1.0,,0,3.4,pctl>0.30,1,"⛔ 위험구간 — 알파 하위10% + 저점추세 하위30% (실측 5일 -2.88%·승률 21.5%, 20일 승률 10.8%) · 보유 중이면 정리 검토",0,1.0
220,178320,서진시스템,KOSDAQ,IT/전기전자,37500,223.47,23869.0,0.0,0.0,OVERHEAT,OVERHEAT,5,False,1,False,7.3,7.3,0.0,14.6,0.0,0.0,6.3,4.9,14.6,81.8,4.0,0.0,밸런스우수 + RR4.0 + 진입적정,0,37500.0,34500.0,49500.0,83300.0,,1.88,0.57,61990,-16.99,특이사항 없음,0,-18.63,44.1,-0.29,,,5일 급등,"과열(급등·MFI·RSI) — 실측 역신호, 관망",NORMAL,82.2,기타 전기장비 제조업,22346692600.0,48.6,50.55,0,0,1.9,26.9,3.45,-18.03,-43.27,9.01,-14.22,-9.48,36.87,0.929,0.081,0,12.0,1,0,1.47,0.46,0,0,0,0,-1,41570.0,-39.51,0.8424,False,X,▼,32062,▲,O,X,3.8,250,0,-1,-1,1,,enter,100.0,NORMAL+PM_BLOCK_INTRADAY+EF:정상,8.0,5.0,4.0,normal,7.0,v1_sl_first_gap_at_open,NORMAL+PM_BLOCK_INTRADAY+EF:정상,SWING_20D,12,SWING_60D,2,,0,0.0,기타 전기장비 제조업,28.983018867924528,12.636603773584905,4.0,48.5,0.0,0.11295238095238094,-0.03301607499243822,0.20408163265306123,OK,0.0,UNVALIDATED_MODEL,23.04981868913302,23.04981868913302,0.0,4,1,0.5,0.5,0.0,STRUCT+TIMING+SECTOR,default,default,default,70,20260805,20260805,,7.3,7.3,7.3,-12.0,-33.79,FRESH,0.291,,False,0.3,True,MATURE,11693.0,ALPHA_WIN_PROB,4.0,,1.81,0.0,상태 OVERHEAT — 신규진입 상태 아님(사이징 제외),0.3559,0.0,0.0,v40_alpha_tilt,,,,,,True,32.0,,ELITE_SCORE,MATURE,11693,2.4.0,OK,,100.0,ATTACK,OK,OK,OK,OK,OK,OK,OK,0,7,True,True,True,,0,GREEN,,,0.0,AVOID,0,5일 +27% · 7월 손실방어 차단 · 수익회복 패치 차단,0,1,0,0,,0.0,T=15<70,100.0,GREEN,,,0,False,0,BELOW_OFFICIAL_BAR,TOP_PICK=0,,15.0,IGNORE,IGNORE,NORMAL,0,0,0,0,0,0,0,0,0,CLEAR,,,0,0,0,0,0.0,,,,,,,,,,DISABLED_LOSS_DEFENSE,,,,,,True,False,True,True,False,True,True,True,0.0,0.0,0.0,0.0,20.0,0.0,0.0,0.0,20.0,0.5,False,True,False,3,False,0.0,0.0,G2RR×0.5 · G5추세붕괴3축,,0,0,0,,0.0,0,과열이나 GUARD 미통과 — 레인 제외,False,0.0,0.0,True,JULY_PROFIT_DEFENSE: 5일 과열 26.9% | PROFIT_RECOVERY: 기존 guard/JULY 차단 · 시장폭 82.2 · 5일 26.9%,False,True,,0,62.0,27.0,0,1,BLOCK,5일 과열 26.9%,BLOCK,GUARD_BLOCK,1,0.0,신규진입 차단,기존 guard/JULY 차단 · 시장폭 82.2 · 5일 26.9%,26.03,6,285,0,25.55,269,,-4.0,36000.0,"진입 후 D+1 종가 36,000원(-4%) 이탈 시 익일 조기청산 권고",46.2,"최근 20거래일 유니버스 실측 2일 상승률 46.2% (n=6,245) · 종목별 유의차 미검증",NO_EDGE_VALIDATED,CAUTION,34875.0,41250.0,"⚠️ 과열/추격 주의 · 손절 34,875(-7%)·본전전환 39,375(+5%)·1차익절 41,250(+10%) · ⚡ D+2내 38,250(+2%) 도달 시 절반 익절+잔여 본전 상향 (실측: 초반 급등 후 되돌림 -0.9%)",0,0.0,0,0,알파 21점 (진입선 85점 미달) · 손실방어 차단,alpha_gate_v32,CASH,0.0,,,0,NEUTRAL,"중립 레짐 — KOSPI 20일선 아래, 시장폭 82% (실측: 본전 구간 → 진입 허용하되 사이즈 50%)",0.5,1,20.7,39375.0,0.2452,1,이 점수 구간의 과거 실측 승률 29% (표본 11693건) · 거래량 밀집가 대비 -17.0% — 가치영역 근접 (실측 표본 적음) · 손익비 4.0 (손절 -8.0% / 1차목표 +32.0%),중립 레짐 — 사이즈 50% 권장 · AI 알파모델 예측 하위 21% — 이 구간 실측 승률 25% — 픽 제외 구간,29.1,True,OVERHEAT,1,85.0,1,0,38250.0,,,,,0,1.0,,0,21.4,pctl>0.30,0,,0,1.0
221,031980,피에스케이홀딩스,KOSDAQ,조선·기계·설비,104600,148.82,22554.3,0.0,0.0,OVERHEAT,OVERHEAT,5,False,1,False,0.0,0.0,0.0,0.0,0.0,0.0,0.0,0.0,0.0,100.0,6.68,0.0,밸런스우수 + RR6.7 + 진입적정,0,104600.0,96200.0,160700.0,173000.0,,1.19,0.59,126685,-1.66,특이사항 없음,0,-31.73,30.5,-10.13,,,5일 급등,"과열(급등·MFI·RSI) — 실측 역신호, 관망",NORMAL,82.2,특수 목적용 기계 제조업,14882040200.0,22.9,73.91,0,0,1.55,27.41,-14.26,-18.03,-15.85,53.82,-14.22,17.94,81.68,0.743,0.27,0,12.0,0,0,1.33,0.34,0,0,0,0,-1,132270.0,-17.43,1.1387,False,X,▼,84806,▲,O,X,5.83,250,0,-1,1,1,,enter,100.0,NORMAL+PM_BLOCK_INTRADAY+EF:정상,8.03,5.0,6.7,normal,7.0,v1_sl_first_gap_at_open,NORMAL+PM_BLOCK_INTRADAY+EF:정상,SWING_20D,12,SWING_60D,5,,0,0.0,특수 목적용 기계 제조업,27.58121951219512,8.227560975609755,6.0,44.1,0.0,0.1541245561322043,-0.0534121023136248,0.1111111111111111,OK,0.0,UNVALIDATED_MODEL,14.451351752178402,14.451351752178402,0.0,4,1,0.5,0.5,0.0,STRUCT+TIMING+SECTOR,default,default,default,70,20260805,20260805,,0.0,0.0,0.0,-12.0,-33.79,FRESH,0.291,,False,0.3,True,MATURE,11693.0,ALPHA_WIN_PROB,6.679,,1.81,0.0,상태 OVERHEAT — 신규진입 상태 아님(사이징 제외),0.3559,0.0,0.0,v40_alpha_tilt,,,,,,True,53.6,,ELITE_SCORE,MATURE,11693,2.4.0,OK,,100.0,ATTACK,OK,OK,OK,OK,OK,OK,OK,0,7,True,True,True,,0,GREEN,,,0.0,AVOID,0,5일 +27% · 7월 손실방어 차단 · 수익회복 패치 차단,0,1,0,0,,0.0,T=0<70,100.0,GREEN,,,0,False,0,BELOW_OFFICIAL_BAR,TOP_PICK=0,,15.0,IGNORE,IGNORE,NORMAL,0,0,0,0,0,0,0,0,0,CLEAR,,,0,0,0,0,0.0,,,,,,,,,,DISABLED_LOSS_DEFENSE,,,,,,True,False,True,False,False,True,True,True,0.0,0.0,0.0,0.0,20.0,0.0,0.0,0.0,20.0,0.3,True,True,False,3,False,0.0,0.0,G2RR×0.3 · G4저모멘텀차단 · G5추세붕괴3축,,0,0,0,,0.0,0,과열이나 GUARD 미통과 — 레인 제외,False,0.0,0.0,True,JULY_PROFIT_DEFENSE: 5일 과열 27.4% | PROFIT_RECOVERY: 기존 guard/JULY 차단 · 시장폭 82.2 · 5일 27.4%,False,True,,0,62.0,23.0,0,1,BLOCK,5일 과열 27.4%,BLOCK,GUARD_BLOCK,1,0.0,신규진입 차단,기존 guard/JULY 차단 · 시장폭 82.2 · 5일 27.4%,19.66,6,302,0,13.47,308,,-4.0,100416.0,"진입 후 D+1 종가 100,416원(-4%) 이탈 시 익일 조기청산 권고",46.2,"최근 20거래일 유니버스 실측 2일 상승률 46.2% (n=6,245) · 종목별 유의차 미검증",NO_EDGE_VALIDATED,CAUTION,97278.0,115060.0,"⚠️ 과열/추격 주의 · 손절 97,278(-7%)·본전전환 109,830(+5%)·1차익절 115,060(+10%) · ⚡ D+2내 106,692(+2%) 도달 시 절반 익절+잔여 본전 상향 (실측: 초반 급등 후 되돌림 -0.9%)",0,0.0,0,0,알파 1점 (진입선 85점 미달) · 손실방어 차단,alpha_gate_v32,CASH,0.0,,,0,NEUTRAL,"중립 레짐 — KOSPI 20일선 아래, 시장폭 82% (실측: 본전 구간 → 진입 허용하되 사이즈 50%)",0.5,1,1.2,109830.0,0.2386,1,이 점수 구간의 과거 실측 승률 29% (표본 11693건) · 거래량 밀집가 대비 -1.7% — 가치영역 근접 (실측 표본 적음) · 손익비 6.7 (손절 -8.0% / 1차목표 +53.6%),중립 레짐 — 사이즈 50% 권장 · AI 알파모델 예측 하위 1% — 이 구간 실측 승률 24% — 픽 제외 구간,29.1,True,OVERHEAT,1,85.0,1,0,106692.0,,,,,0,1.0,,0,4.6,pctl>0.30,1,"⛔ 위험구간 — 알파 하위10% + 저점추세 하위30% (실측 5일 -2.88%·승률 21.5%, 20일 승률 10.8%) · 보유 중이면 정리 검토",0,1.0
222,144960,뉴파워프라즈마,KOSDAQ,조선·기계·설비,10490,111.05,4583.4,0.0,0.0,OVERHEAT,OVERHEAT,5,False,1,False,62.8,62.8,48.2,77.5,0.0,0.0,11.9,41.9,77.5,3.1,0.45,0.0,진입적정,0,10490.0,9650.0,10870.0,11270.0,,1.8,0.74,9463,3.92,특이사항 없음,1,-4.79,50.9,11.28,TIMING 강점,,5일 급등,"과열(급등·MFI·RSI) — 실측 역신호, 관망",NORMAL,82.2,특수 목적용 기계 제조업,11104905280.0,59.9,38.96,0,0,2.84,33.12,4.38,24.58,42.72,72.82,28.39,76.51,100.68,0.009,0.009,1,12.0,1,0,1.18,0.9,0,0,0,1,1,6920.0,10.85,0.5966,False,O,▲,9313,▲,O,X,1.96,250,0,1,1,1,12980.0,enter,100.0,NORMAL+PM_BLOCK_INTRADAY+EF:정상,8.01,6.0,0.5,normal,7.0,v1_sl_first_gap_at_open,NORMAL+PM_BLOCK_INTRADAY+EF:정상,SWING_20D,46,BB_UPPER,46,ATR_2x,23,0.0,특수 목적용 기계 제조업,27.58121951219512,8.227560975609755,6.0,80.6,0.0,0.11861636933133596,-0.033743537949765715,0.4230769230769231,OK,0.0,UNVALIDATED_MODEL,48.515389084396354,48.515389084396354,0.0,6,1,0.5,0.5,0.0,STRUCT+TIMING+SECTOR,default,default,default,70,20260805,20260805,,62.8,62.8,62.8,-12.0,-33.79,FRESH,0.291,,False,0.422,True,MATURE,11693.0,ALPHA_WIN_PROB,0.452,,0.452,0.0,상태 OVERHEAT — 신규진입 상태 아님(사이징 제외),0.6885,0.0,0.0,v40_alpha_tilt,,,,,,True,3.6,,ELITE_SCORE,MATURE,11693,2.4.0,OK,,100.0,ATTACK,OK,OK,OK,OK,OK,OK,OK,0,7,True,True,True,,0,GREEN,,,0.0,AVOID,0,RR 0.45 · 5일 +33% · 7월 손실방어 차단 · 수익회복 패치 차단,0,1,0,1,BASIC,60.0,T=78·S=48 · RR=0.45<0.5,100.0,GREEN,,,0,False,0,BELOW_OFFICIAL_BAR,TOP_PICK=0,,5.0,IGNORE,IGNORE,NORMAL,0,0,0,0,0,0,0,0,0,CLEAR,,,0,0,0,0,0.0,,,,,,,,,,DISABLED_LOSS_DEFENSE,,,,,,True,True,True,True,True,True,True,True,0.0,0.0,0.0,0.0,0.0,0.0,0.0,0.0,0.0,1.0,False,False,False,0,True,11.9,1.0,,,0,0,1,B,11.9,0,"모멘텀 관찰 (과열·가드통과, 상위5 밖 — 매수 아님)",False,0.0,0.0,True,JULY_PROFIT_DEFENSE: 5일 과열 33.1% | PROFIT_RECOVERY: 기존 guard/JULY 차단 · 시장폭 82.2 · 5일 33.1%,False,True,,0,58.0,36.0,0,1,BLOCK,5일 과열 33.1%,BLOCK,GUARD_BLOCK,1,0.0,신규진입 차단,기존 guard/JULY 차단 · 시장폭 82.2 · 5일 33.1%,66.25,6,62,0,57.66,134,모멘텀확인중(PMS66),-4.0,10070.0,"진입 후 D+1 종가 10,070원(-4%) 이탈 시 익일 조기청산 권고",46.2,"최근 20거래일 유니버스 실측 2일 상승률 46.2% (n=6,245) · 종목별 유의차 미검증",NO_EDGE_VALIDATED,CAUTION,9756.0,11539.0,"⚠️ 과열/추격 주의 · 손절 9,756(-7%)·본전전환 11,014(+5%)·1차익절 11,539(+10%) · ⚡ D+2내 10,700(+2%) 도달 시 절반 익절+잔여 본전 상향 (실측: 초반 급등 후 되돌림 -0.9%)",0,0.0,0,0,알파 14점 (진입선 85점 미달) · 손익비 0.45 · 손실방어 차단,alpha_gate_v32,CASH,0.0,,,0,NEUTRAL,"중립 레짐 — KOSPI 20일선 아래, 시장폭 82% (실측: 본전 구간 → 진입 허용하되 사이즈 50%)",0.5,1,13.9,11014.0,0.2489,1,이 점수 구간의 과거 실측 승률 29% (표본 11693건) · 거래량 밀집가 대비 +3.9% — 가치영역 근접 (실측 승률 40%),중립 레짐 — 사이즈 50% 권장 · 손익비 0.45 <1 — 이길 수 없는 구조 · AI 알파모델 예측 하위 14% — 이 구간 실측 승률 25% — 픽 제외 구간,29.1,False,OVERHEAT,1,85.0,1,0,10700.0,,,,,1,1.0,,0,59.4,pctl>0.30,0,,0,1.0
223,079550,LIG디펜스앤에어로스페이스,KOSPI,기타,798000,813.53,175560.0,0.0,0.0,OVERHEAT,OVERHEAT,5,False,1,False,55.4,55.4,45.2,65.7,0.0,0.0,10.8,37.0,65.7,17.9,0.55,0.0,진입적정,0,798000.0,734000.0,833000.0,935000.0,,3.27,0.66,810433,8.49,특이사항 없음,5,-11.94,54.0,12.11,,,5일 급등,"과열(급등·MFI·RSI) — 실측 역신호, 관망",NORMAL,82.2,무기 및 총포탄 제조업,81352850000.0,56.7,27.07,1,0,-0.37,28.71,19.64,-0.13,-5.0,83.66,13.69,7.0,55.88,0.425,0.257,1,12.0,1,0,1.15,0.86,0,0,0,1,-1,835600.0,-1.53,0.6095,False,X,▲,705617,▲,O,X,-1.0,250,0,1,1,1,1098000.0,enter,100.0,NORMAL+PM_BLOCK_INTRADAY+EF:정상,8.02,4.0,0.5,normal,7.0,v1_sl_first_gap_at_open,NORMAL+PM_BLOCK_INTRADAY+EF:정상,SWING_20D,46,ATR_2x,23,SWING_60D,5,0.0,무기 및 총포탄 제조업,22.15142857142857,8.541428571428572,9.0,48.7,0.0,0.08583959899749373,0.012738511175762635,0.6774193548387096,OK,0.0,UNVALIDATED_MODEL,50.114093784941346,50.114093784941346,0.0,8,1,0.5,0.5,0.0,STRUCT+TIMING+SECTOR,default,default,default,70,20260805,20260805,,55.4,55.4,55.4,-12.0,-33.79,FRESH,0.291,,False,0.363,True,MATURE,11693.0,ALPHA_WIN_PROB,0.547,,0.547,0.0,상태 OVERHEAT — 신규진입 상태 아님(사이징 제외),0.6465,0.0,0.0,v40_alpha_tilt,,,,,,True,4.4,,ELITE_SCORE,MATURE,11693,2.4.0,OK,,100.0,ATTACK,OK,OK,OK,OK,OK,OK,OK,0,7,True,True,True,,0,GREEN,,,0.0,AVOID,0,RR 0.55 · 5일 +29% · 7월 손실방어 차단 · 수익회복 패치 차단,0,1,0,0,,0.0,T=66<70,100.0,GREEN,,,0,False,0,BELOW_OFFICIAL_BAR,TOP_PICK=0,,5.0,IGNORE,IGNORE,NORMAL,0,0,0,0,0,0,0,0,0,CLEAR,,,0,0,0,0,0.0,,,,,,,,,,DISABLED_LOSS_DEFENSE,,,,,,True,False,True,True,True,True,False,True,0.0,0.0,0.0,0.0,0.0,0.0,15.0,0.0,15.0,0.5,False,False,False,1,False,0.0,0.0,G2RR×0.5 · G7윗꼬리약세-15,,0,0,0,,0.0,0,과열이나 GUARD 미통과 — 레인 제외,False,0.0,0.0,True,JULY_PROFIT_DEFENSE: 5일 과열 28.7% | PROFIT_RECOVERY: 기존 guard/JULY 차단 · 시장폭 82.2 · 5일 28.7%,False,True,,0,58.0,30.0,0,1,BLOCK,5일 과열 28.7%,BLOCK,GUARD_BLOCK,1,0.0,신규진입 차단,기존 guard/JULY 차단 · 시장폭 82.2 · 5일 28.7%,70.02,6,47,0,57.61,135,모멘텀확인중(PMS70),-4.0,766080.0,"진입 후 D+1 종가 766,080원(-4%) 이탈 시 익일 조기청산 권고",46.2,"최근 20거래일 유니버스 실측 2일 상승률 46.2% (n=6,245) · 종목별 유의차 미검증",NO_EDGE_VALIDATED,CAUTION,742140.0,877800.0,"⚠️ 과열/추격 주의 · 손절 742,140(-7%)·본전전환 837,900(+5%)·1차익절 877,800(+10%) · ⚡ D+2내 813,960(+2%) 도달 시 절반 익절+잔여 본전 상향 (실측: 초반 급등 후 되돌림 -0.9%)",0,0.0,0,0,알파 21점 (진입선 85점 미달) · 손익비 0.55 · 손실방어 차단,alpha_gate_v32,CASH,0.0,,,0,NEUTRAL,"중립 레짐 — KOSPI 20일선 아래, 시장폭 82% (실측: 본전 구간 → 진입 허용하되 사이즈 50%)",0.5,1,21.4,837900.0,0.2452,1,이 점수 구간의 과거 실측 승률 29% (표본 11693건) · 거래량 밀집가 대비 +8.5% — 가치영역 근접 (실측 승률 40%) · 변동성 응축 5일째 (스퀴즈 — 방향 분출 대기),중립 레짐 — 사이즈 50% 권장 · 손익비 0.55 <1 — 이길 수 없는 구조 · AI 알파모델 예측 하위 21% — 이 구간 실측 승률 25% — 픽 제외 구간,29.1,False,OVERHEAT,1,85.0,1,0,813960.0,,,,,1,1.0,,0,41.2,pctl>0.30,0,,0,1.0
224,000250,삼천당제약,KOSDAQ,바이오·의약품,166600,292.25,39080.1,0.0,0.0,OVERHEAT,OVERHEAT,5,False,1,False,1.6,1.6,0.0,3.3,0.0,0.0,1.5,1.1,3.3,95.9,4.21,0.0,밸런스우수 + RR4.2 + 진입적정,0,166600.0,153200.0,223000.0,254000.0,,2.66,0.6,244018,-59.16,특이사항 없음,0,-21.47,44.9,-1.53,,,5일 급등,"과열(급등·MFI·RSI) — 실측 역신호, 관망",NORMAL,82.2,의약품 제조업,29225235700.0,30.6,63.46,0,0,-0.42,31.7,9.03,-17.11,-58.76,-66.45,-13.3,-24.97,-38.59,0.914,0.0,0,12.0,1,0,0.93,0.35,0,0,0,0,-1,210060.0,-31.73,1.0129,False,X,▼,137805,▲,O,X,1.02,250,0,-1,-1,1,448000.0,enter,100.0,NORMAL+PM_BLOCK_INTRADAY+EF:정상,8.04,5.0,4.2,normal,7.0,v1_sl_first_gap_at_open,NORMAL+PM_BLOCK_INTRADAY+EF:정상,BB_UPPER,23,SWING_20D,5,SWING_60D,2,0.0,의약품 제조업,18.360833333333336,7.888333333333333,12.0,32.3,0.0,0.14555822328931572,-0.0917063829815413,0.41333333333333333,OK,0.0,UNVALIDATED_MODEL,16.428005161949624,16.428005161949624,0.0,2,0,0.5,0.5,0.0,STRUCT+TIMING+SECTOR,default,default,default,70,20260805,20260805,,1.6,1.6,1.6,-12.0,-33.79,FRESH,0.291,,False,0.3,True,MATURE,11693.0,ALPHA_WIN_PROB,4.209,,1.81,0.0,상태 OVERHEAT — 신규진입 상태 아님(사이징 제외),0.3559,0.0,0.0,v40_alpha_tilt,,,,,,True,33.9,,ELITE_SCORE,MATURE,11693,2.4.0,OK,,100.0,ATTACK,OK,OK,OK,OK,OK,OK,OK,0,7,True,True,True,,0,GREEN,,,0.0,AVOID,0,5일 +32% · 7월 손실방어 차단 · 수익회복 패치 차단,0,1,0,0,,0.0,T=3<70,100.0,GREEN,,,0,False,0,BELOW_OFFICIAL_BAR,TOP_PICK=0,EBS 미통과/불명,10.0,IGNORE,IGNORE,NORMAL,0,0,0,0,0,0,0,0,0,CLEAR,,,0,0,0,0,0.0,,,,,,,,,,DISABLED_LOSS_DEFENSE,,,,,,True,False,True,True,False,True,True,True,0.0,0.0,0.0,0.0,20.0,0.0,0.0,0.0,20.0,0.5,False,True,False,3,False,0.0,0.0,G2RR×0.5 · G5추세붕괴3축,,0,0,0,,0.0,0,과열이나 GUARD 미통과 — 레인 제외,False,0.0,0.0,True,JULY_PROFIT_DEFENSE: 5일 과열 31.7% | PROFIT_RECOVERY: 기존 guard/JULY 차단 · 시장폭 82.2 · 5일 31.7%,False,True,,0,54.0,21.0,0,1,BLOCK,5일 과열 31.7%,BLOCK,GUARD_BLOCK,1,0.0,신규진입 차단,기존 guard/JULY 차단 · 시장폭 82.2 · 5일 31.7%,26.16,6,284,0,20.67,284,,-4.0,159936.0,"진입 후 D+1 종가 159,936원(-4%) 이탈 시 익일 조기청산 권고",46.2,"최근 20거래일 유니버스 실측 2일 상승률 46.2% (n=6,245) · 종목별 유의차 미검증",NO_EDGE_VALIDATED,CAUTION,154938.0,183260.0,"⚠️ 과열/추격 주의 · 손절 154,938(-7%)·본전전환 174,930(+5%)·1차익절 183,260(+10%) · ⚡ D+2내 169,932(+2%) 도달 시 절반 익절+잔여 본전 상향 (실측: 초반 급등 후 되돌림 -0.9%)",0,0.0,0,0,알파 56점 (진입선 85점 미달) · 손실방어 차단,alpha_gate_v32,CASH,0.0,,,0,NEUTRAL,"중립 레짐 — KOSPI 20일선 아래, 시장폭 82% (실측: 본전 구간 → 진입 허용하되 사이즈 50%)",0.5,1,55.7,174930.0,0.2958,1,이 점수 구간의 과거 실측 승률 29% (표본 11693건) · 거래량 밀집가 대비 -59.2% — 가치영역 근접 (실측 표본 적음) · 손익비 4.2 (손절 -8.0% / 1차목표 +33.9%),중립 레짐 — 사이즈 50% 권장,29.1,True,OVERHEAT,1,85.0,1,0,169932.0,,,,,0,1.0,,0,16.6,pctl>0.30,0,,0,1.0
225,420770,기가비스,KOSDAQ,조선·기계·설비,116400,102.07,14754.6,0.0,0.0,OVERHEAT,OVERHEAT,5,False,1,False,4.6,4.6,0.0,9.3,0.0,0.0,4.1,3.1,9.3,88.4,3.64,0.0,밸런스우수 + RR3.6 + 진입적정,0,116400.0,107000.0,150600.0,177000.0,,-0.46,0.51,136639,-18.76,특이사항 없음,0,-36.19,29.4,-10.89,,,5일 급등,"과열(급등·MFI·RSI) — 실측 역신호, 관망",NORMAL,82.2,특수 목적용 기계 제조업,10207478500.0,21.2,78.95,0,0,1.39,26.52,-11.01,-16.86,13.45,94.65,-13.05,47.24,122.51,0.42,0.092,0,12.0,0,0,1.06,0.36,0,0,0,0,-1,137065.0,-14.81,1.4282,False,X,▲,92859,▲,O,X,4.01,250,0,1,1,1,182200.0,enter,100.0,NORMAL+PM_BLOCK_INTRADAY+EF:정상,8.08,5.0,3.6,normal,7.0,v1_sl_first_gap_at_open,NORMAL+PM_BLOCK_INTRADAY+EF:정상,ATR_2x,23,SWING_20D,5,BB_UPPER,5,0.0,특수 목적용 기계 제조업,27.58121951219512,8.227560975609755,6.0,37.2,0.0,0.14656971035837016,-0.10963334569433296,0.16923076923076924,OK,0.0,UNVALIDATED_MODEL,17.414255836332387,17.414255836332387,0.0,2,0,0.5,0.5,0.0,STRUCT+TIMING+SECTOR,default,default,default,70,20260805,20260805,,4.6,4.6,4.6,-12.0,-33.79,FRESH,0.291,,False,0.3,True,MATURE,11693.0,ALPHA_WIN_PROB,3.638,,1.81,0.0,상태 OVERHEAT — 신규진입 상태 아님(사이징 제외),0.3559,0.0,0.0,v40_alpha_tilt,,,,,,True,29.4,,ELITE_SCORE,MATURE,11693,2.4.0,OK,,100.0,ATTACK,OK,OK,OK,OK,OK,OK,OK,0,7,True,True,True,,0,GREEN,,,0.0,AVOID,0,5일 +27% · 7월 손실방어 차단 · 수익회복 패치 차단,0,1,0,0,,0.0,T=9<70,100.0,GREEN,,,0,False,0,BELOW_OFFICIAL_BAR,TOP_PICK=0,EBS 미통과/불명,10.0,IGNORE,IGNORE,NORMAL,0,0,0,0,0,0,0,0,0,CLEAR,,,0,0,0,0,0.0,,,,,,,,,,DISABLED_LOSS_DEFENSE,,,,,,True,False,True,True,False,True,True,True,0.0,0.0,0.0,0.0,20.0,0.0,0.0,0.0,20.0,0.5,False,True,False,3,False,0.0,0.0,G2RR×0.5 · G5추세붕괴3축,,0,0,0,,0.0,0,과열이나 GUARD 미통과 — 레인 제외,False,0.0,0.0,True,JULY_PROFIT_DEFENSE: 5일 과열 26.5% | PROFIT_RECOVERY: 기존 guard/JULY 차단 · 시장폭 82.2 · 5일 26.5%,False,True,,0,54.0,21.0,0,1,BLOCK,5일 과열 26.5%,BLOCK,GUARD_BLOCK,1,0.0,신규진입 차단,기존 guard/JULY 차단 · 시장폭 82.2 · 5일 26.5%,22.42,6,295,0,21.04,283,,-4.0,111744.0,"진입 후 D+1 종가 111,744원(-4%) 이탈 시 익일 조기청산 권고",46.2,"최근 20거래일 유니버스 실측 2일 상승률 46.2% (n=6,245) · 종목별 유의차 미검증",NO_EDGE_VALIDATED,CAUTION,108252.0,128040.0,"⚠️ 과열/추격 주의 · 손절 108,252(-7%)·본전전환 122,220(+5%)·1차익절 128,040(+10%) · ⚡ D+2내 118,728(+2%) 도달 시 절반 익절+잔여 본전 상향 (실측: 초반 급등 후 되돌림 -0.9%)",0,0.0,0,0,알파 6점 (진입선 85점 미달) · 손실방어 차단,alpha_gate_v32,CASH,0.0,,,0,NEUTRAL,"중립 레짐 — KOSPI 20일선 아래, 시장폭 82% (실측: 본전 구간 → 진입 허용하되 사이즈 50%)",0.5,1,5.6,122220.0,0.2386,1,이 점수 구간의 과거 실측 승률 29% (표본 11693건) · 거래량 밀집가 대비 -18.8% — 가치영역 근접 (실측 표본 적음) · 손익비 3.6 (손절 -8.1% / 1차목표 +29.4%),중립 레짐 — 사이즈 50% 권장 · AI 알파모델 예측 하위 6% — 이 구간 실측 승률 24% — 픽 제외 구간,29.1,True,OVERHEAT,1,85.0,1,0,118728.0,,,,,0,1.0,,0,2.2,pctl>0.30,1,"⛔ 위험구간 — 알파 하위10% + 저점추세 하위30% (실측 5일 -2.88%·승률 21.5%, 20일 승률 10.8%) · 보유 중이면 정리 검토",0,1.0
226,353200,대덕전자,KOSPI,IT/전기전자,106300,1322.69,52530.2,0.0,0.0,OVERHEAT,OVERHEAT,5,False,1,False,18.4,18.4,11.3,25.5,0.0,0.0,13.9,12.3,25.5,68.1,4.58,0.0,RR4.6 + 진입적정,0,106300.0,97700.0,145700.0,198000.0,,-0.36,0.98,137588,74.09,특이사항 없음,0,-31.03,33.1,-3.26,,,5일 급등,"과열(급등·MFI·RSI) — 실측 역신호, 관망",NORMAL,82.2,전자부품 제조업,132269103850.0,42.4,62.2,0,0,8.69,31.4,-10.67,-8.91,-13.72,81.4,4.91,-1.72,53.62,0.455,0.081,1,12.0,1,0,1.17,0.47,-15201,20729,5528,0,-1,123810.0,-22.74,0.9689,False,X,▲,86132,▲,O,X,8.69,250,0,1,1,1,,split,50.0,NORMAL+PM_BLOCK_INTRADAY+EF:갭 7%+ 분할 진입+ENTRY:split,8.09,4.0,4.6,normal,7.0,v1_sl_first_gap_at_open,NORMAL+PM_BLOCK_INTRADAY+EF:갭 7%+ 분할 진입+ENTRY:split,SWING_20D,12,SWING_60D,2,,0,0.0,전자부품 제조업,28.983018867924528,12.636603773584905,4.0,80.8,0.0,0.13996774627066255,-0.03734841280954947,0.25,OK,0.0,UNVALIDATED_MODEL,28.334863114742106,28.334863114742106,0.0,4,1,0.5,0.5,0.0,STRUCT+TIMING+SECTOR,default,default,default,70,20260805,20260805,,18.4,18.4,18.4,-12.0,-33.79,FRESH,0.291,,False,0.3,True,MATURE,11693.0,ALPHA_WIN_PROB,4.581,,1.81,0.0,상태 OVERHEAT — 신규진입 상태 아님(사이징 제외),0.3559,0.0,0.0,v40_alpha_tilt,,,,,,True,37.1,,ELITE_SCORE,MATURE,11693,2.4.0,OK,,100.0,ATTACK,OK,OK,OK,OK,OK,OK,OK,0,7,True,True,True,,0,GREEN,,,0.0,AVOID,0,5일 +31% · POC 74↑ · 7월 손실방어 차단 · 수익회복 패치 차단,0,1,0,0,,0.0,T=26<70,100.0,GREEN,,,0,False,0,BELOW_OFFICIAL_BAR,TOP_PICK=0,,15.0,IGNORE,IGNORE,NORMAL,0,0,0,0,0,0,0,0,0,CLEAR,,,0,0,0,0,0.0,,,,,,,,,,DISABLED_LOSS_DEFENSE,,,,,,True,False,True,True,True,True,True,True,0.0,0.0,0.0,0.0,0.0,0.0,0.0,0.0,0.0,0.5,False,False,False,2,False,7.0,0.5,G2RR×0.5,,0,0,0,,7.0,0,과열이나 GUARD 미통과 — 레인 제외,False,0.0,0.0,True,JULY_PROFIT_DEFENSE: 5일 과열 31.4% · POC 74.1 > 60 | PROFIT_RECOVERY: 단기상승+VWAP/POC 추격충돌 · 기존 guard/JULY 차단 · 시장폭 82.2 · 5일 31.4%,False,True,,0,42.0,0.0,0,1,BLOCK,5일 과열 31.4% · POC 74.1 > 60,BLOCK,GUARD_BLOCK,1,0.0,신규진입 차단,단기상승+VWAP/POC 추격충돌 · 기존 guard/JULY 차단 · 시장폭 82.2 · 5일 31.4%,43.21,6,213,0,50.01,176,,-4.0,102048.0,"진입 후 D+1 종가 102,048원(-4%) 이탈 시 익일 조기청산 권고",46.2,"최근 20거래일 유니버스 실측 2일 상승률 46.2% (n=6,245) · 종목별 유의차 미검증",NO_EDGE_VALIDATED,CAUTION,98859.0,116930.0,"⚠️ 과열/추격 주의 · 손절 98,859(-7%)·본전전환 111,615(+5%)·1차익절 116,930(+10%) · ⚡ D+2내 108,426(+2%) 도달 시 절반 익절+잔여 본전 상향 (실측: 초반 급등 후 되돌림 -0.9%)",0,0.0,0,0,알파 4점 (진입선 85점 미달) · 손실방어 차단 · POC 확장 74% (추격 위험),alpha_gate_v32,CASH,0.0,,,1,NEUTRAL,"중립 레짐 — KOSPI 20일선 아래, 시장폭 82% (실측: 본전 구간 → 진입 허용하되 사이즈 50%)",0.5,1,4.3,111615.0,0.2386,1,이 점수 구간의 과거 실측 승률 29% (표본 11693건) · 손익비 4.6 (손절 -8.1% / 1차목표 +37.1%),중립 레짐 — 사이즈 50% 권장 · 거래량 밀집가 대비 +74.1% 확장 (실측 승률 12~23% — 추격 위험) · AI 알파모델 예측 하위 4% — 이 구간 실측 승률 24% — 픽 제외 구간,29.1,False,OVERHEAT,1,85.0,1,0,108426.0,,,,,0,1.0,,0,5.3,pctl>0.30,1,"⛔ 위험구간 — 알파 하위10% + 저점추세 하위30% (실측 5일 -2.88%·승률 21.5%, 20일 승률 10.8%) · 보유 중이면 정리 검토",0,1.0
227,009150,삼성전기,KOSPI,IT/전기전자,1356000,13647.63,1012846.5,0.0,0.0,OVERHEAT,OVERHEAT,5,False,1,False,49.8,49.8,43.6,56.0,0.0,0.0,32.9,33.2,56.0,30.0,2.86,0.1,RR2.9 + 진입적정,0,1354000.0,1245000.0,1673000.0,2417000.0,,-1.63,1.05,1598713,200.8,특이사항 없음,0,-25.62,47.9,5.48,,,5일 급등,"과열(급등·MFI·RSI) — 실측 역신호, 관망",NORMAL,82.2,전자부품 제조업,1364762760000.0,41.1,51.85,0,0,14.43,31.78,0.82,-17.72,48.36,367.59,-3.9,60.36,339.81,0.395,0.046,1,12.0,1,0,1.26,0.61,-204756,24408,-180348,1,-1,1466800.0,-15.18,1.0831,False,O,▲,1087819,▲,O,X,14.01,250,0,1,1,1,2842000.0,hold,0.0,NORMAL+PM_BLOCK_INTRADAY+EF:갭 12%+ 진입 보류+ENTRY:hold,8.05,4.0,2.9,normal,7.0,v1_sl_first_gap_at_open,NORMAL+PM_BLOCK_INTRADAY+EF:갭 12%+ 진입 보류+ENTRY:hold,SWING_20D,23,SWING_60D,2,FIBO_1.272,2,0.0,전자부품 제조업,28.983018867924528,12.636603773584905,4.0,76.9,0.0,0.12584281500210703,-0.04359116886742486,0.175,OK,0.0,UNVALIDATED_MODEL,55.84286248006228,55.84286248006228,0.0,6,1,0.5,0.5,0.0,STRUCT+TIMING+SECTOR,default,default,default,70,20260805,20260805,,49.8,49.8,49.8,-12.0,-33.79,FRESH,0.255,,False,0.318,True,MATURE,11693.0,ALPHA_WIN_PROB,2.927,,1.81,0.0,상태 OVERHEAT — 신규진입 상태 아님(사이징 제외),0.3559,0.0,0.0,v40_alpha_tilt,,,,,,True,23.4,,ELITE_SCORE,MATURE,11693,2.4.0,OK,,100.0,ATTACK,OK,OK,OK,OK,OK,OK,OK,0,7,True,True,True,,0,GREEN,,,0.0,AVOID,0,5일 +32% · POC 201↑ · 7월 손실방어 차단 · 수익회복 패치 차단,0,1,0,0,,0.0,T=56<70 · 전일+14%,100.0,GREEN,,,0,False,0,BELOW_OFFICIAL_BAR,TOP_PICK=0,VWAP/POC 과열,15.0,IGNORE,IGNORE,NORMAL,0,0,0,0,0,0,0,0,0,CLEAR,,,0,0,0,0,0.0,,,,,,,,,,DISABLED_LOSS_DEFENSE,,,,,,True,False,True,True,True,True,True,True,0.0,0.0,0.0,0.0,0.0,0.0,0.0,0.0,0.0,0.5,False,False,False,1,False,16.4,0.5,G2RR×0.5,,0,0,0,,16.4,0,과열이나 GUARD 미통과 — 레인 제외,False,0.0,0.0,True,JULY_PROFIT_DEFENSE: 5일 과열 31.8% · POC 과열 200.8 | PROFIT_RECOVERY: 단기상승+VWAP/POC 추격충돌 · 기존 guard/JULY 차단 · 시장폭 82.2 · 5일 31.8%,False,True,,0,42.0,0.0,0,1,BLOCK,5일 과열 31.8% · POC 과열 200.8,BLOCK,GUARD_BLOCK,1,0.0,신규진입 차단,단기상승+VWAP/POC 추격충돌 · 기존 guard/JULY 차단 · 시장폭 82.2 · 5일 31.8%,68.11,6,55,0,80.34,17,모멘텀확인중(PMS68),-4.0,1299840.0,"진입 후 D+1 종가 1,299,840원(-4%) 이탈 시 익일 조기청산 권고",46.2,"최근 20거래일 유니버스 실측 2일 상승률 46.2% (n=6,245) · 종목별 유의차 미검증",NO_EDGE_VALIDATED,CAUTION,1259220.0,1489400.0,"⚠️ 과열/추격 주의 · 손절 1,259,220(-7%)·본전전환 1,421,700(+5%)·1차익절 1,489,400(+10%) · ⚡ D+2내 1,381,080(+2%) 도달 시 절반 익절+잔여 본전 상향 (실측: 초반 급등 후 되돌림 -0.9%)",0,0.0,0,0,알파 1점 (진입선 85점 미달) · 손실방어 차단 · POC 확장 201% (추격 위험),alpha_gate_v32,CASH,0.0,,,1,NEUTRAL,"중립 레짐 — KOSPI 20일선 아래, 시장폭 82% (실측: 본전 구간 → 진입 허용하되 사이즈 50%)",0.5,1,0.6,1421700.0,0.2386,1,이 점수 구간의 과거 실측 승률 26% (표본 11693건) · 손익비 2.9 (손절 -8.2% / 1차목표 +23.4%),중립 레짐 — 사이즈 50% 권장 · 거래량 밀집가 대비 +200.8% 확장 (실측 승률 12~23% — 추격 위험) · AI 알파모델 예측 하위 1% — 이 구간 실측 승률 24% — 픽 제외 구간,25.5,False,OVERHEAT,1,85.0,1,0,1381080.0,,,,,0,1.0,,0,10.2,pctl>0.30,1,"⛔ 위험구간 — 알파 하위10% + 저점추세 하위30% (실측 5일 -2.88%·승률 21.5%, 20일 승률 10.8%) · 보유 중이면 정리 검토",0,1.0
228,018880,한온시스템,KOSPI,조선·기계·설비,3530,244.72,36227.1,0.0,0.0,WAIT,ARMED,3,True,0,False,45.6,45.6,34.2,56.9,0.0,0.0,30.8,30.4,56.9,28.9,0.88,1.6,진입적정,0,3475.0,3195.0,3825.0,3965.0,,0.83,1.26,4928,-31.91,특이사항 없음,1,-9.3,49.9,2.18,거래품질 우수,,저점 이탈,알파 상위권 + 코일(스퀴즈/추세) — 진입 임박,NORMAL,82.2,일반 목적용 기계 제조업,24471871836.0,55.3,17.29,1,0,4.75,11.71,-0.14,-4.47,-26.0,-12.41,9.35,-14.0,-40.19,0.985,0.1,0,12.0,1,0,3.08,0.65,0,0,0,1,-1,3898.0,-28.37,0.163,False,X,▼,3302,▲,O,X,2.67,250,0,-1,-1,1,5190.0,enter,100.0,NORMAL+PM_BLOCK_INTRADAY+EF:정상,8.06,5.0,1.2,normal,7.0,v1_sl_first_gap_at_open,NORMAL+PM_BLOCK_INTRADAY+EF:정상,SWING_20D,46,ATR_2x,23,VP_RESISTANCE,2,0.0,일반 목적용 기계 제조업,27.58121951219512,8.227560975609755,6.0,35.4,0.0,0.06930392553622015,0.009306612417526325,0.4117647058823529,OK,0.0,UNVALIDATED_MODEL,52.118411030204314,52.118411030204314,0.0,8,1,0.5,0.5,0.0,STRUCT+TIMING+SECTOR,default,default,default,70,20260805,20260805,,45.6,45.6,45.6,-12.0,-33.79,FRESH,0.265,,False,0.3,True,MATURE,11693.0,ALPHA_WIN_PROB,1.25,,1.25,0.0,실측 승률 34% < 필요 승률 44% (손익비 1.25) — 켈리 기준 미달,0.4444,0.0,0.0,v40_alpha_tilt,,,,,,True,8.4,,ELITE_SCORE,MATURE,11693,2.4.0,OK,,100.0,ATTACK,OK,OK,OK,OK,OK,OK,OK,0,7,True,True,True,,0,GREEN,,,0.0,AVOID,0,RR 0.88,0,0,0,0,,0.0,T=57<70,100.0,GREEN,,,0,False,0,BELOW_OFFICIAL_BAR,TOP_PICK=0,,5.0,IGNORE,IGNORE,NORMAL,0,0,0,0,0,0,0,0,0,CLEAR,,,0,0,0,0,0.0,,,,,,,,,,DISABLED_LOSS_DEFENSE,,,,,,True,False,True,True,True,True,True,True,0.0,0.0,0.0,0.0,0.0,0.0,0.0,0.0,0.0,0.5,False,False,False,2,False,15.4,0.5,G2RR×0.5,,0,0,0,,15.4,0,,False,0.0,0.0,False,,False,True,,0,78.0,78.0,0,0,CAUTION,5일 상승 11.7% > 5%,B,REALISTIC_RR,0,0.35,관찰 후보,현실형 RR · 시장폭 82.2 · 5일 11.7%,59.31,6,103,0,74.31,35,,-4.0,3336.0,"진입 후 D+1 종가 3,336원(-4%) 이탈 시 익일 조기청산 권고",46.2,"최근 20거래일 유니버스 실측 2일 상승률 46.2% (n=6,245) · 종목별 유의차 미검증",NO_EDGE_VALIDATED,OK,3232.0,3823.0,"손절 3,232(-7%)·본전전환 3,649(+5%)·1차익절 3,823(+10%) · ⚡ D+2내 3,544(+2%) 도달 시 절반 익절+잔여 본전 상향 (실측: 초반 급등 후 되돌림 -0.9%)",0,0.0,0,0,알파 79점 (진입선 85점 미달) · 손익비 0.88,alpha_gate_v32,CASH,0.0,,,0,NEUTRAL,"중립 레짐 — KOSPI 20일선 아래, 시장폭 82% (실측: 본전 구간 → 진입 허용하되 사이즈 50%)",0.5,1,78.6,3649.0,0.3379,1,이 점수 구간의 과거 실측 승률 26% (표본 11693건) · 거래량 밀집가 대비 -31.9% — 가치영역 근접 (실측 표본 적음) · AI 알파모델 예측 상위 21% (OOS 검증 통과 모델 — 이 구간 실측 승률 34%),중립 레짐 — 사이즈 50% 권장 · 손익비 0.88 <1 — 이길 수 없는 구조,26.5,False,WAIT,1,85.0,1,0,3544.0,,,,,1,1.0,,0,48.0,pctl>0.30,0,,0,1.0
229,004020,현대제철,KOSPI,철강·금속,27650,172.75,36897.8,0.0,0.0,WAIT,ARMED,3,True,0,False,49.2,49.2,32.6,65.8,0.0,0.0,9.9,32.8,65.8,17.8,0.33,1.5,진입적정,0,27250.0,25050.0,28500.0,30600.0,,1.73,1.08,35461,-28.51,특이사항 없음,0,-3.27,53.7,4.99,,,,알파 상위권 + 코일(스퀴즈/추세) — 진입 임박,NORMAL,82.2,1차 철강 제조업,17275032950.0,60.0,15.61,0,0,4.54,12.86,7.17,-0.36,-35.55,-9.93,13.46,-23.55,-37.71,0.892,0.035,0,12.0,1,0,1.52,0.82,0,0,0,1,-1,29405.0,-22.03,0.1238,False,X,▼,25899,▲,O,X,2.84,250,0,-1,-1,1,50200.0,enter,100.0,NORMAL+PM_BLOCK_INTRADAY+EF:정상,8.07,5.0,0.6,normal,7.0,v1_sl_first_gap_at_open,NORMAL+PM_BLOCK_INTRADAY+EF:정상,SWING_20D,46,ATR_2x,23,SWING_60D,2,0.0,1차 철강 제조업,26.61,16.16375,3.0,54.9,0.0,0.06019116507362438,0.007544756291896226,0.3181818181818182,OK,0.0,UNVALIDATED_MODEL,65.50985004064074,65.50985004064074,0.0,6,1,0.5,0.5,0.0,STRUCT+TIMING+SECTOR,default,default,default,70,20260805,20260805,,49.2,49.2,49.2,-12.0,-33.79,FRESH,0.291,,False,0.314,True,MATURE,11693.0,ALPHA_WIN_PROB,0.568,,0.568,0.0,실측 승률 39% < 필요 승률 64% (손익비 0.57) — 켈리 기준 미달,0.6377,0.0,0.0,v40_alpha_tilt,,,,,,True,3.1,,ELITE_SCORE,MATURE,11693,2.4.0,OK,,100.0,ATTACK,OK,OK,OK,OK,OK,OK,OK,0,7,True,True,True,,0,GREEN,,,0.0,AVOID,0,RR 0.33,0,0,0,0,,0.0,T=66<70,100.0,GREEN,,,0,False,0,BELOW_OFFICIAL_BAR,TOP_PICK=0,,5.0,IGNORE,IGNORE,NORMAL,0,0,0,0,0,0,0,0,0,CLEAR,,,0,0,0,0,0.0,,,,,,,,,,DISABLED_LOSS_DEFENSE,,,,,,True,False,True,True,True,True,True,True,0.0,0.0,0.0,0.0,0.0,0.0,0.0,0.0,0.0,0.5,False,False,False,2,False,5.0,0.5,G2RR×0.5,,0,0,0,,5.0,0,,False,0.0,0.0,False,,False,True,,0,78.0,72.0,0,0,CAUTION,5일 상승 12.9% > 5%,C,WATCH,0,0.2,관찰,시장폭 82.2 · 5일 12.9%,62.67,6,81,0,51.38,166,모멘텀확인중(PMS63),-4.0,26160.0,"진입 후 D+1 종가 26,160원(-4%) 이탈 시 익일 조기청산 권고",46.2,"최근 20거래일 유니버스 실측 2일 상승률 46.2% (n=6,245) · 종목별 유의차 미검증",NO_EDGE_VALIDATED,OK,25342.0,29975.0,"손절 25,342(-7%)·본전전환 28,612(+5%)·1차익절 29,975(+10%) · ⚡ D+2내 27,795(+2%) 도달 시 절반 익절+잔여 본전 상향 (실측: 초반 급등 후 되돌림 -0.9%)",0,0.0,0,0,진입 조건 미달 · 손익비 0.33,alpha_gate_v32,CASH,0.0,,,0,NEUTRAL,"중립 레짐 — KOSPI 20일선 아래, 시장폭 82% (실측: 본전 구간 → 진입 허용하되 사이즈 50%)",0.5,1,92.3,28612.0,0.3888,1,이 점수 구간의 과거 실측 승률 29% (표본 11693건) · 거래량 밀집가 대비 -28.5% — 가치영역 근접 (실측 표본 적음) · AI 알파모델 예측 상위 8% (OOS 검증 통과 모델 — 이 구간 실측 승률 39%),중립 레짐 — 사이즈 50% 권장 · 손익비 0.33 <1 — 이길 수 없는 구조,29.1,False,WAIT,1,85.0,1,0,27795.0,,,,,1,1.0,,0,65.0,pctl>0.30,0,,0,1.0
230,005387,현대차2우B,KOSPI,자동차·모빌리티,204500,168.68,71501.2,0.0,0.0,WAIT,ARMED,3,True,0,False,19.8,19.8,15.6,23.9,0.0,0.0,14.5,13.2,23.9,70.1,1.04,1.5,RR1.0 + 진입적정,0,201500.0,185300.0,224500.0,309500.0,,1.77,0.48,240441,-20.16,특이사항 없음,0,-6.79,53.1,4.21,,,저점 이탈,알파 상위권 + 코일(스퀴즈/추세) — 진입 임박,NORMAL,82.2,기타,16867513050.0,36.1,17.47,0,0,3.23,14.18,4.71,-3.99,-24.68,-20.43,9.83,-12.68,-48.21,0.909,0.091,0,10.7,1,0,1.11,0.63,0,0,0,1,-1,213280.0,-14.95,0.3706,False,X,▼,191884,▲,O,X,0.96,250,0,-1,-1,1,330000.0,enter,100.0,NORMAL+PM_BLOCK_INTRADAY+EF:정상,8.04,4.0,1.4,normal,7.0,v1_sl_first_gap_at_open,NORMAL+PM_BLOCK_INTRADAY+EF:정상,SWING_20D,23,SWING_60D,2,SWING_120D,2,0.0,기타,17.37090909090909,13.840909090909092,7.0,32.0,0.0,0.05371987425777157,-0.3508247749453824,0.09259259259259259,OK,0.0,UNVALIDATED_MODEL,35.0,35.0,0.0,6,1,0.5,0.5,0.0,STRUCT+TIMING+SECTOR,default,default,default,70,20260805,20260805,,19.8,19.8,19.8,-12.0,-33.79,FRESH,0.291,,False,0.3,True,MATURE,11693.0,ALPHA_WIN_PROB,1.42,,1.42,0.0,실측 승률 34% < 필요 승률 41% (손익비 1.42) — 켈리 기준 미달,0.4133,0.0,0.0,v40_alpha_tilt,,,,,,True,9.8,,ELITE_SCORE,MATURE,11693,2.4.0,OK,,100.0,ATTACK,OK,OK,OK,OK,OK,OK,OK,0,7,True,True,True,,0,GREEN,,,0.0,AVOID,0,RR 1.04,0,0,0,0,,0.0,T=24<70,100.0,GREEN,,,0,False,0,BELOW_OFFICIAL_BAR,TOP_PICK=0,,10.0,IGNORE,IGNORE,NORMAL,0,0,0,0,0,0,0,0,0,CLEAR,,,0,0,0,0,0.0,,,,,,,,,,DISABLED_LOSS_DEFENSE,,,,,,True,False,True,True,True,True,True,True,0.0,0.0,0.0,0.0,0.0,0.0,0.0,0.0,0.0,0.5,False,False,False,2,False,7.2,0.5,G2RR×0.5,,0,0,0,,7.2,0,,False,0.0,0.0,False,,False,True,,0,70.0,71.0,0,0,CAUTION,5일 상승 14.2% > 5%,B,REALISTIC_RR,0,0.35,관찰 후보,현실형 RR · 시장폭 82.2 · 5일 14.2%,39.19,6,234,0,49.39,181,,-4.0,193440.0,"진입 후 D+1 종가 193,440원(-4%) 이탈 시 익일 조기청산 권고",46.2,"최근 20거래일 유니버스 실측 2일 상승률 46.2% (n=6,245) · 종목별 유의차 미검증",NO_EDGE_VALIDATED,OK,187395.0,221650.0,"손절 187,395(-7%)·본전전환 211,575(+5%)·1차익절 221,650(+10%) · ⚡ D+2내 205,530(+2%) 도달 시 절반 익절+잔여 본전 상향 (실측: 초반 급등 후 되돌림 -0.9%)",0,0.0,0,0,알파 72점 (진입선 85점 미달) · 손익비 1.04,alpha_gate_v32,CASH,0.0,,,0,NEUTRAL,"중립 레짐 — KOSPI 20일선 아래, 시장폭 82% (실측: 본전 구간 → 진입 허용하되 사이즈 50%)",0.5,1,71.8,211575.0,0.3379,1,이 점수 구간의 과거 실측 승률 29% (표본 11693건) · 거래량 밀집가 대비 -20.2% — 가치영역 근접 (실측 표본 적음) · 손익비 1.0 (손절 -9.4% / 1차목표 +9.8%) · AI 알파모델 예측 상위 28% (OOS 검증 통과 모델 — 이 구간 실측 승률 34%),중립 레짐 — 사이즈 50% 권장,29.1,True,WAIT,1,85.0,1,0,205530.0,,,,,1,1.0,,0,53.3,pctl>0.30,0,,0,1.0
231,413630,씨피시스템,KOSDAQ,기타,4335,247.17,1579.5,0.0,0.0,WAIT,WAIT,3,False,0,True,58.4,58.4,86.4,30.4,0.0,0.0,9.5,38.9,86.4,0.0,0.67,24.9,,0,3470.0,3190.0,5100.0,5290.0,🚀급등시동,0.71,0.47,3712,-1.78,특이사항 없음,0,54.8,68.9,31.25,STRUCT 강점,,,추세 관망,NORMAL,82.2,플라스틱제품 제조업,24717481413.0,78.6,94.72,0,0,1.64,9.75,21.43,104.48,15.6,-1.7,108.29,49.39,26.16,0.22,0.22,0,12.0,1,0,2.56,0.76,0,0,0,1,1,2366.0,16.78,-0.0715,False,O,▲,4250,▲,O,X,0.7,250,0,1,-1,1,6000.0,enter,100.0,NORMAL+PM_BLOCK_INTRADAY+EF:정상,8.07,6.0,5.8,normal,7.0,v1_sl_first_gap_at_open,NORMAL+PM_BLOCK_INTRADAY+EF:정상,SWING_20D,23,SWING_120D,12,ATR_3.5x,12,0.0,플라스틱제품 제조업,22.15142857142857,8.541428571428572,9.0,65.5,0.0,0.16617235129345856,0.08718480043933037,0.5254237288135594,OK,0.0,UNVALIDATED_MODEL,34.0,34.0,0.0,4,1,0.5,0.5,0.0,STRUCT+TIMING+SECTOR,default,default,default,70,20260805,20260805,,58.4,58.4,58.4,-12.0,-33.79,FRESH,0.291,elite_low_wr_0.29,True,0.387,True,MATURE,11693.0,ALPHA_WIN_PROB,5.821,,1.81,0.0,상태 WAIT — 신규진입 상태 아님(사이징 제외),0.3559,0.0,0.0,v40_alpha_tilt,,,,,,True,17.6,,ELITE_SCORE,MATURE,11693,2.4.0,OK,,100.0,ATTACK,OK,OK,OK,OK,OK,OK,OK,0,7,True,True,True,,1,ORANGE,C_ORANGE,STRUCT < 90 + VWAP_GAP > 15% 강한 과열,0.0,AVOID,0,진입괴리 24.9% · RR 0.67,0,0,0,0,,0.0,T=30<70 · S=86≥50,100.0,GREEN,,,0,False,0,BELOW_OFFICIAL_BAR,TOP_PICK=0,,5.0,IGNORE,IGNORE,NORMAL,0,0,0,0,0,0,0,0,0,CLEAR,,,0,0,0,0,0.0,,,,,,,,,,DISABLED_LOSS_DEFENSE,,,,,,True,False,True,True,True,True,False,True,0.0,0.0,0.0,0.0,0.0,0.0,15.0,0.0,15.0,0.5,False,False,False,2,False,0.0,0.0,G2RR×0.5 · G7윗꼬리약세-15,,0,0,0,,0.0,0,,False,0.0,0.0,False,,False,True,,0,90.0,69.0,0,0,CAUTION,5일 상승 9.8% > 5%,B,REALISTIC_RR,0,0.35,관찰 후보,현실형 RR · 시장폭 82.2 · 5일 9.8%,64.45,6,68,0,51.03,168,모멘텀확인중(PMS64),-4.0,3331.0,"진입 후 D+1 종가 3,331원(-4%) 이탈 시 익일 조기청산 권고",46.2,"최근 20거래일 유니버스 실측 2일 상승률 46.2% (n=6,245) · 종목별 유의차 미검증",NO_EDGE_VALIDATED,OK,3227.0,3817.0,"손절 3,227(-7%)·본전전환 3,644(+5%)·1차익절 3,817(+10%) · ⚡ D+2내 3,539(+2%) 도달 시 절반 익절+잔여 본전 상향 (실측: 초반 급등 후 되돌림 -0.9%)",0,0.0,0,0,알파 57점 (진입선 85점 미달) · 손익비 0.67,alpha_gate_v32,CASH,0.0,,,0,NEUTRAL,"중립 레짐 — KOSPI 20일선 아래, 시장폭 82% (실측: 본전 구간 → 진입 허용하되 사이즈 50%)",0.5,1,57.0,3644.0,0.2958,1,이 점수 구간의 과거 실측 승률 29% (표본 11693건) · 거래량 밀집가 대비 -1.8% — 가치영역 근접 (실측 표본 적음) · 저점 상승 추세 55% (바닥이 높아지는 중),중립 레짐 — 사이즈 50% 권장 · 손익비 0.67 <1 — 이길 수 없는 구조 · 추천가 대비 24.9% 이탈 — 추격 주의,29.1,False,WAIT,1,85.0,1,0,3539.0,,,,,1,1.0,,0,100.0,pctl>0.30,0,,0,1.0
232,003490,대한항공,KOSPI,기타,26900,1046.64,99051.4,0.0,0.0,WAIT,WAIT,3,False,0,True,50.1,50.1,40.7,59.5,0.0,0.0,10.0,33.4,59.5,25.6,0.71,1.5,진입적정,0,26500.0,24350.0,28700.0,31200.0,,0.8,1.31,27013,8.54,특이사항 없음,1,-3.82,51.5,3.43,,,,추세 관망,NORMAL,82.2,항공 여객 운송업,104664318675.0,42.7,13.17,1,0,3.07,8.47,8.03,-7.72,-0.55,11.39,6.1,11.45,-16.39,0.269,0.269,1,9.2,0,0,1.33,0.62,13262,1345,14607,1,-1,28550.0,-0.42,0.282,False,O,▲,25599,▲,O,X,2.68,250,0,1,-1,1,33300.0,enter,100.0,NORMAL+PM_BLOCK_INTRADAY+EF:정상,8.11,4.0,1.0,normal,7.0,v1_sl_first_gap_at_open,NORMAL+PM_BLOCK_INTRADAY+EF:정상,SWING_20D,23,SWING_60D,5,FIBO_1.272,2,0.0,항공 여객 운송업,22.15142857142857,8.541428571428572,9.0,40.6,0.0,0.045937334041423264,-0.03181815796366367,0.8571428571428571,OK,0.0,UNVALIDATED_MODEL,43.41576521689374,43.41576521689374,0.0,8,1,0.5,0.5,0.0,STRUCT+TIMING+SECTOR,breakout,52.9,5.0,70,20260805,20260805,,50.1,50.1,50.1,-12.0,-33.79,FRESH,0.291,,False,0.321,True,MATURE,11693.0,ALPHA_WIN_PROB,1.023,,1.023,0.0,상태 WAIT — 신규진입 상태 아님(사이징 제외),0.4943,0.0,0.0,v40_alpha_tilt,,,,,,True,6.7,,ELITE_SCORE,MATURE,11693,2.4.0,OK,,100.0,ATTACK,OK,OK,OK,OK,OK,OK,OK,0,7,True,True,True,,0,GREEN,,,0.0,AVOID,0,RR 0.71,0,0,0,0,,0.0,T=60<70,100.0,GREEN,,,0,False,0,BELOW_OFFICIAL_BAR,TOP_PICK=0,,5.0,IGNORE,IGNORE,NORMAL,0,0,0,0,0,0,0,0,0,CLEAR,,,0,0,0,0,0.0,,,,,,,,,,DISABLED_LOSS_DEFENSE,,,,,,True,False,True,True,True,True,True,True,0.0,0.0,0.0,0.0,0.0,0.0,0.0,0.0,0.0,0.5,False,False,False,1,False,5.0,0.5,G2RR×0.5,,0,0,0,,5.0,0,,False,0.0,0.0,False,,False,True,,0,84.0,84.0,0,0,CAUTION,5일 상승 8.5% > 5%,B,REALISTIC_RR,0,0.35,관찰 후보,현실형 RR · 시장폭 82.2 · 5일 8.5%,77.71,6,29,0,59.13,125,모멘텀확인중(PMS78),-4.0,25440.0,"진입 후 D+1 종가 25,440원(-4%) 이탈 시 익일 조기청산 권고",46.2,"최근 20거래일 유니버스 실측 2일 상승률 46.2% (n=6,245) · 종목별 유의차 미검증",NO_EDGE_VALIDATED,OK,24645.0,29150.0,"손절 24,645(-7%)·본전전환 27,825(+5%)·1차익절 29,150(+10%) · ⚡ D+2내 27,030(+2%) 도달 시 절반 익절+잔여 본전 상향 (실측: 초반 급등 후 되돌림 -0.9%)",0,0.0,0,0,알파 64점 (진입선 85점 미달) · 손익비 0.71,alpha_gate_v32,CASH,0.0,,,0,NEUTRAL,"중립 레짐 — KOSPI 20일선 아래, 시장폭 82% (실측: 본전 구간 → 진입 허용하되 사이즈 50%)",0.5,1,64.4,27825.0,0.3233,1,이 점수 구간의 과거 실측 승률 29% (표본 11693건) · 거래량 밀집가 대비 +8.5% — 가치영역 근접 (실측 승률 40%),중립 레짐 — 사이즈 50% 권장 · 손익비 0.71 <1 — 이길 수 없는 구조,29.1,False,WAIT,1,85.0,1,0,27030.0,,,,,1,1.0,,0,62.2,pctl>0.30,0,,0,1.0
233,012330,현대모비스,KOSPI,자동차·모빌리티,503000,1364.8,456384.9,0.0,0.0,WAIT,WAIT,3,False,0,True,49.0,49.0,47.2,50.7,0.0,0.0,32.3,32.6,50.7,36.6,0.8,1.5,진입적정,0,495500.0,455500.0,541000.0,568000.0,,0.97,0.76,601937,16.1,특이사항 없음,5,-6.97,52.8,4.96,,,저점 이탈,추세 관망,NORMAL,82.2,자동차 신품 부품 제조업,136480189250.0,51.6,18.0,1,0,4.47,13.03,-1.95,1.62,-1.18,16.03,15.44,10.82,-11.75,0.574,0.219,1,12.0,1,0,1.51,0.68,32192,-5533,26659,1,-1,540700.0,-16.44,0.3451,False,X,▲,468169,▲,O,X,2.8,250,0,1,-1,1,822000.0,enter,100.0,NORMAL+PM_BLOCK_INTRADAY+EF:정상,8.07,4.0,1.1,normal,7.0,v1_sl_first_gap_at_open,NORMAL+PM_BLOCK_INTRADAY+EF:정상,SWING_20D,46,ATR_2x,23,SWING_60D,2,0.0,자동차 신품 부품 제조업,17.37090909090909,13.840909090909092,7.0,37.6,0.0,0.07157057654075547,0.046041727867642095,0.4666666666666667,OK,0.0,UNVALIDATED_MODEL,36.58591240023702,36.58591240023702,0.0,8,1,0.5,0.5,0.0,STRUCT+TIMING+SECTOR,breakout,49.6,5.0,70,20260805,20260805,,49.0,49.0,49.0,-12.0,-33.79,FRESH,0.258,,False,0.312,True,MATURE,11693.0,ALPHA_WIN_PROB,1.138,,1.138,0.0,상태 WAIT — 신규진입 상태 아님(사이징 제외),0.4678,0.0,0.0,v40_alpha_tilt,,,,,,True,7.6,,ELITE_SCORE,MATURE,11693,2.4.0,OK,,100.0,ATTACK,OK,OK,OK,OK,OK,OK,OK,0,7,True,True,True,,0,GREEN,,,0.0,AVOID,0,RR 0.80,0,0,0,0,,0.0,T=51<70,100.0,GREEN,,,0,False,0,BELOW_OFFICIAL_BAR,TOP_PICK=0,,5.0,IGNORE,IGNORE,NORMAL,0,0,0,0,0,0,0,0,0,CLEAR,,,0,0,0,0,0.0,,,,,,,,,,DISABLED_LOSS_DEFENSE,,,,,,True,False,True,True,True,True,True,True,0.0,0.0,0.0,0.0,0.0,0.0,0.0,0.0,0.0,0.5,False,False,False,1,False,16.2,0.5,G2RR×0.5,,0,0,0,,16.2,0,,False,0.0,0.0,False,,False,True,,0,78.0,81.0,0,0,CAUTION,5일 상승 13.0% > 5%,B,REALISTIC_RR,0,0.35,관찰 후보,현실형 RR · 시장폭 82.2 · 5일 13.0%,61.61,6,90,0,76.63,30,모멘텀확인중(PMS62),-4.0,475680.0,"진입 후 D+1 종가 475,680원(-4%) 이탈 시 익일 조기청산 권고",46.2,"최근 20거래일 유니버스 실측 2일 상승률 46.2% (n=6,245) · 종목별 유의차 미검증",NO_EDGE_VALIDATED,OK,460815.0,545050.0,"손절 460,815(-7%)·본전전환 520,275(+5%)·1차익절 545,050(+10%) · ⚡ D+2내 505,410(+2%) 도달 시 절반 익절+잔여 본전 상향 (실측: 초반 급등 후 되돌림 -0.9%)",0,0.0,0,0,알파 68점 (진입선 85점 미달) · 손익비 0.80,alpha_gate_v32,CASH,0.0,,,0,NEUTRAL,"중립 레짐 — KOSPI 20일선 아래, 시장폭 82% (실측: 본전 구간 → 진입 허용하되 사이즈 50%)",0.5,1,68.4,520275.0,0.3233,1,이 점수 구간의 과거 실측 승률 26% (표본 11693건) · 거래량 밀집가 대비 +16.1% — 가치영역 근접 (실측 승률 48%) · 변동성 응축 5일째 (스퀴즈 — 방향 분출 대기),중립 레짐 — 사이즈 50% 권장 · 손익비 0.80 <1 — 이길 수 없는 구조,25.8,False,WAIT,1,85.0,1,0,505410.0,,,,,1,1.0,,0,52.6,pctl>0.30,0,,0,1.0
234,005850,에스엘,KOSPI,자동차·모빌리티,56100,52.05,26057.6,0.0,0.0,WAIT,WAIT,3,False,0,True,38.1,38.1,23.9,52.3,0.0,0.0,26.7,25.4,52.3,34.6,1.02,1.4,RR1.0 + 진입적정,0,55300.0,50800.0,61500.0,79500.0,,2.0,0.99,65557,-7.56,특이사항 없음,3,-4.5,52.5,3.97,,,,추세 관망,NORMAL,82.2,자동차 신품 부품 제조업,5204637200.0,59.6,15.73,1,0,3.7,12.76,3.51,-3.28,-17.86,2.94,10.54,-5.86,-24.84,0.854,0.278,0,12.0,1,0,1.09,0.61,0,0,0,1,-1,61250.0,-14.43,0.305,False,X,▼,52620,▲,O,X,1.29,250,0,-1,-1,1,,enter,100.0,NORMAL+PM_BLOCK_INTRADAY+EF:정상,8.14,5.0,1.4,normal,7.0,v1_sl_first_gap_at_open,NORMAL+PM_BLOCK_INTRADAY+EF:정상,SWING_20D,23,SWING_60D,2,,0,0.0,자동차 신품 부품 제조업,17.37090909090909,13.840909090909092,7.0,53.7,0.0,0.06117901706137001,0.005124402684330405,0.3,OK,0.0,UNVALIDATED_MODEL,56.05646145035504,56.05646145035504,0.0,6,1,0.5,0.5,0.0,STRUCT+TIMING+SECTOR,default,default,default,70,20260805,20260805,,38.1,38.1,38.1,-12.0,-33.79,FRESH,0.283,,False,0.3,True,MATURE,11693.0,ALPHA_WIN_PROB,1.378,,1.378,0.0,상태 WAIT — 신규진입 상태 아님(사이징 제외),0.4206,0.0,0.0,v40_alpha_tilt,,,,,,True,9.6,,ELITE_SCORE,MATURE,11693,2.4.0,OK,,100.0,ATTACK,OK,OK,OK,OK,OK,OK,OK,0,7,True,True,True,,0,GREEN,,,0.0,AVOID,0,RR 1.02,0,0,0,0,,0.0,T=52<70,100.0,GREEN,,,0,False,0,BELOW_OFFICIAL_BAR,TOP_PICK=0,,10.0,IGNORE,IGNORE,NORMAL,0,0,0,0,0,0,0,0,0,CLEAR,,,0,0,0,0,0.0,,,,,,,,,,DISABLED_LOSS_DEFENSE,,,,,,True,False,True,True,True,True,True,True,0.0,0.0,0.0,0.0,0.0,0.0,0.0,0.0,0.0,0.5,False,False,False,2,False,13.4,0.5,G2RR×0.5,,0,0,0,,13.4,0,,False,0.0,0.0,False,,False,True,,0,70.0,75.0,0,0,CAUTION,5일 상승 12.8% > 5%,B,REALISTIC_RR,0,0.35,관찰 후보,현실형 RR · 시장폭 82.2 · 5일 12.8%,51.68,6,157,0,67.56,73,,-4.0,53088.0,"진입 후 D+1 종가 53,088원(-4%) 이탈 시 익일 조기청산 권고",46.2,"최근 20거래일 유니버스 실측 2일 상승률 46.2% (n=6,245) · 종목별 유의차 미검증",NO_EDGE_VALIDATED,OK,51429.0,60830.0,"손절 51,429(-7%)·본전전환 58,065(+5%)·1차익절 60,830(+10%) · ⚡ D+2내 56,406(+2%) 도달 시 절반 익절+잔여 본전 상향 (실측: 초반 급등 후 되돌림 -0.9%)",0,0.0,0,0,알파 69점 (진입선 85점 미달) · 손익비 1.02,alpha_gate_v32,CASH,0.0,,,0,NEUTRAL,"중립 레짐 — KOSPI 20일선 아래, 시장폭 82% (실측: 본전 구간 → 진입 허용하되 사이즈 50%)",0.5,1,69.3,58065.0,0.3233,1,이 점수 구간의 과거 실측 승률 28% (표본 11693건) · 거래량 밀집가 대비 -7.6% — 가치영역 근접 (실측 표본 적음) · 손익비 1.0 (손절 -9.4% / 1차목표 +9.6%) · 변동성 응축 3일째 (스퀴즈 — 방향 분출 대기),중립 레짐 — 사이즈 50% 권장,28.3,True,WAIT,1,85.0,1,0,56406.0,,,,,1,1.0,,0,60.4,pctl>0.30,0,,0,1.0
235,396300,세아메카닉스,KOSDAQ,기타,4315,113.01,1143.0,0.0,0.0,WAIT,OVERHEAT,3,False,0,False,71.4,71.4,88.8,54.1,0.0,0.0,12.2,47.6,88.8,0.0,0.14,21.0,,0,3565.0,3280.0,4460.0,6050.0,,0.73,1.12,4940,-28.66,특이사항 없음,0,19.25,74.3,27.02,STRUCT 강점,,RSI 과열,"과열(급등·MFI·RSI) — 실측 역신호, 관망",NORMAL,82.2,기타 금속 가공제품 제조업,11301141202.0,86.3,58.23,0,0,4.73,13.85,36.98,37.86,-37.46,-10.85,41.67,-3.67,17.01,0.672,0.165,0,12.0,1,0,2.39,0.92,0,0,0,1,1,2680.0,-12.66,0.0784,False,X,▲,4158,▲,O,X,0.61,250,0,1,-1,1,7340.0,enter,100.0,NORMAL+PM_BLOCK_INTRADAY+EF:정상,7.99,6.0,3.1,normal,7.0,v1_sl_first_gap_at_open,NORMAL+PM_BLOCK_INTRADAY+EF:정상,SWING_20D,23,VP_RESISTANCE,2,SWING_60D,2,0.0,기타 금속 가공제품 제조업,22.15142857142857,8.541428571428572,9.0,54.5,0.0,0.1122330739943718,0.03558099114777444,0.3972602739726027,OK,0.0,UNVALIDATED_MODEL,57.69508850483533,57.69508850483533,0.0,6,1,0.5,0.5,0.0,STRUCT+TIMING+SECTOR,default,default,default,70,20260805,20260805,,71.4,71.4,71.4,-12.0,-33.79,FRESH,0.291,elite_low_wr_0.29,True,0.491,False,MATURE,11693.0,ALPHA_WIN_PROB,3.14,,1.81,0.0,상태 OVERHEAT — 신규진입 상태 아님(사이징 제외),0.3559,0.0,0.0,v40_alpha_tilt,,,,,,True,3.4,,ELITE_SCORE,MATURE,11693,2.4.0,OK,,100.0,ATTACK,OK,OK,OK,OK,OK,OK,OK,0,7,True,True,True,,0,GREEN,,,0.0,AVOID,0,진입괴리 21.0% · RR 0.14,0,0,0,0,,0.0,T=54<70 · S=89≥50,100.0,GREEN,,,0,False,0,BELOW_OFFICIAL_BAR,TOP_PICK=0,,13.0,IGNORE,IGNORE,NORMAL,0,0,0,0,0,0,0,0,0,CLEAR,,,0,0,0,0,0.0,,,,,,,,,,DISABLED_LOSS_DEFENSE,,,,,,True,True,True,True,True,True,True,True,0.0,0.0,0.0,0.0,0.0,0.0,0.0,0.0,0.0,1.0,False,False,False,1,True,12.2,1.0,,,0,0,0,,12.2,0,,False,0.0,0.0,False,,False,True,,0,90.0,72.0,0,0,CAUTION,5일 상승 13.8% > 5%,C,WATCH,0,0.2,관찰,시장폭 82.2 · 5일 13.8%,71.13,6,44,0,60.95,110,모멘텀확인중(PMS71),-4.0,3422.0,"진입 후 D+1 종가 3,422원(-4%) 이탈 시 익일 조기청산 권고",46.2,"최근 20거래일 유니버스 실측 2일 상승률 46.2% (n=6,245) · 종목별 유의차 미검증",NO_EDGE_VALIDATED,OK,3315.0,3922.0,"손절 3,315(-7%)·본전전환 3,743(+5%)·1차익절 3,922(+10%) · ⚡ D+2내 3,636(+2%) 도달 시 절반 익절+잔여 본전 상향 (실측: 초반 급등 후 되돌림 -0.9%)",0,0.0,0,0,알파 75점 (진입선 85점 미달) · 손익비 0.14,alpha_gate_v32,CASH,0.0,,,0,NEUTRAL,"중립 레짐 — KOSPI 20일선 아래, 시장폭 82% (실측: 본전 구간 → 진입 허용하되 사이즈 50%)",0.5,1,74.9,3743.0,0.3379,1,이 점수 구간의 과거 실측 승률 29% (표본 11693건) · 거래량 밀집가 대비 -28.7% — 가치영역 근접 (실측 표본 적음) · 저점 상승 추세 19% (바닥이 높아지는 중) · AI 알파모델 예측 상위 25% (OOS 검증 통과 모델 — 이 구간 실측 승률 34%),중립 레짐 — 사이즈 50% 권장 · 손익비 0.14 <1 — 이길 수 없는 구조 · RSI 74 과열 구간 · 추천가 대비 21.0% 이탈 — 추격 주의,29.1,False,WAIT,1,85.0,1,0,3636.0,,,,,1,1.0,,0,96.3,pctl>0.30,0,,0,1.0
236,340570,티앤엘,KOSDAQ,기타,65600,66.62,5332.0,0.0,0.0,WAIT,OVERHEAT,3,False,0,False,100.0,94.7,89.4,100.0,0.0,9.0,17.2,63.1,100.0,0.0,0.1,13.7,,0,57700.0,53000.0,66900.0,71900.0,🚀급등시동,2.55,1.83,56978,19.87,"[공시]티앤엘은 무상증자로 인한 권리락을 실시했습니다. 무상증자는 기업의 재무 건전성과 주주환원 의지를 보여주는 긍정적인 신호로 해석되어, 통상적으로 주가에 긍정적인 영향을 미칩니다. 가이드라인에 따라 무상증자는 +8~+10 범위로 평가됩니다.",0,4.15,69.2,19.44,TIMING 강점,STRUCT 보조,5일 급등,"과열(급등·MFI·RSI) — 실측 역신호, 관망",NORMAL,82.2,의료용품 및 기타 의약 관련제품 제조업,6661877500.0,83.0,30.76,0,0,3.31,19.49,28.63,18.63,12.33,25.67,22.44,46.12,53.53,0.0,0.0,1,12.0,1,0,1.59,0.93,0,0,0,1,1,51560.0,15.13,0.3084,False,O,▲,59626,▲,O,X,0.63,250,0,1,1,1,77800.0,enter,100.0,NORMAL+PM_BLOCK_INTRADAY+EF:정상,8.15,5.0,2.0,normal,7.0,v1_sl_first_gap_at_open,NORMAL+PM_BLOCK_INTRADAY+EF:정상,SWING_20D,23,ATR_3.5x,12,FIBO_1.618,5,0.0,의료용품 및 기타 의약 관련제품 제조업,22.15142857142857,8.541428571428572,9.0,48.1,0.0,0.06179224738675958,0.11034995608012144,0.29545454545454547,OK,0.0,UNVALIDATED_MODEL,86.85806276264347,86.85806276264347,0.0,6,1,0.5,0.5,0.0,STRUCT+TIMING+SECTOR,default,default,default,70,20260805,20260805," 📢재료: [공시]티앤엘은 무상증자로 인한 권리락을 실시했습니다. 무상증자는 기업의 재무 건전성과 주주환원 의지를 보여주는 긍정적인 신호로 해석되어, 통상적으로 주가에 긍정적인 영향을 미칩니다. 가이드라인에 따라 무상증자는 +8~+10 범위로 평가됩니다.",100.0,100.0,100.0,-12.0,-33.79,FRESH,0.291,elite_low_wr_0.29,True,0.72,False,MATURE,11693.0,ALPHA_WIN_PROB,1.957,,1.81,0.0,상태 OVERHEAT — 신규진입 상태 아님(사이징 제외),0.3559,0.0,0.0,v40_alpha_tilt,,,,,,True,2.0,,ELITE_SCORE,MATURE,11693,2.4.0,OK,,100.0,ATTACK,OK,OK,OK,OK,OK,OK,OK,0,7,True,True,True,,1,ORANGE,C_ORANGE,STRUCT < 90 + VWAP_GAP > 15% 강한 과열,0.0,AVOID,0,진입괴리 13.7% · RR 0.10,0,0,0,0,,0.0,S=89≥50 · 이격도19>15,100.0,GREEN,,,0,False,0,BELOW_OFFICIAL_BAR,TOP_PICK=0,,20.0,IGNORE,IGNORE,NORMAL,0,0,0,0,0,0,0,0,0,CLEAR,,,0,0,0,0,0.0,,,,,,,,,,DISABLED_LOSS_DEFENSE,,,,,,True,True,True,True,True,True,True,True,0.0,0.0,0.0,0.0,0.0,0.0,0.0,0.0,0.0,1.0,False,False,False,0,True,17.2,1.0,,,0,0,0,,17.2,0,,False,0.0,0.0,False,,False,True,,0,90.0,21.0,0,1,BLOCK,5일 상승 19.5% > 5% · ORANGE + 단기과열,BLOCK,GUARD_BLOCK,1,0.0,신규진입 차단,단기상승+VWAP/POC 추격충돌 · 기존 guard/JULY 차단 · 시장폭 82.2 · 5일 19.5%,84.24,6,13,0,74.71,33,모멘텀확인강(PMS84),-4.0,55392.0,"진입 후 D+1 종가 55,392원(-4%) 이탈 시 익일 조기청산 권고",46.2,"최근 20거래일 유니버스 실측 2일 상승률 46.2% (n=6,245) · 종목별 유의차 미검증",NO_EDGE_VALIDATED,OK,53661.0,63470.0,"손절 53,661(-7%)·본전전환 60,585(+5%)·1차익절 63,470(+10%) · ⚡ D+2내 58,854(+2%) 도달 시 절반 익절+잔여 본전 상향 (실측: 초반 급등 후 되돌림 -0.9%)",0,0.0,0,0,알파 46점 (진입선 85점 미달) · 손익비 0.10 · 손실방어 차단,alpha_gate_v32,CASH,0.0,,,0,NEUTRAL,"중립 레짐 — KOSPI 20일선 아래, 시장폭 82% (실측: 본전 구간 → 진입 허용하되 사이즈 50%)",0.5,1,46.1,60585.0,0.2713,1,이 점수 구간의 과거 실측 승률 29% (표본 11693건) · 거래량 밀집가 대비 +19.9% — 가치영역 근접 (실측 승률 48%),중립 레짐 — 사이즈 50% 권장 · 손익비 0.10 <1 — 이길 수 없는 구조 · 추천가 대비 13.7% 이탈 — 추격 주의,29.1,False,WAIT,1,85.0,1,0,58854.0,,,,,1,1.0,,0,84.5,pctl>0.30,0,,0,1.0
237,277810,레인보우로보틱스,KOSDAQ,조선·기계·설비,484000,680.03,93895.3,0.0,0.0,WAIT,OVERHEAT,3,False,0,False,36.0,36.0,26.9,45.1,0.0,0.0,25.2,24.0,45.1,43.6,0.99,1.6,진입적정,0,476500.0,438500.0,529000.0,593000.0,,0.73,0.78,618998,-27.39,특이사항 없음,0,-0.41,55.3,12.3,,,5일 급등,"과열(급등·MFI·RSI) — 실측 역신호, 관망",NORMAL,82.2,특수 목적용 기계 제조업,68003003500.0,66.7,33.34,0,0,3.64,17.9,1.15,5.33,-38.27,-31.93,9.14,-4.48,-4.07,0.864,0.075,0,12.0,1,0,1.56,0.73,0,0,0,1,-1,512725.0,-21.81,0.5216,False,X,▼,438540,▲,O,X,2.14,250,0,-1,-1,1,979000.0,enter,100.0,NORMAL+PM_BLOCK_INTRADAY+EF:정상,7.97,4.0,1.4,normal,7.0,v1_sl_first_gap_at_open,NORMAL+PM_BLOCK_INTRADAY+EF:정상,SWING_20D,46,ATR_2x,23,SWING_60D,2,0.0,특수 목적용 기계 제조업,27.58121951219512,8.227560975609755,6.0,42.7,0.0,0.12020365997638725,0.031161228161555792,0.03389830508474576,OK,0.0,UNVALIDATED_MODEL,50.4799419340374,50.4799419340374,0.0,6,1,0.5,0.5,0.0,STRUCT+TIMING+SECTOR,default,default,default,70,20260805,20260805,,36.0,36.0,36.0,-12.0,-33.79,FRESH,0.29,,False,0.3,True,MATURE,11693.0,ALPHA_WIN_PROB,1.382,,1.382,0.0,상태 OVERHEAT — 신규진입 상태 아님(사이징 제외),0.4199,0.0,0.0,v40_alpha_tilt,,,,,,True,9.3,,ELITE_SCORE,MATURE,11693,2.4.0,OK,,100.0,ATTACK,OK,OK,OK,OK,OK,OK,OK,0,7,True,True,True,,0,GREEN,,,0.0,AVOID,0,RR 0.99,0,0,0,0,,0.0,T=45<70,100.0,GREEN,,,0,False,0,BELOW_OFFICIAL_BAR,TOP_PICK=0,,5.0,IGNORE,IGNORE,NORMAL,0,0,0,0,0,0,0,0,0,CLEAR,,,0,0,0,0,0.0,,,,,,,,,,DISABLED_LOSS_DEFENSE,,,,,,True,False,True,True,True,True,True,True,0.0,0.0,0.0,0.0,0.0,0.0,0.0,0.0,0.0,0.5,False,False,False,2,False,12.6,0.5,G2RR×0.5,,0,0,0,,12.6,0,,False,0.0,0.0,False,,False,True,,0,82.0,81.0,0,0,CAUTION,5일 상승 17.9% > 5%,B,REALISTIC_RR,0,0.35,관찰 후보,현실형 RR · 시장폭 82.2 · 5일 17.9%,55.37,6,131,0,67.16,74,,-4.0,457440.0,"진입 후 D+1 종가 457,440원(-4%) 이탈 시 익일 조기청산 권고",46.2,"최근 20거래일 유니버스 실측 2일 상승률 46.2% (n=6,245) · 종목별 유의차 미검증",NO_EDGE_VALIDATED,OK,443145.0,524150.0,"손절 443,145(-7%)·본전전환 500,325(+5%)·1차익절 524,150(+10%) · ⚡ D+2내 486,030(+2%) 도달 시 절반 익절+잔여 본전 상향 (실측: 초반 급등 후 되돌림 -0.9%)",0,0.0,0,0,알파 74점 (진입선 85점 미달) · 손익비 0.99,alpha_gate_v32,CASH,0.0,,,0,NEUTRAL,"중립 레짐 — KOSPI 20일선 아래, 시장폭 82% (실측: 본전 구간 → 진입 허용하되 사이즈 50%)",0.5,1,74.3,500325.0,0.3379,1,이 점수 구간의 과거 실측 승률 29% (표본 11693건) · 거래량 밀집가 대비 -27.4% — 가치영역 근접 (실측 표본 적음) · AI 알파모델 예측 상위 26% (OOS 검증 통과 모델 — 이 구간 실측 승률 34%),중립 레짐 — 사이즈 50% 권장 · 손익비 0.99 <1 — 이길 수 없는 구조,29.0,False,WAIT,1,85.0,1,0,486030.0,,,,,1,1.0,,0,71.5,pctl>0.30,0,,0,1.0
238,329180,HD현대중공업,KOSPI,조선·기계·설비,509000,1318.56,534252.6,0.0,0.0,WAIT,OVERHEAT,3,False,0,False,33.5,33.5,25.4,41.6,0.0,0.0,7.1,22.3,41.6,48.0,0.79,1.6,진입적정,0,501000.0,461000.0,547000.0,562000.0,,2.51,0.87,613166,-25.71,특이사항 없음,0,-5.84,57.3,6.62,,,5일 급등,"과열(급등·MFI·RSI) — 실측 역신호, 관망",NORMAL,82.2,선박 및 보트 건조업,131856349750.0,56.3,19.46,0,0,5.38,17.28,9.58,-7.79,-22.64,-7.45,6.03,-10.64,-35.23,0.753,0.134,0,11.9,1,0,1.31,0.72,0,0,0,1,-1,529500.0,-16.99,0.385,False,X,▼,468658,▲,O,X,2.69,250,0,-1,-1,1,686000.0,enter,100.0,NORMAL+PM_BLOCK_INTRADAY+EF:정상,7.98,4.0,1.1,normal,7.0,v1_sl_first_gap_at_open,NORMAL+PM_BLOCK_INTRADAY+EF:정상,SWING_20D,23,ATR_2x,23,VP_RESISTANCE,2,0.0,선박 및 보트 건조업,27.58121951219512,8.227560975609755,6.0,21.9,0.0,0.059360089811956215,0.02416049300997225,0.16326530612244897,OK,0.0,UNVALIDATED_MODEL,47.32527778932431,47.32527778932431,0.0,6,1,0.5,0.5,0.0,STRUCT+TIMING+SECTOR,default,default,default,70,20260805,20260805,,33.5,33.5,33.5,-12.0,-33.79,FRESH,0.291,,False,0.3,True,MATURE,11693.0,ALPHA_WIN_PROB,1.15,,1.15,0.0,상태 OVERHEAT — 신규진입 상태 아님(사이징 제외),0.4651,0.0,0.0,v40_alpha_tilt,,,,,,True,7.5,,ELITE_SCORE,MATURE,11693,2.4.0,OK,,100.0,ATTACK,OK,OK,OK,OK,OK,OK,OK,0,7,True,True,True,,0,GREEN,,,0.0,AVOID,0,RR 0.79,0,0,0,0,,0.0,T=42<70,100.0,GREEN,,,0,False,0,BELOW_OFFICIAL_BAR,TOP_PICK=0,,5.0,IGNORE,IGNORE,NORMAL,0,0,0,0,0,0,0,0,0,CLEAR,,,0,0,0,0,0.0,,,,,,,,,,DISABLED_LOSS_DEFENSE,,,,,,True,False,True,True,True,True,True,True,0.0,0.0,0.0,0.0,0.0,0.0,0.0,0.0,0.0,0.5,False,False,False,2,False,3.6,0.5,G2RR×0.5,,0,0,0,,3.6,0,,False,0.0,0.0,False,,False,True,,0,82.0,76.0,0,0,CAUTION,5일 상승 17.3% > 5%,B,REALISTIC_RR,0,0.35,관찰 후보,현실형 RR · 시장폭 82.2 · 5일 17.3%,60.47,6,95,0,43.32,211,모멘텀확인중(PMS60),-4.0,480960.0,"진입 후 D+1 종가 480,960원(-4%) 이탈 시 익일 조기청산 권고",46.2,"최근 20거래일 유니버스 실측 2일 상승률 46.2% (n=6,245) · 종목별 유의차 미검증",NO_EDGE_VALIDATED,OK,465930.0,551100.0,"손절 465,930(-7%)·본전전환 526,050(+5%)·1차익절 551,100(+10%) · ⚡ D+2내 511,020(+2%) 도달 시 절반 익절+잔여 본전 상향 (실측: 초반 급등 후 되돌림 -0.9%)",0,0.0,0,0,알파 62점 (진입선 85점 미달) · 손익비 0.79,alpha_gate_v32,CASH,0.0,,,0,NEUTRAL,"중립 레짐 — KOSPI 20일선 아래, 시장폭 82% (실측: 본전 구간 → 진입 허용하되 사이즈 50%)",0.5,1,62.2,526050.0,0.3233,1,이 점수 구간의 과거 실측 승률 29% (표본 11693건) · 거래량 밀집가 대비 -25.7% — 가치영역 근접 (실측 표본 적음),중립 레짐 — 사이즈 50% 권장 · 손익비 0.79 <1 — 이길 수 없는 구조,29.1,False,WAIT,1,85.0,1,0,511020.0,,,,,1,1.0,,0,56.7,pctl>0.30,0,,0,1.0
239,005880,대한해운,KOSPI,기타,1998,51.17,6448.5,0.0,0.0,WAIT,OVERHEAT,3,False,0,False,34.8,34.8,27.5,42.2,0.0,0.0,7.3,23.2,42.2,47.2,0.3,1.5,진입적정,0,1968.0,1810.0,2055.0,2175.0,📦박스돌파,2.82,0.82,2176,-14.08,특이사항 없음,4,-6.88,55.2,8.33,,,5일 급등,"과열(급등·MFI·RSI) — 실측 역신호, 관망",NORMAL,82.2,해상 운송업,5116598233.0,62.1,16.98,0,0,4.23,18.93,10.51,3.1,-21.49,-6.85,16.92,-9.49,-34.63,0.944,0.051,0,10.2,0,1,1.27,0.86,0,0,0,1,1,1620.8,-8.18,0.361,False,X,▼,1808,▲,O,X,0.68,250,0,-1,-1,1,2710.0,enter,100.0,NORMAL+PM_BLOCK_INTRADAY+EF:정상,8.03,5.0,0.6,normal,7.0,v1_sl_first_gap_at_open,NORMAL+PM_BLOCK_INTRADAY+EF:정상,SWING_20D,46,ATR_2x,23,SWING_60D,2,0.0,해상 운송업,22.15142857142857,8.541428571428572,9.0,31.4,0.0,0.050943800943800945,-0.0072470537431710376,0.09210526315789473,OK,0.0,UNVALIDATED_MODEL,46.93683500847174,46.93683500847174,0.0,8,1,0.5,0.5,0.0,STRUCT+TIMING+SECTOR,default,default,default,70,20260805,20260805,,34.8,34.8,34.8,-12.0,-33.79,FRESH,0.291,,False,0.3,True,MATURE,11693.0,ALPHA_WIN_PROB,0.551,,0.551,0.0,상태 OVERHEAT — 신규진입 상태 아님(사이징 제외),0.6449,0.0,0.0,v40_alpha_tilt,,,,,,True,2.9,,ELITE_SCORE,MATURE,11693,2.4.0,OK,,100.0,ATTACK,OK,OK,OK,OK,OK,OK,OK,0,7,True,True,True,,0,GREEN,,,0.0,AVOID,0,RR 0.30,0,0,0,0,,0.0,T=42<70,100.0,GREEN,,,0,False,0,BELOW_OFFICIAL_BAR,TOP_PICK=0,,5.0,IGNORE,IGNORE,NORMAL,0,0,0,0,0,0,0,0,0,CLEAR,,,0,0,0,0,0.0,,,,,,,,,,DISABLED_LOSS_DEFENSE,,,,,,True,False,True,True,True,True,True,True,0.0,0.0,0.0,0.0,0.0,0.0,0.0,0.0,0.0,0.5,False,False,False,1,False,3.6,0.5,G2RR×0.5,,0,0,0,,3.6,0,,False,0.0,0.0,False,,False,True,,0,82.0,72.0,0,0,CAUTION,5일 상승 18.9% > 5%,C,WATCH,0,0.2,관찰,시장폭 82.2 · 5일 18.9%,48.12,6,181,0,37.76,232,,-4.0,1889.0,"진입 후 D+1 종가 1,889원(-4%) 이탈 시 익일 조기청산 권고",46.2,"최근 20거래일 유니버스 실측 2일 상승률 46.2% (n=6,245) · 종목별 유의차 미검증",NO_EDGE_VALIDATED,OK,1830.0,2165.0,"손절 1,830(-7%)·본전전환 2,066(+5%)·1차익절 2,165(+10%) · ⚡ D+2내 2,007(+2%) 도달 시 절반 익절+잔여 본전 상향 (실측: 초반 급등 후 되돌림 -0.9%)",0,0.0,0,0,알파 64점 (진입선 85점 미달) · 손익비 0.30,alpha_gate_v32,CASH,0.0,,,0,NEUTRAL,"중립 레짐 — KOSPI 20일선 아래, 시장폭 82% (실측: 본전 구간 → 진입 허용하되 사이즈 50%)",0.5,1,63.5,2066.0,0.3233,1,이 점수 구간의 과거 실측 승률 29% (표본 11693건) · 거래량 밀집가 대비 -14.1% — 가치영역 근접 (실측 표본 적음) · 변동성 응축 4일째 (스퀴즈 — 방향 분출 대기),중립 레짐 — 사이즈 50% 권장 · 손익비 0.30 <1 — 이길 수 없는 구조,29.1,False,WAIT,1,85.0,1,0,2007.0,,,,,1,1.0,,0,52.9,pctl>0.30,0,,0,1.0
240,003550,LG,KOSPI,금융,106800,253.51,161473.1,0.0,0.0,WAIT,OVERHEAT,3,False,0,False,64.2,64.2,55.4,73.1,0.0,0.0,12.1,42.8,73.1,8.6,0.17,1.5,진입적정,0,105200.0,96700.0,108500.0,116500.0,,2.23,0.69,122151,6.52,특이사항 없음,5,-4.34,55.4,7.78,TIMING 강점,,5일 급등,"과열(급등·MFI·RSI) — 실측 역신호, 관망",NORMAL,82.2,기타 금융업,25350526150.0,55.0,14.11,1,0,4.71,15.84,7.77,4.4,-1.93,15.09,18.22,10.07,-12.69,0.382,0.198,1,10.5,1,1,2.88,0.92,0,0,0,1,-1,107910.0,-12.57,0.2843,False,O,▲,98798,▲,O,X,1.47,250,0,1,-1,1,185900.0,enter,100.0,NORMAL+PM_BLOCK_INTRADAY+EF:정상,8.08,4.0,0.4,normal,7.0,v1_sl_first_gap_at_open,NORMAL+PM_BLOCK_INTRADAY+EF:정상,SWING_20D,46,ATR_2x,23,SWING_60D,2,0.0,기타 금융업,14.904375,12.145312500000001,11.0,50.5,0.0,0.052501337613697165,-0.004880847529058366,0.34,OK,0.0,UNVALIDATED_MODEL,56.76465787841658,56.76465787841658,0.0,8,1,0.5,0.5,0.0,STRUCT+TIMING+SECTOR,breakout,68.5,5.0,70,20260805,20260805,,64.2,64.2,64.2,-12.0,-33.79,FRESH,0.291,,False,0.434,True,MATURE,11693.0,ALPHA_WIN_PROB,0.388,,0.388,0.0,상태 OVERHEAT — 신규진입 상태 아님(사이징 제외),0.7203,0.0,0.0,v40_alpha_tilt,,,,,,True,1.6,,ELITE_SCORE,MATURE,11693,2.4.0,OK,,100.0,ATTACK,OK,OK,OK,OK,OK,OK,OK,0,7,True,True,True,,0,GREEN,,,0.0,AVOID,0,RR 0.17,0,0,0,0,,0.0,S=55≥50,100.0,GREEN,,,0,False,0,BELOW_OFFICIAL_BAR,TOP_PICK=0,,5.0,IGNORE,IGNORE,NORMAL,0,0,0,0,0,0,0,0,0,CLEAR,,,0,0,0,0,0.0,,,,,,,,,,DISABLED_LOSS_DEFENSE,,,,,,True,True,True,True,True,True,True,True,0.0,0.0,0.0,0.0,0.0,0.0,0.0,0.0,0.0,1.0,False,False,False,1,True,12.1,1.0,,,0,0,0,,12.1,0,,False,0.0,0.0,False,,False,True,,0,82.0,72.0,0,0,CAUTION,5일 상승 15.8% > 5%,C,WATCH,0,0.2,관찰,시장폭 82.2 · 5일 15.8%,65.07,6,66,0,57.69,133,모멘텀확인중(PMS65),-4.0,100992.0,"진입 후 D+1 종가 100,992원(-4%) 이탈 시 익일 조기청산 권고",46.2,"최근 20거래일 유니버스 실측 2일 상승률 46.2% (n=6,245) · 종목별 유의차 미검증",NO_EDGE_VALIDATED,OK,97836.0,115720.0,"손절 97,836(-7%)·본전전환 110,460(+5%)·1차익절 115,720(+10%) · ⚡ D+2내 107,304(+2%) 도달 시 절반 익절+잔여 본전 상향 (실측: 초반 급등 후 되돌림 -0.9%)",0,0.0,0,0,알파 63점 (진입선 85점 미달) · 손익비 0.17,alpha_gate_v32,CASH,0.0,,,0,NEUTRAL,"중립 레짐 — KOSPI 20일선 아래, 시장폭 82% (실측: 본전 구간 → 진입 허용하되 사이즈 50%)",0.5,1,63.2,110460.0,0.3233,1,이 점수 구간의 과거 실측 승률 29% (표본 11693건) · 거래량 밀집가 대비 +6.5% — 가치영역 근접 (실측 승률 40%) · 변동성 응축 5일째 (스퀴즈 — 방향 분출 대기),중립 레짐 — 사이즈 50% 권장 · 손익비 0.17 <1 — 이길 수 없는 구조,29.1,False,WAIT,1,85.0,1,0,107304.0,,,,,1,1.0,,0,61.0,pctl>0.30,0,,0,1.0
241,448900,한국피아이엠,KOSDAQ,자동차·모빌리티,65200,56.63,3960.5,0.0,0.0,WAIT,OVERHEAT,3,False,0,False,67.0,67.0,61.0,73.1,0.0,0.0,12.6,44.7,73.1,8.6,0.1,23.3,,0,52900.0,48600.0,66900.0,68400.0,🚀급등시동,1.18,0.75,82834,-35.25,특이사항 없음,0,13.49,60.6,29.53,TIMING 강점,,5일 급등,"과열(급등·MFI·RSI) — 실측 역신호, 관망",NORMAL,82.2,자동차 신품 부품 제조업,5663342950.0,85.4,53.51,0,0,2.68,16.85,30.14,29.88,-52.62,7.77,33.69,-18.83,35.63,0.843,0.04,0,12.0,1,0,1.35,0.94,0,0,0,1,1,39700.0,-21.29,0.594,False,X,▼,57494,▲,O,X,-1.42,250,0,-1,-1,1,143800.0,enter,100.0,NORMAL+PM_BLOCK_INTRADAY+EF:정상,8.13,6.0,3.3,normal,7.0,v1_sl_first_gap_at_open,NORMAL+PM_BLOCK_INTRADAY+EF:정상,SWING_20D,23,ATR_2x,23,SWING_60D,2,0.0,자동차 신품 부품 제조업,17.37090909090909,13.840909090909092,7.0,70.0,0.0,0.11826248904469763,0.006787936916746302,0.29310344827586204,OK,0.0,UNVALIDATED_MODEL,74.75206349935016,74.75206349935016,0.0,8,1,0.5,0.5,0.0,STRUCT+TIMING+SECTOR,default,default,default,70,20260805,20260805,,67.0,67.0,67.0,-12.0,-33.79,FRESH,0.291,,False,0.456,False,MATURE,11693.0,ALPHA_WIN_PROB,3.256,,1.81,0.0,상태 OVERHEAT — 신규진입 상태 아님(사이징 제외),0.3559,0.0,0.0,v40_alpha_tilt,,,,,,True,2.6,,ELITE_SCORE,MATURE,11693,2.4.0,OK,,100.0,ATTACK,OK,OK,OK,OK,OK,OK,OK,0,7,True,True,True,,0,GREEN,,,0.0,AVOID,0,진입괴리 23.3% · RR 0.10,0,0,0,0,,0.0,S=61≥50 · 이격도30>15,100.0,GREEN,,,0,False,0,BELOW_OFFICIAL_BAR,TOP_PICK=0,,13.0,IGNORE,IGNORE,NORMAL,0,0,0,0,0,0,0,0,0,CLEAR,,,0,0,0,0,0.0,,,,,,,,,,DISABLED_LOSS_DEFENSE,,,,,,True,True,True,True,True,True,True,True,0.0,0.0,0.0,0.0,0.0,0.0,0.0,0.0,0.0,1.0,False,False,False,1,True,12.6,1.0,,,0,0,0,,12.6,0,,False,0.0,0.0,False,,False,True,,0,82.0,72.0,0,0,CAUTION,5일 상승 16.9% > 5%,C,WATCH,0,0.2,관찰,시장폭 82.2 · 5일 16.9%,56.81,6,119,0,54.49,152,,-4.0,50784.0,"진입 후 D+1 종가 50,784원(-4%) 이탈 시 익일 조기청산 권고",46.2,"최근 20거래일 유니버스 실측 2일 상승률 46.2% (n=6,245) · 종목별 유의차 미검증",NO_EDGE_VALIDATED,OK,49197.0,58190.0,"손절 49,197(-7%)·본전전환 55,545(+5%)·1차익절 58,190(+10%) · ⚡ D+2내 53,958(+2%) 도달 시 절반 익절+잔여 본전 상향 (실측: 초반 급등 후 되돌림 -0.9%)",0,0.0,0,0,알파 51점 (진입선 85점 미달) · 손익비 0.10,alpha_gate_v32,CASH,0.0,,,0,NEUTRAL,"중립 레짐 — KOSPI 20일선 아래, 시장폭 82% (실측: 본전 구간 → 진입 허용하되 사이즈 50%)",0.5,1,50.8,55545.0,0.2958,1,이 점수 구간의 과거 실측 승률 29% (표본 11693건) · 거래량 밀집가 대비 -35.2% — 가치영역 근접 (실측 표본 적음) · 저점 상승 추세 13% (바닥이 높아지는 중),중립 레짐 — 사이즈 50% 권장 · 손익비 0.10 <1 — 이길 수 없는 구조 · 추천가 대비 23.3% 이탈 — 추격 주의,29.1,False,WAIT,1,85.0,1,0,53958.0,,,,,1,1.0,,0,93.8,pctl>0.30,0,,0,1.0
242,059120,아진엑스텍,KOSDAQ,반도체,6980,413.96,1278.0,0.0,0.0,WAIT,OVERHEAT,3,False,0,False,32.5,32.5,63.3,1.7,0.0,0.0,5.0,21.7,63.3,20.9,0.33,22.0,,0,5720.0,5260.0,7550.0,8550.0,🚀급등시동,1.62,3.61,7399,-18.29,특이사항 없음,0,24.82,65.0,28.03,저점추세 양호,,,"과열(급등·MFI·RSI) — 실측 역신호, 관망",NORMAL,82.2,반도체 제조업,41395993060.0,86.6,56.16,0,0,11.68,14.61,29.02,38.77,-46.22,-25.35,42.58,-12.43,2.51,0.668,0.151,0,12.0,1,0,1.67,0.83,0,0,0,1,1,4060.0,-5.67,0.0685,False,X,▼,6384,▲,O,X,0.96,250,0,-1,-1,1,14050.0,split,50.0,NORMAL+PM_BLOCK_INTRADAY+EF:당일 10%+ 급등 분할 진입+ENTRY:split,8.04,6.0,4.0,normal,7.0,v1_sl_first_gap_at_open,NORMAL+PM_BLOCK_INTRADAY+EF:당일 10%+ 급등 분할 진입+ENTRY:split,SWING_20D,23,VP_RESISTANCE,12,SWING_60D,2,0.0,반도체 제조업,29.595714285714283,5.586428571428571,8.0,77.6,0.0,0.13635898485468687,0.025451876289035193,0.41911764705882354,OK,0.0,UNVALIDATED_MODEL,10.5,10.5,0.0,8,1,0.5,0.5,0.0,STRUCT+TIMING+SECTOR,default,default,default,70,20260805,20260805,,32.5,32.5,32.5,-12.0,-33.79,FRESH,0.291,,False,0.3,True,MATURE,11693.0,ALPHA_WIN_PROB,3.978,,1.81,0.0,상태 OVERHEAT — 신규진입 상태 아님(사이징 제외),0.3559,0.0,0.0,v40_alpha_tilt,,,,,,True,8.2,,ELITE_SCORE,MATURE,11693,2.4.0,OK,,100.0,ATTACK,OK,OK,OK,OK,OK,OK,OK,0,7,True,True,True,,0,GREEN,,,0.0,AVOID,0,진입괴리 22.0% · RR 0.33,0,0,0,0,,0.0,T=2<70 · S=63≥50,100.0,GREEN,,,0,False,0,BELOW_OFFICIAL_BAR,TOP_PICK=0,,5.0,IGNORE,IGNORE,NORMAL,0,0,0,0,0,0,0,0,0,CLEAR,,,0,0,0,0,0.0,,,,,,,,,,DISABLED_LOSS_DEFENSE,,,,,,True,False,True,True,True,True,True,True,0.0,0.0,0.0,0.0,0.0,0.0,0.0,0.0,0.0,0.5,False,False,False,1,False,2.5,0.5,G2RR×0.5,,0,0,0,,2.5,0,,False,0.0,0.0,False,,False,True,,0,82.0,68.0,0,0,CAUTION,5일 상승 14.6% > 5%,C,WATCH,0,0.2,관찰,시장폭 82.2 · 5일 14.6%,65.48,6,64,0,43.73,208,모멘텀확인중(PMS65),-4.0,5491.0,"진입 후 D+1 종가 5,491원(-4%) 이탈 시 익일 조기청산 권고",46.2,"최근 20거래일 유니버스 실측 2일 상승률 46.2% (n=6,245) · 종목별 유의차 미검증",NO_EDGE_VALIDATED,OK,5320.0,6292.0,"손절 5,320(-7%)·본전전환 6,006(+5%)·1차익절 6,292(+10%) · ⚡ D+2내 5,834(+2%) 도달 시 절반 익절+잔여 본전 상향 (실측: 초반 급등 후 되돌림 -0.9%)",0,0.0,0,0,알파 68점 (진입선 85점 미달) · 손익비 0.33,alpha_gate_v32,CASH,0.0,,,0,NEUTRAL,"중립 레짐 — KOSPI 20일선 아래, 시장폭 82% (실측: 본전 구간 → 진입 허용하되 사이즈 50%)",0.5,1,67.8,6006.0,0.3233,1,이 점수 구간의 과거 실측 승률 29% (표본 11693건) · 거래량 밀집가 대비 -18.3% — 가치영역 근접 (실측 표본 적음) · 저점 상승 추세 25% (바닥이 높아지는 중),중립 레짐 — 사이즈 50% 권장 · 손익비 0.33 <1 — 이길 수 없는 구조 · 추천가 대비 22.0% 이탈 — 추격 주의,29.1,False,WAIT,1,85.0,1,0,5834.0,,,,,1,1.0,,0,97.5,pctl>0.30,0,,0,1.0
243,007340,DN오토모티브,KOSPI,2차전지,46400,78.38,27149.0,0.0,0.0,OVERHEAT,OVERHEAT,5,False,0,False,85.2,85.2,80.0,90.5,0.0,0.0,15.5,56.8,90.5,0.0,0.01,14.1,,0,40650.0,37400.0,46500.0,53500.0,🚀급등시동,3.32,0.86,41914,13.57,특이사항 없음,3,6.52,59.2,19.78,TIMING 강점,STRUCT 보조,5일 급등,"과열(급등·MFI·RSI) — 실측 역신호, 관망",NORMAL,82.2,일차전지 및 이차전지 제조업,7837816600.0,58.9,30.6,0,0,8.28,31.63,21.31,26.78,-9.2,73.13,40.6,2.8,45.35,0.072,0.072,1,12.0,1,0,1.13,0.99,0,0,0,1,1,34240.0,10.7,0.4225,False,O,▲,40486,▲,O,X,0.58,250,0,1,1,1,,enter,100.0,NORMAL+PM_BLOCK_INTRADAY+EF:정상,8.0,5.0,1.8,normal,7.0,v1_sl_first_gap_at_open,NORMAL+PM_BLOCK_INTRADAY+EF:정상,SWING_20D,23,SWING_60D,5,,0,0.0,일차전지 및 이차전지 제조업,25.9875,11.055,5.0,31.8,0.0,0.07019704433497537,0.05799360054790863,0.029411764705882353,OK,0.0,UNVALIDATED_MODEL,68.72730455628002,68.72730455628002,0.0,8,1,0.5,0.5,0.0,STRUCT+TIMING+SECTOR,default,default,default,70,20260805,20260805,,85.2,85.2,85.2,-12.0,-33.79,FRESH,0.291,,False,0.602,False,MATURE,11693.0,ALPHA_WIN_PROB,1.8,,1.8,0.0,상태 OVERHEAT — 신규진입 상태 아님(사이징 제외),0.3571,0.0,0.0,v40_alpha_tilt,,,,,,True,0.2,,ELITE_SCORE,MATURE,11693,2.4.0,OK,,100.0,ATTACK,OK,OK,OK,OK,OK,OK,OK,0,7,True,True,True,,1,RED,B_RED,STRUCT 70~85 위험 구간 + VWAP_GAP > 8% 과열,0.0,AVOID,0,진입괴리 14.1% · RR 0.01 · 5일 +32%,0,1,0,0,,0.0,S=80≥50 · 이격도20>15,85.0,CAUTION,B_RED_SHADOW,B_red shadow 감점 -15: STRUCT 70~85 + VWAP_GAP>8 위험 조합 · 공식 매수 차단 아님,1,False,0,BELOW_OFFICIAL_BAR,TOP_PICK=0,,20.0,IGNORE,IGNORE,NORMAL,0,0,0,0,0,0,0,0,0,CLEAR,,,0,0,0,0,0.0,,,,,,,,,,DISABLED_LOSS_DEFENSE,,,,,,True,True,True,True,True,True,True,True,0.0,0.0,0.0,0.0,0.0,0.0,0.0,0.0,0.0,1.0,False,False,False,0,True,15.5,1.0,,,0,0,1,B,15.5,0,"모멘텀 관찰 (과열·가드통과, 상위5 밖 — 매수 아님)",False,0.0,0.0,False,,False,True,,0,76.0,48.0,0,1,BLOCK,5일 과열 31.6%,BLOCK,GUARD_BLOCK,1,0.0,신규진입 차단,기존 guard/JULY 차단 · 시장폭 82.2 · 5일 31.6%,74.59,6,35,0,68.02,70,모멘텀확인중(PMS75),-4.0,39024.0,"진입 후 D+1 종가 39,024원(-4%) 이탈 시 익일 조기청산 권고",46.2,"최근 20거래일 유니버스 실측 2일 상승률 46.2% (n=6,245) · 종목별 유의차 미검증",NO_EDGE_VALIDATED,CAUTION,37804.0,44715.0,"⚠️ 과열/추격 주의 · 손절 37,804(-7%)·본전전환 42,682(+5%)·1차익절 44,715(+10%) · ⚡ D+2내 41,463(+2%) 도달 시 절반 익절+잔여 본전 상향 (실측: 초반 급등 후 되돌림 -0.9%)",0,0.0,0,0,알파 40점 (진입선 85점 미달) · 손익비 0.01 · 손실방어 차단,alpha_gate_v32,CASH,0.0,,,0,NEUTRAL,"중립 레짐 — KOSPI 20일선 아래, 시장폭 82% (실측: 본전 구간 → 진입 허용하되 사이즈 50%)",0.5,1,39.6,42682.0,0.2433,1,이 점수 구간의 과거 실측 승률 29% (표본 11693건) · 거래량 밀집가 대비 +13.6% — 가치영역 근접 (실측 승률 48%) · 변동성 응축 3일째 (스퀴즈 — 방향 분출 대기) · 저점 상승 추세 7% (바닥이 높아지는 중),중립 레짐 — 사이즈 50% 권장 · 손익비 0.01 <1 — 이길 수 없는 구조 · 추천가 대비 14.1% 이탈 — 추격 주의,29.1,False,OVERHEAT,1,85.0,1,0,41463.0,,,,,1,1.0,,0,88.9,pctl>0.30,0,,0,1.0
244,267250,HD현대,KOSPI,금융,219000,296.95,172994.9,0.0,0.0,WAIT,OVERHEAT,3,False,0,False,37.4,37.4,16.8,58.1,0.0,0.0,8.0,25.0,58.1,27.4,0.68,1.6,진입적정,0,215500.0,198400.0,233000.0,249500.0,,1.0,0.81,237906,9.06,특이사항 없음,4,-3.78,57.6,8.16,,,5일 급등,"과열(급등·MFI·RSI) — 실측 역신호, 관망",NORMAL,82.2,기타 금융업,29695130000.0,50.0,22.96,0,0,5.04,16.68,3.3,4.04,-24.22,-9.32,17.86,-12.22,-37.1,0.792,0.148,1,12.0,1,0,0.9,0.75,0,0,0,1,-1,238155.0,-7.95,0.1851,False,X,▼,202397,▲,O,X,1.68,250,0,-1,-1,1,313500.0,enter,100.0,NORMAL+PM_BLOCK_INTRADAY+EF:정상,7.94,4.0,1.0,normal,7.0,v1_sl_first_gap_at_open,NORMAL+PM_BLOCK_INTRADAY+EF:정상,SWING_20D,46,ATR_2x,23,SWING_60D,2,0.0,기타 금융업,14.904375,12.145312500000001,11.0,46.4,0.0,0.07746249184605349,0.008605038806539003,0.13636363636363635,OK,0.0,UNVALIDATED_MODEL,52.29242541920242,52.29242541920242,0.0,4,1,0.5,0.5,0.0,STRUCT+TIMING+SECTOR,default,default,default,70,20260805,20260805,,37.4,37.4,37.4,-12.0,-33.79,FRESH,0.291,,False,0.3,True,MATURE,11693.0,ALPHA_WIN_PROB,1.023,,1.023,0.0,상태 OVERHEAT — 신규진입 상태 아님(사이징 제외),0.4942,0.0,0.0,v40_alpha_tilt,,,,,,True,6.4,,ELITE_SCORE,MATURE,11693,2.4.0,OK,,100.0,ATTACK,OK,OK,OK,OK,OK,OK,OK,0,7,True,True,True,,0,GREEN,,,0.0,AVOID,0,RR 0.68,0,0,0,0,,0.0,T=58<70,100.0,GREEN,,,0,False,0,BELOW_OFFICIAL_BAR,TOP_PICK=0,,5.0,IGNORE,IGNORE,NORMAL,0,0,0,0,0,0,0,0,0,CLEAR,,,0,0,0,0,0.0,,,,,,,,,,DISABLED_LOSS_DEFENSE,,,,,,True,False,True,True,True,True,True,True,0.0,0.0,0.0,0.0,0.0,0.0,0.0,0.0,0.0,0.5,False,False,False,1,False,4.0,0.5,G2RR×0.5,,0,0,0,,4.0,0,,False,0.0,0.0,False,,False,True,,0,74.0,70.0,0,0,CAUTION,5일 상승 16.7% > 5%,B,REALISTIC_RR,0,0.35,관찰 후보,현실형 RR · 시장폭 82.2 · 5일 16.7%,63.96,6,74,0,47.0,192,모멘텀확인중(PMS64),-4.0,206880.0,"진입 후 D+1 종가 206,880원(-4%) 이탈 시 익일 조기청산 권고",46.2,"최근 20거래일 유니버스 실측 2일 상승률 46.2% (n=6,245) · 종목별 유의차 미검증",NO_EDGE_VALIDATED,OK,200415.0,237050.0,"손절 200,415(-7%)·본전전환 226,275(+5%)·1차익절 237,050(+10%) · ⚡ D+2내 219,810(+2%) 도달 시 절반 익절+잔여 본전 상향 (실측: 초반 급등 후 되돌림 -0.9%)",0,0.0,0,0,알파 72점 (진입선 85점 미달) · 손익비 0.68,alpha_gate_v32,CASH,0.0,,,0,NEUTRAL,"중립 레짐 — KOSPI 20일선 아래, 시장폭 82% (실측: 본전 구간 → 진입 허용하되 사이즈 50%)",0.5,1,71.5,226275.0,0.3379,1,이 점수 구간의 과거 실측 승률 29% (표본 11693건) · 거래량 밀집가 대비 +9.1% — 가치영역 근접 (실측 승률 40%) · 변동성 응축 4일째 (스퀴즈 — 방향 분출 대기) · AI 알파모델 예측 상위 28% (OOS 검증 통과 모델 — 이 구간 실측 승률 34%),중립 레짐 — 사이즈 50% 권장 · 손익비 0.68 <1 — 이길 수 없는 구조,29.1,False,WAIT,1,85.0,1,0,219810.0,,,,,1,1.0,,0,62.5,pctl>0.30,0,,0,1.0
245,010130,고려아연,KOSPI,철강·금속,1095000,169.8,228559.0,0.0,0.0,WAIT,OVERHEAT,3,False,0,False,39.3,39.3,24.5,54.1,0.0,0.0,8.2,26.2,54.1,32.4,0.21,1.5,진입적정,0,1079000.0,992000.0,1117000.0,1222000.0,,2.36,0.92,1211251,-30.43,특이사항 없음,0,-4.67,57.1,8.54,,,5일 급등,"과열(급등·MFI·RSI) — 실측 역신호, 관망",NORMAL,82.2,1차 비철금속 제조업,16980299500.0,61.4,18.48,0,0,4.89,18.63,10.16,0.09,-29.76,-35.93,13.91,-17.76,-63.71,0.865,0.056,0,12.0,1,0,1.01,0.91,0,0,0,1,-1,1124000.0,-9.6,0.3885,False,X,▼,997473,▲,O,X,0.77,250,0,-1,-1,1,1596000.0,enter,100.0,NORMAL+PM_BLOCK_INTRADAY+EF:정상,8.06,4.0,0.4,normal,7.0,v1_sl_first_gap_at_open,NORMAL+PM_BLOCK_INTRADAY+EF:정상,SWING_20D,46,ATR_2x,23,SWING_60D,2,0.0,1차 비철금속 제조업,26.61,16.16375,3.0,72.5,0.0,0.06523157208088716,0.07608451651744193,0.3384615384615385,OK,0.0,UNVALIDATED_MODEL,54.9959379828824,54.9959379828824,0.0,4,1,0.5,0.5,0.0,STRUCT+TIMING+SECTOR,default,default,default,70,20260805,20260805,,39.3,39.3,39.3,-12.0,-33.79,FRESH,0.291,,False,0.3,True,MATURE,11693.0,ALPHA_WIN_PROB,0.437,,0.437,0.0,상태 OVERHEAT — 신규진입 상태 아님(사이징 제외),0.696,0.0,0.0,v40_alpha_tilt,,,,,,True,2.0,,ELITE_SCORE,MATURE,11693,2.4.0,OK,,100.0,ATTACK,OK,OK,OK,OK,OK,OK,OK,0,7,True,True,True,,0,GREEN,,,0.0,AVOID,0,RR 0.21,0,0,0,0,,0.0,T=54<70,100.0,GREEN,,,0,False,0,BELOW_OFFICIAL_BAR,TOP_PICK=0,,5.0,IGNORE,IGNORE,NORMAL,0,0,0,0,0,0,0,0,0,CLEAR,,,0,0,0,0,0.0,,,,,,,,,,DISABLED_LOSS_DEFENSE,,,,,,True,False,True,True,True,True,True,True,0.0,0.0,0.0,0.0,0.0,0.0,0.0,0.0,0.0,0.5,False,False,False,2,False,4.1,0.5,G2RR×0.5,,0,0,0,,4.1,0,,False,0.0,0.0,False,,False,True,,0,74.0,66.0,0,0,CAUTION,5일 상승 18.6% > 5%,C,WATCH,0,0.2,관찰,시장폭 82.2 · 5일 18.6%,62.87,6,79,0,47.22,191,모멘텀확인중(PMS63),-4.0,1035840.0,"진입 후 D+1 종가 1,035,840원(-4%) 이탈 시 익일 조기청산 권고",46.2,"최근 20거래일 유니버스 실측 2일 상승률 46.2% (n=6,245) · 종목별 유의차 미검증",NO_EDGE_VALIDATED,OK,1003470.0,1186900.0,"손절 1,003,470(-7%)·본전전환 1,132,950(+5%)·1차익절 1,186,900(+10%) · ⚡ D+2내 1,100,580(+2%) 도달 시 절반 익절+잔여 본전 상향 (실측: 초반 급등 후 되돌림 -0.9%)",0,0.0,0,0,진입 조건 미달 · 손익비 0.21,alpha_gate_v32,CASH,0.0,,,0,NEUTRAL,"중립 레짐 — KOSPI 20일선 아래, 시장폭 82% (실측: 본전 구간 → 진입 허용하되 사이즈 50%)",0.5,1,97.8,1132950.0,0.3888,1,이 점수 구간의 과거 실측 승률 29% (표본 11693건) · 거래량 밀집가 대비 -30.4% — 가치영역 근접 (실측 표본 적음) · AI 알파모델 예측 상위 2% (OOS 검증 통과 모델 — 이 구간 실측 승률 39%),중립 레짐 — 사이즈 50% 권장 · 손익비 0.21 <1 — 이길 수 없는 구조,29.1,False,WAIT,1,85.0,1,0,1100580.0,,,,,1,1.0,,0,59.8,pctl>0.30,0,,0,1.0
246,009540,HD한국조선해양,KOSPI,금융,396000,721.03,280261.5,0.0,0.0,WAIT,OVERHEAT,3,False,0,False,36.7,36.7,24.1,49.2,0.0,0.0,7.7,24.4,49.2,38.5,0.16,1.5,진입적정,0,390000.0,358500.0,402000.0,442500.0,,2.44,0.78,387231,0.83,특이사항 없음,0,-2.79,63.3,11.41,,,5일 급등,"과열(급등·MFI·RSI) — 실측 역신호, 관망",NORMAL,82.2,기타 금융업,72103471750.0,64.9,23.47,0,0,5.88,18.21,12.02,9.85,-12.39,-3.18,23.67,-0.39,-30.96,0.494,0.311,1,12.0,1,0,1.08,0.93,0,0,0,1,-1,400550.0,2.26,0.0941,False,X,▼,377793,▲,O,X,1.6,250,0,-1,-1,1,488000.0,enter,100.0,NORMAL+PM_BLOCK_INTRADAY+EF:정상,8.08,4.0,0.4,normal,7.0,v1_sl_first_gap_at_open,NORMAL+PM_BLOCK_INTRADAY+EF:정상,SWING_20D,46,ATR_2x,23,SWING_60D,5,0.0,기타 금융업,14.904375,12.145312500000001,11.0,56.8,0.0,0.06588203463203463,0.061143248753038955,0.24210526315789474,OK,0.0,UNVALIDATED_MODEL,44.27708096644096,44.27708096644096,0.0,4,1,0.5,0.5,0.0,STRUCT+TIMING+SECTOR,default,default,default,70,20260805,20260805,,36.7,36.7,36.7,-12.0,-33.79,FRESH,0.291,,False,0.3,True,MATURE,11693.0,ALPHA_WIN_PROB,0.381,,0.381,0.0,상태 OVERHEAT — 신규진입 상태 아님(사이징 제외),0.7241,0.0,0.0,v40_alpha_tilt,,,,,,True,1.5,,ELITE_SCORE,MATURE,11693,2.4.0,OK,,100.0,ATTACK,OK,OK,OK,OK,OK,OK,OK,0,7,True,True,True,,0,GREEN,,,0.0,AVOID,0,RR 0.16,0,0,0,0,,0.0,T=49<70,100.0,GREEN,,,0,False,0,BELOW_OFFICIAL_BAR,TOP_PICK=0,,5.0,IGNORE,IGNORE,NORMAL,0,0,0,0,0,0,0,0,0,CLEAR,,,0,0,0,0,0.0,,,,,,,,,,DISABLED_LOSS_DEFENSE,,,,,,True,False,True,True,True,True,True,True,0.0,0.0,0.0,0.0,0.0,0.0,0.0,0.0,0.0,0.5,False,False,False,1,False,3.8,0.5,G2RR×0.5,,0,0,0,,3.8,0,,False,0.0,0.0,False,,False,True,,0,74.0,66.0,0,0,CAUTION,5일 상승 18.2% > 5%,C,WATCH,0,0.2,관찰,시장폭 82.2 · 5일 18.2%,69.4,6,52,0,49.1,184,모멘텀확인중(PMS69),-4.0,374400.0,"진입 후 D+1 종가 374,400원(-4%) 이탈 시 익일 조기청산 권고",46.2,"최근 20거래일 유니버스 실측 2일 상승률 46.2% (n=6,245) · 종목별 유의차 미검증",NO_EDGE_VALIDATED,OK,362700.0,429000.0,"손절 362,700(-7%)·본전전환 409,500(+5%)·1차익절 429,000(+10%) · ⚡ D+2내 397,800(+2%) 도달 시 절반 익절+잔여 본전 상향 (실측: 초반 급등 후 되돌림 -0.9%)",0,0.0,0,0,알파 74점 (진입선 85점 미달) · 손익비 0.16,alpha_gate_v32,CASH,0.0,,,0,NEUTRAL,"중립 레짐 — KOSPI 20일선 아래, 시장폭 82% (실측: 본전 구간 → 진입 허용하되 사이즈 50%)",0.5,1,73.7,409500.0,0.3379,1,이 점수 구간의 과거 실측 승률 29% (표본 11693건) · 거래량 밀집가 대비 +0.8% — 가치영역 근접 (실측 승률 40%) · AI 알파모델 예측 상위 26% (OOS 검증 통과 모델 — 이 구간 실측 승률 34%),중립 레짐 — 사이즈 50% 권장 · 손익비 0.16 <1 — 이길 수 없는 구조,29.1,False,WAIT,1,85.0,1,0,397800.0,,,,,1,1.0,,0,65.9,pctl>0.30,0,,0,1.0
247,267270,HD건설기계,KOSPI,조선·기계·설비,141900,659.15,68001.2,0.0,0.0,WAIT,OVERHEAT,3,False,0,False,69.9,69.9,47.5,92.3,0.0,0.0,13.4,46.6,92.3,0.0,0.1,3.1,,0,137600.0,126500.0,143500.0,161400.0,,0.9,1.48,140266,-0.68,특이사항 없음,5,-7.43,57.1,11.73,TIMING 강점,,5일 급등,"과열(급등·MFI·RSI) — 실측 역신호, 관망",NORMAL,82.2,일반 목적용 기계 제조업,65915463400.0,59.3,21.57,1,0,11.64,19.95,11.73,12.53,-23.34,11.82,26.35,-11.34,-15.96,0.555,0.322,0,12.0,1,0,1.11,0.96,0,0,0,1,1,98670.0,1.16,0.2815,False,X,▲,125588,▲,O,X,4.88,250,0,1,1,1,184000.0,split,50.0,NORMAL+PM_BLOCK_INTRADAY+EF:당일 10%+ 급등 분할 진입+ENTRY:split,8.07,4.0,0.5,normal,7.0,v1_sl_first_gap_at_open,NORMAL+PM_BLOCK_INTRADAY+EF:당일 10%+ 급등 분할 진입+ENTRY:split,SWING_20D,46,ATR_2x,23,SWING_60D,5,0.0,일반 목적용 기계 제조업,27.58121951219512,8.227560975609755,6.0,47.7,0.0,0.08361018826135105,-0.02986318025029605,0.11940298507462686,OK,0.0,UNVALIDATED_MODEL,84.0,84.0,0.0,8,1,0.5,0.5,0.0,STRUCT+TIMING+SECTOR,default,default,default,70,20260805,20260805,,69.9,69.9,69.9,-12.0,-33.79,FRESH,0.291,,False,0.479,False,MATURE,11693.0,ALPHA_WIN_PROB,0.532,,0.532,0.0,상태 OVERHEAT — 신규진입 상태 아님(사이징 제외),0.6529,0.0,0.0,v40_alpha_tilt,,,,,,True,1.1,,ELITE_SCORE,MATURE,11693,2.4.0,OK,,100.0,ATTACK,OK,OK,OK,OK,OK,OK,OK,0,7,True,True,True,,0,GREEN,,,0.0,AVOID,0,진입괴리 3.1% · RR 0.10,0,0,0,0,,0.0,전일+12%,100.0,GREEN,,,0,False,0,BELOW_OFFICIAL_BAR,TOP_PICK=0,,13.0,IGNORE,IGNORE,NORMAL,0,0,0,0,0,0,0,0,0,CLEAR,,,0,0,0,0,0.0,,,,,,,,,,DISABLED_LOSS_DEFENSE,,,,,,True,True,True,True,True,True,True,True,0.0,0.0,0.0,0.0,0.0,0.0,0.0,0.0,0.0,1.0,False,False,False,1,True,13.4,1.0,,,0,0,0,,13.4,0,,False,0.0,0.0,False,,False,True,,0,74.0,66.0,0,0,CAUTION,5일 상승 19.9% > 5%,C,WATCH,0,0.2,관찰,시장폭 82.2 · 5일 19.9%,86.43,6,8,0,70.54,54,모멘텀확인강(PMS86),-4.0,132096.0,"진입 후 D+1 종가 132,096원(-4%) 이탈 시 익일 조기청산 권고",46.2,"최근 20거래일 유니버스 실측 2일 상승률 46.2% (n=6,245) · 종목별 유의차 미검증",NO_EDGE_VALIDATED,OK,127968.0,151360.0,"손절 127,968(-7%)·본전전환 144,480(+5%)·1차익절 151,360(+10%) · ⚡ D+2내 140,352(+2%) 도달 시 절반 익절+잔여 본전 상향 (실측: 초반 급등 후 되돌림 -0.9%)",0,0.0,0,0,알파 39점 (진입선 85점 미달) · 손익비 0.10,alpha_gate_v32,CASH,0.0,,,0,NEUTRAL,"중립 레짐 — KOSPI 20일선 아래, 시장폭 82% (실측: 본전 구간 → 진입 허용하되 사이즈 50%)",0.5,1,39.0,144480.0,0.2433,1,이 점수 구간의 과거 실측 승률 29% (표본 11693건) · 거래량 밀집가 대비 -0.7% — 가치영역 근접 (실측 표본 적음) · 변동성 응축 5일째 (스퀴즈 — 방향 분출 대기),중립 레짐 — 사이즈 50% 권장 · 손익비 0.10 <1 — 이길 수 없는 구조 · 추천가 대비 3.1% 이탈 — 추격 주의,29.1,False,WAIT,1,85.0,1,0,140352.0,,,,,1,1.0,,0,51.7,pctl>0.30,0,,0,1.0
248,317400,자이에스앤디,KOSPI,건설·부동산,7530,144.12,2920.3,0.0,0.0,OVERHEAT,OVERHEAT,5,False,0,False,82.1,82.1,88.6,75.6,0.0,0.0,14.5,54.7,88.6,0.0,0.67,19.7,,0,6290.0,5780.0,8710.0,10030.0,,1.63,1.34,6130,-1.53,특이사항 없음,0,11.2,65.1,25.66,STRUCT 강점,TIMING 보조,5일 급등,"과열(급등·MFI·RSI) — 실측 역신호, 관망",NORMAL,82.2,부동산 임대 및 공급업,14412125620.0,81.8,77.03,0,0,-1.83,37.41,16.38,52.58,64.95,58.03,66.4,76.95,30.25,0.155,0.155,0,12.0,0,0,1.82,0.72,0,0,0,1,-1,8599.5,22.84,0.4055,False,O,▲,6922,▲,O,X,0.0,250,0,1,1,1,12110.0,enter,100.0,NORMAL+PM_BLOCK_INTRADAY+EF:정상,8.11,6.0,4.7,normal,7.0,v1_sl_first_gap_at_open,NORMAL+PM_BLOCK_INTRADAY+EF:정상,SWING_20D,23,ATR_3.5x,12,FIBO_1.618,2,0.0,부동산 임대 및 공급업,31.53,22.859,2.0,22.3,0.0,0.14171883892999432,0.19755271843225353,0.7591240875912408,OK,0.0,UNVALIDATED_MODEL,65.5,65.5,0.0,6,1,0.5,0.5,0.0,STRUCT+TIMING+SECTOR,default,default,default,70,20260805,20260805,,82.1,82.1,82.1,-12.0,-33.79,FRESH,0.291,,False,0.577,False,MATURE,11693.0,ALPHA_WIN_PROB,4.745,,1.81,0.0,상태 OVERHEAT — 신규진입 상태 아님(사이징 제외),0.3559,0.0,0.0,v40_alpha_tilt,,,,,,True,15.7,,ELITE_SCORE,MATURE,11693,2.4.0,OK,,100.0,ATTACK,OK,OK,OK,OK,OK,OK,OK,0,7,True,True,True,,1,ORANGE,C_ORANGE,STRUCT < 90 + VWAP_GAP > 15% 강한 과열,0.0,AVOID,0,진입괴리 19.7% · RR 0.67 · 5일 +37%,0,1,0,0,,0.0,S=89≥50 · 이격도26>15,100.0,GREEN,,,0,False,0,BELOW_OFFICIAL_BAR,TOP_PICK=0,,20.0,IGNORE,IGNORE,NORMAL,0,0,0,0,0,0,0,0,0,CLEAR,,,0,0,0,0,0.0,,,,,,,,,,DISABLED_LOSS_DEFENSE,,,,,,True,True,True,True,True,True,True,True,0.0,0.0,0.0,0.0,0.0,0.0,0.0,0.0,0.0,1.0,False,False,False,2,True,14.5,1.0,,,0,0,1,B,14.5,0,"모멘텀 관찰 (과열·가드통과, 상위5 밖 — 매수 아님)",False,0.0,0.0,False,,False,True,,0,72.0,13.0,0,1,BLOCK,5일 과열 37.4% · VWAP 22.8 > 20 · ORANGE + 단기과열,BLOCK,GUARD_BLOCK,1,0.0,신규진입 차단,단기상승+VWAP/POC 추격충돌 · 기존 guard/JULY 차단 · 시장폭 82.2 · 5일 37.4%,84.78,6,12,0,72.19,42,모멘텀확인강(PMS85),-4.0,6038.0,"진입 후 D+1 종가 6,038원(-4%) 이탈 시 익일 조기청산 권고",46.2,"최근 20거래일 유니버스 실측 2일 상승률 46.2% (n=6,245) · 종목별 유의차 미검증",NO_EDGE_VALIDATED,CAUTION,5850.0,6919.0,"⚠️ 과열/추격 주의 · 손절 5,850(-7%)·본전전환 6,604(+5%)·1차익절 6,919(+10%) · ⚡ D+2내 6,416(+2%) 도달 시 절반 익절+잔여 본전 상향 (실측: 초반 급등 후 되돌림 -0.9%)",0,0.0,0,0,알파 33점 (진입선 85점 미달) · 손익비 0.67 · 손실방어 차단,alpha_gate_v32,CASH,0.0,,,0,NEUTRAL,"중립 레짐 — KOSPI 20일선 아래, 시장폭 82% (실측: 본전 구간 → 진입 허용하되 사이즈 50%)",0.5,1,32.8,6604.0,0.2433,1,이 점수 구간의 과거 실측 승률 29% (표본 11693건) · 거래량 밀집가 대비 -1.5% — 가치영역 근접 (실측 표본 적음) · 저점 상승 추세 11% (바닥이 높아지는 중),중립 레짐 — 사이즈 50% 권장 · 손익비 0.67 <1 — 이길 수 없는 구조 · 추천가 대비 19.7% 이탈 — 추격 주의,29.1,False,OVERHEAT,1,85.0,1,0,6416.0,,,,,1,1.0,,0,92.3,pctl>0.30,0,,0,1.0
249,484810,티엑스알로보틱스,KOSDAQ,조선·기계·설비,17830,190.84,2754.9,0.0,0.0,OVERHEAT,OVERHEAT,5,False,0,False,89.4,89.4,89.7,89.2,0.0,0.0,16.1,59.6,89.7,0.0,0.04,47.1,,0,12120.0,11150.0,18080.0,19900.0,,2.31,1.83,14162,30.08,"[뉴스]제공된 헤드라인은 코스닥 지수 상승 및 바이오 섹터 기관 순매수에 대한 내용으로, '티엑스알로보틱스'에 대한 직접적인 정보는 포함되어 있지 않습니다.",0,45.23,70.8,54.47,STRUCT 강점,TIMING 보조,RSI 과열,"과열(급등·MFI·RSI) — 실측 역신호, 관망",NORMAL,82.2,일반 목적용 기계 제조업,19083564920.0,73.7,113.36,0,0,3.97,28.55,42.19,87.88,-7.09,-11.29,91.69,26.7,16.57,0.164,0.164,1,12.0,1,0,3.8,0.98,0,0,0,1,1,9964.0,25.9,0.5906,False,O,▲,16050,▲,O,X,0.23,250,0,1,-1,1,21750.0,enter,100.0,NORMAL+PM_BLOCK_INTRADAY+EF:정상,8.0,6.0,6.1,normal,7.0,v1_sl_first_gap_at_open,NORMAL+PM_BLOCK_INTRADAY+EF:정상,SWING_20D,12,SWING_60D,5,SWING_120D,5,0.0,일반 목적용 기계 제조업,27.58121951219512,8.227560975609755,6.0,66.1,0.0,0.12374809710760357,0.04955794607624677,0.15527950310559005,OK,0.0,UNVALIDATED_MODEL,70.86976565667487,70.86976565667487,0.0,6,1,0.5,0.5,0.0,STRUCT+TIMING+SECTOR,default,default,default,70,20260805,20260805," 📢재료: [뉴스]제공된 헤드라인은 코스닥 지수 상승 및 바이오 섹터 기관 순매수에 대한 내용으로, '티엑스알로보틱스'에 대한 직접적인 정보는 포함되어 있지 않습니다.",89.4,89.4,89.4,-12.0,-33.79,FRESH,0.291,,False,0.635,False,MATURE,11693.0,ALPHA_WIN_PROB,6.144,,1.81,0.0,상태 OVERHEAT — 신규진입 상태 아님(사이징 제외),0.3559,0.0,0.0,v40_alpha_tilt,,,,,,True,1.4,,ELITE_SCORE,MATURE,11693,2.4.0,OK,,100.0,ATTACK,OK,OK,OK,OK,OK,OK,OK,0,7,True,True,True,,1,ORANGE,C_ORANGE,STRUCT < 90 + VWAP_GAP > 15% 강한 과열,0.0,AVOID,0,진입괴리 47.1% · RR 0.04 · 5일 +29%,0,1,0,0,,0.0,S=90≥50 · 이격도54>15,100.0,GREEN,,,0,False,0,BELOW_OFFICIAL_BAR,TOP_PICK=0,,20.0,IGNORE,IGNORE,NORMAL,0,0,0,0,0,0,0,0,0,CLEAR,,,0,0,0,0,0.0,,,,,,,,,,DISABLED_LOSS_DEFENSE,,,,,,True,True,True,True,True,True,True,True,0.0,0.0,0.0,0.0,0.0,0.0,0.0,0.0,0.0,1.0,False,False,False,0,True,16.1,1.0,,,0,1,0,A,16.1,5,"⚡ 모멘텀 후보 (과열·가드통과, 강도 5위/점수 16, RR 0.04)",False,0.0,0.0,False,,False,True,,0,72.0,13.0,0,1,BLOCK,5일 과열 28.6% · VWAP 25.9 > 20 · ORANGE + 단기과열,BLOCK,GUARD_BLOCK,1,0.0,신규진입 차단,단기상승+VWAP/POC 추격충돌 · 기존 guard/JULY 차단 · 시장폭 82.2 · 5일 28.6%,90.27,6,1,1,76.64,29,PMS추천 · 모멘텀확인강(PMS90),-4.0,11635.0,"진입 후 D+1 종가 11,635원(-4%) 이탈 시 익일 조기청산 권고",46.2,"최근 20거래일 유니버스 실측 2일 상승률 46.2% (n=6,245) · 종목별 유의차 미검증",NO_EDGE_VALIDATED,CAUTION,11272.0,13332.0,"⚠️ 과열/추격 주의 · 손절 11,272(-7%)·본전전환 12,726(+5%)·1차익절 13,332(+10%) · ⚡ D+2내 12,362(+2%) 도달 시 절반 익절+잔여 본전 상향 (실측: 초반 급등 후 되돌림 -0.9%)",0,0.0,0,0,알파 16점 (진입선 85점 미달) · 손익비 0.04 · 손실방어 차단 · POC 확장 30% (추격 위험),alpha_gate_v32,CASH,0.0,,,1,NEUTRAL,"중립 레짐 — KOSPI 20일선 아래, 시장폭 82% (실측: 본전 구간 → 진입 허용하되 사이즈 50%)",0.5,1,16.1,12726.0,0.2489,1,이 점수 구간의 과거 실측 승률 29% (표본 11693건) · 저점 상승 추세 45% (바닥이 높아지는 중),중립 레짐 — 사이즈 50% 권장 · 거래량 밀집가 대비 +30.1% 확장 (실측 승률 12~23% — 추격 위험) · 손익비 0.04 <1 — 이길 수 없는 구조 · RSI 71 과열 구간 · 추천가 대비 47.1% 이탈 — 추격 주의 · AI 알파모델 예측 하위 16% — 이 구간 실측 승률 25% — 픽 제외 구간,29.1,False,OVERHEAT,1,85.0,1,0,12362.0,,,,,1,1.0,,0,99.7,pctl>0.30,0,,0,1.0
250,082740,한화엔진,KOSPI,조선·기계·설비,46050,448.04,38427.4,0.0,0.0,WAIT,OVERHEAT,3,False,0,False,35.8,35.8,17.6,54.1,0.0,0.0,25.6,23.9,54.1,32.4,1.06,4.7,RR1.1,0,44000.0,40450.0,52000.0,53400.0,,0.6,1.05,56025,-16.34,특이사항 없음,0,-13.42,48.3,4.29,,,5일 급등,"과열(급등·MFI·RSI) — 실측 역신호, 관망",NORMAL,82.2,일반 목적용 기계 제조업,44804453275.0,44.0,32.82,0,0,13.01,18.99,-2.13,-5.73,-42.0,-18.5,8.09,-30.0,-46.28,0.841,0.166,0,12.0,1,0,1.03,0.63,0,0,0,1,-1,51655.0,-17.8,0.2114,False,X,▼,39963,▼,O,X,2.82,250,0,-1,-1,1,55100.0,split,50.0,NORMAL+PM_BLOCK_INTRADAY+EF:당일 10%+ 급등 분할 진입+ENTRY:split,8.07,5.0,2.3,normal,7.0,v1_sl_first_gap_at_open,NORMAL+PM_BLOCK_INTRADAY+EF:당일 10%+ 급등 분할 진입+ENTRY:split,SWING_20D,23,ATR_2x,23,VP_RESISTANCE,23,0.0,일반 목적용 기계 제조업,27.58121951219512,8.227560975609755,6.0,66.5,0.0,0.10152008686210641,-0.04122204012179246,0.04716981132075472,OK,0.0,UNVALIDATED_MODEL,58.60017617781573,58.60017617781573,0.0,4,1,0.5,0.5,0.0,STRUCT+TIMING+SECTOR,default,default,default,70,20260805,20260805,,35.8,35.8,35.8,-12.0,-33.79,FRESH,0.288,,False,0.3,True,MATURE,11693.0,ALPHA_WIN_PROB,2.254,,1.81,0.0,상태 OVERHEAT — 신규진입 상태 아님(사이징 제외),0.3559,0.0,0.0,v40_alpha_tilt,,,,,,True,12.9,,ELITE_SCORE,MATURE,11693,2.4.0,OK,,100.0,ATTACK,OK,OK,OK,OK,OK,OK,OK,0,7,True,True,True,,0,GREEN,,,0.0,AVOID,0,진입괴리 4.7% · RR 1.06,0,0,0,0,,0.0,T=54<70 · 전일+13%,100.0,GREEN,,,0,False,0,BELOW_OFFICIAL_BAR,TOP_PICK=0,,10.0,IGNORE,IGNORE,NORMAL,0,0,0,0,0,0,0,0,0,CLEAR,,,0,0,0,0,0.0,,,,,,,,,,DISABLED_LOSS_DEFENSE,,,,,,True,False,True,True,False,True,True,True,0.0,0.0,0.0,0.0,20.0,0.0,0.0,0.0,20.0,0.5,False,True,False,3,False,0.0,0.0,G2RR×0.5 · G5추세붕괴3축,,0,0,0,,0.0,0,,False,0.0,0.0,False,,False,True,,0,70.0,64.0,0,0,CAUTION,5일 상승 19.0% > 5%,C,REALISTIC_RR,0,0.2,관찰,현실형 RR · 시장폭 82.2 · 5일 19.0%,58.75,6,109,0,69.55,60,,-4.0,42240.0,"진입 후 D+1 종가 42,240원(-4%) 이탈 시 익일 조기청산 권고",46.2,"최근 20거래일 유니버스 실측 2일 상승률 46.2% (n=6,245) · 종목별 유의차 미검증",NO_EDGE_VALIDATED,OK,40920.0,48400.0,"손절 40,920(-7%)·본전전환 46,200(+5%)·1차익절 48,400(+10%) · ⚡ D+2내 44,880(+2%) 도달 시 절반 익절+잔여 본전 상향 (실측: 초반 급등 후 되돌림 -0.9%)",0,0.0,0,0,알파 57점 (진입선 85점 미달) · 손익비 1.06,alpha_gate_v32,CASH,0.0,,,0,NEUTRAL,"중립 레짐 — KOSPI 20일선 아래, 시장폭 82% (실측: 본전 구간 → 진입 허용하되 사이즈 50%)",0.5,1,56.7,46200.0,0.2958,1,이 점수 구간의 과거 실측 승률 29% (표본 11693건) · 거래량 밀집가 대비 -16.3% — 가치영역 근접 (실측 표본 적음) · 손익비 1.1 (손절 -12.2% / 1차목표 +12.9%),중립 레짐 — 사이즈 50% 권장 · 추천가 대비 4.7% 이탈 — 추격 주의,28.8,True,WAIT,1,85.0,1,0,44880.0,,,,,1,1.0,,0,36.8,pctl>0.30,0,,0,1.0
251,125490,한라캐스트,KOSDAQ,자동차·모빌리티,8830,50.58,3223.2,0.0,0.0,OVERHEAT,OVERHEAT,5,False,0,False,39.8,39.8,26.7,52.9,0.0,0.0,8.3,26.5,52.9,33.9,0.11,10.5,,0,7990.0,7350.0,9000.0,9800.0,,2.74,0.93,12820,-52.02,특이사항 없음,0,-11.66,55.0,16.03,,,5일 급등,"과열(급등·MFI·RSI) — 실측 역신호, 관망",NORMAL,82.2,자동차 신품 부품 제조업,5057535205.0,68.1,35.14,0,0,4.13,37.33,12.06,7.68,-53.16,-57.55,11.49,-19.37,-29.69,0.915,0.021,0,12.0,1,0,1.55,0.94,0,0,0,1,-1,9125.0,-31.13,0.8172,False,X,▼,7398,▲,O,X,0.71,234,0,-1,-1,1,19160.0,enter,100.0,NORMAL+PM_BLOCK_INTRADAY+EF:정상,8.01,6.0,1.6,normal,7.0,v1_sl_first_gap_at_open,NORMAL+PM_BLOCK_INTRADAY+EF:정상,SWING_20D,46,ATR_2x,23,SWING_60D,2,0.0,자동차 신품 부품 제조업,17.37090909090909,13.840909090909092,7.0,62.8,0.0,0.10224882705063906,0.0027497761990111975,0.3148148148148148,OK,0.0,UNVALIDATED_MODEL,61.11445606184963,61.11445606184963,0.0,6,1,0.5,0.5,0.0,STRUCT+TIMING+SECTOR,default,default,default,70,20260805,20260805,,39.8,39.8,39.8,-12.0,-33.79,FRESH,0.291,,False,0.3,True,MATURE,11693.0,ALPHA_WIN_PROB,1.578,,1.578,0.0,상태 OVERHEAT — 신규진입 상태 아님(사이징 제외),0.3879,0.0,0.0,v40_alpha_tilt,,,,,,True,1.9,,ELITE_SCORE,MATURE,11693,2.4.0,OK,,100.0,ATTACK,OK,OK,OK,OK,OK,OK,OK,0,7,True,True,True,,0,GREEN,,,0.0,AVOID,0,진입괴리 10.5% · RR 0.11 · 5일 +37%,0,1,0,0,,0.0,T=53<70 · 이격도16>15,100.0,GREEN,,,0,False,0,BELOW_OFFICIAL_BAR,TOP_PICK=0,,5.0,IGNORE,IGNORE,NORMAL,0,0,0,0,0,0,0,0,0,CLEAR,,,0,0,0,0,0.0,,,,,,,,,,DISABLED_LOSS_DEFENSE,,,,,,True,False,True,True,True,True,True,True,0.0,0.0,0.0,0.0,0.0,0.0,0.0,0.0,0.0,0.5,False,False,False,2,False,4.2,0.5,G2RR×0.5,,0,0,0,,4.2,0,과열이나 GUARD 미통과 — 레인 제외,False,0.0,0.0,False,,False,True,,0,70.0,42.0,0,1,BLOCK,5일 과열 37.3%,BLOCK,GUARD_BLOCK,1,0.0,신규진입 차단,기존 guard/JULY 차단 · 시장폭 82.2 · 5일 37.3%,47.11,6,188,0,39.73,224,,-4.0,7670.0,"진입 후 D+1 종가 7,670원(-4%) 이탈 시 익일 조기청산 권고",46.2,"최근 20거래일 유니버스 실측 2일 상승률 46.2% (n=6,245) · 종목별 유의차 미검증",NO_EDGE_VALIDATED,CAUTION,7431.0,8789.0,"⚠️ 과열/추격 주의 · 손절 7,431(-7%)·본전전환 8,390(+5%)·1차익절 8,789(+10%) · ⚡ D+2내 8,150(+2%) 도달 시 절반 익절+잔여 본전 상향 (실측: 초반 급등 후 되돌림 -0.9%)",0,0.0,0,0,진입 조건 미달 · 손익비 0.11 · 손실방어 차단,alpha_gate_v32,CASH,0.0,,,0,NEUTRAL,"중립 레짐 — KOSPI 20일선 아래, 시장폭 82% (실측: 본전 구간 → 진입 허용하되 사이즈 50%)",0.5,1,86.1,8390.0,0.3572,1,이 점수 구간의 과거 실측 승률 29% (표본 11693건) · 거래량 밀집가 대비 -52.0% — 가치영역 근접 (실측 표본 적음) · AI 알파모델 예측 상위 14% (OOS 검증 통과 모델 — 이 구간 실측 승률 36%),중립 레짐 — 사이즈 50% 권장 · 손익비 0.11 <1 — 이길 수 없는 구조 · 추천가 대비 10.5% 이탈 — 추격 주의,29.1,False,OVERHEAT,1,85.0,1,0,8150.0,,,,,1,1.0,,0,42.4,pctl>0.30,0,,0,1.0
252,090710,휴림로봇,KOSDAQ,조선·기계·설비,7640,217.6,9134.3,0.0,0.0,OVERHEAT,OVERHEAT,5,False,0,False,52.0,52.0,32.6,71.5,0.0,0.0,10.3,34.7,71.5,10.6,0.22,10.1,,0,6940.0,6380.0,7920.0,8550.0,,2.28,1.09,10928,-41.01,특이사항 없음,0,-5.5,55.8,15.64,TIMING 강점,,5일 급등,"과열(급등·MFI·RSI) — 실측 역신호, 관망",NORMAL,82.2,특수 목적용 기계 제조업,21760085440.0,79.4,30.41,0,0,8.06,28.19,10.72,7.91,-40.27,-42.81,11.72,-6.48,-14.95,0.942,0.01,0,12.0,1,0,4.47,0.88,0,0,0,1,-1,7916.5,-30.09,0.6363,False,X,▼,6423,▲,O,X,1.98,248,0,-1,-1,1,14690.0,enter,100.0,NORMAL+PM_BLOCK_INTRADAY+EF:정상,8.07,5.0,1.8,normal,7.0,v1_sl_first_gap_at_open,NORMAL+PM_BLOCK_INTRADAY+EF:정상,SWING_20D,46,ATR_2x,23,SWING_60D,2,0.0,특수 목적용 기계 제조업,27.58121951219512,8.227560975609755,6.0,70.2,0.0,0.1049457741211668,0.0050258613302623595,0.09523809523809523,OK,0.0,UNVALIDATED_MODEL,74.27016588631012,74.27016588631012,0.0,6,1,0.5,0.5,0.0,STRUCT+TIMING+SECTOR,default,default,default,70,20260805,20260805,,52.0,52.0,52.0,-12.0,-33.79,FRESH,0.291,,False,0.336,True,MATURE,11693.0,ALPHA_WIN_PROB,1.75,,1.75,0.0,상태 OVERHEAT — 신규진입 상태 아님(사이징 제외),0.3636,0.0,0.0,v40_alpha_tilt,,,,,,True,3.7,,ELITE_SCORE,MATURE,11693,2.4.0,OK,,100.0,ATTACK,OK,OK,OK,OK,OK,OK,OK,0,7,True,True,True,,0,GREEN,,,0.0,AVOID,0,진입괴리 10.1% · RR 0.22 · 5일 +28%,0,1,0,0,,0.0,이격도16>15,100.0,GREEN,,,0,False,0,BELOW_OFFICIAL_BAR,TOP_PICK=0,,5.0,IGNORE,IGNORE,NORMAL,0,0,0,0,0,0,0,0,0,CLEAR,,,0,0,0,0,0.0,,,,,,,,,,DISABLED_LOSS_DEFENSE,,,,,,True,False,True,True,True,True,True,True,0.0,0.0,0.0,0.0,0.0,0.0,0.0,0.0,0.0,0.5,False,False,False,2,False,5.2,0.5,G2RR×0.5,,0,0,0,,5.2,0,과열이나 GUARD 미통과 — 레인 제외,False,0.0,0.0,False,,False,True,,0,70.0,42.0,0,1,BLOCK,5일 과열 28.2%,BLOCK,GUARD_BLOCK,1,0.0,신규진입 차단,기존 guard/JULY 차단 · 시장폭 82.2 · 5일 28.2%,64.22,6,72,0,53.39,160,모멘텀확인중(PMS64),-4.0,6662.0,"진입 후 D+1 종가 6,662원(-4%) 이탈 시 익일 조기청산 권고",46.2,"최근 20거래일 유니버스 실측 2일 상승률 46.2% (n=6,245) · 종목별 유의차 미검증",NO_EDGE_VALIDATED,CAUTION,6454.0,7634.0,"⚠️ 과열/추격 주의 · 손절 6,454(-7%)·본전전환 7,287(+5%)·1차익절 7,634(+10%) · ⚡ D+2내 7,079(+2%) 도달 시 절반 익절+잔여 본전 상향 (실측: 초반 급등 후 되돌림 -0.9%)",0,0.0,0,0,알파 80점 (진입선 85점 미달) · 손익비 0.22 · 손실방어 차단,alpha_gate_v32,CASH,0.0,,,0,NEUTRAL,"중립 레짐 — KOSPI 20일선 아래, 시장폭 82% (실측: 본전 구간 → 진입 허용하되 사이즈 50%)",0.5,1,79.6,7287.0,0.3379,1,이 점수 구간의 과거 실측 승률 29% (표본 11693건) · 거래량 밀집가 대비 -41.0% — 가치영역 근접 (실측 표본 적음) · AI 알파모델 예측 상위 20% (OOS 검증 통과 모델 — 이 구간 실측 승률 34%),중립 레짐 — 사이즈 50% 권장 · 손익비 0.22 <1 — 이길 수 없는 구조 · 추천가 대비 10.1% 이탈 — 추격 주의,29.1,False,OVERHEAT,1,85.0,1,0,7079.0,,,,,1,1.0,,0,58.5,pctl>0.30,0,,0,1.0
253,204320,HL만도,KOSPI,자동차·모빌리티,50600,415.22,23760.3,0.0,0.0,OVERHEAT,OVERHEAT,5,False,0,False,41.2,41.2,27.1,55.2,0.0,0.0,8.5,27.4,55.2,31.0,0.36,1.5,진입적정,0,49850.0,45850.0,52300.0,57400.0,,2.68,1.13,58303,-19.29,특이사항 없음,0,-8.96,57.9,11.39,,,5일 급등,"과열(급등·MFI·RSI) — 실측 역신호, 관망",NORMAL,82.2,자동차 신품 부품 제조업,41521748425.0,59.2,28.3,0,0,3.79,29.41,10.0,4.55,-15.53,-17.72,18.37,-3.53,-45.5,0.691,0.17,0,12.0,1,0,1.55,0.88,0,0,0,1,-1,50790.0,-13.21,0.6862,False,X,▼,44276,▲,O,X,0.92,250,0,-1,-1,1,62700.0,enter,100.0,NORMAL+PM_BLOCK_INTRADAY+EF:정상,8.02,5.0,0.6,normal,7.0,v1_sl_first_gap_at_open,NORMAL+PM_BLOCK_INTRADAY+EF:정상,SWING_20D,46,ATR_2x,23,VP_RESISTANCE,12,0.0,자동차 신품 부품 제조업,17.37090909090909,13.840909090909092,7.0,66.3,0.0,0.07418125352907962,0.05031339956392666,0.4,OK,0.0,UNVALIDATED_MODEL,63.158942192562336,63.158942192562336,0.0,6,1,0.5,0.5,0.0,STRUCT+TIMING+SECTOR,default,default,default,70,20260805,20260805,,41.2,41.2,41.2,-12.0,-33.79,FRESH,0.291,,False,0.3,True,MATURE,11693.0,ALPHA_WIN_PROB,0.612,,0.612,0.0,상태 OVERHEAT — 신규진입 상태 아님(사이징 제외),0.6202,0.0,0.0,v40_alpha_tilt,,,,,,True,3.4,,ELITE_SCORE,MATURE,11693,2.4.0,OK,,100.0,ATTACK,OK,OK,OK,OK,OK,OK,OK,0,7,True,True,True,,0,GREEN,,,0.0,AVOID,0,RR 0.36 · 5일 +29%,0,1,0,0,,0.0,T=55<70,100.0,GREEN,,,0,False,0,BELOW_OFFICIAL_BAR,TOP_PICK=0,,5.0,IGNORE,IGNORE,NORMAL,0,0,0,0,0,0,0,0,0,CLEAR,,,0,0,0,0,0.0,,,,,,,,,,DISABLED_LOSS_DEFENSE,,,,,,True,False,True,True,True,True,True,True,0.0,0.0,0.0,0.0,0.0,0.0,0.0,0.0,0.0,0.5,False,False,False,2,False,4.2,0.5,G2RR×0.5,,0,0,0,,4.2,0,과열이나 GUARD 미통과 — 레인 제외,False,0.0,0.0,False,,False,True,,0,70.0,42.0,0,1,BLOCK,5일 과열 29.4%,BLOCK,GUARD_BLOCK,1,0.0,신규진입 차단,기존 guard/JULY 차단 · 시장폭 82.2 · 5일 29.4%,69.63,6,50,0,51.92,164,모멘텀확인중(PMS70),-4.0,47856.0,"진입 후 D+1 종가 47,856원(-4%) 이탈 시 익일 조기청산 권고",46.2,"최근 20거래일 유니버스 실측 2일 상승률 46.2% (n=6,245) · 종목별 유의차 미검증",NO_EDGE_VALIDATED,CAUTION,46360.0,54835.0,"⚠️ 과열/추격 주의 · 손절 46,360(-7%)·본전전환 52,342(+5%)·1차익절 54,835(+10%) · ⚡ D+2내 50,847(+2%) 도달 시 절반 익절+잔여 본전 상향 (실측: 초반 급등 후 되돌림 -0.9%)",0,0.0,0,0,알파 64점 (진입선 85점 미달) · 손익비 0.36 · 손실방어 차단,alpha_gate_v32,CASH,0.0,,,0,NEUTRAL,"중립 레짐 — KOSPI 20일선 아래, 시장폭 82% (실측: 본전 구간 → 진입 허용하되 사이즈 50%)",0.5,1,63.8,52342.0,0.3233,1,이 점수 구간의 과거 실측 승률 29% (표본 11693건) · 거래량 밀집가 대비 -19.3% — 가치영역 근접 (실측 표본 적음),중립 레짐 — 사이즈 50% 권장 · 손익비 0.36 <1 — 이길 수 없는 구조,29.1,False,OVERHEAT,1,85.0,1,0,50847.0,,,,,1,1.0,,0,49.2,pctl>0.30,0,,0,1.0
254,466100,클로봇,KOSDAQ,IT/전기전자,28400,106.38,7230.4,0.0,0.0,OVERHEAT,OVERHEAT,5,False,0,False,51.7,51.7,21.1,82.3,0.0,0.0,10.4,34.5,82.3,0.0,0.1,10.7,,0,25650.0,23600.0,28900.0,31850.0,,1.5,1.29,34599,-43.67,특이사항 없음,1,-5.65,56.6,16.24,TIMING 강점,,5일 급등,"과열(급등·MFI·RSI) — 실측 역신호, 관망",NORMAL,82.2,소프트웨어 개발 및 공급업,10638478325.0,61.1,31.34,0,0,5.58,28.22,13.37,7.58,-40.03,-56.29,11.39,-6.24,-28.43,0.858,0.023,0,12.0,1,0,1.33,0.94,0,0,0,1,-1,28875.0,-17.92,0.6756,False,X,▼,24285,▲,O,X,1.12,250,0,-1,-1,1,49950.0,enter,100.0,NORMAL+PM_BLOCK_INTRADAY+EF:정상,7.99,5.0,1.6,normal,7.0,v1_sl_first_gap_at_open,NORMAL+PM_BLOCK_INTRADAY+EF:정상,SWING_20D,46,ATR_2x,23,SWING_60D,2,0.0,소프트웨어 개발 및 공급업,28.983018867924528,12.636603773584905,4.0,54.1,0.0,0.10865191146881288,0.000828979859856326,0.06818181818181818,OK,0.0,UNVALIDATED_MODEL,84.0,84.0,0.0,6,1,0.5,0.5,0.0,STRUCT+TIMING+SECTOR,default,default,default,70,20260805,20260805,,51.7,51.7,51.7,-12.0,-33.79,FRESH,0.291,,False,0.334,True,MATURE,11693.0,ALPHA_WIN_PROB,1.585,,1.585,0.0,상태 OVERHEAT — 신규진입 상태 아님(사이징 제외),0.3868,0.0,0.0,v40_alpha_tilt,,,,,,True,1.8,,ELITE_SCORE,MATURE,11693,2.4.0,OK,,100.0,ATTACK,OK,OK,OK,OK,OK,OK,OK,0,7,True,True,True,,0,GREEN,,,0.0,AVOID,0,진입괴리 10.7% · RR 0.10 · 5일 +28%,0,1,0,0,,0.0,이격도16>15,100.0,GREEN,,,0,False,0,BELOW_OFFICIAL_BAR,TOP_PICK=0,,5.0,IGNORE,IGNORE,NORMAL,0,0,0,0,0,0,0,0,0,CLEAR,,,0,0,0,0,0.0,,,,,,,,,,DISABLED_LOSS_DEFENSE,,,,,,True,False,True,True,True,True,True,True,0.0,0.0,0.0,0.0,0.0,0.0,0.0,0.0,0.0,0.5,False,False,False,2,False,5.2,0.5,G2RR×0.5,,0,0,0,,5.2,0,과열이나 GUARD 미통과 — 레인 제외,False,0.0,0.0,False,,False,True,,0,70.0,42.0,0,1,BLOCK,5일 과열 28.2%,BLOCK,GUARD_BLOCK,1,0.0,신규진입 차단,기존 guard/JULY 차단 · 시장폭 82.2 · 5일 28.2%,67.0,6,61,0,55.25,148,모멘텀확인중(PMS67),-4.0,24624.0,"진입 후 D+1 종가 24,624원(-4%) 이탈 시 익일 조기청산 권고",46.2,"최근 20거래일 유니버스 실측 2일 상승률 46.2% (n=6,245) · 종목별 유의차 미검증",NO_EDGE_VALIDATED,CAUTION,23854.0,28215.0,"⚠️ 과열/추격 주의 · 손절 23,854(-7%)·본전전환 26,932(+5%)·1차익절 28,215(+10%) · ⚡ D+2내 26,163(+2%) 도달 시 절반 익절+잔여 본전 상향 (실측: 초반 급등 후 되돌림 -0.9%)",0,0.0,0,0,알파 60점 (진입선 85점 미달) · 손익비 0.10 · 손실방어 차단,alpha_gate_v32,CASH,0.0,,,0,NEUTRAL,"중립 레짐 — KOSPI 20일선 아래, 시장폭 82% (실측: 본전 구간 → 진입 허용하되 사이즈 50%)",0.5,1,60.4,26932.0,0.3233,1,이 점수 구간의 과거 실측 승률 29% (표본 11693건) · 거래량 밀집가 대비 -43.7% — 가치영역 근접 (실측 표본 적음),중립 레짐 — 사이즈 50% 권장 · 손익비 0.10 <1 — 이길 수 없는 구조 · 추천가 대비 10.7% 이탈 — 추격 주의,29.1,False,OVERHEAT,1,85.0,1,0,26163.0,,,,,1,1.0,,0,58.2,pctl>0.30,0,,0,1.0
255,064400,LG씨엔에스,KOSPI,IT/전기전자,73300,1040.77,71017.4,0.0,0.0,WAIT,OVERHEAT,3,False,0,False,66.4,66.4,51.1,81.8,0.0,0.0,12.5,44.3,81.8,0.0,0.33,2.8,,0,71300.0,65500.0,75900.0,81500.0,,2.17,1.35,92796,1.11,특이사항 없음,0,-4.63,55.4,11.49,TIMING 강점,,5일 급등,"과열(급등·MFI·RSI) — 실측 역신호, 관망",NORMAL,82.2,"컴퓨터 프로그래밍, 시스템 통합 및 관리업",104077431150.0,55.8,25.29,0,0,7.64,23.61,13.47,-0.95,3.24,4.27,12.87,15.24,-23.51,0.552,0.132,1,12.0,1,0,2.03,0.86,0,0,0,1,-1,74160.0,-21.01,0.5335,False,X,▲,62973,▲,O,X,1.76,250,0,1,-1,1,153300.0,enter,100.0,NORMAL+PM_BLOCK_INTRADAY+EF:정상,8.13,4.0,0.8,normal,7.0,v1_sl_first_gap_at_open,NORMAL+PM_BLOCK_INTRADAY+EF:정상,SWING_20D,46,ATR_2x,23,SWING_60D,2,0.0,"컴퓨터 프로그래밍, 시스템 통합 및 관리업",28.983018867924528,12.636603773584905,4.0,64.8,0.0,0.06928473981679985,-0.006763956941789437,0.12698412698412698,OK,0.0,UNVALIDATED_MODEL,70.0,70.0,0.0,6,1,0.5,0.5,0.0,STRUCT+TIMING+SECTOR,default,default,default,70,20260805,20260805,,66.4,66.4,66.4,-12.0,-33.79,FRESH,0.291,,False,0.451,False,MATURE,11693.0,ALPHA_WIN_PROB,0.793,,0.793,0.0,상태 OVERHEAT — 신규진입 상태 아님(사이징 제외),0.5577,0.0,0.0,v40_alpha_tilt,,,,,,True,3.5,,ELITE_SCORE,MATURE,11693,2.4.0,OK,,100.0,ATTACK,OK,OK,OK,OK,OK,OK,OK,0,7,True,True,True,,0,GREEN,,,0.0,AVOID,0,RR 0.33,0,0,0,0,,0.0,S=51≥50,100.0,GREEN,,,0,False,0,BELOW_OFFICIAL_BAR,TOP_PICK=0,,13.0,IGNORE,IGNORE,NORMAL,0,0,0,0,0,0,0,0,0,CLEAR,,,0,0,0,0,0.0,,,,,,,,,,DISABLED_LOSS_DEFENSE,,,,,,True,True,True,True,True,True,True,True,0.0,0.0,0.0,0.0,0.0,0.0,0.0,0.0,0.0,1.0,False,False,False,1,True,12.5,1.0,,,0,0,0,,12.5,0,,False,0.0,0.0,False,,False,True,,0,70.0,42.0,0,1,BLOCK,5일 과열 23.6%,BLOCK,GUARD_BLOCK,1,0.0,신규진입 차단,기존 guard/JULY 차단 · 시장폭 82.2 · 5일 23.6%,75.88,6,34,0,63.71,98,모멘텀확인중(PMS76),-4.0,68448.0,"진입 후 D+1 종가 68,448원(-4%) 이탈 시 익일 조기청산 권고",46.2,"최근 20거래일 유니버스 실측 2일 상승률 46.2% (n=6,245) · 종목별 유의차 미검증",NO_EDGE_VALIDATED,OK,66309.0,78430.0,"손절 66,309(-7%)·본전전환 74,865(+5%)·1차익절 78,430(+10%) · ⚡ D+2내 72,726(+2%) 도달 시 절반 익절+잔여 본전 상향 (실측: 초반 급등 후 되돌림 -0.9%)",0,0.0,0,0,알파 52점 (진입선 85점 미달) · 손익비 0.33 · 손실방어 차단,alpha_gate_v32,CASH,0.0,,,0,NEUTRAL,"중립 레짐 — KOSPI 20일선 아래, 시장폭 82% (실측: 본전 구간 → 진입 허용하되 사이즈 50%)",0.5,1,51.7,74865.0,0.2958,1,이 점수 구간의 과거 실측 승률 29% (표본 11693건) · 거래량 밀집가 대비 +1.1% — 가치영역 근접 (실측 승률 40%),중립 레짐 — 사이즈 50% 권장 · 손익비 0.33 <1 — 이길 수 없는 구조,29.1,False,WAIT,1,85.0,1,0,72726.0,,,,,1,1.0,,0,60.1,pctl>0.30,0,,0,1.0
256,333430,일승,KOSDAQ,조선·기계·설비,4420,193.87,1358.1,0.0,0.0,OVERHEAT,OVERHEAT,5,False,0,False,72.0,72.0,58.3,85.7,0.0,0.0,13.5,48.0,85.7,0.0,0.23,23.3,,0,3585.0,3295.0,4680.0,6420.0,🚀급등시동,2.37,1.65,3916,12.66,특이사항 없음,0,5.26,69.2,29.43,TIMING 강점,,5일 급등,"과열(급등·MFI·RSI) — 실측 역신호, 관망",NORMAL,82.2,선박 및 보트 건조업,19387304288.0,69.0,56.51,0,0,7.8,34.35,46.84,38.56,-25.46,-23.4,42.37,8.33,4.46,0.374,0.016,1,12.0,1,0,1.26,0.86,0,0,0,1,1,2911.5,12.85,0.2439,False,X,▼,4071,▲,O,X,2.2,250,0,-1,-1,1,6580.0,enter,100.0,NORMAL+PM_BLOCK_INTRADAY+EF:정상,8.09,6.0,3.8,normal,7.0,v1_sl_first_gap_at_open,NORMAL+PM_BLOCK_INTRADAY+EF:정상,SWING_20D,23,SWING_60D,2,SWING_120D,2,0.0,선박 및 보트 건조업,27.58121951219512,8.227560975609755,6.0,47.9,0.0,0.12693923723335487,0.005045386565212897,0.29545454545454547,OK,0.0,UNVALIDATED_MODEL,69.0,69.0,0.0,6,1,0.5,0.5,0.0,STRUCT+TIMING+SECTOR,default,default,default,70,20260805,20260805,,72.0,72.0,72.0,-12.0,-33.79,FRESH,0.291,,False,0.496,False,MATURE,11693.0,ALPHA_WIN_PROB,3.776,,1.81,0.0,상태 OVERHEAT — 신규진입 상태 아님(사이징 제외),0.3559,0.0,0.0,v40_alpha_tilt,,,,,,True,5.9,,ELITE_SCORE,MATURE,11693,2.4.0,OK,,100.0,ATTACK,OK,OK,OK,OK,OK,OK,OK,0,7,True,True,True,,0,GREEN,,,0.0,AVOID,0,진입괴리 23.3% · RR 0.23 · 5일 +34%,0,1,0,0,,0.0,S=58≥50 · 이격도29>15,100.0,GREEN,,,0,False,0,BELOW_OFFICIAL_BAR,TOP_PICK=0,,13.0,IGNORE,IGNORE,NORMAL,0,0,0,0,0,0,0,0,0,CLEAR,,,0,0,0,0,0.0,,,,,,,,,,DISABLED_LOSS_DEFENSE,,,,,,True,True,True,True,True,True,True,True,0.0,0.0,0.0,0.0,0.0,0.0,0.0,0.0,0.0,1.0,False,False,False,0,True,13.5,1.0,,,0,0,1,B,13.5,0,"모멘텀 관찰 (과열·가드통과, 상위5 밖 — 매수 아님)",False,0.0,0.0,False,,False,True,,0,70.0,42.0,0,1,BLOCK,5일 과열 34.4%,BLOCK,GUARD_BLOCK,1,0.0,신규진입 차단,기존 guard/JULY 차단 · 시장폭 82.2 · 5일 34.4%,88.08,6,4,0,71.59,45,모멘텀확인강(PMS88),-4.0,3442.0,"진입 후 D+1 종가 3,442원(-4%) 이탈 시 익일 조기청산 권고",46.2,"최근 20거래일 유니버스 실측 2일 상승률 46.2% (n=6,245) · 종목별 유의차 미검증",NO_EDGE_VALIDATED,CAUTION,3334.0,3944.0,"⚠️ 과열/추격 주의 · 손절 3,334(-7%)·본전전환 3,764(+5%)·1차익절 3,944(+10%) · ⚡ D+2내 3,657(+2%) 도달 시 절반 익절+잔여 본전 상향 (실측: 초반 급등 후 되돌림 -0.9%)",0,0.0,0,0,알파 43점 (진입선 85점 미달) · 손익비 0.23 · 손실방어 차단,alpha_gate_v32,CASH,0.0,,,0,NEUTRAL,"중립 레짐 — KOSPI 20일선 아래, 시장폭 82% (실측: 본전 구간 → 진입 허용하되 사이즈 50%)",0.5,1,43.3,3764.0,0.2713,1,이 점수 구간의 과거 실측 승률 29% (표본 11693건) · 거래량 밀집가 대비 +12.7% — 가치영역 근접 (실측 승률 48%) · 저점 상승 추세 5% (바닥이 높아지는 중),중립 레짐 — 사이즈 50% 권장 · 손익비 0.23 <1 — 이길 수 없는 구조 · 추천가 대비 23.3% 이탈 — 추격 주의,29.1,False,OVERHEAT,1,85.0,1,0,3657.0,,,,,1,1.0,,0,86.1,pctl>0.30,0,,0,1.0
257,098460,고영,KOSDAQ,조선·기계·설비,31000,342.64,21143.3,0.0,0.0,OVERHEAT,OVERHEAT,5,False,0,False,53.4,53.4,44.2,62.5,0.0,0.0,10.5,35.6,62.5,21.9,0.05,11.7,,0,27750.0,25500.0,31250.0,33500.0,,2.43,0.81,34134,-3.29,특이사항 없음,3,-11.16,55.5,17.4,,,5일 급등,"과열(급등·MFI·RSI) — 실측 역신호, 관망",NORMAL,82.2,특수 목적용 기계 제조업,34264098525.0,58.5,32.92,0,0,3.68,36.26,16.98,14.39,-23.83,-11.05,18.2,9.96,16.81,0.737,0.343,0,12.0,1,0,1.7,0.98,0,0,0,1,-1,31260.0,-9.18,0.7635,False,X,▲,26640,▲,O,X,2.01,250,0,1,-1,1,44400.0,enter,100.0,NORMAL+PM_BLOCK_INTRADAY+EF:정상,8.11,5.0,1.6,normal,7.0,v1_sl_first_gap_at_open,NORMAL+PM_BLOCK_INTRADAY+EF:정상,SWING_20D,46,ATR_2x,23,SWING_60D,2,0.0,특수 목적용 기계 제조업,27.58121951219512,8.227560975609755,6.0,62.6,0.0,0.09274193548387097,0.0010727120318172662,0.15625,OK,0.0,UNVALIDATED_MODEL,70.60922025782978,70.60922025782978,0.0,6,1,0.5,0.5,0.0,STRUCT+TIMING+SECTOR,default,default,default,70,20260805,20260805,,53.4,53.4,53.4,-12.0,-33.79,FRESH,0.291,,False,0.347,True,MATURE,11693.0,ALPHA_WIN_PROB,1.556,,1.556,0.0,상태 OVERHEAT — 신규진입 상태 아님(사이징 제외),0.3913,0.0,0.0,v40_alpha_tilt,,,,,,True,0.8,,ELITE_SCORE,MATURE,11693,2.4.0,OK,,100.0,ATTACK,OK,OK,OK,OK,OK,OK,OK,0,7,True,True,True,,0,GREEN,,,0.0,AVOID,0,진입괴리 11.7% · RR 0.05 · 5일 +36%,0,1,0,0,,0.0,T=62<70 · 이격도17>15,100.0,GREEN,,,0,False,0,BELOW_OFFICIAL_BAR,TOP_PICK=0,,5.0,IGNORE,IGNORE,NORMAL,0,0,0,0,0,0,0,0,0,CLEAR,,,0,0,0,0,0.0,,,,,,,,,,DISABLED_LOSS_DEFENSE,,,,,,True,False,True,True,True,True,True,True,0.0,0.0,0.0,0.0,0.0,0.0,0.0,0.0,0.0,0.5,False,False,False,2,False,5.2,0.5,G2RR×0.5,,0,0,0,,5.2,0,과열이나 GUARD 미통과 — 레인 제외,False,0.0,0.0,False,,False,True,,0,70.0,42.0,0,1,BLOCK,5일 과열 36.3%,BLOCK,GUARD_BLOCK,1,0.0,신규진입 차단,기존 guard/JULY 차단 · 시장폭 82.2 · 5일 36.3%,67.36,6,59,0,55.82,143,모멘텀확인중(PMS67),-4.0,26640.0,"진입 후 D+1 종가 26,640원(-4%) 이탈 시 익일 조기청산 권고",46.2,"최근 20거래일 유니버스 실측 2일 상승률 46.2% (n=6,245) · 종목별 유의차 미검증",NO_EDGE_VALIDATED,CAUTION,25808.0,30525.0,"⚠️ 과열/추격 주의 · 손절 25,808(-7%)·본전전환 29,138(+5%)·1차익절 30,525(+10%) · ⚡ D+2내 28,305(+2%) 도달 시 절반 익절+잔여 본전 상향 (실측: 초반 급등 후 되돌림 -0.9%)",0,0.0,0,0,알파 42점 (진입선 85점 미달) · 손익비 0.05 · 손실방어 차단,alpha_gate_v32,CASH,0.0,,,0,NEUTRAL,"중립 레짐 — KOSPI 20일선 아래, 시장폭 82% (실측: 본전 구간 → 진입 허용하되 사이즈 50%)",0.5,1,41.5,29138.0,0.2713,1,이 점수 구간의 과거 실측 승률 29% (표본 11693건) · 거래량 밀집가 대비 -3.3% — 가치영역 근접 (실측 표본 적음) · 변동성 응축 3일째 (스퀴즈 — 방향 분출 대기),중립 레짐 — 사이즈 50% 권장 · 손익비 0.05 <1 — 이길 수 없는 구조 · 추천가 대비 11.7% 이탈 — 추격 주의,29.1,False,OVERHEAT,1,85.0,1,0,28305.0,,,,,1,1.0,,0,43.7,pctl>0.30,0,,0,1.0
258,002380,KCC,KOSPI,화학·소재,432000,115.27,37121.3,0.0,0.0,WAIT,OVERHEAT,3,False,0,False,35.8,35.8,22.5,49.2,0.0,0.0,25.3,23.9,49.2,38.5,0.84,3.3,,0,418000.0,384500.0,472000.0,559000.0,,2.23,1.02,500346,-22.59,특이사항 없음,0,-12.27,50.1,5.07,,,5일 급등,"과열(급등·MFI·RSI) — 실측 역신호, 관망",NORMAL,82.2,기타 화학제품 제조업,11527134250.0,46.0,29.18,0,0,8.95,22.55,2.98,-8.47,-28.71,-8.86,5.35,-16.71,-36.64,0.938,0.121,0,12.0,1,0,1.27,0.71,0,0,0,1,-1,450600.0,-13.66,0.4766,False,X,▼,374577,▲,O,X,1.89,250,0,-1,-1,1,656000.0,enter,100.0,NORMAL+PM_BLOCK_INTRADAY+EF:정상,8.01,5.0,1.6,normal,7.0,v1_sl_first_gap_at_open,NORMAL+PM_BLOCK_INTRADAY+EF:정상,SWING_20D,23,VP_RESISTANCE,5,SWING_60D,2,0.0,기타 화학제품 제조업,18.9472,9.67,10.0,75.5,0.0,0.07126322751322751,-0.0022986015683687236,0.08823529411764706,OK,0.0,UNVALIDATED_MODEL,57.77020235838168,57.77020235838168,0.0,6,1,0.5,0.5,0.0,STRUCT+TIMING+SECTOR,default,default,default,70,20260805,20260805,,35.8,35.8,35.8,-12.0,-33.79,FRESH,0.289,,False,0.3,True,MATURE,11693.0,ALPHA_WIN_PROB,1.612,,1.612,0.0,상태 OVERHEAT — 신규진입 상태 아님(사이징 제외),0.3829,0.0,0.0,v40_alpha_tilt,,,,,,True,9.3,,ELITE_SCORE,MATURE,11693,2.4.0,OK,,100.0,ATTACK,OK,OK,OK,OK,OK,OK,OK,0,7,True,True,True,,0,GREEN,,,0.0,AVOID,0,진입괴리 3.3% · RR 0.84,0,0,0,0,,0.0,T=49<70,100.0,GREEN,,,0,False,0,BELOW_OFFICIAL_BAR,TOP_PICK=0,,5.0,IGNORE,IGNORE,NORMAL,0,0,0,0,0,0,0,0,0,CLEAR,,,0,0,0,0,0.0,,,,,,,,,,DISABLED_LOSS_DEFENSE,,,,,,True,False,True,True,True,True,True,True,0.0,0.0,0.0,0.0,0.0,0.0,0.0,0.0,0.0,0.5,False,False,False,2,False,12.6,0.5,G2RR×0.5,,0,0,0,,12.6,0,,False,0.0,0.0,False,,False,True,,0,66.0,47.0,0,1,BLOCK,5일 과열 22.6%,BLOCK,GUARD_BLOCK,1,0.0,신규진입 차단,기존 guard/JULY 차단 · 시장폭 82.2 · 5일 22.6%,54.08,6,143,0,66.67,78,,-4.0,401280.0,"진입 후 D+1 종가 401,280원(-4%) 이탈 시 익일 조기청산 권고",46.2,"최근 20거래일 유니버스 실측 2일 상승률 46.2% (n=6,245) · 종목별 유의차 미검증",NO_EDGE_VALIDATED,OK,388740.0,459800.0,"손절 388,740(-7%)·본전전환 438,900(+5%)·1차익절 459,800(+10%) · ⚡ D+2내 426,360(+2%) 도달 시 절반 익절+잔여 본전 상향 (실측: 초반 급등 후 되돌림 -0.9%)",0,0.0,0,0,알파 55점 (진입선 85점 미달) · 손익비 0.84 · 손실방어 차단,alpha_gate_v32,CASH,0.0,,,0,NEUTRAL,"중립 레짐 — KOSPI 20일선 아래, 시장폭 82% (실측: 본전 구간 → 진입 허용하되 사이즈 50%)",0.5,1,54.8,438900.0,0.2958,1,이 점수 구간의 과거 실측 승률 29% (표본 11693건) · 거래량 밀집가 대비 -22.6% — 가치영역 근접 (실측 표본 적음),중립 레짐 — 사이즈 50% 권장 · 손익비 0.84 <1 — 이길 수 없는 구조 · 추천가 대비 3.3% 이탈 — 추격 주의,28.9,False,WAIT,1,85.0,1,0,426360.0,,,,,1,1.0,,0,39.9,pctl>0.30,0,,0,1.0
259,032500,케이엠더블유,KOSDAQ,IT/전기전자,17090,60.51,7210.6,0.0,0.0,OVERHEAT,OVERHEAT,5,False,0,False,34.5,34.5,26.7,42.3,0.0,0.0,24.2,23.0,42.3,47.1,1.47,1.5,RR1.5 + 진입적정,0,16830.0,15480.0,19450.0,20350.0,,-0.04,1.51,28039,-42.24,특이사항 없음,0,-10.04,52.1,12.63,거래품질 우수,,5일 급등,"과열(급등·MFI·RSI) — 실측 역신호, 관망",NORMAL,82.2,통신 및 방송 장비 제조업,6050846340.0,54.4,33.72,0,0,5.17,28.5,16.18,6.81,-49.59,-7.62,10.62,-15.8,20.24,0.917,0.074,0,12.0,1,0,2.31,0.68,0,0,0,1,-1,17914.0,-39.05,0.6282,False,X,▼,14611,▲,O,X,12.98,250,0,-1,-1,1,40000.0,hold,0.0,NORMAL+PM_BLOCK_INTRADAY+EF:갭 12%+ 진입 보류+ENTRY:hold,8.02,5.0,1.9,normal,7.0,v1_sl_first_gap_at_open,NORMAL+PM_BLOCK_INTRADAY+EF:갭 12%+ 진입 보류+ENTRY:hold,SWING_20D,46,ATR_2x,23,SWING_60D,2,0.0,통신 및 방송 장비 제조업,28.983018867924528,12.636603773584905,4.0,65.7,0.0,0.10290061021482906,0.0008071030561271226,0.0,OK,0.0,UNVALIDATED_MODEL,57.002429059881344,57.002429059881344,0.0,6,1,0.5,0.5,0.0,STRUCT+TIMING+SECTOR,default,default,default,70,20260805,20260805,,34.5,34.5,34.5,-12.0,-33.79,FRESH,0.291,,False,0.3,True,MATURE,11693.0,ALPHA_WIN_PROB,1.941,,1.81,0.0,상태 OVERHEAT — 신규진입 상태 아님(사이징 제외),0.3559,0.0,0.0,v40_alpha_tilt,,,,,,True,13.8,,ELITE_SCORE,MATURE,11693,2.4.0,OK,,100.0,ATTACK,OK,OK,OK,OK,OK,OK,OK,0,7,True,True,True,,0,GREEN,,,0.0,AVOID,0,5일 +28%,0,1,0,0,,0.0,T=42<70,100.0,GREEN,,,0,False,0,BELOW_OFFICIAL_BAR,TOP_PICK=0,,15.0,IGNORE,IGNORE,NORMAL,0,0,0,0,0,0,0,0,0,CLEAR,,,0,0,0,0,0.0,,,,,,,,,,DISABLED_LOSS_DEFENSE,,,,,,True,False,True,True,True,True,True,True,0.0,0.0,0.0,0.0,0.0,0.0,0.0,0.0,0.0,0.5,False,False,False,2,False,12.1,0.5,G2RR×0.5,,0,0,0,,12.1,0,과열이나 GUARD 미통과 — 레인 제외,False,0.0,0.0,False,,False,True,,0,66.0,47.0,0,1,BLOCK,5일 과열 28.5%,BLOCK,GUARD_BLOCK,1,0.0,신규진입 차단,기존 guard/JULY 차단 · 시장폭 82.2 · 5일 28.5%,45.43,6,197,0,60.87,111,,-4.0,16157.0,"진입 후 D+1 종가 16,157원(-4%) 이탈 시 익일 조기청산 권고",46.2,"최근 20거래일 유니버스 실측 2일 상승률 46.2% (n=6,245) · 종목별 유의차 미검증",NO_EDGE_VALIDATED,CAUTION,15652.0,18513.0,"⚠️ 과열/추격 주의 · 손절 15,652(-7%)·본전전환 17,672(+5%)·1차익절 18,513(+10%) · ⚡ D+2내 17,167(+2%) 도달 시 절반 익절+잔여 본전 상향 (실측: 초반 급등 후 되돌림 -0.9%)",0,0.0,0,0,알파 35점 (진입선 85점 미달) · 손실방어 차단,alpha_gate_v32,CASH,0.0,,,0,NEUTRAL,"중립 레짐 — KOSPI 20일선 아래, 시장폭 82% (실측: 본전 구간 → 진입 허용하되 사이즈 50%)",0.5,1,35.0,17672.0,0.2433,1,이 점수 구간의 과거 실측 승률 29% (표본 11693건) · 거래량 밀집가 대비 -42.2% — 가치영역 근접 (실측 표본 적음) · 손익비 1.5 (손절 -9.4% / 1차목표 +13.8%),중립 레짐 — 사이즈 50% 권장,29.1,True,OVERHEAT,1,85.0,1,0,17167.0,,,,,1,1.0,,0,44.9,pctl>0.30,0,,0,1.0
260,050890,쏠리드,KOSDAQ,IT/전기전자,10070,242.65,6118.2,0.0,0.0,OVERHEAT,OVERHEAT,5,False,0,False,51.6,51.6,53.7,49.4,0.0,0.0,33.2,34.4,53.7,32.9,0.81,1.5,진입적정,0,9920.0,9120.0,10840.0,11490.0,,0.74,2.72,14686,-33.55,특이사항 없음,0,-15.2,50.7,9.52,거래품질 우수,,5일 급등,"과열(급등·MFI·RSI) — 실측 역신호, 관망",NORMAL,82.2,통신 및 방송 장비 제조업,24264601830.0,60.2,33.34,0,0,4.57,30.27,10.66,1.41,-44.67,17.37,5.22,-10.88,45.23,0.921,0.062,0,12.0,1,0,2.09,0.79,0,0,0,1,1,7647.0,-31.43,0.7372,False,X,▼,8493,▲,O,X,8.93,250,0,-1,1,1,19260.0,split,50.0,NORMAL+PM_BLOCK_INTRADAY+EF:갭 7%+ 분할 진입+ENTRY:split,8.06,5.0,1.1,normal,7.0,v1_sl_first_gap_at_open,NORMAL+PM_BLOCK_INTRADAY+EF:갭 7%+ 분할 진입+ENTRY:split,SWING_20D,46,ATR_2x,23,SWING_60D,2,0.0,통신 및 방송 장비 제조업,28.983018867924528,12.636603773584905,4.0,55.8,0.0,0.07795431976166832,0.0003504268642900402,0.1375,OK,0.0,UNVALIDATED_MODEL,58.86920435865072,58.86920435865072,0.0,6,1,0.5,0.5,0.0,STRUCT+TIMING+SECTOR,default,default,default,70,20260805,20260805,,51.6,51.6,51.6,-12.0,-33.79,FRESH,0.254,,False,0.333,True,MATURE,11693.0,ALPHA_WIN_PROB,1.15,,1.15,0.0,상태 OVERHEAT — 신규진입 상태 아님(사이징 제외),0.4651,0.0,0.0,v40_alpha_tilt,,,,,,True,7.6,,ELITE_SCORE,MATURE,11693,2.4.0,OK,,100.0,ATTACK,OK,OK,OK,OK,OK,OK,OK,0,7,True,True,True,,0,GREEN,,,0.0,AVOID,0,RR 0.81 · 5일 +30%,0,1,0,0,,0.0,T=49<70 · S=54≥50,100.0,GREEN,,,0,False,0,BELOW_OFFICIAL_BAR,TOP_PICK=0,,5.0,IGNORE,IGNORE,NORMAL,0,0,0,0,0,0,0,0,0,CLEAR,,,0,0,0,0,0.0,,,,,,,,,,DISABLED_LOSS_DEFENSE,,,,,,True,False,True,True,True,True,True,True,0.0,0.0,0.0,0.0,0.0,0.0,0.0,0.0,0.0,0.5,False,False,False,1,False,16.6,0.5,G2RR×0.5,,0,0,0,,16.6,0,과열이나 GUARD 미통과 — 레인 제외,False,0.0,0.0,False,,False,True,,0,66.0,47.0,0,1,BLOCK,5일 과열 30.3%,BLOCK,GUARD_BLOCK,1,0.0,신규진입 차단,기존 guard/JULY 차단 · 시장폭 82.2 · 5일 30.3%,60.76,6,93,0,76.82,27,모멘텀확인중(PMS61),-4.0,9523.0,"진입 후 D+1 종가 9,523원(-4%) 이탈 시 익일 조기청산 권고",46.2,"최근 20거래일 유니버스 실측 2일 상승률 46.2% (n=6,245) · 종목별 유의차 미검증",NO_EDGE_VALIDATED,CAUTION,9226.0,10912.0,"⚠️ 과열/추격 주의 · 손절 9,226(-7%)·본전전환 10,416(+5%)·1차익절 10,912(+10%) · ⚡ D+2내 10,118(+2%) 도달 시 절반 익절+잔여 본전 상향 (실측: 초반 급등 후 되돌림 -0.9%)",0,0.0,0,0,알파 35점 (진입선 85점 미달) · 손익비 0.81 · 손실방어 차단,alpha_gate_v32,CASH,0.0,,,0,NEUTRAL,"중립 레짐 — KOSPI 20일선 아래, 시장폭 82% (실측: 본전 구간 → 진입 허용하되 사이즈 50%)",0.5,1,34.7,10416.0,0.2433,1,이 점수 구간의 과거 실측 승률 25% (표본 11693건) · 거래량 밀집가 대비 -33.5% — 가치영역 근접 (실측 표본 적음),중립 레짐 — 사이즈 50% 권장 · 손익비 0.81 <1 — 이길 수 없는 구조,25.4,False,OVERHEAT,1,85.0,1,0,10118.0,,,,,0,1.0,,0,29.7,pctl>0.30,0,,0,1.0
261,310210,보로노이,KOSDAQ,기타,147500,179.47,27203.6,0.0,0.0,OVERHEAT,OVERHEAT,5,False,0,False,41.2,41.2,14.6,67.8,0.0,0.0,29.0,27.5,67.8,15.2,1.72,3.9,RR1.7,0,142000.0,130600.0,176500.0,299000.0,,3.46,1.26,196380,-49.91,특이사항 없음,0,-20.28,48.9,9.47,,,5일 급등,"과열(급등·MFI·RSI) — 실측 역신호, 관망",NORMAL,82.2,자연과학 및 공학 연구개발업,17946559750.0,42.1,57.43,0,0,7.27,37.98,17.62,-16.1,-48.15,-32.49,-12.29,-14.36,-4.63,0.906,0.046,0,12.0,0,0,1.21,0.63,0,0,0,1,1,101220.0,-24.89,1.0269,False,X,▼,112154,▲,O,X,-0.65,250,0,-1,-1,1,375500.0,enter,100.0,NORMAL+PM_BLOCK_INTRADAY+EF:정상,8.03,5.0,3.0,normal,7.0,v1_sl_first_gap_at_open,NORMAL+PM_BLOCK_INTRADAY+EF:정상,SWING_20D,12,SWING_60D,2,SWING_120D,2,0.0,자연과학 및 공학 연구개발업,22.15142857142857,8.541428571428572,9.0,72.7,0.0,0.08871670702179177,-0.09545079334201007,0.2064516129032258,OK,0.0,UNVALIDATED_MODEL,70.0,70.0,0.0,6,1,0.5,0.5,0.0,STRUCT+TIMING+SECTOR,default,default,default,70,20260805,20260805,,41.2,41.2,41.2,-12.0,-33.79,FRESH,0.273,,False,0.3,True,MATURE,11693.0,ALPHA_WIN_PROB,3.026,,1.81,0.0,상태 OVERHEAT — 신규진입 상태 아님(사이징 제외),0.3559,0.0,0.0,v40_alpha_tilt,,,,,,True,19.7,,ELITE_SCORE,MATURE,11693,2.4.0,OK,,100.0,ATTACK,OK,OK,OK,OK,OK,OK,OK,0,7,True,True,True,,0,GREEN,,,0.0,AVOID,0,진입괴리 3.9% · 5일 +38%,0,1,0,0,,0.0,T=68<70,100.0,GREEN,,,0,False,0,BELOW_OFFICIAL_BAR,TOP_PICK=0,,15.0,IGNORE,IGNORE,NORMAL,0,0,0,0,0,0,0,0,0,CLEAR,,,0,0,0,0,0.0,,,,,,,,,,DISABLED_LOSS_DEFENSE,,,,,,True,False,True,True,True,True,True,True,0.0,0.0,0.0,0.0,0.0,0.0,0.0,0.0,0.0,0.5,False,False,False,1,False,14.5,0.5,G2RR×0.5,,0,0,0,,14.5,0,과열이나 GUARD 미통과 — 레인 제외,False,0.0,0.0,False,,False,True,,0,66.0,44.0,0,1,BLOCK,5일 과열 38.0%,BLOCK,GUARD_BLOCK,1,0.0,신규진입 차단,기존 guard/JULY 차단 · 시장폭 82.2 · 5일 38.0%,59.37,6,102,0,73.34,37,,-4.0,136320.0,"진입 후 D+1 종가 136,320원(-4%) 이탈 시 익일 조기청산 권고",46.2,"최근 20거래일 유니버스 실측 2일 상승률 46.2% (n=6,245) · 종목별 유의차 미검증",NO_EDGE_VALIDATED,CAUTION,132060.0,156200.0,"⚠️ 과열/추격 주의 · 손절 132,060(-7%)·본전전환 149,100(+5%)·1차익절 156,200(+10%) · ⚡ D+2내 144,840(+2%) 도달 시 절반 익절+잔여 본전 상향 (실측: 초반 급등 후 되돌림 -0.9%)",0,0.0,0,0,알파 38점 (진입선 85점 미달) · 손실방어 차단,alpha_gate_v32,CASH,0.0,,,0,NEUTRAL,"중립 레짐 — KOSPI 20일선 아래, 시장폭 82% (실측: 본전 구간 → 진입 허용하되 사이즈 50%)",0.5,1,37.5,149100.0,0.2433,1,이 점수 구간의 과거 실측 승률 27% (표본 11693건) · 거래량 밀집가 대비 -49.9% — 가치영역 근접 (실측 표본 적음) · 손익비 1.7 (손절 -11.5% / 1차목표 +19.7%),중립 레짐 — 사이즈 50% 권장 · 추천가 대비 3.9% 이탈 — 추격 주의,27.3,True,OVERHEAT,1,85.0,1,0,144840.0,,,,,0,1.0,,0,18.6,pctl>0.30,0,,0,1.0
262,417200,LS머트리얼즈,KOSDAQ,IT/전기전자,12000,61.3,8118.3,0.0,0.0,OVERHEAT,OVERHEAT,5,False,0,False,33.4,33.4,19.2,47.6,0.0,0.0,23.9,22.3,47.6,40.5,1.68,1.5,RR1.7 + 진입적정,0,11820.0,10870.0,13900.0,27750.0,,2.9,0.81,18463,-44.77,특이사항 없음,0,-15.53,48.0,5.95,,,5일 급등,"과열(급등·MFI·RSI) — 실측 역신호, 관망",NORMAL,82.2,전자부품 제조업,6129936145.0,43.9,35.33,0,0,4.44,27.93,7.91,-8.26,-54.89,-20.11,-4.45,-21.1,7.75,0.979,0.012,0,12.0,1,0,1.24,0.63,0,0,0,1,-1,12543.0,-35.01,0.6787,False,X,▼,10302,▲,O,X,3.57,250,0,-1,-1,1,32750.0,enter,100.0,NORMAL+PM_BLOCK_INTRADAY+EF:정상,8.04,5.0,2.2,normal,7.0,v1_sl_first_gap_at_open,NORMAL+PM_BLOCK_INTRADAY+EF:정상,SWING_20D,23,SWING_60D,2,SWING_120D,2,0.0,전자부품 제조업,28.983018867924528,12.636603773584905,4.0,62.3,0.0,0.08910714285714286,-0.0063569653856521266,0.3269230769230769,OK,0.0,UNVALIDATED_MODEL,52.77646835604709,52.77646835604709,0.0,6,1,0.5,0.5,0.0,STRUCT+TIMING+SECTOR,default,default,default,70,20260805,20260805,,33.4,33.4,33.4,-12.0,-33.79,FRESH,0.291,,False,0.3,True,MATURE,11693.0,ALPHA_WIN_PROB,2.189,,1.81,0.0,상태 OVERHEAT — 신규진입 상태 아님(사이징 제외),0.3559,0.0,0.0,v40_alpha_tilt,,,,,,True,15.8,,ELITE_SCORE,MATURE,11693,2.4.0,OK,,100.0,ATTACK,OK,OK,OK,OK,OK,OK,OK,0,7,True,True,True,,0,GREEN,,,0.0,AVOID,0,5일 +28%,0,1,0,0,,0.0,T=48<70,100.0,GREEN,,,0,False,0,BELOW_OFFICIAL_BAR,TOP_PICK=0,,15.0,IGNORE,IGNORE,NORMAL,0,0,0,0,0,0,0,0,0,CLEAR,,,0,0,0,0,0.0,,,,,,,,,,DISABLED_LOSS_DEFENSE,,,,,,True,False,True,True,True,True,True,True,0.0,0.0,0.0,0.0,0.0,0.0,0.0,0.0,0.0,0.5,False,False,False,2,False,12.0,0.5,G2RR×0.5,,0,0,0,,12.0,0,과열이나 GUARD 미통과 — 레인 제외,False,0.0,0.0,False,,False,True,,0,66.0,44.0,0,1,BLOCK,5일 과열 27.9%,BLOCK,GUARD_BLOCK,1,0.0,신규진입 차단,기존 guard/JULY 차단 · 시장폭 82.2 · 5일 27.9%,36.97,6,240,0,56.41,138,,-4.0,11347.0,"진입 후 D+1 종가 11,347원(-4%) 이탈 시 익일 조기청산 권고",46.2,"최근 20거래일 유니버스 실측 2일 상승률 46.2% (n=6,245) · 종목별 유의차 미검증",NO_EDGE_VALIDATED,CAUTION,10993.0,13002.0,"⚠️ 과열/추격 주의 · 손절 10,993(-7%)·본전전환 12,411(+5%)·1차익절 13,002(+10%) · ⚡ D+2내 12,056(+2%) 도달 시 절반 익절+잔여 본전 상향 (실측: 초반 급등 후 되돌림 -0.9%)",0,0.0,0,0,알파 36점 (진입선 85점 미달) · 손실방어 차단,alpha_gate_v32,CASH,0.0,,,0,NEUTRAL,"중립 레짐 — KOSPI 20일선 아래, 시장폭 82% (실측: 본전 구간 → 진입 허용하되 사이즈 50%)",0.5,1,35.6,12411.0,0.2433,1,이 점수 구간의 과거 실측 승률 29% (표본 11693건) · 거래량 밀집가 대비 -44.8% — 가치영역 근접 (실측 표본 적음) · 손익비 1.7 (손절 -9.4% / 1차목표 +15.8%),중립 레짐 — 사이즈 50% 권장,29.1,True,OVERHEAT,1,85.0,1,0,12056.0,,,,,0,1.0,,0,28.8,pctl>0.30,0,,0,1.0
263,001440,대한전선,KOSPI,기타,28450,1021.61,55759.9,0.0,0.0,OVERHEAT,OVERHEAT,5,False,0,False,44.4,44.4,34.7,54.0,0.0,0.0,30.0,29.6,54.0,32.5,0.95,3.6,,0,27450.0,25250.0,31500.0,32250.0,,2.31,1.6,43856,-32.23,특이사항 없음,0,-16.12,47.4,6.04,거래품질 우수,,5일 급등,"과열(급등·MFI·RSI) — 실측 역신호, 관망",NORMAL,82.2,절연선 및 케이블 제조업,102161446850.0,56.6,40.31,0,0,11.57,28.15,3.64,-6.87,-60.65,-10.53,6.95,-48.65,-38.31,0.966,0.199,0,12.0,1,0,3.94,0.72,0,0,0,1,-1,30425.0,-35.13,0.5976,False,X,▼,23518,▲,O,X,3.73,250,0,-1,-1,1,33150.0,split,50.0,NORMAL+PM_BLOCK_INTRADAY+EF:당일 10%+ 급등 분할 진입+ENTRY:split,8.01,4.0,1.8,normal,7.0,v1_sl_first_gap_at_open,NORMAL+PM_BLOCK_INTRADAY+EF:당일 10%+ 급등 분할 진입+ENTRY:split,SWING_20D,46,BB_UPPER,23,ATR_2x,23,0.0,절연선 및 케이블 제조업,22.15142857142857,8.541428571428572,9.0,44.9,0.0,0.09954807933718303,0.0006322580084928909,0.09259259259259259,OK,0.0,UNVALIDATED_MODEL,62.14134521167829,62.14134521167829,0.0,6,1,0.5,0.5,0.0,STRUCT+TIMING+SECTOR,default,default,default,70,20260805,20260805,,44.4,44.4,44.4,-12.0,-33.79,FRESH,0.268,,False,0.3,True,MATURE,11693.0,ALPHA_WIN_PROB,1.841,,1.81,0.0,상태 OVERHEAT — 신규진입 상태 아님(사이징 제외),0.3559,0.0,0.0,v40_alpha_tilt,,,,,,True,10.7,,ELITE_SCORE,MATURE,11693,2.4.0,OK,,100.0,ATTACK,OK,OK,OK,OK,OK,OK,OK,0,7,True,True,True,,0,GREEN,,,0.0,AVOID,0,진입괴리 3.6% · RR 0.95 · 5일 +28%,0,1,0,0,,0.0,T=54<70 · 전일+12%,100.0,GREEN,,,0,False,0,BELOW_OFFICIAL_BAR,TOP_PICK=0,,5.0,IGNORE,IGNORE,NORMAL,0,0,0,0,0,0,0,0,0,CLEAR,,,0,0,0,0,0.0,,,,,,,,,,DISABLED_LOSS_DEFENSE,,,,,,True,False,True,True,True,True,True,True,0.0,0.0,0.0,0.0,0.0,0.0,0.0,0.0,0.0,0.5,False,False,False,2,False,15.0,0.5,G2RR×0.5,,0,0,0,,15.0,0,과열이나 GUARD 미통과 — 레인 제외,False,0.0,0.0,False,,False,True,,0,66.0,44.0,0,1,BLOCK,5일 과열 28.1%,BLOCK,GUARD_BLOCK,1,0.0,신규진입 차단,기존 guard/JULY 차단 · 시장폭 82.2 · 5일 28.1%,62.07,6,85,0,75.15,32,모멘텀확인중(PMS62),-4.0,26352.0,"진입 후 D+1 종가 26,352원(-4%) 이탈 시 익일 조기청산 권고",46.2,"최근 20거래일 유니버스 실측 2일 상승률 46.2% (n=6,245) · 종목별 유의차 미검증",NO_EDGE_VALIDATED,CAUTION,25528.0,30195.0,"⚠️ 과열/추격 주의 · 손절 25,528(-7%)·본전전환 28,822(+5%)·1차익절 30,195(+10%) · ⚡ D+2내 27,999(+2%) 도달 시 절반 익절+잔여 본전 상향 (실측: 초반 급등 후 되돌림 -0.9%)",0,0.0,0,0,알파 34점 (진입선 85점 미달) · 손익비 0.95 · 손실방어 차단,alpha_gate_v32,CASH,0.0,,,0,NEUTRAL,"중립 레짐 — KOSPI 20일선 아래, 시장폭 82% (실측: 본전 구간 → 진입 허용하되 사이즈 50%)",0.5,1,33.7,28822.0,0.2433,1,이 점수 구간의 과거 실측 승률 27% (표본 11693건) · 거래량 밀집가 대비 -32.2% — 가치영역 근접 (실측 표본 적음),중립 레짐 — 사이즈 50% 권장 · 손익비 0.95 <1 — 이길 수 없는 구조 · 추천가 대비 3.6% 이탈 — 추격 주의,26.8,False,OVERHEAT,1,85.0,1,0,27999.0,,,,,0,1.0,,0,27.2,pctl>0.30,0,,0,1.0
264,368770,파이버프로,KOSDAQ,기타,13200,77.3,4336.8,0.0,0.0,OVERHEAT,OVERHEAT,5,False,0,False,15.8,15.8,22.6,8.9,0.0,0.0,10.2,10.5,22.6,71.8,1.02,1.5,RR1.0 + 진입적정,0,13000.0,11960.0,14470.0,15360.0,,1.67,3.69,17472,-43.24,특이사항 없음,0,-13.73,54.4,11.03,,,5일 급등,"과열(급등·MFI·RSI) — 실측 역신호, 관망",NORMAL,82.2,"측정, 시험, 항해, 제어 및 기타 정밀기기 제조업; 광학기기 제외",7729510240.0,56.6,32.69,0,0,5.6,28.53,11.86,3.94,-40.54,-12.29,7.75,-6.75,15.57,0.981,0.08,0,12.0,1,0,1.39,0.75,0,0,0,1,1,9566.0,-24.45,0.6443,False,X,▼,11187,▲,O,X,4.16,250,0,-1,-1,1,25350.0,enter,100.0,NORMAL+PM_BLOCK_INTRADAY+EF:정상,8.0,6.0,1.4,normal,7.0,v1_sl_first_gap_at_open,NORMAL+PM_BLOCK_INTRADAY+EF:정상,SWING_20D,46,ATR_2x,23,SWING_60D,2,0.0,"측정, 시험, 항해, 제어 및 기타 정밀기기 제조업; 광학기기 제외",22.15142857142857,8.541428571428572,9.0,90.0,0.0,0.08928571428571429,-0.0016439885339195397,0.7383720930232558,OK,0.0,UNVALIDATED_MODEL,16.98486977829428,16.98486977829428,0.0,6,1,0.5,0.5,0.0,STRUCT+TIMING+SECTOR,default,default,default,70,20260805,20260805,,15.8,15.8,15.8,-12.0,-33.79,FRESH,0.291,,False,0.3,True,MATURE,11693.0,ALPHA_WIN_PROB,1.413,,1.413,0.0,상태 OVERHEAT — 신규진입 상태 아님(사이징 제외),0.4143,0.0,0.0,v40_alpha_tilt,,,,,,True,9.6,,ELITE_SCORE,MATURE,11693,2.4.0,OK,,100.0,ATTACK,OK,OK,OK,OK,OK,OK,OK,0,7,True,True,True,,0,GREEN,,,0.0,AVOID,0,RR 1.02 · 5일 +29%,0,1,0,0,,0.0,T=9<70,100.0,GREEN,,,0,False,0,BELOW_OFFICIAL_BAR,TOP_PICK=0,,10.0,IGNORE,IGNORE,NORMAL,0,0,0,0,0,0,0,0,0,CLEAR,,,0,0,0,0,0.0,,,,,,,,,,DISABLED_LOSS_DEFENSE,,,,,,True,False,True,True,True,True,True,True,0.0,0.0,0.0,0.0,0.0,0.0,0.0,0.0,0.0,0.5,False,False,False,1,False,5.1,0.5,G2RR×0.5,,0,0,0,,5.1,0,과열이나 GUARD 미통과 — 레인 제외,False,0.0,0.0,False,,False,True,,0,66.0,43.0,0,1,BLOCK,5일 과열 28.5%,BLOCK,GUARD_BLOCK,1,0.0,신규진입 차단,기존 guard/JULY 차단 · 시장폭 82.2 · 5일 28.5%,44.09,6,209,0,42.94,213,,-4.0,12480.0,"진입 후 D+1 종가 12,480원(-4%) 이탈 시 익일 조기청산 권고",46.2,"최근 20거래일 유니버스 실측 2일 상승률 46.2% (n=6,245) · 종목별 유의차 미검증",NO_EDGE_VALIDATED,CAUTION,12090.0,14300.0,"⚠️ 과열/추격 주의 · 손절 12,090(-7%)·본전전환 13,650(+5%)·1차익절 14,300(+10%) · ⚡ D+2내 13,260(+2%) 도달 시 절반 익절+잔여 본전 상향 (실측: 초반 급등 후 되돌림 -0.9%)",0,0.0,0,0,알파 37점 (진입선 85점 미달) · 손익비 1.02 · 손실방어 차단,alpha_gate_v32,CASH,0.0,,,0,NEUTRAL,"중립 레짐 — KOSPI 20일선 아래, 시장폭 82% (실측: 본전 구간 → 진입 허용하되 사이즈 50%)",0.5,1,37.2,13650.0,0.2433,1,이 점수 구간의 과거 실측 승률 29% (표본 11693건) · 거래량 밀집가 대비 -43.2% — 가치영역 근접 (실측 표본 적음) · 손익비 1.0 (손절 -9.4% / 1차목표 +9.6%),중립 레짐 — 사이즈 50% 권장,29.1,True,OVERHEAT,1,85.0,1,0,13260.0,,,,,1,1.0,,0,35.4,pctl>0.30,0,,0,1.0
265,454910,두산로보틱스,KOSPI,조선·기계·설비,73000,418.69,47318.6,0.0,0.0,OVERHEAT,OVERHEAT,5,False,0,False,40.4,40.4,33.6,47.1,0.0,0.0,8.3,26.9,47.1,41.1,0.57,1.5,진입적정,0,71900.0,66100.0,76900.0,84800.0,,2.74,0.87,113205,-30.21,특이사항 없음,0,-9.21,52.3,10.06,거래품질 우수,,5일 급등,"과열(급등·MFI·RSI) — 실측 역신호, 관망",NORMAL,82.2,특수 목적용 기계 제조업,41868826100.0,60.0,31.09,0,0,6.57,26.96,7.99,-7.36,-27.72,-32.28,6.46,-15.72,-60.06,0.914,0.038,0,12.0,1,0,3.3,0.83,0,0,0,1,-1,77500.0,-35.52,0.7255,False,X,▼,61815,▲,O,X,2.92,250,0,-1,-1,1,170000.0,enter,100.0,NORMAL+PM_BLOCK_INTRADAY+EF:정상,8.07,5.0,0.9,normal,7.0,v1_sl_first_gap_at_open,NORMAL+PM_BLOCK_INTRADAY+EF:정상,SWING_20D,46,ATR_2x,23,SWING_60D,2,0.0,특수 목적용 기계 제조업,27.58121951219512,8.227560975609755,6.0,30.2,0.0,0.087866927592955,0.023182404841489698,0.08695652173913043,OK,0.0,UNVALIDATED_MODEL,52.28243533043292,52.28243533043292,0.0,6,1,0.5,0.5,0.0,STRUCT+TIMING+SECTOR,default,default,default,70,20260805,20260805,,40.4,40.4,40.4,-12.0,-33.79,FRESH,0.291,,False,0.3,True,MATURE,11693.0,ALPHA_WIN_PROB,0.862,,0.862,0.0,상태 OVERHEAT — 신규진입 상태 아님(사이징 제외),0.537,0.0,0.0,v40_alpha_tilt,,,,,,True,5.3,,ELITE_SCORE,MATURE,11693,2.4.0,OK,,100.0,ATTACK,OK,OK,OK,OK,OK,OK,OK,0,7,True,True,True,,0,GREEN,,,0.0,AVOID,0,RR 0.57 · 5일 +27%,0,1,0,0,,0.0,T=47<70,100.0,GREEN,,,0,False,0,BELOW_OFFICIAL_BAR,TOP_PICK=0,,5.0,IGNORE,IGNORE,NORMAL,0,0,0,0,0,0,0,0,0,CLEAR,,,0,0,0,0,0.0,,,,,,,,,,DISABLED_LOSS_DEFENSE,,,,,,True,False,True,True,True,True,True,True,0.0,0.0,0.0,0.0,0.0,0.0,0.0,0.0,0.0,0.5,False,False,False,2,False,4.2,0.5,G2RR×0.5,,0,0,0,,4.2,0,과열이나 GUARD 미통과 — 레인 제외,False,0.0,0.0,False,,False,True,,0,66.0,42.0,0,1,BLOCK,5일 과열 27.0%,BLOCK,GUARD_BLOCK,1,0.0,신규진입 차단,기존 guard/JULY 차단 · 시장폭 82.2 · 5일 27.0%,52.68,6,153,0,42.52,214,,-4.0,69024.0,"진입 후 D+1 종가 69,024원(-4%) 이탈 시 익일 조기청산 권고",46.2,"최근 20거래일 유니버스 실측 2일 상승률 46.2% (n=6,245) · 종목별 유의차 미검증",NO_EDGE_VALIDATED,CAUTION,66867.0,79090.0,"⚠️ 과열/추격 주의 · 손절 66,867(-7%)·본전전환 75,495(+5%)·1차익절 79,090(+10%) · ⚡ D+2내 73,338(+2%) 도달 시 절반 익절+잔여 본전 상향 (실측: 초반 급등 후 되돌림 -0.9%)",0,0.0,0,0,알파 76점 (진입선 85점 미달) · 손익비 0.57 · 손실방어 차단,alpha_gate_v32,CASH,0.0,,,0,NEUTRAL,"중립 레짐 — KOSPI 20일선 아래, 시장폭 82% (실측: 본전 구간 → 진입 허용하되 사이즈 50%)",0.5,1,76.2,75495.0,0.3379,1,이 점수 구간의 과거 실측 승률 29% (표본 11693건) · 거래량 밀집가 대비 -30.2% — 가치영역 근접 (실측 표본 적음) · AI 알파모델 예측 상위 24% (OOS 검증 통과 모델 — 이 구간 실측 승률 34%),중립 레짐 — 사이즈 50% 권장 · 손익비 0.57 <1 — 이길 수 없는 구조,29.1,False,OVERHEAT,1,85.0,1,0,73338.0,,,,,1,1.0,,0,48.3,pctl>0.30,0,,0,1.0
266,048410,현대바이오,KOSDAQ,화학·소재,6810,58.99,6572.0,0.0,0.0,OVERHEAT,OVERHEAT,5,False,0,False,38.4,38.4,28.7,48.2,0.0,0.0,26.7,25.6,48.2,39.8,2.02,1.5,RR2.0 + 진입적정,0,6710.0,6170.0,8100.0,16690.0,,2.67,0.95,10692,-53.04,특이사항 없음,0,-12.93,50.1,7.44,거래품질 우수,,5일 급등,"과열(급등·MFI·RSI) — 실측 역신호, 관망",NORMAL,82.2,기타 화학제품 제조업,5898535775.0,50.2,33.5,0,0,4.77,26.35,14.07,-8.1,-48.6,-28.16,-4.29,-14.81,-0.3,0.962,0.015,0,12.0,1,0,2.76,0.57,0,0,0,1,-1,6941.0,-36.31,0.7087,False,X,▼,5844,▲,O,X,1.23,250,0,-1,-1,1,21500.0,enter,100.0,NORMAL+PM_BLOCK_INTRADAY+EF:정상,8.05,5.0,2.6,normal,7.0,v1_sl_first_gap_at_open,NORMAL+PM_BLOCK_INTRADAY+EF:정상,SWING_20D,23,SWING_60D,2,SWING_120D,2,0.0,기타 화학제품 제조업,18.9472,9.67,10.0,49.6,0.0,0.0816026851269142,-0.01804165595979781,0.1388888888888889,OK,0.0,UNVALIDATED_MODEL,56.912848656540916,56.912848656540916,0.0,6,1,0.5,0.5,0.0,STRUCT+TIMING+SECTOR,default,default,default,70,20260805,20260805,,38.4,38.4,38.4,-12.0,-33.79,FRESH,0.283,,False,0.3,True,MATURE,11693.0,ALPHA_WIN_PROB,2.574,,1.81,0.0,상태 OVERHEAT — 신규진입 상태 아님(사이징 제외),0.3559,0.0,0.0,v40_alpha_tilt,,,,,,True,18.9,,ELITE_SCORE,MATURE,11693,2.4.0,OK,,100.0,ATTACK,OK,OK,OK,OK,OK,OK,OK,0,7,True,True,True,,0,GREEN,,,0.0,AVOID,0,5일 +26%,0,1,0,0,,0.0,T=48<70,100.0,GREEN,,,0,False,0,BELOW_OFFICIAL_BAR,TOP_PICK=0,,15.0,IGNORE,IGNORE,NORMAL,0,0,0,0,0,0,0,0,0,CLEAR,,,0,0,0,0,0.0,,,,,,,,,,DISABLED_LOSS_DEFENSE,,,,,,True,False,True,True,True,True,True,True,0.0,0.0,0.0,0.0,0.0,0.0,0.0,0.0,0.0,0.5,False,False,False,2,False,13.4,0.5,G2RR×0.5,,0,0,0,,13.4,0,과열이나 GUARD 미통과 — 레인 제외,False,0.0,0.0,False,,False,True,,0,66.0,42.0,0,1,BLOCK,5일 과열 26.4%,BLOCK,GUARD_BLOCK,1,0.0,신규진입 차단,기존 guard/JULY 차단 · 시장폭 82.2 · 5일 26.4%,42.7,6,216,0,63.07,102,,-4.0,6442.0,"진입 후 D+1 종가 6,442원(-4%) 이탈 시 익일 조기청산 권고",46.2,"최근 20거래일 유니버스 실측 2일 상승률 46.2% (n=6,245) · 종목별 유의차 미검증",NO_EDGE_VALIDATED,CAUTION,6240.0,7381.0,"⚠️ 과열/추격 주의 · 손절 6,240(-7%)·본전전환 7,046(+5%)·1차익절 7,381(+10%) · ⚡ D+2내 6,844(+2%) 도달 시 절반 익절+잔여 본전 상향 (실측: 초반 급등 후 되돌림 -0.9%)",0,0.0,0,0,알파 52점 (진입선 85점 미달) · 손실방어 차단,alpha_gate_v32,CASH,0.0,,,0,NEUTRAL,"중립 레짐 — KOSPI 20일선 아래, 시장폭 82% (실측: 본전 구간 → 진입 허용하되 사이즈 50%)",0.5,1,52.3,7046.0,0.2958,1,이 점수 구간의 과거 실측 승률 28% (표본 11693건) · 거래량 밀집가 대비 -53.0% — 가치영역 근접 (실측 표본 적음) · 손익비 2.0 (손절 -9.4% / 1차목표 +18.9%),중립 레짐 — 사이즈 50% 권장,28.3,True,OVERHEAT,1,85.0,1,0,6844.0,,,,,1,1.0,,0,37.8,pctl>0.30,0,,0,1.0
267,108490,로보티즈,KOSDAQ,조선·기계·설비,242000,514.31,35479.7,0.0,0.0,OVERHEAT,OVERHEAT,5,False,0,False,40.0,40.0,28.0,52.0,0.0,0.0,8.3,26.7,52.0,35.0,0.05,14.2,,0,212000.0,194900.0,244500.0,268000.0,,2.02,0.93,294702,-28.53,특이사항 없음,0,-13.36,54.1,19.92,거래품질 우수,,5일 급등,"과열(급등·MFI·RSI) — 실측 역신호, 관망",NORMAL,82.2,특수 목적용 기계 제조업,51431250000.0,65.7,40.65,0,0,4.09,39.56,10.25,14.15,-27.65,-16.26,17.96,6.14,11.6,0.783,0.224,0,12.0,1,0,2.37,0.97,0,0,0,1,-1,247110.0,-17.88,0.9926,False,X,▼,196056,▲,O,X,1.51,250,0,-1,-1,1,339000.0,enter,100.0,NORMAL+PM_BLOCK_INTRADAY+EF:정상,8.07,5.0,1.9,normal,7.0,v1_sl_first_gap_at_open,NORMAL+PM_BLOCK_INTRADAY+EF:정상,SWING_20D,46,ATR_2x,23,VP_RESISTANCE,5,0.0,특수 목적용 기계 제조업,27.58121951219512,8.227560975609755,6.0,64.1,0.0,0.1150383707201889,0.0020867164953131644,0.08571428571428572,OK,0.0,UNVALIDATED_MODEL,61.20264630874706,61.20264630874706,0.0,6,1,0.5,0.5,0.0,STRUCT+TIMING+SECTOR,default,default,default,70,20260805,20260805,,40.0,40.0,40.0,-12.0,-33.79,FRESH,0.291,,False,0.3,True,MATURE,11693.0,ALPHA_WIN_PROB,1.901,,1.81,0.0,상태 OVERHEAT — 신규진입 상태 아님(사이징 제외),0.3559,0.0,0.0,v40_alpha_tilt,,,,,,True,1.0,,ELITE_SCORE,MATURE,11693,2.4.0,OK,,100.0,ATTACK,OK,OK,OK,OK,OK,OK,OK,0,7,True,True,True,,0,GREEN,,,0.0,AVOID,0,진입괴리 14.2% · RR 0.05 · 5일 +40%,0,1,0,0,,0.0,T=52<70 · 이격도20>15,100.0,GREEN,,,0,False,0,BELOW_OFFICIAL_BAR,TOP_PICK=0,,5.0,IGNORE,IGNORE,NORMAL,0,0,0,0,0,0,0,0,0,CLEAR,,,0,0,0,0,0.0,,,,,,,,,,DISABLED_LOSS_DEFENSE,,,,,,True,False,True,True,True,True,True,True,0.0,0.0,0.0,0.0,0.0,0.0,0.0,0.0,0.0,0.5,False,False,False,2,False,4.2,0.5,G2RR×0.5,,0,0,0,,4.2,0,과열이나 GUARD 미통과 — 레인 제외,False,0.0,0.0,False,,False,True,,0,66.0,42.0,0,1,BLOCK,5일 과열 39.6%,BLOCK,GUARD_BLOCK,1,0.0,신규진입 차단,기존 guard/JULY 차단 · 시장폭 82.2 · 5일 39.6%,61.58,6,91,0,46.97,193,모멘텀확인중(PMS62),-4.0,203520.0,"진입 후 D+1 종가 203,520원(-4%) 이탈 시 익일 조기청산 권고",46.2,"최근 20거래일 유니버스 실측 2일 상승률 46.2% (n=6,245) · 종목별 유의차 미검증",NO_EDGE_VALIDATED,CAUTION,197160.0,233200.0,"⚠️ 과열/추격 주의 · 손절 197,160(-7%)·본전전환 222,600(+5%)·1차익절 233,200(+10%) · ⚡ D+2내 216,240(+2%) 도달 시 절반 익절+잔여 본전 상향 (실측: 초반 급등 후 되돌림 -0.9%)",0,0.0,0,0,알파 44점 (진입선 85점 미달) · 손익비 0.05 · 손실방어 차단,alpha_gate_v32,CASH,0.0,,,0,NEUTRAL,"중립 레짐 — KOSPI 20일선 아래, 시장폭 82% (실측: 본전 구간 → 진입 허용하되 사이즈 50%)",0.5,1,44.3,222600.0,0.2713,1,이 점수 구간의 과거 실측 승률 29% (표본 11693건) · 거래량 밀집가 대비 -28.5% — 가치영역 근접 (실측 표본 적음),중립 레짐 — 사이즈 50% 권장 · 손익비 0.05 <1 — 이길 수 없는 구조 · 추천가 대비 14.2% 이탈 — 추격 주의,29.1,False,OVERHEAT,1,85.0,1,0,216240.0,,,,,1,1.0,,0,37.2,pctl>0.30,0,,0,1.0
268,010120,LS ELECTRIC,KOSPI,인프라·에너지,212000,1372.1,318000.0,0.0,0.0,OVERHEAT,OVERHEAT,5,False,0,False,46.8,46.8,45.1,48.5,0.0,0.0,9.3,31.2,48.5,39.4,0.73,1.0,진입적정,0,210000.0,192900.0,226000.0,252000.0,,1.66,0.66,232625,13.09,특이사항 없음,0,-16.15,52.6,11.71,,,5일 급등,"과열(급등·MFI·RSI) — 실측 역신호, 관망",NORMAL,82.2,"전동기, 발전기 및 전기 변환 · 공급 · 제어 장치 제조업",137209626500.0,52.8,33.79,0,0,7.61,29.43,11.23,2.91,-32.27,71.24,16.73,-20.27,43.46,0.522,0.154,1,12.0,1,0,1.28,0.82,18020,212,18232,1,-1,221610.0,-8.87,0.7034,False,X,▲,181790,▲,O,X,5.33,250,0,1,1,1,315000.0,enter,100.0,NORMAL+PM_BLOCK_INTRADAY+EF:정상,8.14,4.0,0.9,normal,7.0,v1_sl_first_gap_at_open,NORMAL+PM_BLOCK_INTRADAY+EF:정상,SWING_20D,46,ATR_2x,23,SWING_60D,5,0.0,"전동기, 발전기 및 전기 변환 · 공급 · 제어 장치 제조업",44.778888888888886,19.637777777777778,1.0,65.9,0.0,0.09898921832884097,-0.006279014818725169,0.22727272727272727,OK,0.0,UNVALIDATED_MODEL,45.49395357354254,45.49395357354254,0.0,6,1,0.5,0.5,0.0,STRUCT+TIMING+SECTOR,default,default,default,70,20260805,20260805,,46.8,46.8,46.8,-12.0,-33.79,FRESH,0.291,,False,0.3,True,MATURE,11693.0,ALPHA_WIN_PROB,0.936,,0.936,0.0,상태 OVERHEAT — 신규진입 상태 아님(사이징 제외),0.5166,0.0,0.0,v40_alpha_tilt,,,,,,True,6.6,,ELITE_SCORE,MATURE,11693,2.4.0,OK,,100.0,ATTACK,OK,OK,OK,OK,OK,OK,OK,0,7,True,True,True,,0,GREEN,,,0.0,AVOID,0,RR 0.73 · 5일 +29%,0,1,0,0,,0.0,T=48<70,100.0,GREEN,,,0,False,0,BELOW_OFFICIAL_BAR,TOP_PICK=0,,5.0,IGNORE,IGNORE,NORMAL,0,0,0,0,0,0,0,0,0,CLEAR,,,0,0,0,0,0.0,,,,,,,,,,DISABLED_LOSS_DEFENSE,,,,,,True,False,True,True,True,True,True,True,0.0,0.0,0.0,0.0,0.0,0.0,0.0,0.0,0.0,0.5,False,False,False,1,False,4.6,0.5,G2RR×0.5,,0,0,0,,4.6,0,과열이나 GUARD 미통과 — 레인 제외,False,0.0,0.0,False,,False,True,,0,66.0,42.0,0,1,BLOCK,5일 과열 29.4%,BLOCK,GUARD_BLOCK,1,0.0,신규진입 차단,기존 guard/JULY 차단 · 시장폭 82.2 · 5일 29.4%,61.69,6,88,0,49.27,183,모멘텀확인중(PMS62),-4.0,201600.0,"진입 후 D+1 종가 201,600원(-4%) 이탈 시 익일 조기청산 권고",46.2,"최근 20거래일 유니버스 실측 2일 상승률 46.2% (n=6,245) · 종목별 유의차 미검증",NO_EDGE_VALIDATED,CAUTION,195300.0,231000.0,"⚠️ 과열/추격 주의 · 손절 195,300(-7%)·본전전환 220,500(+5%)·1차익절 231,000(+10%) · ⚡ D+2내 214,200(+2%) 도달 시 절반 익절+잔여 본전 상향 (실측: 초반 급등 후 되돌림 -0.9%)",0,0.0,0,0,알파 19점 (진입선 85점 미달) · 손익비 0.73 · 손실방어 차단,alpha_gate_v32,CASH,0.0,,,0,NEUTRAL,"중립 레짐 — KOSPI 20일선 아래, 시장폭 82% (실측: 본전 구간 → 진입 허용하되 사이즈 50%)",0.5,1,18.6,220500.0,0.2489,1,이 점수 구간의 과거 실측 승률 29% (표본 11693건) · 거래량 밀집가 대비 +13.1% — 가치영역 근접 (실측 승률 48%),중립 레짐 — 사이즈 50% 권장 · 손익비 0.73 <1 — 이길 수 없는 구조 · AI 알파모델 예측 하위 19% — 이 구간 실측 승률 25% — 픽 제외 구간,29.1,False,OVERHEAT,1,85.0,1,0,214200.0,,,,,0,1.0,,0,26.6,pctl>0.30,0,,0,1.0
269,009830,한화솔루션,KOSPI,화학·소재,30150,2381.14,51825.6,0.0,0.0,OVERHEAT,OVERHEAT,5,False,0,False,25.4,25.4,19.7,31.1,0.0,0.0,18.4,16.9,31.1,61.1,1.2,4.7,RR1.2,0,28800.0,26450.0,34600.0,45650.0,,1.93,2.16,33461,-32.01,특이사항 없음,0,-13.73,48.6,8.25,,,5일 급등,"과열(급등·MFI·RSI) — 실측 역신호, 관망",NORMAL,82.2,기초 화학물질 제조업,238114335725.0,51.9,40.98,0,0,12.5,31.95,11.05,-3.98,-32.42,-12.19,9.84,-20.42,-39.97,0.933,0.064,0,12.0,1,0,1.2,0.65,0,0,0,1,-1,32655.0,-9.9,0.66,False,X,▼,24595,▲,O,X,2.24,250,0,-1,-1,1,56000.0,split,50.0,NORMAL+PM_BLOCK_INTRADAY+EF:당일 10%+ 급등 분할 진입+ENTRY:split,8.16,4.0,2.5,normal,7.0,v1_sl_first_gap_at_open,NORMAL+PM_BLOCK_INTRADAY+EF:당일 10%+ 급등 분할 진입+ENTRY:split,SWING_20D,23,SWING_60D,2,SWING_120D,2,0.0,기초 화학물질 제조업,18.9472,9.67,10.0,54.7,0.0,0.10033167495854063,-0.005992131739387943,0.2980769230769231,OK,0.0,UNVALIDATED_MODEL,41.5,41.5,0.0,6,1,0.5,0.5,0.0,STRUCT+TIMING+SECTOR,default,default,default,70,20260805,20260805,,25.4,25.4,25.4,-12.0,-33.79,FRESH,0.291,,False,0.3,True,MATURE,11693.0,ALPHA_WIN_PROB,2.468,,1.81,0.0,상태 OVERHEAT — 신규진입 상태 아님(사이징 제외),0.3559,0.0,0.0,v40_alpha_tilt,,,,,,True,14.8,,ELITE_SCORE,MATURE,11693,2.4.0,OK,,100.0,ATTACK,OK,OK,OK,OK,OK,OK,OK,0,7,True,True,True,,0,GREEN,,,0.0,AVOID,0,진입괴리 4.7% · 5일 +32%,0,1,0,0,,0.0,T=31<70 · 전일+12%,100.0,GREEN,,,0,False,0,BELOW_OFFICIAL_BAR,TOP_PICK=0,,15.0,IGNORE,IGNORE,NORMAL,0,0,0,0,0,0,0,0,0,CLEAR,,,0,0,0,0,0.0,,,,,,,,,,DISABLED_LOSS_DEFENSE,,,,,,True,False,True,True,True,True,True,True,0.0,0.0,0.0,0.0,0.0,0.0,0.0,0.0,0.0,0.5,False,False,False,2,False,9.2,0.5,G2RR×0.5,,0,0,0,,9.2,0,과열이나 GUARD 미통과 — 레인 제외,False,0.0,0.0,False,,False,True,,0,66.0,40.0,0,1,BLOCK,5일 과열 31.9%,BLOCK,GUARD_BLOCK,1,0.0,신규진입 차단,기존 guard/JULY 차단 · 시장폭 82.2 · 5일 31.9%,61.79,6,87,0,64.33,91,모멘텀확인중(PMS62),-4.0,27648.0,"진입 후 D+1 종가 27,648원(-4%) 이탈 시 익일 조기청산 권고",46.2,"최근 20거래일 유니버스 실측 2일 상승률 46.2% (n=6,245) · 종목별 유의차 미검증",NO_EDGE_VALIDATED,CAUTION,26784.0,31680.0,"⚠️ 과열/추격 주의 · 손절 26,784(-7%)·본전전환 30,240(+5%)·1차익절 31,680(+10%) · ⚡ D+2내 29,376(+2%) 도달 시 절반 익절+잔여 본전 상향 (실측: 초반 급등 후 되돌림 -0.9%)",0,0.0,0,0,알파 26점 (진입선 85점 미달) · 손익비 1.20 · 손실방어 차단,alpha_gate_v32,CASH,0.0,,,0,NEUTRAL,"중립 레짐 — KOSPI 20일선 아래, 시장폭 82% (실측: 본전 구간 → 진입 허용하되 사이즈 50%)",0.5,1,26.3,30240.0,0.2452,1,이 점수 구간의 과거 실측 승률 29% (표본 11693건) · 거래량 밀집가 대비 -32.0% — 가치영역 근접 (실측 표본 적음) · 손익비 1.2 (손절 -12.3% / 1차목표 +14.8%),중립 레짐 — 사이즈 50% 권장 · 추천가 대비 4.7% 이탈 — 추격 주의 · AI 알파모델 예측 하위 26% — 이 구간 실측 승률 25% — 픽 제외 구간,29.1,True,OVERHEAT,1,85.0,1,0,29376.0,,,,,1,1.0,,0,35.4,pctl>0.30,0,,0,1.0
270,006910,보성파워텍,KOSDAQ,기타,6850,60.24,3365.4,0.0,0.0,OVERHEAT,OVERHEAT,5,False,0,False,38.5,38.5,23.1,53.9,0.0,0.0,8.1,25.7,53.9,32.6,0.75,1.9,진입적정,0,6720.0,6180.0,7350.0,7930.0,,3.12,0.96,9163,-40.38,특이사항 없음,0,-18.41,49.5,9.12,,,5일 급등,"과열(급등·MFI·RSI) — 실측 역신호, 관망",NORMAL,82.2,"구조용 금속제품, 탱크 및 증기발생기 제조업",6024243095.0,55.7,35.75,0,0,7.03,33.01,8.04,-0.58,-52.13,-12.74,3.23,-18.34,15.12,0.977,0.022,0,12.0,1,0,1.25,0.8,0,0,0,1,-1,6861.0,-25.25,0.7038,False,X,▼,5698,▲,O,X,3.12,250,0,-1,-1,1,14320.0,enter,100.0,NORMAL+PM_BLOCK_INTRADAY+EF:정상,8.04,6.0,1.2,normal,7.0,v1_sl_first_gap_at_open,NORMAL+PM_BLOCK_INTRADAY+EF:정상,SWING_20D,46,ATR_2x,23,SWING_60D,2,0.0,"구조용 금속제품, 탱크 및 증기발생기 제조업",22.15142857142857,8.541428571428572,9.0,74.8,0.0,0.08764337851929094,-0.0004030245866977703,0.1282051282051282,OK,0.0,UNVALIDATED_MODEL,62.03888575431025,62.03888575431025,0.0,6,1,0.5,0.5,0.0,STRUCT+TIMING+SECTOR,default,default,default,70,20260805,20260805,,38.5,38.5,38.5,-12.0,-33.79,FRESH,0.291,,False,0.3,True,MATURE,11693.0,ALPHA_WIN_PROB,1.167,,1.167,0.0,상태 OVERHEAT — 신규진입 상태 아님(사이징 제외),0.4615,0.0,0.0,v40_alpha_tilt,,,,,,True,7.3,,ELITE_SCORE,MATURE,11693,2.4.0,OK,,100.0,ATTACK,OK,OK,OK,OK,OK,OK,OK,0,7,True,True,True,,0,GREEN,,,0.0,AVOID,0,RR 0.75 · 5일 +33%,0,1,0,0,,0.0,T=54<70,100.0,GREEN,,,0,False,0,BELOW_OFFICIAL_BAR,TOP_PICK=0,,5.0,IGNORE,IGNORE,NORMAL,0,0,0,0,0,0,0,0,0,CLEAR,,,0,0,0,0,0.0,,,,,,,,,,DISABLED_LOSS_DEFENSE,,,,,,True,False,True,True,True,True,True,True,0.0,0.0,0.0,0.0,0.0,0.0,0.0,0.0,0.0,0.5,False,False,False,2,False,4.0,0.5,G2RR×0.5,,0,0,0,,4.0,0,과열이나 GUARD 미통과 — 레인 제외,False,0.0,0.0,False,,False,True,,0,66.0,39.0,0,1,BLOCK,5일 과열 33.0%,BLOCK,GUARD_BLOCK,1,0.0,신규진입 차단,기존 guard/JULY 차단 · 시장폭 82.2 · 5일 33.0%,47.11,6,189,0,39.03,227,,-4.0,6451.0,"진입 후 D+1 종가 6,451원(-4%) 이탈 시 익일 조기청산 권고",46.2,"최근 20거래일 유니버스 실측 2일 상승률 46.2% (n=6,245) · 종목별 유의차 미검증",NO_EDGE_VALIDATED,CAUTION,6250.0,7392.0,"⚠️ 과열/추격 주의 · 손절 6,250(-7%)·본전전환 7,056(+5%)·1차익절 7,392(+10%) · ⚡ D+2내 6,854(+2%) 도달 시 절반 익절+잔여 본전 상향 (실측: 초반 급등 후 되돌림 -0.9%)",0,0.0,0,0,알파 34점 (진입선 85점 미달) · 손익비 0.75 · 손실방어 차단,alpha_gate_v32,CASH,0.0,,,0,NEUTRAL,"중립 레짐 — KOSPI 20일선 아래, 시장폭 82% (실측: 본전 구간 → 진입 허용하되 사이즈 50%)",0.5,1,34.4,7056.0,0.2433,1,이 점수 구간의 과거 실측 승률 29% (표본 11693건) · 거래량 밀집가 대비 -40.4% — 가치영역 근접 (실측 표본 적음),중립 레짐 — 사이즈 50% 권장 · 손익비 0.75 <1 — 이길 수 없는 구조,29.1,False,OVERHEAT,1,85.0,1,0,6854.0,,,,,0,1.0,,0,22.3,pctl>0.30,0,,0,1.0
271,147830,제룡산업,KOSDAQ,기타,6850,85.84,1370.0,0.0,0.0,OVERHEAT,OVERHEAT,5,False,0,False,17.4,17.4,34.8,0.0,0.0,0.0,2.9,11.6,34.8,56.5,0.61,3.6,,0,6610.0,6080.0,7320.0,7540.0,,2.62,6.13,9180,-42.99,특이사항 없음,0,-16.14,52.6,9.97,거래품질 우수,,5일 급등,"과열(급등·MFI·RSI) — 실측 역신호, 관망",NORMAL,82.2,"구조용 금속제품, 탱크 및 증기발생기 제조업",8583509675.0,64.4,26.91,0,0,11.02,29.49,10.31,-0.72,-50.11,-7.93,3.09,-16.32,19.93,0.943,0.084,0,12.0,1,0,4.73,0.79,0,0,0,1,1,5247.0,-25.39,0.5293,False,X,▼,5798,▲,O,X,3.24,250,0,-1,-1,1,13600.0,split,50.0,NORMAL+PM_BLOCK_INTRADAY+EF:당일 10%+ 급등 분할 진입+ENTRY:split,8.02,6.0,1.3,normal,7.0,v1_sl_first_gap_at_open,NORMAL+PM_BLOCK_INTRADAY+EF:당일 10%+ 급등 분할 진입+ENTRY:split,SWING_20D,23,ATR_2x,23,SWING_60D,2,0.0,"구조용 금속제품, 탱크 및 증기발생기 제조업",22.15142857142857,8.541428571428572,9.0,77.1,0.0,0.06746611053180397,0.0016777090217961381,0.46078431372549017,OK,0.0,UNVALIDATED_MODEL,6.518016593270237,6.518016593270237,0.0,6,1,0.5,0.5,0.0,STRUCT+TIMING+SECTOR,default,default,default,70,20260805,20260805,,17.4,17.4,17.4,-12.0,-33.79,FRESH,0.291,,False,0.3,True,MATURE,11693.0,ALPHA_WIN_PROB,1.34,,1.34,0.0,상태 OVERHEAT — 신규진입 상태 아님(사이징 제외),0.4274,0.0,0.0,v40_alpha_tilt,,,,,,True,6.9,,ELITE_SCORE,MATURE,11693,2.4.0,OK,,100.0,ATTACK,OK,OK,OK,OK,OK,OK,OK,0,7,True,True,True,,0,GREEN,,,0.0,AVOID,0,진입괴리 3.6% · RR 0.61 · 5일 +29%,0,1,0,0,,0.0,T=0<70 · 전일+11%,100.0,GREEN,,,0,False,0,BELOW_OFFICIAL_BAR,TOP_PICK=0,,5.0,IGNORE,IGNORE,NORMAL,0,0,0,0,0,0,0,0,0,CLEAR,,,0,0,0,0,0.0,,,,,,,,,,DISABLED_LOSS_DEFENSE,,,,,,True,False,True,True,True,True,True,True,0.0,0.0,0.0,0.0,0.0,0.0,0.0,0.0,0.0,0.3,False,False,False,1,False,0.9,0.3,G2RR×0.3,,0,0,0,,0.9,0,과열이나 GUARD 미통과 — 레인 제외,False,0.0,0.0,False,,False,True,,0,66.0,38.0,0,1,BLOCK,5일 과열 29.5%,BLOCK,GUARD_BLOCK,1,0.0,신규진입 차단,기존 guard/JULY 차단 · 시장폭 82.2 · 5일 29.5%,41.95,6,223,0,29.8,257,,-4.0,6346.0,"진입 후 D+1 종가 6,346원(-4%) 이탈 시 익일 조기청산 권고",46.2,"최근 20거래일 유니버스 실측 2일 상승률 46.2% (n=6,245) · 종목별 유의차 미검증",NO_EDGE_VALIDATED,CAUTION,6147.0,7271.0,"⚠️ 과열/추격 주의 · 손절 6,147(-7%)·본전전환 6,940(+5%)·1차익절 7,271(+10%) · ⚡ D+2내 6,742(+2%) 도달 시 절반 익절+잔여 본전 상향 (실측: 초반 급등 후 되돌림 -0.9%)",0,0.0,0,0,알파 73점 (진입선 85점 미달) · 손익비 0.61 · 손실방어 차단,alpha_gate_v32,CASH,0.0,,,0,NEUTRAL,"중립 레짐 — KOSPI 20일선 아래, 시장폭 82% (실측: 본전 구간 → 진입 허용하되 사이즈 50%)",0.5,1,72.8,6940.0,0.3379,1,이 점수 구간의 과거 실측 승률 29% (표본 11693건) · 거래량 밀집가 대비 -43.0% — 가치영역 근접 (실측 표본 적음) · AI 알파모델 예측 상위 27% (OOS 검증 통과 모델 — 이 구간 실측 승률 34%),중립 레짐 — 사이즈 50% 권장 · 손익비 0.61 <1 — 이길 수 없는 구조 · 추천가 대비 3.6% 이탈 — 추격 주의,29.1,False,OVERHEAT,1,85.0,1,0,6742.0,,,,,0,1.0,,0,26.9,pctl>0.30,0,,0,1.0
272,199820,제일일렉트릭,KOSDAQ,인프라·에너지,7710,87.15,1713.2,0.0,0.0,OVERHEAT,OVERHEAT,5,False,0,False,25.7,25.7,31.8,19.6,0.0,0.0,5.1,17.1,31.8,60.2,0.53,4.0,,0,7410.0,6810.0,8190.0,8620.0,,3.01,5.34,13195,-56.17,특이사항 없음,0,-14.26,53.8,13.37,거래품질 우수,,5일 급등,"과열(급등·MFI·RSI) — 실측 역신호, 관망",NORMAL,82.2,"전동기, 발전기 및 전기 변환 · 공급 · 제어 장치 제조업",8715423700.0,64.0,32.82,0,0,11.74,36.94,15.07,1.72,-55.33,-23.66,5.53,-21.54,4.2,0.98,0.029,0,12.0,1,0,2.63,0.83,0,0,0,1,1,5569.0,-41.57,0.6601,False,X,▼,6315,▲,O,X,2.46,250,0,-1,-1,1,19210.0,split,50.0,NORMAL+PM_BLOCK_INTRADAY+EF:당일 10%+ 급등 분할 진입+ENTRY:split,8.1,6.0,1.3,normal,7.0,v1_sl_first_gap_at_open,NORMAL+PM_BLOCK_INTRADAY+EF:당일 10%+ 급등 분할 진입+ENTRY:split,SWING_20D,46,ATR_2x,23,SWING_60D,2,0.0,"전동기, 발전기 및 전기 변환 · 공급 · 제어 장치 제조업",44.778888888888886,19.637777777777778,1.0,73.6,0.0,0.07846952010376135,-0.0013480655524421299,0.42857142857142855,OK,0.0,UNVALIDATED_MODEL,19.40877620966414,19.40877620966414,0.0,6,1,0.5,0.5,0.0,STRUCT+TIMING+SECTOR,default,default,default,70,20260805,20260805,,25.7,25.7,25.7,-12.0,-33.79,FRESH,0.291,,False,0.3,True,MATURE,11693.0,ALPHA_WIN_PROB,1.3,,1.3,0.0,상태 OVERHEAT — 신규진입 상태 아님(사이징 제외),0.4348,0.0,0.0,v40_alpha_tilt,,,,,,True,6.2,,ELITE_SCORE,MATURE,11693,2.4.0,OK,,100.0,ATTACK,OK,OK,OK,OK,OK,OK,OK,0,7,True,True,True,,0,GREEN,,,0.0,AVOID,0,진입괴리 4.0% · RR 0.53 · 5일 +37%,0,1,0,0,,0.0,T=20<70 · 전일+12%,100.0,GREEN,,,0,False,0,BELOW_OFFICIAL_BAR,TOP_PICK=0,,5.0,IGNORE,IGNORE,NORMAL,0,0,0,0,0,0,0,0,0,CLEAR,,,0,0,0,0,0.0,,,,,,,,,,DISABLED_LOSS_DEFENSE,,,,,,True,False,True,True,True,True,True,True,0.0,0.0,0.0,0.0,0.0,0.0,0.0,0.0,0.0,0.5,False,False,False,1,False,2.6,0.5,G2RR×0.5,,0,0,0,,2.6,0,과열이나 GUARD 미통과 — 레인 제외,False,0.0,0.0,False,,False,True,,0,66.0,38.0,0,1,BLOCK,5일 과열 36.9%,BLOCK,GUARD_BLOCK,1,0.0,신규진입 차단,기존 guard/JULY 차단 · 시장폭 82.2 · 5일 36.9%,44.43,6,205,0,33.44,247,,-4.0,7114.0,"진입 후 D+1 종가 7,114원(-4%) 이탈 시 익일 조기청산 권고",46.2,"최근 20거래일 유니버스 실측 2일 상승률 46.2% (n=6,245) · 종목별 유의차 미검증",NO_EDGE_VALIDATED,CAUTION,6891.0,8151.0,"⚠️ 과열/추격 주의 · 손절 6,891(-7%)·본전전환 7,780(+5%)·1차익절 8,151(+10%) · ⚡ D+2내 7,558(+2%) 도달 시 절반 익절+잔여 본전 상향 (실측: 초반 급등 후 되돌림 -0.9%)",0,0.0,0,0,알파 65점 (진입선 85점 미달) · 손익비 0.53 · 손실방어 차단,alpha_gate_v32,CASH,0.0,,,0,NEUTRAL,"중립 레짐 — KOSPI 20일선 아래, 시장폭 82% (실측: 본전 구간 → 진입 허용하되 사이즈 50%)",0.5,1,65.3,7780.0,0.3233,1,이 점수 구간의 과거 실측 승률 29% (표본 11693건) · 거래량 밀집가 대비 -56.2% — 가치영역 근접 (실측 표본 적음),중립 레짐 — 사이즈 50% 권장 · 손익비 0.53 <1 — 이길 수 없는 구조 · 추천가 대비 4.0% 이탈 — 추격 주의,29.1,False,OVERHEAT,1,85.0,1,0,7558.0,,,,,1,1.0,,0,32.5,pctl>0.30,0,,0,1.0
273,046970,우리로,KOSDAQ,기타,4795,185.4,2101.4,0.0,0.0,OVERHEAT,OVERHEAT,5,False,0,False,26.8,26.8,53.7,0.0,0.0,0.0,13.9,17.9,53.7,32.9,2.56,2.0,RR2.6 + 진입적정,0,4895.0,4500.0,5550.0,5720.0,,0.2,3.87,7977,-44.51,특이사항 없음,0,-18.24,49.9,12.7,거래품질 우수,,5일 급등,"과열(급등·MFI·RSI) — 실측 역신호, 관망",NORMAL,82.2,기타 전문 도매업,18539778904.0,59.9,37.85,0,0,8.24,36.8,11.51,2.9,-46.18,216.08,6.71,-12.39,243.94,0.852,0.015,0,12.0,1,0,2.06,0.68,0,0,0,1,1,3587.5,-39.9,0.8237,False,X,▲,3860,▲,O,X,12.75,247,0,1,1,1,11140.0,hold,0.0,NORMAL+PM_BLOCK_INTRADAY+EF:갭 12%+ 진입 보류+ENTRY:hold,8.07,6.0,1.7,normal,7.0,v1_sl_first_gap_at_open,NORMAL+PM_BLOCK_INTRADAY+EF:갭 12%+ 진입 보류+ENTRY:hold,SWING_20D,23,ATR_2x,23,SWING_60D,2,0.0,기타 전문 도매업,22.15142857142857,8.541428571428572,9.0,55.1,0.0,0.08587814687918963,0.0006312713648691587,0.264,OK,0.0,UNVALIDATED_MODEL,14.7926248045769,14.7926248045769,0.0,6,1,0.5,0.5,0.0,STRUCT+TIMING+SECTOR,default,default,default,70,20260805,20260805,,26.8,26.8,26.8,-12.0,-33.79,FRESH,0.291,,False,0.3,True,MATURE,11693.0,ALPHA_WIN_PROB,1.658,,1.658,0.0,상태 OVERHEAT — 신규진입 상태 아님(사이징 제외),0.3762,0.0,0.0,v40_alpha_tilt,,,,,,True,15.7,,ELITE_SCORE,MATURE,11693,2.4.0,OK,,100.0,ATTACK,OK,OK,OK,OK,OK,OK,OK,0,7,True,True,True,,0,GREEN,,,0.0,AVOID,0,5일 +37%,0,1,0,0,,0.0,T=0<70 · S=54≥50,100.0,GREEN,,,0,False,0,BELOW_OFFICIAL_BAR,TOP_PICK=0,,15.0,IGNORE,IGNORE,NORMAL,0,0,0,0,0,0,0,0,0,CLEAR,,,0,0,0,0,0.0,,,,,,,,,,DISABLED_LOSS_DEFENSE,,,,,,True,False,True,True,True,True,True,True,0.0,0.0,0.0,0.0,0.0,0.0,0.0,0.0,0.0,0.3,False,False,False,1,False,4.2,0.3,G2RR×0.3,,0,0,0,,4.2,0,과열이나 GUARD 미통과 — 레인 제외,False,0.0,0.0,False,,False,True,,0,66.0,35.0,0,1,BLOCK,5일 과열 36.8%,BLOCK,GUARD_BLOCK,1,0.0,신규진입 차단,기존 guard/JULY 차단 · 시장폭 82.2 · 5일 36.8%,42.23,6,222,0,49.52,179,,-4.0,4699.0,"진입 후 D+1 종가 4,699원(-4%) 이탈 시 익일 조기청산 권고",46.2,"최근 20거래일 유니버스 실측 2일 상승률 46.2% (n=6,245) · 종목별 유의차 미검증",NO_EDGE_VALIDATED,CAUTION,4552.0,5384.0,"⚠️ 과열/추격 주의 · 손절 4,552(-7%)·본전전환 5,140(+5%)·1차익절 5,384(+10%) · ⚡ D+2내 4,993(+2%) 도달 시 절반 익절+잔여 본전 상향 (실측: 초반 급등 후 되돌림 -0.9%)",0,0.0,0,0,알파 15점 (진입선 85점 미달) · 손실방어 차단,alpha_gate_v32,CASH,0.0,,,0,NEUTRAL,"중립 레짐 — KOSPI 20일선 아래, 시장폭 82% (실측: 본전 구간 → 진입 허용하되 사이즈 50%)",0.5,1,14.6,5140.0,0.2489,1,이 점수 구간의 과거 실측 승률 29% (표본 11693건) · 거래량 밀집가 대비 -44.5% — 가치영역 근접 (실측 표본 적음) · 손익비 2.6 (손절 -6.2% / 1차목표 +15.7%),중립 레짐 — 사이즈 50% 권장 · AI 알파모델 예측 하위 15% — 이 구간 실측 승률 25% — 픽 제외 구간,29.1,True,OVERHEAT,1,85.0,1,0,4993.0,,,,,0,1.0,,0,22.6,pctl>0.30,0,,0,1.0
274,108860,셀바스AI,KOSDAQ,IT/전기전자,10940,224.92,2944.5,0.0,0.0,OVERHEAT,OVERHEAT,5,False,0,False,68.8,68.8,66.0,71.6,0.0,0.0,12.8,45.9,71.6,10.5,0.28,36.1,,0,8040.0,7390.0,11920.0,13510.0,,-0.23,1.54,9304,-19.02,특이사항 없음,0,11.8,70.7,42.82,TIMING 강점,,RSI 과열,"과열(급등·MFI·RSI) — 실측 역신호, 관망",NORMAL,82.2,소프트웨어 개발 및 공급업,22492197065.0,80.3,75.29,0,0,0.37,37.26,68.31,53.44,-17.43,-11.56,57.25,16.36,16.3,0.553,0.195,0,12.0,1,0,1.88,0.83,0,0,0,1,1,7016.0,17.57,0.6533,False,O,▼,9534,▲,O,X,3.3,250,0,-1,-1,1,17580.0,enter,100.0,NORMAL+PM_BLOCK_INTRADAY+EF:정상,8.08,6.0,6.0,normal,7.0,v1_sl_first_gap_at_open,NORMAL+PM_BLOCK_INTRADAY+EF:정상,SWING_20D,12,VP_RESISTANCE,5,SWING_120D,2,0.0,소프트웨어 개발 및 공급업,28.983018867924528,12.636603773584905,4.0,70.7,0.0,0.10446591799425438,0.20796223979861073,0.20481927710843373,OK,0.0,UNVALIDATED_MODEL,69.80275502862743,69.80275502862743,0.0,6,1,0.5,0.5,0.0,STRUCT+TIMING+SECTOR,default,default,default,70,20260805,20260805,,68.8,68.8,68.8,-12.0,-33.79,FRESH,0.291,,False,0.47,False,MATURE,11693.0,ALPHA_WIN_PROB,5.969,,1.81,0.0,상태 OVERHEAT — 신규진입 상태 아님(사이징 제외),0.3559,0.0,0.0,v40_alpha_tilt,,,,,,True,9.0,,ELITE_SCORE,MATURE,11693,2.4.0,OK,,100.0,ATTACK,OK,OK,OK,OK,OK,OK,OK,0,7,True,True,True,,1,ORANGE,C_ORANGE,STRUCT < 90 + VWAP_GAP > 15% 강한 과열,0.0,AVOID,0,진입괴리 36.1% · RR 0.28 · 5일 +37%,0,1,0,0,,0.0,S=66≥50 · 이격도43>15,100.0,GREEN,,,0,False,0,BELOW_OFFICIAL_BAR,TOP_PICK=0,,13.0,IGNORE,IGNORE,NORMAL,0,0,0,0,0,0,0,0,0,CLEAR,,,0,0,0,0,0.0,,,,,,,,,,DISABLED_LOSS_DEFENSE,,,,,,True,True,True,True,True,True,True,True,0.0,0.0,0.0,0.0,0.0,0.0,0.0,0.0,0.0,1.0,False,False,False,1,True,12.8,1.0,,,0,0,1,B,12.8,0,"모멘텀 관찰 (과열·가드통과, 상위5 밖 — 매수 아님)",False,0.0,0.0,False,,False,True,,0,64.0,9.0,0,1,BLOCK,5일 과열 37.3% · ORANGE + 단기과열,BLOCK,GUARD_BLOCK,1,0.0,신규진입 차단,단기상승+VWAP/POC 추격충돌 · 기존 guard/JULY 차단 · 시장폭 82.2 · 5일 37.3%,87.13,6,6,0,69.96,57,모멘텀확인강(PMS87),-4.0,7718.0,"진입 후 D+1 종가 7,718원(-4%) 이탈 시 익일 조기청산 권고",46.2,"최근 20거래일 유니버스 실측 2일 상승률 46.2% (n=6,245) · 종목별 유의차 미검증",NO_EDGE_VALIDATED,CAUTION,7477.0,8844.0,"⚠️ 과열/추격 주의 · 손절 7,477(-7%)·본전전환 8,442(+5%)·1차익절 8,844(+10%) · ⚡ D+2내 8,201(+2%) 도달 시 절반 익절+잔여 본전 상향 (실측: 초반 급등 후 되돌림 -0.9%)",0,0.0,0,0,알파 38점 (진입선 85점 미달) · 손익비 0.28 · 손실방어 차단,alpha_gate_v32,CASH,0.0,,,0,NEUTRAL,"중립 레짐 — KOSPI 20일선 아래, 시장폭 82% (실측: 본전 구간 → 진입 허용하되 사이즈 50%)",0.5,1,38.1,8442.0,0.2433,1,이 점수 구간의 과거 실측 승률 29% (표본 11693건) · 거래량 밀집가 대비 -19.0% — 가치영역 근접 (실측 표본 적음) · 저점 상승 추세 12% (바닥이 높아지는 중),중립 레짐 — 사이즈 50% 권장 · 손익비 0.28 <1 — 이길 수 없는 구조 · RSI 71 과열 구간 · 추천가 대비 36.1% 이탈 — 추격 주의,29.1,False,OVERHEAT,1,85.0,1,0,8201.0,,,,,1,1.0,,0,92.9,pctl>0.30,0,,0,1.0
275,001430,세아베스틸지주,KOSPI,철강·금속,40800,75.97,14631.7,0.0,0.0,OVERHEAT,OVERHEAT,5,False,0,False,54.4,54.4,15.9,93.0,0.0,0.0,11.2,36.3,93.0,0.0,0.05,16.7,,0,34950.0,32100.0,41250.0,83900.0,,3.26,1.38,50309,-42.07,특이사항 없음,0,-2.04,64.5,22.6,TIMING 강점,,5일 급등,"과열(급등·MFI·RSI) — 실측 역신호, 관망",NORMAL,82.2,1차 철강 제조업,7597233925.0,67.1,34.78,0,0,7.79,31.4,25.73,27.1,-44.86,-49.19,40.92,-32.86,-76.97,0.837,0.024,0,12.0,1,0,1.01,0.96,0,0,0,1,1,29030.0,-18.9,0.33,False,X,▼,35596,▲,O,X,0.0,250,0,-1,-1,1,86700.0,enter,100.0,NORMAL+PM_BLOCK_INTRADAY+EF:정상,8.15,5.0,2.2,normal,7.0,v1_sl_first_gap_at_open,NORMAL+PM_BLOCK_INTRADAY+EF:정상,SWING_20D,23,SWING_60D,2,SWING_120D,2,0.0,1차 철강 제조업,26.61,16.16375,3.0,29.8,0.0,0.07475490196078431,0.03240022741951004,0.12857142857142856,OK,0.0,UNVALIDATED_MODEL,85.5,85.5,0.0,4,1,0.5,0.5,0.0,STRUCT+TIMING+SECTOR,default,default,default,70,20260805,20260805,,54.4,54.4,54.4,-12.0,-33.79,FRESH,0.291,,False,0.355,True,MATURE,11693.0,ALPHA_WIN_PROB,2.211,,1.81,0.0,상태 OVERHEAT — 신규진입 상태 아님(사이징 제외),0.3559,0.0,0.0,v40_alpha_tilt,,,,,,True,1.1,,ELITE_SCORE,MATURE,11693,2.4.0,OK,,100.0,ATTACK,OK,OK,OK,OK,OK,OK,OK,0,7,True,True,True,,0,GREEN,,,0.0,AVOID,0,진입괴리 16.7% · RR 0.05 · 5일 +31%,0,1,0,0,,0.0,이격도23>15,100.0,GREEN,,,0,False,0,BELOW_OFFICIAL_BAR,TOP_PICK=0,,5.0,IGNORE,IGNORE,NORMAL,0,0,0,0,0,0,0,0,0,CLEAR,,,0,0,0,0,0.0,,,,,,,,,,DISABLED_LOSS_DEFENSE,,,,,,True,False,True,True,True,True,True,True,0.0,0.0,0.0,0.0,0.0,0.0,0.0,0.0,0.0,0.5,False,False,False,1,False,5.6,0.5,G2RR×0.5,,0,0,0,,5.6,0,과열이나 GUARD 미통과 — 레인 제외,False,0.0,0.0,False,,False,True,,0,62.0,36.0,0,1,BLOCK,5일 과열 31.4%,BLOCK,GUARD_BLOCK,1,0.0,신규진입 차단,기존 guard/JULY 차단 · 시장폭 82.2 · 5일 31.4%,69.2,6,53,0,57.97,132,모멘텀확인중(PMS69),-4.0,33552.0,"진입 후 D+1 종가 33,552원(-4%) 이탈 시 익일 조기청산 권고",46.2,"최근 20거래일 유니버스 실측 2일 상승률 46.2% (n=6,245) · 종목별 유의차 미검증",NO_EDGE_VALIDATED,CAUTION,32503.0,38445.0,"⚠️ 과열/추격 주의 · 손절 32,503(-7%)·본전전환 36,698(+5%)·1차익절 38,445(+10%) · ⚡ D+2내 35,649(+2%) 도달 시 절반 익절+잔여 본전 상향 (실측: 초반 급등 후 되돌림 -0.9%)",0,0.0,0,0,진입 조건 미달 · 손익비 0.05 · 손실방어 차단,alpha_gate_v32,CASH,0.0,,,0,NEUTRAL,"중립 레짐 — KOSPI 20일선 아래, 시장폭 82% (실측: 본전 구간 → 진입 허용하되 사이즈 50%)",0.5,1,86.4,36698.0,0.3572,1,이 점수 구간의 과거 실측 승률 29% (표본 11693건) · 거래량 밀집가 대비 -42.1% — 가치영역 근접 (실측 표본 적음) · AI 알파모델 예측 상위 14% (OOS 검증 통과 모델 — 이 구간 실측 승률 36%),중립 레짐 — 사이즈 50% 권장 · 손익비 0.05 <1 — 이길 수 없는 구조 · 추천가 대비 16.7% 이탈 — 추격 주의,29.1,False,OVERHEAT,1,85.0,1,0,35649.0,,,,,1,1.0,,0,68.1,pctl>0.30,0,,0,1.0
276,052690,한전기술,KOSPI,서비스 기타,102500,113.89,39175.5,0.0,0.0,WAIT,OVERHEAT,3,False,0,False,32.6,32.6,22.4,42.7,0.0,0.0,6.9,21.7,42.7,46.6,0.33,1.5,진입적정,0,101000.0,92800.0,105700.0,115500.0,,2.6,0.81,121721,-40.84,특이사항 없음,0,-9.08,56.1,10.11,,,5일 급등,"과열(급등·MFI·RSI) — 실측 역신호, 관망",NORMAL,82.2,"건축기술, 엔지니어링 및 관련 기술 서비스업",11388745894.0,56.4,26.26,0,0,3.54,24.39,13.38,0.79,-40.96,-28.87,14.61,-28.96,-56.65,0.921,0.043,0,12.0,1,0,1.14,0.89,0,0,0,1,-1,103550.0,-15.79,0.5491,False,X,▼,90148,▲,O,X,2.22,250,0,-1,-1,1,177900.0,enter,100.0,NORMAL+PM_BLOCK_INTRADAY+EF:정상,8.12,5.0,0.6,normal,7.0,v1_sl_first_gap_at_open,NORMAL+PM_BLOCK_INTRADAY+EF:정상,SWING_20D,46,ATR_2x,23,SWING_60D,2,0.0,"건축기술, 엔지니어링 및 관련 기술 서비스업",12.922941176470587,7.686470588235293,13.0,60.8,0.0,0.07073170731707316,0.0025985892068028393,0.2978723404255319,OK,0.0,UNVALIDATED_MODEL,51.91935883208792,51.91935883208792,0.0,6,1,0.5,0.5,0.0,STRUCT+TIMING+SECTOR,default,default,default,70,20260805,20260805,,32.6,32.6,32.6,-12.0,-33.79,FRESH,0.291,,False,0.3,True,MATURE,11693.0,ALPHA_WIN_PROB,0.573,,0.573,0.0,상태 OVERHEAT — 신규진입 상태 아님(사이징 제외),0.6357,0.0,0.0,v40_alpha_tilt,,,,,,True,3.1,,ELITE_SCORE,MATURE,11693,2.4.0,OK,,100.0,ATTACK,OK,OK,OK,OK,OK,OK,OK,0,7,True,True,True,,0,GREEN,,,0.0,AVOID,0,RR 0.33,0,0,0,0,,0.0,T=43<70,100.0,GREEN,,,0,False,0,BELOW_OFFICIAL_BAR,TOP_PICK=0,,5.0,IGNORE,IGNORE,NORMAL,0,0,0,0,0,0,0,0,0,CLEAR,,,0,0,0,0,0.0,,,,,,,,,,DISABLED_LOSS_DEFENSE,,,,,,True,False,True,True,True,True,True,True,0.0,0.0,0.0,0.0,0.0,0.0,0.0,0.0,0.0,0.5,False,False,False,2,False,3.4,0.5,G2RR×0.5,,0,0,0,,3.4,0,,False,0.0,0.0,False,,False,True,,0,62.0,36.0,0,1,BLOCK,5일 과열 24.4%,BLOCK,GUARD_BLOCK,1,0.0,신규진입 차단,기존 guard/JULY 차단 · 시장폭 82.2 · 5일 24.4%,49.97,6,169,0,37.83,231,,-4.0,96960.0,"진입 후 D+1 종가 96,960원(-4%) 이탈 시 익일 조기청산 권고",46.2,"최근 20거래일 유니버스 실측 2일 상승률 46.2% (n=6,245) · 종목별 유의차 미검증",NO_EDGE_VALIDATED,OK,93930.0,111100.0,"손절 93,930(-7%)·본전전환 106,050(+5%)·1차익절 111,100(+10%) · ⚡ D+2내 103,020(+2%) 도달 시 절반 익절+잔여 본전 상향 (실측: 초반 급등 후 되돌림 -0.9%)",0,0.0,0,0,알파 84점 (진입선 85점 미달) · 손익비 0.33 · 손실방어 차단,alpha_gate_v32,CASH,0.0,,,0,NEUTRAL,"중립 레짐 — KOSPI 20일선 아래, 시장폭 82% (실측: 본전 구간 → 진입 허용하되 사이즈 50%)",0.5,1,83.6,106050.0,0.3572,1,이 점수 구간의 과거 실측 승률 29% (표본 11693건) · 거래량 밀집가 대비 -40.8% — 가치영역 근접 (실측 표본 적음) · AI 알파모델 예측 상위 16% (OOS 검증 통과 모델 — 이 구간 실측 승률 36%),중립 레짐 — 사이즈 50% 권장 · 손익비 0.33 <1 — 이길 수 없는 구조,29.1,False,WAIT,1,85.0,1,0,103020.0,,,,,1,1.0,,0,48.6,pctl>0.30,0,,0,1.0
277,004800,효성,KOSPI,금융,161800,51.7,27086.0,0.0,0.0,OVERHEAT,OVERHEAT,5,False,0,False,46.8,46.8,40.9,52.8,0.0,0.0,9.4,31.2,52.8,34.0,0.3,1.3,진입적정,0,159800.0,147000.0,166300.0,184700.0,,2.27,1.0,187354,10.34,특이사항 없음,0,-14.35,56.0,10.8,,,5일 급등,"과열(급등·MFI·RSI) — 실측 역신호, 관망",NORMAL,82.2,기타 금융업,5170352600.0,53.5,27.68,0,0,9.1,32.19,7.29,3.25,-38.48,11.13,17.07,-26.48,-16.65,0.609,0.162,1,12.0,1,0,1.1,0.94,0,0,0,1,1,119630.0,-13.64,0.5698,False,X,▲,140397,▲,O,X,6.41,250,0,1,-1,1,274500.0,enter,100.0,NORMAL+PM_BLOCK_INTRADAY+EF:정상,8.01,5.0,0.5,normal,7.0,v1_sl_first_gap_at_open,NORMAL+PM_BLOCK_INTRADAY+EF:정상,BB_UPPER,46,ATR_2x,23,SWING_60D,2,0.0,기타 금융업,14.904375,12.145312500000001,11.0,44.3,0.0,0.07668197068691505,-0.0014009581608809977,0.1919191919191919,OK,0.0,UNVALIDATED_MODEL,51.99036733542281,51.99036733542281,0.0,6,1,0.5,0.5,0.0,STRUCT+TIMING+SECTOR,default,default,default,70,20260805,20260805,,46.8,46.8,46.8,-12.0,-33.79,FRESH,0.291,,False,0.3,True,MATURE,11693.0,ALPHA_WIN_PROB,0.508,,0.508,0.0,상태 OVERHEAT — 신규진입 상태 아님(사이징 제외),0.6632,0.0,0.0,v40_alpha_tilt,,,,,,True,2.8,,ELITE_SCORE,MATURE,11693,2.4.0,OK,,100.0,ATTACK,OK,OK,OK,OK,OK,OK,OK,0,7,True,True,True,,0,GREEN,,,0.0,AVOID,0,RR 0.30 · 5일 +32%,0,1,0,0,,0.0,T=53<70,100.0,GREEN,,,0,False,0,BELOW_OFFICIAL_BAR,TOP_PICK=0,,5.0,IGNORE,IGNORE,NORMAL,0,0,0,0,0,0,0,0,0,CLEAR,,,0,0,0,0,0.0,,,,,,,,,,DISABLED_LOSS_DEFENSE,,,,,,True,False,True,True,True,True,True,True,0.0,0.0,0.0,0.0,0.0,0.0,0.0,0.0,0.0,0.5,False,False,False,0,False,4.7,0.5,G2RR×0.5,,0,0,0,,4.7,0,과열이나 GUARD 미통과 — 레인 제외,False,0.0,0.0,False,,False,True,,0,62.0,36.0,0,1,BLOCK,5일 과열 32.2%,BLOCK,GUARD_BLOCK,1,0.0,신규진입 차단,기존 guard/JULY 차단 · 시장폭 82.2 · 5일 32.2%,56.66,6,121,0,46.91,194,,-4.0,153408.0,"진입 후 D+1 종가 153,408원(-4%) 이탈 시 익일 조기청산 권고",46.2,"최근 20거래일 유니버스 실측 2일 상승률 46.2% (n=6,245) · 종목별 유의차 미검증",NO_EDGE_VALIDATED,CAUTION,148614.0,175780.0,"⚠️ 과열/추격 주의 · 손절 148,614(-7%)·본전전환 167,790(+5%)·1차익절 175,780(+10%) · ⚡ D+2내 162,996(+2%) 도달 시 절반 익절+잔여 본전 상향 (실측: 초반 급등 후 되돌림 -0.9%)",0,0.0,0,0,알파 48점 (진입선 85점 미달) · 손익비 0.30 · 손실방어 차단,alpha_gate_v32,CASH,0.0,,,0,NEUTRAL,"중립 레짐 — KOSPI 20일선 아래, 시장폭 82% (실측: 본전 구간 → 진입 허용하되 사이즈 50%)",0.5,1,47.7,167790.0,0.2713,1,이 점수 구간의 과거 실측 승률 29% (표본 11693건) · 거래량 밀집가 대비 +10.3% — 가치영역 근접 (실측 승률 48%),중립 레짐 — 사이즈 50% 권장 · 손익비 0.30 <1 — 이길 수 없는 구조,29.1,False,OVERHEAT,1,85.0,1,0,162996.0,,,,,1,1.0,,0,32.2,pctl>0.30,0,,0,1.0
278,060370,LS마린솔루션,KOSDAQ,기타,31400,65.99,16403.0,0.0,0.0,OVERHEAT,OVERHEAT,5,False,0,False,34.0,34.0,19.4,48.7,0.0,0.0,7.3,22.7,48.7,39.1,0.22,1.5,진입적정,0,30950.0,28450.0,32050.0,36200.0,,2.79,1.38,32054,-0.75,특이사항 없음,0,-1.74,59.0,13.93,,,5일 급등,"과열(급등·MFI·RSI) — 실측 역신호, 관망",NORMAL,82.2,전기 및 통신 공사업,6598607300.0,65.7,32.8,0,0,6.62,28.16,8.84,19.17,-32.25,8.65,22.98,1.54,36.51,0.605,0.337,0,12.0,1,0,0.88,0.93,0,0,0,1,1,23465.0,-2.04,0.4225,False,X,▼,27341,▲,O,X,3.57,250,0,-1,-1,1,47350.0,enter,100.0,NORMAL+PM_BLOCK_INTRADAY+EF:정상,8.08,5.0,0.4,normal,7.0,v1_sl_first_gap_at_open,NORMAL+PM_BLOCK_INTRADAY+EF:정상,SWING_20D,46,ATR_2x,23,SWING_60D,2,0.0,전기 및 통신 공사업,22.15142857142857,8.541428571428572,9.0,79.9,0.0,0.08359872611464968,-0.0021799327273207118,0.29545454545454547,OK,0.0,UNVALIDATED_MODEL,57.35772949006204,57.35772949006204,0.0,4,1,0.5,0.5,0.0,STRUCT+TIMING+SECTOR,default,default,default,70,20260805,20260805,,34.0,34.0,34.0,-12.0,-33.79,FRESH,0.291,,False,0.3,True,MATURE,11693.0,ALPHA_WIN_PROB,0.44,,0.44,0.0,상태 OVERHEAT — 신규진입 상태 아님(사이징 제외),0.6944,0.0,0.0,v40_alpha_tilt,,,,,,True,2.1,,ELITE_SCORE,MATURE,11693,2.4.0,OK,,100.0,ATTACK,OK,OK,OK,OK,OK,OK,OK,0,7,True,True,True,,0,GREEN,,,0.0,AVOID,0,RR 0.22 · 5일 +28%,0,1,0,0,,0.0,T=49<70,100.0,GREEN,,,0,False,0,BELOW_OFFICIAL_BAR,TOP_PICK=0,,5.0,IGNORE,IGNORE,NORMAL,0,0,0,0,0,0,0,0,0,CLEAR,,,0,0,0,0,0.0,,,,,,,,,,DISABLED_LOSS_DEFENSE,,,,,,True,False,True,True,True,True,True,True,0.0,0.0,0.0,0.0,0.0,0.0,0.0,0.0,0.0,0.5,False,False,False,1,False,3.6,0.5,G2RR×0.5,,0,0,0,,3.6,0,과열이나 GUARD 미통과 — 레인 제외,False,0.0,0.0,False,,False,True,,0,62.0,36.0,0,1,BLOCK,5일 과열 28.2%,BLOCK,GUARD_BLOCK,1,0.0,신규진입 차단,기존 guard/JULY 차단 · 시장폭 82.2 · 5일 28.2%,62.31,6,83,0,44.85,205,모멘텀확인중(PMS62),-4.0,29712.0,"진입 후 D+1 종가 29,712원(-4%) 이탈 시 익일 조기청산 권고",46.2,"최근 20거래일 유니버스 실측 2일 상승률 46.2% (n=6,245) · 종목별 유의차 미검증",NO_EDGE_VALIDATED,CAUTION,28783.0,34045.0,"⚠️ 과열/추격 주의 · 손절 28,783(-7%)·본전전환 32,498(+5%)·1차익절 34,045(+10%) · ⚡ D+2내 31,569(+2%) 도달 시 절반 익절+잔여 본전 상향 (실측: 초반 급등 후 되돌림 -0.9%)",0,0.0,0,0,알파 43점 (진입선 85점 미달) · 손익비 0.22 · 손실방어 차단,alpha_gate_v32,CASH,0.0,,,0,NEUTRAL,"중립 레짐 — KOSPI 20일선 아래, 시장폭 82% (실측: 본전 구간 → 진입 허용하되 사이즈 50%)",0.5,1,43.0,32498.0,0.2713,1,이 점수 구간의 과거 실측 승률 29% (표본 11693건) · 거래량 밀집가 대비 -0.8% — 가치영역 근접 (실측 표본 적음),중립 레짐 — 사이즈 50% 권장 · 손익비 0.22 <1 — 이길 수 없는 구조,29.1,False,OVERHEAT,1,85.0,1,0,31569.0,,,,,1,1.0,,0,68.4,pctl>0.30,0,,0,1.0
279,011790,SKC,KOSPI,화학·소재,81400,157.17,40373.0,0.0,0.0,OVERHEAT,OVERHEAT,5,False,0,False,27.3,27.3,21.5,33.1,0.0,0.0,19.6,18.2,33.1,58.6,2.13,1.5,RR2.1 + 진입적정,0,80200.0,73700.0,97800.0,181000.0,,2.63,0.75,131712,-22.55,특이사항 없음,0,-19.82,42.8,0.67,,,5일 급등,"과열(급등·MFI·RSI) — 실측 역신호, 관망",NORMAL,82.2,기타 화학제품 제조업,15717317750.0,42.7,41.85,0,0,4.23,25.04,2.13,-16.08,-49.09,-22.47,-2.26,-37.09,-50.25,0.98,0.05,0,12.0,1,0,1.48,0.55,0,0,0,1,-1,85720.0,-38.2,0.7223,False,X,▼,69858,▲,O,X,4.1,250,0,-1,-1,1,,enter,100.0,NORMAL+PM_BLOCK_INTRADAY+EF:정상,8.1,5.0,2.7,normal,7.0,v1_sl_first_gap_at_open,NORMAL+PM_BLOCK_INTRADAY+EF:정상,SWING_20D,12,SWING_60D,2,,0,0.0,기타 화학제품 제조업,18.9472,9.67,10.0,86.7,0.0,0.08055458055458055,-0.03062959157882536,0.20833333333333334,OK,0.0,UNVALIDATED_MODEL,43.265606726102874,43.265606726102874,0.0,4,1,0.5,0.5,0.0,STRUCT+TIMING+SECTOR,default,default,default,70,20260805,20260805,,27.3,27.3,27.3,-12.0,-33.79,FRESH,0.291,,False,0.3,True,MATURE,11693.0,ALPHA_WIN_PROB,2.708,,1.81,0.0,상태 OVERHEAT — 신규진입 상태 아님(사이징 제외),0.3559,0.0,0.0,v40_alpha_tilt,,,,,,True,20.1,,ELITE_SCORE,MATURE,11693,2.4.0,OK,,100.0,ATTACK,OK,OK,OK,OK,OK,OK,OK,0,7,True,True,True,,0,GREEN,,,0.0,AVOID,0,5일 +25%,0,1,0,0,,0.0,T=33<70,100.0,GREEN,,,0,False,0,BELOW_OFFICIAL_BAR,TOP_PICK=0,,15.0,IGNORE,IGNORE,NORMAL,0,0,0,0,0,0,0,0,0,CLEAR,,,0,0,0,0,0.0,,,,,,,,,,DISABLED_LOSS_DEFENSE,,,,,,True,False,True,True,True,True,True,True,0.0,0.0,0.0,0.0,0.0,0.0,0.0,0.0,0.0,0.5,False,False,False,2,False,9.8,0.5,G2RR×0.5,,0,0,0,,9.8,0,과열이나 GUARD 미통과 — 레인 제외,False,0.0,0.0,False,,False,True,,0,62.0,35.0,0,1,BLOCK,5일 과열 25.0%,BLOCK,GUARD_BLOCK,1,0.0,신규진입 차단,기존 guard/JULY 차단 · 시장폭 82.2 · 5일 25.0%,33.31,6,253,0,51.02,169,,-4.0,76992.0,"진입 후 D+1 종가 76,992원(-4%) 이탈 시 익일 조기청산 권고",46.2,"최근 20거래일 유니버스 실측 2일 상승률 46.2% (n=6,245) · 종목별 유의차 미검증",NO_EDGE_VALIDATED,CAUTION,74586.0,88220.0,"⚠️ 과열/추격 주의 · 손절 74,586(-7%)·본전전환 84,210(+5%)·1차익절 88,220(+10%) · ⚡ D+2내 81,804(+2%) 도달 시 절반 익절+잔여 본전 상향 (실측: 초반 급등 후 되돌림 -0.9%)",0,0.0,0,0,알파 58점 (진입선 85점 미달) · 손실방어 차단,alpha_gate_v32,CASH,0.0,,,0,NEUTRAL,"중립 레짐 — KOSPI 20일선 아래, 시장폭 82% (실측: 본전 구간 → 진입 허용하되 사이즈 50%)",0.5,1,58.2,84210.0,0.2958,1,이 점수 구간의 과거 실측 승률 29% (표본 11693건) · 거래량 밀집가 대비 -22.6% — 가치영역 근접 (실측 표본 적음) · 손익비 2.1 (손절 -9.5% / 1차목표 +20.1%),중립 레짐 — 사이즈 50% 권장,29.1,True,OVERHEAT,1,85.0,1,0,81804.0,,,,,0,1.0,,0,19.2,pctl>0.30,0,,0,1.0
280,036540,SFA반도체,KOSDAQ,반도체,5240,70.79,8617.7,0.0,0.0,OVERHEAT,OVERHEAT,5,False,0,False,15.6,15.6,31.3,0.0,0.0,0.0,8.7,10.4,31.3,60.9,2.51,1.6,RR2.5 + 진입적정,0,5160.0,4745.0,6480.0,11640.0,,2.08,0.48,8351,-34.66,특이사항 없음,0,-22.19,40.0,2.4,거래품질 우수,,5일 급등,"과열(급등·MFI·RSI) — 실측 역신호, 관망",NORMAL,82.2,반도체 제조업,7078729050.0,51.4,40.9,0,0,4.17,30.02,-4.2,2.75,-37.69,-24.6,6.56,-3.9,3.26,0.969,0.042,0,12.0,1,0,4.19,0.55,0,0,0,1,-1,5624.5,-37.26,0.7177,False,X,▼,4491,▲,O,X,5.96,250,0,-1,-1,1,,enter,100.0,NORMAL+PM_BLOCK_INTRADAY+EF:정상,8.04,5.0,3.2,normal,7.0,v1_sl_first_gap_at_open,NORMAL+PM_BLOCK_INTRADAY+EF:정상,SWING_20D,23,SWING_60D,2,,0,0.0,반도체 제조업,29.595714285714283,5.586428571428571,8.0,43.2,0.0,0.10318974918211558,-0.007609269098584577,0.043478260869565216,OK,0.0,UNVALIDATED_MODEL,18.5,18.5,0.0,4,1,0.5,0.5,0.0,STRUCT+TIMING+SECTOR,default,default,default,70,20260805,20260805,,15.6,15.6,15.6,-12.0,-33.79,FRESH,0.291,,False,0.3,True,MATURE,11693.0,ALPHA_WIN_PROB,3.181,,1.81,0.0,상태 OVERHEAT — 신규진입 상태 아님(사이징 제외),0.3559,0.0,0.0,v40_alpha_tilt,,,,,,True,23.7,,ELITE_SCORE,MATURE,11693,2.4.0,OK,,100.0,ATTACK,OK,OK,OK,OK,OK,OK,OK,0,7,True,True,True,,0,GREEN,,,0.0,AVOID,0,5일 +30%,0,1,0,0,,0.0,T=0<70,100.0,GREEN,,,0,False,0,BELOW_OFFICIAL_BAR,TOP_PICK=0,,15.0,IGNORE,IGNORE,NORMAL,0,0,0,0,0,0,0,0,0,CLEAR,,,0,0,0,0,0.0,,,,,,,,,,DISABLED_LOSS_DEFENSE,,,,,,True,False,True,True,True,True,True,True,0.0,0.0,0.0,0.0,0.0,0.0,0.0,0.0,0.0,0.3,False,False,False,2,False,2.6,0.3,G2RR×0.3,,0,0,0,,2.6,0,과열이나 GUARD 미통과 — 레인 제외,False,0.0,0.0,False,,False,True,,0,62.0,35.0,0,1,BLOCK,5일 과열 30.0%,BLOCK,GUARD_BLOCK,1,0.0,신규진입 차단,기존 guard/JULY 차단 · 시장폭 82.2 · 5일 30.0%,15.82,6,314,0,25.25,270,,-4.0,4954.0,"진입 후 D+1 종가 4,954원(-4%) 이탈 시 익일 조기청산 권고",46.2,"최근 20거래일 유니버스 실측 2일 상승률 46.2% (n=6,245) · 종목별 유의차 미검증",NO_EDGE_VALIDATED,CAUTION,4799.0,5676.0,"⚠️ 과열/추격 주의 · 손절 4,799(-7%)·본전전환 5,418(+5%)·1차익절 5,676(+10%) · ⚡ D+2내 5,263(+2%) 도달 시 절반 익절+잔여 본전 상향 (실측: 초반 급등 후 되돌림 -0.9%)",0,0.0,0,0,알파 34점 (진입선 85점 미달) · 손실방어 차단,alpha_gate_v32,CASH,0.0,,,0,NEUTRAL,"중립 레짐 — KOSPI 20일선 아래, 시장폭 82% (실측: 본전 구간 → 진입 허용하되 사이즈 50%)",0.5,1,34.1,5418.0,0.2433,1,이 점수 구간의 과거 실측 승률 29% (표본 11693건) · 거래량 밀집가 대비 -34.7% — 가치영역 근접 (실측 표본 적음) · 손익비 2.5 (손절 -9.4% / 1차목표 +23.7%),중립 레짐 — 사이즈 50% 권장,29.1,True,OVERHEAT,1,85.0,1,0,5263.0,,,,,0,1.0,,0,13.9,pctl>0.30,0,,0,1.0
281,001820,삼화콘덴서,KOSPI,IT/전기전자,80800,394.95,8399.2,0.0,0.0,OVERHEAT,OVERHEAT,5,False,0,False,20.0,20.0,24.5,15.4,0.0,0.0,13.4,13.3,24.5,69.4,3.87,1.5,RR3.9 + 진입적정,0,79600.0,73200.0,110200.0,116700.0,,0.33,0.88,123144,25.23,특이사항 없음,0,-27.66,40.7,-3.59,거래품질 우수,,5일 급등,"과열(급등·MFI·RSI) — 실측 역신호, 관망",NORMAL,82.2,전자부품 제조업,39494583550.0,52.6,62.91,0,0,3.99,28.46,-6.48,-25.05,22.42,152.9,-11.23,34.42,125.12,0.611,0.043,1,12.0,1,0,2.44,0.4,0,0,0,0,-1,90220.0,-34.39,1.2547,False,X,▲,66672,▲,O,X,11.84,250,0,1,1,1,196800.0,split,50.0,NORMAL+PM_BLOCK_INTRADAY+EF:갭 7%+ 분할 진입+ENTRY:split,8.04,5.0,4.8,normal,7.0,v1_sl_first_gap_at_open,NORMAL+PM_BLOCK_INTRADAY+EF:갭 7%+ 분할 진입+ENTRY:split,BB_UPPER,12,SWING_20D,5,SWING_60D,2,0.0,전자부품 제조업,28.983018867924528,12.636603773584905,4.0,69.5,0.0,0.12332036775106081,0.020773460165581705,0.0,OK,0.0,UNVALIDATED_MODEL,19.302631664715026,19.302631664715026,0.0,4,1,0.5,0.5,0.0,STRUCT+TIMING+SECTOR,default,default,default,70,20260805,20260805,,20.0,20.0,20.0,-12.0,-33.79,FRESH,0.291,,False,0.3,True,MATURE,11693.0,ALPHA_WIN_PROB,4.781,,1.81,0.0,상태 OVERHEAT — 신규진입 상태 아님(사이징 제외),0.3559,0.0,0.0,v40_alpha_tilt,,,,,,True,36.4,,ELITE_SCORE,MATURE,11693,2.4.0,OK,,100.0,ATTACK,OK,OK,OK,OK,OK,OK,OK,0,7,True,True,True,,0,GREEN,,,0.0,AVOID,0,5일 +28%,0,1,0,0,,0.0,T=15<70,100.0,GREEN,,,0,False,0,BELOW_OFFICIAL_BAR,TOP_PICK=0,,15.0,IGNORE,IGNORE,NORMAL,0,0,0,0,0,0,0,0,0,CLEAR,,,0,0,0,0,0.0,,,,,,,,,,DISABLED_LOSS_DEFENSE,,,,,,True,False,True,True,True,True,True,True,0.0,0.0,0.0,0.0,0.0,0.0,0.0,0.0,0.0,0.5,False,False,False,2,False,6.7,0.5,G2RR×0.5,,0,0,0,,6.7,0,과열이나 GUARD 미통과 — 레인 제외,False,0.0,0.0,False,,False,True,,0,62.0,35.0,0,1,BLOCK,5일 과열 28.5%,BLOCK,GUARD_BLOCK,1,0.0,신규진입 차단,기존 guard/JULY 차단 · 시장폭 82.2 · 5일 28.5%,35.94,6,245,0,45.29,203,,-4.0,76416.0,"진입 후 D+1 종가 76,416원(-4%) 이탈 시 익일 조기청산 권고",46.2,"최근 20거래일 유니버스 실측 2일 상승률 46.2% (n=6,245) · 종목별 유의차 미검증",NO_EDGE_VALIDATED,CAUTION,74028.0,87560.0,"⚠️ 과열/추격 주의 · 손절 74,028(-7%)·본전전환 83,580(+5%)·1차익절 87,560(+10%) · ⚡ D+2내 81,192(+2%) 도달 시 절반 익절+잔여 본전 상향 (실측: 초반 급등 후 되돌림 -0.9%)",0,0.0,0,0,알파 3점 (진입선 85점 미달) · 손실방어 차단 · POC 확장 25% (추격 위험),alpha_gate_v32,CASH,0.0,,,1,NEUTRAL,"중립 레짐 — KOSPI 20일선 아래, 시장폭 82% (실측: 본전 구간 → 진입 허용하되 사이즈 50%)",0.5,1,2.8,83580.0,0.2386,1,이 점수 구간의 과거 실측 승률 29% (표본 11693건) · 손익비 3.9 (손절 -9.4% / 1차목표 +36.4%),중립 레짐 — 사이즈 50% 권장 · 거래량 밀집가 대비 +25.2% 확장 (실측 승률 20% — 추격 위험) · AI 알파모델 예측 하위 3% — 이 구간 실측 승률 24% — 픽 제외 구간,29.1,False,OVERHEAT,1,85.0,1,0,81192.0,,,,,0,1.0,,0,7.1,pctl>0.30,1,"⛔ 위험구간 — 알파 하위10% + 저점추세 하위30% (실측 5일 -2.88%·승률 21.5%, 20일 승률 10.8%) · 보유 중이면 정리 검토",0,1.0
282,097230,HJ중공업,KOSPI,건설·부동산,17200,68.17,15530.8,0.0,0.0,OVERHEAT,OVERHEAT,5,False,0,False,27.8,27.8,22.5,33.1,0.0,0.0,6.0,18.5,33.1,58.6,0.69,1.5,진입적정,0,16940.0,15580.0,18320.0,19610.0,,2.26,0.72,20770,-36.96,특이사항 없음,0,-6.65,57.1,9.78,,,5일 급등,"과열(급등·MFI·RSI) — 실측 역신호, 관망",NORMAL,82.2,토목 건설업,6817471395.0,61.6,27.29,0,0,3.8,25.73,15.98,-2.22,-35.46,-28.93,11.6,-23.46,-56.71,0.949,0.021,0,12.0,1,0,1.09,0.79,0,0,0,1,-1,17926.0,-17.19,0.5603,False,X,▼,15410,▲,O,X,2.6,250,0,-1,-1,1,28150.0,enter,100.0,NORMAL+PM_BLOCK_INTRADAY+EF:정상,8.03,5.0,1.0,normal,7.0,v1_sl_first_gap_at_open,NORMAL+PM_BLOCK_INTRADAY+EF:정상,SWING_20D,46,ATR_2x,23,SWING_60D,2,0.0,토목 건설업,31.53,22.859,2.0,46.6,0.0,0.07745016611295681,0.0046143304734764965,0.5588235294117647,OK,0.0,UNVALIDATED_MODEL,36.07939407467721,36.07939407467721,0.0,4,1,0.5,0.5,0.0,STRUCT+TIMING+SECTOR,default,default,default,70,20260805,20260805,,27.8,27.8,27.8,-12.0,-33.79,FRESH,0.291,,False,0.3,True,MATURE,11693.0,ALPHA_WIN_PROB,1.015,,1.015,0.0,상태 OVERHEAT — 신규진입 상태 아님(사이징 제외),0.4964,0.0,0.0,v40_alpha_tilt,,,,,,True,6.5,,ELITE_SCORE,MATURE,11693,2.4.0,OK,,100.0,ATTACK,OK,OK,OK,OK,OK,OK,OK,0,7,True,True,True,,0,GREEN,,,0.0,AVOID,0,RR 0.69 · 5일 +26%,0,1,0,0,,0.0,T=33<70,100.0,GREEN,,,0,False,0,BELOW_OFFICIAL_BAR,TOP_PICK=0,,5.0,IGNORE,IGNORE,NORMAL,0,0,0,0,0,0,0,0,0,CLEAR,,,0,0,0,0,0.0,,,,,,,,,,DISABLED_LOSS_DEFENSE,,,,,,True,False,True,True,True,True,True,True,0.0,0.0,0.0,0.0,0.0,0.0,0.0,0.0,0.0,0.5,False,False,False,2,False,3.0,0.5,G2RR×0.5,,0,0,0,,3.0,0,과열이나 GUARD 미통과 — 레인 제외,False,0.0,0.0,False,,False,True,,0,62.0,32.0,0,1,BLOCK,5일 과열 25.7%,BLOCK,GUARD_BLOCK,1,0.0,신규진입 차단,기존 guard/JULY 차단 · 시장폭 82.2 · 5일 25.7%,42.44,6,219,0,33.37,248,,-4.0,16262.0,"진입 후 D+1 종가 16,262원(-4%) 이탈 시 익일 조기청산 권고",46.2,"최근 20거래일 유니버스 실측 2일 상승률 46.2% (n=6,245) · 종목별 유의차 미검증",NO_EDGE_VALIDATED,CAUTION,15754.0,18634.0,"⚠️ 과열/추격 주의 · 손절 15,754(-7%)·본전전환 17,787(+5%)·1차익절 18,634(+10%) · ⚡ D+2내 17,279(+2%) 도달 시 절반 익절+잔여 본전 상향 (실측: 초반 급등 후 되돌림 -0.9%)",0,0.0,0,0,진입 조건 미달 · 손익비 0.69 · 손실방어 차단,alpha_gate_v32,CASH,0.0,,,0,NEUTRAL,"중립 레짐 — KOSPI 20일선 아래, 시장폭 82% (실측: 본전 구간 → 진입 허용하되 사이즈 50%)",0.5,1,90.7,17787.0,0.3888,1,이 점수 구간의 과거 실측 승률 29% (표본 11693건) · 거래량 밀집가 대비 -37.0% — 가치영역 근접 (실측 표본 적음) · AI 알파모델 예측 상위 9% (OOS 검증 통과 모델 — 이 구간 실측 승률 39%),중립 레짐 — 사이즈 50% 권장 · 손익비 0.69 <1 — 이길 수 없는 구조,29.1,False,OVERHEAT,1,85.0,1,0,17279.0,,,,,1,1.0,,0,54.0,pctl>0.30,0,,0,1.0
283,272210,한화시스템,KOSPI,IT/전기전자,72400,296.94,136777.6,0.0,0.0,OVERHEAT,OVERHEAT,5,False,0,False,26.2,26.2,18.1,34.4,0.0,0.0,5.7,17.5,34.4,57.0,0.21,1.5,진입적정,0,71300.0,65600.0,73800.0,84000.0,,3.46,0.57,86811,-48.99,특이사항 없음,0,-14.21,56.9,12.79,,,5일 급등,"과열(급등·MFI·RSI) — 실측 역신호, 관망",NORMAL,82.2,전자부품 제조업,29693751950.0,52.9,29.71,0,0,4.78,33.58,16.96,2.84,-37.53,-34.95,16.66,-25.53,-62.73,0.913,0.023,0,12.0,1,0,1.02,0.97,8616,652,9268,1,-1,74450.0,-16.6,0.6506,False,X,▼,62154,▲,O,X,0.87,250,0,-1,-1,1,119300.0,enter,100.0,NORMAL+PM_BLOCK_INTRADAY+EF:정상,7.99,4.0,0.4,normal,7.0,v1_sl_first_gap_at_open,NORMAL+PM_BLOCK_INTRADAY+EF:정상,BB_UPPER,46,ATR_2x,23,SWING_60D,2,0.0,전자부품 제조업,28.983018867924528,12.636603773584905,4.0,36.3,0.0,0.08770718232044199,-0.0028547124268140938,0.1111111111111111,OK,0.0,UNVALIDATED_MODEL,40.83193186606175,40.83193186606175,0.0,4,1,0.5,0.5,0.0,STRUCT+TIMING+SECTOR,default,default,default,70,20260805,20260805,,26.2,26.2,26.2,-12.0,-33.79,FRESH,0.291,,False,0.3,True,MATURE,11693.0,ALPHA_WIN_PROB,0.439,,0.439,0.0,상태 OVERHEAT — 신규진입 상태 아님(사이징 제외),0.6951,0.0,0.0,v40_alpha_tilt,,,,,,True,1.9,,ELITE_SCORE,MATURE,11693,2.4.0,OK,,100.0,ATTACK,OK,OK,OK,OK,OK,OK,OK,0,7,True,True,True,,0,GREEN,,,0.0,AVOID,0,RR 0.21 · 5일 +34%,0,1,0,0,,0.0,T=34<70,100.0,GREEN,,,0,False,0,BELOW_OFFICIAL_BAR,TOP_PICK=0,,5.0,IGNORE,IGNORE,NORMAL,0,0,0,0,0,0,0,0,0,CLEAR,,,0,0,0,0,0.0,,,,,,,,,,DISABLED_LOSS_DEFENSE,,,,,,True,False,True,True,True,True,True,True,0.0,0.0,0.0,0.0,0.0,0.0,0.0,0.0,0.0,0.5,False,False,False,2,False,2.8,0.5,G2RR×0.5,,0,0,0,,2.8,0,과열이나 GUARD 미통과 — 레인 제외,False,0.0,0.0,False,,False,True,,0,62.0,32.0,0,1,BLOCK,5일 과열 33.6%,BLOCK,GUARD_BLOCK,1,0.0,신규진입 차단,기존 guard/JULY 차단 · 시장폭 82.2 · 5일 33.6%,47.21,6,186,0,35.21,238,,-4.0,68448.0,"진입 후 D+1 종가 68,448원(-4%) 이탈 시 익일 조기청산 권고",46.2,"최근 20거래일 유니버스 실측 2일 상승률 46.2% (n=6,245) · 종목별 유의차 미검증",NO_EDGE_VALIDATED,CAUTION,66309.0,78430.0,"⚠️ 과열/추격 주의 · 손절 66,309(-7%)·본전전환 74,865(+5%)·1차익절 78,430(+10%) · ⚡ D+2내 72,726(+2%) 도달 시 절반 익절+잔여 본전 상향 (실측: 초반 급등 후 되돌림 -0.9%)",0,0.0,0,0,알파 82점 (진입선 85점 미달) · 손익비 0.21 · 손실방어 차단,alpha_gate_v32,CASH,0.0,,,0,NEUTRAL,"중립 레짐 — KOSPI 20일선 아래, 시장폭 82% (실측: 본전 구간 → 진입 허용하되 사이즈 50%)",0.5,1,82.0,74865.0,0.3572,1,이 점수 구간의 과거 실측 승률 29% (표본 11693건) · 거래량 밀집가 대비 -49.0% — 가치영역 근접 (실측 표본 적음) · AI 알파모델 예측 상위 18% (OOS 검증 통과 모델 — 이 구간 실측 승률 36%),중립 레짐 — 사이즈 50% 권장 · 손익비 0.21 <1 — 이길 수 없는 구조,29.1,False,OVERHEAT,1,85.0,1,0,72726.0,,,,,1,1.0,,0,33.1,pctl>0.30,0,,0,1.0
284,499790,GS피앤엘,KOSPI,금융,44500,122.49,8824.7,0.0,0.0,OVERHEAT,OVERHEAT,5,False,0,False,19.2,19.2,16.8,21.7,0.0,0.0,4.2,12.8,21.7,72.9,0.46,1.7,진입적정,0,43750.0,40250.0,46450.0,49900.0,,1.93,2.05,42961,-10.84,특이사항 없음,0,-13.65,59.0,13.47,,,5일 급등,"과열(급등·MFI·RSI) — 실측 역신호, 관망",NORMAL,82.2,기타 금융업,12248911825.0,53.7,29.12,0,0,10.56,27.87,17.11,6.33,-18.8,-26.81,20.15,-6.8,-54.59,0.698,0.305,0,12.0,0,0,1.08,0.86,0,0,0,1,1,34437.5,3.58,0.5858,False,X,▼,36501,▲,O,X,6.83,250,0,-1,-1,1,56100.0,split,50.0,NORMAL+PM_BLOCK_INTRADAY+EF:당일 10%+ 급등 분할 진입+ENTRY:split,8.0,5.0,0.8,normal,7.0,v1_sl_first_gap_at_open,NORMAL+PM_BLOCK_INTRADAY+EF:당일 10%+ 급등 분할 진입+ENTRY:split,SWING_20D,46,ATR_2x,23,SWING_60D,5,0.0,기타 금융업,14.904375,12.145312500000001,11.0,39.3,0.0,0.06890048154093098,0.00012889574141976417,0.45348837209302323,OK,0.0,UNVALIDATED_MODEL,42.0,42.0,0.0,4,1,0.5,0.5,0.0,STRUCT+TIMING+SECTOR,default,default,default,70,20260805,20260805,,19.2,19.2,19.2,-12.0,-33.79,FRESH,0.291,,False,0.3,True,MATURE,11693.0,ALPHA_WIN_PROB,0.771,,0.771,0.0,상태 OVERHEAT — 신규진입 상태 아님(사이징 제외),0.5645,0.0,0.0,v40_alpha_tilt,,,,,,True,4.4,,ELITE_SCORE,MATURE,11693,2.4.0,OK,,100.0,ATTACK,OK,OK,OK,OK,OK,OK,OK,0,7,True,True,True,,0,GREEN,,,0.0,AVOID,0,RR 0.46 · 5일 +28%,0,1,0,0,,0.0,T=22<70 · 전일+11%,100.0,GREEN,,,0,False,0,BELOW_OFFICIAL_BAR,TOP_PICK=0,,5.0,IGNORE,IGNORE,NORMAL,0,0,0,0,0,0,0,0,0,CLEAR,,,0,0,0,0,0.0,,,,,,,,,,DISABLED_LOSS_DEFENSE,,,,,,True,False,True,True,True,True,True,True,0.0,0.0,0.0,0.0,0.0,0.0,0.0,0.0,0.0,0.5,False,False,False,1,False,2.1,0.5,G2RR×0.5,,0,0,0,,2.1,0,과열이나 GUARD 미통과 — 레인 제외,False,0.0,0.0,False,,False,True,,0,62.0,32.0,0,1,BLOCK,5일 과열 27.9%,BLOCK,GUARD_BLOCK,1,0.0,신규진입 차단,기존 guard/JULY 차단 · 시장폭 82.2 · 5일 27.9%,60.86,6,92,0,40.49,222,모멘텀확인중(PMS61),-4.0,42000.0,"진입 후 D+1 종가 42,000원(-4%) 이탈 시 익일 조기청산 권고",46.2,"최근 20거래일 유니버스 실측 2일 상승률 46.2% (n=6,245) · 종목별 유의차 미검증",NO_EDGE_VALIDATED,CAUTION,40688.0,48125.0,"⚠️ 과열/추격 주의 · 손절 40,688(-7%)·본전전환 45,938(+5%)·1차익절 48,125(+10%) · ⚡ D+2내 44,625(+2%) 도달 시 절반 익절+잔여 본전 상향 (실측: 초반 급등 후 되돌림 -0.9%)",0,0.0,0,0,알파 28점 (진입선 85점 미달) · 손익비 0.46 · 손실방어 차단,alpha_gate_v32,CASH,0.0,,,0,NEUTRAL,"중립 레짐 — KOSPI 20일선 아래, 시장폭 82% (실측: 본전 구간 → 진입 허용하되 사이즈 50%)",0.5,1,28.5,45938.0,0.2452,1,이 점수 구간의 과거 실측 승률 29% (표본 11693건) · 거래량 밀집가 대비 -10.8% — 가치영역 근접 (실측 표본 적음),중립 레짐 — 사이즈 50% 권장 · 손익비 0.46 <1 — 이길 수 없는 구조 · AI 알파모델 예측 하위 28% — 이 구간 실측 승률 25% — 픽 제외 구간,29.1,False,OVERHEAT,1,85.0,1,0,44625.0,,,,,1,1.0,,0,36.2,pctl>0.30,0,,0,1.0
285,007660,이수페타시스,KOSPI,IT/전기전자,84700,526.17,62177.6,0.0,0.0,OVERHEAT,OVERHEAT,5,False,0,False,4.2,4.2,0.0,8.5,0.0,0.0,3.7,2.8,8.5,89.4,2.91,1.6,밸런스우수 + RR2.9 + 진입적정,0,83400.0,76700.0,108000.0,150100.0,,1.12,0.75,114887,-31.13,특이사항 없음,0,-30.32,39.9,-1.15,,,5일 급등,"과열(급등·MFI·RSI) — 실측 역신호, 관망",NORMAL,82.2,전자부품 제조업,52617165250.0,48.6,56.6,0,0,6.41,32.34,-7.53,-13.57,-39.97,-29.42,0.25,-27.97,-57.2,0.98,0.03,0,12.0,1,0,1.52,0.53,0,0,0,0,-1,89520.0,-26.28,0.9934,False,X,▼,68681,▲,O,X,7.79,250,0,-1,-1,1,164400.0,split,50.0,NORMAL+PM_BLOCK_INTRADAY+EF:갭 7%+ 분할 진입+ENTRY:split,8.03,4.0,3.7,normal,7.0,v1_sl_first_gap_at_open,NORMAL+PM_BLOCK_INTRADAY+EF:갭 7%+ 분할 진입+ENTRY:split,SWING_20D,12,SWING_60D,2,SWING_120D,2,0.0,전자부품 제조업,28.983018867924528,12.636603773584905,4.0,83.5,0.0,0.10904031033901164,-0.013785826311380303,0.044444444444444446,OK,0.0,UNVALIDATED_MODEL,26.51583612514148,26.51583612514148,0.0,4,1,0.5,0.5,0.0,STRUCT+TIMING+SECTOR,default,default,default,70,20260805,20260805,,4.2,4.2,4.2,-12.0,-33.79,FRESH,0.291,,False,0.3,True,MATURE,11693.0,ALPHA_WIN_PROB,3.672,,1.81,0.0,상태 OVERHEAT — 신규진입 상태 아님(사이징 제외),0.3559,0.0,0.0,v40_alpha_tilt,,,,,,True,27.5,,ELITE_SCORE,MATURE,11693,2.4.0,OK,,100.0,ATTACK,OK,OK,OK,OK,OK,OK,OK,0,7,True,True,True,,0,GREEN,,,0.0,AVOID,0,5일 +32%,0,1,0,0,,0.0,T=8<70,100.0,GREEN,,,0,False,0,BELOW_OFFICIAL_BAR,TOP_PICK=0,,15.0,IGNORE,IGNORE,NORMAL,0,0,0,0,0,0,0,0,0,CLEAR,,,0,0,0,0,0.0,,,,,,,,,,DISABLED_LOSS_DEFENSE,,,,,,True,False,True,True,False,True,True,True,0.0,0.0,0.0,0.0,20.0,0.0,0.0,0.0,20.0,0.5,False,True,False,3,False,0.0,0.0,G2RR×0.5 · G5추세붕괴3축,,0,0,0,,0.0,0,과열이나 GUARD 미통과 — 레인 제외,False,0.0,0.0,False,,False,True,,0,62.0,27.0,0,1,BLOCK,5일 과열 32.3%,BLOCK,GUARD_BLOCK,1,0.0,신규진입 차단,기존 guard/JULY 차단 · 시장폭 82.2 · 5일 32.3%,30.99,6,265,0,25.09,272,,-4.0,80064.0,"진입 후 D+1 종가 80,064원(-4%) 이탈 시 익일 조기청산 권고",46.2,"최근 20거래일 유니버스 실측 2일 상승률 46.2% (n=6,245) · 종목별 유의차 미검증",NO_EDGE_VALIDATED,CAUTION,77562.0,91740.0,"⚠️ 과열/추격 주의 · 손절 77,562(-7%)·본전전환 87,570(+5%)·1차익절 91,740(+10%) · ⚡ D+2내 85,068(+2%) 도달 시 절반 익절+잔여 본전 상향 (실측: 초반 급등 후 되돌림 -0.9%)",0,0.0,0,0,알파 58점 (진입선 85점 미달) · 손실방어 차단,alpha_gate_v32,CASH,0.0,,,0,NEUTRAL,"중립 레짐 — KOSPI 20일선 아래, 시장폭 82% (실측: 본전 구간 → 진입 허용하되 사이즈 50%)",0.5,1,58.5,87570.0,0.2958,1,이 점수 구간의 과거 실측 승률 29% (표본 11693건) · 거래량 밀집가 대비 -31.1% — 가치영역 근접 (실측 표본 적음) · 손익비 2.9 (손절 -9.4% / 1차목표 +27.5%),중립 레짐 — 사이즈 50% 권장,29.1,True,OVERHEAT,1,85.0,1,0,85068.0,,,,,0,1.0,,0,5.9,pctl>0.30,0,,0,1.0
286,122640,예스티,KOSDAQ,조선·기계·설비,22450,92.42,4850.2,0.0,0.0,OVERHEAT,OVERHEAT,5,False,0,False,0.0,0.0,0.0,0.0,0.0,0.0,0.0,0.0,0.0,100.0,2.56,1.6,밸런스우수 + RR2.6 + 진입적정,0,22100.0,20300.0,27950.0,33050.0,,0.9,0.77,31951,-10.18,특이사항 없음,0,-32.51,30.0,-8.51,,,5일 급등,"과열(급등·MFI·RSI) — 실측 역신호, 관망",NORMAL,82.2,특수 목적용 기계 제조업,9242420225.0,18.8,73.27,0,0,5.9,26.84,-11.79,-18.66,-13.32,8.45,-14.85,20.47,36.31,0.851,0.218,0,12.0,0,0,1.66,0.36,0,0,0,0,-1,26493.0,-29.74,1.2072,False,X,▼,18319,▲,O,X,6.13,250,0,-1,-1,1,44000.0,enter,100.0,NORMAL+PM_BLOCK_INTRADAY+EF:정상,8.14,6.0,3.2,normal,7.0,v1_sl_first_gap_at_open,NORMAL+PM_BLOCK_INTRADAY+EF:정상,ATR_2x,23,SWING_20D,5,SWING_60D,2,0.0,특수 목적용 기계 제조업,27.58121951219512,8.227560975609755,6.0,86.2,0.0,0.12952593063951637,-0.1558681019118156,0.4444444444444444,OK,0.0,UNVALIDATED_MODEL,5.407601027005146,5.407601027005146,0.0,4,1,0.5,0.5,0.0,STRUCT+TIMING+SECTOR,default,default,default,70,20260805,20260805,,0.0,0.0,0.0,-12.0,-33.79,FRESH,0.291,,False,0.3,True,MATURE,11693.0,ALPHA_WIN_PROB,3.25,,1.81,0.0,상태 OVERHEAT — 신규진입 상태 아님(사이징 제외),0.3559,0.0,0.0,v40_alpha_tilt,,,,,,True,24.5,,ELITE_SCORE,MATURE,11693,2.4.0,OK,,100.0,ATTACK,OK,OK,OK,OK,OK,OK,OK,0,7,True,True,True,,0,GREEN,,,0.0,AVOID,0,5일 +27%,0,1,0,0,,0.0,T=0<70,100.0,GREEN,,,0,False,0,BELOW_OFFICIAL_BAR,TOP_PICK=0,,15.0,IGNORE,IGNORE,NORMAL,0,0,0,0,0,0,0,0,0,CLEAR,,,0,0,0,0,0.0,,,,,,,,,,DISABLED_LOSS_DEFENSE,,,,,,True,False,True,True,False,True,True,True,0.0,0.0,0.0,0.0,20.0,0.0,0.0,0.0,20.0,0.3,False,True,False,3,False,0.0,0.0,G2RR×0.3 · G5추세붕괴3축,,0,0,0,,0.0,0,과열이나 GUARD 미통과 — 레인 제외,False,0.0,0.0,False,,False,True,,0,62.0,27.0,0,1,BLOCK,5일 과열 26.8%,BLOCK,GUARD_BLOCK,1,0.0,신규진입 차단,기존 guard/JULY 차단 · 시장폭 82.2 · 5일 26.8%,16.62,6,312,0,11.95,315,,-4.0,21216.0,"진입 후 D+1 종가 21,216원(-4%) 이탈 시 익일 조기청산 권고",46.2,"최근 20거래일 유니버스 실측 2일 상승률 46.2% (n=6,245) · 종목별 유의차 미검증",NO_EDGE_VALIDATED,CAUTION,20553.0,24310.0,"⚠️ 과열/추격 주의 · 손절 20,553(-7%)·본전전환 23,205(+5%)·1차익절 24,310(+10%) · ⚡ D+2내 22,542(+2%) 도달 시 절반 익절+잔여 본전 상향 (실측: 초반 급등 후 되돌림 -0.9%)",0,0.0,0,0,알파 16점 (진입선 85점 미달) · 손실방어 차단,alpha_gate_v32,CASH,0.0,,,0,NEUTRAL,"중립 레짐 — KOSPI 20일선 아래, 시장폭 82% (실측: 본전 구간 → 진입 허용하되 사이즈 50%)",0.5,1,15.5,23205.0,0.2489,1,이 점수 구간의 과거 실측 승률 29% (표본 11693건) · 거래량 밀집가 대비 -10.2% — 가치영역 근접 (실측 표본 적음) · 손익비 2.6 (손절 -9.6% / 1차목표 +24.5%),중립 레짐 — 사이즈 50% 권장 · AI 알파모델 예측 하위 16% — 이 구간 실측 승률 25% — 픽 제외 구간,29.1,True,OVERHEAT,1,85.0,1,0,22542.0,,,,,0,1.0,,0,3.7,pctl>0.30,0,,0,1.0
287,084370,유진테크,KOSDAQ,조선·기계·설비,123300,199.4,28255.5,0.0,0.0,OVERHEAT,OVERHEAT,5,False,0,False,0.0,0.0,0.0,0.0,0.0,0.0,0.0,0.0,0.0,100.0,4.01,1.5,밸런스우수 + RR4.0 + 진입적정,0,121500.0,111700.0,169800.0,178700.0,,0.42,0.68,149386,-2.7,특이사항 없음,0,-27.1,34.0,-2.41,,,5일 급등,"과열(급등·MFI·RSI) — 실측 역신호, 관망",NORMAL,82.2,특수 목적용 기계 제조업,19940243050.0,30.6,68.63,0,0,4.14,27.38,4.23,-15.61,-17.03,27.77,-11.8,16.76,55.63,0.78,0.399,0,12.0,1,0,1.49,0.4,0,0,0,0,-1,135360.0,-17.46,1.2694,False,X,▼,99108,▲,O,X,8.78,250,0,-1,-1,1,231500.0,split,50.0,NORMAL+PM_BLOCK_INTRADAY+EF:갭 7%+ 분할 진입+ENTRY:split,8.07,5.0,4.9,normal,7.0,v1_sl_first_gap_at_open,NORMAL+PM_BLOCK_INTRADAY+EF:갭 7%+ 분할 진입+ENTRY:split,BB_UPPER,12,SWING_20D,5,SWING_60D,2,0.0,특수 목적용 기계 제조업,27.58121951219512,8.227560975609755,6.0,63.0,0.0,0.12095933263816475,-0.023878452271518632,0.07407407407407407,OK,0.0,UNVALIDATED_MODEL,18.008602711835447,18.008602711835447,0.0,4,1,0.5,0.5,0.0,STRUCT+TIMING+SECTOR,default,default,default,70,20260805,20260805,,0.0,0.0,0.0,-12.0,-33.79,FRESH,0.291,,False,0.3,True,MATURE,11693.0,ALPHA_WIN_PROB,4.929,,1.81,0.0,상태 OVERHEAT — 신규진입 상태 아님(사이징 제외),0.3559,0.0,0.0,v40_alpha_tilt,,,,,,True,37.7,,ELITE_SCORE,MATURE,11693,2.4.0,OK,,100.0,ATTACK,OK,OK,OK,OK,OK,OK,OK,0,7,True,True,True,,0,GREEN,,,0.0,AVOID,0,5일 +27%,0,1,0,0,,0.0,T=0<70,100.0,GREEN,,,0,False,0,BELOW_OFFICIAL_BAR,TOP_PICK=0,,15.0,IGNORE,IGNORE,NORMAL,0,0,0,0,0,0,0,0,0,CLEAR,,,0,0,0,0,0.0,,,,,,,,,,DISABLED_LOSS_DEFENSE,,,,,,True,False,True,True,False,True,True,True,0.0,0.0,0.0,0.0,20.0,0.0,0.0,0.0,20.0,0.3,False,True,False,3,False,0.0,0.0,G2RR×0.3 · G5추세붕괴3축,,0,0,0,,0.0,0,과열이나 GUARD 미통과 — 레인 제외,False,0.0,0.0,False,,False,True,,0,62.0,27.0,0,1,BLOCK,5일 과열 27.4%,BLOCK,GUARD_BLOCK,1,0.0,신규진입 차단,기존 guard/JULY 차단 · 시장폭 82.2 · 5일 27.4%,23.84,6,290,0,15.56,303,,-4.0,116640.0,"진입 후 D+1 종가 116,640원(-4%) 이탈 시 익일 조기청산 권고",46.2,"최근 20거래일 유니버스 실측 2일 상승률 46.2% (n=6,245) · 종목별 유의차 미검증",NO_EDGE_VALIDATED,CAUTION,112995.0,133650.0,"⚠️ 과열/추격 주의 · 손절 112,995(-7%)·본전전환 127,575(+5%)·1차익절 133,650(+10%) · ⚡ D+2내 123,930(+2%) 도달 시 절반 익절+잔여 본전 상향 (실측: 초반 급등 후 되돌림 -0.9%)",0,0.0,0,0,알파 14점 (진입선 85점 미달) · 손실방어 차단,alpha_gate_v32,CASH,0.0,,,0,NEUTRAL,"중립 레짐 — KOSPI 20일선 아래, 시장폭 82% (실측: 본전 구간 → 진입 허용하되 사이즈 50%)",0.5,1,13.6,127575.0,0.2489,1,이 점수 구간의 과거 실측 승률 29% (표본 11693건) · 거래량 밀집가 대비 -2.7% — 가치영역 근접 (실측 표본 적음) · 손익비 4.0 (손절 -9.4% / 1차목표 +37.7%),중립 레짐 — 사이즈 50% 권장 · AI 알파모델 예측 하위 14% — 이 구간 실측 승률 25% — 픽 제외 구간,29.1,True,OVERHEAT,1,85.0,1,0,123930.0,,,,,0,1.0,,0,7.4,pctl>0.30,0,,0,1.0
288,397030,에이프릴바이오,KOSDAQ,기타,26550,52.9,6216.4,0.0,0.0,OVERHEAT,OVERHEAT,5,False,0,False,39.2,39.2,19.8,58.5,0.0,0.0,27.5,26.1,58.5,26.9,1.08,1.5,RR1.1 + 진입적정,0,26150.0,24050.0,29250.0,30750.0,,3.11,1.1,44053,-61.78,특이사항 없음,0,-14.67,50.2,8.08,,,5일 급등,"과열(급등·MFI·RSI) — 실측 역신호, 관망",NORMAL,82.2,자연과학 및 공학 연구개발업,5289531750.0,53.6,33.68,0,0,4.53,28.26,8.37,-11.94,-59.89,-58.9,-8.13,-26.1,-31.04,0.93,0.014,0,12.0,1,0,1.05,0.73,0,0,0,1,-1,26719.0,-39.73,0.7745,False,X,▼,22567,▲,O,X,-0.2,250,0,-1,-1,1,76700.0,enter,100.0,NORMAL+PM_BLOCK_INTRADAY+EF:정상,8.03,5.0,1.5,normal,7.0,v1_sl_first_gap_at_open,NORMAL+PM_BLOCK_INTRADAY+EF:정상,SWING_20D,46,ATR_2x,23,SWING_60D,2,0.0,자연과학 및 공학 연구개발업,22.15142857142857,8.541428571428572,9.0,40.1,0.0,0.086333064299166,-0.0016789518224488873,0.225,OK,0.0,UNVALIDATED_MODEL,66.18317938892429,66.18317938892429,0.0,4,1,0.5,0.5,0.0,STRUCT+TIMING+SECTOR,default,default,default,70,20260805,20260805,,39.2,39.2,39.2,-12.0,-33.79,FRESH,0.28,,False,0.3,True,MATURE,11693.0,ALPHA_WIN_PROB,1.476,,1.476,0.0,상태 OVERHEAT — 신규진입 상태 아님(사이징 제외),0.4038,0.0,0.0,v40_alpha_tilt,,,,,,True,10.2,,ELITE_SCORE,MATURE,11693,2.4.0,OK,,100.0,ATTACK,OK,OK,OK,OK,OK,OK,OK,0,7,True,True,True,,0,GREEN,,,0.0,AVOID,0,RR 1.08 · 5일 +28%,0,1,0,0,,0.0,T=58<70,100.0,GREEN,,,0,False,0,BELOW_OFFICIAL_BAR,TOP_PICK=0,,10.0,IGNORE,IGNORE,NORMAL,0,0,0,0,0,0,0,0,0,CLEAR,,,0,0,0,0,0.0,,,,,,,,,,DISABLED_LOSS_DEFENSE,,,,,,True,False,True,True,True,True,True,True,0.0,0.0,0.0,0.0,0.0,0.0,0.0,0.0,0.0,0.5,False,False,False,2,False,13.8,0.5,G2RR×0.5,,0,0,0,,13.8,0,과열이나 GUARD 미통과 — 레인 제외,False,0.0,0.0,False,,False,True,,0,58.0,41.0,0,1,BLOCK,5일 과열 28.3%,BLOCK,GUARD_BLOCK,1,0.0,신규진입 차단,기존 guard/JULY 차단 · 시장폭 82.2 · 5일 28.3%,46.9,6,191,0,65.94,81,,-4.0,25104.0,"진입 후 D+1 종가 25,104원(-4%) 이탈 시 익일 조기청산 권고",46.2,"최근 20거래일 유니버스 실측 2일 상승률 46.2% (n=6,245) · 종목별 유의차 미검증",NO_EDGE_VALIDATED,CAUTION,24320.0,28765.0,"⚠️ 과열/추격 주의 · 손절 24,320(-7%)·본전전환 27,458(+5%)·1차익절 28,765(+10%) · ⚡ D+2내 26,673(+2%) 도달 시 절반 익절+잔여 본전 상향 (실측: 초반 급등 후 되돌림 -0.9%)",0,0.0,0,0,알파 50점 (진입선 85점 미달) · 손익비 1.08 · 손실방어 차단,alpha_gate_v32,CASH,0.0,,,0,NEUTRAL,"중립 레짐 — KOSPI 20일선 아래, 시장폭 82% (실측: 본전 구간 → 진입 허용하되 사이즈 50%)",0.5,1,50.5,27458.0,0.2958,1,이 점수 구간의 과거 실측 승률 28% (표본 11693건) · 거래량 밀집가 대비 -61.8% — 가치영역 근접 (실측 표본 적음) · 손익비 1.1 (손절 -9.4% / 1차목표 +10.2%),중립 레짐 — 사이즈 50% 권장,28.0,True,OVERHEAT,1,85.0,1,0,26673.0,,,,,1,1.0,,0,31.4,pctl>0.30,0,,0,1.0
289,457190,이수스페셜티케미컬,KOSPI,화학·소재,60200,66.33,18191.8,0.0,0.0,OVERHEAT,OVERHEAT,5,False,0,False,34.3,34.3,19.6,49.0,0.0,0.0,24.5,22.9,49.0,38.8,1.25,1.5,RR1.2 + 진입적정,0,59300.0,54500.0,67300.0,68800.0,,3.0,0.92,81393,-38.31,특이사항 없음,0,-14.12,49.1,6.21,,,5일 급등,"과열(급등·MFI·RSI) — 실측 역신호, 관망",NORMAL,82.2,기초 화학물질 제조업,6632728450.0,44.9,30.9,0,0,3.97,25.55,8.47,-7.38,-47.65,-42.99,6.44,-35.65,-70.77,0.967,0.042,0,12.0,1,0,1.19,0.69,0,0,0,1,-1,61910.0,-26.04,0.6262,False,X,▼,52109,▲,O,X,2.76,250,0,-1,-1,1,113500.0,enter,100.0,NORMAL+PM_BLOCK_INTRADAY+EF:정상,8.09,5.0,1.7,normal,7.0,v1_sl_first_gap_at_open,NORMAL+PM_BLOCK_INTRADAY+EF:정상,SWING_20D,23,ATR_2x,23,SWING_60D,2,0.0,기초 화학물질 제조업,18.9472,9.67,10.0,55.6,0.0,0.07819174181300427,-0.0016042669220494535,0.2916666666666667,OK,0.0,UNVALIDATED_MODEL,57.58491905823318,57.58491905823318,0.0,6,1,0.5,0.5,0.0,STRUCT+TIMING+SECTOR,default,default,default,70,20260805,20260805,,34.3,34.3,34.3,-12.0,-33.79,FRESH,0.291,,False,0.3,True,MATURE,11693.0,ALPHA_WIN_PROB,1.667,,1.667,0.0,상태 OVERHEAT — 신규진입 상태 아님(사이징 제외),0.375,0.0,0.0,v40_alpha_tilt,,,,,,True,11.8,,ELITE_SCORE,MATURE,11693,2.4.0,OK,,100.0,ATTACK,OK,OK,OK,OK,OK,OK,OK,0,7,True,True,True,,0,GREEN,,,0.0,AVOID,0,5일 +26%,0,1,0,0,,0.0,T=49<70,100.0,GREEN,,,0,False,0,BELOW_OFFICIAL_BAR,TOP_PICK=0,,15.0,IGNORE,IGNORE,NORMAL,0,0,0,0,0,0,0,0,0,CLEAR,,,0,0,0,0,0.0,,,,,,,,,,DISABLED_LOSS_DEFENSE,,,,,,True,False,True,True,True,True,True,True,0.0,0.0,0.0,0.0,0.0,0.0,0.0,0.0,0.0,0.5,False,False,False,2,False,12.2,0.5,G2RR×0.5,,0,0,0,,12.2,0,과열이나 GUARD 미통과 — 레인 제외,False,0.0,0.0,False,,False,True,,0,58.0,38.0,0,1,BLOCK,5일 과열 25.6%,BLOCK,GUARD_BLOCK,1,0.0,신규진입 차단,기존 guard/JULY 차단 · 시장폭 82.2 · 5일 25.6%,43.24,6,212,0,60.24,117,,-4.0,56928.0,"진입 후 D+1 종가 56,928원(-4%) 이탈 시 익일 조기청산 권고",46.2,"최근 20거래일 유니버스 실측 2일 상승률 46.2% (n=6,245) · 종목별 유의차 미검증",NO_EDGE_VALIDATED,CAUTION,55149.0,65230.0,"⚠️ 과열/추격 주의 · 손절 55,149(-7%)·본전전환 62,265(+5%)·1차익절 65,230(+10%) · ⚡ D+2내 60,486(+2%) 도달 시 절반 익절+잔여 본전 상향 (실측: 초반 급등 후 되돌림 -0.9%)",0,0.0,0,0,알파 84점 (진입선 85점 미달) · 손익비 1.25 · 손실방어 차단,alpha_gate_v32,CASH,0.0,,,0,NEUTRAL,"중립 레짐 — KOSPI 20일선 아래, 시장폭 82% (실측: 본전 구간 → 진입 허용하되 사이즈 50%)",0.5,1,83.9,62265.0,0.3572,1,이 점수 구간의 과거 실측 승률 29% (표본 11693건) · 거래량 밀집가 대비 -38.3% — 가치영역 근접 (실측 표본 적음) · 손익비 1.2 (손절 -9.5% / 1차목표 +11.8%) · AI 알파모델 예측 상위 16% (OOS 검증 통과 모델 — 이 구간 실측 승률 36%),중립 레짐 — 사이즈 50% 권장,29.1,True,OVERHEAT,1,85.0,1,0,60486.0,,,,,1,1.0,,0,34.1,pctl>0.30,0,,0,1.0
290,267260,HD현대일렉트릭,KOSPI,인프라·에너지,772000,1259.61,278283.9,0.0,0.0,OVERHEAT,OVERHEAT,5,False,0,False,32.0,32.0,18.8,45.1,0.0,0.0,23.0,21.3,45.1,43.6,1.4,1.4,RR1.4 + 진입적정,0,761000.0,700000.0,873000.0,919000.0,,0.66,0.87,958414,-20.7,특이사항 없음,0,-24.97,46.3,1.55,,,5일 급등,"과열(급등·MFI·RSI) — 실측 역신호, 관망",NORMAL,82.2,"전동기, 발전기 및 전기 변환 · 공급 · 제어 장치 제조업",125960933500.0,42.7,41.66,0,0,7.82,31.74,-2.89,-14.13,-44.98,-11.57,-0.31,-32.98,-39.35,0.956,0.1,0,12.0,1,0,1.08,0.7,0,0,0,1,-1,820700.0,-19.45,0.683,False,X,▼,655280,▲,O,X,4.75,250,0,-1,-1,1,1404000.0,enter,100.0,NORMAL+PM_BLOCK_INTRADAY+EF:정상,8.02,4.0,1.8,normal,7.0,v1_sl_first_gap_at_open,NORMAL+PM_BLOCK_INTRADAY+EF:정상,SWING_20D,23,BB_UPPER,23,SWING_60D,2,0.0,"전동기, 발전기 및 전기 변환 · 공급 · 제어 장치 제조업",44.778888888888886,19.637777777777778,1.0,35.7,0.0,0.09446706143597336,-0.14227644980292944,0.13043478260869565,OK,0.0,UNVALIDATED_MODEL,46.91318327106081,46.91318327106081,0.0,4,1,0.5,0.5,0.0,STRUCT+TIMING+SECTOR,default,default,default,70,20260805,20260805,,32.0,32.0,32.0,-12.0,-33.79,FRESH,0.291,,False,0.3,True,MATURE,11693.0,ALPHA_WIN_PROB,1.836,,1.81,0.0,상태 OVERHEAT — 신규진입 상태 아님(사이징 제외),0.3559,0.0,0.0,v40_alpha_tilt,,,,,,True,13.1,,ELITE_SCORE,MATURE,11693,2.4.0,OK,,100.0,ATTACK,OK,OK,OK,OK,OK,OK,OK,0,7,True,True,True,,0,GREEN,,,0.0,AVOID,0,5일 +32%,0,1,0,0,,0.0,T=45<70,100.0,GREEN,,,0,False,0,BELOW_OFFICIAL_BAR,TOP_PICK=0,,15.0,IGNORE,IGNORE,NORMAL,0,0,0,0,0,0,0,0,0,CLEAR,,,0,0,0,0,0.0,,,,,,,,,,DISABLED_LOSS_DEFENSE,,,,,,True,False,True,True,True,True,True,True,0.0,0.0,0.0,0.0,0.0,0.0,0.0,0.0,0.0,0.5,False,False,False,2,False,11.5,0.5,G2RR×0.5,,0,0,0,,11.5,0,과열이나 GUARD 미통과 — 레인 제외,False,0.0,0.0,False,,False,True,,0,58.0,38.0,0,1,BLOCK,5일 과열 31.7%,BLOCK,GUARD_BLOCK,1,0.0,신규진입 차단,기존 guard/JULY 차단 · 시장폭 82.2 · 5일 31.7%,52.97,6,152,0,63.64,99,,-4.0,730560.0,"진입 후 D+1 종가 730,560원(-4%) 이탈 시 익일 조기청산 권고",46.2,"최근 20거래일 유니버스 실측 2일 상승률 46.2% (n=6,245) · 종목별 유의차 미검증",NO_EDGE_VALIDATED,CAUTION,707730.0,837100.0,"⚠️ 과열/추격 주의 · 손절 707,730(-7%)·본전전환 799,050(+5%)·1차익절 837,100(+10%) · ⚡ D+2내 776,220(+2%) 도달 시 절반 익절+잔여 본전 상향 (실측: 초반 급등 후 되돌림 -0.9%)",0,0.0,0,0,알파 59점 (진입선 85점 미달) · 손실방어 차단,alpha_gate_v32,CASH,0.0,,,0,NEUTRAL,"중립 레짐 — KOSPI 20일선 아래, 시장폭 82% (실측: 본전 구간 → 진입 허용하되 사이즈 50%)",0.5,1,59.4,799050.0,0.2958,1,이 점수 구간의 과거 실측 승률 29% (표본 11693건) · 거래량 밀집가 대비 -20.7% — 가치영역 근접 (실측 표본 적음) · 손익비 1.4 (손절 -9.3% / 1차목표 +13.1%),중립 레짐 — 사이즈 50% 권장,29.1,True,OVERHEAT,1,85.0,1,0,776220.0,,,,,0,1.0,,0,10.8,pctl>0.30,0,,0,1.0
291,062040,산일전기,KOSPI,인프라·에너지,167200,292.41,51189.7,0.0,0.0,OVERHEAT,OVERHEAT,5,False,0,False,41.2,41.2,41.4,41.1,0.0,0.0,27.7,27.5,41.4,48.2,1.72,1.5,RR1.7 + 진입적정,0,164700.0,151500.0,194200.0,198800.0,,1.7,0.74,228185,12.93,특이사항 없음,0,-24.26,46.0,2.89,,,5일 급등,"과열(급등·MFI·RSI) — 실측 역신호, 관망",NORMAL,82.2,"전동기, 발전기 및 전기 변환 · 공급 · 제어 장치 제조업",29241100750.0,40.8,44.55,0,0,9.35,30.83,0.3,-13.55,-49.49,13.97,0.27,-37.49,-13.81,0.58,0.089,1,12.0,1,0,1.0,0.66,0,0,0,1,-1,174950.0,-26.73,0.8351,False,X,▲,138485,▲,O,X,6.08,250,0,1,1,1,329000.0,enter,100.0,NORMAL+PM_BLOCK_INTRADAY+EF:정상,8.01,4.0,2.2,normal,7.0,v1_sl_first_gap_at_open,NORMAL+PM_BLOCK_INTRADAY+EF:정상,SWING_20D,23,BB_UPPER,23,SWING_60D,2,0.0,"전동기, 발전기 및 전기 변환 · 공급 · 제어 장치 제조업",44.778888888888886,19.637777777777778,1.0,53.9,0.0,0.09436944634313056,-0.03211620505889129,0.05434782608695652,OK,0.0,UNVALIDATED_MODEL,38.78885369311383,38.78885369311383,0.0,4,1,0.5,0.5,0.0,STRUCT+TIMING+SECTOR,default,default,default,70,20260805,20260805,,41.2,41.2,41.2,-12.0,-33.79,FRESH,0.279,,False,0.3,True,MATURE,11693.0,ALPHA_WIN_PROB,2.235,,1.81,0.0,상태 OVERHEAT — 신규진입 상태 아님(사이징 제외),0.3559,0.0,0.0,v40_alpha_tilt,,,,,,True,16.1,,ELITE_SCORE,MATURE,11693,2.4.0,OK,,100.0,ATTACK,OK,OK,OK,OK,OK,OK,OK,0,7,True,True,True,,0,GREEN,,,0.0,AVOID,0,5일 +31%,0,1,0,0,,0.0,T=41<70,100.0,GREEN,,,0,False,0,BELOW_OFFICIAL_BAR,TOP_PICK=0,,15.0,IGNORE,IGNORE,NORMAL,0,0,0,0,0,0,0,0,0,CLEAR,,,0,0,0,0,0.0,,,,,,,,,,DISABLED_LOSS_DEFENSE,,,,,,True,False,True,True,True,True,True,True,0.0,0.0,0.0,0.0,0.0,0.0,0.0,0.0,0.0,0.5,False,False,False,1,False,13.8,0.5,G2RR×0.5,,0,0,0,,13.8,0,과열이나 GUARD 미통과 — 레인 제외,False,0.0,0.0,False,,False,True,,0,58.0,38.0,0,1,BLOCK,5일 과열 30.8%,BLOCK,GUARD_BLOCK,1,0.0,신규진입 차단,기존 guard/JULY 차단 · 시장폭 82.2 · 5일 30.8%,45.23,6,199,0,65.34,86,,-4.0,158112.0,"진입 후 D+1 종가 158,112원(-4%) 이탈 시 익일 조기청산 권고",46.2,"최근 20거래일 유니버스 실측 2일 상승률 46.2% (n=6,245) · 종목별 유의차 미검증",NO_EDGE_VALIDATED,CAUTION,153171.0,181170.0,"⚠️ 과열/추격 주의 · 손절 153,171(-7%)·본전전환 172,935(+5%)·1차익절 181,170(+10%) · ⚡ D+2내 167,994(+2%) 도달 시 절반 익절+잔여 본전 상향 (실측: 초반 급등 후 되돌림 -0.9%)",0,0.0,0,0,알파 36점 (진입선 85점 미달) · 손실방어 차단,alpha_gate_v32,CASH,0.0,,,0,NEUTRAL,"중립 레짐 — KOSPI 20일선 아래, 시장폭 82% (실측: 본전 구간 → 진입 허용하되 사이즈 50%)",0.5,1,36.2,172935.0,0.2433,1,이 점수 구간의 과거 실측 승률 28% (표본 11693건) · 거래량 밀집가 대비 +12.9% — 가치영역 근접 (실측 승률 48%) · 손익비 1.7 (손절 -9.4% / 1차목표 +16.1%),중립 레짐 — 사이즈 50% 권장,27.9,True,OVERHEAT,1,85.0,1,0,167994.0,,,,,0,1.0,,0,11.5,pctl>0.30,0,,0,1.0
292,034020,두산에너빌리티,KOSPI,조선·기계·설비,77000,1692.0,493232.1,0.0,0.0,OVERHEAT,OVERHEAT,5,False,0,False,36.2,36.2,21.5,51.0,0.0,0.0,7.7,24.2,51.0,36.2,0.4,1.6,진입적정,0,75800.0,69700.0,79900.0,86200.0,,2.56,0.79,92499,-24.36,특이사항 없음,0,-9.52,54.3,10.03,,,5일 급등,"과열(급등·MFI·RSI) — 실측 역신호, 관망",NORMAL,82.2,일반 목적용 기계 제조업,169199549750.0,54.9,27.69,0,0,5.48,26.64,11.27,-5.64,-40.59,-15.01,8.18,-28.59,-42.79,0.909,0.079,0,12.0,1,0,1.13,0.87,0,0,0,1,1,59770.0,-16.76,0.6281,False,X,▼,66635,▲,O,X,3.29,250,0,-1,-1,1,134000.0,enter,100.0,NORMAL+PM_BLOCK_INTRADAY+EF:정상,8.05,4.0,0.7,normal,7.0,v1_sl_first_gap_at_open,NORMAL+PM_BLOCK_INTRADAY+EF:정상,SWING_20D,46,ATR_2x,23,SWING_60D,2,0.0,일반 목적용 기계 제조업,27.58121951219512,8.227560975609755,6.0,38.0,0.0,0.06753246753246753,-0.010697441519529264,0.07894736842105263,OK,0.0,UNVALIDATED_MODEL,51.310131079072036,51.310131079072036,0.0,6,1,0.5,0.5,0.0,STRUCT+TIMING+SECTOR,default,default,default,70,20260805,20260805,,36.2,36.2,36.2,-12.0,-33.79,FRESH,0.291,,False,0.3,True,MATURE,11693.0,ALPHA_WIN_PROB,0.672,,0.672,0.0,상태 OVERHEAT — 신규진입 상태 아님(사이징 제외),0.598,0.0,0.0,v40_alpha_tilt,,,,,,True,3.8,,ELITE_SCORE,MATURE,11693,2.4.0,OK,,100.0,ATTACK,OK,OK,OK,OK,OK,OK,OK,0,7,True,True,True,,0,GREEN,,,0.0,AVOID,0,RR 0.40 · 5일 +27%,0,1,0,0,,0.0,T=51<70,100.0,GREEN,,,0,False,0,BELOW_OFFICIAL_BAR,TOP_PICK=0,,5.0,IGNORE,IGNORE,NORMAL,0,0,0,0,0,0,0,0,0,CLEAR,,,0,0,0,0,0.0,,,,,,,,,,DISABLED_LOSS_DEFENSE,,,,,,True,False,True,True,True,True,True,True,0.0,0.0,0.0,0.0,0.0,0.0,0.0,0.0,0.0,0.5,False,False,False,1,False,3.8,0.5,G2RR×0.5,,0,0,0,,3.8,0,과열이나 GUARD 미통과 — 레인 제외,False,0.0,0.0,False,,False,True,,0,58.0,36.0,0,1,BLOCK,5일 과열 26.6%,BLOCK,GUARD_BLOCK,1,0.0,신규진입 차단,기존 guard/JULY 차단 · 시장폭 82.2 · 5일 26.6%,60.42,6,97,0,44.61,206,모멘텀확인중(PMS60),-4.0,72768.0,"진입 후 D+1 종가 72,768원(-4%) 이탈 시 익일 조기청산 권고",46.2,"최근 20거래일 유니버스 실측 2일 상승률 46.2% (n=6,245) · 종목별 유의차 미검증",NO_EDGE_VALIDATED,CAUTION,70494.0,83380.0,"⚠️ 과열/추격 주의 · 손절 70,494(-7%)·본전전환 79,590(+5%)·1차익절 83,380(+10%) · ⚡ D+2내 77,316(+2%) 도달 시 절반 익절+잔여 본전 상향 (실측: 초반 급등 후 되돌림 -0.9%)",0,0.0,0,0,알파 67점 (진입선 85점 미달) · 손익비 0.40 · 손실방어 차단,alpha_gate_v32,CASH,0.0,,,0,NEUTRAL,"중립 레짐 — KOSPI 20일선 아래, 시장폭 82% (실측: 본전 구간 → 진입 허용하되 사이즈 50%)",0.5,1,66.6,79590.0,0.3233,1,이 점수 구간의 과거 실측 승률 29% (표본 11693건) · 거래량 밀집가 대비 -24.4% — 가치영역 근접 (실측 표본 적음),중립 레짐 — 사이즈 50% 권장 · 손익비 0.40 <1 — 이길 수 없는 구조,29.1,False,OVERHEAT,1,85.0,1,0,77316.0,,,,,1,1.0,,0,47.1,pctl>0.30,0,,0,1.0
293,044340,위닉스,KOSDAQ,기타,5800,119.22,1036.7,0.0,0.0,OVERHEAT,OVERHEAT,5,False,0,False,60.2,60.2,49.9,70.6,0.0,0.0,11.5,40.2,70.6,11.8,0.6,19.5,,0,4855.0,4465.0,6600.0,8070.0,,0.54,0.42,5235,2.73,특이사항 없음,0,16.29,53.3,25.43,TIMING 강점,,5일 급등,"과열(급등·MFI·RSI) — 실측 역신호, 관망",NORMAL,82.2,가정용 기기 제조업,11921983685.0,74.0,73.1,0,0,-0.68,29.18,50.65,63.38,12.62,11.32,67.19,46.41,39.18,0.0,0.0,1,12.0,1,0,0.62,0.77,0,0,0,1,1,3131.0,10.77,0.4816,False,O,▲,5383,▲,O,X,-1.54,250,0,1,1,1,8770.0,enter,100.0,NORMAL+PM_BLOCK_INTRADAY+EF:정상,8.03,6.0,4.5,normal,7.0,v1_sl_first_gap_at_open,NORMAL+PM_BLOCK_INTRADAY+EF:정상,SWING_20D,23,ATR_3.5x,12,FIBO_1.618,5,0.0,가정용 기기 제조업,22.15142857142857,8.541428571428572,9.0,79.0,0.0,0.15800492610837438,0.18779771822125996,0.2777777777777778,OK,0.0,UNVALIDATED_MODEL,45.5,45.5,0.0,6,1,0.5,0.5,0.0,STRUCT+TIMING+SECTOR,default,default,default,70,20260805,20260805,,60.2,60.2,60.2,-12.0,-33.79,FRESH,0.291,,False,0.402,True,MATURE,11693.0,ALPHA_WIN_PROB,4.474,,1.81,0.0,상태 OVERHEAT — 신규진입 상태 아님(사이징 제외),0.3559,0.0,0.0,v40_alpha_tilt,,,,,,True,13.8,,ELITE_SCORE,MATURE,11693,2.4.0,OK,,100.0,ATTACK,OK,OK,OK,OK,OK,OK,OK,0,7,True,True,True,,0,GREEN,,,0.0,AVOID,0,진입괴리 19.5% · RR 0.60 · 5일 +29%,0,1,0,0,,0.0,이격도25>15,100.0,GREEN,,,0,False,0,BELOW_OFFICIAL_BAR,TOP_PICK=0,,5.0,IGNORE,IGNORE,NORMAL,0,0,0,0,0,0,0,0,0,CLEAR,,,0,0,0,0,0.0,,,,,,,,,,DISABLED_LOSS_DEFENSE,,,,,,True,True,True,True,True,True,True,True,0.0,0.0,0.0,0.0,0.0,0.0,0.0,0.0,0.0,1.0,False,False,False,0,True,11.5,1.0,,,0,0,1,B,11.5,0,"모멘텀 관찰 (과열·가드통과, 상위5 밖 — 매수 아님)",False,0.0,0.0,False,,False,True,,0,58.0,36.0,0,1,BLOCK,5일 과열 29.2%,BLOCK,GUARD_BLOCK,1,0.0,신규진입 차단,기존 guard/JULY 차단 · 시장폭 82.2 · 5일 29.2%,63.29,6,78,0,55.41,146,모멘텀확인중(PMS63),-4.0,4661.0,"진입 후 D+1 종가 4,661원(-4%) 이탈 시 익일 조기청산 권고",46.2,"최근 20거래일 유니버스 실측 2일 상승률 46.2% (n=6,245) · 종목별 유의차 미검증",NO_EDGE_VALIDATED,CAUTION,4515.0,5340.0,"⚠️ 과열/추격 주의 · 손절 4,515(-7%)·본전전환 5,098(+5%)·1차익절 5,340(+10%) · ⚡ D+2내 4,952(+2%) 도달 시 절반 익절+잔여 본전 상향 (실측: 초반 급등 후 되돌림 -0.9%)",0,0.0,0,0,알파 61점 (진입선 85점 미달) · 손익비 0.60 · 손실방어 차단,alpha_gate_v32,CASH,0.0,,,0,NEUTRAL,"중립 레짐 — KOSPI 20일선 아래, 시장폭 82% (실측: 본전 구간 → 진입 허용하되 사이즈 50%)",0.5,1,61.3,5098.0,0.3233,1,이 점수 구간의 과거 실측 승률 29% (표본 11693건) · 거래량 밀집가 대비 +2.7% — 가치영역 근접 (실측 승률 40%) · 저점 상승 추세 16% (바닥이 높아지는 중),중립 레짐 — 사이즈 50% 권장 · 손익비 0.60 <1 — 이길 수 없는 구조 · 추천가 대비 19.5% 이탈 — 추격 주의,29.1,False,OVERHEAT,1,85.0,1,0,4952.0,,,,,1,1.0,,0,94.7,pctl>0.30,0,,0,1.0
294,006260,LS,KOSPI,금융,329000,573.37,102648.0,0.0,0.0,OVERHEAT,OVERHEAT,5,False,0,False,48.8,48.8,45.2,52.5,0.0,0.0,9.7,32.6,52.5,34.4,0.33,1.9,진입적정,0,323000.0,297000.0,339500.0,386500.0,,1.91,1.14,409700,23.75,특이사항 없음,0,-14.67,54.0,13.39,,,5일 급등,"과열(급등·MFI·RSI) — 실측 역신호, 관망",NORMAL,82.2,기타 금융업,57336610750.0,59.6,38.36,0,0,9.48,35.11,15.64,-3.52,-39.41,46.55,10.3,-27.41,18.77,0.556,0.137,1,12.0,1,0,1.11,0.91,0,0,0,1,-1,331450.0,-19.7,0.7907,False,X,▲,268762,▲,O,X,5.66,250,0,1,1,1,604000.0,enter,100.0,NORMAL+PM_BLOCK_INTRADAY+EF:정상,8.05,4.0,0.6,normal,7.0,v1_sl_first_gap_at_open,NORMAL+PM_BLOCK_INTRADAY+EF:정상,SWING_20D,46,ATR_2x,23,SWING_60D,2,0.0,기타 금융업,14.904375,12.145312500000001,11.0,84.2,0.0,0.09596178897090751,-0.013208666119338982,0.2553191489361702,OK,0.0,UNVALIDATED_MODEL,56.26329821408329,56.26329821408329,0.0,6,1,0.5,0.5,0.0,STRUCT+TIMING+SECTOR,default,default,default,70,20260805,20260805,,48.8,48.8,48.8,-12.0,-33.79,FRESH,0.291,,False,0.31,True,MATURE,11693.0,ALPHA_WIN_PROB,0.635,,0.635,0.0,상태 OVERHEAT — 신규진입 상태 아님(사이징 제외),0.6118,0.0,0.0,v40_alpha_tilt,,,,,,True,3.2,,ELITE_SCORE,MATURE,11693,2.4.0,OK,,100.0,ATTACK,OK,OK,OK,OK,OK,OK,OK,0,7,True,True,True,,0,GREEN,,,0.0,AVOID,0,RR 0.33 · 5일 +35%,0,1,0,0,,0.0,T=52<70,100.0,GREEN,,,0,False,0,BELOW_OFFICIAL_BAR,TOP_PICK=0,,5.0,IGNORE,IGNORE,NORMAL,0,0,0,0,0,0,0,0,0,CLEAR,,,0,0,0,0,0.0,,,,,,,,,,DISABLED_LOSS_DEFENSE,,,,,,True,False,True,True,True,True,True,True,0.0,0.0,0.0,0.0,0.0,0.0,0.0,0.0,0.0,0.5,False,False,False,1,False,4.8,0.5,G2RR×0.5,,0,0,0,,4.8,0,과열이나 GUARD 미통과 — 레인 제외,False,0.0,0.0,False,,False,True,,0,58.0,36.0,0,1,BLOCK,5일 과열 35.1%,BLOCK,GUARD_BLOCK,1,0.0,신규진입 차단,기존 guard/JULY 차단 · 시장폭 82.2 · 5일 35.1%,65.89,6,63,0,52.45,162,모멘텀확인중(PMS66),-4.0,310080.0,"진입 후 D+1 종가 310,080원(-4%) 이탈 시 익일 조기청산 권고",46.2,"최근 20거래일 유니버스 실측 2일 상승률 46.2% (n=6,245) · 종목별 유의차 미검증",NO_EDGE_VALIDATED,CAUTION,300390.0,355300.0,"⚠️ 과열/추격 주의 · 손절 300,390(-7%)·본전전환 339,150(+5%)·1차익절 355,300(+10%) · ⚡ D+2내 329,460(+2%) 도달 시 절반 익절+잔여 본전 상향 (실측: 초반 급등 후 되돌림 -0.9%)",0,0.0,0,0,알파 29점 (진입선 85점 미달) · 손익비 0.33 · 손실방어 차단 · POC 확장 24% (추격 위험),alpha_gate_v32,CASH,0.0,,,1,NEUTRAL,"중립 레짐 — KOSPI 20일선 아래, 시장폭 82% (실측: 본전 구간 → 진입 허용하되 사이즈 50%)",0.5,1,29.1,339150.0,0.2452,1,이 점수 구간의 과거 실측 승률 29% (표본 11693건),중립 레짐 — 사이즈 50% 권장 · 거래량 밀집가 대비 +23.8% 확장 (실측 승률 20% — 추격 위험) · 손익비 0.33 <1 — 이길 수 없는 구조 · AI 알파모델 예측 하위 29% — 이 구간 실측 승률 25% — 픽 제외 구간,29.1,False,OVERHEAT,1,85.0,1,0,329460.0,,,,,1,1.0,,0,31.4,pctl>0.30,0,,0,1.0
295,071970,HD현대마린엔진,KOSPI,조선·기계·설비,59200,182.35,20081.5,0.0,0.0,WAIT,OVERHEAT,3,False,0,False,32.2,32.2,16.8,47.7,0.0,0.0,23.3,21.5,47.7,40.4,1.5,4.6,RR1.5,0,56600.0,52000.0,70000.0,80500.0,,1.01,1.0,65982,-26.43,특이사항 없음,0,-11.43,50.9,3.74,,,5일 급등,"과열(급등·MFI·RSI) — 실측 역신호, 관망",NORMAL,82.2,일반 목적용 기계 제조업,18235209450.0,47.5,43.06,0,0,12.55,23.46,-8.36,-2.31,-37.55,-28.59,11.51,-25.55,-56.37,0.881,0.178,0,12.0,1,0,0.97,0.54,0,0,0,1,-1,69425.0,-10.28,0.2474,False,X,▼,51536,▼,O,X,2.66,250,0,-1,-1,1,97500.0,split,50.0,NORMAL+PM_BLOCK_INTRADAY+EF:당일 10%+ 급등 분할 진입+ENTRY:split,8.13,5.0,2.9,normal,7.0,v1_sl_first_gap_at_open,NORMAL+PM_BLOCK_INTRADAY+EF:당일 10%+ 급등 분할 진입+ENTRY:split,SWING_20D,23,VP_RESISTANCE,5,SWING_60D,2,0.0,일반 목적용 기계 제조업,27.58121951219512,8.227560975609755,6.0,59.2,0.0,0.10418677606177607,-0.0028310857317991696,0.1267605633802817,OK,0.0,UNVALIDATED_MODEL,52.86160075298298,52.86160075298298,0.0,4,1,0.5,0.5,0.0,STRUCT+TIMING+SECTOR,default,default,default,70,20260805,20260805,,32.2,32.2,32.2,-12.0,-33.79,FRESH,0.291,,False,0.3,True,MATURE,11693.0,ALPHA_WIN_PROB,2.913,,1.81,0.0,상태 OVERHEAT — 신규진입 상태 아님(사이징 제외),0.3559,0.0,0.0,v40_alpha_tilt,,,,,,True,18.2,,ELITE_SCORE,MATURE,11693,2.4.0,OK,,100.0,ATTACK,OK,OK,OK,OK,OK,OK,OK,0,7,True,True,True,,0,GREEN,,,0.0,AVOID,0,진입괴리 4.6%,0,0,0,0,,0.0,T=48<70 · 전일+13%,100.0,GREEN,,,0,False,0,BELOW_OFFICIAL_BAR,TOP_PICK=0,,15.0,IGNORE,IGNORE,NORMAL,0,0,0,0,0,0,0,0,0,CLEAR,,,0,0,0,0,0.0,,,,,,,,,,DISABLED_LOSS_DEFENSE,,,,,,True,False,True,True,False,True,True,True,0.0,0.0,0.0,0.0,20.0,0.0,0.0,0.0,20.0,0.5,False,True,False,3,False,0.0,0.0,G2RR×0.5 · G5추세붕괴3축,,0,0,0,,0.0,0,,False,0.0,0.0,False,,False,True,,0,58.0,33.0,0,1,BLOCK,5일 과열 23.5%,BLOCK,GUARD_BLOCK,1,0.0,신규진입 차단,기존 guard/JULY 차단 · 시장폭 82.2 · 5일 23.5%,56.24,6,125,0,65.58,83,,-4.0,54336.0,"진입 후 D+1 종가 54,336원(-4%) 이탈 시 익일 조기청산 권고",46.2,"최근 20거래일 유니버스 실측 2일 상승률 46.2% (n=6,245) · 종목별 유의차 미검증",NO_EDGE_VALIDATED,OK,52638.0,62260.0,"손절 52,638(-7%)·본전전환 59,430(+5%)·1차익절 62,260(+10%) · ⚡ D+2내 57,732(+2%) 도달 시 절반 익절+잔여 본전 상향 (실측: 초반 급등 후 되돌림 -0.9%)",0,0.0,0,0,알파 66점 (진입선 85점 미달) · 손실방어 차단,alpha_gate_v32,CASH,0.0,,,0,NEUTRAL,"중립 레짐 — KOSPI 20일선 아래, 시장폭 82% (실측: 본전 구간 → 진입 허용하되 사이즈 50%)",0.5,1,65.9,59430.0,0.3233,1,이 점수 구간의 과거 실측 승률 29% (표본 11693건) · 거래량 밀집가 대비 -26.4% — 가치영역 근접 (실측 표본 적음) · 손익비 1.5 (손절 -12.2% / 1차목표 +18.2%),중립 레짐 — 사이즈 50% 권장 · 추천가 대비 4.6% 이탈 — 추격 주의,29.1,True,WAIT,1,85.0,1,0,57732.0,,,,,1,1.0,,0,42.7,pctl>0.30,0,,0,1.0
296,037460,삼지전자,KOSDAQ,IT/전기전자,35800,69.59,5842.0,0.0,0.0,WAIT,OVERHEAT,3,False,0,False,50.5,50.5,31.2,69.8,0.0,0.0,10.1,33.7,69.8,12.8,0.25,1.6,진입적정,0,35250.0,32400.0,36650.0,37750.0,,1.9,2.16,46540,-25.69,특이사항 없음,4,-14.83,48.9,6.0,,,5일 급등,"과열(급등·MFI·RSI) — 실측 역신호, 관망",NORMAL,82.2,통신 및 방송 장비 제조업,6958635725.0,50.7,23.54,0,0,3.92,21.15,1.99,6.07,-1.38,63.47,9.88,32.41,91.33,0.36,0.049,0,12.0,1,0,0.7,0.91,0,0,0,1,-1,37765.0,-23.08,0.4699,False,X,▲,32123,▲,O,X,3.34,250,0,1,1,1,40500.0,enter,100.0,NORMAL+PM_BLOCK_INTRADAY+EF:정상,8.09,5.0,0.5,normal,7.0,v1_sl_first_gap_at_open,NORMAL+PM_BLOCK_INTRADAY+EF:정상,SWING_20D,46,BB_UPPER,46,ATR_2x,23,0.0,통신 및 방송 장비 제조업,28.983018867924528,12.636603773584905,4.0,77.3,0.0,0.07272545889864325,-3.301246642094239e-05,0.0,OK,0.0,UNVALIDATED_MODEL,70.0,70.0,0.0,4,1,0.5,0.5,0.0,STRUCT+TIMING+SECTOR,default,default,default,70,20260805,20260805,,50.5,50.5,50.5,-12.0,-33.79,FRESH,0.291,,False,0.324,True,MATURE,11693.0,ALPHA_WIN_PROB,0.491,,0.491,0.0,상태 OVERHEAT — 신규진입 상태 아님(사이징 제외),0.6706,0.0,0.0,v40_alpha_tilt,,,,,,True,2.4,,ELITE_SCORE,MATURE,11693,2.4.0,OK,,100.0,ATTACK,OK,OK,OK,OK,OK,OK,OK,0,7,True,True,True,,0,GREEN,,,0.0,AVOID,0,RR 0.25,0,0,0,0,,0.0,T=70<70,100.0,GREEN,,,0,False,0,BELOW_OFFICIAL_BAR,TOP_PICK=0,,5.0,IGNORE,IGNORE,NORMAL,0,0,0,0,0,0,0,0,0,CLEAR,,,0,0,0,0,0.0,,,,,,,,,,DISABLED_LOSS_DEFENSE,,,,,,True,False,True,True,True,True,True,True,0.0,0.0,0.0,0.0,0.0,0.0,0.0,0.0,0.0,0.5,False,False,False,2,False,5.0,0.5,G2RR×0.5,,0,0,0,,5.0,0,,False,0.0,0.0,False,,False,True,,0,58.0,33.0,0,1,BLOCK,5일 과열 21.1%,BLOCK,GUARD_BLOCK,1,0.0,신규진입 차단,기존 guard/JULY 차단 · 시장폭 82.2 · 5일 21.1%,59.52,6,100,0,50.35,172,,-4.0,33840.0,"진입 후 D+1 종가 33,840원(-4%) 이탈 시 익일 조기청산 권고",46.2,"최근 20거래일 유니버스 실측 2일 상승률 46.2% (n=6,245) · 종목별 유의차 미검증",NO_EDGE_VALIDATED,OK,32782.0,38775.0,"손절 32,782(-7%)·본전전환 37,012(+5%)·1차익절 38,775(+10%) · ⚡ D+2내 35,955(+2%) 도달 시 절반 익절+잔여 본전 상향 (실측: 초반 급등 후 되돌림 -0.9%)",0,0.0,0,0,알파 22점 (진입선 85점 미달) · 손익비 0.25 · 손실방어 차단,alpha_gate_v32,CASH,0.0,,,0,NEUTRAL,"중립 레짐 — KOSPI 20일선 아래, 시장폭 82% (실측: 본전 구간 → 진입 허용하되 사이즈 50%)",0.5,1,22.3,37012.0,0.2452,1,이 점수 구간의 과거 실측 승률 29% (표본 11693건) · 거래량 밀집가 대비 -25.7% — 가치영역 근접 (실측 표본 적음) · 변동성 응축 4일째 (스퀴즈 — 방향 분출 대기),중립 레짐 — 사이즈 50% 권장 · 손익비 0.25 <1 — 이길 수 없는 구조 · AI 알파모델 예측 하위 22% — 이 구간 실측 승률 25% — 픽 제외 구간,29.1,False,WAIT,1,85.0,1,0,35955.0,,,,,1,1.0,,0,30.2,pctl>0.30,0,,0,1.0
297,094170,동운아나텍,KOSDAQ,반도체,32000,64.59,6691.2,0.0,0.0,OVERHEAT,OVERHEAT,5,False,0,False,49.4,49.4,40.1,58.6,0.0,0.0,9.8,32.9,58.6,26.8,0.59,5.3,,0,30400.0,27950.0,34400.0,35950.0,,2.02,1.7,36461,7.04,특이사항 없음,0,-21.47,49.8,10.91,,,5일 급등,"과열(급등·MFI·RSI) — 실측 역신호, 관망",NORMAL,82.2,반도체 제조업,6458847000.0,50.2,34.33,0,0,15.52,34.74,14.08,-3.03,-37.38,5.44,0.78,-3.59,33.3,0.467,0.091,1,12.0,0,0,0.9,0.81,0,0,0,1,1,21565.0,-12.24,0.6278,False,X,▲,25846,▲,O,X,3.97,250,0,1,1,1,56400.0,hold,0.0,NORMAL+PM_BLOCK_INTRADAY+EF:당일 15%+ 급등 진입 보류+ENTRY:hold,8.06,5.0,1.6,normal,7.0,v1_sl_first_gap_at_open,NORMAL+PM_BLOCK_INTRADAY+EF:당일 15%+ 급등 진입 보류+ENTRY:hold,SWING_20D,46,ATR_2x,23,SWING_60D,2,0.0,반도체 제조업,29.595714285714283,5.586428571428571,8.0,49.1,0.0,0.08660714285714285,-0.07823213002409533,0.2621359223300971,OK,0.0,UNVALIDATED_MODEL,48.27313853601361,48.27313853601361,0.0,4,1,0.5,0.5,0.0,STRUCT+TIMING+SECTOR,default,default,default,70,20260805,20260805,,49.4,49.4,49.4,-12.0,-33.79,FRESH,0.291,,False,0.315,True,MATURE,11693.0,ALPHA_WIN_PROB,1.633,,1.633,0.0,상태 OVERHEAT — 신규진입 상태 아님(사이징 제외),0.3798,0.0,0.0,v40_alpha_tilt,,,,,,True,7.5,,ELITE_SCORE,MATURE,11693,2.4.0,OK,,100.0,ATTACK,OK,OK,OK,OK,OK,OK,OK,0,7,True,True,True,,0,GREEN,,,0.0,AVOID,0,진입괴리 5.3% · RR 0.59 · 5일 +35%,0,1,0,0,,0.0,T=59<70 · 전일+16%,100.0,GREEN,,,0,False,0,BELOW_OFFICIAL_BAR,TOP_PICK=0,,5.0,IGNORE,IGNORE,NORMAL,0,0,0,0,0,0,0,0,0,CLEAR,,,0,0,0,0,0.0,,,,,,,,,,DISABLED_LOSS_DEFENSE,,,,,,True,False,True,True,True,True,True,True,0.0,0.0,0.0,0.0,0.0,0.0,0.0,0.0,0.0,0.5,False,False,False,0,False,4.9,0.5,G2RR×0.5,,0,0,0,,4.9,0,과열이나 GUARD 미통과 — 레인 제외,False,0.0,0.0,False,,False,True,,0,58.0,33.0,0,1,BLOCK,5일 과열 34.7%,BLOCK,GUARD_BLOCK,1,0.0,신규진입 차단,기존 guard/JULY 차단 · 시장폭 82.2 · 5일 34.7%,61.64,6,89,0,50.63,171,모멘텀확인중(PMS62),-4.0,29184.0,"진입 후 D+1 종가 29,184원(-4%) 이탈 시 익일 조기청산 권고",46.2,"최근 20거래일 유니버스 실측 2일 상승률 46.2% (n=6,245) · 종목별 유의차 미검증",NO_EDGE_VALIDATED,CAUTION,28272.0,33440.0,"⚠️ 과열/추격 주의 · 손절 28,272(-7%)·본전전환 31,920(+5%)·1차익절 33,440(+10%) · ⚡ D+2내 31,008(+2%) 도달 시 절반 익절+잔여 본전 상향 (실측: 초반 급등 후 되돌림 -0.9%)",0,0.0,0,0,알파 12점 (진입선 85점 미달) · 손익비 0.59 · 손실방어 차단,alpha_gate_v32,CASH,0.0,,,0,NEUTRAL,"중립 레짐 — KOSPI 20일선 아래, 시장폭 82% (실측: 본전 구간 → 진입 허용하되 사이즈 50%)",0.5,1,11.5,31920.0,0.2489,1,이 점수 구간의 과거 실측 승률 29% (표본 11693건) · 거래량 밀집가 대비 +7.0% — 가치영역 근접 (실측 승률 40%),중립 레짐 — 사이즈 50% 권장 · 손익비 0.59 <1 — 이길 수 없는 구조 · 추천가 대비 5.3% 이탈 — 추격 주의 · AI 알파모델 예측 하위 12% — 이 구간 실측 승률 25% — 픽 제외 구간,29.1,False,OVERHEAT,1,85.0,1,0,31008.0,,,,,0,1.0,,0,16.6,pctl>0.30,0,,0,1.0
298,008930,한미사이언스,KOSPI,금융,40350,89.95,27596.0,0.0,0.0,OVERHEAT,OVERHEAT,5,False,0,False,76.8,76.8,75.1,78.6,0.0,0.0,14.0,51.2,78.6,1.8,0.03,11.9,,0,36050.0,33150.0,40600.0,44000.0,,3.54,0.93,32910,5.72,특이사항 없음,3,2.61,82.5,17.54,TIMING 강점,STRUCT 보조,RSI 과열,"과열(급등·MFI·RSI) — 실측 역신호, 관망",NORMAL,82.2,기타 금융업,8994528875.0,81.7,25.64,0,0,2.93,20.27,21.35,27.49,8.76,-12.28,41.31,20.76,-40.06,0.221,0.136,1,11.2,0,0,1.06,0.97,0,0,0,1,1,32322.5,22.61,0.2746,False,O,▲,36948,▲,O,X,-0.89,250,0,1,-1,1,55500.0,split,50.0,NORMAL+PM_BLOCK_INTRADAY+EF:RSI 80+ 과열 분할 진입+ENTRY:split,8.04,5.0,1.6,normal,7.0,v1_sl_first_gap_at_open,NORMAL+PM_BLOCK_INTRADAY+EF:RSI 80+ 과열 분할 진입+ENTRY:split,SWING_20D,23,ATR_3.5x,12,SWING_120D,2,0.0,기타 금융업,14.904375,12.145312500000001,11.0,26.4,0.0,0.0561603823685608,0.039121774087864936,0.13157894736842105,OK,0.0,UNVALIDATED_MODEL,81.41757410011593,81.41757410011593,0.0,4,1,0.5,0.5,0.0,STRUCT+TIMING+SECTOR,default,default,default,70,20260805,20260805,,76.8,76.8,76.8,-12.0,-33.79,FRESH,0.291,,False,0.534,False,MATURE,11693.0,ALPHA_WIN_PROB,1.569,,1.569,0.0,상태 OVERHEAT — 신규진입 상태 아님(사이징 제외),0.3893,0.0,0.0,v40_alpha_tilt,,,,,,True,0.6,,ELITE_SCORE,MATURE,11693,2.4.0,OK,,100.0,ATTACK,OK,OK,OK,OK,OK,OK,OK,0,7,True,True,True,,1,RED,B_RED,STRUCT 70~85 위험 구간 + VWAP_GAP > 8% 과열,0.0,AVOID,0,진입괴리 11.9% · RR 0.03 · VWAP 23↑,0,0,0,0,,0.0,S=75≥50 · 이격도18>15,85.0,CAUTION,B_RED_SHADOW,B_red shadow 감점 -15: STRUCT 70~85 + VWAP_GAP>8 위험 조합 · 공식 매수 차단 아님,1,False,0,BELOW_OFFICIAL_BAR,TOP_PICK=0,,20.0,IGNORE,IGNORE,NORMAL,0,0,0,0,0,0,0,0,0,CLEAR,,,0,0,0,0,0.0,,,,,,,,,,DISABLED_LOSS_DEFENSE,,,,,,True,True,True,True,True,True,True,True,0.0,0.0,0.0,0.0,0.0,0.0,0.0,0.0,0.0,1.0,False,False,False,0,True,14.0,1.0,,,0,0,1,B,14.0,0,"모멘텀 관찰 (과열·가드통과, 상위5 밖 — 매수 아님)",False,0.0,0.0,False,,False,True,,0,56.0,7.0,0,1,BLOCK,5일 과열 20.3% · VWAP 22.6 > 20,BLOCK,GUARD_BLOCK,1,0.0,신규진입 차단,단기상승+VWAP/POC 추격충돌 · 기존 guard/JULY 차단 · 시장폭 82.2 · 5일 20.3%,79.77,6,21,0,68.6,68,모멘텀확인중(PMS80),-4.0,34608.0,"진입 후 D+1 종가 34,608원(-4%) 이탈 시 익일 조기청산 권고",46.2,"최근 20거래일 유니버스 실측 2일 상승률 46.2% (n=6,245) · 종목별 유의차 미검증",NO_EDGE_VALIDATED,CAUTION,33526.0,39655.0,"⚠️ 과열/추격 주의 · 손절 33,526(-7%)·본전전환 37,852(+5%)·1차익절 39,655(+10%) · ⚡ D+2내 36,771(+2%) 도달 시 절반 익절+잔여 본전 상향 (실측: 초반 급등 후 되돌림 -0.9%)",0,0.0,0,0,알파 81점 (진입선 85점 미달) · 손익비 0.03 · 손실방어 차단,alpha_gate_v32,CASH,0.0,,,0,NEUTRAL,"중립 레짐 — KOSPI 20일선 아래, 시장폭 82% (실측: 본전 구간 → 진입 허용하되 사이즈 50%)",0.5,1,81.4,37852.0,0.3572,1,이 점수 구간의 과거 실측 승률 29% (표본 11693건) · 거래량 밀집가 대비 +5.7% — 가치영역 근접 (실측 승률 40%) · 변동성 응축 3일째 (스퀴즈 — 방향 분출 대기) · AI 알파모델 예측 상위 19% (OOS 검증 통과 모델 — 이 구간 실측 승률 36%),중립 레짐 — 사이즈 50% 권장 · 손익비 0.03 <1 — 이길 수 없는 구조 · RSI 82 과열 구간 · 추천가 대비 11.9% 이탈 — 추격 주의,29.1,False,OVERHEAT,1,85.0,1,0,36771.0,,,,,1,1.0,,0,79.6,pctl>0.30,0,,0,1.0
299,087010,펩트론,KOSDAQ,기타,171500,390.43,39989.3,0.0,0.0,OVERHEAT,OVERHEAT,5,False,0,False,38.6,38.6,23.5,53.8,0.0,0.0,8.1,25.8,53.8,32.8,0.38,25.4,,0,136800.0,125800.0,188800.0,332000.0,,1.27,0.58,185277,52.97,특이사항 없음,0,4.59,64.5,31.6,저점추세 양호,,5일 급등,"과열(급등·MFI·RSI) — 실측 역신호, 관망",NORMAL,82.2,기초 의약물질 제조업,39042724900.0,61.9,73.15,0,0,-1.32,26.76,65.54,-5.35,-33.27,-37.41,-1.54,0.52,-9.55,0.736,0.081,1,12.0,1,0,0.79,0.81,0,0,0,1,1,116040.0,-7.44,0.8871,False,X,▼,151346,▲,O,X,-1.15,250,0,-1,-1,1,359000.0,enter,100.0,NORMAL+PM_BLOCK_INTRADAY+EF:정상,8.04,5.0,4.7,normal,7.0,v1_sl_first_gap_at_open,NORMAL+PM_BLOCK_INTRADAY+EF:정상,SWING_20D,12,SWING_60D,2,SWING_120D,2,0.0,기초 의약물질 제조업,22.15142857142857,8.541428571428572,9.0,49.8,0.0,0.09787588504789671,0.01747075149639406,0.411214953271028,OK,0.0,UNVALIDATED_MODEL,43.92389150554281,43.92389150554281,0.0,6,1,0.5,0.5,0.0,STRUCT+TIMING+SECTOR,default,default,default,70,20260805,20260805,,38.6,38.6,38.6,-12.0,-33.79,FRESH,0.291,,False,0.3,True,MATURE,11693.0,ALPHA_WIN_PROB,4.727,,1.81,0.0,상태 OVERHEAT — 신규진입 상태 아님(사이징 제외),0.3559,0.0,0.0,v40_alpha_tilt,,,,,,True,10.1,,ELITE_SCORE,MATURE,11693,2.4.0,OK,,100.0,ATTACK,OK,OK,OK,OK,OK,OK,OK,0,7,True,True,True,,0,GREEN,,,0.0,AVOID,0,진입괴리 25.4% · RR 0.38 · 5일 +27%,0,1,0,0,,0.0,T=54<70 · 이격도32>15,100.0,GREEN,,,0,False,0,BELOW_OFFICIAL_BAR,TOP_PICK=0,,5.0,IGNORE,IGNORE,NORMAL,0,0,0,0,0,0,0,0,0,CLEAR,,,0,0,0,0,0.0,,,,,,,,,,DISABLED_LOSS_DEFENSE,,,,,,True,False,True,True,True,True,True,True,0.0,0.0,0.0,0.0,0.0,0.0,0.0,0.0,0.0,0.5,False,False,False,0,False,4.0,0.5,G2RR×0.5,,0,0,0,,4.0,0,과열이나 GUARD 미통과 — 레인 제외,False,0.0,0.0,False,,False,True,,0,56.0,3.0,0,1,BLOCK,5일 과열 26.8%,BLOCK,GUARD_BLOCK,1,0.0,신규진입 차단,단기상승+VWAP/POC 추격충돌 · 기존 guard/JULY 차단 · 시장폭 82.2 · 5일 26.8%,62.64,6,82,0,46.8,198,모멘텀확인중(PMS63),-4.0,131328.0,"진입 후 D+1 종가 131,328원(-4%) 이탈 시 익일 조기청산 권고",46.2,"최근 20거래일 유니버스 실측 2일 상승률 46.2% (n=6,245) · 종목별 유의차 미검증",NO_EDGE_VALIDATED,CAUTION,127224.0,150480.0,"⚠️ 과열/추격 주의 · 손절 127,224(-7%)·본전전환 143,640(+5%)·1차익절 150,480(+10%) · ⚡ D+2내 139,536(+2%) 도달 시 절반 익절+잔여 본전 상향 (실측: 초반 급등 후 되돌림 -0.9%)",0,0.0,0,0,알파 65점 (진입선 85점 미달) · 손익비 0.38 · 손실방어 차단 · POC 확장 53% (추격 위험),alpha_gate_v32,CASH,0.0,,,1,NEUTRAL,"중립 레짐 — KOSPI 20일선 아래, 시장폭 82% (실측: 본전 구간 → 진입 허용하되 사이즈 50%)",0.5,1,65.0,143640.0,0.3233,1,이 점수 구간의 과거 실측 승률 29% (표본 11693건),중립 레짐 — 사이즈 50% 권장 · 거래량 밀집가 대비 +53.0% 확장 (실측 승률 12~23% — 추격 위험) · 손익비 0.38 <1 — 이길 수 없는 구조 · 추천가 대비 25.4% 이탈 — 추격 주의,29.1,False,OVERHEAT,1,85.0,1,0,139536.0,,,,,1,1.0,,0,85.4,pctl>0.30,0,,0,1.0
300,232140,와이씨,KOSDAQ,조선·기계·설비,9590,54.96,7868.1,0.0,0.0,OVERHEAT,OVERHEAT,5,False,0,False,26.0,26.0,17.9,34.2,0.0,0.0,19.0,17.4,34.2,57.2,1.9,1.5,RR1.9 + 진입적정,0,9450.0,8690.0,11300.0,22250.0,,2.14,0.76,13930,-54.43,특이사항 없음,0,-25.63,42.2,2.39,,,5일 급등,"과열(급등·MFI·RSI) — 실측 역신호, 관망",NORMAL,82.2,특수 목적용 기계 제조업,5496498975.0,42.5,41.79,0,0,4.81,30.48,2.57,-12.82,-55.5,-49.07,-9.01,-21.71,-21.21,0.947,0.031,0,12.0,1,0,1.11,0.62,0,0,0,1,-1,10091.0,-31.16,0.8402,False,X,▼,8097,▲,O,X,4.37,250,0,-1,-1,1,24150.0,enter,100.0,NORMAL+PM_BLOCK_INTRADAY+EF:정상,8.04,5.0,2.4,normal,7.0,v1_sl_first_gap_at_open,NORMAL+PM_BLOCK_INTRADAY+EF:정상,SWING_20D,23,SWING_60D,2,SWING_120D,2,0.0,특수 목적용 기계 제조업,27.58121951219512,8.227560975609755,6.0,86.4,0.0,0.0951139579919559,-0.012073226397841764,0.23636363636363636,OK,0.0,UNVALIDATED_MODEL,40.65219292552247,40.65219292552247,0.0,4,1,0.5,0.5,0.0,STRUCT+TIMING+SECTOR,default,default,default,70,20260805,20260805,,26.0,26.0,26.0,-12.0,-33.79,FRESH,0.291,,False,0.3,True,MATURE,11693.0,ALPHA_WIN_PROB,2.434,,1.81,0.0,상태 OVERHEAT — 신규진입 상태 아님(사이징 제외),0.3559,0.0,0.0,v40_alpha_tilt,,,,,,True,17.8,,ELITE_SCORE,MATURE,11693,2.4.0,OK,,100.0,ATTACK,OK,OK,OK,OK,OK,OK,OK,0,7,True,True,True,,0,GREEN,,,0.0,AVOID,0,5일 +30%,0,1,0,0,,0.0,T=34<70,100.0,GREEN,,,0,False,0,BELOW_OFFICIAL_BAR,TOP_PICK=0,,15.0,IGNORE,IGNORE,NORMAL,0,0,0,0,0,0,0,0,0,CLEAR,,,0,0,0,0,0.0,,,,,,,,,,DISABLED_LOSS_DEFENSE,,,,,,True,False,True,True,True,True,True,True,0.0,0.0,0.0,0.0,0.0,0.0,0.0,0.0,0.0,0.5,False,False,False,2,False,9.5,0.5,G2RR×0.5,,0,0,0,,9.5,0,과열이나 GUARD 미통과 — 레인 제외,False,0.0,0.0,False,,False,True,,0,54.0,34.0,0,1,BLOCK,5일 과열 30.5%,BLOCK,GUARD_BLOCK,1,0.0,신규진입 차단,기존 guard/JULY 차단 · 시장폭 82.2 · 5일 30.5%,28.56,6,272,0,48.03,187,,-4.0,9072.0,"진입 후 D+1 종가 9,072원(-4%) 이탈 시 익일 조기청산 권고",46.2,"최근 20거래일 유니버스 실측 2일 상승률 46.2% (n=6,245) · 종목별 유의차 미검증",NO_EDGE_VALIDATED,CAUTION,8788.0,10395.0,"⚠️ 과열/추격 주의 · 손절 8,788(-7%)·본전전환 9,922(+5%)·1차익절 10,395(+10%) · ⚡ D+2내 9,639(+2%) 도달 시 절반 익절+잔여 본전 상향 (실측: 초반 급등 후 되돌림 -0.9%)",0,0.0,0,0,알파 50점 (진입선 85점 미달) · 손실방어 차단,alpha_gate_v32,CASH,0.0,,,0,NEUTRAL,"중립 레짐 — KOSPI 20일선 아래, 시장폭 82% (실측: 본전 구간 → 진입 허용하되 사이즈 50%)",0.5,1,49.5,9922.0,0.2713,1,이 점수 구간의 과거 실측 승률 29% (표본 11693건) · 거래량 밀집가 대비 -54.4% — 가치영역 근접 (실측 표본 적음) · 손익비 1.9 (손절 -9.4% / 1차목표 +17.8%),중립 레짐 — 사이즈 50% 권장,29.1,True,OVERHEAT,1,85.0,1,0,9639.0,,,,,0,1.0,,0,9.9,pctl>0.30,0,,0,1.0
301,039030,이오테크닉스,KOSDAQ,조선·기계·설비,327000,286.04,40284.9,0.0,0.0,OVERHEAT,OVERHEAT,5,False,0,False,14.4,14.4,16.5,12.4,0.0,0.0,10.1,9.6,16.5,79.4,2.66,1.6,RR2.7 + 진입적정,0,322000.0,296000.0,409500.0,623000.0,,1.92,0.66,441448,-31.94,특이사항 없음,0,-22.43,40.4,2.61,,,5일 급등,"과열(급등·MFI·RSI) — 실측 역신호, 관망",NORMAL,82.2,특수 목적용 기계 제조업,28603558750.0,42.1,48.63,0,0,5.83,31.33,6.0,-11.62,-31.66,-14.73,-7.81,2.13,13.13,0.927,0.031,0,12.0,1,0,1.11,0.54,0,0,0,1,-1,348050.0,-25.93,0.9761,False,X,▼,270083,▲,O,X,4.69,250,0,-1,-1,1,,enter,100.0,NORMAL+PM_BLOCK_INTRADAY+EF:정상,8.07,5.0,3.4,normal,7.0,v1_sl_first_gap_at_open,NORMAL+PM_BLOCK_INTRADAY+EF:정상,SWING_20D,23,SWING_60D,2,,0,0.0,특수 목적용 기계 제조업,27.58121951219512,8.227560975609755,6.0,86.9,0.0,0.10703363914373089,-0.04913841884844871,0.35135135135135137,OK,0.0,UNVALIDATED_MODEL,21.019424385065214,21.019424385065214,0.0,4,1,0.5,0.5,0.0,STRUCT+TIMING+SECTOR,default,default,default,70,20260805,20260805,,14.4,14.4,14.4,-12.0,-33.79,FRESH,0.291,,False,0.3,True,MATURE,11693.0,ALPHA_WIN_PROB,3.365,,1.81,0.0,상태 OVERHEAT — 신규진입 상태 아님(사이징 제외),0.3559,0.0,0.0,v40_alpha_tilt,,,,,,True,25.2,,ELITE_SCORE,MATURE,11693,2.4.0,OK,,100.0,ATTACK,OK,OK,OK,OK,OK,OK,OK,0,7,True,True,True,,0,GREEN,,,0.0,AVOID,0,5일 +31%,0,1,0,0,,0.0,T=12<70,100.0,GREEN,,,0,False,0,BELOW_OFFICIAL_BAR,TOP_PICK=0,,15.0,IGNORE,IGNORE,NORMAL,0,0,0,0,0,0,0,0,0,CLEAR,,,0,0,0,0,0.0,,,,,,,,,,DISABLED_LOSS_DEFENSE,,,,,,True,False,True,True,True,True,True,True,0.0,0.0,0.0,0.0,0.0,0.0,0.0,0.0,0.0,0.5,False,False,False,2,False,5.0,0.5,G2RR×0.5,,0,0,0,,5.0,0,과열이나 GUARD 미통과 — 레인 제외,False,0.0,0.0,False,,False,True,,0,54.0,29.0,0,1,BLOCK,5일 과열 31.3%,BLOCK,GUARD_BLOCK,1,0.0,신규진입 차단,기존 guard/JULY 차단 · 시장폭 82.2 · 5일 31.3%,29.59,6,270,0,35.38,237,,-4.0,309120.0,"진입 후 D+1 종가 309,120원(-4%) 이탈 시 익일 조기청산 권고",46.2,"최근 20거래일 유니버스 실측 2일 상승률 46.2% (n=6,245) · 종목별 유의차 미검증",NO_EDGE_VALIDATED,CAUTION,299460.0,354200.0,"⚠️ 과열/추격 주의 · 손절 299,460(-7%)·본전전환 338,100(+5%)·1차익절 354,200(+10%) · ⚡ D+2내 328,440(+2%) 도달 시 절반 익절+잔여 본전 상향 (실측: 초반 급등 후 되돌림 -0.9%)",0,0.0,0,0,알파 13점 (진입선 85점 미달) · 손실방어 차단,alpha_gate_v32,CASH,0.0,,,0,NEUTRAL,"중립 레짐 — KOSPI 20일선 아래, 시장폭 82% (실측: 본전 구간 → 진입 허용하되 사이즈 50%)",0.5,1,13.3,338100.0,0.2489,1,이 점수 구간의 과거 실측 승률 29% (표본 11693건) · 거래량 밀집가 대비 -31.9% — 가치영역 근접 (실측 표본 적음) · 손익비 2.7 (손절 -9.5% / 1차목표 +25.2%),중립 레짐 — 사이즈 50% 권장 · AI 알파모델 예측 하위 13% — 이 구간 실측 승률 25% — 픽 제외 구간,29.1,True,OVERHEAT,1,85.0,1,0,328440.0,,,,,0,1.0,,0,12.7,pctl>0.30,0,,0,1.0
302,083450,GST,KOSDAQ,조선·기계·설비,47600,57.38,8772.7,0.0,0.0,OVERHEAT,OVERHEAT,5,False,0,False,42.0,42.0,42.7,41.3,0.0,0.0,8.4,28.0,42.7,46.6,0.64,1.5,진입적정,0,46900.0,43100.0,50500.0,55300.0,,2.28,0.79,55046,54.8,특이사항 없음,0,-19.49,48.9,9.95,,,5일 급등,"과열(급등·MFI·RSI) — 실측 역신호, 관망",NORMAL,82.2,특수 목적용 기계 제조업,5737648400.0,47.4,32.85,0,0,4.39,32.41,12.4,7.09,-18.91,72.46,10.9,14.88,100.32,0.399,0.106,1,12.0,1,0,1.09,0.83,0,0,0,1,-1,48945.0,-13.53,0.8156,False,O,▲,40783,▲,O,X,4.71,250,0,1,1,1,70800.0,enter,100.0,NORMAL+PM_BLOCK_INTRADAY+EF:정상,8.1,5.0,0.9,normal,7.0,v1_sl_first_gap_at_open,NORMAL+PM_BLOCK_INTRADAY+EF:정상,SWING_20D,46,ATR_2x,23,SWING_60D,2,0.0,특수 목적용 기계 제조업,27.58121951219512,8.227560975609755,6.0,51.7,0.0,0.08740996398559422,0.0015907994089719242,0.5106382978723404,OK,0.0,UNVALIDATED_MODEL,33.52961786978478,33.52961786978478,0.0,4,1,0.5,0.5,0.0,STRUCT+TIMING+SECTOR,default,default,default,70,20260805,20260805,,42.0,42.0,42.0,-12.0,-33.79,FRESH,0.291,,False,0.3,True,MATURE,11693.0,ALPHA_WIN_PROB,0.947,,0.947,0.0,상태 OVERHEAT — 신규진입 상태 아님(사이징 제외),0.5135,0.0,0.0,v40_alpha_tilt,,,,,,True,6.1,,ELITE_SCORE,MATURE,11693,2.4.0,OK,,100.0,ATTACK,OK,OK,OK,OK,OK,OK,OK,0,7,True,True,True,,0,GREEN,,,0.0,AVOID,0,RR 0.64 · 5일 +32% · POC 55↑,0,1,0,0,,0.0,T=41<70,100.0,GREEN,,,0,False,0,BELOW_OFFICIAL_BAR,TOP_PICK=0,,5.0,IGNORE,IGNORE,NORMAL,0,0,0,0,0,0,0,0,0,CLEAR,,,0,0,0,0,0.0,,,,,,,,,,DISABLED_LOSS_DEFENSE,,,,,,True,False,True,True,True,True,True,True,0.0,0.0,0.0,0.0,0.0,0.0,0.0,0.0,0.0,0.5,False,False,False,1,False,4.2,0.5,G2RR×0.5,,0,0,0,,4.2,0,과열이나 GUARD 미통과 — 레인 제외,False,0.0,0.0,False,,False,True,,0,52.0,0.0,0,1,BLOCK,5일 과열 32.4%,BLOCK,GUARD_BLOCK,1,0.0,신규진입 차단,단기상승+VWAP/POC 추격충돌 · 기존 guard/JULY 차단 · 시장폭 82.2 · 5일 32.4%,45.3,6,198,0,39.37,226,,-4.0,45024.0,"진입 후 D+1 종가 45,024원(-4%) 이탈 시 익일 조기청산 권고",46.2,"최근 20거래일 유니버스 실측 2일 상승률 46.2% (n=6,245) · 종목별 유의차 미검증",NO_EDGE_VALIDATED,CAUTION,43617.0,51590.0,"⚠️ 과열/추격 주의 · 손절 43,617(-7%)·본전전환 49,245(+5%)·1차익절 51,590(+10%) · ⚡ D+2내 47,838(+2%) 도달 시 절반 익절+잔여 본전 상향 (실측: 초반 급등 후 되돌림 -0.9%)",0,0.0,0,0,알파 9점 (진입선 85점 미달) · 손익비 0.64 · 손실방어 차단 · POC 확장 55% (추격 위험),alpha_gate_v32,CASH,0.0,,,1,NEUTRAL,"중립 레짐 — KOSPI 20일선 아래, 시장폭 82% (실측: 본전 구간 → 진입 허용하되 사이즈 50%)",0.5,1,9.0,49245.0,0.2386,1,이 점수 구간의 과거 실측 승률 29% (표본 11693건),중립 레짐 — 사이즈 50% 권장 · 거래량 밀집가 대비 +54.8% 확장 (실측 승률 12~23% — 추격 위험) · 손익비 0.64 <1 — 이길 수 없는 구조 · AI 알파모델 예측 하위 9% — 이 구간 실측 승률 24% — 픽 제외 구간,29.1,False,OVERHEAT,1,85.0,1,0,47838.0,,,,,0,1.0,,0,20.1,pctl>0.30,1,"⛔ 위험구간 — 알파 하위10% + 저점추세 하위30% (실측 5일 -2.88%·승률 21.5%, 20일 승률 10.8%) · 보유 중이면 정리 검토",0,1.0
303,073240,금호타이어,KOSPI,화학·소재,7380,568.78,21199.8,0.0,0.0,OVERHEAT,OVERHEAT,5,False,0,False,42.9,42.9,50.5,35.3,0.0,0.0,8.1,28.6,50.5,36.9,0.66,1.5,진입적정,0,7270.0,6680.0,7840.0,8590.0,,2.07,0.92,6062,17.76,특이사항 없음,0,0.38,56.5,14.08,,,5일 급등,"과열(급등·MFI·RSI) — 실측 역신호, 관망",NORMAL,82.2,고무제품 제조업,56877859505.0,80.6,36.25,0,0,5.73,31.79,20.79,16.59,31.55,18.65,30.41,43.55,-9.13,0.006,0.006,1,12.0,0,0,0.98,0.82,0,0,0,1,1,5327.0,21.72,0.4906,False,O,▲,6586,▲,O,X,0.72,250,0,1,1,1,9580.0,enter,100.0,NORMAL+PM_BLOCK_INTRADAY+EF:정상,8.12,5.0,1.0,normal,7.0,v1_sl_first_gap_at_open,NORMAL+PM_BLOCK_INTRADAY+EF:정상,SWING_20D,46,ATR_2x,23,ATR_3.5x,12,0.0,고무제품 제조업,18.9472,9.67,10.0,18.8,0.0,0.08914053426248549,0.1926590062666757,0.4857142857142857,OK,0.0,UNVALIDATED_MODEL,17.616269070127373,17.616269070127373,0.0,6,1,0.5,0.5,0.0,STRUCT+TIMING+SECTOR,default,default,default,70,20260805,20260805,,42.9,42.9,42.9,-12.0,-33.79,FRESH,0.291,,False,0.3,True,MATURE,11693.0,ALPHA_WIN_PROB,0.966,,0.966,0.0,상태 OVERHEAT — 신규진입 상태 아님(사이징 제외),0.5086,0.0,0.0,v40_alpha_tilt,,,,,,True,6.2,,ELITE_SCORE,MATURE,11693,2.4.0,OK,,100.0,ATTACK,OK,OK,OK,OK,OK,OK,OK,0,7,True,True,True,,1,ORANGE,C_ORANGE,STRUCT < 90 + VWAP_GAP > 15% 강한 과열,0.0,AVOID,0,RR 0.66 · 5일 +32% · VWAP 22↑,0,1,0,0,,0.0,T=35<70 · S=50≥50,100.0,GREEN,,,0,False,0,BELOW_OFFICIAL_BAR,TOP_PICK=0,,5.0,IGNORE,IGNORE,NORMAL,0,0,0,0,0,0,0,0,0,CLEAR,,,0,0,0,0,0.0,,,,,,,,,,DISABLED_LOSS_DEFENSE,,,,,,True,False,True,True,True,True,True,True,0.0,0.0,0.0,0.0,0.0,0.0,0.0,0.0,0.0,0.5,False,False,False,0,False,4.0,0.5,G2RR×0.5,,0,0,0,,4.0,0,과열이나 GUARD 미통과 — 레인 제외,False,0.0,0.0,False,,False,True,,0,50.0,0.0,0,1,BLOCK,5일 과열 31.8% · VWAP 21.7 > 20 · ORANGE + 단기과열,BLOCK,GUARD_BLOCK,1,0.0,신규진입 차단,단기상승+VWAP/POC 추격충돌 · 기존 guard/JULY 차단 · 시장폭 82.2 · 5일 31.8%,70.72,6,45,0,50.84,170,모멘텀확인중(PMS71),-4.0,6979.0,"진입 후 D+1 종가 6,979원(-4%) 이탈 시 익일 조기청산 권고",46.2,"최근 20거래일 유니버스 실측 2일 상승률 46.2% (n=6,245) · 종목별 유의차 미검증",NO_EDGE_VALIDATED,CAUTION,6761.0,7997.0,"⚠️ 과열/추격 주의 · 손절 6,761(-7%)·본전전환 7,634(+5%)·1차익절 7,997(+10%) · ⚡ D+2내 7,415(+2%) 도달 시 절반 익절+잔여 본전 상향 (실측: 초반 급등 후 되돌림 -0.9%)",0,0.0,0,0,알파 78점 (진입선 85점 미달) · 손익비 0.66 · 손실방어 차단,alpha_gate_v32,CASH,0.0,,,0,NEUTRAL,"중립 레짐 — KOSPI 20일선 아래, 시장폭 82% (실측: 본전 구간 → 진입 허용하되 사이즈 50%)",0.5,1,78.0,7634.0,0.3379,1,이 점수 구간의 과거 실측 승률 29% (표본 11693건) · 거래량 밀집가 대비 +17.8% — 가치영역 근접 (실측 승률 48%) · AI 알파모델 예측 상위 22% (OOS 검증 통과 모델 — 이 구간 실측 승률 34%),중립 레짐 — 사이즈 50% 권장 · 손익비 0.66 <1 — 이길 수 없는 구조,29.1,False,OVERHEAT,1,85.0,1,0,7415.0,,,,,1,1.0,,0,74.6,pctl>0.30,0,,0,1.0
304,080220,제주반도체,KOSDAQ,반도체,75500,1403.42,26004.3,0.0,0.0,OVERHEAT,OVERHEAT,5,False,0,False,47.6,47.6,47.9,47.3,0.0,0.0,31.4,31.7,47.9,40.1,3.18,0.7,RR3.2 + 진입적정,0,76000.0,69900.0,93300.0,138000.0,,1.27,0.93,95309,69.36,특이사항 없음,0,-28.95,41.9,3.14,,,5일 급등,"과열(급등·MFI·RSI) — 실측 역신호, 관망",NORMAL,82.2,반도체 제조업,140342078650.0,49.5,54.19,0,0,7.86,37.02,0.67,-8.26,38.03,80.19,-4.45,71.82,108.05,0.374,0.055,1,12.0,1,0,1.34,0.59,0,0,0,1,-1,79480.0,-20.78,1.0919,False,O,▲,59993,▲,O,X,9.29,250,0,1,1,1,,split,50.0,NORMAL+PM_BLOCK_INTRADAY+EF:갭 7%+ 분할 진입+ENTRY:split,8.03,5.0,2.8,normal,7.0,v1_sl_first_gap_at_open,NORMAL+PM_BLOCK_INTRADAY+EF:갭 7%+ 분할 진입+ENTRY:split,SWING_20D,23,SWING_60D,2,,0,0.0,반도체 제조업,29.595714285714283,5.586428571428571,8.0,81.6,0.0,0.11688741721854305,-0.0032947518927179047,0.08771929824561403,OK,0.0,UNVALIDATED_MODEL,51.565170508122016,51.565170508122016,0.0,4,1,0.5,0.5,0.0,STRUCT+TIMING+SECTOR,default,default,default,70,20260805,20260805,,47.6,47.6,47.6,-12.0,-33.79,FRESH,0.262,,False,0.301,True,MATURE,11693.0,ALPHA_WIN_PROB,2.836,,1.81,0.0,상태 OVERHEAT — 신규진입 상태 아님(사이징 제외),0.3559,0.0,0.0,v40_alpha_tilt,,,,,,True,23.6,,ELITE_SCORE,MATURE,11693,2.4.0,OK,,100.0,ATTACK,OK,OK,OK,OK,OK,OK,OK,0,7,True,True,True,,0,GREEN,,,0.0,AVOID,0,5일 +37% · POC 69↑,0,1,0,0,,0.0,T=47<70,100.0,GREEN,,,0,False,0,BELOW_OFFICIAL_BAR,TOP_PICK=0,,15.0,IGNORE,IGNORE,NORMAL,0,0,0,0,0,0,0,0,0,CLEAR,,,0,0,0,0,0.0,,,,,,,,,,DISABLED_LOSS_DEFENSE,,,,,,True,False,True,True,True,True,True,True,0.0,0.0,0.0,0.0,0.0,0.0,0.0,0.0,0.0,0.5,False,False,False,1,False,15.7,0.5,G2RR×0.5,,0,0,0,,15.7,0,과열이나 GUARD 미통과 — 레인 제외,False,0.0,0.0,False,,False,True,,0,50.0,0.0,0,1,BLOCK,5일 과열 37.0% · POC 69.4 > 60,BLOCK,GUARD_BLOCK,1,0.0,신규진입 차단,단기상승+VWAP/POC 추격충돌 · 기존 guard/JULY 차단 · 시장폭 82.2 · 5일 37.0%,56.91,6,118,0,73.73,36,,-4.0,72960.0,"진입 후 D+1 종가 72,960원(-4%) 이탈 시 익일 조기청산 권고",46.2,"최근 20거래일 유니버스 실측 2일 상승률 46.2% (n=6,245) · 종목별 유의차 미검증",NO_EDGE_VALIDATED,CAUTION,70680.0,83600.0,"⚠️ 과열/추격 주의 · 손절 70,680(-7%)·본전전환 79,800(+5%)·1차익절 83,600(+10%) · ⚡ D+2내 77,520(+2%) 도달 시 절반 익절+잔여 본전 상향 (실측: 초반 급등 후 되돌림 -0.9%)",0,0.0,0,0,알파 2점 (진입선 85점 미달) · 손실방어 차단 · POC 확장 69% (추격 위험),alpha_gate_v32,CASH,0.0,,,1,NEUTRAL,"중립 레짐 — KOSPI 20일선 아래, 시장폭 82% (실측: 본전 구간 → 진입 허용하되 사이즈 50%)",0.5,1,2.5,79800.0,0.2386,1,이 점수 구간의 과거 실측 승률 26% (표본 11693건) · 손익비 3.2 (손절 -7.4% / 1차목표 +23.6%),중립 레짐 — 사이즈 50% 권장 · 거래량 밀집가 대비 +69.4% 확장 (실측 승률 12~23% — 추격 위험) · AI 알파모델 예측 하위 2% — 이 구간 실측 승률 24% — 픽 제외 구간,26.2,False,OVERHEAT,1,85.0,1,0,77520.0,,,,,0,1.0,,0,6.5,pctl>0.30,1,"⛔ 위험구간 — 알파 하위10% + 저점추세 하위30% (실측 5일 -2.88%·승률 21.5%, 20일 승률 10.8%) · 보유 중이면 정리 검토",0,1.0
305,006340,대원전선,KOSPI,기타,15450,6846.56,12115.0,0.0,0.0,OVERHEAT,OVERHEAT,5,False,0,False,51.2,51.2,89.2,13.1,0.0,0.0,7.8,34.1,89.2,0.0,0.26,19.0,,0,12980.0,11940.0,16370.0,16790.0,🚀급등시동,1.62,2.86,12873,152.99,특이사항 없음,1,9.55,56.7,24.99,STRUCT 강점,,5일 급등,"과열(급등·MFI·RSI) — 실측 역신호, 관망",NORMAL,82.2,절연선 및 케이블 제조업,684655960655.0,75.1,51.62,0,0,12.04,39.82,27.06,37.33,-14.21,319.27,51.15,-2.21,291.49,0.07,0.07,1,12.0,1,0,1.69,0.87,0,0,0,1,1,9433.0,20.01,0.4942,False,O,▲,13204,▲,O,X,5.37,250,0,1,1,1,18550.0,split,50.0,NORMAL+PM_BLOCK_INTRADAY+EF:당일 10%+ 급등 분할 진입+ENTRY:split,8.01,5.0,3.3,normal,7.0,v1_sl_first_gap_at_open,NORMAL+PM_BLOCK_INTRADAY+EF:당일 10%+ 급등 분할 진입+ENTRY:split,SWING_20D,23,ATR_2x,23,SWING_60D,12,0.0,절연선 및 케이블 제조업,22.15142857142857,8.541428571428572,9.0,74.3,0.0,0.12320850670365234,0.029780315030135094,0.45320197044334976,OK,0.0,UNVALIDATED_MODEL,11.639725705238318,11.639725705238318,0.0,8,1,0.5,0.5,0.0,STRUCT+TIMING+SECTOR,default,default,default,70,20260805,20260805,,51.2,51.2,51.2,-12.0,-33.79,FRESH,0.291,,False,0.33,True,MATURE,11693.0,ALPHA_WIN_PROB,3.26,,1.81,0.0,상태 OVERHEAT — 신규진입 상태 아님(사이징 제외),0.3559,0.0,0.0,v40_alpha_tilt,,,,,,True,6.0,,ELITE_SCORE,MATURE,11693,2.4.0,OK,,100.0,ATTACK,OK,OK,OK,OK,OK,OK,OK,0,7,True,True,True,,1,ORANGE,C_ORANGE,STRUCT < 90 + VWAP_GAP > 15% 강한 과열,0.0,AVOID,0,진입괴리 19.0% · RR 0.26 · 5일 +40%,0,1,0,0,,0.0,T=13<70 · S=89≥50,100.0,GREEN,,,0,False,0,BELOW_OFFICIAL_BAR,TOP_PICK=0,VWAP/POC 과열,5.0,IGNORE,IGNORE,NORMAL,0,0,0,0,0,0,0,0,0,CLEAR,,,0,0,0,0,0.0,,,,,,,,,,DISABLED_LOSS_DEFENSE,,,,,,True,False,True,True,True,True,True,True,0.0,0.0,0.0,0.0,0.0,0.0,0.0,0.0,0.0,0.5,False,False,False,0,False,3.9,0.5,G2RR×0.5,,0,0,0,,3.9,0,과열이나 GUARD 미통과 — 레인 제외,False,0.0,0.0,False,,False,True,,0,42.0,0.0,0,1,BLOCK,5일 과열 39.8% · VWAP 20.0 > 20 · POC 과열 153.0 · ORANGE + 단기과열,BLOCK,GUARD_BLOCK,1,0.0,신규진입 차단,단기상승+VWAP/POC 추격충돌 · 기존 guard/JULY 차단 · 시장폭 82.2 · 5일 39.8%,78.25,6,28,0,53.83,156,모멘텀확인중(PMS78),-4.0,12461.0,"진입 후 D+1 종가 12,461원(-4%) 이탈 시 익일 조기청산 권고",46.2,"최근 20거래일 유니버스 실측 2일 상승률 46.2% (n=6,245) · 종목별 유의차 미검증",NO_EDGE_VALIDATED,CAUTION,12071.0,14278.0,"⚠️ 과열/추격 주의 · 손절 12,071(-7%)·본전전환 13,629(+5%)·1차익절 14,278(+10%) · ⚡ D+2내 13,240(+2%) 도달 시 절반 익절+잔여 본전 상향 (실측: 초반 급등 후 되돌림 -0.9%)",0,0.0,0,0,알파 9점 (진입선 85점 미달) · 손익비 0.26 · 손실방어 차단 · POC 확장 153% (추격 위험),alpha_gate_v32,CASH,0.0,,,1,NEUTRAL,"중립 레짐 — KOSPI 20일선 아래, 시장폭 82% (실측: 본전 구간 → 진입 허용하되 사이즈 50%)",0.5,1,9.3,13629.0,0.2386,1,이 점수 구간의 과거 실측 승률 29% (표본 11693건) · 저점 상승 추세 10% (바닥이 높아지는 중),중립 레짐 — 사이즈 50% 권장 · 거래량 밀집가 대비 +153.0% 확장 (실측 승률 12~23% — 추격 위험) · 손익비 0.26 <1 — 이길 수 없는 구조 · 추천가 대비 19.0% 이탈 — 추격 주의 · AI 알파모델 예측 하위 9% — 이 구간 실측 승률 24% — 픽 제외 구간,29.1,False,OVERHEAT,1,85.0,1,0,13240.0,,,,,1,1.0,,0,91.3,pctl>0.30,0,,0,1.0
306,071090,하이스틸,KOSPI,철강·금속,3090,120.35,1007.6,0.0,0.0,CARRY,CARRY,7,False,0,False,0.0,78.3,95.2,57.7,85.9,,0.0,79.6,37.5,53.1,2590.0,31.9,RR2590.0,0,4540.0,3860.0,5680.0,6090.0,,2.04,0.48,4542,7.34,DATA_UNAVAILABLE,0,28.42,66.2,15.35,STRUCT 강점,AI 보조,,캐리 재계산 실패: legacy snapshot,NORMAL,82.2,1차 철강 제조업,12035374887.0,91.7,42.38,0,0,-4.77,9.07,8.83,40.56,33.78,23.21,33.07,11.1,-17.62,0.022,0.022,1,12.0,1,0,3.42,0.7,0,0,0,1,1,3898.5,9.86,0.1059,False,O,▲,4805,▲,O,X,0.0,250,0,1,1,1,6380.0,enter,100.0,NORMAL+PM_BLOCK_INTRADAY+EF:정상,14.98,6.0,1.7,normal,7.0,v1_sl_first_gap_at_open,NORMAL+PM_BLOCK_INTRADAY+EF:정상,SWING_20D,80,ATR_3.5x,45,FIBO_1.272,40,0.0,1차 철강 제조업,16.336451612903225,29.83225806451613,2.0,,,,,,,85.9,OK,27.5,27.5,,6,1,0.4,0.4,0.2,STRUCT+TIMING+AI+SECTOR,default,default,default,60,20260805,20260429.0,,78.3,78.3,78.3,22.68,22.68,CARRY_LEGACY,0.291,,False,0.3,True,MATURE,4401.0,ALPHA_WIN_PROB,1.676,,1.676,0.0,상태 CARRY — 신규진입 상태 아님(사이징 제외),0.3736,0.0,0.0,v40_alpha_tilt,,20260429.0,30.0,True,35.0,False,83.8,,ELITE_SCORE,MATURE,11693,2.4.0,OK,,100.0,ATTACK,OK,OK,OK,OK,OK,OK,OK,0,7,True,True,True,"analyze_returned_none(ohlcv_len=373,mcap=624,in_top=True)",0,GREEN,,,0.0,AVOID,0,진입괴리 31.9% · 이격도 15↑ + 음봉,0,0,0,0,,0.0,T=58<70 · S=95≥50,100.0,GREEN,,,0,False,0,HOLDING_MANAGE,TOP_PICK=0,,30.0,HOLDING_MANAGE,HOLDING_MANAGE,NORMAL,0,0,0,0,0,0,0,0,0,CLEAR,,,0,0,0,0,0.0,HOLDING_MANAGE,0.0,AVOID,,0.0,0.0,0.0,0.0,0.0,DISABLED_LOSS_DEFENSE,4990.0,-38.07615230460922,DEAD,1.0,보유 30일차 · 손익 -38.1% · 청산 검토,True,True,False,True,True,True,True,True,0.0,0.0,45.0,0.0,0.0,0.0,0.0,0.0,45.0,1.0,False,False,False,0,False,0.0,0.0,G3보유경과-45,,0,0,0,,0.0,0,,False,0.0,0.0,False,,False,True,,0,100.0,84.0,0,0,CAUTION,5일 상승 9.1% > 5%,C,WATCH,0,0.2,관찰,시장폭 82.2 · 5일 9.1%,53.74,6,146,0,30.51,256,,-4.0,4358.0,"진입 후 D+1 종가 4,358원(-4%) 이탈 시 익일 조기청산 권고",46.2,"최근 20거래일 유니버스 실측 2일 상승률 46.2% (n=6,245) · 종목별 유의차 미검증",NO_EDGE_VALIDATED,HIGH_AVOID,4222.0,4994.0,"⛔ 고위험 루트(진입보류 권고) · 손절 4,222(-7%)·본전전환 4,767(+5%)·1차익절 4,994(+10%) · ⚡ D+2내 4,631(+2%) 도달 시 절반 익절+잔여 본전 상향 (실측: 초반 급등 후 되돌림 -0.9%)",0,0.0,0,0,알파 12점 (진입선 85점 미달) · 데이터 신선도 실패,alpha_gate_v32,CASH,0.0,4.92,True,0,NEUTRAL,"중립 레짐 — KOSPI 20일선 아래, 시장폭 82% (실측: 본전 구간 → 진입 허용하되 사이즈 50%)",0.5,1,11.8,4767.0,0.2489,1,이 점수 구간의 과거 실측 승률 29% (표본 11693건) · 거래량 밀집가 대비 +7.3% — 가치영역 근접 (실측 승률 40%) · 손익비 2590.0 (손절 +24.9% / 1차목표 +83.8%) · 저점 상승 추세 28% (바닥이 높아지는 중),중립 레짐 — 사이즈 50% 권장 · 추천가 대비 31.9% 이탈 — 추격 주의 · 가격 데이터 stale — 표시가와 실제가 다를 수 있음 · AI 알파모델 예측 하위 12% — 이 구간 실측 승률 25% — 픽 제외 구간,29.1,False,CARRY,1,85.0,1,0,4631.0,1.9261109623344368,-1.4571255424744134,-0.7857841014422107,0.8856366018608064,1,1.0,,0,98.1,pctl>0.30,0,,0,1.0
307,290660,다이나믹솔루션,KOSDAQ,,1593,50.0,1012.9,0.0,0.0,CARRY,CARRY,7,False,0,False,0.0,64.8,48.7,81.7,63.2,,0.0,64.5,33.0,58.8,0.0,32.3,,0,1204.0,1023.0,1450.0,1740.0,,-0.78,1.28,1179,6.0,DATA_UNAVAILABLE,5,0.1,63.3,8.33,TIMING 강점,,,캐리 재계산 실패: legacy snapshot,NORMAL,82.2,의료용 기기 제조업,5000000000.0,58.5,23.17,1,0,0.84,3.88,20.28,1.35,10.05,49.19,-5.22,-9.85,13.36,0.221,0.221,1,12.0,1,0,1.44,0.47,0,0,0,1,1,994.7,2.11,0.2243,False,O,▲,1166,▲,O,X,1.17,250,0,1,1,1,2035.0,enter,100.0,NORMAL+PM_BLOCK_INTRADAY+EF:정상,15.03,6.0,1.4,normal,7.0,v1_sl_first_gap_at_open,NORMAL+PM_BLOCK_INTRADAY+EF:정상,SWING_20D,80,SWING_60D,60,FIBO_1.272,40,,,,,,,,,,,,63.2,OK,57.20584154573604,57.20584154573604,,10,1,0.4,0.4,0.2,STRUCT+TIMING+AI,,,,70,20260805,,,,,,,,CARRY_LEGACY,0.291,,False,0.3,True,,,ALPHA_WIN_PROB,1.359,,1.359,0.0,상태 CARRY — 신규진입 상태 아님(사이징 제외),0.4239,0.0,0.0,v40_alpha_tilt,,20260507.0,22.0,True,35.0,False,-9.0,,ELITE_SCORE,MATURE,11693,2.4.0,OK,,100.0,ATTACK,OK,OK,OK,OK,OK,OK,OK,0,7,True,True,True,"analyze_returned_none(ohlcv_len=373,mcap=682,in_top=True)",0,GREEN,,,0.0,AVOID,0,진입괴리 32.3% · RR 0.00,0,0,0,1,BASIC,60.0,T=82·S=49 · RR=0.00<0.5,100.0,GREEN,,,0,False,0,HOLDING_MANAGE,TOP_PICK=0,,5.0,HOLDING_MANAGE,HOLDING_MANAGE,NORMAL,0,0,0,0,0,0,0,0,0,CLEAR,,,0,0,0,0,0.0,ENTRY_CLEAN_OBSERVE,1.0,BUY,,0.0,0.0,0.0,0.0,0.0,DISABLED_LOSS_DEFENSE,2388.0,-33.29145728643216,DEAD,1.0,보유 22일차 · 손익 -33.3% · 청산 검토,True,True,False,True,True,True,True,True,0.0,0.0,45.0,0.0,0.0,0.0,0.0,0.0,45.0,1.0,False,False,False,0,False,0.0,0.0,G3보유경과-45,,0,0,0,,0.0,0,,False,0.0,0.0,False,,False,True,,0,96.0,80.0,0,0,CAUTION,중립/관찰,C,WATCH,0,0.2,관찰,시장폭 82.2 · 5일 3.9%,59.73,6,99,0,33.5,246,,-4.0,1156.0,"진입 후 D+1 종가 1,156원(-4%) 이탈 시 익일 조기청산 권고",46.2,"최근 20거래일 유니버스 실측 2일 상승률 46.2% (n=6,245) · 종목별 유의차 미검증",NO_EDGE_VALIDATED,HIGH_AVOID,1120.0,1324.0,"⛔ 고위험 루트(진입보류 권고) · 손절 1,120(-7%)·본전전환 1,264(+5%)·1차익절 1,324(+10%) · ⚡ D+2내 1,228(+2%) 도달 시 절반 익절+잔여 본전 상향 (실측: 초반 급등 후 되돌림 -0.9%)",0,0.0,0,0,알파 20점 (진입선 85점 미달) · 손익비 0.00 · 데이터 신선도 실패,alpha_gate_v32,CASH,0.0,-1.67,True,0,NEUTRAL,"중립 레짐 — KOSPI 20일선 아래, 시장폭 82% (실측: 본전 구간 → 진입 허용하되 사이즈 50%)",0.5,1,19.8,1264.0,0.2489,1,이 점수 구간의 과거 실측 승률 29% (표본 11693건) · 거래량 밀집가 대비 +6.0% — 가치영역 근접 (실측 승률 40%) · 변동성 응축 5일째 (스퀴즈 — 방향 분출 대기),중립 레짐 — 사이즈 50% 권장 · 추천가 대비 32.3% 이탈 — 추격 주의 · 가격 데이터 stale — 표시가와 실제가 다를 수 있음 · AI 알파모델 예측 하위 20% — 이 구간 실측 승률 25% — 픽 제외 구간,29.1,False,CARRY,1,85.0,1,0,1228.0,1.9261109623344368,-1.4571255424744134,-0.7857841014422107,0.8856366018608064,1,1.0,,0,74.1,pctl>0.30,0,,0,1.0
308,048770,TPC로보틱스,KOSDAQ,조선·기계·설비,3160,75.89,1050.2,0.0,0.0,CARRY,CARRY,7,False,0,False,0.0,76.6,86.8,52.3,78.8,,0.0,72.6,34.5,56.9,7530.0,43.5,RR7530.0,0,5590.0,4750.0,10690.0,12880.0,,-0.54,0.53,5512,47.43,DATA_UNAVAILABLE,0,26.47,62.0,25.57,STRUCT 강점,AI 보조,,캐리 재계산 실패: legacy snapshot,NORMAL,82.2,일반 목적용 기계 제조업,7588669490.0,70.1,123.37,0,0,9.14,-5.77,56.67,95.04,89.79,231.19,95.19,89.17,194.22,0.0,0.0,1,12.0,0,0,2.21,0.45,0,0,0,1,-1,9990.5,21.36,-0.923,False,O,▲,7143,▼,X,X,1.47,250,0,1,1,1,15670.0,enter,100.0,NORMAL+PM_BLOCK_INTRADAY+EF:정상,15.03,6.0,6.1,normal,7.0,v1_sl_first_gap_at_open,NORMAL+PM_BLOCK_INTRADAY+EF:정상,SWING_20D,80,FIBO_1.272,40,FIBO_1.618,25,0.0,일반 목적용 기계 제조업,6.509466666666667,6.265866666666667,4.0,,,0.1793188127268844,0.1542231285394995,0.0,OK,78.8,OK,33.581362631527526,33.581362631527526,,6,1,0.55,0.25,0.2,STRUCT+TIMING+AI+SECTOR,default,,,50,20260805,20260526.0,,76.6,76.6,76.6,32.28,0.62,CARRY_LEGACY,0.291,,False,0.3,True,MATURE,7244.0,ALPHA_WIN_PROB,6.071,,1.81,0.0,상태 CARRY — 신규진입 상태 아님(사이징 제외),0.3559,0.0,0.0,v40_alpha_tilt,,20260526.0,3.0,False,0.0,False,238.3,,ELITE_SCORE,MATURE,11693,2.4.0,OK,,100.0,ATTACK,OK,OK,OK,OK,OK,OK,OK,0,7,True,True,True,"analyze_returned_none(ohlcv_len=373,mcap=496,in_top=True)",1,ORANGE,C_ORANGE,STRUCT < 90 + VWAP_GAP > 15% 강한 과열,0.0,AVOID,0,진입괴리 43.5% · VWAP 21↑ · POC 47↑,0,0,0,0,,0.0,T=52<70 · S=87≥50,100.0,GREEN,,,0,False,0,HOLDING_MANAGE,TOP_PICK=0,,30.0,HOLDING_MANAGE,HOLDING_MANAGE,NORMAL,0,0,0,0,0,0,0,0,0,CLEAR,,,0,0,0,0,0.0,HOLDING_MANAGE,0.0,AVOID,,0.0,0.0,0.0,0.0,0.0,DISABLED_LOSS_DEFENSE,6690.0,-52.76532137518684,FRESH,0.0,,True,True,True,True,False,True,True,True,0.0,0.0,0.0,0.0,20.0,0.0,0.0,0.0,20.0,1.0,False,True,False,3,False,0.0,0.0,G5추세붕괴3축,,0,0,0,,0.0,0,,False,0.0,0.0,False,,False,True,,0,96.0,78.0,0,0,CAUTION,VWAP 21.4 > 20,C,WATCH,0,0.2,관찰,시장폭 82.2 · 5일 -5.8%,49.85,6,170,0,28.56,265,,-4.0,5366.0,"진입 후 D+1 종가 5,366원(-4%) 이탈 시 익일 조기청산 권고",46.2,"최근 20거래일 유니버스 실측 2일 상승률 46.2% (n=6,245) · 종목별 유의차 미검증",NO_EDGE_VALIDATED,HIGH_AVOID,5199.0,6149.0,"⛔ 고위험 루트(진입보류 권고) · 손절 5,199(-7%)·본전전환 5,870(+5%)·1차익절 6,149(+10%) · ⚡ D+2내 5,702(+2%) 도달 시 절반 익절+잔여 본전 상향 (실측: 초반 급등 후 되돌림 -0.9%)",0,0.0,0,0,알파 6점 (진입선 85점 미달) · 데이터 신선도 실패 · POC 확장 47% (추격 위험),alpha_gate_v32,CASH,0.0,7.12,True,1,NEUTRAL,"중립 레짐 — KOSPI 20일선 아래, 시장폭 82% (실측: 본전 구간 → 진입 허용하되 사이즈 50%)",0.5,1,5.9,5870.0,0.2386,1,이 점수 구간의 과거 실측 승률 29% (표본 11693건) · 손익비 7530.0 (손절 +50.3% / 1차목표 +238.3%) · 저점 상승 추세 26% (바닥이 높아지는 중),중립 레짐 — 사이즈 50% 권장 · 거래량 밀집가 대비 +47.4% 확장 (실측 승률 12~23% — 추격 위험) · 추천가 대비 43.5% 이탈 — 추격 주의 · 가격 데이터 stale — 표시가와 실제가 다를 수 있음 · AI 알파모델 예측 하위 6% — 이 구간 실측 승률 24% — 픽 제외 구간,29.1,False,CARRY,1,85.0,1,0,5702.0,1.9261109623344368,-1.4571255424744134,-0.7857841014422107,0.8856366018608064,1,1.0,,0,97.8,pctl>0.30,0,,0,1.0
309,201490,미투온,KOSDAQ,,2220,50.0,1005.5,0.0,0.0,CARRY,CARRY,7,False,0,False,0.0,18.6,35.3,0.0,22.3,,0.0,19.2,35.3,55.9,1705.0,28.0,RR1705.0,0,3085.0,2960.0,3925.0,4535.0,,-0.05,0.2,3389,-31.94,DATA_UNAVAILABLE,0,5.71,26.2,-5.35,저점추세 양호,,,캐리 재계산 실패: legacy snapshot,NORMAL,82.2,소프트웨어 개발 및 공급업,5000000000.0,49.9,19.19,0,0,0.49,-2.68,-7.22,6.38,-22.0,-33.08,-1.6,-46.18,-76.61,0.956,0.183,0,10.5,0,0,4.99,0.19,0,0,0,0,1,2972.5,-8.98,-0.1755,True,X,▼,3152,▼,X,X,0.0,248,0,-1,-1,1,4995.0,enter,100.0,SWING+PM_BLOCK_INTRADAY+EF:정상,4.05,6.0,6.7,normal,7.0,v1_sl_first_gap_at_open,SWING+PM_BLOCK_INTRADAY+EF:정상,SWING_20D,80,VP_RESISTANCE,65,SWING_120D,45,,,,,,,,0.0526742301458671,0.0098160616422373,0.7916666666666666,OK,22.3,OK,5.0,5.0,,4,1,0.4,0.4,0.2,STRUCT+TIMING+AI,,,,70,20260805,,,,,,,,CARRY_LEGACY,0.291,,False,0.3,True,,,ALPHA_WIN_PROB,6.72,,1.81,0.0,상태 CARRY — 신규진입 상태 아님(사이징 제외),0.3559,0.0,0.0,v40_alpha_tilt,,20260506.0,23.0,True,35.0,False,76.8,,ELITE_SCORE,MATURE,11693,2.4.0,OK,,100.0,ATTACK,OK,OK,OK,OK,OK,OK,OK,0,7,True,True,True,"analyze_returned_none(ohlcv_len=373,mcap=726,in_top=True)",0,GREEN,,,0.0,AVOID,0,진입괴리 28.0%,0,0,0,0,,0.0,T=0<70,100.0,GREEN,,,0,False,0,HOLDING_MANAGE,TOP_PICK=0,,15.0,HOLDING_MANAGE,HOLDING_MANAGE,NORMAL,0,0,0,0,0,0,0,0,0,CLEAR,,,0,0,0,0,0.0,ENTRY_CLEAN_OBSERVE,1.0,BUY,,0.0,0.0,0.0,0.0,0.0,DISABLED_LOSS_DEFENSE,3370.0,-34.124629080118694,DEAD,1.0,보유 23일차 · 손익 -34.1% · 강한 청산 검토,False,False,False,True,False,True,False,True,0.0,0.0,45.0,0.0,20.0,0.0,15.0,0.0,80.0,0.3,True,True,False,4,False,0.0,0.0,G1유동성차단 · G2RR×0.3 · G3보유경과-45 · G5추세붕괴4축 · G7윗꼬리약세-15,,0,0,0,,0.0,0,,False,0.0,0.0,False,,False,True,,0,88.0,77.0,0,0,CAUTION,중립/관찰,C,WATCH,0,0.2,관찰,시장폭 82.2 · 5일 -2.7%,13.29,6,319,0,10.28,320,,-4.0,2962.0,"진입 후 D+1 종가 2,962원(-4%) 이탈 시 익일 조기청산 권고",46.2,"최근 20거래일 유니버스 실측 2일 상승률 46.2% (n=6,245) · 종목별 유의차 미검증",NO_EDGE_VALIDATED,HIGH_AVOID,2869.0,3394.0,"⛔ 고위험 루트(진입보류 권고) · 손절 2,869(-7%)·본전전환 3,239(+5%)·1차익절 3,394(+10%) · ⚡ D+2내 3,147(+2%) 도달 시 절반 익절+잔여 본전 상향 (실측: 초반 급등 후 되돌림 -0.9%)",0,0.0,0,0,알파 50점 (진입선 85점 미달) · 데이터 신선도 실패,alpha_gate_v32,CASH,0.0,2.78,True,0,NEUTRAL,"중립 레짐 — KOSPI 20일선 아래, 시장폭 82% (실측: 본전 구간 → 진입 허용하되 사이즈 50%)",0.5,1,49.8,3239.0,0.2713,1,이 점수 구간의 과거 실측 승률 29% (표본 11693건) · 거래량 밀집가 대비 -31.9% — 가치영역 근접 (실측 표본 적음) · 손익비 1705.0 (손절 +33.3% / 1차목표 +76.8%) · 저점 상승 추세 6% (바닥이 높아지는 중),중립 레짐 — 사이즈 50% 권장 · 추천가 대비 28.0% 이탈 — 추격 주의 · 가격 데이터 stale — 표시가와 실제가 다를 수 있음,29.1,False,CARRY,1,85.0,1,0,3147.0,1.9261109623344368,-1.4571255424744134,-0.7857841014422107,0.8856366018608064,1,1.0,,0,87.2,pctl>0.30,0,,0,1.0
310,096350,대창솔루션,KOSDAQ,,1799,50.0,1004.3,0.0,0.0,CARRY,CARRY,7,False,0,False,0.0,38.2,20.7,44.0,61.4,,0.0,42.0,40.7,49.1,1556.0,34.0,RR1556.0,0,2725.0,2530.0,3355.0,4180.0,,-1.39,0.94,3023,14.1,DATA_UNAVAILABLE,5,-10.0,38.6,-10.59,거래품질 우수,,저점 이탈,캐리 재계산 실패: legacy snapshot,NORMAL,82.2,"구조용 금속제품, 탱크 및 증기발생기 제조업",5000000000.0,52.6,15.08,1,0,-5.22,-12.1,-15.37,-7.94,24.71,25.0,-15.92,0.53,-18.53,0.554,0.216,1,12.0,1,1,3.2,0.15,0,0,0,0,1,2716.0,-9.88,-0.3639,True,O,▲,3027,▼,X,X,-2.26,250,0,1,1,1,4830.0,enter,100.0,SWING+PM_BLOCK_INTRADAY+EF:정상,7.16,6.0,3.2,normal,7.0,v1_sl_first_gap_at_open,SWING+PM_BLOCK_INTRADAY+EF:정상,SWING_20D,80,SWING_60D,60,FIBO_1.272,40,,,,,,,,0.0726081258191349,0.0071502607291204,0.365079365079365,OK,61.4,OK,26.08779556690889,26.08779556690889,,4,1,0.4,0.4,0.2,STRUCT+TIMING+AI,,,,70,20260805,,,,,,,,CARRY_LEGACY,0.291,,False,0.3,True,,,ALPHA_WIN_PROB,3.231,,1.81,0.0,상태 CARRY — 신규진입 상태 아님(사이징 제외),0.3559,0.0,0.0,v40_alpha_tilt,,20260424.0,35.0,True,35.0,False,86.5,,ELITE_SCORE,MATURE,11693,2.4.0,OK,,100.0,ATTACK,OK,OK,OK,OK,OK,OK,OK,0,7,True,True,True,"analyze_returned_none(ohlcv_len=373,mcap=663,in_top=True)",0,GREEN,,,0.0,AVOID,0,진입괴리 34.0% · 전일 -5.2%,0,0,0,0,,0.0,T=44<70,100.0,GREEN,,,0,False,0,HOLDING_MANAGE,TOP_PICK=0,,15.0,HOLDING_MANAGE,HOLDING_MANAGE,NORMAL,0,0,0,0,0,0,0,0,0,CLEAR,,,0,0,0,0,0.0,ENTRY_CLEAN_OBSERVE,1.0,BUY,,0.0,0.0,0.0,0.0,0.0,DISABLED_LOSS_DEFENSE,3220.0,-44.130434782608695,DEAD,1.0,보유 35일차 · 손익 -44.1% · 청산 검토,True,True,False,True,False,True,True,True,0.0,0.0,45.0,0.0,20.0,0.0,0.0,0.0,65.0,1.0,False,True,False,3,False,0.0,0.0,G3보유경과-45 · G5추세붕괴3축,,0,0,0,,0.0,0,,False,0.0,0.0,False,,False,True,,0,88.0,74.0,0,0,CAUTION,중립/관찰,C,WATCH,0,0.2,관찰,섹터 약세+RSI 약함 · 시장폭 82.2 · 5일 -12.1%,33.15,6,254,0,20.21,286,,-4.0,2616.0,"진입 후 D+1 종가 2,616원(-4%) 이탈 시 익일 조기청산 권고",46.2,"최근 20거래일 유니버스 실측 2일 상승률 46.2% (n=6,245) · 종목별 유의차 미검증",NO_EDGE_VALIDATED,HIGH_AVOID,2534.0,2998.0,"⛔ 고위험 루트(진입보류 권고) · 손절 2,534(-7%)·본전전환 2,861(+5%)·1차익절 2,998(+10%) · ⚡ D+2내 2,780(+2%) 도달 시 절반 익절+잔여 본전 상향 (실측: 초반 급등 후 되돌림 -0.9%)",0,0.0,0,0,알파 20점 (진입선 85점 미달) · 데이터 신선도 실패,alpha_gate_v32,CASH,0.0,4.29,True,0,NEUTRAL,"중립 레짐 — KOSPI 20일선 아래, 시장폭 82% (실측: 본전 구간 → 진입 허용하되 사이즈 50%)",0.5,1,20.4,2861.0,0.2452,1,이 점수 구간의 과거 실측 승률 29% (표본 11693건) · 거래량 밀집가 대비 +14.1% — 가치영역 근접 (실측 승률 48%) · 손익비 1556.0 (손절 +40.6% / 1차목표 +86.5%) · 변동성 응축 5일째 (스퀴즈 — 방향 분출 대기),중립 레짐 — 사이즈 50% 권장 · 추천가 대비 34.0% 이탈 — 추격 주의 · 가격 데이터 stale — 표시가와 실제가 다를 수 있음 · AI 알파모델 예측 하위 20% — 이 구간 실측 승률 25% — 픽 제외 구간,29.1,False,CARRY,1,85.0,1,0,2780.0,1.9261109623344368,-1.4571255424744134,-0.7857841014422107,0.8856366018608064,1,1.0,,0,45.2,pctl>0.30,0,,0,1.0
311,079810,APS이노베이션,KOSDAQ,,3230,50.0,1008.6,0.0,0.0,CARRY,CARRY,7,False,0,False,0.0,15.9,0.0,13.0,63.2,,0.0,25.4,63.2,21.0,4550.0,31.1,RR4550.0,0,4685.0,4515.0,7780.0,8440.0,,-1.73,0.87,6315,-19.77,DATA_UNAVAILABLE,0,-12.34,23.6,-18.49,AI 강점,,저점 이탈,캐리 재계산 실패: legacy snapshot,NORMAL,82.2,기타 전기장비 제조업,5000000000.0,28.1,55.57,0,0,-6.67,-5.07,-14.04,-37.03,-6.3,-11.6,-31.16,-1.67,-40.76,0.924,0.22,0,12.0,0,0,1.93,0.01,0,0,0,0,-1,6018.0,-25.82,0.5307,True,X,▲,4683,▼,O,X,0.6,250,0,1,-1,1,9700.0,enter,100.0,SWING+PM_BLOCK_INTRADAY+EF:정상,3.63,6.0,18.2,normal,7.0,v1_sl_first_gap_at_open,SWING+PM_BLOCK_INTRADAY+EF:정상,SWING_20D,80,SWING_60D,60,FIBO_1.272,40,,,,,,,,0.0827107790821771,-0.0477466830302376,0.0705882352941176,OK,63.2,OK,29.6633169378768,29.6633169378768,,4,1,0.55,0.25,0.2,STRUCT+TIMING+AI,,,,50,20260805,,,,,,,,CARRY_LEGACY,0.291,,False,0.3,True,,,ALPHA_WIN_PROB,18.206,,1.81,0.0,상태 CARRY — 신규진입 상태 아님(사이징 제외),0.3559,0.0,0.0,v40_alpha_tilt,,20260428.0,31.0,True,35.0,False,140.9,,ELITE_SCORE,MATURE,11693,2.4.0,OK,,100.0,ATTACK,OK,OK,OK,OK,OK,OK,OK,0,7,True,True,True,"analyze_returned_none(ohlcv_len=373,mcap=695,in_top=True)",0,GREEN,,,0.0,AVOID,0,진입괴리 31.1% · 전일 -6.7%,0,0,0,0,,0.0,T=13<70,100.0,GREEN,,,0,False,0,HOLDING_MANAGE,TOP_PICK=0,,15.0,HOLDING_MANAGE,HOLDING_MANAGE,NORMAL,0,0,0,0,0,0,0,0,0,CLEAR,,,0,0,0,0,0.0,ENTRY_CLEAN_OBSERVE,1.0,BUY,,0.0,0.0,0.0,0.0,0.0,DISABLED_LOSS_DEFENSE,6950.0,-53.525179856115116,DEAD,1.0,보유 31일차 · 손익 -53.5% · 강한 청산 검토,False,False,False,True,False,True,True,True,0.0,0.0,45.0,0.0,20.0,0.0,0.0,0.0,65.0,0.5,True,True,False,4,False,0.0,0.0,G1유동성차단 · G2RR×0.5 · G3보유경과-45 · G5추세붕괴4축,,0,0,0,,0.0,0,,False,0.0,0.0,False,,False,True,,0,88.0,70.0,0,0,CAUTION,중립/관찰,C,WATCH,0,0.2,관찰,섹터 약세+RSI 약함 · 시장폭 82.2 · 5일 -5.1%,17.57,6,311,0,12.42,314,,-4.0,4498.0,"진입 후 D+1 종가 4,498원(-4%) 이탈 시 익일 조기청산 권고",46.2,"최근 20거래일 유니버스 실측 2일 상승률 46.2% (n=6,245) · 종목별 유의차 미검증",NO_EDGE_VALIDATED,HIGH_AVOID,4357.0,5154.0,"⛔ 고위험 루트(진입보류 권고) · 손절 4,357(-7%)·본전전환 4,919(+5%)·1차익절 5,154(+10%) · ⚡ D+2내 4,779(+2%) 도달 시 절반 익절+잔여 본전 상향 (실측: 초반 급등 후 되돌림 -0.9%)",0,0.0,0,0,알파 39점 (진입선 85점 미달) · 데이터 신선도 실패,alpha_gate_v32,CASH,0.0,3.19,True,0,NEUTRAL,"중립 레짐 — KOSPI 20일선 아래, 시장폭 82% (실측: 본전 구간 → 진입 허용하되 사이즈 50%)",0.5,1,39.3,4919.0,0.2433,1,이 점수 구간의 과거 실측 승률 29% (표본 11693건) · 거래량 밀집가 대비 -19.8% — 가치영역 근접 (실측 표본 적음) · 손익비 4550.0 (손절 +39.8% / 1차목표 +140.9%),중립 레짐 — 사이즈 50% 권장 · 추천가 대비 31.1% 이탈 — 추격 주의 · 가격 데이터 stale — 표시가와 실제가 다를 수 있음,29.1,False,CARRY,1,85.0,1,0,4779.0,1.9261109623344368,-1.4571255424744134,-0.7857841014422107,0.8856366018608064,1,1.0,,0,39.6,pctl>0.30,0,,0,1.0
312,046210,HLB파나진,KOSDAQ,,1125,50.0,1002.6,0.0,0.0,CARRY,CARRY,7,False,0,False,0.0,20.9,24.2,19.1,17.8,,0.0,20.4,6.4,92.0,1575.0,49.0,밸런스우수 + RR1575.0,0,2205.0,2095.0,2700.0,2940.0,,-2.7,0.79,2242,22.58,DATA_UNAVAILABLE,2,0.47,44.6,-7.58,,,,캐리 재계산 실패: legacy snapshot,NORMAL,82.2,의료용품 및 기타 의약 관련제품 제조업,5000000000.0,49.6,22.76,0,0,0.92,-10.91,-12.5,-11.09,17.54,30.47,-21.08,-12.74,-24.04,0.368,0.28,1,12.0,0,0,1.93,0.1,0,0,0,0,1,2133.5,-1.67,-0.3759,True,O,▲,2311,▼,X,X,0.0,250,0,1,1,1,3310.0,enter,100.0,,4.99,6.0,4.5,,,v1_sl_first_gap_at_open,SWING+PM_BLOCK_INTRADAY+EF:정상,SWING_20D,80,SWING_60D,60,FIBO_1.272,40,,,,,,,,,,,,17.8,OK,12.728371673051932,12.728371673051932,,4,1,0.4,0.4,0.2,STRUCT+TIMING+AI,,,,60,20260805,,,,,,,,CARRY_LEGACY,0.291,,False,0.3,True,,,ALPHA_WIN_PROB,4.5,,1.81,0.0,상태 CARRY — 신규진입 상태 아님(사이징 제외),0.3559,0.0,0.0,v40_alpha_tilt,,20260409.0,50.0,True,35.0,False,140.0,,ELITE_SCORE,MATURE,11693,2.4.0,OK,,100.0,ATTACK,OK,OK,OK,OK,OK,OK,OK,0,7,True,True,True,"analyze_returned_none(ohlcv_len=373,mcap=512,in_top=True)",0,GREEN,,,0.0,AVOID,0,진입괴리 49.0%,0,0,0,0,,0.0,T=19<70,100.0,GREEN,,,0,False,0,HOLDING_MANAGE,TOP_PICK=0,,15.0,HOLDING_MANAGE,HOLDING_MANAGE,NORMAL,0,0,0,0,0,0,0,0,0,CLEAR,,,0,0,0,0,0.0,ENTRY_CLEAN_OBSERVE,1.0,BUY,,0.0,0.0,0.0,0.0,0.0,DISABLED_LOSS_DEFENSE,2405.0,-53.222453222453225,DEAD,1.0,보유 50일차 · 손익 -53.2% · 강한 청산 검토,False,False,False,True,False,True,True,True,0.0,0.0,45.0,0.0,20.0,0.0,0.0,0.0,65.0,0.5,True,True,False,3,False,0.0,0.0,G1유동성차단 · G2RR×0.5 · G3보유경과-45 · G5추세붕괴3축,,0,0,0,,0.0,0,,False,0.0,0.0,False,,False,True,,0,88.0,70.0,0,0,CAUTION,중립/관찰,C,WATCH,0,0.2,관찰,섹터 약세+RSI 약함 · 시장폭 82.2 · 5일 -10.9%,31.55,6,263,0,19.41,290,,-4.0,2117.0,"진입 후 D+1 종가 2,117원(-4%) 이탈 시 익일 조기청산 권고",46.2,"최근 20거래일 유니버스 실측 2일 상승률 46.2% (n=6,245) · 종목별 유의차 미검증",NO_EDGE_VALIDATED,HIGH_AVOID,2051.0,2426.0,"⛔ 고위험 루트(진입보류 권고) · 손절 2,051(-7%)·본전전환 2,315(+5%)·1차익절 2,426(+10%) · ⚡ D+2내 2,249(+2%) 도달 시 절반 익절+잔여 본전 상향 (실측: 초반 급등 후 되돌림 -0.9%)",0,0.0,0,0,알파 32점 (진입선 85점 미달) · 데이터 신선도 실패 · POC 확장 23% (추격 위험),alpha_gate_v32,CASH,0.0,1.9,True,1,NEUTRAL,"중립 레짐 — KOSPI 20일선 아래, 시장폭 82% (실측: 본전 구간 → 진입 허용하되 사이즈 50%)",0.5,1,32.5,2315.0,0.2433,1,이 점수 구간의 과거 실측 승률 29% (표본 11693건) · 손익비 1575.0 (손절 +86.2% / 1차목표 +140.0%),중립 레짐 — 사이즈 50% 권장 · 거래량 밀집가 대비 +22.6% 확장 (실측 승률 20% — 추격 위험) · 추천가 대비 49.0% 이탈 — 추격 주의 · 가격 데이터 stale — 표시가와 실제가 다를 수 있음,29.1,False,CARRY,1,85.0,1,0,2249.0,1.9261109623344368,-1.4571255424744134,-0.7857841014422107,0.8856366018608064,1,1.0,,0,75.4,pctl>0.30,0,,0,1.0
313,005870,휴니드,KOSDAQ,,4360,50.0,1020.6,0.0,0.0,CARRY,CARRY,7,False,0,False,0.0,12.1,0.0,0.0,60.6,,0.0,20.2,60.6,24.2,7490.0,39.7,RR7490.0,0,7230.0,6830.0,11850.0,12450.0,,-1.74,0.33,9070,-17.79,DATA_UNAVAILABLE,0,-19.98,3.3,-19.18,AI 강점,,MFI 약세,캐리 재계산 실패: legacy snapshot,NORMAL,82.2,통신 및 방송 장비 제조업,5000000000.0,8.3,45.1,0,0,-1.5,-13.52,-19.93,-23.09,-16.71,-3.6,-15.77,-10.13,-28.05,1.0,0.123,0,12.0,0,0,2.12,0.04,0,0,0,0,-1,8836.0,-20.29,-0.1906,True,X,▼,7441,▼,X,X,-0.54,250,0,-1,-1,1,,enter,100.0,SWING+PM_BLOCK_INTRADAY+EF:정상,5.53,6.0,11.6,normal,7.0,v1_sl_first_gap_at_open,SWING+PM_BLOCK_INTRADAY+EF:정상,SWING_20D,80,RR_LEGACY,35,,0,,,,,,,,0.0684647302904564,-0.0236320270161786,0.6923076923076923,OK,60.6,OK,5.0,5.0,,2,0,0.55,0.25,0.2,STRUCT+TIMING+AI,,,,50,20260805,,,,,,,,CARRY_LEGACY,0.291,,False,0.3,True,,,ALPHA_WIN_PROB,11.55,,1.81,0.0,상태 CARRY — 신규진입 상태 아님(사이징 제외),0.3559,0.0,0.0,v40_alpha_tilt,,20260423.0,36.0,True,35.0,False,171.8,,ELITE_SCORE,MATURE,11693,2.4.0,OK,,100.0,ATTACK,OK,OK,OK,OK,OK,OK,OK,0,7,True,True,True,"analyze_returned_none(ohlcv_len=373,mcap=615,in_top=True)",0,GREEN,,,0.0,AVOID,0,진입괴리 39.7%,0,0,0,0,,0.0,T=0<70,100.0,GREEN,,,0,False,0,HOLDING_MANAGE,TOP_PICK=0,EBS 미통과/불명,10.0,HOLDING_MANAGE,HOLDING_MANAGE,NORMAL,0,0,0,0,0,0,0,0,0,CLEAR,,,0,0,0,0,0.0,ENTRY_CLEAN_OBSERVE,1.0,BUY,,0.0,0.0,0.0,0.0,0.0,DISABLED_LOSS_DEFENSE,10260.0,-57.50487329434698,DEAD,1.0,보유 36일차 · 손익 -57.5% · 강한 청산 검토,False,False,False,True,False,True,False,True,0.0,0.0,45.0,0.0,20.0,0.0,15.0,0.0,80.0,0.3,True,True,False,5,False,0.0,0.0,G1유동성차단 · G2RR×0.3 · G3보유경과-45 · G5추세붕괴5축 · G7윗꼬리약세-15,,0,0,0,,0.0,0,,False,0.0,0.0,False,,False,True,,0,88.0,70.0,0,0,CAUTION,중립/관찰,C,WATCH,0,0.2,관찰,섹터 약세+RSI 약함 · 시장폭 82.2 · 5일 -13.5%,8.38,6,323,0,7.83,323,,-4.0,6941.0,"진입 후 D+1 종가 6,941원(-4%) 이탈 시 익일 조기청산 권고",46.2,"최근 20거래일 유니버스 실측 2일 상승률 46.2% (n=6,245) · 종목별 유의차 미검증",NO_EDGE_VALIDATED,HIGH_AVOID,6724.0,7953.0,"⛔ 고위험 루트(진입보류 권고) · 손절 6,724(-7%)·본전전환 7,592(+5%)·1차익절 7,953(+10%) · ⚡ D+2내 7,375(+2%) 도달 시 절반 익절+잔여 본전 상향 (실측: 초반 급등 후 되돌림 -0.9%)",0,0.0,0,0,알파 29점 (진입선 85점 미달) · 데이터 신선도 실패,alpha_gate_v32,CASH,0.0,1.63,True,0,NEUTRAL,"중립 레짐 — KOSPI 20일선 아래, 시장폭 82% (실측: 본전 구간 → 진입 허용하되 사이즈 50%)",0.5,1,29.4,7592.0,0.2452,1,이 점수 구간의 과거 실측 승률 29% (표본 11693건) · 거래량 밀집가 대비 -17.8% — 가치영역 근접 (실측 표본 적음) · 손익비 7490.0 (손절 +56.7% / 1차목표 +171.8%),중립 레짐 — 사이즈 50% 권장 · 추천가 대비 39.7% 이탈 — 추격 주의 · 가격 데이터 stale — 표시가와 실제가 다를 수 있음 · AI 알파모델 예측 하위 29% — 이 구간 실측 승률 25% — 픽 제외 구간,29.1,False,CARRY,1,85.0,1,0,7375.0,1.9261109623344368,-1.4571255424744134,-0.7857841014422107,0.8856366018608064,0,1.0,,0,18.9,pctl>0.30,0,,0,1.0
314,023900,풍국주정,KOSDAQ,,7340,50.0,1004.2,0.0,0.0,CARRY,CARRY,7,False,0,False,0.0,9.2,0.0,0.1,45.8,,0.0,15.3,45.8,42.8,3490.0,7.9,RR3490.0,0,7970.0,7580.0,10830.0,13140.0,,-2.66,0.51,10611,-23.0,DATA_UNAVAILABLE,0,-14.16,9.3,-13.84,거래품질 우수,,MFI 약세,캐리 재계산 실패: legacy snapshot,NORMAL,82.2,알코올음료 제조업,5000000000.0,15.3,34.72,0,0,-0.99,-10.55,-12.9,-25.58,-13.93,-14.21,-11.63,-5.83,,0.998,0.007,0,8.6,0,0,11.64,0.05,0,0,0,0,-1,9015.0,-24.89,-0.0436,True,X,▼,8146,▼,X,X,-0.87,250,0,-1,-1,1,,enter,100.0,SWING+PM_BLOCK_INTRADAY+EF:정상,4.89,6.0,7.3,normal,7.0,v1_sl_first_gap_at_open,SWING+PM_BLOCK_INTRADAY+EF:정상,SWING_20D,80,SWING_60D,60,,0,,,,,,,,0.0430184620899802,-0.0115782805439644,0.3043478260869565,OK,45.8,OK,13.618550363312975,13.618550363312975,,2,0,0.55,0.25,0.2,STRUCT+TIMING+AI,,,,50,20260805,,,,,,,,CARRY_LEGACY,0.291,,False,0.3,True,,,ALPHA_WIN_PROB,7.333,,1.81,0.0,상태 CARRY — 신규진입 상태 아님(사이징 제외),0.3559,0.0,0.0,v40_alpha_tilt,,20260501.0,0.0,False,0.0,False,47.5,,ELITE_SCORE,MATURE,11693,2.4.0,OK,,100.0,ATTACK,OK,OK,OK,OK,OK,OK,OK,0,7,True,True,True,"analyze_returned_none(ohlcv_len=373,mcap=925,in_top=True)",0,GREEN,,,0.0,AVOID,0,진입괴리 7.9%,0,0,0,0,,0.0,T=0<70,100.0,GREEN,,,0,False,0,HOLDING_MANAGE,TOP_PICK=0,EBS 미통과/불명,10.0,HOLDING_MANAGE,HOLDING_MANAGE,NORMAL,0,0,0,0,0,0,0,0,0,CLEAR,,,0,0,0,0,0.0,,,,,,,,,,DISABLED_LOSS_DEFENSE,10710.0,-31.465919701213817,FRESH,0.0,,False,False,True,True,False,True,True,True,0.0,0.0,0.0,0.0,20.0,0.0,0.0,0.0,20.0,0.5,True,True,False,5,False,0.0,0.0,G1유동성차단 · G2RR×0.5 · G5추세붕괴5축,,0,0,0,,0.0,0,,False,0.0,0.0,False,,False,True,,0,88.0,70.0,0,0,CAUTION,중립/관찰,C,WATCH,0,0.2,관찰,섹터 약세+RSI 약함 · 시장폭 82.2 · 5일 -10.6%,9.37,6,321,0,8.32,322,,-4.0,7651.0,"진입 후 D+1 종가 7,651원(-4%) 이탈 시 익일 조기청산 권고",46.2,"최근 20거래일 유니버스 실측 2일 상승률 46.2% (n=6,245) · 종목별 유의차 미검증",NO_EDGE_VALIDATED,HIGH_AVOID,7412.0,8767.0,"⛔ 고위험 루트(진입보류 권고) · 손절 7,412(-7%)·본전전환 8,368(+5%)·1차익절 8,767(+10%) · ⚡ D+2내 8,129(+2%) 도달 시 절반 익절+잔여 본전 상향 (실측: 초반 급등 후 되돌림 -0.9%)",0,0.0,0,0,알파 28점 (진입선 85점 미달) · 데이터 신선도 실패,alpha_gate_v32,CASH,0.0,2.09,True,0,NEUTRAL,"중립 레짐 — KOSPI 20일선 아래, 시장폭 82% (실측: 본전 구간 → 진입 허용하되 사이즈 50%)",0.5,1,27.9,8368.0,0.2452,1,이 점수 구간의 과거 실측 승률 29% (표본 11693건) · 거래량 밀집가 대비 -23.0% — 가치영역 근접 (실측 표본 적음) · 손익비 3490.0 (손절 +3.3% / 1차목표 +47.5%),중립 레짐 — 사이즈 50% 권장 · 추천가 대비 7.9% 이탈 — 추격 주의 · 가격 데이터 stale — 표시가와 실제가 다를 수 있음 · AI 알파모델 예측 하위 28% — 이 구간 실측 승률 25% — 픽 제외 구간,29.1,False,CARRY,1,85.0,1,0,8129.0,1.9261109623344368,-1.4571255424744134,-0.7857841014422107,0.8856366018608064,1,1.0,,0,33.7,pctl>0.30,0,,0,1.0
315,131370,알서포트,KOSDAQ,,1530,50.0,1034.4,0.0,0.0,CARRY,CARRY,7,False,0,False,0.0,7.9,0.0,12.6,23.8,,0.0,12.1,23.8,70.2,1160.0,21.2,RR1160.0,0,1942.0,1881.0,2690.0,3050.0,,-1.47,0.96,2602,-28.85,DATA_UNAVAILABLE,0,-11.42,16.7,-13.81,거래품질 우수,,MFI 약세,캐리 재계산 실패: legacy snapshot,NORMAL,82.2,소프트웨어 개발 및 공급업,5000000000.0,9.4,35.42,0,0,-3.14,-5.73,-12.91,-24.58,-8.83,-24.87,-13.0,-3.3,-42.63,1.0,0.027,0,10.4,1,0,12.38,0.0,0,0,0,0,-1,2268.7,-25.39,0.0803,True,X,▼,1986,▼,X,X,-0.55,250,0,-1,-1,1,,enter,100.0,SWING+PM_BLOCK_INTRADAY+EF:정상,3.14,6.0,12.3,normal,7.0,v1_sl_first_gap_at_open,SWING+PM_BLOCK_INTRADAY+EF:정상,SWING_20D,80,SWING_60D,60,,0,,,,,,,,0.0520082389289392,-0.0170587985071796,0.3647058823529411,OK,23.8,OK,24.829054086121275,24.829054086121275,,4,1,0.55,0.25,0.2,STRUCT+TIMING+AI,,,,50,20260805,,,,,,,,CARRY_LEGACY,0.291,,False,0.3,True,,,ALPHA_WIN_PROB,12.262,,1.81,0.0,상태 CARRY — 신규진입 상태 아님(사이징 제외),0.3559,0.0,0.0,v40_alpha_tilt,,20260420.0,39.0,True,35.0,False,75.8,,ELITE_SCORE,MATURE,11693,2.4.0,OK,,100.0,ATTACK,OK,OK,OK,OK,OK,OK,OK,0,7,True,True,True,"analyze_returned_none(ohlcv_len=373,mcap=815,in_top=True)",0,GREEN,,,0.0,AVOID,0,진입괴리 21.2%,0,0,0,0,,0.0,T=13<70,100.0,GREEN,,,0,False,0,HOLDING_MANAGE,TOP_PICK=0,,15.0,HOLDING_MANAGE,HOLDING_MANAGE,NORMAL,0,0,0,0,0,0,0,0,0,CLEAR,,,0,0,0,0,0.0,ENTRY_CLEAN_OBSERVE,1.0,BUY,,0.0,0.0,0.0,0.0,0.0,DISABLED_LOSS_DEFENSE,2785.0,-45.062836624775585,DEAD,1.0,보유 39일차 · 손익 -45.1% · 강한 청산 검토,False,False,False,True,False,True,True,True,0.0,0.0,45.0,0.0,20.0,0.0,0.0,0.0,65.0,0.5,True,True,False,4,False,0.0,0.0,G1유동성차단 · G2RR×0.5 · G3보유경과-45 · G5추세붕괴4축,,0,0,0,,0.0,0,,False,0.0,0.0,False,,False,True,,0,88.0,70.0,0,0,CAUTION,중립/관찰,C,WATCH,0,0.2,관찰,섹터 약세+RSI 약함 · 시장폭 82.2 · 5일 -5.7%,19.27,6,304,0,13.27,310,,-4.0,1864.0,"진입 후 D+1 종가 1,864원(-4%) 이탈 시 익일 조기청산 권고",46.2,"최근 20거래일 유니버스 실측 2일 상승률 46.2% (n=6,245) · 종목별 유의차 미검증",NO_EDGE_VALIDATED,HIGH_AVOID,1806.0,2136.0,"⛔ 고위험 루트(진입보류 권고) · 손절 1,806(-7%)·본전전환 2,039(+5%)·1차익절 2,136(+10%) · ⚡ D+2내 1,981(+2%) 도달 시 절반 익절+잔여 본전 상향 (실측: 초반 급등 후 되돌림 -0.9%)",0,0.0,0,0,알파 28점 (진입선 85점 미달) · 데이터 신선도 실패,alpha_gate_v32,CASH,0.0,0.86,True,0,NEUTRAL,"중립 레짐 — KOSPI 20일선 아래, 시장폭 82% (실측: 본전 구간 → 진입 허용하되 사이즈 50%)",0.5,1,27.6,2039.0,0.2452,1,이 점수 구간의 과거 실측 승률 29% (표본 11693건) · 거래량 밀집가 대비 -28.9% — 가치영역 근접 (실측 표본 적음) · 손익비 1160.0 (손절 +22.9% / 1차목표 +75.8%),중립 레짐 — 사이즈 50% 권장 · 추천가 대비 21.2% 이탈 — 추격 주의 · 가격 데이터 stale — 표시가와 실제가 다를 수 있음 · AI 알파모델 예측 하위 28% — 이 구간 실측 승률 25% — 픽 제외 구간,29.1,False,CARRY,1,85.0,1,0,1981.0,1.9261109623344368,-1.4571255424744134,-0.7857841014422107,0.8856366018608064,1,1.0,,0,43.0,pctl>0.30,0,,0,1.0
316,228670,레이,KOSDAQ,,5940,50.0,1016.6,0.0,0.0,CARRY,CARRY,7,False,0,False,0.0,22.3,12.2,0.0,77.8,,0.0,30.0,77.8,2.8,4020.0,8.6,RR4020.0,0,6500.0,6100.0,9960.0,11690.0,,-1.8,0.59,7977,-9.82,DATA_UNAVAILABLE,0,-9.5,31.7,-14.36,AI 강점,,저점 이탈,캐리 재계산 실패: legacy snapshot,NORMAL,82.2,의료용 기기 제조업,5000000000.0,33.4,43.16,0,0,-4.55,-7.93,-8.84,-21.88,19.27,54.39,-16.0,23.9,25.23,0.574,0.274,0,12.0,0,0,2.34,0.06,0,0,0,0,-1,8535.0,-18.52,0.2371,True,O,▲,6701,▼,X,X,2.35,250,0,1,1,1,13600.0,enter,100.0,SWING+PM_BLOCK_INTRADAY+EF:정상,6.15,6.0,8.7,normal,7.0,v1_sl_first_gap_at_open,SWING+PM_BLOCK_INTRADAY+EF:정상,SWING_20D,80,SWING_60D,60,FIBO_1.272,40,,,,,,,,0.096043956043956,-0.0362786442714964,0.0422535211267605,OK,77.8,OK,17.591099672883907,17.591099672883907,,4,1,0.55,0.25,0.2,STRUCT+TIMING+AI,,,,50,20260805,,,,,,,,CARRY_LEGACY,0.291,,False,0.3,True,,,ALPHA_WIN_PROB,8.65,,1.81,0.0,상태 CARRY — 신규진입 상태 아님(사이징 제외),0.3559,0.0,0.0,v40_alpha_tilt,,20260429.0,30.0,True,35.0,False,67.7,,ELITE_SCORE,MATURE,11693,2.4.0,OK,,100.0,ATTACK,OK,OK,OK,OK,OK,OK,OK,0,7,True,True,True,"analyze_returned_none(ohlcv_len=373,mcap=929,in_top=True)",0,GREEN,,,0.0,AVOID,0,진입괴리 8.6%,0,0,0,0,,0.0,T=0<70,100.0,GREEN,,,0,False,0,HOLDING_MANAGE,TOP_PICK=0,,15.0,HOLDING_MANAGE,HOLDING_MANAGE,NORMAL,0,0,0,0,0,0,0,0,0,CLEAR,,,0,0,0,0,0.0,ENTRY_CLEAN_OBSERVE,1.0,BUY,,0.0,0.0,0.0,0.0,0.0,DISABLED_LOSS_DEFENSE,9480.0,-37.34177215189873,DEAD,1.0,보유 30일차 · 손익 -37.3% · 강한 청산 검토,True,False,False,True,False,True,True,True,0.0,0.0,45.0,0.0,20.0,0.0,0.0,0.0,65.0,0.3,False,True,False,4,False,0.0,0.0,G2RR×0.3 · G3보유경과-45 · G5추세붕괴4축,,0,0,0,,0.0,0,,False,0.0,0.0,False,,False,True,,0,88.0,70.0,0,0,CAUTION,중립/관찰,C,WATCH,0,0.2,관찰,섹터 약세+RSI 약함 · 시장폭 82.2 · 5일 -7.9%,12.31,6,320,0,9.79,321,,-4.0,6240.0,"진입 후 D+1 종가 6,240원(-4%) 이탈 시 익일 조기청산 권고",46.2,"최근 20거래일 유니버스 실측 2일 상승률 46.2% (n=6,245) · 종목별 유의차 미검증",NO_EDGE_VALIDATED,HIGH_AVOID,6045.0,7150.0,"⛔ 고위험 루트(진입보류 권고) · 손절 6,045(-7%)·본전전환 6,825(+5%)·1차익절 7,150(+10%) · ⚡ D+2내 6,630(+2%) 도달 시 절반 익절+잔여 본전 상향 (실측: 초반 급등 후 되돌림 -0.9%)",0,0.0,0,0,알파 21점 (진입선 85점 미달) · 데이터 신선도 실패,alpha_gate_v32,CASH,0.0,4.76,True,0,NEUTRAL,"중립 레짐 — KOSPI 20일선 아래, 시장폭 82% (실측: 본전 구간 → 진입 허용하되 사이즈 50%)",0.5,1,21.1,6825.0,0.2452,1,이 점수 구간의 과거 실측 승률 29% (표본 11693건) · 거래량 밀집가 대비 -9.8% — 가치영역 근접 (실측 표본 적음) · 손익비 4020.0 (손절 +2.7% / 1차목표 +67.7%),중립 레짐 — 사이즈 50% 권장 · 추천가 대비 8.6% 이탈 — 추격 주의 · 가격 데이터 stale — 표시가와 실제가 다를 수 있음 · AI 알파모델 예측 하위 21% — 이 구간 실측 승률 25% — 픽 제외 구간,29.1,False,CARRY,1,85.0,1,0,6630.0,1.9261109623344368,-1.4571255424744134,-0.7857841014422107,0.8856366018608064,1,1.0,,0,47.4,pctl>0.30,0,,0,1.0
317,208370,셀바스헬스케어,KOSDAQ,,2695,50.0,1003.9,0.0,0.0,CARRY,CARRY,7,False,0,False,0.0,7.9,0.0,16.5,18.8,,0.0,11.8,18.8,76.5,1885.0,29.8,RR1885.0,0,3840.0,3460.0,4580.0,5780.0,,-0.25,0.84,4648,-34.88,DATA_UNAVAILABLE,0,-12.07,33.9,-4.34,거래품질 우수,,MFI 약세,캐리 재계산 실패: legacy snapshot,NORMAL,82.2,의료용 기기 제조업,5000000000.0,24.7,28.28,0,0,4.56,3.04,-5.57,-11.66,-27.1,-6.92,-9.97,-26.77,-42.5,0.998,0.032,0,10.7,0,0,4.44,0.33,0,0,0,0,-1,4315.5,-16.1,0.2002,False,X,▼,3646,▼,O,X,2.68,250,0,-1,-1,1,5990.0,enter,100.0,NORMAL+PM_BLOCK_INTRADAY+EF:정상,9.9,6.0,1.9,normal,7.0,v1_sl_first_gap_at_open,NORMAL+PM_BLOCK_INTRADAY+EF:정상,SWING_20D,80,SWING_60D,60,VP_RESISTANCE,50,,,,,,,,0.0536630036630036,-0.003108607874493,0.1944444444444444,OK,18.8,OK,28.34877949057674,28.34877949057674,,4,1,0.55,0.25,0.2,STRUCT+TIMING+AI,,,,50,20260805,,,,,,,,CARRY_LEGACY,0.291,,False,0.3,True,,,ALPHA_WIN_PROB,1.947,,1.81,0.0,상태 CARRY — 신규진입 상태 아님(사이징 제외),0.3559,0.0,0.0,v40_alpha_tilt,,20260409.0,50.0,True,35.0,False,69.9,,ELITE_SCORE,MATURE,11693,2.4.0,OK,,100.0,ATTACK,OK,OK,OK,OK,OK,OK,OK,0,7,True,True,True,"analyze_returned_none(ohlcv_len=373,mcap=694,in_top=True)",0,GREEN,,,0.0,AVOID,0,진입괴리 29.8%,0,0,0,0,,0.0,T=16<70,100.0,GREEN,,,0,False,0,HOLDING_MANAGE,TOP_PICK=0,,15.0,HOLDING_MANAGE,HOLDING_MANAGE,NORMAL,0,0,0,0,0,0,0,0,0,CLEAR,,,0,0,0,0,0.0,ENTRY_CLEAN_OBSERVE,1.0,BUY,,0.0,0.0,0.0,0.0,0.0,DISABLED_LOSS_DEFENSE,4300.0,-37.32558139534884,DEAD,1.0,보유 50일차 · 손익 -37.3% · 강한 청산 검토,True,False,False,True,False,True,True,True,0.0,0.0,45.0,0.0,20.0,0.0,0.0,0.0,65.0,0.5,False,True,False,4,False,0.0,0.0,G2RR×0.5 · G3보유경과-45 · G5추세붕괴4축,,0,0,0,,0.0,0,,False,0.0,0.0,False,,False,True,,0,88.0,69.0,0,0,CAUTION,중립/관찰,C,WATCH,0,0.2,관찰,시장폭 82.2 · 5일 3.0%,22.29,6,296,0,14.78,306,,-4.0,3686.0,"진입 후 D+1 종가 3,686원(-4%) 이탈 시 익일 조기청산 권고",46.2,"최근 20거래일 유니버스 실측 2일 상승률 46.2% (n=6,245) · 종목별 유의차 미검증",NO_EDGE_VALIDATED,HIGH_AVOID,3571.0,4224.0,"⛔ 고위험 루트(진입보류 권고) · 손절 3,571(-7%)·본전전환 4,032(+5%)·1차익절 4,224(+10%) · ⚡ D+2내 3,917(+2%) 도달 시 절반 익절+잔여 본전 상향 (실측: 초반 급등 후 되돌림 -0.9%)",0,0.0,0,0,알파 24점 (진입선 85점 미달) · 데이터 신선도 실패,alpha_gate_v32,CASH,0.0,-0.55,True,0,NEUTRAL,"중립 레짐 — KOSPI 20일선 아래, 시장폭 82% (실측: 본전 구간 → 진입 허용하되 사이즈 50%)",0.5,1,24.5,4032.0,0.2452,1,이 점수 구간의 과거 실측 승률 29% (표본 11693건) · 거래량 밀집가 대비 -34.9% — 가치영역 근접 (실측 표본 적음) · 손익비 1885.0 (손절 +28.4% / 1차목표 +69.9%),중립 레짐 — 사이즈 50% 권장 · 추천가 대비 29.8% 이탈 — 추격 주의 · 가격 데이터 stale — 표시가와 실제가 다를 수 있음 · AI 알파모델 예측 하위 24% — 이 구간 실측 승률 25% — 픽 제외 구간,29.1,False,CARRY,1,85.0,1,0,3917.0,1.9261109623344368,-1.4571255424744134,-0.7857841014422107,0.8856366018608064,1,1.0,,0,40.9,pctl>0.30,0,,0,1.0
318,261780,차백신연구소,KOSDAQ,기타,2090,808.12,1065.8,0.0,0.0,CARRY,CARRY,7,False,0,False,0.0,53.0,55.8,54.7,43.0,,0.0,51.2,12.8,84.0,2840.0,41.8,밸런스우수 + RR2840.0,0,3590.0,3050.0,4930.0,6720.0,,1.36,2.73,4249,-5.16,DATA_UNAVAILABLE,1,0.72,59.3,14.97,STRUCT 강점,TIMING 보조,,캐리 재계산 실패: legacy snapshot,NORMAL,82.2,자연과학 및 공학 연구개발업,80812164964.0,52.7,50.82,1,0,22.79,6.02,36.55,6.17,59.68,44.0,12.04,64.31,14.84,0.402,0.308,0,12.0,1,0,1.95,0.55,0,0,0,1,1,2517.0,-6.81,0.0572,False,O,▲,3428,▲,O,X,0.0,250,0,1,1,1,7930.0,hold,0.0,NORMAL+PM_BLOCK_INTRADAY+EF:당일 15%+ 급등 진입 보류+ENTRY:hold,15.04,6.0,2.5,normal,7.0,v1_sl_first_gap_at_open,NORMAL+PM_BLOCK_INTRADAY+EF:당일 15%+ 급등 진입 보류+ENTRY:hold,SWING_20D,80,SWING_60D,60,FIBO_1.272,40,0.0,자연과학 및 공학 연구개발업,3.9775,-6.289196428571429,6.0,,,0.1554834054834054,0.1809800078823867,0.2110091743119266,OK,43.0,OK,48.66829312842732,48.66829312842732,,10,1,0.55,0.25,0.2,STRUCT+TIMING+AI+SECTOR,default,,,50,20260805,20260527.0,,53.0,53.0,53.0,30.46,-4.63,CARRY_LEGACY,0.291,,False,0.3,True,MATURE,7572.0,ALPHA_WIN_PROB,2.481,,1.81,0.0,상태 CARRY — 신규진입 상태 아님(사이징 제외),0.3559,0.0,0.0,v40_alpha_tilt,,20260527.0,2.0,False,0.0,False,135.9,,ELITE_SCORE,MATURE,11693,2.4.0,OK,,100.0,ATTACK,OK,OK,OK,OK,OK,OK,OK,0,7,True,True,True,"analyze_returned_none(ohlcv_len=373,mcap=585,in_top=True)",0,GREEN,,,0.0,AVOID,0,진입괴리 41.8%,0,0,0,0,,0.0,T=55<70 · S=56≥50,100.0,GREEN,,,0,False,0,HOLDING_MANAGE,TOP_PICK=0,,15.0,HOLDING_MANAGE,HOLDING_MANAGE,NORMAL,0,0,0,0,0,0,0,0,0,CLEAR,,,0,0,0,0,0.0,HOLDING_MANAGE,0.0,AVOID,,0.0,0.0,0.0,0.0,0.0,DISABLED_LOSS_DEFENSE,3960.0,-47.22222222222222,FRESH,0.0,,True,True,True,True,True,True,True,True,0.0,0.0,0.0,0.0,0.0,0.0,0.0,0.0,0.0,1.0,False,False,False,1,True,0.0,0.0,,,0,0,0,,0.0,0,,False,0.0,0.0,False,,False,True,,0,84.0,72.0,0,0,CAUTION,5일 상승 6.0% > 5%,C,WATCH,0,0.2,관찰,시장폭 82.2 · 5일 6.0%,67.91,6,57,0,37.59,233,모멘텀확인중(PMS68),-4.0,3446.0,"진입 후 D+1 종가 3,446원(-4%) 이탈 시 익일 조기청산 권고",46.2,"최근 20거래일 유니버스 실측 2일 상승률 46.2% (n=6,245) · 종목별 유의차 미검증",NO_EDGE_VALIDATED,HIGH_AVOID,3339.0,3949.0,"⛔ 고위험 루트(진입보류 권고) · 손절 3,339(-7%)·본전전환 3,770(+5%)·1차익절 3,949(+10%) · ⚡ D+2내 3,662(+2%) 도달 시 절반 익절+잔여 본전 상향 (실측: 초반 급등 후 되돌림 -0.9%)",0,0.0,0,0,알파 10점 (진입선 85점 미달) · 데이터 신선도 실패,alpha_gate_v32,CASH,0.0,1.21,True,0,NEUTRAL,"중립 레짐 — KOSPI 20일선 아래, 시장폭 82% (실측: 본전 구간 → 진입 허용하되 사이즈 50%)",0.5,1,9.9,3770.0,0.2386,1,이 점수 구간의 과거 실측 승률 29% (표본 11693건) · 거래량 밀집가 대비 -5.2% — 가치영역 근접 (실측 표본 적음) · 손익비 2840.0 (손절 +45.9% / 1차목표 +135.9%),중립 레짐 — 사이즈 50% 권장 · 추천가 대비 41.8% 이탈 — 추격 주의 · 가격 데이터 stale — 표시가와 실제가 다를 수 있음 · AI 알파모델 예측 하위 10% — 이 구간 실측 승률 24% — 픽 제외 구간,29.1,False,CARRY,1,85.0,1,0,3662.0,1.9261109623344368,-1.4571255424744134,-0.7857841014422107,0.8856366018608064,1,1.0,,0,76.5,pctl>0.30,0,,0,1.0
319,004140,동방,KOSDAQ,,1840,50.0,1000.2,0.0,0.0,CARRY,CARRY,7,False,0,False,0.0,15.2,0.0,7.0,67.0,,0.0,24.7,67.0,16.2,660.0,10.5,RR660.0,0,2055.0,1841.0,2500.0,3160.0,,1.66,0.67,2791,-29.48,DATA_UNAVAILABLE,0,-9.59,39.6,-0.37,AI 강점,,저점 이탈,캐리 재계산 실패: legacy snapshot,NORMAL,82.2,기타 운송관련 서비스업,5000000000.0,34.2,31.94,0,0,3.99,8.93,3.73,-14.2,-24.59,-24.59,-4.36,-12.08,,0.982,0.014,0,9.6,1,0,2.55,0.41,0,0,0,0,-1,2187.5,-25.3,0.5298,False,X,▼,1888,▲,O,X,0.25,250,0,-1,-1,1,3225.0,enter,100.0,NORMAL+PM_BLOCK_INTRADAY+EF:정상,10.41,6.0,2.1,normal,7.0,v1_sl_first_gap_at_open,NORMAL+PM_BLOCK_INTRADAY+EF:정상,SWING_20D,80,SWING_60D,60,SWING_120D,45,,,,,,,,0.0479616306954436,-0.0043549052387827,0.0,OK,67.0,OK,19.75545426618564,19.75545426618564,,4,1,0.55,0.25,0.2,STRUCT+TIMING+AI,,,,50,20260805,,,,,,,,CARRY_LEGACY,0.291,,False,0.3,True,,,ALPHA_WIN_PROB,2.079,,1.81,0.0,상태 CARRY — 신규진입 상태 아님(사이징 제외),0.3559,0.0,0.0,v40_alpha_tilt,,20260505.0,0.0,False,0.0,False,35.9,,ELITE_SCORE,MATURE,11693,2.4.0,OK,,100.0,ATTACK,OK,OK,OK,OK,OK,OK,OK,0,7,True,True,True,"analyze_returned_none(ohlcv_len=373,mcap=883,in_top=True)",0,GREEN,,,0.0,AVOID,0,진입괴리 10.5%,0,0,0,0,,0.0,T=7<70,100.0,GREEN,,,0,False,0,HOLDING_MANAGE,TOP_PICK=0,,15.0,HOLDING_MANAGE,HOLDING_MANAGE,NORMAL,0,0,0,0,0,0,0,0,0,CLEAR,,,0,0,0,0,0.0,,,,,,,,,,DISABLED_LOSS_DEFENSE,2970.0,-38.04713804713805,FRESH,0.0,,True,False,True,True,False,True,True,True,0.0,0.0,0.0,0.0,20.0,0.0,0.0,0.0,20.0,0.5,False,True,False,3,False,0.0,0.0,G2RR×0.5 · G5추세붕괴3축,,0,0,0,,0.0,0,,False,0.0,0.0,False,,False,True,,0,76.0,57.0,0,0,CAUTION,5일 상승 8.9% > 5%,C,WATCH,0,0.2,관찰,시장폭 82.2 · 5일 8.9%,15.43,6,316,0,11.35,317,,-4.0,1973.0,"진입 후 D+1 종가 1,973원(-4%) 이탈 시 익일 조기청산 권고",46.2,"최근 20거래일 유니버스 실측 2일 상승률 46.2% (n=6,245) · 종목별 유의차 미검증",NO_EDGE_VALIDATED,HIGH_AVOID,1911.0,2260.0,"⛔ 고위험 루트(진입보류 권고) · 손절 1,911(-7%)·본전전환 2,158(+5%)·1차익절 2,260(+10%) · ⚡ D+2내 2,096(+2%) 도달 시 절반 익절+잔여 본전 상향 (실측: 초반 급등 후 되돌림 -0.9%)",0,0.0,0,0,알파 26점 (진입선 85점 미달) · 데이터 신선도 실패,alpha_gate_v32,CASH,0.0,1.27,True,0,NEUTRAL,"중립 레짐 — KOSPI 20일선 아래, 시장폭 82% (실측: 본전 구간 → 진입 허용하되 사이즈 50%)",0.5,1,26.0,2158.0,0.2452,1,이 점수 구간의 과거 실측 승률 29% (표본 11693건) · 거래량 밀집가 대비 -29.5% — 가치영역 근접 (실측 표본 적음) · 손익비 660.0 (손절 +0.1% / 1차목표 +35.9%),중립 레짐 — 사이즈 50% 권장 · 추천가 대비 10.5% 이탈 — 추격 주의 · 가격 데이터 stale — 표시가와 실제가 다를 수 있음 · AI 알파모델 예측 하위 26% — 이 구간 실측 승률 25% — 픽 제외 구간,29.1,False,CARRY,1,85.0,1,0,2096.0,1.9261109623344368,-1.4571255424744134,-0.7857841014422107,0.8856366018608064,1,1.0,,0,46.3,pctl>0.30,0,,0,1.0
320,088390,이녹스,KOSDAQ,,7360,50.0,1033.4,0.0,0.0,CARRY,CARRY,7,False,0,False,0.0,9.5,5.5,12.2,17.0,,0.0,11.6,11.5,85.6,7230.0,33.2,밸런스우수 + RR7230.0,0,11010.0,10020.0,14590.0,15010.0,,-0.59,0.74,12839,-29.14,DATA_UNAVAILABLE,0,-9.54,24.7,-10.83,,,저점 이탈,캐리 재계산 실패: legacy snapshot,NORMAL,82.2,그외 기타 운송장비 제조업,5000000000.0,32.7,43.06,0,0,-0.72,5.97,-10.71,-22.19,-16.27,18.01,-12.26,-8.86,-7.48,0.755,0.114,0,12.0,0,0,1.37,0.16,0,0,0,0,-1,13585.0,-14.25,0.5041,False,X,▲,10491,▲,O,X,-1.17,250,0,1,1,1,15540.0,enter,100.0,SWING+PM_BLOCK_INTRADAY+EF:정상,8.99,6.0,3.6,normal,7.0,v1_sl_first_gap_at_open,SWING+PM_BLOCK_INTRADAY+EF:정상,SWING_20D,80,BB_UPPER,75,VP_RESISTANCE,65,,,,,,,,0.0900480083041391,-0.0058385869789632,0.4848484848484848,OK,17.0,OK,24.48370481332857,24.48370481332857,,4,1,0.55,0.25,0.2,STRUCT+TIMING+AI,,,,50,20260805,,,,,,,,CARRY_LEGACY,0.291,,False,0.3,True,,,ALPHA_WIN_PROB,3.616,,1.81,0.0,상태 CARRY — 신규진입 상태 아님(사이징 제외),0.3559,0.0,0.0,v40_alpha_tilt,,20260421.0,38.0,True,35.0,False,98.2,,ELITE_SCORE,MATURE,11693,2.4.0,OK,,100.0,ATTACK,OK,OK,OK,OK,OK,OK,OK,0,7,True,True,True,"analyze_returned_none(ohlcv_len=373,mcap=691,in_top=True)",0,GREEN,,,0.0,AVOID,0,진입괴리 33.2%,0,0,0,0,,0.0,T=12<70,100.0,GREEN,,,0,False,0,HOLDING_MANAGE,TOP_PICK=0,,15.0,HOLDING_MANAGE,HOLDING_MANAGE,NORMAL,0,0,0,0,0,0,0,0,0,CLEAR,,,0,0,0,0,0.0,ENTRY_CLEAN_OBSERVE,1.0,BUY,,0.0,0.0,0.0,0.0,0.0,DISABLED_LOSS_DEFENSE,14100.0,-47.801418439716315,DEAD,1.0,보유 38일차 · 손익 -47.8% · 강한 청산 검토,True,False,False,True,False,True,True,True,0.0,0.0,45.0,0.0,20.0,0.0,0.0,0.0,65.0,0.5,False,True,False,3,False,0.0,0.0,G2RR×0.5 · G3보유경과-45 · G5추세붕괴3축,,0,0,0,,0.0,0,,False,0.0,0.0,False,,False,True,,0,76.0,57.0,0,0,CAUTION,5일 상승 6.0% > 5%,C,WATCH,0,0.2,관찰,시장폭 82.2 · 5일 6.0%,18.58,6,310,0,12.93,313,,-4.0,10570.0,"진입 후 D+1 종가 10,570원(-4%) 이탈 시 익일 조기청산 권고",46.2,"최근 20거래일 유니버스 실측 2일 상승률 46.2% (n=6,245) · 종목별 유의차 미검증",NO_EDGE_VALIDATED,HIGH_AVOID,10239.0,12111.0,"⛔ 고위험 루트(진입보류 권고) · 손절 10,239(-7%)·본전전환 11,560(+5%)·1차익절 12,111(+10%) · ⚡ D+2내 11,230(+2%) 도달 시 절반 익절+잔여 본전 상향 (실측: 초반 급등 후 되돌림 -0.9%)",0,0.0,0,0,알파 11점 (진입선 85점 미달) · 데이터 신선도 실패,alpha_gate_v32,CASH,0.0,2.08,True,0,NEUTRAL,"중립 레짐 — KOSPI 20일선 아래, 시장폭 82% (실측: 본전 구간 → 진입 허용하되 사이즈 50%)",0.5,1,11.1,11560.0,0.2489,1,이 점수 구간의 과거 실측 승률 29% (표본 11693건) · 거래량 밀집가 대비 -29.1% — 가치영역 근접 (실측 표본 적음) · 손익비 7230.0 (손절 +36.1% / 1차목표 +98.2%),중립 레짐 — 사이즈 50% 권장 · 추천가 대비 33.2% 이탈 — 추격 주의 · 가격 데이터 stale — 표시가와 실제가 다를 수 있음 · AI 알파모델 예측 하위 11% — 이 구간 실측 승률 25% — 픽 제외 구간,29.1,False,CARRY,1,85.0,1,0,11230.0,1.9261109623344368,-1.4571255424744134,-0.7857841014422107,0.8856366018608064,1,1.0,,0,46.7,pctl>0.30,0,,0,1.0
321,037440,희림,KOSDAQ,서비스 기타,4035,685.73,1038.6,0.0,0.0,CARRY,CARRY,7,False,0,False,0.0,80.6,95.0,73.2,66.5,,0.0,78.2,28.5,64.4,3425.0,37.1,RR3425.0,0,6410.0,5440.0,7460.0,8080.0,,3.61,2.82,6141,22.23,DATA_UNAVAILABLE,0,31.63,70.1,22.23,STRUCT 강점,TIMING 보조,RSI 과열,캐리 재계산 실패: legacy snapshot,NORMAL,82.2,"건축기술, 엔지니어링 및 관련 기술 서비스업",68572700025.0,83.9,24.63,0,0,29.97,23.1,17.3,78.26,70.9,81.73,71.69,51.0,45.9,0.0,0.0,1,12.0,0,0,2.63,1.0,0,0,0,1,1,5457.0,21.46,0.0534,False,O,▲,6111,▲,O,X,8.01,250,1,1,1,1,8500.0,hold,0.0,NORMAL+PM_BLOCK_INTRADAY+EF:당일 15%+ 급등 진입 보류+ENTRY:hold,15.13,6.0,1.1,normal,7.0,v1_sl_first_gap_at_open,NORMAL+PM_BLOCK_INTRADAY+EF:당일 15%+ 급등 진입 보류+ENTRY:hold,SWING_20D,80,ATR_3.5x,45,FIBO_1.272,40,0.0,"건축기술, 엔지니어링 및 관련 기술 서비스업",3.970857142857143,20.20542857142857,9.0,,,,,,,66.5,OK,60.50363147899031,60.50363147899031,,6,1,0.4,0.4,0.2,STRUCT+TIMING+AI+SECTOR,default,default,default,60,20260805,20260507.0,,80.6,80.6,80.6,19.9,19.9,CARRY_LEGACY,0.291,,False,0.3,True,MATURE,5320.0,ALPHA_WIN_PROB,1.082,,1.082,0.0,상태 CARRY — 신규진입 상태 아님(사이징 제외),0.4802,0.0,0.0,v40_alpha_tilt,,20260507.0,22.0,True,35.0,False,84.9,,ELITE_SCORE,MATURE,11693,2.4.0,OK,,100.0,ATTACK,OK,OK,OK,OK,OK,OK,OK,0,7,True,True,True,"analyze_returned_none(ohlcv_len=373,mcap=562,in_top=True)",0,GREEN,,,0.0,AVOID,0,진입괴리 37.1% · VWAP 21↑,0,0,0,0,,0.0,S=95≥50 · 이격도22>15,100.0,GREEN,,,0,False,0,HOLDING_MANAGE,TOP_PICK=0,,30.0,HOLDING_MANAGE,HOLDING_MANAGE,NORMAL,0,0,0,0,0,0,0,0,0,CLEAR,,,0,0,0,0,0.0,HOLDING_MANAGE,0.0,AVOID,,0.0,0.0,0.0,0.0,0.0,DISABLED_LOSS_DEFENSE,7460.0,-45.911528150134046,DEAD,1.0,보유 22일차 · 손익 -45.9% · 청산 검토,True,True,False,True,True,True,True,True,0.0,0.0,45.0,0.0,0.0,0.0,0.0,0.0,45.0,1.0,False,False,False,0,False,0.0,0.0,G3보유경과-45,,0,0,0,,0.0,0,,False,0.0,0.0,False,,False,True,,0,72.0,5.0,0,1,BLOCK,5일 과열 23.1% · VWAP 21.5 > 20,BLOCK,GUARD_BLOCK,1,0.0,신규진입 차단,단기상승+VWAP/POC 추격충돌 · 기존 guard/JULY 차단 · 시장폭 82.2 · 5일 23.1%,79.02,6,23,0,43.15,212,모멘텀확인중(PMS79),-4.0,6154.0,"진입 후 D+1 종가 6,154원(-4%) 이탈 시 익일 조기청산 권고",46.2,"최근 20거래일 유니버스 실측 2일 상승률 46.2% (n=6,245) · 종목별 유의차 미검증",NO_EDGE_VALIDATED,HIGH_AVOID,5961.0,7051.0,"⛔ 고위험 루트(진입보류 권고) · 손절 5,961(-7%)·본전전환 6,730(+5%)·1차익절 7,051(+10%) · ⚡ D+2내 6,538(+2%) 도달 시 절반 익절+잔여 본전 상향 (실측: 초반 급등 후 되돌림 -0.9%)",0,0.0,0,0,알파 7점 (진입선 85점 미달) · 손실방어 차단 · 데이터 신선도 실패 · POC 확장 22% (추격 위험),alpha_gate_v32,CASH,0.0,5.08,True,1,NEUTRAL,"중립 레짐 — KOSPI 20일선 아래, 시장폭 82% (실측: 본전 구간 → 진입 허용하되 사이즈 50%)",0.5,1,6.8,6730.0,0.2386,1,이 점수 구간의 과거 실측 승률 29% (표본 11693건) · 손익비 3425.0 (손절 +34.8% / 1차목표 +84.9%) · 저점 상승 추세 32% (바닥이 높아지는 중),중립 레짐 — 사이즈 50% 권장 · 거래량 밀집가 대비 +22.2% 확장 (실측 승률 20% — 추격 위험) · RSI 70 과열 구간 · 추천가 대비 37.1% 이탈 — 추격 주의 · 가격 데이터 stale — 표시가와 실제가 다를 수 있음 · AI 알파모델 예측 하위 7% — 이 구간 실측 승률 24% — 픽 제외 구간,29.1,False,CARRY,1,85.0,1,0,6538.0,1.9261109623344368,-1.4571255424744134,-0.7857841014422107,0.8856366018608064,1,1.0,,0,98.8,pctl>0.30,0,,0,1.0
322,463020,뉴엔AI,KOSDAQ,,10330,50.0,1085.9,0.0,0.0,CARRY,CARRY,7,False,0,False,0.0,50.6,27.7,83.3,72.9,,55.1,61.3,55.6,30.5,1.29,2.1,RR1.3,0,10120.0,8600.0,12560.0,17250.0,,2.36,1.71,13282,-19.17,DATA_UNAVAILABLE,0,-8.9,66.8,26.85,TIMING 강점,AI 보조,5일 급등,캐리 재계산 실패: legacy snapshot,NORMAL,82.2,소프트웨어 개발 및 공급업,5000000000.0,87.0,51.38,0,0,0.16,45.94,38.66,9.78,-6.28,-27.33,17.47,7.55,,0.775,0.044,0,12.0,1,0,1.89,0.94,0,0,0,1,1,7330.0,-7.92,1.0257,False,X,▼,9889,▲,O,X,-4.01,233,0,-1,-1,1,17930.0,enter,100.0,NORMAL+PM_BLOCK_INTRADAY+EF:정상,15.02,6.0,1.6,normal,7.0,v1_sl_first_gap_at_open,NORMAL+PM_BLOCK_INTRADAY+EF:정상,SWING_20D,80,SWING_60D,60,SWING_120D,45,,,,,,,,0.1066464198107697,0.0191710681222197,0.1783783783783784,OK,72.9,OK,84.0,84.0,,4,1,0.55,0.25,0.2,STRUCT+TIMING+AI,,,,50,20260805,,,,,,,,CARRY_LEGACY,0.156,,False,0.3,True,,,ALPHA_WIN_PROB,1.605,,1.605,0.0,상태 CARRY — 신규진입 상태 아님(사이징 제외),0.3838,0.0,0.0,v40_alpha_tilt,,20260505.0,0.0,False,0.0,False,21.6,,ELITE_SCORE,MATURE,11693,2.4.0,OK,,100.0,ATTACK,OK,OK,OK,OK,OK,OK,OK,0,7,True,True,True,"analyze_returned_none(ohlcv_len=266,mcap=928,in_top=True)",0,GREEN,,,0.0,AVOID,0,5일 +46%,0,1,0,0,,0.0,이격도27>15,100.0,GREEN,,,0,False,0,HOLDING_MANAGE,TOP_PICK=0,,15.0,HOLDING_MANAGE,HOLDING_MANAGE,NORMAL,0,0,0,0,0,0,0,0,0,CLEAR,,,0,0,0,0,0.0,,,,,,,,,,DISABLED_LOSS_DEFENSE,15180.0,-31.949934123847168,FRESH,0.0,,True,True,True,True,True,True,True,True,0.0,0.0,0.0,0.0,0.0,0.0,0.0,0.0,0.0,1.0,False,False,False,1,True,55.1,1.0,,,0,0,0,,55.1,0,,False,0.0,0.0,False,,False,True,,0,66.0,47.0,0,1,BLOCK,5일 과열 45.9%,BLOCK,GUARD_BLOCK,1,0.0,신규진입 차단,기존 guard/JULY 차단 · 시장폭 82.2 · 5일 45.9%,58.85,6,108,0,79.27,19,,-4.0,9715.0,"진입 후 D+1 종가 9,715원(-4%) 이탈 시 익일 조기청산 권고",46.2,"최근 20거래일 유니버스 실측 2일 상승률 46.2% (n=6,245) · 종목별 유의차 미검증",NO_EDGE_VALIDATED,HIGH_AVOID,9412.0,11132.0,"⛔ 고위험 루트(진입보류 권고) · 손절 9,412(-7%)·본전전환 10,626(+5%)·1차익절 11,132(+10%) · ⚡ D+2내 10,322(+2%) 도달 시 절반 익절+잔여 본전 상향 (실측: 초반 급등 후 되돌림 -0.9%)",0,0.0,0,0,알파 18점 (진입선 85점 미달) · 손익비 1.29 · 손실방어 차단 · 데이터 신선도 실패,alpha_gate_v32,CASH,0.0,14.02,True,0,NEUTRAL,"중립 레짐 — KOSPI 20일선 아래, 시장폭 82% (실측: 본전 구간 → 진입 허용하되 사이즈 50%)",0.5,1,17.6,10626.0,0.2489,1,이 점수 구간의 과거 실측 승률 16% (표본 11693건) · 거래량 밀집가 대비 -19.2% — 가치영역 근접 (실측 표본 적음) · 손익비 1.3 (손절 -16.7% / 1차목표 +21.6%),중립 레짐 — 사이즈 50% 권장 · 가격 데이터 stale — 표시가와 실제가 다를 수 있음 · AI 알파모델 예측 하위 18% — 이 구간 실측 승률 25% — 픽 제외 구간,15.6,True,CARRY,1,85.0,1,0,10322.0,1.9261109623344368,-1.4571255424744134,-0.7857841014422107,0.8856366018608064,1,1.0,,0,49.5,pctl>0.30,0,,0,1.0
323,007460,에이프로젠,KOSPI,기타,2640,80.63,1034.0,0.0,0.0,CARRY,CARRY,7,False,0,False,0.0,56.7,48.8,71.3,43.4,,53.6,54.5,27.9,65.1,4.82,42.9,RR4.8,0,1847.0,1570.0,7800.0,9850.0,,0.35,0.33,659,1037.03,DATA_UNAVAILABLE,0,0.0,72.7,167.7,TIMING 강점,,RSI 과열,캐리 재계산 실패: legacy snapshot,NORMAL,82.2,기타 금속 가공제품 제조업,8063110728.0,90.1,529.64,0,0,-17.08,3.97,1582.14,1310.18,642.9,660.9,1307.49,634.75,646.23,0.008,0.008,1,12.0,0,0,2.01,0.59,0,0,0,1,1,3327.9,614.38,0.9553,False,X,▼,5298,▲,X,X,-2.29,234,0,1,1,1,12450.0,enter,100.0,NORMAL+WARN:ATR%=34.2% > 20% — 이상치 의심+PM_BLOCK_INTRADAY+EF:정상,15.0,6.0,21.5,normal,7.0,v1_sl_first_gap_at_open,NORMAL+WARN:ATR%=34.2% > 20% — 이상치 의심+PM_BLOCK_INTRADAY+EF:정상,SWING_20D,80,FIBO_1.272,40,FIBO_1.618,25,0.0,기타 금속 가공제품 제조업,-2.0155000000000003,15.429833333333333,5.0,,,0.0821550463188688,0.156191458037083,0.2727272727272727,OK,43.4,OK,46.5,46.5,,4,1,0.4,0.4,0.2,STRUCT+TIMING+AI+SECTOR,default,,,60,20260805,20260515.0,,56.7,56.7,56.7,8.15,8.15,CARRY_LEGACY,0.162,,False,0.3,True,MATURE,6271.0,ALPHA_WIN_PROB,21.491,,1.81,0.0,상태 CARRY — 신규진입 상태 아님(사이징 제외),0.3559,0.0,0.0,v40_alpha_tilt,,20260515.0,14.0,True,35.0,False,195.5,,ELITE_SCORE,MATURE,11693,2.4.0,OK,,100.0,ATTACK,OK,OK,OK,OK,OK,OK,OK,0,7,True,True,True,"analyze_returned_none(ohlcv_len=373,mcap=623,in_top=True)",1,ORANGE,C_ORANGE,STRUCT < 90 + VWAP_GAP > 15% 강한 과열,0.0,AVOID,0,진입괴리 42.9% · 이격도 168↑ + 음봉 · 전일 -17.1%,0,1,0,0,,0.0,이격도168>15,100.0,GREEN,,,0,False,0,HOLDING_MANAGE,TOP_PICK=0,VWAP/POC 과열,15.0,HOLDING_MANAGE,HOLDING_MANAGE,NORMAL,0,0,0,0,0,0,0,0,0,CLEAR,,,0,0,0,0,0.0,HOLDING_MANAGE,0.0,AVOID,,0.0,0.0,0.0,0.0,0.0,DISABLED_LOSS_DEFENSE,4710.0,-43.94904458598726,DEAD,1.0,보유 14일차 · 손익 -43.9% · 청산 검토,True,True,False,True,True,True,True,True,0.0,0.0,45.0,0.0,0.0,0.0,0.0,0.0,45.0,1.0,False,False,False,0,False,8.6,0.16,G3보유경과-45,,0,0,0,,8.6,0,,False,0.0,0.0,False,,True,True,,0,52.0,32.0,0,1,BLOCK,VWAP 과열 614.4 · POC 과열 1037.0,BLOCK,GUARD_BLOCK,1,0.0,신규진입 차단,기존 guard/JULY 차단 · 시장폭 82.2 · 5일 4.0%,54.64,6,138,0,77.01,26,,-4.0,1773.0,"진입 후 D+1 종가 1,773원(-4%) 이탈 시 익일 조기청산 권고",46.2,"최근 20거래일 유니버스 실측 2일 상승률 46.2% (n=6,245) · 종목별 유의차 미검증",NO_EDGE_VALIDATED,HIGH_AVOID,1718.0,2032.0,"⛔ 고위험 루트(진입보류 권고) · 손절 1,718(-7%)·본전전환 1,939(+5%)·1차익절 2,032(+10%) · ⚡ D+2내 1,884(+2%) 도달 시 절반 익절+잔여 본전 상향 (실측: 초반 급등 후 되돌림 -0.9%)",0,0.0,0,0,알파 0점 (진입선 85점 미달) · 손실방어 차단 · 데이터 신선도 실패 · POC 확장 1037% (추격 위험),alpha_gate_v32,CASH,0.0,1.93,True,1,NEUTRAL,"중립 레짐 — KOSPI 20일선 아래, 시장폭 82% (실측: 본전 구간 → 진입 허용하되 사이즈 50%)",0.5,1,0.3,1939.0,0.2386,1,이 점수 구간의 과거 실측 승률 16% (표본 11693건) · 손익비 4.8 (손절 -40.5% / 1차목표 +195.5%),중립 레짐 — 사이즈 50% 권장 · 거래량 밀집가 대비 +1037.0% 확장 () · RSI 73 과열 구간 · 추천가 대비 42.9% 이탈 — 추격 주의 · 가격 데이터 stale — 표시가와 실제가 다를 수 있음 · AI 알파모델 예측 하위 0% — 이 구간 실측 승률 24% — 픽 제외 구간,16.2,False,CARRY,1,85.0,1,0,1884.0,1.9261109623344368,-1.4571255424744134,-0.7857841014422107,0.8856366018608064,1,1.0,,0,73.7,pctl>0.30,0,,0,1.0
