LDY_RANK,종목코드,종목명,시장,업종_대분류,종가,거래대금(억원),시가총액(억원),켈리_수량,추천금액(만원),상태,ROUTE,ACTION_PRIORITY,IS_ACTIVE,IS_NOW_ENTRY,IS_WATCH,DISPLAY_SCORE,FINAL_SCORE,STRUCT_SCORE,TIMING_SCORE,AI_SCORE,NEWS_SCORE,ELITE_SCORE,AXIS_MEAN,AXIS_GAP,BALANCE_SCORE,RR_NOW_TP1,ENTRY_GAP_PCT,ELITE_REASON,TOP_PICK,추천매수가,손절가,추천매도가1,추천매도가2,TRIGGER,V_POWER,거래강도,VWAP,POC_GAP,NEWS_REASON,TTM_SQUEEZE_CNT,Low_Trend_PCT,RSI14,이격도,SCORE_REASON_TOP1,SCORE_REASON_TOP2,SCORE_RISK,ROUTE_REASON,MACRO_RISK,MARKET_BREADTH,업종,거래대금(원),MFI14,BB_BW,TTM_SQUEEZE,BB_SQUEEZE_BW,ret_1d_%,ret_5d_%,ret_10d_%,ret_20d_%,ret_60d_%,ret_120d_%,rel_20d_%,rel_60d_%,rel_120d_%,RES_RATIO,RES_RATIO_NEAR,IS_ABOVE_POC,NEAR_THRES,RSI_Rising,BB_Expanding,Vol_Quality,Range_Pos,외인순매수,기관순매수,메이저순매수,Above_MA20,SUPERTREND_DIR,SUPERTREND_VAL,VWAP_GAP,MACD_Slope_PCT,IS_SWING_SUPPORT,주봉20선_상회,주봉추세,HMA20,HMA_Trend,HMA_On,OBV_Div,gap_pct,_data_length,consecutive_limit_up,MTF_WEEKLY_TREND,MTF_MONTHLY_TREND,MTF_DATA_SUFFICIENT,추천매도가3,ENTRY_ACTION,POSITION_PCT,PLAN_REASON,STOP_PCT,MAX_LOSS_PCT,RR_MULT,REGIME,TIME_STOP_DAYS,EXEC_RULE_ID,STOP_REASON,TP1_METHOD,TP1_PROB,TP2_METHOD,TP2_PROB,TP3_METHOD,TP3_PROB,개인순매수,업종_상세,SECTOR_RET_5D,SECTOR_RS,SECTOR_RANK,V23_ATR_Pct,V23_OBV_Slope,V23_Upper_Shadow_Ratio,V23_SIGNAL_STATUS,ML_SCORE,ML_STATUS,TRIGGER_SCORE,RAW_TRIGGER_SCORE,EBS,PASS_EBS,W_STRUCT,W_TIMING,W_AI,SCORING_AXES,STRATEGY,REASON_THRESHOLD,기준일,시총기준일,AI_COMMENT,LDY_SCORE,TOTAL_SCORE,RANK_SCORE,벤치_60d_KOSPI_%,벤치_60d_KOSDAQ_%,ROW_BUILD_MODE,EST_WIN_RATE,CAL_HOLD_REASON,LOW_WR_FLAG,LEGACY_EST_WIN_RATE,LEGACY_LOW_WR_FLAG,CALIBRATION_MODE,CAL_N_TRADES,KELLY_PLANNED_B,KELLY_EMPIRICAL_B,KELLY_FINAL_B,KELLY_FRACTION,켈리_금액(원),추천수량,KELLY_ENGINE,KELLY_ERROR,STRATEGY_SCORE,STRATEGY_HORIZON,CARRY_FROM_DATE,CARRY_AGE_DAYS,IS_STALE_CARRY,STALE_PENALTY,DATA_FRESHNESS_OK,TP1_PCT,TOP_PICK_TYPE,EST_WIN_RATE_METHOD,EST_WIN_RATE_MODE,EST_WIN_RATE_N,CONFIG_VERSION,RUN_STATUS,DEGRADED_REASONS,CONFIDENCE_SCORE,MAX_ALLOWED_ROUTE,AXIS_MCAP,AXIS_BENCH,AXIS_FLOW,AXIS_NEWS,AXIS_SECTOR,AXIS_ML,AXIS_TRIGGER,FALLBACK_COUNT,AXIS_QUALITY,HAS_NEWS,HAS_FLOW,HAS_SECTOR,CARRY_FAIL_REASON,ENTRY_RISK_FLAG,ENTRY_RISK_LEVEL,ENTRY_RISK_RULE,ENTRY_RISK_REASON,BUY_NOW_SCORE,BUY_NOW_GRADE,BUY_NOW_PASS,BUY_NOW_REASON,BUY_NOW_ELIGIBLE,NO_CHASE_FLAG,PULLBACK_WAIT_FLAG,ANTI_STRUCT_REVERSAL_FLAG,ANTI_STRUCT_REVERSAL_TYPE,ANTI_STRUCT_REVERSAL_SCORE,ANTI_STRUCT_REVERSAL_REASON,ENTRY_EDGE_SCORE,ENTRY_EDGE_LEVEL,ENTRY_EDGE_RULE,ENTRY_EDGE_REASON,ENTRY_EDGE_SHADOW_FLAG,EST_WIN_RATE_REALIZED_CAP,STRICT_OFFICIAL_BUY_ELIGIBLE,OFFICIAL_FUNNEL_STAGE,OFFICIAL_BLOCK_REASON_1,OFFICIAL_BLOCK_REASON_2,OFFICIAL_NEAR_MISS_SCORE,OFFICIAL_NEAR_MISS_TYPE,CANDIDATE_TRIAGE_TYPE,MACRO_REGIME_MODE,FX_HIGH_REGIME_FLAG,FX_STALE_FLAG,MARKET_INTERNAL_WEAK_FLAG,MACRO_HARD_BLOCK_SHADOW,MACRO_RELAXED_SHADOW_PASS,SHADOW_MACRO_RELAXED_ELIGIBLE,SHADOW_ENTRY_RELAXED_ELIGIBLE,SHADOW_SCORE_RELAXED_ELIGIBLE,ABNORMAL_HISTORY_GUARD_FLAG,ABNORMAL_HISTORY_GUARD_LEVEL,ABNORMAL_HISTORY_GUARD_TYPE,ABNORMAL_HISTORY_GUARD_REASON,MARKET_WARNING_GUARD_FLAG,MARKET_CAUTION_GUARD_FLAG,LONG_HISTORY_COLLAPSE_FLAG,SPIKE_REVERSAL_GUARD_FLAG,LONG_HIGH_TO_CLOSE_RATIO_USED,ORIGINAL_CANDIDATE_TRIAGE_TYPE,ORIGINAL_BUY_NOW_PASS,ORIGINAL_BUY_NOW_GRADE,NO_BUY_BREAKER_RULE_ID,NO_BUY_BREAKER_VALIDATED,NO_BUY_BREAKER_N,NO_BUY_BREAKER_WIN_RATE_5D,NO_BUY_BREAKER_AVG_RET_5D,NO_BUY_BREAKER_ALPHA_5D,NO_BUY_BREAKER_DECISION,CARRY_FROM_CLOSE,CARRY_RET_PCT,CARRY_STALE_STAGE,CARRY_EXIT_SIGNAL,CARRY_STALE_REASON,GUARD_PASS_1,GUARD_PASS_2,GUARD_PASS_3,GUARD_PASS_4,GUARD_PASS_5,GUARD_PASS_6,GUARD_PASS_7,GUARD_PASS_8,GUARD_PENALTY_1,GUARD_PENALTY_2,GUARD_PENALTY_3,GUARD_PENALTY_4,GUARD_PENALTY_5,GUARD_PENALTY_6,GUARD_PENALTY_7,GUARD_PENALTY_8,GUARD_PENALTY_TOTAL,GUARD_RR_MULT,GUARD_BLOCK,GUARD_FORCE_EXIT_ALERT,GUARD_PRE_WARNING,GUARD_TRENDLINE_BROKEN,GUARD_ALL_PASS,GUARDED_ELITE_SCORE,GUARD_KELLY_MULT,GUARD_REASON,ELITE_LABEL,TOP_PICK_RAW,MOMENTUM_LANE,MOMENTUM_WATCH,MOMENTUM_LANE_TIER,MOMENTUM_LANE_SCORE,MOMENTUM_LANE_RANK,MOMENTUM_LANE_REASON,STOP_OVERRIDE_ACTIVE,STOP_OVERRIDE_PRICE,STOP_OVERRIDE_PCT,NEW_ENTRY_BLOCKED,STOP_OVERRIDE_REASON,ABNORMAL_SURGE_FLAG,DATA_INTEGRITY_OK,DATA_INTEGRITY_REASON,DATA_INTEGRITY_NBAD
1,043260,성호전자,KOSDAQ,IT/전기전자,46650,2541.07,33085.5,0.0,0.0,WAIT,WAIT,3,False,1,True,64.4,64.4,50.4,75.0,89.5,0.0,64.3,71.6,39.1,51.1,1.58,0.0,RR1.6 + 진입적정,0,46650.0,39650.0,57700.0,62000.0,,0.14,1.12,44853,0.82,특이사항 없음,2,-3.38,56.4,11.01,AI 강점,TIMING 보조,,추세 관망,CRITICAL,75.3,전자부품 제조업,254106979550.0,66.2,44.23,0,0,2.41,-4.41,27.63,4.83,-0.32,791.97,17.39,9.28,,0.192,0.192,1,12.0,0,0,1.53,0.58,0,0,0,1,-1,51855.0,4.01,-0.179,False,O,▲,46550,▲,O,X,5.38,250,0,1,1,1,73500.0,enter,100.0,NORMAL+PM_BLOCK_INTRADAY+EF:정상,15.01,5.0,1.6,normal,7.0,v1_sl_first_gap_at_open,NORMAL+PM_BLOCK_INTRADAY+EF:정상,SWING_20D,80,ATR_2x,70,ATR_3.5x,45,0.0,전자부품 제조업,0.10229729729729745,3.253243243243243,5.0,0.1643699280355229,0.07218973521285708,0.5494505494505495,OK,89.5,OK,69.02308929917334,69.02308929917334,4,1,0.55,0.25,0.2,STRUCT+TIMING+AI+SECTOR,default,50,20260612,20260612,,64.4,64.4,64.4,46.38,-9.6,FRESH,0.351,,False,0.435,True,MATURE,9296.0,1.579,0.849,0.849,0.0,0.0,0.0,v22_calibrated,,,,,,,,True,23.7,,ELITE_SCORE,MATURE,9296,2.4.0,OK,,100.0,ATTACK,OK,OK,OK,OK,OK,OK,OK,0,7,True,True,True,,0,GREEN,,,85.0,BUY,1,,0,0,0,0,,0.0,S=50≥50,100.0,GREEN,,,0,False,0,ENTRY_READY_BUT_NOT_TOP_PICK,TOP_PICK=0,진입조건은 양호하나 공식 Top Pick 아님,50.0,ENTRY_CLEAN_OBSERVE,ENTRY_CLEAN_OBSERVE,FX_HIGH_REGIME,1,0,0,1,0,0,0,0,0,CLEAR,,,0,0,0,0,0.0,,,,,,,,,,REJECT_NO_VALIDATED_RULE,,,,,,True,True,True,True,True,True,True,True,0.0,0.0,0.0,0.0,0.0,0.0,0.0,0.0,0.0,1.0,False,False,False,2,True,64.3,1.0,,,0,0,0,,64.3,0,,False,0.0,0.0,False,,False,True,,0
2,067310,하나마이크론,KOSDAQ,반도체,48950,1972.79,32534.2,0.0,0.0,WAIT,WAIT,3,False,1,True,62.6,62.6,51.5,80.4,70.7,0.0,64.3,67.5,28.9,63.9,1.3,0.0,RR1.3 + 진입적정,0,48950.0,41600.0,58500.0,66600.0,,0.98,1.36,41468,42.33,특이사항 없음,0,-7.86,43.1,6.55,TIMING 강점,AI 보조,5일 급등,추세 관망,CRITICAL,75.3,반도체 제조업,197279312625.0,57.2,40.38,0,0,2.09,16.97,12.53,11.89,52.73,99.8,24.45,62.33,,0.085,0.085,1,12.0,0,0,1.57,0.55,0,0,0,1,-1,53365.0,18.04,0.659,False,O,▲,41623,▲,O,X,6.36,250,0,1,1,1,77700.0,enter,100.0,NORMAL+PM_BLOCK_INTRADAY+EF:정상,15.02,5.0,1.3,normal,7.0,v1_sl_first_gap_at_open,NORMAL+PM_BLOCK_INTRADAY+EF:정상,SWING_20D,80,ATR_3.5x,45,FIBO_1.618,25,0.0,반도체 제조업,7.3096000000000005,9.6216,1.0,0.10272873194221509,-0.0015501562208943313,0.2222222222222222,OK,70.7,OK,70.0,70.0,4,1,0.55,0.25,0.2,STRUCT+TIMING+AI+SECTOR,default,50,20260612,20260612,,62.6,62.6,62.6,46.38,-9.6,FRESH,0.351,,False,0.421,True,MATURE,9296.0,1.299,0.849,0.849,0.0,0.0,0.0,v22_calibrated,,,,,,,,True,19.5,,ELITE_SCORE,MATURE,9296,2.4.0,OK,,100.0,ATTACK,OK,OK,OK,OK,OK,OK,OK,0,7,True,True,True,,1,ORANGE,C_ORANGE,STRUCT < 90 + VWAP_GAP > 15% 강한 과열,90.0,BUY,1,POC 42↑,0,0,0,0,,0.0,S=52≥50,100.0,GREEN,,,0,False,0,BELOW_OFFICIAL_BAR,TOP_PICK=0,,35.0,IGNORE,IGNORE,FX_HIGH_REGIME,1,0,0,1,0,0,0,0,0,CLEAR,,,0,0,0,0,0.0,,,,,,,,,,REJECT_NO_VALIDATED_RULE,,,,,,True,True,True,True,True,True,True,True,0.0,0.0,0.0,0.0,0.0,0.0,0.0,0.0,0.0,1.0,False,False,False,1,True,64.3,1.0,,,0,0,0,,64.3,0,,False,0.0,0.0,False,,False,True,,0
3,290650,엘앤씨바이오,KOSDAQ,바이오·의약품,76900,255.11,20739.7,0.0,0.0,WAIT,WAIT,3,False,1,True,77.8,77.8,90.9,58.3,66.0,0.0,64.3,71.7,32.6,59.2,0.91,0.0,진입적정,0,76900.0,65300.0,87400.0,89800.0,,-0.23,0.77,71562,5.63,특이사항 없음,0,17.29,61.1,4.5,STRUCT 강점,AI 보조,,추세 관망,CRITICAL,75.3,의약품 제조업,25510932500.0,60.9,43.87,0,0,-8.89,-10.79,1.32,26.9,-2.29,15.99,39.46,7.31,,0.348,0.147,1,12.0,1,0,1.19,0.63,0,0,0,1,1,62970.0,7.46,-0.49,False,X,▲,83380,▼,X,X,-0.24,250,0,1,1,1,105700.0,enter,100.0,NORMAL+PM_BLOCK_INTRADAY+EF:정상,15.08,5.0,0.9,normal,7.0,v1_sl_first_gap_at_open,NORMAL+PM_BLOCK_INTRADAY+EF:정상,SWING_20D,80,BB_UPPER,75,ATR_3.5x,45,0.0,의약품 제조업,-3.8524999999999996,0.4400000000000002,10.0,0.10672487460523872,0.011953026466959636,0.20430107526881722,OK,66.0,OK,47.93304800273069,47.93304800273069,6,1,0.55,0.25,0.2,STRUCT+TIMING+AI+SECTOR,default,50,20260612,20260612,,77.8,77.8,77.8,46.38,-9.6,FRESH,0.351,,False,0.542,False,MATURE,9296.0,0.905,0.941,0.905,0.0,0.0,0.0,v22_calibrated,,,,,,,,True,13.7,,ELITE_SCORE,MATURE,9296,2.4.0,OK,,100.0,ATTACK,OK,OK,OK,OK,OK,OK,OK,0,7,True,True,True,,0,GREEN,,,0.0,AVOID,0,RR 0.91 · 전일 -8.9%,0,0,0,0,,0.0,T=58<70 · S=91≥50,100.0,GREEN,,,0,False,0,BELOW_OFFICIAL_BAR,TOP_PICK=0,,20.0,IGNORE,IGNORE,FX_HIGH_REGIME,1,0,0,1,0,0,0,0,0,CLEAR,,,0,0,0,0,0.0,,,,,,,,,,REJECT_NO_VALIDATED_RULE,,,,,,True,True,True,True,True,True,True,True,0.0,0.0,0.0,0.0,0.0,0.0,0.0,0.0,0.0,1.0,False,False,False,2,True,64.3,1.0,,,0,0,0,,64.3,0,,False,0.0,0.0,False,,False,True,,0
4,033780,KT&G,KOSPI,기타,187800,575.71,194956.0,0.0,,WAIT,WAIT,3,False,1,True,63.3,63.3,54.7,87.4,56.9,0.0,64.2,66.3,32.7,59.1,1.72,0.0,RR1.7 + 진입적정,0,187800.0,174000.0,211500.0,229500.0,,1.22,0.79,173325,31.35,특이사항 없음,5,-0.69,57.4,3.02,TIMING 강점,AI 보조,,스퀴즈/품질 대기,CRITICAL,75.3,담배 제조업,57571016600.0,62.4,8.72,1,1,1.46,4.74,2.23,5.51,23.15,32.63,1.95,-23.23,,0.0,0.0,1,7.2,0,1,1.16,0.87,0,0,0,1,1,168620.0,8.35,0.1451,False,O,▲,182900,▲,O,X,2.05,250,0,1,1,1,,enter,100.0,NORMAL+PM_BLOCK_INTRADAY+EF:정상,7.35,4.0,1.7,normal,7.0,v1_sl_first_gap_at_open,NORMAL+PM_BLOCK_INTRADAY+EF:정상,ATR_3.5x,45,RR_LEGACY,35,,0,0.0,담배 제조업,2.1077380952380955,-2.2075,9.0,0.03579035448045033,0.07398408012251773,0.22448979591836735,OK,56.9,OK,55.286660870665735,55.286660870665735,8,1,0.55,0.25,0.2,STRUCT+TIMING+AI+SECTOR,default,50,20260612,20260612,,63.3,63.3,63.3,46.38,-9.6,FRESH,0.351,elite_low_wr_0.35,True,0.426,True,MATURE,9296.0,1.717,0.849,0.849,0.0,0.0,,v22_calibrated,,,,,,,,True,12.6,,ELITE_SCORE,MATURE,9296,2.4.0,OK,,100.0,ATTACK,OK,OK,OK,OK,OK,OK,OK,0,7,True,True,True,,0,GREEN,,,90.0,BUY,1,,0,0,0,0,,0.0,S=55≥50,100.0,GREEN,,,0,False,0,BELOW_OFFICIAL_BAR,TOP_PICK=0,,35.0,IGNORE,IGNORE,FX_HIGH_REGIME,1,0,0,1,0,0,0,0,0,CLEAR,,,0,0,0,0,0.0,,,,,,,,,,REJECT_NO_VALIDATED_RULE,,,,,,True,True,True,True,True,True,True,True,0.0,0.0,0.0,0.0,0.0,0.0,0.0,0.0,0.0,1.0,False,False,False,0,True,64.2,1.0,,,0,0,0,,64.2,0,,False,0.0,0.0,False,,False,True,,0
5,001800,오리온홀딩스,KOSPI,금융,25900,78.54,16225.2,14.0,36.3,WAIT,WAIT,3,False,1,True,78.3,78.3,94.0,93.5,15.9,0.0,59.8,67.8,78.1,2.4,1.47,0.0,RR1.5 + 진입적정,0,25900.0,23150.0,29950.0,31850.0,,0.99,1.09,25408,4.68,특이사항 없음,5,3.69,55.4,1.29,STRUCT 강점,TIMING 보조,,스퀴즈/품질 대기,CRITICAL,75.3,기타 금융업,7854109675.0,66.8,16.5,1,0,-7.33,-0.19,2.98,11.88,7.02,22.46,8.32,-39.36,,0.052,0.052,1,12.0,0,0,1.52,0.41,0,0,0,1,1,22860.0,1.93,0.1456,False,O,▲,25972,▲,X,X,-1.25,250,0,1,1,1,34500.0,enter,100.0,SWING+PM_BLOCK_INTRADAY+EF:정상,10.62,5.0,1.5,normal,7.0,v1_sl_first_gap_at_open,SWING+PM_BLOCK_INTRADAY+EF:정상,SWING_20D,80,ATR_3.5x,45,FIBO_1.618,25,0.0,기타 금융업,1.90825,-1.16975,7.0,0.06536127964699394,0.04059287095200425,0.19047619047619047,OK,15.9,OK,61.74935736004436,61.74935736004436,10,1,0.55,0.25,0.2,STRUCT+TIMING+AI+SECTOR,default,50,20260612,20260612,,78.3,78.3,78.3,46.38,-9.6,FRESH,0.351,elite_low_wr_0.35,True,0.546,False,MATURE,9296.0,1.473,0.957,0.957,0.0363,362685.0,14.0,v22_calibrated,,,,,,,,True,15.6,,ELITE_SCORE,MATURE,9296,2.4.0,OK,,100.0,ATTACK,OK,OK,OK,OK,OK,OK,OK,0,7,True,True,True,,0,GREEN,,,80.0,BUY,1,전일 -7.3%,0,0,0,0,,0.0,S=94≥50,100.0,GREEN,,,0,False,0,ENTRY_READY_BUT_NOT_TOP_PICK,TOP_PICK=0,진입조건은 양호하나 공식 Top Pick 아님,65.0,ENTRY_CLEAN_OBSERVE,ENTRY_CLEAN_OBSERVE,FX_HIGH_REGIME,1,0,0,1,0,0,0,0,0,CLEAR,,,0,0,0,0,0.0,,,,,,,,,,REJECT_NO_VALIDATED_RULE,,,,,,True,True,True,True,True,True,True,True,0.0,0.0,0.0,0.0,0.0,0.0,0.0,0.0,0.0,1.0,False,False,False,0,True,59.8,1.0,,,0,0,0,,59.8,0,,False,0.0,0.0,False,,False,True,,0
6,009155,삼성전기우,KOSPI,기타,558000,408.39,16221.0,0.0,0.0,WAIT,WAIT,3,False,1,True,75.2,75.2,88.7,40.1,81.7,0.0,57.2,70.2,48.6,39.2,4.07,0.0,RR4.1 + 진입적정,0,558000.0,498500.0,800000.0,883000.0,,0.32,0.78,409701,328.48,특이사항 없음,0,50.95,58.0,3.85,STRUCT 강점,AI 보조,,추세 관망,CRITICAL,75.3,기타,40838927000.0,57.0,86.27,0,0,-2.11,-6.53,-5.26,40.55,223.67,330.56,36.99,177.29,,0.078,0.078,1,12.0,0,0,1.32,0.47,0,0,0,1,1,522375.0,36.2,-0.5788,False,O,▲,632041,▼,X,X,11.93,250,0,1,1,1,976000.0,split,50.0,SWING+PM_BLOCK_INTRADAY+EF:갭 7%+ 분할 진입+ENTRY:split,10.66,5.0,4.1,normal,7.0,v1_sl_first_gap_at_open,SWING+PM_BLOCK_INTRADAY+EF:갭 7%+ 분할 진입+ENTRY:split,SWING_20D,80,ATR_3.5x,45,FIBO_1.272,40,0.0,기타,2.1077380952380955,-2.2075,9.0,0.16634664618535586,0.02813202625514781,0.0,OK,81.7,OK,36.16194439715395,36.16194439715395,6,1,0.55,0.25,0.2,STRUCT+TIMING+AI+SECTOR,default,50,20260612,20260612,,75.2,75.2,75.2,46.38,-9.6,FRESH,0.351,,False,0.522,False,MATURE,9296.0,4.067,0.855,0.855,0.0,0.0,0.0,v22_calibrated,,,,,,,,True,43.4,,ELITE_SCORE,MATURE,9296,2.4.0,OK,,100.0,ATTACK,OK,OK,OK,OK,OK,OK,OK,0,7,True,True,True,,1,ORANGE,C_ORANGE,STRUCT < 90 + VWAP_GAP > 15% 강한 과열,50.0,WATCH,0,VWAP 36↑ · POC 328↑,0,1,1,0,,0.0,T=40<70 · S=89≥50,100.0,GREEN,,,0,False,0,BELOW_OFFICIAL_BAR,TOP_PICK=0,VWAP/POC 과열,30.0,IGNORE,IGNORE,FX_HIGH_REGIME,1,0,0,1,0,0,0,0,0,CLEAR,,,0,0,0,0,0.0,,,,,,,,,,REJECT_NO_VALIDATED_RULE,,,,,,True,True,True,True,True,True,True,True,0.0,0.0,0.0,0.0,0.0,0.0,0.0,0.0,0.0,1.0,False,False,False,2,True,57.2,1.0,,,0,0,0,,57.2,0,,False,0.0,0.0,False,,False,True,,0
7,005940,NH투자증권,KOSPI,서비스 기타,31750,341.68,113139.3,0.0,,WAIT,WAIT,3,False,1,True,52.0,52.0,38.6,70.1,66.1,0.0,54.9,58.3,31.5,60.6,1.02,0.0,RR1.0 + 진입적정,0,31750.0,27700.0,35900.0,39350.0,,0.12,0.91,33186,48.67,특이사항 없음,3,-1.86,49.4,0.97,TIMING 강점,AI 보조,,스퀴즈/품질 대기,CRITICAL,75.3,금융 지원 서비스업,34167962350.0,48.4,14.95,1,0,1.76,0.0,4.27,-5.37,0.0,53.38,-8.93,-46.38,,0.424,0.284,1,12.0,1,0,0.86,0.4,0,0,0,1,-1,35375.0,-4.33,0.181,False,X,▲,30716,▲,O,X,3.85,250,0,1,1,1,42600.0,enter,100.0,NORMAL+PM_BLOCK_INTRADAY+EF:정상,12.76,4.0,1.0,normal,7.0,v1_sl_first_gap_at_open,NORMAL+PM_BLOCK_INTRADAY+EF:정상,SWING_20D,80,SWING_60D,60,SWING_120D,45,0.0,금융 지원 서비스업,1.6329629629629632,-10.275925925925925,12.0,0.06130483689538807,-0.02953686713684901,0.2,OK,66.1,OK,54.08268910955978,54.08268910955978,6,1,0.55,0.25,0.2,STRUCT+TIMING+AI+SECTOR,default,50,20260612,20260612,,52.0,52.0,52.0,46.38,-9.6,FRESH,0.351,elite_low_wr_0.35,True,0.336,True,MATURE,9296.0,1.025,0.849,0.849,0.0,0.0,,v22_calibrated,,,,,,,,True,13.1,,ELITE_SCORE,MATURE,9296,2.4.0,OK,,100.0,ATTACK,OK,OK,OK,OK,OK,OK,OK,0,7,True,True,True,,0,GREEN,,,0.0,AVOID,0,RR 1.02 · POC 49↑,0,0,0,1,BASIC,60.0,T=70·S=39,100.0,GREEN,,,0,False,0,BELOW_OFFICIAL_BAR,TOP_PICK=0,,10.0,IGNORE,IGNORE,FX_HIGH_REGIME,1,0,0,1,0,0,0,0,0,CLEAR,,,0,0,0,0,0.0,,,,,,,,,,REJECT_NO_VALIDATED_RULE,,,,,,True,True,True,True,True,True,True,True,0.0,0.0,0.0,0.0,0.0,0.0,0.0,0.0,0.0,1.0,False,False,False,1,True,54.9,1.0,,,0,0,0,,54.9,0,,False,0.0,0.0,False,,False,True,,0
8,055550,신한지주,KOSPI,금융,99600,2259.52,472755.7,0.0,0.0,WAIT,WAIT,3,False,1,True,57.2,57.2,59.2,67.5,38.9,0.0,53.7,55.2,28.6,64.2,1.02,0.0,RR1.0 + 진입적정,0,99600.0,89600.0,109800.0,119000.0,,-0.3,1.35,96654,-0.09,특이사항 없음,0,0.77,55.1,3.06,TIMING 강점,STRUCT 보조,,추세 관망,CRITICAL,75.3,기타 금융업,225951703800.0,66.3,14.74,0,0,2.79,-7.35,7.33,4.62,10.67,29.18,1.06,-35.71,,0.204,0.204,0,11.1,1,1,1.07,0.46,0,0,0,1,1,92620.0,3.05,-0.1163,False,O,▲,100386,▲,X,X,2.58,250,0,1,1,1,123800.0,enter,100.0,NORMAL+PM_BLOCK_INTRADAY+EF:정상,10.04,4.0,1.0,normal,7.0,v1_sl_first_gap_at_open,NORMAL+PM_BLOCK_INTRADAY+EF:정상,SWING_20D,80,ATR_3.5x,45,FIBO_1.618,25,0.0,기타 금융업,1.90825,-1.16975,7.0,0.0554360298336202,0.3162919561642601,0.7397260273972602,OK,38.9,OK,66.8325819906925,66.8325819906925,6,1,0.55,0.25,0.2,STRUCT+TIMING+AI+SECTOR,default,50,20260612,20260612,,57.2,57.2,57.2,46.38,-9.6,FRESH,0.351,,False,0.378,True,MATURE,9296.0,1.02,0.849,0.849,0.0,0.0,0.0,v22_calibrated,,,,,,,,True,10.2,,ELITE_SCORE,MATURE,9296,2.4.0,OK,,100.0,ATTACK,OK,OK,OK,OK,OK,OK,OK,0,7,True,True,True,,0,GREEN,,,0.0,AVOID,0,RR 1.02,0,0,0,0,,0.0,T=68<70 · S=59≥50,100.0,GREEN,,,0,False,0,BELOW_OFFICIAL_BAR,TOP_PICK=0,,10.0,IGNORE,IGNORE,FX_HIGH_REGIME,1,0,0,1,0,0,0,0,0,CLEAR,,,0,0,0,0,0.0,,,,,,,,,,REJECT_NO_VALIDATED_RULE,,,,,,True,True,True,True,True,True,True,True,0.0,0.0,0.0,0.0,0.0,0.0,0.0,0.0,0.0,1.0,False,False,False,2,True,53.7,1.0,,,0,0,0,,53.7,0,,False,0.0,0.0,False,,False,True,,0
9,120110,코오롱인더,KOSPI,화학·소재,73800,339.0,22100.2,0.0,0.0,WAIT,WAIT,3,False,1,True,48.2,48.2,42.6,59.7,49.4,0.0,49.8,50.6,17.1,78.6,1.44,0.0,RR1.4 + 진입적정,0,73800.0,62700.0,89800.0,104900.0,,1.75,1.15,81475,59.97,특이사항 없음,0,-15.12,45.9,1.76,TIMING 강점,,저점 이탈,추세 관망,CRITICAL,75.3,화학섬유 제조업,33900198950.0,50.8,34.19,0,0,2.64,11.99,2.22,-13.89,3.65,63.64,-17.45,-42.73,,0.356,0.141,1,12.0,1,0,0.98,0.5,0,0,0,1,-1,74870.0,-9.42,0.7013,False,X,▲,64885,▲,O,X,5.01,250,0,1,1,1,,enter,100.0,NORMAL+PM_BLOCK_INTRADAY+EF:정상,15.04,5.0,1.4,normal,7.0,v1_sl_first_gap_at_open,NORMAL+PM_BLOCK_INTRADAY+EF:정상,SWING_20D,80,SWING_60D,60,,0,0.0,화학섬유 제조업,6.03945945945946,-4.1432432432432424,8.0,0.07384823848238482,-0.06629304893855974,0.5324675324675324,OK,49.4,OK,62.708756792578725,62.708756792578725,4,1,0.55,0.25,0.2,STRUCT+TIMING+AI+SECTOR,default,50,20260612,20260612,,48.2,48.2,48.2,46.38,-9.6,FRESH,0.351,,False,0.306,True,MATURE,9296.0,1.441,0.849,0.849,0.0,0.0,0.0,v22_calibrated,,,,,,,,True,21.7,,ELITE_SCORE,MATURE,9296,2.4.0,OK,,100.0,ATTACK,OK,OK,OK,OK,OK,OK,OK,0,7,True,True,True,,0,GREEN,,,90.0,BUY,1,POC 60↑,0,0,0,0,,0.0,T=60<70,100.0,GREEN,,,0,False,0,BELOW_OFFICIAL_BAR,TOP_PICK=0,,35.0,IGNORE,IGNORE,FX_HIGH_REGIME,1,0,0,1,0,0,0,0,0,CLEAR,,,0,0,0,0,0.0,,,,,,,,,,REJECT_NO_VALIDATED_RULE,,,,,,True,True,True,True,True,True,True,True,0.0,0.0,0.0,0.0,0.0,0.0,0.0,0.0,0.0,1.0,False,False,False,1,True,49.8,1.0,,,0,0,0,,49.8,0,,False,0.0,0.0,False,,False,True,,0
10,006220,제주은행,KOSPI,금융,12290,283.46,4645.4,0.0,0.0,WAIT,WAIT,3,False,1,True,54.4,54.4,47.9,44.0,85.2,0.0,49.8,59.0,41.2,48.5,1.02,0.0,RR1.0 + 진입적정,0,12290.0,10440.0,14170.0,16270.0,,0.44,1.05,12051,-24.42,특이사항 없음,0,-8.03,62.0,12.79,AI 강점,,5일 급등,추세 관망,CRITICAL,75.3,은행 및 저축기관,28345532085.0,87.3,32.3,0,0,0.16,15.07,19.67,5.77,-8.08,0.57,2.21,-54.46,,0.76,0.268,0,12.0,1,0,1.71,0.62,0,0,0,1,1,8431.0,1.98,0.6798,False,X,▼,11306,▲,O,X,-2.93,250,0,-1,1,1,16670.0,enter,100.0,NORMAL+PM_BLOCK_INTRADAY+EF:정상,15.05,6.0,1.0,normal,7.0,v1_sl_first_gap_at_open,NORMAL+PM_BLOCK_INTRADAY+EF:정상,SWING_20D,80,VP_RESISTANCE,65,ATR_3.5x,45,0.0,은행 및 저축기관,1.90825,-1.16975,7.0,0.10176682552597932,0.05801982290619999,0.5189873417721519,OK,85.2,OK,53.14236183029518,53.14236183029518,6,1,0.55,0.25,0.2,STRUCT+TIMING+AI+SECTOR,default,50,20260612,20260612,,54.4,54.4,54.4,46.38,-9.6,FRESH,0.351,,False,0.355,True,MATURE,9296.0,1.016,0.849,0.849,0.0,0.0,0.0,v22_calibrated,,,,,,,,True,15.3,,ELITE_SCORE,MATURE,9296,2.4.0,OK,,100.0,ATTACK,OK,OK,OK,OK,OK,OK,OK,0,7,True,True,True,,0,GREEN,,,0.0,AVOID,0,RR 1.02,0,0,0,0,,0.0,T=44<70 · MFI87>82,100.0,GREEN,,,0,False,0,BELOW_OFFICIAL_BAR,TOP_PICK=0,,10.0,IGNORE,IGNORE,FX_HIGH_REGIME,1,0,0,1,0,0,0,0,0,CLEAR,,,0,0,0,0,0.0,,,,,,,,,,REJECT_NO_VALIDATED_RULE,,,,,,True,True,True,True,True,True,True,True,0.0,0.0,0.0,0.0,0.0,0.0,0.0,0.0,0.0,1.0,False,False,False,1,True,49.8,1.0,,,0,0,0,,49.8,0,,False,0.0,0.0,False,,False,True,,0
11,085910,네오티스,KOSDAQ,자동차·모빌리티,28950,67.75,3993.6,0.0,0.0,WAIT,WAIT,3,False,1,True,53.4,53.4,60.1,59.7,27.0,0.0,47.4,48.9,33.1,58.6,1.69,0.0,RR1.7 + 진입적정,0,28950.0,24600.0,36300.0,41550.0,,0.22,1.03,25595,230.29,특이사항 없음,5,10.43,54.7,-1.03,STRUCT 강점,TIMING 보조,,추세 관망,CRITICAL,75.3,자동차 신품 부품 제조업,6774970250.0,72.5,30.19,1,0,-2.2,-4.77,-8.39,-6.91,68.8,270.2,5.65,78.4,,0.048,0.048,1,12.0,0,0,1.09,0.43,0,0,0,0,1,24215.0,13.11,-0.0542,False,O,▲,29495,▼,X,X,5.57,250,0,1,1,1,48450.0,enter,100.0,NORMAL+PM_BLOCK_INTRADAY+EF:정상,15.03,6.0,1.7,normal,7.0,v1_sl_first_gap_at_open,NORMAL+PM_BLOCK_INTRADAY+EF:정상,SWING_20D,80,ATR_3.5x,45,FIBO_1.618,25,0.0,자동차 신품 부품 제조업,9.936315789473685,2.4005263157894725,3.0,0.12398223538119911,-0.0001778736995509022,0.01639344262295082,OK,27.0,OK,33.8949807803821,33.8949807803821,6,1,0.55,0.25,0.2,STRUCT+TIMING+AI+SECTOR,default,50,20260612,20260612,,53.4,53.4,53.4,46.38,-9.6,FRESH,0.351,,False,0.347,True,MATURE,9296.0,1.69,0.849,0.849,0.0,0.0,0.0,v22_calibrated,,,,,,,,True,25.4,,ELITE_SCORE,MATURE,9296,2.4.0,OK,,100.0,ATTACK,OK,OK,OK,OK,OK,OK,OK,0,7,True,True,True,,0,GREEN,,,75.0,BUY,1,POC 230↑,0,1,0,0,,0.0,T=60<70 · S=60≥50,100.0,GREEN,,,0,False,0,BELOW_OFFICIAL_BAR,TOP_PICK=0,VWAP/POC 과열,35.0,IGNORE,IGNORE,FX_HIGH_REGIME,1,0,0,1,0,0,0,0,0,CLEAR,,,0,0,0,0,0.0,,,,,,,,,,REJECT_NO_VALIDATED_RULE,,,,,,True,True,True,True,False,True,True,True,0.0,0.0,0.0,0.0,20.0,0.0,0.0,0.0,20.0,1.0,False,True,False,3,False,27.4,0.578,G5추세붕괴3축,,0,0,0,,27.4,0,,False,0.0,0.0,False,,False,True,,0
12,000430,대원강업,KOSPI,자동차·모빌리티,5060,75.4,3137.2,0.0,0.0,WAIT,WAIT,3,False,1,True,61.7,61.7,77.5,60.7,19.6,0.0,47.4,52.6,57.9,27.6,1.5,0.0,RR1.5 + 진입적정,0,5060.0,4300.0,6200.0,6860.0,,0.05,1.22,4908,-2.25,특이사항 없음,0,10.29,59.8,7.48,STRUCT 강점,TIMING 보조,,추세 관망,CRITICAL,75.3,자동차 신품 부품 제조업,7540419850.0,43.4,35.0,0,0,2.33,6.19,6.41,21.2,28.1,27.3,17.64,-18.28,,0.153,0.153,0,12.0,1,0,1.03,0.47,0,0,0,1,1,4070.5,3.08,0.0582,False,O,▲,5232,▲,X,X,1.92,250,0,1,1,1,7680.0,enter,100.0,NORMAL+PM_BLOCK_INTRADAY+EF:정상,15.02,6.0,1.5,normal,7.0,v1_sl_first_gap_at_open,NORMAL+PM_BLOCK_INTRADAY+EF:정상,SWING_20D,80,ATR_3.5x,45,FIBO_1.618,25,0.0,자동차 신품 부품 제조업,9.936315789473685,2.4005263157894725,3.0,0.10156691134952005,-0.020498890756892617,0.9302325581395349,OK,19.6,OK,47.47522878452823,47.47522878452823,6,1,0.55,0.25,0.2,STRUCT+TIMING+AI+SECTOR,default,50,20260612,20260612,,61.7,61.7,61.7,46.38,-9.6,FRESH,0.351,,False,0.414,True,MATURE,9296.0,1.5,0.849,0.849,0.0,0.0,0.0,v22_calibrated,,,,,,,,True,22.5,,ELITE_SCORE,MATURE,9296,2.4.0,OK,,100.0,ATTACK,OK,OK,OK,OK,OK,OK,OK,0,7,True,True,True,,0,GREEN,,,100.0,BUY,1,,0,0,0,0,,0.0,T=61<70 · S=78≥50,100.0,GREEN,,,0,False,0,ENTRY_READY_BUT_NOT_TOP_PICK,TOP_PICK=0,진입조건은 양호하나 공식 Top Pick 아님,50.0,ENTRY_CLEAN_OBSERVE,ENTRY_CLEAN_OBSERVE,FX_HIGH_REGIME,1,0,0,1,0,0,0,0,0,CLEAR,,,0,0,0,0,0.0,,,,,,,,,,REJECT_NO_VALIDATED_RULE,,,,,,True,True,True,True,True,True,True,True,0.0,0.0,0.0,0.0,0.0,0.0,0.0,0.0,0.0,1.0,False,False,False,1,True,47.4,1.0,,,0,0,0,,47.4,0,,False,0.0,0.0,False,,False,True,,0
13,108490,로보티즈,KOSDAQ,조선·기계·설비,330000,2723.63,48368.2,0.0,0.0,WAIT,WAIT,3,False,1,True,70.6,70.6,91.4,24.5,70.9,0.0,46.8,62.3,66.9,16.4,2.71,0.2,RR2.7 + 진입적정,0,330500.0,280500.0,464000.0,492000.0,,0.41,1.94,316469,24.65,특이사항 없음,0,3.04,54.0,4.9,STRUCT 강점,AI 보조,,추세 관망,CRITICAL,75.3,특수 목적용 기계 제조업,272362886000.0,69.4,48.27,0,0,15.18,2.96,12.82,-7.17,32.53,9.45,5.39,42.13,,0.163,0.163,1,12.0,1,0,1.27,0.38,52470,-330,52140,1,-1,425100.0,4.28,-0.2534,False,O,▲,312671,▼,O,X,10.3,250,0,1,1,1,529000.0,hold,0.0,NORMAL+PM_BLOCK_INTRADAY+EF:당일 15%+ 급등 진입 보류+ENTRY:hold,15.13,5.0,2.7,normal,7.0,v1_sl_first_gap_at_open,NORMAL+PM_BLOCK_INTRADAY+EF:당일 15%+ 급등 진입 보류+ENTRY:hold,SWING_20D,80,ATR_3.5x,45,FIBO_1.272,40,0.0,특수 목적용 기계 제조업,9.421739130434784,5.0392753623188415,2.0,0.13982683982683983,0.008600466063395032,0.7053571428571429,OK,70.9,OK,22.5,22.5,6,1,0.55,0.25,0.2,STRUCT+TIMING+AI+SECTOR,default,50,20260612,20260612,,70.6,70.6,70.6,46.38,-9.6,FRESH,0.351,,False,0.485,False,MATURE,9296.0,2.67,0.849,0.849,0.0,0.0,0.0,v22_calibrated,,,,,,,,True,40.6,,ELITE_SCORE,MATURE,9296,2.4.0,OK,,100.0,ATTACK,OK,OK,OK,OK,OK,OK,OK,0,7,True,True,True,,0,GREEN,,,90.0,BUY,1,,0,0,0,0,,0.0,T=24<70 · S=91≥50,100.0,GREEN,,,0,False,0,ENTRY_READY_BUT_NOT_TOP_PICK,TOP_PICK=0,진입조건은 양호하나 공식 Top Pick 아님,58.0,ENTRY_CLEAN_OBSERVE,ENTRY_CLEAN_OBSERVE,FX_HIGH_REGIME,1,0,0,1,0,0,0,0,0,CLEAR,,,0,0,0,0,0.0,,,,,,,,,,REJECT_NO_VALIDATED_RULE,,,,,,True,True,True,True,False,True,True,True,0.0,0.0,0.0,0.0,20.0,0.0,0.0,0.0,20.0,1.0,False,True,False,3,False,26.8,0.573,G5추세붕괴3축,,0,0,0,,26.8,0,,False,0.0,0.0,False,,False,True,,0
14,052710,아모텍,KOSDAQ,IT/전기전자,27200,190.6,3974.6,0.0,0.0,WAIT,WAIT,3,False,1,True,63.2,63.2,82.3,47.7,30.1,0.0,46.7,53.4,52.2,34.8,2.13,0.0,RR2.1 + 진입적정,0,27200.0,23100.0,35950.0,37850.0,,0.52,0.5,23019,88.12,특이사항 없음,0,29.89,61.9,14.21,STRUCT 강점,,,추세 관망,CRITICAL,75.3,전자부품 제조업,19059541300.0,62.9,72.31,0,0,-1.63,12.86,-9.93,31.4,111.02,194.05,43.96,120.62,,0.08,0.08,1,12.0,1,0,1.25,0.57,0,0,0,1,-1,36298.0,18.16,0.1517,False,O,▲,25874,▼,O,X,4.88,250,0,1,1,1,45850.0,enter,100.0,NORMAL+PM_BLOCK_INTRADAY+EF:정상,15.07,6.0,2.1,normal,7.0,v1_sl_first_gap_at_open,NORMAL+PM_BLOCK_INTRADAY+EF:정상,SWING_20D,80,ATR_2x,70,ATR_3.5x,45,0.0,전자부품 제조업,0.10229729729729745,3.253243243243243,5.0,0.19558823529411765,0.14670254869605248,0.4473684210526316,OK,30.1,OK,35.0,35.0,8,1,0.55,0.25,0.2,STRUCT+TIMING+AI+SECTOR,default,50,20260612,20260612,,63.2,63.2,63.2,46.38,-9.6,FRESH,0.351,,False,0.426,True,MATURE,9296.0,2.134,0.849,0.849,0.0,0.0,0.0,v22_calibrated,,,,,,,,True,32.2,,ELITE_SCORE,MATURE,9296,2.4.0,OK,,100.0,ATTACK,OK,OK,OK,OK,OK,OK,OK,0,7,True,True,True,,1,RED,B_RED,STRUCT 70~85 위험 구간 + VWAP_GAP > 8% 과열,60.0,WATCH,0,POC 88↑,0,1,1,0,,0.0,T=48<70 · S=82≥50,85.0,CAUTION,B_RED_SHADOW,B_red shadow 감점 -15: STRUCT 70~85 + VWAP_GAP>8 위험 조합 · 공식 매수 차단 아님,1,False,0,BELOW_OFFICIAL_BAR,TOP_PICK=0,VWAP/POC 과열,15.0,IGNORE,IGNORE,FX_HIGH_REGIME,1,0,0,1,0,0,0,0,0,CLEAR,,,0,0,0,0,0.0,,,,,,,,,,REJECT_NO_VALIDATED_RULE,,,,,,True,True,True,True,True,True,True,True,0.0,0.0,0.0,0.0,0.0,0.0,0.0,0.0,0.0,1.0,False,False,False,2,True,46.7,1.0,,,0,0,0,,46.7,0,,False,0.0,0.0,False,,False,True,,0
15,090710,휴림로봇,KOSDAQ,조선·기계·설비,11730,1298.99,14012.3,0.0,0.0,WAIT,WAIT,3,False,1,True,51.9,51.9,54.7,70.8,20.5,0.0,46.7,48.7,50.3,37.1,1.68,0.0,RR1.7 + 진입적정,0,11730.0,9970.0,14690.0,15450.0,,1.84,1.24,12613,-19.24,특이사항 없음,0,-12.18,51.0,4.31,TIMING 강점,STRUCT 보조,5일 급등,추세 관망,CRITICAL,75.3,특수 목적용 기계 제조업,129898599900.0,63.3,30.19,0,0,1.65,15.23,9.73,-8.07,-1.92,106.88,4.49,7.68,,0.578,0.181,0,12.0,0,0,2.72,0.48,0,0,0,1,-1,12812.0,-7.01,0.5303,False,X,▼,10466,▲,O,X,0.61,248,0,-1,1,1,26600.0,enter,100.0,NORMAL+PM_BLOCK_INTRADAY+EF:정상,15.0,5.0,1.7,normal,7.0,v1_sl_first_gap_at_open,NORMAL+PM_BLOCK_INTRADAY+EF:정상,SWING_20D,80,SWING_60D,60,SWING_120D,45,0.0,특수 목적용 기계 제조업,9.421739130434784,5.0392753623188415,2.0,0.09024479356960176,-0.0009481111791632985,0.625,OK,20.5,OK,70.0,70.0,6,1,0.55,0.25,0.2,STRUCT+TIMING+AI+SECTOR,default,50,20260612,20260612,,51.9,51.9,51.9,46.38,-9.6,FRESH,0.351,,False,0.335,True,MATURE,9296.0,1.682,0.849,0.849,0.0,0.0,0.0,v22_calibrated,,,,,,,,True,25.2,,ELITE_SCORE,MATURE,9296,2.4.0,OK,,100.0,ATTACK,OK,OK,OK,OK,OK,OK,OK,0,7,True,True,True,,0,GREEN,,,100.0,BUY,1,,0,0,0,0,,0.0,S=55≥50,100.0,GREEN,,,0,False,0,ENTRY_READY_BUT_NOT_TOP_PICK,TOP_PICK=0,진입조건은 양호하나 공식 Top Pick 아님,50.0,ENTRY_CLEAN_OBSERVE,ENTRY_CLEAN_OBSERVE,FX_HIGH_REGIME,1,0,0,1,0,0,0,0,0,CLEAR,,,0,0,0,0,0.0,,,,,,,,,,REJECT_NO_VALIDATED_RULE,,,,,,True,True,True,True,True,True,True,True,0.0,0.0,0.0,0.0,0.0,0.0,0.0,0.0,0.0,1.0,False,False,False,2,True,46.7,1.0,,,0,0,0,,46.7,0,,False,0.0,0.0,False,,False,True,,0
16,009150,삼성전기,KOSPI,IT/전기전자,1714000,35439.31,1280249.9,0.0,0.0,WAIT,WAIT,3,False,1,True,64.9,64.9,85.3,60.8,13.8,0.0,46.3,53.3,71.5,10.6,1.85,0.0,RR1.9 + 진입적정,0,1714000.0,1456000.0,2192000.0,2306000.0,,0.22,1.23,1146029,482.87,특이사항 없음,0,67.97,62.6,10.28,STRUCT 강점,TIMING 보조,,추세 관망,CRITICAL,75.3,전자부품 제조업,3543930831539.0,57.0,96.65,0,0,-5.04,-2.45,-7.3,66.57,315.01,535.99,63.01,268.63,,0.12,0.12,1,12.0,0,0,1.29,0.62,317090,-181684,135406,1,1,1453800.0,49.56,-0.5172,False,O,▲,1935036,▼,X,X,8.86,250,0,1,1,1,2539000.0,split,50.0,NORMAL+PM_BLOCK_INTRADAY+EF:갭 7%+ 분할 진입+ENTRY:split,15.05,4.0,1.9,normal,7.0,v1_sl_first_gap_at_open,NORMAL+PM_BLOCK_INTRADAY+EF:갭 7%+ 분할 진입+ENTRY:split,SWING_20D,80,BB_UPPER,75,ATR_3.5x,45,0.0,전자부품 제조업,0.10229729729729745,3.253243243243243,5.0,0.13743957326221037,0.05101026045950323,0.08754208754208755,OK,13.8,OK,52.75401943444605,52.75401943444605,6,1,0.55,0.25,0.2,STRUCT+TIMING+AI+SECTOR,default,50,20260612,20260612,,64.9,64.9,64.9,46.38,-9.6,FRESH,0.351,,False,0.439,True,MATURE,9296.0,1.853,0.849,0.849,0.0,0.0,0.0,v22_calibrated,,,,,,,,True,27.9,,ELITE_SCORE,MATURE,9296,2.4.0,OK,,100.0,ATTACK,OK,OK,OK,OK,OK,OK,OK,0,7,True,True,True,,1,ORANGE,C_ORANGE,STRUCT < 90 + VWAP_GAP > 15% 강한 과열,15.0,AVOID,0,전일 -5.0% · VWAP 50↑ · POC 483↑,0,1,0,0,,0.0,T=61<70 · S=85≥50,100.0,GREEN,,,0,False,0,BELOW_OFFICIAL_BAR,TOP_PICK=0,VWAP/POC 과열,15.0,IGNORE,IGNORE,FX_HIGH_REGIME,1,0,0,1,0,0,0,0,0,CLEAR,,,0,0,0,0,0.0,,,,,,,,,,REJECT_NO_VALIDATED_RULE,,,,,,True,True,True,True,True,True,True,True,0.0,0.0,0.0,0.0,0.0,0.0,0.0,0.0,0.0,1.0,False,False,False,2,True,46.3,1.0,,,0,0,0,,46.3,0,,False,0.0,0.0,False,,False,True,,0
17,011790,SKC,KOSPI,화학·소재,140300,1008.4,69586.4,0.0,,WAIT,WAIT,3,False,1,True,49.5,49.5,51.0,64.9,26.2,0.0,46.1,47.4,38.7,51.6,1.93,0.0,RR1.9 + 진입적정,0,140300.0,119200.0,181000.0,204000.0,,0.1,0.76,138643,33.45,특이사항 없음,5,-2.99,51.3,0.87,TIMING 강점,STRUCT 보조,,스퀴즈/품질 대기,CRITICAL,75.3,기타 화학제품 제조업,100840399400.0,72.3,26.91,1,0,0.21,-1.41,2.26,-2.64,52.94,31.63,-6.2,6.56,,0.278,0.248,1,12.0,1,0,1.24,0.37,0,0,0,1,-1,174090.0,1.19,-0.0123,False,O,▲,136888,▼,O,X,3.86,250,0,1,1,1,211500.0,enter,100.0,NORMAL+PM_BLOCK_INTRADAY+EF:정상,15.04,4.0,1.9,normal,7.0,v1_sl_first_gap_at_open,NORMAL+PM_BLOCK_INTRADAY+EF:정상,SWING_20D,80,ATR_3.5x,45,FIBO_1.272,40,0.0,기타 화학제품 제조업,6.03945945945946,-4.1432432432432424,8.0,0.12890744323388656,0.11967948199127565,0.1111111111111111,OK,26.2,OK,49.40767808983603,49.40767808983603,6,1,0.55,0.25,0.2,STRUCT+TIMING+AI+SECTOR,default,50,20260612,20260612,,49.5,49.5,49.5,46.38,-9.6,FRESH,0.351,elite_low_wr_0.35,True,0.316,True,MATURE,9296.0,1.929,0.849,0.849,0.0,0.0,,v22_calibrated,,,,,,,,True,29.0,,ELITE_SCORE,MATURE,9296,2.4.0,OK,,100.0,ATTACK,OK,OK,OK,OK,OK,OK,OK,0,7,True,True,True,,0,GREEN,,,90.0,BUY,1,,0,0,0,0,,0.0,T=65<70 · S=51≥50,100.0,GREEN,,,0,False,0,BELOW_OFFICIAL_BAR,TOP_PICK=0,,35.0,IGNORE,IGNORE,FX_HIGH_REGIME,1,0,0,1,0,0,0,0,0,CLEAR,,,0,0,0,0,0.0,,,,,,,,,,REJECT_NO_VALIDATED_RULE,,,,,,True,True,True,True,False,True,True,True,0.0,0.0,0.0,0.0,20.0,0.0,0.0,0.0,20.0,1.0,False,True,False,3,False,26.1,0.566,G5추세붕괴3축,,0,0,0,,26.1,0,,False,0.0,0.0,False,,False,True,,0
18,000810,삼성화재,KOSPI,금융,654000,805.99,291994.5,0.0,0.0,WAIT,WAIT,3,False,1,True,64.6,64.6,85.9,55.7,17.4,0.0,45.7,53.0,68.5,14.4,1.17,0.0,RR1.2 + 진입적정,0,654000.0,566000.0,757000.0,825000.0,,0.12,0.54,532645,31.96,특이사항 없음,0,8.57,61.7,8.19,STRUCT 강점,TIMING 보조,,추세 관망,CRITICAL,75.3,보험업,80598831500.0,62.8,37.67,0,0,-1.36,-5.9,16.79,31.33,40.65,3.81,27.77,-5.73,,0.033,0.033,1,12.0,0,0,1.02,0.6,0,0,0,1,1,582500.0,22.78,-0.4395,False,O,▲,684450,▲,X,X,3.32,250,0,1,1,1,849000.0,enter,100.0,NORMAL+PM_BLOCK_INTRADAY+EF:정상,13.46,4.0,1.2,normal,7.0,v1_sl_first_gap_at_open,NORMAL+PM_BLOCK_INTRADAY+EF:정상,SWING_20D,80,ATR_3.5x,45,FIBO_1.272,40,0.0,보험업,1.90825,-1.16975,7.0,0.07437745740498035,0.22660249655044956,0.20833333333333334,OK,17.4,OK,36.92634256505572,36.92634256505572,4,1,0.55,0.25,0.2,STRUCT+TIMING+AI+SECTOR,default,50,20260612,20260612,,64.6,64.6,64.6,46.38,-9.6,FRESH,0.351,,False,0.437,True,MATURE,9296.0,1.17,0.849,0.849,0.0,0.0,0.0,v22_calibrated,,,,,,,,True,15.7,,ELITE_SCORE,MATURE,9296,2.4.0,OK,,100.0,ATTACK,OK,OK,OK,OK,OK,OK,OK,0,7,True,True,True,,1,ORANGE,C_ORANGE,STRUCT < 90 + VWAP_GAP > 15% 강한 과열,80.0,BUY,1,VWAP 23↑,0,0,0,0,,0.0,T=56<70 · S=86≥50,100.0,GREEN,,,0,False,0,BELOW_OFFICIAL_BAR,TOP_PICK=0,,30.0,IGNORE,IGNORE,FX_HIGH_REGIME,1,0,0,1,0,0,0,0,0,CLEAR,,,0,0,0,0,0.0,,,,,,,,,,REJECT_NO_VALIDATED_RULE,,,,,,True,True,True,True,True,True,True,True,0.0,0.0,0.0,0.0,0.0,0.0,0.0,0.0,0.0,1.0,False,False,False,1,True,45.7,1.0,,,0,0,0,,45.7,0,,False,0.0,0.0,False,,False,True,,0
19,356860,티엘비,KOSDAQ,IT/전기전자,100200,402.31,9852.3,0.0,0.0,WAIT,WAIT,3,False,1,True,47.8,47.8,50.9,57.7,27.1,0.0,44.3,45.2,30.6,61.8,2.27,0.0,RR2.3 + 진입적정,0,100200.0,85100.0,134500.0,151900.0,,-0.48,1.64,81449,75.67,특이사항 없음,0,6.52,49.8,-3.89,TIMING 강점,STRUCT 보조,,추세 관망,CRITICAL,75.3,전자부품 제조업,40230676350.0,52.4,39.89,0,0,-5.56,-6.09,-16.98,-1.51,79.12,64.87,11.05,88.72,,0.069,0.063,1,12.0,0,0,1.04,0.3,0,0,0,0,1,90728.6,23.02,0.0205,False,O,▲,99830,▼,O,X,6.5,250,0,1,1,1,155900.0,enter,100.0,NORMAL+PM_BLOCK_INTRADAY+EF:정상,15.07,5.0,2.3,normal,7.0,v1_sl_first_gap_at_open,NORMAL+PM_BLOCK_INTRADAY+EF:정상,SWING_20D,80,ATR_3.5x,45,FIBO_1.272,40,0.0,전자부품 제조업,0.10229729729729745,3.253243243243243,5.0,0.1473495865412033,-0.01436004325237119,0.020134228187919462,OK,27.1,OK,48.08067330224646,48.08067330224646,6,1,0.55,0.25,0.2,STRUCT+TIMING+AI+SECTOR,default,50,20260612,20260612,,47.8,47.8,47.8,46.38,-9.6,FRESH,0.351,,False,0.302,True,MATURE,9296.0,2.272,0.849,0.849,0.0,0.0,0.0,v22_calibrated,,,,,,,,True,34.2,,ELITE_SCORE,MATURE,9296,2.4.0,OK,,100.0,ATTACK,OK,OK,OK,OK,OK,OK,OK,0,7,True,True,True,,1,ORANGE,C_ORANGE,STRUCT < 90 + VWAP_GAP > 15% 강한 과열,50.0,WATCH,0,전일 -5.6% · VWAP 23↑ · POC 76↑,0,0,1,0,,0.0,T=58<70 · S=51≥50,100.0,GREEN,,,0,False,0,BELOW_OFFICIAL_BAR,TOP_PICK=0,,15.0,IGNORE,IGNORE,FX_HIGH_REGIME,1,0,0,1,0,0,0,0,0,CLEAR,,,0,0,0,0,0.0,,,,,,,,,,REJECT_NO_VALIDATED_RULE,,,,,,True,True,True,True,True,True,True,True,0.0,0.0,0.0,0.0,0.0,0.0,0.0,0.0,0.0,1.0,False,False,False,2,True,44.3,1.0,,,0,0,0,,44.3,0,,False,0.0,0.0,False,,False,True,,0
20,347850,디앤디파마텍,KOSDAQ,기타,87500,1392.27,38328.6,0.0,0.0,WAIT,WAIT,3,False,1,True,62.9,62.9,85.7,36.4,33.4,0.0,43.8,51.8,52.3,34.6,2.06,0.0,RR2.1 + 진입적정,0,87500.0,74300.0,114700.0,136200.0,,-0.24,0.9,84977,-3.69,특이사항 없음,0,36.08,60.7,8.14,STRUCT 강점,,,추세 관망,CRITICAL,75.3,자연과학 및 공학 연구개발업,139227214200.0,67.4,71.21,0,0,-7.31,-5.2,-18.6,28.3,-0.11,-0.91,40.86,9.49,,0.624,0.576,0,12.0,1,0,1.35,0.53,0,0,0,1,-1,125410.0,2.97,-0.1602,False,O,▲,92336,▼,X,X,1.59,250,0,1,-1,1,150300.0,enter,100.0,NORMAL+PM_BLOCK_INTRADAY+EF:정상,15.09,5.0,2.1,normal,7.0,v1_sl_first_gap_at_open,NORMAL+PM_BLOCK_INTRADAY+EF:정상,SWING_20D,80,ATR_3.5x,45,FIBO_1.618,25,0.0,자연과학 및 공학 연구개발업,2.1077380952380955,-2.2075,9.0,0.15877551020408165,0.023485769832064435,0.11578947368421053,OK,33.4,OK,50.7930016007858,50.7930016007858,6,1,0.55,0.25,0.2,STRUCT+TIMING+AI+SECTOR,default,50,20260612,20260612,,62.9,62.9,62.9,46.38,-9.6,FRESH,0.351,,False,0.423,True,MATURE,9296.0,2.061,0.849,0.849,0.0,0.0,0.0,v22_calibrated,,,,,,,,True,31.1,,ELITE_SCORE,MATURE,9296,2.4.0,OK,,100.0,ATTACK,OK,OK,OK,OK,OK,OK,OK,0,7,True,True,True,,0,GREEN,,,80.0,BUY,1,전일 -7.3%,0,0,0,0,,0.0,T=36<70 · S=86≥50,100.0,GREEN,,,0,False,0,ENTRY_READY_BUT_NOT_TOP_PICK,TOP_PICK=0,진입조건은 양호하나 공식 Top Pick 아님,50.0,ENTRY_CLEAN_OBSERVE,ENTRY_CLEAN_OBSERVE,FX_HIGH_REGIME,1,0,0,1,0,0,0,0,0,CLEAR,,,0,0,0,0,0.0,,,,,,,,,,REJECT_NO_VALIDATED_RULE,,,,,,True,True,True,True,False,True,True,True,0.0,0.0,0.0,0.0,20.0,0.0,0.0,0.0,20.0,1.0,False,True,False,4,False,23.8,0.543,G5추세붕괴4축,,0,0,0,,23.8,0,,False,0.0,0.0,False,,False,True,,0
21,348370,엔켐,KOSDAQ,화학·소재,34950,78.63,7657.9,0.0,0.0,WAIT,WAIT,3,False,1,True,40.4,40.4,29.2,48.1,61.7,0.0,42.1,46.3,32.5,59.4,1.15,0.0,RR1.1 + 진입적정,0,34950.0,29700.0,41000.0,57900.0,,0.85,1.11,40987,-2.88,특이사항 없음,0,-9.22,50.3,0.49,AI 강점,,저점 이탈,추세 관망,CRITICAL,75.3,기초 화학물질 제조업,7863051375.0,48.3,27.19,0,0,0.14,5.75,-1.13,-7.91,-37.59,-48.68,4.65,-27.99,,0.968,0.217,0,12.0,1,0,2.67,0.49,0,0,0,1,-1,41065.0,-14.73,0.2908,False,X,▼,32169,▲,O,X,0.43,250,0,-1,-1,1,105000.0,enter,100.0,NORMAL+PM_BLOCK_INTRADAY+EF:정상,15.02,5.0,1.2,normal,7.0,v1_sl_first_gap_at_open,NORMAL+PM_BLOCK_INTRADAY+EF:정상,SWING_20D,80,SWING_60D,60,SWING_120D,45,0.0,기초 화학물질 제조업,6.03945945945946,-4.1432432432432424,8.0,0.10218679746576742,0.017665268170756556,0.4,OK,61.7,OK,61.2928460451181,61.2928460451181,6,1,0.55,0.25,0.2,STRUCT+TIMING+AI+SECTOR,default,50,20260612,20260612,,40.4,40.4,40.4,46.38,-9.6,FRESH,0.351,,False,0.3,True,MATURE,9296.0,1.152,0.849,0.849,0.0,0.0,0.0,v22_calibrated,,,,,,,,True,17.3,,ELITE_SCORE,MATURE,9296,2.4.0,OK,,100.0,ATTACK,OK,OK,OK,OK,OK,OK,OK,0,7,True,True,True,,0,GREEN,,,90.0,BUY,1,,0,0,0,0,,0.0,T=48<70,100.0,GREEN,,,0,False,0,BELOW_OFFICIAL_BAR,TOP_PICK=0,,30.0,IGNORE,IGNORE,FX_HIGH_REGIME,1,0,0,1,0,0,0,0,0,CLEAR,,,0,0,0,0,0.0,,,,,,,,,,REJECT_NO_VALIDATED_RULE,,,,,,True,True,True,True,True,True,True,True,0.0,0.0,0.0,0.0,0.0,0.0,0.0,0.0,0.0,1.0,False,False,False,2,True,42.1,1.0,,,0,0,0,,42.1,0,,False,0.0,0.0,False,,False,True,,0
22,358570,지아이이노베이션,KOSDAQ,기타,11870,171.87,7627.9,0.0,0.0,WAIT,WAIT,3,False,1,True,43.1,43.1,33.7,39.4,73.4,0.0,41.6,48.8,39.7,50.4,2.25,0.0,RR2.2 + 진입적정,0,11870.0,10080.0,15900.0,17300.0,,-0.48,1.36,13904,-14.1,특이사항 없음,0,6.85,51.1,-7.56,AI 강점,,,추세 관망,CRITICAL,75.3,자연과학 및 공학 연구개발업,17187166175.0,63.4,48.47,0,0,-14.11,-3.73,-25.35,-11.29,-12.78,-41.67,1.27,-3.18,,0.967,0.128,0,12.0,1,0,1.32,0.31,0,0,0,0,1,10283.0,-14.63,0.2212,False,X,▼,12241,▼,X,X,1.59,250,0,-1,-1,1,18680.0,enter,100.0,NORMAL+PM_BLOCK_INTRADAY+EF:정상,15.08,5.0,2.3,normal,7.0,v1_sl_first_gap_at_open,NORMAL+PM_BLOCK_INTRADAY+EF:정상,SWING_20D,80,SWING_60D,60,ATR_3.5x,45,0.0,자연과학 및 공학 연구개발업,2.1077380952380955,-2.2075,9.0,0.16385846672283066,0.20846575016198512,0.08823529411764706,OK,73.4,OK,44.5,44.5,8,1,0.55,0.25,0.2,STRUCT+TIMING+AI+SECTOR,default,50,20260612,20260612,,43.1,43.1,43.1,46.38,-9.6,FRESH,0.351,,False,0.3,True,MATURE,9296.0,2.251,0.849,0.849,0.0,0.0,0.0,v22_calibrated,,,,,,,,True,34.0,,ELITE_SCORE,MATURE,9296,2.4.0,OK,,100.0,ATTACK,OK,OK,OK,OK,OK,OK,OK,0,7,True,True,True,,0,GREEN,,,70.0,BUY,1,전일 -14.1%,0,0,0,0,,0.0,T=39<70,100.0,GREEN,,,0,False,0,ENTRY_READY_BUT_NOT_TOP_PICK,TOP_PICK=0,진입조건은 양호하나 공식 Top Pick 아님,50.0,ENTRY_CLEAN_OBSERVE,ENTRY_CLEAN_OBSERVE,FX_HIGH_REGIME,1,0,0,1,0,0,0,0,0,CLEAR,,,0,0,0,0,0.0,,,,,,,,,,REJECT_NO_VALIDATED_RULE,,,,,,True,True,True,True,False,True,True,True,0.0,0.0,0.0,0.0,20.0,0.0,0.0,0.0,20.0,1.0,False,True,False,3,False,21.6,0.519,G5추세붕괴3축,,0,0,0,,21.6,0,,False,0.0,0.0,False,,False,True,,0
23,307950,현대오토에버,KOSPI,IT/전기전자,684000,1661.0,187580.0,0.0,0.0,WAIT,WAIT,3,False,1,True,56.6,56.6,67.6,20.6,71.1,0.0,41.4,53.1,50.5,36.9,3.71,0.0,RR3.7 + 진입적정,0,684000.0,581000.0,1066000.0,1259000.0,,-0.74,0.71,633788,43.65,특이사항 없음,0,20.54,54.2,-4.96,AI 강점,STRUCT 보조,,추세 관망,CRITICAL,75.3,소프트웨어 개발 및 공급업,166100284500.0,72.3,65.45,0,0,-3.66,-18.18,-8.31,-2.15,62.86,128.76,-5.71,16.48,,0.067,0.056,1,12.0,0,0,1.85,0.3,0,0,0,0,-1,1048800.0,7.92,-0.9739,False,O,▲,783492,▼,X,X,4.51,250,0,1,1,1,1505000.0,enter,100.0,NORMAL+PM_BLOCK_INTRADAY+EF:정상,15.06,4.0,3.7,normal,7.0,v1_sl_first_gap_at_open,NORMAL+PM_BLOCK_INTRADAY+EF:정상,SWING_20D,80,FIBO_1.272,40,FIBO_1.618,25,0.0,소프트웨어 개발 및 공급업,0.10229729729729745,3.253243243243243,5.0,0.16468253968253968,0.015692226226867105,0.27058823529411763,OK,71.1,OK,10.153234527594574,10.153234527594574,6,1,0.55,0.25,0.2,STRUCT+TIMING+AI+SECTOR,default,50,20260612,20260612,,56.6,56.6,56.6,46.38,-9.6,FRESH,0.351,,False,0.373,True,MATURE,9296.0,3.709,0.849,0.849,0.0,0.0,0.0,v22_calibrated,,,,,,,,True,55.8,,ELITE_SCORE,MATURE,9296,2.4.0,OK,,100.0,ATTACK,OK,OK,OK,OK,OK,OK,OK,0,7,True,True,True,,0,GREEN,,,80.0,BUY,1,POC 44↑,0,0,0,0,,0.0,T=21<70 · S=68≥50,100.0,GREEN,,,0,False,0,BELOW_OFFICIAL_BAR,TOP_PICK=0,,35.0,IGNORE,IGNORE,FX_HIGH_REGIME,1,0,0,1,0,0,0,0,0,CLEAR,,,0,0,0,0,0.0,,,,,,,,,,REJECT_NO_VALIDATED_RULE,,,,,,True,True,True,True,False,True,True,True,0.0,0.0,0.0,0.0,20.0,0.0,0.0,0.0,20.0,1.0,False,True,False,4,False,21.4,0.517,G5추세붕괴4축,,0,0,0,,21.4,0,,False,0.0,0.0,False,,False,True,,0
24,329180,HD현대중공업,KOSPI,조선·기계·설비,650000,2847.41,682248.0,0.0,0.0,WAIT,WAIT,3,False,1,True,44.1,44.1,42.9,36.5,57.1,0.0,41.3,45.5,20.6,74.2,1.77,0.0,RR1.8 + 진입적정,0,650000.0,585000.0,765000.0,810000.0,,-0.45,0.85,607808,-1.93,특이사항 없음,0,2.37,45.9,-1.83,AI 강점,,,추세 관망,CRITICAL,75.3,선박 및 보트 건조업,284741193500.0,43.9,24.11,0,0,0.62,-2.11,-7.67,-11.32,11.49,16.28,-14.88,-34.89,,0.303,0.303,0,12.0,0,0,1.28,0.34,0,0,0,0,1,591700.0,6.94,0.0918,False,O,▲,632989,▼,O,X,3.25,250,0,1,1,1,857000.0,enter,100.0,SWING+PM_BLOCK_INTRADAY+EF:정상,10.0,4.0,1.8,normal,7.0,v1_sl_first_gap_at_open,SWING+PM_BLOCK_INTRADAY+EF:정상,SWING_20D,80,ATR_3.5x,45,FIBO_1.272,40,0.0,선박 및 보트 건조업,9.421739130434784,5.0392753623188415,2.0,0.0701098901098901,-0.1098344052264796,0.3235294117647059,OK,57.1,OK,34.72047756985256,34.72047756985256,8,1,0.55,0.25,0.2,STRUCT+TIMING+AI+SECTOR,default,50,20260612,20260612,,44.1,44.1,44.1,46.38,-9.6,FRESH,0.351,,False,0.3,True,MATURE,9296.0,1.769,0.849,0.849,0.0,0.0,0.0,v22_calibrated,,,,,,,,True,17.7,,ELITE_SCORE,MATURE,9296,2.4.0,OK,,100.0,ATTACK,OK,OK,OK,OK,OK,OK,OK,0,7,True,True,True,,0,GREEN,,,90.0,BUY,1,,0,0,0,0,,0.0,T=36<70,100.0,GREEN,,,0,False,0,ENTRY_READY_BUT_NOT_TOP_PICK,TOP_PICK=0,진입조건은 양호하나 공식 Top Pick 아님,50.0,ENTRY_CLEAN_OBSERVE,ENTRY_CLEAN_OBSERVE,FX_HIGH_REGIME,1,0,0,1,0,0,0,0,0,CLEAR,,,0,0,0,0,0.0,,,,,,,,,,REJECT_NO_VALIDATED_RULE,,,,,,True,True,True,True,False,True,True,True,0.0,0.0,0.0,0.0,20.0,0.0,0.0,0.0,20.0,1.0,False,True,False,3,False,21.3,0.516,G5추세붕괴3축,,0,0,0,,21.3,0,,False,0.0,0.0,False,,False,True,,0
25,437730,삼현,KOSDAQ,자동차·모빌리티,53700,252.2,17027.0,0.0,0.0,WAIT,WAIT,3,False,1,True,37.2,37.2,26.5,60.8,37.0,0.0,40.7,41.4,34.3,57.1,1.6,0.0,RR1.6 + 진입적정,0,53700.0,45600.0,66700.0,74100.0,,2.21,1.17,53348,-0.57,특이사항 없음,0,-19.56,49.2,2.65,TIMING 강점,,5일 급등,추세 관망,CRITICAL,75.3,자동차 신품 부품 제조업,25220480450.0,70.7,34.54,0,0,2.48,15.48,0.56,-0.74,11.76,7.83,11.82,21.36,,0.674,0.407,0,12.0,0,0,1.11,0.51,0,0,0,1,-1,59045.0,0.66,0.6459,False,O,▼,46566,▲,O,X,2.29,250,0,-1,-1,1,76900.0,enter,100.0,NORMAL+PM_BLOCK_INTRADAY+EF:정상,15.08,5.0,1.6,normal,7.0,v1_sl_first_gap_at_open,NORMAL+PM_BLOCK_INTRADAY+EF:정상,SWING_20D,80,ATR_3.5x,45,SWING_120D,45,0.0,자동차 신품 부품 제조업,9.936315789473685,2.4005263157894725,3.0,0.10840649108805533,0.0013162063655179084,0.7659574468085106,OK,37.0,OK,65.5,65.5,6,1,0.55,0.25,0.2,STRUCT+TIMING+AI+SECTOR,default,50,20260612,20260612,,37.2,37.2,37.2,46.38,-9.6,FRESH,0.351,,False,0.3,True,MATURE,9296.0,1.605,0.849,0.849,0.0,0.0,0.0,v22_calibrated,,,,,,,,True,24.2,,ELITE_SCORE,MATURE,9296,2.4.0,OK,,100.0,ATTACK,OK,OK,OK,OK,OK,OK,OK,0,7,True,True,True,,0,GREEN,,,100.0,BUY,1,,0,0,0,0,,0.0,T=61<70,100.0,GREEN,,,0,False,0,ENTRY_READY_BUT_NOT_TOP_PICK,TOP_PICK=0,진입조건은 양호하나 공식 Top Pick 아님,50.0,ENTRY_CLEAN_OBSERVE,ENTRY_CLEAN_OBSERVE,FX_HIGH_REGIME,1,0,0,1,0,0,0,0,0,CLEAR,,,0,0,0,0,0.0,,,,,,,,,,REJECT_NO_VALIDATED_RULE,,,,,,True,True,True,True,True,True,True,True,0.0,0.0,0.0,0.0,0.0,0.0,0.0,0.0,0.0,1.0,False,False,False,2,True,40.7,1.0,,,0,0,0,,40.7,0,,False,0.0,0.0,False,,False,True,,0
26,009420,한올바이오파마,KOSPI,바이오·의약품,51500,166.12,26903.9,0.0,0.0,WAIT,WAIT,3,False,1,True,55.3,55.3,61.6,19.7,82.3,0.0,40.4,54.5,62.6,21.8,2.77,0.0,RR2.8 + 진입적정,0,51500.0,43750.0,73000.0,76300.0,,0.03,0.45,54042,17.55,특이사항 없음,0,21.61,50.6,-3.08,AI 강점,STRUCT 보조,,추세 관망,CRITICAL,75.3,의약품 제조업,16611930950.0,70.8,59.53,0,0,-2.83,-11.05,-17.6,16.91,-3.92,0.0,13.35,-50.3,,0.413,0.282,1,12.0,1,0,1.27,0.38,0,0,0,0,1,45185.0,-4.7,-0.3757,False,X,▲,53315,▼,X,X,3.4,250,0,1,1,1,82500.0,enter,100.0,NORMAL+PM_BLOCK_INTRADAY+EF:정상,15.05,5.0,2.8,normal,7.0,v1_sl_first_gap_at_open,NORMAL+PM_BLOCK_INTRADAY+EF:정상,SWING_20D,80,ATR_3.5x,45,FIBO_1.272,40,0.0,의약품 제조업,-3.8524999999999996,0.4400000000000002,10.0,0.13744798890429957,0.02012626686374544,0.17777777777777778,OK,82.3,OK,13.216835685649395,13.216835685649395,6,1,0.55,0.25,0.2,STRUCT+TIMING+AI+SECTOR,default,50,20260612,20260612,,55.3,55.3,55.3,46.38,-9.6,FRESH,0.351,,False,0.362,True,MATURE,9296.0,2.774,0.849,0.849,0.0,0.0,0.0,v22_calibrated,,,,,,,,True,41.7,,ELITE_SCORE,MATURE,9296,2.4.0,OK,,100.0,ATTACK,OK,OK,OK,OK,OK,OK,OK,0,7,True,True,True,,0,GREEN,,,90.0,BUY,1,,0,0,0,0,,0.0,T=20<70 · S=62≥50,100.0,GREEN,,,0,False,0,ENTRY_READY_BUT_NOT_TOP_PICK,TOP_PICK=0,진입조건은 양호하나 공식 Top Pick 아님,50.0,ENTRY_CLEAN_OBSERVE,ENTRY_CLEAN_OBSERVE,FX_HIGH_REGIME,1,0,0,1,0,0,0,0,0,CLEAR,,,0,0,0,0,0.0,,,,,,,,,,REJECT_NO_VALIDATED_RULE,,,,,,True,True,True,True,False,True,True,True,0.0,0.0,0.0,0.0,20.0,0.0,0.0,0.0,20.0,1.0,False,True,False,3,False,20.4,0.505,G5추세붕괴3축,,0,0,0,,20.4,0,,False,0.0,0.0,False,,False,True,,0
27,200710,에이디테크놀로지,KOSDAQ,반도체,40400,151.48,5438.7,0.0,0.0,WAIT,WAIT,3,False,1,True,47.7,47.7,45.9,28.3,76.9,0.0,40.2,50.4,48.6,39.2,1.63,0.5,RR1.6 + 진입적정,0,40200.0,34150.0,50600.0,62000.0,,1.83,1.42,50073,18.54,특이사항 없음,0,-18.06,44.5,1.03,AI 강점,,5일 급등,추세 관망,CRITICAL,75.3,반도체 제조업,15148049250.0,48.7,41.25,0,0,8.02,15.26,3.72,-20.0,-16.27,42.76,-7.44,-6.67,,0.44,0.072,1,12.0,1,0,1.31,0.5,0,0,0,1,-1,43825.0,-19.32,0.633,False,X,▲,34505,▲,O,X,6.95,250,0,1,1,1,,enter,100.0,NORMAL+PM_BLOCK_INTRADAY+EF:정상,15.05,5.0,1.7,normal,7.0,v1_sl_first_gap_at_open,NORMAL+PM_BLOCK_INTRADAY+EF:정상,SWING_20D,80,SWING_60D,60,,0,0.0,반도체 제조업,7.3096000000000005,9.6216,1.0,0.10723125884016972,-0.01417788915472292,0.62,OK,76.9,OK,27.255918822519405,27.255918822519405,4,1,0.55,0.25,0.2,STRUCT+TIMING+AI+SECTOR,default,50,20260612,20260612,,47.7,47.7,47.7,46.38,-9.6,FRESH,0.351,,False,0.302,True,MATURE,9296.0,1.719,0.849,0.849,0.0,0.0,0.0,v22_calibrated,,,,,,,,True,25.2,,ELITE_SCORE,MATURE,9296,2.4.0,OK,,100.0,ATTACK,OK,OK,OK,OK,OK,OK,OK,0,7,True,True,True,,0,GREEN,,,100.0,BUY,1,,0,0,0,0,,0.0,T=28<70,100.0,GREEN,,,0,False,0,ENTRY_READY_BUT_NOT_TOP_PICK,TOP_PICK=0,진입조건은 양호하나 공식 Top Pick 아님,50.0,ENTRY_CLEAN_OBSERVE,ENTRY_CLEAN_OBSERVE,FX_HIGH_REGIME,1,0,0,1,0,0,0,0,0,CLEAR,,,0,0,0,0,0.0,,,,,,,,,,REJECT_NO_VALIDATED_RULE,,,,,,True,True,True,True,True,True,True,True,0.0,0.0,0.0,0.0,0.0,0.0,0.0,0.0,0.0,1.0,False,False,False,1,True,40.2,1.0,,,0,0,0,,40.2,0,,False,0.0,0.0,False,,False,True,,0
28,000815,삼성화재우,KOSPI,기타,410000,84.14,12328.8,0.0,0.0,WAIT,WAIT,3,False,1,True,46.8,46.8,55.8,48.4,20.1,0.0,39.7,41.4,35.7,55.4,1.86,0.0,RR1.9 + 진입적정,0,410000.0,378500.0,468500.0,505000.0,,0.73,0.69,383262,9.32,특이사항 없음,0,-0.55,59.3,4.96,STRUCT 강점,,,추세 관망,CRITICAL,75.3,기타,8413538250.0,70.8,14.35,0,0,0.86,0.0,10.96,9.63,6.91,8.32,6.07,-39.47,,0.092,0.092,1,8.1,0,1,1.1,0.8,0,0,0,1,1,360800.0,6.98,-0.0332,False,O,▲,408452,▲,O,X,0.86,250,0,1,1,1,,enter,100.0,NORMAL+PM_BLOCK_INTRADAY+EF:정상,7.68,5.0,1.9,normal,7.0,v1_sl_first_gap_at_open,NORMAL+PM_BLOCK_INTRADAY+EF:정상,ATR_3.5x,45,RR_LEGACY,35,,0,0.0,기타,2.1077380952380955,-2.2075,9.0,0.0406794425087108,0.08036354488779984,0.8888888888888888,OK,20.1,OK,31.61668901700726,31.61668901700726,6,1,0.55,0.25,0.2,STRUCT+TIMING+AI+SECTOR,default,50,20260612,20260612,,46.8,46.8,46.8,46.38,-9.6,FRESH,0.351,,False,0.3,True,MATURE,9296.0,1.857,0.849,0.849,0.0,0.0,0.0,v22_calibrated,,,,,,,,True,14.3,,ELITE_SCORE,MATURE,9296,2.4.0,OK,,100.0,ATTACK,OK,OK,OK,OK,OK,OK,OK,0,7,True,True,True,,0,GREEN,,,100.0,BUY,1,,0,0,0,0,,0.0,T=48<70 · S=56≥50,100.0,GREEN,,,0,False,0,ENTRY_READY_BUT_NOT_TOP_PICK,TOP_PICK=0,진입조건은 양호하나 공식 Top Pick 아님,50.0,ENTRY_CLEAN_OBSERVE,ENTRY_CLEAN_OBSERVE,FX_HIGH_REGIME,1,0,0,1,0,0,0,0,0,CLEAR,,,0,0,0,0,0.0,,,,,,,,,,REJECT_NO_VALIDATED_RULE,,,,,,True,True,True,True,True,True,False,True,0.0,0.0,0.0,0.0,0.0,0.0,15.0,0.0,15.0,1.0,False,False,False,1,False,24.7,0.622,G7윗꼬리약세-15,,0,0,0,,24.7,0,,False,0.0,0.0,False,,False,True,,0
29,011070,LG이노텍,KOSPI,IT/전기전자,1036000,5135.68,245191.2,0.0,0.0,WAIT,WAIT,3,False,1,True,51.7,51.7,53.9,17.4,88.4,0.0,37.9,53.2,71.0,11.2,8.36,0.0,RR8.4 + 진입적정,0,1036000.0,946000.0,1788000.0,2206000.0,,0.22,0.72,810736,292.98,특이사항 없음,0,45.02,57.5,-0.17,AI 강점,STRUCT 보조,,추세 관망,CRITICAL,75.3,전자부품 제조업,513568018500.0,62.3,87.55,0,0,-3.36,-10.69,-8.64,37.58,307.87,251.78,34.02,261.49,,0.197,0.197,1,12.0,0,0,0.95,0.33,0,0,0,0,-1,1682600.0,27.79,-0.874,False,O,▲,1202201,▼,X,X,8.49,250,0,1,1,1,2736000.0,split,50.0,SWING+PM_BLOCK_INTRADAY+EF:갭 7%+ 분할 진입+ENTRY:split,8.69,4.0,8.4,normal,7.0,v1_sl_first_gap_at_open,SWING+PM_BLOCK_INTRADAY+EF:갭 7%+ 분할 진입+ENTRY:split,SWING_20D,80,FIBO_1.272,40,FIBO_1.618,25,0.0,전자부품 제조업,0.10229729729729745,3.253243243243243,5.0,0.19615278543849973,-0.003695965592744617,0.16201117318435754,OK,88.4,OK,20.98581080850923,20.98581080850923,4,1,0.55,0.25,0.2,STRUCT+TIMING+AI+SECTOR,default,50,20260612,20260612,,51.7,51.7,51.7,46.38,-9.6,FRESH,0.351,,False,0.334,True,MATURE,9296.0,8.356,0.849,0.849,0.0,0.0,0.0,v22_calibrated,,,,,,,,True,72.6,,ELITE_SCORE,MATURE,9296,2.4.0,OK,,100.0,ATTACK,OK,OK,OK,OK,OK,OK,OK,0,7,True,True,True,,1,ORANGE,C_ORANGE,STRUCT < 90 + VWAP_GAP > 15% 강한 과열,0.0,AVOID,0,VWAP 28↑ · POC 293↑,0,1,1,0,,0.0,T=17<70 · S=54≥50,100.0,BLOCK,,초급등 후 단기 급락 — 눌림 착시/테마 붕괴 위험,0,False,0,EXCLUDED_ABNORMAL_HISTORY,ABNORMAL_HISTORY_GUARD,초급등 후 단기 급락 — 눌림 착시/테마 붕괴 위험,15.0,IGNORE,EXCLUDED_ABNORMAL_HISTORY,FX_HIGH_REGIME,1,0,0,1,0,0,0,0,1,BLOCK,SPIKE_REVERSAL,초급등 후 단기 급락 — 눌림 착시/테마 붕괴 위험,0,0,0,1,0.0,,,,,,,,,,REJECT_NO_VALIDATED_RULE,,,,,,True,True,True,True,False,True,True,True,0.0,0.0,0.0,0.0,20.0,0.0,0.0,0.0,20.0,1.0,False,True,False,4,False,17.9,0.472,G5추세붕괴4축,,0,0,0,,17.9,0,,False,0.0,0.0,False,,False,True,,0
30,181710,NHN,KOSPI,IT/전기전자,39800,122.99,13035.7,0.0,0.0,WAIT,WAIT,3,False,1,True,48.4,48.4,55.5,18.4,66.4,0.0,36.5,46.8,48.0,40.0,8.37,0.0,RR8.4 + 진입적정,0,39800.0,36800.0,64900.0,73100.0,,-0.99,1.05,44381,-4.8,특이사항 없음,0,3.55,51.6,-6.72,AI 강점,STRUCT 보조,,추세 관망,CRITICAL,75.3,소프트웨어 개발 및 공급업,12298757600.0,61.0,58.3,0,0,-0.75,-18.86,-4.21,8.15,2.84,34.23,4.59,-43.54,,0.406,0.317,0,12.0,1,0,1.38,0.11,0,0,0,0,-1,62355.0,-10.32,-0.9854,True,O,▲,46084,▼,X,X,1.0,250,0,1,1,1,83400.0,enter,100.0,SWING+PM_BLOCK_INTRADAY+EF:정상,7.54,5.0,8.4,normal,7.0,v1_sl_first_gap_at_open,SWING+PM_BLOCK_INTRADAY+EF:정상,SWING_20D,80,FIBO_1.272,40,FIBO_1.618,25,0.0,소프트웨어 개발 및 공급업,0.10229729729729745,3.253243243243243,5.0,0.15649676956209618,0.020896207109121618,0.4666666666666667,OK,66.4,OK,29.682658853714898,29.682658853714898,6,1,0.55,0.25,0.2,STRUCT+TIMING+AI+SECTOR,default,50,20260612,20260612,,48.4,48.4,48.4,46.38,-9.6,FRESH,0.351,,False,0.307,True,MATURE,9296.0,8.367,0.849,0.849,0.0,0.0,0.0,v22_calibrated,,,,,,,,True,63.1,,ELITE_SCORE,MATURE,9296,2.4.0,OK,,100.0,ATTACK,OK,OK,OK,OK,OK,OK,OK,0,7,True,True,True,,0,GREEN,,,90.0,BUY,1,,0,0,0,0,,0.0,T=18<70 · S=56≥50,100.0,GREEN,,,0,False,0,ENTRY_READY_BUT_NOT_TOP_PICK,TOP_PICK=0,진입조건은 양호하나 공식 Top Pick 아님,50.0,ENTRY_CLEAN_OBSERVE,ENTRY_CLEAN_OBSERVE,FX_HIGH_REGIME,1,0,0,1,0,0,0,0,0,CLEAR,,,0,0,0,0,0.0,,,,,,,,,,REJECT_NO_VALIDATED_RULE,,,,,,True,True,True,True,False,True,True,True,0.0,0.0,0.0,0.0,20.0,0.0,0.0,0.0,20.0,1.0,False,True,False,5,False,16.5,0.452,G5추세붕괴5축,,0,0,0,,16.5,0,,False,0.0,0.0,False,,False,True,,0
31,357880,SKAI,KOSDAQ,IT/전기전자,4305,156.46,2267.9,0.0,0.0,WAIT,WAIT,3,False,1,True,53.2,53.2,69.5,16.8,53.8,0.0,36.3,46.7,52.7,34.1,2.82,0.0,RR2.8 + 진입적정,0,4305.0,3655.0,6140.0,7540.0,,-0.25,0.73,4331,95.39,특이사항 없음,0,11.65,47.8,-7.25,STRUCT 강점,AI 보조,,추세 관망,CRITICAL,75.3,소프트웨어 개발 및 공급업,15646307789.0,70.5,51.31,0,0,1.65,-7.42,-19.83,11.24,-19.08,130.34,23.8,-9.48,,0.32,0.155,1,12.0,0,0,2.8,0.3,0,0,0,0,1,3775.0,-0.6,-0.6562,False,O,▲,4637,▼,X,X,5.79,250,0,1,1,1,8160.0,enter,100.0,NORMAL+PM_BLOCK_INTRADAY+EF:정상,15.1,6.0,2.8,normal,7.0,v1_sl_first_gap_at_open,NORMAL+PM_BLOCK_INTRADAY+EF:정상,SWING_20D,80,ATR_3.5x,45,FIBO_1.618,25,0.0,소프트웨어 개발 및 공급업,0.10229729729729745,3.253243243243243,5.0,0.2146175543388087,0.03333122564225876,0.6335877862595419,OK,53.8,OK,16.00577207407366,16.00577207407366,6,1,0.55,0.25,0.2,STRUCT+TIMING+AI+SECTOR,default,50,20260612,20260612,,53.2,53.2,53.2,46.38,-9.6,FRESH,0.351,,False,0.346,True,MATURE,9296.0,2.823,0.849,0.849,0.0,0.0,0.0,v22_calibrated,,,,,,,,True,42.6,,ELITE_SCORE,MATURE,9296,2.4.0,OK,,100.0,ATTACK,OK,OK,OK,OK,OK,OK,OK,0,7,True,True,True,,0,GREEN,,,65.0,WATCH,0,POC 95↑,0,1,1,0,,0.0,T=17<70 · S=70≥50,100.0,GREEN,,,0,False,0,BELOW_OFFICIAL_BAR,TOP_PICK=0,VWAP/POC 과열,15.0,IGNORE,IGNORE,FX_HIGH_REGIME,1,0,0,1,0,0,0,0,0,CLEAR,,,0,0,0,0,0.0,,,,,,,,,,REJECT_NO_VALIDATED_RULE,,,,,,True,True,True,True,False,True,True,True,0.0,0.0,0.0,0.0,20.0,0.0,0.0,0.0,20.0,1.0,False,True,False,3,False,16.3,0.449,G5추세붕괴3축,,0,0,0,,16.3,0,,False,0.0,0.0,False,,False,True,,0
32,064400,LG씨엔에스,KOSPI,IT/전기전자,92800,1858.9,89910.2,0.0,0.0,WAIT,WAIT,3,False,1,True,49.4,49.4,57.4,15.6,69.6,0.0,36.0,47.5,54.0,32.5,8.07,0.0,RR8.1 + 진입적정,0,92800.0,85300.0,153300.0,180000.0,,-0.22,0.47,94771,34.05,특이사항 없음,0,27.54,54.9,-4.85,AI 강점,STRUCT 보조,,추세 관망,CRITICAL,75.3,"컴퓨터 프로그래밍, 시스템 통합 및 관리업",185890030050.0,54.8,82.96,0,0,-0.22,-21.02,5.94,26.26,41.46,41.9,22.7,-4.92,,0.123,0.042,1,12.0,1,0,1.51,0.28,0,0,0,0,-1,148590.0,-2.08,-1.455,False,O,▲,112772,▼,X,X,4.52,250,0,1,1,1,214000.0,enter,100.0,SWING+PM_BLOCK_INTRADAY+EF:정상,8.08,4.0,8.1,normal,7.0,v1_sl_first_gap_at_open,SWING+PM_BLOCK_INTRADAY+EF:정상,SWING_20D,80,FIBO_1.272,40,FIBO_1.618,25,0.0,"컴퓨터 프로그래밍, 시스템 통합 및 관리업",0.10229729729729745,3.253243243243243,5.0,0.17764778325123154,-0.0319480167355553,0.21739130434782608,OK,69.6,OK,5.0,5.0,6,1,0.55,0.25,0.2,STRUCT+TIMING+AI+SECTOR,default,50,20260612,20260612,,49.4,49.4,49.4,46.38,-9.6,FRESH,0.351,,False,0.315,True,MATURE,9296.0,8.067,0.849,0.849,0.0,0.0,0.0,v22_calibrated,,,,,,,,True,65.2,,ELITE_SCORE,MATURE,9296,2.4.0,OK,,100.0,ATTACK,OK,OK,OK,OK,OK,OK,OK,0,7,True,True,True,,0,GREEN,,,90.0,BUY,1,,0,0,0,0,,0.0,T=16<70 · S=57≥50,100.0,GREEN,,,0,False,0,BELOW_OFFICIAL_BAR,TOP_PICK=0,,35.0,IGNORE,IGNORE,FX_HIGH_REGIME,1,0,0,1,0,0,0,0,0,CLEAR,,,0,0,0,0,0.0,,,,,,,,,,REJECT_NO_VALIDATED_RULE,,,,,,True,True,True,True,False,True,True,True,0.0,0.0,0.0,0.0,20.0,0.0,0.0,0.0,20.0,1.0,False,True,False,4,False,16.0,0.444,G5추세붕괴4축,,0,0,0,,16.0,0,,False,0.0,0.0,False,,False,True,,0
33,078930,GS,KOSPI,금융,72500,209.28,67349.2,0.0,0.0,WAIT,WAIT,3,False,1,True,31.0,31.0,17.5,49.2,45.5,0.0,35.7,37.4,31.7,60.4,2.41,0.0,RR2.4 + 진입적정,0,72500.0,66600.0,86700.0,93400.0,,-0.05,0.87,72982,0.58,특이사항 없음,5,0.73,44.0,-2.26,,,,추세 관망,CRITICAL,75.3,기타 금융업,20927963850.0,35.1,10.36,1,0,1.12,-2.16,-2.16,0.83,16.37,29.23,-2.73,-30.01,,0.278,0.278,1,11.2,0,0,1.39,0.23,0,0,0,0,-1,83270.0,-0.66,0.0614,False,O,▲,72089,▼,O,X,2.51,250,0,1,1,1,101800.0,enter,100.0,SWING+PM_BLOCK_INTRADAY+EF:정상,8.14,4.0,2.4,normal,7.0,v1_sl_first_gap_at_open,SWING+PM_BLOCK_INTRADAY+EF:정상,SWING_20D,80,FIBO_1.272,40,FIBO_1.618,25,0.0,기타 금융업,1.90825,-1.16975,7.0,0.0561576354679803,-0.04615628706417631,0.4444444444444444,OK,45.5,OK,34.49635661636904,34.49635661636904,8,1,0.55,0.25,0.2,STRUCT+TIMING+AI+SECTOR,default,50,20260612,20260612,,31.0,31.0,31.0,46.38,-9.6,FRESH,0.351,,False,0.3,True,MATURE,9296.0,2.407,0.849,0.849,0.0,0.0,0.0,v22_calibrated,,,,,,,,True,19.6,,ELITE_SCORE,MATURE,9296,2.4.0,OK,,100.0,ATTACK,OK,OK,OK,OK,OK,OK,OK,0,7,True,True,True,,0,GREEN,,,90.0,BUY,1,,0,0,0,0,,0.0,T=49<70,100.0,GREEN,,,0,False,0,ENTRY_READY_BUT_NOT_TOP_PICK,TOP_PICK=0,진입조건은 양호하나 공식 Top Pick 아님,50.0,ENTRY_CLEAN_OBSERVE,ENTRY_CLEAN_OBSERVE,FX_HIGH_REGIME,1,0,0,1,0,0,0,0,0,CLEAR,,,0,0,0,0,0.0,,,,,,,,,,REJECT_NO_VALIDATED_RULE,,,,,,True,False,True,True,False,True,True,True,0.0,0.0,0.0,0.0,20.0,0.0,0.0,0.0,20.0,0.5,False,True,False,3,False,0.0,0.0,G2RR×0.5 · G5추세붕괴3축,,0,0,0,,0.0,0,,False,0.0,0.0,False,,False,True,,0
34,138040,메리츠금융지주,KOSPI,금융,108900,314.12,182241.2,0.0,,WAIT,WAIT,3,False,1,True,35.8,35.8,35.9,36.5,34.4,0.0,35.6,35.6,2.1,97.4,1.72,0.0,밸런스우수 + RR1.7 + 진입적정,0,108900.0,99300.0,125400.0,149800.0,,1.52,0.76,110366,-0.16,특이사항 없음,5,-0.89,50.0,1.99,,,,스퀴즈/품질 대기,CRITICAL,75.3,기타 금융업,31412118650.0,36.9,8.24,1,1,2.74,1.49,5.73,2.25,-0.91,0.37,-1.31,-47.29,,0.745,0.564,0,8.6,1,0,0.94,0.77,0,0,0,1,-1,115730.0,-1.33,0.1047,False,X,▲,106724,▲,O,X,1.89,250,0,1,-1,1,,enter,100.0,NORMAL+PM_BLOCK_INTRADAY+EF:정상,8.82,4.0,1.7,normal,7.0,v1_sl_first_gap_at_open,NORMAL+PM_BLOCK_INTRADAY+EF:정상,ATR_3.5x,45,SWING_120D,45,,0,0.0,기타 금융업,1.90825,-1.16975,7.0,0.04315886134067952,-0.06422862735114836,0.32558139534883723,OK,34.4,OK,41.86582641693967,41.86582641693967,6,1,0.55,0.25,0.2,STRUCT+TIMING+AI+SECTOR,default,50,20260612,20260612,,35.8,35.8,35.8,46.38,-9.6,FRESH,0.351,elite_low_wr_0.35,True,0.3,True,MATURE,9296.0,1.719,0.849,0.849,0.0,0.0,,v22_calibrated,,,,,,,,True,15.2,,ELITE_SCORE,MATURE,9296,2.4.0,OK,,100.0,ATTACK,OK,OK,OK,OK,OK,OK,OK,0,7,True,True,True,,0,GREEN,,,100.0,BUY,1,,0,0,0,0,,0.0,T=36<70,100.0,GREEN,,,0,False,0,ENTRY_READY_BUT_NOT_TOP_PICK,TOP_PICK=0,진입조건은 양호하나 공식 Top Pick 아님,50.0,ENTRY_CLEAN_OBSERVE,ENTRY_CLEAN_OBSERVE,FX_HIGH_REGIME,1,0,0,1,0,0,0,0,0,CLEAR,,,0,0,0,0,0.0,,,,,,,,,,REJECT_NO_VALIDATED_RULE,,,,,,True,False,True,True,True,True,True,True,0.0,0.0,0.0,0.0,0.0,0.0,0.0,0.0,0.0,0.5,False,False,False,2,False,17.8,0.5,G2RR×0.5,,0,0,0,,17.8,0,,False,0.0,0.0,False,,False,True,,0
35,031330,에스에이엠티,KOSDAQ,조선·기계·설비,14960,235.16,14959.3,0.0,0.0,WAIT,WAIT,3,False,1,True,50.1,50.1,54.8,10.4,86.6,0.0,34.6,50.6,76.2,4.8,2.22,0.0,RR2.2 + 진입적정,0,14960.0,12710.0,19950.0,22850.0,,0.13,0.51,12286,263.93,특이사항 없음,0,47.72,50.5,-4.71,AI 강점,STRUCT 보조,,추세 관망,CRITICAL,75.3,기계장비 및 관련 물품 도매업,23516209980.0,55.0,44.75,0,0,-0.86,-6.15,-8.33,58.31,201.92,293.68,70.87,211.52,,0.166,0.154,1,12.0,0,0,0.99,0.54,0,0,0,0,1,13946.0,21.76,-0.5009,False,O,▲,15663,▼,X,X,5.04,250,0,1,1,1,24100.0,enter,100.0,NORMAL+PM_BLOCK_INTRADAY+EF:정상,15.04,5.0,2.2,normal,7.0,v1_sl_first_gap_at_open,NORMAL+PM_BLOCK_INTRADAY+EF:정상,SWING_20D,80,ATR_3.5x,45,FIBO_1.272,40,0.0,기계장비 및 관련 물품 도매업,9.421739130434784,5.0392753623188415,2.0,0.1505920550038197,-0.009652708656562219,0.34911242603550297,OK,86.6,OK,5.39252030020242,5.39252030020242,4,1,0.55,0.25,0.2,STRUCT+TIMING+AI+SECTOR,default,50,20260612,20260612,,50.1,50.1,50.1,46.38,-9.6,FRESH,0.351,,False,0.321,True,MATURE,9296.0,2.218,0.849,0.849,0.0,0.0,0.0,v22_calibrated,,,,,,,,True,33.4,,ELITE_SCORE,MATURE,9296,2.4.0,OK,,100.0,ATTACK,OK,OK,OK,OK,OK,OK,OK,0,7,True,True,True,,1,ORANGE,C_ORANGE,STRUCT < 90 + VWAP_GAP > 15% 강한 과열,65.0,WATCH,0,VWAP 22↑ · POC 264↑,0,1,1,0,,0.0,T=10<70 · S=55≥50,100.0,GREEN,,,0,False,0,BELOW_OFFICIAL_BAR,TOP_PICK=0,VWAP/POC 과열,15.0,IGNORE,IGNORE,FX_HIGH_REGIME,1,0,0,1,0,0,0,0,0,CLEAR,,,0,0,0,0,0.0,,,,,,,,,,REJECT_NO_VALIDATED_RULE,,,,,,True,True,True,True,False,True,True,True,0.0,0.0,0.0,0.0,20.0,0.0,0.0,0.0,20.0,1.0,False,True,False,3,False,14.6,0.422,G5추세붕괴3축,,0,0,0,,14.6,0,,False,0.0,0.0,False,,False,True,,0
36,124500,아이티센글로벌,KOSDAQ,IT/전기전자,43700,238.23,10140.4,0.0,0.0,WAIT,WAIT,3,False,1,True,28.9,28.9,12.8,46.2,51.5,0.0,33.9,36.8,38.7,51.6,2.12,0.0,RR2.1 + 진입적정,0,43700.0,37100.0,57700.0,72900.0,,0.24,1.81,51561,29.18,특이사항 없음,0,-5.66,40.7,-4.93,AI 강점,,저점 이탈,추세 관망,CRITICAL,75.3,"컴퓨터 프로그래밍, 시스템 통합 및 관리업",23823274700.0,60.6,31.41,0,0,0.69,1.63,-4.69,-20.26,-37.03,62.76,-7.7,-27.43,,0.538,0.191,1,12.0,0,0,1.01,0.25,0,0,0,0,-1,51405.0,-15.25,0.4041,False,X,▲,41727,▲,O,X,3.8,250,0,1,1,1,75500.0,enter,100.0,NORMAL+PM_BLOCK_INTRADAY+EF:정상,15.1,5.0,2.1,normal,7.0,v1_sl_first_gap_at_open,NORMAL+PM_BLOCK_INTRADAY+EF:정상,SWING_20D,80,SWING_60D,60,SWING_120D,45,0.0,"컴퓨터 프로그래밍, 시스템 통합 및 관리업",0.10229729729729745,3.253243243243243,5.0,0.09864334749918273,-0.009813772466869139,0.6067415730337079,OK,51.5,OK,38.0,38.0,2,0,0.55,0.25,0.2,STRUCT+TIMING+AI+SECTOR,default,50,20260612,20260612,,28.9,28.9,28.9,46.38,-9.6,FRESH,0.351,,False,0.3,True,MATURE,9296.0,2.121,0.849,0.849,0.0,0.0,0.0,v22_calibrated,,,,,,,,True,32.0,,ELITE_SCORE,MATURE,9296,2.4.0,OK,,100.0,ATTACK,OK,OK,OK,OK,OK,OK,OK,0,7,True,True,True,,0,GREEN,,,90.0,BUY,1,,0,0,0,0,,0.0,T=46<70,100.0,GREEN,,,0,False,0,ENTRY_READY_BUT_NOT_TOP_PICK,TOP_PICK=0,진입조건은 양호하나 공식 Top Pick 아님,45.0,ENTRY_CLEAN_OBSERVE,ENTRY_CLEAN_OBSERVE,FX_HIGH_REGIME,1,0,0,1,0,0,0,0,0,CLEAR,,,0,0,0,0,0.0,,,,,,,,,,REJECT_NO_VALIDATED_RULE,,,,,,True,False,True,True,True,True,True,True,0.0,0.0,0.0,0.0,0.0,0.0,0.0,0.0,0.0,0.5,False,False,False,2,False,17.0,0.5,G2RR×0.5,,0,0,0,,17.0,0,,False,0.0,0.0,False,,False,True,,0
37,111770,영원무역,KOSPI,기타,82900,94.48,36734.2,0.0,0.0,WAIT,WAIT,3,False,1,True,35.9,35.9,37.9,46.3,17.2,0.0,33.8,33.8,29.1,63.6,1.0,0.0,RR1.0 + 진입적정,0,82900.0,71800.0,94000.0,100200.0,,1.84,1.08,82741,-1.78,특이사항 없음,0,-5.81,47.2,1.37,,,저점 이탈,추세 관망,CRITICAL,75.3,상품 종합 도매업,9448478616.0,53.2,19.13,0,0,2.6,3.88,1.34,6.15,-1.89,-6.96,2.59,-48.27,,0.713,0.672,0,11.9,0,0,0.97,0.47,0,0,0,1,-1,90100.0,0.19,0.252,False,X,▼,77353,▲,O,X,1.49,250,0,-1,1,1,103200.0,enter,100.0,NORMAL+PM_BLOCK_INTRADAY+EF:정상,13.39,5.0,1.0,normal,7.0,v1_sl_first_gap_at_open,NORMAL+PM_BLOCK_INTRADAY+EF:정상,SWING_20D,80,ATR_3.5x,45,SWING_120D,45,0.0,상품 종합 도매업,2.1077380952380955,-2.2075,9.0,0.05940892641737033,0.01171955547869269,0.569620253164557,OK,17.2,OK,59.67188731284475,59.67188731284475,4,1,0.55,0.25,0.2,STRUCT+TIMING+AI+SECTOR,default,50,20260612,20260612,,35.9,35.9,35.9,46.38,-9.6,FRESH,0.351,,False,0.3,True,MATURE,9296.0,1.0,0.849,0.849,0.0,0.0,0.0,v22_calibrated,,,,,,,,True,13.4,,ELITE_SCORE,MATURE,9296,2.4.0,OK,,100.0,ATTACK,OK,OK,OK,OK,OK,OK,OK,0,7,True,True,True,,0,GREEN,,,0.0,AVOID,0,RR 1.00,0,0,0,0,,0.0,T=46<70,100.0,GREEN,,,0,False,0,BELOW_OFFICIAL_BAR,TOP_PICK=0,,10.0,IGNORE,IGNORE,FX_HIGH_REGIME,1,0,0,1,0,0,0,0,0,CLEAR,,,0,0,0,0,0.0,,,,,,,,,,REJECT_NO_VALIDATED_RULE,,,,,,True,False,True,True,True,True,True,True,0.0,0.0,0.0,0.0,0.0,0.0,0.0,0.0,0.0,0.5,False,False,False,2,False,16.9,0.5,G2RR×0.5,,0,0,0,,16.9,0,,False,0.0,0.0,False,,False,True,,0
38,035250,강원랜드,KOSPI,서비스 기타,15700,241.92,33588.7,0.0,0.0,WAIT,WAIT,3,False,1,True,29.8,29.8,19.9,61.1,17.9,0.0,33.8,33.0,43.2,46.0,0.9,0.0,진입적정,0,15700.0,14740.0,16560.0,17950.0,,1.2,1.98,16441,-12.52,특이사항 없음,0,-1.82,55.8,2.16,TIMING 강점,,,추세 관망,CRITICAL,75.3,유원지 및 기타 오락관련 서비스업,24191623500.0,55.2,12.2,0,0,0.64,4.25,4.18,0.32,-13.02,-11.55,-3.24,-59.4,,0.907,0.152,0,6.0,0,0,0.95,0.57,0,0,0,1,-1,15919.0,-4.51,0.2271,False,X,▼,14914,▲,O,X,-0.06,250,0,-1,-1,1,18400.0,enter,100.0,NORMAL+PM_BLOCK_INTRADAY+EF:정상,6.11,5.0,0.9,normal,7.0,v1_sl_first_gap_at_open,NORMAL+PM_BLOCK_INTRADAY+EF:정상,SWING_20D,80,VP_RESISTANCE,65,SWING_60D,60,0.0,유원지 및 기타 오락관련 서비스업,1.6329629629629632,-10.275925925925925,12.0,0.029663330300272975,-0.7625682510773324,0.4675324675324675,OK,17.9,OK,68.4827593463884,68.4827593463884,4,1,0.55,0.25,0.2,STRUCT+TIMING+AI+SECTOR,default,50,20260612,20260612,,29.8,29.8,29.8,46.38,-9.6,FRESH,0.351,,False,0.3,True,MATURE,9296.0,0.896,0.849,0.849,0.0,0.0,0.0,v22_calibrated,,,,,,,,True,5.5,,ELITE_SCORE,MATURE,9296,2.4.0,OK,,100.0,ATTACK,OK,OK,OK,OK,OK,OK,OK,0,7,True,True,True,,0,GREEN,,,0.0,AVOID,0,RR 0.90,0,0,0,0,,0.0,T=61<70,100.0,GREEN,,,0,False,0,BELOW_OFFICIAL_BAR,TOP_PICK=0,,5.0,IGNORE,IGNORE,FX_HIGH_REGIME,1,0,0,1,0,0,0,0,0,CLEAR,,,0,0,0,0,0.0,,,,,,,,,,REJECT_NO_VALIDATED_RULE,,,,,,True,False,True,True,True,True,True,True,0.0,0.0,0.0,0.0,0.0,0.0,0.0,0.0,0.0,0.5,False,False,False,2,False,16.9,0.5,G2RR×0.5,,0,0,0,,16.9,0,,False,0.0,0.0,False,,False,True,,0
39,440110,파두,KOSDAQ,반도체,101000,2431.31,50597.8,0.0,0.0,WAIT,WAIT,3,False,1,True,28.1,28.1,3.6,46.7,72.1,0.0,33.3,40.8,68.5,14.4,1.87,0.0,RR1.9 + 진입적정,0,101000.0,85800.0,129400.0,145100.0,,-0.77,1.39,84462,129.63,특이사항 없음,0,-2.61,37.3,-7.28,AI 강점,,,추세 관망,CRITICAL,75.3,반도체 제조업,243131244300.0,40.2,28.4,0,0,1.71,-8.01,-9.34,1.0,45.74,297.64,13.56,55.34,,0.149,0.14,1,12.0,0,0,0.83,0.29,0,0,0,0,1,92090.0,19.58,-0.3099,False,X,▼,102557,▼,X,X,5.94,221,0,1,1,1,152200.0,enter,100.0,NORMAL+PM_BLOCK_INTRADAY+EF:정상,15.05,4.0,1.9,normal,7.0,v1_sl_first_gap_at_open,NORMAL+PM_BLOCK_INTRADAY+EF:정상,SWING_20D,80,ATR_3.5x,45,FIBO_1.272,40,0.0,반도체 제조업,7.3096000000000005,9.6216,1.0,0.12454031117397454,-0.06766318081707019,0.22085889570552147,OK,72.1,OK,37.475879177899344,37.475879177899344,0,0,0.55,0.25,0.2,STRUCT+TIMING+AI+SECTOR,default,50,20260612,20260612,,28.1,28.1,28.1,46.38,-9.6,FRESH,0.351,,False,0.3,True,MATURE,9296.0,1.868,0.849,0.849,0.0,0.0,0.0,v22_calibrated,,,,,,,,True,28.1,,ELITE_SCORE,MATURE,9296,2.4.0,OK,,100.0,ATTACK,OK,OK,OK,OK,OK,OK,OK,0,7,True,True,True,,1,ORANGE,C_ORANGE,STRUCT < 90 + VWAP_GAP > 15% 강한 과열,65.0,WATCH,0,POC 130↑,0,1,1,0,,0.0,T=47<70,100.0,GREEN,,,0,False,0,BELOW_OFFICIAL_BAR,TOP_PICK=0,VWAP/POC 과열,10.0,IGNORE,IGNORE,FX_HIGH_REGIME,1,0,0,1,0,0,0,0,0,CLEAR,,,0,0,0,0,0.0,,,,,,,,,,REJECT_NO_VALIDATED_RULE,,,,,,True,True,True,True,False,True,True,True,0.0,0.0,0.0,0.0,20.0,0.0,0.0,0.0,20.0,1.0,False,True,False,3,False,13.3,0.399,G5추세붕괴3축,,0,0,0,,13.3,0,,False,0.0,0.0,False,,False,True,,0
40,100090,SK오션플랜트,KOSPI,철강·금속,15660,164.38,9784.1,0.0,0.0,WAIT,WAIT,3,False,1,True,29.8,29.8,3.1,40.1,90.2,0.0,33.2,44.5,87.1,0.0,2.61,0.0,RR2.6 + 진입적정,0,15660.0,13310.0,21800.0,31600.0,,-1.17,1.17,25030,-43.55,특이사항 없음,0,-16.12,36.6,-9.37,AI 강점,,저점 이탈,추세 관망,CRITICAL,75.3,1차 철강 제조업,16438263485.0,70.4,39.85,0,0,2.89,-0.76,-9.22,-26.65,-16.88,-16.21,-30.21,-63.26,,0.975,0.071,0,12.0,0,0,2.98,0.21,0,0,0,0,-1,17551.0,-37.44,0.4671,False,X,▼,14823,▼,O,X,2.3,250,0,-1,-1,1,,enter,100.0,NORMAL+PM_BLOCK_INTRADAY+EF:정상,15.01,5.0,2.6,normal,7.0,v1_sl_first_gap_at_open,NORMAL+PM_BLOCK_INTRADAY+EF:정상,SWING_20D,80,SWING_60D,60,,0,0.0,1차 철강 제조업,-2.065555555555555,-22.175555555555558,15.0,0.08378945447910965,0.026702844875117336,0.46987951807228917,OK,90.2,OK,49.625594912787626,49.625594912787626,4,1,0.55,0.25,0.2,STRUCT+TIMING+AI+SECTOR,default,50,20260612,20260612,,29.8,29.8,29.8,46.38,-9.6,FRESH,0.351,,False,0.3,True,MATURE,9296.0,2.613,0.849,0.849,0.0,0.0,0.0,v22_calibrated,,,,,,,,True,39.2,,ELITE_SCORE,MATURE,9296,2.4.0,OK,,100.0,ATTACK,OK,OK,OK,OK,OK,OK,OK,0,7,True,True,True,,0,GREEN,,,90.0,BUY,1,,0,0,0,0,,0.0,T=40<70,100.0,GREEN,,,0,False,0,ENTRY_READY_BUT_NOT_TOP_PICK,TOP_PICK=0,진입조건은 양호하나 공식 Top Pick 아님,50.0,ENTRY_CLEAN_OBSERVE,ENTRY_CLEAN_OBSERVE,FX_HIGH_REGIME,1,0,0,1,0,0,0,0,0,CLEAR,,,0,0,0,0,0.0,,,,,,,,,,REJECT_NO_VALIDATED_RULE,,,,,,True,True,True,True,False,True,True,True,0.0,0.0,0.0,0.0,20.0,0.0,0.0,0.0,20.0,1.0,False,True,False,4,False,13.2,0.398,G5추세붕괴4축,,0,0,0,,13.2,0,,False,0.0,0.0,False,,False,True,,0
41,066575,LG전자우,KOSPI,기타,78800,200.05,13538.9,0.0,0.0,WAIT,WAIT,3,False,1,True,50.2,50.2,57.4,5.6,86.2,0.0,33.0,49.7,80.6,0.0,5.01,0.0,RR5.0 + 진입적정,0,78800.0,66900.0,138400.0,163300.0,,-0.31,0.28,86207,45.91,특이사항 없음,0,8.07,46.5,-9.36,AI 강점,STRUCT 보조,,추세 관망,CRITICAL,75.3,기타,20005204700.0,77.7,64.94,0,0,1.94,-18.68,0.38,8.24,50.67,53.91,4.68,4.29,,0.35,0.246,1,12.0,0,0,1.19,0.17,0,0,0,0,-1,123730.0,-8.59,-1.1505,False,O,▲,90779,▼,X,X,4.27,250,0,1,1,1,194900.0,enter,100.0,NORMAL+PM_BLOCK_INTRADAY+EF:정상,15.1,5.0,5.0,normal,7.0,v1_sl_first_gap_at_open,NORMAL+PM_BLOCK_INTRADAY+EF:정상,SWING_20D,80,FIBO_1.272,40,FIBO_1.618,25,0.0,기타,2.1077380952380955,-2.2075,9.0,0.17068527918781726,-0.01825619772019794,0.5972222222222222,OK,86.2,OK,5.0,5.0,6,1,0.55,0.25,0.2,STRUCT+TIMING+AI+SECTOR,default,50,20260612,20260612,,50.2,50.2,50.2,46.38,-9.6,FRESH,0.351,,False,0.322,True,MATURE,9296.0,5.008,0.849,0.849,0.0,0.0,0.0,v22_calibrated,,,,,,,,True,75.6,,ELITE_SCORE,MATURE,9296,2.4.0,OK,,100.0,ATTACK,OK,OK,OK,OK,OK,OK,OK,0,7,True,True,True,,0,GREEN,,,80.0,BUY,1,POC 46↑,0,0,0,0,,0.0,T=6<70 · S=57≥50,100.0,GREEN,,,0,False,0,BELOW_OFFICIAL_BAR,TOP_PICK=0,,35.0,IGNORE,IGNORE,FX_HIGH_REGIME,1,0,0,1,0,0,0,0,0,CLEAR,,,0,0,0,0,0.0,,,,,,,,,,REJECT_NO_VALIDATED_RULE,,,,,,True,True,True,True,False,True,False,True,0.0,0.0,0.0,0.0,20.0,0.0,15.0,0.0,35.0,1.0,False,True,False,4,False,0.0,0.0,G5추세붕괴4축 · G7윗꼬리약세-15,,0,0,0,,0.0,0,,False,0.0,0.0,False,,False,True,,0
42,125020,티씨머티리얼즈,KOSDAQ,기타,6830,111.56,2393.1,0.0,0.0,WAIT,WAIT,3,False,1,True,39.3,39.3,30.7,18.2,89.3,0.0,32.7,46.1,71.1,11.1,3.48,0.0,RR3.5 + 진입적정,0,6830.0,5800.0,10410.0,12040.0,,0.34,0.53,7386,12.67,특이사항 없음,0,1.16,20.3,-8.92,AI 강점,,,추세 관망,CRITICAL,75.3,절연선 및 케이블 제조업,11155987855.0,53.3,50.95,0,0,-2.71,-2.01,-15.89,2.86,13.08,100.0,15.42,22.68,,0.316,0.179,1,12.0,0,0,1.5,0.18,0,0,0,0,-1,9086.0,-7.53,0.2763,False,O,▲,6615,▼,O,X,2.71,250,0,1,1,1,14110.0,enter,100.0,NORMAL+PM_BLOCK_INTRADAY+EF:정상,15.08,6.0,3.5,normal,7.0,v1_sl_first_gap_at_open,NORMAL+PM_BLOCK_INTRADAY+EF:정상,SWING_20D,80,FIBO_1.272,40,FIBO_1.618,25,0.0,절연선 및 케이블 제조업,2.1077380952380955,-2.2075,9.0,0.12099979083873667,-0.004052142598866908,0.28169014084507044,OK,89.3,OK,16.35664492207445,16.35664492207445,6,1,0.55,0.25,0.2,STRUCT+TIMING+AI+SECTOR,default,50,20260612,20260612,,39.3,39.3,39.3,46.38,-9.6,FRESH,0.351,,False,0.3,True,MATURE,9296.0,3.476,0.849,0.849,0.0,0.0,0.0,v22_calibrated,,,,,,,,True,52.4,,ELITE_SCORE,MATURE,9296,2.4.0,OK,,100.0,ATTACK,OK,OK,OK,OK,OK,OK,OK,0,7,True,True,True,,0,GREEN,,,90.0,BUY,1,,0,0,0,0,,0.0,T=18<70,100.0,GREEN,,,0,False,0,ENTRY_READY_BUT_NOT_TOP_PICK,TOP_PICK=0,진입조건은 양호하나 공식 Top Pick 아님,50.0,ENTRY_CLEAN_OBSERVE,ENTRY_CLEAN_OBSERVE,FX_HIGH_REGIME,1,0,0,1,0,0,0,0,0,CLEAR,,,0,0,0,0,0.0,,,,,,,,,,REJECT_NO_VALIDATED_RULE,,,,,,True,True,True,True,False,True,True,True,0.0,0.0,0.0,0.0,20.0,0.0,0.0,0.0,20.0,1.0,False,True,False,3,False,12.7,0.388,G5추세붕괴3축,,0,0,0,,12.7,0,,False,0.0,0.0,False,,False,True,,0
43,082270,젬백스,KOSDAQ,조선·기계·설비,13240,58.49,5861.2,0.0,0.0,WAIT,WAIT,3,False,1,True,26.3,26.3,0.0,48.6,70.6,0.0,32.5,39.7,70.6,11.8,3.11,0.0,RR3.1 + 진입적정,0,13240.0,11250.0,19420.0,44650.0,,0.32,1.37,25004,-65.88,특이사항 없음,0,-26.6,27.3,-14.01,AI 강점,,저점 이탈,추세 관망,CRITICAL,75.3,특수 목적용 기계 제조업,5849489230.0,47.5,56.66,0,0,2.56,0.3,-16.47,-31.79,-64.74,-55.57,-19.23,-55.14,,1.0,0.035,0,12.0,0,0,1.18,0.27,0,0,0,0,-1,16107.0,-47.05,0.5078,False,X,▼,12072,▼,O,X,4.65,250,0,-1,-1,1,48850.0,enter,100.0,NORMAL+PM_BLOCK_INTRADAY+EF:정상,15.03,5.0,3.1,normal,7.0,v1_sl_first_gap_at_open,NORMAL+PM_BLOCK_INTRADAY+EF:정상,SWING_20D,80,SWING_60D,60,SWING_120D,45,0.0,특수 목적용 기계 제조업,9.421739130434784,5.0392753623188415,2.0,0.10690008631851533,-2.0,0.6571428571428571,OK,70.6,OK,50.0,50.0,4,1,0.55,0.25,0.2,STRUCT+TIMING+AI+SECTOR,default,50,20260612,20260612,,26.3,26.3,26.3,46.38,-9.6,FRESH,0.351,,False,0.3,True,MATURE,9296.0,3.106,0.849,0.849,0.0,0.0,0.0,v22_calibrated,,,,,,,,True,46.7,,ELITE_SCORE,MATURE,9296,2.4.0,OK,,100.0,ATTACK,OK,OK,OK,OK,OK,OK,OK,0,7,True,True,True,,0,GREEN,,,90.0,BUY,1,,0,0,0,0,,0.0,T=49<70,100.0,GREEN,,,0,False,0,ENTRY_READY_BUT_NOT_TOP_PICK,TOP_PICK=0,진입조건은 양호하나 공식 Top Pick 아님,50.0,ENTRY_CLEAN_OBSERVE,ENTRY_CLEAN_OBSERVE,FX_HIGH_REGIME,1,0,0,1,0,0,0,0,0,CLEAR,,,0,0,0,0,0.0,,,,,,,,,,REJECT_NO_VALIDATED_RULE,,,,,,True,False,True,True,False,True,True,True,0.0,0.0,0.0,0.0,20.0,0.0,0.0,0.0,20.0,0.5,False,True,False,4,False,0.0,0.0,G2RR×0.5 · G5추세붕괴4축,,0,0,0,,0.0,0,,False,0.0,0.0,False,,False,True,,0
44,077360,덕산하이메탈,KOSDAQ,반도체,14480,166.07,6579.3,0.0,0.0,WAIT,WAIT,3,False,1,True,31.6,31.6,18.4,31.9,67.7,0.0,32.3,39.3,49.3,38.4,2.22,0.0,RR2.2 + 진입적정,0,14480.0,12300.0,19330.0,21100.0,,0.74,0.65,15293,79.51,특이사항 없음,0,-27.19,43.0,-5.35,AI 강점,,저점 이탈,추세 관망,CRITICAL,75.3,반도체 제조업,16606683185.0,42.4,55.79,0,0,0.84,-0.14,-6.04,-20.04,10.45,144.59,-7.48,20.05,,0.253,0.066,1,12.0,0,0,1.8,0.42,0,0,0,0,-1,17764.0,-5.32,0.5931,False,O,▲,12797,▲,O,X,4.18,250,0,1,1,1,21750.0,enter,100.0,NORMAL+PM_BLOCK_INTRADAY+EF:정상,15.06,5.0,2.2,normal,7.0,v1_sl_first_gap_at_open,NORMAL+PM_BLOCK_INTRADAY+EF:정상,SWING_20D,80,SWING_60D,60,ATR_3.5x,45,0.0,반도체 제조업,7.3096000000000005,9.6216,1.0,0.1431531176006314,-0.040516509107769196,0.45962732919254656,OK,67.7,OK,21.519766022931538,21.519766022931538,4,1,0.55,0.25,0.2,STRUCT+TIMING+AI+SECTOR,default,50,20260612,20260612,,31.6,31.6,31.6,46.38,-9.6,FRESH,0.351,,False,0.3,True,MATURE,9296.0,2.225,0.849,0.849,0.0,0.0,0.0,v22_calibrated,,,,,,,,True,33.5,,ELITE_SCORE,MATURE,9296,2.4.0,OK,,100.0,ATTACK,OK,OK,OK,OK,OK,OK,OK,0,7,True,True,True,,0,GREEN,,,90.0,BUY,1,POC 80↑,0,0,0,0,,0.0,T=32<70,100.0,GREEN,,,0,False,0,BELOW_OFFICIAL_BAR,TOP_PICK=0,,35.0,IGNORE,IGNORE,FX_HIGH_REGIME,1,0,0,1,0,0,0,0,0,CLEAR,,,0,0,0,0,0.0,,,,,,,,,,REJECT_NO_VALIDATED_RULE,,,,,,True,False,True,True,True,True,True,True,0.0,0.0,0.0,0.0,0.0,0.0,0.0,0.0,0.0,0.5,False,False,False,2,False,16.2,0.5,G2RR×0.5,,0,0,0,,16.2,0,,False,0.0,0.0,False,,False,True,,0
45,086900,메디톡스,KOSDAQ,기타,85000,66.18,6203.7,0.0,0.0,WAIT,WAIT,3,False,1,True,26.8,26.8,0.0,37.8,86.8,0.0,31.0,41.5,86.8,0.0,2.11,0.0,RR2.1 + 진입적정,0,85000.0,74700.0,106700.0,109900.0,,1.79,0.9,96421,2.5,특이사항 없음,0,-17.44,34.7,-8.18,AI 강점,,저점 이탈,추세 관망,CRITICAL,75.3,기초 의약물질 제조업,6618341900.0,40.0,37.42,0,0,2.16,0.35,-10.24,-16.83,-27.41,-31.45,-4.27,-17.81,,0.879,0.054,1,12.0,0,0,1.5,0.29,0,0,0,0,-1,94310.0,-11.85,0.3346,False,X,▼,78587,▼,O,X,0.24,250,0,-1,-1,1,118500.0,enter,100.0,NORMAL+PM_BLOCK_INTRADAY+EF:정상,12.12,5.0,2.1,normal,7.0,v1_sl_first_gap_at_open,NORMAL+PM_BLOCK_INTRADAY+EF:정상,SWING_20D,80,BB_UPPER,75,SWING_60D,60,0.0,기초 의약물질 제조업,2.1077380952380955,-2.2075,9.0,0.06352941176470588,-0.19539993892201665,0.25,OK,86.8,OK,34.015728476821195,34.015728476821195,4,1,0.55,0.25,0.2,STRUCT+TIMING+AI+SECTOR,default,50,20260612,20260612,,26.8,26.8,26.8,46.38,-9.6,FRESH,0.351,,False,0.3,True,MATURE,9296.0,2.107,0.849,0.849,0.0,0.0,0.0,v22_calibrated,,,,,,,,True,25.5,,ELITE_SCORE,MATURE,9296,2.4.0,OK,,100.0,ATTACK,OK,OK,OK,OK,OK,OK,OK,0,7,True,True,True,,0,GREEN,,,90.0,BUY,1,,0,0,0,0,,0.0,T=38<70,100.0,GREEN,,,0,False,0,ENTRY_READY_BUT_NOT_TOP_PICK,TOP_PICK=0,진입조건은 양호하나 공식 Top Pick 아님,50.0,ENTRY_CLEAN_OBSERVE,ENTRY_CLEAN_OBSERVE,FX_HIGH_REGIME,1,0,0,1,0,0,0,0,0,CLEAR,,,0,0,0,0,0.0,,,,,,,,,,REJECT_NO_VALIDATED_RULE,,,,,,True,True,True,True,False,True,True,True,0.0,0.0,0.0,0.0,20.0,0.0,0.0,0.0,20.0,1.0,False,True,False,3,False,11.0,0.355,G5추세붕괴3축,,0,0,0,,11.0,0,,False,0.0,0.0,False,,False,True,,0
46,006800,미래에셋증권,KOSPI,서비스 기타,52300,2204.65,292653.5,0.0,0.0,WAIT,WAIT,3,False,1,True,29.1,29.1,11.1,30.6,76.7,0.0,30.3,39.5,65.6,18.0,3.2,0.0,RR3.2 + 진입적정,0,52300.0,44450.0,77400.0,87800.0,,-0.06,1.2,67806,-27.55,특이사항 없음,0,-22.63,19.3,-14.2,AI 강점,,저점 이탈,추세 관망,CRITICAL,75.3,금융 지원 서비스업,220465340900.0,42.9,46.96,0,0,2.35,-7.27,-15.65,-28.26,-26.23,145.46,-31.82,-72.61,,0.484,0.021,0,12.0,0,0,1.45,0.21,0,0,0,0,-1,61890.0,-22.87,0.2681,False,X,▲,49742,▼,O,X,6.07,250,0,1,1,1,,enter,100.0,NORMAL+PM_BLOCK_INTRADAY+EF:정상,15.01,4.0,3.2,normal,7.0,v1_sl_first_gap_at_open,NORMAL+PM_BLOCK_INTRADAY+EF:정상,SWING_20D,80,SWING_60D,60,,0,0.0,금융 지원 서비스업,1.6329629629629632,-10.275925925925925,12.0,0.08337885823545478,-0.050700714037822545,0.4473684210526316,OK,76.7,OK,50.0,50.0,4,1,0.55,0.25,0.2,STRUCT+TIMING+AI+SECTOR,default,50,20260612,20260612,,29.1,29.1,29.1,46.38,-9.6,FRESH,0.351,,False,0.3,True,MATURE,9296.0,3.197,0.849,0.849,0.0,0.0,0.0,v22_calibrated,,,,,,,,True,48.0,,ELITE_SCORE,MATURE,9296,2.4.0,OK,,100.0,ATTACK,OK,OK,OK,OK,OK,OK,OK,0,7,True,True,True,,0,GREEN,,,80.0,BUY,1,,0,0,0,0,,0.0,T=31<70,100.0,GREEN,,,0,False,0,ENTRY_READY_BUT_NOT_TOP_PICK,TOP_PICK=0,진입조건은 양호하나 공식 Top Pick 아님,50.0,ENTRY_CLEAN_OBSERVE,ENTRY_CLEAN_OBSERVE,FX_HIGH_REGIME,1,0,0,1,0,0,0,0,0,CLEAR,,,0,0,0,0,0.0,,,,,,,,,,REJECT_NO_VALIDATED_RULE,,,,,,True,False,True,True,False,True,True,True,0.0,0.0,0.0,0.0,20.0,0.0,0.0,0.0,20.0,0.5,False,True,False,4,False,0.0,0.0,G2RR×0.5 · G5추세붕괴4축,,0,0,0,,0.0,0,,False,0.0,0.0,False,,False,True,,0
47,161890,한국콜마,KOSPI,화학·소재,86400,198.62,20394.8,0.0,0.0,WAIT,WAIT,3,False,1,True,26.5,26.5,18.5,50.4,18.8,0.0,30.3,29.2,31.9,60.1,1.53,0.0,RR1.5 + 진입적정,0,86400.0,76100.0,102200.0,106200.0,,1.12,1.14,85364,13.64,특이사항 없음,0,-9.3,44.7,-1.32,TIMING 강점,,저점 이탈,추세 관망,CRITICAL,75.3,기타 화학제품 제조업,19861520750.0,48.1,24.5,0,0,0.35,3.47,-0.23,-11.29,24.32,35.42,-14.85,-22.06,,0.229,0.209,1,10.7,0,0,1.67,0.39,0,0,0,0,-1,92330.0,1.21,0.3785,False,O,▲,81069,▲,O,X,1.16,250,0,1,1,1,116400.0,enter,100.0,NORMAL+PM_BLOCK_INTRADAY+EF:정상,11.92,5.0,1.5,normal,7.0,v1_sl_first_gap_at_open,NORMAL+PM_BLOCK_INTRADAY+EF:정상,SWING_20D,80,SWING_60D,60,FIBO_1.272,40,0.0,기타 화학제품 제조업,6.03945945945946,-4.1432432432432424,8.0,0.05373677248677249,-0.030287599864806076,0.325,OK,18.8,OK,45.32056994200926,45.32056994200926,4,1,0.55,0.25,0.2,STRUCT+TIMING+AI+SECTOR,default,50,20260612,20260612,,26.5,26.5,26.5,46.38,-9.6,FRESH,0.351,,False,0.3,True,MATURE,9296.0,1.534,0.849,0.849,0.0,0.0,0.0,v22_calibrated,,,,,,,,True,18.3,,ELITE_SCORE,MATURE,9296,2.4.0,OK,,100.0,ATTACK,OK,OK,OK,OK,OK,OK,OK,0,7,True,True,True,,0,GREEN,,,90.0,BUY,1,,0,0,0,0,,0.0,T=50<70,100.0,GREEN,,,0,False,0,ENTRY_READY_BUT_NOT_TOP_PICK,TOP_PICK=0,진입조건은 양호하나 공식 Top Pick 아님,50.0,ENTRY_CLEAN_OBSERVE,ENTRY_CLEAN_OBSERVE,FX_HIGH_REGIME,1,0,0,1,0,0,0,0,0,CLEAR,,,0,0,0,0,0.0,,,,,,,,,,REJECT_NO_VALIDATED_RULE,,,,,,True,False,True,True,True,True,True,True,0.0,0.0,0.0,0.0,0.0,0.0,0.0,0.0,0.0,0.5,False,False,False,2,False,15.2,0.5,G2RR×0.5,,0,0,0,,15.2,0,,False,0.0,0.0,False,,False,True,,0
48,112610,씨에스윈드,KOSPI,기타,41500,120.77,17501.1,0.0,0.0,WAIT,WAIT,3,False,1,True,25.9,25.9,0.0,38.5,81.3,0.0,30.1,39.9,81.3,0.0,4.11,0.0,RR4.1 + 진입적정,0,41500.0,37700.0,57100.0,79400.0,,-1.34,0.78,61797,2.3,특이사항 없음,0,-15.89,21.7,-12.43,AI 강점,,MFI 약세,추세 관망,CRITICAL,75.3,"구조용 금속제품, 탱크 및 증기발생기 제조업",12077183625.0,23.9,40.48,0,0,2.34,-5.36,-13.54,-24.27,-25.89,-8.08,-27.83,-72.27,,0.887,0.154,1,12.0,1,0,2.05,0.14,0,0,0,0,-1,49085.0,-32.84,0.2629,False,X,▲,39741,▼,O,X,4.81,250,0,1,-1,1,,enter,100.0,SWING+PM_BLOCK_INTRADAY+EF:정상,9.16,5.0,4.1,normal,7.0,v1_sl_first_gap_at_open,SWING+PM_BLOCK_INTRADAY+EF:정상,SWING_20D,80,SWING_60D,60,,0,0.0,"구조용 금속제품, 탱크 및 증기발생기 제조업",2.1077380952380955,-2.2075,9.0,0.07882960413080896,-0.11458246332758813,0.34210526315789475,OK,81.3,OK,34.674878274752515,34.674878274752515,4,1,0.55,0.25,0.2,STRUCT+TIMING+AI+SECTOR,default,50,20260612,20260612,,25.9,25.9,25.9,46.38,-9.6,FRESH,0.351,,False,0.3,True,MATURE,9296.0,4.105,0.849,0.849,0.0,0.0,0.0,v22_calibrated,,,,,,,,True,37.6,,ELITE_SCORE,MATURE,9296,2.4.0,OK,,100.0,ATTACK,OK,OK,OK,OK,OK,OK,OK,0,7,True,True,True,,0,GREEN,,,90.0,BUY,1,,0,0,0,0,,0.0,T=38<70,100.0,GREEN,,,0,False,0,ENTRY_READY_BUT_NOT_TOP_PICK,TOP_PICK=0,진입조건은 양호하나 공식 Top Pick 아님,50.0,ENTRY_CLEAN_OBSERVE,ENTRY_CLEAN_OBSERVE,FX_HIGH_REGIME,1,0,0,1,0,0,0,0,0,CLEAR,,,0,0,0,0,0.0,,,,,,,,,,REJECT_NO_VALIDATED_RULE,,,,,,True,False,True,True,False,True,True,True,0.0,0.0,0.0,0.0,20.0,0.0,0.0,0.0,20.0,0.5,False,True,False,3,False,0.0,0.0,G2RR×0.5 · G5추세붕괴3축,,0,0,0,,0.0,0,,False,0.0,0.0,False,,False,True,,0
49,009830,한화솔루션,KOSPI,화학·소재,37000,809.56,63600.2,0.0,0.0,WAIT,WAIT,3,False,1,True,29.5,29.5,19.6,28.1,58.7,0.0,30.0,35.5,39.1,51.1,3.2,0.0,RR3.2 + 진입적정,0,37000.0,33450.0,48350.0,51200.0,,-1.6,1.02,44323,-27.64,특이사항 없음,0,-10.51,40.3,-8.21,AI 강점,,저점 이탈,추세 관망,CRITICAL,75.3,기초 화학물질 제조업,80955558775.0,49.5,31.37,0,0,0.14,-3.65,-9.09,-14.25,-19.65,34.3,-17.81,-66.03,,0.739,0.19,0,12.0,0,0,1.97,0.18,0,0,0,0,-1,44585.0,-16.52,0.1928,False,X,▲,35911,▼,O,X,2.84,250,0,1,1,1,56800.0,enter,100.0,SWING+PM_BLOCK_INTRADAY+EF:정상,9.59,4.0,3.2,normal,7.0,v1_sl_first_gap_at_open,SWING+PM_BLOCK_INTRADAY+EF:정상,SWING_20D,80,VP_RESISTANCE,65,SWING_60D,60,0.0,기초 화학물질 제조업,6.03945945945946,-4.1432432432432424,8.0,0.08214285714285714,0.004659487067161682,0.3902439024390244,OK,58.7,OK,38.80633459073026,38.80633459073026,4,1,0.55,0.25,0.2,STRUCT+TIMING+AI+SECTOR,default,50,20260612,20260612,,29.5,29.5,29.5,46.38,-9.6,FRESH,0.351,,False,0.3,True,MATURE,9296.0,3.197,0.849,0.849,0.0,0.0,0.0,v22_calibrated,,,,,,,,True,30.7,,ELITE_SCORE,MATURE,9296,2.4.0,OK,,100.0,ATTACK,OK,OK,OK,OK,OK,OK,OK,0,7,True,True,True,,0,GREEN,,,90.0,BUY,1,,0,0,0,0,,0.0,T=28<70,100.0,GREEN,,,0,False,0,ENTRY_READY_BUT_NOT_TOP_PICK,TOP_PICK=0,진입조건은 양호하나 공식 Top Pick 아님,50.0,ENTRY_CLEAN_OBSERVE,ENTRY_CLEAN_OBSERVE,FX_HIGH_REGIME,1,0,0,1,0,0,0,0,0,CLEAR,,,0,0,0,0,0.0,,,,,,,,,,REJECT_NO_VALIDATED_RULE,,,,,,True,False,True,True,False,True,True,True,0.0,0.0,0.0,0.0,20.0,0.0,0.0,0.0,20.0,0.5,False,True,False,4,False,0.0,0.0,G2RR×0.5 · G5추세붕괴4축,,0,0,0,,0.0,0,,False,0.0,0.0,False,,False,True,,0
50,126730,코칩,KOSDAQ,IT/전기전자,21500,89.33,1885.6,0.0,0.0,WAIT,WAIT,3,False,1,True,47.8,47.8,61.9,0.0,68.8,0.0,29.6,43.6,68.8,14.0,4.64,0.0,RR4.6 + 진입적정,0,21500.0,18270.0,36500.0,37650.0,,0.59,0.21,24337,-10.68,특이사항 없음,0,32.02,49.6,-2.59,AI 강점,STRUCT 보조,,추세 관망,CRITICAL,75.3,전자부품 제조업,8933157750.0,89.2,71.94,0,0,2.38,-8.51,-30.19,19.44,18.33,35.82,32.0,27.93,,0.482,0.397,0,12.0,1,0,1.38,0.31,0,0,0,0,1,18198.0,-11.66,-0.5091,False,O,▲,22436,▼,X,X,8.33,250,0,1,1,1,42450.0,split,50.0,NORMAL+PM_BLOCK_INTRADAY+EF:갭 7%+ 분할 진입+ENTRY:split,15.02,6.0,4.6,normal,7.0,v1_sl_first_gap_at_open,NORMAL+PM_BLOCK_INTRADAY+EF:갭 7%+ 분할 진입+ENTRY:split,SWING_20D,80,ATR_3.5x,45,FIBO_1.272,40,0.0,전자부품 제조업,0.10229729729729745,3.253243243243243,5.0,0.21408637873754155,0.08684632545419713,0.38,OK,68.8,OK,5.0,5.0,6,1,0.55,0.25,0.2,STRUCT+TIMING+AI+SECTOR,default,50,20260612,20260612,,47.8,47.8,47.8,46.38,-9.6,FRESH,0.351,,False,0.302,True,MATURE,9296.0,4.644,0.849,0.849,0.0,0.0,0.0,v22_calibrated,,,,,,,,True,69.8,,ELITE_SCORE,MATURE,9296,2.4.0,OK,,100.0,ATTACK,OK,OK,OK,OK,OK,OK,OK,0,7,True,True,True,,0,GREEN,,,75.0,BUY,1,,0,0,0,0,,0.0,T=0<70 · S=62≥50,100.0,GREEN,,,0,False,0,ENTRY_READY_BUT_NOT_TOP_PICK,TOP_PICK=0,진입조건은 양호하나 공식 Top Pick 아님,50.0,ENTRY_CLEAN_OBSERVE,ENTRY_CLEAN_OBSERVE,FX_HIGH_REGIME,1,0,0,1,0,0,0,0,0,CLEAR,,,0,0,0,0,0.0,,,,,,,,,,REJECT_NO_VALIDATED_RULE,,,,,,True,False,True,True,False,True,True,True,0.0,0.0,0.0,0.0,20.0,0.0,0.0,0.0,20.0,0.3,False,True,False,4,False,0.0,0.0,G2RR×0.3 · G5추세붕괴4축,,0,0,0,,0.0,0,,False,0.0,0.0,False,,False,True,,0
51,017800,현대엘리베이터,KOSPI,조선·기계·설비,79900,294.74,31234.8,0.0,0.0,WAIT,WAIT,3,False,1,True,21.1,21.1,0.0,48.6,44.7,0.0,29.0,31.1,48.6,39.2,1.79,0.0,RR1.8 + 진입적정,0,79900.0,71500.0,94900.0,104100.0,,1.18,1.18,88611,-10.33,특이사항 없음,0,-6.02,41.9,-1.61,,,저점 이탈,추세 관망,CRITICAL,75.3,일반 목적용 기계 제조업,29473848450.0,55.4,23.51,0,0,0.63,3.1,-0.62,-12.58,-8.16,-12.39,-16.14,-54.54,,0.946,0.151,0,9.3,0,0,0.84,0.3,0,0,0,0,-1,85760.0,-9.83,0.3305,False,X,▼,75442,▲,O,X,2.39,250,0,-1,-1,1,113400.0,enter,100.0,NORMAL+PM_BLOCK_INTRADAY+EF:정상,10.51,5.0,1.8,normal,7.0,v1_sl_first_gap_at_open,NORMAL+PM_BLOCK_INTRADAY+EF:정상,SWING_20D,80,SWING_60D,60,SWING_120D,45,0.0,일반 목적용 기계 제조업,9.421739130434784,5.0392753623188415,2.0,0.046397282317182195,-0.027942438047363044,0.2413793103448276,OK,44.7,OK,50.0,50.0,2,0,0.55,0.25,0.2,STRUCT+TIMING+AI+SECTOR,default,50,20260612,20260612,,21.1,21.1,21.1,46.38,-9.6,FRESH,0.351,,False,0.3,True,MATURE,9296.0,1.786,0.849,0.849,0.0,0.0,0.0,v22_calibrated,,,,,,,,True,18.8,,ELITE_SCORE,MATURE,9296,2.4.0,OK,,100.0,ATTACK,OK,OK,OK,OK,OK,OK,OK,0,7,True,True,True,,0,GREEN,,,90.0,BUY,1,,0,0,0,0,,0.0,T=49<70,100.0,GREEN,,,0,False,0,ENTRY_READY_BUT_NOT_TOP_PICK,TOP_PICK=0,진입조건은 양호하나 공식 Top Pick 아님,45.0,ENTRY_CLEAN_OBSERVE,ENTRY_CLEAN_OBSERVE,FX_HIGH_REGIME,1,0,0,1,0,0,0,0,0,CLEAR,,,0,0,0,0,0.0,,,,,,,,,,REJECT_NO_VALIDATED_RULE,,,,,,True,False,True,True,False,True,True,True,0.0,0.0,0.0,0.0,20.0,0.0,0.0,0.0,20.0,0.5,False,True,False,3,False,0.0,0.0,G2RR×0.5 · G5추세붕괴3축,,0,0,0,,0.0,0,,False,0.0,0.0,False,,False,True,,0
52,214430,아이쓰리시스템,KOSDAQ,IT/전기전자,74000,58.08,5407.3,0.0,0.0,WAIT,WAIT,3,False,1,True,22.8,22.8,0.0,39.1,65.1,0.0,28.4,34.7,65.1,18.6,1.51,0.0,RR1.5 + 진입적정,0,74000.0,62900.0,90800.0,93800.0,,1.84,1.07,91825,-23.53,특이사항 없음,0,-19.35,42.4,-4.32,AI 강점,,저점 이탈,추세 관망,CRITICAL,75.3,전자부품 제조업,5807823250.0,52.8,42.49,0,0,1.09,8.19,-12.43,-16.0,-28.5,6.02,-3.44,-18.9,,0.927,0.193,0,12.0,1,0,1.04,0.45,0,0,0,0,-1,85170.0,-19.41,0.615,False,X,▼,64445,▲,O,X,0.0,250,0,-1,-1,1,96800.0,enter,100.0,NORMAL+PM_BLOCK_INTRADAY+EF:정상,15.0,5.0,1.5,normal,7.0,v1_sl_first_gap_at_open,NORMAL+PM_BLOCK_INTRADAY+EF:정상,SWING_20D,80,BB_UPPER,75,VP_RESISTANCE,65,0.0,전자부품 제조업,0.10229729729729745,3.253243243243243,5.0,0.10135135135135136,-0.014764046582501805,0.36363636363636365,OK,65.1,OK,45.11271632928694,45.11271632928694,2,0,0.55,0.25,0.2,STRUCT+TIMING+AI+SECTOR,default,50,20260612,20260612,,22.8,22.8,22.8,46.38,-9.6,FRESH,0.351,,False,0.3,True,MATURE,9296.0,1.514,0.849,0.849,0.0,0.0,0.0,v22_calibrated,,,,,,,,True,22.7,,ELITE_SCORE,MATURE,9296,2.4.0,OK,,100.0,ATTACK,OK,OK,OK,OK,OK,OK,OK,0,7,True,True,True,,0,GREEN,,,100.0,BUY,1,,0,0,0,0,,0.0,T=39<70,100.0,GREEN,,,0,False,0,ENTRY_READY_BUT_NOT_TOP_PICK,TOP_PICK=0,진입조건은 양호하나 공식 Top Pick 아님,45.0,ENTRY_CLEAN_OBSERVE,ENTRY_CLEAN_OBSERVE,FX_HIGH_REGIME,1,0,0,1,0,0,0,0,0,CLEAR,,,0,0,0,0,0.0,,,,,,,,,,REJECT_NO_VALIDATED_RULE,,,,,,True,False,True,True,False,True,True,True,0.0,0.0,0.0,0.0,20.0,0.0,0.0,0.0,20.0,0.5,False,True,False,3,False,0.0,0.0,G2RR×0.5 · G5추세붕괴3축,,0,0,0,,0.0,0,,False,0.0,0.0,False,,False,True,,0
53,036460,한국가스공사,KOSPI,기타,36200,105.69,33417.3,0.0,0.0,WAIT,WAIT,3,False,1,True,25.2,25.2,18.6,42.9,21.4,0.0,28.4,27.6,24.3,69.6,0.98,0.0,진입적정,0,36200.0,33450.0,38900.0,40700.0,,1.45,0.99,36602,-6.9,특이사항 없음,0,-4.45,39.7,0.49,,,,추세 관망,CRITICAL,75.3,연료용 가스 제조 및 배관공급업,10569129400.0,46.5,16.66,0,0,1.26,4.62,1.97,-2.95,5.08,-12.56,-6.51,-41.3,,0.842,0.34,0,7.1,0,0,1.17,0.52,0,0,0,1,-1,37507.5,-1.1,0.2915,False,X,▼,34071,▲,O,X,0.7,250,0,-1,-1,1,45700.0,enter,100.0,NORMAL+PM_BLOCK_INTRADAY+EF:정상,7.6,5.0,1.0,normal,7.0,v1_sl_first_gap_at_open,NORMAL+PM_BLOCK_INTRADAY+EF:정상,SWING_20D,80,ATR_3.5x,45,SWING_120D,45,0.0,연료용 가스 제조 및 배관공급업,2.1077380952380955,-2.2075,9.0,0.03551696921862668,-0.04189821787617714,0.6086956521739131,OK,21.4,OK,56.61091127088117,56.61091127088117,4,1,0.55,0.25,0.2,STRUCT+TIMING+AI+SECTOR,default,50,20260612,20260612,,25.2,25.2,25.2,46.38,-9.6,FRESH,0.351,,False,0.3,True,MATURE,9296.0,0.982,0.849,0.849,0.0,0.0,0.0,v22_calibrated,,,,,,,,True,7.5,,ELITE_SCORE,MATURE,9296,2.4.0,OK,,100.0,ATTACK,OK,OK,OK,OK,OK,OK,OK,0,7,True,True,True,,0,GREEN,,,0.0,AVOID,0,RR 0.98,0,0,0,0,,0.0,T=43<70,100.0,GREEN,,,0,False,0,BELOW_OFFICIAL_BAR,TOP_PICK=0,,5.0,IGNORE,IGNORE,FX_HIGH_REGIME,1,0,0,1,0,0,0,0,0,CLEAR,,,0,0,0,0,0.0,,,,,,,,,,REJECT_NO_VALIDATED_RULE,,,,,,True,False,True,True,True,True,True,True,0.0,0.0,0.0,0.0,0.0,0.0,0.0,0.0,0.0,0.5,False,False,False,2,False,14.2,0.5,G2RR×0.5,,0,0,0,,14.2,0,,False,0.0,0.0,False,,False,True,,0
54,105840,우진,KOSPI,기타,18070,75.17,3649.7,0.0,0.0,WAIT,WAIT,3,False,1,True,24.3,24.3,0.0,28.7,85.4,0.0,27.4,38.0,85.4,0.0,2.07,0.0,RR2.1 + 진입적정,0,18070.0,15350.0,23700.0,26850.0,,-0.21,1.21,26343,-32.7,특이사항 없음,0,-16.77,31.5,-9.26,AI 강점,,저점 이탈,추세 관망,CRITICAL,75.3,"측정, 시험, 항해, 제어 및 기타 정밀기기 제조업; 광학기기 제외",7516527040.0,28.8,37.62,0,0,2.96,-1.04,-12.92,-22.11,-31.81,-10.77,-25.67,-78.19,,0.985,0.137,0,12.0,1,0,1.41,0.23,0,0,0,0,-1,21333.0,-31.41,0.3891,False,X,▼,16922,▼,O,X,2.62,250,0,-1,1,1,31700.0,enter,100.0,NORMAL+PM_BLOCK_INTRADAY+EF:정상,15.05,6.0,2.1,normal,7.0,v1_sl_first_gap_at_open,NORMAL+PM_BLOCK_INTRADAY+EF:정상,SWING_20D,80,VP_RESISTANCE,65,SWING_60D,60,0.0,"측정, 시험, 항해, 제어 및 기타 정밀기기 제조업; 광학기기 제외",2.1077380952380955,-2.2075,9.0,0.07961103644556883,-0.007822843509795242,0.8290598290598291,OK,85.4,OK,39.33990921860851,39.33990921860851,4,1,0.55,0.25,0.2,STRUCT+TIMING+AI+SECTOR,default,50,20260612,20260612,,24.3,24.3,24.3,46.38,-9.6,FRESH,0.351,,False,0.3,True,MATURE,9296.0,2.07,0.849,0.849,0.0,0.0,0.0,v22_calibrated,,,,,,,,True,31.2,,ELITE_SCORE,MATURE,9296,2.4.0,OK,,100.0,ATTACK,OK,OK,OK,OK,OK,OK,OK,0,7,True,True,True,,0,GREEN,,,90.0,BUY,1,,0,0,0,0,,0.0,T=29<70,100.0,GREEN,,,0,False,0,ENTRY_READY_BUT_NOT_TOP_PICK,TOP_PICK=0,진입조건은 양호하나 공식 Top Pick 아님,50.0,ENTRY_CLEAN_OBSERVE,ENTRY_CLEAN_OBSERVE,FX_HIGH_REGIME,1,0,0,1,0,0,0,0,0,CLEAR,,,0,0,0,0,0.0,,,,,,,,,,REJECT_NO_VALIDATED_RULE,,,,,,True,False,True,True,False,True,True,True,0.0,0.0,0.0,0.0,20.0,0.0,0.0,0.0,20.0,0.5,False,True,False,4,False,0.0,0.0,G2RR×0.5 · G5추세붕괴4축,,0,0,0,,0.0,0,,False,0.0,0.0,False,,False,True,,0
55,079550,LIG디펜스앤에어로스페이스,KOSPI,기타,772000,1639.96,169840.0,0.0,0.0,WAIT,WAIT,3,False,1,True,27.3,27.3,10.4,22.7,79.3,0.0,27.4,37.5,68.9,13.9,1.44,0.0,RR1.4 + 진입적정,0,772000.0,656000.0,939000.0,1118000.0,,1.58,0.94,839934,-8.23,특이사항 없음,0,-18.22,39.6,-4.61,AI 강점,,저점 이탈,추세 관망,CRITICAL,75.3,무기 및 총포탄 제조업,163996103500.0,36.3,33.56,0,0,1.05,6.34,-9.81,-11.57,5.75,107.25,-15.13,-40.63,,0.425,0.21,0,12.0,0,0,1.36,0.4,0,0,0,0,-1,857200.0,-8.09,0.5522,False,O,▲,710761,▲,O,X,0.0,250,0,1,1,1,1258000.0,enter,100.0,NORMAL+PM_BLOCK_INTRADAY+EF:정상,15.03,4.0,1.4,normal,7.0,v1_sl_first_gap_at_open,NORMAL+PM_BLOCK_INTRADAY+EF:정상,SWING_20D,80,SWING_60D,60,FIBO_1.272,40,0.0,무기 및 총포탄 제조업,2.1077380952380955,-2.2075,9.0,0.07466691339748335,-0.03647446021448846,0.6410256410256411,OK,79.3,OK,37.702792411295746,37.702792411295746,4,1,0.55,0.25,0.2,STRUCT+TIMING+AI+SECTOR,default,50,20260612,20260612,,27.3,27.3,27.3,46.38,-9.6,FRESH,0.351,,False,0.3,True,MATURE,9296.0,1.44,0.849,0.849,0.0,0.0,0.0,v22_calibrated,,,,,,,,True,21.6,,ELITE_SCORE,MATURE,9296,2.4.0,OK,,100.0,ATTACK,OK,OK,OK,OK,OK,OK,OK,0,7,True,True,True,,0,GREEN,,,100.0,BUY,1,,0,0,0,0,,0.0,T=23<70,100.0,GREEN,,,0,False,0,ENTRY_READY_BUT_NOT_TOP_PICK,TOP_PICK=0,진입조건은 양호하나 공식 Top Pick 아님,50.0,ENTRY_CLEAN_OBSERVE,ENTRY_CLEAN_OBSERVE,FX_HIGH_REGIME,1,0,0,1,0,0,0,0,0,CLEAR,,,0,0,0,0,0.0,,,,,,,,,,REJECT_NO_VALIDATED_RULE,,,,,,True,False,True,True,False,True,True,True,0.0,0.0,0.0,0.0,20.0,0.0,0.0,0.0,20.0,0.5,False,True,False,3,False,0.0,0.0,G2RR×0.5 · G5추세붕괴3축,,0,0,0,,0.0,0,,False,0.0,0.0,False,,False,True,,0
56,036170,에이치엠넥스,KOSDAQ,반도체,4340,77.6,2663.3,0.0,0.0,WAIT,WAIT,3,False,1,True,26.2,26.2,21.1,28.3,37.7,0.0,27.3,29.0,16.6,79.2,5.33,0.0,RR5.3 + 진입적정,0,4340.0,3685.0,7830.0,10240.0,,0.66,0.68,5965,147.88,특이사항 없음,0,-13.52,41.5,-13.65,,,저점 이탈,추세 관망,CRITICAL,75.3,반도체 제조업,7760420943.0,64.8,67.71,0,0,1.76,-12.5,0.93,-45.06,-17.33,404.65,-32.5,-7.73,,0.494,0.07,1,12.0,0,0,1.64,0.17,0,0,0,0,1,3328.0,-27.25,0.1464,False,X,▲,4574,▲,X,X,0.0,250,0,1,1,1,12080.0,enter,100.0,NORMAL+PM_BLOCK_INTRADAY+EF:정상,15.09,6.0,5.3,normal,7.0,v1_sl_first_gap_at_open,NORMAL+PM_BLOCK_INTRADAY+EF:정상,SWING_20D,80,SWING_60D,60,FIBO_1.272,40,0.0,반도체 제조업,7.3096000000000005,9.6216,1.0,0.15849242922975643,0.08189337196043361,0.49019607843137253,OK,37.7,OK,13.729813346867159,13.729813346867159,4,1,0.55,0.25,0.2,STRUCT+TIMING+AI+SECTOR,default,50,20260612,20260612,,26.2,26.2,26.2,46.38,-9.6,FRESH,0.351,,False,0.3,True,MATURE,9296.0,5.328,0.849,0.849,0.0,0.0,0.0,v22_calibrated,,,,,,,,True,80.4,,ELITE_SCORE,MATURE,9296,2.4.0,OK,,100.0,ATTACK,OK,OK,OK,OK,OK,OK,OK,0,7,True,True,True,,0,GREEN,,,0.0,AVOID,0,POC 148↑,0,1,1,0,,0.0,T=28<70,100.0,BLOCK,,초급등 후 단기 급락 — 눌림 착시/테마 붕괴 위험,0,False,0,EXCLUDED_ABNORMAL_HISTORY,ABNORMAL_HISTORY_GUARD,초급등 후 단기 급락 — 눌림 착시/테마 붕괴 위험,15.0,IGNORE,EXCLUDED_ABNORMAL_HISTORY,FX_HIGH_REGIME,1,0,0,1,0,0,0,0,1,BLOCK,SPIKE_REVERSAL,초급등 후 단기 급락 — 눌림 착시/테마 붕괴 위험,0,0,0,1,0.0,,,,,,,,,,REJECT_NO_VALIDATED_RULE,,,,,,True,False,True,True,True,True,True,True,0.0,0.0,0.0,0.0,0.0,0.0,0.0,0.0,0.0,0.5,False,False,False,1,False,13.6,0.5,G2RR×0.5,,0,0,0,,13.6,0,,False,0.0,0.0,False,,False,True,,0
57,030200,KT,KOSPI,IT/전기전자,54800,450.05,138107.9,0.0,0.0,WAIT,WAIT,3,False,1,True,22.2,22.2,13.8,43.4,18.6,0.0,26.2,25.3,29.6,63.0,1.51,0.0,RR1.5 + 진입적정,0,54800.0,50300.0,61600.0,65100.0,,1.02,1.4,58795,-9.56,특이사항 없음,0,0.39,47.6,-1.0,,,,추세 관망,CRITICAL,75.3,전기 통신업,45005438900.0,51.0,17.68,0,0,-8.67,1.48,5.59,-7.59,-6.96,6.82,-11.15,-53.34,,0.741,0.355,0,9.1,0,0,0.89,0.31,0,0,0,0,1,49570.0,-6.8,0.29,False,X,▲,55043,▲,X,X,-2.83,250,0,1,1,1,69400.0,enter,100.0,SWING+PM_BLOCK_INTRADAY+EF:정상,8.21,4.0,1.5,normal,7.0,v1_sl_first_gap_at_open,SWING+PM_BLOCK_INTRADAY+EF:정상,SWING_20D,80,SWING_60D,60,SWING_120D,45,0.0,전기 통신업,0.10229729729729745,3.253243243243243,5.0,0.04542492179353493,-0.10060597639359141,0.0,OK,18.6,OK,49.0,49.0,6,1,0.55,0.25,0.2,STRUCT+TIMING+AI+SECTOR,default,50,20260612,20260612,,22.2,22.2,22.2,46.38,-9.6,FRESH,0.351,,False,0.3,True,MATURE,9296.0,1.511,0.849,0.849,0.0,0.0,0.0,v22_calibrated,,,,,,,,True,12.4,,ELITE_SCORE,MATURE,9296,2.4.0,OK,,100.0,ATTACK,OK,OK,OK,OK,OK,OK,OK,0,7,True,True,True,,0,GREEN,,,70.0,BUY,1,전일 -8.7%,0,0,0,0,,0.0,T=43<70,100.0,GREEN,,,0,False,0,ENTRY_READY_BUT_NOT_TOP_PICK,TOP_PICK=0,진입조건은 양호하나 공식 Top Pick 아님,50.0,ENTRY_CLEAN_OBSERVE,ENTRY_CLEAN_OBSERVE,FX_HIGH_REGIME,1,0,0,1,0,0,0,0,0,CLEAR,,,0,0,0,0,0.0,,,,,,,,,,REJECT_NO_VALIDATED_RULE,,,,,,True,False,True,True,True,True,True,True,0.0,0.0,0.0,0.0,0.0,0.0,0.0,0.0,0.0,0.5,False,False,False,2,False,13.1,0.5,G2RR×0.5,,0,0,0,,13.1,0,,False,0.0,0.0,False,,False,True,,0
58,282330,BGF리테일,KOSPI,유통·소비재,129300,152.82,22348.1,0.0,0.0,WAIT,WAIT,3,False,1,True,21.0,21.0,10.8,44.6,19.5,0.0,25.8,25.0,33.8,57.8,1.34,0.0,RR1.3 + 진입적정,0,129300.0,116800.0,146000.0,153000.0,,0.38,1.74,132309,-6.19,특이사항 없음,0,-1.23,44.7,-1.11,,,,추세 관망,CRITICAL,75.3,종합 소매업,15282336350.0,51.9,16.72,0,0,1.02,-0.08,4.53,-3.29,3.86,17.97,-6.85,-42.52,,0.486,0.486,0,10.5,0,0,0.99,0.35,0,0,0,0,1,123680.0,-2.27,0.0864,False,X,▲,127995,▲,O,X,1.56,250,0,1,1,1,165700.0,enter,100.0,SWING+PM_BLOCK_INTRADAY+EF:정상,9.67,5.0,1.3,normal,7.0,v1_sl_first_gap_at_open,SWING+PM_BLOCK_INTRADAY+EF:정상,SWING_20D,80,ATR_3.5x,45,FIBO_1.618,25,0.0,종합 소매업,5.0564285714285715,-0.5635714285714287,6.0,0.05225941884874599,-0.023912550214890037,0.273972602739726,OK,19.5,OK,50.0,50.0,2,0,0.55,0.25,0.2,STRUCT+TIMING+AI+SECTOR,default,50,20260612,20260612,,21.0,21.0,21.0,46.38,-9.6,FRESH,0.351,,False,0.3,True,MATURE,9296.0,1.336,0.849,0.849,0.0,0.0,0.0,v22_calibrated,,,,,,,,True,12.9,,ELITE_SCORE,MATURE,9296,2.4.0,OK,,100.0,ATTACK,OK,OK,OK,OK,OK,OK,OK,0,7,True,True,True,,0,GREEN,,,90.0,BUY,1,,0,0,0,0,,0.0,T=45<70,100.0,GREEN,,,0,False,0,ENTRY_READY_BUT_NOT_TOP_PICK,TOP_PICK=0,진입조건은 양호하나 공식 Top Pick 아님,45.0,ENTRY_CLEAN_OBSERVE,ENTRY_CLEAN_OBSERVE,FX_HIGH_REGIME,1,0,0,1,0,0,0,0,0,CLEAR,,,0,0,0,0,0.0,,,,,,,,,,REJECT_NO_VALIDATED_RULE,,,,,,True,False,True,True,True,True,True,True,0.0,0.0,0.0,0.0,0.0,0.0,0.0,0.0,0.0,0.5,False,False,False,2,False,12.9,0.5,G2RR×0.5,,0,0,0,,12.9,0,,False,0.0,0.0,False,,False,True,,0
59,050890,쏠리드,KOSDAQ,IT/전기전자,12790,267.82,7770.8,0.0,0.0,WAIT,WAIT,3,False,1,True,30.6,30.6,24.0,9.8,74.8,0.0,25.4,36.2,65.0,18.8,3.18,0.0,RR3.2 + 진입적정,0,12790.0,10870.0,18900.0,20900.0,,0.62,0.59,16212,-23.29,특이사항 없음,0,-19.59,38.0,-14.65,AI 강점,,저점 이탈,추세 관망,CRITICAL,75.3,통신 및 방송 장비 제조업,26781617650.0,61.2,47.92,0,0,2.98,-5.33,-19.41,-23.18,3.65,60.68,-10.62,13.25,,0.729,0.099,0,12.0,1,0,2.94,0.15,0,0,0,0,-1,16727.0,-21.11,0.0922,False,X,▲,12311,▼,O,X,4.75,250,0,1,1,1,,enter,100.0,NORMAL+PM_BLOCK_INTRADAY+EF:정상,15.01,5.0,3.2,normal,7.0,v1_sl_first_gap_at_open,NORMAL+PM_BLOCK_INTRADAY+EF:정상,SWING_20D,80,SWING_60D,60,,0,0.0,통신 및 방송 장비 제조업,0.10229729729729745,3.253243243243243,5.0,0.11806098514464425,0.006859194096765223,0.4953271028037383,OK,74.8,OK,18.695765540514564,18.695765540514564,4,1,0.55,0.25,0.2,STRUCT+TIMING+AI+SECTOR,default,50,20260612,20260612,,30.6,30.6,30.6,46.38,-9.6,FRESH,0.351,,False,0.3,True,MATURE,9296.0,3.182,0.849,0.849,0.0,0.0,0.0,v22_calibrated,,,,,,,,True,47.8,,ELITE_SCORE,MATURE,9296,2.4.0,OK,,100.0,ATTACK,OK,OK,OK,OK,OK,OK,OK,0,7,True,True,True,,0,GREEN,,,90.0,BUY,1,,0,0,0,0,,0.0,T=10<70,100.0,GREEN,,,0,False,0,ENTRY_READY_BUT_NOT_TOP_PICK,TOP_PICK=0,진입조건은 양호하나 공식 Top Pick 아님,50.0,ENTRY_CLEAN_OBSERVE,ENTRY_CLEAN_OBSERVE,FX_HIGH_REGIME,1,0,0,1,0,0,0,0,0,CLEAR,,,0,0,0,0,0.0,,,,,,,,,,REJECT_NO_VALIDATED_RULE,,,,,,True,False,True,True,False,True,True,True,0.0,0.0,0.0,0.0,20.0,0.0,0.0,0.0,20.0,0.5,False,True,False,4,False,0.0,0.0,G2RR×0.5 · G5추세붕괴4축,,0,0,0,,0.0,0,,False,0.0,0.0,False,,False,True,,0
60,458870,씨어스,KOSDAQ,기타,29500,124.68,11227.6,0.0,0.0,WAIT,WAIT,3,False,1,True,22.3,22.3,0.0,24.8,80.6,0.0,25.0,35.1,80.6,0.0,2.75,0.0,RR2.8 + 진입적정,0,29500.0,25050.0,41750.0,64300.0,,0.7,1.07,43433,-23.95,특이사항 없음,0,-13.5,34.1,-9.04,AI 강점,,저점 이탈,추세 관망,CRITICAL,75.3,의료용 기기 제조업,12467906200.0,38.2,44.65,0,0,0.85,1.37,-6.35,-25.69,-47.78,-24.85,-13.13,-38.18,,0.966,0.036,0,12.0,1,0,0.77,0.19,0,0,0,0,-1,35260.0,-32.08,0.4484,False,X,▼,27242,▼,O,X,1.54,250,0,-1,-1,1,,enter,100.0,NORMAL+PM_BLOCK_INTRADAY+EF:정상,15.08,5.0,2.8,normal,7.0,v1_sl_first_gap_at_open,NORMAL+PM_BLOCK_INTRADAY+EF:정상,SWING_20D,80,SWING_60D,60,,0,0.0,의료용 기기 제조업,2.1077380952380955,-2.2075,9.0,0.08970944309927362,-0.03296341958778231,0.5740740740740741,OK,80.6,OK,35.85487462717896,35.85487462717896,2,0,0.55,0.25,0.2,STRUCT+TIMING+AI+SECTOR,default,50,20260612,20260612,,22.3,22.3,22.3,46.38,-9.6,FRESH,0.351,,False,0.3,True,MATURE,9296.0,2.753,0.849,0.849,0.0,0.0,0.0,v22_calibrated,,,,,,,,True,41.5,,ELITE_SCORE,MATURE,9296,2.4.0,OK,,100.0,ATTACK,OK,OK,OK,OK,OK,OK,OK,0,7,True,True,True,,0,GREEN,,,90.0,BUY,1,,0,0,0,0,,0.0,T=25<70,100.0,GREEN,,,0,False,0,ENTRY_READY_BUT_NOT_TOP_PICK,TOP_PICK=0,진입조건은 양호하나 공식 Top Pick 아님,45.0,ENTRY_CLEAN_OBSERVE,ENTRY_CLEAN_OBSERVE,FX_HIGH_REGIME,1,0,0,1,0,0,0,0,0,CLEAR,,,0,0,0,0,0.0,,,,,,,,,,REJECT_NO_VALIDATED_RULE,,,,,,True,False,True,True,False,True,True,True,0.0,0.0,0.0,0.0,20.0,0.0,0.0,0.0,20.0,0.5,False,True,False,4,False,0.0,0.0,G2RR×0.5 · G5추세붕괴4축,,0,0,0,,0.0,0,,False,0.0,0.0,False,,False,True,,0
61,010820,퍼스텍,KOSPI,기타,7800,67.19,3804.2,0.0,0.0,WAIT,WAIT,3,False,1,True,20.1,20.1,3.0,32.2,52.2,0.0,24.9,29.1,49.2,38.5,5.84,0.0,RR5.8 + 진입적정,0,7800.0,6980.0,12590.0,12960.0,,-0.7,0.65,11895,3.12,특이사항 없음,0,-26.46,21.6,-19.18,AI 강점,,저점 이탈,추세 관망,CRITICAL,75.3,무기 및 총포탄 제조업,6719445830.0,25.1,68.52,0,0,1.83,-5.45,-22.54,-37.0,-2.5,102.6,-40.56,-48.88,,0.588,0.18,1,12.0,0,0,6.08,0.11,0,0,0,0,-1,9979.0,-34.43,0.7337,False,X,▲,7113,▼,O,X,0.26,250,0,1,1,1,18730.0,enter,100.0,SWING+PM_BLOCK_INTRADAY+EF:정상,10.51,6.0,5.8,normal,7.0,v1_sl_first_gap_at_open,SWING+PM_BLOCK_INTRADAY+EF:정상,SWING_20D,80,BB_UPPER,75,SWING_60D,60,0.0,무기 및 총포탄 제조업,2.1077380952380955,-2.2075,9.0,0.09862637362637364,-0.011198191026423693,0.4,OK,52.2,OK,28.97269835353461,28.97269835353461,4,1,0.55,0.25,0.2,STRUCT+TIMING+AI+SECTOR,default,50,20260612,20260612,,20.1,20.1,20.1,46.38,-9.6,FRESH,0.351,,False,0.3,True,MATURE,9296.0,5.841,0.849,0.849,0.0,0.0,0.0,v22_calibrated,,,,,,,,True,61.4,,ELITE_SCORE,MATURE,9296,2.4.0,OK,,100.0,ATTACK,OK,OK,OK,OK,OK,OK,OK,0,7,True,True,True,,0,GREEN,,,90.0,BUY,1,,0,0,0,0,,0.0,T=32<70,100.0,GREEN,,,0,False,0,ENTRY_READY_BUT_NOT_TOP_PICK,TOP_PICK=0,진입조건은 양호하나 공식 Top Pick 아님,50.0,ENTRY_CLEAN_OBSERVE,ENTRY_CLEAN_OBSERVE,FX_HIGH_REGIME,1,0,0,1,0,0,0,0,0,CLEAR,,,0,0,0,0,0.0,,,,,,,,,,REJECT_NO_VALIDATED_RULE,,,,,,True,False,True,True,False,True,True,True,0.0,0.0,0.0,0.0,20.0,0.0,0.0,0.0,20.0,0.5,False,True,False,3,False,0.0,0.0,G2RR×0.5 · G5추세붕괴3축,,0,0,0,,0.0,0,,False,0.0,0.0,False,,False,True,,0
62,454910,두산로보틱스,KOSPI,조선·기계·설비,110400,1951.68,71561.3,0.0,0.0,WAIT,WAIT,3,False,1,True,32.8,32.8,43.1,15.5,25.9,0.0,24.6,28.2,27.6,65.5,3.59,0.0,RR3.6 + 진입적정,0,110400.0,93800.0,170000.0,195000.0,,-1.59,0.54,119609,6.73,특이사항 없음,0,5.91,51.0,-6.13,저점추세 양호,,,추세 관망,CRITICAL,75.3,특수 목적용 기계 제조업,195167845100.0,46.7,66.64,0,0,1.01,-21.31,9.96,7.6,25.45,32.22,4.04,-20.93,,0.336,0.208,1,12.0,1,0,1.07,0.23,0,0,0,0,-1,166840.0,-7.7,-1.2927,False,O,▼,129952,▼,X,X,3.39,250,0,-1,1,1,227000.0,enter,100.0,NORMAL+PM_BLOCK_INTRADAY+EF:정상,15.04,4.0,3.6,normal,7.0,v1_sl_first_gap_at_open,NORMAL+PM_BLOCK_INTRADAY+EF:정상,SWING_20D,80,FIBO_1.272,40,FIBO_1.618,25,0.0,특수 목적용 기계 제조업,9.421739130434784,5.0392753623188415,2.0,0.15249741200828157,-0.10367856122982029,0.5478260869565217,OK,25.9,OK,6.736233026220269,6.736233026220269,4,1,0.55,0.25,0.2,STRUCT+TIMING+AI+SECTOR,default,50,20260612,20260612,,32.8,32.8,32.8,46.38,-9.6,FRESH,0.351,,False,0.3,True,MATURE,9296.0,3.59,0.849,0.849,0.0,0.0,0.0,v22_calibrated,,,,,,,,True,54.0,,ELITE_SCORE,MATURE,9296,2.4.0,OK,,100.0,ATTACK,OK,OK,OK,OK,OK,OK,OK,0,7,True,True,True,,0,GREEN,,,90.0,BUY,1,,0,0,0,0,,0.0,T=16<70,100.0,GREEN,,,0,False,0,ENTRY_READY_BUT_NOT_TOP_PICK,TOP_PICK=0,진입조건은 양호하나 공식 Top Pick 아님,50.0,ENTRY_CLEAN_OBSERVE,ENTRY_CLEAN_OBSERVE,FX_HIGH_REGIME,1,0,0,1,0,0,0,0,0,CLEAR,,,0,0,0,0,0.0,,,,,,,,,,REJECT_NO_VALIDATED_RULE,,,,,,True,False,True,True,False,True,False,True,0.0,0.0,0.0,0.0,20.0,0.0,15.0,0.0,35.0,0.5,False,True,False,4,False,0.0,0.0,G2RR×0.5 · G5추세붕괴4축 · G7윗꼬리약세-15,,0,0,0,,0.0,0,,False,0.0,0.0,False,,False,True,,0
63,241560,두산밥캣,KOSPI,조선·기계·설비,64700,255.55,62018.9,0.0,0.0,WAIT,WAIT,3,False,1,True,19.8,19.8,10.0,43.6,16.9,0.0,24.6,23.5,33.6,58.0,0.87,0.0,진입적정,0,64700.0,56000.0,72300.0,79700.0,,0.61,1.19,67401,-0.29,특이사항 없음,3,-6.61,44.9,-2.41,,,저점 이탈,추세 관망,CRITICAL,75.3,특수 목적용 기계 제조업,25555266350.0,41.5,15.07,1,0,0.47,-1.67,-3.14,-7.97,12.13,8.74,-11.53,-34.25,,0.497,0.449,0,12.0,0,0,1.15,0.42,0,0,0,0,-1,75570.0,-4.01,0.1389,False,X,▲,63343,▼,O,X,5.43,250,0,1,1,1,86200.0,enter,100.0,NORMAL+PM_BLOCK_INTRADAY+EF:정상,13.45,4.0,0.9,normal,7.0,v1_sl_first_gap_at_open,NORMAL+PM_BLOCK_INTRADAY+EF:정상,SWING_20D,80,SWING_60D,60,FIBO_1.272,40,0.0,특수 목적용 기계 제조업,9.421739130434784,5.0392753623188415,2.0,0.07065577390152351,-0.01435668962152234,0.07142857142857142,OK,16.9,OK,50.0,50.0,6,1,0.55,0.25,0.2,STRUCT+TIMING+AI+SECTOR,default,50,20260612,20260612,,19.8,19.8,19.8,46.38,-9.6,FRESH,0.351,,False,0.3,True,MATURE,9296.0,0.874,0.849,0.849,0.0,0.0,0.0,v22_calibrated,,,,,,,,True,11.7,,ELITE_SCORE,MATURE,9296,2.4.0,OK,,100.0,ATTACK,OK,OK,OK,OK,OK,OK,OK,0,7,True,True,True,,0,GREEN,,,0.0,AVOID,0,RR 0.87,0,0,0,0,,0.0,T=44<70,100.0,GREEN,,,0,False,0,BELOW_OFFICIAL_BAR,TOP_PICK=0,,5.0,IGNORE,IGNORE,FX_HIGH_REGIME,1,0,0,1,0,0,0,0,0,CLEAR,,,0,0,0,0,0.0,,,,,,,,,,REJECT_NO_VALIDATED_RULE,,,,,,True,False,True,True,False,True,True,True,0.0,0.0,0.0,0.0,20.0,0.0,0.0,0.0,20.0,0.5,False,True,False,4,False,0.0,0.0,G2RR×0.5 · G5추세붕괴4축,,0,0,0,,0.0,0,,False,0.0,0.0,False,,False,True,,0
64,000100,유한양행,KOSPI,바이오·의약품,77200,183.56,61487.9,0.0,0.0,WAIT,WAIT,3,False,1,True,22.2,22.2,0.0,17.9,88.7,0.0,24.2,35.5,88.7,0.0,1.73,0.0,RR1.7 + 진입적정,0,77200.0,69500.0,90500.0,109200.0,,1.0,0.66,88647,-29.25,특이사항 없음,0,-10.38,38.0,-5.61,AI 강점,,저점 이탈,추세 관망,CRITICAL,75.3,의약품 제조업,18356389150.0,42.3,21.86,0,0,1.05,-0.39,-7.66,-8.85,-20.74,-33.45,-12.41,-67.12,,0.975,0.123,0,10.0,1,0,0.94,0.29,0,0,0,0,-1,84720.0,-12.91,0.142,False,X,▼,75185,▼,O,X,1.7,250,0,-1,-1,1,117500.0,enter,100.0,SWING+PM_BLOCK_INTRADAY+EF:정상,9.97,4.0,1.7,normal,7.0,v1_sl_first_gap_at_open,SWING+PM_BLOCK_INTRADAY+EF:정상,SWING_20D,80,VP_RESISTANCE,65,SWING_120D,45,0.0,의약품 제조업,-3.8524999999999996,0.4400000000000002,10.0,0.050240562546262024,-0.08474175881896044,0.65,OK,88.7,OK,29.639372658293958,29.639372658293958,2,0,0.55,0.25,0.2,STRUCT+TIMING+AI+SECTOR,default,50,20260612,20260612,,22.2,22.2,22.2,46.38,-9.6,FRESH,0.351,,False,0.3,True,MATURE,9296.0,1.727,0.849,0.849,0.0,0.0,0.0,v22_calibrated,,,,,,,,True,17.2,,ELITE_SCORE,MATURE,9296,2.4.0,OK,,100.0,ATTACK,OK,OK,OK,OK,OK,OK,OK,0,7,True,True,True,,0,GREEN,,,90.0,BUY,1,,0,0,0,0,,0.0,T=18<70,100.0,GREEN,,,0,False,0,ENTRY_READY_BUT_NOT_TOP_PICK,TOP_PICK=0,진입조건은 양호하나 공식 Top Pick 아님,45.0,ENTRY_CLEAN_OBSERVE,ENTRY_CLEAN_OBSERVE,FX_HIGH_REGIME,1,0,0,1,0,0,0,0,0,CLEAR,,,0,0,0,0,0.0,,,,,,,,,,REJECT_NO_VALIDATED_RULE,,,,,,True,False,True,True,False,True,False,True,0.0,0.0,0.0,0.0,20.0,0.0,15.0,0.0,35.0,0.5,False,True,False,4,False,0.0,0.0,G2RR×0.5 · G5추세붕괴4축 · G7윗꼬리약세-15,,0,0,0,,0.0,0,,False,0.0,0.0,False,,False,True,,0
65,004370,농심,KOSPI,유통·소비재,377500,99.85,22962.0,0.0,0.0,WAIT,WAIT,3,False,1,True,17.4,17.4,0.0,37.1,40.7,0.0,24.1,25.9,40.7,49.1,0.93,0.0,진입적정,0,377500.0,342500.0,410000.0,434500.0,,1.84,0.76,379812,-0.91,특이사항 없음,3,-4.46,41.0,-1.99,,,,추세 관망,CRITICAL,75.3,기타 식품 제조업,9984723500.0,46.1,10.75,1,0,0.67,1.07,-2.71,3.85,4.43,-12.31,0.29,-41.95,,0.77,0.39,0,8.6,0,0,1.15,0.42,0,0,0,0,1,354500.0,-0.61,0.0182,False,X,▼,369513,▼,O,X,0.0,250,0,-1,-1,1,459500.0,enter,100.0,SWING+PM_BLOCK_INTRADAY+EF:정상,9.27,5.0,0.9,normal,7.0,v1_sl_first_gap_at_open,SWING+PM_BLOCK_INTRADAY+EF:정상,SWING_20D,80,ATR_3.5x,45,SWING_120D,45,0.0,기타 식품 제조업,5.0564285714285715,-0.5635714285714287,6.0,0.04285714285714286,-0.013079492635559926,0.46153846153846156,OK,40.7,OK,34.25970413165017,34.25970413165017,6,1,0.55,0.25,0.2,STRUCT+TIMING+AI+SECTOR,default,50,20260612,20260612,,17.4,17.4,17.4,46.38,-9.6,FRESH,0.351,,False,0.3,True,MATURE,9296.0,0.929,0.849,0.849,0.0,0.0,0.0,v22_calibrated,,,,,,,,True,8.6,,ELITE_SCORE,MATURE,9296,2.4.0,OK,,100.0,ATTACK,OK,OK,OK,OK,OK,OK,OK,0,7,True,True,True,,0,GREEN,,,0.0,AVOID,0,RR 0.93,0,0,0,0,,0.0,T=37<70,100.0,GREEN,,,0,False,0,BELOW_OFFICIAL_BAR,TOP_PICK=0,,5.0,IGNORE,IGNORE,FX_HIGH_REGIME,1,0,0,1,0,0,0,0,0,CLEAR,,,0,0,0,0,0.0,,,,,,,,,,REJECT_NO_VALIDATED_RULE,,,,,,True,False,True,True,False,True,True,True,0.0,0.0,0.0,0.0,20.0,0.0,0.0,0.0,20.0,0.5,False,True,False,3,False,0.0,0.0,G2RR×0.5 · G5추세붕괴3축,,0,0,0,,0.0,0,,False,0.0,0.0,False,,False,True,,0
66,192820,코스맥스,KOSPI,화학·소재,168600,120.54,19135.3,0.0,0.0,WAIT,WAIT,3,False,1,True,24.4,24.4,10.3,15.5,74.2,0.0,24.0,33.3,63.9,20.1,1.47,0.0,RR1.5 + 진입적정,0,168600.0,151400.0,193900.0,234500.0,,0.46,0.98,194314,-13.4,특이사항 없음,0,-7.41,41.2,-3.02,AI 강점,,저점 이탈,추세 관망,CRITICAL,75.3,기타 화학제품 제조업,12054055950.0,53.9,19.26,0,0,1.63,1.63,-3.71,-9.89,-1.23,3.69,-13.45,-47.61,,0.904,0.323,0,10.3,0,0,1.31,0.33,0,0,0,0,-1,184030.0,-13.23,0.2593,False,X,▼,162111,▼,O,X,2.65,250,0,-1,1,1,,enter,100.0,SWING+PM_BLOCK_INTRADAY+EF:정상,10.2,5.0,1.5,normal,7.0,v1_sl_first_gap_at_open,SWING+PM_BLOCK_INTRADAY+EF:정상,SWING_20D,80,SWING_60D,60,,0,0.0,기타 화학제품 제조업,6.03945945945946,-4.1432432432432424,8.0,0.05147432638535842,-0.05922356235642505,0.2222222222222222,OK,74.2,OK,31.973096122940078,31.973096122940078,4,1,0.55,0.25,0.2,STRUCT+TIMING+AI+SECTOR,default,50,20260612,20260612,,24.4,24.4,24.4,46.38,-9.6,FRESH,0.351,,False,0.3,True,MATURE,9296.0,1.471,0.849,0.849,0.0,0.0,0.0,v22_calibrated,,,,,,,,True,15.0,,ELITE_SCORE,MATURE,9296,2.4.0,OK,,100.0,ATTACK,OK,OK,OK,OK,OK,OK,OK,0,7,True,True,True,,0,GREEN,,,90.0,BUY,1,,0,0,0,0,,0.0,T=16<70,100.0,GREEN,,,0,False,0,ENTRY_READY_BUT_NOT_TOP_PICK,TOP_PICK=0,진입조건은 양호하나 공식 Top Pick 아님,50.0,ENTRY_CLEAN_OBSERVE,ENTRY_CLEAN_OBSERVE,FX_HIGH_REGIME,1,0,0,1,0,0,0,0,0,CLEAR,,,0,0,0,0,0.0,,,,,,,,,,REJECT_NO_VALIDATED_RULE,,,,,,True,False,True,True,False,True,True,True,0.0,0.0,0.0,0.0,20.0,0.0,0.0,0.0,20.0,0.5,False,True,False,4,False,0.0,0.0,G2RR×0.5 · G5추세붕괴4축,,0,0,0,,0.0,0,,False,0.0,0.0,False,,False,True,,0
67,417200,LS머트리얼즈,KOSDAQ,IT/전기전자,16600,186.75,11230.3,0.0,0.0,WAIT,WAIT,3,False,1,True,25.0,25.0,15.1,14.4,65.4,0.0,23.9,31.6,51.0,36.2,5.38,0.0,RR5.4 + 진입적정,0,16600.0,15010.0,25150.0,25800.0,,-0.44,0.72,24170,-23.79,특이사항 없음,0,-20.17,23.1,-17.91,AI 강점,,저점 이탈,추세 관망,CRITICAL,75.3,전자부품 제조업,18674578075.0,38.9,54.83,0,0,1.78,-7.0,-25.89,-29.81,-22.97,39.5,-17.25,-13.37,,0.781,0.119,0,12.0,1,0,2.31,0.12,0,0,0,0,-1,21433.0,-31.32,0.3134,False,X,▲,15781,▼,O,X,4.66,250,0,1,1,1,32750.0,enter,100.0,SWING+PM_BLOCK_INTRADAY+EF:정상,9.58,5.0,5.4,normal,7.0,v1_sl_first_gap_at_open,SWING+PM_BLOCK_INTRADAY+EF:정상,SWING_20D,80,BB_UPPER,75,SWING_60D,60,0.0,전자부품 제조업,0.10229729729729745,3.253243243243243,5.0,0.10636833046471601,-0.02767117596390342,0.35537190082644626,OK,65.4,OK,22.84357003096226,22.84357003096226,4,1,0.55,0.25,0.2,STRUCT+TIMING+AI+SECTOR,default,50,20260612,20260612,,25.0,25.0,25.0,46.38,-9.6,FRESH,0.351,,False,0.3,True,MATURE,9296.0,5.377,0.849,0.849,0.0,0.0,0.0,v22_calibrated,,,,,,,,True,51.5,,ELITE_SCORE,MATURE,9296,2.4.0,OK,,100.0,ATTACK,OK,OK,OK,OK,OK,OK,OK,0,7,True,True,True,,0,GREEN,,,90.0,BUY,1,,0,0,0,0,,0.0,T=14<70,100.0,GREEN,,,0,False,0,ENTRY_READY_BUT_NOT_TOP_PICK,TOP_PICK=0,진입조건은 양호하나 공식 Top Pick 아님,50.0,ENTRY_CLEAN_OBSERVE,ENTRY_CLEAN_OBSERVE,FX_HIGH_REGIME,1,0,0,1,0,0,0,0,0,CLEAR,,,0,0,0,0,0.0,,,,,,,,,,REJECT_NO_VALIDATED_RULE,,,,,,True,False,True,True,False,True,True,True,0.0,0.0,0.0,0.0,20.0,0.0,0.0,0.0,20.0,0.5,False,True,False,4,False,0.0,0.0,G2RR×0.5 · G5추세붕괴4축,,0,0,0,,0.0,0,,False,0.0,0.0,False,,False,True,,0
68,088980,맥쿼리인프라,KOSPI,기타,11070,233.17,53016.7,0.0,,WAIT,WAIT,3,False,1,True,17.1,17.1,3.4,48.1,16.0,0.0,23.7,22.5,44.7,44.1,1.91,0.0,RR1.9 + 진입적정,0,11070.0,10720.0,11740.0,11950.0,,0.59,0.98,11194,-2.28,특이사항 없음,1,-2.83,51.0,0.49,,,,스퀴즈/품질 대기,CRITICAL,75.3,신탁업 및 집합투자업,23316882755.0,46.4,4.53,1,1,1.28,0.82,0.45,-0.98,-2.04,-4.82,-4.54,-48.42,,0.837,0.837,0,6.0,1,0,0.71,0.64,0,0,0,1,-1,11255.0,-1.11,0.0522,True,X,▼,10868,▲,O,X,0.55,250,0,-1,-1,1,,enter,100.0,NORMAL+PM_BLOCK_INTRADAY+EF:정상,3.16,4.0,1.9,normal,7.0,v1_sl_first_gap_at_open,NORMAL+PM_BLOCK_INTRADAY+EF:정상,ATR_3.5x,45,RR_LEGACY,35,,0,0.0,신탁업 및 집합투자업,2.1077380952380955,-2.2075,9.0,0.017292553877919732,-0.1287267331033922,0.14285714285714285,OK,16.0,OK,52.287375722499014,52.287375722499014,6,1,0.55,0.25,0.2,STRUCT+TIMING+AI+SECTOR,default,50,20260612,20260612,,17.1,17.1,17.1,46.38,-9.6,FRESH,0.351,elite_low_wr_0.35,True,0.3,True,MATURE,9296.0,1.914,0.849,0.849,0.0,0.0,,v22_calibrated,,,,,,,,True,6.1,,ELITE_SCORE,MATURE,9296,2.4.0,OK,,100.0,ATTACK,OK,OK,OK,OK,OK,OK,OK,0,7,True,True,True,,0,GREEN,,,100.0,BUY,1,,0,0,0,0,,0.0,T=48<70,100.0,GREEN,,,0,False,0,ENTRY_READY_BUT_NOT_TOP_PICK,TOP_PICK=0,진입조건은 양호하나 공식 Top Pick 아님,50.0,ENTRY_CLEAN_OBSERVE,ENTRY_CLEAN_OBSERVE,FX_HIGH_REGIME,1,0,0,1,0,0,0,0,0,CLEAR,,,0,0,0,0,0.0,,,,,,,,,,REJECT_NO_VALIDATED_RULE,,,,,,True,False,True,True,True,True,True,True,0.0,0.0,0.0,0.0,0.0,0.0,0.0,0.0,0.0,0.5,False,False,False,2,False,11.8,0.5,G2RR×0.5,,0,0,0,,11.8,0,,False,0.0,0.0,False,,False,True,,0
69,036570,NC,KOSPI,IT/전기전자,263000,363.84,56660.8,0.0,0.0,WAIT,WAIT,3,False,1,True,23.1,23.1,19.3,21.8,35.4,0.0,23.5,25.5,16.1,79.9,3.04,0.0,RR3.0 + 진입적정,0,263000.0,236500.0,343500.0,380500.0,,0.93,0.67,264927,18.31,특이사항 없음,0,-3.94,50.0,-4.58,,,,추세 관망,CRITICAL,75.3,소프트웨어 개발 및 공급업,36384258750.0,65.1,27.0,0,0,1.15,-6.57,-7.56,0.0,16.37,36.2,-3.56,-30.01,,0.222,0.222,1,12.0,1,0,1.46,0.19,0,0,0,0,1,252500.0,-0.73,-0.3606,False,O,▲,273857,▼,X,X,2.12,250,0,1,1,1,427000.0,enter,100.0,SWING+PM_BLOCK_INTRADAY+EF:정상,10.08,4.0,3.0,normal,7.0,v1_sl_first_gap_at_open,SWING+PM_BLOCK_INTRADAY+EF:정상,SWING_20D,80,FIBO_1.272,40,FIBO_1.618,25,0.0,소프트웨어 개발 및 공급업,0.10229729729729745,3.253243243243243,5.0,0.08772406300923412,0.7560587251714521,0.40625,OK,35.4,OK,11.475409111801767,11.475409111801767,4,1,0.55,0.25,0.2,STRUCT+TIMING+AI+SECTOR,default,50,20260612,20260612,,23.1,23.1,23.1,46.38,-9.6,FRESH,0.351,,False,0.3,True,MATURE,9296.0,3.038,0.849,0.849,0.0,0.0,0.0,v22_calibrated,,,,,,,,True,30.6,,ELITE_SCORE,MATURE,9296,2.4.0,OK,,100.0,ATTACK,OK,OK,OK,OK,OK,OK,OK,0,7,True,True,True,,0,GREEN,,,90.0,BUY,1,,0,0,0,0,,0.0,T=22<70,100.0,GREEN,,,0,False,0,ENTRY_READY_BUT_NOT_TOP_PICK,TOP_PICK=0,진입조건은 양호하나 공식 Top Pick 아님,50.0,ENTRY_CLEAN_OBSERVE,ENTRY_CLEAN_OBSERVE,FX_HIGH_REGIME,1,0,0,1,0,0,0,0,0,CLEAR,,,0,0,0,0,0.0,,,,,,,,,,REJECT_NO_VALIDATED_RULE,,,,,,True,False,True,True,False,True,True,True,0.0,0.0,0.0,0.0,20.0,0.0,0.0,0.0,20.0,0.5,False,True,False,3,False,0.0,0.0,G2RR×0.5 · G5추세붕괴3축,,0,0,0,,0.0,0,,False,0.0,0.0,False,,False,True,,0
70,011170,롯데케미칼,KOSPI,화학·소재,76500,114.54,32723.2,0.0,0.0,WAIT,WAIT,3,False,1,True,24.5,24.5,7.6,11.4,87.6,0.0,23.4,35.5,80.0,0.0,2.34,0.0,RR2.3 + 진입적정,0,76500.0,69400.0,93100.0,119500.0,,0.82,0.82,91013,-6.15,특이사항 없음,0,-7.13,39.5,-4.75,AI 강점,,저점 이탈,추세 관망,CRITICAL,75.3,기초 화학물질 제조업,11454248600.0,54.3,21.42,0,0,0.66,-1.29,-6.13,-11.36,10.71,5.66,-14.92,-35.67,,0.749,0.346,0,11.6,0,0,1.2,0.23,0,0,0,0,-1,87250.0,-15.95,0.2103,False,X,▼,74735,▼,O,X,3.03,250,0,-1,1,1,133300.0,enter,100.0,SWING+PM_BLOCK_INTRADAY+EF:정상,9.28,5.0,2.3,normal,7.0,v1_sl_first_gap_at_open,SWING+PM_BLOCK_INTRADAY+EF:정상,SWING_20D,80,SWING_60D,60,FIBO_1.272,40,0.0,기초 화학물질 제조업,6.03945945945946,-4.1432432432432424,8.0,0.05798319327731092,-0.01388315231986212,0.25806451612903225,OK,87.6,OK,28.218362562885577,28.218362562885577,4,1,0.55,0.25,0.2,STRUCT+TIMING+AI+SECTOR,default,50,20260612,20260612,,24.5,24.5,24.5,46.38,-9.6,FRESH,0.351,,False,0.3,True,MATURE,9296.0,2.338,0.849,0.849,0.0,0.0,0.0,v22_calibrated,,,,,,,,True,21.7,,ELITE_SCORE,MATURE,9296,2.4.0,OK,,100.0,ATTACK,OK,OK,OK,OK,OK,OK,OK,0,7,True,True,True,,0,GREEN,,,90.0,BUY,1,,0,0,0,0,,0.0,T=11<70,100.0,GREEN,,,0,False,0,ENTRY_READY_BUT_NOT_TOP_PICK,TOP_PICK=0,진입조건은 양호하나 공식 Top Pick 아님,50.0,ENTRY_CLEAN_OBSERVE,ENTRY_CLEAN_OBSERVE,FX_HIGH_REGIME,1,0,0,1,0,0,0,0,0,CLEAR,,,0,0,0,0,0.0,,,,,,,,,,REJECT_NO_VALIDATED_RULE,,,,,,True,False,True,True,False,True,True,True,0.0,0.0,0.0,0.0,20.0,0.0,0.0,0.0,20.0,0.5,False,True,False,4,False,0.0,0.0,G2RR×0.5 · G5추세붕괴4축,,0,0,0,,0.0,0,,False,0.0,0.0,False,,False,True,,0
71,388720,유일로보틱스,KOSDAQ,조선·기계·설비,83500,100.24,9837.4,0.0,0.0,WAIT,WAIT,3,False,1,True,20.3,20.3,4.6,24.0,59.0,0.0,23.3,29.2,54.4,32.0,4.67,0.0,RR4.7 + 진입적정,0,83500.0,76800.0,114800.0,155000.0,,-0.69,1.07,96500,-14.6,특이사항 없음,0,-3.88,38.9,-9.47,AI 강점,,,추세 관망,CRITICAL,75.3,특수 목적용 기계 제조업,10024068700.0,53.5,31.37,0,0,0.12,-9.73,-2.91,-16.25,-20.1,-8.64,-3.69,-10.5,,0.944,0.221,0,12.0,1,0,1.12,0.12,0,0,0,0,1,79900.0,-13.47,-0.249,False,X,▼,87190,▼,X,X,4.08,250,0,-1,1,1,,enter,100.0,SWING+PM_BLOCK_INTRADAY+EF:정상,8.02,5.0,4.7,normal,7.0,v1_sl_first_gap_at_open,SWING+PM_BLOCK_INTRADAY+EF:정상,SWING_20D,80,SWING_120D,45,,0,0.0,특수 목적용 기계 제조업,9.421739130434784,5.0392753623188415,2.0,0.10376390076988878,0.0011327407299582786,0.40625,OK,59.0,OK,27.869036009465628,27.869036009465628,2,0,0.55,0.25,0.2,STRUCT+TIMING+AI+SECTOR,default,50,20260612,20260612,,20.3,20.3,20.3,46.38,-9.6,FRESH,0.351,,False,0.3,True,MATURE,9296.0,4.672,0.849,0.849,0.0,0.0,0.0,v22_calibrated,,,,,,,,True,37.5,,ELITE_SCORE,MATURE,9296,2.4.0,OK,,100.0,ATTACK,OK,OK,OK,OK,OK,OK,OK,0,7,True,True,True,,0,GREEN,,,90.0,BUY,1,,0,0,0,0,,0.0,T=24<70,100.0,GREEN,,,0,False,0,ENTRY_READY_BUT_NOT_TOP_PICK,TOP_PICK=0,진입조건은 양호하나 공식 Top Pick 아님,45.0,ENTRY_CLEAN_OBSERVE,ENTRY_CLEAN_OBSERVE,FX_HIGH_REGIME,1,0,0,1,0,0,0,0,0,CLEAR,,,0,0,0,0,0.0,,,,,,,,,,REJECT_NO_VALIDATED_RULE,,,,,,True,False,True,True,False,True,True,True,0.0,0.0,0.0,0.0,20.0,0.0,0.0,0.0,20.0,0.5,False,True,False,4,False,0.0,0.0,G2RR×0.5 · G5추세붕괴4축,,0,0,0,,0.0,0,,False,0.0,0.0,False,,False,True,,0
72,218410,RFHIC,KOSDAQ,IT/전기전자,77000,369.76,20446.2,0.0,0.0,WAIT,WAIT,3,False,1,True,22.1,22.1,3.9,17.0,78.3,0.0,23.1,33.1,74.4,7.0,3.47,0.0,RR3.5 + 진입적정,0,77000.0,65400.0,117200.0,126900.0,,-0.19,1.03,91955,-8.54,특이사항 없음,0,-21.53,31.9,-14.38,AI 강점,,저점 이탈,추세 관망,CRITICAL,75.3,통신 및 방송 장비 제조업,36976303100.0,30.4,47.64,0,0,2.8,-7.0,-17.29,-26.88,-2.78,147.19,-14.32,6.82,,0.516,0.144,0,12.0,0,0,1.3,0.17,0,0,0,0,-1,97710.0,-16.26,0.1158,False,X,▲,73359,▼,O,X,5.47,250,0,1,1,1,,enter,100.0,NORMAL+PM_BLOCK_INTRADAY+EF:정상,15.06,5.0,3.5,normal,7.0,v1_sl_first_gap_at_open,NORMAL+PM_BLOCK_INTRADAY+EF:정상,SWING_20D,80,SWING_60D,60,,0,0.0,통신 및 방송 장비 제조업,0.10229729729729745,3.253243243243243,5.0,0.10473098330241187,-0.05249664248243173,0.29310344827586204,OK,78.3,OK,34.18375257883071,34.18375257883071,4,1,0.55,0.25,0.2,STRUCT+TIMING+AI+SECTOR,default,50,20260612,20260612,,22.1,22.1,22.1,46.38,-9.6,FRESH,0.351,,False,0.3,True,MATURE,9296.0,3.466,0.849,0.849,0.0,0.0,0.0,v22_calibrated,,,,,,,,True,52.2,,ELITE_SCORE,MATURE,9296,2.4.0,OK,,100.0,ATTACK,OK,OK,OK,OK,OK,OK,OK,0,7,True,True,True,,0,GREEN,,,90.0,BUY,1,,0,0,0,0,,0.0,T=17<70,100.0,GREEN,,,0,False,0,ENTRY_READY_BUT_NOT_TOP_PICK,TOP_PICK=0,진입조건은 양호하나 공식 Top Pick 아님,50.0,ENTRY_CLEAN_OBSERVE,ENTRY_CLEAN_OBSERVE,FX_HIGH_REGIME,1,0,0,1,0,0,0,0,0,CLEAR,,,0,0,0,0,0.0,,,,,,,,,,REJECT_NO_VALIDATED_RULE,,,,,,True,False,True,True,False,True,True,True,0.0,0.0,0.0,0.0,20.0,0.0,0.0,0.0,20.0,0.5,False,True,False,4,False,0.0,0.0,G2RR×0.5 · G5추세붕괴4축,,0,0,0,,0.0,0,,False,0.0,0.0,False,,False,True,,0
73,000155,두산우,KOSPI,기타,561000,128.76,22420.2,0.0,0.0,WAIT,WAIT,3,False,1,True,22.1,22.1,10.1,18.8,59.4,0.0,23.1,29.4,49.3,38.4,3.3,0.0,RR3.3 + 진입적정,0,561000.0,476500.0,840000.0,951000.0,,-1.51,0.8,591718,9.26,특이사항 없음,0,-4.15,42.5,-8.47,AI 강점,,,추세 관망,CRITICAL,75.3,기타,12875710000.0,56.6,36.34,0,0,1.08,-8.03,-3.94,-17.98,11.75,7.88,-21.54,-34.63,,0.311,0.168,1,12.0,1,0,1.02,0.16,0,0,0,0,-1,763700.0,-5.19,-0.1413,False,O,▲,573165,▼,X,X,6.49,250,0,1,1,1,1091000.0,enter,100.0,NORMAL+PM_BLOCK_INTRADAY+EF:정상,15.06,5.0,3.3,normal,7.0,v1_sl_first_gap_at_open,NORMAL+PM_BLOCK_INTRADAY+EF:정상,SWING_20D,80,FIBO_1.272,40,FIBO_1.618,25,0.0,기타,2.1077380952380955,-2.2075,9.0,0.12299465240641712,0.009816102853545774,0.5230769230769231,OK,59.4,OK,25.928098306095592,25.928098306095592,0,0,0.55,0.25,0.2,STRUCT+TIMING+AI+SECTOR,default,50,20260612,20260612,,22.1,22.1,22.1,46.38,-9.6,FRESH,0.351,,False,0.3,True,MATURE,9296.0,3.302,0.849,0.849,0.0,0.0,0.0,v22_calibrated,,,,,,,,True,49.7,,ELITE_SCORE,MATURE,9296,2.4.0,OK,,100.0,ATTACK,OK,OK,OK,OK,OK,OK,OK,0,7,True,True,True,,0,GREEN,,,90.0,BUY,1,,0,0,0,0,,0.0,T=19<70,100.0,GREEN,,,0,False,0,ENTRY_READY_BUT_NOT_TOP_PICK,TOP_PICK=0,진입조건은 양호하나 공식 Top Pick 아님,45.0,ENTRY_CLEAN_OBSERVE,ENTRY_CLEAN_OBSERVE,FX_HIGH_REGIME,1,0,0,1,0,0,0,0,0,CLEAR,,,0,0,0,0,0.0,,,,,,,,,,REJECT_NO_VALIDATED_RULE,,,,,,True,False,True,True,False,True,True,True,0.0,0.0,0.0,0.0,20.0,0.0,0.0,0.0,20.0,0.5,False,True,False,4,False,0.0,0.0,G2RR×0.5 · G5추세붕괴4축,,0,0,0,,0.0,0,,False,0.0,0.0,False,,False,True,,0
74,065350,신성델타테크,KOSDAQ,기타,41150,58.44,11309.6,0.0,0.0,WAIT,WAIT,3,False,1,True,18.7,18.7,0.0,23.6,64.1,0.0,22.4,29.2,64.1,19.9,1.96,0.0,RR2.0 + 진입적정,0,41150.0,34950.0,53300.0,67200.0,,2.05,0.76,52339,-29.84,특이사항 없음,0,-13.64,39.3,-7.15,AI 강점,,저점 이탈,추세 관망,CRITICAL,75.3,가정용 기기 제조업,5843547275.0,49.3,33.67,0,0,2.24,1.35,-7.94,-18.19,-37.65,-35.3,-5.63,-28.05,,0.991,0.086,0,12.0,1,0,1.19,0.24,0,0,0,0,-1,47675.0,-21.38,0.2435,False,X,▼,38657,▼,O,X,2.11,250,0,-1,-1,1,83000.0,enter,100.0,NORMAL+PM_BLOCK_INTRADAY+EF:정상,15.07,5.0,2.0,normal,7.0,v1_sl_first_gap_at_open,NORMAL+PM_BLOCK_INTRADAY+EF:정상,SWING_20D,80,SWING_60D,60,SWING_120D,45,0.0,가정용 기기 제조업,2.1077380952380955,-2.2075,9.0,0.07654921020656136,-0.1616847439659741,0.7045454545454546,OK,64.1,OK,34.76557996282702,34.76557996282702,4,1,0.55,0.25,0.2,STRUCT+TIMING+AI+SECTOR,default,50,20260612,20260612,,18.7,18.7,18.7,46.38,-9.6,FRESH,0.351,,False,0.3,True,MATURE,9296.0,1.96,0.849,0.849,0.0,0.0,0.0,v22_calibrated,,,,,,,,True,29.5,,ELITE_SCORE,MATURE,9296,2.4.0,OK,,100.0,ATTACK,OK,OK,OK,OK,OK,OK,OK,0,7,True,True,True,,0,GREEN,,,90.0,BUY,1,,0,0,0,0,,0.0,T=24<70,100.0,GREEN,,,0,False,0,ENTRY_READY_BUT_NOT_TOP_PICK,TOP_PICK=0,진입조건은 양호하나 공식 Top Pick 아님,50.0,ENTRY_CLEAN_OBSERVE,ENTRY_CLEAN_OBSERVE,FX_HIGH_REGIME,1,0,0,1,0,0,0,0,0,CLEAR,,,0,0,0,0,0.0,,,,,,,,,,REJECT_NO_VALIDATED_RULE,,,,,,True,False,True,True,False,True,True,True,0.0,0.0,0.0,0.0,20.0,0.0,0.0,0.0,20.0,0.5,False,True,False,4,False,0.0,0.0,G2RR×0.5 · G5추세붕괴4축,,0,0,0,,0.0,0,,False,0.0,0.0,False,,False,True,,0
75,126340,비나텍,KOSDAQ,2차전지,105600,82.62,7582.5,0.0,0.0,WAIT,WAIT,3,False,1,True,21.7,21.7,7.3,15.3,69.4,0.0,22.3,30.7,62.1,22.4,4.9,0.0,RR4.9 + 진입적정,0,105600.0,89700.0,183500.0,204500.0,,-1.2,0.56,141538,19.66,특이사항 없음,0,-25.14,32.0,-22.72,AI 강점,,저점 이탈,추세 관망,CRITICAL,75.3,일차전지 및 이차전지 제조업,8262085300.0,35.9,67.36,0,0,1.64,-13.16,-30.57,-36.46,-23.75,39.33,-23.9,-14.15,,0.651,0.163,1,12.0,0,0,1.46,0.12,0,0,0,0,-1,141420.0,-25.39,0.2623,False,X,▲,101020,▼,O,X,7.41,250,0,1,1,1,235500.0,split,50.0,NORMAL+PM_BLOCK_INTRADAY+EF:갭 7%+ 분할 진입+ENTRY:split,15.06,5.0,4.9,normal,7.0,v1_sl_first_gap_at_open,NORMAL+PM_BLOCK_INTRADAY+EF:갭 7%+ 분할 진입+ENTRY:split,SWING_20D,80,SWING_60D,60,FIBO_1.272,40,0.0,일차전지 및 이차전지 제조업,-3.6455555555555557,-21.337777777777777,16.0,0.141504329004329,-0.09652842434839871,0.1111111111111111,OK,69.4,OK,22.761589417495365,22.761589417495365,4,1,0.55,0.25,0.2,STRUCT+TIMING+AI+SECTOR,default,50,20260612,20260612,,21.7,21.7,21.7,46.38,-9.6,FRESH,0.351,,False,0.3,True,MATURE,9296.0,4.899,0.849,0.849,0.0,0.0,0.0,v22_calibrated,,,,,,,,True,73.8,,ELITE_SCORE,MATURE,9296,2.4.0,OK,,100.0,ATTACK,OK,OK,OK,OK,OK,OK,OK,0,7,True,True,True,,0,GREEN,,,90.0,BUY,1,,0,0,0,0,,0.0,T=15<70,100.0,GREEN,,,0,False,0,ENTRY_READY_BUT_NOT_TOP_PICK,TOP_PICK=0,진입조건은 양호하나 공식 Top Pick 아님,50.0,ENTRY_CLEAN_OBSERVE,ENTRY_CLEAN_OBSERVE,FX_HIGH_REGIME,1,0,0,1,0,0,0,0,0,CLEAR,,,0,0,0,0,0.0,,,,,,,,,,REJECT_NO_VALIDATED_RULE,,,,,,True,False,True,True,False,True,True,True,0.0,0.0,0.0,0.0,20.0,0.0,0.0,0.0,20.0,0.5,False,True,False,3,False,0.0,0.0,G2RR×0.5 · G5추세붕괴3축,,0,0,0,,0.0,0,,False,0.0,0.0,False,,False,True,,0
76,024840,KBI메탈,KOSDAQ,철강·금속,4500,156.49,1868.6,0.0,0.0,WAIT,WAIT,3,False,1,True,22.4,22.4,7.1,12.0,77.6,0.0,22.2,32.2,70.5,11.9,6.0,0.0,RR6.0 + 진입적정,0,4500.0,3825.0,8550.0,11760.0,,0.68,0.69,5886,52.29,특이사항 없음,0,-24.01,29.6,-20.02,AI 강점,,저점 이탈,추세 관망,CRITICAL,75.3,1차 비철금속 제조업,15649139146.0,55.4,88.47,0,0,0.11,0.67,-24.24,-41.1,103.62,170.43,-28.54,113.22,,0.412,0.132,1,12.0,0,0,0.84,0.14,0,0,0,0,-1,6581.0,-23.56,1.122,False,O,▲,3937,▲,O,X,6.23,249,0,1,1,1,14420.0,enter,100.0,NORMAL+WARN:ATR%=21.4% > 20% — 이상치 의심+PM_BLOCK_INTRADAY+EF:정상,15.0,6.0,6.0,normal,7.0,v1_sl_first_gap_at_open,NORMAL+WARN:ATR%=21.4% > 20% — 이상치 의심+PM_BLOCK_INTRADAY+EF:정상,SWING_20D,80,SWING_60D,60,FIBO_1.272,40,0.0,1차 비철금속 제조업,-2.065555555555555,-22.175555555555558,15.0,0.18666666666666668,-0.003259125229657405,0.5422535211267606,OK,77.6,OK,19.80811281609012,19.80811281609012,2,0,0.55,0.25,0.2,STRUCT+TIMING+AI+SECTOR,default,50,20260612,20260612,,22.4,22.4,22.4,46.38,-9.6,FRESH,0.351,,False,0.3,True,MATURE,9296.0,6.0,0.849,0.849,0.0,0.0,0.0,v22_calibrated,,,,,,,,True,90.0,,ELITE_SCORE,MATURE,9296,2.4.0,OK,,100.0,ATTACK,OK,OK,OK,OK,OK,OK,OK,0,7,True,True,True,,0,GREEN,,,80.0,BUY,1,POC 52↑,0,0,0,0,,0.0,T=12<70,100.0,GREEN,,,0,False,0,BELOW_OFFICIAL_BAR,TOP_PICK=0,EBS 미통과/불명,30.0,IGNORE,IGNORE,FX_HIGH_REGIME,1,0,0,1,0,0,0,0,0,CLEAR,,,0,0,0,0,0.0,,,,,,,,,,REJECT_NO_VALIDATED_RULE,,,,,,True,False,True,True,True,True,False,True,0.0,0.0,0.0,0.0,0.0,0.0,15.0,0.0,15.0,0.5,False,False,False,2,False,0.0,0.0,G2RR×0.5 · G7윗꼬리약세-15,,0,0,0,,0.0,0,,False,0.0,0.0,False,,False,True,,0
77,00680K,미래에셋증권2우B,KOSPI,기타,14220,65.33,19410.3,0.0,0.0,WAIT,WAIT,3,False,1,True,16.7,16.7,0.0,30.7,44.9,0.0,22.2,25.2,44.9,43.9,3.03,0.0,RR3.0 + 진입적정,0,14220.0,12080.0,20700.0,24250.0,,0.69,0.65,19161,24.45,특이사항 없음,0,-18.93,25.7,-12.44,,,MFI 약세,추세 관망,CRITICAL,75.3,기타,6532779165.0,23.8,48.36,0,0,2.3,-4.82,-12.6,-29.43,-35.07,46.25,-32.99,-81.45,,0.643,0.056,1,12.0,0,0,0.92,0.19,0,0,0,0,-1,16972.0,-25.79,0.4173,False,X,▲,13277,▼,O,X,2.88,250,0,1,1,1,,enter,100.0,NORMAL+PM_BLOCK_INTRADAY+EF:정상,15.05,5.0,3.0,normal,7.0,v1_sl_first_gap_at_open,NORMAL+PM_BLOCK_INTRADAY+EF:정상,SWING_20D,80,SWING_60D,60,,0,0.0,기타,2.1077380952380955,-2.2075,9.0,0.081374321880651,-0.018441556737714956,0.6419753086419753,OK,44.9,OK,27.61665305919501,27.61665305919501,2,0,0.55,0.25,0.2,STRUCT+TIMING+AI+SECTOR,default,50,20260612,20260612,,16.7,16.7,16.7,46.38,-9.6,FRESH,0.351,,False,0.3,True,MATURE,9296.0,3.028,0.849,0.849,0.0,0.0,0.0,v22_calibrated,,,,,,,,True,45.6,,ELITE_SCORE,MATURE,9296,2.4.0,OK,,100.0,ATTACK,OK,OK,OK,OK,OK,OK,OK,0,7,True,True,True,,0,GREEN,,,90.0,BUY,1,,0,0,0,0,,0.0,T=31<70,100.0,GREEN,,,0,False,0,ENTRY_READY_BUT_NOT_TOP_PICK,TOP_PICK=0,진입조건은 양호하나 공식 Top Pick 아님,45.0,ENTRY_CLEAN_OBSERVE,ENTRY_CLEAN_OBSERVE,FX_HIGH_REGIME,1,0,0,1,0,0,0,0,0,CLEAR,,,0,0,0,0,0.0,,,,,,,,,,REJECT_NO_VALIDATED_RULE,,,,,,True,False,True,True,False,True,False,True,0.0,0.0,0.0,0.0,20.0,0.0,15.0,0.0,35.0,0.5,False,True,False,3,False,0.0,0.0,G2RR×0.5 · G5추세붕괴3축 · G7윗꼬리약세-15,,0,0,0,,0.0,0,,False,0.0,0.0,False,,False,True,,0
78,125490,한라캐스트,KOSDAQ,자동차·모빌리티,13630,311.26,4975.3,0.0,0.0,WAIT,WAIT,3,False,1,True,21.0,21.0,7.0,17.4,64.0,0.0,22.2,29.5,57.0,28.8,1.94,0.7,RR1.9 + 진입적정,0,13540.0,11500.0,17770.0,19780.0,,2.08,1.66,16037,-26.97,특이사항 없음,0,-18.47,39.0,-2.76,AI 강점,,저점 이탈,추세 관망,CRITICAL,75.3,자동차 신품 부품 제조업,31126036600.0,51.7,48.64,0,0,7.41,14.63,-9.68,-21.94,-17.69,-20.8,-9.38,-8.09,,0.968,0.068,0,12.0,0,0,1.39,0.43,0,0,0,0,-1,15195.0,-15.01,0.6633,False,X,▼,11401,▲,O,X,2.44,197,0,-1,0,0,25350.0,enter,100.0,NORMAL+PM_BLOCK_INTRADAY+EF:정상,15.07,6.0,2.1,normal,7.0,v1_sl_first_gap_at_open,NORMAL+PM_BLOCK_INTRADAY+EF:정상,SWING_20D,80,SWING_60D,60,SWING_120D,45,0.0,자동차 신품 부품 제조업,9.936315789473685,2.4005263157894725,3.0,0.11068022219893094,-0.005332407707491508,0.6480446927374302,OK,64.0,OK,22.0,22.0,4,1,0.55,0.25,0.2,STRUCT+TIMING+AI+SECTOR,default,50,20260612,20260612,,21.0,21.0,21.0,46.38,-9.6,FRESH,0.351,,False,0.3,True,MATURE,9296.0,2.074,0.849,0.849,0.0,0.0,0.0,v22_calibrated,,,,,,,,True,30.4,,ELITE_SCORE,MATURE,9296,2.4.0,OK,,100.0,ATTACK,OK,OK,OK,OK,OK,OK,OK,0,7,True,True,True,,0,GREEN,,,100.0,BUY,1,,0,0,0,0,,0.0,T=17<70,100.0,GREEN,,,0,False,0,ENTRY_READY_BUT_NOT_TOP_PICK,TOP_PICK=0,진입조건은 양호하나 공식 Top Pick 아님,50.0,ENTRY_CLEAN_OBSERVE,ENTRY_CLEAN_OBSERVE,FX_HIGH_REGIME,1,0,0,1,0,0,0,0,0,CLEAR,,,0,0,0,0,0.0,,,,,,,,,,REJECT_NO_VALIDATED_RULE,,,,,,True,False,True,True,False,True,True,True,0.0,0.0,0.0,0.0,20.0,0.0,0.0,0.0,20.0,0.5,False,True,False,3,False,0.0,0.0,G2RR×0.5 · G5추세붕괴3축,,0,0,0,,0.0,0,,False,0.0,0.0,False,,False,True,,0
79,077970,STX엔진,KOSPI,조선·기계·설비,32300,177.28,12967.8,0.0,0.0,WAIT,WAIT,3,False,1,True,19.6,19.6,0.0,18.7,74.4,0.0,22.0,31.0,74.4,7.0,6.09,0.0,RR6.1 + 진입적정,0,32300.0,28950.0,52700.0,67700.0,,-0.24,1.04,47022,-12.86,특이사항 없음,0,-24.86,27.4,-18.69,AI 강점,,저점 이탈,추세 관망,CRITICAL,75.3,일반 목적용 기계 제조업,17728312800.0,39.2,63.79,0,0,2.05,-3.87,-21.6,-34.35,-4.15,-12.82,-37.91,-50.53,,0.968,0.266,0,12.0,1,0,2.08,0.11,0,0,0,0,-1,39810.0,-31.31,0.6638,False,X,▼,29511,▼,O,X,5.85,250,0,-1,-1,1,,enter,100.0,SWING+PM_BLOCK_INTRADAY+EF:정상,10.37,5.0,6.1,normal,7.0,v1_sl_first_gap_at_open,SWING+PM_BLOCK_INTRADAY+EF:정상,SWING_20D,80,SWING_60D,60,,0,0.0,일반 목적용 기계 제조업,9.421739130434784,5.0392753623188415,2.0,0.10471030517470147,-0.03350507339960472,0.027777777777777776,OK,74.4,OK,36.66499065932244,36.66499065932244,4,1,0.55,0.25,0.2,STRUCT+TIMING+AI+SECTOR,default,50,20260612,20260612,,19.6,19.6,19.6,46.38,-9.6,FRESH,0.351,,False,0.3,True,MATURE,9296.0,6.09,0.849,0.849,0.0,0.0,0.0,v22_calibrated,,,,,,,,True,63.2,,ELITE_SCORE,MATURE,9296,2.4.0,OK,,100.0,ATTACK,OK,OK,OK,OK,OK,OK,OK,0,7,True,True,True,,0,GREEN,,,90.0,BUY,1,,0,0,0,0,,0.0,T=19<70,100.0,GREEN,,,0,False,0,ENTRY_READY_BUT_NOT_TOP_PICK,TOP_PICK=0,진입조건은 양호하나 공식 Top Pick 아님,50.0,ENTRY_CLEAN_OBSERVE,ENTRY_CLEAN_OBSERVE,FX_HIGH_REGIME,1,0,0,1,0,0,0,0,0,CLEAR,,,0,0,0,0,0.0,,,,,,,,,,REJECT_NO_VALIDATED_RULE,,,,,,True,False,True,True,False,True,True,True,0.0,0.0,0.0,0.0,20.0,0.0,0.0,0.0,20.0,0.5,False,True,False,4,False,0.0,0.0,G2RR×0.5 · G5추세붕괴4축,,0,0,0,,0.0,0,,False,0.0,0.0,False,,False,True,,0
80,005380,현대차,KOSPI,자동차·모빌리티,607000,9370.27,1242879.6,0.0,0.0,WAIT,WAIT,3,False,1,True,22.0,22.0,9.6,13.3,66.8,0.0,21.9,29.9,57.2,28.5,2.79,0.0,RR2.8 + 진입적정,0,607000.0,544000.0,783000.0,875000.0,,-0.69,0.75,605506,18.09,특이사항 없음,0,-1.58,39.9,-8.89,AI 강점,,,추세 관망,CRITICAL,75.3,자동차용 엔진 및 자동차 제조업,937027433000.0,55.5,28.88,0,0,1.68,-13.29,-10.34,-14.51,19.96,105.41,-18.07,-26.42,,0.222,0.143,1,12.0,0,0,0.95,0.21,65556,49774,115330,0,-1,759500.0,0.25,-0.4903,False,O,▲,643915,▼,X,X,6.37,250,0,1,1,1,992000.0,enter,100.0,SWING+PM_BLOCK_INTRADAY+EF:정상,10.38,4.0,2.8,normal,7.0,v1_sl_first_gap_at_open,SWING+PM_BLOCK_INTRADAY+EF:정상,SWING_20D,80,FIBO_1.272,40,FIBO_1.618,25,0.0,자동차용 엔진 및 자동차 제조업,9.936315789473685,2.4005263157894725,3.0,0.08684396328547894,-0.05534460308991101,0.225,OK,66.8,OK,13.743119607998278,13.743119607998278,0,0,0.55,0.25,0.2,STRUCT+TIMING+AI+SECTOR,default,50,20260612,20260612,,22.0,22.0,22.0,46.38,-9.6,FRESH,0.351,,False,0.3,True,MATURE,9296.0,2.794,0.849,0.849,0.0,0.0,0.0,v22_calibrated,,,,,,,,True,29.0,,ELITE_SCORE,MATURE,9296,2.4.0,OK,,100.0,ATTACK,OK,OK,OK,OK,OK,OK,OK,0,7,True,True,True,,0,GREEN,,,90.0,BUY,1,,0,0,0,0,,0.0,T=13<70,100.0,GREEN,,,0,False,0,ENTRY_READY_BUT_NOT_TOP_PICK,TOP_PICK=0,진입조건은 양호하나 공식 Top Pick 아님,45.0,ENTRY_CLEAN_OBSERVE,ENTRY_CLEAN_OBSERVE,FX_HIGH_REGIME,1,0,0,1,0,0,0,0,0,CLEAR,,,0,0,0,0,0.0,,,,,,,,,,REJECT_NO_VALIDATED_RULE,,,,,,True,False,True,True,False,True,True,True,0.0,0.0,0.0,0.0,20.0,0.0,0.0,0.0,20.0,0.5,False,True,False,4,False,0.0,0.0,G2RR×0.5 · G5추세붕괴4축,,0,0,0,,0.0,0,,False,0.0,0.0,False,,False,True,,0
81,466100,클로봇,KOSDAQ,IT/전기전자,36450,134.29,9279.9,0.0,0.0,WAIT,WAIT,3,False,1,True,18.5,18.5,0.0,19.4,68.4,0.0,21.4,29.3,68.4,14.5,2.55,0.0,RR2.5 + 진입적정,0,36450.0,30950.0,50500.0,59800.0,,-0.76,0.86,47623,-40.62,특이사항 없음,0,-18.03,40.2,-12.25,AI 강점,,저점 이탈,추세 관망,CRITICAL,75.3,소프트웨어 개발 및 공급업,13429029525.0,69.0,37.45,0,0,1.11,-15.62,-12.69,-21.36,-33.85,-29.09,-8.8,-24.25,,0.995,0.004,0,12.0,1,0,1.17,0.27,0,0,0,0,-1,48465.0,-23.46,-0.4516,False,X,▼,37859,▼,X,X,3.19,250,0,-1,-1,1,61400.0,enter,100.0,NORMAL+PM_BLOCK_INTRADAY+EF:정상,15.09,5.0,2.6,normal,7.0,v1_sl_first_gap_at_open,NORMAL+PM_BLOCK_INTRADAY+EF:정상,SWING_20D,80,SWING_60D,60,VP_RESISTANCE,50,0.0,소프트웨어 개발 및 공급업,0.10229729729729745,3.253243243243243,5.0,0.11885165588869293,0.0009669642907208207,0.62,OK,68.4,OK,27.370085010149914,27.370085010149914,2,0,0.55,0.25,0.2,STRUCT+TIMING+AI+SECTOR,default,50,20260612,20260612,,18.5,18.5,18.5,46.38,-9.6,FRESH,0.351,,False,0.3,True,MATURE,9296.0,2.555,0.849,0.849,0.0,0.0,0.0,v22_calibrated,,,,,,,,True,38.5,,ELITE_SCORE,MATURE,9296,2.4.0,OK,,100.0,ATTACK,OK,OK,OK,OK,OK,OK,OK,0,7,True,True,True,,0,GREEN,,,80.0,BUY,1,,0,0,0,0,,0.0,T=19<70,100.0,GREEN,,,0,False,0,ENTRY_READY_BUT_NOT_TOP_PICK,TOP_PICK=0,진입조건은 양호하나 공식 Top Pick 아님,45.0,ENTRY_CLEAN_OBSERVE,ENTRY_CLEAN_OBSERVE,FX_HIGH_REGIME,1,0,0,1,0,0,0,0,0,CLEAR,,,0,0,0,0,0.0,,,,,,,,,,REJECT_NO_VALIDATED_RULE,,,,,,True,False,True,True,False,True,True,True,0.0,0.0,0.0,0.0,20.0,0.0,0.0,0.0,20.0,0.5,False,True,False,5,False,0.0,0.0,G2RR×0.5 · G5추세붕괴5축,,0,0,0,,0.0,0,,False,0.0,0.0,False,,False,True,,0
82,000660,SK하이닉스,KOSPI,반도체,2150000,118381.49,15323100.8,0.0,0.0,WAIT,WAIT,3,False,1,True,81.60000000000001,80.9,89.3,62.1,81.1,0.7,21.0,77.5,27.2,66.0,0.8,0.0,진입적정,0,2150000.0,1827000.0,2407000.0,2481000.0,,0.62,0.84,1550429,149.92,[뉴스]코스피 급등과 반도체 소부,0,9.76,57.3,3.78,STRUCT 강점,AI 보조,,추세 관망,CRITICAL,75.3,반도체 제조업,11838149141836.0,58.9,39.47,0,0,2.33,3.86,-6.07,8.81,120.74,280.53,5.25,74.36,,0.053,0.053,1,12.0,0,0,1.11,0.64,883650,677250,1560900,1,-1,2422200.0,38.67,-0.1497,False,O,▲,2175217,▼,X,X,8.57,250,0,1,1,1,2769000.0,split,50.0,NORMAL+WARN:mcap=15323101억 — 원 단위 혼입 의심(>1000조)+PM_BLOCK_INTRADAY+EF:갭 7%+ 분할 진입+ENTRY:split,15.02,4.0,0.8,normal,7.0,v1_sl_first_gap_at_open,NORMAL+WARN:mcap=15323101억 — 원 단위 혼입 의심(>1000조)+PM_BLOCK_INTRADAY+EF:갭 7%+ 분할 진입+ENTRY:split,SWING_20D,80,BB_UPPER,75,ATR_3.5x,45,0.0,반도체 제조업,7.3096000000000005,9.6216,1.0,0.0821594684385382,0.031231851511090862,0.14935064935064934,OK,81.1,OK,52.395998799378916,52.395998799378916,6,1,0.55,0.25,0.2,STRUCT+TIMING+AI+SECTOR,default,50,20260612,20260612, 📢재료: [뉴스]코스피 급등과 반도체 소부,81.60000000000001,81.60000000000001,81.60000000000001,46.38,-9.6,FRESH,0.351,,False,0.573,False,MATURE,9296.0,0.796,1.066,0.796,0.0,0.0,0.0,v22_calibrated,,,,,,,,True,12.0,,ELITE_SCORE,MATURE,9296,2.4.0,OK,,100.0,ATTACK,OK,OK,OK,OK,OK,OK,OK,0,7,True,True,True,,1,ORANGE,C_ORANGE,STRUCT < 90 + VWAP_GAP > 15% 강한 과열,0.0,AVOID,0,RR 0.80 · VWAP 39↑ · POC 150↑,0,1,0,0,,0.0,T=62<70 · S=89≥50,100.0,GREEN,,,0,False,0,BELOW_OFFICIAL_BAR,TOP_PICK=0,VWAP/POC 과열,20.0,IGNORE,IGNORE,FX_HIGH_REGIME,1,0,0,1,0,0,0,0,0,CLEAR,,,0,0,0,0,0.0,,,,,,,,,,REJECT_NO_VALIDATED_RULE,,,,,,True,True,True,True,False,True,True,True,0.0,0.0,0.0,0.0,20.0,0.0,0.0,0.0,20.0,1.0,False,True,False,3,False,1.0,0.048,G5추세붕괴3축,,0,0,0,,1.0,0,,False,0.0,0.0,False,,False,True,,0
83,161580,필옵틱스,KOSDAQ,조선·기계·설비,42300,121.52,9916.1,0.0,0.0,WAIT,WAIT,3,False,1,True,16.8,16.8,0.0,21.4,57.4,0.0,20.5,26.3,57.4,28.2,2.05,0.0,RR2.0 + 진입적정,0,42300.0,35950.0,55300.0,64900.0,,0.68,0.83,49667,-6.38,특이사항 없음,0,-15.33,39.6,-6.74,AI 강점,,저점 이탈,추세 관망,CRITICAL,75.3,특수 목적용 기계 제조업,12151971200.0,57.5,38.95,0,0,2.92,0.83,-8.24,-21.08,-7.84,-8.54,-8.52,1.76,,0.845,0.359,0,12.0,1,0,1.3,0.31,0,0,0,0,-1,52005.0,-14.83,0.3486,False,X,▼,38774,▼,O,X,4.62,250,0,-1,-1,1,73400.0,enter,100.0,NORMAL+PM_BLOCK_INTRADAY+EF:정상,15.01,5.0,2.0,normal,7.0,v1_sl_first_gap_at_open,NORMAL+PM_BLOCK_INTRADAY+EF:정상,SWING_20D,80,SWING_60D,60,FIBO_1.272,40,0.0,특수 목적용 기계 제조업,9.421739130434784,5.0392753623188415,2.0,0.10266801756163459,0.0008980436936135257,0.45454545454545453,OK,57.4,OK,30.09597182665029,30.09597182665029,4,1,0.55,0.25,0.2,STRUCT+TIMING+AI+SECTOR,default,50,20260612,20260612,,16.8,16.8,16.8,46.38,-9.6,FRESH,0.351,,False,0.3,True,MATURE,9296.0,2.047,0.849,0.849,0.0,0.0,0.0,v22_calibrated,,,,,,,,True,30.7,,ELITE_SCORE,MATURE,9296,2.4.0,OK,,100.0,ATTACK,OK,OK,OK,OK,OK,OK,OK,0,7,True,True,True,,0,GREEN,,,90.0,BUY,1,,0,0,0,0,,0.0,T=21<70,100.0,GREEN,,,0,False,0,ENTRY_READY_BUT_NOT_TOP_PICK,TOP_PICK=0,진입조건은 양호하나 공식 Top Pick 아님,50.0,ENTRY_CLEAN_OBSERVE,ENTRY_CLEAN_OBSERVE,FX_HIGH_REGIME,1,0,0,1,0,0,0,0,0,CLEAR,,,0,0,0,0,0.0,,,,,,,,,,REJECT_NO_VALIDATED_RULE,,,,,,True,False,True,True,False,True,True,True,0.0,0.0,0.0,0.0,20.0,0.0,0.0,0.0,20.0,0.5,False,True,False,4,False,0.0,0.0,G2RR×0.5 · G5추세붕괴4축,,0,0,0,,0.0,0,,False,0.0,0.0,False,,False,True,,0
84,081660,미스토홀딩스,KOSPI,기타,42750,116.07,22696.8,0.0,0.0,WAIT,WAIT,3,False,1,True,67.9,67.9,59.0,93.2,60.8,0.0,20.5,71.0,34.2,57.2,0.57,0.0,진입적정,0,42750.0,38100.0,45400.0,50700.0,📦박스돌파,2.08,1.18,40891,2.58,특이사항 없음,3,0.83,62.5,8.37,TIMING 강점,AI 보조,,추세 관망,CRITICAL,75.3,생활용품 도매업,11606675200.0,76.0,16.56,0,0,-2.62,8.09,11.76,18.42,-10.94,-0.47,14.86,-57.32,,0.511,0.29,1,10.6,1,1,1.24,0.72,0,0,0,1,1,36040.0,4.55,0.2922,False,X,▼,40559,▲,O,X,-1.03,250,0,-1,1,1,55800.0,enter,100.0,NORMAL+PM_BLOCK_INTRADAY+EF:정상,10.88,5.0,0.6,normal,7.0,v1_sl_first_gap_at_open,NORMAL+PM_BLOCK_INTRADAY+EF:정상,SWING_20D,80,ATR_3.5x,45,SWING_120D,45,0.0,생활용품 도매업,2.1077380952380955,-2.2075,9.0,0.05304928989139515,0.157496523716744,0.5625,OK,60.8,OK,79.37789287081097,79.37789287081097,10,1,0.55,0.25,0.2,STRUCT+TIMING+AI+SECTOR,default,50,20260612,20260612,,67.9,67.9,67.9,46.38,-9.6,FRESH,0.351,,False,0.463,False,MATURE,9296.0,0.57,0.849,0.57,0.0,0.0,0.0,v22_calibrated,,,,,,,,True,6.2,,ELITE_SCORE,MATURE,9296,2.4.0,OK,,100.0,ATTACK,OK,OK,OK,OK,OK,OK,OK,0,7,True,True,True,,0,GREEN,,,0.0,AVOID,0,RR 0.57,0,0,0,0,,0.0,S=59≥50,100.0,GREEN,,,0,False,0,BELOW_OFFICIAL_BAR,TOP_PICK=0,,13.0,IGNORE,IGNORE,FX_HIGH_REGIME,1,0,0,1,0,0,0,0,0,CLEAR,,,0,0,0,0,0.0,,,,,,,,,,REJECT_NO_VALIDATED_RULE,,,,,,True,True,True,True,True,True,True,True,0.0,0.0,0.0,0.0,0.0,0.0,0.0,0.0,0.0,1.0,False,False,False,0,True,20.5,1.0,,,0,0,0,,20.5,0,,False,0.0,0.0,False,,False,True,,0
85,007340,DN오토모티브,KOSPI,2차전지,40300,53.38,23579.9,0.0,0.0,WAIT,WAIT,3,False,1,True,15.2,15.2,0.0,26.5,42.8,0.0,20.2,23.1,42.8,46.5,2.18,0.0,RR2.2 + 진입적정,0,40300.0,34250.0,53500.0,59900.0,,0.12,0.51,41706,0.11,특이사항 없음,0,-13.65,37.5,-7.76,,,저점 이탈,추세 관망,CRITICAL,75.3,일차전지 및 이차전지 제조업,5337647400.0,28.5,32.0,0,0,0.88,-2.3,-8.41,-14.26,12.41,46.28,-17.82,-33.97,,0.213,0.087,1,12.0,0,0,1.15,0.2,0,0,0,0,-1,47865.0,-3.37,0.2811,False,O,▲,38590,▼,O,X,4.88,250,0,1,1,1,67000.0,enter,100.0,NORMAL+PM_BLOCK_INTRADAY+EF:정상,15.01,5.0,2.2,normal,7.0,v1_sl_first_gap_at_open,NORMAL+PM_BLOCK_INTRADAY+EF:정상,SWING_20D,80,FIBO_1.272,40,FIBO_1.618,25,0.0,일차전지 및 이차전지 제조업,-3.6455555555555557,-21.337777777777777,16.0,0.07780928748670685,-0.07149583454035754,0.0,OK,42.8,OK,20.694329794536817,20.694329794536817,4,1,0.55,0.25,0.2,STRUCT+TIMING+AI+SECTOR,default,50,20260612,20260612,,15.2,15.2,15.2,46.38,-9.6,FRESH,0.351,,False,0.3,True,MATURE,9296.0,2.182,0.849,0.849,0.0,0.0,0.0,v22_calibrated,,,,,,,,True,32.8,,ELITE_SCORE,MATURE,9296,2.4.0,OK,,100.0,ATTACK,OK,OK,OK,OK,OK,OK,OK,0,7,True,True,True,,0,GREEN,,,90.0,BUY,1,,0,0,0,0,,0.0,T=26<70,100.0,GREEN,,,0,False,0,ENTRY_READY_BUT_NOT_TOP_PICK,TOP_PICK=0,진입조건은 양호하나 공식 Top Pick 아님,50.0,ENTRY_CLEAN_OBSERVE,ENTRY_CLEAN_OBSERVE,FX_HIGH_REGIME,1,0,0,1,0,0,0,0,0,CLEAR,,,0,0,0,0,0.0,,,,,,,,,,REJECT_NO_VALIDATED_RULE,,,,,,True,False,True,True,False,True,True,True,0.0,0.0,0.0,0.0,20.0,0.0,0.0,0.0,20.0,0.5,False,True,False,3,False,0.0,0.0,G2RR×0.5 · G5추세붕괴3축,,0,0,0,,0.0,0,,False,0.0,0.0,False,,False,True,,0
86,004800,효성,KOSPI,금융,181200,76.28,30333.6,0.0,0.0,WAIT,WAIT,3,False,1,True,16.8,16.8,0.0,18.2,61.2,0.0,19.9,26.5,61.2,23.5,2.71,0.0,RR2.7 + 진입적정,0,181200.0,154000.0,255000.0,318000.0,,0.3,0.81,205926,16.63,특이사항 없음,0,-15.7,25.8,-9.1,AI 강점,,저점 이탈,추세 관망,CRITICAL,75.3,기타 금융업,7628237350.0,44.1,40.33,0,0,2.43,1.23,-10.3,-27.37,37.38,33.04,-30.93,-9.0,,0.316,0.082,1,12.0,1,0,0.74,0.22,0,0,0,0,-1,214480.0,-12.01,0.436,False,O,▲,170990,▼,O,X,5.54,250,0,1,1,1,370000.0,enter,100.0,NORMAL+PM_BLOCK_INTRADAY+EF:정상,15.01,5.0,2.7,normal,7.0,v1_sl_first_gap_at_open,NORMAL+PM_BLOCK_INTRADAY+EF:정상,SWING_20D,80,SWING_60D,60,FIBO_1.272,40,0.0,기타 금융업,1.90825,-1.16975,7.0,0.07830731630400505,-0.05011893444224228,0.3081761006289308,OK,61.2,OK,25.355729239142196,25.355729239142196,2,0,0.55,0.25,0.2,STRUCT+TIMING+AI+SECTOR,default,50,20260612,20260612,,16.8,16.8,16.8,46.38,-9.6,FRESH,0.351,,False,0.3,True,MATURE,9296.0,2.713,0.849,0.849,0.0,0.0,0.0,v22_calibrated,,,,,,,,True,40.7,,ELITE_SCORE,MATURE,9296,2.4.0,OK,,100.0,ATTACK,OK,OK,OK,OK,OK,OK,OK,0,7,True,True,True,,0,GREEN,,,90.0,BUY,1,,0,0,0,0,,0.0,T=18<70,100.0,GREEN,,,0,False,0,ENTRY_READY_BUT_NOT_TOP_PICK,TOP_PICK=0,진입조건은 양호하나 공식 Top Pick 아님,45.0,ENTRY_CLEAN_OBSERVE,ENTRY_CLEAN_OBSERVE,FX_HIGH_REGIME,1,0,0,1,0,0,0,0,0,CLEAR,,,0,0,0,0,0.0,,,,,,,,,,REJECT_NO_VALIDATED_RULE,,,,,,True,False,True,True,False,True,True,True,0.0,0.0,0.0,0.0,20.0,0.0,0.0,0.0,20.0,0.5,False,True,False,3,False,0.0,0.0,G2RR×0.5 · G5추세붕괴3축,,0,0,0,,0.0,0,,False,0.0,0.0,False,,False,True,,0
87,001440,대한전선,KOSPI,기타,37850,1497.74,74183.2,0.0,0.0,WAIT,WAIT,3,False,1,True,16.5,16.5,2.8,16.0,54.7,0.0,18.9,24.5,51.9,35.1,5.69,0.0,RR5.7 + 진입적정,0,37850.0,32150.0,70300.0,75900.0,,-0.6,0.76,48681,24.16,특이사항 없음,0,-24.67,16.6,-20.84,AI 강점,,저점 이탈,추세 관망,CRITICAL,75.3,절연선 및 케이블 제조업,149773971975.0,27.5,72.0,0,0,2.44,-5.26,-20.82,-42.13,28.96,69.73,-45.69,-17.42,,0.498,0.178,1,12.0,0,0,2.5,0.09,0,0,0,0,-1,47530.0,-22.25,0.5917,False,X,▲,35078,▼,O,X,5.55,250,0,1,1,1,89400.0,enter,100.0,NORMAL+PM_BLOCK_INTRADAY+EF:정상,15.06,4.0,5.7,normal,7.0,v1_sl_first_gap_at_open,NORMAL+PM_BLOCK_INTRADAY+EF:정상,SWING_20D,80,SWING_60D,60,FIBO_1.272,40,0.0,절연선 및 케이블 제조업,2.1077380952380955,-2.2075,9.0,0.1036988110964333,-0.045595961224137574,0.2558139534883721,OK,54.7,OK,23.437640913734693,23.437640913734693,4,1,0.55,0.25,0.2,STRUCT+TIMING+AI+SECTOR,default,50,20260612,20260612,,16.5,16.5,16.5,46.38,-9.6,FRESH,0.351,,False,0.3,True,MATURE,9296.0,5.693,0.849,0.849,0.0,0.0,0.0,v22_calibrated,,,,,,,,True,85.7,,ELITE_SCORE,MATURE,9296,2.4.0,OK,,100.0,ATTACK,OK,OK,OK,OK,OK,OK,OK,0,7,True,True,True,,0,GREEN,,,90.0,BUY,1,,0,0,0,0,,0.0,T=16<70,100.0,GREEN,,,0,False,0,ENTRY_READY_BUT_NOT_TOP_PICK,TOP_PICK=0,진입조건은 양호하나 공식 Top Pick 아님,50.0,ENTRY_CLEAN_OBSERVE,ENTRY_CLEAN_OBSERVE,FX_HIGH_REGIME,1,0,0,1,0,0,0,0,0,CLEAR,,,0,0,0,0,0.0,,,,,,,,,,REJECT_NO_VALIDATED_RULE,,,,,,True,False,True,True,False,True,True,True,0.0,0.0,0.0,0.0,20.0,0.0,0.0,0.0,20.0,0.5,False,True,False,3,False,0.0,0.0,G2RR×0.5 · G5추세붕괴3축,,0,0,0,,0.0,0,,False,0.0,0.0,False,,False,True,,0
88,263750,펄어비스,KOSDAQ,IT/전기전자,41150,182.4,26438.0,0.0,0.0,WAIT,WAIT,3,False,1,True,17.8,17.8,9.7,15.7,42.6,0.0,18.9,22.7,32.9,58.9,2.64,0.0,RR2.6 + 진입적정,0,41150.0,36400.0,53700.0,56400.0,,0.26,0.64,53849,-27.03,특이사항 없음,0,-12.98,30.1,-5.75,거래품질 우수,,저점 이탈,추세 관망,CRITICAL,75.3,소프트웨어 개발 및 공급업,18239735475.0,33.7,28.32,0,0,0.24,1.6,-6.26,-20.71,-39.93,10.32,-8.15,-30.33,,0.923,0.156,0,10.5,1,0,2.69,0.22,0,0,0,0,-1,44775.0,-23.58,0.3276,False,X,▼,39019,▼,O,X,1.95,250,0,-1,1,1,77400.0,enter,100.0,NORMAL+PM_BLOCK_INTRADAY+EF:정상,11.54,5.0,2.6,normal,7.0,v1_sl_first_gap_at_open,NORMAL+PM_BLOCK_INTRADAY+EF:정상,SWING_20D,80,VP_RESISTANCE,65,SWING_60D,60,0.0,소프트웨어 개발 및 공급업,0.10229729729729745,3.253243243243243,5.0,0.052421454608574905,-0.0939023112932645,0.16,OK,42.6,OK,24.023663758533317,24.023663758533317,4,1,0.55,0.25,0.2,STRUCT+TIMING+AI+SECTOR,default,50,20260612,20260612,,17.8,17.8,17.8,46.38,-9.6,FRESH,0.351,,False,0.3,True,MATURE,9296.0,2.642,0.849,0.849,0.0,0.0,0.0,v22_calibrated,,,,,,,,True,30.5,,ELITE_SCORE,MATURE,9296,2.4.0,OK,,100.0,ATTACK,OK,OK,OK,OK,OK,OK,OK,0,7,True,True,True,,0,GREEN,,,90.0,BUY,1,,0,0,0,0,,0.0,T=16<70,100.0,GREEN,,,0,False,0,ENTRY_READY_BUT_NOT_TOP_PICK,TOP_PICK=0,진입조건은 양호하나 공식 Top Pick 아님,50.0,ENTRY_CLEAN_OBSERVE,ENTRY_CLEAN_OBSERVE,FX_HIGH_REGIME,1,0,0,1,0,0,0,0,0,CLEAR,,,0,0,0,0,0.0,,,,,,,,,,REJECT_NO_VALIDATED_RULE,,,,,,True,False,True,True,False,True,True,True,0.0,0.0,0.0,0.0,20.0,0.0,0.0,0.0,20.0,0.5,False,True,False,4,False,0.0,0.0,G2RR×0.5 · G5추세붕괴4축,,0,0,0,,0.0,0,,False,0.0,0.0,False,,False,True,,0
89,171090,선익시스템,KOSDAQ,조선·기계·설비,78700,65.58,7950.8,0.0,0.0,WAIT,WAIT,3,False,1,True,22.0,22.0,17.2,5.6,55.5,0.0,18.9,26.1,49.9,37.6,2.01,0.0,RR2.0 + 진입적정,0,78700.0,66800.0,102600.0,124000.0,,1.0,0.64,96090,-30.94,특이사항 없음,0,-10.64,48.0,-2.62,AI 강점,,저점 이탈,추세 관망,CRITICAL,75.3,특수 목적용 기계 제조업,6558165000.0,50.5,40.71,0,0,1.16,9.92,-6.75,-12.07,-30.42,45.74,0.49,-20.82,,0.683,0.086,0,12.0,1,0,1.53,0.36,0,0,0,0,-1,93120.0,-18.1,0.541,False,X,▲,70986,▲,O,X,5.01,250,0,1,1,1,144000.0,enter,100.0,NORMAL+PM_BLOCK_INTRADAY+EF:정상,15.12,5.0,2.0,normal,7.0,v1_sl_first_gap_at_open,NORMAL+PM_BLOCK_INTRADAY+EF:정상,SWING_20D,80,SWING_60D,60,SWING_120D,45,0.0,특수 목적용 기계 제조업,9.421739130434784,5.0392753623188415,2.0,0.09675077146487567,-0.034626443588488355,0.020833333333333332,OK,55.5,OK,20.334269909547253,20.334269909547253,6,1,0.55,0.25,0.2,STRUCT+TIMING+AI+SECTOR,default,50,20260612,20260612,,22.0,22.0,22.0,46.38,-9.6,FRESH,0.351,,False,0.3,True,MATURE,9296.0,2.008,0.849,0.849,0.0,0.0,0.0,v22_calibrated,,,,,,,,True,30.4,,ELITE_SCORE,MATURE,9296,2.4.0,OK,,100.0,ATTACK,OK,OK,OK,OK,OK,OK,OK,0,7,True,True,True,,0,GREEN,,,90.0,BUY,1,,0,0,0,0,,0.0,T=6<70,100.0,GREEN,,,0,False,0,ENTRY_READY_BUT_NOT_TOP_PICK,TOP_PICK=0,진입조건은 양호하나 공식 Top Pick 아님,50.0,ENTRY_CLEAN_OBSERVE,ENTRY_CLEAN_OBSERVE,FX_HIGH_REGIME,1,0,0,1,0,0,0,0,0,CLEAR,,,0,0,0,0,0.0,,,,,,,,,,REJECT_NO_VALIDATED_RULE,,,,,,True,False,True,True,False,True,True,True,0.0,0.0,0.0,0.0,20.0,0.0,0.0,0.0,20.0,0.5,False,True,False,3,False,0.0,0.0,G2RR×0.5 · G5추세붕괴3축,,0,0,0,,0.0,0,,False,0.0,0.0,False,,False,True,,0
90,402340,SK스퀘어,KOSPI,금융,1358000,20965.74,1791994.9,0.0,0.0,WAIT,WAIT,3,False,1,True,78.80000000000001,77.9,87.7,48.2,88.0,0.9,18.9,74.6,39.8,50.2,0.31,0.3,진입적정,0,1354000.0,1150000.0,1422000.0,1784000.0,,1.4,1.52,950318,152.66,[뉴스]외국인 및 기관 매수세와 반도체주 폭풍 랠리에 힘입어 코스피가 급등하며 SK스퀘어에 긍정적인 투자 심리가 조성되었다.,0,9.36,59.6,12.8,AI 강점,STRUCT 보조,,추세 관망,CRITICAL,75.3,기타 금융업,2096574463000.0,68.1,32.74,0,0,10.59,7.95,9.78,14.12,141.64,341.63,10.56,95.26,,0.029,0.029,1,12.0,0,0,1.08,0.85,-203700,472584,268884,1,1,1038300.0,42.9,-0.0019,False,O,▲,1270993,▲,O,X,9.85,250,0,1,1,1,2017000.0,split,50.0,NORMAL+PM_BLOCK_INTRADAY+EF:갭 7%+ 분할 진입 + 당일 10%+ 급등 분할 진입+ENTRY:split,15.07,4.0,0.3,normal,7.0,v1_sl_first_gap_at_open,NORMAL+PM_BLOCK_INTRADAY+EF:갭 7%+ 분할 진입 + 당일 10%+ 급등 분할 진입+ENTRY:split,SWING_20D,80,ATR_3.5x,45,FIBO_1.618,25,0.0,기타 금융업,1.90825,-1.16975,7.0,0.09041657900273511,0.026507265172061235,0.5981308411214953,OK,88.0,OK,39.0,39.0,4,1,0.55,0.25,0.2,STRUCT+TIMING+AI+SECTOR,default,50,20260612,20260612, 📢재료: [뉴스]외국인 및 기관 매수세와 반도체주 폭풍 랠리에 힘입어 코스피가 급등하며 SK스퀘어에 긍정적인 투자 심리가 조성되었다.,78.80000000000001,78.80000000000001,78.80000000000001,46.38,-9.6,FRESH,0.351,,False,0.55,False,MATURE,9296.0,0.333,0.974,0.333,0.0,0.0,0.0,v22_calibrated,,,,,,,,True,4.7,,ELITE_SCORE,MATURE,9296,2.4.0,OK,,100.0,ATTACK,OK,OK,OK,OK,OK,OK,OK,0,7,True,True,True,,1,ORANGE,C_ORANGE,STRUCT < 90 + VWAP_GAP > 15% 강한 과열,0.0,AVOID,0,RR 0.31 · VWAP 43↑ · POC 153↑,0,1,0,0,,0.0,T=48<70 · S=88≥50,100.0,GREEN,,,0,False,0,BELOW_OFFICIAL_BAR,TOP_PICK=0,VWAP/POC 과열,20.0,IGNORE,IGNORE,FX_HIGH_REGIME,1,0,0,1,0,0,0,0,0,CLEAR,,,0,0,0,0,0.0,,,,,,,,,,REJECT_NO_VALIDATED_RULE,,,,,,True,True,True,True,True,True,True,True,0.0,0.0,0.0,0.0,0.0,0.0,0.0,0.0,0.0,1.0,False,False,False,1,True,18.9,1.0,,,0,0,0,,18.9,0,,False,0.0,0.0,False,,False,True,,0
91,062970,한국첨단소재,KOSDAQ,IT/전기전자,1983,65.72,1132.1,0.0,0.0,WAIT,WAIT,3,False,1,True,24.2,24.2,20.1,0.0,65.8,0.0,18.8,28.6,65.8,17.8,15.16,0.0,RR15.2 + 진입적정,0,1983.0,1843.0,4105.0,5050.0,,-1.36,0.44,3499,-50.98,특이사항 없음,0,-16.85,42.5,-26.84,AI 강점,,저점 이탈,추세 관망,CRITICAL,75.3,통신 및 방송 장비 제조업,6571607823.0,55.3,75.19,0,0,1.33,-22.24,-34.45,-31.38,25.59,7.48,-18.82,35.19,,0.771,0.003,0,12.0,1,0,3.01,0.04,0,0,0,0,-1,2927.4,-43.33,-0.4201,True,X,▲,2100,▼,X,X,5.52,248,0,1,1,1,6010.0,enter,100.0,SWING+WARN:ATR%=20.8% > 20% — 이상치 의심+PM_BLOCK_INTRADAY+EF:정상,7.06,6.0,15.2,normal,7.0,v1_sl_first_gap_at_open,SWING+WARN:ATR%=20.8% > 20% — 이상치 의심+PM_BLOCK_INTRADAY+EF:정상,SWING_20D,80,SWING_60D,60,FIBO_1.272,40,0.0,통신 및 방송 장비 제조업,0.10229729729729745,3.253243243243243,5.0,0.20974713637346012,0.007835816652349873,0.5329949238578681,OK,65.8,OK,12.0,12.0,2,0,0.55,0.25,0.2,STRUCT+TIMING+AI+SECTOR,default,50,20260612,20260612,,24.2,24.2,24.2,46.38,-9.6,FRESH,0.351,,False,0.3,True,MATURE,9296.0,15.157,0.849,0.849,0.0,0.0,0.0,v22_calibrated,,,,,,,,True,107.0,,ELITE_SCORE,MATURE,9296,2.4.0,OK,,100.0,ATTACK,OK,OK,OK,OK,OK,OK,OK,0,7,True,True,True,,0,GREEN,,,80.0,BUY,1,,0,0,0,0,,0.0,T=0<70,100.0,GREEN,,,0,False,0,ENTRY_READY_BUT_NOT_TOP_PICK,TOP_PICK=0,진입조건은 양호하나 공식 Top Pick 아님,45.0,ENTRY_CLEAN_OBSERVE,ENTRY_CLEAN_OBSERVE,FX_HIGH_REGIME,1,0,0,1,0,0,0,0,0,CLEAR,,,0,0,0,0,0.0,,,,,,,,,,REJECT_NO_VALIDATED_RULE,,,,,,True,False,True,True,False,True,False,True,0.0,0.0,0.0,0.0,20.0,0.0,15.0,0.0,35.0,0.3,False,True,False,5,False,0.0,0.0,G2RR×0.3 · G5추세붕괴5축 · G7윗꼬리약세-15,,0,0,0,,0.0,0,,False,0.0,0.0,False,,False,True,,0
92,051900,LG생활건강,KOSPI,화학·소재,242000,235.14,37004.9,0.0,0.0,WAIT,WAIT,3,False,1,True,12.6,12.6,0.0,35.1,19.1,0.0,18.8,18.1,35.1,56.1,1.82,0.0,RR1.8 + 진입적정,0,242000.0,219500.0,283000.0,292000.0,,0.7,1.22,254743,-9.24,특이사항 없음,0,-5.82,43.4,-3.75,,,저점 이탈,추세 관망,CRITICAL,75.3,기타 화학제품 제조업,23513602250.0,51.2,18.25,0,0,1.47,-2.42,-2.42,-5.65,0.62,-6.56,-9.21,-45.76,,0.915,0.704,0,10.4,0,1,1.06,0.27,0,0,0,0,-1,272850.0,-5.0,0.0347,False,X,▼,237869,▼,O,X,1.47,250,0,-1,-1,1,,enter,100.0,SWING+PM_BLOCK_INTRADAY+EF:정상,9.3,5.0,1.8,normal,7.0,v1_sl_first_gap_at_open,SWING+PM_BLOCK_INTRADAY+EF:정상,SWING_20D,80,SWING_60D,60,,0,0.0,기타 화학제품 제조업,6.03945945945946,-4.1432432432432424,8.0,0.052243211334120424,-0.01727340852369823,0.6190476190476191,OK,19.1,OK,49.56711175211687,49.56711175211687,4,1,0.55,0.25,0.2,STRUCT+TIMING+AI+SECTOR,default,50,20260612,20260612,,12.6,12.6,12.6,46.38,-9.6,FRESH,0.351,,False,0.3,True,MATURE,9296.0,1.822,0.849,0.849,0.0,0.0,0.0,v22_calibrated,,,,,,,,True,16.9,,ELITE_SCORE,MATURE,9296,2.4.0,OK,,100.0,ATTACK,OK,OK,OK,OK,OK,OK,OK,0,7,True,True,True,,0,GREEN,,,90.0,BUY,1,,0,0,0,0,,0.0,T=35<70,100.0,GREEN,,,0,False,0,ENTRY_READY_BUT_NOT_TOP_PICK,TOP_PICK=0,진입조건은 양호하나 공식 Top Pick 아님,50.0,ENTRY_CLEAN_OBSERVE,ENTRY_CLEAN_OBSERVE,FX_HIGH_REGIME,1,0,0,1,0,0,0,0,0,CLEAR,,,0,0,0,0,0.0,,,,,,,,,,REJECT_NO_VALIDATED_RULE,,,,,,True,False,True,True,False,True,True,True,0.0,0.0,0.0,0.0,20.0,0.0,0.0,0.0,20.0,0.5,False,True,False,4,False,0.0,0.0,G2RR×0.5 · G5추세붕괴4축,,0,0,0,,0.0,0,,False,0.0,0.0,False,,False,True,,0
93,003570,SNT다이내믹스,KOSPI,자동차·모빌리티,40900,61.51,13600.4,0.0,0.0,WAIT,WAIT,3,False,1,True,12.4,12.4,0.0,37.0,15.7,0.0,18.7,17.6,37.0,53.8,3.39,0.0,RR3.4 + 진입적정,0,40900.0,37800.0,51400.0,62800.0,,-0.08,1.8,51743,-19.13,특이사항 없음,0,-8.45,39.2,-8.0,,,저점 이탈,추세 관망,CRITICAL,75.3,자동차 신품 부품 제조업,6150670575.0,33.3,30.48,0,0,0.62,-4.44,-5.87,-19.33,-20.89,-9.11,-22.89,-67.27,,0.991,0.062,0,12.0,1,0,1.5,0.15,0,0,0,0,-1,50600.0,-20.96,0.2843,True,X,▼,39645,▼,O,X,1.72,250,0,-1,-1,1,,enter,100.0,SWING+PM_BLOCK_INTRADAY+EF:정상,7.58,5.0,3.4,normal,7.0,v1_sl_first_gap_at_open,SWING+PM_BLOCK_INTRADAY+EF:정상,SWING_20D,80,SWING_60D,60,,0,0.0,자동차 신품 부품 제조업,9.936315789473685,2.4005263157894725,3.0,0.08173244848061474,-0.020457118206738633,0.24242424242424243,OK,15.7,OK,39.58623013173769,39.58623013173769,4,1,0.55,0.25,0.2,STRUCT+TIMING+AI+SECTOR,default,50,20260612,20260612,,12.4,12.4,12.4,46.38,-9.6,FRESH,0.351,,False,0.3,True,MATURE,9296.0,3.387,0.849,0.849,0.0,0.0,0.0,v22_calibrated,,,,,,,,True,25.7,,ELITE_SCORE,MATURE,9296,2.4.0,OK,,100.0,ATTACK,OK,OK,OK,OK,OK,OK,OK,0,7,True,True,True,,0,GREEN,,,90.0,BUY,1,,0,0,0,0,,0.0,T=37<70,100.0,GREEN,,,0,False,0,ENTRY_READY_BUT_NOT_TOP_PICK,TOP_PICK=0,진입조건은 양호하나 공식 Top Pick 아님,50.0,ENTRY_CLEAN_OBSERVE,ENTRY_CLEAN_OBSERVE,FX_HIGH_REGIME,1,0,0,1,0,0,0,0,0,CLEAR,,,0,0,0,0,0.0,,,,,,,,,,REJECT_NO_VALIDATED_RULE,,,,,,True,False,True,True,False,True,True,True,0.0,0.0,0.0,0.0,20.0,0.0,0.0,0.0,20.0,0.5,False,True,False,4,False,0.0,0.0,G2RR×0.5 · G5추세붕괴4축,,0,0,0,,0.0,0,,False,0.0,0.0,False,,False,True,,0
94,327260,RF머트리얼즈,KOSDAQ,IT/전기전자,66600,95.69,5657.8,0.0,0.0,WAIT,WAIT,3,False,1,True,17.1,17.1,8.7,15.6,42.2,0.0,18.5,22.2,33.5,58.1,5.7,0.0,RR5.7 + 진입적정,0,66600.0,56600.0,123600.0,126600.0,,-1.58,0.58,84272,197.09,특이사항 없음,0,-23.55,34.7,-19.84,,,저점 이탈,추세 관망,CRITICAL,75.3,전자부품 제조업,9568999400.0,45.0,67.3,0,0,2.46,-13.05,-17.47,-43.42,4.07,246.91,-30.86,13.67,,0.422,0.055,1,12.0,0,0,1.29,0.13,0,0,0,0,-1,90790.0,-20.97,0.2629,False,X,▲,62949,▼,O,X,7.69,250,0,1,1,1,146800.0,split,50.0,NORMAL+PM_BLOCK_INTRADAY+EF:갭 7%+ 분할 진입+ENTRY:split,15.02,5.0,5.7,normal,7.0,v1_sl_first_gap_at_open,NORMAL+PM_BLOCK_INTRADAY+EF:갭 7%+ 분할 진입+ENTRY:split,SWING_20D,80,SWING_60D,60,FIBO_1.272,40,0.0,전자부품 제조업,0.10229729729729745,3.253243243243243,5.0,0.1467181467181467,-0.01797363892824115,0.0,OK,42.2,OK,19.42286189016261,19.42286189016261,4,1,0.55,0.25,0.2,STRUCT+TIMING+AI+SECTOR,default,50,20260612,20260612,,17.1,17.1,17.1,46.38,-9.6,FRESH,0.351,,False,0.3,True,MATURE,9296.0,5.7,0.849,0.849,0.0,0.0,0.0,v22_calibrated,,,,,,,,True,85.6,,ELITE_SCORE,MATURE,9296,2.4.0,OK,,100.0,ATTACK,OK,OK,OK,OK,OK,OK,OK,0,7,True,True,True,,0,GREEN,,,0.0,AVOID,0,POC 197↑,0,1,1,0,,0.0,T=16<70,100.0,BLOCK,,초급등 후 단기 급락 — 눌림 착시/테마 붕괴 위험,0,False,0,EXCLUDED_ABNORMAL_HISTORY,ABNORMAL_HISTORY_GUARD,초급등 후 단기 급락 — 눌림 착시/테마 붕괴 위험,15.0,IGNORE,EXCLUDED_ABNORMAL_HISTORY,FX_HIGH_REGIME,1,0,0,1,0,0,0,0,1,BLOCK,SPIKE_REVERSAL,초급등 후 단기 급락 — 눌림 착시/테마 붕괴 위험,0,0,0,1,0.0,,,,,,,,,,REJECT_NO_VALIDATED_RULE,,,,,,True,False,True,True,False,True,True,True,0.0,0.0,0.0,0.0,20.0,0.0,0.0,0.0,20.0,0.5,False,True,False,3,False,0.0,0.0,G2RR×0.5 · G5추세붕괴3축,,0,0,0,,0.0,0,,False,0.0,0.0,False,,False,True,,0
95,005387,현대차2우B,KOSPI,자동차·모빌리티,241000,387.19,84263.1,0.0,0.0,WAIT,WAIT,3,False,1,True,19.9,19.9,7.8,2.8,74.6,0.0,18.3,28.4,71.8,10.2,3.26,0.0,RR3.3 + 진입적정,0,241000.0,220000.0,309500.0,332000.0,,-0.58,0.56,260128,-10.45,특이사항 없음,0,-6.58,40.7,-8.15,AI 강점,,저점 이탈,추세 관망,CRITICAL,75.3,기타,38718990250.0,62.4,25.94,0,0,2.34,-7.31,-8.54,-14.69,-8.54,17.85,-18.25,-54.92,,0.855,0.532,0,12.0,0,0,1.05,0.17,0,0,0,0,-1,291050.0,-7.35,-0.2065,False,X,▼,245847,▼,X,X,4.25,250,0,-1,1,1,,enter,100.0,SWING+PM_BLOCK_INTRADAY+EF:정상,8.71,4.0,3.3,normal,7.0,v1_sl_first_gap_at_open,SWING+PM_BLOCK_INTRADAY+EF:정상,SWING_20D,80,SWING_120D,45,,0,0.0,기타,9.936315789473685,2.4005263157894725,3.0,0.07246591582691167,-0.11904313523021984,0.4090909090909091,OK,74.6,OK,13.321063448930703,13.321063448930703,0,0,0.55,0.25,0.2,STRUCT+TIMING+AI+SECTOR,default,50,20260612,20260612,,19.9,19.9,19.9,46.38,-9.6,FRESH,0.351,,False,0.3,True,MATURE,9296.0,3.262,0.849,0.849,0.0,0.0,0.0,v22_calibrated,,,,,,,,True,28.4,,ELITE_SCORE,MATURE,9296,2.4.0,OK,,100.0,ATTACK,OK,OK,OK,OK,OK,OK,OK,0,7,True,True,True,,0,GREEN,,,90.0,BUY,1,,0,0,0,0,,0.0,T=3<70,100.0,GREEN,,,0,False,0,ENTRY_READY_BUT_NOT_TOP_PICK,TOP_PICK=0,진입조건은 양호하나 공식 Top Pick 아님,45.0,ENTRY_CLEAN_OBSERVE,ENTRY_CLEAN_OBSERVE,FX_HIGH_REGIME,1,0,0,1,0,0,0,0,0,CLEAR,,,0,0,0,0,0.0,,,,,,,,,,REJECT_NO_VALIDATED_RULE,,,,,,True,False,True,True,False,True,True,True,0.0,0.0,0.0,0.0,20.0,0.0,0.0,0.0,20.0,0.5,False,True,False,5,False,0.0,0.0,G2RR×0.5 · G5추세붕괴5축,,0,0,0,,0.0,0,,False,0.0,0.0,False,,False,True,,0
96,056080,유진로봇,KOSDAQ,조선·기계·설비,19540,76.95,7329.9,0.0,0.0,WAIT,WAIT,3,False,1,True,12.5,12.5,0.0,27.8,27.9,0.0,18.1,18.6,27.9,65.1,3.68,0.0,RR3.7 + 진입적정,0,19540.0,16600.0,30350.0,49450.0,,1.28,0.59,25651,20.95,특이사항 없음,0,-14.89,26.9,-10.54,,,저점 이탈,추세 관망,CRITICAL,75.3,특수 목적용 기계 제조업,7694736330.0,32.1,50.59,0,0,2.95,0.72,-7.61,-27.23,-29.46,31.67,-14.67,-19.86,,0.682,0.043,1,12.0,0,0,1.04,0.18,0,0,0,0,-1,23771.0,-23.83,0.3567,False,X,▼,17985,▼,O,X,1.95,250,0,-1,1,1,,enter,100.0,NORMAL+PM_BLOCK_INTRADAY+EF:정상,15.05,5.0,3.7,normal,7.0,v1_sl_first_gap_at_open,NORMAL+PM_BLOCK_INTRADAY+EF:정상,SWING_20D,80,SWING_120D,45,,0,0.0,특수 목적용 기계 제조업,9.421739130434784,5.0392753623188415,2.0,0.09464102939026173,-0.006986870484668413,0.7066666666666667,OK,27.9,OK,17.78460575971473,17.78460575971473,2,0,0.55,0.25,0.2,STRUCT+TIMING+AI+SECTOR,default,50,20260612,20260612,,12.5,12.5,12.5,46.38,-9.6,FRESH,0.351,,False,0.3,True,MATURE,9296.0,3.677,0.849,0.849,0.0,0.0,0.0,v22_calibrated,,,,,,,,True,55.3,,ELITE_SCORE,MATURE,9296,2.4.0,OK,,100.0,ATTACK,OK,OK,OK,OK,OK,OK,OK,0,7,True,True,True,,0,GREEN,,,90.0,BUY,1,,0,0,0,0,,0.0,T=28<70,100.0,GREEN,,,0,False,0,ENTRY_READY_BUT_NOT_TOP_PICK,TOP_PICK=0,진입조건은 양호하나 공식 Top Pick 아님,45.0,ENTRY_CLEAN_OBSERVE,ENTRY_CLEAN_OBSERVE,FX_HIGH_REGIME,1,0,0,1,0,0,0,0,0,CLEAR,,,0,0,0,0,0.0,,,,,,,,,,REJECT_NO_VALIDATED_RULE,,,,,,True,False,True,True,False,True,False,True,0.0,0.0,0.0,0.0,20.0,0.0,15.0,0.0,35.0,0.5,False,True,False,3,False,0.0,0.0,G2RR×0.5 · G5추세붕괴3축 · G7윗꼬리약세-15,,0,0,0,,0.0,0,,False,0.0,0.0,False,,False,True,,0
97,080580,오킨스전자,KOSDAQ,IT/전기전자,18780,87.06,3960.9,0.0,0.0,WAIT,WAIT,3,False,1,True,16.5,16.5,7.6,14.4,43.5,0.0,17.9,21.8,35.9,55.1,2.28,0.0,RR2.3 + 진입적정,0,18780.0,15960.0,25200.0,27500.0,,0.81,0.58,21048,80.78,특이사항 없음,0,-9.88,43.8,-2.54,,,저점 이탈,추세 관망,CRITICAL,75.3,전자부품 제조업,8705578675.0,39.6,46.88,0,0,1.68,8.49,2.18,-25.77,-1.0,85.94,-13.21,8.6,,0.422,0.209,1,12.0,0,0,1.09,0.36,0,0,0,0,-1,22944.0,-10.78,0.7233,False,X,▲,16535,▲,O,X,5.47,250,0,1,1,1,,enter,100.0,NORMAL+PM_BLOCK_INTRADAY+EF:정상,15.02,6.0,2.3,normal,7.0,v1_sl_first_gap_at_open,NORMAL+PM_BLOCK_INTRADAY+EF:정상,SWING_20D,80,SWING_60D,60,,0,0.0,전자부품 제조업,0.10229729729729745,3.253243243243243,5.0,0.12258481667427355,-0.04512806795668662,0.2564102564102564,OK,43.5,OK,18.376804133062087,18.376804133062087,2,0,0.55,0.25,0.2,STRUCT+TIMING+AI+SECTOR,default,50,20260612,20260612,,16.5,16.5,16.5,46.38,-9.6,FRESH,0.351,,False,0.3,True,MATURE,9296.0,2.277,0.849,0.849,0.0,0.0,0.0,v22_calibrated,,,,,,,,True,34.2,,ELITE_SCORE,MATURE,9296,2.4.0,OK,,100.0,ATTACK,OK,OK,OK,OK,OK,OK,OK,0,7,True,True,True,,0,GREEN,,,65.0,WATCH,0,POC 81↑,0,1,1,0,,0.0,T=14<70,100.0,GREEN,,,0,False,0,BELOW_OFFICIAL_BAR,TOP_PICK=0,VWAP/POC 과열,10.0,IGNORE,IGNORE,FX_HIGH_REGIME,1,0,0,1,0,0,0,0,0,CLEAR,,,0,0,0,0,0.0,,,,,,,,,,REJECT_NO_VALIDATED_RULE,,,,,,True,False,True,True,True,True,True,True,0.0,0.0,0.0,0.0,0.0,0.0,0.0,0.0,0.0,0.5,False,False,False,2,False,9.0,0.5,G2RR×0.5,,0,0,0,,9.0,0,,False,0.0,0.0,False,,False,True,,0
98,178320,서진시스템,KOSDAQ,IT/전기전자,75100,1987.87,47787.4,0.0,,WAIT,WAIT,3,False,1,True,64.0,64.0,58.9,97.5,35.9,0.0,17.9,64.1,61.6,23.0,0.73,0.0,진입적정,0,75100.0,63800.0,83300.0,92500.0,,0.43,1.07,58356,65.79,특이사항 없음,2,1.13,53.3,3.43,TIMING 강점,STRUCT 보조,,스퀴즈/품질 대기,CRITICAL,75.3,기타 전기장비 제조업,198786516400.0,48.3,25.64,1,0,0.81,7.13,-7.05,13.79,62.2,180.22,26.35,71.8,,0.022,0.022,1,12.0,0,0,1.01,0.62,0,0,0,1,1,60180.0,28.69,0.245,False,O,▲,70652,▼,O,X,3.36,250,0,1,1,1,105500.0,enter,100.0,NORMAL+PM_BLOCK_INTRADAY+EF:정상,15.05,5.0,0.7,normal,7.0,v1_sl_first_gap_at_open,NORMAL+PM_BLOCK_INTRADAY+EF:정상,SWING_20D,80,ATR_2x,70,ATR_3.5x,45,0.0,기타 전기장비 제조업,0.10229729729729745,3.253243243243243,5.0,0.11546509416016738,-0.020403915225501924,0.14130434782608695,OK,35.9,OK,61.53239643280827,61.53239643280827,8,1,0.55,0.25,0.2,STRUCT+TIMING+AI+SECTOR,default,50,20260612,20260612,,64.0,64.0,64.0,46.38,-9.6,FRESH,0.351,elite_low_wr_0.35,True,0.432,True,MATURE,9296.0,0.726,0.849,0.726,0.0,0.0,,v22_calibrated,,,,,,,,True,10.9,,ELITE_SCORE,MATURE,9296,2.4.0,OK,,100.0,ATTACK,OK,OK,OK,OK,OK,OK,OK,0,7,True,True,True,,1,ORANGE,C_ORANGE,STRUCT < 90 + VWAP_GAP > 15% 강한 과열,0.0,AVOID,0,RR 0.73 · VWAP 29↑ · POC 66↑,0,0,0,0,,0.0,S=59≥50,100.0,GREEN,,,0,False,0,BELOW_OFFICIAL_BAR,TOP_PICK=0,,5.0,IGNORE,IGNORE,FX_HIGH_REGIME,1,0,0,1,0,0,0,0,0,CLEAR,,,0,0,0,0,0.0,,,,,,,,,,REJECT_NO_VALIDATED_RULE,,,,,,True,True,True,True,True,True,True,True,0.0,0.0,0.0,0.0,0.0,0.0,0.0,0.0,0.0,1.0,False,False,False,1,True,17.9,1.0,,,0,0,0,,17.9,0,,False,0.0,0.0,False,,False,True,,0
99,005385,현대차우,KOSPI,자동차·모빌리티,241500,194.99,56368.4,0.0,0.0,WAIT,WAIT,3,False,1,True,19.2,19.2,5.6,1.3,79.0,0.0,17.7,28.6,77.7,2.9,3.17,0.0,RR3.2 + 진입적정,0,241500.0,221000.0,306500.0,329000.0,,-0.74,0.4,262544,-9.58,특이사항 없음,0,-4.6,40.0,-8.26,AI 강점,,,추세 관망,CRITICAL,75.3,기타,19499301750.0,58.4,26.88,0,0,2.99,-6.76,-8.87,-13.9,-7.82,19.26,-17.46,-54.2,,0.842,0.453,0,12.0,0,0,0.99,0.17,0,0,0,0,-1,293200.0,-8.02,-0.1802,False,X,▼,244932,▼,X,X,4.9,250,0,-1,1,1,,enter,100.0,SWING+PM_BLOCK_INTRADAY+EF:정상,8.49,4.0,3.2,normal,7.0,v1_sl_first_gap_at_open,SWING+PM_BLOCK_INTRADAY+EF:정상,SWING_20D,80,SWING_120D,45,,0,0.0,기타,9.936315789473685,2.4005263157894725,3.0,0.07763975155279502,-0.041781551473753356,0.4,OK,79.0,OK,12.0,12.0,0,0,0.55,0.25,0.2,STRUCT+TIMING+AI+SECTOR,default,50,20260612,20260612,,19.2,19.2,19.2,46.38,-9.6,FRESH,0.351,,False,0.3,True,MATURE,9296.0,3.171,0.849,0.849,0.0,0.0,0.0,v22_calibrated,,,,,,,,True,26.9,,ELITE_SCORE,MATURE,9296,2.4.0,OK,,100.0,ATTACK,OK,OK,OK,OK,OK,OK,OK,0,7,True,True,True,,0,GREEN,,,90.0,BUY,1,,0,0,0,0,,0.0,T=1<70,100.0,GREEN,,,0,False,0,ENTRY_READY_BUT_NOT_TOP_PICK,TOP_PICK=0,진입조건은 양호하나 공식 Top Pick 아님,45.0,ENTRY_CLEAN_OBSERVE,ENTRY_CLEAN_OBSERVE,FX_HIGH_REGIME,1,0,0,1,0,0,0,0,0,CLEAR,,,0,0,0,0,0.0,,,,,,,,,,REJECT_NO_VALIDATED_RULE,,,,,,True,False,True,True,False,True,True,True,0.0,0.0,0.0,0.0,20.0,0.0,0.0,0.0,20.0,0.5,False,True,False,5,False,0.0,0.0,G2RR×0.5 · G5추세붕괴5축,,0,0,0,,0.0,0,,False,0.0,0.0,False,,False,True,,0
100,234340,헥토파이낸셜,KOSDAQ,서비스 기타,23400,57.49,3269.1,0.0,0.0,WAIT,WAIT,3,False,1,True,16.8,16.8,0.2,4.8,77.5,0.0,17.4,27.5,77.3,3.4,4.34,0.0,RR4.3 + 진입적정,0,23400.0,19890.0,38650.0,45000.0,,0.85,0.63,31001,-16.76,특이사항 없음,0,-17.62,33.2,-12.74,AI 강점,,저점 이탈,추세 관망,CRITICAL,75.3,기타 정보 서비스업,5749265900.0,34.5,52.39,0,0,1.96,-2.5,-12.03,-38.34,-41.94,47.45,-25.78,-32.34,,0.787,0.188,0,12.0,0,0,0.95,0.11,0,0,0,0,-1,28030.0,-24.52,0.4317,False,X,▲,21919,▼,O,X,3.92,250,0,1,1,1,,enter,100.0,NORMAL+PM_BLOCK_INTRADAY+EF:정상,15.0,6.0,4.3,normal,7.0,v1_sl_first_gap_at_open,NORMAL+PM_BLOCK_INTRADAY+EF:정상,SWING_20D,80,SWING_60D,60,,0,0.0,기타 정보 서비스업,1.6329629629629632,-10.275925925925925,12.0,0.08287545787545787,-0.010368303313118221,0.32142857142857145,OK,77.5,OK,17.841691374565237,17.841691374565237,2,0,0.55,0.25,0.2,STRUCT+TIMING+AI+SECTOR,default,50,20260612,20260612,,16.8,16.8,16.8,46.38,-9.6,FRESH,0.351,,False,0.3,True,MATURE,9296.0,4.345,0.849,0.849,0.0,0.0,0.0,v22_calibrated,,,,,,,,True,65.2,,ELITE_SCORE,MATURE,9296,2.4.0,OK,,100.0,ATTACK,OK,OK,OK,OK,OK,OK,OK,0,7,True,True,True,,0,GREEN,,,90.0,BUY,1,,0,0,0,0,,0.0,T=5<70,100.0,GREEN,,,0,False,0,ENTRY_READY_BUT_NOT_TOP_PICK,TOP_PICK=0,진입조건은 양호하나 공식 Top Pick 아님,45.0,ENTRY_CLEAN_OBSERVE,ENTRY_CLEAN_OBSERVE,FX_HIGH_REGIME,1,0,0,1,0,0,0,0,0,CLEAR,,,0,0,0,0,0.0,,,,,,,,,,REJECT_NO_VALIDATED_RULE,,,,,,True,False,True,True,False,True,True,True,0.0,0.0,0.0,0.0,20.0,0.0,0.0,0.0,20.0,0.5,False,True,False,4,False,0.0,0.0,G2RR×0.5 · G5추세붕괴4축,,0,0,0,,0.0,0,,False,0.0,0.0,False,,False,True,,0
101,356680,엑스게이트,KOSDAQ,IT/전기전자,16410,93.95,4684.0,0.0,0.0,WAIT,WAIT,3,False,1,True,23.7,23.7,26.8,0.7,44.0,0.0,17.3,23.8,43.3,45.9,5.72,0.0,RR5.7 + 진입적정,0,16410.0,13940.0,30550.0,37150.0,,-0.26,0.2,17262,-3.22,특이사항 없음,0,-0.55,49.0,-15.11,거래품질 우수,,,추세 관망,CRITICAL,75.3,소프트웨어 개발 및 공급업,9394954995.0,84.1,75.95,0,0,0.86,-8.63,-30.32,-18.36,135.1,108.51,-5.8,144.7,,0.546,0.393,0,12.0,0,0,2.56,0.12,0,0,0,0,-1,24223.0,-4.94,-0.227,False,O,▲,16369,▼,O,X,3.75,250,0,1,1,1,45500.0,enter,100.0,NORMAL+PM_BLOCK_INTRADAY+EF:정상,15.05,6.0,5.7,normal,7.0,v1_sl_first_gap_at_open,NORMAL+PM_BLOCK_INTRADAY+EF:정상,SWING_20D,80,FIBO_1.272,40,FIBO_1.618,25,0.0,소프트웨어 개발 및 공급업,0.10229729729729745,3.253243243243243,5.0,0.20309915556716288,0.01682522954489573,0.09090909090909091,OK,44.0,OK,15.0,15.0,4,1,0.55,0.25,0.2,STRUCT+TIMING+AI+SECTOR,default,50,20260612,20260612,,23.7,23.7,23.7,46.38,-9.6,FRESH,0.351,,False,0.3,True,MATURE,9296.0,5.725,0.849,0.849,0.0,0.0,0.0,v22_calibrated,,,,,,,,True,86.2,,ELITE_SCORE,MATURE,9296,2.4.0,OK,,100.0,ATTACK,OK,OK,OK,OK,OK,OK,OK,0,7,True,True,True,,0,GREEN,,,75.0,BUY,1,,0,0,0,0,,0.0,T=1<70 · MFI84>82,100.0,GREEN,,,0,False,0,ENTRY_READY_BUT_NOT_TOP_PICK,TOP_PICK=0,진입조건은 양호하나 공식 Top Pick 아님,50.0,ENTRY_CLEAN_OBSERVE,ENTRY_CLEAN_OBSERVE,FX_HIGH_REGIME,1,0,0,1,0,0,0,0,0,CLEAR,,,0,0,0,0,0.0,,,,,,,,,,REJECT_NO_VALIDATED_RULE,,,,,,True,False,True,True,False,True,True,True,0.0,0.0,0.0,0.0,20.0,0.0,0.0,0.0,20.0,0.5,False,True,False,5,False,0.0,0.0,G2RR×0.5 · G5추세붕괴5축,,0,0,0,,0.0,0,,False,0.0,0.0,False,,False,True,,0
102,174900,앱클론,KOSDAQ,기타,29800,50.99,5945.7,0.0,0.0,WAIT,WAIT,3,False,1,True,17.1,17.1,0.0,1.7,83.3,0.0,17.3,28.3,83.3,0.0,3.38,0.0,RR3.4 + 진입적정,0,29800.0,25300.0,45000.0,90600.0,,-0.47,0.52,53114,-43.01,특이사항 없음,0,-18.75,26.5,-16.66,AI 강점,,저점 이탈,추세 관망,CRITICAL,75.3,의료용품 및 기타 의약 관련제품 제조업,5099349550.0,44.4,50.42,0,0,0.34,-11.04,-25.03,-27.49,-66.33,-24.94,-14.93,-56.73,,1.0,0.04,0,12.0,1,0,1.31,0.14,0,0,0,0,-1,39160.0,-43.89,0.097,False,X,▼,28734,▼,O,X,2.69,250,0,-1,-1,1,95800.0,enter,100.0,NORMAL+PM_BLOCK_INTRADAY+EF:정상,15.1,5.0,3.4,normal,7.0,v1_sl_first_gap_at_open,NORMAL+PM_BLOCK_INTRADAY+EF:정상,SWING_20D,80,SWING_60D,60,SWING_120D,45,0.0,의료용품 및 기타 의약 관련제품 제조업,2.1077380952380955,-2.2075,9.0,0.12176414189837008,-0.17957999897513996,0.4864864864864865,OK,83.3,OK,15.0,15.0,4,1,0.55,0.25,0.2,STRUCT+TIMING+AI+SECTOR,default,50,20260612,20260612,,17.1,17.1,17.1,46.38,-9.6,FRESH,0.351,,False,0.3,True,MATURE,9296.0,3.378,0.849,0.849,0.0,0.0,0.0,v22_calibrated,,,,,,,,True,51.0,,ELITE_SCORE,MATURE,9296,2.4.0,OK,,100.0,ATTACK,OK,OK,OK,OK,OK,OK,OK,0,7,True,True,True,,0,GREEN,,,90.0,BUY,1,,0,0,0,0,,0.0,T=2<70,100.0,GREEN,,,0,False,0,ENTRY_READY_BUT_NOT_TOP_PICK,TOP_PICK=0,진입조건은 양호하나 공식 Top Pick 아님,50.0,ENTRY_CLEAN_OBSERVE,ENTRY_CLEAN_OBSERVE,FX_HIGH_REGIME,1,0,0,1,0,0,0,0,0,CLEAR,,,0,0,0,0,0.0,,,,,,,,,,REJECT_NO_VALIDATED_RULE,,,,,,True,False,True,True,False,True,True,True,0.0,0.0,0.0,0.0,20.0,0.0,0.0,0.0,20.0,0.5,False,True,False,4,False,0.0,0.0,G2RR×0.5 · G5추세붕괴4축,,0,0,0,,0.0,0,,False,0.0,0.0,False,,False,True,,0
103,011780,금호석유화학,KOSPI,화학·소재,123200,79.78,30993.8,0.0,0.0,WAIT,WAIT,3,False,1,True,16.1,16.1,5.8,11.5,50.2,0.0,17.3,22.5,44.4,44.5,2.64,0.0,RR2.6 + 진입적정,0,123200.0,111600.0,153800.0,162300.0,,-0.1,0.62,135028,-15.16,특이사항 없음,0,-11.6,33.9,-7.54,AI 강점,,저점 이탈,추세 관망,CRITICAL,75.3,기초 화학물질 제조업,7977962000.0,44.8,29.61,0,0,2.92,-3.07,-9.28,-12.19,7.04,1.57,-15.75,-39.34,,0.824,0.387,0,11.9,0,0,1.37,0.21,0,0,0,0,-1,138550.0,-8.76,0.1172,False,X,▼,118328,▼,O,X,3.59,250,0,-1,1,1,,enter,100.0,SWING+PM_BLOCK_INTRADAY+EF:정상,9.42,5.0,2.6,normal,7.0,v1_sl_first_gap_at_open,SWING+PM_BLOCK_INTRADAY+EF:정상,SWING_20D,80,SWING_120D,45,,0,0.0,기초 화학물질 제조업,6.03945945945946,-4.1432432432432424,8.0,0.05925324675324675,-0.7152364364466571,0.6538461538461539,OK,50.2,OK,28.38997041976787,28.38997041976787,4,1,0.55,0.25,0.2,STRUCT+TIMING+AI+SECTOR,default,50,20260612,20260612,,16.1,16.1,16.1,46.38,-9.6,FRESH,0.351,,False,0.3,True,MATURE,9296.0,2.638,0.849,0.849,0.0,0.0,0.0,v22_calibrated,,,,,,,,True,24.8,,ELITE_SCORE,MATURE,9296,2.4.0,OK,,100.0,ATTACK,OK,OK,OK,OK,OK,OK,OK,0,7,True,True,True,,0,GREEN,,,90.0,BUY,1,,0,0,0,0,,0.0,T=12<70,100.0,GREEN,,,0,False,0,ENTRY_READY_BUT_NOT_TOP_PICK,TOP_PICK=0,진입조건은 양호하나 공식 Top Pick 아님,50.0,ENTRY_CLEAN_OBSERVE,ENTRY_CLEAN_OBSERVE,FX_HIGH_REGIME,1,0,0,1,0,0,0,0,0,CLEAR,,,0,0,0,0,0.0,,,,,,,,,,REJECT_NO_VALIDATED_RULE,,,,,,True,False,True,True,False,True,False,True,0.0,0.0,0.0,0.0,20.0,0.0,15.0,0.0,35.0,0.5,False,True,False,4,False,0.0,0.0,G2RR×0.5 · G5추세붕괴4축 · G7윗꼬리약세-15,,0,0,0,,0.0,0,,False,0.0,0.0,False,,False,True,,0
104,203650,드림시큐리티,KOSDAQ,IT/전기전자,2990,77.93,3041.0,0.0,0.0,WAIT,WAIT,3,False,1,True,19.1,19.1,19.0,10.7,29.9,0.0,17.1,19.9,19.2,76.0,4.04,0.0,RR4.0 + 진입적정,0,2990.0,2540.0,4810.0,5710.0,,0.49,0.34,3474,-21.62,특이사항 없음,0,-8.56,47.8,-8.92,거래품질 우수,,저점 이탈,추세 관망,CRITICAL,75.3,소프트웨어 개발 및 공급업,7792580268.0,46.3,46.92,0,0,2.22,-3.08,-14.2,-16.6,93.65,81.87,-4.04,103.25,,0.767,0.167,0,12.0,1,0,2.43,0.19,0,0,0,0,1,2685.0,-13.96,0.0769,False,O,▲,2927,▼,O,X,2.22,250,0,1,1,1,6850.0,enter,100.0,NORMAL+PM_BLOCK_INTRADAY+EF:정상,15.05,6.0,4.0,normal,7.0,v1_sl_first_gap_at_open,NORMAL+PM_BLOCK_INTRADAY+EF:정상,SWING_20D,80,FIBO_1.272,40,FIBO_1.618,25,0.0,소프트웨어 개발 및 공급업,0.10229729729729745,3.253243243243243,5.0,0.16650740563784042,-0.002831979127937116,0.8780487804878049,OK,29.9,OK,15.0,15.0,6,1,0.55,0.25,0.2,STRUCT+TIMING+AI+SECTOR,default,50,20260612,20260612,,19.1,19.1,19.1,46.38,-9.6,FRESH,0.351,,False,0.3,True,MATURE,9296.0,4.044,0.849,0.849,0.0,0.0,0.0,v22_calibrated,,,,,,,,True,60.9,,ELITE_SCORE,MATURE,9296,2.4.0,OK,,100.0,ATTACK,OK,OK,OK,OK,OK,OK,OK,0,7,True,True,True,,0,GREEN,,,90.0,BUY,1,,0,0,0,0,,0.0,T=11<70,100.0,GREEN,,,0,False,0,ENTRY_READY_BUT_NOT_TOP_PICK,TOP_PICK=0,진입조건은 양호하나 공식 Top Pick 아님,50.0,ENTRY_CLEAN_OBSERVE,ENTRY_CLEAN_OBSERVE,FX_HIGH_REGIME,1,0,0,1,0,0,0,0,0,CLEAR,,,0,0,0,0,0.0,,,,,,,,,,REJECT_NO_VALIDATED_RULE,,,,,,True,False,True,True,False,True,False,True,0.0,0.0,0.0,0.0,20.0,0.0,15.0,0.0,35.0,0.5,False,True,False,3,False,0.0,0.0,G2RR×0.5 · G5추세붕괴3축 · G7윗꼬리약세-15,,0,0,0,,0.0,0,,False,0.0,0.0,False,,False,True,,0
105,001040,CJ,KOSPI,금융,174500,334.89,50913.9,0.0,0.0,WAIT,WAIT,3,False,1,True,15.2,15.2,4.1,13.4,48.0,0.0,17.1,21.8,43.9,45.1,2.21,0.0,RR2.2 + 진입적정,0,174500.0,148300.0,232500.0,266500.0,,0.19,0.8,192728,-2.23,특이사항 없음,0,-0.62,52.3,-1.61,,,,추세 관망,CRITICAL,75.3,기타 금융업,33488965100.0,52.9,31.91,0,0,0.87,-5.06,6.01,-13.83,-6.63,-4.23,-17.39,-53.01,,0.855,0.421,0,12.0,0,0,0.99,0.21,0,0,0,0,-1,204850.0,-9.46,0.074,False,X,▼,175318,▲,X,X,2.31,250,0,-1,1,1,,enter,100.0,NORMAL+PM_BLOCK_INTRADAY+EF:정상,15.01,4.0,2.2,normal,7.0,v1_sl_first_gap_at_open,NORMAL+PM_BLOCK_INTRADAY+EF:정상,SWING_20D,80,RR_LEGACY,35,,0,0.0,기타 금융업,1.90825,-1.16975,7.0,0.07302496930004093,-0.01357805831206084,0.4953271028037383,OK,48.0,OK,30.085011278188702,30.085011278188702,4,1,0.55,0.25,0.2,STRUCT+TIMING+AI+SECTOR,default,50,20260612,20260612,,15.2,15.2,15.2,46.38,-9.6,FRESH,0.351,,False,0.3,True,MATURE,9296.0,2.214,0.849,0.849,0.0,0.0,0.0,v22_calibrated,,,,,,,,True,33.2,,ELITE_SCORE,MATURE,9296,2.4.0,OK,,100.0,ATTACK,OK,OK,OK,OK,OK,OK,OK,0,7,True,True,True,,0,GREEN,,,90.0,BUY,1,,0,0,0,0,,0.0,T=13<70,100.0,GREEN,,,0,False,0,ENTRY_READY_BUT_NOT_TOP_PICK,TOP_PICK=0,진입조건은 양호하나 공식 Top Pick 아님,50.0,ENTRY_CLEAN_OBSERVE,ENTRY_CLEAN_OBSERVE,FX_HIGH_REGIME,1,0,0,1,0,0,0,0,0,CLEAR,,,0,0,0,0,0.0,,,,,,,,,,REJECT_NO_VALIDATED_RULE,,,,,,True,False,True,True,False,True,True,True,0.0,0.0,0.0,0.0,20.0,0.0,0.0,0.0,20.0,0.5,False,True,False,3,False,0.0,0.0,G2RR×0.5 · G5추세붕괴3축,,0,0,0,,0.0,0,,False,0.0,0.0,False,,False,True,,0
106,139480,이마트,KOSPI,유통·소비재,88600,192.84,24449.9,0.0,0.0,WAIT,WAIT,3,False,1,True,14.6,14.6,7.8,17.6,29.5,0.0,16.7,18.3,21.7,72.9,3.54,0.0,RR3.5 + 진입적정,0,88600.0,80100.0,118700.0,136400.0,,0.33,0.76,97988,-2.42,특이사항 없음,0,-2.13,42.8,-3.52,,,,추세 관망,CRITICAL,75.3,종합 소매업,19284288300.0,49.4,33.84,0,0,0.23,-0.67,1.72,-16.42,-5.14,12.01,-19.98,-51.52,,0.795,0.363,0,11.2,0,0,1.04,0.17,0,0,0,0,-1,99700.0,-9.58,0.2318,False,X,▲,86634,▲,O,X,2.83,250,0,1,1,1,,enter,100.0,SWING+PM_BLOCK_INTRADAY+EF:정상,9.59,5.0,3.5,normal,7.0,v1_sl_first_gap_at_open,SWING+PM_BLOCK_INTRADAY+EF:정상,SWING_20D,80,SWING_120D,45,,0,0.0,종합 소매업,5.0564285714285715,-0.5635714285714287,6.0,0.05578845533698807,0.007504519158564886,0.4642857142857143,OK,29.5,OK,30.230537930645696,30.230537930645696,2,0,0.55,0.25,0.2,STRUCT+TIMING+AI+SECTOR,default,50,20260612,20260612,,14.6,14.6,14.6,46.38,-9.6,FRESH,0.351,,False,0.3,True,MATURE,9296.0,3.541,0.849,0.849,0.0,0.0,0.0,v22_calibrated,,,,,,,,True,34.0,,ELITE_SCORE,MATURE,9296,2.4.0,OK,,100.0,ATTACK,OK,OK,OK,OK,OK,OK,OK,0,7,True,True,True,,0,GREEN,,,90.0,BUY,1,,0,0,0,0,,0.0,T=18<70,100.0,GREEN,,,0,False,0,ENTRY_READY_BUT_NOT_TOP_PICK,TOP_PICK=0,진입조건은 양호하나 공식 Top Pick 아님,45.0,ENTRY_CLEAN_OBSERVE,ENTRY_CLEAN_OBSERVE,FX_HIGH_REGIME,1,0,0,1,0,0,0,0,0,CLEAR,,,0,0,0,0,0.0,,,,,,,,,,REJECT_NO_VALIDATED_RULE,,,,,,True,False,True,True,False,True,True,True,0.0,0.0,0.0,0.0,20.0,0.0,0.0,0.0,20.0,0.5,False,True,False,3,False,0.0,0.0,G2RR×0.5 · G5추세붕괴3축,,0,0,0,,0.0,0,,False,0.0,0.0,False,,False,True,,0
107,207940,삼성바이오로직스,KOSPI,바이오·의약품,1295000,713.56,599467.8,0.0,0.0,WAIT,WAIT,3,False,1,True,12.0,12.0,0.0,22.6,31.5,0.0,16.6,18.0,31.5,60.6,1.67,0.0,RR1.7 + 진입적정,0,1295000.0,1191000.0,1469000.0,1743000.0,,-0.04,0.84,1466462,-25.69,특이사항 없음,0,-5.54,34.2,-4.58,,,저점 이탈,추세 관망,CRITICAL,75.3,기초 의약물질 제조업,71355797500.0,43.6,15.72,0,0,0.7,-3.36,-5.68,-8.16,-17.41,-22.41,-11.72,-63.79,,0.974,0.14,0,9.0,1,0,0.72,0.28,0,0,0,0,-1,1436700.0,-11.69,0.0585,False,X,▼,1282795,▼,O,X,2.64,250,0,-1,-1,1,1987000.0,enter,100.0,SWING+PM_BLOCK_INTRADAY+EF:정상,8.03,4.0,1.7,normal,7.0,v1_sl_first_gap_at_open,SWING+PM_BLOCK_INTRADAY+EF:정상,SWING_20D,80,VP_RESISTANCE,65,SWING_120D,45,0.0,기초 의약물질 제조업,-3.8524999999999996,0.4400000000000002,10.0,0.044953116381687815,-0.1995801976406669,0.13636363636363635,OK,31.5,OK,33.86428792450715,33.86428792450715,2,0,0.55,0.25,0.2,STRUCT+TIMING+AI+SECTOR,default,50,20260612,20260612,,12.0,12.0,12.0,46.38,-9.6,FRESH,0.351,,False,0.3,True,MATURE,9296.0,1.673,0.849,0.849,0.0,0.0,0.0,v22_calibrated,,,,,,,,True,13.4,,ELITE_SCORE,MATURE,9296,2.4.0,OK,,100.0,ATTACK,OK,OK,OK,OK,OK,OK,OK,0,7,True,True,True,,0,GREEN,,,90.0,BUY,1,,0,0,0,0,,0.0,T=23<70,100.0,GREEN,,,0,False,0,ENTRY_READY_BUT_NOT_TOP_PICK,TOP_PICK=0,진입조건은 양호하나 공식 Top Pick 아님,45.0,ENTRY_CLEAN_OBSERVE,ENTRY_CLEAN_OBSERVE,FX_HIGH_REGIME,1,0,0,1,0,0,0,0,0,CLEAR,,,0,0,0,0,0.0,,,,,,,,,,REJECT_NO_VALIDATED_RULE,,,,,,True,False,True,True,False,True,True,True,0.0,0.0,0.0,0.0,20.0,0.0,0.0,0.0,20.0,0.5,False,True,False,4,False,0.0,0.0,G2RR×0.5 · G5추세붕괴4축,,0,0,0,,0.0,0,,False,0.0,0.0,False,,False,True,,0
108,092200,디아이씨,KOSPI,자동차·모빌리티,9940,229.53,3865.5,0.0,0.0,WAIT,WAIT,3,False,1,True,61.8,61.8,67.0,49.1,63.5,0.0,16.6,59.9,17.9,77.6,0.71,0.0,진입적정,0,9940.0,8440.0,11000.0,11320.0,🚀급등시동,0.68,1.05,8857,-20.64,특이사항 없음,0,38.39,67.5,14.58,STRUCT 강점,AI 보조,,추세 관망,CRITICAL,75.3,자동차 신품 부품 제조업,22952978360.0,78.0,60.86,0,0,1.43,-1.19,21.22,6.88,8.99,-12.11,3.32,-37.39,,0.651,0.199,0,12.0,1,0,1.59,0.78,0,0,0,1,1,7421.0,12.23,-0.4379,False,O,▼,10418,▲,X,X,4.08,250,0,-1,-1,1,12280.0,enter,100.0,NORMAL+PM_BLOCK_INTRADAY+EF:정상,15.09,6.0,0.7,normal,7.0,v1_sl_first_gap_at_open,NORMAL+PM_BLOCK_INTRADAY+EF:정상,SWING_20D,80,BB_UPPER,75,ATR_2x,70,0.0,자동차 신품 부품 제조업,9.936315789473685,2.4005263157894725,3.0,0.11770623742454728,0.040585555203360504,0.1891891891891892,OK,63.5,OK,45.98079901278309,45.98079901278309,4,1,0.55,0.25,0.2,STRUCT+TIMING+AI+SECTOR,default,50,20260612,20260612,,61.8,61.8,61.8,46.38,-9.6,FRESH,0.351,,False,0.414,True,MATURE,9296.0,0.707,0.849,0.707,0.0,0.0,0.0,v22_calibrated,,,,,,,,True,10.7,,ELITE_SCORE,MATURE,9296,2.4.0,OK,,100.0,ATTACK,OK,OK,OK,OK,OK,OK,OK,0,7,True,True,True,,0,GREEN,,,0.0,AVOID,0,RR 0.71,0,0,0,0,,0.0,T=49<70 · S=67≥50,100.0,GREEN,,,0,False,0,BELOW_OFFICIAL_BAR,TOP_PICK=0,,5.0,IGNORE,IGNORE,FX_HIGH_REGIME,1,0,0,1,0,0,0,0,0,CLEAR,,,0,0,0,0,0.0,,,,,,,,,,REJECT_NO_VALIDATED_RULE,,,,,,True,True,True,True,True,True,True,True,0.0,0.0,0.0,0.0,0.0,0.0,0.0,0.0,0.0,1.0,False,False,False,2,True,16.6,1.0,,,0,0,0,,16.6,0,,False,0.0,0.0,False,,False,True,,0
109,001120,LX인터내셔널,KOSPI,기타,40050,327.29,15523.4,0.0,0.0,WAIT,WAIT,3,False,1,True,17.9,17.9,6.7,0.0,71.2,0.0,16.3,26.0,71.2,11.0,1.72,0.0,RR1.7 + 진입적정,0,40050.0,36100.0,46850.0,57700.0,,0.31,4.47,46931,-15.29,특이사항 없음,0,-11.1,35.9,-4.64,AI 강점,,저점 이탈,추세 관망,CRITICAL,75.3,상품 중개업,32729031650.0,48.3,27.12,0,0,0.12,1.26,-6.1,-11.49,-11.88,20.45,-15.05,-58.26,,0.666,0.204,0,11.8,1,0,0.84,0.29,0,0,0,0,-1,45030.0,-14.66,0.3412,False,X,▲,37697,▲,O,X,0.75,250,0,1,1,1,,enter,100.0,SWING+PM_BLOCK_INTRADAY+EF:정상,9.86,5.0,1.7,normal,7.0,v1_sl_first_gap_at_open,SWING+PM_BLOCK_INTRADAY+EF:정상,SWING_20D,80,SWING_60D,60,,0,0.0,상품 중개업,2.1077380952380955,-2.2075,9.0,0.05894417692170501,-0.03650246638145178,0.17857142857142858,OK,71.2,OK,13.500988960737537,13.500988960737537,2,0,0.55,0.25,0.2,STRUCT+TIMING+AI+SECTOR,default,50,20260612,20260612,,17.9,17.9,17.9,46.38,-9.6,FRESH,0.351,,False,0.3,True,MATURE,9296.0,1.722,0.849,0.849,0.0,0.0,0.0,v22_calibrated,,,,,,,,True,17.0,,ELITE_SCORE,MATURE,9296,2.4.0,OK,,100.0,ATTACK,OK,OK,OK,OK,OK,OK,OK,0,7,True,True,True,,0,GREEN,,,90.0,BUY,1,,0,0,0,0,,0.0,T=0<70,100.0,GREEN,,,0,False,0,ENTRY_READY_BUT_NOT_TOP_PICK,TOP_PICK=0,진입조건은 양호하나 공식 Top Pick 아님,45.0,ENTRY_CLEAN_OBSERVE,ENTRY_CLEAN_OBSERVE,FX_HIGH_REGIME,1,0,0,1,0,0,0,0,0,CLEAR,,,0,0,0,0,0.0,,,,,,,,,,REJECT_NO_VALIDATED_RULE,,,,,,True,False,True,True,False,True,True,True,0.0,0.0,0.0,0.0,20.0,0.0,0.0,0.0,20.0,0.3,False,True,False,3,False,0.0,0.0,G2RR×0.3 · G5추세붕괴3축,,0,0,0,,0.0,0,,False,0.0,0.0,False,,False,True,,0
110,017900,광전자,KOSPI,반도체,9300,320.2,5388.8,0.0,0.0,WAIT,WAIT,3,False,1,True,15.9,15.9,15.0,16.5,17.5,0.0,16.2,16.3,2.5,96.9,4.41,0.0,밸런스우수 + RR4.4 + 진입적정,0,9300.0,7900.0,15470.0,22450.0,,0.55,0.52,9403,181.28,특이사항 없음,0,-18.28,29.7,-11.77,거래품질 우수,,저점 이탈,추세 관망,CRITICAL,75.3,반도체 제조업,32019512990.0,33.8,67.51,0,0,2.31,6.65,-16.96,-17.33,351.46,412.4,-20.89,305.08,,0.541,0.127,1,12.0,0,0,2.96,0.24,0,0,0,0,-1,12449.0,-1.1,0.7489,False,O,▲,8025,▼,O,X,5.83,248,0,1,1,1,28050.0,enter,100.0,NORMAL+PM_BLOCK_INTRADAY+EF:정상,15.05,5.0,4.4,normal,7.0,v1_sl_first_gap_at_open,NORMAL+PM_BLOCK_INTRADAY+EF:정상,SWING_20D,80,SWING_60D,60,FIBO_1.272,40,0.0,반도체 제조업,7.3096000000000005,9.6216,1.0,0.17534562211981566,0.03944533101153594,0.37333333333333335,OK,17.5,OK,16.641790638272223,16.641790638272223,4,1,0.55,0.25,0.2,STRUCT+TIMING+AI+SECTOR,default,50,20260612,20260612,,15.9,15.9,15.9,46.38,-9.6,FRESH,0.351,,False,0.3,True,MATURE,9296.0,4.407,0.849,0.849,0.0,0.0,0.0,v22_calibrated,,,,,,,,True,66.3,,ELITE_SCORE,MATURE,9296,2.4.0,OK,,100.0,ATTACK,OK,OK,OK,OK,OK,OK,OK,0,7,True,True,True,,0,GREEN,,,65.0,WATCH,0,POC 181↑,0,1,1,0,,0.0,T=16<70,100.0,GREEN,,,0,False,0,BELOW_OFFICIAL_BAR,TOP_PICK=0,VWAP/POC 과열,15.0,IGNORE,IGNORE,FX_HIGH_REGIME,1,0,0,1,0,0,0,0,0,CLEAR,,,0,0,0,0,0.0,,,,,,,,,,REJECT_NO_VALIDATED_RULE,,,,,,True,False,True,True,False,True,True,True,0.0,0.0,0.0,0.0,20.0,0.0,0.0,0.0,20.0,0.5,False,True,False,3,False,0.0,0.0,G2RR×0.5 · G5추세붕괴3축,,0,0,0,,0.0,0,,False,0.0,0.0,False,,False,True,,0
111,003690,코리안리,KOSPI,금융,13580,83.41,23998.7,0.0,0.0,WAIT,WAIT,3,False,1,True,72.3,72.3,92.1,59.3,34.3,0.0,16.1,61.9,57.8,27.8,0.75,0.0,진입적정,0,13580.0,11800.0,14920.0,16370.0,⚡눌림회복,1.51,0.77,13026,12.5,특이사항 없음,0,7.9,39.8,0.63,STRUCT 강점,TIMING 보조,,추세 관망,CRITICAL,75.3,재 보험업,8341405210.0,47.6,18.87,0,0,0.67,4.06,-0.59,17.78,4.86,18.71,14.22,-41.52,,0.222,0.222,1,11.7,0,0,1.71,0.61,0,0,0,1,1,12164.0,4.25,0.1263,False,O,▲,13027,▲,O,X,0.15,250,0,1,1,1,17070.0,enter,100.0,NORMAL+PM_BLOCK_INTRADAY+EF:정상,13.11,5.0,0.8,normal,7.0,v1_sl_first_gap_at_open,NORMAL+PM_BLOCK_INTRADAY+EF:정상,SWING_20D,80,ATR_3.5x,45,FIBO_1.618,25,0.0,재 보험업,1.90825,-1.16975,7.0,0.0585945718493583,-0.050298435992215354,0.5945945945945946,OK,34.3,OK,48.87908199593403,48.87908199593403,6,1,0.55,0.25,0.2,STRUCT+TIMING+AI+SECTOR,default,50,20260612,20260612,,72.3,72.3,72.3,46.38,-9.6,FRESH,0.351,,False,0.498,False,MATURE,9296.0,0.753,0.849,0.753,0.0,0.0,0.0,v22_calibrated,,,,,,,,True,9.9,,ELITE_SCORE,MATURE,9296,2.4.0,OK,,100.0,ATTACK,OK,OK,OK,OK,OK,OK,OK,0,7,True,True,True,,0,GREEN,,,0.0,AVOID,0,RR 0.75,0,0,0,0,,0.0,T=59<70 · S=92≥50,100.0,GREEN,,,0,False,0,BELOW_OFFICIAL_BAR,TOP_PICK=0,,13.0,IGNORE,IGNORE,FX_HIGH_REGIME,1,0,0,1,0,0,0,0,0,CLEAR,,,0,0,0,0,0.0,,,,,,,,,,REJECT_NO_VALIDATED_RULE,,,,,,True,True,True,True,True,True,True,True,0.0,0.0,0.0,0.0,0.0,0.0,0.0,0.0,0.0,1.0,False,False,False,0,True,16.1,1.0,,,0,0,0,,16.1,0,,False,0.0,0.0,False,,False,True,,0
112,047050,포스코인터내셔널,KOSPI,기타,59400,247.68,104498.1,0.0,0.0,WAIT,WAIT,3,False,1,True,13.2,13.2,0.0,11.0,52.3,0.0,15.7,21.1,52.3,34.6,2.44,0.0,RR2.4 + 진입적정,0,59400.0,52400.0,76500.0,91200.0,,0.72,0.7,74631,-20.57,특이사항 없음,0,-12.9,34.4,-7.39,AI 강점,,MFI 약세,추세 관망,CRITICAL,75.3,상품 중개업,24767514150.0,19.6,36.71,0,0,2.24,1.54,-7.33,-18.07,-19.51,10.82,-21.63,-65.89,,0.873,0.209,0,10.7,0,0,1.33,0.24,0,0,0,0,-1,65290.0,-20.41,0.4275,False,X,▼,55218,▼,O,X,3.44,250,0,-1,1,1,,enter,100.0,NORMAL+PM_BLOCK_INTRADAY+EF:정상,11.78,4.0,2.4,normal,7.0,v1_sl_first_gap_at_open,NORMAL+PM_BLOCK_INTRADAY+EF:정상,SWING_20D,80,SWING_60D,60,,0,0.0,상품 중개업,2.1077380952380955,-2.2075,9.0,0.05327080327080327,-0.0731488948678817,0.09523809523809523,OK,52.3,OK,27.86176026749488,27.86176026749488,4,1,0.55,0.25,0.2,STRUCT+TIMING+AI+SECTOR,default,50,20260612,20260612,,13.2,13.2,13.2,46.38,-9.6,FRESH,0.351,,False,0.3,True,MATURE,9296.0,2.443,0.849,0.849,0.0,0.0,0.0,v22_calibrated,,,,,,,,True,28.8,,ELITE_SCORE,MATURE,9296,2.4.0,OK,,100.0,ATTACK,OK,OK,OK,OK,OK,OK,OK,0,7,True,True,True,,0,GREEN,,,90.0,BUY,1,,0,0,0,0,,0.0,T=11<70,100.0,GREEN,,,0,False,0,ENTRY_READY_BUT_NOT_TOP_PICK,TOP_PICK=0,진입조건은 양호하나 공식 Top Pick 아님,50.0,ENTRY_CLEAN_OBSERVE,ENTRY_CLEAN_OBSERVE,FX_HIGH_REGIME,1,0,0,1,0,0,0,0,0,CLEAR,,,0,0,0,0,0.0,,,,,,,,,,REJECT_NO_VALIDATED_RULE,,,,,,True,False,True,True,False,True,True,True,0.0,0.0,0.0,0.0,20.0,0.0,0.0,0.0,20.0,0.5,False,True,False,4,False,0.0,0.0,G2RR×0.5 · G5추세붕괴4축,,0,0,0,,0.0,0,,False,0.0,0.0,False,,False,True,,0
113,096770,SK이노베이션,KOSPI,기타,106100,572.7,179365.0,0.0,0.0,WAIT,WAIT,3,False,1,True,11.1,11.1,0.0,19.9,30.8,0.0,15.4,16.9,30.8,61.5,3.16,0.0,RR3.2 + 진입적정,0,106100.0,96500.0,136400.0,155400.0,,0.25,0.91,125673,-20.25,특이사항 없음,0,-11.24,33.8,-8.21,,,저점 이탈,추세 관망,CRITICAL,75.3,석유 정제품 제조업,57269996100.0,35.1,25.06,0,0,2.81,-7.66,-9.32,-18.2,-2.93,-5.52,-21.76,-49.31,,0.915,0.403,0,11.7,1,0,1.05,0.18,0,0,0,0,-1,120320.0,-15.57,0.0061,False,X,▼,104950,▼,O,X,2.52,250,0,-1,1,1,,enter,100.0,SWING+PM_BLOCK_INTRADAY+EF:정상,9.05,4.0,3.2,normal,7.0,v1_sl_first_gap_at_open,SWING+PM_BLOCK_INTRADAY+EF:정상,SWING_20D,80,SWING_60D,60,,0,0.0,석유 정제품 제조업,2.1077380952380955,-2.2075,9.0,0.05850276019927292,-0.009232045790450307,0.6862745098039216,OK,30.8,OK,35.88759154237724,35.88759154237724,2,0,0.55,0.25,0.2,STRUCT+TIMING+AI+SECTOR,default,50,20260612,20260612,,11.1,11.1,11.1,46.38,-9.6,FRESH,0.351,,False,0.3,True,MATURE,9296.0,3.156,0.849,0.849,0.0,0.0,0.0,v22_calibrated,,,,,,,,True,28.6,,ELITE_SCORE,MATURE,9296,2.4.0,OK,,100.0,ATTACK,OK,OK,OK,OK,OK,OK,OK,0,7,True,True,True,,0,GREEN,,,90.0,BUY,1,,0,0,0,0,,0.0,T=20<70,100.0,GREEN,,,0,False,0,ENTRY_READY_BUT_NOT_TOP_PICK,TOP_PICK=0,진입조건은 양호하나 공식 Top Pick 아님,45.0,ENTRY_CLEAN_OBSERVE,ENTRY_CLEAN_OBSERVE,FX_HIGH_REGIME,1,0,0,1,0,0,0,0,0,CLEAR,,,0,0,0,0,0.0,,,,,,,,,,REJECT_NO_VALIDATED_RULE,,,,,,True,False,True,True,False,True,True,True,0.0,0.0,0.0,0.0,20.0,0.0,0.0,0.0,20.0,0.5,False,True,False,4,False,0.0,0.0,G2RR×0.5 · G5추세붕괴4축,,0,0,0,,0.0,0,,False,0.0,0.0,False,,False,True,,0
114,192080,더블유게임즈,KOSPI,IT/전기전자,71000,78.93,15033.2,0.0,0.0,WAIT,WAIT,3,False,1,True,71.9,71.9,95.3,68.5,11.7,0.0,15.0,58.5,83.6,0.0,0.77,0.0,진입적정,0,71000.0,63900.0,76500.0,86800.0,,1.61,0.82,60600,31.49,특이사항 없음,0,14.81,59.0,5.72,STRUCT 강점,TIMING 보조,,추세 관망,CRITICAL,75.3,소프트웨어 개발 및 공급업,7893212500.0,64.9,27.18,0,0,-4.83,-0.14,1.43,24.34,43.0,33.21,20.78,-3.38,,0.037,0.037,1,12.0,1,0,1.38,0.71,0,0,0,1,1,59120.0,17.16,-0.0192,False,O,▲,72422,▲,X,X,-0.27,250,0,1,1,1,94400.0,enter,100.0,SWING+PM_BLOCK_INTRADAY+EF:정상,10.0,5.0,0.8,normal,7.0,v1_sl_first_gap_at_open,SWING+PM_BLOCK_INTRADAY+EF:정상,SWING_20D,80,ATR_3.5x,45,FIBO_1.618,25,0.0,소프트웨어 개발 및 공급업,0.10229729729729745,3.253243243243243,5.0,0.06358148893360162,0.3292879442553774,0.19047619047619047,OK,11.7,OK,44.97384613781867,44.97384613781867,6,1,0.55,0.25,0.2,STRUCT+TIMING+AI+SECTOR,default,50,20260612,20260612,,71.9,71.9,71.9,46.38,-9.6,FRESH,0.351,,False,0.495,False,MATURE,9296.0,0.775,0.849,0.775,0.0,0.0,0.0,v22_calibrated,,,,,,,,True,7.7,,ELITE_SCORE,MATURE,9296,2.4.0,OK,,100.0,ATTACK,OK,OK,OK,OK,OK,OK,OK,0,7,True,True,True,,0,GREEN,,,0.0,AVOID,0,RR 0.77,0,0,0,0,,0.0,T=68<70 · S=95≥50,100.0,GREEN,,,0,False,0,BELOW_OFFICIAL_BAR,TOP_PICK=0,,13.0,IGNORE,IGNORE,FX_HIGH_REGIME,1,0,0,1,0,0,0,0,0,CLEAR,,,0,0,0,0,0.0,,,,,,,,,,REJECT_NO_VALIDATED_RULE,,,,,,True,True,True,True,True,True,True,True,0.0,0.0,0.0,0.0,0.0,0.0,0.0,0.0,0.0,1.0,False,False,False,1,True,15.0,1.0,,,0,0,0,,15.0,0,,False,0.0,0.0,False,,False,True,,0
115,0126Z0,삼성에피스홀딩스,KOSPI,금융,446500,184.48,111102.8,0.0,0.0,WAIT,WAIT,3,False,1,True,10.9,10.9,0.0,18.1,32.1,0.0,14.9,16.7,32.1,59.9,1.5,0.0,RR1.5 + 진입적정,0,446500.0,391500.0,529000.0,630000.0,,1.8,0.74,518983,-30.37,특이사항 없음,0,-12.66,39.4,-4.6,,,저점 이탈,추세 관망,CRITICAL,75.3,기타 금융업,18447779250.0,30.6,27.26,0,0,2.88,0.56,-5.1,-11.58,-13.3,-21.53,-15.14,-59.68,,0.993,0.042,0,12.0,1,0,1.25,0.36,0,0,0,0,-1,495300.0,-13.97,0.2155,False,X,▼,419708,▼,O,X,1.5,134,0,-1,0,0,773000.0,enter,100.0,NORMAL+PM_BLOCK_INTRADAY+EF:정상,12.32,4.0,1.5,normal,7.0,v1_sl_first_gap_at_open,NORMAL+PM_BLOCK_INTRADAY+EF:정상,SWING_20D,80,SWING_60D,60,SWING_120D,45,0.0,기타 금융업,1.90825,-1.16975,7.0,0.06155015197568389,-0.004450781987970661,0.0,OK,32.1,OK,29.831149882499957,29.831149882499957,4,1,0.55,0.25,0.2,STRUCT+TIMING+AI+SECTOR,default,50,20260612,20260612,,10.9,10.9,10.9,46.38,-9.6,FRESH,0.351,,False,0.3,True,MATURE,9296.0,1.5,0.849,0.849,0.0,0.0,0.0,v22_calibrated,,,,,,,,True,18.5,,ELITE_SCORE,MATURE,9296,2.4.0,OK,,100.0,ATTACK,OK,OK,OK,OK,OK,OK,OK,0,7,True,True,True,,0,GREEN,,,90.0,BUY,1,,0,0,0,0,,0.0,T=18<70,100.0,GREEN,,,0,False,0,ENTRY_READY_BUT_NOT_TOP_PICK,TOP_PICK=0,진입조건은 양호하나 공식 Top Pick 아님,50.0,ENTRY_CLEAN_OBSERVE,ENTRY_CLEAN_OBSERVE,FX_HIGH_REGIME,1,0,0,1,0,0,0,0,0,CLEAR,,,0,0,0,0,0.0,,,,,,,,,,REJECT_NO_VALIDATED_RULE,,,,,,True,False,True,False,False,True,True,True,0.0,0.0,0.0,0.0,20.0,0.0,0.0,0.0,20.0,0.5,True,True,False,4,False,0.0,0.0,G2RR×0.5 · G4저모멘텀차단 · G5추세붕괴4축,,0,0,0,,0.0,0,,False,0.0,0.0,False,,False,True,,0
116,017960,한국카본,KOSPI,기타,31750,112.59,16407.3,0.0,0.0,WAIT,WAIT,3,False,1,True,11.4,11.4,0.0,15.1,38.3,0.0,14.8,17.8,38.3,52.1,2.74,0.0,RR2.7 + 진입적정,0,31750.0,26950.0,44900.0,54100.0,,0.62,0.62,43347,-27.05,특이사항 없음,0,-7.01,34.4,-6.71,,,저점 이탈,추세 관망,CRITICAL,75.3,"구조용 금속제품, 탱크 및 증기발생기 제조업",11258879125.0,26.0,35.85,0,0,1.6,-1.55,-8.1,-26.59,-30.75,7.99,-30.15,-77.13,,0.909,0.185,0,12.0,1,0,1.12,0.16,0,0,0,0,-1,37645.0,-26.75,0.436,False,X,▼,29749,▲,O,X,3.04,250,0,-1,1,1,,enter,100.0,NORMAL+PM_BLOCK_INTRADAY+EF:정상,15.12,5.0,2.7,normal,7.0,v1_sl_first_gap_at_open,NORMAL+PM_BLOCK_INTRADAY+EF:정상,SWING_20D,80,SWING_60D,60,,0,0.0,"구조용 금속제품, 탱크 및 증기발생기 제조업",2.1077380952380955,-2.2075,9.0,0.07424071991001126,-0.03350250435732316,0.375,OK,38.3,OK,27.12773861653239,27.12773861653239,4,1,0.55,0.25,0.2,STRUCT+TIMING+AI+SECTOR,default,50,20260612,20260612,,11.4,11.4,11.4,46.38,-9.6,FRESH,0.351,,False,0.3,True,MATURE,9296.0,2.74,0.849,0.849,0.0,0.0,0.0,v22_calibrated,,,,,,,,True,41.4,,ELITE_SCORE,MATURE,9296,2.4.0,OK,,100.0,ATTACK,OK,OK,OK,OK,OK,OK,OK,0,7,True,True,True,,0,GREEN,,,90.0,BUY,1,,0,0,0,0,,0.0,T=15<70,100.0,GREEN,,,0,False,0,ENTRY_READY_BUT_NOT_TOP_PICK,TOP_PICK=0,진입조건은 양호하나 공식 Top Pick 아님,50.0,ENTRY_CLEAN_OBSERVE,ENTRY_CLEAN_OBSERVE,FX_HIGH_REGIME,1,0,0,1,0,0,0,0,0,CLEAR,,,0,0,0,0,0.0,,,,,,,,,,REJECT_NO_VALIDATED_RULE,,,,,,True,False,True,True,False,True,True,True,0.0,0.0,0.0,0.0,20.0,0.0,0.0,0.0,20.0,0.5,False,True,False,3,False,0.0,0.0,G2RR×0.5 · G5추세붕괴3축,,0,0,0,,0.0,0,,False,0.0,0.0,False,,False,True,,0
117,251270,넷마블,KOSPI,인터넷/플랫폼·게임,42450,176.12,34781.2,0.0,,WAIT,WAIT,3,False,1,True,42.1,42.1,19.9,72.8,64.8,0.0,14.3,52.5,52.9,33.9,0.64,0.0,진입적정,0,42450.0,38000.0,45300.0,50500.0,,0.64,1.56,46974,-15.91,특이사항 없음,3,-2.99,51.6,0.24,TIMING 강점,AI 보조,,스퀴즈/품질 대기,CRITICAL,75.3,소프트웨어 개발 및 공급업,17611545925.0,58.4,12.07,1,0,-1.39,1.07,2.17,1.07,-20.21,-13.63,-2.49,-66.59,,0.879,0.105,0,11.1,1,1,0.88,0.55,0,0,0,1,-1,46635.0,-9.63,0.0619,False,X,▼,41591,▼,O,X,0.81,250,0,-1,-1,1,55100.0,enter,100.0,NORMAL+PM_BLOCK_INTRADAY+EF:정상,10.48,5.0,0.6,normal,7.0,v1_sl_first_gap_at_open,NORMAL+PM_BLOCK_INTRADAY+EF:정상,SWING_20D,80,VP_RESISTANCE,65,SWING_60D,60,0.0,소프트웨어 개발 및 공급업,-1.2833333333333332,-5.853333333333333,11.0,0.05552751135790006,0.06849095709342658,0.061224489795918366,OK,64.8,OK,70.0,70.0,6,1,0.55,0.25,0.2,STRUCT+TIMING+AI+SECTOR,default,50,20260612,20260612,,42.1,42.1,42.1,46.38,-9.6,FRESH,0.351,elite_low_wr_0.35,True,0.3,True,MATURE,9296.0,0.64,0.849,0.64,0.0,0.0,,v22_calibrated,,,,,,,,True,6.7,,ELITE_SCORE,MATURE,9296,2.4.0,OK,,100.0,ATTACK,OK,OK,OK,OK,OK,OK,OK,0,7,True,True,True,,0,GREEN,,,0.0,AVOID,0,RR 0.64,0,0,0,1,BASIC,60.0,T=73·S=20 · RR=0.64<1.0,100.0,GREEN,,,0,False,0,BELOW_OFFICIAL_BAR,TOP_PICK=0,,5.0,IGNORE,IGNORE,FX_HIGH_REGIME,1,0,0,1,0,0,0,0,0,CLEAR,,,0,0,0,0,0.0,,,,,,,,,,REJECT_NO_VALIDATED_RULE,,,,,,True,True,True,True,False,True,True,True,0.0,0.0,0.0,0.0,20.0,0.0,0.0,0.0,20.0,1.0,False,True,False,3,False,0.0,0.0,G5추세붕괴3축,,0,0,0,,0.0,0,,False,0.0,0.0,False,,False,True,,0
118,006280,녹십자,KOSPI,바이오·의약품,126400,73.5,14771.8,0.0,0.0,WAIT,WAIT,3,False,1,True,11.2,11.2,0.0,13.0,39.8,0.0,14.2,17.6,39.8,50.2,2.84,0.0,RR2.8 + 진입적정,0,126400.0,114200.0,161100.0,183800.0,,2.25,0.78,140975,-11.18,특이사항 없음,0,-7.24,45.4,-5.26,,,저점 이탈,추세 관망,CRITICAL,75.3,의약품 제조업,7350494050.0,58.3,25.67,0,0,1.77,-0.39,-11.42,-8.54,-15.45,-16.35,-12.1,-61.83,,0.996,0.156,0,12.0,0,0,0.71,0.2,0,0,0,0,-1,142770.0,-10.34,0.0893,False,X,▼,121752,▼,O,X,0.72,250,0,-1,-1,1,,enter,100.0,SWING+PM_BLOCK_INTRADAY+EF:정상,9.65,5.0,2.8,normal,7.0,v1_sl_first_gap_at_open,SWING+PM_BLOCK_INTRADAY+EF:정상,SWING_20D,80,SWING_120D,45,,0,0.0,의약품 제조업,-3.8524999999999996,0.4400000000000002,10.0,0.06295207956600361,-0.0329793492138585,0.5217391304347826,OK,39.8,OK,25.196692386209435,25.196692386209435,4,1,0.55,0.25,0.2,STRUCT+TIMING+AI+SECTOR,default,50,20260612,20260612,,11.2,11.2,11.2,46.38,-9.6,FRESH,0.351,,False,0.3,True,MATURE,9296.0,2.844,0.849,0.849,0.0,0.0,0.0,v22_calibrated,,,,,,,,True,27.5,,ELITE_SCORE,MATURE,9296,2.4.0,OK,,100.0,ATTACK,OK,OK,OK,OK,OK,OK,OK,0,7,True,True,True,,0,GREEN,,,90.0,BUY,1,,0,0,0,0,,0.0,T=13<70,100.0,GREEN,,,0,False,0,ENTRY_READY_BUT_NOT_TOP_PICK,TOP_PICK=0,진입조건은 양호하나 공식 Top Pick 아님,50.0,ENTRY_CLEAN_OBSERVE,ENTRY_CLEAN_OBSERVE,FX_HIGH_REGIME,1,0,0,1,0,0,0,0,0,CLEAR,,,0,0,0,0,0.0,,,,,,,,,,REJECT_NO_VALIDATED_RULE,,,,,,True,False,True,True,False,True,True,True,0.0,0.0,0.0,0.0,20.0,0.0,0.0,0.0,20.0,0.5,False,True,False,4,False,0.0,0.0,G2RR×0.5 · G5추세붕괴4축,,0,0,0,,0.0,0,,False,0.0,0.0,False,,False,True,,0
119,259960,크래프톤,KOSPI,인터넷/플랫폼·게임,237000,326.64,109344.7,0.0,0.0,WAIT,WAIT,3,False,1,True,11.3,11.3,0.0,12.2,41.2,0.0,14.2,17.8,41.2,48.5,2.64,0.0,RR2.6 + 진입적정,0,237000.0,214500.0,296500.0,303500.0,,-0.2,0.79,260188,-7.05,특이사항 없음,0,-9.96,36.5,-8.1,,,저점 이탈,추세 관망,CRITICAL,75.3,소프트웨어 개발 및 공급업,32663818500.0,49.1,25.35,0,0,1.72,-7.96,-7.24,-15.66,1.07,-1.86,-19.22,-45.31,,0.777,0.578,0,12.0,0,0,1.0,0.21,0,0,0,0,-1,276375.0,-8.91,-0.0632,False,X,▼,237183,▼,X,X,2.15,250,0,-1,-1,1,,enter,100.0,SWING+PM_BLOCK_INTRADAY+EF:정상,9.49,4.0,2.6,normal,7.0,v1_sl_first_gap_at_open,SWING+PM_BLOCK_INTRADAY+EF:정상,SWING_20D,80,SWING_60D,60,,0,0.0,소프트웨어 개발 및 공급업,-1.2833333333333332,-5.853333333333333,11.0,0.06427064496684749,0.34189003770833787,0.4375,OK,41.2,OK,28.965445446887266,28.965445446887266,0,0,0.55,0.25,0.2,STRUCT+TIMING+AI+SECTOR,default,50,20260612,20260612,,11.3,11.3,11.3,46.38,-9.6,FRESH,0.351,,False,0.3,True,MATURE,9296.0,2.644,0.849,0.849,0.0,0.0,0.0,v22_calibrated,,,,,,,,True,25.1,,ELITE_SCORE,MATURE,9296,2.4.0,OK,,100.0,ATTACK,OK,OK,OK,OK,OK,OK,OK,0,7,True,True,True,,0,GREEN,,,90.0,BUY,1,,0,0,0,0,,0.0,T=12<70,100.0,GREEN,,,0,False,0,ENTRY_READY_BUT_NOT_TOP_PICK,TOP_PICK=0,진입조건은 양호하나 공식 Top Pick 아님,45.0,ENTRY_CLEAN_OBSERVE,ENTRY_CLEAN_OBSERVE,FX_HIGH_REGIME,1,0,0,1,0,0,0,0,0,CLEAR,,,0,0,0,0,0.0,,,,,,,,,,REJECT_NO_VALIDATED_RULE,,,,,,True,False,True,True,False,True,True,True,0.0,0.0,0.0,0.0,20.0,0.0,0.0,0.0,20.0,0.5,False,True,False,5,False,0.0,0.0,G2RR×0.5 · G5추세붕괴5축,,0,0,0,,0.0,0,,False,0.0,0.0,False,,False,True,,0
120,097950,CJ제일제당,KOSPI,유통·소비재,198700,120.2,29912.7,0.0,0.0,WAIT,WAIT,3,False,1,True,9.7,9.7,0.0,20.9,22.4,0.0,14.2,14.4,22.4,72.0,2.57,0.0,RR2.6 + 진입적정,0,198700.0,183800.0,237000.0,252000.0,,0.7,0.83,221173,-5.56,특이사항 없음,0,-5.25,27.0,-4.16,,,MFI 약세,추세 관망,CRITICAL,75.3,기타 식품 제조업,12019828000.0,24.1,21.04,0,0,2.05,-0.65,-2.6,-4.7,-0.3,-3.31,-8.26,-46.68,,0.896,0.294,0,6.2,0,0,1.21,0.19,0,0,0,0,-1,210810.0,-10.16,0.1206,True,X,▼,192899,▼,O,X,1.69,250,0,-1,-1,1,,enter,100.0,SWING+PM_BLOCK_INTRADAY+EF:정상,7.5,5.0,2.6,normal,7.0,v1_sl_first_gap_at_open,SWING+PM_BLOCK_INTRADAY+EF:정상,SWING_20D,80,SWING_60D,60,,0,0.0,기타 식품 제조업,5.0564285714285715,-0.5635714285714287,6.0,0.031094974476957363,-0.2113264059660285,0.6666666666666666,OK,22.4,OK,33.20064421695478,33.20064421695478,4,1,0.55,0.25,0.2,STRUCT+TIMING+AI+SECTOR,default,50,20260612,20260612,,9.7,9.7,9.7,46.38,-9.6,FRESH,0.351,,False,0.3,True,MATURE,9296.0,2.57,0.849,0.849,0.0,0.0,0.0,v22_calibrated,,,,,,,,True,19.3,,ELITE_SCORE,MATURE,9296,2.4.0,OK,,100.0,ATTACK,OK,OK,OK,OK,OK,OK,OK,0,7,True,True,True,,0,GREEN,,,90.0,BUY,1,,0,0,0,0,,0.0,T=21<70,100.0,GREEN,,,0,False,0,ENTRY_READY_BUT_NOT_TOP_PICK,TOP_PICK=0,진입조건은 양호하나 공식 Top Pick 아님,50.0,ENTRY_CLEAN_OBSERVE,ENTRY_CLEAN_OBSERVE,FX_HIGH_REGIME,1,0,0,1,0,0,0,0,0,CLEAR,,,0,0,0,0,0.0,,,,,,,,,,REJECT_NO_VALIDATED_RULE,,,,,,True,False,True,True,False,True,True,True,0.0,0.0,0.0,0.0,20.0,0.0,0.0,0.0,20.0,0.5,False,True,False,4,False,0.0,0.0,G2RR×0.5 · G5추세붕괴4축,,0,0,0,,0.0,0,,False,0.0,0.0,False,,False,True,,0
121,214320,이노션,KOSPI,미디어·콘텐츠,21050,74.38,8420.0,0.0,0.0,WAIT,WAIT,3,False,1,True,50.4,50.4,44.6,92.3,14.1,0.0,14.1,50.3,78.2,2.2,0.75,0.0,진입적정,0,21050.0,18920.0,22650.0,24300.0,,1.26,1.0,19720,5.08,특이사항 없음,5,-4.62,50.6,2.81,TIMING 강점,,,추세 관망,CRITICAL,75.3,광고업,7438046250.0,32.4,10.68,1,0,2.18,5.36,3.69,5.62,7.73,11.73,2.06,-38.65,,0.023,0.023,1,8.8,0,0,1.58,0.6,0,0,0,1,1,18736.0,6.74,0.1872,False,O,▲,19955,▲,O,X,1.46,250,0,1,1,1,25850.0,enter,100.0,NORMAL+PM_BLOCK_INTRADAY+EF:정상,10.12,5.0,0.8,normal,7.0,v1_sl_first_gap_at_open,NORMAL+PM_BLOCK_INTRADAY+EF:정상,SWING_20D,80,ATR_3.5x,45,FIBO_1.618,25,0.0,광고업,8.19,0.4433333333333332,4.0,0.04377332880895826,-0.25257281361139816,0.2962962962962963,OK,14.1,OK,53.30778569440088,53.30778569440088,8,1,0.55,0.25,0.2,STRUCT+TIMING+AI+SECTOR,default,50,20260612,20260612,,50.4,50.4,50.4,46.38,-9.6,FRESH,0.351,,False,0.323,True,MATURE,9296.0,0.751,0.849,0.751,0.0,0.0,0.0,v22_calibrated,,,,,,,,True,7.6,,ELITE_SCORE,MATURE,9296,2.4.0,OK,,100.0,ATTACK,OK,OK,OK,OK,OK,OK,OK,0,7,True,True,True,,0,GREEN,,,0.0,AVOID,0,RR 0.75,0,0,0,1,STRONG,75.0,T=92·S=45 · RR=0.75<1.0,100.0,GREEN,,,0,False,0,BELOW_OFFICIAL_BAR,TOP_PICK=0,,5.0,IGNORE,IGNORE,FX_HIGH_REGIME,1,0,0,1,0,0,0,0,0,CLEAR,,,0,0,0,0,0.0,,,,,,,,,,REJECT_NO_VALIDATED_RULE,,,,,,True,True,True,True,True,True,True,True,0.0,0.0,0.0,0.0,0.0,0.0,0.0,0.0,0.0,1.0,False,False,False,0,True,14.1,1.0,,,0,0,0,,14.1,0,,False,0.0,0.0,False,,False,True,,0
122,323410,카카오뱅크,KOSPI,인터넷/플랫폼·게임,23750,258.82,113316.1,0.0,0.0,WAIT,WAIT,3,False,1,True,64.0,64.0,81.8,35.2,51.2,0.0,14.1,56.1,46.6,41.8,0.54,0.0,진입적정,0,23750.0,21450.0,25000.0,27950.0,,1.93,0.78,23653,-12.07,특이사항 없음,1,2.16,57.7,4.48,STRUCT 강점,AI 보조,,추세 관망,CRITICAL,75.3,은행 및 저축기관,25881592975.0,63.7,15.15,0,0,1.5,3.04,10.98,7.71,0.85,10.72,4.15,-45.53,,0.597,0.328,0,10.0,1,1,1.19,0.7,0,0,0,1,1,20850.0,0.41,0.1341,False,X,▲,23766,▲,X,X,1.71,250,0,1,1,1,29500.0,enter,100.0,NORMAL+PM_BLOCK_INTRADAY+EF:정상,9.68,4.0,0.5,normal,7.0,v1_sl_first_gap_at_open,NORMAL+PM_BLOCK_INTRADAY+EF:정상,SWING_20D,80,ATR_3.5x,45,SWING_120D,45,0.0,은행 및 저축기관,-1.2833333333333332,-5.853333333333333,11.0,0.05007518796992481,0.02378350482597083,0.5416666666666666,OK,51.2,OK,45.17391898041477,45.17391898041477,10,1,0.55,0.25,0.2,STRUCT+TIMING+AI+SECTOR,default,50,20260612,20260612,,64.0,64.0,64.0,46.38,-9.6,FRESH,0.351,,False,0.432,True,MATURE,9296.0,0.543,0.849,0.543,0.0,0.0,0.0,v22_calibrated,,,,,,,,True,5.3,,ELITE_SCORE,MATURE,9296,2.4.0,OK,,100.0,ATTACK,OK,OK,OK,OK,OK,OK,OK,0,7,True,True,True,,0,GREEN,,,0.0,AVOID,0,RR 0.54,0,0,0,0,,0.0,T=35<70 · S=82≥50,100.0,GREEN,,,0,False,0,BELOW_OFFICIAL_BAR,TOP_PICK=0,,5.0,IGNORE,IGNORE,FX_HIGH_REGIME,1,0,0,1,0,0,0,0,0,CLEAR,,,0,0,0,0,0.0,,,,,,,,,,REJECT_NO_VALIDATED_RULE,,,,,,True,True,True,True,True,True,True,True,0.0,0.0,0.0,0.0,0.0,0.0,0.0,0.0,0.0,1.0,False,False,False,1,True,14.1,1.0,,,0,0,0,,14.1,0,,False,0.0,0.0,False,,False,True,,0
123,189300,인텔리안테크,KOSDAQ,IT/전기전자,104800,224.84,11252.9,0.0,0.0,WAIT,WAIT,3,False,1,True,9.1,9.1,0.1,24.9,14.3,0.0,13.9,13.1,24.8,69.0,4.36,0.0,RR4.4 + 진입적정,0,104800.0,89000.0,173700.0,178400.0,,0.06,0.94,133986,-13.82,특이사항 없음,0,-26.08,27.0,-20.74,,,저점 이탈,추세 관망,CRITICAL,75.3,통신 및 방송 장비 제조업,22484404150.0,33.8,69.7,0,0,0.77,-6.18,-30.13,-38.57,-21.5,126.11,-26.01,-11.9,,0.579,0.11,0,12.0,0,0,0.93,0.14,0,0,0,0,-1,137180.0,-21.78,0.3839,False,X,▲,95811,▼,O,X,7.79,250,0,1,1,1,,split,50.0,NORMAL+PM_BLOCK_INTRADAY+EF:갭 7%+ 분할 진입+ENTRY:split,15.08,5.0,4.4,normal,7.0,v1_sl_first_gap_at_open,NORMAL+PM_BLOCK_INTRADAY+EF:갭 7%+ 분할 진입+ENTRY:split,SWING_20D,80,BB_UPPER,75,,0,0.0,통신 및 방송 장비 제조업,0.10229729729729745,3.253243243243243,5.0,0.11770719738276991,-0.05664625233330688,0.0,OK,14.3,OK,41.3213594211185,41.3213594211185,2,0,0.55,0.25,0.2,STRUCT+TIMING+AI+SECTOR,default,50,20260612,20260612,,9.1,9.1,9.1,46.38,-9.6,FRESH,0.351,,False,0.3,True,MATURE,9296.0,4.361,0.849,0.849,0.0,0.0,0.0,v22_calibrated,,,,,,,,True,65.7,,ELITE_SCORE,MATURE,9296,2.4.0,OK,,100.0,ATTACK,OK,OK,OK,OK,OK,OK,OK,0,7,True,True,True,,0,GREEN,,,90.0,BUY,1,,0,0,0,0,,0.0,T=25<70,100.0,GREEN,,,0,False,0,ENTRY_READY_BUT_NOT_TOP_PICK,TOP_PICK=0,진입조건은 양호하나 공식 Top Pick 아님,45.0,ENTRY_CLEAN_OBSERVE,ENTRY_CLEAN_OBSERVE,FX_HIGH_REGIME,1,0,0,1,0,0,0,0,0,CLEAR,,,0,0,0,0,0.0,,,,,,,,,,REJECT_NO_VALIDATED_RULE,,,,,,True,False,True,True,False,True,True,True,0.0,0.0,0.0,0.0,20.0,0.0,0.0,0.0,20.0,0.5,False,True,False,4,False,0.0,0.0,G2RR×0.5 · G5추세붕괴4축,,0,0,0,,0.0,0,,False,0.0,0.0,False,,False,True,,0
124,161390,한국타이어앤테크놀로지,KOSPI,화학·소재,72000,319.06,89190.0,0.0,0.0,WAIT,WAIT,3,False,1,True,67.6,67.6,94.0,53.7,12.3,0.0,13.3,53.3,81.7,0.0,0.35,0.0,진입적정,0,72000.0,63400.0,75000.0,88900.0,🚀급등시동,0.67,0.77,62177,21.25,특이사항 없음,0,3.43,69.0,9.22,STRUCT 강점,TIMING 보조,,추세 관망,CRITICAL,75.3,고무제품 제조업,31905868700.0,75.4,26.8,0,0,1.27,6.04,14.29,21.83,33.33,21.42,18.27,-13.05,,0.108,0.108,1,12.0,1,0,1.27,0.82,0,0,0,1,1,58770.0,15.8,-0.0287,False,O,▲,72496,▲,X,X,4.08,250,0,1,1,1,,enter,100.0,NORMAL+PM_BLOCK_INTRADAY+EF:정상,11.94,4.0,0.3,normal,7.0,v1_sl_first_gap_at_open,NORMAL+PM_BLOCK_INTRADAY+EF:정상,SWING_20D,80,ATR_3.5x,45,,0,0.0,고무제품 제조업,6.03945945945946,-4.1432432432432424,8.0,0.06696428571428571,0.24000090914372693,0.15151515151515152,OK,12.3,OK,40.510872688655105,40.510872688655105,4,1,0.55,0.25,0.2,STRUCT+TIMING+AI+SECTOR,default,50,20260612,20260612,,67.6,67.6,67.6,46.38,-9.6,FRESH,0.351,,False,0.461,False,MATURE,9296.0,0.349,0.849,0.349,0.0,0.0,0.0,v22_calibrated,,,,,,,,True,4.2,,ELITE_SCORE,MATURE,9296,2.4.0,OK,,100.0,ATTACK,OK,OK,OK,OK,OK,OK,OK,0,7,True,True,True,,0,GREEN,,,0.0,AVOID,0,RR 0.35,0,0,0,0,,0.0,T=54<70 · S=94≥50,100.0,GREEN,,,0,False,0,BELOW_OFFICIAL_BAR,TOP_PICK=0,,13.0,IGNORE,IGNORE,FX_HIGH_REGIME,1,0,0,1,0,0,0,0,0,CLEAR,,,0,0,0,0,0.0,,,,,,,,,,REJECT_NO_VALIDATED_RULE,,,,,,True,True,True,True,True,True,True,True,0.0,0.0,0.0,0.0,0.0,0.0,0.0,0.0,0.0,1.0,False,False,False,1,True,13.3,1.0,,,0,0,0,,13.3,0,,False,0.0,0.0,False,,False,True,,0
125,443060,HD현대마린솔루션,KOSPI,서비스 기타,247500,569.58,110962.8,0.0,0.0,WAIT,WAIT,3,False,1,True,40.4,40.4,27.7,59.2,51.8,0.0,13.2,46.2,31.5,60.6,0.39,0.0,진입적정,0,247500.0,210500.0,262000.0,314000.0,,2.37,0.67,228642,34.09,특이사항 없음,3,-1.96,56.4,8.48,TIMING 강점,AI 보조,,추세 관망,CRITICAL,75.3,"건축기술, 엔지니어링 및 관련 기술 서비스업",56957909000.0,47.0,22.92,0,0,0.81,11.49,9.51,6.68,45.42,23.13,3.12,-0.96,,0.133,0.133,1,12.0,1,0,0.75,0.77,0,0,0,1,-1,264650.0,8.25,0.5077,False,O,▲,222932,▲,O,X,2.24,250,0,1,1,1,360000.0,enter,100.0,NORMAL+PM_BLOCK_INTRADAY+EF:정상,14.95,4.0,0.4,normal,7.0,v1_sl_first_gap_at_open,NORMAL+PM_BLOCK_INTRADAY+EF:정상,SWING_20D,80,ATR_3.5x,45,FIBO_1.618,25,0.0,"건축기술, 엔지니어링 및 관련 기술 서비스업",1.6329629629629632,-10.275925925925925,12.0,0.07662337662337662,-0.13638367046387817,0.6111111111111112,OK,51.8,OK,50.82456418716662,50.82456418716662,4,1,0.55,0.25,0.2,STRUCT+TIMING+AI+SECTOR,default,50,20260612,20260612,,40.4,40.4,40.4,46.38,-9.6,FRESH,0.351,,False,0.3,True,MATURE,9296.0,0.392,0.849,0.392,0.0,0.0,0.0,v22_calibrated,,,,,,,,True,5.9,,ELITE_SCORE,MATURE,9296,2.4.0,OK,,100.0,ATTACK,OK,OK,OK,OK,OK,OK,OK,0,7,True,True,True,,0,GREEN,,,0.0,AVOID,0,RR 0.39,0,0,0,0,,0.0,T=59<70,100.0,GREEN,,,0,False,0,BELOW_OFFICIAL_BAR,TOP_PICK=0,,5.0,IGNORE,IGNORE,FX_HIGH_REGIME,1,0,0,1,0,0,0,0,0,CLEAR,,,0,0,0,0,0.0,,,,,,,,,,REJECT_NO_VALIDATED_RULE,,,,,,True,True,True,True,True,True,False,True,0.0,0.0,0.0,0.0,0.0,0.0,15.0,0.0,15.0,1.0,False,False,False,1,False,0.0,0.0,G7윗꼬리약세-15,,0,0,0,,0.0,0,,False,0.0,0.0,False,,False,True,,0
126,090430,아모레퍼시픽,KOSPI,화학·소재,112000,243.53,65511.9,0.0,0.0,WAIT,WAIT,3,False,1,True,10.1,10.1,0.0,11.8,35.7,0.0,13.0,15.8,35.7,55.4,1.69,0.0,RR1.7 + 진입적정,0,112000.0,101200.0,130200.0,155600.0,,1.98,0.72,128206,-14.37,특이사항 없음,0,-8.59,40.8,-2.76,,,저점 이탈,추세 관망,CRITICAL,75.3,기타 화학제품 제조업,24352503700.0,32.0,20.09,0,0,0.18,4.19,-2.95,-7.05,-12.7,-8.05,-10.61,-59.08,,0.961,0.209,0,8.9,0,0,0.9,0.35,0,0,0,0,-1,118505.0,-12.64,0.2984,False,X,▼,107982,▲,O,X,0.98,250,0,-1,-1,1,169000.0,enter,100.0,NORMAL+PM_BLOCK_INTRADAY+EF:정상,9.64,4.0,1.7,normal,7.0,v1_sl_first_gap_at_open,NORMAL+PM_BLOCK_INTRADAY+EF:정상,SWING_20D,80,SWING_60D,60,SWING_120D,45,0.0,기타 화학제품 제조업,6.03945945945946,-4.1432432432432424,8.0,0.044738520408163264,-0.6825124871229212,0.48484848484848486,OK,35.7,OK,28.59477084517954,28.59477084517954,2,0,0.55,0.25,0.2,STRUCT+TIMING+AI+SECTOR,default,50,20260612,20260612,,10.1,10.1,10.1,46.38,-9.6,FRESH,0.351,,False,0.3,True,MATURE,9296.0,1.685,0.849,0.849,0.0,0.0,0.0,v22_calibrated,,,,,,,,True,16.2,,ELITE_SCORE,MATURE,9296,2.4.0,OK,,100.0,ATTACK,OK,OK,OK,OK,OK,OK,OK,0,7,True,True,True,,0,GREEN,,,90.0,BUY,1,,0,0,0,0,,0.0,T=12<70,100.0,GREEN,,,0,False,0,ENTRY_READY_BUT_NOT_TOP_PICK,TOP_PICK=0,진입조건은 양호하나 공식 Top Pick 아님,45.0,ENTRY_CLEAN_OBSERVE,ENTRY_CLEAN_OBSERVE,FX_HIGH_REGIME,1,0,0,1,0,0,0,0,0,CLEAR,,,0,0,0,0,0.0,,,,,,,,,,REJECT_NO_VALIDATED_RULE,,,,,,True,False,True,True,False,True,True,True,0.0,0.0,0.0,0.0,20.0,0.0,0.0,0.0,20.0,0.5,False,True,False,3,False,0.0,0.0,G2RR×0.5 · G5추세붕괴3축,,0,0,0,,0.0,0,,False,0.0,0.0,False,,False,True,,0
127,002380,KCC,KOSPI,화학·소재,504000,139.12,43308.2,0.0,0.0,WAIT,WAIT,3,False,1,True,15.8,15.8,15.8,0.6,34.6,0.0,12.5,17.0,34.0,57.5,1.46,0.0,RR1.5 + 진입적정,0,504000.0,428000.0,615000.0,656000.0,,0.25,0.66,541292,-8.91,특이사항 없음,0,-2.22,44.2,-5.16,,,,추세 관망,CRITICAL,75.3,기타 화학제품 제조업,13911857500.0,63.3,24.66,0,0,2.75,-7.01,-8.36,-11.89,-1.37,18.59,-15.45,-47.75,,0.6,0.351,0,12.0,1,0,1.14,0.27,0,0,0,0,-1,601400.0,-6.89,-0.144,False,X,▲,506575,▼,X,X,5.4,250,0,1,1,1,692000.0,enter,100.0,NORMAL+PM_BLOCK_INTRADAY+EF:정상,15.08,5.0,1.5,normal,7.0,v1_sl_first_gap_at_open,NORMAL+PM_BLOCK_INTRADAY+EF:정상,SWING_20D,80,SWING_60D,60,SWING_120D,45,0.0,기타 화학제품 제조업,6.03945945945946,-4.1432432432432424,8.0,0.08219954648526077,0.036109939756460895,0.5483870967741935,OK,34.6,OK,27.497372278345537,27.497372278345537,2,0,0.55,0.25,0.2,STRUCT+TIMING+AI+SECTOR,default,50,20260612,20260612,,15.8,15.8,15.8,46.38,-9.6,FRESH,0.351,,False,0.3,True,MATURE,9296.0,1.461,0.849,0.849,0.0,0.0,0.0,v22_calibrated,,,,,,,,True,22.0,,ELITE_SCORE,MATURE,9296,2.4.0,OK,,100.0,ATTACK,OK,OK,OK,OK,OK,OK,OK,0,7,True,True,True,,0,GREEN,,,90.0,BUY,1,,0,0,0,0,,0.0,T=1<70,100.0,GREEN,,,0,False,0,ENTRY_READY_BUT_NOT_TOP_PICK,TOP_PICK=0,진입조건은 양호하나 공식 Top Pick 아님,45.0,ENTRY_CLEAN_OBSERVE,ENTRY_CLEAN_OBSERVE,FX_HIGH_REGIME,1,0,0,1,0,0,0,0,0,CLEAR,,,0,0,0,0,0.0,,,,,,,,,,REJECT_NO_VALIDATED_RULE,,,,,,True,False,True,True,False,True,False,True,0.0,0.0,0.0,0.0,20.0,0.0,15.0,0.0,35.0,0.5,False,True,False,5,False,0.0,0.0,G2RR×0.5 · G5추세붕괴5축 · G7윗꼬리약세-15,,0,0,0,,0.0,0,,False,0.0,0.0,False,,False,True,,0
128,332570,PS일렉트로닉스,KOSDAQ,IT/전기전자,7860,152.25,3671.5,0.0,0.0,WAIT,WAIT,3,False,1,True,11.9,11.9,3.5,0.7,48.9,0.0,12.0,17.7,48.2,39.8,12.14,0.0,RR12.1 + 진입적정,0,7860.0,7290.0,14780.0,17740.0,,-0.19,0.51,9915,-0.82,특이사항 없음,0,-28.72,24.2,-27.73,,,저점 이탈,추세 관망,CRITICAL,75.3,전자부품 제조업,15225281600.0,31.7,69.72,0,0,0.64,-16.74,-39.54,-44.57,55.03,54.72,-32.01,64.63,,0.589,0.271,0,12.0,0,0,1.37,0.05,0,0,0,0,-1,11631.0,-20.73,-0.0723,True,O,▲,7882,▼,X,X,4.99,250,0,1,1,1,21250.0,enter,100.0,SWING+PM_BLOCK_INTRADAY+EF:정상,7.25,6.0,12.1,normal,7.0,v1_sl_first_gap_at_open,SWING+PM_BLOCK_INTRADAY+EF:정상,SWING_20D,80,FIBO_1.272,40,FIBO_1.618,25,0.0,전자부품 제조업,0.10229729729729745,3.253243243243243,5.0,0.15657942566339514,-0.017376919396013747,0.3380281690140845,OK,48.9,OK,15.0,15.0,2,0,0.55,0.25,0.2,STRUCT+TIMING+AI+SECTOR,default,50,20260612,20260612,,11.9,11.9,11.9,46.38,-9.6,FRESH,0.351,,False,0.3,True,MATURE,9296.0,12.14,0.849,0.849,0.0,0.0,0.0,v22_calibrated,,,,,,,,True,88.0,,ELITE_SCORE,MATURE,9296,2.4.0,OK,,100.0,ATTACK,OK,OK,OK,OK,OK,OK,OK,0,7,True,True,True,,0,GREEN,,,90.0,BUY,1,,0,0,0,0,,0.0,T=1<70,100.0,GREEN,,,0,False,0,ENTRY_READY_BUT_NOT_TOP_PICK,TOP_PICK=0,진입조건은 양호하나 공식 Top Pick 아님,45.0,ENTRY_CLEAN_OBSERVE,ENTRY_CLEAN_OBSERVE,FX_HIGH_REGIME,1,0,0,1,0,0,0,0,0,CLEAR,,,0,0,0,0,0.0,,,,,,,,,,REJECT_NO_VALIDATED_RULE,,,,,,True,False,True,True,False,True,True,True,0.0,0.0,0.0,0.0,20.0,0.0,0.0,0.0,20.0,0.5,False,True,False,5,False,0.0,0.0,G2RR×0.5 · G5추세붕괴5축,,0,0,0,,0.0,0,,False,0.0,0.0,False,,False,True,,0
129,030520,한글과컴퓨터,KOSDAQ,IT/전기전자,19900,66.16,4811.8,0.0,0.0,WAIT,WAIT,3,False,1,True,36.5,36.5,28.9,71.8,13.3,0.0,11.3,38.0,58.5,26.9,0.52,0.0,진입적정,0,19900.0,17580.0,21100.0,24050.0,,1.63,1.68,20083,-2.42,특이사항 없음,5,-3.58,53.5,1.78,TIMING 강점,,,추세 관망,CRITICAL,75.3,소프트웨어 개발 및 공급업,6615679475.0,66.1,13.3,1,0,0.05,3.48,3.11,0.61,-3.86,-18.94,13.17,5.74,,0.805,0.384,0,11.8,1,0,1.26,0.64,0,0,0,1,-1,21418.0,-0.91,0.183,False,X,▼,19183,▲,O,X,1.06,250,0,-1,-1,1,26750.0,enter,100.0,NORMAL+PM_BLOCK_INTRADAY+EF:정상,11.66,6.0,0.5,normal,7.0,v1_sl_first_gap_at_open,NORMAL+PM_BLOCK_INTRADAY+EF:정상,SWING_20D,80,ATR_3.5x,45,SWING_120D,45,0.0,소프트웨어 개발 및 공급업,0.10229729729729745,3.253243243243243,5.0,0.058901651112706385,-0.04137184619784085,0.569620253164557,OK,13.3,OK,70.0,70.0,8,1,0.55,0.25,0.2,STRUCT+TIMING+AI+SECTOR,default,50,20260612,20260612,,36.5,36.5,36.5,46.38,-9.6,FRESH,0.351,,False,0.3,True,MATURE,9296.0,0.517,0.849,0.517,0.0,0.0,0.0,v22_calibrated,,,,,,,,True,6.0,,ELITE_SCORE,MATURE,9296,2.4.0,OK,,100.0,ATTACK,OK,OK,OK,OK,OK,OK,OK,0,7,True,True,True,,0,GREEN,,,0.0,AVOID,0,RR 0.52,0,0,0,1,BASIC,60.0,T=72·S=29 · RR=0.52<1.0,100.0,GREEN,,,0,False,0,BELOW_OFFICIAL_BAR,TOP_PICK=0,,5.0,IGNORE,IGNORE,FX_HIGH_REGIME,1,0,0,1,0,0,0,0,0,CLEAR,,,0,0,0,0,0.0,,,,,,,,,,REJECT_NO_VALIDATED_RULE,,,,,,True,False,True,True,True,True,True,True,0.0,0.0,0.0,0.0,0.0,0.0,0.0,0.0,0.0,0.5,False,False,False,2,False,5.6,0.5,G2RR×0.5,,0,0,0,,5.6,0,,False,0.0,0.0,False,,False,True,,0
130,078150,HB테크놀러지,KOSDAQ,조선·기계·설비,2930,56.41,2716.6,0.0,0.0,WAIT,WAIT,3,False,1,True,9.4,9.4,0.0,0.0,47.0,0.0,10.4,15.7,47.0,41.2,3.49,0.0,RR3.5 + 진입적정,0,2930.0,2490.0,4465.0,6140.0,,0.15,0.48,3717,-34.72,특이사항 없음,0,-19.3,36.0,-13.68,,,저점 이탈,추세 관망,CRITICAL,75.3,특수 목적용 기계 제조업,5641209547.0,27.9,57.07,0,0,2.45,-2.82,-14.2,-32.18,39.52,50.95,-19.62,49.12,,0.472,0.135,0,12.0,0,0,0.87,0.15,0,0,0,0,-1,3779.6,-21.18,0.5029,False,O,▲,2668,▼,O,X,5.94,250,0,1,1,1,7270.0,enter,100.0,NORMAL+PM_BLOCK_INTRADAY+EF:정상,15.02,6.0,3.5,normal,7.0,v1_sl_first_gap_at_open,NORMAL+PM_BLOCK_INTRADAY+EF:정상,SWING_20D,80,SWING_60D,60,FIBO_1.272,40,0.0,특수 목적용 기계 제조업,9.421739130434784,5.0392753623188415,2.0,0.12486591906387128,-0.03561291393240883,0.28125,OK,47.0,OK,15.0,15.0,2,0,0.55,0.25,0.2,STRUCT+TIMING+AI+SECTOR,default,50,20260612,20260612,,9.4,9.4,9.4,46.38,-9.6,FRESH,0.351,,False,0.3,True,MATURE,9296.0,3.489,0.849,0.849,0.0,0.0,0.0,v22_calibrated,,,,,,,,True,52.4,,ELITE_SCORE,MATURE,9296,2.4.0,OK,,100.0,ATTACK,OK,OK,OK,OK,OK,OK,OK,0,7,True,True,True,,0,GREEN,,,90.0,BUY,1,,0,0,0,0,,0.0,T=0<70,100.0,GREEN,,,0,False,0,ENTRY_READY_BUT_NOT_TOP_PICK,TOP_PICK=0,진입조건은 양호하나 공식 Top Pick 아님,45.0,ENTRY_CLEAN_OBSERVE,ENTRY_CLEAN_OBSERVE,FX_HIGH_REGIME,1,0,0,1,0,0,0,0,0,CLEAR,,,0,0,0,0,0.0,,,,,,,,,,REJECT_NO_VALIDATED_RULE,,,,,,True,False,True,True,False,True,True,True,0.0,0.0,0.0,0.0,20.0,0.0,0.0,0.0,20.0,0.3,False,True,False,4,False,0.0,0.0,G2RR×0.3 · G5추세붕괴4축,,0,0,0,,0.0,0,,False,0.0,0.0,False,,False,True,,0
131,175330,JB금융지주,KOSPI,금융,26700,235.14,50263.7,0.0,0.0,WAIT,WAIT,3,False,1,True,29.1,29.1,14.6,70.3,17.3,0.0,10.4,34.1,55.7,30.4,0.31,0.0,진입적정,0,26700.0,24000.0,27550.0,32200.0,📦박스돌파,0.78,0.81,26552,11.35,특이사항 없음,4,-1.26,60.5,6.22,TIMING 강점,,,추세 관망,CRITICAL,75.3,기타 금융업,23514260175.0,29.0,12.38,0,0,2.69,3.69,10.79,7.88,-7.61,9.65,4.32,-53.99,,0.468,0.166,1,10.5,1,1,0.49,0.79,0,0,0,1,-1,27010.0,0.56,0.1303,False,X,▲,25653,▲,O,X,3.08,250,0,1,1,1,38500.0,enter,100.0,NORMAL+PM_BLOCK_INTRADAY+EF:정상,10.11,4.0,0.3,normal,7.0,v1_sl_first_gap_at_open,NORMAL+PM_BLOCK_INTRADAY+EF:정상,SWING_20D,80,SWING_60D,60,SWING_120D,45,0.0,기타 금융업,1.90825,-1.16975,7.0,0.0527019796682718,-2.0,0.5769230769230769,OK,17.3,OK,63.306319454292414,63.306319454292414,6,1,0.55,0.25,0.2,STRUCT+TIMING+AI+SECTOR,default,50,20260612,20260612,,29.1,29.1,29.1,46.38,-9.6,FRESH,0.351,,False,0.3,True,MATURE,9296.0,0.315,0.849,0.315,0.0,0.0,0.0,v22_calibrated,,,,,,,,True,3.2,,ELITE_SCORE,MATURE,9296,2.4.0,OK,,100.0,ATTACK,OK,OK,OK,OK,OK,OK,OK,0,7,True,True,True,,0,GREEN,,,0.0,AVOID,0,RR 0.31,0,0,0,1,BASIC,60.0,T=70·S=15 · RR=0.31<0.5,100.0,GREEN,,,0,False,0,BELOW_OFFICIAL_BAR,TOP_PICK=0,,5.0,IGNORE,IGNORE,FX_HIGH_REGIME,1,0,0,1,0,0,0,0,0,CLEAR,,,0,0,0,0,0.0,,,,,,,,,,REJECT_NO_VALIDATED_RULE,,,,,,True,False,True,True,True,True,True,True,0.0,0.0,0.0,0.0,0.0,0.0,0.0,0.0,0.0,0.5,False,False,False,1,False,5.2,0.5,G2RR×0.5,,0,0,0,,5.2,0,,False,0.0,0.0,False,,False,True,,0
132,180640,한진칼,KOSPI,금융,119900,144.47,80048.0,0.0,,WAIT,WAIT,3,False,1,True,24.3,24.3,9.7,61.2,18.1,0.0,9.1,29.7,51.5,35.6,0.33,0.0,진입적정,0,119900.0,101900.0,125800.0,154700.0,,1.24,0.42,115157,6.97,특이사항 없음,5,-0.29,52.1,4.67,TIMING 강점,,,스퀴즈/품질 대기,CRITICAL,75.3,기타 금융업,14446685700.0,81.8,16.3,1,0,1.27,4.26,10.51,6.86,3.18,8.41,3.3,-43.2,,0.4,0.352,1,12.0,0,0,0.59,0.74,0,0,0,1,1,101100.0,4.12,0.2082,False,X,▼,114784,▲,O,X,2.87,250,0,-1,-1,1,175900.0,enter,100.0,NORMAL+PM_BLOCK_INTRADAY+EF:정상,15.01,4.0,0.3,normal,7.0,v1_sl_first_gap_at_open,NORMAL+PM_BLOCK_INTRADAY+EF:정상,SWING_20D,80,ATR_3.5x,45,SWING_120D,45,0.0,기타 금융업,1.90825,-1.16975,7.0,0.08274752770165614,0.6306623044578918,0.5116279069767442,OK,18.1,OK,41.58075666904743,41.58075666904743,6,1,0.55,0.25,0.2,STRUCT+TIMING+AI+SECTOR,default,50,20260612,20260612,,24.3,24.3,24.3,46.38,-9.6,FRESH,0.351,elite_low_wr_0.35,True,0.3,True,MATURE,9296.0,0.328,0.849,0.328,0.0,0.0,,v22_calibrated,,,,,,,,True,4.9,,ELITE_SCORE,MATURE,9296,2.4.0,OK,,100.0,ATTACK,OK,OK,OK,OK,OK,OK,OK,0,7,True,True,True,,0,GREEN,,,0.0,AVOID,0,RR 0.33,0,0,0,0,,0.0,T=61<70,100.0,GREEN,,,0,False,0,BELOW_OFFICIAL_BAR,TOP_PICK=0,,5.0,IGNORE,IGNORE,FX_HIGH_REGIME,1,0,0,1,0,0,0,0,0,CLEAR,,,0,0,0,0,0.0,,,,,,,,,,REJECT_NO_VALIDATED_RULE,,,,,,True,False,True,True,True,True,False,True,0.0,0.0,0.0,0.0,0.0,0.0,15.0,0.0,15.0,0.5,False,False,False,0,False,0.0,0.0,G2RR×0.5 · G7윗꼬리약세-15,,0,0,0,,0.0,0,,False,0.0,0.0,False,,False,True,,0
133,034230,파라다이스,KOSPI,서비스 기타,15000,99.58,13894.4,0.0,0.0,WAIT,WAIT,3,False,1,True,25.9,25.9,22.2,33.7,26.5,0.0,8.3,27.5,11.5,85.6,0.71,0.0,밸런스우수 + 진입적정,0,15000.0,13280.0,16220.0,19340.0,,-0.34,0.78,15607,-7.26,특이사항 없음,0,-1.77,57.1,2.69,,,,추세 관망,CRITICAL,75.3,유원지 및 기타 오락관련 서비스업,9957569800.0,53.4,16.32,0,0,1.63,-3.23,7.76,0.07,-12.28,-16.2,-3.49,-58.66,,0.861,0.415,0,11.5,1,0,1.18,0.58,0,0,0,1,1,13059.0,-3.89,0.0259,False,X,▼,14960,▲,O,X,2.44,250,0,-1,-1,1,21850.0,enter,100.0,NORMAL+PM_BLOCK_INTRADAY+EF:정상,11.47,5.0,0.7,normal,7.0,v1_sl_first_gap_at_open,NORMAL+PM_BLOCK_INTRADAY+EF:정상,SWING_20D,80,SWING_60D,60,SWING_120D,45,0.0,유원지 및 기타 오락관련 서비스업,1.6329629629629632,-10.275925925925925,12.0,0.057619047619047625,0.032954623675419736,0.34177215189873417,OK,26.5,OK,43.828522327451864,43.828522327451864,6,1,0.55,0.25,0.2,STRUCT+TIMING+AI+SECTOR,default,50,20260612,20260612,,25.9,25.9,25.9,46.38,-9.6,FRESH,0.351,,False,0.3,True,MATURE,9296.0,0.709,0.849,0.709,0.0,0.0,0.0,v22_calibrated,,,,,,,,True,8.1,,ELITE_SCORE,MATURE,9296,2.4.0,OK,,100.0,ATTACK,OK,OK,OK,OK,OK,OK,OK,0,7,True,True,True,,0,GREEN,,,0.0,AVOID,0,RR 0.71,0,0,0,0,,0.0,T=34<70,100.0,GREEN,,,0,False,0,BELOW_OFFICIAL_BAR,TOP_PICK=0,,5.0,IGNORE,IGNORE,FX_HIGH_REGIME,1,0,0,1,0,0,0,0,0,CLEAR,,,0,0,0,0,0.0,,,,,,,,,,REJECT_NO_VALIDATED_RULE,,,,,,True,False,True,True,True,True,True,True,0.0,0.0,0.0,0.0,0.0,0.0,0.0,0.0,0.0,0.5,False,False,False,1,False,4.2,0.5,G2RR×0.5,,0,0,0,,4.2,0,,False,0.0,0.0,False,,False,True,,0
134,011210,현대위아,KOSPI,자동차·모빌리티,76900,273.38,20913.0,0.0,0.0,WAIT,WAIT,3,False,1,True,6.8,6.8,4.6,0.0,21.1,0.0,6.3,8.6,21.1,73.6,2.27,0.3,RR2.3 + 진입적정,0,76700.0,65200.0,103500.0,112600.0,,1.71,1.2,86542,-13.94,특이사항 없음,0,-10.33,32.2,-8.52,,,저점 이탈,추세 관망,CRITICAL,75.3,자동차 신품 부품 제조업,27338412800.0,49.2,37.59,0,0,7.4,-3.87,-12.91,-21.13,-5.3,18.86,-24.69,-51.68,,0.881,0.299,0,12.0,0,0,1.08,0.26,0,0,0,0,-1,88940.0,-11.14,0.0186,False,X,▼,73096,▼,O,X,4.75,250,0,-1,1,1,,enter,100.0,NORMAL+PM_BLOCK_INTRADAY+EF:정상,14.99,5.0,2.3,normal,7.0,v1_sl_first_gap_at_open,NORMAL+PM_BLOCK_INTRADAY+EF:정상,SWING_20D,80,SWING_120D,45,,0,0.0,자동차 신품 부품 제조업,9.936315789473685,2.4005263157894725,3.0,0.08099572728961546,-0.058657182123790064,0.6756756756756757,OK,21.1,OK,8.808091197082856,8.808091197082856,2,0,0.55,0.25,0.2,STRUCT+TIMING+AI+SECTOR,default,50,20260612,20260612,,6.8,6.8,6.8,46.38,-9.6,FRESH,0.351,,False,0.3,True,MATURE,9296.0,2.33,0.849,0.849,0.0,0.0,0.0,v22_calibrated,,,,,,,,True,34.6,,ELITE_SCORE,MATURE,9296,2.4.0,OK,,100.0,ATTACK,OK,OK,OK,OK,OK,OK,OK,0,7,True,True,True,,0,GREEN,,,90.0,BUY,1,,0,0,0,0,,0.0,T=0<70,100.0,GREEN,,,0,False,0,ENTRY_READY_BUT_NOT_TOP_PICK,TOP_PICK=0,진입조건은 양호하나 공식 Top Pick 아님,45.0,ENTRY_CLEAN_OBSERVE,ENTRY_CLEAN_OBSERVE,FX_HIGH_REGIME,1,0,0,1,0,0,0,0,0,CLEAR,,,0,0,0,0,0.0,,,,,,,,,,REJECT_NO_VALIDATED_RULE,,,,,,True,False,True,True,False,True,True,True,0.0,0.0,0.0,0.0,20.0,0.0,0.0,0.0,20.0,0.3,False,True,False,4,False,0.0,0.0,G2RR×0.3 · G5추세붕괴4축,,0,0,0,,0.0,0,,False,0.0,0.0,False,,False,True,,0
135,319400,현대무벡스,KOSDAQ,조선·기계·설비,39150,1685.01,43603.7,0.0,,NEUTRAL,NEUTRAL,4,False,1,False,58.5,58.5,57.0,90.8,22.2,0.0,52.6,56.7,68.6,14.2,1.38,0.0,RR1.4 + 진입적정,0,39150.0,33250.0,47300.0,48350.0,,1.16,1.38,36112,208.17,특이사항 없음,0,-5.91,51.5,5.24,TIMING 강점,STRUCT 보조,5일 급등,조건 미충족,CRITICAL,75.3,일반 목적용 기계 제조업,168500667400.0,81.4,33.32,0,0,-4.04,18.28,4.54,-10.31,31.38,268.99,2.25,40.98,,0.074,0.074,1,12.0,0,0,1.53,0.54,0,0,0,1,-1,42970.0,8.41,0.5309,False,O,▲,35792,▲,O,X,0.74,249,0,1,1,1,50400.0,enter,100.0,NORMAL+PM_BLOCK_INTRADAY+EF:정상,15.07,5.0,1.4,normal,7.0,v1_sl_first_gap_at_open,NORMAL+PM_BLOCK_INTRADAY+EF:정상,SWING_20D,80,SWING_60D,60,SWING_120D,45,0.0,일반 목적용 기계 제조업,9.421739130434784,5.0392753623188415,2.0,0.09906951286261631,0.006245317735985673,0.34328358208955223,OK,22.2,OK,70.0,70.0,6,1,0.55,0.25,0.2,STRUCT+TIMING+AI+SECTOR,default,50,20260612,20260612,,58.5,58.5,58.5,46.38,-9.6,FRESH,0.351,,False,0.388,True,MATURE,9296.0,1.381,0.849,0.849,0.0,0.0,,v22_calibrated,,,,,,,,True,20.8,,ELITE_SCORE,MATURE,9296,2.4.0,OK,,100.0,ATTACK,OK,OK,OK,OK,OK,OK,OK,0,7,True,True,True,,0,GREEN,,,50.0,WATCH,0,POC 208↑,0,1,1,0,,0.0,S=57≥50,100.0,GREEN,,,0,False,0,BELOW_OFFICIAL_BAR,TOP_PICK=0,VWAP/POC 과열,15.0,IGNORE,IGNORE,FX_HIGH_REGIME,1,0,0,1,0,0,0,0,0,CLEAR,,,0,0,0,0,0.0,,,,,,,,,,REJECT_NO_VALIDATED_RULE,,,,,,True,True,True,True,True,True,True,True,0.0,0.0,0.0,0.0,0.0,0.0,0.0,0.0,0.0,1.0,False,False,False,1,True,52.6,1.0,,,0,0,0,,52.6,0,,False,0.0,0.0,False,,False,True,,0
136,271560,오리온,KOSPI,유통·소비재,135500,124.99,53571.5,0.0,,NEUTRAL,NEUTRAL,4,False,1,False,50.7,50.7,44.4,76.9,35.3,0.0,50.8,52.2,41.6,48.0,0.83,0.0,진입적정,0,135500.0,123700.0,145300.0,155500.0,,1.9,0.76,135096,3.68,특이사항 없음,1,-4.3,48.7,0.86,TIMING 강점,,,조건 미충족,CRITICAL,75.3,기타 식품 제조업,12499236050.0,51.9,12.5,1,0,-1.88,2.19,0.97,-1.67,5.04,33.37,-5.23,-41.34,,0.253,0.253,1,8.4,0,0,1.06,0.53,0,0,0,1,-1,141305.0,0.3,0.2458,False,O,▲,131302,▲,O,X,0.22,250,0,1,1,1,167800.0,enter,100.0,NORMAL+PM_BLOCK_INTRADAY+EF:정상,8.71,4.0,0.8,normal,7.0,v1_sl_first_gap_at_open,NORMAL+PM_BLOCK_INTRADAY+EF:정상,SWING_20D,80,ATR_3.5x,45,FIBO_1.618,25,0.0,기타 식품 제조업,5.0564285714285715,-0.5635714285714287,6.0,0.04211913547706905,1.1724336268893738,0.25,OK,35.3,OK,54.90696496800626,54.90696496800626,6,1,0.55,0.25,0.2,STRUCT+TIMING+AI+SECTOR,default,50,20260612,20260612,,50.7,50.7,50.7,46.38,-9.6,FRESH,0.351,,False,0.326,True,MATURE,9296.0,0.831,0.849,0.831,0.0,0.0,,v22_calibrated,,,,,,,,True,7.2,,ELITE_SCORE,MATURE,9296,2.4.0,OK,,100.0,ATTACK,OK,OK,OK,OK,OK,OK,OK,0,7,True,True,True,,0,GREEN,,,0.0,AVOID,0,RR 0.83,0,0,0,1,BASIC,60.0,T=77·S=44 · RR=0.83<1.0,100.0,GREEN,,,0,False,0,BELOW_OFFICIAL_BAR,TOP_PICK=0,,5.0,IGNORE,IGNORE,FX_HIGH_REGIME,1,0,0,1,0,0,0,0,0,CLEAR,,,0,0,0,0,0.0,,,,,,,,,,REJECT_NO_VALIDATED_RULE,,,,,,True,True,True,True,True,True,True,True,0.0,0.0,0.0,0.0,0.0,0.0,0.0,0.0,0.0,1.0,False,False,False,1,True,50.8,1.0,,,0,0,0,,50.8,0,,False,0.0,0.0,False,,False,True,,0
137,059090,미코,KOSDAQ,반도체,21000,248.74,7017.5,0.0,,NEUTRAL,NEUTRAL,4,False,1,False,48.0,48.0,29.0,56.9,89.0,0.0,48.1,58.3,60.0,25.0,1.43,0.0,RR1.4 + 진입적정,0,21000.0,17850.0,25500.0,26500.0,,0.39,1.47,21137,59.82,특이사항 없음,2,-4.81,52.5,-0.2,AI 강점,TIMING 보조,,조건 미충족,CRITICAL,75.3,반도체 제조업,24873588025.0,72.7,29.95,1,0,-5.19,0.0,3.19,-15.32,54.07,53.4,-2.76,63.67,,0.35,0.25,1,12.0,1,0,1.8,0.43,0,0,0,0,-1,26086.0,-0.65,0.3841,False,O,▲,20295,▲,O,X,2.03,250,0,1,1,1,29250.0,enter,100.0,NORMAL+PM_BLOCK_INTRADAY+EF:정상,15.0,5.0,1.4,normal,7.0,v1_sl_first_gap_at_open,NORMAL+PM_BLOCK_INTRADAY+EF:정상,SWING_20D,80,ATR_2x,70,SWING_60D,60,0.0,반도체 제조업,7.3096000000000005,9.6216,1.0,0.13054421768707483,0.06433525415985376,0.07894736842105263,OK,89.0,OK,35.0,35.0,8,1,0.55,0.25,0.2,STRUCT+TIMING+AI+SECTOR,default,50,20260612,20260612,,48.0,48.0,48.0,46.38,-9.6,FRESH,0.351,,False,0.304,True,MATURE,9296.0,1.429,0.849,0.849,0.0,0.0,,v22_calibrated,,,,,,,,True,21.4,,ELITE_SCORE,MATURE,9296,2.4.0,OK,,100.0,ATTACK,OK,OK,OK,OK,OK,OK,OK,0,7,True,True,True,,0,GREEN,,,70.0,BUY,1,전일 -5.2% · POC 60↑,0,0,0,0,,0.0,T=57<70,100.0,GREEN,,,0,False,0,BELOW_OFFICIAL_BAR,TOP_PICK=0,,35.0,IGNORE,IGNORE,FX_HIGH_REGIME,1,0,0,1,0,0,0,0,0,CLEAR,,,0,0,0,0,0.0,,,,,,,,,,REJECT_NO_VALIDATED_RULE,,,,,,True,True,True,True,True,True,True,True,0.0,0.0,0.0,0.0,0.0,0.0,0.0,0.0,0.0,1.0,False,False,False,2,True,48.1,1.0,,,0,0,0,,48.1,0,,False,0.0,0.0,False,,False,True,,0
138,499790,GS피앤엘,KOSPI,금융,48200,66.16,9558.5,0.0,,NEUTRAL,NEUTRAL,4,False,1,False,48.7,48.7,46.7,62.5,37.1,0.0,48.1,48.8,25.4,68.2,1.09,0.0,RR1.1 + 진입적정,0,48200.0,40950.0,56100.0,59800.0,,0.69,1.0,49310,10.34,특이사항 없음,0,-1.89,53.8,2.66,TIMING 강점,,,조건 미충족,CRITICAL,75.3,기타 금융업,6615553500.0,55.4,27.69,0,0,-5.12,-1.53,7.35,-0.21,-3.98,1.58,-3.77,-50.36,,0.561,0.289,1,12.0,1,0,1.22,0.46,0,0,0,1,-1,52240.0,-2.25,0.4142,False,X,▲,47567,▲,O,X,0.0,250,0,1,1,1,61500.0,enter,100.0,NORMAL+PM_BLOCK_INTRADAY+EF:정상,15.04,5.0,1.1,normal,7.0,v1_sl_first_gap_at_open,NORMAL+PM_BLOCK_INTRADAY+EF:정상,SWING_20D,80,SWING_60D,60,ATR_3.5x,45,0.0,기타 금융업,1.90825,-1.16975,7.0,0.07883817427385892,0.0904989642726987,0.2857142857142857,OK,37.1,OK,56.24812024454109,56.24812024454109,6,1,0.55,0.25,0.2,STRUCT+TIMING+AI+SECTOR,default,50,20260612,20260612,,48.7,48.7,48.7,46.38,-9.6,FRESH,0.351,,False,0.31,True,MATURE,9296.0,1.09,0.849,0.849,0.0,0.0,,v22_calibrated,,,,,,,,True,16.4,,ELITE_SCORE,MATURE,9296,2.4.0,OK,,100.0,ATTACK,OK,OK,OK,OK,OK,OK,OK,0,7,True,True,True,,0,GREEN,,,0.0,AVOID,0,RR 1.09 · 전일 -5.1%,0,0,0,0,,0.0,T=62<70,100.0,GREEN,,,0,False,0,BELOW_OFFICIAL_BAR,TOP_PICK=0,,10.0,IGNORE,IGNORE,FX_HIGH_REGIME,1,0,0,1,0,0,0,0,0,CLEAR,,,0,0,0,0,0.0,,,,,,,,,,REJECT_NO_VALIDATED_RULE,,,,,,True,True,True,True,True,True,True,True,0.0,0.0,0.0,0.0,0.0,0.0,0.0,0.0,0.0,1.0,False,False,False,1,True,48.1,1.0,,,0,0,0,,48.1,0,,False,0.0,0.0,False,,False,True,,0
139,033160,엠케이전자,KOSDAQ,IT/전기전자,27300,618.74,6605.1,0.0,,NEUTRAL,NEUTRAL,4,False,1,False,42.0,42.0,23.3,66.6,62.7,0.0,46.9,50.9,43.3,45.9,2.37,0.0,RR2.4 + 진입적정,0,27300.0,23200.0,37000.0,43450.0,,0.88,1.57,23472,56.31,특이사항 없음,0,-21.21,40.7,-1.51,TIMING 강점,AI 보조,저점 이탈,조건 미충족,CRITICAL,75.3,전자부품 제조업,61873687475.0,54.1,58.57,0,0,-2.5,7.91,-7.93,2.63,70.52,222.7,15.19,80.12,,0.19,0.182,1,12.0,0,0,1.81,0.44,0,0,0,0,-1,36673.0,16.31,0.6694,False,O,▲,22960,▲,O,X,4.11,250,0,1,1,1,51800.0,enter,100.0,NORMAL+PM_BLOCK_INTRADAY+EF:정상,15.02,5.0,2.4,normal,7.0,v1_sl_first_gap_at_open,NORMAL+PM_BLOCK_INTRADAY+EF:정상,SWING_20D,80,ATR_3.5x,45,FIBO_1.618,25,0.0,전자부품 제조업,0.10229729729729745,3.253243243243243,5.0,0.16852433281004708,0.017513208801161098,0.13114754098360656,OK,62.7,OK,56.0,56.0,4,1,0.55,0.25,0.2,STRUCT+TIMING+AI+SECTOR,default,50,20260612,20260612,,42.0,42.0,42.0,46.38,-9.6,FRESH,0.351,,False,0.3,True,MATURE,9296.0,2.366,0.849,0.849,0.0,0.0,,v22_calibrated,,,,,,,,True,35.5,,ELITE_SCORE,MATURE,9296,2.4.0,OK,,100.0,ATTACK,OK,OK,OK,OK,OK,OK,OK,0,7,True,True,True,,1,ORANGE,C_ORANGE,STRUCT < 90 + VWAP_GAP > 15% 강한 과열,90.0,BUY,1,POC 56↑,0,0,0,0,,0.0,T=67<70,100.0,GREEN,,,0,False,0,BELOW_OFFICIAL_BAR,TOP_PICK=0,,35.0,IGNORE,IGNORE,FX_HIGH_REGIME,1,0,0,1,0,0,0,0,0,CLEAR,,,0,0,0,0,0.0,,,,,,,,,,REJECT_NO_VALIDATED_RULE,,,,,,True,True,True,True,True,True,True,True,0.0,0.0,0.0,0.0,0.0,0.0,0.0,0.0,0.0,1.0,False,False,False,2,True,46.9,1.0,,,0,0,0,,46.9,0,,False,0.0,0.0,False,,False,True,,0
140,014680,한솔케미칼,KOSPI,화학·소재,282500,270.34,32120.8,0.0,,NEUTRAL,NEUTRAL,4,False,1,False,45.1,45.1,45.3,48.0,40.9,0.0,44.6,44.7,7.1,91.1,1.26,0.0,밸런스우수 + RR1.3 + 진입적정,0,282500.0,240000.0,336000.0,346500.0,,1.64,1.0,283949,-1.88,특이사항 없음,0,-16.01,49.1,0.04,,,저점 이탈,조건 미충족,CRITICAL,75.3,기초 화학물질 제조업,27033603750.0,50.9,39.38,0,0,-4.56,10.14,0.53,-15.92,-0.53,22.56,-19.48,-46.91,,0.517,0.451,0,12.0,0,0,1.16,0.53,0,0,0,1,-1,302850.0,-0.51,0.6946,False,X,▲,251836,▲,O,X,-0.68,250,0,1,1,1,369500.0,enter,100.0,NORMAL+PM_BLOCK_INTRADAY+EF:정상,15.04,5.0,1.3,normal,7.0,v1_sl_first_gap_at_open,NORMAL+PM_BLOCK_INTRADAY+EF:정상,SWING_20D,80,SWING_120D,45,ATR_3.5x,45,0.0,기초 화학물질 제조업,6.03945945945946,-4.1432432432432424,8.0,0.08786346396965866,-0.04165204375780494,0.0,OK,40.9,OK,61.21694694665935,61.21694694665935,6,1,0.55,0.25,0.2,STRUCT+TIMING+AI+SECTOR,default,50,20260612,20260612,,45.1,45.1,45.1,46.38,-9.6,FRESH,0.351,,False,0.3,True,MATURE,9296.0,1.259,0.849,0.849,0.0,0.0,,v22_calibrated,,,,,,,,True,18.9,,ELITE_SCORE,MATURE,9296,2.4.0,OK,,100.0,ATTACK,OK,OK,OK,OK,OK,OK,OK,0,7,True,True,True,,0,GREEN,,,100.0,BUY,1,,0,0,0,0,,0.0,T=48<70,100.0,GREEN,,,0,False,0,ENTRY_READY_BUT_NOT_TOP_PICK,TOP_PICK=0,진입조건은 양호하나 공식 Top Pick 아님,50.0,ENTRY_CLEAN_OBSERVE,ENTRY_CLEAN_OBSERVE,FX_HIGH_REGIME,1,0,0,1,0,0,0,0,0,CLEAR,,,0,0,0,0,0.0,,,,,,,,,,REJECT_NO_VALIDATED_RULE,,,,,,True,True,True,True,True,True,True,True,0.0,0.0,0.0,0.0,0.0,0.0,0.0,0.0,0.0,1.0,False,False,False,2,True,44.6,1.0,,,0,0,0,,44.6,0,,False,0.0,0.0,False,,False,True,,0
141,475830,오름테라퓨틱,KOSDAQ,기타,67900,439.34,14607.5,0.0,,NEUTRAL,NEUTRAL,4,False,1,False,42.2,42.2,25.2,44.4,86.4,0.0,41.6,52.0,61.2,23.5,1.38,0.0,RR1.4 + 진입적정,0,67900.0,57700.0,82000.0,84600.0,,0.85,2.12,84206,-43.14,특이사항 없음,0,-9.48,52.6,0.53,AI 강점,,저점 이탈,조건 미충족,CRITICAL,75.3,기초 의약물질 제조업,43933743350.0,65.8,33.84,0,0,-4.5,7.61,-3.0,-11.36,-48.21,-26.44,1.2,-38.61,,0.958,0.1,0,12.0,1,0,1.12,0.52,0,0,0,1,-1,77900.0,-19.36,0.6484,False,X,▼,62013,▲,O,X,3.38,250,0,-1,-1,1,135400.0,enter,100.0,NORMAL+PM_BLOCK_INTRADAY+EF:정상,15.02,5.0,1.4,normal,7.0,v1_sl_first_gap_at_open,NORMAL+PM_BLOCK_INTRADAY+EF:정상,SWING_20D,80,ATR_2x,70,SWING_60D,60,0.0,기초 의약물질 제조업,2.1077380952380955,-2.2075,9.0,0.12286976646328635,-0.0004189362469177929,0.3469387755102041,OK,86.4,OK,53.5,53.5,6,1,0.55,0.25,0.2,STRUCT+TIMING+AI+SECTOR,default,50,20260612,20260612,,42.2,42.2,42.2,46.38,-9.6,FRESH,0.351,,False,0.3,True,MATURE,9296.0,1.382,0.849,0.849,0.0,0.0,,v22_calibrated,,,,,,,,True,20.8,,ELITE_SCORE,MATURE,9296,2.4.0,OK,,100.0,ATTACK,OK,OK,OK,OK,OK,OK,OK,0,7,True,True,True,,0,GREEN,,,100.0,BUY,1,,0,0,0,0,,0.0,T=44<70,100.0,GREEN,,,0,False,0,ENTRY_READY_BUT_NOT_TOP_PICK,TOP_PICK=0,진입조건은 양호하나 공식 Top Pick 아님,50.0,ENTRY_CLEAN_OBSERVE,ENTRY_CLEAN_OBSERVE,FX_HIGH_REGIME,1,0,0,1,0,0,0,0,0,CLEAR,,,0,0,0,0,0.0,,,,,,,,,,REJECT_NO_VALIDATED_RULE,,,,,,True,True,True,True,True,True,True,True,0.0,0.0,0.0,0.0,0.0,0.0,0.0,0.0,0.0,1.0,False,False,False,2,True,41.6,1.0,,,0,0,0,,41.6,0,,False,0.0,0.0,False,,False,True,,0
142,347700,스피어,KOSDAQ,IT/전기전자,36700,1899.99,18914.9,0.0,,NEUTRAL,NEUTRAL,4,False,1,False,39.2,39.2,20.3,49.6,78.2,0.0,41.0,49.4,57.9,27.6,2.5,0.0,RR2.5 + 진입적정,0,36700.0,31150.0,50600.0,57300.0,,-0.24,2.45,43057,91.19,특이사항 없음,0,-31.65,42.1,-4.74,AI 강점,,5일 급등,조건 미충족,CRITICAL,75.3,소프트웨어 개발 및 공급업,189999384450.0,62.8,66.15,0,0,-4.68,19.54,-12.51,-13.65,-30.49,353.09,-1.09,-20.89,,0.46,0.074,1,12.0,0,0,1.35,0.41,0,0,0,0,-1,41435.0,-14.76,0.9581,False,X,▲,28980,▲,O,X,13.77,249,0,1,1,1,,hold,0.0,NORMAL+PM_BLOCK_INTRADAY+EF:갭 12%+ 진입 보류+ENTRY:hold,15.12,5.0,2.5,normal,7.0,v1_sl_first_gap_at_open,NORMAL+PM_BLOCK_INTRADAY+EF:갭 12%+ 진입 보류+ENTRY:hold,SWING_20D,80,SWING_60D,60,,0,0.0,소프트웨어 개발 및 공급업,0.10229729729729745,3.253243243243243,5.0,0.1365317244063838,-0.02169427858934295,0.15625,OK,78.2,OK,50.0,50.0,4,1,0.55,0.25,0.2,STRUCT+TIMING+AI+SECTOR,default,50,20260612,20260612,,39.2,39.2,39.2,46.38,-9.6,FRESH,0.351,,False,0.3,True,MATURE,9296.0,2.505,0.849,0.849,0.0,0.0,,v22_calibrated,,,,,,,,True,37.9,,ELITE_SCORE,MATURE,9296,2.4.0,OK,,100.0,ATTACK,OK,OK,OK,OK,OK,OK,OK,0,7,True,True,True,,0,GREEN,,,60.0,WATCH,0,POC 91↑,0,1,1,0,,0.0,T=50<70,100.0,GREEN,,,0,False,0,BELOW_OFFICIAL_BAR,TOP_PICK=0,VWAP/POC 과열,15.0,IGNORE,IGNORE,FX_HIGH_REGIME,1,0,0,1,0,0,0,0,0,CLEAR,,,0,0,0,0,0.0,,,,,,,,,,REJECT_NO_VALIDATED_RULE,,,,,,True,True,True,True,True,True,True,True,0.0,0.0,0.0,0.0,0.0,0.0,0.0,0.0,0.0,1.0,False,False,False,2,True,41.0,1.0,,,0,0,0,,41.0,0,,False,0.0,0.0,False,,False,True,,0
143,425420,티에프이,KOSDAQ,IT/전기전자,57100,76.13,7050.2,0.0,,NEUTRAL,NEUTRAL,4,False,1,False,43.0,43.0,46.5,49.7,25.1,0.0,40.0,40.4,24.6,69.2,1.07,0.0,RR1.1 + 진입적정,0,57100.0,48500.0,66300.0,77700.0,,1.02,0.95,60370,-0.01,특이사항 없음,0,-13.54,46.7,6.34,,,5일 급등,조건 미충족,CRITICAL,75.3,전자부품 제조업,7612605250.0,54.4,45.62,0,0,-0.35,21.49,12.62,-7.31,-2.89,44.92,5.25,6.71,,0.456,0.374,0,12.0,0,0,1.14,0.63,0,0,0,1,-1,60115.0,-5.42,0.9858,False,O,▲,47927,▲,O,X,4.01,250,0,1,1,1,,enter,100.0,NORMAL+PM_BLOCK_INTRADAY+EF:정상,15.06,5.0,1.1,normal,7.0,v1_sl_first_gap_at_open,NORMAL+PM_BLOCK_INTRADAY+EF:정상,SWING_20D,80,SWING_60D,60,,0,0.0,전자부품 제조업,0.10229729729729745,3.253243243243243,5.0,0.1028271203402552,-0.019496546232950322,0.10526315789473684,OK,25.1,OK,59.08580152774398,59.08580152774398,6,1,0.55,0.25,0.2,STRUCT+TIMING+AI+SECTOR,default,50,20260612,20260612,,43.0,43.0,43.0,46.38,-9.6,FRESH,0.351,,False,0.3,True,MATURE,9296.0,1.07,0.849,0.849,0.0,0.0,,v22_calibrated,,,,,,,,True,16.1,,ELITE_SCORE,MATURE,9296,2.4.0,OK,,100.0,ATTACK,OK,OK,OK,OK,OK,OK,OK,0,7,True,True,True,,0,GREEN,,,0.0,AVOID,0,RR 1.07,0,0,0,0,,0.0,T=50<70,100.0,GREEN,,,0,False,0,BELOW_OFFICIAL_BAR,TOP_PICK=0,,10.0,IGNORE,IGNORE,FX_HIGH_REGIME,1,0,0,1,0,0,0,0,0,CLEAR,,,0,0,0,0,0.0,,,,,,,,,,REJECT_NO_VALIDATED_RULE,,,,,,True,True,True,True,True,True,True,True,0.0,0.0,0.0,0.0,0.0,0.0,0.0,0.0,0.0,1.0,False,False,False,2,True,40.0,1.0,,,0,0,0,,40.0,0,,False,0.0,0.0,False,,False,True,,0
144,003160,디아이,KOSPI,기타,28400,328.8,8037.2,0.0,,NEUTRAL,NEUTRAL,4,False,1,False,34.6,34.6,17.4,52.2,60.0,0.0,39.1,43.2,42.6,46.8,1.49,0.0,RR1.5 + 진입적정,0,28400.0,24100.0,34800.0,39000.0,,0.14,2.41,31831,0.46,특이사항 없음,0,-14.29,42.3,-1.18,AI 강점,TIMING 보조,저점 이탈,조건 미충족,CRITICAL,75.3,"측정, 시험, 항해, 제어 및 기타 정밀기기 제조업; 광학기기 제외",32879842225.0,63.3,34.28,0,0,-2.74,6.17,-0.7,-8.24,-21.0,36.54,-11.8,-67.38,,0.691,0.283,1,12.0,1,0,1.05,0.45,0,0,0,0,-1,32450.0,-10.78,0.6214,False,X,▲,26154,▲,O,X,5.48,250,0,1,1,1,41700.0,enter,100.0,NORMAL+PM_BLOCK_INTRADAY+EF:정상,15.14,5.0,1.5,normal,7.0,v1_sl_first_gap_at_open,NORMAL+PM_BLOCK_INTRADAY+EF:정상,SWING_20D,80,SWING_60D,60,SWING_120D,45,0.0,"측정, 시험, 항해, 제어 및 기타 정밀기기 제조업; 광학기기 제외",2.1077380952380955,-2.2075,9.0,0.10538229376257545,-0.00856925643384903,0.0,OK,60.0,OK,56.0,56.0,2,0,0.55,0.25,0.2,STRUCT+TIMING+AI+SECTOR,default,50,20260612,20260612,,34.6,34.6,34.6,46.38,-9.6,FRESH,0.351,,False,0.3,True,MATURE,9296.0,1.488,0.849,0.849,0.0,0.0,,v22_calibrated,,,,,,,,True,22.5,,ELITE_SCORE,MATURE,9296,2.4.0,OK,,100.0,ATTACK,OK,OK,OK,OK,OK,OK,OK,0,7,True,True,True,,0,GREEN,,,100.0,BUY,1,,0,0,0,0,,0.0,T=52<70,100.0,GREEN,,,0,False,0,ENTRY_READY_BUT_NOT_TOP_PICK,TOP_PICK=0,진입조건은 양호하나 공식 Top Pick 아님,45.0,ENTRY_CLEAN_OBSERVE,ENTRY_CLEAN_OBSERVE,FX_HIGH_REGIME,1,0,0,1,0,0,0,0,0,CLEAR,,,0,0,0,0,0.0,,,,,,,,,,REJECT_NO_VALIDATED_RULE,,,,,,True,True,True,True,True,True,True,True,0.0,0.0,0.0,0.0,0.0,0.0,0.0,0.0,0.0,1.0,False,False,False,2,True,39.1,1.0,,,0,0,0,,39.1,0,,False,0.0,0.0,False,,False,True,,0
145,195870,해성디에스,KOSPI,IT/전기전자,78500,339.74,13345.0,0.0,,NEUTRAL,NEUTRAL,4,False,1,False,32.9,32.9,11.9,56.7,61.0,0.0,38.9,43.2,49.1,38.6,2.54,0.0,RR2.5 + 진입적정,0,78500.0,66700.0,108500.0,113900.0,,0.39,1.32,75105,40.17,특이사항 없음,0,-14.12,48.4,-4.66,AI 강점,TIMING 보조,저점 이탈,조건 미충족,CRITICAL,75.3,전자부품 제조업,33974372100.0,51.1,38.95,0,0,-2.97,4.95,-13.36,-9.56,46.73,51.54,-13.12,0.35,,0.239,0.214,1,12.0,0,0,1.15,0.31,0,0,0,0,-1,99930.0,4.52,0.4762,False,O,▲,72413,▼,O,X,4.82,250,0,1,1,1,125500.0,enter,100.0,NORMAL+PM_BLOCK_INTRADAY+EF:정상,15.03,5.0,2.5,normal,7.0,v1_sl_first_gap_at_open,NORMAL+PM_BLOCK_INTRADAY+EF:정상,SWING_20D,80,ATR_3.5x,45,FIBO_1.272,40,0.0,전자부품 제조업,0.10229729729729745,3.253243243243243,5.0,0.1286624203821656,-0.0381978848286645,0.16049382716049382,OK,61.0,OK,47.403937504975275,47.403937504975275,6,1,0.55,0.25,0.2,STRUCT+TIMING+AI+SECTOR,default,50,20260612,20260612,,32.9,32.9,32.9,46.38,-9.6,FRESH,0.351,,False,0.3,True,MATURE,9296.0,2.542,0.849,0.849,0.0,0.0,,v22_calibrated,,,,,,,,True,38.2,,ELITE_SCORE,MATURE,9296,2.4.0,OK,,100.0,ATTACK,OK,OK,OK,OK,OK,OK,OK,0,7,True,True,True,,0,GREEN,,,80.0,BUY,1,POC 40↑,0,0,0,0,,0.0,T=57<70,100.0,GREEN,,,0,False,0,BELOW_OFFICIAL_BAR,TOP_PICK=0,,35.0,IGNORE,IGNORE,FX_HIGH_REGIME,1,0,0,1,0,0,0,0,0,CLEAR,,,0,0,0,0,0.0,,,,,,,,,,REJECT_NO_VALIDATED_RULE,,,,,,True,True,True,True,False,True,True,True,0.0,0.0,0.0,0.0,20.0,0.0,0.0,0.0,20.0,1.0,False,True,False,3,False,18.9,0.486,G5추세붕괴3축,,0,0,0,,18.9,0,,False,0.0,0.0,False,,False,True,,0
146,100790,미래에셋벤처투자,KOSDAQ,금융,38800,1660.62,20612.4,0.0,,NEUTRAL,NEUTRAL,4,False,1,False,36.4,36.4,13.3,46.4,87.3,0.0,38.1,49.0,74.0,7.5,5.45,0.0,RR5.5 + 진입적정,0,38800.0,32950.0,70700.0,84500.0,,0.63,1.03,42438,123.1,특이사항 없음,0,-35.0,32.2,-22.26,AI 강점,,저점 이탈,조건 미충족,CRITICAL,75.3,기타 금융업,166062137750.0,32.7,72.83,0,0,-7.84,-2.51,-27.2,-32.64,70.93,289.17,-20.08,80.53,,0.285,0.12,1,12.0,0,0,2.93,0.15,0,0,0,0,-1,57485.0,-8.57,0.7653,False,O,▲,36535,▼,O,X,0.95,250,0,1,1,1,102100.0,enter,100.0,NORMAL+WARN:ATR%=20.1% > 20% — 이상치 의심+PM_BLOCK_INTRADAY+EF:정상,15.08,5.0,5.5,normal,7.0,v1_sl_first_gap_at_open,NORMAL+WARN:ATR%=20.1% > 20% — 이상치 의심+PM_BLOCK_INTRADAY+EF:정상,SWING_20D,80,FIBO_1.272,40,FIBO_1.618,25,0.0,기타 금융업,1.90825,-1.16975,7.0,0.172220176730486,-0.007248723738149148,0.3178294573643411,OK,87.3,OK,41.71676337221968,41.71676337221968,4,1,0.55,0.25,0.2,STRUCT+TIMING+AI+SECTOR,default,50,20260612,20260612,,36.4,36.4,36.4,46.38,-9.6,FRESH,0.351,,False,0.3,True,MATURE,9296.0,5.453,0.849,0.849,0.0,0.0,,v22_calibrated,,,,,,,,True,82.2,,ELITE_SCORE,MATURE,9296,2.4.0,OK,,100.0,ATTACK,OK,OK,OK,OK,OK,OK,OK,0,7,True,True,True,,0,GREEN,,,45.0,AVOID,0,전일 -7.8% · POC 123↑,0,1,1,0,,0.0,T=46<70,100.0,GREEN,,,0,False,0,BELOW_OFFICIAL_BAR,TOP_PICK=0,VWAP/POC 과열,15.0,IGNORE,IGNORE,FX_HIGH_REGIME,1,0,0,1,0,0,0,0,0,CLEAR,,,0,0,0,0,0.0,,,,,,,,,,REJECT_NO_VALIDATED_RULE,,,,,,True,True,True,True,False,True,True,True,0.0,0.0,0.0,0.0,20.0,0.0,0.0,0.0,20.0,1.0,False,True,False,3,False,18.1,0.475,G5추세붕괴3축,,0,0,0,,18.1,0,,False,0.0,0.0,False,,False,True,,0
147,187870,디바이스,KOSDAQ,조선·기계·설비,23600,65.12,3249.7,0.0,,NEUTRAL,NEUTRAL,4,False,1,False,35.7,35.7,21.6,42.1,66.3,0.0,37.3,43.3,44.7,44.1,1.72,0.0,RR1.7 + 진입적정,0,23600.0,20050.0,29700.0,34700.0,,1.32,0.56,19728,105.21,특이사항 없음,0,-11.68,51.3,-1.63,AI 강점,,저점 이탈,조건 미충족,CRITICAL,75.3,특수 목적용 기계 제조업,6511585300.0,57.4,35.17,0,0,-2.88,11.58,-5.41,-15.56,163.51,218.62,-3.0,173.11,,0.189,0.189,1,12.0,0,0,1.57,0.45,0,0,0,0,1,19281.0,19.62,0.539,False,O,▲,21819,▲,O,X,4.94,250,0,1,1,1,42550.0,enter,100.0,NORMAL+PM_BLOCK_INTRADAY+EF:정상,15.04,6.0,1.7,normal,7.0,v1_sl_first_gap_at_open,NORMAL+PM_BLOCK_INTRADAY+EF:정상,SWING_20D,80,ATR_3.5x,45,FIBO_1.618,25,0.0,특수 목적용 기계 제조업,9.421739130434784,5.0392753623188415,2.0,0.13398910411622278,-0.018867083767736405,0.0,OK,66.3,OK,25.796641004398694,25.796641004398694,6,1,0.55,0.25,0.2,STRUCT+TIMING+AI+SECTOR,default,50,20260612,20260612,,35.7,35.7,35.7,46.38,-9.6,FRESH,0.351,,False,0.3,True,MATURE,9296.0,1.718,0.849,0.849,0.0,0.0,,v22_calibrated,,,,,,,,True,25.8,,ELITE_SCORE,MATURE,9296,2.4.0,OK,,100.0,ATTACK,OK,OK,OK,OK,OK,OK,OK,0,7,True,True,True,,1,ORANGE,C_ORANGE,STRUCT < 90 + VWAP_GAP > 15% 강한 과열,75.0,BUY,1,POC 105↑,0,1,0,0,,0.0,T=42<70,100.0,GREEN,,,0,False,0,BELOW_OFFICIAL_BAR,TOP_PICK=0,VWAP/POC 과열,35.0,IGNORE,IGNORE,FX_HIGH_REGIME,1,0,0,1,0,0,0,0,0,CLEAR,,,0,0,0,0,0.0,,,,,,,,,,REJECT_NO_VALIDATED_RULE,,,,,,True,True,True,True,True,True,True,True,0.0,0.0,0.0,0.0,0.0,0.0,0.0,0.0,0.0,1.0,False,False,False,1,True,37.3,1.0,,,0,0,0,,37.3,0,,False,0.0,0.0,False,,False,True,,0
148,295310,에이치브이엠,KOSDAQ,철강·금속,103400,585.37,12436.2,0.0,,NEUTRAL,NEUTRAL,4,False,1,False,34.4,34.4,24.6,70.9,15.5,0.0,37.2,37.0,55.4,30.8,2.6,0.0,RR2.6 + 진입적정,0,103400.0,87800.0,144000.0,155300.0,,0.4,1.22,100474,18.9,특이사항 없음,0,-7.9,45.8,-3.06,TIMING 강점,,저점 이탈,조건 미충족,CRITICAL,75.3,1차 비철금속 제조업,58537188550.0,63.1,41.24,0,0,-5.91,9.65,-9.54,7.71,0.19,271.94,20.27,9.79,,0.107,0.107,1,12.0,0,0,1.79,0.32,0,0,0,0,1,80360.0,2.91,0.3946,False,O,▲,97201,▲,O,X,4.82,250,0,1,1,1,163600.0,enter,100.0,NORMAL+PM_BLOCK_INTRADAY+EF:정상,15.09,5.0,2.6,normal,7.0,v1_sl_first_gap_at_open,NORMAL+PM_BLOCK_INTRADAY+EF:정상,SWING_20D,80,ATR_3.5x,45,FIBO_1.272,40,0.0,1차 비철금속 제조업,-2.065555555555555,-22.175555555555558,15.0,0.14327162199502624,0.02821537517817524,0.13855421686746988,OK,15.5,OK,56.0,56.0,6,1,0.55,0.25,0.2,STRUCT+TIMING+AI+SECTOR,default,50,20260612,20260612,,34.4,34.4,34.4,46.38,-9.6,FRESH,0.351,,False,0.3,True,MATURE,9296.0,2.603,0.849,0.849,0.0,0.0,,v22_calibrated,,,,,,,,True,39.3,,ELITE_SCORE,MATURE,9296,2.4.0,OK,,100.0,ATTACK,OK,OK,OK,OK,OK,OK,OK,0,7,True,True,True,,0,GREEN,,,70.0,BUY,1,전일 -5.9%,0,0,0,1,BASIC,60.0,T=71·S=25,100.0,GREEN,,,0,False,0,ENTRY_READY_BUT_NOT_TOP_PICK,TOP_PICK=0,진입조건은 양호하나 공식 Top Pick 아님,50.0,ENTRY_CLEAN_OBSERVE,ENTRY_CLEAN_OBSERVE,FX_HIGH_REGIME,1,0,0,1,0,0,0,0,0,CLEAR,,,0,0,0,0,0.0,,,,,,,,,,REJECT_NO_VALIDATED_RULE,,,,,,True,False,True,True,True,True,True,True,0.0,0.0,0.0,0.0,0.0,0.0,0.0,0.0,0.0,0.5,False,False,False,1,False,18.6,0.5,G2RR×0.5,,0,0,0,,18.6,0,,False,0.0,0.0,False,,False,True,,0
149,000250,삼천당제약,KOSDAQ,바이오·의약품,261500,663.11,61341.3,0.0,,NEUTRAL,NEUTRAL,4,False,1,False,34.4,34.4,12.3,41.6,86.0,0.0,35.8,46.6,73.7,7.9,3.72,0.0,RR3.7 + 진입적정,0,261500.0,222000.0,408500.0,426000.0,,-0.48,1.1,558641,5.24,특이사항 없음,0,-29.86,25.7,-19.43,AI 강점,,저점 이탈,조건 미충족,CRITICAL,75.3,의약품 제조업,66310543500.0,42.2,62.45,0,0,-0.57,-10.45,-22.63,-34.46,-64.18,10.34,-21.9,-54.58,,0.85,0.057,1,12.0,0,0,2.1,0.18,0,0,0,0,-1,340050.0,-53.19,0.2444,False,X,▼,243699,▼,O,X,13.88,250,0,-1,1,1,1233000.0,hold,0.0,NORMAL+PM_BLOCK_INTRADAY+EF:갭 12%+ 진입 보류+ENTRY:hold,15.11,4.0,3.7,normal,7.0,v1_sl_first_gap_at_open,NORMAL+PM_BLOCK_INTRADAY+EF:갭 12%+ 진입 보류+ENTRY:hold,SWING_20D,80,BB_UPPER,75,SWING_60D,60,0.0,의약품 제조업,-3.8524999999999996,0.4400000000000002,10.0,0.12687790221251025,-0.019691089252887057,0.010869565217391304,OK,86.0,OK,46.48360110464657,46.48360110464657,4,1,0.55,0.25,0.2,STRUCT+TIMING+AI+SECTOR,default,50,20260612,20260612,,34.4,34.4,34.4,46.38,-9.6,FRESH,0.351,,False,0.3,True,MATURE,9296.0,3.722,0.849,0.849,0.0,0.0,,v22_calibrated,,,,,,,,True,56.2,,ELITE_SCORE,MATURE,9296,2.4.0,OK,,100.0,ATTACK,OK,OK,OK,OK,OK,OK,OK,0,7,True,True,True,,0,GREEN,,,90.0,BUY,1,,0,0,0,0,,0.0,T=42<70,100.0,GREEN,,,0,False,0,ENTRY_READY_BUT_NOT_TOP_PICK,TOP_PICK=0,진입조건은 양호하나 공식 Top Pick 아님,50.0,ENTRY_CLEAN_OBSERVE,ENTRY_CLEAN_OBSERVE,FX_HIGH_REGIME,1,0,0,1,0,0,0,0,0,CLEAR,,,0,0,0,0,0.0,,,,,,,,,,REJECT_NO_VALIDATED_RULE,,,,,,True,True,True,True,False,True,True,True,0.0,0.0,0.0,0.0,20.0,0.0,0.0,0.0,20.0,1.0,False,True,False,3,False,15.8,0.441,G5추세붕괴3축,,0,0,0,,15.8,0,,False,0.0,0.0,False,,False,True,,0
150,361610,SK아이이테크놀로지,KOSPI,2차전지,18610,76.73,15220.6,0.0,,NEUTRAL,NEUTRAL,4,False,1,False,29.4,29.4,0.0,52.2,82.0,0.0,35.2,44.7,82.0,0.0,1.85,0.0,RR1.9 + 진입적정,0,18610.0,15860.0,23700.0,27350.0,,0.83,1.53,22635,-31.87,특이사항 없음,0,-14.7,43.8,-3.98,AI 강점,TIMING 보조,저점 이탈,조건 미충족,CRITICAL,75.3,일차전지 및 이차전지 제조업,7673474800.0,53.8,34.87,0,0,-9.22,4.55,-5.77,-15.6,-12.42,-38.17,-19.16,-58.8,,0.985,0.143,0,12.0,1,0,0.92,0.34,0,0,0,0,1,15300.0,-17.78,0.6168,False,X,▼,17359,▲,O,X,-1.71,250,0,-1,-1,1,29750.0,enter,100.0,NORMAL+PM_BLOCK_INTRADAY+EF:정상,14.78,5.0,1.9,normal,7.0,v1_sl_first_gap_at_open,NORMAL+PM_BLOCK_INTRADAY+EF:정상,SWING_20D,80,VP_RESISTANCE,65,SWING_60D,60,0.0,일차전지 및 이차전지 제조업,-3.6455555555555557,-21.337777777777777,16.0,0.06943271666538726,-0.05282958598690546,0.05952380952380952,OK,82.0,OK,56.0,56.0,2,0,0.55,0.25,0.2,STRUCT+TIMING+AI+SECTOR,default,50,20260612,20260612,,29.4,29.4,29.4,46.38,-9.6,FRESH,0.351,,False,0.3,True,MATURE,9296.0,1.851,0.849,0.849,0.0,0.0,,v22_calibrated,,,,,,,,True,27.4,,ELITE_SCORE,MATURE,9296,2.4.0,OK,,100.0,ATTACK,OK,OK,OK,OK,OK,OK,OK,0,7,True,True,True,,0,GREEN,,,70.0,BUY,1,전일 -9.2%,0,0,0,0,,0.0,T=52<70,100.0,GREEN,,,0,False,0,ENTRY_READY_BUT_NOT_TOP_PICK,TOP_PICK=0,진입조건은 양호하나 공식 Top Pick 아님,45.0,ENTRY_CLEAN_OBSERVE,ENTRY_CLEAN_OBSERVE,FX_HIGH_REGIME,1,0,0,1,0,0,0,0,0,CLEAR,,,0,0,0,0,0.0,,,,,,,,,,REJECT_NO_VALIDATED_RULE,,,,,,True,True,True,True,True,True,True,True,0.0,0.0,0.0,0.0,0.0,0.0,0.0,0.0,0.0,1.0,False,False,False,2,True,35.2,1.0,,,0,0,0,,35.2,0,,False,0.0,0.0,False,,False,True,,0
151,139130,iM금융지주,KOSPI,금융,17700,154.71,28430.6,0.0,,NEUTRAL,NEUTRAL,4,False,1,False,28.8,28.8,11.2,72.2,22.7,0.0,35.2,35.4,61.0,23.8,0.86,0.0,진입적정,0,17700.0,15860.0,19280.0,20900.0,,0.29,1.24,17946,20.87,특이사항 없음,2,-6.07,43.2,-1.26,TIMING 강점,,저점 이탈,조건 미충족,CRITICAL,75.3,기타 금융업,15470559725.0,47.4,14.45,1,0,-3.38,0.0,-0.39,-2.85,7.21,26.52,-6.41,-39.17,,0.381,0.337,1,10.3,0,0,1.0,0.48,0,0,0,0,-1,19375.0,-1.37,0.2484,False,X,▲,17213,▲,O,X,-0.22,250,0,1,1,1,22000.0,enter,100.0,NORMAL+PM_BLOCK_INTRADAY+EF:정상,10.4,5.0,0.9,normal,7.0,v1_sl_first_gap_at_open,NORMAL+PM_BLOCK_INTRADAY+EF:정상,SWING_20D,80,ATR_3.5x,45,SWING_120D,45,0.0,기타 금융업,1.90825,-1.16975,7.0,0.05161420500403551,-0.005624882349277399,0.21621621621621623,OK,22.7,OK,56.0,56.0,4,1,0.55,0.25,0.2,STRUCT+TIMING+AI+SECTOR,default,50,20260612,20260612,,28.8,28.8,28.8,46.38,-9.6,FRESH,0.351,,False,0.3,True,MATURE,9296.0,0.859,0.849,0.849,0.0,0.0,,v22_calibrated,,,,,,,,True,8.9,,ELITE_SCORE,MATURE,9296,2.4.0,OK,,100.0,ATTACK,OK,OK,OK,OK,OK,OK,OK,0,7,True,True,True,,0,GREEN,,,0.0,AVOID,0,RR 0.86,0,0,0,1,BASIC,60.0,T=72·S=11 · RR=0.86<1.0,100.0,GREEN,,,0,False,0,BELOW_OFFICIAL_BAR,TOP_PICK=0,,5.0,IGNORE,IGNORE,FX_HIGH_REGIME,1,0,0,1,0,0,0,0,0,CLEAR,,,0,0,0,0,0.0,,,,,,,,,,REJECT_NO_VALIDATED_RULE,,,,,,True,False,True,True,True,True,True,True,0.0,0.0,0.0,0.0,0.0,0.0,0.0,0.0,0.0,0.5,False,False,False,2,False,17.6,0.5,G2RR×0.5,,0,0,0,,17.6,0,,False,0.0,0.0,False,,False,True,,0
152,004990,롯데지주,KOSPI,금융,26550,278.86,26460.7,0.0,,NEUTRAL,NEUTRAL,4,False,1,False,35.9,35.9,38.4,33.2,32.3,0.0,34.0,34.6,6.1,92.4,1.3,0.0,밸런스우수 + RR1.3 + 진입적정,0,26550.0,23700.0,30250.0,32550.0,,0.23,2.99,28226,-13.24,특이사항 없음,0,-4.43,47.5,0.9,,,,조건 미충족,CRITICAL,75.3,기타 금융업,27886068950.0,59.6,18.03,0,0,-0.38,4.94,2.91,-4.67,-11.65,-3.98,-8.23,-58.03,,0.898,0.382,0,9.7,0,0,0.87,0.43,0,0,0,1,-1,27545.0,-5.94,0.3159,False,X,▼,25409,▲,O,X,2.25,250,0,-1,1,1,39600.0,enter,100.0,NORMAL+PM_BLOCK_INTRADAY+EF:정상,10.73,5.0,1.3,normal,7.0,v1_sl_first_gap_at_open,NORMAL+PM_BLOCK_INTRADAY+EF:정상,SWING_20D,80,SWING_60D,60,SWING_120D,45,0.0,기타 금융업,1.90825,-1.16975,7.0,0.04842615012106538,-0.15797263247245896,0.18518518518518517,OK,32.3,OK,47.84561849587247,47.84561849587247,4,1,0.55,0.25,0.2,STRUCT+TIMING+AI+SECTOR,default,50,20260612,20260612,,35.9,35.9,35.9,46.38,-9.6,FRESH,0.351,,False,0.3,True,MATURE,9296.0,1.298,0.849,0.849,0.0,0.0,,v22_calibrated,,,,,,,,True,13.9,,ELITE_SCORE,MATURE,9296,2.4.0,OK,,100.0,ATTACK,OK,OK,OK,OK,OK,OK,OK,0,7,True,True,True,,0,GREEN,,,100.0,BUY,1,,0,0,0,0,,0.0,T=33<70,100.0,GREEN,,,0,False,0,ENTRY_READY_BUT_NOT_TOP_PICK,TOP_PICK=0,진입조건은 양호하나 공식 Top Pick 아님,50.0,ENTRY_CLEAN_OBSERVE,ENTRY_CLEAN_OBSERVE,FX_HIGH_REGIME,1,0,0,1,0,0,0,0,0,CLEAR,,,0,0,0,0,0.0,,,,,,,,,,REJECT_NO_VALIDATED_RULE,,,,,,True,False,True,True,True,True,True,True,0.0,0.0,0.0,0.0,0.0,0.0,0.0,0.0,0.0,0.5,False,False,False,2,False,17.0,0.5,G2RR×0.5,,0,0,0,,17.0,0,,False,0.0,0.0,False,,False,True,,0
153,007660,이수페타시스,KOSPI,IT/전기전자,122400,3013.2,89852.9,0.0,,NEUTRAL,NEUTRAL,4,False,1,False,29.8,29.8,17.6,40.2,50.5,0.0,33.0,36.1,32.9,58.9,1.51,0.0,RR1.5 + 진입적정,0,122400.0,104000.0,150100.0,164400.0,,0.29,1.73,131134,-1.35,특이사항 없음,5,-12.06,47.2,-3.15,AI 강점,,저점 이탈,조건 미충족,CRITICAL,75.3,전자부품 제조업,301320096050.0,60.1,27.55,1,0,-0.65,1.24,-4.0,-8.04,15.69,-17.41,-11.6,-30.69,,0.431,0.318,0,12.0,1,0,1.21,0.41,0,0,0,0,-1,149340.0,-6.66,0.2037,False,O,▲,117610,▼,O,X,6.49,250,0,1,1,1,169200.0,enter,100.0,NORMAL+PM_BLOCK_INTRADAY+EF:정상,15.03,4.0,1.5,normal,7.0,v1_sl_first_gap_at_open,NORMAL+PM_BLOCK_INTRADAY+EF:정상,SWING_20D,80,SWING_60D,60,ATR_3.5x,45,0.0,전자부품 제조업,0.10229729729729745,3.253243243243243,5.0,0.1090686274509804,-0.008606950651419538,0.05405405405405406,OK,50.5,OK,50.0,50.0,8,1,0.55,0.25,0.2,STRUCT+TIMING+AI+SECTOR,default,50,20260612,20260612,,29.8,29.8,29.8,46.38,-9.6,FRESH,0.351,,False,0.3,True,MATURE,9296.0,1.505,0.849,0.849,0.0,0.0,,v22_calibrated,,,,,,,,True,22.6,,ELITE_SCORE,MATURE,9296,2.4.0,OK,,100.0,ATTACK,OK,OK,OK,OK,OK,OK,OK,0,7,True,True,True,,0,GREEN,,,100.0,BUY,1,,0,0,0,0,,0.0,T=40<70,100.0,GREEN,,,0,False,0,ENTRY_READY_BUT_NOT_TOP_PICK,TOP_PICK=0,진입조건은 양호하나 공식 Top Pick 아님,50.0,ENTRY_CLEAN_OBSERVE,ENTRY_CLEAN_OBSERVE,FX_HIGH_REGIME,1,0,0,1,0,0,0,0,0,CLEAR,,,0,0,0,0,0.0,,,,,,,,,,REJECT_NO_VALIDATED_RULE,,,,,,True,False,True,True,False,True,True,True,0.0,0.0,0.0,0.0,20.0,0.0,0.0,0.0,20.0,0.5,False,True,False,4,False,0.0,0.0,G2RR×0.5 · G5추세붕괴4축,,0,0,0,,0.0,0,,False,0.0,0.0,False,,False,True,,0
154,010120,LS ELECTRIC,KOSPI,인프라·에너지,222500,5050.35,333750.0,0.0,,NEUTRAL,NEUTRAL,4,False,1,False,29.4,29.4,8.1,40.5,73.9,0.0,32.7,40.8,65.8,17.7,2.28,0.0,RR2.3 + 진입적정,0,222500.0,189100.0,298500.0,335000.0,,-0.88,1.7,233541,103.75,특이사항 없음,0,-14.64,36.6,-10.14,AI 강점,,저점 이탈,조건 미충족,CRITICAL,75.3,"전동기, 발전기 및 전기 변환 · 공급 · 제어 장치 제조업",505035397250.0,45.2,35.13,0,0,-3.05,-1.98,-9.74,-21.93,51.77,123.84,-25.49,5.39,,0.31,0.081,1,12.0,1,0,1.09,0.25,0,0,0,0,-1,277420.0,-4.73,0.4253,False,O,▲,218726,▼,O,X,5.45,250,0,1,1,1,387500.0,enter,100.0,NORMAL+PM_BLOCK_INTRADAY+EF:정상,15.01,4.0,2.3,normal,7.0,v1_sl_first_gap_at_open,NORMAL+PM_BLOCK_INTRADAY+EF:정상,SWING_20D,80,SWING_60D,60,FIBO_1.272,40,0.0,"전동기, 발전기 및 전기 변환 · 공급 · 제어 장치 제조업",3.3342857142857136,-17.545714285714286,14.0,0.10398073836276084,-0.017801255103405193,0.07142857142857142,OK,73.9,OK,45.47663567536336,45.47663567536336,2,0,0.55,0.25,0.2,STRUCT+TIMING+AI+SECTOR,default,50,20260612,20260612,,29.4,29.4,29.4,46.38,-9.6,FRESH,0.351,,False,0.3,True,MATURE,9296.0,2.275,0.849,0.849,0.0,0.0,,v22_calibrated,,,,,,,,True,34.2,,ELITE_SCORE,MATURE,9296,2.4.0,OK,,100.0,ATTACK,OK,OK,OK,OK,OK,OK,OK,0,7,True,True,True,,0,GREEN,,,65.0,WATCH,0,POC 104↑,0,1,1,0,,0.0,T=40<70,100.0,GREEN,,,0,False,0,BELOW_OFFICIAL_BAR,TOP_PICK=0,VWAP/POC 과열,10.0,IGNORE,IGNORE,FX_HIGH_REGIME,1,0,0,1,0,0,0,0,0,CLEAR,,,0,0,0,0,0.0,,,,,,,,,,REJECT_NO_VALIDATED_RULE,,,,,,True,True,True,True,False,True,True,True,0.0,0.0,0.0,0.0,20.0,0.0,0.0,0.0,20.0,1.0,False,True,False,3,False,12.7,0.388,G5추세붕괴3축,,0,0,0,,12.7,0,,False,0.0,0.0,False,,False,True,,0
155,395400,SK리츠,KOSPI,건설·부동산,5410,66.99,16285.1,0.0,,NEUTRAL,NEUTRAL,4,False,1,False,28.1,28.1,0.0,40.6,89.6,0.0,32.5,43.4,89.6,0.0,1.07,0.0,RR1.1 + 진입적정,0,5410.0,4665.0,6210.0,7200.0,,0.91,2.09,6075,-3.9,특이사항 없음,0,-10.86,50.3,-0.63,AI 강점,,저점 이탈,조건 미충족,CRITICAL,75.3,부동산 임대 및 공급업,6699121515.0,52.9,26.41,0,0,-10.13,8.31,-4.59,-7.2,-10.58,-4.75,-10.76,-56.96,,0.956,0.634,0,12.0,1,0,0.89,0.45,0,0,0,0,1,4503.5,-10.95,0.6831,False,X,▼,5067,▲,O,X,-2.49,250,0,-1,-1,1,,enter,100.0,NORMAL+PM_BLOCK_INTRADAY+EF:정상,13.77,5.0,1.1,normal,7.0,v1_sl_first_gap_at_open,NORMAL+PM_BLOCK_INTRADAY+EF:정상,SWING_20D,80,SWING_60D,60,,0,0.0,부동산 임대 및 공급업,4.3388888888888895,-16.964444444444446,13.0,0.07479535252178506,-0.16041167579338889,0.425,OK,89.6,OK,50.0,50.0,4,1,0.55,0.25,0.2,STRUCT+TIMING+AI+SECTOR,default,50,20260612,20260612,,28.1,28.1,28.1,46.38,-9.6,FRESH,0.351,,False,0.3,True,MATURE,9296.0,1.074,0.849,0.849,0.0,0.0,,v22_calibrated,,,,,,,,True,14.8,,ELITE_SCORE,MATURE,9296,2.4.0,OK,,100.0,ATTACK,OK,OK,OK,OK,OK,OK,OK,0,7,True,True,True,,0,GREEN,,,0.0,AVOID,0,RR 1.07 · 전일 -10.1%,0,0,0,0,,0.0,T=41<70,100.0,GREEN,,,0,False,0,BELOW_OFFICIAL_BAR,TOP_PICK=0,,10.0,IGNORE,IGNORE,FX_HIGH_REGIME,1,0,0,1,0,0,0,0,0,CLEAR,,,0,0,0,0,0.0,,,,,,,,,,REJECT_NO_VALIDATED_RULE,,,,,,True,True,True,True,True,True,True,True,0.0,0.0,0.0,0.0,0.0,0.0,0.0,0.0,0.0,1.0,False,False,False,2,True,32.5,1.0,,,0,0,0,,32.5,0,,False,0.0,0.0,False,,False,True,,0
156,456040,OCI,KOSPI,화학·소재,105300,85.9,9427.0,0.0,,NEUTRAL,NEUTRAL,4,False,1,False,29.5,29.5,16.7,38.1,53.9,0.0,32.3,36.2,37.2,53.5,4.52,0.0,RR4.5 + 진입적정,0,105300.0,97100.0,142400.0,163200.0,,-0.27,1.03,120761,-20.99,특이사항 없음,0,-6.96,39.4,-10.65,AI 강점,,저점 이탈,조건 미충족,CRITICAL,75.3,기초 화학물질 제조업,8589500450.0,43.7,29.47,0,0,-0.75,-7.22,-17.86,-18.94,24.32,73.48,-22.5,-22.06,,0.346,0.079,0,12.0,1,0,1.98,0.12,0,0,0,0,-1,133675.0,-12.8,-0.0043,True,O,▲,107184,▼,X,X,3.02,250,0,1,1,1,184400.0,enter,100.0,SWING+PM_BLOCK_INTRADAY+EF:정상,7.79,5.0,4.5,normal,7.0,v1_sl_first_gap_at_open,SWING+PM_BLOCK_INTRADAY+EF:정상,SWING_20D,80,SWING_60D,60,FIBO_1.272,40,0.0,기초 화학물질 제조업,6.03945945945946,-4.1432432432432424,8.0,0.08842083842083842,0.010206651164943443,0.5858585858585859,OK,53.9,OK,44.64185600364608,44.64185600364608,2,0,0.55,0.25,0.2,STRUCT+TIMING+AI+SECTOR,default,50,20260612,20260612,,29.5,29.5,29.5,46.38,-9.6,FRESH,0.351,,False,0.3,True,MATURE,9296.0,4.524,0.849,0.849,0.0,0.0,,v22_calibrated,,,,,,,,True,35.2,,ELITE_SCORE,MATURE,9296,2.4.0,OK,,100.0,ATTACK,OK,OK,OK,OK,OK,OK,OK,0,7,True,True,True,,0,GREEN,,,90.0,BUY,1,,0,0,0,0,,0.0,T=38<70,100.0,GREEN,,,0,False,0,ENTRY_READY_BUT_NOT_TOP_PICK,TOP_PICK=0,진입조건은 양호하나 공식 Top Pick 아님,45.0,ENTRY_CLEAN_OBSERVE,ENTRY_CLEAN_OBSERVE,FX_HIGH_REGIME,1,0,0,1,0,0,0,0,0,CLEAR,,,0,0,0,0,0.0,,,,,,,,,,REJECT_NO_VALIDATED_RULE,,,,,,True,False,True,True,False,True,True,True,0.0,0.0,0.0,0.0,20.0,0.0,0.0,0.0,20.0,0.5,False,True,False,5,False,0.0,0.0,G2RR×0.5 · G5추세붕괴5축,,0,0,0,,0.0,0,,False,0.0,0.0,False,,False,True,,0
157,008770,호텔신라,KOSPI,유통·소비재,55500,179.43,21782.7,0.0,,NEUTRAL,NEUTRAL,4,False,1,False,28.3,28.3,17.6,41.4,41.5,0.0,32.2,33.5,23.9,70.1,1.64,0.0,RR1.6 + 진입적정,0,55500.0,48350.0,67200.0,70300.0,,1.05,0.85,56799,20.07,특이사항 없음,0,-4.94,45.4,-1.76,,,,조건 미충족,CRITICAL,75.3,기타 상품 전문 소매업,17943136900.0,49.1,23.19,0,0,-0.36,0.36,0.36,-9.17,29.82,21.44,-12.73,-16.56,,0.295,0.185,1,11.9,1,0,1.65,0.32,0,0,0,0,-1,60930.0,-2.29,0.3548,False,O,▲,53909,▲,O,X,1.44,250,0,1,1,1,78200.0,enter,100.0,NORMAL+PM_BLOCK_INTRADAY+EF:정상,12.88,5.0,1.6,normal,7.0,v1_sl_first_gap_at_open,NORMAL+PM_BLOCK_INTRADAY+EF:정상,SWING_20D,80,SWING_60D,60,FIBO_1.272,40,0.0,기타 상품 전문 소매업,5.0564285714285715,-0.5635714285714287,6.0,0.05945945945945946,-0.01855445181325497,0.36,OK,41.5,OK,33.67683951911536,33.67683951911536,6,1,0.55,0.25,0.2,STRUCT+TIMING+AI+SECTOR,default,50,20260612,20260612,,28.3,28.3,28.3,46.38,-9.6,FRESH,0.351,,False,0.3,True,MATURE,9296.0,1.636,0.849,0.849,0.0,0.0,,v22_calibrated,,,,,,,,True,21.1,,ELITE_SCORE,MATURE,9296,2.4.0,OK,,100.0,ATTACK,OK,OK,OK,OK,OK,OK,OK,0,7,True,True,True,,0,GREEN,,,90.0,BUY,1,,0,0,0,0,,0.0,T=41<70,100.0,GREEN,,,0,False,0,ENTRY_READY_BUT_NOT_TOP_PICK,TOP_PICK=0,진입조건은 양호하나 공식 Top Pick 아님,50.0,ENTRY_CLEAN_OBSERVE,ENTRY_CLEAN_OBSERVE,FX_HIGH_REGIME,1,0,0,1,0,0,0,0,0,CLEAR,,,0,0,0,0,0.0,,,,,,,,,,REJECT_NO_VALIDATED_RULE,,,,,,True,False,True,True,True,True,True,True,0.0,0.0,0.0,0.0,0.0,0.0,0.0,0.0,0.0,0.5,False,False,False,2,False,16.1,0.5,G2RR×0.5,,0,0,0,,16.1,0,,False,0.0,0.0,False,,False,True,,0
158,290550,디케이티,KOSDAQ,IT/전기전자,21200,111.69,4240.3,0.0,,NEUTRAL,NEUTRAL,4,False,1,False,24.7,24.7,6.4,50.8,42.5,0.0,31.5,33.2,44.4,44.5,6.91,0.0,RR6.9 + 진입적정,0,21200.0,19210.0,34950.0,40000.0,,0.78,1.31,23383,74.36,특이사항 없음,0,-12.35,35.2,-14.67,TIMING 강점,,저점 이탈,조건 미충족,CRITICAL,75.3,전자부품 제조업,11169429925.0,49.9,49.96,0,0,-1.17,-7.22,-15.87,-34.87,11.58,188.04,-22.31,21.18,,0.242,0.055,1,12.0,0,0,1.01,0.09,0,0,0,0,-1,29097.0,-9.34,0.274,False,O,▲,20592,▼,O,X,2.56,250,0,1,1,1,46400.0,enter,100.0,SWING+PM_BLOCK_INTRADAY+EF:정상,9.39,6.0,6.9,normal,7.0,v1_sl_first_gap_at_open,SWING+PM_BLOCK_INTRADAY+EF:정상,SWING_20D,80,FIBO_1.272,40,FIBO_1.618,25,0.0,전자부품 제조업,0.10229729729729745,3.253243243243243,5.0,0.12564016172506737,-0.0483084803352783,0.26666666666666666,OK,42.5,OK,42.15131470016367,42.15131470016367,2,0,0.55,0.25,0.2,STRUCT+TIMING+AI+SECTOR,default,50,20260612,20260612,,24.7,24.7,24.7,46.38,-9.6,FRESH,0.351,,False,0.3,True,MATURE,9296.0,6.91,0.849,0.849,0.0,0.0,,v22_calibrated,,,,,,,,True,64.9,,ELITE_SCORE,MATURE,9296,2.4.0,OK,,100.0,ATTACK,OK,OK,OK,OK,OK,OK,OK,0,7,True,True,True,,0,GREEN,,,80.0,BUY,1,POC 74↑,0,0,0,0,,0.0,T=51<70,100.0,GREEN,,,0,False,0,BELOW_OFFICIAL_BAR,TOP_PICK=0,EBS 미통과/불명,30.0,IGNORE,IGNORE,FX_HIGH_REGIME,1,0,0,1,0,0,0,0,0,CLEAR,,,0,0,0,0,0.0,,,,,,,,,,REJECT_NO_VALIDATED_RULE,,,,,,True,False,True,True,False,True,True,True,0.0,0.0,0.0,0.0,20.0,0.0,0.0,0.0,20.0,0.5,False,True,False,3,False,0.0,0.0,G2RR×0.5 · G5추세붕괴3축,,0,0,0,,0.0,0,,False,0.0,0.0,False,,False,True,,0
159,214370,케어젠,KOSDAQ,기타,74800,87.31,40178.8,0.0,,NEUTRAL,NEUTRAL,4,False,1,False,28.1,28.1,5.8,29.9,87.1,0.0,29.6,40.9,81.3,0.0,2.81,0.0,RR2.8 + 진입적정,0,74800.0,63500.0,106600.0,117100.0,,0.13,0.92,94867,-22.64,특이사항 없음,0,-20.14,42.9,-12.26,AI 강점,,저점 이탈,조건 미충족,CRITICAL,75.3,기초 의약물질 제조업,8730919150.0,50.7,40.69,0,0,-8.78,-3.86,-16.33,-23.05,-35.07,2.05,-10.49,-25.47,,0.776,0.071,0,12.0,1,0,1.19,0.21,0,0,0,0,-1,94360.0,-21.15,0.4007,False,X,▼,72880,▼,O,X,1.22,250,0,-1,1,1,153800.0,enter,100.0,NORMAL+PM_BLOCK_INTRADAY+EF:정상,15.11,5.0,2.8,normal,7.0,v1_sl_first_gap_at_open,NORMAL+PM_BLOCK_INTRADAY+EF:정상,SWING_20D,80,SWING_60D,60,SWING_120D,45,0.0,기초 의약물질 제조업,2.1077380952380955,-2.2075,9.0,0.1092436974789916,-0.030195530614689187,0.19047619047619047,OK,87.1,OK,40.38268552732191,40.38268552732191,4,1,0.55,0.25,0.2,STRUCT+TIMING+AI+SECTOR,default,50,20260612,20260612,,28.1,28.1,28.1,46.38,-9.6,FRESH,0.351,,False,0.3,True,MATURE,9296.0,2.814,0.849,0.849,0.0,0.0,,v22_calibrated,,,,,,,,True,42.5,,ELITE_SCORE,MATURE,9296,2.4.0,OK,,100.0,ATTACK,OK,OK,OK,OK,OK,OK,OK,0,7,True,True,True,,0,GREEN,,,70.0,BUY,1,전일 -8.8%,0,0,0,0,,0.0,T=30<70,100.0,GREEN,,,0,False,0,ENTRY_READY_BUT_NOT_TOP_PICK,TOP_PICK=0,진입조건은 양호하나 공식 Top Pick 아님,50.0,ENTRY_CLEAN_OBSERVE,ENTRY_CLEAN_OBSERVE,FX_HIGH_REGIME,1,0,0,1,0,0,0,0,0,CLEAR,,,0,0,0,0,0.0,,,,,,,,,,REJECT_NO_VALIDATED_RULE,,,,,,True,True,True,True,False,True,True,True,0.0,0.0,0.0,0.0,20.0,0.0,0.0,0.0,20.0,1.0,False,True,False,4,False,9.6,0.324,G5추세붕괴4축,,0,0,0,,9.6,0,,False,0.0,0.0,False,,False,True,,0
160,006110,삼아알미늄,KOSPI,철강·금속,59700,101.86,9028.7,0.0,,NEUTRAL,NEUTRAL,4,False,1,False,29.2,29.2,17.2,23.4,69.2,0.0,28.7,36.6,52.0,35.0,7.36,0.0,RR7.4 + 진입적정,0,59700.0,53600.0,104600.0,125600.0,,-1.34,0.49,55233,53.38,특이사항 없음,0,-28.46,34.9,-23.68,AI 강점,,저점 이탈,조건 미충족,CRITICAL,75.3,1차 비철금속 제조업,10186102200.0,45.6,61.58,0,0,-0.5,-16.97,-31.3,-26.39,63.79,127.86,-29.95,17.41,,0.301,0.066,1,12.0,0,0,2.65,0.09,0,0,0,0,1,58960.0,8.09,-0.1521,False,O,▲,60338,▼,X,X,2.83,250,0,1,1,1,152300.0,enter,100.0,SWING+PM_BLOCK_INTRADAY+EF:정상,10.22,5.0,7.4,normal,7.0,v1_sl_first_gap_at_open,SWING+PM_BLOCK_INTRADAY+EF:정상,SWING_20D,80,FIBO_1.272,40,FIBO_1.618,25,0.0,1차 비철금속 제조업,-2.065555555555555,-22.175555555555558,15.0,0.17264895908111988,-0.01681142687418572,0.5263157894736842,OK,69.2,OK,16.516855375900985,16.516855375900985,2,0,0.55,0.25,0.2,STRUCT+TIMING+AI+SECTOR,default,50,20260612,20260612,,29.2,29.2,29.2,46.38,-9.6,FRESH,0.351,,False,0.3,True,MATURE,9296.0,7.361,0.849,0.849,0.0,0.0,,v22_calibrated,,,,,,,,True,75.2,,ELITE_SCORE,MATURE,9296,2.4.0,OK,,100.0,ATTACK,OK,OK,OK,OK,OK,OK,OK,0,7,True,True,True,,0,GREEN,,,80.0,BUY,1,POC 53↑,0,0,0,0,,0.0,T=23<70,100.0,GREEN,,,0,False,0,BELOW_OFFICIAL_BAR,TOP_PICK=0,EBS 미통과/불명,30.0,IGNORE,IGNORE,FX_HIGH_REGIME,1,0,0,1,0,0,0,0,0,CLEAR,,,0,0,0,0,0.0,,,,,,,,,,REJECT_NO_VALIDATED_RULE,,,,,,True,False,True,True,False,True,False,True,0.0,0.0,0.0,0.0,20.0,0.0,15.0,0.0,35.0,0.5,False,True,False,3,False,0.0,0.0,G2RR×0.5 · G5추세붕괴3축 · G7윗꼬리약세-15,,0,0,0,,0.0,0,,False,0.0,0.0,False,,False,True,,0
161,021240,코웨이,KOSPI,서비스 기타,89000,206.9,62983.0,0.0,,NEUTRAL,NEUTRAL,4,False,1,False,23.7,23.7,13.2,48.5,21.7,0.0,28.5,27.8,35.3,55.9,1.58,0.0,RR1.6 + 진입적정,0,89000.0,82600.0,99100.0,106700.0,,0.12,0.69,84980,8.72,특이사항 없음,5,-0.81,41.9,-3.41,,,,조건 미충족,CRITICAL,75.3,그외 기타 개인 서비스업,20690370300.0,59.7,10.06,1,0,-3.26,-5.52,-3.68,-5.92,20.43,3.61,-9.48,-25.95,,0.144,0.144,1,11.3,0,0,1.04,0.27,0,0,0,0,1,81360.0,4.73,0.0169,True,O,▲,91296,▼,X,X,0.98,250,0,1,1,1,116800.0,enter,100.0,SWING+PM_BLOCK_INTRADAY+EF:정상,7.19,4.0,1.6,normal,7.0,v1_sl_first_gap_at_open,SWING+PM_BLOCK_INTRADAY+EF:정상,SWING_20D,80,ATR_3.5x,45,FIBO_1.618,25,0.0,그외 기타 개인 서비스업,1.6329629629629632,-10.275925925925925,12.0,0.056741573033707866,-0.0577476511798098,0.022222222222222223,OK,21.7,OK,24.568552615054227,24.568552615054227,4,1,0.55,0.25,0.2,STRUCT+TIMING+AI+SECTOR,default,50,20260612,20260612,,23.7,23.7,23.7,46.38,-9.6,FRESH,0.351,,False,0.3,True,MATURE,9296.0,1.578,0.849,0.849,0.0,0.0,,v22_calibrated,,,,,,,,True,11.3,,ELITE_SCORE,MATURE,9296,2.4.0,OK,,100.0,ATTACK,OK,OK,OK,OK,OK,OK,OK,0,7,True,True,True,,0,GREEN,,,90.0,BUY,1,,0,0,0,0,,0.0,T=48<70,100.0,GREEN,,,0,False,0,ENTRY_READY_BUT_NOT_TOP_PICK,TOP_PICK=0,진입조건은 양호하나 공식 Top Pick 아님,50.0,ENTRY_CLEAN_OBSERVE,ENTRY_CLEAN_OBSERVE,FX_HIGH_REGIME,1,0,0,1,0,0,0,0,0,CLEAR,,,0,0,0,0,0.0,,,,,,,,,,REJECT_NO_VALIDATED_RULE,,,,,,True,False,True,True,True,True,True,True,0.0,0.0,0.0,0.0,0.0,0.0,0.0,0.0,0.0,0.5,False,False,False,2,False,14.2,0.5,G2RR×0.5,,0,0,0,,14.2,0,,False,0.0,0.0,False,,False,True,,0
162,483650,달바글로벌,KOSPI,화학·소재,193700,571.7,24152.8,0.0,,NEUTRAL,NEUTRAL,4,False,1,False,24.1,24.1,15.2,42.8,25.4,0.0,28.1,27.8,27.6,65.5,2.45,0.0,RR2.5 + 진입적정,0,193700.0,164600.0,265000.0,274500.0,,0.19,1.34,205889,21.72,특이사항 없음,0,-11.32,42.0,-7.32,,,저점 이탈,조건 미충족,CRITICAL,75.3,기타 화학제품 제조업,57169952450.0,51.9,34.21,0,0,-8.2,-0.1,-4.11,-22.67,32.13,29.57,-26.23,-14.25,,0.354,0.241,1,12.0,0,0,1.52,0.2,0,0,0,0,-1,234700.0,-5.92,0.5039,False,O,▲,191760,▲,O,X,4.03,250,0,1,1,1,311500.0,enter,100.0,NORMAL+PM_BLOCK_INTRADAY+EF:정상,15.02,5.0,2.5,normal,7.0,v1_sl_first_gap_at_open,NORMAL+PM_BLOCK_INTRADAY+EF:정상,SWING_20D,80,SWING_60D,60,FIBO_1.272,40,0.0,기타 화학제품 제조업,6.03945945945946,-4.1432432432432424,8.0,0.08805959141529612,-0.02386633367083898,0.0,OK,25.4,OK,38.5,38.5,4,1,0.55,0.25,0.2,STRUCT+TIMING+AI+SECTOR,default,50,20260612,20260612,,24.1,24.1,24.1,46.38,-9.6,FRESH,0.351,,False,0.3,True,MATURE,9296.0,2.45,0.849,0.849,0.0,0.0,,v22_calibrated,,,,,,,,True,36.8,,ELITE_SCORE,MATURE,9296,2.4.0,OK,,100.0,ATTACK,OK,OK,OK,OK,OK,OK,OK,0,7,True,True,True,,0,GREEN,,,70.0,BUY,1,전일 -8.2%,0,0,0,0,,0.0,T=43<70,100.0,GREEN,,,0,False,0,ENTRY_READY_BUT_NOT_TOP_PICK,TOP_PICK=0,진입조건은 양호하나 공식 Top Pick 아님,50.0,ENTRY_CLEAN_OBSERVE,ENTRY_CLEAN_OBSERVE,FX_HIGH_REGIME,1,0,0,1,0,0,0,0,0,CLEAR,,,0,0,0,0,0.0,,,,,,,,,,REJECT_NO_VALIDATED_RULE,,,,,,True,False,True,True,True,True,True,True,0.0,0.0,0.0,0.0,0.0,0.0,0.0,0.0,0.0,0.5,False,False,False,2,False,14.0,0.5,G2RR×0.5,,0,0,0,,14.0,0,,False,0.0,0.0,False,,False,True,,0
163,267270,HD건설기계,KOSPI,조선·기계·설비,142600,1008.49,68336.6,0.0,,NEUTRAL,NEUTRAL,4,False,1,False,21.8,21.8,6.1,43.1,38.5,0.0,28.0,29.2,37.0,53.8,2.41,0.0,RR2.4 + 진입적정,0,142600.0,128200.0,177300.0,217500.0,,-0.09,1.72,159834,11.65,특이사항 없음,0,-10.19,36.2,-6.96,,,저점 이탈,조건 미충족,CRITICAL,75.3,일반 목적용 기계 제조업,100849464250.0,36.3,26.35,0,0,-0.35,-3.45,-8.12,-20.51,14.54,35.04,-24.07,-31.84,,0.477,0.264,1,12.0,1,0,1.22,0.23,0,0,0,0,-1,170300.0,-10.78,0.3384,False,X,▲,138554,▼,O,X,10.62,250,0,1,1,1,244000.0,split,50.0,SWING+PM_BLOCK_INTRADAY+EF:갭 7%+ 분할 진입+ENTRY:split,10.1,4.0,2.4,normal,7.0,v1_sl_first_gap_at_open,SWING+PM_BLOCK_INTRADAY+EF:갭 7%+ 분할 진입+ENTRY:split,SWING_20D,80,SWING_60D,60,FIBO_1.272,40,0.0,일반 목적용 기계 제조업,9.421739130434784,5.0392753623188415,2.0,0.0810959727509517,-0.09161147195739285,0.011695906432748537,OK,38.5,OK,40.57959657903972,40.57959657903972,4,1,0.55,0.25,0.2,STRUCT+TIMING+AI+SECTOR,default,50,20260612,20260612,,21.8,21.8,21.8,46.38,-9.6,FRESH,0.351,,False,0.3,True,MATURE,9296.0,2.41,0.849,0.849,0.0,0.0,,v22_calibrated,,,,,,,,True,24.3,,ELITE_SCORE,MATURE,9296,2.4.0,OK,,100.0,ATTACK,OK,OK,OK,OK,OK,OK,OK,0,7,True,True,True,,0,GREEN,,,90.0,BUY,1,,0,0,0,0,,0.0,T=43<70,100.0,GREEN,,,0,False,0,ENTRY_READY_BUT_NOT_TOP_PICK,TOP_PICK=0,진입조건은 양호하나 공식 Top Pick 아님,50.0,ENTRY_CLEAN_OBSERVE,ENTRY_CLEAN_OBSERVE,FX_HIGH_REGIME,1,0,0,1,0,0,0,0,0,CLEAR,,,0,0,0,0,0.0,,,,,,,,,,REJECT_NO_VALIDATED_RULE,,,,,,True,False,True,True,False,True,True,True,0.0,0.0,0.0,0.0,20.0,0.0,0.0,0.0,20.0,0.5,False,True,False,3,False,0.0,0.0,G2RR×0.5 · G5추세붕괴3축,,0,0,0,,0.0,0,,False,0.0,0.0,False,,False,True,,0
164,322000,HD현대에너지솔루션,KOSPI,2차전지,150500,441.16,16856.0,0.0,,NEUTRAL,NEUTRAL,4,False,1,False,27.7,27.7,15.6,20.5,69.9,0.0,27.1,35.3,54.3,32.1,4.67,0.0,RR4.7 + 진입적정,0,150500.0,127900.0,256000.0,293500.0,,-2.36,0.54,168238,81.71,특이사항 없음,0,-24.18,34.9,-15.65,AI 강점,,저점 이탈,조건 미충족,CRITICAL,75.3,반도체 제조업,44115623700.0,38.9,57.65,0,0,-1.63,-6.23,-16.16,-29.01,26.05,177.68,-32.57,-20.33,,0.287,0.072,1,12.0,0,0,2.63,0.15,0,0,0,0,-1,197900.0,-10.54,0.3675,False,O,▲,142833,▼,O,X,4.58,250,0,1,1,1,340500.0,enter,100.0,NORMAL+PM_BLOCK_INTRADAY+EF:정상,15.02,5.0,4.7,normal,7.0,v1_sl_first_gap_at_open,NORMAL+PM_BLOCK_INTRADAY+EF:정상,SWING_20D,80,FIBO_1.272,40,FIBO_1.618,25,0.0,반도체 제조업,-3.6455555555555557,-21.337777777777777,16.0,0.13374466065495966,-0.0034651699845240696,0.0,OK,69.9,OK,18.44557568805767,18.44557568805767,4,1,0.55,0.25,0.2,STRUCT+TIMING+AI+SECTOR,default,50,20260612,20260612,,27.7,27.7,27.7,46.38,-9.6,FRESH,0.351,,False,0.3,True,MATURE,9296.0,4.668,0.849,0.849,0.0,0.0,,v22_calibrated,,,,,,,,True,70.1,,ELITE_SCORE,MATURE,9296,2.4.0,OK,,100.0,ATTACK,OK,OK,OK,OK,OK,OK,OK,0,7,True,True,True,,0,GREEN,,,65.0,WATCH,0,POC 82↑,0,1,1,0,,0.0,T=20<70,100.0,GREEN,,,0,False,0,BELOW_OFFICIAL_BAR,TOP_PICK=0,VWAP/POC 과열,15.0,IGNORE,IGNORE,FX_HIGH_REGIME,1,0,0,1,0,0,0,0,0,CLEAR,,,0,0,0,0,0.0,,,,,,,,,,REJECT_NO_VALIDATED_RULE,,,,,,True,False,True,True,False,True,True,True,0.0,0.0,0.0,0.0,20.0,0.0,0.0,0.0,20.0,0.5,False,True,False,3,False,0.0,0.0,G2RR×0.5 · G5추세붕괴3축,,0,0,0,,0.0,0,,False,0.0,0.0,False,,False,True,,0
165,0009K0,에임드바이오,KOSDAQ,기타,27200,88.07,17590.6,0.0,,NEUTRAL,NEUTRAL,4,False,1,False,22.5,22.5,4.8,32.8,58.1,0.0,26.6,31.9,53.3,33.4,3.63,0.0,RR3.6 + 진입적정,0,27200.0,23100.0,42100.0,43800.0,,1.21,0.99,43241,-58.14,특이사항 없음,0,-28.9,38.7,-16.99,AI 강점,,저점 이탈,조건 미충족,CRITICAL,75.3,자연과학 및 공학 연구개발업,8807453625.0,34.4,67.25,0,0,0.0,2.64,-25.48,-33.25,-57.7,-41.76,-20.69,-48.1,,0.972,0.0,0,12.0,1,0,1.99,0.22,0,0,0,0,-1,35820.0,-37.1,0.5974,False,X,▼,24129,▼,O,X,2.21,126,0,-1,0,0,65600.0,enter,100.0,NORMAL+PM_BLOCK_INTRADAY+EF:정상,15.07,5.0,3.6,normal,7.0,v1_sl_first_gap_at_open,NORMAL+PM_BLOCK_INTRADAY+EF:정상,SWING_20D,80,BB_UPPER,75,SWING_60D,60,0.0,자연과학 및 공학 연구개발업,2.1077380952380955,-2.2075,9.0,0.13576680672268907,-0.04224535077289688,0.35,OK,58.1,OK,42.98361496264937,42.98361496264937,4,1,0.55,0.25,0.2,STRUCT+TIMING+AI+SECTOR,default,50,20260612,20260612,,22.5,22.5,22.5,46.38,-9.6,FRESH,0.351,,False,0.3,True,MATURE,9296.0,3.634,0.849,0.849,0.0,0.0,,v22_calibrated,,,,,,,,True,54.8,,ELITE_SCORE,MATURE,9296,2.4.0,OK,,100.0,ATTACK,OK,OK,OK,OK,OK,OK,OK,0,7,True,True,True,,0,GREEN,,,80.0,BUY,1,,0,0,0,0,,0.0,T=33<70,100.0,GREEN,,,0,False,0,ENTRY_READY_BUT_NOT_TOP_PICK,TOP_PICK=0,진입조건은 양호하나 공식 Top Pick 아님,50.0,ENTRY_CLEAN_OBSERVE,ENTRY_CLEAN_OBSERVE,FX_HIGH_REGIME,1,0,0,1,0,0,0,0,0,CLEAR,,,0,0,0,0,0.0,,,,,,,,,,REJECT_NO_VALIDATED_RULE,,,,,,True,False,True,True,False,True,True,True,0.0,0.0,0.0,0.0,20.0,0.0,0.0,0.0,20.0,0.5,False,True,False,4,False,0.0,0.0,G2RR×0.5 · G5추세붕괴4축,,0,0,0,,0.0,0,,False,0.0,0.0,False,,False,True,,0
166,003280,흥아해운,KOSPI,기타,1811,169.62,4354.1,0.0,,NEUTRAL,NEUTRAL,4,False,1,False,30.0,30.0,25.6,13.3,63.2,0.0,25.8,34.0,49.9,37.6,11.04,0.0,RR11.0 + 진입적정,0,1811.0,1697.0,3070.0,4795.0,,-0.88,0.42,3384,-35.28,특이사항 없음,0,-20.63,14.5,-18.48,AI 강점,,저점 이탈,조건 미충족,CRITICAL,75.3,해상 운송업,16961646639.0,69.6,58.42,0,0,-2.16,-7.13,-22.11,-36.12,-40.33,11.24,-39.68,-86.71,,0.97,0.053,0,12.0,0,0,5.97,0.05,0,0,0,0,-1,2313.5,-46.49,0.3564,True,X,▲,1745,▼,O,X,-2.92,250,0,1,1,1,,enter,100.0,SWING+PM_BLOCK_INTRADAY+EF:정상,6.29,6.0,11.0,normal,7.0,v1_sl_first_gap_at_open,SWING+PM_BLOCK_INTRADAY+EF:정상,SWING_20D,80,SWING_60D,60,,0,0.0,해상 운송업,2.1077380952380955,-2.2075,9.0,0.10254792143251558,-0.009387287457368668,0.3146067415730337,OK,63.2,OK,25.5,25.5,4,1,0.55,0.25,0.2,STRUCT+TIMING+AI+SECTOR,default,50,20260612,20260612,,30.0,30.0,30.0,46.38,-9.6,FRESH,0.351,,False,0.3,True,MATURE,9296.0,11.044,0.849,0.849,0.0,0.0,,v22_calibrated,,,,,,,,True,69.5,,ELITE_SCORE,MATURE,9296,2.4.0,OK,,100.0,ATTACK,OK,OK,OK,OK,OK,OK,OK,0,7,True,True,True,,0,GREEN,,,90.0,BUY,1,,0,0,0,0,,0.0,T=13<70,100.0,GREEN,,,0,False,0,ENTRY_READY_BUT_NOT_TOP_PICK,TOP_PICK=0,진입조건은 양호하나 공식 Top Pick 아님,50.0,ENTRY_CLEAN_OBSERVE,ENTRY_CLEAN_OBSERVE,FX_HIGH_REGIME,1,0,0,1,0,0,0,0,0,CLEAR,,,0,0,0,0,0.0,,,,,,,,,,REJECT_NO_VALIDATED_RULE,,,,,,True,False,True,True,False,True,True,True,0.0,0.0,0.0,0.0,20.0,0.0,0.0,0.0,20.0,0.5,False,True,False,4,False,0.0,0.0,G2RR×0.5 · G5추세붕괴4축,,0,0,0,,0.0,0,,False,0.0,0.0,False,,False,True,,0
167,041020,폴라리스오피스,KOSDAQ,IT/전기전자,3280,64.28,1629.6,0.0,,NEUTRAL,NEUTRAL,4,False,1,False,19.0,19.0,0.0,32.9,54.1,0.0,24.5,29.0,54.1,32.4,11.92,0.0,RR11.9 + 진입적정,0,3280.0,3150.0,4830.0,5950.0,,-0.94,1.69,4943,-36.32,특이사항 없음,0,-12.4,14.5,-15.38,AI 강점,,저점 이탈,조건 미충족,CRITICAL,75.3,소프트웨어 개발 및 공급업,6427676765.0,66.8,37.84,0,0,-3.1,-11.23,-21.25,-21.81,-32.92,-31.67,-9.25,-23.32,,1.0,0.058,0,12.0,0,0,2.86,0.02,0,0,0,0,-1,4251.0,-33.64,0.0323,True,X,▼,3319,▼,X,X,2.81,250,0,-1,-1,1,,enter,100.0,SWING+PM_BLOCK_INTRADAY+EF:정상,3.96,6.0,11.9,normal,7.0,v1_sl_first_gap_at_open,SWING+PM_BLOCK_INTRADAY+EF:정상,SWING_20D,80,SWING_60D,60,,0,0.0,소프트웨어 개발 및 공급업,0.10229729729729745,3.253243243243243,5.0,0.09135452961672474,-0.21382047244913485,0.2857142857142857,OK,54.1,OK,39.5,39.5,4,1,0.55,0.25,0.2,STRUCT+TIMING+AI+SECTOR,default,50,20260612,20260612,,19.0,19.0,19.0,46.38,-9.6,FRESH,0.351,,False,0.3,True,MATURE,9296.0,11.923,0.849,0.849,0.0,0.0,,v22_calibrated,,,,,,,,True,47.3,,ELITE_SCORE,MATURE,9296,2.4.0,OK,,100.0,ATTACK,OK,OK,OK,OK,OK,OK,OK,0,7,True,True,True,,0,GREEN,,,90.0,BUY,1,,0,0,0,0,,0.0,T=33<70,100.0,GREEN,,,0,False,0,ENTRY_READY_BUT_NOT_TOP_PICK,TOP_PICK=0,진입조건은 양호하나 공식 Top Pick 아님,50.0,ENTRY_CLEAN_OBSERVE,ENTRY_CLEAN_OBSERVE,FX_HIGH_REGIME,1,0,0,1,0,0,0,0,0,CLEAR,,,0,0,0,0,0.0,,,,,,,,,,REJECT_NO_VALIDATED_RULE,,,,,,False,False,True,True,False,True,True,True,0.0,0.0,0.0,0.0,20.0,0.0,0.0,0.0,20.0,0.5,True,True,False,4,False,0.0,0.0,G1유동성차단 · G2RR×0.5 · G5추세붕괴4축,,0,0,0,,0.0,0,,False,0.0,0.0,False,,False,True,,0
168,069540,빛과전자,KOSDAQ,IT/전기전자,3305,303.76,3591.0,0.0,,NEUTRAL,NEUTRAL,4,False,1,False,28.1,28.1,25.3,13.2,54.2,0.0,24.3,30.9,41.0,48.8,15.22,0.0,RR15.2 + 진입적정,0,3305.0,3005.0,7870.0,8100.0,,-1.14,0.56,4346,101.84,특이사항 없음,0,-27.32,37.2,-30.11,AI 강점,,저점 이탈,조건 미충족,CRITICAL,75.3,통신 및 방송 장비 제조업,30376478340.0,69.2,96.09,0,0,-0.6,-12.1,-40.98,-40.02,142.12,358.39,-27.46,151.72,,0.424,0.048,1,12.0,0,0,3.27,0.04,0,0,0,0,-1,5740.0,-23.96,0.4094,False,X,▲,3076,▼,O,X,8.27,248,0,1,1,1,9960.0,split,50.0,SWING+WARN:ATR%=25.7% > 20% — 이상치 의심+PM_BLOCK_INTRADAY+EF:갭 7%+ 분할 진입+ENTRY:split,9.08,6.0,15.2,normal,7.0,v1_sl_first_gap_at_open,SWING+WARN:ATR%=25.7% > 20% — 이상치 의심+PM_BLOCK_INTRADAY+EF:갭 7%+ 분할 진입+ENTRY:split,SWING_20D,80,SWING_60D,60,FIBO_1.272,40,0.0,통신 및 방송 장비 제조업,0.10229729729729745,3.253243243243243,5.0,0.2665874216555003,0.02077037370456852,0.34408602150537637,OK,54.2,OK,17.299112587212356,17.299112587212356,4,1,0.55,0.25,0.2,STRUCT+TIMING+AI+SECTOR,default,50,20260612,20260612,,28.1,28.1,28.1,46.38,-9.6,FRESH,0.351,,False,0.3,True,MATURE,9296.0,15.217,0.849,0.849,0.0,0.0,,v22_calibrated,,,,,,,,True,138.1,,ELITE_SCORE,MATURE,9296,2.4.0,OK,,100.0,ATTACK,OK,OK,OK,OK,OK,OK,OK,0,7,True,True,True,,0,GREEN,,,0.0,AVOID,0,POC 102↑,0,1,1,0,,0.0,T=13<70,100.0,BLOCK,,초급등 후 단기 급락 — 눌림 착시/테마 붕괴 위험,0,False,0,EXCLUDED_ABNORMAL_HISTORY,ABNORMAL_HISTORY_GUARD,초급등 후 단기 급락 — 눌림 착시/테마 붕괴 위험,15.0,IGNORE,EXCLUDED_ABNORMAL_HISTORY,FX_HIGH_REGIME,1,0,0,1,0,0,0,0,1,BLOCK,SPIKE_REVERSAL,초급등 후 단기 급락 — 눌림 착시/테마 붕괴 위험,0,0,0,1,0.0,,,,,,,,,,REJECT_NO_VALIDATED_RULE,,,,,,True,False,True,True,False,True,True,True,0.0,0.0,0.0,0.0,20.0,0.0,0.0,0.0,20.0,0.5,False,True,False,3,False,0.0,0.0,G2RR×0.5 · G5추세붕괴3축,,0,0,0,,0.0,0,,False,0.0,0.0,False,,False,True,,0
169,039200,오스코텍,KOSDAQ,바이오·의약품,39100,86.7,14958.9,0.0,,NEUTRAL,NEUTRAL,4,False,1,False,21.8,21.8,0.0,21.1,82.7,0.0,24.1,34.6,82.7,0.0,3.5,0.0,RR3.5 + 진입적정,0,39100.0,36100.0,49600.0,50800.0,,-0.09,0.67,48720,-22.95,특이사항 없음,1,-1.84,50.2,-5.94,AI 강점,,,조건 미충족,CRITICAL,75.3,의약품 제조업,8670412150.0,57.9,23.31,1,0,-3.69,-6.35,-6.68,-17.94,-34.06,-34.72,-5.38,-24.46,,1.0,0.193,0,12.0,1,0,1.07,0.15,0,0,0,0,-1,50525.0,-19.75,-0.0053,True,X,▼,39873,▼,X,X,1.35,250,0,-1,-1,1,59100.0,enter,100.0,SWING+PM_BLOCK_INTRADAY+EF:정상,7.67,5.0,3.5,normal,7.0,v1_sl_first_gap_at_open,SWING+PM_BLOCK_INTRADAY+EF:정상,SWING_20D,80,VP_RESISTANCE,65,SWING_60D,60,0.0,의약품 제조업,-3.8524999999999996,0.4400000000000002,10.0,0.10138838143953233,0.008861435506493504,0.10869565217391304,OK,82.7,OK,23.481556124155908,23.481556124155908,4,1,0.55,0.25,0.2,STRUCT+TIMING+AI+SECTOR,default,50,20260612,20260612,,21.8,21.8,21.8,46.38,-9.6,FRESH,0.351,,False,0.3,True,MATURE,9296.0,3.5,0.849,0.849,0.0,0.0,,v22_calibrated,,,,,,,,True,26.9,,ELITE_SCORE,MATURE,9296,2.4.0,OK,,100.0,ATTACK,OK,OK,OK,OK,OK,OK,OK,0,7,True,True,True,,0,GREEN,,,90.0,BUY,1,,0,0,0,0,,0.0,T=21<70,100.0,GREEN,,,0,False,0,ENTRY_READY_BUT_NOT_TOP_PICK,TOP_PICK=0,진입조건은 양호하나 공식 Top Pick 아님,50.0,ENTRY_CLEAN_OBSERVE,ENTRY_CLEAN_OBSERVE,FX_HIGH_REGIME,1,0,0,1,0,0,0,0,0,CLEAR,,,0,0,0,0,0.0,,,,,,,,,,REJECT_NO_VALIDATED_RULE,,,,,,True,False,True,True,False,True,True,True,0.0,0.0,0.0,0.0,20.0,0.0,0.0,0.0,20.0,0.5,False,True,False,5,False,0.0,0.0,G2RR×0.5 · G5추세붕괴5축,,0,0,0,,0.0,0,,False,0.0,0.0,False,,False,True,,0
170,452280,한선엔지니어링,KOSDAQ,기타,19720,121.23,3795.6,0.0,,NEUTRAL,NEUTRAL,4,False,1,False,26.6,26.6,14.9,5.8,84.8,0.0,22.7,35.2,79.0,1.2,21.7,0.0,RR21.7 + 진입적정,0,19720.0,18910.0,37300.0,44250.0,,-1.06,0.7,21334,20.24,특이사항 없음,0,-13.33,28.1,-26.06,AI 강점,,저점 이탈,조건 미충족,CRITICAL,75.3,기타 금속 가공제품 제조업,12122871195.0,47.6,71.47,0,0,-12.74,-20.8,-29.95,-15.36,19.88,117.66,-2.8,29.48,,0.335,0.096,1,12.0,0,0,1.85,0.01,0,0,0,0,-1,34365.0,-7.57,0.1606,True,O,▲,20051,▼,X,X,9.29,250,0,1,1,1,53100.0,split,50.0,SWING+WARN:ATR%=23.4% > 20% — 이상치 의심+PM_BLOCK_INTRADAY+EF:갭 7%+ 분할 진입+ENTRY:split,4.11,6.0,21.7,normal,7.0,v1_sl_first_gap_at_open,SWING+WARN:ATR%=23.4% > 20% — 이상치 의심+PM_BLOCK_INTRADAY+EF:갭 7%+ 분할 진입+ENTRY:split,SWING_20D,80,FIBO_1.272,40,FIBO_1.618,25,0.0,기타 금속 가공제품 제조업,2.1077380952380955,-2.2075,9.0,0.2214937699217618,0.0011869620286340111,0.0,OK,84.8,OK,14.197576121845064,14.197576121845064,4,1,0.55,0.25,0.2,STRUCT+TIMING+AI+SECTOR,default,50,20260612,20260612,,26.6,26.6,26.6,46.38,-9.6,FRESH,0.351,,False,0.3,True,MATURE,9296.0,21.704,0.849,0.849,0.0,0.0,,v22_calibrated,,,,,,,,True,89.1,,ELITE_SCORE,MATURE,9296,2.4.0,OK,,100.0,ATTACK,OK,OK,OK,OK,OK,OK,OK,0,7,True,True,True,,0,GREEN,,,70.0,BUY,1,전일 -12.7%,0,0,0,0,,0.0,T=6<70,100.0,GREEN,,,0,False,0,ENTRY_READY_BUT_NOT_TOP_PICK,TOP_PICK=0,진입조건은 양호하나 공식 Top Pick 아님,50.0,ENTRY_CLEAN_OBSERVE,ENTRY_CLEAN_OBSERVE,FX_HIGH_REGIME,1,0,0,1,0,0,0,0,0,CLEAR,,,0,0,0,0,0.0,,,,,,,,,,REJECT_NO_VALIDATED_RULE,,,,,,True,False,True,True,False,True,True,True,0.0,0.0,0.0,0.0,20.0,0.0,0.0,0.0,20.0,0.5,False,True,False,3,False,0.0,0.0,G2RR×0.5 · G5추세붕괴3축,,0,0,0,,0.0,0,,False,0.0,0.0,False,,False,True,,0
171,087010,펩트론,KOSDAQ,기타,230000,486.87,53629.9,0.0,,NEUTRAL,NEUTRAL,4,False,1,False,20.9,20.9,0.0,16.4,84.1,0.0,22.7,33.5,84.1,0.0,9.27,0.0,RR9.3 + 진입적정,0,230000.0,219000.0,332000.0,359000.0,,-0.8,1.0,280598,-14.3,특이사항 없음,0,-2.8,47.8,-11.08,AI 강점,,,조건 미충족,CRITICAL,75.3,기초 의약물질 제조업,48686809250.0,43.6,37.71,0,0,-3.16,-9.27,-28.12,-13.7,-27.33,-15.6,-1.14,-17.73,,1.0,0.337,0,12.0,1,0,1.17,0.04,0,0,0,0,-1,319150.0,-18.03,-0.1946,True,X,▼,242943,▼,X,X,2.74,250,0,-1,-1,1,,enter,100.0,SWING+PM_BLOCK_INTRADAY+EF:정상,4.78,4.0,9.3,normal,7.0,v1_sl_first_gap_at_open,SWING+PM_BLOCK_INTRADAY+EF:정상,SWING_20D,80,SWING_60D,60,,0,0.0,기초 의약물질 제조업,2.1077380952380955,-2.2075,9.0,0.12003105590062113,-0.03154679164739727,0.40425531914893614,OK,84.1,OK,32.80292345172458,32.80292345172458,4,1,0.55,0.25,0.2,STRUCT+TIMING+AI+SECTOR,default,50,20260612,20260612,,20.9,20.9,20.9,46.38,-9.6,FRESH,0.351,,False,0.3,True,MATURE,9296.0,9.273,0.849,0.849,0.0,0.0,,v22_calibrated,,,,,,,,True,44.3,,ELITE_SCORE,MATURE,9296,2.4.0,OK,,100.0,ATTACK,OK,OK,OK,OK,OK,OK,OK,0,7,True,True,True,,0,GREEN,,,90.0,BUY,1,,0,0,0,0,,0.0,T=16<70,100.0,GREEN,,,0,False,0,ENTRY_READY_BUT_NOT_TOP_PICK,TOP_PICK=0,진입조건은 양호하나 공식 Top Pick 아님,50.0,ENTRY_CLEAN_OBSERVE,ENTRY_CLEAN_OBSERVE,FX_HIGH_REGIME,1,0,0,1,0,0,0,0,0,CLEAR,,,0,0,0,0,0.0,,,,,,,,,,REJECT_NO_VALIDATED_RULE,,,,,,True,False,True,True,False,True,True,True,0.0,0.0,0.0,0.0,20.0,0.0,0.0,0.0,20.0,0.5,False,True,False,5,False,0.0,0.0,G2RR×0.5 · G5추세붕괴5축,,0,0,0,,0.0,0,,False,0.0,0.0,False,,False,True,,0
172,328130,루닛,KOSDAQ,IT/전기전자,14760,243.71,10978.9,0.0,,NEUTRAL,NEUTRAL,4,False,1,False,15.8,15.8,0.0,39.9,29.1,0.0,22.7,23.0,39.9,50.1,2.11,0.0,RR2.1 + 진입적정,0,14760.0,12540.0,19450.0,24550.0,,-0.58,2.52,17649,-18.92,특이사항 없음,0,-17.09,40.5,-10.38,,,저점 이탈,조건 미충족,CRITICAL,75.3,소프트웨어 개발 및 공급업,24370537665.0,35.1,33.5,0,0,-8.44,0.41,-11.4,-17.54,-17.24,-16.14,-4.98,-7.64,,1.0,0.137,0,12.0,1,0,0.9,0.23,0,0,0,0,-1,19169.0,-16.37,0.4921,False,X,▼,14503,▼,O,X,0.5,250,0,-1,-1,1,,enter,100.0,NORMAL+PM_BLOCK_INTRADAY+EF:정상,15.04,5.0,2.1,normal,7.0,v1_sl_first_gap_at_open,NORMAL+PM_BLOCK_INTRADAY+EF:정상,SWING_20D,80,SWING_60D,60,,0,0.0,소프트웨어 개발 및 공급업,0.10229729729729745,3.253243243243243,5.0,0.11275648470770422,-0.1123840387573837,0.10326086956521739,OK,29.1,OK,45.80116544134425,45.80116544134425,2,0,0.55,0.25,0.2,STRUCT+TIMING+AI+SECTOR,default,50,20260612,20260612,,15.8,15.8,15.8,46.38,-9.6,FRESH,0.351,,False,0.3,True,MATURE,9296.0,2.113,0.849,0.849,0.0,0.0,,v22_calibrated,,,,,,,,True,31.8,,ELITE_SCORE,MATURE,9296,2.4.0,OK,,100.0,ATTACK,OK,OK,OK,OK,OK,OK,OK,0,7,True,True,True,,0,GREEN,,,70.0,BUY,1,전일 -8.4%,0,0,0,0,,0.0,T=40<70,100.0,GREEN,,,0,False,0,ENTRY_READY_BUT_NOT_TOP_PICK,TOP_PICK=0,진입조건은 양호하나 공식 Top Pick 아님,45.0,ENTRY_CLEAN_OBSERVE,ENTRY_CLEAN_OBSERVE,FX_HIGH_REGIME,1,0,0,1,0,0,0,0,0,CLEAR,,,0,0,0,0,0.0,,,,,,,,,,REJECT_NO_VALIDATED_RULE,,,,,,True,False,True,True,False,True,True,True,0.0,0.0,0.0,0.0,20.0,0.0,0.0,0.0,20.0,0.5,False,True,False,4,False,0.0,0.0,G2RR×0.5 · G5추세붕괴4축,,0,0,0,,0.0,0,,False,0.0,0.0,False,,False,True,,0
173,213420,덕산네오룩스,KOSDAQ,반도체,36650,95.55,9100.6,0.0,,NEUTRAL,NEUTRAL,4,False,1,False,17.0,17.0,4.4,37.1,26.3,0.0,22.6,22.6,32.7,59.1,3.01,0.0,RR3.0 + 진입적정,0,36650.0,31150.0,53200.0,57300.0,,0.38,1.03,46887,-2.5,특이사항 없음,0,-18.3,33.3,-9.03,,,저점 이탈,조건 미충족,CRITICAL,75.3,전자부품 제조업,9555466500.0,38.5,55.38,0,0,-1.08,5.62,-8.49,-26.99,-23.0,-7.8,-14.43,-13.4,,0.85,0.222,0,12.0,0,0,1.0,0.25,0,0,0,0,-1,41470.0,-21.83,0.7605,False,X,▲,32148,▲,O,X,2.56,250,0,1,1,1,,enter,100.0,NORMAL+PM_BLOCK_INTRADAY+EF:정상,15.01,5.0,3.0,normal,7.0,v1_sl_first_gap_at_open,NORMAL+PM_BLOCK_INTRADAY+EF:정상,SWING_20D,80,SWING_60D,60,,0,0.0,전자부품 제조업,7.3096000000000005,9.6216,1.0,0.08419411420775677,-0.2787682258409751,0.09523809523809523,OK,26.3,OK,44.21820893727839,44.21820893727839,2,0,0.55,0.25,0.2,STRUCT+TIMING+AI+SECTOR,default,50,20260612,20260612,,17.0,17.0,17.0,46.38,-9.6,FRESH,0.351,,False,0.3,True,MATURE,9296.0,3.009,0.849,0.849,0.0,0.0,,v22_calibrated,,,,,,,,True,45.2,,ELITE_SCORE,MATURE,9296,2.4.0,OK,,100.0,ATTACK,OK,OK,OK,OK,OK,OK,OK,0,7,True,True,True,,0,GREEN,,,90.0,BUY,1,,0,0,0,0,,0.0,T=37<70,100.0,GREEN,,,0,False,0,ENTRY_READY_BUT_NOT_TOP_PICK,TOP_PICK=0,진입조건은 양호하나 공식 Top Pick 아님,45.0,ENTRY_CLEAN_OBSERVE,ENTRY_CLEAN_OBSERVE,FX_HIGH_REGIME,1,0,0,1,0,0,0,0,0,CLEAR,,,0,0,0,0,0.0,,,,,,,,,,REJECT_NO_VALIDATED_RULE,,,,,,True,False,True,True,False,True,True,True,0.0,0.0,0.0,0.0,20.0,0.0,0.0,0.0,20.0,0.5,False,True,False,3,False,0.0,0.0,G2RR×0.5 · G5추세붕괴3축,,0,0,0,,0.0,0,,False,0.0,0.0,False,,False,True,,0
174,377300,카카오페이,KOSPI,서비스 기타,44650,163.8,60391.9,0.0,,NEUTRAL,NEUTRAL,4,False,1,False,17.2,17.2,0.0,30.6,47.8,0.0,22.6,26.1,47.8,40.2,1.98,0.0,RR2.0 + 진입적정,0,44650.0,38000.0,57800.0,63500.0,,1.61,1.03,54148,-29.6,특이사항 없음,0,-6.23,42.5,-4.91,,,저점 이탈,조건 미충족,CRITICAL,75.3,금융 지원 서비스업,16380400500.0,57.7,29.25,0,0,-0.33,-1.33,-1.0,-12.62,-22.35,-5.3,-16.18,-68.73,,0.986,0.142,0,12.0,0,0,1.13,0.23,0,0,0,0,-1,50765.0,-17.54,0.2151,False,X,▼,43275,▼,O,X,1.9,248,0,-1,-1,1,79200.0,enter,100.0,NORMAL+PM_BLOCK_INTRADAY+EF:정상,14.89,4.0,2.0,normal,7.0,v1_sl_first_gap_at_open,NORMAL+PM_BLOCK_INTRADAY+EF:정상,SWING_20D,80,VP_RESISTANCE,65,SWING_120D,45,0.0,금융 지원 서비스업,1.6329629629629632,-10.275925925925925,12.0,0.06326987681970885,-0.005352399141066181,0.3783783783783784,OK,47.8,OK,41.01237597458692,41.01237597458692,4,1,0.55,0.25,0.2,STRUCT+TIMING+AI+SECTOR,default,50,20260612,20260612,,17.2,17.2,17.2,46.38,-9.6,FRESH,0.351,,False,0.3,True,MATURE,9296.0,1.977,0.849,0.849,0.0,0.0,,v22_calibrated,,,,,,,,True,29.5,,ELITE_SCORE,MATURE,9296,2.4.0,OK,,100.0,ATTACK,OK,OK,OK,OK,OK,OK,OK,0,7,True,True,True,,0,GREEN,,,90.0,BUY,1,,0,0,0,0,,0.0,T=31<70,100.0,GREEN,,,0,False,0,ENTRY_READY_BUT_NOT_TOP_PICK,TOP_PICK=0,진입조건은 양호하나 공식 Top Pick 아님,50.0,ENTRY_CLEAN_OBSERVE,ENTRY_CLEAN_OBSERVE,FX_HIGH_REGIME,1,0,0,1,0,0,0,0,0,CLEAR,,,0,0,0,0,0.0,,,,,,,,,,REJECT_NO_VALIDATED_RULE,,,,,,True,False,True,True,False,True,True,True,0.0,0.0,0.0,0.0,20.0,0.0,0.0,0.0,20.0,0.5,False,True,False,4,False,0.0,0.0,G2RR×0.5 · G5추세붕괴4축,,0,0,0,,0.0,0,,False,0.0,0.0,False,,False,True,,0
175,069260,TKG휴켐스,KOSPI,화학·소재,15690,50.8,6413.9,0.0,,NEUTRAL,NEUTRAL,4,False,1,False,15.4,15.4,0.0,38.2,29.3,0.0,22.2,22.5,38.2,52.2,3.46,0.0,RR3.5 + 진입적정,0,15690.0,14270.0,20600.0,21550.0,,-0.09,1.1,17714,-15.0,특이사항 없음,0,-11.06,31.7,-6.62,,,저점 이탈,조건 미충족,CRITICAL,75.3,기타 화학제품 제조업,5079829610.0,37.9,27.58,0,0,-2.3,-1.63,-6.33,-7.6,-17.81,-19.33,-11.16,-64.19,,0.956,0.101,0,7.8,0,0,0.97,0.16,0,0,0,0,-1,16760.0,-11.43,0.1666,False,X,▼,15221,▼,O,X,1.06,250,0,-1,-1,1,,enter,100.0,SWING+PM_BLOCK_INTRADAY+EF:정상,9.05,5.0,3.5,normal,7.0,v1_sl_first_gap_at_open,SWING+PM_BLOCK_INTRADAY+EF:정상,SWING_20D,80,SWING_120D,45,,0,0.0,기타 화학제품 제조업,6.03945945945946,-4.1432432432432424,8.0,0.038923791313848675,-2.0,0.2602739726027397,OK,29.3,OK,47.86159208341289,47.86159208341289,2,0,0.55,0.25,0.2,STRUCT+TIMING+AI+SECTOR,default,50,20260612,20260612,,15.4,15.4,15.4,46.38,-9.6,FRESH,0.351,,False,0.3,True,MATURE,9296.0,3.458,0.849,0.849,0.0,0.0,,v22_calibrated,,,,,,,,True,31.3,,ELITE_SCORE,MATURE,9296,2.4.0,OK,,100.0,ATTACK,OK,OK,OK,OK,OK,OK,OK,0,7,True,True,True,,0,GREEN,,,90.0,BUY,1,,0,0,0,0,,0.0,T=38<70,100.0,GREEN,,,0,False,0,ENTRY_READY_BUT_NOT_TOP_PICK,TOP_PICK=0,진입조건은 양호하나 공식 Top Pick 아님,45.0,ENTRY_CLEAN_OBSERVE,ENTRY_CLEAN_OBSERVE,FX_HIGH_REGIME,1,0,0,1,0,0,0,0,0,CLEAR,,,0,0,0,0,0.0,,,,,,,,,,REJECT_NO_VALIDATED_RULE,,,,,,True,False,True,True,False,True,True,True,0.0,0.0,0.0,0.0,20.0,0.0,0.0,0.0,20.0,0.5,False,True,False,4,False,0.0,0.0,G2RR×0.5 · G5추세붕괴4축,,0,0,0,,0.0,0,,False,0.0,0.0,False,,False,True,,0
176,136480,하림,KOSDAQ,기타,2850,68.67,3027.0,0.0,,NEUTRAL,NEUTRAL,4,False,1,False,19.5,19.5,0.0,18.9,74.1,0.0,22.0,31.0,74.1,7.4,1.71,0.0,RR1.7 + 진입적정,0,2850.0,2660.0,3175.0,3280.0,,-0.23,2.13,3138,-13.1,특이사항 없음,0,-4.02,35.7,-2.56,AI 강점,,,조건 미충족,CRITICAL,75.3,"도축, 육류 가공 및 저장 처리업",6867245038.0,51.7,15.41,0,0,-0.87,0.71,-2.56,-5.94,-7.92,-8.36,6.62,1.68,,0.973,0.304,0,7.3,0,0,1.17,0.24,0,0,0,0,-1,3011.5,-9.2,0.1774,True,X,▼,2767,▲,O,X,2.43,250,0,-1,-1,1,3565.0,enter,100.0,SWING+PM_BLOCK_INTRADAY+EF:정상,6.67,6.0,1.7,normal,7.0,v1_sl_first_gap_at_open,SWING+PM_BLOCK_INTRADAY+EF:정상,SWING_20D,80,VP_RESISTANCE,65,SWING_60D,60,0.0,"도축, 육류 가공 및 저장 처리업",2.1077380952380955,-2.2075,9.0,0.036591478696741855,0.00014531816737952104,0.21428571428571427,OK,74.1,OK,35.0,35.0,4,1,0.55,0.25,0.2,STRUCT+TIMING+AI+SECTOR,default,50,20260612,20260612,,19.5,19.5,19.5,46.38,-9.6,FRESH,0.351,,False,0.3,True,MATURE,9296.0,1.711,0.849,0.849,0.0,0.0,,v22_calibrated,,,,,,,,True,11.4,,ELITE_SCORE,MATURE,9296,2.4.0,OK,,100.0,ATTACK,OK,OK,OK,OK,OK,OK,OK,0,7,True,True,True,,0,GREEN,,,90.0,BUY,1,,0,0,0,0,,0.0,T=19<70,100.0,GREEN,,,0,False,0,ENTRY_READY_BUT_NOT_TOP_PICK,TOP_PICK=0,진입조건은 양호하나 공식 Top Pick 아님,50.0,ENTRY_CLEAN_OBSERVE,ENTRY_CLEAN_OBSERVE,FX_HIGH_REGIME,1,0,0,1,0,0,0,0,0,CLEAR,,,0,0,0,0,0.0,,,,,,,,,,REJECT_NO_VALIDATED_RULE,,,,,,True,False,True,True,False,True,True,True,0.0,0.0,0.0,0.0,20.0,0.0,0.0,0.0,20.0,0.5,False,True,False,3,False,0.0,0.0,G2RR×0.5 · G5추세붕괴3축,,0,0,0,,0.0,0,,False,0.0,0.0,False,,False,True,,0
177,028300,HLB,KOSDAQ,바이오·의약품,46100,337.21,61404.4,0.0,,NEUTRAL,NEUTRAL,4,False,1,False,18.4,18.4,0.0,20.1,66.9,0.0,21.5,29.0,66.9,16.4,1.48,0.0,RR1.5 + 진입적정,0,46100.0,39150.0,56400.0,68500.0,,-1.29,0.85,54718,-8.5,특이사항 없음,2,-9.89,48.5,-8.22,AI 강점,,저점 이탈,조건 미충족,CRITICAL,75.3,의료용품 및 기타 의약 관련제품 제조업,33720579250.0,35.2,18.96,1,0,-2.74,-8.89,-8.71,-13.83,-5.44,-4.55,-1.27,4.16,,1.0,0.389,0,12.0,1,0,1.21,0.29,0,0,0,0,-1,57145.0,-15.75,-0.1508,False,X,▼,48974,▼,X,X,2.0,250,0,-1,-1,1,,enter,100.0,NORMAL+PM_BLOCK_INTRADAY+EF:정상,15.08,4.0,1.5,normal,7.0,v1_sl_first_gap_at_open,NORMAL+PM_BLOCK_INTRADAY+EF:정상,SWING_20D,80,SWING_60D,60,,0,0.0,의료용품 및 기타 의약 관련제품 제조업,-3.8524999999999996,0.4400000000000002,10.0,0.0848311124883793,-0.12200173412232398,0.12962962962962962,OK,66.9,OK,27.126816498819405,27.126816498819405,6,1,0.55,0.25,0.2,STRUCT+TIMING+AI+SECTOR,default,50,20260612,20260612,,18.4,18.4,18.4,46.38,-9.6,FRESH,0.351,,False,0.3,True,MATURE,9296.0,1.482,0.849,0.849,0.0,0.0,,v22_calibrated,,,,,,,,True,22.3,,ELITE_SCORE,MATURE,9296,2.4.0,OK,,100.0,ATTACK,OK,OK,OK,OK,OK,OK,OK,0,7,True,True,True,,0,GREEN,,,90.0,BUY,1,,0,0,0,0,,0.0,T=20<70,100.0,GREEN,,,0,False,0,ENTRY_READY_BUT_NOT_TOP_PICK,TOP_PICK=0,진입조건은 양호하나 공식 Top Pick 아님,50.0,ENTRY_CLEAN_OBSERVE,ENTRY_CLEAN_OBSERVE,FX_HIGH_REGIME,1,0,0,1,0,0,0,0,0,CLEAR,,,0,0,0,0,0.0,,,,,,,,,,REJECT_NO_VALIDATED_RULE,,,,,,True,False,True,True,False,True,True,True,0.0,0.0,0.0,0.0,20.0,0.0,0.0,0.0,20.0,0.5,False,True,False,5,False,0.0,0.0,G2RR×0.5 · G5추세붕괴5축,,0,0,0,,0.0,0,,False,0.0,0.0,False,,False,True,,0
178,047810,한국항공우주,KOSPI,기타,140900,1068.39,137342.4,0.0,,NEUTRAL,NEUTRAL,4,False,1,False,15.2,15.2,4.6,34.4,20.2,0.0,20.3,19.7,29.8,62.8,1.67,0.0,RR1.7 + 진입적정,0,140900.0,120300.0,175200.0,184100.0,,0.87,1.1,172577,-14.85,특이사항 없음,0,-20.46,33.9,-8.6,,,저점 이탈,조건 미충족,CRITICAL,75.3,"항공기,우주선 및 부품 제조업",106839496750.0,50.8,38.82,0,0,-0.7,1.37,-16.08,-13.82,-26.31,28.56,-17.38,-72.69,,0.832,0.133,0,12.0,0,0,0.91,0.36,0,0,0,0,-1,156000.0,-18.36,0.3987,False,X,▼,130308,▼,O,X,1.55,250,0,-1,1,1,206500.0,enter,100.0,NORMAL+PM_BLOCK_INTRADAY+EF:정상,14.62,4.0,1.7,normal,7.0,v1_sl_first_gap_at_open,NORMAL+PM_BLOCK_INTRADAY+EF:정상,SWING_20D,80,BB_UPPER,75,SWING_60D,60,0.0,"항공기,우주선 및 부품 제조업",2.1077380952380955,-2.2075,9.0,0.06970495792355266,-0.005725990266698412,0.33766233766233766,OK,20.2,OK,44.42388499987733,44.42388499987733,2,0,0.55,0.25,0.2,STRUCT+TIMING+AI+SECTOR,default,50,20260612,20260612,,15.2,15.2,15.2,46.38,-9.6,FRESH,0.351,,False,0.3,True,MATURE,9296.0,1.665,0.849,0.849,0.0,0.0,,v22_calibrated,,,,,,,,True,24.3,,ELITE_SCORE,MATURE,9296,2.4.0,OK,,100.0,ATTACK,OK,OK,OK,OK,OK,OK,OK,0,7,True,True,True,,0,GREEN,,,90.0,BUY,1,,0,0,0,0,,0.0,T=34<70,100.0,GREEN,,,0,False,0,ENTRY_READY_BUT_NOT_TOP_PICK,TOP_PICK=0,진입조건은 양호하나 공식 Top Pick 아님,45.0,ENTRY_CLEAN_OBSERVE,ENTRY_CLEAN_OBSERVE,FX_HIGH_REGIME,1,0,0,1,0,0,0,0,0,CLEAR,,,0,0,0,0,0.0,,,,,,,,,,REJECT_NO_VALIDATED_RULE,,,,,,True,False,True,True,False,True,True,True,0.0,0.0,0.0,0.0,20.0,0.0,0.0,0.0,20.0,0.5,False,True,False,4,False,0.0,0.0,G2RR×0.5 · G5추세붕괴4축,,0,0,0,,0.0,0,,False,0.0,0.0,False,,False,True,,0
179,033790,피노,KOSDAQ,IT/전기전자,9210,153.22,7582.8,0.0,,NEUTRAL,NEUTRAL,4,False,1,False,16.6,16.6,1.8,17.3,56.5,0.0,19.4,25.2,54.7,31.6,8.0,0.0,RR8.0 + 진입적정,0,9210.0,8270.0,16730.0,19150.0,,-0.67,0.69,10589,-6.72,특이사항 없음,0,-17.98,34.5,-19.15,AI 강점,,저점 이탈,조건 미충족,CRITICAL,75.3,통신 및 방송 장비 제조업,15321798965.0,40.0,68.09,0,0,-3.76,-13.44,-15.43,-39.96,87.2,49.76,-27.4,96.8,,0.563,0.174,0,12.0,0,0,0.95,0.08,0,0,0,0,-1,12419.0,-13.03,0.4957,False,X,▲,8988,▼,O,X,3.45,250,0,1,1,1,23150.0,enter,100.0,SWING+PM_BLOCK_INTRADAY+EF:정상,10.21,5.0,8.0,normal,7.0,v1_sl_first_gap_at_open,SWING+PM_BLOCK_INTRADAY+EF:정상,SWING_20D,80,SWING_60D,60,FIBO_1.272,40,0.0,통신 및 방송 장비 제조업,0.10229729729729745,3.253243243243243,5.0,0.12292539165503334,-0.02498716867592229,0.2972972972972973,OK,56.5,OK,25.49426577936695,25.49426577936695,2,0,0.55,0.25,0.2,STRUCT+TIMING+AI+SECTOR,default,50,20260612,20260612,,16.6,16.6,16.6,46.38,-9.6,FRESH,0.351,,False,0.3,True,MATURE,9296.0,8.0,0.849,0.849,0.0,0.0,,v22_calibrated,,,,,,,,True,81.7,,ELITE_SCORE,MATURE,9296,2.4.0,OK,,100.0,ATTACK,OK,OK,OK,OK,OK,OK,OK,0,7,True,True,True,,0,GREEN,,,90.0,BUY,1,,0,0,0,0,,0.0,T=17<70,100.0,GREEN,,,0,False,0,ENTRY_READY_BUT_NOT_TOP_PICK,TOP_PICK=0,진입조건은 양호하나 공식 Top Pick 아님,45.0,ENTRY_CLEAN_OBSERVE,ENTRY_CLEAN_OBSERVE,FX_HIGH_REGIME,1,0,0,1,0,0,0,0,0,CLEAR,,,0,0,0,0,0.0,,,,,,,,,,REJECT_NO_VALIDATED_RULE,,,,,,True,False,True,True,False,True,True,True,0.0,0.0,0.0,0.0,20.0,0.0,0.0,0.0,20.0,0.5,False,True,False,4,False,0.0,0.0,G2RR×0.5 · G5추세붕괴4축,,0,0,0,,0.0,0,,False,0.0,0.0,False,,False,True,,0
180,267250,HD현대,KOSPI,금융,244000,476.8,192743.1,0.0,,NEUTRAL,NEUTRAL,4,False,1,False,15.0,15.0,0.0,23.2,46.1,0.0,19.4,23.1,46.1,42.4,3.21,0.0,RR3.2 + 진입적정,0,244000.0,224500.0,306500.0,333000.0,,-0.76,0.94,271084,-16.07,특이사항 없음,1,-7.95,30.2,-8.94,,,저점 이탈,조건 미충족,CRITICAL,75.3,기타 금융업,47679617500.0,45.3,23.42,0,0,-0.61,-10.13,-11.43,-18.26,-7.22,20.2,-21.82,-53.6,,0.701,0.376,0,12.0,0,0,0.94,0.17,0,0,0,0,-1,298550.0,-9.99,-0.1445,False,X,▼,248045,▼,X,X,2.85,250,0,-1,1,1,,enter,100.0,SWING+PM_BLOCK_INTRADAY+EF:정상,7.99,4.0,3.2,normal,7.0,v1_sl_first_gap_at_open,SWING+PM_BLOCK_INTRADAY+EF:정상,SWING_20D,80,SWING_60D,60,,0,0.0,기타 금융업,1.90825,-1.16975,7.0,0.07333138173302108,-0.004750104447739749,0.20833333333333334,OK,46.1,OK,38.89195236662046,38.89195236662046,0,0,0.55,0.25,0.2,STRUCT+TIMING+AI+SECTOR,default,50,20260612,20260612,,15.0,15.0,15.0,46.38,-9.6,FRESH,0.351,,False,0.3,True,MATURE,9296.0,3.205,0.849,0.849,0.0,0.0,,v22_calibrated,,,,,,,,True,25.6,,ELITE_SCORE,MATURE,9296,2.4.0,OK,,100.0,ATTACK,OK,OK,OK,OK,OK,OK,OK,0,7,True,True,True,,0,GREEN,,,90.0,BUY,1,,0,0,0,0,,0.0,T=23<70,100.0,GREEN,,,0,False,0,ENTRY_READY_BUT_NOT_TOP_PICK,TOP_PICK=0,진입조건은 양호하나 공식 Top Pick 아님,45.0,ENTRY_CLEAN_OBSERVE,ENTRY_CLEAN_OBSERVE,FX_HIGH_REGIME,1,0,0,1,0,0,0,0,0,CLEAR,,,0,0,0,0,0.0,,,,,,,,,,REJECT_NO_VALIDATED_RULE,,,,,,True,False,True,True,False,True,True,True,0.0,0.0,0.0,0.0,20.0,0.0,0.0,0.0,20.0,0.5,False,True,False,5,False,0.0,0.0,G2RR×0.5 · G5추세붕괴5축,,0,0,0,,0.0,0,,False,0.0,0.0,False,,False,True,,0
181,456160,지투지바이오,KOSDAQ,바이오·의약품,45350,87.24,7541.4,0.0,,NEUTRAL,NEUTRAL,4,False,1,False,17.7,17.7,4.8,13.5,58.6,0.0,19.2,25.6,53.8,32.8,7.84,0.0,RR7.8 + 진입적정,0,45350.0,41900.0,72400.0,104200.0,,0.09,0.78,76081,-43.75,특이사항 없음,0,-22.3,32.8,-20.16,AI 강점,,저점 이탈,조건 미충족,CRITICAL,75.3,의약품 제조업,8723893550.0,50.8,54.01,0,0,-1.84,-14.43,-27.79,-33.89,-54.74,-41.18,-21.33,-45.14,,1.0,0.012,0,12.0,1,0,1.68,0.07,0,0,0,0,-1,60865.0,-40.39,0.206,True,X,▼,45201,▼,O,X,2.81,200,0,-1,0,0,124000.0,enter,100.0,SWING+PM_BLOCK_INTRADAY+EF:정상,7.61,5.0,7.8,normal,7.0,v1_sl_first_gap_at_open,SWING+PM_BLOCK_INTRADAY+EF:정상,SWING_20D,80,SWING_60D,60,SWING_120D,45,0.0,의약품 제조업,-3.8524999999999996,0.4400000000000002,10.0,0.12757914632225548,-0.013883842509934078,0.1038961038961039,OK,58.6,OK,25.663309854124922,25.663309854124922,4,1,0.55,0.25,0.2,STRUCT+TIMING+AI+SECTOR,default,50,20260612,20260612,,17.7,17.7,17.7,46.38,-9.6,FRESH,0.351,,False,0.3,True,MATURE,9296.0,7.841,0.849,0.849,0.0,0.0,,v22_calibrated,,,,,,,,True,59.6,,ELITE_SCORE,MATURE,9296,2.4.0,OK,,100.0,ATTACK,OK,OK,OK,OK,OK,OK,OK,0,7,True,True,True,,0,GREEN,,,80.0,BUY,1,,0,0,0,0,,0.0,T=14<70,100.0,GREEN,,,0,False,0,ENTRY_READY_BUT_NOT_TOP_PICK,TOP_PICK=0,진입조건은 양호하나 공식 Top Pick 아님,50.0,ENTRY_CLEAN_OBSERVE,ENTRY_CLEAN_OBSERVE,FX_HIGH_REGIME,1,0,0,1,0,0,0,0,0,CLEAR,,,0,0,0,0,0.0,,,,,,,,,,REJECT_NO_VALIDATED_RULE,,,,,,True,False,True,True,False,True,True,True,0.0,0.0,0.0,0.0,20.0,0.0,0.0,0.0,20.0,0.5,False,True,False,4,False,0.0,0.0,G2RR×0.5 · G5추세붕괴4축,,0,0,0,,0.0,0,,False,0.0,0.0,False,,False,True,,0
182,459510,나우로보틱스,KOSDAQ,조선·기계·설비,18710,55.88,2428.3,0.0,,NEUTRAL,NEUTRAL,4,False,1,False,13.4,13.4,0.0,26.9,33.5,0.0,18.8,20.1,33.5,58.1,6.19,0.0,RR6.2 + 진입적정,0,18710.0,16700.0,31150.0,37000.0,,-1.3,1.83,27179,-35.32,특이사항 없음,0,-20.83,13.6,-18.89,,,저점 이탈,조건 미충족,CRITICAL,75.3,특수 목적용 기계 제조업,5587804585.0,46.8,62.16,0,0,-0.27,-6.92,-17.76,-32.82,-17.58,-16.47,-20.26,-7.98,,0.994,0.032,0,12.0,0,0,0.73,0.11,0,0,0,0,-1,23854.0,-31.16,0.436,False,X,▼,17645,▼,O,X,5.81,250,0,-1,-1,1,38250.0,enter,100.0,SWING+PM_BLOCK_INTRADAY+EF:정상,10.74,6.0,6.2,normal,7.0,v1_sl_first_gap_at_open,SWING+PM_BLOCK_INTRADAY+EF:정상,SWING_20D,80,SWING_60D,60,SWING_120D,45,0.0,특수 목적용 기계 제조업,9.421739130434784,5.0392753623188415,2.0,0.09402916698480568,-0.003622693692623799,0.07586206896551724,OK,33.5,OK,39.5,39.5,2,0,0.55,0.25,0.2,STRUCT+TIMING+AI+SECTOR,default,50,20260612,20260612,,13.4,13.4,13.4,46.38,-9.6,FRESH,0.351,,False,0.3,True,MATURE,9296.0,6.189,0.849,0.849,0.0,0.0,,v22_calibrated,,,,,,,,True,66.5,,ELITE_SCORE,MATURE,9296,2.4.0,OK,,100.0,ATTACK,OK,OK,OK,OK,OK,OK,OK,0,7,True,True,True,,0,GREEN,,,90.0,BUY,1,,0,0,0,0,,0.0,T=27<70,100.0,GREEN,,,0,False,0,ENTRY_READY_BUT_NOT_TOP_PICK,TOP_PICK=0,진입조건은 양호하나 공식 Top Pick 아님,45.0,ENTRY_CLEAN_OBSERVE,ENTRY_CLEAN_OBSERVE,FX_HIGH_REGIME,1,0,0,1,0,0,0,0,0,CLEAR,,,0,0,0,0,0.0,,,,,,,,,,REJECT_NO_VALIDATED_RULE,,,,,,True,False,True,True,False,True,True,True,0.0,0.0,0.0,0.0,20.0,0.0,0.0,0.0,20.0,0.5,False,True,False,4,False,0.0,0.0,G2RR×0.5 · G5추세붕괴4축,,0,0,0,,0.0,0,,False,0.0,0.0,False,,False,True,,0
183,048410,현대바이오,KOSDAQ,화학·소재,8910,170.8,8598.6,0.0,,NEUTRAL,NEUTRAL,4,False,1,False,22.1,22.1,20.5,6.5,45.9,0.0,18.5,24.3,39.4,50.8,5.81,0.0,RR5.8 + 진입적정,0,8910.0,7570.0,16690.0,21500.0,,-0.92,0.54,13331,-21.17,특이사항 없음,0,-20.0,38.4,-19.23,,,저점 이탈,조건 미충족,CRITICAL,75.3,기타 화학제품 제조업,17080497680.0,69.3,61.69,0,0,-1.87,-12.3,-32.24,-26.91,-43.43,64.39,-14.35,-33.83,,0.887,0.092,0,12.0,1,0,1.54,0.1,0,0,0,0,-1,12221.0,-33.17,-0.0219,False,X,▲,8633,▼,O,X,2.97,250,0,1,1,1,,enter,100.0,NORMAL+PM_BLOCK_INTRADAY+EF:정상,15.04,5.0,5.8,normal,7.0,v1_sl_first_gap_at_open,NORMAL+PM_BLOCK_INTRADAY+EF:정상,SWING_20D,80,SWING_120D,45,,0,0.0,기타 화학제품 제조업,6.03945945945946,-4.1432432432432424,8.0,0.1691518358185025,0.013951769979513912,0.4891304347826087,OK,45.9,OK,19.31923794662162,19.31923794662162,2,0,0.55,0.25,0.2,STRUCT+TIMING+AI+SECTOR,default,50,20260612,20260612,,22.1,22.1,22.1,46.38,-9.6,FRESH,0.351,,False,0.3,True,MATURE,9296.0,5.806,0.849,0.849,0.0,0.0,,v22_calibrated,,,,,,,,True,87.3,,ELITE_SCORE,MATURE,9296,2.4.0,OK,,100.0,ATTACK,OK,OK,OK,OK,OK,OK,OK,0,7,True,True,True,,0,GREEN,,,90.0,BUY,1,,0,0,0,0,,0.0,T=6<70,100.0,GREEN,,,0,False,0,ENTRY_READY_BUT_NOT_TOP_PICK,TOP_PICK=0,진입조건은 양호하나 공식 Top Pick 아님,45.0,ENTRY_CLEAN_OBSERVE,ENTRY_CLEAN_OBSERVE,FX_HIGH_REGIME,1,0,0,1,0,0,0,0,0,CLEAR,,,0,0,0,0,0.0,,,,,,,,,,REJECT_NO_VALIDATED_RULE,,,,,,True,False,True,True,False,True,True,True,0.0,0.0,0.0,0.0,20.0,0.0,0.0,0.0,20.0,0.5,False,True,False,5,False,0.0,0.0,G2RR×0.5 · G5추세붕괴5축,,0,0,0,,0.0,0,,False,0.0,0.0,False,,False,True,,0
184,445680,큐리옥스바이오시스템즈,KOSDAQ,기타,68900,65.88,11853.0,0.0,,NEUTRAL,NEUTRAL,4,False,1,False,16.2,16.2,0.0,10.2,68.2,0.0,18.0,26.1,68.2,14.8,2.98,0.0,RR3.0 + 진입적정,0,68900.0,58500.0,99900.0,103200.0,,-0.88,0.7,103518,-25.93,특이사항 없음,1,-25.49,39.2,-19.3,AI 강점,,저점 이탈,조건 미충족,CRITICAL,75.3,의료용 기기 제조업,6588005650.0,50.5,41.58,0,0,-0.72,-22.5,-25.67,-25.51,-23.7,-27.85,-12.95,-14.1,,0.989,0.015,0,12.0,1,0,1.09,0.21,0,0,0,0,-1,92805.0,-33.44,-0.751,False,X,▼,76027,▼,X,X,3.03,250,0,-1,-1,1,149200.0,enter,100.0,NORMAL+PM_BLOCK_INTRADAY+EF:정상,15.09,5.0,3.0,normal,7.0,v1_sl_first_gap_at_open,NORMAL+PM_BLOCK_INTRADAY+EF:정상,SWING_20D,80,BB_UPPER,75,SWING_60D,60,0.0,의료용 기기 제조업,2.1077380952380955,-2.2075,9.0,0.1258034418411777,-0.10304304533952653,0.30612244897959184,OK,68.2,OK,22.707297913051086,22.707297913051086,0,0,0.55,0.25,0.2,STRUCT+TIMING+AI+SECTOR,default,50,20260612,20260612,,16.2,16.2,16.2,46.38,-9.6,FRESH,0.351,,False,0.3,True,MATURE,9296.0,2.981,0.849,0.849,0.0,0.0,,v22_calibrated,,,,,,,,True,45.0,,ELITE_SCORE,MATURE,9296,2.4.0,OK,,100.0,ATTACK,OK,OK,OK,OK,OK,OK,OK,0,7,True,True,True,,0,GREEN,,,80.0,BUY,1,,0,0,0,0,,0.0,T=10<70,100.0,GREEN,,,0,False,0,ENTRY_READY_BUT_NOT_TOP_PICK,TOP_PICK=0,진입조건은 양호하나 공식 Top Pick 아님,45.0,ENTRY_CLEAN_OBSERVE,ENTRY_CLEAN_OBSERVE,FX_HIGH_REGIME,1,0,0,1,0,0,0,0,0,CLEAR,,,0,0,0,0,0.0,,,,,,,,,,REJECT_NO_VALIDATED_RULE,,,,,,True,False,True,True,False,True,True,True,0.0,0.0,0.0,0.0,20.0,0.0,0.0,0.0,20.0,0.5,False,True,False,5,False,0.0,0.0,G2RR×0.5 · G5추세붕괴5축,,0,0,0,,0.0,0,,False,0.0,0.0,False,,False,True,,0
185,377190,디앤디플랫폼리츠,KOSPI,건설·부동산,2150,51.86,1900.6,0.0,,NEUTRAL,NEUTRAL,4,False,1,False,17.7,17.7,0.0,0.0,88.6,0.0,17.7,29.5,88.6,0.0,6.04,0.0,RR6.0 + 진입적정,0,2150.0,2035.0,2845.0,3415.0,,-2.6,5.27,2668,-4.83,특이사항 없음,0,-17.65,29.1,-13.79,AI 강점,,MFI 약세,조건 미충족,CRITICAL,75.3,부동산 임대 및 공급업,5185700982.0,19.2,32.15,0,0,-4.87,-8.51,-16.34,-20.81,-30.65,-40.44,-24.37,-77.03,,1.0,0.255,0,12.0,0,0,0.34,0.07,0,0,0,0,-1,2654.5,-19.43,0.2023,True,X,▼,2225,▼,X,X,0.22,250,0,-1,-1,1,3625.0,enter,100.0,SWING+PM_BLOCK_INTRADAY+EF:정상,5.35,6.0,6.0,normal,7.0,v1_sl_first_gap_at_open,SWING+PM_BLOCK_INTRADAY+EF:정상,SWING_20D,80,SWING_60D,60,SWING_120D,45,0.0,부동산 임대 및 공급업,4.3388888888888895,-16.964444444444446,13.0,0.06627906976744186,-0.5733355391761128,0.175,OK,88.6,OK,0.0,0.0,2,0,0.55,0.25,0.2,STRUCT+TIMING+AI+SECTOR,default,50,20260612,20260612,,17.7,17.7,17.7,46.38,-9.6,FRESH,0.351,,False,0.3,True,MATURE,9296.0,6.043,0.849,0.849,0.0,0.0,,v22_calibrated,,,,,,,,True,32.3,,ELITE_SCORE,MATURE,9296,2.4.0,OK,,100.0,ATTACK,OK,OK,OK,OK,OK,OK,OK,0,7,True,True,True,,0,GREEN,,,90.0,BUY,1,,0,0,0,0,,0.0,T=0<70,100.0,GREEN,,,0,False,0,ENTRY_READY_BUT_NOT_TOP_PICK,TOP_PICK=0,진입조건은 양호하나 공식 Top Pick 아님,45.0,ENTRY_CLEAN_OBSERVE,ENTRY_CLEAN_OBSERVE,FX_HIGH_REGIME,1,0,0,1,0,0,0,0,0,CLEAR,,,0,0,0,0,0.0,,,,,,,,,,REJECT_NO_VALIDATED_RULE,,,,,,False,False,True,True,False,True,True,True,0.0,0.0,0.0,0.0,20.0,0.0,0.0,0.0,20.0,0.3,True,True,False,4,False,0.0,0.0,G1유동성차단 · G2RR×0.3 · G5추세붕괴4축,,0,0,0,,0.0,0,,False,0.0,0.0,False,,False,True,,0
186,027360,아주IB투자,KOSDAQ,금융,8210,766.79,9946.0,0.0,,NEUTRAL,NEUTRAL,4,False,1,False,15.1,15.1,2.1,13.7,52.6,0.0,17.4,22.8,50.5,36.9,37.87,0.0,RR37.9 + 진입적정,0,8210.0,7900.0,19950.0,23650.0,,-0.31,0.77,12654,-9.61,특이사항 없음,0,-37.36,12.8,-35.64,AI 강점,,저점 이탈,조건 미충족,CRITICAL,75.3,기타 금융업,76679406990.0,25.9,101.79,0,0,-7.23,-15.36,-39.81,-47.74,29.7,264.89,-35.18,39.3,,0.496,0.141,0,12.0,0,0,2.17,0.01,0,0,0,0,-1,12770.0,-35.12,0.8821,True,X,▲,7638,▼,O,X,2.6,250,0,1,1,1,28350.0,enter,100.0,SWING+WARN:ATR%=22.7% > 20% — 이상치 의심+PM_BLOCK_INTRADAY+EF:정상,3.78,5.0,37.9,normal,7.0,v1_sl_first_gap_at_open,SWING+WARN:ATR%=22.7% > 20% — 이상치 의심+PM_BLOCK_INTRADAY+EF:정상,SWING_20D,80,FIBO_1.272,40,FIBO_1.618,25,0.0,기타 금융업,1.90825,-1.16975,7.0,0.17252479554550199,-0.020254271047108946,0.4918032786885246,OK,52.6,OK,25.86232219455923,25.86232219455923,4,1,0.55,0.25,0.2,STRUCT+TIMING+AI+SECTOR,default,50,20260612,20260612,,15.1,15.1,15.1,46.38,-9.6,FRESH,0.351,,False,0.3,True,MATURE,9296.0,37.871,0.849,0.849,0.0,0.0,,v22_calibrated,,,,,,,,True,143.0,,ELITE_SCORE,MATURE,9296,2.4.0,OK,,100.0,ATTACK,OK,OK,OK,OK,OK,OK,OK,0,7,True,True,True,,0,GREEN,,,0.0,AVOID,0,전일 -7.2%,0,0,0,0,,0.0,T=14<70,100.0,BLOCK,,초급등 후 단기 급락 — 눌림 착시/테마 붕괴 위험,0,False,0,EXCLUDED_ABNORMAL_HISTORY,ABNORMAL_HISTORY_GUARD,초급등 후 단기 급락 — 눌림 착시/테마 붕괴 위험,50.0,ENTRY_CLEAN_OBSERVE,EXCLUDED_ABNORMAL_HISTORY,FX_HIGH_REGIME,1,0,0,1,0,0,0,0,1,BLOCK,SPIKE_REVERSAL,초급등 후 단기 급락 — 눌림 착시/테마 붕괴 위험,0,0,0,1,0.0,,,,,,,,,,REJECT_NO_VALIDATED_RULE,,,,,,True,False,True,True,False,True,True,True,0.0,0.0,0.0,0.0,20.0,0.0,0.0,0.0,20.0,0.5,False,True,False,4,False,0.0,0.0,G2RR×0.5 · G5추세붕괴4축,,0,0,0,,0.0,0,,False,0.0,0.0,False,,False,True,,0
187,950160,코오롱티슈진,KOSDAQ,기타,102600,301.61,86939.2,0.0,,NEUTRAL,NEUTRAL,4,False,1,False,20.2,20.2,15.5,4.0,53.5,0.0,17.4,24.3,49.5,38.1,1.58,0.0,RR1.6 + 진입적정,0,102600.0,87200.0,127000.0,149000.0,,0.58,0.57,109908,-1.57,특이사항 없음,2,-10.31,49.8,-1.44,AI 강점,,저점 이탈,조건 미충족,CRITICAL,75.3,기초 의약물질 제조업,30161194950.0,54.2,23.57,1,0,-0.39,3.43,-0.97,-16.45,-0.77,25.89,-3.89,8.83,,0.468,0.327,0,12.0,0,0,1.28,0.36,0,0,0,0,-1,124040.0,-6.65,0.3388,False,X,▲,98780,▲,O,X,4.85,250,0,1,1,1,,enter,100.0,NORMAL+PM_BLOCK_INTRADAY+EF:정상,15.01,4.0,1.6,normal,7.0,v1_sl_first_gap_at_open,NORMAL+PM_BLOCK_INTRADAY+EF:정상,SWING_20D,80,SWING_60D,60,,0,0.0,기초 의약물질 제조업,2.1077380952380955,-2.2075,9.0,0.11083263714842662,-0.0050490289507329625,0.1111111111111111,OK,53.5,OK,12.597634637815053,12.597634637815053,8,1,0.55,0.25,0.2,STRUCT+TIMING+AI+SECTOR,default,50,20260612,20260612,,20.2,20.2,20.2,46.38,-9.6,FRESH,0.351,,False,0.3,True,MATURE,9296.0,1.584,0.849,0.849,0.0,0.0,,v22_calibrated,,,,,,,,True,23.8,,ELITE_SCORE,MATURE,9296,2.4.0,OK,,100.0,ATTACK,OK,OK,OK,OK,OK,OK,OK,0,7,True,True,True,,0,GREEN,,,90.0,BUY,1,,0,0,0,0,,0.0,T=4<70,100.0,GREEN,,,0,False,0,ENTRY_READY_BUT_NOT_TOP_PICK,TOP_PICK=0,진입조건은 양호하나 공식 Top Pick 아님,50.0,ENTRY_CLEAN_OBSERVE,ENTRY_CLEAN_OBSERVE,FX_HIGH_REGIME,1,0,0,1,0,0,0,0,0,CLEAR,,,0,0,0,0,0.0,,,,,,,,,,REJECT_NO_VALIDATED_RULE,,,,,,True,False,True,True,False,True,True,True,0.0,0.0,0.0,0.0,20.0,0.0,0.0,0.0,20.0,0.5,False,True,False,3,False,0.0,0.0,G2RR×0.5 · G5추세붕괴3축,,0,0,0,,0.0,0,,False,0.0,0.0,False,,False,True,,0
188,032350,롯데관광개발,KOSPI,서비스 기타,17820,110.56,14185.0,0.0,,NEUTRAL,NEUTRAL,4,False,1,False,12.0,12.0,0.0,23.7,30.3,0.0,16.9,18.0,30.3,62.1,1.61,0.0,RR1.6 + 진입적정,0,17820.0,16000.0,20750.0,22650.0,,-0.84,0.93,18848,-6.9,특이사항 없음,5,-7.87,46.4,-4.13,,,저점 이탈,조건 미충족,CRITICAL,75.3,여행사 및 기타 여행보조 서비스업,11056194640.0,41.5,16.68,1,0,-1.49,-2.78,-8.47,-3.57,-12.86,-22.86,-7.13,-59.24,,0.884,0.303,0,12.0,1,1,1.01,0.31,0,0,0,0,-1,20490.0,-5.46,0.1787,False,X,▼,17514,▼,O,X,2.05,250,0,-1,-1,1,27700.0,enter,100.0,SWING+PM_BLOCK_INTRADAY+EF:정상,10.21,5.0,1.6,normal,7.0,v1_sl_first_gap_at_open,SWING+PM_BLOCK_INTRADAY+EF:정상,SWING_20D,80,SWING_60D,60,SWING_120D,45,0.0,여행사 및 기타 여행보조 서비스업,1.6329629629629632,-10.275925925925925,12.0,0.06525573192239859,-0.026155122846126158,0.10909090909090909,OK,30.3,OK,30.363842541309566,30.363842541309566,6,1,0.55,0.25,0.2,STRUCT+TIMING+AI+SECTOR,default,50,20260612,20260612,,12.0,12.0,12.0,46.38,-9.6,FRESH,0.351,,False,0.3,True,MATURE,9296.0,1.61,0.849,0.849,0.0,0.0,,v22_calibrated,,,,,,,,True,16.4,,ELITE_SCORE,MATURE,9296,2.4.0,OK,,100.0,ATTACK,OK,OK,OK,OK,OK,OK,OK,0,7,True,True,True,,0,GREEN,,,90.0,BUY,1,,0,0,0,0,,0.0,T=24<70,100.0,GREEN,,,0,False,0,ENTRY_READY_BUT_NOT_TOP_PICK,TOP_PICK=0,진입조건은 양호하나 공식 Top Pick 아님,50.0,ENTRY_CLEAN_OBSERVE,ENTRY_CLEAN_OBSERVE,FX_HIGH_REGIME,1,0,0,1,0,0,0,0,0,CLEAR,,,0,0,0,0,0.0,,,,,,,,,,REJECT_NO_VALIDATED_RULE,,,,,,True,False,True,True,False,True,True,True,0.0,0.0,0.0,0.0,20.0,0.0,0.0,0.0,20.0,0.5,False,True,False,4,False,0.0,0.0,G2RR×0.5 · G5추세붕괴4축,,0,0,0,,0.0,0,,False,0.0,0.0,False,,False,True,,0
189,310210,보로노이,KOSDAQ,기타,193500,197.07,35608.2,0.0,,NEUTRAL,NEUTRAL,4,False,1,False,13.0,13.0,0.0,18.3,42.3,0.0,16.8,20.2,42.3,47.1,3.63,0.0,RR3.6 + 진입적정,0,193500.0,164400.0,299000.0,312000.0,,-0.21,0.75,276380,-8.93,특이사항 없음,0,-25.82,34.3,-19.83,,,저점 이탈,조건 미충족,CRITICAL,75.3,자연과학 및 공학 연구개발업,19707228050.0,46.7,58.4,0,0,-6.52,-7.64,-32.81,-27.26,-44.32,-10.21,-14.7,-34.72,,0.985,0.278,0,12.0,1,0,1.06,0.19,0,0,0,0,-1,267270.0,-29.99,0.3469,False,X,▼,187023,▼,O,X,4.83,250,0,-1,-1,1,371500.0,enter,100.0,NORMAL+PM_BLOCK_INTRADAY+EF:정상,15.04,5.0,3.6,normal,7.0,v1_sl_first_gap_at_open,NORMAL+PM_BLOCK_INTRADAY+EF:정상,SWING_20D,80,BB_UPPER,75,SWING_60D,60,0.0,자연과학 및 공학 연구개발업,2.1077380952380955,-2.2075,9.0,0.14200812107788852,-0.07909039249369751,0.0,OK,42.3,OK,34.485456899622264,34.485456899622264,2,0,0.55,0.25,0.2,STRUCT+TIMING+AI+SECTOR,default,50,20260612,20260612,,13.0,13.0,13.0,46.38,-9.6,FRESH,0.351,,False,0.3,True,MATURE,9296.0,3.625,0.849,0.849,0.0,0.0,,v22_calibrated,,,,,,,,True,54.5,,ELITE_SCORE,MATURE,9296,2.4.0,OK,,100.0,ATTACK,OK,OK,OK,OK,OK,OK,OK,0,7,True,True,True,,0,GREEN,,,70.0,BUY,1,전일 -6.5%,0,0,0,0,,0.0,T=18<70,100.0,GREEN,,,0,False,0,ENTRY_READY_BUT_NOT_TOP_PICK,TOP_PICK=0,진입조건은 양호하나 공식 Top Pick 아님,45.0,ENTRY_CLEAN_OBSERVE,ENTRY_CLEAN_OBSERVE,FX_HIGH_REGIME,1,0,0,1,0,0,0,0,0,CLEAR,,,0,0,0,0,0.0,,,,,,,,,,REJECT_NO_VALIDATED_RULE,,,,,,True,False,True,True,False,True,True,True,0.0,0.0,0.0,0.0,20.0,0.0,0.0,0.0,20.0,0.5,False,True,False,4,False,0.0,0.0,G2RR×0.5 · G5추세붕괴4축,,0,0,0,,0.0,0,,False,0.0,0.0,False,,False,True,,0
190,003550,LG,KOSPI,금융,106500,681.69,161019.5,0.0,,NEUTRAL,NEUTRAL,4,False,1,False,17.8,17.8,17.1,11.5,27.6,0.0,16.5,18.7,16.1,79.9,8.02,0.0,RR8.0 + 진입적정,0,106500.0,96600.0,185900.0,214500.0,,1.05,0.41,122710,14.1,특이사항 없음,0,-0.3,43.4,-11.96,,,,조건 미충족,CRITICAL,75.3,기타 금융업,68169246300.0,61.8,50.65,0,0,-0.93,-13.34,-8.03,-2.02,20.2,30.35,-5.58,-26.18,,0.342,0.219,1,12.0,0,0,1.52,0.08,0,0,0,0,-1,161270.0,-13.21,-0.68,False,O,▲,118022,▼,X,X,3.72,250,0,1,1,1,250500.0,enter,100.0,SWING+PM_BLOCK_INTRADAY+EF:정상,9.3,4.0,8.0,normal,7.0,v1_sl_first_gap_at_open,SWING+PM_BLOCK_INTRADAY+EF:정상,SWING_20D,80,FIBO_1.272,40,FIBO_1.618,25,0.0,기타 금융업,1.90825,-1.16975,7.0,0.14795439302481556,0.08289000266882622,0.18518518518518517,OK,27.6,OK,10.317628664611703,10.317628664611703,2,0,0.55,0.25,0.2,STRUCT+TIMING+AI+SECTOR,default,50,20260612,20260612,,17.8,17.8,17.8,46.38,-9.6,FRESH,0.351,,False,0.3,True,MATURE,9296.0,8.02,0.849,0.849,0.0,0.0,,v22_calibrated,,,,,,,,True,74.6,,ELITE_SCORE,MATURE,9296,2.4.0,OK,,100.0,ATTACK,OK,OK,OK,OK,OK,OK,OK,0,7,True,True,True,,0,GREEN,,,90.0,BUY,1,,0,0,0,0,,0.0,T=12<70,100.0,GREEN,,,0,False,0,ENTRY_READY_BUT_NOT_TOP_PICK,TOP_PICK=0,진입조건은 양호하나 공식 Top Pick 아님,45.0,ENTRY_CLEAN_OBSERVE,ENTRY_CLEAN_OBSERVE,FX_HIGH_REGIME,1,0,0,1,0,0,0,0,0,CLEAR,,,0,0,0,0,0.0,,,,,,,,,,REJECT_NO_VALIDATED_RULE,,,,,,True,False,True,True,False,True,True,True,0.0,0.0,0.0,0.0,20.0,0.0,0.0,0.0,20.0,0.5,False,True,False,4,False,0.0,0.0,G2RR×0.5 · G5추세붕괴4축,,0,0,0,,0.0,0,,False,0.0,0.0,False,,False,True,,0
191,420770,기가비스,KOSDAQ,조선·기계·설비,146000,265.96,18506.6,0.0,,NEUTRAL,NEUTRAL,4,False,1,False,56.7,56.7,47.7,100.0,27.5,0.0,16.3,58.4,72.5,9.4,0.55,0.0,진입적정,0,146000.0,124100.0,158000.0,188300.0,,1.33,1.06,104514,182.33,특이사항 없음,5,-4.08,57.0,11.86,TIMING 강점,,,조건 미충족,CRITICAL,75.3,특수 목적용 기계 제조업,26595898050.0,72.0,29.26,1,0,-1.08,1.39,11.71,14.87,108.27,345.12,27.43,117.87,,0.01,0.01,1,12.0,0,0,1.03,0.78,0,0,0,1,1,98340.0,39.69,0.1711,False,O,▲,136909,▲,O,X,-0.41,250,0,1,1,1,220000.0,enter,100.0,NORMAL+PM_BLOCK_INTRADAY+EF:정상,15.0,5.0,0.5,normal,7.0,v1_sl_first_gap_at_open,NORMAL+PM_BLOCK_INTRADAY+EF:정상,SWING_20D,80,ATR_2x,70,ATR_3.5x,45,0.0,특수 목적용 기계 제조업,9.421739130434784,5.0392753623188415,2.0,0.14481409001956946,0.054786501756813925,0.4608695652173913,OK,27.5,OK,70.77718207709208,70.77718207709208,6,1,0.55,0.25,0.2,STRUCT+TIMING+AI+SECTOR,default,50,20260612,20260612,,56.7,56.7,56.7,46.38,-9.6,FRESH,0.351,,False,0.374,True,MATURE,9296.0,0.548,0.849,0.548,0.0,0.0,,v22_calibrated,,,,,,,,True,8.2,,ELITE_SCORE,MATURE,9296,2.4.0,OK,,100.0,ATTACK,OK,OK,OK,OK,OK,OK,OK,0,7,True,True,True,,1,ORANGE,C_ORANGE,STRUCT < 90 + VWAP_GAP > 15% 강한 과열,0.0,AVOID,0,RR 0.55 · VWAP 40↑ · POC 182↑,0,1,0,1,STRONG,75.0,T=100·S=48 · RR=0.55<1.0,100.0,GREEN,,,0,False,0,BELOW_OFFICIAL_BAR,TOP_PICK=0,VWAP/POC 과열,5.0,IGNORE,IGNORE,FX_HIGH_REGIME,1,0,0,1,0,0,0,0,0,CLEAR,,,0,0,0,0,0.0,,,,,,,,,,REJECT_NO_VALIDATED_RULE,,,,,,True,True,True,True,True,True,True,True,0.0,0.0,0.0,0.0,0.0,0.0,0.0,0.0,0.0,1.0,False,False,False,0,True,16.3,1.0,,,0,0,0,,16.3,0,,False,0.0,0.0,False,,False,True,,0
192,003230,삼양식품,KOSPI,유통·소비재,1145000,504.94,86253.0,0.0,,NEUTRAL,NEUTRAL,4,False,1,False,11.5,11.5,0.0,16.7,36.4,0.0,15.1,17.7,36.4,54.5,2.15,0.0,RR2.1 + 진입적정,0,1145000.0,987000.0,1484000.0,1603000.0,,1.04,0.62,1269093,-4.03,특이사항 없음,0,-10.94,28.2,-7.5,,,저점 이탈,조건 미충족,CRITICAL,75.3,기타 식품 제조업,50494142500.0,32.2,38.26,0,0,-2.64,2.23,-5.45,-11.58,10.31,-10.27,-15.14,-36.07,,0.825,0.637,0,12.0,0,0,1.03,0.22,0,0,0,0,-1,1276900.0,-9.78,0.4672,False,X,▼,1076111,▲,O,X,2.55,250,0,-1,-1,1,1755000.0,enter,100.0,NORMAL+PM_BLOCK_INTRADAY+EF:정상,13.8,4.0,2.1,normal,7.0,v1_sl_first_gap_at_open,NORMAL+PM_BLOCK_INTRADAY+EF:정상,SWING_20D,80,FIBO_1.272,40,FIBO_1.618,25,0.0,기타 식품 제조업,5.0564285714285715,-0.5635714285714287,6.0,0.06007485963817842,-0.08658254175690543,0.07894736842105263,OK,36.4,OK,29.40437277253293,29.40437277253293,2,0,0.55,0.25,0.2,STRUCT+TIMING+AI+SECTOR,default,50,20260612,20260612,,11.5,11.5,11.5,46.38,-9.6,FRESH,0.351,,False,0.3,True,MATURE,9296.0,2.146,0.849,0.849,0.0,0.0,,v22_calibrated,,,,,,,,True,29.6,,ELITE_SCORE,MATURE,9296,2.4.0,OK,,100.0,ATTACK,OK,OK,OK,OK,OK,OK,OK,0,7,True,True,True,,0,GREEN,,,90.0,BUY,1,,0,0,0,0,,0.0,T=17<70,100.0,GREEN,,,0,False,0,ENTRY_READY_BUT_NOT_TOP_PICK,TOP_PICK=0,진입조건은 양호하나 공식 Top Pick 아님,45.0,ENTRY_CLEAN_OBSERVE,ENTRY_CLEAN_OBSERVE,FX_HIGH_REGIME,1,0,0,1,0,0,0,0,0,CLEAR,,,0,0,0,0,0.0,,,,,,,,,,REJECT_NO_VALIDATED_RULE,,,,,,True,False,True,True,False,True,True,True,0.0,0.0,0.0,0.0,20.0,0.0,0.0,0.0,20.0,0.5,False,True,False,3,False,0.0,0.0,G2RR×0.5 · G5추세붕괴3축,,0,0,0,,0.0,0,,False,0.0,0.0,False,,False,True,,0
193,308080,바이젠셀,KOSDAQ,기타,7980,83.0,1635.8,0.0,,NEUTRAL,NEUTRAL,4,False,1,False,12.5,12.5,0.0,10.9,48.7,0.0,15.0,19.9,48.7,39.1,16.46,0.0,RR16.5 + 진입적정,0,7980.0,7590.0,14400.0,15330.0,,-1.21,1.02,10270,-24.66,특이사항 없음,0,-14.61,42.7,-25.43,,,저점 이탈,조건 미충족,CRITICAL,75.3,자연과학 및 공학 연구개발업,8299524500.0,62.9,61.46,0,0,-13.92,-16.0,-39.45,-33.67,36.41,-47.98,-21.11,46.01,,0.825,0.182,0,12.0,1,0,1.42,0.02,0,0,0,0,-1,13594.0,-22.3,-0.2735,True,X,▼,9203,▼,X,X,0.86,249,0,-1,-1,1,17040.0,enter,100.0,SWING+PM_BLOCK_INTRADAY+EF:정상,4.89,6.0,16.5,normal,7.0,v1_sl_first_gap_at_open,SWING+PM_BLOCK_INTRADAY+EF:정상,SWING_20D,80,SWING_120D,45,FIBO_1.272,40,0.0,자연과학 및 공학 연구개발업,2.1077380952380955,-2.2075,9.0,0.2227891156462585,0.021853940369036085,0.2621359223300971,OK,48.7,OK,23.315465596179294,23.315465596179294,2,0,0.55,0.25,0.2,STRUCT+TIMING+AI+SECTOR,default,50,20260612,20260612,,12.5,12.5,12.5,46.38,-9.6,FRESH,0.351,,False,0.3,True,MATURE,9296.0,16.462,0.849,0.849,0.0,0.0,,v22_calibrated,,,,,,,,True,80.5,,ELITE_SCORE,MATURE,9296,2.4.0,OK,,100.0,ATTACK,OK,OK,OK,OK,OK,OK,OK,0,7,True,True,True,,0,GREEN,,,70.0,BUY,1,전일 -13.9%,0,0,0,0,,0.0,T=11<70,100.0,GREEN,,,0,False,0,ENTRY_READY_BUT_NOT_TOP_PICK,TOP_PICK=0,진입조건은 양호하나 공식 Top Pick 아님,45.0,ENTRY_CLEAN_OBSERVE,ENTRY_CLEAN_OBSERVE,FX_HIGH_REGIME,1,0,0,1,0,0,0,0,0,CLEAR,,,0,0,0,0,0.0,,,,,,,,,,REJECT_NO_VALIDATED_RULE,,,,,,False,False,True,True,False,True,True,True,0.0,0.0,0.0,0.0,20.0,0.0,0.0,0.0,20.0,0.5,True,True,False,5,False,0.0,0.0,G1유동성차단 · G2RR×0.5 · G5추세붕괴5축,,0,0,0,,0.0,0,,False,0.0,0.0,False,,False,True,,0
194,397030,에이프릴바이오,KOSDAQ,기타,41450,83.48,9705.0,0.0,,NEUTRAL,NEUTRAL,4,False,1,False,13.2,13.2,0.0,3.0,62.2,0.0,14.3,21.7,62.2,22.2,4.65,0.0,RR4.7 + 진입적정,0,41450.0,35200.0,70500.0,76700.0,,-0.46,0.54,58301,-11.92,특이사항 없음,0,-25.2,39.9,-23.36,AI 강점,,저점 이탈,조건 미충족,CRITICAL,75.3,자연과학 및 공학 연구개발업,8348190925.0,45.2,64.23,0,0,-3.83,-17.43,-40.79,-35.94,-36.91,-1.89,-23.38,-27.31,,0.985,0.119,0,12.0,0,0,1.36,0.12,0,0,0,0,-1,60535.0,-28.9,-0.1032,False,X,▼,42894,▼,X,X,4.18,250,0,-1,-1,1,,enter,100.0,NORMAL+PM_BLOCK_INTRADAY+EF:정상,15.08,5.0,4.6,normal,7.0,v1_sl_first_gap_at_open,NORMAL+PM_BLOCK_INTRADAY+EF:정상,SWING_20D,80,SWING_60D,60,,0,0.0,자연과학 및 공학 연구개발업,2.1077380952380955,-2.2075,9.0,0.15664311562984665,-0.002052054184458818,0.025,OK,62.2,OK,16.232384696731916,16.232384696731916,2,0,0.55,0.25,0.2,STRUCT+TIMING+AI+SECTOR,default,50,20260612,20260612,,13.2,13.2,13.2,46.38,-9.6,FRESH,0.351,,False,0.3,True,MATURE,9296.0,4.648,0.849,0.849,0.0,0.0,,v22_calibrated,,,,,,,,True,70.1,,ELITE_SCORE,MATURE,9296,2.4.0,OK,,100.0,ATTACK,OK,OK,OK,OK,OK,OK,OK,0,7,True,True,True,,0,GREEN,,,90.0,BUY,1,,0,0,0,0,,0.0,T=3<70,100.0,GREEN,,,0,False,0,ENTRY_READY_BUT_NOT_TOP_PICK,TOP_PICK=0,진입조건은 양호하나 공식 Top Pick 아님,45.0,ENTRY_CLEAN_OBSERVE,ENTRY_CLEAN_OBSERVE,FX_HIGH_REGIME,1,0,0,1,0,0,0,0,0,CLEAR,,,0,0,0,0,0.0,,,,,,,,,,REJECT_NO_VALIDATED_RULE,,,,,,True,False,True,True,False,True,True,True,0.0,0.0,0.0,0.0,20.0,0.0,0.0,0.0,20.0,0.5,False,True,False,5,False,0.0,0.0,G2RR×0.5 · G5추세붕괴5축,,0,0,0,,0.0,0,,False,0.0,0.0,False,,False,True,,0
195,326030,SK바이오팜,KOSPI,기타,87900,151.09,68837.3,0.0,,NEUTRAL,NEUTRAL,4,False,1,False,12.1,12.1,0.0,8.3,50.0,0.0,14.2,19.4,50.0,37.5,1.54,0.0,RR1.5 + 진입적정,0,87900.0,78500.0,102400.0,107900.0,,1.55,0.32,95418,-8.32,특이사항 없음,0,-10.3,41.7,-4.39,AI 강점,,MFI 약세,조건 미충족,CRITICAL,75.3,자연과학 및 공학 연구개발업,15108824100.0,13.0,20.27,0,0,-0.68,-0.23,-5.99,-11.39,-8.05,-35.22,-14.95,-54.43,,0.971,0.575,0,11.8,0,0,0.62,0.32,0,0,0,0,-1,96160.0,-7.88,0.2032,False,X,▼,86036,▼,O,X,2.82,250,0,-1,-1,1,136300.0,enter,100.0,SWING+PM_BLOCK_INTRADAY+EF:정상,10.69,4.0,1.5,normal,7.0,v1_sl_first_gap_at_open,SWING+PM_BLOCK_INTRADAY+EF:정상,SWING_20D,80,SWING_60D,60,SWING_120D,45,0.0,자연과학 및 공학 연구개발업,2.1077380952380955,-2.2075,9.0,0.0588330895498131,-0.4522732078310271,0.18421052631578946,OK,50.0,OK,25.5,25.5,2,0,0.55,0.25,0.2,STRUCT+TIMING+AI+SECTOR,default,50,20260612,20260612,,12.1,12.1,12.1,46.38,-9.6,FRESH,0.351,,False,0.3,True,MATURE,9296.0,1.543,0.849,0.849,0.0,0.0,,v22_calibrated,,,,,,,,True,16.5,,ELITE_SCORE,MATURE,9296,2.4.0,OK,,100.0,ATTACK,OK,OK,OK,OK,OK,OK,OK,0,7,True,True,True,,0,GREEN,,,90.0,BUY,1,,0,0,0,0,,0.0,T=8<70,100.0,GREEN,,,0,False,0,ENTRY_READY_BUT_NOT_TOP_PICK,TOP_PICK=0,진입조건은 양호하나 공식 Top Pick 아님,45.0,ENTRY_CLEAN_OBSERVE,ENTRY_CLEAN_OBSERVE,FX_HIGH_REGIME,1,0,0,1,0,0,0,0,0,CLEAR,,,0,0,0,0,0.0,,,,,,,,,,REJECT_NO_VALIDATED_RULE,,,,,,True,False,True,True,False,True,True,True,0.0,0.0,0.0,0.0,20.0,0.0,0.0,0.0,20.0,0.5,False,True,False,4,False,0.0,0.0,G2RR×0.5 · G5추세붕괴4축,,0,0,0,,0.0,0,,False,0.0,0.0,False,,False,True,,0
196,274090,켄코아에어로스페이스,KOSDAQ,기타,20700,317.17,2851.3,0.0,,NEUTRAL,NEUTRAL,4,False,1,False,16.3,16.3,16.6,6.0,28.4,0.0,14.0,17.0,22.4,72.0,6.08,0.0,RR6.1 + 진입적정,0,20700.0,17590.0,39600.0,45500.0,,-0.5,0.6,26507,-6.29,특이사항 없음,0,-6.62,40.9,-16.75,,,저점 이탈,조건 미충족,CRITICAL,75.3,"항공기,우주선 및 부품 제조업",31717322200.0,70.6,66.32,0,0,-1.9,-4.83,-30.77,-3.5,-1.9,101.56,9.06,7.7,,0.624,0.293,0,12.0,1,0,1.58,0.12,0,0,0,0,-1,30744.0,-21.91,0.1108,False,X,▼,20409,▼,O,X,4.27,250,0,-1,1,1,52900.0,enter,100.0,NORMAL+PM_BLOCK_INTRADAY+EF:정상,15.02,6.0,6.1,normal,7.0,v1_sl_first_gap_at_open,NORMAL+PM_BLOCK_INTRADAY+EF:정상,SWING_20D,80,FIBO_1.272,40,FIBO_1.618,25,0.0,"항공기,우주선 및 부품 제조업",2.1077380952380955,-2.2075,9.0,0.1985162180814355,-0.02407298420633635,0.5641025641025641,OK,28.4,OK,23.36029438096287,23.36029438096287,4,1,0.55,0.25,0.2,STRUCT+TIMING+AI+SECTOR,default,50,20260612,20260612,,16.3,16.3,16.3,46.38,-9.6,FRESH,0.351,,False,0.3,True,MATURE,9296.0,6.077,0.849,0.849,0.0,0.0,,v22_calibrated,,,,,,,,True,91.3,,ELITE_SCORE,MATURE,9296,2.4.0,OK,,100.0,ATTACK,OK,OK,OK,OK,OK,OK,OK,0,7,True,True,True,,0,GREEN,,,90.0,BUY,1,,0,0,0,0,,0.0,T=6<70,100.0,GREEN,,,0,False,0,ENTRY_READY_BUT_NOT_TOP_PICK,TOP_PICK=0,진입조건은 양호하나 공식 Top Pick 아님,50.0,ENTRY_CLEAN_OBSERVE,ENTRY_CLEAN_OBSERVE,FX_HIGH_REGIME,1,0,0,1,0,0,0,0,0,CLEAR,,,0,0,0,0,0.0,,,,,,,,,,REJECT_NO_VALIDATED_RULE,,,,,,True,False,True,True,False,True,False,True,0.0,0.0,0.0,0.0,20.0,0.0,15.0,0.0,35.0,0.5,False,True,False,4,False,0.0,0.0,G2RR×0.5 · G5추세붕괴4축 · G7윗꼬리약세-15,,0,0,0,,0.0,0,,False,0.0,0.0,False,,False,True,,0
197,302440,SK바이오사이언스,KOSPI,기타,39200,53.46,30755.0,0.0,,NEUTRAL,NEUTRAL,4,False,1,False,9.0,9.0,0.0,26.2,12.4,0.0,13.9,12.9,26.2,67.2,1.36,0.0,RR1.4 + 진입적정,0,39200.0,35850.0,43750.0,48950.0,,0.68,0.77,41968,-19.87,특이사항 없음,5,-4.64,47.9,-3.02,,,,조건 미충족,CRITICAL,75.3,기초 의약물질 제조업,5345790275.0,63.6,13.37,1,0,-0.38,-1.88,-2.0,-4.74,-8.2,-25.48,-8.3,-54.58,,0.975,0.432,0,11.1,1,1,0.83,0.33,0,0,0,0,-1,44530.0,-6.6,0.0577,False,X,▼,38849,▼,O,X,1.27,250,0,-1,-1,1,54000.0,enter,100.0,SWING+PM_BLOCK_INTRADAY+EF:정상,8.55,5.0,1.4,normal,7.0,v1_sl_first_gap_at_open,SWING+PM_BLOCK_INTRADAY+EF:정상,SWING_20D,80,VP_RESISTANCE,65,SWING_120D,45,0.0,기초 의약물질 제조업,2.1077380952380955,-2.2075,9.0,0.05566690962099126,-0.045891795768577055,0.5517241379310345,OK,12.4,OK,32.61021980306786,32.61021980306786,6,1,0.55,0.25,0.2,STRUCT+TIMING+AI+SECTOR,default,50,20260612,20260612,,9.0,9.0,9.0,46.38,-9.6,FRESH,0.351,,False,0.3,True,MATURE,9296.0,1.358,0.849,0.849,0.0,0.0,,v22_calibrated,,,,,,,,True,11.6,,ELITE_SCORE,MATURE,9296,2.4.0,OK,,100.0,ATTACK,OK,OK,OK,OK,OK,OK,OK,0,7,True,True,True,,0,GREEN,,,90.0,BUY,1,,0,0,0,0,,0.0,T=26<70,100.0,GREEN,,,0,False,0,ENTRY_READY_BUT_NOT_TOP_PICK,TOP_PICK=0,진입조건은 양호하나 공식 Top Pick 아님,50.0,ENTRY_CLEAN_OBSERVE,ENTRY_CLEAN_OBSERVE,FX_HIGH_REGIME,1,0,0,1,0,0,0,0,0,CLEAR,,,0,0,0,0,0.0,,,,,,,,,,REJECT_NO_VALIDATED_RULE,,,,,,True,False,True,True,False,True,True,True,0.0,0.0,0.0,0.0,20.0,0.0,0.0,0.0,20.0,0.5,False,True,False,4,False,0.0,0.0,G2RR×0.5 · G5추세붕괴4축,,0,0,0,,0.0,0,,False,0.0,0.0,False,,False,True,,0
198,486990,노타,KOSDAQ,IT/전기전자,27100,103.45,5784.8,0.0,,NEUTRAL,NEUTRAL,4,False,1,False,15.7,15.7,10.5,0.0,49.5,0.0,13.6,20.0,49.5,38.1,5.79,0.0,RR5.8 + 진입적정,0,27100.0,24200.0,43900.0,48350.0,,-1.35,0.53,36849,-41.76,특이사항 없음,0,-4.77,49.2,-12.55,,,,조건 미충족,CRITICAL,75.3,소프트웨어 개발 및 공급업,10344894025.0,75.1,53.59,0,0,-0.55,-21.56,-21.68,-11.15,-41.91,-37.84,1.41,-32.31,,0.994,0.023,0,12.0,1,0,1.51,0.11,0,0,0,0,1,26860.0,-26.46,-1.0167,False,X,▼,31476,▼,X,X,6.42,149,0,-1,0,0,59900.0,enter,100.0,SWING+PM_BLOCK_INTRADAY+EF:정상,10.7,5.0,5.8,normal,7.0,v1_sl_first_gap_at_open,SWING+PM_BLOCK_INTRADAY+EF:정상,SWING_20D,80,SWING_60D,60,SWING_120D,45,0.0,소프트웨어 개발 및 공급업,0.10229729729729745,3.253243243243243,5.0,0.18173431734317344,0.009955792053492729,0.20408163265306123,OK,49.5,OK,6.203529529628663,6.203529529628663,4,1,0.55,0.25,0.2,STRUCT+TIMING+AI+SECTOR,default,50,20260612,20260612,,15.7,15.7,15.7,46.38,-9.6,FRESH,0.351,,False,0.3,True,MATURE,9296.0,5.793,0.849,0.849,0.0,0.0,,v22_calibrated,,,,,,,,True,62.0,,ELITE_SCORE,MATURE,9296,2.4.0,OK,,100.0,ATTACK,OK,OK,OK,OK,OK,OK,OK,0,7,True,True,True,,0,GREEN,,,80.0,BUY,1,,0,0,0,0,,0.0,T=0<70,100.0,GREEN,,,0,False,0,ENTRY_READY_BUT_NOT_TOP_PICK,TOP_PICK=0,진입조건은 양호하나 공식 Top Pick 아님,50.0,ENTRY_CLEAN_OBSERVE,ENTRY_CLEAN_OBSERVE,FX_HIGH_REGIME,1,0,0,1,0,0,0,0,0,CLEAR,,,0,0,0,0,0.0,,,,,,,,,,REJECT_NO_VALIDATED_RULE,,,,,,True,False,True,True,False,True,True,True,0.0,0.0,0.0,0.0,20.0,0.0,0.0,0.0,20.0,0.3,False,True,False,4,False,0.0,0.0,G2RR×0.3 · G5추세붕괴4축,,0,0,0,,0.0,0,,False,0.0,0.0,False,,False,True,,0
199,128940,한미약품,KOSPI,바이오·의약품,411000,445.41,52653.2,0.0,,NEUTRAL,NEUTRAL,4,False,1,False,12.5,12.5,0.0,0.0,62.3,0.0,13.1,20.8,62.3,22.1,4.39,0.0,RR4.4 + 진입적정,0,411000.0,373000.0,578000.0,647000.0,,0.16,0.49,488271,-8.23,특이사항 없음,0,-5.06,45.3,-10.07,AI 강점,,저점 이탈,조건 미충족,CRITICAL,75.3,의약품 제조업,44540876750.0,62.9,33.24,0,0,0.0,-16.8,-15.35,-7.64,-17.8,-8.67,-11.2,-64.18,,0.989,0.354,0,12.0,1,0,0.67,0.13,0,0,0,0,-1,561800.0,-15.83,-0.5102,False,X,▼,439343,▼,X,X,2.8,250,0,-1,-1,1,,enter,100.0,SWING+PM_BLOCK_INTRADAY+EF:정상,9.25,4.0,4.4,normal,7.0,v1_sl_first_gap_at_open,SWING+PM_BLOCK_INTRADAY+EF:정상,SWING_20D,80,SWING_120D,45,,0,0.0,의약품 제조업,-3.8524999999999996,0.4400000000000002,10.0,0.12017726798748697,0.1317754369164473,0.47058823529411764,OK,62.3,OK,9.033403010146348,9.033403010146348,2,0,0.55,0.25,0.2,STRUCT+TIMING+AI+SECTOR,default,50,20260612,20260612,,12.5,12.5,12.5,46.38,-9.6,FRESH,0.351,,False,0.3,True,MATURE,9296.0,4.395,0.849,0.849,0.0,0.0,,v22_calibrated,,,,,,,,True,40.6,,ELITE_SCORE,MATURE,9296,2.4.0,OK,,100.0,ATTACK,OK,OK,OK,OK,OK,OK,OK,0,7,True,True,True,,0,GREEN,,,90.0,BUY,1,,0,0,0,0,,0.0,T=0<70,100.0,GREEN,,,0,False,0,ENTRY_READY_BUT_NOT_TOP_PICK,TOP_PICK=0,진입조건은 양호하나 공식 Top Pick 아님,45.0,ENTRY_CLEAN_OBSERVE,ENTRY_CLEAN_OBSERVE,FX_HIGH_REGIME,1,0,0,1,0,0,0,0,0,CLEAR,,,0,0,0,0,0.0,,,,,,,,,,REJECT_NO_VALIDATED_RULE,,,,,,True,False,True,True,False,True,True,True,0.0,0.0,0.0,0.0,20.0,0.0,0.0,0.0,20.0,0.3,False,True,False,5,False,0.0,0.0,G2RR×0.3 · G5추세붕괴5축,,0,0,0,,0.0,0,,False,0.0,0.0,False,,False,True,,0
200,257720,실리콘투,KOSDAQ,기타,34650,164.48,22722.2,0.0,,NEUTRAL,NEUTRAL,4,False,1,False,11.6,11.6,0.0,4.2,52.8,0.0,13.1,19.0,52.8,34.0,1.71,0.0,RR1.7 + 진입적정,0,34650.0,29800.0,42950.0,50500.0,,1.35,0.67,41235,-18.19,특이사항 없음,0,-11.25,37.5,-5.59,AI 강점,,저점 이탈,조건 미충족,CRITICAL,75.3,상품 종합 도매업,16448136025.0,40.9,24.32,0,0,-2.12,1.61,-6.48,-14.76,-1.56,-15.9,-2.2,8.04,,0.992,0.247,0,12.0,1,0,1.09,0.27,0,0,0,0,-1,39505.0,-15.97,0.3277,False,X,▼,33439,▲,O,X,2.12,250,0,-1,-1,1,56100.0,enter,100.0,NORMAL+PM_BLOCK_INTRADAY+EF:정상,14.0,5.0,1.7,normal,7.0,v1_sl_first_gap_at_open,NORMAL+PM_BLOCK_INTRADAY+EF:정상,SWING_20D,80,SWING_60D,60,SWING_120D,45,0.0,상품 종합 도매업,2.1077380952380955,-2.2075,9.0,0.06359513502370645,-0.04430687153792942,0.24390243902439024,OK,52.8,OK,21.779732146624635,21.779732146624635,2,0,0.55,0.25,0.2,STRUCT+TIMING+AI+SECTOR,default,50,20260612,20260612,,11.6,11.6,11.6,46.38,-9.6,FRESH,0.351,,False,0.3,True,MATURE,9296.0,1.711,0.849,0.849,0.0,0.0,,v22_calibrated,,,,,,,,True,24.0,,ELITE_SCORE,MATURE,9296,2.4.0,OK,,100.0,ATTACK,OK,OK,OK,OK,OK,OK,OK,0,7,True,True,True,,0,GREEN,,,90.0,BUY,1,,0,0,0,0,,0.0,T=4<70,100.0,GREEN,,,0,False,0,ENTRY_READY_BUT_NOT_TOP_PICK,TOP_PICK=0,진입조건은 양호하나 공식 Top Pick 아님,45.0,ENTRY_CLEAN_OBSERVE,ENTRY_CLEAN_OBSERVE,FX_HIGH_REGIME,1,0,0,1,0,0,0,0,0,CLEAR,,,0,0,0,0,0.0,,,,,,,,,,REJECT_NO_VALIDATED_RULE,,,,,,True,False,True,True,False,True,True,True,0.0,0.0,0.0,0.0,20.0,0.0,0.0,0.0,20.0,0.5,False,True,False,3,False,0.0,0.0,G2RR×0.5 · G5추세붕괴3축,,0,0,0,,0.0,0,,False,0.0,0.0,False,,False,True,,0
201,010950,S-Oil,KOSPI,기타,111400,396.9,125417.2,0.0,,NEUTRAL,NEUTRAL,4,False,1,False,45.1,45.1,47.3,39.2,46.6,0.0,12.8,44.4,8.1,89.9,0.58,0.0,밸런스우수 + 진입적정,0,111400.0,99600.0,118200.0,129600.0,,1.09,0.86,114702,-13.98,특이사항 없음,5,-3.59,56.5,1.12,,,,조건 미충족,CRITICAL,75.3,석유 정제품 제조업,39689704550.0,47.6,9.63,1,1,-1.5,-1.24,4.11,-3.38,5.69,38.21,-6.94,-40.69,,0.526,0.323,0,10.1,1,0,1.36,0.58,0,0,0,1,-1,120700.0,-2.88,0.0844,False,X,▲,111322,▲,O,X,-0.27,250,0,1,1,1,137500.0,enter,100.0,NORMAL+PM_BLOCK_INTRADAY+EF:정상,10.59,4.0,0.6,normal,7.0,v1_sl_first_gap_at_open,NORMAL+PM_BLOCK_INTRADAY+EF:정상,SWING_20D,80,VP_RESISTANCE,65,SWING_60D,60,0.0,석유 정제품 제조업,2.1077380952380955,-2.2075,9.0,0.050718132854578095,0.05652149066070232,0.046511627906976744,OK,46.6,OK,44.29779990415939,44.29779990415939,8,1,0.55,0.25,0.2,STRUCT+TIMING+AI+SECTOR,default,50,20260612,20260612,,45.1,45.1,45.1,46.38,-9.6,FRESH,0.351,,False,0.3,True,MATURE,9296.0,0.576,0.849,0.576,0.0,0.0,,v22_calibrated,,,,,,,,True,6.1,,ELITE_SCORE,MATURE,9296,2.4.0,OK,,100.0,ATTACK,OK,OK,OK,OK,OK,OK,OK,0,7,True,True,True,,0,GREEN,,,0.0,AVOID,0,RR 0.58,0,0,0,0,,0.0,T=39<70,100.0,GREEN,,,0,False,0,BELOW_OFFICIAL_BAR,TOP_PICK=0,,5.0,IGNORE,IGNORE,FX_HIGH_REGIME,1,0,0,1,0,0,0,0,0,CLEAR,,,0,0,0,0,0.0,,,,,,,,,,REJECT_NO_VALIDATED_RULE,,,,,,True,True,True,True,True,True,True,True,0.0,0.0,0.0,0.0,0.0,0.0,0.0,0.0,0.0,1.0,False,False,False,2,True,12.8,1.0,,,0,0,0,,12.8,0,,False,0.0,0.0,False,,False,True,,0
202,145020,휴젤,KOSDAQ,기타,244500,94.53,30083.4,0.0,,NEUTRAL,NEUTRAL,4,False,1,False,10.4,10.4,5.6,15.2,17.7,0.0,12.6,12.8,12.1,84.9,1.76,0.0,밸런스우수 + RR1.8 + 진입적정,0,244500.0,219500.0,288500.0,306500.0,,0.23,0.72,260888,-7.55,특이사항 없음,0,-6.6,41.8,-3.78,,,저점 이탈,조건 미충족,CRITICAL,75.3,기초 의약물질 제조업,9453025250.0,44.9,21.93,0,0,-0.41,-0.61,-3.74,-12.05,1.03,7.47,0.51,10.63,,0.707,0.54,0,12.0,0,0,1.25,0.29,0,0,0,0,-1,279100.0,-6.28,0.2325,False,X,▼,236615,▲,O,X,3.26,250,0,-1,1,1,,enter,100.0,SWING+PM_BLOCK_INTRADAY+EF:정상,10.22,5.0,1.8,normal,7.0,v1_sl_first_gap_at_open,SWING+PM_BLOCK_INTRADAY+EF:정상,SWING_20D,80,SWING_60D,60,,0,0.0,기초 의약물질 제조업,2.1077380952380955,-2.2075,9.0,0.06368682442302073,-0.3776224590364662,0.0,OK,17.7,OK,31.67195426908362,31.67195426908362,4,1,0.55,0.25,0.2,STRUCT+TIMING+AI+SECTOR,default,50,20260612,20260612,,10.4,10.4,10.4,46.38,-9.6,FRESH,0.351,,False,0.3,True,MATURE,9296.0,1.76,0.849,0.849,0.0,0.0,,v22_calibrated,,,,,,,,True,18.0,,ELITE_SCORE,MATURE,9296,2.4.0,OK,,100.0,ATTACK,OK,OK,OK,OK,OK,OK,OK,0,7,True,True,True,,0,GREEN,,,90.0,BUY,1,,0,0,0,0,,0.0,T=15<70,100.0,GREEN,,,0,False,0,ENTRY_READY_BUT_NOT_TOP_PICK,TOP_PICK=0,진입조건은 양호하나 공식 Top Pick 아님,50.0,ENTRY_CLEAN_OBSERVE,ENTRY_CLEAN_OBSERVE,FX_HIGH_REGIME,1,0,0,1,0,0,0,0,0,CLEAR,,,0,0,0,0,0.0,,,,,,,,,,REJECT_NO_VALIDATED_RULE,,,,,,True,False,True,True,False,True,True,True,0.0,0.0,0.0,0.0,20.0,0.0,0.0,0.0,20.0,0.5,False,True,False,3,False,0.0,0.0,G2RR×0.5 · G5추세붕괴3축,,0,0,0,,0.0,0,,False,0.0,0.0,False,,False,True,,0
203,336570,원텍,KOSDAQ,기타,7050,140.88,6315.4,0.0,,NEUTRAL,NEUTRAL,4,False,1,False,8.8,8.8,0.0,16.1,23.7,0.0,12.4,13.3,23.7,70.4,6.05,0.0,RR6.0 + 진입적정,0,7050.0,6650.0,9470.0,10480.0,,0.69,0.91,7945,-14.76,특이사항 없음,0,-3.79,34.0,-11.35,,,,조건 미충족,CRITICAL,75.3,의료용 기기 제조업,14088294625.0,35.8,35.41,0,0,-5.11,-8.68,-19.24,-13.28,3.07,-9.27,-0.72,12.67,,0.963,0.419,0,12.0,0,0,0.9,0.07,0,0,0,0,-1,9346.0,-11.27,-0.0464,True,X,▼,7230,▼,X,X,2.56,250,0,-1,-1,1,11250.0,enter,100.0,SWING+PM_BLOCK_INTRADAY+EF:정상,5.67,5.0,6.0,normal,7.0,v1_sl_first_gap_at_open,SWING+PM_BLOCK_INTRADAY+EF:정상,SWING_20D,80,SWING_120D,45,FIBO_1.618,25,0.0,의료용 기기 제조업,2.1077380952380955,-2.2075,9.0,0.09949341438703141,-0.004474079255469142,0.0,OK,23.7,OK,32.47866325470342,32.47866325470342,0,0,0.55,0.25,0.2,STRUCT+TIMING+AI+SECTOR,default,50,20260612,20260612,,8.8,8.8,8.8,46.38,-9.6,FRESH,0.351,,False,0.3,True,MATURE,9296.0,6.05,0.849,0.849,0.0,0.0,,v22_calibrated,,,,,,,,True,34.3,,ELITE_SCORE,MATURE,9296,2.4.0,OK,,100.0,ATTACK,OK,OK,OK,OK,OK,OK,OK,0,7,True,True,True,,0,GREEN,,,70.0,BUY,1,전일 -5.1%,0,0,0,0,,0.0,T=16<70,100.0,GREEN,,,0,False,0,ENTRY_READY_BUT_NOT_TOP_PICK,TOP_PICK=0,진입조건은 양호하나 공식 Top Pick 아님,45.0,ENTRY_CLEAN_OBSERVE,ENTRY_CLEAN_OBSERVE,FX_HIGH_REGIME,1,0,0,1,0,0,0,0,0,CLEAR,,,0,0,0,0,0.0,,,,,,,,,,REJECT_NO_VALIDATED_RULE,,,,,,True,False,True,True,False,True,True,True,0.0,0.0,0.0,0.0,20.0,0.0,0.0,0.0,20.0,0.5,False,True,False,5,False,0.0,0.0,G2RR×0.5 · G5추세붕괴5축,,0,0,0,,0.0,0,,False,0.0,0.0,False,,False,True,,0
204,321370,센서뷰,KOSDAQ,IT/전기전자,2645,60.22,1366.5,0.0,,NEUTRAL,NEUTRAL,4,False,1,False,15.2,15.2,17.9,5.7,19.7,0.0,12.4,14.4,14.0,82.5,4.24,0.0,밸런스우수 + RR4.2 + 진입적정,0,2645.0,2245.0,4340.0,4895.0,,0.24,0.39,3614,-22.27,특이사항 없음,0,-21.19,35.0,-16.02,거래품질 우수,,저점 이탈,조건 미충족,CRITICAL,75.3,전자부품 제조업,6022426360.0,57.9,55.91,0,0,-4.17,-0.75,-21.51,-20.45,-43.77,155.06,-7.89,-34.17,,0.734,0.08,0,12.0,0,0,6.03,0.16,0,0,0,0,-1,4023.1,-26.81,0.2143,False,X,▼,2559,▼,O,X,3.26,250,0,-1,1,1,5300.0,enter,100.0,NORMAL+PM_BLOCK_INTRADAY+EF:정상,15.12,6.0,4.2,normal,7.0,v1_sl_first_gap_at_open,NORMAL+PM_BLOCK_INTRADAY+EF:정상,SWING_20D,80,SWING_60D,60,SWING_120D,45,0.0,전자부품 제조업,0.10229729729729745,3.253243243243243,5.0,0.17801782338644342,0.023142987757265705,0.47191011235955055,OK,19.7,OK,15.0,15.0,4,1,0.55,0.25,0.2,STRUCT+TIMING+AI+SECTOR,default,50,20260612,20260612,,15.2,15.2,15.2,46.38,-9.6,FRESH,0.351,,False,0.3,True,MATURE,9296.0,4.238,0.849,0.849,0.0,0.0,,v22_calibrated,,,,,,,,True,64.1,,ELITE_SCORE,MATURE,9296,2.4.0,OK,,100.0,ATTACK,OK,OK,OK,OK,OK,OK,OK,0,7,True,True,True,,0,GREEN,,,90.0,BUY,1,,0,0,0,0,,0.0,T=6<70,100.0,GREEN,,,0,False,0,ENTRY_READY_BUT_NOT_TOP_PICK,TOP_PICK=0,진입조건은 양호하나 공식 Top Pick 아님,50.0,ENTRY_CLEAN_OBSERVE,ENTRY_CLEAN_OBSERVE,FX_HIGH_REGIME,1,0,0,1,0,0,0,0,0,CLEAR,,,0,0,0,0,0.0,,,,,,,,,,REJECT_NO_VALIDATED_RULE,,,,,,True,False,True,True,False,True,True,True,0.0,0.0,0.0,0.0,20.0,0.0,0.0,0.0,20.0,0.5,False,True,False,4,False,0.0,0.0,G2RR×0.5 · G5추세붕괴4축,,0,0,0,,0.0,0,,False,0.0,0.0,False,,False,True,,0
205,024060,흥구석유,KOSDAQ,기타,11700,151.29,1755.0,0.0,,NEUTRAL,NEUTRAL,4,False,1,False,7.0,7.0,0.5,14.7,15.2,0.0,10.2,10.1,14.7,81.6,9.53,0.0,밸런스우수 + RR9.5 + 진입적정,0,11700.0,11210.0,16370.0,24850.0,,-0.46,0.56,18811,-43.41,특이사항 없음,0,-10.73,30.1,-10.59,거래품질 우수,,저점 이탈,조건 미충족,CRITICAL,75.3,기타 전문 도매업,15129407630.0,74.1,33.48,0,0,-3.86,-2.09,-13.65,-20.62,-50.32,-3.39,-8.06,-40.72,,1.0,0.078,0,12.0,1,0,3.35,0.03,0,0,0,0,-1,14921.0,-37.8,0.2018,True,X,▼,11545,▼,O,X,-4.6,250,0,-1,-1,1,36200.0,enter,100.0,SWING+PM_BLOCK_INTRADAY+EF:정상,4.19,6.0,9.5,normal,7.0,v1_sl_first_gap_at_open,SWING+PM_BLOCK_INTRADAY+EF:정상,SWING_20D,80,SWING_60D,60,SWING_120D,45,0.0,기타 전문 도매업,2.1077380952380955,-2.2075,9.0,0.09652014652014651,0.04465754877058262,0.696969696969697,OK,15.2,OK,26.749756982744838,26.749756982744838,4,1,0.55,0.25,0.2,STRUCT+TIMING+AI+SECTOR,default,50,20260612,20260612,,7.0,7.0,7.0,46.38,-9.6,FRESH,0.351,,False,0.3,True,MATURE,9296.0,9.531,0.849,0.849,0.0,0.0,,v22_calibrated,,,,,,,,True,39.9,,ELITE_SCORE,MATURE,9296,2.4.0,OK,,100.0,ATTACK,OK,OK,OK,OK,OK,OK,OK,0,7,True,True,True,,0,GREEN,,,90.0,BUY,1,,0,0,0,0,,0.0,T=15<70,100.0,GREEN,,,0,False,0,ENTRY_READY_BUT_NOT_TOP_PICK,TOP_PICK=0,진입조건은 양호하나 공식 Top Pick 아님,50.0,ENTRY_CLEAN_OBSERVE,ENTRY_CLEAN_OBSERVE,FX_HIGH_REGIME,1,0,0,1,0,0,0,0,0,CLEAR,,,0,0,0,0,0.0,,,,,,,,,,REJECT_NO_VALIDATED_RULE,,,,,,True,False,True,True,False,True,False,True,0.0,0.0,0.0,0.0,20.0,0.0,15.0,0.0,35.0,0.5,False,True,False,4,False,0.0,0.0,G2RR×0.5 · G5추세붕괴4축 · G7윗꼬리약세-15,,0,0,0,,0.0,0,,False,0.0,0.0,False,,False,True,,0
206,278470,에이피알,KOSPI,화학·소재,394000,889.89,147506.3,0.0,,NEUTRAL,NEUTRAL,4,False,1,False,26.2,26.2,12.6,46.4,38.2,0.0,9.4,32.4,33.8,57.8,0.79,0.0,진입적정,0,394000.0,339500.0,437000.0,491500.0,,1.24,0.75,389339,44.31,특이사항 없음,5,-4.01,48.6,-1.34,,,,조건 미충족,CRITICAL,75.3,기타 화학제품 제조업,88989319250.0,47.9,13.53,1,0,-4.02,1.29,-1.62,-1.99,19.94,55.42,-5.55,-26.44,,0.217,0.197,1,12.0,1,0,1.13,0.45,0,0,0,0,-1,452950.0,1.2,0.2352,False,O,▲,399954,▲,X,X,1.46,250,0,1,1,1,519000.0,enter,100.0,NORMAL+PM_BLOCK_INTRADAY+EF:정상,13.83,4.0,0.8,normal,7.0,v1_sl_first_gap_at_open,NORMAL+PM_BLOCK_INTRADAY+EF:정상,SWING_20D,80,ATR_3.5x,45,FIBO_1.272,40,0.0,기타 화학제품 제조업,6.03945945945946,-4.1432432432432424,8.0,0.07070340826686004,-0.0022683705399097957,0.20634920634920634,OK,38.2,OK,32.74217546418824,32.74217546418824,8,1,0.55,0.25,0.2,STRUCT+TIMING+AI+SECTOR,default,50,20260612,20260612,,26.2,26.2,26.2,46.38,-9.6,FRESH,0.351,,False,0.3,True,MATURE,9296.0,0.789,0.849,0.789,0.0,0.0,,v22_calibrated,,,,,,,,True,10.9,,ELITE_SCORE,MATURE,9296,2.4.0,OK,,100.0,ATTACK,OK,OK,OK,OK,OK,OK,OK,0,7,True,True,True,,0,GREEN,,,0.0,AVOID,0,RR 0.79 · POC 44↑,0,0,0,0,,0.0,T=46<70,100.0,GREEN,,,0,False,0,BELOW_OFFICIAL_BAR,TOP_PICK=0,,5.0,IGNORE,IGNORE,FX_HIGH_REGIME,1,0,0,1,0,0,0,0,0,CLEAR,,,0,0,0,0,0.0,,,,,,,,,,REJECT_NO_VALIDATED_RULE,,,,,,True,False,True,True,True,True,True,True,0.0,0.0,0.0,0.0,0.0,0.0,0.0,0.0,0.0,0.5,False,False,False,2,False,4.7,0.5,G2RR×0.5,,0,0,0,,4.7,0,,False,0.0,0.0,False,,False,True,,0
207,000500,가온전선,KOSPI,기타,252000,2105.36,41688.6,0.0,,NEUTRAL,NEUTRAL,4,False,1,False,6.5,6.5,0.0,0.0,32.4,0.0,7.4,10.8,32.4,59.5,23.0,0.0,RR23.0 + 진입적정,0,252000.0,239000.0,551000.0,635000.0,,-3.72,3.7,304444,182.17,특이사항 없음,0,-16.58,30.8,-28.47,,,저점 이탈,조건 미충족,CRITICAL,75.3,절연선 및 케이블 제조업,210535727000.0,29.1,52.13,0,0,-22.22,-17.78,-26.1,-50.1,159.79,238.26,-53.66,113.41,,0.368,0.0,1,12.0,0,0,1.0,0.02,0,0,0,0,-1,436350.0,-17.23,0.2365,True,O,▲,294931,▼,X,X,7.1,248,0,1,1,1,783000.0,split,50.0,SWING+WARN:ATR%=26.8% > 20% — 이상치 의심+PM_BLOCK_INTRADAY+EF:갭 7%+ 분할 진입+ENTRY:split,5.16,5.0,23.0,normal,7.0,v1_sl_first_gap_at_open,SWING+WARN:ATR%=26.8% > 20% — 이상치 의심+PM_BLOCK_INTRADAY+EF:갭 7%+ 분할 진입+ENTRY:split,SWING_20D,80,SWING_60D,60,FIBO_1.272,40,0.0,절연선 및 케이블 제조업,2.1077380952380955,-2.2075,9.0,0.20308956916099774,0.006670002186490953,0.0,OK,32.4,OK,4.5,4.5,2,0,0.55,0.25,0.2,STRUCT+TIMING+AI+SECTOR,default,50,20260612,20260612,,6.5,6.5,6.5,46.38,-9.6,FRESH,0.351,,False,0.3,True,MATURE,9296.0,23.0,0.849,0.849,0.0,0.0,,v22_calibrated,,,,,,,,True,118.7,,ELITE_SCORE,MATURE,9296,2.4.0,OK,,100.0,ATTACK,OK,OK,OK,OK,OK,OK,OK,0,7,True,True,True,,0,GREEN,,,0.0,AVOID,0,전일 -22.2% · POC 182↑,0,1,1,0,,0.0,T=0<70,100.0,BLOCK,,초급등 후 단기 급락 — 눌림 착시/테마 붕괴 위험,0,False,0,EXCLUDED_ABNORMAL_HISTORY,ABNORMAL_HISTORY_GUARD,초급등 후 단기 급락 — 눌림 착시/테마 붕괴 위험,10.0,IGNORE,EXCLUDED_ABNORMAL_HISTORY,FX_HIGH_REGIME,1,0,0,1,0,0,0,0,1,BLOCK,SPIKE_REVERSAL,초급등 후 단기 급락 — 눌림 착시/테마 붕괴 위험,0,0,0,1,0.0,,,,,,,,,,REJECT_NO_VALIDATED_RULE,,,,,,True,False,True,True,False,True,True,True,0.0,0.0,0.0,0.0,20.0,0.0,0.0,0.0,20.0,0.3,False,True,False,3,False,0.0,0.0,G2RR×0.3 · G5추세붕괴3축,,0,0,0,,0.0,0,,False,0.0,0.0,False,,False,True,,0
208,232680,라온로보틱스,KOSDAQ,조선·기계·설비,13710,57.79,1805.1,0.0,,NEUTRAL,NEUTRAL,4,False,1,False,6.4,6.4,0.0,0.0,31.9,0.0,7.3,10.6,31.9,60.1,8.71,0.0,RR8.7 + 진입적정,0,13710.0,12540.0,23900.0,25100.0,,-0.97,0.37,18065,-8.55,특이사항 없음,0,-5.62,35.5,-16.86,,,저점 이탈,조건 미충족,CRITICAL,75.3,특수 목적용 기계 제조업,5779473705.0,62.4,64.45,0,0,-0.36,-9.86,-36.53,-21.21,-10.45,32.08,-8.65,-0.85,,0.934,0.259,0,12.0,1,0,1.9,0.07,0,0,0,0,-1,19897.0,-24.11,-0.1086,False,X,▼,13675,▼,O,X,6.61,250,0,-1,-1,1,,enter,100.0,SWING+PM_BLOCK_INTRADAY+EF:정상,8.53,6.0,8.7,normal,7.0,v1_sl_first_gap_at_open,SWING+PM_BLOCK_INTRADAY+EF:정상,SWING_20D,80,RR_LEGACY,35,,0,0.0,특수 목적용 기계 제조업,9.421739130434784,5.0392753623188415,2.0,0.16351463999166405,0.02590793752710623,0.06837606837606838,OK,31.9,OK,15.0,15.0,2,0,0.55,0.25,0.2,STRUCT+TIMING+AI+SECTOR,default,50,20260612,20260612,,6.4,6.4,6.4,46.38,-9.6,FRESH,0.351,,False,0.3,True,MATURE,9296.0,8.709,0.849,0.849,0.0,0.0,,v22_calibrated,,,,,,,,True,74.3,,ELITE_SCORE,MATURE,9296,2.4.0,OK,,100.0,ATTACK,OK,OK,OK,OK,OK,OK,OK,0,7,True,True,True,,0,GREEN,,,90.0,BUY,1,,0,0,0,0,,0.0,T=0<70,100.0,GREEN,,,0,False,0,ENTRY_READY_BUT_NOT_TOP_PICK,TOP_PICK=0,진입조건은 양호하나 공식 Top Pick 아님,45.0,ENTRY_CLEAN_OBSERVE,ENTRY_CLEAN_OBSERVE,FX_HIGH_REGIME,1,0,0,1,0,0,0,0,0,CLEAR,,,0,0,0,0,0.0,,,,,,,,,,REJECT_NO_VALIDATED_RULE,,,,,,True,False,True,True,False,True,True,True,0.0,0.0,0.0,0.0,20.0,0.0,0.0,0.0,20.0,0.3,False,True,False,5,False,0.0,0.0,G2RR×0.3 · G5추세붕괴5축,,0,0,0,,0.0,0,,False,0.0,0.0,False,,False,True,,0
209,000880,한화,KOSPI,화학·소재,116300,191.12,82000.7,0.0,,NEUTRAL,NEUTRAL,4,False,1,False,5.7,5.7,4.2,0.0,16.8,0.0,5.2,7.0,16.8,79.0,5.39,0.0,RR5.4 + 진입적정,0,116300.0,107000.0,166400.0,183600.0,,0.58,0.54,128269,-1.17,특이사항 없음,0,-4.83,39.1,-10.26,,,,조건 미충족,CRITICAL,75.3,기타 화학제품 제조업,19112068550.0,54.5,35.66,0,0,-1.11,-7.18,-16.45,-17.34,-5.98,41.83,-20.9,-52.36,,0.755,0.477,0,12.0,0,0,1.07,0.11,0,0,0,0,-1,152630.0,-9.33,0.1124,False,X,▼,114830,▼,O,X,5.02,250,0,-1,1,1,205500.0,enter,100.0,SWING+PM_BLOCK_INTRADAY+EF:정상,8.0,4.0,5.4,normal,7.0,v1_sl_first_gap_at_open,SWING+PM_BLOCK_INTRADAY+EF:정상,SWING_20D,80,FIBO_1.272,40,FIBO_1.618,25,0.0,기타 화학제품 제조업,6.03945945945946,-4.1432432432432424,8.0,0.10109323178970642,-0.01097252998653882,0.25773195876288657,OK,16.8,OK,20.871068915965328,20.871068915965328,2,0,0.55,0.25,0.2,STRUCT+TIMING+AI+SECTOR,default,50,20260612,20260612,,5.7,5.7,5.7,46.38,-9.6,FRESH,0.351,,False,0.3,True,MATURE,9296.0,5.387,0.849,0.849,0.0,0.0,,v22_calibrated,,,,,,,,True,43.1,,ELITE_SCORE,MATURE,9296,2.4.0,OK,,100.0,ATTACK,OK,OK,OK,OK,OK,OK,OK,0,7,True,True,True,,0,GREEN,,,90.0,BUY,1,,0,0,0,0,,0.0,T=0<70,100.0,GREEN,,,0,False,0,ENTRY_READY_BUT_NOT_TOP_PICK,TOP_PICK=0,진입조건은 양호하나 공식 Top Pick 아님,45.0,ENTRY_CLEAN_OBSERVE,ENTRY_CLEAN_OBSERVE,FX_HIGH_REGIME,1,0,0,1,0,0,0,0,0,CLEAR,,,0,0,0,0,0.0,,,,,,,,,,REJECT_NO_VALIDATED_RULE,,,,,,True,False,True,True,False,True,True,True,0.0,0.0,0.0,0.0,20.0,0.0,0.0,0.0,20.0,0.3,False,True,False,4,False,0.0,0.0,G2RR×0.3 · G5추세붕괴4축,,0,0,0,,0.0,0,,False,0.0,0.0,False,,False,True,,0
210,088260,이리츠코크렙,KOSPI,건설·부동산,3580,52.95,2267.6,0.0,,NEUTRAL,NEUTRAL,4,False,1,False,2.4,2.4,0.0,0.0,11.8,0.0,2.9,3.9,11.8,85.2,3.91,0.0,밸런스우수 + RR3.9 + 진입적정,0,3580.0,3350.0,4480.0,4595.0,,-2.75,5.13,4188,-24.06,특이사항 없음,0,-15.32,30.1,-11.72,,,MFI 약세,조건 미충족,CRITICAL,75.3,부동산 임대 및 공급업,5295022756.0,21.3,26.4,0,0,-3.24,-8.32,-14.35,-17.42,-26.26,-26.56,-20.98,-72.64,,1.0,0.328,0,12.0,1,0,0.33,0.12,0,0,0,0,-1,4456.5,-14.53,0.1019,True,X,▼,3694,▼,X,X,3.38,250,0,-1,-1,1,4715.0,enter,100.0,SWING+PM_BLOCK_INTRADAY+EF:정상,6.42,6.0,3.9,normal,7.0,v1_sl_first_gap_at_open,SWING+PM_BLOCK_INTRADAY+EF:정상,SWING_20D,80,BB_UPPER,75,VP_RESISTANCE,65,0.0,부동산 임대 및 공급업,4.3388888888888895,-16.964444444444446,13.0,0.07452114924181963,-1.2716887456959896,0.075,OK,11.8,OK,0.0,0.0,2,0,0.55,0.25,0.2,STRUCT+TIMING+AI+SECTOR,default,50,20260612,20260612,,2.4,2.4,2.4,46.38,-9.6,FRESH,0.351,,False,0.3,True,MATURE,9296.0,3.913,0.849,0.849,0.0,0.0,,v22_calibrated,,,,,,,,True,25.1,,ELITE_SCORE,MATURE,9296,2.4.0,OK,,100.0,ATTACK,OK,OK,OK,OK,OK,OK,OK,0,7,True,True,True,,0,GREEN,,,90.0,BUY,1,,0,0,0,0,,0.0,T=0<70,100.0,GREEN,,,0,False,0,ENTRY_READY_BUT_NOT_TOP_PICK,TOP_PICK=0,진입조건은 양호하나 공식 Top Pick 아님,45.0,ENTRY_CLEAN_OBSERVE,ENTRY_CLEAN_OBSERVE,FX_HIGH_REGIME,1,0,0,1,0,0,0,0,0,CLEAR,,,0,0,0,0,0.0,,,,,,,,,,REJECT_NO_VALIDATED_RULE,,,,,,True,False,True,True,False,True,True,True,0.0,0.0,0.0,0.0,20.0,0.0,0.0,0.0,20.0,0.3,False,True,False,4,False,0.0,0.0,G2RR×0.3 · G5추세붕괴4축,,0,0,0,,0.0,0,,False,0.0,0.0,False,,False,True,,0
211,033230,인성정보,KOSDAQ,IT/전기전자,2050,98.11,1035.6,339.0,69.6,CARRY,CARRY,7,False,1,False,0.0,80.1,98.5,57.9,87.8,,69.7,81.4,40.6,49.2,1.25,0.0,RR1.2 + 진입적정 + 3축고점,0,2050.0,1746.0,2430.0,2715.0,,1.07,1.08,1974,0.71,DATA_UNAVAILABLE,0,17.25,69.6,9.87,STRUCT 강점,AI 보조,,캐리 재계산 실패: legacy snapshot,CRITICAL,75.3,"컴퓨터 프로그래밍, 시스템 통합 및 관리업",9811097695.0,75.1,43.35,0,0,-6.18,3.17,12.02,24.09,15.43,13.13,16.6,-7.25,-27.7,0.088,0.088,1,12.0,1,0,2.65,0.56,0,0,0,1,1,1772.3,3.83,-0.1112,False,O,▲,2143,▲,X,X,0.0,250,0,1,1,1,3090.0,enter,100.0,NORMAL+PM_BLOCK_INTRADAY+EF:정상,14.83,6.0,1.2,normal,7.0,v1_sl_first_gap_at_open,NORMAL+PM_BLOCK_INTRADAY+EF:정상,SWING_20D,80,ATR_3.5x,45,FIBO_1.618,25,0.0,"컴퓨터 프로그래밍, 시스템 통합 및 관리업",2.853258426966292,19.337078651685392,8.0,,,,,87.8,OK,39.95342224536096,39.95342224536096,4,1,0.4,0.4,0.2,STRUCT+TIMING+AI+SECTOR,default,60,20260612,20260429.0,,80.1,80.1,80.1,22.68,22.68,CARRY_LEGACY,0.436,,False,0.3,True,MATURE,4401.0,1.25,1.042,1.042,0.0696,695992.0,339.0,v22_calibrated,,default,default,20260429.0,30.0,True,35.0,True,18.5,,ELITE_SCORE,MATURE,9296,2.4.0,OK,,100.0,ATTACK,OK,OK,OK,OK,OK,OK,OK,0,7,True,True,True,"analyze_returned_none(ohlcv_len=371,mcap=640,in_top=True)",0,GREEN,,,80.0,BUY,1,전일 -6.2%,0,0,0,0,,0.0,T=58<70 · S=98≥50,100.0,GREEN,,,0,False,0,ENTRY_READY_BUT_NOT_TOP_PICK,TOP_PICK=0,진입조건은 양호하나 공식 Top Pick 아님,65.0,ENTRY_CLEAN_OBSERVE,ENTRY_CLEAN_OBSERVE,FX_HIGH_REGIME,1,0,0,1,0,0,0,0,0,CLEAR,,,0,0,0,0,0.0,ENTRY_CLEAN_OBSERVE,1.0,BUY,,0.0,0.0,0.0,0.0,0.0,REJECT_NO_VALIDATED_RULE,2050.0,0.0,DEAD,1.0,보유 30일차 · 손익 +0.0% · 청산 검토,True,True,False,True,True,True,True,True,0.0,0.0,45.0,0.0,0.0,0.0,0.0,0.0,45.0,1.0,False,False,False,1,False,24.7,0.354,G3보유경과-45,,0,0,0,,24.7,0,,False,0.0,0.0,False,,False,True,,0
212,290660,다이나믹솔루션,KOSDAQ,,1204,50.0,1012.9,,,CARRY,CARRY,7,False,1,False,0.0,64.8,48.7,81.7,63.2,,61.6,64.5,33.0,58.8,1.36,0.0,RR1.4 + 진입적정,0,1204.0,1023.0,1450.0,1740.0,,-0.78,1.28,1179,6.0,DATA_UNAVAILABLE,5,0.1,63.3,8.33,TIMING 강점,,,캐리 재계산 실패: legacy snapshot,CRITICAL,75.3,의료용 기기 제조업,5000000000.0,58.5,23.17,1,0,0.84,3.88,20.28,1.35,10.05,49.19,-5.22,-9.85,13.36,0.221,0.221,1,12.0,1,0,1.44,0.47,0,0,0,1,1,994.7,2.11,0.2243,False,O,▲,1166,▲,O,X,1.17,250,0,1,1,1,2035.0,enter,100.0,NORMAL+PM_BLOCK_INTRADAY+EF:정상,15.03,6.0,1.4,normal,7.0,v1_sl_first_gap_at_open,NORMAL+PM_BLOCK_INTRADAY+EF:정상,SWING_20D,80,SWING_60D,60,FIBO_1.272,40,,,,,,,,,,63.2,OK,57.20584154573604,57.20584154573604,10,1,0.4,0.4,0.2,STRUCT+TIMING+AI,,70,20260612,,,,,,,,CARRY_LEGACY,0.351,,False,0.3,True,,,,,,,,,,,,,20260507.0,22.0,True,35.0,True,20.4,,ELITE_SCORE,MATURE,9296,2.4.0,OK,,100.0,ATTACK,OK,OK,OK,OK,OK,OK,OK,0,7,True,True,True,"analyze_returned_none(ohlcv_len=371,mcap=801,in_top=True)",0,GREEN,,,100.0,BUY,1,,0,0,0,1,BASIC,60.0,T=82·S=49,100.0,GREEN,,,0,False,0,ENTRY_READY_BUT_NOT_TOP_PICK,TOP_PICK=0,진입조건은 양호하나 공식 Top Pick 아님,50.0,ENTRY_CLEAN_OBSERVE,ENTRY_CLEAN_OBSERVE,FX_HIGH_REGIME,1,0,0,1,0,0,0,0,0,CLEAR,,,0,0,0,0,0.0,ENTRY_CLEAN_OBSERVE,1.0,BUY,,0.0,0.0,0.0,0.0,0.0,REJECT_NO_VALIDATED_RULE,1194.0,0.8375209380234505,DEAD,1.0,보유 22일차 · 손익 +0.8% · 청산 검토,True,True,False,True,True,True,True,True,0.0,0.0,45.0,0.0,0.0,0.0,0.0,0.0,45.0,1.0,False,False,False,0,False,16.6,0.269,G3보유경과-45,,0,0,0,,16.6,0,,False,0.0,0.0,False,,False,False,V2:비양수가격x6;V1:OHLC불변식x6,6
213,065440,이루온,KOSDAQ,IT/전기전자,4120,129.88,1123.7,0.0,,CARRY,CARRY,7,False,1,False,0.0,79.3,99.8,62.5,44.1,,59.5,68.8,55.7,30.4,1.74,0.0,RR1.7 + 진입적정,0,4120.0,3500.0,5200.0,6120.0,,1.33,0.54,3565,76.24,DATA_UNAVAILABLE,1,10.42,54.0,6.83,STRUCT 강점,TIMING 보조,,캐리 재계산 실패: legacy snapshot,CRITICAL,75.3,소프트웨어 개발 및 공급업,12987583639.0,75.9,42.23,1,0,-8.75,3.78,24.47,-5.07,181.81,123.06,-10.04,166.74,95.94,0.112,0.112,1,12.0,0,0,1.88,0.54,0,0,0,1,1,2999.0,15.55,0.4349,False,O,▲,4297,▲,X,X,2.1,250,0,1,1,1,6300.0,enter,100.0,NORMAL+PM_BLOCK_INTRADAY+EF:정상,15.05,6.0,1.7,normal,7.0,v1_sl_first_gap_at_open,NORMAL+PM_BLOCK_INTRADAY+EF:정상,SWING_20D,80,ATR_3.5x,45,FIBO_1.272,40,0.0,소프트웨어 개발 및 공급업,4.1326086956521735,14.742173913043478,7.0,0.1385748959778086,0.1080857855998766,0.1631205673758865,OK,44.1,OK,39.58133155015294,39.58133155015294,10,1,0.55,0.25,0.2,STRUCT+TIMING+AI+SECTOR,default,50,20260612,20260514.0,,79.3,79.3,79.3,15.07,15.07,CARRY_LEGACY,0.351,,False,0.3,True,MATURE,6098.0,1.742,1.004,1.004,0.0,0.0,,v22_calibrated,,,,20260514.0,15.0,True,32.0,True,26.2,,ELITE_SCORE,MATURE,9296,2.4.0,OK,,100.0,ATTACK,OK,OK,OK,OK,OK,OK,OK,0,7,True,True,True,"analyze_returned_none(ohlcv_len=371,mcap=580,in_top=True)",0,GREEN,,,70.0,BUY,1,전일 -8.8% · POC 76↑,0,0,0,0,,0.0,T=62<70 · S=100≥50,100.0,GREEN,,,0,False,0,HOLDING_MANAGE,TOP_PICK=0,,50.0,HOLDING_MANAGE,HOLDING_MANAGE,FX_HIGH_REGIME,1,0,0,1,0,0,0,0,0,CLEAR,,,0,0,0,0,0.0,HOLDING_MANAGE,1.0,BUY,,0.0,0.0,0.0,0.0,0.0,REJECT_NO_VALIDATED_RULE,4120.0,0.0,DEAD,1.0,보유 15일차 · 손익 +0.0% · 청산 검토,True,True,False,True,True,True,True,True,0.0,0.0,45.0,0.0,0.0,0.0,0.0,0.0,45.0,1.0,False,False,False,0,False,14.5,0.244,G3보유경과-45,,0,0,0,,14.5,0,,False,0.0,0.0,False,,False,True,,0
214,321260,프로이천,KOSDAQ,,3770,50.0,1062.8,,,CARRY,CARRY,7,False,1,False,0.0,80.9,100.0,35.9,84.6,,56.5,73.5,64.1,19.9,3.23,0.0,RR3.2 + 진입적정,0,3770.0,3200.0,5610.0,6140.0,,1.21,0.21,3247,31.2,DATA_UNAVAILABLE,0,32.24,50.1,0.16,STRUCT 강점,AI 보조,,캐리 재계산 실패: legacy snapshot,CRITICAL,75.3,반도체 제조업,5000000000.0,84.1,65.65,0,0,-6.68,-5.63,-11.71,50.2,128.62,105.9,61.78,134.15,88.14,0.123,0.058,1,12.0,1,0,2.61,0.42,0,0,0,1,1,3127.0,16.09,-0.2823,False,O,▲,4272,▼,X,X,2.72,250,0,1,1,1,6750.0,enter,100.0,NORMAL+PM_BLOCK_INTRADAY+EF:정상,15.12,6.0,3.2,normal,7.0,v1_sl_first_gap_at_open,NORMAL+PM_BLOCK_INTRADAY+EF:정상,SWING_20D,80,ATR_3.5x,45,FIBO_1.272,40,,,,,,0.1791398256915498,0.1343573549330594,0.0,OK,84.6,OK,25.0,25.0,6,1,0.55,0.25,0.2,STRUCT+TIMING+AI,,50,20260612,,,,,,,,CARRY_LEGACY,0.351,,False,0.3,True,,,,,,,,,,,,,20260528.0,1.0,False,0.0,True,48.8,,ELITE_SCORE,MATURE,9296,2.4.0,OK,,100.0,ATTACK,OK,OK,OK,OK,OK,OK,OK,0,7,True,True,True,"analyze_returned_none(ohlcv_len=371,mcap=834,in_top=True)",0,GREEN,,,65.0,WATCH,0,전일 -6.7%,0,0,1,0,,0.0,T=36<70 · S=100≥50,100.0,GREEN,,,0,False,0,HOLDING_MANAGE,TOP_PICK=0,,30.0,HOLDING_MANAGE,HOLDING_MANAGE,FX_HIGH_REGIME,1,0,0,1,0,0,0,0,0,CLEAR,,,0,0,0,0,0.0,HOLDING_MANAGE,0.0,WATCH,,0.0,0.0,0.0,0.0,0.0,REJECT_NO_VALIDATED_RULE,4040.0,-6.683168316831684,FRESH,0.0,,True,True,True,True,True,True,True,True,0.0,0.0,0.0,0.0,0.0,0.0,0.0,0.0,0.0,1.0,False,False,False,2,True,56.5,1.0,,,0,0,0,,56.5,0,,False,0.0,0.0,False,,False,True,,0
215,049480,오픈베이스,KOSDAQ,,3220,50.0,1011.8,,,CARRY,CARRY,7,False,1,False,0.0,62.0,100.0,12.9,84.2,,45.5,65.7,87.1,0.0,3.61,0.0,RR3.6 + 진입적정,0,3220.0,2950.0,4195.0,4690.0,,-0.12,0.18,3262,-7.62,DATA_UNAVAILABLE,0,42.62,64.2,6.76,STRUCT 강점,AI 보조,,캐리 재계산 실패: legacy snapshot,CRITICAL,75.3,"컴퓨터 프로그래밍, 시스템 통합 및 관리업",5000000000.0,86.8,70.85,0,0,-3.01,-6.8,-2.13,51.17,37.02,33.89,44.6,17.12,-1.94,0.562,0.562,0,12.0,1,0,2.65,0.53,0,0,0,1,1,2710.0,-1.29,-0.642,False,O,▲,3517,▼,X,X,-2.11,250,0,1,1,1,4815.0,enter,100.0,SWING+PM_BLOCK_INTRADAY+EF:정상,8.39,6.0,3.6,normal,7.0,v1_sl_first_gap_at_open,SWING+PM_BLOCK_INTRADAY+EF:정상,SWING_20D,80,ATR_3.5x,45,FIBO_1.272,40,,,,,,,,,,84.2,OK,25.12071517618332,25.12071517618332,6,1,0.4,0.4,0.2,STRUCT+TIMING+AI,,60,20260612,,,,,,,,CARRY_LEGACY,0.351,,False,0.3,True,,,,,,,,,,,,,20260506.0,23.0,True,35.0,True,30.3,,ELITE_SCORE,MATURE,9296,2.4.0,OK,,100.0,ATTACK,OK,OK,OK,OK,OK,OK,OK,0,7,True,True,True,"analyze_returned_none(ohlcv_len=371,mcap=671,in_top=True)",0,GREEN,,,85.0,BUY,1,,0,0,0,0,,0.0,T=13<70 · S=100≥50,100.0,GREEN,,,0,False,0,ENTRY_READY_BUT_NOT_TOP_PICK,TOP_PICK=0,진입조건은 양호하나 공식 Top Pick 아님,50.0,ENTRY_CLEAN_OBSERVE,ENTRY_CLEAN_OBSERVE,FX_HIGH_REGIME,1,0,0,1,0,0,0,0,0,CLEAR,,,0,0,0,0,0.0,ENTRY_CLEAN_OBSERVE,1.0,BUY,,0.0,0.0,0.0,0.0,0.0,REJECT_NO_VALIDATED_RULE,3320.0,-3.0120481927710845,DEAD,1.0,보유 23일차 · 손익 -3.0% · 청산 검토,True,True,False,True,False,True,True,True,0.0,0.0,45.0,0.0,20.0,0.0,0.0,0.0,65.0,1.0,False,True,False,3,False,0.0,0.0,G3보유경과-45 · G5추세붕괴3축,,0,0,0,,0.0,0,,False,0.0,0.0,False,,False,True,,0
216,096350,대창솔루션,KOSDAQ,,2725,50.0,1004.3,,,CARRY,CARRY,7,False,1,False,0.0,38.2,20.7,44.0,61.4,,37.1,42.0,40.7,49.1,3.23,0.0,RR3.2 + 진입적정,0,2725.0,2530.0,3355.0,4180.0,,-1.39,0.94,3023,14.1,DATA_UNAVAILABLE,5,-10.0,38.6,-10.59,거래품질 우수,,저점 이탈,캐리 재계산 실패: legacy snapshot,CRITICAL,75.3,"구조용 금속제품, 탱크 및 증기발생기 제조업",5000000000.0,52.6,15.08,1,0,-5.22,-12.1,-15.37,-7.94,24.71,25.0,-15.92,0.53,-18.53,0.554,0.216,1,12.0,1,1,3.2,0.15,0,0,0,0,1,2716.0,-9.88,-0.3639,True,O,▲,3027,▼,X,X,-2.26,250,0,1,1,1,4830.0,enter,100.0,SWING+PM_BLOCK_INTRADAY+EF:정상,7.16,6.0,3.2,normal,7.0,v1_sl_first_gap_at_open,SWING+PM_BLOCK_INTRADAY+EF:정상,SWING_20D,80,SWING_60D,60,FIBO_1.272,40,,,,,,0.0726081258191349,0.0071502607291204,0.365079365079365,OK,61.4,OK,26.08779556690889,26.08779556690889,4,1,0.4,0.4,0.2,STRUCT+TIMING+AI,,70,20260612,,,,,,,,CARRY_LEGACY,0.351,,False,0.3,True,,,,,,,,,,,,,20260424.0,35.0,True,35.0,True,23.1,,ELITE_SCORE,MATURE,9296,2.4.0,OK,,100.0,ATTACK,OK,OK,OK,OK,OK,OK,OK,0,7,True,True,True,"analyze_returned_none(ohlcv_len=371,mcap=748,in_top=True)",0,GREEN,,,70.0,BUY,1,전일 -5.2%,0,0,0,0,,0.0,T=44<70,100.0,GREEN,,,0,False,0,ENTRY_READY_BUT_NOT_TOP_PICK,TOP_PICK=0,진입조건은 양호하나 공식 Top Pick 아님,50.0,ENTRY_CLEAN_OBSERVE,ENTRY_CLEAN_OBSERVE,FX_HIGH_REGIME,1,0,0,1,0,0,0,0,0,CLEAR,,,0,0,0,0,0.0,ENTRY_CLEAN_OBSERVE,1.0,BUY,,0.0,0.0,0.0,0.0,0.0,REJECT_NO_VALIDATED_RULE,3220.0,-15.372670807453417,DEAD,1.0,보유 35일차 · 손익 -15.4% · 청산 검토,True,True,False,True,False,True,True,True,0.0,0.0,45.0,0.0,20.0,0.0,0.0,0.0,65.0,1.0,False,True,False,3,False,0.0,0.0,G3보유경과-45 · G5추세붕괴3축,,0,0,0,,0.0,0,,False,0.0,0.0,False,,False,True,,0
217,039610,화성밸브,KOSDAQ,,9740,50.0,1014.0,,,CARRY,CARRY,7,False,1,False,0.0,42.1,72.6,2.0,61.1,,31.3,45.2,70.6,11.8,3.59,0.0,RR3.6 + 진입적정,0,9740.0,9200.0,11680.0,12980.0,,-1.95,0.3,9757,-0.94,DATA_UNAVAILABLE,1,22.77,49.4,-0.57,STRUCT 강점,AI 보조,,캐리 재계산 실패: legacy snapshot,CRITICAL,75.3,일반 목적용 기계 제조업,5000000000.0,79.2,8.87,1,1,0.62,-4.51,-0.2,27.15,11.95,20.25,20.58,-7.95,-15.58,0.406,0.406,0,12.0,0,0,4.01,0.51,0,0,0,0,1,8855.0,-0.18,-0.2629,True,O,▲,9886,▼,X,X,2.79,250,0,1,1,1,14630.0,enter,100.0,SWING+PM_BLOCK_INTRADAY+EF:정상,5.54,6.0,3.6,normal,7.0,v1_sl_first_gap_at_open,SWING+PM_BLOCK_INTRADAY+EF:정상,SWING_20D,80,FIBO_1.272,40,FIBO_1.618,25,,,,,,,,,,61.1,OK,5.0,5.0,8,1,0.4,0.4,0.2,STRUCT+TIMING+AI,,60,20260612,,,,,,,,CARRY_LEGACY,0.351,,False,0.3,True,,,,,,,,,,,,,20260429.0,30.0,True,35.0,True,19.9,,ELITE_SCORE,MATURE,9296,2.4.0,OK,,100.0,ATTACK,OK,OK,OK,OK,OK,OK,OK,0,7,True,True,True,"analyze_returned_none(ohlcv_len=371,mcap=693,in_top=True)",0,GREEN,,,100.0,BUY,1,,0,0,0,0,,0.0,T=2<70 · S=73≥50,100.0,GREEN,,,0,False,0,ENTRY_READY_BUT_NOT_TOP_PICK,TOP_PICK=0,진입조건은 양호하나 공식 Top Pick 아님,50.0,ENTRY_CLEAN_OBSERVE,ENTRY_CLEAN_OBSERVE,FX_HIGH_REGIME,1,0,0,1,0,0,0,0,0,CLEAR,,,0,0,0,0,0.0,ENTRY_CLEAN_OBSERVE,1.0,BUY,,0.0,0.0,0.0,0.0,0.0,REJECT_NO_VALIDATED_RULE,10250.0,-4.975609756097561,DEAD,1.0,보유 30일차 · 손익 -5.0% · 청산 검토,False,True,False,True,False,True,True,True,0.0,0.0,45.0,0.0,20.0,0.0,0.0,0.0,65.0,1.0,True,True,False,4,False,0.0,0.0,G1유동성차단 · G3보유경과-45 · G5추세붕괴4축,,0,0,0,,0.0,0,,False,0.0,0.0,False,,False,True,,0
218,137950,제이씨케미칼,KOSDAQ,,4520,50.0,1006.5,,,CARRY,CARRY,7,False,1,False,0.0,38.7,68.6,20.6,15.0,,29.1,34.7,53.6,33.0,4.2,0.0,RR4.2 + 진입적정,0,4520.0,4215.0,5800.0,6480.0,,-0.98,0.25,4834,4.68,DATA_UNAVAILABLE,1,5.71,50.7,-1.32,STRUCT 강점,,,캐리 재계산 실패: legacy snapshot,CRITICAL,75.3,기타 화학제품 제조업,5000000000.0,70.1,17.83,1,0,-0.66,-5.04,2.38,-19.0,39.29,41.47,-29.21,8.34,-14.25,0.586,0.387,1,12.0,0,0,2.17,0.24,0,0,0,0,1,4029.0,-6.51,0.0001,True,O,▲,4702,▲,X,X,0.0,250,0,1,1,1,7380.0,enter,100.0,SWING+PM_BLOCK_INTRADAY+EF:정상,6.75,6.0,4.2,normal,7.0,v1_sl_first_gap_at_open,SWING+PM_BLOCK_INTRADAY+EF:정상,SWING_20D,80,SWING_60D,60,FIBO_1.272,40,,,,,,,,,,15.0,OK,5.0,5.0,10,1,0.4,0.4,0.2,STRUCT+TIMING+AI,,60,20260612,,,,,,,,CARRY_LEGACY,0.351,,False,0.3,True,,,,,,,,,,,,,20260501.0,28.0,True,35.0,True,28.3,,ELITE_SCORE,MATURE,9296,2.4.0,OK,,100.0,ATTACK,OK,OK,OK,OK,OK,OK,OK,0,7,True,True,True,"analyze_returned_none(ohlcv_len=371,mcap=662,in_top=True)",0,GREEN,,,90.0,BUY,1,,0,0,0,0,,0.0,T=21<70 · S=69≥50,100.0,GREEN,,,0,False,0,ENTRY_READY_BUT_NOT_TOP_PICK,TOP_PICK=0,진입조건은 양호하나 공식 Top Pick 아님,50.0,ENTRY_CLEAN_OBSERVE,ENTRY_CLEAN_OBSERVE,FX_HIGH_REGIME,1,0,0,1,0,0,0,0,0,CLEAR,,,0,0,0,0,0.0,ENTRY_CLEAN_OBSERVE,1.0,BUY,,0.0,0.0,0.0,0.0,0.0,REJECT_NO_VALIDATED_RULE,4755.0,-4.942166140904311,DEAD,1.0,보유 28일차 · 손익 -4.9% · 청산 검토,True,False,False,True,True,True,True,True,0.0,0.0,45.0,0.0,0.0,0.0,0.0,0.0,45.0,0.5,False,False,False,1,False,0.0,0.0,G2RR×0.5 · G3보유경과-45,,0,0,0,,0.0,0,,False,0.0,0.0,False,,False,True,,0
219,382480,지아이텍,KOSDAQ,,2550,50.0,1003.6,,,CARRY,CARRY,7,False,1,False,0.0,30.8,27.2,17.2,57.6,,27.2,34.0,40.4,49.5,2.65,0.0,RR2.6 + 진입적정,0,2550.0,2280.0,3265.0,3610.0,,-0.36,0.48,2647,-3.88,DATA_UNAVAILABLE,1,-7.28,40.4,-5.03,AI 강점,,저점 이탈,캐리 재계산 실패: legacy snapshot,CRITICAL,75.3,특수 목적용 기계 제조업,5000000000.0,71.2,16.4,1,0,-5.56,-0.58,-0.58,-9.09,-4.67,27.18,-3.22,-0.04,-1.98,0.343,0.343,0,12.0,0,0,1.92,0.21,0,0,0,0,1,2465.0,-3.7,0.2249,False,O,▲,2565,▲,X,X,2.59,250,0,1,1,1,4050.0,enter,100.0,SWING+PM_BLOCK_INTRADAY+EF:정상,10.59,6.0,2.6,normal,7.0,v1_sl_first_gap_at_open,SWING+PM_BLOCK_INTRADAY+EF:정상,SWING_20D,80,FIBO_1.272,40,FIBO_1.618,25,,,,,,0.0864145658263305,0.0316232741439138,0.0,OK,57.6,OK,16.804062012328075,16.804062012328075,6,1,0.55,0.25,0.2,STRUCT+TIMING+AI,,50,20260612,,,,,,,,CARRY_LEGACY,0.351,,False,0.3,True,,,,,,,,,,,,,20260514.0,15.0,True,35.0,True,28.0,,ELITE_SCORE,MATURE,9296,2.4.0,OK,,100.0,ATTACK,OK,OK,OK,OK,OK,OK,OK,0,7,True,True,True,"analyze_returned_none(ohlcv_len=371,mcap=807,in_top=True)",0,GREEN,,,70.0,BUY,1,전일 -5.6%,0,0,0,0,,0.0,T=17<70,100.0,GREEN,,,0,False,0,ENTRY_READY_BUT_NOT_TOP_PICK,TOP_PICK=0,진입조건은 양호하나 공식 Top Pick 아님,50.0,ENTRY_CLEAN_OBSERVE,ENTRY_CLEAN_OBSERVE,FX_HIGH_REGIME,1,0,0,1,0,0,0,0,0,CLEAR,,,0,0,0,0,0.0,ENTRY_CLEAN_OBSERVE,1.0,BUY,,0.0,0.0,0.0,0.0,0.0,REJECT_NO_VALIDATED_RULE,2845.0,-10.369068541300527,DEAD,1.0,보유 15일차 · 손익 -10.4% · 강한 청산 검토,True,False,False,True,True,True,True,True,0.0,0.0,45.0,0.0,0.0,0.0,0.0,0.0,45.0,0.5,False,False,False,2,False,0.0,0.0,G2RR×0.5 · G3보유경과-45,,0,0,0,,0.0,0,,False,0.0,0.0,False,,False,True,,0
220,006890,태경케미컬,KOSDAQ,,8690,50.0,1008.0,,,CARRY,CARRY,7,False,1,False,0.0,36.8,69.5,13.2,18.5,,27.0,33.7,56.3,29.6,1.42,0.0,RR1.4 + 진입적정,0,8690.0,8210.0,9370.0,11640.0,,-0.63,0.67,9491,-5.91,DATA_UNAVAILABLE,4,9.72,46.5,-0.45,STRUCT 강점,,,캐리 재계산 실패: legacy snapshot,CRITICAL,75.3,기초 화학물질 제조업,5000000000.0,58.4,7.82,1,1,-1.36,-2.69,-1.25,-5.75,21.03,3.33,-15.96,-9.92,-52.39,0.854,0.2,0,6.0,1,0,3.75,0.59,0,0,0,0,1,8330.0,-8.45,0.0026,True,O,▲,8886,▼,X,X,-0.57,250,0,1,1,1,12920.0,enter,100.0,SWING+PM_BLOCK_INTRADAY+EF:정상,5.52,6.0,1.4,normal,7.0,v1_sl_first_gap_at_open,SWING+PM_BLOCK_INTRADAY+EF:정상,SWING_20D,80,SWING_60D,60,FIBO_1.272,40,,,,,,,,,,18.5,OK,11.8945850383314,11.8945850383314,10,1,0.4,0.4,0.2,STRUCT+TIMING+AI,,60,20260612,,,,,,,,CARRY_LEGACY,0.351,,False,0.3,True,,,,,,,,,,,,,20260409.0,50.0,True,35.0,True,7.8,,ELITE_SCORE,MATURE,9296,2.4.0,OK,,100.0,ATTACK,OK,OK,OK,OK,OK,OK,OK,0,7,True,True,True,"analyze_returned_none(ohlcv_len=371,mcap=749,in_top=True)",0,GREEN,,,100.0,BUY,1,,0,0,0,0,,0.0,T=13<70 · S=70≥50,100.0,GREEN,,,0,False,0,ENTRY_READY_BUT_NOT_TOP_PICK,TOP_PICK=0,진입조건은 양호하나 공식 Top Pick 아님,50.0,ENTRY_CLEAN_OBSERVE,ENTRY_CLEAN_OBSERVE,FX_HIGH_REGIME,1,0,0,1,0,0,0,0,0,CLEAR,,,0,0,0,0,0.0,ENTRY_CLEAN_OBSERVE,1.0,BUY,,0.0,0.0,0.0,0.0,0.0,REJECT_NO_VALIDATED_RULE,8390.0,3.575685339690107,DEAD,1.0,보유 50일차 · 손익 +3.6% · 청산 검토,False,False,False,True,False,True,True,True,0.0,0.0,45.0,0.0,20.0,0.0,0.0,0.0,65.0,0.5,True,True,False,3,False,0.0,0.0,G1유동성차단 · G2RR×0.5 · G3보유경과-45 · G5추세붕괴3축,,0,0,0,,0.0,0,,False,0.0,0.0,False,,False,True,,0
221,382150,온코크로스,KOSDAQ,,8200,50.0,1000.1,,,CARRY,CARRY,7,False,1,False,0.0,28.5,46.2,0.0,50.0,,23.1,32.1,50.0,37.5,3.15,0.0,RR3.1 + 진입적정,0,8200.0,7550.0,10250.0,10460.0,,-0.6,0.18,8261,-10.09,DATA_UNAVAILABLE,1,14.73,54.6,-0.82,저점추세 양호,,,캐리 재계산 실패: legacy snapshot,CRITICAL,75.3,자연과학 및 공학 연구개발업,5000000000.0,81.2,31.95,0,0,-3.53,-6.82,3.02,5.81,-3.87,-19.37,-4.4,-34.82,-75.09,0.712,0.274,0,12.0,1,0,4.97,0.41,0,0,0,0,1,6546.0,-0.75,-0.4073,False,X,▼,9088,▼,X,X,0.59,250,0,-1,-1,1,10900.0,enter,100.0,SWING+PM_BLOCK_INTRADAY+EF:정상,7.93,6.0,3.2,normal,7.0,v1_sl_first_gap_at_open,SWING+PM_BLOCK_INTRADAY+EF:정상,SWING_20D,80,SWING_60D,60,ATR_3.5x,45,,,,,,,,,,50.0,OK,11.0,11.0,6,1,0.4,0.4,0.2,STRUCT+TIMING+AI,,60,20260612,,,,,,,,CARRY_LEGACY,0.351,,False,0.3,True,,,,,,,,,,,,,20260428.0,31.0,True,35.0,True,25.0,,ELITE_SCORE,MATURE,9296,2.4.0,OK,,100.0,ATTACK,OK,OK,OK,OK,OK,OK,OK,0,7,True,True,True,"analyze_returned_none(ohlcv_len=358,mcap=585,in_top=True)",0,GREEN,,,100.0,BUY,1,,0,0,0,0,,0.0,T=0<70,100.0,GREEN,,,0,False,0,ENTRY_READY_BUT_NOT_TOP_PICK,TOP_PICK=0,진입조건은 양호하나 공식 Top Pick 아님,50.0,ENTRY_CLEAN_OBSERVE,ENTRY_CLEAN_OBSERVE,FX_HIGH_REGIME,1,0,0,1,0,0,0,0,0,CLEAR,,,0,0,0,0,0.0,ENTRY_CLEAN_OBSERVE,1.0,BUY,,0.0,0.0,0.0,0.0,0.0,REJECT_NO_VALIDATED_RULE,9150.0,-10.382513661202186,DEAD,1.0,보유 31일차 · 손익 -10.4% · 강한 청산 검토,True,False,False,True,False,True,True,True,0.0,0.0,45.0,0.0,20.0,0.0,0.0,0.0,65.0,0.3,False,True,False,4,False,0.0,0.0,G2RR×0.3 · G3보유경과-45 · G5추세붕괴4축,,0,0,0,,0.0,0,,False,0.0,0.0,False,,False,True,,0
222,37550L,DL이앤씨2우(전환),KOSDAQ,,48000,50.0,1013.7,,,CARRY,CARRY,7,False,1,False,0.0,23.5,11.4,10.7,72.7,,22.3,31.6,62.0,22.5,2.07,0.0,RR2.1 + 진입적정,0,48000.0,40800.0,62900.0,71400.0,,-1.89,0.73,51749,-14.08,DATA_UNAVAILABLE,0,-13.8,37.6,-8.86,AI 강점,,저점 이탈,캐리 재계산 실패: legacy snapshot,CRITICAL,75.3,기타,5000000000.0,35.4,38.89,0,0,-4.0,2.89,-6.43,-19.19,18.23,62.16,-13.32,22.86,33.0,0.586,0.169,0,12.0,0,0,1.65,0.25,0,0,0,0,-1,55565.0,-7.25,0.5965,False,O,▲,45816,▲,O,X,0.6,250,0,1,1,1,82000.0,enter,100.0,NORMAL+PM_BLOCK_INTRADAY+EF:정상,15.0,6.0,2.1,normal,7.0,v1_sl_first_gap_at_open,NORMAL+PM_BLOCK_INTRADAY+EF:정상,SWING_20D,80,FIBO_1.272,40,FIBO_1.618,25,,,,,,0.0707589285714285,-0.0708001827895401,0.0,OK,72.7,OK,23.13495776120635,23.13495776120635,4,1,0.55,0.25,0.2,STRUCT+TIMING+AI,,50,20260612,,,,,,,,CARRY_LEGACY,0.351,,False,0.3,True,,,,,,,,,,,,,20260409.0,50.0,True,35.0,True,31.0,,ELITE_SCORE,MATURE,9296,2.4.0,OK,,100.0,ATTACK,OK,OK,OK,OK,OK,OK,OK,0,7,True,True,True,"analyze_returned_none(ohlcv_len=371,mcap=956,in_top=True)",0,GREEN,,,90.0,BUY,1,,0,0,0,0,,0.0,T=11<70,100.0,GREEN,,,0,False,0,ENTRY_READY_BUT_NOT_TOP_PICK,TOP_PICK=0,진입조건은 양호하나 공식 Top Pick 아님,50.0,ENTRY_CLEAN_OBSERVE,ENTRY_CLEAN_OBSERVE,FX_HIGH_REGIME,1,0,0,1,0,0,0,0,0,CLEAR,,,0,0,0,0,0.0,ENTRY_CLEAN_OBSERVE,1.0,BUY,,0.0,0.0,0.0,0.0,0.0,REJECT_NO_VALIDATED_RULE,56700.0,-15.343915343915343,DEAD,1.0,보유 50일차 · 손익 -15.3% · 강한 청산 검토,True,False,False,True,False,True,True,True,0.0,0.0,45.0,0.0,20.0,0.0,0.0,0.0,65.0,0.5,False,True,False,3,False,0.0,0.0,G2RR×0.5 · G3보유경과-45 · G5추세붕괴3축,,0,0,0,,0.0,0,,False,0.0,0.0,False,,False,True,,0
223,002720,국제약품,KOSDAQ,,4780,50.0,1011.4,,,CARRY,CARRY,7,False,1,False,0.0,23.7,27.4,10.4,42.9,,21.7,26.9,32.5,59.4,1.56,0.0,RR1.6 + 진입적정,0,4780.0,4555.0,5130.0,5470.0,⚡눌림회복,-0.44,0.44,4888,-3.94,DATA_UNAVAILABLE,5,0.97,47.0,-0.78,,,,캐리 재계산 실패: legacy snapshot,CRITICAL,75.3,의약품 제조업,5000000000.0,56.2,6.28,1,1,0.63,0.1,-0.83,-1.85,3.69,15.18,-9.34,-18.99,-25.65,0.62,0.62,0,6.0,1,0,1.26,0.26,0,0,0,0,1,4591.0,-2.22,-0.0063,True,O,▲,4795,▼,X,X,0.32,250,0,1,1,1,5780.0,enter,100.0,SWING+PM_BLOCK_INTRADAY+EF:정상,4.71,6.0,1.6,normal,7.0,v1_sl_first_gap_at_open,SWING+PM_BLOCK_INTRADAY+EF:정상,SWING_20D,80,SWING_60D,60,FIBO_1.272,40,,,,,,,,,,42.9,OK,13.87402491481038,13.87402491481038,8,1,0.4,0.4,0.2,STRUCT+TIMING+AI,,60,20260612,,,,,,,,CARRY_LEGACY,0.351,,False,0.3,True,,,,,,,,,,,,,20260409.0,50.0,True,35.0,True,7.3,,ELITE_SCORE,MATURE,9296,2.4.0,OK,,100.0,ATTACK,OK,OK,OK,OK,OK,OK,OK,0,7,True,True,True,"analyze_returned_none(ohlcv_len=371,mcap=745,in_top=True)",0,GREEN,,,90.0,BUY,1,,0,0,0,0,,0.0,T=10<70,100.0,GREEN,,,0,False,0,ENTRY_READY_BUT_NOT_TOP_PICK,TOP_PICK=0,진입조건은 양호하나 공식 Top Pick 아님,50.0,ENTRY_CLEAN_OBSERVE,ENTRY_CLEAN_OBSERVE,FX_HIGH_REGIME,1,0,0,1,0,0,0,0,0,CLEAR,,,0,0,0,0,0.0,ENTRY_CLEAN_OBSERVE,1.0,BUY,,0.0,0.0,0.0,0.0,0.0,REJECT_NO_VALIDATED_RULE,4830.0,-1.0351966873706004,DEAD,1.0,보유 50일차 · 손익 -1.0% · 청산 검토,False,False,False,True,False,True,True,True,0.0,0.0,45.0,0.0,20.0,0.0,0.0,0.0,65.0,0.5,True,True,False,4,False,0.0,0.0,G1유동성차단 · G2RR×0.5 · G3보유경과-45 · G5추세붕괴4축,,0,0,0,,0.0,0,,False,0.0,0.0,False,,False,True,,0
224,357230,에이치피오,KOSDAQ,,2450,50.0,1011.7,,,CARRY,CARRY,7,False,1,False,0.0,28.9,26.4,0.6,71.1,,21.4,32.7,70.5,11.9,5.45,0.0,RR5.5 + 진입적정,0,2450.0,2295.0,3295.0,3565.0,,-3.03,0.28,2831,-14.45,DATA_UNAVAILABLE,5,-6.32,37.5,-11.65,AI 강점,,저점 이탈,캐리 재계산 실패: legacy snapshot,CRITICAL,75.3,기타 식품 제조업,5000000000.0,70.8,16.89,1,0,-4.67,-16.67,-13.73,-3.35,4.93,3.59,10.6,-2.39,-10.25,0.92,0.151,0,12.0,0,0,2.1,0.09,0,0,0,0,-1,2964.5,-13.48,-0.4502,True,X,▲,2727,▼,X,X,0.0,250,0,1,1,1,3905.0,enter,100.0,SWING+PM_BLOCK_INTRADAY+EF:정상,6.33,6.0,5.5,normal,7.0,v1_sl_first_gap_at_open,SWING+PM_BLOCK_INTRADAY+EF:정상,SWING_20D,80,FIBO_1.272,40,FIBO_1.618,25,,,,,,0.0790087463556851,-0.0804781029812712,0.0909090909090909,OK,71.1,OK,5.0,5.0,4,1,0.55,0.25,0.2,STRUCT+TIMING+AI,,50,20260612,,,,,,,,CARRY_LEGACY,0.351,,False,0.3,True,,,,,,,,,,,,,20260512.0,0.0,False,0.0,True,34.5,,ELITE_SCORE,MATURE,9296,2.4.0,OK,,100.0,ATTACK,OK,OK,OK,OK,OK,OK,OK,0,7,True,True,True,"analyze_returned_none(ohlcv_len=371,mcap=950,in_top=True)",0,GREEN,,,90.0,BUY,1,,0,0,0,0,,0.0,T=1<70,100.0,GREEN,,,0,False,0,ENTRY_READY_BUT_NOT_TOP_PICK,TOP_PICK=0,진입조건은 양호하나 공식 Top Pick 아님,50.0,ENTRY_CLEAN_OBSERVE,ENTRY_CLEAN_OBSERVE,FX_HIGH_REGIME,1,0,0,1,0,0,0,0,0,CLEAR,,,0,0,0,0,0.0,,,,,,,,,,REJECT_NO_VALIDATED_RULE,2710.0,-9.59409594095941,FRESH,0.0,,True,False,True,True,False,True,True,True,0.0,0.0,0.0,0.0,20.0,0.0,0.0,0.0,20.0,0.5,False,True,False,5,False,0.0,0.0,G2RR×0.5 · G5추세붕괴5축,,0,0,0,,0.0,0,,False,0.0,0.0,False,,False,True,,0
225,046210,HLB파나진,KOSDAQ,,2205,50.0,1002.6,,,CARRY,CARRY,7,False,1,False,0.0,20.9,24.2,19.1,17.8,,20.0,20.4,6.4,92.0,4.5,0.0,밸런스우수 + RR4.5 + 진입적정,0,2205.0,2095.0,2700.0,2940.0,,-2.7,0.79,2242,22.58,DATA_UNAVAILABLE,2,0.47,44.6,-7.58,,,,캐리 재계산 실패: legacy snapshot,CRITICAL,75.3,의료용품 및 기타 의약 관련제품 제조업,5000000000.0,49.6,22.76,0,0,0.92,-10.91,-12.5,-11.09,17.54,30.47,-21.08,-12.74,-24.04,0.368,0.28,1,12.0,0,0,1.93,0.1,0,0,0,0,1,2133.5,-1.67,-0.3759,True,O,▲,2311,▼,X,X,0.0,250,0,1,1,1,3310.0,enter,100.0,,4.99,6.0,4.5,,,v1_sl_first_gap_at_open,SWING+PM_BLOCK_INTRADAY+EF:정상,SWING_20D,80,SWING_60D,60,FIBO_1.272,40,,,,,,,,,,17.8,OK,12.728371673051932,12.728371673051932,4,1,0.4,0.4,0.2,STRUCT+TIMING+AI,,60,20260612,,,,,,,,CARRY_LEGACY,0.351,,False,0.3,True,,,,,,,,,,,,,20260409.0,50.0,True,35.0,True,22.4,,ELITE_SCORE,MATURE,9296,2.4.0,OK,,100.0,ATTACK,OK,OK,OK,OK,OK,OK,OK,0,7,True,True,True,"analyze_returned_none(ohlcv_len=371,mcap=660,in_top=True)",0,GREEN,,,90.0,BUY,1,,0,0,0,0,,0.0,T=19<70,100.0,GREEN,,,0,False,0,ENTRY_READY_BUT_NOT_TOP_PICK,TOP_PICK=0,진입조건은 양호하나 공식 Top Pick 아님,50.0,ENTRY_CLEAN_OBSERVE,ENTRY_CLEAN_OBSERVE,FX_HIGH_REGIME,1,0,0,1,0,0,0,0,0,CLEAR,,,0,0,0,0,0.0,ENTRY_CLEAN_OBSERVE,1.0,BUY,,0.0,0.0,0.0,0.0,0.0,REJECT_NO_VALIDATED_RULE,2405.0,-8.316008316008316,DEAD,1.0,보유 50일차 · 손익 -8.3% · 강한 청산 검토,False,False,False,True,False,True,True,True,0.0,0.0,45.0,0.0,20.0,0.0,0.0,0.0,65.0,0.5,True,True,False,3,False,0.0,0.0,G1유동성차단 · G2RR×0.5 · G3보유경과-45 · G5추세붕괴3축,,0,0,0,,0.0,0,,False,0.0,0.0,False,,False,True,,0
226,282720,금양그린파워,KOSDAQ,,8460,50.0,1025.3,,,CARRY,CARRY,7,False,1,False,0.0,18.7,0.0,2.6,90.2,,19.0,30.9,90.2,0.0,17.22,0.0,RR17.2 + 진입적정,0,8460.0,7970.0,16900.0,20200.0,,-2.64,0.57,15820,-48.71,DATA_UNAVAILABLE,0,-26.54,12.2,-29.17,AI 강점,,MFI 약세,캐리 재계산 실패: legacy snapshot,CRITICAL,75.3,전기 및 통신 공사업,5000000000.0,14.9,79.9,0,0,-4.3,-20.64,-27.82,-47.45,-31.5,-28.55,-33.5,-23.4,,0.998,0.005,0,12.0,0,0,8.73,0.03,0,0,0,0,-1,11001.0,-46.53,0.0662,True,X,▼,8779,▼,X,X,0.0,250,0,-1,-1,1,,enter,100.0,SWING+PM_BLOCK_INTRADAY+EF:정상,5.79,6.0,17.2,normal,7.0,v1_sl_first_gap_at_open,SWING+PM_BLOCK_INTRADAY+EF:정상,SWING_20D,80,SWING_60D,60,,0,,,,,,0.099966227625802,-0.0152980813053035,0.2051282051282051,OK,90.2,OK,15.83362091867025,15.83362091867025,4,1,0.55,0.25,0.2,STRUCT+TIMING+AI,,50,20260612,,,,,,,,CARRY_LEGACY,0.351,,False,0.3,True,,,,,,,,,,,,,20260505.0,0.0,False,0.0,True,99.8,,ELITE_SCORE,MATURE,9296,2.4.0,OK,,100.0,ATTACK,OK,OK,OK,OK,OK,OK,OK,0,7,True,True,True,"analyze_returned_none(ohlcv_len=371,mcap=967,in_top=True)",0,GREEN,,,80.0,BUY,1,,0,0,0,0,,0.0,T=3<70,100.0,GREEN,,,0,False,0,ENTRY_READY_BUT_NOT_TOP_PICK,TOP_PICK=0,진입조건은 양호하나 공식 Top Pick 아님,50.0,ENTRY_CLEAN_OBSERVE,ENTRY_CLEAN_OBSERVE,FX_HIGH_REGIME,1,0,0,1,0,0,0,0,0,CLEAR,,,0,0,0,0,0.0,,,,,,,,,,REJECT_NO_VALIDATED_RULE,16420.0,-48.47746650426309,FRESH,0.0,,False,False,True,True,False,True,True,True,0.0,0.0,0.0,0.0,20.0,0.0,0.0,0.0,20.0,0.5,True,True,False,4,False,0.0,0.0,G1유동성차단 · G2RR×0.5 · G5추세붕괴4축,,0,0,0,,0.0,0,,False,0.0,0.0,False,,False,True,,0
227,228670,레이,KOSDAQ,,6500,50.0,1016.6,,,CARRY,CARRY,7,False,1,False,0.0,22.3,12.2,0.0,77.8,,18.6,30.0,77.8,2.8,8.65,0.0,RR8.7 + 진입적정,0,6500.0,6100.0,9960.0,11690.0,,-1.8,0.59,7977,-9.82,DATA_UNAVAILABLE,0,-9.5,31.7,-14.36,AI 강점,,저점 이탈,캐리 재계산 실패: legacy snapshot,CRITICAL,75.3,의료용 기기 제조업,5000000000.0,33.4,43.16,0,0,-4.55,-7.93,-8.84,-21.88,19.27,54.39,-16.0,23.9,25.23,0.574,0.274,0,12.0,0,0,2.34,0.06,0,0,0,0,-1,8535.0,-18.52,0.2371,True,O,▲,6701,▼,X,X,2.35,250,0,1,1,1,13600.0,enter,100.0,SWING+PM_BLOCK_INTRADAY+EF:정상,6.15,6.0,8.7,normal,7.0,v1_sl_first_gap_at_open,SWING+PM_BLOCK_INTRADAY+EF:정상,SWING_20D,80,SWING_60D,60,FIBO_1.272,40,,,,,,0.096043956043956,-0.0362786442714964,0.0422535211267605,OK,77.8,OK,17.591099672883907,17.591099672883907,4,1,0.55,0.25,0.2,STRUCT+TIMING+AI,,50,20260612,,,,,,,,CARRY_LEGACY,0.351,,False,0.3,True,,,,,,,,,,,,,20260429.0,30.0,True,35.0,True,53.2,,ELITE_SCORE,MATURE,9296,2.4.0,OK,,100.0,ATTACK,OK,OK,OK,OK,OK,OK,OK,0,7,True,True,True,"analyze_returned_none(ohlcv_len=371,mcap=707,in_top=True)",0,GREEN,,,90.0,BUY,1,,0,0,0,0,,0.0,T=0<70,100.0,GREEN,,,0,False,0,ENTRY_READY_BUT_NOT_TOP_PICK,TOP_PICK=0,진입조건은 양호하나 공식 Top Pick 아님,50.0,ENTRY_CLEAN_OBSERVE,ENTRY_CLEAN_OBSERVE,FX_HIGH_REGIME,1,0,0,1,0,0,0,0,0,CLEAR,,,0,0,0,0,0.0,ENTRY_CLEAN_OBSERVE,1.0,BUY,,0.0,0.0,0.0,0.0,0.0,REJECT_NO_VALIDATED_RULE,9480.0,-31.434599156118143,DEAD,1.0,보유 30일차 · 손익 -31.4% · 강한 청산 검토,True,False,False,True,False,True,True,True,0.0,0.0,45.0,0.0,20.0,0.0,0.0,0.0,65.0,0.3,False,True,False,4,False,0.0,0.0,G2RR×0.3 · G3보유경과-45 · G5추세붕괴4축,,0,0,0,,0.0,0,,False,0.0,0.0,False,,False,True,,0
228,079810,APS이노베이션,KOSDAQ,,4685,50.0,1008.6,,,CARRY,CARRY,7,False,1,False,0.0,15.9,0.0,13.0,63.2,,18.2,25.4,63.2,21.0,18.21,0.0,RR18.2 + 진입적정,0,4685.0,4515.0,7780.0,8440.0,,-1.73,0.87,6315,-19.77,DATA_UNAVAILABLE,0,-12.34,23.6,-18.49,AI 강점,,저점 이탈,캐리 재계산 실패: legacy snapshot,CRITICAL,75.3,기타 전기장비 제조업,5000000000.0,28.1,55.57,0,0,-6.67,-5.07,-14.04,-37.03,-6.3,-11.6,-31.16,-1.67,-40.76,0.924,0.22,0,12.0,0,0,1.93,0.01,0,0,0,0,-1,6018.0,-25.82,0.5307,True,X,▲,4683,▼,O,X,0.6,250,0,1,-1,1,9700.0,enter,100.0,SWING+PM_BLOCK_INTRADAY+EF:정상,3.63,6.0,18.2,normal,7.0,v1_sl_first_gap_at_open,SWING+PM_BLOCK_INTRADAY+EF:정상,SWING_20D,80,SWING_60D,60,FIBO_1.272,40,,,,,,0.0827107790821771,-0.0477466830302376,0.0705882352941176,OK,63.2,OK,29.6633169378768,29.6633169378768,4,1,0.55,0.25,0.2,STRUCT+TIMING+AI,,50,20260612,,,,,,,,CARRY_LEGACY,0.351,,False,0.3,True,,,,,,,,,,,,,20260428.0,31.0,True,35.0,True,66.1,,ELITE_SCORE,MATURE,9296,2.4.0,OK,,100.0,ATTACK,OK,OK,OK,OK,OK,OK,OK,0,7,True,True,True,"analyze_returned_none(ohlcv_len=371,mcap=825,in_top=True)",0,GREEN,,,70.0,BUY,1,전일 -6.7%,0,0,0,0,,0.0,T=13<70,100.0,GREEN,,,0,False,0,ENTRY_READY_BUT_NOT_TOP_PICK,TOP_PICK=0,진입조건은 양호하나 공식 Top Pick 아님,50.0,ENTRY_CLEAN_OBSERVE,ENTRY_CLEAN_OBSERVE,FX_HIGH_REGIME,1,0,0,1,0,0,0,0,0,CLEAR,,,0,0,0,0,0.0,ENTRY_CLEAN_OBSERVE,1.0,BUY,,0.0,0.0,0.0,0.0,0.0,REJECT_NO_VALIDATED_RULE,6950.0,-32.589928057553955,DEAD,1.0,보유 31일차 · 손익 -32.6% · 강한 청산 검토,False,False,False,True,False,True,True,True,0.0,0.0,45.0,0.0,20.0,0.0,0.0,0.0,65.0,0.5,True,True,False,4,False,0.0,0.0,G1유동성차단 · G2RR×0.5 · G3보유경과-45 · G5추세붕괴4축,,0,0,0,,0.0,0,,False,0.0,0.0,False,,False,True,,0
229,100130,동국S&C,KOSDAQ,,1792,50.0,1024.0,,,CARRY,CARRY,7,False,1,False,0.0,15.9,0.0,0.0,79.7,,16.0,26.6,79.7,0.4,13.74,0.0,RR13.7 + 진입적정,0,1792.0,1719.0,2795.0,3080.0,,-2.79,0.69,2367,-27.31,DATA_UNAVAILABLE,0,-12.66,17.2,-17.34,AI 강점,,MFI 약세,캐리 재계산 실패: legacy snapshot,CRITICAL,75.3,"구조용 금속제품, 탱크 및 증기발생기 제조업",5000000000.0,14.0,45.59,0,0,-1.92,-9.17,-12.8,-26.56,-12.37,-11.07,-16.63,-4.96,-36.56,1.0,0.281,0,12.0,0,0,2.54,0.02,0,0,0,0,-1,2177.9,-24.3,-0.0062,True,X,▼,1847,▼,X,X,0.05,250,0,-1,-1,1,3440.0,enter,100.0,SWING+PM_BLOCK_INTRADAY+EF:정상,4.07,6.0,13.7,normal,7.0,v1_sl_first_gap_at_open,SWING+PM_BLOCK_INTRADAY+EF:정상,SWING_20D,80,FIBO_1.272,40,FIBO_1.618,25,,,,,,0.0696747448979591,-0.0492505646083524,0.5217391304347826,OK,79.7,OK,17.475509263461877,17.475509263461877,2,0,0.55,0.25,0.2,STRUCT+TIMING+AI,,50,20260612,,,,,,,,CARRY_LEGACY,0.351,,False,0.3,True,,,,,,,,,,,,,20260501.0,28.0,True,35.0,True,56.0,,ELITE_SCORE,MATURE,9296,2.4.0,OK,,100.0,ATTACK,OK,OK,OK,OK,OK,OK,OK,0,7,True,True,True,"analyze_returned_none(ohlcv_len=371,mcap=897,in_top=True)",0,GREEN,,,90.0,BUY,1,,0,0,0,0,,0.0,T=0<70,100.0,GREEN,,,0,False,0,ENTRY_READY_BUT_NOT_TOP_PICK,TOP_PICK=0,진입조건은 양호하나 공식 Top Pick 아님,45.0,ENTRY_CLEAN_OBSERVE,ENTRY_CLEAN_OBSERVE,FX_HIGH_REGIME,1,0,0,1,0,0,0,0,0,CLEAR,,,0,0,0,0,0.0,ENTRY_CLEAN_OBSERVE,1.0,BUY,,0.0,0.0,0.0,0.0,0.0,REJECT_NO_VALIDATED_RULE,2655.0,-32.504708097928436,DEAD,1.0,보유 28일차 · 손익 -32.5% · 강한 청산 검토,False,False,False,True,False,True,False,True,0.0,0.0,45.0,0.0,20.0,0.0,15.0,0.0,80.0,0.3,True,True,False,5,False,0.0,0.0,G1유동성차단 · G2RR×0.3 · G3보유경과-45 · G5추세붕괴5축 · G7윗꼬리약세-15,,0,0,0,,0.0,0,,False,0.0,0.0,False,,False,True,,0
230,036220,오상헬스케어,KOSDAQ,,7140,50.0,1021.7,,,CARRY,CARRY,7,False,1,False,0.0,15.4,1.0,0.0,74.0,,15.3,25.0,74.0,7.5,7.39,0.0,RR7.4 + 진입적정,0,7140.0,6700.0,10390.0,12100.0,,-1.65,0.37,9678,-32.5,DATA_UNAVAILABLE,0,-17.64,33.7,-14.66,AI 강점,,저점 이탈,캐리 재계산 실패: legacy snapshot,CRITICAL,75.3,의료용 기기 제조업,5000000000.0,76.2,34.39,0,0,-3.25,-3.64,-20.22,-23.47,-32.83,-42.93,-13.54,-25.42,-68.42,0.993,0.045,0,12.0,1,0,3.42,0.07,0,0,0,0,-1,8729.0,-26.22,0.1275,True,X,▼,7300,▼,X,X,0.0,250,0,-1,-1,1,13290.0,enter,100.0,SWING+PM_BLOCK_INTRADAY+EF:정상,6.16,6.0,7.4,normal,7.0,v1_sl_first_gap_at_open,SWING+PM_BLOCK_INTRADAY+EF:정상,SWING_20D,80,SWING_60D,60,SWING_120D,45,,,,,,0.1023409363745498,0.1670892788762743,0.0,OK,74.0,OK,8.0,8.0,4,1,0.55,0.25,0.2,STRUCT+TIMING+AI,,50,20260612,,,,,,,,CARRY_LEGACY,0.351,,False,0.3,True,,,,,,,,,,,,,20260512.0,17.0,True,35.0,True,45.5,,ELITE_SCORE,MATURE,9296,2.4.0,OK,,100.0,ATTACK,OK,OK,OK,OK,OK,OK,OK,0,7,True,True,True,"analyze_returned_none(ohlcv_len=371,mcap=944,in_top=True)",0,GREEN,,,90.0,BUY,1,,0,0,0,0,,0.0,T=0<70,100.0,GREEN,,,0,False,0,ENTRY_READY_BUT_NOT_TOP_PICK,TOP_PICK=0,진입조건은 양호하나 공식 Top Pick 아님,50.0,ENTRY_CLEAN_OBSERVE,ENTRY_CLEAN_OBSERVE,FX_HIGH_REGIME,1,0,0,1,0,0,0,0,0,CLEAR,,,0,0,0,0,0.0,ENTRY_CLEAN_OBSERVE,1.0,BUY,,0.0,0.0,0.0,0.0,0.0,REJECT_NO_VALIDATED_RULE,9250.0,-22.81081081081081,DEAD,1.0,보유 17일차 · 손익 -22.8% · 강한 청산 검토,True,False,False,True,False,True,True,True,0.0,0.0,45.0,0.0,20.0,0.0,0.0,0.0,65.0,0.3,False,True,False,4,False,0.0,0.0,G2RR×0.3 · G3보유경과-45 · G5추세붕괴4축,,0,0,0,,0.0,0,,False,0.0,0.0,False,,False,True,,0
231,201490,미투온,KOSDAQ,,3085,50.0,1005.5,,,CARRY,CARRY,7,False,1,False,0.0,18.6,35.3,0.0,22.3,,14.7,19.2,35.3,55.9,6.72,0.0,RR6.7 + 진입적정,0,3085.0,2960.0,3925.0,4535.0,,-0.05,0.2,3389,-31.94,DATA_UNAVAILABLE,0,5.71,26.2,-5.35,저점추세 양호,,,캐리 재계산 실패: legacy snapshot,CRITICAL,75.3,소프트웨어 개발 및 공급업,5000000000.0,49.9,19.19,0,0,0.49,-2.68,-7.22,6.38,-22.0,-33.08,-1.6,-46.18,-76.61,0.956,0.183,0,10.5,0,0,4.99,0.19,0,0,0,0,1,2972.5,-8.98,-0.1755,True,X,▼,3152,▼,X,X,0.0,248,0,-1,-1,1,4995.0,enter,100.0,SWING+PM_BLOCK_INTRADAY+EF:정상,4.05,6.0,6.7,normal,7.0,v1_sl_first_gap_at_open,SWING+PM_BLOCK_INTRADAY+EF:정상,SWING_20D,80,VP_RESISTANCE,65,SWING_120D,45,,,,,,0.0526742301458671,0.0098160616422373,0.7916666666666666,OK,22.3,OK,5.0,5.0,4,1,0.4,0.4,0.2,STRUCT+TIMING+AI,,70,20260612,,,,,,,,CARRY_LEGACY,0.351,,False,0.3,True,,,,,,,,,,,,,20260506.0,23.0,True,35.0,True,27.2,,ELITE_SCORE,MATURE,9296,2.4.0,OK,,100.0,ATTACK,OK,OK,OK,OK,OK,OK,OK,0,7,True,True,True,"analyze_returned_none(ohlcv_len=371,mcap=768,in_top=True)",0,GREEN,,,90.0,BUY,1,,0,0,0,0,,0.0,T=0<70,100.0,GREEN,,,0,False,0,ENTRY_READY_BUT_NOT_TOP_PICK,TOP_PICK=0,진입조건은 양호하나 공식 Top Pick 아님,50.0,ENTRY_CLEAN_OBSERVE,ENTRY_CLEAN_OBSERVE,FX_HIGH_REGIME,1,0,0,1,0,0,0,0,0,CLEAR,,,0,0,0,0,0.0,ENTRY_CLEAN_OBSERVE,1.0,BUY,,0.0,0.0,0.0,0.0,0.0,REJECT_NO_VALIDATED_RULE,3370.0,-8.456973293768547,DEAD,1.0,보유 23일차 · 손익 -8.5% · 강한 청산 검토,False,False,False,True,False,True,False,True,0.0,0.0,45.0,0.0,20.0,0.0,15.0,0.0,80.0,0.3,True,True,False,4,False,0.0,0.0,G1유동성차단 · G2RR×0.3 · G3보유경과-45 · G5추세붕괴4축 · G7윗꼬리약세-15,,0,0,0,,0.0,0,,False,0.0,0.0,False,,False,True,,0
232,024740,한일단조,KOSDAQ,,3090,50.0,1016.5,,,CARRY,CARRY,7,False,1,False,0.0,15.4,22.7,0.0,31.4,,13.5,18.0,31.4,60.8,9.7,0.0,RR9.7 + 진입적정,0,3090.0,2955.0,4400.0,4800.0,,-2.21,0.21,3343,-5.3,DATA_UNAVAILABLE,0,-9.76,30.6,-12.23,거래품질 우수,,저점 이탈,캐리 재계산 실패: legacy snapshot,CRITICAL,75.3,자동차 신품 부품 제조업,5000000000.0,62.6,25.27,0,0,-3.29,-9.65,-18.47,-18.25,33.48,42.4,-23.15,18.62,15.65,0.541,0.31,0,12.0,0,0,7.39,0.03,0,0,0,0,1,2803.0,-7.59,-0.149,True,O,▲,3225,▼,X,X,-1.25,250,0,1,1,1,5500.0,enter,100.0,SWING+PM_BLOCK_INTRADAY+EF:정상,4.37,6.0,9.7,normal,7.0,v1_sl_first_gap_at_open,SWING+PM_BLOCK_INTRADAY+EF:정상,SWING_20D,80,SWING_60D,60,FIBO_1.272,40,,,,,,0.0754738788719371,0.007529882863614,0.5961538461538461,OK,31.4,OK,5.0,5.0,2,0,0.4,0.4,0.2,STRUCT+TIMING+AI,,60,20260612,,,,,,,,CARRY_LEGACY,0.351,,False,0.3,True,,,,,,,,,,,,,20260424.0,35.0,True,35.0,True,42.4,,ELITE_SCORE,MATURE,9296,2.4.0,OK,,100.0,ATTACK,OK,OK,OK,OK,OK,OK,OK,0,7,True,True,True,"analyze_returned_none(ohlcv_len=371,mcap=767,in_top=True)",0,GREEN,,,90.0,BUY,1,,0,0,0,0,,0.0,T=0<70,100.0,GREEN,,,0,False,0,ENTRY_READY_BUT_NOT_TOP_PICK,TOP_PICK=0,진입조건은 양호하나 공식 Top Pick 아님,45.0,ENTRY_CLEAN_OBSERVE,ENTRY_CLEAN_OBSERVE,FX_HIGH_REGIME,1,0,0,1,0,0,0,0,0,CLEAR,,,0,0,0,0,0.0,ENTRY_CLEAN_OBSERVE,1.0,BUY,,0.0,0.0,0.0,0.0,0.0,REJECT_NO_VALIDATED_RULE,3730.0,-17.158176943699733,DEAD,1.0,보유 35일차 · 손익 -17.2% · 강한 청산 검토,False,False,False,True,False,True,False,True,0.0,0.0,45.0,0.0,20.0,0.0,15.0,0.0,80.0,0.3,True,True,False,4,False,0.0,0.0,G1유동성차단 · G2RR×0.3 · G3보유경과-45 · G5추세붕괴4축 · G7윗꼬리약세-15,,0,0,0,,0.0,0,,False,0.0,0.0,False,,False,True,,0
233,004140,동방,KOSDAQ,,2160,50.0,1036.2,,,CARRY,CARRY,7,False,1,False,0.0,11.6,0.0,5.5,51.0,,13.3,18.8,51.0,36.2,7.38,0.0,RR7.4 + 진입적정,0,2160.0,2030.0,3120.0,3225.0,,-1.37,0.48,2831,-25.95,DATA_UNAVAILABLE,0,-16.2,8.7,-15.26,AI 강점,,MFI 약세,캐리 재계산 실패: legacy snapshot,CRITICAL,75.3,기타 운송관련 서비스업,5000000000.0,15.0,44.31,0,0,1.17,-5.05,-14.62,-27.03,-18.34,-19.25,-17.1,-10.93,-44.74,1.0,0.025,0,11.7,0,0,3.11,0.06,0,0,0,0,-1,2517.5,-23.72,0.1446,True,X,▼,2141,▼,O,X,0.0,250,0,-1,-1,1,,enter,100.0,SWING+PM_BLOCK_INTRADAY+EF:정상,6.02,6.0,7.4,normal,7.0,v1_sl_first_gap_at_open,SWING+PM_BLOCK_INTRADAY+EF:정상,SWING_20D,80,SWING_60D,60,,0,,,,,,0.058531746031746,-0.0077051454576004,0.1875,OK,51.0,OK,18.43071969525621,18.43071969525621,4,1,0.55,0.25,0.2,STRUCT+TIMING+AI,,50,20260612,,,,,,,,CARRY_LEGACY,0.351,,False,0.3,True,,,,,,,,,,,,,20260505.0,24.0,True,35.0,True,44.4,,ELITE_SCORE,MATURE,9296,2.4.0,OK,,100.0,ATTACK,OK,OK,OK,OK,OK,OK,OK,0,7,True,True,True,"analyze_returned_none(ohlcv_len=371,mcap=964,in_top=True)",0,GREEN,,,80.0,BUY,1,,0,0,0,0,,0.0,T=6<70,100.0,GREEN,,,0,False,0,ENTRY_READY_BUT_NOT_TOP_PICK,TOP_PICK=0,진입조건은 양호하나 공식 Top Pick 아님,50.0,ENTRY_CLEAN_OBSERVE,ENTRY_CLEAN_OBSERVE,FX_HIGH_REGIME,1,0,0,1,0,0,0,0,0,CLEAR,,,0,0,0,0,0.0,ENTRY_CLEAN_OBSERVE,1.0,BUY,,0.0,0.0,0.0,0.0,0.0,REJECT_NO_VALIDATED_RULE,2970.0,-27.27272727272727,DEAD,1.0,보유 24일차 · 손익 -27.3% · 강한 청산 검토,True,False,False,True,False,True,True,True,0.0,0.0,45.0,0.0,20.0,0.0,0.0,0.0,65.0,0.5,False,True,False,4,False,0.0,0.0,G2RR×0.5 · G3보유경과-45 · G5추세붕괴4축,,0,0,0,,0.0,0,,False,0.0,0.0,False,,False,True,,0
234,005870,휴니드,KOSDAQ,,7230,50.0,1020.6,,,CARRY,CARRY,7,False,1,False,0.0,12.1,0.0,0.0,60.6,,12.9,20.2,60.6,24.2,11.55,0.0,RR11.6 + 진입적정,0,7230.0,6830.0,11850.0,12450.0,,-1.74,0.33,9070,-17.79,DATA_UNAVAILABLE,0,-19.98,3.3,-19.18,AI 강점,,MFI 약세,캐리 재계산 실패: legacy snapshot,CRITICAL,75.3,통신 및 방송 장비 제조업,5000000000.0,8.3,45.1,0,0,-1.5,-13.52,-19.93,-23.09,-16.71,-3.6,-15.77,-10.13,-28.05,1.0,0.123,0,12.0,0,0,2.12,0.04,0,0,0,0,-1,8836.0,-20.29,-0.1906,True,X,▼,7441,▼,X,X,-0.54,250,0,-1,-1,1,,enter,100.0,SWING+PM_BLOCK_INTRADAY+EF:정상,5.53,6.0,11.6,normal,7.0,v1_sl_first_gap_at_open,SWING+PM_BLOCK_INTRADAY+EF:정상,SWING_20D,80,RR_LEGACY,35,,0,,,,,,0.0684647302904564,-0.0236320270161786,0.6923076923076923,OK,60.6,OK,5.0,5.0,2,0,0.55,0.25,0.2,STRUCT+TIMING+AI,,50,20260612,,,,,,,,CARRY_LEGACY,0.351,,False,0.3,True,,,,,,,,,,,,,20260423.0,36.0,True,35.0,True,63.9,,ELITE_SCORE,MATURE,9296,2.4.0,OK,,100.0,ATTACK,OK,OK,OK,OK,OK,OK,OK,0,7,True,True,True,"analyze_returned_none(ohlcv_len=371,mcap=790,in_top=True)",0,GREEN,,,90.0,BUY,1,,0,0,0,0,,0.0,T=0<70,100.0,GREEN,,,0,False,0,ENTRY_READY_BUT_NOT_TOP_PICK,TOP_PICK=0,진입조건은 양호하나 공식 Top Pick 아님,45.0,ENTRY_CLEAN_OBSERVE,ENTRY_CLEAN_OBSERVE,FX_HIGH_REGIME,1,0,0,1,0,0,0,0,0,CLEAR,,,0,0,0,0,0.0,ENTRY_CLEAN_OBSERVE,1.0,BUY,,0.0,0.0,0.0,0.0,0.0,REJECT_NO_VALIDATED_RULE,10260.0,-29.53216374269006,DEAD,1.0,보유 36일차 · 손익 -29.5% · 강한 청산 검토,False,False,False,True,False,True,False,True,0.0,0.0,45.0,0.0,20.0,0.0,15.0,0.0,80.0,0.3,True,True,False,5,False,0.0,0.0,G1유동성차단 · G2RR×0.3 · G3보유경과-45 · G5추세붕괴5축 · G7윗꼬리약세-15,,0,0,0,,0.0,0,,False,0.0,0.0,False,,False,True,,0
235,088390,이녹스,KOSDAQ,,11010,50.0,1033.4,,,CARRY,CARRY,7,False,1,False,0.0,9.5,5.5,12.2,17.0,,11.1,11.6,11.5,85.6,3.62,0.0,밸런스우수 + RR3.6 + 진입적정,0,11010.0,10020.0,14590.0,15010.0,,-0.59,0.74,12839,-29.14,DATA_UNAVAILABLE,0,-9.54,24.7,-10.83,,,저점 이탈,캐리 재계산 실패: legacy snapshot,CRITICAL,75.3,그외 기타 운송장비 제조업,5000000000.0,32.7,43.06,0,0,-0.72,5.97,-10.71,-22.19,-16.27,18.01,-12.26,-8.86,-7.48,0.755,0.114,0,12.0,0,0,1.37,0.16,0,0,0,0,-1,13585.0,-14.25,0.5041,False,X,▲,10491,▲,O,X,-1.17,250,0,1,1,1,15540.0,enter,100.0,SWING+PM_BLOCK_INTRADAY+EF:정상,8.99,6.0,3.6,normal,7.0,v1_sl_first_gap_at_open,SWING+PM_BLOCK_INTRADAY+EF:정상,SWING_20D,80,BB_UPPER,75,VP_RESISTANCE,65,,,,,,0.0900480083041391,-0.0058385869789632,0.4848484848484848,OK,17.0,OK,24.48370481332857,24.48370481332857,4,1,0.55,0.25,0.2,STRUCT+TIMING+AI,,50,20260612,,,,,,,,CARRY_LEGACY,0.351,,False,0.3,True,,,,,,,,,,,,,20260421.0,38.0,True,35.0,True,32.5,,ELITE_SCORE,MATURE,9296,2.4.0,OK,,100.0,ATTACK,OK,OK,OK,OK,OK,OK,OK,0,7,True,True,True,"analyze_returned_none(ohlcv_len=371,mcap=835,in_top=True)",0,GREEN,,,90.0,BUY,1,,0,0,0,0,,0.0,T=12<70,100.0,GREEN,,,0,False,0,ENTRY_READY_BUT_NOT_TOP_PICK,TOP_PICK=0,진입조건은 양호하나 공식 Top Pick 아님,50.0,ENTRY_CLEAN_OBSERVE,ENTRY_CLEAN_OBSERVE,FX_HIGH_REGIME,1,0,0,1,0,0,0,0,0,CLEAR,,,0,0,0,0,0.0,ENTRY_CLEAN_OBSERVE,1.0,BUY,,0.0,0.0,0.0,0.0,0.0,REJECT_NO_VALIDATED_RULE,14100.0,-21.914893617021278,DEAD,1.0,보유 38일차 · 손익 -21.9% · 강한 청산 검토,True,False,False,True,False,True,True,True,0.0,0.0,45.0,0.0,20.0,0.0,0.0,0.0,65.0,0.5,False,True,False,3,False,0.0,0.0,G2RR×0.5 · G3보유경과-45 · G5추세붕괴3축,,0,0,0,,0.0,0,,False,0.0,0.0,False,,False,True,,0
236,131370,알서포트,KOSDAQ,,1942,50.0,1034.4,,,CARRY,CARRY,7,False,1,False,0.0,7.9,0.0,12.6,23.8,,10.9,12.1,23.8,70.2,12.26,0.0,RR12.3 + 진입적정,0,1942.0,1881.0,2690.0,3050.0,,-1.47,0.96,2602,-28.85,DATA_UNAVAILABLE,0,-11.42,16.7,-13.81,거래품질 우수,,MFI 약세,캐리 재계산 실패: legacy snapshot,CRITICAL,75.3,소프트웨어 개발 및 공급업,5000000000.0,9.4,35.42,0,0,-3.14,-5.73,-12.91,-24.58,-8.83,-24.87,-13.0,-3.3,-42.63,1.0,0.027,0,10.4,1,0,12.38,0.0,0,0,0,0,-1,2268.7,-25.39,0.0803,True,X,▼,1986,▼,X,X,-0.55,250,0,-1,-1,1,,enter,100.0,SWING+PM_BLOCK_INTRADAY+EF:정상,3.14,6.0,12.3,normal,7.0,v1_sl_first_gap_at_open,SWING+PM_BLOCK_INTRADAY+EF:정상,SWING_20D,80,SWING_60D,60,,0,,,,,,0.0520082389289392,-0.0170587985071796,0.3647058823529411,OK,23.8,OK,24.829054086121275,24.829054086121275,4,1,0.55,0.25,0.2,STRUCT+TIMING+AI,,50,20260612,,,,,,,,CARRY_LEGACY,0.351,,False,0.3,True,,,,,,,,,,,,,20260420.0,39.0,True,35.0,True,38.5,,ELITE_SCORE,MATURE,9296,2.4.0,OK,,100.0,ATTACK,OK,OK,OK,OK,OK,OK,OK,0,7,True,True,True,"analyze_returned_none(ohlcv_len=371,mcap=906,in_top=True)",0,GREEN,,,80.0,BUY,1,,0,0,0,0,,0.0,T=13<70,100.0,GREEN,,,0,False,0,ENTRY_READY_BUT_NOT_TOP_PICK,TOP_PICK=0,진입조건은 양호하나 공식 Top Pick 아님,50.0,ENTRY_CLEAN_OBSERVE,ENTRY_CLEAN_OBSERVE,FX_HIGH_REGIME,1,0,0,1,0,0,0,0,0,CLEAR,,,0,0,0,0,0.0,ENTRY_CLEAN_OBSERVE,1.0,BUY,,0.0,0.0,0.0,0.0,0.0,REJECT_NO_VALIDATED_RULE,2785.0,-30.269299820466788,DEAD,1.0,보유 39일차 · 손익 -30.3% · 강한 청산 검토,False,False,False,True,False,True,True,True,0.0,0.0,45.0,0.0,20.0,0.0,0.0,0.0,65.0,0.5,True,True,False,4,False,0.0,0.0,G1유동성차단 · G2RR×0.5 · G3보유경과-45 · G5추세붕괴4축,,0,0,0,,0.0,0,,False,0.0,0.0,False,,False,True,,0
237,317830,에스피시스템스,KOSDAQ,,9720,50.0,1047.2,,,CARRY,CARRY,7,False,1,False,0.0,9.4,0.0,1.7,45.0,,10.7,15.6,45.0,43.8,1.55,0.0,RR1.6 + 진입적정,0,9720.0,8260.0,11980.0,12650.0,,-1.01,0.46,10595,-30.57,DATA_UNAVAILABLE,1,-15.58,41.8,-5.6,,,저점 이탈,캐리 재계산 실패: legacy snapshot,CRITICAL,75.3,특수 목적용 기계 제조업,5000000000.0,58.2,27.17,0,0,1.25,-0.82,-14.74,-4.24,-22.8,9.46,-4.09,-23.42,-27.51,0.991,0.073,0,12.0,0,0,1.26,0.35,0,0,0,0,-1,12133.0,-8.26,0.1023,False,X,▼,9304,▼,O,X,1.25,250,0,-1,-1,1,14010.0,enter,100.0,NORMAL+PM_BLOCK_INTRADAY+EF:정상,15.02,6.0,1.5,normal,7.0,v1_sl_first_gap_at_open,NORMAL+PM_BLOCK_INTRADAY+EF:정상,SWING_20D,80,SWING_60D,60,VP_RESISTANCE,50,,,,,,0.0967813051146384,-0.000284957918945,0.7209302325581395,OK,45.0,OK,15.0,15.0,4,1,0.55,0.25,0.2,STRUCT+TIMING+AI,,50,20260612,,,,,,,,CARRY_LEGACY,0.351,,False,0.3,True,,,,,,,,,,,,,20260511.0,18.0,True,35.0,True,23.3,,ELITE_SCORE,MATURE,9296,2.4.0,OK,,100.0,ATTACK,OK,OK,OK,OK,OK,OK,OK,0,7,True,True,True,"analyze_returned_none(ohlcv_len=371,mcap=748,in_top=True)",0,GREEN,,,90.0,BUY,1,,0,0,0,0,,0.0,T=2<70,100.0,GREEN,,,0,False,0,ENTRY_READY_BUT_NOT_TOP_PICK,TOP_PICK=0,진입조건은 양호하나 공식 Top Pick 아님,50.0,ENTRY_CLEAN_OBSERVE,ENTRY_CLEAN_OBSERVE,FX_HIGH_REGIME,1,0,0,1,0,0,0,0,0,CLEAR,,,0,0,0,0,0.0,ENTRY_CLEAN_OBSERVE,1.0,BUY,,0.0,0.0,0.0,0.0,0.0,REJECT_NO_VALIDATED_RULE,11400.0,-14.736842105263156,DEAD,1.0,보유 18일차 · 손익 -14.7% · 강한 청산 검토,True,False,False,True,False,True,False,True,0.0,0.0,45.0,0.0,20.0,0.0,15.0,0.0,80.0,0.5,False,True,False,4,False,0.0,0.0,G2RR×0.5 · G3보유경과-45 · G5추세붕괴4축 · G7윗꼬리약세-15,,0,0,0,,0.0,0,,False,0.0,0.0,False,,False,True,,0
238,023900,풍국주정,KOSDAQ,,7970,50.0,1004.2,,,CARRY,CARRY,7,False,1,False,0.0,9.2,0.0,0.1,45.8,,10.2,15.3,45.8,42.8,7.33,0.0,RR7.3 + 진입적정,0,7970.0,7580.0,10830.0,13140.0,,-2.66,0.51,10611,-23.0,DATA_UNAVAILABLE,0,-14.16,9.3,-13.84,거래품질 우수,,MFI 약세,캐리 재계산 실패: legacy snapshot,CRITICAL,75.3,알코올음료 제조업,5000000000.0,15.3,34.72,0,0,-0.99,-10.55,-12.9,-25.58,-13.93,-14.21,-11.63,-5.83,,0.998,0.007,0,8.6,0,0,11.64,0.05,0,0,0,0,-1,9015.0,-24.89,-0.0436,True,X,▼,8146,▼,X,X,-0.87,250,0,-1,-1,1,,enter,100.0,SWING+PM_BLOCK_INTRADAY+EF:정상,4.89,6.0,7.3,normal,7.0,v1_sl_first_gap_at_open,SWING+PM_BLOCK_INTRADAY+EF:정상,SWING_20D,80,SWING_60D,60,,0,,,,,,0.0430184620899802,-0.0115782805439644,0.3043478260869565,OK,45.8,OK,13.618550363312975,13.618550363312975,2,0,0.55,0.25,0.2,STRUCT+TIMING+AI,,50,20260612,,,,,,,,CARRY_LEGACY,0.351,,False,0.3,True,,,,,,,,,,,,,20260501.0,0.0,False,0.0,True,35.9,,ELITE_SCORE,MATURE,9296,2.4.0,OK,,100.0,ATTACK,OK,OK,OK,OK,OK,OK,OK,0,7,True,True,True,"analyze_returned_none(ohlcv_len=371,mcap=978,in_top=True)",0,GREEN,,,80.0,BUY,1,,0,0,0,0,,0.0,T=0<70,100.0,GREEN,,,0,False,0,ENTRY_READY_BUT_NOT_TOP_PICK,TOP_PICK=0,진입조건은 양호하나 공식 Top Pick 아님,45.0,ENTRY_CLEAN_OBSERVE,ENTRY_CLEAN_OBSERVE,FX_HIGH_REGIME,1,0,0,1,0,0,0,0,0,CLEAR,,,0,0,0,0,0.0,,,,,,,,,,REJECT_NO_VALIDATED_RULE,10710.0,-25.583566760037346,FRESH,0.0,,False,False,True,True,False,True,True,True,0.0,0.0,0.0,0.0,20.0,0.0,0.0,0.0,20.0,0.5,True,True,False,5,False,0.0,0.0,G1유동성차단 · G2RR×0.5 · G5추세붕괴5축,,0,0,0,,0.0,0,,False,0.0,0.0,False,,False,True,,0
239,463020,뉴엔AI,KOSDAQ,,11540,50.0,1024.7,,,CARRY,CARRY,7,False,1,False,0.0,12.4,12.3,0.0,28.3,,10.0,13.5,28.3,64.6,5.85,0.0,RR5.8 + 진입적정,0,11540.0,10740.0,16220.0,17450.0,,-1.78,0.25,14434,-24.01,DATA_UNAVAILABLE,0,-20.91,27.1,-16.49,거래품질 우수,,저점 이탈,캐리 재계산 실패: legacy snapshot,CRITICAL,75.3,소프트웨어 개발 및 공급업,5000000000.0,59.1,36.35,0,0,0.96,-9.13,-21.6,-23.78,-28.59,-33.75,-19.32,-29.04,-60.2,0.996,0.085,0,12.0,0,0,2.69,0.09,0,0,0,0,-1,14262.0,-20.05,-0.1784,True,X,▼,12021,▼,X,X,-2.45,212,0,-1,0,0,20100.0,enter,100.0,SWING+PM_BLOCK_INTRADAY+EF:정상,6.93,6.0,5.8,normal,7.0,v1_sl_first_gap_at_open,SWING+PM_BLOCK_INTRADAY+EF:정상,SWING_20D,80,SWING_60D,60,SWING_120D,45,,,,,,0.0774944293141866,0.0043431550454271,0.1636363636363636,OK,28.3,OK,5.643377191896304,5.643377191896304,2,0,0.55,0.25,0.2,STRUCT+TIMING+AI,,50,20260612,,,,,,,,CARRY_LEGACY,0.351,,False,0.3,True,,,,,,,,,,,,,20260505.0,24.0,True,35.0,True,40.6,,ELITE_SCORE,MATURE,9296,2.4.0,OK,,100.0,ATTACK,OK,OK,OK,OK,OK,OK,OK,0,7,True,True,True,"analyze_returned_none(ohlcv_len=229,mcap=860,in_top=True)",0,GREEN,,,90.0,BUY,1,,0,0,0,0,,0.0,T=0<70,100.0,GREEN,,,0,False,0,ENTRY_READY_BUT_NOT_TOP_PICK,TOP_PICK=0,진입조건은 양호하나 공식 Top Pick 아님,45.0,ENTRY_CLEAN_OBSERVE,ENTRY_CLEAN_OBSERVE,FX_HIGH_REGIME,1,0,0,1,0,0,0,0,0,CLEAR,,,0,0,0,0,0.0,ENTRY_CLEAN_OBSERVE,1.0,BUY,,0.0,0.0,0.0,0.0,0.0,REJECT_NO_VALIDATED_RULE,15180.0,-23.978919631093547,DEAD,1.0,보유 24일차 · 손익 -24.0% · 강한 청산 검토,True,False,False,True,False,True,True,True,0.0,0.0,45.0,0.0,20.0,0.0,0.0,0.0,65.0,0.3,False,True,False,5,False,0.0,0.0,G2RR×0.3 · G3보유경과-45 · G5추세붕괴5축,,0,0,0,,0.0,0,,False,0.0,0.0,False,,False,True,,0
240,007820,엠엑스로보틱스,KOSDAQ,,5070,50.0,1015.7,,,CARRY,CARRY,7,False,1,False,0.0,9.8,4.9,1.0,34.2,,9.6,13.4,33.2,58.5,1.83,0.0,RR1.8 + 진입적정,0,5070.0,4305.0,6470.0,6820.0,,-0.97,0.6,5404,-14.59,DATA_UNAVAILABLE,1,-10.39,46.6,-2.9,,,저점 이탈,캐리 재계산 실패: legacy snapshot,CRITICAL,75.3,일반 목적용 기계 제조업,5000000000.0,77.5,23.43,0,0,0.8,0.4,-10.42,-2.31,-12.13,37.21,-2.16,-12.75,0.24,0.748,0.219,0,12.0,0,0,0.76,0.32,0,0,0,0,-1,6288.0,-6.18,0.012,False,X,▲,4910,▼,O,X,2.19,250,0,1,1,1,7580.0,enter,100.0,NORMAL+PM_BLOCK_INTRADAY+EF:정상,15.09,6.0,1.8,normal,7.0,v1_sl_first_gap_at_open,NORMAL+PM_BLOCK_INTRADAY+EF:정상,SWING_20D,80,ATR_3.5x,45,SWING_120D,45,,,,,,0.0981262327416173,0.0338675893226753,0.7083333333333334,OK,34.2,OK,18.881131161919427,18.881131161919427,4,1,0.55,0.25,0.2,STRUCT+TIMING+AI,,50,20260612,,,,,,,,CARRY_LEGACY,0.351,,False,0.3,True,,,,,,,,,,,,,20260515.0,14.0,True,35.0,True,27.6,,ELITE_SCORE,MATURE,9296,2.4.0,OK,,100.0,ATTACK,OK,OK,OK,OK,OK,OK,OK,0,7,True,True,True,"analyze_returned_none(ohlcv_len=371,mcap=680,in_top=True)",0,GREEN,,,90.0,BUY,1,,0,0,0,0,,0.0,T=1<70,100.0,GREEN,,,0,False,0,ENTRY_READY_BUT_NOT_TOP_PICK,TOP_PICK=0,진입조건은 양호하나 공식 Top Pick 아님,50.0,ENTRY_CLEAN_OBSERVE,ENTRY_CLEAN_OBSERVE,FX_HIGH_REGIME,1,0,0,1,0,0,0,0,0,CLEAR,,,0,0,0,0,0.0,ENTRY_CLEAN_OBSERVE,1.0,BUY,,0.0,0.0,0.0,0.0,0.0,REJECT_NO_VALIDATED_RULE,5360.0,-5.410447761194029,DEAD,1.0,보유 14일차 · 손익 -5.4% · 강한 청산 검토,True,False,False,True,False,True,False,True,0.0,0.0,45.0,0.0,20.0,0.0,15.0,0.0,80.0,0.5,False,True,False,4,False,0.0,0.0,G2RR×0.5 · G3보유경과-45 · G5추세붕괴4축 · G7윗꼬리약세-15,,0,0,0,,0.0,0,,False,0.0,0.0,False,,False,True,,0
241,091120,이엠텍,KOSDAQ,,5910,50.0,1012.6,,,CARRY,CARRY,7,False,1,False,0.0,7.0,0.0,1.5,33.0,,8.2,11.5,33.0,58.8,13.67,0.0,RR13.7 + 진입적정,0,5910.0,5730.0,8370.0,8600.0,,-2.09,0.77,6901,-26.82,DATA_UNAVAILABLE,1,-8.09,33.6,-14.51,,,저점 이탈,캐리 재계산 실패: legacy snapshot,CRITICAL,75.3,전자부품 제조업,5000000000.0,55.6,30.58,0,0,-5.14,-11.92,-22.54,-8.51,-25.1,-26.95,-8.36,-25.72,-63.92,1.0,0.199,0,12.0,0,0,1.91,0.0,0,0,0,0,-1,7826.0,-14.36,-0.3819,False,X,▼,6328,▼,X,X,0.96,250,0,-1,-1,1,,enter,100.0,SWING+PM_BLOCK_INTRADAY+EF:정상,3.05,6.0,13.7,normal,7.0,v1_sl_first_gap_at_open,SWING+PM_BLOCK_INTRADAY+EF:정상,SWING_20D,80,SWING_120D,45,,0,,,,,,0.0999516557892192,0.0459924692341286,0.3090909090909091,OK,33.0,OK,14.82133544367968,14.82133544367968,2,0,0.55,0.25,0.2,STRUCT+TIMING+AI,,50,20260612,,,,,,,,CARRY_LEGACY,0.351,,False,0.3,True,,,,,,,,,,,,,20260511.0,18.0,True,35.0,True,41.6,,ELITE_SCORE,MATURE,9296,2.4.0,OK,,100.0,ATTACK,OK,OK,OK,OK,OK,OK,OK,0,7,True,True,True,"analyze_returned_none(ohlcv_len=371,mcap=732,in_top=True)",0,GREEN,,,70.0,BUY,1,전일 -5.1%,0,0,0,0,,0.0,T=2<70,100.0,GREEN,,,0,False,0,ENTRY_READY_BUT_NOT_TOP_PICK,TOP_PICK=0,진입조건은 양호하나 공식 Top Pick 아님,45.0,ENTRY_CLEAN_OBSERVE,ENTRY_CLEAN_OBSERVE,FX_HIGH_REGIME,1,0,0,1,0,0,0,0,0,CLEAR,,,0,0,0,0,0.0,ENTRY_CLEAN_OBSERVE,1.0,BUY,,0.0,0.0,0.0,0.0,0.0,REJECT_NO_VALIDATED_RULE,7630.0,-22.542595019659238,DEAD,1.0,보유 18일차 · 손익 -22.5% · 강한 청산 검토,False,False,False,True,False,True,True,True,0.0,0.0,45.0,0.0,20.0,0.0,0.0,0.0,65.0,0.5,True,True,False,5,False,0.0,0.0,G1유동성차단 · G2RR×0.5 · G3보유경과-45 · G5추세붕괴5축,,0,0,0,,0.0,0,,False,0.0,0.0,False,,False,True,,0
242,424960,스마트레이더시스템,KOSDAQ,,6570,50.0,1083.1,,,CARRY,CARRY,7,False,1,False,0.0,3.6,0.0,0.0,17.9,,4.3,6.0,17.9,77.6,1.97,0.0,RR2.0 + 진입적정,0,6570.0,5630.0,8420.0,8660.0,,0.22,0.31,7071,-24.06,DATA_UNAVAILABLE,1,-12.44,43.1,-3.5,,,저점 이탈,캐리 재계산 실패: legacy snapshot,CRITICAL,75.3,"측정, 시험, 항해, 제어 및 기타 정밀기기 제조업; 광학기기 제외",5000000000.0,77.3,22.3,0,0,1.23,2.18,-9.63,-7.33,-10.73,-10.0,-7.18,-11.35,-46.97,0.942,0.258,0,12.0,0,0,1.45,0.26,0,0,0,0,-1,7466.0,-7.1,0.0905,False,X,▼,6258,▼,O,X,0.62,250,0,-1,-1,1,9080.0,enter,100.0,NORMAL+PM_BLOCK_INTRADAY+EF:정상,14.31,6.0,2.0,normal,7.0,v1_sl_first_gap_at_open,NORMAL+PM_BLOCK_INTRADAY+EF:정상,SWING_20D,80,VP_RESISTANCE,65,SWING_120D,45,,,,,,0.0854533594259621,0.0391226082087862,0.6666666666666666,OK,17.9,OK,15.0,15.0,4,1,0.55,0.25,0.2,STRUCT+TIMING+AI,,50,20260612,,,,,,,,CARRY_LEGACY,0.351,,False,0.3,True,,,,,,,,,,,,,20260511.0,18.0,True,35.0,True,28.2,,ELITE_SCORE,MATURE,9296,2.4.0,OK,,100.0,ATTACK,OK,OK,OK,OK,OK,OK,OK,0,7,True,True,True,"analyze_returned_none(ohlcv_len=371,mcap=813,in_top=True)",0,GREEN,,,90.0,BUY,1,,0,0,0,0,,0.0,T=0<70,100.0,GREEN,,,0,False,0,ENTRY_READY_BUT_NOT_TOP_PICK,TOP_PICK=0,진입조건은 양호하나 공식 Top Pick 아님,50.0,ENTRY_CLEAN_OBSERVE,ENTRY_CLEAN_OBSERVE,FX_HIGH_REGIME,1,0,0,1,0,0,0,0,0,CLEAR,,,0,0,0,0,0.0,ENTRY_CLEAN_OBSERVE,1.0,BUY,,0.0,0.0,0.0,0.0,0.0,REJECT_NO_VALIDATED_RULE,7270.0,-9.628610729023384,DEAD,1.0,보유 18일차 · 손익 -9.6% · 강한 청산 검토,True,False,False,True,False,True,False,True,0.0,0.0,45.0,0.0,20.0,0.0,15.0,0.0,80.0,0.3,False,True,False,4,False,0.0,0.0,G2RR×0.3 · G3보유경과-45 · G5추세붕괴4축 · G7윗꼬리약세-15,,0,0,0,,0.0,0,,False,0.0,0.0,False,,False,True,,0
243,122640,예스티,KOSDAQ,조선·기계·설비,29700,186.36,6411.0,0.0,0.0,WAIT,WAIT,3,False,0,True,67.2,67.2,50.4,90.9,83.6,0.0,69.1,75.0,40.5,49.4,0.85,2.4,,0,29000.0,24650.0,34000.0,36000.0,,2.12,1.82,26161,7.9,특이사항 없음,4,-5.91,56.8,10.49,TIMING 강점,AI 보조,5일 급등,추세 관망,CRITICAL,75.3,특수 목적용 기계 제조업,18636453775.0,60.2,33.26,1,0,7.8,16.24,6.07,7.61,18.09,51.92,20.17,27.69,,0.01,0.01,1,12.0,1,0,1.61,0.63,0,0,0,1,-1,32935.0,13.52,0.4476,False,O,▲,25135,▲,O,X,2.72,250,0,1,1,1,41250.0,enter,100.0,NORMAL+PM_BLOCK_INTRADAY+EF:정상,15.0,5.0,1.1,normal,7.0,v1_sl_first_gap_at_open,NORMAL+PM_BLOCK_INTRADAY+EF:정상,SWING_20D,80,ATR_2x,70,ATR_3.5x,45,0.0,특수 목적용 기계 제조업,9.421739130434784,5.0392753623188415,2.0,0.11784511784511785,-0.013659452328438668,0.38636363636363635,OK,83.6,OK,52.5,52.5,8,1,0.55,0.25,0.2,STRUCT+TIMING+AI+SECTOR,default,50,20260612,20260612,,67.2,67.2,67.2,46.38,-9.6,FRESH,0.425,,False,0.458,False,MATURE,9296.0,1.149,0.849,0.849,0.0,0.0,0.0,v22_calibrated,,,,,,,,True,14.5,,ELITE_SCORE,MATURE,9296,2.4.0,OK,,100.0,ATTACK,OK,OK,OK,OK,OK,OK,OK,0,7,True,True,True,,0,GREEN,,,0.0,AVOID,0,RR 0.85,0,0,0,0,,0.0,S=50≥50,100.0,GREEN,,,0,False,0,BELOW_OFFICIAL_BAR,TOP_PICK=0,,13.0,IGNORE,IGNORE,FX_HIGH_REGIME,1,0,0,1,0,0,0,0,0,CLEAR,,,0,0,0,0,0.0,,,,,,,,,,REJECT_NO_VALIDATED_RULE,,,,,,True,True,True,True,True,True,True,True,0.0,0.0,0.0,0.0,0.0,0.0,0.0,0.0,0.0,1.0,False,False,False,1,True,69.1,1.0,,,0,0,0,,69.1,0,,False,0.0,0.0,False,,False,True,,0
244,353200,대덕전자,KOSPI,IT/전기전자,165200,4681.65,81636.8,0.0,0.0,WAIT,WAIT,3,False,0,True,73.4,73.4,86.0,50.3,67.6,0.0,59.5,68.0,35.7,55.4,1.22,1.5,RR1.2 + 진입적정,0,162700.0,138300.0,198000.0,203500.0,,0.76,2.3,112895,254.43,특이사항 없음,0,3.32,56.5,7.15,STRUCT 강점,AI 보조,,추세 관망,CRITICAL,75.3,전자부품 제조업,468165441850.0,62.2,38.92,0,0,5.36,8.4,0.24,15.61,146.57,243.81,12.05,100.19,,0.031,0.031,1,12.0,0,0,1.01,0.56,-56498,93008,36510,1,1,131110.0,46.33,0.0576,False,O,▲,155130,▼,O,X,6.38,250,0,1,1,1,233500.0,enter,100.0,NORMAL+PM_BLOCK_INTRADAY+EF:정상,15.0,4.0,1.4,normal,7.0,v1_sl_first_gap_at_open,NORMAL+PM_BLOCK_INTRADAY+EF:정상,SWING_20D,80,ATR_2x,70,ATR_3.5x,45,0.0,전자부품 제조업,0.10229729729729745,3.253243243243243,5.0,0.12227602905569007,0.0020794452190110698,0.43014705882352944,OK,67.6,OK,37.348593751387,37.348593751387,6,1,0.55,0.25,0.2,STRUCT+TIMING+AI+SECTOR,default,50,20260612,20260612,,73.4,73.4,73.4,46.38,-9.6,FRESH,0.351,,False,0.507,False,MATURE,9296.0,1.447,0.849,0.849,0.0,0.0,0.0,v22_calibrated,,,,,,,,True,19.9,,ELITE_SCORE,MATURE,9296,2.4.0,OK,,100.0,ATTACK,OK,OK,OK,OK,OK,OK,OK,0,7,True,True,True,,1,ORANGE,C_ORANGE,STRUCT < 90 + VWAP_GAP > 15% 강한 과열,50.0,WATCH,0,VWAP 46↑ · POC 254↑,0,1,1,0,,0.0,T=50<70 · S=86≥50,100.0,GREEN,,,0,False,0,BELOW_OFFICIAL_BAR,TOP_PICK=0,VWAP/POC 과열,23.0,IGNORE,IGNORE,FX_HIGH_REGIME,1,0,0,1,0,0,0,0,0,CLEAR,,,0,0,0,0,0.0,,,,,,,,,,REJECT_NO_VALIDATED_RULE,,,,,,True,True,True,True,True,True,True,True,0.0,0.0,0.0,0.0,0.0,0.0,0.0,0.0,0.0,1.0,False,False,False,1,True,59.5,1.0,,,0,0,0,,59.5,0,,False,0.0,0.0,False,,False,True,,0
245,001820,삼화콘덴서,KOSPI,IT/전기전자,128200,1448.51,13326.4,0.0,0.0,WAIT,WAIT,3,False,0,True,68.4,68.4,81.9,60.1,41.8,0.0,55.8,61.3,40.1,49.9,1.33,15.0,RR1.3,0,111500.0,94700.0,172800.0,205000.0,,1.2,0.59,106439,102.0,특이사항 없음,0,74.36,62.9,20.7,STRUCT 강점,TIMING 보조,,추세 관망,CRITICAL,75.3,전자부품 제조업,144850558700.0,82.9,107.16,0,0,-3.83,14.67,-17.93,100.31,149.9,286.73,96.75,103.52,,0.023,0.023,1,12.0,1,0,1.41,0.62,0,0,0,1,1,94760.0,20.44,0.0004,False,O,▲,121956,▼,O,X,5.03,250,0,1,1,1,248500.0,enter,100.0,NORMAL+PM_BLOCK_INTRADAY+EF:정상,15.07,5.0,3.6,normal,7.0,v1_sl_first_gap_at_open,NORMAL+PM_BLOCK_INTRADAY+EF:정상,SWING_20D,80,ATR_3.5x,45,FIBO_1.618,25,0.0,전자부품 제조업,0.10229729729729745,3.253243243243243,5.0,0.2078783151326053,-0.0890528433653358,0.17727272727272728,OK,41.8,OK,45.943482708825606,45.943482708825606,8,1,0.55,0.25,0.2,STRUCT+TIMING+AI+SECTOR,default,50,20260612,20260612,,68.4,68.4,68.4,46.38,-9.6,FRESH,0.351,,False,0.467,False,MATURE,9296.0,3.649,0.849,0.849,0.0,0.0,0.0,v22_calibrated,,,,,,,,True,34.8,,ELITE_SCORE,MATURE,9296,2.4.0,OK,,100.0,ATTACK,OK,OK,OK,OK,OK,OK,OK,0,7,True,True,True,,1,RED,B_RED,STRUCT 70~85 위험 구간 + VWAP_GAP > 8% 과열,0.0,AVOID,0,진입괴리 15.0% · 이격도 21↑ + 음봉 · VWAP 20↑,0,1,0,0,,0.0,T=60<70 · S=82≥50,85.0,CAUTION,B_RED_SHADOW,B_red shadow 감점 -15: STRUCT 70~85 + VWAP_GAP>8 위험 조합 · 공식 매수 차단 아님,1,False,0,BELOW_OFFICIAL_BAR,TOP_PICK=0,VWAP/POC 과열,23.0,IGNORE,IGNORE,FX_HIGH_REGIME,1,0,0,1,0,0,0,0,0,CLEAR,,,0,0,0,0,0.0,,,,,,,,,,REJECT_NO_VALIDATED_RULE,,,,,,True,True,True,True,True,True,True,True,0.0,0.0,0.0,0.0,0.0,0.0,0.0,0.0,0.0,1.0,False,False,False,1,True,55.8,1.0,,,0,0,0,,55.8,0,,False,0.0,0.0,False,,False,True,,0
246,001740,SK네트웍스,KOSPI,기타,13000,3882.37,26077.2,0.0,0.0,WAIT,WAIT,3,False,0,True,71.9,71.9,82.0,37.7,87.0,0.0,55.5,68.9,49.3,38.4,0.98,13.7,,0,11430.0,9710.0,16240.0,19050.0,,0.69,0.96,10607,2.28,특이사항 없음,0,50.79,65.4,19.42,AI 강점,STRUCT 보조,5일 급등,추세 관망,CRITICAL,75.3,기타 전문 도매업,388236747345.0,74.1,81.51,0,0,11.4,19.27,8.51,113.82,148.09,177.48,110.26,101.71,,0.0,0.0,1,12.0,0,0,1.31,0.67,0,0,0,1,1,7928.0,22.56,-0.6652,False,O,▲,13834,▼,X,X,3.68,250,0,1,1,1,23250.0,split,50.0,NORMAL+PM_BLOCK_INTRADAY+EF:당일 10%+ 급등 분할 진입+ENTRY:split,15.05,5.0,2.8,normal,7.0,v1_sl_first_gap_at_open,NORMAL+PM_BLOCK_INTRADAY+EF:당일 10%+ 급등 분할 진입+ENTRY:split,SWING_20D,80,ATR_3.5x,45,FIBO_1.618,25,0.0,기타 전문 도매업,2.1077380952380955,-2.2075,9.0,0.16741758241758242,0.689552513148983,0.43333333333333335,OK,87.0,OK,15.969791390063625,15.969791390063625,4,1,0.55,0.25,0.2,STRUCT+TIMING+AI+SECTOR,default,50,20260612,20260612,,71.9,71.9,71.9,46.38,-9.6,FRESH,0.351,,False,0.495,False,MATURE,9296.0,2.797,0.849,0.849,0.0,0.0,0.0,v22_calibrated,,,,,,,,True,24.9,,ELITE_SCORE,MATURE,9296,2.4.0,OK,,100.0,ATTACK,OK,OK,OK,OK,OK,OK,OK,0,7,True,True,True,,1,RED,B_RED,STRUCT 70~85 위험 구간 + VWAP_GAP > 8% 과열,0.0,AVOID,0,진입괴리 13.7% · RR 0.98 · VWAP 23↑,0,0,0,0,,0.0,T=38<70 · S=82≥50,85.0,CAUTION,B_RED_SHADOW,B_red shadow 감점 -15: STRUCT 70~85 + VWAP_GAP>8 위험 조합 · 공식 매수 차단 아님,1,False,0,BELOW_OFFICIAL_BAR,TOP_PICK=0,,13.0,IGNORE,IGNORE,FX_HIGH_REGIME,1,0,0,1,0,0,0,0,0,CLEAR,,,0,0,0,0,0.0,,,,,,,,,,REJECT_NO_VALIDATED_RULE,,,,,,True,True,True,True,True,True,True,True,0.0,0.0,0.0,0.0,0.0,0.0,0.0,0.0,0.0,1.0,False,False,False,2,True,55.5,1.0,,,0,0,0,,55.5,0,,False,0.0,0.0,False,,False,True,,0
247,080220,제주반도체,KOSDAQ,반도체,102500,3988.81,35303.9,0.0,,WAIT,WAIT,3,False,0,True,72.8,72.8,90.7,23.1,85.7,0.0,49.1,66.5,67.6,15.5,2.07,1.5,RR2.1 + 진입적정,0,101000.0,85800.0,137100.0,151000.0,,0.9,0.82,71254,132.26,특이사항 없음,0,48.73,40.1,2.58,STRUCT 강점,AI 보조,,스퀴즈/품질 대기,CRITICAL,75.3,반도체 제조업,398880552300.0,35.3,44.36,0,0,5.67,9.63,-6.56,74.02,134.02,439.47,86.58,143.62,,0.031,0.031,1,12.0,0,0,2.25,0.58,0,0,0,1,1,83190.0,43.85,-0.1207,False,O,▲,96359,▼,O,X,5.98,250,0,1,1,1,164900.0,enter,100.0,NORMAL+PM_BLOCK_INTRADAY+EF:정상,15.05,5.0,2.4,normal,7.0,v1_sl_first_gap_at_open,NORMAL+PM_BLOCK_INTRADAY+EF:정상,SWING_20D,80,ATR_3.5x,45,FIBO_1.272,40,0.0,반도체 제조업,7.3096000000000005,9.6216,1.0,0.13930313588850174,0.031122922052474238,0.8333333333333334,OK,85.7,OK,9.337182424106366,9.337182424106366,4,1,0.55,0.25,0.2,STRUCT+TIMING+AI+SECTOR,default,50,20260612,20260612,,72.8,72.8,72.8,46.38,-9.6,FRESH,0.351,elite_low_wr_0.35,True,0.502,False,MATURE,9296.0,2.375,0.849,0.849,0.0,0.0,,v22_calibrated,,,,,,,,True,33.8,,ELITE_SCORE,MATURE,9296,2.4.0,OK,,100.0,ATTACK,OK,OK,OK,OK,OK,OK,OK,0,7,True,True,True,,0,GREEN,,,50.0,WATCH,0,VWAP 44↑ · POC 132↑,0,1,1,0,,0.0,T=23<70 · S=91≥50,100.0,GREEN,,,0,False,0,BELOW_OFFICIAL_BAR,TOP_PICK=0,VWAP/POC 과열,23.0,IGNORE,IGNORE,FX_HIGH_REGIME,1,0,0,1,0,0,0,0,0,CLEAR,,,0,0,0,0,0.0,,,,,,,,,,REJECT_NO_VALIDATED_RULE,,,,,,True,True,True,True,True,True,True,True,0.0,0.0,0.0,0.0,0.0,0.0,0.0,0.0,0.0,1.0,False,False,False,2,True,49.1,1.0,,,0,0,0,,49.1,0,,False,0.0,0.0,False,,False,True,,0
248,000150,두산,KOSPI,금융,1896000,3350.7,307035.1,0.0,0.0,WAIT,WAIT,3,False,0,True,62.2,62.2,76.9,61.1,23.3,0.0,48.8,53.8,53.6,33.0,1.74,3.6,RR1.7,0,1830000.0,1555000.0,2489000.0,2631000.0,,0.69,1.52,1530515,122.24,특이사항 없음,0,5.21,58.1,11.15,STRUCT 강점,TIMING 보조,,추세 관망,CRITICAL,75.3,기타 금융업,335070209000.0,49.9,42.17,0,0,16.96,8.97,14.22,12.72,74.26,123.58,9.16,27.88,,0.0,0.0,1,12.0,1,0,1.11,0.45,0,0,0,1,-1,2299000.0,23.88,-0.0483,False,O,▲,1715245,▼,O,X,8.88,250,0,1,1,1,2892000.0,hold,0.0,NORMAL+PM_BLOCK_INTRADAY+EF:당일 15%+ 급등 진입 보류+ENTRY:hold,15.03,4.0,2.4,normal,7.0,v1_sl_first_gap_at_open,NORMAL+PM_BLOCK_INTRADAY+EF:당일 15%+ 급등 진입 보류+ENTRY:hold,SWING_20D,80,ATR_3.5x,45,FIBO_1.272,40,0.0,기타 금융업,1.90825,-1.16975,7.0,0.12066757082579868,-0.05750367516392299,0.08391608391608392,OK,23.3,OK,54.131684336309874,54.131684336309874,6,1,0.55,0.25,0.2,STRUCT+TIMING+AI+SECTOR,default,50,20260612,20260612,,62.2,62.2,62.2,46.38,-9.6,FRESH,0.351,,False,0.418,True,MATURE,9296.0,2.396,0.849,0.849,0.0,0.0,0.0,v22_calibrated,,,,,,,,True,31.3,,ELITE_SCORE,MATURE,9296,2.4.0,OK,,100.0,ATTACK,OK,OK,OK,OK,OK,OK,OK,0,7,True,True,True,,1,RED,B_RED,STRUCT 70~85 위험 구간 + VWAP_GAP > 8% 과열,0.0,AVOID,0,진입괴리 3.6% · VWAP 24↑ · POC 122↑,0,1,0,0,,0.0,T=61<70 · S=77≥50,85.0,CAUTION,B_RED_SHADOW,B_red shadow 감점 -15: STRUCT 70~85 + VWAP_GAP>8 위험 조합 · 공식 매수 차단 아님,1,False,0,BELOW_OFFICIAL_BAR,TOP_PICK=0,VWAP/POC 과열,15.0,IGNORE,IGNORE,FX_HIGH_REGIME,1,0,0,1,0,0,0,0,0,CLEAR,,,0,0,0,0,0.0,,,,,,,,,,REJECT_NO_VALIDATED_RULE,,,,,,True,True,True,True,False,True,True,True,0.0,0.0,0.0,0.0,20.0,0.0,0.0,0.0,20.0,1.0,False,True,False,3,False,28.8,0.59,G5추세붕괴3축,,0,0,0,,28.8,0,,False,0.0,0.0,False,,False,True,,0
249,417840,저스템,KOSDAQ,조선·기계·설비,17500,440.69,3966.2,0.0,0.0,WAIT,WAIT,3,False,0,True,51.8,51.8,56.1,41.1,53.1,0.0,46.8,50.1,15.0,81.2,1.6,2.3,밸런스우수 + RR1.6,0,17100.0,14530.0,22250.0,24650.0,,1.55,1.49,12048,153.59,특이사항 없음,0,-16.78,48.0,5.36,STRUCT 강점,AI 보조,5일 급등,추세 관망,CRITICAL,75.3,특수 목적용 기계 제조업,44068607690.0,60.8,39.31,0,0,15.21,19.29,-2.23,2.76,156.98,401.0,15.32,166.58,,0.03,0.03,1,12.0,0,0,1.79,0.5,0,0,0,1,1,12859.0,45.25,0.4772,False,O,▲,14248,▲,O,X,9.87,250,0,1,1,1,26800.0,hold,0.0,NORMAL+PM_BLOCK_INTRADAY+EF:당일 15%+ 급등 진입 보류+ENTRY:hold,15.03,6.0,2.0,normal,7.0,v1_sl_first_gap_at_open,NORMAL+PM_BLOCK_INTRADAY+EF:당일 15%+ 급등 진입 보류+ENTRY:hold,SWING_20D,80,ATR_3.5x,45,FIBO_1.272,40,0.0,특수 목적용 기계 제조업,9.421739130434784,5.0392753623188415,2.0,0.12310204081632653,0.0003725981135243495,0.5172413793103449,OK,53.1,OK,25.5,25.5,6,1,0.55,0.25,0.2,STRUCT+TIMING+AI+SECTOR,default,50,20260612,20260612,,51.8,51.8,51.8,46.38,-9.6,FRESH,0.351,,False,0.334,True,MATURE,9296.0,2.004,0.849,0.849,0.0,0.0,0.0,v22_calibrated,,,,,,,,True,27.1,,ELITE_SCORE,MATURE,9296,2.4.0,OK,,100.0,ATTACK,OK,OK,OK,OK,OK,OK,OK,0,7,True,True,True,,1,ORANGE,C_ORANGE,STRUCT < 90 + VWAP_GAP > 15% 강한 과열,50.0,WATCH,0,VWAP 45↑ · POC 154↑,0,1,1,0,,0.0,T=41<70 · S=56≥50,100.0,GREEN,,,0,False,0,BELOW_OFFICIAL_BAR,TOP_PICK=0,VWAP/POC 과열,15.0,IGNORE,IGNORE,FX_HIGH_REGIME,1,0,0,1,0,0,0,0,0,CLEAR,,,0,0,0,0,0.0,,,,,,,,,,REJECT_NO_VALIDATED_RULE,,,,,,True,True,True,True,True,True,True,True,0.0,0.0,0.0,0.0,0.0,0.0,0.0,0.0,0.0,1.0,False,False,False,0,True,46.8,1.0,,,0,0,0,,46.8,0,,False,0.0,0.0,False,,False,True,,0
250,090360,로보스타,KOSDAQ,조선·기계·설비,113200,2032.14,11037.0,0.0,0.0,WAIT,WAIT,3,False,0,True,68.6,68.6,93.2,51.8,21.8,0.0,46.6,55.6,71.4,10.8,3.16,1.5,RR3.2 + 진입적정,0,111500.0,94700.0,171600.0,187800.0,,-0.44,1.53,110598,41.81,특이사항 없음,0,17.45,56.7,9.79,STRUCT 강점,TIMING 보조,,추세 관망,CRITICAL,75.3,특수 목적용 기계 제조업,203214255900.0,62.1,102.53,0,0,6.49,-23.57,45.69,51.95,75.5,45.5,64.51,85.1,,0.118,0.09,1,12.0,1,0,1.95,0.44,0,0,0,1,1,101720.0,2.35,-1.701,False,O,▲,135119,▼,X,X,3.01,250,0,1,1,1,203500.0,enter,100.0,NORMAL+PM_BLOCK_INTRADAY+EF:정상,15.07,5.0,3.6,normal,7.0,v1_sl_first_gap_at_open,NORMAL+PM_BLOCK_INTRADAY+EF:정상,SWING_20D,80,ATR_3.5x,45,FIBO_1.272,40,0.0,특수 목적용 기계 제조업,9.421739130434784,5.0392753623188415,2.0,0.19245330641090358,0.03014418818978475,0.8061674008810573,OK,21.8,OK,32.0,32.0,6,1,0.55,0.25,0.2,STRUCT+TIMING+AI+SECTOR,default,50,20260612,20260612,,68.6,68.6,68.6,46.38,-9.6,FRESH,0.351,,False,0.469,False,MATURE,9296.0,3.577,0.849,0.849,0.0,0.0,0.0,v22_calibrated,,,,,,,,True,51.6,,ELITE_SCORE,MATURE,9296,2.4.0,OK,,100.0,ATTACK,OK,OK,OK,OK,OK,OK,OK,0,7,True,True,True,,0,GREEN,,,90.0,BUY,1,POC 42↑,0,0,0,0,,0.0,T=52<70 · S=93≥50,100.0,GREEN,,,0,False,0,BELOW_OFFICIAL_BAR,TOP_PICK=0,,43.0,IGNORE,IGNORE,FX_HIGH_REGIME,1,0,0,1,0,0,0,0,0,CLEAR,,,0,0,0,0,0.0,,,,,,,,,,REJECT_NO_VALIDATED_RULE,,,,,,True,True,True,True,True,True,True,True,0.0,0.0,0.0,0.0,0.0,0.0,0.0,0.0,0.0,1.0,False,False,False,2,True,46.6,1.0,,,0,0,0,,46.6,0,,False,0.0,0.0,False,,False,True,,0
251,092870,엑시콘,KOSDAQ,조선·기계·설비,30800,120.98,4019.6,0.0,0.0,WAIT,WAIT,3,False,0,True,47.8,47.8,43.6,42.1,66.6,0.0,45.7,50.8,24.5,69.4,1.37,2.3,RR1.4,0,30100.0,25550.0,38000.0,41700.0,,2.06,1.13,31818,5.05,특이사항 없음,0,-16.45,48.8,4.78,AI 강점,,5일 급등,추세 관망,CRITICAL,75.3,특수 목적용 기계 제조업,12098032150.0,49.8,42.82,0,0,11.39,21.98,2.67,-8.47,-0.81,94.69,4.09,8.79,,0.227,0.143,1,12.0,0,0,1.03,0.55,0,0,0,1,-1,34880.0,-3.2,0.6322,False,O,▲,25255,▲,O,X,4.88,250,0,1,1,1,43950.0,split,50.0,NORMAL+PM_BLOCK_INTRADAY+EF:당일 10%+ 급등 분할 진입+ENTRY:split,15.12,6.0,1.7,normal,7.0,v1_sl_first_gap_at_open,NORMAL+PM_BLOCK_INTRADAY+EF:당일 10%+ 급등 분할 진입+ENTRY:split,SWING_20D,80,SWING_60D,60,ATR_3.5x,45,0.0,특수 목적용 기계 제조업,9.421739130434784,5.0392753623188415,2.0,0.12836270871985156,-0.01670906086133194,0.5619047619047619,OK,66.6,OK,28.088229033230853,28.088229033230853,4,1,0.55,0.25,0.2,STRUCT+TIMING+AI+SECTOR,default,50,20260612,20260612,,47.8,47.8,47.8,46.38,-9.6,FRESH,0.351,,False,0.302,True,MATURE,9296.0,1.736,0.849,0.849,0.0,0.0,0.0,v22_calibrated,,,,,,,,True,23.4,,ELITE_SCORE,MATURE,9296,2.4.0,OK,,100.0,ATTACK,OK,OK,OK,OK,OK,OK,OK,0,7,True,True,True,,0,GREEN,,,100.0,BUY,1,,0,0,0,0,,0.0,T=42<70 · 전일+11%,100.0,GREEN,,,0,False,0,ENTRY_READY_BUT_NOT_TOP_PICK,TOP_PICK=0,진입조건은 양호하나 공식 Top Pick 아님,50.0,ENTRY_CLEAN_OBSERVE,ENTRY_CLEAN_OBSERVE,FX_HIGH_REGIME,1,0,0,1,0,0,0,0,0,CLEAR,,,0,0,0,0,0.0,,,,,,,,,,REJECT_NO_VALIDATED_RULE,,,,,,True,True,True,True,True,True,True,True,0.0,0.0,0.0,0.0,0.0,0.0,0.0,0.0,0.0,1.0,False,False,False,1,True,45.7,1.0,,,0,0,0,,45.7,0,,False,0.0,0.0,False,,False,True,,0
252,005290,동진쎄미켐,KOSDAQ,화학·소재,59000,1299.37,30072.4,0.0,0.0,WAIT,WAIT,3,False,0,True,49.7,49.7,54.8,50.3,34.9,0.0,45.4,46.7,19.9,75.1,1.37,1.5,RR1.4 + 진입적정,0,58100.0,49350.0,72200.0,80600.0,,1.36,2.16,54742,9.19,특이사항 없음,1,-3.76,47.0,4.15,STRUCT 강점,TIMING 보조,,추세 관망,CRITICAL,75.3,기초 화학물질 제조업,129936708850.0,65.4,29.4,1,0,6.5,7.47,2.25,2.25,17.76,55.67,14.81,27.36,,0.167,0.167,1,12.0,1,0,1.59,0.44,0,0,0,1,-1,68860.0,7.78,0.3396,False,O,▲,52451,▲,O,X,4.87,250,0,1,1,1,91000.0,enter,100.0,NORMAL+PM_BLOCK_INTRADAY+EF:정상,15.06,5.0,1.6,normal,7.0,v1_sl_first_gap_at_open,NORMAL+PM_BLOCK_INTRADAY+EF:정상,SWING_20D,80,ATR_3.5x,45,FIBO_1.618,25,0.0,기초 화학물질 제조업,6.03945945945946,-4.1432432432432424,8.0,0.10889830508474577,0.01437715150231563,0.6440677966101694,OK,34.9,OK,31.5,31.5,8,1,0.55,0.25,0.2,STRUCT+TIMING+AI+SECTOR,default,50,20260612,20260612,,49.7,49.7,49.7,46.38,-9.6,FRESH,0.351,,False,0.318,True,MATURE,9296.0,1.611,0.849,0.849,0.0,0.0,0.0,v22_calibrated,,,,,,,,True,22.4,,ELITE_SCORE,MATURE,9296,2.4.0,OK,,100.0,ATTACK,OK,OK,OK,OK,OK,OK,OK,0,7,True,True,True,,0,GREEN,,,100.0,BUY,1,,0,0,0,0,,0.0,T=50<70 · S=55≥50,100.0,GREEN,,,0,False,0,ENTRY_READY_BUT_NOT_TOP_PICK,TOP_PICK=0,진입조건은 양호하나 공식 Top Pick 아님,50.0,ENTRY_CLEAN_OBSERVE,ENTRY_CLEAN_OBSERVE,FX_HIGH_REGIME,1,0,0,1,0,0,0,0,0,CLEAR,,,0,0,0,0,0.0,,,,,,,,,,REJECT_NO_VALIDATED_RULE,,,,,,True,True,True,True,True,True,True,True,0.0,0.0,0.0,0.0,0.0,0.0,0.0,0.0,0.0,1.0,False,False,False,1,True,45.4,1.0,,,0,0,0,,45.4,0,,False,0.0,0.0,False,,False,True,,0
253,144960,뉴파워프라즈마,KOSDAQ,조선·기계·설비,10050,167.3,4391.1,0.0,0.0,WAIT,WAIT,3,False,0,True,47.9,47.9,51.2,56.5,28.3,0.0,44.5,45.3,28.2,64.8,1.14,7.3,RR1.1,0,9370.0,7960.0,12440.0,13270.0,,2.09,1.14,9069,62.87,특이사항 없음,0,-19.82,53.3,7.11,TIMING 강점,STRUCT 보조,5일 급등,추세 관망,CRITICAL,75.3,특수 목적용 기계 제조업,16730030890.0,44.2,44.61,0,0,20.65,18.65,6.24,-9.87,78.51,104.68,2.69,88.11,,0.181,0.181,1,12.0,0,0,2.13,0.53,0,0,0,1,-1,11073.0,10.81,0.4134,False,O,▲,8012,▲,O,X,4.32,250,0,1,1,1,14480.0,hold,0.0,NORMAL+PM_BLOCK_INTRADAY+EF:당일 15%+ 급등 진입 보류+ENTRY:hold,15.05,6.0,2.2,normal,7.0,v1_sl_first_gap_at_open,NORMAL+PM_BLOCK_INTRADAY+EF:당일 15%+ 급등 진입 보류+ENTRY:hold,SWING_20D,80,ATR_3.5x,45,FIBO_1.272,40,0.0,특수 목적용 기계 제조업,9.421739130434784,5.0392753623188415,2.0,0.11066098081023454,-0.0895197001217888,0.2222222222222222,OK,28.3,OK,42.974409099352364,42.974409099352364,6,1,0.55,0.25,0.2,STRUCT+TIMING+AI+SECTOR,default,50,20260612,20260612,,47.9,47.9,47.9,46.38,-9.6,FRESH,0.351,,False,0.303,True,MATURE,9296.0,2.177,0.849,0.849,0.0,0.0,0.0,v22_calibrated,,,,,,,,True,23.8,,ELITE_SCORE,MATURE,9296,2.4.0,OK,,100.0,ATTACK,OK,OK,OK,OK,OK,OK,OK,0,7,True,True,True,,0,GREEN,,,0.0,AVOID,0,진입괴리 7.3% · POC 63↑,0,0,0,0,,0.0,T=56<70 · S=51≥50,100.0,GREEN,,,0,False,0,BELOW_OFFICIAL_BAR,TOP_PICK=0,,10.0,IGNORE,IGNORE,FX_HIGH_REGIME,1,0,0,1,0,0,0,0,0,CLEAR,,,0,0,0,0,0.0,,,,,,,,,,REJECT_NO_VALIDATED_RULE,,,,,,True,True,True,True,True,True,True,True,0.0,0.0,0.0,0.0,0.0,0.0,0.0,0.0,0.0,1.0,False,False,False,1,True,44.5,1.0,,,0,0,0,,44.5,0,,False,0.0,0.0,False,,False,True,,0
254,166090,하나머티리얼즈,KOSDAQ,반도체,73100,292.5,14457.5,0.0,0.0,WAIT,WAIT,3,False,0,True,44.8,44.8,41.9,41.2,57.3,0.0,43.6,46.8,16.1,79.9,1.25,1.2,RR1.2 + 진입적정,0,72200.0,61300.0,87900.0,100800.0,,1.48,1.32,67953,18.27,특이사항 없음,0,-16.22,50.5,6.51,AI 강점,,5일 급등,추세 관망,CRITICAL,75.3,반도체 제조업,29250131900.0,54.8,41.97,0,0,7.82,15.66,5.33,-7.47,17.71,67.85,5.09,27.31,,0.12,0.12,1,12.0,0,0,0.88,0.54,0,0,0,1,-1,78670.0,7.57,0.7085,False,O,▲,59897,▲,O,X,5.01,250,0,1,1,1,109300.0,enter,100.0,NORMAL+PM_BLOCK_INTRADAY+EF:정상,15.1,5.0,1.4,normal,7.0,v1_sl_first_gap_at_open,NORMAL+PM_BLOCK_INTRADAY+EF:정상,SWING_20D,80,ATR_3.5x,45,FIBO_1.618,25,0.0,반도체 제조업,7.3096000000000005,9.6216,1.0,0.11158882157514168,-0.08070130598630082,0.5151515151515151,OK,57.3,OK,36.0,36.0,4,1,0.55,0.25,0.2,STRUCT+TIMING+AI+SECTOR,default,50,20260612,20260612,,44.8,44.8,44.8,46.38,-9.6,FRESH,0.351,,False,0.3,True,MATURE,9296.0,1.44,0.849,0.849,0.0,0.0,0.0,v22_calibrated,,,,,,,,True,20.2,,ELITE_SCORE,MATURE,9296,2.4.0,OK,,100.0,ATTACK,OK,OK,OK,OK,OK,OK,OK,0,7,True,True,True,,0,GREEN,,,100.0,BUY,1,,0,0,0,0,,0.0,T=41<70,100.0,GREEN,,,0,False,0,ENTRY_READY_BUT_NOT_TOP_PICK,TOP_PICK=0,진입조건은 양호하나 공식 Top Pick 아님,50.0,ENTRY_CLEAN_OBSERVE,ENTRY_CLEAN_OBSERVE,FX_HIGH_REGIME,1,0,0,1,0,0,0,0,0,CLEAR,,,0,0,0,0,0.0,,,,,,,,,,REJECT_NO_VALIDATED_RULE,,,,,,True,True,True,True,True,True,True,True,0.0,0.0,0.0,0.0,0.0,0.0,0.0,0.0,0.0,1.0,False,False,False,1,True,43.6,1.0,,,0,0,0,,43.6,0,,False,0.0,0.0,False,,False,True,,0
255,053610,프로텍,KOSDAQ,조선·기계·설비,89300,67.77,8037.0,0.0,0.0,WAIT,WAIT,3,False,0,True,43.9,43.9,44.5,46.3,39.4,0.0,43.3,43.4,6.9,91.4,0.86,1.5,밸런스우수 + 진입적정,0,88000.0,74700.0,101900.0,118400.0,,1.64,0.77,75009,69.6,특이사항 없음,0,-16.41,44.8,6.2,,,5일 급등,추세 관망,CRITICAL,75.3,특수 목적용 기계 제조업,6777354450.0,46.9,38.74,0,0,5.68,20.84,1.25,-0.22,60.9,158.09,12.34,70.5,,0.01,0.01,1,12.0,0,0,1.16,0.66,0,0,0,1,-1,93120.0,19.05,0.7594,False,O,▲,73668,▲,O,X,7.69,250,0,1,1,1,134100.0,split,50.0,NORMAL+PM_BLOCK_INTRADAY+EF:갭 7%+ 분할 진입+ENTRY:split,15.11,5.0,1.0,normal,7.0,v1_sl_first_gap_at_open,NORMAL+PM_BLOCK_INTRADAY+EF:갭 7%+ 분할 진입+ENTRY:split,SWING_20D,80,ATR_3.5x,45,FIBO_1.618,25,0.0,특수 목적용 기계 제조업,9.421739130434784,5.0392753623188415,2.0,0.0972644376899696,-0.00024150742302869204,0.25862068965517243,OK,39.4,OK,33.95163053263982,33.95163053263982,4,1,0.55,0.25,0.2,STRUCT+TIMING+AI+SECTOR,default,50,20260612,20260612,,43.9,43.9,43.9,46.38,-9.6,FRESH,0.351,,False,0.3,True,MATURE,9296.0,1.045,0.849,0.849,0.0,0.0,0.0,v22_calibrated,,,,,,,,True,14.1,,ELITE_SCORE,MATURE,9296,2.4.0,OK,,100.0,ATTACK,OK,OK,OK,OK,OK,OK,OK,0,7,True,True,True,,1,ORANGE,C_ORANGE,STRUCT < 90 + VWAP_GAP > 15% 강한 과열,0.0,AVOID,0,RR 0.86 · POC 70↑,0,0,0,0,,0.0,T=46<70,100.0,GREEN,,,0,False,0,BELOW_OFFICIAL_BAR,TOP_PICK=0,,5.0,IGNORE,IGNORE,FX_HIGH_REGIME,1,0,0,1,0,0,0,0,0,CLEAR,,,0,0,0,0,0.0,,,,,,,,,,REJECT_NO_VALIDATED_RULE,,,,,,True,True,True,True,True,True,True,True,0.0,0.0,0.0,0.0,0.0,0.0,0.0,0.0,0.0,1.0,False,False,False,1,True,43.3,1.0,,,0,0,0,,43.3,0,,False,0.0,0.0,False,,False,True,,0
256,036200,유니셈,KOSDAQ,조선·기계·설비,12470,184.4,3823.8,0.0,0.0,WAIT,WAIT,3,False,0,True,43.8,43.8,42.4,57.3,30.6,0.0,43.1,43.4,26.7,66.6,0.81,4.8,,0,11900.0,10110.0,14390.0,16290.0,,2.33,2.55,11453,16.28,특이사항 없음,0,-9.29,56.8,14.35,TIMING 강점,,5일 급등,추세 관망,CRITICAL,75.3,특수 목적용 기계 제조업,18440100640.0,73.9,33.26,0,0,15.25,22.98,5.41,1.8,28.82,35.84,14.36,38.42,,0.077,0.077,1,12.0,1,0,0.96,0.65,0,0,0,1,-1,12664.0,8.87,0.5666,False,O,▲,10098,▲,O,X,4.71,250,0,1,1,1,18040.0,hold,0.0,NORMAL+PM_BLOCK_INTRADAY+EF:당일 15%+ 급등 진입 보류+ENTRY:hold,15.04,6.0,1.4,normal,7.0,v1_sl_first_gap_at_open,NORMAL+PM_BLOCK_INTRADAY+EF:당일 15%+ 급등 진입 보류+ENTRY:hold,SWING_20D,80,ATR_3.5x,45,FIBO_1.618,25,0.0,특수 목적용 기계 제조업,9.421739130434784,5.0392753623188415,2.0,0.10052697903539926,0.01885520896748901,0.36018957345971564,OK,30.6,OK,39.90497414375307,39.90497414375307,4,1,0.55,0.25,0.2,STRUCT+TIMING+AI+SECTOR,default,50,20260612,20260612,,43.8,43.8,43.8,46.38,-9.6,FRESH,0.351,,False,0.3,True,MATURE,9296.0,1.391,0.849,0.849,0.0,0.0,0.0,v22_calibrated,,,,,,,,True,15.4,,ELITE_SCORE,MATURE,9296,2.4.0,OK,,100.0,ATTACK,OK,OK,OK,OK,OK,OK,OK,0,7,True,True,True,,0,GREEN,,,0.0,AVOID,0,진입괴리 4.8% · RR 0.81,0,0,0,0,,0.0,T=57<70 · 전일+15%,100.0,GREEN,,,0,False,0,BELOW_OFFICIAL_BAR,TOP_PICK=0,,5.0,IGNORE,IGNORE,FX_HIGH_REGIME,1,0,0,1,0,0,0,0,0,CLEAR,,,0,0,0,0,0.0,,,,,,,,,,REJECT_NO_VALIDATED_RULE,,,,,,True,True,True,True,True,True,True,True,0.0,0.0,0.0,0.0,0.0,0.0,0.0,0.0,0.0,1.0,False,False,False,1,True,43.1,1.0,,,0,0,0,,43.1,0,,False,0.0,0.0,False,,False,True,,0
257,045100,한양이엔지,KOSDAQ,서비스 기타,33150,57.5,5801.2,0.0,,WAIT,WAIT,3,False,0,True,43.7,43.7,44.2,47.6,37.6,0.0,43.0,43.1,10.0,87.5,1.01,1.5,밸런스우수 + RR1.0 + 진입적정,0,32650.0,27750.0,38600.0,42250.0,,1.64,1.0,32301,3.46,특이사항 없음,4,-1.79,55.2,6.63,,,,스퀴즈/품질 대기,CRITICAL,75.3,"건축기술, 엔지니어링 및 관련 기술 서비스업",5749663325.0,61.6,22.24,1,0,5.57,9.41,4.74,2.63,17.14,56.37,15.19,26.74,,0.171,0.171,1,12.0,1,0,0.91,0.51,0,0,0,1,-1,36700.0,2.63,0.3283,False,O,▲,29910,▲,O,X,3.5,250,0,1,1,1,,enter,100.0,NORMAL+PM_BLOCK_INTRADAY+EF:정상,15.01,5.0,1.2,normal,7.0,v1_sl_first_gap_at_open,NORMAL+PM_BLOCK_INTRADAY+EF:정상,SWING_20D,80,ATR_3.5x,45,,0,0.0,"건축기술, 엔지니어링 및 관련 기술 서비스업",1.6329629629629632,-10.275925925925925,12.0,0.08241758241758243,0.026094052167552548,0.5142857142857142,OK,37.6,OK,29.16776050716104,29.16776050716104,6,1,0.55,0.25,0.2,STRUCT+TIMING+AI+SECTOR,default,50,20260612,20260612,,43.7,43.7,43.7,46.38,-9.6,FRESH,0.351,elite_low_wr_0.35,True,0.3,True,MATURE,9296.0,1.214,0.849,0.849,0.0,0.0,,v22_calibrated,,,,,,,,True,16.4,,ELITE_SCORE,MATURE,9296,2.4.0,OK,,100.0,ATTACK,OK,OK,OK,OK,OK,OK,OK,0,7,True,True,True,,0,GREEN,,,0.0,AVOID,0,RR 1.01,0,0,0,0,,0.0,T=48<70,100.0,GREEN,,,0,False,0,BELOW_OFFICIAL_BAR,TOP_PICK=0,,10.0,IGNORE,IGNORE,FX_HIGH_REGIME,1,0,0,1,0,0,0,0,0,CLEAR,,,0,0,0,0,0.0,,,,,,,,,,REJECT_NO_VALIDATED_RULE,,,,,,True,True,True,True,True,True,True,True,0.0,0.0,0.0,0.0,0.0,0.0,0.0,0.0,0.0,1.0,False,False,False,1,True,43.0,1.0,,,0,0,0,,43.0,0,,False,0.0,0.0,False,,False,True,,0
258,000990,DB하이텍,KOSPI,반도체,174300,4402.55,75828.5,0.0,0.0,WAIT,WAIT,3,False,0,True,40.2,40.2,23.7,51.3,71.7,0.0,42.3,48.9,48.0,40.0,1.79,3.6,RR1.8,0,168200.0,142900.0,230500.0,240000.0,⚡눌림회복,1.46,3.08,148014,85.68,특이사항 없음,0,0.89,47.9,-0.82,AI 강점,TIMING 보조,,추세 관망,CRITICAL,75.3,반도체 제조업,440255167650.0,42.2,37.78,0,0,12.31,0.29,-10.29,-6.09,98.29,162.11,-9.65,51.91,,0.095,0.095,1,12.0,0,0,1.37,0.34,0,0,0,0,1,151170.0,17.76,-0.0201,False,O,▲,160840,▼,O,X,4.45,250,0,1,1,1,272500.0,split,50.0,NORMAL+PM_BLOCK_INTRADAY+EF:당일 10%+ 급등 분할 진입+ENTRY:split,15.04,4.0,2.5,normal,7.0,v1_sl_first_gap_at_open,NORMAL+PM_BLOCK_INTRADAY+EF:당일 10%+ 급등 분할 진입+ENTRY:split,SWING_20D,80,ATR_3.5x,45,FIBO_1.272,40,0.0,반도체 제조업,7.3096000000000005,9.6216,1.0,0.1172649782804688,-0.016288674961706797,0.26508226691042047,OK,71.7,OK,30.70336879340928,30.70336879340928,6,1,0.55,0.25,0.2,STRUCT+TIMING+AI+SECTOR,default,50,20260612,20260612,,40.2,40.2,40.2,46.38,-9.6,FRESH,0.351,,False,0.3,True,MATURE,9296.0,2.462,0.849,0.849,0.0,0.0,0.0,v22_calibrated,,,,,,,,True,32.2,,ELITE_SCORE,MATURE,9296,2.4.0,OK,,100.0,ATTACK,OK,OK,OK,OK,OK,OK,OK,0,7,True,True,True,,1,ORANGE,C_ORANGE,STRUCT < 90 + VWAP_GAP > 15% 강한 과열,0.0,AVOID,0,진입괴리 3.6% · POC 86↑,0,1,0,0,,0.0,T=51<70 · 전일+12%,100.0,GREEN,,,0,False,0,BELOW_OFFICIAL_BAR,TOP_PICK=0,VWAP/POC 과열,15.0,IGNORE,IGNORE,FX_HIGH_REGIME,1,0,0,1,0,0,0,0,0,CLEAR,,,0,0,0,0,0.0,,,,,,,,,,REJECT_NO_VALIDATED_RULE,,,,,,True,True,True,True,False,True,True,True,0.0,0.0,0.0,0.0,20.0,0.0,0.0,0.0,20.0,1.0,False,True,False,3,False,22.3,0.527,G5추세붕괴3축,,0,0,0,,22.3,0,,False,0.0,0.0,False,,False,True,,0
259,267260,HD현대일렉트릭,KOSPI,인프라·에너지,1130000,5279.18,407332.6,0.0,0.0,WAIT,WAIT,3,False,0,True,43.4,43.4,42.4,60.4,25.0,0.0,42.1,42.6,35.4,55.8,1.25,1.1,RR1.2 + 진입적정,0,1118000.0,950000.0,1355000.0,1430000.0,,1.91,2.23,1098280,27.54,특이사항 없음,0,-16.19,49.5,5.59,TIMING 강점,,5일 급등,추세 관망,CRITICAL,75.3,"전동기, 발전기 및 전기 변환 · 공급 · 제어 장치 제조업",527918304500.0,46.6,34.73,0,0,9.39,18.2,7.93,-11.72,24.86,33.57,-15.28,-21.52,,0.127,0.037,1,12.0,1,0,1.07,0.56,-84750,159330,74580,1,1,834900.0,2.89,0.6924,False,O,▲,948340,▲,O,X,7.16,250,0,1,1,1,1594000.0,split,50.0,NORMAL+PM_BLOCK_INTRADAY+EF:갭 7%+ 분할 진입+ENTRY:split,15.03,4.0,1.4,normal,7.0,v1_sl_first_gap_at_open,NORMAL+PM_BLOCK_INTRADAY+EF:갭 7%+ 분할 진입+ENTRY:split,SWING_20D,80,SWING_60D,60,FIBO_1.272,40,0.0,"전동기, 발전기 및 전기 변환 · 공급 · 제어 장치 제조업",3.3342857142857136,-17.545714285714286,14.0,0.0779393173198483,0.030831862955829098,0.3017241379310345,OK,25.0,OK,53.5,53.5,4,1,0.55,0.25,0.2,STRUCT+TIMING+AI+SECTOR,default,50,20260612,20260612,,43.4,43.4,43.4,46.38,-9.6,FRESH,0.351,,False,0.3,True,MATURE,9296.0,1.411,0.849,0.849,0.0,0.0,0.0,v22_calibrated,,,,,,,,True,19.9,,ELITE_SCORE,MATURE,9296,2.4.0,OK,,100.0,ATTACK,OK,OK,OK,OK,OK,OK,OK,0,7,True,True,True,,0,GREEN,,,100.0,BUY,1,,0,0,0,0,,0.0,T=60<70,100.0,GREEN,,,0,False,0,ENTRY_READY_BUT_NOT_TOP_PICK,TOP_PICK=0,진입조건은 양호하나 공식 Top Pick 아님,50.0,ENTRY_CLEAN_OBSERVE,ENTRY_CLEAN_OBSERVE,FX_HIGH_REGIME,1,0,0,1,0,0,0,0,0,CLEAR,,,0,0,0,0,0.0,,,,,,,,,,REJECT_NO_VALIDATED_RULE,,,,,,True,True,True,True,True,True,True,True,0.0,0.0,0.0,0.0,0.0,0.0,0.0,0.0,0.0,1.0,False,False,False,0,True,42.1,1.0,,,0,0,0,,42.1,0,,False,0.0,0.0,False,,False,True,,0
260,028260,삼성물산,KOSPI,기타,432000,3210.76,700563.9,0.0,0.0,WAIT,WAIT,3,False,0,True,66.9,66.9,93.8,23.7,46.7,0.0,41.6,54.7,70.1,12.4,1.89,1.5,RR1.9 + 진입적정,0,425500.0,361500.0,565000.0,598000.0,,0.81,1.04,372584,42.99,특이사항 없음,0,6.96,51.9,1.59,STRUCT 강점,,,추세 관망,CRITICAL,75.3,기타 전문 도매업,321076370750.0,68.0,35.24,0,0,5.37,-6.19,8.14,0.82,55.12,71.43,-2.74,8.74,,0.086,0.086,1,12.0,1,0,1.54,0.35,0,0,0,1,1,392850.0,15.95,-0.4145,False,O,▲,446067,▼,X,X,7.32,250,0,1,1,1,652000.0,split,50.0,NORMAL+PM_BLOCK_INTRADAY+EF:갭 7%+ 분할 진입+ENTRY:split,15.04,4.0,2.2,normal,7.0,v1_sl_first_gap_at_open,NORMAL+PM_BLOCK_INTRADAY+EF:갭 7%+ 분할 진입+ENTRY:split,SWING_20D,80,ATR_3.5x,45,FIBO_1.272,40,0.0,기타 전문 도매업,2.1077380952380955,-2.2075,9.0,0.11367394179894179,0.08348255344354225,0.5256410256410257,OK,46.7,OK,21.733251151536805,21.733251151536805,6,1,0.55,0.25,0.2,STRUCT+TIMING+AI+SECTOR,default,50,20260612,20260612,,66.9,66.9,66.9,46.38,-9.6,FRESH,0.351,,False,0.455,False,MATURE,9296.0,2.18,0.849,0.849,0.0,0.0,0.0,v22_calibrated,,,,,,,,True,30.8,,ELITE_SCORE,MATURE,9296,2.4.0,OK,,100.0,ATTACK,OK,OK,OK,OK,OK,OK,OK,0,7,True,True,True,,0,GREEN,,,80.0,BUY,1,POC 43↑,0,0,0,0,,0.0,T=24<70 · S=94≥50,100.0,GREEN,,,0,False,0,BELOW_OFFICIAL_BAR,TOP_PICK=0,,43.0,IGNORE,IGNORE,FX_HIGH_REGIME,1,0,0,1,0,0,0,0,0,CLEAR,,,0,0,0,0,0.0,,,,,,,,,,REJECT_NO_VALIDATED_RULE,,,,,,True,True,True,True,True,True,True,True,0.0,0.0,0.0,0.0,0.0,0.0,0.0,0.0,0.0,1.0,False,False,False,2,True,41.6,1.0,,,0,0,0,,41.6,0,,False,0.0,0.0,False,,False,True,,0
261,032640,LG유플러스,KOSPI,IT/전기전자,15950,282.67,67696.2,0.0,0.0,WAIT,WAIT,3,False,0,True,44.7,44.7,44.3,69.7,14.6,0.0,41.6,42.9,55.1,31.1,1.22,1.5,RR1.2 + 진입적정,0,15710.0,13610.0,18800.0,19630.0,,1.56,0.94,16016,3.19,특이사항 없음,5,-3.64,52.6,2.0,TIMING 강점,,,추세 관망,CRITICAL,75.3,전기 통신업,28267270725.0,61.1,12.76,1,0,3.64,4.11,5.84,2.97,4.93,6.76,-0.59,-41.45,,0.421,0.421,1,12.0,0,1,0.97,0.37,0,0,0,1,-1,16613.0,-0.41,-0.0355,False,X,▲,15373,▼,O,X,0.0,250,0,1,1,1,,enter,100.0,NORMAL+PM_BLOCK_INTRADAY+EF:정상,13.37,4.0,1.5,normal,7.0,v1_sl_first_gap_at_open,NORMAL+PM_BLOCK_INTRADAY+EF:정상,SWING_20D,80,ATR_3.5x,45,,0,0.0,전기 통신업,0.10229729729729745,3.253243243243243,5.0,0.07012987012987014,0.07902509169477695,0.10144927536231885,OK,14.6,OK,50.147619536902184,50.147619536902184,4,1,0.55,0.25,0.2,STRUCT+TIMING+AI+SECTOR,default,50,20260612,20260612,,44.7,44.7,44.7,46.38,-9.6,FRESH,0.351,,False,0.3,True,MATURE,9296.0,1.471,0.849,0.849,0.0,0.0,0.0,v22_calibrated,,,,,,,,True,17.9,,ELITE_SCORE,MATURE,9296,2.4.0,OK,,100.0,ATTACK,OK,OK,OK,OK,OK,OK,OK,0,7,True,True,True,,0,GREEN,,,90.0,BUY,1,,0,0,0,0,,0.0,T=70<70,100.0,GREEN,,,0,False,0,ENTRY_READY_BUT_NOT_TOP_PICK,TOP_PICK=0,진입조건은 양호하나 공식 Top Pick 아님,50.0,ENTRY_CLEAN_OBSERVE,ENTRY_CLEAN_OBSERVE,FX_HIGH_REGIME,1,0,0,1,0,0,0,0,0,CLEAR,,,0,0,0,0,0.0,,,,,,,,,,REJECT_NO_VALIDATED_RULE,,,,,,True,True,True,True,False,True,True,True,0.0,0.0,0.0,0.0,20.0,0.0,0.0,0.0,20.0,1.0,False,True,False,3,False,21.6,0.519,G5추세붕괴3축,,0,0,0,,21.6,0,,False,0.0,0.0,False,,False,True,,0
262,018260,삼성에스디에스,KOSPI,IT/전기전자,237000,1658.45,183385.4,0.0,0.0,WAIT,WAIT,3,False,0,True,65.2,65.2,93.6,23.7,39.2,0.0,40.1,52.2,69.9,12.6,3.92,1.5,RR3.9 + 진입적정,0,233500.0,198400.0,388500.0,454500.0,,0.54,0.57,227677,36.43,특이사항 없음,0,30.57,56.7,2.12,STRUCT 강점,,,추세 관망,CRITICAL,75.3,"컴퓨터 프로그래밍, 시스템 통합 및 관리업",165845372000.0,73.4,87.61,0,0,3.27,-6.14,-4.63,32.18,49.53,35.89,28.62,3.15,,0.193,0.172,1,12.0,1,0,1.49,0.33,0,0,0,1,-1,356700.0,4.09,-0.8851,False,O,▲,263758,▼,X,X,4.14,250,0,1,1,1,539000.0,enter,100.0,NORMAL+PM_BLOCK_INTRADAY+EF:정상,15.03,4.0,4.4,normal,7.0,v1_sl_first_gap_at_open,NORMAL+PM_BLOCK_INTRADAY+EF:정상,SWING_20D,80,FIBO_1.272,40,FIBO_1.618,25,0.0,"컴퓨터 프로그래밍, 시스템 통합 및 관리업",0.10229729729729745,3.253243243243243,5.0,0.16879144062688367,0.2067213150643028,0.5072463768115942,OK,39.2,OK,17.520364661738014,17.520364661738014,6,1,0.55,0.25,0.2,STRUCT+TIMING+AI+SECTOR,default,50,20260612,20260612,,65.2,65.2,65.2,46.38,-9.6,FRESH,0.351,,False,0.442,True,MATURE,9296.0,4.416,0.849,0.849,0.0,0.0,0.0,v22_calibrated,,,,,,,,True,63.9,,ELITE_SCORE,MATURE,9296,2.4.0,OK,,100.0,ATTACK,OK,OK,OK,OK,OK,OK,OK,0,7,True,True,True,,0,GREEN,,,90.0,BUY,1,,0,0,0,0,,0.0,T=24<70 · S=94≥50,100.0,GREEN,,,0,False,0,BELOW_OFFICIAL_BAR,TOP_PICK=0,,43.0,IGNORE,IGNORE,FX_HIGH_REGIME,1,0,0,1,0,0,0,0,0,CLEAR,,,0,0,0,0,0.0,,,,,,,,,,REJECT_NO_VALIDATED_RULE,,,,,,True,True,True,True,False,True,False,True,0.0,0.0,0.0,0.0,20.0,0.0,15.0,0.0,35.0,1.0,False,True,False,3,False,5.1,0.127,G5추세붕괴3축 · G7윗꼬리약세-15,,0,0,0,,5.1,0,,False,0.0,0.0,False,,False,True,,0
263,005930,삼성전자,KOSPI,IT/전기전자,322500,102431.64,18854248.5,0.0,0.0,WAIT,WAIT,3,False,0,True,60.3,60.3,87.4,29.7,24.2,0.0,38.4,47.1,63.2,21.0,1.07,0.9,RR1.1 + 진입적정,0,325500.0,278000.0,370000.0,411000.0,,0.5,0.91,251544,66.8,특이사항 없음,0,9.73,55.0,4.96,STRUCT 강점,,,추세 관망,CRITICAL,75.3,통신 및 방송 장비 제조업,10243164332536.0,54.4,33.18,0,0,7.86,-1.98,7.68,13.56,70.91,200.56,10.0,24.53,,0.019,0.019,1,12.0,0,0,1.19,0.56,795285,684990,1480275,1,1,294900.0,28.21,-0.3285,False,O,▲,325968,▼,X,X,9.03,250,0,1,1,1,425500.0,split,50.0,NORMAL+WARN:mcap=18854249억 — 원 단위 혼입 의심(>1000조)+PM_BLOCK_INTRADAY+EF:갭 7%+ 분할 진입+ENTRY:split,14.59,4.0,0.9,normal,7.0,v1_sl_first_gap_at_open,NORMAL+WARN:mcap=18854249억 — 원 단위 혼입 의심(>1000조)+PM_BLOCK_INTRADAY+EF:갭 7%+ 분할 진입+ENTRY:split,SWING_20D,80,ATR_3.5x,45,FIBO_1.272,40,0.0,통신 및 방송 장비 제조업,0.10229729729729745,3.253243243243243,5.0,0.0756921373200443,0.009542121719415125,0.6842105263157895,OK,24.2,OK,18.41908600737858,18.41908600737858,6,1,0.55,0.25,0.2,STRUCT+TIMING+AI+SECTOR,default,50,20260612,20260612,,60.3,60.3,60.3,46.38,-9.6,FRESH,0.351,,False,0.402,True,MATURE,9296.0,0.937,0.849,0.849,0.0,0.0,0.0,v22_calibrated,,,,,,,,True,14.7,,ELITE_SCORE,MATURE,9296,2.4.0,OK,,100.0,ATTACK,OK,OK,OK,OK,OK,OK,OK,0,7,True,True,True,,1,ORANGE,C_ORANGE,STRUCT < 90 + VWAP_GAP > 15% 강한 과열,0.0,AVOID,0,RR 1.07 · VWAP 28↑ · POC 67↑,0,0,0,0,,0.0,T=30<70 · S=87≥50,100.0,GREEN,,,0,False,0,BELOW_OFFICIAL_BAR,TOP_PICK=0,,10.0,IGNORE,IGNORE,FX_HIGH_REGIME,1,0,0,1,0,0,0,0,0,CLEAR,,,0,0,0,0,0.0,,,,,,,,,,REJECT_NO_VALIDATED_RULE,,,,,,True,True,True,True,True,True,True,True,0.0,0.0,0.0,0.0,0.0,0.0,0.0,0.0,0.0,1.0,False,False,False,2,True,38.4,1.0,,,0,0,0,,38.4,0,,False,0.0,0.0,False,,False,True,,0
264,110990,디아이티,KOSDAQ,조선·기계·설비,25300,79.64,4781.7,0.0,0.0,WAIT,WAIT,3,False,0,True,41.5,41.5,44.5,31.8,45.6,0.0,37.7,40.6,13.8,82.8,0.91,1.0,밸런스우수 + 진입적정,0,25050.0,21250.0,29000.0,33700.0,,1.42,1.29,23450,16.86,특이사항 없음,0,-13.57,50.7,7.97,,,5일 급등,추세 관망,CRITICAL,75.3,특수 목적용 기계 제조업,7963561250.0,57.3,39.96,0,0,8.82,17.4,11.45,0.4,7.66,75.94,12.96,17.26,,0.14,0.14,1,12.0,0,0,1.02,0.63,0,0,0,1,-1,26140.0,7.89,0.6902,False,O,▲,20877,▲,O,X,6.67,250,0,1,1,1,36000.0,enter,100.0,NORMAL+PM_BLOCK_INTRADAY+EF:정상,15.17,6.0,1.0,normal,7.0,v1_sl_first_gap_at_open,NORMAL+PM_BLOCK_INTRADAY+EF:정상,SWING_20D,80,ATR_3.5x,45,FIBO_1.618,25,0.0,특수 목적용 기계 제조업,9.421739130434784,5.0392753623188415,2.0,0.0974025974025974,-0.059729940330487,0.4230769230769231,OK,45.6,OK,28.301901109035562,28.301901109035562,4,1,0.55,0.25,0.2,STRUCT+TIMING+AI+SECTOR,default,50,20260612,20260612,,41.5,41.5,41.5,46.38,-9.6,FRESH,0.351,,False,0.3,True,MATURE,9296.0,1.039,0.849,0.849,0.0,0.0,0.0,v22_calibrated,,,,,,,,True,14.6,,ELITE_SCORE,MATURE,9296,2.4.0,OK,,100.0,ATTACK,OK,OK,OK,OK,OK,OK,OK,0,7,True,True,True,,0,GREEN,,,0.0,AVOID,0,RR 0.91,0,0,0,0,,0.0,T=32<70,100.0,GREEN,,,0,False,0,BELOW_OFFICIAL_BAR,TOP_PICK=0,,5.0,IGNORE,IGNORE,FX_HIGH_REGIME,1,0,0,1,0,0,0,0,0,CLEAR,,,0,0,0,0,0.0,,,,,,,,,,REJECT_NO_VALIDATED_RULE,,,,,,True,True,True,True,True,True,True,True,0.0,0.0,0.0,0.0,0.0,0.0,0.0,0.0,0.0,1.0,False,False,False,1,True,37.7,1.0,,,0,0,0,,37.7,0,,False,0.0,0.0,False,,False,True,,0
265,475150,SK이터닉스,KOSPI,건설·부동산,43000,1242.1,14648.8,0.0,0.0,WAIT,WAIT,3,False,0,True,53.2,53.2,61.1,12.1,83.1,0.0,36.6,52.1,71.0,11.2,1.57,1.5,RR1.6 + 진입적정,0,42350.0,36000.0,54000.0,69300.0,,-1.4,2.8,53595,49.16,특이사항 없음,0,-21.72,51.2,4.71,AI 강점,STRUCT 보조,5일 급등,추세 관망,CRITICAL,75.3,건물 건설업,124210045650.0,64.7,42.88,0,0,6.04,21.64,6.7,-12.24,11.83,108.74,-15.8,-34.55,,0.465,0.091,1,12.0,0,0,3.7,0.54,0,0,0,1,1,30765.0,-19.77,0.9805,False,O,▲,36692,▲,O,X,1.85,250,0,1,1,1,,enter,100.0,NORMAL+PM_BLOCK_INTRADAY+EF:정상,14.99,5.0,1.8,normal,7.0,v1_sl_first_gap_at_open,NORMAL+PM_BLOCK_INTRADAY+EF:정상,SWING_20D,80,SWING_60D,60,,0,0.0,건물 건설업,4.3388888888888895,-16.964444444444446,13.0,0.11495016611295682,-0.024496602468384,0.47297297297297297,OK,83.1,OK,6.413182901762909,6.413182901762909,6,1,0.55,0.25,0.2,STRUCT+TIMING+AI+SECTOR,default,50,20260612,20260612,,53.2,53.2,53.2,46.38,-9.6,FRESH,0.351,,False,0.346,True,MATURE,9296.0,1.835,0.849,0.849,0.0,0.0,0.0,v22_calibrated,,,,,,,,True,25.6,,ELITE_SCORE,MATURE,9296,2.4.0,OK,,100.0,ATTACK,OK,OK,OK,OK,OK,OK,OK,0,7,True,True,True,,0,GREEN,,,90.0,BUY,1,POC 49↑,0,0,0,0,,0.0,T=12<70 · S=61≥50,100.0,GREEN,,,0,False,0,BELOW_OFFICIAL_BAR,TOP_PICK=0,,35.0,IGNORE,IGNORE,FX_HIGH_REGIME,1,0,0,1,0,0,0,0,0,CLEAR,,,0,0,0,0,0.0,,,,,,,,,,REJECT_NO_VALIDATED_RULE,,,,,,True,True,True,True,True,True,True,True,0.0,0.0,0.0,0.0,0.0,0.0,0.0,0.0,0.0,1.0,False,False,False,0,True,36.6,1.0,,,0,0,0,,36.6,0,,False,0.0,0.0,False,,False,True,,0
266,242040,나무기술,KOSDAQ,IT/전기전자,7950,203.13,2751.2,0.0,,WAIT,WAIT,3,False,0,True,61.0,61.0,87.7,12.6,48.3,0.0,35.8,49.5,75.1,6.1,1.51,15.1,RR1.5,0,6910.0,5860.0,11100.0,12620.0,,0.04,0.34,6779,30.99,특이사항 없음,0,31.38,66.5,20.88,STRUCT 강점,,,스퀴즈/품질 대기,CRITICAL,75.3,소프트웨어 개발 및 공급업,20312880070.0,68.6,98.01,0,0,6.85,-7.23,6.14,82.76,24.41,459.47,95.32,34.01,,0.069,0.069,1,12.0,1,0,2.3,0.55,0,0,0,1,1,5583.0,17.26,-0.8112,False,O,▲,8635,▼,X,X,6.72,250,0,1,1,1,13010.0,enter,100.0,NORMAL+PM_BLOCK_INTRADAY+EF:정상,15.2,6.0,4.0,normal,7.0,v1_sl_first_gap_at_open,NORMAL+PM_BLOCK_INTRADAY+EF:정상,SWING_20D,80,ATR_3.5x,45,FIBO_1.272,40,0.0,소프트웨어 개발 및 공급업,0.10229729729729745,3.253243243243243,5.0,0.2049865229110512,0.08063328279388397,0.40789473684210525,OK,48.3,OK,7.5,7.5,4,1,0.55,0.25,0.2,STRUCT+TIMING+AI+SECTOR,default,50,20260612,20260612,,61.0,61.0,61.0,46.38,-9.6,FRESH,0.351,elite_low_wr_0.35,True,0.408,True,MATURE,9296.0,3.99,0.849,0.849,0.0,0.0,,v22_calibrated,,,,,,,,True,39.6,,ELITE_SCORE,MATURE,9296,2.4.0,OK,,100.0,ATTACK,OK,OK,OK,OK,OK,OK,OK,0,7,True,True,True,,1,ORANGE,C_ORANGE,STRUCT < 90 + VWAP_GAP > 15% 강한 과열,0.0,AVOID,0,진입괴리 15.1%,0,0,0,0,,0.0,T=13<70 · S=88≥50,100.0,GREEN,,,0,False,0,BELOW_OFFICIAL_BAR,TOP_PICK=0,,15.0,IGNORE,IGNORE,FX_HIGH_REGIME,1,0,0,1,0,0,0,0,0,CLEAR,,,0,0,0,0,0.0,,,,,,,,,,REJECT_NO_VALIDATED_RULE,,,,,,True,True,True,True,True,True,True,True,0.0,0.0,0.0,0.0,0.0,0.0,0.0,0.0,0.0,1.0,False,False,False,2,True,35.8,1.0,,,0,0,0,,35.8,0,,False,0.0,0.0,False,,False,True,,0
267,001720,신영증권,KOSPI,서비스 기타,187000,52.48,30742.8,0.0,,WAIT,WAIT,3,False,0,True,33.4,33.4,28.1,43.5,35.2,0.0,35.4,35.6,15.4,80.8,1.06,3.1,밸런스우수 + RR1.1,0,181400.0,154100.0,222000.0,229000.0,,0.59,1.09,194644,-7.75,특이사항 없음,4,-1.75,53.5,4.86,,,,스퀴즈/품질 대기,CRITICAL,75.3,금융 지원 서비스업,5247553650.0,53.9,18.28,1,0,10.45,-3.91,7.78,1.63,-6.36,33.0,-1.93,-52.74,,0.459,0.284,0,12.0,1,0,0.79,0.41,0,0,0,1,-1,205340.0,-3.93,-0.0052,False,X,▲,174880,▲,O,X,3.78,250,0,1,1,1,272000.0,split,50.0,NORMAL+PM_BLOCK_INTRADAY+EF:당일 10%+ 급등 분할 진입+ENTRY:split,15.05,5.0,1.5,normal,7.0,v1_sl_first_gap_at_open,NORMAL+PM_BLOCK_INTRADAY+EF:당일 10%+ 급등 분할 진입+ENTRY:split,SWING_20D,80,ATR_3.5x,45,SWING_120D,45,0.0,금융 지원 서비스업,1.6329629629629632,-10.275925925925925,12.0,0.0722689075630252,0.02913463175065964,0.02962962962962963,OK,35.2,OK,48.11375235566424,48.11375235566424,4,1,0.55,0.25,0.2,STRUCT+TIMING+AI+SECTOR,default,50,20260612,20260612,,33.4,33.4,33.4,46.38,-9.6,FRESH,0.351,elite_low_wr_0.35,True,0.3,True,MATURE,9296.0,1.487,0.849,0.849,0.0,0.0,,v22_calibrated,,,,,,,,True,18.7,,ELITE_SCORE,MATURE,9296,2.4.0,OK,,100.0,ATTACK,OK,OK,OK,OK,OK,OK,OK,0,7,True,True,True,,0,GREEN,,,0.0,AVOID,0,진입괴리 3.1% · RR 1.06,0,0,0,0,,0.0,T=44<70 · 전일+10%,100.0,GREEN,,,0,False,0,BELOW_OFFICIAL_BAR,TOP_PICK=0,,10.0,IGNORE,IGNORE,FX_HIGH_REGIME,1,0,0,1,0,0,0,0,0,CLEAR,,,0,0,0,0,0.0,,,,,,,,,,REJECT_NO_VALIDATED_RULE,,,,,,True,False,True,True,False,True,True,True,0.0,0.0,0.0,0.0,20.0,0.0,0.0,0.0,20.0,0.5,False,True,False,3,False,0.0,0.0,G2RR×0.5 · G5추세붕괴3축,,0,0,0,,0.0,0,,False,0.0,0.0,False,,False,True,,0
268,032580,피델릭스,KOSDAQ,반도체,5640,66.06,1868.6,0.0,,WAIT,WAIT,3,False,0,True,61.5,61.5,88.6,6.1,56.3,0.0,34.7,50.3,82.5,0.0,4.51,1.4,RR4.5 + 진입적정,0,5560.0,4720.0,9790.0,10280.0,,0.73,0.21,4759,410.07,특이사항 없음,0,94.81,53.1,3.87,STRUCT 강점,AI 보조,,스퀴즈/품질 대기,CRITICAL,75.3,반도체 제조업,6606241750.0,35.0,86.44,0,0,4.83,3.68,-17.18,128.34,456.21,405.83,140.9,465.81,,0.163,0.163,1,12.0,0,0,2.03,0.45,0,0,0,1,1,4061.3999999999996,18.51,-0.4238,False,O,▲,5392,▼,O,X,6.13,249,0,1,1,1,12200.0,enter,100.0,NORMAL+WARN:ATR%=22.5% > 20% — 이상치 의심+PM_BLOCK_INTRADAY+EF:정상,15.11,6.0,5.0,normal,7.0,v1_sl_first_gap_at_open,NORMAL+WARN:ATR%=22.5% > 20% — 이상치 의심+PM_BLOCK_INTRADAY+EF:정상,SWING_20D,80,ATR_3.5x,45,FIBO_1.272,40,0.0,반도체 제조업,7.3096000000000005,9.6216,1.0,0.36557355284121085,0.03033644267718861,0.6567164179104478,OK,56.3,OK,1.5,1.5,6,1,0.55,0.25,0.2,STRUCT+TIMING+AI+SECTOR,default,50,20260612,20260612,,61.5,61.5,61.5,46.38,-9.6,FRESH,0.351,elite_low_wr_0.35,True,0.412,True,MATURE,9296.0,5.036,0.849,0.849,0.0,0.0,,v22_calibrated,,,,,,,,True,73.6,,ELITE_SCORE,MATURE,9296,2.4.0,OK,,100.0,ATTACK,OK,OK,OK,OK,OK,OK,OK,0,7,True,True,True,,1,ORANGE,C_ORANGE,STRUCT < 90 + VWAP_GAP > 15% 강한 과열,75.0,BUY,1,POC 410↑,0,1,0,0,,0.0,T=6<70 · S=89≥50,100.0,GREEN,,,0,False,0,BELOW_OFFICIAL_BAR,TOP_PICK=0,VWAP/POC 과열,35.0,IGNORE,IGNORE,FX_HIGH_REGIME,1,0,0,1,0,0,0,0,0,CLEAR,,,0,0,0,0,0.0,,,,,,,,,,REJECT_NO_VALIDATED_RULE,,,,,,True,True,True,True,True,True,False,True,0.0,0.0,0.0,0.0,0.0,0.0,15.0,0.0,15.0,1.0,False,False,False,2,False,19.7,0.568,G7윗꼬리약세-15,,0,0,0,,19.7,0,,False,0.0,0.0,False,,False,False,V2:비양수가격x1;V1:OHLC불변식x1,1
269,019210,와이지-원,KOSDAQ,기타,15930,130.65,5925.0,0.0,0.0,WAIT,WAIT,3,False,0,True,34.0,34.0,17.3,34.4,79.2,0.0,34.2,43.6,61.9,22.6,1.36,4.0,RR1.4,0,15320.0,13020.0,19900.0,22200.0,,1.81,0.93,14774,23.34,특이사항 없음,0,-19.56,38.5,-2.15,AI 강점,,저점 이탈,추세 관망,CRITICAL,75.3,기타 금속 가공제품 제조업,13065358630.0,40.6,48.58,0,0,11.71,14.6,-2.69,-0.31,23.87,179.47,12.25,33.47,,0.148,0.108,1,12.0,0,0,1.74,0.44,0,0,0,0,-1,16995.0,7.82,0.5394,False,O,▲,13187,▲,O,X,3.23,250,0,1,1,1,25050.0,split,50.0,NORMAL+PM_BLOCK_INTRADAY+EF:당일 10%+ 급등 분할 진입+ENTRY:split,15.01,5.0,2.0,normal,7.0,v1_sl_first_gap_at_open,NORMAL+PM_BLOCK_INTRADAY+EF:당일 10%+ 급등 분할 진입+ENTRY:split,SWING_20D,80,FIBO_1.272,40,FIBO_1.618,25,0.0,기타 금속 가공제품 제조업,2.1077380952380955,-2.2075,9.0,0.08232445520581114,-0.04456305750952253,0.1695906432748538,OK,79.2,OK,29.10603194300255,29.10603194300255,4,1,0.55,0.25,0.2,STRUCT+TIMING+AI+SECTOR,default,50,20260612,20260612,,34.0,34.0,34.0,46.38,-9.6,FRESH,0.351,,False,0.3,True,MATURE,9296.0,1.991,0.849,0.849,0.0,0.0,0.0,v22_calibrated,,,,,,,,True,24.9,,ELITE_SCORE,MATURE,9296,2.4.0,OK,,100.0,ATTACK,OK,OK,OK,OK,OK,OK,OK,0,7,True,True,True,,0,GREEN,,,0.0,AVOID,0,진입괴리 4.0%,0,0,0,0,,0.0,T=34<70 · 전일+12%,100.0,GREEN,,,0,False,0,BELOW_OFFICIAL_BAR,TOP_PICK=0,,15.0,IGNORE,IGNORE,FX_HIGH_REGIME,1,0,0,1,0,0,0,0,0,CLEAR,,,0,0,0,0,0.0,,,,,,,,,,REJECT_NO_VALIDATED_RULE,,,,,,True,True,True,True,True,True,True,True,0.0,0.0,0.0,0.0,0.0,0.0,0.0,0.0,0.0,1.0,False,False,False,2,True,34.2,1.0,,,0,0,0,,34.2,0,,False,0.0,0.0,False,,False,True,,0
270,005850,에스엘,KOSPI,자동차·모빌리티,67700,138.0,31445.6,0.0,0.0,WAIT,WAIT,3,False,0,True,44.1,44.1,57.6,33.8,20.0,0.0,34.0,37.1,37.6,53.0,1.06,1.5,RR1.1 + 진입적정,0,66700.0,56600.0,79500.0,87900.0,⚡눌림회복,0.94,0.68,65399,5.16,특이사항 없음,0,5.44,48.9,-1.78,STRUCT 강점,,,추세 관망,CRITICAL,75.3,자동차 신품 부품 제조업,13800182600.0,56.7,29.11,0,0,4.31,-2.87,-10.45,-1.46,6.95,55.63,-5.02,-39.43,,0.152,0.152,1,12.0,1,0,1.23,0.48,0,0,0,0,1,57810.0,3.52,-0.1023,False,O,▲,65794,▼,O,X,3.54,250,0,1,1,1,95800.0,enter,100.0,NORMAL+PM_BLOCK_INTRADAY+EF:정상,15.14,5.0,1.3,normal,7.0,v1_sl_first_gap_at_open,NORMAL+PM_BLOCK_INTRADAY+EF:정상,SWING_20D,80,ATR_3.5x,45,FIBO_1.618,25,0.0,자동차 신품 부품 제조업,9.936315789473685,2.4005263157894725,3.0,0.08947035239502005,-0.017864937465734393,0.7543859649122807,OK,20.0,OK,13.363337336816517,13.363337336816517,6,1,0.55,0.25,0.2,STRUCT+TIMING+AI+SECTOR,default,50,20260612,20260612,,44.1,44.1,44.1,46.38,-9.6,FRESH,0.351,,False,0.3,True,MATURE,9296.0,1.267,0.849,0.849,0.0,0.0,0.0,v22_calibrated,,,,,,,,True,17.4,,ELITE_SCORE,MATURE,9296,2.4.0,OK,,100.0,ATTACK,OK,OK,OK,OK,OK,OK,OK,0,7,True,True,True,,0,GREEN,,,0.0,AVOID,0,RR 1.06,0,0,0,0,,0.0,T=34<70 · S=58≥50,100.0,GREEN,,,0,False,0,BELOW_OFFICIAL_BAR,TOP_PICK=0,,10.0,IGNORE,IGNORE,FX_HIGH_REGIME,1,0,0,1,0,0,0,0,0,CLEAR,,,0,0,0,0,0.0,,,,,,,,,,REJECT_NO_VALIDATED_RULE,,,,,,True,False,True,True,False,True,False,True,0.0,0.0,0.0,0.0,20.0,0.0,15.0,0.0,35.0,0.5,False,True,False,3,False,0.0,0.0,G2RR×0.5 · G5추세붕괴3축 · G7윗꼬리약세-15,,0,0,0,,0.0,0,,False,0.0,0.0,False,,False,True,,0
271,034730,SK,KOSPI,금융,593000,949.52,429941.0,0.0,0.0,WAIT,WAIT,3,False,0,True,47.1,47.1,58.0,12.3,60.7,0.0,33.5,43.7,48.4,39.5,1.3,1.5,RR1.3 + 진입적정,0,584000.0,496000.0,719000.0,756000.0,,0.74,0.58,486125,72.31,특이사항 없음,0,8.74,52.7,-1.53,AI 강점,STRUCT 보조,,추세 관망,CRITICAL,75.3,기타 금융업,94952186500.0,55.3,39.31,0,0,3.13,-5.12,-10.69,7.82,79.43,126.77,4.26,33.05,,0.073,0.073,1,12.0,0,0,1.35,0.44,0,0,0,0,1,559800.0,21.98,-0.3204,False,O,▲,605741,▼,X,X,5.91,250,0,1,1,1,834000.0,enter,100.0,NORMAL+PM_BLOCK_INTRADAY+EF:정상,15.07,4.0,1.5,normal,7.0,v1_sl_first_gap_at_open,NORMAL+PM_BLOCK_INTRADAY+EF:정상,SWING_20D,80,ATR_3.5x,45,FIBO_1.272,40,0.0,기타 금융업,1.90825,-1.16975,7.0,0.08287159720549266,0.012570603761583,0.3235294117647059,OK,60.7,OK,10.985704485955992,10.985704485955992,6,1,0.55,0.25,0.2,STRUCT+TIMING+AI+SECTOR,default,50,20260612,20260612,,47.1,47.1,47.1,46.38,-9.6,FRESH,0.351,,False,0.3,True,MATURE,9296.0,1.534,0.849,0.849,0.0,0.0,0.0,v22_calibrated,,,,,,,,True,21.2,,ELITE_SCORE,MATURE,9296,2.4.0,OK,,100.0,ATTACK,OK,OK,OK,OK,OK,OK,OK,0,7,True,True,True,,1,ORANGE,C_ORANGE,STRUCT < 90 + VWAP_GAP > 15% 강한 과열,80.0,BUY,1,VWAP 22↑ · POC 72↑,0,0,0,0,,0.0,T=12<70 · S=58≥50,100.0,GREEN,,,0,False,0,BELOW_OFFICIAL_BAR,TOP_PICK=0,,35.0,IGNORE,IGNORE,FX_HIGH_REGIME,1,0,0,1,0,0,0,0,0,CLEAR,,,0,0,0,0,0.0,,,,,,,,,,REJECT_NO_VALIDATED_RULE,,,,,,True,True,True,True,False,True,True,True,0.0,0.0,0.0,0.0,20.0,0.0,0.0,0.0,20.0,1.0,False,True,False,3,False,13.5,0.403,G5추세붕괴3축,,0,0,0,,13.5,0,,False,0.0,0.0,False,,False,True,,0
272,033640,네패스,KOSDAQ,반도체,32650,180.83,7528.8,0.0,0.0,WAIT,WAIT,3,False,0,True,44.6,44.6,58.2,17.4,41.4,0.0,32.0,39.0,40.8,49.0,1.28,1.6,RR1.3 + 진입적정,0,32150.0,27300.0,39500.0,40400.0,,0.44,1.19,28746,-1.3,특이사항 없음,2,14.12,44.0,-2.4,STRUCT 강점,,,추세 관망,CRITICAL,75.3,반도체 제조업,18082689825.0,62.0,37.05,0,0,3.49,-5.64,-7.51,3.32,95.04,91.38,15.88,104.64,,0.265,0.265,0,12.0,1,0,1.1,0.5,0,0,0,0,1,27545.0,13.58,-0.2319,False,O,▲,32886,▼,X,X,5.86,250,0,1,1,1,46600.0,enter,100.0,NORMAL+PM_BLOCK_INTRADAY+EF:정상,15.09,5.0,1.5,normal,7.0,v1_sl_first_gap_at_open,NORMAL+PM_BLOCK_INTRADAY+EF:정상,SWING_20D,80,ATR_2x,70,ATR_3.5x,45,0.0,반도체 제조업,7.3096000000000005,9.6216,1.0,0.12612119886239337,0.08364612388237656,0.5,OK,41.4,OK,25.370176878265173,25.370176878265173,4,1,0.55,0.25,0.2,STRUCT+TIMING+AI+SECTOR,default,50,20260612,20260612,,44.6,44.6,44.6,46.38,-9.6,FRESH,0.351,,False,0.3,True,MATURE,9296.0,1.515,0.849,0.849,0.0,0.0,0.0,v22_calibrated,,,,,,,,True,21.0,,ELITE_SCORE,MATURE,9296,2.4.0,OK,,100.0,ATTACK,OK,OK,OK,OK,OK,OK,OK,0,7,True,True,True,,0,GREEN,,,100.0,BUY,1,,0,0,0,0,,0.0,T=17<70 · S=58≥50,100.0,GREEN,,,0,False,0,BELOW_OFFICIAL_BAR,TOP_PICK=0,,35.0,IGNORE,IGNORE,FX_HIGH_REGIME,1,0,0,1,0,0,0,0,0,CLEAR,,,0,0,0,0,0.0,,,,,,,,,,REJECT_NO_VALIDATED_RULE,,,,,,True,False,True,True,False,True,True,True,0.0,0.0,0.0,0.0,20.0,0.0,0.0,0.0,20.0,0.5,False,True,False,4,False,0.0,0.0,G2RR×0.5 · G5추세붕괴4축,,0,0,0,,0.0,0,,False,0.0,0.0,False,,False,True,,0
273,032830,삼성생명,KOSPI,금융,385500,1565.56,771000.0,0.0,0.0,WAIT,WAIT,3,False,0,True,53.6,53.6,81.8,24.7,12.1,0.0,31.9,39.5,69.7,12.9,1.58,1.6,RR1.6 + 진입적정,0,379500.0,322500.0,485000.0,513000.0,,1.27,0.58,300939,73.07,특이사항 없음,0,16.52,54.6,4.57,STRUCT 강점,,,추세 관망,CRITICAL,75.3,보험업,156555730563.0,47.5,48.22,0,0,5.62,-6.55,7.83,25.98,81.84,151.8,22.42,35.46,,0.032,0.032,1,12.0,0,0,1.04,0.48,0,0,0,1,1,348450.0,28.1,-0.6148,False,O,▲,408542,▼,X,X,7.53,250,0,1,1,1,561000.0,split,50.0,NORMAL+PM_BLOCK_INTRADAY+EF:갭 7%+ 분할 진입+ENTRY:split,15.02,4.0,1.9,normal,7.0,v1_sl_first_gap_at_open,NORMAL+PM_BLOCK_INTRADAY+EF:갭 7%+ 분할 진입+ENTRY:split,SWING_20D,80,ATR_3.5x,45,FIBO_1.272,40,0.0,보험업,1.90825,-1.16975,7.0,0.0987585695756902,-0.0020996624466262173,0.56,OK,12.1,OK,18.0,18.0,4,1,0.55,0.25,0.2,STRUCT+TIMING+AI+SECTOR,default,50,20260612,20260612,,53.6,53.6,53.6,46.38,-9.6,FRESH,0.351,,False,0.349,True,MATURE,9296.0,1.851,0.849,0.849,0.0,0.0,0.0,v22_calibrated,,,,,,,,True,25.8,,ELITE_SCORE,MATURE,9296,2.4.0,OK,,100.0,ATTACK,OK,OK,OK,OK,OK,OK,OK,0,7,True,True,True,,1,RED,B_RED,STRUCT 70~85 위험 구간 + VWAP_GAP > 8% 과열,80.0,BUY,1,VWAP 28↑ · POC 73↑,0,0,0,0,,0.0,T=25<70 · S=82≥50,85.0,CAUTION,B_RED_SHADOW,B_red shadow 감점 -15: STRUCT 70~85 + VWAP_GAP>8 위험 조합 · 공식 매수 차단 아님,1,False,0,BELOW_OFFICIAL_BAR,TOP_PICK=0,,35.0,IGNORE,IGNORE,FX_HIGH_REGIME,1,0,0,1,0,0,0,0,0,CLEAR,,,0,0,0,0,0.0,,,,,,,,,,REJECT_NO_VALIDATED_RULE,,,,,,True,False,True,True,True,True,False,True,0.0,0.0,0.0,0.0,0.0,0.0,15.0,0.0,15.0,0.5,False,False,False,2,False,0.9,0.03,G2RR×0.5 · G7윗꼬리약세-15,,0,0,0,,0.9,0,,False,0.0,0.0,False,,False,True,,0
274,051910,LG화학,KOSPI,화학·소재,345000,1268.16,243543.6,0.0,0.0,WAIT,WAIT,3,False,0,True,29.6,29.6,8.4,35.2,80.7,0.0,31.6,41.4,72.3,9.6,1.17,2.1,RR1.2,0,338000.0,290000.0,409500.0,437500.0,,1.35,0.86,356418,7.68,특이사항 없음,0,-6.75,49.0,-0.98,AI 강점,,저점 이탈,추세 관망,CRITICAL,75.3,기초 화학물질 제조업,126815619000.0,54.9,22.41,0,0,9.0,-1.15,0.15,-10.97,18.15,-5.61,-14.53,-28.23,,0.474,0.339,1,12.0,1,0,1.06,0.39,28980,345,29325,0,-1,381300.0,-3.2,0.0588,False,X,▼,329776,▼,O,X,4.74,250,0,-1,1,1,478000.0,enter,100.0,NORMAL+PM_BLOCK_INTRADAY+EF:정상,14.2,4.0,1.5,normal,7.0,v1_sl_first_gap_at_open,NORMAL+PM_BLOCK_INTRADAY+EF:정상,SWING_20D,80,SWING_60D,60,FIBO_1.272,40,0.0,기초 화학물질 제조업,6.03945945945946,-4.1432432432432424,8.0,0.0650103519668737,-0.08125953050029501,0.15,OK,80.7,OK,31.723298342817102,31.723298342817102,4,1,0.55,0.25,0.2,STRUCT+TIMING+AI+SECTOR,default,50,20260612,20260612,,29.6,29.6,29.6,46.38,-9.6,FRESH,0.351,,False,0.3,True,MATURE,9296.0,1.49,0.849,0.849,0.0,0.0,0.0,v22_calibrated,,,,,,,,True,18.7,,ELITE_SCORE,MATURE,9296,2.4.0,OK,,100.0,ATTACK,OK,OK,OK,OK,OK,OK,OK,0,7,True,True,True,,0,GREEN,,,80.0,BUY,1,,0,0,0,0,,0.0,T=35<70,100.0,GREEN,,,0,False,0,BELOW_OFFICIAL_BAR,TOP_PICK=0,,30.0,IGNORE,IGNORE,FX_HIGH_REGIME,1,0,0,1,0,0,0,0,0,CLEAR,,,0,0,0,0,0.0,,,,,,,,,,REJECT_NO_VALIDATED_RULE,,,,,,True,True,True,True,False,True,True,True,0.0,0.0,0.0,0.0,20.0,0.0,0.0,0.0,20.0,1.0,False,True,False,3,False,11.6,0.367,G5추세붕괴3축,,0,0,0,,11.6,0,,False,0.0,0.0,False,,False,True,,0
275,005935,삼성전자우,KOSPI,IT/전기전자,207000,9822.18,1660908.4,0.0,0.0,WAIT,WAIT,3,False,0,True,57.0,57.0,89.5,14.5,20.9,0.0,31.4,41.6,75.0,6.2,1.08,1.5,RR1.1 + 진입적정,0,204000.0,173300.0,243500.0,261000.0,,0.54,0.77,173022,72.97,특이사항 없음,0,5.79,57.7,4.96,STRUCT 강점,,,추세 관망,CRITICAL,75.3,전기전자,982217587000.0,64.6,31.56,0,0,6.98,-1.9,8.43,9.47,49.67,154.3,5.91,3.29,,0.02,0.02,1,12.0,1,0,1.12,0.5,133515,1656,135171,1,-1,243710.0,19.64,-0.2983,False,O,▲,208533,▼,X,X,6.46,250,0,1,1,1,279000.0,enter,100.0,NORMAL+PM_BLOCK_INTRADAY+EF:정상,15.05,4.0,1.3,normal,7.0,v1_sl_first_gap_at_open,NORMAL+PM_BLOCK_INTRADAY+EF:정상,SWING_20D,80,ATR_3.5x,45,FIBO_1.272,40,0.0,전기전자,0.10229729729729745,3.253243243243243,5.0,0.07805383022774327,0.040001052338145264,0.6666666666666666,OK,20.9,OK,9.247434566969883,9.247434566969883,6,1,0.55,0.25,0.2,STRUCT+TIMING+AI+SECTOR,default,50,20260612,20260612,,57.0,57.0,57.0,46.38,-9.6,FRESH,0.351,,False,0.376,True,MATURE,9296.0,1.287,0.849,0.849,0.0,0.0,0.0,v22_calibrated,,,,,,,,True,17.6,,ELITE_SCORE,MATURE,9296,2.4.0,OK,,100.0,ATTACK,OK,OK,OK,OK,OK,OK,OK,0,7,True,True,True,,1,ORANGE,C_ORANGE,STRUCT < 90 + VWAP_GAP > 15% 강한 과열,0.0,AVOID,0,RR 1.08 · POC 73↑,0,0,0,0,,0.0,T=14<70 · S=90≥50,100.0,GREEN,,,0,False,0,BELOW_OFFICIAL_BAR,TOP_PICK=0,,10.0,IGNORE,IGNORE,FX_HIGH_REGIME,1,0,0,1,0,0,0,0,0,CLEAR,,,0,0,0,0,0.0,,,,,,,,,,REJECT_NO_VALIDATED_RULE,,,,,,True,True,True,True,False,True,True,True,0.0,0.0,0.0,0.0,20.0,0.0,0.0,0.0,20.0,1.0,False,True,False,3,False,11.4,0.363,G5추세붕괴3축,,0,0,0,,11.4,0,,False,0.0,0.0,False,,False,True,,0
276,007070,GS리테일,KOSPI,유통·소비재,24550,62.83,20525.6,0.0,0.0,WAIT,WAIT,3,False,0,True,25.0,25.0,8.6,46.2,43.7,0.0,31.1,32.8,37.6,53.0,1.42,1.4,RR1.4 + 진입적정,0,24200.0,20750.0,29950.0,32950.0,,1.06,0.99,24560,5.65,특이사항 없음,0,-8.94,34.3,-4.72,,,저점 이탈,추세 관망,CRITICAL,75.3,종합 소매업,6283014900.0,32.6,31.26,0,0,3.37,2.29,-3.16,-7.01,29.07,12.1,-10.57,-17.31,,0.189,0.176,1,12.0,0,0,1.47,0.28,0,0,0,0,-1,27670.0,-0.04,0.2549,False,O,▲,22787,▼,O,X,3.16,250,0,1,1,1,36700.0,enter,100.0,NORMAL+PM_BLOCK_INTRADAY+EF:정상,14.26,5.0,1.7,normal,7.0,v1_sl_first_gap_at_open,NORMAL+PM_BLOCK_INTRADAY+EF:정상,SWING_20D,80,FIBO_1.272,40,FIBO_1.618,25,0.0,종합 소매업,5.0564285714285715,-0.5635714285714287,6.0,0.06284550480069828,-0.04526957561694577,0.16666666666666666,OK,43.7,OK,34.00592464870361,34.00592464870361,4,1,0.55,0.25,0.2,STRUCT+TIMING+AI+SECTOR,default,50,20260612,20260612,,25.0,25.0,25.0,46.38,-9.6,FRESH,0.351,,False,0.3,True,MATURE,9296.0,1.667,0.849,0.849,0.0,0.0,0.0,v22_calibrated,,,,,,,,True,22.0,,ELITE_SCORE,MATURE,9296,2.4.0,OK,,100.0,ATTACK,OK,OK,OK,OK,OK,OK,OK,0,7,True,True,True,,0,GREEN,,,90.0,BUY,1,,0,0,0,0,,0.0,T=46<70,100.0,GREEN,,,0,False,0,ENTRY_READY_BUT_NOT_TOP_PICK,TOP_PICK=0,진입조건은 양호하나 공식 Top Pick 아님,50.0,ENTRY_CLEAN_OBSERVE,ENTRY_CLEAN_OBSERVE,FX_HIGH_REGIME,1,0,0,1,0,0,0,0,0,CLEAR,,,0,0,0,0,0.0,,,,,,,,,,REJECT_NO_VALIDATED_RULE,,,,,,True,False,True,True,False,True,True,True,0.0,0.0,0.0,0.0,20.0,0.0,0.0,0.0,20.0,0.5,False,True,False,3,False,0.0,0.0,G2RR×0.5 · G5추세붕괴3축,,0,0,0,,0.0,0,,False,0.0,0.0,False,,False,True,,0
277,215200,메가스터디교육,KOSDAQ,기타,40400,53.58,4187.5,0.0,0.0,WAIT,WAIT,3,False,0,True,25.3,25.3,0.0,40.6,75.8,0.0,30.2,38.8,75.8,5.2,1.26,1.5,RR1.3 + 진입적정,0,39800.0,36050.0,45900.0,49950.0,,1.44,2.31,43455,-10.07,특이사항 없음,0,-10.9,44.2,-0.52,AI 강점,,저점 이탈,추세 관망,CRITICAL,75.3,일반 교습 학원,5358315225.0,54.1,21.58,0,0,3.86,6.04,0.75,-8.8,-4.49,-9.72,3.76,5.11,,0.797,0.163,0,9.8,0,0,1.15,0.49,0,0,0,0,-1,41900.0,-7.03,0.3033,False,X,▼,37706,▲,O,X,3.6,250,0,-1,-1,1,,enter,100.0,NORMAL+PM_BLOCK_INTRADAY+EF:정상,9.42,6.0,1.6,normal,7.0,v1_sl_first_gap_at_open,NORMAL+PM_BLOCK_INTRADAY+EF:정상,SWING_20D,80,SWING_60D,60,,0,0.0,일반 교습 학원,2.1077380952380955,-2.2075,9.0,0.04897454031117398,-0.12177364483549229,0.2830188679245283,OK,75.8,OK,50.0,50.0,4,1,0.55,0.25,0.2,STRUCT+TIMING+AI+SECTOR,default,50,20260612,20260612,,25.3,25.3,25.3,46.38,-9.6,FRESH,0.351,,False,0.3,True,MATURE,9296.0,1.627,0.849,0.849,0.0,0.0,0.0,v22_calibrated,,,,,,,,True,13.6,,ELITE_SCORE,MATURE,9296,2.4.0,OK,,100.0,ATTACK,OK,OK,OK,OK,OK,OK,OK,0,7,True,True,True,,0,GREEN,,,100.0,BUY,1,,0,0,0,0,,0.0,T=41<70,100.0,GREEN,,,0,False,0,ENTRY_READY_BUT_NOT_TOP_PICK,TOP_PICK=0,진입조건은 양호하나 공식 Top Pick 아님,50.0,ENTRY_CLEAN_OBSERVE,ENTRY_CLEAN_OBSERVE,FX_HIGH_REGIME,1,0,0,1,0,0,0,0,0,CLEAR,,,0,0,0,0,0.0,,,,,,,,,,REJECT_NO_VALIDATED_RULE,,,,,,True,False,True,True,False,True,True,True,0.0,0.0,0.0,0.0,20.0,0.0,0.0,0.0,20.0,0.5,False,True,False,3,False,0.0,0.0,G2RR×0.5 · G5추세붕괴3축,,0,0,0,,0.0,0,,False,0.0,0.0,False,,False,True,,0
278,272210,한화시스템,KOSPI,IT/전기전자,96000,1437.34,181362.6,0.0,0.0,WAIT,WAIT,3,False,0,True,28.8,28.8,8.6,28.4,84.6,0.0,29.6,40.5,76.0,5.0,1.31,1.9,RR1.3 + 진입적정,0,94200.0,80000.0,117000.0,149100.0,,0.77,1.66,121037,7.04,특이사항 없음,0,-17.95,42.9,-4.96,AI 강점,,저점 이탈,추세 관망,CRITICAL,75.3,전자부품 제조업,143734440450.0,38.5,34.32,0,0,8.35,1.48,-9.35,-12.41,-31.43,99.79,-15.97,-77.81,,0.508,0.07,1,12.0,1,0,1.15,0.4,0,0,0,0,-1,107205.0,-20.69,0.2444,False,X,▲,87477,▼,O,X,4.18,250,0,1,1,1,184000.0,enter,100.0,NORMAL+PM_BLOCK_INTRADAY+EF:정상,15.07,4.0,1.6,normal,7.0,v1_sl_first_gap_at_open,NORMAL+PM_BLOCK_INTRADAY+EF:정상,SWING_20D,80,SWING_60D,60,SWING_120D,45,0.0,전자부품 제조업,0.10229729729729745,3.253243243243243,5.0,0.0800967261904762,-0.008327630366821766,0.4835164835164835,OK,84.6,OK,22.0,22.0,4,1,0.55,0.25,0.2,STRUCT+TIMING+AI+SECTOR,default,50,20260612,20260612,,28.8,28.8,28.8,46.38,-9.6,FRESH,0.351,,False,0.3,True,MATURE,9296.0,1.606,0.849,0.849,0.0,0.0,0.0,v22_calibrated,,,,,,,,True,21.9,,ELITE_SCORE,MATURE,9296,2.4.0,OK,,100.0,ATTACK,OK,OK,OK,OK,OK,OK,OK,0,7,True,True,True,,0,GREEN,,,100.0,BUY,1,,0,0,0,0,,0.0,T=28<70,100.0,GREEN,,,0,False,0,ENTRY_READY_BUT_NOT_TOP_PICK,TOP_PICK=0,진입조건은 양호하나 공식 Top Pick 아님,50.0,ENTRY_CLEAN_OBSERVE,ENTRY_CLEAN_OBSERVE,FX_HIGH_REGIME,1,0,0,1,0,0,0,0,0,CLEAR,,,0,0,0,0,0.0,,,,,,,,,,REJECT_NO_VALIDATED_RULE,,,,,,True,True,True,True,False,True,True,True,0.0,0.0,0.0,0.0,20.0,0.0,0.0,0.0,20.0,1.0,False,True,False,3,False,9.6,0.324,G5추세붕괴3축,,0,0,0,,9.6,0,,False,0.0,0.0,False,,False,True,,0
279,012330,현대모비스,KOSPI,자동차·모빌리티,607000,5843.27,550746.8,0.0,0.0,WAIT,WAIT,3,False,0,True,43.9,43.9,54.6,4.7,63.7,0.0,29.3,41.0,59.0,26.2,2.17,1.5,RR2.2 + 진입적정,0,598000.0,508000.0,822000.0,858000.0,,-0.4,0.84,585452,35.72,특이사항 없음,0,4.91,41.8,-6.31,AI 강점,STRUCT 보조,,추세 관망,CRITICAL,75.3,자동차 신품 부품 제조업,584327449000.0,68.0,46.32,0,0,5.38,-12.91,-11.52,-6.47,51.37,68.38,-10.03,4.99,,0.234,0.171,1,12.0,0,0,0.86,0.31,5463,60700,66163,0,1,550400.0,3.68,-0.7115,False,O,▲,636561,▼,X,X,6.77,250,0,1,1,1,945000.0,enter,100.0,NORMAL+PM_BLOCK_INTRADAY+EF:정상,15.05,4.0,2.5,normal,7.0,v1_sl_first_gap_at_open,NORMAL+PM_BLOCK_INTRADAY+EF:정상,SWING_20D,80,ATR_3.5x,45,FIBO_1.272,40,0.0,자동차 신품 부품 제조업,9.936315789473685,2.4005263157894725,3.0,0.12238173687926572,-0.3061032593845776,0.7674418604651163,OK,63.7,OK,1.5,1.5,2,0,0.55,0.25,0.2,STRUCT+TIMING+AI+SECTOR,default,50,20260612,20260612,,43.9,43.9,43.9,46.38,-9.6,FRESH,0.351,,False,0.3,True,MATURE,9296.0,2.489,0.849,0.849,0.0,0.0,0.0,v22_calibrated,,,,,,,,True,35.4,,ELITE_SCORE,MATURE,9296,2.4.0,OK,,100.0,ATTACK,OK,OK,OK,OK,OK,OK,OK,0,7,True,True,True,,0,GREEN,,,90.0,BUY,1,,0,0,0,0,,0.0,T=5<70 · S=55≥50,100.0,GREEN,,,0,False,0,BELOW_OFFICIAL_BAR,TOP_PICK=0,EBS 미통과/불명,30.0,IGNORE,IGNORE,FX_HIGH_REGIME,1,0,0,1,0,0,0,0,0,CLEAR,,,0,0,0,0,0.0,,,,,,,,,,REJECT_NO_VALIDATED_RULE,,,,,,True,True,True,True,False,True,True,True,0.0,0.0,0.0,0.0,20.0,0.0,0.0,0.0,20.0,1.0,False,True,False,3,False,9.3,0.317,G5추세붕괴3축,,0,0,0,,9.3,0,,False,0.0,0.0,False,,False,True,,0
280,352820,하이브,KOSPI,미디어·콘텐츠,225000,759.78,96980.1,0.0,0.0,WAIT,WAIT,3,False,0,True,21.9,21.9,0.0,44.9,53.3,0.0,29.1,32.7,53.3,33.4,1.05,1.6,RR1.1 + 진입적정,0,221500.0,196300.0,255000.0,375500.0,,2.37,1.09,259623,-10.33,특이사항 없음,0,-12.16,46.1,0.61,AI 강점,,저점 이탈,추세 관망,CRITICAL,75.3,오디오물 출판 및 원판 녹음업,75977792500.0,33.5,24.23,0,0,3.21,7.4,0.67,-2.39,-35.71,-23.6,-5.95,-82.09,,0.925,0.082,0,10.7,0,0,0.74,0.5,0,0,0,1,-1,231300.0,-13.34,0.328,False,X,▼,204061,▲,O,X,1.61,250,0,-1,-1,1,405500.0,enter,100.0,NORMAL+PM_BLOCK_INTRADAY+EF:정상,11.38,4.0,1.3,normal,7.0,v1_sl_first_gap_at_open,NORMAL+PM_BLOCK_INTRADAY+EF:정상,SWING_20D,80,SWING_60D,60,SWING_120D,45,0.0,오디오물 출판 및 원판 녹음업,8.19,0.4433333333333332,4.0,0.05365079365079365,-1.1533433051914228,0.48,OK,53.3,OK,50.33892824501218,50.33892824501218,4,1,0.55,0.25,0.2,STRUCT+TIMING+AI+SECTOR,default,50,20260612,20260612,,21.9,21.9,21.9,46.38,-9.6,FRESH,0.351,,False,0.3,True,MATURE,9296.0,1.329,0.849,0.849,0.0,0.0,0.0,v22_calibrated,,,,,,,,True,13.3,,ELITE_SCORE,MATURE,9296,2.4.0,OK,,100.0,ATTACK,OK,OK,OK,OK,OK,OK,OK,0,7,True,True,True,,0,GREEN,,,0.0,AVOID,0,RR 1.05,0,0,0,0,,0.0,T=45<70,100.0,GREEN,,,0,False,0,BELOW_OFFICIAL_BAR,TOP_PICK=0,,10.0,IGNORE,IGNORE,FX_HIGH_REGIME,1,0,0,1,0,0,0,0,0,CLEAR,,,0,0,0,0,0.0,,,,,,,,,,REJECT_NO_VALIDATED_RULE,,,,,,True,False,True,True,True,True,True,True,0.0,0.0,0.0,0.0,0.0,0.0,0.0,0.0,0.0,0.5,False,False,False,2,False,14.6,0.5,G2RR×0.5,,0,0,0,,14.6,0,,False,0.0,0.0,False,,False,True,,0
281,086390,유니테스트,KOSDAQ,조선·기계·설비,16580,71.42,3504.0,0.0,0.0,WAIT,WAIT,3,False,0,True,39.7,39.7,46.7,10.1,57.6,0.0,29.0,38.1,47.5,40.6,1.81,1.7,RR1.8 + 진입적정,0,16310.0,13860.0,21500.0,22350.0,,1.61,1.01,18043,-19.13,특이사항 없음,0,-17.41,50.1,3.11,AI 강점,,5일 급등,추세 관망,CRITICAL,75.3,특수 목적용 기계 제조업,7142282860.0,49.8,50.04,0,0,9.8,17.51,0.3,-9.0,-13.65,16.35,3.56,-4.05,,0.81,0.256,0,12.0,0,0,1.38,0.47,0,0,0,1,-1,17565.0,-8.11,0.712,False,X,▲,13624,▲,O,X,4.97,250,0,1,1,1,23700.0,enter,100.0,NORMAL+PM_BLOCK_INTRADAY+EF:정상,15.02,6.0,2.1,normal,7.0,v1_sl_first_gap_at_open,NORMAL+PM_BLOCK_INTRADAY+EF:정상,SWING_20D,80,ATR_3.5x,45,SWING_120D,45,0.0,특수 목적용 기계 제조업,9.421739130434784,5.0392753623188415,2.0,0.10330863346544891,-0.0310853977960044,0.5814977973568282,OK,57.6,OK,19.86141199671099,19.86141199671099,6,1,0.55,0.25,0.2,STRUCT+TIMING+AI+SECTOR,default,50,20260612,20260612,,39.7,39.7,39.7,46.38,-9.6,FRESH,0.351,,False,0.3,True,MATURE,9296.0,2.118,0.849,0.849,0.0,0.0,0.0,v22_calibrated,,,,,,,,True,29.7,,ELITE_SCORE,MATURE,9296,2.4.0,OK,,100.0,ATTACK,OK,OK,OK,OK,OK,OK,OK,0,7,True,True,True,,0,GREEN,,,100.0,BUY,1,,0,0,0,0,,0.0,T=10<70,100.0,GREEN,,,0,False,0,ENTRY_READY_BUT_NOT_TOP_PICK,TOP_PICK=0,진입조건은 양호하나 공식 Top Pick 아님,50.0,ENTRY_CLEAN_OBSERVE,ENTRY_CLEAN_OBSERVE,FX_HIGH_REGIME,1,0,0,1,0,0,0,0,0,CLEAR,,,0,0,0,0,0.0,,,,,,,,,,REJECT_NO_VALIDATED_RULE,,,,,,True,False,True,True,True,True,True,True,0.0,0.0,0.0,0.0,0.0,0.0,0.0,0.0,0.0,0.5,False,False,False,2,False,14.5,0.5,G2RR×0.5,,0,0,0,,14.5,0,,False,0.0,0.0,False,,False,True,,0
282,456010,아이씨티케이,KOSDAQ,반도체,23600,130.09,3306.6,0.0,0.0,WAIT,WAIT,3,False,0,True,47.0,47.0,63.8,0.0,59.7,0.0,28.6,41.2,63.8,20.2,4.25,1.5,RR4.2 + 진입적정,0,23250.0,19750.0,39950.0,47250.0,,-0.54,0.28,25071,-3.04,특이사항 없음,0,22.88,49.5,-9.26,STRUCT 강점,AI 보조,,추세 관망,CRITICAL,75.3,반도체 제조업,13009350275.0,77.0,72.8,0,0,4.42,-9.58,-24.72,8.01,58.71,60.54,20.57,68.31,,0.489,0.325,0,12.0,1,0,1.58,0.27,0,0,0,0,-1,32465.0,-5.87,-0.4927,False,O,▲,24358,▼,X,X,8.85,250,0,1,1,1,56500.0,split,50.0,NORMAL+PM_BLOCK_INTRADAY+EF:갭 7%+ 분할 진입+ENTRY:split,15.05,6.0,4.8,normal,7.0,v1_sl_first_gap_at_open,NORMAL+PM_BLOCK_INTRADAY+EF:갭 7%+ 분할 진입+ENTRY:split,SWING_20D,80,FIBO_1.272,40,FIBO_1.618,25,0.0,반도체 제조업,7.3096000000000005,9.6216,1.0,0.1766041162227603,0.01380747598263752,0.375,OK,59.7,OK,1.5,1.5,6,1,0.55,0.25,0.2,STRUCT+TIMING+AI+SECTOR,default,50,20260612,20260612,,47.0,47.0,47.0,46.38,-9.6,FRESH,0.351,,False,0.3,True,MATURE,9296.0,4.771,0.849,0.849,0.0,0.0,0.0,v22_calibrated,,,,,,,,True,69.3,,ELITE_SCORE,MATURE,9296,2.4.0,OK,,100.0,ATTACK,OK,OK,OK,OK,OK,OK,OK,0,7,True,True,True,,0,GREEN,,,90.0,BUY,1,,0,0,0,0,,0.0,T=0<70 · S=64≥50,100.0,GREEN,,,0,False,0,ENTRY_READY_BUT_NOT_TOP_PICK,TOP_PICK=0,진입조건은 양호하나 공식 Top Pick 아님,50.0,ENTRY_CLEAN_OBSERVE,ENTRY_CLEAN_OBSERVE,FX_HIGH_REGIME,1,0,0,1,0,0,0,0,0,CLEAR,,,0,0,0,0,0.0,,,,,,,,,,REJECT_NO_VALIDATED_RULE,,,,,,True,False,True,True,False,True,True,True,0.0,0.0,0.0,0.0,20.0,0.0,0.0,0.0,20.0,0.3,False,True,False,5,False,0.0,0.0,G2RR×0.3 · G5추세붕괴5축,,0,0,0,,0.0,0,,False,0.0,0.0,False,,False,True,,0
283,298040,효성중공업,KOSPI,인프라·에너지,3376000,2688.82,314796.7,0.0,0.0,WAIT,WAIT,3,False,0,True,25.8,25.8,7.8,30.2,69.7,0.0,28.2,35.9,61.9,22.6,1.71,1.5,RR1.7 + 진입적정,0,3325000.0,2826000.0,4316000.0,4742000.0,,-0.32,1.33,3460965,41.32,특이사항 없음,0,-14.42,34.9,-6.72,AI 강점,,저점 이탈,추세 관망,CRITICAL,75.3,"전동기, 발전기 및 전기 변환 · 공급 · 제어 장치 제조업",268881674000.0,47.2,25.97,0,0,4.0,-0.12,-7.58,-19.56,34.13,70.68,-23.12,-12.25,,0.251,0.109,1,12.0,1,0,0.96,0.29,0,0,0,0,-1,3908100.0,-2.45,0.2458,False,O,▲,3295314,▼,O,X,9.03,250,0,1,1,1,5380000.0,split,50.0,NORMAL+PM_BLOCK_INTRADAY+EF:갭 7%+ 분할 진입+ENTRY:split,15.01,4.0,2.0,normal,7.0,v1_sl_first_gap_at_open,NORMAL+PM_BLOCK_INTRADAY+EF:갭 7%+ 분할 진입+ENTRY:split,SWING_20D,80,SWING_60D,60,FIBO_1.272,40,0.0,"전동기, 발전기 및 전기 변환 · 공급 · 제어 장치 제조업",3.3342857142857136,-17.545714285714286,14.0,0.07923578199052132,-0.04853240781682845,0.10317460317460317,OK,69.7,OK,36.17513853524437,36.17513853524437,2,0,0.55,0.25,0.2,STRUCT+TIMING+AI+SECTOR,default,50,20260612,20260612,,25.8,25.8,25.8,46.38,-9.6,FRESH,0.351,,False,0.3,True,MATURE,9296.0,1.986,0.849,0.849,0.0,0.0,0.0,v22_calibrated,,,,,,,,True,27.8,,ELITE_SCORE,MATURE,9296,2.4.0,OK,,100.0,ATTACK,OK,OK,OK,OK,OK,OK,OK,0,7,True,True,True,,0,GREEN,,,80.0,BUY,1,POC 41↑,0,0,0,0,,0.0,T=30<70,100.0,GREEN,,,0,False,0,BELOW_OFFICIAL_BAR,TOP_PICK=0,EBS 미통과/불명,30.0,IGNORE,IGNORE,FX_HIGH_REGIME,1,0,0,1,0,0,0,0,0,CLEAR,,,0,0,0,0,0.0,,,,,,,,,,REJECT_NO_VALIDATED_RULE,,,,,,True,False,True,True,False,True,True,True,0.0,0.0,0.0,0.0,20.0,0.0,0.0,0.0,20.0,0.5,False,True,False,3,False,0.0,0.0,G2RR×0.5 · G5추세붕괴3축,,0,0,0,,0.0,0,,False,0.0,0.0,False,,False,True,,0
284,017670,SK텔레콤,KOSPI,IT/전기전자,103000,1908.72,221233.8,0.0,0.0,WAIT,WAIT,3,False,0,True,29.9,29.9,33.4,35.6,13.2,0.0,27.7,27.4,22.4,72.0,4.01,1.5,RR4.0 + 진입적정,0,101500.0,93900.0,139500.0,157400.0,⚡눌림회복,-0.6,0.81,100723,33.34,특이사항 없음,4,1.57,50.2,-1.06,,,,추세 관망,CRITICAL,75.3,전기 통신업,190872004500.0,69.7,24.42,1,0,3.0,-3.2,6.3,-2.65,34.99,92.88,-6.21,-11.39,,0.108,0.108,1,12.0,1,0,0.8,0.17,0,0,0,0,1,98830.0,2.26,-0.3191,False,O,▲,108563,▼,X,X,2.8,250,0,1,1,1,180100.0,enter,100.0,SWING+PM_BLOCK_INTRADAY+EF:정상,7.49,4.0,5.0,normal,7.0,v1_sl_first_gap_at_open,SWING+PM_BLOCK_INTRADAY+EF:정상,SWING_20D,80,FIBO_1.272,40,FIBO_1.618,25,0.0,전기 통신업,0.10229729729729745,3.253243243243243,5.0,0.10471567267683773,0.4758389707710585,0.9322033898305084,OK,13.2,OK,11.661408662586812,11.661408662586812,6,1,0.55,0.25,0.2,STRUCT+TIMING+AI+SECTOR,default,50,20260612,20260612,,29.9,29.9,29.9,46.38,-9.6,FRESH,0.351,,False,0.3,True,MATURE,9296.0,5.0,0.849,0.849,0.0,0.0,0.0,v22_calibrated,,,,,,,,True,35.4,,ELITE_SCORE,MATURE,9296,2.4.0,OK,,100.0,ATTACK,OK,OK,OK,OK,OK,OK,OK,0,7,True,True,True,,0,GREEN,,,90.0,BUY,1,,0,0,0,0,,0.0,T=36<70,100.0,GREEN,,,0,False,0,BELOW_OFFICIAL_BAR,TOP_PICK=0,,35.0,IGNORE,IGNORE,FX_HIGH_REGIME,1,0,0,1,0,0,0,0,0,CLEAR,,,0,0,0,0,0.0,,,,,,,,,,REJECT_NO_VALIDATED_RULE,,,,,,True,False,True,True,False,True,True,True,0.0,0.0,0.0,0.0,20.0,0.0,0.0,0.0,20.0,0.5,False,True,False,3,False,0.0,0.0,G2RR×0.5 · G5추세붕괴3축,,0,0,0,,0.0,0,,False,0.0,0.0,False,,False,True,,0
285,036810,에프에스티,KOSDAQ,IT/전기전자,33200,81.13,7187.7,0.0,0.0,WAIT,WAIT,3,False,0,True,34.9,34.9,38.2,13.3,52.9,0.0,27.6,34.8,39.6,50.5,0.89,1.5,진입적정,0,32700.0,27750.0,38050.0,46500.0,,0.77,1.27,39125,-15.03,특이사항 없음,0,-16.02,46.1,2.33,AI 강점,,저점 이탈,추세 관망,CRITICAL,75.3,전자부품 제조업,8113042225.0,47.5,34.54,0,0,5.06,14.09,3.59,-12.63,-21.51,23.54,-0.07,-11.91,,0.812,0.205,0,12.0,1,0,1.01,0.6,0,0,0,1,-1,36010.0,-15.14,0.6315,False,X,▼,28642,▲,O,X,5.54,250,0,-1,1,1,51000.0,enter,100.0,NORMAL+PM_BLOCK_INTRADAY+EF:정상,15.14,5.0,1.1,normal,7.0,v1_sl_first_gap_at_open,NORMAL+PM_BLOCK_INTRADAY+EF:정상,SWING_20D,80,SWING_60D,60,SWING_120D,45,0.0,전자부품 제조업,0.10229729729729745,3.253243243243243,5.0,0.09165232358003442,-0.02167002349358009,0.58,OK,52.9,OK,35.355782669093614,35.355782669093614,4,1,0.55,0.25,0.2,STRUCT+TIMING+AI+SECTOR,default,50,20260612,20260612,,34.9,34.9,34.9,46.38,-9.6,FRESH,0.351,,False,0.3,True,MATURE,9296.0,1.081,0.849,0.849,0.0,0.0,0.0,v22_calibrated,,,,,,,,True,14.6,,ELITE_SCORE,MATURE,9296,2.4.0,OK,,100.0,ATTACK,OK,OK,OK,OK,OK,OK,OK,0,7,True,True,True,,0,GREEN,,,0.0,AVOID,0,RR 0.89,0,0,0,0,,0.0,T=13<70,100.0,GREEN,,,0,False,0,BELOW_OFFICIAL_BAR,TOP_PICK=0,,5.0,IGNORE,IGNORE,FX_HIGH_REGIME,1,0,0,1,0,0,0,0,0,CLEAR,,,0,0,0,0,0.0,,,,,,,,,,REJECT_NO_VALIDATED_RULE,,,,,,True,False,True,True,True,True,True,True,0.0,0.0,0.0,0.0,0.0,0.0,0.0,0.0,0.0,0.5,False,False,False,2,False,13.8,0.5,G2RR×0.5,,0,0,0,,13.8,0,,False,0.0,0.0,False,,False,True,,0
286,035420,NAVER,KOSPI,서비스 기타,247000,13016.36,387478.2,0.0,0.0,WAIT,WAIT,3,False,0,True,52.0,52.0,83.3,4.3,25.7,0.0,26.8,37.8,79.0,1.2,1.34,2.7,RR1.3,0,240500.0,204500.0,304000.0,347500.0,,0.79,1.37,240160,-9.25,특이사항 없음,0,10.59,61.0,8.44,STRUCT 강점,,,추세 관망,CRITICAL,75.3,"자료처리, 호스팅, 포털 및 기타 인터넷 정보매개 서비스업",1301635523750.0,57.4,54.44,0,0,10.27,-3.33,20.49,22.58,13.3,1.44,19.02,-33.08,,0.554,0.554,0,12.0,1,0,1.52,0.5,171665,64714,236379,1,1,218195.0,2.85,-0.8724,False,O,▼,265779,▼,X,X,3.57,250,0,-1,1,1,374000.0,split,50.0,NORMAL+PM_BLOCK_INTRADAY+EF:당일 10%+ 급등 분할 진입+ENTRY:split,14.97,4.0,1.8,normal,7.0,v1_sl_first_gap_at_open,NORMAL+PM_BLOCK_INTRADAY+EF:당일 10%+ 급등 분할 진입+ENTRY:split,SWING_20D,80,ATR_3.5x,45,FIBO_1.618,25,0.0,"자료처리, 호스팅, 포털 및 기타 인터넷 정보매개 서비스업",1.6329629629629632,-10.275925925925925,12.0,0.12368421052631579,0.38990569684256104,0.5,OK,25.7,OK,17.39245822077506,17.39245822077506,6,1,0.55,0.25,0.2,STRUCT+TIMING+AI+SECTOR,default,50,20260612,20260612,,52.0,52.0,52.0,46.38,-9.6,FRESH,0.351,,False,0.336,True,MATURE,9296.0,1.764,0.849,0.849,0.0,0.0,0.0,v22_calibrated,,,,,,,,True,23.1,,ELITE_SCORE,MATURE,9296,2.4.0,OK,,100.0,ATTACK,OK,OK,OK,OK,OK,OK,OK,0,7,True,True,True,,0,GREEN,,,100.0,BUY,1,,0,0,0,0,,0.0,T=4<70 · S=83≥50,100.0,GREEN,,,0,False,0,ENTRY_READY_BUT_NOT_TOP_PICK,TOP_PICK=0,진입조건은 양호하나 공식 Top Pick 아님,50.0,ENTRY_CLEAN_OBSERVE,ENTRY_CLEAN_OBSERVE,FX_HIGH_REGIME,1,0,0,1,0,0,0,0,0,CLEAR,,,0,0,0,0,0.0,,,,,,,,,,REJECT_NO_VALIDATED_RULE,,,,,,True,False,True,True,False,True,True,True,0.0,0.0,0.0,0.0,20.0,0.0,0.0,0.0,20.0,0.5,False,True,False,3,False,0.0,0.0,G2RR×0.5 · G5추세붕괴3축,,0,0,0,,0.0,0,,False,0.0,0.0,False,,False,True,,0
287,170920,엘티씨,KOSDAQ,화학·소재,56600,357.7,5979.3,0.0,0.0,WAIT,WAIT,3,False,0,True,88.8,88.8,85.6,100.0,83.8,0.0,26.4,89.8,16.2,79.8,0.25,19.8,3축고점,0,47250.0,40100.0,60700.0,70600.0,🚀급등시동,1.42,1.5,40473,20.9,특이사항 없음,3,5.2,66.1,25.83,TIMING 강점,STRUCT 보조,5일 급등,추세 관망,CRITICAL,75.3,기초 화학물질 제조업,35769980700.0,76.9,49.68,0,0,-2.08,21.72,44.2,28.64,131.02,226.98,41.2,140.62,,0.017,0.017,1,12.0,1,0,1.44,0.84,0,0,0,1,1,35250.0,39.84,0.5908,False,O,▲,51113,▲,O,X,3.81,250,0,1,1,1,83100.0,enter,100.0,NORMAL+PM_BLOCK_INTRADAY+EF:정상,15.13,5.0,1.9,normal,7.0,v1_sl_first_gap_at_open,NORMAL+PM_BLOCK_INTRADAY+EF:정상,SWING_20D,80,ATR_3.5x,45,FIBO_1.618,25,0.0,기초 화학물질 제조업,6.03945945945946,-4.1432432432432424,8.0,0.11780666330136295,0.039022719855119924,0.09090909090909091,OK,83.8,OK,90.0,90.0,6,1,0.55,0.25,0.2,STRUCT+TIMING+AI+SECTOR,default,50,20260612,20260612,,88.8,88.8,88.8,46.38,-9.6,FRESH,0.351,,False,0.63,False,MATURE,9296.0,1.881,1.177,1.177,0.0,0.0,0.0,v22_calibrated,,,,,,,,True,7.2,,ELITE_SCORE,MATURE,9296,2.4.0,OK,,100.0,ATTACK,OK,OK,OK,OK,OK,OK,OK,0,7,True,True,True,,1,ORANGE,C_ORANGE,STRUCT < 90 + VWAP_GAP > 15% 강한 과열,0.0,AVOID,0,진입괴리 19.8% · RR 0.25 · VWAP 40↑,0,1,0,0,,0.0,S=86≥50 · 이격도26>15,100.0,GREEN,,,0,False,0,BELOW_OFFICIAL_BAR,TOP_PICK=0,VWAP/POC 과열,20.0,IGNORE,IGNORE,FX_HIGH_REGIME,1,0,0,1,0,0,0,0,0,CLEAR,,,0,0,0,0,0.0,,,,,,,,,,REJECT_NO_VALIDATED_RULE,,,,,,True,True,True,True,True,True,True,True,0.0,0.0,0.0,0.0,0.0,0.0,0.0,0.0,0.0,1.0,False,False,False,0,True,26.4,1.0,,,0,0,0,,26.4,0,,False,0.0,0.0,False,,False,True,,0
288,399720,가온칩스,KOSDAQ,반도체,57500,366.5,6807.3,0.0,0.0,WAIT,WAIT,3,False,0,True,39.6,39.6,48.2,0.0,65.6,0.0,25.8,37.9,65.6,18.0,1.13,2.3,RR1.1,0,56200.0,47800.0,68500.0,83200.0,,1.51,4.62,65326,-6.22,특이사항 없음,0,-16.89,44.6,2.65,AI 강점,,5일 급등,추세 관망,CRITICAL,75.3,반도체 제조업,36649526300.0,65.0,42.13,0,0,14.54,15.0,4.74,-17.27,-6.66,16.75,-4.71,2.94,,0.827,0.446,0,12.0,1,0,1.35,0.55,0,0,0,1,-1,59940.0,-11.98,0.534,False,X,▼,47506,▲,O,X,8.57,250,0,-1,1,1,,split,50.0,NORMAL+PM_BLOCK_INTRADAY+EF:갭 7%+ 분할 진입 + 당일 10%+ 급등 분할 진입+ENTRY:split,14.95,5.0,1.5,normal,7.0,v1_sl_first_gap_at_open,NORMAL+PM_BLOCK_INTRADAY+EF:갭 7%+ 분할 진입 + 당일 10%+ 급등 분할 진입+ENTRY:split,SWING_20D,80,SWING_60D,60,,0,0.0,반도체 제조업,7.3096000000000005,9.6216,1.0,0.09559006211180124,-0.004924969509925326,0.580952380952381,OK,65.6,OK,10.5,10.5,4,1,0.55,0.25,0.2,STRUCT+TIMING+AI+SECTOR,default,50,20260612,20260612,,39.6,39.6,39.6,46.38,-9.6,FRESH,0.351,,False,0.3,True,MATURE,9296.0,1.464,0.849,0.849,0.0,0.0,0.0,v22_calibrated,,,,,,,,True,19.1,,ELITE_SCORE,MATURE,9296,2.4.0,OK,,100.0,ATTACK,OK,OK,OK,OK,OK,OK,OK,0,7,True,True,True,,0,GREEN,,,90.0,BUY,1,,0,0,0,0,,0.0,T=0<70 · 전일+15%,100.0,GREEN,,,0,False,0,BELOW_OFFICIAL_BAR,TOP_PICK=0,,30.0,IGNORE,IGNORE,FX_HIGH_REGIME,1,0,0,1,0,0,0,0,0,CLEAR,,,0,0,0,0,0.0,,,,,,,,,,REJECT_NO_VALIDATED_RULE,,,,,,True,False,True,True,True,True,True,True,0.0,0.0,0.0,0.0,0.0,0.0,0.0,0.0,0.0,0.3,False,False,False,2,False,7.7,0.3,G2RR×0.3,,0,0,0,,7.7,0,,False,0.0,0.0,False,,False,True,,0
289,448900,한국피아이엠,KOSDAQ,자동차·모빌리티,84800,190.86,5151.1,0.0,0.0,WAIT,WAIT,3,False,0,True,24.9,24.9,11.8,22.2,64.5,0.0,25.7,32.8,52.7,34.1,2.81,2.2,RR2.8,0,83000.0,70500.0,125000.0,143900.0,,0.51,1.25,106039,8.62,특이사항 없음,0,-5.52,41.4,-7.88,AI 강점,,저점 이탈,추세 관망,CRITICAL,75.3,자동차 신품 부품 제조업,19085632050.0,50.4,58.04,0,0,9.42,6.27,-14.34,-30.49,-24.62,49.3,-17.93,-15.02,,0.477,0.094,1,12.0,0,0,1.16,0.31,0,0,0,0,-1,104920.0,-20.03,0.4818,False,X,▲,74473,▼,O,X,4.65,250,0,1,1,1,178400.0,enter,100.0,NORMAL+PM_BLOCK_INTRADAY+EF:정상,15.06,5.0,3.4,normal,7.0,v1_sl_first_gap_at_open,NORMAL+PM_BLOCK_INTRADAY+EF:정상,SWING_20D,80,SWING_60D,60,SWING_120D,45,0.0,자동차 신품 부품 제조업,9.936315789473685,2.4005263157894725,3.0,0.142730795148248,-0.0012642021837736184,0.5661016949152542,OK,64.5,OK,12.810820921328112,12.810820921328112,4,1,0.55,0.25,0.2,STRUCT+TIMING+AI+SECTOR,default,50,20260612,20260612,,24.9,24.9,24.9,46.38,-9.6,FRESH,0.351,,False,0.3,True,MATURE,9296.0,3.36,0.849,0.849,0.0,0.0,0.0,v22_calibrated,,,,,,,,True,47.4,,ELITE_SCORE,MATURE,9296,2.4.0,OK,,100.0,ATTACK,OK,OK,OK,OK,OK,OK,OK,0,7,True,True,True,,0,GREEN,,,90.0,BUY,1,,0,0,0,0,,0.0,T=22<70,100.0,GREEN,,,0,False,0,ENTRY_READY_BUT_NOT_TOP_PICK,TOP_PICK=0,진입조건은 양호하나 공식 Top Pick 아님,50.0,ENTRY_CLEAN_OBSERVE,ENTRY_CLEAN_OBSERVE,FX_HIGH_REGIME,1,0,0,1,0,0,0,0,0,CLEAR,,,0,0,0,0,0.0,,,,,,,,,,REJECT_NO_VALIDATED_RULE,,,,,,True,False,True,True,False,True,True,True,0.0,0.0,0.0,0.0,20.0,0.0,0.0,0.0,20.0,0.5,False,True,False,3,False,0.0,0.0,G2RR×0.5 · G5추세붕괴3축,,0,0,0,,0.0,0,,False,0.0,0.0,False,,False,True,,0
290,323280,태성,KOSDAQ,조선·기계·설비,53600,196.02,16368.4,0.0,0.0,WAIT,WAIT,3,False,0,True,23.7,23.7,6.3,24.6,70.4,0.0,25.7,33.8,64.1,19.9,2.49,1.5,RR2.5 + 진입적정,0,52800.0,44850.0,75400.0,94000.0,,0.42,1.0,66732,-28.91,특이사항 없음,0,-19.41,36.0,-10.24,AI 강점,,저점 이탈,추세 관망,CRITICAL,75.3,특수 목적용 기계 제조업,19602012100.0,39.4,50.96,0,0,3.28,-1.29,-9.31,-24.29,-24.19,0.56,-11.73,-14.59,,0.668,0.127,0,12.0,1,0,1.12,0.25,0,0,0,0,-1,67000.0,-19.68,0.5402,False,X,▲,48203,▼,O,X,5.59,250,0,1,1,1,,enter,100.0,NORMAL+PM_BLOCK_INTRADAY+EF:정상,15.06,5.0,2.8,normal,7.0,v1_sl_first_gap_at_open,NORMAL+PM_BLOCK_INTRADAY+EF:정상,SWING_20D,80,SWING_60D,60,,0,0.0,특수 목적용 기계 제조업,9.421739130434784,5.0392753623188415,2.0,0.10667643923240938,-0.01374282650191946,0.0,OK,70.4,OK,37.45063804870497,37.45063804870497,4,1,0.55,0.25,0.2,STRUCT+TIMING+AI+SECTOR,default,50,20260612,20260612,,23.7,23.7,23.7,46.38,-9.6,FRESH,0.351,,False,0.3,True,MATURE,9296.0,2.843,0.849,0.849,0.0,0.0,0.0,v22_calibrated,,,,,,,,True,40.7,,ELITE_SCORE,MATURE,9296,2.4.0,OK,,100.0,ATTACK,OK,OK,OK,OK,OK,OK,OK,0,7,True,True,True,,0,GREEN,,,90.0,BUY,1,,0,0,0,0,,0.0,T=25<70,100.0,GREEN,,,0,False,0,ENTRY_READY_BUT_NOT_TOP_PICK,TOP_PICK=0,진입조건은 양호하나 공식 Top Pick 아님,50.0,ENTRY_CLEAN_OBSERVE,ENTRY_CLEAN_OBSERVE,FX_HIGH_REGIME,1,0,0,1,0,0,0,0,0,CLEAR,,,0,0,0,0,0.0,,,,,,,,,,REJECT_NO_VALIDATED_RULE,,,,,,True,False,True,True,False,True,True,True,0.0,0.0,0.0,0.0,20.0,0.0,0.0,0.0,20.0,0.5,False,True,False,4,False,0.0,0.0,G2RR×0.5 · G5추세붕괴4축,,0,0,0,,0.0,0,,False,0.0,0.0,False,,False,True,,0
291,078600,대주전자재료,KOSDAQ,IT/전기전자,120800,406.7,18878.9,0.0,0.0,WAIT,WAIT,3,False,0,True,25.2,25.2,17.6,23.0,49.1,0.0,25.7,29.9,31.5,60.6,2.44,1.5,RR2.4 + 진입적정,0,119000.0,101100.0,168800.0,183300.0,,0.35,0.82,140821,3.51,특이사항 없음,0,-20.29,44.7,-12.04,,,저점 이탈,추세 관망,CRITICAL,75.3,전자부품 제조업,40670342350.0,54.1,50.28,0,0,3.16,-1.06,-21.3,-15.23,9.12,61.93,-2.67,18.72,,0.409,0.18,1,12.0,1,0,1.57,0.26,0,0,0,0,-1,150290.0,-14.22,0.3494,False,X,▲,110854,▼,O,X,4.27,250,0,1,1,1,,enter,100.0,NORMAL+PM_BLOCK_INTRADAY+EF:정상,15.04,5.0,2.8,normal,7.0,v1_sl_first_gap_at_open,NORMAL+PM_BLOCK_INTRADAY+EF:정상,SWING_20D,80,SWING_60D,60,,0,0.0,전자부품 제조업,0.10229729729729745,3.253243243243243,5.0,0.11885052034058656,-0.003971847047194729,0.6292134831460674,OK,49.1,OK,17.095190440554923,17.095190440554923,4,1,0.55,0.25,0.2,STRUCT+TIMING+AI+SECTOR,default,50,20260612,20260612,,25.2,25.2,25.2,46.38,-9.6,FRESH,0.351,,False,0.3,True,MATURE,9296.0,2.782,0.849,0.849,0.0,0.0,0.0,v22_calibrated,,,,,,,,True,39.7,,ELITE_SCORE,MATURE,9296,2.4.0,OK,,100.0,ATTACK,OK,OK,OK,OK,OK,OK,OK,0,7,True,True,True,,0,GREEN,,,90.0,BUY,1,,0,0,0,0,,0.0,T=23<70,100.0,GREEN,,,0,False,0,ENTRY_READY_BUT_NOT_TOP_PICK,TOP_PICK=0,진입조건은 양호하나 공식 Top Pick 아님,50.0,ENTRY_CLEAN_OBSERVE,ENTRY_CLEAN_OBSERVE,FX_HIGH_REGIME,1,0,0,1,0,0,0,0,0,CLEAR,,,0,0,0,0,0.0,,,,,,,,,,REJECT_NO_VALIDATED_RULE,,,,,,True,False,True,True,False,True,True,True,0.0,0.0,0.0,0.0,20.0,0.0,0.0,0.0,20.0,0.5,False,True,False,3,False,0.0,0.0,G2RR×0.5 · G5추세붕괴3축,,0,0,0,,0.0,0,,False,0.0,0.0,False,,False,True,,0
292,071050,한국금융지주,KOSPI,금융,240500,968.97,134021.0,0.0,0.0,WAIT,WAIT,3,False,0,True,23.3,23.3,10.9,26.3,53.6,0.0,25.5,30.3,42.7,46.6,1.08,1.5,RR1.1 + 진입적정,0,237000.0,201000.0,283000.0,297000.0,,0.29,1.2,243940,-6.21,특이사항 없음,5,-2.27,45.8,-0.44,AI 강점,,,추세 관망,CRITICAL,75.3,기타 금융업,96896562500.0,52.9,17.97,1,0,4.57,-2.43,0.84,-4.37,7.61,53.18,-7.93,-38.77,,0.379,0.353,0,12.0,1,0,0.93,0.38,0,0,0,0,-1,281900.0,-1.41,0.1093,False,X,▲,230910,▼,O,X,5.22,250,0,1,1,1,323500.0,enter,100.0,NORMAL+PM_BLOCK_INTRADAY+EF:정상,15.19,4.0,1.3,normal,7.0,v1_sl_first_gap_at_open,NORMAL+PM_BLOCK_INTRADAY+EF:정상,SWING_20D,80,SWING_60D,60,FIBO_1.272,40,0.0,기타 금융업,1.90825,-1.16975,7.0,0.07588357588357589,-0.09250742748823901,0.52,OK,53.6,OK,39.5,39.5,6,1,0.55,0.25,0.2,STRUCT+TIMING+AI+SECTOR,default,50,20260612,20260612,,23.3,23.3,23.3,46.38,-9.6,FRESH,0.351,,False,0.3,True,MATURE,9296.0,1.278,0.849,0.849,0.0,0.0,0.0,v22_calibrated,,,,,,,,True,17.7,,ELITE_SCORE,MATURE,9296,2.4.0,OK,,100.0,ATTACK,OK,OK,OK,OK,OK,OK,OK,0,7,True,True,True,,0,GREEN,,,0.0,AVOID,0,RR 1.08,0,0,0,0,,0.0,T=26<70,100.0,GREEN,,,0,False,0,BELOW_OFFICIAL_BAR,TOP_PICK=0,,10.0,IGNORE,IGNORE,FX_HIGH_REGIME,1,0,0,1,0,0,0,0,0,CLEAR,,,0,0,0,0,0.0,,,,,,,,,,REJECT_NO_VALIDATED_RULE,,,,,,True,False,True,False,False,True,True,True,0.0,0.0,0.0,0.0,20.0,0.0,0.0,0.0,20.0,0.5,True,True,False,4,False,0.0,0.0,G2RR×0.5 · G4저모멘텀차단 · G5추세붕괴4축,,0,0,0,,0.0,0,,False,0.0,0.0,False,,False,True,,0
293,383310,에코프로에이치엔,KOSDAQ,화학·소재,28200,77.87,5914.9,0.0,0.0,WAIT,WAIT,3,False,0,True,38.3,38.3,47.2,0.0,61.9,0.0,25.0,36.4,61.9,22.6,1.35,1.4,RR1.4 + 진입적정,0,27800.0,23600.0,34400.0,36150.0,,0.37,0.76,30527,-16.18,특이사항 없음,0,2.59,50.9,-2.78,AI 강점,,,추세 관망,CRITICAL,75.3,기타 화학제품 제조업,7786517450.0,56.9,28.71,0,0,3.87,-1.4,-12.69,2.36,-7.24,0.18,14.92,2.36,,0.825,0.25,0,12.0,1,0,1.01,0.33,0,0,0,0,1,25640.0,-7.62,-0.1245,False,X,▲,28369,▼,X,X,3.31,250,0,1,1,1,38100.0,enter,100.0,NORMAL+PM_BLOCK_INTRADAY+EF:정상,15.11,5.0,1.6,normal,7.0,v1_sl_first_gap_at_open,NORMAL+PM_BLOCK_INTRADAY+EF:정상,SWING_20D,80,SWING_60D,60,ATR_3.5x,45,0.0,기타 화학제품 제조업,6.03945945945946,-4.1432432432432424,8.0,0.1041033434650456,-0.07596533805493011,0.6153846153846154,OK,61.9,OK,9.38175986730971,9.38175986730971,4,1,0.55,0.25,0.2,STRUCT+TIMING+AI+SECTOR,default,50,20260612,20260612,,38.3,38.3,38.3,46.38,-9.6,FRESH,0.351,,False,0.3,True,MATURE,9296.0,1.571,0.849,0.849,0.0,0.0,0.0,v22_calibrated,,,,,,,,True,22.0,,ELITE_SCORE,MATURE,9296,2.4.0,OK,,100.0,ATTACK,OK,OK,OK,OK,OK,OK,OK,0,7,True,True,True,,0,GREEN,,,90.0,BUY,1,,0,0,0,0,,0.0,T=0<70,100.0,GREEN,,,0,False,0,ENTRY_READY_BUT_NOT_TOP_PICK,TOP_PICK=0,진입조건은 양호하나 공식 Top Pick 아님,50.0,ENTRY_CLEAN_OBSERVE,ENTRY_CLEAN_OBSERVE,FX_HIGH_REGIME,1,0,0,1,0,0,0,0,0,CLEAR,,,0,0,0,0,0.0,,,,,,,,,,REJECT_NO_VALIDATED_RULE,,,,,,True,False,True,True,False,True,True,True,0.0,0.0,0.0,0.0,20.0,0.0,0.0,0.0,20.0,0.3,False,True,False,4,False,0.0,0.0,G2RR×0.3 · G5추세붕괴4축,,0,0,0,,0.0,0,,False,0.0,0.0,False,,False,True,,0
294,034220,LG디스플레이,KOSPI,IT/전기전자,13900,1161.47,69500.0,0.0,0.0,WAIT,WAIT,3,False,0,True,39.5,39.5,53.4,0.0,50.8,0.0,24.9,34.7,53.4,33.2,1.81,1.3,RR1.8 + 진입적정,0,13720.0,11660.0,17950.0,19720.0,,0.2,0.4,14362,-6.06,특이사항 없음,2,2.19,46.0,-4.05,STRUCT 강점,AI 보조,,추세 관망,CRITICAL,75.3,전자부품 제조업,116147133530.0,79.9,34.25,0,0,8.17,-8.61,-3.61,-1.91,21.61,11.38,-5.47,-24.77,,0.458,0.362,0,12.0,0,0,1.54,0.33,25979,2029,28008,0,1,12452.0,-3.22,-0.5517,False,O,▲,14222,▼,X,X,5.37,250,0,1,1,1,22450.0,enter,100.0,NORMAL+PM_BLOCK_INTRADAY+EF:정상,15.01,4.0,2.1,normal,7.0,v1_sl_first_gap_at_open,NORMAL+PM_BLOCK_INTRADAY+EF:정상,SWING_20D,80,ATR_3.5x,45,FIBO_1.618,25,0.0,전자부품 제조업,0.10229729729729745,3.253243243243243,5.0,0.12332990750256936,0.09802813355876325,0.5106382978723404,OK,50.8,OK,1.5,1.5,6,1,0.55,0.25,0.2,STRUCT+TIMING+AI+SECTOR,default,50,20260612,20260612,,39.5,39.5,39.5,46.38,-9.6,FRESH,0.351,,False,0.3,True,MATURE,9296.0,2.053,0.849,0.849,0.0,0.0,0.0,v22_calibrated,,,,,,,,True,29.1,,ELITE_SCORE,MATURE,9296,2.4.0,OK,,100.0,ATTACK,OK,OK,OK,OK,OK,OK,OK,0,7,True,True,True,,0,GREEN,,,90.0,BUY,1,,0,0,0,0,,0.0,T=0<70 · S=53≥50,100.0,GREEN,,,0,False,0,ENTRY_READY_BUT_NOT_TOP_PICK,TOP_PICK=0,진입조건은 양호하나 공식 Top Pick 아님,50.0,ENTRY_CLEAN_OBSERVE,ENTRY_CLEAN_OBSERVE,FX_HIGH_REGIME,1,0,0,1,0,0,0,0,0,CLEAR,,,0,0,0,0,0.0,,,,,,,,,,REJECT_NO_VALIDATED_RULE,,,,,,True,False,True,True,False,True,False,True,0.0,0.0,0.0,0.0,20.0,0.0,15.0,0.0,35.0,0.3,False,True,False,4,False,0.0,0.0,G2RR×0.3 · G5추세붕괴4축 · G7윗꼬리약세-15,,0,0,0,,0.0,0,,False,0.0,0.0,False,,False,True,,0
295,000210,DL,KOSPI,화학·소재,54000,66.6,11316.2,0.0,0.0,WAIT,WAIT,3,False,0,True,25.1,25.1,12.8,13.8,73.1,0.0,24.1,33.2,60.3,24.6,1.12,1.5,RR1.1 + 진입적정,0,53200.0,45200.0,63900.0,77700.0,,1.1,1.07,61624,-14.68,특이사항 없음,0,-12.35,44.2,-0.19,AI 강점,,저점 이탈,추세 관망,CRITICAL,75.3,기초 화학물질 제조업,6659912250.0,46.6,34.87,0,0,3.85,7.78,-1.46,-12.9,21.08,34.5,-16.46,-25.3,,0.503,0.131,0,12.0,1,0,1.15,0.48,0,0,0,0,-1,57725.0,-12.37,0.513,False,X,▲,47351,▲,O,X,6.15,250,0,1,1,1,86800.0,enter,100.0,NORMAL+PM_BLOCK_INTRADAY+EF:정상,15.04,5.0,1.3,normal,7.0,v1_sl_first_gap_at_open,NORMAL+PM_BLOCK_INTRADAY+EF:정상,SWING_20D,80,SWING_60D,60,FIBO_1.272,40,0.0,기초 화학물질 제조업,6.03945945945946,-4.1432432432432424,8.0,0.07314814814814814,-0.03204191495797981,0.28,OK,73.1,OK,34.91667563867911,34.91667563867911,4,1,0.55,0.25,0.2,STRUCT+TIMING+AI+SECTOR,default,50,20260612,20260612,,25.1,25.1,25.1,46.38,-9.6,FRESH,0.351,,False,0.3,True,MATURE,9296.0,1.338,0.849,0.849,0.0,0.0,0.0,v22_calibrated,,,,,,,,True,18.3,,ELITE_SCORE,MATURE,9296,2.4.0,OK,,100.0,ATTACK,OK,OK,OK,OK,OK,OK,OK,0,7,True,True,True,,0,GREEN,,,90.0,BUY,1,,0,0,0,0,,0.0,T=14<70,100.0,GREEN,,,0,False,0,BELOW_OFFICIAL_BAR,TOP_PICK=0,,30.0,IGNORE,IGNORE,FX_HIGH_REGIME,1,0,0,1,0,0,0,0,0,CLEAR,,,0,0,0,0,0.0,,,,,,,,,,REJECT_NO_VALIDATED_RULE,,,,,,True,False,True,True,False,True,True,True,0.0,0.0,0.0,0.0,20.0,0.0,0.0,0.0,20.0,0.5,False,True,False,3,False,0.0,0.0,G2RR×0.5 · G5추세붕괴3축,,0,0,0,,0.0,0,,False,0.0,0.0,False,,False,True,,0
296,064290,인텍플러스,KOSDAQ,조선·기계·설비,42400,366.73,5454.3,0.0,0.0,WAIT,WAIT,3,False,0,True,84.9,84.9,84.1,100.0,68.1,0.0,24.1,84.1,31.9,60.1,0.25,12.6,3축고점,0,37650.0,32000.0,44950.0,49700.0,🚀급등시동,0.81,1.25,29983,2.47,특이사항 없음,0,46.84,66.6,18.2,TIMING 강점,STRUCT 보조,,추세 관망,CRITICAL,75.3,특수 목적용 기계 제조업,36673085900.0,60.4,76.88,0,0,-3.64,9.28,5.6,43.24,175.15,208.14,55.8,184.75,,0.0,0.0,1,12.0,1,0,1.42,0.88,0,0,0,1,1,27755.0,41.41,0.1248,False,O,▲,41196,▲,O,X,1.59,250,0,1,1,1,56800.0,enter,100.0,NORMAL+PM_BLOCK_INTRADAY+EF:정상,15.01,5.0,1.3,normal,7.0,v1_sl_first_gap_at_open,NORMAL+PM_BLOCK_INTRADAY+EF:정상,SWING_20D,80,BB_UPPER,75,ATR_3.5x,45,0.0,특수 목적용 기계 제조업,9.421739130434784,5.0392753623188415,2.0,0.12879043126684636,0.028232599778432902,0.03968253968253968,OK,68.1,OK,66.16396088690954,66.16396088690954,6,1,0.55,0.25,0.2,STRUCT+TIMING+AI+SECTOR,default,50,20260612,20260612,,84.9,84.9,84.9,46.38,-9.6,FRESH,0.351,,False,0.599,False,MATURE,9296.0,1.292,1.174,1.174,0.0,0.0,0.0,v22_calibrated,,,,,,,,True,6.0,,ELITE_SCORE,MATURE,9296,2.4.0,OK,,100.0,ATTACK,OK,OK,OK,OK,OK,OK,OK,0,7,True,True,True,,1,RED,B_RED,STRUCT 70~85 위험 구간 + VWAP_GAP > 8% 과열,0.0,AVOID,0,진입괴리 12.6% · RR 0.25 · 이격도 18↑ + 음봉,0,1,0,0,,0.0,S=84≥50 · 이격도18>15,85.0,CAUTION,B_RED_SHADOW,B_red shadow 감점 -15: STRUCT 70~85 + VWAP_GAP>8 위험 조합 · 공식 매수 차단 아님,1,False,0,BELOW_OFFICIAL_BAR,TOP_PICK=0,VWAP/POC 과열,20.0,IGNORE,IGNORE,FX_HIGH_REGIME,1,0,0,1,0,0,0,0,0,CLEAR,,,0,0,0,0,0.0,,,,,,,,,,REJECT_NO_VALIDATED_RULE,,,,,,True,True,True,True,True,True,True,True,0.0,0.0,0.0,0.0,0.0,0.0,0.0,0.0,0.0,1.0,False,False,False,0,True,24.1,1.0,,,0,0,0,,24.1,0,,False,0.0,0.0,False,,False,True,,0
297,001510,SK증권,KOSPI,서비스 기타,3345,349.81,7736.8,0.0,0.0,WAIT,WAIT,3,False,0,True,27.7,27.7,27.7,14.5,44.4,0.0,24.0,28.9,29.9,62.6,2.21,4.9,RR2.2,0,3190.0,2710.0,4750.0,5100.0,,1.42,1.09,4654,-34.3,특이사항 없음,0,-18.07,37.4,-4.67,거래품질 우수,,저점 이탈,추세 관망,CRITICAL,75.3,금융 지원 서비스업,34980974378.0,64.8,53.64,0,0,16.15,4.37,-3.04,-25.25,-3.24,157.51,-28.81,-49.62,,0.763,0.152,0,12.0,1,0,3.23,0.31,0,0,0,0,-1,3823.5,-28.13,0.5528,False,X,▲,2815,▲,O,X,5.56,250,0,1,1,1,6190.0,hold,0.0,NORMAL+PM_BLOCK_INTRADAY+EF:당일 15%+ 급등 진입 보류+ENTRY:hold,15.05,5.0,3.2,normal,7.0,v1_sl_first_gap_at_open,NORMAL+PM_BLOCK_INTRADAY+EF:당일 15%+ 급등 진입 보류+ENTRY:hold,SWING_20D,80,VP_RESISTANCE,65,SWING_60D,60,0.0,금융 지원 서비스업,1.6329629629629632,-10.275925925925925,12.0,0.1057014734144779,0.021053780670780748,0.0,OK,44.4,OK,35.50899299995322,35.50899299995322,4,1,0.55,0.25,0.2,STRUCT+TIMING+AI+SECTOR,default,50,20260612,20260612,,27.7,27.7,27.7,46.38,-9.6,FRESH,0.351,,False,0.3,True,MATURE,9296.0,3.25,0.849,0.849,0.0,0.0,0.0,v22_calibrated,,,,,,,,True,42.0,,ELITE_SCORE,MATURE,9296,2.4.0,OK,,100.0,ATTACK,OK,OK,OK,OK,OK,OK,OK,0,7,True,True,True,,0,GREEN,,,0.0,AVOID,0,진입괴리 4.9%,0,0,0,0,,0.0,T=14<70 · 전일+16%,100.0,GREEN,,,0,False,0,BELOW_OFFICIAL_BAR,TOP_PICK=0,,15.0,IGNORE,IGNORE,FX_HIGH_REGIME,1,0,0,1,0,0,0,0,0,CLEAR,,,0,0,0,0,0.0,,,,,,,,,,REJECT_NO_VALIDATED_RULE,,,,,,True,False,True,True,False,True,True,True,0.0,0.0,0.0,0.0,20.0,0.0,0.0,0.0,20.0,0.5,False,True,False,3,False,0.0,0.0,G2RR×0.5 · G5추세붕괴3축,,0,0,0,,0.0,0,,False,0.0,0.0,False,,False,True,,0
298,121600,나노신소재,KOSDAQ,화학·소재,57700,69.24,7070.4,0.0,0.0,WAIT,WAIT,3,False,0,True,23.3,23.3,7.7,18.1,72.5,0.0,24.0,32.8,64.8,19.0,2.12,1.6,RR2.1 + 진입적정,0,56800.0,48300.0,77600.0,95300.0,,1.35,1.06,73375,-18.2,특이사항 없음,0,-17.86,33.3,-10.95,AI 강점,,저점 이탈,추세 관망,CRITICAL,75.3,기타 화학제품 제조업,6923569850.0,33.6,42.24,0,0,3.96,-0.35,-18.16,-21.5,-2.37,-3.03,-8.94,7.23,,0.817,0.119,0,12.0,1,0,1.42,0.24,0,0,0,0,-1,66490.0,-21.36,0.2947,False,X,▲,53875,▼,O,X,3.6,250,0,1,1,1,,enter,100.0,NORMAL+PM_BLOCK_INTRADAY+EF:정상,14.96,5.0,2.4,normal,7.0,v1_sl_first_gap_at_open,NORMAL+PM_BLOCK_INTRADAY+EF:정상,SWING_20D,80,SWING_60D,60,,0,0.0,기타 화학제품 제조업,6.03945945945946,-4.1432432432432424,8.0,0.07563753404307998,-0.11759014853018881,0.48484848484848486,OK,72.5,OK,29.762098332232185,29.762098332232185,4,1,0.55,0.25,0.2,STRUCT+TIMING+AI+SECTOR,default,50,20260612,20260612,,23.3,23.3,23.3,46.38,-9.6,FRESH,0.351,,False,0.3,True,MATURE,9296.0,2.447,0.849,0.849,0.0,0.0,0.0,v22_calibrated,,,,,,,,True,34.5,,ELITE_SCORE,MATURE,9296,2.4.0,OK,,100.0,ATTACK,OK,OK,OK,OK,OK,OK,OK,0,7,True,True,True,,0,GREEN,,,90.0,BUY,1,,0,0,0,0,,0.0,T=18<70,100.0,GREEN,,,0,False,0,ENTRY_READY_BUT_NOT_TOP_PICK,TOP_PICK=0,진입조건은 양호하나 공식 Top Pick 아님,50.0,ENTRY_CLEAN_OBSERVE,ENTRY_CLEAN_OBSERVE,FX_HIGH_REGIME,1,0,0,1,0,0,0,0,0,CLEAR,,,0,0,0,0,0.0,,,,,,,,,,REJECT_NO_VALIDATED_RULE,,,,,,True,False,True,True,False,True,True,True,0.0,0.0,0.0,0.0,20.0,0.0,0.0,0.0,20.0,0.5,False,True,False,4,False,0.0,0.0,G2RR×0.5 · G5추세붕괴4축,,0,0,0,,0.0,0,,False,0.0,0.0,False,,False,True,,0
299,009540,HD한국조선해양,KOSPI,금융,398000,1196.28,281677.0,0.0,0.0,WAIT,WAIT,3,False,0,True,19.3,19.3,0.0,28.9,60.3,0.0,23.8,29.7,60.3,24.6,1.15,1.5,RR1.1 + 진입적정,0,392000.0,342500.0,462000.0,488000.0,,1.23,1.01,411188,-5.96,특이사항 없음,0,-8.32,45.6,-1.1,AI 강점,,저점 이탈,추세 관망,CRITICAL,75.3,기타 금융업,119628261500.0,33.9,24.8,0,0,5.99,5.01,-4.1,-13.57,-2.81,-10.66,-17.13,-49.19,,0.69,0.51,0,12.0,1,0,0.9,0.42,0,0,0,0,-1,436950.0,-3.21,0.3461,False,X,▼,365781,▼,O,X,3.33,250,0,-1,-1,1,529000.0,enter,100.0,NORMAL+PM_BLOCK_INTRADAY+EF:정상,12.63,4.0,1.4,normal,7.0,v1_sl_first_gap_at_open,NORMAL+PM_BLOCK_INTRADAY+EF:정상,SWING_20D,80,SWING_60D,60,FIBO_1.272,40,0.0,기타 금융업,1.90825,-1.16975,7.0,0.06155778894472362,-0.1191160989592919,0.15,OK,60.3,OK,43.973363263217564,43.973363263217564,4,1,0.55,0.25,0.2,STRUCT+TIMING+AI+SECTOR,default,50,20260612,20260612,,19.3,19.3,19.3,46.38,-9.6,FRESH,0.351,,False,0.3,True,MATURE,9296.0,1.414,0.849,0.849,0.0,0.0,0.0,v22_calibrated,,,,,,,,True,16.1,,ELITE_SCORE,MATURE,9296,2.4.0,OK,,100.0,ATTACK,OK,OK,OK,OK,OK,OK,OK,0,7,True,True,True,,0,GREEN,,,90.0,BUY,1,,0,0,0,0,,0.0,T=29<70,100.0,GREEN,,,0,False,0,BELOW_OFFICIAL_BAR,TOP_PICK=0,,30.0,IGNORE,IGNORE,FX_HIGH_REGIME,1,0,0,1,0,0,0,0,0,CLEAR,,,0,0,0,0,0.0,,,,,,,,,,REJECT_NO_VALIDATED_RULE,,,,,,True,False,True,True,False,True,True,True,0.0,0.0,0.0,0.0,20.0,0.0,0.0,0.0,20.0,0.5,False,True,False,4,False,0.0,0.0,G2RR×0.5 · G5추세붕괴4축,,0,0,0,,0.0,0,,False,0.0,0.0,False,,False,True,,0
300,032940,원익,KOSDAQ,조선·기계·설비,8430,142.55,1533.7,0.0,0.0,WAIT,WAIT,3,False,0,True,33.0,33.0,34.0,0.0,71.4,0.0,23.0,35.1,71.4,10.8,0.84,3.3,,0,8160.0,6930.0,9690.0,11700.0,,1.93,7.15,9359,-39.97,특이사항 없음,0,-16.32,51.9,9.33,AI 강점,,5일 급등,추세 관망,CRITICAL,75.3,기계장비 및 관련 물품 도매업,14255311580.0,74.4,40.1,0,0,17.08,22.35,6.71,-11.45,-17.68,20.43,1.11,-8.08,,0.877,0.074,0,12.0,1,0,1.89,0.65,0,0,0,1,-1,8455.0,-9.93,0.6497,False,X,▼,6731,▲,O,X,7.22,250,0,-1,-1,1,14050.0,hold,0.0,NORMAL+PM_BLOCK_INTRADAY+EF:당일 15%+ 급등 진입 보류+ENTRY:hold,15.07,6.0,1.2,normal,7.0,v1_sl_first_gap_at_open,NORMAL+PM_BLOCK_INTRADAY+EF:당일 15%+ 급등 진입 보류+ENTRY:hold,SWING_20D,80,SWING_60D,60,VP_RESISTANCE,50,0.0,기계장비 및 관련 물품 도매업,9.421739130434784,5.0392753623188415,2.0,0.09871208269784781,0.001306702337483542,0.5406976744186046,OK,71.4,OK,15.0,15.0,6,1,0.55,0.25,0.2,STRUCT+TIMING+AI+SECTOR,default,50,20260612,20260612,,33.0,33.0,33.0,46.38,-9.6,FRESH,0.351,,False,0.3,True,MATURE,9296.0,1.244,0.849,0.849,0.0,0.0,0.0,v22_calibrated,,,,,,,,True,14.9,,ELITE_SCORE,MATURE,9296,2.4.0,OK,,100.0,ATTACK,OK,OK,OK,OK,OK,OK,OK,0,7,True,True,True,,0,GREEN,,,0.0,AVOID,0,진입괴리 3.3% · RR 0.84,0,0,0,0,,0.0,T=0<70 · 전일+17%,100.0,GREEN,,,0,False,0,BELOW_OFFICIAL_BAR,TOP_PICK=0,,5.0,IGNORE,IGNORE,FX_HIGH_REGIME,1,0,0,1,0,0,0,0,0,CLEAR,,,0,0,0,0,0.0,,,,,,,,,,REJECT_NO_VALIDATED_RULE,,,,,,True,False,True,True,True,True,True,True,0.0,0.0,0.0,0.0,0.0,0.0,0.0,0.0,0.0,0.3,False,False,False,2,False,6.9,0.3,G2RR×0.3,,0,0,0,,6.9,0,,False,0.0,0.0,False,,False,True,,0
301,060280,큐렉소,KOSDAQ,유통·소비재,11000,54.94,4538.6,0.0,0.0,WAIT,WAIT,3,False,0,True,20.3,20.3,0.0,20.6,75.6,0.0,22.8,32.1,75.6,5.5,2.33,1.5,RR2.3 + 진입적정,0,10840.0,9200.0,15200.0,19400.0,,1.18,1.01,15567,-36.42,특이사항 없음,0,-16.65,31.1,-7.68,AI 강점,,저점 이탈,추세 관망,CRITICAL,75.3,기타 상품 전문 소매업,5493837090.0,43.0,39.32,0,0,4.07,0.92,-9.98,-26.37,-26.32,-21.03,-13.81,-16.72,,0.996,0.027,0,12.0,0,0,2.63,0.23,0,0,0,0,-1,12474.0,-29.34,0.3735,False,X,▼,10049,▼,O,X,3.6,250,0,-1,-1,1,22550.0,enter,100.0,NORMAL+PM_BLOCK_INTRADAY+EF:정상,15.13,6.0,2.7,normal,7.0,v1_sl_first_gap_at_open,NORMAL+PM_BLOCK_INTRADAY+EF:정상,SWING_20D,80,SWING_60D,60,SWING_120D,45,0.0,기타 상품 전문 소매업,5.0564285714285715,-0.5635714285714287,6.0,0.06948051948051949,-0.013301612579924632,0.5443037974683544,OK,75.6,OK,28.455627413299457,28.455627413299457,4,1,0.55,0.25,0.2,STRUCT+TIMING+AI+SECTOR,default,50,20260612,20260612,,20.3,20.3,20.3,46.38,-9.6,FRESH,0.351,,False,0.3,True,MATURE,9296.0,2.659,0.849,0.849,0.0,0.0,0.0,v22_calibrated,,,,,,,,True,38.2,,ELITE_SCORE,MATURE,9296,2.4.0,OK,,100.0,ATTACK,OK,OK,OK,OK,OK,OK,OK,0,7,True,True,True,,0,GREEN,,,80.0,BUY,1,,0,0,0,0,,0.0,T=21<70,100.0,GREEN,,,0,False,0,ENTRY_READY_BUT_NOT_TOP_PICK,TOP_PICK=0,진입조건은 양호하나 공식 Top Pick 아님,50.0,ENTRY_CLEAN_OBSERVE,ENTRY_CLEAN_OBSERVE,FX_HIGH_REGIME,1,0,0,1,0,0,0,0,0,CLEAR,,,0,0,0,0,0.0,,,,,,,,,,REJECT_NO_VALIDATED_RULE,,,,,,True,False,True,True,False,True,True,True,0.0,0.0,0.0,0.0,20.0,0.0,0.0,0.0,20.0,0.5,False,True,False,4,False,0.0,0.0,G2RR×0.5 · G5추세붕괴4축,,0,0,0,,0.0,0,,False,0.0,0.0,False,,False,True,,0
302,108860,셀바스AI,KOSDAQ,IT/전기전자,9780,91.68,2632.3,0.0,0.0,WAIT,WAIT,3,False,0,True,17.7,17.7,0.0,29.6,51.3,0.0,22.8,27.0,51.3,35.9,1.25,3.6,RR1.2,0,9440.0,8020.0,11980.0,12450.0,,0.68,2.44,14043,-21.41,특이사항 없음,0,-16.82,44.7,-4.22,AI 강점,,저점 이탈,추세 관망,CRITICAL,75.3,소프트웨어 개발 및 공급업,9168277150.0,49.1,35.02,0,0,11.39,2.62,-4.49,-16.05,-17.82,-28.92,-3.49,-8.22,,0.942,0.126,0,12.0,1,0,4.79,0.4,0,0,0,0,-1,11015.0,-30.36,0.3076,False,X,▼,8855,▼,O,X,3.64,250,0,-1,-1,1,17580.0,split,50.0,NORMAL+PM_BLOCK_INTRADAY+EF:당일 10%+ 급등 분할 진입+ENTRY:split,15.04,6.0,1.8,normal,7.0,v1_sl_first_gap_at_open,NORMAL+PM_BLOCK_INTRADAY+EF:당일 10%+ 급등 분할 진입+ENTRY:split,SWING_20D,80,VP_RESISTANCE,65,SWING_60D,60,0.0,소프트웨어 개발 및 공급업,0.10229729729729745,3.253243243243243,5.0,0.08399065147531405,-0.012654401134685068,0.24087591240875914,OK,51.3,OK,36.5,36.5,4,1,0.55,0.25,0.2,STRUCT+TIMING+AI+SECTOR,default,50,20260612,20260612,,17.7,17.7,17.7,46.38,-9.6,FRESH,0.351,,False,0.3,True,MATURE,9296.0,1.789,0.849,0.849,0.0,0.0,0.0,v22_calibrated,,,,,,,,True,22.5,,ELITE_SCORE,MATURE,9296,2.4.0,OK,,100.0,ATTACK,OK,OK,OK,OK,OK,OK,OK,0,7,True,True,True,,0,GREEN,,,0.0,AVOID,0,진입괴리 3.6%,0,0,0,0,,0.0,T=30<70 · 전일+11%,100.0,GREEN,,,0,False,0,BELOW_OFFICIAL_BAR,TOP_PICK=0,,15.0,IGNORE,IGNORE,FX_HIGH_REGIME,1,0,0,1,0,0,0,0,0,CLEAR,,,0,0,0,0,0.0,,,,,,,,,,REJECT_NO_VALIDATED_RULE,,,,,,True,False,True,True,False,True,True,True,0.0,0.0,0.0,0.0,20.0,0.0,0.0,0.0,20.0,0.5,False,True,False,4,False,0.0,0.0,G2RR×0.5 · G5추세붕괴4축,,0,0,0,,0.0,0,,False,0.0,0.0,False,,False,True,,0
303,375500,DL이앤씨,KOSPI,건설·부동산,73900,601.21,28594.6,0.0,0.0,WAIT,WAIT,3,False,0,True,26.4,26.4,20.0,9.2,65.3,0.0,22.8,31.5,56.1,29.9,1.18,1.5,RR1.2 + 진입적정,0,72800.0,62000.0,88000.0,99000.0,,0.19,1.55,82790,-25.28,특이사항 없음,0,-11.55,37.0,-2.18,AI 강점,,저점 이탈,추세 관망,CRITICAL,75.3,토목 건설업,60121060450.0,59.0,26.76,0,0,5.27,2.78,-3.4,-11.18,57.23,72.46,-14.74,10.85,,0.489,0.128,0,12.0,1,0,1.44,0.41,0,0,0,0,-1,81570.0,-10.74,0.3842,False,O,▲,68110,▲,O,X,11.54,250,0,1,1,1,106600.0,split,50.0,NORMAL+PM_BLOCK_INTRADAY+EF:갭 7%+ 분할 진입+ENTRY:split,14.84,5.0,1.4,normal,7.0,v1_sl_first_gap_at_open,NORMAL+PM_BLOCK_INTRADAY+EF:갭 7%+ 분할 진입+ENTRY:split,SWING_20D,80,VP_RESISTANCE,65,SWING_60D,60,0.0,토목 건설업,4.3388888888888895,-16.964444444444446,13.0,0.06901217861975643,-0.03699241924868031,0.0,OK,65.3,OK,30.768617655725325,30.768617655725325,4,1,0.55,0.25,0.2,STRUCT+TIMING+AI+SECTOR,default,50,20260612,20260612,,26.4,26.4,26.4,46.38,-9.6,FRESH,0.351,,False,0.3,True,MATURE,9296.0,1.407,0.849,0.849,0.0,0.0,0.0,v22_calibrated,,,,,,,,True,19.1,,ELITE_SCORE,MATURE,9296,2.4.0,OK,,100.0,ATTACK,OK,OK,OK,OK,OK,OK,OK,0,7,True,True,True,,0,GREEN,,,90.0,BUY,1,,0,0,0,0,,0.0,T=9<70,100.0,GREEN,,,0,False,0,BELOW_OFFICIAL_BAR,TOP_PICK=0,,30.0,IGNORE,IGNORE,FX_HIGH_REGIME,1,0,0,1,0,0,0,0,0,CLEAR,,,0,0,0,0,0.0,,,,,,,,,,REJECT_NO_VALIDATED_RULE,,,,,,True,False,True,True,False,True,True,True,0.0,0.0,0.0,0.0,20.0,0.0,0.0,0.0,20.0,0.5,False,True,False,3,False,0.0,0.0,G2RR×0.5 · G5추세붕괴3축,,0,0,0,,0.0,0,,False,0.0,0.0,False,,False,True,,0
304,348210,넥스틴,KOSDAQ,조선·기계·설비,61400,101.8,6432.9,0.0,0.0,WAIT,WAIT,3,False,0,True,18.3,18.3,0.0,26.9,57.7,0.0,22.7,28.2,57.7,27.9,1.36,1.5,RR1.4 + 진입적정,0,60500.0,51400.0,75000.0,82000.0,,0.31,1.23,69332,-15.72,특이사항 없음,0,-10.61,46.6,-4.03,AI 강점,,저점 이탈,추세 관망,CRITICAL,75.3,특수 목적용 기계 제조업,10179615000.0,49.9,34.11,0,0,4.96,-4.95,-13.88,-11.4,-24.29,-13.64,1.16,-14.69,,0.983,0.197,0,12.0,1,0,1.0,0.42,0,0,0,0,-1,74570.0,-11.44,-0.0038,False,X,▼,57790,▼,O,X,6.5,250,0,-1,-1,1,100400.0,enter,100.0,NORMAL+PM_BLOCK_INTRADAY+EF:정상,15.04,5.0,1.6,normal,7.0,v1_sl_first_gap_at_open,NORMAL+PM_BLOCK_INTRADAY+EF:정상,SWING_20D,80,SWING_60D,60,SWING_120D,45,0.0,특수 목적용 기계 제조업,9.421739130434784,5.0392753623188415,2.0,0.10388552815262912,-0.031261309655611184,0.23529411764705882,OK,57.7,OK,39.5,39.5,2,0,0.55,0.25,0.2,STRUCT+TIMING+AI+SECTOR,default,50,20260612,20260612,,18.3,18.3,18.3,46.38,-9.6,FRESH,0.351,,False,0.3,True,MATURE,9296.0,1.593,0.849,0.849,0.0,0.0,0.0,v22_calibrated,,,,,,,,True,22.1,,ELITE_SCORE,MATURE,9296,2.4.0,OK,,100.0,ATTACK,OK,OK,OK,OK,OK,OK,OK,0,7,True,True,True,,0,GREEN,,,100.0,BUY,1,,0,0,0,0,,0.0,T=27<70,100.0,GREEN,,,0,False,0,ENTRY_READY_BUT_NOT_TOP_PICK,TOP_PICK=0,진입조건은 양호하나 공식 Top Pick 아님,45.0,ENTRY_CLEAN_OBSERVE,ENTRY_CLEAN_OBSERVE,FX_HIGH_REGIME,1,0,0,1,0,0,0,0,0,CLEAR,,,0,0,0,0,0.0,,,,,,,,,,REJECT_NO_VALIDATED_RULE,,,,,,True,False,True,True,False,True,True,True,0.0,0.0,0.0,0.0,20.0,0.0,0.0,0.0,20.0,0.5,False,True,False,5,False,0.0,0.0,G2RR×0.5 · G5추세붕괴5축,,0,0,0,,0.0,0,,False,0.0,0.0,False,,False,True,,0
305,007810,코리아써키트,KOSPI,IT/전기전자,134400,902.76,32232.6,0.0,0.0,WAIT,WAIT,3,False,0,True,80.5,80.5,80.5,100.0,56.0,0.0,22.2,78.8,44.0,45.0,0.37,17.8,,0,114100.0,97000.0,148300.0,173400.0,,0.93,1.46,89160,129.15,특이사항 없음,0,24.9,67.1,23.63,TIMING 강점,STRUCT 보조,,추세 관망,CRITICAL,75.3,전자부품 제조업,90275637800.0,69.3,58.35,0,0,-3.45,14.19,20.0,29.36,155.51,245.95,25.8,109.13,,0.0,0.0,1,12.0,1,0,1.08,0.82,0,0,0,1,1,86310.0,50.74,0.2965,False,O,▲,126250,▲,O,X,1.87,250,0,1,1,1,208500.0,enter,100.0,NORMAL+PM_BLOCK_INTRADAY+EF:정상,14.99,5.0,2.0,normal,7.0,v1_sl_first_gap_at_open,NORMAL+PM_BLOCK_INTRADAY+EF:정상,SWING_20D,80,ATR_3.5x,45,FIBO_1.618,25,0.0,전자부품 제조업,0.10229729729729745,3.253243243243243,5.0,0.12595663265306123,0.012311164134978302,0.4276315789473684,OK,56.0,OK,76.0,76.0,4,1,0.55,0.25,0.2,STRUCT+TIMING+AI+SECTOR,default,50,20260612,20260612,,80.5,80.5,80.5,46.38,-9.6,FRESH,0.351,,False,0.564,False,MATURE,9296.0,2.0,1.029,1.029,0.0,0.0,0.0,v22_calibrated,,,,,,,,True,10.3,,ELITE_SCORE,MATURE,9296,2.4.0,OK,,100.0,ATTACK,OK,OK,OK,OK,OK,OK,OK,0,7,True,True,True,,1,RED,B_RED,STRUCT 70~85 위험 구간 + VWAP_GAP > 8% 과열,0.0,AVOID,0,진입괴리 17.8% · RR 0.37 · 이격도 24↑ + 음봉,0,1,0,0,,0.0,S=80≥50 · 이격도24>15,85.0,CAUTION,B_RED_SHADOW,B_red shadow 감점 -15: STRUCT 70~85 + VWAP_GAP>8 위험 조합 · 공식 매수 차단 아님,1,False,0,BELOW_OFFICIAL_BAR,TOP_PICK=0,VWAP/POC 과열,20.0,IGNORE,IGNORE,FX_HIGH_REGIME,1,0,0,1,0,0,0,0,0,CLEAR,,,0,0,0,0,0.0,,,,,,,,,,REJECT_NO_VALIDATED_RULE,,,,,,True,True,True,True,True,True,True,True,0.0,0.0,0.0,0.0,0.0,0.0,0.0,0.0,0.0,1.0,False,False,False,0,True,22.2,1.0,,,0,0,0,,22.2,0,,False,0.0,0.0,False,,False,True,,0
306,020150,롯데에너지머티리얼즈,KOSPI,IT/전기전자,56500,370.79,29586.5,0.0,0.0,WAIT,WAIT,3,False,0,True,25.5,25.5,17.0,7.1,71.9,0.0,22.0,32.0,64.8,19.0,1.85,3.9,RR1.9,0,54400.0,46150.0,75600.0,83100.0,,0.97,1.53,57985,42.13,특이사항 없음,0,-17.31,48.9,-0.83,AI 강점,,저점 이탈,추세 관망,CRITICAL,75.3,전자부품 제조업,37078626300.0,51.8,42.74,0,0,17.83,2.17,-1.4,-16.42,55.22,53.74,-19.98,8.84,,0.242,0.11,1,12.0,1,0,1.41,0.41,0,0,0,0,-1,69540.0,-2.56,0.061,False,O,▲,50526,▼,O,X,8.86,250,0,1,1,1,95800.0,hold,0.0,NORMAL+PM_BLOCK_INTRADAY+EF:당일 15%+ 급등 진입 보류+ENTRY:hold,15.17,5.0,2.6,normal,7.0,v1_sl_first_gap_at_open,NORMAL+PM_BLOCK_INTRADAY+EF:당일 15%+ 급등 진입 보류+ENTRY:hold,SWING_20D,80,SWING_60D,60,FIBO_1.272,40,0.0,전자부품 제조업,0.10229729729729745,3.253243243243243,5.0,0.13514538558786346,0.008552954063558969,0.43529411764705883,OK,71.9,OK,11.806120032043236,11.806120032043236,6,1,0.55,0.25,0.2,STRUCT+TIMING+AI+SECTOR,default,50,20260612,20260612,,25.5,25.5,25.5,46.38,-9.6,FRESH,0.351,,False,0.3,True,MATURE,9296.0,2.57,0.849,0.849,0.0,0.0,0.0,v22_calibrated,,,,,,,,True,33.8,,ELITE_SCORE,MATURE,9296,2.4.0,OK,,100.0,ATTACK,OK,OK,OK,OK,OK,OK,OK,0,7,True,True,True,,0,GREEN,,,0.0,AVOID,0,진입괴리 3.9% · POC 42↑,0,0,0,0,,0.0,T=7<70 · 전일+18%,100.0,GREEN,,,0,False,0,BELOW_OFFICIAL_BAR,TOP_PICK=0,,15.0,IGNORE,IGNORE,FX_HIGH_REGIME,1,0,0,1,0,0,0,0,0,CLEAR,,,0,0,0,0,0.0,,,,,,,,,,REJECT_NO_VALIDATED_RULE,,,,,,True,False,True,True,False,True,True,True,0.0,0.0,0.0,0.0,20.0,0.0,0.0,0.0,20.0,0.5,False,True,False,3,False,0.0,0.0,G2RR×0.5 · G5추세붕괴3축,,0,0,0,,0.0,0,,False,0.0,0.0,False,,False,True,,0
307,003540,대신증권,KOSPI,서비스 기타,29600,92.1,14569.0,0.0,0.0,WAIT,WAIT,3,False,0,True,18.7,18.7,0.0,19.7,68.9,0.0,21.6,29.5,68.9,13.9,2.47,1.5,RR2.5 + 진입적정,0,29150.0,26500.0,37250.0,42100.0,,0.27,1.96,36110,-29.62,특이사항 없음,0,-9.29,33.8,-5.3,AI 강점,,저점 이탈,추세 관망,CRITICAL,75.3,금융 지원 서비스업,9210293825.0,31.4,25.98,0,0,3.5,-1.33,-5.13,-17.2,-25.35,10.86,-20.76,-71.73,,0.777,0.163,0,10.8,1,0,0.67,0.23,0,0,0,0,-1,33135.0,-18.03,0.2361,False,X,▲,28394,▼,O,X,4.02,250,0,1,1,1,51400.0,enter,100.0,SWING+PM_BLOCK_INTRADAY+EF:정상,9.09,5.0,3.1,normal,7.0,v1_sl_first_gap_at_open,SWING+PM_BLOCK_INTRADAY+EF:정상,SWING_20D,80,VP_RESISTANCE,65,SWING_120D,45,0.0,금융 지원 서비스업,1.6329629629629632,-10.275925925925925,12.0,0.05405405405405406,-0.04178926272714916,0.3181818181818182,OK,68.9,OK,31.22137383804968,31.22137383804968,2,0,0.55,0.25,0.2,STRUCT+TIMING+AI+SECTOR,default,50,20260612,20260612,,18.7,18.7,18.7,46.38,-9.6,FRESH,0.351,,False,0.3,True,MATURE,9296.0,3.057,0.849,0.849,0.0,0.0,0.0,v22_calibrated,,,,,,,,True,25.8,,ELITE_SCORE,MATURE,9296,2.4.0,OK,,100.0,ATTACK,OK,OK,OK,OK,OK,OK,OK,0,7,True,True,True,,0,GREEN,,,90.0,BUY,1,,0,0,0,0,,0.0,T=20<70,100.0,GREEN,,,0,False,0,ENTRY_READY_BUT_NOT_TOP_PICK,TOP_PICK=0,진입조건은 양호하나 공식 Top Pick 아님,45.0,ENTRY_CLEAN_OBSERVE,ENTRY_CLEAN_OBSERVE,FX_HIGH_REGIME,1,0,0,1,0,0,0,0,0,CLEAR,,,0,0,0,0,0.0,,,,,,,,,,REJECT_NO_VALIDATED_RULE,,,,,,True,False,True,True,False,True,True,True,0.0,0.0,0.0,0.0,20.0,0.0,0.0,0.0,20.0,0.5,False,True,False,4,False,0.0,0.0,G2RR×0.5 · G5추세붕괴4축,,0,0,0,,0.0,0,,False,0.0,0.0,False,,False,True,,0
308,099320,쎄트렉아이,KOSDAQ,기타,117800,292.83,12900.6,0.0,0.0,WAIT,WAIT,3,False,0,True,19.0,19.0,0.0,17.8,72.9,0.0,21.5,30.2,72.9,8.9,2.92,1.6,RR2.9 + 진입적정,0,116000.0,98600.0,173800.0,201000.0,,0.14,1.59,162253,-38.1,특이사항 없음,0,-24.16,25.5,-13.38,AI 강점,,저점 이탈,추세 관망,CRITICAL,75.3,"항공기,우주선 및 부품 제조업",29283231150.0,32.5,53.57,0,0,3.61,-1.34,-15.8,-26.19,-39.03,128.74,-13.63,-29.43,,0.76,0.088,0,12.0,0,0,1.09,0.22,0,0,0,0,-1,145770.0,-27.4,0.4229,False,X,▼,107355,▼,O,X,8.0,250,0,-1,1,1,224000.0,split,50.0,NORMAL+PM_BLOCK_INTRADAY+EF:갭 7%+ 분할 진입+ENTRY:split,15.0,5.0,3.3,normal,7.0,v1_sl_first_gap_at_open,NORMAL+PM_BLOCK_INTRADAY+EF:갭 7%+ 분할 진입+ENTRY:split,SWING_20D,80,SWING_60D,60,SWING_120D,45,0.0,"항공기,우주선 및 부품 제조업",2.1077380952380955,-2.2075,9.0,0.10405044870240117,-0.04051781736512441,0.32786885245901637,OK,72.9,OK,38.527130139889785,38.527130139889785,2,0,0.55,0.25,0.2,STRUCT+TIMING+AI+SECTOR,default,50,20260612,20260612,,19.0,19.0,19.0,46.38,-9.6,FRESH,0.351,,False,0.3,True,MATURE,9296.0,3.322,0.849,0.849,0.0,0.0,0.0,v22_calibrated,,,,,,,,True,47.5,,ELITE_SCORE,MATURE,9296,2.4.0,OK,,100.0,ATTACK,OK,OK,OK,OK,OK,OK,OK,0,7,True,True,True,,0,GREEN,,,90.0,BUY,1,,0,0,0,0,,0.0,T=18<70,100.0,GREEN,,,0,False,0,ENTRY_READY_BUT_NOT_TOP_PICK,TOP_PICK=0,진입조건은 양호하나 공식 Top Pick 아님,45.0,ENTRY_CLEAN_OBSERVE,ENTRY_CLEAN_OBSERVE,FX_HIGH_REGIME,1,0,0,1,0,0,0,0,0,CLEAR,,,0,0,0,0,0.0,,,,,,,,,,REJECT_NO_VALIDATED_RULE,,,,,,True,False,True,True,False,True,True,True,0.0,0.0,0.0,0.0,20.0,0.0,0.0,0.0,20.0,0.5,False,True,False,4,False,0.0,0.0,G2RR×0.5 · G5추세붕괴4축,,0,0,0,,0.0,0,,False,0.0,0.0,False,,False,True,,0
309,277810,레인보우로보틱스,KOSDAQ,조선·기계·설비,624000,1525.61,121055.1,0.0,0.0,WAIT,WAIT,3,False,0,True,19.7,19.7,14.6,23.1,29.7,0.0,21.4,22.5,15.1,81.1,2.85,1.5,밸런스우수 + RR2.9 + 진입적정,0,615000.0,522000.0,915000.0,979000.0,,-0.01,1.18,698611,-16.62,특이사항 없음,0,-9.76,36.3,-11.48,,,저점 이탈,추세 관망,CRITICAL,75.3,특수 목적용 기계 제조업,152561245500.0,54.4,41.56,0,0,3.14,-6.59,-10.86,-28.93,-13.33,32.77,-16.37,-3.73,,0.597,0.217,0,12.0,0,0,1.41,0.19,0,0,0,0,-1,784600.0,-10.68,-0.0789,False,X,▲,619068,▼,O,X,4.13,250,0,1,1,1,1105000.0,enter,100.0,NORMAL+PM_BLOCK_INTRADAY+EF:정상,15.12,4.0,3.2,normal,7.0,v1_sl_first_gap_at_open,NORMAL+PM_BLOCK_INTRADAY+EF:정상,SWING_20D,80,SWING_60D,60,FIBO_1.272,40,0.0,특수 목적용 기계 제조업,9.421739130434784,5.0392753623188415,2.0,0.10038919413919414,-0.005514122648836129,0.8412698412698413,OK,29.7,OK,31.562786775141458,31.562786775141458,2,0,0.55,0.25,0.2,STRUCT+TIMING+AI+SECTOR,default,50,20260612,20260612,,19.7,19.7,19.7,46.38,-9.6,FRESH,0.351,,False,0.3,True,MATURE,9296.0,3.226,0.849,0.849,0.0,0.0,0.0,v22_calibrated,,,,,,,,True,46.6,,ELITE_SCORE,MATURE,9296,2.4.0,OK,,100.0,ATTACK,OK,OK,OK,OK,OK,OK,OK,0,7,True,True,True,,0,GREEN,,,90.0,BUY,1,,0,0,0,0,,0.0,T=23<70,100.0,GREEN,,,0,False,0,ENTRY_READY_BUT_NOT_TOP_PICK,TOP_PICK=0,진입조건은 양호하나 공식 Top Pick 아님,45.0,ENTRY_CLEAN_OBSERVE,ENTRY_CLEAN_OBSERVE,FX_HIGH_REGIME,1,0,0,1,0,0,0,0,0,CLEAR,,,0,0,0,0,0.0,,,,,,,,,,REJECT_NO_VALIDATED_RULE,,,,,,True,False,True,True,False,True,True,True,0.0,0.0,0.0,0.0,20.0,0.0,0.0,0.0,20.0,0.5,False,True,False,5,False,0.0,0.0,G2RR×0.5 · G5추세붕괴5축,,0,0,0,,0.0,0,,False,0.0,0.0,False,,False,True,,0
310,032500,케이엠더블유,KOSDAQ,IT/전기전자,27650,142.75,11666.0,0.0,0.0,WAIT,WAIT,3,False,0,True,28.0,28.0,21.4,0.0,80.9,0.0,21.3,34.1,80.9,0.0,2.71,1.5,RR2.7 + 진입적정,0,27250.0,23100.0,40000.0,41100.0,,-0.93,0.66,31201,-13.17,특이사항 없음,2,-11.09,43.4,-13.27,AI 강점,,저점 이탈,추세 관망,CRITICAL,75.3,통신 및 방송 장비 제조업,14275298575.0,68.8,40.7,0,0,4.34,-15.7,-11.38,-17.46,6.35,76.9,-4.9,15.95,,0.597,0.334,0,12.0,0,0,1.5,0.21,0,0,0,0,-1,37790.0,-11.38,-0.657,False,O,▲,29447,▼,X,X,6.23,250,0,1,1,1,44300.0,enter,100.0,NORMAL+PM_BLOCK_INTRADAY+EF:정상,15.23,5.0,3.1,normal,7.0,v1_sl_first_gap_at_open,NORMAL+PM_BLOCK_INTRADAY+EF:정상,SWING_20D,80,ATR_3.5x,45,FIBO_1.272,40,0.0,통신 및 방송 장비 제조업,0.10229729729729745,3.253243243243243,5.0,0.14272797726685613,0.05593697665208379,0.5,OK,80.9,OK,9.839967114682544,9.839967114682544,2,0,0.55,0.25,0.2,STRUCT+TIMING+AI+SECTOR,default,50,20260612,20260612,,28.0,28.0,28.0,46.38,-9.6,FRESH,0.351,,False,0.3,True,MATURE,9296.0,3.072,0.849,0.849,0.0,0.0,0.0,v22_calibrated,,,,,,,,True,44.7,,ELITE_SCORE,MATURE,9296,2.4.0,OK,,100.0,ATTACK,OK,OK,OK,OK,OK,OK,OK,0,7,True,True,True,,0,GREEN,,,90.0,BUY,1,,0,0,0,0,,0.0,T=0<70,100.0,GREEN,,,0,False,0,ENTRY_READY_BUT_NOT_TOP_PICK,TOP_PICK=0,진입조건은 양호하나 공식 Top Pick 아님,45.0,ENTRY_CLEAN_OBSERVE,ENTRY_CLEAN_OBSERVE,FX_HIGH_REGIME,1,0,0,1,0,0,0,0,0,CLEAR,,,0,0,0,0,0.0,,,,,,,,,,REJECT_NO_VALIDATED_RULE,,,,,,True,False,True,True,False,True,True,True,0.0,0.0,0.0,0.0,20.0,0.0,0.0,0.0,20.0,0.3,False,True,False,5,False,0.0,0.0,G2RR×0.3 · G5추세붕괴5축,,0,0,0,,0.0,0,,False,0.0,0.0,False,,False,True,,0
311,084370,유진테크,KOSDAQ,조선·기계·설비,196100,1071.91,44938.4,0.0,0.0,WAIT,WAIT,3,False,0,True,82.0,82.0,88.0,100.0,43.0,0.0,21.1,77.0,57.0,28.8,0.07,34.8,,0,145500.0,123600.0,201500.0,218500.0,,2.2,1.83,137429,53.43,특이사항 없음,0,5.65,70.7,41.52,TIMING 강점,STRUCT 보조,RSI 과열,추세 관망,CRITICAL,75.3,특수 목적용 기계 제조업,107190715550.0,74.6,61.91,0,0,9.98,24.98,51.2,46.78,61.0,154.35,59.34,70.6,,0.0,0.0,1,12.0,0,0,1.51,0.94,0,0,0,1,1,114420.0,42.69,0.621,False,O,▲,159858,▲,O,X,4.99,250,0,1,1,1,228000.0,enter,100.0,NORMAL+PM_BLOCK_INTRADAY+EF:정상,15.05,5.0,2.6,normal,7.0,v1_sl_first_gap_at_open,NORMAL+PM_BLOCK_INTRADAY+EF:정상,SWING_20D,80,ATR_3.5x,45,FIBO_1.272,40,0.0,특수 목적용 기계 제조업,9.421739130434784,5.0392753623188415,2.0,0.10599548335397392,0.06977944110780379,0.16927899686520376,OK,43.0,OK,90.0,90.0,6,1,0.55,0.25,0.2,STRUCT+TIMING+AI+SECTOR,default,50,20260612,20260612,,82.0,82.0,82.0,46.38,-9.6,FRESH,0.351,,False,0.576,False,MATURE,9296.0,2.557,1.079,1.079,0.0,0.0,0.0,v22_calibrated,,,,,,,,True,2.8,,ELITE_SCORE,MATURE,9296,2.4.0,OK,,100.0,ATTACK,OK,OK,OK,OK,OK,OK,OK,0,7,True,True,True,,1,ORANGE,C_ORANGE,STRUCT < 90 + VWAP_GAP > 15% 강한 과열,0.0,AVOID,0,진입괴리 34.8% · RR 0.07 · VWAP 43↑,0,1,0,0,,0.0,S=88≥50 · 이격도42>15,100.0,GREEN,,,0,False,0,BELOW_OFFICIAL_BAR,TOP_PICK=0,VWAP/POC 과열,20.0,IGNORE,IGNORE,FX_HIGH_REGIME,1,0,0,1,0,0,0,0,0,CLEAR,,,0,0,0,0,0.0,,,,,,,,,,REJECT_NO_VALIDATED_RULE,,,,,,True,True,True,True,True,True,True,True,0.0,0.0,0.0,0.0,0.0,0.0,0.0,0.0,0.0,1.0,False,False,False,0,True,21.1,1.0,,,0,0,0,,21.1,0,,False,0.0,0.0,False,,False,True,,0
312,336260,두산퓨얼셀,KOSPI,인프라·에너지,73100,257.75,47875.9,0.0,0.0,WAIT,WAIT,3,False,0,True,24.7,24.7,17.1,5.7,69.1,0.0,21.0,30.6,63.4,20.8,3.01,1.5,RR3.0 + 진입적정,0,72000.0,61200.0,108900.0,129500.0,,-0.3,0.44,64040,93.21,특이사항 없음,0,-11.1,40.6,-13.58,AI 강점,,저점 이탈,추세 관망,CRITICAL,75.3,"전동기, 발전기 및 전기 변환 · 공급 · 제어 장치 제조업",25775216400.0,49.3,47.28,0,0,3.69,-12.56,-25.79,-21.9,70.6,140.86,-25.46,24.22,,0.176,0.031,1,12.0,0,0,1.76,0.19,0,0,0,0,1,68180.0,14.15,-0.1285,False,O,▲,71840,▼,O,X,6.38,250,0,1,1,1,155600.0,enter,100.0,NORMAL+PM_BLOCK_INTRADAY+EF:정상,15.0,5.0,3.4,normal,7.0,v1_sl_first_gap_at_open,NORMAL+PM_BLOCK_INTRADAY+EF:정상,SWING_20D,80,FIBO_1.272,40,FIBO_1.618,25,0.0,"전동기, 발전기 및 전기 변환 · 공급 · 제어 장치 제조업",3.3342857142857136,-17.545714285714286,14.0,0.13992573773695527,-0.013184267324269177,0.3829787234042553,OK,69.1,OK,6.060047154952012,6.060047154952012,2,0,0.55,0.25,0.2,STRUCT+TIMING+AI+SECTOR,default,50,20260612,20260612,,24.7,24.7,24.7,46.38,-9.6,FRESH,0.351,,False,0.3,True,MATURE,9296.0,3.417,0.849,0.849,0.0,0.0,0.0,v22_calibrated,,,,,,,,True,49.0,,ELITE_SCORE,MATURE,9296,2.4.0,OK,,100.0,ATTACK,OK,OK,OK,OK,OK,OK,OK,0,7,True,True,True,,0,GREEN,,,65.0,WATCH,0,POC 93↑,0,1,1,0,,0.0,T=6<70,100.0,GREEN,,,0,False,0,BELOW_OFFICIAL_BAR,TOP_PICK=0,VWAP/POC 과열,10.0,IGNORE,IGNORE,FX_HIGH_REGIME,1,0,0,1,0,0,0,0,0,CLEAR,,,0,0,0,0,0.0,,,,,,,,,,REJECT_NO_VALIDATED_RULE,,,,,,True,False,True,True,False,True,True,True,0.0,0.0,0.0,0.0,20.0,0.0,0.0,0.0,20.0,0.5,False,True,False,3,False,0.0,0.0,G2RR×0.5 · G5추세붕괴3축,,0,0,0,,0.0,0,,False,0.0,0.0,False,,False,True,,0
313,066970,엘앤에프,KOSPI,2차전지,134000,587.8,54361.0,0.0,0.0,WAIT,WAIT,3,False,0,True,25.7,25.7,15.5,0.0,85.9,0.0,20.9,33.8,85.9,0.0,2.12,1.5,RR2.1 + 진입적정,0,132000.0,112100.0,180400.0,225000.0,,0.74,0.7,166307,9.66,특이사항 없음,0,-19.27,38.8,-10.43,AI 강점,,저점 이탈,추세 관망,CRITICAL,75.3,일차전지 및 이차전지 제조업,58779851500.0,40.7,39.69,0,0,6.52,-4.22,-20.8,-20.71,27.5,5.51,-24.27,-18.88,,0.55,0.048,1,12.0,1,0,1.81,0.26,0,0,0,0,-1,165380.0,-19.43,0.1585,False,X,▲,127727,▼,O,X,6.44,250,0,1,1,1,257500.0,enter,100.0,NORMAL+PM_BLOCK_INTRADAY+EF:정상,15.08,4.0,2.4,normal,7.0,v1_sl_first_gap_at_open,NORMAL+PM_BLOCK_INTRADAY+EF:정상,SWING_20D,80,SWING_60D,60,FIBO_1.272,40,0.0,일차전지 및 이차전지 제조업,-3.6455555555555557,-21.337777777777777,16.0,0.10613006396588485,-0.03840924377153464,0.6747967479674797,OK,85.9,OK,6.27138618020275,6.27138618020275,4,1,0.55,0.25,0.2,STRUCT+TIMING+AI+SECTOR,default,50,20260612,20260612,,25.7,25.7,25.7,46.38,-9.6,FRESH,0.351,,False,0.3,True,MATURE,9296.0,2.432,0.849,0.849,0.0,0.0,0.0,v22_calibrated,,,,,,,,True,34.6,,ELITE_SCORE,MATURE,9296,2.4.0,OK,,100.0,ATTACK,OK,OK,OK,OK,OK,OK,OK,0,7,True,True,True,,0,GREEN,,,90.0,BUY,1,,0,0,0,0,,0.0,T=0<70,100.0,GREEN,,,0,False,0,ENTRY_READY_BUT_NOT_TOP_PICK,TOP_PICK=0,진입조건은 양호하나 공식 Top Pick 아님,50.0,ENTRY_CLEAN_OBSERVE,ENTRY_CLEAN_OBSERVE,FX_HIGH_REGIME,1,0,0,1,0,0,0,0,0,CLEAR,,,0,0,0,0,0.0,,,,,,,,,,REJECT_NO_VALIDATED_RULE,,,,,,True,False,True,True,False,True,True,True,0.0,0.0,0.0,0.0,20.0,0.0,0.0,0.0,20.0,0.3,False,True,False,3,False,0.0,0.0,G2RR×0.3 · G5추세붕괴3축,,0,0,0,,0.0,0,,False,0.0,0.0,False,,False,True,,0
314,232140,와이씨,KOSDAQ,조선·기계·설비,15980,355.62,13110.8,0.0,0.0,WAIT,WAIT,3,False,0,True,24.2,24.2,15.4,5.2,72.3,0.0,20.8,31.0,67.1,16.1,1.71,1.5,RR1.7 + 진입적정,0,15740.0,13370.0,20450.0,24150.0,,1.15,2.32,19371,-23.06,특이사항 없음,0,-21.57,39.5,-4.12,AI 강점,,저점 이탈,추세 관망,CRITICAL,75.3,특수 목적용 기계 제조업,35562187210.0,50.3,44.33,0,0,6.89,7.1,-6.77,-19.25,-22.8,11.9,-6.69,-13.2,,0.846,0.15,0,12.0,1,0,1.32,0.42,0,0,0,0,-1,18120.0,-17.51,0.5885,False,X,▲,13834,▲,O,X,5.35,250,0,1,1,1,,enter,100.0,NORMAL+PM_BLOCK_INTRADAY+EF:정상,15.06,5.0,2.0,normal,7.0,v1_sl_first_gap_at_open,NORMAL+PM_BLOCK_INTRADAY+EF:정상,SWING_20D,80,SWING_60D,60,,0,0.0,특수 목적용 기계 제조업,9.421739130434784,5.0392753623188415,2.0,0.09514124798855712,-0.02291035851147306,0.4444444444444444,OK,72.3,OK,20.014965049402726,20.014965049402726,4,1,0.55,0.25,0.2,STRUCT+TIMING+AI+SECTOR,default,50,20260612,20260612,,24.2,24.2,24.2,46.38,-9.6,FRESH,0.351,,False,0.3,True,MATURE,9296.0,1.987,0.849,0.849,0.0,0.0,0.0,v22_calibrated,,,,,,,,True,28.0,,ELITE_SCORE,MATURE,9296,2.4.0,OK,,100.0,ATTACK,OK,OK,OK,OK,OK,OK,OK,0,7,True,True,True,,0,GREEN,,,100.0,BUY,1,,0,0,0,0,,0.0,T=5<70,100.0,GREEN,,,0,False,0,ENTRY_READY_BUT_NOT_TOP_PICK,TOP_PICK=0,진입조건은 양호하나 공식 Top Pick 아님,50.0,ENTRY_CLEAN_OBSERVE,ENTRY_CLEAN_OBSERVE,FX_HIGH_REGIME,1,0,0,1,0,0,0,0,0,CLEAR,,,0,0,0,0,0.0,,,,,,,,,,REJECT_NO_VALIDATED_RULE,,,,,,True,False,True,True,False,True,True,True,0.0,0.0,0.0,0.0,20.0,0.0,0.0,0.0,20.0,0.5,False,True,False,3,False,0.0,0.0,G2RR×0.5 · G5추세붕괴3축,,0,0,0,,0.0,0,,False,0.0,0.0,False,,False,True,,0
315,004710,한솔테크닉스,KOSPI,IT/전기전자,12130,172.49,4928.4,0.0,0.0,WAIT,WAIT,3,False,0,True,26.4,26.4,24.2,4.0,60.5,0.0,20.8,29.6,56.5,29.4,1.52,1.5,RR1.5 + 진입적정,0,11950.0,10150.0,15130.0,17320.0,,0.53,0.93,9832,72.84,특이사항 없음,0,-14.04,39.5,-1.14,AI 강점,,저점 이탈,추세 관망,CRITICAL,75.3,전자부품 제조업,17248902260.0,49.0,42.43,0,0,5.11,4.3,2.39,-13.29,166.07,113.48,-16.85,119.69,,0.26,0.241,1,12.0,0,0,2.61,0.47,0,0,0,0,-1,14861.1,23.36,0.4802,False,O,▲,10432,▲,O,X,3.99,250,0,1,1,1,18090.0,enter,100.0,NORMAL+PM_BLOCK_INTRADAY+EF:정상,15.06,6.0,1.8,normal,7.0,v1_sl_first_gap_at_open,NORMAL+PM_BLOCK_INTRADAY+EF:정상,SWING_20D,80,ATR_3.5x,45,FIBO_1.272,40,0.0,전자부품 제조업,0.10229729729729745,3.253243243243243,5.0,0.12639853963019668,-0.020240028160649827,0.7054263565891473,OK,60.5,OK,0.0,0.0,4,1,0.55,0.25,0.2,STRUCT+TIMING+AI+SECTOR,default,50,20260612,20260612,,26.4,26.4,26.4,46.38,-9.6,FRESH,0.351,,False,0.3,True,MATURE,9296.0,1.767,0.849,0.849,0.0,0.0,0.0,v22_calibrated,,,,,,,,True,24.7,,ELITE_SCORE,MATURE,9296,2.4.0,OK,,100.0,ATTACK,OK,OK,OK,OK,OK,OK,OK,0,7,True,True,True,,1,ORANGE,C_ORANGE,STRUCT < 90 + VWAP_GAP > 15% 강한 과열,80.0,BUY,1,VWAP 23↑ · POC 73↑,0,0,0,0,,0.0,T=4<70,100.0,GREEN,,,0,False,0,BELOW_OFFICIAL_BAR,TOP_PICK=0,,35.0,IGNORE,IGNORE,FX_HIGH_REGIME,1,0,0,1,0,0,0,0,0,CLEAR,,,0,0,0,0,0.0,,,,,,,,,,REJECT_NO_VALIDATED_RULE,,,,,,True,False,True,True,True,True,True,True,0.0,0.0,0.0,0.0,0.0,0.0,0.0,0.0,0.0,0.5,False,False,False,2,False,10.4,0.5,G2RR×0.5,,0,0,0,,10.4,0,,False,0.0,0.0,False,,False,True,,0
316,010060,OCI홀딩스,KOSPI,금융,300000,1250.74,56010.7,0.0,0.0,WAIT,WAIT,3,False,0,True,27.1,27.1,20.9,0.0,78.0,0.0,20.7,33.0,78.0,2.5,2.33,1.5,RR2.3 + 진입적정,0,295500.0,251000.0,414000.0,451500.0,,-0.79,0.93,288698,98.67,특이사항 없음,0,-13.41,53.4,-3.93,AI 강점,,저점 이탈,추세 관망,CRITICAL,75.3,기타 금융업,125073845750.0,57.0,49.6,0,0,5.82,0.5,-17.58,-10.04,89.75,200.3,-13.6,43.37,,0.279,0.146,1,12.0,1,0,1.62,0.37,0,0,0,0,-1,385950.0,3.91,0.1638,False,O,▲,273166,▼,O,X,7.58,250,0,1,1,1,484500.0,split,50.0,NORMAL+PM_BLOCK_INTRADAY+EF:갭 7%+ 분할 진입+ENTRY:split,15.06,4.0,2.7,normal,7.0,v1_sl_first_gap_at_open,NORMAL+PM_BLOCK_INTRADAY+EF:갭 7%+ 분할 진입+ENTRY:split,SWING_20D,80,ATR_3.5x,45,FIBO_1.272,40,0.0,기타 금융업,1.90825,-1.16975,7.0,0.14851190476190476,-0.004251004898026658,0.6024844720496895,OK,78.0,OK,6.373076849800735,6.373076849800735,6,1,0.55,0.25,0.2,STRUCT+TIMING+AI+SECTOR,default,50,20260612,20260612,,27.1,27.1,27.1,46.38,-9.6,FRESH,0.351,,False,0.3,True,MATURE,9296.0,2.663,0.849,0.849,0.0,0.0,0.0,v22_calibrated,,,,,,,,True,38.0,,ELITE_SCORE,MATURE,9296,2.4.0,OK,,100.0,ATTACK,OK,OK,OK,OK,OK,OK,OK,0,7,True,True,True,,0,GREEN,,,65.0,WATCH,0,POC 99↑,0,1,1,0,,0.0,T=0<70,100.0,GREEN,,,0,False,0,BELOW_OFFICIAL_BAR,TOP_PICK=0,VWAP/POC 과열,15.0,IGNORE,IGNORE,FX_HIGH_REGIME,1,0,0,1,0,0,0,0,0,CLEAR,,,0,0,0,0,0.0,,,,,,,,,,REJECT_NO_VALIDATED_RULE,,,,,,True,False,True,False,False,True,True,True,0.0,0.0,0.0,0.0,20.0,0.0,0.0,0.0,20.0,0.3,True,True,False,3,False,0.0,0.0,G2RR×0.3 · G4저모멘텀차단 · G5추세붕괴3축,,0,0,0,,0.0,0,,False,0.0,0.0,False,,False,True,,0
317,388210,씨엠티엑스,KOSDAQ,IT/전기전자,118600,110.99,11450.2,0.0,0.0,WAIT,WAIT,3,False,0,True,29.7,29.7,38.2,2.9,40.0,0.0,20.7,27.0,37.1,53.6,1.03,1.5,RR1.0 + 진입적정,0,116800.0,99200.0,138600.0,164500.0,,1.08,0.78,132317,16.02,특이사항 없음,0,-11.19,51.9,4.44,,,저점 이탈,추세 관망,CRITICAL,75.3,전자부품 제조업,11098984850.0,55.0,32.34,0,0,6.56,10.02,10.63,-5.5,-14.86,59.62,7.06,-5.26,,0.496,0.18,1,12.0,1,0,1.22,0.57,0,0,0,1,-1,131480.0,-10.37,0.552,False,X,▲,103796,▲,O,X,6.74,136,0,1,0,0,170300.0,enter,100.0,NORMAL+PM_BLOCK_INTRADAY+EF:정상,15.07,5.0,1.2,normal,7.0,v1_sl_first_gap_at_open,NORMAL+PM_BLOCK_INTRADAY+EF:정상,SWING_20D,80,SWING_60D,60,SWING_120D,45,0.0,전자부품 제조업,0.10229729729729745,3.253243243243243,5.0,0.10533606359913274,-0.049447586471794966,0.4358974358974359,OK,40.0,OK,8.035070939707802,8.035070939707802,6,1,0.55,0.25,0.2,STRUCT+TIMING+AI+SECTOR,default,50,20260612,20260612,,29.7,29.7,29.7,46.38,-9.6,FRESH,0.351,,False,0.3,True,MATURE,9296.0,1.239,0.849,0.849,0.0,0.0,0.0,v22_calibrated,,,,,,,,True,16.9,,ELITE_SCORE,MATURE,9296,2.4.0,OK,,100.0,ATTACK,OK,OK,OK,OK,OK,OK,OK,0,7,True,True,True,,0,GREEN,,,0.0,AVOID,0,RR 1.03,0,0,0,0,,0.0,T=3<70,100.0,GREEN,,,0,False,0,BELOW_OFFICIAL_BAR,TOP_PICK=0,,10.0,IGNORE,IGNORE,FX_HIGH_REGIME,1,0,0,1,0,0,0,0,0,CLEAR,,,0,0,0,0,0.0,,,,,,,,,,REJECT_NO_VALIDATED_RULE,,,,,,True,False,True,True,True,True,True,True,0.0,0.0,0.0,0.0,0.0,0.0,0.0,0.0,0.0,0.5,False,False,False,1,False,10.4,0.5,G2RR×0.5,,0,0,0,,10.4,0,,False,0.0,0.0,False,,False,True,,0
318,115440,우리넷,KOSDAQ,IT/전기전자,11010,65.3,1188.5,0.0,0.0,WAIT,WAIT,3,False,0,True,27.0,27.0,25.7,2.4,61.3,0.0,20.6,29.8,58.9,26.4,3.04,3.9,RR3.0,0,10600.0,9010.0,17080.0,21350.0,,1.37,0.97,14531,-21.4,특이사항 없음,0,-23.28,42.9,-9.48,AI 강점,,저점 이탈,추세 관망,CRITICAL,75.3,통신 및 방송 장비 제조업,6529762805.0,61.5,65.86,0,0,13.51,7.94,-15.57,-31.78,45.83,46.6,-19.22,55.43,,0.754,0.137,0,12.0,0,0,4.96,0.26,0,0,0,0,-1,13336.0,-24.23,0.5986,False,O,▲,9041,▼,O,X,5.15,250,0,1,1,1,25150.0,split,50.0,NORMAL+PM_BLOCK_INTRADAY+EF:당일 10%+ 급등 분할 진입+ENTRY:split,15.0,6.0,4.1,normal,7.0,v1_sl_first_gap_at_open,NORMAL+PM_BLOCK_INTRADAY+EF:당일 10%+ 급등 분할 진입+ENTRY:split,SWING_20D,80,SWING_60D,60,FIBO_1.272,40,0.0,통신 및 방송 장비 제조업,0.10229729729729745,3.253243243243243,5.0,0.14707408849098222,0.0018398217243317256,0.31724137931034485,OK,61.3,OK,21.048364742002533,21.048364742002533,4,1,0.55,0.25,0.2,STRUCT+TIMING+AI+SECTOR,default,50,20260612,20260612,,27.0,27.0,27.0,46.38,-9.6,FRESH,0.351,,False,0.3,True,MATURE,9296.0,4.075,0.849,0.849,0.0,0.0,0.0,v22_calibrated,,,,,,,,True,55.1,,ELITE_SCORE,MATURE,9296,2.4.0,OK,,100.0,ATTACK,OK,OK,OK,OK,OK,OK,OK,0,7,True,True,True,,0,GREEN,,,0.0,AVOID,0,진입괴리 3.9%,0,0,0,0,,0.0,T=2<70 · 전일+14%,100.0,GREEN,,,0,False,0,BELOW_OFFICIAL_BAR,TOP_PICK=0,,15.0,IGNORE,IGNORE,FX_HIGH_REGIME,1,0,0,1,0,0,0,0,0,CLEAR,,,0,0,0,0,0.0,,,,,,,,,,REJECT_NO_VALIDATED_RULE,,,,,,True,False,True,True,False,True,True,True,0.0,0.0,0.0,0.0,20.0,0.0,0.0,0.0,20.0,0.5,False,True,False,4,False,0.0,0.0,G2RR×0.5 · G5추세붕괴4축,,0,0,0,,0.0,0,,False,0.0,0.0,False,,False,True,,0
319,004170,신세계,KOSPI,유통·소비재,695000,1136.46,65644.0,0.0,0.0,WAIT,WAIT,3,False,0,True,77.7,77.7,82.0,95.1,43.9,0.0,20.5,73.7,51.2,36.0,0.34,15.4,,0,602000.0,511000.0,758000.0,822000.0,,0.28,1.28,481429,99.07,특이사항 없음,0,6.68,62.7,21.24,TIMING 강점,STRUCT 보조,,추세 관망,CRITICAL,75.3,종합 소매업,113645712000.0,76.5,49.72,0,0,-2.66,6.92,33.4,44.04,99.14,171.48,40.48,52.76,,0.038,0.038,1,12.0,0,0,1.22,0.78,42395,695,43090,1,1,499300.0,44.36,0.2682,False,O,▲,673027,▲,O,X,1.54,250,0,1,1,1,884000.0,enter,100.0,NORMAL+PM_BLOCK_INTRADAY+EF:정상,15.12,4.0,1.7,normal,7.0,v1_sl_first_gap_at_open,NORMAL+PM_BLOCK_INTRADAY+EF:정상,SWING_20D,80,ATR_3.5x,45,FIBO_1.272,40,0.0,종합 소매업,5.0564285714285715,-0.5635714285714287,6.0,0.09028776978417266,0.03900771281116085,0.42857142857142855,OK,43.9,OK,69.0,69.0,8,1,0.55,0.25,0.2,STRUCT+TIMING+AI+SECTOR,default,50,20260612,20260612,,77.7,77.7,77.7,46.38,-9.6,FRESH,0.351,,False,0.542,False,MATURE,9296.0,1.714,0.938,0.938,0.0,0.0,0.0,v22_calibrated,,,,,,,,True,9.1,,ELITE_SCORE,MATURE,9296,2.4.0,OK,,100.0,ATTACK,OK,OK,OK,OK,OK,OK,OK,0,7,True,True,True,,1,RED,B_RED,STRUCT 70~85 위험 구간 + VWAP_GAP > 8% 과열,0.0,AVOID,0,진입괴리 15.4% · RR 0.34 · VWAP 44↑,0,1,0,0,,0.0,S=82≥50 · 이격도21>15,85.0,CAUTION,B_RED_SHADOW,B_red shadow 감점 -15: STRUCT 70~85 + VWAP_GAP>8 위험 조합 · 공식 매수 차단 아님,1,False,0,BELOW_OFFICIAL_BAR,TOP_PICK=0,VWAP/POC 과열,20.0,IGNORE,IGNORE,FX_HIGH_REGIME,1,0,0,1,0,0,0,0,0,CLEAR,,,0,0,0,0,0.0,,,,,,,,,,REJECT_NO_VALIDATED_RULE,,,,,,True,True,True,True,True,True,True,True,0.0,0.0,0.0,0.0,0.0,0.0,0.0,0.0,0.0,1.0,False,False,False,0,True,20.5,1.0,,,0,0,0,,20.5,0,,False,0.0,0.0,False,,False,True,,0
320,005090,SGC에너지,KOSPI,기타,58400,93.7,8415.1,0.0,0.0,WAIT,WAIT,3,False,0,True,66.7,66.7,51.6,92.2,76.5,0.0,20.5,73.4,40.6,49.2,0.02,10.0,,0,53100.0,45150.0,58600.0,70700.0,,1.71,1.39,56406,20.74,특이사항 없음,4,-8.83,65.0,15.41,TIMING 강점,AI 보조,5일 급등,추세 관망,CRITICAL,75.3,전기업,9370301750.0,75.2,21.62,1,0,11.88,24.65,17.74,11.45,0.52,145.89,7.89,-45.86,,0.226,0.226,1,12.0,0,0,1.37,0.99,0,0,0,1,-1,59515.0,3.53,0.4841,False,O,▲,50640,▲,O,X,2.11,250,0,1,1,1,,split,50.0,NORMAL+PM_BLOCK_INTRADAY+EF:당일 10%+ 급등 분할 진입+ENTRY:split,14.97,5.0,0.7,normal,7.0,v1_sl_first_gap_at_open,NORMAL+PM_BLOCK_INTRADAY+EF:당일 10%+ 급등 분할 진입+ENTRY:split,SWING_20D,80,SWING_60D,60,,0,0.0,전기업,2.1077380952380955,-2.2075,9.0,0.09038649706457925,-0.011953723914476513,0.03278688524590164,OK,76.5,OK,74.0139700544615,74.0139700544615,8,1,0.55,0.25,0.2,STRUCT+TIMING+AI+SECTOR,default,50,20260612,20260612,,66.7,66.7,66.7,46.38,-9.6,FRESH,0.351,,False,0.454,False,MATURE,9296.0,0.692,0.849,0.692,0.0,0.0,0.0,v22_calibrated,,,,,,,,True,0.3,,ELITE_SCORE,MATURE,9296,2.4.0,OK,,100.0,ATTACK,OK,OK,OK,OK,OK,OK,OK,0,7,True,True,True,,0,GREEN,,,0.0,AVOID,0,진입괴리 10.0% · RR 0.02,0,0,0,0,,0.0,S=52≥50 · 이격도15>15,100.0,GREEN,,,0,False,0,BELOW_OFFICIAL_BAR,TOP_PICK=0,,13.0,IGNORE,IGNORE,FX_HIGH_REGIME,1,0,0,1,0,0,0,0,0,CLEAR,,,0,0,0,0,0.0,,,,,,,,,,REJECT_NO_VALIDATED_RULE,,,,,,True,True,True,True,True,True,True,True,0.0,0.0,0.0,0.0,0.0,0.0,0.0,0.0,0.0,1.0,False,False,False,1,True,20.5,1.0,,,0,0,0,,20.5,0,,False,0.0,0.0,False,,False,True,,0
321,090460,비에이치,KOSPI,IT/전기전자,26800,168.13,9034.7,0.0,0.0,WAIT,WAIT,3,False,0,True,23.9,23.9,13.3,2.5,79.9,0.0,20.2,31.9,77.4,3.2,3.77,1.5,RR3.8 + 진입적정,0,26400.0,22400.0,43400.0,50200.0,,0.41,0.65,29858,23.81,특이사항 없음,0,-21.12,36.0,-14.81,AI 강점,,저점 이탈,추세 관망,CRITICAL,75.3,전자부품 제조업,16812661650.0,51.7,55.89,0,0,5.3,-6.62,-16.64,-11.11,43.85,43.55,-14.67,-2.53,,0.453,0.127,1,12.0,0,0,1.43,0.15,0,0,0,0,-1,32890.0,-10.24,0.1512,False,O,▲,24952,▼,O,X,5.11,250,0,1,1,1,58900.0,enter,100.0,NORMAL+PM_BLOCK_INTRADAY+EF:정상,15.15,5.0,4.2,normal,7.0,v1_sl_first_gap_at_open,NORMAL+PM_BLOCK_INTRADAY+EF:정상,SWING_20D,80,FIBO_1.272,40,FIBO_1.618,25,0.0,전자부품 제조업,0.10229729729729745,3.253243243243243,5.0,0.12313432835820895,-0.030662858353492268,0.35714285714285715,OK,79.9,OK,7.613167193739117,7.613167193739117,4,1,0.55,0.25,0.2,STRUCT+TIMING+AI+SECTOR,default,50,20260612,20260612,,23.9,23.9,23.9,46.38,-9.6,FRESH,0.351,,False,0.3,True,MATURE,9296.0,4.25,0.849,0.849,0.0,0.0,0.0,v22_calibrated,,,,,,,,True,61.9,,ELITE_SCORE,MATURE,9296,2.4.0,OK,,100.0,ATTACK,OK,OK,OK,OK,OK,OK,OK,0,7,True,True,True,,0,GREEN,,,90.0,BUY,1,,0,0,0,0,,0.0,T=2<70,100.0,GREEN,,,0,False,0,ENTRY_READY_BUT_NOT_TOP_PICK,TOP_PICK=0,진입조건은 양호하나 공식 Top Pick 아님,50.0,ENTRY_CLEAN_OBSERVE,ENTRY_CLEAN_OBSERVE,FX_HIGH_REGIME,1,0,0,1,0,0,0,0,0,CLEAR,,,0,0,0,0,0.0,,,,,,,,,,REJECT_NO_VALIDATED_RULE,,,,,,True,False,True,True,False,True,True,True,0.0,0.0,0.0,0.0,20.0,0.0,0.0,0.0,20.0,0.5,False,True,False,3,False,0.0,0.0,G2RR×0.5 · G5추세붕괴3축,,0,0,0,,0.0,0,,False,0.0,0.0,False,,False,True,,0
322,140670,알에스오토메이션,KOSDAQ,IT/전기전자,13340,117.34,1712.8,0.0,0.0,WAIT,WAIT,3,False,0,True,16.0,16.0,0.0,20.4,54.4,0.0,19.7,24.9,54.4,32.0,1.86,6.0,RR1.9,0,12580.0,10690.0,18260.0,19500.0,,2.11,2.8,16122,-20.64,특이사항 없음,0,-18.24,33.7,-4.5,AI 강점,,저점 이탈,추세 관망,CRITICAL,75.3,전자부품 제조업,11733775830.0,39.1,51.51,0,0,16.1,6.55,-4.78,-19.4,-27.34,-6.71,-6.84,-17.74,,0.967,0.039,0,12.0,0,0,0.88,0.32,0,0,0,0,-1,14159.0,-17.26,0.4122,False,X,▼,11182,▼,O,X,2.87,250,0,-1,-1,1,28800.0,hold,0.0,NORMAL+PM_BLOCK_INTRADAY+EF:당일 15%+ 급등 진입 보류+ENTRY:hold,15.02,6.0,3.0,normal,7.0,v1_sl_first_gap_at_open,NORMAL+PM_BLOCK_INTRADAY+EF:당일 15%+ 급등 진입 보류+ENTRY:hold,SWING_20D,80,SWING_60D,60,SWING_120D,45,0.0,전자부품 제조업,0.10229729729729745,3.253243243243243,5.0,0.08101306489612337,-0.015043576328198749,0.2693877551020408,OK,54.4,OK,28.288716039066337,28.288716039066337,2,0,0.55,0.25,0.2,STRUCT+TIMING+AI+SECTOR,default,50,20260612,20260612,,16.0,16.0,16.0,46.38,-9.6,FRESH,0.351,,False,0.3,True,MATURE,9296.0,3.005,0.849,0.849,0.0,0.0,0.0,v22_calibrated,,,,,,,,True,36.9,,ELITE_SCORE,MATURE,9296,2.4.0,OK,,100.0,ATTACK,OK,OK,OK,OK,OK,OK,OK,0,7,True,True,True,,0,GREEN,,,0.0,AVOID,0,진입괴리 6.0%,0,0,0,0,,0.0,T=20<70 · 전일+16%,100.0,GREEN,,,0,False,0,BELOW_OFFICIAL_BAR,TOP_PICK=0,EBS 미통과/불명,10.0,IGNORE,IGNORE,FX_HIGH_REGIME,1,0,0,1,0,0,0,0,0,CLEAR,,,0,0,0,0,0.0,,,,,,,,,,REJECT_NO_VALIDATED_RULE,,,,,,True,False,True,True,False,True,True,True,0.0,0.0,0.0,0.0,20.0,0.0,0.0,0.0,20.0,0.5,False,True,False,4,False,0.0,0.0,G2RR×0.5 · G5추세붕괴4축,,0,0,0,,0.0,0,,False,0.0,0.0,False,,False,True,,0
323,079370,제우스,KOSDAQ,조선·기계·설비,12120,83.48,3759.3,0.0,0.0,WAIT,WAIT,3,False,0,True,16.1,16.1,0.0,20.2,55.2,0.0,19.7,25.1,55.2,31.0,1.72,1.5,RR1.7 + 진입적정,0,11940.0,10140.0,15530.0,18590.0,,1.14,1.3,15063,-34.79,특이사항 없음,0,-17.62,42.1,-2.3,AI 강점,,저점 이탈,추세 관망,CRITICAL,75.3,특수 목적용 기계 제조업,8347608010.0,52.2,44.43,0,0,4.94,10.08,-2.1,-19.47,-28.79,-15.36,-6.91,-19.19,,0.928,0.041,0,12.0,1,0,1.13,0.41,0,0,0,0,-1,13393.0,-19.54,0.6354,False,X,▼,10403,▲,O,X,3.9,250,0,-1,-1,1,20950.0,enter,100.0,NORMAL+PM_BLOCK_INTRADAY+EF:정상,15.08,6.0,2.0,normal,7.0,v1_sl_first_gap_at_open,NORMAL+PM_BLOCK_INTRADAY+EF:정상,SWING_20D,80,SWING_60D,60,SWING_120D,45,0.0,특수 목적용 기계 제조업,9.421739130434784,5.0392753623188415,2.0,0.09364686468646864,-0.04105301757047371,0.4948453608247423,OK,55.2,OK,24.5,24.5,4,1,0.55,0.25,0.2,STRUCT+TIMING+AI+SECTOR,default,50,20260612,20260612,,16.1,16.1,16.1,46.38,-9.6,FRESH,0.351,,False,0.3,True,MATURE,9296.0,1.994,0.849,0.849,0.0,0.0,0.0,v22_calibrated,,,,,,,,True,28.1,,ELITE_SCORE,MATURE,9296,2.4.0,OK,,100.0,ATTACK,OK,OK,OK,OK,OK,OK,OK,0,7,True,True,True,,0,GREEN,,,100.0,BUY,1,,0,0,0,0,,0.0,T=20<70,100.0,GREEN,,,0,False,0,ENTRY_READY_BUT_NOT_TOP_PICK,TOP_PICK=0,진입조건은 양호하나 공식 Top Pick 아님,50.0,ENTRY_CLEAN_OBSERVE,ENTRY_CLEAN_OBSERVE,FX_HIGH_REGIME,1,0,0,1,0,0,0,0,0,CLEAR,,,0,0,0,0,0.0,,,,,,,,,,REJECT_NO_VALIDATED_RULE,,,,,,True,False,True,True,False,True,True,True,0.0,0.0,0.0,0.0,20.0,0.0,0.0,0.0,20.0,0.5,False,True,False,3,False,0.0,0.0,G2RR×0.5 · G5추세붕괴3축,,0,0,0,,0.0,0,,False,0.0,0.0,False,,False,True,,0
324,229640,LS에코에너지,KOSPI,금융,61600,187.66,18864.9,0.0,0.0,WAIT,WAIT,3,False,0,True,18.6,18.6,0.0,9.3,81.5,0.0,19.6,30.3,81.5,0.0,4.77,1.5,RR4.8 + 진입적정,0,60700.0,51500.0,109800.0,128800.0,,0.33,1.14,69814,37.89,특이사항 없음,0,-21.41,18.8,-13.71,AI 강점,,저점 이탈,추세 관망,CRITICAL,75.3,기타 금융업,18765560100.0,26.4,63.9,0,0,6.21,2.33,-13.6,-34.05,38.12,68.77,-37.61,-8.26,,0.352,0.06,1,12.0,0,0,1.24,0.14,0,0,0,0,-1,72660.0,-11.77,0.6199,False,O,▲,53615,▼,O,X,5.0,250,0,1,1,1,152900.0,enter,100.0,NORMAL+PM_BLOCK_INTRADAY+EF:정상,15.16,5.0,5.3,normal,7.0,v1_sl_first_gap_at_open,NORMAL+PM_BLOCK_INTRADAY+EF:정상,SWING_20D,80,FIBO_1.272,40,FIBO_1.618,25,0.0,기타 금융업,1.90825,-1.16975,7.0,0.09670686456400741,-0.04131680939241881,0.47761194029850745,OK,81.5,OK,8.352706666427636,8.352706666427636,4,1,0.55,0.25,0.2,STRUCT+TIMING+AI+SECTOR,default,50,20260612,20260612,,18.6,18.6,18.6,46.38,-9.6,FRESH,0.351,,False,0.3,True,MATURE,9296.0,5.337,0.849,0.849,0.0,0.0,0.0,v22_calibrated,,,,,,,,True,78.2,,ELITE_SCORE,MATURE,9296,2.4.0,OK,,100.0,ATTACK,OK,OK,OK,OK,OK,OK,OK,0,7,True,True,True,,0,GREEN,,,90.0,BUY,1,,0,0,0,0,,0.0,T=9<70,100.0,GREEN,,,0,False,0,BELOW_OFFICIAL_BAR,TOP_PICK=0,,35.0,IGNORE,IGNORE,FX_HIGH_REGIME,1,0,0,1,0,0,0,0,0,CLEAR,,,0,0,0,0,0.0,,,,,,,,,,REJECT_NO_VALIDATED_RULE,,,,,,True,False,True,True,False,True,True,True,0.0,0.0,0.0,0.0,20.0,0.0,0.0,0.0,20.0,0.5,False,True,False,3,False,0.0,0.0,G2RR×0.5 · G5추세붕괴3축,,0,0,0,,0.0,0,,False,0.0,0.0,False,,False,True,,0
325,078350,한양디지텍,KOSDAQ,반도체,28300,89.27,4314.2,0.0,0.0,WAIT,WAIT,3,False,0,True,19.9,19.9,10.2,9.4,59.9,0.0,19.5,26.5,50.5,36.9,3.44,1.4,RR3.4 + 진입적정,0,27900.0,23650.0,44300.0,46550.0,,1.27,0.75,30596,4.31,특이사항 없음,0,-22.67,37.4,-10.88,AI 강점,,저점 이탈,추세 관망,CRITICAL,75.3,반도체 제조업,8927053800.0,34.9,68.39,0,0,5.2,7.2,-18.91,-0.35,7.6,38.39,12.21,17.2,,0.4,0.215,1,12.0,0,0,1.53,0.28,0,0,0,0,-1,35075.0,-7.5,0.5626,False,X,▲,23295,▼,O,X,7.81,250,0,1,1,1,,split,50.0,NORMAL+PM_BLOCK_INTRADAY+EF:갭 7%+ 분할 진입+ENTRY:split,15.23,6.0,3.9,normal,7.0,v1_sl_first_gap_at_open,NORMAL+PM_BLOCK_INTRADAY+EF:갭 7%+ 분할 진입+ENTRY:split,SWING_20D,80,RR_LEGACY,35,,0,0.0,반도체 제조업,7.3096000000000005,9.6216,1.0,0.13717819283190308,-0.07677987335737442,0.4722222222222222,OK,59.9,OK,10.277285307584634,10.277285307584634,4,1,0.55,0.25,0.2,STRUCT+TIMING+AI+SECTOR,default,50,20260612,20260612,,19.9,19.9,19.9,46.38,-9.6,FRESH,0.351,,False,0.3,True,MATURE,9296.0,3.859,0.849,0.849,0.0,0.0,0.0,v22_calibrated,,,,,,,,True,56.5,,ELITE_SCORE,MATURE,9296,2.4.0,OK,,100.0,ATTACK,OK,OK,OK,OK,OK,OK,OK,0,7,True,True,True,,0,GREEN,,,90.0,BUY,1,,0,0,0,0,,0.0,T=9<70,100.0,GREEN,,,0,False,0,ENTRY_READY_BUT_NOT_TOP_PICK,TOP_PICK=0,진입조건은 양호하나 공식 Top Pick 아님,50.0,ENTRY_CLEAN_OBSERVE,ENTRY_CLEAN_OBSERVE,FX_HIGH_REGIME,1,0,0,1,0,0,0,0,0,CLEAR,,,0,0,0,0,0.0,,,,,,,,,,REJECT_NO_VALIDATED_RULE,,,,,,True,False,True,True,False,True,True,True,0.0,0.0,0.0,0.0,20.0,0.0,0.0,0.0,20.0,0.5,False,True,False,3,False,0.0,0.0,G2RR×0.5 · G5추세붕괴3축,,0,0,0,,0.0,0,,False,0.0,0.0,False,,False,True,,0
326,000120,CJ대한통운,KOSPI,기타,82700,67.87,18865.8,0.0,0.0,WAIT,WAIT,3,False,0,True,16.0,16.0,0.0,19.2,56.1,0.0,19.5,25.1,56.1,29.9,1.59,1.5,RR1.6 + 진입적정,0,81500.0,74000.0,96500.0,118800.0,,0.13,1.01,97577,-14.31,특이사항 없음,0,-8.41,33.8,-3.22,AI 강점,,MFI 약세,추세 관망,CRITICAL,75.3,도로 화물 운송업,6787447400.0,22.9,20.84,0,0,3.63,0.98,-3.27,-13.31,-24.82,-11.65,-16.87,-71.2,,0.985,0.077,0,7.9,1,0,0.84,0.32,0,0,0,0,-1,88230.0,-15.25,0.1907,False,X,▼,78930,▼,O,X,3.38,250,0,-1,-1,1,154000.0,enter,100.0,NORMAL+PM_BLOCK_INTRADAY+EF:정상,9.2,5.0,2.0,normal,7.0,v1_sl_first_gap_at_open,NORMAL+PM_BLOCK_INTRADAY+EF:정상,SWING_20D,80,SWING_60D,60,SWING_120D,45,0.0,도로 화물 운송업,2.1077380952380955,-2.2075,9.0,0.039600967351874246,-2.0,0.6774193548387096,OK,56.1,OK,30.78106059401686,30.78106059401686,2,0,0.55,0.25,0.2,STRUCT+TIMING+AI+SECTOR,default,50,20260612,20260612,,16.0,16.0,16.0,46.38,-9.6,FRESH,0.351,,False,0.3,True,MATURE,9296.0,2.0,0.849,0.849,0.0,0.0,0.0,v22_calibrated,,,,,,,,True,16.7,,ELITE_SCORE,MATURE,9296,2.4.0,OK,,100.0,ATTACK,OK,OK,OK,OK,OK,OK,OK,0,7,True,True,True,,0,GREEN,,,90.0,BUY,1,,0,0,0,0,,0.0,T=19<70,100.0,GREEN,,,0,False,0,ENTRY_READY_BUT_NOT_TOP_PICK,TOP_PICK=0,진입조건은 양호하나 공식 Top Pick 아님,45.0,ENTRY_CLEAN_OBSERVE,ENTRY_CLEAN_OBSERVE,FX_HIGH_REGIME,1,0,0,1,0,0,0,0,0,CLEAR,,,0,0,0,0,0.0,,,,,,,,,,REJECT_NO_VALIDATED_RULE,,,,,,True,False,True,True,False,True,True,True,0.0,0.0,0.0,0.0,20.0,0.0,0.0,0.0,20.0,0.5,False,True,False,4,False,0.0,0.0,G2RR×0.5 · G5추세붕괴4축,,0,0,0,,0.0,0,,False,0.0,0.0,False,,False,True,,0
327,000270,기아,KOSPI,자동차·모빌리티,166800,4004.13,651208.9,0.0,,WAIT,WAIT,3,False,0,True,65.8,65.8,64.8,73.2,59.5,0.0,19.5,65.8,13.7,82.9,0.73,1.5,밸런스우수 + 진입적정,0,164300.0,143000.0,184200.0,197700.0,⚡눌림회복,1.66,1.42,161734,9.14,특이사항 없음,1,1.42,49.1,1.92,TIMING 강점,STRUCT 보조,,스퀴즈/품질 대기,CRITICAL,75.3,자동차용 엔진 및 자동차 제조업,400412536500.0,55.5,16.62,1,0,6.92,3.54,1.52,-7.08,2.96,35.72,-10.64,-43.42,,0.206,0.187,1,11.4,0,0,1.08,0.52,17848,34528,52376,1,-1,177780.0,3.13,0.0628,False,O,▲,160320,▼,O,X,4.36,250,0,1,1,1,212500.0,enter,100.0,NORMAL+PM_BLOCK_INTRADAY+EF:정상,12.96,4.0,0.9,normal,7.0,v1_sl_first_gap_at_open,NORMAL+PM_BLOCK_INTRADAY+EF:정상,SWING_20D,80,ATR_3.5x,45,SWING_120D,45,0.0,자동차용 엔진 및 자동차 제조업,9.936315789473685,2.4005263157894725,3.0,0.05721137375813635,-0.08257737782509549,0.25925925925925924,OK,59.5,OK,46.265589437270634,46.265589437270634,8,1,0.55,0.25,0.2,STRUCT+TIMING+AI+SECTOR,default,50,20260612,20260612,,65.8,65.8,65.8,46.38,-9.6,FRESH,0.351,elite_low_wr_0.35,True,0.446,True,MATURE,9296.0,0.934,0.849,0.849,0.0,0.0,,v22_calibrated,,,,,,,,True,10.4,,ELITE_SCORE,MATURE,9296,2.4.0,OK,,100.0,ATTACK,OK,OK,OK,OK,OK,OK,OK,0,7,True,True,True,,0,GREEN,,,0.0,AVOID,0,RR 0.73,0,0,0,0,,0.0,S=65≥50,100.0,GREEN,,,0,False,0,BELOW_OFFICIAL_BAR,TOP_PICK=0,,13.0,IGNORE,IGNORE,FX_HIGH_REGIME,1,0,0,1,0,0,0,0,0,CLEAR,,,0,0,0,0,0.0,,,,,,,,,,REJECT_NO_VALIDATED_RULE,,,,,,True,True,True,True,True,True,True,True,0.0,0.0,0.0,0.0,0.0,0.0,0.0,0.0,0.0,1.0,False,False,False,2,True,19.5,1.0,,,0,0,0,,19.5,0,,False,0.0,0.0,False,,False,True,,0
328,183300,코미코,KOSDAQ,조선·기계·설비,124900,648.05,13065.4,0.0,0.0,WAIT,WAIT,3,False,0,True,77.2,77.2,83.5,100.0,31.4,0.0,19.4,71.6,68.6,14.2,0.36,24.8,,0,100100.0,85100.0,139200.0,154800.0,🚀급등시동,1.18,1.49,80097,116.71,특이사항 없음,0,19.64,66.9,30.98,TIMING 강점,STRUCT 보조,5일 급등,추세 관망,CRITICAL,75.3,특수 목적용 기계 제조업,64804853550.0,68.3,67.46,0,0,-10.27,15.01,33.3,31.14,119.94,189.53,43.7,129.54,,0.033,0.033,1,12.0,1,0,1.38,0.79,0,0,0,1,1,78370.0,55.93,0.5724,False,O,▲,113782,▲,O,X,-4.02,250,0,1,1,1,163500.0,enter,100.0,NORMAL+PM_BLOCK_INTRADAY+EF:정상,14.99,5.0,2.6,normal,7.0,v1_sl_first_gap_at_open,NORMAL+PM_BLOCK_INTRADAY+EF:정상,SWING_20D,80,ATR_3.5x,45,FIBO_1.272,40,0.0,특수 목적용 기계 제조업,9.421739130434784,5.0392753623188415,2.0,0.125033169392657,0.0677545090358522,0.06015037593984962,OK,31.4,OK,76.0,76.0,6,1,0.55,0.25,0.2,STRUCT+TIMING+AI+SECTOR,default,50,20260612,20260612,,77.2,77.2,77.2,46.38,-9.6,FRESH,0.351,,False,0.538,False,MATURE,9296.0,2.607,0.921,0.921,0.0,0.0,0.0,v22_calibrated,,,,,,,,True,11.4,,ELITE_SCORE,MATURE,9296,2.4.0,OK,,100.0,ATTACK,OK,OK,OK,OK,OK,OK,OK,0,7,True,True,True,,1,RED,B_RED,STRUCT 70~85 위험 구간 + VWAP_GAP > 8% 과열,0.0,AVOID,0,진입괴리 24.8% · RR 0.36 · 이격도 31↑ + 음봉,0,1,0,0,,0.0,S=84≥50 · 이격도31>15,85.0,CAUTION,B_RED_SHADOW,B_red shadow 감점 -15: STRUCT 70~85 + VWAP_GAP>8 위험 조합 · 공식 매수 차단 아님,1,False,0,BELOW_OFFICIAL_BAR,TOP_PICK=0,VWAP/POC 과열,20.0,IGNORE,IGNORE,FX_HIGH_REGIME,1,0,0,1,0,0,0,0,0,CLEAR,,,0,0,0,0,0.0,,,,,,,,,,REJECT_NO_VALIDATED_RULE,,,,,,True,True,True,True,True,True,True,True,0.0,0.0,0.0,0.0,0.0,0.0,0.0,0.0,0.0,1.0,False,False,False,0,True,19.4,1.0,,,0,0,0,,19.4,0,,False,0.0,0.0,False,,False,True,,0
329,452260,한화갤러리아,KOSPI,유통·소비재,2745,88.31,5321.4,0.0,0.0,WAIT,WAIT,3,False,0,True,18.3,18.3,0.0,9.0,80.4,0.0,19.3,29.8,80.4,0.0,2.86,3.0,RR2.9,0,2665.0,2265.0,4120.0,4620.0,,1.34,0.35,3220,16.79,특이사항 없음,0,-15.89,39.6,-4.96,AI 강점,,저점 이탈,추세 관망,CRITICAL,75.3,종합 소매업,8830941012.0,42.1,39.3,0,0,8.07,5.58,-10.59,-24.59,4.97,153.23,-28.15,-41.41,,0.241,0.115,1,12.0,0,0,0.62,0.22,0,0,0,0,-1,3109.5,-14.77,0.3223,False,O,▲,2442,▼,O,X,1.77,250,0,1,1,1,5250.0,enter,100.0,NORMAL+PM_BLOCK_INTRADAY+EF:정상,15.01,5.0,3.6,normal,7.0,v1_sl_first_gap_at_open,NORMAL+PM_BLOCK_INTRADAY+EF:정상,SWING_20D,80,FIBO_1.272,40,FIBO_1.618,25,0.0,종합 소매업,5.0564285714285715,-0.5635714285714287,6.0,0.08639084048920115,-0.0002299926699261503,0.40350877192982454,OK,80.4,OK,4.5,4.5,2,0,0.55,0.25,0.2,STRUCT+TIMING+AI+SECTOR,default,50,20260612,20260612,,18.3,18.3,18.3,46.38,-9.6,FRESH,0.351,,False,0.3,True,MATURE,9296.0,3.638,0.849,0.849,0.0,0.0,0.0,v22_calibrated,,,,,,,,True,50.1,,ELITE_SCORE,MATURE,9296,2.4.0,OK,,100.0,ATTACK,OK,OK,OK,OK,OK,OK,OK,0,7,True,True,True,,0,GREEN,,,0.0,AVOID,0,진입괴리 3.0%,0,0,0,0,,0.0,T=9<70,100.0,GREEN,,,0,False,0,BELOW_OFFICIAL_BAR,TOP_PICK=0,EBS 미통과/불명,10.0,IGNORE,IGNORE,FX_HIGH_REGIME,1,0,0,1,0,0,0,0,0,CLEAR,,,0,0,0,0,0.0,,,,,,,,,,REJECT_NO_VALIDATED_RULE,,,,,,True,False,True,True,False,True,True,True,0.0,0.0,0.0,0.0,20.0,0.0,0.0,0.0,20.0,0.5,False,True,False,3,False,0.0,0.0,G2RR×0.5 · G5추세붕괴3축,,0,0,0,,0.0,0,,False,0.0,0.0,False,,False,True,,0
330,068270,셀트리온,KOSPI,바이오·의약품,173000,1522.79,383425.7,0.0,0.0,WAIT,WAIT,3,False,0,True,16.7,16.7,1.7,16.1,58.9,0.0,19.3,25.6,57.2,28.5,1.03,1.5,RR1.0 + 진입적정,0,170400.0,153900.0,192600.0,202500.0,,1.61,1.2,185667,-10.93,특이사항 없음,0,-6.58,44.1,-2.19,AI 강점,,저점 이탈,추세 관망,CRITICAL,75.3,기초 의약물질 제조업,152279481800.0,35.7,17.78,0,0,4.09,0.93,-4.47,-4.72,-9.25,-2.78,-8.28,-55.63,,0.958,0.311,0,9.7,1,1,1.05,0.43,0,0,0,0,-1,185386.3,-6.82,0.0921,False,X,▼,166709,▼,O,X,2.89,250,0,-1,1,1,239500.0,enter,100.0,NORMAL+PM_BLOCK_INTRADAY+EF:정상,9.68,4.0,1.3,normal,7.0,v1_sl_first_gap_at_open,NORMAL+PM_BLOCK_INTRADAY+EF:정상,SWING_20D,80,SWING_60D,60,SWING_120D,45,0.0,기초 의약물질 제조업,-3.8524999999999996,0.4400000000000002,10.0,0.04860487200660611,-0.09087694639824721,0.5064935064935064,OK,58.9,OK,32.45224421904725,32.45224421904725,4,1,0.55,0.25,0.2,STRUCT+TIMING+AI+SECTOR,default,50,20260612,20260612,,16.7,16.7,16.7,46.38,-9.6,FRESH,0.351,,False,0.3,True,MATURE,9296.0,1.345,0.849,0.849,0.0,0.0,0.0,v22_calibrated,,,,,,,,True,11.3,,ELITE_SCORE,MATURE,9296,2.4.0,OK,,100.0,ATTACK,OK,OK,OK,OK,OK,OK,OK,0,7,True,True,True,,0,GREEN,,,0.0,AVOID,0,RR 1.03,0,0,0,0,,0.0,T=16<70,100.0,GREEN,,,0,False,0,BELOW_OFFICIAL_BAR,TOP_PICK=0,,10.0,IGNORE,IGNORE,FX_HIGH_REGIME,1,0,0,1,0,0,0,0,0,CLEAR,,,0,0,0,0,0.0,,,,,,,,,,REJECT_NO_VALIDATED_RULE,,,,,,True,False,True,True,False,True,True,True,0.0,0.0,0.0,0.0,20.0,0.0,0.0,0.0,20.0,0.5,False,True,False,4,False,0.0,0.0,G2RR×0.5 · G5추세붕괴4축,,0,0,0,,0.0,0,,False,0.0,0.0,False,,False,True,,0
331,103590,일진전기,KOSPI,기타,81800,445.42,39006.6,0.0,0.0,WAIT,WAIT,3,False,0,True,16.0,16.0,0.0,17.2,58.4,0.0,19.1,25.2,58.4,27.0,4.57,1.5,RR4.6 + 진입적정,0,80600.0,68400.0,143000.0,147900.0,,-0.55,1.06,104864,34.07,특이사항 없음,0,-22.78,20.0,-14.85,AI 강점,,저점 이탈,추세 관망,CRITICAL,75.3,절연선 및 케이블 제조업,44542278350.0,28.5,66.34,0,0,5.14,0.74,-14.7,-41.53,6.23,44.01,-45.09,-40.15,,0.51,0.258,1,12.0,0,0,0.98,0.16,0,0,0,0,-1,97715.0,-21.99,0.7265,False,X,▲,73158,▼,O,X,11.57,250,0,1,1,1,169400.0,split,50.0,NORMAL+PM_BLOCK_INTRADAY+EF:갭 7%+ 분할 진입+ENTRY:split,15.14,5.0,5.1,normal,7.0,v1_sl_first_gap_at_open,NORMAL+PM_BLOCK_INTRADAY+EF:갭 7%+ 분할 진입+ENTRY:split,SWING_20D,80,SWING_60D,60,FIBO_1.272,40,0.0,절연선 및 케이블 제조업,2.1077380952380955,-2.2075,9.0,0.09286587495633951,-0.020189465134864575,0.015151515151515152,OK,58.4,OK,24.457854859035123,24.457854859035123,2,0,0.55,0.25,0.2,STRUCT+TIMING+AI+SECTOR,default,50,20260612,20260612,,16.0,16.0,16.0,46.38,-9.6,FRESH,0.351,,False,0.3,True,MATURE,9296.0,5.115,0.849,0.849,0.0,0.0,0.0,v22_calibrated,,,,,,,,True,74.8,,ELITE_SCORE,MATURE,9296,2.4.0,OK,,100.0,ATTACK,OK,OK,OK,OK,OK,OK,OK,0,7,True,True,True,,0,GREEN,,,90.0,BUY,1,,0,0,0,0,,0.0,T=17<70,100.0,GREEN,,,0,False,0,BELOW_OFFICIAL_BAR,TOP_PICK=0,EBS 미통과/불명,30.0,IGNORE,IGNORE,FX_HIGH_REGIME,1,0,0,1,0,0,0,0,0,CLEAR,,,0,0,0,0,0.0,,,,,,,,,,REJECT_NO_VALIDATED_RULE,,,,,,True,False,True,True,False,True,True,True,0.0,0.0,0.0,0.0,20.0,0.0,0.0,0.0,20.0,0.5,False,True,False,3,False,0.0,0.0,G2RR×0.5 · G5추세붕괴3축,,0,0,0,,0.0,0,,False,0.0,0.0,False,,False,True,,0
332,010170,대한광통신,KOSDAQ,기타,19040,4536.42,29604.5,0.0,0.0,WAIT,WAIT,3,False,0,True,23.8,23.8,22.6,4.7,50.9,0.0,19.1,26.1,46.2,42.3,2.84,3.0,RR2.8,0,18490.0,15710.0,28500.0,31500.0,,1.19,1.26,16993,587.03,특이사항 없음,0,-22.82,41.7,-11.37,AI 강점,,저점 이탈,추세 관망,CRITICAL,75.3,절연선 및 케이블 제조업,453641578140.0,54.5,62.61,0,0,11.54,5.31,-18.11,-23.07,161.9,742.11,-10.51,171.5,,0.197,0.085,1,12.0,0,0,1.91,0.3,0,0,0,0,-1,25963.0,12.04,0.3817,False,O,▲,16272,▼,O,X,5.1,250,0,1,1,1,38250.0,split,50.0,NORMAL+PM_BLOCK_INTRADAY+EF:당일 10%+ 급등 분할 진입+ENTRY:split,15.04,5.0,3.6,normal,7.0,v1_sl_first_gap_at_open,NORMAL+PM_BLOCK_INTRADAY+EF:당일 10%+ 급등 분할 진입+ENTRY:split,SWING_20D,80,SWING_60D,60,FIBO_1.272,40,0.0,절연선 및 케이블 제조업,2.1077380952380955,-2.2075,9.0,0.1643532412965186,-0.00521908979684459,0.49491525423728816,OK,50.9,OK,13.098793985158617,13.098793985158617,4,1,0.55,0.25,0.2,STRUCT+TIMING+AI+SECTOR,default,50,20260612,20260612,,23.8,23.8,23.8,46.38,-9.6,FRESH,0.351,,False,0.3,True,MATURE,9296.0,3.601,0.849,0.849,0.0,0.0,0.0,v22_calibrated,,,,,,,,True,49.7,,ELITE_SCORE,MATURE,9296,2.4.0,OK,,100.0,ATTACK,OK,OK,OK,OK,OK,OK,OK,0,7,True,True,True,,0,GREEN,,,65.0,WATCH,0,POC 587↑,0,1,1,0,,0.0,T=5<70 · 전일+12%,100.0,GREEN,,,0,False,0,BELOW_OFFICIAL_BAR,TOP_PICK=0,VWAP/POC 과열,15.0,IGNORE,IGNORE,FX_HIGH_REGIME,1,0,0,1,0,0,0,0,0,CLEAR,,,0,0,0,0,0.0,,,,,,,,,,REJECT_NO_VALIDATED_RULE,,,,,,True,False,True,True,False,True,True,True,0.0,0.0,0.0,0.0,20.0,0.0,0.0,0.0,20.0,0.5,False,True,False,3,False,0.0,0.0,G2RR×0.5 · G5추세붕괴3축,,0,0,0,,0.0,0,,False,0.0,0.0,False,,False,True,,0
333,062040,산일전기,KOSPI,인프라·에너지,231500,900.78,70875.7,0.0,0.0,WAIT,WAIT,3,False,0,True,22.2,22.2,12.3,1.9,74.9,0.0,19.0,29.7,73.0,8.8,2.61,0.4,RR2.6 + 진입적정,0,232500.0,197600.0,320000.0,341000.0,,0.51,1.01,215781,48.26,특이사항 없음,0,-13.91,31.2,-6.11,AI 강점,,저점 이탈,추세 관망,CRITICAL,75.3,"전동기, 발전기 및 전기 변환 · 공급 · 제어 장치 제조업",90077601750.0,32.0,40.3,0,0,8.69,4.75,-8.5,-23.47,69.35,55.37,-27.03,22.97,,0.227,0.1,1,12.0,0,0,1.8,0.27,0,0,0,0,-1,272700.0,7.28,0.4417,False,O,▲,209498,▼,O,X,9.62,250,0,1,1,1,398500.0,split,50.0,NORMAL+PM_BLOCK_INTRADAY+EF:갭 7%+ 분할 진입+ENTRY:split,15.01,4.0,2.5,normal,7.0,v1_sl_first_gap_at_open,NORMAL+PM_BLOCK_INTRADAY+EF:갭 7%+ 분할 진입+ENTRY:split,SWING_20D,80,SWING_60D,60,FIBO_1.272,40,0.0,"전동기, 발전기 및 전기 변환 · 공급 · 제어 장치 제조업",3.3342857142857136,-17.545714285714286,14.0,0.09348966368404812,-0.05199123079497351,0.4523809523809524,OK,74.9,OK,10.70911554686027,10.70911554686027,4,1,0.55,0.25,0.2,STRUCT+TIMING+AI+SECTOR,default,50,20260612,20260612,,22.2,22.2,22.2,46.38,-9.6,FRESH,0.351,,False,0.3,True,MATURE,9296.0,2.507,0.849,0.849,0.0,0.0,0.0,v22_calibrated,,,,,,,,True,38.2,,ELITE_SCORE,MATURE,9296,2.4.0,OK,,100.0,ATTACK,OK,OK,OK,OK,OK,OK,OK,0,7,True,True,True,,0,GREEN,,,80.0,BUY,1,POC 48↑,0,0,0,0,,0.0,T=2<70,100.0,GREEN,,,0,False,0,BELOW_OFFICIAL_BAR,TOP_PICK=0,,35.0,IGNORE,IGNORE,FX_HIGH_REGIME,1,0,0,1,0,0,0,0,0,CLEAR,,,0,0,0,0,0.0,,,,,,,,,,REJECT_NO_VALIDATED_RULE,,,,,,True,False,True,True,False,True,True,True,0.0,0.0,0.0,0.0,20.0,0.0,0.0,0.0,20.0,0.5,False,True,False,3,False,0.0,0.0,G2RR×0.5 · G5추세붕괴3축,,0,0,0,,0.0,0,,False,0.0,0.0,False,,False,True,,0
334,031980,피에스케이홀딩스,KOSDAQ,조선·기계·설비,152300,800.05,32839.5,0.0,0.0,WAIT,WAIT,3,False,0,True,61.8,61.8,45.3,100.0,59.2,0.0,19.0,68.2,54.7,31.6,0.06,18.0,,0,129100.0,109700.0,154900.0,163700.0,,1.37,1.78,118570,40.92,특이사항 없음,2,-9.89,57.7,23.89,TIMING 강점,AI 보조,5일 급등,추세 관망,CRITICAL,75.3,특수 목적용 기계 제조업,80005211500.0,58.2,42.56,0,0,13.74,20.49,35.74,12.98,38.45,252.14,25.54,48.05,,0.0,0.0,1,12.0,0,0,1.63,0.96,0,0,0,1,1,86980.0,28.45,0.7445,False,O,▲,125622,▲,O,X,10.23,250,0,1,1,1,189600.0,split,50.0,NORMAL+PM_BLOCK_INTRADAY+EF:갭 7%+ 분할 진입 + 당일 10%+ 급등 분할 진입+ENTRY:split,15.03,5.0,1.3,normal,7.0,v1_sl_first_gap_at_open,NORMAL+PM_BLOCK_INTRADAY+EF:갭 7%+ 분할 진입 + 당일 10%+ 급등 분할 진입+ENTRY:split,SWING_20D,80,ATR_2x,70,ATR_3.5x,45,0.0,특수 목적용 기계 제조업,9.421739130434784,5.0392753623188415,2.0,0.11340399587280743,0.028543375539168026,0.12560386473429952,OK,59.2,OK,84.0,84.0,6,1,0.55,0.25,0.2,STRUCT+TIMING+AI+SECTOR,default,50,20260612,20260612,,61.8,61.8,61.8,46.38,-9.6,FRESH,0.351,,False,0.414,True,MATURE,9296.0,1.33,0.849,0.849,0.0,0.0,0.0,v22_calibrated,,,,,,,,True,1.7,,ELITE_SCORE,MATURE,9296,2.4.0,OK,,100.0,ATTACK,OK,OK,OK,OK,OK,OK,OK,0,7,True,True,True,,1,ORANGE,C_ORANGE,STRUCT < 90 + VWAP_GAP > 15% 강한 과열,0.0,AVOID,0,진입괴리 18.0% · RR 0.06 · VWAP 28↑,0,0,0,0,,0.0,이격도24>15,100.0,GREEN,,,0,False,0,BELOW_OFFICIAL_BAR,TOP_PICK=0,,5.0,IGNORE,IGNORE,FX_HIGH_REGIME,1,0,0,1,0,0,0,0,0,CLEAR,,,0,0,0,0,0.0,,,,,,,,,,REJECT_NO_VALIDATED_RULE,,,,,,True,True,True,True,True,True,True,True,0.0,0.0,0.0,0.0,0.0,0.0,0.0,0.0,0.0,1.0,False,False,False,0,True,19.0,1.0,,,0,0,0,,19.0,0,,False,0.0,0.0,False,,False,True,,0
335,103140,풍산,KOSPI,철강·금속,73900,234.21,20709.9,0.0,0.0,WAIT,WAIT,3,False,0,True,14.9,14.9,0.0,21.1,48.1,0.0,18.9,23.1,48.1,39.9,2.01,1.5,RR2.0 + 진입적정,0,72800.0,64500.0,92800.0,95300.0,,1.7,1.87,96629,-26.65,특이사항 없음,0,-16.9,30.1,-7.32,,,저점 이탈,추세 관망,CRITICAL,75.3,1차 비철금속 제조업,23421309350.0,35.3,38.79,0,0,5.72,2.21,-10.42,-18.61,-25.5,-27.05,-22.17,-71.88,,0.994,0.03,0,10.9,0,0,1.02,0.28,0,0,0,0,-1,79790.0,-23.52,0.3506,False,X,▼,67198,▼,O,X,1.72,250,0,-1,-1,1,119300.0,enter,100.0,NORMAL+PM_BLOCK_INTRADAY+EF:정상,11.4,5.0,2.4,normal,7.0,v1_sl_first_gap_at_open,NORMAL+PM_BLOCK_INTRADAY+EF:정상,SWING_20D,80,BB_UPPER,75,SWING_60D,60,0.0,1차 비철금속 제조업,-2.065555555555555,-22.175555555555558,15.0,0.05470713319157162,-0.02464105099206069,0.3559322033898305,OK,48.1,OK,32.5,32.5,2,0,0.55,0.25,0.2,STRUCT+TIMING+AI+SECTOR,default,50,20260612,20260612,,14.9,14.9,14.9,46.38,-9.6,FRESH,0.351,,False,0.3,True,MATURE,9296.0,2.41,0.849,0.849,0.0,0.0,0.0,v22_calibrated,,,,,,,,True,25.6,,ELITE_SCORE,MATURE,9296,2.4.0,OK,,100.0,ATTACK,OK,OK,OK,OK,OK,OK,OK,0,7,True,True,True,,0,GREEN,,,90.0,BUY,1,,0,0,0,0,,0.0,T=21<70,100.0,GREEN,,,0,False,0,ENTRY_READY_BUT_NOT_TOP_PICK,TOP_PICK=0,진입조건은 양호하나 공식 Top Pick 아님,45.0,ENTRY_CLEAN_OBSERVE,ENTRY_CLEAN_OBSERVE,FX_HIGH_REGIME,1,0,0,1,0,0,0,0,0,CLEAR,,,0,0,0,0,0.0,,,,,,,,,,REJECT_NO_VALIDATED_RULE,,,,,,True,False,True,True,False,True,True,True,0.0,0.0,0.0,0.0,20.0,0.0,0.0,0.0,20.0,0.5,False,True,False,4,False,0.0,0.0,G2RR×0.5 · G5추세붕괴4축,,0,0,0,,0.0,0,,False,0.0,0.0,False,,False,True,,0
336,298020,효성티앤씨,KOSPI,화학·소재,336500,86.47,14562.6,0.0,0.0,WAIT,WAIT,3,False,0,True,18.2,18.2,2.9,8.2,72.8,0.0,18.8,28.0,69.9,12.6,2.52,1.5,RR2.5 + 진입적정,0,331500.0,281500.0,475000.0,557000.0,,1.33,0.83,435285,-12.41,특이사항 없음,0,-14.33,33.6,-10.24,AI 강점,,저점 이탈,추세 관망,CRITICAL,75.3,화학섬유 제조업,8647057750.0,46.9,45.01,0,0,3.7,-1.17,-9.3,-24.97,0.9,45.99,-28.53,-45.48,,0.806,0.207,0,12.0,1,0,1.1,0.19,0,0,0,0,-1,408750.0,-22.69,0.4161,False,X,▼,313963,▼,O,X,3.54,250,0,-1,1,1,,enter,100.0,NORMAL+PM_BLOCK_INTRADAY+EF:정상,15.08,5.0,2.9,normal,7.0,v1_sl_first_gap_at_open,NORMAL+PM_BLOCK_INTRADAY+EF:정상,SWING_20D,80,SWING_60D,60,,0,0.0,화학섬유 제조업,6.03945945945946,-4.1432432432432424,8.0,0.0880917002759499,-0.10564823857942542,0.7692307692307693,OK,72.8,OK,25.412820541592673,25.412820541592673,4,1,0.55,0.25,0.2,STRUCT+TIMING+AI+SECTOR,default,50,20260612,20260612,,18.2,18.2,18.2,46.38,-9.6,FRESH,0.351,,False,0.3,True,MATURE,9296.0,2.87,0.849,0.849,0.0,0.0,0.0,v22_calibrated,,,,,,,,True,41.2,,ELITE_SCORE,MATURE,9296,2.4.0,OK,,100.0,ATTACK,OK,OK,OK,OK,OK,OK,OK,0,7,True,True,True,,0,GREEN,,,90.0,BUY,1,,0,0,0,0,,0.0,T=8<70,100.0,GREEN,,,0,False,0,ENTRY_READY_BUT_NOT_TOP_PICK,TOP_PICK=0,진입조건은 양호하나 공식 Top Pick 아님,50.0,ENTRY_CLEAN_OBSERVE,ENTRY_CLEAN_OBSERVE,FX_HIGH_REGIME,1,0,0,1,0,0,0,0,0,CLEAR,,,0,0,0,0,0.0,,,,,,,,,,REJECT_NO_VALIDATED_RULE,,,,,,True,False,True,True,False,True,True,True,0.0,0.0,0.0,0.0,20.0,0.0,0.0,0.0,20.0,0.5,False,True,False,4,False,0.0,0.0,G2RR×0.5 · G5추세붕괴4축,,0,0,0,,0.0,0,,False,0.0,0.0,False,,False,True,,0
337,005690,파미셀,KOSPI,기타,14690,130.08,8814.6,0.0,0.0,WAIT,WAIT,3,False,0,True,22.1,22.1,15.8,3.7,62.5,0.0,18.8,27.3,58.8,26.5,1.65,1.5,RR1.6 + 진입적정,0,14470.0,12290.0,18640.0,21150.0,,1.26,1.18,17341,-10.89,특이사항 없음,0,-17.45,43.9,-2.63,AI 강점,,저점 이탈,추세 관망,CRITICAL,75.3,기초 의약물질 제조업,13007508915.0,53.5,41.16,0,0,6.37,10.2,-4.36,-19.29,-8.93,-11.29,-22.85,-55.31,,0.784,0.237,0,12.0,0,0,1.27,0.41,0,0,0,0,-1,15769.0,-15.29,0.6051,False,X,▲,12788,▲,O,X,3.33,250,0,1,1,1,,enter,100.0,NORMAL+PM_BLOCK_INTRADAY+EF:정상,15.07,5.0,1.9,normal,7.0,v1_sl_first_gap_at_open,NORMAL+PM_BLOCK_INTRADAY+EF:정상,SWING_20D,80,SWING_60D,60,,0,0.0,기초 의약물질 제조업,2.1077380952380955,-2.2075,9.0,0.08232033453272392,-0.00984641266520205,0.5912408759124088,OK,62.5,OK,21.356209645639456,21.356209645639456,4,1,0.55,0.25,0.2,STRUCT+TIMING+AI+SECTOR,default,50,20260612,20260612,,22.1,22.1,22.1,46.38,-9.6,FRESH,0.351,,False,0.3,True,MATURE,9296.0,1.913,0.849,0.849,0.0,0.0,0.0,v22_calibrated,,,,,,,,True,26.9,,ELITE_SCORE,MATURE,9296,2.4.0,OK,,100.0,ATTACK,OK,OK,OK,OK,OK,OK,OK,0,7,True,True,True,,0,GREEN,,,100.0,BUY,1,,0,0,0,0,,0.0,T=4<70,100.0,GREEN,,,0,False,0,ENTRY_READY_BUT_NOT_TOP_PICK,TOP_PICK=0,진입조건은 양호하나 공식 Top Pick 아님,50.0,ENTRY_CLEAN_OBSERVE,ENTRY_CLEAN_OBSERVE,FX_HIGH_REGIME,1,0,0,1,0,0,0,0,0,CLEAR,,,0,0,0,0,0.0,,,,,,,,,,REJECT_NO_VALIDATED_RULE,,,,,,True,False,True,True,False,True,True,True,0.0,0.0,0.0,0.0,20.0,0.0,0.0,0.0,20.0,0.5,False,True,False,3,False,0.0,0.0,G2RR×0.5 · G5추세붕괴3축,,0,0,0,,0.0,0,,False,0.0,0.0,False,,False,True,,0
338,241770,메카로,KOSDAQ,반도체,46550,97.78,4744.7,0.0,0.0,WAIT,WAIT,3,False,0,True,61.1,61.1,46.6,97.3,55.7,0.0,18.8,66.5,50.7,36.6,0.1,14.9,,0,40500.0,34400.0,47800.0,53700.0,,1.96,3.99,37721,18.87,특이사항 없음,5,-3.72,65.8,20.69,TIMING 강점,AI 보조,5일 급등,추세 관망,CRITICAL,75.3,반도체 제조업,9778356450.0,76.9,25.32,1,0,16.52,18.15,18.3,14.66,51.63,105.07,27.22,61.23,,0.0,0.0,1,12.0,1,0,1.44,0.91,0,0,0,1,-1,46835.0,23.4,0.3924,False,O,▲,38648,▲,O,X,2.13,250,0,1,1,1,59400.0,hold,0.0,NORMAL+PM_BLOCK_INTRADAY+EF:당일 15%+ 급등 진입 보류+ENTRY:hold,15.06,6.0,1.2,normal,7.0,v1_sl_first_gap_at_open,NORMAL+PM_BLOCK_INTRADAY+EF:당일 15%+ 급등 진입 보류+ENTRY:hold,SWING_20D,80,ATR_3.5x,45,FIBO_1.618,25,0.0,반도체 제조업,7.3096000000000005,9.6216,1.0,0.080711984041737,0.019025541505210304,0.1592356687898089,OK,55.7,OK,61.4765088897411,61.4765088897411,6,1,0.55,0.25,0.2,STRUCT+TIMING+AI+SECTOR,default,50,20260612,20260612,,61.1,61.1,61.1,46.38,-9.6,FRESH,0.351,,False,0.409,True,MATURE,9296.0,1.197,0.849,0.849,0.0,0.0,0.0,v22_calibrated,,,,,,,,True,2.7,,ELITE_SCORE,MATURE,9296,2.4.0,OK,,100.0,ATTACK,OK,OK,OK,OK,OK,OK,OK,0,7,True,True,True,,1,ORANGE,C_ORANGE,STRUCT < 90 + VWAP_GAP > 15% 강한 과열,0.0,AVOID,0,진입괴리 14.9% · RR 0.10 · VWAP 23↑,0,0,0,0,,0.0,이격도21>15,100.0,GREEN,,,0,False,0,BELOW_OFFICIAL_BAR,TOP_PICK=0,,5.0,IGNORE,IGNORE,FX_HIGH_REGIME,1,0,0,1,0,0,0,0,0,CLEAR,,,0,0,0,0,0.0,,,,,,,,,,REJECT_NO_VALIDATED_RULE,,,,,,True,True,True,True,True,True,True,True,0.0,0.0,0.0,0.0,0.0,0.0,0.0,0.0,0.0,1.0,False,False,False,1,True,18.8,1.0,,,0,0,0,,18.8,0,,False,0.0,0.0,False,,False,True,,0
339,253590,네오셈,KOSDAQ,조선·기계·설비,13990,91.86,6137.3,0.0,0.0,WAIT,WAIT,3,False,0,True,21.6,21.6,9.3,0.0,82.2,0.0,18.7,30.5,82.2,0.0,1.63,1.5,RR1.6 + 진입적정,0,13780.0,11710.0,17700.0,18120.0,,0.18,0.89,17376,-22.77,특이사항 없음,0,-14.37,44.1,-3.06,AI 강점,,저점 이탈,추세 관망,CRITICAL,75.3,특수 목적용 기계 제조업,9185976775.0,42.7,37.4,0,0,6.55,3.94,-9.68,-11.01,-28.88,41.89,1.55,-19.28,,0.883,0.16,0,12.0,1,0,1.13,0.36,0,0,0,0,-1,16489.0,-19.49,0.3831,False,X,▲,12447,▼,O,X,5.71,250,0,1,1,1,21400.0,enter,100.0,NORMAL+PM_BLOCK_INTRADAY+EF:정상,15.02,5.0,1.9,normal,7.0,v1_sl_first_gap_at_open,NORMAL+PM_BLOCK_INTRADAY+EF:정상,SWING_20D,80,VP_RESISTANCE,65,SWING_60D,60,0.0,특수 목적용 기계 제조업,9.421739130434784,5.0392753623188415,2.0,0.10221586847748391,-0.014632676150102204,0.4188034188034188,OK,82.2,OK,6.563558682952533,6.563558682952533,4,1,0.55,0.25,0.2,STRUCT+TIMING+AI+SECTOR,default,50,20260612,20260612,,21.6,21.6,21.6,46.38,-9.6,FRESH,0.351,,False,0.3,True,MATURE,9296.0,1.894,0.849,0.849,0.0,0.0,0.0,v22_calibrated,,,,,,,,True,26.5,,ELITE_SCORE,MATURE,9296,2.4.0,OK,,100.0,ATTACK,OK,OK,OK,OK,OK,OK,OK,0,7,True,True,True,,0,GREEN,,,90.0,BUY,1,,0,0,0,0,,0.0,T=0<70,100.0,GREEN,,,0,False,0,ENTRY_READY_BUT_NOT_TOP_PICK,TOP_PICK=0,진입조건은 양호하나 공식 Top Pick 아님,50.0,ENTRY_CLEAN_OBSERVE,ENTRY_CLEAN_OBSERVE,FX_HIGH_REGIME,1,0,0,1,0,0,0,0,0,CLEAR,,,0,0,0,0,0.0,,,,,,,,,,REJECT_NO_VALIDATED_RULE,,,,,,True,False,True,True,False,True,True,True,0.0,0.0,0.0,0.0,20.0,0.0,0.0,0.0,20.0,0.3,False,True,False,4,False,0.0,0.0,G2RR×0.3 · G5추세붕괴4축,,0,0,0,,0.0,0,,False,0.0,0.0,False,,False,True,,0
340,005880,대한해운,KOSPI,기타,2025,87.85,6535.6,0.0,0.0,WAIT,WAIT,3,False,0,True,21.1,21.1,15.8,4.9,55.8,0.0,18.2,25.5,50.9,36.4,2.74,1.5,RR2.7 + 진입적정,0,1995.0,1810.0,2615.0,2750.0,,1.09,0.75,2606,-12.7,특이사항 없음,0,-18.16,28.2,-9.94,AI 강점,,저점 이탈,추세 관망,CRITICAL,75.3,해상 운송업,8785110568.0,37.0,44.4,0,0,4.06,-0.25,-12.9,-15.09,-19.48,6.41,-18.65,-65.86,,0.94,0.111,0,12.0,0,0,4.51,0.21,0,0,0,0,-1,2306.9,-22.31,0.362,False,X,▲,1842,▼,O,X,1.13,250,0,1,1,1,3385.0,enter,100.0,SWING+PM_BLOCK_INTRADAY+EF:정상,9.27,5.0,3.4,normal,7.0,v1_sl_first_gap_at_open,SWING+PM_BLOCK_INTRADAY+EF:정상,SWING_20D,80,BB_UPPER,75,SWING_60D,60,0.0,해상 운송업,2.1077380952380955,-2.2075,9.0,0.0652204585537919,-0.028963825753490977,0.41237113402061853,OK,55.8,OK,17.886295989597322,17.886295989597322,4,1,0.55,0.25,0.2,STRUCT+TIMING+AI+SECTOR,default,50,20260612,20260612,,21.1,21.1,21.1,46.38,-9.6,FRESH,0.351,,False,0.3,True,MATURE,9296.0,3.351,0.849,0.849,0.0,0.0,0.0,v22_calibrated,,,,,,,,True,29.1,,ELITE_SCORE,MATURE,9296,2.4.0,OK,,100.0,ATTACK,OK,OK,OK,OK,OK,OK,OK,0,7,True,True,True,,0,GREEN,,,90.0,BUY,1,,0,0,0,0,,0.0,T=5<70,100.0,GREEN,,,0,False,0,ENTRY_READY_BUT_NOT_TOP_PICK,TOP_PICK=0,진입조건은 양호하나 공식 Top Pick 아님,50.0,ENTRY_CLEAN_OBSERVE,ENTRY_CLEAN_OBSERVE,FX_HIGH_REGIME,1,0,0,1,0,0,0,0,0,CLEAR,,,0,0,0,0,0.0,,,,,,,,,,REJECT_NO_VALIDATED_RULE,,,,,,True,False,True,True,False,True,True,True,0.0,0.0,0.0,0.0,20.0,0.0,0.0,0.0,20.0,0.5,False,True,False,4,False,0.0,0.0,G2RR×0.5 · G5추세붕괴4축,,0,0,0,,0.0,0,,False,0.0,0.0,False,,False,True,,0
341,281740,레이크머티리얼즈,KOSDAQ,화학·소재,16490,147.49,10839.0,0.0,0.0,WAIT,WAIT,3,False,0,True,18.9,18.9,5.3,4.0,75.1,0.0,18.2,28.1,71.1,11.1,2.05,1.5,RR2.0 + 진입적정,0,16240.0,13800.0,22000.0,25500.0,,1.32,1.45,21230,-30.73,특이사항 없음,0,-15.99,37.7,-8.21,AI 강점,,저점 이탈,추세 관망,CRITICAL,75.3,기타 화학제품 제조업,14748753315.0,37.5,38.85,0,0,5.03,0.55,-13.62,-18.77,-15.44,6.94,-6.21,-5.84,,0.861,0.026,0,12.0,1,0,1.51,0.24,0,0,0,0,-1,19089.0,-22.33,0.2816,False,X,▼,15192,▼,O,X,2.87,250,0,-1,1,1,28700.0,enter,100.0,NORMAL+PM_BLOCK_INTRADAY+EF:정상,15.02,5.0,2.4,normal,7.0,v1_sl_first_gap_at_open,NORMAL+PM_BLOCK_INTRADAY+EF:정상,SWING_20D,80,SWING_60D,60,SWING_120D,45,0.0,기타 화학제품 제조업,6.03945945945946,-4.1432432432432424,8.0,0.08665424932859742,-0.03804781964585414,0.6653992395437263,OK,75.1,OK,17.062879765584455,17.062879765584455,4,1,0.55,0.25,0.2,STRUCT+TIMING+AI+SECTOR,default,50,20260612,20260612,,18.9,18.9,18.9,46.38,-9.6,FRESH,0.351,,False,0.3,True,MATURE,9296.0,2.361,0.849,0.849,0.0,0.0,0.0,v22_calibrated,,,,,,,,True,33.4,,ELITE_SCORE,MATURE,9296,2.4.0,OK,,100.0,ATTACK,OK,OK,OK,OK,OK,OK,OK,0,7,True,True,True,,0,GREEN,,,80.0,BUY,1,,0,0,0,0,,0.0,T=4<70,100.0,GREEN,,,0,False,0,ENTRY_READY_BUT_NOT_TOP_PICK,TOP_PICK=0,진입조건은 양호하나 공식 Top Pick 아님,50.0,ENTRY_CLEAN_OBSERVE,ENTRY_CLEAN_OBSERVE,FX_HIGH_REGIME,1,0,0,1,0,0,0,0,0,CLEAR,,,0,0,0,0,0.0,,,,,,,,,,REJECT_NO_VALIDATED_RULE,,,,,,True,False,True,True,False,True,True,True,0.0,0.0,0.0,0.0,20.0,0.0,0.0,0.0,20.0,0.5,False,True,False,4,False,0.0,0.0,G2RR×0.5 · G5추세붕괴4축,,0,0,0,,0.0,0,,False,0.0,0.0,False,,False,True,,0
342,383220,F&F,KOSPI,유통·소비재,85900,155.96,32905.8,0.0,0.0,WAIT,WAIT,3,False,0,True,60.2,60.2,51.2,97.8,38.0,0.0,17.6,62.3,59.8,25.2,0.26,1.5,진입적정,0,84600.0,74100.0,89000.0,103900.0,,2.34,1.55,72611,18.69,특이사항 없음,0,-3.1,64.0,11.88,TIMING 강점,STRUCT 보조,5일 급등,추세 관망,CRITICAL,75.3,봉제의복 제조업,15596445000.0,57.0,25.21,0,0,3.25,16.55,17.35,4.63,39.22,18.48,1.07,-7.16,,0.0,0.0,1,12.0,0,0,1.62,0.85,0,0,0,1,1,66470.0,18.3,0.5889,False,O,▲,75899,▲,O,X,-0.96,250,0,1,1,1,107300.0,enter,100.0,NORMAL+PM_BLOCK_INTRADAY+EF:정상,12.41,5.0,0.4,normal,7.0,v1_sl_first_gap_at_open,NORMAL+PM_BLOCK_INTRADAY+EF:정상,SWING_20D,80,ATR_3.5x,45,FIBO_1.618,25,0.0,봉제의복 제조업,5.0564285714285715,-0.5635714285714287,6.0,0.0639447862963579,0.04194826362457008,0.25396825396825395,OK,38.0,OK,70.0,70.0,6,1,0.55,0.25,0.2,STRUCT+TIMING+AI+SECTOR,default,50,20260612,20260612,,60.2,60.2,60.2,46.38,-9.6,FRESH,0.351,,False,0.402,True,MATURE,9296.0,0.419,0.849,0.419,0.0,0.0,0.0,v22_calibrated,,,,,,,,True,3.6,,ELITE_SCORE,MATURE,9296,2.4.0,OK,,100.0,ATTACK,OK,OK,OK,OK,OK,OK,OK,0,7,True,True,True,,1,ORANGE,C_ORANGE,STRUCT < 90 + VWAP_GAP > 15% 강한 과열,0.0,AVOID,0,RR 0.26,0,0,0,0,CHAMPION,90.0,S=51≥50,100.0,GREEN,,,0,False,0,BELOW_OFFICIAL_BAR,TOP_PICK=0,,5.0,IGNORE,IGNORE,FX_HIGH_REGIME,1,0,0,1,0,0,0,0,0,CLEAR,,,0,0,0,0,0.0,,,,,,,,,,REJECT_NO_VALIDATED_RULE,,,,,,True,True,True,True,True,True,True,True,0.0,0.0,0.0,0.0,0.0,0.0,0.0,0.0,0.0,1.0,False,False,False,0,True,17.6,1.0,,,0,0,0,,17.6,0,,False,0.0,0.0,False,,False,True,,0
343,024110,기업은행,KOSPI,금융,21800,601.25,173838.8,0.0,,WAIT,WAIT,3,False,0,True,55.8,55.8,41.3,92.5,49.8,0.0,17.4,61.2,51.2,36.0,0.31,1.6,진입적정,0,21450.0,20000.0,22350.0,24350.0,,1.84,1.58,21679,5.39,특이사항 없음,5,-1.1,67.1,5.53,TIMING 강점,,,스퀴즈/품질 대기,CRITICAL,75.3,은행 및 저축기관,60124617050.0,40.7,7.97,1,1,4.06,5.57,6.6,4.81,-4.6,5.57,1.25,-50.98,,0.505,0.311,1,6.7,1,0,0.88,0.79,0,0,0,1,1,19275.0,0.56,0.1627,False,X,▲,20706,▲,O,X,0.95,250,0,1,1,1,29550.0,enter,100.0,NORMAL+PM_BLOCK_INTRADAY+EF:정상,6.76,4.0,0.6,normal,7.0,v1_sl_first_gap_at_open,NORMAL+PM_BLOCK_INTRADAY+EF:정상,SWING_20D,80,SWING_60D,60,SWING_120D,45,0.0,은행 및 저축기관,1.90825,-1.16975,7.0,0.03358453473132372,-0.08305310981651463,0.4074074074074074,OK,49.8,OK,69.72323385110494,69.72323385110494,4,1,0.55,0.25,0.2,STRUCT+TIMING+AI+SECTOR,default,50,20260612,20260612,,55.8,55.8,55.8,46.38,-9.6,FRESH,0.351,elite_low_wr_0.35,True,0.366,True,MATURE,9296.0,0.621,0.849,0.621,0.0,0.0,,v22_calibrated,,,,,,,,True,2.5,,ELITE_SCORE,MATURE,9296,2.4.0,OK,,100.0,ATTACK,OK,OK,OK,OK,OK,OK,OK,0,7,True,True,True,,0,GREEN,,,0.0,AVOID,0,RR 0.31,0,0,0,1,CHAMPION,90.0,T=92·S=41 · RR=0.31<0.5,100.0,GREEN,,,0,False,0,BELOW_OFFICIAL_BAR,TOP_PICK=0,,5.0,IGNORE,IGNORE,FX_HIGH_REGIME,1,0,0,1,0,0,0,0,0,CLEAR,,,0,0,0,0,0.0,,,,,,,,,,REJECT_NO_VALIDATED_RULE,,,,,,True,True,True,True,True,True,True,True,0.0,0.0,0.0,0.0,0.0,0.0,0.0,0.0,0.0,1.0,False,False,False,0,True,17.4,1.0,,,0,0,0,,17.4,0,,False,0.0,0.0,False,,False,True,,0
344,006340,대원전선,KOSPI,기타,10470,410.27,8210.0,0.0,0.0,WAIT,WAIT,3,False,0,True,14.6,14.6,0.0,13.3,56.6,0.0,17.3,23.3,56.6,29.2,3.89,1.6,RR3.9 + 진입적정,0,10310.0,8760.0,17120.0,20300.0,,-0.18,0.69,10750,56.17,특이사항 없음,0,-22.14,14.1,-15.82,AI 강점,,MFI 약세,추세 관망,CRITICAL,75.3,절연선 및 케이블 제조업,41026753625.0,9.8,64.18,0,0,4.7,-0.38,-15.29,-28.43,80.52,196.18,-31.99,34.14,,0.234,0.01,1,12.0,0,0,4.86,0.15,0,0,0,0,-1,12455.5,-2.61,0.6445,False,O,▲,9358,▼,O,X,4.5,250,0,1,1,1,24550.0,enter,100.0,NORMAL+PM_BLOCK_INTRADAY+EF:정상,15.03,5.0,4.4,normal,7.0,v1_sl_first_gap_at_open,NORMAL+PM_BLOCK_INTRADAY+EF:정상,SWING_20D,80,SWING_60D,60,FIBO_1.272,40,0.0,절연선 및 케이블 제조업,2.1077380952380955,-2.2075,9.0,0.0918610997407559,-0.00894908371598728,0.5076923076923077,OK,56.6,OK,10.486924055689393,10.486924055689393,4,1,0.55,0.25,0.2,STRUCT+TIMING+AI+SECTOR,default,50,20260612,20260612,,14.6,14.6,14.6,46.38,-9.6,FRESH,0.351,,False,0.3,True,MATURE,9296.0,4.394,0.849,0.849,0.0,0.0,0.0,v22_calibrated,,,,,,,,True,63.5,,ELITE_SCORE,MATURE,9296,2.4.0,OK,,100.0,ATTACK,OK,OK,OK,OK,OK,OK,OK,0,7,True,True,True,,0,GREEN,,,70.0,BUY,1,POC 56↑,0,0,0,0,,0.0,T=13<70,100.0,GREEN,,,0,False,0,BELOW_OFFICIAL_BAR,TOP_PICK=0,,35.0,IGNORE,IGNORE,FX_HIGH_REGIME,1,0,0,1,0,0,0,0,0,CLEAR,,,0,0,0,0,0.0,,,,,,,,,,REJECT_NO_VALIDATED_RULE,,,,,,True,False,True,True,False,True,False,True,0.0,0.0,0.0,0.0,20.0,0.0,15.0,0.0,35.0,0.5,False,True,False,3,False,0.0,0.0,G2RR×0.5 · G5추세붕괴3축 · G7윗꼬리약세-15,,0,0,0,,0.0,0,,False,0.0,0.0,False,,False,True,,0
345,010690,화신,KOSPI,자동차·모빌리티,10330,65.84,3607.3,0.0,0.0,WAIT,WAIT,3,False,0,True,19.1,19.1,18.4,10.4,31.7,0.0,17.2,20.2,21.3,73.4,3.49,1.5,RR3.5 + 진입적정,0,10180.0,8640.0,16220.0,17040.0,,-0.26,0.67,12304,-6.77,특이사항 없음,0,-15.36,38.5,-8.68,거래품질 우수,,저점 이탈,추세 관망,CRITICAL,75.3,자동차 신품 부품 제조업,6584263085.0,45.5,47.27,0,0,3.61,10.36,-8.58,-33.57,-19.98,18.46,-37.13,-66.36,,0.721,0.315,0,12.0,0,0,2.06,0.17,0,0,0,0,-1,12176.0,-16.05,0.2817,False,X,▲,9762,▲,O,X,2.91,250,0,1,1,1,,enter,100.0,NORMAL+PM_BLOCK_INTRADAY+EF:정상,15.13,6.0,3.9,normal,7.0,v1_sl_first_gap_at_open,NORMAL+PM_BLOCK_INTRADAY+EF:정상,SWING_20D,80,RR_LEGACY,35,,0,0.0,자동차 신품 부품 제조업,9.936315789473685,2.4005263157894725,3.0,0.11499101092518324,0.04354705524103756,0.6428571428571429,OK,31.7,OK,20.124246917628007,20.124246917628007,4,1,0.55,0.25,0.2,STRUCT+TIMING+AI+SECTOR,default,50,20260612,20260612,,19.1,19.1,19.1,46.38,-9.6,FRESH,0.351,,False,0.3,True,MATURE,9296.0,3.922,0.849,0.849,0.0,0.0,0.0,v22_calibrated,,,,,,,,True,57.0,,ELITE_SCORE,MATURE,9296,2.4.0,OK,,100.0,ATTACK,OK,OK,OK,OK,OK,OK,OK,0,7,True,True,True,,0,GREEN,,,90.0,BUY,1,,0,0,0,0,,0.0,T=10<70,100.0,GREEN,,,0,False,0,ENTRY_READY_BUT_NOT_TOP_PICK,TOP_PICK=0,진입조건은 양호하나 공식 Top Pick 아님,50.0,ENTRY_CLEAN_OBSERVE,ENTRY_CLEAN_OBSERVE,FX_HIGH_REGIME,1,0,0,1,0,0,0,0,0,CLEAR,,,0,0,0,0,0.0,,,,,,,,,,REJECT_NO_VALIDATED_RULE,,,,,,True,False,True,True,False,True,False,True,0.0,0.0,0.0,0.0,20.0,0.0,15.0,0.0,35.0,0.5,False,True,False,3,False,0.0,0.0,G2RR×0.5 · G5추세붕괴3축 · G7윗꼬리약세-15,,0,0,0,,0.0,0,,False,0.0,0.0,False,,False,True,,0
346,457190,이수스페셜티케미컬,KOSPI,화학·소재,83300,152.2,25172.3,0.0,0.0,WAIT,WAIT,3,False,0,True,17.7,17.7,1.6,0.0,83.9,0.0,17.2,28.5,83.9,0.0,2.1,1.5,RR2.1 + 진입적정,0,82100.0,69700.0,111900.0,131800.0,,1.57,0.82,105748,-18.79,특이사항 없음,0,-18.17,35.7,-9.63,AI 강점,,저점 이탈,추세 관망,CRITICAL,75.3,기초 화학물질 제조업,15220029750.0,31.3,38.82,0,0,5.18,-2.57,-15.77,-21.78,-6.93,30.36,-25.34,-53.31,,0.813,0.179,0,12.0,1,0,1.38,0.26,0,0,0,0,-1,95200.0,-21.23,0.2434,False,X,▼,78305,▼,O,X,4.29,250,0,-1,1,1,,enter,100.0,NORMAL+PM_BLOCK_INTRADAY+EF:정상,15.1,5.0,2.4,normal,7.0,v1_sl_first_gap_at_open,NORMAL+PM_BLOCK_INTRADAY+EF:정상,SWING_20D,80,SWING_60D,60,,0,0.0,기초 화학물질 제조업,6.03945945945946,-4.1432432432432424,8.0,0.07991768135825758,-0.008831820649259171,0.6086956521739131,OK,83.9,OK,12.451617815766676,12.451617815766676,4,1,0.55,0.25,0.2,STRUCT+TIMING+AI+SECTOR,default,50,20260612,20260612,,17.7,17.7,17.7,46.38,-9.6,FRESH,0.351,,False,0.3,True,MATURE,9296.0,2.403,0.849,0.849,0.0,0.0,0.0,v22_calibrated,,,,,,,,True,34.3,,ELITE_SCORE,MATURE,9296,2.4.0,OK,,100.0,ATTACK,OK,OK,OK,OK,OK,OK,OK,0,7,True,True,True,,0,GREEN,,,90.0,BUY,1,,0,0,0,0,,0.0,T=0<70,100.0,GREEN,,,0,False,0,ENTRY_READY_BUT_NOT_TOP_PICK,TOP_PICK=0,진입조건은 양호하나 공식 Top Pick 아님,50.0,ENTRY_CLEAN_OBSERVE,ENTRY_CLEAN_OBSERVE,FX_HIGH_REGIME,1,0,0,1,0,0,0,0,0,CLEAR,,,0,0,0,0,0.0,,,,,,,,,,REJECT_NO_VALIDATED_RULE,,,,,,True,False,True,True,False,True,True,True,0.0,0.0,0.0,0.0,20.0,0.0,0.0,0.0,20.0,0.3,False,True,False,4,False,0.0,0.0,G2RR×0.3 · G5추세붕괴4축,,0,0,0,,0.0,0,,False,0.0,0.0,False,,False,True,,0
347,028050,삼성E&A,KOSPI,서비스 기타,47600,1232.7,93296.0,0.0,0.0,WAIT,WAIT,3,False,0,True,19.1,19.1,19.6,11.6,27.3,0.0,17.2,19.5,15.7,80.4,1.3,1.5,밸런스우수 + RR1.3 + 진입적정,0,46900.0,39850.0,57700.0,67300.0,,0.19,1.36,48721,-8.55,특이사항 없음,0,-6.54,42.5,-4.28,,,저점 이탈,추세 관망,CRITICAL,75.3,"건축기술, 엔지니어링 및 관련 기술 서비스업",123269688150.0,53.7,22.86,0,0,4.5,-1.55,-6.3,-10.19,51.83,92.32,-13.75,5.45,,0.484,0.363,0,12.0,1,0,1.67,0.32,0,0,0,0,-1,54060.0,-2.3,0.1736,False,O,▲,46038,▼,O,X,14.16,250,0,1,1,1,77200.0,hold,0.0,NORMAL+PM_BLOCK_INTRADAY+EF:갭 12%+ 진입 보류+ENTRY:hold,15.03,4.0,1.5,normal,7.0,v1_sl_first_gap_at_open,NORMAL+PM_BLOCK_INTRADAY+EF:갭 12%+ 진입 보류+ENTRY:hold,SWING_20D,80,SWING_60D,60,FIBO_1.272,40,0.0,"건축기술, 엔지니어링 및 관련 기술 서비스업",1.6329629629629632,-10.275925925925925,12.0,0.07330432172869147,-0.014413847421718723,0.020833333333333332,OK,27.3,OK,37.483809510445624,37.483809510445624,4,1,0.55,0.25,0.2,STRUCT+TIMING+AI+SECTOR,default,50,20260612,20260612,,19.1,19.1,19.1,46.38,-9.6,FRESH,0.351,,False,0.3,True,MATURE,9296.0,1.532,0.849,0.849,0.0,0.0,0.0,v22_calibrated,,,,,,,,True,21.2,,ELITE_SCORE,MATURE,9296,2.4.0,OK,,100.0,ATTACK,OK,OK,OK,OK,OK,OK,OK,0,7,True,True,True,,0,GREEN,,,90.0,BUY,1,,0,0,0,0,,0.0,T=12<70,100.0,GREEN,,,0,False,0,ENTRY_READY_BUT_NOT_TOP_PICK,TOP_PICK=0,진입조건은 양호하나 공식 Top Pick 아님,50.0,ENTRY_CLEAN_OBSERVE,ENTRY_CLEAN_OBSERVE,FX_HIGH_REGIME,1,0,0,1,0,0,0,0,0,CLEAR,,,0,0,0,0,0.0,,,,,,,,,,REJECT_NO_VALIDATED_RULE,,,,,,True,False,True,True,False,True,True,True,0.0,0.0,0.0,0.0,20.0,0.0,0.0,0.0,20.0,0.5,False,True,False,4,False,0.0,0.0,G2RR×0.5 · G5추세붕괴4축,,0,0,0,,0.0,0,,False,0.0,0.0,False,,False,True,,0
348,108320,LX세미콘,KOSPI,반도체,50200,145.53,8164.7,0.0,0.0,WAIT,WAIT,3,False,0,True,12.9,12.9,0.0,20.6,38.6,0.0,17.1,19.7,38.6,51.8,2.95,1.5,RR3.0 + 진입적정,0,49450.0,45350.0,64500.0,67300.0,,-0.77,1.91,56927,-2.09,특이사항 없음,0,-7.33,40.2,-7.5,,,저점 이탈,추세 관망,CRITICAL,75.3,반도체 제조업,14553152050.0,45.5,34.95,0,0,3.19,-3.28,-7.04,-19.42,0.0,-5.99,-22.98,-46.38,,0.909,0.604,0,12.0,1,0,0.85,0.19,0,0,0,0,-1,59510.0,-11.82,0.1713,False,X,▼,47871,▼,O,X,3.8,250,0,-1,1,1,,enter,100.0,SWING+PM_BLOCK_INTRADAY+EF:정상,8.29,5.0,3.7,normal,7.0,v1_sl_first_gap_at_open,SWING+PM_BLOCK_INTRADAY+EF:정상,SWING_20D,80,SWING_60D,60,,0,0.0,반도체 제조업,7.3096000000000005,9.6216,1.0,0.08259817871371657,-0.21391109786939827,0.42857142857142855,OK,38.6,OK,29.303691719735248,29.303691719735248,2,0,0.55,0.25,0.2,STRUCT+TIMING+AI+SECTOR,default,50,20260612,20260612,,12.9,12.9,12.9,46.38,-9.6,FRESH,0.351,,False,0.3,True,MATURE,9296.0,3.671,0.849,0.849,0.0,0.0,0.0,v22_calibrated,,,,,,,,True,28.5,,ELITE_SCORE,MATURE,9296,2.4.0,OK,,100.0,ATTACK,OK,OK,OK,OK,OK,OK,OK,0,7,True,True,True,,0,GREEN,,,90.0,BUY,1,,0,0,0,0,,0.0,T=21<70,100.0,GREEN,,,0,False,0,ENTRY_READY_BUT_NOT_TOP_PICK,TOP_PICK=0,진입조건은 양호하나 공식 Top Pick 아님,45.0,ENTRY_CLEAN_OBSERVE,ENTRY_CLEAN_OBSERVE,FX_HIGH_REGIME,1,0,0,1,0,0,0,0,0,CLEAR,,,0,0,0,0,0.0,,,,,,,,,,REJECT_NO_VALIDATED_RULE,,,,,,True,False,True,True,False,True,True,True,0.0,0.0,0.0,0.0,20.0,0.0,0.0,0.0,20.0,0.5,False,True,False,4,False,0.0,0.0,G2RR×0.5 · G5추세붕괴4축,,0,0,0,,0.0,0,,False,0.0,0.0,False,,False,True,,0
349,060370,LS마린솔루션,KOSDAQ,기타,30300,60.07,15828.4,0.0,0.0,WAIT,WAIT,3,False,0,True,19.5,19.5,10.6,0.0,68.6,0.0,16.8,26.4,68.6,14.2,2.1,1.5,RR2.1 + 진입적정,0,29850.0,25350.0,40700.0,51600.0,,0.57,0.76,37392,-12.32,특이사항 없음,0,-14.4,40.2,-8.36,AI 강점,,저점 이탈,추세 관망,CRITICAL,75.3,전기 및 통신 공사업,6006782400.0,42.7,36.94,0,0,4.3,-0.33,-9.01,-22.41,-3.96,3.06,-9.85,5.64,,0.74,0.349,0,12.0,1,0,1.4,0.22,0,0,0,0,-1,35580.0,-18.97,0.3556,False,X,▲,28492,▼,O,X,5.68,250,0,1,1,1,58300.0,enter,100.0,NORMAL+PM_BLOCK_INTRADAY+EF:정상,15.08,5.0,2.4,normal,7.0,v1_sl_first_gap_at_open,NORMAL+PM_BLOCK_INTRADAY+EF:정상,SWING_20D,80,SWING_60D,60,FIBO_1.272,40,0.0,전기 및 통신 공사업,2.1077380952380955,-2.2075,9.0,0.08663366336633663,-0.007487138399791203,0.38235294117647056,OK,68.6,OK,14.424952750927954,14.424952750927954,4,1,0.55,0.25,0.2,STRUCT+TIMING+AI+SECTOR,default,50,20260612,20260612,,19.5,19.5,19.5,46.38,-9.6,FRESH,0.351,,False,0.3,True,MATURE,9296.0,2.411,0.849,0.849,0.0,0.0,0.0,v22_calibrated,,,,,,,,True,34.3,,ELITE_SCORE,MATURE,9296,2.4.0,OK,,100.0,ATTACK,OK,OK,OK,OK,OK,OK,OK,0,7,True,True,True,,0,GREEN,,,90.0,BUY,1,,0,0,0,0,,0.0,T=0<70,100.0,GREEN,,,0,False,0,ENTRY_READY_BUT_NOT_TOP_PICK,TOP_PICK=0,진입조건은 양호하나 공식 Top Pick 아님,50.0,ENTRY_CLEAN_OBSERVE,ENTRY_CLEAN_OBSERVE,FX_HIGH_REGIME,1,0,0,1,0,0,0,0,0,CLEAR,,,0,0,0,0,0.0,,,,,,,,,,REJECT_NO_VALIDATED_RULE,,,,,,True,False,True,True,False,True,True,True,0.0,0.0,0.0,0.0,20.0,0.0,0.0,0.0,20.0,0.3,False,True,False,4,False,0.0,0.0,G2RR×0.3 · G5추세붕괴4축,,0,0,0,,0.0,0,,False,0.0,0.0,False,,False,True,,0
350,018880,한온시스템,KOSPI,조선·기계·설비,4700,1070.86,48234.3,0.0,0.0,WAIT,WAIT,3,False,0,True,23.4,23.4,27.3,0.0,42.0,0.0,16.7,23.1,42.0,47.5,1.52,2.7,RR1.5,0,4575.0,3885.0,5940.0,6260.0,,0.89,0.85,4896,-0.33,특이사항 없음,0,-4.58,47.9,-2.78,,,,추세 관망,CRITICAL,75.3,일반 목적용 기계 제조업,107085685902.0,67.6,31.9,0,0,11.11,0.11,-7.84,-6.75,17.5,27.37,-10.31,-28.88,,0.479,0.467,0,12.0,0,0,1.85,0.34,0,0,0,0,1,4178.0,-4.01,-0.0279,False,O,▲,4417,▼,O,X,5.2,250,0,1,1,1,6570.0,split,50.0,NORMAL+PM_BLOCK_INTRADAY+EF:당일 10%+ 급등 분할 진입+ENTRY:split,15.08,5.0,2.0,normal,7.0,v1_sl_first_gap_at_open,NORMAL+PM_BLOCK_INTRADAY+EF:당일 10%+ 급등 분할 진입+ENTRY:split,SWING_20D,80,ATR_3.5x,45,FIBO_1.272,40,0.0,일반 목적용 기계 제조업,9.421739130434784,5.0392753623188415,2.0,0.1020516717325228,0.036559444118315326,0.375,OK,42.0,OK,6.837569436294973,6.837569436294973,4,1,0.55,0.25,0.2,STRUCT+TIMING+AI+SECTOR,default,50,20260612,20260612,,23.4,23.4,23.4,46.38,-9.6,FRESH,0.351,,False,0.3,True,MATURE,9296.0,1.978,0.849,0.849,0.0,0.0,0.0,v22_calibrated,,,,,,,,True,26.4,,ELITE_SCORE,MATURE,9296,2.4.0,OK,,100.0,ATTACK,OK,OK,OK,OK,OK,OK,OK,0,7,True,True,True,,0,GREEN,,,90.0,BUY,1,,0,0,0,0,,0.0,T=0<70 · 전일+11%,100.0,GREEN,,,0,False,0,ENTRY_READY_BUT_NOT_TOP_PICK,TOP_PICK=0,진입조건은 양호하나 공식 Top Pick 아님,50.0,ENTRY_CLEAN_OBSERVE,ENTRY_CLEAN_OBSERVE,FX_HIGH_REGIME,1,0,0,1,0,0,0,0,0,CLEAR,,,0,0,0,0,0.0,,,,,,,,,,REJECT_NO_VALIDATED_RULE,,,,,,True,False,True,True,False,True,True,True,0.0,0.0,0.0,0.0,20.0,0.0,0.0,0.0,20.0,0.3,False,True,False,4,False,0.0,0.0,G2RR×0.3 · G5추세붕괴4축,,0,0,0,,0.0,0,,False,0.0,0.0,False,,False,True,,0
351,052690,한전기술,KOSPI,서비스 기타,151300,390.62,57826.9,0.0,0.0,WAIT,WAIT,3,False,0,True,55.2,55.2,41.1,64.8,81.8,0.0,16.7,62.6,40.7,49.1,0.25,10.5,,0,136900.0,116300.0,160000.0,198000.0,,3.18,1.68,165156,1.96,특이사항 없음,0,-17.33,55.2,11.66,AI 강점,TIMING 보조,5일 급등,추세 관망,CRITICAL,75.3,"건축기술, 엔지니어링 및 관련 기술 서비스업",39061764350.0,41.5,34.71,0,0,29.98,18.85,11.5,-3.01,-12.24,49.36,-6.57,-58.62,,0.375,0.218,1,12.0,1,0,1.28,0.83,0,0,0,1,1,101150.0,-8.39,0.4444,False,X,▲,119226,▲,O,X,5.24,250,1,1,1,1,,hold,0.0,NORMAL+PM_BLOCK_INTRADAY+EF:당일 15%+ 급등 진입 보류+ENTRY:hold,15.05,4.0,1.1,normal,7.0,v1_sl_first_gap_at_open,NORMAL+PM_BLOCK_INTRADAY+EF:당일 15%+ 급등 진입 보류+ENTRY:hold,SWING_20D,80,SWING_60D,60,,0,0.0,"건축기술, 엔지니어링 및 관련 기술 서비스업",1.6329629629629632,-10.275925925925925,12.0,0.06972901520158625,-0.009920372795982003,0.0,OK,81.8,OK,62.83397004384422,62.83397004384422,6,1,0.55,0.25,0.2,STRUCT+TIMING+AI+SECTOR,default,50,20260612,20260612,,55.2,55.2,55.2,46.38,-9.6,FRESH,0.351,,False,0.362,True,MATURE,9296.0,1.121,0.849,0.849,0.0,0.0,0.0,v22_calibrated,,,,,,,,True,5.8,,ELITE_SCORE,MATURE,9296,2.4.0,OK,,100.0,ATTACK,OK,OK,OK,OK,OK,OK,OK,0,7,True,True,True,,0,GREEN,,,0.0,AVOID,0,진입괴리 10.5% · RR 0.25,0,0,0,0,,0.0,T=65<70 · 전일+30%,100.0,GREEN,,,0,False,0,BELOW_OFFICIAL_BAR,TOP_PICK=0,,5.0,IGNORE,IGNORE,FX_HIGH_REGIME,1,0,0,1,0,0,0,0,0,CLEAR,,,0,0,0,0,0.0,,,,,,,,,,REJECT_NO_VALIDATED_RULE,,,,,,True,True,True,True,True,True,True,True,0.0,0.0,0.0,0.0,0.0,0.0,0.0,0.0,0.0,1.0,False,False,False,0,True,16.7,1.0,,,0,0,0,,16.7,0,,False,0.0,0.0,False,,False,True,,0
352,138080,오이솔루션,KOSDAQ,IT/전기전자,32600,165.94,4035.1,0.0,0.0,WAIT,WAIT,3,False,0,True,19.2,19.2,10.5,0.0,67.2,0.0,16.6,25.9,67.2,16.0,3.59,1.6,RR3.6 + 진입적정,0,32100.0,27250.0,51800.0,57900.0,,0.34,0.8,41986,-19.72,특이사항 없음,0,-15.89,41.3,-10.09,AI 강점,,저점 이탈,추세 관망,CRITICAL,75.3,통신 및 방송 장비 제조업,16593966425.0,46.4,46.44,0,0,6.54,-5.51,-6.19,-33.47,-4.54,131.37,-20.91,5.06,,0.689,0.18,0,12.0,1,0,1.31,0.2,0,0,0,0,-1,42587.5,-22.36,0.1238,False,X,▲,30850,▼,O,X,4.41,250,0,1,1,1,,enter,100.0,NORMAL+PM_BLOCK_INTRADAY+EF:정상,15.11,6.0,4.1,normal,7.0,v1_sl_first_gap_at_open,NORMAL+PM_BLOCK_INTRADAY+EF:정상,SWING_20D,80,SWING_60D,60,,0,0.0,통신 및 방송 장비 제조업,0.10229729729729745,3.253243243243243,5.0,0.1355718667835232,0.021793338857624005,0.5280898876404494,OK,67.2,OK,4.5,4.5,4,1,0.55,0.25,0.2,STRUCT+TIMING+AI+SECTOR,default,50,20260612,20260612,,19.2,19.2,19.2,46.38,-9.6,FRESH,0.351,,False,0.3,True,MATURE,9296.0,4.062,0.849,0.849,0.0,0.0,0.0,v22_calibrated,,,,,,,,True,58.9,,ELITE_SCORE,MATURE,9296,2.4.0,OK,,100.0,ATTACK,OK,OK,OK,OK,OK,OK,OK,0,7,True,True,True,,0,GREEN,,,90.0,BUY,1,,0,0,0,0,,0.0,T=0<70,100.0,GREEN,,,0,False,0,ENTRY_READY_BUT_NOT_TOP_PICK,TOP_PICK=0,진입조건은 양호하나 공식 Top Pick 아님,50.0,ENTRY_CLEAN_OBSERVE,ENTRY_CLEAN_OBSERVE,FX_HIGH_REGIME,1,0,0,1,0,0,0,0,0,CLEAR,,,0,0,0,0,0.0,,,,,,,,,,REJECT_NO_VALIDATED_RULE,,,,,,True,False,True,True,False,True,True,True,0.0,0.0,0.0,0.0,20.0,0.0,0.0,0.0,20.0,0.3,False,True,False,4,False,0.0,0.0,G2RR×0.3 · G5추세붕괴4축,,0,0,0,,0.0,0,,False,0.0,0.0,False,,False,True,,0
353,035720,카카오,KOSPI,서비스 기타,41500,1712.44,183332.3,0.0,0.0,WAIT,WAIT,3,False,0,True,18.3,18.3,18.7,11.4,25.6,0.0,16.5,18.6,14.2,82.2,1.2,1.5,밸런스우수 + RR1.2 + 진입적정,0,40900.0,35650.0,48500.0,58300.0,,1.08,1.37,44752,-28.79,특이사항 없음,1,-5.19,48.9,0.44,,,저점 이탈,추세 관망,CRITICAL,75.3,"자료처리, 호스팅, 포털 및 기타 인터넷 정보매개 서비스업",171244247750.0,62.7,17.81,1,0,5.6,3.11,3.49,-3.38,-17.33,-29.9,-6.94,-63.71,,0.963,0.205,0,12.0,1,0,0.81,0.42,11662,18219,29881,1,-1,46380.0,-7.27,0.0555,False,X,▼,39493,▼,O,X,5.22,250,0,-1,-1,1,64500.0,enter,100.0,NORMAL+PM_BLOCK_INTRADAY+EF:정상,12.84,4.0,1.4,normal,7.0,v1_sl_first_gap_at_open,NORMAL+PM_BLOCK_INTRADAY+EF:정상,SWING_20D,80,VP_RESISTANCE,65,SWING_120D,45,0.0,"자료처리, 호스팅, 포털 및 기타 인터넷 정보매개 서비스업",1.6329629629629632,-10.275925925925925,12.0,0.06290877796901893,0.03862239689005416,0.5555555555555556,OK,25.6,OK,28.258484545471916,28.258484545471916,6,1,0.55,0.25,0.2,STRUCT+TIMING+AI+SECTOR,default,50,20260612,20260612,,18.3,18.3,18.3,46.38,-9.6,FRESH,0.351,,False,0.3,True,MATURE,9296.0,1.448,0.849,0.849,0.0,0.0,0.0,v22_calibrated,,,,,,,,True,16.9,,ELITE_SCORE,MATURE,9296,2.4.0,OK,,100.0,ATTACK,OK,OK,OK,OK,OK,OK,OK,0,7,True,True,True,,0,GREEN,,,100.0,BUY,1,,0,0,0,0,,0.0,T=11<70,100.0,GREEN,,,0,False,0,ENTRY_READY_BUT_NOT_TOP_PICK,TOP_PICK=0,진입조건은 양호하나 공식 Top Pick 아님,50.0,ENTRY_CLEAN_OBSERVE,ENTRY_CLEAN_OBSERVE,FX_HIGH_REGIME,1,0,0,1,0,0,0,0,0,CLEAR,,,0,0,0,0,0.0,,,,,,,,,,REJECT_NO_VALIDATED_RULE,,,,,,True,False,True,True,False,True,True,True,0.0,0.0,0.0,0.0,20.0,0.0,0.0,0.0,20.0,0.5,False,True,False,3,False,0.0,0.0,G2RR×0.5 · G5추세붕괴3축,,0,0,0,,0.0,0,,False,0.0,0.0,False,,False,True,,0
354,336370,솔루스첨단소재,KOSPI,IT/전기전자,12200,140.68,8566.5,0.0,,WAIT,WAIT,3,False,0,True,60.4,60.4,66.4,59.2,45.3,0.0,16.4,57.0,21.1,73.6,0.58,2.0,진입적정,0,11960.0,10170.0,13370.0,15020.0,,1.28,1.41,12469,34.72,특이사항 없음,3,0.91,57.2,11.87,STRUCT 강점,TIMING 보조,,스퀴즈/품질 대기,CRITICAL,75.3,전자부품 제조업,14068227040.0,67.8,30.13,1,0,9.03,10.81,31.18,7.49,50.43,51.36,3.93,4.05,,0.277,0.128,1,12.0,1,0,1.67,0.74,0,0,0,1,1,7023.0,-2.16,0.3753,False,O,▲,10909,▲,O,X,4.83,250,0,1,1,1,16900.0,enter,100.0,NORMAL+PM_BLOCK_INTRADAY+EF:정상,14.97,5.0,0.8,normal,7.0,v1_sl_first_gap_at_open,NORMAL+PM_BLOCK_INTRADAY+EF:정상,SWING_20D,80,ATR_2x,70,SWING_60D,60,0.0,전자부품 제조업,0.10229729729729745,3.253243243243243,5.0,0.12517564402810305,0.05354596302474232,0.5253164556962026,OK,45.3,OK,36.19600772894241,36.19600772894241,10,1,0.55,0.25,0.2,STRUCT+TIMING+AI+SECTOR,default,50,20260612,20260612,,60.4,60.4,60.4,46.38,-9.6,FRESH,0.351,elite_low_wr_0.35,True,0.403,True,MATURE,9296.0,0.788,0.849,0.788,0.0,0.0,,v22_calibrated,,,,,,,,True,9.6,,ELITE_SCORE,MATURE,9296,2.4.0,OK,,100.0,ATTACK,OK,OK,OK,OK,OK,OK,OK,0,7,True,True,True,,0,GREEN,,,0.0,AVOID,0,RR 0.58,0,0,0,0,,0.0,T=59<70 · S=66≥50,100.0,GREEN,,,0,False,0,BELOW_OFFICIAL_BAR,TOP_PICK=0,,5.0,IGNORE,IGNORE,FX_HIGH_REGIME,1,0,0,1,0,0,0,0,0,CLEAR,,,0,0,0,0,0.0,,,,,,,,,,REJECT_NO_VALIDATED_RULE,,,,,,True,True,True,True,True,True,True,True,0.0,0.0,0.0,0.0,0.0,0.0,0.0,0.0,0.0,1.0,False,False,False,0,True,16.4,1.0,,,0,0,0,,16.4,0,,False,0.0,0.0,False,,False,True,,0
355,425040,티이엠씨,KOSDAQ,화학·소재,19400,507.31,4146.7,0.0,0.0,WAIT,WAIT,3,False,0,True,15.9,15.9,7.4,8.5,48.4,0.0,16.3,21.4,41.0,48.8,3.45,1.5,RR3.5 + 진입적정,0,19110.0,16240.0,30300.0,35950.0,,1.6,1.32,16621,54.26,특이사항 없음,0,-16.61,36.0,-8.3,,,저점 이탈,추세 관망,CRITICAL,75.3,기초 화학물질 제조업,50730994065.0,45.2,73.67,0,0,14.32,7.18,-0.46,-18.14,99.79,157.98,-5.58,109.39,,0.172,0.022,1,12.0,0,0,0.99,0.29,0,0,0,0,-1,23348.0,16.72,0.5645,False,O,▲,15511,▲,O,X,9.02,250,0,1,1,1,43100.0,split,50.0,NORMAL+PM_BLOCK_INTRADAY+EF:갭 7%+ 분할 진입 + 당일 10%+ 급등 분할 진입+ENTRY:split,15.02,6.0,3.9,normal,7.0,v1_sl_first_gap_at_open,NORMAL+PM_BLOCK_INTRADAY+EF:갭 7%+ 분할 진입 + 당일 10%+ 급등 분할 진입+ENTRY:split,SWING_20D,80,FIBO_1.272,40,FIBO_1.618,25,0.0,기초 화학물질 제조업,6.03945945945946,-4.1432432432432424,8.0,0.15147275405007363,0.010301496041206684,0.5925925925925926,OK,48.4,OK,12.901207098482264,12.901207098482264,2,0,0.55,0.25,0.2,STRUCT+TIMING+AI+SECTOR,default,50,20260612,20260612,,15.9,15.9,15.9,46.38,-9.6,FRESH,0.351,,False,0.3,True,MATURE,9296.0,3.899,0.849,0.849,0.0,0.0,0.0,v22_calibrated,,,,,,,,True,56.2,,ELITE_SCORE,MATURE,9296,2.4.0,OK,,100.0,ATTACK,OK,OK,OK,OK,OK,OK,OK,0,7,True,True,True,,1,ORANGE,C_ORANGE,STRUCT < 90 + VWAP_GAP > 15% 강한 과열,70.0,BUY,1,POC 54↑,0,0,0,0,,0.0,T=8<70 · 전일+14%,100.0,GREEN,,,0,False,0,BELOW_OFFICIAL_BAR,TOP_PICK=0,EBS 미통과/불명,30.0,IGNORE,IGNORE,FX_HIGH_REGIME,1,0,0,1,0,0,0,0,0,CLEAR,,,0,0,0,0,0.0,,,,,,,,,,REJECT_NO_VALIDATED_RULE,,,,,,True,False,True,True,True,True,True,True,0.0,0.0,0.0,0.0,0.0,0.0,0.0,0.0,0.0,0.5,False,False,False,2,False,8.2,0.5,G2RR×0.5,,0,0,0,,8.2,0,,False,0.0,0.0,False,,False,True,,0
356,058610,에스피지,KOSDAQ,인프라·에너지,94700,316.62,21002.0,0.0,0.0,WAIT,WAIT,3,False,0,True,12.7,12.7,3.4,20.0,29.0,0.0,16.2,17.5,25.6,68.0,2.94,1.5,RR2.9 + 진입적정,0,93300.0,79200.0,140300.0,152400.0,,0.2,0.8,121520,5.45,특이사항 없음,0,-16.97,28.3,-16.23,,,저점 이탈,추세 관망,CRITICAL,75.3,"전동기, 발전기 및 전기 변환 · 공급 · 제어 장치 제조업",31661620600.0,44.3,50.5,0,0,3.61,-8.68,-18.64,-28.42,-25.32,29.55,-15.86,-15.72,,0.608,0.091,1,12.0,1,0,1.18,0.22,0,0,0,0,-1,123370.0,-22.07,-0.1384,False,X,▼,93529,▼,O,X,4.6,250,0,-1,1,1,165700.0,enter,100.0,NORMAL+PM_BLOCK_INTRADAY+EF:정상,15.11,5.0,3.3,normal,7.0,v1_sl_first_gap_at_open,NORMAL+PM_BLOCK_INTRADAY+EF:정상,SWING_20D,80,SWING_60D,60,SWING_120D,45,0.0,"전동기, 발전기 및 전기 변환 · 공급 · 제어 장치 제조업",3.3342857142857136,-17.545714285714286,14.0,0.11781565847035752,-0.006092193541281384,0.6527777777777778,OK,29.0,OK,17.96166603009886,17.96166603009886,2,0,0.55,0.25,0.2,STRUCT+TIMING+AI+SECTOR,default,50,20260612,20260612,,12.7,12.7,12.7,46.38,-9.6,FRESH,0.351,,False,0.3,True,MATURE,9296.0,3.333,0.849,0.849,0.0,0.0,0.0,v22_calibrated,,,,,,,,True,48.2,,ELITE_SCORE,MATURE,9296,2.4.0,OK,,100.0,ATTACK,OK,OK,OK,OK,OK,OK,OK,0,7,True,True,True,,0,GREEN,,,90.0,BUY,1,,0,0,0,0,,0.0,T=20<70,100.0,GREEN,,,0,False,0,ENTRY_READY_BUT_NOT_TOP_PICK,TOP_PICK=0,진입조건은 양호하나 공식 Top Pick 아님,45.0,ENTRY_CLEAN_OBSERVE,ENTRY_CLEAN_OBSERVE,FX_HIGH_REGIME,1,0,0,1,0,0,0,0,0,CLEAR,,,0,0,0,0,0.0,,,,,,,,,,REJECT_NO_VALIDATED_RULE,,,,,,True,False,True,True,False,True,True,True,0.0,0.0,0.0,0.0,20.0,0.0,0.0,0.0,20.0,0.5,False,True,False,4,False,0.0,0.0,G2RR×0.5 · G5추세붕괴4축,,0,0,0,,0.0,0,,False,0.0,0.0,False,,False,True,,0
357,322310,오로스테크놀로지,KOSDAQ,조선·기계·설비,30950,119.13,2898.9,0.0,0.0,WAIT,WAIT,3,False,0,True,54.6,54.6,43.5,56.3,82.9,0.0,16.0,60.9,39.4,50.7,0.29,1.5,진입적정,0,30500.0,25900.0,32400.0,52000.0,,1.25,1.42,33897,10.66,특이사항 없음,0,-11.35,54.4,13.37,AI 강점,TIMING 보조,저점 이탈,추세 관망,CRITICAL,75.3,특수 목적용 기계 제조업,11913302075.0,60.2,28.78,0,0,9.75,13.37,14.0,2.48,-3.28,29.23,15.04,6.32,,0.381,0.268,1,12.0,1,0,1.01,0.86,0,0,0,1,-1,31100.0,-8.69,0.5588,False,O,▲,25987,▲,O,X,6.38,250,0,1,1,1,,enter,100.0,NORMAL+PM_BLOCK_INTRADAY+EF:정상,15.08,6.0,0.4,normal,7.0,v1_sl_first_gap_at_open,NORMAL+PM_BLOCK_INTRADAY+EF:정상,SWING_20D,80,SWING_60D,60,,0,0.0,특수 목적용 기계 제조업,9.421739130434784,5.0392753623188415,2.0,0.10293099469189938,-0.136085664927285,0.38666666666666666,OK,82.9,OK,52.5,52.5,4,1,0.55,0.25,0.2,STRUCT+TIMING+AI+SECTOR,default,50,20260612,20260612,,54.6,54.6,54.6,46.38,-9.6,FRESH,0.351,,False,0.357,True,MATURE,9296.0,0.413,0.849,0.413,0.0,0.0,0.0,v22_calibrated,,,,,,,,True,4.7,,ELITE_SCORE,MATURE,9296,2.4.0,OK,,100.0,ATTACK,OK,OK,OK,OK,OK,OK,OK,0,7,True,True,True,,0,GREEN,,,0.0,AVOID,0,RR 0.29,0,0,0,0,,0.0,T=56<70,100.0,GREEN,,,0,False,0,BELOW_OFFICIAL_BAR,TOP_PICK=0,,5.0,IGNORE,IGNORE,FX_HIGH_REGIME,1,0,0,1,0,0,0,0,0,CLEAR,,,0,0,0,0,0.0,,,,,,,,,,REJECT_NO_VALIDATED_RULE,,,,,,True,True,True,True,True,True,True,True,0.0,0.0,0.0,0.0,0.0,0.0,0.0,0.0,0.0,1.0,False,False,False,1,True,16.0,1.0,,,0,0,0,,16.0,0,,False,0.0,0.0,False,,False,True,,0
358,006260,LS,KOSPI,금융,386500,673.31,120588.0,0.0,0.0,WAIT,WAIT,3,False,0,True,16.6,16.6,6.1,2.7,62.8,0.0,15.9,23.9,60.1,24.9,3.45,1.6,RR3.5 + 진입적정,0,380500.0,323500.0,604000.0,702000.0,,0.05,0.6,416134,97.04,특이사항 없음,0,-20.29,29.1,-16.34,AI 강점,,저점 이탈,추세 관망,CRITICAL,75.3,기타 금융업,67331223000.0,49.0,53.41,0,0,3.48,-5.85,-18.72,-25.24,45.3,110.74,-28.8,-1.08,,0.293,0.078,1,12.0,0,0,0.96,0.13,0,0,0,0,-1,499350.0,-7.12,0.3136,False,O,▲,363666,▼,O,X,8.57,250,0,1,1,1,826000.0,split,50.0,NORMAL+PM_BLOCK_INTRADAY+EF:갭 7%+ 분할 진입+ENTRY:split,14.98,4.0,3.9,normal,7.0,v1_sl_first_gap_at_open,NORMAL+PM_BLOCK_INTRADAY+EF:갭 7%+ 분할 진입+ENTRY:split,SWING_20D,80,FIBO_1.272,40,FIBO_1.618,25,0.0,기타 금융업,1.90825,-1.16975,7.0,0.12197375716133801,-0.008266657014215507,0.2698412698412698,OK,62.8,OK,11.40363927313527,11.40363927313527,2,0,0.55,0.25,0.2,STRUCT+TIMING+AI+SECTOR,default,50,20260612,20260612,,16.6,16.6,16.6,46.38,-9.6,FRESH,0.351,,False,0.3,True,MATURE,9296.0,3.921,0.849,0.849,0.0,0.0,0.0,v22_calibrated,,,,,,,,True,56.3,,ELITE_SCORE,MATURE,9296,2.4.0,OK,,100.0,ATTACK,OK,OK,OK,OK,OK,OK,OK,0,7,True,True,True,,0,GREEN,,,65.0,WATCH,0,POC 97↑,0,1,1,0,,0.0,T=3<70,100.0,GREEN,,,0,False,0,BELOW_OFFICIAL_BAR,TOP_PICK=0,VWAP/POC 과열,10.0,IGNORE,IGNORE,FX_HIGH_REGIME,1,0,0,1,0,0,0,0,0,CLEAR,,,0,0,0,0,0.0,,,,,,,,,,REJECT_NO_VALIDATED_RULE,,,,,,True,False,True,True,False,True,True,True,0.0,0.0,0.0,0.0,20.0,0.0,0.0,0.0,20.0,0.5,False,True,False,3,False,0.0,0.0,G2RR×0.5 · G5추세붕괴3축,,0,0,0,,0.0,0,,False,0.0,0.0,False,,False,True,,0
359,088350,한화생명,KOSPI,금융,4970,263.86,43165.9,0.0,0.0,WAIT,WAIT,3,False,0,True,18.7,18.7,17.1,5.0,40.4,0.0,15.9,20.8,35.4,55.8,1.47,1.5,RR1.5 + 진입적정,0,4895.0,4160.0,6160.0,7560.0,,1.15,0.48,5112,1.66,특이사항 없음,0,-5.56,39.5,-2.97,,,저점 이탈,추세 관망,CRITICAL,75.3,보험업,26385863638.0,49.8,28.19,0,0,4.63,3.87,0.71,-0.2,5.63,64.84,-3.76,-40.75,,0.416,0.416,1,12.0,0,0,1.64,0.28,0,0,0,0,-1,5589.5,-2.79,0.2451,False,O,▲,4657,▲,O,X,2.0,250,0,1,1,1,,enter,100.0,NORMAL+PM_BLOCK_INTRADAY+EF:정상,15.02,5.0,1.7,normal,7.0,v1_sl_first_gap_at_open,NORMAL+PM_BLOCK_INTRADAY+EF:정상,SWING_20D,80,SWING_120D,45,,0,0.0,보험업,1.90825,-1.16975,7.0,0.06920091980454154,-0.037167315545356884,0.48,OK,40.4,OK,4.5,4.5,4,1,0.55,0.25,0.2,STRUCT+TIMING+AI+SECTOR,default,50,20260612,20260612,,18.7,18.7,18.7,46.38,-9.6,FRESH,0.351,,False,0.3,True,MATURE,9296.0,1.721,0.849,0.849,0.0,0.0,0.0,v22_calibrated,,,,,,,,True,23.9,,ELITE_SCORE,MATURE,9296,2.4.0,OK,,100.0,ATTACK,OK,OK,OK,OK,OK,OK,OK,0,7,True,True,True,,0,GREEN,,,90.0,BUY,1,,0,0,0,0,,0.0,T=5<70,100.0,GREEN,,,0,False,0,ENTRY_READY_BUT_NOT_TOP_PICK,TOP_PICK=0,진입조건은 양호하나 공식 Top Pick 아님,50.0,ENTRY_CLEAN_OBSERVE,ENTRY_CLEAN_OBSERVE,FX_HIGH_REGIME,1,0,0,1,0,0,0,0,0,CLEAR,,,0,0,0,0,0.0,,,,,,,,,,REJECT_NO_VALIDATED_RULE,,,,,,True,False,True,True,True,True,True,True,0.0,0.0,0.0,0.0,0.0,0.0,0.0,0.0,0.0,0.5,False,False,False,2,False,8.0,0.5,G2RR×0.5,,0,0,0,,8.0,0,,False,0.0,0.0,False,,False,True,,0
360,006400,삼성SDI,KOSPI,2차전지,539000,3715.66,434356.0,0.0,0.0,WAIT,WAIT,3,False,0,True,19.4,19.4,15.3,0.0,55.0,0.0,15.8,23.4,55.0,31.2,1.99,0.7,RR2.0 + 진입적정,0,535000.0,454500.0,707000.0,723000.0,,0.44,0.88,568452,38.64,특이사항 없음,0,-14.87,39.7,-9.41,AI 강점,,저점 이탈,추세 관망,CRITICAL,75.3,일차전지 및 이차전지 제조업,371565641000.0,55.2,39.63,0,0,8.12,-5.11,-20.27,-14.98,40.73,75.0,-18.54,-5.65,,0.246,0.031,1,12.0,1,0,1.31,0.3,3773,49049,52822,0,-1,631150.0,-5.18,-0.0142,False,O,▲,514131,▼,O,X,6.52,250,0,1,1,1,818000.0,enter,100.0,NORMAL+PM_BLOCK_INTRADAY+EF:정상,15.05,4.0,2.1,normal,7.0,v1_sl_first_gap_at_open,NORMAL+PM_BLOCK_INTRADAY+EF:정상,SWING_20D,80,SWING_60D,60,FIBO_1.272,40,0.0,일차전지 및 이차전지 제조업,-3.6455555555555557,-21.337777777777777,16.0,0.09130665253114233,-0.00026615440522155623,0.62,OK,55.0,OK,6.123028058767777,6.123028058767777,2,0,0.55,0.25,0.2,STRUCT+TIMING+AI+SECTOR,default,50,20260612,20260612,,19.4,19.4,19.4,46.38,-9.6,FRESH,0.351,,False,0.3,True,MATURE,9296.0,2.137,0.849,0.849,0.0,0.0,0.0,v22_calibrated,,,,,,,,True,31.2,,ELITE_SCORE,MATURE,9296,2.4.0,OK,,100.0,ATTACK,OK,OK,OK,OK,OK,OK,OK,0,7,True,True,True,,0,GREEN,,,90.0,BUY,1,,0,0,0,0,,0.0,T=0<70,100.0,GREEN,,,0,False,0,BELOW_OFFICIAL_BAR,TOP_PICK=0,EBS 미통과/불명,30.0,IGNORE,IGNORE,FX_HIGH_REGIME,1,0,0,1,0,0,0,0,0,CLEAR,,,0,0,0,0,0.0,,,,,,,,,,REJECT_NO_VALIDATED_RULE,,,,,,True,False,True,True,False,True,True,True,0.0,0.0,0.0,0.0,20.0,0.0,0.0,0.0,20.0,0.3,False,True,False,4,False,0.0,0.0,G2RR×0.3 · G5추세붕괴4축,,0,0,0,,0.0,0,,False,0.0,0.0,False,,False,True,,0
361,034020,두산에너빌리티,KOSPI,조선·기계·설비,93100,2800.22,596362.4,0.0,0.0,WAIT,WAIT,3,False,0,True,15.8,15.8,0.0,0.0,78.8,0.0,15.8,26.3,78.8,1.5,1.92,1.5,RR1.9 + 진입적정,0,91700.0,77900.0,122300.0,139200.0,,0.59,0.81,109868,-2.42,특이사항 없음,0,-14.44,34.2,-9.28,AI 강점,,저점 이탈,추세 관망,CRITICAL,75.3,일반 목적용 기계 제조업,280021836400.0,35.1,35.12,0,0,5.08,-2.62,-12.09,-22.42,-11.92,20.44,-25.98,-58.3,,0.603,0.361,0,12.0,1,0,1.08,0.21,0,0,0,0,-1,108550.0,-15.26,0.2665,False,X,▼,88599,▼,O,X,5.3,250,0,-1,1,1,,enter,100.0,NORMAL+PM_BLOCK_INTRADAY+EF:정상,15.05,4.0,2.2,normal,7.0,v1_sl_first_gap_at_open,NORMAL+PM_BLOCK_INTRADAY+EF:정상,SWING_20D,80,SWING_60D,60,,0,0.0,일반 목적용 기계 제조업,9.421739130434784,5.0392753623188415,2.0,0.07472763541506829,-0.023063502235991365,0.4358974358974359,OK,78.8,OK,8.439009301558826,8.439009301558826,2,0,0.55,0.25,0.2,STRUCT+TIMING+AI+SECTOR,default,50,20260612,20260612,,15.8,15.8,15.8,46.38,-9.6,FRESH,0.351,,False,0.3,True,MATURE,9296.0,2.217,0.849,0.849,0.0,0.0,0.0,v22_calibrated,,,,,,,,True,31.4,,ELITE_SCORE,MATURE,9296,2.4.0,OK,,100.0,ATTACK,OK,OK,OK,OK,OK,OK,OK,0,7,True,True,True,,0,GREEN,,,90.0,BUY,1,,0,0,0,0,,0.0,T=0<70,100.0,GREEN,,,0,False,0,ENTRY_READY_BUT_NOT_TOP_PICK,TOP_PICK=0,진입조건은 양호하나 공식 Top Pick 아님,45.0,ENTRY_CLEAN_OBSERVE,ENTRY_CLEAN_OBSERVE,FX_HIGH_REGIME,1,0,0,1,0,0,0,0,0,CLEAR,,,0,0,0,0,0.0,,,,,,,,,,REJECT_NO_VALIDATED_RULE,,,,,,True,False,True,True,False,True,True,True,0.0,0.0,0.0,0.0,20.0,0.0,0.0,0.0,20.0,0.3,False,True,False,4,False,0.0,0.0,G2RR×0.3 · G5추세붕괴4축,,0,0,0,,0.0,0,,False,0.0,0.0,False,,False,True,,0
362,010140,삼성중공업,KOSPI,조선·기계·설비,26900,1341.53,236720.0,0.0,0.0,WAIT,WAIT,3,False,0,True,15.7,15.7,0.0,0.0,78.7,0.0,15.8,26.2,78.7,1.6,1.14,1.5,RR1.1 + 진입적정,0,26500.0,23000.0,31350.0,35350.0,,0.23,0.81,29782,-6.31,특이사항 없음,0,-9.74,41.7,-4.13,AI 강점,,저점 이탈,추세 관망,CRITICAL,75.3,선박 및 보트 건조업,134152774875.0,29.5,21.01,0,0,6.32,-3.06,-5.28,-13.37,-6.43,4.26,-16.93,-52.81,,0.789,0.497,0,12.0,0,0,1.05,0.35,0,0,0,0,-1,30455.0,-9.68,0.0554,False,X,▼,25862,▼,O,X,4.55,250,0,-1,1,1,38400.0,enter,100.0,NORMAL+PM_BLOCK_INTRADAY+EF:정상,13.21,4.0,1.4,normal,7.0,v1_sl_first_gap_at_open,NORMAL+PM_BLOCK_INTRADAY+EF:정상,SWING_20D,80,SWING_60D,60,FIBO_1.272,40,0.0,선박 및 보트 건조업,9.421739130434784,5.0392753623188415,2.0,0.06372809346787042,-0.008294107183186692,0.5384615384615384,OK,78.7,OK,5.898409005575786,5.898409005575786,2,0,0.55,0.25,0.2,STRUCT+TIMING+AI+SECTOR,default,50,20260612,20260612,,15.7,15.7,15.7,46.38,-9.6,FRESH,0.351,,False,0.3,True,MATURE,9296.0,1.386,0.849,0.849,0.0,0.0,0.0,v22_calibrated,,,,,,,,True,16.5,,ELITE_SCORE,MATURE,9296,2.4.0,OK,,100.0,ATTACK,OK,OK,OK,OK,OK,OK,OK,0,7,True,True,True,,0,GREEN,,,80.0,BUY,1,,0,0,0,0,,0.0,T=0<70,100.0,GREEN,,,0,False,0,BELOW_OFFICIAL_BAR,TOP_PICK=0,EBS 미통과/불명,25.0,IGNORE,IGNORE,FX_HIGH_REGIME,1,0,0,1,0,0,0,0,0,CLEAR,,,0,0,0,0,0.0,,,,,,,,,,REJECT_NO_VALIDATED_RULE,,,,,,True,False,True,True,False,True,True,True,0.0,0.0,0.0,0.0,20.0,0.0,0.0,0.0,20.0,0.3,False,True,False,4,False,0.0,0.0,G2RR×0.3 · G5추세붕괴4축,,0,0,0,,0.0,0,,False,0.0,0.0,False,,False,True,,0
363,042660,한화오션,KOSPI,조선·기계·설비,112700,3010.0,345327.9,0.0,0.0,WAIT,WAIT,3,False,0,True,13.0,13.0,0.0,12.5,49.2,0.0,15.7,20.6,49.2,38.5,1.84,2.0,RR1.8 + 진입적정,0,115000.0,98000.0,139700.0,148400.0,,-0.81,1.46,124867,-20.87,특이사항 없음,0,-6.63,49.4,-3.28,,,저점 이탈,추세 관망,CRITICAL,75.3,선박 및 보트 건조업,300999624150.0,56.5,31.16,0,0,7.85,0.45,-9.26,-7.17,-14.56,-0.35,-10.73,-60.94,,0.951,0.391,0,12.0,1,0,1.06,0.32,0,0,0,0,-1,131030.0,-9.74,0.1157,False,X,▼,105751,▼,O,X,12.34,250,0,-1,-1,1,154800.0,hold,0.0,NORMAL+PM_BLOCK_INTRADAY+EF:갭 12%+ 진입 보류+ENTRY:hold,14.78,4.0,1.5,normal,7.0,v1_sl_first_gap_at_open,NORMAL+PM_BLOCK_INTRADAY+EF:갭 12%+ 진입 보류+ENTRY:hold,SWING_20D,80,ATR_3.5x,45,SWING_120D,45,0.0,선박 및 보트 건조업,9.421739130434784,5.0392753623188415,2.0,0.08454810495626823,-0.008154975796741386,0.0,OK,49.2,OK,31.04804953566871,31.04804953566871,4,1,0.55,0.25,0.2,STRUCT+TIMING+AI+SECTOR,default,50,20260612,20260612,,13.0,13.0,13.0,46.38,-9.6,FRESH,0.351,,False,0.3,True,MATURE,9296.0,1.453,0.849,0.849,0.0,0.0,0.0,v22_calibrated,,,,,,,,True,24.0,,ELITE_SCORE,MATURE,9296,2.4.0,OK,,100.0,ATTACK,OK,OK,OK,OK,OK,OK,OK,0,7,True,True,True,,0,GREEN,,,90.0,BUY,1,,0,0,0,0,,0.0,T=12<70,100.0,GREEN,,,0,False,0,ENTRY_READY_BUT_NOT_TOP_PICK,TOP_PICK=0,진입조건은 양호하나 공식 Top Pick 아님,50.0,ENTRY_CLEAN_OBSERVE,ENTRY_CLEAN_OBSERVE,FX_HIGH_REGIME,1,0,0,1,0,0,0,0,0,CLEAR,,,0,0,0,0,0.0,,,,,,,,,,REJECT_NO_VALIDATED_RULE,,,,,,True,False,True,True,False,True,True,True,0.0,0.0,0.0,0.0,20.0,0.0,0.0,0.0,20.0,0.5,False,True,False,4,False,0.0,0.0,G2RR×0.5 · G5추세붕괴4축,,0,0,0,,0.0,0,,False,0.0,0.0,False,,False,True,,0
364,082740,한화엔진,KOSPI,조선·기계·설비,53900,323.26,44978.0,0.0,0.0,WAIT,WAIT,3,False,0,True,15.8,15.8,1.3,0.0,75.3,0.0,15.6,25.5,75.3,5.9,3.46,0.7,RR3.5 + 진입적정,0,54300.0,46150.0,80700.0,94400.0,,-0.25,0.7,67130,-0.53,특이사항 없음,0,-22.86,27.1,-15.57,AI 강점,,저점 이탈,추세 관망,CRITICAL,75.3,일반 목적용 기계 제조업,32326419400.0,27.8,57.78,0,0,7.58,-4.26,-19.55,-31.6,10.68,19.38,-35.16,-35.7,,0.649,0.343,0,12.0,1,0,1.7,0.17,0,0,0,0,-1,63800.0,-19.71,0.4356,False,X,▲,49022,▼,O,X,9.18,250,0,1,1,1,108500.0,split,50.0,NORMAL+PM_BLOCK_INTRADAY+EF:갭 7%+ 분할 진입+ENTRY:split,15.01,5.0,3.2,normal,7.0,v1_sl_first_gap_at_open,NORMAL+PM_BLOCK_INTRADAY+EF:갭 7%+ 분할 진입+ENTRY:split,SWING_20D,80,SWING_60D,60,FIBO_1.272,40,0.0,일반 목적용 기계 제조업,9.421739130434784,5.0392753623188415,2.0,0.09673999469917838,-0.0350348277935043,0.4117647058823529,OK,75.3,OK,11.252773671944052,11.252773671944052,4,1,0.55,0.25,0.2,STRUCT+TIMING+AI+SECTOR,default,50,20260612,20260612,,15.8,15.8,15.8,46.38,-9.6,FRESH,0.351,,False,0.3,True,MATURE,9296.0,3.239,0.849,0.849,0.0,0.0,0.0,v22_calibrated,,,,,,,,True,49.7,,ELITE_SCORE,MATURE,9296,2.4.0,OK,,100.0,ATTACK,OK,OK,OK,OK,OK,OK,OK,0,7,True,True,True,,0,GREEN,,,90.0,BUY,1,,0,0,0,0,,0.0,T=0<70,100.0,GREEN,,,0,False,0,ENTRY_READY_BUT_NOT_TOP_PICK,TOP_PICK=0,진입조건은 양호하나 공식 Top Pick 아님,50.0,ENTRY_CLEAN_OBSERVE,ENTRY_CLEAN_OBSERVE,FX_HIGH_REGIME,1,0,0,1,0,0,0,0,0,CLEAR,,,0,0,0,0,0.0,,,,,,,,,,REJECT_NO_VALIDATED_RULE,,,,,,True,False,True,True,False,True,True,True,0.0,0.0,0.0,0.0,20.0,0.0,0.0,0.0,20.0,0.3,False,True,False,4,False,0.0,0.0,G2RR×0.3 · G5추세붕괴4축,,0,0,0,,0.0,0,,False,0.0,0.0,False,,False,True,,0
365,022100,포스코DX,KOSPI,서비스 기타,27950,140.29,42493.7,0.0,0.0,WAIT,WAIT,3,False,0,True,15.4,15.4,0.0,0.6,76.0,0.0,15.6,25.5,76.0,5.0,2.76,1.5,RR2.8 + 진입적정,0,27550.0,23400.0,40500.0,45600.0,,1.67,0.43,33627,-2.99,특이사항 없음,0,-15.8,43.0,-10.45,AI 강점,,저점 이탈,추세 관망,CRITICAL,75.3,"건축기술, 엔지니어링 및 관련 기술 서비스업",14028578200.0,69.7,43.9,0,0,3.14,-4.28,-9.25,-16.69,-8.81,2.57,-20.25,-55.19,,0.949,0.322,0,12.0,1,0,1.37,0.23,0,0,0,0,-1,36535.0,-16.88,-0.0612,False,X,▼,27497,▼,O,X,3.32,250,0,-1,-1,1,,enter,100.0,NORMAL+PM_BLOCK_INTRADAY+EF:정상,15.06,5.0,3.1,normal,7.0,v1_sl_first_gap_at_open,NORMAL+PM_BLOCK_INTRADAY+EF:정상,SWING_20D,80,SWING_120D,45,,0,0.0,"건축기술, 엔지니어링 및 관련 기술 서비스업",1.6329629629629632,-10.275925925925925,12.0,0.10925121390237669,0.015618131483304638,0.34782608695652173,OK,76.0,OK,18.53052172106436,18.53052172106436,2,0,0.55,0.25,0.2,STRUCT+TIMING+AI+SECTOR,default,50,20260612,20260612,,15.4,15.4,15.4,46.38,-9.6,FRESH,0.351,,False,0.3,True,MATURE,9296.0,3.12,0.849,0.849,0.0,0.0,0.0,v22_calibrated,,,,,,,,True,44.9,,ELITE_SCORE,MATURE,9296,2.4.0,OK,,100.0,ATTACK,OK,OK,OK,OK,OK,OK,OK,0,7,True,True,True,,0,GREEN,,,90.0,BUY,1,,0,0,0,0,,0.0,T=1<70,100.0,GREEN,,,0,False,0,ENTRY_READY_BUT_NOT_TOP_PICK,TOP_PICK=0,진입조건은 양호하나 공식 Top Pick 아님,45.0,ENTRY_CLEAN_OBSERVE,ENTRY_CLEAN_OBSERVE,FX_HIGH_REGIME,1,0,0,1,0,0,0,0,0,CLEAR,,,0,0,0,0,0.0,,,,,,,,,,REJECT_NO_VALIDATED_RULE,,,,,,True,False,True,True,False,True,True,True,0.0,0.0,0.0,0.0,20.0,0.0,0.0,0.0,20.0,0.5,False,True,False,5,False,0.0,0.0,G2RR×0.5 · G5추세붕괴5축,,0,0,0,,0.0,0,,False,0.0,0.0,False,,False,True,,0
366,482630,삼양엔씨켐,KOSDAQ,화학·소재,17400,116.59,3808.6,0.0,0.0,WAIT,WAIT,3,False,0,True,19.5,19.5,16.6,0.0,51.6,0.0,15.6,22.7,51.6,35.5,1.89,3.0,RR1.9,0,16890.0,14350.0,23150.0,23700.0,,1.91,1.39,18641,-12.95,특이사항 없음,0,-20.77,35.5,-1.04,AI 강점,,5일 급등,추세 관망,CRITICAL,75.3,기타 화학제품 제조업,11659221630.0,53.3,65.47,0,0,12.62,20.25,2.17,-15.94,-8.03,59.63,-3.38,1.57,,0.415,0.191,0,12.0,0,0,1.31,0.43,0,0,0,0,-1,19882.0,-6.66,0.837,False,X,▲,13579,▲,O,X,6.02,250,0,1,1,1,25000.0,split,50.0,NORMAL+PM_BLOCK_INTRADAY+EF:당일 10%+ 급등 분할 진입+ENTRY:split,15.04,6.0,2.5,normal,7.0,v1_sl_first_gap_at_open,NORMAL+PM_BLOCK_INTRADAY+EF:당일 10%+ 급등 분할 진입+ENTRY:split,SWING_20D,80,SWING_60D,60,SWING_120D,45,0.0,기타 화학제품 제조업,6.03945945945946,-4.1432432432432424,8.0,0.11670771756978654,-0.007997891202179697,0.40397350993377484,OK,51.6,OK,13.794494793626036,13.794494793626036,4,1,0.55,0.25,0.2,STRUCT+TIMING+AI+SECTOR,default,50,20260612,20260612,,19.5,19.5,19.5,46.38,-9.6,FRESH,0.351,,False,0.3,True,MATURE,9296.0,2.465,0.849,0.849,0.0,0.0,0.0,v22_calibrated,,,,,,,,True,33.0,,ELITE_SCORE,MATURE,9296,2.4.0,OK,,100.0,ATTACK,OK,OK,OK,OK,OK,OK,OK,0,7,True,True,True,,0,GREEN,,,0.0,AVOID,0,진입괴리 3.0%,0,0,0,0,,0.0,T=0<70 · 전일+13%,100.0,GREEN,,,0,False,0,BELOW_OFFICIAL_BAR,TOP_PICK=0,,15.0,IGNORE,IGNORE,FX_HIGH_REGIME,1,0,0,1,0,0,0,0,0,CLEAR,,,0,0,0,0,0.0,,,,,,,,,,REJECT_NO_VALIDATED_RULE,,,,,,True,False,True,True,False,True,True,True,0.0,0.0,0.0,0.0,20.0,0.0,0.0,0.0,20.0,0.3,False,True,False,3,False,0.0,0.0,G2RR×0.3 · G5추세붕괴3축,,0,0,0,,0.0,0,,False,0.0,0.0,False,,False,True,,0
367,083650,비에이치아이,KOSDAQ,조선·기계·설비,80600,693.27,24941.2,0.0,0.0,WAIT,WAIT,3,False,0,True,49.8,49.8,40.4,66.2,54.9,0.0,15.6,53.8,25.8,67.8,0.31,10.4,,0,73000.0,62000.0,86400.0,112500.0,,2.26,2.61,89765,35.09,특이사항 없음,0,-19.97,51.9,10.51,TIMING 강점,AI 보조,5일 급등,추세 관망,CRITICAL,75.3,일반 목적용 기계 제조업,69327171600.0,46.7,40.83,0,0,30.0,19.76,9.07,-3.24,-20.59,52.94,9.32,-10.99,,0.321,0.081,1,12.0,1,0,1.01,0.8,0,0,0,1,1,49960.0,-10.21,0.4661,False,X,▲,61954,▲,O,X,5.48,250,1,1,1,1,,hold,0.0,NORMAL+PM_BLOCK_INTRADAY+EF:당일 15%+ 급등 진입 보류+ENTRY:hold,15.07,5.0,1.2,normal,7.0,v1_sl_first_gap_at_open,NORMAL+PM_BLOCK_INTRADAY+EF:당일 15%+ 급등 진입 보류+ENTRY:hold,SWING_20D,80,SWING_60D,60,,0,0.0,일반 목적용 기계 제조업,9.421739130434784,5.0392753623188415,2.0,0.08082240340304857,-0.004882707634710083,0.0,OK,54.9,OK,56.895675465526814,56.895675465526814,4,1,0.55,0.25,0.2,STRUCT+TIMING+AI+SECTOR,default,50,20260612,20260612,,49.8,49.8,49.8,46.38,-9.6,FRESH,0.351,,False,0.318,True,MATURE,9296.0,1.218,0.849,0.849,0.0,0.0,0.0,v22_calibrated,,,,,,,,True,7.2,,ELITE_SCORE,MATURE,9296,2.4.0,OK,,100.0,ATTACK,OK,OK,OK,OK,OK,OK,OK,0,7,True,True,True,,0,GREEN,,,0.0,AVOID,0,진입괴리 10.4% · RR 0.31,0,0,0,0,,0.0,T=66<70 · 전일+30%,100.0,GREEN,,,0,False,0,BELOW_OFFICIAL_BAR,TOP_PICK=0,,5.0,IGNORE,IGNORE,FX_HIGH_REGIME,1,0,0,1,0,0,0,0,0,CLEAR,,,0,0,0,0,0.0,,,,,,,,,,REJECT_NO_VALIDATED_RULE,,,,,,True,True,True,True,True,True,True,True,0.0,0.0,0.0,0.0,0.0,0.0,0.0,0.0,0.0,1.0,False,False,False,0,True,15.6,1.0,,,0,0,0,,15.6,0,,False,0.0,0.0,False,,False,True,,0
368,001450,현대해상,KOSPI,금융,39250,339.54,33459.9,0.0,,WAIT,WAIT,3,False,0,True,75.1,75.1,100.0,68.5,14.9,0.0,15.5,61.1,85.1,0.0,0.15,1.6,진입적정,0,38650.0,33350.0,40150.0,46650.0,,1.89,0.84,33933,28.6,특이사항 없음,0,11.35,55.2,8.31,STRUCT 강점,TIMING 보조,,기술적 돌파 조건 충족,CRITICAL,75.3,보험업,33953519125.0,63.8,21.39,0,0,3.84,9.64,13.11,29.75,34.42,35.34,26.19,-11.96,,0.052,0.052,1,11.6,0,0,2.04,0.91,0,0,0,1,1,32215.0,15.67,0.2809,False,O,▲,36325,▲,O,X,1.32,250,0,1,1,1,,enter,100.0,NORMAL+PM_BLOCK_INTRADAY+EF:정상,13.71,5.0,0.3,normal,7.0,v1_sl_first_gap_at_open,NORMAL+PM_BLOCK_INTRADAY+EF:정상,SWING_20D,80,ATR_3.5x,45,,0,0.0,보험업,1.90825,-1.16975,7.0,0.05814376706096452,1.3539384911997039,0.3111111111111111,OK,14.9,OK,51.8401394713648,51.8401394713648,8,1,0.55,0.25,0.2,STRUCT+TIMING+AI+SECTOR,default,50,20260612,20260612,,75.1,75.1,75.1,46.38,-9.6,FRESH,0.351,elite_low_wr_0.35,True,0.521,False,MATURE,9296.0,0.283,0.852,0.283,0.0,0.0,,v22_calibrated,,,,,,,,True,2.3,,ELITE_SCORE,MATURE,9296,2.4.0,OK,,100.0,ATTACK,OK,OK,OK,OK,OK,OK,OK,0,7,True,True,True,,0,GREEN,,,0.0,AVOID,0,RR 0.15,0,0,0,0,,0.0,T=68<70 · S=100≥50,100.0,GREEN,,,0,False,0,BELOW_OFFICIAL_BAR,TOP_PICK=0,,20.0,IGNORE,IGNORE,FX_HIGH_REGIME,1,0,0,1,0,0,0,0,0,CLEAR,,,0,0,0,0,0.0,,,,,,,,,,REJECT_NO_VALIDATED_RULE,,,,,,True,True,True,True,True,True,True,True,0.0,0.0,0.0,0.0,0.0,0.0,0.0,0.0,0.0,1.0,False,False,False,0,True,15.5,1.0,,,0,0,0,,15.5,0,,False,0.0,0.0,False,,False,True,,0
369,089030,테크윙,KOSDAQ,조선·기계·설비,65300,5752.61,24196.0,0.0,0.0,WAIT,WAIT,3,False,0,True,65.3,65.3,73.2,34.2,82.5,0.0,15.3,63.3,48.3,39.6,0.32,16.2,,0,56200.0,47700.0,71000.0,74000.0,🚀급등시동,1.28,3.65,57040,23.78,특이사항 없음,3,1.84,64.1,22.08,AI 강점,STRUCT 보조,5일 급등,추세 관망,CRITICAL,75.3,특수 목적용 기계 제조업,575261128700.0,74.7,35.71,0,0,6.87,19.38,27.29,13.96,1.87,50.98,26.52,11.47,,0.074,0.074,1,12.0,1,0,1.77,0.77,0,0,0,1,1,43980.0,14.48,0.5518,False,O,▲,57312,▲,O,X,6.06,250,0,1,1,1,80800.0,enter,100.0,NORMAL+PM_BLOCK_INTRADAY+EF:정상,15.12,5.0,1.7,normal,7.0,v1_sl_first_gap_at_open,NORMAL+PM_BLOCK_INTRADAY+EF:정상,SWING_20D,80,SWING_120D,45,ATR_3.5x,45,0.0,특수 목적용 기계 제조업,9.421739130434784,5.0392753623188415,2.0,0.10747101290746008,0.1537313800622487,0.6951219512195121,OK,82.5,OK,23.5,23.5,8,1,0.55,0.25,0.2,STRUCT+TIMING+AI+SECTOR,default,50,20260612,20260612,,65.3,65.3,65.3,46.38,-9.6,FRESH,0.351,,False,0.442,True,MATURE,9296.0,1.741,0.849,0.849,0.0,0.0,0.0,v22_calibrated,,,,,,,,True,8.7,,ELITE_SCORE,MATURE,9296,2.4.0,OK,,100.0,ATTACK,OK,OK,OK,OK,OK,OK,OK,0,7,True,True,True,,1,RED,B_RED,STRUCT 70~85 위험 구간 + VWAP_GAP > 8% 과열,0.0,AVOID,0,진입괴리 16.2% · RR 0.32,0,0,0,0,,0.0,T=34<70 · S=73≥50,85.0,CAUTION,B_RED_SHADOW,B_red shadow 감점 -15: STRUCT 70~85 + VWAP_GAP>8 위험 조합 · 공식 매수 차단 아님,1,False,0,BELOW_OFFICIAL_BAR,TOP_PICK=0,,13.0,IGNORE,IGNORE,FX_HIGH_REGIME,1,0,0,1,0,0,0,0,0,CLEAR,,,0,0,0,0,0.0,,,,,,,,,,REJECT_NO_VALIDATED_RULE,,,,,,True,True,True,True,True,True,True,True,0.0,0.0,0.0,0.0,0.0,0.0,0.0,0.0,0.0,1.0,False,False,False,0,True,15.3,1.0,,,0,0,0,,15.3,0,,False,0.0,0.0,False,,False,True,,0
370,462350,이노스페이스,KOSDAQ,기타,15800,73.39,3297.2,0.0,0.0,WAIT,WAIT,3,False,0,True,48.8,48.8,42.9,62.7,47.6,0.0,15.1,51.1,19.8,75.2,0.58,1.5,진입적정,0,15560.0,13220.0,17290.0,21050.0,,1.0,0.98,15502,29.73,특이사항 없음,5,-8.58,52.3,4.79,TIMING 강점,,저점 이탈,추세 관망,CRITICAL,75.3,"항공기,우주선 및 부품 제조업",7338604620.0,55.6,21.41,1,0,4.98,11.5,2.93,-0.06,-7.67,73.84,12.5,1.93,,0.5,0.113,1,12.0,0,0,1.07,0.66,0,0,0,1,-1,17861.9,1.92,0.3235,False,X,▼,14629,▲,O,X,2.52,250,0,-1,1,1,25000.0,enter,100.0,NORMAL+PM_BLOCK_INTRADAY+EF:정상,15.04,6.0,0.7,normal,7.0,v1_sl_first_gap_at_open,NORMAL+PM_BLOCK_INTRADAY+EF:정상,SWING_20D,80,ATR_3.5x,45,SWING_120D,45,0.0,"항공기,우주선 및 부품 제조업",2.1077380952380955,-2.2075,9.0,0.09848553345388789,0.08263467184406369,0.32450331125827814,OK,47.6,OK,47.4405349649109,47.4405349649109,6,1,0.55,0.25,0.2,STRUCT+TIMING+AI+SECTOR,default,50,20260612,20260612,,48.8,48.8,48.8,46.38,-9.6,FRESH,0.351,,False,0.31,True,MATURE,9296.0,0.739,0.849,0.739,0.0,0.0,0.0,v22_calibrated,,,,,,,,True,9.4,,ELITE_SCORE,MATURE,9296,2.4.0,OK,,100.0,ATTACK,OK,OK,OK,OK,OK,OK,OK,0,7,True,True,True,,0,GREEN,,,0.0,AVOID,0,RR 0.58,0,0,0,0,,0.0,T=63<70,100.0,GREEN,,,0,False,0,BELOW_OFFICIAL_BAR,TOP_PICK=0,,5.0,IGNORE,IGNORE,FX_HIGH_REGIME,1,0,0,1,0,0,0,0,0,CLEAR,,,0,0,0,0,0.0,,,,,,,,,,REJECT_NO_VALIDATED_RULE,,,,,,True,True,True,True,True,True,True,True,0.0,0.0,0.0,0.0,0.0,0.0,0.0,0.0,0.0,1.0,False,False,False,1,True,15.1,1.0,,,0,0,0,,15.1,0,,False,0.0,0.0,False,,False,True,,0
371,074600,원익QnC,KOSDAQ,기타,42150,790.24,11080.4,0.0,0.0,WAIT,WAIT,3,False,0,True,52.7,52.7,44.5,48.8,80.2,0.0,15.1,57.8,35.7,55.4,0.3,14.4,,0,36850.0,31300.0,45400.0,50600.0,,2.16,3.52,35621,21.8,특이사항 없음,0,-10.15,58.6,20.06,AI 강점,,5일 급등,추세 관망,CRITICAL,75.3,유리 및 유리제품 제조업,79023650200.0,73.8,33.01,0,0,16.44,22.71,22.71,12.7,20.95,105.11,25.26,30.55,,0.0,0.0,1,12.0,0,0,1.41,0.79,0,0,0,1,1,27970.0,18.33,0.6619,False,O,▲,33243,▲,O,X,5.25,250,0,1,1,1,55500.0,hold,0.0,NORMAL+PM_BLOCK_INTRADAY+EF:당일 15%+ 급등 진입 보류+ENTRY:hold,15.06,5.0,1.5,normal,7.0,v1_sl_first_gap_at_open,NORMAL+PM_BLOCK_INTRADAY+EF:당일 15%+ 급등 진입 보류+ENTRY:hold,SWING_20D,80,ATR_3.5x,45,FIBO_1.618,25,0.0,유리 및 유리제품 제조업,2.1077380952380955,-2.2075,9.0,0.09320454160311811,0.058342973141310935,0.3735632183908046,OK,80.2,OK,38.5,38.5,6,1,0.55,0.25,0.2,STRUCT+TIMING+AI+SECTOR,default,50,20260612,20260612,,52.7,52.7,52.7,46.38,-9.6,FRESH,0.351,,False,0.342,True,MATURE,9296.0,1.541,0.849,0.849,0.0,0.0,0.0,v22_calibrated,,,,,,,,True,7.7,,ELITE_SCORE,MATURE,9296,2.4.0,OK,,100.0,ATTACK,OK,OK,OK,OK,OK,OK,OK,0,7,True,True,True,,1,ORANGE,C_ORANGE,STRUCT < 90 + VWAP_GAP > 15% 강한 과열,0.0,AVOID,0,진입괴리 14.4% · RR 0.30,0,0,0,0,,0.0,T=49<70 · 이격도20>15,100.0,GREEN,,,0,False,0,BELOW_OFFICIAL_BAR,TOP_PICK=0,,5.0,IGNORE,IGNORE,FX_HIGH_REGIME,1,0,0,1,0,0,0,0,0,CLEAR,,,0,0,0,0,0.0,,,,,,,,,,REJECT_NO_VALIDATED_RULE,,,,,,True,True,True,True,True,True,True,True,0.0,0.0,0.0,0.0,0.0,0.0,0.0,0.0,0.0,1.0,False,False,False,0,True,15.1,1.0,,,0,0,0,,15.1,0,,False,0.0,0.0,False,,False,True,,0
372,230240,에치에프알,KOSDAQ,IT/전기전자,26400,72.04,3513.6,0.0,0.0,WAIT,WAIT,3,False,0,True,20.2,20.2,22.0,0.0,40.5,0.0,15.0,20.8,40.5,49.4,2.32,1.7,RR2.3 + 진입적정,0,25950.0,22050.0,36500.0,39700.0,,0.27,0.56,31043,-12.37,특이사항 없음,0,-18.53,43.6,-11.1,,,저점 이탈,추세 관망,CRITICAL,75.3,통신 및 방송 장비 제조업,7203816250.0,58.0,44.29,0,0,7.76,-8.81,-10.2,-22.24,-2.76,121.48,-9.68,6.84,,0.635,0.22,0,12.0,1,0,1.77,0.29,0,0,0,0,-1,35735.0,-14.96,-0.2172,False,O,▲,25476,▼,O,X,4.08,250,0,1,1,1,,enter,100.0,NORMAL+PM_BLOCK_INTRADAY+EF:정상,15.03,6.0,2.7,normal,7.0,v1_sl_first_gap_at_open,NORMAL+PM_BLOCK_INTRADAY+EF:정상,SWING_20D,80,SWING_60D,60,,0,0.0,통신 및 방송 장비 제조업,0.10229729729729745,3.253243243243243,5.0,0.14583333333333334,-0.030734686901225803,0.45161290322580644,OK,40.5,OK,0.09155796865471046,0.09155796865471046,2,0,0.55,0.25,0.2,STRUCT+TIMING+AI+SECTOR,default,50,20260612,20260612,,20.2,20.2,20.2,46.38,-9.6,FRESH,0.351,,False,0.3,True,MATURE,9296.0,2.705,0.849,0.849,0.0,0.0,0.0,v22_calibrated,,,,,,,,True,38.3,,ELITE_SCORE,MATURE,9296,2.4.0,OK,,100.0,ATTACK,OK,OK,OK,OK,OK,OK,OK,0,7,True,True,True,,0,GREEN,,,90.0,BUY,1,,0,0,0,0,,0.0,T=0<70,100.0,GREEN,,,0,False,0,ENTRY_READY_BUT_NOT_TOP_PICK,TOP_PICK=0,진입조건은 양호하나 공식 Top Pick 아님,45.0,ENTRY_CLEAN_OBSERVE,ENTRY_CLEAN_OBSERVE,FX_HIGH_REGIME,1,0,0,1,0,0,0,0,0,CLEAR,,,0,0,0,0,0.0,,,,,,,,,,REJECT_NO_VALIDATED_RULE,,,,,,True,False,True,True,False,True,True,True,0.0,0.0,0.0,0.0,20.0,0.0,0.0,0.0,20.0,0.3,False,True,False,5,False,0.0,0.0,G2RR×0.3 · G5추세붕괴5축,,0,0,0,,0.0,0,,False,0.0,0.0,False,,False,True,,0
373,039440,에스티아이,KOSDAQ,조선·기계·설비,32350,109.15,5016.5,0.0,0.0,WAIT,WAIT,3,False,0,True,50.0,50.0,42.4,52.6,67.4,0.0,15.0,54.1,25.0,68.8,0.78,1.4,진입적정,0,31900.0,27050.0,36500.0,41900.0,,1.87,1.58,33540,7.66,특이사항 없음,0,-6.29,55.0,10.4,AI 강점,TIMING 보조,5일 급등,추세 관망,CRITICAL,75.3,특수 목적용 기계 제조업,10914519325.0,54.4,31.27,0,0,8.19,15.54,10.6,-7.57,-0.92,7.83,4.99,8.68,,0.555,0.367,1,12.0,1,0,1.11,0.65,0,0,0,1,-1,33625.0,-3.55,0.5819,False,X,▲,27557,▲,O,X,5.02,250,0,1,1,1,43200.0,enter,100.0,NORMAL+PM_BLOCK_INTRADAY+EF:정상,15.2,5.0,0.9,normal,7.0,v1_sl_first_gap_at_open,NORMAL+PM_BLOCK_INTRADAY+EF:정상,SWING_20D,80,SWING_60D,60,SWING_120D,45,0.0,특수 목적용 기계 제조업,9.421739130434784,5.0392753623188415,2.0,0.09295650253919188,-0.010914116934566733,0.4,OK,67.4,OK,49.114374813058745,49.114374813058745,6,1,0.55,0.25,0.2,STRUCT+TIMING+AI+SECTOR,default,50,20260612,20260612,,50.0,50.0,50.0,46.38,-9.6,FRESH,0.351,,False,0.32,True,MATURE,9296.0,0.948,0.849,0.849,0.0,0.0,0.0,v22_calibrated,,,,,,,,True,12.8,,ELITE_SCORE,MATURE,9296,2.4.0,OK,,100.0,ATTACK,OK,OK,OK,OK,OK,OK,OK,0,7,True,True,True,,0,GREEN,,,0.0,AVOID,0,RR 0.78,0,0,0,0,,0.0,T=53<70,100.0,GREEN,,,0,False,0,BELOW_OFFICIAL_BAR,TOP_PICK=0,,5.0,IGNORE,IGNORE,FX_HIGH_REGIME,1,0,0,1,0,0,0,0,0,CLEAR,,,0,0,0,0,0.0,,,,,,,,,,REJECT_NO_VALIDATED_RULE,,,,,,True,True,True,True,True,True,True,True,0.0,0.0,0.0,0.0,0.0,0.0,0.0,0.0,0.0,1.0,False,False,False,1,True,15.0,1.0,,,0,0,0,,15.0,0,,False,0.0,0.0,False,,False,True,,0
374,032820,우리기술,KOSDAQ,인프라·에너지,17570,925.56,30151.0,0.0,0.0,WAIT,WAIT,3,False,0,True,52.4,52.4,53.2,63.3,36.7,0.0,15.0,51.1,26.6,66.8,0.23,10.9,,0,15850.0,13470.0,18500.0,30200.0,,2.42,1.16,22897,93.48,특이사항 없음,0,-16.03,53.4,12.23,TIMING 강점,STRUCT 보조,5일 급등,추세 관망,CRITICAL,75.3,"전동기, 발전기 및 전기 변환 · 공급 · 제어 장치 제조업",92555697635.0,51.0,39.29,0,0,29.96,23.73,13.06,-3.14,-26.79,343.13,9.42,-17.19,,0.378,0.004,1,12.0,1,0,3.42,0.84,0,0,0,1,1,10982.0,-23.27,0.4798,False,X,▲,13559,▲,O,X,4.51,250,1,1,1,1,,hold,0.0,NORMAL+PM_BLOCK_INTRADAY+EF:당일 15%+ 급등 진입 보류+ENTRY:hold,15.02,5.0,1.1,normal,7.0,v1_sl_first_gap_at_open,NORMAL+PM_BLOCK_INTRADAY+EF:당일 15%+ 급등 진입 보류+ENTRY:hold,SWING_20D,80,SWING_60D,60,,0,0.0,"전동기, 발전기 및 전기 변환 · 공급 · 제어 장치 제조업",3.3342857142857136,-17.545714285714286,14.0,0.08338076266363119,-0.000538570298999883,0.0,OK,36.7,OK,52.431289069265965,52.431289069265965,6,1,0.55,0.25,0.2,STRUCT+TIMING+AI+SECTOR,default,50,20260612,20260612,,52.4,52.4,52.4,46.38,-9.6,FRESH,0.351,,False,0.339,True,MATURE,9296.0,1.113,0.849,0.849,0.0,0.0,0.0,v22_calibrated,,,,,,,,True,5.3,,ELITE_SCORE,MATURE,9296,2.4.0,OK,,100.0,ATTACK,OK,OK,OK,OK,OK,OK,OK,0,7,True,True,True,,0,GREEN,,,0.0,AVOID,0,진입괴리 10.9% · RR 0.23 · POC 93↑,0,1,0,0,,0.0,T=63<70 · S=53≥50,100.0,GREEN,,,0,False,0,BELOW_OFFICIAL_BAR,TOP_PICK=0,VWAP/POC 과열,5.0,IGNORE,IGNORE,FX_HIGH_REGIME,1,0,0,1,0,0,0,0,0,CLEAR,,,0,0,0,0,0.0,,,,,,,,,,REJECT_NO_VALIDATED_RULE,,,,,,True,True,True,True,True,True,True,True,0.0,0.0,0.0,0.0,0.0,0.0,0.0,0.0,0.0,1.0,False,False,False,0,True,15.0,1.0,,,0,0,0,,15.0,0,,False,0.0,0.0,False,,False,True,,0
375,039490,키움증권,KOSPI,서비스 기타,363500,580.78,95339.9,0.0,0.0,WAIT,WAIT,3,False,0,True,17.2,17.2,10.7,0.0,56.8,0.0,14.9,22.5,56.8,29.0,1.21,1.5,RR1.2 + 진입적정,0,358000.0,304000.0,435500.0,454500.0,,0.78,1.09,422717,-19.95,특이사항 없음,0,-8.35,37.2,-3.24,AI 강점,,저점 이탈,추세 관망,CRITICAL,75.3,금융 지원 서비스업,58078265750.0,47.1,25.5,0,0,6.44,-0.14,-2.02,-11.45,-15.47,30.99,-15.01,-61.85,,0.778,0.197,0,12.0,1,0,1.12,0.35,0,0,0,0,-1,410650.0,-14.01,0.1808,False,X,▲,342420,▼,O,X,7.32,250,0,1,1,1,492500.0,split,50.0,NORMAL+PM_BLOCK_INTRADAY+EF:갭 7%+ 분할 진입+ENTRY:split,15.08,4.0,1.4,normal,7.0,v1_sl_first_gap_at_open,NORMAL+PM_BLOCK_INTRADAY+EF:갭 7%+ 분할 진입+ENTRY:split,SWING_20D,80,VP_RESISTANCE,65,SWING_60D,60,0.0,금융 지원 서비스업,1.6329629629629632,-10.275925925925925,12.0,0.07280408724700334,-0.06875569274529642,0.4857142857142857,OK,56.8,OK,18.543597590451437,18.543597590451437,4,1,0.55,0.25,0.2,STRUCT+TIMING+AI+SECTOR,default,50,20260612,20260612,,17.2,17.2,17.2,46.38,-9.6,FRESH,0.351,,False,0.3,True,MATURE,9296.0,1.435,0.849,0.849,0.0,0.0,0.0,v22_calibrated,,,,,,,,True,19.8,,ELITE_SCORE,MATURE,9296,2.4.0,OK,,100.0,ATTACK,OK,OK,OK,OK,OK,OK,OK,0,7,True,True,True,,0,GREEN,,,90.0,BUY,1,,0,0,0,0,,0.0,T=0<70,100.0,GREEN,,,0,False,0,ENTRY_READY_BUT_NOT_TOP_PICK,TOP_PICK=0,진입조건은 양호하나 공식 Top Pick 아님,50.0,ENTRY_CLEAN_OBSERVE,ENTRY_CLEAN_OBSERVE,FX_HIGH_REGIME,1,0,0,1,0,0,0,0,0,CLEAR,,,0,0,0,0,0.0,,,,,,,,,,REJECT_NO_VALIDATED_RULE,,,,,,True,False,True,True,False,True,True,True,0.0,0.0,0.0,0.0,20.0,0.0,0.0,0.0,20.0,0.3,False,True,False,4,False,0.0,0.0,G2RR×0.3 · G5추세붕괴4축,,0,0,0,,0.0,0,,False,0.0,0.0,False,,False,True,,0
376,000720,현대건설,KOSPI,건설·부동산,157500,1597.81,175385.3,0.0,0.0,WAIT,WAIT,3,False,0,True,50.2,50.2,46.8,49.6,60.2,0.0,14.9,52.2,13.4,83.2,0.4,6.4,밸런스우수,0,148000.0,125800.0,170300.0,198400.0,,1.81,1.2,161127,-6.06,특이사항 없음,0,-11.46,54.6,11.82,AI 강점,,5일 급등,추세 관망,CRITICAL,75.3,토목 건설업,159781180900.0,53.4,36.56,0,0,28.36,19.41,11.39,-1.99,-1.32,113.99,-5.55,-47.7,,0.247,0.223,0,12.0,0,0,1.46,0.77,0,0,0,1,1,103760.0,-2.25,0.4583,False,O,▲,125360,▲,O,X,12.88,250,0,1,1,1,,hold,0.0,NORMAL+PM_BLOCK_INTRADAY+EF:갭 12%+ 진입 보류 + 당일 15%+ 급등 진입 보류+ENTRY:hold,15.0,4.0,1.0,normal,7.0,v1_sl_first_gap_at_open,NORMAL+PM_BLOCK_INTRADAY+EF:갭 12%+ 진입 보류 + 당일 15%+ 급등 진입 보류+ENTRY:hold,SWING_20D,80,SWING_60D,60,,0,0.0,토목 건설업,4.3388888888888895,-16.964444444444446,13.0,0.07696145124716552,-0.008642503908934474,0.0,OK,60.2,OK,61.092198004831346,61.092198004831346,6,1,0.55,0.25,0.2,STRUCT+TIMING+AI+SECTOR,default,50,20260612,20260612,,50.2,50.2,50.2,46.38,-9.6,FRESH,0.351,,False,0.322,True,MATURE,9296.0,1.005,0.849,0.849,0.0,0.0,0.0,v22_calibrated,,,,,,,,True,8.1,,ELITE_SCORE,MATURE,9296,2.4.0,OK,,100.0,ATTACK,OK,OK,OK,OK,OK,OK,OK,0,7,True,True,True,,0,GREEN,,,0.0,AVOID,0,진입괴리 6.4% · RR 0.40,0,0,0,0,,0.0,T=50<70 · 전일+28%,100.0,GREEN,,,0,False,0,BELOW_OFFICIAL_BAR,TOP_PICK=0,,5.0,IGNORE,IGNORE,FX_HIGH_REGIME,1,0,0,1,0,0,0,0,0,CLEAR,,,0,0,0,0,0.0,,,,,,,,,,REJECT_NO_VALIDATED_RULE,,,,,,True,True,True,True,True,True,True,True,0.0,0.0,0.0,0.0,0.0,0.0,0.0,0.0,0.0,1.0,False,False,False,1,True,14.9,1.0,,,0,0,0,,14.9,0,,False,0.0,0.0,False,,False,True,,0
377,204320,HL만도,KOSPI,자동차·모빌리티,65000,749.75,30522.1,0.0,0.0,WAIT,WAIT,3,False,0,True,46.9,46.9,36.3,70.1,46.9,0.0,14.9,51.1,33.8,57.8,0.21,9.6,,0,59300.0,50400.0,68000.0,75800.0,,2.24,1.72,57770,4.94,특이사항 없음,0,-6.31,56.5,11.59,TIMING 강점,,5일 급등,추세 관망,CRITICAL,75.3,자동차 신품 부품 제조업,74974976150.0,56.1,34.9,0,0,30.0,17.75,5.35,2.69,27.45,24.52,-0.87,-18.93,,0.057,0.057,1,12.0,0,0,0.83,0.85,0,0,0,1,1,43710.0,12.51,0.1851,False,O,▼,52541,▼,O,X,7.2,250,1,-1,1,1,80900.0,hold,0.0,NORMAL+PM_BLOCK_INTRADAY+EF:당일 15%+ 급등 진입 보류+ENTRY:hold,15.01,5.0,1.0,normal,7.0,v1_sl_first_gap_at_open,NORMAL+PM_BLOCK_INTRADAY+EF:당일 15%+ 급등 진입 보류+ENTRY:hold,SWING_20D,80,SWING_120D,45,FIBO_1.618,25,0.0,자동차 신품 부품 제조업,9.936315789473685,2.4005263157894725,3.0,0.07362637362637361,-0.015939440447099218,0.0,OK,46.9,OK,51.66150168680783,51.66150168680783,4,1,0.55,0.25,0.2,STRUCT+TIMING+AI+SECTOR,default,50,20260612,20260612,,46.9,46.9,46.9,46.38,-9.6,FRESH,0.351,,False,0.3,True,MATURE,9296.0,0.978,0.849,0.849,0.0,0.0,0.0,v22_calibrated,,,,,,,,True,4.6,,ELITE_SCORE,MATURE,9296,2.4.0,OK,,100.0,ATTACK,OK,OK,OK,OK,OK,OK,OK,0,7,True,True,True,,0,GREEN,,,0.0,AVOID,0,진입괴리 9.6% · RR 0.21,0,0,0,0,,0.0,전일+30%,100.0,GREEN,,,0,False,0,BELOW_OFFICIAL_BAR,TOP_PICK=0,,5.0,IGNORE,IGNORE,FX_HIGH_REGIME,1,0,0,1,0,0,0,0,0,CLEAR,,,0,0,0,0,0.0,,,,,,,,,,REJECT_NO_VALIDATED_RULE,,,,,,True,True,True,True,True,True,True,True,0.0,0.0,0.0,0.0,0.0,0.0,0.0,0.0,0.0,1.0,False,False,False,1,True,14.9,1.0,,,0,0,0,,14.9,0,,False,0.0,0.0,False,,False,True,,0
378,007390,네이처셀,KOSDAQ,기타,32000,325.33,20619.2,0.0,0.0,WAIT,WAIT,3,False,0,True,63.4,63.4,78.3,64.7,20.7,0.0,14.8,54.6,57.6,28.0,0.61,13.9,,0,28100.0,23850.0,36950.0,39550.0,,0.41,0.83,25830,59.49,특이사항 없음,0,51.66,70.8,19.57,STRUCT 강점,TIMING 보조,RSI 과열,추세 관망,CRITICAL,75.3,기초 의약물질 제조업,32532636975.0,66.8,95.38,0,0,-0.62,-5.74,-0.93,76.41,74.1,46.12,88.97,83.7,,0.017,0.017,1,12.0,1,0,1.01,0.76,0,0,0,1,1,24831.0,23.89,-0.4749,False,O,▲,33452,▼,X,X,0.78,250,0,1,1,1,44300.0,enter,100.0,NORMAL+PM_BLOCK_INTRADAY+EF:정상,15.12,5.0,2.1,normal,7.0,v1_sl_first_gap_at_open,NORMAL+PM_BLOCK_INTRADAY+EF:정상,SWING_20D,80,BB_UPPER,75,ATR_3.5x,45,0.0,기초 의약물질 제조업,2.1077380952380955,-2.2075,9.0,0.144453125,0.25815420673565503,0.671875,OK,20.7,OK,44.43676019518359,44.43676019518359,2,0,0.55,0.25,0.2,STRUCT+TIMING+AI+SECTOR,default,50,20260612,20260612,,63.4,63.4,63.4,46.38,-9.6,FRESH,0.351,,False,0.427,True,MATURE,9296.0,2.082,0.849,0.849,0.0,0.0,0.0,v22_calibrated,,,,,,,,True,15.5,,ELITE_SCORE,MATURE,9296,2.4.0,OK,,100.0,ATTACK,OK,OK,OK,OK,OK,OK,OK,0,7,True,True,True,,1,RED,B_RED,STRUCT 70~85 위험 구간 + VWAP_GAP > 8% 과열,0.0,AVOID,0,진입괴리 13.9% · RR 0.61 · VWAP 24↑,0,0,0,0,,0.0,T=65<70 · S=78≥50,85.0,CAUTION,B_RED_SHADOW,B_red shadow 감점 -15: STRUCT 70~85 + VWAP_GAP>8 위험 조합 · 공식 매수 차단 아님,1,False,0,BELOW_OFFICIAL_BAR,TOP_PICK=0,EBS 미통과/불명,0.0,IGNORE,IGNORE,FX_HIGH_REGIME,1,0,0,1,0,0,0,0,0,CLEAR,,,0,0,0,0,0.0,,,,,,,,,,REJECT_NO_VALIDATED_RULE,,,,,,True,True,True,True,True,True,True,True,0.0,0.0,0.0,0.0,0.0,0.0,0.0,0.0,0.0,1.0,False,False,False,2,True,14.8,1.0,,,0,0,0,,14.8,0,,False,0.0,0.0,False,,False,True,,0
379,105560,KB금융,KOSPI,금융,161200,2538.88,571756.6,0.0,,WAIT,WAIT,3,False,0,True,49.6,49.6,50.3,50.8,46.4,0.0,14.7,49.2,4.4,94.5,0.79,1.5,밸런스우수 + 진입적정,0,158800.0,142800.0,175700.0,189500.0,,-1.45,1.01,155518,3.37,특이사항 없음,3,0.48,53.7,3.54,TIMING 강점,STRUCT 보조,,스퀴즈/품질 대기,CRITICAL,75.3,기타 금융업,253888292900.0,54.4,13.53,1,0,6.4,-6.06,7.68,6.05,7.97,29.17,2.49,-38.41,,0.126,0.126,1,10.9,1,0,0.98,0.5,38043,30789,68832,1,1,149670.0,3.65,-0.0945,False,O,▲,157489,▲,O,X,2.97,250,0,1,1,1,196900.0,enter,100.0,NORMAL+PM_BLOCK_INTRADAY+EF:정상,10.08,4.0,1.1,normal,7.0,v1_sl_first_gap_at_open,NORMAL+PM_BLOCK_INTRADAY+EF:정상,SWING_20D,80,ATR_3.5x,45,FIBO_1.618,25,0.0,기타 금융업,1.90825,-1.16975,7.0,0.05436901807869549,0.714430679013405,0.4444444444444444,OK,46.4,OK,25.968779590367745,25.968779590367745,6,1,0.55,0.25,0.2,STRUCT+TIMING+AI+SECTOR,default,50,20260612,20260612,,49.6,49.6,49.6,46.38,-9.6,FRESH,0.351,elite_low_wr_0.35,True,0.317,True,MATURE,9296.0,1.056,0.849,0.849,0.0,0.0,,v22_calibrated,,,,,,,,True,9.0,,ELITE_SCORE,MATURE,9296,2.4.0,OK,,100.0,ATTACK,OK,OK,OK,OK,OK,OK,OK,0,7,True,True,True,,0,GREEN,,,0.0,AVOID,0,RR 0.79,0,0,0,0,,0.0,T=51<70 · S=50≥50,100.0,GREEN,,,0,False,0,BELOW_OFFICIAL_BAR,TOP_PICK=0,,5.0,IGNORE,IGNORE,FX_HIGH_REGIME,1,0,0,1,0,0,0,0,0,CLEAR,,,0,0,0,0,0.0,,,,,,,,,,REJECT_NO_VALIDATED_RULE,,,,,,True,True,True,True,True,True,True,True,0.0,0.0,0.0,0.0,0.0,0.0,0.0,0.0,0.0,1.0,False,False,False,1,True,14.7,1.0,,,0,0,0,,14.7,0,,False,0.0,0.0,False,,False,True,,0
380,010130,고려아연,KOSPI,철강·금속,1201000,259.92,250684.4,0.0,0.0,WAIT,WAIT,3,False,0,True,10.9,10.9,0.0,16.6,33.9,0.0,14.6,16.8,33.9,57.6,1.88,1.5,RR1.9 + 진입적정,0,1183000.0,1017000.0,1547000.0,1786000.0,,1.28,0.89,1533731,-23.77,특이사항 없음,0,-16.41,29.7,-9.86,,,저점 이탈,추세 관망,CRITICAL,75.3,1차 비철금속 제조업,25992274500.0,34.9,31.28,0,0,3.18,-5.06,-12.01,-19.99,-24.94,-21.81,-23.55,-71.32,,0.947,0.125,0,12.0,1,0,1.54,0.25,0,0,0,0,-1,1374600.0,-21.69,0.0948,False,X,▼,1172858,▼,O,X,4.81,250,0,-1,-1,1,2188000.0,enter,100.0,NORMAL+PM_BLOCK_INTRADAY+EF:정상,14.03,4.0,2.2,normal,7.0,v1_sl_first_gap_at_open,NORMAL+PM_BLOCK_INTRADAY+EF:정상,SWING_20D,80,SWING_60D,60,SWING_120D,45,0.0,1차 비철금속 제조업,-2.065555555555555,-22.175555555555558,15.0,0.0640537647198763,-0.14201438759528817,0.5263157894736842,OK,33.9,OK,28.42450066992802,28.42450066992802,4,1,0.55,0.25,0.2,STRUCT+TIMING+AI+SECTOR,default,50,20260612,20260612,,10.9,10.9,10.9,46.38,-9.6,FRESH,0.351,,False,0.3,True,MATURE,9296.0,2.193,0.849,0.849,0.0,0.0,0.0,v22_calibrated,,,,,,,,True,28.8,,ELITE_SCORE,MATURE,9296,2.4.0,OK,,100.0,ATTACK,OK,OK,OK,OK,OK,OK,OK,0,7,True,True,True,,0,GREEN,,,90.0,BUY,1,,0,0,0,0,,0.0,T=17<70,100.0,GREEN,,,0,False,0,ENTRY_READY_BUT_NOT_TOP_PICK,TOP_PICK=0,진입조건은 양호하나 공식 Top Pick 아님,50.0,ENTRY_CLEAN_OBSERVE,ENTRY_CLEAN_OBSERVE,FX_HIGH_REGIME,1,0,0,1,0,0,0,0,0,CLEAR,,,0,0,0,0,0.0,,,,,,,,,,REJECT_NO_VALIDATED_RULE,,,,,,True,False,True,True,False,True,True,True,0.0,0.0,0.0,0.0,20.0,0.0,0.0,0.0,20.0,0.5,False,True,False,4,False,0.0,0.0,G2RR×0.5 · G5추세붕괴4축,,0,0,0,,0.0,0,,False,0.0,0.0,False,,False,True,,0
381,097230,HJ중공업,KOSPI,건설·부동산,21600,125.24,19503.8,0.0,0.0,WAIT,WAIT,3,False,0,True,18.2,18.2,15.8,0.0,47.4,0.0,14.6,21.1,47.4,40.8,1.05,1.4,RR1.1 + 진입적정,0,21300.0,18140.0,25250.0,27550.0,,0.07,0.59,27005,-21.59,특이사항 없음,0,-3.97,47.7,-0.8,거래품질 우수,,,추세 관망,CRITICAL,75.3,토목 건설업,12524196350.0,43.5,22.47,0,0,3.85,-0.69,4.1,-12.02,-18.64,-2.04,-15.58,-65.02,,0.969,0.271,0,12.0,1,0,2.58,0.38,0,0,0,0,-1,24848.0,-20.02,0.2034,False,X,▼,20594,▲,O,X,5.29,250,0,-1,1,1,33800.0,enter,100.0,NORMAL+PM_BLOCK_INTRADAY+EF:정상,14.84,5.0,1.2,normal,7.0,v1_sl_first_gap_at_open,NORMAL+PM_BLOCK_INTRADAY+EF:정상,SWING_20D,80,VP_RESISTANCE,65,SWING_60D,60,0.0,토목 건설업,4.3388888888888895,-16.964444444444446,13.0,0.06964285714285715,-0.004848767974784262,0.29411764705882354,OK,47.4,OK,8.542745624088411,8.542745624088411,6,1,0.55,0.25,0.2,STRUCT+TIMING+AI+SECTOR,default,50,20260612,20260612,,18.2,18.2,18.2,46.38,-9.6,FRESH,0.351,,False,0.3,True,MATURE,9296.0,1.25,0.849,0.849,0.0,0.0,0.0,v22_calibrated,,,,,,,,True,16.9,,ELITE_SCORE,MATURE,9296,2.4.0,OK,,100.0,ATTACK,OK,OK,OK,OK,OK,OK,OK,0,7,True,True,True,,0,GREEN,,,0.0,AVOID,0,RR 1.05,0,0,0,0,,0.0,T=0<70,100.0,GREEN,,,0,False,0,BELOW_OFFICIAL_BAR,TOP_PICK=0,,10.0,IGNORE,IGNORE,FX_HIGH_REGIME,1,0,0,1,0,0,0,0,0,CLEAR,,,0,0,0,0,0.0,,,,,,,,,,REJECT_NO_VALIDATED_RULE,,,,,,True,False,True,True,False,True,True,True,0.0,0.0,0.0,0.0,20.0,0.0,0.0,0.0,20.0,0.3,False,True,False,3,False,0.0,0.0,G2RR×0.3 · G5추세붕괴3축,,0,0,0,,0.0,0,,False,0.0,0.0,False,,False,True,,0
382,464080,에스오에스랩,KOSDAQ,기타,12150,146.63,2180.6,0.0,0.0,WAIT,WAIT,3,False,0,True,14.1,14.1,0.0,0.0,70.3,0.0,14.5,23.4,70.3,12.1,2.13,6.4,RR2.1,0,11420.0,9700.0,17370.0,19320.0,,1.67,3.01,15830,-30.75,특이사항 없음,0,-15.0,46.4,-2.74,AI 강점,,저점 이탈,추세 관망,CRITICAL,75.3,"측정, 시험, 항해, 제어 및 기타 정밀기기 제조업; 광학기기 제외",14662974510.0,60.0,51.26,0,0,18.19,8.29,-5.89,-27.51,-20.85,8.97,-14.95,-11.25,,0.938,0.084,0,12.0,1,0,1.42,0.31,0,0,0,0,-1,13680.0,-23.25,0.4226,False,X,▼,10218,▼,O,X,3.11,250,0,-1,-1,1,28700.0,hold,0.0,NORMAL+PM_BLOCK_INTRADAY+EF:당일 15%+ 급등 진입 보류+ENTRY:hold,15.06,6.0,3.5,normal,7.0,v1_sl_first_gap_at_open,NORMAL+PM_BLOCK_INTRADAY+EF:당일 15%+ 급등 진입 보류+ENTRY:hold,SWING_20D,80,SWING_60D,60,SWING_120D,45,0.0,"측정, 시험, 항해, 제어 및 기타 정밀기기 제조업; 광학기기 제외",2.1077380952380955,-2.2075,9.0,0.11216931216931217,-0.00603307057614605,0.4368231046931408,OK,70.3,OK,4.5,4.5,6,1,0.55,0.25,0.2,STRUCT+TIMING+AI+SECTOR,default,50,20260612,20260612,,14.1,14.1,14.1,46.38,-9.6,FRESH,0.351,,False,0.3,True,MATURE,9296.0,3.459,0.849,0.849,0.0,0.0,0.0,v22_calibrated,,,,,,,,True,43.0,,ELITE_SCORE,MATURE,9296,2.4.0,OK,,100.0,ATTACK,OK,OK,OK,OK,OK,OK,OK,0,7,True,True,True,,0,GREEN,,,0.0,AVOID,0,진입괴리 6.4%,0,0,0,0,,0.0,T=0<70 · 전일+18%,100.0,GREEN,,,0,False,0,BELOW_OFFICIAL_BAR,TOP_PICK=0,,15.0,IGNORE,IGNORE,FX_HIGH_REGIME,1,0,0,1,0,0,0,0,0,CLEAR,,,0,0,0,0,0.0,,,,,,,,,,REJECT_NO_VALIDATED_RULE,,,,,,True,False,True,True,False,True,True,True,0.0,0.0,0.0,0.0,20.0,0.0,0.0,0.0,20.0,0.3,False,True,False,4,False,0.0,0.0,G2RR×0.3 · G5추세붕괴4축,,0,0,0,,0.0,0,,False,0.0,0.0,False,,False,True,,0
383,290690,소룩스,KOSDAQ,기타,4800,59.8,2446.7,0.0,0.0,WAIT,WAIT,3,False,0,True,10.2,10.2,0.5,20.0,24.5,0.0,14.4,15.0,24.0,70.0,3.02,1.5,RR3.0 + 진입적정,0,4730.0,4015.0,7170.0,8280.0,,1.9,0.15,4886,14.7,특이사항 없음,1,-5.9,44.0,-3.22,,,저점 이탈,추세 관망,CRITICAL,75.3,전구 및 조명장치 제조업,5979788037.0,52.4,41.76,1,0,3.78,7.99,-13.04,45.45,47.92,2.78,58.01,57.52,,0.332,0.199,1,12.0,0,0,0.78,0.27,0,0,0,0,1,4095.5,-1.78,0.2071,False,O,▲,4345,▼,O,X,-0.54,250,0,1,1,1,9690.0,enter,100.0,NORMAL+WARN:ATR%=20.4% > 20% — 이상치 의심+PM_BLOCK_INTRADAY+EF:정상,15.12,6.0,3.4,normal,7.0,v1_sl_first_gap_at_open,NORMAL+WARN:ATR%=20.4% > 20% — 이상치 의심+PM_BLOCK_INTRADAY+EF:정상,SWING_20D,80,FIBO_1.272,40,FIBO_1.618,25,0.0,전구 및 조명장치 제조업,2.1077380952380955,-2.2075,9.0,0.13563988095238094,0.08036106507858193,0.4948453608247423,OK,24.5,OK,4.5,4.5,4,1,0.55,0.25,0.2,STRUCT+TIMING+AI+SECTOR,default,50,20260612,20260612,,10.2,10.2,10.2,46.38,-9.6,FRESH,0.351,,False,0.3,True,MATURE,9296.0,3.413,0.849,0.849,0.0,0.0,0.0,v22_calibrated,,,,,,,,True,49.4,,ELITE_SCORE,MATURE,9296,2.4.0,OK,,100.0,ATTACK,OK,OK,OK,OK,OK,OK,OK,0,7,True,True,True,,0,GREEN,,,90.0,BUY,1,,0,0,0,0,,0.0,T=20<70,100.0,GREEN,,,0,False,0,ENTRY_READY_BUT_NOT_TOP_PICK,TOP_PICK=0,진입조건은 양호하나 공식 Top Pick 아님,50.0,ENTRY_CLEAN_OBSERVE,ENTRY_CLEAN_OBSERVE,FX_HIGH_REGIME,1,0,0,1,0,0,0,0,0,CLEAR,,,0,0,0,0,0.0,,,,,,,,,,REJECT_NO_VALIDATED_RULE,,,,,,True,False,True,True,True,True,True,True,0.0,0.0,0.0,0.0,0.0,0.0,0.0,0.0,0.0,0.5,False,False,False,2,False,7.2,0.5,G2RR×0.5,,0,0,0,,7.2,0,,False,0.0,0.0,False,,False,True,,0
384,012450,한화에어로스페이스,KOSPI,기타,1078000,2527.12,555853.5,0.0,0.0,WAIT,WAIT,3,False,0,True,12.2,12.2,0.0,8.4,50.4,0.0,14.3,19.6,50.4,37.0,1.61,1.5,RR1.6 + 진입적정,0,1062000.0,913000.0,1344000.0,1404000.0,,0.84,0.98,1316234,-23.22,특이사항 없음,0,-19.14,27.3,-6.79,AI 강점,,저점 이탈,추세 관망,CRITICAL,75.3,"항공기,우주선 및 부품 제조업",252711857000.0,29.8,36.02,0,0,6.31,2.76,-10.17,-16.17,-26.96,19.25,-19.73,-73.34,,0.867,0.139,0,12.0,0,0,1.04,0.32,33418,15092,48510,0,-1,1204000.0,-18.1,0.3127,False,X,▼,985121,▼,O,X,2.07,250,0,-1,1,1,1570000.0,enter,100.0,NORMAL+PM_BLOCK_INTRADAY+EF:정상,14.03,4.0,1.9,normal,7.0,v1_sl_first_gap_at_open,NORMAL+PM_BLOCK_INTRADAY+EF:정상,SWING_20D,80,VP_RESISTANCE,65,SWING_60D,60,0.0,"항공기,우주선 및 부품 제조업",2.1077380952380955,-2.2075,9.0,0.06738669493771535,-0.15093796332487697,0.35064935064935066,OK,50.4,OK,21.042339864818864,21.042339864818864,2,0,0.55,0.25,0.2,STRUCT+TIMING+AI+SECTOR,default,50,20260612,20260612,,12.2,12.2,12.2,46.38,-9.6,FRESH,0.351,,False,0.3,True,MATURE,9296.0,1.893,0.849,0.849,0.0,0.0,0.0,v22_calibrated,,,,,,,,True,24.7,,ELITE_SCORE,MATURE,9296,2.4.0,OK,,100.0,ATTACK,OK,OK,OK,OK,OK,OK,OK,0,7,True,True,True,,0,GREEN,,,90.0,BUY,1,,0,0,0,0,,0.0,T=8<70,100.0,GREEN,,,0,False,0,ENTRY_READY_BUT_NOT_TOP_PICK,TOP_PICK=0,진입조건은 양호하나 공식 Top Pick 아님,45.0,ENTRY_CLEAN_OBSERVE,ENTRY_CLEAN_OBSERVE,FX_HIGH_REGIME,1,0,0,1,0,0,0,0,0,CLEAR,,,0,0,0,0,0.0,,,,,,,,,,REJECT_NO_VALIDATED_RULE,,,,,,True,False,True,True,False,True,True,True,0.0,0.0,0.0,0.0,20.0,0.0,0.0,0.0,20.0,0.5,False,True,False,4,False,0.0,0.0,G2RR×0.5 · G5추세붕괴4축,,0,0,0,,0.0,0,,False,0.0,0.0,False,,False,True,,0
385,104830,원익머트리얼즈,KOSDAQ,화학·소재,47600,68.84,6001.4,0.0,0.0,WAIT,WAIT,3,False,0,True,51.2,51.2,46.2,42.2,76.2,0.0,14.2,54.9,34.0,57.5,0.36,2.5,,0,46450.0,39450.0,50500.0,59900.0,,1.75,2.02,47076,8.23,특이사항 없음,0,-12.26,51.7,8.08,AI 강점,,5일 급등,추세 관망,CRITICAL,75.3,기초 화학물질 제조업,6883697275.0,51.3,27.69,0,0,9.17,15.82,8.06,-3.55,8.06,56.07,9.01,17.66,,0.246,0.216,1,12.0,1,0,1.14,0.8,0,0,0,1,-1,48470.0,1.11,0.5314,False,O,▲,40431,▲,O,X,3.9,250,0,1,1,1,,enter,100.0,NORMAL+PM_BLOCK_INTRADAY+EF:정상,15.07,5.0,0.6,normal,7.0,v1_sl_first_gap_at_open,NORMAL+PM_BLOCK_INTRADAY+EF:정상,SWING_20D,80,ATR_3.5x,45,,0,0.0,기초 화학물질 제조업,6.03945945945946,-4.1432432432432424,8.0,0.08073229291716687,-0.035934674696884814,0.42857142857142855,OK,76.2,OK,36.0,36.0,6,1,0.55,0.25,0.2,STRUCT+TIMING+AI+SECTOR,default,50,20260612,20260612,,51.2,51.2,51.2,46.38,-9.6,FRESH,0.351,,False,0.33,True,MATURE,9296.0,0.579,0.849,0.579,0.0,0.0,0.0,v22_calibrated,,,,,,,,True,6.1,,ELITE_SCORE,MATURE,9296,2.4.0,OK,,100.0,ATTACK,OK,OK,OK,OK,OK,OK,OK,0,7,True,True,True,,0,GREEN,,,0.0,AVOID,0,RR 0.36,0,0,0,0,,0.0,T=42<70,100.0,GREEN,,,0,False,0,BELOW_OFFICIAL_BAR,TOP_PICK=0,,5.0,IGNORE,IGNORE,FX_HIGH_REGIME,1,0,0,1,0,0,0,0,0,CLEAR,,,0,0,0,0,0.0,,,,,,,,,,REJECT_NO_VALIDATED_RULE,,,,,,True,True,True,True,True,True,True,True,0.0,0.0,0.0,0.0,0.0,0.0,0.0,0.0,0.0,1.0,False,False,False,1,True,14.2,1.0,,,0,0,0,,14.2,0,,False,0.0,0.0,False,,False,True,,0
386,001430,세아베스틸지주,KOSPI,철강·금속,47800,117.47,17142.1,0.0,0.0,WAIT,WAIT,3,False,0,True,13.6,13.6,0.0,0.0,67.9,0.0,14.1,22.6,67.9,15.1,4.63,1.5,RR4.6 + 진입적정,0,47100.0,40000.0,83900.0,92500.0,,-0.08,0.69,66150,-29.64,특이사항 없음,0,-21.46,21.4,-16.65,AI 강점,,저점 이탈,추세 관망,CRITICAL,75.3,1차 철강 제조업,11746606475.0,30.4,70.04,0,0,3.13,-2.35,-13.87,-33.98,-28.97,38.75,-37.54,-75.35,,0.905,0.151,0,12.0,0,0,0.85,0.14,0,0,0,0,-1,58820.0,-27.74,0.5757,False,X,▼,42738,▼,O,X,7.12,250,0,-1,-1,1,,split,50.0,NORMAL+PM_BLOCK_INTRADAY+EF:갭 7%+ 분할 진입+ENTRY:split,15.07,5.0,5.2,normal,7.0,v1_sl_first_gap_at_open,NORMAL+PM_BLOCK_INTRADAY+EF:갭 7%+ 분할 진입+ENTRY:split,SWING_20D,80,SWING_120D,45,,0,0.0,1차 철강 제조업,-2.065555555555555,-22.175555555555558,15.0,0.09705618649133295,-0.037721708901121934,0.288135593220339,OK,67.9,OK,18.403383313810178,18.403383313810178,2,0,0.55,0.25,0.2,STRUCT+TIMING+AI+SECTOR,default,50,20260612,20260612,,13.6,13.6,13.6,46.38,-9.6,FRESH,0.351,,False,0.3,True,MATURE,9296.0,5.183,0.849,0.849,0.0,0.0,0.0,v22_calibrated,,,,,,,,True,75.5,,ELITE_SCORE,MATURE,9296,2.4.0,OK,,100.0,ATTACK,OK,OK,OK,OK,OK,OK,OK,0,7,True,True,True,,0,GREEN,,,90.0,BUY,1,,0,0,0,0,,0.0,T=0<70,100.0,GREEN,,,0,False,0,ENTRY_READY_BUT_NOT_TOP_PICK,TOP_PICK=0,진입조건은 양호하나 공식 Top Pick 아님,45.0,ENTRY_CLEAN_OBSERVE,ENTRY_CLEAN_OBSERVE,FX_HIGH_REGIME,1,0,0,1,0,0,0,0,0,CLEAR,,,0,0,0,0,0.0,,,,,,,,,,REJECT_NO_VALIDATED_RULE,,,,,,True,False,True,False,False,True,True,True,0.0,0.0,0.0,0.0,20.0,0.0,0.0,0.0,20.0,0.3,True,True,False,4,False,0.0,0.0,G2RR×0.3 · G4저모멘텀차단 · G5추세붕괴4축,,0,0,0,,0.0,0,,False,0.0,0.0,False,,False,True,,0
387,036540,SFA반도체,KOSDAQ,반도체,7260,366.72,11939.8,0.0,0.0,WAIT,WAIT,3,False,0,True,20.6,20.6,27.3,0.0,28.0,0.0,14.1,18.4,28.0,65.0,3.68,1.5,RR3.7 + 진입적정,0,7150.0,6070.0,11640.0,13190.0,,0.37,0.39,8905,-2.62,특이사항 없음,0,-15.16,40.3,-10.9,,,저점 이탈,추세 관망,CRITICAL,75.3,반도체 제조업,36671952925.0,73.2,57.31,0,0,5.07,1.11,-19.33,-9.81,3.27,76.21,2.75,12.87,,0.648,0.288,0,12.0,1,0,1.98,0.17,0,0,0,0,-1,9054.0,-18.47,0.3134,False,X,▲,6543,▼,O,X,7.09,250,0,1,1,1,15160.0,split,50.0,NORMAL+PM_BLOCK_INTRADAY+EF:갭 7%+ 분할 진입+ENTRY:split,15.1,5.0,4.2,normal,7.0,v1_sl_first_gap_at_open,NORMAL+PM_BLOCK_INTRADAY+EF:갭 7%+ 분할 진입+ENTRY:split,SWING_20D,80,FIBO_1.272,40,FIBO_1.618,25,0.0,반도체 제조업,7.3096000000000005,9.6216,1.0,0.13449429358520268,0.05824949594333135,0.4418604651162791,OK,28.0,OK,4.5,4.5,4,1,0.55,0.25,0.2,STRUCT+TIMING+AI+SECTOR,default,50,20260612,20260612,,20.6,20.6,20.6,46.38,-9.6,FRESH,0.351,,False,0.3,True,MATURE,9296.0,4.157,0.849,0.849,0.0,0.0,0.0,v22_calibrated,,,,,,,,True,60.3,,ELITE_SCORE,MATURE,9296,2.4.0,OK,,100.0,ATTACK,OK,OK,OK,OK,OK,OK,OK,0,7,True,True,True,,0,GREEN,,,90.0,BUY,1,,0,0,0,0,,0.0,T=0<70,100.0,GREEN,,,0,False,0,ENTRY_READY_BUT_NOT_TOP_PICK,TOP_PICK=0,진입조건은 양호하나 공식 Top Pick 아님,50.0,ENTRY_CLEAN_OBSERVE,ENTRY_CLEAN_OBSERVE,FX_HIGH_REGIME,1,0,0,1,0,0,0,0,0,CLEAR,,,0,0,0,0,0.0,,,,,,,,,,REJECT_NO_VALIDATED_RULE,,,,,,True,False,True,True,False,True,True,True,0.0,0.0,0.0,0.0,20.0,0.0,0.0,0.0,20.0,0.3,False,True,False,4,False,0.0,0.0,G2RR×0.3 · G5추세붕괴4축,,0,0,0,,0.0,0,,False,0.0,0.0,False,,False,True,,0
388,254490,미래반도체,KOSDAQ,기타,25650,99.53,3703.3,0.0,0.0,WAIT,WAIT,3,False,0,True,17.7,17.7,16.5,0.0,43.2,0.0,14.0,19.9,43.2,46.0,5.29,1.6,RR5.3 + 진입적정,0,25250.0,21450.0,47850.0,56700.0,,0.46,0.55,30164,38.88,특이사항 없음,0,-16.76,31.8,-12.56,,,저점 이탈,추세 관망,CRITICAL,75.3,기타 전문 도매업,9952821700.0,45.9,75.71,0,0,5.56,4.91,-8.56,-32.14,33.87,71.0,-19.58,43.47,,0.325,0.111,1,12.0,0,0,1.86,0.15,0,0,0,0,-1,32062.5,-14.97,0.6102,False,O,▲,22335,▲,O,X,5.76,250,0,1,1,1,67800.0,enter,100.0,NORMAL+PM_BLOCK_INTRADAY+EF:정상,15.05,6.0,5.9,normal,7.0,v1_sl_first_gap_at_open,NORMAL+PM_BLOCK_INTRADAY+EF:정상,SWING_20D,80,FIBO_1.272,40,FIBO_1.618,25,0.0,기타 전문 도매업,2.1077380952380955,-2.2075,9.0,0.123572820941242,-0.012035389078048589,0.6571428571428571,OK,43.2,OK,4.5,4.5,4,1,0.55,0.25,0.2,STRUCT+TIMING+AI+SECTOR,default,50,20260612,20260612,,17.7,17.7,17.7,46.38,-9.6,FRESH,0.351,,False,0.3,True,MATURE,9296.0,5.947,0.849,0.849,0.0,0.0,0.0,v22_calibrated,,,,,,,,True,86.5,,ELITE_SCORE,MATURE,9296,2.4.0,OK,,100.0,ATTACK,OK,OK,OK,OK,OK,OK,OK,0,7,True,True,True,,0,GREEN,,,90.0,BUY,1,,0,0,0,0,,0.0,T=0<70,100.0,GREEN,,,0,False,0,BELOW_OFFICIAL_BAR,TOP_PICK=0,,35.0,IGNORE,IGNORE,FX_HIGH_REGIME,1,0,0,1,0,0,0,0,0,CLEAR,,,0,0,0,0,0.0,,,,,,,,,,REJECT_NO_VALIDATED_RULE,,,,,,True,False,True,True,True,True,False,True,0.0,0.0,0.0,0.0,0.0,0.0,15.0,0.0,15.0,0.3,False,False,False,2,False,0.0,0.0,G2RR×0.3 · G7윗꼬리약세-15,,0,0,0,,0.0,0,,False,0.0,0.0,False,,False,True,,0
389,000240,한국앤컴퍼니,KOSPI,금융,27300,174.56,25917.3,0.0,0.0,WAIT,WAIT,3,False,0,True,67.9,67.9,92.7,44.5,28.7,0.0,13.9,55.3,64.0,20.0,0.69,1.5,진입적정,0,26900.0,23750.0,29750.0,32200.0,📦박스돌파,1.4,3.17,25001,8.38,특이사항 없음,3,5.66,70.7,10.71,STRUCT 강점,,RSI 과열,추세 관망,CRITICAL,75.3,기타 금융업,17456017950.0,70.5,17.44,0,0,5.61,10.08,13.28,16.42,9.86,-0.55,12.86,-36.52,,0.164,0.096,1,11.1,1,1,1.46,0.68,0,0,0,1,1,22880.0,9.19,0.1791,False,O,▲,25780,▲,O,X,3.09,250,0,1,1,1,36450.0,enter,100.0,NORMAL+PM_BLOCK_INTRADAY+EF:정상,11.71,5.0,0.9,normal,7.0,v1_sl_first_gap_at_open,NORMAL+PM_BLOCK_INTRADAY+EF:정상,SWING_20D,80,ATR_3.5x,45,SWING_120D,45,0.0,기타 금융업,1.90825,-1.16975,7.0,0.055272108843537414,0.05146342468313219,0.6533333333333333,OK,28.7,OK,30.62774504001425,30.62774504001425,8,1,0.55,0.25,0.2,STRUCT+TIMING+AI+SECTOR,default,50,20260612,20260612,,67.9,67.9,67.9,46.38,-9.6,FRESH,0.351,,False,0.463,False,MATURE,9296.0,0.905,0.849,0.849,0.0,0.0,0.0,v22_calibrated,,,,,,,,True,9.0,,ELITE_SCORE,MATURE,9296,2.4.0,OK,,100.0,ATTACK,OK,OK,OK,OK,OK,OK,OK,0,7,True,True,True,,0,GREEN,,,0.0,AVOID,0,RR 0.69,0,0,0,0,,0.0,T=44<70 · S=93≥50,100.0,GREEN,,,0,False,0,BELOW_OFFICIAL_BAR,TOP_PICK=0,,13.0,IGNORE,IGNORE,FX_HIGH_REGIME,1,0,0,1,0,0,0,0,0,CLEAR,,,0,0,0,0,0.0,,,,,,,,,,REJECT_NO_VALIDATED_RULE,,,,,,True,True,True,True,True,True,True,True,0.0,0.0,0.0,0.0,0.0,0.0,0.0,0.0,0.0,1.0,False,False,False,0,True,13.9,1.0,,,0,0,0,,13.9,0,,False,0.0,0.0,False,,False,True,,0
390,093320,케이아이엔엑스,KOSDAQ,서비스 기타,125200,52.23,6109.8,0.0,0.0,WAIT,WAIT,3,False,0,True,51.1,51.1,51.0,79.2,16.2,0.0,13.9,48.8,63.0,21.2,0.21,4.2,,0,120100.0,108100.0,128800.0,141600.0,,2.11,4.16,110801,2.17,특이사항 없음,5,-4.76,69.8,9.67,TIMING 강점,STRUCT 보조,,추세 관망,CRITICAL,75.3,"자료처리, 호스팅, 포털 및 기타 인터넷 정보매개 서비스업",5222614700.0,70.3,11.6,1,0,9.44,10.41,11.79,2.71,22.87,4.51,15.27,32.47,,0.139,0.139,1,9.8,0,1,1.43,0.85,0,0,0,1,1,102900.0,12.99,0.1696,False,O,▼,113856,▲,O,X,0.52,250,0,-1,1,1,145100.0,enter,100.0,NORMAL+PM_BLOCK_INTRADAY+EF:정상,9.99,5.0,0.7,normal,7.0,v1_sl_first_gap_at_open,NORMAL+PM_BLOCK_INTRADAY+EF:정상,SWING_20D,80,ATR_3.5x,45,SWING_120D,45,0.0,"자료처리, 호스팅, 포털 및 기타 인터넷 정보매개 서비스업",1.6329629629629632,-10.275925925925925,12.0,0.049064354176175266,-0.00222143730096671,0.2608695652173913,OK,16.2,OK,51.94797563288411,51.94797563288411,6,1,0.55,0.25,0.2,STRUCT+TIMING+AI+SECTOR,default,50,20260612,20260612,,51.1,51.1,51.1,46.38,-9.6,FRESH,0.351,,False,0.329,True,MATURE,9296.0,0.725,0.849,0.725,0.0,0.0,0.0,v22_calibrated,,,,,,,,True,2.9,,ELITE_SCORE,MATURE,9296,2.4.0,OK,,100.0,ATTACK,OK,OK,OK,OK,OK,OK,OK,0,7,True,True,True,,0,GREEN,,,0.0,AVOID,0,진입괴리 4.2% · RR 0.21,0,0,0,0,,0.0,S=51≥50,100.0,GREEN,,,0,False,0,BELOW_OFFICIAL_BAR,TOP_PICK=0,,5.0,IGNORE,IGNORE,FX_HIGH_REGIME,1,0,0,1,0,0,0,0,0,CLEAR,,,0,0,0,0,0.0,,,,,,,,,,REJECT_NO_VALIDATED_RULE,,,,,,True,True,True,True,True,True,True,True,0.0,0.0,0.0,0.0,0.0,0.0,0.0,0.0,0.0,1.0,False,False,False,0,True,13.9,1.0,,,0,0,0,,13.9,0,,False,0.0,0.0,False,,False,True,,0
391,450080,에코프로머티,KOSPI,2차전지,56000,245.3,39595.1,0.0,0.0,WAIT,WAIT,3,False,0,True,16.5,16.5,12.8,0.0,47.2,0.0,13.8,20.0,47.2,41.0,1.68,1.4,RR1.7 + 진입적정,0,55200.0,46850.0,71400.0,88800.0,,1.16,0.7,73318,-22.38,특이사항 없음,0,-14.89,37.1,-7.09,거래품질 우수,,저점 이탈,추세 관망,CRITICAL,75.3,일차전지 및 이차전지 제조업,24529939500.0,38.8,37.44,0,0,6.26,1.63,-13.18,-17.4,-9.53,-9.39,-20.96,-55.91,,0.949,0.11,0,12.0,1,0,2.15,0.3,0,0,0,0,-1,64210.0,-23.62,0.3568,False,X,▼,51456,▼,O,X,5.31,250,0,-1,1,1,,enter,100.0,NORMAL+PM_BLOCK_INTRADAY+EF:정상,15.13,5.0,1.9,normal,7.0,v1_sl_first_gap_at_open,NORMAL+PM_BLOCK_INTRADAY+EF:정상,SWING_20D,80,SWING_60D,60,,0,0.0,일차전지 및 이차전지 제조업,-3.6455555555555557,-21.337777777777777,16.0,0.0785076530612245,-0.060235378774409314,0.48,OK,47.2,OK,14.168571858308312,14.168571858308312,4,1,0.55,0.25,0.2,STRUCT+TIMING+AI+SECTOR,default,50,20260612,20260612,,16.5,16.5,16.5,46.38,-9.6,FRESH,0.351,,False,0.3,True,MATURE,9296.0,1.94,0.849,0.849,0.0,0.0,0.0,v22_calibrated,,,,,,,,True,27.5,,ELITE_SCORE,MATURE,9296,2.4.0,OK,,100.0,ATTACK,OK,OK,OK,OK,OK,OK,OK,0,7,True,True,True,,0,GREEN,,,90.0,BUY,1,,0,0,0,0,,0.0,T=0<70,100.0,GREEN,,,0,False,0,ENTRY_READY_BUT_NOT_TOP_PICK,TOP_PICK=0,진입조건은 양호하나 공식 Top Pick 아님,50.0,ENTRY_CLEAN_OBSERVE,ENTRY_CLEAN_OBSERVE,FX_HIGH_REGIME,1,0,0,1,0,0,0,0,0,CLEAR,,,0,0,0,0,0.0,,,,,,,,,,REJECT_NO_VALIDATED_RULE,,,,,,True,False,True,True,False,True,True,True,0.0,0.0,0.0,0.0,20.0,0.0,0.0,0.0,20.0,0.3,False,True,False,4,False,0.0,0.0,G2RR×0.3 · G5추세붕괴4축,,0,0,0,,0.0,0,,False,0.0,0.0,False,,False,True,,0
392,071970,HD현대마린엔진,KOSPI,조선·기계·설비,66000,151.44,22388.2,0.0,0.0,WAIT,WAIT,3,False,0,True,13.0,13.0,0.0,0.0,65.0,0.0,13.6,21.7,65.0,18.8,2.06,1.5,RR2.1 + 진입적정,0,65000.0,55200.0,88300.0,118200.0,,1.22,0.9,88314,-27.45,특이사항 없음,0,-15.24,36.3,-7.72,AI 강점,,저점 이탈,추세 관망,CRITICAL,75.3,일반 목적용 기계 제조업,15143690000.0,42.1,40.26,0,0,5.94,0.3,-9.84,-24.05,-17.4,-23.61,-27.61,-63.78,,0.977,0.05,0,12.0,1,0,1.58,0.23,0,0,0,0,-1,75160.0,-25.27,0.4662,False,X,▼,60245,▼,O,X,5.14,250,0,-1,-1,1,,enter,100.0,NORMAL+PM_BLOCK_INTRADAY+EF:정상,15.08,5.0,2.4,normal,7.0,v1_sl_first_gap_at_open,NORMAL+PM_BLOCK_INTRADAY+EF:정상,SWING_20D,80,SWING_60D,60,,0,0.0,일반 목적용 기계 제조업,9.421739130434784,5.0392753623188415,2.0,0.075,-0.021864132221163395,0.5102040816326531,OK,65.0,OK,7.366028088179699,7.366028088179699,4,1,0.55,0.25,0.2,STRUCT+TIMING+AI+SECTOR,default,50,20260612,20260612,,13.0,13.0,13.0,46.38,-9.6,FRESH,0.351,,False,0.3,True,MATURE,9296.0,2.378,0.849,0.849,0.0,0.0,0.0,v22_calibrated,,,,,,,,True,33.8,,ELITE_SCORE,MATURE,9296,2.4.0,OK,,100.0,ATTACK,OK,OK,OK,OK,OK,OK,OK,0,7,True,True,True,,0,GREEN,,,90.0,BUY,1,,0,0,0,0,,0.0,T=0<70,100.0,GREEN,,,0,False,0,ENTRY_READY_BUT_NOT_TOP_PICK,TOP_PICK=0,진입조건은 양호하나 공식 Top Pick 아님,50.0,ENTRY_CLEAN_OBSERVE,ENTRY_CLEAN_OBSERVE,FX_HIGH_REGIME,1,0,0,1,0,0,0,0,0,CLEAR,,,0,0,0,0,0.0,,,,,,,,,,REJECT_NO_VALIDATED_RULE,,,,,,True,False,True,True,False,True,True,True,0.0,0.0,0.0,0.0,20.0,0.0,0.0,0.0,20.0,0.3,False,True,False,4,False,0.0,0.0,G2RR×0.3 · G5추세붕괴4축,,0,0,0,,0.0,0,,False,0.0,0.0,False,,False,True,,0
393,003670,포스코퓨처엠,KOSPI,2차전지,199400,630.8,177358.8,0.0,0.0,WAIT,WAIT,3,False,0,True,13.0,13.0,5.9,6.7,40.2,0.0,13.6,17.6,34.3,57.1,1.99,1.1,RR2.0 + 진입적정,0,197200.0,167500.0,263000.0,299500.0,,0.55,0.93,232983,3.64,특이사항 없음,0,-16.12,37.2,-9.83,,,저점 이탈,추세 관망,CRITICAL,75.3,일차전지 및 이차전지 제조업,63080218050.0,45.9,37.59,0,0,7.96,-4.59,-16.22,-20.72,4.29,-10.18,-24.28,-42.09,,0.721,0.235,1,12.0,1,0,1.28,0.26,0,0,0,0,-1,232680.0,-14.41,0.0768,False,X,▼,189813,▼,O,X,5.52,250,0,-1,1,1,,enter,100.0,NORMAL+PM_BLOCK_INTRADAY+EF:정상,15.06,4.0,2.2,normal,7.0,v1_sl_first_gap_at_open,NORMAL+PM_BLOCK_INTRADAY+EF:정상,SWING_20D,80,SWING_60D,60,,0,0.0,일차전지 및 이차전지 제조업,-3.6455555555555557,-21.337777777777777,16.0,0.08253331422839949,-0.041066484540708936,0.45864661654135336,OK,40.2,OK,15.0,15.0,4,1,0.55,0.25,0.2,STRUCT+TIMING+AI+SECTOR,default,50,20260612,20260612,,13.0,13.0,13.0,46.38,-9.6,FRESH,0.351,,False,0.3,True,MATURE,9296.0,2.215,0.849,0.849,0.0,0.0,0.0,v22_calibrated,,,,,,,,True,31.9,,ELITE_SCORE,MATURE,9296,2.4.0,OK,,100.0,ATTACK,OK,OK,OK,OK,OK,OK,OK,0,7,True,True,True,,0,GREEN,,,90.0,BUY,1,,0,0,0,0,,0.0,T=7<70,100.0,GREEN,,,0,False,0,ENTRY_READY_BUT_NOT_TOP_PICK,TOP_PICK=0,진입조건은 양호하나 공식 Top Pick 아님,50.0,ENTRY_CLEAN_OBSERVE,ENTRY_CLEAN_OBSERVE,FX_HIGH_REGIME,1,0,0,1,0,0,0,0,0,CLEAR,,,0,0,0,0,0.0,,,,,,,,,,REJECT_NO_VALIDATED_RULE,,,,,,True,False,True,True,False,True,True,True,0.0,0.0,0.0,0.0,20.0,0.0,0.0,0.0,20.0,0.5,False,True,False,3,False,0.0,0.0,G2RR×0.5 · G5추세붕괴3축,,0,0,0,,0.0,0,,False,0.0,0.0,False,,False,True,,0
394,064350,현대로템,KOSPI,기타,208500,2025.77,227561.7,0.0,0.0,WAIT,WAIT,3,False,0,True,47.4,47.4,45.9,68.5,25.3,0.0,13.6,46.6,43.2,46.0,0.42,4.2,,0,200000.0,170600.0,224500.0,282000.0,,1.91,1.51,213283,2.19,특이사항 없음,0,-7.54,55.5,4.97,TIMING 강점,,저점 이탈,추세 관망,CRITICAL,75.3,철도장비 제조업,202576552700.0,48.7,21.59,0,0,10.67,8.93,1.21,-3.02,7.92,16.35,-6.58,-38.46,,0.562,0.413,1,12.0,1,0,1.07,0.7,33986,21267,55253,1,-1,223970.0,-2.24,0.3246,False,X,▲,186411,▲,O,X,1.91,250,0,1,1,1,313500.0,split,50.0,NORMAL+PM_BLOCK_INTRADAY+EF:당일 10%+ 급등 분할 진입+ENTRY:split,14.7,4.0,0.8,normal,7.0,v1_sl_first_gap_at_open,NORMAL+PM_BLOCK_INTRADAY+EF:당일 10%+ 급등 분할 진입+ENTRY:split,SWING_20D,80,SWING_60D,60,FIBO_1.272,40,0.0,철도장비 제조업,2.1077380952380955,-2.2075,9.0,0.07464885234669406,-0.017925243763886316,0.18,OK,25.3,OK,61.613171690616504,61.613171690616504,4,1,0.55,0.25,0.2,STRUCT+TIMING+AI+SECTOR,default,50,20260612,20260612,,47.4,47.4,47.4,46.38,-9.6,FRESH,0.351,,False,0.3,True,MATURE,9296.0,0.833,0.849,0.833,0.0,0.0,0.0,v22_calibrated,,,,,,,,True,7.7,,ELITE_SCORE,MATURE,9296,2.4.0,OK,,100.0,ATTACK,OK,OK,OK,OK,OK,OK,OK,0,7,True,True,True,,0,GREEN,,,0.0,AVOID,0,진입괴리 4.2% · RR 0.42,0,0,0,0,,0.0,T=68<70 · 전일+11%,100.0,GREEN,,,0,False,0,BELOW_OFFICIAL_BAR,TOP_PICK=0,,5.0,IGNORE,IGNORE,FX_HIGH_REGIME,1,0,0,1,0,0,0,0,0,CLEAR,,,0,0,0,0,0.0,,,,,,,,,,REJECT_NO_VALIDATED_RULE,,,,,,True,True,True,True,True,True,True,True,0.0,0.0,0.0,0.0,0.0,0.0,0.0,0.0,0.0,1.0,False,False,False,1,True,13.6,1.0,,,0,0,0,,13.6,0,,False,0.0,0.0,False,,False,True,,0
395,389500,에스비비테크,KOSDAQ,조선·기계·설비,62600,136.7,4171.3,0.0,0.0,WAIT,WAIT,3,False,0,True,11.6,11.6,0.0,6.7,49.7,0.0,13.5,18.8,49.7,37.9,4.12,4.0,RR4.1,0,60200.0,51200.0,109600.0,115000.0,,2.33,1.01,75169,-3.57,특이사항 없음,0,-26.76,29.7,-14.68,,,MFI 약세,추세 관망,CRITICAL,75.3,일반 목적용 기계 제조업,13670461700.0,23.9,69.35,0,0,12.39,3.99,-20.25,-41.17,26.46,60.51,-28.61,36.06,,0.495,0.159,0,12.0,0,0,1.52,0.18,0,0,0,0,-1,78780.0,-16.72,0.4735,False,O,▼,52939,▼,O,X,3.95,250,0,-1,1,1,134200.0,split,50.0,NORMAL+PM_BLOCK_INTRADAY+EF:당일 10%+ 급등 분할 진입+ENTRY:split,14.95,6.0,5.5,normal,7.0,v1_sl_first_gap_at_open,NORMAL+PM_BLOCK_INTRADAY+EF:당일 10%+ 급등 분할 진입+ENTRY:split,SWING_20D,80,SWING_60D,60,FIBO_1.272,40,0.0,일반 목적용 기계 제조업,9.421739130434784,5.0392753623188415,2.0,0.134185303514377,-0.032704587039749655,0.39285714285714285,OK,49.7,OK,12.321810212272203,12.321810212272203,4,1,0.55,0.25,0.2,STRUCT+TIMING+AI+SECTOR,default,50,20260612,20260612,,11.6,11.6,11.6,46.38,-9.6,FRESH,0.351,,False,0.3,True,MATURE,9296.0,5.489,0.849,0.849,0.0,0.0,0.0,v22_calibrated,,,,,,,,True,75.1,,ELITE_SCORE,MATURE,9296,2.4.0,OK,,100.0,ATTACK,OK,OK,OK,OK,OK,OK,OK,0,7,True,True,True,,0,GREEN,,,0.0,AVOID,0,진입괴리 4.0%,0,0,0,0,,0.0,T=7<70 · 전일+12%,100.0,GREEN,,,0,False,0,BELOW_OFFICIAL_BAR,TOP_PICK=0,,15.0,IGNORE,IGNORE,FX_HIGH_REGIME,1,0,0,1,0,0,0,0,0,CLEAR,,,0,0,0,0,0.0,,,,,,,,,,REJECT_NO_VALIDATED_RULE,,,,,,True,False,True,True,False,True,True,True,0.0,0.0,0.0,0.0,20.0,0.0,0.0,0.0,20.0,0.5,False,True,False,4,False,0.0,0.0,G2RR×0.5 · G5추세붕괴4축,,0,0,0,,0.0,0,,False,0.0,0.0,False,,False,True,,0
396,005830,DB손해보험,KOSPI,금융,148200,315.99,97071.5,0.0,0.0,WAIT,WAIT,3,False,0,True,8.8,8.8,0.0,23.9,14.1,0.0,13.4,12.7,23.9,70.1,1.3,1.5,RR1.3 + 진입적정,0,146000.0,128000.0,174500.0,198900.0,,1.21,0.68,161788,3.85,특이사항 없음,0,-3.64,43.1,-0.87,,,,추세 관망,CRITICAL,75.3,보험업,31598891500.0,27.8,26.54,0,0,5.86,4.07,5.03,-7.84,-16.13,23.4,-11.4,-62.51,,0.651,0.122,1,10.8,0,0,1.02,0.37,0,0,0,0,-1,160780.0,-8.4,0.2481,False,X,▲,139089,▲,O,X,2.86,250,0,1,1,1,214000.0,enter,100.0,NORMAL+PM_BLOCK_INTRADAY+EF:정상,12.33,4.0,1.6,normal,7.0,v1_sl_first_gap_at_open,NORMAL+PM_BLOCK_INTRADAY+EF:정상,SWING_20D,80,SWING_60D,60,SWING_120D,45,0.0,보험업,1.90825,-1.16975,7.0,0.05383651436283015,-2.0,0.3466666666666667,OK,14.1,OK,21.49917642684694,21.49917642684694,2,0,0.55,0.25,0.2,STRUCT+TIMING+AI+SECTOR,default,50,20260612,20260612,,8.8,8.8,8.8,46.38,-9.6,FRESH,0.351,,False,0.3,True,MATURE,9296.0,1.583,0.849,0.849,0.0,0.0,0.0,v22_calibrated,,,,,,,,True,17.7,,ELITE_SCORE,MATURE,9296,2.4.0,OK,,100.0,ATTACK,OK,OK,OK,OK,OK,OK,OK,0,7,True,True,True,,0,GREEN,,,90.0,BUY,1,,0,0,0,0,,0.0,T=24<70,100.0,GREEN,,,0,False,0,ENTRY_READY_BUT_NOT_TOP_PICK,TOP_PICK=0,진입조건은 양호하나 공식 Top Pick 아님,45.0,ENTRY_CLEAN_OBSERVE,ENTRY_CLEAN_OBSERVE,FX_HIGH_REGIME,1,0,0,1,0,0,0,0,0,CLEAR,,,0,0,0,0,0.0,,,,,,,,,,REJECT_NO_VALIDATED_RULE,,,,,,True,False,True,True,True,True,True,True,0.0,0.0,0.0,0.0,0.0,0.0,0.0,0.0,0.0,0.5,False,False,False,2,False,6.7,0.5,G2RR×0.5,,0,0,0,,6.7,0,,False,0.0,0.0,False,,False,True,,0
397,011930,신성이엔지,KOSPI,반도체,20850,80.57,4291.9,0.0,0.0,WAIT,WAIT,3,False,0,True,15.9,15.9,12.5,0.0,45.0,0.0,13.3,19.2,45.0,43.8,8.28,1.5,RR8.3 + 진입적정,0,20550.0,17450.0,49000.0,51500.0,,-0.49,0.38,34674,-42.1,특이사항 없음,0,-25.24,30.8,-20.16,거래품질 우수,,저점 이탈,추세 관망,CRITICAL,75.3,반도체 제조업,8057493125.0,33.5,94.84,0,0,3.22,-2.11,-17.91,-47.81,-6.92,29.26,-51.37,-53.3,,0.919,0.084,0,12.0,1,0,7.38,0.08,0,0,0,0,-1,26238.0,-39.87,0.887,False,X,▲,18218,▼,O,X,4.46,250,0,1,1,1,,enter,100.0,NORMAL+PM_BLOCK_INTRADAY+EF:정상,15.09,6.0,9.2,normal,7.0,v1_sl_first_gap_at_open,NORMAL+PM_BLOCK_INTRADAY+EF:정상,SWING_20D,80,RR_LEGACY,35,,0,0.0,반도체 제조업,7.3096000000000005,9.6216,1.0,0.1225077081192189,-0.01646391049755442,0.6,OK,45.0,OK,4.5,4.5,4,1,0.55,0.25,0.2,STRUCT+TIMING+AI+SECTOR,default,50,20260612,20260612,,15.9,15.9,15.9,46.38,-9.6,FRESH,0.351,,False,0.3,True,MATURE,9296.0,9.177,0.849,0.849,0.0,0.0,0.0,v22_calibrated,,,,,,,,True,135.0,,ELITE_SCORE,MATURE,9296,2.4.0,OK,,100.0,ATTACK,OK,OK,OK,OK,OK,OK,OK,0,7,True,True,True,,0,GREEN,,,90.0,BUY,1,,0,0,0,0,,0.0,T=0<70,100.0,GREEN,,,0,False,0,ENTRY_READY_BUT_NOT_TOP_PICK,TOP_PICK=0,진입조건은 양호하나 공식 Top Pick 아님,50.0,ENTRY_CLEAN_OBSERVE,ENTRY_CLEAN_OBSERVE,FX_HIGH_REGIME,1,0,0,1,0,0,0,0,0,CLEAR,,,0,0,0,0,0.0,,,,,,,,,,REJECT_NO_VALIDATED_RULE,,,,,,True,False,True,True,False,True,False,True,0.0,0.0,0.0,0.0,20.0,0.0,15.0,0.0,35.0,0.3,False,True,False,4,False,0.0,0.0,G2RR×0.3 · G5추세붕괴4축 · G7윗꼬리약세-15,,0,0,0,,0.0,0,,False,0.0,0.0,False,,False,True,,0
398,003470,유안타증권,KOSPI,서비스 기타,4985,51.4,9605.1,0.0,0.0,WAIT,WAIT,3,False,0,True,12.8,12.8,1.0,0.0,61.5,0.0,13.3,20.8,61.5,23.1,3.84,1.5,RR3.8 + 진입적정,0,4910.0,4520.0,6770.0,8400.0,,0.3,0.73,6477,-14.89,특이사항 없음,0,-9.51,29.2,-7.78,AI 강점,,저점 이탈,추세 관망,CRITICAL,75.3,금융 지원 서비스업,5139893799.0,31.9,37.83,0,0,3.96,-2.64,-6.82,-24.12,-0.5,35.46,-27.68,-46.88,,0.721,0.304,0,12.0,1,0,1.04,0.15,0,0,0,0,-1,5669.0,-23.04,0.3289,False,X,▲,4712,▼,O,X,4.28,250,0,1,1,1,9490.0,enter,100.0,SWING+PM_BLOCK_INTRADAY+EF:정상,7.94,5.0,4.8,normal,7.0,v1_sl_first_gap_at_open,SWING+PM_BLOCK_INTRADAY+EF:정상,SWING_20D,80,SWING_60D,60,FIBO_1.272,40,0.0,금융 지원 서비스업,1.6329629629629632,-10.275925925925925,12.0,0.0678463963318527,-0.13694765289877872,0.5853658536585366,OK,61.5,OK,11.945876102592292,11.945876102592292,2,0,0.55,0.25,0.2,STRUCT+TIMING+AI+SECTOR,default,50,20260612,20260612,,12.8,12.8,12.8,46.38,-9.6,FRESH,0.351,,False,0.3,True,MATURE,9296.0,4.769,0.849,0.849,0.0,0.0,0.0,v22_calibrated,,,,,,,,True,35.8,,ELITE_SCORE,MATURE,9296,2.4.0,OK,,100.0,ATTACK,OK,OK,OK,OK,OK,OK,OK,0,7,True,True,True,,0,GREEN,,,90.0,BUY,1,,0,0,0,0,,0.0,T=0<70,100.0,GREEN,,,0,False,0,ENTRY_READY_BUT_NOT_TOP_PICK,TOP_PICK=0,진입조건은 양호하나 공식 Top Pick 아님,45.0,ENTRY_CLEAN_OBSERVE,ENTRY_CLEAN_OBSERVE,FX_HIGH_REGIME,1,0,0,1,0,0,0,0,0,CLEAR,,,0,0,0,0,0.0,,,,,,,,,,REJECT_NO_VALIDATED_RULE,,,,,,True,False,True,True,False,True,True,True,0.0,0.0,0.0,0.0,20.0,0.0,0.0,0.0,20.0,0.3,False,True,False,4,False,0.0,0.0,G2RR×0.3 · G5추세붕괴4축,,0,0,0,,0.0,0,,False,0.0,0.0,False,,False,True,,0
399,086790,하나금융지주,KOSPI,금융,121000,1446.61,331985.0,0.0,,WAIT,WAIT,3,False,0,True,43.0,43.0,40.4,46.5,45.8,0.0,13.1,44.2,6.1,92.4,0.38,1.5,밸런스우수 + 진입적정,0,119200.0,106700.0,126500.0,141200.0,,-0.25,1.15,118041,5.15,특이사항 없음,4,-1.42,51.6,2.49,,,,스퀴즈/품질 대기,CRITICAL,75.3,기타 금융업,144660854800.0,42.5,12.21,1,0,5.4,-2.1,4.94,-1.06,11.62,32.1,-4.62,-34.76,,0.279,0.279,1,10.4,1,0,0.88,0.65,9438,22869,32307,1,-1,128850.0,2.51,0.0613,False,O,▲,117562,▲,O,X,1.22,250,0,1,1,1,148200.0,enter,100.0,NORMAL+PM_BLOCK_INTRADAY+EF:정상,10.49,4.0,0.6,normal,7.0,v1_sl_first_gap_at_open,NORMAL+PM_BLOCK_INTRADAY+EF:정상,SWING_20D,80,ATR_3.5x,45,FIBO_1.618,25,0.0,기타 금융업,1.90825,-1.16975,7.0,0.05182998819362456,-0.014876910378850368,0.42857142857142855,OK,45.8,OK,32.059711132374005,32.059711132374005,6,1,0.55,0.25,0.2,STRUCT+TIMING+AI+SECTOR,default,50,20260612,20260612,,43.0,43.0,43.0,46.38,-9.6,FRESH,0.351,elite_low_wr_0.35,True,0.3,True,MATURE,9296.0,0.584,0.849,0.584,0.0,0.0,,v22_calibrated,,,,,,,,True,4.5,,ELITE_SCORE,MATURE,9296,2.4.0,OK,,100.0,ATTACK,OK,OK,OK,OK,OK,OK,OK,0,7,True,True,True,,0,GREEN,,,0.0,AVOID,0,RR 0.38,0,0,0,0,,0.0,T=46<70,100.0,GREEN,,,0,False,0,BELOW_OFFICIAL_BAR,TOP_PICK=0,,5.0,IGNORE,IGNORE,FX_HIGH_REGIME,1,0,0,1,0,0,0,0,0,CLEAR,,,0,0,0,0,0.0,,,,,,,,,,REJECT_NO_VALIDATED_RULE,,,,,,True,True,True,True,True,True,True,True,0.0,0.0,0.0,0.0,0.0,0.0,0.0,0.0,0.0,1.0,False,False,False,1,True,13.1,1.0,,,0,0,0,,13.1,0,,False,0.0,0.0,False,,False,True,,0
400,004020,현대제철,KOSPI,철강·금속,34950,544.51,46639.3,0.0,0.0,WAIT,WAIT,3,False,0,True,10.8,10.8,0.0,7.9,44.3,0.0,13.0,17.4,44.3,44.6,2.65,1.6,RR2.6 + 진입적정,0,34400.0,29200.0,50200.0,52600.0,,0.36,1.16,40040,3.33,특이사항 없음,0,-12.68,38.0,-9.51,,,저점 이탈,추세 관망,CRITICAL,75.3,1차 철강 제조업,54451073075.0,36.6,42.39,0,0,8.71,-2.65,-11.52,-19.56,0.14,14.4,-23.12,-46.24,,0.642,0.305,1,12.0,0,0,1.01,0.21,0,0,0,0,-1,39790.0,-12.71,0.0875,False,X,▼,32922,▼,O,X,5.13,250,0,-1,1,1,,enter,100.0,NORMAL+PM_BLOCK_INTRADAY+EF:정상,15.12,5.0,3.0,normal,7.0,v1_sl_first_gap_at_open,NORMAL+PM_BLOCK_INTRADAY+EF:정상,SWING_20D,80,RR_LEGACY,35,,0,0.0,1차 철강 제조업,-2.065555555555555,-22.175555555555558,15.0,0.07888820764357246,-0.044977943783452184,0.4107142857142857,OK,44.3,OK,16.10600183019081,16.10600183019081,2,0,0.55,0.25,0.2,STRUCT+TIMING+AI+SECTOR,default,50,20260612,20260612,,10.8,10.8,10.8,46.38,-9.6,FRESH,0.351,,False,0.3,True,MATURE,9296.0,3.038,0.849,0.849,0.0,0.0,0.0,v22_calibrated,,,,,,,,True,43.6,,ELITE_SCORE,MATURE,9296,2.4.0,OK,,100.0,ATTACK,OK,OK,OK,OK,OK,OK,OK,0,7,True,True,True,,0,GREEN,,,90.0,BUY,1,,0,0,0,0,,0.0,T=8<70,100.0,GREEN,,,0,False,0,ENTRY_READY_BUT_NOT_TOP_PICK,TOP_PICK=0,진입조건은 양호하나 공식 Top Pick 아님,45.0,ENTRY_CLEAN_OBSERVE,ENTRY_CLEAN_OBSERVE,FX_HIGH_REGIME,1,0,0,1,0,0,0,0,0,CLEAR,,,0,0,0,0,0.0,,,,,,,,,,REJECT_NO_VALIDATED_RULE,,,,,,True,False,True,True,False,True,True,True,0.0,0.0,0.0,0.0,20.0,0.0,0.0,0.0,20.0,0.5,False,True,False,3,False,0.0,0.0,G2RR×0.5 · G5추세붕괴3축,,0,0,0,,0.0,0,,False,0.0,0.0,False,,False,True,,0
401,102710,이엔에프테크놀로지,KOSDAQ,화학·소재,52000,148.25,7429.7,0.0,0.0,WAIT,WAIT,3,False,0,True,47.1,47.1,40.9,37.2,76.3,0.0,13.0,51.5,39.1,51.1,0.37,2.4,,0,50800.0,43100.0,55300.0,65000.0,,2.25,1.8,51654,-10.47,특이사항 없음,0,-10.46,56.0,13.73,AI 강점,,5일 급등,추세 관망,CRITICAL,75.3,기타 화학제품 제조업,14824893175.0,58.7,31.49,0,0,11.95,24.11,12.68,-0.76,-11.11,16.46,11.8,-1.51,,0.551,0.412,0,12.0,1,0,0.94,0.81,0,0,0,1,1,38305.0,0.67,0.6647,False,X,▲,42438,▲,O,X,6.57,250,0,1,1,1,,split,50.0,NORMAL+PM_BLOCK_INTRADAY+EF:당일 10%+ 급등 분할 진입+ENTRY:split,15.16,5.0,0.6,normal,7.0,v1_sl_first_gap_at_open,NORMAL+PM_BLOCK_INTRADAY+EF:당일 10%+ 급등 분할 진입+ENTRY:split,SWING_20D,80,SWING_60D,60,,0,0.0,기타 화학제품 제조업,6.03945945945946,-4.1432432432432424,8.0,0.07822802197802198,-0.028906520712724988,0.3392857142857143,OK,76.3,OK,56.02335997075507,56.02335997075507,4,1,0.55,0.25,0.2,STRUCT+TIMING+AI+SECTOR,default,50,20260612,20260612,,47.1,47.1,47.1,46.38,-9.6,FRESH,0.351,,False,0.3,True,MATURE,9296.0,0.584,0.849,0.584,0.0,0.0,0.0,v22_calibrated,,,,,,,,True,6.3,,ELITE_SCORE,MATURE,9296,2.4.0,OK,,100.0,ATTACK,OK,OK,OK,OK,OK,OK,OK,0,7,True,True,True,,0,GREEN,,,0.0,AVOID,0,RR 0.37,0,0,0,0,,0.0,T=37<70 · 전일+12%,100.0,GREEN,,,0,False,0,BELOW_OFFICIAL_BAR,TOP_PICK=0,,5.0,IGNORE,IGNORE,FX_HIGH_REGIME,1,0,0,1,0,0,0,0,0,CLEAR,,,0,0,0,0,0.0,,,,,,,,,,REJECT_NO_VALIDATED_RULE,,,,,,True,True,True,True,True,True,True,True,0.0,0.0,0.0,0.0,0.0,0.0,0.0,0.0,0.0,1.0,False,False,False,1,True,13.0,1.0,,,0,0,0,,13.0,0,,False,0.0,0.0,False,,False,True,,0
402,462870,시프트업,KOSPI,IT/전기전자,32150,55.54,18857.4,0.0,0.0,WAIT,WAIT,3,False,0,True,44.6,44.6,30.3,43.2,85.5,0.0,12.9,53.0,55.2,31.0,0.54,1.6,진입적정,0,31650.0,28000.0,34400.0,38800.0,,0.97,1.41,31718,-4.89,특이사항 없음,0,0.18,63.9,7.22,AI 강점,,,추세 관망,CRITICAL,75.3,소프트웨어 개발 및 공급업,5554435775.0,82.0,17.43,0,0,4.55,5.24,12.41,7.89,7.17,-15.95,4.33,-39.21,,0.63,0.6,0,12.0,1,1,1.23,0.65,0,0,0,1,1,26020.0,1.36,0.0691,False,O,▼,31654,▲,O,X,1.3,250,0,-1,-1,1,39800.0,enter,100.0,NORMAL+PM_BLOCK_INTRADAY+EF:정상,11.53,5.0,0.8,normal,7.0,v1_sl_first_gap_at_open,NORMAL+PM_BLOCK_INTRADAY+EF:정상,SWING_20D,80,ATR_3.5x,45,SWING_120D,45,0.0,소프트웨어 개발 및 공급업,0.10229729729729745,3.253243243243243,5.0,0.06354143523661408,0.06887339798638753,0.54,OK,85.5,OK,48.74113099359367,48.74113099359367,10,1,0.55,0.25,0.2,STRUCT+TIMING+AI+SECTOR,default,50,20260612,20260612,,44.6,44.6,44.6,46.38,-9.6,FRESH,0.351,,False,0.3,True,MATURE,9296.0,0.753,0.849,0.753,0.0,0.0,0.0,v22_calibrated,,,,,,,,True,7.0,,ELITE_SCORE,MATURE,9296,2.4.0,OK,,100.0,ATTACK,OK,OK,OK,OK,OK,OK,OK,0,7,True,True,True,,0,GREEN,,,0.0,AVOID,0,RR 0.54,0,0,0,0,,0.0,T=43<70,100.0,GREEN,,,0,False,0,BELOW_OFFICIAL_BAR,TOP_PICK=0,,5.0,IGNORE,IGNORE,FX_HIGH_REGIME,1,0,0,1,0,0,0,0,0,CLEAR,,,0,0,0,0,0.0,,,,,,,,,,REJECT_NO_VALIDATED_RULE,,,,,,True,True,True,True,True,True,True,True,0.0,0.0,0.0,0.0,0.0,0.0,0.0,0.0,0.0,1.0,False,False,False,1,True,12.9,1.0,,,0,0,0,,12.9,0,,False,0.0,0.0,False,,False,True,,0
403,489790,한화비전,KOSPI,IT/전기전자,75300,1013.81,38017.8,0.0,,WAIT,WAIT,3,False,0,True,55.0,55.0,57.9,24.6,85.0,0.0,12.7,55.8,60.4,24.5,0.57,0.5,진입적정,0,74900.0,63600.0,82000.0,97900.0,,1.12,1.94,80124,-10.94,특이사항 없음,4,-2.16,52.6,7.08,AI 강점,STRUCT 보조,,스퀴즈/품질 대기,CRITICAL,75.3,통신 및 방송 장비 제조업,101381380700.0,67.9,22.51,1,0,7.11,5.31,11.89,-7.04,-4.2,96.35,-10.6,-50.58,,0.411,0.215,0,12.0,1,0,1.69,0.64,0,0,0,1,-1,83180.0,-6.02,0.2037,False,O,▲,69464,▲,O,X,3.98,250,0,1,1,1,100600.0,enter,100.0,NORMAL+PM_BLOCK_INTRADAY+EF:정상,15.09,5.0,0.6,normal,7.0,v1_sl_first_gap_at_open,NORMAL+PM_BLOCK_INTRADAY+EF:정상,SWING_20D,80,SWING_60D,60,ATR_3.5x,45,0.0,통신 및 방송 장비 제조업,0.10229729729729745,3.253243243243243,5.0,0.09741984443179662,0.011999083552376449,0.6568627450980392,OK,85.0,OK,26.359021383193767,26.359021383193767,8,1,0.55,0.25,0.2,STRUCT+TIMING+AI+SECTOR,default,50,20260612,20260612,,55.0,55.0,55.0,46.38,-9.6,FRESH,0.351,elite_low_wr_0.35,True,0.36,True,MATURE,9296.0,0.628,0.849,0.628,0.0,0.0,,v22_calibrated,,,,,,,,True,8.9,,ELITE_SCORE,MATURE,9296,2.4.0,OK,,100.0,ATTACK,OK,OK,OK,OK,OK,OK,OK,0,7,True,True,True,,0,GREEN,,,0.0,AVOID,0,RR 0.57,0,0,0,0,,0.0,T=25<70 · S=58≥50,100.0,GREEN,,,0,False,0,BELOW_OFFICIAL_BAR,TOP_PICK=0,,5.0,IGNORE,IGNORE,FX_HIGH_REGIME,1,0,0,1,0,0,0,0,0,CLEAR,,,0,0,0,0,0.0,,,,,,,,,,REJECT_NO_VALIDATED_RULE,,,,,,True,True,True,True,True,True,True,True,0.0,0.0,0.0,0.0,0.0,0.0,0.0,0.0,0.0,1.0,False,False,False,2,True,12.7,1.0,,,0,0,0,,12.7,0,,False,0.0,0.0,False,,False,True,,0
404,373220,LG에너지솔루션,KOSPI,2차전지,400000,1848.82,936000.0,0.0,0.0,WAIT,WAIT,3,False,0,True,14.9,14.9,12.1,0.0,41.0,0.0,12.5,17.7,41.0,48.8,1.49,1.5,RR1.5 + 진입적정,0,394000.0,334500.0,497500.0,537000.0,,0.34,0.74,428890,-7.88,특이사항 없음,0,-3.93,49.7,-2.71,,,,추세 관망,CRITICAL,75.3,일차전지 및 이차전지 제조업,184881506500.0,69.2,23.82,0,0,4.03,-3.38,-9.5,-6.98,9.29,-10.31,-10.54,-37.09,,0.578,0.392,0,12.0,1,0,1.09,0.25,0,0,0,0,-1,467150.0,-6.74,-0.112,False,X,▼,402141,▼,X,X,3.9,250,0,-1,1,1,586000.0,enter,100.0,NORMAL+PM_BLOCK_INTRADAY+EF:정상,15.1,4.0,1.7,normal,7.0,v1_sl_first_gap_at_open,NORMAL+PM_BLOCK_INTRADAY+EF:정상,SWING_20D,80,FIBO_1.272,40,FIBO_1.618,25,0.0,일차전지 및 이차전지 제조업,-3.6455555555555557,-21.337777777777777,16.0,0.08008928571428571,-0.11786118238087297,0.6363636363636364,OK,41.0,OK,13.334811530965874,13.334811530965874,2,0,0.55,0.25,0.2,STRUCT+TIMING+AI+SECTOR,default,50,20260612,20260612,,14.9,14.9,14.9,46.38,-9.6,FRESH,0.351,,False,0.3,True,MATURE,9296.0,1.739,0.849,0.849,0.0,0.0,0.0,v22_calibrated,,,,,,,,True,24.4,,ELITE_SCORE,MATURE,9296,2.4.0,OK,,100.0,ATTACK,OK,OK,OK,OK,OK,OK,OK,0,7,True,True,True,,0,GREEN,,,90.0,BUY,1,,0,0,0,0,,0.0,T=0<70,100.0,GREEN,,,0,False,0,ENTRY_READY_BUT_NOT_TOP_PICK,TOP_PICK=0,진입조건은 양호하나 공식 Top Pick 아님,45.0,ENTRY_CLEAN_OBSERVE,ENTRY_CLEAN_OBSERVE,FX_HIGH_REGIME,1,0,0,1,0,0,0,0,0,CLEAR,,,0,0,0,0,0.0,,,,,,,,,,REJECT_NO_VALIDATED_RULE,,,,,,True,False,True,True,False,True,True,True,0.0,0.0,0.0,0.0,20.0,0.0,0.0,0.0,20.0,0.3,False,True,False,5,False,0.0,0.0,G2RR×0.3 · G5추세붕괴5축,,0,0,0,,0.0,0,,False,0.0,0.0,False,,False,True,,0
405,316140,우리금융지주,KOSPI,금융,31150,723.31,228664.8,0.0,0.0,WAIT,WAIT,3,False,0,True,39.1,39.1,29.0,48.9,54.6,0.0,12.5,44.2,25.6,68.0,0.4,1.5,진입적정,0,30700.0,27800.0,32500.0,36250.0,,0.8,0.89,32214,-6.18,특이사항 없음,4,-3.24,53.7,2.42,AI 강점,,,추세 관망,CRITICAL,75.3,기타 금융업,72330710500.0,47.6,9.81,1,1,3.32,-0.16,3.66,0.0,-2.35,13.27,-3.56,-48.73,,0.641,0.446,0,9.4,1,0,0.75,0.67,0,0,0,1,-1,33085.0,-3.3,0.1246,False,X,▲,29883,▲,O,X,2.16,250,0,1,1,1,41500.0,enter,100.0,NORMAL+PM_BLOCK_INTRADAY+EF:정상,9.45,4.0,0.6,normal,7.0,v1_sl_first_gap_at_open,NORMAL+PM_BLOCK_INTRADAY+EF:정상,SWING_20D,80,SWING_60D,60,SWING_120D,45,0.0,기타 금융업,1.90825,-1.16975,7.0,0.04712221967438661,-0.025417620393435838,0.3870967741935484,OK,54.6,OK,53.038997653764966,53.038997653764966,6,1,0.55,0.25,0.2,STRUCT+TIMING+AI+SECTOR,default,50,20260612,20260612,,39.1,39.1,39.1,46.38,-9.6,FRESH,0.351,,False,0.3,True,MATURE,9296.0,0.621,0.849,0.621,0.0,0.0,0.0,v22_calibrated,,,,,,,,True,4.3,,ELITE_SCORE,MATURE,9296,2.4.0,OK,,100.0,ATTACK,OK,OK,OK,OK,OK,OK,OK,0,7,True,True,True,,0,GREEN,,,0.0,AVOID,0,RR 0.40,0,0,0,0,,0.0,T=49<70,100.0,GREEN,,,0,False,0,BELOW_OFFICIAL_BAR,TOP_PICK=0,,5.0,IGNORE,IGNORE,FX_HIGH_REGIME,1,0,0,1,0,0,0,0,0,CLEAR,,,0,0,0,0,0.0,,,,,,,,,,REJECT_NO_VALIDATED_RULE,,,,,,True,True,True,True,True,True,True,True,0.0,0.0,0.0,0.0,0.0,0.0,0.0,0.0,0.0,1.0,False,False,False,2,True,12.5,1.0,,,0,0,0,,12.5,0,,False,0.0,0.0,False,,False,True,,0
406,138930,BNK금융지주,KOSPI,금융,17670,240.72,54834.8,0.0,0.0,WAIT,WAIT,3,False,0,True,42.6,42.6,42.7,49.8,33.3,0.0,12.5,41.9,16.5,79.4,0.28,1.6,진입적정,0,17400.0,15790.0,18200.0,20400.0,,0.97,0.89,17827,1.35,특이사항 없음,5,-3.15,55.1,3.14,,,,추세 관망,CRITICAL,75.3,기타 금융업,24071674060.0,44.9,8.09,1,1,5.05,2.49,3.27,2.79,-2.59,16.71,-0.77,-48.97,,0.474,0.361,1,9.6,1,0,0.86,0.76,0,0,0,1,-1,18733.0,-0.88,0.1021,False,X,▲,16874,▲,O,X,2.32,250,0,1,1,1,23050.0,enter,100.0,NORMAL+PM_BLOCK_INTRADAY+EF:정상,9.25,4.0,0.5,normal,7.0,v1_sl_first_gap_at_open,NORMAL+PM_BLOCK_INTRADAY+EF:정상,SWING_20D,80,ATR_3.5x,45,SWING_120D,45,0.0,기타 금융업,1.90825,-1.16975,7.0,0.04822540221521546,-0.04996492458025632,0.3897058823529412,OK,33.3,OK,35.806535426303896,35.806535426303896,6,1,0.55,0.25,0.2,STRUCT+TIMING+AI+SECTOR,default,50,20260612,20260612,,42.6,42.6,42.6,46.38,-9.6,FRESH,0.351,,False,0.3,True,MATURE,9296.0,0.497,0.849,0.497,0.0,0.0,0.0,v22_calibrated,,,,,,,,True,3.0,,ELITE_SCORE,MATURE,9296,2.4.0,OK,,100.0,ATTACK,OK,OK,OK,OK,OK,OK,OK,0,7,True,True,True,,0,GREEN,,,0.0,AVOID,0,RR 0.28,0,0,0,0,,0.0,T=50<70,100.0,GREEN,,,0,False,0,BELOW_OFFICIAL_BAR,TOP_PICK=0,,5.0,IGNORE,IGNORE,FX_HIGH_REGIME,1,0,0,1,0,0,0,0,0,CLEAR,,,0,0,0,0,0.0,,,,,,,,,,REJECT_NO_VALIDATED_RULE,,,,,,True,True,True,True,True,True,True,True,0.0,0.0,0.0,0.0,0.0,0.0,0.0,0.0,0.0,1.0,False,False,False,1,True,12.5,1.0,,,0,0,0,,12.5,0,,False,0.0,0.0,False,,False,True,,0
407,484810,티엑스알로보틱스,KOSDAQ,조선·기계·설비,14400,50.03,2224.9,0.0,0.0,WAIT,WAIT,3,False,0,True,11.6,11.6,0.0,0.0,58.2,0.0,12.4,19.4,58.2,27.2,1.33,7.8,RR1.3,0,13360.0,11350.0,18450.0,20050.0,,2.59,4.8,17125,-28.08,특이사항 없음,0,-21.09,37.1,-2.17,AI 강점,,저점 이탈,추세 관망,CRITICAL,75.3,일반 목적용 기계 제조업,5002864155.0,47.1,48.7,0,0,18.91,7.3,-5.14,-18.74,-10.5,-4.89,-6.18,-0.9,,0.983,0.152,0,12.0,0,0,0.85,0.44,0,0,0,0,-1,15156.0,-15.91,0.4249,False,X,▼,11906,▼,O,X,1.65,250,0,-1,-1,1,26500.0,hold,0.0,NORMAL+PM_BLOCK_INTRADAY+EF:당일 15%+ 급등 진입 보류+ENTRY:hold,15.04,6.0,2.5,normal,7.0,v1_sl_first_gap_at_open,NORMAL+PM_BLOCK_INTRADAY+EF:당일 15%+ 급등 진입 보류+ENTRY:hold,SWING_20D,80,VP_RESISTANCE,65,SWING_120D,45,0.0,일반 목적용 기계 제조업,9.421739130434784,5.0392753623188415,2.0,0.0845734126984127,-0.002412845164975823,0.37237237237237236,OK,58.2,OK,4.5,4.5,2,0,0.55,0.25,0.2,STRUCT+TIMING+AI+SECTOR,default,50,20260612,20260612,,11.6,11.6,11.6,46.38,-9.6,FRESH,0.351,,False,0.3,True,MATURE,9296.0,2.532,0.849,0.849,0.0,0.0,0.0,v22_calibrated,,,,,,,,True,28.1,,ELITE_SCORE,MATURE,9296,2.4.0,OK,,100.0,ATTACK,OK,OK,OK,OK,OK,OK,OK,0,7,True,True,True,,0,GREEN,,,0.0,AVOID,0,진입괴리 7.8%,0,0,0,0,,0.0,T=0<70 · 전일+19%,100.0,GREEN,,,0,False,0,BELOW_OFFICIAL_BAR,TOP_PICK=0,EBS 미통과/불명,10.0,IGNORE,IGNORE,FX_HIGH_REGIME,1,0,0,1,0,0,0,0,0,CLEAR,,,0,0,0,0,0.0,,,,,,,,,,REJECT_NO_VALIDATED_RULE,,,,,,True,False,True,True,False,True,True,True,0.0,0.0,0.0,0.0,20.0,0.0,0.0,0.0,20.0,0.3,False,True,False,4,False,0.0,0.0,G2RR×0.3 · G5추세붕괴4축,,0,0,0,,0.0,0,,False,0.0,0.0,False,,False,True,,0
408,046970,우리로,KOSDAQ,기타,6460,75.24,2831.1,0.0,0.0,WAIT,WAIT,3,False,0,True,19.0,19.0,27.1,0.0,20.3,0.0,12.3,15.8,27.1,66.1,4.42,1.6,RR4.4 + 진입적정,0,6360.0,5400.0,11140.0,16200.0,,1.14,0.25,8711,-25.02,특이사항 없음,0,-19.35,36.6,-15.5,거래품질 우수,,저점 이탈,추세 관망,CRITICAL,75.3,기타 전문 도매업,7524448205.0,73.0,64.23,0,0,5.9,-2.12,-20.15,-26.17,339.46,398.07,-13.61,349.06,,0.783,0.097,0,12.0,0,0,3.19,0.14,0,0,0,0,-1,8636.0,-25.85,0.4258,False,O,▲,5819,▼,O,X,4.59,247,0,1,1,1,20250.0,enter,100.0,NORMAL+PM_BLOCK_INTRADAY+EF:정상,15.09,6.0,5.0,normal,7.0,v1_sl_first_gap_at_open,NORMAL+PM_BLOCK_INTRADAY+EF:정상,SWING_20D,80,SWING_60D,60,FIBO_1.272,40,0.0,기타 전문 도매업,2.1077380952380955,-2.2075,9.0,0.16275984077841663,0.010582746801609684,0.6862745098039216,OK,20.3,OK,4.5,4.5,4,1,0.55,0.25,0.2,STRUCT+TIMING+AI+SECTOR,default,50,20260612,20260612,,19.0,19.0,19.0,46.38,-9.6,FRESH,0.351,,False,0.3,True,MATURE,9296.0,4.979,0.849,0.849,0.0,0.0,0.0,v22_calibrated,,,,,,,,True,72.4,,ELITE_SCORE,MATURE,9296,2.4.0,OK,,100.0,ATTACK,OK,OK,OK,OK,OK,OK,OK,0,7,True,True,True,,0,GREEN,,,90.0,BUY,1,,0,0,0,0,,0.0,T=0<70,100.0,GREEN,,,0,False,0,ENTRY_READY_BUT_NOT_TOP_PICK,TOP_PICK=0,진입조건은 양호하나 공식 Top Pick 아님,50.0,ENTRY_CLEAN_OBSERVE,ENTRY_CLEAN_OBSERVE,FX_HIGH_REGIME,1,0,0,1,0,0,0,0,0,CLEAR,,,0,0,0,0,0.0,,,,,,,,,,REJECT_NO_VALIDATED_RULE,,,,,,True,False,True,True,False,True,False,True,0.0,0.0,0.0,0.0,20.0,0.0,15.0,0.0,35.0,0.3,False,True,False,4,False,0.0,0.0,G2RR×0.3 · G5추세붕괴4축 · G7윗꼬리약세-15,,0,0,0,,0.0,0,,False,0.0,0.0,False,,False,True,,0
409,003530,한화투자증권,KOSPI,서비스 기타,5850,106.75,12551.0,0.0,0.0,WAIT,WAIT,3,False,0,True,14.6,14.6,12.4,0.0,38.8,0.0,12.1,17.1,38.8,51.5,1.96,1.6,RR2.0 + 진입적정,0,5760.0,4895.0,7720.0,9880.0,,1.41,0.84,7721,-20.35,특이사항 없음,0,-12.16,35.4,-6.08,,,저점 이탈,추세 관망,CRITICAL,75.3,금융 지원 서비스업,10675209525.0,32.4,35.73,0,0,6.75,-2.01,-5.65,-19.64,-21.16,26.21,-23.2,-67.54,,0.868,0.18,0,12.0,1,0,1.81,0.26,0,0,0,0,-1,6614.0,-24.24,0.2994,False,X,▲,5408,▼,O,X,4.01,250,0,1,1,1,10300.0,enter,100.0,NORMAL+PM_BLOCK_INTRADAY+EF:정상,15.02,5.0,2.3,normal,7.0,v1_sl_first_gap_at_open,NORMAL+PM_BLOCK_INTRADAY+EF:정상,SWING_20D,80,SWING_60D,60,SWING_120D,45,0.0,금융 지원 서비스업,1.6329629629629632,-10.275925925925925,12.0,0.07509157509157509,-0.020324756231587714,0.4444444444444444,OK,38.8,OK,4.5,4.5,4,1,0.55,0.25,0.2,STRUCT+TIMING+AI+SECTOR,default,50,20260612,20260612,,14.6,14.6,14.6,46.38,-9.6,FRESH,0.351,,False,0.3,True,MATURE,9296.0,2.266,0.849,0.849,0.0,0.0,0.0,v22_calibrated,,,,,,,,True,32.0,,ELITE_SCORE,MATURE,9296,2.4.0,OK,,100.0,ATTACK,OK,OK,OK,OK,OK,OK,OK,0,7,True,True,True,,0,GREEN,,,90.0,BUY,1,,0,0,0,0,,0.0,T=0<70,100.0,GREEN,,,0,False,0,ENTRY_READY_BUT_NOT_TOP_PICK,TOP_PICK=0,진입조건은 양호하나 공식 Top Pick 아님,50.0,ENTRY_CLEAN_OBSERVE,ENTRY_CLEAN_OBSERVE,FX_HIGH_REGIME,1,0,0,1,0,0,0,0,0,CLEAR,,,0,0,0,0,0.0,,,,,,,,,,REJECT_NO_VALIDATED_RULE,,,,,,True,False,True,True,False,True,True,True,0.0,0.0,0.0,0.0,20.0,0.0,0.0,0.0,20.0,0.3,False,True,False,4,False,0.0,0.0,G2RR×0.3 · G5추세붕괴4축,,0,0,0,,0.0,0,,False,0.0,0.0,False,,False,True,,0
410,016360,삼성증권,KOSPI,서비스 기타,118800,605.65,106088.4,0.0,0.0,WAIT,WAIT,3,False,0,True,13.5,13.5,8.3,0.0,44.6,0.0,12.1,17.6,44.6,44.2,0.87,1.5,진입적정,0,117000.0,99400.0,135600.0,163000.0,,0.58,0.78,121809,-7.06,특이사항 없음,2,-2.74,47.4,-1.41,,,,추세 관망,CRITICAL,75.3,금융 지원 서비스업,60564573800.0,46.9,19.74,1,0,6.26,-3.73,-1.66,-7.11,22.98,52.11,-10.67,-23.4,,0.241,0.224,0,12.0,1,0,0.85,0.42,0,0,0,0,-1,137280.0,-2.47,-0.0025,False,O,▲,115366,▼,O,X,6.44,250,0,1,1,1,182600.0,enter,100.0,NORMAL+PM_BLOCK_INTRADAY+EF:정상,15.04,4.0,1.1,normal,7.0,v1_sl_first_gap_at_open,NORMAL+PM_BLOCK_INTRADAY+EF:정상,SWING_20D,80,SWING_60D,60,FIBO_1.272,40,0.0,금융 지원 서비스업,1.6329629629629632,-10.275925925925925,12.0,0.07641895141895143,-0.1321758161505304,0.5227272727272727,OK,44.6,OK,10.040806410352902,10.040806410352902,4,1,0.55,0.25,0.2,STRUCT+TIMING+AI+SECTOR,default,50,20260612,20260612,,13.5,13.5,13.5,46.38,-9.6,FRESH,0.351,,False,0.3,True,MATURE,9296.0,1.057,0.849,0.849,0.0,0.0,0.0,v22_calibrated,,,,,,,,True,14.1,,ELITE_SCORE,MATURE,9296,2.4.0,OK,,100.0,ATTACK,OK,OK,OK,OK,OK,OK,OK,0,7,True,True,True,,0,GREEN,,,0.0,AVOID,0,RR 0.87,0,0,0,0,,0.0,T=0<70,100.0,GREEN,,,0,False,0,BELOW_OFFICIAL_BAR,TOP_PICK=0,,5.0,IGNORE,IGNORE,FX_HIGH_REGIME,1,0,0,1,0,0,0,0,0,CLEAR,,,0,0,0,0,0.0,,,,,,,,,,REJECT_NO_VALIDATED_RULE,,,,,,True,False,True,True,False,True,True,True,0.0,0.0,0.0,0.0,20.0,0.0,0.0,0.0,20.0,0.3,False,True,False,5,False,0.0,0.0,G2RR×0.3 · G5추세붕괴5축,,0,0,0,,0.0,0,,False,0.0,0.0,False,,False,True,,0
411,060250,NHN KCP,KOSDAQ,서비스 기타,15040,56.92,6040.2,0.0,0.0,WAIT,WAIT,3,False,0,True,13.7,13.7,13.0,3.3,28.6,0.0,11.7,15.0,25.3,68.4,4.08,1.6,RR4.1 + 진입적정,0,14810.0,13580.0,21000.0,22600.0,,1.03,0.74,18281,-33.37,특이사항 없음,0,-15.41,38.3,-11.61,,,저점 이탈,추세 관망,CRITICAL,75.3,금융 지원 서비스업,5692424570.0,56.2,35.48,0,0,3.51,-6.0,-13.56,-20.3,-22.15,-3.53,-7.74,-12.55,,0.981,0.144,0,12.0,0,0,1.67,0.15,0,0,0,0,-1,18252.5,-17.73,-0.0105,False,X,▼,14863,▼,O,X,3.51,250,0,-1,1,1,25500.0,enter,100.0,SWING+PM_BLOCK_INTRADAY+EF:정상,8.31,5.0,5.0,normal,7.0,v1_sl_first_gap_at_open,SWING+PM_BLOCK_INTRADAY+EF:정상,SWING_20D,80,VP_RESISTANCE,65,SWING_120D,45,0.0,금융 지원 서비스업,1.6329629629629632,-10.275925925925925,12.0,0.08565254559270517,-0.0016626274025740874,0.5125,OK,28.6,OK,16.480667518489177,16.480667518489177,2,0,0.55,0.25,0.2,STRUCT+TIMING+AI+SECTOR,default,50,20260612,20260612,,13.7,13.7,13.7,46.38,-9.6,FRESH,0.351,,False,0.3,True,MATURE,9296.0,5.033,0.849,0.849,0.0,0.0,0.0,v22_calibrated,,,,,,,,True,39.6,,ELITE_SCORE,MATURE,9296,2.4.0,OK,,100.0,ATTACK,OK,OK,OK,OK,OK,OK,OK,0,7,True,True,True,,0,GREEN,,,90.0,BUY,1,,0,0,0,0,,0.0,T=3<70,100.0,GREEN,,,0,False,0,ENTRY_READY_BUT_NOT_TOP_PICK,TOP_PICK=0,진입조건은 양호하나 공식 Top Pick 아님,45.0,ENTRY_CLEAN_OBSERVE,ENTRY_CLEAN_OBSERVE,FX_HIGH_REGIME,1,0,0,1,0,0,0,0,0,CLEAR,,,0,0,0,0,0.0,,,,,,,,,,REJECT_NO_VALIDATED_RULE,,,,,,True,False,True,True,False,True,True,True,0.0,0.0,0.0,0.0,20.0,0.0,0.0,0.0,20.0,0.5,False,True,False,5,False,0.0,0.0,G2RR×0.5 · G5추세붕괴5축,,0,0,0,,0.0,0,,False,0.0,0.0,False,,False,True,,0
412,077500,유니퀘스트,KOSPI,조선·기계·설비,7990,52.09,1725.8,0.0,,WAIT,WAIT,3,False,0,True,46.5,46.5,56.3,39.9,27.8,0.0,11.6,41.3,28.5,64.4,0.76,4.3,,0,7660.0,6510.0,9110.0,9520.0,,2.28,0.85,7686,-2.2,특이사항 없음,5,-0.45,56.8,7.83,STRUCT 강점,,,스퀴즈/품질 대기,CRITICAL,75.3,기계장비 및 관련 물품 도매업,5209189585.0,59.1,22.67,1,0,11.44,9.9,5.13,5.55,32.07,27.03,1.99,-14.31,,0.222,0.222,0,12.0,0,0,2.68,0.55,0,0,0,1,-1,8478.0,3.95,0.2129,False,O,▲,7105,▲,O,X,2.23,250,0,1,1,1,9790.0,split,50.0,NORMAL+PM_BLOCK_INTRADAY+EF:당일 10%+ 급등 분할 진입+ENTRY:split,15.01,6.0,1.3,normal,7.0,v1_sl_first_gap_at_open,NORMAL+PM_BLOCK_INTRADAY+EF:당일 10%+ 급등 분할 진입+ENTRY:split,SWING_20D,80,SWING_60D,60,ATR_3.5x,45,0.0,기계장비 및 관련 물품 도매업,9.421739130434784,5.0392753623188415,2.0,0.07616663686751296,0.002341603550341935,0.26595744680851063,OK,27.8,OK,30.91009677762979,30.91009677762979,8,1,0.55,0.25,0.2,STRUCT+TIMING+AI+SECTOR,default,50,20260612,20260612,,46.5,46.5,46.5,46.38,-9.6,FRESH,0.351,elite_low_wr_0.35,True,0.3,True,MATURE,9296.0,1.261,0.849,0.849,0.0,0.0,,v22_calibrated,,,,,,,,True,14.0,,ELITE_SCORE,MATURE,9296,2.4.0,OK,,100.0,ATTACK,OK,OK,OK,OK,OK,OK,OK,0,7,True,True,True,,0,GREEN,,,0.0,AVOID,0,진입괴리 4.3% · RR 0.76,0,0,0,0,,0.0,T=40<70 · S=56≥50,100.0,GREEN,,,0,False,0,BELOW_OFFICIAL_BAR,TOP_PICK=0,,5.0,IGNORE,IGNORE,FX_HIGH_REGIME,1,0,0,1,0,0,0,0,0,CLEAR,,,0,0,0,0,0.0,,,,,,,,,,REJECT_NO_VALIDATED_RULE,,,,,,True,True,True,True,True,True,True,True,0.0,0.0,0.0,0.0,0.0,0.0,0.0,0.0,0.0,1.0,False,False,False,2,True,11.6,1.0,,,0,0,0,,11.6,0,,False,0.0,0.0,False,,False,True,,0
413,098460,고영,KOSDAQ,조선·기계·설비,39150,4579.74,26878.3,0.0,0.0,WAIT,WAIT,3,False,0,True,51.5,51.5,57.9,19.9,73.6,0.0,11.6,50.5,53.7,32.9,0.68,4.1,,0,37600.0,31900.0,44100.0,52200.0,,2.08,3.61,36978,33.03,특이사항 없음,0,-16.54,52.3,11.43,AI 강점,STRUCT 보조,5일 급등,추세 관망,CRITICAL,75.3,특수 목적용 기계 제조업,457973562100.0,67.0,37.58,0,0,14.47,24.88,10.28,-7.77,34.77,43.67,4.79,44.37,,0.194,0.194,1,12.0,1,0,2.24,0.7,25839,6890,32729,1,1,25417.5,5.87,0.6989,False,O,▲,31328,▲,O,X,5.26,250,0,1,1,1,57800.0,split,50.0,NORMAL+PM_BLOCK_INTRADAY+EF:당일 10%+ 급등 분할 진입+ENTRY:split,15.16,5.0,1.1,normal,7.0,v1_sl_first_gap_at_open,NORMAL+PM_BLOCK_INTRADAY+EF:당일 10%+ 급등 분할 진입+ENTRY:split,SWING_20D,80,ATR_3.5x,45,FIBO_1.618,25,0.0,특수 목적용 기계 제조업,9.421739130434784,5.0392753623188415,2.0,0.1065042875387703,0.0025642838662456066,0.4383561643835616,OK,73.6,OK,15.0,15.0,6,1,0.55,0.25,0.2,STRUCT+TIMING+AI+SECTOR,default,50,20260612,20260612,,51.5,51.5,51.5,46.38,-9.6,FRESH,0.351,,False,0.332,True,MATURE,9296.0,1.14,0.849,0.849,0.0,0.0,0.0,v22_calibrated,,,,,,,,True,12.6,,ELITE_SCORE,MATURE,9296,2.4.0,OK,,100.0,ATTACK,OK,OK,OK,OK,OK,OK,OK,0,7,True,True,True,,0,GREEN,,,0.0,AVOID,0,진입괴리 4.1% · RR 0.68,0,0,0,0,,0.0,T=20<70 · S=58≥50,100.0,GREEN,,,0,False,0,BELOW_OFFICIAL_BAR,TOP_PICK=0,,5.0,IGNORE,IGNORE,FX_HIGH_REGIME,1,0,0,1,0,0,0,0,0,CLEAR,,,0,0,0,0,0.0,,,,,,,,,,REJECT_NO_VALIDATED_RULE,,,,,,True,True,True,True,True,True,True,True,0.0,0.0,0.0,0.0,0.0,0.0,0.0,0.0,0.0,1.0,False,False,False,0,True,11.6,1.0,,,0,0,0,,11.6,0,,False,0.0,0.0,False,,False,True,,0
414,439260,대한조선,KOSPI,조선·기계·설비,61900,59.07,23576.9,0.0,0.0,WAIT,WAIT,3,False,0,True,7.6,7.6,0.0,17.9,15.8,0.0,11.5,11.2,17.9,77.6,2.0,1.5,RR2.0 + 진입적정,0,61000.0,55300.0,75100.0,90200.0,,1.25,0.93,84204,-31.33,특이사항 없음,0,-8.79,32.8,-4.5,,,저점 이탈,추세 관망,CRITICAL,75.3,선박 및 보트 건조업,5907322550.0,37.7,25.32,0,0,3.17,3.17,-3.58,-15.78,-36.25,-18.87,-19.34,-82.63,,0.983,0.104,0,11.2,1,0,1.43,0.27,0,0,0,0,-1,70040.0,-26.49,0.2822,False,X,▼,58887,▲,O,X,3.5,209,0,-1,0,0,99900.0,enter,100.0,SWING+PM_BLOCK_INTRADAY+EF:정상,9.34,5.0,2.5,normal,7.0,v1_sl_first_gap_at_open,SWING+PM_BLOCK_INTRADAY+EF:정상,SWING_20D,80,VP_RESISTANCE,65,SWING_60D,60,0.0,선박 및 보트 건조업,9.421739130434784,5.0392753623188415,2.0,0.05608123701823217,-0.00918083415733947,0.56,OK,15.8,OK,22.371816742065924,22.371816742065924,4,1,0.55,0.25,0.2,STRUCT+TIMING+AI+SECTOR,default,50,20260612,20260612,,7.6,7.6,7.6,46.38,-9.6,FRESH,0.351,,False,0.3,True,MATURE,9296.0,2.474,0.849,0.849,0.0,0.0,0.0,v22_calibrated,,,,,,,,True,21.3,,ELITE_SCORE,MATURE,9296,2.4.0,OK,,100.0,ATTACK,OK,OK,OK,OK,OK,OK,OK,0,7,True,True,True,,0,GREEN,,,90.0,BUY,1,,0,0,0,0,,0.0,T=18<70,100.0,GREEN,,,0,False,0,ENTRY_READY_BUT_NOT_TOP_PICK,TOP_PICK=0,진입조건은 양호하나 공식 Top Pick 아님,50.0,ENTRY_CLEAN_OBSERVE,ENTRY_CLEAN_OBSERVE,FX_HIGH_REGIME,1,0,0,1,0,0,0,0,0,CLEAR,,,0,0,0,0,0.0,,,,,,,,,,REJECT_NO_VALIDATED_RULE,,,,,,True,False,True,True,False,True,True,True,0.0,0.0,0.0,0.0,20.0,0.0,0.0,0.0,20.0,0.5,False,True,False,3,False,0.0,0.0,G2RR×0.5 · G5추세붕괴3축,,0,0,0,,0.0,0,,False,0.0,0.0,False,,False,True,,0
415,005490,POSCO홀딩스,KOSPI,철강·금속,377000,1843.36,298740.6,0.0,0.0,WAIT,WAIT,3,False,0,True,10.1,10.1,0.0,0.0,50.7,0.0,11.1,16.9,50.7,36.6,2.27,1.5,RR2.3 + 진입적정,0,371500.0,320500.0,505000.0,542000.0,,0.19,0.93,420269,7.95,특이사항 없음,0,-15.43,25.6,-9.16,AI 강점,,MFI 약세,추세 관망,CRITICAL,75.3,1차 철강 제조업,184335967250.0,19.4,36.82,0,0,5.31,-3.33,-10.24,-21.21,13.04,22.4,-24.77,-33.34,,0.403,0.194,1,11.7,1,0,1.0,0.21,0,0,0,0,-1,418300.0,-10.3,0.2203,False,X,▲,356799,▼,O,X,5.45,250,0,1,1,1,602000.0,enter,100.0,NORMAL+PM_BLOCK_INTRADAY+EF:정상,13.73,4.0,2.6,normal,7.0,v1_sl_first_gap_at_open,NORMAL+PM_BLOCK_INTRADAY+EF:정상,SWING_20D,80,SWING_60D,60,FIBO_1.272,40,0.0,1차 철강 제조업,-2.065555555555555,-22.175555555555558,15.0,0.05854490337248958,-0.09320874471038836,0.75,OK,50.7,OK,7.975469683343985,7.975469683343985,2,0,0.55,0.25,0.2,STRUCT+TIMING+AI+SECTOR,default,50,20260612,20260612,,10.1,10.1,10.1,46.38,-9.6,FRESH,0.351,,False,0.3,True,MATURE,9296.0,2.618,0.849,0.849,0.0,0.0,0.0,v22_calibrated,,,,,,,,True,34.0,,ELITE_SCORE,MATURE,9296,2.4.0,OK,,100.0,ATTACK,OK,OK,OK,OK,OK,OK,OK,0,7,True,True,True,,0,GREEN,,,90.0,BUY,1,,0,0,0,0,,0.0,T=0<70,100.0,GREEN,,,0,False,0,ENTRY_READY_BUT_NOT_TOP_PICK,TOP_PICK=0,진입조건은 양호하나 공식 Top Pick 아님,45.0,ENTRY_CLEAN_OBSERVE,ENTRY_CLEAN_OBSERVE,FX_HIGH_REGIME,1,0,0,1,0,0,0,0,0,CLEAR,,,0,0,0,0,0.0,,,,,,,,,,REJECT_NO_VALIDATED_RULE,,,,,,True,False,True,False,False,True,True,True,0.0,0.0,0.0,0.0,20.0,0.0,0.0,0.0,20.0,0.3,True,True,False,3,False,0.0,0.0,G2RR×0.3 · G4저모멘텀차단 · G5추세붕괴3축,,0,0,0,,0.0,0,,False,0.0,0.0,False,,False,True,,0
416,089010,켐트로닉스,KOSDAQ,화학·소재,30350,82.07,5089.7,0.0,0.0,WAIT,WAIT,3,False,0,True,9.7,9.7,0.0,0.0,48.6,0.0,10.7,16.2,48.6,39.2,2.47,1.5,RR2.5 + 진입적정,0,29900.0,25400.0,42600.0,48900.0,,0.76,0.98,37969,-15.75,특이사항 없음,0,-21.55,34.1,-12.32,,,저점 이탈,추세 관망,CRITICAL,75.3,기타 화학제품 제조업,8206664925.0,53.0,49.51,0,0,3.58,1.0,-17.75,-24.97,2.02,-4.41,-12.41,11.62,,0.87,0.379,0,12.0,0,0,1.45,0.24,0,0,0,0,-1,36960.0,-20.07,0.3786,False,X,▼,27613,▼,O,X,5.29,250,0,-1,-1,1,55200.0,enter,100.0,NORMAL+PM_BLOCK_INTRADAY+EF:정상,15.05,5.0,2.8,normal,7.0,v1_sl_first_gap_at_open,NORMAL+PM_BLOCK_INTRADAY+EF:정상,SWING_20D,80,SWING_60D,60,FIBO_1.272,40,0.0,기타 화학제품 제조업,6.03945945945946,-4.1432432432432424,8.0,0.09943516121440338,-0.01079669345143075,0.20689655172413793,OK,48.6,OK,21.001330573625076,21.001330573625076,4,1,0.55,0.25,0.2,STRUCT+TIMING+AI+SECTOR,default,50,20260612,20260612,,9.7,9.7,9.7,46.38,-9.6,FRESH,0.351,,False,0.3,True,MATURE,9296.0,2.822,0.849,0.849,0.0,0.0,0.0,v22_calibrated,,,,,,,,True,40.4,,ELITE_SCORE,MATURE,9296,2.4.0,OK,,100.0,ATTACK,OK,OK,OK,OK,OK,OK,OK,0,7,True,True,True,,0,GREEN,,,90.0,BUY,1,,0,0,0,0,,0.0,T=0<70,100.0,GREEN,,,0,False,0,ENTRY_READY_BUT_NOT_TOP_PICK,TOP_PICK=0,진입조건은 양호하나 공식 Top Pick 아님,50.0,ENTRY_CLEAN_OBSERVE,ENTRY_CLEAN_OBSERVE,FX_HIGH_REGIME,1,0,0,1,0,0,0,0,0,CLEAR,,,0,0,0,0,0.0,,,,,,,,,,REJECT_NO_VALIDATED_RULE,,,,,,True,False,True,True,False,True,True,True,0.0,0.0,0.0,0.0,20.0,0.0,0.0,0.0,20.0,0.3,False,True,False,4,False,0.0,0.0,G2RR×0.3 · G5추세붕괴4축,,0,0,0,,0.0,0,,False,0.0,0.0,False,,False,True,,0
417,028670,팬오션,KOSPI,기타,5190,115.6,27744.2,0.0,0.0,WAIT,WAIT,3,False,0,True,12.5,12.5,10.7,0.0,33.1,0.0,10.5,14.6,33.1,58.6,1.52,1.6,RR1.5 + 진입적정,0,5110.0,4420.0,6360.0,6600.0,,0.78,0.69,5485,-6.57,특이사항 없음,0,-12.31,36.2,-5.73,,,저점 이탈,추세 관망,CRITICAL,75.3,해상 운송업,11559897430.0,40.5,30.75,0,0,3.9,1.37,-5.29,-15.2,1.76,28.15,-18.76,-44.62,,0.578,0.485,0,12.0,0,0,1.36,0.32,0,0,0,0,-1,5781.0,-5.38,0.2974,False,X,▲,4893,▲,O,X,3.7,250,0,1,1,1,,enter,100.0,NORMAL+PM_BLOCK_INTRADAY+EF:정상,13.5,5.0,1.8,normal,7.0,v1_sl_first_gap_at_open,NORMAL+PM_BLOCK_INTRADAY+EF:정상,SWING_20D,80,SWING_120D,45,,0,0.0,해상 운송업,2.1077380952380955,-2.2075,9.0,0.06193228736581338,-0.04091383610661603,0.6363636363636364,OK,33.1,OK,15.525920639278002,15.525920639278002,4,1,0.55,0.25,0.2,STRUCT+TIMING+AI+SECTOR,default,50,20260612,20260612,,12.5,12.5,12.5,46.38,-9.6,FRESH,0.351,,False,0.3,True,MATURE,9296.0,1.812,0.849,0.849,0.0,0.0,0.0,v22_calibrated,,,,,,,,True,22.5,,ELITE_SCORE,MATURE,9296,2.4.0,OK,,100.0,ATTACK,OK,OK,OK,OK,OK,OK,OK,0,7,True,True,True,,0,GREEN,,,90.0,BUY,1,,0,0,0,0,,0.0,T=0<70,100.0,GREEN,,,0,False,0,ENTRY_READY_BUT_NOT_TOP_PICK,TOP_PICK=0,진입조건은 양호하나 공식 Top Pick 아님,50.0,ENTRY_CLEAN_OBSERVE,ENTRY_CLEAN_OBSERVE,FX_HIGH_REGIME,1,0,0,1,0,0,0,0,0,CLEAR,,,0,0,0,0,0.0,,,,,,,,,,REJECT_NO_VALIDATED_RULE,,,,,,True,False,True,True,False,True,False,True,0.0,0.0,0.0,0.0,20.0,0.0,15.0,0.0,35.0,0.3,False,True,False,3,False,0.0,0.0,G2RR×0.3 · G5추세붕괴3축 · G7윗꼬리약세-15,,0,0,0,,0.0,0,,False,0.0,0.0,False,,False,True,,0
418,086280,현대글로비스,KOSPI,서비스 기타,208500,683.07,156375.0,0.0,0.0,WAIT,WAIT,3,False,0,True,9.6,9.6,1.0,0.0,45.2,0.0,10.3,15.4,45.2,43.5,2.29,1.5,RR2.3 + 진입적정,0,205500.0,174500.0,286500.0,296000.0,,1.47,0.72,235155,-17.4,특이사항 없음,0,-10.02,36.9,-5.98,,,저점 이탈,추세 관망,CRITICAL,75.3,기타 운송관련 서비스업,68306518500.0,48.0,34.41,0,0,6.49,-0.48,-10.52,-26.58,-4.79,14.18,-30.14,-51.17,,0.883,0.265,0,12.0,0,0,0.85,0.24,0,0,0,0,-1,234330.0,-11.34,0.1462,False,X,▼,195515,▼,O,X,5.46,250,0,-1,1,1,,enter,100.0,NORMAL+PM_BLOCK_INTRADAY+EF:정상,15.09,4.0,2.6,normal,7.0,v1_sl_first_gap_at_open,NORMAL+PM_BLOCK_INTRADAY+EF:정상,SWING_20D,80,SWING_120D,45,,0,0.0,기타 운송관련 서비스업,1.6329629629629632,-10.275925925925925,12.0,0.06673518328194587,-0.0525734619876816,0.45454545454545453,OK,45.2,OK,7.1715500311645295,7.1715500311645295,2,0,0.55,0.25,0.2,STRUCT+TIMING+AI+SECTOR,default,50,20260612,20260612,,9.6,9.6,9.6,46.38,-9.6,FRESH,0.351,,False,0.3,True,MATURE,9296.0,2.613,0.849,0.849,0.0,0.0,0.0,v22_calibrated,,,,,,,,True,37.4,,ELITE_SCORE,MATURE,9296,2.4.0,OK,,100.0,ATTACK,OK,OK,OK,OK,OK,OK,OK,0,7,True,True,True,,0,GREEN,,,90.0,BUY,1,,0,0,0,0,,0.0,T=0<70,100.0,GREEN,,,0,False,0,ENTRY_READY_BUT_NOT_TOP_PICK,TOP_PICK=0,진입조건은 양호하나 공식 Top Pick 아님,45.0,ENTRY_CLEAN_OBSERVE,ENTRY_CLEAN_OBSERVE,FX_HIGH_REGIME,1,0,0,1,0,0,0,0,0,CLEAR,,,0,0,0,0,0.0,,,,,,,,,,REJECT_NO_VALIDATED_RULE,,,,,,True,False,True,True,False,True,True,True,0.0,0.0,0.0,0.0,20.0,0.0,0.0,0.0,20.0,0.3,False,True,False,4,False,0.0,0.0,G2RR×0.3 · G5추세붕괴4축,,0,0,0,,0.0,0,,False,0.0,0.0,False,,False,True,,0
419,011200,HMM,KOSPI,기타,20050,372.37,189119.2,0.0,0.0,WAIT,WAIT,3,False,0,True,29.3,29.3,16.1,53.1,36.0,0.0,10.3,35.1,37.0,53.8,0.43,1.5,진입적정,0,19750.0,18210.0,20850.0,22450.0,,1.99,1.1,20184,-0.76,특이사항 없음,4,-6.49,48.2,2.14,TIMING 강점,,저점 이탈,추세 관망,CRITICAL,75.3,해상 운송업,37237244330.0,39.4,11.11,1,0,6.37,3.08,2.24,1.11,-4.3,-1.72,-2.45,-50.68,,0.724,0.654,0,7.6,1,1,0.94,0.72,0,0,0,1,-1,20630.0,-0.67,0.0701,False,X,▼,18854,▲,O,X,2.02,250,0,-1,-1,1,24950.0,enter,100.0,NORMAL+PM_BLOCK_INTRADAY+EF:정상,7.8,4.0,0.7,normal,7.0,v1_sl_first_gap_at_open,NORMAL+PM_BLOCK_INTRADAY+EF:정상,SWING_20D,80,ATR_3.5x,45,SWING_120D,45,0.0,해상 운송업,2.1077380952380955,-2.2075,9.0,0.03808336302101888,-0.03668507973975568,0.08771929824561403,OK,36.0,OK,56.754983722183006,56.754983722183006,6,1,0.55,0.25,0.2,STRUCT+TIMING+AI+SECTOR,default,50,20260612,20260612,,29.3,29.3,29.3,46.38,-9.6,FRESH,0.351,,False,0.3,True,MATURE,9296.0,0.714,0.849,0.714,0.0,0.0,0.0,v22_calibrated,,,,,,,,True,4.0,,ELITE_SCORE,MATURE,9296,2.4.0,OK,,100.0,ATTACK,OK,OK,OK,OK,OK,OK,OK,0,7,True,True,True,,0,GREEN,,,0.0,AVOID,0,RR 0.43,0,0,0,0,,0.0,T=53<70,100.0,GREEN,,,0,False,0,BELOW_OFFICIAL_BAR,TOP_PICK=0,,5.0,IGNORE,IGNORE,FX_HIGH_REGIME,1,0,0,1,0,0,0,0,0,CLEAR,,,0,0,0,0,0.0,,,,,,,,,,REJECT_NO_VALIDATED_RULE,,,,,,True,False,True,True,True,True,True,True,0.0,0.0,0.0,0.0,0.0,0.0,0.0,0.0,0.0,0.5,False,False,False,2,False,5.2,0.5,G2RR×0.5,,0,0,0,,5.2,0,,False,0.0,0.0,False,,False,True,,0
420,445090,에이직랜드,KOSDAQ,반도체,29500,58.12,3223.1,0.0,0.0,WAIT,WAIT,3,False,0,True,40.1,40.1,47.8,26.3,36.3,0.0,10.0,36.8,21.5,73.1,0.58,2.4,,0,28800.0,24450.0,32450.0,38750.0,,1.2,1.29,29323,-4.15,특이사항 없음,5,-4.35,52.0,2.79,,,,추세 관망,CRITICAL,75.3,반도체 제조업,5812232075.0,65.3,25.49,1,0,9.06,4.61,1.72,-2.48,4.06,4.61,10.08,13.66,,0.517,0.517,0,12.0,1,0,1.2,0.64,0,0,0,1,-1,33330.0,0.6,0.0866,False,O,▼,27259,▼,O,X,3.51,250,0,-1,1,1,,enter,100.0,NORMAL+PM_BLOCK_INTRADAY+EF:정상,15.1,6.0,0.8,normal,7.0,v1_sl_first_gap_at_open,NORMAL+PM_BLOCK_INTRADAY+EF:정상,SWING_20D,80,ATR_3.5x,45,,0,0.0,반도체 제조업,7.3096000000000005,9.6216,1.0,0.09612590799031477,-0.005170707050348209,0.47619047619047616,OK,36.3,OK,25.5,25.5,8,1,0.55,0.25,0.2,STRUCT+TIMING+AI+SECTOR,default,50,20260612,20260612,,40.1,40.1,40.1,46.38,-9.6,FRESH,0.351,,False,0.3,True,MATURE,9296.0,0.839,0.849,0.839,0.0,0.0,0.0,v22_calibrated,,,,,,,,True,10.0,,ELITE_SCORE,MATURE,9296,2.4.0,OK,,100.0,ATTACK,OK,OK,OK,OK,OK,OK,OK,0,7,True,True,True,,0,GREEN,,,0.0,AVOID,0,RR 0.58,0,0,0,0,,0.0,T=26<70,100.0,GREEN,,,0,False,0,BELOW_OFFICIAL_BAR,TOP_PICK=0,,5.0,IGNORE,IGNORE,FX_HIGH_REGIME,1,0,0,1,0,0,0,0,0,CLEAR,,,0,0,0,0,0.0,,,,,,,,,,REJECT_NO_VALIDATED_RULE,,,,,,True,False,True,True,False,True,True,True,0.0,0.0,0.0,0.0,20.0,0.0,0.0,0.0,20.0,0.5,False,True,False,3,False,0.0,0.0,G2RR×0.5 · G5추세붕괴3축,,0,0,0,,0.0,0,,False,0.0,0.0,False,,False,True,,0
421,029780,삼성카드,KOSPI,금융,51500,433.89,59667.3,0.0,0.0,WAIT,WAIT,3,False,0,True,31.9,31.9,28.3,49.4,19.8,0.0,9.9,32.5,29.6,63.0,0.14,3.8,,0,49600.0,45750.0,52300.0,60800.0,,2.9,3.99,51182,-5.65,특이사항 없음,0,-4.34,65.5,8.21,,,,추세 관망,CRITICAL,75.3,기타 금융업,43388853950.0,64.7,15.75,0,0,9.23,11.96,9.69,5.42,-11.51,-7.21,1.86,-57.89,,0.678,0.336,0,7.2,0,0,1.2,0.9,0,0,0,1,1,43180.0,0.62,0.2782,False,X,▼,46031,▲,O,X,1.17,250,0,-1,-1,1,69200.0,enter,100.0,NORMAL+PM_BLOCK_INTRADAY+EF:정상,7.76,4.0,0.7,normal,7.0,v1_sl_first_gap_at_open,NORMAL+PM_BLOCK_INTRADAY+EF:정상,SWING_20D,80,SWING_60D,60,SWING_120D,45,0.0,기타 금융업,1.90825,-1.16975,7.0,0.03585298196948682,0.04809298933457469,0.14414414414414414,OK,19.8,OK,58.0,58.0,4,1,0.55,0.25,0.2,STRUCT+TIMING+AI+SECTOR,default,50,20260612,20260612,,31.9,31.9,31.9,46.38,-9.6,FRESH,0.351,,False,0.3,True,MATURE,9296.0,0.701,0.849,0.701,0.0,0.0,0.0,v22_calibrated,,,,,,,,True,1.6,,ELITE_SCORE,MATURE,9296,2.4.0,OK,,100.0,ATTACK,OK,OK,OK,OK,OK,OK,OK,0,7,True,True,True,,0,GREEN,,,0.0,AVOID,0,진입괴리 3.8% · RR 0.14,0,0,0,0,,0.0,T=49<70,100.0,GREEN,,,0,False,0,BELOW_OFFICIAL_BAR,TOP_PICK=0,,5.0,IGNORE,IGNORE,FX_HIGH_REGIME,1,0,0,1,0,0,0,0,0,CLEAR,,,0,0,0,0,0.0,,,,,,,,,,REJECT_NO_VALIDATED_RULE,,,,,,True,False,True,True,True,True,True,True,0.0,0.0,0.0,0.0,0.0,0.0,0.0,0.0,0.0,0.5,False,False,False,1,False,5.0,0.5,G2RR×0.5,,0,0,0,,5.0,0,,False,0.0,0.0,False,,False,True,,0
422,455900,엔젤로보틱스,KOSDAQ,조선·기계·설비,25100,58.67,3840.8,0.0,0.0,WAIT,WAIT,3,False,0,True,8.4,8.4,0.0,2.4,39.1,0.0,9.8,13.8,39.1,51.1,1.6,4.6,RR1.6,0,24000.0,20350.0,32700.0,35650.0,,0.42,1.4,28353,-29.53,특이사항 없음,0,-14.29,43.9,-5.55,,,저점 이탈,추세 관망,CRITICAL,75.3,특수 목적용 기계 제조업,5867100075.0,58.6,39.93,0,0,14.35,-4.92,-1.38,-13.45,-8.39,-19.68,-0.89,1.21,,0.996,0.097,0,12.0,1,0,1.1,0.35,0,0,0,0,-1,29995.0,-11.47,-0.1596,False,X,▼,23740,▼,O,X,4.1,250,0,-1,-1,1,43950.0,split,50.0,NORMAL+PM_BLOCK_INTRADAY+EF:당일 10%+ 급등 분할 진입+ENTRY:split,15.21,6.0,2.4,normal,7.0,v1_sl_first_gap_at_open,NORMAL+PM_BLOCK_INTRADAY+EF:당일 10%+ 급등 분할 진입+ENTRY:split,SWING_20D,80,VP_RESISTANCE,50,SWING_120D,45,0.0,특수 목적용 기계 제조업,9.421739130434784,5.0392753623188415,2.0,0.10671599317017644,0.004349369300654814,0.40963855421686746,OK,39.1,OK,8.5,8.5,2,0,0.55,0.25,0.2,STRUCT+TIMING+AI+SECTOR,default,50,20260612,20260612,,8.4,8.4,8.4,46.38,-9.6,FRESH,0.351,,False,0.3,True,MATURE,9296.0,2.384,0.849,0.849,0.0,0.0,0.0,v22_calibrated,,,,,,,,True,30.3,,ELITE_SCORE,MATURE,9296,2.4.0,OK,,100.0,ATTACK,OK,OK,OK,OK,OK,OK,OK,0,7,True,True,True,,0,GREEN,,,0.0,AVOID,0,진입괴리 4.6%,0,0,0,0,,0.0,T=2<70 · 전일+14%,100.0,GREEN,,,0,False,0,BELOW_OFFICIAL_BAR,TOP_PICK=0,EBS 미통과/불명,10.0,IGNORE,IGNORE,FX_HIGH_REGIME,1,0,0,1,0,0,0,0,0,CLEAR,,,0,0,0,0,0.0,,,,,,,,,,REJECT_NO_VALIDATED_RULE,,,,,,True,False,True,True,False,True,True,True,0.0,0.0,0.0,0.0,20.0,0.0,0.0,0.0,20.0,0.5,False,True,False,5,False,0.0,0.0,G2RR×0.5 · G5추세붕괴5축,,0,0,0,,0.0,0,,False,0.0,0.0,False,,False,True,,0
423,322510,제이엘케이,KOSDAQ,IT/전기전자,5210,59.43,1340.3,0.0,0.0,WAIT,WAIT,3,False,0,True,36.5,36.5,27.7,21.2,79.7,0.0,9.7,42.9,58.5,26.9,0.7,9.7,,0,4750.0,4035.0,6030.0,8990.0,,2.04,3.88,6548,-31.55,특이사항 없음,0,-17.25,58.0,11.27,AI 강점,,5일 급등,추세 관망,CRITICAL,75.3,소프트웨어 개발 및 공급업,5943207135.0,55.0,45.43,0,0,21.45,24.64,11.32,-10.94,-40.53,10.38,1.62,-30.93,,0.934,0.089,0,12.0,1,0,2.88,0.64,0,0,0,1,1,3498.0,-20.44,0.7131,False,X,▼,4070,▲,O,X,0.12,250,0,-1,-1,1,9210.0,hold,0.0,NORMAL+PM_BLOCK_INTRADAY+EF:당일 15%+ 급등 진입 보류+ENTRY:hold,15.05,6.0,1.8,normal,7.0,v1_sl_first_gap_at_open,NORMAL+PM_BLOCK_INTRADAY+EF:당일 15%+ 급등 진입 보류+ENTRY:hold,SWING_20D,80,SWING_60D,60,SWING_120D,45,0.0,소프트웨어 개발 및 공급업,0.10229729729729745,3.253243243243243,5.0,0.08424732656978338,-0.04117287258109731,0.2766798418972332,OK,79.7,OK,24.5,24.5,6,1,0.55,0.25,0.2,STRUCT+TIMING+AI+SECTOR,default,50,20260612,20260612,,36.5,36.5,36.5,46.38,-9.6,FRESH,0.351,,False,0.3,True,MATURE,9296.0,1.79,0.849,0.849,0.0,0.0,0.0,v22_calibrated,,,,,,,,True,15.7,,ELITE_SCORE,MATURE,9296,2.4.0,OK,,100.0,ATTACK,OK,OK,OK,OK,OK,OK,OK,0,7,True,True,True,,0,GREEN,,,0.0,AVOID,0,진입괴리 9.7% · RR 0.70,0,0,0,0,,0.0,T=21<70 · 전일+21%,100.0,GREEN,,,0,False,0,BELOW_OFFICIAL_BAR,TOP_PICK=0,,5.0,IGNORE,IGNORE,FX_HIGH_REGIME,1,0,0,1,0,0,0,0,0,CLEAR,,,0,0,0,0,0.0,,,,,,,,,,REJECT_NO_VALIDATED_RULE,,,,,,True,True,True,True,True,True,True,True,0.0,0.0,0.0,0.0,0.0,0.0,0.0,0.0,0.0,1.0,False,False,False,1,True,9.7,1.0,,,0,0,0,,9.7,0,,False,0.0,0.0,False,,False,True,,0
424,015760,한국전력,KOSPI,기타,37650,1690.12,241699.5,0.0,0.0,WAIT,WAIT,3,False,0,True,7.0,7.0,0.0,10.2,22.0,0.0,9.5,10.7,22.0,72.5,1.11,1.5,RR1.1 + 진입적정,0,37100.0,33950.0,41750.0,48100.0,,0.48,1.69,42368,-21.7,특이사항 없음,0,-3.31,41.3,-1.48,,,,추세 관망,CRITICAL,75.3,전기업,169011505450.0,40.3,14.35,0,0,4.87,-1.18,-3.59,-7.61,-19.72,-22.85,-11.17,-66.1,,0.976,0.139,0,10.1,1,0,1.06,0.39,0,0,0,0,-1,40885.0,-11.14,0.0423,False,X,▼,36331,▼,O,X,5.43,250,0,-1,-1,1,50300.0,enter,100.0,SWING+PM_BLOCK_INTRADAY+EF:정상,8.49,4.0,1.5,normal,7.0,v1_sl_first_gap_at_open,SWING+PM_BLOCK_INTRADAY+EF:정상,SWING_20D,80,VP_RESISTANCE,65,SWING_60D,60,0.0,전기업,2.1077380952380955,-2.2075,9.0,0.05027509011572757,-0.02610254486394184,0.7671232876712328,OK,22.0,OK,31.676519582963003,31.676519582963003,2,0,0.55,0.25,0.2,STRUCT+TIMING+AI+SECTOR,default,50,20260612,20260612,,7.0,7.0,7.0,46.38,-9.6,FRESH,0.351,,False,0.3,True,MATURE,9296.0,1.476,0.849,0.849,0.0,0.0,0.0,v22_calibrated,,,,,,,,True,10.9,,ELITE_SCORE,MATURE,9296,2.4.0,OK,,100.0,ATTACK,OK,OK,OK,OK,OK,OK,OK,0,7,True,True,True,,0,GREEN,,,80.0,BUY,1,,0,0,0,0,,0.0,T=10<70,100.0,GREEN,,,0,False,0,BELOW_OFFICIAL_BAR,TOP_PICK=0,EBS 미통과/불명,25.0,IGNORE,IGNORE,FX_HIGH_REGIME,1,0,0,1,0,0,0,0,0,CLEAR,,,0,0,0,0,0.0,,,,,,,,,,REJECT_NO_VALIDATED_RULE,,,,,,True,False,True,True,False,True,True,True,0.0,0.0,0.0,0.0,20.0,0.0,0.0,0.0,20.0,0.5,False,True,False,4,False,0.0,0.0,G2RR×0.5 · G5추세붕괴4축,,0,0,0,,0.0,0,,False,0.0,0.0,False,,False,True,,0
425,003490,대한항공,KOSPI,기타,26600,890.04,97946.7,0.0,0.0,WAIT,WAIT,3,False,0,True,39.4,39.4,50.2,35.0,15.3,0.0,9.5,33.5,34.9,56.4,0.64,0.6,진입적정,0,26450.0,23800.0,28400.0,30750.0,,1.7,1.55,25370,9.62,특이사항 없음,0,-4.25,50.8,2.82,STRUCT 강점,,,추세 관망,CRITICAL,75.3,항공 여객 운송업,89003807025.0,58.8,15.56,0,0,7.26,6.83,-1.48,3.3,7.91,20.36,-0.26,-38.47,,0.083,0.083,1,9.2,0,0,1.21,0.62,36256,3937,40193,1,-1,27340.0,4.85,0.2006,False,O,▲,24700,▲,O,X,6.05,250,0,1,1,1,31900.0,enter,100.0,NORMAL+PM_BLOCK_INTRADAY+EF:정상,10.02,4.0,0.7,normal,7.0,v1_sl_first_gap_at_open,NORMAL+PM_BLOCK_INTRADAY+EF:정상,SWING_20D,80,ATR_3.5x,45,FIBO_1.618,25,0.0,항공 여객 운송업,2.1077380952380955,-2.2075,9.0,0.04598549946294307,-0.0621183274074731,0.5121951219512195,OK,15.3,OK,32.727462828163205,32.727462828163205,6,1,0.55,0.25,0.2,STRUCT+TIMING+AI+SECTOR,default,50,20260612,20260612,,39.4,39.4,39.4,46.38,-9.6,FRESH,0.351,,False,0.3,True,MATURE,9296.0,0.736,0.849,0.736,0.0,0.0,0.0,v22_calibrated,,,,,,,,True,6.8,,ELITE_SCORE,MATURE,9296,2.4.0,OK,,100.0,ATTACK,OK,OK,OK,OK,OK,OK,OK,0,7,True,True,True,,0,GREEN,,,0.0,AVOID,0,RR 0.64,0,0,0,0,,0.0,T=35<70 · S=50≥50,100.0,GREEN,,,0,False,0,BELOW_OFFICIAL_BAR,TOP_PICK=0,,5.0,IGNORE,IGNORE,FX_HIGH_REGIME,1,0,0,1,0,0,0,0,0,CLEAR,,,0,0,0,0,0.0,,,,,,,,,,REJECT_NO_VALIDATED_RULE,,,,,,True,False,True,True,True,True,True,True,0.0,0.0,0.0,0.0,0.0,0.0,0.0,0.0,0.0,0.5,False,False,False,1,False,4.8,0.5,G2RR×0.5,,0,0,0,,4.8,0,,False,0.0,0.0,False,,False,True,,0
426,151860,KG에코솔루션,KOSDAQ,자동차·모빌리티,6070,50.14,2889.5,0.0,0.0,WAIT,WAIT,3,False,0,True,42.1,42.1,55.0,15.7,39.6,0.0,9.1,36.8,39.3,50.9,0.77,1.5,진입적정,0,5980.0,5190.0,6750.0,7600.0,,1.74,2.71,6305,-1.73,특이사항 없음,0,-14.66,48.1,5.04,STRUCT 강점,,5일 급등,추세 관망,CRITICAL,75.3,자동차 차체나 트레일러 제조업,5013809070.0,63.4,34.81,0,0,6.87,19.72,5.02,-2.88,0.33,1.17,9.68,9.93,,0.73,0.58,0,12.0,0,0,1.41,0.66,0,0,0,1,1,4635.5,-3.74,0.7246,False,X,▲,5115,▲,O,X,0.88,250,0,1,1,1,,enter,100.0,NORMAL+PM_BLOCK_INTRADAY+EF:정상,13.21,6.0,1.0,normal,7.0,v1_sl_first_gap_at_open,NORMAL+PM_BLOCK_INTRADAY+EF:정상,SWING_20D,80,SWING_60D,60,,0,0.0,자동차 차체나 트레일러 제조업,9.936315789473685,2.4005263157894725,3.0,0.0690162391150859,-0.0015475004133290227,0.4696969696969697,OK,39.6,OK,20.405752577667307,20.405752577667307,6,1,0.55,0.25,0.2,STRUCT+TIMING+AI+SECTOR,default,50,20260612,20260612,,42.1,42.1,42.1,46.38,-9.6,FRESH,0.351,,False,0.3,True,MATURE,9296.0,0.975,0.849,0.849,0.0,0.0,0.0,v22_calibrated,,,,,,,,True,11.2,,ELITE_SCORE,MATURE,9296,2.4.0,OK,,100.0,ATTACK,OK,OK,OK,OK,OK,OK,OK,0,7,True,True,True,,0,GREEN,,,0.0,AVOID,0,RR 0.77,0,0,0,0,,0.0,T=16<70 · S=55≥50,100.0,GREEN,,,0,False,0,BELOW_OFFICIAL_BAR,TOP_PICK=0,,5.0,IGNORE,IGNORE,FX_HIGH_REGIME,1,0,0,1,0,0,0,0,0,CLEAR,,,0,0,0,0,0.0,,,,,,,,,,REJECT_NO_VALIDATED_RULE,,,,,,True,False,True,True,True,True,True,True,0.0,0.0,0.0,0.0,0.0,0.0,0.0,0.0,0.0,0.5,False,False,False,1,False,4.6,0.5,G2RR×0.5,,0,0,0,,4.6,0,,False,0.0,0.0,False,,False,True,,0
427,095340,ISC,KOSDAQ,조선·기계·설비,230000,3319.02,48753.2,0.0,0.0,WAIT,WAIT,3,False,0,True,45.4,45.4,52.4,4.4,77.3,0.0,9.1,44.7,72.9,8.9,0.55,6.2,,0,216500.0,184000.0,255500.0,292500.0,,2.2,4.55,233743,-3.18,특이사항 없음,0,-9.66,52.8,9.92,AI 강점,STRUCT 보조,저점 이탈,추세 관망,CRITICAL,75.3,기계장비 및 관련 물품 도매업,331901644500.0,70.7,37.42,0,0,20.73,13.86,7.98,-5.74,4.55,111.4,6.82,14.15,,0.275,0.275,0,12.0,1,0,1.36,0.69,0,0,0,1,-1,245380.0,-1.6,0.3506,False,O,▲,187818,▲,O,X,6.56,250,0,1,1,1,301500.0,hold,0.0,NORMAL+PM_BLOCK_INTRADAY+EF:당일 15%+ 급등 진입 보류+ENTRY:hold,15.01,5.0,1.2,normal,7.0,v1_sl_first_gap_at_open,NORMAL+PM_BLOCK_INTRADAY+EF:당일 15%+ 급등 진입 보류+ENTRY:hold,SWING_20D,80,SWING_60D,60,ATR_3.5x,45,0.0,기계장비 및 관련 물품 도매업,9.421739130434784,5.0392753623188415,2.0,0.10515527950310559,0.019834876876229677,0.3763440860215054,OK,77.3,OK,18.5,18.5,6,1,0.55,0.25,0.2,STRUCT+TIMING+AI+SECTOR,default,50,20260612,20260612,,45.4,45.4,45.4,46.38,-9.6,FRESH,0.351,,False,0.3,True,MATURE,9296.0,1.2,0.849,0.849,0.0,0.0,0.0,v22_calibrated,,,,,,,,True,11.1,,ELITE_SCORE,MATURE,9296,2.4.0,OK,,100.0,ATTACK,OK,OK,OK,OK,OK,OK,OK,0,7,True,True,True,,0,GREEN,,,0.0,AVOID,0,진입괴리 6.2% · RR 0.55,0,0,0,0,,0.0,T=4<70 · S=52≥50,100.0,GREEN,,,0,False,0,BELOW_OFFICIAL_BAR,TOP_PICK=0,,5.0,IGNORE,IGNORE,FX_HIGH_REGIME,1,0,0,1,0,0,0,0,0,CLEAR,,,0,0,0,0,0.0,,,,,,,,,,REJECT_NO_VALIDATED_RULE,,,,,,True,True,True,True,True,True,True,True,0.0,0.0,0.0,0.0,0.0,0.0,0.0,0.0,0.0,1.0,False,False,False,2,True,9.1,1.0,,,0,0,0,,9.1,0,,False,0.0,0.0,False,,False,True,,0
428,030000,제일기획,KOSPI,미디어·콘텐츠,20450,567.13,23525.9,0.0,0.0,WAIT,WAIT,3,False,0,True,28.8,28.8,26.1,39.6,22.9,0.0,9.0,29.5,16.7,79.1,0.46,1.5,진입적정,0,20150.0,18930.0,21150.0,22250.0,,3.21,4.12,19412,-1.62,특이사항 없음,0,-1.77,71.9,8.68,,,RSI 과열,추세 관망,CRITICAL,75.3,광고업,56713054135.0,60.9,12.46,0,0,5.9,11.81,11.69,8.78,0.25,-10.11,5.22,-46.13,,0.48,0.334,0,6.0,0,1,1.31,0.79,3252,27342,30594,1,1,18150.0,5.34,0.2552,False,O,▼,18585,▲,O,X,-0.57,250,0,-1,-1,1,23300.0,enter,100.0,NORMAL+PM_BLOCK_INTRADAY+EF:정상,6.05,5.0,0.8,normal,7.0,v1_sl_first_gap_at_open,NORMAL+PM_BLOCK_INTRADAY+EF:정상,SWING_20D,80,ATR_3.5x,45,SWING_120D,45,0.0,광고업,8.19,0.4433333333333332,4.0,0.029130282920013968,-0.13860967071222094,0.3333333333333333,OK,22.9,OK,45.5,45.5,6,1,0.55,0.25,0.2,STRUCT+TIMING+AI+SECTOR,default,50,20260612,20260612,,28.8,28.8,28.8,46.38,-9.6,FRESH,0.351,,False,0.3,True,MATURE,9296.0,0.82,0.849,0.82,0.0,0.0,0.0,v22_calibrated,,,,,,,,True,3.4,,ELITE_SCORE,MATURE,9296,2.4.0,OK,,100.0,ATTACK,OK,OK,OK,OK,OK,OK,OK,0,7,True,True,True,,0,GREEN,,,0.0,AVOID,0,RR 0.46,0,0,0,0,,0.0,T=40<70,100.0,GREEN,,,0,False,0,BELOW_OFFICIAL_BAR,TOP_PICK=0,,5.0,IGNORE,IGNORE,FX_HIGH_REGIME,1,0,0,1,0,0,0,0,0,CLEAR,,,0,0,0,0,0.0,,,,,,,,,,REJECT_NO_VALIDATED_RULE,,,,,,True,False,True,True,True,True,True,True,0.0,0.0,0.0,0.0,0.0,0.0,0.0,0.0,0.0,0.5,False,False,False,1,False,4.5,0.5,G2RR×0.5,,0,0,0,,4.5,0,,False,0.0,0.0,False,,False,True,,0
429,006910,보성파워텍,KOSDAQ,기타,8270,93.83,4063.0,0.0,0.0,WAIT,WAIT,3,False,0,True,8.8,8.8,3.3,0.0,35.0,0.0,8.9,12.8,35.0,56.2,3.37,1.5,RR3.4 + 진입적정,0,8150.0,6920.0,12820.0,18200.0,,0.63,0.66,12540,-29.7,특이사항 없음,0,-19.94,26.0,-14.5,거래품질 우수,,저점 이탈,추세 관망,CRITICAL,75.3,"구조용 금속제품, 탱크 및 증기발생기 제조업",9382811855.0,25.8,55.7,0,0,4.16,-1.08,-15.53,-33.63,-31.6,56.33,-21.07,-22.0,,0.762,0.146,0,12.0,1,0,4.42,0.14,0,0,0,0,-1,9903.0,-34.05,0.5549,False,X,▲,7619,▼,O,X,5.42,250,0,1,1,1,,enter,100.0,NORMAL+PM_BLOCK_INTRADAY+EF:정상,15.09,6.0,3.8,normal,7.0,v1_sl_first_gap_at_open,NORMAL+PM_BLOCK_INTRADAY+EF:정상,SWING_20D,80,SWING_60D,60,,0,0.0,"구조용 금속제품, 탱크 및 증기발생기 제조업",2.1077380952380955,-2.2075,9.0,0.08732078079115564,-0.008276899585250115,0.46511627906976744,OK,35.0,OK,9.010841172566652,9.010841172566652,4,1,0.55,0.25,0.2,STRUCT+TIMING+AI+SECTOR,default,50,20260612,20260612,,8.8,8.8,8.8,46.38,-9.6,FRESH,0.351,,False,0.3,True,MATURE,9296.0,3.797,0.849,0.849,0.0,0.0,0.0,v22_calibrated,,,,,,,,True,55.0,,ELITE_SCORE,MATURE,9296,2.4.0,OK,,100.0,ATTACK,OK,OK,OK,OK,OK,OK,OK,0,7,True,True,True,,0,GREEN,,,90.0,BUY,1,,0,0,0,0,,0.0,T=0<70,100.0,GREEN,,,0,False,0,ENTRY_READY_BUT_NOT_TOP_PICK,TOP_PICK=0,진입조건은 양호하나 공식 Top Pick 아님,50.0,ENTRY_CLEAN_OBSERVE,ENTRY_CLEAN_OBSERVE,FX_HIGH_REGIME,1,0,0,1,0,0,0,0,0,CLEAR,,,0,0,0,0,0.0,,,,,,,,,,REJECT_NO_VALIDATED_RULE,,,,,,True,False,True,True,False,True,True,True,0.0,0.0,0.0,0.0,20.0,0.0,0.0,0.0,20.0,0.3,False,True,False,4,False,0.0,0.0,G2RR×0.3 · G5추세붕괴4축,,0,0,0,,0.0,0,,False,0.0,0.0,False,,False,True,,0
430,031210,서울보증보험,KOSPI,금융,46400,55.17,32397.2,0.0,0.0,WAIT,WAIT,3,False,0,True,24.9,24.9,14.9,46.1,26.0,0.0,8.8,29.0,31.2,61.0,0.46,1.5,진입적정,0,45700.0,41450.0,48700.0,54300.0,,0.79,1.52,50385,-14.53,특이사항 없음,0,-5.17,52.2,3.87,,,저점 이탈,추세 관망,CRITICAL,75.3,보험업,5517072800.0,32.7,14.07,0,0,4.04,8.16,3.8,5.69,-16.25,-8.12,2.13,-62.63,,0.878,0.366,0,8.4,1,0,1.08,0.69,0,0,0,1,-1,46725.0,-7.91,0.2766,False,X,▼,43199,▲,O,X,0.9,250,0,-1,-1,1,58100.0,enter,100.0,NORMAL+PM_BLOCK_INTRADAY+EF:정상,9.3,5.0,0.7,normal,7.0,v1_sl_first_gap_at_open,NORMAL+PM_BLOCK_INTRADAY+EF:정상,SWING_20D,80,VP_RESISTANCE,65,SWING_60D,60,0.0,보험업,1.90825,-1.16975,7.0,0.04194889162561576,-0.011219748603594254,0.21739130434782608,OK,26.0,OK,59.5,59.5,4,1,0.55,0.25,0.2,STRUCT+TIMING+AI+SECTOR,default,50,20260612,20260612,,24.9,24.9,24.9,46.38,-9.6,FRESH,0.351,,False,0.3,True,MATURE,9296.0,0.706,0.849,0.706,0.0,0.0,0.0,v22_calibrated,,,,,,,,True,5.0,,ELITE_SCORE,MATURE,9296,2.4.0,OK,,100.0,ATTACK,OK,OK,OK,OK,OK,OK,OK,0,7,True,True,True,,0,GREEN,,,0.0,AVOID,0,RR 0.46,0,0,0,0,,0.0,T=46<70,100.0,GREEN,,,0,False,0,BELOW_OFFICIAL_BAR,TOP_PICK=0,,5.0,IGNORE,IGNORE,FX_HIGH_REGIME,1,0,0,1,0,0,0,0,0,CLEAR,,,0,0,0,0,0.0,,,,,,,,,,REJECT_NO_VALIDATED_RULE,,,,,,True,False,True,True,True,True,True,True,0.0,0.0,0.0,0.0,0.0,0.0,0.0,0.0,0.0,0.5,False,False,False,2,False,4.4,0.5,G2RR×0.5,,0,0,0,,4.4,0,,False,0.0,0.0,False,,False,True,,0
431,140410,메지온,KOSDAQ,기타,64700,53.1,19663.7,0.0,0.0,WAIT,WAIT,3,False,0,True,7.6,7.6,0.0,0.0,37.9,0.0,8.6,12.6,37.9,52.6,1.35,1.6,RR1.4 + 진입적정,0,63700.0,54600.0,78300.0,103900.0,,1.36,0.49,84648,-27.87,특이사항 없음,0,-14.24,36.4,-4.03,,,MFI 약세,추세 관망,CRITICAL,75.3,자연과학 및 공학 연구개발업,5310094300.0,23.6,30.44,0,0,3.52,4.02,-6.37,-16.08,-43.0,-12.92,-3.52,-33.4,,0.968,0.023,0,12.0,1,0,0.7,0.36,0,0,0,0,-1,75005.0,-23.57,0.3532,False,X,▼,59658,▲,O,X,3.68,250,0,-1,-1,1,179900.0,enter,100.0,NORMAL+PM_BLOCK_INTRADAY+EF:정상,14.29,5.0,1.6,normal,7.0,v1_sl_first_gap_at_open,NORMAL+PM_BLOCK_INTRADAY+EF:정상,SWING_20D,80,SWING_60D,60,SWING_120D,45,0.0,자연과학 및 공학 연구개발업,2.1077380952380955,-2.2075,9.0,0.0751269595937293,-0.14221389744067664,0.5818181818181818,OK,37.9,OK,4.5,4.5,2,0,0.55,0.25,0.2,STRUCT+TIMING+AI+SECTOR,default,50,20260612,20260612,,7.6,7.6,7.6,46.38,-9.6,FRESH,0.351,,False,0.3,True,MATURE,9296.0,1.604,0.849,0.849,0.0,0.0,0.0,v22_calibrated,,,,,,,,True,21.0,,ELITE_SCORE,MATURE,9296,2.4.0,OK,,100.0,ATTACK,OK,OK,OK,OK,OK,OK,OK,0,7,True,True,True,,0,GREEN,,,80.0,BUY,1,,0,0,0,0,,0.0,T=0<70,100.0,GREEN,,,0,False,0,ENTRY_READY_BUT_NOT_TOP_PICK,TOP_PICK=0,진입조건은 양호하나 공식 Top Pick 아님,45.0,ENTRY_CLEAN_OBSERVE,ENTRY_CLEAN_OBSERVE,FX_HIGH_REGIME,1,0,0,1,0,0,0,0,0,CLEAR,,,0,0,0,0,0.0,,,,,,,,,,REJECT_NO_VALIDATED_RULE,,,,,,True,False,True,True,False,True,False,True,0.0,0.0,0.0,0.0,20.0,0.0,15.0,0.0,35.0,0.3,False,True,False,3,False,0.0,0.0,G2RR×0.3 · G5추세붕괴3축 · G7윗꼬리약세-15,,0,0,0,,0.0,0,,False,0.0,0.0,False,,False,True,,0
432,005070,코스모신소재,KOSPI,화학·소재,45050,65.38,14963.2,0.0,0.0,WAIT,WAIT,3,False,0,True,8.0,8.0,2.6,0.0,33.0,0.0,8.3,11.9,33.0,58.8,1.97,1.6,RR2.0 + 진입적정,0,44350.0,37700.0,59500.0,66400.0,,1.45,0.67,55584,-13.31,특이사항 없음,0,-13.88,42.7,-8.41,,,저점 이탈,추세 관망,CRITICAL,75.3,기타 화학제품 제조업,6538419875.0,40.8,39.54,0,0,5.13,-2.07,-17.49,-18.68,-4.66,-13.37,-22.24,-51.04,,0.913,0.208,0,12.0,1,0,1.15,0.28,0,0,0,0,-1,52165.0,-18.95,0.2081,False,X,▼,42057,▼,O,X,3.97,250,0,-1,1,1,,enter,100.0,NORMAL+PM_BLOCK_INTRADAY+EF:정상,14.99,5.0,2.3,normal,7.0,v1_sl_first_gap_at_open,NORMAL+PM_BLOCK_INTRADAY+EF:정상,SWING_20D,80,SWING_60D,60,,0,0.0,기타 화학제품 제조업,6.03945945945946,-4.1432432432432424,8.0,0.08720469319803392,-0.0064420183621275795,0.26666666666666666,OK,33.0,OK,10.057747981381059,10.057747981381059,4,1,0.55,0.25,0.2,STRUCT+TIMING+AI+SECTOR,default,50,20260612,20260612,,8.0,8.0,8.0,46.38,-9.6,FRESH,0.351,,False,0.3,True,MATURE,9296.0,2.278,0.849,0.849,0.0,0.0,0.0,v22_calibrated,,,,,,,,True,32.1,,ELITE_SCORE,MATURE,9296,2.4.0,OK,,100.0,ATTACK,OK,OK,OK,OK,OK,OK,OK,0,7,True,True,True,,0,GREEN,,,90.0,BUY,1,,0,0,0,0,,0.0,T=0<70,100.0,GREEN,,,0,False,0,ENTRY_READY_BUT_NOT_TOP_PICK,TOP_PICK=0,진입조건은 양호하나 공식 Top Pick 아님,50.0,ENTRY_CLEAN_OBSERVE,ENTRY_CLEAN_OBSERVE,FX_HIGH_REGIME,1,0,0,1,0,0,0,0,0,CLEAR,,,0,0,0,0,0.0,,,,,,,,,,REJECT_NO_VALIDATED_RULE,,,,,,True,False,True,True,False,True,True,True,0.0,0.0,0.0,0.0,20.0,0.0,0.0,0.0,20.0,0.3,False,True,False,4,False,0.0,0.0,G2RR×0.3 · G5추세붕괴4축,,0,0,0,,0.0,0,,False,0.0,0.0,False,,False,True,,0
433,248070,솔루엠,KOSPI,IT/전기전자,19000,65.11,9085.1,0.0,0.0,WAIT,WAIT,3,False,0,True,9.4,9.4,9.5,1.7,18.7,0.0,7.9,10.0,17.0,78.8,1.09,1.5,RR1.1 + 진입적정,0,18720.0,16030.0,22250.0,24350.0,,1.79,0.79,19695,-3.14,특이사항 없음,0,-11.72,47.2,-2.32,,,저점 이탈,추세 관망,CRITICAL,75.3,전자부품 제조업,6511035315.0,41.6,28.72,0,0,4.57,7.04,-6.63,-11.42,8.32,11.18,-14.98,-38.06,,0.397,0.342,0,12.0,0,0,1.06,0.46,0,0,0,0,-1,20766.0,-3.53,0.4019,False,O,▲,17440,▲,O,X,4.84,250,0,1,1,1,26900.0,enter,100.0,NORMAL+PM_BLOCK_INTRADAY+EF:정상,14.37,5.0,1.3,normal,7.0,v1_sl_first_gap_at_open,NORMAL+PM_BLOCK_INTRADAY+EF:정상,SWING_20D,80,SWING_60D,60,FIBO_1.272,40,0.0,전자부품 제조업,0.10229729729729745,3.253243243243243,5.0,0.06706766917293233,-0.2690053238972058,0.4,OK,18.7,OK,14.339124596195102,14.339124596195102,4,1,0.55,0.25,0.2,STRUCT+TIMING+AI+SECTOR,default,50,20260612,20260612,,9.4,9.4,9.4,46.38,-9.6,FRESH,0.351,,False,0.3,True,MATURE,9296.0,1.312,0.849,0.849,0.0,0.0,0.0,v22_calibrated,,,,,,,,True,17.1,,ELITE_SCORE,MATURE,9296,2.4.0,OK,,100.0,ATTACK,OK,OK,OK,OK,OK,OK,OK,0,7,True,True,True,,0,GREEN,,,0.0,AVOID,0,RR 1.09,0,0,0,0,,0.0,T=2<70,100.0,GREEN,,,0,False,0,BELOW_OFFICIAL_BAR,TOP_PICK=0,,10.0,IGNORE,IGNORE,FX_HIGH_REGIME,1,0,0,1,0,0,0,0,0,CLEAR,,,0,0,0,0,0.0,,,,,,,,,,REJECT_NO_VALIDATED_RULE,,,,,,True,False,True,True,False,True,True,True,0.0,0.0,0.0,0.0,20.0,0.0,0.0,0.0,20.0,0.5,False,True,False,3,False,0.0,0.0,G2RR×0.5 · G5추세붕괴3축,,0,0,0,,0.0,0,,False,0.0,0.0,False,,False,True,,0
434,348340,뉴로메카,KOSDAQ,조선·기계·설비,49500,226.78,6142.5,0.0,0.0,WAIT,WAIT,3,False,0,True,6.9,6.9,6.5,2.1,13.9,0.0,6.2,7.5,11.8,85.2,3.6,1.7,밸런스우수 + RR3.6 + 진입적정,0,48650.0,41350.0,78800.0,82500.0,,0.4,1.18,65290,-27.14,특이사항 없음,0,-20.84,20.1,-11.71,,,저점 이탈,추세 관망,CRITICAL,75.3,특수 목적용 기계 제조업,22677642050.0,32.2,59.17,0,0,7.96,1.43,-10.81,-35.04,-25.68,46.23,-22.48,-16.08,,0.866,0.105,0,12.0,0,0,1.81,0.2,0,0,0,0,-1,60305.0,-24.18,0.4023,False,X,▼,43991,▼,O,X,4.03,248,0,-1,1,1,139000.0,enter,100.0,NORMAL+PM_BLOCK_INTRADAY+EF:정상,15.01,5.0,4.1,normal,7.0,v1_sl_first_gap_at_open,NORMAL+PM_BLOCK_INTRADAY+EF:정상,SWING_20D,80,SWING_60D,60,SWING_120D,45,0.0,특수 목적용 기계 제조업,9.421739130434784,5.0392753623188415,2.0,0.0992063492063492,-0.05514307245460963,0.5645161290322581,OK,13.9,OK,8.178842679593023,8.178842679593023,4,1,0.55,0.25,0.2,STRUCT+TIMING+AI+SECTOR,default,50,20260612,20260612,,6.9,6.9,6.9,46.38,-9.6,FRESH,0.351,,False,0.3,True,MATURE,9296.0,4.13,0.849,0.849,0.0,0.0,0.0,v22_calibrated,,,,,,,,True,59.2,,ELITE_SCORE,MATURE,9296,2.4.0,OK,,100.0,ATTACK,OK,OK,OK,OK,OK,OK,OK,0,7,True,True,True,,0,GREEN,,,90.0,BUY,1,,0,0,0,0,,0.0,T=2<70,100.0,GREEN,,,0,False,0,ENTRY_READY_BUT_NOT_TOP_PICK,TOP_PICK=0,진입조건은 양호하나 공식 Top Pick 아님,50.0,ENTRY_CLEAN_OBSERVE,ENTRY_CLEAN_OBSERVE,FX_HIGH_REGIME,1,0,0,1,0,0,0,0,0,CLEAR,,,0,0,0,0,0.0,,,,,,,,,,REJECT_NO_VALIDATED_RULE,,,,,,True,False,True,True,False,True,True,True,0.0,0.0,0.0,0.0,20.0,0.0,0.0,0.0,20.0,0.5,False,True,False,4,False,0.0,0.0,G2RR×0.5 · G5추세붕괴4축,,0,0,0,,0.0,0,,False,0.0,0.0,False,,False,True,,0
435,130660,한전산업,KOSPI,서비스 기타,13510,53.83,4404.3,0.0,0.0,WAIT,WAIT,3,False,0,True,7.2,7.2,6.3,0.0,18.5,0.0,6.2,8.3,18.5,76.9,1.66,2.4,RR1.7,0,13190.0,11430.0,16970.0,23250.0,,1.91,1.51,19250,-38.03,특이사항 없음,0,-14.77,33.2,-4.63,,,저점 이탈,추세 관망,CRITICAL,75.3,"건축기술, 엔지니어링 및 관련 기술 서비스업",5382927180.0,31.6,36.05,0,0,7.05,2.89,-5.66,-18.57,-35.36,19.98,-22.13,-81.74,,0.936,0.039,0,12.0,1,0,1.27,0.32,0,0,0,0,-1,14776.0,-29.82,0.416,False,X,▲,12181,▼,O,X,1.43,250,0,1,1,1,27800.0,enter,100.0,NORMAL+PM_BLOCK_INTRADAY+EF:정상,13.34,6.0,2.1,normal,7.0,v1_sl_first_gap_at_open,NORMAL+PM_BLOCK_INTRADAY+EF:정상,SWING_20D,80,SWING_60D,60,SWING_120D,45,0.0,"건축기술, 엔지니어링 및 관련 기술 서비스업",1.6329629629629632,-10.275925925925925,12.0,0.06344506714602939,-0.0049706812067970806,0.45384615384615384,OK,18.5,OK,11.5,11.5,4,1,0.55,0.25,0.2,STRUCT+TIMING+AI+SECTOR,default,50,20260612,20260612,,7.2,7.2,7.2,46.38,-9.6,FRESH,0.351,,False,0.3,True,MATURE,9296.0,2.148,0.849,0.849,0.0,0.0,0.0,v22_calibrated,,,,,,,,True,25.6,,ELITE_SCORE,MATURE,9296,2.4.0,OK,,100.0,ATTACK,OK,OK,OK,OK,OK,OK,OK,0,7,True,True,True,,0,GREEN,,,90.0,BUY,1,,0,0,0,0,,0.0,T=0<70,100.0,GREEN,,,0,False,0,ENTRY_READY_BUT_NOT_TOP_PICK,TOP_PICK=0,진입조건은 양호하나 공식 Top Pick 아님,50.0,ENTRY_CLEAN_OBSERVE,ENTRY_CLEAN_OBSERVE,FX_HIGH_REGIME,1,0,0,1,0,0,0,0,0,CLEAR,,,0,0,0,0,0.0,,,,,,,,,,REJECT_NO_VALIDATED_RULE,,,,,,True,False,True,False,False,True,True,True,0.0,0.0,0.0,0.0,20.0,0.0,0.0,0.0,20.0,0.3,True,True,False,4,False,0.0,0.0,G2RR×0.3 · G4저모멘텀차단 · G5추세붕괴4축,,0,0,0,,0.0,0,,False,0.0,0.0,False,,False,True,,0
436,376900,로킷헬스케어,KOSDAQ,기타,52600,88.23,8349.6,0.0,0.0,WAIT,WAIT,3,False,0,True,4.2,4.2,0.0,3.5,16.4,0.0,5.4,6.6,16.4,79.5,2.49,1.5,RR2.5 + 진입적정,0,51800.0,44000.0,74000.0,153800.0,,2.0,0.84,99079,-23.9,특이사항 없음,0,-13.39,50.7,-6.14,,,저점 이탈,추세 관망,CRITICAL,75.3,의료용품 및 기타 의약 관련제품 제조업,8823350050.0,47.5,45.39,0,0,4.16,2.73,-2.05,-24.86,-49.23,-28.53,-12.3,-39.63,,0.984,0.064,0,12.0,1,0,0.86,0.29,0,0,0,0,-1,67190.0,-46.91,0.3419,False,X,▼,48773,▼,O,X,1.78,250,0,-1,-1,1,,enter,100.0,NORMAL+PM_BLOCK_INTRADAY+EF:정상,15.06,5.0,2.8,normal,7.0,v1_sl_first_gap_at_open,NORMAL+PM_BLOCK_INTRADAY+EF:정상,SWING_20D,80,SWING_60D,60,,0,0.0,의료용품 및 기타 의약 관련제품 제조업,2.1077380952380955,-2.2075,9.0,0.12411732753938078,0.0015577421484853841,0.41237113402061853,OK,16.4,OK,16.650927777797307,16.650927777797307,4,1,0.55,0.25,0.2,STRUCT+TIMING+AI+SECTOR,default,50,20260612,20260612,,4.2,4.2,4.2,46.38,-9.6,FRESH,0.351,,False,0.3,True,MATURE,9296.0,2.846,0.849,0.849,0.0,0.0,0.0,v22_calibrated,,,,,,,,True,40.7,,ELITE_SCORE,MATURE,9296,2.4.0,OK,,100.0,ATTACK,OK,OK,OK,OK,OK,OK,OK,0,7,True,True,True,,0,GREEN,,,90.0,BUY,1,,0,0,0,0,,0.0,T=4<70,100.0,GREEN,,,0,False,0,ENTRY_READY_BUT_NOT_TOP_PICK,TOP_PICK=0,진입조건은 양호하나 공식 Top Pick 아님,50.0,ENTRY_CLEAN_OBSERVE,ENTRY_CLEAN_OBSERVE,FX_HIGH_REGIME,1,0,0,1,0,0,0,0,0,CLEAR,,,0,0,0,0,0.0,,,,,,,,,,REJECT_NO_VALIDATED_RULE,,,,,,True,False,True,True,False,True,True,True,0.0,0.0,0.0,0.0,20.0,0.0,0.0,0.0,20.0,0.5,False,True,False,4,False,0.0,0.0,G2RR×0.5 · G5추세붕괴4축,,0,0,0,,0.0,0,,False,0.0,0.0,False,,False,True,,0
437,381970,케이카,KOSPI,자동차·모빌리티,9520,73.09,4647.7,0.0,0.0,WAIT,WAIT,3,False,0,True,16.5,16.5,19.1,12.4,14.5,0.0,4.4,15.3,6.7,91.6,0.73,4.4,밸런스우수,0,9120.0,8320.0,10400.0,15220.0,,2.21,3.87,10705,-37.43,특이사항 없음,0,-8.76,46.2,2.56,,,저점 이탈,추세 관망,CRITICAL,75.3,자동차 판매업,7309382085.0,47.1,27.71,0,0,11.74,9.93,2.37,-4.9,-33.52,-42.99,-8.46,-79.9,,0.894,0.254,0,8.9,0,0,1.11,0.59,0,0,0,1,1,7906.5,-11.08,0.2881,False,X,▼,8316,▲,O,X,2.23,250,0,-1,-1,1,16850.0,split,50.0,NORMAL+PM_BLOCK_INTRADAY+EF:당일 10%+ 급등 분할 진입+ENTRY:split,8.77,6.0,1.6,normal,7.0,v1_sl_first_gap_at_open,NORMAL+PM_BLOCK_INTRADAY+EF:당일 10%+ 급등 분할 진입+ENTRY:split,SWING_20D,80,VP_RESISTANCE,65,SWING_120D,45,0.0,자동차 판매업,9.936315789473685,2.4005263157894725,3.0,0.04453031212484994,-0.1451164208650425,0.3356643356643357,OK,14.5,OK,17.453666040333776,17.453666040333776,6,1,0.55,0.25,0.2,STRUCT+TIMING+AI+SECTOR,default,50,20260612,20260612,,16.5,16.5,16.5,46.38,-9.6,FRESH,0.351,,False,0.3,True,MATURE,9296.0,1.6,0.849,0.849,0.0,0.0,0.0,v22_calibrated,,,,,,,,True,9.2,,ELITE_SCORE,MATURE,9296,2.4.0,OK,,100.0,ATTACK,OK,OK,OK,OK,OK,OK,OK,0,7,True,True,True,,0,GREEN,,,0.0,AVOID,0,진입괴리 4.4% · RR 0.73,0,0,0,0,,0.0,T=12<70 · 전일+12%,100.0,GREEN,,,0,False,0,BELOW_OFFICIAL_BAR,TOP_PICK=0,,5.0,IGNORE,IGNORE,FX_HIGH_REGIME,1,0,0,1,0,0,0,0,0,CLEAR,,,0,0,0,0,0.0,,,,,,,,,,REJECT_NO_VALIDATED_RULE,,,,,,True,False,True,True,True,True,True,True,0.0,0.0,0.0,0.0,0.0,0.0,0.0,0.0,0.0,0.5,False,False,False,1,False,2.2,0.5,G2RR×0.5,,0,0,0,,2.2,0,,False,0.0,0.0,False,,False,True,,0
438,023530,롯데쇼핑,KOSPI,유통·소비재,195600,608.86,55332.8,0.0,,NEUTRAL,NEUTRAL,4,False,0,False,58.2,58.2,45.7,95.2,46.3,0.0,17.9,62.4,49.5,38.1,0.22,11.5,,0,175500.0,149200.0,206000.0,229500.0,,1.61,1.66,140535,74.59,특이사항 없음,0,-3.84,68.5,17.0,TIMING 강점,,,조건 미충족,CRITICAL,75.3,종합 소매업,60886321250.0,62.7,38.83,0,0,-3.17,13.06,29.28,22.17,90.83,169.79,18.61,44.45,,0.037,0.037,1,12.0,0,0,1.43,0.84,0,0,0,1,1,148170.0,39.18,0.4611,False,O,▲,186414,▲,O,X,-0.25,250,0,1,1,1,235500.0,enter,100.0,NORMAL+PM_BLOCK_INTRADAY+EF:정상,14.99,4.0,1.2,normal,7.0,v1_sl_first_gap_at_open,NORMAL+PM_BLOCK_INTRADAY+EF:정상,SWING_20D,80,ATR_3.5x,45,FIBO_1.272,40,0.0,종합 소매업,5.0564285714285715,-0.5635714285714287,6.0,0.07840344726847795,0.08595178380537369,0.22058823529411764,OK,46.3,OK,69.0,69.0,4,1,0.55,0.25,0.2,STRUCT+TIMING+AI+SECTOR,default,50,20260612,20260612,,58.2,58.2,58.2,46.38,-9.6,FRESH,0.351,,False,0.386,True,MATURE,9296.0,1.16,0.849,0.849,0.0,0.0,,v22_calibrated,,,,,,,,True,5.3,,ELITE_SCORE,MATURE,9296,2.4.0,OK,,100.0,ATTACK,OK,OK,OK,OK,OK,OK,OK,0,7,True,True,True,,1,ORANGE,C_ORANGE,STRUCT < 90 + VWAP_GAP > 15% 강한 과열,0.0,AVOID,0,진입괴리 11.5% · RR 0.22 · 이격도 17↑ + 음봉,0,1,0,0,,0.0,이격도17>15,100.0,GREEN,,,0,False,0,BELOW_OFFICIAL_BAR,TOP_PICK=0,VWAP/POC 과열,5.0,IGNORE,IGNORE,FX_HIGH_REGIME,1,0,0,1,0,0,0,0,0,CLEAR,,,0,0,0,0,0.0,,,,,,,,,,REJECT_NO_VALIDATED_RULE,,,,,,True,True,True,True,True,True,True,True,0.0,0.0,0.0,0.0,0.0,0.0,0.0,0.0,0.0,1.0,False,False,False,0,True,17.9,1.0,,,0,0,0,,17.9,0,,False,0.0,0.0,False,,False,True,,0
439,159010,아스플로,KOSDAQ,조선·기계·설비,21850,92.0,2913.6,0.0,0.0,OVERHEAT,OVERHEAT,5,False,0,False,92.0,91.0,89.4,100.0,84.3,1.0,26.8,91.2,15.7,80.4,0.13,20.9,밸런스우수 + 3축고점,0,18070.0,15360.0,22700.0,25550.0,,2.06,2.1,11846,371.96,[뉴스]반도체 슈퍼사이클 진입 기대감과 투자 심리 회복으로 반도체 소부장주가 급등하며 강세를 보이고 있다.,0,4.24,65.2,26.94,TIMING 강점,STRUCT 보조,5일 급등,과열 (RSI/수익률),CRITICAL,75.3,일반 목적용 기계 제조업,9200336110.0,59.2,38.57,0,0,17.98,36.99,13.98,46.64,352.38,380.22,59.2,361.98,,0.0,0.0,1,12.0,0,0,2.59,0.9,0,0,0,1,1,14200.0,84.44,0.5634,False,O,▲,17983,▲,O,X,3.67,250,0,1,1,1,27600.0,hold,0.0,NORMAL+PM_BLOCK_INTRADAY+EF:당일 15%+ 급등 진입 보류+ENTRY:hold,15.0,6.0,1.7,normal,7.0,v1_sl_first_gap_at_open,NORMAL+PM_BLOCK_INTRADAY+EF:당일 15%+ 급등 진입 보류+ENTRY:hold,SWING_20D,80,ATR_3.5x,45,FIBO_1.272,40,0.0,일반 목적용 기계 제조업,9.421739130434784,5.0392753623188415,2.0,0.09774436090225565,-0.00425753271027866,0.24285714285714285,OK,84.3,OK,75.19133216919123,75.19133216919123,6,1,0.55,0.25,0.2,STRUCT+TIMING+AI+SECTOR,default,50,20260612,20260612, 📢재료: [뉴스]반도체 슈퍼사이클 진입 기대감과 투자 심리 회복으로 반도체 소부장주가 급등하며 강세를 보이고 있다.,92.0,92.0,92.0,46.38,-9.6,FRESH,0.351,,False,0.656,False,MATURE,9296.0,1.708,1.177,1.177,0.0,0.0,0.0,v22_calibrated,,,,,,,,True,3.9,,ELITE_SCORE,MATURE,9296,2.4.0,OK,,100.0,ATTACK,OK,OK,OK,OK,OK,OK,OK,0,7,True,True,True,,1,ORANGE,C_ORANGE,STRUCT < 90 + VWAP_GAP > 15% 강한 과열,0.0,AVOID,0,진입괴리 20.9% · RR 0.13 · 5일 +37%,0,1,0,0,,0.0,S=89≥50 · 이격도27>15,100.0,GREEN,,,0,False,0,BELOW_OFFICIAL_BAR,TOP_PICK=0,VWAP/POC 과열,20.0,IGNORE,IGNORE,FX_HIGH_REGIME,1,0,0,1,0,0,0,0,0,CLEAR,,,0,0,0,0,0.0,,,,,,,,,,REJECT_NO_VALIDATED_RULE,,,,,,True,True,True,True,True,True,True,True,0.0,0.0,0.0,0.0,0.0,0.0,0.0,0.0,0.0,1.0,False,False,False,0,True,26.8,1.0,,,0,1,0,A,26.8,1,"⚡ 모멘텀 후보 (과열·가드통과, 강도 1위/점수 27, RR 0.13)",False,0.0,0.0,False,,False,True,,0
440,252990,샘씨엔에스,KOSDAQ,IT/전기전자,16320,330.33,9827.6,0.0,0.0,OVERHEAT,OVERHEAT,5,False,0,False,76.9,76.9,65.5,100.0,79.5,0.0,23.2,81.7,34.5,56.9,0.14,17.8,3축고점,0,13850.0,11770.0,16960.0,17370.0,🚀급등시동,2.33,1.78,12584,50.41,특이사항 없음,3,1.53,61.1,23.74,TIMING 강점,AI 보조,5일 급등,과열 (RSI/수익률),CRITICAL,75.3,전자부품 제조업,33033179930.0,71.4,38.66,0,0,13.18,27.2,20.18,30.14,57.23,134.48,42.7,66.83,,0.0,0.0,1,12.0,1,0,1.34,0.89,0,0,0,1,1,11161.0,29.68,0.5426,False,O,▲,13322,▲,O,X,4.02,250,0,1,1,1,20050.0,split,50.0,NORMAL+PM_BLOCK_INTRADAY+EF:당일 10%+ 급등 분할 진입+ENTRY:split,15.02,5.0,1.5,normal,7.0,v1_sl_first_gap_at_open,NORMAL+PM_BLOCK_INTRADAY+EF:당일 10%+ 급등 분할 진입+ENTRY:split,SWING_20D,80,ATR_2x,70,ATR_3.5x,45,0.0,전자부품 제조업,0.10229729729729745,3.253243243243243,5.0,0.10779936974789915,-0.013686466956457977,0.3047619047619048,OK,79.5,OK,73.5,73.5,8,1,0.55,0.25,0.2,STRUCT+TIMING+AI+SECTOR,default,50,20260612,20260612,,76.9,76.9,76.9,46.38,-9.6,FRESH,0.351,,False,0.535,False,MATURE,9296.0,1.495,0.911,0.911,0.0,0.0,0.0,v22_calibrated,,,,,,,,True,3.9,,ELITE_SCORE,MATURE,9296,2.4.0,OK,,100.0,ATTACK,OK,OK,OK,OK,OK,OK,OK,0,7,True,True,True,,1,ORANGE,C_ORANGE,STRUCT < 90 + VWAP_GAP > 15% 강한 과열,0.0,AVOID,0,진입괴리 17.8% · RR 0.14 · 5일 +27%,0,1,0,0,,0.0,S=66≥50 · 이격도24>15,100.0,GREEN,,,0,False,0,BELOW_OFFICIAL_BAR,TOP_PICK=0,,20.0,IGNORE,IGNORE,FX_HIGH_REGIME,1,0,0,1,0,0,0,0,0,CLEAR,,,0,0,0,0,0.0,,,,,,,,,,REJECT_NO_VALIDATED_RULE,,,,,,True,True,True,True,True,True,True,True,0.0,0.0,0.0,0.0,0.0,0.0,0.0,0.0,0.0,1.0,False,False,False,0,True,23.2,1.0,,,0,1,0,A,23.2,2,"⚡ 모멘텀 후보 (과열·가드통과, 강도 2위/점수 23, RR 0.14)",False,0.0,0.0,False,,False,True,,0
441,066430,아이로보틱스,KOSDAQ,기타,4195,819.09,1642.5,0.0,0.0,OVERHEAT,OVERHEAT,5,False,0,False,80.4,79.4,81.8,75.5,77.8,1.0,23.0,78.4,6.3,92.1,0.76,17.8,밸런스우수,0,3560.0,3025.0,5080.0,5770.0,,0.79,1.38,3682,14.29,[뉴스]HL만도가 로봇 액추에이터 기대감으로 상한,0,2.8,56.9,23.72,STRUCT 강점,AI 보조,5일 급등,과열 (RSI/수익률),CRITICAL,75.3,기타 전문 도매업,81909355642.0,69.8,69.55,0,0,22.3,27.7,34.24,65.81,75.52,188.71,78.37,85.12,,0.0,0.0,1,12.0,0,0,1.55,0.68,0,0,0,1,-1,4278.0,13.9,0.1202,False,O,▲,3540,▲,O,X,2.48,250,0,1,1,1,6000.0,hold,0.0,NORMAL+WARN:ATR%=20.6% > 20% — 이상치 의심+PM_BLOCK_INTRADAY+EF:당일 15%+ 급등 진입 보류+ENTRY:hold,15.03,6.0,2.8,normal,7.0,v1_sl_first_gap_at_open,NORMAL+WARN:ATR%=20.6% > 20% — 이상치 의심+PM_BLOCK_INTRADAY+EF:당일 15%+ 급등 진입 보류+ENTRY:hold,SWING_20D,80,ATR_3.5x,45,FIBO_1.272,40,0.0,기타 전문 도매업,2.1077380952380955,-2.2075,9.0,0.15051932572790738,-0.0881499986577362,0.22285714285714286,OK,77.8,OK,58.011365533122834,58.011365533122834,8,1,0.55,0.25,0.2,STRUCT+TIMING+AI+SECTOR,default,50,20260612,20260612, 📢재료: [뉴스]HL만도가 로봇 액추에이터 기대감으로 상한,80.4,80.4,80.4,46.38,-9.6,FRESH,0.351,,False,0.563,False,MATURE,9296.0,2.841,1.026,1.026,0.0,0.0,0.0,v22_calibrated,,,,,,,,True,21.1,,ELITE_SCORE,MATURE,9296,2.4.0,OK,,100.0,ATTACK,OK,OK,OK,OK,OK,OK,OK,0,7,True,True,True,,1,RED,B_RED,STRUCT 70~85 위험 구간 + VWAP_GAP > 8% 과열,0.0,AVOID,0,진입괴리 17.8% · RR 0.76 · 5일 +28%,0,1,0,0,,0.0,S=82≥50 · 이격도24>15,85.0,CAUTION,B_RED_SHADOW,B_red shadow 감점 -15: STRUCT 70~85 + VWAP_GAP>8 위험 조합 · 공식 매수 차단 아님,1,False,0,BELOW_OFFICIAL_BAR,TOP_PICK=0,,20.0,IGNORE,IGNORE,FX_HIGH_REGIME,1,0,0,1,0,0,0,0,0,CLEAR,,,0,0,0,0,0.0,,,,,,,,,,REJECT_NO_VALIDATED_RULE,,,,,,True,True,True,True,True,True,True,True,0.0,0.0,0.0,0.0,0.0,0.0,0.0,0.0,0.0,1.0,False,False,False,1,True,23.0,1.0,,,0,1,0,A,23.0,3,"⚡ 모멘텀 후보 (과열·가드통과, 강도 3위/점수 23, RR 0.76)",False,0.0,0.0,False,,False,True,,0
442,160980,싸이맥스,KOSDAQ,조선·기계·설비,46500,181.59,5079.8,0.0,0.0,OVERHEAT,OVERHEAT,5,False,0,False,70.1,70.1,50.1,100.0,87.8,0.0,21.5,79.3,49.9,37.6,0.09,24.0,,0,37500.0,31850.0,47850.0,52700.0,,2.41,1.51,31978,113.57,특이사항 없음,0,-7.84,70.8,30.14,TIMING 강점,AI 보조,RSI 과열,과열 (RSI/수익률),CRITICAL,75.3,특수 목적용 기계 제조업,18159304125.0,74.6,50.47,0,0,6.77,29.17,40.06,26.7,118.82,208.76,39.26,128.42,,0.0,0.0,1,12.0,0,0,1.69,0.93,0,0,0,1,1,30075.0,45.41,0.7267,False,O,▲,40122,▲,O,X,3.33,250,0,1,1,1,55100.0,enter,100.0,NORMAL+PM_BLOCK_INTRADAY+EF:정상,15.07,5.0,1.8,normal,7.0,v1_sl_first_gap_at_open,NORMAL+PM_BLOCK_INTRADAY+EF:정상,SWING_20D,80,ATR_3.5x,45,FIBO_1.272,40,0.0,특수 목적용 기계 제조업,9.421739130434784,5.0392753623188415,2.0,0.09339477726574501,0.03444973558802303,0.2571428571428571,OK,87.8,OK,79.5,79.5,4,1,0.55,0.25,0.2,STRUCT+TIMING+AI+SECTOR,default,50,20260612,20260612,,70.1,70.1,70.1,46.38,-9.6,FRESH,0.351,,False,0.481,False,MATURE,9296.0,1.832,0.849,0.849,0.0,0.0,0.0,v22_calibrated,,,,,,,,True,2.9,,ELITE_SCORE,MATURE,9296,2.4.0,OK,,100.0,ATTACK,OK,OK,OK,OK,OK,OK,OK,0,7,True,True,True,,1,ORANGE,C_ORANGE,STRUCT < 90 + VWAP_GAP > 15% 강한 과열,0.0,AVOID,0,진입괴리 24.0% · RR 0.09 · 5일 +29%,0,1,0,0,,0.0,S=50≥50 · 이격도30>15,100.0,GREEN,,,0,False,0,BELOW_OFFICIAL_BAR,TOP_PICK=0,VWAP/POC 과열,13.0,IGNORE,IGNORE,FX_HIGH_REGIME,1,0,0,1,0,0,0,0,0,CLEAR,,,0,0,0,0,0.0,,,,,,,,,,REJECT_NO_VALIDATED_RULE,,,,,,True,True,True,True,True,True,True,True,0.0,0.0,0.0,0.0,0.0,0.0,0.0,0.0,0.0,1.0,False,False,False,0,True,21.5,1.0,,,0,1,0,A,21.5,4,"⚡ 모멘텀 후보 (과열·가드통과, 강도 4위/점수 22, RR 0.09)",False,0.0,0.0,False,,False,True,,0
443,082800,비보존 제약,KOSDAQ,바이오·의약품,4045,85.72,2456.1,0.0,0.0,OVERHEAT,OVERHEAT,5,False,0,False,66.9,66.9,53.2,87.9,78.5,0.0,20.6,73.2,34.7,56.6,0.18,33.1,,0,3040.0,2580.0,4305.0,4795.0,,1.67,1.04,3184,28.52,특이사항 없음,0,-7.33,74.2,39.82,TIMING 강점,AI 보조,RSI 과열,과열 (RSI/수익률),CRITICAL,75.3,의약품 제조업,8571808298.0,95.0,70.99,0,0,3.06,35.74,68.19,45.5,7.87,-1.34,58.06,17.47,,0.18,0.114,1,12.0,0,0,3.46,0.88,0,0,0,1,1,2215.0,27.01,0.7384,False,O,▲,3496,▲,O,X,-1.02,250,0,1,1,1,6430.0,enter,100.0,NORMAL+PM_BLOCK_INTRADAY+EF:정상,15.13,6.0,2.8,normal,7.0,v1_sl_first_gap_at_open,NORMAL+PM_BLOCK_INTRADAY+EF:정상,SWING_20D,80,ATR_3.5x,45,SWING_120D,45,0.0,의약품 제조업,-3.8524999999999996,0.4400000000000002,10.0,0.12378597916298782,0.5264076442012982,0.38235294117647056,OK,78.5,OK,73.8721390594263,73.8721390594263,4,1,0.55,0.25,0.2,STRUCT+TIMING+AI+SECTOR,default,50,20260612,20260612,,66.9,66.9,66.9,46.38,-9.6,FRESH,0.351,,False,0.455,False,MATURE,9296.0,2.75,0.849,0.849,0.0,0.0,0.0,v22_calibrated,,,,,,,,True,6.4,,ELITE_SCORE,MATURE,9296,2.4.0,OK,,100.0,ATTACK,OK,OK,OK,OK,OK,OK,OK,0,7,True,True,True,,1,ORANGE,C_ORANGE,STRUCT < 90 + VWAP_GAP > 15% 강한 과열,0.0,AVOID,0,진입괴리 33.1% · RR 0.18 · 5일 +36%,0,1,0,0,,0.0,S=53≥50 · 이격도40>15,100.0,GREEN,,,0,False,0,BELOW_OFFICIAL_BAR,TOP_PICK=0,,13.0,IGNORE,IGNORE,FX_HIGH_REGIME,1,0,0,1,0,0,0,0,0,CLEAR,,,0,0,0,0,0.0,,,,,,,,,,REJECT_NO_VALIDATED_RULE,,,,,,True,True,True,True,True,True,True,True,0.0,0.0,0.0,0.0,0.0,0.0,0.0,0.0,0.0,1.0,False,False,False,0,True,20.6,1.0,,,0,1,0,A,20.6,5,"⚡ 모멘텀 후보 (과열·가드통과, 강도 5위/점수 21, RR 0.18)",False,0.0,0.0,False,,False,True,,0
444,281820,케이씨텍,KOSPI,기타,87100,317.59,17244.6,0.0,0.0,OVERHEAT,OVERHEAT,5,False,0,False,63.2,63.2,46.2,99.3,64.7,0.0,19.4,70.1,53.1,33.6,0.1,20.5,,0,72300.0,61400.0,89700.0,100000.0,,2.43,2.12,60785,90.62,특이사항 없음,0,-8.9,62.5,26.57,TIMING 강점,AI 보조,5일 급등,과열 (RSI/수익률),CRITICAL,75.3,"측정, 시험, 항해, 제어 및 기타 정밀기기 제조업; 광학기기 제외",31759446750.0,65.4,39.97,0,0,14.01,33.38,31.57,17.23,88.94,135.09,13.67,42.56,,0.0,0.0,1,12.0,0,0,1.53,0.92,0,0,0,1,1,56905.0,43.29,0.7433,False,O,▲,67131,▲,O,X,8.25,250,0,1,1,1,102700.0,split,50.0,NORMAL+PM_BLOCK_INTRADAY+EF:갭 7%+ 분할 진입 + 당일 10%+ 급등 분할 진입+ENTRY:split,15.08,5.0,1.6,normal,7.0,v1_sl_first_gap_at_open,NORMAL+PM_BLOCK_INTRADAY+EF:갭 7%+ 분할 진입 + 당일 10%+ 급등 분할 진입+ENTRY:split,SWING_20D,80,ATR_3.5x,45,FIBO_1.272,40,0.0,"측정, 시험, 항해, 제어 및 기타 정밀기기 제조업; 광학기기 제외",2.1077380952380955,-2.2075,9.0,0.09082335574872888,0.004902121869657057,0.19548872180451127,OK,64.7,OK,84.0,84.0,6,1,0.55,0.25,0.2,STRUCT+TIMING+AI+SECTOR,default,50,20260612,20260612,,63.2,63.2,63.2,46.38,-9.6,FRESH,0.351,,False,0.426,True,MATURE,9296.0,1.596,0.849,0.849,0.0,0.0,0.0,v22_calibrated,,,,,,,,True,3.0,,ELITE_SCORE,MATURE,9296,2.4.0,OK,,100.0,ATTACK,OK,OK,OK,OK,OK,OK,OK,0,7,True,True,True,,1,ORANGE,C_ORANGE,STRUCT < 90 + VWAP_GAP > 15% 강한 과열,0.0,AVOID,0,진입괴리 20.5% · RR 0.10 · 5일 +33%,0,1,0,0,,0.0,이격도27>15,100.0,GREEN,,,0,False,0,BELOW_OFFICIAL_BAR,TOP_PICK=0,VWAP/POC 과열,5.0,IGNORE,IGNORE,FX_HIGH_REGIME,1,0,0,1,0,0,0,0,0,CLEAR,,,0,0,0,0,0.0,,,,,,,,,,REJECT_NO_VALIDATED_RULE,,,,,,True,True,True,True,True,True,True,True,0.0,0.0,0.0,0.0,0.0,0.0,0.0,0.0,0.0,1.0,False,False,False,0,True,19.4,1.0,,,0,0,1,B,19.4,0,"모멘텀 관찰 (과열·가드통과, 상위5 밖 — 매수 아님)",False,0.0,0.0,False,,False,True,,0
445,039030,이오테크닉스,KOSDAQ,조선·기계·설비,612000,4604.53,75395.6,0.0,0.0,OVERHEAT,OVERHEAT,5,False,0,False,61.8,61.8,40.9,100.0,71.5,0.0,19.2,70.8,59.1,26.1,0.06,20.2,,0,509000.0,432500.0,623000.0,717000.0,,2.92,4.09,474069,30.42,특이사항 없음,0,-9.11,55.8,26.21,TIMING 강점,AI 보조,5일 급등,과열 (RSI/수익률),CRITICAL,75.3,특수 목적용 기계 제조업,460452514000.0,59.7,43.83,0,0,21.43,28.03,26.32,27.63,49.27,125.83,40.19,58.87,,0.0,0.0,1,12.0,1,0,1.24,0.95,0,0,0,1,1,374450.0,29.09,0.625,False,O,▲,453123,▲,O,X,0.6,250,0,1,1,1,781000.0,hold,0.0,NORMAL+PM_BLOCK_INTRADAY+EF:당일 15%+ 급등 진입 보류+ENTRY:hold,15.03,4.0,1.5,normal,7.0,v1_sl_first_gap_at_open,NORMAL+PM_BLOCK_INTRADAY+EF:당일 15%+ 급등 진입 보류+ENTRY:hold,SWING_20D,80,ATR_3.5x,45,FIBO_1.618,25,0.0,특수 목적용 기계 제조업,9.421739130434784,5.0392753623188415,2.0,0.09675536881419235,-0.01646774715847933,0.08943089430894309,OK,71.5,OK,70.0,70.0,6,1,0.55,0.25,0.2,STRUCT+TIMING+AI+SECTOR,default,50,20260612,20260612,,61.8,61.8,61.8,46.38,-9.6,FRESH,0.351,,False,0.414,True,MATURE,9296.0,1.49,0.849,0.849,0.0,0.0,0.0,v22_calibrated,,,,,,,,True,1.8,,ELITE_SCORE,MATURE,9296,2.4.0,OK,,100.0,ATTACK,OK,OK,OK,OK,OK,OK,OK,0,7,True,True,True,,1,ORANGE,C_ORANGE,STRUCT < 90 + VWAP_GAP > 15% 강한 과열,0.0,AVOID,0,진입괴리 20.2% · RR 0.06 · 5일 +28%,0,1,0,0,,0.0,이격도26>15,100.0,GREEN,,,0,False,0,BELOW_OFFICIAL_BAR,TOP_PICK=0,,5.0,IGNORE,IGNORE,FX_HIGH_REGIME,1,0,0,1,0,0,0,0,0,CLEAR,,,0,0,0,0,0.0,,,,,,,,,,REJECT_NO_VALIDATED_RULE,,,,,,True,True,True,True,True,True,True,True,0.0,0.0,0.0,0.0,0.0,0.0,0.0,0.0,0.0,1.0,False,False,False,0,True,19.2,1.0,,,0,0,1,B,19.2,0,"모멘텀 관찰 (과열·가드통과, 상위5 밖 — 매수 아님)",False,0.0,0.0,False,,False,True,,0
446,319660,피에스케이,KOSDAQ,조선·기계·설비,169900,2652.46,49214.4,0.0,0.0,OVERHEAT,OVERHEAT,5,False,0,False,56.9,56.9,40.7,81.8,70.1,0.0,17.9,64.2,41.1,48.6,0.25,39.6,,0,121700.0,103400.0,186500.0,218000.0,,0.83,2.42,104598,300.55,특이사항 없음,1,-11.9,71.0,46.53,TIMING 강점,AI 보조,RSI 과열,과열 (RSI/수익률),CRITICAL,75.3,특수 목적용 기계 제조업,265245772450.0,67.5,70.18,0,0,13.42,34.31,63.37,52.38,129.59,417.99,64.94,139.19,,0.027,0.027,1,12.0,0,0,1.12,0.84,0,0,0,1,1,105060.0,62.43,0.796,False,O,▲,137355,▲,O,X,14.62,250,0,1,1,1,258500.0,hold,0.0,NORMAL+PM_BLOCK_INTRADAY+EF:갭 12%+ 진입 보류+ENTRY:hold,15.04,5.0,3.5,normal,7.0,v1_sl_first_gap_at_open,NORMAL+PM_BLOCK_INTRADAY+EF:갭 12%+ 진입 보류+ENTRY:hold,SWING_20D,80,FIBO_1.272,40,FIBO_1.618,25,0.0,특수 목적용 기계 제조업,9.421739130434784,5.0392753623188415,2.0,0.1067014210039519,0.06576772801732658,0.4169014084507042,OK,70.1,OK,62.0,62.0,4,1,0.55,0.25,0.2,STRUCT+TIMING+AI+SECTOR,default,50,20260612,20260612,,56.9,56.9,56.9,46.38,-9.6,FRESH,0.351,,False,0.375,True,MATURE,9296.0,3.541,0.849,0.849,0.0,0.0,0.0,v22_calibrated,,,,,,,,True,9.8,,ELITE_SCORE,MATURE,9296,2.4.0,OK,,100.0,ATTACK,OK,OK,OK,OK,OK,OK,OK,0,7,True,True,True,,1,ORANGE,C_ORANGE,STRUCT < 90 + VWAP_GAP > 15% 강한 과열,0.0,AVOID,0,진입괴리 39.6% · RR 0.25 · 5일 +34%,0,1,0,0,,0.0,이격도47>15,100.0,GREEN,,,0,False,0,BELOW_OFFICIAL_BAR,TOP_PICK=0,VWAP/POC 과열,5.0,IGNORE,IGNORE,FX_HIGH_REGIME,1,0,0,1,0,0,0,0,0,CLEAR,,,0,0,0,0,0.0,,,,,,,,,,REJECT_NO_VALIDATED_RULE,,,,,,True,True,True,True,True,True,True,True,0.0,0.0,0.0,0.0,0.0,0.0,0.0,0.0,0.0,1.0,False,False,False,0,True,17.9,1.0,,,0,0,1,B,17.9,0,"모멘텀 관찰 (과열·가드통과, 상위5 밖 — 매수 아님)",False,0.0,0.0,False,,False,True,,0
447,131290,티에스이,KOSDAQ,기타,270500,431.83,29921.2,0.0,0.0,OVERHEAT,OVERHEAT,5,False,0,False,56.8,56.8,39.2,90.4,63.3,0.0,17.9,64.3,51.2,36.0,0.15,19.2,,0,227000.0,192800.0,282500.0,290000.0,,2.23,1.1,179306,229.73,특이사항 없음,0,-2.25,60.0,25.2,TIMING 강점,AI 보조,5일 급등,과열 (RSI/수익률),CRITICAL,75.3,"측정, 시험, 항해, 제어 및 기타 정밀기기 제조업; 광학기기 제외",43182581750.0,59.4,43.21,0,0,4.04,31.31,31.95,42.74,136.24,363.98,55.3,145.84,,0.012,0.012,1,12.0,0,0,1.19,0.89,0,0,0,1,1,169790.0,50.86,0.7018,False,O,▲,217994,▲,O,X,5.38,250,0,1,1,1,336500.0,enter,100.0,NORMAL+PM_BLOCK_INTRADAY+EF:정상,15.07,5.0,1.6,normal,7.0,v1_sl_first_gap_at_open,NORMAL+PM_BLOCK_INTRADAY+EF:정상,SWING_20D,80,ATR_2x,70,ATR_3.5x,45,0.0,"측정, 시험, 항해, 제어 및 기타 정밀기기 제조업; 광학기기 제외",2.1077380952380955,-2.2075,9.0,0.1155532083443359,-0.01610618788331748,0.3333333333333333,OK,63.3,OK,76.43066909796443,76.43066909796443,6,1,0.55,0.25,0.2,STRUCT+TIMING+AI+SECTOR,default,50,20260612,20260612,,56.8,56.8,56.8,46.38,-9.6,FRESH,0.351,,False,0.374,True,MATURE,9296.0,1.623,0.849,0.849,0.0,0.0,0.0,v22_calibrated,,,,,,,,True,4.4,,ELITE_SCORE,MATURE,9296,2.4.0,OK,,100.0,ATTACK,OK,OK,OK,OK,OK,OK,OK,0,7,True,True,True,,1,ORANGE,C_ORANGE,STRUCT < 90 + VWAP_GAP > 15% 강한 과열,0.0,AVOID,0,진입괴리 19.2% · RR 0.15 · 5일 +31%,0,1,0,0,,0.0,이격도25>15,100.0,GREEN,,,0,False,0,BELOW_OFFICIAL_BAR,TOP_PICK=0,VWAP/POC 과열,5.0,IGNORE,IGNORE,FX_HIGH_REGIME,1,0,0,1,0,0,0,0,0,CLEAR,,,0,0,0,0,0.0,,,,,,,,,,REJECT_NO_VALIDATED_RULE,,,,,,True,True,True,True,True,True,True,True,0.0,0.0,0.0,0.0,0.0,0.0,0.0,0.0,0.0,1.0,False,False,False,0,True,17.9,1.0,,,0,0,1,B,17.9,0,"모멘텀 관찰 (과열·가드통과, 상위5 밖 — 매수 아님)",False,0.0,0.0,False,,False,True,,0
448,005950,이수화학,KOSPI,화학·소재,16700,535.57,4391.1,0.0,0.0,OVERHEAT,OVERHEAT,5,False,0,False,73.1,73.1,90.3,72.3,26.7,0.0,16.7,63.1,63.6,20.5,0.27,18.5,,0,14090.0,11970.0,17990.0,20450.0,,2.47,1.1,12593,77.17,특이사항 없음,0,7.87,53.5,24.42,STRUCT 강점,TIMING 보조,5일 급등,과열 (RSI/수익률),CRITICAL,75.3,기초 화학물질 제조업,53557023660.0,63.4,65.9,0,0,9.72,36.44,7.4,69.03,113.55,69.54,65.47,67.17,,0.0,0.0,1,12.0,0,0,3.04,0.85,0,0,0,1,1,10833.0,32.61,0.7347,False,O,▲,12438,▲,O,X,-2.04,250,0,1,1,1,20850.0,enter,100.0,NORMAL+PM_BLOCK_INTRADAY+EF:정상,15.05,6.0,1.8,normal,7.0,v1_sl_first_gap_at_open,NORMAL+PM_BLOCK_INTRADAY+EF:정상,SWING_20D,80,ATR_3.5x,45,FIBO_1.272,40,0.0,기초 화학물질 제조업,6.03945945945946,-4.1432432432432424,8.0,0.10838323353293414,0.1089627216497294,0.39692307692307693,OK,26.7,OK,50.66429428546421,50.66429428546421,8,1,0.55,0.25,0.2,STRUCT+TIMING+AI+SECTOR,default,50,20260612,20260612,,73.1,73.1,73.1,46.38,-9.6,FRESH,0.351,,False,0.505,False,MATURE,9296.0,1.84,0.849,0.849,0.0,0.0,0.0,v22_calibrated,,,,,,,,True,7.7,,ELITE_SCORE,MATURE,9296,2.4.0,OK,,100.0,ATTACK,OK,OK,OK,OK,OK,OK,OK,0,7,True,True,True,,0,GREEN,,,0.0,AVOID,0,진입괴리 18.5% · RR 0.27 · 5일 +36%,0,1,0,0,,0.0,S=90≥50 · 이격도24>15,100.0,GREEN,,,0,False,0,BELOW_OFFICIAL_BAR,TOP_PICK=0,,13.0,IGNORE,IGNORE,FX_HIGH_REGIME,1,0,0,1,0,0,0,0,0,CLEAR,,,0,0,0,0,0.0,,,,,,,,,,REJECT_NO_VALIDATED_RULE,,,,,,True,True,True,True,True,True,True,True,0.0,0.0,0.0,0.0,0.0,0.0,0.0,0.0,0.0,1.0,False,False,False,0,True,16.7,1.0,,,0,0,1,B,16.7,0,"모멘텀 관찰 (과열·가드통과, 상위5 밖 — 매수 아님)",False,0.0,0.0,False,,False,True,,0
449,272110,케이엔제이,KOSDAQ,반도체,38600,101.74,3097.8,0.0,0.0,OVERHEAT,OVERHEAT,5,False,0,False,53.6,53.6,43.4,76.9,52.5,0.0,16.7,57.6,33.5,58.1,0.26,10.1,,0,35050.0,29750.0,40900.0,44600.0,,2.18,1.68,36869,18.17,특이사항 없음,0,-8.21,61.9,15.7,TIMING 강점,AI 보조,5일 급등,과열 (RSI/수익률),CRITICAL,75.3,반도체 제조업,10173829775.0,60.5,30.13,0,0,8.27,27.18,18.4,4.32,0.92,66.74,16.88,10.52,,0.159,0.159,1,12.0,0,0,1.24,0.81,0,0,0,1,1,27500.0,4.69,0.7115,False,O,▲,32090,▲,O,X,4.35,250,0,1,1,1,47050.0,enter,100.0,NORMAL+PM_BLOCK_INTRADAY+EF:정상,15.12,6.0,1.1,normal,7.0,v1_sl_first_gap_at_open,NORMAL+PM_BLOCK_INTRADAY+EF:정상,SWING_20D,80,SWING_60D,60,ATR_3.5x,45,0.0,반도체 제조업,7.3096000000000005,9.6216,1.0,0.08882309400444115,-0.08182805887342742,0.46938775510204084,OK,52.5,OK,56.0,56.0,6,1,0.55,0.25,0.2,STRUCT+TIMING+AI+SECTOR,default,50,20260612,20260612,,53.6,53.6,53.6,46.38,-9.6,FRESH,0.351,,False,0.349,True,MATURE,9296.0,1.104,0.849,0.849,0.0,0.0,0.0,v22_calibrated,,,,,,,,True,6.0,,ELITE_SCORE,MATURE,9296,2.4.0,OK,,100.0,ATTACK,OK,OK,OK,OK,OK,OK,OK,0,7,True,True,True,,0,GREEN,,,0.0,AVOID,0,진입괴리 10.1% · RR 0.26 · 5일 +27%,0,1,0,0,,0.0,이격도16>15,100.0,GREEN,,,0,False,0,BELOW_OFFICIAL_BAR,TOP_PICK=0,,5.0,IGNORE,IGNORE,FX_HIGH_REGIME,1,0,0,1,0,0,0,0,0,CLEAR,,,0,0,0,0,0.0,,,,,,,,,,REJECT_NO_VALIDATED_RULE,,,,,,True,True,True,True,True,True,True,True,0.0,0.0,0.0,0.0,0.0,0.0,0.0,0.0,0.0,1.0,False,False,False,0,True,16.7,1.0,,,0,0,1,B,16.7,0,"모멘텀 관찰 (과열·가드통과, 상위5 밖 — 매수 아님)",False,0.0,0.0,False,,False,True,,0
450,042700,한미반도체,KOSPI,반도체,361000,20587.71,344077.0,0.0,0.0,OVERHEAT,OVERHEAT,5,False,0,False,56.0,56.0,43.2,61.3,84.4,0.0,16.6,63.0,41.2,48.5,0.56,11.8,,0,323000.0,274500.0,409500.0,426000.0,,2.94,3.9,321717,74.61,특이사항 없음,0,-9.57,54.8,17.32,AI 강점,TIMING 보조,5일 급등,과열 (RSI/수익률),CRITICAL,75.3,특수 목적용 기계 제조업,2058770966250.0,75.4,49.53,0,0,24.05,27.56,23.42,-9.86,20.33,198.35,-13.42,-26.05,,0.061,0.061,1,12.0,0,0,1.21,0.69,-17689,232123,214434,1,1,228000.0,12.21,0.6758,False,O,▲,275467,▲,O,X,5.15,250,0,1,1,1,440000.0,hold,0.0,NORMAL+PM_BLOCK_INTRADAY+EF:당일 15%+ 급등 진입 보류+ENTRY:hold,15.02,4.0,1.8,normal,7.0,v1_sl_first_gap_at_open,NORMAL+PM_BLOCK_INTRADAY+EF:당일 15%+ 급등 진입 보류+ENTRY:hold,SWING_20D,80,SWING_60D,60,ATR_3.5x,45,0.0,특수 목적용 기계 제조업,7.3096000000000005,9.6216,1.0,0.0925999208547685,-0.010275711464800276,0.15436241610738255,OK,84.4,OK,47.4726983692869,47.4726983692869,6,1,0.55,0.25,0.2,STRUCT+TIMING+AI+SECTOR,default,50,20260612,20260612,,56.0,56.0,56.0,46.38,-9.6,FRESH,0.351,,False,0.368,True,MATURE,9296.0,1.784,0.849,0.849,0.0,0.0,0.0,v22_calibrated,,,,,,,,True,13.4,,ELITE_SCORE,MATURE,9296,2.4.0,OK,,100.0,ATTACK,OK,OK,OK,OK,OK,OK,OK,0,7,True,True,True,,0,GREEN,,,0.0,AVOID,0,진입괴리 11.8% · RR 0.56 · 5일 +28%,0,1,0,0,,0.0,T=61<70 · 이격도17>15,100.0,GREEN,,,0,False,0,BELOW_OFFICIAL_BAR,TOP_PICK=0,,5.0,IGNORE,IGNORE,FX_HIGH_REGIME,1,0,0,1,0,0,0,0,0,CLEAR,,,0,0,0,0,0.0,,,,,,,,,,REJECT_NO_VALIDATED_RULE,,,,,,True,True,True,True,True,True,True,True,0.0,0.0,0.0,0.0,0.0,0.0,0.0,0.0,0.0,1.0,False,False,False,0,True,16.6,1.0,,,0,0,1,B,16.6,0,"모멘텀 관찰 (과열·가드통과, 상위5 밖 — 매수 아님)",False,0.0,0.0,False,,False,True,,0
451,388790,라이콤,KOSDAQ,IT/전기전자,7700,334.39,2357.3,0.0,0.0,OVERHEAT,OVERHEAT,5,False,0,False,55.9,55.9,51.1,81.9,36.8,0.0,16.3,56.6,45.1,43.6,0.53,34.1,,0,5740.0,4880.0,9200.0,10020.0,,1.51,0.97,6293,34.49,특이사항 없음,0,-12.19,65.3,40.75,TIMING 강점,STRUCT 보조,5일 급등,과열 (RSI/수익률),CRITICAL,75.3,통신 및 방송 장비 제조업,33438570410.0,90.2,100.99,0,0,-12.4,30.29,55.09,29.63,41.54,196.72,42.19,51.14,,0.019,0.019,1,12.0,0,0,3.08,0.74,0,0,0,1,1,4376.5,22.34,0.7852,False,O,▲,7247,▲,O,X,0.0,249,0,1,1,1,,enter,100.0,NORMAL+PM_BLOCK_INTRADAY+EF:정상,14.98,6.0,4.0,normal,7.0,v1_sl_first_gap_at_open,NORMAL+PM_BLOCK_INTRADAY+EF:정상,SWING_20D,80,ATR_3.5x,45,,0,0.0,통신 및 방송 장비 제조업,0.10229729729729745,3.253243243243243,5.0,0.15871985157699442,0.2675062895843643,0.057971014492753624,OK,36.8,OK,56.40305086392878,56.40305086392878,4,1,0.55,0.25,0.2,STRUCT+TIMING+AI+SECTOR,default,50,20260612,20260612,,55.9,55.9,55.9,46.38,-9.6,FRESH,0.351,,False,0.367,True,MATURE,9296.0,4.023,0.849,0.849,0.0,0.0,0.0,v22_calibrated,,,,,,,,True,19.5,,ELITE_SCORE,MATURE,9296,2.4.0,OK,,100.0,ATTACK,OK,OK,OK,OK,OK,OK,OK,0,7,True,True,True,,1,ORANGE,C_ORANGE,STRUCT < 90 + VWAP_GAP > 15% 강한 과열,0.0,AVOID,0,진입괴리 34.1% · RR 0.53 · 5일 +30%,0,1,0,0,,0.0,S=51≥50 · 이격도41>15,100.0,GREEN,,,0,False,0,BELOW_OFFICIAL_BAR,TOP_PICK=0,,5.0,IGNORE,IGNORE,FX_HIGH_REGIME,1,0,0,1,0,0,0,0,0,CLEAR,,,0,0,0,0,0.0,,,,,,,,,,REJECT_NO_VALIDATED_RULE,,,,,,True,True,True,True,True,True,True,True,0.0,0.0,0.0,0.0,0.0,0.0,0.0,0.0,0.0,1.0,False,False,False,0,True,16.3,1.0,,,0,0,1,B,16.3,0,"모멘텀 관찰 (과열·가드통과, 상위5 밖 — 매수 아님)",False,0.0,0.0,False,,False,True,,0
452,330860,네패스아크,KOSDAQ,서비스 기타,50500,326.82,6152.9,0.0,0.0,OVERHEAT,OVERHEAT,5,False,0,False,50.8,50.8,45.3,57.1,57.9,0.0,15.6,53.4,12.6,84.2,0.37,13.1,밸런스우수,0,44650.0,37950.0,55100.0,58400.0,,2.4,1.44,35549,31.64,특이사항 없음,0,-5.57,58.1,18.73,AI 강점,TIMING 보조,5일 급등,과열 (RSI/수익률),CRITICAL,75.3,"그외 기타 전문, 과학 및 기술 서비스업",32681768725.0,67.5,47.74,0,0,7.45,31.34,13.48,-0.98,180.71,197.41,11.58,190.31,,0.014,0.014,1,12.0,0,0,1.45,0.79,0,0,0,1,1,33885.0,42.05,0.8397,False,O,▲,40205,▲,O,X,4.26,250,0,1,1,1,68600.0,enter,100.0,NORMAL+PM_BLOCK_INTRADAY+EF:정상,15.01,5.0,1.6,normal,7.0,v1_sl_first_gap_at_open,NORMAL+PM_BLOCK_INTRADAY+EF:정상,SWING_20D,80,ATR_2x,70,ATR_3.5x,45,0.0,"그외 기타 전문, 과학 및 기술 서비스업",1.6329629629629632,-10.275925925925925,12.0,0.13536067892503537,0.013419925667161069,0.5511811023622047,OK,57.9,OK,37.5,37.5,6,1,0.55,0.25,0.2,STRUCT+TIMING+AI+SECTOR,default,50,20260612,20260612,,50.8,50.8,50.8,46.38,-9.6,FRESH,0.351,,False,0.326,True,MATURE,9296.0,1.56,0.849,0.849,0.0,0.0,0.0,v22_calibrated,,,,,,,,True,9.1,,ELITE_SCORE,MATURE,9296,2.4.0,OK,,100.0,ATTACK,OK,OK,OK,OK,OK,OK,OK,0,7,True,True,True,,1,ORANGE,C_ORANGE,STRUCT < 90 + VWAP_GAP > 15% 강한 과열,0.0,AVOID,0,진입괴리 13.1% · RR 0.37 · 5일 +31%,0,1,0,0,,0.0,T=57<70 · 이격도19>15,100.0,GREEN,,,0,False,0,BELOW_OFFICIAL_BAR,TOP_PICK=0,VWAP/POC 과열,5.0,IGNORE,IGNORE,FX_HIGH_REGIME,1,0,0,1,0,0,0,0,0,CLEAR,,,0,0,0,0,0.0,,,,,,,,,,REJECT_NO_VALIDATED_RULE,,,,,,True,True,True,True,True,True,True,True,0.0,0.0,0.0,0.0,0.0,0.0,0.0,0.0,0.0,1.0,False,False,False,0,True,15.6,1.0,,,0,0,1,B,15.6,0,"모멘텀 관찰 (과열·가드통과, 상위5 밖 — 매수 아님)",False,0.0,0.0,False,,False,True,,0
453,069960,현대백화점,KOSPI,유통·소비재,177300,742.23,38234.6,0.0,0.0,OVERHEAT,OVERHEAT,5,False,0,False,70.7,70.7,90.0,71.6,16.3,0.0,15.5,59.3,73.7,7.9,0.21,29.9,,0,136500.0,115900.0,190000.0,222000.0,,1.06,1.73,117830,59.36,특이사항 없음,0,5.17,76.9,36.42,STRUCT 강점,TIMING 보조,RSI 과열,과열 (RSI/수익률),CRITICAL,75.3,종합 소매업,74222607050.0,83.2,82.85,0,0,-5.24,21.02,62.36,55.94,105.92,85.65,52.38,59.54,,0.052,0.052,1,12.0,1,0,1.77,0.86,0,0,0,1,1,127160.0,50.47,0.4667,False,O,▲,171049,▲,O,X,-1.12,250,0,1,1,1,262000.0,enter,100.0,NORMAL+PM_BLOCK_INTRADAY+EF:정상,15.09,5.0,2.6,normal,7.0,v1_sl_first_gap_at_open,NORMAL+PM_BLOCK_INTRADAY+EF:정상,SWING_20D,80,FIBO_1.272,40,FIBO_1.618,25,0.0,종합 소매업,5.0564285714285715,-0.5635714285714287,6.0,0.08548867939730884,0.2592695572124534,0.3184713375796178,OK,16.3,OK,69.0,69.0,6,1,0.55,0.25,0.2,STRUCT+TIMING+AI+SECTOR,default,50,20260612,20260612,,70.7,70.7,70.7,46.38,-9.6,FRESH,0.351,,False,0.486,False,MATURE,9296.0,2.597,0.849,0.849,0.0,0.0,0.0,v22_calibrated,,,,,,,,True,7.2,,ELITE_SCORE,MATURE,9296,2.4.0,OK,,100.0,ATTACK,OK,OK,OK,OK,OK,OK,OK,0,7,True,True,True,,0,GREEN,,,0.0,AVOID,0,진입괴리 29.9% · RR 0.21 · 급등후 음봉 (21%/-5%),0,1,0,0,,0.0,S=90≥50 · 이격도36>15,100.0,GREEN,,,0,False,0,BELOW_OFFICIAL_BAR,TOP_PICK=0,VWAP/POC 과열,13.0,IGNORE,IGNORE,FX_HIGH_REGIME,1,0,0,1,0,0,0,0,0,CLEAR,,,0,0,0,0,0.0,,,,,,,,,,REJECT_NO_VALIDATED_RULE,,,,,,True,True,True,True,True,True,True,True,0.0,0.0,0.0,0.0,0.0,0.0,0.0,0.0,0.0,1.0,False,False,False,0,True,15.5,1.0,,,0,0,1,B,15.5,0,"모멘텀 관찰 (과열·가드통과, 상위5 밖 — 매수 아님)",False,0.0,0.0,False,,False,True,,0
454,012750,에스원,KOSPI,기타,88700,261.67,33705.3,0.0,0.0,OVERHEAT,OVERHEAT,5,False,0,False,53.8,53.8,50.0,86.0,23.9,0.0,15.1,53.3,62.1,22.4,0.1,16.7,,0,76000.0,67900.0,90800.0,103000.0,,2.7,2.83,78393,19.15,특이사항 없음,0,0.75,79.0,22.49,TIMING 강점,STRUCT 보조,RSI 과열,과열 (RSI/수익률),CRITICAL,75.3,"경비, 경호 및 탐정업",26167318950.0,71.8,25.45,0,0,15.65,20.52,30.06,24.58,6.74,16.1,21.02,-39.64,,0.111,0.111,1,9.8,1,0,0.91,0.91,0,0,0,1,1,67160.0,13.15,0.295,False,O,▲,75133,▲,O,X,-0.13,250,0,1,1,1,,hold,0.0,NORMAL+PM_BLOCK_INTRADAY+EF:당일 15%+ 급등 진입 보류+ENTRY:hold,10.66,5.0,1.8,normal,7.0,v1_sl_first_gap_at_open,NORMAL+PM_BLOCK_INTRADAY+EF:당일 15%+ 급등 진입 보류+ENTRY:hold,SWING_20D,80,SWING_60D,60,,0,0.0,"경비, 경호 및 탐정업",2.1077380952380955,-2.2075,9.0,0.04880012884522467,-0.021517301521525662,0.125,OK,23.9,OK,87.7339110105419,87.7339110105419,4,1,0.55,0.25,0.2,STRUCT+TIMING+AI+SECTOR,default,50,20260612,20260612,,53.8,53.8,53.8,46.38,-9.6,FRESH,0.351,,False,0.35,True,MATURE,9296.0,1.827,0.849,0.849,0.0,0.0,0.0,v22_calibrated,,,,,,,,True,2.4,,ELITE_SCORE,MATURE,9296,2.4.0,OK,,100.0,ATTACK,OK,OK,OK,OK,OK,OK,OK,0,7,True,True,True,,0,GREEN,,,0.0,AVOID,0,진입괴리 16.7% · RR 0.10,0,0,0,0,,0.0,S=50≥50 · 이격도22>15,100.0,GREEN,,,0,False,0,BELOW_OFFICIAL_BAR,TOP_PICK=0,,5.0,IGNORE,IGNORE,FX_HIGH_REGIME,1,0,0,1,0,0,0,0,0,CLEAR,,,0,0,0,0,0.0,,,,,,,,,,REJECT_NO_VALIDATED_RULE,,,,,,True,True,True,True,True,True,True,True,0.0,0.0,0.0,0.0,0.0,0.0,0.0,0.0,0.0,1.0,False,False,False,0,True,15.1,1.0,,,0,0,1,B,15.1,0,"모멘텀 관찰 (과열·가드통과, 상위5 밖 — 매수 아님)",False,0.0,0.0,False,,False,True,,0
455,168360,펨트론,KOSDAQ,조선·기계·설비,25600,138.37,5608.0,0.0,0.0,OVERHEAT,OVERHEAT,5,False,0,False,47.6,47.6,40.1,68.7,41.7,0.0,14.9,50.2,28.6,64.2,0.29,14.3,,0,22400.0,19020.0,27500.0,29800.0,,2.27,2.81,23393,18.94,특이사항 없음,0,-9.16,61.3,20.06,TIMING 강점,,5일 급등,과열 (RSI/수익률),CRITICAL,75.3,특수 목적용 기계 제조업,13837440225.0,65.5,38.31,0,0,10.58,32.03,27.36,-4.3,11.3,54.4,8.26,20.9,,0.061,0.061,1,12.0,0,0,1.17,0.81,0,0,0,1,1,18454.0,9.43,0.8307,False,O,▲,20639,▲,O,X,7.99,250,0,1,1,1,30500.0,split,50.0,NORMAL+PM_BLOCK_INTRADAY+EF:갭 7%+ 분할 진입 + 당일 10%+ 급등 분할 진입+ENTRY:split,15.09,5.0,1.5,normal,7.0,v1_sl_first_gap_at_open,NORMAL+PM_BLOCK_INTRADAY+EF:갭 7%+ 분할 진입 + 당일 10%+ 급등 분할 진입+ENTRY:split,SWING_20D,80,SWING_60D,60,ATR_3.5x,45,0.0,특수 목적용 기계 제조업,9.421739130434784,5.0392753623188415,2.0,0.0900390625,-0.0037662716652753013,0.5671641791044776,OK,41.7,OK,54.12477542462764,54.12477542462764,6,1,0.55,0.25,0.2,STRUCT+TIMING+AI+SECTOR,default,50,20260612,20260612,,47.6,47.6,47.6,46.38,-9.6,FRESH,0.351,,False,0.301,True,MATURE,9296.0,1.509,0.849,0.849,0.0,0.0,0.0,v22_calibrated,,,,,,,,True,7.4,,ELITE_SCORE,MATURE,9296,2.4.0,OK,,100.0,ATTACK,OK,OK,OK,OK,OK,OK,OK,0,7,True,True,True,,0,GREEN,,,0.0,AVOID,0,진입괴리 14.3% · RR 0.29 · 5일 +32%,0,1,0,0,,0.0,T=69<70 · 이격도20>15,100.0,GREEN,,,0,False,0,BELOW_OFFICIAL_BAR,TOP_PICK=0,,5.0,IGNORE,IGNORE,FX_HIGH_REGIME,1,0,0,1,0,0,0,0,0,CLEAR,,,0,0,0,0,0.0,,,,,,,,,,REJECT_NO_VALIDATED_RULE,,,,,,True,True,True,True,True,True,True,True,0.0,0.0,0.0,0.0,0.0,0.0,0.0,0.0,0.0,1.0,False,False,False,0,True,14.9,1.0,,,0,0,1,B,14.9,0,"모멘텀 관찰 (과열·가드통과, 상위5 밖 — 매수 아님)",False,0.0,0.0,False,,False,True,,0
456,083450,GST,KOSDAQ,조선·기계·설비,64900,562.52,11961.1,0.0,0.0,OVERHEAT,OVERHEAT,5,False,0,False,46.0,46.0,46.7,54.0,34.1,0.0,13.4,44.9,19.9,75.1,0.25,9.6,,0,59200.0,50300.0,68600.0,81700.0,,2.27,1.91,47181,122.61,특이사항 없음,0,-11.85,57.8,15.03,TIMING 강점,,5일 급등,과열 (RSI/수익률),CRITICAL,75.3,특수 목적용 기계 제조업,56251959150.0,69.4,33.36,0,0,8.17,25.53,18.21,-2.41,113.14,156.52,10.15,122.74,,0.036,0.036,1,12.0,0,0,1.15,0.84,0,0,0,1,-1,64935.0,37.55,0.8013,False,O,▲,54057,▲,O,X,6.33,250,0,1,1,1,83500.0,enter,100.0,NORMAL+PM_BLOCK_INTRADAY+EF:정상,15.03,5.0,1.1,normal,7.0,v1_sl_first_gap_at_open,NORMAL+PM_BLOCK_INTRADAY+EF:정상,SWING_20D,80,ATR_3.5x,45,FIBO_1.272,40,0.0,특수 목적용 기계 제조업,9.421739130434784,5.0392753623188415,2.0,0.09894342945190403,0.010921978952730393,0.6166666666666667,OK,34.1,OK,41.82779663319192,41.82779663319192,6,1,0.55,0.25,0.2,STRUCT+TIMING+AI+SECTOR,default,50,20260612,20260612,,46.0,46.0,46.0,46.38,-9.6,FRESH,0.351,,False,0.3,True,MATURE,9296.0,1.056,0.849,0.849,0.0,0.0,0.0,v22_calibrated,,,,,,,,True,5.7,,ELITE_SCORE,MATURE,9296,2.4.0,OK,,100.0,ATTACK,OK,OK,OK,OK,OK,OK,OK,0,7,True,True,True,,1,ORANGE,C_ORANGE,STRUCT < 90 + VWAP_GAP > 15% 강한 과열,0.0,AVOID,0,진입괴리 9.6% · RR 0.25 · 5일 +26%,0,1,0,0,,0.0,T=54<70 · 이격도15>15,100.0,GREEN,,,0,False,0,BELOW_OFFICIAL_BAR,TOP_PICK=0,VWAP/POC 과열,5.0,IGNORE,IGNORE,FX_HIGH_REGIME,1,0,0,1,0,0,0,0,0,CLEAR,,,0,0,0,0,0.0,,,,,,,,,,REJECT_NO_VALIDATED_RULE,,,,,,True,True,True,True,True,True,True,True,0.0,0.0,0.0,0.0,0.0,0.0,0.0,0.0,0.0,1.0,False,False,False,1,True,13.4,1.0,,,0,0,1,B,13.4,0,"모멘텀 관찰 (과열·가드통과, 상위5 밖 — 매수 아님)",False,0.0,0.0,False,,False,True,,0
457,114810,한솔아이원스,KOSDAQ,조선·기계·설비,16190,73.06,4556.4,0.0,0.0,OVERHEAT,OVERHEAT,5,False,0,False,47.5,47.5,49.0,32.6,62.0,0.0,12.5,47.9,29.4,63.2,0.51,1.5,진입적정,0,15950.0,13550.0,17530.0,19900.0,,1.84,1.28,16242,-13.22,특이사항 없음,0,-17.75,54.7,12.86,AI 강점,,5일 급등,과열 (RSI/수익률),CRITICAL,75.3,특수 목적용 기계 제조업,7306440330.0,62.1,38.43,0,0,5.13,25.02,13.3,-0.37,11.96,28.59,12.19,21.56,,0.363,0.218,0,12.0,1,0,1.45,0.78,0,0,0,1,1,12197.0,-0.32,0.903,False,O,▲,12991,▲,O,X,7.14,250,0,1,1,1,20900.0,split,50.0,NORMAL+PM_BLOCK_INTRADAY+EF:갭 7%+ 분할 진입+ENTRY:split,15.05,6.0,0.7,normal,7.0,v1_sl_first_gap_at_open,NORMAL+PM_BLOCK_INTRADAY+EF:갭 7%+ 분할 진입+ENTRY:split,SWING_20D,80,SWING_60D,60,ATR_3.5x,45,0.0,특수 목적용 기계 제조업,9.421739130434784,5.0392753623188415,2.0,0.08735551045618989,0.006724593701730023,0.43956043956043955,OK,62.0,OK,42.0,42.0,6,1,0.55,0.25,0.2,STRUCT+TIMING+AI+SECTOR,default,50,20260612,20260612,,47.5,47.5,47.5,46.38,-9.6,FRESH,0.351,,False,0.3,True,MATURE,9296.0,0.658,0.849,0.658,0.0,0.0,0.0,v22_calibrated,,,,,,,,True,8.3,,ELITE_SCORE,MATURE,9296,2.4.0,OK,,100.0,ATTACK,OK,OK,OK,OK,OK,OK,OK,0,7,True,True,True,,0,GREEN,,,0.0,AVOID,0,RR 0.51 · 5일 +25%,0,1,0,0,,0.0,T=33<70,100.0,GREEN,,,0,False,0,BELOW_OFFICIAL_BAR,TOP_PICK=0,,5.0,IGNORE,IGNORE,FX_HIGH_REGIME,1,0,0,1,0,0,0,0,0,CLEAR,,,0,0,0,0,0.0,,,,,,,,,,REJECT_NO_VALIDATED_RULE,,,,,,True,True,True,True,True,True,True,True,0.0,0.0,0.0,0.0,0.0,0.0,0.0,0.0,0.0,1.0,False,False,False,1,True,12.5,1.0,,,0,0,1,B,12.5,0,"모멘텀 관찰 (과열·가드통과, 상위5 밖 — 매수 아님)",False,0.0,0.0,False,,False,True,,0
458,192650,드림텍,KOSPI,IT/전기전자,5860,86.9,4041.9,0.0,0.0,OVERHEAT,OVERHEAT,5,False,0,False,28.7,28.7,0.0,53.0,77.1,0.0,10.4,43.4,77.1,3.6,0.64,12.0,,0,5230.0,4445.0,6760.0,7350.0,,2.46,3.04,6037,-13.28,특이사항 없음,0,-12.91,54.0,12.56,AI 강점,TIMING 보조,5일 급등,과열 (RSI/수익률),CRITICAL,75.3,전자부품 제조업,8690161669.0,44.8,45.8,0,0,29.79,26.02,16.27,-6.98,-16.05,-16.88,-10.54,-62.43,,0.83,0.076,0,12.0,0,0,0.73,0.64,0,0,0,1,1,3892.0,-2.95,0.6086,False,X,▼,4529,▲,O,X,1.88,250,1,-1,-1,1,9120.0,hold,0.0,NORMAL+PM_BLOCK_INTRADAY+EF:당일 15%+ 급등 진입 보류+ENTRY:hold,15.01,6.0,1.9,normal,7.0,v1_sl_first_gap_at_open,NORMAL+PM_BLOCK_INTRADAY+EF:당일 15%+ 급등 진입 보류+ENTRY:hold,SWING_20D,80,SWING_60D,60,SWING_120D,45,0.0,전자부품 제조업,0.10229729729729745,3.253243243243243,5.0,0.07069722086786934,-2.0,0.0,OK,77.1,OK,53.111499820569776,53.111499820569776,4,1,0.55,0.25,0.2,STRUCT+TIMING+AI+SECTOR,default,50,20260612,20260612,,28.7,28.7,28.7,46.38,-9.6,FRESH,0.351,,False,0.3,True,MATURE,9296.0,1.949,0.849,0.849,0.0,0.0,0.0,v22_calibrated,,,,,,,,True,15.4,,ELITE_SCORE,MATURE,9296,2.4.0,OK,,100.0,ATTACK,OK,OK,OK,OK,OK,OK,OK,0,7,True,True,True,,0,GREEN,,,0.0,AVOID,0,진입괴리 12.0% · RR 0.64 · 5일 +26%,0,1,0,0,,0.0,T=53<70 · 전일+30%,100.0,GREEN,,,0,False,0,BELOW_OFFICIAL_BAR,TOP_PICK=0,,5.0,IGNORE,IGNORE,FX_HIGH_REGIME,1,0,0,1,0,0,0,0,0,CLEAR,,,0,0,0,0,0.0,,,,,,,,,,REJECT_NO_VALIDATED_RULE,,,,,,True,True,True,True,True,True,True,True,0.0,0.0,0.0,0.0,0.0,0.0,0.0,0.0,0.0,1.0,False,False,False,1,True,10.4,1.0,,,0,0,1,B,10.4,0,"모멘텀 관찰 (과열·가드통과, 상위5 밖 — 매수 아님)",False,0.0,0.0,False,,False,True,,0
459,484870,엠앤씨솔루션,KOSPI,조선·기계·설비,89500,131.27,8192.7,0.0,0.0,OVERHEAT,OVERHEAT,5,False,0,False,27.5,27.5,12.1,53.6,37.4,0.0,10.0,34.4,41.5,48.1,0.74,10.6,,0,80900.0,68700.0,104900.0,133700.0,,2.81,4.12,98366,-33.69,특이사항 없음,0,-19.51,54.7,14.63,TIMING 강점,,5일 급등,과열 (RSI/수익률),CRITICAL,75.3,특수 목적용 기계 제조업,13127113250.0,44.2,56.26,0,0,24.31,38.98,17.61,-9.41,-31.37,-31.89,-12.97,-77.75,,0.867,0.028,0,12.0,1,0,1.32,0.66,0,0,0,1,1,57380.0,-9.01,0.9748,False,X,▼,64589,▲,O,X,0.42,250,0,-1,-1,1,191200.0,hold,0.0,NORMAL+PM_BLOCK_INTRADAY+EF:당일 15%+ 급등 진입 보류+ENTRY:hold,15.08,5.0,2.0,normal,7.0,v1_sl_first_gap_at_open,NORMAL+PM_BLOCK_INTRADAY+EF:당일 15%+ 급등 진입 보류+ENTRY:hold,SWING_20D,80,SWING_60D,60,SWING_120D,45,0.0,특수 목적용 기계 제조업,9.421739130434784,5.0392753623188415,2.0,0.0859537110933759,-0.03675879855450102,0.17488789237668162,OK,37.4,OK,50.0,50.0,6,1,0.55,0.25,0.2,STRUCT+TIMING+AI+SECTOR,default,50,20260612,20260612,,27.5,27.5,27.5,46.38,-9.6,FRESH,0.351,,False,0.3,True,MATURE,9296.0,1.967,0.849,0.849,0.0,0.0,0.0,v22_calibrated,,,,,,,,True,17.2,,ELITE_SCORE,MATURE,9296,2.4.0,OK,,100.0,ATTACK,OK,OK,OK,OK,OK,OK,OK,0,7,True,True,True,,0,GREEN,,,0.0,AVOID,0,진입괴리 10.6% · RR 0.74 · 5일 +39%,0,1,0,0,,0.0,T=54<70 · 전일+24%,100.0,GREEN,,,0,False,0,BELOW_OFFICIAL_BAR,TOP_PICK=0,,5.0,IGNORE,IGNORE,FX_HIGH_REGIME,1,0,0,1,0,0,0,0,0,CLEAR,,,0,0,0,0,0.0,,,,,,,,,,REJECT_NO_VALIDATED_RULE,,,,,,True,False,True,True,True,True,True,True,0.0,0.0,0.0,0.0,0.0,0.0,0.0,0.0,0.0,0.5,False,False,False,1,False,5.0,0.5,G2RR×0.5,,0,0,0,,5.0,0,과열이나 GUARD 미통과 — 레인 제외,False,0.0,0.0,False,,False,True,,0
460,030530,원익홀딩스,KOSDAQ,화학·소재,31000,1173.0,23943.8,0.0,0.0,OVERHEAT,OVERHEAT,5,False,0,False,34.7,34.7,26.7,20.9,73.7,0.0,9.3,40.4,52.8,34.0,0.43,2.3,,0,30300.0,25750.0,33250.0,41950.0,,2.49,2.73,30979,-12.52,특이사항 없음,0,-12.61,55.9,14.31,AI 강점,,5일 급등,과열 (RSI/수익률),CRITICAL,75.3,기초 화학물질 제조업,117299846625.0,73.2,37.81,0,0,8.58,29.17,8.96,-0.96,-2.52,3.33,11.6,7.08,,0.831,0.308,0,12.0,1,0,1.5,0.82,0,0,0,1,1,19875.0,0.07,0.7275,False,X,▼,24852,▲,O,X,3.68,249,0,-1,-1,1,50600.0,enter,100.0,NORMAL+PM_BLOCK_INTRADAY+EF:정상,15.02,5.0,0.6,normal,7.0,v1_sl_first_gap_at_open,NORMAL+PM_BLOCK_INTRADAY+EF:정상,SWING_20D,80,ATR_3.5x,45,SWING_120D,45,0.0,기초 화학물질 제조업,6.03945945945946,-4.1432432432432424,8.0,0.10702764976958525,0.0013783896631417475,0.3595505617977528,OK,73.7,OK,32.271687893845446,32.271687893845446,6,1,0.55,0.25,0.2,STRUCT+TIMING+AI+SECTOR,default,50,20260612,20260612,,34.7,34.7,34.7,46.38,-9.6,FRESH,0.351,,False,0.3,True,MATURE,9296.0,0.648,0.849,0.648,0.0,0.0,0.0,v22_calibrated,,,,,,,,True,7.3,,ELITE_SCORE,MATURE,9296,2.4.0,OK,,100.0,ATTACK,OK,OK,OK,OK,OK,OK,OK,0,7,True,True,True,,0,GREEN,,,0.0,AVOID,0,RR 0.43 · 5일 +29%,0,1,0,0,,0.0,T=21<70,100.0,GREEN,,,0,False,0,BELOW_OFFICIAL_BAR,TOP_PICK=0,,5.0,IGNORE,IGNORE,FX_HIGH_REGIME,1,0,0,1,0,0,0,0,0,CLEAR,,,0,0,0,0,0.0,,,,,,,,,,REJECT_NO_VALIDATED_RULE,,,,,,True,True,True,False,True,True,True,True,0.0,0.0,0.0,0.0,0.0,0.0,0.0,0.0,0.0,1.0,True,False,False,1,False,0.0,0.0,G4저모멘텀차단,,0,0,0,,0.0,0,과열이나 GUARD 미통과 — 레인 제외,False,0.0,0.0,False,,False,True,,0
461,051600,한전KPS,KOSPI,기타,63900,239.86,28755.0,0.0,0.0,OVERHEAT,OVERHEAT,5,False,0,False,58.8,58.8,32.3,100.0,80.0,0.0,0.0,70.8,67.7,15.4,0.0,16.4,,0,54900.0,48900.0,63900.0,69000.0,,3.59,2.4,58682,10.15,특이사항 없음,0,-9.6,67.3,22.28,TIMING 강점,AI 보조,5일 급등,과열 (RSI/수익률),CRITICAL,75.3,전기 및 통신 공사업,23986245150.0,42.1,31.82,0,0,29.61,31.35,24.56,14.11,7.58,18.77,10.55,-38.8,,0.024,0.024,1,9.9,1,0,1.02,1.0,0,0,0,1,1,46030.0,8.89,0.5073,False,O,▲,48281,▲,O,X,1.62,250,1,1,1,1,,hold,0.0,NORMAL+PM_BLOCK_INTRADAY+EF:당일 15%+ 급등 진입 보류+ENTRY:hold,10.93,5.0,1.5,normal,7.0,v1_sl_first_gap_at_open,NORMAL+PM_BLOCK_INTRADAY+EF:당일 15%+ 급등 진입 보류+ENTRY:hold,SWING_20D,80,SWING_60D,60,,0,0.0,전기 및 통신 공사업,2.1077380952380955,-2.2075,9.0,0.04974290185557791,-0.026163215395397857,0.0,OK,80.0,OK,78.0,78.0,2,0,0.55,0.25,0.2,STRUCT+TIMING+AI+SECTOR,default,50,20260612,20260612,,58.8,58.8,58.8,46.38,-9.6,FRESH,0.351,,False,0.39,True,MATURE,9296.0,1.5,0.849,0.849,0.0,0.0,0.0,v22_calibrated,,,,,,,,True,0.0,,ELITE_SCORE,MATURE,9296,2.4.0,OK,,100.0,ATTACK,OK,OK,OK,OK,OK,OK,OK,0,7,True,True,True,,0,GREEN,,,0.0,AVOID,0,진입괴리 16.4% · RR 0.00 · 5일 +31%,0,1,0,0,,0.0,이격도22>15,100.0,GREEN,,,0,False,0,BELOW_OFFICIAL_BAR,TOP_PICK=0,EBS 미통과/불명,0.0,IGNORE,IGNORE,FX_HIGH_REGIME,1,0,0,1,0,0,0,0,0,CLEAR,,,0,0,0,0,0.0,,,,,,,,,,REJECT_NO_VALIDATED_RULE,,,,,,True,True,True,True,True,True,True,True,0.0,0.0,0.0,0.0,0.0,0.0,0.0,0.0,0.0,1.0,False,False,False,0,True,0.0,0.0,,,0,0,1,B,0.0,0,"모멘텀 관찰 (과열·가드통과, 상위5 밖 — 매수 아님)",False,0.0,0.0,False,,False,True,,0
462,048770,TPC로보틱스,KOSDAQ,조선·기계·설비,6690,75.89,1050.2,11.0,6.3,CARRY,CARRY,7,False,0,False,0.0,76.6,86.8,52.3,78.8,,63.3,72.6,34.5,56.9,2.06,19.7,RR2.1,0,5590.0,4750.0,10690.0,12880.0,,-0.54,0.53,5512,47.43,DATA_UNAVAILABLE,0,26.47,62.0,25.57,STRUCT 강점,AI 보조,,캐리 재계산 실패: legacy snapshot,CRITICAL,75.3,일반 목적용 기계 제조업,7588669490.0,70.1,123.37,0,0,9.14,-5.77,56.67,95.04,89.79,231.19,95.19,89.17,194.22,0.0,0.0,1,12.0,0,0,2.21,0.45,0,0,0,1,-1,9990.5,21.36,-0.923,False,O,▲,7143,▼,X,X,1.47,250,0,1,1,1,15670.0,enter,100.0,NORMAL+PM_BLOCK_INTRADAY+EF:정상,15.03,6.0,6.1,normal,7.0,v1_sl_first_gap_at_open,NORMAL+PM_BLOCK_INTRADAY+EF:정상,SWING_20D,80,FIBO_1.272,40,FIBO_1.618,25,0.0,일반 목적용 기계 제조업,6.509466666666667,6.265866666666667,4.0,0.1793188127268844,0.1542231285394995,0.0,OK,78.8,OK,33.581362631527526,33.581362631527526,6,1,0.55,0.25,0.2,STRUCT+TIMING+AI+SECTOR,default,50,20260612,20260526.0,,76.6,76.6,76.6,32.28,0.62,CARRY_LEGACY,0.351,,False,0.3,True,MATURE,7244.0,6.071,0.898,0.898,0.0063,63347.0,11.0,v22_calibrated,,,,20260526.0,3.0,False,0.0,True,59.8,,ELITE_SCORE,MATURE,9296,2.4.0,OK,,100.0,ATTACK,OK,OK,OK,OK,OK,OK,OK,0,7,True,True,True,"analyze_returned_none(ohlcv_len=371,mcap=673,in_top=True)",1,ORANGE,C_ORANGE,STRUCT < 90 + VWAP_GAP > 15% 강한 과열,0.0,AVOID,0,진입괴리 19.7% · VWAP 21↑ · POC 47↑,0,0,0,0,,0.0,T=52<70 · S=87≥50,100.0,GREEN,,,0,False,0,HOLDING_MANAGE,TOP_PICK=0,,30.0,HOLDING_MANAGE,HOLDING_MANAGE,FX_HIGH_REGIME,1,0,0,1,0,0,0,0,0,CLEAR,,,0,0,0,0,0.0,HOLDING_MANAGE,0.0,AVOID,,0.0,0.0,0.0,0.0,0.0,REJECT_NO_VALIDATED_RULE,6690.0,0.0,FRESH,0.0,,True,True,True,True,False,True,True,True,0.0,0.0,0.0,0.0,20.0,0.0,0.0,0.0,20.0,1.0,False,True,False,3,False,43.3,0.684,G5추세붕괴3축,,0,0,0,,43.3,0,,False,0.0,0.0,False,,False,True,,0
463,038680,에스넷,KOSDAQ,IT/전기전자,5040,175.49,1003.6,0.0,,CARRY,CARRY,7,False,0,False,0.0,72.8,100.0,68.8,26.6,,55.2,65.1,73.4,8.2,1.5,1.5,RR1.5 + 진입적정,0,4965.0,4215.0,6280.0,6590.0,,1.4,1.2,4740,34.12,DATA_UNAVAILABLE,0,20.64,53.9,6.11,STRUCT 강점,TIMING 보조,,캐리 재계산 실패: legacy snapshot,CRITICAL,75.3,"컴퓨터 프로그래밍, 시스템 통합 및 관리업",17549036937.0,81.1,37.89,0,0,4.67,10.89,0.4,36.77,51.58,38.27,30.2,31.68,2.44,0.065,0.065,1,12.0,0,0,3.06,0.51,0,0,0,1,1,4116.5,6.32,0.1676,False,O,▲,4610,▲,O,X,1.04,250,0,1,1,1,7220.0,enter,100.0,NORMAL+PM_BLOCK_INTRADAY+EF:정상,15.11,6.0,1.8,normal,7.0,v1_sl_first_gap_at_open,NORMAL+PM_BLOCK_INTRADAY+EF:정상,SWING_20D,80,ATR_3.5x,45,FIBO_1.272,40,0.0,"컴퓨터 프로그래밍, 시스템 통합 및 관리업",7.0463265306122445,31.196632653061226,4.0,,,,,26.6,OK,49.0,49.0,8,1,0.4,0.4,0.2,STRUCT+TIMING+AI+SECTOR,default,60,20260612,20260507.0,,72.8,72.8,72.8,19.9,19.9,CARRY_LEGACY,0.351,,False,0.3,True,MATURE,5320.0,1.753,0.881,0.881,0.0,0.0,,v22_calibrated,,default,default,20260507.0,22.0,True,35.0,True,24.6,,ELITE_SCORE,MATURE,9296,2.4.0,OK,,100.0,ATTACK,OK,OK,OK,OK,OK,OK,OK,0,7,True,True,True,"analyze_returned_none(ohlcv_len=371,mcap=677,in_top=True)",0,GREEN,,,100.0,BUY,1,,0,0,0,0,,0.0,T=69<70 · S=100≥50,100.0,GREEN,,,0,False,0,HOLDING_MANAGE,TOP_PICK=0,,43.0,HOLDING_MANAGE,HOLDING_MANAGE,FX_HIGH_REGIME,1,0,0,1,0,0,0,0,0,CLEAR,,,0,0,0,0,0.0,HOLDING_MANAGE,1.0,BUY,,0.0,0.0,0.0,0.0,0.0,REJECT_NO_VALIDATED_RULE,5040.0,0.0,DEAD,1.0,보유 22일차 · 손익 +0.0% · 청산 검토,True,True,False,True,True,True,True,True,0.0,0.0,45.0,0.0,0.0,0.0,0.0,0.0,45.0,1.0,False,False,False,0,False,10.2,0.185,G3보유경과-45,,0,0,0,,10.2,0,,False,0.0,0.0,False,,False,True,,0
464,007460,에이프로젠,KOSPI,기타,4710,80.63,1034.0,0.0,,CARRY,CARRY,7,False,0,False,0.0,56.7,48.8,71.3,43.4,,53.6,54.5,27.9,65.1,0.98,155.0,,0,1847.0,1570.0,7800.0,9850.0,,0.35,0.33,659,1037.03,DATA_UNAVAILABLE,0,0.0,72.7,167.7,TIMING 강점,,RSI 과열,캐리 재계산 실패: legacy snapshot,CRITICAL,75.3,기타 금속 가공제품 제조업,8063110728.0,90.1,529.64,0,0,-17.08,3.97,1582.14,1310.18,642.9,660.9,1307.49,634.75,646.23,0.008,0.008,1,12.0,0,0,2.01,0.59,0,0,0,1,1,3327.9,614.38,0.9553,False,X,▼,5298,▲,X,X,-2.29,234,0,1,1,1,12450.0,enter,100.0,NORMAL+WARN:ATR%=34.2% > 20% — 이상치 의심+PM_BLOCK_INTRADAY+EF:정상,15.0,6.0,21.5,normal,7.0,v1_sl_first_gap_at_open,NORMAL+WARN:ATR%=34.2% > 20% — 이상치 의심+PM_BLOCK_INTRADAY+EF:정상,SWING_20D,80,FIBO_1.272,40,FIBO_1.618,25,0.0,기타 금속 가공제품 제조업,-2.0155000000000003,15.429833333333333,5.0,0.0821550463188688,0.156191458037083,0.2727272727272727,OK,43.4,OK,46.5,46.5,4,1,0.4,0.4,0.2,STRUCT+TIMING+AI+SECTOR,default,60,20260612,20260515.0,,56.7,56.7,56.7,8.15,8.15,CARRY_LEGACY,0.351,,False,0.3,True,MATURE,6271.0,21.491,0.816,0.816,0.0,0.0,,v22_calibrated,,,,20260515.0,14.0,True,30.0,True,65.6,,ELITE_SCORE,MATURE,9296,2.4.0,OK,,100.0,ATTACK,OK,OK,OK,OK,OK,OK,OK,0,7,True,True,True,"analyze_returned_none(ohlcv_len=371,mcap=779,in_top=True)",1,ORANGE,C_ORANGE,STRUCT < 90 + VWAP_GAP > 15% 강한 과열,0.0,AVOID,0,진입괴리 155.0% · RR 0.98 · 이격도 168↑ + 음봉,0,1,0,0,,0.0,이격도168>15,100.0,GREEN,,,0,False,0,HOLDING_MANAGE,TOP_PICK=0,VWAP/POC 과열,5.0,HOLDING_MANAGE,HOLDING_MANAGE,FX_HIGH_REGIME,1,0,0,1,0,0,0,0,0,CLEAR,,,0,0,0,0,0.0,HOLDING_MANAGE,0.0,AVOID,,0.0,0.0,0.0,0.0,0.0,REJECT_NO_VALIDATED_RULE,4710.0,0.0,DEAD,1.0,보유 14일차 · 손익 +0.0% · 청산 검토,True,True,False,True,True,True,True,True,0.0,0.0,45.0,0.0,0.0,0.0,0.0,0.0,45.0,1.0,False,False,False,0,False,8.6,0.16,G3보유경과-45,,0,0,0,,8.6,0,,False,0.0,0.0,False,,True,True,,0
465,261780,차백신연구소,KOSDAQ,기타,3960,808.12,1065.8,0.0,,CARRY,CARRY,7,False,0,False,0.0,53.0,55.8,54.7,43.0,,50.4,51.2,12.8,84.0,1.07,10.3,밸런스우수 + RR1.1,0,3590.0,3050.0,4930.0,6720.0,,1.36,2.73,4249,-5.16,DATA_UNAVAILABLE,1,0.72,59.3,14.97,STRUCT 강점,TIMING 보조,,캐리 재계산 실패: legacy snapshot,CRITICAL,75.3,자연과학 및 공학 연구개발업,80812164964.0,52.7,50.82,1,0,22.79,6.02,36.55,6.17,59.68,44.0,12.04,64.31,14.84,0.402,0.308,0,12.0,1,0,1.95,0.55,0,0,0,1,1,2517.0,-6.81,0.0572,False,O,▲,3428,▲,O,X,0.0,250,0,1,1,1,7930.0,hold,0.0,NORMAL+PM_BLOCK_INTRADAY+EF:당일 15%+ 급등 진입 보류+ENTRY:hold,15.04,6.0,2.5,normal,7.0,v1_sl_first_gap_at_open,NORMAL+PM_BLOCK_INTRADAY+EF:당일 15%+ 급등 진입 보류+ENTRY:hold,SWING_20D,80,SWING_60D,60,FIBO_1.272,40,0.0,자연과학 및 공학 연구개발업,3.9775,-6.289196428571429,6.0,0.1554834054834054,0.1809800078823867,0.2110091743119266,OK,43.0,OK,48.66829312842732,48.66829312842732,10,1,0.55,0.25,0.2,STRUCT+TIMING+AI+SECTOR,default,50,20260612,20260527.0,,53.0,53.0,53.0,30.46,-4.63,CARRY_LEGACY,0.351,,False,0.3,True,MATURE,7572.0,2.481,0.852,0.852,0.0,0.0,,v22_calibrated,,,,20260527.0,2.0,False,0.0,True,24.5,,ELITE_SCORE,MATURE,9296,2.4.0,OK,,100.0,ATTACK,OK,OK,OK,OK,OK,OK,OK,0,7,True,True,True,"analyze_returned_none(ohlcv_len=371,mcap=813,in_top=True)",0,GREEN,,,0.0,AVOID,0,진입괴리 10.3% · RR 1.07,0,0,0,0,,0.0,T=55<70 · S=56≥50,100.0,GREEN,,,0,False,0,HOLDING_MANAGE,TOP_PICK=0,,10.0,HOLDING_MANAGE,HOLDING_MANAGE,FX_HIGH_REGIME,1,0,0,1,0,0,0,0,0,CLEAR,,,0,0,0,0,0.0,HOLDING_MANAGE,0.0,AVOID,,0.0,0.0,0.0,0.0,0.0,REJECT_NO_VALIDATED_RULE,3960.0,0.0,FRESH,0.0,,True,True,True,True,True,True,True,True,0.0,0.0,0.0,0.0,0.0,0.0,0.0,0.0,0.0,1.0,False,False,False,1,True,50.4,1.0,,,0,0,0,,50.4,0,,False,0.0,0.0,False,,False,True,,0
466,041910,폴라리스AI파마,KOSDAQ,바이오·의약품,7540,157.19,1001.6,0.0,,CARRY,CARRY,7,False,0,False,0.0,54.8,71.2,46.7,20.0,,41.3,46.0,51.2,36.0,1.45,1.5,RR1.4 + 진입적정,0,7430.0,6350.0,9260.0,10200.0,,0.04,1.27,8168,-4.14,DATA_UNAVAILABLE,5,0.88,64.4,4.94,STRUCT 강점,,,캐리 재계산 실패: legacy snapshot,CRITICAL,75.3,의약품 제조업,15719466740.0,87.8,13.54,1,0,3.29,0.0,8.65,7.71,13.55,18.93,2.74,-1.52,-8.19,0.432,0.432,0,12.0,1,0,9.06,0.3,0,0,0,1,1,6741.0,-7.7,-0.1032,False,O,▲,7509,▲,O,X,1.37,250,0,1,1,1,11400.0,enter,100.0,NORMAL+PM_BLOCK_INTRADAY+EF:정상,14.54,6.0,1.7,normal,7.0,v1_sl_first_gap_at_open,NORMAL+PM_BLOCK_INTRADAY+EF:정상,SWING_20D,80,SWING_60D,60,FIBO_1.272,40,0.0,의약품 제조업,3.473333333333333,-7.112222222222223,15.0,0.0850701023114816,0.1511373990379747,0.6710526315789473,OK,20.0,OK,46.0,46.0,8,1,0.55,0.25,0.2,STRUCT+TIMING+AI+SECTOR,default,50,20260612,20260514.0,,54.8,54.8,54.8,15.07,15.07,CARRY_LEGACY,0.351,,False,0.3,True,MATURE,6098.0,1.694,0.814,0.814,0.0,0.0,,v22_calibrated,,,,20260514.0,15.0,True,32.0,True,22.8,,ELITE_SCORE,MATURE,9296,2.4.0,OK,,100.0,ATTACK,OK,OK,OK,OK,OK,OK,OK,0,7,True,True,True,"analyze_returned_none(ohlcv_len=371,mcap=711,in_top=True)",0,GREEN,,,75.0,BUY,1,,0,0,0,0,,0.0,T=47<70 · S=71≥50,100.0,GREEN,,,0,False,0,ENTRY_READY_BUT_NOT_TOP_PICK,TOP_PICK=0,진입조건은 양호하나 공식 Top Pick 아님,50.0,ENTRY_CLEAN_OBSERVE,ENTRY_CLEAN_OBSERVE,FX_HIGH_REGIME,1,0,0,1,0,0,0,0,0,CLEAR,,,0,0,0,0,0.0,ENTRY_CLEAN_OBSERVE,1.0,BUY,,0.0,0.0,0.0,0.0,0.0,REJECT_NO_VALIDATED_RULE,7540.0,0.0,DEAD,1.0,보유 15일차 · 손익 +0.0% · 청산 검토,True,True,False,True,True,True,True,True,0.0,0.0,45.0,0.0,0.0,0.0,0.0,0.0,45.0,1.0,False,False,False,2,False,0.0,0.0,G3보유경과-45,,0,0,0,,0.0,0,,False,0.0,0.0,False,,False,True,,0
467,299660,셀리드,KOSDAQ,기타,3450,295.65,1017.9,0.0,,CARRY,CARRY,7,False,0,False,0.0,50.3,96.9,0.0,57.7,,34.8,51.5,96.9,0.0,2.22,2.4,RR2.2,0,3370.0,2860.0,4760.0,4990.0,,0.95,2.98,3553,-3.4,DATA_UNAVAILABLE,0,31.52,59.1,10.18,STRUCT 강점,,,캐리 재계산 실패: legacy snapshot,CRITICAL,75.3,자연과학 및 공학 연구개발업,29564558992.0,76.9,57.3,0,0,10.93,6.81,1.47,45.88,9.0,2.53,39.31,-10.9,-33.3,0.466,0.466,0,12.0,1,0,2.53,0.47,0,0,0,1,-1,4101.0,-2.92,-0.1181,False,O,▲,3181,▼,O,X,2.41,250,0,1,1,1,5440.0,split,50.0,NORMAL+PM_BLOCK_INTRADAY+EF:당일 10%+ 급등 분할 진입+ENTRY:split,15.13,6.0,2.7,normal,7.0,v1_sl_first_gap_at_open,NORMAL+PM_BLOCK_INTRADAY+EF:당일 10%+ 급등 분할 진입+ENTRY:split,SWING_20D,80,ATR_3.5x,45,FIBO_1.272,40,0.0,자연과학 및 공학 연구개발업,3.8636936936936936,18.73603603603604,7.0,,,,,57.7,OK,7.815505696462442,7.815505696462442,6,1,0.4,0.4,0.2,STRUCT+TIMING+AI+SECTOR,default,70,20260612,20260508.0,,50.3,50.3,50.3,19.9,19.9,CARRY_LEGACY,0.351,,False,0.3,True,MATURE,5320.0,2.725,0.965,0.965,0.0,0.0,,v22_calibrated,,default,default,20260508.0,21.0,True,35.0,True,38.0,,ELITE_SCORE,MATURE,9296,2.4.0,OK,,100.0,ATTACK,OK,OK,OK,OK,OK,OK,OK,0,7,True,True,True,"analyze_returned_none(ohlcv_len=371,mcap=748,in_top=True)",0,GREEN,,,85.0,BUY,1,,0,0,0,0,,0.0,T=0<70 · S=97≥50,100.0,GREEN,,,0,False,0,ENTRY_READY_BUT_NOT_TOP_PICK,TOP_PICK=0,진입조건은 양호하나 공식 Top Pick 아님,50.0,ENTRY_CLEAN_OBSERVE,ENTRY_CLEAN_OBSERVE,FX_HIGH_REGIME,1,0,0,1,0,0,0,0,0,CLEAR,,,0,0,0,0,0.0,ENTRY_CLEAN_OBSERVE,1.0,BUY,,0.0,0.0,0.0,0.0,0.0,REJECT_NO_VALIDATED_RULE,3450.0,0.0,DEAD,1.0,보유 21일차 · 손익 +0.0% · 청산 검토,True,False,False,True,False,True,True,True,0.0,0.0,45.0,0.0,20.0,0.0,0.0,0.0,65.0,0.3,False,True,False,4,False,0.0,0.0,G2RR×0.3 · G3보유경과-45 · G5추세붕괴4축,,0,0,0,,0.0,0,,False,0.0,0.0,False,,False,True,,0
468,084650,랩지노믹스,KOSDAQ,기타,1370,272.34,1017.1,0.0,,CARRY,CARRY,7,False,0,False,0.0,37.0,48.8,19.0,26.8,,27.7,31.5,29.8,62.8,1.39,1.9,RR1.4 + 진입적정,0,1344.0,1142.0,1687.0,1798.0,⚡눌림회복,0.95,2.84,1534,-23.79,DATA_UNAVAILABLE,1,1.22,52.2,1.0,,,,캐리 재계산 실패: legacy snapshot,CRITICAL,75.3,자연과학 및 공학 연구개발업,27233540115.0,80.6,22.17,1,0,7.03,-1.08,10.48,-17.32,-16.36,-38.43,-7.21,-7.87,-56.83,0.765,0.285,0,12.0,0,0,1.83,0.31,0,0,0,1,-1,1505.0,-10.74,-0.1445,False,X,▼,1332,▲,O,X,0.08,250,0,-1,-1,1,1983.0,enter,100.0,NORMAL+PM_BLOCK_INTRADAY+EF:정상,15.03,6.0,1.7,normal,7.0,v1_sl_first_gap_at_open,NORMAL+PM_BLOCK_INTRADAY+EF:정상,SWING_20D,80,VP_RESISTANCE,65,SWING_60D,60,0.0,자연과학 및 공학 연구개발업,-5.444672897196262,-1.6923364485981311,4.0,0.1002606882168926,0.1067339079734194,0.5741626794258373,OK,26.8,OK,22.5,22.5,8,1,0.55,0.25,0.2,STRUCT+TIMING+AI+SECTOR,default,50,20260612,20260520.0,,37.0,37.0,37.0,24.11,-8.49,CARRY_LEGACY,0.351,,False,0.3,True,MATURE,6770.0,1.698,0.846,0.846,0.0,0.0,,v22_calibrated,,,,20260520.0,9.0,True,18.0,True,23.1,,ELITE_SCORE,MATURE,9296,2.4.0,OK,,100.0,ATTACK,OK,OK,OK,OK,OK,OK,OK,0,7,True,True,True,"analyze_returned_none(ohlcv_len=371,mcap=800,in_top=True)",0,GREEN,,,90.0,BUY,1,,0,0,0,0,,0.0,T=19<70,100.0,GREEN,,,0,False,0,ENTRY_READY_BUT_NOT_TOP_PICK,TOP_PICK=0,진입조건은 양호하나 공식 Top Pick 아님,50.0,ENTRY_CLEAN_OBSERVE,ENTRY_CLEAN_OBSERVE,FX_HIGH_REGIME,1,0,0,1,0,0,0,0,0,CLEAR,,,0,0,0,0,0.0,ENTRY_CLEAN_OBSERVE,1.0,BUY,,0.0,0.0,0.0,0.0,0.0,REJECT_NO_VALIDATED_RULE,1370.0,0.0,STALE,0.0,보유 9일차 · 손익 +0.0% · 보유관리 주의,True,False,False,True,False,True,True,True,0.0,0.0,25.0,0.0,20.0,0.0,0.0,0.0,45.0,0.5,False,True,False,3,False,0.0,0.0,G2RR×0.5 · G3보유경과-25 · G5추세붕괴3축,,0,0,0,,0.0,0,,False,0.0,0.0,False,,False,True,,0
469,071090,하이스틸,KOSPI,철강·금속,4990,120.35,1007.6,93.0,42.6,CARRY,CARRY,7,False,0,False,0.0,78.3,95.2,57.7,85.9,,20.7,79.6,37.5,53.1,0.61,9.9,,0,4540.0,3860.0,5680.0,6090.0,,2.04,0.48,4542,7.34,DATA_UNAVAILABLE,0,28.42,66.2,15.35,STRUCT 강점,AI 보조,,캐리 재계산 실패: legacy snapshot,CRITICAL,75.3,1차 철강 제조업,12035374887.0,91.7,42.38,0,0,-4.77,9.07,8.83,40.56,33.78,23.21,33.07,11.1,-17.62,0.022,0.022,1,12.0,1,0,3.42,0.7,0,0,0,1,1,3898.5,9.86,0.1059,False,O,▲,4805,▲,O,X,0.0,250,0,1,1,1,6380.0,enter,100.0,NORMAL+PM_BLOCK_INTRADAY+EF:정상,14.98,6.0,1.7,normal,7.0,v1_sl_first_gap_at_open,NORMAL+PM_BLOCK_INTRADAY+EF:정상,SWING_20D,80,ATR_3.5x,45,FIBO_1.272,40,0.0,1차 철강 제조업,16.336451612903225,29.83225806451613,2.0,,,,,85.9,OK,27.5,27.5,6,1,0.4,0.4,0.2,STRUCT+TIMING+AI+SECTOR,default,60,20260612,20260429.0,,78.3,78.3,78.3,22.68,22.68,CARRY_LEGACY,0.351,,False,0.3,True,MATURE,4401.0,1.676,0.983,0.983,0.0426,425682.0,93.0,v22_calibrated,,default,default,20260429.0,30.0,True,35.0,True,13.8,,ELITE_SCORE,MATURE,9296,2.4.0,OK,,100.0,ATTACK,OK,OK,OK,OK,OK,OK,OK,0,7,True,True,True,"analyze_returned_none(ohlcv_len=371,mcap=641,in_top=True)",0,GREEN,,,0.0,AVOID,0,진입괴리 9.9% · RR 0.61 · 이격도 15↑ + 음봉,0,0,0,0,,0.0,T=58<70 · S=95≥50,100.0,GREEN,,,0,False,0,HOLDING_MANAGE,TOP_PICK=0,,20.0,HOLDING_MANAGE,HOLDING_MANAGE,FX_HIGH_REGIME,1,0,0,1,0,0,0,0,0,CLEAR,,,0,0,0,0,0.0,HOLDING_MANAGE,0.0,AVOID,,0.0,0.0,0.0,0.0,0.0,REJECT_NO_VALIDATED_RULE,4990.0,0.0,DEAD,1.0,보유 30일차 · 손익 +0.0% · 청산 검토,True,True,False,True,True,True,True,True,0.0,0.0,45.0,0.0,0.0,0.0,0.0,0.0,45.0,1.0,False,False,False,0,False,0.0,0.0,G3보유경과-45,,0,0,0,,0.0,0,,False,0.0,0.0,False,,False,True,,0
470,006140,피제이전자,KOSDAQ,,6750,50.0,1003.4,,,CARRY,CARRY,7,False,0,False,0.0,20.7,20.8,0.0,46.4,,15.8,22.4,46.4,42.0,1.54,1.5,RR1.5 + 진입적정,0,6650.0,5680.0,8400.0,8740.0,,-1.52,0.35,7212,-18.55,DATA_UNAVAILABLE,1,-13.18,46.2,-4.53,,,저점 이탈,캐리 재계산 실패: legacy snapshot,CRITICAL,75.3,의료용 기기 제조업,5000000000.0,71.9,25.36,0,0,3.37,-7.15,-11.65,-4.93,-12.45,34.19,-3.24,-12.12,-1.39,0.872,0.048,0,12.0,0,0,1.27,0.33,0,0,0,0,-1,8230.0,-6.42,-0.3048,False,X,▲,6686,▼,O,X,0.15,250,0,1,1,1,12250.0,enter,100.0,NORMAL+PM_BLOCK_INTRADAY+EF:정상,14.59,6.0,1.8,normal,7.0,v1_sl_first_gap_at_open,NORMAL+PM_BLOCK_INTRADAY+EF:정상,SWING_20D,80,ATR_3.5x,45,SWING_120D,45,,,,,,0.0883597883597883,-0.001280926597797,0.064516129032258,OK,46.4,OK,10.5,10.5,4,1,0.55,0.25,0.2,STRUCT+TIMING+AI,,50,20260612,,,,,,,,CARRY_LEGACY,0.351,,False,0.3,True,,,,,,,,,,,,,20260513.0,16.0,True,35.0,True,24.4,,ELITE_SCORE,MATURE,9296,2.4.0,OK,,100.0,ATTACK,OK,OK,OK,OK,OK,OK,OK,0,7,True,True,True,"analyze_returned_none(ohlcv_len=371,mcap=748,in_top=True)",0,GREEN,,,90.0,BUY,1,,0,0,0,0,,0.0,T=0<70,100.0,GREEN,,,0,False,0,ENTRY_READY_BUT_NOT_TOP_PICK,TOP_PICK=0,진입조건은 양호하나 공식 Top Pick 아님,50.0,ENTRY_CLEAN_OBSERVE,ENTRY_CLEAN_OBSERVE,FX_HIGH_REGIME,1,0,0,1,0,0,0,0,0,CLEAR,,,0,0,0,0,0.0,ENTRY_CLEAN_OBSERVE,1.0,BUY,,0.0,0.0,0.0,0.0,0.0,REJECT_NO_VALIDATED_RULE,8000.0,-15.625,DEAD,1.0,보유 16일차 · 손익 -15.6% · 강한 청산 검토,True,False,False,True,False,True,True,True,0.0,0.0,45.0,0.0,20.0,0.0,0.0,0.0,65.0,0.3,False,True,False,5,False,0.0,0.0,G2RR×0.3 · G3보유경과-45 · G5추세붕괴5축,,0,0,0,,0.0,0,,False,0.0,0.0,False,,False,True,,0
471,208370,셀바스헬스케어,KOSDAQ,,3900,50.0,1003.9,,,CARRY,CARRY,7,False,0,False,0.0,7.9,0.0,16.5,18.8,,11.6,11.8,18.8,76.5,1.55,1.6,RR1.6 + 진입적정,0,3840.0,3460.0,4580.0,5780.0,,-0.25,0.84,4648,-34.88,DATA_UNAVAILABLE,0,-12.07,33.9,-4.34,거래품질 우수,,MFI 약세,캐리 재계산 실패: legacy snapshot,CRITICAL,75.3,의료용 기기 제조업,5000000000.0,24.7,28.28,0,0,4.56,3.04,-5.57,-11.66,-27.1,-6.92,-9.97,-26.77,-42.5,0.998,0.032,0,10.7,0,0,4.44,0.33,0,0,0,0,-1,4315.5,-16.1,0.2002,False,X,▼,3646,▼,O,X,2.68,250,0,-1,-1,1,5990.0,enter,100.0,NORMAL+PM_BLOCK_INTRADAY+EF:정상,9.9,6.0,1.9,normal,7.0,v1_sl_first_gap_at_open,NORMAL+PM_BLOCK_INTRADAY+EF:정상,SWING_20D,80,SWING_60D,60,VP_RESISTANCE,50,,,,,,0.0536630036630036,-0.003108607874493,0.1944444444444444,OK,18.8,OK,28.34877949057674,28.34877949057674,4,1,0.55,0.25,0.2,STRUCT+TIMING+AI,,50,20260612,,,,,,,,CARRY_LEGACY,0.351,,False,0.3,True,,,,,,,,,,,,,20260409.0,50.0,True,35.0,True,17.4,,ELITE_SCORE,MATURE,9296,2.4.0,OK,,100.0,ATTACK,OK,OK,OK,OK,OK,OK,OK,0,7,True,True,True,"analyze_returned_none(ohlcv_len=371,mcap=840,in_top=True)",0,GREEN,,,90.0,BUY,1,,0,0,0,0,,0.0,T=16<70,100.0,GREEN,,,0,False,0,ENTRY_READY_BUT_NOT_TOP_PICK,TOP_PICK=0,진입조건은 양호하나 공식 Top Pick 아님,50.0,ENTRY_CLEAN_OBSERVE,ENTRY_CLEAN_OBSERVE,FX_HIGH_REGIME,1,0,0,1,0,0,0,0,0,CLEAR,,,0,0,0,0,0.0,ENTRY_CLEAN_OBSERVE,1.0,BUY,,0.0,0.0,0.0,0.0,0.0,REJECT_NO_VALIDATED_RULE,4300.0,-9.30232558139535,DEAD,1.0,보유 50일차 · 손익 -9.3% · 강한 청산 검토,True,False,False,True,False,True,True,True,0.0,0.0,45.0,0.0,20.0,0.0,0.0,0.0,65.0,0.5,False,True,False,4,False,0.0,0.0,G2RR×0.5 · G3보유경과-45 · G5추세붕괴4축,,0,0,0,,0.0,0,,False,0.0,0.0,False,,False,True,,0
472,013360,일성건설,KOSDAQ,,1855,50.0,1002.2,,,CARRY,CARRY,7,False,0,False,0.0,11.6,14.6,0.0,28.8,,10.7,14.5,28.8,64.0,3.72,1.5,RR3.7 + 진입적정,0,1827.0,1699.0,2435.0,2830.0,,-0.89,1.53,2015,-18.2,DATA_UNAVAILABLE,0,-5.91,23.2,-7.3,거래품질 우수,,저점 이탈,캐리 재계산 실패: legacy snapshot,CRITICAL,75.3,토목 건설업,5000000000.0,49.6,21.54,0,0,5.88,-5.31,-10.17,1.15,-11.88,49.84,-5.42,-31.78,14.01,0.826,0.115,0,9.9,0,0,2.46,0.15,0,0,0,0,1,1737.5,-7.96,-0.188,False,X,▼,1840,▼,O,X,3.54,250,0,-1,1,1,3015.0,enter,100.0,SWING+PM_BLOCK_INTRADAY+EF:정상,7.01,6.0,4.8,normal,7.0,v1_sl_first_gap_at_open,SWING+PM_BLOCK_INTRADAY+EF:정상,SWING_20D,80,SWING_120D,45,FIBO_1.618,25,,,,,,,,,,28.8,OK,8.5,8.5,2,0,0.4,0.4,0.2,STRUCT+TIMING+AI,,60,20260612,,,,,,,,CARRY_LEGACY,0.351,,False,0.3,True,,,,,,,,,,,,,20260410.0,49.0,True,35.0,True,31.3,,ELITE_SCORE,MATURE,9296,2.4.0,OK,,100.0,ATTACK,OK,OK,OK,OK,OK,OK,OK,0,7,True,True,True,"analyze_returned_none(ohlcv_len=371,mcap=680,in_top=True)",0,GREEN,,,90.0,BUY,1,,0,0,0,0,,0.0,T=0<70,100.0,GREEN,,,0,False,0,ENTRY_READY_BUT_NOT_TOP_PICK,TOP_PICK=0,진입조건은 양호하나 공식 Top Pick 아님,45.0,ENTRY_CLEAN_OBSERVE,ENTRY_CLEAN_OBSERVE,FX_HIGH_REGIME,1,0,0,1,0,0,0,0,0,CLEAR,,,0,0,0,0,0.0,ENTRY_CLEAN_OBSERVE,1.0,BUY,,0.0,0.0,0.0,0.0,0.0,REJECT_NO_VALIDATED_RULE,2130.0,-12.910798122065728,DEAD,1.0,보유 49일차 · 손익 -12.9% · 강한 청산 검토,True,False,False,True,False,True,True,True,0.0,0.0,45.0,0.0,20.0,0.0,0.0,0.0,65.0,0.3,False,True,False,4,False,0.0,0.0,G2RR×0.3 · G3보유경과-45 · G5추세붕괴4축,,0,0,0,,0.0,0,,False,0.0,0.0,False,,False,True,,0
473,037440,희림,KOSDAQ,서비스 기타,7460,685.73,1038.6,0.0,,CARRY,CARRY,7,False,0,False,0.0,80.6,95.0,73.2,66.5,,0.0,78.2,28.5,64.4,0.0,16.4,,0,6410.0,5440.0,7460.0,8080.0,,3.61,2.82,6141,22.23,DATA_UNAVAILABLE,0,31.63,70.1,22.23,STRUCT 강점,TIMING 보조,RSI 과열,캐리 재계산 실패: legacy snapshot,CRITICAL,75.3,"건축기술, 엔지니어링 및 관련 기술 서비스업",68572700025.0,83.9,24.63,0,0,29.97,23.1,17.3,78.26,70.9,81.73,71.69,51.0,45.9,0.0,0.0,1,12.0,0,0,2.63,1.0,0,0,0,1,1,5457.0,21.46,0.0534,False,O,▲,6111,▲,O,X,8.01,250,1,1,1,1,8500.0,hold,0.0,NORMAL+PM_BLOCK_INTRADAY+EF:당일 15%+ 급등 진입 보류+ENTRY:hold,15.13,6.0,1.1,normal,7.0,v1_sl_first_gap_at_open,NORMAL+PM_BLOCK_INTRADAY+EF:당일 15%+ 급등 진입 보류+ENTRY:hold,SWING_20D,80,ATR_3.5x,45,FIBO_1.272,40,0.0,"건축기술, 엔지니어링 및 관련 기술 서비스업",3.970857142857143,20.20542857142857,9.0,,,,,66.5,OK,60.50363147899031,60.50363147899031,6,1,0.4,0.4,0.2,STRUCT+TIMING+AI+SECTOR,default,60,20260612,20260507.0,,80.6,80.6,80.6,19.9,19.9,CARRY_LEGACY,0.351,,False,0.3,True,MATURE,5320.0,1.082,1.056,1.056,0.0,0.0,,v22_calibrated,,default,default,20260507.0,22.0,True,35.0,True,0.0,,ELITE_SCORE,MATURE,9296,2.4.0,OK,,100.0,ATTACK,OK,OK,OK,OK,OK,OK,OK,0,7,True,True,True,"analyze_returned_none(ohlcv_len=371,mcap=777,in_top=True)",0,GREEN,,,0.0,AVOID,0,진입괴리 16.4% · RR 0.00 · VWAP 21↑,0,0,0,0,,0.0,S=95≥50 · 이격도22>15,100.0,GREEN,,,0,False,0,HOLDING_MANAGE,TOP_PICK=0,,20.0,HOLDING_MANAGE,HOLDING_MANAGE,FX_HIGH_REGIME,1,0,0,1,0,0,0,0,0,CLEAR,,,0,0,0,0,0.0,HOLDING_MANAGE,0.0,AVOID,,0.0,0.0,0.0,0.0,0.0,REJECT_NO_VALIDATED_RULE,7460.0,0.0,DEAD,1.0,보유 22일차 · 손익 +0.0% · 청산 검토,True,True,False,True,True,True,True,True,0.0,0.0,45.0,0.0,0.0,0.0,0.0,0.0,45.0,1.0,False,False,False,0,False,0.0,0.0,G3보유경과-45,,0,0,0,,0.0,0,,False,0.0,0.0,False,,False,True,,0
