LDY_RANK,종목코드,종목명,시장,업종_대분류,종가,거래대금(억원),시가총액(억원),켈리_수량,추천금액(만원),상태,ROUTE,IS_ACTIVE,IS_NOW_ENTRY,IS_WATCH,DISPLAY_SCORE,FINAL_SCORE,STRUCT_SCORE,TIMING_SCORE,AI_SCORE,NEWS_SCORE,추천매수가,손절가,추천매도가1,추천매도가2,TRIGGER,V_POWER,거래강도,VWAP,POC_GAP,NEWS_REASON,TTM_SQUEEZE_CNT,Low_Trend_PCT,RSI14,이격도,업종,거래대금(원),MFI14,BB_BW,TTM_SQUEEZE,BB_SQUEEZE_BW,ret_1d_%,ret_5d_%,ret_10d_%,ret_20d_%,ret_60d_%,ret_120d_%,rel_20d_%,rel_60d_%,rel_120d_%,RES_RATIO,RES_RATIO_NEAR,IS_ABOVE_POC,NEAR_THRES,RSI_Rising,BB_Expanding,Vol_Quality,Range_Pos,EXEC_RULE_ID,STOP_PCT,MAX_LOSS_PCT,RR_MULT,STOP_REASON,ENTRY_ACTION,POSITION_PCT,Above_MA20,SUPERTREND_DIR,SUPERTREND_VAL,VWAP_GAP,MACD_Slope_PCT,IS_SWING_SUPPORT,주봉20선_상회,주봉추세,HMA20,HMA_Trend,HMA_On,OBV_Div,외인순매수,기관순매수,메이저순매수,개인순매수,업종_상세,SECTOR_RET_5D,SECTOR_RS,SECTOR_RANK,ML_SCORE,TRIGGER_SCORE,RAW_TRIGGER_SCORE,EBS,PASS_EBS,STRATEGY,STRATEGY_SCORE,STRATEGY_HORIZON,기준일,시총기준일,LDY_SCORE,TOTAL_SCORE,RANK_SCORE,벤치_60d_KOSPI_%,벤치_60d_KOSDAQ_%,EST_WIN_RATE,CAL_HOLD_REASON,LOW_WR_FLAG,켈리_금액(원),추천수량,CONFIG_SNAPSHOT,CONFIG_VERSION
1,389470,인벤티지랩,KOSDAQ,기타,91000,431.41,0.0,0,,WAIT,WAIT,False,False,True,84.4,84.4,73.3,100.0,75.6,0.0,80300.0,76200.0,92600.0,94700.0,,1.63,2.17,82526,16.22,,1,4.23,67.5,18.97,자연과학 및 공학 연구개발업,43141000000.0,88.9,35.16,0,0,-2.78,22.48,28.9,11.11,47.73,104.95,,,,0.046,0.046,1,12.0,1,0,1.33,0.71,v1_sl_first_gap_at_open,5.11,5.0,3.0,NORMAL+PM_BLOCK_INTRADAY+EST_MCAP+EF:정상,enter,100.0,1,1,70400.0,10.27,0.5413,False,O,▲,83478,▲,O,X,0,0,0,0.0,자연과학 및 공학 연구개발업,0.5794594594594594,,,75.6,79.5,79.5,8,1,default,default,default,20260303,20260303,84.4,84.4,84.4,,,0.644,,False,0,,"{""lookback_days"": 250, ""bench_lookback_days"": 60, ""top_n"": 600, ""min_turnover_eok"": 50, ""min_mcap_eok"": 1000, ""max_workers"": 4, ""pass_ebs"": 4, ""cache_format"": ""parquet"", ""rsi_low"": 45.0, ""rsi_high"": 65.0, ""rsi_overheat"": 75.0, ""bb_period"": 20, ""bb_std"": 2.0, ""bb_squeeze_bw"": 10.0, ""kc_period"": 20, ""kc_atr_period"": 20, ""kc_mult"": 1.5, ""bonus_bb_squeeze_score"": 3.0, ""bonus_bb_squeeze_entry"": 4.0, ""trigger_dist_wick_high"": 0.35, ""trigger_dist_wick_mid"": 0.25, ""trigger_ret_pct_dist"": 5.0, ""trigger_ret_pct_weak"": 3.0, ""trigger_range_pos_weak"": 0.6, ""trigger_vol_ratio_spike"": 3.0, ""mtf_struct_bonus"": 10.0, ""mtf_struct_penalty"": 15.0, ""mtf_min_weekly_bars"": 26, ""mtf_min_monthly_bars"": 12, ""w_rr"": 0.25, ""w_t1"": 0.18, ""w_sl"": 0.12, ""w_near"": 0.12, ""w_mom"": 0.1, ""w_liq"": 0.13, ""w_tec"": 0.1, ""w_sector"": 0.05, ""p_overheat_5d"": 6.0, ""p_overheat_10d"": 6.0, ""p_rsi_out"": 4.0, ""p_macd_neg"": 4.0, ""p_near_far"": 4.0, ""p_liq_low"": 4.0, ""p_vol_spike"": 2.0, ""p_big_sl"": 3.0, ""fx_caution"": 1470.0, ""fx_critical"": 1490.0, ""nasdaq_caution"": -1.5, ""nasdaq_critical"": -2.5, ""rec_limit_default"": 5, ""rec_limit_caution"": 3, ""ml_low"": 5.0, ""ml_high"": 25.0, ""ml_max_weight"": 0.2, ""ml_cov_gate"": 0.2, ""trim_pct"": 0.1, ""ebs_pass_threshold"": 3, ""macro_weights"": {""CRITICAL"": [0.55, 0.25], ""HIGH"": [0.5, 0.3], ""NORMAL"": [0.4, 0.4]}, ""slippage_base_bps"": 10.0, ""slippage_low_liq_mult"": 3.0, ""slippage_liq_threshold_eok"": 20.0, ""liq_penalty_very_low_eok"": 5.0, ""liq_penalty_very_low_pts"": 8.0, ""liq_penalty_low_eok"": 10.0, ""liq_penalty_low_pts"": 4.0, ""time_stop_days"": 7, ""time_stop_min_move_pct"": 2.0, ""time_stop_extend_if_profit"": true, ""config_version"": ""2.0.0"", ""_snapshot_ts"": ""2026-03-04T16:47:26.891632""}",2.0.0
2,475830,오름테라퓨틱,KOSDAQ,기타,109300,649.6,0.0,0,,WAIT,WAIT,False,False,True,83.2,83.2,65.8,100.0,84.6,0.0,134200.0,128800.0,150400.0,153100.0,🚀급등시동,1.15,1.44,105799,319.72,,3,2.12,60.8,13.43,기초 의약물질 제조업,64960000000.0,69.0,26.67,0,0,2.99,2.68,12.02,14.51,135.44,422.18,,,,0.029,0.029,1,12.0,1,0,1.1,0.84,v1_sl_first_gap_at_open,4.02,4.0,3.0,NORMAL+PM_BLOCK_INTRADAY+EST_MCAP+EF:정상,enter,100.0,1,-1,134630.0,26.84,0.1561,False,O,▲,126861,▲,O,X,0,0,0,0.0,기초 의약물질 제조업,0.5794594594594594,,,84.6,84.0,84.0,8,1,default,default,default,20260303,20260303,83.2,83.2,83.2,,,0.632,,False,0,,"{""lookback_days"": 250, ""bench_lookback_days"": 60, ""top_n"": 600, ""min_turnover_eok"": 50, ""min_mcap_eok"": 1000, ""max_workers"": 4, ""pass_ebs"": 4, ""cache_format"": ""parquet"", ""rsi_low"": 45.0, ""rsi_high"": 65.0, ""rsi_overheat"": 75.0, ""bb_period"": 20, ""bb_std"": 2.0, ""bb_squeeze_bw"": 10.0, ""kc_period"": 20, ""kc_atr_period"": 20, ""kc_mult"": 1.5, ""bonus_bb_squeeze_score"": 3.0, ""bonus_bb_squeeze_entry"": 4.0, ""trigger_dist_wick_high"": 0.35, ""trigger_dist_wick_mid"": 0.25, ""trigger_ret_pct_dist"": 5.0, ""trigger_ret_pct_weak"": 3.0, ""trigger_range_pos_weak"": 0.6, ""trigger_vol_ratio_spike"": 3.0, ""mtf_struct_bonus"": 10.0, ""mtf_struct_penalty"": 15.0, ""mtf_min_weekly_bars"": 26, ""mtf_min_monthly_bars"": 12, ""w_rr"": 0.25, ""w_t1"": 0.18, ""w_sl"": 0.12, ""w_near"": 0.12, ""w_mom"": 0.1, ""w_liq"": 0.13, ""w_tec"": 0.1, ""w_sector"": 0.05, ""p_overheat_5d"": 6.0, ""p_overheat_10d"": 6.0, ""p_rsi_out"": 4.0, ""p_macd_neg"": 4.0, ""p_near_far"": 4.0, ""p_liq_low"": 4.0, ""p_vol_spike"": 2.0, ""p_big_sl"": 3.0, ""fx_caution"": 1470.0, ""fx_critical"": 1490.0, ""nasdaq_caution"": -1.5, ""nasdaq_critical"": -2.5, ""rec_limit_default"": 5, ""rec_limit_caution"": 3, ""ml_low"": 5.0, ""ml_high"": 25.0, ""ml_max_weight"": 0.2, ""ml_cov_gate"": 0.2, ""trim_pct"": 0.1, ""ebs_pass_threshold"": 3, ""macro_weights"": {""CRITICAL"": [0.55, 0.25], ""HIGH"": [0.5, 0.3], ""NORMAL"": [0.4, 0.4]}, ""slippage_base_bps"": 10.0, ""slippage_low_liq_mult"": 3.0, ""slippage_liq_threshold_eok"": 20.0, ""liq_penalty_very_low_eok"": 5.0, ""liq_penalty_very_low_pts"": 8.0, ""liq_penalty_low_eok"": 10.0, ""liq_penalty_low_pts"": 4.0, ""time_stop_days"": 7, ""time_stop_min_move_pct"": 2.0, ""time_stop_extend_if_profit"": true, ""config_version"": ""2.0.0"", ""_snapshot_ts"": ""2026-03-04T16:47:26.891632""}",2.0.0
3,420770,기가비스,KOSDAQ,조선·기계·설비,65400,162.56,0.0,0,,WAIT,WAIT,False,False,True,82.7,82.7,82.2,93.0,63.0,0.0,64400.0,61100.0,74300.0,76000.0,,1.94,1.31,51734,95.86,,0,6.51,66.4,19.11,특수 목적용 기계 제조업,16256000000.0,71.7,40.77,0,0,1.39,15.87,20.26,32.25,110.98,170.37,,,,0.018,0.018,1,12.0,0,0,1.92,0.82,v1_sl_first_gap_at_open,5.12,5.0,3.0,NORMAL+PM_BLOCK_INTRADAY+EST_MCAP+EF:정상,enter,100.0,1,1,56900.0,41.11,0.2309,False,O,▲,68898,▲,O,X,0,0,0,0.0,특수 목적용 기계 제조업,-1.14,,,63.0,69.98541593615681,69.98541593615681,8,1,default,default,default,20260303,20260303,82.7,82.7,82.7,,,0.627,,False,0,,"{""lookback_days"": 250, ""bench_lookback_days"": 60, ""top_n"": 600, ""min_turnover_eok"": 50, ""min_mcap_eok"": 1000, ""max_workers"": 4, ""pass_ebs"": 4, ""cache_format"": ""parquet"", ""rsi_low"": 45.0, ""rsi_high"": 65.0, ""rsi_overheat"": 75.0, ""bb_period"": 20, ""bb_std"": 2.0, ""bb_squeeze_bw"": 10.0, ""kc_period"": 20, ""kc_atr_period"": 20, ""kc_mult"": 1.5, ""bonus_bb_squeeze_score"": 3.0, ""bonus_bb_squeeze_entry"": 4.0, ""trigger_dist_wick_high"": 0.35, ""trigger_dist_wick_mid"": 0.25, ""trigger_ret_pct_dist"": 5.0, ""trigger_ret_pct_weak"": 3.0, ""trigger_range_pos_weak"": 0.6, ""trigger_vol_ratio_spike"": 3.0, ""mtf_struct_bonus"": 10.0, ""mtf_struct_penalty"": 15.0, ""mtf_min_weekly_bars"": 26, ""mtf_min_monthly_bars"": 12, ""w_rr"": 0.25, ""w_t1"": 0.18, ""w_sl"": 0.12, ""w_near"": 0.12, ""w_mom"": 0.1, ""w_liq"": 0.13, ""w_tec"": 0.1, ""w_sector"": 0.05, ""p_overheat_5d"": 6.0, ""p_overheat_10d"": 6.0, ""p_rsi_out"": 4.0, ""p_macd_neg"": 4.0, ""p_near_far"": 4.0, ""p_liq_low"": 4.0, ""p_vol_spike"": 2.0, ""p_big_sl"": 3.0, ""fx_caution"": 1470.0, ""fx_critical"": 1490.0, ""nasdaq_caution"": -1.5, ""nasdaq_critical"": -2.5, ""rec_limit_default"": 5, ""rec_limit_caution"": 3, ""ml_low"": 5.0, ""ml_high"": 25.0, ""ml_max_weight"": 0.2, ""ml_cov_gate"": 0.2, ""trim_pct"": 0.1, ""ebs_pass_threshold"": 3, ""macro_weights"": {""CRITICAL"": [0.55, 0.25], ""HIGH"": [0.5, 0.3], ""NORMAL"": [0.4, 0.4]}, ""slippage_base_bps"": 10.0, ""slippage_low_liq_mult"": 3.0, ""slippage_liq_threshold_eok"": 20.0, ""liq_penalty_very_low_eok"": 5.0, ""liq_penalty_very_low_pts"": 8.0, ""liq_penalty_low_eok"": 10.0, ""liq_penalty_low_pts"": 4.0, ""time_stop_days"": 7, ""time_stop_min_move_pct"": 2.0, ""time_stop_extend_if_profit"": true, ""config_version"": ""2.0.0"", ""_snapshot_ts"": ""2026-03-04T16:47:26.891632""}",2.0.0
4,489790,한화비전,KOSPI,IT/전기전자,67500,1111.24,0.0,29,222.7,ARMED,ARMED,True,False,False,78.4,78.4,84.2,70.5,82.7,0.0,75800.0,72700.0,85100.0,86700.0,,1.41,0.66,59791,44.36,,0,13.93,61.1,14.22,통신 및 방송 장비 제조업,111124000000.0,85.3,55.57,0,0,-11.24,22.46,28.26,36.09,74.86,42.21,,,,0.034,0.034,1,12.0,1,0,2.0,0.56,v1_sl_first_gap_at_open,4.09,4.0,3.0,NORMAL+PM_BLOCK_INTRADAY+EST_MCAP+EF:정상,enter,100.0,1,1,62770.0,26.77,0.3933,False,O,▲,78173,▲,X,X,0,0,0,0.0,통신 및 방송 장비 제조업,-4.951904761904761,,,82.7,50.309252056869326,50.309252056869326,8,1,default,default,default,20260303,20260303,78.4,78.4,78.4,,,0.584,,False,2226666,29.0,"{""lookback_days"": 250, ""bench_lookback_days"": 60, ""top_n"": 600, ""min_turnover_eok"": 50, ""min_mcap_eok"": 1000, ""max_workers"": 4, ""pass_ebs"": 4, ""cache_format"": ""parquet"", ""rsi_low"": 45.0, ""rsi_high"": 65.0, ""rsi_overheat"": 75.0, ""bb_period"": 20, ""bb_std"": 2.0, ""bb_squeeze_bw"": 10.0, ""kc_period"": 20, ""kc_atr_period"": 20, ""kc_mult"": 1.5, ""bonus_bb_squeeze_score"": 3.0, ""bonus_bb_squeeze_entry"": 4.0, ""trigger_dist_wick_high"": 0.35, ""trigger_dist_wick_mid"": 0.25, ""trigger_ret_pct_dist"": 5.0, ""trigger_ret_pct_weak"": 3.0, ""trigger_range_pos_weak"": 0.6, ""trigger_vol_ratio_spike"": 3.0, ""mtf_struct_bonus"": 10.0, ""mtf_struct_penalty"": 15.0, ""mtf_min_weekly_bars"": 26, ""mtf_min_monthly_bars"": 12, ""w_rr"": 0.25, ""w_t1"": 0.18, ""w_sl"": 0.12, ""w_near"": 0.12, ""w_mom"": 0.1, ""w_liq"": 0.13, ""w_tec"": 0.1, ""w_sector"": 0.05, ""p_overheat_5d"": 6.0, ""p_overheat_10d"": 6.0, ""p_rsi_out"": 4.0, ""p_macd_neg"": 4.0, ""p_near_far"": 4.0, ""p_liq_low"": 4.0, ""p_vol_spike"": 2.0, ""p_big_sl"": 3.0, ""fx_caution"": 1470.0, ""fx_critical"": 1490.0, ""nasdaq_caution"": -1.5, ""nasdaq_critical"": -2.5, ""rec_limit_default"": 5, ""rec_limit_caution"": 3, ""ml_low"": 5.0, ""ml_high"": 25.0, ""ml_max_weight"": 0.2, ""ml_cov_gate"": 0.2, ""trim_pct"": 0.1, ""ebs_pass_threshold"": 3, ""macro_weights"": {""CRITICAL"": [0.55, 0.25], ""HIGH"": [0.5, 0.3], ""NORMAL"": [0.4, 0.4]}, ""slippage_base_bps"": 10.0, ""slippage_low_liq_mult"": 3.0, ""slippage_liq_threshold_eok"": 20.0, ""liq_penalty_very_low_eok"": 5.0, ""liq_penalty_very_low_pts"": 8.0, ""liq_penalty_low_eok"": 10.0, ""liq_penalty_low_pts"": 4.0, ""time_stop_days"": 7, ""time_stop_min_move_pct"": 2.0, ""time_stop_extend_if_profit"": true, ""config_version"": ""2.0.0"", ""_snapshot_ts"": ""2026-03-04T16:47:26.891632""}",2.0.0
5,304360,에스바이오메딕스,KOSDAQ,바이오·의약품,31850,70.27,0.0,0,,WAIT,WAIT,False,False,True,76.0,76.0,86.8,69.7,66.8,0.0,37350.0,35450.0,43050.0,44000.0,,-0.12,2.08,34076,46.57,,0,15.59,68.4,5.75,의약품 제조업,7027000000.0,68.8,28.12,0,0,-2.1,-1.45,7.17,7.33,45.9,101.46,,,,0.111,0.111,1,12.0,1,0,1.42,0.68,v1_sl_first_gap_at_open,5.09,5.0,3.0,NORMAL+PM_BLOCK_INTRADAY+EST_MCAP+EF:정상,enter,100.0,1,1,31165.0,9.61,-0.1601,False,O,▲,39050,▲,X,X,0,0,0,0.0,의약품 제조업,-2.533333333333333,,,66.8,54.99126876541858,54.99126876541858,6,1,default,default,default,20260303,20260303,76.0,76.0,76.0,,,0.56,,False,0,,"{""lookback_days"": 250, ""bench_lookback_days"": 60, ""top_n"": 600, ""min_turnover_eok"": 50, ""min_mcap_eok"": 1000, ""max_workers"": 4, ""pass_ebs"": 4, ""cache_format"": ""parquet"", ""rsi_low"": 45.0, ""rsi_high"": 65.0, ""rsi_overheat"": 75.0, ""bb_period"": 20, ""bb_std"": 2.0, ""bb_squeeze_bw"": 10.0, ""kc_period"": 20, ""kc_atr_period"": 20, ""kc_mult"": 1.5, ""bonus_bb_squeeze_score"": 3.0, ""bonus_bb_squeeze_entry"": 4.0, ""trigger_dist_wick_high"": 0.35, ""trigger_dist_wick_mid"": 0.25, ""trigger_ret_pct_dist"": 5.0, ""trigger_ret_pct_weak"": 3.0, ""trigger_range_pos_weak"": 0.6, ""trigger_vol_ratio_spike"": 3.0, ""mtf_struct_bonus"": 10.0, ""mtf_struct_penalty"": 15.0, ""mtf_min_weekly_bars"": 26, ""mtf_min_monthly_bars"": 12, ""w_rr"": 0.25, ""w_t1"": 0.18, ""w_sl"": 0.12, ""w_near"": 0.12, ""w_mom"": 0.1, ""w_liq"": 0.13, ""w_tec"": 0.1, ""w_sector"": 0.05, ""p_overheat_5d"": 6.0, ""p_overheat_10d"": 6.0, ""p_rsi_out"": 4.0, ""p_macd_neg"": 4.0, ""p_near_far"": 4.0, ""p_liq_low"": 4.0, ""p_vol_spike"": 2.0, ""p_big_sl"": 3.0, ""fx_caution"": 1470.0, ""fx_critical"": 1490.0, ""nasdaq_caution"": -1.5, ""nasdaq_critical"": -2.5, ""rec_limit_default"": 5, ""rec_limit_caution"": 3, ""ml_low"": 5.0, ""ml_high"": 25.0, ""ml_max_weight"": 0.2, ""ml_cov_gate"": 0.2, ""trim_pct"": 0.1, ""ebs_pass_threshold"": 3, ""macro_weights"": {""CRITICAL"": [0.55, 0.25], ""HIGH"": [0.5, 0.3], ""NORMAL"": [0.4, 0.4]}, ""slippage_base_bps"": 10.0, ""slippage_low_liq_mult"": 3.0, ""slippage_liq_threshold_eok"": 20.0, ""liq_penalty_very_low_eok"": 5.0, ""liq_penalty_very_low_pts"": 8.0, ""liq_penalty_low_eok"": 10.0, ""liq_penalty_low_pts"": 4.0, ""time_stop_days"": 7, ""time_stop_min_move_pct"": 2.0, ""time_stop_extend_if_profit"": true, ""config_version"": ""2.0.0"", ""_snapshot_ts"": ""2026-03-04T16:47:26.891632""}",2.0.0
6,476060,온코닉테라퓨틱스,KOSDAQ,기타,17340,293.04,0.0,94,193.6,ARMED,ARMED,True,False,False,74.0,74.0,90.1,56.6,76.4,0.0,20550.0,19520.0,23650.0,24200.0,,0.62,0.86,20365,90.9,,0,12.81,59.5,5.28,자연과학 및 공학 연구개발업,29304000000.0,75.4,57.84,0,0,-12.55,4.95,14.74,6.2,-0.96,208.47,,,,0.141,0.136,1,12.0,1,0,2.86,0.36,v1_sl_first_gap_at_open,5.01,5.0,3.0,NORMAL+PM_BLOCK_INTRADAY+EST_MCAP+EF:정상,enter,100.0,1,-1,28830.0,0.91,-0.2084,False,O,▲,23835,▲,X,X,0,0,0,0.0,자연과학 및 공학 연구개발업,0.5794594594594594,,,76.4,48.82859626677894,48.82859626677894,6,1,default,default,default,20260303,20260303,74.0,74.0,74.0,,,0.54,,False,1935806,94.0,"{""lookback_days"": 250, ""bench_lookback_days"": 60, ""top_n"": 600, ""min_turnover_eok"": 50, ""min_mcap_eok"": 1000, ""max_workers"": 4, ""pass_ebs"": 4, ""cache_format"": ""parquet"", ""rsi_low"": 45.0, ""rsi_high"": 65.0, ""rsi_overheat"": 75.0, ""bb_period"": 20, ""bb_std"": 2.0, ""bb_squeeze_bw"": 10.0, ""kc_period"": 20, ""kc_atr_period"": 20, ""kc_mult"": 1.5, ""bonus_bb_squeeze_score"": 3.0, ""bonus_bb_squeeze_entry"": 4.0, ""trigger_dist_wick_high"": 0.35, ""trigger_dist_wick_mid"": 0.25, ""trigger_ret_pct_dist"": 5.0, ""trigger_ret_pct_weak"": 3.0, ""trigger_range_pos_weak"": 0.6, ""trigger_vol_ratio_spike"": 3.0, ""mtf_struct_bonus"": 10.0, ""mtf_struct_penalty"": 15.0, ""mtf_min_weekly_bars"": 26, ""mtf_min_monthly_bars"": 12, ""w_rr"": 0.25, ""w_t1"": 0.18, ""w_sl"": 0.12, ""w_near"": 0.12, ""w_mom"": 0.1, ""w_liq"": 0.13, ""w_tec"": 0.1, ""w_sector"": 0.05, ""p_overheat_5d"": 6.0, ""p_overheat_10d"": 6.0, ""p_rsi_out"": 4.0, ""p_macd_neg"": 4.0, ""p_near_far"": 4.0, ""p_liq_low"": 4.0, ""p_vol_spike"": 2.0, ""p_big_sl"": 3.0, ""fx_caution"": 1470.0, ""fx_critical"": 1490.0, ""nasdaq_caution"": -1.5, ""nasdaq_critical"": -2.5, ""rec_limit_default"": 5, ""rec_limit_caution"": 3, ""ml_low"": 5.0, ""ml_high"": 25.0, ""ml_max_weight"": 0.2, ""ml_cov_gate"": 0.2, ""trim_pct"": 0.1, ""ebs_pass_threshold"": 3, ""macro_weights"": {""CRITICAL"": [0.55, 0.25], ""HIGH"": [0.5, 0.3], ""NORMAL"": [0.4, 0.4]}, ""slippage_base_bps"": 10.0, ""slippage_low_liq_mult"": 3.0, ""slippage_liq_threshold_eok"": 20.0, ""liq_penalty_very_low_eok"": 5.0, ""liq_penalty_very_low_pts"": 8.0, ""liq_penalty_low_eok"": 10.0, ""liq_penalty_low_pts"": 4.0, ""time_stop_days"": 7, ""time_stop_min_move_pct"": 2.0, ""time_stop_extend_if_profit"": true, ""config_version"": ""2.0.0"", ""_snapshot_ts"": ""2026-03-04T16:47:26.891632""}",2.0.0
7,450080,에코프로머티,KOSPI,2차전지,55300,2489.19,0.0,27,187.3,ARMED,ARMED,True,False,False,73.1,73.1,79.1,86.0,35.1,0.0,67800.0,65000.0,76200.0,77600.0,,0.02,2.94,66554,3.24,,4,4.6,52.2,0.38,일차전지 및 이차전지 제조업,248919000000.0,59.0,16.68,1,0,-5.7,3.51,6.6,-9.12,16.9,34.26,,,,0.274,0.274,1,12.0,0,0,1.4,0.38,v1_sl_first_gap_at_open,4.13,4.0,3.0,NORMAL+PM_BLOCK_INTRADAY+EST_MCAP+EF:정상,enter,100.0,1,1,58710.0,1.87,0.1303,False,O,▲,69304,▲,X,X,0,0,0,0.0,일차전지 및 이차전지 제조업,-1.538,,,35.1,63.0,63.0,10,1,default,default,default,20260303,20260303,73.1,73.1,73.1,,,0.531,,False,1873333,27.0,"{""lookback_days"": 250, ""bench_lookback_days"": 60, ""top_n"": 600, ""min_turnover_eok"": 50, ""min_mcap_eok"": 1000, ""max_workers"": 4, ""pass_ebs"": 4, ""cache_format"": ""parquet"", ""rsi_low"": 45.0, ""rsi_high"": 65.0, ""rsi_overheat"": 75.0, ""bb_period"": 20, ""bb_std"": 2.0, ""bb_squeeze_bw"": 10.0, ""kc_period"": 20, ""kc_atr_period"": 20, ""kc_mult"": 1.5, ""bonus_bb_squeeze_score"": 3.0, ""bonus_bb_squeeze_entry"": 4.0, ""trigger_dist_wick_high"": 0.35, ""trigger_dist_wick_mid"": 0.25, ""trigger_ret_pct_dist"": 5.0, ""trigger_ret_pct_weak"": 3.0, ""trigger_range_pos_weak"": 0.6, ""trigger_vol_ratio_spike"": 3.0, ""mtf_struct_bonus"": 10.0, ""mtf_struct_penalty"": 15.0, ""mtf_min_weekly_bars"": 26, ""mtf_min_monthly_bars"": 12, ""w_rr"": 0.25, ""w_t1"": 0.18, ""w_sl"": 0.12, ""w_near"": 0.12, ""w_mom"": 0.1, ""w_liq"": 0.13, ""w_tec"": 0.1, ""w_sector"": 0.05, ""p_overheat_5d"": 6.0, ""p_overheat_10d"": 6.0, ""p_rsi_out"": 4.0, ""p_macd_neg"": 4.0, ""p_near_far"": 4.0, ""p_liq_low"": 4.0, ""p_vol_spike"": 2.0, ""p_big_sl"": 3.0, ""fx_caution"": 1470.0, ""fx_critical"": 1490.0, ""nasdaq_caution"": -1.5, ""nasdaq_critical"": -2.5, ""rec_limit_default"": 5, ""rec_limit_caution"": 3, ""ml_low"": 5.0, ""ml_high"": 25.0, ""ml_max_weight"": 0.2, ""ml_cov_gate"": 0.2, ""trim_pct"": 0.1, ""ebs_pass_threshold"": 3, ""macro_weights"": {""CRITICAL"": [0.55, 0.25], ""HIGH"": [0.5, 0.3], ""NORMAL"": [0.4, 0.4]}, ""slippage_base_bps"": 10.0, ""slippage_low_liq_mult"": 3.0, ""slippage_liq_threshold_eok"": 20.0, ""liq_penalty_very_low_eok"": 5.0, ""liq_penalty_very_low_pts"": 8.0, ""liq_penalty_low_eok"": 10.0, ""liq_penalty_low_pts"": 4.0, ""time_stop_days"": 7, ""time_stop_min_move_pct"": 2.0, ""time_stop_extend_if_profit"": true, ""config_version"": ""2.0.0"", ""_snapshot_ts"": ""2026-03-04T16:47:26.891632""}",2.0.0
8,402490,그린리소스,KOSDAQ,반도체,10810,151.76,0.0,193,185.3,ARMED,ARMED,True,False,False,72.8,72.8,94.1,48.7,78.3,0.0,9580.0,9100.0,11020.0,11260.0,,1.19,1.42,9294,-0.22,,0,14.99,66.1,5.63,반도체 제조업,15176000000.0,90.6,23.71,0,0,3.51,4.06,1.35,9.94,26.2,-12.89,,,,0.423,0.405,0,12.0,1,0,2.25,0.65,v1_sl_first_gap_at_open,5.01,5.0,3.0,NORMAL+PM_BLOCK_INTRADAY+EST_MCAP+EF:정상,enter,100.0,1,1,8089.0,4.68,-0.185,False,O,▲,9836,▼,X,X,0,0,0,0.0,반도체 제조업,-4.504285714285715,,,78.3,56.5,56.5,6,1,default,default,default,20260303,20260303,72.8,72.8,72.8,,,0.528,,False,1853333,193.0,"{""lookback_days"": 250, ""bench_lookback_days"": 60, ""top_n"": 600, ""min_turnover_eok"": 50, ""min_mcap_eok"": 1000, ""max_workers"": 4, ""pass_ebs"": 4, ""cache_format"": ""parquet"", ""rsi_low"": 45.0, ""rsi_high"": 65.0, ""rsi_overheat"": 75.0, ""bb_period"": 20, ""bb_std"": 2.0, ""bb_squeeze_bw"": 10.0, ""kc_period"": 20, ""kc_atr_period"": 20, ""kc_mult"": 1.5, ""bonus_bb_squeeze_score"": 3.0, ""bonus_bb_squeeze_entry"": 4.0, ""trigger_dist_wick_high"": 0.35, ""trigger_dist_wick_mid"": 0.25, ""trigger_ret_pct_dist"": 5.0, ""trigger_ret_pct_weak"": 3.0, ""trigger_range_pos_weak"": 0.6, ""trigger_vol_ratio_spike"": 3.0, ""mtf_struct_bonus"": 10.0, ""mtf_struct_penalty"": 15.0, ""mtf_min_weekly_bars"": 26, ""mtf_min_monthly_bars"": 12, ""w_rr"": 0.25, ""w_t1"": 0.18, ""w_sl"": 0.12, ""w_near"": 0.12, ""w_mom"": 0.1, ""w_liq"": 0.13, ""w_tec"": 0.1, ""w_sector"": 0.05, ""p_overheat_5d"": 6.0, ""p_overheat_10d"": 6.0, ""p_rsi_out"": 4.0, ""p_macd_neg"": 4.0, ""p_near_far"": 4.0, ""p_liq_low"": 4.0, ""p_vol_spike"": 2.0, ""p_big_sl"": 3.0, ""fx_caution"": 1470.0, ""fx_critical"": 1490.0, ""nasdaq_caution"": -1.5, ""nasdaq_critical"": -2.5, ""rec_limit_default"": 5, ""rec_limit_caution"": 3, ""ml_low"": 5.0, ""ml_high"": 25.0, ""ml_max_weight"": 0.2, ""ml_cov_gate"": 0.2, ""trim_pct"": 0.1, ""ebs_pass_threshold"": 3, ""macro_weights"": {""CRITICAL"": [0.55, 0.25], ""HIGH"": [0.5, 0.3], ""NORMAL"": [0.4, 0.4]}, ""slippage_base_bps"": 10.0, ""slippage_low_liq_mult"": 3.0, ""slippage_liq_threshold_eok"": 20.0, ""liq_penalty_very_low_eok"": 5.0, ""liq_penalty_very_low_pts"": 8.0, ""liq_penalty_low_eok"": 10.0, ""liq_penalty_low_pts"": 4.0, ""time_stop_days"": 7, ""time_stop_min_move_pct"": 2.0, ""time_stop_extend_if_profit"": true, ""config_version"": ""2.0.0"", ""_snapshot_ts"": ""2026-03-04T16:47:26.891632""}",2.0.0
9,322310,오로스테크놀로지,KOSDAQ,조선·기계·설비,23550,79.38,0.0,66,181.3,ARMED,ARMED,True,False,False,72.2,72.2,68.5,85.0,54.1,0.0,27150.0,25750.0,31350.0,32050.0,,1.77,1.26,26114,1.66,,1,1.69,54.3,3.05,특수 목적용 기계 제조업,7938000000.0,69.7,20.3,1,0,-4.74,11.73,7.52,-0.18,18.04,30.22,,,,0.349,0.349,1,12.0,0,0,1.39,0.58,v1_sl_first_gap_at_open,5.16,5.0,3.0,NORMAL+PM_BLOCK_INTRADAY+EST_MCAP+EF:정상,enter,100.0,1,1,23500.0,3.97,0.4586,False,O,▼,26292,▲,O,X,0,0,0,0.0,특수 목적용 기계 제조업,-1.14,,,54.1,63.0,63.0,10,1,default,default,default,20260303,20260303,72.2,72.2,72.2,,,0.522,,False,1813333,66.0,"{""lookback_days"": 250, ""bench_lookback_days"": 60, ""top_n"": 600, ""min_turnover_eok"": 50, ""min_mcap_eok"": 1000, ""max_workers"": 4, ""pass_ebs"": 4, ""cache_format"": ""parquet"", ""rsi_low"": 45.0, ""rsi_high"": 65.0, ""rsi_overheat"": 75.0, ""bb_period"": 20, ""bb_std"": 2.0, ""bb_squeeze_bw"": 10.0, ""kc_period"": 20, ""kc_atr_period"": 20, ""kc_mult"": 1.5, ""bonus_bb_squeeze_score"": 3.0, ""bonus_bb_squeeze_entry"": 4.0, ""trigger_dist_wick_high"": 0.35, ""trigger_dist_wick_mid"": 0.25, ""trigger_ret_pct_dist"": 5.0, ""trigger_ret_pct_weak"": 3.0, ""trigger_range_pos_weak"": 0.6, ""trigger_vol_ratio_spike"": 3.0, ""mtf_struct_bonus"": 10.0, ""mtf_struct_penalty"": 15.0, ""mtf_min_weekly_bars"": 26, ""mtf_min_monthly_bars"": 12, ""w_rr"": 0.25, ""w_t1"": 0.18, ""w_sl"": 0.12, ""w_near"": 0.12, ""w_mom"": 0.1, ""w_liq"": 0.13, ""w_tec"": 0.1, ""w_sector"": 0.05, ""p_overheat_5d"": 6.0, ""p_overheat_10d"": 6.0, ""p_rsi_out"": 4.0, ""p_macd_neg"": 4.0, ""p_near_far"": 4.0, ""p_liq_low"": 4.0, ""p_vol_spike"": 2.0, ""p_big_sl"": 3.0, ""fx_caution"": 1470.0, ""fx_critical"": 1490.0, ""nasdaq_caution"": -1.5, ""nasdaq_critical"": -2.5, ""rec_limit_default"": 5, ""rec_limit_caution"": 3, ""ml_low"": 5.0, ""ml_high"": 25.0, ""ml_max_weight"": 0.2, ""ml_cov_gate"": 0.2, ""trim_pct"": 0.1, ""ebs_pass_threshold"": 3, ""macro_weights"": {""CRITICAL"": [0.55, 0.25], ""HIGH"": [0.5, 0.3], ""NORMAL"": [0.4, 0.4]}, ""slippage_base_bps"": 10.0, ""slippage_low_liq_mult"": 3.0, ""slippage_liq_threshold_eok"": 20.0, ""liq_penalty_very_low_eok"": 5.0, ""liq_penalty_very_low_pts"": 8.0, ""liq_penalty_low_eok"": 10.0, ""liq_penalty_low_pts"": 4.0, ""time_stop_days"": 7, ""time_stop_min_move_pct"": 2.0, ""time_stop_extend_if_profit"": true, ""config_version"": ""2.0.0"", ""_snapshot_ts"": ""2026-03-04T16:47:26.891632""}",2.0.0
10,323350,다원넥스뷰,KOSDAQ,조선·기계·설비,11500,67.03,0.0,130,176.0,ARMED,ARMED,True,False,False,71.4,71.4,83.6,77.6,34.7,0.0,13520.0,12830.0,15590.0,15940.0,,-1.11,1.2,9359,126.27,,0,53.65,65.8,15.99,특수 목적용 기계 제조업,6703000000.0,73.5,96.03,0,0,2.26,-12.94,15.29,77.11,148.42,122.17,,,,0.051,0.051,1,12.0,0,0,2.0,0.64,v1_sl_first_gap_at_open,5.1,5.0,3.0,NORMAL+PM_BLOCK_INTRADAY+EST_MCAP+EF:정상,enter,100.0,1,1,11858.0,59.52,-1.1929,False,O,▲,17219,▼,X,X,0,0,0,0.0,특수 목적용 기계 제조업,-1.14,,,34.7,60.0,60.0,6,1,default,default,default,20260303,20260303,71.4,71.4,71.4,,,0.514,,False,1760000,130.0,"{""lookback_days"": 250, ""bench_lookback_days"": 60, ""top_n"": 600, ""min_turnover_eok"": 50, ""min_mcap_eok"": 1000, ""max_workers"": 4, ""pass_ebs"": 4, ""cache_format"": ""parquet"", ""rsi_low"": 45.0, ""rsi_high"": 65.0, ""rsi_overheat"": 75.0, ""bb_period"": 20, ""bb_std"": 2.0, ""bb_squeeze_bw"": 10.0, ""kc_period"": 20, ""kc_atr_period"": 20, ""kc_mult"": 1.5, ""bonus_bb_squeeze_score"": 3.0, ""bonus_bb_squeeze_entry"": 4.0, ""trigger_dist_wick_high"": 0.35, ""trigger_dist_wick_mid"": 0.25, ""trigger_ret_pct_dist"": 5.0, ""trigger_ret_pct_weak"": 3.0, ""trigger_range_pos_weak"": 0.6, ""trigger_vol_ratio_spike"": 3.0, ""mtf_struct_bonus"": 10.0, ""mtf_struct_penalty"": 15.0, ""mtf_min_weekly_bars"": 26, ""mtf_min_monthly_bars"": 12, ""w_rr"": 0.25, ""w_t1"": 0.18, ""w_sl"": 0.12, ""w_near"": 0.12, ""w_mom"": 0.1, ""w_liq"": 0.13, ""w_tec"": 0.1, ""w_sector"": 0.05, ""p_overheat_5d"": 6.0, ""p_overheat_10d"": 6.0, ""p_rsi_out"": 4.0, ""p_macd_neg"": 4.0, ""p_near_far"": 4.0, ""p_liq_low"": 4.0, ""p_vol_spike"": 2.0, ""p_big_sl"": 3.0, ""fx_caution"": 1470.0, ""fx_critical"": 1490.0, ""nasdaq_caution"": -1.5, ""nasdaq_critical"": -2.5, ""rec_limit_default"": 5, ""rec_limit_caution"": 3, ""ml_low"": 5.0, ""ml_high"": 25.0, ""ml_max_weight"": 0.2, ""ml_cov_gate"": 0.2, ""trim_pct"": 0.1, ""ebs_pass_threshold"": 3, ""macro_weights"": {""CRITICAL"": [0.55, 0.25], ""HIGH"": [0.5, 0.3], ""NORMAL"": [0.4, 0.4]}, ""slippage_base_bps"": 10.0, ""slippage_low_liq_mult"": 3.0, ""slippage_liq_threshold_eok"": 20.0, ""liq_penalty_very_low_eok"": 5.0, ""liq_penalty_very_low_pts"": 8.0, ""liq_penalty_low_eok"": 10.0, ""liq_penalty_low_pts"": 4.0, ""time_stop_days"": 7, ""time_stop_min_move_pct"": 2.0, ""time_stop_extend_if_profit"": true, ""config_version"": ""2.0.0"", ""_snapshot_ts"": ""2026-03-04T16:47:26.891632""}",2.0.0
11,394800,쓰리빌리언,KOSDAQ,기타,12340,65.98,0.0,119,174.7,ARMED,ARMED,True,False,False,71.2,71.2,81.1,56.7,80.5,0.0,14600.0,13870.0,16790.0,17160.0,⚡눌림회복,-0.44,0.95,16339,75.43,,5,8.05,54.7,0.73,자연과학 및 공학 연구개발업,6598000000.0,70.4,20.01,1,0,1.04,-0.75,3.33,-1.15,18.7,147.46,,,,0.235,0.101,1,12.0,1,0,1.15,0.45,v1_sl_first_gap_at_open,5.0,5.0,3.0,NORMAL+PM_BLOCK_INTRADAY+EST_MCAP+EF:정상,enter,100.0,1,-1,16575.0,-10.65,0.0037,False,O,▲,14571,▲,O,X,0,0,0,0.0,자연과학 및 공학 연구개발업,0.5794594594594594,,,80.5,41.99444226084186,41.99444226084186,10,1,default,default,default,20260303,20260303,71.2,71.2,71.2,,,0.512,,False,1746666,119.0,"{""lookback_days"": 250, ""bench_lookback_days"": 60, ""top_n"": 600, ""min_turnover_eok"": 50, ""min_mcap_eok"": 1000, ""max_workers"": 4, ""pass_ebs"": 4, ""cache_format"": ""parquet"", ""rsi_low"": 45.0, ""rsi_high"": 65.0, ""rsi_overheat"": 75.0, ""bb_period"": 20, ""bb_std"": 2.0, ""bb_squeeze_bw"": 10.0, ""kc_period"": 20, ""kc_atr_period"": 20, ""kc_mult"": 1.5, ""bonus_bb_squeeze_score"": 3.0, ""bonus_bb_squeeze_entry"": 4.0, ""trigger_dist_wick_high"": 0.35, ""trigger_dist_wick_mid"": 0.25, ""trigger_ret_pct_dist"": 5.0, ""trigger_ret_pct_weak"": 3.0, ""trigger_range_pos_weak"": 0.6, ""trigger_vol_ratio_spike"": 3.0, ""mtf_struct_bonus"": 10.0, ""mtf_struct_penalty"": 15.0, ""mtf_min_weekly_bars"": 26, ""mtf_min_monthly_bars"": 12, ""w_rr"": 0.25, ""w_t1"": 0.18, ""w_sl"": 0.12, ""w_near"": 0.12, ""w_mom"": 0.1, ""w_liq"": 0.13, ""w_tec"": 0.1, ""w_sector"": 0.05, ""p_overheat_5d"": 6.0, ""p_overheat_10d"": 6.0, ""p_rsi_out"": 4.0, ""p_macd_neg"": 4.0, ""p_near_far"": 4.0, ""p_liq_low"": 4.0, ""p_vol_spike"": 2.0, ""p_big_sl"": 3.0, ""fx_caution"": 1470.0, ""fx_critical"": 1490.0, ""nasdaq_caution"": -1.5, ""nasdaq_critical"": -2.5, ""rec_limit_default"": 5, ""rec_limit_caution"": 3, ""ml_low"": 5.0, ""ml_high"": 25.0, ""ml_max_weight"": 0.2, ""ml_cov_gate"": 0.2, ""trim_pct"": 0.1, ""ebs_pass_threshold"": 3, ""macro_weights"": {""CRITICAL"": [0.55, 0.25], ""HIGH"": [0.5, 0.3], ""NORMAL"": [0.4, 0.4]}, ""slippage_base_bps"": 10.0, ""slippage_low_liq_mult"": 3.0, ""slippage_liq_threshold_eok"": 20.0, ""liq_penalty_very_low_eok"": 5.0, ""liq_penalty_very_low_pts"": 8.0, ""liq_penalty_low_eok"": 10.0, ""liq_penalty_low_pts"": 4.0, ""time_stop_days"": 7, ""time_stop_min_move_pct"": 2.0, ""time_stop_extend_if_profit"": true, ""config_version"": ""2.0.0"", ""_snapshot_ts"": ""2026-03-04T16:47:26.891632""}",2.0.0
12,439260,대한조선,KOSPI,조선·기계·설비,95000,899.57,0.0,0,,OVERHEAT,OVERHEAT,False,False,False,70.3,70.3,81.3,71.7,45.6,0.0,84300.0,80900.0,94500.0,96200.0,,-0.26,2.12,77461,42.85,,0,14.15,81.5,19.52,선박 및 보트 건조업,89957000000.0,87.7,51.43,0,0,-3.52,6.31,24.84,34.83,40.15,11.76,,,,0.025,0.025,1,11.3,1,0,1.98,0.74,v1_sl_first_gap_at_open,4.03,4.0,3.0,NORMAL+PM_BLOCK_INTRADAY+EST_MCAP+EF:정상,enter,100.0,1,1,82510.0,23.93,0.0612,False,O,▲,96698,▲,X,X,0,0,0,0.0,선박 및 보트 건조업,-1.14,,,45.6,69.0,69.0,6,1,default,default,default,20260303,20260303,70.3,70.3,70.3,,,0.503,,False,0,,"{""lookback_days"": 250, ""bench_lookback_days"": 60, ""top_n"": 600, ""min_turnover_eok"": 50, ""min_mcap_eok"": 1000, ""max_workers"": 4, ""pass_ebs"": 4, ""cache_format"": ""parquet"", ""rsi_low"": 45.0, ""rsi_high"": 65.0, ""rsi_overheat"": 75.0, ""bb_period"": 20, ""bb_std"": 2.0, ""bb_squeeze_bw"": 10.0, ""kc_period"": 20, ""kc_atr_period"": 20, ""kc_mult"": 1.5, ""bonus_bb_squeeze_score"": 3.0, ""bonus_bb_squeeze_entry"": 4.0, ""trigger_dist_wick_high"": 0.35, ""trigger_dist_wick_mid"": 0.25, ""trigger_ret_pct_dist"": 5.0, ""trigger_ret_pct_weak"": 3.0, ""trigger_range_pos_weak"": 0.6, ""trigger_vol_ratio_spike"": 3.0, ""mtf_struct_bonus"": 10.0, ""mtf_struct_penalty"": 15.0, ""mtf_min_weekly_bars"": 26, ""mtf_min_monthly_bars"": 12, ""w_rr"": 0.25, ""w_t1"": 0.18, ""w_sl"": 0.12, ""w_near"": 0.12, ""w_mom"": 0.1, ""w_liq"": 0.13, ""w_tec"": 0.1, ""w_sector"": 0.05, ""p_overheat_5d"": 6.0, ""p_overheat_10d"": 6.0, ""p_rsi_out"": 4.0, ""p_macd_neg"": 4.0, ""p_near_far"": 4.0, ""p_liq_low"": 4.0, ""p_vol_spike"": 2.0, ""p_big_sl"": 3.0, ""fx_caution"": 1470.0, ""fx_critical"": 1490.0, ""nasdaq_caution"": -1.5, ""nasdaq_critical"": -2.5, ""rec_limit_default"": 5, ""rec_limit_caution"": 3, ""ml_low"": 5.0, ""ml_high"": 25.0, ""ml_max_weight"": 0.2, ""ml_cov_gate"": 0.2, ""trim_pct"": 0.1, ""ebs_pass_threshold"": 3, ""macro_weights"": {""CRITICAL"": [0.55, 0.25], ""HIGH"": [0.5, 0.3], ""NORMAL"": [0.4, 0.4]}, ""slippage_base_bps"": 10.0, ""slippage_low_liq_mult"": 3.0, ""slippage_liq_threshold_eok"": 20.0, ""liq_penalty_very_low_eok"": 5.0, ""liq_penalty_very_low_pts"": 8.0, ""liq_penalty_low_eok"": 10.0, ""liq_penalty_low_pts"": 4.0, ""time_stop_days"": 7, ""time_stop_min_move_pct"": 2.0, ""time_stop_extend_if_profit"": true, ""config_version"": ""2.0.0"", ""_snapshot_ts"": ""2026-03-04T16:47:26.891632""}",2.0.0
13,417500,제이아이테크,KOSDAQ,화학·소재,4000,62.55,0.0,439,168.0,ARMED,ARMED,True,False,False,70.2,70.2,79.2,68.0,56.8,0.0,3825.0,3630.0,4410.0,4510.0,,0.94,2.06,3985,34.01,,0,4.15,71.1,19.38,기타 화학제품 제조업,6255000000.0,82.6,39.02,0,0,-8.23,20.5,26.27,32.22,34.67,45.0,,,,0.07,0.07,1,11.9,1,0,2.88,0.57,v1_sl_first_gap_at_open,5.1,5.0,3.0,NORMAL+PM_BLOCK_INTRADAY+EST_MCAP+EF:정상,enter,100.0,1,1,3991.0,9.15,0.569,False,O,▲,4038,▲,O,X,0,0,0,0.0,기타 화학제품 제조업,-2.4749999999999996,,,56.8,52.0,52.0,6,1,default,default,default,20260303,20260303,70.2,70.2,70.2,,,0.502,,False,1679999,439.0,"{""lookback_days"": 250, ""bench_lookback_days"": 60, ""top_n"": 600, ""min_turnover_eok"": 50, ""min_mcap_eok"": 1000, ""max_workers"": 4, ""pass_ebs"": 4, ""cache_format"": ""parquet"", ""rsi_low"": 45.0, ""rsi_high"": 65.0, ""rsi_overheat"": 75.0, ""bb_period"": 20, ""bb_std"": 2.0, ""bb_squeeze_bw"": 10.0, ""kc_period"": 20, ""kc_atr_period"": 20, ""kc_mult"": 1.5, ""bonus_bb_squeeze_score"": 3.0, ""bonus_bb_squeeze_entry"": 4.0, ""trigger_dist_wick_high"": 0.35, ""trigger_dist_wick_mid"": 0.25, ""trigger_ret_pct_dist"": 5.0, ""trigger_ret_pct_weak"": 3.0, ""trigger_range_pos_weak"": 0.6, ""trigger_vol_ratio_spike"": 3.0, ""mtf_struct_bonus"": 10.0, ""mtf_struct_penalty"": 15.0, ""mtf_min_weekly_bars"": 26, ""mtf_min_monthly_bars"": 12, ""w_rr"": 0.25, ""w_t1"": 0.18, ""w_sl"": 0.12, ""w_near"": 0.12, ""w_mom"": 0.1, ""w_liq"": 0.13, ""w_tec"": 0.1, ""w_sector"": 0.05, ""p_overheat_5d"": 6.0, ""p_overheat_10d"": 6.0, ""p_rsi_out"": 4.0, ""p_macd_neg"": 4.0, ""p_near_far"": 4.0, ""p_liq_low"": 4.0, ""p_vol_spike"": 2.0, ""p_big_sl"": 3.0, ""fx_caution"": 1470.0, ""fx_critical"": 1490.0, ""nasdaq_caution"": -1.5, ""nasdaq_critical"": -2.5, ""rec_limit_default"": 5, ""rec_limit_caution"": 3, ""ml_low"": 5.0, ""ml_high"": 25.0, ""ml_max_weight"": 0.2, ""ml_cov_gate"": 0.2, ""trim_pct"": 0.1, ""ebs_pass_threshold"": 3, ""macro_weights"": {""CRITICAL"": [0.55, 0.25], ""HIGH"": [0.5, 0.3], ""NORMAL"": [0.4, 0.4]}, ""slippage_base_bps"": 10.0, ""slippage_low_liq_mult"": 3.0, ""slippage_liq_threshold_eok"": 20.0, ""liq_penalty_very_low_eok"": 5.0, ""liq_penalty_very_low_pts"": 8.0, ""liq_penalty_low_eok"": 10.0, ""liq_penalty_low_pts"": 4.0, ""time_stop_days"": 7, ""time_stop_min_move_pct"": 2.0, ""time_stop_extend_if_profit"": true, ""config_version"": ""2.0.0"", ""_snapshot_ts"": ""2026-03-04T16:47:26.891632""}",2.0.0
14,456160,지투지바이오,KOSDAQ,바이오·의약품,84000,646.53,0.0,0,,WAIT,WAIT,False,False,True,69.8,69.8,87.2,68.5,37.5,0.0,100000.0,96000.0,112000.0,114000.0,,-0.05,0.77,82233,71.22,,0,16.04,64.9,10.59,의약품 제조업,64653000000.0,76.3,41.5,0,0,-7.58,2.88,12.36,17.65,18.76,81.61,,,,0.01,0.01,1,12.0,1,0,1.84,0.65,v1_sl_first_gap_at_open,4.0,4.0,3.0,NORMAL+PM_BLOCK_INTRADAY+EST_MCAP+EF:정상,enter,100.0,1,1,81945.0,21.6,0.0374,False,O,▲,104634,▲,X,X,0,0,0,0.0,의약품 제조업,-2.533333333333333,,,37.5,47.57164716971913,47.57164716971913,8,1,default,default,default,20260303,20260303,69.8,69.8,69.8,,,0.498,,False,0,,"{""lookback_days"": 250, ""bench_lookback_days"": 60, ""top_n"": 600, ""min_turnover_eok"": 50, ""min_mcap_eok"": 1000, ""max_workers"": 4, ""pass_ebs"": 4, ""cache_format"": ""parquet"", ""rsi_low"": 45.0, ""rsi_high"": 65.0, ""rsi_overheat"": 75.0, ""bb_period"": 20, ""bb_std"": 2.0, ""bb_squeeze_bw"": 10.0, ""kc_period"": 20, ""kc_atr_period"": 20, ""kc_mult"": 1.5, ""bonus_bb_squeeze_score"": 3.0, ""bonus_bb_squeeze_entry"": 4.0, ""trigger_dist_wick_high"": 0.35, ""trigger_dist_wick_mid"": 0.25, ""trigger_ret_pct_dist"": 5.0, ""trigger_ret_pct_weak"": 3.0, ""trigger_range_pos_weak"": 0.6, ""trigger_vol_ratio_spike"": 3.0, ""mtf_struct_bonus"": 10.0, ""mtf_struct_penalty"": 15.0, ""mtf_min_weekly_bars"": 26, ""mtf_min_monthly_bars"": 12, ""w_rr"": 0.25, ""w_t1"": 0.18, ""w_sl"": 0.12, ""w_near"": 0.12, ""w_mom"": 0.1, ""w_liq"": 0.13, ""w_tec"": 0.1, ""w_sector"": 0.05, ""p_overheat_5d"": 6.0, ""p_overheat_10d"": 6.0, ""p_rsi_out"": 4.0, ""p_macd_neg"": 4.0, ""p_near_far"": 4.0, ""p_liq_low"": 4.0, ""p_vol_spike"": 2.0, ""p_big_sl"": 3.0, ""fx_caution"": 1470.0, ""fx_critical"": 1490.0, ""nasdaq_caution"": -1.5, ""nasdaq_critical"": -2.5, ""rec_limit_default"": 5, ""rec_limit_caution"": 3, ""ml_low"": 5.0, ""ml_high"": 25.0, ""ml_max_weight"": 0.2, ""ml_cov_gate"": 0.2, ""trim_pct"": 0.1, ""ebs_pass_threshold"": 3, ""macro_weights"": {""CRITICAL"": [0.55, 0.25], ""HIGH"": [0.5, 0.3], ""NORMAL"": [0.4, 0.4]}, ""slippage_base_bps"": 10.0, ""slippage_low_liq_mult"": 3.0, ""slippage_liq_threshold_eok"": 20.0, ""liq_penalty_very_low_eok"": 5.0, ""liq_penalty_very_low_pts"": 8.0, ""liq_penalty_low_eok"": 10.0, ""liq_penalty_low_pts"": 4.0, ""time_stop_days"": 7, ""time_stop_min_move_pct"": 2.0, ""time_stop_extend_if_profit"": true, ""config_version"": ""2.0.0"", ""_snapshot_ts"": ""2026-03-04T16:47:26.891632""}",2.0.0
15,460860,동국제강,KOSPI,철강·금속,8200,68.7,0.0,175,164.7,ARMED,ARMED,True,False,False,69.7,69.7,88.7,63.1,45.1,0.0,9380.0,8910.0,10790.0,11030.0,,1.0,1.3,9112,8.21,,0,7.04,65.5,7.0,1차 철강 제조업,6870000000.0,86.9,22.66,0,0,-8.67,5.39,9.2,16.52,12.88,0.75,,,,0.097,0.097,1,10.7,1,0,2.04,0.38,v1_sl_first_gap_at_open,5.01,5.0,3.0,NORMAL+PM_BLOCK_INTRADAY+EST_MCAP+EF:정상,enter,100.0,1,1,8956.0,2.94,0.1853,False,O,▲,9441,▲,X,X,0,0,0,0.0,1차 철강 제조업,-5.0625,,,45.1,45.0,45.0,8,1,default,default,default,20260303,20260303,69.7,69.7,69.7,,,0.497,,False,1646666,175.0,"{""lookback_days"": 250, ""bench_lookback_days"": 60, ""top_n"": 600, ""min_turnover_eok"": 50, ""min_mcap_eok"": 1000, ""max_workers"": 4, ""pass_ebs"": 4, ""cache_format"": ""parquet"", ""rsi_low"": 45.0, ""rsi_high"": 65.0, ""rsi_overheat"": 75.0, ""bb_period"": 20, ""bb_std"": 2.0, ""bb_squeeze_bw"": 10.0, ""kc_period"": 20, ""kc_atr_period"": 20, ""kc_mult"": 1.5, ""bonus_bb_squeeze_score"": 3.0, ""bonus_bb_squeeze_entry"": 4.0, ""trigger_dist_wick_high"": 0.35, ""trigger_dist_wick_mid"": 0.25, ""trigger_ret_pct_dist"": 5.0, ""trigger_ret_pct_weak"": 3.0, ""trigger_range_pos_weak"": 0.6, ""trigger_vol_ratio_spike"": 3.0, ""mtf_struct_bonus"": 10.0, ""mtf_struct_penalty"": 15.0, ""mtf_min_weekly_bars"": 26, ""mtf_min_monthly_bars"": 12, ""w_rr"": 0.25, ""w_t1"": 0.18, ""w_sl"": 0.12, ""w_near"": 0.12, ""w_mom"": 0.1, ""w_liq"": 0.13, ""w_tec"": 0.1, ""w_sector"": 0.05, ""p_overheat_5d"": 6.0, ""p_overheat_10d"": 6.0, ""p_rsi_out"": 4.0, ""p_macd_neg"": 4.0, ""p_near_far"": 4.0, ""p_liq_low"": 4.0, ""p_vol_spike"": 2.0, ""p_big_sl"": 3.0, ""fx_caution"": 1470.0, ""fx_critical"": 1490.0, ""nasdaq_caution"": -1.5, ""nasdaq_critical"": -2.5, ""rec_limit_default"": 5, ""rec_limit_caution"": 3, ""ml_low"": 5.0, ""ml_high"": 25.0, ""ml_max_weight"": 0.2, ""ml_cov_gate"": 0.2, ""trim_pct"": 0.1, ""ebs_pass_threshold"": 3, ""macro_weights"": {""CRITICAL"": [0.55, 0.25], ""HIGH"": [0.5, 0.3], ""NORMAL"": [0.4, 0.4]}, ""slippage_base_bps"": 10.0, ""slippage_low_liq_mult"": 3.0, ""slippage_liq_threshold_eok"": 20.0, ""liq_penalty_very_low_eok"": 5.0, ""liq_penalty_very_low_pts"": 8.0, ""liq_penalty_low_eok"": 10.0, ""liq_penalty_low_pts"": 4.0, ""time_stop_days"": 7, ""time_stop_min_move_pct"": 2.0, ""time_stop_extend_if_profit"": true, ""config_version"": ""2.0.0"", ""_snapshot_ts"": ""2026-03-04T16:47:26.891632""}",2.0.0
16,358570,지아이이노베이션,KOSDAQ,기타,13260,229.62,0.0,0,,WAIT,WAIT,False,False,True,69.3,69.3,85.2,57.8,60.7,0.0,16120.0,15310.0,18550.0,18960.0,,0.83,2.02,16550,-12.39,,0,9.52,66.7,7.35,자연과학 및 공학 연구개발업,22962000000.0,73.6,20.69,0,0,-0.12,4.07,12.26,-2.3,-14.21,-3.42,,,,0.626,0.238,0,12.0,0,0,1.33,0.73,v1_sl_first_gap_at_open,5.02,5.0,3.0,NORMAL+PM_BLOCK_INTRADAY+EST_MCAP+EF:정상,enter,100.0,1,-1,16298.0,-2.6,0.0877,False,X,▼,15665,▲,O,X,0,0,0,0.0,자연과학 및 공학 연구개발업,0.5794594594594594,,,60.7,70.0,70.0,8,1,default,default,default,20260303,20260303,69.3,69.3,69.3,,,0.493,,False,0,,"{""lookback_days"": 250, ""bench_lookback_days"": 60, ""top_n"": 600, ""min_turnover_eok"": 50, ""min_mcap_eok"": 1000, ""max_workers"": 4, ""pass_ebs"": 4, ""cache_format"": ""parquet"", ""rsi_low"": 45.0, ""rsi_high"": 65.0, ""rsi_overheat"": 75.0, ""bb_period"": 20, ""bb_std"": 2.0, ""bb_squeeze_bw"": 10.0, ""kc_period"": 20, ""kc_atr_period"": 20, ""kc_mult"": 1.5, ""bonus_bb_squeeze_score"": 3.0, ""bonus_bb_squeeze_entry"": 4.0, ""trigger_dist_wick_high"": 0.35, ""trigger_dist_wick_mid"": 0.25, ""trigger_ret_pct_dist"": 5.0, ""trigger_ret_pct_weak"": 3.0, ""trigger_range_pos_weak"": 0.6, ""trigger_vol_ratio_spike"": 3.0, ""mtf_struct_bonus"": 10.0, ""mtf_struct_penalty"": 15.0, ""mtf_min_weekly_bars"": 26, ""mtf_min_monthly_bars"": 12, ""w_rr"": 0.25, ""w_t1"": 0.18, ""w_sl"": 0.12, ""w_near"": 0.12, ""w_mom"": 0.1, ""w_liq"": 0.13, ""w_tec"": 0.1, ""w_sector"": 0.05, ""p_overheat_5d"": 6.0, ""p_overheat_10d"": 6.0, ""p_rsi_out"": 4.0, ""p_macd_neg"": 4.0, ""p_near_far"": 4.0, ""p_liq_low"": 4.0, ""p_vol_spike"": 2.0, ""p_big_sl"": 3.0, ""fx_caution"": 1470.0, ""fx_critical"": 1490.0, ""nasdaq_caution"": -1.5, ""nasdaq_critical"": -2.5, ""rec_limit_default"": 5, ""rec_limit_caution"": 3, ""ml_low"": 5.0, ""ml_high"": 25.0, ""ml_max_weight"": 0.2, ""ml_cov_gate"": 0.2, ""trim_pct"": 0.1, ""ebs_pass_threshold"": 3, ""macro_weights"": {""CRITICAL"": [0.55, 0.25], ""HIGH"": [0.5, 0.3], ""NORMAL"": [0.4, 0.4]}, ""slippage_base_bps"": 10.0, ""slippage_low_liq_mult"": 3.0, ""slippage_liq_threshold_eok"": 20.0, ""liq_penalty_very_low_eok"": 5.0, ""liq_penalty_very_low_pts"": 8.0, ""liq_penalty_low_eok"": 10.0, ""liq_penalty_low_pts"": 4.0, ""time_stop_days"": 7, ""time_stop_min_move_pct"": 2.0, ""time_stop_extend_if_profit"": true, ""config_version"": ""2.0.0"", ""_snapshot_ts"": ""2026-03-04T16:47:26.891632""}",2.0.0
17,126730,코칩,KOSDAQ,IT/전기전자,16100,54.25,0.0,0,,WAIT,WAIT,False,False,True,68.5,68.5,87.2,56.2,55.7,0.0,19400.0,18430.0,22350.0,22800.0,,-1.27,0.79,17231,16.89,,0,11.44,63.9,5.77,전자부품 제조업,5425000000.0,79.0,34.22,0,0,-3.72,-10.6,7.96,8.08,53.24,66.1,,,,0.011,0.011,1,12.0,0,0,1.6,0.53,v1_sl_first_gap_at_open,5.0,5.0,3.0,NORMAL+PM_BLOCK_INTRADAY+EST_MCAP+EF:정상,enter,100.0,1,1,16705.0,12.59,-0.2123,False,O,▲,20714,▲,X,X,0,0,0,0.0,전자부품 제조업,-4.951904761904761,,,55.7,36.57166793329731,36.57166793329731,6,1,default,default,default,20260303,20260303,68.5,68.5,68.5,,,0.485,,False,0,,"{""lookback_days"": 250, ""bench_lookback_days"": 60, ""top_n"": 600, ""min_turnover_eok"": 50, ""min_mcap_eok"": 1000, ""max_workers"": 4, ""pass_ebs"": 4, ""cache_format"": ""parquet"", ""rsi_low"": 45.0, ""rsi_high"": 65.0, ""rsi_overheat"": 75.0, ""bb_period"": 20, ""bb_std"": 2.0, ""bb_squeeze_bw"": 10.0, ""kc_period"": 20, ""kc_atr_period"": 20, ""kc_mult"": 1.5, ""bonus_bb_squeeze_score"": 3.0, ""bonus_bb_squeeze_entry"": 4.0, ""trigger_dist_wick_high"": 0.35, ""trigger_dist_wick_mid"": 0.25, ""trigger_ret_pct_dist"": 5.0, ""trigger_ret_pct_weak"": 3.0, ""trigger_range_pos_weak"": 0.6, ""trigger_vol_ratio_spike"": 3.0, ""mtf_struct_bonus"": 10.0, ""mtf_struct_penalty"": 15.0, ""mtf_min_weekly_bars"": 26, ""mtf_min_monthly_bars"": 12, ""w_rr"": 0.25, ""w_t1"": 0.18, ""w_sl"": 0.12, ""w_near"": 0.12, ""w_mom"": 0.1, ""w_liq"": 0.13, ""w_tec"": 0.1, ""w_sector"": 0.05, ""p_overheat_5d"": 6.0, ""p_overheat_10d"": 6.0, ""p_rsi_out"": 4.0, ""p_macd_neg"": 4.0, ""p_near_far"": 4.0, ""p_liq_low"": 4.0, ""p_vol_spike"": 2.0, ""p_big_sl"": 3.0, ""fx_caution"": 1470.0, ""fx_critical"": 1490.0, ""nasdaq_caution"": -1.5, ""nasdaq_critical"": -2.5, ""rec_limit_default"": 5, ""rec_limit_caution"": 3, ""ml_low"": 5.0, ""ml_high"": 25.0, ""ml_max_weight"": 0.2, ""ml_cov_gate"": 0.2, ""trim_pct"": 0.1, ""ebs_pass_threshold"": 3, ""macro_weights"": {""CRITICAL"": [0.55, 0.25], ""HIGH"": [0.5, 0.3], ""NORMAL"": [0.4, 0.4]}, ""slippage_base_bps"": 10.0, ""slippage_low_liq_mult"": 3.0, ""slippage_liq_threshold_eok"": 20.0, ""liq_penalty_very_low_eok"": 5.0, ""liq_penalty_very_low_pts"": 8.0, ""liq_penalty_low_eok"": 10.0, ""liq_penalty_low_pts"": 4.0, ""time_stop_days"": 7, ""time_stop_min_move_pct"": 2.0, ""time_stop_extend_if_profit"": true, ""config_version"": ""2.0.0"", ""_snapshot_ts"": ""2026-03-04T16:47:26.891632""}",2.0.0
18,388050,지투파워,KOSDAQ,인프라·에너지,9040,106.81,0.0,145,154.0,ARMED,ARMED,True,False,False,68.1,68.1,90.7,37.8,83.4,0.0,10600.0,10070.0,12190.0,12460.0,,-0.15,0.42,10062,11.81,,0,8.54,63.4,5.79,"전동기, 발전기 및 전기 변환 · 공급 · 제어 장치 제조업",10681000000.0,78.5,44.92,0,0,-6.44,-9.01,9.84,20.45,32.67,19.5,,,,0.192,0.192,1,12.0,1,0,2.95,0.43,v1_sl_first_gap_at_open,5.0,5.0,3.0,NORMAL+PM_BLOCK_INTRADAY+EST_MCAP+EF:정상,enter,100.0,1,1,9745.0,5.34,-0.4482,False,O,▲,11807,▲,X,X,0,0,0,0.0,"전동기, 발전기 및 전기 변환 · 공급 · 제어 장치 제조업",-2.745,,,83.4,25.603509052995726,25.603509052995726,6,1,default,default,default,20260303,20260303,68.1,68.1,68.1,,,0.481,,False,1539999,145.0,"{""lookback_days"": 250, ""bench_lookback_days"": 60, ""top_n"": 600, ""min_turnover_eok"": 50, ""min_mcap_eok"": 1000, ""max_workers"": 4, ""pass_ebs"": 4, ""cache_format"": ""parquet"", ""rsi_low"": 45.0, ""rsi_high"": 65.0, ""rsi_overheat"": 75.0, ""bb_period"": 20, ""bb_std"": 2.0, ""bb_squeeze_bw"": 10.0, ""kc_period"": 20, ""kc_atr_period"": 20, ""kc_mult"": 1.5, ""bonus_bb_squeeze_score"": 3.0, ""bonus_bb_squeeze_entry"": 4.0, ""trigger_dist_wick_high"": 0.35, ""trigger_dist_wick_mid"": 0.25, ""trigger_ret_pct_dist"": 5.0, ""trigger_ret_pct_weak"": 3.0, ""trigger_range_pos_weak"": 0.6, ""trigger_vol_ratio_spike"": 3.0, ""mtf_struct_bonus"": 10.0, ""mtf_struct_penalty"": 15.0, ""mtf_min_weekly_bars"": 26, ""mtf_min_monthly_bars"": 12, ""w_rr"": 0.25, ""w_t1"": 0.18, ""w_sl"": 0.12, ""w_near"": 0.12, ""w_mom"": 0.1, ""w_liq"": 0.13, ""w_tec"": 0.1, ""w_sector"": 0.05, ""p_overheat_5d"": 6.0, ""p_overheat_10d"": 6.0, ""p_rsi_out"": 4.0, ""p_macd_neg"": 4.0, ""p_near_far"": 4.0, ""p_liq_low"": 4.0, ""p_vol_spike"": 2.0, ""p_big_sl"": 3.0, ""fx_caution"": 1470.0, ""fx_critical"": 1490.0, ""nasdaq_caution"": -1.5, ""nasdaq_critical"": -2.5, ""rec_limit_default"": 5, ""rec_limit_caution"": 3, ""ml_low"": 5.0, ""ml_high"": 25.0, ""ml_max_weight"": 0.2, ""ml_cov_gate"": 0.2, ""trim_pct"": 0.1, ""ebs_pass_threshold"": 3, ""macro_weights"": {""CRITICAL"": [0.55, 0.25], ""HIGH"": [0.5, 0.3], ""NORMAL"": [0.4, 0.4]}, ""slippage_base_bps"": 10.0, ""slippage_low_liq_mult"": 3.0, ""slippage_liq_threshold_eok"": 20.0, ""liq_penalty_very_low_eok"": 5.0, ""liq_penalty_very_low_pts"": 8.0, ""liq_penalty_low_eok"": 10.0, ""liq_penalty_low_pts"": 4.0, ""time_stop_days"": 7, ""time_stop_min_move_pct"": 2.0, ""time_stop_extend_if_profit"": true, ""config_version"": ""2.0.0"", ""_snapshot_ts"": ""2026-03-04T16:47:26.891632""}",2.0.0
19,310210,보로노이,KOSDAQ,기타,283500,488.1,0.0,0,,OVERHEAT,OVERHEAT,False,False,False,67.3,67.3,70.5,57.8,79.9,0.0,259000.0,245500.0,299500.0,306500.0,,1.22,1.33,222660,48.04,,0,4.3,82.9,33.05,자연과학 및 공학 연구개발업,48810000000.0,76.4,68.12,0,0,-1.94,16.73,50.8,50.46,39.28,165.59,,,,0.017,0.017,1,12.0,0,0,1.02,0.85,v1_sl_first_gap_at_open,5.21,5.0,3.0,NORMAL+PM_BLOCK_INTRADAY+EST_MCAP+EF:정상,enter,100.0,1,1,262950.0,47.31,0.3936,False,O,▲,308373,▲,O,X,0,0,0,0.0,자연과학 및 공학 연구개발업,0.5794594594594594,,,79.9,56.19365192397996,56.19365192397996,4,1,default,default,default,20260303,20260303,67.3,67.3,67.3,,,0.473,,False,0,,"{""lookback_days"": 250, ""bench_lookback_days"": 60, ""top_n"": 600, ""min_turnover_eok"": 50, ""min_mcap_eok"": 1000, ""max_workers"": 4, ""pass_ebs"": 4, ""cache_format"": ""parquet"", ""rsi_low"": 45.0, ""rsi_high"": 65.0, ""rsi_overheat"": 75.0, ""bb_period"": 20, ""bb_std"": 2.0, ""bb_squeeze_bw"": 10.0, ""kc_period"": 20, ""kc_atr_period"": 20, ""kc_mult"": 1.5, ""bonus_bb_squeeze_score"": 3.0, ""bonus_bb_squeeze_entry"": 4.0, ""trigger_dist_wick_high"": 0.35, ""trigger_dist_wick_mid"": 0.25, ""trigger_ret_pct_dist"": 5.0, ""trigger_ret_pct_weak"": 3.0, ""trigger_range_pos_weak"": 0.6, ""trigger_vol_ratio_spike"": 3.0, ""mtf_struct_bonus"": 10.0, ""mtf_struct_penalty"": 15.0, ""mtf_min_weekly_bars"": 26, ""mtf_min_monthly_bars"": 12, ""w_rr"": 0.25, ""w_t1"": 0.18, ""w_sl"": 0.12, ""w_near"": 0.12, ""w_mom"": 0.1, ""w_liq"": 0.13, ""w_tec"": 0.1, ""w_sector"": 0.05, ""p_overheat_5d"": 6.0, ""p_overheat_10d"": 6.0, ""p_rsi_out"": 4.0, ""p_macd_neg"": 4.0, ""p_near_far"": 4.0, ""p_liq_low"": 4.0, ""p_vol_spike"": 2.0, ""p_big_sl"": 3.0, ""fx_caution"": 1470.0, ""fx_critical"": 1490.0, ""nasdaq_caution"": -1.5, ""nasdaq_critical"": -2.5, ""rec_limit_default"": 5, ""rec_limit_caution"": 3, ""ml_low"": 5.0, ""ml_high"": 25.0, ""ml_max_weight"": 0.2, ""ml_cov_gate"": 0.2, ""trim_pct"": 0.1, ""ebs_pass_threshold"": 3, ""macro_weights"": {""CRITICAL"": [0.55, 0.25], ""HIGH"": [0.5, 0.3], ""NORMAL"": [0.4, 0.4]}, ""slippage_base_bps"": 10.0, ""slippage_low_liq_mult"": 3.0, ""slippage_liq_threshold_eok"": 20.0, ""liq_penalty_very_low_eok"": 5.0, ""liq_penalty_very_low_pts"": 8.0, ""liq_penalty_low_eok"": 10.0, ""liq_penalty_low_pts"": 4.0, ""time_stop_days"": 7, ""time_stop_min_move_pct"": 2.0, ""time_stop_extend_if_profit"": true, ""config_version"": ""2.0.0"", ""_snapshot_ts"": ""2026-03-04T16:47:26.891632""}",2.0.0
20,376900,로킷헬스케어,KOSDAQ,기타,64800,670.46,0.0,0,,WAIT,WAIT,False,False,True,65.8,65.8,81.4,58.8,48.8,0.0,64300.0,61700.0,72100.0,73400.0,🚀급등시동,0.5,2.05,68897,103.41,,0,8.07,68.3,19.39,의료용품 및 기타 의약 관련제품 제조업,67046000000.0,79.7,33.25,0,0,7.34,15.48,12.98,10.26,-7.7,397.62,,,,0.078,0.078,1,12.0,1,0,1.87,0.83,v1_sl_first_gap_at_open,4.04,4.0,3.0,NORMAL+PM_BLOCK_INTRADAY+EST_MCAP+EF:정상,enter,100.0,1,1,54930.0,6.1,0.3377,False,O,▲,65293,▲,O,X,0,0,0,0.0,의료용품 및 기타 의약 관련제품 제조업,0.5794594594594594,,,48.8,44.0,44.0,8,1,default,default,default,20260303,20260303,65.8,65.8,65.8,,,0.458,,False,0,,"{""lookback_days"": 250, ""bench_lookback_days"": 60, ""top_n"": 600, ""min_turnover_eok"": 50, ""min_mcap_eok"": 1000, ""max_workers"": 4, ""pass_ebs"": 4, ""cache_format"": ""parquet"", ""rsi_low"": 45.0, ""rsi_high"": 65.0, ""rsi_overheat"": 75.0, ""bb_period"": 20, ""bb_std"": 2.0, ""bb_squeeze_bw"": 10.0, ""kc_period"": 20, ""kc_atr_period"": 20, ""kc_mult"": 1.5, ""bonus_bb_squeeze_score"": 3.0, ""bonus_bb_squeeze_entry"": 4.0, ""trigger_dist_wick_high"": 0.35, ""trigger_dist_wick_mid"": 0.25, ""trigger_ret_pct_dist"": 5.0, ""trigger_ret_pct_weak"": 3.0, ""trigger_range_pos_weak"": 0.6, ""trigger_vol_ratio_spike"": 3.0, ""mtf_struct_bonus"": 10.0, ""mtf_struct_penalty"": 15.0, ""mtf_min_weekly_bars"": 26, ""mtf_min_monthly_bars"": 12, ""w_rr"": 0.25, ""w_t1"": 0.18, ""w_sl"": 0.12, ""w_near"": 0.12, ""w_mom"": 0.1, ""w_liq"": 0.13, ""w_tec"": 0.1, ""w_sector"": 0.05, ""p_overheat_5d"": 6.0, ""p_overheat_10d"": 6.0, ""p_rsi_out"": 4.0, ""p_macd_neg"": 4.0, ""p_near_far"": 4.0, ""p_liq_low"": 4.0, ""p_vol_spike"": 2.0, ""p_big_sl"": 3.0, ""fx_caution"": 1470.0, ""fx_critical"": 1490.0, ""nasdaq_caution"": -1.5, ""nasdaq_critical"": -2.5, ""rec_limit_default"": 5, ""rec_limit_caution"": 3, ""ml_low"": 5.0, ""ml_high"": 25.0, ""ml_max_weight"": 0.2, ""ml_cov_gate"": 0.2, ""trim_pct"": 0.1, ""ebs_pass_threshold"": 3, ""macro_weights"": {""CRITICAL"": [0.55, 0.25], ""HIGH"": [0.5, 0.3], ""NORMAL"": [0.4, 0.4]}, ""slippage_base_bps"": 10.0, ""slippage_low_liq_mult"": 3.0, ""slippage_liq_threshold_eok"": 20.0, ""liq_penalty_very_low_eok"": 5.0, ""liq_penalty_very_low_pts"": 8.0, ""liq_penalty_low_eok"": 10.0, ""liq_penalty_low_pts"": 4.0, ""time_stop_days"": 7, ""time_stop_min_move_pct"": 2.0, ""time_stop_extend_if_profit"": true, ""config_version"": ""2.0.0"", ""_snapshot_ts"": ""2026-03-04T16:47:26.891632""}",2.0.0
21,226590,엠디바이스,KOSDAQ,IT/전기전자,22400,159.42,0.0,0,,WAIT,WAIT,False,False,True,65.1,65.1,78.4,49.4,70.0,0.0,23100.0,21900.0,26700.0,27300.0,,0.26,0.67,20074,55.2,,0,25.88,69.0,22.05,전자부품 제조업,15942000000.0,73.8,80.07,0,0,-8.83,-2.01,33.58,58.97,103.87,153.78,,,,0.02,0.02,1,12.0,1,0,1.86,0.68,v1_sl_first_gap_at_open,5.19,5.0,3.0,NORMAL+PM_BLOCK_INTRADAY+EST_MCAP+EF:정상,enter,100.0,1,1,20935.0,33.75,-0.0455,False,O,▲,28995,▲,X,X,0,0,0,0.0,전자부품 제조업,-4.951904761904761,,,70.0,30.799845081264877,30.799845081264877,6,1,default,default,default,20260303,20260303,65.1,65.1,65.1,,,0.451,,False,0,,"{""lookback_days"": 250, ""bench_lookback_days"": 60, ""top_n"": 600, ""min_turnover_eok"": 50, ""min_mcap_eok"": 1000, ""max_workers"": 4, ""pass_ebs"": 4, ""cache_format"": ""parquet"", ""rsi_low"": 45.0, ""rsi_high"": 65.0, ""rsi_overheat"": 75.0, ""bb_period"": 20, ""bb_std"": 2.0, ""bb_squeeze_bw"": 10.0, ""kc_period"": 20, ""kc_atr_period"": 20, ""kc_mult"": 1.5, ""bonus_bb_squeeze_score"": 3.0, ""bonus_bb_squeeze_entry"": 4.0, ""trigger_dist_wick_high"": 0.35, ""trigger_dist_wick_mid"": 0.25, ""trigger_ret_pct_dist"": 5.0, ""trigger_ret_pct_weak"": 3.0, ""trigger_range_pos_weak"": 0.6, ""trigger_vol_ratio_spike"": 3.0, ""mtf_struct_bonus"": 10.0, ""mtf_struct_penalty"": 15.0, ""mtf_min_weekly_bars"": 26, ""mtf_min_monthly_bars"": 12, ""w_rr"": 0.25, ""w_t1"": 0.18, ""w_sl"": 0.12, ""w_near"": 0.12, ""w_mom"": 0.1, ""w_liq"": 0.13, ""w_tec"": 0.1, ""w_sector"": 0.05, ""p_overheat_5d"": 6.0, ""p_overheat_10d"": 6.0, ""p_rsi_out"": 4.0, ""p_macd_neg"": 4.0, ""p_near_far"": 4.0, ""p_liq_low"": 4.0, ""p_vol_spike"": 2.0, ""p_big_sl"": 3.0, ""fx_caution"": 1470.0, ""fx_critical"": 1490.0, ""nasdaq_caution"": -1.5, ""nasdaq_critical"": -2.5, ""rec_limit_default"": 5, ""rec_limit_caution"": 3, ""ml_low"": 5.0, ""ml_high"": 25.0, ""ml_max_weight"": 0.2, ""ml_cov_gate"": 0.2, ""trim_pct"": 0.1, ""ebs_pass_threshold"": 3, ""macro_weights"": {""CRITICAL"": [0.55, 0.25], ""HIGH"": [0.5, 0.3], ""NORMAL"": [0.4, 0.4]}, ""slippage_base_bps"": 10.0, ""slippage_low_liq_mult"": 3.0, ""slippage_liq_threshold_eok"": 20.0, ""liq_penalty_very_low_eok"": 5.0, ""liq_penalty_very_low_pts"": 8.0, ""liq_penalty_low_eok"": 10.0, ""liq_penalty_low_pts"": 4.0, ""time_stop_days"": 7, ""time_stop_min_move_pct"": 2.0, ""time_stop_extend_if_profit"": true, ""config_version"": ""2.0.0"", ""_snapshot_ts"": ""2026-03-04T16:47:26.891632""}",2.0.0
22,456040,OCI,KOSPI,화학·소재,73000,60.26,0.0,0,,WAIT,WAIT,False,False,True,65.0,65.0,87.4,48.7,53.0,0.0,82400.0,78200.0,95000.0,97100.0,,-0.45,0.69,72357,38.99,,0,17.99,62.1,2.09,기초 화학물질 제조업,6026000000.0,65.8,32.75,0,0,-6.26,-3.06,4.3,15.73,38.26,53.73,,,,0.111,0.111,1,12.0,1,0,1.59,0.61,v1_sl_first_gap_at_open,5.1,5.0,3.0,NORMAL+PM_BLOCK_INTRADAY+EST_MCAP+EF:정상,enter,100.0,1,1,74360.0,13.88,-0.2119,True,O,▲,89759,▼,X,X,0,0,0,0.0,기초 화학물질 제조업,-2.4749999999999996,,,53.0,36.082110388493255,36.082110388493255,6,1,default,default,default,20260303,20260303,65.0,65.0,65.0,,,0.45,,False,0,,"{""lookback_days"": 250, ""bench_lookback_days"": 60, ""top_n"": 600, ""min_turnover_eok"": 50, ""min_mcap_eok"": 1000, ""max_workers"": 4, ""pass_ebs"": 4, ""cache_format"": ""parquet"", ""rsi_low"": 45.0, ""rsi_high"": 65.0, ""rsi_overheat"": 75.0, ""bb_period"": 20, ""bb_std"": 2.0, ""bb_squeeze_bw"": 10.0, ""kc_period"": 20, ""kc_atr_period"": 20, ""kc_mult"": 1.5, ""bonus_bb_squeeze_score"": 3.0, ""bonus_bb_squeeze_entry"": 4.0, ""trigger_dist_wick_high"": 0.35, ""trigger_dist_wick_mid"": 0.25, ""trigger_ret_pct_dist"": 5.0, ""trigger_ret_pct_weak"": 3.0, ""trigger_range_pos_weak"": 0.6, ""trigger_vol_ratio_spike"": 3.0, ""mtf_struct_bonus"": 10.0, ""mtf_struct_penalty"": 15.0, ""mtf_min_weekly_bars"": 26, ""mtf_min_monthly_bars"": 12, ""w_rr"": 0.25, ""w_t1"": 0.18, ""w_sl"": 0.12, ""w_near"": 0.12, ""w_mom"": 0.1, ""w_liq"": 0.13, ""w_tec"": 0.1, ""w_sector"": 0.05, ""p_overheat_5d"": 6.0, ""p_overheat_10d"": 6.0, ""p_rsi_out"": 4.0, ""p_macd_neg"": 4.0, ""p_near_far"": 4.0, ""p_liq_low"": 4.0, ""p_vol_spike"": 2.0, ""p_big_sl"": 3.0, ""fx_caution"": 1470.0, ""fx_critical"": 1490.0, ""nasdaq_caution"": -1.5, ""nasdaq_critical"": -2.5, ""rec_limit_default"": 5, ""rec_limit_caution"": 3, ""ml_low"": 5.0, ""ml_high"": 25.0, ""ml_max_weight"": 0.2, ""ml_cov_gate"": 0.2, ""trim_pct"": 0.1, ""ebs_pass_threshold"": 3, ""macro_weights"": {""CRITICAL"": [0.55, 0.25], ""HIGH"": [0.5, 0.3], ""NORMAL"": [0.4, 0.4]}, ""slippage_base_bps"": 10.0, ""slippage_low_liq_mult"": 3.0, ""slippage_liq_threshold_eok"": 20.0, ""liq_penalty_very_low_eok"": 5.0, ""liq_penalty_very_low_pts"": 8.0, ""liq_penalty_low_eok"": 10.0, ""liq_penalty_low_pts"": 4.0, ""time_stop_days"": 7, ""time_stop_min_move_pct"": 2.0, ""time_stop_extend_if_profit"": true, ""config_version"": ""2.0.0"", ""_snapshot_ts"": ""2026-03-04T16:47:26.891632""}",2.0.0
23,112290,와이씨켐,KOSDAQ,화학·소재,21300,118.74,0.0,0,,WAIT,WAIT,False,False,True,64.3,64.3,79.5,70.4,21.7,0.0,25350.0,24050.0,29250.0,29900.0,,0.99,1.47,23650,16.36,,3,8.1,60.6,3.11,기타 화학제품 제조업,11874000000.0,58.6,22.17,0,0,-4.88,1.6,5.19,6.74,23.96,28.75,,,,0.135,0.135,1,12.0,0,0,1.17,0.61,v1_sl_first_gap_at_open,5.13,5.0,3.0,NORMAL+PM_BLOCK_INTRADAY+EST_MCAP+EF:정상,enter,100.0,1,1,21805.0,7.19,-0.0494,False,O,▲,26642,▲,X,X,0,0,0,0.0,기타 화학제품 제조업,-2.4749999999999996,,,21.7,56.50516534245122,56.50516534245122,6,1,default,default,default,20260303,20260303,64.3,64.3,64.3,,,0.443,,True,0,,"{""lookback_days"": 250, ""bench_lookback_days"": 60, ""top_n"": 600, ""min_turnover_eok"": 50, ""min_mcap_eok"": 1000, ""max_workers"": 4, ""pass_ebs"": 4, ""cache_format"": ""parquet"", ""rsi_low"": 45.0, ""rsi_high"": 65.0, ""rsi_overheat"": 75.0, ""bb_period"": 20, ""bb_std"": 2.0, ""bb_squeeze_bw"": 10.0, ""kc_period"": 20, ""kc_atr_period"": 20, ""kc_mult"": 1.5, ""bonus_bb_squeeze_score"": 3.0, ""bonus_bb_squeeze_entry"": 4.0, ""trigger_dist_wick_high"": 0.35, ""trigger_dist_wick_mid"": 0.25, ""trigger_ret_pct_dist"": 5.0, ""trigger_ret_pct_weak"": 3.0, ""trigger_range_pos_weak"": 0.6, ""trigger_vol_ratio_spike"": 3.0, ""mtf_struct_bonus"": 10.0, ""mtf_struct_penalty"": 15.0, ""mtf_min_weekly_bars"": 26, ""mtf_min_monthly_bars"": 12, ""w_rr"": 0.25, ""w_t1"": 0.18, ""w_sl"": 0.12, ""w_near"": 0.12, ""w_mom"": 0.1, ""w_liq"": 0.13, ""w_tec"": 0.1, ""w_sector"": 0.05, ""p_overheat_5d"": 6.0, ""p_overheat_10d"": 6.0, ""p_rsi_out"": 4.0, ""p_macd_neg"": 4.0, ""p_near_far"": 4.0, ""p_liq_low"": 4.0, ""p_vol_spike"": 2.0, ""p_big_sl"": 3.0, ""fx_caution"": 1470.0, ""fx_critical"": 1490.0, ""nasdaq_caution"": -1.5, ""nasdaq_critical"": -2.5, ""rec_limit_default"": 5, ""rec_limit_caution"": 3, ""ml_low"": 5.0, ""ml_high"": 25.0, ""ml_max_weight"": 0.2, ""ml_cov_gate"": 0.2, ""trim_pct"": 0.1, ""ebs_pass_threshold"": 3, ""macro_weights"": {""CRITICAL"": [0.55, 0.25], ""HIGH"": [0.5, 0.3], ""NORMAL"": [0.4, 0.4]}, ""slippage_base_bps"": 10.0, ""slippage_low_liq_mult"": 3.0, ""slippage_liq_threshold_eok"": 20.0, ""liq_penalty_very_low_eok"": 5.0, ""liq_penalty_very_low_pts"": 8.0, ""liq_penalty_low_eok"": 10.0, ""liq_penalty_low_pts"": 4.0, ""time_stop_days"": 7, ""time_stop_min_move_pct"": 2.0, ""time_stop_extend_if_profit"": true, ""config_version"": ""2.0.0"", ""_snapshot_ts"": ""2026-03-04T16:47:26.891632""}",2.0.0
24,397030,에이프릴바이오,KOSDAQ,기타,56600,271.64,0.0,0,,WAIT,WAIT,False,False,True,64.1,64.1,88.7,64.3,14.4,0.0,68300.0,64800.0,78800.0,80600.0,,0.76,0.69,51311,141.69,,0,23.31,53.0,5.17,자연과학 및 공학 연구개발업,27164000000.0,60.5,33.89,0,0,-5.4,-6.44,-1.3,17.15,70.75,202.21,,,,0.03,0.03,1,12.0,0,0,1.71,0.74,v1_sl_first_gap_at_open,5.12,5.0,3.0,NORMAL+PM_BLOCK_INTRADAY+EST_MCAP+EF:정상,enter,100.0,1,1,54060.0,33.11,-0.2147,False,O,▲,72004,▲,X,X,0,0,0,0.0,자연과학 및 공학 연구개발업,0.5794594594594594,,,14.4,44.57912235934698,44.57912235934698,6,1,default,default,default,20260303,20260303,64.1,64.1,64.1,,,0.441,,True,0,,"{""lookback_days"": 250, ""bench_lookback_days"": 60, ""top_n"": 600, ""min_turnover_eok"": 50, ""min_mcap_eok"": 1000, ""max_workers"": 4, ""pass_ebs"": 4, ""cache_format"": ""parquet"", ""rsi_low"": 45.0, ""rsi_high"": 65.0, ""rsi_overheat"": 75.0, ""bb_period"": 20, ""bb_std"": 2.0, ""bb_squeeze_bw"": 10.0, ""kc_period"": 20, ""kc_atr_period"": 20, ""kc_mult"": 1.5, ""bonus_bb_squeeze_score"": 3.0, ""bonus_bb_squeeze_entry"": 4.0, ""trigger_dist_wick_high"": 0.35, ""trigger_dist_wick_mid"": 0.25, ""trigger_ret_pct_dist"": 5.0, ""trigger_ret_pct_weak"": 3.0, ""trigger_range_pos_weak"": 0.6, ""trigger_vol_ratio_spike"": 3.0, ""mtf_struct_bonus"": 10.0, ""mtf_struct_penalty"": 15.0, ""mtf_min_weekly_bars"": 26, ""mtf_min_monthly_bars"": 12, ""w_rr"": 0.25, ""w_t1"": 0.18, ""w_sl"": 0.12, ""w_near"": 0.12, ""w_mom"": 0.1, ""w_liq"": 0.13, ""w_tec"": 0.1, ""w_sector"": 0.05, ""p_overheat_5d"": 6.0, ""p_overheat_10d"": 6.0, ""p_rsi_out"": 4.0, ""p_macd_neg"": 4.0, ""p_near_far"": 4.0, ""p_liq_low"": 4.0, ""p_vol_spike"": 2.0, ""p_big_sl"": 3.0, ""fx_caution"": 1470.0, ""fx_critical"": 1490.0, ""nasdaq_caution"": -1.5, ""nasdaq_critical"": -2.5, ""rec_limit_default"": 5, ""rec_limit_caution"": 3, ""ml_low"": 5.0, ""ml_high"": 25.0, ""ml_max_weight"": 0.2, ""ml_cov_gate"": 0.2, ""trim_pct"": 0.1, ""ebs_pass_threshold"": 3, ""macro_weights"": {""CRITICAL"": [0.55, 0.25], ""HIGH"": [0.5, 0.3], ""NORMAL"": [0.4, 0.4]}, ""slippage_base_bps"": 10.0, ""slippage_low_liq_mult"": 3.0, ""slippage_liq_threshold_eok"": 20.0, ""liq_penalty_very_low_eok"": 5.0, ""liq_penalty_very_low_pts"": 8.0, ""liq_penalty_low_eok"": 10.0, ""liq_penalty_low_pts"": 4.0, ""time_stop_days"": 7, ""time_stop_min_move_pct"": 2.0, ""time_stop_extend_if_profit"": true, ""config_version"": ""2.0.0"", ""_snapshot_ts"": ""2026-03-04T16:47:26.891632""}",2.0.0
25,107640,한중엔시에스,KOSDAQ,인프라·에너지,40800,169.21,0.0,0,,WAIT,WAIT,True,False,False,63.3,63.3,39.5,87.7,62.0,0.0,51000.0,48450.0,58700.0,60000.0,,1.07,1.31,49273,1.69,,5,-1.08,47.0,0.76,"전동기, 발전기 및 전기 변환 · 공급 · 제어 장치 제조업",16921000000.0,58.2,18.32,1,0,-9.89,10.51,0.2,-1.16,8.17,51.56,,,,0.274,0.274,1,12.0,0,1,1.42,0.41,v1_sl_first_gap_at_open,5.0,5.0,3.0,NORMAL+PM_BLOCK_INTRADAY+EST_MCAP+EF:정상,enter,100.0,1,1,44710.0,3.5,0.3333,False,O,▲,50677,▲,O,X,0,0,0,0.0,"전동기, 발전기 및 전기 변환 · 공급 · 제어 장치 제조업",-2.745,,,62.0,64.5,64.5,8,1,default,default,default,20260303,20260303,63.3,63.3,63.3,,,0.433,low_wr_0.43,True,0,,"{""lookback_days"": 250, ""bench_lookback_days"": 60, ""top_n"": 600, ""min_turnover_eok"": 50, ""min_mcap_eok"": 1000, ""max_workers"": 4, ""pass_ebs"": 4, ""cache_format"": ""parquet"", ""rsi_low"": 45.0, ""rsi_high"": 65.0, ""rsi_overheat"": 75.0, ""bb_period"": 20, ""bb_std"": 2.0, ""bb_squeeze_bw"": 10.0, ""kc_period"": 20, ""kc_atr_period"": 20, ""kc_mult"": 1.5, ""bonus_bb_squeeze_score"": 3.0, ""bonus_bb_squeeze_entry"": 4.0, ""trigger_dist_wick_high"": 0.35, ""trigger_dist_wick_mid"": 0.25, ""trigger_ret_pct_dist"": 5.0, ""trigger_ret_pct_weak"": 3.0, ""trigger_range_pos_weak"": 0.6, ""trigger_vol_ratio_spike"": 3.0, ""mtf_struct_bonus"": 10.0, ""mtf_struct_penalty"": 15.0, ""mtf_min_weekly_bars"": 26, ""mtf_min_monthly_bars"": 12, ""w_rr"": 0.25, ""w_t1"": 0.18, ""w_sl"": 0.12, ""w_near"": 0.12, ""w_mom"": 0.1, ""w_liq"": 0.13, ""w_tec"": 0.1, ""w_sector"": 0.05, ""p_overheat_5d"": 6.0, ""p_overheat_10d"": 6.0, ""p_rsi_out"": 4.0, ""p_macd_neg"": 4.0, ""p_near_far"": 4.0, ""p_liq_low"": 4.0, ""p_vol_spike"": 2.0, ""p_big_sl"": 3.0, ""fx_caution"": 1470.0, ""fx_critical"": 1490.0, ""nasdaq_caution"": -1.5, ""nasdaq_critical"": -2.5, ""rec_limit_default"": 5, ""rec_limit_caution"": 3, ""ml_low"": 5.0, ""ml_high"": 25.0, ""ml_max_weight"": 0.2, ""ml_cov_gate"": 0.2, ""trim_pct"": 0.1, ""ebs_pass_threshold"": 3, ""macro_weights"": {""CRITICAL"": [0.55, 0.25], ""HIGH"": [0.5, 0.3], ""NORMAL"": [0.4, 0.4]}, ""slippage_base_bps"": 10.0, ""slippage_low_liq_mult"": 3.0, ""slippage_liq_threshold_eok"": 20.0, ""liq_penalty_very_low_eok"": 5.0, ""liq_penalty_very_low_pts"": 8.0, ""liq_penalty_low_eok"": 10.0, ""liq_penalty_low_pts"": 4.0, ""time_stop_days"": 7, ""time_stop_min_move_pct"": 2.0, ""time_stop_extend_if_profit"": true, ""config_version"": ""2.0.0"", ""_snapshot_ts"": ""2026-03-04T16:47:26.891632""}",2.0.0
26,448710,코츠테크놀로지,KOSDAQ,IT/전기전자,17070,177.3,0.0,0,,WAIT,WAIT,True,False,False,63.1,63.1,93.6,35.6,57.3,0.0,19750.0,18760.0,22750.0,23250.0,,-0.16,6.47,18832,6.11,,5,3.51,62.4,5.24,컴퓨터 및 주변장치 제조업,17730000000.0,68.6,9.57,1,1,9.27,2.1,5.4,4.9,17.38,3.11,,,,0.196,0.196,1,7.7,1,1,1.9,0.71,v1_sl_first_gap_at_open,5.01,5.0,3.0,NORMAL+PM_BLOCK_INTRADAY+EST_MCAP+EF:갭(7.4%)/급등(9.3%)/VI → 50% 분할+ENTRY:split,split,50.0,1,1,17680.0,5.77,-0.0891,False,O,▲,19065,▼,O,X,0,0,0,0.0,컴퓨터 및 주변장치 제조업,-4.951904761904761,,,57.3,14.83482174575177,14.83482174575177,8,1,default,default,default,20260303,20260303,63.1,63.1,63.1,,,0.431,low_wr_0.43,True,0,,"{""lookback_days"": 250, ""bench_lookback_days"": 60, ""top_n"": 600, ""min_turnover_eok"": 50, ""min_mcap_eok"": 1000, ""max_workers"": 4, ""pass_ebs"": 4, ""cache_format"": ""parquet"", ""rsi_low"": 45.0, ""rsi_high"": 65.0, ""rsi_overheat"": 75.0, ""bb_period"": 20, ""bb_std"": 2.0, ""bb_squeeze_bw"": 10.0, ""kc_period"": 20, ""kc_atr_period"": 20, ""kc_mult"": 1.5, ""bonus_bb_squeeze_score"": 3.0, ""bonus_bb_squeeze_entry"": 4.0, ""trigger_dist_wick_high"": 0.35, ""trigger_dist_wick_mid"": 0.25, ""trigger_ret_pct_dist"": 5.0, ""trigger_ret_pct_weak"": 3.0, ""trigger_range_pos_weak"": 0.6, ""trigger_vol_ratio_spike"": 3.0, ""mtf_struct_bonus"": 10.0, ""mtf_struct_penalty"": 15.0, ""mtf_min_weekly_bars"": 26, ""mtf_min_monthly_bars"": 12, ""w_rr"": 0.25, ""w_t1"": 0.18, ""w_sl"": 0.12, ""w_near"": 0.12, ""w_mom"": 0.1, ""w_liq"": 0.13, ""w_tec"": 0.1, ""w_sector"": 0.05, ""p_overheat_5d"": 6.0, ""p_overheat_10d"": 6.0, ""p_rsi_out"": 4.0, ""p_macd_neg"": 4.0, ""p_near_far"": 4.0, ""p_liq_low"": 4.0, ""p_vol_spike"": 2.0, ""p_big_sl"": 3.0, ""fx_caution"": 1470.0, ""fx_critical"": 1490.0, ""nasdaq_caution"": -1.5, ""nasdaq_critical"": -2.5, ""rec_limit_default"": 5, ""rec_limit_caution"": 3, ""ml_low"": 5.0, ""ml_high"": 25.0, ""ml_max_weight"": 0.2, ""ml_cov_gate"": 0.2, ""trim_pct"": 0.1, ""ebs_pass_threshold"": 3, ""macro_weights"": {""CRITICAL"": [0.55, 0.25], ""HIGH"": [0.5, 0.3], ""NORMAL"": [0.4, 0.4]}, ""slippage_base_bps"": 10.0, ""slippage_low_liq_mult"": 3.0, ""slippage_liq_threshold_eok"": 20.0, ""liq_penalty_very_low_eok"": 5.0, ""liq_penalty_very_low_pts"": 8.0, ""liq_penalty_low_eok"": 10.0, ""liq_penalty_low_pts"": 4.0, ""time_stop_days"": 7, ""time_stop_min_move_pct"": 2.0, ""time_stop_extend_if_profit"": true, ""config_version"": ""2.0.0"", ""_snapshot_ts"": ""2026-03-04T16:47:26.891632""}",2.0.0
27,329180,HD현대중공업,KOSPI,조선·기계·설비,518000,2444.55,0.0,0,,WAIT,WAIT,False,False,True,62.7,62.7,78.4,72.7,11.3,0.0,590000.0,566000.0,662000.0,674000.0,,-0.66,1.58,570303,1.63,,0,3.7,65.4,3.35,선박 및 보트 건조업,244455000000.0,56.8,18.37,0,0,-2.16,-2.8,9.87,0.68,10.28,13.46,,,,0.232,0.232,1,9.1,1,0,1.08,0.66,v1_sl_first_gap_at_open,4.07,4.0,3.0,NORMAL+PM_BLOCK_INTRADAY+EST_MCAP+EF:정상,enter,100.0,1,-1,612300.0,3.45,-0.0113,False,O,▲,603378,▲,X,X,0,0,0,0.0,선박 및 보트 건조업,-1.14,,,11.3,63.0,63.0,4,1,default,default,default,20260303,20260303,62.7,62.7,62.7,,,0.427,,True,0,,"{""lookback_days"": 250, ""bench_lookback_days"": 60, ""top_n"": 600, ""min_turnover_eok"": 50, ""min_mcap_eok"": 1000, ""max_workers"": 4, ""pass_ebs"": 4, ""cache_format"": ""parquet"", ""rsi_low"": 45.0, ""rsi_high"": 65.0, ""rsi_overheat"": 75.0, ""bb_period"": 20, ""bb_std"": 2.0, ""bb_squeeze_bw"": 10.0, ""kc_period"": 20, ""kc_atr_period"": 20, ""kc_mult"": 1.5, ""bonus_bb_squeeze_score"": 3.0, ""bonus_bb_squeeze_entry"": 4.0, ""trigger_dist_wick_high"": 0.35, ""trigger_dist_wick_mid"": 0.25, ""trigger_ret_pct_dist"": 5.0, ""trigger_ret_pct_weak"": 3.0, ""trigger_range_pos_weak"": 0.6, ""trigger_vol_ratio_spike"": 3.0, ""mtf_struct_bonus"": 10.0, ""mtf_struct_penalty"": 15.0, ""mtf_min_weekly_bars"": 26, ""mtf_min_monthly_bars"": 12, ""w_rr"": 0.25, ""w_t1"": 0.18, ""w_sl"": 0.12, ""w_near"": 0.12, ""w_mom"": 0.1, ""w_liq"": 0.13, ""w_tec"": 0.1, ""w_sector"": 0.05, ""p_overheat_5d"": 6.0, ""p_overheat_10d"": 6.0, ""p_rsi_out"": 4.0, ""p_macd_neg"": 4.0, ""p_near_far"": 4.0, ""p_liq_low"": 4.0, ""p_vol_spike"": 2.0, ""p_big_sl"": 3.0, ""fx_caution"": 1470.0, ""fx_critical"": 1490.0, ""nasdaq_caution"": -1.5, ""nasdaq_critical"": -2.5, ""rec_limit_default"": 5, ""rec_limit_caution"": 3, ""ml_low"": 5.0, ""ml_high"": 25.0, ""ml_max_weight"": 0.2, ""ml_cov_gate"": 0.2, ""trim_pct"": 0.1, ""ebs_pass_threshold"": 3, ""macro_weights"": {""CRITICAL"": [0.55, 0.25], ""HIGH"": [0.5, 0.3], ""NORMAL"": [0.4, 0.4]}, ""slippage_base_bps"": 10.0, ""slippage_low_liq_mult"": 3.0, ""slippage_liq_threshold_eok"": 20.0, ""liq_penalty_very_low_eok"": 5.0, ""liq_penalty_very_low_pts"": 8.0, ""liq_penalty_low_eok"": 10.0, ""liq_penalty_low_pts"": 4.0, ""time_stop_days"": 7, ""time_stop_min_move_pct"": 2.0, ""time_stop_extend_if_profit"": true, ""config_version"": ""2.0.0"", ""_snapshot_ts"": ""2026-03-04T16:47:26.891632""}",2.0.0
28,402340,SK스퀘어,KOSPI,금융,511000,4034.84,0.0,0,,WAIT,WAIT,False,False,True,62.2,62.2,80.4,68.3,13.4,0.0,581000.0,557000.0,653000.0,665000.0,,0.44,0.85,470058,107.95,,0,11.18,56.4,1.66,기타 금융업,403484000000.0,54.7,31.73,0,0,-9.92,0.17,9.21,15.28,94.97,289.93,,,,0.021,0.021,1,12.0,0,0,1.53,0.47,v1_sl_first_gap_at_open,4.13,4.0,3.0,NORMAL+PM_BLOCK_INTRADAY+EST_MCAP+EF:정상,enter,100.0,1,1,555000.0,23.6,0.0207,False,O,▲,640345,▲,X,X,0,0,0,0.0,기타 금융업,-9.465,,,13.4,47.865801396387965,47.865801396387965,8,1,default,default,default,20260303,20260303,62.2,62.2,62.2,,,0.422,,True,0,,"{""lookback_days"": 250, ""bench_lookback_days"": 60, ""top_n"": 600, ""min_turnover_eok"": 50, ""min_mcap_eok"": 1000, ""max_workers"": 4, ""pass_ebs"": 4, ""cache_format"": ""parquet"", ""rsi_low"": 45.0, ""rsi_high"": 65.0, ""rsi_overheat"": 75.0, ""bb_period"": 20, ""bb_std"": 2.0, ""bb_squeeze_bw"": 10.0, ""kc_period"": 20, ""kc_atr_period"": 20, ""kc_mult"": 1.5, ""bonus_bb_squeeze_score"": 3.0, ""bonus_bb_squeeze_entry"": 4.0, ""trigger_dist_wick_high"": 0.35, ""trigger_dist_wick_mid"": 0.25, ""trigger_ret_pct_dist"": 5.0, ""trigger_ret_pct_weak"": 3.0, ""trigger_range_pos_weak"": 0.6, ""trigger_vol_ratio_spike"": 3.0, ""mtf_struct_bonus"": 10.0, ""mtf_struct_penalty"": 15.0, ""mtf_min_weekly_bars"": 26, ""mtf_min_monthly_bars"": 12, ""w_rr"": 0.25, ""w_t1"": 0.18, ""w_sl"": 0.12, ""w_near"": 0.12, ""w_mom"": 0.1, ""w_liq"": 0.13, ""w_tec"": 0.1, ""w_sector"": 0.05, ""p_overheat_5d"": 6.0, ""p_overheat_10d"": 6.0, ""p_rsi_out"": 4.0, ""p_macd_neg"": 4.0, ""p_near_far"": 4.0, ""p_liq_low"": 4.0, ""p_vol_spike"": 2.0, ""p_big_sl"": 3.0, ""fx_caution"": 1470.0, ""fx_critical"": 1490.0, ""nasdaq_caution"": -1.5, ""nasdaq_critical"": -2.5, ""rec_limit_default"": 5, ""rec_limit_caution"": 3, ""ml_low"": 5.0, ""ml_high"": 25.0, ""ml_max_weight"": 0.2, ""ml_cov_gate"": 0.2, ""trim_pct"": 0.1, ""ebs_pass_threshold"": 3, ""macro_weights"": {""CRITICAL"": [0.55, 0.25], ""HIGH"": [0.5, 0.3], ""NORMAL"": [0.4, 0.4]}, ""slippage_base_bps"": 10.0, ""slippage_low_liq_mult"": 3.0, ""slippage_liq_threshold_eok"": 20.0, ""liq_penalty_very_low_eok"": 5.0, ""liq_penalty_very_low_pts"": 8.0, ""liq_penalty_low_eok"": 10.0, ""liq_penalty_low_pts"": 4.0, ""time_stop_days"": 7, ""time_stop_min_move_pct"": 2.0, ""time_stop_extend_if_profit"": true, ""config_version"": ""2.0.0"", ""_snapshot_ts"": ""2026-03-04T16:47:26.891632""}",2.0.0
29,278470,에이피알,KOSPI,화학·소재,268000,1241.13,0.0,0,,WAIT,WAIT,False,False,True,61.8,61.8,81.2,56.1,34.2,0.0,285500.0,274000.0,320000.0,326000.0,,0.2,0.62,262798,3.56,,2,7.78,52.7,1.03,기타 화학제품 제조업,124113000000.0,68.8,22.38,0,0,-8.64,-4.03,1.24,5.35,11.74,25.77,,,,0.028,0.028,1,12.0,0,0,1.22,0.43,v1_sl_first_gap_at_open,4.03,4.0,3.0,NORMAL+PM_BLOCK_INTRADAY+EST_MCAP+EF:정상,enter,100.0,1,1,269050.0,8.64,0.0074,False,O,▲,307182,▲,X,X,0,0,0,0.0,기타 화학제품 제조업,-2.4749999999999996,,,34.2,33.49299878935735,33.49299878935735,8,1,default,default,default,20260303,20260303,61.8,61.8,61.8,,,0.418,,True,0,,"{""lookback_days"": 250, ""bench_lookback_days"": 60, ""top_n"": 600, ""min_turnover_eok"": 50, ""min_mcap_eok"": 1000, ""max_workers"": 4, ""pass_ebs"": 4, ""cache_format"": ""parquet"", ""rsi_low"": 45.0, ""rsi_high"": 65.0, ""rsi_overheat"": 75.0, ""bb_period"": 20, ""bb_std"": 2.0, ""bb_squeeze_bw"": 10.0, ""kc_period"": 20, ""kc_atr_period"": 20, ""kc_mult"": 1.5, ""bonus_bb_squeeze_score"": 3.0, ""bonus_bb_squeeze_entry"": 4.0, ""trigger_dist_wick_high"": 0.35, ""trigger_dist_wick_mid"": 0.25, ""trigger_ret_pct_dist"": 5.0, ""trigger_ret_pct_weak"": 3.0, ""trigger_range_pos_weak"": 0.6, ""trigger_vol_ratio_spike"": 3.0, ""mtf_struct_bonus"": 10.0, ""mtf_struct_penalty"": 15.0, ""mtf_min_weekly_bars"": 26, ""mtf_min_monthly_bars"": 12, ""w_rr"": 0.25, ""w_t1"": 0.18, ""w_sl"": 0.12, ""w_near"": 0.12, ""w_mom"": 0.1, ""w_liq"": 0.13, ""w_tec"": 0.1, ""w_sector"": 0.05, ""p_overheat_5d"": 6.0, ""p_overheat_10d"": 6.0, ""p_rsi_out"": 4.0, ""p_macd_neg"": 4.0, ""p_near_far"": 4.0, ""p_liq_low"": 4.0, ""p_vol_spike"": 2.0, ""p_big_sl"": 3.0, ""fx_caution"": 1470.0, ""fx_critical"": 1490.0, ""nasdaq_caution"": -1.5, ""nasdaq_critical"": -2.5, ""rec_limit_default"": 5, ""rec_limit_caution"": 3, ""ml_low"": 5.0, ""ml_high"": 25.0, ""ml_max_weight"": 0.2, ""ml_cov_gate"": 0.2, ""trim_pct"": 0.1, ""ebs_pass_threshold"": 3, ""macro_weights"": {""CRITICAL"": [0.55, 0.25], ""HIGH"": [0.5, 0.3], ""NORMAL"": [0.4, 0.4]}, ""slippage_base_bps"": 10.0, ""slippage_low_liq_mult"": 3.0, ""slippage_liq_threshold_eok"": 20.0, ""liq_penalty_very_low_eok"": 5.0, ""liq_penalty_very_low_pts"": 8.0, ""liq_penalty_low_eok"": 10.0, ""liq_penalty_low_pts"": 4.0, ""time_stop_days"": 7, ""time_stop_min_move_pct"": 2.0, ""time_stop_extend_if_profit"": true, ""config_version"": ""2.0.0"", ""_snapshot_ts"": ""2026-03-04T16:47:26.891632""}",2.0.0
30,365270,큐라클,KOSDAQ,기타,14210,148.79,0.0,0,,OVERHEAT,OVERHEAT,False,False,False,61.7,61.7,78.9,55.1,40.3,0.0,14790.0,14040.0,17040.0,17420.0,,1.39,1.14,10323,214.92,,0,41.64,78.9,25.96,자연과학 및 공학 연구개발업,14879000000.0,86.8,74.16,0,0,-4.67,9.64,42.49,99.55,215.66,384.7,,,,0.011,0.011,1,12.0,1,0,1.75,0.8,v1_sl_first_gap_at_open,5.07,5.0,3.0,NORMAL+PM_BLOCK_INTRADAY+EST_MCAP+EF:정상,enter,100.0,1,1,13522.0,71.84,-0.0238,False,O,▲,18256,▲,X,X,0,0,0,0.0,자연과학 및 공학 연구개발업,0.5794594594594594,,,40.3,53.587241293114715,53.587241293114715,4,1,default,default,default,20260303,20260303,61.7,61.7,61.7,,,0.417,,True,0,,"{""lookback_days"": 250, ""bench_lookback_days"": 60, ""top_n"": 600, ""min_turnover_eok"": 50, ""min_mcap_eok"": 1000, ""max_workers"": 4, ""pass_ebs"": 4, ""cache_format"": ""parquet"", ""rsi_low"": 45.0, ""rsi_high"": 65.0, ""rsi_overheat"": 75.0, ""bb_period"": 20, ""bb_std"": 2.0, ""bb_squeeze_bw"": 10.0, ""kc_period"": 20, ""kc_atr_period"": 20, ""kc_mult"": 1.5, ""bonus_bb_squeeze_score"": 3.0, ""bonus_bb_squeeze_entry"": 4.0, ""trigger_dist_wick_high"": 0.35, ""trigger_dist_wick_mid"": 0.25, ""trigger_ret_pct_dist"": 5.0, ""trigger_ret_pct_weak"": 3.0, ""trigger_range_pos_weak"": 0.6, ""trigger_vol_ratio_spike"": 3.0, ""mtf_struct_bonus"": 10.0, ""mtf_struct_penalty"": 15.0, ""mtf_min_weekly_bars"": 26, ""mtf_min_monthly_bars"": 12, ""w_rr"": 0.25, ""w_t1"": 0.18, ""w_sl"": 0.12, ""w_near"": 0.12, ""w_mom"": 0.1, ""w_liq"": 0.13, ""w_tec"": 0.1, ""w_sector"": 0.05, ""p_overheat_5d"": 6.0, ""p_overheat_10d"": 6.0, ""p_rsi_out"": 4.0, ""p_macd_neg"": 4.0, ""p_near_far"": 4.0, ""p_liq_low"": 4.0, ""p_vol_spike"": 2.0, ""p_big_sl"": 3.0, ""fx_caution"": 1470.0, ""fx_critical"": 1490.0, ""nasdaq_caution"": -1.5, ""nasdaq_critical"": -2.5, ""rec_limit_default"": 5, ""rec_limit_caution"": 3, ""ml_low"": 5.0, ""ml_high"": 25.0, ""ml_max_weight"": 0.2, ""ml_cov_gate"": 0.2, ""trim_pct"": 0.1, ""ebs_pass_threshold"": 3, ""macro_weights"": {""CRITICAL"": [0.55, 0.25], ""HIGH"": [0.5, 0.3], ""NORMAL"": [0.4, 0.4]}, ""slippage_base_bps"": 10.0, ""slippage_low_liq_mult"": 3.0, ""slippage_liq_threshold_eok"": 20.0, ""liq_penalty_very_low_eok"": 5.0, ""liq_penalty_very_low_pts"": 8.0, ""liq_penalty_low_eok"": 10.0, ""liq_penalty_low_pts"": 4.0, ""time_stop_days"": 7, ""time_stop_min_move_pct"": 2.0, ""time_stop_extend_if_profit"": true, ""config_version"": ""2.0.0"", ""_snapshot_ts"": ""2026-03-04T16:47:26.891632""}",2.0.0
31,453450,그리드위즈,KOSDAQ,서비스 기타,16000,61.37,0.0,0,,WAIT,WAIT,False,False,True,60.9,60.9,77.7,56.7,35.8,0.0,18600.0,17670.0,21400.0,21900.0,,-0.14,1.2,18384,14.48,,0,10.97,62.8,5.34,"그외 기타 전문, 과학 및 기술 서비스업",6137000000.0,91.2,34.02,0,0,-8.15,-0.05,7.51,13.69,24.08,-1.22,,,,0.213,0.213,1,12.0,1,0,0.99,0.38,v1_sl_first_gap_at_open,5.0,5.0,3.0,NORMAL+PM_BLOCK_INTRADAY+EST_MCAP+EF:정상,enter,100.0,1,1,17127.5,1.17,-0.0358,False,O,▲,20083,▲,X,X,0,0,0,0.0,"그외 기타 전문, 과학 및 기술 서비스업",-2.7985714285714285,,,35.8,46.5,46.5,4,1,default,default,default,20260303,20260303,60.9,60.9,60.9,,,0.409,,True,0,,"{""lookback_days"": 250, ""bench_lookback_days"": 60, ""top_n"": 600, ""min_turnover_eok"": 50, ""min_mcap_eok"": 1000, ""max_workers"": 4, ""pass_ebs"": 4, ""cache_format"": ""parquet"", ""rsi_low"": 45.0, ""rsi_high"": 65.0, ""rsi_overheat"": 75.0, ""bb_period"": 20, ""bb_std"": 2.0, ""bb_squeeze_bw"": 10.0, ""kc_period"": 20, ""kc_atr_period"": 20, ""kc_mult"": 1.5, ""bonus_bb_squeeze_score"": 3.0, ""bonus_bb_squeeze_entry"": 4.0, ""trigger_dist_wick_high"": 0.35, ""trigger_dist_wick_mid"": 0.25, ""trigger_ret_pct_dist"": 5.0, ""trigger_ret_pct_weak"": 3.0, ""trigger_range_pos_weak"": 0.6, ""trigger_vol_ratio_spike"": 3.0, ""mtf_struct_bonus"": 10.0, ""mtf_struct_penalty"": 15.0, ""mtf_min_weekly_bars"": 26, ""mtf_min_monthly_bars"": 12, ""w_rr"": 0.25, ""w_t1"": 0.18, ""w_sl"": 0.12, ""w_near"": 0.12, ""w_mom"": 0.1, ""w_liq"": 0.13, ""w_tec"": 0.1, ""w_sector"": 0.05, ""p_overheat_5d"": 6.0, ""p_overheat_10d"": 6.0, ""p_rsi_out"": 4.0, ""p_macd_neg"": 4.0, ""p_near_far"": 4.0, ""p_liq_low"": 4.0, ""p_vol_spike"": 2.0, ""p_big_sl"": 3.0, ""fx_caution"": 1470.0, ""fx_critical"": 1490.0, ""nasdaq_caution"": -1.5, ""nasdaq_critical"": -2.5, ""rec_limit_default"": 5, ""rec_limit_caution"": 3, ""ml_low"": 5.0, ""ml_high"": 25.0, ""ml_max_weight"": 0.2, ""ml_cov_gate"": 0.2, ""trim_pct"": 0.1, ""ebs_pass_threshold"": 3, ""macro_weights"": {""CRITICAL"": [0.55, 0.25], ""HIGH"": [0.5, 0.3], ""NORMAL"": [0.4, 0.4]}, ""slippage_base_bps"": 10.0, ""slippage_low_liq_mult"": 3.0, ""slippage_liq_threshold_eok"": 20.0, ""liq_penalty_very_low_eok"": 5.0, ""liq_penalty_very_low_pts"": 8.0, ""liq_penalty_low_eok"": 10.0, ""liq_penalty_low_pts"": 4.0, ""time_stop_days"": 7, ""time_stop_min_move_pct"": 2.0, ""time_stop_extend_if_profit"": true, ""config_version"": ""2.0.0"", ""_snapshot_ts"": ""2026-03-04T16:47:26.891632""}",2.0.0
32,309710,아이티켐,KOSDAQ,기타,26200,97.99,0.0,0,,WAIT,WAIT,False,False,True,59.7,59.7,48.2,56.1,89.7,0.0,33450.0,31750.0,38550.0,39400.0,,0.74,1.2,39481,23.37,,1,6.03,52.2,-2.14,기초 의약물질 제조업,9799000000.0,55.4,33.63,0,0,-10.08,7.21,5.02,-1.91,-7.98,76.05,,,,0.443,0.192,1,12.0,0,0,1.52,0.31,v1_sl_first_gap_at_open,5.08,5.0,3.0,NORMAL+PM_BLOCK_INTRADAY+EST_MCAP+EF:정상,enter,100.0,0,1,31815.0,-15.28,0.2981,False,X,▲,36615,▲,X,X,0,0,0,0.0,기초 의약물질 제조업,0.5794594594594594,,,89.7,46.0,46.0,8,1,default,default,default,20260303,20260303,59.7,59.7,59.7,,,0.397,,True,0,,"{""lookback_days"": 250, ""bench_lookback_days"": 60, ""top_n"": 600, ""min_turnover_eok"": 50, ""min_mcap_eok"": 1000, ""max_workers"": 4, ""pass_ebs"": 4, ""cache_format"": ""parquet"", ""rsi_low"": 45.0, ""rsi_high"": 65.0, ""rsi_overheat"": 75.0, ""bb_period"": 20, ""bb_std"": 2.0, ""bb_squeeze_bw"": 10.0, ""kc_period"": 20, ""kc_atr_period"": 20, ""kc_mult"": 1.5, ""bonus_bb_squeeze_score"": 3.0, ""bonus_bb_squeeze_entry"": 4.0, ""trigger_dist_wick_high"": 0.35, ""trigger_dist_wick_mid"": 0.25, ""trigger_ret_pct_dist"": 5.0, ""trigger_ret_pct_weak"": 3.0, ""trigger_range_pos_weak"": 0.6, ""trigger_vol_ratio_spike"": 3.0, ""mtf_struct_bonus"": 10.0, ""mtf_struct_penalty"": 15.0, ""mtf_min_weekly_bars"": 26, ""mtf_min_monthly_bars"": 12, ""w_rr"": 0.25, ""w_t1"": 0.18, ""w_sl"": 0.12, ""w_near"": 0.12, ""w_mom"": 0.1, ""w_liq"": 0.13, ""w_tec"": 0.1, ""w_sector"": 0.05, ""p_overheat_5d"": 6.0, ""p_overheat_10d"": 6.0, ""p_rsi_out"": 4.0, ""p_macd_neg"": 4.0, ""p_near_far"": 4.0, ""p_liq_low"": 4.0, ""p_vol_spike"": 2.0, ""p_big_sl"": 3.0, ""fx_caution"": 1470.0, ""fx_critical"": 1490.0, ""nasdaq_caution"": -1.5, ""nasdaq_critical"": -2.5, ""rec_limit_default"": 5, ""rec_limit_caution"": 3, ""ml_low"": 5.0, ""ml_high"": 25.0, ""ml_max_weight"": 0.2, ""ml_cov_gate"": 0.2, ""trim_pct"": 0.1, ""ebs_pass_threshold"": 3, ""macro_weights"": {""CRITICAL"": [0.55, 0.25], ""HIGH"": [0.5, 0.3], ""NORMAL"": [0.4, 0.4]}, ""slippage_base_bps"": 10.0, ""slippage_low_liq_mult"": 3.0, ""slippage_liq_threshold_eok"": 20.0, ""liq_penalty_very_low_eok"": 5.0, ""liq_penalty_very_low_pts"": 8.0, ""liq_penalty_low_eok"": 10.0, ""liq_penalty_low_pts"": 4.0, ""time_stop_days"": 7, ""time_stop_min_move_pct"": 2.0, ""time_stop_extend_if_profit"": true, ""config_version"": ""2.0.0"", ""_snapshot_ts"": ""2026-03-04T16:47:26.891632""}",2.0.0
33,372320,큐로셀,KOSDAQ,기타,42550,98.28,0.0,0,,WAIT,WAIT,False,False,True,59.6,59.6,76.7,64.1,16.3,0.0,53700.0,51000.0,61800.0,63200.0,,-0.84,1.55,48619,21.42,,0,3.35,62.4,4.72,자연과학 및 공학 연구개발업,9828000000.0,54.3,20.28,0,0,-1.29,-4.11,8.48,5.29,30.98,44.35,,,,0.097,0.097,1,12.0,1,0,1.05,0.63,v1_sl_first_gap_at_open,5.03,5.0,3.0,NORMAL+PM_BLOCK_INTRADAY+EST_MCAP+EF:정상,enter,100.0,1,1,47380.0,10.45,-0.1186,False,O,▲,55019,▲,X,X,0,0,0,0.0,자연과학 및 공학 연구개발업,0.5794594594594594,,,16.3,49.5,49.5,4,1,default,default,default,20260303,20260303,59.6,59.6,59.6,,,0.396,,True,0,,"{""lookback_days"": 250, ""bench_lookback_days"": 60, ""top_n"": 600, ""min_turnover_eok"": 50, ""min_mcap_eok"": 1000, ""max_workers"": 4, ""pass_ebs"": 4, ""cache_format"": ""parquet"", ""rsi_low"": 45.0, ""rsi_high"": 65.0, ""rsi_overheat"": 75.0, ""bb_period"": 20, ""bb_std"": 2.0, ""bb_squeeze_bw"": 10.0, ""kc_period"": 20, ""kc_atr_period"": 20, ""kc_mult"": 1.5, ""bonus_bb_squeeze_score"": 3.0, ""bonus_bb_squeeze_entry"": 4.0, ""trigger_dist_wick_high"": 0.35, ""trigger_dist_wick_mid"": 0.25, ""trigger_ret_pct_dist"": 5.0, ""trigger_ret_pct_weak"": 3.0, ""trigger_range_pos_weak"": 0.6, ""trigger_vol_ratio_spike"": 3.0, ""mtf_struct_bonus"": 10.0, ""mtf_struct_penalty"": 15.0, ""mtf_min_weekly_bars"": 26, ""mtf_min_monthly_bars"": 12, ""w_rr"": 0.25, ""w_t1"": 0.18, ""w_sl"": 0.12, ""w_near"": 0.12, ""w_mom"": 0.1, ""w_liq"": 0.13, ""w_tec"": 0.1, ""w_sector"": 0.05, ""p_overheat_5d"": 6.0, ""p_overheat_10d"": 6.0, ""p_rsi_out"": 4.0, ""p_macd_neg"": 4.0, ""p_near_far"": 4.0, ""p_liq_low"": 4.0, ""p_vol_spike"": 2.0, ""p_big_sl"": 3.0, ""fx_caution"": 1470.0, ""fx_critical"": 1490.0, ""nasdaq_caution"": -1.5, ""nasdaq_critical"": -2.5, ""rec_limit_default"": 5, ""rec_limit_caution"": 3, ""ml_low"": 5.0, ""ml_high"": 25.0, ""ml_max_weight"": 0.2, ""ml_cov_gate"": 0.2, ""trim_pct"": 0.1, ""ebs_pass_threshold"": 3, ""macro_weights"": {""CRITICAL"": [0.55, 0.25], ""HIGH"": [0.5, 0.3], ""NORMAL"": [0.4, 0.4]}, ""slippage_base_bps"": 10.0, ""slippage_low_liq_mult"": 3.0, ""slippage_liq_threshold_eok"": 20.0, ""liq_penalty_very_low_eok"": 5.0, ""liq_penalty_very_low_pts"": 8.0, ""liq_penalty_low_eok"": 10.0, ""liq_penalty_low_pts"": 4.0, ""time_stop_days"": 7, ""time_stop_min_move_pct"": 2.0, ""time_stop_extend_if_profit"": true, ""config_version"": ""2.0.0"", ""_snapshot_ts"": ""2026-03-04T16:47:26.891632""}",2.0.0
34,221800,유투바이오,KOSDAQ,서비스 기타,22550,809.3,0.0,0,,OVERHEAT,OVERHEAT,False,False,False,59.2,59.2,75.0,39.8,66.2,0.0,12020.0,11530.0,13490.0,13740.0,,0.07,1.01,11452,306.74,,0,19.86,75.6,102.27,기타 과학기술 서비스업,80930000000.0,77.8,297.57,0,0,-13.78,21.39,349.51,376.34,275.2,645.57,,,,0.074,0.074,1,12.0,1,0,1.61,0.66,v1_sl_first_gap_at_open,4.08,4.0,3.0,NORMAL+WARN:ATR%=23.9% > 20% — 이상치 의심+PM_BLOCK_INTRADAY+EST_MCAP+EF:정상,enter,100.0,1,1,15014.0,102.14,0.0322,False,O,▲,25439,▲,X,X,0,0,0,0.0,기타 과학기술 서비스업,-2.7985714285714285,,,66.2,44.799010355291514,44.799010355291514,6,1,default,default,default,20260303,20260303,59.2,59.2,59.2,,,0.392,,True,0,,"{""lookback_days"": 250, ""bench_lookback_days"": 60, ""top_n"": 600, ""min_turnover_eok"": 50, ""min_mcap_eok"": 1000, ""max_workers"": 4, ""pass_ebs"": 4, ""cache_format"": ""parquet"", ""rsi_low"": 45.0, ""rsi_high"": 65.0, ""rsi_overheat"": 75.0, ""bb_period"": 20, ""bb_std"": 2.0, ""bb_squeeze_bw"": 10.0, ""kc_period"": 20, ""kc_atr_period"": 20, ""kc_mult"": 1.5, ""bonus_bb_squeeze_score"": 3.0, ""bonus_bb_squeeze_entry"": 4.0, ""trigger_dist_wick_high"": 0.35, ""trigger_dist_wick_mid"": 0.25, ""trigger_ret_pct_dist"": 5.0, ""trigger_ret_pct_weak"": 3.0, ""trigger_range_pos_weak"": 0.6, ""trigger_vol_ratio_spike"": 3.0, ""mtf_struct_bonus"": 10.0, ""mtf_struct_penalty"": 15.0, ""mtf_min_weekly_bars"": 26, ""mtf_min_monthly_bars"": 12, ""w_rr"": 0.25, ""w_t1"": 0.18, ""w_sl"": 0.12, ""w_near"": 0.12, ""w_mom"": 0.1, ""w_liq"": 0.13, ""w_tec"": 0.1, ""w_sector"": 0.05, ""p_overheat_5d"": 6.0, ""p_overheat_10d"": 6.0, ""p_rsi_out"": 4.0, ""p_macd_neg"": 4.0, ""p_near_far"": 4.0, ""p_liq_low"": 4.0, ""p_vol_spike"": 2.0, ""p_big_sl"": 3.0, ""fx_caution"": 1470.0, ""fx_critical"": 1490.0, ""nasdaq_caution"": -1.5, ""nasdaq_critical"": -2.5, ""rec_limit_default"": 5, ""rec_limit_caution"": 3, ""ml_low"": 5.0, ""ml_high"": 25.0, ""ml_max_weight"": 0.2, ""ml_cov_gate"": 0.2, ""trim_pct"": 0.1, ""ebs_pass_threshold"": 3, ""macro_weights"": {""CRITICAL"": [0.55, 0.25], ""HIGH"": [0.5, 0.3], ""NORMAL"": [0.4, 0.4]}, ""slippage_base_bps"": 10.0, ""slippage_low_liq_mult"": 3.0, ""slippage_liq_threshold_eok"": 20.0, ""liq_penalty_very_low_eok"": 5.0, ""liq_penalty_very_low_pts"": 8.0, ""liq_penalty_low_eok"": 10.0, ""liq_penalty_low_pts"": 4.0, ""time_stop_days"": 7, ""time_stop_min_move_pct"": 2.0, ""time_stop_extend_if_profit"": true, ""config_version"": ""2.0.0"", ""_snapshot_ts"": ""2026-03-04T16:47:26.891632""}",2.0.0
35,389140,포바이포,KOSDAQ,미디어·콘텐츠,8570,89.4,0.0,0,,WAIT,WAIT,True,False,False,59.2,59.2,91.8,12.8,86.9,0.0,10220.0,9700.0,11780.0,12040.0,,-1.99,0.28,10264,-0.2,,0,52.21,65.4,3.96,"영화, 비디오물, 방송프로그램 제작 및 배급업",8940000000.0,82.8,86.02,0,0,-8.34,-23.04,-1.35,18.7,20.95,-21.3,,,,0.621,0.398,0,12.0,1,0,2.71,0.45,v1_sl_first_gap_at_open,5.09,5.0,3.0,NORMAL+PM_BLOCK_INTRADAY+EST_MCAP+EF:정상,enter,100.0,1,1,9149.5,-0.43,-1.2102,True,O,▲,12926,▼,X,X,0,0,0,0.0,"영화, 비디오물, 방송프로그램 제작 및 배급업",-23.04,,,86.9,25.0,25.0,6,1,default,default,default,20260303,20260303,59.2,59.2,59.2,,,0.392,low_wr_0.39,True,0,,"{""lookback_days"": 250, ""bench_lookback_days"": 60, ""top_n"": 600, ""min_turnover_eok"": 50, ""min_mcap_eok"": 1000, ""max_workers"": 4, ""pass_ebs"": 4, ""cache_format"": ""parquet"", ""rsi_low"": 45.0, ""rsi_high"": 65.0, ""rsi_overheat"": 75.0, ""bb_period"": 20, ""bb_std"": 2.0, ""bb_squeeze_bw"": 10.0, ""kc_period"": 20, ""kc_atr_period"": 20, ""kc_mult"": 1.5, ""bonus_bb_squeeze_score"": 3.0, ""bonus_bb_squeeze_entry"": 4.0, ""trigger_dist_wick_high"": 0.35, ""trigger_dist_wick_mid"": 0.25, ""trigger_ret_pct_dist"": 5.0, ""trigger_ret_pct_weak"": 3.0, ""trigger_range_pos_weak"": 0.6, ""trigger_vol_ratio_spike"": 3.0, ""mtf_struct_bonus"": 10.0, ""mtf_struct_penalty"": 15.0, ""mtf_min_weekly_bars"": 26, ""mtf_min_monthly_bars"": 12, ""w_rr"": 0.25, ""w_t1"": 0.18, ""w_sl"": 0.12, ""w_near"": 0.12, ""w_mom"": 0.1, ""w_liq"": 0.13, ""w_tec"": 0.1, ""w_sector"": 0.05, ""p_overheat_5d"": 6.0, ""p_overheat_10d"": 6.0, ""p_rsi_out"": 4.0, ""p_macd_neg"": 4.0, ""p_near_far"": 4.0, ""p_liq_low"": 4.0, ""p_vol_spike"": 2.0, ""p_big_sl"": 3.0, ""fx_caution"": 1470.0, ""fx_critical"": 1490.0, ""nasdaq_caution"": -1.5, ""nasdaq_critical"": -2.5, ""rec_limit_default"": 5, ""rec_limit_caution"": 3, ""ml_low"": 5.0, ""ml_high"": 25.0, ""ml_max_weight"": 0.2, ""ml_cov_gate"": 0.2, ""trim_pct"": 0.1, ""ebs_pass_threshold"": 3, ""macro_weights"": {""CRITICAL"": [0.55, 0.25], ""HIGH"": [0.5, 0.3], ""NORMAL"": [0.4, 0.4]}, ""slippage_base_bps"": 10.0, ""slippage_low_liq_mult"": 3.0, ""slippage_liq_threshold_eok"": 20.0, ""liq_penalty_very_low_eok"": 5.0, ""liq_penalty_very_low_pts"": 8.0, ""liq_penalty_low_eok"": 10.0, ""liq_penalty_low_pts"": 4.0, ""time_stop_days"": 7, ""time_stop_min_move_pct"": 2.0, ""time_stop_extend_if_profit"": true, ""config_version"": ""2.0.0"", ""_snapshot_ts"": ""2026-03-04T16:47:26.891632""}",2.0.0
36,125020,티씨머티리얼즈,KOSDAQ,기타,5500,190.41,0.0,0,,OVERHEAT,OVERHEAT,False,False,False,58.6,58.6,80.8,33.2,64.9,0.0,5130.0,4865.0,5930.0,6060.0,,0.79,0.62,5096,0.87,,0,6.23,75.6,22.71,절연선 및 케이블 제조업,19041000000.0,87.5,72.48,0,0,-4.92,2.04,37.7,48.45,92.6,28.54,,,,0.022,0.022,1,12.0,1,0,4.73,0.72,v1_sl_first_gap_at_open,5.17,5.0,3.0,NORMAL+PM_BLOCK_INTRADAY+EST_MCAP+EF:정상,enter,100.0,1,1,4574.5,17.52,-0.0808,False,O,▲,6325,▲,X,X,0,0,0,0.0,절연선 및 케이블 제조업,0.5794594594594594,,,64.9,30.70838704638637,30.70838704638637,4,1,default,default,default,20260303,20260303,58.6,58.6,58.6,,,0.386,,True,0,,"{""lookback_days"": 250, ""bench_lookback_days"": 60, ""top_n"": 600, ""min_turnover_eok"": 50, ""min_mcap_eok"": 1000, ""max_workers"": 4, ""pass_ebs"": 4, ""cache_format"": ""parquet"", ""rsi_low"": 45.0, ""rsi_high"": 65.0, ""rsi_overheat"": 75.0, ""bb_period"": 20, ""bb_std"": 2.0, ""bb_squeeze_bw"": 10.0, ""kc_period"": 20, ""kc_atr_period"": 20, ""kc_mult"": 1.5, ""bonus_bb_squeeze_score"": 3.0, ""bonus_bb_squeeze_entry"": 4.0, ""trigger_dist_wick_high"": 0.35, ""trigger_dist_wick_mid"": 0.25, ""trigger_ret_pct_dist"": 5.0, ""trigger_ret_pct_weak"": 3.0, ""trigger_range_pos_weak"": 0.6, ""trigger_vol_ratio_spike"": 3.0, ""mtf_struct_bonus"": 10.0, ""mtf_struct_penalty"": 15.0, ""mtf_min_weekly_bars"": 26, ""mtf_min_monthly_bars"": 12, ""w_rr"": 0.25, ""w_t1"": 0.18, ""w_sl"": 0.12, ""w_near"": 0.12, ""w_mom"": 0.1, ""w_liq"": 0.13, ""w_tec"": 0.1, ""w_sector"": 0.05, ""p_overheat_5d"": 6.0, ""p_overheat_10d"": 6.0, ""p_rsi_out"": 4.0, ""p_macd_neg"": 4.0, ""p_near_far"": 4.0, ""p_liq_low"": 4.0, ""p_vol_spike"": 2.0, ""p_big_sl"": 3.0, ""fx_caution"": 1470.0, ""fx_critical"": 1490.0, ""nasdaq_caution"": -1.5, ""nasdaq_critical"": -2.5, ""rec_limit_default"": 5, ""rec_limit_caution"": 3, ""ml_low"": 5.0, ""ml_high"": 25.0, ""ml_max_weight"": 0.2, ""ml_cov_gate"": 0.2, ""trim_pct"": 0.1, ""ebs_pass_threshold"": 3, ""macro_weights"": {""CRITICAL"": [0.55, 0.25], ""HIGH"": [0.5, 0.3], ""NORMAL"": [0.4, 0.4]}, ""slippage_base_bps"": 10.0, ""slippage_low_liq_mult"": 3.0, ""slippage_liq_threshold_eok"": 20.0, ""liq_penalty_very_low_eok"": 5.0, ""liq_penalty_very_low_pts"": 8.0, ""liq_penalty_low_eok"": 10.0, ""liq_penalty_low_pts"": 4.0, ""time_stop_days"": 7, ""time_stop_min_move_pct"": 2.0, ""time_stop_extend_if_profit"": true, ""config_version"": ""2.0.0"", ""_snapshot_ts"": ""2026-03-04T16:47:26.891632""}",2.0.0
37,475150,SK이터닉스,KOSPI,건설·부동산,21400,226.84,0.0,0,,WAIT,WAIT,False,False,True,58.6,58.6,83.0,19.8,87.5,0.0,25850.0,24550.0,29750.0,30400.0,,-2.19,0.4,25723,-8.46,,0,22.61,65.0,4.52,건물 건설업,22684000000.0,83.3,68.81,0,0,-10.24,-12.67,8.16,30.49,28.61,26.41,,,,0.238,0.222,0,12.0,1,0,1.29,0.46,v1_sl_first_gap_at_open,5.03,5.0,3.0,NORMAL+PM_BLOCK_INTRADAY+EST_MCAP+EF:정상,enter,100.0,1,1,23989.0,0.49,-0.791,False,O,▲,31271,▼,X,X,0,0,0,0.0,건물 건설업,-8.695,,,87.5,25.0,25.0,6,1,default,default,default,20260303,20260303,58.6,58.6,58.6,,,0.386,,True,0,,"{""lookback_days"": 250, ""bench_lookback_days"": 60, ""top_n"": 600, ""min_turnover_eok"": 50, ""min_mcap_eok"": 1000, ""max_workers"": 4, ""pass_ebs"": 4, ""cache_format"": ""parquet"", ""rsi_low"": 45.0, ""rsi_high"": 65.0, ""rsi_overheat"": 75.0, ""bb_period"": 20, ""bb_std"": 2.0, ""bb_squeeze_bw"": 10.0, ""kc_period"": 20, ""kc_atr_period"": 20, ""kc_mult"": 1.5, ""bonus_bb_squeeze_score"": 3.0, ""bonus_bb_squeeze_entry"": 4.0, ""trigger_dist_wick_high"": 0.35, ""trigger_dist_wick_mid"": 0.25, ""trigger_ret_pct_dist"": 5.0, ""trigger_ret_pct_weak"": 3.0, ""trigger_range_pos_weak"": 0.6, ""trigger_vol_ratio_spike"": 3.0, ""mtf_struct_bonus"": 10.0, ""mtf_struct_penalty"": 15.0, ""mtf_min_weekly_bars"": 26, ""mtf_min_monthly_bars"": 12, ""w_rr"": 0.25, ""w_t1"": 0.18, ""w_sl"": 0.12, ""w_near"": 0.12, ""w_mom"": 0.1, ""w_liq"": 0.13, ""w_tec"": 0.1, ""w_sector"": 0.05, ""p_overheat_5d"": 6.0, ""p_overheat_10d"": 6.0, ""p_rsi_out"": 4.0, ""p_macd_neg"": 4.0, ""p_near_far"": 4.0, ""p_liq_low"": 4.0, ""p_vol_spike"": 2.0, ""p_big_sl"": 3.0, ""fx_caution"": 1470.0, ""fx_critical"": 1490.0, ""nasdaq_caution"": -1.5, ""nasdaq_critical"": -2.5, ""rec_limit_default"": 5, ""rec_limit_caution"": 3, ""ml_low"": 5.0, ""ml_high"": 25.0, ""ml_max_weight"": 0.2, ""ml_cov_gate"": 0.2, ""trim_pct"": 0.1, ""ebs_pass_threshold"": 3, ""macro_weights"": {""CRITICAL"": [0.55, 0.25], ""HIGH"": [0.5, 0.3], ""NORMAL"": [0.4, 0.4]}, ""slippage_base_bps"": 10.0, ""slippage_low_liq_mult"": 3.0, ""slippage_liq_threshold_eok"": 20.0, ""liq_penalty_very_low_eok"": 5.0, ""liq_penalty_very_low_pts"": 8.0, ""liq_penalty_low_eok"": 10.0, ""liq_penalty_low_pts"": 4.0, ""time_stop_days"": 7, ""time_stop_min_move_pct"": 2.0, ""time_stop_extend_if_profit"": true, ""config_version"": ""2.0.0"", ""_snapshot_ts"": ""2026-03-04T16:47:26.891632""}",2.0.0
38,457190,이수스페셜티케미컬,KOSPI,화학·소재,88100,900.7,0.0,0,,WAIT,WAIT,True,False,False,58.6,58.6,45.4,77.7,46.6,0.0,105200.0,100900.0,118100.0,120300.0,,0.28,1.15,86404,3.7,,0,-2.25,49.6,1.24,기초 화학물질 제조업,90070000000.0,58.0,23.46,0,0,-8.68,9.13,5.94,-1.03,102.31,135.61,,,,0.063,0.063,1,12.0,0,0,2.34,0.33,v1_sl_first_gap_at_open,4.09,4.0,3.0,NORMAL+PM_BLOCK_INTRADAY+EST_MCAP+EF:정상,enter,100.0,1,1,93035.0,21.75,0.4619,False,O,▲,103074,▲,O,X,0,0,0,0.0,기초 화학물질 제조업,-2.4749999999999996,,,46.6,56.85318382275806,56.85318382275806,6,1,default,default,default,20260303,20260303,58.6,58.6,58.6,,,0.386,low_wr_0.39,True,0,,"{""lookback_days"": 250, ""bench_lookback_days"": 60, ""top_n"": 600, ""min_turnover_eok"": 50, ""min_mcap_eok"": 1000, ""max_workers"": 4, ""pass_ebs"": 4, ""cache_format"": ""parquet"", ""rsi_low"": 45.0, ""rsi_high"": 65.0, ""rsi_overheat"": 75.0, ""bb_period"": 20, ""bb_std"": 2.0, ""bb_squeeze_bw"": 10.0, ""kc_period"": 20, ""kc_atr_period"": 20, ""kc_mult"": 1.5, ""bonus_bb_squeeze_score"": 3.0, ""bonus_bb_squeeze_entry"": 4.0, ""trigger_dist_wick_high"": 0.35, ""trigger_dist_wick_mid"": 0.25, ""trigger_ret_pct_dist"": 5.0, ""trigger_ret_pct_weak"": 3.0, ""trigger_range_pos_weak"": 0.6, ""trigger_vol_ratio_spike"": 3.0, ""mtf_struct_bonus"": 10.0, ""mtf_struct_penalty"": 15.0, ""mtf_min_weekly_bars"": 26, ""mtf_min_monthly_bars"": 12, ""w_rr"": 0.25, ""w_t1"": 0.18, ""w_sl"": 0.12, ""w_near"": 0.12, ""w_mom"": 0.1, ""w_liq"": 0.13, ""w_tec"": 0.1, ""w_sector"": 0.05, ""p_overheat_5d"": 6.0, ""p_overheat_10d"": 6.0, ""p_rsi_out"": 4.0, ""p_macd_neg"": 4.0, ""p_near_far"": 4.0, ""p_liq_low"": 4.0, ""p_vol_spike"": 2.0, ""p_big_sl"": 3.0, ""fx_caution"": 1470.0, ""fx_critical"": 1490.0, ""nasdaq_caution"": -1.5, ""nasdaq_critical"": -2.5, ""rec_limit_default"": 5, ""rec_limit_caution"": 3, ""ml_low"": 5.0, ""ml_high"": 25.0, ""ml_max_weight"": 0.2, ""ml_cov_gate"": 0.2, ""trim_pct"": 0.1, ""ebs_pass_threshold"": 3, ""macro_weights"": {""CRITICAL"": [0.55, 0.25], ""HIGH"": [0.5, 0.3], ""NORMAL"": [0.4, 0.4]}, ""slippage_base_bps"": 10.0, ""slippage_low_liq_mult"": 3.0, ""slippage_liq_threshold_eok"": 20.0, ""liq_penalty_very_low_eok"": 5.0, ""liq_penalty_very_low_pts"": 8.0, ""liq_penalty_low_eok"": 10.0, ""liq_penalty_low_pts"": 4.0, ""time_stop_days"": 7, ""time_stop_min_move_pct"": 2.0, ""time_stop_extend_if_profit"": true, ""config_version"": ""2.0.0"", ""_snapshot_ts"": ""2026-03-04T16:47:26.891632""}",2.0.0
39,474650,링크솔루션,KOSDAQ,조선·기계·설비,65400,205.56,0.0,0,,WAIT,WAIT,True,False,False,58.1,58.1,86.3,50.2,17.5,0.0,79500.0,75500.0,91500.0,93500.0,,0.08,0.56,62215,23.11,,0,14.8,55.9,8.81,특수 목적용 기계 제조업,20556000000.0,59.3,44.02,0,0,-5.58,-0.25,16.74,23.07,141.27,251.77,,,,0.019,0.019,1,12.0,1,0,2.12,0.61,v1_sl_first_gap_at_open,5.03,5.0,3.0,NORMAL+PM_BLOCK_INTRADAY+EST_MCAP+EF:정상,enter,100.0,1,1,58910.0,27.78,-0.1608,False,O,▲,83004,▲,X,X,0,0,0,0.0,특수 목적용 기계 제조업,-1.14,,,17.5,31.426100650103603,31.426100650103603,6,1,default,default,default,20260303,20260303,58.1,58.1,58.1,,,0.381,low_wr_0.38,True,0,,"{""lookback_days"": 250, ""bench_lookback_days"": 60, ""top_n"": 600, ""min_turnover_eok"": 50, ""min_mcap_eok"": 1000, ""max_workers"": 4, ""pass_ebs"": 4, ""cache_format"": ""parquet"", ""rsi_low"": 45.0, ""rsi_high"": 65.0, ""rsi_overheat"": 75.0, ""bb_period"": 20, ""bb_std"": 2.0, ""bb_squeeze_bw"": 10.0, ""kc_period"": 20, ""kc_atr_period"": 20, ""kc_mult"": 1.5, ""bonus_bb_squeeze_score"": 3.0, ""bonus_bb_squeeze_entry"": 4.0, ""trigger_dist_wick_high"": 0.35, ""trigger_dist_wick_mid"": 0.25, ""trigger_ret_pct_dist"": 5.0, ""trigger_ret_pct_weak"": 3.0, ""trigger_range_pos_weak"": 0.6, ""trigger_vol_ratio_spike"": 3.0, ""mtf_struct_bonus"": 10.0, ""mtf_struct_penalty"": 15.0, ""mtf_min_weekly_bars"": 26, ""mtf_min_monthly_bars"": 12, ""w_rr"": 0.25, ""w_t1"": 0.18, ""w_sl"": 0.12, ""w_near"": 0.12, ""w_mom"": 0.1, ""w_liq"": 0.13, ""w_tec"": 0.1, ""w_sector"": 0.05, ""p_overheat_5d"": 6.0, ""p_overheat_10d"": 6.0, ""p_rsi_out"": 4.0, ""p_macd_neg"": 4.0, ""p_near_far"": 4.0, ""p_liq_low"": 4.0, ""p_vol_spike"": 2.0, ""p_big_sl"": 3.0, ""fx_caution"": 1470.0, ""fx_critical"": 1490.0, ""nasdaq_caution"": -1.5, ""nasdaq_critical"": -2.5, ""rec_limit_default"": 5, ""rec_limit_caution"": 3, ""ml_low"": 5.0, ""ml_high"": 25.0, ""ml_max_weight"": 0.2, ""ml_cov_gate"": 0.2, ""trim_pct"": 0.1, ""ebs_pass_threshold"": 3, ""macro_weights"": {""CRITICAL"": [0.55, 0.25], ""HIGH"": [0.5, 0.3], ""NORMAL"": [0.4, 0.4]}, ""slippage_base_bps"": 10.0, ""slippage_low_liq_mult"": 3.0, ""slippage_liq_threshold_eok"": 20.0, ""liq_penalty_very_low_eok"": 5.0, ""liq_penalty_very_low_pts"": 8.0, ""liq_penalty_low_eok"": 10.0, ""liq_penalty_low_pts"": 4.0, ""time_stop_days"": 7, ""time_stop_min_move_pct"": 2.0, ""time_stop_extend_if_profit"": true, ""config_version"": ""2.0.0"", ""_snapshot_ts"": ""2026-03-04T16:47:26.891632""}",2.0.0
40,475960,토모큐브,KOSDAQ,기타,54900,101.86,0.0,0,,WAIT,WAIT,False,False,True,57.5,57.5,80.7,48.6,28.9,0.0,64000.0,60800.0,73600.0,75200.0,🚀급등시동,-0.39,0.6,53900,30.63,,0,18.05,69.3,12.64,사진장비 및 광학기기 제조업,10186000000.0,77.8,49.05,0,0,-2.44,-3.47,6.31,34.88,34.03,51.3,,,,0.016,0.016,1,12.0,1,0,1.26,0.84,v1_sl_first_gap_at_open,5.0,5.0,3.0,NORMAL+PM_BLOCK_INTRADAY+EST_MCAP+EF:정상,enter,100.0,1,1,51210.0,18.74,-0.1561,False,O,▲,65820,▲,X,X,0,0,0,0.0,사진장비 및 광학기기 제조업,0.5794594594594594,,,28.9,29.935494240681933,29.935494240681933,6,1,default,default,default,20260303,20260303,57.5,57.5,57.5,,,0.375,,True,0,,"{""lookback_days"": 250, ""bench_lookback_days"": 60, ""top_n"": 600, ""min_turnover_eok"": 50, ""min_mcap_eok"": 1000, ""max_workers"": 4, ""pass_ebs"": 4, ""cache_format"": ""parquet"", ""rsi_low"": 45.0, ""rsi_high"": 65.0, ""rsi_overheat"": 75.0, ""bb_period"": 20, ""bb_std"": 2.0, ""bb_squeeze_bw"": 10.0, ""kc_period"": 20, ""kc_atr_period"": 20, ""kc_mult"": 1.5, ""bonus_bb_squeeze_score"": 3.0, ""bonus_bb_squeeze_entry"": 4.0, ""trigger_dist_wick_high"": 0.35, ""trigger_dist_wick_mid"": 0.25, ""trigger_ret_pct_dist"": 5.0, ""trigger_ret_pct_weak"": 3.0, ""trigger_range_pos_weak"": 0.6, ""trigger_vol_ratio_spike"": 3.0, ""mtf_struct_bonus"": 10.0, ""mtf_struct_penalty"": 15.0, ""mtf_min_weekly_bars"": 26, ""mtf_min_monthly_bars"": 12, ""w_rr"": 0.25, ""w_t1"": 0.18, ""w_sl"": 0.12, ""w_near"": 0.12, ""w_mom"": 0.1, ""w_liq"": 0.13, ""w_tec"": 0.1, ""w_sector"": 0.05, ""p_overheat_5d"": 6.0, ""p_overheat_10d"": 6.0, ""p_rsi_out"": 4.0, ""p_macd_neg"": 4.0, ""p_near_far"": 4.0, ""p_liq_low"": 4.0, ""p_vol_spike"": 2.0, ""p_big_sl"": 3.0, ""fx_caution"": 1470.0, ""fx_critical"": 1490.0, ""nasdaq_caution"": -1.5, ""nasdaq_critical"": -2.5, ""rec_limit_default"": 5, ""rec_limit_caution"": 3, ""ml_low"": 5.0, ""ml_high"": 25.0, ""ml_max_weight"": 0.2, ""ml_cov_gate"": 0.2, ""trim_pct"": 0.1, ""ebs_pass_threshold"": 3, ""macro_weights"": {""CRITICAL"": [0.55, 0.25], ""HIGH"": [0.5, 0.3], ""NORMAL"": [0.4, 0.4]}, ""slippage_base_bps"": 10.0, ""slippage_low_liq_mult"": 3.0, ""slippage_liq_threshold_eok"": 20.0, ""liq_penalty_very_low_eok"": 5.0, ""liq_penalty_very_low_pts"": 8.0, ""liq_penalty_low_eok"": 10.0, ""liq_penalty_low_pts"": 4.0, ""time_stop_days"": 7, ""time_stop_min_move_pct"": 2.0, ""time_stop_extend_if_profit"": true, ""config_version"": ""2.0.0"", ""_snapshot_ts"": ""2026-03-04T16:47:26.891632""}",2.0.0
41,452260,한화갤러리아,KOSPI,유통·소비재,2625,278.58,0.0,0,,WAIT,WAIT,False,False,True,57.4,57.4,82.2,38.2,46.1,0.0,2575.0,2440.0,2980.0,3050.0,,0.82,0.41,2056,73.6,,0,23.3,66.4,15.1,종합 소매업,27858000000.0,83.8,79.2,0,0,-10.48,-0.53,27.89,52.85,162.33,150.22,,,,0.09,0.09,1,12.0,1,0,1.96,0.52,v1_sl_first_gap_at_open,5.24,5.0,3.0,NORMAL+PM_BLOCK_INTRADAY+EST_MCAP+EF:정상,enter,100.0,1,1,2425.5,37.14,-0.3159,False,O,▲,3251,▲,X,X,0,0,0,0.0,종합 소매업,-2.805,,,46.1,25.95228314201763,25.95228314201763,6,1,default,default,default,20260303,20260303,57.4,57.4,57.4,,,0.374,,True,0,,"{""lookback_days"": 250, ""bench_lookback_days"": 60, ""top_n"": 600, ""min_turnover_eok"": 50, ""min_mcap_eok"": 1000, ""max_workers"": 4, ""pass_ebs"": 4, ""cache_format"": ""parquet"", ""rsi_low"": 45.0, ""rsi_high"": 65.0, ""rsi_overheat"": 75.0, ""bb_period"": 20, ""bb_std"": 2.0, ""bb_squeeze_bw"": 10.0, ""kc_period"": 20, ""kc_atr_period"": 20, ""kc_mult"": 1.5, ""bonus_bb_squeeze_score"": 3.0, ""bonus_bb_squeeze_entry"": 4.0, ""trigger_dist_wick_high"": 0.35, ""trigger_dist_wick_mid"": 0.25, ""trigger_ret_pct_dist"": 5.0, ""trigger_ret_pct_weak"": 3.0, ""trigger_range_pos_weak"": 0.6, ""trigger_vol_ratio_spike"": 3.0, ""mtf_struct_bonus"": 10.0, ""mtf_struct_penalty"": 15.0, ""mtf_min_weekly_bars"": 26, ""mtf_min_monthly_bars"": 12, ""w_rr"": 0.25, ""w_t1"": 0.18, ""w_sl"": 0.12, ""w_near"": 0.12, ""w_mom"": 0.1, ""w_liq"": 0.13, ""w_tec"": 0.1, ""w_sector"": 0.05, ""p_overheat_5d"": 6.0, ""p_overheat_10d"": 6.0, ""p_rsi_out"": 4.0, ""p_macd_neg"": 4.0, ""p_near_far"": 4.0, ""p_liq_low"": 4.0, ""p_vol_spike"": 2.0, ""p_big_sl"": 3.0, ""fx_caution"": 1470.0, ""fx_critical"": 1490.0, ""nasdaq_caution"": -1.5, ""nasdaq_critical"": -2.5, ""rec_limit_default"": 5, ""rec_limit_caution"": 3, ""ml_low"": 5.0, ""ml_high"": 25.0, ""ml_max_weight"": 0.2, ""ml_cov_gate"": 0.2, ""trim_pct"": 0.1, ""ebs_pass_threshold"": 3, ""macro_weights"": {""CRITICAL"": [0.55, 0.25], ""HIGH"": [0.5, 0.3], ""NORMAL"": [0.4, 0.4]}, ""slippage_base_bps"": 10.0, ""slippage_low_liq_mult"": 3.0, ""slippage_liq_threshold_eok"": 20.0, ""liq_penalty_very_low_eok"": 5.0, ""liq_penalty_very_low_pts"": 8.0, ""liq_penalty_low_eok"": 10.0, ""liq_penalty_low_pts"": 4.0, ""time_stop_days"": 7, ""time_stop_min_move_pct"": 2.0, ""time_stop_extend_if_profit"": true, ""config_version"": ""2.0.0"", ""_snapshot_ts"": ""2026-03-04T16:47:26.891632""}",2.0.0
42,178920,PI첨단소재,KOSPI,기타,16760,60.14,0.0,0,,WAIT,WAIT,False,False,True,57.3,57.3,79.6,47.3,32.9,0.0,19540.0,18560.0,22500.0,23000.0,⚡눌림회복,-0.55,0.73,18487,3.72,,0,17.98,52.6,0.98,플라스틱제품 제조업,6014000000.0,47.0,32.88,0,0,-2.54,-1.26,-4.68,18.42,17.29,15.01,,,,0.174,0.174,1,12.0,1,0,1.48,0.65,v1_sl_first_gap_at_open,5.02,5.0,3.0,NORMAL+PM_BLOCK_INTRADAY+EST_MCAP+EF:정상,enter,100.0,1,1,18000.0,5.69,-0.2539,False,O,▲,20790,▼,X,X,0,0,0,0.0,플라스틱제품 제조업,0.5794594594594594,,,32.9,33.50800427557877,33.50800427557877,6,1,default,default,default,20260303,20260303,57.3,57.3,57.3,,,0.373,,True,0,,"{""lookback_days"": 250, ""bench_lookback_days"": 60, ""top_n"": 600, ""min_turnover_eok"": 50, ""min_mcap_eok"": 1000, ""max_workers"": 4, ""pass_ebs"": 4, ""cache_format"": ""parquet"", ""rsi_low"": 45.0, ""rsi_high"": 65.0, ""rsi_overheat"": 75.0, ""bb_period"": 20, ""bb_std"": 2.0, ""bb_squeeze_bw"": 10.0, ""kc_period"": 20, ""kc_atr_period"": 20, ""kc_mult"": 1.5, ""bonus_bb_squeeze_score"": 3.0, ""bonus_bb_squeeze_entry"": 4.0, ""trigger_dist_wick_high"": 0.35, ""trigger_dist_wick_mid"": 0.25, ""trigger_ret_pct_dist"": 5.0, ""trigger_ret_pct_weak"": 3.0, ""trigger_range_pos_weak"": 0.6, ""trigger_vol_ratio_spike"": 3.0, ""mtf_struct_bonus"": 10.0, ""mtf_struct_penalty"": 15.0, ""mtf_min_weekly_bars"": 26, ""mtf_min_monthly_bars"": 12, ""w_rr"": 0.25, ""w_t1"": 0.18, ""w_sl"": 0.12, ""w_near"": 0.12, ""w_mom"": 0.1, ""w_liq"": 0.13, ""w_tec"": 0.1, ""w_sector"": 0.05, ""p_overheat_5d"": 6.0, ""p_overheat_10d"": 6.0, ""p_rsi_out"": 4.0, ""p_macd_neg"": 4.0, ""p_near_far"": 4.0, ""p_liq_low"": 4.0, ""p_vol_spike"": 2.0, ""p_big_sl"": 3.0, ""fx_caution"": 1470.0, ""fx_critical"": 1490.0, ""nasdaq_caution"": -1.5, ""nasdaq_critical"": -2.5, ""rec_limit_default"": 5, ""rec_limit_caution"": 3, ""ml_low"": 5.0, ""ml_high"": 25.0, ""ml_max_weight"": 0.2, ""ml_cov_gate"": 0.2, ""trim_pct"": 0.1, ""ebs_pass_threshold"": 3, ""macro_weights"": {""CRITICAL"": [0.55, 0.25], ""HIGH"": [0.5, 0.3], ""NORMAL"": [0.4, 0.4]}, ""slippage_base_bps"": 10.0, ""slippage_low_liq_mult"": 3.0, ""slippage_liq_threshold_eok"": 20.0, ""liq_penalty_very_low_eok"": 5.0, ""liq_penalty_very_low_pts"": 8.0, ""liq_penalty_low_eok"": 10.0, ""liq_penalty_low_pts"": 4.0, ""time_stop_days"": 7, ""time_stop_min_move_pct"": 2.0, ""time_stop_extend_if_profit"": true, ""config_version"": ""2.0.0"", ""_snapshot_ts"": ""2026-03-04T16:47:26.891632""}",2.0.0
43,388790,라이콤,KOSDAQ,IT/전기전자,2860,110.43,0.0,0,,WAIT,WAIT,True,False,False,57.0,57.0,85.1,28.4,58.0,0.0,3015.0,2860.0,3480.0,3560.0,🚀급등시동,1.02,2.75,2842,32.46,,0,21.49,67.9,16.47,통신 및 방송 장비 제조업,11043000000.0,84.0,41.85,0,0,7.38,12.44,10.03,31.69,35.98,52.39,,,,0.038,0.038,1,12.0,1,0,2.95,0.77,v1_sl_first_gap_at_open,5.14,5.0,3.0,NORMAL+PM_BLOCK_INTRADAY+EST_MCAP+EF:정상,enter,100.0,1,1,2513.0,17.69,-0.0011,False,O,▲,3260,▲,O,X,0,0,0,0.0,통신 및 방송 장비 제조업,-4.951904761904761,,,58.0,12.536876823007963,12.536876823007963,6,1,default,default,default,20260303,20260303,57.0,57.0,57.0,,,0.37,low_wr_0.37,True,0,,"{""lookback_days"": 250, ""bench_lookback_days"": 60, ""top_n"": 600, ""min_turnover_eok"": 50, ""min_mcap_eok"": 1000, ""max_workers"": 4, ""pass_ebs"": 4, ""cache_format"": ""parquet"", ""rsi_low"": 45.0, ""rsi_high"": 65.0, ""rsi_overheat"": 75.0, ""bb_period"": 20, ""bb_std"": 2.0, ""bb_squeeze_bw"": 10.0, ""kc_period"": 20, ""kc_atr_period"": 20, ""kc_mult"": 1.5, ""bonus_bb_squeeze_score"": 3.0, ""bonus_bb_squeeze_entry"": 4.0, ""trigger_dist_wick_high"": 0.35, ""trigger_dist_wick_mid"": 0.25, ""trigger_ret_pct_dist"": 5.0, ""trigger_ret_pct_weak"": 3.0, ""trigger_range_pos_weak"": 0.6, ""trigger_vol_ratio_spike"": 3.0, ""mtf_struct_bonus"": 10.0, ""mtf_struct_penalty"": 15.0, ""mtf_min_weekly_bars"": 26, ""mtf_min_monthly_bars"": 12, ""w_rr"": 0.25, ""w_t1"": 0.18, ""w_sl"": 0.12, ""w_near"": 0.12, ""w_mom"": 0.1, ""w_liq"": 0.13, ""w_tec"": 0.1, ""w_sector"": 0.05, ""p_overheat_5d"": 6.0, ""p_overheat_10d"": 6.0, ""p_rsi_out"": 4.0, ""p_macd_neg"": 4.0, ""p_near_far"": 4.0, ""p_liq_low"": 4.0, ""p_vol_spike"": 2.0, ""p_big_sl"": 3.0, ""fx_caution"": 1470.0, ""fx_critical"": 1490.0, ""nasdaq_caution"": -1.5, ""nasdaq_critical"": -2.5, ""rec_limit_default"": 5, ""rec_limit_caution"": 3, ""ml_low"": 5.0, ""ml_high"": 25.0, ""ml_max_weight"": 0.2, ""ml_cov_gate"": 0.2, ""trim_pct"": 0.1, ""ebs_pass_threshold"": 3, ""macro_weights"": {""CRITICAL"": [0.55, 0.25], ""HIGH"": [0.5, 0.3], ""NORMAL"": [0.4, 0.4]}, ""slippage_base_bps"": 10.0, ""slippage_low_liq_mult"": 3.0, ""slippage_liq_threshold_eok"": 20.0, ""liq_penalty_very_low_eok"": 5.0, ""liq_penalty_very_low_pts"": 8.0, ""liq_penalty_low_eok"": 10.0, ""liq_penalty_low_pts"": 4.0, ""time_stop_days"": 7, ""time_stop_min_move_pct"": 2.0, ""time_stop_extend_if_profit"": true, ""config_version"": ""2.0.0"", ""_snapshot_ts"": ""2026-03-04T16:47:26.891632""}",2.0.0
44,465770,STX그린로지스,KOSPI,기타,8350,97.43,0.0,0,,WAIT,WAIT,True,False,False,56.9,56.9,58.9,57.5,51.5,0.0,6670.0,6330.0,7690.0,7860.0,,0.29,6.48,6636,-2.23,,4,1.04,66.7,21.07,해상 운송업,9743000000.0,85.1,26.48,0,0,29.9,12.59,24.03,23.04,18.86,5.34,,,,0.288,0.288,0,12.0,0,0,2.64,1.0,v1_sl_first_gap_at_open,5.1,5.0,3.0,NORMAL+PM_BLOCK_INTRADAY+EST_MCAP+EF:극단갭(27.2%)/급등(29.9%) → 진입 보류+ENTRY:hold,hold,0.0,1,1,5553.0,15.88,-0.0752,False,O,▲,6647,▲,O,X,0,0,0,0.0,해상 운송업,0.5794594594594594,,,51.5,60.35082216863975,60.35082216863975,6,1,default,default,default,20260303,20260303,56.9,56.9,56.9,,,0.369,low_wr_0.37,True,0,,"{""lookback_days"": 250, ""bench_lookback_days"": 60, ""top_n"": 600, ""min_turnover_eok"": 50, ""min_mcap_eok"": 1000, ""max_workers"": 4, ""pass_ebs"": 4, ""cache_format"": ""parquet"", ""rsi_low"": 45.0, ""rsi_high"": 65.0, ""rsi_overheat"": 75.0, ""bb_period"": 20, ""bb_std"": 2.0, ""bb_squeeze_bw"": 10.0, ""kc_period"": 20, ""kc_atr_period"": 20, ""kc_mult"": 1.5, ""bonus_bb_squeeze_score"": 3.0, ""bonus_bb_squeeze_entry"": 4.0, ""trigger_dist_wick_high"": 0.35, ""trigger_dist_wick_mid"": 0.25, ""trigger_ret_pct_dist"": 5.0, ""trigger_ret_pct_weak"": 3.0, ""trigger_range_pos_weak"": 0.6, ""trigger_vol_ratio_spike"": 3.0, ""mtf_struct_bonus"": 10.0, ""mtf_struct_penalty"": 15.0, ""mtf_min_weekly_bars"": 26, ""mtf_min_monthly_bars"": 12, ""w_rr"": 0.25, ""w_t1"": 0.18, ""w_sl"": 0.12, ""w_near"": 0.12, ""w_mom"": 0.1, ""w_liq"": 0.13, ""w_tec"": 0.1, ""w_sector"": 0.05, ""p_overheat_5d"": 6.0, ""p_overheat_10d"": 6.0, ""p_rsi_out"": 4.0, ""p_macd_neg"": 4.0, ""p_near_far"": 4.0, ""p_liq_low"": 4.0, ""p_vol_spike"": 2.0, ""p_big_sl"": 3.0, ""fx_caution"": 1470.0, ""fx_critical"": 1490.0, ""nasdaq_caution"": -1.5, ""nasdaq_critical"": -2.5, ""rec_limit_default"": 5, ""rec_limit_caution"": 3, ""ml_low"": 5.0, ""ml_high"": 25.0, ""ml_max_weight"": 0.2, ""ml_cov_gate"": 0.2, ""trim_pct"": 0.1, ""ebs_pass_threshold"": 3, ""macro_weights"": {""CRITICAL"": [0.55, 0.25], ""HIGH"": [0.5, 0.3], ""NORMAL"": [0.4, 0.4]}, ""slippage_base_bps"": 10.0, ""slippage_low_liq_mult"": 3.0, ""slippage_liq_threshold_eok"": 20.0, ""liq_penalty_very_low_eok"": 5.0, ""liq_penalty_very_low_pts"": 8.0, ""liq_penalty_low_eok"": 10.0, ""liq_penalty_low_pts"": 4.0, ""time_stop_days"": 7, ""time_stop_min_move_pct"": 2.0, ""time_stop_extend_if_profit"": true, ""config_version"": ""2.0.0"", ""_snapshot_ts"": ""2026-03-04T16:47:26.891632""}",2.0.0
45,484590,삼양컴텍,KOSDAQ,기타,13150,1130.27,0.0,0,,OVERHEAT,OVERHEAT,False,False,False,56.4,56.4,84.7,42.8,27.0,0.0,13080.0,12550.0,14670.0,14940.0,,-0.19,8.43,13463,14.69,,0,3.76,76.0,24.14,무기 및 총포탄 제조업,113027000000.0,84.7,28.66,0,0,20.22,22.02,29.81,17.12,32.93,-5.21,,,,0.483,0.041,1,11.3,1,0,2.53,0.98,v1_sl_first_gap_at_open,4.05,4.0,3.0,NORMAL+PM_BLOCK_INTRADAY+EST_MCAP+EF:극단갭(16.6%)/급등(20.2%) → 진입 보류+ENTRY:hold,hold,0.0,1,1,11535.0,14.83,0.2552,False,O,▼,12930,▲,O,X,0,0,0,0.0,무기 및 총포탄 제조업,0.5794594594594594,,,27.0,52.0,52.0,6,1,default,default,default,20260303,20260303,56.4,56.4,56.4,,,0.364,,True,0,,"{""lookback_days"": 250, ""bench_lookback_days"": 60, ""top_n"": 600, ""min_turnover_eok"": 50, ""min_mcap_eok"": 1000, ""max_workers"": 4, ""pass_ebs"": 4, ""cache_format"": ""parquet"", ""rsi_low"": 45.0, ""rsi_high"": 65.0, ""rsi_overheat"": 75.0, ""bb_period"": 20, ""bb_std"": 2.0, ""bb_squeeze_bw"": 10.0, ""kc_period"": 20, ""kc_atr_period"": 20, ""kc_mult"": 1.5, ""bonus_bb_squeeze_score"": 3.0, ""bonus_bb_squeeze_entry"": 4.0, ""trigger_dist_wick_high"": 0.35, ""trigger_dist_wick_mid"": 0.25, ""trigger_ret_pct_dist"": 5.0, ""trigger_ret_pct_weak"": 3.0, ""trigger_range_pos_weak"": 0.6, ""trigger_vol_ratio_spike"": 3.0, ""mtf_struct_bonus"": 10.0, ""mtf_struct_penalty"": 15.0, ""mtf_min_weekly_bars"": 26, ""mtf_min_monthly_bars"": 12, ""w_rr"": 0.25, ""w_t1"": 0.18, ""w_sl"": 0.12, ""w_near"": 0.12, ""w_mom"": 0.1, ""w_liq"": 0.13, ""w_tec"": 0.1, ""w_sector"": 0.05, ""p_overheat_5d"": 6.0, ""p_overheat_10d"": 6.0, ""p_rsi_out"": 4.0, ""p_macd_neg"": 4.0, ""p_near_far"": 4.0, ""p_liq_low"": 4.0, ""p_vol_spike"": 2.0, ""p_big_sl"": 3.0, ""fx_caution"": 1470.0, ""fx_critical"": 1490.0, ""nasdaq_caution"": -1.5, ""nasdaq_critical"": -2.5, ""rec_limit_default"": 5, ""rec_limit_caution"": 3, ""ml_low"": 5.0, ""ml_high"": 25.0, ""ml_max_weight"": 0.2, ""ml_cov_gate"": 0.2, ""trim_pct"": 0.1, ""ebs_pass_threshold"": 3, ""macro_weights"": {""CRITICAL"": [0.55, 0.25], ""HIGH"": [0.5, 0.3], ""NORMAL"": [0.4, 0.4]}, ""slippage_base_bps"": 10.0, ""slippage_low_liq_mult"": 3.0, ""slippage_liq_threshold_eok"": 20.0, ""liq_penalty_very_low_eok"": 5.0, ""liq_penalty_very_low_pts"": 8.0, ""liq_penalty_low_eok"": 10.0, ""liq_penalty_low_pts"": 4.0, ""time_stop_days"": 7, ""time_stop_min_move_pct"": 2.0, ""time_stop_extend_if_profit"": true, ""config_version"": ""2.0.0"", ""_snapshot_ts"": ""2026-03-04T16:47:26.891632""}",2.0.0
46,254490,미래반도체,KOSDAQ,기타,16210,95.98,0.0,0,,WAIT,WAIT,True,False,False,55.7,55.7,90.1,41.3,15.5,0.0,19120.0,18160.0,22000.0,22500.0,,1.4,0.58,19028,1.46,,0,3.94,56.1,2.82,기타 전문 도매업,9598000000.0,86.3,26.99,0,0,-7.86,5.11,8.95,11.29,23.75,12.54,,,,0.237,0.237,1,12.0,0,0,3.83,0.34,v1_sl_first_gap_at_open,5.02,5.0,3.0,NORMAL+PM_BLOCK_INTRADAY+EST_MCAP+EF:정상,enter,100.0,1,1,17390.0,0.48,0.1151,False,O,▲,20180,▲,X,X,0,0,0,0.0,기타 전문 도매업,0.5794594594594594,,,15.5,30.380186372016546,30.380186372016546,8,1,default,default,default,20260303,20260303,55.7,55.7,55.7,,,0.357,low_wr_0.36,True,0,,"{""lookback_days"": 250, ""bench_lookback_days"": 60, ""top_n"": 600, ""min_turnover_eok"": 50, ""min_mcap_eok"": 1000, ""max_workers"": 4, ""pass_ebs"": 4, ""cache_format"": ""parquet"", ""rsi_low"": 45.0, ""rsi_high"": 65.0, ""rsi_overheat"": 75.0, ""bb_period"": 20, ""bb_std"": 2.0, ""bb_squeeze_bw"": 10.0, ""kc_period"": 20, ""kc_atr_period"": 20, ""kc_mult"": 1.5, ""bonus_bb_squeeze_score"": 3.0, ""bonus_bb_squeeze_entry"": 4.0, ""trigger_dist_wick_high"": 0.35, ""trigger_dist_wick_mid"": 0.25, ""trigger_ret_pct_dist"": 5.0, ""trigger_ret_pct_weak"": 3.0, ""trigger_range_pos_weak"": 0.6, ""trigger_vol_ratio_spike"": 3.0, ""mtf_struct_bonus"": 10.0, ""mtf_struct_penalty"": 15.0, ""mtf_min_weekly_bars"": 26, ""mtf_min_monthly_bars"": 12, ""w_rr"": 0.25, ""w_t1"": 0.18, ""w_sl"": 0.12, ""w_near"": 0.12, ""w_mom"": 0.1, ""w_liq"": 0.13, ""w_tec"": 0.1, ""w_sector"": 0.05, ""p_overheat_5d"": 6.0, ""p_overheat_10d"": 6.0, ""p_rsi_out"": 4.0, ""p_macd_neg"": 4.0, ""p_near_far"": 4.0, ""p_liq_low"": 4.0, ""p_vol_spike"": 2.0, ""p_big_sl"": 3.0, ""fx_caution"": 1470.0, ""fx_critical"": 1490.0, ""nasdaq_caution"": -1.5, ""nasdaq_critical"": -2.5, ""rec_limit_default"": 5, ""rec_limit_caution"": 3, ""ml_low"": 5.0, ""ml_high"": 25.0, ""ml_max_weight"": 0.2, ""ml_cov_gate"": 0.2, ""trim_pct"": 0.1, ""ebs_pass_threshold"": 3, ""macro_weights"": {""CRITICAL"": [0.55, 0.25], ""HIGH"": [0.5, 0.3], ""NORMAL"": [0.4, 0.4]}, ""slippage_base_bps"": 10.0, ""slippage_low_liq_mult"": 3.0, ""slippage_liq_threshold_eok"": 20.0, ""liq_penalty_very_low_eok"": 5.0, ""liq_penalty_very_low_pts"": 8.0, ""liq_penalty_low_eok"": 10.0, ""liq_penalty_low_pts"": 4.0, ""time_stop_days"": 7, ""time_stop_min_move_pct"": 2.0, ""time_stop_extend_if_profit"": true, ""config_version"": ""2.0.0"", ""_snapshot_ts"": ""2026-03-04T16:47:26.891632""}",2.0.0
47,460930,현대힘스,KOSDAQ,조선·기계·설비,15310,99.79,0.0,0,,WAIT,WAIT,False,False,True,55.1,55.1,78.2,51.5,15.9,0.0,18390.0,17470.0,21150.0,21650.0,,-2.68,1.35,18990,-6.64,,0,4.64,59.1,2.84,선박 및 보트 건조업,9979000000.0,63.4,26.66,0,0,-5.84,-4.22,7.48,0.93,-0.7,-32.88,,,,0.895,0.2,0,10.9,1,0,1.13,0.44,v1_sl_first_gap_at_open,5.0,5.0,3.0,NORMAL+PM_BLOCK_INTRADAY+EST_MCAP+EF:정상,enter,100.0,1,1,17581.0,-3.16,-0.0737,False,X,▼,19653,▲,X,X,0,0,0,0.0,선박 및 보트 건조업,-1.14,,,15.9,55.34283181869439,55.34283181869439,6,1,default,default,default,20260303,20260303,55.1,55.1,55.1,,,0.351,,True,0,,"{""lookback_days"": 250, ""bench_lookback_days"": 60, ""top_n"": 600, ""min_turnover_eok"": 50, ""min_mcap_eok"": 1000, ""max_workers"": 4, ""pass_ebs"": 4, ""cache_format"": ""parquet"", ""rsi_low"": 45.0, ""rsi_high"": 65.0, ""rsi_overheat"": 75.0, ""bb_period"": 20, ""bb_std"": 2.0, ""bb_squeeze_bw"": 10.0, ""kc_period"": 20, ""kc_atr_period"": 20, ""kc_mult"": 1.5, ""bonus_bb_squeeze_score"": 3.0, ""bonus_bb_squeeze_entry"": 4.0, ""trigger_dist_wick_high"": 0.35, ""trigger_dist_wick_mid"": 0.25, ""trigger_ret_pct_dist"": 5.0, ""trigger_ret_pct_weak"": 3.0, ""trigger_range_pos_weak"": 0.6, ""trigger_vol_ratio_spike"": 3.0, ""mtf_struct_bonus"": 10.0, ""mtf_struct_penalty"": 15.0, ""mtf_min_weekly_bars"": 26, ""mtf_min_monthly_bars"": 12, ""w_rr"": 0.25, ""w_t1"": 0.18, ""w_sl"": 0.12, ""w_near"": 0.12, ""w_mom"": 0.1, ""w_liq"": 0.13, ""w_tec"": 0.1, ""w_sector"": 0.05, ""p_overheat_5d"": 6.0, ""p_overheat_10d"": 6.0, ""p_rsi_out"": 4.0, ""p_macd_neg"": 4.0, ""p_near_far"": 4.0, ""p_liq_low"": 4.0, ""p_vol_spike"": 2.0, ""p_big_sl"": 3.0, ""fx_caution"": 1470.0, ""fx_critical"": 1490.0, ""nasdaq_caution"": -1.5, ""nasdaq_critical"": -2.5, ""rec_limit_default"": 5, ""rec_limit_caution"": 3, ""ml_low"": 5.0, ""ml_high"": 25.0, ""ml_max_weight"": 0.2, ""ml_cov_gate"": 0.2, ""trim_pct"": 0.1, ""ebs_pass_threshold"": 3, ""macro_weights"": {""CRITICAL"": [0.55, 0.25], ""HIGH"": [0.5, 0.3], ""NORMAL"": [0.4, 0.4]}, ""slippage_base_bps"": 10.0, ""slippage_low_liq_mult"": 3.0, ""slippage_liq_threshold_eok"": 20.0, ""liq_penalty_very_low_eok"": 5.0, ""liq_penalty_very_low_pts"": 8.0, ""liq_penalty_low_eok"": 10.0, ""liq_penalty_low_pts"": 4.0, ""time_stop_days"": 7, ""time_stop_min_move_pct"": 2.0, ""time_stop_extend_if_profit"": true, ""config_version"": ""2.0.0"", ""_snapshot_ts"": ""2026-03-04T16:47:26.891632""}",2.0.0
48,347700,스피어,KOSDAQ,IT/전기전자,42950,1151.79,0.0,0,,OVERHEAT,OVERHEAT,False,False,False,55.1,55.1,74.4,33.3,60.1,0.0,42950.0,41200.0,48200.0,49100.0,,-0.46,0.9,22716,142.62,,0,59.68,81.1,14.72,소프트웨어 개발 및 공급업,115179000000.0,75.6,75.71,0,0,0.12,-5.81,13.32,91.31,388.07,270.58,,,,0.079,0.079,1,12.0,1,0,1.14,0.66,v1_sl_first_gap_at_open,4.07,4.0,3.0,NORMAL+PM_BLOCK_INTRADAY+EST_MCAP+EF:정상,enter,100.0,1,1,33010.0,89.07,-0.6307,False,O,▲,46324,▼,X,X,0,0,0,0.0,소프트웨어 개발 및 공급업,-4.951904761904761,,,60.1,39.131959329471194,39.131959329471194,4,1,default,default,default,20260303,20260303,55.1,55.1,55.1,,,0.351,,True,0,,"{""lookback_days"": 250, ""bench_lookback_days"": 60, ""top_n"": 600, ""min_turnover_eok"": 50, ""min_mcap_eok"": 1000, ""max_workers"": 4, ""pass_ebs"": 4, ""cache_format"": ""parquet"", ""rsi_low"": 45.0, ""rsi_high"": 65.0, ""rsi_overheat"": 75.0, ""bb_period"": 20, ""bb_std"": 2.0, ""bb_squeeze_bw"": 10.0, ""kc_period"": 20, ""kc_atr_period"": 20, ""kc_mult"": 1.5, ""bonus_bb_squeeze_score"": 3.0, ""bonus_bb_squeeze_entry"": 4.0, ""trigger_dist_wick_high"": 0.35, ""trigger_dist_wick_mid"": 0.25, ""trigger_ret_pct_dist"": 5.0, ""trigger_ret_pct_weak"": 3.0, ""trigger_range_pos_weak"": 0.6, ""trigger_vol_ratio_spike"": 3.0, ""mtf_struct_bonus"": 10.0, ""mtf_struct_penalty"": 15.0, ""mtf_min_weekly_bars"": 26, ""mtf_min_monthly_bars"": 12, ""w_rr"": 0.25, ""w_t1"": 0.18, ""w_sl"": 0.12, ""w_near"": 0.12, ""w_mom"": 0.1, ""w_liq"": 0.13, ""w_tec"": 0.1, ""w_sector"": 0.05, ""p_overheat_5d"": 6.0, ""p_overheat_10d"": 6.0, ""p_rsi_out"": 4.0, ""p_macd_neg"": 4.0, ""p_near_far"": 4.0, ""p_liq_low"": 4.0, ""p_vol_spike"": 2.0, ""p_big_sl"": 3.0, ""fx_caution"": 1470.0, ""fx_critical"": 1490.0, ""nasdaq_caution"": -1.5, ""nasdaq_critical"": -2.5, ""rec_limit_default"": 5, ""rec_limit_caution"": 3, ""ml_low"": 5.0, ""ml_high"": 25.0, ""ml_max_weight"": 0.2, ""ml_cov_gate"": 0.2, ""trim_pct"": 0.1, ""ebs_pass_threshold"": 3, ""macro_weights"": {""CRITICAL"": [0.55, 0.25], ""HIGH"": [0.5, 0.3], ""NORMAL"": [0.4, 0.4]}, ""slippage_base_bps"": 10.0, ""slippage_low_liq_mult"": 3.0, ""slippage_liq_threshold_eok"": 20.0, ""liq_penalty_very_low_eok"": 5.0, ""liq_penalty_very_low_pts"": 8.0, ""liq_penalty_low_eok"": 10.0, ""liq_penalty_low_pts"": 4.0, ""time_stop_days"": 7, ""time_stop_min_move_pct"": 2.0, ""time_stop_extend_if_profit"": true, ""config_version"": ""2.0.0"", ""_snapshot_ts"": ""2026-03-04T16:47:26.891632""}",2.0.0
49,347850,디앤디파마텍,KOSDAQ,기타,71700,757.95,0.0,0,,WAIT,WAIT,False,False,True,53.8,53.8,54.0,52.9,55.2,0.0,85100.0,81600.0,95600.0,97400.0,,-0.14,1.25,92253,109.09,,0,4.64,49.3,-2.08,자연과학 및 공학 연구개발업,75795000000.0,54.5,24.1,0,0,-7.9,-1.62,5.58,-14.3,-10.23,116.05,,,,0.367,0.245,1,12.0,0,0,2.11,0.32,v1_sl_first_gap_at_open,4.11,4.0,3.0,NORMAL+PM_BLOCK_INTRADAY+EST_MCAP+EF:정상,enter,100.0,0,-1,100640.0,-7.75,0.1001,False,X,▲,88936,▲,X,X,0,0,0,0.0,자연과학 및 공학 연구개발업,0.5794594594594594,,,55.2,47.636165472002965,47.636165472002965,8,1,default,default,default,20260303,20260303,53.8,53.8,53.8,,,0.338,,True,0,,"{""lookback_days"": 250, ""bench_lookback_days"": 60, ""top_n"": 600, ""min_turnover_eok"": 50, ""min_mcap_eok"": 1000, ""max_workers"": 4, ""pass_ebs"": 4, ""cache_format"": ""parquet"", ""rsi_low"": 45.0, ""rsi_high"": 65.0, ""rsi_overheat"": 75.0, ""bb_period"": 20, ""bb_std"": 2.0, ""bb_squeeze_bw"": 10.0, ""kc_period"": 20, ""kc_atr_period"": 20, ""kc_mult"": 1.5, ""bonus_bb_squeeze_score"": 3.0, ""bonus_bb_squeeze_entry"": 4.0, ""trigger_dist_wick_high"": 0.35, ""trigger_dist_wick_mid"": 0.25, ""trigger_ret_pct_dist"": 5.0, ""trigger_ret_pct_weak"": 3.0, ""trigger_range_pos_weak"": 0.6, ""trigger_vol_ratio_spike"": 3.0, ""mtf_struct_bonus"": 10.0, ""mtf_struct_penalty"": 15.0, ""mtf_min_weekly_bars"": 26, ""mtf_min_monthly_bars"": 12, ""w_rr"": 0.25, ""w_t1"": 0.18, ""w_sl"": 0.12, ""w_near"": 0.12, ""w_mom"": 0.1, ""w_liq"": 0.13, ""w_tec"": 0.1, ""w_sector"": 0.05, ""p_overheat_5d"": 6.0, ""p_overheat_10d"": 6.0, ""p_rsi_out"": 4.0, ""p_macd_neg"": 4.0, ""p_near_far"": 4.0, ""p_liq_low"": 4.0, ""p_vol_spike"": 2.0, ""p_big_sl"": 3.0, ""fx_caution"": 1470.0, ""fx_critical"": 1490.0, ""nasdaq_caution"": -1.5, ""nasdaq_critical"": -2.5, ""rec_limit_default"": 5, ""rec_limit_caution"": 3, ""ml_low"": 5.0, ""ml_high"": 25.0, ""ml_max_weight"": 0.2, ""ml_cov_gate"": 0.2, ""trim_pct"": 0.1, ""ebs_pass_threshold"": 3, ""macro_weights"": {""CRITICAL"": [0.55, 0.25], ""HIGH"": [0.5, 0.3], ""NORMAL"": [0.4, 0.4]}, ""slippage_base_bps"": 10.0, ""slippage_low_liq_mult"": 3.0, ""slippage_liq_threshold_eok"": 20.0, ""liq_penalty_very_low_eok"": 5.0, ""liq_penalty_very_low_pts"": 8.0, ""liq_penalty_low_eok"": 10.0, ""liq_penalty_low_pts"": 4.0, ""time_stop_days"": 7, ""time_stop_min_move_pct"": 2.0, ""time_stop_extend_if_profit"": true, ""config_version"": ""2.0.0"", ""_snapshot_ts"": ""2026-03-04T16:47:26.891632""}",2.0.0
50,484870,엠앤씨솔루션,KOSPI,조선·기계·설비,116300,167.02,0.0,0,,WAIT,WAIT,False,False,True,53.7,53.7,80.6,30.2,47.1,0.0,134300.0,127500.0,154700.0,158100.0,,-1.94,2.41,142360,-2.03,,0,16.28,59.4,0.97,특수 목적용 기계 제조업,16702000000.0,70.7,22.13,0,0,3.89,-6.96,3.41,-3.74,12.09,-23.94,,,,0.745,0.279,0,12.0,1,0,0.93,0.6,v1_sl_first_gap_at_open,5.06,5.0,3.0,NORMAL+PM_BLOCK_INTRADAY+EST_MCAP+EF:정상,enter,100.0,1,1,121990.0,-4.26,-0.352,True,X,▼,141863,▼,X,X,0,0,0,0.0,특수 목적용 기계 제조업,-1.14,,,47.1,40.70189970591263,40.70189970591263,4,1,default,default,default,20260303,20260303,53.7,53.7,53.7,,,0.337,,True,0,,"{""lookback_days"": 250, ""bench_lookback_days"": 60, ""top_n"": 600, ""min_turnover_eok"": 50, ""min_mcap_eok"": 1000, ""max_workers"": 4, ""pass_ebs"": 4, ""cache_format"": ""parquet"", ""rsi_low"": 45.0, ""rsi_high"": 65.0, ""rsi_overheat"": 75.0, ""bb_period"": 20, ""bb_std"": 2.0, ""bb_squeeze_bw"": 10.0, ""kc_period"": 20, ""kc_atr_period"": 20, ""kc_mult"": 1.5, ""bonus_bb_squeeze_score"": 3.0, ""bonus_bb_squeeze_entry"": 4.0, ""trigger_dist_wick_high"": 0.35, ""trigger_dist_wick_mid"": 0.25, ""trigger_ret_pct_dist"": 5.0, ""trigger_ret_pct_weak"": 3.0, ""trigger_range_pos_weak"": 0.6, ""trigger_vol_ratio_spike"": 3.0, ""mtf_struct_bonus"": 10.0, ""mtf_struct_penalty"": 15.0, ""mtf_min_weekly_bars"": 26, ""mtf_min_monthly_bars"": 12, ""w_rr"": 0.25, ""w_t1"": 0.18, ""w_sl"": 0.12, ""w_near"": 0.12, ""w_mom"": 0.1, ""w_liq"": 0.13, ""w_tec"": 0.1, ""w_sector"": 0.05, ""p_overheat_5d"": 6.0, ""p_overheat_10d"": 6.0, ""p_rsi_out"": 4.0, ""p_macd_neg"": 4.0, ""p_near_far"": 4.0, ""p_liq_low"": 4.0, ""p_vol_spike"": 2.0, ""p_big_sl"": 3.0, ""fx_caution"": 1470.0, ""fx_critical"": 1490.0, ""nasdaq_caution"": -1.5, ""nasdaq_critical"": -2.5, ""rec_limit_default"": 5, ""rec_limit_caution"": 3, ""ml_low"": 5.0, ""ml_high"": 25.0, ""ml_max_weight"": 0.2, ""ml_cov_gate"": 0.2, ""trim_pct"": 0.1, ""ebs_pass_threshold"": 3, ""macro_weights"": {""CRITICAL"": [0.55, 0.25], ""HIGH"": [0.5, 0.3], ""NORMAL"": [0.4, 0.4]}, ""slippage_base_bps"": 10.0, ""slippage_low_liq_mult"": 3.0, ""slippage_liq_threshold_eok"": 20.0, ""liq_penalty_very_low_eok"": 5.0, ""liq_penalty_very_low_pts"": 8.0, ""liq_penalty_low_eok"": 10.0, ""liq_penalty_low_pts"": 4.0, ""time_stop_days"": 7, ""time_stop_min_move_pct"": 2.0, ""time_stop_extend_if_profit"": true, ""config_version"": ""2.0.0"", ""_snapshot_ts"": ""2026-03-04T16:47:26.891632""}",2.0.0
51,468530,프로티나,KOSDAQ,기타,64200,137.83,0.0,0,,NEUTRAL,NEUTRAL,False,False,False,53.3,53.3,46.9,52.3,68.1,0.0,77400.0,73500.0,89100.0,91100.0,,0.32,0.99,94362,180.81,,0,-5.98,49.3,1.27,자연과학 및 공학 연구개발업,13783000000.0,60.9,21.08,0,0,-5.72,2.79,6.03,-4.44,-1.53,342.29,,,,0.285,0.08,1,12.0,0,0,1.66,0.64,v1_sl_first_gap_at_open,5.04,5.0,3.0,NORMAL+PM_BLOCK_INTRADAY+EST_MCAP+EF:정상,enter,100.0,1,-1,84180.0,-17.98,0.2695,False,X,▲,77022,▲,O,X,0,0,0,0.0,자연과학 및 공학 연구개발업,0.5794594594594594,,,68.1,47.08194156986336,47.08194156986336,6,1,default,default,default,20260303,20260303,53.3,53.3,53.3,,,0.333,,True,0,,"{""lookback_days"": 250, ""bench_lookback_days"": 60, ""top_n"": 600, ""min_turnover_eok"": 50, ""min_mcap_eok"": 1000, ""max_workers"": 4, ""pass_ebs"": 4, ""cache_format"": ""parquet"", ""rsi_low"": 45.0, ""rsi_high"": 65.0, ""rsi_overheat"": 75.0, ""bb_period"": 20, ""bb_std"": 2.0, ""bb_squeeze_bw"": 10.0, ""kc_period"": 20, ""kc_atr_period"": 20, ""kc_mult"": 1.5, ""bonus_bb_squeeze_score"": 3.0, ""bonus_bb_squeeze_entry"": 4.0, ""trigger_dist_wick_high"": 0.35, ""trigger_dist_wick_mid"": 0.25, ""trigger_ret_pct_dist"": 5.0, ""trigger_ret_pct_weak"": 3.0, ""trigger_range_pos_weak"": 0.6, ""trigger_vol_ratio_spike"": 3.0, ""mtf_struct_bonus"": 10.0, ""mtf_struct_penalty"": 15.0, ""mtf_min_weekly_bars"": 26, ""mtf_min_monthly_bars"": 12, ""w_rr"": 0.25, ""w_t1"": 0.18, ""w_sl"": 0.12, ""w_near"": 0.12, ""w_mom"": 0.1, ""w_liq"": 0.13, ""w_tec"": 0.1, ""w_sector"": 0.05, ""p_overheat_5d"": 6.0, ""p_overheat_10d"": 6.0, ""p_rsi_out"": 4.0, ""p_macd_neg"": 4.0, ""p_near_far"": 4.0, ""p_liq_low"": 4.0, ""p_vol_spike"": 2.0, ""p_big_sl"": 3.0, ""fx_caution"": 1470.0, ""fx_critical"": 1490.0, ""nasdaq_caution"": -1.5, ""nasdaq_critical"": -2.5, ""rec_limit_default"": 5, ""rec_limit_caution"": 3, ""ml_low"": 5.0, ""ml_high"": 25.0, ""ml_max_weight"": 0.2, ""ml_cov_gate"": 0.2, ""trim_pct"": 0.1, ""ebs_pass_threshold"": 3, ""macro_weights"": {""CRITICAL"": [0.55, 0.25], ""HIGH"": [0.5, 0.3], ""NORMAL"": [0.4, 0.4]}, ""slippage_base_bps"": 10.0, ""slippage_low_liq_mult"": 3.0, ""slippage_liq_threshold_eok"": 20.0, ""liq_penalty_very_low_eok"": 5.0, ""liq_penalty_very_low_pts"": 8.0, ""liq_penalty_low_eok"": 10.0, ""liq_penalty_low_pts"": 4.0, ""time_stop_days"": 7, ""time_stop_min_move_pct"": 2.0, ""time_stop_extend_if_profit"": true, ""config_version"": ""2.0.0"", ""_snapshot_ts"": ""2026-03-04T16:47:26.891632""}",2.0.0
52,399720,가온칩스,KOSDAQ,반도체,53000,126.58,0.0,0,,WAIT,WAIT,False,False,True,52.6,52.6,44.0,51.8,71.4,0.0,63700.0,61000.0,71800.0,73200.0,,-0.68,1.06,62256,3.62,,3,3.97,46.7,-6.98,반도체 제조업,12658000000.0,48.4,15.63,1,0,-8.48,-6.46,-5.35,-14.04,27.15,38.33,,,,0.203,0.186,1,12.0,0,0,1.55,0.18,v1_sl_first_gap_at_open,4.24,5.0,3.0,SWING+PM_BLOCK_INTRADAY+EST_MCAP+EF:정상,enter,100.0,0,1,61430.0,2.32,-0.1027,True,O,▲,69473,▼,X,X,0,0,0,0.0,반도체 제조업,-4.504285714285715,,,71.4,29.649805108750137,29.649805108750137,8,1,default,default,default,20260303,20260303,52.6,52.6,52.6,,,0.326,,True,0,,"{""lookback_days"": 250, ""bench_lookback_days"": 60, ""top_n"": 600, ""min_turnover_eok"": 50, ""min_mcap_eok"": 1000, ""max_workers"": 4, ""pass_ebs"": 4, ""cache_format"": ""parquet"", ""rsi_low"": 45.0, ""rsi_high"": 65.0, ""rsi_overheat"": 75.0, ""bb_period"": 20, ""bb_std"": 2.0, ""bb_squeeze_bw"": 10.0, ""kc_period"": 20, ""kc_atr_period"": 20, ""kc_mult"": 1.5, ""bonus_bb_squeeze_score"": 3.0, ""bonus_bb_squeeze_entry"": 4.0, ""trigger_dist_wick_high"": 0.35, ""trigger_dist_wick_mid"": 0.25, ""trigger_ret_pct_dist"": 5.0, ""trigger_ret_pct_weak"": 3.0, ""trigger_range_pos_weak"": 0.6, ""trigger_vol_ratio_spike"": 3.0, ""mtf_struct_bonus"": 10.0, ""mtf_struct_penalty"": 15.0, ""mtf_min_weekly_bars"": 26, ""mtf_min_monthly_bars"": 12, ""w_rr"": 0.25, ""w_t1"": 0.18, ""w_sl"": 0.12, ""w_near"": 0.12, ""w_mom"": 0.1, ""w_liq"": 0.13, ""w_tec"": 0.1, ""w_sector"": 0.05, ""p_overheat_5d"": 6.0, ""p_overheat_10d"": 6.0, ""p_rsi_out"": 4.0, ""p_macd_neg"": 4.0, ""p_near_far"": 4.0, ""p_liq_low"": 4.0, ""p_vol_spike"": 2.0, ""p_big_sl"": 3.0, ""fx_caution"": 1470.0, ""fx_critical"": 1490.0, ""nasdaq_caution"": -1.5, ""nasdaq_critical"": -2.5, ""rec_limit_default"": 5, ""rec_limit_caution"": 3, ""ml_low"": 5.0, ""ml_high"": 25.0, ""ml_max_weight"": 0.2, ""ml_cov_gate"": 0.2, ""trim_pct"": 0.1, ""ebs_pass_threshold"": 3, ""macro_weights"": {""CRITICAL"": [0.55, 0.25], ""HIGH"": [0.5, 0.3], ""NORMAL"": [0.4, 0.4]}, ""slippage_base_bps"": 10.0, ""slippage_low_liq_mult"": 3.0, ""slippage_liq_threshold_eok"": 20.0, ""liq_penalty_very_low_eok"": 5.0, ""liq_penalty_very_low_pts"": 8.0, ""liq_penalty_low_eok"": 10.0, ""liq_penalty_low_pts"": 4.0, ""time_stop_days"": 7, ""time_stop_min_move_pct"": 2.0, ""time_stop_extend_if_profit"": true, ""config_version"": ""2.0.0"", ""_snapshot_ts"": ""2026-03-04T16:47:26.891632""}",2.0.0
53,282720,금양그린파워,KOSDAQ,기타,10750,50.64,0.0,0,,WAIT,WAIT,True,False,False,52.0,52.0,93.4,25.2,22.6,0.0,12590.0,11960.0,14480.0,14800.0,,-0.39,0.8,12349,-2.7,,0,17.24,63.0,3.96,전기 및 통신 공사업,5064000000.0,86.4,29.77,0,0,1.53,-2.7,-0.16,18.11,4.92,39.89,,,,0.474,0.474,0,12.0,1,0,4.34,0.56,v1_sl_first_gap_at_open,5.0,5.0,3.0,NORMAL+PM_BLOCK_INTRADAY+EST_MCAP+EF:정상,enter,100.0,1,1,10439.0,1.95,-0.3253,False,O,▲,13051,▼,X,X,0,0,0,0.0,전기 및 통신 공사업,0.5794594594594594,,,22.6,36.197056622510175,36.197056622510175,6,1,default,default,default,20260303,20260303,52.0,52.0,52.0,,,0.32,low_wr_0.32,True,0,,"{""lookback_days"": 250, ""bench_lookback_days"": 60, ""top_n"": 600, ""min_turnover_eok"": 50, ""min_mcap_eok"": 1000, ""max_workers"": 4, ""pass_ebs"": 4, ""cache_format"": ""parquet"", ""rsi_low"": 45.0, ""rsi_high"": 65.0, ""rsi_overheat"": 75.0, ""bb_period"": 20, ""bb_std"": 2.0, ""bb_squeeze_bw"": 10.0, ""kc_period"": 20, ""kc_atr_period"": 20, ""kc_mult"": 1.5, ""bonus_bb_squeeze_score"": 3.0, ""bonus_bb_squeeze_entry"": 4.0, ""trigger_dist_wick_high"": 0.35, ""trigger_dist_wick_mid"": 0.25, ""trigger_ret_pct_dist"": 5.0, ""trigger_ret_pct_weak"": 3.0, ""trigger_range_pos_weak"": 0.6, ""trigger_vol_ratio_spike"": 3.0, ""mtf_struct_bonus"": 10.0, ""mtf_struct_penalty"": 15.0, ""mtf_min_weekly_bars"": 26, ""mtf_min_monthly_bars"": 12, ""w_rr"": 0.25, ""w_t1"": 0.18, ""w_sl"": 0.12, ""w_near"": 0.12, ""w_mom"": 0.1, ""w_liq"": 0.13, ""w_tec"": 0.1, ""w_sector"": 0.05, ""p_overheat_5d"": 6.0, ""p_overheat_10d"": 6.0, ""p_rsi_out"": 4.0, ""p_macd_neg"": 4.0, ""p_near_far"": 4.0, ""p_liq_low"": 4.0, ""p_vol_spike"": 2.0, ""p_big_sl"": 3.0, ""fx_caution"": 1470.0, ""fx_critical"": 1490.0, ""nasdaq_caution"": -1.5, ""nasdaq_critical"": -2.5, ""rec_limit_default"": 5, ""rec_limit_caution"": 3, ""ml_low"": 5.0, ""ml_high"": 25.0, ""ml_max_weight"": 0.2, ""ml_cov_gate"": 0.2, ""trim_pct"": 0.1, ""ebs_pass_threshold"": 3, ""macro_weights"": {""CRITICAL"": [0.55, 0.25], ""HIGH"": [0.5, 0.3], ""NORMAL"": [0.4, 0.4]}, ""slippage_base_bps"": 10.0, ""slippage_low_liq_mult"": 3.0, ""slippage_liq_threshold_eok"": 20.0, ""liq_penalty_very_low_eok"": 5.0, ""liq_penalty_very_low_pts"": 8.0, ""liq_penalty_low_eok"": 10.0, ""liq_penalty_low_pts"": 4.0, ""time_stop_days"": 7, ""time_stop_min_move_pct"": 2.0, ""time_stop_extend_if_profit"": true, ""config_version"": ""2.0.0"", ""_snapshot_ts"": ""2026-03-04T16:47:26.891632""}",2.0.0
54,440110,파두,KOSDAQ,반도체,54500,895.81,0.0,0,,OVERHEAT,OVERHEAT,False,False,False,50.6,50.6,83.4,36.6,13.0,0.0,47750.0,45800.0,53600.0,54600.0,,1.82,0.72,37144,135.29,,0,128.77,76.8,29.76,반도체 제조업,89581000000.0,79.2,110.38,0,0,-0.51,17.06,19.55,153.22,172.52,384.4,,,,0.027,0.027,1,12.0,1,0,2.81,0.89,v1_sl_first_gap_at_open,4.08,4.0,3.0,NORMAL+PM_BLOCK_INTRADAY+EST_MCAP+EF:정상,enter,100.0,1,1,42535.0,58.84,-0.1759,False,X,▼,58776,▲,O,X,0,0,0,0.0,반도체 제조업,-4.504285714285715,,,13.0,37.5356006236311,37.5356006236311,4,1,default,default,default,20260303,20260303,50.6,50.6,50.6,,,0.306,,True,0,,"{""lookback_days"": 250, ""bench_lookback_days"": 60, ""top_n"": 600, ""min_turnover_eok"": 50, ""min_mcap_eok"": 1000, ""max_workers"": 4, ""pass_ebs"": 4, ""cache_format"": ""parquet"", ""rsi_low"": 45.0, ""rsi_high"": 65.0, ""rsi_overheat"": 75.0, ""bb_period"": 20, ""bb_std"": 2.0, ""bb_squeeze_bw"": 10.0, ""kc_period"": 20, ""kc_atr_period"": 20, ""kc_mult"": 1.5, ""bonus_bb_squeeze_score"": 3.0, ""bonus_bb_squeeze_entry"": 4.0, ""trigger_dist_wick_high"": 0.35, ""trigger_dist_wick_mid"": 0.25, ""trigger_ret_pct_dist"": 5.0, ""trigger_ret_pct_weak"": 3.0, ""trigger_range_pos_weak"": 0.6, ""trigger_vol_ratio_spike"": 3.0, ""mtf_struct_bonus"": 10.0, ""mtf_struct_penalty"": 15.0, ""mtf_min_weekly_bars"": 26, ""mtf_min_monthly_bars"": 12, ""w_rr"": 0.25, ""w_t1"": 0.18, ""w_sl"": 0.12, ""w_near"": 0.12, ""w_mom"": 0.1, ""w_liq"": 0.13, ""w_tec"": 0.1, ""w_sector"": 0.05, ""p_overheat_5d"": 6.0, ""p_overheat_10d"": 6.0, ""p_rsi_out"": 4.0, ""p_macd_neg"": 4.0, ""p_near_far"": 4.0, ""p_liq_low"": 4.0, ""p_vol_spike"": 2.0, ""p_big_sl"": 3.0, ""fx_caution"": 1470.0, ""fx_critical"": 1490.0, ""nasdaq_caution"": -1.5, ""nasdaq_critical"": -2.5, ""rec_limit_default"": 5, ""rec_limit_caution"": 3, ""ml_low"": 5.0, ""ml_high"": 25.0, ""ml_max_weight"": 0.2, ""ml_cov_gate"": 0.2, ""trim_pct"": 0.1, ""ebs_pass_threshold"": 3, ""macro_weights"": {""CRITICAL"": [0.55, 0.25], ""HIGH"": [0.5, 0.3], ""NORMAL"": [0.4, 0.4]}, ""slippage_base_bps"": 10.0, ""slippage_low_liq_mult"": 3.0, ""slippage_liq_threshold_eok"": 20.0, ""liq_penalty_very_low_eok"": 5.0, ""liq_penalty_very_low_pts"": 8.0, ""liq_penalty_low_eok"": 10.0, ""liq_penalty_low_pts"": 4.0, ""time_stop_days"": 7, ""time_stop_min_move_pct"": 2.0, ""time_stop_extend_if_profit"": true, ""config_version"": ""2.0.0"", ""_snapshot_ts"": ""2026-03-04T16:47:26.891632""}",2.0.0
55,425420,티에프이,KOSDAQ,IT/전기전자,38500,134.87,0.0,0,,WAIT,WAIT,False,False,True,50.4,50.4,51.7,46.2,56.3,0.0,42000.0,39900.0,48300.0,49350.0,⚡눌림회복,0.02,1.41,39915,5.12,,0,8.82,51.7,-1.16,전자부품 제조업,13487000000.0,52.9,30.32,0,0,-1.41,-4.11,-9.48,8.53,-8.3,10.96,,,,0.293,0.293,1,12.0,1,0,1.61,0.53,v1_sl_first_gap_at_open,5.0,5.0,3.0,NORMAL+PM_BLOCK_INTRADAY+EST_MCAP+EF:정상,enter,100.0,0,1,36665.0,5.22,-0.2997,False,O,▲,44072,▼,X,X,0,0,0,0.0,전자부품 제조업,-4.951904761904761,,,56.3,36.854989238221734,36.854989238221734,6,1,default,default,default,20260303,20260303,50.4,50.4,50.4,,,0.304,,True,0,,"{""lookback_days"": 250, ""bench_lookback_days"": 60, ""top_n"": 600, ""min_turnover_eok"": 50, ""min_mcap_eok"": 1000, ""max_workers"": 4, ""pass_ebs"": 4, ""cache_format"": ""parquet"", ""rsi_low"": 45.0, ""rsi_high"": 65.0, ""rsi_overheat"": 75.0, ""bb_period"": 20, ""bb_std"": 2.0, ""bb_squeeze_bw"": 10.0, ""kc_period"": 20, ""kc_atr_period"": 20, ""kc_mult"": 1.5, ""bonus_bb_squeeze_score"": 3.0, ""bonus_bb_squeeze_entry"": 4.0, ""trigger_dist_wick_high"": 0.35, ""trigger_dist_wick_mid"": 0.25, ""trigger_ret_pct_dist"": 5.0, ""trigger_ret_pct_weak"": 3.0, ""trigger_range_pos_weak"": 0.6, ""trigger_vol_ratio_spike"": 3.0, ""mtf_struct_bonus"": 10.0, ""mtf_struct_penalty"": 15.0, ""mtf_min_weekly_bars"": 26, ""mtf_min_monthly_bars"": 12, ""w_rr"": 0.25, ""w_t1"": 0.18, ""w_sl"": 0.12, ""w_near"": 0.12, ""w_mom"": 0.1, ""w_liq"": 0.13, ""w_tec"": 0.1, ""w_sector"": 0.05, ""p_overheat_5d"": 6.0, ""p_overheat_10d"": 6.0, ""p_rsi_out"": 4.0, ""p_macd_neg"": 4.0, ""p_near_far"": 4.0, ""p_liq_low"": 4.0, ""p_vol_spike"": 2.0, ""p_big_sl"": 3.0, ""fx_caution"": 1470.0, ""fx_critical"": 1490.0, ""nasdaq_caution"": -1.5, ""nasdaq_critical"": -2.5, ""rec_limit_default"": 5, ""rec_limit_caution"": 3, ""ml_low"": 5.0, ""ml_high"": 25.0, ""ml_max_weight"": 0.2, ""ml_cov_gate"": 0.2, ""trim_pct"": 0.1, ""ebs_pass_threshold"": 3, ""macro_weights"": {""CRITICAL"": [0.55, 0.25], ""HIGH"": [0.5, 0.3], ""NORMAL"": [0.4, 0.4]}, ""slippage_base_bps"": 10.0, ""slippage_low_liq_mult"": 3.0, ""slippage_liq_threshold_eok"": 20.0, ""liq_penalty_very_low_eok"": 5.0, ""liq_penalty_very_low_pts"": 8.0, ""liq_penalty_low_eok"": 10.0, ""liq_penalty_low_pts"": 4.0, ""time_stop_days"": 7, ""time_stop_min_move_pct"": 2.0, ""time_stop_extend_if_profit"": true, ""config_version"": ""2.0.0"", ""_snapshot_ts"": ""2026-03-04T16:47:26.891632""}",2.0.0
56,168360,펨트론,KOSDAQ,조선·기계·설비,20400,133.59,0.0,0,,WAIT,WAIT,False,False,True,49.6,49.6,56.5,62.3,10.5,0.0,23500.0,22300.0,27100.0,27700.0,,-3.02,1.81,19861,22.55,,0,11.57,59.9,11.35,특수 목적용 기계 제조업,13359000000.0,33.1,67.17,0,0,-14.55,8.05,23.04,26.96,28.98,112.86,,,,0.009,0.009,1,12.0,1,0,0.9,0.36,v1_sl_first_gap_at_open,5.11,5.0,3.0,NORMAL+PM_BLOCK_INTRADAY+EST_MCAP+EF:정상,enter,100.0,1,-1,33587.0,18.32,0.3567,False,O,▲,26401,▲,X,X,0,0,0,0.0,특수 목적용 기계 제조업,-1.14,,,10.5,46.5,46.5,6,1,default,default,default,20260303,20260303,49.6,49.6,49.6,,,0.3,,True,0,,"{""lookback_days"": 250, ""bench_lookback_days"": 60, ""top_n"": 600, ""min_turnover_eok"": 50, ""min_mcap_eok"": 1000, ""max_workers"": 4, ""pass_ebs"": 4, ""cache_format"": ""parquet"", ""rsi_low"": 45.0, ""rsi_high"": 65.0, ""rsi_overheat"": 75.0, ""bb_period"": 20, ""bb_std"": 2.0, ""bb_squeeze_bw"": 10.0, ""kc_period"": 20, ""kc_atr_period"": 20, ""kc_mult"": 1.5, ""bonus_bb_squeeze_score"": 3.0, ""bonus_bb_squeeze_entry"": 4.0, ""trigger_dist_wick_high"": 0.35, ""trigger_dist_wick_mid"": 0.25, ""trigger_ret_pct_dist"": 5.0, ""trigger_ret_pct_weak"": 3.0, ""trigger_range_pos_weak"": 0.6, ""trigger_vol_ratio_spike"": 3.0, ""mtf_struct_bonus"": 10.0, ""mtf_struct_penalty"": 15.0, ""mtf_min_weekly_bars"": 26, ""mtf_min_monthly_bars"": 12, ""w_rr"": 0.25, ""w_t1"": 0.18, ""w_sl"": 0.12, ""w_near"": 0.12, ""w_mom"": 0.1, ""w_liq"": 0.13, ""w_tec"": 0.1, ""w_sector"": 0.05, ""p_overheat_5d"": 6.0, ""p_overheat_10d"": 6.0, ""p_rsi_out"": 4.0, ""p_macd_neg"": 4.0, ""p_near_far"": 4.0, ""p_liq_low"": 4.0, ""p_vol_spike"": 2.0, ""p_big_sl"": 3.0, ""fx_caution"": 1470.0, ""fx_critical"": 1490.0, ""nasdaq_caution"": -1.5, ""nasdaq_critical"": -2.5, ""rec_limit_default"": 5, ""rec_limit_caution"": 3, ""ml_low"": 5.0, ""ml_high"": 25.0, ""ml_max_weight"": 0.2, ""ml_cov_gate"": 0.2, ""trim_pct"": 0.1, ""ebs_pass_threshold"": 3, ""macro_weights"": {""CRITICAL"": [0.55, 0.25], ""HIGH"": [0.5, 0.3], ""NORMAL"": [0.4, 0.4]}, ""slippage_base_bps"": 10.0, ""slippage_low_liq_mult"": 3.0, ""slippage_liq_threshold_eok"": 20.0, ""liq_penalty_very_low_eok"": 5.0, ""liq_penalty_very_low_pts"": 8.0, ""liq_penalty_low_eok"": 10.0, ""liq_penalty_low_pts"": 4.0, ""time_stop_days"": 7, ""time_stop_min_move_pct"": 2.0, ""time_stop_extend_if_profit"": true, ""config_version"": ""2.0.0"", ""_snapshot_ts"": ""2026-03-04T16:47:26.891632""}",2.0.0
57,393890,더블유씨피,KOSDAQ GLOBAL,2차전지,7840,62.42,0.0,0,,WAIT,WAIT,False,False,True,49.6,49.6,59.6,30.6,67.4,0.0,9250.0,8780.0,10660.0,10900.0,,0.29,0.8,8794,9.01,,0,5.15,52.7,-2.59,일차전지 및 이차전지 제조업,6242000000.0,70.9,24.47,0,0,-7.41,-3.24,1.54,2.66,25.51,24.16,,,,0.217,0.217,1,12.0,0,0,2.0,0.31,v1_sl_first_gap_at_open,5.08,5.0,3.0,NORMAL+PM_BLOCK_INTRADAY+EST_MCAP+EF:정상,enter,100.0,0,1,8183.5,5.18,-0.278,False,O,▲,10202,▼,X,X,0,0,0,0.0,일차전지 및 이차전지 제조업,-1.538,,,67.4,20.059229936243163,20.059229936243163,6,1,default,default,default,20260303,20260303,49.6,49.6,49.6,,,0.3,,True,0,,"{""lookback_days"": 250, ""bench_lookback_days"": 60, ""top_n"": 600, ""min_turnover_eok"": 50, ""min_mcap_eok"": 1000, ""max_workers"": 4, ""pass_ebs"": 4, ""cache_format"": ""parquet"", ""rsi_low"": 45.0, ""rsi_high"": 65.0, ""rsi_overheat"": 75.0, ""bb_period"": 20, ""bb_std"": 2.0, ""bb_squeeze_bw"": 10.0, ""kc_period"": 20, ""kc_atr_period"": 20, ""kc_mult"": 1.5, ""bonus_bb_squeeze_score"": 3.0, ""bonus_bb_squeeze_entry"": 4.0, ""trigger_dist_wick_high"": 0.35, ""trigger_dist_wick_mid"": 0.25, ""trigger_ret_pct_dist"": 5.0, ""trigger_ret_pct_weak"": 3.0, ""trigger_range_pos_weak"": 0.6, ""trigger_vol_ratio_spike"": 3.0, ""mtf_struct_bonus"": 10.0, ""mtf_struct_penalty"": 15.0, ""mtf_min_weekly_bars"": 26, ""mtf_min_monthly_bars"": 12, ""w_rr"": 0.25, ""w_t1"": 0.18, ""w_sl"": 0.12, ""w_near"": 0.12, ""w_mom"": 0.1, ""w_liq"": 0.13, ""w_tec"": 0.1, ""w_sector"": 0.05, ""p_overheat_5d"": 6.0, ""p_overheat_10d"": 6.0, ""p_rsi_out"": 4.0, ""p_macd_neg"": 4.0, ""p_near_far"": 4.0, ""p_liq_low"": 4.0, ""p_vol_spike"": 2.0, ""p_big_sl"": 3.0, ""fx_caution"": 1470.0, ""fx_critical"": 1490.0, ""nasdaq_caution"": -1.5, ""nasdaq_critical"": -2.5, ""rec_limit_default"": 5, ""rec_limit_caution"": 3, ""ml_low"": 5.0, ""ml_high"": 25.0, ""ml_max_weight"": 0.2, ""ml_cov_gate"": 0.2, ""trim_pct"": 0.1, ""ebs_pass_threshold"": 3, ""macro_weights"": {""CRITICAL"": [0.55, 0.25], ""HIGH"": [0.5, 0.3], ""NORMAL"": [0.4, 0.4]}, ""slippage_base_bps"": 10.0, ""slippage_low_liq_mult"": 3.0, ""slippage_liq_threshold_eok"": 20.0, ""liq_penalty_very_low_eok"": 5.0, ""liq_penalty_very_low_pts"": 8.0, ""liq_penalty_low_eok"": 10.0, ""liq_penalty_low_pts"": 4.0, ""time_stop_days"": 7, ""time_stop_min_move_pct"": 2.0, ""time_stop_extend_if_profit"": true, ""config_version"": ""2.0.0"", ""_snapshot_ts"": ""2026-03-04T16:47:26.891632""}",2.0.0
58,295310,에이치브이엠,KOSDAQ,철강·금속,65000,326.2,0.0,0,,WAIT,WAIT,False,False,True,47.8,47.8,45.6,37.6,72.4,0.0,76800.0,72900.0,88500.0,90500.0,,-1.05,0.99,64810,218.59,,2,3.21,48.8,-9.02,1차 비철금속 제조업,32620000000.0,62.3,26.87,0,0,2.4,-4.48,-15.97,-8.79,236.84,164.37,,,,0.343,0.243,1,12.0,0,0,1.24,0.2,v1_sl_first_gap_at_open,5.08,5.0,3.0,NORMAL+PM_BLOCK_INTRADAY+EST_MCAP+EF:정상,enter,100.0,0,1,66490.0,18.5,0.0231,True,O,▲,76807,▼,X,X,0,0,0,0.0,1차 비철금속 제조업,-5.0625,,,72.4,29.301459686894916,29.301459686894916,8,1,default,default,default,20260303,20260303,47.8,47.8,47.8,,,0.3,,True,0,,"{""lookback_days"": 250, ""bench_lookback_days"": 60, ""top_n"": 600, ""min_turnover_eok"": 50, ""min_mcap_eok"": 1000, ""max_workers"": 4, ""pass_ebs"": 4, ""cache_format"": ""parquet"", ""rsi_low"": 45.0, ""rsi_high"": 65.0, ""rsi_overheat"": 75.0, ""bb_period"": 20, ""bb_std"": 2.0, ""bb_squeeze_bw"": 10.0, ""kc_period"": 20, ""kc_atr_period"": 20, ""kc_mult"": 1.5, ""bonus_bb_squeeze_score"": 3.0, ""bonus_bb_squeeze_entry"": 4.0, ""trigger_dist_wick_high"": 0.35, ""trigger_dist_wick_mid"": 0.25, ""trigger_ret_pct_dist"": 5.0, ""trigger_ret_pct_weak"": 3.0, ""trigger_range_pos_weak"": 0.6, ""trigger_vol_ratio_spike"": 3.0, ""mtf_struct_bonus"": 10.0, ""mtf_struct_penalty"": 15.0, ""mtf_min_weekly_bars"": 26, ""mtf_min_monthly_bars"": 12, ""w_rr"": 0.25, ""w_t1"": 0.18, ""w_sl"": 0.12, ""w_near"": 0.12, ""w_mom"": 0.1, ""w_liq"": 0.13, ""w_tec"": 0.1, ""w_sector"": 0.05, ""p_overheat_5d"": 6.0, ""p_overheat_10d"": 6.0, ""p_rsi_out"": 4.0, ""p_macd_neg"": 4.0, ""p_near_far"": 4.0, ""p_liq_low"": 4.0, ""p_vol_spike"": 2.0, ""p_big_sl"": 3.0, ""fx_caution"": 1470.0, ""fx_critical"": 1490.0, ""nasdaq_caution"": -1.5, ""nasdaq_critical"": -2.5, ""rec_limit_default"": 5, ""rec_limit_caution"": 3, ""ml_low"": 5.0, ""ml_high"": 25.0, ""ml_max_weight"": 0.2, ""ml_cov_gate"": 0.2, ""trim_pct"": 0.1, ""ebs_pass_threshold"": 3, ""macro_weights"": {""CRITICAL"": [0.55, 0.25], ""HIGH"": [0.5, 0.3], ""NORMAL"": [0.4, 0.4]}, ""slippage_base_bps"": 10.0, ""slippage_low_liq_mult"": 3.0, ""slippage_liq_threshold_eok"": 20.0, ""liq_penalty_very_low_eok"": 5.0, ""liq_penalty_very_low_pts"": 8.0, ""liq_penalty_low_eok"": 10.0, ""liq_penalty_low_pts"": 4.0, ""time_stop_days"": 7, ""time_stop_min_move_pct"": 2.0, ""time_stop_extend_if_profit"": true, ""config_version"": ""2.0.0"", ""_snapshot_ts"": ""2026-03-04T16:47:26.891632""}",2.0.0
59,034230,파라다이스,KOSPI,서비스 기타,16430,136.38,0.0,0,,WAIT,WAIT,False,False,True,46.8,46.8,45.1,26.7,90.5,0.0,18600.0,17750.0,21150.0,21600.0,,-1.51,0.67,18253,5.73,,0,9.91,31.6,-6.08,유원지 및 기타 오락관련 서비스업,13638000000.0,47.1,24.06,0,0,-6.77,-9.27,-13.08,9.67,9.09,-11.43,,,,0.523,0.234,1,10.4,0,0,1.44,0.38,v1_sl_first_gap_at_open,4.57,5.0,3.0,SWING+PM_BLOCK_INTRADAY+EST_MCAP+EF:정상,enter,100.0,0,1,17495.0,1.9,-0.2816,True,O,▼,19843,▼,X,X,0,0,0,0.0,유원지 및 기타 오락관련 서비스업,-2.7985714285714285,,,90.5,19.499942723402924,19.499942723402924,4,1,default,default,default,20260303,20260303,46.8,46.8,46.8,,,0.3,,True,0,,"{""lookback_days"": 250, ""bench_lookback_days"": 60, ""top_n"": 600, ""min_turnover_eok"": 50, ""min_mcap_eok"": 1000, ""max_workers"": 4, ""pass_ebs"": 4, ""cache_format"": ""parquet"", ""rsi_low"": 45.0, ""rsi_high"": 65.0, ""rsi_overheat"": 75.0, ""bb_period"": 20, ""bb_std"": 2.0, ""bb_squeeze_bw"": 10.0, ""kc_period"": 20, ""kc_atr_period"": 20, ""kc_mult"": 1.5, ""bonus_bb_squeeze_score"": 3.0, ""bonus_bb_squeeze_entry"": 4.0, ""trigger_dist_wick_high"": 0.35, ""trigger_dist_wick_mid"": 0.25, ""trigger_ret_pct_dist"": 5.0, ""trigger_ret_pct_weak"": 3.0, ""trigger_range_pos_weak"": 0.6, ""trigger_vol_ratio_spike"": 3.0, ""mtf_struct_bonus"": 10.0, ""mtf_struct_penalty"": 15.0, ""mtf_min_weekly_bars"": 26, ""mtf_min_monthly_bars"": 12, ""w_rr"": 0.25, ""w_t1"": 0.18, ""w_sl"": 0.12, ""w_near"": 0.12, ""w_mom"": 0.1, ""w_liq"": 0.13, ""w_tec"": 0.1, ""w_sector"": 0.05, ""p_overheat_5d"": 6.0, ""p_overheat_10d"": 6.0, ""p_rsi_out"": 4.0, ""p_macd_neg"": 4.0, ""p_near_far"": 4.0, ""p_liq_low"": 4.0, ""p_vol_spike"": 2.0, ""p_big_sl"": 3.0, ""fx_caution"": 1470.0, ""fx_critical"": 1490.0, ""nasdaq_caution"": -1.5, ""nasdaq_critical"": -2.5, ""rec_limit_default"": 5, ""rec_limit_caution"": 3, ""ml_low"": 5.0, ""ml_high"": 25.0, ""ml_max_weight"": 0.2, ""ml_cov_gate"": 0.2, ""trim_pct"": 0.1, ""ebs_pass_threshold"": 3, ""macro_weights"": {""CRITICAL"": [0.55, 0.25], ""HIGH"": [0.5, 0.3], ""NORMAL"": [0.4, 0.4]}, ""slippage_base_bps"": 10.0, ""slippage_low_liq_mult"": 3.0, ""slippage_liq_threshold_eok"": 20.0, ""liq_penalty_very_low_eok"": 5.0, ""liq_penalty_very_low_pts"": 8.0, ""liq_penalty_low_eok"": 10.0, ""liq_penalty_low_pts"": 4.0, ""time_stop_days"": 7, ""time_stop_min_move_pct"": 2.0, ""time_stop_extend_if_profit"": true, ""config_version"": ""2.0.0"", ""_snapshot_ts"": ""2026-03-04T16:47:26.891632""}",2.0.0
60,380540,옵티코어,KOSDAQ,기타,3300,190.47,0.0,0,,WAIT,WAIT,True,False,False,46.5,46.5,47.7,59.9,17.1,0.0,3970.0,3770.0,4570.0,4670.0,,0.97,1.81,3305,162.67,,1,-2.81,49.1,8.03,마그네틱 및 광학 매체 제조업,19047000000.0,67.0,39.13,0,0,-12.94,9.37,21.59,5.87,159.99,175.5,,,,0.128,0.111,1,12.0,1,0,2.21,0.46,v1_sl_first_gap_at_open,5.04,5.0,3.0,NORMAL+PM_BLOCK_INTRADAY+EST_MCAP+EF:정상,enter,100.0,1,1,3431.5,20.1,0.7259,False,O,▲,3922,▲,O,X,0,0,0,0.0,마그네틱 및 광학 매체 제조업,0.5794594594594594,,,17.1,46.810842927736836,46.810842927736836,6,1,default,default,default,20260303,20260303,46.5,46.5,46.5,,,0.3,low_wr_0.30,True,0,,"{""lookback_days"": 250, ""bench_lookback_days"": 60, ""top_n"": 600, ""min_turnover_eok"": 50, ""min_mcap_eok"": 1000, ""max_workers"": 4, ""pass_ebs"": 4, ""cache_format"": ""parquet"", ""rsi_low"": 45.0, ""rsi_high"": 65.0, ""rsi_overheat"": 75.0, ""bb_period"": 20, ""bb_std"": 2.0, ""bb_squeeze_bw"": 10.0, ""kc_period"": 20, ""kc_atr_period"": 20, ""kc_mult"": 1.5, ""bonus_bb_squeeze_score"": 3.0, ""bonus_bb_squeeze_entry"": 4.0, ""trigger_dist_wick_high"": 0.35, ""trigger_dist_wick_mid"": 0.25, ""trigger_ret_pct_dist"": 5.0, ""trigger_ret_pct_weak"": 3.0, ""trigger_range_pos_weak"": 0.6, ""trigger_vol_ratio_spike"": 3.0, ""mtf_struct_bonus"": 10.0, ""mtf_struct_penalty"": 15.0, ""mtf_min_weekly_bars"": 26, ""mtf_min_monthly_bars"": 12, ""w_rr"": 0.25, ""w_t1"": 0.18, ""w_sl"": 0.12, ""w_near"": 0.12, ""w_mom"": 0.1, ""w_liq"": 0.13, ""w_tec"": 0.1, ""w_sector"": 0.05, ""p_overheat_5d"": 6.0, ""p_overheat_10d"": 6.0, ""p_rsi_out"": 4.0, ""p_macd_neg"": 4.0, ""p_near_far"": 4.0, ""p_liq_low"": 4.0, ""p_vol_spike"": 2.0, ""p_big_sl"": 3.0, ""fx_caution"": 1470.0, ""fx_critical"": 1490.0, ""nasdaq_caution"": -1.5, ""nasdaq_critical"": -2.5, ""rec_limit_default"": 5, ""rec_limit_caution"": 3, ""ml_low"": 5.0, ""ml_high"": 25.0, ""ml_max_weight"": 0.2, ""ml_cov_gate"": 0.2, ""trim_pct"": 0.1, ""ebs_pass_threshold"": 3, ""macro_weights"": {""CRITICAL"": [0.55, 0.25], ""HIGH"": [0.5, 0.3], ""NORMAL"": [0.4, 0.4]}, ""slippage_base_bps"": 10.0, ""slippage_low_liq_mult"": 3.0, ""slippage_liq_threshold_eok"": 20.0, ""liq_penalty_very_low_eok"": 5.0, ""liq_penalty_very_low_pts"": 8.0, ""liq_penalty_low_eok"": 10.0, ""liq_penalty_low_pts"": 4.0, ""time_stop_days"": 7, ""time_stop_min_move_pct"": 2.0, ""time_stop_extend_if_profit"": true, ""config_version"": ""2.0.0"", ""_snapshot_ts"": ""2026-03-04T16:47:26.891632""}",2.0.0
61,377300,카카오페이,KOSPI,서비스 기타,53700,622.17,0.0,0,,WAIT,WAIT,False,False,True,46.5,46.5,39.5,42.2,69.2,0.0,62400.0,59900.0,69900.0,71200.0,,-1.95,0.84,62110,17.42,,3,3.72,40.2,-4.01,금융 지원 서비스업,62217000000.0,46.2,13.37,1,0,-6.73,-6.17,1.13,-4.59,25.81,4.35,,,,0.375,0.375,1,12.0,0,0,1.2,0.23,v1_sl_first_gap_at_open,4.01,4.0,3.0,NORMAL+PM_BLOCK_INTRADAY+EST_MCAP+EF:정상,enter,100.0,0,1,59490.0,0.47,-0.0469,True,O,▲,66117,▲,X,X,0,0,0,0.0,금융 지원 서비스업,-2.7985714285714285,,,69.2,24.503238317986323,24.503238317986323,6,1,default,default,default,20260303,20260303,46.5,46.5,46.5,,,0.3,,True,0,,"{""lookback_days"": 250, ""bench_lookback_days"": 60, ""top_n"": 600, ""min_turnover_eok"": 50, ""min_mcap_eok"": 1000, ""max_workers"": 4, ""pass_ebs"": 4, ""cache_format"": ""parquet"", ""rsi_low"": 45.0, ""rsi_high"": 65.0, ""rsi_overheat"": 75.0, ""bb_period"": 20, ""bb_std"": 2.0, ""bb_squeeze_bw"": 10.0, ""kc_period"": 20, ""kc_atr_period"": 20, ""kc_mult"": 1.5, ""bonus_bb_squeeze_score"": 3.0, ""bonus_bb_squeeze_entry"": 4.0, ""trigger_dist_wick_high"": 0.35, ""trigger_dist_wick_mid"": 0.25, ""trigger_ret_pct_dist"": 5.0, ""trigger_ret_pct_weak"": 3.0, ""trigger_range_pos_weak"": 0.6, ""trigger_vol_ratio_spike"": 3.0, ""mtf_struct_bonus"": 10.0, ""mtf_struct_penalty"": 15.0, ""mtf_min_weekly_bars"": 26, ""mtf_min_monthly_bars"": 12, ""w_rr"": 0.25, ""w_t1"": 0.18, ""w_sl"": 0.12, ""w_near"": 0.12, ""w_mom"": 0.1, ""w_liq"": 0.13, ""w_tec"": 0.1, ""w_sector"": 0.05, ""p_overheat_5d"": 6.0, ""p_overheat_10d"": 6.0, ""p_rsi_out"": 4.0, ""p_macd_neg"": 4.0, ""p_near_far"": 4.0, ""p_liq_low"": 4.0, ""p_vol_spike"": 2.0, ""p_big_sl"": 3.0, ""fx_caution"": 1470.0, ""fx_critical"": 1490.0, ""nasdaq_caution"": -1.5, ""nasdaq_critical"": -2.5, ""rec_limit_default"": 5, ""rec_limit_caution"": 3, ""ml_low"": 5.0, ""ml_high"": 25.0, ""ml_max_weight"": 0.2, ""ml_cov_gate"": 0.2, ""trim_pct"": 0.1, ""ebs_pass_threshold"": 3, ""macro_weights"": {""CRITICAL"": [0.55, 0.25], ""HIGH"": [0.5, 0.3], ""NORMAL"": [0.4, 0.4]}, ""slippage_base_bps"": 10.0, ""slippage_low_liq_mult"": 3.0, ""slippage_liq_threshold_eok"": 20.0, ""liq_penalty_very_low_eok"": 5.0, ""liq_penalty_very_low_pts"": 8.0, ""liq_penalty_low_eok"": 10.0, ""liq_penalty_low_pts"": 4.0, ""time_stop_days"": 7, ""time_stop_min_move_pct"": 2.0, ""time_stop_extend_if_profit"": true, ""config_version"": ""2.0.0"", ""_snapshot_ts"": ""2026-03-04T16:47:26.891632""}",2.0.0
62,466100,클로봇,KOSDAQ,IT/전기전자,51500,468.58,0.0,0,,WAIT,WAIT,False,False,True,45.9,45.9,42.1,59.4,26.4,0.0,65400.0,62100.0,75300.0,77000.0,,0.8,1.21,59383,52.39,,0,2.11,44.8,-5.57,소프트웨어 개발 및 공급업,46858000000.0,58.9,18.37,0,0,-11.86,-5.35,-2.1,-11.02,61.48,241.69,,,,0.11,0.11,1,12.0,1,1,2.36,0.21,v1_sl_first_gap_at_open,5.05,5.0,3.0,NORMAL+PM_BLOCK_INTRADAY+EST_MCAP+EF:정상,enter,100.0,0,1,63570.0,10.13,0.1563,True,O,▲,70695,▲,X,X,0,0,0,0.0,소프트웨어 개발 및 공급업,-4.951904761904761,,,26.4,45.68510794401159,45.68510794401159,8,1,default,default,default,20260303,20260303,45.9,45.9,45.9,,,0.3,,True,0,,"{""lookback_days"": 250, ""bench_lookback_days"": 60, ""top_n"": 600, ""min_turnover_eok"": 50, ""min_mcap_eok"": 1000, ""max_workers"": 4, ""pass_ebs"": 4, ""cache_format"": ""parquet"", ""rsi_low"": 45.0, ""rsi_high"": 65.0, ""rsi_overheat"": 75.0, ""bb_period"": 20, ""bb_std"": 2.0, ""bb_squeeze_bw"": 10.0, ""kc_period"": 20, ""kc_atr_period"": 20, ""kc_mult"": 1.5, ""bonus_bb_squeeze_score"": 3.0, ""bonus_bb_squeeze_entry"": 4.0, ""trigger_dist_wick_high"": 0.35, ""trigger_dist_wick_mid"": 0.25, ""trigger_ret_pct_dist"": 5.0, ""trigger_ret_pct_weak"": 3.0, ""trigger_range_pos_weak"": 0.6, ""trigger_vol_ratio_spike"": 3.0, ""mtf_struct_bonus"": 10.0, ""mtf_struct_penalty"": 15.0, ""mtf_min_weekly_bars"": 26, ""mtf_min_monthly_bars"": 12, ""w_rr"": 0.25, ""w_t1"": 0.18, ""w_sl"": 0.12, ""w_near"": 0.12, ""w_mom"": 0.1, ""w_liq"": 0.13, ""w_tec"": 0.1, ""w_sector"": 0.05, ""p_overheat_5d"": 6.0, ""p_overheat_10d"": 6.0, ""p_rsi_out"": 4.0, ""p_macd_neg"": 4.0, ""p_near_far"": 4.0, ""p_liq_low"": 4.0, ""p_vol_spike"": 2.0, ""p_big_sl"": 3.0, ""fx_caution"": 1470.0, ""fx_critical"": 1490.0, ""nasdaq_caution"": -1.5, ""nasdaq_critical"": -2.5, ""rec_limit_default"": 5, ""rec_limit_caution"": 3, ""ml_low"": 5.0, ""ml_high"": 25.0, ""ml_max_weight"": 0.2, ""ml_cov_gate"": 0.2, ""trim_pct"": 0.1, ""ebs_pass_threshold"": 3, ""macro_weights"": {""CRITICAL"": [0.55, 0.25], ""HIGH"": [0.5, 0.3], ""NORMAL"": [0.4, 0.4]}, ""slippage_base_bps"": 10.0, ""slippage_low_liq_mult"": 3.0, ""slippage_liq_threshold_eok"": 20.0, ""liq_penalty_very_low_eok"": 5.0, ""liq_penalty_very_low_pts"": 8.0, ""liq_penalty_low_eok"": 10.0, ""liq_penalty_low_pts"": 4.0, ""time_stop_days"": 7, ""time_stop_min_move_pct"": 2.0, ""time_stop_extend_if_profit"": true, ""config_version"": ""2.0.0"", ""_snapshot_ts"": ""2026-03-04T16:47:26.891632""}",2.0.0
63,289930,웨이비스,KOSDAQ,반도체,13820,105.65,0.0,0,,WAIT,WAIT,False,False,True,44.8,44.8,55.1,29.5,54.7,0.0,16700.0,15860.0,19220.0,19640.0,,-2.12,1.49,14428,-3.39,,0,34.24,55.6,-1.27,반도체 제조업,10565000000.0,65.4,54.35,0,0,-1.12,-13.38,-16.92,38.02,107.2,104.41,,,,0.298,0.282,0,12.0,0,0,1.5,0.54,v1_sl_first_gap_at_open,5.03,5.0,3.0,NORMAL+PM_BLOCK_INTRADAY+EST_MCAP+EF:정상,enter,100.0,0,1,15161.0,15.74,-0.8021,True,O,▲,18508,▼,X,X,0,0,0,0.0,반도체 제조업,-4.504285714285715,,,54.7,35.5,35.5,6,1,default,default,default,20260303,20260303,44.8,44.8,44.8,,,0.3,,True,0,,"{""lookback_days"": 250, ""bench_lookback_days"": 60, ""top_n"": 600, ""min_turnover_eok"": 50, ""min_mcap_eok"": 1000, ""max_workers"": 4, ""pass_ebs"": 4, ""cache_format"": ""parquet"", ""rsi_low"": 45.0, ""rsi_high"": 65.0, ""rsi_overheat"": 75.0, ""bb_period"": 20, ""bb_std"": 2.0, ""bb_squeeze_bw"": 10.0, ""kc_period"": 20, ""kc_atr_period"": 20, ""kc_mult"": 1.5, ""bonus_bb_squeeze_score"": 3.0, ""bonus_bb_squeeze_entry"": 4.0, ""trigger_dist_wick_high"": 0.35, ""trigger_dist_wick_mid"": 0.25, ""trigger_ret_pct_dist"": 5.0, ""trigger_ret_pct_weak"": 3.0, ""trigger_range_pos_weak"": 0.6, ""trigger_vol_ratio_spike"": 3.0, ""mtf_struct_bonus"": 10.0, ""mtf_struct_penalty"": 15.0, ""mtf_min_weekly_bars"": 26, ""mtf_min_monthly_bars"": 12, ""w_rr"": 0.25, ""w_t1"": 0.18, ""w_sl"": 0.12, ""w_near"": 0.12, ""w_mom"": 0.1, ""w_liq"": 0.13, ""w_tec"": 0.1, ""w_sector"": 0.05, ""p_overheat_5d"": 6.0, ""p_overheat_10d"": 6.0, ""p_rsi_out"": 4.0, ""p_macd_neg"": 4.0, ""p_near_far"": 4.0, ""p_liq_low"": 4.0, ""p_vol_spike"": 2.0, ""p_big_sl"": 3.0, ""fx_caution"": 1470.0, ""fx_critical"": 1490.0, ""nasdaq_caution"": -1.5, ""nasdaq_critical"": -2.5, ""rec_limit_default"": 5, ""rec_limit_caution"": 3, ""ml_low"": 5.0, ""ml_high"": 25.0, ""ml_max_weight"": 0.2, ""ml_cov_gate"": 0.2, ""trim_pct"": 0.1, ""ebs_pass_threshold"": 3, ""macro_weights"": {""CRITICAL"": [0.55, 0.25], ""HIGH"": [0.5, 0.3], ""NORMAL"": [0.4, 0.4]}, ""slippage_base_bps"": 10.0, ""slippage_low_liq_mult"": 3.0, ""slippage_liq_threshold_eok"": 20.0, ""liq_penalty_very_low_eok"": 5.0, ""liq_penalty_very_low_pts"": 8.0, ""liq_penalty_low_eok"": 10.0, ""liq_penalty_low_pts"": 4.0, ""time_stop_days"": 7, ""time_stop_min_move_pct"": 2.0, ""time_stop_extend_if_profit"": true, ""config_version"": ""2.0.0"", ""_snapshot_ts"": ""2026-03-04T16:47:26.891632""}",2.0.0
64,062040,산일전기,KOSPI,인프라·에너지,130300,520.37,0.0,0,,WAIT,WAIT,False,False,True,44.4,44.4,47.2,33.2,61.2,0.0,150200.0,144100.0,168500.0,171600.0,,-0.96,0.84,147920,3.83,,0,6.23,52.0,-2.36,"전동기, 발전기 및 전기 변환 · 공급 · 제어 장치 제조업",52037000000.0,61.6,25.41,0,0,-9.9,-8.8,-2.34,-0.13,4.74,34.35,,,,0.238,0.238,1,12.0,1,0,1.27,0.3,v1_sl_first_gap_at_open,4.06,4.0,3.0,NORMAL+PM_BLOCK_INTRADAY+EST_MCAP+EF:정상,enter,100.0,0,1,142430.0,1.54,-0.1445,True,O,▲,165709,▲,X,X,0,0,0,0.0,"전동기, 발전기 및 전기 변환 · 공급 · 제어 장치 제조업",-2.745,,,61.2,23.159937913046246,23.159937913046246,6,1,default,default,default,20260303,20260303,44.4,44.4,44.4,,,0.3,,True,0,,"{""lookback_days"": 250, ""bench_lookback_days"": 60, ""top_n"": 600, ""min_turnover_eok"": 50, ""min_mcap_eok"": 1000, ""max_workers"": 4, ""pass_ebs"": 4, ""cache_format"": ""parquet"", ""rsi_low"": 45.0, ""rsi_high"": 65.0, ""rsi_overheat"": 75.0, ""bb_period"": 20, ""bb_std"": 2.0, ""bb_squeeze_bw"": 10.0, ""kc_period"": 20, ""kc_atr_period"": 20, ""kc_mult"": 1.5, ""bonus_bb_squeeze_score"": 3.0, ""bonus_bb_squeeze_entry"": 4.0, ""trigger_dist_wick_high"": 0.35, ""trigger_dist_wick_mid"": 0.25, ""trigger_ret_pct_dist"": 5.0, ""trigger_ret_pct_weak"": 3.0, ""trigger_range_pos_weak"": 0.6, ""trigger_vol_ratio_spike"": 3.0, ""mtf_struct_bonus"": 10.0, ""mtf_struct_penalty"": 15.0, ""mtf_min_weekly_bars"": 26, ""mtf_min_monthly_bars"": 12, ""w_rr"": 0.25, ""w_t1"": 0.18, ""w_sl"": 0.12, ""w_near"": 0.12, ""w_mom"": 0.1, ""w_liq"": 0.13, ""w_tec"": 0.1, ""w_sector"": 0.05, ""p_overheat_5d"": 6.0, ""p_overheat_10d"": 6.0, ""p_rsi_out"": 4.0, ""p_macd_neg"": 4.0, ""p_near_far"": 4.0, ""p_liq_low"": 4.0, ""p_vol_spike"": 2.0, ""p_big_sl"": 3.0, ""fx_caution"": 1470.0, ""fx_critical"": 1490.0, ""nasdaq_caution"": -1.5, ""nasdaq_critical"": -2.5, ""rec_limit_default"": 5, ""rec_limit_caution"": 3, ""ml_low"": 5.0, ""ml_high"": 25.0, ""ml_max_weight"": 0.2, ""ml_cov_gate"": 0.2, ""trim_pct"": 0.1, ""ebs_pass_threshold"": 3, ""macro_weights"": {""CRITICAL"": [0.55, 0.25], ""HIGH"": [0.5, 0.3], ""NORMAL"": [0.4, 0.4]}, ""slippage_base_bps"": 10.0, ""slippage_low_liq_mult"": 3.0, ""slippage_liq_threshold_eok"": 20.0, ""liq_penalty_very_low_eok"": 5.0, ""liq_penalty_very_low_pts"": 8.0, ""liq_penalty_low_eok"": 10.0, ""liq_penalty_low_pts"": 4.0, ""time_stop_days"": 7, ""time_stop_min_move_pct"": 2.0, ""time_stop_extend_if_profit"": true, ""config_version"": ""2.0.0"", ""_snapshot_ts"": ""2026-03-04T16:47:26.891632""}",2.0.0
65,432470,케이엔에스,KOSDAQ,조선·기계·설비,12010,134.08,0.0,0,,WAIT,WAIT,False,False,True,44.2,44.2,59.0,9.6,84.0,0.0,14500.0,13770.0,16690.0,17060.0,,1.08,0.48,14724,-12.75,,0,9.86,53.2,-4.71,특수 목적용 기계 제조업,13408000000.0,71.8,28.51,0,0,-9.43,0.07,-5.6,-16.67,37.83,37.7,,,,0.452,0.266,0,12.0,0,0,3.44,0.27,v1_sl_first_gap_at_open,5.03,5.0,3.0,NORMAL+PM_BLOCK_INTRADAY+EST_MCAP+EF:정상,enter,100.0,0,1,12192.0,-1.53,0.2026,True,O,▲,15517,▲,X,X,0,0,0,0.0,특수 목적용 기계 제조업,-1.14,,,84.0,22.155919178598435,22.155919178598435,8,1,default,default,default,20260303,20260303,44.2,44.2,44.2,,,0.3,,True,0,,"{""lookback_days"": 250, ""bench_lookback_days"": 60, ""top_n"": 600, ""min_turnover_eok"": 50, ""min_mcap_eok"": 1000, ""max_workers"": 4, ""pass_ebs"": 4, ""cache_format"": ""parquet"", ""rsi_low"": 45.0, ""rsi_high"": 65.0, ""rsi_overheat"": 75.0, ""bb_period"": 20, ""bb_std"": 2.0, ""bb_squeeze_bw"": 10.0, ""kc_period"": 20, ""kc_atr_period"": 20, ""kc_mult"": 1.5, ""bonus_bb_squeeze_score"": 3.0, ""bonus_bb_squeeze_entry"": 4.0, ""trigger_dist_wick_high"": 0.35, ""trigger_dist_wick_mid"": 0.25, ""trigger_ret_pct_dist"": 5.0, ""trigger_ret_pct_weak"": 3.0, ""trigger_range_pos_weak"": 0.6, ""trigger_vol_ratio_spike"": 3.0, ""mtf_struct_bonus"": 10.0, ""mtf_struct_penalty"": 15.0, ""mtf_min_weekly_bars"": 26, ""mtf_min_monthly_bars"": 12, ""w_rr"": 0.25, ""w_t1"": 0.18, ""w_sl"": 0.12, ""w_near"": 0.12, ""w_mom"": 0.1, ""w_liq"": 0.13, ""w_tec"": 0.1, ""w_sector"": 0.05, ""p_overheat_5d"": 6.0, ""p_overheat_10d"": 6.0, ""p_rsi_out"": 4.0, ""p_macd_neg"": 4.0, ""p_near_far"": 4.0, ""p_liq_low"": 4.0, ""p_vol_spike"": 2.0, ""p_big_sl"": 3.0, ""fx_caution"": 1470.0, ""fx_critical"": 1490.0, ""nasdaq_caution"": -1.5, ""nasdaq_critical"": -2.5, ""rec_limit_default"": 5, ""rec_limit_caution"": 3, ""ml_low"": 5.0, ""ml_high"": 25.0, ""ml_max_weight"": 0.2, ""ml_cov_gate"": 0.2, ""trim_pct"": 0.1, ""ebs_pass_threshold"": 3, ""macro_weights"": {""CRITICAL"": [0.55, 0.25], ""HIGH"": [0.5, 0.3], ""NORMAL"": [0.4, 0.4]}, ""slippage_base_bps"": 10.0, ""slippage_low_liq_mult"": 3.0, ""slippage_liq_threshold_eok"": 20.0, ""liq_penalty_very_low_eok"": 5.0, ""liq_penalty_very_low_pts"": 8.0, ""liq_penalty_low_eok"": 10.0, ""liq_penalty_low_pts"": 4.0, ""time_stop_days"": 7, ""time_stop_min_move_pct"": 2.0, ""time_stop_extend_if_profit"": true, ""config_version"": ""2.0.0"", ""_snapshot_ts"": ""2026-03-04T16:47:26.891632""}",2.0.0
66,287840,인투셀,KOSDAQ,기타,39950,109.29,0.0,0,,WAIT,WAIT,False,False,True,44.2,44.2,43.8,46.3,40.9,0.0,47000.0,45500.0,51500.0,52300.0,,-1.27,1.74,60653,24.09,,0,6.83,48.6,-5.32,자연과학 및 공학 연구개발업,10929000000.0,57.1,15.7,0,0,-7.48,-8.74,-3.59,-8.38,-28.79,54.35,,,,0.703,0.125,1,11.8,1,0,1.18,0.26,v1_sl_first_gap_at_open,3.19,5.0,3.0,SWING+PM_BLOCK_INTRADAY+EST_MCAP+EF:정상,enter,100.0,0,-1,53905.0,-22.51,-0.2121,True,X,▲,51317,▼,X,X,0,0,0,0.0,자연과학 및 공학 연구개발업,0.5794594594594594,,,40.9,41.627791697962635,41.627791697962635,6,1,default,default,default,20260303,20260303,44.2,44.2,44.2,,,0.3,,True,0,,"{""lookback_days"": 250, ""bench_lookback_days"": 60, ""top_n"": 600, ""min_turnover_eok"": 50, ""min_mcap_eok"": 1000, ""max_workers"": 4, ""pass_ebs"": 4, ""cache_format"": ""parquet"", ""rsi_low"": 45.0, ""rsi_high"": 65.0, ""rsi_overheat"": 75.0, ""bb_period"": 20, ""bb_std"": 2.0, ""bb_squeeze_bw"": 10.0, ""kc_period"": 20, ""kc_atr_period"": 20, ""kc_mult"": 1.5, ""bonus_bb_squeeze_score"": 3.0, ""bonus_bb_squeeze_entry"": 4.0, ""trigger_dist_wick_high"": 0.35, ""trigger_dist_wick_mid"": 0.25, ""trigger_ret_pct_dist"": 5.0, ""trigger_ret_pct_weak"": 3.0, ""trigger_range_pos_weak"": 0.6, ""trigger_vol_ratio_spike"": 3.0, ""mtf_struct_bonus"": 10.0, ""mtf_struct_penalty"": 15.0, ""mtf_min_weekly_bars"": 26, ""mtf_min_monthly_bars"": 12, ""w_rr"": 0.25, ""w_t1"": 0.18, ""w_sl"": 0.12, ""w_near"": 0.12, ""w_mom"": 0.1, ""w_liq"": 0.13, ""w_tec"": 0.1, ""w_sector"": 0.05, ""p_overheat_5d"": 6.0, ""p_overheat_10d"": 6.0, ""p_rsi_out"": 4.0, ""p_macd_neg"": 4.0, ""p_near_far"": 4.0, ""p_liq_low"": 4.0, ""p_vol_spike"": 2.0, ""p_big_sl"": 3.0, ""fx_caution"": 1470.0, ""fx_critical"": 1490.0, ""nasdaq_caution"": -1.5, ""nasdaq_critical"": -2.5, ""rec_limit_default"": 5, ""rec_limit_caution"": 3, ""ml_low"": 5.0, ""ml_high"": 25.0, ""ml_max_weight"": 0.2, ""ml_cov_gate"": 0.2, ""trim_pct"": 0.1, ""ebs_pass_threshold"": 3, ""macro_weights"": {""CRITICAL"": [0.55, 0.25], ""HIGH"": [0.5, 0.3], ""NORMAL"": [0.4, 0.4]}, ""slippage_base_bps"": 10.0, ""slippage_low_liq_mult"": 3.0, ""slippage_liq_threshold_eok"": 20.0, ""liq_penalty_very_low_eok"": 5.0, ""liq_penalty_very_low_pts"": 8.0, ""liq_penalty_low_eok"": 10.0, ""liq_penalty_low_pts"": 4.0, ""time_stop_days"": 7, ""time_stop_min_move_pct"": 2.0, ""time_stop_extend_if_profit"": true, ""config_version"": ""2.0.0"", ""_snapshot_ts"": ""2026-03-04T16:47:26.891632""}",2.0.0
67,338840,와이바이오로직스,KOSDAQ,기타,19250,50.21,0.0,0,,WAIT,WAIT,False,False,True,44.0,44.0,42.8,57.5,19.3,0.0,24950.0,23700.0,28700.0,29350.0,⚡눌림회복,-0.54,1.03,25247,1.48,,0,5.96,55.4,0.75,자연과학 및 공학 연구개발업,5021000000.0,55.2,25.23,0,0,-2.54,-4.95,6.17,-2.73,2.25,111.98,,,,0.236,0.236,1,12.0,1,0,0.74,0.46,v1_sl_first_gap_at_open,5.01,5.0,3.0,NORMAL+PM_BLOCK_INTRADAY+EST_MCAP+EF:정상,enter,100.0,1,1,21665.0,-1.18,-0.3685,False,O,▲,26944,▼,X,X,0,0,0,0.0,자연과학 및 공학 연구개발업,0.5794594594594594,,,19.3,44.972178825897586,44.972178825897586,4,1,default,default,default,20260303,20260303,44.0,44.0,44.0,,,0.3,,True,0,,"{""lookback_days"": 250, ""bench_lookback_days"": 60, ""top_n"": 600, ""min_turnover_eok"": 50, ""min_mcap_eok"": 1000, ""max_workers"": 4, ""pass_ebs"": 4, ""cache_format"": ""parquet"", ""rsi_low"": 45.0, ""rsi_high"": 65.0, ""rsi_overheat"": 75.0, ""bb_period"": 20, ""bb_std"": 2.0, ""bb_squeeze_bw"": 10.0, ""kc_period"": 20, ""kc_atr_period"": 20, ""kc_mult"": 1.5, ""bonus_bb_squeeze_score"": 3.0, ""bonus_bb_squeeze_entry"": 4.0, ""trigger_dist_wick_high"": 0.35, ""trigger_dist_wick_mid"": 0.25, ""trigger_ret_pct_dist"": 5.0, ""trigger_ret_pct_weak"": 3.0, ""trigger_range_pos_weak"": 0.6, ""trigger_vol_ratio_spike"": 3.0, ""mtf_struct_bonus"": 10.0, ""mtf_struct_penalty"": 15.0, ""mtf_min_weekly_bars"": 26, ""mtf_min_monthly_bars"": 12, ""w_rr"": 0.25, ""w_t1"": 0.18, ""w_sl"": 0.12, ""w_near"": 0.12, ""w_mom"": 0.1, ""w_liq"": 0.13, ""w_tec"": 0.1, ""w_sector"": 0.05, ""p_overheat_5d"": 6.0, ""p_overheat_10d"": 6.0, ""p_rsi_out"": 4.0, ""p_macd_neg"": 4.0, ""p_near_far"": 4.0, ""p_liq_low"": 4.0, ""p_vol_spike"": 2.0, ""p_big_sl"": 3.0, ""fx_caution"": 1470.0, ""fx_critical"": 1490.0, ""nasdaq_caution"": -1.5, ""nasdaq_critical"": -2.5, ""rec_limit_default"": 5, ""rec_limit_caution"": 3, ""ml_low"": 5.0, ""ml_high"": 25.0, ""ml_max_weight"": 0.2, ""ml_cov_gate"": 0.2, ""trim_pct"": 0.1, ""ebs_pass_threshold"": 3, ""macro_weights"": {""CRITICAL"": [0.55, 0.25], ""HIGH"": [0.5, 0.3], ""NORMAL"": [0.4, 0.4]}, ""slippage_base_bps"": 10.0, ""slippage_low_liq_mult"": 3.0, ""slippage_liq_threshold_eok"": 20.0, ""liq_penalty_very_low_eok"": 5.0, ""liq_penalty_very_low_pts"": 8.0, ""liq_penalty_low_eok"": 10.0, ""liq_penalty_low_pts"": 4.0, ""time_stop_days"": 7, ""time_stop_min_move_pct"": 2.0, ""time_stop_extend_if_profit"": true, ""config_version"": ""2.0.0"", ""_snapshot_ts"": ""2026-03-04T16:47:26.891632""}",2.0.0
68,361390,제노코,KOSDAQ,IT/전기전자,21800,139.88,0.0,0,,WAIT,WAIT,False,False,True,43.5,43.5,56.5,11.1,82.2,0.0,25700.0,24700.0,28700.0,29200.0,,-1.34,0.76,25809,-4.48,,5,6.25,48.1,-8.3,통신 및 방송 장비 제조업,13988000000.0,66.9,23.99,1,0,-5.17,-9.19,-6.55,1.78,74.24,60.32,,,,0.504,0.427,0,12.0,0,0,2.06,0.18,v1_sl_first_gap_at_open,3.89,5.0,3.0,SWING+PM_BLOCK_INTRADAY+EST_MCAP+EF:정상,enter,100.0,0,1,22140.0,-0.42,-0.3946,True,O,▲,28876,▼,X,X,0,0,0,0.0,통신 및 방송 장비 제조업,-4.951904761904761,,,82.2,14.464309726183485,14.464309726183485,8,1,default,default,default,20260303,20260303,43.5,43.5,43.5,,,0.3,,True,0,,"{""lookback_days"": 250, ""bench_lookback_days"": 60, ""top_n"": 600, ""min_turnover_eok"": 50, ""min_mcap_eok"": 1000, ""max_workers"": 4, ""pass_ebs"": 4, ""cache_format"": ""parquet"", ""rsi_low"": 45.0, ""rsi_high"": 65.0, ""rsi_overheat"": 75.0, ""bb_period"": 20, ""bb_std"": 2.0, ""bb_squeeze_bw"": 10.0, ""kc_period"": 20, ""kc_atr_period"": 20, ""kc_mult"": 1.5, ""bonus_bb_squeeze_score"": 3.0, ""bonus_bb_squeeze_entry"": 4.0, ""trigger_dist_wick_high"": 0.35, ""trigger_dist_wick_mid"": 0.25, ""trigger_ret_pct_dist"": 5.0, ""trigger_ret_pct_weak"": 3.0, ""trigger_range_pos_weak"": 0.6, ""trigger_vol_ratio_spike"": 3.0, ""mtf_struct_bonus"": 10.0, ""mtf_struct_penalty"": 15.0, ""mtf_min_weekly_bars"": 26, ""mtf_min_monthly_bars"": 12, ""w_rr"": 0.25, ""w_t1"": 0.18, ""w_sl"": 0.12, ""w_near"": 0.12, ""w_mom"": 0.1, ""w_liq"": 0.13, ""w_tec"": 0.1, ""w_sector"": 0.05, ""p_overheat_5d"": 6.0, ""p_overheat_10d"": 6.0, ""p_rsi_out"": 4.0, ""p_macd_neg"": 4.0, ""p_near_far"": 4.0, ""p_liq_low"": 4.0, ""p_vol_spike"": 2.0, ""p_big_sl"": 3.0, ""fx_caution"": 1470.0, ""fx_critical"": 1490.0, ""nasdaq_caution"": -1.5, ""nasdaq_critical"": -2.5, ""rec_limit_default"": 5, ""rec_limit_caution"": 3, ""ml_low"": 5.0, ""ml_high"": 25.0, ""ml_max_weight"": 0.2, ""ml_cov_gate"": 0.2, ""trim_pct"": 0.1, ""ebs_pass_threshold"": 3, ""macro_weights"": {""CRITICAL"": [0.55, 0.25], ""HIGH"": [0.5, 0.3], ""NORMAL"": [0.4, 0.4]}, ""slippage_base_bps"": 10.0, ""slippage_low_liq_mult"": 3.0, ""slippage_liq_threshold_eok"": 20.0, ""liq_penalty_very_low_eok"": 5.0, ""liq_penalty_very_low_pts"": 8.0, ""liq_penalty_low_eok"": 10.0, ""liq_penalty_low_pts"": 4.0, ""time_stop_days"": 7, ""time_stop_min_move_pct"": 2.0, ""time_stop_extend_if_profit"": true, ""config_version"": ""2.0.0"", ""_snapshot_ts"": ""2026-03-04T16:47:26.891632""}",2.0.0
69,129920,대성하이텍,KOSDAQ,조선·기계·설비,6000,196.85,0.0,0,,WAIT,WAIT,False,False,True,42.1,42.1,64.9,27.4,25.9,0.0,6390.0,6070.0,7350.0,7510.0,,-1.58,4.73,5526,44.03,,0,4.17,74.3,20.39,특수 목적용 기계 제조업,19685000000.0,59.1,79.96,0,0,-0.41,-4.68,42.33,43.73,99.46,69.28,,,,0.149,0.149,1,12.0,0,0,1.08,0.7,v1_sl_first_gap_at_open,5.01,5.0,3.0,NORMAL+PM_BLOCK_INTRADAY+EST_MCAP+EF:갭(9.9%)/급등(-0.4%)/VI → 50% 분할+ENTRY:split,split,50.0,1,1,6045.5,32.63,-0.4032,False,O,▲,8101,▲,X,X,0,0,0,0.0,특수 목적용 기계 제조업,-1.14,,,25.9,18.31413819372534,18.31413819372534,2,0,default,default,default,20260303,20260303,42.1,42.1,42.1,,,0.3,,True,0,,"{""lookback_days"": 250, ""bench_lookback_days"": 60, ""top_n"": 600, ""min_turnover_eok"": 50, ""min_mcap_eok"": 1000, ""max_workers"": 4, ""pass_ebs"": 4, ""cache_format"": ""parquet"", ""rsi_low"": 45.0, ""rsi_high"": 65.0, ""rsi_overheat"": 75.0, ""bb_period"": 20, ""bb_std"": 2.0, ""bb_squeeze_bw"": 10.0, ""kc_period"": 20, ""kc_atr_period"": 20, ""kc_mult"": 1.5, ""bonus_bb_squeeze_score"": 3.0, ""bonus_bb_squeeze_entry"": 4.0, ""trigger_dist_wick_high"": 0.35, ""trigger_dist_wick_mid"": 0.25, ""trigger_ret_pct_dist"": 5.0, ""trigger_ret_pct_weak"": 3.0, ""trigger_range_pos_weak"": 0.6, ""trigger_vol_ratio_spike"": 3.0, ""mtf_struct_bonus"": 10.0, ""mtf_struct_penalty"": 15.0, ""mtf_min_weekly_bars"": 26, ""mtf_min_monthly_bars"": 12, ""w_rr"": 0.25, ""w_t1"": 0.18, ""w_sl"": 0.12, ""w_near"": 0.12, ""w_mom"": 0.1, ""w_liq"": 0.13, ""w_tec"": 0.1, ""w_sector"": 0.05, ""p_overheat_5d"": 6.0, ""p_overheat_10d"": 6.0, ""p_rsi_out"": 4.0, ""p_macd_neg"": 4.0, ""p_near_far"": 4.0, ""p_liq_low"": 4.0, ""p_vol_spike"": 2.0, ""p_big_sl"": 3.0, ""fx_caution"": 1470.0, ""fx_critical"": 1490.0, ""nasdaq_caution"": -1.5, ""nasdaq_critical"": -2.5, ""rec_limit_default"": 5, ""rec_limit_caution"": 3, ""ml_low"": 5.0, ""ml_high"": 25.0, ""ml_max_weight"": 0.2, ""ml_cov_gate"": 0.2, ""trim_pct"": 0.1, ""ebs_pass_threshold"": 3, ""macro_weights"": {""CRITICAL"": [0.55, 0.25], ""HIGH"": [0.5, 0.3], ""NORMAL"": [0.4, 0.4]}, ""slippage_base_bps"": 10.0, ""slippage_low_liq_mult"": 3.0, ""slippage_liq_threshold_eok"": 20.0, ""liq_penalty_very_low_eok"": 5.0, ""liq_penalty_very_low_pts"": 8.0, ""liq_penalty_low_eok"": 10.0, ""liq_penalty_low_pts"": 4.0, ""time_stop_days"": 7, ""time_stop_min_move_pct"": 2.0, ""time_stop_extend_if_profit"": true, ""config_version"": ""2.0.0"", ""_snapshot_ts"": ""2026-03-04T16:47:26.891632""}",2.0.0
70,417840,저스템,KOSDAQ,조선·기계·설비,5380,78.43,0.0,0,,WAIT,WAIT,False,False,True,41.8,41.8,52.9,17.2,68.7,0.0,6500.0,6170.0,7490.0,7660.0,,0.71,0.51,6129,50.05,,0,5.99,49.7,-7.18,특수 목적용 기계 제조업,7843000000.0,57.3,29.34,0,0,-11.2,-3.7,-2.84,6.91,89.78,58.58,,,,0.285,0.276,1,12.0,0,0,2.45,0.18,v1_sl_first_gap_at_open,5.08,5.0,3.0,SWING+PM_BLOCK_INTRADAY+EST_MCAP+EF:정상,enter,100.0,0,1,5962.0,6.05,-0.2856,True,O,▲,7392,▼,X,X,0,0,0,0.0,특수 목적용 기계 제조업,-1.14,,,68.7,11.0,11.0,6,1,default,default,default,20260303,20260303,41.8,41.8,41.8,,,0.3,,True,0,,"{""lookback_days"": 250, ""bench_lookback_days"": 60, ""top_n"": 600, ""min_turnover_eok"": 50, ""min_mcap_eok"": 1000, ""max_workers"": 4, ""pass_ebs"": 4, ""cache_format"": ""parquet"", ""rsi_low"": 45.0, ""rsi_high"": 65.0, ""rsi_overheat"": 75.0, ""bb_period"": 20, ""bb_std"": 2.0, ""bb_squeeze_bw"": 10.0, ""kc_period"": 20, ""kc_atr_period"": 20, ""kc_mult"": 1.5, ""bonus_bb_squeeze_score"": 3.0, ""bonus_bb_squeeze_entry"": 4.0, ""trigger_dist_wick_high"": 0.35, ""trigger_dist_wick_mid"": 0.25, ""trigger_ret_pct_dist"": 5.0, ""trigger_ret_pct_weak"": 3.0, ""trigger_range_pos_weak"": 0.6, ""trigger_vol_ratio_spike"": 3.0, ""mtf_struct_bonus"": 10.0, ""mtf_struct_penalty"": 15.0, ""mtf_min_weekly_bars"": 26, ""mtf_min_monthly_bars"": 12, ""w_rr"": 0.25, ""w_t1"": 0.18, ""w_sl"": 0.12, ""w_near"": 0.12, ""w_mom"": 0.1, ""w_liq"": 0.13, ""w_tec"": 0.1, ""w_sector"": 0.05, ""p_overheat_5d"": 6.0, ""p_overheat_10d"": 6.0, ""p_rsi_out"": 4.0, ""p_macd_neg"": 4.0, ""p_near_far"": 4.0, ""p_liq_low"": 4.0, ""p_vol_spike"": 2.0, ""p_big_sl"": 3.0, ""fx_caution"": 1470.0, ""fx_critical"": 1490.0, ""nasdaq_caution"": -1.5, ""nasdaq_critical"": -2.5, ""rec_limit_default"": 5, ""rec_limit_caution"": 3, ""ml_low"": 5.0, ""ml_high"": 25.0, ""ml_max_weight"": 0.2, ""ml_cov_gate"": 0.2, ""trim_pct"": 0.1, ""ebs_pass_threshold"": 3, ""macro_weights"": {""CRITICAL"": [0.55, 0.25], ""HIGH"": [0.5, 0.3], ""NORMAL"": [0.4, 0.4]}, ""slippage_base_bps"": 10.0, ""slippage_low_liq_mult"": 3.0, ""slippage_liq_threshold_eok"": 20.0, ""liq_penalty_very_low_eok"": 5.0, ""liq_penalty_very_low_pts"": 8.0, ""liq_penalty_low_eok"": 10.0, ""liq_penalty_low_pts"": 4.0, ""time_stop_days"": 7, ""time_stop_min_move_pct"": 2.0, ""time_stop_extend_if_profit"": true, ""config_version"": ""2.0.0"", ""_snapshot_ts"": ""2026-03-04T16:47:26.891632""}",2.0.0
71,012210,삼미금속,KOSDAQ,기타,12340,83.89,0.0,0,,WAIT,WAIT,False,False,True,41.7,41.7,56.4,5.2,85.2,0.0,15480.0,14700.0,17820.0,18210.0,,-1.1,0.16,13420,-2.53,,0,40.11,52.3,-4.36,기타 금속 가공제품 제조업,8389000000.0,54.4,45.84,0,0,-13.57,-16.32,3.2,40.6,62.61,287.0,,,,0.362,0.192,0,12.0,0,0,3.35,0.48,v1_sl_first_gap_at_open,5.04,5.0,3.0,NORMAL+PM_BLOCK_INTRADAY+EST_MCAP+EF:정상,enter,100.0,0,1,15186.0,15.34,-0.5894,True,O,▲,18298,▼,X,X,0,0,0,0.0,기타 금속 가공제품 제조업,0.5794594594594594,,,85.2,11.0,11.0,6,1,default,default,default,20260303,20260303,41.7,41.7,41.7,,,0.3,,True,0,,"{""lookback_days"": 250, ""bench_lookback_days"": 60, ""top_n"": 600, ""min_turnover_eok"": 50, ""min_mcap_eok"": 1000, ""max_workers"": 4, ""pass_ebs"": 4, ""cache_format"": ""parquet"", ""rsi_low"": 45.0, ""rsi_high"": 65.0, ""rsi_overheat"": 75.0, ""bb_period"": 20, ""bb_std"": 2.0, ""bb_squeeze_bw"": 10.0, ""kc_period"": 20, ""kc_atr_period"": 20, ""kc_mult"": 1.5, ""bonus_bb_squeeze_score"": 3.0, ""bonus_bb_squeeze_entry"": 4.0, ""trigger_dist_wick_high"": 0.35, ""trigger_dist_wick_mid"": 0.25, ""trigger_ret_pct_dist"": 5.0, ""trigger_ret_pct_weak"": 3.0, ""trigger_range_pos_weak"": 0.6, ""trigger_vol_ratio_spike"": 3.0, ""mtf_struct_bonus"": 10.0, ""mtf_struct_penalty"": 15.0, ""mtf_min_weekly_bars"": 26, ""mtf_min_monthly_bars"": 12, ""w_rr"": 0.25, ""w_t1"": 0.18, ""w_sl"": 0.12, ""w_near"": 0.12, ""w_mom"": 0.1, ""w_liq"": 0.13, ""w_tec"": 0.1, ""w_sector"": 0.05, ""p_overheat_5d"": 6.0, ""p_overheat_10d"": 6.0, ""p_rsi_out"": 4.0, ""p_macd_neg"": 4.0, ""p_near_far"": 4.0, ""p_liq_low"": 4.0, ""p_vol_spike"": 2.0, ""p_big_sl"": 3.0, ""fx_caution"": 1470.0, ""fx_critical"": 1490.0, ""nasdaq_caution"": -1.5, ""nasdaq_critical"": -2.5, ""rec_limit_default"": 5, ""rec_limit_caution"": 3, ""ml_low"": 5.0, ""ml_high"": 25.0, ""ml_max_weight"": 0.2, ""ml_cov_gate"": 0.2, ""trim_pct"": 0.1, ""ebs_pass_threshold"": 3, ""macro_weights"": {""CRITICAL"": [0.55, 0.25], ""HIGH"": [0.5, 0.3], ""NORMAL"": [0.4, 0.4]}, ""slippage_base_bps"": 10.0, ""slippage_low_liq_mult"": 3.0, ""slippage_liq_threshold_eok"": 20.0, ""liq_penalty_very_low_eok"": 5.0, ""liq_penalty_very_low_pts"": 8.0, ""liq_penalty_low_eok"": 10.0, ""liq_penalty_low_pts"": 4.0, ""time_stop_days"": 7, ""time_stop_min_move_pct"": 2.0, ""time_stop_extend_if_profit"": true, ""config_version"": ""2.0.0"", ""_snapshot_ts"": ""2026-03-04T16:47:26.891632""}",2.0.0
72,252990,샘씨엔에스,KOSDAQ,IT/전기전자,9060,100.42,0.0,0,,WAIT,WAIT,False,False,True,41.6,41.6,49.9,18.9,70.6,0.0,10590.0,10110.0,12030.0,12270.0,,-0.04,0.48,9180,42.66,,0,17.19,41.5,-4.26,전자부품 제조업,10042000000.0,51.5,25.73,0,0,-3.81,-6.28,-8.15,13.02,42.72,115.68,,,,0.16,0.16,1,12.0,0,0,1.61,0.45,v1_sl_first_gap_at_open,4.53,5.0,3.0,SWING+PM_BLOCK_INTRADAY+EST_MCAP+EF:정상,enter,100.0,0,1,9329.0,15.35,-0.4483,True,O,▲,11578,▼,X,X,0,0,0,0.0,전자부품 제조업,-4.951904761904761,,,70.6,11.077634660827064,11.077634660827064,4,1,default,default,default,20260303,20260303,41.6,41.6,41.6,,,0.3,,True,0,,"{""lookback_days"": 250, ""bench_lookback_days"": 60, ""top_n"": 600, ""min_turnover_eok"": 50, ""min_mcap_eok"": 1000, ""max_workers"": 4, ""pass_ebs"": 4, ""cache_format"": ""parquet"", ""rsi_low"": 45.0, ""rsi_high"": 65.0, ""rsi_overheat"": 75.0, ""bb_period"": 20, ""bb_std"": 2.0, ""bb_squeeze_bw"": 10.0, ""kc_period"": 20, ""kc_atr_period"": 20, ""kc_mult"": 1.5, ""bonus_bb_squeeze_score"": 3.0, ""bonus_bb_squeeze_entry"": 4.0, ""trigger_dist_wick_high"": 0.35, ""trigger_dist_wick_mid"": 0.25, ""trigger_ret_pct_dist"": 5.0, ""trigger_ret_pct_weak"": 3.0, ""trigger_range_pos_weak"": 0.6, ""trigger_vol_ratio_spike"": 3.0, ""mtf_struct_bonus"": 10.0, ""mtf_struct_penalty"": 15.0, ""mtf_min_weekly_bars"": 26, ""mtf_min_monthly_bars"": 12, ""w_rr"": 0.25, ""w_t1"": 0.18, ""w_sl"": 0.12, ""w_near"": 0.12, ""w_mom"": 0.1, ""w_liq"": 0.13, ""w_tec"": 0.1, ""w_sector"": 0.05, ""p_overheat_5d"": 6.0, ""p_overheat_10d"": 6.0, ""p_rsi_out"": 4.0, ""p_macd_neg"": 4.0, ""p_near_far"": 4.0, ""p_liq_low"": 4.0, ""p_vol_spike"": 2.0, ""p_big_sl"": 3.0, ""fx_caution"": 1470.0, ""fx_critical"": 1490.0, ""nasdaq_caution"": -1.5, ""nasdaq_critical"": -2.5, ""rec_limit_default"": 5, ""rec_limit_caution"": 3, ""ml_low"": 5.0, ""ml_high"": 25.0, ""ml_max_weight"": 0.2, ""ml_cov_gate"": 0.2, ""trim_pct"": 0.1, ""ebs_pass_threshold"": 3, ""macro_weights"": {""CRITICAL"": [0.55, 0.25], ""HIGH"": [0.5, 0.3], ""NORMAL"": [0.4, 0.4]}, ""slippage_base_bps"": 10.0, ""slippage_low_liq_mult"": 3.0, ""slippage_liq_threshold_eok"": 20.0, ""liq_penalty_very_low_eok"": 5.0, ""liq_penalty_very_low_pts"": 8.0, ""liq_penalty_low_eok"": 10.0, ""liq_penalty_low_pts"": 4.0, ""time_stop_days"": 7, ""time_stop_min_move_pct"": 2.0, ""time_stop_extend_if_profit"": true, ""config_version"": ""2.0.0"", ""_snapshot_ts"": ""2026-03-04T16:47:26.891632""}",2.0.0
73,443060,HD현대마린솔루션,KOSPI,서비스 기타,159500,395.52,0.0,0,,WAIT,WAIT,False,False,True,41.2,41.2,43.8,48.1,22.1,0.0,182000.0,172900.0,209500.0,214000.0,,-0.58,1.1,184832,-2.08,,0,3.41,68.2,3.01,"건축기술, 엔지니어링 및 관련 기술 서비스업",39552000000.0,46.9,17.54,0,0,-1.25,-1.3,9.05,-1.83,-2.2,-14.55,,,,0.861,0.394,0,7.2,1,0,0.58,0.78,v1_sl_first_gap_at_open,5.0,5.0,3.0,NORMAL+PM_BLOCK_INTRADAY+EST_MCAP+EF:정상,enter,100.0,1,1,165560.0,-1.53,0.0234,False,X,▼,184714,▲,X,X,0,0,0,0.0,"건축기술, 엔지니어링 및 관련 기술 서비스업",-2.7985714285714285,,,22.1,56.7701035617758,56.7701035617758,6,1,default,default,default,20260303,20260303,41.2,41.2,41.2,,,0.3,,True,0,,"{""lookback_days"": 250, ""bench_lookback_days"": 60, ""top_n"": 600, ""min_turnover_eok"": 50, ""min_mcap_eok"": 1000, ""max_workers"": 4, ""pass_ebs"": 4, ""cache_format"": ""parquet"", ""rsi_low"": 45.0, ""rsi_high"": 65.0, ""rsi_overheat"": 75.0, ""bb_period"": 20, ""bb_std"": 2.0, ""bb_squeeze_bw"": 10.0, ""kc_period"": 20, ""kc_atr_period"": 20, ""kc_mult"": 1.5, ""bonus_bb_squeeze_score"": 3.0, ""bonus_bb_squeeze_entry"": 4.0, ""trigger_dist_wick_high"": 0.35, ""trigger_dist_wick_mid"": 0.25, ""trigger_ret_pct_dist"": 5.0, ""trigger_ret_pct_weak"": 3.0, ""trigger_range_pos_weak"": 0.6, ""trigger_vol_ratio_spike"": 3.0, ""mtf_struct_bonus"": 10.0, ""mtf_struct_penalty"": 15.0, ""mtf_min_weekly_bars"": 26, ""mtf_min_monthly_bars"": 12, ""w_rr"": 0.25, ""w_t1"": 0.18, ""w_sl"": 0.12, ""w_near"": 0.12, ""w_mom"": 0.1, ""w_liq"": 0.13, ""w_tec"": 0.1, ""w_sector"": 0.05, ""p_overheat_5d"": 6.0, ""p_overheat_10d"": 6.0, ""p_rsi_out"": 4.0, ""p_macd_neg"": 4.0, ""p_near_far"": 4.0, ""p_liq_low"": 4.0, ""p_vol_spike"": 2.0, ""p_big_sl"": 3.0, ""fx_caution"": 1470.0, ""fx_critical"": 1490.0, ""nasdaq_caution"": -1.5, ""nasdaq_critical"": -2.5, ""rec_limit_default"": 5, ""rec_limit_caution"": 3, ""ml_low"": 5.0, ""ml_high"": 25.0, ""ml_max_weight"": 0.2, ""ml_cov_gate"": 0.2, ""trim_pct"": 0.1, ""ebs_pass_threshold"": 3, ""macro_weights"": {""CRITICAL"": [0.55, 0.25], ""HIGH"": [0.5, 0.3], ""NORMAL"": [0.4, 0.4]}, ""slippage_base_bps"": 10.0, ""slippage_low_liq_mult"": 3.0, ""slippage_liq_threshold_eok"": 20.0, ""liq_penalty_very_low_eok"": 5.0, ""liq_penalty_very_low_pts"": 8.0, ""liq_penalty_low_eok"": 10.0, ""liq_penalty_low_pts"": 4.0, ""time_stop_days"": 7, ""time_stop_min_move_pct"": 2.0, ""time_stop_extend_if_profit"": true, ""config_version"": ""2.0.0"", ""_snapshot_ts"": ""2026-03-04T16:47:26.891632""}",2.0.0
74,417010,나노팀,KOSDAQ,조선·기계·설비,8730,50.59,0.0,0,,WAIT,WAIT,False,False,True,41.1,41.1,57.2,0.0,91.2,0.0,10380.0,10060.0,11340.0,11500.0,,0.34,0.18,10201,-13.43,,0,9.03,46.4,-13.65,일반 목적용 기계 제조업,5059000000.0,84.1,36.85,0,0,-8.22,-6.49,-22.94,3.8,123.95,110.55,,,,0.402,0.157,0,12.0,0,0,3.91,0.15,v1_sl_first_gap_at_open,3.08,5.0,3.0,SWING+PM_BLOCK_INTRADAY+EST_MCAP+EF:정상,enter,100.0,0,1,8654.0,1.75,-0.3532,False,O,▲,11563,▼,X,X,0,0,0,0.0,일반 목적용 기계 제조업,-1.14,,,91.2,5.0,5.0,6,1,default,default,default,20260303,20260303,41.1,41.1,41.1,,,0.3,,True,0,,"{""lookback_days"": 250, ""bench_lookback_days"": 60, ""top_n"": 600, ""min_turnover_eok"": 50, ""min_mcap_eok"": 1000, ""max_workers"": 4, ""pass_ebs"": 4, ""cache_format"": ""parquet"", ""rsi_low"": 45.0, ""rsi_high"": 65.0, ""rsi_overheat"": 75.0, ""bb_period"": 20, ""bb_std"": 2.0, ""bb_squeeze_bw"": 10.0, ""kc_period"": 20, ""kc_atr_period"": 20, ""kc_mult"": 1.5, ""bonus_bb_squeeze_score"": 3.0, ""bonus_bb_squeeze_entry"": 4.0, ""trigger_dist_wick_high"": 0.35, ""trigger_dist_wick_mid"": 0.25, ""trigger_ret_pct_dist"": 5.0, ""trigger_ret_pct_weak"": 3.0, ""trigger_range_pos_weak"": 0.6, ""trigger_vol_ratio_spike"": 3.0, ""mtf_struct_bonus"": 10.0, ""mtf_struct_penalty"": 15.0, ""mtf_min_weekly_bars"": 26, ""mtf_min_monthly_bars"": 12, ""w_rr"": 0.25, ""w_t1"": 0.18, ""w_sl"": 0.12, ""w_near"": 0.12, ""w_mom"": 0.1, ""w_liq"": 0.13, ""w_tec"": 0.1, ""w_sector"": 0.05, ""p_overheat_5d"": 6.0, ""p_overheat_10d"": 6.0, ""p_rsi_out"": 4.0, ""p_macd_neg"": 4.0, ""p_near_far"": 4.0, ""p_liq_low"": 4.0, ""p_vol_spike"": 2.0, ""p_big_sl"": 3.0, ""fx_caution"": 1470.0, ""fx_critical"": 1490.0, ""nasdaq_caution"": -1.5, ""nasdaq_critical"": -2.5, ""rec_limit_default"": 5, ""rec_limit_caution"": 3, ""ml_low"": 5.0, ""ml_high"": 25.0, ""ml_max_weight"": 0.2, ""ml_cov_gate"": 0.2, ""trim_pct"": 0.1, ""ebs_pass_threshold"": 3, ""macro_weights"": {""CRITICAL"": [0.55, 0.25], ""HIGH"": [0.5, 0.3], ""NORMAL"": [0.4, 0.4]}, ""slippage_base_bps"": 10.0, ""slippage_low_liq_mult"": 3.0, ""slippage_liq_threshold_eok"": 20.0, ""liq_penalty_very_low_eok"": 5.0, ""liq_penalty_very_low_pts"": 8.0, ""liq_penalty_low_eok"": 10.0, ""liq_penalty_low_pts"": 4.0, ""time_stop_days"": 7, ""time_stop_min_move_pct"": 2.0, ""time_stop_extend_if_profit"": true, ""config_version"": ""2.0.0"", ""_snapshot_ts"": ""2026-03-04T16:47:26.891632""}",2.0.0
75,064400,LG씨엔에스,KOSPI,IT/전기전자,58500,1023.67,0.0,0,,WAIT,WAIT,False,False,True,40.9,40.9,28.8,32.9,81.1,0.0,67600.0,65400.0,74200.0,75300.0,,-0.74,1.11,68443,-2.37,,5,1.96,44.4,-4.34,"컴퓨터 프로그래밍, 시스템 통합 및 관리업",102367000000.0,68.6,11.41,1,0,-9.26,-5.45,-6.24,-2.31,16.55,-0.59,,,,0.402,0.402,0,9.4,1,1,0.91,0.12,v1_sl_first_gap_at_open,3.25,4.0,3.0,SWING+PM_BLOCK_INTRADAY+EST_MCAP+EF:정상,enter,100.0,0,1,67360.0,-1.23,0.0225,True,O,▲,72485,▼,X,X,0,0,0,0.0,"컴퓨터 프로그래밍, 시스템 통합 및 관리업",-4.951904761904761,,,81.1,32.68151786884618,32.68151786884618,6,1,default,default,default,20260303,20260303,40.9,40.9,40.9,,,0.3,,True,0,,"{""lookback_days"": 250, ""bench_lookback_days"": 60, ""top_n"": 600, ""min_turnover_eok"": 50, ""min_mcap_eok"": 1000, ""max_workers"": 4, ""pass_ebs"": 4, ""cache_format"": ""parquet"", ""rsi_low"": 45.0, ""rsi_high"": 65.0, ""rsi_overheat"": 75.0, ""bb_period"": 20, ""bb_std"": 2.0, ""bb_squeeze_bw"": 10.0, ""kc_period"": 20, ""kc_atr_period"": 20, ""kc_mult"": 1.5, ""bonus_bb_squeeze_score"": 3.0, ""bonus_bb_squeeze_entry"": 4.0, ""trigger_dist_wick_high"": 0.35, ""trigger_dist_wick_mid"": 0.25, ""trigger_ret_pct_dist"": 5.0, ""trigger_ret_pct_weak"": 3.0, ""trigger_range_pos_weak"": 0.6, ""trigger_vol_ratio_spike"": 3.0, ""mtf_struct_bonus"": 10.0, ""mtf_struct_penalty"": 15.0, ""mtf_min_weekly_bars"": 26, ""mtf_min_monthly_bars"": 12, ""w_rr"": 0.25, ""w_t1"": 0.18, ""w_sl"": 0.12, ""w_near"": 0.12, ""w_mom"": 0.1, ""w_liq"": 0.13, ""w_tec"": 0.1, ""w_sector"": 0.05, ""p_overheat_5d"": 6.0, ""p_overheat_10d"": 6.0, ""p_rsi_out"": 4.0, ""p_macd_neg"": 4.0, ""p_near_far"": 4.0, ""p_liq_low"": 4.0, ""p_vol_spike"": 2.0, ""p_big_sl"": 3.0, ""fx_caution"": 1470.0, ""fx_critical"": 1490.0, ""nasdaq_caution"": -1.5, ""nasdaq_critical"": -2.5, ""rec_limit_default"": 5, ""rec_limit_caution"": 3, ""ml_low"": 5.0, ""ml_high"": 25.0, ""ml_max_weight"": 0.2, ""ml_cov_gate"": 0.2, ""trim_pct"": 0.1, ""ebs_pass_threshold"": 3, ""macro_weights"": {""CRITICAL"": [0.55, 0.25], ""HIGH"": [0.5, 0.3], ""NORMAL"": [0.4, 0.4]}, ""slippage_base_bps"": 10.0, ""slippage_low_liq_mult"": 3.0, ""slippage_liq_threshold_eok"": 20.0, ""liq_penalty_very_low_eok"": 5.0, ""liq_penalty_very_low_pts"": 8.0, ""liq_penalty_low_eok"": 10.0, ""liq_penalty_low_pts"": 4.0, ""time_stop_days"": 7, ""time_stop_min_move_pct"": 2.0, ""time_stop_extend_if_profit"": true, ""config_version"": ""2.0.0"", ""_snapshot_ts"": ""2026-03-04T16:47:26.891632""}",2.0.0
76,079900,전진건설로봇,KOSPI,조선·기계·설비,47100,110.7,0.0,0,,WAIT,WAIT,False,False,True,40.5,40.5,44.2,20.6,73.0,0.0,56500.0,54700.0,61900.0,62800.0,,-0.13,0.36,58266,18.12,,0,13.94,38.7,-3.25,특수 목적용 기계 제조업,11070000000.0,56.7,27.1,0,0,-5.68,-2.75,-4.24,9.07,18.57,14.37,,,,0.286,0.286,1,12.0,0,0,1.13,0.34,v1_sl_first_gap_at_open,3.19,5.0,3.0,SWING+PM_BLOCK_INTRADAY+EST_MCAP+EF:정상,enter,100.0,0,1,51710.0,-3.03,-0.1236,True,O,▲,59123,▼,X,X,0,0,0,0.0,특수 목적용 기계 제조업,-1.14,,,73.0,14.0,14.0,4,1,default,default,default,20260303,20260303,40.5,40.5,40.5,,,0.3,,True,0,,"{""lookback_days"": 250, ""bench_lookback_days"": 60, ""top_n"": 600, ""min_turnover_eok"": 50, ""min_mcap_eok"": 1000, ""max_workers"": 4, ""pass_ebs"": 4, ""cache_format"": ""parquet"", ""rsi_low"": 45.0, ""rsi_high"": 65.0, ""rsi_overheat"": 75.0, ""bb_period"": 20, ""bb_std"": 2.0, ""bb_squeeze_bw"": 10.0, ""kc_period"": 20, ""kc_atr_period"": 20, ""kc_mult"": 1.5, ""bonus_bb_squeeze_score"": 3.0, ""bonus_bb_squeeze_entry"": 4.0, ""trigger_dist_wick_high"": 0.35, ""trigger_dist_wick_mid"": 0.25, ""trigger_ret_pct_dist"": 5.0, ""trigger_ret_pct_weak"": 3.0, ""trigger_range_pos_weak"": 0.6, ""trigger_vol_ratio_spike"": 3.0, ""mtf_struct_bonus"": 10.0, ""mtf_struct_penalty"": 15.0, ""mtf_min_weekly_bars"": 26, ""mtf_min_monthly_bars"": 12, ""w_rr"": 0.25, ""w_t1"": 0.18, ""w_sl"": 0.12, ""w_near"": 0.12, ""w_mom"": 0.1, ""w_liq"": 0.13, ""w_tec"": 0.1, ""w_sector"": 0.05, ""p_overheat_5d"": 6.0, ""p_overheat_10d"": 6.0, ""p_rsi_out"": 4.0, ""p_macd_neg"": 4.0, ""p_near_far"": 4.0, ""p_liq_low"": 4.0, ""p_vol_spike"": 2.0, ""p_big_sl"": 3.0, ""fx_caution"": 1470.0, ""fx_critical"": 1490.0, ""nasdaq_caution"": -1.5, ""nasdaq_critical"": -2.5, ""rec_limit_default"": 5, ""rec_limit_caution"": 3, ""ml_low"": 5.0, ""ml_high"": 25.0, ""ml_max_weight"": 0.2, ""ml_cov_gate"": 0.2, ""trim_pct"": 0.1, ""ebs_pass_threshold"": 3, ""macro_weights"": {""CRITICAL"": [0.55, 0.25], ""HIGH"": [0.5, 0.3], ""NORMAL"": [0.4, 0.4]}, ""slippage_base_bps"": 10.0, ""slippage_low_liq_mult"": 3.0, ""slippage_liq_threshold_eok"": 20.0, ""liq_penalty_very_low_eok"": 5.0, ""liq_penalty_very_low_pts"": 8.0, ""liq_penalty_low_eok"": 10.0, ""liq_penalty_low_pts"": 4.0, ""time_stop_days"": 7, ""time_stop_min_move_pct"": 2.0, ""time_stop_extend_if_profit"": true, ""config_version"": ""2.0.0"", ""_snapshot_ts"": ""2026-03-04T16:47:26.891632""}",2.0.0
77,357880,SKAI,KOSDAQ,IT/전기전자,2275,51.35,0.0,0,,WAIT,WAIT,False,False,True,40.4,40.4,41.5,20.7,77.6,0.0,2165.0,2055.0,2495.0,2550.0,,-0.03,0.44,2211,-1.44,,0,3.92,63.3,11.65,소프트웨어 개발 및 공급업,5135000000.0,76.0,92.08,0,0,-7.08,-2.48,43.38,24.43,37.46,6.65,,,,0.471,0.43,0,12.0,1,0,0.63,0.39,v1_sl_first_gap_at_open,5.08,5.0,3.0,NORMAL+PM_BLOCK_INTRADAY+EST_MCAP+EF:정상,enter,100.0,1,1,1890.3000000000002,-2.12,-0.8837,False,O,▲,2668,▲,X,X,0,0,0,0.0,소프트웨어 개발 및 공급업,-4.951904761904761,,,77.6,32.14510720859937,32.14510720859937,4,1,default,default,default,20260303,20260303,40.4,40.4,40.4,,,0.3,,True,0,,"{""lookback_days"": 250, ""bench_lookback_days"": 60, ""top_n"": 600, ""min_turnover_eok"": 50, ""min_mcap_eok"": 1000, ""max_workers"": 4, ""pass_ebs"": 4, ""cache_format"": ""parquet"", ""rsi_low"": 45.0, ""rsi_high"": 65.0, ""rsi_overheat"": 75.0, ""bb_period"": 20, ""bb_std"": 2.0, ""bb_squeeze_bw"": 10.0, ""kc_period"": 20, ""kc_atr_period"": 20, ""kc_mult"": 1.5, ""bonus_bb_squeeze_score"": 3.0, ""bonus_bb_squeeze_entry"": 4.0, ""trigger_dist_wick_high"": 0.35, ""trigger_dist_wick_mid"": 0.25, ""trigger_ret_pct_dist"": 5.0, ""trigger_ret_pct_weak"": 3.0, ""trigger_range_pos_weak"": 0.6, ""trigger_vol_ratio_spike"": 3.0, ""mtf_struct_bonus"": 10.0, ""mtf_struct_penalty"": 15.0, ""mtf_min_weekly_bars"": 26, ""mtf_min_monthly_bars"": 12, ""w_rr"": 0.25, ""w_t1"": 0.18, ""w_sl"": 0.12, ""w_near"": 0.12, ""w_mom"": 0.1, ""w_liq"": 0.13, ""w_tec"": 0.1, ""w_sector"": 0.05, ""p_overheat_5d"": 6.0, ""p_overheat_10d"": 6.0, ""p_rsi_out"": 4.0, ""p_macd_neg"": 4.0, ""p_near_far"": 4.0, ""p_liq_low"": 4.0, ""p_vol_spike"": 2.0, ""p_big_sl"": 3.0, ""fx_caution"": 1470.0, ""fx_critical"": 1490.0, ""nasdaq_caution"": -1.5, ""nasdaq_critical"": -2.5, ""rec_limit_default"": 5, ""rec_limit_caution"": 3, ""ml_low"": 5.0, ""ml_high"": 25.0, ""ml_max_weight"": 0.2, ""ml_cov_gate"": 0.2, ""trim_pct"": 0.1, ""ebs_pass_threshold"": 3, ""macro_weights"": {""CRITICAL"": [0.55, 0.25], ""HIGH"": [0.5, 0.3], ""NORMAL"": [0.4, 0.4]}, ""slippage_base_bps"": 10.0, ""slippage_low_liq_mult"": 3.0, ""slippage_liq_threshold_eok"": 20.0, ""liq_penalty_very_low_eok"": 5.0, ""liq_penalty_very_low_pts"": 8.0, ""liq_penalty_low_eok"": 10.0, ""liq_penalty_low_pts"": 4.0, ""time_stop_days"": 7, ""time_stop_min_move_pct"": 2.0, ""time_stop_extend_if_profit"": true, ""config_version"": ""2.0.0"", ""_snapshot_ts"": ""2026-03-04T16:47:26.891632""}",2.0.0
78,489500,엘케이켐,KOSDAQ,화학·소재,30000,77.77,0.0,0,,WAIT,WAIT,False,False,True,39.1,39.1,54.7,5.6,74.9,0.0,34400.0,33350.0,37550.0,38100.0,,-1.89,0.32,38651,0.44,,0,21.13,38.4,-15.69,기타 화학제품 제조업,7777000000.0,61.5,72.35,0,0,-6.78,-14.32,-32.94,16.81,94.35,91.64,,,,0.471,0.127,1,12.0,1,0,3.09,0.19,v1_sl_first_gap_at_open,3.05,5.0,3.0,SWING+PM_BLOCK_INTRADAY+EST_MCAP+EF:정상,enter,100.0,0,-1,50100.0,-11.0,-0.9654,False,O,▲,39668,▼,X,X,0,0,0,0.0,기타 화학제품 제조업,-2.4749999999999996,,,74.9,5.0,5.0,4,1,default,default,default,20260303,20260303,39.1,39.1,39.1,,,0.3,,True,0,,"{""lookback_days"": 250, ""bench_lookback_days"": 60, ""top_n"": 600, ""min_turnover_eok"": 50, ""min_mcap_eok"": 1000, ""max_workers"": 4, ""pass_ebs"": 4, ""cache_format"": ""parquet"", ""rsi_low"": 45.0, ""rsi_high"": 65.0, ""rsi_overheat"": 75.0, ""bb_period"": 20, ""bb_std"": 2.0, ""bb_squeeze_bw"": 10.0, ""kc_period"": 20, ""kc_atr_period"": 20, ""kc_mult"": 1.5, ""bonus_bb_squeeze_score"": 3.0, ""bonus_bb_squeeze_entry"": 4.0, ""trigger_dist_wick_high"": 0.35, ""trigger_dist_wick_mid"": 0.25, ""trigger_ret_pct_dist"": 5.0, ""trigger_ret_pct_weak"": 3.0, ""trigger_range_pos_weak"": 0.6, ""trigger_vol_ratio_spike"": 3.0, ""mtf_struct_bonus"": 10.0, ""mtf_struct_penalty"": 15.0, ""mtf_min_weekly_bars"": 26, ""mtf_min_monthly_bars"": 12, ""w_rr"": 0.25, ""w_t1"": 0.18, ""w_sl"": 0.12, ""w_near"": 0.12, ""w_mom"": 0.1, ""w_liq"": 0.13, ""w_tec"": 0.1, ""w_sector"": 0.05, ""p_overheat_5d"": 6.0, ""p_overheat_10d"": 6.0, ""p_rsi_out"": 4.0, ""p_macd_neg"": 4.0, ""p_near_far"": 4.0, ""p_liq_low"": 4.0, ""p_vol_spike"": 2.0, ""p_big_sl"": 3.0, ""fx_caution"": 1470.0, ""fx_critical"": 1490.0, ""nasdaq_caution"": -1.5, ""nasdaq_critical"": -2.5, ""rec_limit_default"": 5, ""rec_limit_caution"": 3, ""ml_low"": 5.0, ""ml_high"": 25.0, ""ml_max_weight"": 0.2, ""ml_cov_gate"": 0.2, ""trim_pct"": 0.1, ""ebs_pass_threshold"": 3, ""macro_weights"": {""CRITICAL"": [0.55, 0.25], ""HIGH"": [0.5, 0.3], ""NORMAL"": [0.4, 0.4]}, ""slippage_base_bps"": 10.0, ""slippage_low_liq_mult"": 3.0, ""slippage_liq_threshold_eok"": 20.0, ""liq_penalty_very_low_eok"": 5.0, ""liq_penalty_very_low_pts"": 8.0, ""liq_penalty_low_eok"": 10.0, ""liq_penalty_low_pts"": 4.0, ""time_stop_days"": 7, ""time_stop_min_move_pct"": 2.0, ""time_stop_extend_if_profit"": true, ""config_version"": ""2.0.0"", ""_snapshot_ts"": ""2026-03-04T16:47:26.891632""}",2.0.0
79,389020,자람테크놀로지,KOSDAQ,반도체,36550,84.65,0.0,0,,WAIT,WAIT,False,False,True,38.1,38.1,50.5,23.6,42.2,0.0,44000.0,41800.0,50600.0,51700.0,,-2.04,1.0,42731,-3.54,,0,10.62,55.4,-1.32,반도체 제조업,8465000000.0,58.3,35.86,0,0,-4.76,-18.67,0.46,5.77,26.62,25.89,,,,0.286,0.286,0,12.0,1,0,1.56,0.36,v1_sl_first_gap_at_open,5.0,5.0,3.0,NORMAL+PM_BLOCK_INTRADAY+EST_MCAP+EF:정상,enter,100.0,0,1,37950.0,2.97,-0.6074,False,O,▲,50109,▼,X,X,0,0,0,0.0,반도체 제조업,-4.504285714285715,,,42.2,29.815373604728244,29.815373604728244,6,1,default,default,default,20260303,20260303,38.1,38.1,38.1,,,0.3,,True,0,,"{""lookback_days"": 250, ""bench_lookback_days"": 60, ""top_n"": 600, ""min_turnover_eok"": 50, ""min_mcap_eok"": 1000, ""max_workers"": 4, ""pass_ebs"": 4, ""cache_format"": ""parquet"", ""rsi_low"": 45.0, ""rsi_high"": 65.0, ""rsi_overheat"": 75.0, ""bb_period"": 20, ""bb_std"": 2.0, ""bb_squeeze_bw"": 10.0, ""kc_period"": 20, ""kc_atr_period"": 20, ""kc_mult"": 1.5, ""bonus_bb_squeeze_score"": 3.0, ""bonus_bb_squeeze_entry"": 4.0, ""trigger_dist_wick_high"": 0.35, ""trigger_dist_wick_mid"": 0.25, ""trigger_ret_pct_dist"": 5.0, ""trigger_ret_pct_weak"": 3.0, ""trigger_range_pos_weak"": 0.6, ""trigger_vol_ratio_spike"": 3.0, ""mtf_struct_bonus"": 10.0, ""mtf_struct_penalty"": 15.0, ""mtf_min_weekly_bars"": 26, ""mtf_min_monthly_bars"": 12, ""w_rr"": 0.25, ""w_t1"": 0.18, ""w_sl"": 0.12, ""w_near"": 0.12, ""w_mom"": 0.1, ""w_liq"": 0.13, ""w_tec"": 0.1, ""w_sector"": 0.05, ""p_overheat_5d"": 6.0, ""p_overheat_10d"": 6.0, ""p_rsi_out"": 4.0, ""p_macd_neg"": 4.0, ""p_near_far"": 4.0, ""p_liq_low"": 4.0, ""p_vol_spike"": 2.0, ""p_big_sl"": 3.0, ""fx_caution"": 1470.0, ""fx_critical"": 1490.0, ""nasdaq_caution"": -1.5, ""nasdaq_critical"": -2.5, ""rec_limit_default"": 5, ""rec_limit_caution"": 3, ""ml_low"": 5.0, ""ml_high"": 25.0, ""ml_max_weight"": 0.2, ""ml_cov_gate"": 0.2, ""trim_pct"": 0.1, ""ebs_pass_threshold"": 3, ""macro_weights"": {""CRITICAL"": [0.55, 0.25], ""HIGH"": [0.5, 0.3], ""NORMAL"": [0.4, 0.4]}, ""slippage_base_bps"": 10.0, ""slippage_low_liq_mult"": 3.0, ""slippage_liq_threshold_eok"": 20.0, ""liq_penalty_very_low_eok"": 5.0, ""liq_penalty_very_low_pts"": 8.0, ""liq_penalty_low_eok"": 10.0, ""liq_penalty_low_pts"": 4.0, ""time_stop_days"": 7, ""time_stop_min_move_pct"": 2.0, ""time_stop_extend_if_profit"": true, ""config_version"": ""2.0.0"", ""_snapshot_ts"": ""2026-03-04T16:47:26.891632""}",2.0.0
80,483650,달바글로벌,KOSPI,화학·소재,142300,204.28,0.0,0,,WAIT,WAIT,False,False,True,37.6,37.6,43.2,6.3,89.1,0.0,158600.0,153700.0,173300.0,175800.0,,-1.61,0.68,155879,-0.78,,0,5.74,34.6,-5.34,기타 화학제품 제조업,20428000000.0,53.5,13.63,0,0,-6.43,-6.76,-6.26,-0.88,17.48,-11.25,,,,0.419,0.419,0,8.8,0,0,1.2,0.29,v1_sl_first_gap_at_open,3.09,5.0,3.0,SWING+PM_BLOCK_INTRADAY+EST_MCAP+EF:정상,enter,100.0,0,1,152450.0,1.75,-0.2104,True,O,▲,170831,▼,X,X,0,0,0,0.0,기타 화학제품 제조업,-2.4749999999999996,,,89.1,18.284738726649195,18.284738726649195,4,1,default,default,default,20260303,20260303,37.6,37.6,37.6,,,0.3,,True,0,,"{""lookback_days"": 250, ""bench_lookback_days"": 60, ""top_n"": 600, ""min_turnover_eok"": 50, ""min_mcap_eok"": 1000, ""max_workers"": 4, ""pass_ebs"": 4, ""cache_format"": ""parquet"", ""rsi_low"": 45.0, ""rsi_high"": 65.0, ""rsi_overheat"": 75.0, ""bb_period"": 20, ""bb_std"": 2.0, ""bb_squeeze_bw"": 10.0, ""kc_period"": 20, ""kc_atr_period"": 20, ""kc_mult"": 1.5, ""bonus_bb_squeeze_score"": 3.0, ""bonus_bb_squeeze_entry"": 4.0, ""trigger_dist_wick_high"": 0.35, ""trigger_dist_wick_mid"": 0.25, ""trigger_ret_pct_dist"": 5.0, ""trigger_ret_pct_weak"": 3.0, ""trigger_range_pos_weak"": 0.6, ""trigger_vol_ratio_spike"": 3.0, ""mtf_struct_bonus"": 10.0, ""mtf_struct_penalty"": 15.0, ""mtf_min_weekly_bars"": 26, ""mtf_min_monthly_bars"": 12, ""w_rr"": 0.25, ""w_t1"": 0.18, ""w_sl"": 0.12, ""w_near"": 0.12, ""w_mom"": 0.1, ""w_liq"": 0.13, ""w_tec"": 0.1, ""w_sector"": 0.05, ""p_overheat_5d"": 6.0, ""p_overheat_10d"": 6.0, ""p_rsi_out"": 4.0, ""p_macd_neg"": 4.0, ""p_near_far"": 4.0, ""p_liq_low"": 4.0, ""p_vol_spike"": 2.0, ""p_big_sl"": 3.0, ""fx_caution"": 1470.0, ""fx_critical"": 1490.0, ""nasdaq_caution"": -1.5, ""nasdaq_critical"": -2.5, ""rec_limit_default"": 5, ""rec_limit_caution"": 3, ""ml_low"": 5.0, ""ml_high"": 25.0, ""ml_max_weight"": 0.2, ""ml_cov_gate"": 0.2, ""trim_pct"": 0.1, ""ebs_pass_threshold"": 3, ""macro_weights"": {""CRITICAL"": [0.55, 0.25], ""HIGH"": [0.5, 0.3], ""NORMAL"": [0.4, 0.4]}, ""slippage_base_bps"": 10.0, ""slippage_low_liq_mult"": 3.0, ""slippage_liq_threshold_eok"": 20.0, ""liq_penalty_very_low_eok"": 5.0, ""liq_penalty_very_low_pts"": 8.0, ""liq_penalty_low_eok"": 10.0, ""liq_penalty_low_pts"": 4.0, ""time_stop_days"": 7, ""time_stop_min_move_pct"": 2.0, ""time_stop_extend_if_profit"": true, ""config_version"": ""2.0.0"", ""_snapshot_ts"": ""2026-03-04T16:47:26.891632""}",2.0.0
81,195940,HK이노엔,KOSDAQ GLOBAL,바이오·의약품,46400,121.39,0.0,0,,WAIT,WAIT,False,False,True,36.5,36.5,32.3,27.7,62.5,0.0,52400.0,50800.0,57200.0,58000.0,,-2.66,0.91,52375,6.39,,3,2.54,44.2,-5.18,의약품 제조업,12139000000.0,52.7,10.93,0,0,-2.96,-9.03,-4.73,-3.85,0.38,8.94,,,,0.267,0.267,1,8.6,0,0,0.99,0.17,v1_sl_first_gap_at_open,3.05,5.0,3.0,SWING+PM_BLOCK_INTRADAY+EST_MCAP+EF:정상,enter,100.0,0,1,50865.0,0.05,-0.3102,False,O,▲,56188,▼,X,X,0,0,0,0.0,의약품 제조업,-2.533333333333333,,,62.5,19.223287655769724,19.223287655769724,2,0,default,default,default,20260303,20260303,36.5,36.5,36.5,,,0.3,,True,0,,"{""lookback_days"": 250, ""bench_lookback_days"": 60, ""top_n"": 600, ""min_turnover_eok"": 50, ""min_mcap_eok"": 1000, ""max_workers"": 4, ""pass_ebs"": 4, ""cache_format"": ""parquet"", ""rsi_low"": 45.0, ""rsi_high"": 65.0, ""rsi_overheat"": 75.0, ""bb_period"": 20, ""bb_std"": 2.0, ""bb_squeeze_bw"": 10.0, ""kc_period"": 20, ""kc_atr_period"": 20, ""kc_mult"": 1.5, ""bonus_bb_squeeze_score"": 3.0, ""bonus_bb_squeeze_entry"": 4.0, ""trigger_dist_wick_high"": 0.35, ""trigger_dist_wick_mid"": 0.25, ""trigger_ret_pct_dist"": 5.0, ""trigger_ret_pct_weak"": 3.0, ""trigger_range_pos_weak"": 0.6, ""trigger_vol_ratio_spike"": 3.0, ""mtf_struct_bonus"": 10.0, ""mtf_struct_penalty"": 15.0, ""mtf_min_weekly_bars"": 26, ""mtf_min_monthly_bars"": 12, ""w_rr"": 0.25, ""w_t1"": 0.18, ""w_sl"": 0.12, ""w_near"": 0.12, ""w_mom"": 0.1, ""w_liq"": 0.13, ""w_tec"": 0.1, ""w_sector"": 0.05, ""p_overheat_5d"": 6.0, ""p_overheat_10d"": 6.0, ""p_rsi_out"": 4.0, ""p_macd_neg"": 4.0, ""p_near_far"": 4.0, ""p_liq_low"": 4.0, ""p_vol_spike"": 2.0, ""p_big_sl"": 3.0, ""fx_caution"": 1470.0, ""fx_critical"": 1490.0, ""nasdaq_caution"": -1.5, ""nasdaq_critical"": -2.5, ""rec_limit_default"": 5, ""rec_limit_caution"": 3, ""ml_low"": 5.0, ""ml_high"": 25.0, ""ml_max_weight"": 0.2, ""ml_cov_gate"": 0.2, ""trim_pct"": 0.1, ""ebs_pass_threshold"": 3, ""macro_weights"": {""CRITICAL"": [0.55, 0.25], ""HIGH"": [0.5, 0.3], ""NORMAL"": [0.4, 0.4]}, ""slippage_base_bps"": 10.0, ""slippage_low_liq_mult"": 3.0, ""slippage_liq_threshold_eok"": 20.0, ""liq_penalty_very_low_eok"": 5.0, ""liq_penalty_very_low_pts"": 8.0, ""liq_penalty_low_eok"": 10.0, ""liq_penalty_low_pts"": 4.0, ""time_stop_days"": 7, ""time_stop_min_move_pct"": 2.0, ""time_stop_extend_if_profit"": true, ""config_version"": ""2.0.0"", ""_snapshot_ts"": ""2026-03-04T16:47:26.891632""}",2.0.0
82,298830,슈어소프트테크,KOSDAQ,IT/전기전자,6300,146.99,0.0,0,,WAIT,WAIT,False,False,True,35.9,35.9,52.7,21.1,31.8,0.0,7600.0,7370.0,8290.0,8410.0,,0.58,0.89,8583,-15.96,,0,4.11,45.8,-8.13,소프트웨어 개발 및 공급업,14699000000.0,58.2,19.26,0,0,-9.85,-6.63,-6.98,-15.27,44.21,58.66,,,,0.724,0.223,0,12.0,1,0,3.5,0.14,v1_sl_first_gap_at_open,3.03,5.0,3.0,SWING+PM_BLOCK_INTRADAY+EST_MCAP+EF:정상,enter,100.0,0,1,7410.0,-11.46,0.0699,False,O,▲,8284,▼,X,X,0,0,0,0.0,소프트웨어 개발 및 공급업,-4.951904761904761,,,31.8,32.49806892438533,32.49806892438533,8,1,default,default,default,20260303,20260303,35.9,35.9,35.9,,,0.3,,True,0,,"{""lookback_days"": 250, ""bench_lookback_days"": 60, ""top_n"": 600, ""min_turnover_eok"": 50, ""min_mcap_eok"": 1000, ""max_workers"": 4, ""pass_ebs"": 4, ""cache_format"": ""parquet"", ""rsi_low"": 45.0, ""rsi_high"": 65.0, ""rsi_overheat"": 75.0, ""bb_period"": 20, ""bb_std"": 2.0, ""bb_squeeze_bw"": 10.0, ""kc_period"": 20, ""kc_atr_period"": 20, ""kc_mult"": 1.5, ""bonus_bb_squeeze_score"": 3.0, ""bonus_bb_squeeze_entry"": 4.0, ""trigger_dist_wick_high"": 0.35, ""trigger_dist_wick_mid"": 0.25, ""trigger_ret_pct_dist"": 5.0, ""trigger_ret_pct_weak"": 3.0, ""trigger_range_pos_weak"": 0.6, ""trigger_vol_ratio_spike"": 3.0, ""mtf_struct_bonus"": 10.0, ""mtf_struct_penalty"": 15.0, ""mtf_min_weekly_bars"": 26, ""mtf_min_monthly_bars"": 12, ""w_rr"": 0.25, ""w_t1"": 0.18, ""w_sl"": 0.12, ""w_near"": 0.12, ""w_mom"": 0.1, ""w_liq"": 0.13, ""w_tec"": 0.1, ""w_sector"": 0.05, ""p_overheat_5d"": 6.0, ""p_overheat_10d"": 6.0, ""p_rsi_out"": 4.0, ""p_macd_neg"": 4.0, ""p_near_far"": 4.0, ""p_liq_low"": 4.0, ""p_vol_spike"": 2.0, ""p_big_sl"": 3.0, ""fx_caution"": 1470.0, ""fx_critical"": 1490.0, ""nasdaq_caution"": -1.5, ""nasdaq_critical"": -2.5, ""rec_limit_default"": 5, ""rec_limit_caution"": 3, ""ml_low"": 5.0, ""ml_high"": 25.0, ""ml_max_weight"": 0.2, ""ml_cov_gate"": 0.2, ""trim_pct"": 0.1, ""ebs_pass_threshold"": 3, ""macro_weights"": {""CRITICAL"": [0.55, 0.25], ""HIGH"": [0.5, 0.3], ""NORMAL"": [0.4, 0.4]}, ""slippage_base_bps"": 10.0, ""slippage_low_liq_mult"": 3.0, ""slippage_liq_threshold_eok"": 20.0, ""liq_penalty_very_low_eok"": 5.0, ""liq_penalty_very_low_pts"": 8.0, ""liq_penalty_low_eok"": 10.0, ""liq_penalty_low_pts"": 4.0, ""time_stop_days"": 7, ""time_stop_min_move_pct"": 2.0, ""time_stop_extend_if_profit"": true, ""config_version"": ""2.0.0"", ""_snapshot_ts"": ""2026-03-04T16:47:26.891632""}",2.0.0
83,100090,SK오션플랜트,KOSPI,철강·금속,15300,73.89,0.0,0,,WAIT,WAIT,False,False,True,35.9,35.9,50.4,17.4,44.0,0.0,18200.0,17290.0,20950.0,21400.0,,-0.04,0.81,19235,-33.31,,0,8.99,55.8,-0.77,1차 철강 제조업,7389000000.0,64.0,18.61,0,0,-5.7,-3.04,1.11,-3.09,-1.89,-12.71,,,,0.987,0.144,0,8.5,1,1,1.24,0.48,v1_sl_first_gap_at_open,5.0,5.0,3.0,NORMAL+PM_BLOCK_INTRADAY+EST_MCAP+EF:정상,enter,100.0,0,1,17812.0,-5.39,-0.0677,True,X,▼,19497,▲,X,X,0,0,0,0.0,1차 철강 제조업,-5.0625,,,44.0,24.70464497131338,24.70464497131338,8,1,default,default,default,20260303,20260303,35.9,35.9,35.9,,,0.3,,True,0,,"{""lookback_days"": 250, ""bench_lookback_days"": 60, ""top_n"": 600, ""min_turnover_eok"": 50, ""min_mcap_eok"": 1000, ""max_workers"": 4, ""pass_ebs"": 4, ""cache_format"": ""parquet"", ""rsi_low"": 45.0, ""rsi_high"": 65.0, ""rsi_overheat"": 75.0, ""bb_period"": 20, ""bb_std"": 2.0, ""bb_squeeze_bw"": 10.0, ""kc_period"": 20, ""kc_atr_period"": 20, ""kc_mult"": 1.5, ""bonus_bb_squeeze_score"": 3.0, ""bonus_bb_squeeze_entry"": 4.0, ""trigger_dist_wick_high"": 0.35, ""trigger_dist_wick_mid"": 0.25, ""trigger_ret_pct_dist"": 5.0, ""trigger_ret_pct_weak"": 3.0, ""trigger_range_pos_weak"": 0.6, ""trigger_vol_ratio_spike"": 3.0, ""mtf_struct_bonus"": 10.0, ""mtf_struct_penalty"": 15.0, ""mtf_min_weekly_bars"": 26, ""mtf_min_monthly_bars"": 12, ""w_rr"": 0.25, ""w_t1"": 0.18, ""w_sl"": 0.12, ""w_near"": 0.12, ""w_mom"": 0.1, ""w_liq"": 0.13, ""w_tec"": 0.1, ""w_sector"": 0.05, ""p_overheat_5d"": 6.0, ""p_overheat_10d"": 6.0, ""p_rsi_out"": 4.0, ""p_macd_neg"": 4.0, ""p_near_far"": 4.0, ""p_liq_low"": 4.0, ""p_vol_spike"": 2.0, ""p_big_sl"": 3.0, ""fx_caution"": 1470.0, ""fx_critical"": 1490.0, ""nasdaq_caution"": -1.5, ""nasdaq_critical"": -2.5, ""rec_limit_default"": 5, ""rec_limit_caution"": 3, ""ml_low"": 5.0, ""ml_high"": 25.0, ""ml_max_weight"": 0.2, ""ml_cov_gate"": 0.2, ""trim_pct"": 0.1, ""ebs_pass_threshold"": 3, ""macro_weights"": {""CRITICAL"": [0.55, 0.25], ""HIGH"": [0.5, 0.3], ""NORMAL"": [0.4, 0.4]}, ""slippage_base_bps"": 10.0, ""slippage_low_liq_mult"": 3.0, ""slippage_liq_threshold_eok"": 20.0, ""liq_penalty_very_low_eok"": 5.0, ""liq_penalty_very_low_pts"": 8.0, ""liq_penalty_low_eok"": 10.0, ""liq_penalty_low_pts"": 4.0, ""time_stop_days"": 7, ""time_stop_min_move_pct"": 2.0, ""time_stop_extend_if_profit"": true, ""config_version"": ""2.0.0"", ""_snapshot_ts"": ""2026-03-04T16:47:26.891632""}",2.0.0
84,403870,HPSP,KOSDAQ GLOBAL,조선·기계·설비,37950,3091.52,0.0,0,,WAIT,WAIT,False,False,True,35.7,35.7,14.8,69.4,10.0,0.0,43200.0,41450.0,48450.0,49350.0,,-1.2,2.05,39628,28.28,,2,1.12,45.2,-2.55,특수 목적용 기계 제조업,309152000000.0,51.5,16.39,1,0,-3.68,-4.0,0.0,-1.82,42.81,61.8,,,,0.231,0.231,1,12.0,0,0,0.91,0.36,v1_sl_first_gap_at_open,4.05,4.0,3.0,NORMAL+PM_BLOCK_INTRADAY+EST_MCAP+EF:정상,enter,100.0,0,1,37442.5,9.01,0.0446,False,O,▲,42895,▼,O,X,0,0,0,0.0,특수 목적용 기계 제조업,-1.14,,,10.0,49.0,49.0,8,1,default,default,default,20260303,20260303,35.7,35.7,35.7,,,0.3,,True,0,,"{""lookback_days"": 250, ""bench_lookback_days"": 60, ""top_n"": 600, ""min_turnover_eok"": 50, ""min_mcap_eok"": 1000, ""max_workers"": 4, ""pass_ebs"": 4, ""cache_format"": ""parquet"", ""rsi_low"": 45.0, ""rsi_high"": 65.0, ""rsi_overheat"": 75.0, ""bb_period"": 20, ""bb_std"": 2.0, ""bb_squeeze_bw"": 10.0, ""kc_period"": 20, ""kc_atr_period"": 20, ""kc_mult"": 1.5, ""bonus_bb_squeeze_score"": 3.0, ""bonus_bb_squeeze_entry"": 4.0, ""trigger_dist_wick_high"": 0.35, ""trigger_dist_wick_mid"": 0.25, ""trigger_ret_pct_dist"": 5.0, ""trigger_ret_pct_weak"": 3.0, ""trigger_range_pos_weak"": 0.6, ""trigger_vol_ratio_spike"": 3.0, ""mtf_struct_bonus"": 10.0, ""mtf_struct_penalty"": 15.0, ""mtf_min_weekly_bars"": 26, ""mtf_min_monthly_bars"": 12, ""w_rr"": 0.25, ""w_t1"": 0.18, ""w_sl"": 0.12, ""w_near"": 0.12, ""w_mom"": 0.1, ""w_liq"": 0.13, ""w_tec"": 0.1, ""w_sector"": 0.05, ""p_overheat_5d"": 6.0, ""p_overheat_10d"": 6.0, ""p_rsi_out"": 4.0, ""p_macd_neg"": 4.0, ""p_near_far"": 4.0, ""p_liq_low"": 4.0, ""p_vol_spike"": 2.0, ""p_big_sl"": 3.0, ""fx_caution"": 1470.0, ""fx_critical"": 1490.0, ""nasdaq_caution"": -1.5, ""nasdaq_critical"": -2.5, ""rec_limit_default"": 5, ""rec_limit_caution"": 3, ""ml_low"": 5.0, ""ml_high"": 25.0, ""ml_max_weight"": 0.2, ""ml_cov_gate"": 0.2, ""trim_pct"": 0.1, ""ebs_pass_threshold"": 3, ""macro_weights"": {""CRITICAL"": [0.55, 0.25], ""HIGH"": [0.5, 0.3], ""NORMAL"": [0.4, 0.4]}, ""slippage_base_bps"": 10.0, ""slippage_low_liq_mult"": 3.0, ""slippage_liq_threshold_eok"": 20.0, ""liq_penalty_very_low_eok"": 5.0, ""liq_penalty_very_low_pts"": 8.0, ""liq_penalty_low_eok"": 10.0, ""liq_penalty_low_pts"": 4.0, ""time_stop_days"": 7, ""time_stop_min_move_pct"": 2.0, ""time_stop_extend_if_profit"": true, ""config_version"": ""2.0.0"", ""_snapshot_ts"": ""2026-03-04T16:47:26.891632""}",2.0.0
85,361610,SK아이이테크놀로지,KOSPI,2차전지,21100,78.97,0.0,0,,WAIT,WAIT,False,False,True,35.6,35.6,40.9,23.3,49.5,0.0,24750.0,23800.0,27600.0,28100.0,,-0.29,1.36,26580,-8.74,,0,2.72,47.1,-6.3,일차전지 및 이차전지 제조업,7897000000.0,62.6,16.52,0,0,-8.67,-5.71,-3.88,-10.0,-13.16,-10.81,,,,0.889,0.31,0,10.1,0,1,1.2,0.16,v1_sl_first_gap_at_open,3.84,5.0,3.0,SWING+PM_BLOCK_INTRADAY+EST_MCAP+EF:정상,enter,100.0,0,-1,29575.0,-6.89,-0.1262,True,X,▼,27196,▼,X,X,0,0,0,0.0,일차전지 및 이차전지 제조업,-1.538,,,49.5,38.947633818236106,38.947633818236106,8,1,default,default,default,20260303,20260303,35.6,35.6,35.6,,,0.3,,True,0,,"{""lookback_days"": 250, ""bench_lookback_days"": 60, ""top_n"": 600, ""min_turnover_eok"": 50, ""min_mcap_eok"": 1000, ""max_workers"": 4, ""pass_ebs"": 4, ""cache_format"": ""parquet"", ""rsi_low"": 45.0, ""rsi_high"": 65.0, ""rsi_overheat"": 75.0, ""bb_period"": 20, ""bb_std"": 2.0, ""bb_squeeze_bw"": 10.0, ""kc_period"": 20, ""kc_atr_period"": 20, ""kc_mult"": 1.5, ""bonus_bb_squeeze_score"": 3.0, ""bonus_bb_squeeze_entry"": 4.0, ""trigger_dist_wick_high"": 0.35, ""trigger_dist_wick_mid"": 0.25, ""trigger_ret_pct_dist"": 5.0, ""trigger_ret_pct_weak"": 3.0, ""trigger_range_pos_weak"": 0.6, ""trigger_vol_ratio_spike"": 3.0, ""mtf_struct_bonus"": 10.0, ""mtf_struct_penalty"": 15.0, ""mtf_min_weekly_bars"": 26, ""mtf_min_monthly_bars"": 12, ""w_rr"": 0.25, ""w_t1"": 0.18, ""w_sl"": 0.12, ""w_near"": 0.12, ""w_mom"": 0.1, ""w_liq"": 0.13, ""w_tec"": 0.1, ""w_sector"": 0.05, ""p_overheat_5d"": 6.0, ""p_overheat_10d"": 6.0, ""p_rsi_out"": 4.0, ""p_macd_neg"": 4.0, ""p_near_far"": 4.0, ""p_liq_low"": 4.0, ""p_vol_spike"": 2.0, ""p_big_sl"": 3.0, ""fx_caution"": 1470.0, ""fx_critical"": 1490.0, ""nasdaq_caution"": -1.5, ""nasdaq_critical"": -2.5, ""rec_limit_default"": 5, ""rec_limit_caution"": 3, ""ml_low"": 5.0, ""ml_high"": 25.0, ""ml_max_weight"": 0.2, ""ml_cov_gate"": 0.2, ""trim_pct"": 0.1, ""ebs_pass_threshold"": 3, ""macro_weights"": {""CRITICAL"": [0.55, 0.25], ""HIGH"": [0.5, 0.3], ""NORMAL"": [0.4, 0.4]}, ""slippage_base_bps"": 10.0, ""slippage_low_liq_mult"": 3.0, ""slippage_liq_threshold_eok"": 20.0, ""liq_penalty_very_low_eok"": 5.0, ""liq_penalty_very_low_pts"": 8.0, ""liq_penalty_low_eok"": 10.0, ""liq_penalty_low_pts"": 4.0, ""time_stop_days"": 7, ""time_stop_min_move_pct"": 2.0, ""time_stop_extend_if_profit"": true, ""config_version"": ""2.0.0"", ""_snapshot_ts"": ""2026-03-04T16:47:26.891632""}",2.0.0
86,389260,대명에너지,KOSDAQ,건설·부동산,13880,260.04,0.0,0,,WAIT,WAIT,False,False,True,34.7,34.7,47.7,13.1,52.0,0.0,18770.0,18100.0,20800.0,21150.0,,-3.48,5.93,19618,-4.65,,1,13.02,46.8,-3.03,건물 건설업,26004000000.0,91.5,24.58,1,0,-6.38,-4.72,-5.58,10.09,-3.5,-13.3,,,,0.895,0.649,0,12.0,1,0,1.08,0.28,v1_sl_first_gap_at_open,3.57,5.0,3.0,SWING+PM_BLOCK_INTRADAY+EST_MCAP+EF:극단갭(21.7%)/급등(-6.4%) → 진입 보류+ENTRY:hold,hold,0.0,0,1,17124.0,-4.33,-0.229,True,X,▼,20054,▼,X,X,0,0,0,0.0,건물 건설업,-8.695,,,52.0,16.323583870622237,16.323583870622237,6,1,default,default,default,20260303,20260303,34.7,34.7,34.7,,,0.3,,True,0,,"{""lookback_days"": 250, ""bench_lookback_days"": 60, ""top_n"": 600, ""min_turnover_eok"": 50, ""min_mcap_eok"": 1000, ""max_workers"": 4, ""pass_ebs"": 4, ""cache_format"": ""parquet"", ""rsi_low"": 45.0, ""rsi_high"": 65.0, ""rsi_overheat"": 75.0, ""bb_period"": 20, ""bb_std"": 2.0, ""bb_squeeze_bw"": 10.0, ""kc_period"": 20, ""kc_atr_period"": 20, ""kc_mult"": 1.5, ""bonus_bb_squeeze_score"": 3.0, ""bonus_bb_squeeze_entry"": 4.0, ""trigger_dist_wick_high"": 0.35, ""trigger_dist_wick_mid"": 0.25, ""trigger_ret_pct_dist"": 5.0, ""trigger_ret_pct_weak"": 3.0, ""trigger_range_pos_weak"": 0.6, ""trigger_vol_ratio_spike"": 3.0, ""mtf_struct_bonus"": 10.0, ""mtf_struct_penalty"": 15.0, ""mtf_min_weekly_bars"": 26, ""mtf_min_monthly_bars"": 12, ""w_rr"": 0.25, ""w_t1"": 0.18, ""w_sl"": 0.12, ""w_near"": 0.12, ""w_mom"": 0.1, ""w_liq"": 0.13, ""w_tec"": 0.1, ""w_sector"": 0.05, ""p_overheat_5d"": 6.0, ""p_overheat_10d"": 6.0, ""p_rsi_out"": 4.0, ""p_macd_neg"": 4.0, ""p_near_far"": 4.0, ""p_liq_low"": 4.0, ""p_vol_spike"": 2.0, ""p_big_sl"": 3.0, ""fx_caution"": 1470.0, ""fx_critical"": 1490.0, ""nasdaq_caution"": -1.5, ""nasdaq_critical"": -2.5, ""rec_limit_default"": 5, ""rec_limit_caution"": 3, ""ml_low"": 5.0, ""ml_high"": 25.0, ""ml_max_weight"": 0.2, ""ml_cov_gate"": 0.2, ""trim_pct"": 0.1, ""ebs_pass_threshold"": 3, ""macro_weights"": {""CRITICAL"": [0.55, 0.25], ""HIGH"": [0.5, 0.3], ""NORMAL"": [0.4, 0.4]}, ""slippage_base_bps"": 10.0, ""slippage_low_liq_mult"": 3.0, ""slippage_liq_threshold_eok"": 20.0, ""liq_penalty_very_low_eok"": 5.0, ""liq_penalty_very_low_pts"": 8.0, ""liq_penalty_low_eok"": 10.0, ""liq_penalty_low_pts"": 4.0, ""time_stop_days"": 7, ""time_stop_min_move_pct"": 2.0, ""time_stop_extend_if_profit"": true, ""config_version"": ""2.0.0"", ""_snapshot_ts"": ""2026-03-04T16:47:26.891632""}",2.0.0
87,380550,뉴로핏,KOSDAQ,IT/전기전자,20450,198.18,0.0,0,,WAIT,WAIT,False,False,True,34.0,34.0,52.6,5.6,53.6,0.0,25350.0,24250.0,28650.0,29200.0,,-2.07,0.46,29395,15.89,,0,16.28,39.0,-12.96,소프트웨어 개발 및 공급업,19818000000.0,53.6,46.04,0,0,-6.11,-13.33,-15.64,16.28,3.89,133.64,,,,0.23,0.101,1,12.0,0,0,2.53,0.25,v1_sl_first_gap_at_open,4.34,5.0,3.0,SWING+PM_BLOCK_INTRADAY+EST_MCAP+EF:정상,enter,100.0,0,-1,32635.0,-13.76,-0.4133,True,O,▲,27569,▼,X,X,0,0,0,0.0,소프트웨어 개발 및 공급업,-4.951904761904761,,,53.6,5.0,5.0,4,1,default,default,default,20260303,20260303,34.0,34.0,34.0,,,0.3,,True,0,,"{""lookback_days"": 250, ""bench_lookback_days"": 60, ""top_n"": 600, ""min_turnover_eok"": 50, ""min_mcap_eok"": 1000, ""max_workers"": 4, ""pass_ebs"": 4, ""cache_format"": ""parquet"", ""rsi_low"": 45.0, ""rsi_high"": 65.0, ""rsi_overheat"": 75.0, ""bb_period"": 20, ""bb_std"": 2.0, ""bb_squeeze_bw"": 10.0, ""kc_period"": 20, ""kc_atr_period"": 20, ""kc_mult"": 1.5, ""bonus_bb_squeeze_score"": 3.0, ""bonus_bb_squeeze_entry"": 4.0, ""trigger_dist_wick_high"": 0.35, ""trigger_dist_wick_mid"": 0.25, ""trigger_ret_pct_dist"": 5.0, ""trigger_ret_pct_weak"": 3.0, ""trigger_range_pos_weak"": 0.6, ""trigger_vol_ratio_spike"": 3.0, ""mtf_struct_bonus"": 10.0, ""mtf_struct_penalty"": 15.0, ""mtf_min_weekly_bars"": 26, ""mtf_min_monthly_bars"": 12, ""w_rr"": 0.25, ""w_t1"": 0.18, ""w_sl"": 0.12, ""w_near"": 0.12, ""w_mom"": 0.1, ""w_liq"": 0.13, ""w_tec"": 0.1, ""w_sector"": 0.05, ""p_overheat_5d"": 6.0, ""p_overheat_10d"": 6.0, ""p_rsi_out"": 4.0, ""p_macd_neg"": 4.0, ""p_near_far"": 4.0, ""p_liq_low"": 4.0, ""p_vol_spike"": 2.0, ""p_big_sl"": 3.0, ""fx_caution"": 1470.0, ""fx_critical"": 1490.0, ""nasdaq_caution"": -1.5, ""nasdaq_critical"": -2.5, ""rec_limit_default"": 5, ""rec_limit_caution"": 3, ""ml_low"": 5.0, ""ml_high"": 25.0, ""ml_max_weight"": 0.2, ""ml_cov_gate"": 0.2, ""trim_pct"": 0.1, ""ebs_pass_threshold"": 3, ""macro_weights"": {""CRITICAL"": [0.55, 0.25], ""HIGH"": [0.5, 0.3], ""NORMAL"": [0.4, 0.4]}, ""slippage_base_bps"": 10.0, ""slippage_low_liq_mult"": 3.0, ""slippage_liq_threshold_eok"": 20.0, ""liq_penalty_very_low_eok"": 5.0, ""liq_penalty_very_low_pts"": 8.0, ""liq_penalty_low_eok"": 10.0, ""liq_penalty_low_pts"": 4.0, ""time_stop_days"": 7, ""time_stop_min_move_pct"": 2.0, ""time_stop_extend_if_profit"": true, ""config_version"": ""2.0.0"", ""_snapshot_ts"": ""2026-03-04T16:47:26.891632""}",2.0.0
88,373220,LG에너지솔루션,KOSPI,2차전지,351500,1877.47,0.0,0,,WAIT,WAIT,False,False,True,33.8,33.8,45.8,28.5,20.2,0.0,393000.0,377000.0,441000.0,449000.0,,0.47,1.18,404805,-2.14,,0,3.18,49.3,-2.2,일차전지 및 이차전지 제조업,187747000000.0,59.9,13.75,0,0,-7.96,-0.76,0.26,-8.82,-3.68,11.65,,,,0.689,0.355,0,8.5,0,1,1.27,0.25,v1_sl_first_gap_at_open,4.07,4.0,3.0,SWING+PM_BLOCK_INTRADAY+EST_MCAP+EF:정상,enter,100.0,0,-1,439850.0,-2.92,0.0392,True,X,▼,418481,▲,X,X,0,0,0,0.0,일차전지 및 이차전지 제조업,-1.538,,,20.2,43.68443210741407,43.68443210741407,10,1,default,default,default,20260303,20260303,33.8,33.8,33.8,,,0.3,,True,0,,"{""lookback_days"": 250, ""bench_lookback_days"": 60, ""top_n"": 600, ""min_turnover_eok"": 50, ""min_mcap_eok"": 1000, ""max_workers"": 4, ""pass_ebs"": 4, ""cache_format"": ""parquet"", ""rsi_low"": 45.0, ""rsi_high"": 65.0, ""rsi_overheat"": 75.0, ""bb_period"": 20, ""bb_std"": 2.0, ""bb_squeeze_bw"": 10.0, ""kc_period"": 20, ""kc_atr_period"": 20, ""kc_mult"": 1.5, ""bonus_bb_squeeze_score"": 3.0, ""bonus_bb_squeeze_entry"": 4.0, ""trigger_dist_wick_high"": 0.35, ""trigger_dist_wick_mid"": 0.25, ""trigger_ret_pct_dist"": 5.0, ""trigger_ret_pct_weak"": 3.0, ""trigger_range_pos_weak"": 0.6, ""trigger_vol_ratio_spike"": 3.0, ""mtf_struct_bonus"": 10.0, ""mtf_struct_penalty"": 15.0, ""mtf_min_weekly_bars"": 26, ""mtf_min_monthly_bars"": 12, ""w_rr"": 0.25, ""w_t1"": 0.18, ""w_sl"": 0.12, ""w_near"": 0.12, ""w_mom"": 0.1, ""w_liq"": 0.13, ""w_tec"": 0.1, ""w_sector"": 0.05, ""p_overheat_5d"": 6.0, ""p_overheat_10d"": 6.0, ""p_rsi_out"": 4.0, ""p_macd_neg"": 4.0, ""p_near_far"": 4.0, ""p_liq_low"": 4.0, ""p_vol_spike"": 2.0, ""p_big_sl"": 3.0, ""fx_caution"": 1470.0, ""fx_critical"": 1490.0, ""nasdaq_caution"": -1.5, ""nasdaq_critical"": -2.5, ""rec_limit_default"": 5, ""rec_limit_caution"": 3, ""ml_low"": 5.0, ""ml_high"": 25.0, ""ml_max_weight"": 0.2, ""ml_cov_gate"": 0.2, ""trim_pct"": 0.1, ""ebs_pass_threshold"": 3, ""macro_weights"": {""CRITICAL"": [0.55, 0.25], ""HIGH"": [0.5, 0.3], ""NORMAL"": [0.4, 0.4]}, ""slippage_base_bps"": 10.0, ""slippage_low_liq_mult"": 3.0, ""slippage_liq_threshold_eok"": 20.0, ""liq_penalty_very_low_eok"": 5.0, ""liq_penalty_very_low_pts"": 8.0, ""liq_penalty_low_eok"": 10.0, ""liq_penalty_low_pts"": 4.0, ""time_stop_days"": 7, ""time_stop_min_move_pct"": 2.0, ""time_stop_extend_if_profit"": true, ""config_version"": ""2.0.0"", ""_snapshot_ts"": ""2026-03-04T16:47:26.891632""}",2.0.0
89,090460,비에이치,KOSPI,IT/전기전자,15300,52.17,0.0,0,,WAIT,WAIT,False,False,True,33.2,33.2,53.5,0.0,58.9,0.0,17790.0,17250.0,19410.0,19680.0,,-2.67,0.54,18597,-1.38,,0,6.98,50.1,-8.31,전자부품 제조업,5217000000.0,72.7,28.54,0,0,-8.01,-11.49,-17.83,-0.28,-0.89,-3.73,,,,0.628,0.576,0,12.0,0,0,1.65,0.19,v1_sl_first_gap_at_open,3.04,5.0,3.0,SWING+PM_BLOCK_INTRADAY+EST_MCAP+EF:정상,enter,100.0,0,1,17736.0,-4.34,-0.4551,False,O,▲,20214,▼,X,X,0,0,0,0.0,전자부품 제조업,-4.951904761904761,,,58.9,7.113270785915323,7.113270785915323,6,1,default,default,default,20260303,20260303,33.2,33.2,33.2,,,0.3,,True,0,,"{""lookback_days"": 250, ""bench_lookback_days"": 60, ""top_n"": 600, ""min_turnover_eok"": 50, ""min_mcap_eok"": 1000, ""max_workers"": 4, ""pass_ebs"": 4, ""cache_format"": ""parquet"", ""rsi_low"": 45.0, ""rsi_high"": 65.0, ""rsi_overheat"": 75.0, ""bb_period"": 20, ""bb_std"": 2.0, ""bb_squeeze_bw"": 10.0, ""kc_period"": 20, ""kc_atr_period"": 20, ""kc_mult"": 1.5, ""bonus_bb_squeeze_score"": 3.0, ""bonus_bb_squeeze_entry"": 4.0, ""trigger_dist_wick_high"": 0.35, ""trigger_dist_wick_mid"": 0.25, ""trigger_ret_pct_dist"": 5.0, ""trigger_ret_pct_weak"": 3.0, ""trigger_range_pos_weak"": 0.6, ""trigger_vol_ratio_spike"": 3.0, ""mtf_struct_bonus"": 10.0, ""mtf_struct_penalty"": 15.0, ""mtf_min_weekly_bars"": 26, ""mtf_min_monthly_bars"": 12, ""w_rr"": 0.25, ""w_t1"": 0.18, ""w_sl"": 0.12, ""w_near"": 0.12, ""w_mom"": 0.1, ""w_liq"": 0.13, ""w_tec"": 0.1, ""w_sector"": 0.05, ""p_overheat_5d"": 6.0, ""p_overheat_10d"": 6.0, ""p_rsi_out"": 4.0, ""p_macd_neg"": 4.0, ""p_near_far"": 4.0, ""p_liq_low"": 4.0, ""p_vol_spike"": 2.0, ""p_big_sl"": 3.0, ""fx_caution"": 1470.0, ""fx_critical"": 1490.0, ""nasdaq_caution"": -1.5, ""nasdaq_critical"": -2.5, ""rec_limit_default"": 5, ""rec_limit_caution"": 3, ""ml_low"": 5.0, ""ml_high"": 25.0, ""ml_max_weight"": 0.2, ""ml_cov_gate"": 0.2, ""trim_pct"": 0.1, ""ebs_pass_threshold"": 3, ""macro_weights"": {""CRITICAL"": [0.55, 0.25], ""HIGH"": [0.5, 0.3], ""NORMAL"": [0.4, 0.4]}, ""slippage_base_bps"": 10.0, ""slippage_low_liq_mult"": 3.0, ""slippage_liq_threshold_eok"": 20.0, ""liq_penalty_very_low_eok"": 5.0, ""liq_penalty_very_low_pts"": 8.0, ""liq_penalty_low_eok"": 10.0, ""liq_penalty_low_pts"": 4.0, ""time_stop_days"": 7, ""time_stop_min_move_pct"": 2.0, ""time_stop_extend_if_profit"": true, ""config_version"": ""2.0.0"", ""_snapshot_ts"": ""2026-03-04T16:47:26.891632""}",2.0.0
90,474170,루미르,KOSDAQ,기타,13000,123.24,0.0,0,,WAIT,WAIT,False,False,True,33.1,33.1,53.8,12.3,33.5,0.0,15130.0,14640.0,16600.0,16850.0,,-2.55,0.3,14216,31.16,,0,12.6,34.6,-16.6,"항공기,우주선 및 부품 제조업",12324000000.0,59.2,40.57,0,0,-6.02,-14.47,-21.81,10.44,95.23,99.08,,,,0.231,0.032,1,12.0,0,0,4.0,0.19,v1_sl_first_gap_at_open,3.24,5.0,3.0,SWING+PM_BLOCK_INTRADAY+EST_MCAP+EF:정상,enter,100.0,0,1,13635.0,6.43,-0.4416,True,O,▲,16495,▼,X,X,0,0,0,0.0,"항공기,우주선 및 부품 제조업",0.5794594594594594,,,33.5,5.0,5.0,4,1,default,default,default,20260303,20260303,33.1,33.1,33.1,,,0.3,,True,0,,"{""lookback_days"": 250, ""bench_lookback_days"": 60, ""top_n"": 600, ""min_turnover_eok"": 50, ""min_mcap_eok"": 1000, ""max_workers"": 4, ""pass_ebs"": 4, ""cache_format"": ""parquet"", ""rsi_low"": 45.0, ""rsi_high"": 65.0, ""rsi_overheat"": 75.0, ""bb_period"": 20, ""bb_std"": 2.0, ""bb_squeeze_bw"": 10.0, ""kc_period"": 20, ""kc_atr_period"": 20, ""kc_mult"": 1.5, ""bonus_bb_squeeze_score"": 3.0, ""bonus_bb_squeeze_entry"": 4.0, ""trigger_dist_wick_high"": 0.35, ""trigger_dist_wick_mid"": 0.25, ""trigger_ret_pct_dist"": 5.0, ""trigger_ret_pct_weak"": 3.0, ""trigger_range_pos_weak"": 0.6, ""trigger_vol_ratio_spike"": 3.0, ""mtf_struct_bonus"": 10.0, ""mtf_struct_penalty"": 15.0, ""mtf_min_weekly_bars"": 26, ""mtf_min_monthly_bars"": 12, ""w_rr"": 0.25, ""w_t1"": 0.18, ""w_sl"": 0.12, ""w_near"": 0.12, ""w_mom"": 0.1, ""w_liq"": 0.13, ""w_tec"": 0.1, ""w_sector"": 0.05, ""p_overheat_5d"": 6.0, ""p_overheat_10d"": 6.0, ""p_rsi_out"": 4.0, ""p_macd_neg"": 4.0, ""p_near_far"": 4.0, ""p_liq_low"": 4.0, ""p_vol_spike"": 2.0, ""p_big_sl"": 3.0, ""fx_caution"": 1470.0, ""fx_critical"": 1490.0, ""nasdaq_caution"": -1.5, ""nasdaq_critical"": -2.5, ""rec_limit_default"": 5, ""rec_limit_caution"": 3, ""ml_low"": 5.0, ""ml_high"": 25.0, ""ml_max_weight"": 0.2, ""ml_cov_gate"": 0.2, ""trim_pct"": 0.1, ""ebs_pass_threshold"": 3, ""macro_weights"": {""CRITICAL"": [0.55, 0.25], ""HIGH"": [0.5, 0.3], ""NORMAL"": [0.4, 0.4]}, ""slippage_base_bps"": 10.0, ""slippage_low_liq_mult"": 3.0, ""slippage_liq_threshold_eok"": 20.0, ""liq_penalty_very_low_eok"": 5.0, ""liq_penalty_very_low_pts"": 8.0, ""liq_penalty_low_eok"": 10.0, ""liq_penalty_low_pts"": 4.0, ""time_stop_days"": 7, ""time_stop_min_move_pct"": 2.0, ""time_stop_extend_if_profit"": true, ""config_version"": ""2.0.0"", ""_snapshot_ts"": ""2026-03-04T16:47:26.891632""}",2.0.0
91,066970,엘앤에프,KOSPI,2차전지,94400,602.08,0.0,0,,WAIT,WAIT,False,False,True,33.1,33.1,32.2,28.8,43.3,0.0,112400.0,108600.0,123800.0,125700.0,,1.04,0.96,118303,-10.91,,1,2.56,45.4,-6.24,일차전지 및 이차전지 제조업,60208000000.0,50.9,17.14,1,0,-10.58,-1.49,-3.68,-17.78,-10.22,70.3,,,,0.638,0.31,0,12.0,0,0,1.1,0.1,v1_sl_first_gap_at_open,3.38,4.0,3.0,SWING+PM_BLOCK_INTRADAY+EST_MCAP+EF:정상,enter,100.0,0,1,109375.0,-4.99,0.0776,True,X,▲,121141,▲,X,X,0,0,0,0.0,일차전지 및 이차전지 제조업,-1.538,,,43.3,30.398752944938668,30.398752944938668,10,1,default,default,default,20260303,20260303,33.1,33.1,33.1,,,0.3,,True,0,,"{""lookback_days"": 250, ""bench_lookback_days"": 60, ""top_n"": 600, ""min_turnover_eok"": 50, ""min_mcap_eok"": 1000, ""max_workers"": 4, ""pass_ebs"": 4, ""cache_format"": ""parquet"", ""rsi_low"": 45.0, ""rsi_high"": 65.0, ""rsi_overheat"": 75.0, ""bb_period"": 20, ""bb_std"": 2.0, ""bb_squeeze_bw"": 10.0, ""kc_period"": 20, ""kc_atr_period"": 20, ""kc_mult"": 1.5, ""bonus_bb_squeeze_score"": 3.0, ""bonus_bb_squeeze_entry"": 4.0, ""trigger_dist_wick_high"": 0.35, ""trigger_dist_wick_mid"": 0.25, ""trigger_ret_pct_dist"": 5.0, ""trigger_ret_pct_weak"": 3.0, ""trigger_range_pos_weak"": 0.6, ""trigger_vol_ratio_spike"": 3.0, ""mtf_struct_bonus"": 10.0, ""mtf_struct_penalty"": 15.0, ""mtf_min_weekly_bars"": 26, ""mtf_min_monthly_bars"": 12, ""w_rr"": 0.25, ""w_t1"": 0.18, ""w_sl"": 0.12, ""w_near"": 0.12, ""w_mom"": 0.1, ""w_liq"": 0.13, ""w_tec"": 0.1, ""w_sector"": 0.05, ""p_overheat_5d"": 6.0, ""p_overheat_10d"": 6.0, ""p_rsi_out"": 4.0, ""p_macd_neg"": 4.0, ""p_near_far"": 4.0, ""p_liq_low"": 4.0, ""p_vol_spike"": 2.0, ""p_big_sl"": 3.0, ""fx_caution"": 1470.0, ""fx_critical"": 1490.0, ""nasdaq_caution"": -1.5, ""nasdaq_critical"": -2.5, ""rec_limit_default"": 5, ""rec_limit_caution"": 3, ""ml_low"": 5.0, ""ml_high"": 25.0, ""ml_max_weight"": 0.2, ""ml_cov_gate"": 0.2, ""trim_pct"": 0.1, ""ebs_pass_threshold"": 3, ""macro_weights"": {""CRITICAL"": [0.55, 0.25], ""HIGH"": [0.5, 0.3], ""NORMAL"": [0.4, 0.4]}, ""slippage_base_bps"": 10.0, ""slippage_low_liq_mult"": 3.0, ""slippage_liq_threshold_eok"": 20.0, ""liq_penalty_very_low_eok"": 5.0, ""liq_penalty_very_low_pts"": 8.0, ""liq_penalty_low_eok"": 10.0, ""liq_penalty_low_pts"": 4.0, ""time_stop_days"": 7, ""time_stop_min_move_pct"": 2.0, ""time_stop_extend_if_profit"": true, ""config_version"": ""2.0.0"", ""_snapshot_ts"": ""2026-03-04T16:47:26.891632""}",2.0.0
92,417200,LS머트리얼즈,KOSDAQ,IT/전기전자,13150,339.43,0.0,0,,WAIT,WAIT,False,False,True,32.4,32.4,48.3,14.5,36.3,0.0,15980.0,15180.0,18380.0,18780.0,,-0.38,0.78,15518,-3.46,,0,13.33,55.2,-3.01,전자부품 제조업,33943000000.0,67.0,23.0,0,0,-9.1,-4.77,-5.44,6.53,37.05,61.74,,,,0.333,0.333,0,12.0,0,0,1.09,0.39,v1_sl_first_gap_at_open,5.01,5.0,3.0,NORMAL+PM_BLOCK_INTRADAY+EST_MCAP+EF:정상,enter,100.0,0,1,14752.0,2.98,-0.1142,True,O,▲,17543,▲,X,X,0,0,0,0.0,전자부품 제조업,-4.951904761904761,,,36.3,23.036523884649238,23.036523884649238,4,1,default,default,default,20260303,20260303,32.4,32.4,32.4,,,0.3,,True,0,,"{""lookback_days"": 250, ""bench_lookback_days"": 60, ""top_n"": 600, ""min_turnover_eok"": 50, ""min_mcap_eok"": 1000, ""max_workers"": 4, ""pass_ebs"": 4, ""cache_format"": ""parquet"", ""rsi_low"": 45.0, ""rsi_high"": 65.0, ""rsi_overheat"": 75.0, ""bb_period"": 20, ""bb_std"": 2.0, ""bb_squeeze_bw"": 10.0, ""kc_period"": 20, ""kc_atr_period"": 20, ""kc_mult"": 1.5, ""bonus_bb_squeeze_score"": 3.0, ""bonus_bb_squeeze_entry"": 4.0, ""trigger_dist_wick_high"": 0.35, ""trigger_dist_wick_mid"": 0.25, ""trigger_ret_pct_dist"": 5.0, ""trigger_ret_pct_weak"": 3.0, ""trigger_range_pos_weak"": 0.6, ""trigger_vol_ratio_spike"": 3.0, ""mtf_struct_bonus"": 10.0, ""mtf_struct_penalty"": 15.0, ""mtf_min_weekly_bars"": 26, ""mtf_min_monthly_bars"": 12, ""w_rr"": 0.25, ""w_t1"": 0.18, ""w_sl"": 0.12, ""w_near"": 0.12, ""w_mom"": 0.1, ""w_liq"": 0.13, ""w_tec"": 0.1, ""w_sector"": 0.05, ""p_overheat_5d"": 6.0, ""p_overheat_10d"": 6.0, ""p_rsi_out"": 4.0, ""p_macd_neg"": 4.0, ""p_near_far"": 4.0, ""p_liq_low"": 4.0, ""p_vol_spike"": 2.0, ""p_big_sl"": 3.0, ""fx_caution"": 1470.0, ""fx_critical"": 1490.0, ""nasdaq_caution"": -1.5, ""nasdaq_critical"": -2.5, ""rec_limit_default"": 5, ""rec_limit_caution"": 3, ""ml_low"": 5.0, ""ml_high"": 25.0, ""ml_max_weight"": 0.2, ""ml_cov_gate"": 0.2, ""trim_pct"": 0.1, ""ebs_pass_threshold"": 3, ""macro_weights"": {""CRITICAL"": [0.55, 0.25], ""HIGH"": [0.5, 0.3], ""NORMAL"": [0.4, 0.4]}, ""slippage_base_bps"": 10.0, ""slippage_low_liq_mult"": 3.0, ""slippage_liq_threshold_eok"": 20.0, ""liq_penalty_very_low_eok"": 5.0, ""liq_penalty_very_low_pts"": 8.0, ""liq_penalty_low_eok"": 10.0, ""liq_penalty_low_pts"": 4.0, ""time_stop_days"": 7, ""time_stop_min_move_pct"": 2.0, ""time_stop_extend_if_profit"": true, ""config_version"": ""2.0.0"", ""_snapshot_ts"": ""2026-03-04T16:47:26.891632""}",2.0.0
93,022100,포스코DX,KOSPI,서비스 기타,28600,319.83,0.0,0,,NEUTRAL,NEUTRAL,False,False,False,32.3,32.3,1.6,40.6,77.1,0.0,35000.0,33950.0,38150.0,38700.0,📦박스돌파,-0.69,1.12,35451,21.34,,3,-4.11,38.1,-9.43,"건축기술, 엔지니어링 및 관련 기술 서비스업",31983000000.0,49.0,13.27,0,0,-10.94,-7.16,-6.91,-14.32,37.8,55.9,,,,0.358,0.162,1,11.2,1,1,1.56,0.0,v1_sl_first_gap_at_open,3.0,5.0,3.0,SWING+PM_BLOCK_INTRADAY+EST_MCAP+EF:정상,enter,100.0,0,1,34380.0,-1.27,0.0315,False,O,▲,38328,▼,X,X,0,0,0,0.0,"건축기술, 엔지니어링 및 관련 기술 서비스업",-2.7985714285714285,,,77.1,32.06661242245349,32.06661242245349,6,1,default,default,default,20260303,20260303,32.3,32.3,32.3,,,0.3,,True,0,,"{""lookback_days"": 250, ""bench_lookback_days"": 60, ""top_n"": 600, ""min_turnover_eok"": 50, ""min_mcap_eok"": 1000, ""max_workers"": 4, ""pass_ebs"": 4, ""cache_format"": ""parquet"", ""rsi_low"": 45.0, ""rsi_high"": 65.0, ""rsi_overheat"": 75.0, ""bb_period"": 20, ""bb_std"": 2.0, ""bb_squeeze_bw"": 10.0, ""kc_period"": 20, ""kc_atr_period"": 20, ""kc_mult"": 1.5, ""bonus_bb_squeeze_score"": 3.0, ""bonus_bb_squeeze_entry"": 4.0, ""trigger_dist_wick_high"": 0.35, ""trigger_dist_wick_mid"": 0.25, ""trigger_ret_pct_dist"": 5.0, ""trigger_ret_pct_weak"": 3.0, ""trigger_range_pos_weak"": 0.6, ""trigger_vol_ratio_spike"": 3.0, ""mtf_struct_bonus"": 10.0, ""mtf_struct_penalty"": 15.0, ""mtf_min_weekly_bars"": 26, ""mtf_min_monthly_bars"": 12, ""w_rr"": 0.25, ""w_t1"": 0.18, ""w_sl"": 0.12, ""w_near"": 0.12, ""w_mom"": 0.1, ""w_liq"": 0.13, ""w_tec"": 0.1, ""w_sector"": 0.05, ""p_overheat_5d"": 6.0, ""p_overheat_10d"": 6.0, ""p_rsi_out"": 4.0, ""p_macd_neg"": 4.0, ""p_near_far"": 4.0, ""p_liq_low"": 4.0, ""p_vol_spike"": 2.0, ""p_big_sl"": 3.0, ""fx_caution"": 1470.0, ""fx_critical"": 1490.0, ""nasdaq_caution"": -1.5, ""nasdaq_critical"": -2.5, ""rec_limit_default"": 5, ""rec_limit_caution"": 3, ""ml_low"": 5.0, ""ml_high"": 25.0, ""ml_max_weight"": 0.2, ""ml_cov_gate"": 0.2, ""trim_pct"": 0.1, ""ebs_pass_threshold"": 3, ""macro_weights"": {""CRITICAL"": [0.55, 0.25], ""HIGH"": [0.5, 0.3], ""NORMAL"": [0.4, 0.4]}, ""slippage_base_bps"": 10.0, ""slippage_low_liq_mult"": 3.0, ""slippage_liq_threshold_eok"": 20.0, ""liq_penalty_very_low_eok"": 5.0, ""liq_penalty_very_low_pts"": 8.0, ""liq_penalty_low_eok"": 10.0, ""liq_penalty_low_pts"": 4.0, ""time_stop_days"": 7, ""time_stop_min_move_pct"": 2.0, ""time_stop_extend_if_profit"": true, ""config_version"": ""2.0.0"", ""_snapshot_ts"": ""2026-03-04T16:47:26.891632""}",2.0.0
94,456010,아이씨티케이,KOSDAQ,반도체,12960,81.0,0.0,0,,WAIT,WAIT,False,False,True,31.7,31.7,32.7,22.7,47.7,0.0,15760.0,15280.0,17200.0,17440.0,,-3.3,0.6,16699,-4.3,,5,2.01,45.1,-8.47,반도체 제조업,8100000000.0,50.3,16.93,1,0,-9.53,-9.68,-7.08,-4.72,13.96,33.11,,,,0.696,0.535,0,12.0,0,1,1.77,0.08,v1_sl_first_gap_at_open,3.05,5.0,3.0,SWING+PM_BLOCK_INTRADAY+EST_MCAP+EF:정상,enter,100.0,0,1,15228.0,-5.63,-0.1486,False,X,▲,17352,▼,X,X,0,0,0,0.0,반도체 제조업,-4.504285714285715,,,47.7,24.90896458796063,24.90896458796063,8,1,default,default,default,20260303,20260303,31.7,31.7,31.7,,,0.3,,True,0,,"{""lookback_days"": 250, ""bench_lookback_days"": 60, ""top_n"": 600, ""min_turnover_eok"": 50, ""min_mcap_eok"": 1000, ""max_workers"": 4, ""pass_ebs"": 4, ""cache_format"": ""parquet"", ""rsi_low"": 45.0, ""rsi_high"": 65.0, ""rsi_overheat"": 75.0, ""bb_period"": 20, ""bb_std"": 2.0, ""bb_squeeze_bw"": 10.0, ""kc_period"": 20, ""kc_atr_period"": 20, ""kc_mult"": 1.5, ""bonus_bb_squeeze_score"": 3.0, ""bonus_bb_squeeze_entry"": 4.0, ""trigger_dist_wick_high"": 0.35, ""trigger_dist_wick_mid"": 0.25, ""trigger_ret_pct_dist"": 5.0, ""trigger_ret_pct_weak"": 3.0, ""trigger_range_pos_weak"": 0.6, ""trigger_vol_ratio_spike"": 3.0, ""mtf_struct_bonus"": 10.0, ""mtf_struct_penalty"": 15.0, ""mtf_min_weekly_bars"": 26, ""mtf_min_monthly_bars"": 12, ""w_rr"": 0.25, ""w_t1"": 0.18, ""w_sl"": 0.12, ""w_near"": 0.12, ""w_mom"": 0.1, ""w_liq"": 0.13, ""w_tec"": 0.1, ""w_sector"": 0.05, ""p_overheat_5d"": 6.0, ""p_overheat_10d"": 6.0, ""p_rsi_out"": 4.0, ""p_macd_neg"": 4.0, ""p_near_far"": 4.0, ""p_liq_low"": 4.0, ""p_vol_spike"": 2.0, ""p_big_sl"": 3.0, ""fx_caution"": 1470.0, ""fx_critical"": 1490.0, ""nasdaq_caution"": -1.5, ""nasdaq_critical"": -2.5, ""rec_limit_default"": 5, ""rec_limit_caution"": 3, ""ml_low"": 5.0, ""ml_high"": 25.0, ""ml_max_weight"": 0.2, ""ml_cov_gate"": 0.2, ""trim_pct"": 0.1, ""ebs_pass_threshold"": 3, ""macro_weights"": {""CRITICAL"": [0.55, 0.25], ""HIGH"": [0.5, 0.3], ""NORMAL"": [0.4, 0.4]}, ""slippage_base_bps"": 10.0, ""slippage_low_liq_mult"": 3.0, ""slippage_liq_threshold_eok"": 20.0, ""liq_penalty_very_low_eok"": 5.0, ""liq_penalty_very_low_pts"": 8.0, ""liq_penalty_low_eok"": 10.0, ""liq_penalty_low_pts"": 4.0, ""time_stop_days"": 7, ""time_stop_min_move_pct"": 2.0, ""time_stop_extend_if_profit"": true, ""config_version"": ""2.0.0"", ""_snapshot_ts"": ""2026-03-04T16:47:26.891632""}",2.0.0
95,475580,에이럭스,KOSDAQ,기타,8270,151.25,0.0,0,,WAIT,WAIT,True,False,False,31.4,31.4,62.9,0.0,31.4,0.0,9980.0,9480.0,11480.0,11730.0,,-0.16,5.59,10137,-9.36,,2,1.69,58.2,3.69,그외 기타 제품 제조업,15125000000.0,84.3,12.82,1,0,7.44,2.89,3.64,-3.11,6.18,-0.99,,,,0.83,0.432,0,10.9,1,0,1.02,0.51,v1_sl_first_gap_at_open,5.01,5.0,3.0,NORMAL+PM_BLOCK_INTRADAY+EST_MCAP+EF:정상,enter,100.0,1,-1,10448.0,-1.65,0.0629,False,O,▼,9477,▲,O,X,0,0,0,0.0,그외 기타 제품 제조업,0.5794594594594594,,,31.4,5.805020791621746,5.805020791621746,8,1,default,default,default,20260303,20260303,31.4,31.4,31.4,,,0.3,low_wr_0.30,True,0,,"{""lookback_days"": 250, ""bench_lookback_days"": 60, ""top_n"": 600, ""min_turnover_eok"": 50, ""min_mcap_eok"": 1000, ""max_workers"": 4, ""pass_ebs"": 4, ""cache_format"": ""parquet"", ""rsi_low"": 45.0, ""rsi_high"": 65.0, ""rsi_overheat"": 75.0, ""bb_period"": 20, ""bb_std"": 2.0, ""bb_squeeze_bw"": 10.0, ""kc_period"": 20, ""kc_atr_period"": 20, ""kc_mult"": 1.5, ""bonus_bb_squeeze_score"": 3.0, ""bonus_bb_squeeze_entry"": 4.0, ""trigger_dist_wick_high"": 0.35, ""trigger_dist_wick_mid"": 0.25, ""trigger_ret_pct_dist"": 5.0, ""trigger_ret_pct_weak"": 3.0, ""trigger_range_pos_weak"": 0.6, ""trigger_vol_ratio_spike"": 3.0, ""mtf_struct_bonus"": 10.0, ""mtf_struct_penalty"": 15.0, ""mtf_min_weekly_bars"": 26, ""mtf_min_monthly_bars"": 12, ""w_rr"": 0.25, ""w_t1"": 0.18, ""w_sl"": 0.12, ""w_near"": 0.12, ""w_mom"": 0.1, ""w_liq"": 0.13, ""w_tec"": 0.1, ""w_sector"": 0.05, ""p_overheat_5d"": 6.0, ""p_overheat_10d"": 6.0, ""p_rsi_out"": 4.0, ""p_macd_neg"": 4.0, ""p_near_far"": 4.0, ""p_liq_low"": 4.0, ""p_vol_spike"": 2.0, ""p_big_sl"": 3.0, ""fx_caution"": 1470.0, ""fx_critical"": 1490.0, ""nasdaq_caution"": -1.5, ""nasdaq_critical"": -2.5, ""rec_limit_default"": 5, ""rec_limit_caution"": 3, ""ml_low"": 5.0, ""ml_high"": 25.0, ""ml_max_weight"": 0.2, ""ml_cov_gate"": 0.2, ""trim_pct"": 0.1, ""ebs_pass_threshold"": 3, ""macro_weights"": {""CRITICAL"": [0.55, 0.25], ""HIGH"": [0.5, 0.3], ""NORMAL"": [0.4, 0.4]}, ""slippage_base_bps"": 10.0, ""slippage_low_liq_mult"": 3.0, ""slippage_liq_threshold_eok"": 20.0, ""liq_penalty_very_low_eok"": 5.0, ""liq_penalty_very_low_pts"": 8.0, ""liq_penalty_low_eok"": 10.0, ""liq_penalty_low_pts"": 4.0, ""time_stop_days"": 7, ""time_stop_min_move_pct"": 2.0, ""time_stop_extend_if_profit"": true, ""config_version"": ""2.0.0"", ""_snapshot_ts"": ""2026-03-04T16:47:26.891632""}",2.0.0
96,365340,성일하이텍,KOSDAQ,화학·소재,48150,52.67,0.0,0,,NEUTRAL,NEUTRAL,False,False,False,30.9,30.9,3.1,33.3,81.6,0.0,57400.0,55600.0,62800.0,63700.0,,-1.96,1.15,56693,34.16,,0,-2.55,40.1,-10.85,기초 화학물질 제조업,5267000000.0,39.2,20.47,0,0,-8.89,-10.31,-7.42,-21.37,37.49,59.0,,,,0.271,0.143,1,12.0,0,0,1.97,0.0,v1_sl_first_gap_at_open,3.14,5.0,3.0,SWING+PM_BLOCK_INTRADAY+EST_MCAP+EF:정상,enter,100.0,0,1,55630.0,1.25,-0.1983,False,O,▲,63057,▼,X,X,0,0,0,0.0,기초 화학물질 제조업,-2.4749999999999996,,,81.6,25.4442821942781,25.4442821942781,2,0,default,default,default,20260303,20260303,30.9,30.9,30.9,,,0.3,,True,0,,"{""lookback_days"": 250, ""bench_lookback_days"": 60, ""top_n"": 600, ""min_turnover_eok"": 50, ""min_mcap_eok"": 1000, ""max_workers"": 4, ""pass_ebs"": 4, ""cache_format"": ""parquet"", ""rsi_low"": 45.0, ""rsi_high"": 65.0, ""rsi_overheat"": 75.0, ""bb_period"": 20, ""bb_std"": 2.0, ""bb_squeeze_bw"": 10.0, ""kc_period"": 20, ""kc_atr_period"": 20, ""kc_mult"": 1.5, ""bonus_bb_squeeze_score"": 3.0, ""bonus_bb_squeeze_entry"": 4.0, ""trigger_dist_wick_high"": 0.35, ""trigger_dist_wick_mid"": 0.25, ""trigger_ret_pct_dist"": 5.0, ""trigger_ret_pct_weak"": 3.0, ""trigger_range_pos_weak"": 0.6, ""trigger_vol_ratio_spike"": 3.0, ""mtf_struct_bonus"": 10.0, ""mtf_struct_penalty"": 15.0, ""mtf_min_weekly_bars"": 26, ""mtf_min_monthly_bars"": 12, ""w_rr"": 0.25, ""w_t1"": 0.18, ""w_sl"": 0.12, ""w_near"": 0.12, ""w_mom"": 0.1, ""w_liq"": 0.13, ""w_tec"": 0.1, ""w_sector"": 0.05, ""p_overheat_5d"": 6.0, ""p_overheat_10d"": 6.0, ""p_rsi_out"": 4.0, ""p_macd_neg"": 4.0, ""p_near_far"": 4.0, ""p_liq_low"": 4.0, ""p_vol_spike"": 2.0, ""p_big_sl"": 3.0, ""fx_caution"": 1470.0, ""fx_critical"": 1490.0, ""nasdaq_caution"": -1.5, ""nasdaq_critical"": -2.5, ""rec_limit_default"": 5, ""rec_limit_caution"": 3, ""ml_low"": 5.0, ""ml_high"": 25.0, ""ml_max_weight"": 0.2, ""ml_cov_gate"": 0.2, ""trim_pct"": 0.1, ""ebs_pass_threshold"": 3, ""macro_weights"": {""CRITICAL"": [0.55, 0.25], ""HIGH"": [0.5, 0.3], ""NORMAL"": [0.4, 0.4]}, ""slippage_base_bps"": 10.0, ""slippage_low_liq_mult"": 3.0, ""slippage_liq_threshold_eok"": 20.0, ""liq_penalty_very_low_eok"": 5.0, ""liq_penalty_very_low_pts"": 8.0, ""liq_penalty_low_eok"": 10.0, ""liq_penalty_low_pts"": 4.0, ""time_stop_days"": 7, ""time_stop_min_move_pct"": 2.0, ""time_stop_extend_if_profit"": true, ""config_version"": ""2.0.0"", ""_snapshot_ts"": ""2026-03-04T16:47:26.891632""}",2.0.0
97,259960,크래프톤,KOSPI,인터넷/플랫폼·게임,206500,361.13,0.0,0,,WAIT,WAIT,False,False,True,30.4,30.4,39.7,21.2,30.4,0.0,236000.0,228000.0,260000.0,264000.0,,-2.29,0.99,248268,-4.31,,0,4.67,48.2,-6.31,소프트웨어 개발 및 공급업,36113000000.0,54.5,15.52,0,0,-5.03,-9.06,-8.88,-10.27,-8.35,-27.94,,,,0.959,0.466,0,9.2,0,0,0.94,0.25,v1_sl_first_gap_at_open,3.39,5.0,3.0,SWING+PM_BLOCK_INTRADAY+EST_MCAP+EF:정상,enter,100.0,0,1,235250.0,-4.94,-0.3491,True,X,▼,260244,▼,X,X,0,0,0,0.0,소프트웨어 개발 및 공급업,-9.635000000000002,,,30.4,32.610325386113885,32.610325386113885,4,1,default,default,default,20260303,20260303,30.4,30.4,30.4,,,0.3,,True,0,,"{""lookback_days"": 250, ""bench_lookback_days"": 60, ""top_n"": 600, ""min_turnover_eok"": 50, ""min_mcap_eok"": 1000, ""max_workers"": 4, ""pass_ebs"": 4, ""cache_format"": ""parquet"", ""rsi_low"": 45.0, ""rsi_high"": 65.0, ""rsi_overheat"": 75.0, ""bb_period"": 20, ""bb_std"": 2.0, ""bb_squeeze_bw"": 10.0, ""kc_period"": 20, ""kc_atr_period"": 20, ""kc_mult"": 1.5, ""bonus_bb_squeeze_score"": 3.0, ""bonus_bb_squeeze_entry"": 4.0, ""trigger_dist_wick_high"": 0.35, ""trigger_dist_wick_mid"": 0.25, ""trigger_ret_pct_dist"": 5.0, ""trigger_ret_pct_weak"": 3.0, ""trigger_range_pos_weak"": 0.6, ""trigger_vol_ratio_spike"": 3.0, ""mtf_struct_bonus"": 10.0, ""mtf_struct_penalty"": 15.0, ""mtf_min_weekly_bars"": 26, ""mtf_min_monthly_bars"": 12, ""w_rr"": 0.25, ""w_t1"": 0.18, ""w_sl"": 0.12, ""w_near"": 0.12, ""w_mom"": 0.1, ""w_liq"": 0.13, ""w_tec"": 0.1, ""w_sector"": 0.05, ""p_overheat_5d"": 6.0, ""p_overheat_10d"": 6.0, ""p_rsi_out"": 4.0, ""p_macd_neg"": 4.0, ""p_near_far"": 4.0, ""p_liq_low"": 4.0, ""p_vol_spike"": 2.0, ""p_big_sl"": 3.0, ""fx_caution"": 1470.0, ""fx_critical"": 1490.0, ""nasdaq_caution"": -1.5, ""nasdaq_critical"": -2.5, ""rec_limit_default"": 5, ""rec_limit_caution"": 3, ""ml_low"": 5.0, ""ml_high"": 25.0, ""ml_max_weight"": 0.2, ""ml_cov_gate"": 0.2, ""trim_pct"": 0.1, ""ebs_pass_threshold"": 3, ""macro_weights"": {""CRITICAL"": [0.55, 0.25], ""HIGH"": [0.5, 0.3], ""NORMAL"": [0.4, 0.4]}, ""slippage_base_bps"": 10.0, ""slippage_low_liq_mult"": 3.0, ""slippage_liq_threshold_eok"": 20.0, ""liq_penalty_very_low_eok"": 5.0, ""liq_penalty_very_low_pts"": 8.0, ""liq_penalty_low_eok"": 10.0, ""liq_penalty_low_pts"": 4.0, ""time_stop_days"": 7, ""time_stop_min_move_pct"": 2.0, ""time_stop_extend_if_profit"": true, ""config_version"": ""2.0.0"", ""_snapshot_ts"": ""2026-03-04T16:47:26.891632""}",2.0.0
98,340930,유일에너테크,KOSDAQ,조선·기계·설비,960,108.2,0.0,0,,NEUTRAL,NEUTRAL,False,False,False,30.3,30.3,12.6,26.1,74.2,0.0,1116.0,1060.0,1284.0,1312.0,,0.33,1.4,1424,-27.85,,0,-17.24,33.3,-16.12,특수 목적용 기계 제조업,10820000000.0,59.1,39.42,0,0,-5.98,-5.02,-20.4,-16.84,-23.19,-2.11,,,,0.955,0.174,0,12.0,0,0,2.17,0.11,v1_sl_first_gap_at_open,5.02,5.0,3.0,NORMAL+PM_BLOCK_INTRADAY+EST_MCAP+EF:정상,enter,100.0,0,1,1088.3,-21.68,0.1245,False,X,▼,1148,▼,X,X,0,0,0,0.0,특수 목적용 기계 제조업,-1.14,,,74.2,32.5,32.5,4,1,mean_revert,16.2,5.0,20260303,20260303,30.3,30.3,30.3,,,0.3,,True,0,,"{""lookback_days"": 250, ""bench_lookback_days"": 60, ""top_n"": 600, ""min_turnover_eok"": 50, ""min_mcap_eok"": 1000, ""max_workers"": 4, ""pass_ebs"": 4, ""cache_format"": ""parquet"", ""rsi_low"": 45.0, ""rsi_high"": 65.0, ""rsi_overheat"": 75.0, ""bb_period"": 20, ""bb_std"": 2.0, ""bb_squeeze_bw"": 10.0, ""kc_period"": 20, ""kc_atr_period"": 20, ""kc_mult"": 1.5, ""bonus_bb_squeeze_score"": 3.0, ""bonus_bb_squeeze_entry"": 4.0, ""trigger_dist_wick_high"": 0.35, ""trigger_dist_wick_mid"": 0.25, ""trigger_ret_pct_dist"": 5.0, ""trigger_ret_pct_weak"": 3.0, ""trigger_range_pos_weak"": 0.6, ""trigger_vol_ratio_spike"": 3.0, ""mtf_struct_bonus"": 10.0, ""mtf_struct_penalty"": 15.0, ""mtf_min_weekly_bars"": 26, ""mtf_min_monthly_bars"": 12, ""w_rr"": 0.25, ""w_t1"": 0.18, ""w_sl"": 0.12, ""w_near"": 0.12, ""w_mom"": 0.1, ""w_liq"": 0.13, ""w_tec"": 0.1, ""w_sector"": 0.05, ""p_overheat_5d"": 6.0, ""p_overheat_10d"": 6.0, ""p_rsi_out"": 4.0, ""p_macd_neg"": 4.0, ""p_near_far"": 4.0, ""p_liq_low"": 4.0, ""p_vol_spike"": 2.0, ""p_big_sl"": 3.0, ""fx_caution"": 1470.0, ""fx_critical"": 1490.0, ""nasdaq_caution"": -1.5, ""nasdaq_critical"": -2.5, ""rec_limit_default"": 5, ""rec_limit_caution"": 3, ""ml_low"": 5.0, ""ml_high"": 25.0, ""ml_max_weight"": 0.2, ""ml_cov_gate"": 0.2, ""trim_pct"": 0.1, ""ebs_pass_threshold"": 3, ""macro_weights"": {""CRITICAL"": [0.55, 0.25], ""HIGH"": [0.5, 0.3], ""NORMAL"": [0.4, 0.4]}, ""slippage_base_bps"": 10.0, ""slippage_low_liq_mult"": 3.0, ""slippage_liq_threshold_eok"": 20.0, ""liq_penalty_very_low_eok"": 5.0, ""liq_penalty_very_low_pts"": 8.0, ""liq_penalty_low_eok"": 10.0, ""liq_penalty_low_pts"": 4.0, ""time_stop_days"": 7, ""time_stop_min_move_pct"": 2.0, ""time_stop_extend_if_profit"": true, ""config_version"": ""2.0.0"", ""_snapshot_ts"": ""2026-03-04T16:47:26.891632""}",2.0.0
99,323410,카카오뱅크,KOSPI,인터넷/플랫폼·게임,22500,450.47,0.0,0,,WAIT,WAIT,False,False,True,29.9,29.9,55.6,7.1,24.0,0.0,25500.0,24500.0,28500.0,29000.0,,-2.55,0.52,25052,-5.59,,0,15.26,42.6,-3.73,은행 및 저축기관,45047000000.0,58.4,31.68,0,0,-6.08,-10.21,-9.09,8.51,17.78,3.45,,,,0.333,0.333,0,10.5,0,0,1.83,0.47,v1_sl_first_gap_at_open,3.92,5.0,3.0,SWING+PM_BLOCK_INTRADAY+EST_MCAP+EF:정상,enter,100.0,0,1,24590.0,1.79,-0.4657,True,O,▲,28412,▼,X,X,0,0,0,0.0,은행 및 저축기관,-9.635000000000002,,,24.0,16.34605962352806,16.34605962352806,4,1,default,default,default,20260303,20260303,29.9,29.9,29.9,,,0.3,,True,0,,"{""lookback_days"": 250, ""bench_lookback_days"": 60, ""top_n"": 600, ""min_turnover_eok"": 50, ""min_mcap_eok"": 1000, ""max_workers"": 4, ""pass_ebs"": 4, ""cache_format"": ""parquet"", ""rsi_low"": 45.0, ""rsi_high"": 65.0, ""rsi_overheat"": 75.0, ""bb_period"": 20, ""bb_std"": 2.0, ""bb_squeeze_bw"": 10.0, ""kc_period"": 20, ""kc_atr_period"": 20, ""kc_mult"": 1.5, ""bonus_bb_squeeze_score"": 3.0, ""bonus_bb_squeeze_entry"": 4.0, ""trigger_dist_wick_high"": 0.35, ""trigger_dist_wick_mid"": 0.25, ""trigger_ret_pct_dist"": 5.0, ""trigger_ret_pct_weak"": 3.0, ""trigger_range_pos_weak"": 0.6, ""trigger_vol_ratio_spike"": 3.0, ""mtf_struct_bonus"": 10.0, ""mtf_struct_penalty"": 15.0, ""mtf_min_weekly_bars"": 26, ""mtf_min_monthly_bars"": 12, ""w_rr"": 0.25, ""w_t1"": 0.18, ""w_sl"": 0.12, ""w_near"": 0.12, ""w_mom"": 0.1, ""w_liq"": 0.13, ""w_tec"": 0.1, ""w_sector"": 0.05, ""p_overheat_5d"": 6.0, ""p_overheat_10d"": 6.0, ""p_rsi_out"": 4.0, ""p_macd_neg"": 4.0, ""p_near_far"": 4.0, ""p_liq_low"": 4.0, ""p_vol_spike"": 2.0, ""p_big_sl"": 3.0, ""fx_caution"": 1470.0, ""fx_critical"": 1490.0, ""nasdaq_caution"": -1.5, ""nasdaq_critical"": -2.5, ""rec_limit_default"": 5, ""rec_limit_caution"": 3, ""ml_low"": 5.0, ""ml_high"": 25.0, ""ml_max_weight"": 0.2, ""ml_cov_gate"": 0.2, ""trim_pct"": 0.1, ""ebs_pass_threshold"": 3, ""macro_weights"": {""CRITICAL"": [0.55, 0.25], ""HIGH"": [0.5, 0.3], ""NORMAL"": [0.4, 0.4]}, ""slippage_base_bps"": 10.0, ""slippage_low_liq_mult"": 3.0, ""slippage_liq_threshold_eok"": 20.0, ""liq_penalty_very_low_eok"": 5.0, ""liq_penalty_very_low_pts"": 8.0, ""liq_penalty_low_eok"": 10.0, ""liq_penalty_low_pts"": 4.0, ""time_stop_days"": 7, ""time_stop_min_move_pct"": 2.0, ""time_stop_extend_if_profit"": true, ""config_version"": ""2.0.0"", ""_snapshot_ts"": ""2026-03-04T16:47:26.891632""}",2.0.0
100,499790,GS피앤엘,KOSPI,금융,45100,90.95,0.0,0,,WAIT,WAIT,False,False,True,28.8,28.8,36.2,21.7,28.3,0.0,48700.0,47150.0,53400.0,54200.0,,-3.61,0.63,50878,1.02,,0,11.33,27.8,-14.51,기타 금융업,9095000000.0,38.5,35.37,0,0,-5.07,-19.1,-19.5,9.93,6.22,-0.41,,,,0.43,0.253,1,12.0,0,0,1.19,0.21,v1_sl_first_gap_at_open,3.18,5.0,3.0,SWING+PM_BLOCK_INTRADAY+EST_MCAP+EF:정상,enter,100.0,0,1,48005.0,-4.28,-0.8493,True,O,▲,55721,▼,X,X,0,0,0,0.0,기타 금융업,-9.465,,,28.3,14.99041312228943,14.99041312228943,4,1,default,default,default,20260303,20260303,28.8,28.8,28.8,,,0.3,,True,0,,"{""lookback_days"": 250, ""bench_lookback_days"": 60, ""top_n"": 600, ""min_turnover_eok"": 50, ""min_mcap_eok"": 1000, ""max_workers"": 4, ""pass_ebs"": 4, ""cache_format"": ""parquet"", ""rsi_low"": 45.0, ""rsi_high"": 65.0, ""rsi_overheat"": 75.0, ""bb_period"": 20, ""bb_std"": 2.0, ""bb_squeeze_bw"": 10.0, ""kc_period"": 20, ""kc_atr_period"": 20, ""kc_mult"": 1.5, ""bonus_bb_squeeze_score"": 3.0, ""bonus_bb_squeeze_entry"": 4.0, ""trigger_dist_wick_high"": 0.35, ""trigger_dist_wick_mid"": 0.25, ""trigger_ret_pct_dist"": 5.0, ""trigger_ret_pct_weak"": 3.0, ""trigger_range_pos_weak"": 0.6, ""trigger_vol_ratio_spike"": 3.0, ""mtf_struct_bonus"": 10.0, ""mtf_struct_penalty"": 15.0, ""mtf_min_weekly_bars"": 26, ""mtf_min_monthly_bars"": 12, ""w_rr"": 0.25, ""w_t1"": 0.18, ""w_sl"": 0.12, ""w_near"": 0.12, ""w_mom"": 0.1, ""w_liq"": 0.13, ""w_tec"": 0.1, ""w_sector"": 0.05, ""p_overheat_5d"": 6.0, ""p_overheat_10d"": 6.0, ""p_rsi_out"": 4.0, ""p_macd_neg"": 4.0, ""p_near_far"": 4.0, ""p_liq_low"": 4.0, ""p_vol_spike"": 2.0, ""p_big_sl"": 3.0, ""fx_caution"": 1470.0, ""fx_critical"": 1490.0, ""nasdaq_caution"": -1.5, ""nasdaq_critical"": -2.5, ""rec_limit_default"": 5, ""rec_limit_caution"": 3, ""ml_low"": 5.0, ""ml_high"": 25.0, ""ml_max_weight"": 0.2, ""ml_cov_gate"": 0.2, ""trim_pct"": 0.1, ""ebs_pass_threshold"": 3, ""macro_weights"": {""CRITICAL"": [0.55, 0.25], ""HIGH"": [0.5, 0.3], ""NORMAL"": [0.4, 0.4]}, ""slippage_base_bps"": 10.0, ""slippage_low_liq_mult"": 3.0, ""slippage_liq_threshold_eok"": 20.0, ""liq_penalty_very_low_eok"": 5.0, ""liq_penalty_very_low_pts"": 8.0, ""liq_penalty_low_eok"": 10.0, ""liq_penalty_low_pts"": 4.0, ""time_stop_days"": 7, ""time_stop_min_move_pct"": 2.0, ""time_stop_extend_if_profit"": true, ""config_version"": ""2.0.0"", ""_snapshot_ts"": ""2026-03-04T16:47:26.891632""}",2.0.0
101,318060,그래피,KOSDAQ,기타,44200,134.32,0.0,0,,WAIT,WAIT,False,False,True,28.3,28.3,34.4,23.8,25.1,0.0,49000.0,46550.0,56400.0,57600.0,,-2.17,0.57,34027,395.15,,0,7.62,35.8,-10.74,합성고무 및 플라스틱 물질 제조업,13432000000.0,35.3,31.9,0,0,-2.97,-19.67,-4.3,8.89,150.77,380.86,,,,0.077,0.053,1,12.0,0,0,1.18,0.18,v1_sl_first_gap_at_open,5.0,5.0,3.0,SWING+PM_BLOCK_INTRADAY+EST_MCAP+EF:정상,enter,100.0,0,1,39010.0,44.0,-0.4243,True,O,▲,52310,▼,X,X,0,0,0,0.0,합성고무 및 플라스틱 물질 제조업,0.5794594594594594,,,25.1,12.535127578119045,12.535127578119045,4,1,default,default,default,20260303,20260303,28.3,28.3,28.3,,,0.3,,True,0,,"{""lookback_days"": 250, ""bench_lookback_days"": 60, ""top_n"": 600, ""min_turnover_eok"": 50, ""min_mcap_eok"": 1000, ""max_workers"": 4, ""pass_ebs"": 4, ""cache_format"": ""parquet"", ""rsi_low"": 45.0, ""rsi_high"": 65.0, ""rsi_overheat"": 75.0, ""bb_period"": 20, ""bb_std"": 2.0, ""bb_squeeze_bw"": 10.0, ""kc_period"": 20, ""kc_atr_period"": 20, ""kc_mult"": 1.5, ""bonus_bb_squeeze_score"": 3.0, ""bonus_bb_squeeze_entry"": 4.0, ""trigger_dist_wick_high"": 0.35, ""trigger_dist_wick_mid"": 0.25, ""trigger_ret_pct_dist"": 5.0, ""trigger_ret_pct_weak"": 3.0, ""trigger_range_pos_weak"": 0.6, ""trigger_vol_ratio_spike"": 3.0, ""mtf_struct_bonus"": 10.0, ""mtf_struct_penalty"": 15.0, ""mtf_min_weekly_bars"": 26, ""mtf_min_monthly_bars"": 12, ""w_rr"": 0.25, ""w_t1"": 0.18, ""w_sl"": 0.12, ""w_near"": 0.12, ""w_mom"": 0.1, ""w_liq"": 0.13, ""w_tec"": 0.1, ""w_sector"": 0.05, ""p_overheat_5d"": 6.0, ""p_overheat_10d"": 6.0, ""p_rsi_out"": 4.0, ""p_macd_neg"": 4.0, ""p_near_far"": 4.0, ""p_liq_low"": 4.0, ""p_vol_spike"": 2.0, ""p_big_sl"": 3.0, ""fx_caution"": 1470.0, ""fx_critical"": 1490.0, ""nasdaq_caution"": -1.5, ""nasdaq_critical"": -2.5, ""rec_limit_default"": 5, ""rec_limit_caution"": 3, ""ml_low"": 5.0, ""ml_high"": 25.0, ""ml_max_weight"": 0.2, ""ml_cov_gate"": 0.2, ""trim_pct"": 0.1, ""ebs_pass_threshold"": 3, ""macro_weights"": {""CRITICAL"": [0.55, 0.25], ""HIGH"": [0.5, 0.3], ""NORMAL"": [0.4, 0.4]}, ""slippage_base_bps"": 10.0, ""slippage_low_liq_mult"": 3.0, ""slippage_liq_threshold_eok"": 20.0, ""liq_penalty_very_low_eok"": 5.0, ""liq_penalty_very_low_pts"": 8.0, ""liq_penalty_low_eok"": 10.0, ""liq_penalty_low_pts"": 4.0, ""time_stop_days"": 7, ""time_stop_min_move_pct"": 2.0, ""time_stop_extend_if_profit"": true, ""config_version"": ""2.0.0"", ""_snapshot_ts"": ""2026-03-04T16:47:26.891632""}",2.0.0
102,388720,유일로보틱스,KOSDAQ,조선·기계·설비,91900,188.22,0.0,0,,WAIT,WAIT,False,False,True,28.2,28.2,24.2,26.7,39.1,0.0,115000.0,110100.0,129700.0,132200.0,,1.04,0.9,106960,33.81,,0,1.43,42.7,-7.34,특수 목적용 기계 제조업,18822000000.0,50.3,28.82,0,0,-6.05,-0.61,-2.54,-21.07,40.59,65.95,,,,0.174,0.1,1,12.0,0,0,1.72,0.07,v1_sl_first_gap_at_open,4.26,5.0,3.0,SWING+PM_BLOCK_INTRADAY+EST_MCAP+EF:정상,enter,100.0,0,1,105070.0,7.52,0.1822,True,O,▲,120056,▲,X,X,0,0,0,0.0,특수 목적용 기계 제조업,-1.14,,,39.1,18.55860407545292,18.55860407545292,6,1,default,default,default,20260303,20260303,28.2,28.2,28.2,,,0.3,,True,0,,"{""lookback_days"": 250, ""bench_lookback_days"": 60, ""top_n"": 600, ""min_turnover_eok"": 50, ""min_mcap_eok"": 1000, ""max_workers"": 4, ""pass_ebs"": 4, ""cache_format"": ""parquet"", ""rsi_low"": 45.0, ""rsi_high"": 65.0, ""rsi_overheat"": 75.0, ""bb_period"": 20, ""bb_std"": 2.0, ""bb_squeeze_bw"": 10.0, ""kc_period"": 20, ""kc_atr_period"": 20, ""kc_mult"": 1.5, ""bonus_bb_squeeze_score"": 3.0, ""bonus_bb_squeeze_entry"": 4.0, ""trigger_dist_wick_high"": 0.35, ""trigger_dist_wick_mid"": 0.25, ""trigger_ret_pct_dist"": 5.0, ""trigger_ret_pct_weak"": 3.0, ""trigger_range_pos_weak"": 0.6, ""trigger_vol_ratio_spike"": 3.0, ""mtf_struct_bonus"": 10.0, ""mtf_struct_penalty"": 15.0, ""mtf_min_weekly_bars"": 26, ""mtf_min_monthly_bars"": 12, ""w_rr"": 0.25, ""w_t1"": 0.18, ""w_sl"": 0.12, ""w_near"": 0.12, ""w_mom"": 0.1, ""w_liq"": 0.13, ""w_tec"": 0.1, ""w_sector"": 0.05, ""p_overheat_5d"": 6.0, ""p_overheat_10d"": 6.0, ""p_rsi_out"": 4.0, ""p_macd_neg"": 4.0, ""p_near_far"": 4.0, ""p_liq_low"": 4.0, ""p_vol_spike"": 2.0, ""p_big_sl"": 3.0, ""fx_caution"": 1470.0, ""fx_critical"": 1490.0, ""nasdaq_caution"": -1.5, ""nasdaq_critical"": -2.5, ""rec_limit_default"": 5, ""rec_limit_caution"": 3, ""ml_low"": 5.0, ""ml_high"": 25.0, ""ml_max_weight"": 0.2, ""ml_cov_gate"": 0.2, ""trim_pct"": 0.1, ""ebs_pass_threshold"": 3, ""macro_weights"": {""CRITICAL"": [0.55, 0.25], ""HIGH"": [0.5, 0.3], ""NORMAL"": [0.4, 0.4]}, ""slippage_base_bps"": 10.0, ""slippage_low_liq_mult"": 3.0, ""slippage_liq_threshold_eok"": 20.0, ""liq_penalty_very_low_eok"": 5.0, ""liq_penalty_very_low_pts"": 8.0, ""liq_penalty_low_eok"": 10.0, ""liq_penalty_low_pts"": 4.0, ""time_stop_days"": 7, ""time_stop_min_move_pct"": 2.0, ""time_stop_extend_if_profit"": true, ""config_version"": ""2.0.0"", ""_snapshot_ts"": ""2026-03-04T16:47:26.891632""}",2.0.0
103,458870,씨어스테크놀로지,KOSDAQ,기타,108100,137.36,0.0,0,,NEUTRAL,NEUTRAL,False,False,False,27.9,27.9,0.0,37.1,65.5,0.0,129000.0,124600.0,142200.0,144400.0,,-2.36,1.09,130930,7.6,,0,-14.96,23.1,-17.31,의료용 기기 제조업,13736000000.0,20.4,28.62,0,0,-7.46,-15.69,-22.52,-17.15,-4.44,163.27,,,,0.266,0.162,1,12.0,0,0,0.92,0.01,v1_sl_first_gap_at_open,3.41,5.0,3.0,SWING+PM_BLOCK_INTRADAY+EST_MCAP+EF:정상,enter,100.0,0,-1,161210.0,-1.47,-0.2999,True,O,▲,141371,▼,X,X,0,0,0,0.0,의료용 기기 제조업,0.5794594594594594,,,65.5,32.21078354790829,32.21078354790829,0,0,default,default,default,20260303,20260303,27.9,27.9,27.9,,,0.3,,True,0,,"{""lookback_days"": 250, ""bench_lookback_days"": 60, ""top_n"": 600, ""min_turnover_eok"": 50, ""min_mcap_eok"": 1000, ""max_workers"": 4, ""pass_ebs"": 4, ""cache_format"": ""parquet"", ""rsi_low"": 45.0, ""rsi_high"": 65.0, ""rsi_overheat"": 75.0, ""bb_period"": 20, ""bb_std"": 2.0, ""bb_squeeze_bw"": 10.0, ""kc_period"": 20, ""kc_atr_period"": 20, ""kc_mult"": 1.5, ""bonus_bb_squeeze_score"": 3.0, ""bonus_bb_squeeze_entry"": 4.0, ""trigger_dist_wick_high"": 0.35, ""trigger_dist_wick_mid"": 0.25, ""trigger_ret_pct_dist"": 5.0, ""trigger_ret_pct_weak"": 3.0, ""trigger_range_pos_weak"": 0.6, ""trigger_vol_ratio_spike"": 3.0, ""mtf_struct_bonus"": 10.0, ""mtf_struct_penalty"": 15.0, ""mtf_min_weekly_bars"": 26, ""mtf_min_monthly_bars"": 12, ""w_rr"": 0.25, ""w_t1"": 0.18, ""w_sl"": 0.12, ""w_near"": 0.12, ""w_mom"": 0.1, ""w_liq"": 0.13, ""w_tec"": 0.1, ""w_sector"": 0.05, ""p_overheat_5d"": 6.0, ""p_overheat_10d"": 6.0, ""p_rsi_out"": 4.0, ""p_macd_neg"": 4.0, ""p_near_far"": 4.0, ""p_liq_low"": 4.0, ""p_vol_spike"": 2.0, ""p_big_sl"": 3.0, ""fx_caution"": 1470.0, ""fx_critical"": 1490.0, ""nasdaq_caution"": -1.5, ""nasdaq_critical"": -2.5, ""rec_limit_default"": 5, ""rec_limit_caution"": 3, ""ml_low"": 5.0, ""ml_high"": 25.0, ""ml_max_weight"": 0.2, ""ml_cov_gate"": 0.2, ""trim_pct"": 0.1, ""ebs_pass_threshold"": 3, ""macro_weights"": {""CRITICAL"": [0.55, 0.25], ""HIGH"": [0.5, 0.3], ""NORMAL"": [0.4, 0.4]}, ""slippage_base_bps"": 10.0, ""slippage_low_liq_mult"": 3.0, ""slippage_liq_threshold_eok"": 20.0, ""liq_penalty_very_low_eok"": 5.0, ""liq_penalty_very_low_pts"": 8.0, ""liq_penalty_low_eok"": 10.0, ""liq_penalty_low_pts"": 4.0, ""time_stop_days"": 7, ""time_stop_min_move_pct"": 2.0, ""time_stop_extend_if_profit"": true, ""config_version"": ""2.0.0"", ""_snapshot_ts"": ""2026-03-04T16:47:26.891632""}",2.0.0
104,383310,에코프로에이치엔,KOSDAQ,화학·소재,29050,256.58,0.0,0,,WAIT,WAIT,False,False,True,26.9,26.9,22.6,19.7,50.1,0.0,35000.0,33250.0,40250.0,41150.0,,0.12,1.02,35710,-7.43,,0,1.5,46.5,-5.88,기타 화학제품 제조업,25658000000.0,61.6,25.8,0,0,-8.26,-3.05,-0.43,-3.98,39.72,41.7,,,,0.398,0.381,0,12.0,0,0,1.12,0.12,v1_sl_first_gap_at_open,5.0,5.0,3.0,NORMAL+PM_BLOCK_INTRADAY+EST_MCAP+EF:정상,enter,100.0,0,-1,44295.0,-1.99,0.0356,True,O,▲,36336,▲,X,X,0,0,0,0.0,기타 화학제품 제조업,-2.4749999999999996,,,50.1,34.177587342075086,34.177587342075086,8,1,default,default,default,20260303,20260303,26.9,26.9,26.9,,,0.3,,True,0,,"{""lookback_days"": 250, ""bench_lookback_days"": 60, ""top_n"": 600, ""min_turnover_eok"": 50, ""min_mcap_eok"": 1000, ""max_workers"": 4, ""pass_ebs"": 4, ""cache_format"": ""parquet"", ""rsi_low"": 45.0, ""rsi_high"": 65.0, ""rsi_overheat"": 75.0, ""bb_period"": 20, ""bb_std"": 2.0, ""bb_squeeze_bw"": 10.0, ""kc_period"": 20, ""kc_atr_period"": 20, ""kc_mult"": 1.5, ""bonus_bb_squeeze_score"": 3.0, ""bonus_bb_squeeze_entry"": 4.0, ""trigger_dist_wick_high"": 0.35, ""trigger_dist_wick_mid"": 0.25, ""trigger_ret_pct_dist"": 5.0, ""trigger_ret_pct_weak"": 3.0, ""trigger_range_pos_weak"": 0.6, ""trigger_vol_ratio_spike"": 3.0, ""mtf_struct_bonus"": 10.0, ""mtf_struct_penalty"": 15.0, ""mtf_min_weekly_bars"": 26, ""mtf_min_monthly_bars"": 12, ""w_rr"": 0.25, ""w_t1"": 0.18, ""w_sl"": 0.12, ""w_near"": 0.12, ""w_mom"": 0.1, ""w_liq"": 0.13, ""w_tec"": 0.1, ""w_sector"": 0.05, ""p_overheat_5d"": 6.0, ""p_overheat_10d"": 6.0, ""p_rsi_out"": 4.0, ""p_macd_neg"": 4.0, ""p_near_far"": 4.0, ""p_liq_low"": 4.0, ""p_vol_spike"": 2.0, ""p_big_sl"": 3.0, ""fx_caution"": 1470.0, ""fx_critical"": 1490.0, ""nasdaq_caution"": -1.5, ""nasdaq_critical"": -2.5, ""rec_limit_default"": 5, ""rec_limit_caution"": 3, ""ml_low"": 5.0, ""ml_high"": 25.0, ""ml_max_weight"": 0.2, ""ml_cov_gate"": 0.2, ""trim_pct"": 0.1, ""ebs_pass_threshold"": 3, ""macro_weights"": {""CRITICAL"": [0.55, 0.25], ""HIGH"": [0.5, 0.3], ""NORMAL"": [0.4, 0.4]}, ""slippage_base_bps"": 10.0, ""slippage_low_liq_mult"": 3.0, ""slippage_liq_threshold_eok"": 20.0, ""liq_penalty_very_low_eok"": 5.0, ""liq_penalty_very_low_pts"": 8.0, ""liq_penalty_low_eok"": 10.0, ""liq_penalty_low_pts"": 4.0, ""time_stop_days"": 7, ""time_stop_min_move_pct"": 2.0, ""time_stop_extend_if_profit"": true, ""config_version"": ""2.0.0"", ""_snapshot_ts"": ""2026-03-04T16:47:26.891632""}",2.0.0
105,354320,알멕,KOSDAQ,철강·금속,44000,98.1,0.0,0,,NEUTRAL,NEUTRAL,False,False,False,26.3,26.3,3.8,29.8,64.4,0.0,51500.0,48900.0,59300.0,60600.0,,-2.15,0.86,43210,84.77,,0,-6.29,42.6,-17.76,1차 비철금속 제조업,9810000000.0,36.6,39.09,0,0,0.0,-18.12,-22.9,-11.36,162.22,124.4,,,,0.278,0.057,1,12.0,0,0,2.73,0.09,v1_sl_first_gap_at_open,5.05,5.0,3.0,NORMAL+PM_BLOCK_INTRADAY+EST_MCAP+EF:정상,enter,100.0,0,1,48190.0,19.18,-0.6277,True,O,▲,55650,▼,X,X,0,0,0,0.0,1차 비철금속 제조업,-5.0625,,,64.4,22.283717426876947,22.283717426876947,2,0,default,default,default,20260303,20260303,26.3,26.3,26.3,,,0.3,,True,0,,"{""lookback_days"": 250, ""bench_lookback_days"": 60, ""top_n"": 600, ""min_turnover_eok"": 50, ""min_mcap_eok"": 1000, ""max_workers"": 4, ""pass_ebs"": 4, ""cache_format"": ""parquet"", ""rsi_low"": 45.0, ""rsi_high"": 65.0, ""rsi_overheat"": 75.0, ""bb_period"": 20, ""bb_std"": 2.0, ""bb_squeeze_bw"": 10.0, ""kc_period"": 20, ""kc_atr_period"": 20, ""kc_mult"": 1.5, ""bonus_bb_squeeze_score"": 3.0, ""bonus_bb_squeeze_entry"": 4.0, ""trigger_dist_wick_high"": 0.35, ""trigger_dist_wick_mid"": 0.25, ""trigger_ret_pct_dist"": 5.0, ""trigger_ret_pct_weak"": 3.0, ""trigger_range_pos_weak"": 0.6, ""trigger_vol_ratio_spike"": 3.0, ""mtf_struct_bonus"": 10.0, ""mtf_struct_penalty"": 15.0, ""mtf_min_weekly_bars"": 26, ""mtf_min_monthly_bars"": 12, ""w_rr"": 0.25, ""w_t1"": 0.18, ""w_sl"": 0.12, ""w_near"": 0.12, ""w_mom"": 0.1, ""w_liq"": 0.13, ""w_tec"": 0.1, ""w_sector"": 0.05, ""p_overheat_5d"": 6.0, ""p_overheat_10d"": 6.0, ""p_rsi_out"": 4.0, ""p_macd_neg"": 4.0, ""p_near_far"": 4.0, ""p_liq_low"": 4.0, ""p_vol_spike"": 2.0, ""p_big_sl"": 3.0, ""fx_caution"": 1470.0, ""fx_critical"": 1490.0, ""nasdaq_caution"": -1.5, ""nasdaq_critical"": -2.5, ""rec_limit_default"": 5, ""rec_limit_caution"": 3, ""ml_low"": 5.0, ""ml_high"": 25.0, ""ml_max_weight"": 0.2, ""ml_cov_gate"": 0.2, ""trim_pct"": 0.1, ""ebs_pass_threshold"": 3, ""macro_weights"": {""CRITICAL"": [0.55, 0.25], ""HIGH"": [0.5, 0.3], ""NORMAL"": [0.4, 0.4]}, ""slippage_base_bps"": 10.0, ""slippage_low_liq_mult"": 3.0, ""slippage_liq_threshold_eok"": 20.0, ""liq_penalty_very_low_eok"": 5.0, ""liq_penalty_very_low_pts"": 8.0, ""liq_penalty_low_eok"": 10.0, ""liq_penalty_low_pts"": 4.0, ""time_stop_days"": 7, ""time_stop_min_move_pct"": 2.0, ""time_stop_extend_if_profit"": true, ""config_version"": ""2.0.0"", ""_snapshot_ts"": ""2026-03-04T16:47:26.891632""}",2.0.0
106,108320,LX세미콘,KOSPI,반도체,47200,92.71,0.0,0,,WAIT,WAIT,False,False,True,26.3,26.3,16.2,31.1,36.9,0.0,53500.0,51700.0,58900.0,59800.0,,-2.03,1.37,54200,-2.28,,0,1.71,46.0,-4.16,반도체 제조업,9271000000.0,48.0,16.98,0,0,-8.39,-4.46,-2.01,-2.19,3.28,-0.56,,,,0.495,0.442,0,9.7,0,1,0.84,0.08,v1_sl_first_gap_at_open,3.36,5.0,3.0,SWING+PM_BLOCK_INTRADAY+EST_MCAP+EF:정상,enter,100.0,0,-1,64600.0,-1.29,-0.0341,True,O,▼,58850,▲,X,X,0,0,0,0.0,반도체 제조업,-4.504285714285715,,,36.9,46.0,46.0,6,1,default,default,default,20260303,20260303,26.3,26.3,26.3,,,0.3,,True,0,,"{""lookback_days"": 250, ""bench_lookback_days"": 60, ""top_n"": 600, ""min_turnover_eok"": 50, ""min_mcap_eok"": 1000, ""max_workers"": 4, ""pass_ebs"": 4, ""cache_format"": ""parquet"", ""rsi_low"": 45.0, ""rsi_high"": 65.0, ""rsi_overheat"": 75.0, ""bb_period"": 20, ""bb_std"": 2.0, ""bb_squeeze_bw"": 10.0, ""kc_period"": 20, ""kc_atr_period"": 20, ""kc_mult"": 1.5, ""bonus_bb_squeeze_score"": 3.0, ""bonus_bb_squeeze_entry"": 4.0, ""trigger_dist_wick_high"": 0.35, ""trigger_dist_wick_mid"": 0.25, ""trigger_ret_pct_dist"": 5.0, ""trigger_ret_pct_weak"": 3.0, ""trigger_range_pos_weak"": 0.6, ""trigger_vol_ratio_spike"": 3.0, ""mtf_struct_bonus"": 10.0, ""mtf_struct_penalty"": 15.0, ""mtf_min_weekly_bars"": 26, ""mtf_min_monthly_bars"": 12, ""w_rr"": 0.25, ""w_t1"": 0.18, ""w_sl"": 0.12, ""w_near"": 0.12, ""w_mom"": 0.1, ""w_liq"": 0.13, ""w_tec"": 0.1, ""w_sector"": 0.05, ""p_overheat_5d"": 6.0, ""p_overheat_10d"": 6.0, ""p_rsi_out"": 4.0, ""p_macd_neg"": 4.0, ""p_near_far"": 4.0, ""p_liq_low"": 4.0, ""p_vol_spike"": 2.0, ""p_big_sl"": 3.0, ""fx_caution"": 1470.0, ""fx_critical"": 1490.0, ""nasdaq_caution"": -1.5, ""nasdaq_critical"": -2.5, ""rec_limit_default"": 5, ""rec_limit_caution"": 3, ""ml_low"": 5.0, ""ml_high"": 25.0, ""ml_max_weight"": 0.2, ""ml_cov_gate"": 0.2, ""trim_pct"": 0.1, ""ebs_pass_threshold"": 3, ""macro_weights"": {""CRITICAL"": [0.55, 0.25], ""HIGH"": [0.5, 0.3], ""NORMAL"": [0.4, 0.4]}, ""slippage_base_bps"": 10.0, ""slippage_low_liq_mult"": 3.0, ""slippage_liq_threshold_eok"": 20.0, ""liq_penalty_very_low_eok"": 5.0, ""liq_penalty_very_low_pts"": 8.0, ""liq_penalty_low_eok"": 10.0, ""liq_penalty_low_pts"": 4.0, ""time_stop_days"": 7, ""time_stop_min_move_pct"": 2.0, ""time_stop_extend_if_profit"": true, ""config_version"": ""2.0.0"", ""_snapshot_ts"": ""2026-03-04T16:47:26.891632""}",2.0.0
107,328130,루닛,KOSDAQ,IT/전기전자,33500,120.08,0.0,0,,WAIT,WAIT,False,False,True,25.3,25.3,37.9,0.0,50.6,0.0,38700.0,37350.0,42750.0,43450.0,,-1.84,0.77,41137,-6.88,,0,5.04,38.1,-7.07,소프트웨어 개발 및 공급업,12008000000.0,38.1,20.33,0,0,-4.91,-9.15,-6.63,-17.48,-3.37,1.57,,,,0.842,0.509,0,9.7,0,0,1.41,0.15,v1_sl_first_gap_at_open,3.49,5.0,3.0,SWING+PM_BLOCK_INTRADAY+EST_MCAP+EF:정상,enter,100.0,0,-1,44915.0,-5.92,-0.2311,True,X,▼,41255,▼,X,X,0,0,0,0.0,소프트웨어 개발 및 공급업,-4.951904761904761,,,50.6,13.016412595292188,13.016412595292188,4,1,default,default,default,20260303,20260303,25.3,25.3,25.3,,,0.3,,True,0,,"{""lookback_days"": 250, ""bench_lookback_days"": 60, ""top_n"": 600, ""min_turnover_eok"": 50, ""min_mcap_eok"": 1000, ""max_workers"": 4, ""pass_ebs"": 4, ""cache_format"": ""parquet"", ""rsi_low"": 45.0, ""rsi_high"": 65.0, ""rsi_overheat"": 75.0, ""bb_period"": 20, ""bb_std"": 2.0, ""bb_squeeze_bw"": 10.0, ""kc_period"": 20, ""kc_atr_period"": 20, ""kc_mult"": 1.5, ""bonus_bb_squeeze_score"": 3.0, ""bonus_bb_squeeze_entry"": 4.0, ""trigger_dist_wick_high"": 0.35, ""trigger_dist_wick_mid"": 0.25, ""trigger_ret_pct_dist"": 5.0, ""trigger_ret_pct_weak"": 3.0, ""trigger_range_pos_weak"": 0.6, ""trigger_vol_ratio_spike"": 3.0, ""mtf_struct_bonus"": 10.0, ""mtf_struct_penalty"": 15.0, ""mtf_min_weekly_bars"": 26, ""mtf_min_monthly_bars"": 12, ""w_rr"": 0.25, ""w_t1"": 0.18, ""w_sl"": 0.12, ""w_near"": 0.12, ""w_mom"": 0.1, ""w_liq"": 0.13, ""w_tec"": 0.1, ""w_sector"": 0.05, ""p_overheat_5d"": 6.0, ""p_overheat_10d"": 6.0, ""p_rsi_out"": 4.0, ""p_macd_neg"": 4.0, ""p_near_far"": 4.0, ""p_liq_low"": 4.0, ""p_vol_spike"": 2.0, ""p_big_sl"": 3.0, ""fx_caution"": 1470.0, ""fx_critical"": 1490.0, ""nasdaq_caution"": -1.5, ""nasdaq_critical"": -2.5, ""rec_limit_default"": 5, ""rec_limit_caution"": 3, ""ml_low"": 5.0, ""ml_high"": 25.0, ""ml_max_weight"": 0.2, ""ml_cov_gate"": 0.2, ""trim_pct"": 0.1, ""ebs_pass_threshold"": 3, ""macro_weights"": {""CRITICAL"": [0.55, 0.25], ""HIGH"": [0.5, 0.3], ""NORMAL"": [0.4, 0.4]}, ""slippage_base_bps"": 10.0, ""slippage_low_liq_mult"": 3.0, ""slippage_liq_threshold_eok"": 20.0, ""liq_penalty_very_low_eok"": 5.0, ""liq_penalty_very_low_pts"": 8.0, ""liq_penalty_low_eok"": 10.0, ""liq_penalty_low_pts"": 4.0, ""time_stop_days"": 7, ""time_stop_min_move_pct"": 2.0, ""time_stop_extend_if_profit"": true, ""config_version"": ""2.0.0"", ""_snapshot_ts"": ""2026-03-04T16:47:26.891632""}",2.0.0
108,271940,일진하이솔루스,KOSPI,기타,15280,101.75,0.0,0,,OVERHEAT,OVERHEAT,False,False,False,24.8,24.8,40.0,16.0,11.9,0.0,15380.0,14610.0,17690.0,18080.0,,-2.32,4.95,15156,-1.4,,0,7.07,81.8,23.87,그외 기타 운송장비 제조업,10175000000.0,83.9,30.95,0,0,13.3,24.66,29.92,23.13,25.26,0.89,,,,0.32,0.32,0,10.2,1,0,0.63,0.78,v1_sl_first_gap_at_open,5.01,5.0,3.0,NORMAL+PM_BLOCK_INTRADAY+EST_MCAP+EF:극단갭(22.0%)/급등(13.3%) → 진입 보류+ENTRY:hold,hold,0.0,1,1,15361.0,19.75,0.2938,False,O,▼,16023,▲,O,X,0,0,0,0.0,그외 기타 운송장비 제조업,0.5794594594594594,,,11.9,42.0,42.0,4,1,default,default,default,20260303,20260303,24.8,24.8,24.8,,,0.3,,True,0,,"{""lookback_days"": 250, ""bench_lookback_days"": 60, ""top_n"": 600, ""min_turnover_eok"": 50, ""min_mcap_eok"": 1000, ""max_workers"": 4, ""pass_ebs"": 4, ""cache_format"": ""parquet"", ""rsi_low"": 45.0, ""rsi_high"": 65.0, ""rsi_overheat"": 75.0, ""bb_period"": 20, ""bb_std"": 2.0, ""bb_squeeze_bw"": 10.0, ""kc_period"": 20, ""kc_atr_period"": 20, ""kc_mult"": 1.5, ""bonus_bb_squeeze_score"": 3.0, ""bonus_bb_squeeze_entry"": 4.0, ""trigger_dist_wick_high"": 0.35, ""trigger_dist_wick_mid"": 0.25, ""trigger_ret_pct_dist"": 5.0, ""trigger_ret_pct_weak"": 3.0, ""trigger_range_pos_weak"": 0.6, ""trigger_vol_ratio_spike"": 3.0, ""mtf_struct_bonus"": 10.0, ""mtf_struct_penalty"": 15.0, ""mtf_min_weekly_bars"": 26, ""mtf_min_monthly_bars"": 12, ""w_rr"": 0.25, ""w_t1"": 0.18, ""w_sl"": 0.12, ""w_near"": 0.12, ""w_mom"": 0.1, ""w_liq"": 0.13, ""w_tec"": 0.1, ""w_sector"": 0.05, ""p_overheat_5d"": 6.0, ""p_overheat_10d"": 6.0, ""p_rsi_out"": 4.0, ""p_macd_neg"": 4.0, ""p_near_far"": 4.0, ""p_liq_low"": 4.0, ""p_vol_spike"": 2.0, ""p_big_sl"": 3.0, ""fx_caution"": 1470.0, ""fx_critical"": 1490.0, ""nasdaq_caution"": -1.5, ""nasdaq_critical"": -2.5, ""rec_limit_default"": 5, ""rec_limit_caution"": 3, ""ml_low"": 5.0, ""ml_high"": 25.0, ""ml_max_weight"": 0.2, ""ml_cov_gate"": 0.2, ""trim_pct"": 0.1, ""ebs_pass_threshold"": 3, ""macro_weights"": {""CRITICAL"": [0.55, 0.25], ""HIGH"": [0.5, 0.3], ""NORMAL"": [0.4, 0.4]}, ""slippage_base_bps"": 10.0, ""slippage_low_liq_mult"": 3.0, ""slippage_liq_threshold_eok"": 20.0, ""liq_penalty_very_low_eok"": 5.0, ""liq_penalty_very_low_pts"": 8.0, ""liq_penalty_low_eok"": 10.0, ""liq_penalty_low_pts"": 4.0, ""time_stop_days"": 7, ""time_stop_min_move_pct"": 2.0, ""time_stop_extend_if_profit"": true, ""config_version"": ""2.0.0"", ""_snapshot_ts"": ""2026-03-04T16:47:26.891632""}",2.0.0
109,383220,F&F,KOSPI,유통·소비재,63100,84.38,0.0,0,,WAIT,WAIT,False,False,True,24.7,24.7,19.1,12.9,59.5,0.0,69100.0,66900.0,75700.0,76800.0,,-1.53,0.86,70877,-3.87,,1,2.22,40.4,-4.03,봉제의복 제조업,8438000000.0,30.9,11.19,0,0,-2.26,-5.08,-5.86,-0.58,-4.82,3.91,,,,0.605,0.506,0,8.9,0,0,0.95,0.15,v1_sl_first_gap_at_open,3.18,5.0,3.0,SWING+PM_BLOCK_INTRADAY+EST_MCAP+EF:정상,enter,100.0,0,1,66010.0,-2.51,-0.0711,True,X,▲,70643,▼,X,X,0,0,0,0.0,봉제의복 제조업,-2.805,,,59.5,25.120697546093687,25.120697546093687,2,0,default,default,default,20260303,20260303,24.7,24.7,24.7,,,0.3,,True,0,,"{""lookback_days"": 250, ""bench_lookback_days"": 60, ""top_n"": 600, ""min_turnover_eok"": 50, ""min_mcap_eok"": 1000, ""max_workers"": 4, ""pass_ebs"": 4, ""cache_format"": ""parquet"", ""rsi_low"": 45.0, ""rsi_high"": 65.0, ""rsi_overheat"": 75.0, ""bb_period"": 20, ""bb_std"": 2.0, ""bb_squeeze_bw"": 10.0, ""kc_period"": 20, ""kc_atr_period"": 20, ""kc_mult"": 1.5, ""bonus_bb_squeeze_score"": 3.0, ""bonus_bb_squeeze_entry"": 4.0, ""trigger_dist_wick_high"": 0.35, ""trigger_dist_wick_mid"": 0.25, ""trigger_ret_pct_dist"": 5.0, ""trigger_ret_pct_weak"": 3.0, ""trigger_range_pos_weak"": 0.6, ""trigger_vol_ratio_spike"": 3.0, ""mtf_struct_bonus"": 10.0, ""mtf_struct_penalty"": 15.0, ""mtf_min_weekly_bars"": 26, ""mtf_min_monthly_bars"": 12, ""w_rr"": 0.25, ""w_t1"": 0.18, ""w_sl"": 0.12, ""w_near"": 0.12, ""w_mom"": 0.1, ""w_liq"": 0.13, ""w_tec"": 0.1, ""w_sector"": 0.05, ""p_overheat_5d"": 6.0, ""p_overheat_10d"": 6.0, ""p_rsi_out"": 4.0, ""p_macd_neg"": 4.0, ""p_near_far"": 4.0, ""p_liq_low"": 4.0, ""p_vol_spike"": 2.0, ""p_big_sl"": 3.0, ""fx_caution"": 1470.0, ""fx_critical"": 1490.0, ""nasdaq_caution"": -1.5, ""nasdaq_critical"": -2.5, ""rec_limit_default"": 5, ""rec_limit_caution"": 3, ""ml_low"": 5.0, ""ml_high"": 25.0, ""ml_max_weight"": 0.2, ""ml_cov_gate"": 0.2, ""trim_pct"": 0.1, ""ebs_pass_threshold"": 3, ""macro_weights"": {""CRITICAL"": [0.55, 0.25], ""HIGH"": [0.5, 0.3], ""NORMAL"": [0.4, 0.4]}, ""slippage_base_bps"": 10.0, ""slippage_low_liq_mult"": 3.0, ""slippage_liq_threshold_eok"": 20.0, ""liq_penalty_very_low_eok"": 5.0, ""liq_penalty_very_low_pts"": 8.0, ""liq_penalty_low_eok"": 10.0, ""liq_penalty_low_pts"": 4.0, ""time_stop_days"": 7, ""time_stop_min_move_pct"": 2.0, ""time_stop_extend_if_profit"": true, ""config_version"": ""2.0.0"", ""_snapshot_ts"": ""2026-03-04T16:47:26.891632""}",2.0.0
110,457550,우진엔텍,KOSDAQ,서비스 기타,21500,95.8,0.0,0,,WAIT,WAIT,False,False,True,24.7,24.7,47.9,0.0,27.8,0.0,26300.0,25450.0,28850.0,29300.0,,-1.89,0.54,28064,-8.09,,0,6.92,49.1,-6.3,"그외 기타 전문, 과학 및 기술 서비스업",9580000000.0,81.6,28.36,0,0,-9.62,-17.03,-7.07,-4.01,26.44,5.84,,,,0.576,0.513,0,12.0,1,0,1.23,0.17,v1_sl_first_gap_at_open,3.23,5.0,3.0,SWING+PM_BLOCK_INTRADAY+EST_MCAP+EF:정상,enter,100.0,0,1,26095.0,-6.29,-0.5551,True,O,▲,30827,▼,X,X,0,0,0,0.0,"그외 기타 전문, 과학 및 기술 서비스업",-2.7985714285714285,,,27.8,12.29160317580229,12.29160317580229,6,1,default,default,default,20260303,20260303,24.7,24.7,24.7,,,0.3,,True,0,,"{""lookback_days"": 250, ""bench_lookback_days"": 60, ""top_n"": 600, ""min_turnover_eok"": 50, ""min_mcap_eok"": 1000, ""max_workers"": 4, ""pass_ebs"": 4, ""cache_format"": ""parquet"", ""rsi_low"": 45.0, ""rsi_high"": 65.0, ""rsi_overheat"": 75.0, ""bb_period"": 20, ""bb_std"": 2.0, ""bb_squeeze_bw"": 10.0, ""kc_period"": 20, ""kc_atr_period"": 20, ""kc_mult"": 1.5, ""bonus_bb_squeeze_score"": 3.0, ""bonus_bb_squeeze_entry"": 4.0, ""trigger_dist_wick_high"": 0.35, ""trigger_dist_wick_mid"": 0.25, ""trigger_ret_pct_dist"": 5.0, ""trigger_ret_pct_weak"": 3.0, ""trigger_range_pos_weak"": 0.6, ""trigger_vol_ratio_spike"": 3.0, ""mtf_struct_bonus"": 10.0, ""mtf_struct_penalty"": 15.0, ""mtf_min_weekly_bars"": 26, ""mtf_min_monthly_bars"": 12, ""w_rr"": 0.25, ""w_t1"": 0.18, ""w_sl"": 0.12, ""w_near"": 0.12, ""w_mom"": 0.1, ""w_liq"": 0.13, ""w_tec"": 0.1, ""w_sector"": 0.05, ""p_overheat_5d"": 6.0, ""p_overheat_10d"": 6.0, ""p_rsi_out"": 4.0, ""p_macd_neg"": 4.0, ""p_near_far"": 4.0, ""p_liq_low"": 4.0, ""p_vol_spike"": 2.0, ""p_big_sl"": 3.0, ""fx_caution"": 1470.0, ""fx_critical"": 1490.0, ""nasdaq_caution"": -1.5, ""nasdaq_critical"": -2.5, ""rec_limit_default"": 5, ""rec_limit_caution"": 3, ""ml_low"": 5.0, ""ml_high"": 25.0, ""ml_max_weight"": 0.2, ""ml_cov_gate"": 0.2, ""trim_pct"": 0.1, ""ebs_pass_threshold"": 3, ""macro_weights"": {""CRITICAL"": [0.55, 0.25], ""HIGH"": [0.5, 0.3], ""NORMAL"": [0.4, 0.4]}, ""slippage_base_bps"": 10.0, ""slippage_low_liq_mult"": 3.0, ""slippage_liq_threshold_eok"": 20.0, ""liq_penalty_very_low_eok"": 5.0, ""liq_penalty_very_low_pts"": 8.0, ""liq_penalty_low_eok"": 10.0, ""liq_penalty_low_pts"": 4.0, ""time_stop_days"": 7, ""time_stop_min_move_pct"": 2.0, ""time_stop_extend_if_profit"": true, ""config_version"": ""2.0.0"", ""_snapshot_ts"": ""2026-03-04T16:47:26.891632""}",2.0.0
111,437730,삼현,KOSDAQ,자동차·모빌리티,42950,262.54,0.0,0,,NEUTRAL,NEUTRAL,False,False,False,23.9,23.9,6.5,43.3,19.8,0.0,53500.0,50800.0,61600.0,63000.0,,0.72,1.02,55003,144.87,,0,-9.76,40.8,-6.73,자동차 신품 부품 제조업,26254000000.0,39.0,34.79,0,0,-10.83,4.29,-3.95,-23.24,32.75,275.44,,,,0.156,0.079,1,12.0,0,0,2.51,0.21,v1_sl_first_gap_at_open,5.05,5.0,3.0,NORMAL+PM_BLOCK_INTRADAY+EST_MCAP+EF:정상,enter,100.0,0,-1,61250.0,-2.73,0.6608,False,O,▲,54030,▲,X,X,0,0,0,0.0,자동차 신품 부품 제조업,-1.2149999999999999,,,19.8,37.40547925930893,37.40547925930893,4,1,default,default,default,20260303,20260303,23.9,23.9,23.9,,,0.3,,True,0,,"{""lookback_days"": 250, ""bench_lookback_days"": 60, ""top_n"": 600, ""min_turnover_eok"": 50, ""min_mcap_eok"": 1000, ""max_workers"": 4, ""pass_ebs"": 4, ""cache_format"": ""parquet"", ""rsi_low"": 45.0, ""rsi_high"": 65.0, ""rsi_overheat"": 75.0, ""bb_period"": 20, ""bb_std"": 2.0, ""bb_squeeze_bw"": 10.0, ""kc_period"": 20, ""kc_atr_period"": 20, ""kc_mult"": 1.5, ""bonus_bb_squeeze_score"": 3.0, ""bonus_bb_squeeze_entry"": 4.0, ""trigger_dist_wick_high"": 0.35, ""trigger_dist_wick_mid"": 0.25, ""trigger_ret_pct_dist"": 5.0, ""trigger_ret_pct_weak"": 3.0, ""trigger_range_pos_weak"": 0.6, ""trigger_vol_ratio_spike"": 3.0, ""mtf_struct_bonus"": 10.0, ""mtf_struct_penalty"": 15.0, ""mtf_min_weekly_bars"": 26, ""mtf_min_monthly_bars"": 12, ""w_rr"": 0.25, ""w_t1"": 0.18, ""w_sl"": 0.12, ""w_near"": 0.12, ""w_mom"": 0.1, ""w_liq"": 0.13, ""w_tec"": 0.1, ""w_sector"": 0.05, ""p_overheat_5d"": 6.0, ""p_overheat_10d"": 6.0, ""p_rsi_out"": 4.0, ""p_macd_neg"": 4.0, ""p_near_far"": 4.0, ""p_liq_low"": 4.0, ""p_vol_spike"": 2.0, ""p_big_sl"": 3.0, ""fx_caution"": 1470.0, ""fx_critical"": 1490.0, ""nasdaq_caution"": -1.5, ""nasdaq_critical"": -2.5, ""rec_limit_default"": 5, ""rec_limit_caution"": 3, ""ml_low"": 5.0, ""ml_high"": 25.0, ""ml_max_weight"": 0.2, ""ml_cov_gate"": 0.2, ""trim_pct"": 0.1, ""ebs_pass_threshold"": 3, ""macro_weights"": {""CRITICAL"": [0.55, 0.25], ""HIGH"": [0.5, 0.3], ""NORMAL"": [0.4, 0.4]}, ""slippage_base_bps"": 10.0, ""slippage_low_liq_mult"": 3.0, ""slippage_liq_threshold_eok"": 20.0, ""liq_penalty_very_low_eok"": 5.0, ""liq_penalty_very_low_pts"": 8.0, ""liq_penalty_low_eok"": 10.0, ""liq_penalty_low_pts"": 4.0, ""time_stop_days"": 7, ""time_stop_min_move_pct"": 2.0, ""time_stop_extend_if_profit"": true, ""config_version"": ""2.0.0"", ""_snapshot_ts"": ""2026-03-04T16:47:26.891632""}",2.0.0
112,389500,에스비비테크,KOSDAQ,조선·기계·설비,46150,131.33,0.0,0,,NEUTRAL,NEUTRAL,False,False,False,23.8,23.8,2.2,25.4,63.9,0.0,56300.0,53400.0,65000.0,66500.0,,0.52,0.85,54029,40.93,,0,-5.34,36.0,-11.14,일반 목적용 기계 제조업,13133000000.0,33.8,42.43,0,0,-9.05,1.08,-5.06,-28.46,62.72,178.71,,,,0.281,0.1,1,12.0,0,0,3.49,0.05,v1_sl_first_gap_at_open,5.15,5.0,3.0,NORMAL+PM_BLOCK_INTRADAY+EST_MCAP+EF:정상,enter,100.0,0,1,51720.0,4.2,0.5245,True,O,▲,58734,▲,X,X,0,0,0,0.0,일반 목적용 기계 제조업,-1.14,,,63.9,18.331040821305336,18.331040821305336,4,1,default,default,default,20260303,20260303,23.8,23.8,23.8,,,0.3,,True,0,,"{""lookback_days"": 250, ""bench_lookback_days"": 60, ""top_n"": 600, ""min_turnover_eok"": 50, ""min_mcap_eok"": 1000, ""max_workers"": 4, ""pass_ebs"": 4, ""cache_format"": ""parquet"", ""rsi_low"": 45.0, ""rsi_high"": 65.0, ""rsi_overheat"": 75.0, ""bb_period"": 20, ""bb_std"": 2.0, ""bb_squeeze_bw"": 10.0, ""kc_period"": 20, ""kc_atr_period"": 20, ""kc_mult"": 1.5, ""bonus_bb_squeeze_score"": 3.0, ""bonus_bb_squeeze_entry"": 4.0, ""trigger_dist_wick_high"": 0.35, ""trigger_dist_wick_mid"": 0.25, ""trigger_ret_pct_dist"": 5.0, ""trigger_ret_pct_weak"": 3.0, ""trigger_range_pos_weak"": 0.6, ""trigger_vol_ratio_spike"": 3.0, ""mtf_struct_bonus"": 10.0, ""mtf_struct_penalty"": 15.0, ""mtf_min_weekly_bars"": 26, ""mtf_min_monthly_bars"": 12, ""w_rr"": 0.25, ""w_t1"": 0.18, ""w_sl"": 0.12, ""w_near"": 0.12, ""w_mom"": 0.1, ""w_liq"": 0.13, ""w_tec"": 0.1, ""w_sector"": 0.05, ""p_overheat_5d"": 6.0, ""p_overheat_10d"": 6.0, ""p_rsi_out"": 4.0, ""p_macd_neg"": 4.0, ""p_near_far"": 4.0, ""p_liq_low"": 4.0, ""p_vol_spike"": 2.0, ""p_big_sl"": 3.0, ""fx_caution"": 1470.0, ""fx_critical"": 1490.0, ""nasdaq_caution"": -1.5, ""nasdaq_critical"": -2.5, ""rec_limit_default"": 5, ""rec_limit_caution"": 3, ""ml_low"": 5.0, ""ml_high"": 25.0, ""ml_max_weight"": 0.2, ""ml_cov_gate"": 0.2, ""trim_pct"": 0.1, ""ebs_pass_threshold"": 3, ""macro_weights"": {""CRITICAL"": [0.55, 0.25], ""HIGH"": [0.5, 0.3], ""NORMAL"": [0.4, 0.4]}, ""slippage_base_bps"": 10.0, ""slippage_low_liq_mult"": 3.0, ""slippage_liq_threshold_eok"": 20.0, ""liq_penalty_very_low_eok"": 5.0, ""liq_penalty_very_low_pts"": 8.0, ""liq_penalty_low_eok"": 10.0, ""liq_penalty_low_pts"": 4.0, ""time_stop_days"": 7, ""time_stop_min_move_pct"": 2.0, ""time_stop_extend_if_profit"": true, ""config_version"": ""2.0.0"", ""_snapshot_ts"": ""2026-03-04T16:47:26.891632""}",2.0.0
113,389650,넥스트바이오메디컬,KOSDAQ,기타,62100,63.05,0.0,0,,WAIT,WAIT,False,False,True,23.6,23.6,14.2,20.8,48.2,0.0,73500.0,69800.0,84600.0,86500.0,,-1.22,0.89,83092,-11.63,,5,0.86,46.4,-2.15,의료용 기기 제조업,6305000000.0,47.2,12.9,1,0,-3.29,-4.92,-5.41,-3.16,-13.93,14.66,,,,0.682,0.364,0,11.6,1,0,1.38,0.27,v1_sl_first_gap_at_open,5.03,5.0,3.0,NORMAL+PM_BLOCK_INTRADAY+EST_MCAP+EF:정상,enter,100.0,0,-1,85440.0,-11.54,-0.0215,True,X,▲,75203,▲,X,X,0,0,0,0.0,의료용 기기 제조업,0.5794594594594594,,,48.2,27.71038579591098,27.71038579591098,8,1,default,default,default,20260303,20260303,23.6,23.6,23.6,,,0.3,,True,0,,"{""lookback_days"": 250, ""bench_lookback_days"": 60, ""top_n"": 600, ""min_turnover_eok"": 50, ""min_mcap_eok"": 1000, ""max_workers"": 4, ""pass_ebs"": 4, ""cache_format"": ""parquet"", ""rsi_low"": 45.0, ""rsi_high"": 65.0, ""rsi_overheat"": 75.0, ""bb_period"": 20, ""bb_std"": 2.0, ""bb_squeeze_bw"": 10.0, ""kc_period"": 20, ""kc_atr_period"": 20, ""kc_mult"": 1.5, ""bonus_bb_squeeze_score"": 3.0, ""bonus_bb_squeeze_entry"": 4.0, ""trigger_dist_wick_high"": 0.35, ""trigger_dist_wick_mid"": 0.25, ""trigger_ret_pct_dist"": 5.0, ""trigger_ret_pct_weak"": 3.0, ""trigger_range_pos_weak"": 0.6, ""trigger_vol_ratio_spike"": 3.0, ""mtf_struct_bonus"": 10.0, ""mtf_struct_penalty"": 15.0, ""mtf_min_weekly_bars"": 26, ""mtf_min_monthly_bars"": 12, ""w_rr"": 0.25, ""w_t1"": 0.18, ""w_sl"": 0.12, ""w_near"": 0.12, ""w_mom"": 0.1, ""w_liq"": 0.13, ""w_tec"": 0.1, ""w_sector"": 0.05, ""p_overheat_5d"": 6.0, ""p_overheat_10d"": 6.0, ""p_rsi_out"": 4.0, ""p_macd_neg"": 4.0, ""p_near_far"": 4.0, ""p_liq_low"": 4.0, ""p_vol_spike"": 2.0, ""p_big_sl"": 3.0, ""fx_caution"": 1470.0, ""fx_critical"": 1490.0, ""nasdaq_caution"": -1.5, ""nasdaq_critical"": -2.5, ""rec_limit_default"": 5, ""rec_limit_caution"": 3, ""ml_low"": 5.0, ""ml_high"": 25.0, ""ml_max_weight"": 0.2, ""ml_cov_gate"": 0.2, ""trim_pct"": 0.1, ""ebs_pass_threshold"": 3, ""macro_weights"": {""CRITICAL"": [0.55, 0.25], ""HIGH"": [0.5, 0.3], ""NORMAL"": [0.4, 0.4]}, ""slippage_base_bps"": 10.0, ""slippage_low_liq_mult"": 3.0, ""slippage_liq_threshold_eok"": 20.0, ""liq_penalty_very_low_eok"": 5.0, ""liq_penalty_very_low_pts"": 8.0, ""liq_penalty_low_eok"": 10.0, ""liq_penalty_low_pts"": 4.0, ""time_stop_days"": 7, ""time_stop_min_move_pct"": 2.0, ""time_stop_extend_if_profit"": true, ""config_version"": ""2.0.0"", ""_snapshot_ts"": ""2026-03-04T16:47:26.891632""}",2.0.0
114,441270,파인엠텍,KOSDAQ,IT/전기전자,7920,82.97,0.0,0,,WAIT,WAIT,False,False,True,23.4,23.4,4.7,17.8,71.9,0.0,9100.0,8820.0,9940.0,10080.0,,-2.92,1.17,10019,-29.21,,0,0.33,45.0,-10.41,전자부품 제조업,8297000000.0,49.8,25.4,0,0,-7.43,-13.91,-15.35,-3.81,-5.01,-18.6,,,,0.862,0.315,0,12.0,1,0,1.42,0.01,v1_sl_first_gap_at_open,3.08,5.0,3.0,SWING+PM_BLOCK_INTRADAY+EST_MCAP+EF:정상,enter,100.0,0,1,8813.0,-9.18,-0.4469,False,X,▼,10134,▼,X,X,0,0,0,0.0,전자부품 제조업,-4.951904761904761,,,71.9,29.5,29.5,6,1,default,default,default,20260303,20260303,23.4,23.4,23.4,,,0.3,,True,0,,"{""lookback_days"": 250, ""bench_lookback_days"": 60, ""top_n"": 600, ""min_turnover_eok"": 50, ""min_mcap_eok"": 1000, ""max_workers"": 4, ""pass_ebs"": 4, ""cache_format"": ""parquet"", ""rsi_low"": 45.0, ""rsi_high"": 65.0, ""rsi_overheat"": 75.0, ""bb_period"": 20, ""bb_std"": 2.0, ""bb_squeeze_bw"": 10.0, ""kc_period"": 20, ""kc_atr_period"": 20, ""kc_mult"": 1.5, ""bonus_bb_squeeze_score"": 3.0, ""bonus_bb_squeeze_entry"": 4.0, ""trigger_dist_wick_high"": 0.35, ""trigger_dist_wick_mid"": 0.25, ""trigger_ret_pct_dist"": 5.0, ""trigger_ret_pct_weak"": 3.0, ""trigger_range_pos_weak"": 0.6, ""trigger_vol_ratio_spike"": 3.0, ""mtf_struct_bonus"": 10.0, ""mtf_struct_penalty"": 15.0, ""mtf_min_weekly_bars"": 26, ""mtf_min_monthly_bars"": 12, ""w_rr"": 0.25, ""w_t1"": 0.18, ""w_sl"": 0.12, ""w_near"": 0.12, ""w_mom"": 0.1, ""w_liq"": 0.13, ""w_tec"": 0.1, ""w_sector"": 0.05, ""p_overheat_5d"": 6.0, ""p_overheat_10d"": 6.0, ""p_rsi_out"": 4.0, ""p_macd_neg"": 4.0, ""p_near_far"": 4.0, ""p_liq_low"": 4.0, ""p_vol_spike"": 2.0, ""p_big_sl"": 3.0, ""fx_caution"": 1470.0, ""fx_critical"": 1490.0, ""nasdaq_caution"": -1.5, ""nasdaq_critical"": -2.5, ""rec_limit_default"": 5, ""rec_limit_caution"": 3, ""ml_low"": 5.0, ""ml_high"": 25.0, ""ml_max_weight"": 0.2, ""ml_cov_gate"": 0.2, ""trim_pct"": 0.1, ""ebs_pass_threshold"": 3, ""macro_weights"": {""CRITICAL"": [0.55, 0.25], ""HIGH"": [0.5, 0.3], ""NORMAL"": [0.4, 0.4]}, ""slippage_base_bps"": 10.0, ""slippage_low_liq_mult"": 3.0, ""slippage_liq_threshold_eok"": 20.0, ""liq_penalty_very_low_eok"": 5.0, ""liq_penalty_very_low_pts"": 8.0, ""liq_penalty_low_eok"": 10.0, ""liq_penalty_low_pts"": 4.0, ""time_stop_days"": 7, ""time_stop_min_move_pct"": 2.0, ""time_stop_extend_if_profit"": true, ""config_version"": ""2.0.0"", ""_snapshot_ts"": ""2026-03-04T16:47:26.891632""}",2.0.0
115,232680,라온로보틱스,KOSDAQ,조선·기계·설비,12700,57.28,0.0,0,,NEUTRAL,NEUTRAL,False,False,False,23.0,23.0,3.9,13.9,79.2,0.0,15280.0,14820.0,16660.0,16890.0,,-0.28,0.26,16387,2.06,,0,-7.0,26.1,-14.73,특수 목적용 기계 제조업,5728000000.0,40.5,42.72,0,0,-8.01,-3.17,-15.21,-6.83,99.74,103.46,,,,0.521,0.295,1,12.0,0,0,2.58,0.0,v1_sl_first_gap_at_open,3.01,5.0,3.0,SWING+PM_BLOCK_INTRADAY+EST_MCAP+EF:정상,enter,100.0,0,1,13423.0,-6.76,0.1973,False,O,▲,15658,▼,X,X,0,0,0,0.0,특수 목적용 기계 제조업,-1.14,,,79.2,8.0,8.0,4,1,default,default,default,20260303,20260303,23.0,23.0,23.0,,,0.3,,True,0,,"{""lookback_days"": 250, ""bench_lookback_days"": 60, ""top_n"": 600, ""min_turnover_eok"": 50, ""min_mcap_eok"": 1000, ""max_workers"": 4, ""pass_ebs"": 4, ""cache_format"": ""parquet"", ""rsi_low"": 45.0, ""rsi_high"": 65.0, ""rsi_overheat"": 75.0, ""bb_period"": 20, ""bb_std"": 2.0, ""bb_squeeze_bw"": 10.0, ""kc_period"": 20, ""kc_atr_period"": 20, ""kc_mult"": 1.5, ""bonus_bb_squeeze_score"": 3.0, ""bonus_bb_squeeze_entry"": 4.0, ""trigger_dist_wick_high"": 0.35, ""trigger_dist_wick_mid"": 0.25, ""trigger_ret_pct_dist"": 5.0, ""trigger_ret_pct_weak"": 3.0, ""trigger_range_pos_weak"": 0.6, ""trigger_vol_ratio_spike"": 3.0, ""mtf_struct_bonus"": 10.0, ""mtf_struct_penalty"": 15.0, ""mtf_min_weekly_bars"": 26, ""mtf_min_monthly_bars"": 12, ""w_rr"": 0.25, ""w_t1"": 0.18, ""w_sl"": 0.12, ""w_near"": 0.12, ""w_mom"": 0.1, ""w_liq"": 0.13, ""w_tec"": 0.1, ""w_sector"": 0.05, ""p_overheat_5d"": 6.0, ""p_overheat_10d"": 6.0, ""p_rsi_out"": 4.0, ""p_macd_neg"": 4.0, ""p_near_far"": 4.0, ""p_liq_low"": 4.0, ""p_vol_spike"": 2.0, ""p_big_sl"": 3.0, ""fx_caution"": 1470.0, ""fx_critical"": 1490.0, ""nasdaq_caution"": -1.5, ""nasdaq_critical"": -2.5, ""rec_limit_default"": 5, ""rec_limit_caution"": 3, ""ml_low"": 5.0, ""ml_high"": 25.0, ""ml_max_weight"": 0.2, ""ml_cov_gate"": 0.2, ""trim_pct"": 0.1, ""ebs_pass_threshold"": 3, ""macro_weights"": {""CRITICAL"": [0.55, 0.25], ""HIGH"": [0.5, 0.3], ""NORMAL"": [0.4, 0.4]}, ""slippage_base_bps"": 10.0, ""slippage_low_liq_mult"": 3.0, ""slippage_liq_threshold_eok"": 20.0, ""liq_penalty_very_low_eok"": 5.0, ""liq_penalty_very_low_pts"": 8.0, ""liq_penalty_low_eok"": 10.0, ""liq_penalty_low_pts"": 4.0, ""time_stop_days"": 7, ""time_stop_min_move_pct"": 2.0, ""time_stop_extend_if_profit"": true, ""config_version"": ""2.0.0"", ""_snapshot_ts"": ""2026-03-04T16:47:26.891632""}",2.0.0
116,445680,큐리옥스바이오시스템즈,KOSDAQ,기타,90800,132.88,0.0,0,,NEUTRAL,NEUTRAL,False,False,False,22.7,22.7,0.0,49.7,14.0,0.0,109500.0,104000.0,126000.0,128800.0,,0.24,1.37,106065,56.34,,0,-6.64,34.4,-6.28,의료용 기기 제조업,13288000000.0,45.0,19.07,0,0,-8.44,2.62,-4.28,-8.6,14.06,158.87,,,,0.13,0.116,1,12.0,0,0,0.94,0.19,v1_sl_first_gap_at_open,5.02,5.0,3.0,NORMAL+PM_BLOCK_INTRADAY+EST_MCAP+EF:정상,enter,100.0,0,-1,126910.0,3.24,0.2467,True,O,▲,112922,▲,X,X,0,0,0,0.0,의료용 기기 제조업,0.5794594594594594,,,14.0,42.23262108213243,42.23262108213243,2,0,default,default,default,20260303,20260303,22.7,22.7,22.7,,,0.3,,True,0,,"{""lookback_days"": 250, ""bench_lookback_days"": 60, ""top_n"": 600, ""min_turnover_eok"": 50, ""min_mcap_eok"": 1000, ""max_workers"": 4, ""pass_ebs"": 4, ""cache_format"": ""parquet"", ""rsi_low"": 45.0, ""rsi_high"": 65.0, ""rsi_overheat"": 75.0, ""bb_period"": 20, ""bb_std"": 2.0, ""bb_squeeze_bw"": 10.0, ""kc_period"": 20, ""kc_atr_period"": 20, ""kc_mult"": 1.5, ""bonus_bb_squeeze_score"": 3.0, ""bonus_bb_squeeze_entry"": 4.0, ""trigger_dist_wick_high"": 0.35, ""trigger_dist_wick_mid"": 0.25, ""trigger_ret_pct_dist"": 5.0, ""trigger_ret_pct_weak"": 3.0, ""trigger_range_pos_weak"": 0.6, ""trigger_vol_ratio_spike"": 3.0, ""mtf_struct_bonus"": 10.0, ""mtf_struct_penalty"": 15.0, ""mtf_min_weekly_bars"": 26, ""mtf_min_monthly_bars"": 12, ""w_rr"": 0.25, ""w_t1"": 0.18, ""w_sl"": 0.12, ""w_near"": 0.12, ""w_mom"": 0.1, ""w_liq"": 0.13, ""w_tec"": 0.1, ""w_sector"": 0.05, ""p_overheat_5d"": 6.0, ""p_overheat_10d"": 6.0, ""p_rsi_out"": 4.0, ""p_macd_neg"": 4.0, ""p_near_far"": 4.0, ""p_liq_low"": 4.0, ""p_vol_spike"": 2.0, ""p_big_sl"": 3.0, ""fx_caution"": 1470.0, ""fx_critical"": 1490.0, ""nasdaq_caution"": -1.5, ""nasdaq_critical"": -2.5, ""rec_limit_default"": 5, ""rec_limit_caution"": 3, ""ml_low"": 5.0, ""ml_high"": 25.0, ""ml_max_weight"": 0.2, ""ml_cov_gate"": 0.2, ""trim_pct"": 0.1, ""ebs_pass_threshold"": 3, ""macro_weights"": {""CRITICAL"": [0.55, 0.25], ""HIGH"": [0.5, 0.3], ""NORMAL"": [0.4, 0.4]}, ""slippage_base_bps"": 10.0, ""slippage_low_liq_mult"": 3.0, ""slippage_liq_threshold_eok"": 20.0, ""liq_penalty_very_low_eok"": 5.0, ""liq_penalty_very_low_pts"": 8.0, ""liq_penalty_low_eok"": 10.0, ""liq_penalty_low_pts"": 4.0, ""time_stop_days"": 7, ""time_stop_min_move_pct"": 2.0, ""time_stop_extend_if_profit"": true, ""config_version"": ""2.0.0"", ""_snapshot_ts"": ""2026-03-04T16:47:26.891632""}",2.0.0
117,451760,컨텍,KOSDAQ,IT/전기전자,14050,104.21,0.0,0,,NEUTRAL,NEUTRAL,False,False,False,22.2,22.2,11.5,0.0,88.1,0.0,16800.0,16190.0,18630.0,18940.0,,-1.21,0.5,17389,-18.76,,0,-2.05,41.6,-16.97,"컴퓨터 프로그래밍, 시스템 통합 및 관리업",10421000000.0,60.2,37.24,0,0,-4.0,-8.4,-25.83,-18.84,111.59,94.9,,,,0.582,0.209,0,12.0,0,0,2.67,0.01,v1_sl_first_gap_at_open,3.63,5.0,3.0,SWING+PM_BLOCK_INTRADAY+EST_MCAP+EF:정상,enter,100.0,0,1,15173.0,-3.39,-0.0891,True,O,▲,17667,▼,X,X,0,0,0,0.0,"컴퓨터 프로그래밍, 시스템 통합 및 관리업",-4.951904761904761,,,88.1,5.0,5.0,2,0,default,default,default,20260303,20260303,22.2,22.2,22.2,,,0.3,,True,0,,"{""lookback_days"": 250, ""bench_lookback_days"": 60, ""top_n"": 600, ""min_turnover_eok"": 50, ""min_mcap_eok"": 1000, ""max_workers"": 4, ""pass_ebs"": 4, ""cache_format"": ""parquet"", ""rsi_low"": 45.0, ""rsi_high"": 65.0, ""rsi_overheat"": 75.0, ""bb_period"": 20, ""bb_std"": 2.0, ""bb_squeeze_bw"": 10.0, ""kc_period"": 20, ""kc_atr_period"": 20, ""kc_mult"": 1.5, ""bonus_bb_squeeze_score"": 3.0, ""bonus_bb_squeeze_entry"": 4.0, ""trigger_dist_wick_high"": 0.35, ""trigger_dist_wick_mid"": 0.25, ""trigger_ret_pct_dist"": 5.0, ""trigger_ret_pct_weak"": 3.0, ""trigger_range_pos_weak"": 0.6, ""trigger_vol_ratio_spike"": 3.0, ""mtf_struct_bonus"": 10.0, ""mtf_struct_penalty"": 15.0, ""mtf_min_weekly_bars"": 26, ""mtf_min_monthly_bars"": 12, ""w_rr"": 0.25, ""w_t1"": 0.18, ""w_sl"": 0.12, ""w_near"": 0.12, ""w_mom"": 0.1, ""w_liq"": 0.13, ""w_tec"": 0.1, ""w_sector"": 0.05, ""p_overheat_5d"": 6.0, ""p_overheat_10d"": 6.0, ""p_rsi_out"": 4.0, ""p_macd_neg"": 4.0, ""p_near_far"": 4.0, ""p_liq_low"": 4.0, ""p_vol_spike"": 2.0, ""p_big_sl"": 3.0, ""fx_caution"": 1470.0, ""fx_critical"": 1490.0, ""nasdaq_caution"": -1.5, ""nasdaq_critical"": -2.5, ""rec_limit_default"": 5, ""rec_limit_caution"": 3, ""ml_low"": 5.0, ""ml_high"": 25.0, ""ml_max_weight"": 0.2, ""ml_cov_gate"": 0.2, ""trim_pct"": 0.1, ""ebs_pass_threshold"": 3, ""macro_weights"": {""CRITICAL"": [0.55, 0.25], ""HIGH"": [0.5, 0.3], ""NORMAL"": [0.4, 0.4]}, ""slippage_base_bps"": 10.0, ""slippage_low_liq_mult"": 3.0, ""slippage_liq_threshold_eok"": 20.0, ""liq_penalty_very_low_eok"": 5.0, ""liq_penalty_very_low_pts"": 8.0, ""liq_penalty_low_eok"": 10.0, ""liq_penalty_low_pts"": 4.0, ""time_stop_days"": 7, ""time_stop_min_move_pct"": 2.0, ""time_stop_extend_if_profit"": true, ""config_version"": ""2.0.0"", ""_snapshot_ts"": ""2026-03-04T16:47:26.891632""}",2.0.0
118,125490,한라캐스트,KOSDAQ,자동차·모빌리티,13290,221.3,0.0,0,,NEUTRAL,NEUTRAL,False,False,False,21.3,21.3,1.0,9.3,85.8,0.0,16110.0,15620.0,17580.0,17830.0,,-0.39,0.5,18728,95.99,,0,-13.06,25.5,-18.06,자동차 신품 부품 제조업,22130000000.0,32.7,42.32,0,0,-8.88,-6.72,-19.21,-14.99,15.32,250.22,,,,0.248,0.08,1,12.0,0,0,3.23,0.0,v1_sl_first_gap_at_open,3.04,5.0,3.0,SWING+PM_BLOCK_INTRADAY+EST_MCAP+EF:정상,enter,100.0,0,-1,20112.0,-13.98,0.1051,False,X,▲,16953,▼,X,X,0,0,0,0.0,자동차 신품 부품 제조업,-1.2149999999999999,,,85.8,8.384098415864386,8.384098415864386,4,1,mean_revert,7.9,5.0,20260303,20260303,21.3,21.3,21.3,,,0.3,,True,0,,"{""lookback_days"": 250, ""bench_lookback_days"": 60, ""top_n"": 600, ""min_turnover_eok"": 50, ""min_mcap_eok"": 1000, ""max_workers"": 4, ""pass_ebs"": 4, ""cache_format"": ""parquet"", ""rsi_low"": 45.0, ""rsi_high"": 65.0, ""rsi_overheat"": 75.0, ""bb_period"": 20, ""bb_std"": 2.0, ""bb_squeeze_bw"": 10.0, ""kc_period"": 20, ""kc_atr_period"": 20, ""kc_mult"": 1.5, ""bonus_bb_squeeze_score"": 3.0, ""bonus_bb_squeeze_entry"": 4.0, ""trigger_dist_wick_high"": 0.35, ""trigger_dist_wick_mid"": 0.25, ""trigger_ret_pct_dist"": 5.0, ""trigger_ret_pct_weak"": 3.0, ""trigger_range_pos_weak"": 0.6, ""trigger_vol_ratio_spike"": 3.0, ""mtf_struct_bonus"": 10.0, ""mtf_struct_penalty"": 15.0, ""mtf_min_weekly_bars"": 26, ""mtf_min_monthly_bars"": 12, ""w_rr"": 0.25, ""w_t1"": 0.18, ""w_sl"": 0.12, ""w_near"": 0.12, ""w_mom"": 0.1, ""w_liq"": 0.13, ""w_tec"": 0.1, ""w_sector"": 0.05, ""p_overheat_5d"": 6.0, ""p_overheat_10d"": 6.0, ""p_rsi_out"": 4.0, ""p_macd_neg"": 4.0, ""p_near_far"": 4.0, ""p_liq_low"": 4.0, ""p_vol_spike"": 2.0, ""p_big_sl"": 3.0, ""fx_caution"": 1470.0, ""fx_critical"": 1490.0, ""nasdaq_caution"": -1.5, ""nasdaq_critical"": -2.5, ""rec_limit_default"": 5, ""rec_limit_caution"": 3, ""ml_low"": 5.0, ""ml_high"": 25.0, ""ml_max_weight"": 0.2, ""ml_cov_gate"": 0.2, ""trim_pct"": 0.1, ""ebs_pass_threshold"": 3, ""macro_weights"": {""CRITICAL"": [0.55, 0.25], ""HIGH"": [0.5, 0.3], ""NORMAL"": [0.4, 0.4]}, ""slippage_base_bps"": 10.0, ""slippage_low_liq_mult"": 3.0, ""slippage_liq_threshold_eok"": 20.0, ""liq_penalty_very_low_eok"": 5.0, ""liq_penalty_very_low_pts"": 8.0, ""liq_penalty_low_eok"": 10.0, ""liq_penalty_low_pts"": 4.0, ""time_stop_days"": 7, ""time_stop_min_move_pct"": 2.0, ""time_stop_extend_if_profit"": true, ""config_version"": ""2.0.0"", ""_snapshot_ts"": ""2026-03-04T16:47:26.891632""}",2.0.0
119,321370,센서뷰,KOSDAQ,IT/전기전자,1800,108.62,0.0,0,,NEUTRAL,NEUTRAL,False,False,False,21.3,21.3,4.9,39.3,18.0,0.0,2010.0,1939.0,2225.0,2260.0,,0.13,1.12,2620,40.28,,0,-33.48,23.3,-33.72,전자부품 제조업,10862000000.0,43.1,85.99,0,0,-5.41,-9.26,-34.95,-46.47,109.38,49.55,,,,0.704,0.169,1,12.0,0,0,2.33,0.0,v1_sl_first_gap_at_open,3.53,5.0,3.0,SWING+PM_BLOCK_INTRADAY+EST_MCAP+EF:정상,enter,100.0,0,-1,3213.8,-23.31,0.2572,True,O,▲,2043,▼,X,X,0,0,0,0.0,전자부품 제조업,-4.951904761904761,,,18.0,35.38264399556199,35.38264399556199,4,1,mean_revert,22.4,5.0,20260303,20260303,21.3,21.3,21.3,,,0.3,,True,0,,"{""lookback_days"": 250, ""bench_lookback_days"": 60, ""top_n"": 600, ""min_turnover_eok"": 50, ""min_mcap_eok"": 1000, ""max_workers"": 4, ""pass_ebs"": 4, ""cache_format"": ""parquet"", ""rsi_low"": 45.0, ""rsi_high"": 65.0, ""rsi_overheat"": 75.0, ""bb_period"": 20, ""bb_std"": 2.0, ""bb_squeeze_bw"": 10.0, ""kc_period"": 20, ""kc_atr_period"": 20, ""kc_mult"": 1.5, ""bonus_bb_squeeze_score"": 3.0, ""bonus_bb_squeeze_entry"": 4.0, ""trigger_dist_wick_high"": 0.35, ""trigger_dist_wick_mid"": 0.25, ""trigger_ret_pct_dist"": 5.0, ""trigger_ret_pct_weak"": 3.0, ""trigger_range_pos_weak"": 0.6, ""trigger_vol_ratio_spike"": 3.0, ""mtf_struct_bonus"": 10.0, ""mtf_struct_penalty"": 15.0, ""mtf_min_weekly_bars"": 26, ""mtf_min_monthly_bars"": 12, ""w_rr"": 0.25, ""w_t1"": 0.18, ""w_sl"": 0.12, ""w_near"": 0.12, ""w_mom"": 0.1, ""w_liq"": 0.13, ""w_tec"": 0.1, ""w_sector"": 0.05, ""p_overheat_5d"": 6.0, ""p_overheat_10d"": 6.0, ""p_rsi_out"": 4.0, ""p_macd_neg"": 4.0, ""p_near_far"": 4.0, ""p_liq_low"": 4.0, ""p_vol_spike"": 2.0, ""p_big_sl"": 3.0, ""fx_caution"": 1470.0, ""fx_critical"": 1490.0, ""nasdaq_caution"": -1.5, ""nasdaq_critical"": -2.5, ""rec_limit_default"": 5, ""rec_limit_caution"": 3, ""ml_low"": 5.0, ""ml_high"": 25.0, ""ml_max_weight"": 0.2, ""ml_cov_gate"": 0.2, ""trim_pct"": 0.1, ""ebs_pass_threshold"": 3, ""macro_weights"": {""CRITICAL"": [0.55, 0.25], ""HIGH"": [0.5, 0.3], ""NORMAL"": [0.4, 0.4]}, ""slippage_base_bps"": 10.0, ""slippage_low_liq_mult"": 3.0, ""slippage_liq_threshold_eok"": 20.0, ""liq_penalty_very_low_eok"": 5.0, ""liq_penalty_very_low_pts"": 8.0, ""liq_penalty_low_eok"": 10.0, ""liq_penalty_low_pts"": 4.0, ""time_stop_days"": 7, ""time_stop_min_move_pct"": 2.0, ""time_stop_extend_if_profit"": true, ""config_version"": ""2.0.0"", ""_snapshot_ts"": ""2026-03-04T16:47:26.891632""}",2.0.0
120,199430,케이엔알시스템,KOSDAQ,기타,23900,55.89,0.0,0,,NEUTRAL,NEUTRAL,False,False,False,21.3,21.3,9.1,27.9,32.3,0.0,30200.0,28650.0,34850.0,35650.0,,-1.22,0.91,30264,124.05,,2,-0.68,42.5,-9.36,"측정, 시험, 항해, 제어 및 기타 정밀기기 제조업; 광학기기 제외",5589000000.0,56.0,24.09,0,0,-9.45,-12.72,-4.28,-13.96,24.79,196.37,,,,0.139,0.088,1,12.0,1,0,1.83,0.1,v1_sl_first_gap_at_open,5.13,5.0,3.0,NORMAL+PM_BLOCK_INTRADAY+EST_MCAP+EF:정상,enter,100.0,0,1,28490.0,-0.21,-0.1984,True,O,▲,34328,▼,X,X,0,0,0,0.0,"측정, 시험, 항해, 제어 및 기타 정밀기기 제조업; 광학기기 제외",0.5794594594594594,,,32.3,18.433556940168817,18.433556940168817,2,0,default,default,default,20260303,20260303,21.3,21.3,21.3,,,0.3,,True,0,,"{""lookback_days"": 250, ""bench_lookback_days"": 60, ""top_n"": 600, ""min_turnover_eok"": 50, ""min_mcap_eok"": 1000, ""max_workers"": 4, ""pass_ebs"": 4, ""cache_format"": ""parquet"", ""rsi_low"": 45.0, ""rsi_high"": 65.0, ""rsi_overheat"": 75.0, ""bb_period"": 20, ""bb_std"": 2.0, ""bb_squeeze_bw"": 10.0, ""kc_period"": 20, ""kc_atr_period"": 20, ""kc_mult"": 1.5, ""bonus_bb_squeeze_score"": 3.0, ""bonus_bb_squeeze_entry"": 4.0, ""trigger_dist_wick_high"": 0.35, ""trigger_dist_wick_mid"": 0.25, ""trigger_ret_pct_dist"": 5.0, ""trigger_ret_pct_weak"": 3.0, ""trigger_range_pos_weak"": 0.6, ""trigger_vol_ratio_spike"": 3.0, ""mtf_struct_bonus"": 10.0, ""mtf_struct_penalty"": 15.0, ""mtf_min_weekly_bars"": 26, ""mtf_min_monthly_bars"": 12, ""w_rr"": 0.25, ""w_t1"": 0.18, ""w_sl"": 0.12, ""w_near"": 0.12, ""w_mom"": 0.1, ""w_liq"": 0.13, ""w_tec"": 0.1, ""w_sector"": 0.05, ""p_overheat_5d"": 6.0, ""p_overheat_10d"": 6.0, ""p_rsi_out"": 4.0, ""p_macd_neg"": 4.0, ""p_near_far"": 4.0, ""p_liq_low"": 4.0, ""p_vol_spike"": 2.0, ""p_big_sl"": 3.0, ""fx_caution"": 1470.0, ""fx_critical"": 1490.0, ""nasdaq_caution"": -1.5, ""nasdaq_critical"": -2.5, ""rec_limit_default"": 5, ""rec_limit_caution"": 3, ""ml_low"": 5.0, ""ml_high"": 25.0, ""ml_max_weight"": 0.2, ""ml_cov_gate"": 0.2, ""trim_pct"": 0.1, ""ebs_pass_threshold"": 3, ""macro_weights"": {""CRITICAL"": [0.55, 0.25], ""HIGH"": [0.5, 0.3], ""NORMAL"": [0.4, 0.4]}, ""slippage_base_bps"": 10.0, ""slippage_low_liq_mult"": 3.0, ""slippage_liq_threshold_eok"": 20.0, ""liq_penalty_very_low_eok"": 5.0, ""liq_penalty_very_low_pts"": 8.0, ""liq_penalty_low_eok"": 10.0, ""liq_penalty_low_pts"": 4.0, ""time_stop_days"": 7, ""time_stop_min_move_pct"": 2.0, ""time_stop_extend_if_profit"": true, ""config_version"": ""2.0.0"", ""_snapshot_ts"": ""2026-03-04T16:47:26.891632""}",2.0.0
121,348340,뉴로메카,KOSDAQ,조선·기계·설비,63900,784.09,0.0,0,,NEUTRAL,NEUTRAL,False,False,False,21.2,21.2,0.0,34.1,38.0,0.0,77000.0,73900.0,86300.0,87900.0,,0.44,1.14,79774,132.52,,0,-7.14,29.6,-9.93,특수 목적용 기계 제조업,78409000000.0,17.6,29.56,0,0,-5.75,1.18,-7.89,-19.54,185.19,246.85,,,,0.397,0.118,1,12.0,0,0,1.19,0.05,v1_sl_first_gap_at_open,4.03,4.0,3.0,NORMAL+PM_BLOCK_INTRADAY+EST_MCAP+EF:정상,enter,100.0,0,-1,99110.0,-3.48,0.2973,True,O,▲,77975,▼,X,X,0,0,0,0.0,특수 목적용 기계 제조업,-1.14,,,38.0,30.648156701409814,30.648156701409814,4,1,default,default,default,20260303,20260303,21.2,21.2,21.2,,,0.3,,True,0,,"{""lookback_days"": 250, ""bench_lookback_days"": 60, ""top_n"": 600, ""min_turnover_eok"": 50, ""min_mcap_eok"": 1000, ""max_workers"": 4, ""pass_ebs"": 4, ""cache_format"": ""parquet"", ""rsi_low"": 45.0, ""rsi_high"": 65.0, ""rsi_overheat"": 75.0, ""bb_period"": 20, ""bb_std"": 2.0, ""bb_squeeze_bw"": 10.0, ""kc_period"": 20, ""kc_atr_period"": 20, ""kc_mult"": 1.5, ""bonus_bb_squeeze_score"": 3.0, ""bonus_bb_squeeze_entry"": 4.0, ""trigger_dist_wick_high"": 0.35, ""trigger_dist_wick_mid"": 0.25, ""trigger_ret_pct_dist"": 5.0, ""trigger_ret_pct_weak"": 3.0, ""trigger_range_pos_weak"": 0.6, ""trigger_vol_ratio_spike"": 3.0, ""mtf_struct_bonus"": 10.0, ""mtf_struct_penalty"": 15.0, ""mtf_min_weekly_bars"": 26, ""mtf_min_monthly_bars"": 12, ""w_rr"": 0.25, ""w_t1"": 0.18, ""w_sl"": 0.12, ""w_near"": 0.12, ""w_mom"": 0.1, ""w_liq"": 0.13, ""w_tec"": 0.1, ""w_sector"": 0.05, ""p_overheat_5d"": 6.0, ""p_overheat_10d"": 6.0, ""p_rsi_out"": 4.0, ""p_macd_neg"": 4.0, ""p_near_far"": 4.0, ""p_liq_low"": 4.0, ""p_vol_spike"": 2.0, ""p_big_sl"": 3.0, ""fx_caution"": 1470.0, ""fx_critical"": 1490.0, ""nasdaq_caution"": -1.5, ""nasdaq_critical"": -2.5, ""rec_limit_default"": 5, ""rec_limit_caution"": 3, ""ml_low"": 5.0, ""ml_high"": 25.0, ""ml_max_weight"": 0.2, ""ml_cov_gate"": 0.2, ""trim_pct"": 0.1, ""ebs_pass_threshold"": 3, ""macro_weights"": {""CRITICAL"": [0.55, 0.25], ""HIGH"": [0.5, 0.3], ""NORMAL"": [0.4, 0.4]}, ""slippage_base_bps"": 10.0, ""slippage_low_liq_mult"": 3.0, ""slippage_liq_threshold_eok"": 20.0, ""liq_penalty_very_low_eok"": 5.0, ""liq_penalty_very_low_pts"": 8.0, ""liq_penalty_low_eok"": 10.0, ""liq_penalty_low_pts"": 4.0, ""time_stop_days"": 7, ""time_stop_min_move_pct"": 2.0, ""time_stop_extend_if_profit"": true, ""config_version"": ""2.0.0"", ""_snapshot_ts"": ""2026-03-04T16:47:26.891632""}",2.0.0
122,376300,디어유,KOSDAQ,IT/전기전자,32050,68.55,0.0,0,,WAIT,WAIT,False,False,True,20.3,20.3,35.2,0.0,30.9,0.0,36200.0,35100.0,39500.0,40050.0,,-2.27,0.66,38153,-13.63,,0,2.7,26.1,-9.91,소프트웨어 개발 및 공급업,6855000000.0,32.2,25.65,0,0,-5.73,-12.77,-14.32,-5.97,6.94,-26.79,,,,0.763,0.397,0,10.8,0,0,1.76,0.09,v1_sl_first_gap_at_open,3.04,5.0,3.0,SWING+PM_BLOCK_INTRADAY+EST_MCAP+EF:정상,enter,100.0,0,1,35065.0,-5.12,-0.4919,False,X,▼,39825,▼,X,X,0,0,0,0.0,소프트웨어 개발 및 공급업,-4.951904761904761,,,30.9,11.236773423628298,11.236773423628298,4,1,default,default,default,20260303,20260303,20.3,20.3,20.3,,,0.3,,True,0,,"{""lookback_days"": 250, ""bench_lookback_days"": 60, ""top_n"": 600, ""min_turnover_eok"": 50, ""min_mcap_eok"": 1000, ""max_workers"": 4, ""pass_ebs"": 4, ""cache_format"": ""parquet"", ""rsi_low"": 45.0, ""rsi_high"": 65.0, ""rsi_overheat"": 75.0, ""bb_period"": 20, ""bb_std"": 2.0, ""bb_squeeze_bw"": 10.0, ""kc_period"": 20, ""kc_atr_period"": 20, ""kc_mult"": 1.5, ""bonus_bb_squeeze_score"": 3.0, ""bonus_bb_squeeze_entry"": 4.0, ""trigger_dist_wick_high"": 0.35, ""trigger_dist_wick_mid"": 0.25, ""trigger_ret_pct_dist"": 5.0, ""trigger_ret_pct_weak"": 3.0, ""trigger_range_pos_weak"": 0.6, ""trigger_vol_ratio_spike"": 3.0, ""mtf_struct_bonus"": 10.0, ""mtf_struct_penalty"": 15.0, ""mtf_min_weekly_bars"": 26, ""mtf_min_monthly_bars"": 12, ""w_rr"": 0.25, ""w_t1"": 0.18, ""w_sl"": 0.12, ""w_near"": 0.12, ""w_mom"": 0.1, ""w_liq"": 0.13, ""w_tec"": 0.1, ""w_sector"": 0.05, ""p_overheat_5d"": 6.0, ""p_overheat_10d"": 6.0, ""p_rsi_out"": 4.0, ""p_macd_neg"": 4.0, ""p_near_far"": 4.0, ""p_liq_low"": 4.0, ""p_vol_spike"": 2.0, ""p_big_sl"": 3.0, ""fx_caution"": 1470.0, ""fx_critical"": 1490.0, ""nasdaq_caution"": -1.5, ""nasdaq_critical"": -2.5, ""rec_limit_default"": 5, ""rec_limit_caution"": 3, ""ml_low"": 5.0, ""ml_high"": 25.0, ""ml_max_weight"": 0.2, ""ml_cov_gate"": 0.2, ""trim_pct"": 0.1, ""ebs_pass_threshold"": 3, ""macro_weights"": {""CRITICAL"": [0.55, 0.25], ""HIGH"": [0.5, 0.3], ""NORMAL"": [0.4, 0.4]}, ""slippage_base_bps"": 10.0, ""slippage_low_liq_mult"": 3.0, ""slippage_liq_threshold_eok"": 20.0, ""liq_penalty_very_low_eok"": 5.0, ""liq_penalty_very_low_pts"": 8.0, ""liq_penalty_low_eok"": 10.0, ""liq_penalty_low_pts"": 4.0, ""time_stop_days"": 7, ""time_stop_min_move_pct"": 2.0, ""time_stop_extend_if_profit"": true, ""config_version"": ""2.0.0"", ""_snapshot_ts"": ""2026-03-04T16:47:26.891632""}",2.0.0
123,455900,엔젤로보틱스,KOSDAQ,조선·기계·설비,25450,65.16,0.0,0,,NEUTRAL,NEUTRAL,False,False,False,20.0,20.0,0.0,13.2,73.7,0.0,30800.0,29850.0,33650.0,34150.0,,-1.35,1.18,34952,-12.83,,0,-4.94,32.6,-11.93,특수 목적용 기계 제조업,6516000000.0,45.8,17.38,0,0,-10.6,-7.78,-11.75,-19.37,-1.28,45.28,,,,0.586,0.317,0,11.7,0,0,1.5,0.0,v1_sl_first_gap_at_open,3.08,5.0,3.0,SWING+PM_BLOCK_INTRADAY+EST_MCAP+EF:정상,enter,100.0,0,-1,37505.0,-11.88,0.0106,False,X,▲,33977,▼,X,X,0,0,0,0.0,특수 목적용 기계 제조업,-1.14,,,73.7,29.835133885430984,29.835133885430984,4,1,mean_revert,6.3,5.0,20260303,20260303,20.0,20.0,20.0,,,0.3,,True,0,,"{""lookback_days"": 250, ""bench_lookback_days"": 60, ""top_n"": 600, ""min_turnover_eok"": 50, ""min_mcap_eok"": 1000, ""max_workers"": 4, ""pass_ebs"": 4, ""cache_format"": ""parquet"", ""rsi_low"": 45.0, ""rsi_high"": 65.0, ""rsi_overheat"": 75.0, ""bb_period"": 20, ""bb_std"": 2.0, ""bb_squeeze_bw"": 10.0, ""kc_period"": 20, ""kc_atr_period"": 20, ""kc_mult"": 1.5, ""bonus_bb_squeeze_score"": 3.0, ""bonus_bb_squeeze_entry"": 4.0, ""trigger_dist_wick_high"": 0.35, ""trigger_dist_wick_mid"": 0.25, ""trigger_ret_pct_dist"": 5.0, ""trigger_ret_pct_weak"": 3.0, ""trigger_range_pos_weak"": 0.6, ""trigger_vol_ratio_spike"": 3.0, ""mtf_struct_bonus"": 10.0, ""mtf_struct_penalty"": 15.0, ""mtf_min_weekly_bars"": 26, ""mtf_min_monthly_bars"": 12, ""w_rr"": 0.25, ""w_t1"": 0.18, ""w_sl"": 0.12, ""w_near"": 0.12, ""w_mom"": 0.1, ""w_liq"": 0.13, ""w_tec"": 0.1, ""w_sector"": 0.05, ""p_overheat_5d"": 6.0, ""p_overheat_10d"": 6.0, ""p_rsi_out"": 4.0, ""p_macd_neg"": 4.0, ""p_near_far"": 4.0, ""p_liq_low"": 4.0, ""p_vol_spike"": 2.0, ""p_big_sl"": 3.0, ""fx_caution"": 1470.0, ""fx_critical"": 1490.0, ""nasdaq_caution"": -1.5, ""nasdaq_critical"": -2.5, ""rec_limit_default"": 5, ""rec_limit_caution"": 3, ""ml_low"": 5.0, ""ml_high"": 25.0, ""ml_max_weight"": 0.2, ""ml_cov_gate"": 0.2, ""trim_pct"": 0.1, ""ebs_pass_threshold"": 3, ""macro_weights"": {""CRITICAL"": [0.55, 0.25], ""HIGH"": [0.5, 0.3], ""NORMAL"": [0.4, 0.4]}, ""slippage_base_bps"": 10.0, ""slippage_low_liq_mult"": 3.0, ""slippage_liq_threshold_eok"": 20.0, ""liq_penalty_very_low_eok"": 5.0, ""liq_penalty_very_low_pts"": 8.0, ""liq_penalty_low_eok"": 10.0, ""liq_penalty_low_pts"": 4.0, ""time_stop_days"": 7, ""time_stop_min_move_pct"": 2.0, ""time_stop_extend_if_profit"": true, ""config_version"": ""2.0.0"", ""_snapshot_ts"": ""2026-03-04T16:47:26.891632""}",2.0.0
124,302440,SK바이오사이언스,KOSPI,기타,41150,114.54,0.0,0,,NEUTRAL,NEUTRAL,False,False,False,19.5,19.5,0.0,29.4,38.7,0.0,46100.0,44700.0,49600.0,50300.0,,-2.62,1.54,50061,-5.89,,2,-2.64,36.8,-7.13,기초 의약물질 제조업,11454000000.0,36.3,9.13,0,1,-5.82,-7.8,-8.17,-10.49,-15.88,-2.43,,,,0.996,0.193,0,6.0,0,1,1.01,0.0,v1_sl_first_gap_at_open,3.04,5.0,2.5,SWING+PM_BLOCK_INTRADAY+EST_MCAP+EF:정상,enter,100.0,0,-1,50755.0,-7.91,-0.1629,False,X,▼,49595,▼,X,X,0,0,0,0.0,기초 의약물질 제조업,0.5794594594594594,,,38.7,40.0,40.0,2,0,default,default,default,20260303,20260303,19.5,19.5,19.5,,,0.3,,True,0,,"{""lookback_days"": 250, ""bench_lookback_days"": 60, ""top_n"": 600, ""min_turnover_eok"": 50, ""min_mcap_eok"": 1000, ""max_workers"": 4, ""pass_ebs"": 4, ""cache_format"": ""parquet"", ""rsi_low"": 45.0, ""rsi_high"": 65.0, ""rsi_overheat"": 75.0, ""bb_period"": 20, ""bb_std"": 2.0, ""bb_squeeze_bw"": 10.0, ""kc_period"": 20, ""kc_atr_period"": 20, ""kc_mult"": 1.5, ""bonus_bb_squeeze_score"": 3.0, ""bonus_bb_squeeze_entry"": 4.0, ""trigger_dist_wick_high"": 0.35, ""trigger_dist_wick_mid"": 0.25, ""trigger_ret_pct_dist"": 5.0, ""trigger_ret_pct_weak"": 3.0, ""trigger_range_pos_weak"": 0.6, ""trigger_vol_ratio_spike"": 3.0, ""mtf_struct_bonus"": 10.0, ""mtf_struct_penalty"": 15.0, ""mtf_min_weekly_bars"": 26, ""mtf_min_monthly_bars"": 12, ""w_rr"": 0.25, ""w_t1"": 0.18, ""w_sl"": 0.12, ""w_near"": 0.12, ""w_mom"": 0.1, ""w_liq"": 0.13, ""w_tec"": 0.1, ""w_sector"": 0.05, ""p_overheat_5d"": 6.0, ""p_overheat_10d"": 6.0, ""p_rsi_out"": 4.0, ""p_macd_neg"": 4.0, ""p_near_far"": 4.0, ""p_liq_low"": 4.0, ""p_vol_spike"": 2.0, ""p_big_sl"": 3.0, ""fx_caution"": 1470.0, ""fx_critical"": 1490.0, ""nasdaq_caution"": -1.5, ""nasdaq_critical"": -2.5, ""rec_limit_default"": 5, ""rec_limit_caution"": 3, ""ml_low"": 5.0, ""ml_high"": 25.0, ""ml_max_weight"": 0.2, ""ml_cov_gate"": 0.2, ""trim_pct"": 0.1, ""ebs_pass_threshold"": 3, ""macro_weights"": {""CRITICAL"": [0.55, 0.25], ""HIGH"": [0.5, 0.3], ""NORMAL"": [0.4, 0.4]}, ""slippage_base_bps"": 10.0, ""slippage_low_liq_mult"": 3.0, ""slippage_liq_threshold_eok"": 20.0, ""liq_penalty_very_low_eok"": 5.0, ""liq_penalty_very_low_pts"": 8.0, ""liq_penalty_low_eok"": 10.0, ""liq_penalty_low_pts"": 4.0, ""time_stop_days"": 7, ""time_stop_min_move_pct"": 2.0, ""time_stop_extend_if_profit"": true, ""config_version"": ""2.0.0"", ""_snapshot_ts"": ""2026-03-04T16:47:26.891632""}",2.0.0
125,464080,에스오에스랩,KOSDAQ,기타,14040,178.62,0.0,0,,NEUTRAL,NEUTRAL,False,False,False,18.8,18.8,9.3,22.9,29.7,0.0,17000.0,16490.0,18530.0,18790.0,,0.77,0.83,18275,50.52,,0,-5.56,38.1,-14.22,"측정, 시험, 항해, 제어 및 기타 정밀기기 제조업; 광학기기 제외",17862000000.0,54.8,40.26,0,0,-12.46,-3.57,-14.91,-33.98,75.62,67.49,,,,0.567,0.228,1,12.0,0,0,2.39,0.0,v1_sl_first_gap_at_open,3.0,5.0,3.0,SWING+PM_BLOCK_INTRADAY+EST_MCAP+EF:정상,enter,100.0,0,-1,21988.0,-6.98,0.4871,False,O,▲,18208,▲,X,X,0,0,0,0.0,"측정, 시험, 항해, 제어 및 기타 정밀기기 제조업; 광학기기 제외",0.5794594594594594,,,29.7,20.57870161325492,20.57870161325492,4,1,default,default,default,20260303,20260303,18.8,18.8,18.8,,,0.3,,True,0,,"{""lookback_days"": 250, ""bench_lookback_days"": 60, ""top_n"": 600, ""min_turnover_eok"": 50, ""min_mcap_eok"": 1000, ""max_workers"": 4, ""pass_ebs"": 4, ""cache_format"": ""parquet"", ""rsi_low"": 45.0, ""rsi_high"": 65.0, ""rsi_overheat"": 75.0, ""bb_period"": 20, ""bb_std"": 2.0, ""bb_squeeze_bw"": 10.0, ""kc_period"": 20, ""kc_atr_period"": 20, ""kc_mult"": 1.5, ""bonus_bb_squeeze_score"": 3.0, ""bonus_bb_squeeze_entry"": 4.0, ""trigger_dist_wick_high"": 0.35, ""trigger_dist_wick_mid"": 0.25, ""trigger_ret_pct_dist"": 5.0, ""trigger_ret_pct_weak"": 3.0, ""trigger_range_pos_weak"": 0.6, ""trigger_vol_ratio_spike"": 3.0, ""mtf_struct_bonus"": 10.0, ""mtf_struct_penalty"": 15.0, ""mtf_min_weekly_bars"": 26, ""mtf_min_monthly_bars"": 12, ""w_rr"": 0.25, ""w_t1"": 0.18, ""w_sl"": 0.12, ""w_near"": 0.12, ""w_mom"": 0.1, ""w_liq"": 0.13, ""w_tec"": 0.1, ""w_sector"": 0.05, ""p_overheat_5d"": 6.0, ""p_overheat_10d"": 6.0, ""p_rsi_out"": 4.0, ""p_macd_neg"": 4.0, ""p_near_far"": 4.0, ""p_liq_low"": 4.0, ""p_vol_spike"": 2.0, ""p_big_sl"": 3.0, ""fx_caution"": 1470.0, ""fx_critical"": 1490.0, ""nasdaq_caution"": -1.5, ""nasdaq_critical"": -2.5, ""rec_limit_default"": 5, ""rec_limit_caution"": 3, ""ml_low"": 5.0, ""ml_high"": 25.0, ""ml_max_weight"": 0.2, ""ml_cov_gate"": 0.2, ""trim_pct"": 0.1, ""ebs_pass_threshold"": 3, ""macro_weights"": {""CRITICAL"": [0.55, 0.25], ""HIGH"": [0.5, 0.3], ""NORMAL"": [0.4, 0.4]}, ""slippage_base_bps"": 10.0, ""slippage_low_liq_mult"": 3.0, ""slippage_liq_threshold_eok"": 20.0, ""liq_penalty_very_low_eok"": 5.0, ""liq_penalty_very_low_pts"": 8.0, ""liq_penalty_low_eok"": 10.0, ""liq_penalty_low_pts"": 4.0, ""time_stop_days"": 7, ""time_stop_min_move_pct"": 2.0, ""time_stop_extend_if_profit"": true, ""config_version"": ""2.0.0"", ""_snapshot_ts"": ""2026-03-04T16:47:26.891632""}",2.0.0
126,462350,이노스페이스,KOSDAQ,기타,14010,148.04,0.0,0,,NEUTRAL,NEUTRAL,False,False,False,15.2,15.2,1.9,26.7,18.9,0.0,16930.0,16420.0,18460.0,18720.0,,-2.13,0.82,17787,30.8,,0,-10.42,17.2,-17.35,"항공기,우주선 및 부품 제조업",14804000000.0,35.0,37.63,0,0,-7.03,-10.42,-15.77,-16.19,56.04,89.06,,,,0.498,0.048,1,12.0,0,0,3.2,0.0,v1_sl_first_gap_at_open,3.01,5.0,3.0,SWING+PM_BLOCK_INTRADAY+EST_MCAP+EF:정상,enter,100.0,0,1,16902.0,-4.82,-0.0198,False,O,▲,18056,▼,X,X,0,0,0,0.0,"항공기,우주선 및 부품 제조업",0.5794594594594594,,,18.9,19.549937138324378,19.549937138324378,2,0,default,default,default,20260303,20260303,15.2,15.2,15.2,,,0.3,,True,0,,"{""lookback_days"": 250, ""bench_lookback_days"": 60, ""top_n"": 600, ""min_turnover_eok"": 50, ""min_mcap_eok"": 1000, ""max_workers"": 4, ""pass_ebs"": 4, ""cache_format"": ""parquet"", ""rsi_low"": 45.0, ""rsi_high"": 65.0, ""rsi_overheat"": 75.0, ""bb_period"": 20, ""bb_std"": 2.0, ""bb_squeeze_bw"": 10.0, ""kc_period"": 20, ""kc_atr_period"": 20, ""kc_mult"": 1.5, ""bonus_bb_squeeze_score"": 3.0, ""bonus_bb_squeeze_entry"": 4.0, ""trigger_dist_wick_high"": 0.35, ""trigger_dist_wick_mid"": 0.25, ""trigger_ret_pct_dist"": 5.0, ""trigger_ret_pct_weak"": 3.0, ""trigger_range_pos_weak"": 0.6, ""trigger_vol_ratio_spike"": 3.0, ""mtf_struct_bonus"": 10.0, ""mtf_struct_penalty"": 15.0, ""mtf_min_weekly_bars"": 26, ""mtf_min_monthly_bars"": 12, ""w_rr"": 0.25, ""w_t1"": 0.18, ""w_sl"": 0.12, ""w_near"": 0.12, ""w_mom"": 0.1, ""w_liq"": 0.13, ""w_tec"": 0.1, ""w_sector"": 0.05, ""p_overheat_5d"": 6.0, ""p_overheat_10d"": 6.0, ""p_rsi_out"": 4.0, ""p_macd_neg"": 4.0, ""p_near_far"": 4.0, ""p_liq_low"": 4.0, ""p_vol_spike"": 2.0, ""p_big_sl"": 3.0, ""fx_caution"": 1470.0, ""fx_critical"": 1490.0, ""nasdaq_caution"": -1.5, ""nasdaq_critical"": -2.5, ""rec_limit_default"": 5, ""rec_limit_caution"": 3, ""ml_low"": 5.0, ""ml_high"": 25.0, ""ml_max_weight"": 0.2, ""ml_cov_gate"": 0.2, ""trim_pct"": 0.1, ""ebs_pass_threshold"": 3, ""macro_weights"": {""CRITICAL"": [0.55, 0.25], ""HIGH"": [0.5, 0.3], ""NORMAL"": [0.4, 0.4]}, ""slippage_base_bps"": 10.0, ""slippage_low_liq_mult"": 3.0, ""slippage_liq_threshold_eok"": 20.0, ""liq_penalty_very_low_eok"": 5.0, ""liq_penalty_very_low_pts"": 8.0, ""liq_penalty_low_eok"": 10.0, ""liq_penalty_low_pts"": 4.0, ""time_stop_days"": 7, ""time_stop_min_move_pct"": 2.0, ""time_stop_extend_if_profit"": true, ""config_version"": ""2.0.0"", ""_snapshot_ts"": ""2026-03-04T16:47:26.891632""}",2.0.0
127,348370,엔켐,KOSDAQ,화학·소재,55900,441.24,0.0,0,,NEUTRAL,NEUTRAL,False,False,False,14.2,14.2,0.0,15.6,39.7,0.0,65100.0,62800.0,72000.0,73200.0,,-2.19,1.7,76000,-22.42,,0,-12.08,35.8,-18.39,기초 화학물질 제조업,44124000000.0,32.1,30.76,0,0,-14.34,-14.45,-16.0,-26.44,-14.34,-13.08,,,,0.843,0.23,0,12.0,0,0,1.43,0.01,v1_sl_first_gap_at_open,3.53,5.0,3.0,SWING+PM_BLOCK_INTRADAY+EST_MCAP+EF:정상,enter,100.0,0,-1,83720.0,-14.34,-0.2157,True,X,▼,75243,▼,X,X,0,0,0,0.0,기초 화학물질 제조업,-2.4749999999999996,,,39.7,32.03129904234673,32.03129904234673,2,0,default,default,default,20260303,20260303,14.2,14.2,14.2,,,0.3,,True,0,,"{""lookback_days"": 250, ""bench_lookback_days"": 60, ""top_n"": 600, ""min_turnover_eok"": 50, ""min_mcap_eok"": 1000, ""max_workers"": 4, ""pass_ebs"": 4, ""cache_format"": ""parquet"", ""rsi_low"": 45.0, ""rsi_high"": 65.0, ""rsi_overheat"": 75.0, ""bb_period"": 20, ""bb_std"": 2.0, ""bb_squeeze_bw"": 10.0, ""kc_period"": 20, ""kc_atr_period"": 20, ""kc_mult"": 1.5, ""bonus_bb_squeeze_score"": 3.0, ""bonus_bb_squeeze_entry"": 4.0, ""trigger_dist_wick_high"": 0.35, ""trigger_dist_wick_mid"": 0.25, ""trigger_ret_pct_dist"": 5.0, ""trigger_ret_pct_weak"": 3.0, ""trigger_range_pos_weak"": 0.6, ""trigger_vol_ratio_spike"": 3.0, ""mtf_struct_bonus"": 10.0, ""mtf_struct_penalty"": 15.0, ""mtf_min_weekly_bars"": 26, ""mtf_min_monthly_bars"": 12, ""w_rr"": 0.25, ""w_t1"": 0.18, ""w_sl"": 0.12, ""w_near"": 0.12, ""w_mom"": 0.1, ""w_liq"": 0.13, ""w_tec"": 0.1, ""w_sector"": 0.05, ""p_overheat_5d"": 6.0, ""p_overheat_10d"": 6.0, ""p_rsi_out"": 4.0, ""p_macd_neg"": 4.0, ""p_near_far"": 4.0, ""p_liq_low"": 4.0, ""p_vol_spike"": 2.0, ""p_big_sl"": 3.0, ""fx_caution"": 1470.0, ""fx_critical"": 1490.0, ""nasdaq_caution"": -1.5, ""nasdaq_critical"": -2.5, ""rec_limit_default"": 5, ""rec_limit_caution"": 3, ""ml_low"": 5.0, ""ml_high"": 25.0, ""ml_max_weight"": 0.2, ""ml_cov_gate"": 0.2, ""trim_pct"": 0.1, ""ebs_pass_threshold"": 3, ""macro_weights"": {""CRITICAL"": [0.55, 0.25], ""HIGH"": [0.5, 0.3], ""NORMAL"": [0.4, 0.4]}, ""slippage_base_bps"": 10.0, ""slippage_low_liq_mult"": 3.0, ""slippage_liq_threshold_eok"": 20.0, ""liq_penalty_very_low_eok"": 5.0, ""liq_penalty_very_low_pts"": 8.0, ""liq_penalty_low_eok"": 10.0, ""liq_penalty_low_pts"": 4.0, ""time_stop_days"": 7, ""time_stop_min_move_pct"": 2.0, ""time_stop_extend_if_profit"": true, ""config_version"": ""2.0.0"", ""_snapshot_ts"": ""2026-03-04T16:47:26.891632""}",2.0.0
128,474610,RF시스템즈,KOSDAQ,기타,5560,161.73,0.0,0,,WAIT,WAIT,False,False,True,11.7,11.7,17.2,1.7,20.8,0.0,7250.0,6880.0,8360.0,8550.0,,-1.39,3.03,6502,42.16,,0,0.81,37.0,-5.55,기타 금속 가공제품 제조업,16173000000.0,61.6,33.74,0,0,8.78,2.06,-5.06,13.58,73.07,58.09,,,,0.33,0.281,1,12.0,0,0,1.26,0.25,v1_sl_first_gap_at_open,5.1,5.0,3.0,NORMAL+PM_BLOCK_INTRADAY+EST_MCAP+EF:극단갭(12.2%)/급등(8.8%) → 진입 보류+ENTRY:hold,hold,0.0,0,-1,8061.0,6.73,-0.0389,False,O,▲,6535,▼,O,X,0,0,0,0.0,기타 금속 가공제품 제조업,0.5794594594594594,,,20.8,1.5,1.5,4,1,default,default,default,20260303,20260303,11.7,11.7,11.7,,,0.3,,True,0,,"{""lookback_days"": 250, ""bench_lookback_days"": 60, ""top_n"": 600, ""min_turnover_eok"": 50, ""min_mcap_eok"": 1000, ""max_workers"": 4, ""pass_ebs"": 4, ""cache_format"": ""parquet"", ""rsi_low"": 45.0, ""rsi_high"": 65.0, ""rsi_overheat"": 75.0, ""bb_period"": 20, ""bb_std"": 2.0, ""bb_squeeze_bw"": 10.0, ""kc_period"": 20, ""kc_atr_period"": 20, ""kc_mult"": 1.5, ""bonus_bb_squeeze_score"": 3.0, ""bonus_bb_squeeze_entry"": 4.0, ""trigger_dist_wick_high"": 0.35, ""trigger_dist_wick_mid"": 0.25, ""trigger_ret_pct_dist"": 5.0, ""trigger_ret_pct_weak"": 3.0, ""trigger_range_pos_weak"": 0.6, ""trigger_vol_ratio_spike"": 3.0, ""mtf_struct_bonus"": 10.0, ""mtf_struct_penalty"": 15.0, ""mtf_min_weekly_bars"": 26, ""mtf_min_monthly_bars"": 12, ""w_rr"": 0.25, ""w_t1"": 0.18, ""w_sl"": 0.12, ""w_near"": 0.12, ""w_mom"": 0.1, ""w_liq"": 0.13, ""w_tec"": 0.1, ""w_sector"": 0.05, ""p_overheat_5d"": 6.0, ""p_overheat_10d"": 6.0, ""p_rsi_out"": 4.0, ""p_macd_neg"": 4.0, ""p_near_far"": 4.0, ""p_liq_low"": 4.0, ""p_vol_spike"": 2.0, ""p_big_sl"": 3.0, ""fx_caution"": 1470.0, ""fx_critical"": 1490.0, ""nasdaq_caution"": -1.5, ""nasdaq_critical"": -2.5, ""rec_limit_default"": 5, ""rec_limit_caution"": 3, ""ml_low"": 5.0, ""ml_high"": 25.0, ""ml_max_weight"": 0.2, ""ml_cov_gate"": 0.2, ""trim_pct"": 0.1, ""ebs_pass_threshold"": 3, ""macro_weights"": {""CRITICAL"": [0.55, 0.25], ""HIGH"": [0.5, 0.3], ""NORMAL"": [0.4, 0.4]}, ""slippage_base_bps"": 10.0, ""slippage_low_liq_mult"": 3.0, ""slippage_liq_threshold_eok"": 20.0, ""liq_penalty_very_low_eok"": 5.0, ""liq_penalty_very_low_pts"": 8.0, ""liq_penalty_low_eok"": 10.0, ""liq_penalty_low_pts"": 4.0, ""time_stop_days"": 7, ""time_stop_min_move_pct"": 2.0, ""time_stop_extend_if_profit"": true, ""config_version"": ""2.0.0"", ""_snapshot_ts"": ""2026-03-04T16:47:26.891632""}",2.0.0
129,454910,두산로보틱스,KOSPI,조선·기계·설비,83000,498.57,0.0,0,,WAIT,WAIT,False,False,True,10.8,10.8,17.8,0.0,18.5,0.0,98300.0,95200.0,107600.0,109200.0,,0.75,0.51,101982,-7.88,,0,0.2,37.4,-7.35,특수 목적용 기계 제조업,49857000000.0,86.8,20.56,0,0,-7.7,-4.0,-4.84,-18.36,26.84,57.28,,,,0.387,0.253,0,9.8,0,0,2.41,0.01,v1_sl_first_gap_at_open,3.15,5.0,3.0,SWING+PM_BLOCK_INTRADAY+EST_MCAP+EF:정상,enter,100.0,0,1,97740.0,-3.61,0.1802,True,O,▲,104202,▲,X,X,0,0,0,0.0,특수 목적용 기계 제조업,-1.14,,,18.5,8.0,8.0,6,1,default,default,default,20260303,20260303,10.8,10.8,10.8,,,0.3,,True,0,,"{""lookback_days"": 250, ""bench_lookback_days"": 60, ""top_n"": 600, ""min_turnover_eok"": 50, ""min_mcap_eok"": 1000, ""max_workers"": 4, ""pass_ebs"": 4, ""cache_format"": ""parquet"", ""rsi_low"": 45.0, ""rsi_high"": 65.0, ""rsi_overheat"": 75.0, ""bb_period"": 20, ""bb_std"": 2.0, ""bb_squeeze_bw"": 10.0, ""kc_period"": 20, ""kc_atr_period"": 20, ""kc_mult"": 1.5, ""bonus_bb_squeeze_score"": 3.0, ""bonus_bb_squeeze_entry"": 4.0, ""trigger_dist_wick_high"": 0.35, ""trigger_dist_wick_mid"": 0.25, ""trigger_ret_pct_dist"": 5.0, ""trigger_ret_pct_weak"": 3.0, ""trigger_range_pos_weak"": 0.6, ""trigger_vol_ratio_spike"": 3.0, ""mtf_struct_bonus"": 10.0, ""mtf_struct_penalty"": 15.0, ""mtf_min_weekly_bars"": 26, ""mtf_min_monthly_bars"": 12, ""w_rr"": 0.25, ""w_t1"": 0.18, ""w_sl"": 0.12, ""w_near"": 0.12, ""w_mom"": 0.1, ""w_liq"": 0.13, ""w_tec"": 0.1, ""w_sector"": 0.05, ""p_overheat_5d"": 6.0, ""p_overheat_10d"": 6.0, ""p_rsi_out"": 4.0, ""p_macd_neg"": 4.0, ""p_near_far"": 4.0, ""p_liq_low"": 4.0, ""p_vol_spike"": 2.0, ""p_big_sl"": 3.0, ""fx_caution"": 1470.0, ""fx_critical"": 1490.0, ""nasdaq_caution"": -1.5, ""nasdaq_critical"": -2.5, ""rec_limit_default"": 5, ""rec_limit_caution"": 3, ""ml_low"": 5.0, ""ml_high"": 25.0, ""ml_max_weight"": 0.2, ""ml_cov_gate"": 0.2, ""trim_pct"": 0.1, ""ebs_pass_threshold"": 3, ""macro_weights"": {""CRITICAL"": [0.55, 0.25], ""HIGH"": [0.5, 0.3], ""NORMAL"": [0.4, 0.4]}, ""slippage_base_bps"": 10.0, ""slippage_low_liq_mult"": 3.0, ""slippage_liq_threshold_eok"": 20.0, ""liq_penalty_very_low_eok"": 5.0, ""liq_penalty_very_low_pts"": 8.0, ""liq_penalty_low_eok"": 10.0, ""liq_penalty_low_pts"": 4.0, ""time_stop_days"": 7, ""time_stop_min_move_pct"": 2.0, ""time_stop_extend_if_profit"": true, ""config_version"": ""2.0.0"", ""_snapshot_ts"": ""2026-03-04T16:47:26.891632""}",2.0.0
130,160190,하이젠알앤엠,KOSDAQ,인프라·에너지,50300,97.51,0.0,0,,NEUTRAL,NEUTRAL,False,False,False,9.6,9.6,7.1,12.5,8.9,0.0,62800.0,60900.0,68500.0,69500.0,,-0.86,0.97,66322,-2.83,,0,-1.41,39.3,-10.35,"전동기, 발전기 및 전기 변환 · 공급 · 제어 장치 제조업",9751000000.0,53.0,34.89,0,0,-8.99,-3.68,-5.71,-25.86,10.95,82.29,,,,0.258,0.148,0,12.0,0,0,1.88,0.0,v1_sl_first_gap_at_open,3.03,5.0,3.0,SWING+PM_BLOCK_INTRADAY+EST_MCAP+EF:정상,enter,100.0,0,1,61350.0,-5.31,0.1843,False,O,▲,66748,▲,X,X,0,0,0,0.0,"전동기, 발전기 및 전기 변환 · 공급 · 제어 장치 제조업",-2.745,,,8.9,14.454059964216654,14.454059964216654,4,1,default,default,default,20260303,20260303,9.6,9.6,9.6,,,0.3,,True,0,,"{""lookback_days"": 250, ""bench_lookback_days"": 60, ""top_n"": 600, ""min_turnover_eok"": 50, ""min_mcap_eok"": 1000, ""max_workers"": 4, ""pass_ebs"": 4, ""cache_format"": ""parquet"", ""rsi_low"": 45.0, ""rsi_high"": 65.0, ""rsi_overheat"": 75.0, ""bb_period"": 20, ""bb_std"": 2.0, ""bb_squeeze_bw"": 10.0, ""kc_period"": 20, ""kc_atr_period"": 20, ""kc_mult"": 1.5, ""bonus_bb_squeeze_score"": 3.0, ""bonus_bb_squeeze_entry"": 4.0, ""trigger_dist_wick_high"": 0.35, ""trigger_dist_wick_mid"": 0.25, ""trigger_ret_pct_dist"": 5.0, ""trigger_ret_pct_weak"": 3.0, ""trigger_range_pos_weak"": 0.6, ""trigger_vol_ratio_spike"": 3.0, ""mtf_struct_bonus"": 10.0, ""mtf_struct_penalty"": 15.0, ""mtf_min_weekly_bars"": 26, ""mtf_min_monthly_bars"": 12, ""w_rr"": 0.25, ""w_t1"": 0.18, ""w_sl"": 0.12, ""w_near"": 0.12, ""w_mom"": 0.1, ""w_liq"": 0.13, ""w_tec"": 0.1, ""w_sector"": 0.05, ""p_overheat_5d"": 6.0, ""p_overheat_10d"": 6.0, ""p_rsi_out"": 4.0, ""p_macd_neg"": 4.0, ""p_near_far"": 4.0, ""p_liq_low"": 4.0, ""p_vol_spike"": 2.0, ""p_big_sl"": 3.0, ""fx_caution"": 1470.0, ""fx_critical"": 1490.0, ""nasdaq_caution"": -1.5, ""nasdaq_critical"": -2.5, ""rec_limit_default"": 5, ""rec_limit_caution"": 3, ""ml_low"": 5.0, ""ml_high"": 25.0, ""ml_max_weight"": 0.2, ""ml_cov_gate"": 0.2, ""trim_pct"": 0.1, ""ebs_pass_threshold"": 3, ""macro_weights"": {""CRITICAL"": [0.55, 0.25], ""HIGH"": [0.5, 0.3], ""NORMAL"": [0.4, 0.4]}, ""slippage_base_bps"": 10.0, ""slippage_low_liq_mult"": 3.0, ""slippage_liq_threshold_eok"": 20.0, ""liq_penalty_very_low_eok"": 5.0, ""liq_penalty_very_low_pts"": 8.0, ""liq_penalty_low_eok"": 10.0, ""liq_penalty_low_pts"": 4.0, ""time_stop_days"": 7, ""time_stop_min_move_pct"": 2.0, ""time_stop_extend_if_profit"": true, ""config_version"": ""2.0.0"", ""_snapshot_ts"": ""2026-03-04T16:47:26.891632""}",2.0.0
131,257720,실리콘투,KOSDAQ,기타,36000,298.66,0.0,0,,NEUTRAL,NEUTRAL,False,False,False,4.6,4.6,0.0,0.0,23.2,0.0,41250.0,39150.0,47550.0,48600.0,,-1.38,0.7,45070,-6.15,,0,-0.87,43.9,-8.37,상품 종합 도매업,29866000000.0,45.8,32.65,0,0,-5.93,-8.33,-4.18,-19.59,-9.14,-8.13,,,,0.928,0.64,0,10.4,0,0,1.05,0.08,v1_sl_first_gap_at_open,5.09,5.0,3.0,NORMAL+PM_BLOCK_INTRADAY+EST_MCAP+EF:정상,enter,100.0,0,-1,47790.0,-8.48,-0.0348,True,X,▼,43147,▼,X,X,0,0,0,0.0,상품 종합 도매업,0.5794594594594594,,,23.2,14.868253626644254,14.868253626644254,0,0,default,default,default,20260303,20260303,4.6,4.6,4.6,,,0.3,,True,0,,"{""lookback_days"": 250, ""bench_lookback_days"": 60, ""top_n"": 600, ""min_turnover_eok"": 50, ""min_mcap_eok"": 1000, ""max_workers"": 4, ""pass_ebs"": 4, ""cache_format"": ""parquet"", ""rsi_low"": 45.0, ""rsi_high"": 65.0, ""rsi_overheat"": 75.0, ""bb_period"": 20, ""bb_std"": 2.0, ""bb_squeeze_bw"": 10.0, ""kc_period"": 20, ""kc_atr_period"": 20, ""kc_mult"": 1.5, ""bonus_bb_squeeze_score"": 3.0, ""bonus_bb_squeeze_entry"": 4.0, ""trigger_dist_wick_high"": 0.35, ""trigger_dist_wick_mid"": 0.25, ""trigger_ret_pct_dist"": 5.0, ""trigger_ret_pct_weak"": 3.0, ""trigger_range_pos_weak"": 0.6, ""trigger_vol_ratio_spike"": 3.0, ""mtf_struct_bonus"": 10.0, ""mtf_struct_penalty"": 15.0, ""mtf_min_weekly_bars"": 26, ""mtf_min_monthly_bars"": 12, ""w_rr"": 0.25, ""w_t1"": 0.18, ""w_sl"": 0.12, ""w_near"": 0.12, ""w_mom"": 0.1, ""w_liq"": 0.13, ""w_tec"": 0.1, ""w_sector"": 0.05, ""p_overheat_5d"": 6.0, ""p_overheat_10d"": 6.0, ""p_rsi_out"": 4.0, ""p_macd_neg"": 4.0, ""p_near_far"": 4.0, ""p_liq_low"": 4.0, ""p_vol_spike"": 2.0, ""p_big_sl"": 3.0, ""fx_caution"": 1470.0, ""fx_critical"": 1490.0, ""nasdaq_caution"": -1.5, ""nasdaq_critical"": -2.5, ""rec_limit_default"": 5, ""rec_limit_caution"": 3, ""ml_low"": 5.0, ""ml_high"": 25.0, ""ml_max_weight"": 0.2, ""ml_cov_gate"": 0.2, ""trim_pct"": 0.1, ""ebs_pass_threshold"": 3, ""macro_weights"": {""CRITICAL"": [0.55, 0.25], ""HIGH"": [0.5, 0.3], ""NORMAL"": [0.4, 0.4]}, ""slippage_base_bps"": 10.0, ""slippage_low_liq_mult"": 3.0, ""slippage_liq_threshold_eok"": 20.0, ""liq_penalty_very_low_eok"": 5.0, ""liq_penalty_very_low_pts"": 8.0, ""liq_penalty_low_eok"": 10.0, ""liq_penalty_low_pts"": 4.0, ""time_stop_days"": 7, ""time_stop_min_move_pct"": 2.0, ""time_stop_extend_if_profit"": true, ""config_version"": ""2.0.0"", ""_snapshot_ts"": ""2026-03-04T16:47:26.891632""}",2.0.0
