LDY_RANK,종목코드,종목명,시장,업종_대분류,종가,거래대금(억원),시가총액(억원),켈리_수량,추천금액(만원),상태,ROUTE,ACTION_PRIORITY,IS_ACTIVE,IS_NOW_ENTRY,IS_WATCH,DISPLAY_SCORE,FINAL_SCORE,STRUCT_SCORE,TIMING_SCORE,AI_SCORE,NEWS_SCORE,추천매수가,손절가,추천매도가1,추천매도가2,TRIGGER,V_POWER,거래강도,VWAP,POC_GAP,NEWS_REASON,TTM_SQUEEZE_CNT,Low_Trend_PCT,RSI14,이격도,SCORE_REASON_TOP1,SCORE_REASON_TOP2,SCORE_RISK,ROUTE_REASON,MACRO_RISK,MARKET_BREADTH,업종,거래대금(원),MFI14,BB_BW,TTM_SQUEEZE,BB_SQUEEZE_BW,ret_1d_%,ret_5d_%,ret_10d_%,ret_20d_%,ret_60d_%,ret_120d_%,rel_20d_%,rel_60d_%,rel_120d_%,RES_RATIO,RES_RATIO_NEAR,IS_ABOVE_POC,NEAR_THRES,RSI_Rising,BB_Expanding,Vol_Quality,Range_Pos,추천매도가3,TP1_METHOD,TP1_PROB,TP2_METHOD,TP2_PROB,TP3_METHOD,TP3_PROB,EXEC_RULE_ID,STOP_PCT,MAX_LOSS_PCT,RR_MULT,STOP_REASON,ENTRY_ACTION,POSITION_PCT,Above_MA20,SUPERTREND_DIR,SUPERTREND_VAL,VWAP_GAP,MACD_Slope_PCT,IS_SWING_SUPPORT,주봉20선_상회,주봉추세,HMA20,HMA_Trend,HMA_On,OBV_Div,외인순매수,기관순매수,메이저순매수,gap_pct,_data_length,consecutive_limit_up,MTF_WEEKLY_TREND,MTF_MONTHLY_TREND,MTF_DATA_SUFFICIENT,개인순매수,업종_상세,SECTOR_RET_5D,SECTOR_RS,SECTOR_RANK,ML_SCORE,TRIGGER_SCORE,RAW_TRIGGER_SCORE,EBS,PASS_EBS,W_STRUCT,W_TIMING,W_AI,SCORING_AXES,STRATEGY,STRATEGY_SCORE,STRATEGY_HORIZON,REASON_THRESHOLD,기준일,시총기준일,AI_COMMENT,LDY_SCORE,TOTAL_SCORE,RANK_SCORE,벤치_60d_KOSPI_%,벤치_60d_KOSDAQ_%,EST_WIN_RATE,CAL_HOLD_REASON,LOW_WR_FLAG,CALIBRATION_MODE,CAL_N_TRADES,켈리_금액(원),추천수량,CONFIG_SNAPSHOT,CONFIG_VERSION,RUN_STATUS,DEGRADED_REASONS,DATA_FRESHNESS_OK,HAS_NEWS,HAS_FLOW,HAS_SECTOR,CARRY_FROM_DATE,CARRY_AGE_DAYS,IS_STALE_CARRY,STALE_PENALTY,CONFIDENCE_SCORE,MAX_ALLOWED_ROUTE
1,402490,그린리소스,KOSDAQ,반도체,12970,151.76,10000.0,234,250.0,ATTACK,ATTACK,1,True,True,False,94.8,94.8,93.6,100.0,87.0,0.0,10660.0,9050.0,13480.0,14580.0,🚀급등시동,0.51,1.53,10462,17.25,특이사항 없음,0,14.99,68.5,27.8,TIMING 강점,STRUCT 보조,5일 급등,기술적 돌파 조건 충족,NORMAL,64.9,반도체 제조업,15176000000.0,87.2,50.23,0,0,2.77,19.98,33.03,52.23,65.86,10.38,49.67,43.33,,0.0,0.0,1,12.0,1,0,2.0,0.91,15160.0,SWING_20D,80.0,ATR_3.5x,45.0,FIBO_1.272,40.0,v1_sl_first_gap_at_open,15.1,5.0,1.8,NORMAL+PM_BLOCK_INTRADAY+EF:정상,enter,100.0,1,1,9527.0,23.97,0.1488,False,O,▲,11724,▲,O,X,0,0,0,4.44,250.0,0.0,1.0,1.0,1.0,0.0,반도체 제조업,15.44,24.633333333333336,3.0,87.0,90.0,90.0,6,1,0.4,0.4,0.2,STRUCT+TIMING+AI+SECTOR,default,default,default,70.0,20260311,20260311,,94.8,94.8,94.8,35.02,22.53,0.748,,False,FALLBACK,3.0,2500000,234.0,"{""lookback_days"": 250, ""bench_lookback_days"": 60, ""top_n"": 600, ""min_turnover_eok"": 50, ""min_mcap_eok"": 1000, ""max_workers"": 4, ""pass_ebs"": 4, ""cache_format"": ""parquet"", ""rsi_low"": 45.0, ""rsi_high"": 65.0, ""rsi_overheat"": 75.0, ""vol_quality_min"": 1.1, ""rsi_penalty_threshold"": 75.0, ""gap_pct_penalty_threshold"": 5.0, ""timing_attack_threshold"": 60.0, ""vol_quality_attack"": 1.3, ""bb_period"": 20, ""bb_std"": 2.0, ""bb_squeeze_bw"": 10.0, ""kc_period"": 20, ""kc_atr_period"": 20, ""kc_mult"": 1.5, ""bonus_bb_squeeze_score"": 3.0, ""bonus_bb_squeeze_entry"": 4.0, ""trigger_dist_wick_high"": 0.35, ""trigger_dist_wick_mid"": 0.25, ""trigger_ret_pct_dist"": 5.0, ""trigger_ret_pct_weak"": 3.0, ""trigger_range_pos_weak"": 0.6, ""trigger_vol_ratio_spike"": 3.0, ""mtf_struct_bonus"": 10.0, ""mtf_struct_penalty"": 15.0, ""mtf_min_weekly_bars"": 26, ""mtf_min_monthly_bars"": 12, ""w_rr"": 0.25, ""w_t1"": 0.18, ""w_sl"": 0.12, ""w_near"": 0.12, ""w_mom"": 0.1, ""w_liq"": 0.13, ""w_tec"": 0.1, ""w_sector"": 0.05, ""p_overheat_5d"": 6.0, ""p_overheat_10d"": 6.0, ""p_rsi_out"": 4.0, ""p_macd_neg"": 4.0, ""p_near_far"": 4.0, ""p_liq_low"": 4.0, ""p_vol_spike"": 2.0, ""p_big_sl"": 3.0, ""fx_caution"": 1470.0, ""fx_critical"": 1490.0, ""nasdaq_caution"": -1.5, ""nasdaq_critical"": -2.5, ""rec_limit_default"": 5, ""rec_limit_caution"": 3, ""ml_low"": 5.0, ""ml_high"": 25.0, ""ml_max_weight"": 0.2, ""ml_cov_gate"": 0.2, ""trim_pct"": 0.1, ""ebs_pass_threshold"": 3, ""macro_weights"": {""CRITICAL"": [0.55, 0.25], ""HIGH"": [0.5, 0.3], ""NORMAL"": [0.4, 0.4]}, ""slippage_base_bps"": 10.0, ""slippage_low_liq_mult"": 3.0, ""slippage_liq_threshold_eok"": 20.0, ""liq_penalty_very_low_eok"": 5.0, ""liq_penalty_very_low_pts"": 8.0, ""liq_penalty_low_eok"": 10.0, ""liq_penalty_low_pts"": 4.0, ""time_stop_days"": 7, ""time_stop_min_move_pct"": 2.0, ""time_stop_extend_if_profit"": true, ""config_version"": ""2.0.0"", ""_snapshot_ts"": ""2026-03-11T18:59:21.533438""}",2.0.0,OK,,True,True,True,True,,,,,100.0,ATTACK
2,417500,제이아이테크,KOSDAQ,화학·소재,4910,62.55,10000.0,543,226.6,ARMED,ARMED,2,True,False,False,86.2,86.2,92.9,81.1,82.9,0.0,4170.0,3540.0,5190.0,5810.0,🚀급등시동,0.69,1.71,4225,2.23,특이사항 없음,0,11.54,68.0,23.64,STRUCT 강점,AI 보조,5일 급등,스퀴즈/품질 대기,NORMAL,64.9,기타 화학제품 제조업,6255000000.0,83.3,52.94,0,0,6.97,22.75,34.34,42.73,51.78,58.13,40.17,29.25,,0.0,0.0,1,12.0,1,0,2.36,0.86,6550.0,SWING_20D,80.0,ATR_3.5x,45.0,FIBO_1.618,25.0,v1_sl_first_gap_at_open,15.11,5.0,1.6,NORMAL+PM_BLOCK_INTRADAY+EF:정상,enter,100.0,1,1,3991.0,16.2,-0.1612,False,O,▲,4732,▲,O,X,0,0,0,2.72,250.0,0.0,1.0,1.0,1.0,0.0,기타 화학제품 제조업,15.3625,-0.6762499999999998,8.0,82.9,55.0,55.0,4,1,0.4,0.4,0.2,STRUCT+TIMING+AI+SECTOR,default,default,default,70.0,20260311,20260311,,86.2,86.2,86.2,35.02,22.53,0.662,,False,FALLBACK,3.0,2266176,543.0,"{""lookback_days"": 250, ""bench_lookback_days"": 60, ""top_n"": 600, ""min_turnover_eok"": 50, ""min_mcap_eok"": 1000, ""max_workers"": 4, ""pass_ebs"": 4, ""cache_format"": ""parquet"", ""rsi_low"": 45.0, ""rsi_high"": 65.0, ""rsi_overheat"": 75.0, ""vol_quality_min"": 1.1, ""rsi_penalty_threshold"": 75.0, ""gap_pct_penalty_threshold"": 5.0, ""timing_attack_threshold"": 60.0, ""vol_quality_attack"": 1.3, ""bb_period"": 20, ""bb_std"": 2.0, ""bb_squeeze_bw"": 10.0, ""kc_period"": 20, ""kc_atr_period"": 20, ""kc_mult"": 1.5, ""bonus_bb_squeeze_score"": 3.0, ""bonus_bb_squeeze_entry"": 4.0, ""trigger_dist_wick_high"": 0.35, ""trigger_dist_wick_mid"": 0.25, ""trigger_ret_pct_dist"": 5.0, ""trigger_ret_pct_weak"": 3.0, ""trigger_range_pos_weak"": 0.6, ""trigger_vol_ratio_spike"": 3.0, ""mtf_struct_bonus"": 10.0, ""mtf_struct_penalty"": 15.0, ""mtf_min_weekly_bars"": 26, ""mtf_min_monthly_bars"": 12, ""w_rr"": 0.25, ""w_t1"": 0.18, ""w_sl"": 0.12, ""w_near"": 0.12, ""w_mom"": 0.1, ""w_liq"": 0.13, ""w_tec"": 0.1, ""w_sector"": 0.05, ""p_overheat_5d"": 6.0, ""p_overheat_10d"": 6.0, ""p_rsi_out"": 4.0, ""p_macd_neg"": 4.0, ""p_near_far"": 4.0, ""p_liq_low"": 4.0, ""p_vol_spike"": 2.0, ""p_big_sl"": 3.0, ""fx_caution"": 1470.0, ""fx_critical"": 1490.0, ""nasdaq_caution"": -1.5, ""nasdaq_critical"": -2.5, ""rec_limit_default"": 5, ""rec_limit_caution"": 3, ""ml_low"": 5.0, ""ml_high"": 25.0, ""ml_max_weight"": 0.2, ""ml_cov_gate"": 0.2, ""trim_pct"": 0.1, ""ebs_pass_threshold"": 3, ""macro_weights"": {""CRITICAL"": [0.55, 0.25], ""HIGH"": [0.5, 0.3], ""NORMAL"": [0.4, 0.4]}, ""slippage_base_bps"": 10.0, ""slippage_low_liq_mult"": 3.0, ""slippage_liq_threshold_eok"": 20.0, ""liq_penalty_very_low_eok"": 5.0, ""liq_penalty_very_low_pts"": 8.0, ""liq_penalty_low_eok"": 10.0, ""liq_penalty_low_pts"": 4.0, ""time_stop_days"": 7, ""time_stop_min_move_pct"": 2.0, ""time_stop_extend_if_profit"": true, ""config_version"": ""2.0.0"", ""_snapshot_ts"": ""2026-03-11T18:59:21.533438""}",2.0.0,OK,,True,True,True,True,,,,,100.0,ATTACK
3,304360,에스바이오메딕스,KOSDAQ,바이오·의약품,37700,70.27,10000.0,0,,ARMED,ARMED,2,True,False,False,73.8,73.8,94.4,53.3,73.6,0.0,37900.0,32200.0,41250.0,49700.0,🚀급등시동,1.46,1.76,35109,48.55,특이사항 없음,1,7.8,57.6,6.91,STRUCT 강점,AI 보조,5일 급등,스퀴즈/품질 대기,NORMAL,64.9,의약품 제조업,7027000000.0,65.9,24.86,1,0,6.94,19.2,0.92,19.2,25.41,85.1,16.64,2.88,,0.041,0.041,1,12.0,1,0,1.3,0.77,51300.0,SWING_20D,80.0,ATR_3.5x,45.0,FIBO_1.618,25.0,v1_sl_first_gap_at_open,15.04,5.0,0.6,NORMAL+PM_BLOCK_INTRADAY+EF:정상,enter,100.0,1,1,31165.0,9.66,0.0426,False,O,▲,35725,▼,O,X,0,0,0,5.14,250.0,0.0,1.0,1.0,1.0,0.0,의약품 제조업,17.91,20.134999999999998,6.0,73.6,31.427691200299897,31.427691200299897,10,1,0.4,0.4,0.2,STRUCT+TIMING+AI+SECTOR,breakout,72.7,5.0,70.0,20260311,20260311,,73.8,73.8,73.8,35.02,22.53,0.538,,False,FALLBACK,3.0,0,,"{""lookback_days"": 250, ""bench_lookback_days"": 60, ""top_n"": 600, ""min_turnover_eok"": 50, ""min_mcap_eok"": 1000, ""max_workers"": 4, ""pass_ebs"": 4, ""cache_format"": ""parquet"", ""rsi_low"": 45.0, ""rsi_high"": 65.0, ""rsi_overheat"": 75.0, ""vol_quality_min"": 1.1, ""rsi_penalty_threshold"": 75.0, ""gap_pct_penalty_threshold"": 5.0, ""timing_attack_threshold"": 60.0, ""vol_quality_attack"": 1.3, ""bb_period"": 20, ""bb_std"": 2.0, ""bb_squeeze_bw"": 10.0, ""kc_period"": 20, ""kc_atr_period"": 20, ""kc_mult"": 1.5, ""bonus_bb_squeeze_score"": 3.0, ""bonus_bb_squeeze_entry"": 4.0, ""trigger_dist_wick_high"": 0.35, ""trigger_dist_wick_mid"": 0.25, ""trigger_ret_pct_dist"": 5.0, ""trigger_ret_pct_weak"": 3.0, ""trigger_range_pos_weak"": 0.6, ""trigger_vol_ratio_spike"": 3.0, ""mtf_struct_bonus"": 10.0, ""mtf_struct_penalty"": 15.0, ""mtf_min_weekly_bars"": 26, ""mtf_min_monthly_bars"": 12, ""w_rr"": 0.25, ""w_t1"": 0.18, ""w_sl"": 0.12, ""w_near"": 0.12, ""w_mom"": 0.1, ""w_liq"": 0.13, ""w_tec"": 0.1, ""w_sector"": 0.05, ""p_overheat_5d"": 6.0, ""p_overheat_10d"": 6.0, ""p_rsi_out"": 4.0, ""p_macd_neg"": 4.0, ""p_near_far"": 4.0, ""p_liq_low"": 4.0, ""p_vol_spike"": 2.0, ""p_big_sl"": 3.0, ""fx_caution"": 1470.0, ""fx_critical"": 1490.0, ""nasdaq_caution"": -1.5, ""nasdaq_critical"": -2.5, ""rec_limit_default"": 5, ""rec_limit_caution"": 3, ""ml_low"": 5.0, ""ml_high"": 25.0, ""ml_max_weight"": 0.2, ""ml_cov_gate"": 0.2, ""trim_pct"": 0.1, ""ebs_pass_threshold"": 3, ""macro_weights"": {""CRITICAL"": [0.55, 0.25], ""HIGH"": [0.5, 0.3], ""NORMAL"": [0.4, 0.4]}, ""slippage_base_bps"": 10.0, ""slippage_low_liq_mult"": 3.0, ""slippage_liq_threshold_eok"": 20.0, ""liq_penalty_very_low_eok"": 5.0, ""liq_penalty_very_low_pts"": 8.0, ""liq_penalty_low_eok"": 10.0, ""liq_penalty_low_pts"": 4.0, ""time_stop_days"": 7, ""time_stop_min_move_pct"": 2.0, ""time_stop_extend_if_profit"": true, ""config_version"": ""2.0.0"", ""_snapshot_ts"": ""2026-03-11T18:59:21.533438""}",2.0.0,OK,,True,True,True,True,,,,,100.0,ATTACK
4,388050,지투파워,KOSDAQ,인프라·에너지,11060,106.81,10000.0,108,118.2,ARMED,ARMED,2,True,False,False,73.6,73.6,100.0,49.2,69.4,0.0,10890.0,9250.0,13430.0,14800.0,,1.15,1.13,10128,16.66,특이사항 없음,0,4.59,58.2,6.12,STRUCT 강점,,5일 급등,스퀴즈/품질 대기,NORMAL,64.9,"전동기, 발전기 및 전기 변환 · 공급 · 제어 장치 제조업",10681000000.0,78.4,36.25,0,0,3.17,22.35,-9.49,21.01,35.71,26.69,18.45,13.18,,0.1,0.1,1,12.0,0,0,2.9,0.52,17070.0,SWING_20D,80.0,ATR_3.5x,45.0,FIBO_1.618,25.0,v1_sl_first_gap_at_open,15.06,5.0,1.5,NORMAL+PM_BLOCK_INTRADAY+EF:정상,enter,100.0,1,-1,12946.0,9.2,0.0531,False,O,▲,10532,▼,O,X,0,0,0,2.15,250.0,0.0,1.0,1.0,1.0,0.0,"전동기, 발전기 및 전기 변환 · 공급 · 제어 장치 제조업",32.425,12.19,4.0,69.4,37.098728744864125,37.098728744864125,8,1,0.4,0.4,0.2,STRUCT+TIMING+AI+SECTOR,default,default,default,70.0,20260311,20260311,,73.6,73.6,73.6,35.02,22.53,0.536,,False,FALLBACK,3.0,1182047,108.0,"{""lookback_days"": 250, ""bench_lookback_days"": 60, ""top_n"": 600, ""min_turnover_eok"": 50, ""min_mcap_eok"": 1000, ""max_workers"": 4, ""pass_ebs"": 4, ""cache_format"": ""parquet"", ""rsi_low"": 45.0, ""rsi_high"": 65.0, ""rsi_overheat"": 75.0, ""vol_quality_min"": 1.1, ""rsi_penalty_threshold"": 75.0, ""gap_pct_penalty_threshold"": 5.0, ""timing_attack_threshold"": 60.0, ""vol_quality_attack"": 1.3, ""bb_period"": 20, ""bb_std"": 2.0, ""bb_squeeze_bw"": 10.0, ""kc_period"": 20, ""kc_atr_period"": 20, ""kc_mult"": 1.5, ""bonus_bb_squeeze_score"": 3.0, ""bonus_bb_squeeze_entry"": 4.0, ""trigger_dist_wick_high"": 0.35, ""trigger_dist_wick_mid"": 0.25, ""trigger_ret_pct_dist"": 5.0, ""trigger_ret_pct_weak"": 3.0, ""trigger_range_pos_weak"": 0.6, ""trigger_vol_ratio_spike"": 3.0, ""mtf_struct_bonus"": 10.0, ""mtf_struct_penalty"": 15.0, ""mtf_min_weekly_bars"": 26, ""mtf_min_monthly_bars"": 12, ""w_rr"": 0.25, ""w_t1"": 0.18, ""w_sl"": 0.12, ""w_near"": 0.12, ""w_mom"": 0.1, ""w_liq"": 0.13, ""w_tec"": 0.1, ""w_sector"": 0.05, ""p_overheat_5d"": 6.0, ""p_overheat_10d"": 6.0, ""p_rsi_out"": 4.0, ""p_macd_neg"": 4.0, ""p_near_far"": 4.0, ""p_liq_low"": 4.0, ""p_vol_spike"": 2.0, ""p_big_sl"": 3.0, ""fx_caution"": 1470.0, ""fx_critical"": 1490.0, ""nasdaq_caution"": -1.5, ""nasdaq_critical"": -2.5, ""rec_limit_default"": 5, ""rec_limit_caution"": 3, ""ml_low"": 5.0, ""ml_high"": 25.0, ""ml_max_weight"": 0.2, ""ml_cov_gate"": 0.2, ""trim_pct"": 0.1, ""ebs_pass_threshold"": 3, ""macro_weights"": {""CRITICAL"": [0.55, 0.25], ""HIGH"": [0.5, 0.3], ""NORMAL"": [0.4, 0.4]}, ""slippage_base_bps"": 10.0, ""slippage_low_liq_mult"": 3.0, ""slippage_liq_threshold_eok"": 20.0, ""liq_penalty_very_low_eok"": 5.0, ""liq_penalty_very_low_pts"": 8.0, ""liq_penalty_low_eok"": 10.0, ""liq_penalty_low_pts"": 4.0, ""time_stop_days"": 7, ""time_stop_min_move_pct"": 2.0, ""time_stop_extend_if_profit"": true, ""config_version"": ""2.0.0"", ""_snapshot_ts"": ""2026-03-11T18:59:21.533438""}",2.0.0,OK,,True,True,True,True,,,,,100.0,ATTACK
5,322310,오로스테크놀로지,KOSDAQ,조선·기계·설비,27100,79.38,10000.0,0,,ARMED,ARMED,2,True,False,False,64.5,64.5,52.9,75.0,66.9,0.0,27100.0,23000.0,30600.0,37100.0,,0.58,1.1,26465,1.4,특이사항 없음,4,-1.06,54.7,2.74,TIMING 강점,,5일 급등,스퀴즈/품질 대기,NORMAL,64.9,특수 목적용 기계 제조업,7938000000.0,65.5,25.0,1,0,-2.52,15.07,6.9,5.45,22.62,27.83,2.89,0.09,,0.398,0.398,1,12.0,1,0,1.34,0.52,,SWING_20D,80.0,ATR_3.5x,45.0,,0.0,v1_sl_first_gap_at_open,15.13,5.0,0.9,NORMAL+PM_BLOCK_INTRADAY+EF:정상,enter,100.0,1,1,23500.0,2.4,-0.0233,False,O,▲,27796,▲,X,X,0,0,0,1.08,250.0,0.0,1.0,1.0,1.0,0.0,특수 목적용 기계 제조업,16.365,-3.5611764705882356,9.0,66.9,54.03109126953414,54.03109126953414,6,1,0.4,0.4,0.2,STRUCT+TIMING+AI+SECTOR,default,default,default,70.0,20260311,20260311,,64.5,64.5,64.5,35.02,22.53,0.445,fallback_wr_0.45,True,FALLBACK,3.0,0,,"{""lookback_days"": 250, ""bench_lookback_days"": 60, ""top_n"": 600, ""min_turnover_eok"": 50, ""min_mcap_eok"": 1000, ""max_workers"": 4, ""pass_ebs"": 4, ""cache_format"": ""parquet"", ""rsi_low"": 45.0, ""rsi_high"": 65.0, ""rsi_overheat"": 75.0, ""vol_quality_min"": 1.1, ""rsi_penalty_threshold"": 75.0, ""gap_pct_penalty_threshold"": 5.0, ""timing_attack_threshold"": 60.0, ""vol_quality_attack"": 1.3, ""bb_period"": 20, ""bb_std"": 2.0, ""bb_squeeze_bw"": 10.0, ""kc_period"": 20, ""kc_atr_period"": 20, ""kc_mult"": 1.5, ""bonus_bb_squeeze_score"": 3.0, ""bonus_bb_squeeze_entry"": 4.0, ""trigger_dist_wick_high"": 0.35, ""trigger_dist_wick_mid"": 0.25, ""trigger_ret_pct_dist"": 5.0, ""trigger_ret_pct_weak"": 3.0, ""trigger_range_pos_weak"": 0.6, ""trigger_vol_ratio_spike"": 3.0, ""mtf_struct_bonus"": 10.0, ""mtf_struct_penalty"": 15.0, ""mtf_min_weekly_bars"": 26, ""mtf_min_monthly_bars"": 12, ""w_rr"": 0.25, ""w_t1"": 0.18, ""w_sl"": 0.12, ""w_near"": 0.12, ""w_mom"": 0.1, ""w_liq"": 0.13, ""w_tec"": 0.1, ""w_sector"": 0.05, ""p_overheat_5d"": 6.0, ""p_overheat_10d"": 6.0, ""p_rsi_out"": 4.0, ""p_macd_neg"": 4.0, ""p_near_far"": 4.0, ""p_liq_low"": 4.0, ""p_vol_spike"": 2.0, ""p_big_sl"": 3.0, ""fx_caution"": 1470.0, ""fx_critical"": 1490.0, ""nasdaq_caution"": -1.5, ""nasdaq_critical"": -2.5, ""rec_limit_default"": 5, ""rec_limit_caution"": 3, ""ml_low"": 5.0, ""ml_high"": 25.0, ""ml_max_weight"": 0.2, ""ml_cov_gate"": 0.2, ""trim_pct"": 0.1, ""ebs_pass_threshold"": 3, ""macro_weights"": {""CRITICAL"": [0.55, 0.25], ""HIGH"": [0.5, 0.3], ""NORMAL"": [0.4, 0.4]}, ""slippage_base_bps"": 10.0, ""slippage_low_liq_mult"": 3.0, ""slippage_liq_threshold_eok"": 20.0, ""liq_penalty_very_low_eok"": 5.0, ""liq_penalty_very_low_pts"": 8.0, ""liq_penalty_low_eok"": 10.0, ""liq_penalty_low_pts"": 4.0, ""time_stop_days"": 7, ""time_stop_min_move_pct"": 2.0, ""time_stop_extend_if_profit"": true, ""config_version"": ""2.0.0"", ""_snapshot_ts"": ""2026-03-11T18:59:21.533438""}",2.0.0,OK,,True,True,True,True,,,,,100.0,ATTACK
6,420770,기가비스,KOSDAQ,조선·기계·설비,75600,162.56,10000.0,0,,WAIT,WAIT,3,False,False,True,88.6,88.6,92.0,93.2,72.8,0.0,69100.0,58700.0,79000.0,94000.0,,1.43,1.19,54518,127.67,특이사항 없음,0,14.44,66.2,17.58,TIMING 강점,STRUCT 보조,5일 급등,추세 관망,NORMAL,64.9,특수 목적용 기계 제조업,16256000000.0,86.4,36.71,0,0,4.59,19.63,12.66,29.43,132.43,185.61,26.87,109.9,,0.0,0.0,1,12.0,0,0,1.64,0.94,109500.0,SWING_20D,80.0,ATR_3.5x,45.0,FIBO_1.618,25.0,v1_sl_first_gap_at_open,15.05,5.0,1.0,NORMAL+PM_BLOCK_INTRADAY+EF:정상,enter,100.0,1,1,56900.0,41.97,-0.0388,False,O,▲,72707,▲,O,X,0,0,0,2.57,250.0,0.0,1.0,1.0,1.0,0.0,특수 목적용 기계 제조업,16.365,-3.5611764705882356,9.0,72.8,69.4476589972019,69.4476589972019,4,1,0.4,0.4,0.2,STRUCT+TIMING+AI+SECTOR,default,default,default,70.0,20260311,20260311,,88.6,88.6,88.6,35.02,22.53,0.686,,False,FALLBACK,3.0,0,,"{""lookback_days"": 250, ""bench_lookback_days"": 60, ""top_n"": 600, ""min_turnover_eok"": 50, ""min_mcap_eok"": 1000, ""max_workers"": 4, ""pass_ebs"": 4, ""cache_format"": ""parquet"", ""rsi_low"": 45.0, ""rsi_high"": 65.0, ""rsi_overheat"": 75.0, ""vol_quality_min"": 1.1, ""rsi_penalty_threshold"": 75.0, ""gap_pct_penalty_threshold"": 5.0, ""timing_attack_threshold"": 60.0, ""vol_quality_attack"": 1.3, ""bb_period"": 20, ""bb_std"": 2.0, ""bb_squeeze_bw"": 10.0, ""kc_period"": 20, ""kc_atr_period"": 20, ""kc_mult"": 1.5, ""bonus_bb_squeeze_score"": 3.0, ""bonus_bb_squeeze_entry"": 4.0, ""trigger_dist_wick_high"": 0.35, ""trigger_dist_wick_mid"": 0.25, ""trigger_ret_pct_dist"": 5.0, ""trigger_ret_pct_weak"": 3.0, ""trigger_range_pos_weak"": 0.6, ""trigger_vol_ratio_spike"": 3.0, ""mtf_struct_bonus"": 10.0, ""mtf_struct_penalty"": 15.0, ""mtf_min_weekly_bars"": 26, ""mtf_min_monthly_bars"": 12, ""w_rr"": 0.25, ""w_t1"": 0.18, ""w_sl"": 0.12, ""w_near"": 0.12, ""w_mom"": 0.1, ""w_liq"": 0.13, ""w_tec"": 0.1, ""w_sector"": 0.05, ""p_overheat_5d"": 6.0, ""p_overheat_10d"": 6.0, ""p_rsi_out"": 4.0, ""p_macd_neg"": 4.0, ""p_near_far"": 4.0, ""p_liq_low"": 4.0, ""p_vol_spike"": 2.0, ""p_big_sl"": 3.0, ""fx_caution"": 1470.0, ""fx_critical"": 1490.0, ""nasdaq_caution"": -1.5, ""nasdaq_critical"": -2.5, ""rec_limit_default"": 5, ""rec_limit_caution"": 3, ""ml_low"": 5.0, ""ml_high"": 25.0, ""ml_max_weight"": 0.2, ""ml_cov_gate"": 0.2, ""trim_pct"": 0.1, ""ebs_pass_threshold"": 3, ""macro_weights"": {""CRITICAL"": [0.55, 0.25], ""HIGH"": [0.5, 0.3], ""NORMAL"": [0.4, 0.4]}, ""slippage_base_bps"": 10.0, ""slippage_low_liq_mult"": 3.0, ""slippage_liq_threshold_eok"": 20.0, ""liq_penalty_very_low_eok"": 5.0, ""liq_penalty_very_low_pts"": 8.0, ""liq_penalty_low_eok"": 10.0, ""liq_penalty_low_pts"": 4.0, ""time_stop_days"": 7, ""time_stop_min_move_pct"": 2.0, ""time_stop_extend_if_profit"": true, ""config_version"": ""2.0.0"", ""_snapshot_ts"": ""2026-03-11T18:59:21.533438""}",2.0.0,OK,,True,True,True,True,,,,,100.0,ATTACK
7,389470,인벤티지랩,KOSDAQ,기타,93000,431.41,30000.0,0,,WAIT,WAIT,3,False,False,True,82.2,82.2,88.2,76.3,82.1,0.0,85300.0,72400.0,101300.0,117900.0,🚀급등시동,0.31,1.25,83757,21.16,특이사항 없음,0,16.31,62.3,15.76,STRUCT 강점,AI 보조,5일 급등,추세 관망,NORMAL,64.9,자연과학 및 공학 연구개발업,43141000000.0,81.6,48.03,0,0,1.08,16.05,20.51,27.03,4.33,116.34,24.47,-18.2,,0.005,0.005,1,12.0,1,0,1.37,0.79,123000.0,SWING_20D,80.0,ATR_3.5x,45.0,FIBO_1.618,25.0,v1_sl_first_gap_at_open,15.12,5.0,1.2,NORMAL+PM_BLOCK_INTRADAY+EF:정상,enter,100.0,1,1,70400.0,12.23,-0.1234,False,O,▲,95796,▲,X,X,0,0,0,0.0,248.0,0.0,1.0,1.0,1.0,0.0,자연과학 및 공학 연구개발업,15.143571428571429,3.6917857142857136,7.0,82.1,54.4235791149413,54.4235791149413,6,1,0.4,0.4,0.2,STRUCT+TIMING+AI+SECTOR,default,default,default,70.0,20260311,20260311,,82.2,82.2,82.2,35.02,22.53,0.622,,False,FALLBACK,3.0,0,,"{""lookback_days"": 250, ""bench_lookback_days"": 60, ""top_n"": 600, ""min_turnover_eok"": 50, ""min_mcap_eok"": 1000, ""max_workers"": 4, ""pass_ebs"": 4, ""cache_format"": ""parquet"", ""rsi_low"": 45.0, ""rsi_high"": 65.0, ""rsi_overheat"": 75.0, ""vol_quality_min"": 1.1, ""rsi_penalty_threshold"": 75.0, ""gap_pct_penalty_threshold"": 5.0, ""timing_attack_threshold"": 60.0, ""vol_quality_attack"": 1.3, ""bb_period"": 20, ""bb_std"": 2.0, ""bb_squeeze_bw"": 10.0, ""kc_period"": 20, ""kc_atr_period"": 20, ""kc_mult"": 1.5, ""bonus_bb_squeeze_score"": 3.0, ""bonus_bb_squeeze_entry"": 4.0, ""trigger_dist_wick_high"": 0.35, ""trigger_dist_wick_mid"": 0.25, ""trigger_ret_pct_dist"": 5.0, ""trigger_ret_pct_weak"": 3.0, ""trigger_range_pos_weak"": 0.6, ""trigger_vol_ratio_spike"": 3.0, ""mtf_struct_bonus"": 10.0, ""mtf_struct_penalty"": 15.0, ""mtf_min_weekly_bars"": 26, ""mtf_min_monthly_bars"": 12, ""w_rr"": 0.25, ""w_t1"": 0.18, ""w_sl"": 0.12, ""w_near"": 0.12, ""w_mom"": 0.1, ""w_liq"": 0.13, ""w_tec"": 0.1, ""w_sector"": 0.05, ""p_overheat_5d"": 6.0, ""p_overheat_10d"": 6.0, ""p_rsi_out"": 4.0, ""p_macd_neg"": 4.0, ""p_near_far"": 4.0, ""p_liq_low"": 4.0, ""p_vol_spike"": 2.0, ""p_big_sl"": 3.0, ""fx_caution"": 1470.0, ""fx_critical"": 1490.0, ""nasdaq_caution"": -1.5, ""nasdaq_critical"": -2.5, ""rec_limit_default"": 5, ""rec_limit_caution"": 3, ""ml_low"": 5.0, ""ml_high"": 25.0, ""ml_max_weight"": 0.2, ""ml_cov_gate"": 0.2, ""trim_pct"": 0.1, ""ebs_pass_threshold"": 3, ""macro_weights"": {""CRITICAL"": [0.55, 0.25], ""HIGH"": [0.5, 0.3], ""NORMAL"": [0.4, 0.4]}, ""slippage_base_bps"": 10.0, ""slippage_low_liq_mult"": 3.0, ""slippage_liq_threshold_eok"": 20.0, ""liq_penalty_very_low_eok"": 5.0, ""liq_penalty_very_low_pts"": 8.0, ""liq_penalty_low_eok"": 10.0, ""liq_penalty_low_pts"": 4.0, ""time_stop_days"": 7, ""time_stop_min_move_pct"": 2.0, ""time_stop_extend_if_profit"": true, ""config_version"": ""2.0.0"", ""_snapshot_ts"": ""2026-03-11T18:59:21.533438""}",2.0.0,OK,,True,True,True,True,,,,,100.0,ATTACK
8,310210,보로노이,KOSDAQ,기타,329500,488.1,30000.0,0,,WAIT,WAIT,3,False,False,True,77.3,77.3,77.8,75.7,79.5,0.0,287500.0,244000.0,366000.0,417500.0,,0.95,1.04,231128,48.54,[뉴스]제공된 뉴스 헤드라인에는 '보로노이'에 대한 직접적인 언급이 없습니다.,0,35.57,72.0,20.14,AI 강점,STRUCT 보조,RSI 과열,추세 관망,NORMAL,64.9,자연과학 및 공학 연구개발업,48810000000.0,73.6,70.71,0,0,2.81,19.42,15.85,50.57,46.88,130.55,48.01,24.34,,0.034,0.034,1,12.0,1,0,0.89,0.78,485000.0,SWING_20D,80.0,ATR_3.5x,45.0,FIBO_1.618,25.0,v1_sl_first_gap_at_open,15.13,5.0,1.8,NORMAL+PM_BLOCK_INTRADAY+EF:정상,enter,100.0,1,1,262950.0,42.34,-0.2793,False,O,▲,338776,▲,X,X,0,0,0,2.03,250.0,0.0,1.0,1.0,1.0,0.0,자연과학 및 공학 연구개발업,15.143571428571429,3.6917857142857136,7.0,79.5,54.98630788042186,54.98630788042186,2,0,0.4,0.4,0.2,STRUCT+TIMING+AI+SECTOR,default,default,default,70.0,20260311,20260311, 📢재료: [뉴스]제공된 뉴스 헤드라인에는 '보로노이'에 대한 직접적인 언급이 없습니다.,77.3,77.3,77.3,35.02,22.53,0.573,,False,FALLBACK,3.0,0,,"{""lookback_days"": 250, ""bench_lookback_days"": 60, ""top_n"": 600, ""min_turnover_eok"": 50, ""min_mcap_eok"": 1000, ""max_workers"": 4, ""pass_ebs"": 4, ""cache_format"": ""parquet"", ""rsi_low"": 45.0, ""rsi_high"": 65.0, ""rsi_overheat"": 75.0, ""vol_quality_min"": 1.1, ""rsi_penalty_threshold"": 75.0, ""gap_pct_penalty_threshold"": 5.0, ""timing_attack_threshold"": 60.0, ""vol_quality_attack"": 1.3, ""bb_period"": 20, ""bb_std"": 2.0, ""bb_squeeze_bw"": 10.0, ""kc_period"": 20, ""kc_atr_period"": 20, ""kc_mult"": 1.5, ""bonus_bb_squeeze_score"": 3.0, ""bonus_bb_squeeze_entry"": 4.0, ""trigger_dist_wick_high"": 0.35, ""trigger_dist_wick_mid"": 0.25, ""trigger_ret_pct_dist"": 5.0, ""trigger_ret_pct_weak"": 3.0, ""trigger_range_pos_weak"": 0.6, ""trigger_vol_ratio_spike"": 3.0, ""mtf_struct_bonus"": 10.0, ""mtf_struct_penalty"": 15.0, ""mtf_min_weekly_bars"": 26, ""mtf_min_monthly_bars"": 12, ""w_rr"": 0.25, ""w_t1"": 0.18, ""w_sl"": 0.12, ""w_near"": 0.12, ""w_mom"": 0.1, ""w_liq"": 0.13, ""w_tec"": 0.1, ""w_sector"": 0.05, ""p_overheat_5d"": 6.0, ""p_overheat_10d"": 6.0, ""p_rsi_out"": 4.0, ""p_macd_neg"": 4.0, ""p_near_far"": 4.0, ""p_liq_low"": 4.0, ""p_vol_spike"": 2.0, ""p_big_sl"": 3.0, ""fx_caution"": 1470.0, ""fx_critical"": 1490.0, ""nasdaq_caution"": -1.5, ""nasdaq_critical"": -2.5, ""rec_limit_default"": 5, ""rec_limit_caution"": 3, ""ml_low"": 5.0, ""ml_high"": 25.0, ""ml_max_weight"": 0.2, ""ml_cov_gate"": 0.2, ""trim_pct"": 0.1, ""ebs_pass_threshold"": 3, ""macro_weights"": {""CRITICAL"": [0.55, 0.25], ""HIGH"": [0.5, 0.3], ""NORMAL"": [0.4, 0.4]}, ""slippage_base_bps"": 10.0, ""slippage_low_liq_mult"": 3.0, ""slippage_liq_threshold_eok"": 20.0, ""liq_penalty_very_low_eok"": 5.0, ""liq_penalty_very_low_pts"": 8.0, ""liq_penalty_low_eok"": 10.0, ""liq_penalty_low_pts"": 4.0, ""time_stop_days"": 7, ""time_stop_min_move_pct"": 2.0, ""time_stop_extend_if_profit"": true, ""config_version"": ""2.0.0"", ""_snapshot_ts"": ""2026-03-11T18:59:21.533438""}",2.0.0,OK,,True,True,True,True,,,,,100.0,ATTACK
9,440110,파두,KOSDAQ,반도체,63200,895.81,60000.0,0,,WAIT,WAIT,3,False,False,True,70.9,70.2,94.0,70.4,22.2,0.7,63200.0,53700.0,74800.0,78600.0,,0.07,1.11,43107,167.94,[뉴스]파두의 주가가 코스닥 액티브 ETF 편입 소식에 상승했습니다.,0,28.24,63.3,13.04,STRUCT 강점,TIMING 보조,5일 급등,추세 관망,NORMAL,64.9,반도체 제조업,89581000000.0,64.4,48.98,0,0,-0.78,15.96,16.18,41.39,163.33,424.48,38.83,140.8,,0.06,0.06,1,12.0,0,0,1.94,0.66,90100.0,SWING_20D,80.0,ATR_2x,70.0,ATR_3.5x,45.0,v1_sl_first_gap_at_open,15.03,4.0,1.2,NORMAL+PM_BLOCK_INTRADAY+EF:정상,enter,100.0,1,1,48040.0,46.61,-0.2501,False,X,▼,66350,▲,X,X,0,0,0,2.04,221.0,0.0,1.0,1.0,1.0,0.0,반도체 제조업,15.44,24.633333333333336,3.0,22.2,46.59125287226578,46.59125287226578,6,1,0.4,0.4,0.2,STRUCT+TIMING+AI+SECTOR,default,default,default,70.0,20260311,20260311, 📢재료: [뉴스]파두의 주가가 코스닥 액티브 ETF 편입 소식에 상승했습니다.,70.9,70.9,70.9,35.02,22.53,0.509,,False,FALLBACK,3.0,0,,"{""lookback_days"": 250, ""bench_lookback_days"": 60, ""top_n"": 600, ""min_turnover_eok"": 50, ""min_mcap_eok"": 1000, ""max_workers"": 4, ""pass_ebs"": 4, ""cache_format"": ""parquet"", ""rsi_low"": 45.0, ""rsi_high"": 65.0, ""rsi_overheat"": 75.0, ""vol_quality_min"": 1.1, ""rsi_penalty_threshold"": 75.0, ""gap_pct_penalty_threshold"": 5.0, ""timing_attack_threshold"": 60.0, ""vol_quality_attack"": 1.3, ""bb_period"": 20, ""bb_std"": 2.0, ""bb_squeeze_bw"": 10.0, ""kc_period"": 20, ""kc_atr_period"": 20, ""kc_mult"": 1.5, ""bonus_bb_squeeze_score"": 3.0, ""bonus_bb_squeeze_entry"": 4.0, ""trigger_dist_wick_high"": 0.35, ""trigger_dist_wick_mid"": 0.25, ""trigger_ret_pct_dist"": 5.0, ""trigger_ret_pct_weak"": 3.0, ""trigger_range_pos_weak"": 0.6, ""trigger_vol_ratio_spike"": 3.0, ""mtf_struct_bonus"": 10.0, ""mtf_struct_penalty"": 15.0, ""mtf_min_weekly_bars"": 26, ""mtf_min_monthly_bars"": 12, ""w_rr"": 0.25, ""w_t1"": 0.18, ""w_sl"": 0.12, ""w_near"": 0.12, ""w_mom"": 0.1, ""w_liq"": 0.13, ""w_tec"": 0.1, ""w_sector"": 0.05, ""p_overheat_5d"": 6.0, ""p_overheat_10d"": 6.0, ""p_rsi_out"": 4.0, ""p_macd_neg"": 4.0, ""p_near_far"": 4.0, ""p_liq_low"": 4.0, ""p_vol_spike"": 2.0, ""p_big_sl"": 3.0, ""fx_caution"": 1470.0, ""fx_critical"": 1490.0, ""nasdaq_caution"": -1.5, ""nasdaq_critical"": -2.5, ""rec_limit_default"": 5, ""rec_limit_caution"": 3, ""ml_low"": 5.0, ""ml_high"": 25.0, ""ml_max_weight"": 0.2, ""ml_cov_gate"": 0.2, ""trim_pct"": 0.1, ""ebs_pass_threshold"": 3, ""macro_weights"": {""CRITICAL"": [0.55, 0.25], ""HIGH"": [0.5, 0.3], ""NORMAL"": [0.4, 0.4]}, ""slippage_base_bps"": 10.0, ""slippage_low_liq_mult"": 3.0, ""slippage_liq_threshold_eok"": 20.0, ""liq_penalty_very_low_eok"": 5.0, ""liq_penalty_very_low_pts"": 8.0, ""liq_penalty_low_eok"": 10.0, ""liq_penalty_low_pts"": 4.0, ""time_stop_days"": 7, ""time_stop_min_move_pct"": 2.0, ""time_stop_extend_if_profit"": true, ""config_version"": ""2.0.0"", ""_snapshot_ts"": ""2026-03-11T18:59:21.533438""}",2.0.0,OK,,True,True,True,True,,,,,100.0,ATTACK
10,489790,한화비전,KOSPI,IT/전기전자,76100,1111.24,100000.0,0,,WAIT,WAIT,3,False,False,True,68.7,68.7,98.9,50.9,43.9,0.0,77900.0,66200.0,94400.0,97200.0,,1.09,0.4,61980,43.56,특이사항 없음,0,11.79,60.1,8.94,STRUCT 강점,,5일 급등,추세 관망,NORMAL,64.9,통신 및 방송 장비 제조업,111124000000.0,85.7,54.82,0,0,-2.01,18.03,-3.11,25.44,84.16,35.01,16.8,49.14,,0.023,0.023,1,12.0,0,0,1.98,0.54,111700.0,SWING_20D,80.0,ATR_2x,70.0,ATR_3.5x,45.0,v1_sl_first_gap_at_open,15.02,4.0,1.4,NORMAL+PM_BLOCK_INTRADAY+EF:정상,enter,100.0,1,1,62770.0,25.68,-0.1654,False,O,▲,83195,▼,X,X,0,0,0,2.14,250.0,0.0,1.0,1.0,1.0,0.0,통신 및 방송 장비 제조업,27.91866666666667,17.557333333333336,2.0,43.9,25.0,25.0,6,1,0.4,0.4,0.2,STRUCT+TIMING+AI+SECTOR,default,default,default,70.0,20260311,20260311,,68.7,68.7,68.7,35.02,22.53,0.487,,False,FALLBACK,3.0,0,,"{""lookback_days"": 250, ""bench_lookback_days"": 60, ""top_n"": 600, ""min_turnover_eok"": 50, ""min_mcap_eok"": 1000, ""max_workers"": 4, ""pass_ebs"": 4, ""cache_format"": ""parquet"", ""rsi_low"": 45.0, ""rsi_high"": 65.0, ""rsi_overheat"": 75.0, ""vol_quality_min"": 1.1, ""rsi_penalty_threshold"": 75.0, ""gap_pct_penalty_threshold"": 5.0, ""timing_attack_threshold"": 60.0, ""vol_quality_attack"": 1.3, ""bb_period"": 20, ""bb_std"": 2.0, ""bb_squeeze_bw"": 10.0, ""kc_period"": 20, ""kc_atr_period"": 20, ""kc_mult"": 1.5, ""bonus_bb_squeeze_score"": 3.0, ""bonus_bb_squeeze_entry"": 4.0, ""trigger_dist_wick_high"": 0.35, ""trigger_dist_wick_mid"": 0.25, ""trigger_ret_pct_dist"": 5.0, ""trigger_ret_pct_weak"": 3.0, ""trigger_range_pos_weak"": 0.6, ""trigger_vol_ratio_spike"": 3.0, ""mtf_struct_bonus"": 10.0, ""mtf_struct_penalty"": 15.0, ""mtf_min_weekly_bars"": 26, ""mtf_min_monthly_bars"": 12, ""w_rr"": 0.25, ""w_t1"": 0.18, ""w_sl"": 0.12, ""w_near"": 0.12, ""w_mom"": 0.1, ""w_liq"": 0.13, ""w_tec"": 0.1, ""w_sector"": 0.05, ""p_overheat_5d"": 6.0, ""p_overheat_10d"": 6.0, ""p_rsi_out"": 4.0, ""p_macd_neg"": 4.0, ""p_near_far"": 4.0, ""p_liq_low"": 4.0, ""p_vol_spike"": 2.0, ""p_big_sl"": 3.0, ""fx_caution"": 1470.0, ""fx_critical"": 1490.0, ""nasdaq_caution"": -1.5, ""nasdaq_critical"": -2.5, ""rec_limit_default"": 5, ""rec_limit_caution"": 3, ""ml_low"": 5.0, ""ml_high"": 25.0, ""ml_max_weight"": 0.2, ""ml_cov_gate"": 0.2, ""trim_pct"": 0.1, ""ebs_pass_threshold"": 3, ""macro_weights"": {""CRITICAL"": [0.55, 0.25], ""HIGH"": [0.5, 0.3], ""NORMAL"": [0.4, 0.4]}, ""slippage_base_bps"": 10.0, ""slippage_low_liq_mult"": 3.0, ""slippage_liq_threshold_eok"": 20.0, ""liq_penalty_very_low_eok"": 5.0, ""liq_penalty_very_low_pts"": 8.0, ""liq_penalty_low_eok"": 10.0, ""liq_penalty_low_pts"": 4.0, ""time_stop_days"": 7, ""time_stop_min_move_pct"": 2.0, ""time_stop_extend_if_profit"": true, ""config_version"": ""2.0.0"", ""_snapshot_ts"": ""2026-03-11T18:59:21.533438""}",2.0.0,OK,,True,True,True,True,,,,,100.0,ATTACK
11,439260,대한조선,KOSPI,조선·기계·설비,98400,899.57,60000.0,0,,WAIT,WAIT,3,False,False,True,68.2,68.2,84.3,62.4,47.5,0.0,99500.0,86100.0,109700.0,112700.0,,0.03,0.77,82082,46.69,특이사항 없음,0,29.93,72.1,11.8,STRUCT 강점,,RSI 과열,추세 관망,NORMAL,64.9,선박 및 보트 건조업,89957000000.0,73.8,53.09,0,0,-0.1,7.92,5.51,36.49,37.62,27.24,27.85,2.6,,0.035,0.035,1,12.0,1,0,1.59,0.75,128100.0,SWING_20D,80.0,BB_UPPER,75.0,ATR_3.5x,45.0,v1_sl_first_gap_at_open,13.47,4.0,0.8,NORMAL+PM_BLOCK_INTRADAY+EF:정상,enter,100.0,1,1,82510.0,21.22,-0.254,False,O,▲,105864,▲,X,X,0,0,0,1.0,146.0,0.0,1.0,0.0,0.0,0.0,선박 및 보트 건조업,16.365,-3.5611764705882356,9.0,47.5,43.04328087906751,43.04328087906751,4,1,0.4,0.4,0.2,STRUCT+TIMING+AI+SECTOR,default,default,default,70.0,20260311,20260311,,68.2,68.2,68.2,35.02,22.53,0.482,,False,FALLBACK,3.0,0,,"{""lookback_days"": 250, ""bench_lookback_days"": 60, ""top_n"": 600, ""min_turnover_eok"": 50, ""min_mcap_eok"": 1000, ""max_workers"": 4, ""pass_ebs"": 4, ""cache_format"": ""parquet"", ""rsi_low"": 45.0, ""rsi_high"": 65.0, ""rsi_overheat"": 75.0, ""vol_quality_min"": 1.1, ""rsi_penalty_threshold"": 75.0, ""gap_pct_penalty_threshold"": 5.0, ""timing_attack_threshold"": 60.0, ""vol_quality_attack"": 1.3, ""bb_period"": 20, ""bb_std"": 2.0, ""bb_squeeze_bw"": 10.0, ""kc_period"": 20, ""kc_atr_period"": 20, ""kc_mult"": 1.5, ""bonus_bb_squeeze_score"": 3.0, ""bonus_bb_squeeze_entry"": 4.0, ""trigger_dist_wick_high"": 0.35, ""trigger_dist_wick_mid"": 0.25, ""trigger_ret_pct_dist"": 5.0, ""trigger_ret_pct_weak"": 3.0, ""trigger_range_pos_weak"": 0.6, ""trigger_vol_ratio_spike"": 3.0, ""mtf_struct_bonus"": 10.0, ""mtf_struct_penalty"": 15.0, ""mtf_min_weekly_bars"": 26, ""mtf_min_monthly_bars"": 12, ""w_rr"": 0.25, ""w_t1"": 0.18, ""w_sl"": 0.12, ""w_near"": 0.12, ""w_mom"": 0.1, ""w_liq"": 0.13, ""w_tec"": 0.1, ""w_sector"": 0.05, ""p_overheat_5d"": 6.0, ""p_overheat_10d"": 6.0, ""p_rsi_out"": 4.0, ""p_macd_neg"": 4.0, ""p_near_far"": 4.0, ""p_liq_low"": 4.0, ""p_vol_spike"": 2.0, ""p_big_sl"": 3.0, ""fx_caution"": 1470.0, ""fx_critical"": 1490.0, ""nasdaq_caution"": -1.5, ""nasdaq_critical"": -2.5, ""rec_limit_default"": 5, ""rec_limit_caution"": 3, ""ml_low"": 5.0, ""ml_high"": 25.0, ""ml_max_weight"": 0.2, ""ml_cov_gate"": 0.2, ""trim_pct"": 0.1, ""ebs_pass_threshold"": 3, ""macro_weights"": {""CRITICAL"": [0.55, 0.25], ""HIGH"": [0.5, 0.3], ""NORMAL"": [0.4, 0.4]}, ""slippage_base_bps"": 10.0, ""slippage_low_liq_mult"": 3.0, ""slippage_liq_threshold_eok"": 20.0, ""liq_penalty_very_low_eok"": 5.0, ""liq_penalty_very_low_pts"": 8.0, ""liq_penalty_low_eok"": 10.0, ""liq_penalty_low_pts"": 4.0, ""time_stop_days"": 7, ""time_stop_min_move_pct"": 2.0, ""time_stop_extend_if_profit"": true, ""config_version"": ""2.0.0"", ""_snapshot_ts"": ""2026-03-11T18:59:21.533438""}",2.0.0,OK,,True,True,True,True,,,,,100.0,ATTACK
12,126730,코칩,KOSDAQ,IT/전기전자,19370,54.25,10000.0,0,,WAIT,WAIT,3,False,False,True,64.7,64.7,98.0,40.8,46.1,0.0,19080.0,16210.0,23000.0,26050.0,,1.19,0.37,17657,16.36,특이사항 없음,0,5.23,56.6,3.73,STRUCT 강점,,5일 급등,추세 관망,NORMAL,64.9,전자부품 제조업,5425000000.0,81.7,31.9,0,0,3.86,20.31,-5.51,15.99,22.83,56.08,13.43,0.3,,0.01,0.01,1,12.0,0,0,1.6,0.53,28550.0,SWING_20D,80.0,ATR_3.5x,45.0,FIBO_1.618,25.0,v1_sl_first_gap_at_open,15.04,5.0,1.4,NORMAL+PM_BLOCK_INTRADAY+EF:정상,enter,100.0,1,-1,23743.0,9.7,-0.0128,False,O,▲,18598,▼,O,X,0,0,0,4.56,250.0,0.0,1.0,1.0,1.0,0.0,전자부품 제조업,27.91866666666667,17.557333333333336,2.0,46.1,20.0,20.0,6,1,0.4,0.4,0.2,STRUCT+TIMING+AI+SECTOR,default,default,default,70.0,20260311,20260311,,64.7,64.7,64.7,35.02,22.53,0.447,,True,FALLBACK,3.0,0,,"{""lookback_days"": 250, ""bench_lookback_days"": 60, ""top_n"": 600, ""min_turnover_eok"": 50, ""min_mcap_eok"": 1000, ""max_workers"": 4, ""pass_ebs"": 4, ""cache_format"": ""parquet"", ""rsi_low"": 45.0, ""rsi_high"": 65.0, ""rsi_overheat"": 75.0, ""vol_quality_min"": 1.1, ""rsi_penalty_threshold"": 75.0, ""gap_pct_penalty_threshold"": 5.0, ""timing_attack_threshold"": 60.0, ""vol_quality_attack"": 1.3, ""bb_period"": 20, ""bb_std"": 2.0, ""bb_squeeze_bw"": 10.0, ""kc_period"": 20, ""kc_atr_period"": 20, ""kc_mult"": 1.5, ""bonus_bb_squeeze_score"": 3.0, ""bonus_bb_squeeze_entry"": 4.0, ""trigger_dist_wick_high"": 0.35, ""trigger_dist_wick_mid"": 0.25, ""trigger_ret_pct_dist"": 5.0, ""trigger_ret_pct_weak"": 3.0, ""trigger_range_pos_weak"": 0.6, ""trigger_vol_ratio_spike"": 3.0, ""mtf_struct_bonus"": 10.0, ""mtf_struct_penalty"": 15.0, ""mtf_min_weekly_bars"": 26, ""mtf_min_monthly_bars"": 12, ""w_rr"": 0.25, ""w_t1"": 0.18, ""w_sl"": 0.12, ""w_near"": 0.12, ""w_mom"": 0.1, ""w_liq"": 0.13, ""w_tec"": 0.1, ""w_sector"": 0.05, ""p_overheat_5d"": 6.0, ""p_overheat_10d"": 6.0, ""p_rsi_out"": 4.0, ""p_macd_neg"": 4.0, ""p_near_far"": 4.0, ""p_liq_low"": 4.0, ""p_vol_spike"": 2.0, ""p_big_sl"": 3.0, ""fx_caution"": 1470.0, ""fx_critical"": 1490.0, ""nasdaq_caution"": -1.5, ""nasdaq_critical"": -2.5, ""rec_limit_default"": 5, ""rec_limit_caution"": 3, ""ml_low"": 5.0, ""ml_high"": 25.0, ""ml_max_weight"": 0.2, ""ml_cov_gate"": 0.2, ""trim_pct"": 0.1, ""ebs_pass_threshold"": 3, ""macro_weights"": {""CRITICAL"": [0.55, 0.25], ""HIGH"": [0.5, 0.3], ""NORMAL"": [0.4, 0.4]}, ""slippage_base_bps"": 10.0, ""slippage_low_liq_mult"": 3.0, ""slippage_liq_threshold_eok"": 20.0, ""liq_penalty_very_low_eok"": 5.0, ""liq_penalty_very_low_pts"": 8.0, ""liq_penalty_low_eok"": 10.0, ""liq_penalty_low_pts"": 4.0, ""time_stop_days"": 7, ""time_stop_min_move_pct"": 2.0, ""time_stop_extend_if_profit"": true, ""config_version"": ""2.0.0"", ""_snapshot_ts"": ""2026-03-11T18:59:21.533438""}",2.0.0,OK,,True,True,True,True,,,,,100.0,ATTACK
13,475830,오름테라퓨틱,KOSDAQ,기타,118500,649.6,60000.0,0,,WAIT,WAIT,3,False,False,True,63.8,63.8,50.4,66.0,86.3,0.0,119900.0,101900.0,140000.0,149600.0,,0.53,1.01,111910,2.58,특이사항 없음,4,-4.81,51.8,1.71,AI 강점,,5일 급등,추세 관망,NORMAL,64.9,기초 의약물질 제조업,64960000000.0,69.5,28.68,1,0,2.04,15.29,-6.03,2.22,58.39,288.03,-0.34,35.86,,0.155,0.155,1,12.0,1,0,1.07,0.48,171900.0,SWING_20D,80.0,ATR_2x,70.0,ATR_3.5x,45.0,v1_sl_first_gap_at_open,15.01,4.0,1.1,NORMAL+PM_BLOCK_INTRADAY+EF:정상,enter,100.0,1,-1,134630.0,7.14,-0.0611,False,O,▲,116222,▼,O,X,0,0,0,1.36,250.0,0.0,1.0,1.0,1.0,0.0,기초 의약물질 제조업,15.143571428571429,3.6917857142857136,7.0,86.3,45.17312696311226,45.17312696311226,4,1,0.4,0.4,0.2,STRUCT+TIMING+AI+SECTOR,default,default,default,70.0,20260311,20260311,,63.8,63.8,63.8,35.02,22.53,0.438,,True,FALLBACK,3.0,0,,"{""lookback_days"": 250, ""bench_lookback_days"": 60, ""top_n"": 600, ""min_turnover_eok"": 50, ""min_mcap_eok"": 1000, ""max_workers"": 4, ""pass_ebs"": 4, ""cache_format"": ""parquet"", ""rsi_low"": 45.0, ""rsi_high"": 65.0, ""rsi_overheat"": 75.0, ""vol_quality_min"": 1.1, ""rsi_penalty_threshold"": 75.0, ""gap_pct_penalty_threshold"": 5.0, ""timing_attack_threshold"": 60.0, ""vol_quality_attack"": 1.3, ""bb_period"": 20, ""bb_std"": 2.0, ""bb_squeeze_bw"": 10.0, ""kc_period"": 20, ""kc_atr_period"": 20, ""kc_mult"": 1.5, ""bonus_bb_squeeze_score"": 3.0, ""bonus_bb_squeeze_entry"": 4.0, ""trigger_dist_wick_high"": 0.35, ""trigger_dist_wick_mid"": 0.25, ""trigger_ret_pct_dist"": 5.0, ""trigger_ret_pct_weak"": 3.0, ""trigger_range_pos_weak"": 0.6, ""trigger_vol_ratio_spike"": 3.0, ""mtf_struct_bonus"": 10.0, ""mtf_struct_penalty"": 15.0, ""mtf_min_weekly_bars"": 26, ""mtf_min_monthly_bars"": 12, ""w_rr"": 0.25, ""w_t1"": 0.18, ""w_sl"": 0.12, ""w_near"": 0.12, ""w_mom"": 0.1, ""w_liq"": 0.13, ""w_tec"": 0.1, ""w_sector"": 0.05, ""p_overheat_5d"": 6.0, ""p_overheat_10d"": 6.0, ""p_rsi_out"": 4.0, ""p_macd_neg"": 4.0, ""p_near_far"": 4.0, ""p_liq_low"": 4.0, ""p_vol_spike"": 2.0, ""p_big_sl"": 3.0, ""fx_caution"": 1470.0, ""fx_critical"": 1490.0, ""nasdaq_caution"": -1.5, ""nasdaq_critical"": -2.5, ""rec_limit_default"": 5, ""rec_limit_caution"": 3, ""ml_low"": 5.0, ""ml_high"": 25.0, ""ml_max_weight"": 0.2, ""ml_cov_gate"": 0.2, ""trim_pct"": 0.1, ""ebs_pass_threshold"": 3, ""macro_weights"": {""CRITICAL"": [0.55, 0.25], ""HIGH"": [0.5, 0.3], ""NORMAL"": [0.4, 0.4]}, ""slippage_base_bps"": 10.0, ""slippage_low_liq_mult"": 3.0, ""slippage_liq_threshold_eok"": 20.0, ""liq_penalty_very_low_eok"": 5.0, ""liq_penalty_very_low_pts"": 8.0, ""liq_penalty_low_eok"": 10.0, ""liq_penalty_low_pts"": 4.0, ""time_stop_days"": 7, ""time_stop_min_move_pct"": 2.0, ""time_stop_extend_if_profit"": true, ""config_version"": ""2.0.0"", ""_snapshot_ts"": ""2026-03-11T18:59:21.533438""}",2.0.0,OK,,True,True,True,True,,,,,100.0,ATTACK
14,226590,엠디바이스,KOSDAQ,IT/전기전자,27950,159.42,10000.0,0,,WAIT,WAIT,3,False,False,True,59.2,59.2,93.2,23.8,62.1,0.0,25450.0,21600.0,32000.0,38000.0,,0.89,0.58,20766,53.31,특이사항 없음,0,32.7,58.0,15.25,STRUCT 강점,,5일 급등,추세 관망,NORMAL,64.9,전자부품 제조업,15942000000.0,69.2,64.02,0,0,6.07,24.78,-0.89,55.88,112.39,157.6,53.32,89.86,,0.006,0.006,1,12.0,0,0,1.82,0.73,44400.0,SWING_20D,80.0,ATR_3.5x,45.0,FIBO_1.618,25.0,v1_sl_first_gap_at_open,15.13,5.0,1.7,NORMAL+PM_BLOCK_INTRADAY+EF:정상,enter,100.0,1,1,20935.0,34.59,-0.267,False,O,▲,27438,▼,O,X,0,0,0,3.61,246.0,0.0,1.0,1.0,1.0,0.0,전자부품 제조업,27.91866666666667,17.557333333333336,2.0,62.1,0.0,0.0,6,1,0.4,0.4,0.2,STRUCT+TIMING+AI+SECTOR,default,default,default,70.0,20260311,20260311,,59.2,59.2,59.2,35.02,22.53,0.392,,True,FALLBACK,3.0,0,,"{""lookback_days"": 250, ""bench_lookback_days"": 60, ""top_n"": 600, ""min_turnover_eok"": 50, ""min_mcap_eok"": 1000, ""max_workers"": 4, ""pass_ebs"": 4, ""cache_format"": ""parquet"", ""rsi_low"": 45.0, ""rsi_high"": 65.0, ""rsi_overheat"": 75.0, ""vol_quality_min"": 1.1, ""rsi_penalty_threshold"": 75.0, ""gap_pct_penalty_threshold"": 5.0, ""timing_attack_threshold"": 60.0, ""vol_quality_attack"": 1.3, ""bb_period"": 20, ""bb_std"": 2.0, ""bb_squeeze_bw"": 10.0, ""kc_period"": 20, ""kc_atr_period"": 20, ""kc_mult"": 1.5, ""bonus_bb_squeeze_score"": 3.0, ""bonus_bb_squeeze_entry"": 4.0, ""trigger_dist_wick_high"": 0.35, ""trigger_dist_wick_mid"": 0.25, ""trigger_ret_pct_dist"": 5.0, ""trigger_ret_pct_weak"": 3.0, ""trigger_range_pos_weak"": 0.6, ""trigger_vol_ratio_spike"": 3.0, ""mtf_struct_bonus"": 10.0, ""mtf_struct_penalty"": 15.0, ""mtf_min_weekly_bars"": 26, ""mtf_min_monthly_bars"": 12, ""w_rr"": 0.25, ""w_t1"": 0.18, ""w_sl"": 0.12, ""w_near"": 0.12, ""w_mom"": 0.1, ""w_liq"": 0.13, ""w_tec"": 0.1, ""w_sector"": 0.05, ""p_overheat_5d"": 6.0, ""p_overheat_10d"": 6.0, ""p_rsi_out"": 4.0, ""p_macd_neg"": 4.0, ""p_near_far"": 4.0, ""p_liq_low"": 4.0, ""p_vol_spike"": 2.0, ""p_big_sl"": 3.0, ""fx_caution"": 1470.0, ""fx_critical"": 1490.0, ""nasdaq_caution"": -1.5, ""nasdaq_critical"": -2.5, ""rec_limit_default"": 5, ""rec_limit_caution"": 3, ""ml_low"": 5.0, ""ml_high"": 25.0, ""ml_max_weight"": 0.2, ""ml_cov_gate"": 0.2, ""trim_pct"": 0.1, ""ebs_pass_threshold"": 3, ""macro_weights"": {""CRITICAL"": [0.55, 0.25], ""HIGH"": [0.5, 0.3], ""NORMAL"": [0.4, 0.4]}, ""slippage_base_bps"": 10.0, ""slippage_low_liq_mult"": 3.0, ""slippage_liq_threshold_eok"": 20.0, ""liq_penalty_very_low_eok"": 5.0, ""liq_penalty_very_low_pts"": 8.0, ""liq_penalty_low_eok"": 10.0, ""liq_penalty_low_pts"": 4.0, ""time_stop_days"": 7, ""time_stop_min_move_pct"": 2.0, ""time_stop_extend_if_profit"": true, ""config_version"": ""2.0.0"", ""_snapshot_ts"": ""2026-03-11T18:59:21.533438""}",2.0.0,OK,,True,True,True,True,,,,,100.0,ATTACK
15,221800,유투바이오,KOSDAQ,서비스 기타,26900,809.3,60000.0,0,,WAIT,WAIT,3,False,False,True,58.9,58.9,88.7,45.1,26.7,0.0,18180.0,15450.0,32800.0,34850.0,,0.86,0.24,12870,334.71,특이사항 없음,0,290.41,71.4,55.35,STRUCT 강점,,RSI 과열,추세 관망,NORMAL,64.9,기타 과학기술 서비스업,80930000000.0,71.0,202.2,0,0,-4.61,19.29,8.69,470.52,389.98,767.74,467.96,367.45,,0.0,0.0,1,12.0,1,0,1.75,0.79,39300.0,SWING_20D,80.0,BB_UPPER,75.0,ATR_3.5x,45.0,v1_sl_first_gap_at_open,15.02,4.0,5.4,NORMAL+WARN:ATR%=24.7% > 20% — 이상치 의심+PM_BLOCK_INTRADAY+EF:갭(7.8%)/급등(-4.6%)/VI → 50% 분할+ENTRY:split,split,50.0,1,1,15014.0,109.0,-0.5201,False,O,▲,27714,▲,X,X,0,0,0,7.8,248.0,0.0,1.0,1.0,1.0,0.0,기타 과학기술 서비스업,13.685,67.14333333333333,1.0,26.7,28.0,28.0,4,1,0.4,0.4,0.2,STRUCT+TIMING+AI+SECTOR,default,default,default,70.0,20260311,20260311,,58.9,58.9,58.9,35.02,22.53,0.389,,True,FALLBACK,3.0,0,,"{""lookback_days"": 250, ""bench_lookback_days"": 60, ""top_n"": 600, ""min_turnover_eok"": 50, ""min_mcap_eok"": 1000, ""max_workers"": 4, ""pass_ebs"": 4, ""cache_format"": ""parquet"", ""rsi_low"": 45.0, ""rsi_high"": 65.0, ""rsi_overheat"": 75.0, ""vol_quality_min"": 1.1, ""rsi_penalty_threshold"": 75.0, ""gap_pct_penalty_threshold"": 5.0, ""timing_attack_threshold"": 60.0, ""vol_quality_attack"": 1.3, ""bb_period"": 20, ""bb_std"": 2.0, ""bb_squeeze_bw"": 10.0, ""kc_period"": 20, ""kc_atr_period"": 20, ""kc_mult"": 1.5, ""bonus_bb_squeeze_score"": 3.0, ""bonus_bb_squeeze_entry"": 4.0, ""trigger_dist_wick_high"": 0.35, ""trigger_dist_wick_mid"": 0.25, ""trigger_ret_pct_dist"": 5.0, ""trigger_ret_pct_weak"": 3.0, ""trigger_range_pos_weak"": 0.6, ""trigger_vol_ratio_spike"": 3.0, ""mtf_struct_bonus"": 10.0, ""mtf_struct_penalty"": 15.0, ""mtf_min_weekly_bars"": 26, ""mtf_min_monthly_bars"": 12, ""w_rr"": 0.25, ""w_t1"": 0.18, ""w_sl"": 0.12, ""w_near"": 0.12, ""w_mom"": 0.1, ""w_liq"": 0.13, ""w_tec"": 0.1, ""w_sector"": 0.05, ""p_overheat_5d"": 6.0, ""p_overheat_10d"": 6.0, ""p_rsi_out"": 4.0, ""p_macd_neg"": 4.0, ""p_near_far"": 4.0, ""p_liq_low"": 4.0, ""p_vol_spike"": 2.0, ""p_big_sl"": 3.0, ""fx_caution"": 1470.0, ""fx_critical"": 1490.0, ""nasdaq_caution"": -1.5, ""nasdaq_critical"": -2.5, ""rec_limit_default"": 5, ""rec_limit_caution"": 3, ""ml_low"": 5.0, ""ml_high"": 25.0, ""ml_max_weight"": 0.2, ""ml_cov_gate"": 0.2, ""trim_pct"": 0.1, ""ebs_pass_threshold"": 3, ""macro_weights"": {""CRITICAL"": [0.55, 0.25], ""HIGH"": [0.5, 0.3], ""NORMAL"": [0.4, 0.4]}, ""slippage_base_bps"": 10.0, ""slippage_low_liq_mult"": 3.0, ""slippage_liq_threshold_eok"": 20.0, ""liq_penalty_very_low_eok"": 5.0, ""liq_penalty_very_low_pts"": 8.0, ""liq_penalty_low_eok"": 10.0, ""liq_penalty_low_pts"": 4.0, ""time_stop_days"": 7, ""time_stop_min_move_pct"": 2.0, ""time_stop_extend_if_profit"": true, ""config_version"": ""2.0.0"", ""_snapshot_ts"": ""2026-03-11T18:59:21.533438""}",2.0.0,OK,,True,True,True,True,,,,,100.0,ATTACK
16,452260,한화갤러리아,KOSPI,유통·소비재,2850,278.58,30000.0,0,,WAIT,WAIT,3,False,False,True,56.9,56.9,96.6,25.1,41.0,0.0,2805.0,2385.0,3795.0,4085.0,,0.3,0.23,2078,75.45,특이사항 없음,0,25.3,59.9,6.16,STRUCT 강점,,,추세 관망,NORMAL,64.9,종합 소매업,27858000000.0,81.3,56.58,0,0,3.07,8.57,-7.62,31.64,166.36,152.21,23.0,131.34,,0.101,0.101,1,12.0,1,0,1.67,0.46,4540.0,SWING_20D,80.0,ATR_3.5x,45.0,FIBO_1.272,40.0,v1_sl_first_gap_at_open,14.97,5.0,2.4,NORMAL+PM_BLOCK_INTRADAY+EF:정상,enter,100.0,1,1,2425.5,37.14,-0.3717,False,O,▲,2913,▼,X,X,0,0,0,1.45,250.0,0.0,1.0,1.0,1.0,0.0,종합 소매업,6.13,1.1349999999999998,10.0,41.0,14.5,14.5,6,1,0.4,0.4,0.2,STRUCT+TIMING+AI+SECTOR,default,default,default,70.0,20260311,20260311,,56.9,56.9,56.9,35.02,22.53,0.369,,True,FALLBACK,3.0,0,,"{""lookback_days"": 250, ""bench_lookback_days"": 60, ""top_n"": 600, ""min_turnover_eok"": 50, ""min_mcap_eok"": 1000, ""max_workers"": 4, ""pass_ebs"": 4, ""cache_format"": ""parquet"", ""rsi_low"": 45.0, ""rsi_high"": 65.0, ""rsi_overheat"": 75.0, ""vol_quality_min"": 1.1, ""rsi_penalty_threshold"": 75.0, ""gap_pct_penalty_threshold"": 5.0, ""timing_attack_threshold"": 60.0, ""vol_quality_attack"": 1.3, ""bb_period"": 20, ""bb_std"": 2.0, ""bb_squeeze_bw"": 10.0, ""kc_period"": 20, ""kc_atr_period"": 20, ""kc_mult"": 1.5, ""bonus_bb_squeeze_score"": 3.0, ""bonus_bb_squeeze_entry"": 4.0, ""trigger_dist_wick_high"": 0.35, ""trigger_dist_wick_mid"": 0.25, ""trigger_ret_pct_dist"": 5.0, ""trigger_ret_pct_weak"": 3.0, ""trigger_range_pos_weak"": 0.6, ""trigger_vol_ratio_spike"": 3.0, ""mtf_struct_bonus"": 10.0, ""mtf_struct_penalty"": 15.0, ""mtf_min_weekly_bars"": 26, ""mtf_min_monthly_bars"": 12, ""w_rr"": 0.25, ""w_t1"": 0.18, ""w_sl"": 0.12, ""w_near"": 0.12, ""w_mom"": 0.1, ""w_liq"": 0.13, ""w_tec"": 0.1, ""w_sector"": 0.05, ""p_overheat_5d"": 6.0, ""p_overheat_10d"": 6.0, ""p_rsi_out"": 4.0, ""p_macd_neg"": 4.0, ""p_near_far"": 4.0, ""p_liq_low"": 4.0, ""p_vol_spike"": 2.0, ""p_big_sl"": 3.0, ""fx_caution"": 1470.0, ""fx_critical"": 1490.0, ""nasdaq_caution"": -1.5, ""nasdaq_critical"": -2.5, ""rec_limit_default"": 5, ""rec_limit_caution"": 3, ""ml_low"": 5.0, ""ml_high"": 25.0, ""ml_max_weight"": 0.2, ""ml_cov_gate"": 0.2, ""trim_pct"": 0.1, ""ebs_pass_threshold"": 3, ""macro_weights"": {""CRITICAL"": [0.55, 0.25], ""HIGH"": [0.5, 0.3], ""NORMAL"": [0.4, 0.4]}, ""slippage_base_bps"": 10.0, ""slippage_low_liq_mult"": 3.0, ""slippage_liq_threshold_eok"": 20.0, ""liq_penalty_very_low_eok"": 5.0, ""liq_penalty_very_low_pts"": 8.0, ""liq_penalty_low_eok"": 10.0, ""liq_penalty_low_pts"": 4.0, ""time_stop_days"": 7, ""time_stop_min_move_pct"": 2.0, ""time_stop_extend_if_profit"": true, ""config_version"": ""2.0.0"", ""_snapshot_ts"": ""2026-03-11T18:59:21.533438""}",2.0.0,OK,,True,True,True,True,,,,,100.0,ATTACK
17,450080,에코프로머티,KOSPI,2차전지,68900,2489.19,100000.0,0,,WAIT,WAIT,3,False,False,True,54.8,54.8,55.3,74.1,15.0,0.0,67900.0,57600.0,75100.0,89000.0,,1.28,1.41,66606,4.91,특이사항 없음,3,-9.52,52.9,3.43,TIMING 강점,,5일 급등,추세 관망,NORMAL,64.9,일차전지 및 이차전지 제조업,248919000000.0,63.5,22.21,1,0,3.14,24.59,2.53,4.08,9.19,39.47,-4.56,-25.83,,0.161,0.161,1,12.0,0,0,1.39,0.69,96700.0,SWING_20D,80.0,ATR_3.5x,45.0,FIBO_1.618,25.0,v1_sl_first_gap_at_open,15.17,4.0,0.7,NORMAL+PM_BLOCK_INTRADAY+EF:정상,enter,100.0,1,-1,76940.0,3.44,0.2376,False,O,▲,66139,▲,O,X,23219,1309,24528,1.5,250.0,0.0,1.0,1.0,1.0,0.0,일차전지 및 이차전지 제조업,14.533333333333333,-12.453333333333333,11.0,15.0,52.67077975450241,52.67077975450241,8,1,0.4,0.4,0.2,STRUCT+TIMING+AI+SECTOR,breakout,67.6,5.0,70.0,20260311,20260311,,54.8,54.8,54.8,35.02,22.53,0.348,,True,FALLBACK,3.0,0,,"{""lookback_days"": 250, ""bench_lookback_days"": 60, ""top_n"": 600, ""min_turnover_eok"": 50, ""min_mcap_eok"": 1000, ""max_workers"": 4, ""pass_ebs"": 4, ""cache_format"": ""parquet"", ""rsi_low"": 45.0, ""rsi_high"": 65.0, ""rsi_overheat"": 75.0, ""vol_quality_min"": 1.1, ""rsi_penalty_threshold"": 75.0, ""gap_pct_penalty_threshold"": 5.0, ""timing_attack_threshold"": 60.0, ""vol_quality_attack"": 1.3, ""bb_period"": 20, ""bb_std"": 2.0, ""bb_squeeze_bw"": 10.0, ""kc_period"": 20, ""kc_atr_period"": 20, ""kc_mult"": 1.5, ""bonus_bb_squeeze_score"": 3.0, ""bonus_bb_squeeze_entry"": 4.0, ""trigger_dist_wick_high"": 0.35, ""trigger_dist_wick_mid"": 0.25, ""trigger_ret_pct_dist"": 5.0, ""trigger_ret_pct_weak"": 3.0, ""trigger_range_pos_weak"": 0.6, ""trigger_vol_ratio_spike"": 3.0, ""mtf_struct_bonus"": 10.0, ""mtf_struct_penalty"": 15.0, ""mtf_min_weekly_bars"": 26, ""mtf_min_monthly_bars"": 12, ""w_rr"": 0.25, ""w_t1"": 0.18, ""w_sl"": 0.12, ""w_near"": 0.12, ""w_mom"": 0.1, ""w_liq"": 0.13, ""w_tec"": 0.1, ""w_sector"": 0.05, ""p_overheat_5d"": 6.0, ""p_overheat_10d"": 6.0, ""p_rsi_out"": 4.0, ""p_macd_neg"": 4.0, ""p_near_far"": 4.0, ""p_liq_low"": 4.0, ""p_vol_spike"": 2.0, ""p_big_sl"": 3.0, ""fx_caution"": 1470.0, ""fx_critical"": 1490.0, ""nasdaq_caution"": -1.5, ""nasdaq_critical"": -2.5, ""rec_limit_default"": 5, ""rec_limit_caution"": 3, ""ml_low"": 5.0, ""ml_high"": 25.0, ""ml_max_weight"": 0.2, ""ml_cov_gate"": 0.2, ""trim_pct"": 0.1, ""ebs_pass_threshold"": 3, ""macro_weights"": {""CRITICAL"": [0.55, 0.25], ""HIGH"": [0.5, 0.3], ""NORMAL"": [0.4, 0.4]}, ""slippage_base_bps"": 10.0, ""slippage_low_liq_mult"": 3.0, ""slippage_liq_threshold_eok"": 20.0, ""liq_penalty_very_low_eok"": 5.0, ""liq_penalty_very_low_pts"": 8.0, ""liq_penalty_low_eok"": 10.0, ""liq_penalty_low_pts"": 4.0, ""time_stop_days"": 7, ""time_stop_min_move_pct"": 2.0, ""time_stop_extend_if_profit"": true, ""config_version"": ""2.0.0"", ""_snapshot_ts"": ""2026-03-11T18:59:21.533438""}",2.0.0,OK,,True,True,True,True,,,,,100.0,ATTACK
18,484590,삼양컴텍,KOSDAQ,기타,13470,1130.27,100000.0,0,,WAIT,WAIT,3,False,False,True,54.5,54.5,75.2,16.8,88.6,0.0,13430.0,11410.0,17980.0,18440.0,,-0.56,0.45,13746,-0.37,특이사항 없음,0,11.11,55.3,4.65,AI 강점,STRUCT 보조,,추세 관망,NORMAL,64.9,무기 및 총포탄 제조업,113027000000.0,57.0,35.55,0,0,-2.54,6.08,6.33,15.18,12.01,-30.05,12.62,-10.52,,0.792,0.487,0,12.0,1,0,1.17,0.36,22650.0,SWING_20D,80.0,ATR_3.5x,45.0,SWING_120D,45.0,v1_sl_first_gap_at_open,15.04,4.0,2.3,NORMAL+PM_BLOCK_INTRADAY+EF:정상,enter,100.0,1,1,11535.0,-2.3,-0.1286,False,O,▼,14364,▲,X,X,0,0,0,-2.61,136.0,0.0,-1.0,0.0,0.0,0.0,무기 및 총포탄 제조업,15.143571428571429,3.6917857142857136,7.0,88.6,28.617912417392596,28.617912417392596,6,1,0.4,0.4,0.2,STRUCT+TIMING+AI+SECTOR,default,default,default,70.0,20260311,20260311,,54.5,54.5,54.5,35.02,22.53,0.345,,True,FALLBACK,3.0,0,,"{""lookback_days"": 250, ""bench_lookback_days"": 60, ""top_n"": 600, ""min_turnover_eok"": 50, ""min_mcap_eok"": 1000, ""max_workers"": 4, ""pass_ebs"": 4, ""cache_format"": ""parquet"", ""rsi_low"": 45.0, ""rsi_high"": 65.0, ""rsi_overheat"": 75.0, ""vol_quality_min"": 1.1, ""rsi_penalty_threshold"": 75.0, ""gap_pct_penalty_threshold"": 5.0, ""timing_attack_threshold"": 60.0, ""vol_quality_attack"": 1.3, ""bb_period"": 20, ""bb_std"": 2.0, ""bb_squeeze_bw"": 10.0, ""kc_period"": 20, ""kc_atr_period"": 20, ""kc_mult"": 1.5, ""bonus_bb_squeeze_score"": 3.0, ""bonus_bb_squeeze_entry"": 4.0, ""trigger_dist_wick_high"": 0.35, ""trigger_dist_wick_mid"": 0.25, ""trigger_ret_pct_dist"": 5.0, ""trigger_ret_pct_weak"": 3.0, ""trigger_range_pos_weak"": 0.6, ""trigger_vol_ratio_spike"": 3.0, ""mtf_struct_bonus"": 10.0, ""mtf_struct_penalty"": 15.0, ""mtf_min_weekly_bars"": 26, ""mtf_min_monthly_bars"": 12, ""w_rr"": 0.25, ""w_t1"": 0.18, ""w_sl"": 0.12, ""w_near"": 0.12, ""w_mom"": 0.1, ""w_liq"": 0.13, ""w_tec"": 0.1, ""w_sector"": 0.05, ""p_overheat_5d"": 6.0, ""p_overheat_10d"": 6.0, ""p_rsi_out"": 4.0, ""p_macd_neg"": 4.0, ""p_near_far"": 4.0, ""p_liq_low"": 4.0, ""p_vol_spike"": 2.0, ""p_big_sl"": 3.0, ""fx_caution"": 1470.0, ""fx_critical"": 1490.0, ""nasdaq_caution"": -1.5, ""nasdaq_critical"": -2.5, ""rec_limit_default"": 5, ""rec_limit_caution"": 3, ""ml_low"": 5.0, ""ml_high"": 25.0, ""ml_max_weight"": 0.2, ""ml_cov_gate"": 0.2, ""trim_pct"": 0.1, ""ebs_pass_threshold"": 3, ""macro_weights"": {""CRITICAL"": [0.55, 0.25], ""HIGH"": [0.5, 0.3], ""NORMAL"": [0.4, 0.4]}, ""slippage_base_bps"": 10.0, ""slippage_low_liq_mult"": 3.0, ""slippage_liq_threshold_eok"": 20.0, ""liq_penalty_very_low_eok"": 5.0, ""liq_penalty_very_low_pts"": 8.0, ""liq_penalty_low_eok"": 10.0, ""liq_penalty_low_pts"": 4.0, ""time_stop_days"": 7, ""time_stop_min_move_pct"": 2.0, ""time_stop_extend_if_profit"": true, ""config_version"": ""2.0.0"", ""_snapshot_ts"": ""2026-03-11T18:59:21.533438""}",2.0.0,OK,,True,True,True,True,,,,,100.0,ATTACK
19,278470,에이피알,KOSPI,화학·소재,316000,1241.13,100000.0,0,,WAIT,WAIT,3,False,False,True,53.5,53.5,91.8,31.1,21.6,0.0,314000.0,274000.0,332000.0,388000.0,🚀급등시동,0.59,0.94,265789,30.09,특이사항 없음,0,4.99,63.7,10.18,STRUCT 강점,,5일 급등,추세 관망,NORMAL,64.9,기타 화학제품 제조업,124113000000.0,74.2,23.95,0,0,5.8,19.48,8.14,14.75,18.37,43.05,6.11,-16.65,,0.007,0.007,1,12.0,1,0,1.15,0.84,407500.0,SWING_20D,80.0,ATR_3.5x,45.0,FIBO_1.618,25.0,v1_sl_first_gap_at_open,12.74,4.0,0.5,NORMAL+PM_BLOCK_INTRADAY+EF:정상,enter,100.0,1,-1,333400.0,20.02,0.1819,False,O,▲,299986,▲,O,X,33495,2233,35728,2.82,250.0,0.0,1.0,1.0,1.0,0.0,기타 화학제품 제조업,15.3625,-0.6762499999999998,8.0,21.6,18.305038517585608,18.305038517585608,8,1,0.4,0.4,0.2,STRUCT+TIMING+AI+SECTOR,default,default,default,70.0,20260311,20260311,,53.5,53.5,53.5,35.02,22.53,0.335,,True,FALLBACK,3.0,0,,"{""lookback_days"": 250, ""bench_lookback_days"": 60, ""top_n"": 600, ""min_turnover_eok"": 50, ""min_mcap_eok"": 1000, ""max_workers"": 4, ""pass_ebs"": 4, ""cache_format"": ""parquet"", ""rsi_low"": 45.0, ""rsi_high"": 65.0, ""rsi_overheat"": 75.0, ""vol_quality_min"": 1.1, ""rsi_penalty_threshold"": 75.0, ""gap_pct_penalty_threshold"": 5.0, ""timing_attack_threshold"": 60.0, ""vol_quality_attack"": 1.3, ""bb_period"": 20, ""bb_std"": 2.0, ""bb_squeeze_bw"": 10.0, ""kc_period"": 20, ""kc_atr_period"": 20, ""kc_mult"": 1.5, ""bonus_bb_squeeze_score"": 3.0, ""bonus_bb_squeeze_entry"": 4.0, ""trigger_dist_wick_high"": 0.35, ""trigger_dist_wick_mid"": 0.25, ""trigger_ret_pct_dist"": 5.0, ""trigger_ret_pct_weak"": 3.0, ""trigger_range_pos_weak"": 0.6, ""trigger_vol_ratio_spike"": 3.0, ""mtf_struct_bonus"": 10.0, ""mtf_struct_penalty"": 15.0, ""mtf_min_weekly_bars"": 26, ""mtf_min_monthly_bars"": 12, ""w_rr"": 0.25, ""w_t1"": 0.18, ""w_sl"": 0.12, ""w_near"": 0.12, ""w_mom"": 0.1, ""w_liq"": 0.13, ""w_tec"": 0.1, ""w_sector"": 0.05, ""p_overheat_5d"": 6.0, ""p_overheat_10d"": 6.0, ""p_rsi_out"": 4.0, ""p_macd_neg"": 4.0, ""p_near_far"": 4.0, ""p_liq_low"": 4.0, ""p_vol_spike"": 2.0, ""p_big_sl"": 3.0, ""fx_caution"": 1470.0, ""fx_critical"": 1490.0, ""nasdaq_caution"": -1.5, ""nasdaq_critical"": -2.5, ""rec_limit_default"": 5, ""rec_limit_caution"": 3, ""ml_low"": 5.0, ""ml_high"": 25.0, ""ml_max_weight"": 0.2, ""ml_cov_gate"": 0.2, ""trim_pct"": 0.1, ""ebs_pass_threshold"": 3, ""macro_weights"": {""CRITICAL"": [0.55, 0.25], ""HIGH"": [0.5, 0.3], ""NORMAL"": [0.4, 0.4]}, ""slippage_base_bps"": 10.0, ""slippage_low_liq_mult"": 3.0, ""slippage_liq_threshold_eok"": 20.0, ""liq_penalty_very_low_eok"": 5.0, ""liq_penalty_very_low_pts"": 8.0, ""liq_penalty_low_eok"": 10.0, ""liq_penalty_low_pts"": 4.0, ""time_stop_days"": 7, ""time_stop_min_move_pct"": 2.0, ""time_stop_extend_if_profit"": true, ""config_version"": ""2.0.0"", ""_snapshot_ts"": ""2026-03-11T18:59:21.533438""}",2.0.0,OK,,True,True,True,True,,,,,100.0,ATTACK
20,394800,쓰리빌리언,KOSDAQ,기타,13840,65.98,10000.0,0,,WAIT,WAIT,3,False,False,True,51.6,51.6,50.9,53.2,49.9,0.0,13930.0,11830.0,16030.0,20100.0,,1.89,0.89,16576,55.69,특이사항 없음,5,-6.52,51.3,1.18,,,5일 급등,추세 관망,NORMAL,64.9,자연과학 및 공학 연구개발업,6598000000.0,69.9,20.4,1,0,6.32,16.67,-3.81,1.65,-7.88,129.17,-0.91,-30.41,,0.264,0.12,1,12.0,1,0,0.99,0.57,,SWING_20D,80.0,SWING_60D,60.0,,0.0,v1_sl_first_gap_at_open,15.08,5.0,1.0,NORMAL+PM_BLOCK_INTRADAY+EF:정상,enter,100.0,1,-1,16575.0,-14.7,0.0348,False,X,▲,13523,▼,O,X,0,0,0,1.5,250.0,0.0,1.0,1.0,1.0,0.0,자연과학 및 공학 연구개발업,15.143571428571429,3.6917857142857136,7.0,49.9,38.860567890064814,38.860567890064814,6,1,0.4,0.4,0.2,STRUCT+TIMING+AI+SECTOR,default,default,default,70.0,20260311,20260311,,51.6,51.6,51.6,35.02,22.53,0.316,,True,FALLBACK,3.0,0,,"{""lookback_days"": 250, ""bench_lookback_days"": 60, ""top_n"": 600, ""min_turnover_eok"": 50, ""min_mcap_eok"": 1000, ""max_workers"": 4, ""pass_ebs"": 4, ""cache_format"": ""parquet"", ""rsi_low"": 45.0, ""rsi_high"": 65.0, ""rsi_overheat"": 75.0, ""vol_quality_min"": 1.1, ""rsi_penalty_threshold"": 75.0, ""gap_pct_penalty_threshold"": 5.0, ""timing_attack_threshold"": 60.0, ""vol_quality_attack"": 1.3, ""bb_period"": 20, ""bb_std"": 2.0, ""bb_squeeze_bw"": 10.0, ""kc_period"": 20, ""kc_atr_period"": 20, ""kc_mult"": 1.5, ""bonus_bb_squeeze_score"": 3.0, ""bonus_bb_squeeze_entry"": 4.0, ""trigger_dist_wick_high"": 0.35, ""trigger_dist_wick_mid"": 0.25, ""trigger_ret_pct_dist"": 5.0, ""trigger_ret_pct_weak"": 3.0, ""trigger_range_pos_weak"": 0.6, ""trigger_vol_ratio_spike"": 3.0, ""mtf_struct_bonus"": 10.0, ""mtf_struct_penalty"": 15.0, ""mtf_min_weekly_bars"": 26, ""mtf_min_monthly_bars"": 12, ""w_rr"": 0.25, ""w_t1"": 0.18, ""w_sl"": 0.12, ""w_near"": 0.12, ""w_mom"": 0.1, ""w_liq"": 0.13, ""w_tec"": 0.1, ""w_sector"": 0.05, ""p_overheat_5d"": 6.0, ""p_overheat_10d"": 6.0, ""p_rsi_out"": 4.0, ""p_macd_neg"": 4.0, ""p_near_far"": 4.0, ""p_liq_low"": 4.0, ""p_vol_spike"": 2.0, ""p_big_sl"": 3.0, ""fx_caution"": 1470.0, ""fx_critical"": 1490.0, ""nasdaq_caution"": -1.5, ""nasdaq_critical"": -2.5, ""rec_limit_default"": 5, ""rec_limit_caution"": 3, ""ml_low"": 5.0, ""ml_high"": 25.0, ""ml_max_weight"": 0.2, ""ml_cov_gate"": 0.2, ""trim_pct"": 0.1, ""ebs_pass_threshold"": 3, ""macro_weights"": {""CRITICAL"": [0.55, 0.25], ""HIGH"": [0.5, 0.3], ""NORMAL"": [0.4, 0.4]}, ""slippage_base_bps"": 10.0, ""slippage_low_liq_mult"": 3.0, ""slippage_liq_threshold_eok"": 20.0, ""liq_penalty_very_low_eok"": 5.0, ""liq_penalty_very_low_pts"": 8.0, ""liq_penalty_low_eok"": 10.0, ""liq_penalty_low_pts"": 4.0, ""time_stop_days"": 7, ""time_stop_min_move_pct"": 2.0, ""time_stop_extend_if_profit"": true, ""config_version"": ""2.0.0"", ""_snapshot_ts"": ""2026-03-11T18:59:21.533438""}",2.0.0,OK,,True,True,True,True,,,,,100.0,ATTACK
21,460860,동국제강,KOSPI,철강·금속,8990,68.7,10000.0,0,,WAIT,WAIT,3,False,False,True,49.0,49.0,74.9,37.5,20.3,0.0,9010.0,7860.0,11740.0,12830.0,,0.72,0.55,9089,3.94,특이사항 없음,0,1.61,53.7,1.33,STRUCT 강점,,,추세 관망,NORMAL,64.9,1차 철강 제조업,6870000000.0,83.3,20.62,0,0,1.92,9.88,0.56,7.65,6.12,-6.15,-0.99,-28.9,,0.234,0.234,1,12.0,0,0,1.96,0.26,14200.0,SWING_20D,80.0,FIBO_1.272,40.0,FIBO_1.618,25.0,v1_sl_first_gap_at_open,12.76,5.0,2.4,NORMAL+PM_BLOCK_INTRADAY+EF:정상,enter,100.0,1,-1,10769.0,-0.88,-0.0737,False,O,▲,9072,▼,X,X,0,0,0,2.94,250.0,0.0,1.0,-1.0,1.0,0.0,1차 철강 제조업,32.39666666666667,10.593333333333334,5.0,20.3,27.730243398825138,27.730243398825138,6,1,0.4,0.4,0.2,STRUCT+TIMING+AI+SECTOR,pullback,58.6,7.0,70.0,20260311,20260311,,49.0,49.0,49.0,35.02,22.53,0.3,,True,FALLBACK,3.0,0,,"{""lookback_days"": 250, ""bench_lookback_days"": 60, ""top_n"": 600, ""min_turnover_eok"": 50, ""min_mcap_eok"": 1000, ""max_workers"": 4, ""pass_ebs"": 4, ""cache_format"": ""parquet"", ""rsi_low"": 45.0, ""rsi_high"": 65.0, ""rsi_overheat"": 75.0, ""vol_quality_min"": 1.1, ""rsi_penalty_threshold"": 75.0, ""gap_pct_penalty_threshold"": 5.0, ""timing_attack_threshold"": 60.0, ""vol_quality_attack"": 1.3, ""bb_period"": 20, ""bb_std"": 2.0, ""bb_squeeze_bw"": 10.0, ""kc_period"": 20, ""kc_atr_period"": 20, ""kc_mult"": 1.5, ""bonus_bb_squeeze_score"": 3.0, ""bonus_bb_squeeze_entry"": 4.0, ""trigger_dist_wick_high"": 0.35, ""trigger_dist_wick_mid"": 0.25, ""trigger_ret_pct_dist"": 5.0, ""trigger_ret_pct_weak"": 3.0, ""trigger_range_pos_weak"": 0.6, ""trigger_vol_ratio_spike"": 3.0, ""mtf_struct_bonus"": 10.0, ""mtf_struct_penalty"": 15.0, ""mtf_min_weekly_bars"": 26, ""mtf_min_monthly_bars"": 12, ""w_rr"": 0.25, ""w_t1"": 0.18, ""w_sl"": 0.12, ""w_near"": 0.12, ""w_mom"": 0.1, ""w_liq"": 0.13, ""w_tec"": 0.1, ""w_sector"": 0.05, ""p_overheat_5d"": 6.0, ""p_overheat_10d"": 6.0, ""p_rsi_out"": 4.0, ""p_macd_neg"": 4.0, ""p_near_far"": 4.0, ""p_liq_low"": 4.0, ""p_vol_spike"": 2.0, ""p_big_sl"": 3.0, ""fx_caution"": 1470.0, ""fx_critical"": 1490.0, ""nasdaq_caution"": -1.5, ""nasdaq_critical"": -2.5, ""rec_limit_default"": 5, ""rec_limit_caution"": 3, ""ml_low"": 5.0, ""ml_high"": 25.0, ""ml_max_weight"": 0.2, ""ml_cov_gate"": 0.2, ""trim_pct"": 0.1, ""ebs_pass_threshold"": 3, ""macro_weights"": {""CRITICAL"": [0.55, 0.25], ""HIGH"": [0.5, 0.3], ""NORMAL"": [0.4, 0.4]}, ""slippage_base_bps"": 10.0, ""slippage_low_liq_mult"": 3.0, ""slippage_liq_threshold_eok"": 20.0, ""liq_penalty_very_low_eok"": 5.0, ""liq_penalty_very_low_pts"": 8.0, ""liq_penalty_low_eok"": 10.0, ""liq_penalty_low_pts"": 4.0, ""time_stop_days"": 7, ""time_stop_min_move_pct"": 2.0, ""time_stop_extend_if_profit"": true, ""config_version"": ""2.0.0"", ""_snapshot_ts"": ""2026-03-11T18:59:21.533438""}",2.0.0,OK,,True,True,True,True,,,,,100.0,ATTACK
22,453450,그리드위즈,KOSDAQ,서비스 기타,18680,61.37,10000.0,0,,WAIT,WAIT,3,False,False,True,47.3,47.3,55.4,44.9,35.9,0.0,18680.0,15870.0,24100.0,24800.0,,1.11,0.31,18357,14.98,특이사항 없음,0,3.9,55.4,2.75,저점추세 양호,,5일 급등,추세 관망,NORMAL,64.9,"그외 기타 전문, 과학 및 기술 서비스업",6137000000.0,87.3,27.81,0,0,0.7,16.75,-2.76,11.66,26.9,4.18,9.1,4.37,,0.125,0.125,1,12.0,0,0,0.75,0.38,27000.0,SWING_20D,80.0,ATR_3.5x,45.0,FIBO_1.272,40.0,v1_sl_first_gap_at_open,15.04,5.0,1.9,NORMAL+PM_BLOCK_INTRADAY+EF:정상,enter,100.0,1,-1,22948.0,1.75,-0.0486,False,O,▲,18492,▼,O,X,0,0,0,1.29,250.0,0.0,1.0,1.0,1.0,0.0,"그외 기타 전문, 과학 및 기술 서비스업",13.685,67.14333333333333,1.0,35.9,30.5,30.5,4,1,0.4,0.4,0.2,STRUCT+TIMING+AI+SECTOR,pullback,48.8,7.0,70.0,20260311,20260311,,47.3,47.3,47.3,35.02,22.53,0.3,,True,FALLBACK,3.0,0,,"{""lookback_days"": 250, ""bench_lookback_days"": 60, ""top_n"": 600, ""min_turnover_eok"": 50, ""min_mcap_eok"": 1000, ""max_workers"": 4, ""pass_ebs"": 4, ""cache_format"": ""parquet"", ""rsi_low"": 45.0, ""rsi_high"": 65.0, ""rsi_overheat"": 75.0, ""vol_quality_min"": 1.1, ""rsi_penalty_threshold"": 75.0, ""gap_pct_penalty_threshold"": 5.0, ""timing_attack_threshold"": 60.0, ""vol_quality_attack"": 1.3, ""bb_period"": 20, ""bb_std"": 2.0, ""bb_squeeze_bw"": 10.0, ""kc_period"": 20, ""kc_atr_period"": 20, ""kc_mult"": 1.5, ""bonus_bb_squeeze_score"": 3.0, ""bonus_bb_squeeze_entry"": 4.0, ""trigger_dist_wick_high"": 0.35, ""trigger_dist_wick_mid"": 0.25, ""trigger_ret_pct_dist"": 5.0, ""trigger_ret_pct_weak"": 3.0, ""trigger_range_pos_weak"": 0.6, ""trigger_vol_ratio_spike"": 3.0, ""mtf_struct_bonus"": 10.0, ""mtf_struct_penalty"": 15.0, ""mtf_min_weekly_bars"": 26, ""mtf_min_monthly_bars"": 12, ""w_rr"": 0.25, ""w_t1"": 0.18, ""w_sl"": 0.12, ""w_near"": 0.12, ""w_mom"": 0.1, ""w_liq"": 0.13, ""w_tec"": 0.1, ""w_sector"": 0.05, ""p_overheat_5d"": 6.0, ""p_overheat_10d"": 6.0, ""p_rsi_out"": 4.0, ""p_macd_neg"": 4.0, ""p_near_far"": 4.0, ""p_liq_low"": 4.0, ""p_vol_spike"": 2.0, ""p_big_sl"": 3.0, ""fx_caution"": 1470.0, ""fx_critical"": 1490.0, ""nasdaq_caution"": -1.5, ""nasdaq_critical"": -2.5, ""rec_limit_default"": 5, ""rec_limit_caution"": 3, ""ml_low"": 5.0, ""ml_high"": 25.0, ""ml_max_weight"": 0.2, ""ml_cov_gate"": 0.2, ""trim_pct"": 0.1, ""ebs_pass_threshold"": 3, ""macro_weights"": {""CRITICAL"": [0.55, 0.25], ""HIGH"": [0.5, 0.3], ""NORMAL"": [0.4, 0.4]}, ""slippage_base_bps"": 10.0, ""slippage_low_liq_mult"": 3.0, ""slippage_liq_threshold_eok"": 20.0, ""liq_penalty_very_low_eok"": 5.0, ""liq_penalty_very_low_pts"": 8.0, ""liq_penalty_low_eok"": 10.0, ""liq_penalty_low_pts"": 4.0, ""time_stop_days"": 7, ""time_stop_min_move_pct"": 2.0, ""time_stop_extend_if_profit"": true, ""config_version"": ""2.0.0"", ""_snapshot_ts"": ""2026-03-11T18:59:21.533438""}",2.0.0,OK,,True,True,True,True,,,,,100.0,ATTACK
23,329180,HD현대중공업,KOSPI,조선·기계·설비,580000,2444.55,100000.0,0,,WAIT,WAIT,3,False,False,True,46.4,46.4,46.0,64.6,11.0,0.0,590000.0,524000.0,630000.0,718000.0,,1.28,0.9,571408,1.63,특이사항 없음,0,-1.95,58.7,3.85,,,5일 급등,추세 관망,NORMAL,64.9,선박 및 보트 건조업,244455000000.0,62.1,20.41,0,0,1.2,15.46,-1.01,7.27,8.66,15.46,-1.37,-26.36,,0.234,0.234,1,12.0,1,0,1.09,0.69,748000.0,SWING_20D,80.0,ATR_3.5x,45.0,FIBO_1.618,25.0,v1_sl_first_gap_at_open,11.19,4.0,0.6,NORMAL+PM_BLOCK_INTRADAY+EF:정상,enter,100.0,1,-1,612300.0,3.25,0.1565,False,O,▼,569313,▼,O,X,12980,2360,15340,2.06,250.0,0.0,-1.0,1.0,1.0,0.0,선박 및 보트 건조업,16.365,-3.5611764705882356,9.0,11.0,55.77122497005564,55.77122497005564,4,1,0.4,0.4,0.2,STRUCT+TIMING+AI+SECTOR,default,default,default,70.0,20260311,20260311,,46.4,46.4,46.4,35.02,22.53,0.3,,True,FALLBACK,3.0,0,,"{""lookback_days"": 250, ""bench_lookback_days"": 60, ""top_n"": 600, ""min_turnover_eok"": 50, ""min_mcap_eok"": 1000, ""max_workers"": 4, ""pass_ebs"": 4, ""cache_format"": ""parquet"", ""rsi_low"": 45.0, ""rsi_high"": 65.0, ""rsi_overheat"": 75.0, ""vol_quality_min"": 1.1, ""rsi_penalty_threshold"": 75.0, ""gap_pct_penalty_threshold"": 5.0, ""timing_attack_threshold"": 60.0, ""vol_quality_attack"": 1.3, ""bb_period"": 20, ""bb_std"": 2.0, ""bb_squeeze_bw"": 10.0, ""kc_period"": 20, ""kc_atr_period"": 20, ""kc_mult"": 1.5, ""bonus_bb_squeeze_score"": 3.0, ""bonus_bb_squeeze_entry"": 4.0, ""trigger_dist_wick_high"": 0.35, ""trigger_dist_wick_mid"": 0.25, ""trigger_ret_pct_dist"": 5.0, ""trigger_ret_pct_weak"": 3.0, ""trigger_range_pos_weak"": 0.6, ""trigger_vol_ratio_spike"": 3.0, ""mtf_struct_bonus"": 10.0, ""mtf_struct_penalty"": 15.0, ""mtf_min_weekly_bars"": 26, ""mtf_min_monthly_bars"": 12, ""w_rr"": 0.25, ""w_t1"": 0.18, ""w_sl"": 0.12, ""w_near"": 0.12, ""w_mom"": 0.1, ""w_liq"": 0.13, ""w_tec"": 0.1, ""w_sector"": 0.05, ""p_overheat_5d"": 6.0, ""p_overheat_10d"": 6.0, ""p_rsi_out"": 4.0, ""p_macd_neg"": 4.0, ""p_near_far"": 4.0, ""p_liq_low"": 4.0, ""p_vol_spike"": 2.0, ""p_big_sl"": 3.0, ""fx_caution"": 1470.0, ""fx_critical"": 1490.0, ""nasdaq_caution"": -1.5, ""nasdaq_critical"": -2.5, ""rec_limit_default"": 5, ""rec_limit_caution"": 3, ""ml_low"": 5.0, ""ml_high"": 25.0, ""ml_max_weight"": 0.2, ""ml_cov_gate"": 0.2, ""trim_pct"": 0.1, ""ebs_pass_threshold"": 3, ""macro_weights"": {""CRITICAL"": [0.55, 0.25], ""HIGH"": [0.5, 0.3], ""NORMAL"": [0.4, 0.4]}, ""slippage_base_bps"": 10.0, ""slippage_low_liq_mult"": 3.0, ""slippage_liq_threshold_eok"": 20.0, ""liq_penalty_very_low_eok"": 5.0, ""liq_penalty_very_low_pts"": 8.0, ""liq_penalty_low_eok"": 10.0, ""liq_penalty_low_pts"": 4.0, ""time_stop_days"": 7, ""time_stop_min_move_pct"": 2.0, ""time_stop_extend_if_profit"": true, ""config_version"": ""2.0.0"", ""_snapshot_ts"": ""2026-03-11T18:59:21.533438""}",2.0.0,OK,,True,True,True,True,,,,,100.0,ATTACK
24,475960,토모큐브,KOSDAQ,기타,53400,101.86,10000.0,0,,WAIT,WAIT,3,False,False,True,41.1,41.1,58.0,16.5,56.3,0.0,54400.0,50600.0,67800.0,73400.0,,-0.55,0.55,53113,8.96,특이사항 없음,0,13.85,52.2,-8.05,저점추세 양호,,,추세 관망,NORMAL,64.9,사진장비 및 광학기기 제조업,10186000000.0,64.1,31.02,0,0,-1.09,0.37,-16.18,10.34,-7.17,23.08,7.78,-29.7,,0.202,0.163,1,12.0,0,0,1.15,0.39,74900.0,SWING_20D,80.0,ATR_3.5x,45.0,FIBO_1.272,40.0,v1_sl_first_gap_at_open,6.99,5.0,3.5,SWING+PM_BLOCK_INTRADAY+EF:정상,enter,100.0,0,1,51210.0,2.42,-0.4762,True,O,▲,58123,▼,X,X,0,0,0,1.27,250.0,0.0,1.0,1.0,1.0,0.0,사진장비 및 광학기기 제조업,15.143571428571429,3.6917857142857136,7.0,56.3,6.823041569227152,6.823041569227152,6,1,0.4,0.4,0.2,STRUCT+TIMING+AI+SECTOR,default,default,default,70.0,20260311,20260311,,41.1,41.1,41.1,35.02,22.53,0.3,,True,FALLBACK,3.0,0,,"{""lookback_days"": 250, ""bench_lookback_days"": 60, ""top_n"": 600, ""min_turnover_eok"": 50, ""min_mcap_eok"": 1000, ""max_workers"": 4, ""pass_ebs"": 4, ""cache_format"": ""parquet"", ""rsi_low"": 45.0, ""rsi_high"": 65.0, ""rsi_overheat"": 75.0, ""vol_quality_min"": 1.1, ""rsi_penalty_threshold"": 75.0, ""gap_pct_penalty_threshold"": 5.0, ""timing_attack_threshold"": 60.0, ""vol_quality_attack"": 1.3, ""bb_period"": 20, ""bb_std"": 2.0, ""bb_squeeze_bw"": 10.0, ""kc_period"": 20, ""kc_atr_period"": 20, ""kc_mult"": 1.5, ""bonus_bb_squeeze_score"": 3.0, ""bonus_bb_squeeze_entry"": 4.0, ""trigger_dist_wick_high"": 0.35, ""trigger_dist_wick_mid"": 0.25, ""trigger_ret_pct_dist"": 5.0, ""trigger_ret_pct_weak"": 3.0, ""trigger_range_pos_weak"": 0.6, ""trigger_vol_ratio_spike"": 3.0, ""mtf_struct_bonus"": 10.0, ""mtf_struct_penalty"": 15.0, ""mtf_min_weekly_bars"": 26, ""mtf_min_monthly_bars"": 12, ""w_rr"": 0.25, ""w_t1"": 0.18, ""w_sl"": 0.12, ""w_near"": 0.12, ""w_mom"": 0.1, ""w_liq"": 0.13, ""w_tec"": 0.1, ""w_sector"": 0.05, ""p_overheat_5d"": 6.0, ""p_overheat_10d"": 6.0, ""p_rsi_out"": 4.0, ""p_macd_neg"": 4.0, ""p_near_far"": 4.0, ""p_liq_low"": 4.0, ""p_vol_spike"": 2.0, ""p_big_sl"": 3.0, ""fx_caution"": 1470.0, ""fx_critical"": 1490.0, ""nasdaq_caution"": -1.5, ""nasdaq_critical"": -2.5, ""rec_limit_default"": 5, ""rec_limit_caution"": 3, ""ml_low"": 5.0, ""ml_high"": 25.0, ""ml_max_weight"": 0.2, ""ml_cov_gate"": 0.2, ""trim_pct"": 0.1, ""ebs_pass_threshold"": 3, ""macro_weights"": {""CRITICAL"": [0.55, 0.25], ""HIGH"": [0.5, 0.3], ""NORMAL"": [0.4, 0.4]}, ""slippage_base_bps"": 10.0, ""slippage_low_liq_mult"": 3.0, ""slippage_liq_threshold_eok"": 20.0, ""liq_penalty_very_low_eok"": 5.0, ""liq_penalty_very_low_pts"": 8.0, ""liq_penalty_low_eok"": 10.0, ""liq_penalty_low_pts"": 4.0, ""time_stop_days"": 7, ""time_stop_min_move_pct"": 2.0, ""time_stop_extend_if_profit"": true, ""config_version"": ""2.0.0"", ""_snapshot_ts"": ""2026-03-11T18:59:21.533438""}",2.0.0,OK,,True,True,True,True,,,,,100.0,ATTACK
25,397030,에이프릴바이오,KOSDAQ,기타,61600,271.64,30000.0,0,,WAIT,WAIT,3,False,False,True,40.5,40.5,63.0,30.9,14.5,0.0,61900.0,52600.0,74000.0,76200.0,,0.5,0.57,53830,125.06,특이사항 없음,0,6.55,47.1,-4.92,저점추세 양호,,,추세 관망,NORMAL,64.9,자연과학 및 공학 연구개발업,27164000000.0,65.3,34.09,0,0,1.64,11.93,-11.95,-4.18,52.84,142.75,-6.74,30.31,,0.061,0.031,1,12.0,0,0,1.44,0.45,84600.0,SWING_20D,80.0,BB_UPPER,75.0,ATR_3.5x,45.0,v1_sl_first_gap_at_open,15.02,5.0,1.3,NORMAL+PM_BLOCK_INTRADAY+EF:정상,enter,100.0,0,1,54060.0,14.99,-0.1074,False,O,▲,62561,▼,X,X,0,0,0,1.81,250.0,0.0,1.0,1.0,1.0,0.0,자연과학 및 공학 연구개발업,15.143571428571429,3.6917857142857136,7.0,14.5,15.646864205240854,15.646864205240854,6,1,0.4,0.4,0.2,STRUCT+TIMING+AI+SECTOR,default,default,default,70.0,20260311,20260311,,40.5,40.5,40.5,35.02,22.53,0.3,,True,FALLBACK,3.0,0,,"{""lookback_days"": 250, ""bench_lookback_days"": 60, ""top_n"": 600, ""min_turnover_eok"": 50, ""min_mcap_eok"": 1000, ""max_workers"": 4, ""pass_ebs"": 4, ""cache_format"": ""parquet"", ""rsi_low"": 45.0, ""rsi_high"": 65.0, ""rsi_overheat"": 75.0, ""vol_quality_min"": 1.1, ""rsi_penalty_threshold"": 75.0, ""gap_pct_penalty_threshold"": 5.0, ""timing_attack_threshold"": 60.0, ""vol_quality_attack"": 1.3, ""bb_period"": 20, ""bb_std"": 2.0, ""bb_squeeze_bw"": 10.0, ""kc_period"": 20, ""kc_atr_period"": 20, ""kc_mult"": 1.5, ""bonus_bb_squeeze_score"": 3.0, ""bonus_bb_squeeze_entry"": 4.0, ""trigger_dist_wick_high"": 0.35, ""trigger_dist_wick_mid"": 0.25, ""trigger_ret_pct_dist"": 5.0, ""trigger_ret_pct_weak"": 3.0, ""trigger_range_pos_weak"": 0.6, ""trigger_vol_ratio_spike"": 3.0, ""mtf_struct_bonus"": 10.0, ""mtf_struct_penalty"": 15.0, ""mtf_min_weekly_bars"": 26, ""mtf_min_monthly_bars"": 12, ""w_rr"": 0.25, ""w_t1"": 0.18, ""w_sl"": 0.12, ""w_near"": 0.12, ""w_mom"": 0.1, ""w_liq"": 0.13, ""w_tec"": 0.1, ""w_sector"": 0.05, ""p_overheat_5d"": 6.0, ""p_overheat_10d"": 6.0, ""p_rsi_out"": 4.0, ""p_macd_neg"": 4.0, ""p_near_far"": 4.0, ""p_liq_low"": 4.0, ""p_vol_spike"": 2.0, ""p_big_sl"": 3.0, ""fx_caution"": 1470.0, ""fx_critical"": 1490.0, ""nasdaq_caution"": -1.5, ""nasdaq_critical"": -2.5, ""rec_limit_default"": 5, ""rec_limit_caution"": 3, ""ml_low"": 5.0, ""ml_high"": 25.0, ""ml_max_weight"": 0.2, ""ml_cov_gate"": 0.2, ""trim_pct"": 0.1, ""ebs_pass_threshold"": 3, ""macro_weights"": {""CRITICAL"": [0.55, 0.25], ""HIGH"": [0.5, 0.3], ""NORMAL"": [0.4, 0.4]}, ""slippage_base_bps"": 10.0, ""slippage_low_liq_mult"": 3.0, ""slippage_liq_threshold_eok"": 20.0, ""liq_penalty_very_low_eok"": 5.0, ""liq_penalty_very_low_pts"": 8.0, ""liq_penalty_low_eok"": 10.0, ""liq_penalty_low_pts"": 4.0, ""time_stop_days"": 7, ""time_stop_min_move_pct"": 2.0, ""time_stop_extend_if_profit"": true, ""config_version"": ""2.0.0"", ""_snapshot_ts"": ""2026-03-11T18:59:21.533438""}",2.0.0,OK,,True,True,True,True,,,,,100.0,ATTACK
26,456040,OCI,KOSPI,화학·소재,82100,60.26,10000.0,0,,WAIT,WAIT,3,False,False,True,40.3,40.3,53.2,41.1,12.7,0.0,83400.0,71500.0,91600.0,103000.0,,1.44,0.63,73346,42.09,특이사항 없음,0,0.0,46.3,0.73,,,,추세 관망,NORMAL,64.9,기초 화학물질 제조업,6026000000.0,53.9,22.11,0,0,1.71,13.01,-3.02,9.74,34.52,53.87,1.1,-0.5,,0.114,0.114,1,12.0,0,0,1.63,0.59,114500.0,SWING_20D,80.0,ATR_3.5x,45.0,FIBO_1.618,25.0,v1_sl_first_gap_at_open,14.27,5.0,0.7,NORMAL+PM_BLOCK_INTRADAY+EF:정상,enter,100.0,1,-1,90130.0,13.71,0.0379,False,O,▲,80628,▼,O,X,0,0,0,1.83,250.0,0.0,1.0,1.0,1.0,0.0,기초 화학물질 제조업,15.3625,-0.6762499999999998,8.0,12.7,33.86113376864467,33.86113376864467,6,1,0.4,0.4,0.2,STRUCT+TIMING+AI+SECTOR,default,default,default,70.0,20260311,20260311,,40.3,40.3,40.3,35.02,22.53,0.3,,True,FALLBACK,3.0,0,,"{""lookback_days"": 250, ""bench_lookback_days"": 60, ""top_n"": 600, ""min_turnover_eok"": 50, ""min_mcap_eok"": 1000, ""max_workers"": 4, ""pass_ebs"": 4, ""cache_format"": ""parquet"", ""rsi_low"": 45.0, ""rsi_high"": 65.0, ""rsi_overheat"": 75.0, ""vol_quality_min"": 1.1, ""rsi_penalty_threshold"": 75.0, ""gap_pct_penalty_threshold"": 5.0, ""timing_attack_threshold"": 60.0, ""vol_quality_attack"": 1.3, ""bb_period"": 20, ""bb_std"": 2.0, ""bb_squeeze_bw"": 10.0, ""kc_period"": 20, ""kc_atr_period"": 20, ""kc_mult"": 1.5, ""bonus_bb_squeeze_score"": 3.0, ""bonus_bb_squeeze_entry"": 4.0, ""trigger_dist_wick_high"": 0.35, ""trigger_dist_wick_mid"": 0.25, ""trigger_ret_pct_dist"": 5.0, ""trigger_ret_pct_weak"": 3.0, ""trigger_range_pos_weak"": 0.6, ""trigger_vol_ratio_spike"": 3.0, ""mtf_struct_bonus"": 10.0, ""mtf_struct_penalty"": 15.0, ""mtf_min_weekly_bars"": 26, ""mtf_min_monthly_bars"": 12, ""w_rr"": 0.25, ""w_t1"": 0.18, ""w_sl"": 0.12, ""w_near"": 0.12, ""w_mom"": 0.1, ""w_liq"": 0.13, ""w_tec"": 0.1, ""w_sector"": 0.05, ""p_overheat_5d"": 6.0, ""p_overheat_10d"": 6.0, ""p_rsi_out"": 4.0, ""p_macd_neg"": 4.0, ""p_near_far"": 4.0, ""p_liq_low"": 4.0, ""p_vol_spike"": 2.0, ""p_big_sl"": 3.0, ""fx_caution"": 1470.0, ""fx_critical"": 1490.0, ""nasdaq_caution"": -1.5, ""nasdaq_critical"": -2.5, ""rec_limit_default"": 5, ""rec_limit_caution"": 3, ""ml_low"": 5.0, ""ml_high"": 25.0, ""ml_max_weight"": 0.2, ""ml_cov_gate"": 0.2, ""trim_pct"": 0.1, ""ebs_pass_threshold"": 3, ""macro_weights"": {""CRITICAL"": [0.55, 0.25], ""HIGH"": [0.5, 0.3], ""NORMAL"": [0.4, 0.4]}, ""slippage_base_bps"": 10.0, ""slippage_low_liq_mult"": 3.0, ""slippage_liq_threshold_eok"": 20.0, ""liq_penalty_very_low_eok"": 5.0, ""liq_penalty_very_low_pts"": 8.0, ""liq_penalty_low_eok"": 10.0, ""liq_penalty_low_pts"": 4.0, ""time_stop_days"": 7, ""time_stop_min_move_pct"": 2.0, ""time_stop_extend_if_profit"": true, ""config_version"": ""2.0.0"", ""_snapshot_ts"": ""2026-03-11T18:59:21.533438""}",2.0.0,OK,,True,True,True,True,,,,,100.0,ATTACK
27,287840,인투셀,KOSDAQ,기타,45850,109.29,10000.0,0,,WAIT,WAIT,3,False,False,True,39.4,39.4,1.1,55.6,83.7,0.0,46500.0,39500.0,55500.0,69000.0,,1.96,1.24,56665,22.71,특이사항 없음,0,-13.54,39.7,-2.79,AI 강점,,5일 급등,추세 관망,NORMAL,64.9,자연과학 및 공학 연구개발업,10929000000.0,45.3,33.22,0,0,2.54,16.4,-9.18,-2.11,-25.12,45.31,-4.67,-47.65,,0.743,0.114,1,12.0,0,0,1.04,0.49,74900.0,SWING_20D,80.0,SWING_60D,60.0,SWING_120D,45.0,v1_sl_first_gap_at_open,15.05,5.0,1.3,NORMAL+PM_BLOCK_INTRADAY+EF:정상,enter,100.0,0,-1,50430.0,-17.94,0.1434,False,X,▼,42295,▼,O,X,0,0,0,2.65,194.0,0.0,-1.0,0.0,0.0,0.0,자연과학 및 공학 연구개발업,15.143571428571429,3.6917857142857136,7.0,83.7,50.0,50.0,2,0,0.4,0.4,0.2,STRUCT+TIMING+AI+SECTOR,default,default,default,70.0,20260311,20260311,,39.4,39.4,39.4,35.02,22.53,0.3,,True,FALLBACK,3.0,0,,"{""lookback_days"": 250, ""bench_lookback_days"": 60, ""top_n"": 600, ""min_turnover_eok"": 50, ""min_mcap_eok"": 1000, ""max_workers"": 4, ""pass_ebs"": 4, ""cache_format"": ""parquet"", ""rsi_low"": 45.0, ""rsi_high"": 65.0, ""rsi_overheat"": 75.0, ""vol_quality_min"": 1.1, ""rsi_penalty_threshold"": 75.0, ""gap_pct_penalty_threshold"": 5.0, ""timing_attack_threshold"": 60.0, ""vol_quality_attack"": 1.3, ""bb_period"": 20, ""bb_std"": 2.0, ""bb_squeeze_bw"": 10.0, ""kc_period"": 20, ""kc_atr_period"": 20, ""kc_mult"": 1.5, ""bonus_bb_squeeze_score"": 3.0, ""bonus_bb_squeeze_entry"": 4.0, ""trigger_dist_wick_high"": 0.35, ""trigger_dist_wick_mid"": 0.25, ""trigger_ret_pct_dist"": 5.0, ""trigger_ret_pct_weak"": 3.0, ""trigger_range_pos_weak"": 0.6, ""trigger_vol_ratio_spike"": 3.0, ""mtf_struct_bonus"": 10.0, ""mtf_struct_penalty"": 15.0, ""mtf_min_weekly_bars"": 26, ""mtf_min_monthly_bars"": 12, ""w_rr"": 0.25, ""w_t1"": 0.18, ""w_sl"": 0.12, ""w_near"": 0.12, ""w_mom"": 0.1, ""w_liq"": 0.13, ""w_tec"": 0.1, ""w_sector"": 0.05, ""p_overheat_5d"": 6.0, ""p_overheat_10d"": 6.0, ""p_rsi_out"": 4.0, ""p_macd_neg"": 4.0, ""p_near_far"": 4.0, ""p_liq_low"": 4.0, ""p_vol_spike"": 2.0, ""p_big_sl"": 3.0, ""fx_caution"": 1470.0, ""fx_critical"": 1490.0, ""nasdaq_caution"": -1.5, ""nasdaq_critical"": -2.5, ""rec_limit_default"": 5, ""rec_limit_caution"": 3, ""ml_low"": 5.0, ""ml_high"": 25.0, ""ml_max_weight"": 0.2, ""ml_cov_gate"": 0.2, ""trim_pct"": 0.1, ""ebs_pass_threshold"": 3, ""macro_weights"": {""CRITICAL"": [0.55, 0.25], ""HIGH"": [0.5, 0.3], ""NORMAL"": [0.4, 0.4]}, ""slippage_base_bps"": 10.0, ""slippage_low_liq_mult"": 3.0, ""slippage_liq_threshold_eok"": 20.0, ""liq_penalty_very_low_eok"": 5.0, ""liq_penalty_very_low_pts"": 8.0, ""liq_penalty_low_eok"": 10.0, ""liq_penalty_low_pts"": 4.0, ""time_stop_days"": 7, ""time_stop_min_move_pct"": 2.0, ""time_stop_extend_if_profit"": true, ""config_version"": ""2.0.0"", ""_snapshot_ts"": ""2026-03-11T18:59:21.533438""}",2.0.0,OK,,True,True,True,True,,,,,100.0,ATTACK
28,100090,SK오션플랜트,KOSPI,철강·금속,18220,73.89,10000.0,0,,WAIT,WAIT,3,False,False,True,34.5,34.5,26.2,24.1,71.9,0.0,18210.0,16100.0,20200.0,27250.0,,1.47,0.71,19217,-33.16,특이사항 없음,0,-8.26,51.2,0.28,AI 강점,,5일 급등,추세 관망,NORMAL,64.9,1차 철강 제조업,7389000000.0,62.5,23.47,0,0,2.19,19.41,-5.11,4.12,0.94,-28.31,-4.52,-34.08,,0.942,0.229,0,12.0,1,0,1.18,0.62,31500.0,SWING_20D,80.0,VP_RESISTANCE,65.0,SWING_120D,45.0,v1_sl_first_gap_at_open,11.59,5.0,0.9,NORMAL+PM_BLOCK_INTRADAY+EF:정상,enter,100.0,1,-1,19240.0,-5.24,0.1721,False,X,▼,17657,▼,O,X,0,0,0,1.57,250.0,0.0,-1.0,-1.0,1.0,0.0,1차 철강 제조업,32.39666666666667,10.593333333333334,5.0,71.9,36.13456076933849,36.13456076933849,6,1,0.4,0.4,0.2,STRUCT+TIMING+AI+SECTOR,default,default,default,70.0,20260311,20260311,,34.5,34.5,34.5,35.02,22.53,0.3,,True,FALLBACK,3.0,0,,"{""lookback_days"": 250, ""bench_lookback_days"": 60, ""top_n"": 600, ""min_turnover_eok"": 50, ""min_mcap_eok"": 1000, ""max_workers"": 4, ""pass_ebs"": 4, ""cache_format"": ""parquet"", ""rsi_low"": 45.0, ""rsi_high"": 65.0, ""rsi_overheat"": 75.0, ""vol_quality_min"": 1.1, ""rsi_penalty_threshold"": 75.0, ""gap_pct_penalty_threshold"": 5.0, ""timing_attack_threshold"": 60.0, ""vol_quality_attack"": 1.3, ""bb_period"": 20, ""bb_std"": 2.0, ""bb_squeeze_bw"": 10.0, ""kc_period"": 20, ""kc_atr_period"": 20, ""kc_mult"": 1.5, ""bonus_bb_squeeze_score"": 3.0, ""bonus_bb_squeeze_entry"": 4.0, ""trigger_dist_wick_high"": 0.35, ""trigger_dist_wick_mid"": 0.25, ""trigger_ret_pct_dist"": 5.0, ""trigger_ret_pct_weak"": 3.0, ""trigger_range_pos_weak"": 0.6, ""trigger_vol_ratio_spike"": 3.0, ""mtf_struct_bonus"": 10.0, ""mtf_struct_penalty"": 15.0, ""mtf_min_weekly_bars"": 26, ""mtf_min_monthly_bars"": 12, ""w_rr"": 0.25, ""w_t1"": 0.18, ""w_sl"": 0.12, ""w_near"": 0.12, ""w_mom"": 0.1, ""w_liq"": 0.13, ""w_tec"": 0.1, ""w_sector"": 0.05, ""p_overheat_5d"": 6.0, ""p_overheat_10d"": 6.0, ""p_rsi_out"": 4.0, ""p_macd_neg"": 4.0, ""p_near_far"": 4.0, ""p_liq_low"": 4.0, ""p_vol_spike"": 2.0, ""p_big_sl"": 3.0, ""fx_caution"": 1470.0, ""fx_critical"": 1490.0, ""nasdaq_caution"": -1.5, ""nasdaq_critical"": -2.5, ""rec_limit_default"": 5, ""rec_limit_caution"": 3, ""ml_low"": 5.0, ""ml_high"": 25.0, ""ml_max_weight"": 0.2, ""ml_cov_gate"": 0.2, ""trim_pct"": 0.1, ""ebs_pass_threshold"": 3, ""macro_weights"": {""CRITICAL"": [0.55, 0.25], ""HIGH"": [0.5, 0.3], ""NORMAL"": [0.4, 0.4]}, ""slippage_base_bps"": 10.0, ""slippage_low_liq_mult"": 3.0, ""slippage_liq_threshold_eok"": 20.0, ""liq_penalty_very_low_eok"": 5.0, ""liq_penalty_very_low_pts"": 8.0, ""liq_penalty_low_eok"": 10.0, ""liq_penalty_low_pts"": 4.0, ""time_stop_days"": 7, ""time_stop_min_move_pct"": 2.0, ""time_stop_extend_if_profit"": true, ""config_version"": ""2.0.0"", ""_snapshot_ts"": ""2026-03-11T18:59:21.533438""}",2.0.0,OK,,True,True,True,True,,,,,100.0,ATTACK
29,389650,넥스트바이오메디컬,KOSDAQ,기타,70900,63.05,10000.0,0,,WAIT,WAIT,3,False,False,True,33.7,33.7,20.0,26.3,75.9,0.0,71200.0,60500.0,79800.0,97500.0,,0.81,0.93,80356,-14.4,특이사항 없음,2,-12.64,49.4,-2.38,AI 강점,,5일 급등,추세 관망,NORMAL,64.9,의료용 기기 제조업,6305000000.0,51.7,22.17,1,0,0.71,16.91,-8.37,-6.32,-21.41,-6.68,-8.88,-43.94,,0.747,0.366,0,12.0,0,0,1.49,0.55,101000.0,SWING_20D,80.0,SWING_60D,60.0,SWING_120D,45.0,v1_sl_first_gap_at_open,15.03,5.0,0.8,NORMAL+PM_BLOCK_INTRADAY+EF:정상,enter,100.0,0,-1,81570.0,-11.39,0.218,False,X,▲,69579,▼,O,X,0,0,0,2.97,250.0,0.0,1.0,1.0,1.0,0.0,의료용 기기 제조업,15.143571428571429,3.6917857142857136,7.0,75.9,32.68584043533561,32.68584043533561,8,1,0.4,0.4,0.2,STRUCT+TIMING+AI+SECTOR,default,default,default,70.0,20260311,20260311,,33.7,33.7,33.7,35.02,22.53,0.3,,True,FALLBACK,3.0,0,,"{""lookback_days"": 250, ""bench_lookback_days"": 60, ""top_n"": 600, ""min_turnover_eok"": 50, ""min_mcap_eok"": 1000, ""max_workers"": 4, ""pass_ebs"": 4, ""cache_format"": ""parquet"", ""rsi_low"": 45.0, ""rsi_high"": 65.0, ""rsi_overheat"": 75.0, ""vol_quality_min"": 1.1, ""rsi_penalty_threshold"": 75.0, ""gap_pct_penalty_threshold"": 5.0, ""timing_attack_threshold"": 60.0, ""vol_quality_attack"": 1.3, ""bb_period"": 20, ""bb_std"": 2.0, ""bb_squeeze_bw"": 10.0, ""kc_period"": 20, ""kc_atr_period"": 20, ""kc_mult"": 1.5, ""bonus_bb_squeeze_score"": 3.0, ""bonus_bb_squeeze_entry"": 4.0, ""trigger_dist_wick_high"": 0.35, ""trigger_dist_wick_mid"": 0.25, ""trigger_ret_pct_dist"": 5.0, ""trigger_ret_pct_weak"": 3.0, ""trigger_range_pos_weak"": 0.6, ""trigger_vol_ratio_spike"": 3.0, ""mtf_struct_bonus"": 10.0, ""mtf_struct_penalty"": 15.0, ""mtf_min_weekly_bars"": 26, ""mtf_min_monthly_bars"": 12, ""w_rr"": 0.25, ""w_t1"": 0.18, ""w_sl"": 0.12, ""w_near"": 0.12, ""w_mom"": 0.1, ""w_liq"": 0.13, ""w_tec"": 0.1, ""w_sector"": 0.05, ""p_overheat_5d"": 6.0, ""p_overheat_10d"": 6.0, ""p_rsi_out"": 4.0, ""p_macd_neg"": 4.0, ""p_near_far"": 4.0, ""p_liq_low"": 4.0, ""p_vol_spike"": 2.0, ""p_big_sl"": 3.0, ""fx_caution"": 1470.0, ""fx_critical"": 1490.0, ""nasdaq_caution"": -1.5, ""nasdaq_critical"": -2.5, ""rec_limit_default"": 5, ""rec_limit_caution"": 3, ""ml_low"": 5.0, ""ml_high"": 25.0, ""ml_max_weight"": 0.2, ""ml_cov_gate"": 0.2, ""trim_pct"": 0.1, ""ebs_pass_threshold"": 3, ""macro_weights"": {""CRITICAL"": [0.55, 0.25], ""HIGH"": [0.5, 0.3], ""NORMAL"": [0.4, 0.4]}, ""slippage_base_bps"": 10.0, ""slippage_low_liq_mult"": 3.0, ""slippage_liq_threshold_eok"": 20.0, ""liq_penalty_very_low_eok"": 5.0, ""liq_penalty_very_low_pts"": 8.0, ""liq_penalty_low_eok"": 10.0, ""liq_penalty_low_pts"": 4.0, ""time_stop_days"": 7, ""time_stop_min_move_pct"": 2.0, ""time_stop_extend_if_profit"": true, ""config_version"": ""2.0.0"", ""_snapshot_ts"": ""2026-03-11T18:59:21.533438""}",2.0.0,OK,,True,True,True,True,,,,,100.0,ATTACK
30,195940,HK이노엔,KOSDAQ GLOBAL,바이오·의약품,49300,121.39,10000.0,0,,WAIT,WAIT,3,False,False,True,32.3,32.3,16.7,33.8,60.6,0.0,49350.0,44050.0,58600.0,60400.0,,0.02,0.68,52066,0.2,특이사항 없음,0,-11.06,40.8,-7.48,,,저점 이탈,추세 관망,NORMAL,64.9,의약품 제조업,12139000000.0,57.3,26.14,0,0,0.1,8.34,-13.42,-8.78,-4.17,4.11,,,,0.593,0.507,1,11.5,0,0,1.36,0.3,62400.0,SWING_20D,80.0,BB_UPPER,75.0,FIBO_1.272,40.0,v1_sl_first_gap_at_open,10.74,5.0,1.7,SWING+PM_BLOCK_INTRADAY+EF:정상,enter,100.0,0,-1,56070.0,-5.22,0.114,False,X,▲,48281,▼,O,X,0,0,0,1.42,250.0,0.0,1.0,1.0,1.0,0.0,의약품 제조업,17.91,20.134999999999998,6.0,60.6,26.83242543051847,26.83242543051847,4,1,0.4,0.4,0.2,STRUCT+TIMING+AI+SECTOR,default,default,default,70.0,20260311,20260311,,32.3,32.3,32.3,35.02,22.53,0.3,,True,FALLBACK,3.0,0,,"{""lookback_days"": 250, ""bench_lookback_days"": 60, ""top_n"": 600, ""min_turnover_eok"": 50, ""min_mcap_eok"": 1000, ""max_workers"": 4, ""pass_ebs"": 4, ""cache_format"": ""parquet"", ""rsi_low"": 45.0, ""rsi_high"": 65.0, ""rsi_overheat"": 75.0, ""vol_quality_min"": 1.1, ""rsi_penalty_threshold"": 75.0, ""gap_pct_penalty_threshold"": 5.0, ""timing_attack_threshold"": 60.0, ""vol_quality_attack"": 1.3, ""bb_period"": 20, ""bb_std"": 2.0, ""bb_squeeze_bw"": 10.0, ""kc_period"": 20, ""kc_atr_period"": 20, ""kc_mult"": 1.5, ""bonus_bb_squeeze_score"": 3.0, ""bonus_bb_squeeze_entry"": 4.0, ""trigger_dist_wick_high"": 0.35, ""trigger_dist_wick_mid"": 0.25, ""trigger_ret_pct_dist"": 5.0, ""trigger_ret_pct_weak"": 3.0, ""trigger_range_pos_weak"": 0.6, ""trigger_vol_ratio_spike"": 3.0, ""mtf_struct_bonus"": 10.0, ""mtf_struct_penalty"": 15.0, ""mtf_min_weekly_bars"": 26, ""mtf_min_monthly_bars"": 12, ""w_rr"": 0.25, ""w_t1"": 0.18, ""w_sl"": 0.12, ""w_near"": 0.12, ""w_mom"": 0.1, ""w_liq"": 0.13, ""w_tec"": 0.1, ""w_sector"": 0.05, ""p_overheat_5d"": 6.0, ""p_overheat_10d"": 6.0, ""p_rsi_out"": 4.0, ""p_macd_neg"": 4.0, ""p_near_far"": 4.0, ""p_liq_low"": 4.0, ""p_vol_spike"": 2.0, ""p_big_sl"": 3.0, ""fx_caution"": 1470.0, ""fx_critical"": 1490.0, ""nasdaq_caution"": -1.5, ""nasdaq_critical"": -2.5, ""rec_limit_default"": 5, ""rec_limit_caution"": 3, ""ml_low"": 5.0, ""ml_high"": 25.0, ""ml_max_weight"": 0.2, ""ml_cov_gate"": 0.2, ""trim_pct"": 0.1, ""ebs_pass_threshold"": 3, ""macro_weights"": {""CRITICAL"": [0.55, 0.25], ""HIGH"": [0.5, 0.3], ""NORMAL"": [0.4, 0.4]}, ""slippage_base_bps"": 10.0, ""slippage_low_liq_mult"": 3.0, ""slippage_liq_threshold_eok"": 20.0, ""liq_penalty_very_low_eok"": 5.0, ""liq_penalty_very_low_pts"": 8.0, ""liq_penalty_low_eok"": 10.0, ""liq_penalty_low_pts"": 4.0, ""time_stop_days"": 7, ""time_stop_min_move_pct"": 2.0, ""time_stop_extend_if_profit"": true, ""config_version"": ""2.0.0"", ""_snapshot_ts"": ""2026-03-11T18:59:21.533438""}",2.0.0,OK,,True,True,True,True,,,,,100.0,ATTACK
31,358570,지아이이노베이션,KOSDAQ,기타,13140,229.62,30000.0,0,,WAIT,WAIT,3,False,False,True,30.4,30.4,0.0,33.7,84.6,0.0,13230.0,12590.0,17320.0,18920.0,,-0.65,1.36,16057,-30.05,특이사항 없음,4,0.46,41.7,-10.27,AI 강점,,,추세 관망,NORMAL,64.9,자연과학 및 공학 연구개발업,22962000000.0,69.3,24.25,1,0,-5.09,0.68,-14.42,-4.89,-30.18,-26.58,-7.45,-52.71,,1.0,0.143,0,12.0,1,0,1.17,0.07,20950.0,SWING_20D,80.0,VP_RESISTANCE,65.0,SWING_60D,60.0,v1_sl_first_gap_at_open,4.84,5.0,6.4,SWING+PM_BLOCK_INTRADAY+EF:정상,enter,100.0,0,-1,16298.0,-17.61,-0.3653,True,X,▼,14489,▼,X,X,0,0,0,0.22,250.0,0.0,-1.0,-1.0,1.0,0.0,자연과학 및 공학 연구개발업,15.143571428571429,3.6917857142857136,7.0,84.6,34.787905146973195,34.787905146973195,6,1,0.4,0.4,0.2,STRUCT+TIMING+AI+SECTOR,default,default,default,70.0,20260311,20260311,,30.4,30.4,30.4,35.02,22.53,0.3,,True,FALLBACK,3.0,0,,"{""lookback_days"": 250, ""bench_lookback_days"": 60, ""top_n"": 600, ""min_turnover_eok"": 50, ""min_mcap_eok"": 1000, ""max_workers"": 4, ""pass_ebs"": 4, ""cache_format"": ""parquet"", ""rsi_low"": 45.0, ""rsi_high"": 65.0, ""rsi_overheat"": 75.0, ""vol_quality_min"": 1.1, ""rsi_penalty_threshold"": 75.0, ""gap_pct_penalty_threshold"": 5.0, ""timing_attack_threshold"": 60.0, ""vol_quality_attack"": 1.3, ""bb_period"": 20, ""bb_std"": 2.0, ""bb_squeeze_bw"": 10.0, ""kc_period"": 20, ""kc_atr_period"": 20, ""kc_mult"": 1.5, ""bonus_bb_squeeze_score"": 3.0, ""bonus_bb_squeeze_entry"": 4.0, ""trigger_dist_wick_high"": 0.35, ""trigger_dist_wick_mid"": 0.25, ""trigger_ret_pct_dist"": 5.0, ""trigger_ret_pct_weak"": 3.0, ""trigger_range_pos_weak"": 0.6, ""trigger_vol_ratio_spike"": 3.0, ""mtf_struct_bonus"": 10.0, ""mtf_struct_penalty"": 15.0, ""mtf_min_weekly_bars"": 26, ""mtf_min_monthly_bars"": 12, ""w_rr"": 0.25, ""w_t1"": 0.18, ""w_sl"": 0.12, ""w_near"": 0.12, ""w_mom"": 0.1, ""w_liq"": 0.13, ""w_tec"": 0.1, ""w_sector"": 0.05, ""p_overheat_5d"": 6.0, ""p_overheat_10d"": 6.0, ""p_rsi_out"": 4.0, ""p_macd_neg"": 4.0, ""p_near_far"": 4.0, ""p_liq_low"": 4.0, ""p_vol_spike"": 2.0, ""p_big_sl"": 3.0, ""fx_caution"": 1470.0, ""fx_critical"": 1490.0, ""nasdaq_caution"": -1.5, ""nasdaq_critical"": -2.5, ""rec_limit_default"": 5, ""rec_limit_caution"": 3, ""ml_low"": 5.0, ""ml_high"": 25.0, ""ml_max_weight"": 0.2, ""ml_cov_gate"": 0.2, ""trim_pct"": 0.1, ""ebs_pass_threshold"": 3, ""macro_weights"": {""CRITICAL"": [0.55, 0.25], ""HIGH"": [0.5, 0.3], ""NORMAL"": [0.4, 0.4]}, ""slippage_base_bps"": 10.0, ""slippage_low_liq_mult"": 3.0, ""slippage_liq_threshold_eok"": 20.0, ""liq_penalty_very_low_eok"": 5.0, ""liq_penalty_very_low_pts"": 8.0, ""liq_penalty_low_eok"": 10.0, ""liq_penalty_low_pts"": 4.0, ""time_stop_days"": 7, ""time_stop_min_move_pct"": 2.0, ""time_stop_extend_if_profit"": true, ""config_version"": ""2.0.0"", ""_snapshot_ts"": ""2026-03-11T18:59:21.533438""}",2.0.0,OK,,True,True,True,True,,,,,100.0,ATTACK
32,465770,STX그린로지스,KOSPI,기타,6520,97.43,10000.0,0,,WAIT,WAIT,3,False,False,True,27.1,27.1,20.4,2.2,90.2,0.0,6520.0,5540.0,9600.0,10730.0,,-0.27,0.37,7632,-13.77,특이사항 없음,0,1.56,55.4,-2.18,AI 강점,,,추세 관망,NORMAL,64.9,해상 운송업,9743000000.0,60.9,39.3,0,0,-3.69,-21.92,-2.25,6.71,0.62,-15.87,-1.93,-34.4,,0.824,0.158,0,12.0,1,0,4.19,0.2,12160.0,SWING_20D,80.0,FIBO_1.272,40.0,FIBO_1.618,25.0,v1_sl_first_gap_at_open,15.03,5.0,3.1,NORMAL+PM_BLOCK_INTRADAY+EF:정상,enter,100.0,0,1,6284.0,-14.58,-0.6532,False,O,▼,7386,▼,X,X,0,0,0,-0.59,249.0,0.0,-1.0,-1.0,1.0,0.0,해상 운송업,15.143571428571429,3.6917857142857136,7.0,90.2,11.0,11.0,6,1,0.4,0.4,0.2,STRUCT+TIMING+AI+SECTOR,default,default,default,70.0,20260311,20260311,,27.1,27.1,27.1,35.02,22.53,0.3,,True,FALLBACK,3.0,0,,"{""lookback_days"": 250, ""bench_lookback_days"": 60, ""top_n"": 600, ""min_turnover_eok"": 50, ""min_mcap_eok"": 1000, ""max_workers"": 4, ""pass_ebs"": 4, ""cache_format"": ""parquet"", ""rsi_low"": 45.0, ""rsi_high"": 65.0, ""rsi_overheat"": 75.0, ""vol_quality_min"": 1.1, ""rsi_penalty_threshold"": 75.0, ""gap_pct_penalty_threshold"": 5.0, ""timing_attack_threshold"": 60.0, ""vol_quality_attack"": 1.3, ""bb_period"": 20, ""bb_std"": 2.0, ""bb_squeeze_bw"": 10.0, ""kc_period"": 20, ""kc_atr_period"": 20, ""kc_mult"": 1.5, ""bonus_bb_squeeze_score"": 3.0, ""bonus_bb_squeeze_entry"": 4.0, ""trigger_dist_wick_high"": 0.35, ""trigger_dist_wick_mid"": 0.25, ""trigger_ret_pct_dist"": 5.0, ""trigger_ret_pct_weak"": 3.0, ""trigger_range_pos_weak"": 0.6, ""trigger_vol_ratio_spike"": 3.0, ""mtf_struct_bonus"": 10.0, ""mtf_struct_penalty"": 15.0, ""mtf_min_weekly_bars"": 26, ""mtf_min_monthly_bars"": 12, ""w_rr"": 0.25, ""w_t1"": 0.18, ""w_sl"": 0.12, ""w_near"": 0.12, ""w_mom"": 0.1, ""w_liq"": 0.13, ""w_tec"": 0.1, ""w_sector"": 0.05, ""p_overheat_5d"": 6.0, ""p_overheat_10d"": 6.0, ""p_rsi_out"": 4.0, ""p_macd_neg"": 4.0, ""p_near_far"": 4.0, ""p_liq_low"": 4.0, ""p_vol_spike"": 2.0, ""p_big_sl"": 3.0, ""fx_caution"": 1470.0, ""fx_critical"": 1490.0, ""nasdaq_caution"": -1.5, ""nasdaq_critical"": -2.5, ""rec_limit_default"": 5, ""rec_limit_caution"": 3, ""ml_low"": 5.0, ""ml_high"": 25.0, ""ml_max_weight"": 0.2, ""ml_cov_gate"": 0.2, ""trim_pct"": 0.1, ""ebs_pass_threshold"": 3, ""macro_weights"": {""CRITICAL"": [0.55, 0.25], ""HIGH"": [0.5, 0.3], ""NORMAL"": [0.4, 0.4]}, ""slippage_base_bps"": 10.0, ""slippage_low_liq_mult"": 3.0, ""slippage_liq_threshold_eok"": 20.0, ""liq_penalty_very_low_eok"": 5.0, ""liq_penalty_very_low_pts"": 8.0, ""liq_penalty_low_eok"": 10.0, ""liq_penalty_low_pts"": 4.0, ""time_stop_days"": 7, ""time_stop_min_move_pct"": 2.0, ""time_stop_extend_if_profit"": true, ""config_version"": ""2.0.0"", ""_snapshot_ts"": ""2026-03-11T18:59:21.533438""}",2.0.0,OK,,True,True,True,True,,,,,100.0,ATTACK
33,443060,HD현대마린솔루션,KOSPI,서비스 기타,174600,395.52,30000.0,0,,WAIT,WAIT,3,False,False,True,26.3,26.3,18.1,20.4,54.7,0.0,175100.0,157300.0,188800.0,204000.0,,0.93,0.89,183388,-3.58,특이사항 없음,0,-0.13,54.0,2.3,,,,추세 관망,NORMAL,64.9,"건축기술, 엔지니어링 및 관련 기술 서비스업",39552000000.0,44.7,18.47,0,0,6.85,11.75,-2.63,6.72,-9.84,-19.18,-1.92,-44.86,,0.876,0.508,0,10.9,1,0,1.04,0.64,209500.0,SWING_20D,80.0,SWING_60D,60.0,ATR_3.5x,45.0,v1_sl_first_gap_at_open,10.17,5.0,0.8,NORMAL+PM_BLOCK_INTRADAY+EF:정상,enter,100.0,1,-1,194270.0,-3.05,-0.0382,False,X,▼,171278,▼,O,X,0,0,0,1.56,250.0,0.0,-1.0,-1.0,1.0,0.0,"건축기술, 엔지니어링 및 관련 기술 서비스업",13.685,67.14333333333333,1.0,54.7,29.157481154851947,29.157481154851947,2,0,0.4,0.4,0.2,STRUCT+TIMING+AI+SECTOR,default,default,default,70.0,20260311,20260311,,26.3,26.3,26.3,35.02,22.53,0.3,,True,FALLBACK,3.0,0,,"{""lookback_days"": 250, ""bench_lookback_days"": 60, ""top_n"": 600, ""min_turnover_eok"": 50, ""min_mcap_eok"": 1000, ""max_workers"": 4, ""pass_ebs"": 4, ""cache_format"": ""parquet"", ""rsi_low"": 45.0, ""rsi_high"": 65.0, ""rsi_overheat"": 75.0, ""vol_quality_min"": 1.1, ""rsi_penalty_threshold"": 75.0, ""gap_pct_penalty_threshold"": 5.0, ""timing_attack_threshold"": 60.0, ""vol_quality_attack"": 1.3, ""bb_period"": 20, ""bb_std"": 2.0, ""bb_squeeze_bw"": 10.0, ""kc_period"": 20, ""kc_atr_period"": 20, ""kc_mult"": 1.5, ""bonus_bb_squeeze_score"": 3.0, ""bonus_bb_squeeze_entry"": 4.0, ""trigger_dist_wick_high"": 0.35, ""trigger_dist_wick_mid"": 0.25, ""trigger_ret_pct_dist"": 5.0, ""trigger_ret_pct_weak"": 3.0, ""trigger_range_pos_weak"": 0.6, ""trigger_vol_ratio_spike"": 3.0, ""mtf_struct_bonus"": 10.0, ""mtf_struct_penalty"": 15.0, ""mtf_min_weekly_bars"": 26, ""mtf_min_monthly_bars"": 12, ""w_rr"": 0.25, ""w_t1"": 0.18, ""w_sl"": 0.12, ""w_near"": 0.12, ""w_mom"": 0.1, ""w_liq"": 0.13, ""w_tec"": 0.1, ""w_sector"": 0.05, ""p_overheat_5d"": 6.0, ""p_overheat_10d"": 6.0, ""p_rsi_out"": 4.0, ""p_macd_neg"": 4.0, ""p_near_far"": 4.0, ""p_liq_low"": 4.0, ""p_vol_spike"": 2.0, ""p_big_sl"": 3.0, ""fx_caution"": 1470.0, ""fx_critical"": 1490.0, ""nasdaq_caution"": -1.5, ""nasdaq_critical"": -2.5, ""rec_limit_default"": 5, ""rec_limit_caution"": 3, ""ml_low"": 5.0, ""ml_high"": 25.0, ""ml_max_weight"": 0.2, ""ml_cov_gate"": 0.2, ""trim_pct"": 0.1, ""ebs_pass_threshold"": 3, ""macro_weights"": {""CRITICAL"": [0.55, 0.25], ""HIGH"": [0.5, 0.3], ""NORMAL"": [0.4, 0.4]}, ""slippage_base_bps"": 10.0, ""slippage_low_liq_mult"": 3.0, ""slippage_liq_threshold_eok"": 20.0, ""liq_penalty_very_low_eok"": 5.0, ""liq_penalty_very_low_pts"": 8.0, ""liq_penalty_low_eok"": 10.0, ""liq_penalty_low_pts"": 4.0, ""time_stop_days"": 7, ""time_stop_min_move_pct"": 2.0, ""time_stop_extend_if_profit"": true, ""config_version"": ""2.0.0"", ""_snapshot_ts"": ""2026-03-11T18:59:21.533438""}",2.0.0,OK,,True,True,True,True,,,,,100.0,ATTACK
34,271940,일진하이솔루스,KOSPI,기타,16650,101.75,10000.0,0,,WAIT,WAIT,3,False,False,True,25.1,25.1,30.5,25.8,13.1,0.0,16670.0,14230.0,19600.0,21200.0,,-0.11,0.77,15629,-9.44,특이사항 없음,0,17.52,58.2,6.99,저점추세 양호,,,추세 관망,NORMAL,64.9,그외 기타 운송장비 제조업,10175000000.0,68.3,40.12,0,0,-2.23,8.95,14.1,21.41,12.71,-1.42,12.77,-22.31,,0.493,0.32,0,12.0,1,0,0.66,0.56,22050.0,SWING_20D,80.0,SWING_120D,45.0,ATR_3.5x,45.0,v1_sl_first_gap_at_open,14.64,5.0,1.2,NORMAL+PM_BLOCK_INTRADAY+EF:정상,enter,100.0,1,-1,20878.0,6.66,-0.2239,False,O,▼,17913,▲,X,X,0,0,0,2.17,250.0,0.0,-1.0,-1.0,1.0,0.0,그외 기타 운송장비 제조업,15.143571428571429,3.6917857142857136,7.0,13.1,41.202637026814095,41.202637026814095,4,1,0.4,0.4,0.2,STRUCT+TIMING+AI+SECTOR,default,default,default,70.0,20260311,20260311,,25.1,25.1,25.1,35.02,22.53,0.3,,True,FALLBACK,3.0,0,,"{""lookback_days"": 250, ""bench_lookback_days"": 60, ""top_n"": 600, ""min_turnover_eok"": 50, ""min_mcap_eok"": 1000, ""max_workers"": 4, ""pass_ebs"": 4, ""cache_format"": ""parquet"", ""rsi_low"": 45.0, ""rsi_high"": 65.0, ""rsi_overheat"": 75.0, ""vol_quality_min"": 1.1, ""rsi_penalty_threshold"": 75.0, ""gap_pct_penalty_threshold"": 5.0, ""timing_attack_threshold"": 60.0, ""vol_quality_attack"": 1.3, ""bb_period"": 20, ""bb_std"": 2.0, ""bb_squeeze_bw"": 10.0, ""kc_period"": 20, ""kc_atr_period"": 20, ""kc_mult"": 1.5, ""bonus_bb_squeeze_score"": 3.0, ""bonus_bb_squeeze_entry"": 4.0, ""trigger_dist_wick_high"": 0.35, ""trigger_dist_wick_mid"": 0.25, ""trigger_ret_pct_dist"": 5.0, ""trigger_ret_pct_weak"": 3.0, ""trigger_range_pos_weak"": 0.6, ""trigger_vol_ratio_spike"": 3.0, ""mtf_struct_bonus"": 10.0, ""mtf_struct_penalty"": 15.0, ""mtf_min_weekly_bars"": 26, ""mtf_min_monthly_bars"": 12, ""w_rr"": 0.25, ""w_t1"": 0.18, ""w_sl"": 0.12, ""w_near"": 0.12, ""w_mom"": 0.1, ""w_liq"": 0.13, ""w_tec"": 0.1, ""w_sector"": 0.05, ""p_overheat_5d"": 6.0, ""p_overheat_10d"": 6.0, ""p_rsi_out"": 4.0, ""p_macd_neg"": 4.0, ""p_near_far"": 4.0, ""p_liq_low"": 4.0, ""p_vol_spike"": 2.0, ""p_big_sl"": 3.0, ""fx_caution"": 1470.0, ""fx_critical"": 1490.0, ""nasdaq_caution"": -1.5, ""nasdaq_critical"": -2.5, ""rec_limit_default"": 5, ""rec_limit_caution"": 3, ""ml_low"": 5.0, ""ml_high"": 25.0, ""ml_max_weight"": 0.2, ""ml_cov_gate"": 0.2, ""trim_pct"": 0.1, ""ebs_pass_threshold"": 3, ""macro_weights"": {""CRITICAL"": [0.55, 0.25], ""HIGH"": [0.5, 0.3], ""NORMAL"": [0.4, 0.4]}, ""slippage_base_bps"": 10.0, ""slippage_low_liq_mult"": 3.0, ""slippage_liq_threshold_eok"": 20.0, ""liq_penalty_very_low_eok"": 5.0, ""liq_penalty_very_low_pts"": 8.0, ""liq_penalty_low_eok"": 10.0, ""liq_penalty_low_pts"": 4.0, ""time_stop_days"": 7, ""time_stop_min_move_pct"": 2.0, ""time_stop_extend_if_profit"": true, ""config_version"": ""2.0.0"", ""_snapshot_ts"": ""2026-03-11T18:59:21.533438""}",2.0.0,OK,,True,True,True,True,,,,,100.0,ATTACK
35,232680,라온로보틱스,KOSDAQ,조선·기계·설비,14980,57.28,10000.0,0,,WAIT,WAIT,3,False,False,True,24.4,24.4,21.4,19.8,39.7,0.0,14980.0,12730.0,19070.0,23950.0,,1.16,0.62,16403,0.06,특이사항 없음,0,-18.94,40.1,-7.04,거래품질 우수,,5일 급등,추세 관망,NORMAL,64.9,특수 목적용 기계 제조업,5728000000.0,45.2,36.75,0,0,0.27,17.95,-8.38,-20.57,72.58,91.56,-23.13,50.05,,0.532,0.227,1,12.0,0,0,2.87,0.38,28200.0,SWING_20D,80.0,SWING_60D,60.0,FIBO_1.272,40.0,v1_sl_first_gap_at_open,15.02,5.0,1.8,NORMAL+PM_BLOCK_INTRADAY+EF:정상,enter,100.0,0,-1,17309.0,-8.68,0.4139,False,O,▲,14011,▼,O,X,0,0,0,2.41,250.0,0.0,1.0,1.0,1.0,0.0,특수 목적용 기계 제조업,16.365,-3.5611764705882356,9.0,39.7,17.847100637473112,17.847100637473112,4,1,0.4,0.4,0.2,STRUCT+TIMING+AI+SECTOR,default,default,default,70.0,20260311,20260311,,24.4,24.4,24.4,35.02,22.53,0.3,,True,FALLBACK,3.0,0,,"{""lookback_days"": 250, ""bench_lookback_days"": 60, ""top_n"": 600, ""min_turnover_eok"": 50, ""min_mcap_eok"": 1000, ""max_workers"": 4, ""pass_ebs"": 4, ""cache_format"": ""parquet"", ""rsi_low"": 45.0, ""rsi_high"": 65.0, ""rsi_overheat"": 75.0, ""vol_quality_min"": 1.1, ""rsi_penalty_threshold"": 75.0, ""gap_pct_penalty_threshold"": 5.0, ""timing_attack_threshold"": 60.0, ""vol_quality_attack"": 1.3, ""bb_period"": 20, ""bb_std"": 2.0, ""bb_squeeze_bw"": 10.0, ""kc_period"": 20, ""kc_atr_period"": 20, ""kc_mult"": 1.5, ""bonus_bb_squeeze_score"": 3.0, ""bonus_bb_squeeze_entry"": 4.0, ""trigger_dist_wick_high"": 0.35, ""trigger_dist_wick_mid"": 0.25, ""trigger_ret_pct_dist"": 5.0, ""trigger_ret_pct_weak"": 3.0, ""trigger_range_pos_weak"": 0.6, ""trigger_vol_ratio_spike"": 3.0, ""mtf_struct_bonus"": 10.0, ""mtf_struct_penalty"": 15.0, ""mtf_min_weekly_bars"": 26, ""mtf_min_monthly_bars"": 12, ""w_rr"": 0.25, ""w_t1"": 0.18, ""w_sl"": 0.12, ""w_near"": 0.12, ""w_mom"": 0.1, ""w_liq"": 0.13, ""w_tec"": 0.1, ""w_sector"": 0.05, ""p_overheat_5d"": 6.0, ""p_overheat_10d"": 6.0, ""p_rsi_out"": 4.0, ""p_macd_neg"": 4.0, ""p_near_far"": 4.0, ""p_liq_low"": 4.0, ""p_vol_spike"": 2.0, ""p_big_sl"": 3.0, ""fx_caution"": 1470.0, ""fx_critical"": 1490.0, ""nasdaq_caution"": -1.5, ""nasdaq_critical"": -2.5, ""rec_limit_default"": 5, ""rec_limit_caution"": 3, ""ml_low"": 5.0, ""ml_high"": 25.0, ""ml_max_weight"": 0.2, ""ml_cov_gate"": 0.2, ""trim_pct"": 0.1, ""ebs_pass_threshold"": 3, ""macro_weights"": {""CRITICAL"": [0.55, 0.25], ""HIGH"": [0.5, 0.3], ""NORMAL"": [0.4, 0.4]}, ""slippage_base_bps"": 10.0, ""slippage_low_liq_mult"": 3.0, ""slippage_liq_threshold_eok"": 20.0, ""liq_penalty_very_low_eok"": 5.0, ""liq_penalty_very_low_pts"": 8.0, ""liq_penalty_low_eok"": 10.0, ""liq_penalty_low_pts"": 4.0, ""time_stop_days"": 7, ""time_stop_min_move_pct"": 2.0, ""time_stop_extend_if_profit"": true, ""config_version"": ""2.0.0"", ""_snapshot_ts"": ""2026-03-11T18:59:21.533438""}",2.0.0,OK,,True,True,True,True,,,,,100.0,ATTACK
36,417010,나노팀,KOSDAQ,조선·기계·설비,10750,50.59,10000.0,0,,WAIT,WAIT,3,False,False,True,23.4,23.4,28.9,0.0,59.1,0.0,10590.0,9000.0,15250.0,18100.0,,1.37,0.33,10205,-10.34,특이사항 없음,0,-10.88,38.5,-8.06,거래품질 우수,,5일 급등,추세 관망,NORMAL,64.9,일반 목적용 기계 제조업,5059000000.0,67.6,49.12,0,0,3.46,23.14,-7.01,-2.71,121.19,120.29,-5.27,98.66,,0.383,0.295,0,12.0,0,0,3.78,0.32,21750.0,SWING_20D,80.0,FIBO_1.272,40.0,FIBO_1.618,25.0,v1_sl_first_gap_at_open,15.01,5.0,2.9,NORMAL+PM_BLOCK_INTRADAY+EF:정상,enter,100.0,0,1,8654.0,5.33,0.3705,False,O,▲,9710,▼,O,X,0,0,0,1.35,250.0,0.0,1.0,1.0,1.0,0.0,일반 목적용 기계 제조업,16.365,-3.5611764705882356,9.0,59.1,0.0,0.0,4,1,0.4,0.4,0.2,STRUCT+TIMING+AI+SECTOR,default,default,default,70.0,20260311,20260311,,23.4,23.4,23.4,35.02,22.53,0.3,,True,FALLBACK,3.0,0,,"{""lookback_days"": 250, ""bench_lookback_days"": 60, ""top_n"": 600, ""min_turnover_eok"": 50, ""min_mcap_eok"": 1000, ""max_workers"": 4, ""pass_ebs"": 4, ""cache_format"": ""parquet"", ""rsi_low"": 45.0, ""rsi_high"": 65.0, ""rsi_overheat"": 75.0, ""vol_quality_min"": 1.1, ""rsi_penalty_threshold"": 75.0, ""gap_pct_penalty_threshold"": 5.0, ""timing_attack_threshold"": 60.0, ""vol_quality_attack"": 1.3, ""bb_period"": 20, ""bb_std"": 2.0, ""bb_squeeze_bw"": 10.0, ""kc_period"": 20, ""kc_atr_period"": 20, ""kc_mult"": 1.5, ""bonus_bb_squeeze_score"": 3.0, ""bonus_bb_squeeze_entry"": 4.0, ""trigger_dist_wick_high"": 0.35, ""trigger_dist_wick_mid"": 0.25, ""trigger_ret_pct_dist"": 5.0, ""trigger_ret_pct_weak"": 3.0, ""trigger_range_pos_weak"": 0.6, ""trigger_vol_ratio_spike"": 3.0, ""mtf_struct_bonus"": 10.0, ""mtf_struct_penalty"": 15.0, ""mtf_min_weekly_bars"": 26, ""mtf_min_monthly_bars"": 12, ""w_rr"": 0.25, ""w_t1"": 0.18, ""w_sl"": 0.12, ""w_near"": 0.12, ""w_mom"": 0.1, ""w_liq"": 0.13, ""w_tec"": 0.1, ""w_sector"": 0.05, ""p_overheat_5d"": 6.0, ""p_overheat_10d"": 6.0, ""p_rsi_out"": 4.0, ""p_macd_neg"": 4.0, ""p_near_far"": 4.0, ""p_liq_low"": 4.0, ""p_vol_spike"": 2.0, ""p_big_sl"": 3.0, ""fx_caution"": 1470.0, ""fx_critical"": 1490.0, ""nasdaq_caution"": -1.5, ""nasdaq_critical"": -2.5, ""rec_limit_default"": 5, ""rec_limit_caution"": 3, ""ml_low"": 5.0, ""ml_high"": 25.0, ""ml_max_weight"": 0.2, ""ml_cov_gate"": 0.2, ""trim_pct"": 0.1, ""ebs_pass_threshold"": 3, ""macro_weights"": {""CRITICAL"": [0.55, 0.25], ""HIGH"": [0.5, 0.3], ""NORMAL"": [0.4, 0.4]}, ""slippage_base_bps"": 10.0, ""slippage_low_liq_mult"": 3.0, ""slippage_liq_threshold_eok"": 20.0, ""liq_penalty_very_low_eok"": 5.0, ""liq_penalty_very_low_pts"": 8.0, ""liq_penalty_low_eok"": 10.0, ""liq_penalty_low_pts"": 4.0, ""time_stop_days"": 7, ""time_stop_min_move_pct"": 2.0, ""time_stop_extend_if_profit"": true, ""config_version"": ""2.0.0"", ""_snapshot_ts"": ""2026-03-11T18:59:21.533438""}",2.0.0,OK,,True,True,True,True,,,,,100.0,ATTACK
37,454910,두산로보틱스,KOSPI,조선·기계·설비,89900,498.57,30000.0,0,,WAIT,WAIT,3,False,False,True,22.4,22.4,30.4,0.0,51.4,0.0,90700.0,77800.0,111600.0,114900.0,,0.37,0.31,102990,-15.26,특이사항 없음,0,-19.29,42.7,-8.24,거래품질 우수,,저점 이탈,추세 관망,NORMAL,64.9,특수 목적용 기계 제조업,49857000000.0,89.5,32.35,0,0,0.78,12.53,-14.19,-15.86,11.43,47.0,-24.5,-23.59,,0.404,0.05,0,12.0,1,0,2.45,0.36,130600.0,SWING_20D,80.0,BB_UPPER,75.0,SWING_60D,60.0,v1_sl_first_gap_at_open,14.22,5.0,1.6,NORMAL+PM_BLOCK_INTRADAY+EF:정상,enter,100.0,0,-1,104430.0,-11.93,0.1456,False,O,▲,88334,▼,O,X,0,0,0,4.11,250.0,0.0,1.0,1.0,1.0,0.0,특수 목적용 기계 제조업,16.365,-3.5611764705882356,9.0,51.4,10.5,10.5,4,1,0.4,0.4,0.2,STRUCT+TIMING+AI+SECTOR,default,default,default,70.0,20260311,20260311,,22.4,22.4,22.4,35.02,22.53,0.3,,True,FALLBACK,3.0,0,,"{""lookback_days"": 250, ""bench_lookback_days"": 60, ""top_n"": 600, ""min_turnover_eok"": 50, ""min_mcap_eok"": 1000, ""max_workers"": 4, ""pass_ebs"": 4, ""cache_format"": ""parquet"", ""rsi_low"": 45.0, ""rsi_high"": 65.0, ""rsi_overheat"": 75.0, ""vol_quality_min"": 1.1, ""rsi_penalty_threshold"": 75.0, ""gap_pct_penalty_threshold"": 5.0, ""timing_attack_threshold"": 60.0, ""vol_quality_attack"": 1.3, ""bb_period"": 20, ""bb_std"": 2.0, ""bb_squeeze_bw"": 10.0, ""kc_period"": 20, ""kc_atr_period"": 20, ""kc_mult"": 1.5, ""bonus_bb_squeeze_score"": 3.0, ""bonus_bb_squeeze_entry"": 4.0, ""trigger_dist_wick_high"": 0.35, ""trigger_dist_wick_mid"": 0.25, ""trigger_ret_pct_dist"": 5.0, ""trigger_ret_pct_weak"": 3.0, ""trigger_range_pos_weak"": 0.6, ""trigger_vol_ratio_spike"": 3.0, ""mtf_struct_bonus"": 10.0, ""mtf_struct_penalty"": 15.0, ""mtf_min_weekly_bars"": 26, ""mtf_min_monthly_bars"": 12, ""w_rr"": 0.25, ""w_t1"": 0.18, ""w_sl"": 0.12, ""w_near"": 0.12, ""w_mom"": 0.1, ""w_liq"": 0.13, ""w_tec"": 0.1, ""w_sector"": 0.05, ""p_overheat_5d"": 6.0, ""p_overheat_10d"": 6.0, ""p_rsi_out"": 4.0, ""p_macd_neg"": 4.0, ""p_near_far"": 4.0, ""p_liq_low"": 4.0, ""p_vol_spike"": 2.0, ""p_big_sl"": 3.0, ""fx_caution"": 1470.0, ""fx_critical"": 1490.0, ""nasdaq_caution"": -1.5, ""nasdaq_critical"": -2.5, ""rec_limit_default"": 5, ""rec_limit_caution"": 3, ""ml_low"": 5.0, ""ml_high"": 25.0, ""ml_max_weight"": 0.2, ""ml_cov_gate"": 0.2, ""trim_pct"": 0.1, ""ebs_pass_threshold"": 3, ""macro_weights"": {""CRITICAL"": [0.55, 0.25], ""HIGH"": [0.5, 0.3], ""NORMAL"": [0.4, 0.4]}, ""slippage_base_bps"": 10.0, ""slippage_low_liq_mult"": 3.0, ""slippage_liq_threshold_eok"": 20.0, ""liq_penalty_very_low_eok"": 5.0, ""liq_penalty_very_low_pts"": 8.0, ""liq_penalty_low_eok"": 10.0, ""liq_penalty_low_pts"": 4.0, ""time_stop_days"": 7, ""time_stop_min_move_pct"": 2.0, ""time_stop_extend_if_profit"": true, ""config_version"": ""2.0.0"", ""_snapshot_ts"": ""2026-03-11T18:59:21.533438""}",2.0.0,OK,,True,True,True,True,,,,,100.0,ATTACK
38,460930,현대힘스,KOSDAQ,조선·기계·설비,17860,99.79,10000.0,0,,WAIT,WAIT,3,False,False,True,21.6,21.6,22.6,20.9,20.9,0.0,18060.0,15720.0,21550.0,26450.0,,1.47,0.79,18880,-31.69,특이사항 없음,0,-4.33,55.1,1.63,,,5일 급등,추세 관망,NORMAL,64.9,선박 및 보트 건조업,9979000000.0,62.6,29.58,0,0,2.27,18.04,-4.95,6.55,-3.16,-39.4,3.99,-25.69,,0.952,0.272,0,12.0,1,0,1.09,0.45,33450.0,SWING_20D,80.0,VP_RESISTANCE,65.0,SWING_120D,45.0,v1_sl_first_gap_at_open,12.96,5.0,1.5,NORMAL+PM_BLOCK_INTRADAY+EF:정상,enter,100.0,1,-1,20507.0,-4.34,0.0337,False,X,▼,17410,▼,O,X,0,0,0,1.87,250.0,0.0,-1.0,-1.0,1.0,0.0,선박 및 보트 건조업,16.365,-3.5611764705882356,9.0,20.9,36.84047978112594,36.84047978112594,4,1,0.4,0.4,0.2,STRUCT+TIMING+AI+SECTOR,default,default,default,70.0,20260311,20260311,,21.6,21.6,21.6,35.02,22.53,0.3,,True,FALLBACK,3.0,0,,"{""lookback_days"": 250, ""bench_lookback_days"": 60, ""top_n"": 600, ""min_turnover_eok"": 50, ""min_mcap_eok"": 1000, ""max_workers"": 4, ""pass_ebs"": 4, ""cache_format"": ""parquet"", ""rsi_low"": 45.0, ""rsi_high"": 65.0, ""rsi_overheat"": 75.0, ""vol_quality_min"": 1.1, ""rsi_penalty_threshold"": 75.0, ""gap_pct_penalty_threshold"": 5.0, ""timing_attack_threshold"": 60.0, ""vol_quality_attack"": 1.3, ""bb_period"": 20, ""bb_std"": 2.0, ""bb_squeeze_bw"": 10.0, ""kc_period"": 20, ""kc_atr_period"": 20, ""kc_mult"": 1.5, ""bonus_bb_squeeze_score"": 3.0, ""bonus_bb_squeeze_entry"": 4.0, ""trigger_dist_wick_high"": 0.35, ""trigger_dist_wick_mid"": 0.25, ""trigger_ret_pct_dist"": 5.0, ""trigger_ret_pct_weak"": 3.0, ""trigger_range_pos_weak"": 0.6, ""trigger_vol_ratio_spike"": 3.0, ""mtf_struct_bonus"": 10.0, ""mtf_struct_penalty"": 15.0, ""mtf_min_weekly_bars"": 26, ""mtf_min_monthly_bars"": 12, ""w_rr"": 0.25, ""w_t1"": 0.18, ""w_sl"": 0.12, ""w_near"": 0.12, ""w_mom"": 0.1, ""w_liq"": 0.13, ""w_tec"": 0.1, ""w_sector"": 0.05, ""p_overheat_5d"": 6.0, ""p_overheat_10d"": 6.0, ""p_rsi_out"": 4.0, ""p_macd_neg"": 4.0, ""p_near_far"": 4.0, ""p_liq_low"": 4.0, ""p_vol_spike"": 2.0, ""p_big_sl"": 3.0, ""fx_caution"": 1470.0, ""fx_critical"": 1490.0, ""nasdaq_caution"": -1.5, ""nasdaq_critical"": -2.5, ""rec_limit_default"": 5, ""rec_limit_caution"": 3, ""ml_low"": 5.0, ""ml_high"": 25.0, ""ml_max_weight"": 0.2, ""ml_cov_gate"": 0.2, ""trim_pct"": 0.1, ""ebs_pass_threshold"": 3, ""macro_weights"": {""CRITICAL"": [0.55, 0.25], ""HIGH"": [0.5, 0.3], ""NORMAL"": [0.4, 0.4]}, ""slippage_base_bps"": 10.0, ""slippage_low_liq_mult"": 3.0, ""slippage_liq_threshold_eok"": 20.0, ""liq_penalty_very_low_eok"": 5.0, ""liq_penalty_very_low_pts"": 8.0, ""liq_penalty_low_eok"": 10.0, ""liq_penalty_low_pts"": 4.0, ""time_stop_days"": 7, ""time_stop_min_move_pct"": 2.0, ""time_stop_extend_if_profit"": true, ""config_version"": ""2.0.0"", ""_snapshot_ts"": ""2026-03-11T18:59:21.533438""}",2.0.0,OK,,True,True,True,True,,,,,100.0,ATTACK
39,340930,유일에너테크,KOSDAQ,조선·기계·설비,1108,108.2,10000.0,0,,WAIT,WAIT,3,False,False,True,21.0,21.0,19.7,0.0,65.4,0.0,1108.0,941.0,1515.0,1547.0,,0.37,0.36,1399,-28.37,특이사항 없음,0,-11.04,38.2,-8.34,거래품질 우수,,5일 급등,추세 관망,NORMAL,64.9,특수 목적용 기계 제조업,10820000000.0,57.3,47.88,0,0,0.73,15.42,-6.42,-21.08,-34.52,-6.34,-23.64,-57.05,,0.942,0.169,0,12.0,1,0,2.28,0.3,2100.0,SWING_20D,80.0,VP_RESISTANCE,65.0,SWING_60D,60.0,v1_sl_first_gap_at_open,15.07,5.0,2.4,NORMAL+PM_BLOCK_INTRADAY+EF:정상,enter,100.0,0,-1,1429.8,-20.8,0.4032,False,X,▼,1017,▼,O,X,0,0,0,5.45,250.0,0.0,-1.0,1.0,1.0,0.0,특수 목적용 기계 제조업,16.365,-3.5611764705882356,9.0,65.4,15.0,15.0,4,1,0.4,0.4,0.2,STRUCT+TIMING+AI+SECTOR,default,default,default,70.0,20260311,20260311,,21.0,21.0,21.0,35.02,22.53,0.3,,True,FALLBACK,3.0,0,,"{""lookback_days"": 250, ""bench_lookback_days"": 60, ""top_n"": 600, ""min_turnover_eok"": 50, ""min_mcap_eok"": 1000, ""max_workers"": 4, ""pass_ebs"": 4, ""cache_format"": ""parquet"", ""rsi_low"": 45.0, ""rsi_high"": 65.0, ""rsi_overheat"": 75.0, ""vol_quality_min"": 1.1, ""rsi_penalty_threshold"": 75.0, ""gap_pct_penalty_threshold"": 5.0, ""timing_attack_threshold"": 60.0, ""vol_quality_attack"": 1.3, ""bb_period"": 20, ""bb_std"": 2.0, ""bb_squeeze_bw"": 10.0, ""kc_period"": 20, ""kc_atr_period"": 20, ""kc_mult"": 1.5, ""bonus_bb_squeeze_score"": 3.0, ""bonus_bb_squeeze_entry"": 4.0, ""trigger_dist_wick_high"": 0.35, ""trigger_dist_wick_mid"": 0.25, ""trigger_ret_pct_dist"": 5.0, ""trigger_ret_pct_weak"": 3.0, ""trigger_range_pos_weak"": 0.6, ""trigger_vol_ratio_spike"": 3.0, ""mtf_struct_bonus"": 10.0, ""mtf_struct_penalty"": 15.0, ""mtf_min_weekly_bars"": 26, ""mtf_min_monthly_bars"": 12, ""w_rr"": 0.25, ""w_t1"": 0.18, ""w_sl"": 0.12, ""w_near"": 0.12, ""w_mom"": 0.1, ""w_liq"": 0.13, ""w_tec"": 0.1, ""w_sector"": 0.05, ""p_overheat_5d"": 6.0, ""p_overheat_10d"": 6.0, ""p_rsi_out"": 4.0, ""p_macd_neg"": 4.0, ""p_near_far"": 4.0, ""p_liq_low"": 4.0, ""p_vol_spike"": 2.0, ""p_big_sl"": 3.0, ""fx_caution"": 1470.0, ""fx_critical"": 1490.0, ""nasdaq_caution"": -1.5, ""nasdaq_critical"": -2.5, ""rec_limit_default"": 5, ""rec_limit_caution"": 3, ""ml_low"": 5.0, ""ml_high"": 25.0, ""ml_max_weight"": 0.2, ""ml_cov_gate"": 0.2, ""trim_pct"": 0.1, ""ebs_pass_threshold"": 3, ""macro_weights"": {""CRITICAL"": [0.55, 0.25], ""HIGH"": [0.5, 0.3], ""NORMAL"": [0.4, 0.4]}, ""slippage_base_bps"": 10.0, ""slippage_low_liq_mult"": 3.0, ""slippage_liq_threshold_eok"": 20.0, ""liq_penalty_very_low_eok"": 5.0, ""liq_penalty_very_low_pts"": 8.0, ""liq_penalty_low_eok"": 10.0, ""liq_penalty_low_pts"": 4.0, ""time_stop_days"": 7, ""time_stop_min_move_pct"": 2.0, ""time_stop_extend_if_profit"": true, ""config_version"": ""2.0.0"", ""_snapshot_ts"": ""2026-03-11T18:59:21.533438""}",2.0.0,OK,,True,True,True,True,,,,,100.0,ATTACK
40,178920,PI첨단소재,KOSPI,기타,19260,60.14,10000.0,0,,WAIT,WAIT,3,False,False,True,20.8,20.8,17.6,17.7,33.2,0.0,19640.0,17020.0,21650.0,24200.0,,2.41,0.39,18506,4.25,특이사항 없음,0,-6.36,47.9,-0.36,,,5일 급등,추세 관망,NORMAL,64.9,플라스틱제품 제조업,6014000000.0,44.6,21.08,0,0,1.03,18.17,-4.89,2.61,16.97,13.07,-6.03,-18.05,,0.15,0.15,1,12.0,0,0,1.44,0.61,25850.0,SWING_20D,80.0,ATR_3.5x,45.0,FIBO_1.618,25.0,v1_sl_first_gap_at_open,13.34,5.0,0.8,NORMAL+PM_BLOCK_INTRADAY+EF:정상,enter,100.0,0,-1,21512.0,6.12,0.1897,False,O,▲,18594,▼,O,X,0,0,0,1.08,250.0,0.0,1.0,1.0,1.0,0.0,플라스틱제품 제조업,15.143571428571429,3.6917857142857136,7.0,33.2,10.5,10.5,6,1,0.4,0.4,0.2,STRUCT+TIMING+AI+SECTOR,default,default,default,70.0,20260311,20260311,,20.8,20.8,20.8,35.02,22.53,0.3,,True,FALLBACK,3.0,0,,"{""lookback_days"": 250, ""bench_lookback_days"": 60, ""top_n"": 600, ""min_turnover_eok"": 50, ""min_mcap_eok"": 1000, ""max_workers"": 4, ""pass_ebs"": 4, ""cache_format"": ""parquet"", ""rsi_low"": 45.0, ""rsi_high"": 65.0, ""rsi_overheat"": 75.0, ""vol_quality_min"": 1.1, ""rsi_penalty_threshold"": 75.0, ""gap_pct_penalty_threshold"": 5.0, ""timing_attack_threshold"": 60.0, ""vol_quality_attack"": 1.3, ""bb_period"": 20, ""bb_std"": 2.0, ""bb_squeeze_bw"": 10.0, ""kc_period"": 20, ""kc_atr_period"": 20, ""kc_mult"": 1.5, ""bonus_bb_squeeze_score"": 3.0, ""bonus_bb_squeeze_entry"": 4.0, ""trigger_dist_wick_high"": 0.35, ""trigger_dist_wick_mid"": 0.25, ""trigger_ret_pct_dist"": 5.0, ""trigger_ret_pct_weak"": 3.0, ""trigger_range_pos_weak"": 0.6, ""trigger_vol_ratio_spike"": 3.0, ""mtf_struct_bonus"": 10.0, ""mtf_struct_penalty"": 15.0, ""mtf_min_weekly_bars"": 26, ""mtf_min_monthly_bars"": 12, ""w_rr"": 0.25, ""w_t1"": 0.18, ""w_sl"": 0.12, ""w_near"": 0.12, ""w_mom"": 0.1, ""w_liq"": 0.13, ""w_tec"": 0.1, ""w_sector"": 0.05, ""p_overheat_5d"": 6.0, ""p_overheat_10d"": 6.0, ""p_rsi_out"": 4.0, ""p_macd_neg"": 4.0, ""p_near_far"": 4.0, ""p_liq_low"": 4.0, ""p_vol_spike"": 2.0, ""p_big_sl"": 3.0, ""fx_caution"": 1470.0, ""fx_critical"": 1490.0, ""nasdaq_caution"": -1.5, ""nasdaq_critical"": -2.5, ""rec_limit_default"": 5, ""rec_limit_caution"": 3, ""ml_low"": 5.0, ""ml_high"": 25.0, ""ml_max_weight"": 0.2, ""ml_cov_gate"": 0.2, ""trim_pct"": 0.1, ""ebs_pass_threshold"": 3, ""macro_weights"": {""CRITICAL"": [0.55, 0.25], ""HIGH"": [0.5, 0.3], ""NORMAL"": [0.4, 0.4]}, ""slippage_base_bps"": 10.0, ""slippage_low_liq_mult"": 3.0, ""slippage_liq_threshold_eok"": 20.0, ""liq_penalty_very_low_eok"": 5.0, ""liq_penalty_very_low_pts"": 8.0, ""liq_penalty_low_eok"": 10.0, ""liq_penalty_low_pts"": 4.0, ""time_stop_days"": 7, ""time_stop_min_move_pct"": 2.0, ""time_stop_extend_if_profit"": true, ""config_version"": ""2.0.0"", ""_snapshot_ts"": ""2026-03-11T18:59:21.533438""}",2.0.0,OK,,True,True,True,True,,,,,100.0,ATTACK
41,377300,카카오페이,KOSPI,서비스 기타,58800,622.17,60000.0,0,,WAIT,WAIT,3,False,False,True,20.7,20.7,18.8,5.3,55.4,0.0,60300.0,51200.0,73300.0,79200.0,,1.41,0.53,62277,-3.82,특이사항 없음,0,-12.16,47.4,-4.06,,,5일 급등,추세 관망,NORMAL,64.9,금융 지원 서비스업,62217000000.0,64.5,23.79,0,0,1.86,15.3,-9.19,-11.06,23.31,16.86,-19.7,-11.71,,0.43,0.41,0,12.0,1,0,1.2,0.39,88900.0,SWING_20D,80.0,SWING_60D,60.0,FIBO_1.272,40.0,v1_sl_first_gap_at_open,15.09,4.0,1.4,NORMAL+PM_BLOCK_INTRADAY+EF:정상,enter,100.0,0,-1,71280.0,-3.18,0.1505,False,O,▲,58849,▼,O,X,0,0,0,0.84,248.0,0.0,1.0,1.0,1.0,0.0,금융 지원 서비스업,13.685,67.14333333333333,1.0,55.4,15.0,15.0,6,1,0.4,0.4,0.2,STRUCT+TIMING+AI+SECTOR,default,default,default,70.0,20260311,20260311,,20.7,20.7,20.7,35.02,22.53,0.3,,True,FALLBACK,3.0,0,,"{""lookback_days"": 250, ""bench_lookback_days"": 60, ""top_n"": 600, ""min_turnover_eok"": 50, ""min_mcap_eok"": 1000, ""max_workers"": 4, ""pass_ebs"": 4, ""cache_format"": ""parquet"", ""rsi_low"": 45.0, ""rsi_high"": 65.0, ""rsi_overheat"": 75.0, ""vol_quality_min"": 1.1, ""rsi_penalty_threshold"": 75.0, ""gap_pct_penalty_threshold"": 5.0, ""timing_attack_threshold"": 60.0, ""vol_quality_attack"": 1.3, ""bb_period"": 20, ""bb_std"": 2.0, ""bb_squeeze_bw"": 10.0, ""kc_period"": 20, ""kc_atr_period"": 20, ""kc_mult"": 1.5, ""bonus_bb_squeeze_score"": 3.0, ""bonus_bb_squeeze_entry"": 4.0, ""trigger_dist_wick_high"": 0.35, ""trigger_dist_wick_mid"": 0.25, ""trigger_ret_pct_dist"": 5.0, ""trigger_ret_pct_weak"": 3.0, ""trigger_range_pos_weak"": 0.6, ""trigger_vol_ratio_spike"": 3.0, ""mtf_struct_bonus"": 10.0, ""mtf_struct_penalty"": 15.0, ""mtf_min_weekly_bars"": 26, ""mtf_min_monthly_bars"": 12, ""w_rr"": 0.25, ""w_t1"": 0.18, ""w_sl"": 0.12, ""w_near"": 0.12, ""w_mom"": 0.1, ""w_liq"": 0.13, ""w_tec"": 0.1, ""w_sector"": 0.05, ""p_overheat_5d"": 6.0, ""p_overheat_10d"": 6.0, ""p_rsi_out"": 4.0, ""p_macd_neg"": 4.0, ""p_near_far"": 4.0, ""p_liq_low"": 4.0, ""p_vol_spike"": 2.0, ""p_big_sl"": 3.0, ""fx_caution"": 1470.0, ""fx_critical"": 1490.0, ""nasdaq_caution"": -1.5, ""nasdaq_critical"": -2.5, ""rec_limit_default"": 5, ""rec_limit_caution"": 3, ""ml_low"": 5.0, ""ml_high"": 25.0, ""ml_max_weight"": 0.2, ""ml_cov_gate"": 0.2, ""trim_pct"": 0.1, ""ebs_pass_threshold"": 3, ""macro_weights"": {""CRITICAL"": [0.55, 0.25], ""HIGH"": [0.5, 0.3], ""NORMAL"": [0.4, 0.4]}, ""slippage_base_bps"": 10.0, ""slippage_low_liq_mult"": 3.0, ""slippage_liq_threshold_eok"": 20.0, ""liq_penalty_very_low_eok"": 5.0, ""liq_penalty_very_low_pts"": 8.0, ""liq_penalty_low_eok"": 10.0, ""liq_penalty_low_pts"": 4.0, ""time_stop_days"": 7, ""time_stop_min_move_pct"": 2.0, ""time_stop_extend_if_profit"": true, ""config_version"": ""2.0.0"", ""_snapshot_ts"": ""2026-03-11T18:59:21.533438""}",2.0.0,OK,,True,True,True,True,,,,,100.0,ATTACK
42,383220,F&F,KOSPI,유통·소비재,63200,84.38,10000.0,0,,WAIT,WAIT,3,False,False,True,20.5,20.5,0.2,15.4,71.1,0.0,63000.0,56000.0,78400.0,82000.0,,-0.13,1.27,69890,-9.79,특이사항 없음,0,-16.18,40.0,-6.46,AI 강점,,저점 이탈,추세 관망,NORMAL,64.9,봉제의복 제조업,8438000000.0,38.8,29.27,0,0,7.3,3.69,-8.62,-12.09,-10.88,-5.96,-20.73,-45.9,,0.73,0.302,0,10.5,0,0,0.96,0.33,,SWING_20D,80.0,SWING_60D,60.0,,0.0,v1_sl_first_gap_at_open,11.11,5.0,2.2,NORMAL+PM_BLOCK_INTRADAY+EF:정상,enter,100.0,0,-1,70060.0,-7.43,-0.0261,False,X,▼,61492,▼,O,X,0,0,0,1.66,250.0,0.0,-1.0,1.0,1.0,0.0,봉제의복 제조업,6.13,1.1349999999999998,10.0,71.1,31.859545186859513,31.859545186859513,0,0,0.4,0.4,0.2,STRUCT+TIMING+AI+SECTOR,default,default,default,70.0,20260311,20260311,,20.5,20.5,20.5,35.02,22.53,0.3,,True,FALLBACK,3.0,0,,"{""lookback_days"": 250, ""bench_lookback_days"": 60, ""top_n"": 600, ""min_turnover_eok"": 50, ""min_mcap_eok"": 1000, ""max_workers"": 4, ""pass_ebs"": 4, ""cache_format"": ""parquet"", ""rsi_low"": 45.0, ""rsi_high"": 65.0, ""rsi_overheat"": 75.0, ""vol_quality_min"": 1.1, ""rsi_penalty_threshold"": 75.0, ""gap_pct_penalty_threshold"": 5.0, ""timing_attack_threshold"": 60.0, ""vol_quality_attack"": 1.3, ""bb_period"": 20, ""bb_std"": 2.0, ""bb_squeeze_bw"": 10.0, ""kc_period"": 20, ""kc_atr_period"": 20, ""kc_mult"": 1.5, ""bonus_bb_squeeze_score"": 3.0, ""bonus_bb_squeeze_entry"": 4.0, ""trigger_dist_wick_high"": 0.35, ""trigger_dist_wick_mid"": 0.25, ""trigger_ret_pct_dist"": 5.0, ""trigger_ret_pct_weak"": 3.0, ""trigger_range_pos_weak"": 0.6, ""trigger_vol_ratio_spike"": 3.0, ""mtf_struct_bonus"": 10.0, ""mtf_struct_penalty"": 15.0, ""mtf_min_weekly_bars"": 26, ""mtf_min_monthly_bars"": 12, ""w_rr"": 0.25, ""w_t1"": 0.18, ""w_sl"": 0.12, ""w_near"": 0.12, ""w_mom"": 0.1, ""w_liq"": 0.13, ""w_tec"": 0.1, ""w_sector"": 0.05, ""p_overheat_5d"": 6.0, ""p_overheat_10d"": 6.0, ""p_rsi_out"": 4.0, ""p_macd_neg"": 4.0, ""p_near_far"": 4.0, ""p_liq_low"": 4.0, ""p_vol_spike"": 2.0, ""p_big_sl"": 3.0, ""fx_caution"": 1470.0, ""fx_critical"": 1490.0, ""nasdaq_caution"": -1.5, ""nasdaq_critical"": -2.5, ""rec_limit_default"": 5, ""rec_limit_caution"": 3, ""ml_low"": 5.0, ""ml_high"": 25.0, ""ml_max_weight"": 0.2, ""ml_cov_gate"": 0.2, ""trim_pct"": 0.1, ""ebs_pass_threshold"": 3, ""macro_weights"": {""CRITICAL"": [0.55, 0.25], ""HIGH"": [0.5, 0.3], ""NORMAL"": [0.4, 0.4]}, ""slippage_base_bps"": 10.0, ""slippage_low_liq_mult"": 3.0, ""slippage_liq_threshold_eok"": 20.0, ""liq_penalty_very_low_eok"": 5.0, ""liq_penalty_very_low_pts"": 8.0, ""liq_penalty_low_eok"": 10.0, ""liq_penalty_low_pts"": 4.0, ""time_stop_days"": 7, ""time_stop_min_move_pct"": 2.0, ""time_stop_extend_if_profit"": true, ""config_version"": ""2.0.0"", ""_snapshot_ts"": ""2026-03-11T18:59:21.533438""}",2.0.0,OK,,True,True,True,True,,,,,100.0,ATTACK
43,389500,에스비비테크,KOSDAQ,조선·기계·설비,53800,131.33,10000.0,0,,WAIT,WAIT,3,False,False,True,18.0,18.0,21.9,1.8,42.8,0.0,53000.0,45000.0,68100.0,86000.0,,0.59,0.69,56890,103.3,특이사항 없음,0,-18.36,46.2,-6.08,거래품질 우수,,5일 급등,추세 관망,NORMAL,64.9,일반 목적용 기계 제조업,13133000000.0,46.6,34.38,0,0,3.66,16.58,-8.03,-19.1,37.24,144.55,-21.66,14.71,,0.284,0.086,1,12.0,1,0,4.1,0.38,100200.0,SWING_20D,80.0,SWING_60D,60.0,FIBO_1.272,40.0,v1_sl_first_gap_at_open,15.09,5.0,1.9,NORMAL+PM_BLOCK_INTRADAY+EF:정상,enter,100.0,0,-1,65820.0,-5.43,0.2537,False,O,▲,52094,▼,O,X,0,0,0,5.01,250.0,0.0,1.0,1.0,1.0,0.0,일반 목적용 기계 제조업,16.365,-3.5611764705882356,9.0,42.8,10.64816675113886,10.64816675113886,6,1,0.4,0.4,0.2,STRUCT+TIMING+AI+SECTOR,default,default,default,70.0,20260311,20260311,,18.0,18.0,18.0,35.02,22.53,0.3,,True,FALLBACK,3.0,0,,"{""lookback_days"": 250, ""bench_lookback_days"": 60, ""top_n"": 600, ""min_turnover_eok"": 50, ""min_mcap_eok"": 1000, ""max_workers"": 4, ""pass_ebs"": 4, ""cache_format"": ""parquet"", ""rsi_low"": 45.0, ""rsi_high"": 65.0, ""rsi_overheat"": 75.0, ""vol_quality_min"": 1.1, ""rsi_penalty_threshold"": 75.0, ""gap_pct_penalty_threshold"": 5.0, ""timing_attack_threshold"": 60.0, ""vol_quality_attack"": 1.3, ""bb_period"": 20, ""bb_std"": 2.0, ""bb_squeeze_bw"": 10.0, ""kc_period"": 20, ""kc_atr_period"": 20, ""kc_mult"": 1.5, ""bonus_bb_squeeze_score"": 3.0, ""bonus_bb_squeeze_entry"": 4.0, ""trigger_dist_wick_high"": 0.35, ""trigger_dist_wick_mid"": 0.25, ""trigger_ret_pct_dist"": 5.0, ""trigger_ret_pct_weak"": 3.0, ""trigger_range_pos_weak"": 0.6, ""trigger_vol_ratio_spike"": 3.0, ""mtf_struct_bonus"": 10.0, ""mtf_struct_penalty"": 15.0, ""mtf_min_weekly_bars"": 26, ""mtf_min_monthly_bars"": 12, ""w_rr"": 0.25, ""w_t1"": 0.18, ""w_sl"": 0.12, ""w_near"": 0.12, ""w_mom"": 0.1, ""w_liq"": 0.13, ""w_tec"": 0.1, ""w_sector"": 0.05, ""p_overheat_5d"": 6.0, ""p_overheat_10d"": 6.0, ""p_rsi_out"": 4.0, ""p_macd_neg"": 4.0, ""p_near_far"": 4.0, ""p_liq_low"": 4.0, ""p_vol_spike"": 2.0, ""p_big_sl"": 3.0, ""fx_caution"": 1470.0, ""fx_critical"": 1490.0, ""nasdaq_caution"": -1.5, ""nasdaq_critical"": -2.5, ""rec_limit_default"": 5, ""rec_limit_caution"": 3, ""ml_low"": 5.0, ""ml_high"": 25.0, ""ml_max_weight"": 0.2, ""ml_cov_gate"": 0.2, ""trim_pct"": 0.1, ""ebs_pass_threshold"": 3, ""macro_weights"": {""CRITICAL"": [0.55, 0.25], ""HIGH"": [0.5, 0.3], ""NORMAL"": [0.4, 0.4]}, ""slippage_base_bps"": 10.0, ""slippage_low_liq_mult"": 3.0, ""slippage_liq_threshold_eok"": 20.0, ""liq_penalty_very_low_eok"": 5.0, ""liq_penalty_very_low_pts"": 8.0, ""liq_penalty_low_eok"": 10.0, ""liq_penalty_low_pts"": 4.0, ""time_stop_days"": 7, ""time_stop_min_move_pct"": 2.0, ""time_stop_extend_if_profit"": true, ""config_version"": ""2.0.0"", ""_snapshot_ts"": ""2026-03-11T18:59:21.533438""}",2.0.0,OK,,True,True,True,True,,,,,100.0,ATTACK
44,108320,LX세미콘,KOSPI,반도체,51400,92.71,10000.0,0,,WAIT,WAIT,3,False,False,True,16.6,16.6,0.0,33.3,16.5,0.0,52100.0,46200.0,65600.0,72800.0,,1.05,0.68,53846,0.58,특이사항 없음,0,-11.49,45.3,-4.84,,,저점 이탈,추세 관망,NORMAL,64.9,반도체 제조업,9271000000.0,52.1,25.59,0,0,0.58,10.38,-6.63,-5.96,-0.76,0.58,-14.6,-35.78,,0.634,0.561,1,12.0,0,0,0.79,0.27,,SWING_20D,80.0,RR_LEGACY,35.0,,0.0,v1_sl_first_gap_at_open,11.32,5.0,2.3,NORMAL+PM_BLOCK_INTRADAY+EF:정상,enter,100.0,0,-1,60000.0,-3.24,0.0322,False,X,▼,51346,▼,O,X,0,0,0,1.16,250.0,0.0,-1.0,-1.0,1.0,0.0,반도체 제조업,15.44,24.633333333333336,3.0,16.5,22.802981661748376,22.802981661748376,4,1,0.4,0.4,0.2,STRUCT+TIMING+AI+SECTOR,default,default,default,70.0,20260311,20260311,,16.6,16.6,16.6,35.02,22.53,0.3,,True,FALLBACK,3.0,0,,"{""lookback_days"": 250, ""bench_lookback_days"": 60, ""top_n"": 600, ""min_turnover_eok"": 50, ""min_mcap_eok"": 1000, ""max_workers"": 4, ""pass_ebs"": 4, ""cache_format"": ""parquet"", ""rsi_low"": 45.0, ""rsi_high"": 65.0, ""rsi_overheat"": 75.0, ""vol_quality_min"": 1.1, ""rsi_penalty_threshold"": 75.0, ""gap_pct_penalty_threshold"": 5.0, ""timing_attack_threshold"": 60.0, ""vol_quality_attack"": 1.3, ""bb_period"": 20, ""bb_std"": 2.0, ""bb_squeeze_bw"": 10.0, ""kc_period"": 20, ""kc_atr_period"": 20, ""kc_mult"": 1.5, ""bonus_bb_squeeze_score"": 3.0, ""bonus_bb_squeeze_entry"": 4.0, ""trigger_dist_wick_high"": 0.35, ""trigger_dist_wick_mid"": 0.25, ""trigger_ret_pct_dist"": 5.0, ""trigger_ret_pct_weak"": 3.0, ""trigger_range_pos_weak"": 0.6, ""trigger_vol_ratio_spike"": 3.0, ""mtf_struct_bonus"": 10.0, ""mtf_struct_penalty"": 15.0, ""mtf_min_weekly_bars"": 26, ""mtf_min_monthly_bars"": 12, ""w_rr"": 0.25, ""w_t1"": 0.18, ""w_sl"": 0.12, ""w_near"": 0.12, ""w_mom"": 0.1, ""w_liq"": 0.13, ""w_tec"": 0.1, ""w_sector"": 0.05, ""p_overheat_5d"": 6.0, ""p_overheat_10d"": 6.0, ""p_rsi_out"": 4.0, ""p_macd_neg"": 4.0, ""p_near_far"": 4.0, ""p_liq_low"": 4.0, ""p_vol_spike"": 2.0, ""p_big_sl"": 3.0, ""fx_caution"": 1470.0, ""fx_critical"": 1490.0, ""nasdaq_caution"": -1.5, ""nasdaq_critical"": -2.5, ""rec_limit_default"": 5, ""rec_limit_caution"": 3, ""ml_low"": 5.0, ""ml_high"": 25.0, ""ml_max_weight"": 0.2, ""ml_cov_gate"": 0.2, ""trim_pct"": 0.1, ""ebs_pass_threshold"": 3, ""macro_weights"": {""CRITICAL"": [0.55, 0.25], ""HIGH"": [0.5, 0.3], ""NORMAL"": [0.4, 0.4]}, ""slippage_base_bps"": 10.0, ""slippage_low_liq_mult"": 3.0, ""slippage_liq_threshold_eok"": 20.0, ""liq_penalty_very_low_eok"": 5.0, ""liq_penalty_very_low_pts"": 8.0, ""liq_penalty_low_eok"": 10.0, ""liq_penalty_low_pts"": 4.0, ""time_stop_days"": 7, ""time_stop_min_move_pct"": 2.0, ""time_stop_extend_if_profit"": true, ""config_version"": ""2.0.0"", ""_snapshot_ts"": ""2026-03-11T18:59:21.533438""}",2.0.0,OK,,True,True,True,True,,,,,100.0,ATTACK
45,474170,루미르,KOSDAQ,기타,15990,123.24,10000.0,0,,WAIT,WAIT,3,False,False,True,16.3,16.3,15.8,1.5,46.8,0.0,15750.0,13380.0,22650.0,26800.0,,1.77,0.56,14332,38.28,특이사항 없음,0,-22.55,36.9,-7.42,거래품질 우수,,5일 급등,추세 관망,NORMAL,64.9,"항공기,우주선 및 부품 제조업",12324000000.0,32.2,51.02,0,0,3.83,23.0,-7.09,-11.61,106.32,112.63,-14.17,83.79,,0.202,0.079,1,12.0,0,0,4.2,0.33,32100.0,SWING_20D,80.0,FIBO_1.272,40.0,FIBO_1.618,25.0,v1_sl_first_gap_at_open,15.05,5.0,2.9,NORMAL+PM_BLOCK_INTRADAY+EF:정상,enter,100.0,0,-1,17860.0,11.56,0.5787,False,O,▲,14138,▲,O,X,0,0,0,0.45,250.0,0.0,1.0,1.0,1.0,0.0,"항공기,우주선 및 부품 제조업",15.143571428571429,3.6917857142857136,7.0,46.8,1.3461919215184592,1.3461919215184592,4,1,0.4,0.4,0.2,STRUCT+TIMING+AI+SECTOR,default,default,default,70.0,20260311,20260311,,16.3,16.3,16.3,35.02,22.53,0.3,,True,FALLBACK,3.0,0,,"{""lookback_days"": 250, ""bench_lookback_days"": 60, ""top_n"": 600, ""min_turnover_eok"": 50, ""min_mcap_eok"": 1000, ""max_workers"": 4, ""pass_ebs"": 4, ""cache_format"": ""parquet"", ""rsi_low"": 45.0, ""rsi_high"": 65.0, ""rsi_overheat"": 75.0, ""vol_quality_min"": 1.1, ""rsi_penalty_threshold"": 75.0, ""gap_pct_penalty_threshold"": 5.0, ""timing_attack_threshold"": 60.0, ""vol_quality_attack"": 1.3, ""bb_period"": 20, ""bb_std"": 2.0, ""bb_squeeze_bw"": 10.0, ""kc_period"": 20, ""kc_atr_period"": 20, ""kc_mult"": 1.5, ""bonus_bb_squeeze_score"": 3.0, ""bonus_bb_squeeze_entry"": 4.0, ""trigger_dist_wick_high"": 0.35, ""trigger_dist_wick_mid"": 0.25, ""trigger_ret_pct_dist"": 5.0, ""trigger_ret_pct_weak"": 3.0, ""trigger_range_pos_weak"": 0.6, ""trigger_vol_ratio_spike"": 3.0, ""mtf_struct_bonus"": 10.0, ""mtf_struct_penalty"": 15.0, ""mtf_min_weekly_bars"": 26, ""mtf_min_monthly_bars"": 12, ""w_rr"": 0.25, ""w_t1"": 0.18, ""w_sl"": 0.12, ""w_near"": 0.12, ""w_mom"": 0.1, ""w_liq"": 0.13, ""w_tec"": 0.1, ""w_sector"": 0.05, ""p_overheat_5d"": 6.0, ""p_overheat_10d"": 6.0, ""p_rsi_out"": 4.0, ""p_macd_neg"": 4.0, ""p_near_far"": 4.0, ""p_liq_low"": 4.0, ""p_vol_spike"": 2.0, ""p_big_sl"": 3.0, ""fx_caution"": 1470.0, ""fx_critical"": 1490.0, ""nasdaq_caution"": -1.5, ""nasdaq_critical"": -2.5, ""rec_limit_default"": 5, ""rec_limit_caution"": 3, ""ml_low"": 5.0, ""ml_high"": 25.0, ""ml_max_weight"": 0.2, ""ml_cov_gate"": 0.2, ""trim_pct"": 0.1, ""ebs_pass_threshold"": 3, ""macro_weights"": {""CRITICAL"": [0.55, 0.25], ""HIGH"": [0.5, 0.3], ""NORMAL"": [0.4, 0.4]}, ""slippage_base_bps"": 10.0, ""slippage_low_liq_mult"": 3.0, ""slippage_liq_threshold_eok"": 20.0, ""liq_penalty_very_low_eok"": 5.0, ""liq_penalty_very_low_pts"": 8.0, ""liq_penalty_low_eok"": 10.0, ""liq_penalty_low_pts"": 4.0, ""time_stop_days"": 7, ""time_stop_min_move_pct"": 2.0, ""time_stop_extend_if_profit"": true, ""config_version"": ""2.0.0"", ""_snapshot_ts"": ""2026-03-11T18:59:21.533438""}",2.0.0,OK,,True,True,True,True,,,,,100.0,ATTACK
46,402340,SK스퀘어,KOSPI,금융,544000,4034.84,100000.0,0,,WAIT,WAIT,3,False,False,True,16.1,16.1,16.4,16.9,14.0,0.0,565000.0,480000.0,681000.0,751000.0,,0.31,0.49,489987,98.0,특이사항 없음,0,-1.32,50.8,-1.13,,,,추세 관망,NORMAL,64.9,기타 금융업,403484000000.0,51.0,32.0,0,0,1.99,11.44,-8.43,5.81,75.47,267.84,-2.83,40.45,,0.07,0.07,1,12.0,0,0,1.39,0.41,792000.0,SWING_20D,80.0,ATR_3.5x,45.0,FIBO_1.272,40.0,v1_sl_first_gap_at_open,15.04,4.0,1.4,NORMAL+PM_BLOCK_INTRADAY+EF:정상,enter,100.0,0,-1,670950.0,15.31,-0.1347,False,O,▲,555697,▼,O,X,0,0,0,3.79,250.0,0.0,1.0,1.0,1.0,0.0,기타 금융업,6.77,-17.7,14.0,14.0,10.5,10.5,4,1,0.4,0.4,0.2,STRUCT+TIMING+AI+SECTOR,default,default,default,70.0,20260311,20260311,,16.1,16.1,16.1,35.02,22.53,0.3,,True,FALLBACK,3.0,0,,"{""lookback_days"": 250, ""bench_lookback_days"": 60, ""top_n"": 600, ""min_turnover_eok"": 50, ""min_mcap_eok"": 1000, ""max_workers"": 4, ""pass_ebs"": 4, ""cache_format"": ""parquet"", ""rsi_low"": 45.0, ""rsi_high"": 65.0, ""rsi_overheat"": 75.0, ""vol_quality_min"": 1.1, ""rsi_penalty_threshold"": 75.0, ""gap_pct_penalty_threshold"": 5.0, ""timing_attack_threshold"": 60.0, ""vol_quality_attack"": 1.3, ""bb_period"": 20, ""bb_std"": 2.0, ""bb_squeeze_bw"": 10.0, ""kc_period"": 20, ""kc_atr_period"": 20, ""kc_mult"": 1.5, ""bonus_bb_squeeze_score"": 3.0, ""bonus_bb_squeeze_entry"": 4.0, ""trigger_dist_wick_high"": 0.35, ""trigger_dist_wick_mid"": 0.25, ""trigger_ret_pct_dist"": 5.0, ""trigger_ret_pct_weak"": 3.0, ""trigger_range_pos_weak"": 0.6, ""trigger_vol_ratio_spike"": 3.0, ""mtf_struct_bonus"": 10.0, ""mtf_struct_penalty"": 15.0, ""mtf_min_weekly_bars"": 26, ""mtf_min_monthly_bars"": 12, ""w_rr"": 0.25, ""w_t1"": 0.18, ""w_sl"": 0.12, ""w_near"": 0.12, ""w_mom"": 0.1, ""w_liq"": 0.13, ""w_tec"": 0.1, ""w_sector"": 0.05, ""p_overheat_5d"": 6.0, ""p_overheat_10d"": 6.0, ""p_rsi_out"": 4.0, ""p_macd_neg"": 4.0, ""p_near_far"": 4.0, ""p_liq_low"": 4.0, ""p_vol_spike"": 2.0, ""p_big_sl"": 3.0, ""fx_caution"": 1470.0, ""fx_critical"": 1490.0, ""nasdaq_caution"": -1.5, ""nasdaq_critical"": -2.5, ""rec_limit_default"": 5, ""rec_limit_caution"": 3, ""ml_low"": 5.0, ""ml_high"": 25.0, ""ml_max_weight"": 0.2, ""ml_cov_gate"": 0.2, ""trim_pct"": 0.1, ""ebs_pass_threshold"": 3, ""macro_weights"": {""CRITICAL"": [0.55, 0.25], ""HIGH"": [0.5, 0.3], ""NORMAL"": [0.4, 0.4]}, ""slippage_base_bps"": 10.0, ""slippage_low_liq_mult"": 3.0, ""slippage_liq_threshold_eok"": 20.0, ""liq_penalty_very_low_eok"": 5.0, ""liq_penalty_very_low_pts"": 8.0, ""liq_penalty_low_eok"": 10.0, ""liq_penalty_low_pts"": 4.0, ""time_stop_days"": 7, ""time_stop_min_move_pct"": 2.0, ""time_stop_extend_if_profit"": true, ""config_version"": ""2.0.0"", ""_snapshot_ts"": ""2026-03-11T18:59:21.533438""}",2.0.0,OK,,True,True,True,True,,,,,100.0,ATTACK
47,064400,LG씨엔에스,KOSPI,IT/전기전자,64600,1023.67,100000.0,0,,WAIT,WAIT,3,False,False,True,15.4,15.4,15.8,0.0,45.2,0.0,64800.0,57100.0,78300.0,91800.0,,1.57,0.67,68840,-4.97,특이사항 없음,0,-12.99,43.0,-4.01,,,저점 이탈,추세 관망,NORMAL,64.9,"컴퓨터 프로그래밍, 시스템 통합 및 관리업",102367000000.0,67.5,26.41,0,0,3.62,13.64,-6.13,-6.4,2.49,-3.52,-15.04,-32.53,,0.557,0.557,0,12.0,0,0,0.86,0.4,,SWING_20D,80.0,RR_LEGACY,35.0,,0.0,v1_sl_first_gap_at_open,11.88,4.0,1.8,NORMAL+PM_BLOCK_INTRADAY+EF:정상,enter,100.0,0,-1,73780.0,-4.42,0.1296,False,O,▲,62661,▼,O,X,0,0,0,2.83,250.0,0.0,1.0,1.0,1.0,0.0,"컴퓨터 프로그래밍, 시스템 통합 및 관리업",27.91866666666667,17.557333333333336,2.0,45.2,5.266023058832936,5.266023058832936,2,0,0.4,0.4,0.2,STRUCT+TIMING+AI+SECTOR,default,default,default,70.0,20260311,20260311,,15.4,15.4,15.4,35.02,22.53,0.3,,True,FALLBACK,3.0,0,,"{""lookback_days"": 250, ""bench_lookback_days"": 60, ""top_n"": 600, ""min_turnover_eok"": 50, ""min_mcap_eok"": 1000, ""max_workers"": 4, ""pass_ebs"": 4, ""cache_format"": ""parquet"", ""rsi_low"": 45.0, ""rsi_high"": 65.0, ""rsi_overheat"": 75.0, ""vol_quality_min"": 1.1, ""rsi_penalty_threshold"": 75.0, ""gap_pct_penalty_threshold"": 5.0, ""timing_attack_threshold"": 60.0, ""vol_quality_attack"": 1.3, ""bb_period"": 20, ""bb_std"": 2.0, ""bb_squeeze_bw"": 10.0, ""kc_period"": 20, ""kc_atr_period"": 20, ""kc_mult"": 1.5, ""bonus_bb_squeeze_score"": 3.0, ""bonus_bb_squeeze_entry"": 4.0, ""trigger_dist_wick_high"": 0.35, ""trigger_dist_wick_mid"": 0.25, ""trigger_ret_pct_dist"": 5.0, ""trigger_ret_pct_weak"": 3.0, ""trigger_range_pos_weak"": 0.6, ""trigger_vol_ratio_spike"": 3.0, ""mtf_struct_bonus"": 10.0, ""mtf_struct_penalty"": 15.0, ""mtf_min_weekly_bars"": 26, ""mtf_min_monthly_bars"": 12, ""w_rr"": 0.25, ""w_t1"": 0.18, ""w_sl"": 0.12, ""w_near"": 0.12, ""w_mom"": 0.1, ""w_liq"": 0.13, ""w_tec"": 0.1, ""w_sector"": 0.05, ""p_overheat_5d"": 6.0, ""p_overheat_10d"": 6.0, ""p_rsi_out"": 4.0, ""p_macd_neg"": 4.0, ""p_near_far"": 4.0, ""p_liq_low"": 4.0, ""p_vol_spike"": 2.0, ""p_big_sl"": 3.0, ""fx_caution"": 1470.0, ""fx_critical"": 1490.0, ""nasdaq_caution"": -1.5, ""nasdaq_critical"": -2.5, ""rec_limit_default"": 5, ""rec_limit_caution"": 3, ""ml_low"": 5.0, ""ml_high"": 25.0, ""ml_max_weight"": 0.2, ""ml_cov_gate"": 0.2, ""trim_pct"": 0.1, ""ebs_pass_threshold"": 3, ""macro_weights"": {""CRITICAL"": [0.55, 0.25], ""HIGH"": [0.5, 0.3], ""NORMAL"": [0.4, 0.4]}, ""slippage_base_bps"": 10.0, ""slippage_low_liq_mult"": 3.0, ""slippage_liq_threshold_eok"": 20.0, ""liq_penalty_very_low_eok"": 5.0, ""liq_penalty_very_low_pts"": 8.0, ""liq_penalty_low_eok"": 10.0, ""liq_penalty_low_pts"": 4.0, ""time_stop_days"": 7, ""time_stop_min_move_pct"": 2.0, ""time_stop_extend_if_profit"": true, ""config_version"": ""2.0.0"", ""_snapshot_ts"": ""2026-03-11T18:59:21.533438""}",2.0.0,OK,,True,True,True,True,,,,,100.0,ATTACK
48,079900,전진건설로봇,KOSPI,조선·기계·설비,53800,110.7,10000.0,0,,WAIT,WAIT,3,False,False,True,15.3,15.3,11.9,11.7,29.4,0.0,54800.0,46550.0,66600.0,70100.0,,1.31,0.38,58228,14.57,특이사항 없음,0,-12.48,39.9,-3.41,,,5일 급등,추세 관망,NORMAL,64.9,특수 목적용 기계 제조업,11070000000.0,48.2,27.0,0,0,0.37,16.97,-7.59,-11.04,19.0,12.41,-19.68,-16.02,,0.36,0.338,1,12.0,0,0,1.11,0.41,76800.0,SWING_20D,80.0,SWING_60D,60.0,FIBO_1.272,40.0,v1_sl_first_gap_at_open,15.05,5.0,1.4,NORMAL+PM_BLOCK_INTRADAY+EF:정상,enter,100.0,0,-1,60770.0,-5.89,0.1957,False,O,▲,51529,▼,O,X,0,0,0,1.28,250.0,0.0,1.0,1.0,1.0,0.0,특수 목적용 기계 제조업,16.365,-3.5611764705882356,9.0,29.4,10.5,10.5,4,1,0.4,0.4,0.2,STRUCT+TIMING+AI+SECTOR,default,default,default,70.0,20260311,20260311,,15.3,15.3,15.3,35.02,22.53,0.3,,True,FALLBACK,3.0,0,,"{""lookback_days"": 250, ""bench_lookback_days"": 60, ""top_n"": 600, ""min_turnover_eok"": 50, ""min_mcap_eok"": 1000, ""max_workers"": 4, ""pass_ebs"": 4, ""cache_format"": ""parquet"", ""rsi_low"": 45.0, ""rsi_high"": 65.0, ""rsi_overheat"": 75.0, ""vol_quality_min"": 1.1, ""rsi_penalty_threshold"": 75.0, ""gap_pct_penalty_threshold"": 5.0, ""timing_attack_threshold"": 60.0, ""vol_quality_attack"": 1.3, ""bb_period"": 20, ""bb_std"": 2.0, ""bb_squeeze_bw"": 10.0, ""kc_period"": 20, ""kc_atr_period"": 20, ""kc_mult"": 1.5, ""bonus_bb_squeeze_score"": 3.0, ""bonus_bb_squeeze_entry"": 4.0, ""trigger_dist_wick_high"": 0.35, ""trigger_dist_wick_mid"": 0.25, ""trigger_ret_pct_dist"": 5.0, ""trigger_ret_pct_weak"": 3.0, ""trigger_range_pos_weak"": 0.6, ""trigger_vol_ratio_spike"": 3.0, ""mtf_struct_bonus"": 10.0, ""mtf_struct_penalty"": 15.0, ""mtf_min_weekly_bars"": 26, ""mtf_min_monthly_bars"": 12, ""w_rr"": 0.25, ""w_t1"": 0.18, ""w_sl"": 0.12, ""w_near"": 0.12, ""w_mom"": 0.1, ""w_liq"": 0.13, ""w_tec"": 0.1, ""w_sector"": 0.05, ""p_overheat_5d"": 6.0, ""p_overheat_10d"": 6.0, ""p_rsi_out"": 4.0, ""p_macd_neg"": 4.0, ""p_near_far"": 4.0, ""p_liq_low"": 4.0, ""p_vol_spike"": 2.0, ""p_big_sl"": 3.0, ""fx_caution"": 1470.0, ""fx_critical"": 1490.0, ""nasdaq_caution"": -1.5, ""nasdaq_critical"": -2.5, ""rec_limit_default"": 5, ""rec_limit_caution"": 3, ""ml_low"": 5.0, ""ml_high"": 25.0, ""ml_max_weight"": 0.2, ""ml_cov_gate"": 0.2, ""trim_pct"": 0.1, ""ebs_pass_threshold"": 3, ""macro_weights"": {""CRITICAL"": [0.55, 0.25], ""HIGH"": [0.5, 0.3], ""NORMAL"": [0.4, 0.4]}, ""slippage_base_bps"": 10.0, ""slippage_low_liq_mult"": 3.0, ""slippage_liq_threshold_eok"": 20.0, ""liq_penalty_very_low_eok"": 5.0, ""liq_penalty_very_low_pts"": 8.0, ""liq_penalty_low_eok"": 10.0, ""liq_penalty_low_pts"": 4.0, ""time_stop_days"": 7, ""time_stop_min_move_pct"": 2.0, ""time_stop_extend_if_profit"": true, ""config_version"": ""2.0.0"", ""_snapshot_ts"": ""2026-03-11T18:59:21.533438""}",2.0.0,OK,,True,True,True,True,,,,,100.0,ATTACK
49,373220,LG에너지솔루션,KOSPI,2차전지,366500,1877.47,100000.0,0,,WAIT,WAIT,3,False,False,True,12.2,12.2,9.5,5.6,30.6,0.0,369500.0,335500.0,440000.0,455000.0,,-0.89,0.64,398879,-14.53,특이사항 없음,0,-8.22,43.1,-5.81,,,저점 이탈,추세 관망,NORMAL,64.9,일차전지 및 이차전지 제조업,187747000000.0,59.7,22.74,0,0,0.68,6.33,-10.42,-6.46,-18.16,7.57,-15.1,-53.18,,0.848,0.397,0,11.6,0,0,1.17,0.25,527000.0,SWING_20D,80.0,SWING_60D,60.0,SWING_120D,45.0,v1_sl_first_gap_at_open,9.2,4.0,2.1,SWING+PM_BLOCK_INTRADAY+EF:정상,enter,100.0,0,-1,429500.0,-7.37,-0.0422,False,X,▼,368819,▼,O,X,0,0,0,2.18,250.0,0.0,-1.0,1.0,1.0,0.0,일차전지 및 이차전지 제조업,14.533333333333333,-12.453333333333333,11.0,30.6,23.03033807432506,23.03033807432506,2,0,0.4,0.4,0.2,STRUCT+TIMING+AI+SECTOR,default,default,default,70.0,20260311,20260311,,12.2,12.2,12.2,35.02,22.53,0.3,,True,FALLBACK,3.0,0,,"{""lookback_days"": 250, ""bench_lookback_days"": 60, ""top_n"": 600, ""min_turnover_eok"": 50, ""min_mcap_eok"": 1000, ""max_workers"": 4, ""pass_ebs"": 4, ""cache_format"": ""parquet"", ""rsi_low"": 45.0, ""rsi_high"": 65.0, ""rsi_overheat"": 75.0, ""vol_quality_min"": 1.1, ""rsi_penalty_threshold"": 75.0, ""gap_pct_penalty_threshold"": 5.0, ""timing_attack_threshold"": 60.0, ""vol_quality_attack"": 1.3, ""bb_period"": 20, ""bb_std"": 2.0, ""bb_squeeze_bw"": 10.0, ""kc_period"": 20, ""kc_atr_period"": 20, ""kc_mult"": 1.5, ""bonus_bb_squeeze_score"": 3.0, ""bonus_bb_squeeze_entry"": 4.0, ""trigger_dist_wick_high"": 0.35, ""trigger_dist_wick_mid"": 0.25, ""trigger_ret_pct_dist"": 5.0, ""trigger_ret_pct_weak"": 3.0, ""trigger_range_pos_weak"": 0.6, ""trigger_vol_ratio_spike"": 3.0, ""mtf_struct_bonus"": 10.0, ""mtf_struct_penalty"": 15.0, ""mtf_min_weekly_bars"": 26, ""mtf_min_monthly_bars"": 12, ""w_rr"": 0.25, ""w_t1"": 0.18, ""w_sl"": 0.12, ""w_near"": 0.12, ""w_mom"": 0.1, ""w_liq"": 0.13, ""w_tec"": 0.1, ""w_sector"": 0.05, ""p_overheat_5d"": 6.0, ""p_overheat_10d"": 6.0, ""p_rsi_out"": 4.0, ""p_macd_neg"": 4.0, ""p_near_far"": 4.0, ""p_liq_low"": 4.0, ""p_vol_spike"": 2.0, ""p_big_sl"": 3.0, ""fx_caution"": 1470.0, ""fx_critical"": 1490.0, ""nasdaq_caution"": -1.5, ""nasdaq_critical"": -2.5, ""rec_limit_default"": 5, ""rec_limit_caution"": 3, ""ml_low"": 5.0, ""ml_high"": 25.0, ""ml_max_weight"": 0.2, ""ml_cov_gate"": 0.2, ""trim_pct"": 0.1, ""ebs_pass_threshold"": 3, ""macro_weights"": {""CRITICAL"": [0.55, 0.25], ""HIGH"": [0.5, 0.3], ""NORMAL"": [0.4, 0.4]}, ""slippage_base_bps"": 10.0, ""slippage_low_liq_mult"": 3.0, ""slippage_liq_threshold_eok"": 20.0, ""liq_penalty_very_low_eok"": 5.0, ""liq_penalty_very_low_pts"": 8.0, ""liq_penalty_low_eok"": 10.0, ""liq_penalty_low_pts"": 4.0, ""time_stop_days"": 7, ""time_stop_min_move_pct"": 2.0, ""time_stop_extend_if_profit"": true, ""config_version"": ""2.0.0"", ""_snapshot_ts"": ""2026-03-11T18:59:21.533438""}",2.0.0,OK,,True,True,True,True,,,,,100.0,ATTACK
50,034230,파라다이스,KOSPI,서비스 기타,16900,136.38,10000.0,0,,WAIT,WAIT,3,False,False,True,11.7,11.7,0.0,0.0,58.5,0.0,16810.0,14580.0,21600.0,22950.0,,0.42,0.73,18174,-2.97,특이사항 없음,0,-20.68,31.6,-10.92,,,저점 이탈,추세 관망,NORMAL,64.9,유원지 및 기타 오락관련 서비스업,13638000000.0,41.6,39.04,0,0,5.11,6.02,-14.61,-17.73,-3.29,-21.15,-26.37,-38.31,,0.751,0.384,0,12.0,0,0,1.34,0.26,24000.0,SWING_20D,80.0,BB_UPPER,75.0,SWING_120D,45.0,v1_sl_first_gap_at_open,13.27,5.0,2.1,NORMAL+PM_BLOCK_INTRADAY+EF:정상,enter,100.0,0,-1,19546.0,-6.08,0.0235,False,X,▼,16156,▼,O,X,0,0,0,0.99,250.0,0.0,-1.0,-1.0,1.0,0.0,유원지 및 기타 오락관련 서비스업,13.685,67.14333333333333,1.0,58.5,4.5,4.5,4,1,0.4,0.4,0.2,STRUCT+TIMING+AI+SECTOR,default,default,default,70.0,20260311,20260311,,11.7,11.7,11.7,35.02,22.53,0.3,,True,FALLBACK,3.0,0,,"{""lookback_days"": 250, ""bench_lookback_days"": 60, ""top_n"": 600, ""min_turnover_eok"": 50, ""min_mcap_eok"": 1000, ""max_workers"": 4, ""pass_ebs"": 4, ""cache_format"": ""parquet"", ""rsi_low"": 45.0, ""rsi_high"": 65.0, ""rsi_overheat"": 75.0, ""vol_quality_min"": 1.1, ""rsi_penalty_threshold"": 75.0, ""gap_pct_penalty_threshold"": 5.0, ""timing_attack_threshold"": 60.0, ""vol_quality_attack"": 1.3, ""bb_period"": 20, ""bb_std"": 2.0, ""bb_squeeze_bw"": 10.0, ""kc_period"": 20, ""kc_atr_period"": 20, ""kc_mult"": 1.5, ""bonus_bb_squeeze_score"": 3.0, ""bonus_bb_squeeze_entry"": 4.0, ""trigger_dist_wick_high"": 0.35, ""trigger_dist_wick_mid"": 0.25, ""trigger_ret_pct_dist"": 5.0, ""trigger_ret_pct_weak"": 3.0, ""trigger_range_pos_weak"": 0.6, ""trigger_vol_ratio_spike"": 3.0, ""mtf_struct_bonus"": 10.0, ""mtf_struct_penalty"": 15.0, ""mtf_min_weekly_bars"": 26, ""mtf_min_monthly_bars"": 12, ""w_rr"": 0.25, ""w_t1"": 0.18, ""w_sl"": 0.12, ""w_near"": 0.12, ""w_mom"": 0.1, ""w_liq"": 0.13, ""w_tec"": 0.1, ""w_sector"": 0.05, ""p_overheat_5d"": 6.0, ""p_overheat_10d"": 6.0, ""p_rsi_out"": 4.0, ""p_macd_neg"": 4.0, ""p_near_far"": 4.0, ""p_liq_low"": 4.0, ""p_vol_spike"": 2.0, ""p_big_sl"": 3.0, ""fx_caution"": 1470.0, ""fx_critical"": 1490.0, ""nasdaq_caution"": -1.5, ""nasdaq_critical"": -2.5, ""rec_limit_default"": 5, ""rec_limit_caution"": 3, ""ml_low"": 5.0, ""ml_high"": 25.0, ""ml_max_weight"": 0.2, ""ml_cov_gate"": 0.2, ""trim_pct"": 0.1, ""ebs_pass_threshold"": 3, ""macro_weights"": {""CRITICAL"": [0.55, 0.25], ""HIGH"": [0.5, 0.3], ""NORMAL"": [0.4, 0.4]}, ""slippage_base_bps"": 10.0, ""slippage_low_liq_mult"": 3.0, ""slippage_liq_threshold_eok"": 20.0, ""liq_penalty_very_low_eok"": 5.0, ""liq_penalty_very_low_pts"": 8.0, ""liq_penalty_low_eok"": 10.0, ""liq_penalty_low_pts"": 4.0, ""time_stop_days"": 7, ""time_stop_min_move_pct"": 2.0, ""time_stop_extend_if_profit"": true, ""config_version"": ""2.0.0"", ""_snapshot_ts"": ""2026-03-11T18:59:21.533438""}",2.0.0,OK,,True,True,True,True,,,,,100.0,ATTACK
51,348340,뉴로메카,KOSDAQ,조선·기계·설비,76300,784.09,60000.0,0,,WAIT,WAIT,3,False,False,True,10.6,10.6,7.6,5.0,28.0,0.0,75200.0,63800.0,104500.0,139000.0,,0.75,1.0,80616,155.03,특이사항 없음,0,-18.17,44.7,-3.99,,,5일 급등,추세 관망,NORMAL,64.9,특수 목적용 기계 제조업,78409000000.0,37.0,36.94,0,0,6.56,19.41,-5.22,-22.14,148.94,205.2,-24.7,126.41,,0.383,0.114,1,12.0,0,0,1.19,0.34,169000.0,SWING_20D,80.0,SWING_60D,60.0,FIBO_1.272,40.0,v1_sl_first_gap_at_open,15.16,4.0,2.6,NORMAL+PM_BLOCK_INTRADAY+EF:정상,enter,100.0,0,-1,90340.0,-5.35,0.4244,False,O,▲,70221,▼,O,X,0,0,0,4.19,248.0,0.0,1.0,1.0,1.0,0.0,특수 목적용 기계 제조업,16.365,-3.5611764705882356,9.0,28.0,4.5,4.5,4,1,0.4,0.4,0.2,STRUCT+TIMING+AI+SECTOR,default,default,default,70.0,20260311,20260311,,10.6,10.6,10.6,35.02,22.53,0.3,,True,FALLBACK,3.0,0,,"{""lookback_days"": 250, ""bench_lookback_days"": 60, ""top_n"": 600, ""min_turnover_eok"": 50, ""min_mcap_eok"": 1000, ""max_workers"": 4, ""pass_ebs"": 4, ""cache_format"": ""parquet"", ""rsi_low"": 45.0, ""rsi_high"": 65.0, ""rsi_overheat"": 75.0, ""vol_quality_min"": 1.1, ""rsi_penalty_threshold"": 75.0, ""gap_pct_penalty_threshold"": 5.0, ""timing_attack_threshold"": 60.0, ""vol_quality_attack"": 1.3, ""bb_period"": 20, ""bb_std"": 2.0, ""bb_squeeze_bw"": 10.0, ""kc_period"": 20, ""kc_atr_period"": 20, ""kc_mult"": 1.5, ""bonus_bb_squeeze_score"": 3.0, ""bonus_bb_squeeze_entry"": 4.0, ""trigger_dist_wick_high"": 0.35, ""trigger_dist_wick_mid"": 0.25, ""trigger_ret_pct_dist"": 5.0, ""trigger_ret_pct_weak"": 3.0, ""trigger_range_pos_weak"": 0.6, ""trigger_vol_ratio_spike"": 3.0, ""mtf_struct_bonus"": 10.0, ""mtf_struct_penalty"": 15.0, ""mtf_min_weekly_bars"": 26, ""mtf_min_monthly_bars"": 12, ""w_rr"": 0.25, ""w_t1"": 0.18, ""w_sl"": 0.12, ""w_near"": 0.12, ""w_mom"": 0.1, ""w_liq"": 0.13, ""w_tec"": 0.1, ""w_sector"": 0.05, ""p_overheat_5d"": 6.0, ""p_overheat_10d"": 6.0, ""p_rsi_out"": 4.0, ""p_macd_neg"": 4.0, ""p_near_far"": 4.0, ""p_liq_low"": 4.0, ""p_vol_spike"": 2.0, ""p_big_sl"": 3.0, ""fx_caution"": 1470.0, ""fx_critical"": 1490.0, ""nasdaq_caution"": -1.5, ""nasdaq_critical"": -2.5, ""rec_limit_default"": 5, ""rec_limit_caution"": 3, ""ml_low"": 5.0, ""ml_high"": 25.0, ""ml_max_weight"": 0.2, ""ml_cov_gate"": 0.2, ""trim_pct"": 0.1, ""ebs_pass_threshold"": 3, ""macro_weights"": {""CRITICAL"": [0.55, 0.25], ""HIGH"": [0.5, 0.3], ""NORMAL"": [0.4, 0.4]}, ""slippage_base_bps"": 10.0, ""slippage_low_liq_mult"": 3.0, ""slippage_liq_threshold_eok"": 20.0, ""liq_penalty_very_low_eok"": 5.0, ""liq_penalty_very_low_pts"": 8.0, ""liq_penalty_low_eok"": 10.0, ""liq_penalty_low_pts"": 4.0, ""time_stop_days"": 7, ""time_stop_min_move_pct"": 2.0, ""time_stop_extend_if_profit"": true, ""config_version"": ""2.0.0"", ""_snapshot_ts"": ""2026-03-11T18:59:21.533438""}",2.0.0,OK,,True,True,True,True,,,,,100.0,ATTACK
52,318060,그래피,KOSDAQ,기타,46450,134.32,10000.0,0,,WAIT,WAIT,3,False,False,True,10.5,10.5,0.0,17.1,18.5,0.0,45750.0,38850.0,69000.0,82800.0,,-0.74,0.62,36818,369.38,특이사항 없음,0,-13.48,44.2,-10.56,,,저점 이탈,추세 관망,NORMAL,64.9,합성고무 및 플라스틱 물질 제조업,13432000000.0,42.5,41.17,0,0,4.97,5.09,-16.31,-23.98,134.36,382.35,-26.54,111.83,,0.093,0.054,1,12.0,0,0,1.08,0.16,100200.0,SWING_20D,80.0,FIBO_1.272,40.0,FIBO_1.618,25.0,v1_sl_first_gap_at_open,15.08,5.0,3.4,NORMAL+PM_BLOCK_INTRADAY+EF:정상,enter,100.0,0,1,39010.0,26.16,0.0964,False,O,▲,45253,▼,O,X,0,0,0,1.13,131.0,0.0,1.0,0.0,0.0,0.0,합성고무 및 플라스틱 물질 제조업,15.143571428571429,3.6917857142857136,7.0,18.5,6.9965977819513725,6.9965977819513725,2,0,0.4,0.4,0.2,STRUCT+TIMING+AI+SECTOR,default,default,default,70.0,20260311,20260311,,10.5,10.5,10.5,35.02,22.53,0.3,,True,FALLBACK,3.0,0,,"{""lookback_days"": 250, ""bench_lookback_days"": 60, ""top_n"": 600, ""min_turnover_eok"": 50, ""min_mcap_eok"": 1000, ""max_workers"": 4, ""pass_ebs"": 4, ""cache_format"": ""parquet"", ""rsi_low"": 45.0, ""rsi_high"": 65.0, ""rsi_overheat"": 75.0, ""vol_quality_min"": 1.1, ""rsi_penalty_threshold"": 75.0, ""gap_pct_penalty_threshold"": 5.0, ""timing_attack_threshold"": 60.0, ""vol_quality_attack"": 1.3, ""bb_period"": 20, ""bb_std"": 2.0, ""bb_squeeze_bw"": 10.0, ""kc_period"": 20, ""kc_atr_period"": 20, ""kc_mult"": 1.5, ""bonus_bb_squeeze_score"": 3.0, ""bonus_bb_squeeze_entry"": 4.0, ""trigger_dist_wick_high"": 0.35, ""trigger_dist_wick_mid"": 0.25, ""trigger_ret_pct_dist"": 5.0, ""trigger_ret_pct_weak"": 3.0, ""trigger_range_pos_weak"": 0.6, ""trigger_vol_ratio_spike"": 3.0, ""mtf_struct_bonus"": 10.0, ""mtf_struct_penalty"": 15.0, ""mtf_min_weekly_bars"": 26, ""mtf_min_monthly_bars"": 12, ""w_rr"": 0.25, ""w_t1"": 0.18, ""w_sl"": 0.12, ""w_near"": 0.12, ""w_mom"": 0.1, ""w_liq"": 0.13, ""w_tec"": 0.1, ""w_sector"": 0.05, ""p_overheat_5d"": 6.0, ""p_overheat_10d"": 6.0, ""p_rsi_out"": 4.0, ""p_macd_neg"": 4.0, ""p_near_far"": 4.0, ""p_liq_low"": 4.0, ""p_vol_spike"": 2.0, ""p_big_sl"": 3.0, ""fx_caution"": 1470.0, ""fx_critical"": 1490.0, ""nasdaq_caution"": -1.5, ""nasdaq_critical"": -2.5, ""rec_limit_default"": 5, ""rec_limit_caution"": 3, ""ml_low"": 5.0, ""ml_high"": 25.0, ""ml_max_weight"": 0.2, ""ml_cov_gate"": 0.2, ""trim_pct"": 0.1, ""ebs_pass_threshold"": 3, ""macro_weights"": {""CRITICAL"": [0.55, 0.25], ""HIGH"": [0.5, 0.3], ""NORMAL"": [0.4, 0.4]}, ""slippage_base_bps"": 10.0, ""slippage_low_liq_mult"": 3.0, ""slippage_liq_threshold_eok"": 20.0, ""liq_penalty_very_low_eok"": 5.0, ""liq_penalty_very_low_pts"": 8.0, ""liq_penalty_low_eok"": 10.0, ""liq_penalty_low_pts"": 4.0, ""time_stop_days"": 7, ""time_stop_min_move_pct"": 2.0, ""time_stop_extend_if_profit"": true, ""config_version"": ""2.0.0"", ""_snapshot_ts"": ""2026-03-11T18:59:21.533438""}",2.0.0,OK,,True,True,True,True,,,,,100.0,ATTACK
53,302440,SK바이오사이언스,KOSPI,기타,43700,114.54,10000.0,0,,WAIT,WAIT,3,False,False,True,10.5,10.5,0.0,10.0,32.5,0.0,43850.0,40250.0,51200.0,54300.0,,0.76,0.75,48969,-10.47,특이사항 없음,0,-14.26,35.8,-7.85,,,저점 이탈,추세 관망,NORMAL,64.9,기초 의약물질 제조업,11454000000.0,32.6,28.17,0,0,2.69,5.92,-13.0,-10.05,-17.26,-11.14,-18.69,-52.28,,0.983,0.145,0,8.9,0,0,0.99,0.31,61300.0,SWING_20D,80.0,BB_UPPER,75.0,SWING_120D,45.0,v1_sl_first_gap_at_open,8.21,5.0,2.0,NORMAL+PM_BLOCK_INTRADAY+EF:정상,enter,100.0,0,-1,47675.0,-10.45,0.03,False,X,▼,42303,▼,O,X,0,0,0,1.52,250.0,0.0,-1.0,-1.0,1.0,0.0,기초 의약물질 제조업,15.143571428571429,3.6917857142857136,7.0,32.5,22.460327254462786,22.460327254462786,2,0,0.4,0.4,0.2,STRUCT+TIMING+AI+SECTOR,default,default,default,70.0,20260311,20260311,,10.5,10.5,10.5,35.02,22.53,0.3,,True,FALLBACK,3.0,0,,"{""lookback_days"": 250, ""bench_lookback_days"": 60, ""top_n"": 600, ""min_turnover_eok"": 50, ""min_mcap_eok"": 1000, ""max_workers"": 4, ""pass_ebs"": 4, ""cache_format"": ""parquet"", ""rsi_low"": 45.0, ""rsi_high"": 65.0, ""rsi_overheat"": 75.0, ""vol_quality_min"": 1.1, ""rsi_penalty_threshold"": 75.0, ""gap_pct_penalty_threshold"": 5.0, ""timing_attack_threshold"": 60.0, ""vol_quality_attack"": 1.3, ""bb_period"": 20, ""bb_std"": 2.0, ""bb_squeeze_bw"": 10.0, ""kc_period"": 20, ""kc_atr_period"": 20, ""kc_mult"": 1.5, ""bonus_bb_squeeze_score"": 3.0, ""bonus_bb_squeeze_entry"": 4.0, ""trigger_dist_wick_high"": 0.35, ""trigger_dist_wick_mid"": 0.25, ""trigger_ret_pct_dist"": 5.0, ""trigger_ret_pct_weak"": 3.0, ""trigger_range_pos_weak"": 0.6, ""trigger_vol_ratio_spike"": 3.0, ""mtf_struct_bonus"": 10.0, ""mtf_struct_penalty"": 15.0, ""mtf_min_weekly_bars"": 26, ""mtf_min_monthly_bars"": 12, ""w_rr"": 0.25, ""w_t1"": 0.18, ""w_sl"": 0.12, ""w_near"": 0.12, ""w_mom"": 0.1, ""w_liq"": 0.13, ""w_tec"": 0.1, ""w_sector"": 0.05, ""p_overheat_5d"": 6.0, ""p_overheat_10d"": 6.0, ""p_rsi_out"": 4.0, ""p_macd_neg"": 4.0, ""p_near_far"": 4.0, ""p_liq_low"": 4.0, ""p_vol_spike"": 2.0, ""p_big_sl"": 3.0, ""fx_caution"": 1470.0, ""fx_critical"": 1490.0, ""nasdaq_caution"": -1.5, ""nasdaq_critical"": -2.5, ""rec_limit_default"": 5, ""rec_limit_caution"": 3, ""ml_low"": 5.0, ""ml_high"": 25.0, ""ml_max_weight"": 0.2, ""ml_cov_gate"": 0.2, ""trim_pct"": 0.1, ""ebs_pass_threshold"": 3, ""macro_weights"": {""CRITICAL"": [0.55, 0.25], ""HIGH"": [0.5, 0.3], ""NORMAL"": [0.4, 0.4]}, ""slippage_base_bps"": 10.0, ""slippage_low_liq_mult"": 3.0, ""slippage_liq_threshold_eok"": 20.0, ""liq_penalty_very_low_eok"": 5.0, ""liq_penalty_very_low_pts"": 8.0, ""liq_penalty_low_eok"": 10.0, ""liq_penalty_low_pts"": 4.0, ""time_stop_days"": 7, ""time_stop_min_move_pct"": 2.0, ""time_stop_extend_if_profit"": true, ""config_version"": ""2.0.0"", ""_snapshot_ts"": ""2026-03-11T18:59:21.533438""}",2.0.0,OK,,True,True,True,True,,,,,100.0,ATTACK
54,323410,카카오뱅크,KOSPI,인터넷/플랫폼·게임,24100,450.47,30000.0,0,,WAIT,WAIT,3,False,False,True,10.1,10.1,16.4,0.0,17.8,0.0,24300.0,21350.0,29500.0,30500.0,,0.86,0.39,25062,-10.04,특이사항 없음,0,-12.33,35.5,-8.09,,,저점 이탈,추세 관망,NORMAL,64.9,은행 및 저축기관,45047000000.0,41.6,30.42,0,0,0.41,9.46,-14.59,-9.5,10.96,3.18,-18.14,-24.06,,0.432,0.316,0,11.8,0,0,1.8,0.3,31850.0,SWING_20D,80.0,BB_UPPER,75.0,FIBO_1.272,40.0,v1_sl_first_gap_at_open,12.14,5.0,1.8,NORMAL+PM_BLOCK_INTRADAY+EF:정상,enter,100.0,0,-1,27725.0,-3.04,0.1024,False,O,▲,23416,▼,O,X,0,0,0,1.65,250.0,0.0,1.0,1.0,1.0,0.0,은행 및 저축기관,8.64,-15.695,13.0,17.8,15.0,15.0,4,1,0.4,0.4,0.2,STRUCT+TIMING+AI+SECTOR,default,default,default,70.0,20260311,20260311,,10.1,10.1,10.1,35.02,22.53,0.3,,True,FALLBACK,3.0,0,,"{""lookback_days"": 250, ""bench_lookback_days"": 60, ""top_n"": 600, ""min_turnover_eok"": 50, ""min_mcap_eok"": 1000, ""max_workers"": 4, ""pass_ebs"": 4, ""cache_format"": ""parquet"", ""rsi_low"": 45.0, ""rsi_high"": 65.0, ""rsi_overheat"": 75.0, ""vol_quality_min"": 1.1, ""rsi_penalty_threshold"": 75.0, ""gap_pct_penalty_threshold"": 5.0, ""timing_attack_threshold"": 60.0, ""vol_quality_attack"": 1.3, ""bb_period"": 20, ""bb_std"": 2.0, ""bb_squeeze_bw"": 10.0, ""kc_period"": 20, ""kc_atr_period"": 20, ""kc_mult"": 1.5, ""bonus_bb_squeeze_score"": 3.0, ""bonus_bb_squeeze_entry"": 4.0, ""trigger_dist_wick_high"": 0.35, ""trigger_dist_wick_mid"": 0.25, ""trigger_ret_pct_dist"": 5.0, ""trigger_ret_pct_weak"": 3.0, ""trigger_range_pos_weak"": 0.6, ""trigger_vol_ratio_spike"": 3.0, ""mtf_struct_bonus"": 10.0, ""mtf_struct_penalty"": 15.0, ""mtf_min_weekly_bars"": 26, ""mtf_min_monthly_bars"": 12, ""w_rr"": 0.25, ""w_t1"": 0.18, ""w_sl"": 0.12, ""w_near"": 0.12, ""w_mom"": 0.1, ""w_liq"": 0.13, ""w_tec"": 0.1, ""w_sector"": 0.05, ""p_overheat_5d"": 6.0, ""p_overheat_10d"": 6.0, ""p_rsi_out"": 4.0, ""p_macd_neg"": 4.0, ""p_near_far"": 4.0, ""p_liq_low"": 4.0, ""p_vol_spike"": 2.0, ""p_big_sl"": 3.0, ""fx_caution"": 1470.0, ""fx_critical"": 1490.0, ""nasdaq_caution"": -1.5, ""nasdaq_critical"": -2.5, ""rec_limit_default"": 5, ""rec_limit_caution"": 3, ""ml_low"": 5.0, ""ml_high"": 25.0, ""ml_max_weight"": 0.2, ""ml_cov_gate"": 0.2, ""trim_pct"": 0.1, ""ebs_pass_threshold"": 3, ""macro_weights"": {""CRITICAL"": [0.55, 0.25], ""HIGH"": [0.5, 0.3], ""NORMAL"": [0.4, 0.4]}, ""slippage_base_bps"": 10.0, ""slippage_low_liq_mult"": 3.0, ""slippage_liq_threshold_eok"": 20.0, ""liq_penalty_very_low_eok"": 5.0, ""liq_penalty_very_low_pts"": 8.0, ""liq_penalty_low_eok"": 10.0, ""liq_penalty_low_pts"": 4.0, ""time_stop_days"": 7, ""time_stop_min_move_pct"": 2.0, ""time_stop_extend_if_profit"": true, ""config_version"": ""2.0.0"", ""_snapshot_ts"": ""2026-03-11T18:59:21.533438""}",2.0.0,OK,,True,True,True,True,,,,,100.0,ATTACK
55,361610,SK아이이테크놀로지,KOSPI,2차전지,22750,78.97,10000.0,0,,WAIT,WAIT,3,False,False,True,5.8,5.8,0.0,5.9,17.3,0.0,23100.0,20050.0,28700.0,29400.0,,2.32,0.54,25935,-11.29,특이사항 없음,0,-14.64,40.3,-8.28,,,저점 이탈,추세 관망,NORMAL,64.9,일차전지 및 이차전지 제조업,7897000000.0,59.7,33.22,0,0,1.76,12.68,-15.38,-9.06,-23.13,-15.69,-17.7,-58.15,,0.98,0.18,0,12.0,0,0,1.13,0.33,30900.0,SWING_20D,80.0,BB_UPPER,75.0,SWING_60D,60.0,v1_sl_first_gap_at_open,13.2,5.0,1.8,NORMAL+PM_BLOCK_INTRADAY+EF:정상,enter,100.0,0,-1,27000.0,-10.93,0.0846,False,X,▼,22450,▼,O,X,0,0,0,1.1,250.0,0.0,-1.0,-1.0,1.0,0.0,일차전지 및 이차전지 제조업,14.533333333333333,-12.453333333333333,11.0,17.3,18.836630194734123,18.836630194734123,4,1,0.4,0.4,0.2,STRUCT+TIMING+AI+SECTOR,default,default,default,70.0,20260311,20260311,,5.8,5.8,5.8,35.02,22.53,0.3,,True,FALLBACK,3.0,0,,"{""lookback_days"": 250, ""bench_lookback_days"": 60, ""top_n"": 600, ""min_turnover_eok"": 50, ""min_mcap_eok"": 1000, ""max_workers"": 4, ""pass_ebs"": 4, ""cache_format"": ""parquet"", ""rsi_low"": 45.0, ""rsi_high"": 65.0, ""rsi_overheat"": 75.0, ""vol_quality_min"": 1.1, ""rsi_penalty_threshold"": 75.0, ""gap_pct_penalty_threshold"": 5.0, ""timing_attack_threshold"": 60.0, ""vol_quality_attack"": 1.3, ""bb_period"": 20, ""bb_std"": 2.0, ""bb_squeeze_bw"": 10.0, ""kc_period"": 20, ""kc_atr_period"": 20, ""kc_mult"": 1.5, ""bonus_bb_squeeze_score"": 3.0, ""bonus_bb_squeeze_entry"": 4.0, ""trigger_dist_wick_high"": 0.35, ""trigger_dist_wick_mid"": 0.25, ""trigger_ret_pct_dist"": 5.0, ""trigger_ret_pct_weak"": 3.0, ""trigger_range_pos_weak"": 0.6, ""trigger_vol_ratio_spike"": 3.0, ""mtf_struct_bonus"": 10.0, ""mtf_struct_penalty"": 15.0, ""mtf_min_weekly_bars"": 26, ""mtf_min_monthly_bars"": 12, ""w_rr"": 0.25, ""w_t1"": 0.18, ""w_sl"": 0.12, ""w_near"": 0.12, ""w_mom"": 0.1, ""w_liq"": 0.13, ""w_tec"": 0.1, ""w_sector"": 0.05, ""p_overheat_5d"": 6.0, ""p_overheat_10d"": 6.0, ""p_rsi_out"": 4.0, ""p_macd_neg"": 4.0, ""p_near_far"": 4.0, ""p_liq_low"": 4.0, ""p_vol_spike"": 2.0, ""p_big_sl"": 3.0, ""fx_caution"": 1470.0, ""fx_critical"": 1490.0, ""nasdaq_caution"": -1.5, ""nasdaq_critical"": -2.5, ""rec_limit_default"": 5, ""rec_limit_caution"": 3, ""ml_low"": 5.0, ""ml_high"": 25.0, ""ml_max_weight"": 0.2, ""ml_cov_gate"": 0.2, ""trim_pct"": 0.1, ""ebs_pass_threshold"": 3, ""macro_weights"": {""CRITICAL"": [0.55, 0.25], ""HIGH"": [0.5, 0.3], ""NORMAL"": [0.4, 0.4]}, ""slippage_base_bps"": 10.0, ""slippage_low_liq_mult"": 3.0, ""slippage_liq_threshold_eok"": 20.0, ""liq_penalty_very_low_eok"": 5.0, ""liq_penalty_very_low_pts"": 8.0, ""liq_penalty_low_eok"": 10.0, ""liq_penalty_low_pts"": 4.0, ""time_stop_days"": 7, ""time_stop_min_move_pct"": 2.0, ""time_stop_extend_if_profit"": true, ""config_version"": ""2.0.0"", ""_snapshot_ts"": ""2026-03-11T18:59:21.533438""}",2.0.0,OK,,True,True,True,True,,,,,100.0,ATTACK
56,499790,GS피앤엘,KOSPI,금융,46100,90.95,10000.0,0,,WAIT,WAIT,3,False,False,True,4.8,4.8,0.0,4.2,15.8,0.0,45550.0,38700.0,67000.0,69200.0,,0.91,0.72,50559,11.55,특이사항 없음,0,-26.61,19.8,-15.24,,,MFI 약세,추세 관망,NORMAL,64.9,기타 금융업,9095000000.0,19.9,53.6,0,0,3.93,2.1,-21.74,-23.93,-6.85,-15.14,-32.57,-41.87,,0.538,0.285,1,12.0,0,0,1.11,0.17,74800.0,SWING_20D,80.0,BB_UPPER,75.0,FIBO_1.272,40.0,v1_sl_first_gap_at_open,15.04,5.0,3.1,NORMAL+PM_BLOCK_INTRADAY+EF:정상,enter,100.0,0,-1,53175.0,-8.52,0.1667,False,X,▲,42487,▼,O,X,0,0,0,1.91,250.0,0.0,1.0,-1.0,1.0,0.0,기타 금융업,6.77,-17.7,14.0,15.8,3.8057788759404034,3.8057788759404034,4,1,0.4,0.4,0.2,STRUCT+TIMING+AI+SECTOR,default,default,default,70.0,20260311,20260311,,4.8,4.8,4.8,35.02,22.53,0.3,,True,FALLBACK,3.0,0,,"{""lookback_days"": 250, ""bench_lookback_days"": 60, ""top_n"": 600, ""min_turnover_eok"": 50, ""min_mcap_eok"": 1000, ""max_workers"": 4, ""pass_ebs"": 4, ""cache_format"": ""parquet"", ""rsi_low"": 45.0, ""rsi_high"": 65.0, ""rsi_overheat"": 75.0, ""vol_quality_min"": 1.1, ""rsi_penalty_threshold"": 75.0, ""gap_pct_penalty_threshold"": 5.0, ""timing_attack_threshold"": 60.0, ""vol_quality_attack"": 1.3, ""bb_period"": 20, ""bb_std"": 2.0, ""bb_squeeze_bw"": 10.0, ""kc_period"": 20, ""kc_atr_period"": 20, ""kc_mult"": 1.5, ""bonus_bb_squeeze_score"": 3.0, ""bonus_bb_squeeze_entry"": 4.0, ""trigger_dist_wick_high"": 0.35, ""trigger_dist_wick_mid"": 0.25, ""trigger_ret_pct_dist"": 5.0, ""trigger_ret_pct_weak"": 3.0, ""trigger_range_pos_weak"": 0.6, ""trigger_vol_ratio_spike"": 3.0, ""mtf_struct_bonus"": 10.0, ""mtf_struct_penalty"": 15.0, ""mtf_min_weekly_bars"": 26, ""mtf_min_monthly_bars"": 12, ""w_rr"": 0.25, ""w_t1"": 0.18, ""w_sl"": 0.12, ""w_near"": 0.12, ""w_mom"": 0.1, ""w_liq"": 0.13, ""w_tec"": 0.1, ""w_sector"": 0.05, ""p_overheat_5d"": 6.0, ""p_overheat_10d"": 6.0, ""p_rsi_out"": 4.0, ""p_macd_neg"": 4.0, ""p_near_far"": 4.0, ""p_liq_low"": 4.0, ""p_vol_spike"": 2.0, ""p_big_sl"": 3.0, ""fx_caution"": 1470.0, ""fx_critical"": 1490.0, ""nasdaq_caution"": -1.5, ""nasdaq_critical"": -2.5, ""rec_limit_default"": 5, ""rec_limit_caution"": 3, ""ml_low"": 5.0, ""ml_high"": 25.0, ""ml_max_weight"": 0.2, ""ml_cov_gate"": 0.2, ""trim_pct"": 0.1, ""ebs_pass_threshold"": 3, ""macro_weights"": {""CRITICAL"": [0.55, 0.25], ""HIGH"": [0.5, 0.3], ""NORMAL"": [0.4, 0.4]}, ""slippage_base_bps"": 10.0, ""slippage_low_liq_mult"": 3.0, ""slippage_liq_threshold_eok"": 20.0, ""liq_penalty_very_low_eok"": 5.0, ""liq_penalty_very_low_pts"": 8.0, ""liq_penalty_low_eok"": 10.0, ""liq_penalty_low_pts"": 4.0, ""time_stop_days"": 7, ""time_stop_min_move_pct"": 2.0, ""time_stop_extend_if_profit"": true, ""config_version"": ""2.0.0"", ""_snapshot_ts"": ""2026-03-11T18:59:21.533438""}",2.0.0,OK,,True,True,True,True,,,,,100.0,ATTACK
57,448710,코츠테크놀로지,KOSDAQ,IT/전기전자,21150,177.3,10000.0,0,,NEUTRAL,NEUTRAL,4,False,False,False,57.4,57.4,49.1,78.8,31.2,0.0,21150.0,18190.0,24800.0,27650.0,,0.03,1.06,19760,11.48,특이사항 없음,1,-2.13,59.9,8.87,TIMING 강점,,5일 급등,조건 미충족,NORMAL,64.9,컴퓨터 및 주변장치 제조업,17730000000.0,59.8,26.43,0,0,-1.17,23.9,9.47,13.77,28.49,8.68,11.21,5.96,,0.178,0.178,1,12.0,1,0,1.51,0.53,30550.0,SWING_20D,80.0,ATR_3.5x,45.0,FIBO_1.618,25.0,v1_sl_first_gap_at_open,14.0,5.0,1.2,NORMAL+PM_BLOCK_INTRADAY+EF:정상,enter,100.0,1,-1,23089.0,7.03,0.4181,False,O,▲,20631,▲,O,X,0,0,0,0.0,250.0,0.0,1.0,1.0,1.0,0.0,컴퓨터 및 주변장치 제조업,27.91866666666667,17.557333333333336,2.0,31.2,59.36954449437863,59.36954449437863,6,1,0.4,0.4,0.2,STRUCT+TIMING+AI+SECTOR,default,default,default,70.0,20260311,20260311,,57.4,57.4,57.4,35.02,22.53,0.374,,True,FALLBACK,3.0,0,,"{""lookback_days"": 250, ""bench_lookback_days"": 60, ""top_n"": 600, ""min_turnover_eok"": 50, ""min_mcap_eok"": 1000, ""max_workers"": 4, ""pass_ebs"": 4, ""cache_format"": ""parquet"", ""rsi_low"": 45.0, ""rsi_high"": 65.0, ""rsi_overheat"": 75.0, ""vol_quality_min"": 1.1, ""rsi_penalty_threshold"": 75.0, ""gap_pct_penalty_threshold"": 5.0, ""timing_attack_threshold"": 60.0, ""vol_quality_attack"": 1.3, ""bb_period"": 20, ""bb_std"": 2.0, ""bb_squeeze_bw"": 10.0, ""kc_period"": 20, ""kc_atr_period"": 20, ""kc_mult"": 1.5, ""bonus_bb_squeeze_score"": 3.0, ""bonus_bb_squeeze_entry"": 4.0, ""trigger_dist_wick_high"": 0.35, ""trigger_dist_wick_mid"": 0.25, ""trigger_ret_pct_dist"": 5.0, ""trigger_ret_pct_weak"": 3.0, ""trigger_range_pos_weak"": 0.6, ""trigger_vol_ratio_spike"": 3.0, ""mtf_struct_bonus"": 10.0, ""mtf_struct_penalty"": 15.0, ""mtf_min_weekly_bars"": 26, ""mtf_min_monthly_bars"": 12, ""w_rr"": 0.25, ""w_t1"": 0.18, ""w_sl"": 0.12, ""w_near"": 0.12, ""w_mom"": 0.1, ""w_liq"": 0.13, ""w_tec"": 0.1, ""w_sector"": 0.05, ""p_overheat_5d"": 6.0, ""p_overheat_10d"": 6.0, ""p_rsi_out"": 4.0, ""p_macd_neg"": 4.0, ""p_near_far"": 4.0, ""p_liq_low"": 4.0, ""p_vol_spike"": 2.0, ""p_big_sl"": 3.0, ""fx_caution"": 1470.0, ""fx_critical"": 1490.0, ""nasdaq_caution"": -1.5, ""nasdaq_critical"": -2.5, ""rec_limit_default"": 5, ""rec_limit_caution"": 3, ""ml_low"": 5.0, ""ml_high"": 25.0, ""ml_max_weight"": 0.2, ""ml_cov_gate"": 0.2, ""trim_pct"": 0.1, ""ebs_pass_threshold"": 3, ""macro_weights"": {""CRITICAL"": [0.55, 0.25], ""HIGH"": [0.5, 0.3], ""NORMAL"": [0.4, 0.4]}, ""slippage_base_bps"": 10.0, ""slippage_low_liq_mult"": 3.0, ""slippage_liq_threshold_eok"": 20.0, ""liq_penalty_very_low_eok"": 5.0, ""liq_penalty_very_low_pts"": 8.0, ""liq_penalty_low_eok"": 10.0, ""liq_penalty_low_pts"": 4.0, ""time_stop_days"": 7, ""time_stop_min_move_pct"": 2.0, ""time_stop_extend_if_profit"": true, ""config_version"": ""2.0.0"", ""_snapshot_ts"": ""2026-03-11T18:59:21.533438""}",2.0.0,OK,,True,True,True,True,,,,,100.0,ATTACK
58,254490,미래반도체,KOSDAQ,기타,19220,95.98,10000.0,0,,NEUTRAL,NEUTRAL,4,False,False,False,49.3,49.3,61.0,33.4,57.7,0.0,19220.0,16330.0,23750.0,26550.0,,0.42,0.29,19025,1.99,특이사항 없음,0,-3.28,54.1,2.32,거래품질 우수,,5일 급등,조건 미충족,NORMAL,64.9,기타 전문 도매업,9598000000.0,84.1,28.56,0,0,-2.44,18.57,-6.24,7.86,26.03,15.78,5.3,3.5,,0.244,0.244,1,12.0,0,0,3.46,0.4,29700.0,SWING_20D,80.0,ATR_3.5x,45.0,FIBO_1.618,25.0,v1_sl_first_gap_at_open,15.04,5.0,1.6,NORMAL+PM_BLOCK_INTRADAY+EF:정상,enter,100.0,1,-1,23751.0,1.02,0.0346,False,O,▲,19322,▼,X,X,0,0,0,1.52,250.0,0.0,1.0,1.0,1.0,0.0,기타 전문 도매업,15.143571428571429,3.6917857142857136,7.0,57.7,28.0,28.0,6,1,0.4,0.4,0.2,STRUCT+TIMING+AI+SECTOR,default,default,default,70.0,20260311,20260311,,49.3,49.3,49.3,35.02,22.53,0.3,,True,FALLBACK,3.0,0,,"{""lookback_days"": 250, ""bench_lookback_days"": 60, ""top_n"": 600, ""min_turnover_eok"": 50, ""min_mcap_eok"": 1000, ""max_workers"": 4, ""pass_ebs"": 4, ""cache_format"": ""parquet"", ""rsi_low"": 45.0, ""rsi_high"": 65.0, ""rsi_overheat"": 75.0, ""vol_quality_min"": 1.1, ""rsi_penalty_threshold"": 75.0, ""gap_pct_penalty_threshold"": 5.0, ""timing_attack_threshold"": 60.0, ""vol_quality_attack"": 1.3, ""bb_period"": 20, ""bb_std"": 2.0, ""bb_squeeze_bw"": 10.0, ""kc_period"": 20, ""kc_atr_period"": 20, ""kc_mult"": 1.5, ""bonus_bb_squeeze_score"": 3.0, ""bonus_bb_squeeze_entry"": 4.0, ""trigger_dist_wick_high"": 0.35, ""trigger_dist_wick_mid"": 0.25, ""trigger_ret_pct_dist"": 5.0, ""trigger_ret_pct_weak"": 3.0, ""trigger_range_pos_weak"": 0.6, ""trigger_vol_ratio_spike"": 3.0, ""mtf_struct_bonus"": 10.0, ""mtf_struct_penalty"": 15.0, ""mtf_min_weekly_bars"": 26, ""mtf_min_monthly_bars"": 12, ""w_rr"": 0.25, ""w_t1"": 0.18, ""w_sl"": 0.12, ""w_near"": 0.12, ""w_mom"": 0.1, ""w_liq"": 0.13, ""w_tec"": 0.1, ""w_sector"": 0.05, ""p_overheat_5d"": 6.0, ""p_overheat_10d"": 6.0, ""p_rsi_out"": 4.0, ""p_macd_neg"": 4.0, ""p_near_far"": 4.0, ""p_liq_low"": 4.0, ""p_vol_spike"": 2.0, ""p_big_sl"": 3.0, ""fx_caution"": 1470.0, ""fx_critical"": 1490.0, ""nasdaq_caution"": -1.5, ""nasdaq_critical"": -2.5, ""rec_limit_default"": 5, ""rec_limit_caution"": 3, ""ml_low"": 5.0, ""ml_high"": 25.0, ""ml_max_weight"": 0.2, ""ml_cov_gate"": 0.2, ""trim_pct"": 0.1, ""ebs_pass_threshold"": 3, ""macro_weights"": {""CRITICAL"": [0.55, 0.25], ""HIGH"": [0.5, 0.3], ""NORMAL"": [0.4, 0.4]}, ""slippage_base_bps"": 10.0, ""slippage_low_liq_mult"": 3.0, ""slippage_liq_threshold_eok"": 20.0, ""liq_penalty_very_low_eok"": 5.0, ""liq_penalty_very_low_pts"": 8.0, ""liq_penalty_low_eok"": 10.0, ""liq_penalty_low_pts"": 4.0, ""time_stop_days"": 7, ""time_stop_min_move_pct"": 2.0, ""time_stop_extend_if_profit"": true, ""config_version"": ""2.0.0"", ""_snapshot_ts"": ""2026-03-11T18:59:21.533438""}",2.0.0,OK,,True,True,True,True,,,,,100.0,ATTACK
59,347850,디앤디파마텍,KOSDAQ,기타,79900,757.95,60000.0,0,,NEUTRAL,NEUTRAL,4,False,False,False,43.9,43.9,25.0,42.0,85.5,0.0,80200.0,68100.0,94800.0,110000.0,,-0.02,0.87,91517,64.06,특이사항 없음,3,-7.28,47.4,-3.93,AI 강점,,저점 이탈,조건 미충족,NORMAL,64.9,자연과학 및 공학 연구개발업,75795000000.0,53.6,24.32,1,0,-2.2,14.57,-9.48,-6.53,-3.37,92.95,-9.09,-25.9,,0.434,0.11,1,12.0,1,0,2.0,0.41,113700.0,SWING_20D,80.0,SWING_60D,60.0,SWING_120D,45.0,v1_sl_first_gap_at_open,15.09,4.0,1.2,NORMAL+PM_BLOCK_INTRADAY+EF:정상,enter,100.0,0,-1,96720.0,-12.37,0.0406,False,X,▲,80787,▼,X,X,0,0,0,1.71,250.0,0.0,1.0,1.0,1.0,0.0,자연과학 및 공학 연구개발업,15.143571428571429,3.6917857142857136,7.0,85.5,28.818167420557565,28.818167420557565,8,1,0.4,0.4,0.2,STRUCT+TIMING+AI+SECTOR,default,default,default,70.0,20260311,20260311,,43.9,43.9,43.9,35.02,22.53,0.3,,True,FALLBACK,3.0,0,,"{""lookback_days"": 250, ""bench_lookback_days"": 60, ""top_n"": 600, ""min_turnover_eok"": 50, ""min_mcap_eok"": 1000, ""max_workers"": 4, ""pass_ebs"": 4, ""cache_format"": ""parquet"", ""rsi_low"": 45.0, ""rsi_high"": 65.0, ""rsi_overheat"": 75.0, ""vol_quality_min"": 1.1, ""rsi_penalty_threshold"": 75.0, ""gap_pct_penalty_threshold"": 5.0, ""timing_attack_threshold"": 60.0, ""vol_quality_attack"": 1.3, ""bb_period"": 20, ""bb_std"": 2.0, ""bb_squeeze_bw"": 10.0, ""kc_period"": 20, ""kc_atr_period"": 20, ""kc_mult"": 1.5, ""bonus_bb_squeeze_score"": 3.0, ""bonus_bb_squeeze_entry"": 4.0, ""trigger_dist_wick_high"": 0.35, ""trigger_dist_wick_mid"": 0.25, ""trigger_ret_pct_dist"": 5.0, ""trigger_ret_pct_weak"": 3.0, ""trigger_range_pos_weak"": 0.6, ""trigger_vol_ratio_spike"": 3.0, ""mtf_struct_bonus"": 10.0, ""mtf_struct_penalty"": 15.0, ""mtf_min_weekly_bars"": 26, ""mtf_min_monthly_bars"": 12, ""w_rr"": 0.25, ""w_t1"": 0.18, ""w_sl"": 0.12, ""w_near"": 0.12, ""w_mom"": 0.1, ""w_liq"": 0.13, ""w_tec"": 0.1, ""w_sector"": 0.05, ""p_overheat_5d"": 6.0, ""p_overheat_10d"": 6.0, ""p_rsi_out"": 4.0, ""p_macd_neg"": 4.0, ""p_near_far"": 4.0, ""p_liq_low"": 4.0, ""p_vol_spike"": 2.0, ""p_big_sl"": 3.0, ""fx_caution"": 1470.0, ""fx_critical"": 1490.0, ""nasdaq_caution"": -1.5, ""nasdaq_critical"": -2.5, ""rec_limit_default"": 5, ""rec_limit_caution"": 3, ""ml_low"": 5.0, ""ml_high"": 25.0, ""ml_max_weight"": 0.2, ""ml_cov_gate"": 0.2, ""trim_pct"": 0.1, ""ebs_pass_threshold"": 3, ""macro_weights"": {""CRITICAL"": [0.55, 0.25], ""HIGH"": [0.5, 0.3], ""NORMAL"": [0.4, 0.4]}, ""slippage_base_bps"": 10.0, ""slippage_low_liq_mult"": 3.0, ""slippage_liq_threshold_eok"": 20.0, ""liq_penalty_very_low_eok"": 5.0, ""liq_penalty_very_low_pts"": 8.0, ""liq_penalty_low_eok"": 10.0, ""liq_penalty_low_pts"": 4.0, ""time_stop_days"": 7, ""time_stop_min_move_pct"": 2.0, ""time_stop_extend_if_profit"": true, ""config_version"": ""2.0.0"", ""_snapshot_ts"": ""2026-03-11T18:59:21.533438""}",2.0.0,OK,,True,True,True,True,,,,,100.0,ATTACK
60,403870,HPSP,KOSDAQ GLOBAL,조선·기계·설비,43600,3091.52,100000.0,0,,NEUTRAL,NEUTRAL,4,False,False,False,39.7,39.7,16.9,42.2,80.4,0.0,43600.0,37050.0,48600.0,59300.0,,0.13,0.72,40535,28.43,특이사항 없음,3,-6.3,51.3,-0.79,AI 강점,,저점 이탈,조건 미충족,NORMAL,64.9,특수 목적용 기계 제조업,309152000000.0,57.8,20.86,1,0,-4.6,14.89,6.47,-3.33,43.42,61.48,,,,0.245,0.245,1,12.0,0,0,1.08,0.53,61700.0,SWING_20D,80.0,ATR_3.5x,45.0,FIBO_1.618,25.0,v1_sl_first_gap_at_open,15.02,4.0,0.8,NORMAL+PM_BLOCK_INTRADAY+EF:정상,enter,100.0,0,1,37442.5,7.56,0.1813,False,O,▲,44041,▲,X,X,0,0,0,2.52,250.0,0.0,1.0,1.0,1.0,0.0,특수 목적용 기계 제조업,16.365,-3.5611764705882356,9.0,80.4,24.47601519398991,24.47601519398991,6,1,0.4,0.4,0.2,STRUCT+TIMING+AI+SECTOR,default,default,default,70.0,20260311,20260311,,39.7,39.7,39.7,35.02,22.53,0.3,,True,FALLBACK,3.0,0,,"{""lookback_days"": 250, ""bench_lookback_days"": 60, ""top_n"": 600, ""min_turnover_eok"": 50, ""min_mcap_eok"": 1000, ""max_workers"": 4, ""pass_ebs"": 4, ""cache_format"": ""parquet"", ""rsi_low"": 45.0, ""rsi_high"": 65.0, ""rsi_overheat"": 75.0, ""vol_quality_min"": 1.1, ""rsi_penalty_threshold"": 75.0, ""gap_pct_penalty_threshold"": 5.0, ""timing_attack_threshold"": 60.0, ""vol_quality_attack"": 1.3, ""bb_period"": 20, ""bb_std"": 2.0, ""bb_squeeze_bw"": 10.0, ""kc_period"": 20, ""kc_atr_period"": 20, ""kc_mult"": 1.5, ""bonus_bb_squeeze_score"": 3.0, ""bonus_bb_squeeze_entry"": 4.0, ""trigger_dist_wick_high"": 0.35, ""trigger_dist_wick_mid"": 0.25, ""trigger_ret_pct_dist"": 5.0, ""trigger_ret_pct_weak"": 3.0, ""trigger_range_pos_weak"": 0.6, ""trigger_vol_ratio_spike"": 3.0, ""mtf_struct_bonus"": 10.0, ""mtf_struct_penalty"": 15.0, ""mtf_min_weekly_bars"": 26, ""mtf_min_monthly_bars"": 12, ""w_rr"": 0.25, ""w_t1"": 0.18, ""w_sl"": 0.12, ""w_near"": 0.12, ""w_mom"": 0.1, ""w_liq"": 0.13, ""w_tec"": 0.1, ""w_sector"": 0.05, ""p_overheat_5d"": 6.0, ""p_overheat_10d"": 6.0, ""p_rsi_out"": 4.0, ""p_macd_neg"": 4.0, ""p_near_far"": 4.0, ""p_liq_low"": 4.0, ""p_vol_spike"": 2.0, ""p_big_sl"": 3.0, ""fx_caution"": 1470.0, ""fx_critical"": 1490.0, ""nasdaq_caution"": -1.5, ""nasdaq_critical"": -2.5, ""rec_limit_default"": 5, ""rec_limit_caution"": 3, ""ml_low"": 5.0, ""ml_high"": 25.0, ""ml_max_weight"": 0.2, ""ml_cov_gate"": 0.2, ""trim_pct"": 0.1, ""ebs_pass_threshold"": 3, ""macro_weights"": {""CRITICAL"": [0.55, 0.25], ""HIGH"": [0.5, 0.3], ""NORMAL"": [0.4, 0.4]}, ""slippage_base_bps"": 10.0, ""slippage_low_liq_mult"": 3.0, ""slippage_liq_threshold_eok"": 20.0, ""liq_penalty_very_low_eok"": 5.0, ""liq_penalty_very_low_pts"": 8.0, ""liq_penalty_low_eok"": 10.0, ""liq_penalty_low_pts"": 4.0, ""time_stop_days"": 7, ""time_stop_min_move_pct"": 2.0, ""time_stop_extend_if_profit"": true, ""config_version"": ""2.0.0"", ""_snapshot_ts"": ""2026-03-11T18:59:21.533438""}",2.0.0,OK,,True,True,True,True,,,,,100.0,ATTACK
61,022100,포스코DX,KOSPI,서비스 기타,32200,319.83,30000.0,0,,NEUTRAL,NEUTRAL,4,False,False,False,35.2,35.2,16.2,34.5,74.4,0.0,32600.0,27800.0,41150.0,43250.0,,1.3,0.81,35646,13.02,특이사항 없음,0,-22.19,36.5,-10.72,AI 강점,,저점 이탈,조건 미충족,NORMAL,64.9,"건축기술, 엔지니어링 및 관련 기술 서비스업",31983000000.0,48.2,36.7,0,0,-0.91,13.0,-13.64,-17.57,14.59,48.52,-26.21,-20.43,,0.361,0.142,1,12.0,0,0,1.55,0.33,45600.0,SWING_20D,80.0,BB_UPPER,75.0,SWING_60D,60.0,v1_sl_first_gap_at_open,14.72,5.0,1.8,NORMAL+PM_BLOCK_INTRADAY+EF:정상,enter,100.0,0,-1,37680.0,-8.55,0.2419,False,O,▲,31707,▼,O,X,0,0,0,2.13,250.0,0.0,1.0,1.0,1.0,0.0,"건축기술, 엔지니어링 및 관련 기술 서비스업",13.685,67.14333333333333,1.0,74.4,23.85333850728592,23.85333850728592,4,1,0.4,0.4,0.2,STRUCT+TIMING+AI+SECTOR,default,default,default,70.0,20260311,20260311,,35.2,35.2,35.2,35.02,22.53,0.3,,True,FALLBACK,3.0,0,,"{""lookback_days"": 250, ""bench_lookback_days"": 60, ""top_n"": 600, ""min_turnover_eok"": 50, ""min_mcap_eok"": 1000, ""max_workers"": 4, ""pass_ebs"": 4, ""cache_format"": ""parquet"", ""rsi_low"": 45.0, ""rsi_high"": 65.0, ""rsi_overheat"": 75.0, ""vol_quality_min"": 1.1, ""rsi_penalty_threshold"": 75.0, ""gap_pct_penalty_threshold"": 5.0, ""timing_attack_threshold"": 60.0, ""vol_quality_attack"": 1.3, ""bb_period"": 20, ""bb_std"": 2.0, ""bb_squeeze_bw"": 10.0, ""kc_period"": 20, ""kc_atr_period"": 20, ""kc_mult"": 1.5, ""bonus_bb_squeeze_score"": 3.0, ""bonus_bb_squeeze_entry"": 4.0, ""trigger_dist_wick_high"": 0.35, ""trigger_dist_wick_mid"": 0.25, ""trigger_ret_pct_dist"": 5.0, ""trigger_ret_pct_weak"": 3.0, ""trigger_range_pos_weak"": 0.6, ""trigger_vol_ratio_spike"": 3.0, ""mtf_struct_bonus"": 10.0, ""mtf_struct_penalty"": 15.0, ""mtf_min_weekly_bars"": 26, ""mtf_min_monthly_bars"": 12, ""w_rr"": 0.25, ""w_t1"": 0.18, ""w_sl"": 0.12, ""w_near"": 0.12, ""w_mom"": 0.1, ""w_liq"": 0.13, ""w_tec"": 0.1, ""w_sector"": 0.05, ""p_overheat_5d"": 6.0, ""p_overheat_10d"": 6.0, ""p_rsi_out"": 4.0, ""p_macd_neg"": 4.0, ""p_near_far"": 4.0, ""p_liq_low"": 4.0, ""p_vol_spike"": 2.0, ""p_big_sl"": 3.0, ""fx_caution"": 1470.0, ""fx_critical"": 1490.0, ""nasdaq_caution"": -1.5, ""nasdaq_critical"": -2.5, ""rec_limit_default"": 5, ""rec_limit_caution"": 3, ""ml_low"": 5.0, ""ml_high"": 25.0, ""ml_max_weight"": 0.2, ""ml_cov_gate"": 0.2, ""trim_pct"": 0.1, ""ebs_pass_threshold"": 3, ""macro_weights"": {""CRITICAL"": [0.55, 0.25], ""HIGH"": [0.5, 0.3], ""NORMAL"": [0.4, 0.4]}, ""slippage_base_bps"": 10.0, ""slippage_low_liq_mult"": 3.0, ""slippage_liq_threshold_eok"": 20.0, ""liq_penalty_very_low_eok"": 5.0, ""liq_penalty_very_low_pts"": 8.0, ""liq_penalty_low_eok"": 10.0, ""liq_penalty_low_pts"": 4.0, ""time_stop_days"": 7, ""time_stop_min_move_pct"": 2.0, ""time_stop_extend_if_profit"": true, ""config_version"": ""2.0.0"", ""_snapshot_ts"": ""2026-03-11T18:59:21.533438""}",2.0.0,OK,,True,True,True,True,,,,,100.0,ATTACK
62,365340,성일하이텍,KOSDAQ,화학·소재,53500,52.67,10000.0,0,,NEUTRAL,NEUTRAL,4,False,False,False,34.7,34.7,14.0,39.0,67.7,0.0,53300.0,45300.0,67900.0,70700.0,,0.38,0.97,56979,23.64,특이사항 없음,0,-18.51,36.4,-11.96,,,저점 이탈,조건 미충족,NORMAL,64.9,기초 화학물질 제조업,5267000000.0,35.1,33.36,0,0,-3.62,10.24,-16.33,-15.13,19.91,44.64,-17.69,-2.62,,0.388,0.131,1,12.0,0,0,1.84,0.27,74000.0,SWING_20D,80.0,BB_UPPER,75.0,SWING_60D,60.0,v1_sl_first_gap_at_open,15.01,5.0,1.8,NORMAL+PM_BLOCK_INTRADAY+EF:정상,enter,100.0,0,-1,64530.0,-6.46,0.2722,False,O,▲,53370,▼,X,X,0,0,0,1.27,250.0,0.0,1.0,1.0,1.0,0.0,기초 화학물질 제조업,15.3625,-0.6762499999999998,8.0,67.7,35.13788195291283,35.13788195291283,4,1,0.4,0.4,0.2,STRUCT+TIMING+AI+SECTOR,default,default,default,70.0,20260311,20260311,,34.7,34.7,34.7,35.02,22.53,0.3,,True,FALLBACK,3.0,0,,"{""lookback_days"": 250, ""bench_lookback_days"": 60, ""top_n"": 600, ""min_turnover_eok"": 50, ""min_mcap_eok"": 1000, ""max_workers"": 4, ""pass_ebs"": 4, ""cache_format"": ""parquet"", ""rsi_low"": 45.0, ""rsi_high"": 65.0, ""rsi_overheat"": 75.0, ""vol_quality_min"": 1.1, ""rsi_penalty_threshold"": 75.0, ""gap_pct_penalty_threshold"": 5.0, ""timing_attack_threshold"": 60.0, ""vol_quality_attack"": 1.3, ""bb_period"": 20, ""bb_std"": 2.0, ""bb_squeeze_bw"": 10.0, ""kc_period"": 20, ""kc_atr_period"": 20, ""kc_mult"": 1.5, ""bonus_bb_squeeze_score"": 3.0, ""bonus_bb_squeeze_entry"": 4.0, ""trigger_dist_wick_high"": 0.35, ""trigger_dist_wick_mid"": 0.25, ""trigger_ret_pct_dist"": 5.0, ""trigger_ret_pct_weak"": 3.0, ""trigger_range_pos_weak"": 0.6, ""trigger_vol_ratio_spike"": 3.0, ""mtf_struct_bonus"": 10.0, ""mtf_struct_penalty"": 15.0, ""mtf_min_weekly_bars"": 26, ""mtf_min_monthly_bars"": 12, ""w_rr"": 0.25, ""w_t1"": 0.18, ""w_sl"": 0.12, ""w_near"": 0.12, ""w_mom"": 0.1, ""w_liq"": 0.13, ""w_tec"": 0.1, ""w_sector"": 0.05, ""p_overheat_5d"": 6.0, ""p_overheat_10d"": 6.0, ""p_rsi_out"": 4.0, ""p_macd_neg"": 4.0, ""p_near_far"": 4.0, ""p_liq_low"": 4.0, ""p_vol_spike"": 2.0, ""p_big_sl"": 3.0, ""fx_caution"": 1470.0, ""fx_critical"": 1490.0, ""nasdaq_caution"": -1.5, ""nasdaq_critical"": -2.5, ""rec_limit_default"": 5, ""rec_limit_caution"": 3, ""ml_low"": 5.0, ""ml_high"": 25.0, ""ml_max_weight"": 0.2, ""ml_cov_gate"": 0.2, ""trim_pct"": 0.1, ""ebs_pass_threshold"": 3, ""macro_weights"": {""CRITICAL"": [0.55, 0.25], ""HIGH"": [0.5, 0.3], ""NORMAL"": [0.4, 0.4]}, ""slippage_base_bps"": 10.0, ""slippage_low_liq_mult"": 3.0, ""slippage_liq_threshold_eok"": 20.0, ""liq_penalty_very_low_eok"": 5.0, ""liq_penalty_very_low_pts"": 8.0, ""liq_penalty_low_eok"": 10.0, ""liq_penalty_low_pts"": 4.0, ""time_stop_days"": 7, ""time_stop_min_move_pct"": 2.0, ""time_stop_extend_if_profit"": true, ""config_version"": ""2.0.0"", ""_snapshot_ts"": ""2026-03-11T18:59:21.533438""}",2.0.0,OK,,True,True,True,True,,,,,100.0,ATTACK
63,445680,큐리옥스바이오시스템즈,KOSDAQ,기타,90900,132.88,10000.0,0,,NEUTRAL,NEUTRAL,4,False,False,False,29.7,29.7,0.0,40.1,68.5,0.0,90800.0,85900.0,123100.0,128400.0,,-1.28,1.93,107177,28.05,특이사항 없음,0,-14.89,38.2,-16.9,,,저점 이탈,조건 미충족,NORMAL,64.9,의료용 기기 제조업,13288000000.0,43.3,34.99,0,0,-4.82,1.11,-21.11,-28.9,0.89,99.56,-31.46,-21.64,,0.348,0.179,1,12.0,0,0,0.79,0.06,133000.0,SWING_20D,80.0,BB_UPPER,75.0,SWING_60D,60.0,v1_sl_first_gap_at_open,5.4,5.0,6.6,SWING+PM_BLOCK_INTRADAY+EF:정상,enter,100.0,0,-1,121670.0,-15.28,-0.1823,True,X,▲,98504,▼,X,X,0,0,0,2.2,250.0,0.0,1.0,1.0,1.0,0.0,의료용 기기 제조업,15.143571428571429,3.6917857142857136,7.0,68.5,36.1280328450339,36.1280328450339,0,0,0.4,0.4,0.2,STRUCT+TIMING+AI+SECTOR,default,default,default,70.0,20260311,20260311,,29.7,29.7,29.7,35.02,22.53,0.3,,True,FALLBACK,3.0,0,,"{""lookback_days"": 250, ""bench_lookback_days"": 60, ""top_n"": 600, ""min_turnover_eok"": 50, ""min_mcap_eok"": 1000, ""max_workers"": 4, ""pass_ebs"": 4, ""cache_format"": ""parquet"", ""rsi_low"": 45.0, ""rsi_high"": 65.0, ""rsi_overheat"": 75.0, ""vol_quality_min"": 1.1, ""rsi_penalty_threshold"": 75.0, ""gap_pct_penalty_threshold"": 5.0, ""timing_attack_threshold"": 60.0, ""vol_quality_attack"": 1.3, ""bb_period"": 20, ""bb_std"": 2.0, ""bb_squeeze_bw"": 10.0, ""kc_period"": 20, ""kc_atr_period"": 20, ""kc_mult"": 1.5, ""bonus_bb_squeeze_score"": 3.0, ""bonus_bb_squeeze_entry"": 4.0, ""trigger_dist_wick_high"": 0.35, ""trigger_dist_wick_mid"": 0.25, ""trigger_ret_pct_dist"": 5.0, ""trigger_ret_pct_weak"": 3.0, ""trigger_range_pos_weak"": 0.6, ""trigger_vol_ratio_spike"": 3.0, ""mtf_struct_bonus"": 10.0, ""mtf_struct_penalty"": 15.0, ""mtf_min_weekly_bars"": 26, ""mtf_min_monthly_bars"": 12, ""w_rr"": 0.25, ""w_t1"": 0.18, ""w_sl"": 0.12, ""w_near"": 0.12, ""w_mom"": 0.1, ""w_liq"": 0.13, ""w_tec"": 0.1, ""w_sector"": 0.05, ""p_overheat_5d"": 6.0, ""p_overheat_10d"": 6.0, ""p_rsi_out"": 4.0, ""p_macd_neg"": 4.0, ""p_near_far"": 4.0, ""p_liq_low"": 4.0, ""p_vol_spike"": 2.0, ""p_big_sl"": 3.0, ""fx_caution"": 1470.0, ""fx_critical"": 1490.0, ""nasdaq_caution"": -1.5, ""nasdaq_critical"": -2.5, ""rec_limit_default"": 5, ""rec_limit_caution"": 3, ""ml_low"": 5.0, ""ml_high"": 25.0, ""ml_max_weight"": 0.2, ""ml_cov_gate"": 0.2, ""trim_pct"": 0.1, ""ebs_pass_threshold"": 3, ""macro_weights"": {""CRITICAL"": [0.55, 0.25], ""HIGH"": [0.5, 0.3], ""NORMAL"": [0.4, 0.4]}, ""slippage_base_bps"": 10.0, ""slippage_low_liq_mult"": 3.0, ""slippage_liq_threshold_eok"": 20.0, ""liq_penalty_very_low_eok"": 5.0, ""liq_penalty_very_low_pts"": 8.0, ""liq_penalty_low_eok"": 10.0, ""liq_penalty_low_pts"": 4.0, ""time_stop_days"": 7, ""time_stop_min_move_pct"": 2.0, ""time_stop_extend_if_profit"": true, ""config_version"": ""2.0.0"", ""_snapshot_ts"": ""2026-03-11T18:59:21.533438""}",2.0.0,OK,,True,True,True,True,,,,,100.0,ATTACK
64,432470,케이엔에스,KOSDAQ,조선·기계·설비,14770,134.08,10000.0,0,,NEUTRAL,NEUTRAL,4,False,False,False,29.1,29.1,31.0,9.6,64.3,0.0,14770.0,12550.0,18900.0,20400.0,,1.65,0.27,14804,-11.12,특이사항 없음,5,-6.91,44.6,-0.73,거래품질 우수,,5일 급등,조건 미충족,NORMAL,64.9,특수 목적용 기계 제조업,13408000000.0,70.0,29.9,1,0,-0.74,22.98,0.96,6.34,42.98,39.87,3.78,20.45,,0.447,0.28,0,12.0,1,0,3.59,0.4,21650.0,SWING_20D,80.0,SWING_60D,60.0,ATR_3.5x,45.0,v1_sl_first_gap_at_open,15.03,5.0,1.9,NORMAL+PM_BLOCK_INTRADAY+EF:정상,enter,100.0,0,-1,18502.0,-0.24,0.3201,False,O,▲,14270,▲,O,X,0,0,0,0.94,250.0,0.0,1.0,1.0,1.0,0.0,특수 목적용 기계 제조업,16.365,-3.5611764705882356,9.0,64.3,17.563382344796583,17.563382344796583,6,1,0.4,0.4,0.2,STRUCT+TIMING+AI+SECTOR,default,default,default,70.0,20260311,20260311,,29.1,29.1,29.1,35.02,22.53,0.3,,True,FALLBACK,3.0,0,,"{""lookback_days"": 250, ""bench_lookback_days"": 60, ""top_n"": 600, ""min_turnover_eok"": 50, ""min_mcap_eok"": 1000, ""max_workers"": 4, ""pass_ebs"": 4, ""cache_format"": ""parquet"", ""rsi_low"": 45.0, ""rsi_high"": 65.0, ""rsi_overheat"": 75.0, ""vol_quality_min"": 1.1, ""rsi_penalty_threshold"": 75.0, ""gap_pct_penalty_threshold"": 5.0, ""timing_attack_threshold"": 60.0, ""vol_quality_attack"": 1.3, ""bb_period"": 20, ""bb_std"": 2.0, ""bb_squeeze_bw"": 10.0, ""kc_period"": 20, ""kc_atr_period"": 20, ""kc_mult"": 1.5, ""bonus_bb_squeeze_score"": 3.0, ""bonus_bb_squeeze_entry"": 4.0, ""trigger_dist_wick_high"": 0.35, ""trigger_dist_wick_mid"": 0.25, ""trigger_ret_pct_dist"": 5.0, ""trigger_ret_pct_weak"": 3.0, ""trigger_range_pos_weak"": 0.6, ""trigger_vol_ratio_spike"": 3.0, ""mtf_struct_bonus"": 10.0, ""mtf_struct_penalty"": 15.0, ""mtf_min_weekly_bars"": 26, ""mtf_min_monthly_bars"": 12, ""w_rr"": 0.25, ""w_t1"": 0.18, ""w_sl"": 0.12, ""w_near"": 0.12, ""w_mom"": 0.1, ""w_liq"": 0.13, ""w_tec"": 0.1, ""w_sector"": 0.05, ""p_overheat_5d"": 6.0, ""p_overheat_10d"": 6.0, ""p_rsi_out"": 4.0, ""p_macd_neg"": 4.0, ""p_near_far"": 4.0, ""p_liq_low"": 4.0, ""p_vol_spike"": 2.0, ""p_big_sl"": 3.0, ""fx_caution"": 1470.0, ""fx_critical"": 1490.0, ""nasdaq_caution"": -1.5, ""nasdaq_critical"": -2.5, ""rec_limit_default"": 5, ""rec_limit_caution"": 3, ""ml_low"": 5.0, ""ml_high"": 25.0, ""ml_max_weight"": 0.2, ""ml_cov_gate"": 0.2, ""trim_pct"": 0.1, ""ebs_pass_threshold"": 3, ""macro_weights"": {""CRITICAL"": [0.55, 0.25], ""HIGH"": [0.5, 0.3], ""NORMAL"": [0.4, 0.4]}, ""slippage_base_bps"": 10.0, ""slippage_low_liq_mult"": 3.0, ""slippage_liq_threshold_eok"": 20.0, ""liq_penalty_very_low_eok"": 5.0, ""liq_penalty_very_low_pts"": 8.0, ""liq_penalty_low_eok"": 10.0, ""liq_penalty_low_pts"": 4.0, ""time_stop_days"": 7, ""time_stop_min_move_pct"": 2.0, ""time_stop_extend_if_profit"": true, ""config_version"": ""2.0.0"", ""_snapshot_ts"": ""2026-03-11T18:59:21.533438""}",2.0.0,OK,,True,True,True,True,,,,,100.0,ATTACK
65,388720,유일로보틱스,KOSDAQ,조선·기계·설비,108000,188.22,10000.0,0,,NEUTRAL,NEUTRAL,4,False,False,False,26.5,26.5,18.0,23.8,48.9,0.0,108200.0,91900.0,135200.0,155000.0,,0.59,0.66,108468,25.71,특이사항 없음,0,-19.02,43.6,-6.39,,,5일 급등,조건 미충족,NORMAL,64.9,특수 목적용 기계 제조업,18822000000.0,49.1,28.24,0,0,-3.39,17.61,-7.36,-11.67,26.7,47.21,-14.23,4.17,,0.184,0.04,1,12.0,1,0,1.6,0.39,175800.0,SWING_20D,80.0,SWING_60D,60.0,FIBO_1.272,40.0,v1_sl_first_gap_at_open,15.06,5.0,1.7,NORMAL+PM_BLOCK_INTRADAY+EF:정상,enter,100.0,0,-1,129825.0,-0.25,0.3499,False,O,▲,106397,▼,O,X,0,0,0,3.57,250.0,0.0,1.0,1.0,1.0,0.0,특수 목적용 기계 제조업,16.365,-3.5611764705882356,9.0,48.9,18.16424896734866,18.16424896734866,4,1,0.4,0.4,0.2,STRUCT+TIMING+AI+SECTOR,default,default,default,70.0,20260311,20260311,,26.5,26.5,26.5,35.02,22.53,0.3,,True,FALLBACK,3.0,0,,"{""lookback_days"": 250, ""bench_lookback_days"": 60, ""top_n"": 600, ""min_turnover_eok"": 50, ""min_mcap_eok"": 1000, ""max_workers"": 4, ""pass_ebs"": 4, ""cache_format"": ""parquet"", ""rsi_low"": 45.0, ""rsi_high"": 65.0, ""rsi_overheat"": 75.0, ""vol_quality_min"": 1.1, ""rsi_penalty_threshold"": 75.0, ""gap_pct_penalty_threshold"": 5.0, ""timing_attack_threshold"": 60.0, ""vol_quality_attack"": 1.3, ""bb_period"": 20, ""bb_std"": 2.0, ""bb_squeeze_bw"": 10.0, ""kc_period"": 20, ""kc_atr_period"": 20, ""kc_mult"": 1.5, ""bonus_bb_squeeze_score"": 3.0, ""bonus_bb_squeeze_entry"": 4.0, ""trigger_dist_wick_high"": 0.35, ""trigger_dist_wick_mid"": 0.25, ""trigger_ret_pct_dist"": 5.0, ""trigger_ret_pct_weak"": 3.0, ""trigger_range_pos_weak"": 0.6, ""trigger_vol_ratio_spike"": 3.0, ""mtf_struct_bonus"": 10.0, ""mtf_struct_penalty"": 15.0, ""mtf_min_weekly_bars"": 26, ""mtf_min_monthly_bars"": 12, ""w_rr"": 0.25, ""w_t1"": 0.18, ""w_sl"": 0.12, ""w_near"": 0.12, ""w_mom"": 0.1, ""w_liq"": 0.13, ""w_tec"": 0.1, ""w_sector"": 0.05, ""p_overheat_5d"": 6.0, ""p_overheat_10d"": 6.0, ""p_rsi_out"": 4.0, ""p_macd_neg"": 4.0, ""p_near_far"": 4.0, ""p_liq_low"": 4.0, ""p_vol_spike"": 2.0, ""p_big_sl"": 3.0, ""fx_caution"": 1470.0, ""fx_critical"": 1490.0, ""nasdaq_caution"": -1.5, ""nasdaq_critical"": -2.5, ""rec_limit_default"": 5, ""rec_limit_caution"": 3, ""ml_low"": 5.0, ""ml_high"": 25.0, ""ml_max_weight"": 0.2, ""ml_cov_gate"": 0.2, ""trim_pct"": 0.1, ""ebs_pass_threshold"": 3, ""macro_weights"": {""CRITICAL"": [0.55, 0.25], ""HIGH"": [0.5, 0.3], ""NORMAL"": [0.4, 0.4]}, ""slippage_base_bps"": 10.0, ""slippage_low_liq_mult"": 3.0, ""slippage_liq_threshold_eok"": 20.0, ""liq_penalty_very_low_eok"": 5.0, ""liq_penalty_very_low_pts"": 8.0, ""liq_penalty_low_eok"": 10.0, ""liq_penalty_low_pts"": 4.0, ""time_stop_days"": 7, ""time_stop_min_move_pct"": 2.0, ""time_stop_extend_if_profit"": true, ""config_version"": ""2.0.0"", ""_snapshot_ts"": ""2026-03-11T18:59:21.533438""}",2.0.0,OK,,True,True,True,True,,,,,100.0,ATTACK
66,125490,한라캐스트,KOSDAQ,자동차·모빌리티,15690,221.3,30000.0,0,,NEUTRAL,NEUTRAL,4,False,False,False,25.9,25.9,7.3,19.8,75.1,0.0,15690.0,13330.0,22250.0,25350.0,,1.74,0.57,19165,82.99,특이사항 없음,0,-22.68,36.0,-11.05,AI 강점,,5일 급등,조건 미충족,NORMAL,64.9,자동차 신품 부품 제조업,22130000000.0,37.5,46.73,0,0,-0.38,18.06,-11.26,-24.57,-14.22,185.27,-27.13,-36.75,,0.255,0.033,1,12.0,0,0,2.64,0.3,,SWING_20D,80.0,SWING_60D,60.0,,0.0,v1_sl_first_gap_at_open,15.04,5.0,2.8,NORMAL+PM_BLOCK_INTRADAY+EF:정상,enter,100.0,0,-1,18317.0,-18.14,0.4344,False,X,▲,14661,▼,O,X,0,0,0,4.06,134.0,0.0,1.0,0.0,0.0,0.0,자동차 신품 부품 제조업,19.424999999999997,-20.955,12.0,75.1,17.128736211547096,17.128736211547096,4,1,0.4,0.4,0.2,STRUCT+TIMING+AI+SECTOR,default,default,default,70.0,20260311,20260311,,25.9,25.9,25.9,35.02,22.53,0.3,,True,FALLBACK,3.0,0,,"{""lookback_days"": 250, ""bench_lookback_days"": 60, ""top_n"": 600, ""min_turnover_eok"": 50, ""min_mcap_eok"": 1000, ""max_workers"": 4, ""pass_ebs"": 4, ""cache_format"": ""parquet"", ""rsi_low"": 45.0, ""rsi_high"": 65.0, ""rsi_overheat"": 75.0, ""vol_quality_min"": 1.1, ""rsi_penalty_threshold"": 75.0, ""gap_pct_penalty_threshold"": 5.0, ""timing_attack_threshold"": 60.0, ""vol_quality_attack"": 1.3, ""bb_period"": 20, ""bb_std"": 2.0, ""bb_squeeze_bw"": 10.0, ""kc_period"": 20, ""kc_atr_period"": 20, ""kc_mult"": 1.5, ""bonus_bb_squeeze_score"": 3.0, ""bonus_bb_squeeze_entry"": 4.0, ""trigger_dist_wick_high"": 0.35, ""trigger_dist_wick_mid"": 0.25, ""trigger_ret_pct_dist"": 5.0, ""trigger_ret_pct_weak"": 3.0, ""trigger_range_pos_weak"": 0.6, ""trigger_vol_ratio_spike"": 3.0, ""mtf_struct_bonus"": 10.0, ""mtf_struct_penalty"": 15.0, ""mtf_min_weekly_bars"": 26, ""mtf_min_monthly_bars"": 12, ""w_rr"": 0.25, ""w_t1"": 0.18, ""w_sl"": 0.12, ""w_near"": 0.12, ""w_mom"": 0.1, ""w_liq"": 0.13, ""w_tec"": 0.1, ""w_sector"": 0.05, ""p_overheat_5d"": 6.0, ""p_overheat_10d"": 6.0, ""p_rsi_out"": 4.0, ""p_macd_neg"": 4.0, ""p_near_far"": 4.0, ""p_liq_low"": 4.0, ""p_vol_spike"": 2.0, ""p_big_sl"": 3.0, ""fx_caution"": 1470.0, ""fx_critical"": 1490.0, ""nasdaq_caution"": -1.5, ""nasdaq_critical"": -2.5, ""rec_limit_default"": 5, ""rec_limit_caution"": 3, ""ml_low"": 5.0, ""ml_high"": 25.0, ""ml_max_weight"": 0.2, ""ml_cov_gate"": 0.2, ""trim_pct"": 0.1, ""ebs_pass_threshold"": 3, ""macro_weights"": {""CRITICAL"": [0.55, 0.25], ""HIGH"": [0.5, 0.3], ""NORMAL"": [0.4, 0.4]}, ""slippage_base_bps"": 10.0, ""slippage_low_liq_mult"": 3.0, ""slippage_liq_threshold_eok"": 20.0, ""liq_penalty_very_low_eok"": 5.0, ""liq_penalty_very_low_pts"": 8.0, ""liq_penalty_low_eok"": 10.0, ""liq_penalty_low_pts"": 4.0, ""time_stop_days"": 7, ""time_stop_min_move_pct"": 2.0, ""time_stop_extend_if_profit"": true, ""config_version"": ""2.0.0"", ""_snapshot_ts"": ""2026-03-11T18:59:21.533438""}",2.0.0,OK,,True,True,True,True,,,,,100.0,ATTACK
67,437730,삼현,KOSDAQ,자동차·모빌리티,51200,262.54,30000.0,0,,NEUTRAL,NEUTRAL,4,False,False,False,22.9,22.9,21.9,17.9,35.1,0.0,51700.0,43900.0,61000.0,76900.0,,0.91,0.49,57522,115.67,특이사항 없음,0,-13.67,49.2,-3.65,거래품질 우수,,5일 급등,조건 미충족,NORMAL,64.9,자동차 신품 부품 제조업,26254000000.0,41.8,29.13,0,0,-1.71,20.79,-2.64,-12.22,9.3,247.68,-14.78,-13.23,,0.197,0.091,1,12.0,1,0,2.54,0.5,,SWING_20D,80.0,SWING_60D,60.0,,0.0,v1_sl_first_gap_at_open,15.09,5.0,1.2,NORMAL+PM_BLOCK_INTRADAY+EF:정상,enter,100.0,0,-1,61250.0,-10.12,0.3001,False,O,▲,52119,▼,X,X,0,0,0,3.8,250.0,0.0,1.0,1.0,1.0,0.0,자동차 신품 부품 제조업,19.424999999999997,-20.955,12.0,35.1,16.043078439108026,16.043078439108026,6,1,0.4,0.4,0.2,STRUCT+TIMING+AI+SECTOR,default,default,default,70.0,20260311,20260311,,22.9,22.9,22.9,35.02,22.53,0.3,,True,FALLBACK,3.0,0,,"{""lookback_days"": 250, ""bench_lookback_days"": 60, ""top_n"": 600, ""min_turnover_eok"": 50, ""min_mcap_eok"": 1000, ""max_workers"": 4, ""pass_ebs"": 4, ""cache_format"": ""parquet"", ""rsi_low"": 45.0, ""rsi_high"": 65.0, ""rsi_overheat"": 75.0, ""vol_quality_min"": 1.1, ""rsi_penalty_threshold"": 75.0, ""gap_pct_penalty_threshold"": 5.0, ""timing_attack_threshold"": 60.0, ""vol_quality_attack"": 1.3, ""bb_period"": 20, ""bb_std"": 2.0, ""bb_squeeze_bw"": 10.0, ""kc_period"": 20, ""kc_atr_period"": 20, ""kc_mult"": 1.5, ""bonus_bb_squeeze_score"": 3.0, ""bonus_bb_squeeze_entry"": 4.0, ""trigger_dist_wick_high"": 0.35, ""trigger_dist_wick_mid"": 0.25, ""trigger_ret_pct_dist"": 5.0, ""trigger_ret_pct_weak"": 3.0, ""trigger_range_pos_weak"": 0.6, ""trigger_vol_ratio_spike"": 3.0, ""mtf_struct_bonus"": 10.0, ""mtf_struct_penalty"": 15.0, ""mtf_min_weekly_bars"": 26, ""mtf_min_monthly_bars"": 12, ""w_rr"": 0.25, ""w_t1"": 0.18, ""w_sl"": 0.12, ""w_near"": 0.12, ""w_mom"": 0.1, ""w_liq"": 0.13, ""w_tec"": 0.1, ""w_sector"": 0.05, ""p_overheat_5d"": 6.0, ""p_overheat_10d"": 6.0, ""p_rsi_out"": 4.0, ""p_macd_neg"": 4.0, ""p_near_far"": 4.0, ""p_liq_low"": 4.0, ""p_vol_spike"": 2.0, ""p_big_sl"": 3.0, ""fx_caution"": 1470.0, ""fx_critical"": 1490.0, ""nasdaq_caution"": -1.5, ""nasdaq_critical"": -2.5, ""rec_limit_default"": 5, ""rec_limit_caution"": 3, ""ml_low"": 5.0, ""ml_high"": 25.0, ""ml_max_weight"": 0.2, ""ml_cov_gate"": 0.2, ""trim_pct"": 0.1, ""ebs_pass_threshold"": 3, ""macro_weights"": {""CRITICAL"": [0.55, 0.25], ""HIGH"": [0.5, 0.3], ""NORMAL"": [0.4, 0.4]}, ""slippage_base_bps"": 10.0, ""slippage_low_liq_mult"": 3.0, ""slippage_liq_threshold_eok"": 20.0, ""liq_penalty_very_low_eok"": 5.0, ""liq_penalty_very_low_pts"": 8.0, ""liq_penalty_low_eok"": 10.0, ""liq_penalty_low_pts"": 4.0, ""time_stop_days"": 7, ""time_stop_min_move_pct"": 2.0, ""time_stop_extend_if_profit"": true, ""config_version"": ""2.0.0"", ""_snapshot_ts"": ""2026-03-11T18:59:21.533438""}",2.0.0,OK,,True,True,True,True,,,,,100.0,ATTACK
68,457190,이수스페셜티케미컬,KOSPI,화학·소재,96200,900.7,60000.0,0,,NEUTRAL,NEUTRAL,4,False,False,False,22.2,22.2,28.7,7.8,37.8,0.0,97900.0,83200.0,119200.0,124500.0,,0.38,0.59,88062,-3.64,특이사항 없음,2,-11.83,49.0,-2.52,거래품질 우수,,5일 급등,조건 미충족,NORMAL,64.9,기초 화학물질 제조업,90070000000.0,64.2,23.02,1,0,-1.11,15.18,0.41,-7.29,64.54,120.99,-15.93,29.52,,0.316,0.316,0,12.0,0,0,2.23,0.39,133700.0,SWING_20D,80.0,SWING_60D,60.0,ATR_3.5x,45.0,v1_sl_first_gap_at_open,15.02,4.0,1.4,NORMAL+PM_BLOCK_INTRADAY+EF:정상,enter,100.0,0,-1,122035.0,11.17,0.103,False,O,▲,99384,▼,X,X,0,0,0,1.92,250.0,0.0,1.0,1.0,1.0,0.0,기초 화학물질 제조업,15.3625,-0.6762499999999998,8.0,37.8,11.980663226186508,11.980663226186508,8,1,0.4,0.4,0.2,STRUCT+TIMING+AI+SECTOR,default,default,default,70.0,20260311,20260311,,22.2,22.2,22.2,35.02,22.53,0.3,,True,FALLBACK,3.0,0,,"{""lookback_days"": 250, ""bench_lookback_days"": 60, ""top_n"": 600, ""min_turnover_eok"": 50, ""min_mcap_eok"": 1000, ""max_workers"": 4, ""pass_ebs"": 4, ""cache_format"": ""parquet"", ""rsi_low"": 45.0, ""rsi_high"": 65.0, ""rsi_overheat"": 75.0, ""vol_quality_min"": 1.1, ""rsi_penalty_threshold"": 75.0, ""gap_pct_penalty_threshold"": 5.0, ""timing_attack_threshold"": 60.0, ""vol_quality_attack"": 1.3, ""bb_period"": 20, ""bb_std"": 2.0, ""bb_squeeze_bw"": 10.0, ""kc_period"": 20, ""kc_atr_period"": 20, ""kc_mult"": 1.5, ""bonus_bb_squeeze_score"": 3.0, ""bonus_bb_squeeze_entry"": 4.0, ""trigger_dist_wick_high"": 0.35, ""trigger_dist_wick_mid"": 0.25, ""trigger_ret_pct_dist"": 5.0, ""trigger_ret_pct_weak"": 3.0, ""trigger_range_pos_weak"": 0.6, ""trigger_vol_ratio_spike"": 3.0, ""mtf_struct_bonus"": 10.0, ""mtf_struct_penalty"": 15.0, ""mtf_min_weekly_bars"": 26, ""mtf_min_monthly_bars"": 12, ""w_rr"": 0.25, ""w_t1"": 0.18, ""w_sl"": 0.12, ""w_near"": 0.12, ""w_mom"": 0.1, ""w_liq"": 0.13, ""w_tec"": 0.1, ""w_sector"": 0.05, ""p_overheat_5d"": 6.0, ""p_overheat_10d"": 6.0, ""p_rsi_out"": 4.0, ""p_macd_neg"": 4.0, ""p_near_far"": 4.0, ""p_liq_low"": 4.0, ""p_vol_spike"": 2.0, ""p_big_sl"": 3.0, ""fx_caution"": 1470.0, ""fx_critical"": 1490.0, ""nasdaq_caution"": -1.5, ""nasdaq_critical"": -2.5, ""rec_limit_default"": 5, ""rec_limit_caution"": 3, ""ml_low"": 5.0, ""ml_high"": 25.0, ""ml_max_weight"": 0.2, ""ml_cov_gate"": 0.2, ""trim_pct"": 0.1, ""ebs_pass_threshold"": 3, ""macro_weights"": {""CRITICAL"": [0.55, 0.25], ""HIGH"": [0.5, 0.3], ""NORMAL"": [0.4, 0.4]}, ""slippage_base_bps"": 10.0, ""slippage_low_liq_mult"": 3.0, ""slippage_liq_threshold_eok"": 20.0, ""liq_penalty_very_low_eok"": 5.0, ""liq_penalty_very_low_pts"": 8.0, ""liq_penalty_low_eok"": 10.0, ""liq_penalty_low_pts"": 4.0, ""time_stop_days"": 7, ""time_stop_min_move_pct"": 2.0, ""time_stop_extend_if_profit"": true, ""config_version"": ""2.0.0"", ""_snapshot_ts"": ""2026-03-11T18:59:21.533438""}",2.0.0,OK,,True,True,True,True,,,,,100.0,ATTACK
69,328130,루닛,KOSDAQ,IT/전기전자,36200,120.08,10000.0,0,,NEUTRAL,NEUTRAL,4,False,False,False,21.4,21.4,0.0,14.6,77.6,0.0,36100.0,31600.0,44250.0,45850.0,,-0.17,0.75,40873,-12.56,특이사항 없음,0,-16.98,35.2,-9.11,AI 강점,,저점 이탈,조건 미충족,NORMAL,64.9,소프트웨어 개발 및 공급업,12008000000.0,42.9,30.75,0,0,-0.55,8.73,-14.86,-13.84,-4.75,-14.25,-16.4,-27.28,,0.976,0.405,0,12.0,0,0,1.44,0.29,49800.0,SWING_20D,80.0,BB_UPPER,75.0,SWING_60D,60.0,v1_sl_first_gap_at_open,12.47,5.0,1.8,NORMAL+PM_BLOCK_INTRADAY+EF:정상,enter,100.0,0,-1,41855.0,-11.68,0.1677,False,X,▼,34959,▼,O,X,0,0,0,0.96,250.0,0.0,-1.0,-1.0,1.0,0.0,소프트웨어 개발 및 공급업,27.91866666666667,17.557333333333336,2.0,77.6,23.91362568969596,23.91362568969596,4,1,0.4,0.4,0.2,STRUCT+TIMING+AI+SECTOR,default,default,default,70.0,20260311,20260311,,21.4,21.4,21.4,35.02,22.53,0.3,,True,FALLBACK,3.0,0,,"{""lookback_days"": 250, ""bench_lookback_days"": 60, ""top_n"": 600, ""min_turnover_eok"": 50, ""min_mcap_eok"": 1000, ""max_workers"": 4, ""pass_ebs"": 4, ""cache_format"": ""parquet"", ""rsi_low"": 45.0, ""rsi_high"": 65.0, ""rsi_overheat"": 75.0, ""vol_quality_min"": 1.1, ""rsi_penalty_threshold"": 75.0, ""gap_pct_penalty_threshold"": 5.0, ""timing_attack_threshold"": 60.0, ""vol_quality_attack"": 1.3, ""bb_period"": 20, ""bb_std"": 2.0, ""bb_squeeze_bw"": 10.0, ""kc_period"": 20, ""kc_atr_period"": 20, ""kc_mult"": 1.5, ""bonus_bb_squeeze_score"": 3.0, ""bonus_bb_squeeze_entry"": 4.0, ""trigger_dist_wick_high"": 0.35, ""trigger_dist_wick_mid"": 0.25, ""trigger_ret_pct_dist"": 5.0, ""trigger_ret_pct_weak"": 3.0, ""trigger_range_pos_weak"": 0.6, ""trigger_vol_ratio_spike"": 3.0, ""mtf_struct_bonus"": 10.0, ""mtf_struct_penalty"": 15.0, ""mtf_min_weekly_bars"": 26, ""mtf_min_monthly_bars"": 12, ""w_rr"": 0.25, ""w_t1"": 0.18, ""w_sl"": 0.12, ""w_near"": 0.12, ""w_mom"": 0.1, ""w_liq"": 0.13, ""w_tec"": 0.1, ""w_sector"": 0.05, ""p_overheat_5d"": 6.0, ""p_overheat_10d"": 6.0, ""p_rsi_out"": 4.0, ""p_macd_neg"": 4.0, ""p_near_far"": 4.0, ""p_liq_low"": 4.0, ""p_vol_spike"": 2.0, ""p_big_sl"": 3.0, ""fx_caution"": 1470.0, ""fx_critical"": 1490.0, ""nasdaq_caution"": -1.5, ""nasdaq_critical"": -2.5, ""rec_limit_default"": 5, ""rec_limit_caution"": 3, ""ml_low"": 5.0, ""ml_high"": 25.0, ""ml_max_weight"": 0.2, ""ml_cov_gate"": 0.2, ""trim_pct"": 0.1, ""ebs_pass_threshold"": 3, ""macro_weights"": {""CRITICAL"": [0.55, 0.25], ""HIGH"": [0.5, 0.3], ""NORMAL"": [0.4, 0.4]}, ""slippage_base_bps"": 10.0, ""slippage_low_liq_mult"": 3.0, ""slippage_liq_threshold_eok"": 20.0, ""liq_penalty_very_low_eok"": 5.0, ""liq_penalty_very_low_pts"": 8.0, ""liq_penalty_low_eok"": 10.0, ""liq_penalty_low_pts"": 4.0, ""time_stop_days"": 7, ""time_stop_min_move_pct"": 2.0, ""time_stop_extend_if_profit"": true, ""config_version"": ""2.0.0"", ""_snapshot_ts"": ""2026-03-11T18:59:21.533438""}",2.0.0,OK,,True,True,True,True,,,,,100.0,ATTACK
70,259960,크래프톤,KOSPI,인터넷/플랫폼·게임,227500,361.13,30000.0,0,,NEUTRAL,NEUTRAL,4,False,False,False,20.9,20.9,0.0,20.8,62.8,0.0,227500.0,201500.0,268500.0,279000.0,,1.8,0.83,244764,-12.11,특이사항 없음,0,-7.33,37.7,-6.89,,,저점 이탈,조건 미충족,NORMAL,64.9,소프트웨어 개발 및 공급업,36113000000.0,45.7,28.09,0,0,-4.01,7.82,-14.15,-4.61,-8.08,-29.89,-13.25,-43.1,,0.987,0.379,0,11.3,0,0,0.98,0.32,326000.0,SWING_20D,80.0,BB_UPPER,75.0,SWING_120D,45.0,v1_sl_first_gap_at_open,11.43,5.0,1.6,NORMAL+PM_BLOCK_INTRADAY+EF:정상,enter,100.0,0,-1,253475.0,-7.05,0.2075,False,X,▼,220239,▼,O,X,0,0,0,0.84,250.0,0.0,-1.0,-1.0,1.0,0.0,소프트웨어 개발 및 공급업,8.64,-15.695,13.0,62.8,36.69217463084523,36.69217463084523,2,0,0.4,0.4,0.2,STRUCT+TIMING+AI+SECTOR,default,default,default,70.0,20260311,20260311,,20.9,20.9,20.9,35.02,22.53,0.3,,True,FALLBACK,3.0,0,,"{""lookback_days"": 250, ""bench_lookback_days"": 60, ""top_n"": 600, ""min_turnover_eok"": 50, ""min_mcap_eok"": 1000, ""max_workers"": 4, ""pass_ebs"": 4, ""cache_format"": ""parquet"", ""rsi_low"": 45.0, ""rsi_high"": 65.0, ""rsi_overheat"": 75.0, ""vol_quality_min"": 1.1, ""rsi_penalty_threshold"": 75.0, ""gap_pct_penalty_threshold"": 5.0, ""timing_attack_threshold"": 60.0, ""vol_quality_attack"": 1.3, ""bb_period"": 20, ""bb_std"": 2.0, ""bb_squeeze_bw"": 10.0, ""kc_period"": 20, ""kc_atr_period"": 20, ""kc_mult"": 1.5, ""bonus_bb_squeeze_score"": 3.0, ""bonus_bb_squeeze_entry"": 4.0, ""trigger_dist_wick_high"": 0.35, ""trigger_dist_wick_mid"": 0.25, ""trigger_ret_pct_dist"": 5.0, ""trigger_ret_pct_weak"": 3.0, ""trigger_range_pos_weak"": 0.6, ""trigger_vol_ratio_spike"": 3.0, ""mtf_struct_bonus"": 10.0, ""mtf_struct_penalty"": 15.0, ""mtf_min_weekly_bars"": 26, ""mtf_min_monthly_bars"": 12, ""w_rr"": 0.25, ""w_t1"": 0.18, ""w_sl"": 0.12, ""w_near"": 0.12, ""w_mom"": 0.1, ""w_liq"": 0.13, ""w_tec"": 0.1, ""w_sector"": 0.05, ""p_overheat_5d"": 6.0, ""p_overheat_10d"": 6.0, ""p_rsi_out"": 4.0, ""p_macd_neg"": 4.0, ""p_near_far"": 4.0, ""p_liq_low"": 4.0, ""p_vol_spike"": 2.0, ""p_big_sl"": 3.0, ""fx_caution"": 1470.0, ""fx_critical"": 1490.0, ""nasdaq_caution"": -1.5, ""nasdaq_critical"": -2.5, ""rec_limit_default"": 5, ""rec_limit_caution"": 3, ""ml_low"": 5.0, ""ml_high"": 25.0, ""ml_max_weight"": 0.2, ""ml_cov_gate"": 0.2, ""trim_pct"": 0.1, ""ebs_pass_threshold"": 3, ""macro_weights"": {""CRITICAL"": [0.55, 0.25], ""HIGH"": [0.5, 0.3], ""NORMAL"": [0.4, 0.4]}, ""slippage_base_bps"": 10.0, ""slippage_low_liq_mult"": 3.0, ""slippage_liq_threshold_eok"": 20.0, ""liq_penalty_very_low_eok"": 5.0, ""liq_penalty_very_low_pts"": 8.0, ""liq_penalty_low_eok"": 10.0, ""liq_penalty_low_pts"": 4.0, ""time_stop_days"": 7, ""time_stop_min_move_pct"": 2.0, ""time_stop_extend_if_profit"": true, ""config_version"": ""2.0.0"", ""_snapshot_ts"": ""2026-03-11T18:59:21.533438""}",2.0.0,OK,,True,True,True,True,,,,,100.0,ATTACK
71,464080,에스오에스랩,KOSDAQ,기타,15960,178.62,10000.0,0,,NEUTRAL,NEUTRAL,4,False,False,False,19.7,19.7,25.8,11.7,23.7,0.0,15960.0,13560.0,21150.0,28700.0,,1.3,0.4,18579,41.31,특이사항 없음,0,-22.66,40.7,-10.38,거래품질 우수,,저점 이탈,조건 미충족,NORMAL,64.9,"측정, 시험, 항해, 제어 및 기타 정밀기기 제조업; 광학기기 제외",17862000000.0,58.9,39.41,0,0,-0.44,13.68,-10.19,-18.28,38.42,55.4,-20.84,15.89,,0.569,0.116,1,12.0,1,0,2.65,0.33,33650.0,SWING_20D,80.0,SWING_60D,60.0,FIBO_1.272,40.0,v1_sl_first_gap_at_open,15.04,5.0,2.2,NORMAL+PM_BLOCK_INTRADAY+EF:정상,enter,100.0,0,-1,19793.0,-14.1,0.3121,False,O,▲,15411,▼,O,X,0,0,0,2.0,250.0,0.0,1.0,1.0,1.0,0.0,"측정, 시험, 항해, 제어 및 기타 정밀기기 제조업; 광학기기 제외",15.143571428571429,3.6917857142857136,7.0,23.7,10.5,10.5,4,1,0.4,0.4,0.2,STRUCT+TIMING+AI+SECTOR,default,default,default,70.0,20260311,20260311,,19.7,19.7,19.7,35.02,22.53,0.3,,True,FALLBACK,3.0,0,,"{""lookback_days"": 250, ""bench_lookback_days"": 60, ""top_n"": 600, ""min_turnover_eok"": 50, ""min_mcap_eok"": 1000, ""max_workers"": 4, ""pass_ebs"": 4, ""cache_format"": ""parquet"", ""rsi_low"": 45.0, ""rsi_high"": 65.0, ""rsi_overheat"": 75.0, ""vol_quality_min"": 1.1, ""rsi_penalty_threshold"": 75.0, ""gap_pct_penalty_threshold"": 5.0, ""timing_attack_threshold"": 60.0, ""vol_quality_attack"": 1.3, ""bb_period"": 20, ""bb_std"": 2.0, ""bb_squeeze_bw"": 10.0, ""kc_period"": 20, ""kc_atr_period"": 20, ""kc_mult"": 1.5, ""bonus_bb_squeeze_score"": 3.0, ""bonus_bb_squeeze_entry"": 4.0, ""trigger_dist_wick_high"": 0.35, ""trigger_dist_wick_mid"": 0.25, ""trigger_ret_pct_dist"": 5.0, ""trigger_ret_pct_weak"": 3.0, ""trigger_range_pos_weak"": 0.6, ""trigger_vol_ratio_spike"": 3.0, ""mtf_struct_bonus"": 10.0, ""mtf_struct_penalty"": 15.0, ""mtf_min_weekly_bars"": 26, ""mtf_min_monthly_bars"": 12, ""w_rr"": 0.25, ""w_t1"": 0.18, ""w_sl"": 0.12, ""w_near"": 0.12, ""w_mom"": 0.1, ""w_liq"": 0.13, ""w_tec"": 0.1, ""w_sector"": 0.05, ""p_overheat_5d"": 6.0, ""p_overheat_10d"": 6.0, ""p_rsi_out"": 4.0, ""p_macd_neg"": 4.0, ""p_near_far"": 4.0, ""p_liq_low"": 4.0, ""p_vol_spike"": 2.0, ""p_big_sl"": 3.0, ""fx_caution"": 1470.0, ""fx_critical"": 1490.0, ""nasdaq_caution"": -1.5, ""nasdaq_critical"": -2.5, ""rec_limit_default"": 5, ""rec_limit_caution"": 3, ""ml_low"": 5.0, ""ml_high"": 25.0, ""ml_max_weight"": 0.2, ""ml_cov_gate"": 0.2, ""trim_pct"": 0.1, ""ebs_pass_threshold"": 3, ""macro_weights"": {""CRITICAL"": [0.55, 0.25], ""HIGH"": [0.5, 0.3], ""NORMAL"": [0.4, 0.4]}, ""slippage_base_bps"": 10.0, ""slippage_low_liq_mult"": 3.0, ""slippage_liq_threshold_eok"": 20.0, ""liq_penalty_very_low_eok"": 5.0, ""liq_penalty_very_low_pts"": 8.0, ""liq_penalty_low_eok"": 10.0, ""liq_penalty_low_pts"": 4.0, ""time_stop_days"": 7, ""time_stop_min_move_pct"": 2.0, ""time_stop_extend_if_profit"": true, ""config_version"": ""2.0.0"", ""_snapshot_ts"": ""2026-03-11T18:59:21.533438""}",2.0.0,OK,,True,True,True,True,,,,,100.0,ATTACK
72,298830,슈어소프트테크,KOSDAQ,IT/전기전자,7080,146.99,10000.0,0,,NEUTRAL,NEUTRAL,4,False,False,False,19.1,19.1,23.6,4.8,38.9,0.0,7080.0,6010.0,9180.0,10880.0,,0.62,0.51,8661,-21.71,특이사항 없음,0,-14.52,39.9,-9.39,거래품질 우수,,저점 이탈,조건 미충족,NORMAL,64.9,소프트웨어 개발 및 공급업,14699000000.0,54.8,32.22,0,0,-2.48,12.38,-12.81,-10.38,7.27,48.74,-12.94,-15.26,,0.777,0.122,0,12.0,1,0,3.67,0.29,12210.0,SWING_20D,80.0,SWING_60D,60.0,FIBO_1.272,40.0,v1_sl_first_gap_at_open,15.11,5.0,2.0,NORMAL+PM_BLOCK_INTRADAY+EF:정상,enter,100.0,0,-1,8637.0,-18.26,0.1854,False,X,▲,6996,▼,O,X,0,0,0,3.31,250.0,0.0,1.0,1.0,1.0,0.0,소프트웨어 개발 및 공급업,27.91866666666667,17.557333333333336,2.0,38.9,10.610709083184531,10.610709083184531,4,1,0.4,0.4,0.2,STRUCT+TIMING+AI+SECTOR,default,default,default,70.0,20260311,20260311,,19.1,19.1,19.1,35.02,22.53,0.3,,True,FALLBACK,3.0,0,,"{""lookback_days"": 250, ""bench_lookback_days"": 60, ""top_n"": 600, ""min_turnover_eok"": 50, ""min_mcap_eok"": 1000, ""max_workers"": 4, ""pass_ebs"": 4, ""cache_format"": ""parquet"", ""rsi_low"": 45.0, ""rsi_high"": 65.0, ""rsi_overheat"": 75.0, ""vol_quality_min"": 1.1, ""rsi_penalty_threshold"": 75.0, ""gap_pct_penalty_threshold"": 5.0, ""timing_attack_threshold"": 60.0, ""vol_quality_attack"": 1.3, ""bb_period"": 20, ""bb_std"": 2.0, ""bb_squeeze_bw"": 10.0, ""kc_period"": 20, ""kc_atr_period"": 20, ""kc_mult"": 1.5, ""bonus_bb_squeeze_score"": 3.0, ""bonus_bb_squeeze_entry"": 4.0, ""trigger_dist_wick_high"": 0.35, ""trigger_dist_wick_mid"": 0.25, ""trigger_ret_pct_dist"": 5.0, ""trigger_ret_pct_weak"": 3.0, ""trigger_range_pos_weak"": 0.6, ""trigger_vol_ratio_spike"": 3.0, ""mtf_struct_bonus"": 10.0, ""mtf_struct_penalty"": 15.0, ""mtf_min_weekly_bars"": 26, ""mtf_min_monthly_bars"": 12, ""w_rr"": 0.25, ""w_t1"": 0.18, ""w_sl"": 0.12, ""w_near"": 0.12, ""w_mom"": 0.1, ""w_liq"": 0.13, ""w_tec"": 0.1, ""w_sector"": 0.05, ""p_overheat_5d"": 6.0, ""p_overheat_10d"": 6.0, ""p_rsi_out"": 4.0, ""p_macd_neg"": 4.0, ""p_near_far"": 4.0, ""p_liq_low"": 4.0, ""p_vol_spike"": 2.0, ""p_big_sl"": 3.0, ""fx_caution"": 1470.0, ""fx_critical"": 1490.0, ""nasdaq_caution"": -1.5, ""nasdaq_critical"": -2.5, ""rec_limit_default"": 5, ""rec_limit_caution"": 3, ""ml_low"": 5.0, ""ml_high"": 25.0, ""ml_max_weight"": 0.2, ""ml_cov_gate"": 0.2, ""trim_pct"": 0.1, ""ebs_pass_threshold"": 3, ""macro_weights"": {""CRITICAL"": [0.55, 0.25], ""HIGH"": [0.5, 0.3], ""NORMAL"": [0.4, 0.4]}, ""slippage_base_bps"": 10.0, ""slippage_low_liq_mult"": 3.0, ""slippage_liq_threshold_eok"": 20.0, ""liq_penalty_very_low_eok"": 5.0, ""liq_penalty_very_low_pts"": 8.0, ""liq_penalty_low_eok"": 10.0, ""liq_penalty_low_pts"": 4.0, ""time_stop_days"": 7, ""time_stop_min_move_pct"": 2.0, ""time_stop_extend_if_profit"": true, ""config_version"": ""2.0.0"", ""_snapshot_ts"": ""2026-03-11T18:59:21.533438""}",2.0.0,OK,,True,True,True,True,,,,,100.0,ATTACK
73,474650,링크솔루션,KOSDAQ,조선·기계·설비,68200,205.56,30000.0,0,,NEUTRAL,NEUTRAL,4,False,False,False,19.0,19.0,16.7,17.0,27.4,0.0,68200.0,61300.0,93300.0,98700.0,,0.48,0.46,65748,5.61,특이사항 없음,0,-4.68,47.4,-8.67,거래품질 우수,,,조건 미충족,NORMAL,64.9,특수 목적용 기계 제조업,20556000000.0,67.7,32.64,0,0,-1.73,4.28,-14.54,-7.71,35.32,193.97,-10.27,12.79,,0.139,0.117,1,12.0,0,0,3.19,0.17,106700.0,SWING_20D,80.0,ATR_3.5x,45.0,FIBO_1.272,40.0,v1_sl_first_gap_at_open,10.12,5.0,3.6,SWING+PM_BLOCK_INTRADAY+EF:정상,enter,100.0,0,1,58910.0,3.73,-0.2806,False,O,▲,71076,▼,X,X,0,0,0,3.89,184.0,0.0,1.0,0.0,0.0,0.0,특수 목적용 기계 제조업,16.365,-3.5611764705882356,9.0,27.4,5.0,5.0,4,1,0.4,0.4,0.2,STRUCT+TIMING+AI+SECTOR,default,default,default,70.0,20260311,20260311,,19.0,19.0,19.0,35.02,22.53,0.3,,True,FALLBACK,3.0,0,,"{""lookback_days"": 250, ""bench_lookback_days"": 60, ""top_n"": 600, ""min_turnover_eok"": 50, ""min_mcap_eok"": 1000, ""max_workers"": 4, ""pass_ebs"": 4, ""cache_format"": ""parquet"", ""rsi_low"": 45.0, ""rsi_high"": 65.0, ""rsi_overheat"": 75.0, ""vol_quality_min"": 1.1, ""rsi_penalty_threshold"": 75.0, ""gap_pct_penalty_threshold"": 5.0, ""timing_attack_threshold"": 60.0, ""vol_quality_attack"": 1.3, ""bb_period"": 20, ""bb_std"": 2.0, ""bb_squeeze_bw"": 10.0, ""kc_period"": 20, ""kc_atr_period"": 20, ""kc_mult"": 1.5, ""bonus_bb_squeeze_score"": 3.0, ""bonus_bb_squeeze_entry"": 4.0, ""trigger_dist_wick_high"": 0.35, ""trigger_dist_wick_mid"": 0.25, ""trigger_ret_pct_dist"": 5.0, ""trigger_ret_pct_weak"": 3.0, ""trigger_range_pos_weak"": 0.6, ""trigger_vol_ratio_spike"": 3.0, ""mtf_struct_bonus"": 10.0, ""mtf_struct_penalty"": 15.0, ""mtf_min_weekly_bars"": 26, ""mtf_min_monthly_bars"": 12, ""w_rr"": 0.25, ""w_t1"": 0.18, ""w_sl"": 0.12, ""w_near"": 0.12, ""w_mom"": 0.1, ""w_liq"": 0.13, ""w_tec"": 0.1, ""w_sector"": 0.05, ""p_overheat_5d"": 6.0, ""p_overheat_10d"": 6.0, ""p_rsi_out"": 4.0, ""p_macd_neg"": 4.0, ""p_near_far"": 4.0, ""p_liq_low"": 4.0, ""p_vol_spike"": 2.0, ""p_big_sl"": 3.0, ""fx_caution"": 1470.0, ""fx_critical"": 1490.0, ""nasdaq_caution"": -1.5, ""nasdaq_critical"": -2.5, ""rec_limit_default"": 5, ""rec_limit_caution"": 3, ""ml_low"": 5.0, ""ml_high"": 25.0, ""ml_max_weight"": 0.2, ""ml_cov_gate"": 0.2, ""trim_pct"": 0.1, ""ebs_pass_threshold"": 3, ""macro_weights"": {""CRITICAL"": [0.55, 0.25], ""HIGH"": [0.5, 0.3], ""NORMAL"": [0.4, 0.4]}, ""slippage_base_bps"": 10.0, ""slippage_low_liq_mult"": 3.0, ""slippage_liq_threshold_eok"": 20.0, ""liq_penalty_very_low_eok"": 5.0, ""liq_penalty_very_low_pts"": 8.0, ""liq_penalty_low_eok"": 10.0, ""liq_penalty_low_pts"": 4.0, ""time_stop_days"": 7, ""time_stop_min_move_pct"": 2.0, ""time_stop_extend_if_profit"": true, ""config_version"": ""2.0.0"", ""_snapshot_ts"": ""2026-03-11T18:59:21.533438""}",2.0.0,OK,,True,True,True,True,,,,,100.0,ATTACK
74,257720,실리콘투,KOSDAQ,기타,37600,298.66,30000.0,0,,NEUTRAL,NEUTRAL,4,False,False,False,17.2,17.2,0.0,18.9,48.2,0.0,37650.0,34050.0,46000.0,47500.0,,-0.48,0.87,44625,-14.21,특이사항 없음,0,-12.67,40.1,-9.72,,,저점 이탈,조건 미충족,NORMAL,64.9,상품 종합 도매업,29866000000.0,52.7,27.74,0,0,-2.08,4.73,-16.43,-13.05,-10.14,-11.62,-15.61,-32.67,,0.993,0.178,0,12.0,1,0,1.03,0.23,56100.0,SWING_20D,80.0,BB_UPPER,75.0,SWING_60D,60.0,v1_sl_first_gap_at_open,9.56,5.0,2.3,SWING+PM_BLOCK_INTRADAY+EF:정상,enter,100.0,0,-1,46085.0,-15.63,0.0836,False,X,▼,37530,▼,O,X,0,0,0,0.91,250.0,0.0,-1.0,-1.0,1.0,0.0,상품 종합 도매업,15.143571428571429,3.6917857142857136,7.0,48.2,30.50129754252643,30.50129754252643,2,0,0.4,0.4,0.2,STRUCT+TIMING+AI+SECTOR,default,default,default,70.0,20260311,20260311,,17.2,17.2,17.2,35.02,22.53,0.3,,True,FALLBACK,3.0,0,,"{""lookback_days"": 250, ""bench_lookback_days"": 60, ""top_n"": 600, ""min_turnover_eok"": 50, ""min_mcap_eok"": 1000, ""max_workers"": 4, ""pass_ebs"": 4, ""cache_format"": ""parquet"", ""rsi_low"": 45.0, ""rsi_high"": 65.0, ""rsi_overheat"": 75.0, ""vol_quality_min"": 1.1, ""rsi_penalty_threshold"": 75.0, ""gap_pct_penalty_threshold"": 5.0, ""timing_attack_threshold"": 60.0, ""vol_quality_attack"": 1.3, ""bb_period"": 20, ""bb_std"": 2.0, ""bb_squeeze_bw"": 10.0, ""kc_period"": 20, ""kc_atr_period"": 20, ""kc_mult"": 1.5, ""bonus_bb_squeeze_score"": 3.0, ""bonus_bb_squeeze_entry"": 4.0, ""trigger_dist_wick_high"": 0.35, ""trigger_dist_wick_mid"": 0.25, ""trigger_ret_pct_dist"": 5.0, ""trigger_ret_pct_weak"": 3.0, ""trigger_range_pos_weak"": 0.6, ""trigger_vol_ratio_spike"": 3.0, ""mtf_struct_bonus"": 10.0, ""mtf_struct_penalty"": 15.0, ""mtf_min_weekly_bars"": 26, ""mtf_min_monthly_bars"": 12, ""w_rr"": 0.25, ""w_t1"": 0.18, ""w_sl"": 0.12, ""w_near"": 0.12, ""w_mom"": 0.1, ""w_liq"": 0.13, ""w_tec"": 0.1, ""w_sector"": 0.05, ""p_overheat_5d"": 6.0, ""p_overheat_10d"": 6.0, ""p_rsi_out"": 4.0, ""p_macd_neg"": 4.0, ""p_near_far"": 4.0, ""p_liq_low"": 4.0, ""p_vol_spike"": 2.0, ""p_big_sl"": 3.0, ""fx_caution"": 1470.0, ""fx_critical"": 1490.0, ""nasdaq_caution"": -1.5, ""nasdaq_critical"": -2.5, ""rec_limit_default"": 5, ""rec_limit_caution"": 3, ""ml_low"": 5.0, ""ml_high"": 25.0, ""ml_max_weight"": 0.2, ""ml_cov_gate"": 0.2, ""trim_pct"": 0.1, ""ebs_pass_threshold"": 3, ""macro_weights"": {""CRITICAL"": [0.55, 0.25], ""HIGH"": [0.5, 0.3], ""NORMAL"": [0.4, 0.4]}, ""slippage_base_bps"": 10.0, ""slippage_low_liq_mult"": 3.0, ""slippage_liq_threshold_eok"": 20.0, ""liq_penalty_very_low_eok"": 5.0, ""liq_penalty_very_low_pts"": 8.0, ""liq_penalty_low_eok"": 10.0, ""liq_penalty_low_pts"": 4.0, ""time_stop_days"": 7, ""time_stop_min_move_pct"": 2.0, ""time_stop_extend_if_profit"": true, ""config_version"": ""2.0.0"", ""_snapshot_ts"": ""2026-03-11T18:59:21.533438""}",2.0.0,OK,,True,True,True,True,,,,,100.0,ATTACK
75,383310,에코프로에이치엔,KOSDAQ,화학·소재,32650,256.58,30000.0,0,,NEUTRAL,NEUTRAL,4,False,False,False,13.0,13.0,14.2,0.0,36.5,0.0,32650.0,27750.0,41300.0,46900.0,,0.54,0.4,35648,-13.64,특이사항 없음,0,-12.91,46.1,-7.13,,,저점 이탈,조건 미충족,NORMAL,64.9,기타 화학제품 제조업,25658000000.0,59.8,24.06,0,0,-2.39,12.39,-8.8,-10.3,12.39,32.99,-12.86,-10.14,,0.541,0.299,0,12.0,1,0,1.08,0.3,53600.0,SWING_20D,80.0,SWING_60D,60.0,FIBO_1.272,40.0,v1_sl_first_gap_at_open,15.01,5.0,1.8,NORMAL+PM_BLOCK_INTRADAY+EF:정상,enter,100.0,0,-1,41055.0,-8.41,0.1389,False,O,▲,33293,▼,X,X,0,0,0,0.75,250.0,0.0,1.0,1.0,1.0,0.0,기타 화학제품 제조업,15.3625,-0.6762499999999998,8.0,36.5,8.0,8.0,4,1,0.4,0.4,0.2,STRUCT+TIMING+AI+SECTOR,default,default,default,70.0,20260311,20260311,,13.0,13.0,13.0,35.02,22.53,0.3,,True,FALLBACK,3.0,0,,"{""lookback_days"": 250, ""bench_lookback_days"": 60, ""top_n"": 600, ""min_turnover_eok"": 50, ""min_mcap_eok"": 1000, ""max_workers"": 4, ""pass_ebs"": 4, ""cache_format"": ""parquet"", ""rsi_low"": 45.0, ""rsi_high"": 65.0, ""rsi_overheat"": 75.0, ""vol_quality_min"": 1.1, ""rsi_penalty_threshold"": 75.0, ""gap_pct_penalty_threshold"": 5.0, ""timing_attack_threshold"": 60.0, ""vol_quality_attack"": 1.3, ""bb_period"": 20, ""bb_std"": 2.0, ""bb_squeeze_bw"": 10.0, ""kc_period"": 20, ""kc_atr_period"": 20, ""kc_mult"": 1.5, ""bonus_bb_squeeze_score"": 3.0, ""bonus_bb_squeeze_entry"": 4.0, ""trigger_dist_wick_high"": 0.35, ""trigger_dist_wick_mid"": 0.25, ""trigger_ret_pct_dist"": 5.0, ""trigger_ret_pct_weak"": 3.0, ""trigger_range_pos_weak"": 0.6, ""trigger_vol_ratio_spike"": 3.0, ""mtf_struct_bonus"": 10.0, ""mtf_struct_penalty"": 15.0, ""mtf_min_weekly_bars"": 26, ""mtf_min_monthly_bars"": 12, ""w_rr"": 0.25, ""w_t1"": 0.18, ""w_sl"": 0.12, ""w_near"": 0.12, ""w_mom"": 0.1, ""w_liq"": 0.13, ""w_tec"": 0.1, ""w_sector"": 0.05, ""p_overheat_5d"": 6.0, ""p_overheat_10d"": 6.0, ""p_rsi_out"": 4.0, ""p_macd_neg"": 4.0, ""p_near_far"": 4.0, ""p_liq_low"": 4.0, ""p_vol_spike"": 2.0, ""p_big_sl"": 3.0, ""fx_caution"": 1470.0, ""fx_critical"": 1490.0, ""nasdaq_caution"": -1.5, ""nasdaq_critical"": -2.5, ""rec_limit_default"": 5, ""rec_limit_caution"": 3, ""ml_low"": 5.0, ""ml_high"": 25.0, ""ml_max_weight"": 0.2, ""ml_cov_gate"": 0.2, ""trim_pct"": 0.1, ""ebs_pass_threshold"": 3, ""macro_weights"": {""CRITICAL"": [0.55, 0.25], ""HIGH"": [0.5, 0.3], ""NORMAL"": [0.4, 0.4]}, ""slippage_base_bps"": 10.0, ""slippage_low_liq_mult"": 3.0, ""slippage_liq_threshold_eok"": 20.0, ""liq_penalty_very_low_eok"": 5.0, ""liq_penalty_very_low_pts"": 8.0, ""liq_penalty_low_eok"": 10.0, ""liq_penalty_low_pts"": 4.0, ""time_stop_days"": 7, ""time_stop_min_move_pct"": 2.0, ""time_stop_extend_if_profit"": true, ""config_version"": ""2.0.0"", ""_snapshot_ts"": ""2026-03-11T18:59:21.533438""}",2.0.0,OK,,True,True,True,True,,,,,100.0,ATTACK
76,372320,큐로셀,KOSDAQ,기타,46300,98.28,10000.0,0,,NEUTRAL,NEUTRAL,4,False,False,False,12.8,12.8,5.5,0.3,52.2,0.0,47450.0,44600.0,58000.0,63100.0,,0.04,0.57,49255,-0.68,특이사항 없음,1,-0.54,47.0,-6.91,,,,조건 미충족,NORMAL,64.9,자연과학 및 공학 연구개발업,9828000000.0,47.8,23.39,0,0,-0.11,2.48,-14.96,-3.65,10.35,18.63,-6.21,-12.18,,0.423,0.338,0,12.0,0,0,0.96,0.12,68200.0,SWING_20D,80.0,ATR_3.5x,45.0,FIBO_1.618,25.0,v1_sl_first_gap_at_open,6.01,5.0,3.7,SWING+PM_BLOCK_INTRADAY+EF:정상,enter,100.0,0,-1,61350.0,-3.67,-0.2882,True,O,▲,50116,▼,X,X,0,0,0,0.21,250.0,0.0,1.0,1.0,1.0,0.0,자연과학 및 공학 연구개발업,15.143571428571429,3.6917857142857136,7.0,52.2,17.432535703639466,17.432535703639466,2,0,0.4,0.4,0.2,STRUCT+TIMING+AI+SECTOR,default,default,default,70.0,20260311,20260311,,12.8,12.8,12.8,35.02,22.53,0.3,,True,FALLBACK,3.0,0,,"{""lookback_days"": 250, ""bench_lookback_days"": 60, ""top_n"": 600, ""min_turnover_eok"": 50, ""min_mcap_eok"": 1000, ""max_workers"": 4, ""pass_ebs"": 4, ""cache_format"": ""parquet"", ""rsi_low"": 45.0, ""rsi_high"": 65.0, ""rsi_overheat"": 75.0, ""vol_quality_min"": 1.1, ""rsi_penalty_threshold"": 75.0, ""gap_pct_penalty_threshold"": 5.0, ""timing_attack_threshold"": 60.0, ""vol_quality_attack"": 1.3, ""bb_period"": 20, ""bb_std"": 2.0, ""bb_squeeze_bw"": 10.0, ""kc_period"": 20, ""kc_atr_period"": 20, ""kc_mult"": 1.5, ""bonus_bb_squeeze_score"": 3.0, ""bonus_bb_squeeze_entry"": 4.0, ""trigger_dist_wick_high"": 0.35, ""trigger_dist_wick_mid"": 0.25, ""trigger_ret_pct_dist"": 5.0, ""trigger_ret_pct_weak"": 3.0, ""trigger_range_pos_weak"": 0.6, ""trigger_vol_ratio_spike"": 3.0, ""mtf_struct_bonus"": 10.0, ""mtf_struct_penalty"": 15.0, ""mtf_min_weekly_bars"": 26, ""mtf_min_monthly_bars"": 12, ""w_rr"": 0.25, ""w_t1"": 0.18, ""w_sl"": 0.12, ""w_near"": 0.12, ""w_mom"": 0.1, ""w_liq"": 0.13, ""w_tec"": 0.1, ""w_sector"": 0.05, ""p_overheat_5d"": 6.0, ""p_overheat_10d"": 6.0, ""p_rsi_out"": 4.0, ""p_macd_neg"": 4.0, ""p_near_far"": 4.0, ""p_liq_low"": 4.0, ""p_vol_spike"": 2.0, ""p_big_sl"": 3.0, ""fx_caution"": 1470.0, ""fx_critical"": 1490.0, ""nasdaq_caution"": -1.5, ""nasdaq_critical"": -2.5, ""rec_limit_default"": 5, ""rec_limit_caution"": 3, ""ml_low"": 5.0, ""ml_high"": 25.0, ""ml_max_weight"": 0.2, ""ml_cov_gate"": 0.2, ""trim_pct"": 0.1, ""ebs_pass_threshold"": 3, ""macro_weights"": {""CRITICAL"": [0.55, 0.25], ""HIGH"": [0.5, 0.3], ""NORMAL"": [0.4, 0.4]}, ""slippage_base_bps"": 10.0, ""slippage_low_liq_mult"": 3.0, ""slippage_liq_threshold_eok"": 20.0, ""liq_penalty_very_low_eok"": 5.0, ""liq_penalty_very_low_pts"": 8.0, ""liq_penalty_low_eok"": 10.0, ""liq_penalty_low_pts"": 4.0, ""time_stop_days"": 7, ""time_stop_min_move_pct"": 2.0, ""time_stop_extend_if_profit"": true, ""config_version"": ""2.0.0"", ""_snapshot_ts"": ""2026-03-11T18:59:21.533438""}",2.0.0,OK,,True,True,True,True,,,,,100.0,ATTACK
77,484870,엠앤씨솔루션,KOSPI,조선·기계·설비,125000,167.02,10000.0,0,,NEUTRAL,NEUTRAL,4,False,False,False,11.4,11.4,0.0,0.0,57.0,0.0,125100.0,106300.0,152500.0,191200.0,,0.94,0.4,141189,-5.82,특이사항 없음,2,-14.58,41.6,-6.2,,,저점 이탈,조건 미충족,NORMAL,64.9,특수 목적용 기계 제조업,16702000000.0,59.2,24.27,1,0,-1.73,4.69,-16.38,1.13,-8.62,-39.86,-7.51,-43.64,,0.959,0.385,0,12.0,1,0,0.85,0.52,230000.0,SWING_20D,80.0,SWING_60D,60.0,SWING_120D,45.0,v1_sl_first_gap_at_open,15.03,5.0,1.5,NORMAL+PM_BLOCK_INTRADAY+EF:정상,enter,100.0,0,-1,158140.0,-11.4,0.0095,False,X,▼,128776,▼,X,X,0,0,0,0.0,250.0,0.0,-1.0,-1.0,1.0,0.0,특수 목적용 기계 제조업,16.365,-3.5611764705882356,9.0,57.0,5.954155116547574,5.954155116547574,4,1,0.4,0.4,0.2,STRUCT+TIMING+AI+SECTOR,default,default,default,70.0,20260311,20260311,,11.4,11.4,11.4,35.02,22.53,0.3,,True,FALLBACK,3.0,0,,"{""lookback_days"": 250, ""bench_lookback_days"": 60, ""top_n"": 600, ""min_turnover_eok"": 50, ""min_mcap_eok"": 1000, ""max_workers"": 4, ""pass_ebs"": 4, ""cache_format"": ""parquet"", ""rsi_low"": 45.0, ""rsi_high"": 65.0, ""rsi_overheat"": 75.0, ""vol_quality_min"": 1.1, ""rsi_penalty_threshold"": 75.0, ""gap_pct_penalty_threshold"": 5.0, ""timing_attack_threshold"": 60.0, ""vol_quality_attack"": 1.3, ""bb_period"": 20, ""bb_std"": 2.0, ""bb_squeeze_bw"": 10.0, ""kc_period"": 20, ""kc_atr_period"": 20, ""kc_mult"": 1.5, ""bonus_bb_squeeze_score"": 3.0, ""bonus_bb_squeeze_entry"": 4.0, ""trigger_dist_wick_high"": 0.35, ""trigger_dist_wick_mid"": 0.25, ""trigger_ret_pct_dist"": 5.0, ""trigger_ret_pct_weak"": 3.0, ""trigger_range_pos_weak"": 0.6, ""trigger_vol_ratio_spike"": 3.0, ""mtf_struct_bonus"": 10.0, ""mtf_struct_penalty"": 15.0, ""mtf_min_weekly_bars"": 26, ""mtf_min_monthly_bars"": 12, ""w_rr"": 0.25, ""w_t1"": 0.18, ""w_sl"": 0.12, ""w_near"": 0.12, ""w_mom"": 0.1, ""w_liq"": 0.13, ""w_tec"": 0.1, ""w_sector"": 0.05, ""p_overheat_5d"": 6.0, ""p_overheat_10d"": 6.0, ""p_rsi_out"": 4.0, ""p_macd_neg"": 4.0, ""p_near_far"": 4.0, ""p_liq_low"": 4.0, ""p_vol_spike"": 2.0, ""p_big_sl"": 3.0, ""fx_caution"": 1470.0, ""fx_critical"": 1490.0, ""nasdaq_caution"": -1.5, ""nasdaq_critical"": -2.5, ""rec_limit_default"": 5, ""rec_limit_caution"": 3, ""ml_low"": 5.0, ""ml_high"": 25.0, ""ml_max_weight"": 0.2, ""ml_cov_gate"": 0.2, ""trim_pct"": 0.1, ""ebs_pass_threshold"": 3, ""macro_weights"": {""CRITICAL"": [0.55, 0.25], ""HIGH"": [0.5, 0.3], ""NORMAL"": [0.4, 0.4]}, ""slippage_base_bps"": 10.0, ""slippage_low_liq_mult"": 3.0, ""slippage_liq_threshold_eok"": 20.0, ""liq_penalty_very_low_eok"": 5.0, ""liq_penalty_very_low_pts"": 8.0, ""liq_penalty_low_eok"": 10.0, ""liq_penalty_low_pts"": 4.0, ""time_stop_days"": 7, ""time_stop_min_move_pct"": 2.0, ""time_stop_extend_if_profit"": true, ""config_version"": ""2.0.0"", ""_snapshot_ts"": ""2026-03-11T18:59:21.533438""}",2.0.0,OK,,True,True,True,True,,,,,100.0,ATTACK
78,483650,달바글로벌,KOSPI,화학·소재,146800,204.28,30000.0,0,,NEUTRAL,NEUTRAL,4,False,False,False,6.0,6.0,0.0,0.0,30.0,0.0,148200.0,132600.0,180000.0,186800.0,,0.24,0.47,156835,-7.12,특이사항 없음,0,-15.97,31.5,-9.19,,,저점 이탈,조건 미충족,NORMAL,64.9,기타 화학제품 제조업,20428000000.0,39.9,28.91,0,0,-1.2,4.73,-13.38,-12.51,8.89,-9.08,-21.15,-26.13,,0.603,0.418,0,11.8,0,0,1.2,0.26,192600.0,SWING_20D,80.0,BB_UPPER,75.0,FIBO_1.272,40.0,v1_sl_first_gap_at_open,10.53,5.0,2.0,SWING+PM_BLOCK_INTRADAY+EF:정상,enter,100.0,0,-1,167860.0,-5.51,0.0435,False,X,▼,144741,▼,O,X,0,0,0,1.33,195.0,0.0,-1.0,0.0,0.0,0.0,기타 화학제품 제조업,15.3625,-0.6762499999999998,8.0,30.0,15.0,15.0,4,1,0.4,0.4,0.2,STRUCT+TIMING+AI+SECTOR,default,default,default,70.0,20260311,20260311,,6.0,6.0,6.0,35.02,22.53,0.3,,True,FALLBACK,3.0,0,,"{""lookback_days"": 250, ""bench_lookback_days"": 60, ""top_n"": 600, ""min_turnover_eok"": 50, ""min_mcap_eok"": 1000, ""max_workers"": 4, ""pass_ebs"": 4, ""cache_format"": ""parquet"", ""rsi_low"": 45.0, ""rsi_high"": 65.0, ""rsi_overheat"": 75.0, ""vol_quality_min"": 1.1, ""rsi_penalty_threshold"": 75.0, ""gap_pct_penalty_threshold"": 5.0, ""timing_attack_threshold"": 60.0, ""vol_quality_attack"": 1.3, ""bb_period"": 20, ""bb_std"": 2.0, ""bb_squeeze_bw"": 10.0, ""kc_period"": 20, ""kc_atr_period"": 20, ""kc_mult"": 1.5, ""bonus_bb_squeeze_score"": 3.0, ""bonus_bb_squeeze_entry"": 4.0, ""trigger_dist_wick_high"": 0.35, ""trigger_dist_wick_mid"": 0.25, ""trigger_ret_pct_dist"": 5.0, ""trigger_ret_pct_weak"": 3.0, ""trigger_range_pos_weak"": 0.6, ""trigger_vol_ratio_spike"": 3.0, ""mtf_struct_bonus"": 10.0, ""mtf_struct_penalty"": 15.0, ""mtf_min_weekly_bars"": 26, ""mtf_min_monthly_bars"": 12, ""w_rr"": 0.25, ""w_t1"": 0.18, ""w_sl"": 0.12, ""w_near"": 0.12, ""w_mom"": 0.1, ""w_liq"": 0.13, ""w_tec"": 0.1, ""w_sector"": 0.05, ""p_overheat_5d"": 6.0, ""p_overheat_10d"": 6.0, ""p_rsi_out"": 4.0, ""p_macd_neg"": 4.0, ""p_near_far"": 4.0, ""p_liq_low"": 4.0, ""p_vol_spike"": 2.0, ""p_big_sl"": 3.0, ""fx_caution"": 1470.0, ""fx_critical"": 1490.0, ""nasdaq_caution"": -1.5, ""nasdaq_critical"": -2.5, ""rec_limit_default"": 5, ""rec_limit_caution"": 3, ""ml_low"": 5.0, ""ml_high"": 25.0, ""ml_max_weight"": 0.2, ""ml_cov_gate"": 0.2, ""trim_pct"": 0.1, ""ebs_pass_threshold"": 3, ""macro_weights"": {""CRITICAL"": [0.55, 0.25], ""HIGH"": [0.5, 0.3], ""NORMAL"": [0.4, 0.4]}, ""slippage_base_bps"": 10.0, ""slippage_low_liq_mult"": 3.0, ""slippage_liq_threshold_eok"": 20.0, ""liq_penalty_very_low_eok"": 5.0, ""liq_penalty_very_low_pts"": 8.0, ""liq_penalty_low_eok"": 10.0, ""liq_penalty_low_pts"": 4.0, ""time_stop_days"": 7, ""time_stop_min_move_pct"": 2.0, ""time_stop_extend_if_profit"": true, ""config_version"": ""2.0.0"", ""_snapshot_ts"": ""2026-03-11T18:59:21.533438""}",2.0.0,OK,,True,True,True,True,,,,,100.0,ATTACK
79,125020,티씨머티리얼즈,KOSDAQ,기타,7170,190.41,10000.0,0,,OVERHEAT,OVERHEAT,5,False,False,False,70.2,70.2,83.5,58.8,66.2,0.0,5800.0,4925.0,7540.0,8620.0,,1.53,1.39,5320,19.75,특이사항 없음,0,38.36,74.2,29.9,STRUCT 강점,,RSI 과열,과열 (RSI/수익률),NORMAL,64.9,절연선 및 케이블 제조업,19041000000.0,84.9,67.55,0,0,12.56,30.36,20.3,69.91,124.06,52.55,67.35,101.53,,0.0,0.0,1,12.0,1,0,3.23,0.9,10180.0,SWING_20D,80.0,ATR_3.5x,45.0,FIBO_1.618,25.0,v1_sl_first_gap_at_open,15.09,5.0,2.0,NORMAL+PM_BLOCK_INTRADAY+EF:갭(3.5%)/급등(12.6%)/VI → 50% 분할+ENTRY:split,split,50.0,1,1,4743.0,34.75,-0.0671,False,O,▲,6553,▲,O,X,0,0,0,3.45,200.0,0.0,1.0,0.0,0.0,0.0,절연선 및 케이블 제조업,15.143571428571429,3.6917857142857136,7.0,66.2,38.5,38.5,4,1,0.4,0.4,0.2,STRUCT+TIMING+AI+SECTOR,default,default,default,70.0,20260311,20260311,,70.2,70.2,70.2,35.02,22.53,0.502,,False,FALLBACK,3.0,0,,"{""lookback_days"": 250, ""bench_lookback_days"": 60, ""top_n"": 600, ""min_turnover_eok"": 50, ""min_mcap_eok"": 1000, ""max_workers"": 4, ""pass_ebs"": 4, ""cache_format"": ""parquet"", ""rsi_low"": 45.0, ""rsi_high"": 65.0, ""rsi_overheat"": 75.0, ""vol_quality_min"": 1.1, ""rsi_penalty_threshold"": 75.0, ""gap_pct_penalty_threshold"": 5.0, ""timing_attack_threshold"": 60.0, ""vol_quality_attack"": 1.3, ""bb_period"": 20, ""bb_std"": 2.0, ""bb_squeeze_bw"": 10.0, ""kc_period"": 20, ""kc_atr_period"": 20, ""kc_mult"": 1.5, ""bonus_bb_squeeze_score"": 3.0, ""bonus_bb_squeeze_entry"": 4.0, ""trigger_dist_wick_high"": 0.35, ""trigger_dist_wick_mid"": 0.25, ""trigger_ret_pct_dist"": 5.0, ""trigger_ret_pct_weak"": 3.0, ""trigger_range_pos_weak"": 0.6, ""trigger_vol_ratio_spike"": 3.0, ""mtf_struct_bonus"": 10.0, ""mtf_struct_penalty"": 15.0, ""mtf_min_weekly_bars"": 26, ""mtf_min_monthly_bars"": 12, ""w_rr"": 0.25, ""w_t1"": 0.18, ""w_sl"": 0.12, ""w_near"": 0.12, ""w_mom"": 0.1, ""w_liq"": 0.13, ""w_tec"": 0.1, ""w_sector"": 0.05, ""p_overheat_5d"": 6.0, ""p_overheat_10d"": 6.0, ""p_rsi_out"": 4.0, ""p_macd_neg"": 4.0, ""p_near_far"": 4.0, ""p_liq_low"": 4.0, ""p_vol_spike"": 2.0, ""p_big_sl"": 3.0, ""fx_caution"": 1470.0, ""fx_critical"": 1490.0, ""nasdaq_caution"": -1.5, ""nasdaq_critical"": -2.5, ""rec_limit_default"": 5, ""rec_limit_caution"": 3, ""ml_low"": 5.0, ""ml_high"": 25.0, ""ml_max_weight"": 0.2, ""ml_cov_gate"": 0.2, ""trim_pct"": 0.1, ""ebs_pass_threshold"": 3, ""macro_weights"": {""CRITICAL"": [0.55, 0.25], ""HIGH"": [0.5, 0.3], ""NORMAL"": [0.4, 0.4]}, ""slippage_base_bps"": 10.0, ""slippage_low_liq_mult"": 3.0, ""slippage_liq_threshold_eok"": 20.0, ""liq_penalty_very_low_eok"": 5.0, ""liq_penalty_very_low_pts"": 8.0, ""liq_penalty_low_eok"": 10.0, ""liq_penalty_low_pts"": 4.0, ""time_stop_days"": 7, ""time_stop_min_move_pct"": 2.0, ""time_stop_extend_if_profit"": true, ""config_version"": ""2.0.0"", ""_snapshot_ts"": ""2026-03-11T18:59:21.533438""}",2.0.0,OK,,True,True,True,True,,,,,100.0,ATTACK
80,456160,지투지바이오,KOSDAQ,바이오·의약품,103400,646.53,60000.0,0,,OVERHEAT,OVERHEAT,5,False,False,False,68.5,68.5,87.1,68.3,31.9,0.0,104400.0,88700.0,114100.0,140800.0,🚀급등시동,1.39,0.94,82822,81.38,특이사항 없음,0,6.26,59.7,11.68,STRUCT 강점,,5일 급등,과열 (RSI/수익률),NORMAL,64.9,의약품 제조업,64653000000.0,74.9,35.2,0,0,3.92,26.19,5.16,26.19,38.74,133.87,23.63,16.21,,0.01,0.01,1,12.0,1,0,1.77,0.78,146900.0,SWING_20D,80.0,ATR_3.5x,45.0,FIBO_1.618,25.0,v1_sl_first_gap_at_open,15.04,4.0,0.6,NORMAL+PM_BLOCK_INTRADAY+EF:정상,enter,100.0,1,1,81945.0,27.98,0.1649,False,O,▲,100163,▲,O,X,16748,636,17384,1.47,137.0,0.0,1.0,0.0,0.0,0.0,의약품 제조업,17.91,20.134999999999998,6.0,31.9,43.865789585552356,43.865789585552356,8,1,0.4,0.4,0.2,STRUCT+TIMING+AI+SECTOR,default,default,default,70.0,20260311,20260311,,68.5,68.5,68.5,35.02,22.53,0.485,,False,FALLBACK,3.0,0,,"{""lookback_days"": 250, ""bench_lookback_days"": 60, ""top_n"": 600, ""min_turnover_eok"": 50, ""min_mcap_eok"": 1000, ""max_workers"": 4, ""pass_ebs"": 4, ""cache_format"": ""parquet"", ""rsi_low"": 45.0, ""rsi_high"": 65.0, ""rsi_overheat"": 75.0, ""vol_quality_min"": 1.1, ""rsi_penalty_threshold"": 75.0, ""gap_pct_penalty_threshold"": 5.0, ""timing_attack_threshold"": 60.0, ""vol_quality_attack"": 1.3, ""bb_period"": 20, ""bb_std"": 2.0, ""bb_squeeze_bw"": 10.0, ""kc_period"": 20, ""kc_atr_period"": 20, ""kc_mult"": 1.5, ""bonus_bb_squeeze_score"": 3.0, ""bonus_bb_squeeze_entry"": 4.0, ""trigger_dist_wick_high"": 0.35, ""trigger_dist_wick_mid"": 0.25, ""trigger_ret_pct_dist"": 5.0, ""trigger_ret_pct_weak"": 3.0, ""trigger_range_pos_weak"": 0.6, ""trigger_vol_ratio_spike"": 3.0, ""mtf_struct_bonus"": 10.0, ""mtf_struct_penalty"": 15.0, ""mtf_min_weekly_bars"": 26, ""mtf_min_monthly_bars"": 12, ""w_rr"": 0.25, ""w_t1"": 0.18, ""w_sl"": 0.12, ""w_near"": 0.12, ""w_mom"": 0.1, ""w_liq"": 0.13, ""w_tec"": 0.1, ""w_sector"": 0.05, ""p_overheat_5d"": 6.0, ""p_overheat_10d"": 6.0, ""p_rsi_out"": 4.0, ""p_macd_neg"": 4.0, ""p_near_far"": 4.0, ""p_liq_low"": 4.0, ""p_vol_spike"": 2.0, ""p_big_sl"": 3.0, ""fx_caution"": 1470.0, ""fx_critical"": 1490.0, ""nasdaq_caution"": -1.5, ""nasdaq_critical"": -2.5, ""rec_limit_default"": 5, ""rec_limit_caution"": 3, ""ml_low"": 5.0, ""ml_high"": 25.0, ""ml_max_weight"": 0.2, ""ml_cov_gate"": 0.2, ""trim_pct"": 0.1, ""ebs_pass_threshold"": 3, ""macro_weights"": {""CRITICAL"": [0.55, 0.25], ""HIGH"": [0.5, 0.3], ""NORMAL"": [0.4, 0.4]}, ""slippage_base_bps"": 10.0, ""slippage_low_liq_mult"": 3.0, ""slippage_liq_threshold_eok"": 20.0, ""liq_penalty_very_low_eok"": 5.0, ""liq_penalty_very_low_pts"": 8.0, ""liq_penalty_low_eok"": 10.0, ""liq_penalty_low_pts"": 4.0, ""time_stop_days"": 7, ""time_stop_min_move_pct"": 2.0, ""time_stop_extend_if_profit"": true, ""config_version"": ""2.0.0"", ""_snapshot_ts"": ""2026-03-11T18:59:21.533438""}",2.0.0,OK,,True,True,True,True,,,,,100.0,ATTACK
81,129920,대성하이텍,KOSDAQ,조선·기계·설비,7920,196.85,10000.0,0,,OVERHEAT,OVERHEAT,5,False,False,False,68.1,68.1,79.3,65.7,50.7,0.0,7040.0,5980.0,8420.0,8890.0,,1.56,0.62,5888,50.82,특이사항 없음,0,16.35,67.6,18.08,STRUCT 강점,,5일 급등,과열 (RSI/수익률),NORMAL,64.9,특수 목적용 기계 제조업,19685000000.0,61.0,65.0,0,0,-0.75,32.0,0.89,52.6,81.65,79.19,50.04,59.12,,0.012,0.012,1,12.0,1,0,1.04,0.85,10490.0,SWING_20D,80.0,BB_UPPER,75.0,ATR_3.5x,45.0,v1_sl_first_gap_at_open,15.06,5.0,1.3,NORMAL+PM_BLOCK_INTRADAY+EF:정상,enter,100.0,1,-1,9624.0,34.49,0.1278,False,O,▲,7405,▲,O,X,0,0,0,0.5,250.0,0.0,1.0,1.0,1.0,0.0,특수 목적용 기계 제조업,16.365,-3.5611764705882356,9.0,50.7,49.67302588592125,49.67302588592125,4,1,0.4,0.4,0.2,STRUCT+TIMING+AI+SECTOR,default,default,default,70.0,20260311,20260311,,68.1,68.1,68.1,35.02,22.53,0.481,,False,FALLBACK,3.0,0,,"{""lookback_days"": 250, ""bench_lookback_days"": 60, ""top_n"": 600, ""min_turnover_eok"": 50, ""min_mcap_eok"": 1000, ""max_workers"": 4, ""pass_ebs"": 4, ""cache_format"": ""parquet"", ""rsi_low"": 45.0, ""rsi_high"": 65.0, ""rsi_overheat"": 75.0, ""vol_quality_min"": 1.1, ""rsi_penalty_threshold"": 75.0, ""gap_pct_penalty_threshold"": 5.0, ""timing_attack_threshold"": 60.0, ""vol_quality_attack"": 1.3, ""bb_period"": 20, ""bb_std"": 2.0, ""bb_squeeze_bw"": 10.0, ""kc_period"": 20, ""kc_atr_period"": 20, ""kc_mult"": 1.5, ""bonus_bb_squeeze_score"": 3.0, ""bonus_bb_squeeze_entry"": 4.0, ""trigger_dist_wick_high"": 0.35, ""trigger_dist_wick_mid"": 0.25, ""trigger_ret_pct_dist"": 5.0, ""trigger_ret_pct_weak"": 3.0, ""trigger_range_pos_weak"": 0.6, ""trigger_vol_ratio_spike"": 3.0, ""mtf_struct_bonus"": 10.0, ""mtf_struct_penalty"": 15.0, ""mtf_min_weekly_bars"": 26, ""mtf_min_monthly_bars"": 12, ""w_rr"": 0.25, ""w_t1"": 0.18, ""w_sl"": 0.12, ""w_near"": 0.12, ""w_mom"": 0.1, ""w_liq"": 0.13, ""w_tec"": 0.1, ""w_sector"": 0.05, ""p_overheat_5d"": 6.0, ""p_overheat_10d"": 6.0, ""p_rsi_out"": 4.0, ""p_macd_neg"": 4.0, ""p_near_far"": 4.0, ""p_liq_low"": 4.0, ""p_vol_spike"": 2.0, ""p_big_sl"": 3.0, ""fx_caution"": 1470.0, ""fx_critical"": 1490.0, ""nasdaq_caution"": -1.5, ""nasdaq_critical"": -2.5, ""rec_limit_default"": 5, ""rec_limit_caution"": 3, ""ml_low"": 5.0, ""ml_high"": 25.0, ""ml_max_weight"": 0.2, ""ml_cov_gate"": 0.2, ""trim_pct"": 0.1, ""ebs_pass_threshold"": 3, ""macro_weights"": {""CRITICAL"": [0.55, 0.25], ""HIGH"": [0.5, 0.3], ""NORMAL"": [0.4, 0.4]}, ""slippage_base_bps"": 10.0, ""slippage_low_liq_mult"": 3.0, ""slippage_liq_threshold_eok"": 20.0, ""liq_penalty_very_low_eok"": 5.0, ""liq_penalty_very_low_pts"": 8.0, ""liq_penalty_low_eok"": 10.0, ""liq_penalty_low_pts"": 4.0, ""time_stop_days"": 7, ""time_stop_min_move_pct"": 2.0, ""time_stop_extend_if_profit"": true, ""config_version"": ""2.0.0"", ""_snapshot_ts"": ""2026-03-11T18:59:21.533438""}",2.0.0,OK,,True,True,True,True,,,,,100.0,ATTACK
82,357880,SKAI,KOSDAQ,IT/전기전자,3050,51.35,10000.0,0,,OVERHEAT,OVERHEAT,5,False,False,False,67.9,67.9,80.0,51.3,76.7,0.0,2360.0,2005.0,3300.0,3825.0,,1.4,1.13,2302,39.08,특이사항 없음,0,39.8,69.6,35.63,STRUCT 강점,AI 보조,5일 급등,과열 (RSI/수익률),NORMAL,64.9,소프트웨어 개발 및 공급업,5135000000.0,78.6,84.23,0,0,8.93,34.07,5.72,100.66,104.15,41.86,98.1,81.62,,0.0,0.0,1,12.0,1,0,0.96,0.87,4470.0,SWING_20D,80.0,ATR_3.5x,45.0,FIBO_1.618,25.0,v1_sl_first_gap_at_open,15.04,5.0,2.6,NORMAL+PM_BLOCK_INTRADAY+EF:정상,enter,100.0,1,1,1890.3000000000002,32.45,0.2348,False,O,▲,2682,▲,O,X,0,0,0,4.29,250.0,0.0,1.0,1.0,1.0,0.0,소프트웨어 개발 및 공급업,27.91866666666667,17.557333333333336,2.0,76.7,24.525764823398227,24.525764823398227,4,1,0.4,0.4,0.2,STRUCT+TIMING+AI+SECTOR,default,default,default,70.0,20260311,20260311,,67.9,67.9,67.9,35.02,22.53,0.479,,False,FALLBACK,3.0,0,,"{""lookback_days"": 250, ""bench_lookback_days"": 60, ""top_n"": 600, ""min_turnover_eok"": 50, ""min_mcap_eok"": 1000, ""max_workers"": 4, ""pass_ebs"": 4, ""cache_format"": ""parquet"", ""rsi_low"": 45.0, ""rsi_high"": 65.0, ""rsi_overheat"": 75.0, ""vol_quality_min"": 1.1, ""rsi_penalty_threshold"": 75.0, ""gap_pct_penalty_threshold"": 5.0, ""timing_attack_threshold"": 60.0, ""vol_quality_attack"": 1.3, ""bb_period"": 20, ""bb_std"": 2.0, ""bb_squeeze_bw"": 10.0, ""kc_period"": 20, ""kc_atr_period"": 20, ""kc_mult"": 1.5, ""bonus_bb_squeeze_score"": 3.0, ""bonus_bb_squeeze_entry"": 4.0, ""trigger_dist_wick_high"": 0.35, ""trigger_dist_wick_mid"": 0.25, ""trigger_ret_pct_dist"": 5.0, ""trigger_ret_pct_weak"": 3.0, ""trigger_range_pos_weak"": 0.6, ""trigger_vol_ratio_spike"": 3.0, ""mtf_struct_bonus"": 10.0, ""mtf_struct_penalty"": 15.0, ""mtf_min_weekly_bars"": 26, ""mtf_min_monthly_bars"": 12, ""w_rr"": 0.25, ""w_t1"": 0.18, ""w_sl"": 0.12, ""w_near"": 0.12, ""w_mom"": 0.1, ""w_liq"": 0.13, ""w_tec"": 0.1, ""w_sector"": 0.05, ""p_overheat_5d"": 6.0, ""p_overheat_10d"": 6.0, ""p_rsi_out"": 4.0, ""p_macd_neg"": 4.0, ""p_near_far"": 4.0, ""p_liq_low"": 4.0, ""p_vol_spike"": 2.0, ""p_big_sl"": 3.0, ""fx_caution"": 1470.0, ""fx_critical"": 1490.0, ""nasdaq_caution"": -1.5, ""nasdaq_critical"": -2.5, ""rec_limit_default"": 5, ""rec_limit_caution"": 3, ""ml_low"": 5.0, ""ml_high"": 25.0, ""ml_max_weight"": 0.2, ""ml_cov_gate"": 0.2, ""trim_pct"": 0.1, ""ebs_pass_threshold"": 3, ""macro_weights"": {""CRITICAL"": [0.55, 0.25], ""HIGH"": [0.5, 0.3], ""NORMAL"": [0.4, 0.4]}, ""slippage_base_bps"": 10.0, ""slippage_low_liq_mult"": 3.0, ""slippage_liq_threshold_eok"": 20.0, ""liq_penalty_very_low_eok"": 5.0, ""liq_penalty_very_low_pts"": 8.0, ""liq_penalty_low_eok"": 10.0, ""liq_penalty_low_pts"": 4.0, ""time_stop_days"": 7, ""time_stop_min_move_pct"": 2.0, ""time_stop_extend_if_profit"": true, ""config_version"": ""2.0.0"", ""_snapshot_ts"": ""2026-03-11T18:59:21.533438""}",2.0.0,OK,,True,True,True,True,,,,,100.0,ATTACK
83,112290,와이씨켐,KOSDAQ,화학·소재,26650,118.74,10000.0,0,,OVERHEAT,OVERHEAT,5,False,False,False,65.0,65.0,73.0,80.0,19.1,0.0,26650.0,22650.0,28100.0,35350.0,,1.6,1.68,23836,22.56,특이사항 없음,0,1.43,55.3,7.28,TIMING 강점,STRUCT 보조,5일 급등,과열 (RSI/수익률),NORMAL,64.9,기타 화학제품 제조업,11874000000.0,65.3,24.79,0,0,1.91,25.12,-0.37,17.4,26.6,32.92,14.84,4.07,,0.084,0.084,1,12.0,0,0,1.28,0.8,,SWING_20D,80.0,ATR_3.5x,45.0,,0.0,v1_sl_first_gap_at_open,15.01,5.0,0.4,NORMAL+PM_BLOCK_INTRADAY+EF:정상,enter,100.0,1,-1,29510.0,11.8,0.1938,False,O,▲,24534,▲,O,X,0,0,0,0.57,250.0,0.0,1.0,1.0,1.0,0.0,기타 화학제품 제조업,15.3625,-0.6762499999999998,8.0,19.1,67.83354924722377,67.83354924722377,8,1,0.4,0.4,0.2,STRUCT+TIMING+AI+SECTOR,default,default,default,70.0,20260311,20260311,,65.0,65.0,65.0,35.02,22.53,0.45,,False,FALLBACK,3.0,0,,"{""lookback_days"": 250, ""bench_lookback_days"": 60, ""top_n"": 600, ""min_turnover_eok"": 50, ""min_mcap_eok"": 1000, ""max_workers"": 4, ""pass_ebs"": 4, ""cache_format"": ""parquet"", ""rsi_low"": 45.0, ""rsi_high"": 65.0, ""rsi_overheat"": 75.0, ""vol_quality_min"": 1.1, ""rsi_penalty_threshold"": 75.0, ""gap_pct_penalty_threshold"": 5.0, ""timing_attack_threshold"": 60.0, ""vol_quality_attack"": 1.3, ""bb_period"": 20, ""bb_std"": 2.0, ""bb_squeeze_bw"": 10.0, ""kc_period"": 20, ""kc_atr_period"": 20, ""kc_mult"": 1.5, ""bonus_bb_squeeze_score"": 3.0, ""bonus_bb_squeeze_entry"": 4.0, ""trigger_dist_wick_high"": 0.35, ""trigger_dist_wick_mid"": 0.25, ""trigger_ret_pct_dist"": 5.0, ""trigger_ret_pct_weak"": 3.0, ""trigger_range_pos_weak"": 0.6, ""trigger_vol_ratio_spike"": 3.0, ""mtf_struct_bonus"": 10.0, ""mtf_struct_penalty"": 15.0, ""mtf_min_weekly_bars"": 26, ""mtf_min_monthly_bars"": 12, ""w_rr"": 0.25, ""w_t1"": 0.18, ""w_sl"": 0.12, ""w_near"": 0.12, ""w_mom"": 0.1, ""w_liq"": 0.13, ""w_tec"": 0.1, ""w_sector"": 0.05, ""p_overheat_5d"": 6.0, ""p_overheat_10d"": 6.0, ""p_rsi_out"": 4.0, ""p_macd_neg"": 4.0, ""p_near_far"": 4.0, ""p_liq_low"": 4.0, ""p_vol_spike"": 2.0, ""p_big_sl"": 3.0, ""fx_caution"": 1470.0, ""fx_critical"": 1490.0, ""nasdaq_caution"": -1.5, ""nasdaq_critical"": -2.5, ""rec_limit_default"": 5, ""rec_limit_caution"": 3, ""ml_low"": 5.0, ""ml_high"": 25.0, ""ml_max_weight"": 0.2, ""ml_cov_gate"": 0.2, ""trim_pct"": 0.1, ""ebs_pass_threshold"": 3, ""macro_weights"": {""CRITICAL"": [0.55, 0.25], ""HIGH"": [0.5, 0.3], ""NORMAL"": [0.4, 0.4]}, ""slippage_base_bps"": 10.0, ""slippage_low_liq_mult"": 3.0, ""slippage_liq_threshold_eok"": 20.0, ""liq_penalty_very_low_eok"": 5.0, ""liq_penalty_very_low_pts"": 8.0, ""liq_penalty_low_eok"": 10.0, ""liq_penalty_low_pts"": 4.0, ""time_stop_days"": 7, ""time_stop_min_move_pct"": 2.0, ""time_stop_extend_if_profit"": true, ""config_version"": ""2.0.0"", ""_snapshot_ts"": ""2026-03-11T18:59:21.533438""}",2.0.0,OK,,True,True,True,True,,,,,100.0,ATTACK
84,417200,LS머트리얼즈,KOSDAQ,IT/전기전자,17650,339.43,30000.0,0,,OVERHEAT,OVERHEAT,5,False,False,False,62.2,62.2,50.7,92.5,24.6,0.0,17650.0,15000.0,19340.0,23500.0,,1.37,2.08,15794,6.02,특이사항 없음,0,-5.07,56.9,7.15,TIMING 강점,,5일 급등,과열 (RSI/수익률),NORMAL,64.9,전자부품 제조업,33943000000.0,76.1,30.52,0,0,0.63,34.22,1.15,17.51,43.5,74.93,14.95,20.97,,0.076,0.076,1,12.0,0,0,0.95,0.73,24100.0,SWING_20D,80.0,ATR_3.5x,45.0,FIBO_1.618,25.0,v1_sl_first_gap_at_open,15.01,5.0,0.6,NORMAL+PM_BLOCK_INTRADAY+EF:정상,enter,100.0,1,-1,18744.0,11.75,0.4803,False,O,▲,16461,▲,O,X,0,0,0,0.8,250.0,0.0,1.0,1.0,1.0,0.0,전자부품 제조업,27.91866666666667,17.557333333333336,2.0,24.6,67.98826590641282,67.98826590641282,4,1,0.4,0.4,0.2,STRUCT+TIMING+AI+SECTOR,default,default,default,70.0,20260311,20260311,,62.2,62.2,62.2,35.02,22.53,0.422,,True,FALLBACK,3.0,0,,"{""lookback_days"": 250, ""bench_lookback_days"": 60, ""top_n"": 600, ""min_turnover_eok"": 50, ""min_mcap_eok"": 1000, ""max_workers"": 4, ""pass_ebs"": 4, ""cache_format"": ""parquet"", ""rsi_low"": 45.0, ""rsi_high"": 65.0, ""rsi_overheat"": 75.0, ""vol_quality_min"": 1.1, ""rsi_penalty_threshold"": 75.0, ""gap_pct_penalty_threshold"": 5.0, ""timing_attack_threshold"": 60.0, ""vol_quality_attack"": 1.3, ""bb_period"": 20, ""bb_std"": 2.0, ""bb_squeeze_bw"": 10.0, ""kc_period"": 20, ""kc_atr_period"": 20, ""kc_mult"": 1.5, ""bonus_bb_squeeze_score"": 3.0, ""bonus_bb_squeeze_entry"": 4.0, ""trigger_dist_wick_high"": 0.35, ""trigger_dist_wick_mid"": 0.25, ""trigger_ret_pct_dist"": 5.0, ""trigger_ret_pct_weak"": 3.0, ""trigger_range_pos_weak"": 0.6, ""trigger_vol_ratio_spike"": 3.0, ""mtf_struct_bonus"": 10.0, ""mtf_struct_penalty"": 15.0, ""mtf_min_weekly_bars"": 26, ""mtf_min_monthly_bars"": 12, ""w_rr"": 0.25, ""w_t1"": 0.18, ""w_sl"": 0.12, ""w_near"": 0.12, ""w_mom"": 0.1, ""w_liq"": 0.13, ""w_tec"": 0.1, ""w_sector"": 0.05, ""p_overheat_5d"": 6.0, ""p_overheat_10d"": 6.0, ""p_rsi_out"": 4.0, ""p_macd_neg"": 4.0, ""p_near_far"": 4.0, ""p_liq_low"": 4.0, ""p_vol_spike"": 2.0, ""p_big_sl"": 3.0, ""fx_caution"": 1470.0, ""fx_critical"": 1490.0, ""nasdaq_caution"": -1.5, ""nasdaq_critical"": -2.5, ""rec_limit_default"": 5, ""rec_limit_caution"": 3, ""ml_low"": 5.0, ""ml_high"": 25.0, ""ml_max_weight"": 0.2, ""ml_cov_gate"": 0.2, ""trim_pct"": 0.1, ""ebs_pass_threshold"": 3, ""macro_weights"": {""CRITICAL"": [0.55, 0.25], ""HIGH"": [0.5, 0.3], ""NORMAL"": [0.4, 0.4]}, ""slippage_base_bps"": 10.0, ""slippage_low_liq_mult"": 3.0, ""slippage_liq_threshold_eok"": 20.0, ""liq_penalty_very_low_eok"": 5.0, ""liq_penalty_very_low_pts"": 8.0, ""liq_penalty_low_eok"": 10.0, ""liq_penalty_low_pts"": 4.0, ""time_stop_days"": 7, ""time_stop_min_move_pct"": 2.0, ""time_stop_extend_if_profit"": true, ""config_version"": ""2.0.0"", ""_snapshot_ts"": ""2026-03-11T18:59:21.533438""}",2.0.0,OK,,True,True,True,True,,,,,100.0,ATTACK
85,282720,금양그린파워,KOSDAQ,기타,13850,50.64,10000.0,0,,OVERHEAT,OVERHEAT,5,False,False,False,60.9,60.9,59.6,62.8,59.8,0.0,13850.0,11770.0,16700.0,19140.0,,1.1,2.72,13221,7.16,특이사항 없음,4,-6.42,59.0,8.85,거래품질 우수,,5일 급등,과열 (RSI/수익률),NORMAL,64.9,전기 및 통신 공사업,5064000000.0,72.0,23.95,1,0,-1.77,28.84,8.29,22.24,15.42,55.1,19.68,-7.11,,0.02,0.02,1,12.0,0,0,3.13,0.56,21000.0,SWING_20D,80.0,ATR_3.5x,45.0,FIBO_1.618,25.0,v1_sl_first_gap_at_open,15.02,5.0,1.4,NORMAL+PM_BLOCK_INTRADAY+EF:정상,enter,100.0,1,1,10439.0,4.75,0.3787,False,O,▲,13058,▲,O,X,0,0,0,-1.13,250.0,0.0,1.0,1.0,1.0,0.0,전기 및 통신 공사업,15.143571428571429,3.6917857142857136,7.0,59.8,30.258939629269047,30.258939629269047,8,1,0.4,0.4,0.2,STRUCT+TIMING+AI+SECTOR,breakout,69.5,5.0,70.0,20260311,20260311,,60.9,60.9,60.9,35.02,22.53,0.409,,True,FALLBACK,3.0,0,,"{""lookback_days"": 250, ""bench_lookback_days"": 60, ""top_n"": 600, ""min_turnover_eok"": 50, ""min_mcap_eok"": 1000, ""max_workers"": 4, ""pass_ebs"": 4, ""cache_format"": ""parquet"", ""rsi_low"": 45.0, ""rsi_high"": 65.0, ""rsi_overheat"": 75.0, ""vol_quality_min"": 1.1, ""rsi_penalty_threshold"": 75.0, ""gap_pct_penalty_threshold"": 5.0, ""timing_attack_threshold"": 60.0, ""vol_quality_attack"": 1.3, ""bb_period"": 20, ""bb_std"": 2.0, ""bb_squeeze_bw"": 10.0, ""kc_period"": 20, ""kc_atr_period"": 20, ""kc_mult"": 1.5, ""bonus_bb_squeeze_score"": 3.0, ""bonus_bb_squeeze_entry"": 4.0, ""trigger_dist_wick_high"": 0.35, ""trigger_dist_wick_mid"": 0.25, ""trigger_ret_pct_dist"": 5.0, ""trigger_ret_pct_weak"": 3.0, ""trigger_range_pos_weak"": 0.6, ""trigger_vol_ratio_spike"": 3.0, ""mtf_struct_bonus"": 10.0, ""mtf_struct_penalty"": 15.0, ""mtf_min_weekly_bars"": 26, ""mtf_min_monthly_bars"": 12, ""w_rr"": 0.25, ""w_t1"": 0.18, ""w_sl"": 0.12, ""w_near"": 0.12, ""w_mom"": 0.1, ""w_liq"": 0.13, ""w_tec"": 0.1, ""w_sector"": 0.05, ""p_overheat_5d"": 6.0, ""p_overheat_10d"": 6.0, ""p_rsi_out"": 4.0, ""p_macd_neg"": 4.0, ""p_near_far"": 4.0, ""p_liq_low"": 4.0, ""p_vol_spike"": 2.0, ""p_big_sl"": 3.0, ""fx_caution"": 1470.0, ""fx_critical"": 1490.0, ""nasdaq_caution"": -1.5, ""nasdaq_critical"": -2.5, ""rec_limit_default"": 5, ""rec_limit_caution"": 3, ""ml_low"": 5.0, ""ml_high"": 25.0, ""ml_max_weight"": 0.2, ""ml_cov_gate"": 0.2, ""trim_pct"": 0.1, ""ebs_pass_threshold"": 3, ""macro_weights"": {""CRITICAL"": [0.55, 0.25], ""HIGH"": [0.5, 0.3], ""NORMAL"": [0.4, 0.4]}, ""slippage_base_bps"": 10.0, ""slippage_low_liq_mult"": 3.0, ""slippage_liq_threshold_eok"": 20.0, ""liq_penalty_very_low_eok"": 5.0, ""liq_penalty_very_low_pts"": 8.0, ""liq_penalty_low_eok"": 10.0, ""liq_penalty_low_pts"": 4.0, ""time_stop_days"": 7, ""time_stop_min_move_pct"": 2.0, ""time_stop_extend_if_profit"": true, ""config_version"": ""2.0.0"", ""_snapshot_ts"": ""2026-03-11T18:59:21.533438""}",2.0.0,OK,,True,True,True,True,,,,,100.0,ATTACK
86,441270,파인엠텍,KOSDAQ,IT/전기전자,9870,82.97,10000.0,0,,OVERHEAT,OVERHEAT,5,False,False,False,55.0,55.0,37.4,73.1,54.0,0.0,9680.0,8220.0,11990.0,13360.0,,3.21,2.07,9972,7.87,특이사항 없음,0,-15.66,46.0,3.47,TIMING 강점,,5일 급등,과열 (RSI/수익률),NORMAL,64.9,전자부품 제조업,8297000000.0,34.9,41.67,0,0,13.1,28.82,-1.83,4.94,12.22,-24.29,2.38,-10.31,,0.293,0.193,1,12.0,0,0,1.34,0.59,,SWING_20D,80.0,SWING_120D,45.0,,0.0,v1_sl_first_gap_at_open,15.08,5.0,1.6,NORMAL+PM_BLOCK_INTRADAY+EF:갭(1.7%)/급등(13.1%)/VI → 50% 분할+ENTRY:split,split,50.0,1,1,7207.0,2.18,0.4029,False,O,▲,8319,▲,O,X,0,0,0,1.66,250.0,0.0,1.0,-1.0,1.0,0.0,전자부품 제조업,27.91866666666667,17.557333333333336,2.0,54.0,53.80856251778157,53.80856251778157,6,1,0.4,0.4,0.2,STRUCT+TIMING+AI+SECTOR,default,default,default,70.0,20260311,20260311,,55.0,55.0,55.0,35.02,22.53,0.35,,True,FALLBACK,3.0,0,,"{""lookback_days"": 250, ""bench_lookback_days"": 60, ""top_n"": 600, ""min_turnover_eok"": 50, ""min_mcap_eok"": 1000, ""max_workers"": 4, ""pass_ebs"": 4, ""cache_format"": ""parquet"", ""rsi_low"": 45.0, ""rsi_high"": 65.0, ""rsi_overheat"": 75.0, ""vol_quality_min"": 1.1, ""rsi_penalty_threshold"": 75.0, ""gap_pct_penalty_threshold"": 5.0, ""timing_attack_threshold"": 60.0, ""vol_quality_attack"": 1.3, ""bb_period"": 20, ""bb_std"": 2.0, ""bb_squeeze_bw"": 10.0, ""kc_period"": 20, ""kc_atr_period"": 20, ""kc_mult"": 1.5, ""bonus_bb_squeeze_score"": 3.0, ""bonus_bb_squeeze_entry"": 4.0, ""trigger_dist_wick_high"": 0.35, ""trigger_dist_wick_mid"": 0.25, ""trigger_ret_pct_dist"": 5.0, ""trigger_ret_pct_weak"": 3.0, ""trigger_range_pos_weak"": 0.6, ""trigger_vol_ratio_spike"": 3.0, ""mtf_struct_bonus"": 10.0, ""mtf_struct_penalty"": 15.0, ""mtf_min_weekly_bars"": 26, ""mtf_min_monthly_bars"": 12, ""w_rr"": 0.25, ""w_t1"": 0.18, ""w_sl"": 0.12, ""w_near"": 0.12, ""w_mom"": 0.1, ""w_liq"": 0.13, ""w_tec"": 0.1, ""w_sector"": 0.05, ""p_overheat_5d"": 6.0, ""p_overheat_10d"": 6.0, ""p_rsi_out"": 4.0, ""p_macd_neg"": 4.0, ""p_near_far"": 4.0, ""p_liq_low"": 4.0, ""p_vol_spike"": 2.0, ""p_big_sl"": 3.0, ""fx_caution"": 1470.0, ""fx_critical"": 1490.0, ""nasdaq_caution"": -1.5, ""nasdaq_critical"": -2.5, ""rec_limit_default"": 5, ""rec_limit_caution"": 3, ""ml_low"": 5.0, ""ml_high"": 25.0, ""ml_max_weight"": 0.2, ""ml_cov_gate"": 0.2, ""trim_pct"": 0.1, ""ebs_pass_threshold"": 3, ""macro_weights"": {""CRITICAL"": [0.55, 0.25], ""HIGH"": [0.5, 0.3], ""NORMAL"": [0.4, 0.4]}, ""slippage_base_bps"": 10.0, ""slippage_low_liq_mult"": 3.0, ""slippage_liq_threshold_eok"": 20.0, ""liq_penalty_very_low_eok"": 5.0, ""liq_penalty_very_low_pts"": 8.0, ""liq_penalty_low_eok"": 10.0, ""liq_penalty_low_pts"": 4.0, ""time_stop_days"": 7, ""time_stop_min_move_pct"": 2.0, ""time_stop_extend_if_profit"": true, ""config_version"": ""2.0.0"", ""_snapshot_ts"": ""2026-03-11T18:59:21.533438""}",2.0.0,OK,,True,True,True,True,,,,,100.0,ATTACK
87,376300,디어유,KOSDAQ,IT/전기전자,40900,68.55,10000.0,0,,OVERHEAT,OVERHEAT,5,False,False,False,45.8,45.8,50.6,52.4,23.1,0.0,40250.0,35050.0,43950.0,46150.0,,2.11,1.91,38301,-3.73,특이사항 없음,0,-21.45,48.1,2.97,,,5일 급등,과열 (RSI/수익률),NORMAL,64.9,소프트웨어 개발 및 공급업,6855000000.0,55.2,32.45,0,0,3.55,28.46,-0.12,-5.77,26.28,-17.47,-8.33,3.75,,0.302,0.247,0,12.0,0,0,1.59,0.75,49850.0,SWING_20D,80.0,BB_UPPER,75.0,ATR_3.5x,45.0,v1_sl_first_gap_at_open,12.92,5.0,0.7,NORMAL+PM_BLOCK_INTRADAY+EF:정상,enter,100.0,1,1,31470.0,6.65,0.5778,False,O,▲,35166,▲,O,X,0,0,0,0.38,250.0,0.0,1.0,-1.0,1.0,0.0,소프트웨어 개발 및 공급업,27.91866666666667,17.557333333333336,2.0,23.1,49.0,49.0,6,1,0.4,0.4,0.2,STRUCT+TIMING+AI+SECTOR,default,default,default,70.0,20260311,20260311,,45.8,45.8,45.8,35.02,22.53,0.3,,True,FALLBACK,3.0,0,,"{""lookback_days"": 250, ""bench_lookback_days"": 60, ""top_n"": 600, ""min_turnover_eok"": 50, ""min_mcap_eok"": 1000, ""max_workers"": 4, ""pass_ebs"": 4, ""cache_format"": ""parquet"", ""rsi_low"": 45.0, ""rsi_high"": 65.0, ""rsi_overheat"": 75.0, ""vol_quality_min"": 1.1, ""rsi_penalty_threshold"": 75.0, ""gap_pct_penalty_threshold"": 5.0, ""timing_attack_threshold"": 60.0, ""vol_quality_attack"": 1.3, ""bb_period"": 20, ""bb_std"": 2.0, ""bb_squeeze_bw"": 10.0, ""kc_period"": 20, ""kc_atr_period"": 20, ""kc_mult"": 1.5, ""bonus_bb_squeeze_score"": 3.0, ""bonus_bb_squeeze_entry"": 4.0, ""trigger_dist_wick_high"": 0.35, ""trigger_dist_wick_mid"": 0.25, ""trigger_ret_pct_dist"": 5.0, ""trigger_ret_pct_weak"": 3.0, ""trigger_range_pos_weak"": 0.6, ""trigger_vol_ratio_spike"": 3.0, ""mtf_struct_bonus"": 10.0, ""mtf_struct_penalty"": 15.0, ""mtf_min_weekly_bars"": 26, ""mtf_min_monthly_bars"": 12, ""w_rr"": 0.25, ""w_t1"": 0.18, ""w_sl"": 0.12, ""w_near"": 0.12, ""w_mom"": 0.1, ""w_liq"": 0.13, ""w_tec"": 0.1, ""w_sector"": 0.05, ""p_overheat_5d"": 6.0, ""p_overheat_10d"": 6.0, ""p_rsi_out"": 4.0, ""p_macd_neg"": 4.0, ""p_near_far"": 4.0, ""p_liq_low"": 4.0, ""p_vol_spike"": 2.0, ""p_big_sl"": 3.0, ""fx_caution"": 1470.0, ""fx_critical"": 1490.0, ""nasdaq_caution"": -1.5, ""nasdaq_critical"": -2.5, ""rec_limit_default"": 5, ""rec_limit_caution"": 3, ""ml_low"": 5.0, ""ml_high"": 25.0, ""ml_max_weight"": 0.2, ""ml_cov_gate"": 0.2, ""trim_pct"": 0.1, ""ebs_pass_threshold"": 3, ""macro_weights"": {""CRITICAL"": [0.55, 0.25], ""HIGH"": [0.5, 0.3], ""NORMAL"": [0.4, 0.4]}, ""slippage_base_bps"": 10.0, ""slippage_low_liq_mult"": 3.0, ""slippage_liq_threshold_eok"": 20.0, ""liq_penalty_very_low_eok"": 5.0, ""liq_penalty_very_low_pts"": 8.0, ""liq_penalty_low_eok"": 10.0, ""liq_penalty_low_pts"": 4.0, ""time_stop_days"": 7, ""time_stop_min_move_pct"": 2.0, ""time_stop_extend_if_profit"": true, ""config_version"": ""2.0.0"", ""_snapshot_ts"": ""2026-03-11T18:59:21.533438""}",2.0.0,OK,,True,True,True,True,,,,,100.0,ATTACK
88,468530,프로티나,KOSDAQ,기타,77700,137.83,10000.0,0,,OVERHEAT,OVERHEAT,5,False,False,False,40.8,40.8,50.1,21.3,61.3,0.0,77000.0,65400.0,83900.0,120100.0,,0.49,1.77,92427,175.52,특이사항 없음,0,-7.73,55.3,5.3,,,5일 급등,과열 (RSI/수익률),NORMAL,64.9,자연과학 및 공학 연구개발업,13783000000.0,74.4,25.42,0,0,6.98,26.13,-1.64,0.13,-14.81,193.98,-2.43,-37.34,,0.281,0.033,1,12.0,1,0,1.53,0.75,,SWING_20D,80.0,SWING_60D,60.0,,0.0,v1_sl_first_gap_at_open,15.06,5.0,0.6,NORMAL+PM_BLOCK_INTRADAY+EF:갭(7.8%)/급등(7.0%)/VI → 50% 분할+ENTRY:split,split,50.0,1,-1,84180.0,-15.39,0.1538,False,X,▲,73757,▲,O,X,0,0,0,7.8,149.0,0.0,1.0,0.0,0.0,0.0,자연과학 및 공학 연구개발업,15.143571428571429,3.6917857142857136,7.0,61.3,28.214003778291705,28.214003778291705,6,1,0.4,0.4,0.2,STRUCT+TIMING+AI+SECTOR,default,default,default,70.0,20260311,20260311,,40.8,40.8,40.8,35.02,22.53,0.3,,True,FALLBACK,3.0,0,,"{""lookback_days"": 250, ""bench_lookback_days"": 60, ""top_n"": 600, ""min_turnover_eok"": 50, ""min_mcap_eok"": 1000, ""max_workers"": 4, ""pass_ebs"": 4, ""cache_format"": ""parquet"", ""rsi_low"": 45.0, ""rsi_high"": 65.0, ""rsi_overheat"": 75.0, ""vol_quality_min"": 1.1, ""rsi_penalty_threshold"": 75.0, ""gap_pct_penalty_threshold"": 5.0, ""timing_attack_threshold"": 60.0, ""vol_quality_attack"": 1.3, ""bb_period"": 20, ""bb_std"": 2.0, ""bb_squeeze_bw"": 10.0, ""kc_period"": 20, ""kc_atr_period"": 20, ""kc_mult"": 1.5, ""bonus_bb_squeeze_score"": 3.0, ""bonus_bb_squeeze_entry"": 4.0, ""trigger_dist_wick_high"": 0.35, ""trigger_dist_wick_mid"": 0.25, ""trigger_ret_pct_dist"": 5.0, ""trigger_ret_pct_weak"": 3.0, ""trigger_range_pos_weak"": 0.6, ""trigger_vol_ratio_spike"": 3.0, ""mtf_struct_bonus"": 10.0, ""mtf_struct_penalty"": 15.0, ""mtf_min_weekly_bars"": 26, ""mtf_min_monthly_bars"": 12, ""w_rr"": 0.25, ""w_t1"": 0.18, ""w_sl"": 0.12, ""w_near"": 0.12, ""w_mom"": 0.1, ""w_liq"": 0.13, ""w_tec"": 0.1, ""w_sector"": 0.05, ""p_overheat_5d"": 6.0, ""p_overheat_10d"": 6.0, ""p_rsi_out"": 4.0, ""p_macd_neg"": 4.0, ""p_near_far"": 4.0, ""p_liq_low"": 4.0, ""p_vol_spike"": 2.0, ""p_big_sl"": 3.0, ""fx_caution"": 1470.0, ""fx_critical"": 1490.0, ""nasdaq_caution"": -1.5, ""nasdaq_critical"": -2.5, ""rec_limit_default"": 5, ""rec_limit_caution"": 3, ""ml_low"": 5.0, ""ml_high"": 25.0, ""ml_max_weight"": 0.2, ""ml_cov_gate"": 0.2, ""trim_pct"": 0.1, ""ebs_pass_threshold"": 3, ""macro_weights"": {""CRITICAL"": [0.55, 0.25], ""HIGH"": [0.5, 0.3], ""NORMAL"": [0.4, 0.4]}, ""slippage_base_bps"": 10.0, ""slippage_low_liq_mult"": 3.0, ""slippage_liq_threshold_eok"": 20.0, ""liq_penalty_very_low_eok"": 5.0, ""liq_penalty_very_low_pts"": 8.0, ""liq_penalty_low_eok"": 10.0, ""liq_penalty_low_pts"": 4.0, ""time_stop_days"": 7, ""time_stop_min_move_pct"": 2.0, ""time_stop_extend_if_profit"": true, ""config_version"": ""2.0.0"", ""_snapshot_ts"": ""2026-03-11T18:59:21.533438""}",2.0.0,OK,,True,True,True,True,,,,,100.0,ATTACK
89,361390,제노코,KOSDAQ,IT/전기전자,28600,139.88,10000.0,0,,OVERHEAT,OVERHEAT,5,False,False,False,38.8,38.8,46.8,23.8,52.9,0.0,28150.0,23900.0,33300.0,37150.0,,2.03,0.87,25849,13.19,특이사항 없음,0,-9.58,42.4,3.77,,,5일 급등,과열 (RSI/수익률),NORMAL,64.9,통신 및 방송 장비 제조업,13988000000.0,38.8,32.62,0,0,6.72,31.19,0.35,9.16,98.75,75.25,6.6,76.22,,0.073,0.073,1,12.0,0,0,1.57,0.59,38550.0,SWING_20D,80.0,ATR_3.5x,45.0,FIBO_1.272,40.0,v1_sl_first_gap_at_open,15.1,5.0,1.2,NORMAL+PM_BLOCK_INTRADAY+EF:정상,enter,100.0,1,-1,31210.0,10.64,0.4461,False,O,▲,25076,▲,O,X,0,0,0,2.61,250.0,0.0,1.0,1.0,1.0,0.0,통신 및 방송 장비 제조업,27.91866666666667,17.557333333333336,2.0,52.9,9.654360733286088,9.654360733286088,4,1,0.4,0.4,0.2,STRUCT+TIMING+AI+SECTOR,default,default,default,70.0,20260311,20260311,,38.8,38.8,38.8,35.02,22.53,0.3,,True,FALLBACK,3.0,0,,"{""lookback_days"": 250, ""bench_lookback_days"": 60, ""top_n"": 600, ""min_turnover_eok"": 50, ""min_mcap_eok"": 1000, ""max_workers"": 4, ""pass_ebs"": 4, ""cache_format"": ""parquet"", ""rsi_low"": 45.0, ""rsi_high"": 65.0, ""rsi_overheat"": 75.0, ""vol_quality_min"": 1.1, ""rsi_penalty_threshold"": 75.0, ""gap_pct_penalty_threshold"": 5.0, ""timing_attack_threshold"": 60.0, ""vol_quality_attack"": 1.3, ""bb_period"": 20, ""bb_std"": 2.0, ""bb_squeeze_bw"": 10.0, ""kc_period"": 20, ""kc_atr_period"": 20, ""kc_mult"": 1.5, ""bonus_bb_squeeze_score"": 3.0, ""bonus_bb_squeeze_entry"": 4.0, ""trigger_dist_wick_high"": 0.35, ""trigger_dist_wick_mid"": 0.25, ""trigger_ret_pct_dist"": 5.0, ""trigger_ret_pct_weak"": 3.0, ""trigger_range_pos_weak"": 0.6, ""trigger_vol_ratio_spike"": 3.0, ""mtf_struct_bonus"": 10.0, ""mtf_struct_penalty"": 15.0, ""mtf_min_weekly_bars"": 26, ""mtf_min_monthly_bars"": 12, ""w_rr"": 0.25, ""w_t1"": 0.18, ""w_sl"": 0.12, ""w_near"": 0.12, ""w_mom"": 0.1, ""w_liq"": 0.13, ""w_tec"": 0.1, ""w_sector"": 0.05, ""p_overheat_5d"": 6.0, ""p_overheat_10d"": 6.0, ""p_rsi_out"": 4.0, ""p_macd_neg"": 4.0, ""p_near_far"": 4.0, ""p_liq_low"": 4.0, ""p_vol_spike"": 2.0, ""p_big_sl"": 3.0, ""fx_caution"": 1470.0, ""fx_critical"": 1490.0, ""nasdaq_caution"": -1.5, ""nasdaq_critical"": -2.5, ""rec_limit_default"": 5, ""rec_limit_caution"": 3, ""ml_low"": 5.0, ""ml_high"": 25.0, ""ml_max_weight"": 0.2, ""ml_cov_gate"": 0.2, ""trim_pct"": 0.1, ""ebs_pass_threshold"": 3, ""macro_weights"": {""CRITICAL"": [0.55, 0.25], ""HIGH"": [0.5, 0.3], ""NORMAL"": [0.4, 0.4]}, ""slippage_base_bps"": 10.0, ""slippage_low_liq_mult"": 3.0, ""slippage_liq_threshold_eok"": 20.0, ""liq_penalty_very_low_eok"": 5.0, ""liq_penalty_very_low_pts"": 8.0, ""liq_penalty_low_eok"": 10.0, ""liq_penalty_low_pts"": 4.0, ""time_stop_days"": 7, ""time_stop_min_move_pct"": 2.0, ""time_stop_extend_if_profit"": true, ""config_version"": ""2.0.0"", ""_snapshot_ts"": ""2026-03-11T18:59:21.533438""}",2.0.0,OK,,True,True,True,True,,,,,100.0,ATTACK
90,475580,에이럭스,KOSDAQ,기타,10440,151.25,10000.0,0,,OVERHEAT,OVERHEAT,5,False,False,False,34.9,34.9,26.1,48.0,26.1,0.0,10040.0,8630.0,11000.0,12950.0,,1.87,4.58,10061,3.07,특이사항 없음,5,-8.2,59.5,11.13,,,5일 급등,과열 (RSI/수익률),NORMAL,64.9,그외 기타 제품 제조업,15125000000.0,84.7,19.68,1,0,16.13,26.24,10.01,10.59,8.3,-10.08,8.03,-14.23,,0.494,0.237,1,12.0,1,1,1.22,0.8,,SWING_20D,80.0,SWING_120D,45.0,,0.0,v1_sl_first_gap_at_open,14.04,5.0,0.7,NORMAL+PM_BLOCK_INTRADAY+EF:극단갭(7.3%)/급등(16.1%) → 진입 보류+ENTRY:hold,hold,0.0,1,-1,10448.0,3.77,0.2219,False,O,▼,9088,▲,O,X,0,0,0,7.34,250.0,0.0,-1.0,-1.0,1.0,0.0,그외 기타 제품 제조업,15.143571428571429,3.6917857142857136,7.0,26.1,43.22735229363959,43.22735229363959,8,1,0.4,0.4,0.2,STRUCT+TIMING+AI+SECTOR,default,default,default,70.0,20260311,20260311,,34.9,34.9,34.9,35.02,22.53,0.3,,True,FALLBACK,3.0,0,,"{""lookback_days"": 250, ""bench_lookback_days"": 60, ""top_n"": 600, ""min_turnover_eok"": 50, ""min_mcap_eok"": 1000, ""max_workers"": 4, ""pass_ebs"": 4, ""cache_format"": ""parquet"", ""rsi_low"": 45.0, ""rsi_high"": 65.0, ""rsi_overheat"": 75.0, ""vol_quality_min"": 1.1, ""rsi_penalty_threshold"": 75.0, ""gap_pct_penalty_threshold"": 5.0, ""timing_attack_threshold"": 60.0, ""vol_quality_attack"": 1.3, ""bb_period"": 20, ""bb_std"": 2.0, ""bb_squeeze_bw"": 10.0, ""kc_period"": 20, ""kc_atr_period"": 20, ""kc_mult"": 1.5, ""bonus_bb_squeeze_score"": 3.0, ""bonus_bb_squeeze_entry"": 4.0, ""trigger_dist_wick_high"": 0.35, ""trigger_dist_wick_mid"": 0.25, ""trigger_ret_pct_dist"": 5.0, ""trigger_ret_pct_weak"": 3.0, ""trigger_range_pos_weak"": 0.6, ""trigger_vol_ratio_spike"": 3.0, ""mtf_struct_bonus"": 10.0, ""mtf_struct_penalty"": 15.0, ""mtf_min_weekly_bars"": 26, ""mtf_min_monthly_bars"": 12, ""w_rr"": 0.25, ""w_t1"": 0.18, ""w_sl"": 0.12, ""w_near"": 0.12, ""w_mom"": 0.1, ""w_liq"": 0.13, ""w_tec"": 0.1, ""w_sector"": 0.05, ""p_overheat_5d"": 6.0, ""p_overheat_10d"": 6.0, ""p_rsi_out"": 4.0, ""p_macd_neg"": 4.0, ""p_near_far"": 4.0, ""p_liq_low"": 4.0, ""p_vol_spike"": 2.0, ""p_big_sl"": 3.0, ""fx_caution"": 1470.0, ""fx_critical"": 1490.0, ""nasdaq_caution"": -1.5, ""nasdaq_critical"": -2.5, ""rec_limit_default"": 5, ""rec_limit_caution"": 3, ""ml_low"": 5.0, ""ml_high"": 25.0, ""ml_max_weight"": 0.2, ""ml_cov_gate"": 0.2, ""trim_pct"": 0.1, ""ebs_pass_threshold"": 3, ""macro_weights"": {""CRITICAL"": [0.55, 0.25], ""HIGH"": [0.5, 0.3], ""NORMAL"": [0.4, 0.4]}, ""slippage_base_bps"": 10.0, ""slippage_low_liq_mult"": 3.0, ""slippage_liq_threshold_eok"": 20.0, ""liq_penalty_very_low_eok"": 5.0, ""liq_penalty_very_low_pts"": 8.0, ""liq_penalty_low_eok"": 10.0, ""liq_penalty_low_pts"": 4.0, ""time_stop_days"": 7, ""time_stop_min_move_pct"": 2.0, ""time_stop_extend_if_profit"": true, ""config_version"": ""2.0.0"", ""_snapshot_ts"": ""2026-03-11T18:59:21.533438""}",2.0.0,OK,,True,True,True,True,,,,,100.0,ATTACK
91,451760,컨텍,KOSDAQ,IT/전기전자,17670,104.21,10000.0,0,,OVERHEAT,OVERHEAT,5,False,False,False,16.0,16.0,4.8,0.0,70.3,0.0,17400.0,14790.0,26350.0,31400.0,,1.65,0.59,17379,-14.55,특이사항 없음,0,-19.06,37.1,-6.18,AI 강점,,5일 급등,과열 (RSI/수익률),NORMAL,64.9,"컴퓨터 프로그래밍, 시스템 통합 및 관리업",10421000000.0,29.3,51.46,0,0,3.03,25.77,-1.67,-5.0,125.1,106.43,-7.56,102.57,,0.466,0.119,0,12.0,0,0,2.59,0.31,37800.0,SWING_20D,80.0,FIBO_1.272,40.0,FIBO_1.618,25.0,v1_sl_first_gap_at_open,15.0,5.0,3.4,NORMAL+PM_BLOCK_INTRADAY+EF:정상,enter,100.0,0,-1,19902.0,1.67,0.6851,False,O,▲,15552,▲,O,X,0,0,0,0.35,250.0,0.0,1.0,1.0,1.0,0.0,"컴퓨터 프로그래밍, 시스템 통합 및 관리업",27.91866666666667,17.557333333333336,2.0,70.3,2.8719677638696783,2.8719677638696783,4,1,0.4,0.4,0.2,STRUCT+TIMING+AI+SECTOR,default,default,default,70.0,20260311,20260311,,16.0,16.0,16.0,35.02,22.53,0.3,,True,FALLBACK,3.0,0,,"{""lookback_days"": 250, ""bench_lookback_days"": 60, ""top_n"": 600, ""min_turnover_eok"": 50, ""min_mcap_eok"": 1000, ""max_workers"": 4, ""pass_ebs"": 4, ""cache_format"": ""parquet"", ""rsi_low"": 45.0, ""rsi_high"": 65.0, ""rsi_overheat"": 75.0, ""vol_quality_min"": 1.1, ""rsi_penalty_threshold"": 75.0, ""gap_pct_penalty_threshold"": 5.0, ""timing_attack_threshold"": 60.0, ""vol_quality_attack"": 1.3, ""bb_period"": 20, ""bb_std"": 2.0, ""bb_squeeze_bw"": 10.0, ""kc_period"": 20, ""kc_atr_period"": 20, ""kc_mult"": 1.5, ""bonus_bb_squeeze_score"": 3.0, ""bonus_bb_squeeze_entry"": 4.0, ""trigger_dist_wick_high"": 0.35, ""trigger_dist_wick_mid"": 0.25, ""trigger_ret_pct_dist"": 5.0, ""trigger_ret_pct_weak"": 3.0, ""trigger_range_pos_weak"": 0.6, ""trigger_vol_ratio_spike"": 3.0, ""mtf_struct_bonus"": 10.0, ""mtf_struct_penalty"": 15.0, ""mtf_min_weekly_bars"": 26, ""mtf_min_monthly_bars"": 12, ""w_rr"": 0.25, ""w_t1"": 0.18, ""w_sl"": 0.12, ""w_near"": 0.12, ""w_mom"": 0.1, ""w_liq"": 0.13, ""w_tec"": 0.1, ""w_sector"": 0.05, ""p_overheat_5d"": 6.0, ""p_overheat_10d"": 6.0, ""p_rsi_out"": 4.0, ""p_macd_neg"": 4.0, ""p_near_far"": 4.0, ""p_liq_low"": 4.0, ""p_vol_spike"": 2.0, ""p_big_sl"": 3.0, ""fx_caution"": 1470.0, ""fx_critical"": 1490.0, ""nasdaq_caution"": -1.5, ""nasdaq_critical"": -2.5, ""rec_limit_default"": 5, ""rec_limit_caution"": 3, ""ml_low"": 5.0, ""ml_high"": 25.0, ""ml_max_weight"": 0.2, ""ml_cov_gate"": 0.2, ""trim_pct"": 0.1, ""ebs_pass_threshold"": 3, ""macro_weights"": {""CRITICAL"": [0.55, 0.25], ""HIGH"": [0.5, 0.3], ""NORMAL"": [0.4, 0.4]}, ""slippage_base_bps"": 10.0, ""slippage_low_liq_mult"": 3.0, ""slippage_liq_threshold_eok"": 20.0, ""liq_penalty_very_low_eok"": 5.0, ""liq_penalty_very_low_pts"": 8.0, ""liq_penalty_low_eok"": 10.0, ""liq_penalty_low_pts"": 4.0, ""time_stop_days"": 7, ""time_stop_min_move_pct"": 2.0, ""time_stop_extend_if_profit"": true, ""config_version"": ""2.0.0"", ""_snapshot_ts"": ""2026-03-11T18:59:21.533438""}",2.0.0,OK,,True,True,True,True,,,,,100.0,ATTACK
92,388790,라이콤,KOSDAQ,IT/전기전자,4395,110.43,10000.0,780,249.8,CARRY,CARRY,7,False,False,False,91.7,90.9,95.0,96.5,71.7,0.8,3200.0,2720.0,3825.0,3940.0,🚀급등시동,1.18,1.78,2896,55.34,[뉴스]코스피가 5% 급등하며 통신주가 상승을 이끌어 라이콤을 포함한 통신 관련 기업들에 긍정적인 투자 심리가 형성되고 있습니다.,1,15.11,60.3,25.46,TIMING 강점,STRUCT 보조,,기술적 돌파 조건 충족,NORMAL,64.9,통신 및 방송 장비 제조업,11043000000.0,74.6,37.83,0,0,29.88,14.35,28.57,44.34,53.0,64.16,41.78,30.47,,0.0,0.0,1,12.0,1,0,2.57,1.0,4495.0,SWING_20D,80.0,ATR_2x,70.0,ATR_3.5x,45.0,v1_sl_first_gap_at_open,15.0,5.0,1.3,NORMAL+PM_BLOCK_INTRADAY+EF:극단갭(2.5%)/급등(29.9%) → 진입 보류+ENTRY:hold,hold,0.0,1,1,2513.0,32.07,0.067,False,O,▲,3267,▲,O,X,0,0,0,2.55,250.0,1.0,1.0,1.0,1.0,0.0,통신 및 방송 장비 제조업,5.254666666666666,7.924000000000001,3.0,71.7,65.23882443299362,65.23882443299362,8,1,0.4,0.4,0.2,STRUCT+TIMING+AI+SECTOR,default,default,default,60.0,20260311,20260310, 📢재료: [뉴스]코스피가 5% 급등하며 통신주가 상승을 이끌어 라이콤을 포함한 통신 관련 기업들에 긍정적인 투자 심리가 형성되고 있습니다.,91.7,91.7,91.7,35.02,22.53,0.717,,False,FALLBACK,3.0,2498280,780.0,"{""lookback_days"": 250, ""bench_lookback_days"": 60, ""top_n"": 600, ""min_turnover_eok"": 50, ""min_mcap_eok"": 1000, ""max_workers"": 4, ""pass_ebs"": 4, ""cache_format"": ""parquet"", ""rsi_low"": 45.0, ""rsi_high"": 65.0, ""rsi_overheat"": 75.0, ""vol_quality_min"": 1.1, ""rsi_penalty_threshold"": 75.0, ""gap_pct_penalty_threshold"": 5.0, ""timing_attack_threshold"": 60.0, ""vol_quality_attack"": 1.3, ""bb_period"": 20, ""bb_std"": 2.0, ""bb_squeeze_bw"": 10.0, ""kc_period"": 20, ""kc_atr_period"": 20, ""kc_mult"": 1.5, ""bonus_bb_squeeze_score"": 3.0, ""bonus_bb_squeeze_entry"": 4.0, ""trigger_dist_wick_high"": 0.35, ""trigger_dist_wick_mid"": 0.25, ""trigger_ret_pct_dist"": 5.0, ""trigger_ret_pct_weak"": 3.0, ""trigger_range_pos_weak"": 0.6, ""trigger_vol_ratio_spike"": 3.0, ""mtf_struct_bonus"": 10.0, ""mtf_struct_penalty"": 15.0, ""mtf_min_weekly_bars"": 26, ""mtf_min_monthly_bars"": 12, ""w_rr"": 0.25, ""w_t1"": 0.18, ""w_sl"": 0.12, ""w_near"": 0.12, ""w_mom"": 0.1, ""w_liq"": 0.13, ""w_tec"": 0.1, ""w_sector"": 0.05, ""p_overheat_5d"": 6.0, ""p_overheat_10d"": 6.0, ""p_rsi_out"": 4.0, ""p_macd_neg"": 4.0, ""p_near_far"": 4.0, ""p_liq_low"": 4.0, ""p_vol_spike"": 2.0, ""p_big_sl"": 3.0, ""fx_caution"": 1470.0, ""fx_critical"": 1490.0, ""nasdaq_caution"": -1.5, ""nasdaq_critical"": -2.5, ""rec_limit_default"": 5, ""rec_limit_caution"": 3, ""ml_low"": 5.0, ""ml_high"": 25.0, ""ml_max_weight"": 0.2, ""ml_cov_gate"": 0.2, ""trim_pct"": 0.1, ""ebs_pass_threshold"": 3, ""macro_weights"": {""CRITICAL"": [0.55, 0.25], ""HIGH"": [0.5, 0.3], ""NORMAL"": [0.4, 0.4]}, ""slippage_base_bps"": 10.0, ""slippage_low_liq_mult"": 3.0, ""slippage_liq_threshold_eok"": 20.0, ""liq_penalty_very_low_eok"": 5.0, ""liq_penalty_very_low_pts"": 8.0, ""liq_penalty_low_eok"": 10.0, ""liq_penalty_low_pts"": 4.0, ""time_stop_days"": 7, ""time_stop_min_move_pct"": 2.0, ""time_stop_extend_if_profit"": true, ""config_version"": ""2.0.0"", ""_snapshot_ts"": ""2026-03-11T18:59:21.533438""}",2.0.0,OK,,True,True,True,True,20260310.0,1.0,False,0.0,100.0,ATTACK
93,476060,온코닉테라퓨틱스,KOSDAQ,기타,21450,293.04,0.0,94,193.6,CARRY,CARRY,7,False,False,False,74.0,74.0,90.1,56.6,76.4,,20550.0,19520.0,23650.0,24200.0,,0.62,0.86,20365,90.9,DATA_UNAVAILABLE,0,12.81,59.5,5.28,,,,,NORMAL,64.9,자연과학 및 공학 연구개발업,29304000000.0,75.4,57.84,0,0,-12.55,4.95,14.74,6.2,-0.96,208.47,,,,0.141,0.136,1,12.0,1,0,2.86,0.36,,,,,,,,v1_sl_first_gap_at_open,5.01,5.0,3.0,NORMAL+PM_BLOCK_INTRADAY+EST_MCAP+EF:정상,enter,100.0,1,-1,28830.0,0.91,-0.2084,False,O,▲,23835,▲,X,X,0,0,0,,,,,,,0.0,자연과학 및 공학 연구개발업,0.5794594594594594,,,76.4,48.82859626677894,48.82859626677894,6,1,,,,,default,default,default,,20260311,20260303,,74.0,74.0,74.0,,,0.54,,False,,,1935806,94.0,"{""lookback_days"": 250, ""bench_lookback_days"": 60, ""top_n"": 600, ""min_turnover_eok"": 50, ""min_mcap_eok"": 1000, ""max_workers"": 4, ""pass_ebs"": 4, ""cache_format"": ""parquet"", ""rsi_low"": 45.0, ""rsi_high"": 65.0, ""rsi_overheat"": 75.0, ""vol_quality_min"": 1.1, ""rsi_penalty_threshold"": 75.0, ""gap_pct_penalty_threshold"": 5.0, ""timing_attack_threshold"": 60.0, ""vol_quality_attack"": 1.3, ""bb_period"": 20, ""bb_std"": 2.0, ""bb_squeeze_bw"": 10.0, ""kc_period"": 20, ""kc_atr_period"": 20, ""kc_mult"": 1.5, ""bonus_bb_squeeze_score"": 3.0, ""bonus_bb_squeeze_entry"": 4.0, ""trigger_dist_wick_high"": 0.35, ""trigger_dist_wick_mid"": 0.25, ""trigger_ret_pct_dist"": 5.0, ""trigger_ret_pct_weak"": 3.0, ""trigger_range_pos_weak"": 0.6, ""trigger_vol_ratio_spike"": 3.0, ""mtf_struct_bonus"": 10.0, ""mtf_struct_penalty"": 15.0, ""mtf_min_weekly_bars"": 26, ""mtf_min_monthly_bars"": 12, ""w_rr"": 0.25, ""w_t1"": 0.18, ""w_sl"": 0.12, ""w_near"": 0.12, ""w_mom"": 0.1, ""w_liq"": 0.13, ""w_tec"": 0.1, ""w_sector"": 0.05, ""p_overheat_5d"": 6.0, ""p_overheat_10d"": 6.0, ""p_rsi_out"": 4.0, ""p_macd_neg"": 4.0, ""p_near_far"": 4.0, ""p_liq_low"": 4.0, ""p_vol_spike"": 2.0, ""p_big_sl"": 3.0, ""fx_caution"": 1470.0, ""fx_critical"": 1490.0, ""nasdaq_caution"": -1.5, ""nasdaq_critical"": -2.5, ""rec_limit_default"": 5, ""rec_limit_caution"": 3, ""ml_low"": 5.0, ""ml_high"": 25.0, ""ml_max_weight"": 0.2, ""ml_cov_gate"": 0.2, ""trim_pct"": 0.1, ""ebs_pass_threshold"": 3, ""macro_weights"": {""CRITICAL"": [0.55, 0.25], ""HIGH"": [0.5, 0.3], ""NORMAL"": [0.4, 0.4]}, ""slippage_base_bps"": 10.0, ""slippage_low_liq_mult"": 3.0, ""slippage_liq_threshold_eok"": 20.0, ""liq_penalty_very_low_eok"": 5.0, ""liq_penalty_very_low_pts"": 8.0, ""liq_penalty_low_eok"": 10.0, ""liq_penalty_low_pts"": 4.0, ""time_stop_days"": 7, ""time_stop_min_move_pct"": 2.0, ""time_stop_extend_if_profit"": true, ""config_version"": ""2.0.0"", ""_snapshot_ts"": ""2026-03-11T18:59:21.533438""}",2.0.0,OK,,True,True,True,True,20260310.0,1.0,False,0.0,100.0,ATTACK
94,323350,다원넥스뷰,KOSDAQ,조선·기계·설비,15000,67.03,0.0,130,176.0,CARRY,CARRY,7,False,False,False,71.4,71.4,83.6,77.6,34.7,,13520.0,12830.0,15590.0,15940.0,,-1.11,1.2,9359,126.27,DATA_UNAVAILABLE,0,53.65,65.8,15.99,,,,,NORMAL,64.9,특수 목적용 기계 제조업,6703000000.0,73.5,96.03,0,0,2.26,-12.94,15.29,77.11,148.42,122.17,,,,0.051,0.051,1,12.0,0,0,2.0,0.64,,,,,,,,v1_sl_first_gap_at_open,5.1,5.0,3.0,NORMAL+PM_BLOCK_INTRADAY+EST_MCAP+EF:정상,enter,100.0,1,1,11858.0,59.52,-1.1929,False,O,▲,17219,▼,X,X,0,0,0,,,,,,,0.0,특수 목적용 기계 제조업,-1.14,,,34.7,60.0,60.0,6,1,,,,,default,default,default,,20260311,20260303,,71.4,71.4,71.4,,,0.514,,False,,,1760000,130.0,"{""lookback_days"": 250, ""bench_lookback_days"": 60, ""top_n"": 600, ""min_turnover_eok"": 50, ""min_mcap_eok"": 1000, ""max_workers"": 4, ""pass_ebs"": 4, ""cache_format"": ""parquet"", ""rsi_low"": 45.0, ""rsi_high"": 65.0, ""rsi_overheat"": 75.0, ""vol_quality_min"": 1.1, ""rsi_penalty_threshold"": 75.0, ""gap_pct_penalty_threshold"": 5.0, ""timing_attack_threshold"": 60.0, ""vol_quality_attack"": 1.3, ""bb_period"": 20, ""bb_std"": 2.0, ""bb_squeeze_bw"": 10.0, ""kc_period"": 20, ""kc_atr_period"": 20, ""kc_mult"": 1.5, ""bonus_bb_squeeze_score"": 3.0, ""bonus_bb_squeeze_entry"": 4.0, ""trigger_dist_wick_high"": 0.35, ""trigger_dist_wick_mid"": 0.25, ""trigger_ret_pct_dist"": 5.0, ""trigger_ret_pct_weak"": 3.0, ""trigger_range_pos_weak"": 0.6, ""trigger_vol_ratio_spike"": 3.0, ""mtf_struct_bonus"": 10.0, ""mtf_struct_penalty"": 15.0, ""mtf_min_weekly_bars"": 26, ""mtf_min_monthly_bars"": 12, ""w_rr"": 0.25, ""w_t1"": 0.18, ""w_sl"": 0.12, ""w_near"": 0.12, ""w_mom"": 0.1, ""w_liq"": 0.13, ""w_tec"": 0.1, ""w_sector"": 0.05, ""p_overheat_5d"": 6.0, ""p_overheat_10d"": 6.0, ""p_rsi_out"": 4.0, ""p_macd_neg"": 4.0, ""p_near_far"": 4.0, ""p_liq_low"": 4.0, ""p_vol_spike"": 2.0, ""p_big_sl"": 3.0, ""fx_caution"": 1470.0, ""fx_critical"": 1490.0, ""nasdaq_caution"": -1.5, ""nasdaq_critical"": -2.5, ""rec_limit_default"": 5, ""rec_limit_caution"": 3, ""ml_low"": 5.0, ""ml_high"": 25.0, ""ml_max_weight"": 0.2, ""ml_cov_gate"": 0.2, ""trim_pct"": 0.1, ""ebs_pass_threshold"": 3, ""macro_weights"": {""CRITICAL"": [0.55, 0.25], ""HIGH"": [0.5, 0.3], ""NORMAL"": [0.4, 0.4]}, ""slippage_base_bps"": 10.0, ""slippage_low_liq_mult"": 3.0, ""slippage_liq_threshold_eok"": 20.0, ""liq_penalty_very_low_eok"": 5.0, ""liq_penalty_very_low_pts"": 8.0, ""liq_penalty_low_eok"": 10.0, ""liq_penalty_low_pts"": 4.0, ""time_stop_days"": 7, ""time_stop_min_move_pct"": 2.0, ""time_stop_extend_if_profit"": true, ""config_version"": ""2.0.0"", ""_snapshot_ts"": ""2026-03-11T18:59:21.533438""}",2.0.0,OK,,True,True,True,True,20260310.0,1.0,False,0.0,100.0,ATTACK
