종목코드,종목명,시장,업종,업종_상세,업종_대분류,종가,거래대금(억원),시가총액(억원),추천매수가,손절가,추천매도가1,추천매도가2,RANK_SCORE,LDY_SCORE,ENTRY_SCORE,NEWS_SCORE,NEWS_REASON,ROUTE,REGIME,ret_20d_%,ret_120d_%,rel_20d_%,rel_60d_%,rel_120d_%,TTM_SQUEEZE_CNT,NORM_RR,NORM_T1,NORM_SL,NORM_NEAR,NORM_MOM,NORM_LIQ,NORM_TEC,RSI14,MFI14,이격도,VWAP,VWAP_GAP,캔들패턴,MACD_Hist,MACD_Slope_PCT,거래강도,V_POWER,SUPERTREND_VAL,SUPERTREND_DIR,BB_BW,BB_SQUEEZE_BW,TTM_SQUEEZE,BB_SQUEEZE,Above_MA20,IS_SWING_SUPPORT,ret_5d_%,ret_10d_%,ret_60d_%,주봉20선_상회,주봉추세,EBS,통과,근거,ATR_MULT,추천수량,추천금액(만원),HMA20,HMA_Trend,HMA_On,OBV_Div,SECTOR_RET_5D,SECTOR_RS,SECTOR_RANK,RR1,Now%,ST_DIR,AI_COMMENT,ML_SCORE,ML_REASON,TOTAL_SCORE,MKT_BREADTH_ALL_%,MKT_BREADTH_KOSPI_%,MKT_BREADTH_KOSDAQ_%,MKT_TEMP,TOP_SECTORS_5D,REGIME_RANK,LDY_RANK,기준일,시총기준일,벤치_60d_KOSPI_%,벤치_60d_KOSDAQ_%,60일_종목수익률_%,60일_초과수익(α)_%
298380,298380,KOSDAQ,기초 의약물질 제조업,기초 의약물질 제조업,기타,195500,1812.51,,195500,181800,223000,250500,92.5,88.8,92.5,0.0,뉴스없음,🔺 Watch (관찰·돌파예상),⑤ 하락 / 약세,-2.2,216.34,-4.05,99.28,194.87,1,0.88,0.85,1.0,1.0,0.63,1.0,0.8,44.2,50.3,1.45,195982,-0.25,,-1732.4003,0.257,0.99,0.29,172740,1,13.25,0,1,1,1,False,4.55,2.68,111.58,O,▲,9,★,"주봉20선↑, 주봉추세우상향, HMA추세↑, OBV매집, MACD상승, 20선근접, 정배열(단), 장기추세(120↑)",1.8,12,234.6,193494,▲,O,O,8.306388888888888,16.64,7.0,2.0072992700729926,0.0,1,🌪️ 에너지 응축 시작 (1일차). 📉 매도세 우위. 🚀 단기 모멘텀 가속. ✅ 20일선 눌림목 구간. (매수 유효),51.9,,80.3,65.8,52.6,78.7,🔥 과열,1.유통·소비재(+42.2%) / 2.철강·금속(+38.0%) / 3.자동차·모빌리티(+22.3%) / 4.IT/전기전자(+21.3%) / 5.조선·기계·설비(+20.2%),5,1,20260102,20260102,25.84,12.3,111.58,99.28
090360,090360,KOSDAQ,특수 목적용 기계 제조업,특수 목적용 기계 제조업,조선·기계·설비,79800,84.41,,79800,74200,91600,103400,90.5,80.2,93.5,0.0,뉴스없음,🔺 Watch (상승 준비),① 강한 상승 추세,10.22,182.98,8.37,67.03,161.51,5,0.92,0.89,1.0,1.0,0.61,0.0,0.73,54.1,82.1,2.66,81200,-1.72,,251.5999,0.1021,0.36,0.86,65260,1,16.34,0,1,1,1,False,1.4,5.7,79.33,O,▲,10,★,"주봉20선↑, 주봉추세우상향, HMA추세↑, RSI적정, MACD상승, 20선근접, 정배열(단), 장기추세(120↑), 자금유입, MACD>Sig",1.8,31,247.4,78769,▲,O,X,10.054883720930233,26.984186046511628,5.0,2.107142857142857,0.0,1,🌪️ 5일 연속 응축 중! 폭발 임박. 💰 외국인/기관 수급 집중. 🚀 단기 모멘텀 가속.  (매수 유효),83.5,,88.4,65.8,52.6,78.7,🔥 과열,1.유통·소비재(+42.2%) / 2.철강·금속(+38.0%) / 3.자동차·모빌리티(+22.3%) / 4.IT/전기전자(+21.3%) / 5.조선·기계·설비(+20.2%),1,2,20260102,20260102,25.84,12.3,79.33,67.03
347850,347850,KOSDAQ,자연과학 및 공학 연구개발업,자연과학 및 공학 연구개발업,기타,88900,536.26,,88900,82600,103400,117900,90.4,92.4,95.8,0.0,뉴스없음,🔺 Watch (상승 준비),① 강한 상승 추세,-4.72,206.25,-6.57,64.44,184.78,7,1.0,0.98,1.0,1.0,0.6,0.8,0.67,52.0,58.9,-2.52,92935,-4.34,,-817.4072,0.1418,0.47,-0.23,75860,1,18.11,0,1,1,0,True,0.11,-7.78,76.74,O,▲,8,★,"주봉20선↑, 주봉추세우상향, OBV매집, RSI적정, MACD상승, 정배열(단), 장기추세(120↑)",1.8,28,248.9,93032,▼,X,O,8.306388888888888,16.64,7.0,2.3015873015873014,0.0,1,🌪️ 7일 연속 응축 중! 폭발 임박. 🧱 구조적 지지선(Swing Low) 근접. 📉 매도세 우위. 🚀 단기 모멘텀 가속.  (강력 매수),92.3,,91.0,65.8,52.6,78.7,🔥 과열,1.유통·소비재(+42.2%) / 2.철강·금속(+38.0%) / 3.자동차·모빌리티(+22.3%) / 4.IT/전기전자(+21.3%) / 5.조선·기계·설비(+20.2%),1,3,20260102,20260102,25.84,12.3,76.74,64.44
031330,031330,KOSDAQ,기계장비 및 관련 물품 도매업,기계장비 및 관련 물품 도매업,조선·기계·설비,3970,134.27,,3945,3670,4615,5280,87.7,78.3,89.6,0.0,뉴스없음,🔼 BRK (돌파),⑤ 하락 / 약세,3.39,33.0,1.54,6.03,11.53,1,0.94,0.98,1.0,0.95,0.42,0.09,0.7,55.8,70.0,3.59,4000,-0.76,,13.2037,0.1839,2.12,1.67,3568,1,10.89,0,1,1,1,False,4.47,6.86,18.33,O,▲,11,★,"주봉20선↑, 주봉추세우상향, HMA추세↑, RSI적정, MACD상승, 20선근접, 거래량↑, 정배열(단), 장기추세(120↑), 자금유입, MACD>Sig",1.8,633,249.7,3823,▲,O,X,10.054883720930233,26.984186046511628,5.0,2.15,0.6337135614702154,1,🌪️ 에너지 응축 시작 (1일차). 💪 매수세 장악(Power Buying). 💰 외국인/기관 수급 집중. 🚀 단기 모멘텀 가속. ,94.4,,89.7,65.8,52.6,78.7,🔥 과열,1.유통·소비재(+42.2%) / 2.철강·금속(+38.0%) / 3.자동차·모빌리티(+22.3%) / 4.IT/전기전자(+21.3%) / 5.조선·기계·설비(+20.2%),5,4,20260102,20260102,25.84,12.3,18.33,6.03
001440,001440,KOSPI,절연선 및 케이블 제조업,절연선 및 케이블 제조업,기타,23800,660.8,,23700,22000,27050,30350,86.9,82.7,85.6,0.0,뉴스없음,🔥 SQZ (폭발대기),① 강한 상승 추세,4.39,53.25,-3.49,27.51,12.39,7,0.79,0.82,1.0,0.96,0.43,1.0,0.79,56.1,58.2,3.43,23064,3.19,,6.7531,0.1379,0.68,1.06,25545,-1,11.3,0,1,1,1,False,4.85,0.42,53.35,O,▲,10,★,"주봉20선↑, 주봉추세우상향, HMA추세↑, RSI적정, MACD상승, 20선근접, 정배열(단), 장기추세(120↑), MACD>Sig, VWAP상회",1.8,105,248.8,22811,▲,O,X,8.306388888888888,16.64,7.0,1.8055555555555556,0.42194092827004215,-1,🌪️ 7일 연속 응축 중! 폭발 임박. 🚀 단기 모멘텀 가속.  (매수 유효),87.1,,87.0,65.8,52.6,78.7,🔥 과열,1.유통·소비재(+42.2%) / 2.철강·금속(+38.0%) / 3.자동차·모빌리티(+22.3%) / 4.IT/전기전자(+21.3%) / 5.조선·기계·설비(+20.2%),1,5,20260102,20260102,25.84,12.3,53.35,27.51
353200,353200,KOSPI,전자부품 제조업,전자부품 제조업,IT/전기전자,47950,201.6,,47950,44550,54700,61400,85.9,73.6,88.7,0.0,뉴스없음,🔺 Watch (관찰·돌파예상),⑤ 하락 / 약세,0.95,174.47,-6.93,43.89,133.61,6,0.87,0.85,1.0,1.0,0.45,0.21,0.74,44.3,34.0,0.98,47176,1.64,,-219.3796,0.1241,0.7,-0.06,41395,1,10.33,0,1,1,1,False,1.7,6.56,69.73,O,▲,8,★,"주봉20선↑, 주봉추세우상향, HMA추세↑, MACD상승, 20선근접, 정배열(단), 장기추세(120↑), VWAP상회",1.8,52,249.3,46891,▲,O,X,11.841621621621623,27.6472972972973,4.0,1.9852941176470589,0.0,1,🌪️ 6일 연속 응축 중! 폭발 임박. 📉 매도세 우위. 🚀 단기 모멘텀 가속. ✅ 20일선 눌림목 구간.,96.1,,89.0,65.8,52.6,78.7,🔥 과열,1.유통·소비재(+42.2%) / 2.철강·금속(+38.0%) / 3.자동차·모빌리티(+22.3%) / 4.IT/전기전자(+21.3%) / 5.조선·기계·설비(+20.2%),5,6,20260102,20260102,25.84,12.3,69.73,43.89
006910,006910,KOSDAQ,"구조용 금속제품, 탱크 및 증기발생기 제조업","구조용 금속제품, 탱크 및 증기발생기 제조업",기타,5410,97.08,,5400,5020,6160,6920,84.0,71.2,86.6,0.0,뉴스없음,🔥 SQZ (폭발대기),③ 박스 / 중립,4.24,67.49,2.39,3.92,46.02,25,0.84,0.84,1.0,0.98,0.39,0.02,0.77,55.2,64.8,3.17,5236,3.31,,10.9076,0.0738,0.88,0.49,4875,1,13.79,0,1,1,1,False,2.66,8.2,16.22,O,▲,10,★,"주봉20선↑, 주봉추세우상향, HMA추세↑, RSI적정, MACD상승, 20선근접, 장기추세(120↑), 자금유입, MACD>Sig, VWAP상회",1.8,462,249.5,5190,▲,O,X,8.306388888888888,16.64,7.0,1.9230769230769231,0.1851851851851852,1,🌪️ 25일 연속 응축 중! 폭발 임박. 📉 매도세 우위. 💸 자금 유입 지속. 🚀 단기 모멘텀 가속. ,92.2,,86.5,65.8,52.6,78.7,🔥 과열,1.유통·소비재(+42.2%) / 2.철강·금속(+38.0%) / 3.자동차·모빌리티(+22.3%) / 4.IT/전기전자(+21.3%) / 5.조선·기계·설비(+20.2%),3,7,20260102,20260102,25.84,12.3,16.22,3.92
128940,128940,KOSPI,의약품 제조업,의약품 제조업,바이오·의약품,443000,127.15,,443000,413000,503000,563000,83.6,70.2,86.4,0.0,뉴스없음,🔺 Watch (상승 준비),④ 바닥 반등 시도,3.02,55.99,-4.86,-5.13,15.13,12,0.87,0.82,0.99,1.0,0.35,0.08,0.78,56.7,67.4,0.94,447117,-0.92,,214.2695,0.0782,0.96,-0.22,404850,1,8.09,1,1,1,1,True,0.68,1.49,20.71,O,▲,9,★,"주봉20선↑, 주봉추세우상향, RSI적정, MACD상승, 20선근접, 정배열(단), 장기추세(120↑), 자금유입, MACD>Sig",1.8,5,221.5,447110,▲,X,X,5.0325,11.853749999999998,10.0,2.0,0.0,1,🌪️ 12일 연속 응축 중! 폭발 임박. 🧱 구조적 지지선(Swing Low) 근접. 📉 매도세 우위. 💸 자금 유입 지속. 🚀 단기 모멘텀 가속. ✅ 20일선 눌림목 구간.,87.0,,84.6,65.8,52.6,78.7,🔥 과열,1.유통·소비재(+42.2%) / 2.철강·금속(+38.0%) / 3.자동차·모빌리티(+22.3%) / 4.IT/전기전자(+21.3%) / 5.조선·기계·설비(+20.2%),4,8,20260102,20260102,25.84,12.3,20.71,-5.13
071050,071050,KOSPI,기타 금융업,기타 금융업,금융,165000,152.06,,165000,153800,187300,209500,82.2,65.8,86.2,0.0,뉴스없음,🔺 Watch (관찰·돌파예상),④ 바닥 반등 시도,1.41,20.97,-6.47,-12.05,-19.89,12,0.87,0.82,1.0,1.0,0.34,0.12,0.81,53.4,57.2,1.96,162465,1.56,,506.6727,0.0863,0.94,0.63,175040,-1,7.74,1,1,1,1,False,2.42,0.61,13.79,O,▲,11,★,"주봉20선↑, 주봉추세우상향, HMA추세↑, OBV매집, RSI적정, MACD상승, 20선근접, 장기추세(120↑), MACD>Sig, VWAP상회",1.8,15,247.5,161893,▲,O,O,0.11500000000000013,-1.5974999999999997,12.0,1.9910714285714286,0.0,-1,🌪️ 12일 연속 응축 중! 폭발 임박. 🚀 단기 모멘텀 가속. ✅ 20일선 눌림목 구간.,15.5,,62.2,65.8,52.6,78.7,🔥 과열,1.유통·소비재(+42.2%) / 2.철강·금속(+38.0%) / 3.자동차·모빌리티(+22.3%) / 4.IT/전기전자(+21.3%) / 5.조선·기계·설비(+20.2%),4,9,20260102,20260102,25.84,12.3,13.79,-12.05
028260,028260,KOSPI,기타 전문 도매업,기타 전문 도매업,기타,245000,403.86,,245000,227500,279500,313500,81.4,79.9,86.3,0.0,뉴스없음,🔺 Watch (관찰·돌파예상),⑤ 하락 / 약세,9.13,50.58,1.25,6.88,9.72,1,0.86,0.85,1.0,1.0,0.33,0.57,0.93,47.5,48.1,-0.01,240447,1.89,,-1477.4281,0.0158,1.11,1.74,221400,1,7.79,1,1,1,0,True,1.87,0.82,32.72,O,▲,9,★,"주봉20선↑, 주봉추세우상향, HMA돌파, RSI적정, MACD상승, 20선근접, 정배열(단), 장기추세(120↑), VWAP상회",1.8,10,245.0,239957,▼,O,X,8.306388888888888,16.64,7.0,1.9714285714285715,0.0,1,🌪️ 에너지 응축 시작 (1일차). 🧱 구조적 지지선(Swing Low) 근접. 💪 매수세 장악(Power Buying). 📈 상승 모멘텀 개선. ✅ 20일선 눌림목 구간.,36.4,,67.9,65.8,52.6,78.7,🔥 과열,1.유통·소비재(+42.2%) / 2.철강·금속(+38.0%) / 3.자동차·모빌리티(+22.3%) / 4.IT/전기전자(+21.3%) / 5.조선·기계·설비(+20.2%),5,10,20260102,20260102,25.84,12.3,32.72,6.88
458870,458870,KOSDAQ,의료용 기기 제조업,의료용 기기 제조업,기타,122900,57.83,,121900,113300,139000,156100,80.3,72.3,79.3,0.0,,🔥 SQZ (폭발대기),① 강한 상승 추세,-4.65,337.37,-6.5,84.03,315.9,3,0.73,0.79,1.0,0.93,0.74,0.0,0.74,60.6,61.4,3.84,121968,0.76,,67.3428,0.3249,0.8,0.38,108220,1,16.55,0,1,1,1,False,3.89,4.6,96.33,O,▲,10,★,"주봉20선↑, 주봉추세우상향, RSI적정, MACD상승, 20선근접, 정배열(단), 장기추세(120↑), 자금유입, MACD>Sig, VWAP상회",1.8,20,243.8,122970,▲,X,X,8.306388888888888,16.64,7.0,1.6770833333333333,0.8203445447087777,1,🌪️ 에너지 응축 시작 (3일차). 📉 매도세 우위. 💸 자금 유입 지속. 🚀 단기 모멘텀 가속. ,84.3,,81.5,65.8,52.6,78.7,🔥 과열,1.유통·소비재(+42.2%) / 2.철강·금속(+38.0%) / 3.자동차·모빌리티(+22.3%) / 4.IT/전기전자(+21.3%) / 5.조선·기계·설비(+20.2%),1,11,20260102,20260102,25.84,12.3,96.33,84.03
474650,474650,KOSDAQ,특수 목적용 기계 제조업,특수 목적용 기계 제조업,조선·기계·설비,55500,207.45,,55500,51600,68500,81400,79.2,79.3,91.6,0.0,,↩️ PULL (눌림),② 상승 후 조정,47.61,221.18,45.76,183.86,199.71,0,1.0,1.0,1.0,1.0,0.58,0.22,0.77,56.6,54.7,0.6,60296,-7.96,,-534.6419,-0.5905,0.85,-1.44,44230,1,44.13,0,0,0,1,False,-11.2,-1.25,196.16,O,▲,6,★,"주봉20선↑, 주봉추세우상향, RSI적정, 20선근접, 정배열(단), 장기추세(120↑)",2.0,45,249.8,63223,▼,X,X,10.054883720930233,26.984186046511628,5.0,3.3333333333333335,0.0,1,📉 매도세 우위. ✅ 20일선 눌림목 구간.,95.9,,84.2,65.8,52.6,78.7,🔥 과열,1.유통·소비재(+42.2%) / 2.철강·금속(+38.0%) / 3.자동차·모빌리티(+22.3%) / 4.IT/전기전자(+21.3%) / 5.조선·기계·설비(+20.2%),2,12,20260102,20260102,25.84,12.3,196.16,183.86
086280,086280,KOSPI,기타 운송관련 서비스업,기타 운송관련 서비스업,서비스 기타,180900,122.07,,180900,171000,201000,220500,78.5,61.6,81.8,0.0,,🔺 Watch (상승 준비),④ 바닥 반등 시도,6.79,33.8,-1.09,-16.47,-7.06,1,0.89,0.67,0.77,1.0,0.3,0.07,0.76,50.2,66.2,0.81,180357,0.3,,-218.5592,0.0025,0.81,0.02,167230,1,6.58,1,1,1,1,True,1.46,0.84,9.37,O,▲,10,★,"주봉20선↑, 주봉추세우상향, HMA추세↑, RSI적정, MACD상승, 20선근접, 정배열(단), 장기추세(120↑), 자금유입, VWAP상회",1.8,13,235.2,179645,▲,O,X,1.9793333333333332,0.18066666666666648,11.0,2.0303030303030303,0.0,1,🌪️ 에너지 응축 시작 (1일차). 🧱 구조적 지지선(Swing Low) 근접. 📉 매도세 우위. 💸 자금 유입 지속. ✅ 20일선 눌림목 구간.,35.7,,65.7,65.8,52.6,78.7,🔥 과열,1.유통·소비재(+42.2%) / 2.철강·금속(+38.0%) / 3.자동차·모빌리티(+22.3%) / 4.IT/전기전자(+21.3%) / 5.조선·기계·설비(+20.2%),4,13,20260102,20260102,25.84,12.3,9.37,-16.47
000650,000650,KOSPI,육상 여객 운송업,육상 여객 운송업,기타,333000,53.86,,333000,309500,531000,729000,76.7,68.3,84.0,0.0,,↩️ PULL (눌림),② 상승 후 조정,8.47,675.32,0.59,710.84,634.46,4,1.0,1.0,1.0,1.0,0.5,0.0,0.47,46.8,83.9,-12.44,375457,-11.31,,-17513.7538,-0.074,0.14,-0.48,179500,1,46.78,0,1,1,0,False,-7.5,-21.83,736.68,O,▲,6,★,"주봉20선↑, 주봉추세우상향, RSI적정, 정배열(단), 장기추세(120↑), 자금유입",1.8,7,233.1,337423,▼,X,X,8.306388888888888,16.64,7.0,8.425531914893616,0.0,1,🌪️ 에너지 응축 시작 (4일차). 📉 매도세 우위. 💰 외국인/기관 수급 집중. 📉 과매도 기술적 반등 기대.,92.8,,81.5,65.8,52.6,78.7,🔥 과열,1.유통·소비재(+42.2%) / 2.철강·금속(+38.0%) / 3.자동차·모빌리티(+22.3%) / 4.IT/전기전자(+21.3%) / 5.조선·기계·설비(+20.2%),2,14,20260102,20260102,25.84,12.3,736.68,710.84
195870,195870,KOSPI,전자부품 제조업,전자부품 제조업,IT/전기전자,54800,61.76,,54800,50900,62500,70200,76.6,64.1,77.1,0.0,,↩️ PULL (눌림),② 상승 후 조정,1.86,93.98,-6.02,52.08,53.12,3,0.86,0.85,1.0,1.0,0.37,0.0,0.7,52.9,60.6,1.53,54858,-0.11,망치형,-80.7546,-0.0315,1.49,-0.5,47210,1,16.84,0,1,1,1,False,-1.62,11.72,77.92,O,▲,9,★,"주봉20선↑, 주봉추세우상향, RSI적정, 20선근접, 거래량↑, 정배열(단), 장기추세(120↑), 자금유입, 패턴(망치형)",1.8,45,246.6,56024,▲,X,X,11.841621621621623,27.6472972972973,4.0,1.9743589743589745,0.0,1,🌪️ 에너지 응축 시작 (3일차). 📉 매도세 우위. 💸 자금 유입 지속. ✅ 20일선 눌림목 구간.,74.9,,76.1,65.8,52.6,78.7,🔥 과열,1.유통·소비재(+42.2%) / 2.철강·금속(+38.0%) / 3.자동차·모빌리티(+22.3%) / 4.IT/전기전자(+21.3%) / 5.조선·기계·설비(+20.2%),2,15,20260102,20260102,25.84,12.3,77.92,52.08
018260,018260,KOSPI,"컴퓨터 프로그래밍, 시스템 통합 및 관리업","컴퓨터 프로그래밍, 시스템 통합 및 관리업",IT/전기전자,175100,65.51,,175100,164200,196900,219000,76.2,66.6,74.9,0.0,,🔺 Watch (관찰·돌파예상),④ 바닥 반등 시도,2.52,5.48,-5.36,-19.2,-35.38,1,0.87,0.75,0.94,1.0,0.34,0.0,0.86,54.5,41.8,1.23,171153,2.31,,-8.9759,0.083,1.53,1.94,161860,1,5.75,1,1,1,1,False,3.18,1.39,6.64,O,▲,12,★,"주봉20선↑, 주봉추세우상향, HMA추세↑, OBV매집, RSI적정, MACD상승, 20선근접, 거래량↑, 정배열(단), 장기추세(120↑), VWAP상회",1.8,14,245.1,170040,▲,O,O,11.841621621621623,27.6472972972973,4.0,2.0,0.0,1,🌪️ 에너지 응축 시작 (1일차). 💪 매수세 장악(Power Buying). 🚀 단기 모멘텀 가속. ✅ 20일선 눌림목 구간.,34.3,,63.6,65.8,52.6,78.7,🔥 과열,1.유통·소비재(+42.2%) / 2.철강·금속(+38.0%) / 3.자동차·모빌리티(+22.3%) / 4.IT/전기전자(+21.3%) / 5.조선·기계·설비(+20.2%),4,16,20260102,20260102,25.84,12.3,6.64,-19.2
047810,047810,KOSPI,"항공기,우주선 및 부품 제조업","항공기,우주선 및 부품 제조업",기타,116800,419.96,,114200,102700,137100,159900,76.1,71.5,72.2,0.0,,🔻 REV (역추세 반등),④ 바닥 반등 시도,10.82,36.61,2.94,-17.69,-4.25,19,0.63,1.0,0.35,0.81,0.35,0.59,0.78,59.8,70.8,5.34,114849,1.7,장악형,468.4324,0.0574,0.96,0.83,102190,1,12.74,0,1,1,1,False,2.64,7.55,8.15,O,▲,11,★,"주봉20선↑, 주봉추세우상향, HMA추세↑, RSI적정, MACD상승, 정배열(단), 장기추세(120↑), 자금유입, MACD>Sig, VWAP상회, 패턴(장악형)",2.5,17,194.1,114422,▲,O,X,8.306388888888888,16.64,7.0,1.4397163120567376,2.276707530647986,1,🌪️ 19일 연속 응축 중! 폭발 임박. 💰 외국인/기관 수급 집중. 🚀 단기 모멘텀 가속. ⚠️ 단기 급등 조정 주의.,95.6,,82.0,65.8,52.6,78.7,🔥 과열,1.유통·소비재(+42.2%) / 2.철강·금속(+38.0%) / 3.자동차·모빌리티(+22.3%) / 4.IT/전기전자(+21.3%) / 5.조선·기계·설비(+20.2%),4,17,20260102,20260102,25.84,12.3,8.15,-17.69
103590,103590,KOSPI,절연선 및 케이블 제조업,절연선 및 케이블 제조업,기타,58100,98.22,,56900,51100,68300,79600,75.5,65.0,74.6,0.0,,🔥 SQZ (폭발대기),① 강한 상승 추세,8.4,57.24,0.52,38.75,16.38,7,0.64,1.0,0.32,0.82,0.46,0.03,0.72,57.0,66.3,5.26,54922,5.79,,22.5613,0.1284,0.83,0.31,50960,1,13.01,0,1,1,1,False,6.02,3.2,64.59,O,▲,10,★,"주봉20선↑, 주봉추세우상향, HMA추세↑, RSI적정, MACD상승, 정배열(단), 장기추세(120↑), 자금유입, MACD>Sig, VWAP상회",2.5,34,193.5,54304,▲,O,X,8.306388888888888,16.64,7.0,1.457142857142857,2.10896309314587,1,🌪️ 7일 연속 응축 중! 폭발 임박. 📉 매도세 우위. 💸 자금 유입 지속. 🚀 단기 모멘텀 가속. ⚠️ 단기 급등 조정 주의.,95.5,,81.5,65.8,52.6,78.7,🔥 과열,1.유통·소비재(+42.2%) / 2.철강·금속(+38.0%) / 3.자동차·모빌리티(+22.3%) / 4.IT/전기전자(+21.3%) / 5.조선·기계·설비(+20.2%),1,18,20260102,20260102,25.84,12.3,64.59,38.75
022100,022100,KOSPI,"건축기술, 엔지니어링 및 관련 기술 서비스업","건축기술, 엔지니어링 및 관련 기술 서비스업",서비스 기타,29000,88.94,,28550,26500,32550,36550,75.4,59.9,77.1,0.0,,🔥 SQZ (폭발대기),① 강한 상승 추세,9.02,21.85,1.14,12.26,-19.01,2,0.62,0.74,1.0,0.87,0.35,0.01,0.65,54.6,72.8,4.65,29405,-1.38,,150.994,0.0069,0.5,-0.77,25020,1,18.88,0,1,1,1,False,-2.52,8.82,38.1,O,▲,10,★,"주봉20선↑, 주봉추세우상향, HMA추세↑, RSI적정, MACD상승, 20선근접, 정배열(단), 장기추세(120↑), 자금유입, MACD>Sig",1.8,87,248.4,28820,▲,O,X,1.9793333333333332,0.18066666666666648,11.0,1.42,1.5761821366024518,1,🌪️ 에너지 응축 시작 (2일차). 📉 매도세 우위. 💰 외국인/기관 수급 집중. 📈 상승 모멘텀 개선. ,83.5,,77.8,65.8,52.6,78.7,🔥 과열,1.유통·소비재(+42.2%) / 2.철강·금속(+38.0%) / 3.자동차·모빌리티(+22.3%) / 4.IT/전기전자(+21.3%) / 5.조선·기계·설비(+20.2%),1,19,20260102,20260102,25.84,12.3,38.1,12.26
035420,035420,KOSPI,"자료처리, 호스팅, 포털 및 기타 인터넷 정보매개 서비스업","자료처리, 호스팅, 포털 및 기타 인터넷 정보매개 서비스업",서비스 기타,247000,810.28,,247000,229500,282000,316500,75.3,80.5,84.0,0.0,,🔺 Watch (관찰·돌파예상),④ 바닥 반등 시도,1.65,-3.52,-6.23,-33.85,-44.38,0,0.87,0.85,1.0,1.0,0.4,1.0,0.73,52.7,46.3,2.57,239768,3.02,,1344.2369,0.1794,1.74,1.09,225725,1,10.69,0,0,0,1,False,4.22,6.7,-8.01,O,▲,10,★,"주봉20선↑, 주봉추세우상향, HMA추세↑, RSI적정, MACD상승, 20선근접, 거래량↑, 장기추세(120↑), MACD>Sig, VWAP상회",1.8,10,247.0,236513,▲,O,X,1.9793333333333332,0.18066666666666648,11.0,2.0,0.0,1,🚀 단기 모멘텀 가속.  (매수 유효),73.2,,74.7,65.8,52.6,78.7,🔥 과열,1.유통·소비재(+42.2%) / 2.철강·금속(+38.0%) / 3.자동차·모빌리티(+22.3%) / 4.IT/전기전자(+21.3%) / 5.조선·기계·설비(+20.2%),4,20,20260102,20260102,25.84,12.3,-8.01,-33.85
059120,059120,KOSDAQ,반도체 제조업,반도체 제조업,반도체,9480,61.75,,9420,8760,10750,12070,75.0,64.3,74.1,0.0,,🔼 BRK (돌파),① 강한 상승 추세,6.52,44.07,4.67,10.34,22.6,1,0.77,0.81,1.0,0.95,0.4,0.0,0.77,54.6,71.5,3.61,9373,1.14,,-4.0909,0.0901,0.81,0.68,8078,1,14.51,0,1,1,1,False,4.64,7.85,22.64,O,▲,10,★,"주봉20선↑, 주봉추세우상향, HMA추세↑, RSI적정, MACD상승, 20선근접, 정배열(단), 장기추세(120↑), 자금유입, VWAP상회",1.8,265,249.6,9193,▲,O,X,13.682500000000001,11.408125,8.0,1.7638888888888888,0.6369426751592357,1,🌪️ 에너지 응축 시작 (1일차). 💰 외국인/기관 수급 집중. 🚀 단기 모멘텀 가속. ,93.7,,80.6,65.8,52.6,78.7,🔥 과열,1.유통·소비재(+42.2%) / 2.철강·금속(+38.0%) / 3.자동차·모빌리티(+22.3%) / 4.IT/전기전자(+21.3%) / 5.조선·기계·설비(+20.2%),1,21,20260102,20260102,25.84,12.3,22.64,10.34
009150,009150,KOSPI,전자부품 제조업,전자부품 제조업,IT/전기전자,270000,878.37,,268500,249500,306500,344000,74.9,84.2,81.2,0.0,,🔺 Watch (관찰·돌파예상),① 강한 상승 추세,7.14,94.38,-0.74,13.69,53.52,0,0.78,0.82,1.0,0.95,0.44,1.0,0.74,51.2,43.3,3.54,259521,4.04,,-1076.6988,0.1416,1.41,0.77,240825,1,10.11,0,0,0,1,False,7.36,5.88,39.53,O,▲,10,★,"주봉20선↑, 주봉추세우상향, HMA추세↑, RSI적정, MACD상승, 20선근접, 거래량↑, 정배열(단), 장기추세(120↑), VWAP상회",1.8,9,241.7,254127,▲,O,X,11.841621621621623,27.6472972972973,4.0,1.7804878048780488,0.5586592178770949,1,🚀 단기 모멘텀 가속.  (매수 유효),37.4,,63.7,65.8,52.6,78.7,🔥 과열,1.유통·소비재(+42.2%) / 2.철강·금속(+38.0%) / 3.자동차·모빌리티(+22.3%) / 4.IT/전기전자(+21.3%) / 5.조선·기계·설비(+20.2%),1,22,20260102,20260102,25.84,12.3,39.53,13.69
010120,010120,KOSPI,"전동기, 발전기 및 전기 변환 · 공급 · 제어 장치 제조업","전동기, 발전기 및 전기 변환 · 공급 · 제어 장치 제조업",인프라·에너지,492500,312.0,,492500,458000,562000,631000,74.8,74.6,86.2,0.0,,🔺 Watch (관찰·돌파예상),⑤ 하락 / 약세,4.23,87.62,-3.65,47.27,46.76,0,0.88,0.85,1.0,1.0,0.51,0.4,0.77,47.3,51.6,2.09,469635,4.87,,-2915.5505,0.1586,1.4,0.79,440400,1,15.16,0,0,0,1,False,6.14,2.82,73.11,O,▲,10,★,"주봉20선↑, 주봉추세우상향, HMA추세↑, RSI적정, MACD상승, 20선근접, 거래량↑, 정배열(단), 장기추세(120↑), VWAP상회",2.0,5,246.2,460052,▲,O,X,0.6112499999999998,-3.1162499999999995,13.0,2.0144927536231885,0.0,1,🚀 단기 모멘텀 가속. ,65.3,,72.0,65.8,52.6,78.7,🔥 과열,1.유통·소비재(+42.2%) / 2.철강·금속(+38.0%) / 3.자동차·모빌리티(+22.3%) / 4.IT/전기전자(+21.3%) / 5.조선·기계·설비(+20.2%),5,23,20260102,20260102,25.84,12.3,73.11,47.27
277810,277810,KOSDAQ,특수 목적용 기계 제조업,특수 목적용 기계 제조업,조선·기계·설비,493500,442.23,,480000,432000,577000,673000,74.6,69.0,70.8,0.0,,🔺 Watch (상승 준비),② 상승 후 조정,11.02,87.64,9.17,47.41,66.17,1,0.59,1.0,0.37,0.77,0.37,0.63,0.69,56.1,63.9,5.89,479680,2.88,장악형,-636.7117,-0.0742,0.84,-0.83,418000,1,15.58,0,1,1,1,False,-1.69,7.28,59.71,O,▲,10,★,"주봉20선↑, 주봉추세우상향, HMA추세↑, HMA돌파, RSI적정, 정배열(단), 장기추세(120↑), 자금유입, VWAP상회, 패턴(장악형)",2.5,4,192.0,479289,▲,O,X,10.054883720930233,26.984186046511628,5.0,1.3577235772357723,2.8125,1,🌪️ 에너지 응축 시작 (1일차). 📉 매도세 우위. 💸 자금 유입 지속. ⚠️ 단기 급등 조정 주의.,91.9,,79.8,65.8,52.6,78.7,🔥 과열,1.유통·소비재(+42.2%) / 2.철강·금속(+38.0%) / 3.자동차·모빌리티(+22.3%) / 4.IT/전기전자(+21.3%) / 5.조선·기계·설비(+20.2%),2,24,20260102,20260102,25.84,12.3,59.71,47.41
005380,005380,KOSPI,자동차용 엔진 및 자동차 제조업,자동차용 엔진 및 자동차 제조업,자동차·모빌리티,298500,1827.35,,298500,281000,333500,368000,73.7,81.0,80.8,0.0,,🔺 Watch (관찰·돌파예상),⑤ 하락 / 약세,12.22,43.17,4.34,13.0,2.31,0,0.87,0.71,0.87,1.0,0.4,1.0,0.75,46.6,54.8,1.83,292469,2.06,,-585.1592,0.1101,0.81,0.16,281150,1,15.76,0,0,0,1,False,4.01,4.37,38.84,O,▲,9,★,"주봉20선↑, 주봉추세우상향, HMA추세↑, RSI적정, MACD상승, 20선근접, 정배열(단), 장기추세(120↑), VWAP상회",2.0,8,238.8,288524,▲,O,X,17.62818181818182,25.464545454545455,3.0,2.0,0.0,1,📉 매도세 우위. 🚀 단기 모멘텀 가속. ✅ 20일선 눌림목 구간. (매수 유효),91.7,,79.1,65.8,52.6,78.7,🔥 과열,1.유통·소비재(+42.2%) / 2.철강·금속(+38.0%) / 3.자동차·모빌리티(+22.3%) / 4.IT/전기전자(+21.3%) / 5.조선·기계·설비(+20.2%),5,25,20260102,20260102,25.84,12.3,38.84,13.0
376900,376900,KOSDAQ,의료용품 및 기타 의약 관련제품 제조업,의료용품 및 기타 의약 관련제품 제조업,기타,62200,96.21,,62200,57800,75600,89000,73.5,72.7,94.0,0.0,,🔺 Watch (관찰·돌파예상),⑤ 하락 / 약세,-25.86,250.23,-27.71,126.47,228.76,0,1.0,1.0,1.0,1.0,0.7,0.02,0.59,37.5,48.3,-12.17,65320,-4.78,,-2146.3135,0.4412,0.57,0.45,81110,-1,38.94,0,0,0,0,False,3.67,-22.83,138.77,O,▲,5,★,"주봉20선↑, 주봉추세우상향, MACD상승, 정배열(단), 장기추세(120↑)",2.0,40,248.8,61922,▼,O,X,8.306388888888888,16.64,7.0,3.0454545454545454,0.0,-1,📉 매도세 우위. 🚀 단기 모멘텀 가속. 📉 과매도 기술적 반등 기대.,85.6,,77.1,65.8,52.6,78.7,🔥 과열,1.유통·소비재(+42.2%) / 2.철강·금속(+38.0%) / 3.자동차·모빌리티(+22.3%) / 4.IT/전기전자(+21.3%) / 5.조선·기계·설비(+20.2%),5,26,20260102,20260102,25.84,12.3,138.77,126.47
011930,011930,KOSPI,반도체 제조업,반도체 제조업,반도체,1621,58.92,,1621,1524,1814,2010,73.2,58.3,73.9,0.0,,🔺 Watch (관찰·돌파예상),④ 바닥 반등 시도,0.87,9.53,-7.01,-31.49,-31.33,6,0.87,0.72,0.89,1.0,0.34,0.0,0.74,51.2,46.1,1.4,1592,1.78,장악형,7.9008,0.0575,1.26,0.1,1678,-1,6.58,1,1,1,1,True,1.82,4.85,-5.65,X,▲,8,★,"주봉추세우상향, 주봉역배열주의, HMA추세↑, OBV매집, RSI적정, MACD상승, 20선근접, 거래량↑, MACD>Sig, VWAP상회, 패턴(장악형)",1.8,1542,250.0,1583,▲,O,O,13.682500000000001,11.408125,8.0,1.9896907216494846,0.0,-1,🌪️ 6일 연속 응축 중! 폭발 임박. 🧱 구조적 지지선(Swing Low) 근접. 📉 매도세 우위. 🚀 단기 모멘텀 가속. ✅ 20일선 눌림목 구간.,35.1,,61.8,65.8,52.6,78.7,🔥 과열,1.유통·소비재(+42.2%) / 2.철강·금속(+38.0%) / 3.자동차·모빌리티(+22.3%) / 4.IT/전기전자(+21.3%) / 5.조선·기계·설비(+20.2%),4,27,20260102,20260102,25.84,12.3,-5.65,-31.49
003230,003230,KOSPI,기타 식품 제조업,기타 식품 제조업,유통·소비재,1276000,155.79,,1276000,1198000,1369000,1462000,72.7,56.3,74.2,0.0,,🔺 Watch (상승 준비),④ 바닥 반등 시도,-4.2,-4.35,-12.08,-42.39,-45.21,3,0.52,0.44,0.92,1.0,0.32,0.13,0.76,47.6,39.9,0.22,1251775,1.94,,1521.6518,0.0289,1.35,0.3,1348600,-1,8.5,1,1,1,1,True,0.55,2.65,-16.55,X,▼,5,★,"주봉역배열주의, HMA추세↑, HMA돌파, RSI적정, MACD상승, 20선근접, 거래량↑, MACD>Sig, VWAP상회",1.8,1,127.6,1252029,▲,O,X,36.396,46.122,1.0,1.1923076923076923,0.0,-1,🌪️ 에너지 응축 시작 (3일차). 🧱 구조적 지지선(Swing Low) 근접. 📉 매도세 우위. 🚀 단기 모멘텀 가속. ✅ 20일선 눌림목 구간.,34.6,,61.3,65.8,52.6,78.7,🔥 과열,1.유통·소비재(+42.2%) / 2.철강·금속(+38.0%) / 3.자동차·모빌리티(+22.3%) / 4.IT/전기전자(+21.3%) / 5.조선·기계·설비(+20.2%),4,28,20260102,20260102,25.84,12.3,-16.55,-42.39
086790,086790,KOSPI,기타 금융업,기타 금융업,금융,93400,154.25,,93400,89800,100600,107800,72.6,55.0,74.8,0.0,,🔺 Watch (상승 준비),④ 바닥 반등 시도,-4.01,8.98,-11.89,-18.73,-31.88,1,0.87,0.47,0.33,1.0,0.31,0.13,0.86,56.8,49.1,0.01,93815,-0.44,,7.704,0.0119,0.9,0.96,88920,1,5.6,1,1,1,1,True,0.43,1.19,7.11,O,▲,8,★,"주봉20선↑, 주봉추세우상향, RSI적정, MACD상승, 20선근접, 정배열(단), 장기추세(120↑), MACD>Sig",1.8,26,242.8,94155,▲,X,X,0.11500000000000013,-1.5974999999999997,12.0,2.0,0.0,1,🌪️ 에너지 응축 시작 (1일차). 🧱 구조적 지지선(Swing Low) 근접. 📈 상승 모멘텀 개선. ✅ 20일선 눌림목 구간.,56.9,,67.9,65.8,52.6,78.7,🔥 과열,1.유통·소비재(+42.2%) / 2.철강·금속(+38.0%) / 3.자동차·모빌리티(+22.3%) / 4.IT/전기전자(+21.3%) / 5.조선·기계·설비(+20.2%),4,29,20260102,20260102,25.84,12.3,7.11,-18.73
424870,424870,KOSDAQ,자연과학 및 공학 연구개발업,자연과학 및 공학 연구개발업,기타,12040,383.01,,12040,11190,14740,17430,72.1,77.1,89.1,0.0,,↩️ PULL (눌림),② 상승 후 조정,9.95,165.2,8.1,73.79,143.73,0,1.0,1.0,1.0,1.0,0.46,0.53,0.58,52.1,79.6,-7.38,13510,-10.88,,-328.6113,-0.325,0.35,-1.25,10986,1,48.51,0,0,0,0,True,-9.54,-19.19,86.09,O,▲,6,★,"주봉20선↑, 주봉추세우상향, RSI적정, 정배열(단), 장기추세(120↑), 자금유입",2.0,207,249.2,13680,▼,X,X,8.306388888888888,16.64,7.0,3.176470588235294,0.0,1,🧱 구조적 지지선(Swing Low) 근접. 📉 매도세 우위. 💰 외국인/기관 수급 집중. 📉 과매도 기술적 반등 기대.,92.2,,78.1,65.8,52.6,78.7,🔥 과열,1.유통·소비재(+42.2%) / 2.철강·금속(+38.0%) / 3.자동차·모빌리티(+22.3%) / 4.IT/전기전자(+21.3%) / 5.조선·기계·설비(+20.2%),2,30,20260102,20260102,25.84,12.3,86.09,73.79
005387,005387,KOSPI,기타,기타,기타,213500,139.49,,213500,198900,243000,272000,71.2,68.9,82.7,0.0,,🔺 Watch (관찰·돌파예상),③ 박스 / 중립,7.88,33.35,0.0,2.39,-7.51,0,0.88,0.83,1.0,1.0,0.34,0.1,0.8,57.4,62.9,2.38,210278,1.53,,112.2925,0.0618,1.04,0.44,198630,1,8.93,1,0,0,1,False,2.4,3.89,28.23,O,▲,11,★,"주봉20선↑, 주봉추세우상향, HMA추세↑, RSI적정, MACD상승, 20선근접, 정배열(단), 장기추세(120↑), 자금유입, MACD>Sig, VWAP상회",1.8,11,234.8,209464,▲,O,X,8.306388888888888,16.64,7.0,2.0205479452054793,0.0,1,🔇 변동성 축소 (BW 8.9%). 📉 매도세 우위. 💸 자금 유입 지속. 🚀 단기 모멘텀 가속. ,28.2,,58.3,65.8,52.6,78.7,🔥 과열,1.유통·소비재(+42.2%) / 2.철강·금속(+38.0%) / 3.자동차·모빌리티(+22.3%) / 4.IT/전기전자(+21.3%) / 5.조선·기계·설비(+20.2%),3,31,20260102,20260102,25.84,12.3,28.23,2.39
090430,090430,KOSPI,기타 화학제품 제조업,기타 화학제품 제조업,화학·소재,126900,180.75,,125700,116300,148300,170800,71.1,69.7,82.1,0.0,,🔻 REV (역추세 반등),④ 바닥 반등 시도,1.68,-6.0,-6.2,-22.08,-46.86,0,0.88,1.0,0.97,0.92,0.35,0.17,0.58,62.8,66.6,3.98,122500,3.59,,228.4865,0.086,2.76,1.53,116280,1,6.83,1,0,0,1,False,4.88,2.17,3.76,O,▲,14,★,"주봉20선↑, 주봉추세우상향, HMA추세↑, HMA돌파, OBV매집, RSI적정, MACD상승, 20선근접, 거래량↑, 장기추세(120↑), 자금유입, MACD>Sig, VWAP상회",2.5,19,238.8,120204,▲,O,O,8.761666666666667,11.79888888888889,9.0,2.018867924528302,0.9546539379474941,1,🔇 변동성 축소 (BW 6.8%). 💪 매수세 장악(Power Buying). 💸 자금 유입 지속. 🚀 단기 모멘텀 가속. ,70.6,,71.0,65.8,52.6,78.7,🔥 과열,1.유통·소비재(+42.2%) / 2.철강·금속(+38.0%) / 3.자동차·모빌리티(+22.3%) / 4.IT/전기전자(+21.3%) / 5.조선·기계·설비(+20.2%),4,32,20260102,20260102,25.84,12.3,3.76,-22.08
007660,007660,KOSPI,전자부품 제조업,전자부품 제조업,IT/전기전자,121500,835.27,,121500,112900,138600,155600,70.9,79.6,85.5,0.0,,🔺 Watch (상승 준비),⑤ 하락 / 약세,-11.7,133.21,-19.58,44.57,92.35,0,0.87,0.85,1.0,1.0,0.49,1.0,0.65,23.1,27.7,-6.55,121057,0.37,,-2045.2998,0.2978,0.54,0.24,138140,-1,31.21,0,0,0,0,True,0.25,-1.94,70.41,O,▲,9,★,"주봉20선↑, 주봉추세우상향, HMA추세↑, OBV매집, MACD상승, 정배열(단), 장기추세(120↑), VWAP상회",2.0,20,243.0,116459,▲,O,O,11.841621621621623,27.6472972972973,4.0,1.9883720930232558,0.0,-1,🧱 구조적 지지선(Swing Low) 근접. 📉 매도세 우위. 🚀 단기 모멘텀 가속. 📉 과매도 기술적 반등 기대.,91.5,,77.1,65.8,52.6,78.7,🔥 과열,1.유통·소비재(+42.2%) / 2.철강·금속(+38.0%) / 3.자동차·모빌리티(+22.3%) / 4.IT/전기전자(+21.3%) / 5.조선·기계·설비(+20.2%),5,33,20260102,20260102,25.84,12.3,70.41,44.57
089970,089970,KOSDAQ,특수 목적용 기계 제조업,특수 목적용 기계 제조업,조선·기계·설비,30500,107.16,,29250,26300,35150,41000,70.5,67.4,69.4,0.0,,🔼 BRK (돌파),① 강한 상승 추세,22.0,158.04,20.15,61.99,136.57,2,0.48,0.92,0.35,0.65,0.64,0.04,0.75,53.2,59.8,7.37,29574,3.13,,39.2307,0.1146,1.28,1.25,25030,1,18.46,0,1,1,1,False,9.91,16.63,74.29,O,▲,10,★,"주봉20선↑, 주봉추세우상향, HMA추세↑, RSI적정, MACD상승, 거래량↑, 정배열(단), 장기추세(120↑), MACD>Sig, VWAP상회",2.5,67,196.0,29199,▲,O,X,10.054883720930233,26.984186046511628,5.0,1.1071428571428572,4.273504273504273,1,🌪️ 에너지 응축 시작 (2일차). 🚀 단기 모멘텀 가속. ⚠️ 단기 급등 조정 주의.,59.9,,67.3,65.8,52.6,78.7,🔥 과열,1.유통·소비재(+42.2%) / 2.철강·금속(+38.0%) / 3.자동차·모빌리티(+22.3%) / 4.IT/전기전자(+21.3%) / 5.조선·기계·설비(+20.2%),1,34,20260102,20260102,25.84,12.3,74.29,61.99
032350,032350,KOSPI,여행사 및 기타 여행보조 서비스업,여행사 및 기타 여행보조 서비스업,서비스 기타,22600,125.46,,22600,21000,25200,27800,70.4,55.7,79.4,0.0,,↩️ PULL (눌림),② 상승 후 조정,7.88,28.85,-0.0,7.41,-12.01,2,0.71,0.69,1.0,1.0,0.22,0.07,0.77,53.5,62.6,-0.3,22724,-0.55,,-135.7159,-0.0486,0.83,-0.27,19645,1,11.61,0,1,1,0,False,-0.66,-3.42,33.25,O,▲,7,★,"주봉20선↑, 주봉추세우상향, RSI적정, 20선근접, 정배열(단), 장기추세(120↑), 자금유입",1.8,110,248.6,22733,▼,X,X,1.9793333333333332,0.18066666666666648,11.0,1.625,0.0,1,🌪️ 에너지 응축 시작 (2일차). 📉 매도세 우위. 💸 자금 유입 지속. ✅ 20일선 눌림목 구간.,95.6,,78.0,65.8,52.6,78.7,🔥 과열,1.유통·소비재(+42.2%) / 2.철강·금속(+38.0%) / 3.자동차·모빌리티(+22.3%) / 4.IT/전기전자(+21.3%) / 5.조선·기계·설비(+20.2%),2,35,20260102,20260102,25.84,12.3,33.25,7.41
005290,005290,KOSDAQ,기초 화학물질 제조업,기초 화학물질 제조업,화학·소재,39650,207.07,,38700,34950,46150,53600,70.4,56.9,69.7,0.0,,🔺 Watch (상승 준비),⑤ 하락 / 약세,1.8,25.67,-0.05,-15.95,4.2,1,0.6,0.99,0.45,0.8,0.23,0.22,0.64,55.2,47.4,5.53,37897,4.62,,147.1435,-0.0064,1.78,0.59,34490,1,10.74,0,1,1,1,False,4.62,11.85,-3.65,O,▲,9,★,"주봉20선↑, 주봉추세우상향, HMA추세↑, HMA돌파, RSI적정, 거래량↑, 장기추세(120↑), MACD>Sig, VWAP상회",2.5,53,205.1,37509,▲,O,X,8.761666666666667,11.79888888888889,9.0,1.3829787234042554,2.454780361757106,1,🌪️ 에너지 응축 시작 (1일차). 📉 매도세 우위. ⚠️ 단기 급등 조정 주의.,81.1,,73.6,65.8,52.6,78.7,🔥 과열,1.유통·소비재(+42.2%) / 2.철강·금속(+38.0%) / 3.자동차·모빌리티(+22.3%) / 4.IT/전기전자(+21.3%) / 5.조선·기계·설비(+20.2%),5,36,20260102,20260102,25.84,12.3,-3.65,-15.95
006340,006340,KOSPI,절연선 및 케이블 제조업,절연선 및 케이블 제조업,기타,3835,105.32,,3835,3565,4375,4910,70.3,66.9,82.3,0.0,,🔺 Watch (관찰·돌파예상),⑤ 하락 / 약세,-0.13,26.36,-8.01,5.5,-14.5,0,0.87,0.85,1.0,1.0,0.32,0.04,0.72,57.3,75.4,1.39,3770,1.7,,-14.0092,0.0136,0.44,0.46,3550,1,18.61,0,0,0,1,False,1.59,-4.72,31.34,O,▲,10,★,"주봉20선↑, 주봉추세우상향, HMA돌파, RSI적정, MACD상승, 20선근접, 정배열(단), 장기추세(120↑), 자금유입, VWAP상회",2.0,651,249.7,3774,▼,O,X,8.306388888888888,16.64,7.0,2.0,0.0,1,📉 매도세 우위. 💰 외국인/기관 수급 집중. 📈 상승 모멘텀 개선. ✅ 20일선 눌림목 구간.,87.2,,75.4,65.8,52.6,78.7,🔥 과열,1.유통·소비재(+42.2%) / 2.철강·금속(+38.0%) / 3.자동차·모빌리티(+22.3%) / 4.IT/전기전자(+21.3%) / 5.조선·기계·설비(+20.2%),5,37,20260102,20260102,25.84,12.3,31.34,5.5
012330,012330,KOSPI,자동차 신품 부품 제조업,자동차 신품 부품 제조업,자동차·모빌리티,369000,366.14,,369000,343000,421000,472500,70.1,69.6,80.4,0.0,,↩️ PULL (눌림),③ 박스 / 중립,16.4,25.3,8.52,-2.22,-15.56,0,0.87,0.85,1.0,1.0,0.22,0.5,0.79,53.5,66.9,2.35,367351,0.45,,-987.503,-0.0209,0.73,0.78,329550,1,12.96,0,0,0,1,False,1.65,3.36,23.62,O,▲,9,★,"주봉20선↑, 주봉추세우상향, HMA추세↑, RSI적정, 20선근접, 정배열(단), 장기추세(120↑), 자금유입, VWAP상회",2.0,6,221.4,365918,▲,O,X,17.62818181818182,25.464545454545455,3.0,2.0,0.0,1,💸 자금 유입 지속. ,55.7,,65.8,65.8,52.6,78.7,🔥 과열,1.유통·소비재(+42.2%) / 2.철강·금속(+38.0%) / 3.자동차·모빌리티(+22.3%) / 4.IT/전기전자(+21.3%) / 5.조선·기계·설비(+20.2%),3,38,20260102,20260102,25.84,12.3,23.62,-2.22
005385,005385,KOSPI,기타,기타,기타,209000,140.25,,209000,195900,235500,261500,69.9,67.2,81.4,0.0,,🔺 Watch (관찰·돌파예상),③ 박스 / 중립,7.46,33.46,-0.42,2.3,-7.4,0,0.88,0.76,0.94,1.0,0.34,0.1,0.81,53.7,54.9,2.28,204655,2.12,,-21.2483,0.0635,1.03,0.6,194320,1,8.18,1,0,0,1,False,2.7,3.72,28.14,O,▲,9,★,"주봉20선↑, 주봉추세우상향, HMA추세↑, RSI적정, MACD상승, 20선근접, 정배열(단), 장기추세(120↑), VWAP상회",1.8,11,229.9,203650,▲,O,X,8.306388888888888,16.64,7.0,2.0229007633587788,0.0,1,🔇 변동성 축소 (BW 8.2%). 📉 매도세 우위. 🚀 단기 모멘텀 가속. ,26.4,,56.9,65.8,52.6,78.7,🔥 과열,1.유통·소비재(+42.2%) / 2.철강·금속(+38.0%) / 3.자동차·모빌리티(+22.3%) / 4.IT/전기전자(+21.3%) / 5.조선·기계·설비(+20.2%),3,39,20260102,20260102,25.84,12.3,28.14,2.3
067310,067310,KOSDAQ,반도체 제조업,반도체 제조업,반도체,26650,353.96,,25500,22950,30650,35750,69.7,64.4,66.4,0.0,,🔥 SQZ (폭발대기),⑤ 하락 / 약세,5.54,122.45,3.69,8.02,100.98,21,0.47,0.91,0.37,0.63,0.53,0.48,0.7,56.1,54.3,7.62,25491,4.54,,237.7966,0.2269,1.49,1.06,27055,-1,13.61,0,1,1,1,False,8.78,16.38,20.32,O,▲,9,★,"주봉20선↑, 주봉추세우상향, HMA추세↑, RSI적정, MACD상승, 거래량↑, 장기추세(120↑), MACD>Sig, VWAP상회",2.5,78,198.9,25103,▲,O,X,13.682500000000001,11.408125,8.0,1.0810810810810811,4.509803921568627,-1,🌪️ 21일 연속 응축 중! 폭발 임박. 🚀 단기 모멘텀 가속. ⚠️ 단기 급등 조정 주의.,88.3,,75.3,65.8,52.6,78.7,🔥 과열,1.유통·소비재(+42.2%) / 2.철강·금속(+38.0%) / 3.자동차·모빌리티(+22.3%) / 4.IT/전기전자(+21.3%) / 5.조선·기계·설비(+20.2%),5,40,20260102,20260102,25.84,12.3,20.32,8.02
094170,094170,KOSDAQ,반도체 제조업,반도체 제조업,반도체,28600,185.88,,28600,26550,32650,36700,69.3,73.2,86.0,0.0,,🔺 Watch (관찰·돌파예상),⑤ 하락 / 약세,-9.21,58.1,-11.06,51.13,36.63,0,0.86,0.85,1.0,1.0,0.51,0.18,0.76,46.9,57.5,-1.14,28406,0.68,,-353.1582,0.1805,0.64,0.46,25745,1,20.16,0,0,0,0,False,3.81,0.18,63.43,O,▲,8,★,"주봉20선↑, 주봉추세우상향, HMA추세↑, RSI적정, MACD상승, 정배열(단), 장기추세(120↑), VWAP상회",2.0,87,248.8,28013,▲,O,X,13.682500000000001,11.408125,8.0,1.975609756097561,0.0,1,📉 매도세 우위. 🚀 단기 모멘텀 가속. ✅ 20일선 눌림목 구간.,85.7,,74.2,65.8,52.6,78.7,🔥 과열,1.유통·소비재(+42.2%) / 2.철강·금속(+38.0%) / 3.자동차·모빌리티(+22.3%) / 4.IT/전기전자(+21.3%) / 5.조선·기계·설비(+20.2%),5,41,20260102,20260102,25.84,12.3,63.43,51.13
034730,034730,KOSPI,기타 금융업,기타 금융업,금융,259000,275.4,,259000,240500,295500,332000,69.3,64.7,81.7,0.0,,🔺 Watch (관찰·돌파예상),③ 박스 / 중립,0.19,33.03,-7.69,-2.51,-7.83,0,0.86,0.85,1.0,1.0,0.3,0.34,0.82,44.0,34.1,0.36,250665,3.32,,-461.7504,0.2055,0.83,0.64,239600,1,12.44,0,0,0,1,False,4.23,1.97,23.33,O,▲,8,★,"주봉20선↑, 주봉추세우상향, HMA추세↑, MACD상승, 20선근접, 정배열(단), 장기추세(120↑), VWAP상회",2.0,9,233.1,247562,▲,O,X,0.11500000000000013,-1.5974999999999997,12.0,1.972972972972973,0.0,1,🚀 단기 모멘텀 가속. ✅ 20일선 눌림목 구간.,85.8,,74.3,65.8,52.6,78.7,🔥 과열,1.유통·소비재(+42.2%) / 2.철강·금속(+38.0%) / 3.자동차·모빌리티(+22.3%) / 4.IT/전기전자(+21.3%) / 5.조선·기계·설비(+20.2%),3,42,20260102,20260102,25.84,12.3,23.33,-2.51
035720,035720,KOSPI,"자료처리, 호스팅, 포털 및 기타 인터넷 정보매개 서비스업","자료처리, 호스팅, 포털 및 기타 인터넷 정보매개 서비스업",서비스 기타,62100,603.0,,61400,57000,70000,78600,69.1,74.2,76.2,0.0,,🔼 BRK (돌파),④ 바닥 반등 시도,4.37,3.33,-3.51,-21.65,-37.53,0,0.68,0.77,1.0,0.91,0.38,0.92,0.79,60.3,64.0,4.19,60082,3.36,장악형,379.5606,0.1388,1.51,1.58,55120,1,10.09,0,0,0,1,False,5.25,7.25,4.19,O,▼,12,★,"주봉20선↑, HMA추세↑, RSI적정, MACD상승, 20선근접, 거래량↑, 장기추세(120↑), 자금유입, MACD>Sig, VWAP상회, 패턴(장악형)",1.8,40,245.6,59463,▲,O,X,1.9793333333333332,0.18066666666666648,11.0,1.5490196078431373,1.1400651465798046,1,💪 매수세 장악(Power Buying). 💸 자금 유입 지속. 🚀 단기 모멘텀 가속. ,66.0,,68.2,65.8,52.6,78.7,🔥 과열,1.유통·소비재(+42.2%) / 2.철강·금속(+38.0%) / 3.자동차·모빌리티(+22.3%) / 4.IT/전기전자(+21.3%) / 5.조선·기계·설비(+20.2%),4,43,20260102,20260102,25.84,12.3,4.19,-21.65
267260,267260,KOSPI,"전동기, 발전기 및 전기 변환 · 공급 · 제어 장치 제조업","전동기, 발전기 및 전기 변환 · 공급 · 제어 장치 제조업",인프라·에너지,819000,352.22,,819000,761000,934000,1049000,68.9,63.2,81.7,0.0,,🔺 Watch (관찰·돌파예상),⑤ 하락 / 약세,4.87,87.41,-3.01,14.88,46.55,0,0.87,0.85,1.0,1.0,0.3,0.47,0.77,43.8,49.3,0.5,782634,4.65,장악형,-4107.0618,0.0841,1.2,0.15,851700,-1,13.79,0,0,0,1,False,3.15,-0.73,40.72,O,▲,9,★,"주봉20선↑, 주봉추세우상향, HMA돌파, MACD상승, 20선근접, 정배열(단), 장기추세(120↑), VWAP상회, 패턴(장악형)",2.0,3,245.7,773961,▼,O,X,0.6112499999999998,-3.1162499999999995,13.0,1.9827586206896552,0.0,-1,📉 매도세 우위. 🚀 단기 모멘텀 가속. ✅ 20일선 눌림목 구간.,97.4,,77.5,65.8,52.6,78.7,🔥 과열,1.유통·소비재(+42.2%) / 2.철강·금속(+38.0%) / 3.자동차·모빌리티(+22.3%) / 4.IT/전기전자(+21.3%) / 5.조선·기계·설비(+20.2%),5,44,20260102,20260102,25.84,12.3,40.72,14.88
388870,388870,KOSDAQ,자연과학 및 공학 연구개발업,자연과학 및 공학 연구개발업,기타,9060,53.95,,9060,8420,11300,13530,68.7,55.7,76.3,0.0,,↩️ PULL (눌림),② 상승 후 조정,-1.84,45.89,-3.69,48.91,24.42,3,1.0,1.0,1.0,1.0,0.12,0.0,0.58,35.2,57.8,-8.93,9571,-5.35,,-259.9768,-0.4724,0.44,-1.32,7357,1,23.3,0,1,1,0,True,-8.58,-10.12,61.21,O,▲,4,,"주봉20선↑, 주봉추세우상향, 정배열(단), 장기추세(120↑)",1.8,275,249.2,9875,▼,X,X,8.306388888888888,16.64,7.0,3.5,0.0,1,🌪️ 에너지 응축 시작 (3일차). 🧱 구조적 지지선(Swing Low) 근접. 📉 매도세 우위. 📉 과매도 기술적 반등 기대.,94.6,,76.5,65.8,52.6,78.7,🔥 과열,1.유통·소비재(+42.2%) / 2.철강·금속(+38.0%) / 3.자동차·모빌리티(+22.3%) / 4.IT/전기전자(+21.3%) / 5.조선·기계·설비(+20.2%),2,45,20260102,20260102,25.84,12.3,61.21,48.91
108490,108490,KOSDAQ,특수 목적용 기계 제조업,특수 목적용 기계 제조업,조선·기계·설비,269500,301.72,,269500,250500,313000,356500,68.3,69.7,86.2,0.0,,↩️ PULL (눌림),② 상승 후 조정,7.8,291.99,5.95,55.4,270.52,0,1.0,0.97,1.0,1.0,0.33,0.39,0.64,43.8,67.4,-3.89,267362,0.8,,-5120.114,-0.1159,0.4,-1.06,226350,1,20.78,0,0,0,0,False,-3.41,-7.55,67.7,O,▲,7,★,"주봉20선↑, 주봉추세우상향, HMA돌파, 정배열(단), 장기추세(120↑), 자금유입, VWAP상회",2.0,9,242.6,264731,▼,O,X,10.054883720930233,26.984186046511628,5.0,2.289473684210526,0.0,1,📉 매도세 우위. 💸 자금 유입 지속. ,94.1,,76.0,65.8,52.6,78.7,🔥 과열,1.유통·소비재(+42.2%) / 2.철강·금속(+38.0%) / 3.자동차·모빌리티(+22.3%) / 4.IT/전기전자(+21.3%) / 5.조선·기계·설비(+20.2%),2,46,20260102,20260102,25.84,12.3,67.7,55.4
000250,000250,KOSDAQ,의약품 제조업,의약품 제조업,바이오·의약품,244500,140.21,,235000,211500,282500,329500,68.3,61.6,66.5,0.0,,🔥 SQZ (폭발대기),③ 박스 / 중립,7.95,58.56,6.1,1.16,37.09,5,0.5,0.94,0.37,0.66,0.43,0.1,0.79,53.0,47.9,7.15,226948,7.73,,805.1468,0.1626,1.02,1.16,200850,1,15.34,0,1,1,1,False,9.15,7.47,13.46,O,▲,9,★,"주봉20선↑, 주봉추세우상향, HMA추세↑, RSI적정, MACD상승, 정배열(단), 장기추세(120↑), MACD>Sig, VWAP상회",2.5,8,188.0,229111,▲,O,X,5.0325,11.853749999999998,10.0,1.1515151515151516,4.042553191489362,1,🌪️ 5일 연속 응축 중! 폭발 임박. 🚀 단기 모멘텀 가속. ⚠️ 단기 급등 조정 주의.,74.6,,70.2,65.8,52.6,78.7,🔥 과열,1.유통·소비재(+42.2%) / 2.철강·금속(+38.0%) / 3.자동차·모빌리티(+22.3%) / 4.IT/전기전자(+21.3%) / 5.조선·기계·설비(+20.2%),3,47,20260102,20260102,25.84,12.3,13.46,1.16
094360,094360,KOSDAQ,반도체 제조업,반도체 제조업,반도체,18540,150.62,,18390,17100,21000,23550,67.9,65.0,78.8,0.0,,🔼 BRK (돌파),③ 박스 / 중립,15.87,-2.22,14.02,3.57,-23.69,0,0.75,0.8,1.0,0.93,0.39,0.12,0.65,48.3,62.3,3.85,18158,2.1,장악형,17.3518,0.0904,0.45,-1.07,16125,1,21.89,0,0,0,1,False,7.92,7.17,15.87,O,▲,12,★,"주봉20선↑, 주봉추세우상향, HMA추세↑, RSI적정, MACD상승, 20선근접, 정배열(단), 장기추세(120↑), 자금유입, MACD>Sig, VWAP상회, 패턴(장악형)",2.0,135,248.3,17761,▲,O,X,13.682500000000001,11.408125,8.0,1.7083333333333333,0.8156606851549755,1,📉 매도세 우위. 💸 자금 유입 지속. 🚀 단기 모멘텀 가속. ,90.5,,74.7,65.8,52.6,78.7,🔥 과열,1.유통·소비재(+42.2%) / 2.철강·금속(+38.0%) / 3.자동차·모빌리티(+22.3%) / 4.IT/전기전자(+21.3%) / 5.조선·기계·설비(+20.2%),3,48,20260102,20260102,25.84,12.3,15.87,3.57
310210,310210,KOSDAQ,자연과학 및 공학 연구개발업,자연과학 및 공학 연구개발업,기타,215000,92.13,,215000,200500,244000,272500,67.8,70.4,84.9,0.0,,🔺 Watch (관찰·돌파예상),⑤ 하락 / 약세,-11.34,79.17,-13.19,20.01,57.7,0,0.87,0.81,0.99,1.0,0.48,0.02,0.79,46.2,35.5,-1.69,219742,-2.16,,-323.6647,0.2103,0.79,0.59,200750,1,20.43,0,0,0,0,False,3.37,1.18,32.31,O,▲,6,★,"주봉20선↑, 주봉추세우상향, RSI적정, MACD상승, 정배열(단), 장기추세(120↑)",2.0,11,236.5,215666,▲,X,X,8.306388888888888,16.64,7.0,2.0,0.0,1,📉 매도세 우위. 🚀 단기 모멘텀 가속. ✅ 20일선 눌림목 구간.,86.2,,73.3,65.8,52.6,78.7,🔥 과열,1.유통·소비재(+42.2%) / 2.철강·금속(+38.0%) / 3.자동차·모빌리티(+22.3%) / 4.IT/전기전자(+21.3%) / 5.조선·기계·설비(+20.2%),5,49,20260102,20260102,25.84,12.3,32.31,20.01
034020,034020,KOSPI,일반 목적용 기계 제조업,일반 목적용 기계 제조업,조선·기계·설비,75200,6156.28,,75200,69900,81500,87800,67.7,61.4,71.4,0.0,,↩️ PULL (눌림),⑤ 하락 / 약세,0.27,19.55,-7.61,-5.9,-21.31,10,0.52,0.51,1.0,1.0,0.1,1.0,0.72,46.1,43.5,-2.29,75382,-0.24,,-170.6826,-0.0298,0.71,-1.72,83200,-1,8.85,1,1,1,0,True,-3.09,-2.72,19.94,O,▲,4,,"주봉20선↑, 주봉추세우상향, RSI적정, 장기추세(120↑)",1.8,33,248.2,75401,▼,X,X,10.054883720930233,26.984186046511628,5.0,1.1886792452830188,0.0,-1,🌪️ 10일 연속 응축 중! 폭발 임박. 🧱 구조적 지지선(Swing Low) 근접. 📉 매도세 우위. ,39.9,,59.4,65.8,52.6,78.7,🔥 과열,1.유통·소비재(+42.2%) / 2.철강·금속(+38.0%) / 3.자동차·모빌리티(+22.3%) / 4.IT/전기전자(+21.3%) / 5.조선·기계·설비(+20.2%),5,50,20260102,20260102,25.84,12.3,19.94,-5.9
448900,448900,KOSDAQ,자동차 신품 부품 제조업,자동차 신품 부품 제조업,자동차·모빌리티,51600,81.35,,51600,47950,63000,74300,66.7,72.3,82.4,0.0,,🔺 Watch (관찰·돌파예상),⑤ 하락 / 약세,-19.37,267.26,-21.22,146.09,245.79,0,1.0,1.0,1.0,1.0,0.62,0.0,0.73,40.4,36.0,-6.53,47194,9.33,,-1885.1527,0.2565,1.05,0.39,42650,1,50.13,0,0,0,0,False,8.18,-11.95,158.39,O,▲,7,★,"주봉20선↑, 주봉추세우상향, HMA돌파, MACD상승, 정배열(단), 장기추세(120↑), VWAP상회",2.0,48,247.7,44378,▼,O,X,17.62818181818182,25.464545454545455,3.0,3.1232876712328768,0.0,1,📉 매도세 우위. 🚀 단기 모멘텀 가속. 📉 과매도 기술적 반등 기대.,89.3,,73.5,65.8,52.6,78.7,🔥 과열,1.유통·소비재(+42.2%) / 2.철강·금속(+38.0%) / 3.자동차·모빌리티(+22.3%) / 4.IT/전기전자(+21.3%) / 5.조선·기계·설비(+20.2%),5,51,20260102,20260102,25.84,12.3,158.39,146.09
083650,083650,KOSDAQ,일반 목적용 기계 제조업,일반 목적용 기계 제조업,조선·기계·설비,52700,271.97,,52700,49000,60800,68800,66.2,68.6,82.9,0.0,,↩️ PULL (눌림),③ 박스 / 중립,12.37,38.68,10.52,-0.65,17.21,0,0.96,0.93,1.0,1.0,0.23,0.33,0.62,51.4,56.3,-3.16,52973,-0.52,,-622.6827,-0.2016,0.17,-1.95,46777,1,24.69,0,0,0,0,True,-5.05,-6.23,11.65,O,▲,5,★,"주봉20선↑, 주봉추세우상향, RSI적정, 정배열(단), 장기추세(120↑)",2.0,47,247.7,53125,▼,X,X,10.054883720930233,26.984186046511628,5.0,2.189189189189189,0.0,1,🧱 구조적 지지선(Swing Low) 근접. 📉 매도세 우위. ,94.9,,74.8,65.8,52.6,78.7,🔥 과열,1.유통·소비재(+42.2%) / 2.철강·금속(+38.0%) / 3.자동차·모빌리티(+22.3%) / 4.IT/전기전자(+21.3%) / 5.조선·기계·설비(+20.2%),3,52,20260102,20260102,25.84,12.3,11.65,-0.65
316140,316140,KOSPI,기타 금융업,기타 금융업,금융,28050,130.35,,28050,26850,29850,31600,66.0,43.6,68.9,0.0,,↩️ PULL (눌림),⑤ 하락 / 약세,-3.28,19.62,-11.16,-17.75,-21.24,1,0.65,0.39,0.44,1.0,0.21,0.08,0.82,57.6,36.3,0.3,28103,-0.19,망치형,-32.5553,-0.0494,0.81,0.69,26595,1,5.74,1,1,1,1,True,-0.53,2.56,8.09,O,▲,7,★,"주봉20선↑, 주봉추세우상향, RSI적정, 20선근접, 정배열(단), 장기추세(120↑), 패턴(망치형)",1.8,89,249.6,28288,▲,X,X,0.11500000000000013,-1.5974999999999997,12.0,1.5,0.0,1,🌪️ 에너지 응축 시작 (1일차). 🧱 구조적 지지선(Swing Low) 근접. ✅ 20일선 눌림목 구간.,66.7,,66.2,65.8,52.6,78.7,🔥 과열,1.유통·소비재(+42.2%) / 2.철강·금속(+38.0%) / 3.자동차·모빌리티(+22.3%) / 4.IT/전기전자(+21.3%) / 5.조선·기계·설비(+20.2%),5,53,20260102,20260102,25.84,12.3,8.09,-17.75
010130,010130,KOSPI,1차 비철금속 제조업,1차 비철금속 제조업,철강·금속,1287000,97.36,,1287000,1196000,1494000,1700000,65.6,63.7,84.5,0.0,,🔁 MR (반전),⑤ 하락 / 약세,-2.43,55.81,-10.31,13.9,14.95,0,0.99,0.97,1.0,1.0,0.25,0.03,0.67,38.0,39.2,-6.98,1327051,-3.02,,-23574.7149,0.0281,0.85,-1.2,1534000,-1,26.27,0,0,0,0,True,-5.09,-6.06,39.74,O,▲,5,★,"주봉20선↑, 주봉추세우상향, MACD상승, 정배열(단), 장기추세(120↑)",2.0,1,128.7,1292662,▼,X,X,13.106,54.63000000000001,2.0,2.2747252747252746,0.0,-1,🧱 구조적 지지선(Swing Low) 근접. 📉 매도세 우위. 🚀 단기 모멘텀 가속. 📉 과매도 기술적 반등 기대.,92.0,,73.5,65.8,52.6,78.7,🔥 과열,1.유통·소비재(+42.2%) / 2.철강·금속(+38.0%) / 3.자동차·모빌리티(+22.3%) / 4.IT/전기전자(+21.3%) / 5.조선·기계·설비(+20.2%),5,54,20260102,20260102,25.84,12.3,39.74,13.9
476060,476060,KOSDAQ,자연과학 및 공학 연구개발업,자연과학 및 공학 연구개발업,기타,19860,128.94,,19460,17510,23400,27250,65.6,67.0,73.7,0.0,,🔼 BRK (돌파),① 강한 상승 추세,-0.95,264.4,-2.8,41.95,242.93,0,0.66,1.0,0.36,0.83,0.57,0.08,0.79,61.7,76.4,5.1,21076,-5.77,,90.3972,0.1457,0.35,2.03,16482,1,33.11,0,0,0,1,False,6.72,5.98,54.25,O,▲,10,★,"주봉20선↑, 주봉추세우상향, OBV매집, RSI적정, MACD상승, 정배열(단), 장기추세(120↑), 자금유입, MACD>Sig",2.5,102,198.5,20527,▲,X,O,8.306388888888888,16.64,7.0,1.5063829787234042,2.055498458376156,1,💪 매수세 장악(Power Buying). 💰 외국인/기관 수급 집중. 🚀 단기 모멘텀 가속. ⚠️ 단기 급등 조정 주의.,93.8,,74.1,65.8,52.6,78.7,🔥 과열,1.유통·소비재(+42.2%) / 2.철강·금속(+38.0%) / 3.자동차·모빌리티(+22.3%) / 4.IT/전기전자(+21.3%) / 5.조선·기계·설비(+20.2%),1,55,20260102,20260102,25.84,12.3,54.25,41.95
045100,045100,KOSDAQ,"건축기술, 엔지니어링 및 관련 기술 서비스업","건축기술, 엔지니어링 및 관련 기술 서비스업",서비스 기타,22600,60.05,,21950,20100,26300,30650,65.5,51.7,63.6,0.0,,🔼 BRK (돌파),⑤ 하락 / 약세,9.98,24.52,8.13,5.65,3.05,22,0.65,0.99,0.8,0.75,0.28,0.0,0.56,68.7,72.1,6.15,21724,4.03,장악형,52.3977,0.0711,2.51,1.18,19720,1,7.61,1,1,1,1,False,5.36,6.86,17.95,O,▲,12,★,"주봉20선↑, 주봉추세우상향, HMA추세↑, HMA돌파, MACD상승, 거래량↑, 정배열(단), 장기추세(120↑), 자금유입, MACD>Sig, VWAP상회, 패턴(장악형)",2.5,108,237.1,21481,▲,O,X,1.9793333333333332,0.18066666666666648,11.0,1.48,2.9612756264236904,1,🌪️ 22일 연속 응축 중! 폭발 임박. 💰 외국인/기관 수급 집중. 🚀 단기 모멘텀 가속. ⚠️ 단기 급등 조정 주의.,70.1,,66.9,65.8,52.6,78.7,🔥 과열,1.유통·소비재(+42.2%) / 2.철강·금속(+38.0%) / 3.자동차·모빌리티(+22.3%) / 4.IT/전기전자(+21.3%) / 5.조선·기계·설비(+20.2%),5,56,20260102,20260102,25.84,12.3,17.95,5.65
049180,049180,KOSDAQ,기초 의약물질 제조업,기초 의약물질 제조업,기타,808,111.03,,808,751,1100,1391,64.5,59.8,84.7,0.0,,↩️ PULL (눌림),③ 박스 / 중립,2.54,-13.68,0.69,2.64,-35.15,0,1.0,1.0,1.0,1.0,0.24,0.05,0.41,51.0,58.6,-13.19,1554,-48.02,,31.2184,-1.0163,2.19,-0.98,1603,-1,149.73,0,0,0,0,False,-28.05,12.38,14.94,O,▼,8,★,"주봉20선↑, OBV매집, RSI적정, 거래량↑, 정배열(단), 장기추세(120↑), MACD>Sig",2.0,3094,250.0,1424,▲,X,O,8.306388888888888,16.64,7.0,5.12280701754386,0.0,-1,📉 매도세 우위. 📉 과매도 기술적 반등 기대.,91.9,,72.7,65.8,52.6,78.7,🔥 과열,1.유통·소비재(+42.2%) / 2.철강·금속(+38.0%) / 3.자동차·모빌리티(+22.3%) / 4.IT/전기전자(+21.3%) / 5.조선·기계·설비(+20.2%),3,57,20260102,20260102,25.84,12.3,14.94,2.64
950160,950160,KOSDAQ,기초 의약물질 제조업,기초 의약물질 제조업,기타,71500,212.31,,71500,67600,81200,90800,64.4,61.3,83.8,0.0,,🔁 MR (반전),⑤ 하락 / 약세,-14.17,70.85,-16.02,37.13,49.38,0,1.0,0.82,0.77,1.0,0.41,0.23,0.35,31.3,34.9,-8.04,73634,-2.9,,-1333.8795,0.2285,3.01,-0.63,67685,1,18.84,0,0,0,0,False,-5.17,-7.5,49.43,O,▲,6,★,"주봉20선↑, 주봉추세우상향, MACD상승, 거래량↑, 정배열(단), 장기추세(120↑)",2.5,34,243.1,74341,▲,X,X,8.306388888888888,16.64,7.0,2.4871794871794872,0.0,1,📉 매도세 우위. 🚀 단기 모멘텀 가속. 📉 과매도 기술적 반등 기대.,94.5,,73.4,65.8,52.6,78.7,🔥 과열,1.유통·소비재(+42.2%) / 2.철강·금속(+38.0%) / 3.자동차·모빌리티(+22.3%) / 4.IT/전기전자(+21.3%) / 5.조선·기계·설비(+20.2%),5,58,20260102,20260102,25.84,12.3,49.43,37.13
005940,005940,KOSPI,금융 지원 서비스업,금융 지원 서비스업,서비스 기타,21300,65.25,,21300,20350,23200,25100,64.1,44.2,65.1,0.0,,↩️ PULL (눌림),⑤ 하락 / 약세,0.71,5.45,-7.17,-16.16,-35.41,14,0.87,0.54,0.49,1.0,0.2,0.0,0.74,58.0,44.0,0.95,21199,0.47,망치형,13.9826,-0.0069,0.72,0.01,19770,1,4.62,1,1,1,1,True,-0.23,0.71,9.68,O,▲,13,★,"주봉20선↑, 주봉추세우상향, HMA추세↑, HMA돌파, OBV매집, RSI적정, 20선근접, 정배열(단), 장기추세(120↑), MACD>Sig, VWAP상회, 패턴(망치형)",1.8,117,249.2,21239,▲,O,O,1.9793333333333332,0.18066666666666648,11.0,2.0,0.0,1,🌪️ 14일 연속 응축 중! 폭발 임박. 🧱 구조적 지지선(Swing Low) 근접. 📉 매도세 우위. ✅ 20일선 눌림목 구간.,39.1,,56.6,65.8,52.6,78.7,🔥 과열,1.유통·소비재(+42.2%) / 2.철강·금속(+38.0%) / 3.자동차·모빌리티(+22.3%) / 4.IT/전기전자(+21.3%) / 5.조선·기계·설비(+20.2%),5,59,20260102,20260102,25.84,12.3,9.68,-16.16
010950,010950,KOSPI,석유 정제품 제조업,석유 정제품 제조업,기타,80300,103.2,,80300,77000,86300,92200,63.9,48.1,71.8,0.0,,↩️ PULL (눌림),③ 박스 / 중립,-0.62,29.1,-8.5,2.85,-11.76,3,0.79,0.45,0.4,1.0,0.21,0.04,0.76,47.3,40.1,-2.19,81776,-1.8,,-387.8272,-0.0793,1.07,-0.72,77080,1,8.69,1,1,1,0,True,-4.4,-4.18,28.69,O,▲,5,★,"주봉20선↑, 주봉추세우상향, RSI적정, 정배열(단), 장기추세(120↑)",1.8,31,248.9,82559,▼,X,X,8.306388888888888,16.64,7.0,1.8181818181818181,0.0,1,🌪️ 에너지 응축 시작 (3일차). 🧱 구조적 지지선(Swing Low) 근접. 📉 매도세 우위. ,65.2,,64.3,65.8,52.6,78.7,🔥 과열,1.유통·소비재(+42.2%) / 2.철강·금속(+38.0%) / 3.자동차·모빌리티(+22.3%) / 4.IT/전기전자(+21.3%) / 5.조선·기계·설비(+20.2%),3,60,20260102,20260102,25.84,12.3,28.69,2.85
012450,012450,KOSPI,"항공기,우주선 및 부품 제조업","항공기,우주선 및 부품 제조업",기타,946000,920.62,,930000,864000,1028000,1126000,63.8,70.3,68.5,0.0,,🔼 BRK (돌파),④ 바닥 반등 시도,14.81,17.52,6.93,-40.38,-23.34,0,0.44,0.52,1.0,0.86,0.43,1.0,0.72,53.2,58.1,4.77,925430,2.22,,8648.2242,0.2223,0.81,0.21,834700,1,15.84,0,0,0,1,False,5.11,8.11,-14.54,X,▲,6,★,"주봉추세우상향, 주봉역배열주의, HMA추세↑, RSI적정, MACD상승, 20선근접, 장기추세(120↑), MACD>Sig, VWAP상회",2.0,2,186.0,902537,▲,O,X,8.306388888888888,16.64,7.0,1.0,1.7204301075268817,1,📉 매도세 우위. 🚀 단기 모멘텀 가속. ,81.7,,69.2,65.8,52.6,78.7,🔥 과열,1.유통·소비재(+42.2%) / 2.철강·금속(+38.0%) / 3.자동차·모빌리티(+22.3%) / 4.IT/전기전자(+21.3%) / 5.조선·기계·설비(+20.2%),4,61,20260102,20260102,25.84,12.3,-14.54,-40.38
105840,105840,KOSPI,"측정, 시험, 항해, 제어 및 기타 정밀기기 제조업; 광학기기 제외","측정, 시험, 항해, 제어 및 기타 정밀기기 제조업; 광학기기 제외",기타,17170,192.28,,17170,15960,20000,22850,63.2,59.6,82.4,0.0,,↩️ PULL (눌림),③ 박스 / 중립,10.85,70.0,2.97,-4.92,29.14,0,1.0,0.99,1.0,1.0,0.12,0.19,0.58,44.4,62.0,-5.79,17554,-2.19,,-318.6013,-0.2406,0.18,-2.18,15877,1,27.85,0,0,0,0,True,-6.12,-8.03,20.92,O,▲,5,★,"주봉20선↑, 주봉추세우상향, 정배열(단), 장기추세(120↑), 자금유입",2.0,145,249.0,17432,▼,X,X,8.306388888888888,16.64,7.0,2.3388429752066116,0.0,1,🧱 구조적 지지선(Swing Low) 근접. 📉 매도세 우위. 💸 자금 유입 지속. 📉 과매도 기술적 반등 기대.,94.6,,72.6,65.8,52.6,78.7,🔥 과열,1.유통·소비재(+42.2%) / 2.철강·금속(+38.0%) / 3.자동차·모빌리티(+22.3%) / 4.IT/전기전자(+21.3%) / 5.조선·기계·설비(+20.2%),3,62,20260102,20260102,25.84,12.3,20.92,-4.92
000810,000810,KOSPI,보험업,보험업,금융,497000,98.36,,497000,466500,558000,618000,62.8,62.0,80.4,0.0,,↩️ PULL (눌림),④ 바닥 반등 시도,0.0,12.83,-7.88,-15.76,-28.03,0,0.87,0.74,0.92,1.0,0.33,0.03,0.83,50.9,42.4,-0.94,494988,0.41,,-1730.6774,0.0462,0.51,1.5,466800,1,24.91,0,0,0,0,True,-0.2,2.37,10.08,O,▲,11,★,"주봉20선↑, 주봉추세우상향, HMA추세↑, OBV매집, RSI적정, MACD상승, 20선근접, 정배열(단), 장기추세(120↑), VWAP상회",2.0,5,248.5,490019,▲,O,O,0.11500000000000013,-1.5974999999999997,12.0,2.0,0.0,1,🧱 구조적 지지선(Swing Low) 근접. 💪 매수세 장악(Power Buying). 🚀 단기 모멘텀 가속. ✅ 20일선 눌림목 구간.,82.6,,68.7,65.8,52.6,78.7,🔥 과열,1.유통·소비재(+42.2%) / 2.철강·금속(+38.0%) / 3.자동차·모빌리티(+22.3%) / 4.IT/전기전자(+21.3%) / 5.조선·기계·설비(+20.2%),4,63,20260102,20260102,25.84,12.3,10.08,-15.76
055550,055550,KOSPI,기타 금융업,기타 금융업,금융,76600,228.76,,76600,74600,80200,83700,62.8,49.5,68.9,0.0,,🔺 Watch (상승 준비),④ 바닥 반등 시도,-5.9,16.06,-13.78,-17.65,-24.8,1,0.79,0.28,0.12,1.0,0.31,0.26,0.83,47.2,45.7,-1.24,76962,-0.47,,-142.5791,0.0158,0.68,1.2,74635,1,6.0,1,1,1,0,True,0.13,1.06,8.19,O,▲,6,★,"주봉20선↑, 주봉추세우상향, RSI적정, MACD상승, 정배열(단), 장기추세(120↑)",1.8,32,245.1,77073,▲,X,X,0.11500000000000013,-1.5974999999999997,12.0,1.8,0.0,1,🌪️ 에너지 응축 시작 (1일차). 🧱 구조적 지지선(Swing Low) 근접. 📈 상승 모멘텀 개선. ✅ 20일선 눌림목 구간.,18.5,,49.5,65.8,52.6,78.7,🔥 과열,1.유통·소비재(+42.2%) / 2.철강·금속(+38.0%) / 3.자동차·모빌리티(+22.3%) / 4.IT/전기전자(+21.3%) / 5.조선·기계·설비(+20.2%),4,64,20260102,20260102,25.84,12.3,8.19,-17.65
161580,161580,KOSDAQ,특수 목적용 기계 제조업,특수 목적용 기계 제조업,조선·기계·설비,46150,108.73,,45550,42350,52000,58400,62.6,58.1,73.0,0.0,,🔺 Watch (상승 준비),② 상승 후 조정,10.14,26.09,8.29,10.93,4.62,0,0.67,0.76,1.0,0.89,0.25,0.05,0.75,52.6,47.5,4.31,44723,3.19,,35.747,-0.0074,1.18,0.52,41360,1,15.9,0,0,0,1,False,4.53,4.18,23.23,O,▲,10,★,"주봉20선↑, 주봉추세우상향, HMA추세↑, HMA돌파, RSI적정, 20선근접, 정배열(단), 장기추세(120↑), MACD>Sig, VWAP상회",2.0,54,246.0,44773,▲,O,X,10.054883720930233,26.984186046511628,5.0,1.5394736842105263,1.3172338090010975,1,📉 매도세 우위. ,68.7,,64.4,65.8,52.6,78.7,🔥 과열,1.유통·소비재(+42.2%) / 2.철강·금속(+38.0%) / 3.자동차·모빌리티(+22.3%) / 4.IT/전기전자(+21.3%) / 5.조선·기계·설비(+20.2%),2,65,20260102,20260102,25.84,12.3,23.23,10.93
457190,457190,KOSPI,기초 화학물질 제조업,기초 화학물질 제조업,화학·소재,56100,337.5,,56100,52100,63500,70900,62.3,61.7,79.6,0.0,,🔺 Watch (상승 준비),④ 바닥 반등 시도,6.86,33.1,-1.02,-5.06,-7.76,0,0.81,0.8,1.0,1.0,0.28,0.45,0.69,27.1,31.2,-4.03,57377,-2.23,,-389.4856,0.1697,0.67,0.07,65620,-1,32.07,0,0,0,0,False,0.9,-6.5,20.78,O,▲,6,★,"주봉20선↑, 주봉추세우상향, HMA추세↑, MACD상승, 정배열(단), 장기추세(120↑)",2.0,44,246.8,55876,▲,O,X,8.761666666666667,11.79888888888889,9.0,1.85,0.0,-1,📉 매도세 우위. 🚀 단기 모멘텀 가속. ,97.0,,72.7,65.8,52.6,78.7,🔥 과열,1.유통·소비재(+42.2%) / 2.철강·금속(+38.0%) / 3.자동차·모빌리티(+22.3%) / 4.IT/전기전자(+21.3%) / 5.조선·기계·설비(+20.2%),4,66,20260102,20260102,25.84,12.3,20.78,-5.06
009420,009420,KOSPI,의약품 제조업,의약품 제조업,바이오·의약품,42200,136.48,,42200,39200,47650,53100,61.8,57.4,81.1,0.0,,↩️ PULL (눌림),③ 박스 / 중립,-20.08,65.17,-27.96,2.62,24.31,0,0.79,0.78,1.0,1.0,0.37,0.09,0.6,29.5,24.3,-7.85,42900,-1.63,,-494.953,0.3297,0.49,0.05,47810,-1,37.94,0,0,0,0,True,-1.17,-2.99,28.46,O,▲,6,★,"주봉20선↑, 주봉추세우상향, HMA추세↑, MACD상승, 정배열(단), 장기추세(120↑)",2.0,59,249.0,41459,▲,O,X,5.0325,11.853749999999998,10.0,1.8166666666666667,0.0,-1,🧱 구조적 지지선(Swing Low) 근접. 📉 매도세 우위. 🚀 단기 모멘텀 가속. 📉 과매도 기술적 반등 기대.,97.3,,72.5,65.8,52.6,78.7,🔥 과열,1.유통·소비재(+42.2%) / 2.철강·금속(+38.0%) / 3.자동차·모빌리티(+22.3%) / 4.IT/전기전자(+21.3%) / 5.조선·기계·설비(+20.2%),3,67,20260102,20260102,25.84,12.3,28.46,2.62
226950,226950,KOSDAQ,자연과학 및 공학 연구개발업,자연과학 및 공학 연구개발업,기타,139800,502.12,,135600,122000,162800,189900,61.7,75.4,70.1,0.0,,🔺 Watch (관찰·돌파예상),① 강한 상승 추세,7.54,259.85,5.69,34.86,238.38,0,0.56,0.99,0.36,0.74,0.61,0.74,0.8,55.3,67.8,6.18,135911,2.86,,259.2448,0.2718,0.46,2.17,114970,1,23.32,0,0,0,1,False,10.95,-0.64,47.16,O,▲,10,★,"주봉20선↑, 주봉추세우상향, HMA추세↑, RSI적정, MACD상승, 정배열(단), 장기추세(120↑), 자금유입, MACD>Sig, VWAP상회",2.5,14,189.8,135316,▲,O,X,8.306388888888888,16.64,7.0,1.2921348314606742,3.0973451327433628,1,💪 매수세 장악(Power Buying). 💸 자금 유입 지속. 🚀 단기 모멘텀 가속. ⚠️ 단기 급등 조정 주의.,91.5,,70.6,65.8,52.6,78.7,🔥 과열,1.유통·소비재(+42.2%) / 2.철강·금속(+38.0%) / 3.자동차·모빌리티(+22.3%) / 4.IT/전기전자(+21.3%) / 5.조선·기계·설비(+20.2%),1,68,20260102,20260102,25.84,12.3,47.16,34.86
084670,084670,KOSPI,육상 여객 운송업,육상 여객 운송업,기타,73200,63.69,,71500,64300,125100,178500,61.7,61.4,69.6,0.0,,🔺 Watch (상승 준비),② 상승 후 조정,345.26,732.76,337.38,778.98,691.9,0,1.0,1.0,0.35,0.8,0.6,0.0,0.58,58.0,63.0,5.38,80300,-8.84,,-3501.3206,-1.7553,0.18,-1.69,62925,1,189.77,0,0,0,1,False,-17.38,-28.79,804.82,O,▲,6,★,"주봉20선↑, 주봉추세우상향, RSI적정, 정배열(단), 장기추세(120↑), 자금유입",2.5,27,193.1,88693,▼,X,X,8.306388888888888,16.64,7.0,5.831460674157303,2.3776223776223775,1,📉 매도세 우위. 💸 자금 유입 지속. ⚠️ 단기 급등 조정 주의.,92.5,,70.9,65.8,52.6,78.7,🔥 과열,1.유통·소비재(+42.2%) / 2.철강·금속(+38.0%) / 3.자동차·모빌리티(+22.3%) / 4.IT/전기전자(+21.3%) / 5.조선·기계·설비(+20.2%),2,69,20260102,20260102,25.84,12.3,804.82,778.98
005490,005490,KOSPI,1차 철강 제조업,1차 철강 제조업,철강·금속,297500,492.89,,297500,291500,316000,334500,61.5,48.5,67.1,0.0,,↩️ PULL (눌림),⑤ 하락 / 약세,-3.72,-5.1,-11.6,-18.05,-45.96,25,1.0,0.38,0.06,1.0,0.0,0.72,0.66,40.3,42.9,-3.95,307849,-3.36,,-1098.889,-0.0168,1.52,-0.87,296450,1,7.83,1,1,1,0,True,-2.14,-3.41,7.79,O,▼,2,,"주봉20선↑, 거래량↑, 정배열(단)",1.8,8,238.0,305638,▼,X,X,13.106,54.63000000000001,2.0,3.0833333333333335,0.0,1,🌪️ 25일 연속 응축 중! 폭발 임박. 🧱 구조적 지지선(Swing Low) 근접. 📉 매도세 우위. ,61.4,,61.5,65.8,52.6,78.7,🔥 과열,1.유통·소비재(+42.2%) / 2.철강·금속(+38.0%) / 3.자동차·모빌리티(+22.3%) / 4.IT/전기전자(+21.3%) / 5.조선·기계·설비(+20.2%),5,70,20260102,20260102,25.84,12.3,7.79,-18.05
099440,099440,KOSDAQ,특수 목적용 기계 제조업,특수 목적용 기계 제조업,조선·기계·설비,6180,78.14,,6180,5740,7490,8790,61.3,63.7,76.8,0.0,,🔁 MR (반전),⑤ 하락 / 약세,9.19,82.3,7.34,35.02,60.83,0,1.0,1.0,1.0,1.0,0.34,0.0,0.53,33.7,55.3,-11.01,6615,-6.58,,-156.9861,0.0392,0.35,-0.02,5666,1,28.45,0,0,0,0,True,-9.65,-12.59,47.32,O,▲,5,★,"주봉20선↑, 주봉추세우상향, MACD상승, 정배열(단), 장기추세(120↑)",2.0,404,249.7,6434,▼,X,X,10.054883720930233,26.984186046511628,5.0,2.977272727272727,0.0,1,🧱 구조적 지지선(Swing Low) 근접. 📉 매도세 우위. 🚀 단기 모멘텀 가속. 📉 과매도 기술적 반등 기대.,94.6,,71.3,65.8,52.6,78.7,🔥 과열,1.유통·소비재(+42.2%) / 2.철강·금속(+38.0%) / 3.자동차·모빌리티(+22.3%) / 4.IT/전기전자(+21.3%) / 5.조선·기계·설비(+20.2%),5,71,20260102,20260102,25.84,12.3,47.32,35.02
340930,340930,KOSDAQ,특수 목적용 기계 제조업,특수 목적용 기계 제조업,조선·기계·설비,1838,66.53,,1838,1709,2160,2485,61.2,64.8,78.9,0.0,,🔺 Watch (관찰·돌파예상),⑤ 하락 / 약세,-4.07,41.82,-5.92,18.15,20.35,0,1.0,1.0,1.0,1.0,0.45,0.0,0.67,35.4,49.0,-2.92,1742,5.49,장악형,-3.8409,0.4221,0.23,0.54,2151,-1,36.39,0,0,0,0,False,9.08,-3.11,30.45,O,▲,9,★,"주봉20선↑, 주봉추세우상향, HMA추세↑, OBV매집, MACD상승, 장기추세(120↑), VWAP상회, 패턴(장악형)",2.0,1360,250.0,1665,▲,O,O,10.054883720930233,26.984186046511628,5.0,2.496124031007752,0.0,-1,📉 매도세 우위. 🚀 단기 모멘텀 가속. ,86.9,,68.9,65.8,52.6,78.7,🔥 과열,1.유통·소비재(+42.2%) / 2.철강·금속(+38.0%) / 3.자동차·모빌리티(+22.3%) / 4.IT/전기전자(+21.3%) / 5.조선·기계·설비(+20.2%),5,72,20260102,20260102,25.84,12.3,30.45,18.15
160190,160190,KOSDAQ,"전동기, 발전기 및 전기 변환 · 공급 · 제어 장치 제조업","전동기, 발전기 및 전기 변환 · 공급 · 제어 장치 제조업",인프라·에너지,59500,56.4,,59500,55300,68400,77300,61.2,64.2,76.2,0.0,,🔺 Watch (상승 준비),⑤ 하락 / 약세,1.02,73.72,-0.83,24.64,52.25,0,0.93,0.9,1.0,1.0,0.43,0.0,0.74,45.0,55.4,-2.19,60185,-1.14,,-467.8496,0.1113,0.67,0.36,52395,1,18.42,0,0,0,0,False,1.19,-1.16,36.94,O,▲,8,★,"주봉20선↑, 주봉추세우상향, HMA추세↑, OBV매집, MACD상승, 정배열(단), 장기추세(120↑)",2.0,42,249.9,58841,▲,O,O,0.6112499999999998,-3.1162499999999995,13.0,2.119047619047619,0.0,1,📉 매도세 우위. 🚀 단기 모멘텀 가속. ,92.4,,70.6,65.8,52.6,78.7,🔥 과열,1.유통·소비재(+42.2%) / 2.철강·금속(+38.0%) / 3.자동차·모빌리티(+22.3%) / 4.IT/전기전자(+21.3%) / 5.조선·기계·설비(+20.2%),5,73,20260102,20260102,25.84,12.3,36.94,24.64
058610,058610,KOSDAQ,"전동기, 발전기 및 전기 변환 · 공급 · 제어 장치 제조업","전동기, 발전기 및 전기 변환 · 공급 · 제어 장치 제조업",인프라·에너지,82700,356.43,,80000,71900,96600,113200,61.1,62.2,68.0,0.0,,🔺 Watch (상승 준비),② 상승 후 조정,28.02,215.65,26.17,186.8,194.18,0,0.56,1.0,0.34,0.72,0.55,0.48,0.69,58.5,68.3,6.48,84591,-2.24,,-1004.7238,-0.4055,0.89,-0.9,60660,1,42.46,0,0,0,1,False,-4.06,0.98,199.1,O,▲,6,★,"주봉20선↑, 주봉추세우상향, RSI적정, 정배열(단), 장기추세(120↑), 자금유입",2.5,24,192.0,87388,▼,X,X,0.6112499999999998,-3.1162499999999995,13.0,1.287037037037037,3.375,1,📉 매도세 우위. 💸 자금 유입 지속. ⚠️ 단기 급등 조정 주의.,93.0,,70.7,65.8,52.6,78.7,🔥 과열,1.유통·소비재(+42.2%) / 2.철강·금속(+38.0%) / 3.자동차·모빌리티(+22.3%) / 4.IT/전기전자(+21.3%) / 5.조선·기계·설비(+20.2%),2,74,20260102,20260102,25.84,12.3,199.1,186.8
042660,042660,KOSPI,선박 및 보트 건조업,선박 및 보트 건조업,조선·기계·설비,114700,842.73,,114700,106700,124300,133800,61.0,62.3,67.9,0.0,,↩️ PULL (눌림),⑤ 하락 / 약세,8.11,55.21,0.23,-21.85,14.35,0,0.52,0.5,1.0,1.0,0.12,1.0,0.73,52.6,63.2,2.05,119120,-3.71,,891.9024,-0.1248,0.79,-2.88,106780,1,16.45,0,0,0,1,False,-7.05,5.52,3.99,X,▲,3,,"주봉추세우상향, 주봉역배열주의, RSI적정, 20선근접, 장기추세(120↑), 자금유입, MACD>Sig",2.0,21,240.9,116117,▲,X,X,10.054883720930233,26.984186046511628,5.0,1.2,0.0,1,📉 매도세 우위. 💸 자금 유입 지속. ,80.0,,66.7,65.8,52.6,78.7,🔥 과열,1.유통·소비재(+42.2%) / 2.철강·금속(+38.0%) / 3.자동차·모빌리티(+22.3%) / 4.IT/전기전자(+21.3%) / 5.조선·기계·설비(+20.2%),5,75,20260102,20260102,25.84,12.3,3.99,-21.85
290650,290650,KOSDAQ,의약품 제조업,의약품 제조업,바이오·의약품,62400,88.32,,62400,58000,72500,82500,60.8,54.5,80.8,0.0,,↩️ PULL (눌림),③ 박스 / 중립,-1.27,103.26,-3.12,3.26,81.79,0,1.0,0.98,1.0,1.0,0.06,0.01,0.63,41.3,49.9,-5.34,62872,-0.75,,-1221.6918,-0.2121,0.46,-0.88,56850,1,19.14,0,0,0,0,True,-1.73,-14.17,15.56,O,▲,4,,"주봉20선↑, 주봉추세우상향, 정배열(단), 장기추세(120↑)",2.0,40,249.6,62793,▼,X,X,5.0325,11.853749999999998,10.0,2.2954545454545454,0.0,1,🧱 구조적 지지선(Swing Low) 근접. 📉 매도세 우위. 📉 과매도 기술적 반등 기대.,94.4,,70.9,65.8,52.6,78.7,🔥 과열,1.유통·소비재(+42.2%) / 2.철강·금속(+38.0%) / 3.자동차·모빌리티(+22.3%) / 4.IT/전기전자(+21.3%) / 5.조선·기계·설비(+20.2%),3,76,20260102,20260102,25.84,12.3,15.56,3.26
138040,138040,KOSPI,기타 금융업,기타 금융업,금융,111600,58.55,,111600,105700,118700,125700,60.4,41.0,60.2,0.0,,🔺 Watch (관찰·돌파예상),④ 바닥 반등 시도,1.64,-2.45,-6.24,-27.51,-43.31,13,0.53,0.38,0.72,1.0,0.25,0.0,0.81,57.8,40.2,1.43,110749,0.77,,477.1538,0.0907,0.94,0.44,114730,-1,4.71,1,1,1,1,True,1.92,1.73,-1.67,X,▼,3,,"주봉역배열주의, HMA추세↑, RSI적정, MACD상승, 20선근접, MACD>Sig, VWAP상회",1.8,22,245.5,110381,▲,O,X,0.11500000000000013,-1.5974999999999997,12.0,1.2033898305084745,0.0,-1,🌪️ 13일 연속 응축 중! 폭발 임박. 🧱 구조적 지지선(Swing Low) 근접. 📉 매도세 우위. 🚀 단기 모멘텀 가속. ✅ 20일선 눌림목 구간.,48.8,,56.9,65.8,52.6,78.7,🔥 과열,1.유통·소비재(+42.2%) / 2.철강·금속(+38.0%) / 3.자동차·모빌리티(+22.3%) / 4.IT/전기전자(+21.3%) / 5.조선·기계·설비(+20.2%),4,77,20260102,20260102,25.84,12.3,-1.67,-27.51
037460,037460,KOSDAQ,통신 및 방송 장비 제조업,통신 및 방송 장비 제조업,IT/전기전자,14690,167.58,,14590,13810,16140,17690,60.0,54.0,70.6,0.0,,🔺 Watch (상승 준비),② 상승 후 조정,8.25,27.63,6.4,8.21,6.16,0,0.72,0.6,0.74,0.94,0.24,0.15,0.69,61.5,76.3,3.7,14431,1.79,,-5.6723,-0.0103,1.85,0.97,13343,1,8.94,1,0,0,1,False,1.66,4.48,20.51,O,▲,10,★,"주봉20선↑, 주봉추세우상향, HMA추세↑, RSI적정, 20선근접, 거래량↑, 정배열(단), 장기추세(120↑), 자금유입, VWAP상회",1.8,171,249.5,14533,▲,O,X,11.841621621621623,27.6472972972973,4.0,1.6477272727272727,0.6854009595613434,1,🔇 변동성 축소 (BW 8.9%). 💰 외국인/기관 수급 집중. ,60.7,,60.2,65.8,52.6,78.7,🔥 과열,1.유통·소비재(+42.2%) / 2.철강·금속(+38.0%) / 3.자동차·모빌리티(+22.3%) / 4.IT/전기전자(+21.3%) / 5.조선·기계·설비(+20.2%),2,78,20260102,20260102,25.84,12.3,20.51,8.21
087010,087010,KOSDAQ,기초 의약물질 제조업,기초 의약물질 제조업,기타,247000,166.82,,247000,229500,276500,306000,59.8,56.4,77.9,0.0,,🔺 Watch (관찰·돌파예상),④ 바닥 반등 시도,-15.27,26.08,-17.12,-29.97,4.61,0,0.74,0.72,1.0,1.0,0.3,0.15,0.72,32.1,32.9,-4.18,242160,2.0,,104.3383,0.5682,0.88,-0.49,267350,-1,28.94,0,0,0,0,False,4.66,-6.79,-17.67,X,▼,1,,"주봉역배열주의, HMA추세↑, MACD상승, MACD>Sig, VWAP상회",2.0,10,247.0,232662,▲,O,X,8.306388888888888,16.64,7.0,1.6857142857142857,0.0,-1,📉 매도세 우위. 🚀 단기 모멘텀 가속. ,96.3,,70.8,65.8,52.6,78.7,🔥 과열,1.유통·소비재(+42.2%) / 2.철강·금속(+38.0%) / 3.자동차·모빌리티(+22.3%) / 4.IT/전기전자(+21.3%) / 5.조선·기계·설비(+20.2%),4,79,20260102,20260102,25.84,12.3,-17.67,-29.97
039490,039490,KOSPI,금융 지원 서비스업,금융 지원 서비스업,서비스 기타,301500,138.14,,297000,276000,339000,380500,59.8,52.2,71.2,0.0,,🔺 Watch (상승 준비),③ 박스 / 중립,8.45,40.89,0.57,-2.78,0.03,0,0.64,0.75,1.0,0.87,0.22,0.1,0.73,64.3,56.1,4.52,296705,1.62,장악형,1098.1312,-0.1041,1.09,0.1,271350,1,11.75,0,0,0,1,False,0.0,7.49,23.06,O,▲,11,★,"주봉20선↑, 주봉추세우상향, HMA추세↑, HMA돌파, RSI적정, 20선근접, 정배열(단), 장기추세(120↑), MACD>Sig, VWAP상회, 패턴(장악형)",1.8,8,237.6,300003,▲,O,X,1.9793333333333332,0.18066666666666648,11.0,1.4705882352941178,1.5151515151515151,1,📉 매도세 우위. ,95.6,,70.5,65.8,52.6,78.7,🔥 과열,1.유통·소비재(+42.2%) / 2.철강·금속(+38.0%) / 3.자동차·모빌리티(+22.3%) / 4.IT/전기전자(+21.3%) / 5.조선·기계·설비(+20.2%),3,80,20260102,20260102,25.84,12.3,23.06,-2.78
066970,066970,KOSPI,일차전지 및 이차전지 제조업,일차전지 및 이차전지 제조업,2차전지,94300,225.05,,94300,87600,107700,121100,59.2,53.1,78.7,0.0,,🔁 MR (반전),③ 박스 / 중립,-26.96,82.05,-34.84,1.08,41.19,0,0.87,0.86,1.0,1.0,0.14,0.25,0.47,9.8,11.1,-18.63,97994,-3.77,,-2763.9303,0.0224,1.34,-0.14,114610,-1,42.49,0,0,0,0,True,-11.54,-20.22,26.92,X,▲,1,,"주봉추세우상향, 주봉역배열주의, MACD상승, 거래량↑, 장기추세(120↑)",2.0,26,245.2,97120,▼,X,X,-4.631666666666667,-16.871666666666666,15.0,2.0,0.0,-1,🧱 구조적 지지선(Swing Low) 근접. 📉 매도세 우위. 🚀 단기 모멘텀 가속. 📉 과매도 기술적 반등 기대.,94.2,,69.7,65.8,52.6,78.7,🔥 과열,1.유통·소비재(+42.2%) / 2.철강·금속(+38.0%) / 3.자동차·모빌리티(+22.3%) / 4.IT/전기전자(+21.3%) / 5.조선·기계·설비(+20.2%),3,81,20260102,20260102,25.84,12.3,26.92,1.08
097230,097230,KOSPI,토목 건설업,토목 건설업,건설·부동산,21300,53.22,,21300,19800,23800,26250,59.0,39.8,67.4,0.0,,↩️ PULL (눌림),⑤ 하락 / 약세,-9.36,190.19,-17.24,-49.77,149.33,5,0.73,0.71,1.0,1.0,0.09,0.0,0.65,43.9,40.3,-3.8,21904,-2.76,망치형,-39.3945,-0.1791,0.41,-2.22,24275,-1,12.89,0,1,1,0,True,-6.78,-4.48,-23.93,X,▲,0,,"주봉추세우상향, 주봉역배열주의, 장기추세(120↑), 패턴(망치형)",1.8,117,249.2,21546,▼,X,X,-4.105,-10.209999999999999,14.0,1.6666666666666667,0.0,-1,🌪️ 5일 연속 응축 중! 폭발 임박. 🧱 구조적 지지선(Swing Low) 근접. 📉 매도세 우위. ,95.7,,70.0,65.8,52.6,78.7,🔥 과열,1.유통·소비재(+42.2%) / 2.철강·금속(+38.0%) / 3.자동차·모빌리티(+22.3%) / 4.IT/전기전자(+21.3%) / 5.조선·기계·설비(+20.2%),5,82,20260102,20260102,25.84,12.3,-23.93,-49.77
006730,006730,KOSDAQ,일반 및 생활 숙박시설 운영업,일반 및 생활 숙박시설 운영업,기타,12790,54.3,,12790,11890,14420,16040,58.9,53.7,68.7,0.0,,↩️ PULL (눌림),② 상승 후 조정,12.59,28.93,10.74,17.94,7.46,0,0.79,0.77,1.0,1.0,0.26,0.0,0.69,58.4,70.9,2.5,12947,-1.21,,-69.9451,-0.0599,0.54,-1.25,11266,1,24.05,0,0,0,1,False,-0.78,1.59,30.24,O,▲,7,★,"주봉20선↑, 주봉추세우상향, RSI적정, 20선근접, 정배열(단), 장기추세(120↑), 자금유입",2.0,195,249.4,12840,▼,X,X,8.306388888888888,16.64,7.0,1.8111111111111111,0.0,1,📉 매도세 우위. 💰 외국인/기관 수급 집중. ,94.6,,69.6,65.8,52.6,78.7,🔥 과열,1.유통·소비재(+42.2%) / 2.철강·금속(+38.0%) / 3.자동차·모빌리티(+22.3%) / 4.IT/전기전자(+21.3%) / 5.조선·기계·설비(+20.2%),2,83,20260102,20260102,25.84,12.3,30.24,17.94
039200,039200,KOSDAQ,의약품 제조업,의약품 제조업,바이오·의약품,43300,70.79,,43300,40250,51000,58700,58.8,56.4,76.2,0.0,,↩️ PULL (눌림),④ 바닥 반등 시도,-29.02,44.09,-30.87,-19.88,22.62,0,1.0,1.0,1.0,1.0,0.31,0.0,0.46,15.6,15.6,-17.24,44254,-2.16,,-1442.2304,0.4217,0.47,-0.72,52320,-1,52.35,0,0,0,0,True,-1.37,-20.26,-7.58,X,▲,1,,"주봉추세우상향, 주봉역배열주의, MACD상승, 정배열(단), 장기추세(120↑)",2.0,57,246.8,41619,▼,O,X,5.0325,11.853749999999998,10.0,2.5245901639344264,0.0,-1,🧱 구조적 지지선(Swing Low) 근접. 📉 매도세 우위. 🚀 단기 모멘텀 가속. 📉 과매도 기술적 반등 기대.,96.1,,70.0,65.8,52.6,78.7,🔥 과열,1.유통·소비재(+42.2%) / 2.철강·금속(+38.0%) / 3.자동차·모빌리티(+22.3%) / 4.IT/전기전자(+21.3%) / 5.조선·기계·설비(+20.2%),4,84,20260102,20260102,25.84,12.3,-7.58,-19.88
287840,287840,KOSDAQ,자연과학 및 공학 연구개발업,자연과학 및 공학 연구개발업,기타,53500,85.63,,53500,52400,62400,71200,58.7,55.6,76.5,0.0,,🔁 MR (반전),⑤ 하락 / 약세,-23.02,27.68,-24.87,29.99,6.21,0,1.0,1.0,0.07,1.0,0.29,0.0,0.55,32.1,63.6,-13.54,58653,-8.79,,-1134.3334,0.0534,0.72,-0.8,52940,1,27.66,0,0,0,0,True,-6.63,-17.57,42.29,O,▲,6,★,"주봉20선↑, 주봉추세우상향, MACD상승, 정배열(단), 장기추세(120↑), 자금유입",2.0,46,246.1,57030,▼,X,X,8.306388888888888,16.64,7.0,8.090909090909092,0.0,1,🧱 구조적 지지선(Swing Low) 근접. 📉 매도세 우위. 💸 자금 유입 지속. 🚀 단기 모멘텀 가속. 📉 과매도 기술적 반등 기대.,82.1,,65.7,65.8,52.6,78.7,🔥 과열,1.유통·소비재(+42.2%) / 2.철강·금속(+38.0%) / 3.자동차·모빌리티(+22.3%) / 4.IT/전기전자(+21.3%) / 5.조선·기계·설비(+20.2%),5,85,20260102,20260102,25.84,12.3,42.29,29.99
006400,006400,KOSPI,일차전지 및 이차전지 제조업,일차전지 및 이차전지 제조업,2차전지,262500,972.84,,262500,244000,290500,318000,58.7,59.9,74.0,0.0,,🔁 MR (반전),③ 박스 / 중립,-13.93,48.31,-21.81,2.21,7.45,0,0.66,0.64,1.0,1.0,0.22,1.0,0.56,14.3,8.9,-10.2,270844,-3.08,,-3676.2556,0.0242,1.53,-1.6,292825,-1,22.86,0,0,0,0,True,-6.08,-10.56,28.05,O,▲,6,★,"주봉20선↑, 주봉추세우상향, MACD상승, 거래량↑, 정배열(단), 장기추세(120↑)",2.0,9,236.2,267484,▼,X,X,-4.631666666666667,-16.871666666666666,15.0,1.5135135135135136,0.0,-1,🧱 구조적 지지선(Swing Low) 근접. 📉 매도세 우위. 🚀 단기 모멘텀 가속. 📉 과매도 기술적 반등 기대.,91.0,,68.4,65.8,52.6,78.7,🔥 과열,1.유통·소비재(+42.2%) / 2.철강·금속(+38.0%) / 3.자동차·모빌리티(+22.3%) / 4.IT/전기전자(+21.3%) / 5.조선·기계·설비(+20.2%),3,86,20260102,20260102,25.84,12.3,28.05,2.21
413390,413390,KOSDAQ,특수 목적용 기계 제조업,특수 목적용 기계 제조업,조선·기계·설비,6850,112.28,,6850,6370,7430,8010,58.6,60.3,73.7,0.0,,🔺 Watch (관찰·돌파예상),④ 바닥 반등 시도,-1.58,-3.39,-3.43,-5.6,-24.86,0,0.53,0.51,1.0,1.0,0.4,0.05,0.84,46.5,63.5,-1.56,7108,-3.64,,21.8848,0.226,1.28,1.28,6289,1,12.81,0,0,0,0,True,1.63,-0.87,6.7,X,▼,5,★,"주봉역배열주의, HMA추세↑, OBV매집, RSI적정, MACD상승, 거래량↑, 자금유입, MACD>Sig",2.0,364,249.3,6849,▲,O,O,10.054883720930233,26.984186046511628,5.0,1.2083333333333333,0.0,1,🧱 구조적 지지선(Swing Low) 근접. 💸 자금 유입 지속. 🚀 단기 모멘텀 가속. ✅ 20일선 눌림목 구간.,86.8,,67.1,65.8,52.6,78.7,🔥 과열,1.유통·소비재(+42.2%) / 2.철강·금속(+38.0%) / 3.자동차·모빌리티(+22.3%) / 4.IT/전기전자(+21.3%) / 5.조선·기계·설비(+20.2%),4,87,20260102,20260102,25.84,12.3,6.7,-5.6
056080,056080,KOSDAQ,특수 목적용 기계 제조업,특수 목적용 기계 제조업,조선·기계·설비,14690,53.93,,14590,13570,16640,18690,58.5,55.2,67.2,0.0,,🔺 Watch (상승 준비),② 상승 후 조정,17.05,34.03,15.2,23.59,12.56,0,0.76,0.8,1.0,0.94,0.28,0.0,0.61,56.2,69.6,3.67,14452,1.65,,-56.34,-0.0238,0.19,-0.34,12661,1,30.98,0,0,0,1,False,2.94,-3.04,35.89,O,▲,8,★,"주봉20선↑, 주봉추세우상향, RSI적정, 20선근접, 정배열(단), 장기추세(120↑), 자금유입, VWAP상회",2.0,171,249.5,14323,▼,O,X,10.054883720930233,26.984186046511628,5.0,1.7410714285714286,0.6854009595613434,1,📉 매도세 우위. 💸 자금 유입 지속. ,94.7,,69.4,65.8,52.6,78.7,🔥 과열,1.유통·소비재(+42.2%) / 2.철강·금속(+38.0%) / 3.자동차·모빌리티(+22.3%) / 4.IT/전기전자(+21.3%) / 5.조선·기계·설비(+20.2%),2,88,20260102,20260102,25.84,12.3,35.89,23.59
071970,071970,KOSPI,일반 목적용 기계 제조업,일반 목적용 기계 제조업,조선·기계·설비,85000,104.32,,85000,80600,94800,104500,58.3,55.9,75.5,0.0,,↩️ PULL (눌림),⑤ 하락 / 약세,6.38,91.23,-1.5,-23.31,50.37,0,0.97,0.7,0.69,1.0,0.14,0.04,0.77,47.9,39.1,-2.14,92127,-7.74,,279.2019,-0.3262,0.98,-1.88,80670,1,21.97,0,0,0,0,False,-12.46,1.8,2.53,X,▲,1,,"주봉추세우상향, 주봉역배열주의, RSI적정, 장기추세(120↑), MACD>Sig",2.0,29,246.5,92297,▼,X,X,10.054883720930233,26.984186046511628,5.0,2.227272727272727,0.0,1,📉 매도세 우위. ,95.3,,69.4,65.8,52.6,78.7,🔥 과열,1.유통·소비재(+42.2%) / 2.철강·금속(+38.0%) / 3.자동차·모빌리티(+22.3%) / 4.IT/전기전자(+21.3%) / 5.조선·기계·설비(+20.2%),5,89,20260102,20260102,25.84,12.3,2.53,-23.31
000150,000150,KOSPI,기타 금융업,기타 금융업,금융,763000,566.97,,763000,709000,846000,929000,58.1,58.4,73.8,0.0,,🔁 MR (반전),⑤ 하락 / 약세,-10.45,36.25,-18.33,15.2,-4.61,0,0.67,0.66,1.0,1.0,0.19,0.85,0.67,33.0,33.9,-8.3,798837,-4.49,,-6071.4291,0.1275,1.05,-2.33,880600,-1,25.15,0,0,0,0,True,-2.18,-7.06,41.04,O,▲,4,,"주봉20선↑, 주봉추세우상향, MACD상승, 장기추세(120↑)",2.0,3,228.9,765074,▼,X,X,0.11500000000000013,-1.5974999999999997,12.0,1.537037037037037,0.0,-1,🧱 구조적 지지선(Swing Low) 근접. 📉 매도세 우위. 🚀 단기 모멘텀 가속. 📉 과매도 기술적 반등 기대.,95.9,,69.4,65.8,52.6,78.7,🔥 과열,1.유통·소비재(+42.2%) / 2.철강·금속(+38.0%) / 3.자동차·모빌리티(+22.3%) / 4.IT/전기전자(+21.3%) / 5.조선·기계·설비(+20.2%),5,90,20260102,20260102,25.84,12.3,41.04,15.2
298040,298040,KOSPI,"전동기, 발전기 및 전기 변환 · 공급 · 제어 장치 제조업","전동기, 발전기 및 전기 변환 · 공급 · 제어 장치 제조업",인프라·에너지,1845000,265.21,,1845000,1715000,2039000,2233000,57.8,53.9,75.7,0.0,,🔺 Watch (상승 준비),⑤ 하락 / 약세,-0.86,104.32,-8.74,11.85,63.46,0,0.65,0.63,1.0,1.0,0.32,0.32,0.76,41.1,52.9,-1.96,1797229,2.66,,-7061.8935,0.1206,0.94,-0.27,1976400,-1,15.56,0,0,0,0,False,0.93,-2.79,37.69,O,▲,6,★,"주봉20선↑, 주봉추세우상향, HMA돌파, MACD상승, 장기추세(120↑), VWAP상회",2.0,1,184.5,1777391,▼,O,X,0.6112499999999998,-3.1162499999999995,13.0,1.4923076923076923,0.0,-1,📉 매도세 우위. 🚀 단기 모멘텀 가속. ✅ 20일선 눌림목 구간.,97.9,,69.8,65.8,52.6,78.7,🔥 과열,1.유통·소비재(+42.2%) / 2.철강·금속(+38.0%) / 3.자동차·모빌리티(+22.3%) / 4.IT/전기전자(+21.3%) / 5.조선·기계·설비(+20.2%),5,91,20260102,20260102,25.84,12.3,37.69,11.85
011200,011200,KOSPI,해상 운송업,해상 운송업,기타,20200,153.51,,20200,19330,21250,22300,57.2,40.6,63.7,0.0,,↩️ PULL (눌림),⑤ 하락 / 약세,0.25,-15.83,-7.63,-25.09,-56.69,3,0.53,0.31,0.45,1.0,0.1,0.12,0.76,51.2,50.3,-1.36,20384,-0.91,,-37.9494,-0.0766,1.13,-0.58,19285,1,4.14,1,1,1,0,True,-1.46,-2.88,0.75,X,▼,1,,"주봉역배열주의, OBV매집, RSI적정, 정배열(단)",1.8,123,248.5,20437,▼,X,O,8.306388888888888,16.64,7.0,1.206896551724138,0.0,1,🌪️ 에너지 응축 시작 (3일차). 🧱 구조적 지지선(Swing Low) 근접. 📉 매도세 우위. ✅ 20일선 눌림목 구간.,66.6,,60.0,65.8,52.6,78.7,🔥 과열,1.유통·소비재(+42.2%) / 2.철강·금속(+38.0%) / 3.자동차·모빌리티(+22.3%) / 4.IT/전기전자(+21.3%) / 5.조선·기계·설비(+20.2%),5,92,20260102,20260102,25.84,12.3,0.75,-25.09
036570,036570,KOSPI,소프트웨어 개발 및 공급업,소프트웨어 개발 및 공급업,IT/전기전자,216500,103.98,,208500,191300,243500,278000,57.1,58.6,63.6,0.0,,🔻 REV (역추세 반등),④ 바닥 반등 시도,3.59,5.87,-4.29,-25.61,-34.99,0,0.47,0.75,0.84,0.68,0.37,0.04,0.71,64.8,49.3,6.9,208155,4.01,,1872.4204,0.0857,1.71,1.5,191380,1,14.53,0,0,0,1,False,8.3,10.35,0.23,O,▲,9,★,"주봉20선↑, 주봉추세우상향, HMA추세↑, RSI적정, MACD상승, 거래량↑, 장기추세(120↑), MACD>Sig, VWAP상회",2.5,11,229.3,203864,▲,O,X,11.841621621621623,27.6472972972973,4.0,1.0714285714285714,3.8369304556354913,1,💪 매수세 장악(Power Buying). 🚀 단기 모멘텀 가속. ⚠️ 단기 급등 조정 주의.,91.7,,67.5,65.8,52.6,78.7,🔥 과열,1.유통·소비재(+42.2%) / 2.철강·금속(+38.0%) / 3.자동차·모빌리티(+22.3%) / 4.IT/전기전자(+21.3%) / 5.조선·기계·설비(+20.2%),4,93,20260102,20260102,25.84,12.3,0.23,-25.61
317830,317830,KOSDAQ,특수 목적용 기계 제조업,특수 목적용 기계 제조업,조선·기계·설비,13300,53.1,,13020,11710,15640,18250,56.9,60.5,61.5,0.0,,🔼 BRK (돌파),① 강한 상승 추세,18.75,85.24,16.9,33.69,63.77,0,0.64,1.0,0.35,0.82,0.49,0.0,0.72,55.0,77.8,5.21,14108,-5.73,,48.5338,0.0466,0.34,1.22,10572,1,31.76,0,0,0,1,False,6.66,10.74,45.99,O,▲,8,★,"주봉20선↑, 주봉추세우상향, RSI적정, MACD상승, 정배열(단), 장기추세(120↑), 자금유입, MACD>Sig",2.5,152,197.9,13592,▲,X,X,10.054883720930233,26.984186046511628,5.0,1.471698113207547,2.1505376344086025,1,💰 외국인/기관 수급 집중. 🚀 단기 모멘텀 가속. ⚠️ 단기 급등 조정 주의.,83.3,,64.8,65.8,52.6,78.7,🔥 과열,1.유통·소비재(+42.2%) / 2.철강·금속(+38.0%) / 3.자동차·모빌리티(+22.3%) / 4.IT/전기전자(+21.3%) / 5.조선·기계·설비(+20.2%),1,94,20260102,20260102,25.84,12.3,45.99,33.69
389650,389650,KOSDAQ,의료용 기기 제조업,의료용 기기 제조업,기타,82400,72.98,,82400,76700,93600,104700,56.8,57.5,72.0,0.0,,↩️ PULL (눌림),⑤ 하락 / 약세,-11.49,80.7,-13.34,5.92,59.23,0,0.86,0.82,1.0,1.0,0.34,0.0,0.68,39.4,44.7,-5.48,86016,-4.2,,-850.1399,0.1904,1.25,-0.9,76730,1,19.99,0,0,0,0,False,-1.9,-6.89,18.22,O,▲,6,★,"주봉20선↑, 주봉추세우상향, MACD상승, 거래량↑, 정배열(단), 장기추세(120↑)",2.0,30,247.2,84699,▲,X,X,8.306388888888888,16.64,7.0,1.9649122807017543,0.0,1,📉 매도세 우위. 🚀 단기 모멘텀 가속. 📉 과매도 기술적 반등 기대.,95.6,,68.4,65.8,52.6,78.7,🔥 과열,1.유통·소비재(+42.2%) / 2.철강·금속(+38.0%) / 3.자동차·모빌리티(+22.3%) / 4.IT/전기전자(+21.3%) / 5.조선·기계·설비(+20.2%),5,95,20260102,20260102,25.84,12.3,18.22,5.92
051900,051900,KOSPI,기타 화학제품 제조업,기타 화학제품 제조업,화학·소재,270000,69.56,,270000,252500,296000,321500,56.4,52.6,64.8,0.0,,🔺 Watch (관찰·돌파예상),④ 바닥 반등 시도,-2.17,-16.15,-10.05,-31.43,-57.01,0,0.65,0.58,0.97,1.0,0.32,0.0,0.74,59.2,63.4,1.77,263033,2.65,,764.4481,0.0363,1.77,1.17,252850,1,7.51,1,0,0,1,False,2.66,1.5,-5.59,X,▼,6,★,"주봉역배열주의, HMA추세↑, HMA돌파, RSI적정, MACD상승, 20선근접, 거래량↑, 자금유입, MACD>Sig, VWAP상회",1.8,9,243.0,260784,▲,O,X,8.761666666666667,11.79888888888889,9.0,1.4857142857142858,0.0,1,🔇 변동성 축소 (BW 7.5%). 💸 자금 유입 지속. 🚀 단기 모멘텀 가속. ✅ 20일선 눌림목 구간.,32.7,,49.3,65.8,52.6,78.7,🔥 과열,1.유통·소비재(+42.2%) / 2.철강·금속(+38.0%) / 3.자동차·모빌리티(+22.3%) / 4.IT/전기전자(+21.3%) / 5.조선·기계·설비(+20.2%),4,96,20260102,20260102,25.84,12.3,-5.59,-31.43
098460,098460,KOSDAQ,특수 목적용 기계 제조업,특수 목적용 기계 제조업,조선·기계·설비,27150,684.81,,26200,23600,31500,36750,56.2,78.3,68.9,0.0,,🔺 Watch (관찰·돌파예상),① 강한 상승 추세,-2.16,76.3,-4.01,75.59,54.83,0,0.53,0.97,0.39,0.7,0.64,1.0,0.75,50.9,47.5,6.64,24736,9.76,,-290.4532,0.2745,1.45,1.49,22548,1,29.5,0,0,0,1,False,14.8,10.14,87.89,O,▲,11,★,"주봉20선↑, 주봉추세우상향, HMA추세↑, OBV매집, RSI적정, MACD상승, 거래량↑, 정배열(단), 장기추세(120↑), VWAP상회",2.5,76,199.1,22975,▲,O,O,10.054883720930233,26.984186046511628,5.0,1.2253521126760563,3.6259541984732824,1,🚀 단기 모멘텀 가속. ⚠️ 단기 급등 조정 주의.,65.6,,59.0,65.8,52.6,78.7,🔥 과열,1.유통·소비재(+42.2%) / 2.철강·금속(+38.0%) / 3.자동차·모빌리티(+22.3%) / 4.IT/전기전자(+21.3%) / 5.조선·기계·설비(+20.2%),1,97,20260102,20260102,25.84,12.3,87.89,75.59
323280,323280,KOSDAQ,특수 목적용 기계 제조업,특수 목적용 기계 제조업,조선·기계·설비,42000,69.68,,42000,39050,48550,55100,55.9,52.2,73.2,0.0,,↩️ PULL (눌림),② 상승 후 조정,-7.39,57.3,-9.24,48.62,35.83,0,0.97,0.94,1.0,1.0,0.22,0.0,0.53,34.8,39.5,-14.54,45816,-8.33,,-1485.4506,-0.4603,1.31,-2.57,52370,-1,23.96,0,0,0,0,True,-15.83,-18.76,60.92,O,▲,5,★,"주봉20선↑, 주봉추세우상향, 거래량↑, 정배열(단), 장기추세(120↑)",2.0,59,247.8,46892,▼,X,X,10.054883720930233,26.984186046511628,5.0,2.2203389830508473,0.0,-1,🧱 구조적 지지선(Swing Low) 근접. 📉 매도세 우위. 📉 과매도 기술적 반등 기대.,93.6,,67.2,65.8,52.6,78.7,🔥 과열,1.유통·소비재(+42.2%) / 2.철강·금속(+38.0%) / 3.자동차·모빌리티(+22.3%) / 4.IT/전기전자(+21.3%) / 5.조선·기계·설비(+20.2%),2,98,20260102,20260102,25.84,12.3,60.92,48.62
000880,000880,KOSPI,기타 화학제품 제조업,기타 화학제품 제조업,화학·소재,81200,71.75,,81200,76000,87500,93700,55.3,39.3,60.9,0.0,,↩️ PULL (눌림),⑤ 하락 / 약세,1.12,-2.87,-6.76,-29.86,-43.73,3,0.53,0.47,0.96,1.0,0.11,0.0,0.75,46.4,47.8,-0.88,82120,-1.12,,265.8435,-0.0704,0.79,-1.7,88180,-1,8.43,1,1,1,0,True,-3.68,3.05,-4.02,X,▼,0,,"주봉역배열주의, RSI적정, 20선근접, MACD>Sig",1.8,30,243.6,81607,▲,X,X,8.761666666666667,11.79888888888889,9.0,1.2115384615384615,0.0,-1,🌪️ 에너지 응축 시작 (3일차). 🧱 구조적 지지선(Swing Low) 근접. 📉 매도세 우위. ✅ 20일선 눌림목 구간.,66.6,,58.7,65.8,52.6,78.7,🔥 과열,1.유통·소비재(+42.2%) / 2.철강·금속(+38.0%) / 3.자동차·모빌리티(+22.3%) / 4.IT/전기전자(+21.3%) / 5.조선·기계·설비(+20.2%),5,99,20260102,20260102,25.84,12.3,-4.02,-29.86
014680,014680,KOSPI,기초 화학물질 제조업,기초 화학물질 제조업,화학·소재,240000,76.4,,235000,211500,282000,329000,55.2,56.6,60.4,0.0,,🔻 REV (역추세 반등),④ 바닥 반등 시도,-2.24,42.43,-10.12,-11.01,1.57,0,0.64,1.0,0.37,0.82,0.42,0.0,0.75,56.4,49.8,5.09,227125,5.67,,455.1428,0.2192,1.98,2.25,209250,1,13.31,0,0,0,1,False,7.14,7.62,14.83,O,▲,12,★,"주봉20선↑, 주봉추세우상향, HMA추세↑, OBV매집, RSI적정, MACD상승, 거래량↑, 정배열(단), 장기추세(120↑), MACD>Sig, VWAP상회",2.5,8,188.0,222365,▲,O,O,8.761666666666667,11.79888888888889,9.0,1.4736842105263157,2.127659574468085,1,💪 매수세 장악(Power Buying). 🚀 단기 모멘텀 가속. ⚠️ 단기 급등 조정 주의.,88.2,,65.1,65.8,52.6,78.7,🔥 과열,1.유통·소비재(+42.2%) / 2.철강·금속(+38.0%) / 3.자동차·모빌리티(+22.3%) / 4.IT/전기전자(+21.3%) / 5.조선·기계·설비(+20.2%),4,100,20260102,20260102,25.84,12.3,14.83,-11.01
062040,062040,KOSPI,"전동기, 발전기 및 전기 변환 · 공급 · 제어 장치 제조업","전동기, 발전기 및 전기 변환 · 공급 · 제어 장치 제조업",인프라·에너지,137800,77.8,,137800,128100,157100,176400,54.5,51.2,71.3,0.0,,🔺 Watch (관찰·돌파예상),③ 박스 / 중립,-7.39,59.12,-15.27,-0.68,18.26,0,0.87,0.84,1.0,1.0,0.28,0.0,0.74,39.4,48.1,-2.0,132689,3.85,,-846.0939,0.1382,0.79,-0.44,148900,-1,21.19,0,0,0,0,False,3.3,-1.36,25.16,O,▲,8,★,"주봉20선↑, 주봉추세우상향, OBV매집, MACD상승, 정배열(단), 장기추세(120↑), VWAP상회",2.0,18,248.0,129393,▼,O,O,0.6112499999999998,-3.1162499999999995,13.0,1.9896907216494846,0.0,-1,📉 매도세 우위. 🚀 단기 모멘텀 가속. ✅ 20일선 눌림목 구간.,96.1,,67.0,65.8,52.6,78.7,🔥 과열,1.유통·소비재(+42.2%) / 2.철강·금속(+38.0%) / 3.자동차·모빌리티(+22.3%) / 4.IT/전기전자(+21.3%) / 5.조선·기계·설비(+20.2%),3,101,20260102,20260102,25.84,12.3,25.16,-0.68
454910,454910,KOSPI,특수 목적용 기계 제조업,특수 목적용 기계 제조업,조선·기계·설비,80300,188.47,,80300,74600,88800,97200,54.3,50.2,71.4,0.0,,↩️ PULL (눌림),③ 박스 / 중립,5.94,30.36,-1.94,-3.99,-10.5,0,0.65,0.64,1.0,1.0,0.1,0.19,0.75,43.0,57.2,-0.58,79121,1.49,,-476.5868,-0.0504,0.74,-1.57,72990,1,11.89,0,0,0,0,True,-3.02,-0.99,21.85,O,▲,7,★,"주봉20선↑, 주봉추세우상향, HMA돌파, 20선근접, 정배열(단), 장기추세(120↑), VWAP상회",1.8,31,248.9,78505,▼,O,X,10.054883720930233,26.984186046511628,5.0,1.4912280701754386,0.0,1,🧱 구조적 지지선(Swing Low) 근접. 📉 매도세 우위. ✅ 20일선 눌림목 구간.,90.5,,65.2,65.8,52.6,78.7,🔥 과열,1.유통·소비재(+42.2%) / 2.철강·금속(+38.0%) / 3.자동차·모빌리티(+22.3%) / 4.IT/전기전자(+21.3%) / 5.조선·기계·설비(+20.2%),3,102,20260102,20260102,25.84,12.3,21.85,-3.99
003490,003490,KOSPI,항공 여객 운송업,항공 여객 운송업,기타,22200,110.29,,22200,21500,23100,24000,54.3,36.0,61.0,0.0,,↩️ PULL (눌림),⑤ 하락 / 약세,0.45,-5.93,-7.43,-28.26,-46.79,2,0.56,0.24,0.19,1.0,0.1,0.05,0.75,50.0,49.7,-1.12,22795,-2.61,,-4.1381,-0.0945,1.22,-1.4,21540,1,5.28,1,1,1,0,True,-1.99,0.23,-2.42,X,▼,0,,"주봉역배열주의, RSI적정, 거래량↑, 정배열(단)",1.8,112,248.6,22789,▼,X,X,8.306388888888888,16.64,7.0,1.2857142857142858,0.0,1,🌪️ 에너지 응축 시작 (2일차). 🧱 구조적 지지선(Swing Low) 근접. 📉 매도세 우위. ✅ 20일선 눌림목 구간.,66.2,,57.9,65.8,52.6,78.7,🔥 과열,1.유통·소비재(+42.2%) / 2.철강·금속(+38.0%) / 3.자동차·모빌리티(+22.3%) / 4.IT/전기전자(+21.3%) / 5.조선·기계·설비(+20.2%),5,103,20260102,20260102,25.84,12.3,-2.42,-28.26
003670,003670,KOSPI,일차전지 및 이차전지 제조업,일차전지 및 이차전지 제조업,2차전지,176900,421.17,,176900,164500,198200,219500,53.7,46.7,72.2,0.0,,↩️ PULL (눌림),③ 박스 / 중립,-14.75,39.73,-22.63,-2.56,-1.13,0,0.75,0.73,1.0,1.0,0.0,0.6,0.5,20.3,30.3,-13.84,189285,-6.54,,-3413.3041,-0.0711,1.56,-2.18,209810,-1,27.13,0,0,0,0,True,-9.97,-15.76,23.28,X,▲,1,,"주봉추세우상향, 주봉역배열주의, 거래량↑, 정배열(단), 장기추세(120↑)",2.0,14,247.7,186871,▼,X,X,-4.631666666666667,-16.871666666666666,15.0,1.717741935483871,0.0,-1,🧱 구조적 지지선(Swing Low) 근접. 📉 매도세 우위. 📉 과매도 기술적 반등 기대.,93.6,,65.7,65.8,52.6,78.7,🔥 과열,1.유통·소비재(+42.2%) / 2.철강·금속(+38.0%) / 3.자동차·모빌리티(+22.3%) / 4.IT/전기전자(+21.3%) / 5.조선·기계·설비(+20.2%),3,104,20260102,20260102,25.84,12.3,23.28,-2.56
000720,000720,KOSPI,토목 건설업,토목 건설업,건설·부동산,69000,618.23,,69000,64100,76100,83200,53.7,52.8,68.9,0.0,,↩️ PULL (눌림),③ 박스 / 중립,4.7,-3.77,-3.18,1.0,-44.63,0,0.63,0.62,1.0,1.0,0.0,0.94,0.67,44.2,51.2,-3.19,69453,-0.65,,-558.071,-0.003,0.49,-0.6,63540,1,13.95,0,0,0,0,True,-1.43,-0.72,26.84,O,▲,4,,"주봉20선↑, 주봉추세우상향, 정배열(단), 장기추세(120↑)",2.0,36,248.4,68870,▼,O,X,-4.105,-10.209999999999999,14.0,1.4489795918367347,0.0,1,🧱 구조적 지지선(Swing Low) 근접. 📉 매도세 우위. ,93.9,,65.8,65.8,52.6,78.7,🔥 과열,1.유통·소비재(+42.2%) / 2.철강·금속(+38.0%) / 3.자동차·모빌리티(+22.3%) / 4.IT/전기전자(+21.3%) / 5.조선·기계·설비(+20.2%),3,105,20260102,20260102,25.84,12.3,26.84,1.0
190510,190510,KOSDAQ,전자부품 제조업,전자부품 제조업,IT/전기전자,17140,171.46,,17140,16610,18460,19780,53.3,49.9,69.6,0.0,,↩️ PULL (눌림),⑤ 하락 / 약세,6.53,25.66,4.68,-10.4,4.19,0,1.0,0.46,0.18,1.0,0.21,0.16,0.72,63.9,72.8,-0.13,17869,-4.08,,-27.3319,-0.463,0.53,-2.43,16617,1,25.03,0,0,0,0,True,-8.34,-3.0,1.9,O,▲,7,★,"주봉20선↑, 주봉추세우상향, RSI적정, 20선근접, 정배열(단), 장기추세(120↑), 자금유입",2.0,145,248.5,18461,▼,X,X,11.841621621621623,27.6472972972973,4.0,2.490566037735849,0.0,1,🧱 구조적 지지선(Swing Low) 근접. 📉 매도세 우위. 💰 외국인/기관 수급 집중. ✅ 20일선 눌림목 구간.,96.0,,66.1,65.8,52.6,78.7,🔥 과열,1.유통·소비재(+42.2%) / 2.철강·금속(+38.0%) / 3.자동차·모빌리티(+22.3%) / 4.IT/전기전자(+21.3%) / 5.조선·기계·설비(+20.2%),5,106,20260102,20260102,25.84,12.3,1.9,-10.4
437730,437730,KOSDAQ,자동차 신품 부품 제조업,자동차 신품 부품 제조업,자동차·모빌리티,55700,129.43,,52600,47300,63700,74900,53.3,54.4,58.1,0.0,,🔺 Watch (상승 준비),② 상승 후 조정,26.59,327.15,24.74,120.27,305.68,0,0.42,0.87,0.35,0.51,0.57,0.08,0.57,57.7,71.3,9.16,57358,-2.89,,-82.2406,-0.3203,0.45,-0.88,43125,1,42.86,0,0,0,1,False,-9.87,10.52,132.57,O,▲,6,★,"주봉20선↑, 주봉추세우상향, RSI적정, 정배열(단), 장기추세(120↑), 자금유입",2.5,37,194.6,58252,▲,X,X,17.62818181818182,25.464545454545455,3.0,0.9523809523809523,5.893536121673003,1,📉 매도세 우위. 💰 외국인/기관 수급 집중. ⚠️ 단기 급등 조정 주의.,93.8,,65.5,65.8,52.6,78.7,🔥 과열,1.유통·소비재(+42.2%) / 2.철강·금속(+38.0%) / 3.자동차·모빌리티(+22.3%) / 4.IT/전기전자(+21.3%) / 5.조선·기계·설비(+20.2%),2,107,20260102,20260102,25.84,12.3,132.57,120.27
103140,103140,KOSPI,1차 비철금속 제조업,1차 비철금속 제조업,철강·금속,106700,77.66,,106700,99200,115700,124700,53.2,50.7,60.0,0.0,,🔺 Watch (상승 준비),④ 바닥 반등 시도,7.24,-11.08,-0.64,-40.27,-51.94,0,0.52,0.51,1.0,1.0,0.22,0.0,0.81,55.7,70.6,2.87,107905,-1.12,,901.7342,0.0186,1.11,0.79,97900,1,10.92,0,0,0,1,False,1.43,6.27,-14.43,X,▼,2,,"주봉역배열주의, RSI적정, MACD상승, 20선근접, 자금유입, MACD>Sig",1.8,23,245.4,107347,▲,X,X,13.106,54.63000000000001,2.0,1.2,0.0,1,💰 외국인/기관 수급 집중. 📈 상승 모멘텀 개선. ,88.1,,63.7,65.8,52.6,78.7,🔥 과열,1.유통·소비재(+42.2%) / 2.철강·금속(+38.0%) / 3.자동차·모빌리티(+22.3%) / 4.IT/전기전자(+21.3%) / 5.조선·기계·설비(+20.2%),4,108,20260102,20260102,25.84,12.3,-14.43,-40.27
329180,329180,KOSPI,선박 및 보트 건조업,선박 및 보트 건조업,조선·기계·설비,504000,406.27,,504000,468500,547000,590000,53.0,52.4,67.9,0.0,,🔁 MR (반전),④ 바닥 반등 시도,-3.08,33.51,-10.96,-27.98,-7.35,0,0.53,0.51,1.0,1.0,0.11,0.57,0.7,32.3,28.3,-5.36,515388,-2.21,,-2518.735,0.0194,1.13,-2.03,562400,-1,17.14,0,0,0,0,True,-5.44,-3.82,-2.14,X,▲,-1,,"주봉추세우상향, 주봉역배열주의, MACD상승",2.0,4,201.6,506624,▼,X,X,10.054883720930233,26.984186046511628,5.0,1.2112676056338028,0.0,-1,🧱 구조적 지지선(Swing Low) 근접. 📉 매도세 우위. 📈 상승 모멘텀 개선. 📉 과매도 기술적 반등 기대.,93.7,,65.2,65.8,52.6,78.7,🔥 과열,1.유통·소비재(+42.2%) / 2.철강·금속(+38.0%) / 3.자동차·모빌리티(+22.3%) / 4.IT/전기전자(+21.3%) / 5.조선·기계·설비(+20.2%),4,109,20260102,20260102,25.84,12.3,-2.14,-27.98
021240,021240,KOSPI,그외 기타 개인 서비스업,그외 기타 개인 서비스업,서비스 기타,85500,58.28,,85500,80700,91300,97000,52.5,34.3,58.5,0.0,,↩️ PULL (눌림),⑤ 하락 / 약세,-3.82,-11.49,-11.7,-39.04,-52.35,4,0.53,0.41,0.81,1.0,0.1,0.0,0.76,53.7,61.7,-2.4,86817,-1.52,,-116.2249,-0.1441,0.99,-0.66,92230,-1,7.83,1,1,1,0,True,-3.5,-5.0,-13.2,X,▼,1,,"주봉역배열주의, OBV매집, RSI적정, 자금유입",1.8,29,247.9,88045,▼,X,O,1.9793333333333332,0.18066666666666648,11.0,1.2083333333333333,0.0,-1,🌪️ 에너지 응축 시작 (4일차). 🧱 구조적 지지선(Swing Low) 근접. 📉 매도세 우위. 💸 자금 유입 지속. ,58.6,,54.3,65.8,52.6,78.7,🔥 과열,1.유통·소비재(+42.2%) / 2.철강·금속(+38.0%) / 3.자동차·모빌리티(+22.3%) / 4.IT/전기전자(+21.3%) / 5.조선·기계·설비(+20.2%),5,110,20260102,20260102,25.84,12.3,-13.2,-39.04
064350,064350,KOSPI,철도장비 제조업,철도장비 제조업,기타,193400,419.6,,189200,170300,212000,234500,52.4,54.0,56.7,0.0,,🔻 REV (역추세 반등),④ 바닥 반등 시도,14.1,4.82,6.22,-37.53,-36.04,0,0.35,0.58,0.37,0.82,0.26,0.59,0.78,54.8,57.4,5.31,187112,3.36,,2058.3516,0.0786,0.97,0.8,170330,1,12.52,0,0,0,1,False,2.49,6.62,-11.69,X,▲,3,,"주봉추세우상향, 주봉역배열주의, HMA추세↑, RSI적정, MACD상승, MACD>Sig, VWAP상회",2.5,10,189.2,185649,▲,O,X,8.306388888888888,16.64,7.0,0.8051948051948052,2.2198731501057085,1,🚀 단기 모멘텀 가속. ⚠️ 단기 급등 조정 주의.,87.1,,62.8,65.8,52.6,78.7,🔥 과열,1.유통·소비재(+42.2%) / 2.철강·금속(+38.0%) / 3.자동차·모빌리티(+22.3%) / 4.IT/전기전자(+21.3%) / 5.조선·기계·설비(+20.2%),4,111,20260102,20260102,25.84,12.3,-11.69,-37.53
278470,278470,KOSPI,기타 화학제품 제조업,기타 화학제품 제조업,화학·소재,233000,148.92,,233000,226000,256500,280000,52.2,46.6,69.5,0.0,,↩️ PULL (눌림),④ 바닥 반등 시도,-5.86,55.85,-13.74,-32.64,14.99,0,1.0,0.61,0.17,1.0,0.12,0.12,0.67,36.4,34.7,-5.46,232034,0.42,,-2664.1096,0.0312,0.73,-1.34,226350,1,18.41,0,0,0,0,True,-1.27,-11.74,-6.8,X,▲,3,,"주봉추세우상향, 주봉역배열주의, HMA돌파, MACD상승, 정배열(단), 장기추세(120↑), VWAP상회",2.0,10,233.0,230070,▼,O,X,8.761666666666667,11.79888888888889,9.0,3.357142857142857,0.0,1,🧱 구조적 지지선(Swing Low) 근접. 📉 매도세 우위. 🚀 단기 모멘텀 가속. 📉 과매도 기술적 반등 기대.,83.8,,61.7,65.8,52.6,78.7,🔥 과열,1.유통·소비재(+42.2%) / 2.철강·금속(+38.0%) / 3.자동차·모빌리티(+22.3%) / 4.IT/전기전자(+21.3%) / 5.조선·기계·설비(+20.2%),4,112,20260102,20260102,25.84,12.3,-6.8,-32.64
110990,110990,KOSDAQ,특수 목적용 기계 제조업,특수 목적용 기계 제조업,조선·기계·설비,15690,109.72,,14910,13500,17740,20600,52.0,53.2,56.4,0.0,,🔼 BRK (돌파),④ 바닥 반등 시도,9.64,16.65,7.79,-10.94,-4.82,0,0.41,0.79,0.51,0.57,0.37,0.05,0.55,60.1,55.8,8.39,14952,4.93,,148.6795,0.0476,1.99,0.41,13276,1,13.37,0,0,0,1,False,4.25,15.88,1.36,O,▲,10,★,"주봉20선↑, 주봉추세우상향, HMA추세↑, HMA돌파, RSI적정, MACD상승, 거래량↑, 장기추세(120↑), MACD>Sig, VWAP상회",2.5,141,210.2,14828,▲,O,X,10.054883720930233,26.984186046511628,5.0,0.9360730593607306,5.23138832997988,1,📉 매도세 우위. 🚀 단기 모멘텀 가속. ⚠️ 단기 급등 조정 주의.,82.4,,61.1,65.8,52.6,78.7,🔥 과열,1.유통·소비재(+42.2%) / 2.철강·금속(+38.0%) / 3.자동차·모빌리티(+22.3%) / 4.IT/전기전자(+21.3%) / 5.조선·기계·설비(+20.2%),4,113,20260102,20260102,25.84,12.3,1.36,-10.94
389470,389470,KOSDAQ,자연과학 및 공학 연구개발업,자연과학 및 공학 연구개발업,기타,83200,68.28,,83200,74800,100600,117900,51.8,61.6,74.8,0.0,,🔺 Watch (관찰·돌파예상),⑤ 하락 / 약세,18.01,160.82,16.16,66.82,139.35,0,0.9,1.0,0.34,1.0,0.65,0.0,0.72,39.8,41.7,-1.92,77880,6.83,,-1416.8826,0.4768,0.2,0.98,66160,1,33.03,0,0,0,0,False,13.2,-4.91,79.12,O,▲,7,★,"주봉20선↑, 주봉추세우상향, HMA추세↑, MACD상승, 정배열(단), 장기추세(120↑), VWAP상회",2.5,23,191.4,75875,▲,O,X,8.306388888888888,16.64,7.0,2.0714285714285716,0.0,1,🚀 단기 모멘텀 가속. ✅ 20일선 눌림목 구간.,88.2,,62.7,65.8,52.6,78.7,🔥 과열,1.유통·소비재(+42.2%) / 2.철강·금속(+38.0%) / 3.자동차·모빌리티(+22.3%) / 4.IT/전기전자(+21.3%) / 5.조선·기계·설비(+20.2%),5,114,20260102,20260102,25.84,12.3,79.12,66.82
092870,092870,KOSDAQ,특수 목적용 기계 제조업,특수 목적용 기계 제조업,조선·기계·설비,16140,55.64,,15550,13990,20250,24900,51.4,55.3,61.2,0.0,,🔼 BRK (돌파),④ 바닥 반등 시도,10.4,56.55,8.55,-6.12,35.08,0,0.83,1.0,0.36,0.69,0.5,0.0,0.47,55.3,68.4,6.89,15346,5.17,,77.912,0.3031,3.09,1.37,16536,-1,14.89,0,0,0,1,False,10.55,9.87,6.18,O,▲,10,★,"주봉20선↑, 주봉추세우상향, HMA추세↑, RSI적정, MACD상승, 거래량↑, 장기추세(120↑), 자금유입, MACD>Sig, VWAP상회",2.5,128,199.0,14633,▲,O,X,10.054883720930233,26.984186046511628,5.0,1.9116279069767441,3.7942122186495175,-1,💸 자금 유입 지속. 🚀 단기 모멘텀 가속. ⚠️ 단기 급등 조정 주의.,84.8,,61.4,65.8,52.6,78.7,🔥 과열,1.유통·소비재(+42.2%) / 2.철강·금속(+38.0%) / 3.자동차·모빌리티(+22.3%) / 4.IT/전기전자(+21.3%) / 5.조선·기계·설비(+20.2%),4,115,20260102,20260102,25.84,12.3,6.18,-6.12
009830,009830,KOSPI,기초 화학물질 제조업,기초 화학물질 제조업,화학·소재,26750,67.35,,26750,25400,28350,29900,51.1,33.8,56.2,0.0,,↩️ PULL (눌림),⑤ 하락 / 약세,-3.08,-25.49,-10.96,-32.14,-66.35,11,0.52,0.36,0.65,1.0,0.1,0.0,0.77,46.1,54.6,-2.22,26996,-0.91,,-18.1789,-0.0882,1.0,-2.23,28890,-1,7.34,1,1,1,0,True,-4.8,-1.47,-6.3,X,▼,-2,,"주봉역배열주의, RSI적정",1.8,93,248.8,26930,▼,X,X,8.761666666666667,11.79888888888889,9.0,1.1851851851851851,0.0,-1,🌪️ 11일 연속 응축 중! 폭발 임박. 🧱 구조적 지지선(Swing Low) 근접. 📉 매도세 우위. ,69.6,,56.7,65.8,52.6,78.7,🔥 과열,1.유통·소비재(+42.2%) / 2.철강·금속(+38.0%) / 3.자동차·모빌리티(+22.3%) / 4.IT/전기전자(+21.3%) / 5.조선·기계·설비(+20.2%),5,116,20260102,20260102,25.84,12.3,-6.3,-32.14
101490,101490,KOSDAQ,전자부품 제조업,전자부품 제조업,IT/전기전자,51300,130.38,,49500,44550,56700,63800,51.0,50.3,56.2,0.0,,🔼 BRK (돌파),④ 바닥 반등 시도,-2.47,14.0,-4.32,-8.56,-7.47,0,0.35,0.64,0.37,0.7,0.39,0.08,0.63,64.3,55.4,6.74,49240,4.18,,566.4779,0.1114,2.11,1.33,43505,1,15.61,0,0,0,1,False,6.32,13.75,3.74,X,▼,5,★,"주봉역배열주의, HMA추세↑, OBV매집, RSI적정, MACD상승, 거래량↑, MACD>Sig, VWAP상회",2.5,40,198.0,48525,▲,O,O,11.841621621621623,27.6472972972973,4.0,0.8,3.6363636363636362,1,🚀 단기 모멘텀 가속. ⚠️ 단기 급등 조정 주의.,87.5,,62.0,65.8,52.6,78.7,🔥 과열,1.유통·소비재(+42.2%) / 2.철강·금속(+38.0%) / 3.자동차·모빌리티(+22.3%) / 4.IT/전기전자(+21.3%) / 5.조선·기계·설비(+20.2%),4,117,20260102,20260102,25.84,12.3,3.74,-8.56
082740,082740,KOSPI,일반 목적용 기계 제조업,일반 목적용 기계 제조업,조선·기계·설비,42050,104.61,,42050,39100,46450,50800,50.9,42.1,69.6,0.0,,↩️ PULL (눌림),⑤ 하락 / 약세,-1.64,67.53,-9.52,-32.19,26.67,0,0.65,0.63,1.0,1.0,0.02,0.04,0.68,39.8,49.6,-3.29,44383,-5.26,,-50.2793,-0.1193,0.59,-1.49,46545,-1,15.19,0,0,0,0,False,-6.97,0.12,-6.35,X,▲,0,,"주봉추세우상향, 주봉역배열주의, 장기추세(120↑)",2.0,59,248.1,42776,▼,X,X,10.054883720930233,26.984186046511628,5.0,1.4915254237288136,0.0,-1,📉 매도세 우위. ,95.0,,64.1,65.8,52.6,78.7,🔥 과열,1.유통·소비재(+42.2%) / 2.철강·금속(+38.0%) / 3.자동차·모빌리티(+22.3%) / 4.IT/전기전자(+21.3%) / 5.조선·기계·설비(+20.2%),5,118,20260102,20260102,25.84,12.3,-6.35,-32.19
389020,389020,KOSDAQ,반도체 제조업,반도체 제조업,반도체,39100,50.45,,38250,34400,45950,53600,50.9,56.2,60.7,0.0,,🔼 BRK (돌파),③ 박스 / 중립,11.24,-0.38,9.39,-3.99,-21.85,0,0.64,1.0,0.35,0.82,0.46,0.0,0.69,49.3,68.6,5.23,38002,2.89,,260.1617,0.2696,1.87,1.35,33785,1,21.23,0,0,0,1,False,10.92,9.68,8.31,O,▲,10,★,"주봉20선↑, 주봉추세우상향, HMA추세↑, RSI적정, MACD상승, 거래량↑, 장기추세(120↑), 자금유입, MACD>Sig, VWAP상회",2.5,51,195.1,36455,▲,O,X,13.682500000000001,11.408125,8.0,1.4574468085106382,2.2222222222222223,1,💸 자금 유입 지속. 🚀 단기 모멘텀 가속. ⚠️ 단기 급등 조정 주의.,68.1,,56.1,65.8,52.6,78.7,🔥 과열,1.유통·소비재(+42.2%) / 2.철강·금속(+38.0%) / 3.자동차·모빌리티(+22.3%) / 4.IT/전기전자(+21.3%) / 5.조선·기계·설비(+20.2%),3,119,20260102,20260102,25.84,12.3,8.31,-3.99
051910,051910,KOSPI,기초 화학물질 제조업,기초 화학물질 제조업,화학·소재,322500,236.25,,322500,299500,350000,377000,50.6,44.4,67.8,0.0,,🔁 MR (반전),④ 바닥 반등 시도,-13.19,24.76,-21.07,-9.83,-16.1,0,0.52,0.51,1.0,1.0,0.11,0.27,0.63,27.2,16.0,-9.7,333189,-3.21,,-3326.2515,0.0232,1.16,-1.31,363650,-1,22.33,0,0,0,0,True,-6.66,-8.9,16.01,X,▲,-1,,"주봉추세우상향, 주봉역배열주의, MACD상승",2.0,7,225.8,329435,▼,X,X,8.761666666666667,11.79888888888889,9.0,1.1956521739130435,0.0,-1,🧱 구조적 지지선(Swing Low) 근접. 📉 매도세 우위. 🚀 단기 모멘텀 가속. 📉 과매도 기술적 반등 기대.,92.6,,63.2,65.8,52.6,78.7,🔥 과열,1.유통·소비재(+42.2%) / 2.철강·금속(+38.0%) / 3.자동차·모빌리티(+22.3%) / 4.IT/전기전자(+21.3%) / 5.조선·기계·설비(+20.2%),4,120,20260102,20260102,25.84,12.3,16.01,-9.83
005690,005690,KOSPI,기초 의약물질 제조업,기초 의약물질 제조업,기타,14420,83.37,,14420,13410,15650,16880,50.4,41.9,68.8,0.0,,🔁 MR (반전),③ 박스 / 중립,-12.39,31.33,-20.27,-4.46,-9.53,0,0.53,0.51,1.0,1.0,0.15,0.0,0.58,7.5,22.7,-8.7,14832,-2.78,,-156.2113,0.1107,0.44,-1.55,16367,-1,24.35,0,0,0,0,True,-2.96,-8.96,21.38,O,▲,4,,"주봉20선↑, 주봉추세우상향, MACD상승, 장기추세(120↑)",2.0,173,249.5,14352,▼,O,X,8.306388888888888,16.64,7.0,1.2178217821782178,0.0,-1,🧱 구조적 지지선(Swing Low) 근접. 📉 매도세 우위. 🚀 단기 모멘텀 가속. 📉 과매도 기술적 반등 기대.,97.4,,64.5,65.8,52.6,78.7,🔥 과열,1.유통·소비재(+42.2%) / 2.철강·금속(+38.0%) / 3.자동차·모빌리티(+22.3%) / 4.IT/전기전자(+21.3%) / 5.조선·기계·설비(+20.2%),3,121,20260102,20260102,25.84,12.3,21.38,-4.46
032830,032830,KOSPI,보험업,보험업,금융,156300,150.29,,156300,150700,167500,178700,50.4,43.6,67.8,0.0,,↩️ PULL (눌림),⑤ 하락 / 약세,0.58,23.56,-7.3,-26.03,-17.3,0,0.87,0.43,0.27,1.0,0.21,0.12,0.81,53.1,53.9,-0.28,159053,-1.73,망치형,180.4768,-0.1599,1.07,0.36,150700,1,9.23,1,0,0,0,True,-4.64,3.03,-0.19,O,▲,8,★,"주봉20선↑, 주봉추세우상향, RSI적정, 20선근접, 정배열(단), 장기추세(120↑), MACD>Sig, 패턴(망치형)",1.8,15,234.4,160860,▼,X,X,0.11500000000000013,-1.5974999999999997,12.0,2.0,0.0,1,🔇 변동성 축소 (BW 9.2%). 🧱 구조적 지지선(Swing Low) 근접. 📉 매도세 우위. ✅ 20일선 눌림목 구간.,76.7,,58.3,65.8,52.6,78.7,🔥 과열,1.유통·소비재(+42.2%) / 2.철강·금속(+38.0%) / 3.자동차·모빌리티(+22.3%) / 4.IT/전기전자(+21.3%) / 5.조선·기계·설비(+20.2%),5,122,20260102,20260102,25.84,12.3,-0.19,-26.03
207940,207940,KOSPI,기초 의약물질 제조업,기초 의약물질 제조업,기타,1683000,198.06,,1683000,1646000,1775000,1867000,50.3,45.2,66.7,0.0,,↩️ PULL (눌림),⑤ 하락 / 약세,1.75,11.13,-6.13,-11.14,-29.73,0,1.0,0.33,0.08,1.0,0.2,0.2,0.78,53.4,53.1,-0.95,1694032,-0.65,,-2626.0114,-0.0698,1.06,-1.13,1646100,1,10.05,0,0,0,0,True,-2.15,-5.98,14.7,O,▲,5,★,"주봉20선↑, 주봉추세우상향, RSI적정, 20선근접, 장기추세(120↑)",1.8,1,168.3,1709877,▼,X,X,8.306388888888888,16.64,7.0,2.4864864864864864,0.0,1,🧱 구조적 지지선(Swing Low) 근접. 📉 매도세 우위. ✅ 20일선 눌림목 구간.,89.9,,62.2,65.8,52.6,78.7,🔥 과열,1.유통·소비재(+42.2%) / 2.철강·금속(+38.0%) / 3.자동차·모빌리티(+22.3%) / 4.IT/전기전자(+21.3%) / 5.조선·기계·설비(+20.2%),5,123,20260102,20260102,25.84,12.3,14.7,-11.14
012210,012210,KOSDAQ,기타 금속 가공제품 제조업,기타 금속 가공제품 제조업,기타,8790,74.9,,8790,7910,12460,16120,50.1,39.8,69.3,0.0,,↩️ PULL (눌림),② 상승 후 조정,-11.03,113.87,-12.88,61.76,92.4,0,1.0,1.0,0.37,1.0,0.28,0.0,0.0,37.8,0.2,-28.41,11315,-22.32,,-424.2163,-1.8145,4.58,-2.85,15690,-1,53.54,0,0,0,0,True,-36.76,-26.69,74.06,O,▲,5,★,"주봉20선↑, 주봉추세우상향, 거래량↑, 정배열(단), 장기추세(120↑)",2.5,227,199.5,13568,▼,X,X,8.306388888888888,16.64,7.0,4.170454545454546,0.0,-1,🧱 구조적 지지선(Swing Low) 근접. 📉 매도세 우위. 📉 과매도 기술적 반등 기대.,93.5,,63.1,65.8,52.6,78.7,🔥 과열,1.유통·소비재(+42.2%) / 2.철강·금속(+38.0%) / 3.자동차·모빌리티(+22.3%) / 4.IT/전기전자(+21.3%) / 5.조선·기계·설비(+20.2%),2,124,20260102,20260102,25.84,12.3,74.06,61.76
466100,466100,KOSDAQ,소프트웨어 개발 및 공급업,소프트웨어 개발 및 공급업,IT/전기전자,63000,289.33,,60300,54200,70800,81300,49.9,47.6,55.7,0.0,,↩️ PULL (눌림),② 상승 후 조정,45.66,228.98,43.81,107.21,207.51,0,0.39,0.75,0.34,0.63,0.38,0.36,0.55,67.2,60.0,7.6,65108,-3.24,,-420.2264,-0.6109,0.16,-0.56,51200,1,62.44,0,0,0,1,True,-4.69,-1.25,119.51,O,▲,4,,"주봉20선↑, 주봉추세우상향, 정배열(단), 장기추세(120↑)",2.5,32,193.0,67882,▼,X,X,11.841621621621623,27.6472972972973,4.0,0.8863636363636364,4.477611940298507,1,🧱 구조적 지지선(Swing Low) 근접. 📉 매도세 우위. 💸 자금 유입 지속. ⚠️ 단기 급등 조정 주의.,91.5,,62.4,65.8,52.6,78.7,🔥 과열,1.유통·소비재(+42.2%) / 2.철강·금속(+38.0%) / 3.자동차·모빌리티(+22.3%) / 4.IT/전기전자(+21.3%) / 5.조선·기계·설비(+20.2%),2,125,20260102,20260102,25.84,12.3,119.51,107.21
015760,015760,KOSPI,전기업,전기업,기타,46500,836.63,,46500,45550,49750,53000,49.8,48.9,63.8,0.0,,↩️ PULL (눌림),③ 박스 / 중립,-8.64,25.68,-16.52,3.15,-15.18,0,1.0,0.42,0.07,1.0,0.01,1.0,0.67,35.0,38.2,-5.93,47661,-2.44,,-552.3991,-0.0215,0.72,-0.83,45960,1,12.73,0,0,0,0,True,-3.83,-7.55,28.99,O,▲,4,,"주봉20선↑, 주봉추세우상향, 정배열(단), 장기추세(120↑)",2.0,53,246.4,47403,▼,X,X,8.306388888888888,16.64,7.0,3.4210526315789473,0.0,1,🧱 구조적 지지선(Swing Low) 근접. 📉 매도세 우위. 📉 과매도 기술적 반등 기대.,86.9,,60.9,65.8,52.6,78.7,🔥 과열,1.유통·소비재(+42.2%) / 2.철강·금속(+38.0%) / 3.자동차·모빌리티(+22.3%) / 4.IT/전기전자(+21.3%) / 5.조선·기계·설비(+20.2%),3,126,20260102,20260102,25.84,12.3,28.99,3.15
011070,011070,KOSPI,전자부품 제조업,전자부품 제조업,IT/전기전자,267500,106.77,,267500,258000,289000,310000,49.5,41.5,67.4,0.0,,↩️ PULL (눌림),② 상승 후 조정,7.86,78.1,-0.02,16.6,37.24,0,0.99,0.48,0.27,1.0,0.06,0.04,0.73,24.7,32.4,-4.72,270241,-1.01,,-3689.7707,-0.0726,0.97,-1.38,258400,1,11.49,0,0,0,0,True,-2.55,-4.46,42.44,O,▲,4,,"주봉20선↑, 주봉추세우상향, 정배열(단), 장기추세(120↑)",1.8,9,240.8,270133,▼,X,X,11.841621621621623,27.6472972972973,4.0,2.263157894736842,0.0,1,🧱 구조적 지지선(Swing Low) 근접. 📉 매도세 우위. ,96.2,,63.5,65.8,52.6,78.7,🔥 과열,1.유통·소비재(+42.2%) / 2.철강·금속(+38.0%) / 3.자동차·모빌리티(+22.3%) / 4.IT/전기전자(+21.3%) / 5.조선·기계·설비(+20.2%),2,127,20260102,20260102,25.84,12.3,42.44,16.6
010140,010140,KOSPI,선박 및 보트 건조업,선박 및 보트 건조업,조선·기계·설비,24150,318.51,,24150,22450,26200,28250,49.3,43.7,65.7,0.0,,↩️ PULL (눌림),⑤ 하락 / 약세,-1.43,48.98,-9.31,-15.57,8.12,0,0.53,0.51,1.0,1.0,0.0,0.41,0.74,37.3,38.4,-3.72,24324,-0.72,,-113.3976,-0.0131,1.06,-1.99,26685,-1,14.02,0,0,0,0,True,-3.98,-3.01,10.27,O,▲,4,,"주봉20선↑, 주봉추세우상향, HMA돌파, 장기추세(120↑)",2.0,103,248.7,24115,▼,O,X,10.054883720930233,26.984186046511628,5.0,1.2058823529411764,0.0,-1,🧱 구조적 지지선(Swing Low) 근접. 📉 매도세 우위. ,95.4,,63.1,65.8,52.6,78.7,🔥 과열,1.유통·소비재(+42.2%) / 2.철강·금속(+38.0%) / 3.자동차·모빌리티(+22.3%) / 4.IT/전기전자(+21.3%) / 5.조선·기계·설비(+20.2%),5,128,20260102,20260102,25.84,12.3,10.27,-15.57
373220,373220,KOSPI,일차전지 및 이차전지 제조업,일차전지 및 이차전지 제조업,2차전지,361000,465.97,,361000,335500,393000,424500,49.1,42.2,66.3,0.0,,↩️ PULL (눌림),⑤ 하락 / 약세,-13.01,14.6,-20.89,-21.96,-26.26,0,0.55,0.53,1.0,1.0,0.0,0.67,0.61,15.5,17.5,-11.7,374803,-3.68,,-4733.8484,-0.0021,0.92,-1.47,408200,-1,29.09,0,0,0,0,True,-6.96,-13.64,3.88,X,▼,-3,,주봉역배열주의,2.0,6,216.6,365838,▼,X,X,-4.631666666666667,-16.871666666666666,15.0,1.2549019607843137,0.0,-1,🧱 구조적 지지선(Swing Low) 근접. 📉 매도세 우위. 📉 과매도 기술적 반등 기대.,93.1,,62.3,65.8,52.6,78.7,🔥 과열,1.유통·소비재(+42.2%) / 2.철강·금속(+38.0%) / 3.자동차·모빌리티(+22.3%) / 4.IT/전기전자(+21.3%) / 5.조선·기계·설비(+20.2%),5,129,20260102,20260102,25.84,12.3,3.88,-21.96
052690,052690,KOSPI,"건축기술, 엔지니어링 및 관련 기술 서비스업","건축기술, 엔지니어링 및 관련 기술 서비스업",서비스 기타,89800,93.94,,89800,83500,97400,104900,48.8,38.5,67.8,0.0,,🔁 MR (반전),④ 바닥 반등 시도,-0.33,0.34,-8.21,-18.68,-40.52,0,0.53,0.51,1.0,1.0,0.11,0.02,0.63,39.1,46.5,-4.48,90642,-0.93,,-484.1892,0.0219,0.39,-0.83,98330,-1,17.93,0,0,0,0,True,-2.18,-3.23,7.16,X,▼,-2,,"주봉역배열주의, MACD상승",2.0,27,242.5,88658,▼,O,X,1.9793333333333332,0.18066666666666648,11.0,1.2063492063492063,0.0,-1,🧱 구조적 지지선(Swing Low) 근접. 📉 매도세 우위. 🚀 단기 모멘텀 가속. ,93.2,,62.1,65.8,52.6,78.7,🔥 과열,1.유통·소비재(+42.2%) / 2.철강·금속(+38.0%) / 3.자동차·모빌리티(+22.3%) / 4.IT/전기전자(+21.3%) / 5.조선·기계·설비(+20.2%),4,130,20260102,20260102,25.84,12.3,7.16,-18.68
399720,399720,KOSDAQ,반도체 제조업,반도체 제조업,반도체,52800,50.57,,51000,45900,61300,71500,48.6,55.4,56.0,0.0,,🔼 BRK (돌파),③ 박스 / 중립,-1.31,15.54,-3.16,-0.55,-5.93,0,0.54,0.97,0.37,0.71,0.49,0.0,0.77,59.5,77.5,6.6,52643,0.3,,640.6223,0.3321,1.48,1.76,45855,1,22.52,0,0,0,1,False,10.58,14.78,11.75,O,▲,12,★,"주봉20선↑, 주봉추세우상향, HMA추세↑, OBV매집, RSI적정, MACD상승, 거래량↑, 장기추세(120↑), 자금유입, MACD>Sig, VWAP상회",2.5,39,198.9,50486,▲,O,O,13.682500000000001,11.408125,8.0,1.2318840579710144,3.5294117647058822,1,💪 매수세 장악(Power Buying). 💰 외국인/기관 수급 집중. 🚀 단기 모멘텀 가속. ⚠️ 단기 급등 조정 주의.,89.6,,60.9,65.8,52.6,78.7,🔥 과열,1.유통·소비재(+42.2%) / 2.철강·금속(+38.0%) / 3.자동차·모빌리티(+22.3%) / 4.IT/전기전자(+21.3%) / 5.조선·기계·설비(+20.2%),3,131,20260102,20260102,25.84,12.3,11.75,-0.55
272210,272210,KOSPI,전자부품 제조업,전자부품 제조업,IT/전기전자,55300,193.95,,53200,48800,59800,66400,48.6,45.0,54.8,0.0,,🔺 Watch (상승 준비),⑤ 하락 / 약세,21.41,6.55,13.53,-32.9,-34.31,0,0.3,0.49,0.84,0.67,0.25,0.2,0.58,64.8,72.7,7.05,56329,-1.83,,555.0564,-0.3104,0.29,-2.24,48820,1,30.35,0,0,0,1,False,-5.95,9.94,-7.06,O,▲,6,★,"주봉20선↑, 주봉추세우상향, RSI적정, 장기추세(120↑), 자금유입, MACD>Sig",2.5,45,239.4,56999,▲,X,X,11.841621621621623,27.6472972972973,4.0,0.6923076923076923,3.9473684210526314,1,📉 매도세 우위. 💰 외국인/기관 수급 집중. ⚠️ 단기 급등 조정 주의.,93.3,,62.0,65.8,52.6,78.7,🔥 과열,1.유통·소비재(+42.2%) / 2.철강·금속(+38.0%) / 3.자동차·모빌리티(+22.3%) / 4.IT/전기전자(+21.3%) / 5.조선·기계·설비(+20.2%),5,132,20260102,20260102,25.84,12.3,-7.06,-32.9
024110,024110,KOSPI,은행 및 저축기관,은행 및 저축기관,금융,20750,69.48,,20750,20250,21500,22250,48.5,30.5,53.4,0.0,,↩️ PULL (눌림),⑤ 하락 / 약세,-1.66,8.75,-9.54,-19.21,-32.11,4,0.65,0.22,0.1,1.0,0.2,0.0,0.73,50.9,29.6,-1.04,20991,-1.15,,-50.7565,-0.0573,1.31,-0.8,20250,1,3.73,1,1,1,0,True,-1.89,0.0,6.63,O,▲,6,★,"주봉20선↑, 주봉추세우상향, RSI적정, 거래량↑, 정배열(단), 장기추세(120↑)",1.8,120,249.0,21125,▼,X,X,0.11500000000000013,-1.5974999999999997,12.0,1.5,0.0,1,🌪️ 에너지 응축 시작 (4일차). 🧱 구조적 지지선(Swing Low) 근접. 📉 매도세 우위. ✅ 20일선 눌림목 구간.,62.4,,52.7,65.8,52.6,78.7,🔥 과열,1.유통·소비재(+42.2%) / 2.철강·금속(+38.0%) / 3.자동차·모빌리티(+22.3%) / 4.IT/전기전자(+21.3%) / 5.조선·기계·설비(+20.2%),5,133,20260102,20260102,25.84,12.3,6.63,-19.21
004920,004920,KOSPI,영상 및 음향기기 제조업,영상 및 음향기기 제조업,기타,1161,54.13,,1145,1064,1261,1376,48.3,44.8,56.5,0.0,,🔻 REV (역추세 반등),④ 바닥 반등 시도,-0.43,-11.51,-8.31,-38.35,-52.37,0,0.45,0.52,1.0,0.88,0.28,0.0,0.71,57.2,50.8,4.47,1095,5.95,,3.8986,0.158,2.17,2.04,1166,-1,13.86,0,0,0,1,False,8.81,4.41,-12.51,X,▼,4,,"주봉역배열주의, HMA추세↑, RSI적정, MACD상승, 20선근접, 거래량↑, MACD>Sig, VWAP상회",2.0,2183,250.0,1060,▲,O,X,8.306388888888888,16.64,7.0,1.0309278350515463,1.3973799126637554,-1,💪 매수세 장악(Power Buying). 🚀 단기 모멘텀 가속. ,87.5,,60.1,65.8,52.6,78.7,🔥 과열,1.유통·소비재(+42.2%) / 2.철강·금속(+38.0%) / 3.자동차·모빌리티(+22.3%) / 4.IT/전기전자(+21.3%) / 5.조선·기계·설비(+20.2%),4,134,20260102,20260102,25.84,12.3,-12.51,-38.35
326030,326030,KOSPI,자연과학 및 공학 연구개발업,자연과학 및 공학 연구개발업,기타,122900,97.28,,122900,116300,130800,138700,47.9,39.6,65.6,0.0,,🔁 MR (반전),③ 박스 / 중립,-8.62,33.01,-16.5,-4.64,-7.85,0,0.52,0.39,0.74,1.0,0.2,0.03,0.7,11.6,39.6,-6.1,125250,-1.88,,-1544.8068,0.0086,1.04,-2.02,132700,-1,13.18,0,0,0,0,True,-4.36,-7.03,21.2,O,▲,5,★,"주봉20선↑, 주봉추세우상향, MACD상승, 정배열(단), 장기추세(120↑)",2.0,20,245.8,124172,▼,X,X,8.306388888888888,16.64,7.0,1.196969696969697,0.0,-1,🧱 구조적 지지선(Swing Low) 근접. 📉 매도세 우위. 📈 상승 모멘텀 개선. 📉 과매도 기술적 반등 기대.,95.5,,62.2,65.8,52.6,78.7,🔥 과열,1.유통·소비재(+42.2%) / 2.철강·금속(+38.0%) / 3.자동차·모빌리티(+22.3%) / 4.IT/전기전자(+21.3%) / 5.조선·기계·설비(+20.2%),3,135,20260102,20260102,25.84,12.3,21.2,-4.64
105560,105560,KOSPI,기타 금융업,기타 금융업,금융,123300,315.36,,123300,120800,128500,133600,47.9,42.3,64.0,0.0,,↩️ PULL (눌림),⑤ 하락 / 약세,-6.59,7.78,-14.47,-19.09,-33.08,0,0.91,0.25,0.06,1.0,0.2,0.41,0.79,45.3,44.4,-2.12,124500,-0.96,,-360.1918,-0.0168,0.88,0.44,121190,1,7.1,1,0,0,0,True,-2.14,-0.32,6.75,O,▲,5,★,"주봉20선↑, 주봉추세우상향, RSI적정, 정배열(단), 장기추세(120↑)",1.8,20,246.6,124908,▼,X,X,0.11500000000000013,-1.5974999999999997,12.0,2.08,0.0,1,🔇 변동성 축소 (BW 7.1%). 🧱 구조적 지지선(Swing Low) 근접. 📉 매도세 우위. ,33.6,,43.6,65.8,52.6,78.7,🔥 과열,1.유통·소비재(+42.2%) / 2.철강·금속(+38.0%) / 3.자동차·모빌리티(+22.3%) / 4.IT/전기전자(+21.3%) / 5.조선·기계·설비(+20.2%),5,136,20260102,20260102,25.84,12.3,6.75,-19.09
358570,358570,KOSDAQ,자연과학 및 공학 연구개발업,자연과학 및 공학 연구개발업,기타,16940,54.17,,16940,16570,19100,21300,47.9,46.0,62.0,0.0,,↩️ PULL (눌림),④ 바닥 반등 시도,-8.63,-12.36,-10.48,-21.08,-33.83,0,1.0,0.77,0.08,1.0,0.2,0.0,0.68,29.8,37.2,-7.62,17573,-3.61,,-173.2515,0.2192,0.96,-0.32,16572,1,26.32,0,0,0,0,True,-1.22,-5.15,-8.78,X,▼,-1,,"주봉역배열주의, MACD상승, 정배열(단)",2.0,147,249.0,16962,▲,X,X,8.306388888888888,16.64,7.0,5.837837837837838,0.0,1,🧱 구조적 지지선(Swing Low) 근접. 📉 매도세 우위. 🚀 단기 모멘텀 가속. 📉 과매도 기술적 반등 기대.,96.5,,62.5,65.8,52.6,78.7,🔥 과열,1.유통·소비재(+42.2%) / 2.철강·금속(+38.0%) / 3.자동차·모빌리티(+22.3%) / 4.IT/전기전자(+21.3%) / 5.조선·기계·설비(+20.2%),4,137,20260102,20260102,25.84,12.3,-8.78,-21.08
000270,000270,KOSPI,자동차용 엔진 및 자동차 제조업,자동차용 엔진 및 자동차 제조업,자동차·모빌리티,120600,363.6,,120600,115900,126600,132600,47.9,47.4,61.2,0.0,,🔺 Watch (상승 준비),④ 바닥 반등 시도,3.08,22.31,-4.8,-6.08,-18.55,0,0.56,0.3,0.34,1.0,0.21,0.49,0.84,41.8,48.1,-1.04,120683,-0.07,,-448.3288,0.0163,0.77,1.06,115950,1,6.39,1,0,0,0,True,0.33,-0.17,19.76,O,▲,5,★,"주봉20선↑, 주봉추세우상향, MACD상승, 정배열(단), 장기추세(120↑)",1.8,20,241.2,120144,▼,O,X,17.62818181818182,25.464545454545455,3.0,1.2765957446808511,0.0,1,🔇 변동성 축소 (BW 6.4%). 🧱 구조적 지지선(Swing Low) 근접. 📈 상승 모멘텀 개선. ✅ 20일선 눌림목 구간.,18.3,,39.0,65.8,52.6,78.7,🔥 과열,1.유통·소비재(+42.2%) / 2.철강·금속(+38.0%) / 3.자동차·모빌리티(+22.3%) / 4.IT/전기전자(+21.3%) / 5.조선·기계·설비(+20.2%),4,138,20260102,20260102,25.84,12.3,19.76,-6.08
483650,483650,KOSPI,기타 화학제품 제조업,기타 화학제품 제조업,화학·소재,153200,51.55,,150900,140300,166800,182700,47.8,41.4,55.2,0.0,,🔺 Watch (상승 준비),⑤ 하락 / 약세,16.59,-21.48,8.71,-32.2,-62.34,0,0.46,0.54,1.0,0.87,0.21,0.0,0.69,58.6,63.8,4.56,146005,4.93,,-320.1564,-0.168,0.75,-0.05,138740,1,27.11,0,0,0,1,False,2.82,-3.1,-6.36,O,▼,6,★,"주봉20선↑, HMA돌파, RSI적정, 20선근접, 정배열(단), 자금유입, VWAP상회",2.0,16,241.4,149621,▼,O,X,8.761666666666667,11.79888888888889,9.0,1.054263565891473,1.5241882041086812,1,📉 매도세 우위. 💸 자금 유입 지속. ,90.6,,60.6,65.8,52.6,78.7,🔥 과열,1.유통·소비재(+42.2%) / 2.철강·금속(+38.0%) / 3.자동차·모빌리티(+22.3%) / 4.IT/전기전자(+21.3%) / 5.조선·기계·설비(+20.2%),5,139,20260102,20260102,25.84,12.3,-6.36,-32.2
336260,336260,KOSPI,"전동기, 발전기 및 전기 변환 · 공급 · 제어 장치 제조업","전동기, 발전기 및 전기 변환 · 공급 · 제어 장치 제조업",인프라·에너지,29000,83.27,,29000,26950,31850,34650,47.7,34.1,68.0,0.0,,↩️ PULL (눌림),⑤ 하락 / 약세,-7.64,32.12,-15.52,-24.09,-8.74,0,0.61,0.59,1.0,1.0,0.0,0.0,0.62,43.8,34.8,-5.39,29060,-0.21,망치형,-69.1731,-0.0062,0.37,-1.64,32070,-1,19.96,0,0,0,0,True,-5.23,-4.61,1.75,X,▲,0,,"주봉추세우상향, 주봉역배열주의, HMA돌파, 패턴(망치형)",2.0,86,249.4,28887,▼,O,X,0.6112499999999998,-3.1162499999999995,13.0,1.3902439024390243,0.0,-1,🧱 구조적 지지선(Swing Low) 근접. 📉 매도세 우위. 📉 과매도 기술적 반등 기대.,92.8,,61.2,65.8,52.6,78.7,🔥 과열,1.유통·소비재(+42.2%) / 2.철강·금속(+38.0%) / 3.자동차·모빌리티(+22.3%) / 4.IT/전기전자(+21.3%) / 5.조선·기계·설비(+20.2%),5,140,20260102,20260102,25.84,12.3,1.75,-24.09
009540,009540,KOSPI,기타 금융업,기타 금융업,금융,393500,381.34,,393500,365500,427000,460000,47.7,38.7,65.5,0.0,,↩️ PULL (눌림),⑤ 하락 / 약세,-4.72,24.92,-12.6,-30.1,-15.94,0,0.52,0.51,1.0,1.0,0.0,0.53,0.57,31.3,40.4,-7.29,406262,-3.14,,-3265.1201,-0.0995,1.73,-1.73,442850,-1,14.84,0,0,0,0,True,-8.91,-6.86,-4.26,X,▲,-1,,"주봉추세우상향, 주봉역배열주의, 거래량↑",2.0,6,236.1,404976,▼,X,X,0.11500000000000013,-1.5974999999999997,12.0,1.1964285714285714,0.0,-1,🧱 구조적 지지선(Swing Low) 근접. 📉 매도세 우위. 📉 과매도 기술적 반등 기대.,94.3,,61.7,65.8,52.6,78.7,🔥 과열,1.유통·소비재(+42.2%) / 2.철강·금속(+38.0%) / 3.자동차·모빌리티(+22.3%) / 4.IT/전기전자(+21.3%) / 5.조선·기계·설비(+20.2%),5,141,20260102,20260102,25.84,12.3,-4.26,-30.1
482630,482630,KOSDAQ,기타 화학제품 제조업,기타 화학제품 제조업,화학·소재,23300,118.1,,22000,19790,26400,30800,47.7,53.3,55.0,0.0,,🔼 BRK (돌파),③ 박스 / 중립,2.64,32.09,0.79,-3.42,10.62,0,0.39,0.8,0.36,0.51,0.48,0.06,0.74,54.5,64.7,9.13,22352,4.24,,210.9728,0.2605,1.5,1.84,19206,1,22.85,0,0,0,1,False,9.91,19.49,8.88,O,▲,13,★,"주봉20선↑, 주봉추세우상향, HMA추세↑, OBV매집, RSI적정, MACD상승, 거래량↑, 정배열(단), 장기추세(120↑), 자금유입, MACD>Sig, VWAP상회",2.5,90,198.0,21627,▲,O,O,8.761666666666667,11.79888888888889,9.0,0.8831908831908832,5.909090909090909,1,💪 매수세 장악(Power Buying). 💸 자금 유입 지속. 🚀 단기 모멘텀 가속. ⚠️ 단기 급등 조정 주의.,82.9,,58.3,65.8,52.6,78.7,🔥 과열,1.유통·소비재(+42.2%) / 2.철강·금속(+38.0%) / 3.자동차·모빌리티(+22.3%) / 4.IT/전기전자(+21.3%) / 5.조선·기계·설비(+20.2%),3,142,20260102,20260102,25.84,12.3,8.88,-3.42
017960,017960,KOSPI,"구조용 금속제품, 탱크 및 증기발생기 제조업","구조용 금속제품, 탱크 및 증기발생기 제조업",기타,27750,60.86,,27750,25800,30950,34150,47.5,42.5,63.2,0.0,,↩️ PULL (눌림),⑤ 하락 / 약세,-0.36,20.13,-8.24,-40.98,-20.73,0,0.72,0.7,1.0,1.0,0.1,0.0,0.54,45.5,53.4,-9.01,30289,-8.38,,-226.573,-0.7013,1.79,-3.37,34290,-1,27.11,0,0,0,0,True,-19.1,-12.87,-15.14,X,▼,-1,,"주봉역배열주의, RSI적정, 거래량↑",2.0,90,249.8,31949,▼,X,X,8.306388888888888,16.64,7.0,1.641025641025641,0.0,-1,🧱 구조적 지지선(Swing Low) 근접. 📉 매도세 우위. 📉 과매도 기술적 반등 기대.,94.1,,61.5,65.8,52.6,78.7,🔥 과열,1.유통·소비재(+42.2%) / 2.철강·금속(+38.0%) / 3.자동차·모빌리티(+22.3%) / 4.IT/전기전자(+21.3%) / 5.조선·기계·설비(+20.2%),5,143,20260102,20260102,25.84,12.3,-15.14,-40.98
249420,249420,KOSPI,의약품 제조업,의약품 제조업,바이오·의약품,38700,140.39,,37000,33350,43250,49450,47.5,43.0,53.9,0.0,,🔺 Watch (상승 준비),③ 박스 / 중립,37.23,114.4,29.35,4.68,73.54,0,0.37,0.71,0.4,0.62,0.31,0.1,0.58,61.4,73.6,7.74,39270,-1.45,,-93.9132,-0.1813,0.22,0.31,33350,1,54.62,0,0,0,1,False,3.75,-1.28,30.52,O,▲,6,★,"주봉20선↑, 주봉추세우상향, RSI적정, 정배열(단), 장기추세(120↑), 자금유입",2.5,54,199.8,39004,▼,X,X,5.0325,11.853749999999998,10.0,0.8504672897196262,4.594594594594595,1,📉 매도세 우위. 💰 외국인/기관 수급 집중. ⚠️ 단기 급등 조정 주의.,93.4,,61.3,65.8,52.6,78.7,🔥 과열,1.유통·소비재(+42.2%) / 2.철강·금속(+38.0%) / 3.자동차·모빌리티(+22.3%) / 4.IT/전기전자(+21.3%) / 5.조선·기계·설비(+20.2%),3,144,20260102,20260102,25.84,12.3,30.52,4.68
232140,232140,KOSDAQ,특수 목적용 기계 제조업,특수 목적용 기계 제조업,조선·기계·설비,15700,105.09,,14740,13260,18290,21850,47.4,58.4,58.0,0.0,,🔼 BRK (돌파),③ 박스 / 중립,15.02,56.84,13.17,4.0,35.37,0,0.46,1.0,0.36,0.46,0.52,0.04,0.58,59.6,63.3,9.69,14734,6.55,,123.6172,0.2591,2.66,2.75,13192,1,17.39,0,0,0,1,False,12.63,18.22,16.3,O,▲,11,★,"주봉20선↑, 주봉추세우상향, HMA추세↑, RSI적정, MACD상승, 거래량↑, 정배열(단), 장기추세(120↑), 자금유입, MACD>Sig, VWAP상회",2.5,135,199.0,14313,▲,O,X,10.054883720930233,26.984186046511628,5.0,1.0614754098360655,6.512890094979647,1,💪 매수세 장악(Power Buying). 💸 자금 유입 지속. 🚀 단기 모멘텀 가속. ⚠️ 단기 급등 조정 주의.,82.8,,58.0,65.8,52.6,78.7,🔥 과열,1.유통·소비재(+42.2%) / 2.철강·금속(+38.0%) / 3.자동차·모빌리티(+22.3%) / 4.IT/전기전자(+21.3%) / 5.조선·기계·설비(+20.2%),3,145,20260102,20260102,25.84,12.3,16.3,4.0
100790,100790,KOSDAQ,기타 금융업,기타 금융업,금융,13590,228.94,,12730,11460,16280,19830,47.3,51.6,59.1,0.0,,🔺 Watch (상승 준비),② 상승 후 조정,43.81,104.36,41.96,54.86,82.89,0,0.55,1.0,0.37,0.44,0.51,0.26,0.61,57.7,54.7,9.92,13832,-1.75,,-132.8188,-1.4098,0.73,-0.16,20946,-1,103.43,0,0,0,1,False,-12.6,30.8,67.16,O,▲,5,★,"주봉20선↑, 주봉추세우상향, RSI적정, 정배열(단), 장기추세(120↑)",2.5,157,199.9,15671,▼,X,X,0.11500000000000013,-1.5974999999999997,12.0,1.2629107981220657,6.755695208169678,-1,📉 매도세 우위. ⚠️ 단기 급등 조정 주의.,91.4,,60.5,65.8,52.6,78.7,🔥 과열,1.유통·소비재(+42.2%) / 2.철강·금속(+38.0%) / 3.자동차·모빌리티(+22.3%) / 4.IT/전기전자(+21.3%) / 5.조선·기계·설비(+20.2%),2,146,20260102,20260102,25.84,12.3,67.16,54.86
066570,066570,KOSPI,통신 및 방송 장비 제조업,통신 및 방송 장비 제조업,IT/전기전자,91400,262.16,,91400,89500,97200,103000,46.8,40.1,63.3,0.0,,↩️ PULL (눌림),③ 박스 / 중립,4.82,23.35,-3.06,-4.94,-17.51,0,1.0,0.38,0.07,1.0,0.0,0.32,0.7,40.6,49.4,-2.79,91855,-0.5,,-612.0421,-0.0469,0.64,-1.72,89930,1,10.12,0,0,0,0,True,-1.4,-1.83,20.9,O,▲,4,,"주봉20선↑, 주봉추세우상향, 정배열(단), 장기추세(120↑)",1.8,27,246.8,91641,▼,X,X,11.841621621621623,27.6472972972973,4.0,3.0526315789473686,0.0,1,🧱 구조적 지지선(Swing Low) 근접. 📉 매도세 우위. ,81.2,,57.1,65.8,52.6,78.7,🔥 과열,1.유통·소비재(+42.2%) / 2.철강·금속(+38.0%) / 3.자동차·모빌리티(+22.3%) / 4.IT/전기전자(+21.3%) / 5.조선·기계·설비(+20.2%),3,147,20260102,20260102,25.84,12.3,20.9,-4.94
011790,011790,KOSPI,기타 화학제품 제조업,기타 화학제품 제조업,화학·소재,103000,119.03,,103000,95700,111700,120400,46.5,35.1,65.5,0.0,,↩️ PULL (눌림),⑤ 하락 / 약세,-6.79,-2.55,-14.67,-23.96,-43.41,0,0.52,0.51,1.0,1.0,0.0,0.06,0.7,30.5,32.5,-5.19,104858,-1.77,,-453.3847,-0.0033,1.12,-1.97,112300,-1,12.61,0,0,0,0,True,-3.92,-5.68,1.88,X,▼,-3,,주봉역배열주의,2.0,24,247.2,104141,▼,X,X,8.761666666666667,11.79888888888889,9.0,1.1917808219178083,0.0,-1,🧱 구조적 지지선(Swing Low) 근접. 📉 매도세 우위. 📉 과매도 기술적 반등 기대.,95.2,,61.1,65.8,52.6,78.7,🔥 과열,1.유통·소비재(+42.2%) / 2.철강·금속(+38.0%) / 3.자동차·모빌리티(+22.3%) / 4.IT/전기전자(+21.3%) / 5.조선·기계·설비(+20.2%),5,148,20260102,20260102,25.84,12.3,1.88,-23.96
131290,131290,KOSDAQ,"측정, 시험, 항해, 제어 및 기타 정밀기기 제조업; 광학기기 제외","측정, 시험, 항해, 제어 및 기타 정밀기기 제조업; 광학기기 제외",기타,63400,58.36,,59600,53600,73900,88200,46.5,52.0,47.9,0.0,,🔺 Watch (관찰·돌파예상),⑤ 하락 / 약세,6.02,61.32,4.17,6.65,39.85,0,0.47,1.0,0.35,0.47,0.49,0.0,0.49,59.0,51.9,9.58,59711,6.18,장악형,381.8864,0.2126,2.23,0.41,51460,1,20.21,0,0,0,1,False,6.73,18.95,18.95,O,▲,11,★,"주봉20선↑, 주봉추세우상향, HMA추세↑, RSI적정, MACD상승, 거래량↑, 정배열(단), 장기추세(120↑), MACD>Sig, VWAP상회, 패턴(장악형)",2.5,33,196.7,57948,▲,O,X,8.306388888888888,16.64,7.0,1.0714285714285714,6.375838926174497,1,📉 매도세 우위. 🚀 단기 모멘텀 가속. ⚠️ 단기 급등 조정 주의.,76.7,,55.6,65.8,52.6,78.7,🔥 과열,1.유통·소비재(+42.2%) / 2.철강·금속(+38.0%) / 3.자동차·모빌리티(+22.3%) / 4.IT/전기전자(+21.3%) / 5.조선·기계·설비(+20.2%),5,149,20260102,20260102,25.84,12.3,18.95,6.65
010060,010060,KOSPI,기타 금융업,기타 금융업,금융,105500,68.01,,105500,103300,116800,128100,45.3,40.1,60.5,0.0,,↩️ PULL (눌림),⑤ 하락 / 약세,3.84,32.37,-4.04,-6.5,-8.49,0,1.0,0.65,0.07,1.0,0.2,0.0,0.65,56.5,59.6,-2.28,114370,-7.76,,374.2038,-0.4307,1.7,-2.04,103450,1,27.73,0,0,0,0,True,-13.45,0.29,19.34,O,▲,7,★,"주봉20선↑, 주봉추세우상향, RSI적정, 거래량↑, 정배열(단), 장기추세(120↑), MACD>Sig",2.0,23,242.7,119381,▼,X,X,0.11500000000000013,-1.5974999999999997,12.0,5.136363636363637,0.0,1,🧱 구조적 지지선(Swing Low) 근접. 📉 매도세 우위. ,94.8,,60.2,65.8,52.6,78.7,🔥 과열,1.유통·소비재(+42.2%) / 2.철강·금속(+38.0%) / 3.자동차·모빌리티(+22.3%) / 4.IT/전기전자(+21.3%) / 5.조선·기계·설비(+20.2%),5,150,20260102,20260102,25.84,12.3,19.34,-6.5
267250,267250,KOSPI,기타 금융업,기타 금융업,금융,184200,111.18,,184200,180500,198300,212500,45.1,32.4,64.3,0.0,,↩️ PULL (눌림),⑤ 하락 / 약세,-3.26,49.51,-11.14,-7.31,8.65,0,1.0,0.46,0.06,1.0,0.01,0.05,0.67,28.2,37.5,-7.53,188425,-2.24,,-1892.4393,-0.0126,0.88,-0.64,184045,1,17.11,0,0,0,0,True,-4.71,-8.13,18.53,O,▲,4,,"주봉20선↑, 주봉추세우상향, 정배열(단), 장기추세(120↑)",2.0,13,239.5,186775,▼,X,X,0.11500000000000013,-1.5974999999999997,12.0,3.810810810810811,0.0,1,🧱 구조적 지지선(Swing Low) 근접. 📉 매도세 우위. 📉 과매도 기술적 반등 기대.,92.5,,59.3,65.8,52.6,78.7,🔥 과열,1.유통·소비재(+42.2%) / 2.철강·금속(+38.0%) / 3.자동차·모빌리티(+22.3%) / 4.IT/전기전자(+21.3%) / 5.조선·기계·설비(+20.2%),5,151,20260102,20260102,25.84,12.3,18.53,-7.31
006800,006800,KOSPI,금융 지원 서비스업,금융 지원 서비스업,서비스 기타,24650,564.36,,23050,20700,27650,32250,45.1,49.7,45.9,0.0,,🔼 BRK (돌파),④ 바닥 반등 시도,13.33,26.48,5.45,-10.38,-14.38,0,0.33,0.73,0.32,0.42,0.26,0.85,0.65,67.2,78.8,10.24,23515,4.82,장악형,300.1451,0.0222,0.98,0.09,20180,1,18.57,0,0,0,1,False,3.14,15.19,15.46,O,▲,10,★,"주봉20선↑, 주봉추세우상향, HMA추세↑, HMA돌파, MACD상승, 장기추세(120↑), 자금유입, MACD>Sig, VWAP상회, 패턴(장악형)",2.5,85,195.9,23752,▲,O,X,1.9793333333333332,0.18066666666666648,11.0,0.759493670886076,6.941431670281996,1,📉 매도세 우위. 💰 외국인/기관 수급 집중. 🚀 단기 모멘텀 가속. ⚠️ 단기 급등 조정 주의.,93.3,,59.6,65.8,52.6,78.7,🔥 과열,1.유통·소비재(+42.2%) / 2.철강·금속(+38.0%) / 3.자동차·모빌리티(+22.3%) / 4.IT/전기전자(+21.3%) / 5.조선·기계·설비(+20.2%),4,152,20260102,20260102,25.84,12.3,15.46,-10.38
036810,036810,KOSDAQ,전자부품 제조업,전자부품 제조업,IT/전기전자,31700,56.32,,30650,28850,34750,38850,44.7,44.0,51.3,0.0,,🔺 Watch (상승 준비),③ 박스 / 중립,9.47,60.47,7.62,-3.94,39.0,0,0.47,0.58,0.87,0.72,0.29,0.0,0.58,62.0,60.1,6.59,33245,-4.65,,512.399,-0.4346,1.73,-0.17,28873,1,41.48,0,0,0,1,False,-5.29,21.78,8.36,O,▲,7,★,"주봉20선↑, 주봉추세우상향, RSI적정, 거래량↑, 장기추세(120↑), 자금유입, MACD>Sig",2.5,81,248.3,34685,▲,X,X,11.841621621621623,27.6472972972973,4.0,1.0701754385964912,3.4257748776508974,1,📉 매도세 우위. 💸 자금 유입 지속. ⚠️ 단기 급등 조정 주의.,91.9,,58.9,65.8,52.6,78.7,🔥 과열,1.유통·소비재(+42.2%) / 2.철강·금속(+38.0%) / 3.자동차·모빌리티(+22.3%) / 4.IT/전기전자(+21.3%) / 5.조선·기계·설비(+20.2%),3,153,20260102,20260102,25.84,12.3,8.36,-3.94
096770,096770,KOSPI,석유 정제품 제조업,석유 정제품 제조업,기타,99900,99.41,,99900,94200,106700,113500,43.8,31.3,62.6,0.0,,↩️ PULL (눌림),⑤ 하락 / 약세,-13.51,-11.59,-21.39,-26.44,-52.45,0,0.52,0.41,0.83,1.0,0.0,0.03,0.65,16.2,8.3,-8.78,102373,-2.42,,-848.828,-0.0197,0.9,-2.19,107810,-1,20.59,0,0,0,0,True,-5.93,-9.02,-0.6,X,▼,-3,,주봉역배열주의,2.0,25,249.8,101137,▼,X,X,8.306388888888888,16.64,7.0,1.1929824561403508,0.0,-1,🧱 구조적 지지선(Swing Low) 근접. 📉 매도세 우위. 📉 과매도 기술적 반등 기대.,92.8,,58.5,65.8,52.6,78.7,🔥 과열,1.유통·소비재(+42.2%) / 2.철강·금속(+38.0%) / 3.자동차·모빌리티(+22.3%) / 4.IT/전기전자(+21.3%) / 5.조선·기계·설비(+20.2%),5,154,20260102,20260102,25.84,12.3,-0.6,-26.44
257720,257720,KOSDAQ,상품 종합 도매업,상품 종합 도매업,기타,40350,73.36,,40350,37500,43750,47150,43.6,38.7,58.2,0.0,,🔺 Watch (관찰·돌파예상),④ 바닥 반등 시도,-10.53,-21.95,-12.38,-24.2,-43.42,0,0.52,0.51,1.0,1.0,0.14,0.0,0.73,43.1,47.3,-1.1,38957,3.57,,-108.2439,0.082,1.35,-0.21,42237,-1,15.23,0,0,0,0,False,1.77,-5.28,-11.9,X,▼,0,,"주봉역배열주의, MACD상승, 거래량↑, VWAP상회",2.0,61,246.1,38476,▼,O,X,8.306388888888888,16.64,7.0,1.1929824561403508,0.0,-1,📉 매도세 우위. 🚀 단기 모멘텀 가속. ✅ 20일선 눌림목 구간.,98.2,,60.0,65.8,52.6,78.7,🔥 과열,1.유통·소비재(+42.2%) / 2.철강·금속(+38.0%) / 3.자동차·모빌리티(+22.3%) / 4.IT/전기전자(+21.3%) / 5.조선·기계·설비(+20.2%),4,155,20260102,20260102,25.84,12.3,-11.9,-24.2
450080,450080,KOSPI,일차전지 및 이차전지 제조업,일차전지 및 이차전지 제조업,2차전지,50300,77.8,,50300,46750,56000,61700,43.3,32.9,60.8,0.0,,↩️ PULL (눌림),⑤ 하락 / 약세,-16.45,2.76,-24.33,-19.5,-38.1,0,0.7,0.68,1.0,1.0,0.0,0.0,0.57,16.5,13.2,-14.25,53714,-6.36,,-938.632,-0.1749,0.88,-2.92,58460,-1,27.43,0,0,0,0,True,-11.44,-16.03,6.34,X,▼,-3,,주봉역배열주의,2.0,49,246.5,53134,▼,X,X,-4.631666666666667,-16.871666666666666,15.0,1.6056338028169015,0.0,-1,🧱 구조적 지지선(Swing Low) 근접. 📉 매도세 우위. 📉 과매도 기술적 반등 기대.,95.0,,58.8,65.8,52.6,78.7,🔥 과열,1.유통·소비재(+42.2%) / 2.철강·금속(+38.0%) / 3.자동차·모빌리티(+22.3%) / 4.IT/전기전자(+21.3%) / 5.조선·기계·설비(+20.2%),5,156,20260102,20260102,25.84,12.3,6.34,-19.5
264660,264660,KOSDAQ,특수 목적용 기계 제조업,특수 목적용 기계 제조업,조선·기계·설비,17090,82.03,,16200,14570,19440,22700,42.8,50.7,45.8,0.0,,🔼 BRK (돌파),③ 박스 / 중립,8.92,38.38,7.07,-4.82,16.91,0,0.41,0.83,0.35,0.54,0.43,0.0,0.7,62.0,72.5,8.66,16495,3.61,,151.2614,0.1591,1.63,1.61,14367,1,15.68,0,0,0,1,False,9.69,14.7,7.48,O,▲,12,★,"주봉20선↑, 주봉추세우상향, HMA추세↑, HMA돌파, RSI적정, MACD상승, 거래량↑, 정배열(단), 장기추세(120↑), 자금유입, MACD>Sig, VWAP상회",2.5,122,197.6,16227,▲,O,X,10.054883720930233,26.984186046511628,5.0,0.9325396825396826,5.493827160493827,1,💪 매수세 장악(Power Buying). 💰 외국인/기관 수급 집중. 🚀 단기 모멘텀 가속. ⚠️ 단기 급등 조정 주의.,92.0,,57.6,65.8,52.6,78.7,🔥 과열,1.유통·소비재(+42.2%) / 2.철강·금속(+38.0%) / 3.자동차·모빌리티(+22.3%) / 4.IT/전기전자(+21.3%) / 5.조선·기계·설비(+20.2%),3,157,20260102,20260102,25.84,12.3,7.48,-4.82
016360,016360,KOSPI,금융 지원 서비스업,금융 지원 서비스업,서비스 기타,75900,120.11,,75900,72800,80600,85200,42.7,28.3,62.3,0.0,,↩️ PULL (눌림),⑤ 하락 / 약세,-5.95,6.9,-13.83,-19.98,-33.96,0,0.66,0.37,0.39,1.0,0.1,0.07,0.65,35.8,44.7,-4.2,77096,-1.55,망치형,-522.3589,-0.1462,1.54,-0.9,80070,-1,9.15,1,0,0,0,True,-4.53,-3.8,5.86,O,▲,6,★,"주봉20선↑, 주봉추세우상향, 거래량↑, 정배열(단), 장기추세(120↑), 패턴(망치형)",1.8,32,242.9,77658,▼,X,X,1.9793333333333332,0.18066666666666648,11.0,1.5161290322580645,0.0,-1,🔇 변동성 축소 (BW 9.2%). 🧱 구조적 지지선(Swing Low) 근접. 📉 매도세 우위. ,84.5,,55.2,65.8,52.6,78.7,🔥 과열,1.유통·소비재(+42.2%) / 2.철강·금속(+38.0%) / 3.자동차·모빌리티(+22.3%) / 4.IT/전기전자(+21.3%) / 5.조선·기계·설비(+20.2%),5,158,20260102,20260102,25.84,12.3,5.86,-19.98
000990,000990,KOSPI,반도체 제조업,반도체 제조업,반도체,73700,176.17,,68700,62300,81400,94100,42.5,41.0,45.9,0.0,,🔼 BRK (돌파),③ 박스 / 중립,13.38,59.7,5.5,3.91,18.84,0,0.29,0.63,0.55,0.4,0.28,0.16,0.59,69.0,69.7,10.54,68981,6.84,,367.6978,0.042,1.81,0.96,62340,1,13.24,0,0,0,1,False,6.2,12.86,29.75,O,▲,11,★,"주봉20선↑, 주봉추세우상향, HMA추세↑, HMA돌파, MACD상승, 거래량↑, 정배열(단), 장기추세(120↑), 자금유입, MACD>Sig, VWAP상회",2.5,31,213.0,68644,▲,O,X,13.682500000000001,11.408125,8.0,0.6754385964912281,7.278020378457059,1,💸 자금 유입 지속. 🚀 단기 모멘텀 가속. ⚠️ 단기 급등 조정 주의.,94.6,,58.1,65.8,52.6,78.7,🔥 과열,1.유통·소비재(+42.2%) / 2.철강·금속(+38.0%) / 3.자동차·모빌리티(+22.3%) / 4.IT/전기전자(+21.3%) / 5.조선·기계·설비(+20.2%),3,159,20260102,20260102,25.84,12.3,29.75,3.91
006260,006260,KOSPI,기타 금융업,기타 금융업,금융,208500,103.51,,195900,176200,235500,274500,42.0,48.1,52.3,0.0,,🔼 BRK (돌파),③ 박스 / 중립,19.76,18.47,11.88,-0.99,-22.39,0,0.36,0.78,0.35,0.47,0.44,0.04,0.78,62.8,64.6,9.64,199274,4.63,,2595.6477,0.2165,0.86,1.78,168900,1,15.77,0,0,0,1,False,12.1,8.14,24.85,O,▲,9,★,"주봉20선↑, 주봉추세우상향, HMA추세↑, RSI적정, MACD상승, 장기추세(120↑), 자금유입, MACD>Sig, VWAP상회",2.5,10,195.9,196729,▲,O,X,0.11500000000000013,-1.5974999999999997,12.0,0.8359133126934984,6.431852986217458,1,💪 매수세 장악(Power Buying). 💸 자금 유입 지속. 🚀 단기 모멘텀 가속. ⚠️ 단기 급등 조정 주의.,95.3,,58.0,65.8,52.6,78.7,🔥 과열,1.유통·소비재(+42.2%) / 2.철강·금속(+38.0%) / 3.자동차·모빌리티(+22.3%) / 4.IT/전기전자(+21.3%) / 5.조선·기계·설비(+20.2%),3,160,20260102,20260102,25.84,12.3,24.85,-0.99
377300,377300,KOSPI,금융 지원 서비스업,금융 지원 서비스업,서비스 기타,50800,60.05,,49250,45550,53800,58200,41.9,38.2,46.3,0.0,,🔻 REV (역추세 반등),④ 바닥 반등 시도,4.74,-36.26,-3.14,-31.42,-77.12,0,0.25,0.36,0.97,0.74,0.28,0.0,0.79,59.7,43.7,6.2,49358,2.92,,586.5404,0.1102,0.96,0.99,44505,1,14.87,0,0,0,1,False,3.57,12.64,-5.58,X,▼,2,,"주봉역배열주의, HMA추세↑, RSI적정, MACD상승, MACD>Sig, VWAP상회",2.5,50,246.2,48980,▲,O,X,1.9793333333333332,0.18066666666666648,11.0,0.5714285714285714,3.1472081218274113,1,🚀 단기 모멘텀 가속. ⚠️ 단기 급등 조정 주의.,92.4,,57.1,65.8,52.6,78.7,🔥 과열,1.유통·소비재(+42.2%) / 2.철강·금속(+38.0%) / 3.자동차·모빌리티(+22.3%) / 4.IT/전기전자(+21.3%) / 5.조선·기계·설비(+20.2%),4,161,20260102,20260102,25.84,12.3,-5.58,-31.42
032820,032820,KOSDAQ,"전동기, 발전기 및 전기 변환 · 공급 · 제어 장치 제조업","전동기, 발전기 및 전기 변환 · 공급 · 제어 장치 제조업",인프라·에너지,3735,82.05,,3735,3470,4050,4365,41.8,34.1,57.4,0.0,,↩️ PULL (눌림),④ 바닥 반등 시도,-2.23,-11.18,-4.08,-20.08,-32.65,0,0.52,0.51,1.0,1.0,0.1,0.0,0.67,43.3,61.2,-2.38,3687,1.29,,-2.1428,0.0006,0.42,-0.65,4068,-1,13.98,0,0,0,0,True,-0.53,-0.4,-7.78,X,▲,3,,"주봉추세우상향, 주봉역배열주의, HMA돌파, OBV매집, MACD상승, 자금유입, VWAP상회",2.0,669,249.9,3650,▼,O,O,0.6112499999999998,-3.1162499999999995,13.0,1.1886792452830188,0.0,-1,🧱 구조적 지지선(Swing Low) 근접. 📉 매도세 우위. 💸 자금 유입 지속. ,93.7,,57.4,65.8,52.6,78.7,🔥 과열,1.유통·소비재(+42.2%) / 2.철강·금속(+38.0%) / 3.자동차·모빌리티(+22.3%) / 4.IT/전기전자(+21.3%) / 5.조선·기계·설비(+20.2%),4,162,20260102,20260102,25.84,12.3,-7.78,-20.08
084370,084370,KOSDAQ,특수 목적용 기계 제조업,특수 목적용 기계 제조업,조선·기계·설비,85600,312.2,,78300,70400,97100,115900,41.4,56.8,46.4,0.0,,🔼 BRK (돌파),① 강한 상승 추세,6.73,101.18,4.88,10.16,79.71,0,0.33,0.81,0.35,0.23,0.52,0.4,0.5,63.1,59.7,12.62,78376,9.22,,1135.4423,0.2114,2.37,1.4,67110,1,16.55,0,0,0,1,False,11.75,19.22,22.46,O,▲,9,★,"주봉20선↑, 주봉추세우상향, HMA추세↑, RSI적정, MACD상승, 거래량↑, 장기추세(120↑), MACD>Sig, VWAP상회",2.5,25,195.8,75885,▲,O,X,10.054883720930233,26.984186046511628,5.0,0.756578947368421,9.323116219667945,1,🚀 단기 모멘텀 가속. ⚠️ 단기 급등 조정 주의.,81.0,,53.3,65.8,52.6,78.7,🔥 과열,1.유통·소비재(+42.2%) / 2.철강·금속(+38.0%) / 3.자동차·모빌리티(+22.3%) / 4.IT/전기전자(+21.3%) / 5.조선·기계·설비(+20.2%),1,163,20260102,20260102,25.84,12.3,22.46,10.16
307950,307950,KOSPI,소프트웨어 개발 및 공급업,소프트웨어 개발 및 공급업,IT/전기전자,331500,641.18,,301000,270500,361500,421500,41.4,64.7,43.3,0.0,,🔺 Watch (관찰·돌파예상),① 강한 상승 추세,41.97,97.91,34.09,91.25,57.05,0,0.21,0.55,0.34,0.16,0.74,0.98,0.69,61.6,65.9,13.45,312873,5.95,,1124.6025,0.2346,0.94,1.11,245100,1,32.77,0,0,0,1,False,12.56,17.55,117.09,O,▲,10,★,"주봉20선↑, 주봉추세우상향, HMA추세↑, RSI적정, MACD상승, 정배열(단), 장기추세(120↑), 자금유입, MACD>Sig, VWAP상회",2.5,6,180.6,307958,▲,O,X,11.841621621621623,27.6472972972973,4.0,0.4918032786885246,10.132890365448505,1,💸 자금 유입 지속. 🚀 단기 모멘텀 가속. ⚠️ 단기 급등 조정 주의.,94.3,,57.3,65.8,52.6,78.7,🔥 과열,1.유통·소비재(+42.2%) / 2.철강·금속(+38.0%) / 3.자동차·모빌리티(+22.3%) / 4.IT/전기전자(+21.3%) / 5.조선·기계·설비(+20.2%),1,164,20260102,20260102,25.84,12.3,117.09,91.25
034220,034220,KOSPI,전자부품 제조업,전자부품 제조업,IT/전기전자,11830,53.78,,11830,11160,12640,13440,41.3,36.5,55.2,0.0,,↩️ PULL (눌림),④ 바닥 반등 시도,-5.44,29.15,-13.32,-43.74,-11.71,0,0.53,0.41,0.82,1.0,0.13,0.0,0.7,32.1,27.7,-3.78,11893,-0.54,,-3.529,0.0545,0.74,-0.68,12672,-1,15.09,0,0,0,0,True,-0.76,-1.83,-17.9,X,▼,-2,,"주봉역배열주의, MACD상승",2.0,211,249.6,11702,▼,O,X,11.841621621621623,27.6472972972973,4.0,1.208955223880597,0.0,-1,🧱 구조적 지지선(Swing Low) 근접. 📉 매도세 우위. 🚀 단기 모멘텀 가속. ,87.8,,55.3,65.8,52.6,78.7,🔥 과열,1.유통·소비재(+42.2%) / 2.철강·금속(+38.0%) / 3.자동차·모빌리티(+22.3%) / 4.IT/전기전자(+21.3%) / 5.조선·기계·설비(+20.2%),4,165,20260102,20260102,25.84,12.3,-17.9,-43.74
117730,117730,KOSDAQ,특수 목적용 기계 제조업,특수 목적용 기계 제조업,조선·기계·설비,20250,66.98,,19400,17460,22350,25250,41.2,39.8,44.1,0.0,,🔺 Watch (상승 준비),② 상승 후 조정,21.18,69.17,19.33,57.01,47.7,0,0.33,0.63,0.37,0.64,0.39,0.0,0.58,59.7,64.7,7.49,20272,-0.11,,104.1013,-0.0304,0.32,-0.21,15873,1,26.24,0,0,0,1,False,0.0,5.63,69.31,O,▲,7,★,"주봉20선↑, 주봉추세우상향, RSI적정, 정배열(단), 장기추세(120↑), 자금유입, MACD>Sig",2.5,103,199.8,20296,▲,X,X,10.054883720930233,26.984186046511628,5.0,0.7526881720430108,4.381443298969072,1,📉 매도세 우위. 💸 자금 유입 지속. ⚠️ 단기 급등 조정 주의.,96.6,,57.8,65.8,52.6,78.7,🔥 과열,1.유통·소비재(+42.2%) / 2.철강·금속(+38.0%) / 3.자동차·모빌리티(+22.3%) / 4.IT/전기전자(+21.3%) / 5.조선·기계·설비(+20.2%),2,166,20260102,20260102,25.84,12.3,69.31,57.01
064400,064400,KOSPI,"컴퓨터 프로그래밍, 시스템 통합 및 관리업","컴퓨터 프로그래밍, 시스템 통합 및 관리업",IT/전기전자,62600,72.26,,62600,58600,67700,72800,41.1,35.3,55.5,0.0,,↩️ PULL (눌림),⑤ 하락 / 약세,7.93,-21.16,0.05,-30.56,-62.02,0,0.56,0.49,0.96,1.0,0.0,0.0,0.65,43.4,41.8,-2.1,62230,0.59,,-400.8122,-0.106,0.31,-0.76,58640,1,13.23,0,0,0,0,True,-1.42,-4.28,-4.72,X,▼,0,,"주봉역배열주의, HMA돌파, 정배열(단), VWAP상회",2.0,39,244.1,62059,▼,O,X,11.841621621621623,27.6472972972973,4.0,1.275,0.0,1,🧱 구조적 지지선(Swing Low) 근접. 📉 매도세 우위. ,95.5,,57.4,65.8,52.6,78.7,🔥 과열,1.유통·소비재(+42.2%) / 2.철강·금속(+38.0%) / 3.자동차·모빌리티(+22.3%) / 4.IT/전기전자(+21.3%) / 5.조선·기계·설비(+20.2%),5,167,20260102,20260102,25.84,12.3,-4.72,-30.56
001040,001040,KOSPI,기타 금융업,기타 금융업,금융,173300,54.67,,173300,166200,185300,197300,40.8,34.6,55.3,0.0,,🔺 Watch (상승 준비),④ 바닥 반등 시도,-1.81,13.79,-9.69,-31.4,-27.07,0,0.74,0.42,0.39,1.0,0.15,0.0,0.74,38.1,33.0,-2.36,170878,1.42,,-710.6313,0.1172,0.85,-0.34,166220,1,15.07,0,0,0,0,True,0.81,-0.52,-5.56,X,▲,4,,"주봉추세우상향, 주봉역배열주의, HMA추세↑, MACD상승, 정배열(단), 장기추세(120↑), VWAP상회",2.0,14,242.6,168324,▲,O,X,0.11500000000000013,-1.5974999999999997,12.0,1.6901408450704225,0.0,1,🧱 구조적 지지선(Swing Low) 근접. 📉 매도세 우위. 🚀 단기 모멘텀 가속. ,97.6,,57.8,65.8,52.6,78.7,🔥 과열,1.유통·소비재(+42.2%) / 2.철강·금속(+38.0%) / 3.자동차·모빌리티(+22.3%) / 4.IT/전기전자(+21.3%) / 5.조선·기계·설비(+20.2%),4,168,20260102,20260102,25.84,12.3,-5.56,-31.4
078930,078930,KOSPI,기타 금융업,기타 금융업,금융,55300,66.31,,55300,53200,58600,61800,40.8,34.9,55.1,0.0,,🔺 Watch (상승 준비),④ 바닥 반등 시도,-3.99,14.49,-11.87,-5.49,-26.37,0,0.69,0.36,0.32,1.0,0.26,0.0,0.77,44.0,32.9,-1.57,54728,1.05,,-250.9988,0.1293,0.96,-0.49,53215,1,10.31,0,0,0,0,True,0.36,-0.9,20.35,O,▲,7,★,"주봉20선↑, 주봉추세우상향, HMA추세↑, MACD상승, 정배열(단), 장기추세(120↑), VWAP상회",1.8,45,248.8,54264,▲,O,X,0.11500000000000013,-1.5974999999999997,12.0,1.5714285714285714,0.0,1,🧱 구조적 지지선(Swing Low) 근접. 📉 매도세 우위. 🚀 단기 모멘텀 가속. ✅ 20일선 눌림목 구간.,97.3,,57.8,65.8,52.6,78.7,🔥 과열,1.유통·소비재(+42.2%) / 2.철강·금속(+38.0%) / 3.자동차·모빌리티(+22.3%) / 4.IT/전기전자(+21.3%) / 5.조선·기계·설비(+20.2%),4,169,20260102,20260102,25.84,12.3,20.35,-5.49
010170,010170,KOSDAQ,절연선 및 케이블 제조업,절연선 및 케이블 제조업,기타,2800,927.74,,2380,2140,3095,3810,40.4,48.7,41.4,0.0,,🔺 Watch (관찰·돌파예상),① 강한 상승 추세,7.9,195.36,6.05,80.94,173.89,5,0.2,0.64,0.35,0.0,0.64,1.0,0.23,69.9,81.1,21.24,2525,10.85,,21.2493,0.2704,3.84,2.58,1884,1,28.23,0,1,1,1,False,24.44,14.52,93.24,O,▲,11,★,"주봉20선↑, 주봉추세우상향, HMA추세↑, HMA돌파, MACD상승, 거래량↑, 정배열(단), 장기추세(120↑), 자금유입, MACD>Sig, VWAP상회",2.5,833,198.3,2303,▲,O,X,8.306388888888888,16.64,7.0,0.44696969696969696,17.647058823529413,1,🌪️ 5일 연속 응축 중! 폭발 임박. 💪 매수세 장악(Power Buying). 💰 외국인/기관 수급 집중. 🚀 단기 모멘텀 가속. ⚠️ 단기 급등 조정 주의.,89.6,,55.2,65.8,52.6,78.7,🔥 과열,1.유통·소비재(+42.2%) / 2.철강·금속(+38.0%) / 3.자동차·모빌리티(+22.3%) / 4.IT/전기전자(+21.3%) / 5.조선·기계·설비(+20.2%),1,170,20260102,20260102,25.84,12.3,93.24,80.94
192820,192820,KOSPI,기타 화학제품 제조업,기타 화학제품 제조업,화학·소재,178000,93.28,,171000,158300,189300,208000,40.3,27.8,49.0,0.0,,↩️ PULL (눌림),⑤ 하락 / 약세,9.2,-29.37,1.32,-42.86,-70.23,0,0.25,0.38,0.98,0.66,0.01,0.02,0.55,68.0,65.8,7.22,169256,5.17,,1444.0673,-0.0388,2.64,1.53,155430,1,9.7,1,0,0,1,False,5.89,4.77,-17.02,X,▼,3,,"주봉역배열주의, HMA추세↑, HMA돌파, 거래량↑, 자금유입, MACD>Sig, VWAP상회",2.5,14,239.4,167848,▲,O,X,8.761666666666667,11.79888888888889,9.0,0.5736040609137056,4.093567251461988,1,🔇 변동성 축소 (BW 9.7%). 💪 매수세 장악(Power Buying). 💸 자금 유입 지속. ⚠️ 단기 급등 조정 주의.,87.4,,54.4,65.8,52.6,78.7,🔥 과열,1.유통·소비재(+42.2%) / 2.철강·금속(+38.0%) / 3.자동차·모빌리티(+22.3%) / 4.IT/전기전자(+21.3%) / 5.조선·기계·설비(+20.2%),5,171,20260102,20260102,25.84,12.3,-17.02,-42.86
304840,304840,KOSDAQ,의료용품 및 기타 의약 관련제품 제조업,의료용품 및 기타 의약 관련제품 제조업,기타,1144,53.35,,1144,1029,1477,1809,40.0,46.0,69.6,0.0,,🔺 Watch (관찰·돌파예상),④ 바닥 반등 시도,-37.49,-51.73,-39.34,-42.12,-73.2,0,1.0,1.0,0.36,1.0,0.3,0.0,0.54,34.3,60.7,-18.11,1185,-3.54,,-35.2505,0.4858,1.13,0.33,1437,-1,74.17,0,0,0,0,False,19.17,-28.19,-29.82,X,▼,-1,,"주봉역배열주의, MACD상승, 자금유입",2.5,1739,198.9,998,▼,O,X,8.306388888888888,16.64,7.0,2.8956521739130436,0.0,-1,📉 매도세 우위. 💸 자금 유입 지속. 🚀 단기 모멘텀 가속. 📉 과매도 기술적 반등 기대.,85.5,,53.7,65.8,52.6,78.7,🔥 과열,1.유통·소비재(+42.2%) / 2.철강·금속(+38.0%) / 3.자동차·모빌리티(+22.3%) / 4.IT/전기전자(+21.3%) / 5.조선·기계·설비(+20.2%),4,172,20260102,20260102,25.84,12.3,-29.82,-42.12
068270,068270,KOSPI,기초 의약물질 제조업,기초 의약물질 제조업,기타,202500,1226.8,,190700,182200,216000,241000,39.3,45.1,45.3,0.0,,🔼 BRK (돌파),④ 바닥 반등 시도,9.93,13.26,2.05,-9.06,-27.6,0,0.29,0.4,0.49,0.49,0.29,1.0,0.36,72.1,67.3,9.4,193229,4.8,,661.2747,0.1348,5.83,2.95,182270,1,10.15,0,0,0,1,False,10.78,9.11,16.78,O,▲,11,★,"주봉20선↑, 주봉추세우상향, HMA추세↑, HMA돌파, MACD상승, 거래량↑, 정배열(단), 장기추세(120↑), 자금유입, MACD>Sig, VWAP상회",2.5,13,247.9,183041,▲,O,X,8.306388888888888,16.64,7.0,0.6650246305418719,6.1877294179339275,1,💪 매수세 장악(Power Buying). 💸 자금 유입 지속. 🚀 단기 모멘텀 가속. ⚠️ 단기 급등 조정 주의.,83.2,,52.5,65.8,52.6,78.7,🔥 과열,1.유통·소비재(+42.2%) / 2.철강·금속(+38.0%) / 3.자동차·모빌리티(+22.3%) / 4.IT/전기전자(+21.3%) / 5.조선·기계·설비(+20.2%),4,173,20260102,20260102,25.84,12.3,16.78,-9.06
000100,000100,KOSPI,의약품 제조업,의약품 제조업,바이오·의약품,112800,97.15,,112800,110500,116800,120800,39.2,26.3,56.9,0.0,,↩️ PULL (눌림),⑤ 하락 / 약세,-6.0,4.83,-13.88,-31.13,-36.03,0,0.76,0.21,0.06,1.0,0.0,0.02,0.75,37.0,40.3,-2.41,113384,-0.52,,-335.9597,-0.0481,0.92,-1.24,110930,1,6.54,1,0,0,0,True,-2.93,-2.0,-5.29,X,▼,-3,,주봉역배열주의,1.8,22,248.2,113367,▼,X,X,5.0325,11.853749999999998,10.0,1.7391304347826086,0.0,1,🔇 변동성 축소 (BW 6.5%). 🧱 구조적 지지선(Swing Low) 근접. 📉 매도세 우위. ,66.6,,47.4,65.8,52.6,78.7,🔥 과열,1.유통·소비재(+42.2%) / 2.철강·금속(+38.0%) / 3.자동차·모빌리티(+22.3%) / 4.IT/전기전자(+21.3%) / 5.조선·기계·설비(+20.2%),5,174,20260102,20260102,25.84,12.3,-5.29,-31.13
126340,126340,KOSDAQ,일차전지 및 이차전지 제조업,일차전지 및 이차전지 제조업,2차전지,78900,110.98,,74100,66600,89000,103800,39.2,50.2,56.5,0.0,,🔼 BRK (돌파),① 강한 상승 추세,25.12,177.14,23.27,54.44,155.67,0,0.36,0.77,0.34,0.46,0.68,0.05,0.79,57.4,63.3,9.69,70496,11.92,,-319.1924,0.2065,1.06,1.72,60271,1,20.03,0,0,0,1,False,18.2,13.89,66.74,O,▲,9,★,"주봉20선↑, 주봉추세우상향, HMA추세↑, RSI적정, MACD상승, 정배열(단), 장기추세(120↑), 자금유입, VWAP상회",2.5,26,192.7,68930,▲,O,X,-4.631666666666667,-16.871666666666666,15.0,0.8211382113821138,6.477732793522267,1,💪 매수세 장악(Power Buying). 💸 자금 유입 지속. 🚀 단기 모멘텀 가속. ⚠️ 단기 급등 조정 주의.,82.4,,52.2,65.8,52.6,78.7,🔥 과열,1.유통·소비재(+42.2%) / 2.철강·금속(+38.0%) / 3.자동차·모빌리티(+22.3%) / 4.IT/전기전자(+21.3%) / 5.조선·기계·설비(+20.2%),1,175,20260102,20260102,25.84,12.3,66.74,54.44
031980,031980,KOSDAQ,특수 목적용 기계 제조업,특수 목적용 기계 제조업,조선·기계·설비,50300,85.39,,45950,41900,55800,65500,38.8,42.8,43.5,0.0,,🔼 BRK (돌파),③ 박스 / 중립,9.35,38.95,7.5,-1.87,17.48,0,0.29,0.66,0.69,0.21,0.35,0.0,0.46,66.9,68.1,12.7,47492,5.91,장악형,780.2074,0.1561,2.75,1.63,41905,1,20.09,0,0,0,1,False,8.41,23.28,10.43,O,▲,10,★,"주봉20선↑, 주봉추세우상향, HMA추세↑, MACD상승, 거래량↑, 장기추세(120↑), 자금유입, MACD>Sig, VWAP상회, 패턴(장악형)",2.5,49,225.2,46780,▲,O,X,10.054883720930233,26.984186046511628,5.0,0.6547619047619048,9.466811751904244,1,💪 매수세 장악(Power Buying). 💸 자금 유입 지속. 🚀 단기 모멘텀 가속. ⚠️ 단기 급등 조정 주의.,91.5,,54.6,65.8,52.6,78.7,🔥 과열,1.유통·소비재(+42.2%) / 2.철강·금속(+38.0%) / 3.자동차·모빌리티(+22.3%) / 4.IT/전기전자(+21.3%) / 5.조선·기계·설비(+20.2%),3,176,20260102,20260102,25.84,12.3,10.43,-1.87
033780,033780,KOSPI,담배 제조업,담배 제조업,기타,140400,62.3,,140400,137000,146500,152600,38.7,33.3,52.2,0.0,,↩️ PULL (눌림),⑤ 하락 / 약세,-3.04,3.08,-10.92,-20.75,-37.78,0,0.78,0.26,0.1,1.0,0.2,0.0,0.73,47.5,46.5,-2.25,142975,-1.8,,-556.4124,-0.1015,1.2,-1.01,137040,1,6.42,1,0,0,0,True,-3.51,-6.4,5.09,O,▲,6,★,"주봉20선↑, 주봉추세우상향, RSI적정, 거래량↑, 정배열(단), 장기추세(120↑)",1.8,17,238.7,144381,▼,X,X,8.306388888888888,16.64,7.0,1.7941176470588236,0.0,1,🔇 변동성 축소 (BW 6.4%). 🧱 구조적 지지선(Swing Low) 근접. 📉 매도세 우위. ,66.2,,47.0,65.8,52.6,78.7,🔥 과열,1.유통·소비재(+42.2%) / 2.철강·금속(+38.0%) / 3.자동차·모빌리티(+22.3%) / 4.IT/전기전자(+21.3%) / 5.조선·기계·설비(+20.2%),5,177,20260102,20260102,25.84,12.3,5.09,-20.75
003160,003160,KOSPI,"측정, 시험, 항해, 제어 및 기타 정밀기기 제조업; 광학기기 제외","측정, 시험, 항해, 제어 및 기타 정밀기기 제조업; 광학기기 제외",기타,24100,98.46,,22000,19820,27350,32600,38.6,51.1,46.8,0.0,,🔼 BRK (돌파),① 강한 상승 추세,11.57,59.81,3.69,27.76,18.95,0,0.33,0.81,0.39,0.21,0.55,0.03,0.54,62.2,55.3,12.71,22224,8.44,장악형,301.4438,0.242,2.14,1.4,19323,1,21.12,0,0,0,1,False,11.06,24.61,53.6,O,▲,10,★,"주봉20선↑, 주봉추세우상향, HMA추세↑, RSI적정, MACD상승, 거래량↑, 장기추세(120↑), MACD>Sig, VWAP상회, 패턴(장악형)",2.5,91,200.2,21491,▲,O,X,8.306388888888888,16.64,7.0,0.7593457943925234,9.545454545454547,1,🚀 단기 모멘텀 가속. ⚠️ 단기 급등 조정 주의.,80.9,,51.3,65.8,52.6,78.7,🔥 과열,1.유통·소비재(+42.2%) / 2.철강·금속(+38.0%) / 3.자동차·모빌리티(+22.3%) / 4.IT/전기전자(+21.3%) / 5.조선·기계·설비(+20.2%),1,178,20260102,20260102,25.84,12.3,53.6,27.76
036200,036200,KOSDAQ,특수 목적용 기계 제조업,특수 목적용 기계 제조업,조선·기계·설비,10360,87.05,,9590,8630,11520,13440,38.3,43.3,44.7,0.0,,🔼 BRK (돌파),④ 바닥 반등 시도,7.02,58.9,5.17,-13.35,37.43,0,0.29,0.68,0.37,0.33,0.38,0.01,0.68,65.2,58.5,11.23,9647,7.38,,126.4778,0.218,1.69,1.85,8623,1,15.26,0,0,0,1,False,10.33,19.77,-1.05,O,▲,8,★,"주봉20선↑, 주봉추세우상향, HMA추세↑, MACD상승, 거래량↑, 장기추세(120↑), MACD>Sig, VWAP상회",2.5,208,199.5,9454,▲,O,X,10.054883720930233,26.984186046511628,5.0,0.6705202312138728,8.02919708029197,1,💪 매수세 장악(Power Buying). 🚀 단기 모멘텀 가속. ⚠️ 단기 급등 조정 주의.,81.0,,51.1,65.8,52.6,78.7,🔥 과열,1.유통·소비재(+42.2%) / 2.철강·금속(+38.0%) / 3.자동차·모빌리티(+22.3%) / 4.IT/전기전자(+21.3%) / 5.조선·기계·설비(+20.2%),4,179,20260102,20260102,25.84,12.3,-1.05,-13.35
017800,017800,KOSPI,일반 목적용 기계 제조업,일반 목적용 기계 제조업,조선·기계·설비,87800,62.99,,87800,85100,92600,97400,37.7,30.9,51.7,0.0,,↩️ PULL (눌림),⑤ 하락 / 약세,0.57,9.75,-7.31,-16.09,-31.11,0,0.78,0.33,0.18,1.0,0.1,0.0,0.75,33.8,35.2,-3.33,89650,-2.06,망치형,-726.9838,-0.0433,0.99,-0.92,85140,1,8.27,1,0,0,0,True,-2.01,-3.83,9.75,O,▲,5,★,"주봉20선↑, 주봉추세우상향, 정배열(단), 장기추세(120↑), 패턴(망치형)",1.8,28,245.8,88646,▼,X,X,10.054883720930233,26.984186046511628,5.0,1.7777777777777777,0.0,1,🔇 변동성 축소 (BW 8.3%). 🧱 구조적 지지선(Swing Low) 근접. 📉 매도세 우위. ,67.8,,46.7,65.8,52.6,78.7,🔥 과열,1.유통·소비재(+42.2%) / 2.철강·금속(+38.0%) / 3.자동차·모빌리티(+22.3%) / 4.IT/전기전자(+21.3%) / 5.조선·기계·설비(+20.2%),5,180,20260102,20260102,25.84,12.3,9.75,-16.09
039440,039440,KOSDAQ,특수 목적용 기계 제조업,특수 목적용 기계 제조업,조선·기계·설비,33300,142.07,,30450,27400,36600,42650,36.3,35.6,37.6,0.0,,↩️ PULL (눌림),② 상승 후 조정,30.59,79.61,28.74,34.07,58.14,0,0.24,0.6,0.36,0.22,0.28,0.1,0.67,65.5,66.3,12.6,31214,6.68,,24.3557,-0.072,1.19,1.06,26865,1,27.15,0,0,0,1,False,5.55,11.0,46.37,O,▲,9,★,"주봉20선↑, 주봉추세우상향, HMA추세↑, HMA돌파, 정배열(단), 장기추세(120↑), 자금유입, MACD>Sig, VWAP상회",2.5,65,197.9,31264,▲,O,X,10.054883720930233,26.984186046511628,5.0,0.559322033898305,9.35960591133005,1,💸 자금 유입 지속. ⚠️ 단기 급등 조정 주의.,94.2,,53.7,65.8,52.6,78.7,🔥 과열,1.유통·소비재(+42.2%) / 2.철강·금속(+38.0%) / 3.자동차·모빌리티(+22.3%) / 4.IT/전기전자(+21.3%) / 5.조선·기계·설비(+20.2%),2,181,20260102,20260102,25.84,12.3,46.37,34.07
017670,017670,KOSPI,전기 통신업,전기 통신업,IT/전기전자,53300,80.08,,53300,52200,54600,55900,35.5,34.1,45.9,0.0,,↩️ PULL (눌림),④ 바닥 반등 시도,-0.19,-1.11,-8.07,-27.68,-41.97,0,0.52,0.15,0.07,1.0,0.21,0.0,0.85,45.9,33.2,-0.43,53258,0.08,,-1.6306,0.0142,0.99,0.71,52280,1,3.11,1,0,0,0,True,-0.19,0.57,-1.84,X,▼,2,,"주봉역배열주의, HMA추세↑, RSI적정, MACD상승, 20선근접, VWAP상회",1.8,46,245.2,53169,▲,O,X,11.841621621621623,27.6472972972973,4.0,1.1818181818181819,0.0,1,🔇 변동성 축소 (BW 3.1%). 🧱 구조적 지지선(Swing Low) 근접. 📈 상승 모멘텀 개선. ✅ 20일선 눌림목 구간.,39.1,,36.6,65.8,52.6,78.7,🔥 과열,1.유통·소비재(+42.2%) / 2.철강·금속(+38.0%) / 3.자동차·모빌리티(+22.3%) / 4.IT/전기전자(+21.3%) / 5.조선·기계·설비(+20.2%),4,182,20260102,20260102,25.84,12.3,-1.84,-27.68
011210,011210,KOSPI,자동차 신품 부품 제조업,자동차 신품 부품 제조업,자동차·모빌리티,79300,99.53,,72200,65500,85700,99100,34.7,39.5,38.7,0.0,,🔺 Watch (관찰·돌파예상),⑤ 하락 / 약세,28.53,69.44,20.65,38.0,28.58,0,0.2,0.49,0.56,0.18,0.4,0.03,0.63,74.4,83.1,13.08,75421,5.14,장악형,455.0376,0.0573,1.66,1.55,65540,1,24.17,0,0,0,1,False,10.29,18.01,63.84,O,▲,11,★,"주봉20선↑, 주봉추세우상향, HMA추세↑, MACD상승, 거래량↑, 정배열(단), 장기추세(120↑), 자금유입, MACD>Sig, VWAP상회, 패턴(장악형)",2.5,29,209.4,75830,▲,O,X,17.62818181818182,25.464545454545455,3.0,0.463768115942029,9.833795013850416,1,💪 매수세 장악(Power Buying). 💰 외국인/기관 수급 집중. 🚀 단기 모멘텀 가속. ⚠️ 단기 급등 조정 주의.,89.2,,51.1,65.8,52.6,78.7,🔥 과열,1.유통·소비재(+42.2%) / 2.철강·금속(+38.0%) / 3.자동차·모빌리티(+22.3%) / 4.IT/전기전자(+21.3%) / 5.조선·기계·설비(+20.2%),5,183,20260102,20260102,25.84,12.3,63.84,38.0
024060,024060,KOSDAQ,기타 전문 도매업,기타 전문 도매업,기타,11730,72.53,,11730,11300,12240,12750,34.0,26.1,47.7,0.0,,↩️ PULL (눌림),④ 바닥 반등 시도,-5.4,-5.86,-7.25,-16.86,-27.33,0,0.52,0.26,0.29,1.0,0.11,0.0,0.73,39.0,62.7,-1.59,11795,-0.56,,0.1184,0.03,0.7,-0.24,12304,-1,7.77,1,0,0,0,True,-0.76,0.43,-4.56,X,▼,1,,"주봉역배열주의, HMA추세↑, MACD상승, 자금유입, MACD>Sig",1.8,213,249.8,11685,▲,O,X,8.306388888888888,16.64,7.0,1.186046511627907,0.0,-1,🔇 변동성 축소 (BW 7.8%). 🧱 구조적 지지선(Swing Low) 근접. 📉 매도세 우위. 💸 자금 유입 지속. 🚀 단기 모멘텀 가속. ✅ 20일선 눌림목 구간.,37.8,,35.1,65.8,52.6,78.7,🔥 과열,1.유통·소비재(+42.2%) / 2.철강·금속(+38.0%) / 3.자동차·모빌리티(+22.3%) / 4.IT/전기전자(+21.3%) / 5.조선·기계·설비(+20.2%),4,184,20260102,20260102,25.84,12.3,-4.56,-16.86
036540,036540,KOSDAQ,반도체 제조업,반도체 제조업,반도체,4870,436.79,,4365,4050,5310,6240,33.9,46.9,41.0,0.0,,🔺 Watch (관찰·돌파예상),⑤ 하락 / 약세,11.95,54.11,10.1,6.63,32.64,0,0.23,0.55,0.99,0.04,0.45,0.62,0.34,71.7,84.0,14.91,4576,6.42,,79.8752,0.3109,3.43,1.94,4052,1,22.33,0,0,0,1,False,11.31,24.23,18.93,O,▲,9,★,"주봉20선↑, 주봉추세우상향, HMA추세↑, MACD상승, 거래량↑, 장기추세(120↑), 자금유입, MACD>Sig, VWAP상회",2.5,572,249.7,4444,▲,O,X,13.682500000000001,11.408125,8.0,0.5365853658536586,11.56930126002291,1,💪 매수세 장악(Power Buying). 💰 외국인/기관 수급 집중. 🚀 단기 모멘텀 가속. ⚠️ 단기 급등 조정 주의.,89.6,,50.6,65.8,52.6,78.7,🔥 과열,1.유통·소비재(+42.2%) / 2.철강·금속(+38.0%) / 3.자동차·모빌리티(+22.3%) / 4.IT/전기전자(+21.3%) / 5.조선·기계·설비(+20.2%),5,185,20260102,20260102,25.84,12.3,18.93,6.63
079550,079550,KOSPI,무기 및 총포탄 제조업,무기 및 총포탄 제조업,기타,439000,252.37,,407500,372000,450500,493000,33.4,31.3,34.5,0.0,,🔻 REV (역추세 반등),④ 바닥 반등 시도,20.44,-12.2,12.56,-40.26,-53.06,0,0.07,0.16,0.72,0.36,0.16,0.3,0.75,67.7,74.4,10.93,420317,4.44,,7256.6604,0.0017,1.03,1.35,372250,1,21.88,0,0,0,1,False,5.28,16.29,-14.42,X,▼,2,,"주봉역배열주의, HMA추세↑, MACD상승, 자금유입, MACD>Sig, VWAP상회",2.5,5,203.8,426111,▲,O,X,8.306388888888888,16.64,7.0,0.17164179104477612,7.730061349693251,1,💰 외국인/기관 수급 집중. ⚠️ 단기 급등 조정 주의.,91.2,,50.7,65.8,52.6,78.7,🔥 과열,1.유통·소비재(+42.2%) / 2.철강·금속(+38.0%) / 3.자동차·모빌리티(+22.3%) / 4.IT/전기전자(+21.3%) / 5.조선·기계·설비(+20.2%),4,186,20260102,20260102,25.84,12.3,-14.42,-40.26
037270,037270,KOSPI,"자료처리, 호스팅, 포털 및 기타 인터넷 정보매개 서비스업","자료처리, 호스팅, 포털 및 기타 인터넷 정보매개 서비스업",서비스 기타,7550,149.39,,6870,6460,8090,9300,33.2,30.3,39.1,0.0,,🔻 REV (역추세 반등),④ 바닥 반등 시도,17.78,-7.25,9.9,-25.17,-48.11,0,0.22,0.43,0.89,0.18,0.29,0.12,0.27,74.7,82.9,13.25,7243,4.24,,103.0411,0.0737,3.55,1.04,6461,1,20.79,0,0,0,1,False,9.58,14.92,0.67,O,▼,8,★,"주봉20선↑, HMA추세↑, MACD상승, 거래량↑, 정배열(단), 자금유입, MACD>Sig, VWAP상회",2.5,363,249.4,7131,▲,O,X,1.9793333333333332,0.18066666666666648,11.0,0.4954128440366973,9.8981077147016,1,💰 외국인/기관 수급 집중. 🚀 단기 모멘텀 가속. ⚠️ 단기 급등 조정 주의.,92.9,,51.1,65.8,52.6,78.7,🔥 과열,1.유통·소비재(+42.2%) / 2.철강·금속(+38.0%) / 3.자동차·모빌리티(+22.3%) / 4.IT/전기전자(+21.3%) / 5.조선·기계·설비(+20.2%),4,187,20260102,20260102,25.84,12.3,0.67,-25.17
122870,122870,KOSDAQ,오디오물 출판 및 원판 녹음업,오디오물 출판 및 원판 녹음업,미디어·콘텐츠,70400,190.05,,66000,62500,72100,78100,32.8,23.9,37.5,0.0,,🔻 REV (역추세 반등),④ 바닥 반등 시도,12.1,-14.87,10.25,-40.24,-36.34,0,0.09,0.15,0.73,0.45,0.17,0.19,0.35,74.4,81.4,9.95,68205,3.22,,1313.6006,0.0514,3.11,0.59,62585,1,15.13,0,0,0,1,False,6.34,10.69,-27.94,X,▼,3,,"주봉역배열주의, HMA추세↑, MACD상승, 거래량↑, 자금유입, MACD>Sig, VWAP상회",2.5,37,244.2,66838,▲,O,X,11.876666666666665,14.286666666666667,6.0,0.21518987341772153,6.666666666666667,1,📉 매도세 우위. 💰 외국인/기관 수급 집중. 🚀 단기 모멘텀 가속. ⚠️ 단기 급등 조정 주의.,88.5,,49.5,65.8,52.6,78.7,🔥 과열,1.유통·소비재(+42.2%) / 2.철강·금속(+38.0%) / 3.자동차·모빌리티(+22.3%) / 4.IT/전기전자(+21.3%) / 5.조선·기계·설비(+20.2%),4,188,20260102,20260102,25.84,12.3,-27.94,-40.24
203400,203400,KOSDAQ,자연과학 및 공학 연구개발업,자연과학 및 공학 연구개발업,기타,3415,60.46,,3230,2905,3875,4525,32.2,43.4,47.6,0.0,,🔼 BRK (돌파),① 강한 상승 추세,-16.71,-6.13,-18.56,15.51,-27.6,0,0.39,0.81,0.35,0.52,0.58,0.0,0.76,61.0,67.4,8.93,2968,15.04,,11.7536,0.6654,0.76,1.62,3432,-1,54.64,0,0,0,1,False,22.62,17.56,27.81,O,▲,10,★,"주봉20선↑, 주봉추세우상향, HMA추세↑, RSI적정, MACD상승, 정배열(단), 장기추세(120↑), 자금유입, MACD>Sig, VWAP상회",2.5,615,198.6,2851,▲,O,X,8.306388888888888,16.64,7.0,0.9019607843137255,5.727554179566564,-1,💪 매수세 장악(Power Buying). 💸 자금 유입 지속. 🚀 단기 모멘텀 가속. ⚠️ 단기 급등 조정 주의.,91.7,,50.1,65.8,52.6,78.7,🔥 과열,1.유통·소비재(+42.2%) / 2.철강·금속(+38.0%) / 3.자동차·모빌리티(+22.3%) / 4.IT/전기전자(+21.3%) / 5.조선·기계·설비(+20.2%),1,189,20260102,20260102,25.84,12.3,27.81,15.51
432720,432720,KOSDAQ,반도체 제조업,반도체 제조업,반도체,15390,58.83,,14190,12770,18450,22750,31.9,39.8,42.4,0.0,,🔼 BRK (돌파),③ 박스 / 중립,6.51,7.32,4.66,-4.3,-14.15,0,0.51,1.0,0.37,0.3,0.43,0.0,0.33,66.2,92.3,11.7,14922,3.13,,285.2753,0.3853,3.65,1.73,12769,1,19.15,0,0,0,1,False,13.58,17.3,8.0,O,▲,9,★,"주봉20선↑, 주봉추세우상향, HMA추세↑, MACD상승, 거래량↑, 장기추세(120↑), 자금유입, MACD>Sig, VWAP상회",2.5,140,198.7,14043,▲,O,X,13.682500000000001,11.408125,8.0,1.16793893129771,8.456659619450317,1,💪 매수세 장악(Power Buying). 💰 외국인/기관 수급 집중. 🚀 단기 모멘텀 가속. ⚠️ 단기 급등 조정 주의.,90.9,,49.6,65.8,52.6,78.7,🔥 과열,1.유통·소비재(+42.2%) / 2.철강·금속(+38.0%) / 3.자동차·모빌리티(+22.3%) / 4.IT/전기전자(+21.3%) / 5.조선·기계·설비(+20.2%),3,190,20260102,20260102,25.84,12.3,8.0,-4.3
138080,138080,KOSDAQ,통신 및 방송 장비 제조업,통신 및 방송 장비 제조업,IT/전기전자,15320,54.76,,14010,12600,17380,20750,31.7,39.1,33.2,0.0,,↩️ PULL (눌림),② 상승 후 조정,24.15,55.06,22.3,38.64,33.59,0,0.33,0.81,0.35,0.22,0.36,0.0,0.43,62.9,65.4,12.63,13982,9.56,장악형,32.9723,-0.0919,2.57,0.95,11899,1,24.1,0,0,0,1,False,10.22,10.22,50.94,O,▲,12,★,"주봉20선↑, 주봉추세우상향, HMA추세↑, HMA돌파, RSI적정, 거래량↑, 정배열(단), 장기추세(120↑), 자금유입, MACD>Sig, VWAP상회, 패턴(장악형)",2.5,141,197.5,13812,▲,O,X,11.841621621621623,27.6472972972973,4.0,0.7573529411764706,9.350463954318345,1,💸 자금 유입 지속. ⚠️ 단기 급등 조정 주의.,93.1,,50.1,65.8,52.6,78.7,🔥 과열,1.유통·소비재(+42.2%) / 2.철강·금속(+38.0%) / 3.자동차·모빌리티(+22.3%) / 4.IT/전기전자(+21.3%) / 5.조선·기계·설비(+20.2%),2,191,20260102,20260102,25.84,12.3,50.94,38.64
083450,083450,KOSDAQ,특수 목적용 기계 제조업,특수 목적용 기계 제조업,조선·기계·설비,30400,147.57,,26700,24000,33150,39550,30.6,43.4,34.8,0.0,,🔺 Watch (관찰·돌파예상),① 강한 상승 추세,17.6,58.75,15.75,18.73,37.28,0,0.19,0.55,0.34,0.0,0.57,0.11,0.43,64.1,71.3,17.23,28269,7.54,,569.639,0.2236,2.47,1.47,23420,1,29.54,0,0,0,1,False,3.75,32.75,31.03,O,▲,10,★,"주봉20선↑, 주봉추세우상향, HMA추세↑, RSI적정, MACD상승, 거래량↑, 장기추세(120↑), 자금유입, MACD>Sig, VWAP상회",2.5,74,197.6,27748,▲,O,X,10.054883720930233,26.984186046511628,5.0,0.4296875,13.857677902621724,1,💰 외국인/기관 수급 집중. 🚀 단기 모멘텀 가속. ⚠️ 단기 급등 조정 주의.,91.7,,48.9,65.8,52.6,78.7,🔥 과열,1.유통·소비재(+42.2%) / 2.철강·금속(+38.0%) / 3.자동차·모빌리티(+22.3%) / 4.IT/전기전자(+21.3%) / 5.조선·기계·설비(+20.2%),1,192,20260102,20260102,25.84,12.3,31.03,18.73
352820,352820,KOSPI,오디오물 출판 및 원판 녹음업,오디오물 출판 및 원판 녹음업,미디어·콘텐츠,346000,1024.99,,316500,303000,347500,379000,30.5,34.7,27.5,0.0,,🔺 Watch (관찰·돌파예상),③ 박스 / 중립,16.11,24.68,8.23,4.24,-16.18,0,0.02,0.03,0.44,0.23,0.29,1.0,0.47,74.7,82.1,12.68,330303,4.75,,3866.9926,0.0499,2.61,1.45,303300,1,19.94,0,0,0,1,False,6.63,16.89,30.08,O,▲,10,★,"주봉20선↑, 주봉추세우상향, HMA추세↑, MACD상승, 거래량↑, 정배열(단), 장기추세(120↑), 자금유입, MACD>Sig, VWAP상회",2.5,7,221.6,328287,▲,O,X,11.876666666666665,14.286666666666667,6.0,0.03488372093023256,9.320695102685624,1,💰 외국인/기관 수급 집중. 🚀 단기 모멘텀 가속. ⚠️ 단기 급등 조정 주의.,88.7,,48.0,65.8,52.6,78.7,🔥 과열,1.유통·소비재(+42.2%) / 2.철강·금속(+38.0%) / 3.자동차·모빌리티(+22.3%) / 4.IT/전기전자(+21.3%) / 5.조선·기계·설비(+20.2%),3,193,20260102,20260102,25.84,12.3,30.08,4.24
298830,298830,KOSDAQ,소프트웨어 개발 및 공급업,소프트웨어 개발 및 공급업,IT/전기전자,7990,132.65,,7250,6830,8440,9640,30.2,34.1,37.5,0.0,,↩️ PULL (눌림),② 상승 후 조정,49.35,48.24,47.5,63.5,26.77,0,0.17,0.34,0.85,0.15,0.36,0.09,0.62,74.9,76.9,13.59,8220,-2.8,,79.9418,-0.0127,0.64,0.92,6833,1,50.81,0,0,0,1,False,11.75,13.17,75.8,O,▲,6,★,"주봉20선↑, 주봉추세우상향, 정배열(단), 장기추세(120↑), 자금유입, MACD>Sig",2.5,344,249.4,8212,▲,X,X,11.841621621621623,27.6472972972973,4.0,0.3879310344827586,10.206896551724139,1,💰 외국인/기관 수급 집중. ⚠️ 단기 급등 조정 주의.,91.3,,48.5,65.8,52.6,78.7,🔥 과열,1.유통·소비재(+42.2%) / 2.철강·금속(+38.0%) / 3.자동차·모빌리티(+22.3%) / 4.IT/전기전자(+21.3%) / 5.조선·기계·설비(+20.2%),2,194,20260102,20260102,25.84,12.3,75.8,63.5
088980,088980,KOSPI,신탁업 및 집합투자업,신탁업 및 집합투자업,기타,11190,55.68,,11190,10960,11460,11730,27.2,14.5,41.6,0.0,,↩️ PULL (눌림),⑤ 하락 / 약세,-4.6,-2.7,-12.48,-28.62,-43.56,0,0.51,0.15,0.07,1.0,0.0,0.0,0.72,26.4,20.0,-3.22,11349,-1.41,,-61.05,-0.0875,1.19,-0.89,11504,-1,5.65,1,0,0,0,True,-3.37,-3.87,-2.78,X,▼,-2,,"주봉역배열주의, 정배열(단)",1.8,223,249.5,11349,▼,X,X,8.306388888888888,16.64,7.0,1.173913043478261,0.0,-1,🔇 변동성 축소 (BW 5.7%). 🧱 구조적 지지선(Swing Low) 근접. 📉 매도세 우위. ,66.2,,38.9,65.8,52.6,78.7,🔥 과열,1.유통·소비재(+42.2%) / 2.철강·금속(+38.0%) / 3.자동차·모빌리티(+22.3%) / 4.IT/전기전자(+21.3%) / 5.조선·기계·설비(+20.2%),5,195,20260102,20260102,25.84,12.3,-2.78,-28.62
089030,089030,KOSDAQ,특수 목적용 기계 제조업,특수 목적용 기계 제조업,조선·기계·설비,50900,331.83,,46000,41950,55700,65400,27.1,44.4,40.1,0.0,,🔺 Watch (관찰·돌파예상),④ 바닥 반등 시도,7.5,67.99,5.65,-25.74,46.52,0,0.23,0.57,0.7,0.12,0.43,0.44,0.42,70.1,65.8,13.99,46949,8.42,,1119.3832,0.2947,2.75,1.41,41950,1,21.15,0,0,0,1,False,15.68,21.92,-13.44,O,▲,9,★,"주봉20선↑, 주봉추세우상향, HMA추세↑, MACD상승, 거래량↑, 장기추세(120↑), 자금유입, MACD>Sig, VWAP상회",2.5,49,225.4,45029,▲,O,X,10.054883720930233,26.984186046511628,5.0,0.5363128491620112,10.652173913043478,1,💸 자금 유입 지속. 🚀 단기 모멘텀 가속. ⚠️ 단기 급등 조정 주의.,91.9,,46.5,65.8,52.6,78.7,🔥 과열,1.유통·소비재(+42.2%) / 2.철강·금속(+38.0%) / 3.자동차·모빌리티(+22.3%) / 4.IT/전기전자(+21.3%) / 5.조선·기계·설비(+20.2%),4,196,20260102,20260102,25.84,12.3,-13.44,-25.74
005935,005935,KOSPI,전기전자,전기전자,IT/전기전자,94400,2389.32,,86200,84300,90600,94900,26.6,37.3,24.7,0.0,,🔺 Watch (관찰·돌파예상),⑤ 하락 / 약세,21.18,84.02,13.3,16.33,43.16,0,0.0,0.0,0.08,0.21,0.38,1.0,0.7,79.4,77.1,12.83,89445,5.54,,933.3992,0.1123,1.56,2.15,84330,1,20.15,0,0,0,1,False,10.02,18.3,42.17,O,▲,10,★,"주봉20선↑, 주봉추세우상향, HMA추세↑, MACD상승, 거래량↑, 정배열(단), 장기추세(120↑), 자금유입, MACD>Sig, VWAP상회",2.5,29,250.0,89579,▲,O,X,11.841621621621623,27.6472972972973,4.0,-0.37623762376237624,9.51276102088167,1,💪 매수세 장악(Power Buying). 💰 외국인/기관 수급 집중. 🚀 단기 모멘텀 가속. ⚠️ 단기 급등 조정 주의.,91.8,,46.2,65.8,52.6,78.7,🔥 과열,1.유통·소비재(+42.2%) / 2.철강·금속(+38.0%) / 3.자동차·모빌리티(+22.3%) / 4.IT/전기전자(+21.3%) / 5.조선·기계·설비(+20.2%),5,197,20260102,20260102,25.84,12.3,42.17,16.33
028300,028300,KOSDAQ,의료용품 및 기타 의약 관련제품 제조업,의료용품 및 기타 의약 관련제품 제조업,기타,52900,149.63,,49450,47600,54000,58400,26.4,28.8,38.2,0.0,,🔺 Watch (관찰·돌파예상),① 강한 상승 추세,4.34,7.96,2.49,27.09,-13.51,0,0.09,0.13,0.31,0.42,0.47,0.12,0.64,66.8,61.7,10.13,50005,5.79,,473.8235,0.3681,2.19,2.26,47625,1,15.3,0,0,0,1,False,13.52,14.63,39.39,O,▲,10,★,"주봉20선↑, 주봉추세우상향, HMA추세↑, MACD상승, 거래량↑, 정배열(단), 장기추세(120↑), 자금유입, MACD>Sig, VWAP상회",2.5,50,247.2,47843,▲,O,X,8.306388888888888,16.64,7.0,0.20754716981132076,6.976744186046512,1,💪 매수세 장악(Power Buying). 💸 자금 유입 지속. 🚀 단기 모멘텀 가속. ⚠️ 단기 급등 조정 주의.,81.0,,42.8,65.8,52.6,78.7,🔥 과열,1.유통·소비재(+42.2%) / 2.철강·금속(+38.0%) / 3.자동차·모빌리티(+22.3%) / 4.IT/전기전자(+21.3%) / 5.조선·기계·설비(+20.2%),1,198,20260102,20260102,25.84,12.3,39.39,27.09
397030,397030,KOSDAQ,자연과학 및 공학 연구개발업,자연과학 및 공학 연구개발업,기타,53000,110.0,,47300,42550,56800,66300,26.1,37.1,34.2,0.0,,🔺 Watch (관찰·돌파예상),⑤ 하락 / 약세,31.51,212.13,29.66,59.22,190.66,0,0.16,0.43,0.36,0.0,0.63,0.05,0.61,72.8,73.6,15.42,51223,3.47,,654.2368,0.2261,0.33,1.71,40980,1,42.26,0,0,0,1,False,13.25,20.18,71.52,O,▲,9,★,"주봉20선↑, 주봉추세우상향, HMA추세↑, MACD상승, 정배열(단), 장기추세(120↑), 자금유입, MACD>Sig, VWAP상회",2.5,42,198.7,52873,▲,O,X,8.306388888888888,16.64,7.0,0.36363636363636365,12.050739957716702,1,💪 매수세 장악(Power Buying). 💰 외국인/기관 수급 집중. 🚀 단기 모멘텀 가속. ⚠️ 단기 급등 조정 주의.,94.4,,46.6,65.8,52.6,78.7,🔥 과열,1.유통·소비재(+42.2%) / 2.철강·금속(+38.0%) / 3.자동차·모빌리티(+22.3%) / 4.IT/전기전자(+21.3%) / 5.조선·기계·설비(+20.2%),5,199,20260102,20260102,25.84,12.3,71.52,59.22
042700,042700,KOSPI,특수 목적용 기계 제조업,특수 목적용 기계 제조업,조선·기계·설비,144500,4695.36,,126800,114700,155800,184800,25.4,47.7,32.0,0.0,,🔺 Watch (관찰·돌파예상),⑤ 하락 / 약세,19.92,53.23,12.04,23.9,12.37,0,0.17,0.47,0.49,0.0,0.42,1.0,0.37,71.2,76.1,17.35,132703,8.89,,2310.0279,0.1825,2.57,1.02,114760,1,22.49,0,0,0,1,False,13.78,24.25,49.74,O,▲,10,★,"주봉20선↑, 주봉추세우상향, HMA추세↑, HMA돌파, MACD상승, 거래량↑, 장기추세(120↑), 자금유입, MACD>Sig, VWAP상회",2.5,16,202.9,130780,▲,O,X,10.054883720930233,26.984186046511628,5.0,0.37919463087248323,13.958990536277602,1,💰 외국인/기관 수급 집중. 🚀 단기 모멘텀 가속. ⚠️ 단기 급등 조정 주의.,89.6,,44.7,65.8,52.6,78.7,🔥 과열,1.유통·소비재(+42.2%) / 2.철강·금속(+38.0%) / 3.자동차·모빌리티(+22.3%) / 4.IT/전기전자(+21.3%) / 5.조선·기계·설비(+20.2%),5,200,20260102,20260102,25.84,12.3,49.74,23.9
027360,027360,KOSDAQ,기타 금융업,기타 금융업,금융,3340,206.16,,2800,2555,3455,4105,24.9,23.7,27.8,0.0,,↩️ PULL (눌림),② 상승 후 조정,60.96,42.43,59.11,38.49,20.96,0,0.06,0.21,0.71,0.0,0.35,0.22,0.56,68.5,88.7,22.94,3115,7.2,,18.3863,-0.7261,1.12,0.97,2557,1,77.01,0,0,0,1,False,6.71,23.7,50.79,O,▲,7,★,"주봉20선↑, 주봉추세우상향, 정배열(단), 장기추세(120↑), 자금유입, MACD>Sig, VWAP상회",2.5,816,228.5,3350,▼,X,X,0.11500000000000013,-1.5974999999999997,12.0,0.1464968152866242,19.28571428571429,1,💰 외국인/기관 수급 집중. ⚠️ 단기 급등 조정 주의.,92.3,,45.1,65.8,52.6,78.7,🔥 과열,1.유통·소비재(+42.2%) / 2.철강·금속(+38.0%) / 3.자동차·모빌리티(+22.3%) / 4.IT/전기전자(+21.3%) / 5.조선·기계·설비(+20.2%),2,201,20260102,20260102,25.84,12.3,50.79,38.49
170920,170920,KOSDAQ,기초 화학물질 제조업,기초 화학물질 제조업,화학·소재,20400,80.06,,18180,16410,23500,28800,24.3,34.1,28.6,0.0,,🔺 Watch (관찰·돌파예상),④ 바닥 반등 시도,23.19,74.36,21.34,-7.68,52.89,0,0.34,0.92,0.44,0.0,0.36,0.0,0.31,67.6,65.3,15.58,19444,4.92,,349.8381,0.0382,3.2,1.23,16415,1,29.86,0,0,0,1,False,9.38,28.22,4.62,O,▲,9,★,"주봉20선↑, 주봉추세우상향, HMA추세↑, MACD상승, 거래량↑, 장기추세(120↑), 자금유입, MACD>Sig, VWAP상회",2.5,112,203.6,19371,▲,O,X,8.761666666666667,11.79888888888889,9.0,0.7769423558897243,12.211221122112212,1,💸 자금 유입 지속. 🚀 단기 모멘텀 가속. ⚠️ 단기 급등 조정 주의.,91.2,,44.4,65.8,52.6,78.7,🔥 과열,1.유통·소비재(+42.2%) / 2.철강·금속(+38.0%) / 3.자동차·모빌리티(+22.3%) / 4.IT/전기전자(+21.3%) / 5.조선·기계·설비(+20.2%),4,202,20260102,20260102,25.84,12.3,4.62,-7.68
092200,092200,KOSPI,자동차 신품 부품 제조업,자동차 신품 부품 제조업,자동차·모빌리티,14630,123.52,,12580,11390,15290,18000,23.4,36.2,36.1,0.0,,🔺 Watch (관찰·돌파예상),⑤ 하락 / 약세,50.21,235.17,42.33,210.1,194.31,0,0.09,0.27,0.51,0.0,0.81,0.07,0.57,70.2,76.5,19.81,13653,7.15,,85.1942,0.4088,0.34,2.09,11392,1,43.27,0,0,0,1,False,25.04,18.65,235.94,O,▲,9,★,"주봉20선↑, 주봉추세우상향, HMA추세↑, MACD상승, 정배열(단), 장기추세(120↑), 자금유입, MACD>Sig, VWAP상회",2.5,168,211.3,13416,▲,O,X,17.62818181818182,25.464545454545455,3.0,0.2037037037037037,16.295707472178062,1,💪 매수세 장악(Power Buying). 💰 외국인/기관 수급 집중. 🚀 단기 모멘텀 가속. ⚠️ 단기 급등 조정 주의.,94.0,,44.6,65.8,52.6,78.7,🔥 과열,1.유통·소비재(+42.2%) / 2.철강·금속(+38.0%) / 3.자동차·모빌리티(+22.3%) / 4.IT/전기전자(+21.3%) / 5.조선·기계·설비(+20.2%),5,203,20260102,20260102,25.84,12.3,235.94,210.1
204320,204320,KOSPI,자동차 신품 부품 제조업,자동차 신품 부품 제조업,자동차·모빌리티,65400,648.32,,56700,51000,70300,84000,22.6,47.2,34.0,0.0,,🔺 Watch (관찰·돌파예상),① 강한 상승 추세,28.74,94.35,20.86,68.8,53.49,0,0.15,0.45,0.36,0.0,0.62,1.0,0.45,69.3,64.5,18.82,59491,9.93,,368.3883,0.3123,2.26,1.63,50340,1,24.41,0,0,0,1,False,22.47,25.29,94.64,O,▲,10,★,"주봉20선↑, 주봉추세우상향, HMA추세↑, MACD상승, 거래량↑, 정배열(단), 장기추세(120↑), 자금유입, MACD>Sig, VWAP상회",2.5,35,198.4,56500,▲,O,X,17.62818181818182,25.464545454545455,3.0,0.3402777777777778,15.343915343915343,1,💪 매수세 장악(Power Buying). 💸 자금 유입 지속. 🚀 단기 모멘텀 가속. ⚠️ 단기 급등 조정 주의.,92.2,,43.5,65.8,52.6,78.7,🔥 과열,1.유통·소비재(+42.2%) / 2.철강·금속(+38.0%) / 3.자동차·모빌리티(+22.3%) / 4.IT/전기전자(+21.3%) / 5.조선·기계·설비(+20.2%),1,204,20260102,20260102,25.84,12.3,94.64,68.8
081180,081180,KOSDAQ,일반 목적용 기계 제조업,일반 목적용 기계 제조업,조선·기계·설비,15800,82.54,,14000,12600,16490,18970,22.4,28.4,17.6,0.0,,🔺 Watch (관찰·돌파예상),① 강한 상승 추세,32.77,57.21,30.92,66.03,35.74,0,0.09,0.26,0.37,0.0,0.45,0.0,0.69,69.9,83.8,16.21,15878,-0.49,,145.1289,0.0143,0.71,2.05,11820,1,58.11,0,0,0,1,False,8.52,13.59,78.33,O,▲,7,★,"주봉20선↑, 주봉추세우상향, MACD상승, 정배열(단), 장기추세(120↑), 자금유입, MACD>Sig",2.5,142,198.8,16305,▲,X,X,10.054883720930233,26.984186046511628,5.0,0.215625,12.857142857142856,1,💪 매수세 장악(Power Buying). 💰 외국인/기관 수급 집중. 📈 상승 모멘텀 개선. ⚠️ 단기 급등 조정 주의.,83.9,,40.9,65.8,52.6,78.7,🔥 과열,1.유통·소비재(+42.2%) / 2.철강·금속(+38.0%) / 3.자동차·모빌리티(+22.3%) / 4.IT/전기전자(+21.3%) / 5.조선·기계·설비(+20.2%),1,205,20260102,20260102,25.84,12.3,78.33,66.03
041920,041920,KOSDAQ,의료용 기기 제조업,의료용 기기 제조업,기타,9490,98.46,,8410,7560,10090,11780,21.9,35.8,33.0,0.0,,🔺 Watch (관찰·돌파예상),① 강한 상승 추세,47.36,68.26,45.51,69.15,46.79,0,0.14,0.38,0.34,0.0,0.63,0.03,0.66,63.6,77.5,16.26,8694,9.15,,-26.4334,0.1689,0.63,1.86,7417,1,56.46,0,0,0,1,False,20.13,0.53,81.45,O,▲,9,★,"주봉20선↑, 주봉추세우상향, HMA추세↑, RSI적정, MACD상승, 정배열(단), 장기추세(120↑), 자금유입, VWAP상회",2.5,235,197.6,8485,▲,O,X,8.306388888888888,16.64,7.0,0.31088082901554404,12.841854934601665,1,💪 매수세 장악(Power Buying). 💰 외국인/기관 수급 집중. 🚀 단기 모멘텀 가속. ⚠️ 단기 급등 조정 주의.,93.6,,43.4,65.8,52.6,78.7,🔥 과열,1.유통·소비재(+42.2%) / 2.철강·금속(+38.0%) / 3.자동차·모빌리티(+22.3%) / 4.IT/전기전자(+21.3%) / 5.조선·기계·설비(+20.2%),1,206,20260102,20260102,25.84,12.3,81.45,69.15
038500,038500,KOSDAQ,기타 비금속 광물제품 제조업,기타 비금속 광물제품 제조업,기타,5300,115.17,,4500,4050,5500,6490,21.4,18.9,24.9,0.0,,↩️ PULL (눌림),② 상승 후 조정,73.49,67.19,71.64,52.81,45.72,0,0.07,0.23,0.37,0.0,0.36,0.06,0.55,74.6,82.6,21.28,5080,4.33,,34.087,-0.1741,0.81,1.0,6568,-1,79.66,0,0,0,1,False,9.96,9.28,65.11,O,▲,8,★,"주봉20선↑, 주봉추세우상향, HMA돌파, 정배열(단), 장기추세(120↑), 자금유입, MACD>Sig, VWAP상회",2.5,444,199.8,5111,▼,O,X,8.306388888888888,16.64,7.0,0.16,17.77777777777778,-1,💰 외국인/기관 수급 집중. ⚠️ 단기 급등 조정 주의.,92.5,,42.7,65.8,52.6,78.7,🔥 과열,1.유통·소비재(+42.2%) / 2.철강·금속(+38.0%) / 3.자동차·모빌리티(+22.3%) / 4.IT/전기전자(+21.3%) / 5.조선·기계·설비(+20.2%),2,207,20260102,20260102,25.84,12.3,65.11,52.81
211270,211270,KOSDAQ,통신 및 방송 장비 제조업,통신 및 방송 장비 제조업,IT/전기전자,13580,118.16,,11930,11000,14730,17530,21.2,32.7,35.9,0.0,,🔺 Watch (관찰·돌파예상),③ 박스 / 중립,26.8,8.38,24.95,-0.35,-13.09,0,0.19,0.51,0.93,0.0,0.35,0.06,0.22,74.6,67.5,17.22,12858,5.61,,245.5806,0.1127,3.99,2.02,11001,1,30.22,0,0,0,1,False,15.97,21.14,11.95,O,▲,9,★,"주봉20선↑, 주봉추세우상향, HMA추세↑, MACD상승, 거래량↑, 장기추세(120↑), 자금유입, MACD>Sig, VWAP상회",2.5,209,249.3,12824,▲,O,X,11.841621621621623,27.6472972972973,4.0,0.44573643410852715,13.830678960603521,1,💪 매수세 장악(Power Buying). 💸 자금 유입 지속. 🚀 단기 모멘텀 가속. ⚠️ 단기 급등 조정 주의.,94.0,,43.0,65.8,52.6,78.7,🔥 과열,1.유통·소비재(+42.2%) / 2.철강·금속(+38.0%) / 3.자동차·모빌리티(+22.3%) / 4.IT/전기전자(+21.3%) / 5.조선·기계·설비(+20.2%),3,208,20260102,20260102,25.84,12.3,11.95,-0.35
376300,376300,KOSDAQ,소프트웨어 개발 및 공급업,소프트웨어 개발 및 공급업,IT/전기전자,40100,59.17,,36900,34000,40350,43800,20.4,15.3,19.7,0.0,,↩️ PULL (눌림),⑤ 하락 / 약세,23.01,-28.26,21.16,-20.75,-49.73,0,0.02,0.04,0.92,0.28,0.07,0.0,0.61,81.8,79.1,11.98,39779,0.8,,647.9844,-0.177,1.11,-0.06,34015,1,34.74,0,0,0,1,False,0.88,11.7,-8.45,O,▼,3,,"주봉20선↑, 자금유입, MACD>Sig, VWAP상회",2.5,67,247.2,40748,▲,X,X,11.841621621621623,27.6472972972973,4.0,0.040983606557377046,8.672086720867208,1,📉 매도세 우위. 💰 외국인/기관 수급 집중. ⚠️ 단기 급등 조정 주의.,94.3,,42.6,65.8,52.6,78.7,🔥 과열,1.유통·소비재(+42.2%) / 2.철강·금속(+38.0%) / 3.자동차·모빌리티(+22.3%) / 4.IT/전기전자(+21.3%) / 5.조선·기계·설비(+20.2%),5,209,20260102,20260102,25.84,12.3,-8.45,-20.75
462350,462350,KOSDAQ,"항공기,우주선 및 부품 제조업","항공기,우주선 및 부품 제조업",기타,13580,423.78,,11590,10430,14890,18190,20.3,35.8,30.6,0.0,,↩️ PULL (눌림),② 상승 후 조정,30.83,39.01,28.98,13.62,17.54,0,0.18,0.58,0.37,0.0,0.34,0.6,0.49,62.9,44.5,20.69,11761,15.46,,110.5035,-0.007,2.03,1.98,9660,1,55.45,0,0,0,1,False,26.8,18.71,25.92,O,▲,10,★,"주봉20선↑, 주봉추세우상향, HMA추세↑, HMA돌파, RSI적정, 거래량↑, 정배열(단), 장기추세(120↑), MACD>Sig, VWAP상회",2.5,172,199.3,12165,▲,O,X,8.306388888888888,16.64,7.0,0.4158730158730159,17.169974115616913,1,💪 매수세 장악(Power Buying). ⚠️ 단기 급등 조정 주의.,80.9,,38.5,65.8,52.6,78.7,🔥 과열,1.유통·소비재(+42.2%) / 2.철강·금속(+38.0%) / 3.자동차·모빌리티(+22.3%) / 4.IT/전기전자(+21.3%) / 5.조선·기계·설비(+20.2%),2,210,20260102,20260102,25.84,12.3,25.92,13.62
200710,200710,KOSDAQ,반도체 제조업,반도체 제조업,반도체,33350,94.43,,30500,29450,34300,38050,18.9,32.5,36.3,0.0,,🔺 Watch (관찰·돌파예상),① 강한 상승 추세,9.34,69.2,7.49,24.1,47.73,0,0.11,0.17,0.25,0.22,0.66,0.02,0.75,62.9,73.4,12.59,34070,-2.12,,582.5581,0.572,0.81,2.03,29487,1,37.75,0,0,0,1,False,18.47,26.57,36.4,O,▲,9,★,"주봉20선↑, 주봉추세우상향, HMA추세↑, RSI적정, MACD상승, 정배열(단), 장기추세(120↑), 자금유입, MACD>Sig",2.5,81,247.1,32316,▲,O,X,13.682500000000001,11.408125,8.0,0.24358974358974358,9.344262295081968,1,💪 매수세 장악(Power Buying). 💰 외국인/기관 수급 집중. 🚀 단기 모멘텀 가속. ⚠️ 단기 급등 조정 주의.,93.0,,41.1,65.8,52.6,78.7,🔥 과열,1.유통·소비재(+42.2%) / 2.철강·금속(+38.0%) / 3.자동차·모빌리티(+22.3%) / 4.IT/전기전자(+21.3%) / 5.조선·기계·설비(+20.2%),1,211,20260102,20260102,25.84,12.3,36.4,24.1
475830,475830,KOSDAQ,기초 의약물질 제조업,기초 의약물질 제조업,기타,113800,268.26,,96000,89100,113500,130800,18.7,36.0,36.6,0.0,,🔺 Watch (관찰·돌파예상),① 강한 상승 추세,62.8,495.81,60.95,227.4,474.34,0,0.0,0.0,1.0,0.0,0.83,0.33,0.61,68.7,63.3,22.04,107841,5.53,,1474.4603,0.3479,0.65,1.98,89160,1,56.17,0,0,0,1,False,19.54,29.76,239.7,O,▲,9,★,"주봉20선↑, 주봉추세우상향, HMA추세↑, MACD상승, 정배열(단), 장기추세(120↑), 자금유입, MACD>Sig, VWAP상회",2.5,26,249.6,110401,▲,O,X,8.306388888888888,16.64,7.0,-0.012145748987854251,18.541666666666668,1,💪 매수세 장악(Power Buying). 💸 자금 유입 지속. 🚀 단기 모멘텀 가속. ⚠️ 단기 급등 조정 주의.,87.6,,39.4,65.8,52.6,78.7,🔥 과열,1.유통·소비재(+42.2%) / 2.철강·금속(+38.0%) / 3.자동차·모빌리티(+22.3%) / 4.IT/전기전자(+21.3%) / 5.조선·기계·설비(+20.2%),1,212,20260102,20260102,25.84,12.3,239.7,227.4
270660,270660,KOSDAQ,가정용 기기 제조업,가정용 기기 제조업,기타,23300,61.61,,21100,20100,23800,26450,17.5,22.8,21.9,0.0,,🔺 Watch (관찰·돌파예상),⑤ 하락 / 약세,19.18,41.47,17.33,9.12,20.0,0,0.07,0.13,0.57,0.13,0.47,0.0,0.45,66.2,80.2,13.62,23698,-1.68,,355.1991,0.3645,1.92,-1.41,20138,1,24.47,0,0,0,1,False,12.29,16.5,21.42,O,▲,9,★,"주봉20선↑, 주봉추세우상향, HMA추세↑, MACD상승, 거래량↑, 정배열(단), 장기추세(120↑), 자금유입, MACD>Sig",2.5,118,249.0,21525,▲,O,X,8.306388888888888,16.64,7.0,0.15625,10.42654028436019,1,📉 매도세 우위. 💰 외국인/기관 수급 집중. 🚀 단기 모멘텀 가속. ⚠️ 단기 급등 조정 주의.,89.1,,39.0,65.8,52.6,78.7,🔥 과열,1.유통·소비재(+42.2%) / 2.철강·금속(+38.0%) / 3.자동차·모빌리티(+22.3%) / 4.IT/전기전자(+21.3%) / 5.조선·기계·설비(+20.2%),5,213,20260102,20260102,25.84,12.3,21.42,9.12
090710,090710,KOSDAQ,특수 목적용 기계 제조업,특수 목적용 기계 제조업,조선·기계·설비,8190,1117.87,,6310,5790,7540,8760,17.1,40.8,36.1,0.0,,🔺 Watch (관찰·돌파예상),⑤ 하락 / 약세,52.8,180.96,50.95,143.64,159.49,0,0.0,0.0,0.84,0.0,0.88,1.0,0.54,70.6,87.8,33.73,7299,12.2,,243.8371,0.5917,1.8,2.04,5792,1,53.31,0,0,0,1,False,31.46,41.94,155.94,O,▲,10,★,"주봉20선↑, 주봉추세우상향, HMA추세↑, MACD상승, 거래량↑, 정배열(단), 장기추세(120↑), 자금유입, MACD>Sig, VWAP상회",2.5,384,242.3,7040,▲,O,X,10.054883720930233,26.984186046511628,5.0,-0.2708333333333333,29.793977812995248,1,💪 매수세 장악(Power Buying). 💰 외국인/기관 수급 집중. 🚀 단기 모멘텀 가속. ⚠️ 단기 급등 조정 주의.,89.6,,38.9,65.8,52.6,78.7,🔥 과열,1.유통·소비재(+42.2%) / 2.철강·금속(+38.0%) / 3.자동차·모빌리티(+22.3%) / 4.IT/전기전자(+21.3%) / 5.조선·기계·설비(+20.2%),5,214,20260102,20260102,25.84,12.3,155.94,143.64
380540,380540,KOSDAQ,마그네틱 및 광학 매체 제조업,마그네틱 및 광학 매체 제조업,기타,2400,106.24,,2005,1828,2450,2890,17.0,30.3,32.9,0.0,,🔺 Watch (관찰·돌파예상),① 강한 상승 추세,59.68,34.23,57.83,14.95,12.76,0,0.04,0.13,0.69,0.0,0.69,0.04,0.37,63.7,74.3,23.25,2194,9.37,,25.9521,0.4157,2.91,2.22,1828,1,39.63,0,0,0,1,False,31.29,25.2,27.25,O,▲,11,★,"주봉20선↑, 주봉추세우상향, HMA추세↑, RSI적정, MACD상승, 거래량↑, 정배열(단), 장기추세(120↑), 자금유입, MACD>Sig, VWAP상회",2.5,1129,226.4,1872,▲,O,X,8.306388888888888,16.64,7.0,0.08741258741258741,19.70074812967581,1,💪 매수세 장악(Power Buying). 💰 외국인/기관 수급 집중. 🚀 단기 모멘텀 가속. ⚠️ 단기 급등 조정 주의.,89.8,,38.8,65.8,52.6,78.7,🔥 과열,1.유통·소비재(+42.2%) / 2.철강·금속(+38.0%) / 3.자동차·모빌리티(+22.3%) / 4.IT/전기전자(+21.3%) / 5.조선·기계·설비(+20.2%),1,215,20260102,20260102,25.84,12.3,27.25,14.95
174900,174900,KOSDAQ,의료용품 및 기타 의약 관련제품 제조업,의료용품 및 기타 의약 관련제품 제조업,기타,48900,141.04,,41150,37000,51100,61000,14.8,29.7,34.0,0.0,,🔺 Watch (관찰·돌파예상),① 강한 상승 추세,15.47,344.14,13.62,151.31,322.67,0,0.08,0.27,0.35,0.0,0.79,0.1,0.48,68.6,61.2,22.35,43836,11.55,,262.2496,0.4178,2.35,2.39,35855,1,28.96,0,0,0,1,False,25.38,31.1,163.61,O,▲,10,★,"주봉20선↑, 주봉추세우상향, HMA추세↑, MACD상승, 거래량↑, 정배열(단), 장기추세(120↑), 자금유입, MACD>Sig, VWAP상회",2.5,48,197.5,42146,▲,O,X,8.306388888888888,16.64,7.0,0.18487394957983194,18.833535844471445,1,💪 매수세 장악(Power Buying). 💸 자금 유입 지속. 🚀 단기 모멘텀 가속. ⚠️ 단기 급등 조정 주의.,77.3,,33.6,65.8,52.6,78.7,🔥 과열,1.유통·소비재(+42.2%) / 2.철강·금속(+38.0%) / 3.자동차·모빌리티(+22.3%) / 4.IT/전기전자(+21.3%) / 5.조선·기계·설비(+20.2%),1,216,20260102,20260102,25.84,12.3,163.61,151.31
140410,140410,KOSDAQ,자연과학 및 공학 연구개발업,자연과학 및 공학 연구개발업,기타,98000,82.93,,86000,77400,103300,120600,14.3,29.6,22.5,0.0,,🔺 Watch (관찰·돌파예상),① 강한 상승 추세,23.89,161.68,22.04,38.47,140.21,0,0.11,0.33,0.37,0.0,0.64,0.0,0.56,65.0,72.4,17.34,86753,12.96,,737.1274,0.2997,0.59,1.01,69740,1,36.16,0,0,0,1,False,20.69,1.03,50.77,O,▲,9,★,"주봉20선↑, 주봉추세우상향, HMA추세↑, MACD상승, 정배열(단), 장기추세(120↑), 자금유입, MACD>Sig, VWAP상회",2.5,23,197.8,89100,▲,O,X,8.306388888888888,16.64,7.0,0.25728155339805825,13.953488372093023,1,💰 외국인/기관 수급 집중. 🚀 단기 모멘텀 가속. ⚠️ 단기 급등 조정 주의.,94.5,,38.4,65.8,52.6,78.7,🔥 과열,1.유통·소비재(+42.2%) / 2.철강·금속(+38.0%) / 3.자동차·모빌리티(+22.3%) / 4.IT/전기전자(+21.3%) / 5.조선·기계·설비(+20.2%),1,217,20260102,20260102,25.84,12.3,50.77,38.47
101170,101170,KOSDAQ,일반 목적용 기계 제조업,일반 목적용 기계 제조업,조선·기계·설비,17360,105.82,,12580,11720,15640,18700,14.0,27.1,38.0,0.0,,🔺 Watch (관찰·돌파예상),⑤ 하락 / 약세,76.6,250.0,74.75,234.9,228.53,0,0.0,0.0,1.0,0.0,0.9,0.04,0.62,80.3,89.2,42.09,15945,8.87,,591.008,0.7677,0.5,2.55,11721,1,84.46,0,0,0,1,False,62.85,57.82,247.2,O,▲,9,★,"주봉20선↑, 주봉추세우상향, HMA추세↑, MACD상승, 정배열(단), 장기추세(120↑), 자금유입, MACD>Sig, VWAP상회",2.5,198,249.1,15412,▲,O,X,10.054883720930233,26.984186046511628,5.0,-0.3049645390070922,37.99682034976153,1,💪 매수세 장악(Power Buying). 💰 외국인/기관 수급 집중. 🚀 단기 모멘텀 가속. ⚠️ 단기 급등 조정 주의.,94.0,,38.0,65.8,52.6,78.7,🔥 과열,1.유통·소비재(+42.2%) / 2.철강·금속(+38.0%) / 3.자동차·모빌리티(+22.3%) / 4.IT/전기전자(+21.3%) / 5.조선·기계·설비(+20.2%),5,218,20260102,20260102,25.84,12.3,247.2,234.9
007810,007810,KOSPI,전자부품 제조업,전자부품 제조업,IT/전기전자,47750,96.92,,39950,37700,45950,52000,13.3,29.7,35.2,0.0,,🔺 Watch (관찰·돌파예상),① 강한 상승 추세,40.03,326.34,32.15,149.53,285.48,0,0.0,0.0,0.81,0.0,0.86,0.02,0.68,66.0,66.0,23.14,43600,9.52,망치형,737.1964,0.6866,1.09,2.42,37730,1,39.84,0,0,0,1,False,27.67,40.86,175.37,O,▲,10,★,"주봉20선↑, 주봉추세우상향, HMA추세↑, MACD상승, 정배열(단), 장기추세(120↑), 자금유입, MACD>Sig, VWAP상회, 패턴(망치형)",2.5,62,247.7,41997,▲,O,X,11.841621621621623,27.6472972972973,4.0,-0.1791044776119403,19.524405506883603,1,💪 매수세 장악(Power Buying). 💸 자금 유입 지속. 🚀 단기 모멘텀 가속. ⚠️ 단기 급등 조정 주의.,93.6,,37.4,65.8,52.6,78.7,🔥 과열,1.유통·소비재(+42.2%) / 2.철강·금속(+38.0%) / 3.자동차·모빌리티(+22.3%) / 4.IT/전기전자(+21.3%) / 5.조선·기계·설비(+20.2%),1,219,20260102,20260102,25.84,12.3,175.37,149.53
005930,005930,KOSPI,통신 및 방송 장비 제조업,통신 및 방송 장비 제조업,IT/전기전자,128500,23070.44,,113700,111400,120300,126900,13.3,36.0,20.9,0.0,,🔺 Watch (관찰·돌파예상),⑤ 하락 / 약세,24.27,108.27,16.39,27.32,67.41,0,0.0,0.0,0.06,0.0,0.51,1.0,0.67,76.9,75.3,16.42,119101,7.89,,1672.0683,0.267,1.54,2.63,112710,1,22.85,0,0,0,1,False,15.25,25.0,53.16,O,▲,10,★,"주봉20선↑, 주봉추세우상향, HMA추세↑, MACD상승, 거래량↑, 정배열(단), 장기추세(120↑), 자금유입, MACD>Sig, VWAP상회",2.5,21,238.8,117907,▲,O,X,11.841621621621623,27.6472972972973,4.0,-0.47953216374269003,13.016710642040458,1,💪 매수세 장악(Power Buying). 💰 외국인/기관 수급 집중. 🚀 단기 모멘텀 가속. ⚠️ 단기 급등 조정 주의.,89.6,,36.2,65.8,52.6,78.7,🔥 과열,1.유통·소비재(+42.2%) / 2.철강·금속(+38.0%) / 3.자동차·모빌리티(+22.3%) / 4.IT/전기전자(+21.3%) / 5.조선·기계·설비(+20.2%),5,220,20260102,20260102,25.84,12.3,53.16,27.32
030530,030530,KOSDAQ,기초 화학물질 제조업,기초 화학물질 제조업,화학·소재,47650,985.34,,35450,31900,42950,50400,12.8,35.0,31.5,0.0,,🔺 Watch (관찰·돌파예상),⑤ 하락 / 약세,91.75,725.82,89.9,212.96,704.35,0,0.0,0.0,0.36,0.0,0.89,1.0,0.6,76.7,89.0,38.43,43134,10.47,,1634.5879,0.6875,0.48,2.21,35725,1,80.25,0,0,0,1,False,35.75,37.92,225.26,O,▲,9,★,"주봉20선↑, 주봉추세우상향, HMA추세↑, MACD상승, 정배열(단), 장기추세(120↑), 자금유입, MACD>Sig, VWAP상회",2.5,56,198.5,43311,▲,O,X,8.761666666666667,11.79888888888889,9.0,-0.2984126984126984,34.41466854724965,1,💪 매수세 장악(Power Buying). 💰 외국인/기관 수급 집중. 🚀 단기 모멘텀 가속. ⚠️ 단기 급등 조정 주의.,94.0,,37.2,65.8,52.6,78.7,🔥 과열,1.유통·소비재(+42.2%) / 2.철강·금속(+38.0%) / 3.자동차·모빌리티(+22.3%) / 4.IT/전기전자(+21.3%) / 5.조선·기계·설비(+20.2%),5,221,20260102,20260102,25.84,12.3,225.26,212.96
000660,000660,KOSPI,반도체 제조업,반도체 제조업,반도체,677000,11185.84,,595000,583000,645000,694000,12.8,36.2,24.0,0.0,,🔺 Watch (관찰·돌파예상),① 강한 상승 추세,21.33,149.82,13.45,68.98,108.96,0,0.0,0.0,0.06,0.0,0.67,1.0,0.7,69.9,74.0,17.16,631317,7.24,,10883.6157,0.3579,1.29,2.62,589200,1,26.75,0,0,0,1,False,15.92,27.74,94.82,O,▲,10,★,"주봉20선↑, 주봉추세우상향, HMA추세↑, MACD상승, 거래량↑, 정배열(단), 장기추세(120↑), 자금유입, MACD>Sig, VWAP상회",2.5,4,238.0,621272,▲,O,X,13.682500000000001,11.408125,8.0,-0.3404255319148936,13.781512605042018,1,💪 매수세 장악(Power Buying). 💰 외국인/기관 수급 집중. 🚀 단기 모멘텀 가속. ⚠️ 단기 급등 조정 주의.,89.8,,35.9,65.8,52.6,78.7,🔥 과열,1.유통·소비재(+42.2%) / 2.철강·금속(+38.0%) / 3.자동차·모빌리티(+22.3%) / 4.IT/전기전자(+21.3%) / 5.조선·기계·설비(+20.2%),1,222,20260102,20260102,25.84,12.3,94.82,68.98
220260,220260,KOSDAQ,기타 화학제품 제조업,기타 화학제품 제조업,화학·소재,7950,448.01,,6570,5970,7790,8990,12.4,30.8,28.2,0.0,,🔺 Watch (관찰·돌파예상),⑤ 하락 / 약세,44.02,70.42,42.17,92.86,48.95,0,0.0,0.0,0.6,0.0,0.61,0.64,0.61,75.5,81.8,24.55,7314,8.69,,89.6926,0.0432,0.8,1.71,5971,1,42.75,0,0,0,1,False,14.22,38.5,105.16,O,▲,9,★,"주봉20선↑, 주봉추세우상향, HMA추세↑, MACD상승, 정배열(단), 장기추세(120↑), 자금유입, MACD>Sig, VWAP상회",2.5,333,218.8,7302,▲,O,X,8.761666666666667,11.79888888888889,9.0,-0.08080808080808081,21.00456621004566,1,💪 매수세 장악(Power Buying). 💰 외국인/기관 수급 집중. 🚀 단기 모멘텀 가속. ⚠️ 단기 급등 조정 주의.,90.5,,35.8,65.8,52.6,78.7,🔥 과열,1.유통·소비재(+42.2%) / 2.철강·금속(+38.0%) / 3.자동차·모빌리티(+22.3%) / 4.IT/전기전자(+21.3%) / 5.조선·기계·설비(+20.2%),5,223,20260102,20260102,25.84,12.3,105.16,92.86
124500,124500,KOSDAQ,"컴퓨터 프로그래밍, 시스템 통합 및 관리업","컴퓨터 프로그래밍, 시스템 통합 및 관리업",IT/전기전자,31200,53.49,,26750,24050,31800,36850,11.7,20.3,15.7,0.0,,↩️ PULL (눌림),② 상승 후 조정,48.57,28.13,46.72,64.17,6.66,0,0.04,0.12,0.35,0.0,0.51,0.0,0.45,61.9,73.7,20.23,32683,-4.54,,619.0485,-0.2865,0.44,0.46,26975,1,71.91,0,0,0,1,False,0.48,36.54,76.47,O,▲,7,★,"주봉20선↑, 주봉추세우상향, RSI적정, 정배열(단), 장기추세(120↑), 자금유입, MACD>Sig",2.5,74,197.9,32524,▲,X,X,11.841621621621623,27.6472972972973,4.0,0.08391608391608392,16.635514018691588,1,📉 매도세 우위. 💰 외국인/기관 수급 집중. ⚠️ 단기 급등 조정 주의.,92.6,,36.0,65.8,52.6,78.7,🔥 과열,1.유통·소비재(+42.2%) / 2.철강·금속(+38.0%) / 3.자동차·모빌리티(+22.3%) / 4.IT/전기전자(+21.3%) / 5.조선·기계·설비(+20.2%),2,224,20260102,20260102,25.84,12.3,76.47,64.17
032940,032940,KOSDAQ,기계장비 및 관련 물품 도매업,기계장비 및 관련 물품 도매업,조선·기계·설비,13750,1422.9,,7920,7120,9510,11090,11.1,32.7,29.6,0.0,,🔺 Watch (관찰·돌파예상),⑤ 하락 / 약세,91.24,95.04,89.39,78.14,73.57,0,0.0,0.0,0.34,0.0,0.81,1.0,0.62,91.2,93.5,78.85,9447,45.53,,598.1519,0.9844,0.54,4.01,11131,1,85.42,0,0,0,1,False,89.92,93.94,90.44,O,▲,8,★,"주봉20선↑, 주봉추세우상향, HMA추세↑, MACD상승, 장기추세(120↑), 자금유입, MACD>Sig, VWAP상회",2.5,250,198.0,8738,▲,O,X,10.054883720930233,26.984186046511628,5.0,-0.6395173453996983,73.61111111111111,1,💪 매수세 장악(Power Buying). 💰 외국인/기관 수급 집중. 🚀 단기 모멘텀 가속. ⚠️ 단기 급등 조정 주의.,94.0,,36.0,65.8,52.6,78.7,🔥 과열,1.유통·소비재(+42.2%) / 2.철강·금속(+38.0%) / 3.자동차·모빌리티(+22.3%) / 4.IT/전기전자(+21.3%) / 5.조선·기계·설비(+20.2%),5,225,20260102,20260102,25.84,12.3,90.44,78.14
010580,010580,KOSPI,자동차 신품 부품 제조업,자동차 신품 부품 제조업,자동차·모빌리티,2590,119.51,,2190,2055,2525,2855,10.5,23.9,29.5,0.0,,🔺 Watch (관찰·돌파예상),④ 바닥 반등 시도,21.6,63.2,13.72,-16.09,22.34,0,0.0,0.0,0.93,0.0,0.51,0.06,0.56,68.9,96.4,21.83,2400,7.88,,71.9568,0.4689,1.84,2.65,2057,1,42.09,0,0,0,1,False,36.17,31.41,9.75,O,▲,9,★,"주봉20선↑, 주봉추세우상향, HMA추세↑, MACD상승, 거래량↑, 장기추세(120↑), 자금유입, MACD>Sig, VWAP상회",2.5,1141,249.9,2365,▲,O,X,17.62818181818182,25.464545454545455,3.0,-0.12149532710280374,18.2648401826484,1,💪 매수세 장악(Power Buying). 💰 외국인/기관 수급 집중. 🚀 단기 모멘텀 가속. ⚠️ 단기 급등 조정 주의.,89.6,,34.2,65.8,52.6,78.7,🔥 과열,1.유통·소비재(+42.2%) / 2.철강·금속(+38.0%) / 3.자동차·모빌리티(+22.3%) / 4.IT/전기전자(+21.3%) / 5.조선·기계·설비(+20.2%),4,226,20260102,20260102,25.84,12.3,9.75,-16.09
004310,004310,KOSPI,의약품 제조업,의약품 제조업,바이오·의약품,9050,116.03,,6830,6140,8760,10690,10.4,20.0,29.4,0.0,,🔺 Watch (관찰·돌파예상),⑤ 하락 / 약세,147.95,159.68,140.07,110.45,118.82,0,0.0,0.0,0.34,0.0,0.8,0.06,0.54,74.3,83.0,36.52,8159,10.92,장악형,227.9844,0.337,0.28,1.95,5978,1,87.53,0,0,0,1,False,33.88,28.73,136.29,O,▲,10,★,"주봉20선↑, 주봉추세우상향, HMA추세↑, MACD상승, 정배열(단), 장기추세(120↑), 자금유입, MACD>Sig, VWAP상회, 패턴(장악형)",2.5,289,197.4,8355,▲,O,X,5.0325,11.853749999999998,10.0,-0.09965635738831616,32.503660322108345,1,💪 매수세 장악(Power Buying). 💰 외국인/기관 수급 집중. 🚀 단기 모멘텀 가속. ⚠️ 단기 급등 조정 주의.,94.0,,35.5,65.8,52.6,78.7,🔥 과열,1.유통·소비재(+42.2%) / 2.철강·금속(+38.0%) / 3.자동차·모빌리티(+22.3%) / 4.IT/전기전자(+21.3%) / 5.조선·기계·설비(+20.2%),5,227,20260102,20260102,25.84,12.3,136.29,110.45
319400,319400,KOSDAQ,일반 목적용 기계 제조업,일반 목적용 기계 제조업,조선·기계·설비,23700,1042.24,,14480,13030,17970,21450,10.4,31.7,29.0,0.0,,🔺 Watch (관찰·돌파예상),⑤ 하락 / 약세,137.95,381.71,136.1,143.09,360.24,0,0.0,0.0,0.36,0.0,0.77,1.0,0.6,88.8,96.2,68.58,19532,21.34,,970.8391,0.1431,0.75,1.74,14522,1,118.35,0,0,0,1,False,40.24,99.16,155.39,O,▲,10,★,"주봉20선↑, 주봉추세우상향, HMA추세↑, HMA돌파, MACD상승, 정배열(단), 장기추세(120↑), 자금유입, MACD>Sig, VWAP상회",2.5,137,198.4,20476,▲,O,X,10.054883720930233,26.984186046511628,5.0,-0.5370196813495782,63.67403314917127,1,💪 매수세 장악(Power Buying). 💰 외국인/기관 수급 집중. 🚀 단기 모멘텀 가속. ⚠️ 단기 급등 조정 주의.,88.4,,33.8,65.8,52.6,78.7,🔥 과열,1.유통·소비재(+42.2%) / 2.철강·금속(+38.0%) / 3.자동차·모빌리티(+22.3%) / 4.IT/전기전자(+21.3%) / 5.조선·기계·설비(+20.2%),5,228,20260102,20260102,25.84,12.3,155.39,143.09
489790,489790,KOSPI,통신 및 방송 장비 제조업,통신 및 방송 장비 제조업,IT/전기전자,46050,134.29,,41700,37500,46750,51800,10.4,23.1,25.5,0.0,,🔺 Watch (관찰·돌파예상),④ 바닥 반등 시도,5.98,-9.35,-1.9,-39.12,-50.21,0,0.04,0.09,0.35,0.13,0.31,0.09,0.77,66.1,60.0,13.69,43515,5.82,,1182.0682,0.3229,1.0,2.02,37365,1,29.02,0,0,0,1,False,16.73,25.99,-13.28,X,▼,2,,"주봉역배열주의, HMA추세↑, MACD상승, 자금유입, MACD>Sig, VWAP상회",2.5,47,196.0,42651,▲,O,X,11.841621621621623,27.6472972972973,4.0,0.08187134502923976,10.431654676258994,1,💪 매수세 장악(Power Buying). 💸 자금 유입 지속. 🚀 단기 모멘텀 가속. ⚠️ 단기 급등 조정 주의.,81.5,,31.7,65.8,52.6,78.7,🔥 과열,1.유통·소비재(+42.2%) / 2.철강·금속(+38.0%) / 3.자동차·모빌리티(+22.3%) / 4.IT/전기전자(+21.3%) / 5.조선·기계·설비(+20.2%),4,229,20260102,20260102,25.84,12.3,-13.28,-39.12
464080,464080,KOSDAQ,"측정, 시험, 항해, 제어 및 기타 정밀기기 제조업; 광학기기 제외","측정, 시험, 항해, 제어 및 기타 정밀기기 제조업; 광학기기 제외",기타,15600,372.28,,12220,11510,14150,16080,10.3,25.6,32.0,0.0,,🔺 Watch (관찰·돌파예상),⑤ 하락 / 약세,45.52,35.3,43.67,42.77,13.83,0,0.0,0.0,0.85,0.0,0.67,0.51,0.37,78.3,85.8,31.51,13905,12.19,,427.5149,0.5331,2.98,2.38,11516,1,48.52,0,0,0,1,False,41.82,40.29,55.07,O,▲,10,★,"주봉20선↑, 주봉추세우상향, HMA추세↑, MACD상승, 거래량↑, 정배열(단), 장기추세(120↑), 자금유입, MACD>Sig, VWAP상회",2.5,204,249.3,13587,▲,O,X,8.306388888888888,16.64,7.0,-0.3545232273838631,27.659574468085108,1,💪 매수세 장악(Power Buying). 💰 외국인/기관 수급 집중. 🚀 단기 모멘텀 가속. ⚠️ 단기 급등 조정 주의.,89.6,,34.1,65.8,52.6,78.7,🔥 과열,1.유통·소비재(+42.2%) / 2.철강·금속(+38.0%) / 3.자동차·모빌리티(+22.3%) / 4.IT/전기전자(+21.3%) / 5.조선·기계·설비(+20.2%),5,230,20260102,20260102,25.84,12.3,55.07,42.77
054450,054450,KOSDAQ,반도체 제조업,반도체 제조업,반도체,16230,62.74,,14230,12860,16990,19730,10.2,22.3,19.1,0.0,,🔺 Watch (관찰·돌파예상),⑤ 하락 / 약세,32.38,16.09,30.53,12.83,-5.38,0,0.1,0.28,0.46,0.0,0.46,0.0,0.64,74.9,76.9,17.44,15026,8.01,,265.1728,0.3091,1.11,1.33,12861,1,30.71,0,0,0,1,False,17.44,16.68,25.13,O,▲,9,★,"주봉20선↑, 주봉추세우상향, HMA추세↑, MACD상승, 정배열(단), 장기추세(120↑), 자금유입, MACD>Sig, VWAP상회",2.5,145,206.3,14830,▲,O,X,13.682500000000001,11.408125,8.0,0.22551928783382788,14.054813773717498,1,💰 외국인/기관 수급 집중. 🚀 단기 모멘텀 가속. ⚠️ 단기 급등 조정 주의.,90.9,,34.4,65.8,52.6,78.7,🔥 과열,1.유통·소비재(+42.2%) / 2.철강·금속(+38.0%) / 3.자동차·모빌리티(+22.3%) / 4.IT/전기전자(+21.3%) / 5.조선·기계·설비(+20.2%),5,231,20260102,20260102,25.84,12.3,25.13,12.83
012200,012200,KOSPI,일반 목적용 기계 제조업,일반 목적용 기계 제조업,조선·기계·설비,7850,606.32,,3075,2765,4915,6760,10.0,25.7,31.5,0.0,,🔺 Watch (관찰·돌파예상),⑤ 하락 / 약세,456.34,443.25,448.46,423.88,402.39,0,0.0,0.0,0.35,0.0,0.9,0.92,0.0,91.6,73.4,163.11,5929,32.39,,593.733,0.9744,8.49,-0.03,4116,1,278.69,0,0,0,1,False,75.42,406.78,449.72,O,▲,10,★,"주봉20선↑, 주봉추세우상향, HMA추세↑, MACD상승, 거래량↑, 정배열(단), 장기추세(120↑), 자금유입, MACD>Sig, VWAP상회",2.5,645,198.3,6045,▲,O,X,10.054883720930233,26.984186046511628,5.0,-0.5771878072763028,155.28455284552845,1,📉 매도세 우위. 💰 외국인/기관 수급 집중. 🚀 단기 모멘텀 가속. ⚠️ 단기 급등 조정 주의.,93.2,,35.0,65.8,52.6,78.7,🔥 과열,1.유통·소비재(+42.2%) / 2.철강·금속(+38.0%) / 3.자동차·모빌리티(+22.3%) / 4.IT/전기전자(+21.3%) / 5.조선·기계·설비(+20.2%),5,232,20260102,20260102,25.84,12.3,449.72,423.88
200470,200470,KOSDAQ,반도체 제조업,반도체 제조업,반도체,7040,63.3,,6240,5610,7490,8730,10.0,26.4,21.9,0.0,,🔺 Watch (관찰·돌파예상),① 강한 상승 추세,31.84,206.09,29.99,36.54,184.62,0,0.14,0.39,0.34,0.0,0.57,0.0,0.61,66.3,66.3,16.29,6842,2.89,,109.9315,0.116,0.6,1.36,5592,1,37.44,0,0,0,1,False,12.82,35.38,48.84,O,▲,9,★,"주봉20선↑, 주봉추세우상향, HMA추세↑, MACD상승, 정배열(단), 장기추세(120↑), 자금유입, MACD>Sig, VWAP상회",2.5,317,197.8,6858,▲,O,X,13.682500000000001,11.408125,8.0,0.3146853146853147,12.82051282051282,1,💸 자금 유입 지속. 🚀 단기 모멘텀 가속. ⚠️ 단기 급등 조정 주의.,96.2,,35.9,65.8,52.6,78.7,🔥 과열,1.유통·소비재(+42.2%) / 2.철강·금속(+38.0%) / 3.자동차·모빌리티(+22.3%) / 4.IT/전기전자(+21.3%) / 5.조선·기계·설비(+20.2%),1,233,20260102,20260102,25.84,12.3,48.84,36.54
308100,308100,KOSDAQ,"섬유, 의복, 신발 및 가죽제품 소매업","섬유, 의복, 신발 및 가죽제품 소매업",유통·소비재,1726,220.75,,1431,1288,1754,2080,9.8,17.6,25.2,0.0,,🔺 Watch (관찰·돌파예상),④ 바닥 반등 시도,20.53,-62.56,18.68,-18.5,-84.03,0,0.03,0.1,0.37,0.0,0.49,0.24,0.11,67.9,95.3,24.2,1425,21.12,,29.0139,0.5666,4.41,1.36,1134,1,33.64,0,0,0,1,False,36.66,23.2,-6.2,O,▼,7,★,"주봉20선↑, HMA추세↑, MACD상승, 거래량↑, 자금유입, MACD>Sig, VWAP상회",2.5,1398,200.1,1292,▲,O,X,36.396,46.122,1.0,0.0639269406392694,20.61495457721873,1,💰 외국인/기관 수급 집중. 🚀 단기 모멘텀 가속. ⚠️ 단기 급등 조정 주의.,89.6,,33.7,65.8,52.6,78.7,🔥 과열,1.유통·소비재(+42.2%) / 2.철강·금속(+38.0%) / 3.자동차·모빌리티(+22.3%) / 4.IT/전기전자(+21.3%) / 5.조선·기계·설비(+20.2%),4,234,20260102,20260102,25.84,12.3,-6.2,-18.5
049630,049630,KOSDAQ,사진장비 및 광학기기 제조업,사진장비 및 광학기기 제조업,기타,4970,291.66,,3260,2930,4075,4880,9.5,24.1,31.4,0.0,,🔺 Watch (관찰·돌파예상),⑤ 하락 / 약세,131.16,491.67,129.31,494.54,470.2,0,0.0,0.0,0.34,0.0,0.9,0.37,0.67,75.5,70.1,56.99,4201,18.28,,177.1394,0.7882,1.16,3.14,3504,1,100.69,0,0,0,1,False,61.1,61.89,506.84,O,▲,9,★,"주봉20선↑, 주봉추세우상향, HMA추세↑, MACD상승, 정배열(단), 장기추세(120↑), 자금유입, MACD>Sig, VWAP상회",2.5,606,197.6,4185,▲,O,X,8.306388888888888,16.64,7.0,-0.4387254901960784,52.45398773006135,1,💪 매수세 장악(Power Buying). 💰 외국인/기관 수급 집중. 🚀 단기 모멘텀 가속. ⚠️ 단기 급등 조정 주의.,93.4,,34.7,65.8,52.6,78.7,🔥 과열,1.유통·소비재(+42.2%) / 2.철강·금속(+38.0%) / 3.자동차·모빌리티(+22.3%) / 4.IT/전기전자(+21.3%) / 5.조선·기계·설비(+20.2%),5,235,20260102,20260102,25.84,12.3,506.84,494.54
102120,102120,KOSDAQ,반도체 제조업,반도체 제조업,반도체,12720,97.26,,11360,10890,12760,14160,8.8,14.2,24.1,0.0,,🔺 Watch (관찰·돌파예상),④ 바닥 반등 시도,13.67,8.9,11.82,-6.3,-12.57,0,0.01,0.02,0.4,0.01,0.47,0.03,0.33,69.1,89.0,15.3,12013,5.88,,233.1803,0.4303,3.66,2.81,10898,1,20.81,0,0,0,1,False,18.33,21.72,6.0,O,▲,9,★,"주봉20선↑, 주봉추세우상향, HMA추세↑, MACD상승, 거래량↑, 장기추세(120↑), 자금유입, MACD>Sig, VWAP상회",2.5,220,249.9,11213,▲,O,X,13.682500000000001,11.408125,8.0,0.02185792349726776,11.971830985915492,1,💪 매수세 장악(Power Buying). 💰 외국인/기관 수급 집중. 🚀 단기 모멘텀 가속. ⚠️ 단기 급등 조정 주의.,89.2,,32.9,65.8,52.6,78.7,🔥 과열,1.유통·소비재(+42.2%) / 2.철강·금속(+38.0%) / 3.자동차·모빌리티(+22.3%) / 4.IT/전기전자(+21.3%) / 5.조선·기계·설비(+20.2%),4,236,20260102,20260102,25.84,12.3,6.0,-6.3
212560,212560,KOSDAQ,자동차 신품 부품 제조업,자동차 신품 부품 제조업,자동차·모빌리티,11500,122.41,,7660,7030,9220,10770,8.7,19.1,32.6,0.0,,🔺 Watch (관찰·돌파예상),⑤ 하락 / 약세,112.96,75.68,111.11,102.65,54.21,0,0.0,0.0,0.85,0.0,0.71,0.07,0.43,79.1,70.1,54.56,9592,19.88,,323.348,0.1623,2.54,2.17,7032,1,81.44,0,0,0,1,False,35.14,68.62,114.95,O,▲,11,★,"주봉20선↑, 주봉추세우상향, HMA추세↑, HMA돌파, MACD상승, 거래량↑, 정배열(단), 장기추세(120↑), 자금유입, MACD>Sig, VWAP상회",2.5,317,242.8,9446,▲,O,X,17.62818181818182,25.464545454545455,3.0,-0.5100671140939598,50.13054830287206,1,💪 매수세 장악(Power Buying). 💰 외국인/기관 수급 집중. 🚀 단기 모멘텀 가속. ⚠️ 단기 급등 조정 주의.,91.8,,33.6,65.8,52.6,78.7,🔥 과열,1.유통·소비재(+42.2%) / 2.철강·금속(+38.0%) / 3.자동차·모빌리티(+22.3%) / 4.IT/전기전자(+21.3%) / 5.조선·기계·설비(+20.2%),5,237,20260102,20260102,25.84,12.3,114.95,102.65
230360,230360,KOSDAQ,광고업,광고업,미디어·콘텐츠,13910,283.9,,11490,10380,14170,16830,8.5,18.3,23.7,0.0,,🔺 Watch (관찰·돌파예상),③ 박스 / 중립,26.23,51.2,24.38,-3.71,29.73,0,0.03,0.11,0.46,0.0,0.36,0.35,0.27,82.4,71.4,24.65,12088,15.07,,179.3296,0.0838,2.36,-1.16,12023,1,25.32,0,0,0,1,False,22.66,24.87,8.59,O,▼,10,★,"주봉20선↑, HMA추세↑, HMA돌파, MACD상승, 거래량↑, 장기추세(120↑), 자금유입, MACD>Sig, VWAP상회",2.5,180,206.8,11461,▲,O,X,11.876666666666665,14.286666666666667,6.0,0.07365439093484419,21.061792863359443,1,📉 매도세 우위. 💰 외국인/기관 수급 집중. 🚀 단기 모멘텀 가속. ⚠️ 단기 급등 조정 주의.,94.1,,34.2,65.8,52.6,78.7,🔥 과열,1.유통·소비재(+42.2%) / 2.철강·금속(+38.0%) / 3.자동차·모빌리티(+22.3%) / 4.IT/전기전자(+21.3%) / 5.조선·기계·설비(+20.2%),3,238,20260102,20260102,25.84,12.3,8.59,-3.71
011080,011080,KOSDAQ,봉제의복 제조업,봉제의복 제조업,유통·소비재,900,57.9,,743,669,967,1190,8.4,20.6,22.3,0.0,,🔺 Watch (관찰·돌파예상),⑤ 하락 / 약세,23.97,-11.68,22.12,21.23,-33.15,0,0.13,0.45,0.38,0.0,0.54,0.0,0.2,77.1,95.0,24.71,799,12.51,,14.4583,0.457,8.11,2.53,666,1,26.45,0,0,0,1,False,32.74,25.0,33.53,O,▲,9,★,"주봉20선↑, 주봉추세우상향, HMA추세↑, MACD상승, 거래량↑, 장기추세(120↑), 자금유입, MACD>Sig, VWAP상회",2.5,2702,200.8,709,▲,O,X,36.396,46.122,1.0,0.29004329004329005,21.130551816958278,1,💪 매수세 장악(Power Buying). 💰 외국인/기관 수급 집중. 🚀 단기 모멘텀 가속. ⚠️ 단기 급등 조정 주의.,89.6,,32.8,65.8,52.6,78.7,🔥 과열,1.유통·소비재(+42.2%) / 2.철강·금속(+38.0%) / 3.자동차·모빌리티(+22.3%) / 4.IT/전기전자(+21.3%) / 5.조선·기계·설비(+20.2%),5,239,20260102,20260102,25.84,12.3,33.53,21.23
093240,093240,KOSPI,봉제의복 제조업,봉제의복 제조업,유통·소비재,2205,673.93,,1329,1196,1649,1968,8.1,27.4,27.1,0.0,,🔺 Watch (관찰·돌파예상),⑤ 하락 / 약세,90.09,-21.17,82.21,34.87,-62.03,0,0.0,0.0,0.37,0.0,0.67,1.0,0.39,87.3,97.2,70.86,1724,27.85,,85.8877,0.9656,2.2,1.05,1525,1,78.22,0,0,0,1,False,85.29,71.6,60.71,O,▼,10,★,"주봉20선↑, HMA추세↑, MACD상승, 거래량↑, 정배열(단), 장기추세(120↑), 자금유입, MACD>Sig, VWAP상회",2.5,1503,199.7,1450,▲,O,X,36.396,46.122,1.0,-0.5510406342913776,65.91422121896161,1,💰 외국인/기관 수급 집중. 🚀 단기 모멘텀 가속. ⚠️ 단기 급등 조정 주의.,89.6,,32.6,65.8,52.6,78.7,🔥 과열,1.유통·소비재(+42.2%) / 2.철강·금속(+38.0%) / 3.자동차·모빌리티(+22.3%) / 4.IT/전기전자(+21.3%) / 5.조선·기계·설비(+20.2%),5,240,20260102,20260102,25.84,12.3,60.71,34.87
402340,402340,KOSPI,기타 금융업,기타 금융업,금융,392000,848.91,,326500,319500,363500,400000,7.7,29.0,25.4,0.0,,🔺 Watch (관찰·돌파예상),⑤ 하락 / 약세,27.07,141.98,19.19,68.7,101.12,0,0.0,0.0,0.07,0.0,0.74,1.0,0.68,71.9,67.6,23.69,352466,11.22,,7788.1597,0.4945,1.12,2.35,322450,1,34.77,0,0,0,1,False,24.44,39.5,94.54,O,▲,9,★,"주봉20선↑, 주봉추세우상향, HMA추세↑, MACD상승, 정배열(단), 장기추세(120↑), 자금유입, MACD>Sig, VWAP상회",2.5,7,228.6,341966,▲,O,X,0.11500000000000013,-1.5974999999999997,12.0,-0.3931034482758621,20.06125574272588,1,💪 매수세 장악(Power Buying). 💸 자금 유입 지속. 🚀 단기 모멘텀 가속. ⚠️ 단기 급등 조정 주의.,93.4,,33.4,65.8,52.6,78.7,🔥 과열,1.유통·소비재(+42.2%) / 2.철강·금속(+38.0%) / 3.자동차·모빌리티(+22.3%) / 4.IT/전기전자(+21.3%) / 5.조선·기계·설비(+20.2%),5,241,20260102,20260102,25.84,12.3,94.54,68.7
332570,332570,KOSDAQ,전자부품 제조업,전자부품 제조업,IT/전기전자,6940,181.64,,5520,5230,6310,7090,7.6,20.9,29.6,0.0,,🔺 Watch (관찰·돌파예상),③ 박스 / 중립,32.95,122.79,31.1,4.34,101.32,0,0.0,0.0,0.71,0.0,0.62,0.17,0.42,77.0,92.3,29.44,6048,14.73,,180.5561,0.5861,2.71,2.73,5234,1,38.85,0,0,0,1,False,40.2,40.49,16.64,O,▲,10,★,"주봉20선↑, 주봉추세우상향, HMA추세↑, MACD상승, 거래량↑, 정배열(단), 장기추세(120↑), 자금유입, MACD>Sig, VWAP상회",2.5,452,249.5,5860,▲,O,X,11.841621621621623,27.6472972972973,4.0,-0.3684210526315789,25.724637681159418,1,💪 매수세 장악(Power Buying). 💰 외국인/기관 수급 집중. 🚀 단기 모멘텀 가속. ⚠️ 단기 급등 조정 주의.,89.6,,32.2,65.8,52.6,78.7,🔥 과열,1.유통·소비재(+42.2%) / 2.철강·금속(+38.0%) / 3.자동차·모빌리티(+22.3%) / 4.IT/전기전자(+21.3%) / 5.조선·기계·설비(+20.2%),3,242,20260102,20260102,25.84,12.3,16.64,4.34
080220,080220,KOSDAQ,반도체 제조업,반도체 제조업,반도체,30650,1217.1,,20850,18740,27100,33350,7.6,22.6,28.7,0.0,,🔺 Watch (관찰·돌파예상),⑤ 하락 / 약세,60.3,100.85,58.45,57.13,79.38,0,0.0,0.0,0.34,0.0,0.77,1.0,0.2,91.1,97.7,51.53,26337,16.37,,1133.9357,0.8413,6.8,3.72,23782,1,60.56,0,0,0,1,False,56.38,67.12,69.43,O,▲,10,★,"주봉20선↑, 주봉추세우상향, HMA추세↑, MACD상승, 거래량↑, 정배열(단), 장기추세(120↑), 자금유입, MACD>Sig, VWAP상회",2.5,94,196.0,22695,▲,O,X,13.682500000000001,11.408125,8.0,-0.2980688497061293,47.00239808153477,1,💪 매수세 장악(Power Buying). 💰 외국인/기관 수급 집중. 🚀 단기 모멘텀 가속. ⚠️ 단기 급등 조정 주의.,89.6,,32.2,65.8,52.6,78.7,🔥 과열,1.유통·소비재(+42.2%) / 2.철강·금속(+38.0%) / 3.자동차·모빌리티(+22.3%) / 4.IT/전기전자(+21.3%) / 5.조선·기계·설비(+20.2%),5,243,20260102,20260102,25.84,12.3,69.43,57.13
053700,053700,KOSDAQ,자동차 신품 부품 제조업,자동차 신품 부품 제조업,자동차·모빌리티,6420,459.51,,4440,3995,5510,6580,7.5,23.3,28.1,0.0,,🔺 Watch (관찰·돌파예상),⑤ 하락 / 약세,61.71,49.3,59.86,51.27,27.83,0,0.0,0.0,0.36,0.0,0.72,0.66,0.41,95.0,99.5,48.92,5864,9.46,,262.5304,1.1349,2.76,3.24,5198,1,71.51,0,0,0,1,False,60.5,61.92,63.57,O,▲,10,★,"주봉20선↑, 주봉추세우상향, HMA추세↑, MACD상승, 거래량↑, 정배열(단), 장기추세(120↑), 자금유입, MACD>Sig, VWAP상회",2.5,449,199.4,4933,▲,O,X,17.62818181818182,25.464545454545455,3.0,-0.3752577319587629,44.5945945945946,1,💪 매수세 장악(Power Buying). 💰 외국인/기관 수급 집중. 🚀 단기 모멘텀 가속. ⚠️ 단기 급등 조정 주의.,89.6,,32.1,65.8,52.6,78.7,🔥 과열,1.유통·소비재(+42.2%) / 2.철강·금속(+38.0%) / 3.자동차·모빌리티(+22.3%) / 4.IT/전기전자(+21.3%) / 5.조선·기계·설비(+20.2%),5,244,20260102,20260102,25.84,12.3,63.57,51.27
347700,347700,KOSDAQ,소프트웨어 개발 및 공급업,소프트웨어 개발 및 공급업,IT/전기전자,19090,680.61,,11930,11520,15210,18490,7.1,26.7,25.7,0.0,,🔺 Watch (관찰·돌파예상),⑤ 하락 / 약세,132.52,92.05,130.67,70.91,70.58,0,0.0,0.0,0.24,0.0,0.66,1.0,0.47,88.0,78.7,64.87,15497,23.18,,575.2514,0.1562,2.37,2.34,11522,1,103.99,0,0,0,1,False,46.85,52.35,83.21,O,▲,10,★,"주봉20선↑, 주봉추세우상향, HMA추세↑, MACD상승, 거래량↑, 정배열(단), 장기추세(120↑), 자금유입, MACD>Sig, VWAP상회",2.5,209,249.3,15123,▲,O,X,11.841621621621623,27.6472972972973,4.0,-0.512549537648613,60.016764459346184,1,💪 매수세 장악(Power Buying). 💰 외국인/기관 수급 집중. 🚀 단기 모멘텀 가속. ⚠️ 단기 급등 조정 주의.,89.4,,31.8,65.8,52.6,78.7,🔥 과열,1.유통·소비재(+42.2%) / 2.철강·금속(+38.0%) / 3.자동차·모빌리티(+22.3%) / 4.IT/전기전자(+21.3%) / 5.조선·기계·설비(+20.2%),5,245,20260102,20260102,25.84,12.3,83.21,70.91
295310,295310,KOSDAQ,1차 비철금속 제조업,1차 비철금속 제조업,철강·금속,67100,210.18,,40200,36150,50900,61600,7.0,20.2,29.0,0.0,,🔺 Watch (관찰·돌파예상),⑤ 하락 / 약세,203.62,138.79,201.77,157.72,117.32,0,0.0,0.0,0.35,0.0,0.78,0.22,0.59,85.5,85.6,71.95,59232,13.28,,2843.4814,0.2289,1.67,2.8,43855,1,141.22,0,0,0,1,False,45.71,94.49,170.02,O,▲,10,★,"주봉20선↑, 주봉추세우상향, HMA추세↑, MACD상승, 거래량↑, 정배열(단), 장기추세(120↑), 자금유입, MACD>Sig, VWAP상회",2.5,49,197.0,59461,▲,O,X,13.106,54.63000000000001,2.0,-0.5234248788368336,66.91542288557214,1,💪 매수세 장악(Power Buying). 💰 외국인/기관 수급 집중. 🚀 단기 모멘텀 가속. ⚠️ 단기 급등 조정 주의.,89.6,,31.8,65.8,52.6,78.7,🔥 과열,1.유통·소비재(+42.2%) / 2.철강·금속(+38.0%) / 3.자동차·모빌리티(+22.3%) / 4.IT/전기전자(+21.3%) / 5.조선·기계·설비(+20.2%),5,246,20260102,20260102,25.84,12.3,170.02,157.72
001430,001430,KOSPI,1차 철강 제조업,1차 철강 제조업,철강·금속,55900,141.54,,42850,39000,52300,61800,6.9,15.4,26.2,0.0,,↩️ PULL (눌림),② 상승 후 조정,101.81,67.12,93.93,95.99,26.26,0,0.0,0.0,0.65,0.0,0.49,0.1,0.62,70.2,79.2,34.42,50874,9.88,,875.9732,-0.0831,1.46,2.49,39000,1,84.61,0,0,0,1,False,25.62,29.55,121.83,O,▲,10,★,"주봉20선↑, 주봉추세우상향, HMA추세↑, HMA돌파, 거래량↑, 정배열(단), 장기추세(120↑), 자금유입, MACD>Sig, VWAP상회",2.5,51,218.5,51817,▲,O,X,13.106,54.63000000000001,2.0,-0.21301775147928995,30.455075845974328,1,💪 매수세 장악(Power Buying). 💰 외국인/기관 수급 집중. ⚠️ 단기 급등 조정 주의.,91.2,,32.2,65.8,52.6,78.7,🔥 과열,1.유통·소비재(+42.2%) / 2.철강·금속(+38.0%) / 3.자동차·모빌리티(+22.3%) / 4.IT/전기전자(+21.3%) / 5.조선·기계·설비(+20.2%),2,247,20260102,20260102,25.84,12.3,121.83,95.99
189300,189300,KOSDAQ,통신 및 방송 장비 제조업,통신 및 방송 장비 제조업,IT/전기전자,68200,123.31,,53200,48750,63900,74600,5.5,16.5,28.3,0.0,,🔺 Watch (관찰·돌파예상),⑤ 하락 / 약세,59.91,45.42,58.06,32.34,23.95,0,0.0,0.0,0.81,0.0,0.51,0.07,0.4,81.1,83.2,32.0,60470,12.78,,1513.1314,0.0625,2.8,2.76,48770,1,50.18,0,0,0,1,False,22.66,41.35,44.64,O,▲,10,★,"주봉20선↑, 주봉추세우상향, HMA추세↑, MACD상승, 거래량↑, 정배열(단), 장기추세(120↑), 자금유입, MACD>Sig, VWAP상회",2.5,44,234.1,60759,▲,O,X,11.841621621621623,27.6472972972973,4.0,-0.2210796915167095,28.195488721804512,1,💪 매수세 장악(Power Buying). 💰 외국인/기관 수급 집중. 🚀 단기 모멘텀 가속. ⚠️ 단기 급등 조정 주의.,93.2,,31.8,65.8,52.6,78.7,🔥 과열,1.유통·소비재(+42.2%) / 2.철강·금속(+38.0%) / 3.자동차·모빌리티(+22.3%) / 4.IT/전기전자(+21.3%) / 5.조선·기계·설비(+20.2%),5,248,20260102,20260102,25.84,12.3,44.64,32.34
322180,322180,KOSDAQ,소프트웨어 개발 및 공급업,소프트웨어 개발 및 공급업,IT/전기전자,10060,176.68,,7800,7010,10140,12480,5.0,15.6,27.8,0.0,,🔺 Watch (관찰·돌파예상),⑤ 하락 / 약세,51.51,91.98,49.66,81.16,70.51,0,0.01,0.05,0.34,0.0,0.68,0.16,0.25,78.0,84.5,32.88,8551,17.65,,166.8003,0.1935,3.7,2.46,6525,1,37.18,0,0,0,1,False,31.85,38.19,93.46,O,▲,11,★,"주봉20선↑, 주봉추세우상향, HMA추세↑, HMA돌파, MACD상승, 거래량↑, 정배열(단), 장기추세(120↑), 자금유입, MACD>Sig, VWAP상회",2.5,253,197.3,8254,▲,O,X,11.841621621621623,27.6472972972973,4.0,0.02622950819672131,28.974358974358978,1,💪 매수세 장악(Power Buying). 💰 외국인/기관 수급 집중. 🚀 단기 모멘텀 가속. ⚠️ 단기 급등 조정 주의.,89.6,,30.4,65.8,52.6,78.7,🔥 과열,1.유통·소비재(+42.2%) / 2.철강·금속(+38.0%) / 3.자동차·모빌리티(+22.3%) / 4.IT/전기전자(+21.3%) / 5.조선·기계·설비(+20.2%),5,249,20260102,20260102,25.84,12.3,93.46,81.16
489500,489500,KOSDAQ,기타 화학제품 제조업,기타 화학제품 제조업,화학·소재,36100,110.09,,25400,22800,31500,37600,4.6,13.2,28.3,0.0,,🔺 Watch (관찰·돌파예상),⑤ 하락 / 약세,93.98,84.84,92.13,58.79,63.37,0,0.0,0.0,0.31,0.0,0.76,0.05,0.52,77.2,95.0,46.52,33000,9.39,,1418.1908,0.8764,2.02,2.3,26475,1,79.4,0,0,0,1,False,59.73,65.6,71.09,O,▲,10,★,"주봉20선↑, 주봉추세우상향, HMA추세↑, MACD상승, 거래량↑, 정배열(단), 장기추세(120↑), 자금유입, MACD>Sig, VWAP상회",2.5,76,193.0,30128,▲,O,X,8.761666666666667,11.79888888888889,9.0,-0.3458646616541353,42.125984251968504,1,💪 매수세 장악(Power Buying). 💰 외국인/기관 수급 집중. 🚀 단기 모멘텀 가속. ⚠️ 단기 급등 조정 주의.,89.6,,30.1,65.8,52.6,78.7,🔥 과열,1.유통·소비재(+42.2%) / 2.철강·금속(+38.0%) / 3.자동차·모빌리티(+22.3%) / 4.IT/전기전자(+21.3%) / 5.조선·기계·설비(+20.2%),5,250,20260102,20260102,25.84,12.3,71.09,58.79
043260,043260,KOSDAQ,전자부품 제조업,전자부품 제조업,IT/전기전자,10800,161.18,,6540,6410,8590,10630,3.9,15.5,25.9,0.0,,🔺 Watch (관찰·돌파예상),⑤ 하락 / 약세,278.28,829.43,276.43,930.17,807.96,0,0.0,0.0,0.06,0.0,0.77,0.14,0.57,79.3,80.9,69.96,9031,19.58,,340.9782,0.1436,0.4,1.99,6495,1,140.58,0,0,0,1,False,33.17,87.83,942.47,O,▲,9,★,"주봉20선↑, 주봉추세우상향, HMA추세↑, MACD상승, 정배열(단), 장기추세(120↑), 자금유입, MACD>Sig, VWAP상회",2.5,382,249.8,9415,▲,O,X,11.841621621621623,27.6472972972973,4.0,-0.5034168564920274,65.13761467889908,1,💪 매수세 장악(Power Buying). 💰 외국인/기관 수급 집중. 🚀 단기 모멘텀 가속. ⚠️ 단기 급등 조정 주의.,93.8,,30.9,65.8,52.6,78.7,🔥 과열,1.유통·소비재(+42.2%) / 2.철강·금속(+38.0%) / 3.자동차·모빌리티(+22.3%) / 4.IT/전기전자(+21.3%) / 5.조선·기계·설비(+20.2%),5,251,20260102,20260102,25.84,12.3,942.47,930.17
394280,394280,KOSDAQ,소프트웨어 개발 및 공급업,소프트웨어 개발 및 공급업,IT/전기전자,15560,79.31,,12920,11950,15830,18730,3.7,17.9,22.9,0.0,,🔺 Watch (관찰·돌파예상),① 강한 상승 추세,27.33,11.3,25.48,19.01,-10.17,0,0.03,0.1,0.97,0.0,0.57,0.0,0.31,69.4,75.8,24.0,14310,8.73,,396.1019,0.578,3.11,1.88,11959,1,39.5,0,0,0,1,False,28.6,34.37,31.31,O,▲,10,★,"주봉20선↑, 주봉추세우상향, HMA추세↑, MACD상승, 거래량↑, 정배열(단), 장기추세(120↑), 자금유입, MACD>Sig, VWAP상회",2.5,193,249.4,13615,▲,O,X,11.841621621621623,27.6472972972973,4.0,0.07479224376731301,20.43343653250774,1,💪 매수세 장악(Power Buying). 💰 외국인/기관 수급 집중. 🚀 단기 모멘텀 가속. ⚠️ 단기 급등 조정 주의.,89.6,,29.5,65.8,52.6,78.7,🔥 과열,1.유통·소비재(+42.2%) / 2.철강·금속(+38.0%) / 3.자동차·모빌리티(+22.3%) / 4.IT/전기전자(+21.3%) / 5.조선·기계·설비(+20.2%),1,252,20260102,20260102,25.84,12.3,31.31,19.01
123690,123690,KOSPI,생활용품 도매업,생활용품 도매업,기타,12200,239.1,,10190,9980,10870,11540,3.3,10.4,19.7,0.0,,🔺 Watch (관찰·돌파예상),④ 바닥 반등 시도,20.2,38.79,12.32,-12.88,-2.07,0,0.0,0.0,0.07,0.0,0.45,0.27,0.19,78.3,95.4,23.36,11728,4.02,,200.6459,0.3575,17.03,2.28,10024,1,23.82,0,0,0,1,False,25.51,26.16,12.96,O,▲,9,★,"주봉20선↑, 주봉추세우상향, HMA추세↑, MACD상승, 거래량↑, 장기추세(120↑), 자금유입, MACD>Sig, VWAP상회",2.5,245,249.7,9927,▲,O,X,8.306388888888888,16.64,7.0,-0.5990990990990991,19.7252208047105,1,💪 매수세 장악(Power Buying). 💰 외국인/기관 수급 집중. 🚀 단기 모멘텀 가속. ⚠️ 단기 급등 조정 주의.,89.6,,29.2,65.8,52.6,78.7,🔥 과열,1.유통·소비재(+42.2%) / 2.철강·금속(+38.0%) / 3.자동차·모빌리티(+22.3%) / 4.IT/전기전자(+21.3%) / 5.조선·기계·설비(+20.2%),4,253,20260102,20260102,25.84,12.3,12.96,-12.88
321370,321370,KOSDAQ,전자부품 제조업,전자부품 제조업,IT/전기전자,1452,135.99,,1135,1021,1476,1817,2.0,9.4,25.7,0.0,,🔺 Watch (관찰·돌파예상),④ 바닥 반등 시도,53.81,1.61,51.96,-8.14,-19.86,0,0.02,0.1,0.36,0.0,0.52,0.09,0.12,75.0,89.2,31.72,1367,6.2,,43.8168,0.2904,3.89,1.19,951,1,45.1,0,0,0,1,False,30.46,44.62,4.16,O,▲,9,★,"주봉20선↑, 주봉추세우상향, HMA추세↑, MACD상승, 거래량↑, 장기추세(120↑), 자금유입, MACD>Sig, VWAP상회",2.5,1754,199.1,1257,▲,O,X,11.841621621621623,27.6472972972973,4.0,0.05568445475638051,27.929515418502206,1,💰 외국인/기관 수급 집중. 🚀 단기 모멘텀 가속. ⚠️ 단기 급등 조정 주의.,89.6,,28.3,65.8,52.6,78.7,🔥 과열,1.유통·소비재(+42.2%) / 2.철강·금속(+38.0%) / 3.자동차·모빌리티(+22.3%) / 4.IT/전기전자(+21.3%) / 5.조선·기계·설비(+20.2%),4,254,20260102,20260102,25.84,12.3,4.16,-8.14
250060,250060,KOSDAQ,"컴퓨터 프로그래밍, 시스템 통합 및 관리업","컴퓨터 프로그래밍, 시스템 통합 및 관리업",IT/전기전자,3845,70.22,,3175,2860,3800,4425,2.0,17.2,16.2,0.0,,🔺 Watch (관찰·돌파예상),⑤ 하락 / 약세,41.36,44.82,39.51,35.3,23.35,0,0.0,0.0,0.39,0.0,0.61,0.0,0.66,74.8,88.7,24.71,3590,7.1,,83.2472,0.4031,1.1,2.1,2864,1,46.04,0,0,0,1,False,23.24,29.24,47.6,O,▲,9,★,"주봉20선↑, 주봉추세우상향, HMA추세↑, MACD상승, 정배열(단), 장기추세(120↑), 자금유입, MACD>Sig, VWAP상회",2.5,634,201.3,3522,▲,O,X,11.841621621621623,27.6472972972973,4.0,-0.04568527918781726,21.102362204724407,1,💪 매수세 장악(Power Buying). 💰 외국인/기관 수급 집중. 🚀 단기 모멘텀 가속. ⚠️ 단기 급등 조정 주의.,90.9,,28.7,65.8,52.6,78.7,🔥 과열,1.유통·소비재(+42.2%) / 2.철강·금속(+38.0%) / 3.자동차·모빌리티(+22.3%) / 4.IT/전기전자(+21.3%) / 5.조선·기계·설비(+20.2%),5,255,20260102,20260102,25.84,12.3,47.6,35.3
451760,451760,KOSDAQ,"컴퓨터 프로그래밍, 시스템 통합 및 관리업","컴퓨터 프로그래밍, 시스템 통합 및 관리업",IT/전기전자,11810,61.77,,9670,8700,11610,13540,1.4,8.0,10.1,0.0,,↩️ PULL (눌림),② 상승 후 조정,51.41,29.21,49.56,26.48,7.74,0,0.0,0.0,0.36,0.0,0.33,0.0,0.46,77.6,72.5,25.79,11419,3.42,,281.1821,-0.1644,1.9,1.27,8665,1,63.73,0,0,0,1,False,11.31,32.85,38.78,O,▲,10,★,"주봉20선↑, 주봉추세우상향, HMA추세↑, HMA돌파, 거래량↑, 정배열(단), 장기추세(120↑), 자금유입, MACD>Sig, VWAP상회",2.5,206,199.2,11714,▲,O,X,11.841621621621623,27.6472972972973,4.0,-0.06430868167202572,22.13029989658738,1,💰 외국인/기관 수급 집중. ⚠️ 단기 급등 조정 주의.,91.9,,28.6,65.8,52.6,78.7,🔥 과열,1.유통·소비재(+42.2%) / 2.철강·금속(+38.0%) / 3.자동차·모빌리티(+22.3%) / 4.IT/전기전자(+21.3%) / 5.조선·기계·설비(+20.2%),2,256,20260102,20260102,25.84,12.3,38.78,26.48
099320,099320,KOSDAQ,"항공기,우주선 및 부품 제조업","항공기,우주선 및 부품 제조업",기타,89100,489.92,,60400,59200,69800,79100,1.1,12.3,22.6,0.0,,🔺 Watch (관찰·돌파예상),⑤ 하락 / 약세,87.97,97.56,86.12,17.02,76.09,0,0.0,0.0,0.06,0.0,0.6,0.72,0.2,85.5,76.8,51.87,75855,17.46,,2727.2347,0.2513,5.09,3.67,59300,1,65.68,0,0,0,1,False,44.64,57.7,29.32,O,▲,10,★,"주봉20선↑, 주봉추세우상향, HMA추세↑, MACD상승, 거래량↑, 정배열(단), 장기추세(120↑), 자금유입, MACD>Sig, VWAP상회",2.5,41,247.6,69588,▲,O,X,8.306388888888888,16.64,7.0,-0.6454849498327759,47.51655629139073,1,💪 매수세 장악(Power Buying). 💰 외국인/기관 수급 집중. 🚀 단기 모멘텀 가속. ⚠️ 단기 급등 조정 주의.,89.6,,27.7,65.8,52.6,78.7,🔥 과열,1.유통·소비재(+42.2%) / 2.철강·금속(+38.0%) / 3.자동차·모빌리티(+22.3%) / 4.IT/전기전자(+21.3%) / 5.조선·기계·설비(+20.2%),5,257,20260102,20260102,25.84,12.3,29.32,17.02
002230,002230,KOSDAQ,"측정, 시험, 항해, 제어 및 기타 정밀기기 제조업; 광학기기 제외","측정, 시험, 항해, 제어 및 기타 정밀기기 제조업; 광학기기 제외",기타,11050,52.73,,6890,6200,8360,9820,1.1,14.4,21.4,0.0,,🔺 Watch (관찰·돌파예상),⑤ 하락 / 약세,172.17,165.62,170.32,150.8,144.16,0,0.0,0.0,0.36,0.0,0.89,0.0,0.65,86.9,83.9,65.22,9043,22.19,,425.8492,0.5661,1.28,3.14,7508,1,114.89,0,0,0,1,False,56.96,62.26,163.1,O,▲,10,★,"주봉20선↑, 주봉추세우상향, HMA추세↑, MACD상승, 거래량↑, 정배열(단), 장기추세(120↑), 자금유입, MACD>Sig, VWAP상회",2.5,289,199.1,9051,▲,O,X,8.306388888888888,16.64,7.0,-0.554639175257732,60.37735849056604,1,💪 매수세 장악(Power Buying). 💰 외국인/기관 수급 집중. 🚀 단기 모멘텀 가속. ⚠️ 단기 급등 조정 주의.,89.6,,27.7,65.8,52.6,78.7,🔥 과열,1.유통·소비재(+42.2%) / 2.철강·금속(+38.0%) / 3.자동차·모빌리티(+22.3%) / 4.IT/전기전자(+21.3%) / 5.조선·기계·설비(+20.2%),5,258,20260102,20260102,25.84,12.3,163.1,150.8
473980,473980,KOSDAQ,창작 및 예술관련 서비스업,창작 및 예술관련 서비스업,서비스 기타,29400,72.58,,23950,22950,26800,29650,1.1,3.8,11.4,0.0,,🔺 Watch (관찰·돌파예상),④ 바닥 반등 시도,34.25,-13.15,32.4,-19.56,-34.62,0,0.0,0.0,0.41,0.0,0.36,0.0,0.22,84.7,90.7,26.49,27572,6.63,,856.7434,0.0511,3.24,1.15,22995,1,48.63,0,0,0,1,False,10.73,34.25,-7.26,O,▼,9,★,"주봉20선↑, HMA추세↑, MACD상승, 거래량↑, 장기추세(120↑), 자금유입, MACD>Sig, VWAP상회",2.5,104,249.1,27443,▲,O,X,1.9793333333333332,0.18066666666666648,11.0,-0.40310077519379844,22.755741127348646,1,💰 외국인/기관 수급 집중. 🚀 단기 모멘텀 가속. ⚠️ 단기 급등 조정 주의.,89.2,,27.5,65.8,52.6,78.7,🔥 과열,1.유통·소비재(+42.2%) / 2.철강·금속(+38.0%) / 3.자동차·모빌리티(+22.3%) / 4.IT/전기전자(+21.3%) / 5.조선·기계·설비(+20.2%),4,259,20260102,20260102,25.84,12.3,-7.26,-19.56
095610,095610,KOSDAQ,특수 목적용 기계 제조업,특수 목적용 기계 제조업,조선·기계·설비,53200,198.73,,41750,40450,46250,50700,0.9,9.5,23.7,0.0,,🔺 Watch (관찰·돌파예상),⑤ 하락 / 약세,30.39,98.51,28.54,10.85,77.04,0,0.0,0.0,0.19,0.0,0.59,0.2,0.22,82.6,80.8,31.28,46892,13.45,,1411.6138,0.3727,3.89,2.88,40495,1,37.41,0,0,0,1,False,28.04,45.75,23.15,O,▲,9,★,"주봉20선↑, 주봉추세우상향, HMA추세↑, MACD상승, 거래량↑, 장기추세(120↑), 자금유입, MACD>Sig, VWAP상회",2.5,59,246.3,44682,▲,O,X,10.054883720930233,26.984186046511628,5.0,-0.5450980392156862,27.4251497005988,1,💪 매수세 장악(Power Buying). 💰 외국인/기관 수급 집중. 🚀 단기 모멘텀 가속. ⚠️ 단기 급등 조정 주의.,89.6,,27.5,65.8,52.6,78.7,🔥 과열,1.유통·소비재(+42.2%) / 2.철강·금속(+38.0%) / 3.자동차·모빌리티(+22.3%) / 4.IT/전기전자(+21.3%) / 5.조선·기계·설비(+20.2%),5,260,20260102,20260102,25.84,12.3,23.15,10.85
014190,014190,KOSDAQ,기타 전문 도매업,기타 전문 도매업,기타,2100,348.58,,1623,1585,1773,1923,0.8,11.5,22.5,0.0,,🔺 Watch (관찰·돌파예상),⑤ 하락 / 약세,40.56,39.26,38.71,28.26,17.79,0,0.0,0.0,0.09,0.0,0.58,0.47,0.2,91.5,97.1,33.26,1907,10.07,,35.8753,0.3208,15.09,4.51,1585,1,32.32,0,0,0,1,False,34.62,37.8,40.56,O,▲,10,★,"주봉20선↑, 주봉추세우상향, HMA추세↑, MACD상승, 거래량↑, 정배열(단), 장기추세(120↑), 자금유입, MACD>Sig, VWAP상회",2.5,1540,249.9,1648,▲,O,X,8.306388888888888,16.64,7.0,-0.6349514563106796,29.390018484288355,1,💪 매수세 장악(Power Buying). 💰 외국인/기관 수급 집중. 🚀 단기 모멘텀 가속. ⚠️ 단기 급등 조정 주의.,89.6,,27.4,65.8,52.6,78.7,🔥 과열,1.유통·소비재(+42.2%) / 2.철강·금속(+38.0%) / 3.자동차·모빌리티(+22.3%) / 4.IT/전기전자(+21.3%) / 5.조선·기계·설비(+20.2%),5,261,20260102,20260102,25.84,12.3,40.56,28.26
274090,274090,KOSDAQ,"항공기,우주선 및 부품 제조업","항공기,우주선 및 부품 제조업",기타,18710,401.09,,13260,11930,17250,21250,0.0,6.0,22.6,0.0,,↩️ PULL (눌림),② 상승 후 조정,89.95,57.36,88.1,61.1,35.89,0,0.0,0.0,0.36,0.0,0.45,0.56,0.24,80.7,94.5,45.31,17936,4.31,장악형,766.875,-0.0901,3.73,2.58,11764,1,107.26,0,0,0,1,False,25.91,75.19,73.4,O,▲,10,★,"주봉20선↑, 주봉추세우상향, HMA추세↑, 거래량↑, 정배열(단), 장기추세(120↑), 자금유입, MACD>Sig, VWAP상회, 패턴(장악형)",2.5,150,198.9,18387,▲,O,X,8.306388888888888,16.64,7.0,-0.2153392330383481,41.101055806938156,1,💪 매수세 장악(Power Buying). 💰 외국인/기관 수급 집중. ⚠️ 단기 급등 조정 주의.,91.2,,27.4,65.8,52.6,78.7,🔥 과열,1.유통·소비재(+42.2%) / 2.철강·금속(+38.0%) / 3.자동차·모빌리티(+22.3%) / 4.IT/전기전자(+21.3%) / 5.조선·기계·설비(+20.2%),2,262,20260102,20260102,25.84,12.3,73.4,61.1
368770,368770,KOSDAQ,"측정, 시험, 항해, 제어 및 기타 정밀기기 제조업; 광학기기 제외","측정, 시험, 항해, 제어 및 기타 정밀기기 제조업; 광학기기 제외",기타,12800,71.49,,9460,8890,11170,12870,0.0,9.1,22.4,0.0,,🔺 Watch (관찰·돌파예상),⑤ 하락 / 약세,87.68,112.27,85.83,103.19,90.8,0,0.0,0.0,0.9,0.0,0.67,0.0,0.2,76.4,77.9,39.43,11446,11.82,장악형,243.6754,0.0327,4.63,2.39,8895,1,68.35,0,0,0,1,False,26.98,44.63,115.49,O,▲,12,★,"주봉20선↑, 주봉추세우상향, HMA추세↑, HMA돌파, MACD상승, 거래량↑, 정배열(단), 장기추세(120↑), 자금유입, MACD>Sig, VWAP상회, 패턴(장악형)",2.5,264,249.7,11274,▲,O,X,8.306388888888888,16.64,7.0,-0.41687979539641945,35.30655391120507,1,💪 매수세 장악(Power Buying). 💰 외국인/기관 수급 집중. 🚀 단기 모멘텀 가속. ⚠️ 단기 급등 조정 주의.,88.3,,26.5,65.8,52.6,78.7,🔥 과열,1.유통·소비재(+42.2%) / 2.철강·금속(+38.0%) / 3.자동차·모빌리티(+22.3%) / 4.IT/전기전자(+21.3%) / 5.조선·기계·설비(+20.2%),5,263,20260102,20260102,25.84,12.3,115.49,103.19
419080,419080,KOSDAQ,특수 목적용 기계 제조업,특수 목적용 기계 제조업,조선·기계·설비,9060,127.63,,7160,6440,9020,10870,0.0,7.9,20.7,0.0,,↩️ PULL (눌림),② 상승 후 조정,88.75,29.24,86.9,24.97,7.77,0,0.0,0.0,0.35,0.0,0.36,0.08,0.51,66.8,92.1,30.26,8287,9.32,,170.6457,-0.1533,1.93,1.91,5852,1,71.43,0,0,0,1,False,24.97,43.13,37.27,O,▲,10,★,"주봉20선↑, 주봉추세우상향, HMA추세↑, HMA돌파, 거래량↑, 정배열(단), 장기추세(120↑), 자금유입, MACD>Sig, VWAP상회",2.5,277,198.3,8504,▲,O,X,10.054883720930233,26.984186046511628,5.0,-0.015267175572519083,26.536312849162012,1,💪 매수세 장악(Power Buying). 💰 외국인/기관 수급 집중. ⚠️ 단기 급등 조정 주의.,91.2,,27.4,65.8,52.6,78.7,🔥 과열,1.유통·소비재(+42.2%) / 2.철강·금속(+38.0%) / 3.자동차·모빌리티(+22.3%) / 4.IT/전기전자(+21.3%) / 5.조선·기계·설비(+20.2%),2,264,20260102,20260102,25.84,12.3,37.27,24.97
003310,003310,KOSDAQ,동물용 사료 및 조제식품 제조업,동물용 사료 및 조제식품 제조업,유통·소비재,3365,55.74,,2295,2065,2805,3310,0.0,11.5,18.7,0.0,,🔺 Watch (관찰·돌파예상),⑤ 하락 / 약세,121.53,85.2,119.68,96.45,63.73,0,0.0,0.0,0.36,0.0,0.75,0.0,0.5,96.9,97.3,50.9,3102,8.48,,133.6716,0.2444,0.3,1.44,2307,1,118.46,0,0,0,1,False,26.74,50.56,108.75,O,▲,9,★,"주봉20선↑, 주봉추세우상향, HMA추세↑, MACD상승, 정배열(단), 장기추세(120↑), 자금유입, MACD>Sig, VWAP상회",2.5,869,199.4,3224,▲,O,X,36.396,46.122,1.0,-0.4307692307692308,46.62309368191721,1,💰 외국인/기관 수급 집중. 🚀 단기 모멘텀 가속. ⚠️ 단기 급등 조정 주의.,94.0,,28.2,65.8,52.6,78.7,🔥 과열,1.유통·소비재(+42.2%) / 2.철강·금속(+38.0%) / 3.자동차·모빌리티(+22.3%) / 4.IT/전기전자(+21.3%) / 5.조선·기계·설비(+20.2%),5,265,20260102,20260102,25.84,12.3,108.75,96.45
314130,314130,KOSDAQ,기초 의약물질 제조업,기초 의약물질 제조업,기타,7700,53.41,,6000,5400,7510,9010,0.0,12.7,18.1,0.0,,🔺 Watch (관찰·돌파예상),⑤ 하락 / 약세,104.79,165.06,102.94,172.36,143.59,0,0.0,0.0,0.37,0.0,0.72,0.0,0.57,72.0,79.2,32.14,6628,16.17,,91.6355,0.0863,0.64,1.6,5059,1,64.45,0,0,0,1,False,20.88,38.49,184.66,O,▲,9,★,"주봉20선↑, 주봉추세우상향, HMA추세↑, MACD상승, 정배열(단), 장기추세(120↑), 자금유입, MACD>Sig, VWAP상회",2.5,333,199.8,6994,▲,O,X,8.306388888888888,16.64,7.0,-0.08260869565217391,28.333333333333332,1,💪 매수세 장악(Power Buying). 💰 외국인/기관 수급 집중. 🚀 단기 모멘텀 가속. ⚠️ 단기 급등 조정 주의.,94.9,,28.5,65.8,52.6,78.7,🔥 과열,1.유통·소비재(+42.2%) / 2.철강·금속(+38.0%) / 3.자동차·모빌리티(+22.3%) / 4.IT/전기전자(+21.3%) / 5.조선·기계·설비(+20.2%),5,266,20260102,20260102,25.84,12.3,184.66,172.36
074430,074430,KOSDAQ,기초 의약물질 제조업,기초 의약물질 제조업,기타,1438,73.63,,995,895,1294,1592,0.0,6.0,16.9,0.0,,🔺 Watch (관찰·돌파예상),⑤ 하락 / 약세,54.46,36.3,52.61,32.22,14.83,0,0.0,0.0,0.36,0.0,0.67,0.0,0.2,92.6,98.7,48.88,1306,10.08,,42.9361,0.7378,12.42,3.38,1186,1,52.47,0,0,0,1,False,56.13,56.47,44.52,O,▲,10,★,"주봉20선↑, 주봉추세우상향, HMA추세↑, MACD상승, 거래량↑, 정배열(단), 장기추세(120↑), 자금유입, MACD>Sig, VWAP상회",2.5,2000,199.0,1017,▲,O,X,8.306388888888888,16.64,7.0,-0.26519337016574585,44.52261306532663,1,💪 매수세 장악(Power Buying). 💰 외국인/기관 수급 집중. 🚀 단기 모멘텀 가속. ⚠️ 단기 급등 조정 주의.,89.6,,26.9,65.8,52.6,78.7,🔥 과열,1.유통·소비재(+42.2%) / 2.철강·금속(+38.0%) / 3.자동차·모빌리티(+22.3%) / 4.IT/전기전자(+21.3%) / 5.조선·기계·설비(+20.2%),5,267,20260102,20260102,25.84,12.3,44.52,32.22
014910,014910,KOSPI,전자부품 제조업,전자부품 제조업,IT/전기전자,1690,67.41,,1208,1087,1571,1933,0.0,8.0,16.2,0.0,,🔺 Watch (관찰·돌파예상),⑤ 하락 / 약세,57.36,38.3,49.48,20.86,-2.56,0,0.0,0.0,0.36,0.0,0.63,0.0,0.13,87.0,97.7,44.11,1607,5.16,,51.724,0.7507,12.27,1.51,1433,1,51.87,0,0,0,1,False,51.71,54.34,46.7,O,▲,10,★,"주봉20선↑, 주봉추세우상향, HMA추세↑, MACD상승, 거래량↑, 정배열(단), 장기추세(120↑), 자금유입, MACD>Sig, VWAP상회",2.5,1652,199.6,1263,▲,O,X,11.841621621621623,27.6472972972973,4.0,-0.19734660033167495,39.900662251655625,1,💪 매수세 장악(Power Buying). 💰 외국인/기관 수급 집중. 🚀 단기 모멘텀 가속. ⚠️ 단기 급등 조정 주의.,89.6,,26.9,65.8,52.6,78.7,🔥 과열,1.유통·소비재(+42.2%) / 2.철강·금속(+38.0%) / 3.자동차·모빌리티(+22.3%) / 4.IT/전기전자(+21.3%) / 5.조선·기계·설비(+20.2%),5,268,20260102,20260102,25.84,12.3,46.7,20.86
012610,012610,KOSPI,기초 화학물질 제조업,기초 화학물질 제조업,화학·소재,5010,52.12,,3990,3865,4770,5550,0.0,8.2,15.0,0.0,,🔺 Watch (관찰·돌파예상),⑤ 하락 / 약세,58.54,51.36,50.66,46.62,10.5,0,0.0,0.0,0.19,0.0,0.65,0.0,0.55,76.7,68.3,29.33,4777,4.86,,135.4601,0.3517,0.3,1.96,3867,1,66.44,0,0,0,1,False,20.14,41.13,72.46,O,▲,9,★,"주봉20선↑, 주봉추세우상향, HMA추세↑, MACD상승, 정배열(단), 장기추세(120↑), 자금유입, MACD>Sig, VWAP상회",2.5,626,249.8,4779,▲,O,X,8.761666666666667,11.79888888888889,9.0,-0.2096069868995633,25.563909774436087,1,💪 매수세 장악(Power Buying). 💸 자금 유입 지속. 🚀 단기 모멘텀 가속. ⚠️ 단기 급등 조정 주의.,95.7,,28.7,65.8,52.6,78.7,🔥 과열,1.유통·소비재(+42.2%) / 2.철강·금속(+38.0%) / 3.자동차·모빌리티(+22.3%) / 4.IT/전기전자(+21.3%) / 5.조선·기계·설비(+20.2%),5,269,20260102,20260102,25.84,12.3,72.46,46.62
