종목코드,종목명,시장,업종,업종_상세,업종_대분류,종가,거래대금(억원),시가총액(억원),상태,IS_ACTIVE,IS_NOW_ENTRY,IS_WATCH,추천매수가,손절가,추천매도가1,추천매도가2,FINAL_SCORE,TRIGGER_SCORE,TOTAL_SCORE,RANK_SCORE,LDY_SCORE,ENTRY_SCORE,ML_SCORE,NEWS_SCORE,NEWS_REASON,TRIGGER,ROUTE,REGIME,ret_20d_%,ret_120d_%,rel_20d_%,rel_60d_%,rel_120d_%,TTM_SQUEEZE_CNT,NORM_RR,NORM_T1,NORM_SL,NORM_NEAR,NORM_MOM,NORM_LIQ,NORM_TEC,RSI14,MFI14,이격도,BB_BW,TTM_SQUEEZE,BB_SQUEEZE_BW,ret_1d_%,ret_5d_%,ret_10d_%,ret_60d_%,Low_Trend_PCT,RSI_Rising,BB_Expanding,Vol_Quality,Range_Pos,Above_MA20,SUPERTREND_DIR,SUPERTREND_VAL,VWAP,VWAP_GAP,MACD_Slope_PCT,거래강도,V_POWER,IS_SWING_SUPPORT,주봉20선_상회,주봉추세,HMA20,HMA_Trend,HMA_On,OBV_Div,SECTOR_RET_5D,SECTOR_RS,SECTOR_RANK,EBS,ENG_SCORE,MOM_SCORE,RR1,Now%,AI_COMMENT,켈리_수량,켈리_금액(원),추천수량,추천금액(만원),MKT_BREADTH_ALL_%,MKT_BREADTH_KOSPI_%,MKT_BREADTH_KOSDAQ_%,MKT_TEMP,TOP_SECTORS_5D,REGIME_RANK,LDY_RANK,기준일,시총기준일,벤치_60d_KOSPI_%,벤치_60d_KOSDAQ_%,60일_종목수익률_%,60일_초과수익(α)_%
006400,삼성SDI,KOSPI,일차전지 및 이차전지 제조업,일차전지 및 이차전지 제조업,2차전지,314000,4374.44,0.0,ATTACK,True,True,False,314000,288500,364500,400950.00000000006,71.8,100.0,64.7,65.9,65.9,67.2,61.900001525878906,0.0,특이사항 없음,🚀급등시동,ATTACK,④ 바닥 반등 시도,6.44,72.62,-14.47,-6.67,17.9,0,0.99,0.8,0.61,1.0,0.36,1.0,0.45,66.1,51.4,12.12,16.83,0,0,8.65,12.95,14.18,19.62,1.93,1,0,2.03,0.9,1,1,261750.0,296132,6.03,0.1764,2.44,1.64,False,O,▲,290595,▲,O,X,4.885714285714286,-17.97142857142857,15.0,6,50.1,35.9,1.9803921568627452,0.0,💪 매수세 장악(Power Buying). 🚀 단기 모멘텀 가속. ⚠️ 단기 급등 조정 주의.,2,838811,2.0,83.9,78.6,78.4,78.7,🔥 과열,1.자동차·모빌리티(+31.5%) / 2.조선·기계·설비(+26.4%) / 3.반도체(+18.9%) / 4.IT/전기전자(+15.1%) / 5.인프라·에너지(+12.3%),4,1,20260119,20260119,26.29,10.15,19.62,-6.67
010820,퍼스텍,KOSPI,무기 및 총포탄 제조업,무기 및 총포탄 제조업,기타,4435,435.23,0.0,ATTACK,True,True,False,4435,4020,5260,5786.000000000001,71.3,100.0,64.1,60.7,60.7,58.3,71.9000015258789,0.0,특이사항 없음,,ATTACK,④ 바닥 반등 시도,17.02,-5.84,-3.89,-31.73,-60.56,1,0.99,0.93,0.39,1.0,0.14,0.35,0.71,70.4,83.1,11.1,15.34,0,0,12.42,11.71,5.85,-5.44,3.23,1,1,1.52,0.79,1,1,3654.0,4241,4.57,0.0681,8.2,2.62,False,O,▲,4031,▲,O,X,7.377666666666667,14.425583333333332,7.0,6,63.7,14.3,1.9879518072289157,0.0,💪 매수세 장악(Power Buying). 💰 외국인/기관 수급 집중. 🚀 단기 모멘텀 가속. ⚠️ 단기 급등 조정 주의.,180,799030,180.0,79.9,78.6,78.4,78.7,🔥 과열,1.자동차·모빌리티(+31.5%) / 2.조선·기계·설비(+26.4%) / 3.반도체(+18.9%) / 4.IT/전기전자(+15.1%) / 5.인프라·에너지(+12.3%),4,2,20260119,20260119,26.29,10.15,-5.44,-31.73
192650,드림텍,KOSPI,전자부품 제조업,전자부품 제조업,IT/전기전자,7380,68.67,0.0,ARMED,True,False,False,7380,6930,8270,9097.0,70.9,100.0,63.6,60.5,60.5,57.6,70.9000015258789,0.0,특이사항 없음,,ARMED,④ 바닥 반등 시도,6.49,19.61,-14.42,-7.45,-35.11,5,0.99,0.6,0.94,1.0,0.18,0.06,0.85,59.6,73.8,4.5,7.46,1,1,2.5,5.73,3.36,18.84,0.29,1,1,1.23,0.83,1,1,6741.0,7175,2.85,0.118,3.29,1.82,False,O,▲,7047,▲,O,X,9.837341772151898,18.689113924050634,4.0,6,60.3,17.5,1.9777777777777779,0.0,🌪️ 5일 연속 응축 중! 폭발 임박. 💪 매수세 장악(Power Buying). 💰 외국인/기관 수급 집중. 🚀 단기 모멘텀 가속. ,102,754157,102.0,75.4,78.6,78.4,78.7,🔥 과열,1.자동차·모빌리티(+31.5%) / 2.조선·기계·설비(+26.4%) / 3.반도체(+18.9%) / 4.IT/전기전자(+15.1%) / 5.인프라·에너지(+12.3%),4,3,20260119,20260119,26.29,10.15,18.84,-7.45
373220,LG에너지솔루션,KOSPI,일차전지 및 이차전지 제조업,일차전지 및 이차전지 제조업,2차전지,398500,1605.05,0.0,WAIT,False,False,True,398500,370500,454000,499400.00000000006,70.1,77.3,68.3,66.3,66.3,64.1,73.0999984741211,0.0,특이사항 없음,🚀급등시동,WAIT,④ 바닥 반등 시도,-4.09,19.49,-25.0,-38.61,-35.23,0,0.99,0.7,0.81,1.0,0.27,1.0,0.56,57.4,52.9,4.71,11.6,0,0,1.92,5.15,7.27,-12.32,0.7,1,0,1.21,0.94,1,-1,402450.0,391376,1.82,0.1627,1.15,0.84,False,X,▲,387358,▲,O,X,4.885714285714286,-17.97142857142857,15.0,6,46.7,27.0,1.9821428571428572,0.0,🚀 단기 모멘텀 가속. ,2,1110855,2.0,111.1,78.6,78.4,78.7,🔥 과열,1.자동차·모빌리티(+31.5%) / 2.조선·기계·설비(+26.4%) / 3.반도체(+18.9%) / 4.IT/전기전자(+15.1%) / 5.인프라·에너지(+12.3%),4,4,20260119,20260119,26.29,10.15,-12.32,-38.61
079370,제우스,KOSDAQ,특수 목적용 기계 제조업,특수 목적용 기계 제조업,조선·기계·설비,15500,71.45,0.0,ATTACK,True,True,False,15500,14230,18030,19833.0,69.5,92.1,63.8,58.3,58.3,66.0,76.69999694824219,0.0,특이사항 없음,🚀급등시동,ATTACK,④ 바닥 반등 시도,14.81,24.8,8.52,-11.74,5.69,0,0.99,0.82,0.6,1.0,0.18,0.06,0.6,65.0,69.0,6.6,20.35,0,0,2.65,8.09,-0.32,-1.59,5.36,1,0,1.44,0.84,1,-1,16018.0,14843,4.43,0.1525,2.13,1.07,False,O,▲,14815,▲,O,X,17.209594594594595,32.596756756756754,2.0,5,55.9,18.0,1.9921259842519685,0.0,💸 자금 유입 지속. 🚀 단기 모멘텀 가속. ⚠️ 단기 급등 조정 주의.,50,779446,50.0,77.9,78.6,78.4,78.7,🔥 과열,1.자동차·모빌리티(+31.5%) / 2.조선·기계·설비(+26.4%) / 3.반도체(+18.9%) / 4.IT/전기전자(+15.1%) / 5.인프라·에너지(+12.3%),4,5,20260119,20260119,26.29,10.15,-1.59,-11.74
033530,SJG세종,KOSPI,자동차 신품 부품 제조업,자동차 신품 부품 제조업,자동차·모빌리티,11410,1080.52,0.0,OVERHEAT,False,False,False,11410,9630,14960,16456.0,68.5,86.0,64.1,55.2,55.2,53.1,85.0,0.0,특이사항 없음,,OVERHEAT,③ 박스 / 중립,24.97,146.97,4.06,1.34,92.25,0,0.99,1.0,0.0,1.0,0.57,0.87,0.6,50.2,67.0,12.29,29.9,0,0,12.52,21.38,14.79,27.63,4.69,0,0,2.48,0.68,1,-1,11891.0,11018,3.56,0.3474,4.63,1.57,False,O,▲,10051,▲,O,X,26.005714285714284,35.19914285714286,1.0,5,29.4,56.8,1.9943820224719102,0.0,💪 매수세 장악(Power Buying). 💸 자금 유입 지속. 🚀 단기 모멘텀 가속. ⚠️ 단기 급등 조정 주의.,70,803563,70.0,80.4,78.6,78.4,78.7,🔥 과열,1.자동차·모빌리티(+31.5%) / 2.조선·기계·설비(+26.4%) / 3.반도체(+18.9%) / 4.IT/전기전자(+15.1%) / 5.인프라·에너지(+12.3%),3,6,20260119,20260119,26.29,10.15,27.63,1.34
033160,엠케이전자,KOSDAQ,전자부품 제조업,전자부품 제조업,IT/전기전자,9180,575.17,0.0,ARMED,True,False,False,9180,8430,10670,11737.000000000002,68.4,90.0,63.0,56.8,56.8,48.7,77.4000015258789,0.0,특이사항 없음,,ARMED,⑤ 하락 / 약세,11.27,12.09,4.98,-18.62,-7.02,0,0.99,0.81,0.61,1.0,0.06,0.46,0.75,70.8,87.4,8.08,13.62,0,0,8.25,5.88,5.76,-8.47,2.86,1,1,3.92,0.51,1,1,8048.0,9190,-0.11,-0.0059,13.46,1.43,False,O,▲,8781,▲,O,X,9.837341772151898,18.689113924050634,4.0,5,43.7,6.1,1.9866666666666666,0.0,💰 외국인/기관 수급 집중. ⚠️ 단기 급등 조정 주의.,77,715436,77.0,71.5,78.6,78.4,78.7,🔥 과열,1.자동차·모빌리티(+31.5%) / 2.조선·기계·설비(+26.4%) / 3.반도체(+18.9%) / 4.IT/전기전자(+15.1%) / 5.인프라·에너지(+12.3%),5,7,20260119,20260119,26.29,10.15,-8.47,-18.62
281740,레이크머티리얼즈,KOSDAQ,기타 화학제품 제조업,기타 화학제품 제조업,화학·소재,16100,547.84,0.0,ATTACK,True,True,False,16100,14390,19510,21461.0,67.8,70.0,67.3,62.8,62.8,65.6,77.80000305175781,0.0,특이사항 없음,🚀급등시동,ATTACK,③ 박스 / 중립,11.03,22.99,4.74,-2.39,3.88,5,0.99,1.0,0.21,1.0,0.02,0.44,0.76,58.6,62.0,8.64,15.8,1,0,15.25,7.33,1.45,7.76,2.38,1,1,1.88,0.81,1,-1,16346.0,15147,6.29,0.0013,6.23,1.8,False,O,▲,14670,▲,O,X,7.139749999999999,-5.23775,11.0,6,63.0,1.7,1.9941520467836258,0.0,🌪️ 5일 연속 응축 중! 폭발 임박. 💪 매수세 장악(Power Buying). 💸 자금 유입 지속. ⚠️ 단기 급등 조정 주의.,64,1043636,64.0,104.4,78.6,78.4,78.7,🔥 과열,1.자동차·모빌리티(+31.5%) / 2.조선·기계·설비(+26.4%) / 3.반도체(+18.9%) / 4.IT/전기전자(+15.1%) / 5.인프라·에너지(+12.3%),3,8,20260119,20260119,26.29,10.15,7.76,-2.39
097520,엠씨넥스,KOSPI,영상 및 음향기기 제조업,영상 및 음향기기 제조업,기타,31550,52.78,0.0,WAIT,False,False,True,31550,29050,36500,40150.0,67.8,96.0,60.7,61.9,61.9,67.1,57.900001525878906,0.0,특이사항 없음,🚀급등시동,WAIT,⑤ 하락 / 약세,11.88,9.17,-9.03,-25.65,-45.55,0,0.99,0.78,0.65,1.0,0.12,0.04,0.64,57.1,48.8,7.12,14.27,0,0,4.64,5.87,11.09,0.64,3.64,1,1,1.66,0.96,1,1,27520.0,30567,3.21,-0.0363,1.73,2.35,False,O,▲,30594,▲,O,X,7.377666666666667,14.425583333333332,7.0,6,62.0,11.8,1.98,0.0,💪 매수세 장악(Power Buying). ⚠️ 단기 급등 조정 주의.,17,537525,17.0,53.8,78.6,78.4,78.7,🔥 과열,1.자동차·모빌리티(+31.5%) / 2.조선·기계·설비(+26.4%) / 3.반도체(+18.9%) / 4.IT/전기전자(+15.1%) / 5.인프라·에너지(+12.3%),5,9,20260119,20260119,26.29,10.15,0.64,-25.65
060280,큐렉소,KOSDAQ,기타 상품 전문 소매업,기타 상품 전문 소매업,유통·소비재,14360,231.45,0.0,ATTACK,True,True,False,14360,12870,17340,19074.0,66.7,82.5,62.7,57.6,57.6,56.6,74.5999984741211,0.0,특이사항 없음,,ATTACK,① 강한 상승 추세,16.75,61.35,10.46,14.29,42.24,0,1.0,1.0,0.24,1.0,0.44,0.19,0.45,60.4,79.6,8.93,19.23,0,0,4.21,9.87,8.71,24.44,2.7,0,1,1.62,0.92,1,1,12020.0,13878,3.47,0.2911,1.87,0.81,False,O,▲,13459,▲,O,X,8.767222222222223,-11.258888888888889,12.0,5,44.6,43.7,2.0,0.0,💰 외국인/기관 수급 집중. 🚀 단기 모멘텀 가속. ⚠️ 단기 급등 조정 주의.,48,702500,48.0,70.2,78.6,78.4,78.7,🔥 과열,1.자동차·모빌리티(+31.5%) / 2.조선·기계·설비(+26.4%) / 3.반도체(+18.9%) / 4.IT/전기전자(+15.1%) / 5.인프라·에너지(+12.3%),1,10,20260119,20260119,26.29,10.15,24.44,14.29
277810,레인보우로보틱스,KOSDAQ,특수 목적용 기계 제조업,특수 목적용 기계 제조업,조선·기계·설비,516000,2032.67,0.0,WAIT,False,False,True,516000,462000,624000,686400.0,66.6,76.6,64.1,66.7,66.7,55.1,57.900001525878906,0.0,,,WAIT,① 강한 상승 추세,15.44,91.47,9.15,42.06,72.36,0,1.0,1.0,0.22,1.0,0.62,1.0,0.49,59.9,60.1,9.39,20.21,0,0,4.67,16.22,8.29,52.21,1.39,0,0,1.2,0.85,1,1,426050.0,494926,4.26,0.4464,1.28,2.3,False,O,▲,473719,▲,O,X,17.209594594594595,32.596756756756754,2.0,6,32.1,61.6,2.0,0.0,💪 매수세 장악(Power Buying). 💸 자금 유입 지속. 🚀 단기 모멘텀 가속. ⚠️ 단기 급등 조정 주의.,1,807499,1.0,80.7,78.6,78.4,78.7,🔥 과열,1.자동차·모빌리티(+31.5%) / 2.조선·기계·설비(+26.4%) / 3.반도체(+18.9%) / 4.IT/전기전자(+15.1%) / 5.인프라·에너지(+12.3%),1,11,20260119,20260119,26.29,10.15,52.21,42.06
264850,이랜시스,KOSDAQ,전자부품 제조업,전자부품 제조업,IT/전기전자,7790,468.37,0.0,ATTACK,True,True,False,7790,6540,10290,11319.000000000002,66.3,85.8,61.4,50.3,50.3,59.6,87.4000015258789,0.0,,,ATTACK,① 강한 상승 추세,32.03,65.57,25.74,32.0,46.46,0,1.0,1.0,0.0,1.0,0.56,0.38,0.34,57.9,65.8,13.03,26.66,0,0,8.8,19.11,13.23,42.15,10.92,0,0,2.4,0.84,1,1,6054.0,7307,6.6,0.3549,1.66,1.48,False,O,▲,6895,▲,O,X,9.837341772151898,18.689113924050634,4.0,5,46.1,56.0,2.0,0.0,💸 자금 유입 지속. 🚀 단기 모멘텀 가속. ⚠️ 단기 급등 조정 주의.,77,605000,77.0,60.5,78.6,78.4,78.7,🔥 과열,1.자동차·모빌리티(+31.5%) / 2.조선·기계·설비(+26.4%) / 3.반도체(+18.9%) / 4.IT/전기전자(+15.1%) / 5.인프라·에너지(+12.3%),1,12,20260119,20260119,26.29,10.15,42.15,32.0
083650,비에이치아이,KOSDAQ,일반 목적용 기계 제조업,일반 목적용 기계 제조업,조선·기계·설비,61200,808.88,0.0,ATTACK,True,True,False,61200,55400,72800,80080.0,66.0,63.6,66.6,65.3,65.3,68.8,69.5,0.0,,🚀급등시동,ATTACK,① 강한 상승 추세,10.67,70.71,4.38,15.39,51.6,3,1.0,0.95,0.37,1.0,0.36,0.65,0.27,69.6,64.4,10.56,17.43,0,0,3.03,9.09,7.56,25.54,3.94,1,0,1.51,0.83,1,1,52550.0,58640,4.36,0.2407,1.37,0.13,False,O,▲,57340,▲,O,X,17.209594594594595,32.596756756756754,2.0,6,53.7,36.5,2.0,0.0,📉 매도세 우위. 💸 자금 유입 지속. 🚀 단기 모멘텀 가속. ⚠️ 단기 급등 조정 주의.,16,994999,16.0,99.5,78.6,78.4,78.7,🔥 과열,1.자동차·모빌리티(+31.5%) / 2.조선·기계·설비(+26.4%) / 3.반도체(+18.9%) / 4.IT/전기전자(+15.1%) / 5.인프라·에너지(+12.3%),1,13,20260119,20260119,26.29,10.15,25.54,15.39
450080,에코프로머티,KOSPI,일차전지 및 이차전지 제조업,일차전지 및 이차전지 제조업,2차전지,56700,166.26,0.0,ATTACK,True,True,False,56700,51500,67100,73810.0,66.0,87.0,60.8,60.0,60.0,65.8,62.79999923706055,0.0,,🚀급등시동,ATTACK,④ 바닥 반등 시도,-5.18,8.62,-26.09,-44.71,-46.1,0,1.0,0.92,0.42,1.0,0.29,0.13,0.6,52.5,50.3,4.07,14.2,0,0,4.42,7.18,4.81,-18.42,1.8,1,0,1.55,0.8,1,-1,58460.0,55169,2.77,0.2039,1.27,1.1,False,O,▲,54217,▲,O,X,4.885714285714286,-17.97142857142857,15.0,5,49.9,29.2,2.0,0.0,🚀 단기 모멘텀 가속. ,9,559999,9.0,56.0,78.6,78.4,78.7,🔥 과열,1.자동차·모빌리티(+31.5%) / 2.조선·기계·설비(+26.4%) / 3.반도체(+18.9%) / 4.IT/전기전자(+15.1%) / 5.인프라·에너지(+12.3%),4,14,20260119,20260119,26.29,10.15,-18.42,-44.71
338840,와이바이오로직스,KOSDAQ,자연과학 및 공학 연구개발업,자연과학 및 공학 연구개발업,기타,27250,85.74,0.0,WAIT,False,False,True,27250,23650,34400,37840.0,65.6,88.1,60.0,55.9,55.9,68.2,69.69999694824219,0.0,,🚀급등시동,WAIT,① 강한 상승 추세,6.86,136.96,0.57,31.26,117.85,0,0.99,1.0,0.03,1.0,0.25,0.07,0.23,61.6,55.4,10.89,23.35,0,0,4.81,5.62,20.58,41.41,6.92,1,0,1.12,0.89,1,1,21665.0,25750,5.82,0.0293,1.16,-0.25,False,O,▲,25995,▲,O,X,7.377666666666667,14.425583333333332,7.0,5,57.7,25.3,1.9861111111111112,0.0,📉 매도세 우위. 🚀 단기 모멘텀 가속. ⚠️ 단기 급등 조정 주의.,17,489510,17.0,49.0,78.6,78.4,78.7,🔥 과열,1.자동차·모빌리티(+31.5%) / 2.조선·기계·설비(+26.4%) / 3.반도체(+18.9%) / 4.IT/전기전자(+15.1%) / 5.인프라·에너지(+12.3%),1,15,20260119,20260119,26.29,10.15,41.41,31.26
417200,LS머트리얼즈,KOSDAQ,전자부품 제조업,전자부품 제조업,IT/전기전자,13520,183.69,0.0,ATTACK,True,True,False,13520,12150,16250,17875.0,65.5,96.0,57.9,51.2,51.2,45.5,73.4000015258789,0.0,,,ATTACK,① 강한 상승 추세,5.62,21.8,-0.67,13.77,2.69,5,0.99,1.0,0.27,1.0,0.08,0.15,0.67,57.6,47.6,4.91,13.76,1,0,5.87,6.04,-1.02,23.92,4.41,0,0,2.02,0.77,1,1,11648.0,13011,3.91,0.0689,1.75,1.63,False,O,▲,12847,▲,O,X,9.837341772151898,18.689113924050634,4.0,5,34.7,8.2,1.9927007299270072,0.0,🌪️ 5일 연속 응축 중! 폭발 임박. 💪 매수세 장악(Power Buying). 🚀 단기 모멘텀 가속. ,0,0,,,78.6,78.4,78.7,🔥 과열,1.자동차·모빌리티(+31.5%) / 2.조선·기계·설비(+26.4%) / 3.반도체(+18.9%) / 4.IT/전기전자(+15.1%) / 5.인프라·에너지(+12.3%),1,16,20260119,20260119,26.29,10.15,23.92,13.77
007820,에스엠코어,KOSDAQ,일반 목적용 기계 제조업,일반 목적용 기계 제조업,조선·기계·설비,5090,56.63,0.0,ATTACK,True,True,False,5090,4420,6430,7073.000000000001,64.9,78.2,61.6,52.3,52.3,68.6,83.19999694824219,0.0,,🚀급등시동,ATTACK,⑤ 하락 / 약세,22.65,29.85,16.36,5.27,10.74,2,1.0,1.0,0.04,1.0,0.37,0.05,0.36,66.4,77.3,12.71,22.85,0,0,6.82,12.74,10.17,15.42,5.06,1,0,2.62,0.76,1,1,3899.0,4974,2.32,0.2187,1.73,1.65,False,O,▲,4784,▲,O,X,17.209594594594595,32.596756756756754,2.0,5,53.1,36.7,2.0,0.0,💪 매수세 장악(Power Buying). 💰 외국인/기관 수급 집중. 🚀 단기 모멘텀 가속. ⚠️ 단기 급등 조정 주의.,121,620000,121.0,62.0,78.6,78.4,78.7,🔥 과열,1.자동차·모빌리티(+31.5%) / 2.조선·기계·설비(+26.4%) / 3.반도체(+18.9%) / 4.IT/전기전자(+15.1%) / 5.인프라·에너지(+12.3%),5,17,20260119,20260119,26.29,10.15,15.42,5.27
066970,엘앤에프,KOSPI,일차전지 및 이차전지 제조업,일차전지 및 이차전지 제조업,2차전지,115000,643.31,0.0,ATTACK,True,True,False,115000,101300,142300,156530.0,64.6,72.3,62.7,62.6,62.6,66.8,63.0,0.0,,🚀급등시동,ATTACK,④ 바닥 반등 시도,-3.04,87.3,-23.95,-27.49,32.58,0,0.99,1.0,0.09,1.0,0.22,0.52,0.38,59.5,52.6,8.14,24.7,0,0,5.8,1.95,19.42,-1.2,5.62,1,0,1.33,0.84,1,1,94300.0,113498,1.32,0.0089,1.09,0.46,False,O,▲,114494,▲,O,X,4.885714285714286,-17.97142857142857,15.0,6,56.3,21.6,1.9927007299270072,0.0,📉 매도세 우위. 📈 상승 모멘텀 개선. ⚠️ 단기 급등 조정 주의.,6,697252,6.0,69.7,78.6,78.4,78.7,🔥 과열,1.자동차·모빌리티(+31.5%) / 2.조선·기계·설비(+26.4%) / 3.반도체(+18.9%) / 4.IT/전기전자(+15.1%) / 5.인프라·에너지(+12.3%),4,18,20260119,20260119,26.29,10.15,-1.2,-27.49
054450,텔레칩스,KOSDAQ,반도체 제조업,반도체 제조업,반도체,16050,207.55,0.0,WAIT,False,False,True,16050,14210,19730,21703.0,64.6,66.0,64.2,60.0,60.0,66.3,74.0,0.0,,🚀급등시동,WAIT,③ 박스 / 중립,17.58,20.68,11.29,2.72,1.57,0,1.0,1.0,0.12,1.0,0.03,0.17,0.54,65.2,72.1,7.65,25.74,0,0,7.72,9.04,-1.17,12.87,12.49,1,0,1.2,0.77,1,1,13155.0,15499,3.55,0.0216,1.6,1.5,False,O,▲,15165,▼,O,X,8.782,25.696666666666665,3.0,5,64.6,2.6,2.0,0.0,💪 매수세 장악(Power Buying). 💰 외국인/기관 수급 집중. 🚀 단기 모멘텀 가속. ⚠️ 단기 급등 조정 주의.,50,815000,50.0,81.5,78.6,78.4,78.7,🔥 과열,1.자동차·모빌리티(+31.5%) / 2.조선·기계·설비(+26.4%) / 3.반도체(+18.9%) / 4.IT/전기전자(+15.1%) / 5.인프라·에너지(+12.3%),3,19,20260119,20260119,26.29,10.15,12.87,2.72
011790,SKC,KOSPI,기타 화학제품 제조업,기타 화학제품 제조업,화학·소재,110700,504.02,0.0,ATTACK,True,True,False,110700,103300,125400,137940.0,64.2,100.0,55.2,61.2,61.2,63.0,41.29999923706055,0.0,,🚀급등시동,ATTACK,④ 바닥 반등 시도,1.93,9.71,-18.98,-24.07,-45.01,5,0.99,0.66,0.87,1.0,0.16,0.4,0.71,58.3,54.1,4.54,8.43,1,1,4.43,6.44,2.12,2.22,0.89,1,0,2.29,0.85,1,-1,112300.0,107294,3.17,0.1196,2.45,1.12,False,O,▲,105364,▲,O,X,7.139749999999999,-5.23775,11.0,6,49.3,16.4,1.9864864864864864,0.0,🌪️ 5일 연속 응축 중! 폭발 임박. 🚀 단기 모멘텀 가속. ,0,0,,,78.6,78.4,78.7,🔥 과열,1.자동차·모빌리티(+31.5%) / 2.조선·기계·설비(+26.4%) / 3.반도체(+18.9%) / 4.IT/전기전자(+15.1%) / 5.인프라·에너지(+12.3%),4,20,20260119,20260119,26.29,10.15,2.22,-24.07
214370,케어젠,KOSDAQ,기초 의약물질 제조업,기초 의약물질 제조업,기타,77400,149.06,0.0,ATTACK,True,True,False,77400,68500,95200,104720.00000000001,64.1,85.6,58.7,58.0,58.0,67.0,60.20000076293945,0.0,,🚀급등시동,ATTACK,① 강한 상승 추세,16.39,31.19,10.1,12.12,12.08,1,1.0,1.0,0.12,1.0,0.35,0.12,0.38,68.9,61.0,11.41,20.19,0,0,5.02,12.01,9.48,22.27,3.66,1,0,1.7,0.96,1,1,64190.0,72609,6.6,0.2116,1.22,2.04,False,O,▲,72388,▲,O,X,7.377666666666667,14.425583333333332,7.0,5,50.0,35.1,2.0,0.0,💪 매수세 장악(Power Buying). 💸 자금 유입 지속. 🚀 단기 모멘텀 가속. ⚠️ 단기 급등 조정 주의.,0,0,,,78.6,78.4,78.7,🔥 과열,1.자동차·모빌리티(+31.5%) / 2.조선·기계·설비(+26.4%) / 3.반도체(+18.9%) / 4.IT/전기전자(+15.1%) / 5.인프라·에너지(+12.3%),1,21,20260119,20260119,26.29,10.15,22.27,12.12
119850,지엔씨에너지,KOSDAQ,"전동기, 발전기 및 전기 변환 · 공급 · 제어 장치 제조업","전동기, 발전기 및 전기 변환 · 공급 · 제어 장치 제조업",인프라·에너지,35400,103.19,0.0,ATTACK,True,True,False,35400,32250,41650,45815.00000000001,63.7,72.7,61.4,57.3,57.3,60.0,70.80000305175781,0.0,,,ATTACK,④ 바닥 반등 시도,10.28,8.76,3.99,-12.36,-10.35,0,0.99,0.88,0.47,1.0,0.31,0.08,0.42,69.7,72.5,9.81,18.0,0,0,4.58,11.32,8.42,-2.21,0.5,1,1,1.54,0.91,1,1,30305.0,34308,3.18,0.1847,1.43,1.53,False,O,▲,34103,▲,O,X,17.386923076923075,8.883846153846154,5.0,5,59.7,30.8,1.9841269841269842,0.0,💪 매수세 장악(Power Buying). 💰 외국인/기관 수급 집중. 🚀 단기 모멘텀 가속. ⚠️ 단기 급등 조정 주의.,16,593280,16.0,59.3,78.6,78.4,78.7,🔥 과열,1.자동차·모빌리티(+31.5%) / 2.조선·기계·설비(+26.4%) / 3.반도체(+18.9%) / 4.IT/전기전자(+15.1%) / 5.인프라·에너지(+12.3%),4,22,20260119,20260119,26.29,10.15,-2.21,-12.36
051600,한전KPS,KOSPI,전기 및 통신 공사업,전기 및 통신 공사업,기타,56500,245.16,0.0,WAIT,False,False,True,56500,53800,61900,68090.0,63.3,79.2,59.3,67.3,67.3,73.9,40.70000076293945,0.0,,🚀급등시동,WAIT,④ 바닥 반등 시도,7.01,9.92,-13.9,-16.15,-44.8,0,1.0,0.48,1.0,1.0,0.48,0.2,0.52,64.3,71.4,9.15,16.08,0,0,1.8,9.92,13.0,10.14,1.03,1,1,1.21,0.9,1,1,51820.0,54335,3.98,0.2873,1.93,1.81,False,O,▲,53154,▲,O,X,7.377666666666667,14.425583333333332,7.0,6,60.8,47.8,2.0,0.0,💪 매수세 장악(Power Buying). 💰 외국인/기관 수급 집중. 🚀 단기 모멘텀 가속. ⚠️ 단기 급등 조정 주의.,0,0,,,78.6,78.4,78.7,🔥 과열,1.자동차·모빌리티(+31.5%) / 2.조선·기계·설비(+26.4%) / 3.반도체(+18.9%) / 4.IT/전기전자(+15.1%) / 5.인프라·에너지(+12.3%),4,23,20260119,20260119,26.29,10.15,10.14,-16.15
001780,알루코,KOSPI,1차 비철금속 제조업,1차 비철금속 제조업,철강·금속,2250,160.39,0.0,ATTACK,True,True,False,2250,2010,2730,3003.0000000000005,63.2,100.0,54.0,63.4,63.4,63.6,32.20000076293945,0.0,,🚀급등시동,ATTACK,④ 바닥 반등 시도,13.29,-7.41,-7.62,-19.15,-62.13,5,1.0,1.0,0.2,1.0,0.11,0.13,0.83,61.8,74.8,6.26,11.8,1,0,7.14,6.13,5.39,7.14,3.88,1,0,3.73,0.81,1,1,1981.9,2195,2.47,0.0487,3.4,2.21,False,O,▲,2107,▲,O,X,5.7846153846153845,16.182307692307692,6.0,6,53.3,11.5,2.0,0.0,🌪️ 5일 연속 응축 중! 폭발 임박. 💪 매수세 장악(Power Buying). 💰 외국인/기관 수급 집중. 🚀 단기 모멘텀 가속. ⚠️ 단기 급등 조정 주의.,0,0,,,78.6,78.4,78.7,🔥 과열,1.자동차·모빌리티(+31.5%) / 2.조선·기계·설비(+26.4%) / 3.반도체(+18.9%) / 4.IT/전기전자(+15.1%) / 5.인프라·에너지(+12.3%),4,24,20260119,20260119,26.29,10.15,7.14,-19.15
086960,MDS테크,KOSDAQ,소프트웨어 개발 및 공급업,소프트웨어 개발 및 공급업,IT/전기전자,1507,168.17,0.0,WAIT,False,False,True,1507,1323,1875,2062.5,62.7,88.9,56.2,46.2,46.2,48.7,79.69999694824219,0.0,,,WAIT,③ 박스 / 중립,19.6,4.44,13.31,-1.97,-14.67,0,1.0,1.0,0.07,1.0,0.14,0.13,0.37,64.8,74.7,11.36,20.85,0,0,9.44,6.13,13.39,8.18,2.64,1,0,1.76,0.62,1,1,1251.9,1498,0.57,-0.0856,2.06,0.91,False,O,▲,1438,▲,O,X,9.837341772151898,18.689113924050634,4.0,4,39.6,14.2,2.0,0.0,💰 외국인/기관 수급 집중. ⚠️ 단기 급등 조정 주의.,0,0,,,78.6,78.4,78.7,🔥 과열,1.자동차·모빌리티(+31.5%) / 2.조선·기계·설비(+26.4%) / 3.반도체(+18.9%) / 4.IT/전기전자(+15.1%) / 5.인프라·에너지(+12.3%),3,25,20260119,20260119,26.29,10.15,8.18,-1.97
142210,유니트론텍,KOSDAQ,자동차 부품 및 내장품 판매업,자동차 부품 및 내장품 판매업,자동차·모빌리티,7160,64.72,0.0,WAIT,False,False,True,7160,6310,8860,9746.0,61.7,53.1,63.9,57.4,57.4,68.6,78.9000015258789,0.0,,🚀급등시동,WAIT,⑤ 하락 / 약세,17.57,11.7,11.28,9.58,-7.41,2,1.0,1.0,0.09,1.0,0.38,0.05,0.29,63.5,87.0,11.3,23.05,0,0,2.58,13.11,12.05,19.73,3.23,1,0,1.97,0.84,1,1,5645.0,6945,3.1,0.21,1.06,1.1,False,O,▲,6944,▲,O,X,26.005714285714284,35.19914285714286,1.0,5,52.7,37.6,2.0,0.0,💰 외국인/기관 수급 집중. 🚀 단기 모멘텀 가속. ⚠️ 단기 급등 조정 주의.,110,792500,110.0,79.2,78.6,78.4,78.7,🔥 과열,1.자동차·모빌리티(+31.5%) / 2.조선·기계·설비(+26.4%) / 3.반도체(+18.9%) / 4.IT/전기전자(+15.1%) / 5.인프라·에너지(+12.3%),5,26,20260119,20260119,26.29,10.15,19.73,9.58
376900,로킷헬스케어,KOSDAQ,의료용품 및 기타 의약 관련제품 제조업,의료용품 및 기타 의약 관련제품 제조업,기타,73100,437.38,0.0,ARMED,True,False,False,73100,59800,99600,109560.00000000001,61.4,70.8,59.1,56.8,56.8,67.4,64.5999984741211,0.0,,🚀급등시동,ARMED,① 강한 상승 추세,2.81,344.65,-3.48,78.98,325.54,2,0.99,1.0,0.0,1.0,0.31,0.35,0.26,58.1,75.2,9.71,24.04,1,0,1.81,0.97,15.48,89.13,4.24,1,0,1.14,0.79,1,-1,79930.0,70233,4.08,0.1193,0.77,0.33,False,O,▲,70316,▲,O,X,7.377666666666667,14.425583333333332,7.0,5,53.2,30.5,1.9924812030075187,0.0,🌪️ 에너지 응축 시작 (2일차). 📉 매도세 우위. 💰 외국인/기관 수급 집중. 🚀 단기 모멘텀 가속. ⚠️ 단기 급등 조정 주의.,0,0,,,78.6,78.4,78.7,🔥 과열,1.자동차·모빌리티(+31.5%) / 2.조선·기계·설비(+26.4%) / 3.반도체(+18.9%) / 4.IT/전기전자(+15.1%) / 5.인프라·에너지(+12.3%),1,27,20260119,20260119,26.29,10.15,89.13,78.98
131290,티에스이,KOSDAQ,"측정, 시험, 항해, 제어 및 기타 정밀기기 제조업; 광학기기 제외","측정, 시험, 항해, 제어 및 기타 정밀기기 제조업; 광학기기 제외",기타,64900,102.28,0.0,WAIT,False,False,True,64900,57800,79100,87010.0,61.4,96.0,52.7,51.1,51.1,53.6,56.5,0.0,,,WAIT,② 상승 후 조정,19.52,69.45,13.23,18.62,50.34,0,1.0,1.0,0.17,1.0,0.01,0.08,0.44,64.0,64.8,8.66,22.32,0,0,8.71,6.22,0.62,28.77,10.33,1,0,1.86,0.72,1,1,55820.0,61569,5.41,-0.0238,1.96,0.51,False,O,▲,61294,▼,O,X,7.377666666666667,14.425583333333332,7.0,5,58.6,0.7,2.0,0.0,📉 매도세 우위. 💸 자금 유입 지속. ⚠️ 단기 급등 조정 주의.,0,0,,,78.6,78.4,78.7,🔥 과열,1.자동차·모빌리티(+31.5%) / 2.조선·기계·설비(+26.4%) / 3.반도체(+18.9%) / 4.IT/전기전자(+15.1%) / 5.인프라·에너지(+12.3%),2,28,20260119,20260119,26.29,10.15,28.77,18.62
009540,HD한국조선해양,KOSPI,기타 금융업,기타 금융업,금융,444500,840.59,0.0,WAIT,False,False,True,444500,411500,511000,562100.0,61.3,55.8,62.7,62.6,62.6,62.2,63.0,0.0,,🚀급등시동,WAIT,⑤ 하락 / 약세,5.46,31.7,-15.45,-30.08,-23.02,0,1.0,0.75,0.75,1.0,0.12,0.67,0.46,64.0,61.2,4.85,17.47,0,0,1.37,-1.33,10.85,-3.79,2.73,1,0,1.2,0.76,1,1,409200.0,442108,0.54,-0.1388,0.84,0.07,False,O,▲,448949,▲,X,X,4.08,-12.326176470588237,14.0,6,49.7,11.5,2.015151515151515,0.0,📉 매도세 우위. 💸 자금 유입 지속. ,1,713270,1.0,71.3,78.6,78.4,78.7,🔥 과열,1.자동차·모빌리티(+31.5%) / 2.조선·기계·설비(+26.4%) / 3.반도체(+18.9%) / 4.IT/전기전자(+15.1%) / 5.인프라·에너지(+12.3%),5,29,20260119,20260119,26.29,10.15,-3.79,-30.08
000150,두산,KOSPI,기타 금융업,기타 금융업,금융,833000,1172.39,0.0,WAIT,False,False,True,833000,752000,995000,1094500.0,61.3,43.7,65.7,61.8,61.8,55.4,74.80000305175781,0.0,,,WAIT,④ 바닥 반등 시도,-0.72,49.28,-21.63,-20.98,-5.44,0,1.0,0.97,0.33,1.0,0.36,0.94,0.5,58.6,58.0,5.4,14.66,0,0,0.6,8.18,4.26,5.31,0.14,1,0,0.98,0.75,1,-1,866000.0,826247,0.82,0.2668,0.93,0.69,False,O,▲,811529,▲,O,X,4.08,-12.326176470588237,14.0,6,45.4,36.1,2.0,0.0,🚀 단기 모멘텀 가속. ⚠️ 단기 급등 조정 주의.,1,927500,1.0,92.8,78.6,78.4,78.7,🔥 과열,1.자동차·모빌리티(+31.5%) / 2.조선·기계·설비(+26.4%) / 3.반도체(+18.9%) / 4.IT/전기전자(+15.1%) / 5.인프라·에너지(+12.3%),4,30,20260119,20260119,26.29,10.15,5.31,-20.98
000155,두산우,KOSPI,기타,기타,기타,517000,157.13,0.0,WAIT,False,False,True,517000,471500,608000,668800.0,61.1,52.4,63.3,60.4,60.4,63.4,70.0999984741211,0.0,,🚀급등시동,WAIT,④ 바닥 반등 시도,2.99,41.06,-17.92,-13.16,-13.66,0,1.0,0.88,0.49,1.0,0.17,0.13,0.6,61.3,55.8,4.95,12.75,0,0,1.97,3.61,4.87,13.13,1.3,1,0,1.79,0.85,1,1,461600.0,511934,0.99,0.1005,1.58,0.96,False,O,▲,510162,▲,O,X,7.377666666666667,14.425583333333332,7.0,6,49.9,17.1,2.0,0.0,🚀 단기 모멘텀 가속. ,1,747500,1.0,74.8,78.6,78.4,78.7,🔥 과열,1.자동차·모빌리티(+31.5%) / 2.조선·기계·설비(+26.4%) / 3.반도체(+18.9%) / 4.IT/전기전자(+15.1%) / 5.인프라·에너지(+12.3%),4,31,20260119,20260119,26.29,10.15,13.13,-13.16
006730,서부T&D,KOSDAQ,일반 및 생활 숙박시설 운영업,일반 및 생활 숙박시설 운영업,기타,13950,139.7,0.0,ATTACK,True,True,False,13950,12700,16440,18084.0,61.1,81.5,56.0,46.4,46.4,73.2,78.30000305175781,0.0,,📦박스돌파,ATTACK,① 강한 상승 추세,10.8,36.23,4.51,45.89,17.12,4,0.99,0.89,0.46,1.0,0.47,0.11,0.46,67.6,70.4,8.7,15.79,0,0,1.53,9.84,11.42,56.04,-2.72,1,1,1.3,0.81,1,1,12035.0,13464,3.6,0.2959,0.91,1.96,False,O,▲,13268,▲,O,X,7.377666666666667,14.425583333333332,7.0,4,59.5,47.1,1.992,0.0,💪 매수세 장악(Power Buying). 💰 외국인/기관 수급 집중. 🚀 단기 모멘텀 가속. ⚠️ 단기 급등 조정 주의.,0,0,,,78.6,78.4,78.7,🔥 과열,1.자동차·모빌리티(+31.5%) / 2.조선·기계·설비(+26.4%) / 3.반도체(+18.9%) / 4.IT/전기전자(+15.1%) / 5.인프라·에너지(+12.3%),1,32,20260119,20260119,26.29,10.15,56.04,45.89
038500,삼표시멘트,KOSDAQ,기타 비금속 광물제품 제조업,기타 비금속 광물제품 제조업,기타,5490,1057.51,0.0,ARMED,True,False,False,5490,4590,7290,8019.000000000001,61.0,54.1,62.7,50.8,50.8,53.4,90.5999984741211,0.0,,,ARMED,① 강한 상승 추세,9.8,70.5,3.51,63.04,51.39,4,1.0,1.0,0.0,1.0,0.59,0.85,0.5,62.3,83.5,13.04,20.93,1,0,3.78,13.9,12.38,73.19,1.93,0,0,1.59,0.73,1,-1,5686.5,5175,6.08,0.3916,3.12,1.71,False,O,▲,4836,▲,O,X,7.377666666666667,14.425583333333332,7.0,5,28.8,59.5,2.0,0.0,🌪️ 에너지 응축 시작 (4일차). 💪 매수세 장악(Power Buying). 💰 외국인/기관 수급 집중. 🚀 단기 모멘텀 가속. ⚠️ 단기 급등 조정 주의.,127,702500,127.0,70.2,78.6,78.4,78.7,🔥 과열,1.자동차·모빌리티(+31.5%) / 2.조선·기계·설비(+26.4%) / 3.반도체(+18.9%) / 4.IT/전기전자(+15.1%) / 5.인프라·에너지(+12.3%),1,33,20260119,20260119,26.29,10.15,73.19,63.04
417970,모델솔루션,KOSDAQ,특수 목적용 기계 제조업,특수 목적용 기계 제조업,조선·기계·설비,28900,127.09,0.0,ATTACK,True,True,False,28900,23550,39600,43560.0,61.0,68.4,59.1,50.6,50.6,53.2,79.0999984741211,0.0,,,ATTACK,⑤ 하락 / 약세,27.59,158.5,21.3,113.36,139.39,5,1.0,1.0,0.0,1.0,0.48,0.1,0.31,49.3,69.7,11.11,22.55,1,0,5.86,16.53,12.23,123.51,5.47,0,0,2.02,0.73,1,1,20285.0,27748,4.15,0.295,1.11,1.22,False,O,▲,26187,▲,O,X,17.209594594594595,32.596756756756754,2.0,5,34.1,47.9,2.0,0.0,🌪️ 5일 연속 응축 중! 폭발 임박. 💸 자금 유입 지속. 🚀 단기 모멘텀 가속. ⚠️ 단기 급등 조정 주의.,0,0,,,78.6,78.4,78.7,🔥 과열,1.자동차·모빌리티(+31.5%) / 2.조선·기계·설비(+26.4%) / 3.반도체(+18.9%) / 4.IT/전기전자(+15.1%) / 5.인프라·에너지(+12.3%),5,34,20260119,20260119,26.29,10.15,123.51,113.36
317830,에스피시스템스,KOSDAQ,특수 목적용 기계 제조업,특수 목적용 기계 제조업,조선·기계·설비,15030,560.87,0.0,ATTACK,True,True,False,15030,11890,21300,23430.000000000004,61.0,71.1,58.5,46.6,46.6,52.2,86.4000015258789,0.0,,,ATTACK,① 강한 상승 추세,30.81,115.64,24.52,45.76,96.53,5,1.0,1.0,0.0,1.0,0.44,0.45,0.27,57.6,75.1,12.66,29.98,1,0,8.44,11.09,16.96,55.91,4.3,0,0,4.72,0.75,1,1,10647.0,14748,1.91,0.2217,1.27,0.98,False,O,▲,14182,▲,O,X,17.209594594594595,32.596756756756754,2.0,4,33.5,44.2,1.9968152866242037,0.0,🌪️ 5일 연속 응축 중! 폭발 임박. 💰 외국인/기관 수급 집중. 🚀 단기 모멘텀 가속. ⚠️ 단기 급등 조정 주의.,0,0,,,78.6,78.4,78.7,🔥 과열,1.자동차·모빌리티(+31.5%) / 2.조선·기계·설비(+26.4%) / 3.반도체(+18.9%) / 4.IT/전기전자(+15.1%) / 5.인프라·에너지(+12.3%),1,35,20260119,20260119,26.29,10.15,55.91,45.76
457550,우진엔텍,KOSDAQ,"그외 기타 전문, 과학 및 기술 서비스업","그외 기타 전문, 과학 및 기술 서비스업",서비스 기타,24200,124.06,0.0,ATTACK,True,True,False,24200,22250,28050,30855.000000000004,60.9,77.6,56.7,46.3,46.3,61.1,81.0,0.0,,,ATTACK,④ 바닥 반등 시도,14.69,-7.81,8.4,-13.74,-26.92,0,0.98,0.8,0.63,1.0,0.29,0.1,0.45,73.6,78.9,12.36,18.99,0,0,3.42,6.61,13.08,-3.59,2.24,1,1,1.31,0.86,1,1,20565.0,23331,3.72,0.1274,3.5,0.49,False,O,▼,22730,▲,O,X,7.455217391304347,-5.216956521739131,10.0,4,63.3,28.9,1.9743589743589745,0.0,📉 매도세 우위. 💰 외국인/기관 수급 집중. 🚀 단기 모멘텀 가속. ⚠️ 단기 급등 조정 주의.,0,0,,,78.6,78.4,78.7,🔥 과열,1.자동차·모빌리티(+31.5%) / 2.조선·기계·설비(+26.4%) / 3.반도체(+18.9%) / 4.IT/전기전자(+15.1%) / 5.인프라·에너지(+12.3%),4,36,20260119,20260119,26.29,10.15,-3.59,-13.74
352820,하이브,KOSPI,오디오물 출판 및 원판 녹음업,오디오물 출판 및 원판 녹음업,미디어·콘텐츠,366500,3025.5,0.0,OVERHEAT,False,False,False,366500,337000,425500,468050.00000000006,60.7,94.0,52.4,44.3,44.3,55.4,71.30000305175781,0.0,,,OVERHEAT,③ 박스 / 중립,20.56,34.5,-0.35,3.91,-20.22,0,1.0,0.8,0.63,1.0,0.18,1.0,0.38,75.7,66.7,11.21,16.61,0,0,8.92,10.39,8.59,30.2,7.21,1,0,1.29,0.97,1,1,307450.0,342726,6.94,0.0723,2.04,0.92,False,O,▲,339884,▲,O,X,9.184285714285716,-1.5899999999999994,9.0,4,54.6,17.7,2.0,0.0,💸 자금 유입 지속. 🚀 단기 모멘텀 가속. ⚠️ 단기 급등 조정 주의.,0,0,,,78.6,78.4,78.7,🔥 과열,1.자동차·모빌리티(+31.5%) / 2.조선·기계·설비(+26.4%) / 3.반도체(+18.9%) / 4.IT/전기전자(+15.1%) / 5.인프라·에너지(+12.3%),3,37,20260119,20260119,26.29,10.15,30.2,3.91
006910,보성파워텍,KOSDAQ,"구조용 금속제품, 탱크 및 증기발생기 제조업","구조용 금속제품, 탱크 및 증기발생기 제조업",기타,6000,649.91,0.0,WAIT,False,False,True,6000,5370,7260,7986.000000000001,60.6,50.0,63.2,58.0,58.0,60.5,75.4000015258789,0.0,,,WAIT,③ 박스 / 중립,19.76,88.98,13.47,1.37,69.87,0,1.0,1.0,0.22,1.0,0.25,0.52,0.56,72.9,85.6,11.21,18.92,0,0,2.92,9.89,6.19,11.52,6.78,1,1,1.41,0.7,1,1,5135.0,5822,3.05,0.153,3.8,1.09,False,O,▲,5592,▲,O,X,7.377666666666667,14.425583333333332,7.0,5,64.0,24.7,2.0,0.0,💰 외국인/기관 수급 집중. 🚀 단기 모멘텀 가속. ⚠️ 단기 급등 조정 주의.,123,740000,123.0,74.0,78.6,78.4,78.7,🔥 과열,1.자동차·모빌리티(+31.5%) / 2.조선·기계·설비(+26.4%) / 3.반도체(+18.9%) / 4.IT/전기전자(+15.1%) / 5.인프라·에너지(+12.3%),3,38,20260119,20260119,26.29,10.15,11.52,1.37
005070,코스모신소재,KOSPI,기타 화학제품 제조업,기타 화학제품 제조업,화학·소재,45150,132.85,0.0,ATTACK,True,True,False,45150,41050,53300,58630.00000000001,60.6,68.0,58.7,54.7,54.7,57.9,67.9000015258789,0.0,,⚡눌림회복,ATTACK,④ 바닥 반등 시도,-9.52,19.44,-30.43,-48.98,-35.28,0,0.99,0.9,0.43,1.0,0.28,0.11,0.62,47.5,42.4,1.3,17.32,0,0,3.91,4.39,3.79,-22.69,0.37,1,0,1.41,0.55,1,-1,47790.0,44021,2.56,0.2022,1.56,1.06,False,X,▲,43194,▲,O,X,7.139749999999999,-5.23775,11.0,5,30.7,27.9,1.9878048780487805,0.0,🚀 단기 모멘텀 가속. ✅ 20일선 눌림목 구간.,0,0,,,78.6,78.4,78.7,🔥 과열,1.자동차·모빌리티(+31.5%) / 2.조선·기계·설비(+26.4%) / 3.반도체(+18.9%) / 4.IT/전기전자(+15.1%) / 5.인프라·에너지(+12.3%),4,39,20260119,20260119,26.29,10.15,-22.69,-48.98
033100,제룡전기,KOSDAQ,"전동기, 발전기 및 전기 변환 · 공급 · 제어 장치 제조업","전동기, 발전기 및 전기 변환 · 공급 · 제어 장치 제조업",인프라·에너지,39500,207.34,0.0,ATTACK,True,True,False,39500,36700,45100,49610.00000000001,60.4,80.0,55.5,57.9,57.9,58.6,49.79999923706055,0.0,,📦박스돌파,ATTACK,③ 박스 / 중립,5.47,3.95,-0.82,-0.12,-15.16,4,1.0,0.71,0.8,1.0,0.11,0.17,0.65,65.4,69.2,6.2,10.72,0,0,2.73,4.64,4.91,10.03,2.45,0,1,1.32,0.72,1,1,36030.0,38983,1.32,0.0491,3.27,-0.01,False,O,▲,38315,▲,O,X,17.386923076923075,8.883846153846154,5.0,5,41.0,11.0,2.0,0.0,📉 매도세 우위. 💸 자금 유입 지속. 🚀 단기 모멘텀 가속. ⚠️ 단기 급등 조정 주의.,0,0,,,78.6,78.4,78.7,🔥 과열,1.자동차·모빌리티(+31.5%) / 2.조선·기계·설비(+26.4%) / 3.반도체(+18.9%) / 4.IT/전기전자(+15.1%) / 5.인프라·에너지(+12.3%),3,40,20260119,20260119,26.29,10.15,10.03,-0.12
053350,이니텍,KOSDAQ,소프트웨어 개발 및 공급업,소프트웨어 개발 및 공급업,IT/전기전자,5190,52.72,0.0,NEUTRAL,False,False,False,5190,3825,7920,8712.0,60.2,68.0,58.2,53.8,53.8,53.7,68.30000305175781,0.0,,,NEUTRAL,④ 바닥 반등 시도,-37.32,-45.2,-43.61,-50.56,-64.31,0,1.0,1.0,0.0,1.0,0.8,0.04,0.5,63.4,60.4,8.42,82.3,0,0,17.42,16.24,19.31,-40.41,0.0,1,0,1.07,0.26,1,-1,5386.0,4840,7.21,0.6334,1.9,1.18,False,X,▼,4407,▲,O,X,9.837341772151898,18.689113924050634,4.0,5,18.9,80.5,2.0,0.0,💸 자금 유입 지속. 🚀 단기 모멘텀 가속. ⚠️ 단기 급등 조정 주의.,0,0,,,78.6,78.4,78.7,🔥 과열,1.자동차·모빌리티(+31.5%) / 2.조선·기계·설비(+26.4%) / 3.반도체(+18.9%) / 4.IT/전기전자(+15.1%) / 5.인프라·에너지(+12.3%),4,41,20260119,20260119,26.29,10.15,-40.41,-50.56
089010,켐트로닉스,KOSDAQ,기타 화학제품 제조업,기타 화학제품 제조업,화학·소재,31900,105.74,0.0,ATTACK,True,True,False,31900,29450,36800,40480.0,60.1,75.8,56.2,54.1,54.1,62.0,61.20000076293945,0.0,,🚀급등시동,ATTACK,④ 바닥 반등 시도,5.45,49.07,-0.84,-9.52,29.96,0,1.0,0.77,0.7,1.0,0.07,0.08,0.52,67.1,61.1,4.32,12.22,0,0,1.43,5.28,-0.78,0.63,3.49,1,0,3.56,0.78,1,-1,33345.0,31131,2.47,0.0567,1.28,0.11,False,O,▲,30815,▲,O,X,7.139749999999999,-5.23775,11.0,5,51.7,6.7,2.0,0.0,📉 매도세 우위. 💸 자금 유입 지속. 🚀 단기 모멘텀 가속. ,0,0,,,78.6,78.4,78.7,🔥 과열,1.자동차·모빌리티(+31.5%) / 2.조선·기계·설비(+26.4%) / 3.반도체(+18.9%) / 4.IT/전기전자(+15.1%) / 5.인프라·에너지(+12.3%),4,42,20260119,20260119,26.29,10.15,0.63,-9.52
229640,LS에코에너지,KOSPI,기타 금융업,기타 금융업,금융,38450,100.17,0.0,ATTACK,True,True,False,38450,36000,43300,47630.00000000001,59.8,79.7,54.8,49.3,49.3,46.8,67.69999694824219,0.0,,,ATTACK,④ 바닥 반등 시도,7.4,4.06,-13.51,-42.97,-50.66,1,0.99,0.63,0.91,1.0,0.23,0.08,0.52,70.8,77.4,7.17,11.03,0,0,3.08,7.85,4.34,-16.68,0.66,0,0,2.02,0.82,1,1,34465.0,36921,4.14,0.1535,1.81,0.76,False,X,▼,36731,▲,O,X,4.08,-12.326176470588237,14.0,4,30.7,22.8,1.9795918367346939,0.0,💰 외국인/기관 수급 집중. 🚀 단기 모멘텀 가속. ⚠️ 단기 급등 조정 주의.,0,0,,,78.6,78.4,78.7,🔥 과열,1.자동차·모빌리티(+31.5%) / 2.조선·기계·설비(+26.4%) / 3.반도체(+18.9%) / 4.IT/전기전자(+15.1%) / 5.인프라·에너지(+12.3%),4,43,20260119,20260119,26.29,10.15,-16.68,-42.97
012510,더존비즈온,KOSPI,"컴퓨터 프로그래밍, 시스템 통합 및 관리업","컴퓨터 프로그래밍, 시스템 통합 및 관리업",IT/전기전자,95700,229.74,0.0,WAIT,False,False,True,95700,88900,109300,120230.00000000001,59.4,81.4,53.9,54.5,54.5,60.0,52.400001525878906,0.0,,,WAIT,⑤ 하락 / 약세,14.06,22.69,-6.85,-19.36,-32.03,0,1.0,0.71,0.8,1.0,0.02,0.18,0.59,72.9,69.9,7.09,19.39,0,0,4.13,5.16,1.59,6.93,11.12,1,1,1.34,0.94,1,1,84720.0,93406,2.46,-0.0301,1.73,1.71,False,O,▲,94441,▲,O,X,9.837341772151898,18.689113924050634,4.0,5,74.1,1.7,2.0,0.0,💪 매수세 장악(Power Buying). 💸 자금 유입 지속. ⚠️ 단기 급등 조정 주의.,0,0,,,78.6,78.4,78.7,🔥 과열,1.자동차·모빌리티(+31.5%) / 2.조선·기계·설비(+26.4%) / 3.반도체(+18.9%) / 4.IT/전기전자(+15.1%) / 5.인프라·에너지(+12.3%),5,44,20260119,20260119,26.29,10.15,6.93,-19.36
064290,인텍플러스,KOSDAQ,특수 목적용 기계 제조업,특수 목적용 기계 제조업,조선·기계·설비,14300,54.98,0.0,ARMED,True,False,False,14300,12740,17420,19162.0,59.4,66.0,57.7,48.9,48.9,43.9,78.30000305175781,0.0,,,ARMED,⑤ 하락 / 약세,8.83,64.37,2.54,-18.83,45.26,4,1.0,1.0,0.17,1.0,0.0,0.04,0.73,58.8,60.7,4.22,14.51,1,0,7.84,2.88,-1.04,-8.68,1.56,1,0,1.17,0.58,1,1,12380.0,13890,2.95,-0.0963,2.9,0.68,False,X,▲,13924,▼,O,X,17.209594594594595,32.596756756756754,2.0,4,34.8,0.0,2.0,0.0,🌪️ 에너지 응축 시작 (4일차). 💸 자금 유입 지속. ,0,0,,,78.6,78.4,78.7,🔥 과열,1.자동차·모빌리티(+31.5%) / 2.조선·기계·설비(+26.4%) / 3.반도체(+18.9%) / 4.IT/전기전자(+15.1%) / 5.인프라·에너지(+12.3%),5,45,20260119,20260119,26.29,10.15,-8.68,-18.83
010120,LS ELECTRIC,KOSPI,"전동기, 발전기 및 전기 변환 · 공급 · 제어 장치 제조업","전동기, 발전기 및 전기 변환 · 공급 · 제어 장치 제조업",인프라·에너지,533000,855.02,0.0,WAIT,False,False,True,533000,484000,631000,694100.0,59.1,38.1,64.4,65.2,65.2,67.0,62.400001525878906,0.0,,🚀급등시동,WAIT,① 강한 상승 추세,12.45,93.12,-8.46,40.53,38.4,1,1.0,0.92,0.42,1.0,0.29,0.69,0.33,68.5,66.6,9.05,21.68,0,0,0.0,7.46,4.92,66.82,4.0,1,0,1.45,0.8,1,1,452450.0,526424,1.25,0.1995,0.86,0.72,False,O,▲,523681,▲,O,X,17.386923076923075,8.883846153846154,5.0,6,53.2,28.8,2.0,0.0,💸 자금 유입 지속. 🚀 단기 모멘텀 가속. ⚠️ 단기 급등 조정 주의.,1,830000,1.0,83.0,78.6,78.4,78.7,🔥 과열,1.자동차·모빌리티(+31.5%) / 2.조선·기계·설비(+26.4%) / 3.반도체(+18.9%) / 4.IT/전기전자(+15.1%) / 5.인프라·에너지(+12.3%),1,46,20260119,20260119,26.29,10.15,66.82,40.53
072470,우리산업홀딩스,KOSDAQ,자동차 신품 부품 제조업,자동차 신품 부품 제조업,자동차·모빌리티,3495,56.65,0.0,ATTACK,True,True,False,3495,3185,4115,4526.5,58.9,100.0,48.6,32.6,32.6,44.1,85.9000015258789,0.0,,,ATTACK,④ 바닥 반등 시도,3.4,3.86,-2.89,-32.4,-15.25,1,1.0,0.89,0.47,1.0,0.34,0.05,0.77,63.4,91.7,7.17,12.96,0,0,6.23,10.78,8.04,-22.25,-5.02,0,0,3.54,0.63,1,1,2885.0,3445,1.44,0.213,12.32,1.11,False,O,▲,3234,▲,O,X,26.005714285714284,35.19914285714286,1.0,3,18.5,33.7,2.0,0.0,💰 외국인/기관 수급 집중. 🚀 단기 모멘텀 가속. ⚠️ 단기 급등 조정 주의.,0,0,,,78.6,78.4,78.7,🔥 과열,1.자동차·모빌리티(+31.5%) / 2.조선·기계·설비(+26.4%) / 3.반도체(+18.9%) / 4.IT/전기전자(+15.1%) / 5.인프라·에너지(+12.3%),4,47,20260119,20260119,26.29,10.15,-22.25,-32.4
211270,AP위성,KOSDAQ,통신 및 방송 장비 제조업,통신 및 방송 장비 제조업,IT/전기전자,15090,99.09,0.0,ARMED,True,False,False,15090,13370,18520,20372.0,58.4,33.5,64.6,54.1,54.1,64.3,89.19999694824219,0.0,,,ARMED,② 상승 후 조정,35.09,21.69,28.8,11.05,2.58,0,0.99,1.0,0.13,1.0,0.06,0.08,0.19,69.5,81.3,10.2,39.88,0,0,3.57,-0.33,5.52,21.2,25.46,1,0,2.03,0.75,1,1,11623.0,14872,1.46,-0.3401,0.52,-0.49,False,O,▲,15481,▼,X,X,9.837341772151898,18.689113924050634,4.0,5,82.7,5.9,1.994186046511628,0.0,📉 매도세 우위. 💰 외국인/기관 수급 집중. ⚠️ 단기 급등 조정 주의.,55,840962,55.0,84.1,78.6,78.4,78.7,🔥 과열,1.자동차·모빌리티(+31.5%) / 2.조선·기계·설비(+26.4%) / 3.반도체(+18.9%) / 4.IT/전기전자(+15.1%) / 5.인프라·에너지(+12.3%),2,48,20260119,20260119,26.29,10.15,21.2,11.05
394280,오픈엣지테크놀로지,KOSDAQ,소프트웨어 개발 및 공급업,소프트웨어 개발 및 공급업,IT/전기전자,14130,54.86,0.0,WAIT,False,False,True,14130,12740,16910,18601.0,58.2,38.0,63.2,52.8,52.8,54.2,87.4000015258789,0.0,,,WAIT,③ 박스 / 중립,23.41,10.13,17.12,-1.12,-8.98,0,1.0,0.98,0.31,1.0,0.0,0.04,0.52,44.1,54.2,3.74,39.85,0,0,5.29,2.39,-7.22,9.03,18.94,1,0,1.37,0.58,1,1,12434.0,13646,3.54,-0.1772,0.81,0.61,False,O,▲,13804,▼,O,X,9.837341772151898,18.689113924050634,4.0,5,60.4,0.0,2.0,0.0,특이사항 없음.,52,740000,52.0,74.0,78.6,78.4,78.7,🔥 과열,1.자동차·모빌리티(+31.5%) / 2.조선·기계·설비(+26.4%) / 3.반도체(+18.9%) / 4.IT/전기전자(+15.1%) / 5.인프라·에너지(+12.3%),3,49,20260119,20260119,26.29,10.15,9.03,-1.12
039490,키움증권,KOSPI,금융 지원 서비스업,금융 지원 서비스업,서비스 기타,321500,335.03,0.0,WAIT,False,False,True,321500,295500,373500,410850.00000000006,58.1,37.8,63.2,60.9,60.9,66.2,68.4000015258789,0.0,,🚀급등시동,WAIT,④ 바닥 반등 시도,16.27,44.49,-4.64,-6.1,-10.23,0,1.0,0.81,0.62,1.0,0.09,0.27,0.46,62.0,78.0,4.76,17.34,0,0,-2.58,3.38,7.53,20.19,10.2,1,0,1.28,0.76,1,1,284325.0,324624,-0.96,0.0122,0.9,0.01,False,O,▲,326182,▲,X,X,7.455217391304347,-5.216956521739131,10.0,6,60.7,9.4,2.0,0.0,📉 매도세 우위. 💰 외국인/기관 수급 집중. 📈 상승 모멘텀 개선. ,2,740000,2.0,74.0,78.6,78.4,78.7,🔥 과열,1.자동차·모빌리티(+31.5%) / 2.조선·기계·설비(+26.4%) / 3.반도체(+18.9%) / 4.IT/전기전자(+15.1%) / 5.인프라·에너지(+12.3%),4,50,20260119,20260119,26.29,10.15,20.19,-6.1
039860,나노엔텍,KOSDAQ,의료용 기기 제조업,의료용 기기 제조업,기타,5570,129.66,0.0,ARMED,True,False,False,5570,4455,7800,8580.0,58.0,33.7,64.1,52.8,52.8,58.0,90.30000305175781,0.0,,⚡눌림회복,ARMED,⑤ 하락 / 약세,31.52,54.72,25.23,59.15,35.61,0,1.0,1.0,0.0,1.0,0.0,0.1,0.5,37.7,58.5,1.47,42.37,0,0,1.27,3.53,-6.39,69.3,22.1,0,0,2.12,0.55,1,1,4744.0,5422,2.72,0.0028,0.91,0.35,False,O,▲,5250,▼,O,X,7.377666666666667,14.425583333333332,7.0,5,44.8,0.3,2.0,0.0,📉 매도세 우위. ✅ 20일선 눌림목 구간.,144,807499,144.0,80.7,78.6,78.4,78.7,🔥 과열,1.자동차·모빌리티(+31.5%) / 2.조선·기계·설비(+26.4%) / 3.반도체(+18.9%) / 4.IT/전기전자(+15.1%) / 5.인프라·에너지(+12.3%),5,51,20260119,20260119,26.29,10.15,69.3,59.15
267260,HD현대일렉트릭,KOSPI,"전동기, 발전기 및 전기 변환 · 공급 · 제어 장치 제조업","전동기, 발전기 및 전기 변환 · 공급 · 제어 장치 제조업",인프라·에너지,918000,1548.11,0.0,WAIT,False,False,True,918000,840000,1074000,1181400.0,57.7,46.1,60.6,57.8,57.8,53.6,67.0999984741211,0.0,,,WAIT,⑤ 하락 / 약세,11.68,96.15,-9.23,7.53,41.43,0,1.0,0.85,0.54,1.0,0.08,1.0,0.27,71.2,50.5,9.59,24.18,0,0,1.32,4.79,5.76,33.82,4.77,1,0,1.37,0.85,1,1,787400.0,905376,1.39,0.017,0.96,0.05,False,O,▲,914134,▲,O,X,17.386923076923075,8.883846153846154,5.0,5,55.0,8.1,2.0,0.0,📉 매도세 우위. 📈 상승 모멘텀 개선. ⚠️ 단기 급등 조정 주의.,0,545000,,,78.6,78.4,78.7,🔥 과열,1.자동차·모빌리티(+31.5%) / 2.조선·기계·설비(+26.4%) / 3.반도체(+18.9%) / 4.IT/전기전자(+15.1%) / 5.인프라·에너지(+12.3%),5,52,20260119,20260119,26.29,10.15,33.82,7.53
044490,태웅,KOSDAQ,기타 금속 가공제품 제조업,기타 금속 가공제품 제조업,기타,29750,68.99,0.0,WAIT,False,False,True,29750,26500,36200,39820.0,57.1,59.7,56.4,47.1,47.1,48.8,78.0,0.0,,,WAIT,④ 바닥 반등 시도,8.18,-22.63,1.89,-14.49,-41.74,1,0.99,1.0,0.17,1.0,0.15,0.06,0.33,64.4,59.7,8.78,20.29,0,0,1.88,2.59,8.18,-4.34,7.04,0,0,1.67,0.9,1,1,24370.0,28839,3.16,0.0493,1.27,-0.02,False,O,▼,28789,▲,O,X,7.377666666666667,14.425583333333332,7.0,4,39.7,14.5,1.9846153846153847,0.0,📉 매도세 우위. 🚀 단기 모멘텀 가속. ⚠️ 단기 급등 조정 주의.,0,0,,,78.6,78.4,78.7,🔥 과열,1.자동차·모빌리티(+31.5%) / 2.조선·기계·설비(+26.4%) / 3.반도체(+18.9%) / 4.IT/전기전자(+15.1%) / 5.인프라·에너지(+12.3%),4,53,20260119,20260119,26.29,10.15,-4.34,-14.49
200470,에이팩트,KOSDAQ,반도체 제조업,반도체 제조업,반도체,8000,80.07,0.0,WAIT,False,False,True,8000,6800,10390,11429.000000000002,57.0,8.1,69.2,61.1,61.1,77.7,88.0999984741211,0.0,,🚀급등시동,WAIT,② 상승 후 조정,43.37,250.11,37.08,42.52,231.0,0,0.99,1.0,0.01,1.0,0.15,0.06,0.19,59.3,63.9,10.17,48.33,0,0,-3.96,1.52,13.96,52.67,27.82,1,0,1.6,0.79,1,1,6399.0,8202,-2.47,-0.1815,0.49,-0.02,False,O,▲,8472,▲,X,X,8.782,25.696666666666665,3.0,6,86.9,14.8,1.9916666666666667,0.0,📉 매도세 우위. 💸 자금 유입 지속. ⚠️ 단기 급등 조정 주의.,148,1184686,148.0,118.5,78.6,78.4,78.7,🔥 과열,1.자동차·모빌리티(+31.5%) / 2.조선·기계·설비(+26.4%) / 3.반도체(+18.9%) / 4.IT/전기전자(+15.1%) / 5.인프라·에너지(+12.3%),2,54,20260119,20260119,26.29,10.15,52.67,42.52
107600,새빗켐,KOSDAQ,기타 화학제품 제조업,기타 화학제품 제조업,화학·소재,30800,68.69,0.0,ATTACK,True,True,False,30800,27400,37550,41305.0,57.0,96.0,47.2,34.2,34.2,47.9,77.5999984741211,0.0,,,ATTACK,④ 바닥 반등 시도,-4.5,63.74,-10.79,-27.24,44.63,0,0.99,1.0,0.16,1.0,0.34,0.06,0.95,54.5,70.2,5.59,17.96,0,0,12.0,10.2,6.02,-17.09,-5.0,0,0,2.06,0.76,1,-1,31220.0,29245,5.31,0.2336,4.52,2.44,False,O,▲,27965,▲,O,X,7.139749999999999,-5.23775,11.0,3,27.7,34.0,1.9852941176470589,0.0,💪 매수세 장악(Power Buying). 💰 외국인/기관 수급 집중. 🚀 단기 모멘텀 가속. ⚠️ 단기 급등 조정 주의.,0,0,,,78.6,78.4,78.7,🔥 과열,1.자동차·모빌리티(+31.5%) / 2.조선·기계·설비(+26.4%) / 3.반도체(+18.9%) / 4.IT/전기전자(+15.1%) / 5.인프라·에너지(+12.3%),4,55,20260119,20260119,26.29,10.15,-17.09,-27.24
055550,신한지주,KOSPI,기타 금융업,기타 금융업,금융,79700,772.89,0.0,ARMED,True,False,False,79700,75900,87300,96030.00000000001,56.9,67.7,54.2,63.9,63.9,66.3,31.700000762939453,0.0,,🚀급등시동/⚡눌림회복,ARMED,④ 바닥 반등 시도,4.32,16.86,-16.59,-18.73,-37.86,2,1.0,0.48,1.0,1.0,0.04,0.62,0.54,61.2,53.5,1.96,6.36,1,1,0.63,1.92,0.76,7.56,2.82,1,1,1.28,0.81,1,1,74635.0,79060,0.81,0.0285,1.03,0.65,True,O,▲,79379,▲,O,X,4.08,-12.326176470588237,14.0,6,63.7,4.2,2.0,0.0,🌪️ 에너지 응축 시작 (2일차). 🧱 구조적 지지선(Swing Low) 근접. 🚀 단기 모멘텀 가속. ✅ 20일선 눌림목 구간.,0,0,,,78.6,78.4,78.7,🔥 과열,1.자동차·모빌리티(+31.5%) / 2.조선·기계·설비(+26.4%) / 3.반도체(+18.9%) / 4.IT/전기전자(+15.1%) / 5.인프라·에너지(+12.3%),4,56,20260119,20260119,26.29,10.15,7.56,-18.73
005490,POSCO홀딩스,KOSPI,1차 철강 제조업,1차 철강 제조업,철강·금속,347500,2616.34,0.0,WAIT,False,False,True,347500,321500,399000,438900.00000000006,56.9,56.3,57.1,57.6,57.6,47.7,55.79999923706055,0.0,,,WAIT,④ 바닥 반등 시도,10.85,7.59,-10.06,-13.28,-47.13,0,0.99,0.74,0.73,1.0,0.26,1.0,0.38,63.9,73.7,10.15,23.68,0,0,4.83,12.28,14.88,13.01,1.02,0,0,1.37,0.81,1,1,311100.0,342311,1.52,0.0888,1.39,1.2,False,O,▲,340190,▲,O,X,5.7846153846153845,16.182307692307692,6.0,5,31.0,26.3,1.9807692307692308,0.0,💰 외국인/기관 수급 집중. 🚀 단기 모멘텀 가속. ⚠️ 단기 급등 조정 주의.,0,0,,,78.6,78.4,78.7,🔥 과열,1.자동차·모빌리티(+31.5%) / 2.조선·기계·설비(+26.4%) / 3.반도체(+18.9%) / 4.IT/전기전자(+15.1%) / 5.인프라·에너지(+12.3%),4,57,20260119,20260119,26.29,10.15,13.01,-13.28
019990,에너토크,KOSDAQ,일반 목적용 기계 제조업,일반 목적용 기계 제조업,조선·기계·설비,8100,50.19,0.0,ATTACK,True,True,False,8100,7400,9500,10450.0,56.9,79.6,51.2,38.8,38.8,60.8,80.0999984741211,0.0,,,ATTACK,④ 바닥 반등 시도,12.66,6.16,6.37,-10.89,-12.95,0,1.0,0.86,0.52,1.0,0.39,0.04,0.5,70.0,89.5,10.68,16.67,0,0,4.92,12.34,11.26,-0.74,-6.03,1,1,1.95,0.76,1,1,6843.0,7907,2.44,0.2273,3.32,0.63,False,O,▲,7545,▲,O,X,17.209594594594595,32.596756756756754,2.0,3,57.7,38.8,2.0,0.0,💰 외국인/기관 수급 집중. 🚀 단기 모멘텀 가속. ⚠️ 단기 급등 조정 주의.,0,0,,,78.6,78.4,78.7,🔥 과열,1.자동차·모빌리티(+31.5%) / 2.조선·기계·설비(+26.4%) / 3.반도체(+18.9%) / 4.IT/전기전자(+15.1%) / 5.인프라·에너지(+12.3%),4,58,20260119,20260119,26.29,10.15,-0.74,-10.89
079900,전진건설로봇,KOSPI,특수 목적용 기계 제조업,특수 목적용 기계 제조업,조선·기계·설비,50100,64.82,0.0,ATTACK,True,True,False,50100,46500,57300,63030.00000000001,56.8,96.0,47.0,44.7,44.7,44.0,52.20000076293945,0.0,,,ATTACK,④ 바닥 반등 시도,1.52,-2.72,-19.39,-21.48,-57.44,4,1.0,0.72,0.79,1.0,0.11,0.05,0.56,60.1,62.8,3.94,9.2,1,1,2.24,1.21,1.83,4.81,0.0,0,0,1.61,0.88,1,-1,52280.0,49191,1.85,0.0746,1.64,0.14,False,O,▲,48797,▲,O,X,17.209594594594595,32.596756756756754,2.0,4,29.7,10.8,2.0,0.0,🌪️ 에너지 응축 시작 (4일차). 📉 매도세 우위. 💸 자금 유입 지속. 🚀 단기 모멘텀 가속. ,0,0,,,78.6,78.4,78.7,🔥 과열,1.자동차·모빌리티(+31.5%) / 2.조선·기계·설비(+26.4%) / 3.반도체(+18.9%) / 4.IT/전기전자(+15.1%) / 5.인프라·에너지(+12.3%),4,59,20260119,20260119,26.29,10.15,4.81,-21.48
018260,삼성에스디에스,KOSPI,"컴퓨터 프로그래밍, 시스템 통합 및 관리업","컴퓨터 프로그래밍, 시스템 통합 및 관리업",IT/전기전자,183900,409.58,0.0,WAIT,False,False,True,183900,173600,204500,224950.00000000003,56.7,67.7,54.0,61.5,61.5,66.7,36.599998474121094,0.0,,🚀급등시동,WAIT,⑤ 하락 / 약세,6.67,3.2,-14.24,-16.83,-51.52,0,1.0,0.56,0.98,1.0,0.04,0.33,0.52,64.6,62.3,5.06,10.68,0,0,2.17,4.97,3.84,9.46,3.25,1,1,1.15,0.83,1,1,166240.0,180214,2.04,-0.0089,1.31,0.3,False,O,▲,180225,▲,O,X,9.837341772151898,18.689113924050634,4.0,6,64.7,4.1,2.0,0.0,📉 매도세 우위. 💸 자금 유입 지속. ⚠️ 단기 급등 조정 주의.,0,0,,,78.6,78.4,78.7,🔥 과열,1.자동차·모빌리티(+31.5%) / 2.조선·기계·설비(+26.4%) / 3.반도체(+18.9%) / 4.IT/전기전자(+15.1%) / 5.인프라·에너지(+12.3%),5,60,20260119,20260119,26.29,10.15,9.46,-16.83
005950,이수화학,KOSPI,기초 화학물질 제조업,기초 화학물질 제조업,화학·소재,9600,575.51,0.0,ATTACK,True,True,False,9600,8770,11260,12386.000000000002,56.7,100.0,45.9,29.7,29.7,57.4,83.69999694824219,0.0,,,ATTACK,③ 박스 / 중립,5.96,45.23,-14.95,0.86,-9.49,0,1.0,0.86,0.51,1.0,0.49,0.46,0.64,66.4,83.6,13.81,18.05,0,0,18.37,17.07,14.01,27.15,-1.88,1,0,3.55,0.73,1,1,7733.0,9174,4.64,0.2882,10.47,2.94,False,O,▲,8255,▲,O,X,7.139749999999999,-5.23775,11.0,2,44.0,49.0,2.0,0.0,💪 매수세 장악(Power Buying). 💰 외국인/기관 수급 집중. 🚀 단기 모멘텀 가속. ⚠️ 단기 급등 조정 주의.,0,0,,,78.6,78.4,78.7,🔥 과열,1.자동차·모빌리티(+31.5%) / 2.조선·기계·설비(+26.4%) / 3.반도체(+18.9%) / 4.IT/전기전자(+15.1%) / 5.인프라·에너지(+12.3%),3,61,20260119,20260119,26.29,10.15,27.15,0.86
203400,에이비온,KOSDAQ,자연과학 및 공학 연구개발업,자연과학 및 공학 연구개발업,기타,3720,96.82,0.0,WAIT,False,False,True,3720,3015,5130,5643.000000000001,56.6,36.4,61.6,49.6,49.6,61.9,89.5,0.0,,,WAIT,② 상승 후 조정,32.38,-3.43,26.09,34.65,-22.54,0,1.0,1.0,0.0,1.0,0.0,0.08,0.18,68.4,71.2,11.37,52.02,0,0,7.2,-0.27,-1.33,44.8,34.89,1,0,1.74,0.67,1,1,3073.5,3558,4.55,-0.3355,0.87,-0.44,False,O,▲,3744,▼,X,X,7.377666666666667,14.425583333333332,7.0,4,79.7,0.0,2.0,0.0,📉 매도세 우위. 💰 외국인/기관 수급 집중. ⚠️ 단기 급등 조정 주의.,166,620000,166.0,62.0,78.6,78.4,78.7,🔥 과열,1.자동차·모빌리티(+31.5%) / 2.조선·기계·설비(+26.4%) / 3.반도체(+18.9%) / 4.IT/전기전자(+15.1%) / 5.인프라·에너지(+12.3%),2,62,20260119,20260119,26.29,10.15,44.8,34.65
042370,비츠로테크,KOSDAQ,기타 금융업,기타 금융업,금융,10730,184.11,0.0,ARMED,True,False,False,10730,9550,13090,14399.000000000002,56.5,85.0,49.4,34.8,34.8,46.0,83.5,0.0,,,ARMED,② 상승 후 조정,19.89,21.66,13.6,8.68,2.55,0,1.0,1.0,0.17,1.0,0.15,0.15,0.23,72.7,81.8,12.52,30.78,0,0,4.48,-1.56,13.79,18.83,5.94,0,0,2.3,0.7,1,1,9230.5,10385,3.32,-0.1468,1.69,-0.47,False,O,▲,10596,▲,O,X,4.08,-12.326176470588237,14.0,3,32.7,14.6,2.0,0.0,📉 매도세 우위. 💰 외국인/기관 수급 집중. ⚠️ 단기 급등 조정 주의.,0,0,,,78.6,78.4,78.7,🔥 과열,1.자동차·모빌리티(+31.5%) / 2.조선·기계·설비(+26.4%) / 3.반도체(+18.9%) / 4.IT/전기전자(+15.1%) / 5.인프라·에너지(+12.3%),2,63,20260119,20260119,26.29,10.15,18.83,8.68
950160,코오롱티슈진,KOSDAQ,기초 의약물질 제조업,기초 의약물질 제조업,기타,75500,261.75,0.0,ARMED,True,False,False,75500,66600,93200,102520.00000000001,56.1,32.1,62.1,62.6,62.6,66.7,61.099998474121094,0.0,,⚡눌림회복,ARMED,① 강한 상승 추세,4.72,81.06,-1.57,58.57,61.95,3,0.99,1.0,0.1,1.0,0.28,0.21,0.56,50.9,47.9,2.32,13.3,1,0,1.07,3.57,5.01,68.72,6.8,1,0,1.2,0.71,1,1,67685.0,74010,2.01,0.1926,0.88,0.91,False,O,▲,72469,▲,O,X,7.377666666666667,14.425583333333332,7.0,6,52.7,28.1,1.9887640449438202,0.0,🌪️ 에너지 응축 시작 (3일차). 🚀 단기 모멘텀 가속. ,8,649322,8.0,64.9,78.6,78.4,78.7,🔥 과열,1.자동차·모빌리티(+31.5%) / 2.조선·기계·설비(+26.4%) / 3.반도체(+18.9%) / 4.IT/전기전자(+15.1%) / 5.인프라·에너지(+12.3%),1,64,20260119,20260119,26.29,10.15,68.72,58.57
015750,성우하이텍,KOSDAQ,자동차 신품 부품 제조업,자동차 신품 부품 제조업,자동차·모빌리티,7660,167.74,0.0,ATTACK,True,True,False,7660,6980,9010,9911.0,55.8,75.6,50.9,37.5,37.5,69.1,82.0999984741211,0.0,,📦박스돌파,ATTACK,③ 박스 / 중립,11.01,29.39,4.72,0.7,10.28,3,0.99,0.88,0.47,1.0,0.57,0.13,0.34,72.5,66.1,11.55,17.43,0,0,1.06,14.67,13.65,10.85,-1.98,1,1,1.95,0.58,1,1,6610.0,7585,0.98,0.3558,1.85,0.85,False,O,▲,7101,▲,O,X,26.005714285714284,35.19914285714286,1.0,3,44.5,56.6,1.9852941176470589,0.0,💸 자금 유입 지속. 🚀 단기 모멘텀 가속. ⚠️ 단기 급등 조정 주의.,0,0,,,78.6,78.4,78.7,🔥 과열,1.자동차·모빌리티(+31.5%) / 2.조선·기계·설비(+26.4%) / 3.반도체(+18.9%) / 4.IT/전기전자(+15.1%) / 5.인프라·에너지(+12.3%),3,65,20260119,20260119,26.29,10.15,10.85,0.7
030530,원익홀딩스,KOSDAQ,기초 화학물질 제조업,기초 화학물질 제조업,화학·소재,44300,1195.85,0.0,ARMED,True,False,False,44300,37150,58600,64460.00000000001,55.6,18.2,65.0,57.2,57.2,53.0,83.19999694824219,0.0,,,ARMED,② 상승 후 조정,38.65,633.44,32.36,67.05,614.33,0,1.0,1.0,0.0,1.0,0.01,0.96,0.34,57.5,73.4,8.3,47.13,0,0,4.24,12.87,1.26,77.2,23.27,0,0,2.0,0.68,1,1,35725.0,42614,3.95,-0.0139,0.43,0.91,False,O,▲,42022,▼,O,X,7.139749999999999,-5.23775,11.0,5,56.8,1.3,2.0,0.0,💰 외국인/기관 수급 집중. ⚠️ 단기 급등 조정 주의.,19,875000,19.0,87.5,78.6,78.4,78.7,🔥 과열,1.자동차·모빌리티(+31.5%) / 2.조선·기계·설비(+26.4%) / 3.반도체(+18.9%) / 4.IT/전기전자(+15.1%) / 5.인프라·에너지(+12.3%),2,66,20260119,20260119,26.29,10.15,77.2,67.05
200710,에이디테크놀로지,KOSDAQ,반도체 제조업,반도체 제조업,반도체,34050,155.74,0.0,ARMED,True,False,False,34050,29250,43600,47960.00000000001,55.6,30.1,62.0,52.8,52.8,58.5,83.4000015258789,0.0,,,ARMED,⑤ 하락 / 약세,25.18,62.92,18.89,15.96,43.81,0,0.99,1.0,0.02,1.0,0.13,0.12,0.32,45.6,53.2,8.41,33.54,0,0,5.75,9.13,7.58,26.11,15.9,1,0,2.22,0.69,1,1,29487.5,32222,5.67,0.0434,0.68,0.37,False,O,▲,31955,▲,O,X,8.782,25.696666666666665,3.0,5,64.7,13.2,1.9895833333333333,0.0,📉 매도세 우위. 🚀 단기 모멘텀 가속. ⚠️ 단기 급등 조정 주의.,18,642408,18.0,64.2,78.6,78.4,78.7,🔥 과열,1.자동차·모빌리티(+31.5%) / 2.조선·기계·설비(+26.4%) / 3.반도체(+18.9%) / 4.IT/전기전자(+15.1%) / 5.인프라·에너지(+12.3%),5,67,20260119,20260119,26.29,10.15,26.11,15.96
180640,한진칼,KOSPI,기타 금융업,기타 금융업,금융,128700,133.77,0.0,WAIT,False,False,True,128700,115900,154300,169730.0,55.4,51.8,56.3,50.9,50.9,47.9,68.80000305175781,0.0,,,WAIT,③ 박스 / 중립,10.09,10.28,-10.82,1.64,-44.44,1,1.0,0.99,0.29,1.0,0.44,0.11,0.39,64.5,52.0,7.14,17.03,0,0,0.31,8.88,9.81,27.93,2.35,0,0,1.29,0.64,1,1,114930.0,125803,2.3,0.2852,0.96,0.2,False,O,▲,121250,▲,O,X,4.08,-12.326176470588237,14.0,5,22.8,44.1,2.0,0.0,📉 매도세 우위. 🚀 단기 모멘텀 가속. ⚠️ 단기 급등 조정 주의.,0,0,,,78.6,78.4,78.7,🔥 과열,1.자동차·모빌리티(+31.5%) / 2.조선·기계·설비(+26.4%) / 3.반도체(+18.9%) / 4.IT/전기전자(+15.1%) / 5.인프라·에너지(+12.3%),3,68,20260119,20260119,26.29,10.15,27.93,1.64
008830,대동기어,KOSDAQ,특수 목적용 기계 제조업,특수 목적용 기계 제조업,조선·기계·설비,17680,50.36,0.0,ATTACK,True,True,False,17680,16190,20700,22770.000000000004,55.4,90.2,46.7,30.2,30.2,48.7,85.19999694824219,0.0,,,ATTACK,③ 박스 / 중립,4.74,-0.84,-1.55,-0.88,-19.95,5,1.0,0.85,0.56,1.0,0.16,0.04,0.51,58.7,73.6,3.95,11.57,1,0,2.61,1.67,4.68,9.27,-0.92,1,0,1.9,0.66,1,1,15971.0,17328,2.03,0.0907,1.17,-0.11,False,O,▲,17173,▲,O,X,17.209594594594595,32.596756756756754,2.0,3,38.9,15.7,2.0268456375838926,0.0,🌪️ 5일 연속 응축 중! 폭발 임박. 📉 매도세 우위. 💰 외국인/기관 수급 집중. 🚀 단기 모멘텀 가속. ,0,0,,,78.6,78.4,78.7,🔥 과열,1.자동차·모빌리티(+31.5%) / 2.조선·기계·설비(+26.4%) / 3.반도체(+18.9%) / 4.IT/전기전자(+15.1%) / 5.인프라·에너지(+12.3%),3,69,20260119,20260119,26.29,10.15,9.27,-0.88
178320,서진시스템,KOSDAQ,기타 전기장비 제조업,기타 전기장비 제조업,IT/전기전자,29100,277.52,0.0,NEUTRAL,False,False,False,29100,26150,35000,38500.0,55.1,87.3,47.1,42.9,42.9,70.3,56.79999923706055,0.0,,📦박스돌파,NEUTRAL,③ 박스 / 중립,9.6,37.26,3.31,-3.16,18.15,4,1.0,1.0,0.27,1.0,0.35,0.22,0.36,67.3,83.9,10.81,16.97,0,0,5.05,7.78,8.99,6.99,-5.08,1,1,1.17,0.93,1,1,22965.0,27792,4.71,0.2167,2.08,0.52,False,O,▲,27257,▲,O,X,9.837341772151898,18.689113924050634,4.0,4,58.1,35.2,2.0,0.0,📉 매도세 우위. 💰 외국인/기관 수급 집중. 🚀 단기 모멘텀 가속. ⚠️ 단기 급등 조정 주의.,0,0,,,78.6,78.4,78.7,🔥 과열,1.자동차·모빌리티(+31.5%) / 2.조선·기계·설비(+26.4%) / 3.반도체(+18.9%) / 4.IT/전기전자(+15.1%) / 5.인프라·에너지(+12.3%),3,70,20260119,20260119,26.29,10.15,6.99,-3.16
131400,이브이첨단소재,KOSDAQ,전자부품 제조업,전자부품 제조업,IT/전기전자,1561,147.72,0.0,ARMED,True,False,False,1561,1376,1930,2123.0,55.0,90.0,46.2,28.6,28.6,41.0,87.4000015258789,0.0,,,ARMED,⑤ 하락 / 약세,9.47,-24.77,3.18,-27.78,-43.88,3,0.99,1.0,0.1,1.0,0.09,0.12,0.76,61.6,84.2,8.16,14.98,1,0,9.01,8.7,8.33,-17.63,-0.87,1,0,3.13,0.43,1,1,1317.9,1546,0.92,-0.0522,5.39,1.6,False,X,▼,1483,▲,O,X,9.837341772151898,18.689113924050634,4.0,2,23.1,8.8,1.9945945945945946,0.0,🌪️ 에너지 응축 시작 (3일차). 💪 매수세 장악(Power Buying). 💰 외국인/기관 수급 집중. ⚠️ 단기 급등 조정 주의.,0,0,,,78.6,78.4,78.7,🔥 과열,1.자동차·모빌리티(+31.5%) / 2.조선·기계·설비(+26.4%) / 3.반도체(+18.9%) / 4.IT/전기전자(+15.1%) / 5.인프라·에너지(+12.3%),5,71,20260119,20260119,26.29,10.15,-17.63,-27.78
028670,팬오션,KOSPI,해상 운송업,해상 운송업,기타,4185,110.6,0.0,WAIT,False,False,True,4185,3965,4620,5082.0,54.9,71.8,50.7,59.7,59.7,61.2,29.700000762939453,0.0,,,WAIT,④ 바닥 반등 시도,4.49,0.24,-16.42,-21.4,-54.48,0,0.99,0.52,1.0,1.0,0.34,0.09,0.6,70.6,63.1,6.25,11.84,0,0,0.72,6.62,10.13,4.89,1.34,1,1,1.25,0.91,1,1,3788.0,4082,2.52,0.1962,1.36,1.75,False,O,▲,4079,▲,O,X,7.377666666666667,14.425583333333332,7.0,5,60.9,34.0,1.9772727272727273,0.0,💪 매수세 장악(Power Buying). 💸 자금 유입 지속. 🚀 단기 모멘텀 가속. ⚠️ 단기 급등 조정 주의.,0,0,,,78.6,78.4,78.7,🔥 과열,1.자동차·모빌리티(+31.5%) / 2.조선·기계·설비(+26.4%) / 3.반도체(+18.9%) / 4.IT/전기전자(+15.1%) / 5.인프라·에너지(+12.3%),4,72,20260119,20260119,26.29,10.15,4.89,-21.4
086790,하나금융지주,KOSPI,기타 금융업,기타 금융업,금융,96200,587.13,0.0,WAIT,False,False,True,96200,92200,104100,114510.00000000001,54.7,56.9,54.1,62.8,62.8,66.6,33.79999923706055,0.0,,⚡눌림회복/📦박스돌파,WAIT,④ 바닥 반등 시도,3.66,5.48,-17.25,-17.71,-49.24,4,0.98,0.41,0.97,1.0,0.12,0.47,0.58,60.2,65.0,2.19,5.94,0,1,-0.21,2.34,2.23,8.58,0.77,1,1,0.89,0.81,1,1,90730.0,95633,0.59,0.0802,1.08,1.01,True,O,▲,95335,▲,O,X,4.08,-12.326176470588237,14.0,6,60.7,11.9,1.975,0.0,🔇 변동성 축소 (BW 5.9%). 🧱 구조적 지지선(Swing Low) 근접. 💸 자금 유입 지속. 🚀 단기 모멘텀 가속. ,0,0,,,78.6,78.4,78.7,🔥 과열,1.자동차·모빌리티(+31.5%) / 2.조선·기계·설비(+26.4%) / 3.반도체(+18.9%) / 4.IT/전기전자(+15.1%) / 5.인프라·에너지(+12.3%),4,73,20260119,20260119,26.29,10.15,8.58,-17.71
092200,디아이씨,KOSPI,자동차 신품 부품 제조업,자동차 신품 부품 제조업,자동차·모빌리티,12890,389.65,0.0,ARMED,True,False,False,12890,10390,17890,19679.0,54.6,32.0,60.2,49.6,49.6,45.2,84.80000305175781,0.0,,⚡눌림회복,ARMED,⑤ 하락 / 약세,6.62,194.97,-14.29,124.49,140.25,0,1.0,1.0,0.0,1.0,0.1,0.31,0.63,49.4,45.1,1.57,30.65,0,0,7.6,9.14,-10.67,150.78,1.71,0,0,2.01,0.44,1,1,11392.0,12494,3.16,0.0834,1.23,1.57,False,O,▲,12034,▼,O,X,26.005714285714284,35.19914285714286,1.0,4,8.1,9.9,2.0,0.0,💪 매수세 장악(Power Buying). 🚀 단기 모멘텀 가속. ✅ 20일선 눌림목 구간.,39,515000,39.0,51.5,78.6,78.4,78.7,🔥 과열,1.자동차·모빌리티(+31.5%) / 2.조선·기계·설비(+26.4%) / 3.반도체(+18.9%) / 4.IT/전기전자(+15.1%) / 5.인프라·에너지(+12.3%),5,74,20260119,20260119,26.29,10.15,150.78,124.49
065350,신성델타테크,KOSDAQ,가정용 기기 제조업,가정용 기기 제조업,기타,60700,159.26,0.0,NEUTRAL,False,False,False,60700,55500,71000,78100.0,54.3,84.4,46.8,37.0,37.0,54.8,69.69999694824219,0.0,,,NEUTRAL,③ 박스 / 중립,4.12,-14.14,-2.17,-1.37,-33.25,2,0.99,0.85,0.53,1.0,0.28,0.13,0.6,58.4,50.1,5.44,12.18,0,0,4.84,11.79,4.12,8.78,-4.14,1,0,0.92,0.86,1,1,50190.0,59034,2.82,0.2016,1.74,0.95,False,O,▲,57888,▲,O,X,7.377666666666667,14.425583333333332,7.0,3,48.0,28.2,1.9807692307692308,0.0,🚀 단기 모멘텀 가속. ⚠️ 단기 급등 조정 주의.,0,0,,,78.6,78.4,78.7,🔥 과열,1.자동차·모빌리티(+31.5%) / 2.조선·기계·설비(+26.4%) / 3.반도체(+18.9%) / 4.IT/전기전자(+15.1%) / 5.인프라·에너지(+12.3%),3,75,20260119,20260119,26.29,10.15,8.78,-1.37
017960,한국카본,KOSPI,"구조용 금속제품, 탱크 및 증기발생기 제조업","구조용 금속제품, 탱크 및 증기발생기 제조업",기타,36600,307.74,0.0,WAIT,False,False,True,36600,31850,46100,50710.00000000001,54.2,32.5,59.6,52.6,52.6,55.4,75.9000015258789,0.0,,,WAIT,⑤ 하락 / 약세,17.5,35.56,-3.41,-26.56,-19.16,0,1.0,1.0,0.04,1.0,0.32,0.25,0.24,61.8,67.1,9.81,41.0,0,0,4.72,-7.81,30.25,-0.27,4.74,1,0,1.53,0.68,1,1,31815.0,36777,-0.48,-0.3722,0.88,-1.62,False,O,▲,37739,▲,X,X,7.377666666666667,14.425583333333332,7.0,5,47.5,32.1,2.0,0.0,📉 매도세 우위. 💸 자금 유입 지속. ⚠️ 단기 급등 조정 주의.,0,0,,,78.6,78.4,78.7,🔥 과열,1.자동차·모빌리티(+31.5%) / 2.조선·기계·설비(+26.4%) / 3.반도체(+18.9%) / 4.IT/전기전자(+15.1%) / 5.인프라·에너지(+12.3%),5,76,20260119,20260119,26.29,10.15,-0.27,-26.56
099440,스맥,KOSDAQ,특수 목적용 기계 제조업,특수 목적용 기계 제조업,조선·기계·설비,6780,412.06,0.0,ATTACK,True,True,False,6780,5690,8950,9845.0,54.2,66.0,51.2,43.8,43.8,59.3,68.5,0.0,,,ATTACK,① 강한 상승 추세,1.95,72.96,-4.34,53.03,53.85,2,0.99,1.0,0.0,1.0,0.58,0.33,0.66,54.1,67.0,7.34,21.59,1,0,11.88,14.33,14.14,63.18,-1.37,1,0,3.47,0.73,1,1,5666.0,6315,7.36,0.3675,1.87,2.47,False,O,▲,6007,▲,O,X,17.209594594594595,32.596756756756754,2.0,4,44.0,58.5,1.9908256880733946,0.0,🌪️ 에너지 응축 시작 (2일차). 💪 매수세 장악(Power Buying). 💸 자금 유입 지속. 🚀 단기 모멘텀 가속. ⚠️ 단기 급등 조정 주의.,0,0,,,78.6,78.4,78.7,🔥 과열,1.자동차·모빌리티(+31.5%) / 2.조선·기계·설비(+26.4%) / 3.반도체(+18.9%) / 4.IT/전기전자(+15.1%) / 5.인프라·에너지(+12.3%),1,77,20260119,20260119,26.29,10.15,63.18,53.03
048410,현대바이오,KOSDAQ,기타 화학제품 제조업,기타 화학제품 제조업,화학·소재,5670,110.01,0.0,NEUTRAL,False,False,False,5670,5170,6670,7337.000000000001,54.2,54.5,54.1,43.1,43.1,62.5,79.80000305175781,0.0,,,NEUTRAL,③ 박스 / 중립,8.41,-18.36,2.12,-3.17,-37.47,2,1.0,0.88,0.48,1.0,0.56,0.09,0.57,61.7,74.9,9.13,19.03,0,0,-3.74,5.98,11.61,6.98,-6.16,1,1,1.44,0.69,1,1,4800.5,5620,0.87,0.3692,2.99,1.09,False,O,▼,5348,▲,O,X,7.139749999999999,-5.23775,11.0,4,53.2,56.0,2.0,0.0,💰 외국인/기관 수급 집중. 🚀 단기 모멘텀 가속. ⚠️ 단기 급등 조정 주의.,0,0,,,78.6,78.4,78.7,🔥 과열,1.자동차·모빌리티(+31.5%) / 2.조선·기계·설비(+26.4%) / 3.반도체(+18.9%) / 4.IT/전기전자(+15.1%) / 5.인프라·에너지(+12.3%),3,78,20260119,20260119,26.29,10.15,6.98,-3.17
032830,삼성생명,KOSPI,보험업,보험업,금융,167000,597.11,0.0,ARMED,True,False,False,167000,154500,192000,211200.00000000003,53.8,65.1,51.0,52.9,52.9,43.0,46.70000076293945,0.0,,,ARMED,④ 바닥 반등 시도,8.72,27.19,-12.19,-21.65,-27.53,1,1.0,0.75,0.73,1.0,0.19,0.48,0.63,55.5,47.7,3.83,10.83,1,0,-2.11,5.63,1.77,4.64,3.72,0,0,1.15,0.62,1,1,150700.0,165195,1.09,0.1406,1.32,1.34,False,O,▲,163035,▲,O,X,4.08,-12.326176470588237,14.0,5,23.2,18.5,2.0,0.0,🌪️ 에너지 응축 시작 (1일차). 🚀 단기 모멘텀 가속. ,0,0,,,78.6,78.4,78.7,🔥 과열,1.자동차·모빌리티(+31.5%) / 2.조선·기계·설비(+26.4%) / 3.반도체(+18.9%) / 4.IT/전기전자(+15.1%) / 5.인프라·에너지(+12.3%),4,79,20260119,20260119,26.29,10.15,4.64,-21.65
064960,SNT모티브,KOSPI,자동차 신품 부품 제조업,자동차 신품 부품 제조업,자동차·모빌리티,37950,100.21,0.0,NEUTRAL,False,False,False,37950,34650,44550,49005.00000000001,53.8,83.1,46.5,40.0,40.0,61.9,61.79999923706055,0.0,,,NEUTRAL,④ 바닥 반등 시도,11.29,15.0,-9.62,-19.39,-39.72,2,1.0,0.87,0.51,1.0,0.4,0.08,0.47,63.4,60.8,8.99,16.8,0,0,4.83,10.16,13.45,6.9,-4.06,1,1,0.95,0.85,1,1,32370.0,37064,2.39,0.2145,2.58,0.31,False,O,▲,36267,▲,O,X,26.005714285714284,35.19914285714286,1.0,4,60.0,39.6,2.0,0.0,📉 매도세 우위. 💸 자금 유입 지속. 🚀 단기 모멘텀 가속. ⚠️ 단기 급등 조정 주의.,0,0,,,78.6,78.4,78.7,🔥 과열,1.자동차·모빌리티(+31.5%) / 2.조선·기계·설비(+26.4%) / 3.반도체(+18.9%) / 4.IT/전기전자(+15.1%) / 5.인프라·에너지(+12.3%),4,80,20260119,20260119,26.29,10.15,6.9,-19.39
035510,신세계 I&C,KOSPI,"컴퓨터 프로그래밍, 시스템 통합 및 관리업","컴퓨터 프로그래밍, 시스템 통합 및 관리업",IT/전기전자,17050,66.56,0.0,ATTACK,True,True,False,17050,15800,19540,21494.0,53.8,90.2,44.7,30.2,30.2,41.6,78.5999984741211,0.0,,,ATTACK,④ 바닥 반등 시도,-2.74,3.08,-23.65,-15.36,-51.64,0,0.99,0.73,0.76,1.0,0.34,0.05,0.73,53.8,58.6,3.31,17.02,0,0,3.21,7.64,4.41,10.93,-4.31,0,0,1.33,0.55,1,1,15225.0,16588,2.78,0.2455,2.15,1.43,False,O,▲,15794,▲,O,X,9.837341772151898,18.689113924050634,4.0,3,12.2,33.7,1.992,0.0,🚀 단기 모멘텀 가속. ,0,0,,,78.6,78.4,78.7,🔥 과열,1.자동차·모빌리티(+31.5%) / 2.조선·기계·설비(+26.4%) / 3.반도체(+18.9%) / 4.IT/전기전자(+15.1%) / 5.인프라·에너지(+12.3%),4,81,20260119,20260119,26.29,10.15,10.93,-15.36
307180,아이엘,KOSDAQ,전구 및 조명장치 제조업,전구 및 조명장치 제조업,기타,3870,72.86,0.0,ARMED,True,False,False,3870,3130,5350,5885.000000000001,53.6,27.9,60.0,48.1,48.1,55.5,87.9000015258789,0.0,,,ARMED,② 상승 후 조정,27.72,51.76,21.43,30.58,32.65,0,1.0,1.0,0.0,1.0,0.03,0.06,0.22,66.4,76.4,10.09,35.52,0,0,1.71,7.05,2.79,40.73,16.96,1,0,2.66,0.64,1,1,2887.5,3957,-2.22,-0.0607,0.78,-0.17,False,O,▲,3948,▲,X,X,7.377666666666667,14.425583333333332,7.0,4,62.4,3.0,2.0,0.0,📉 매도세 우위. 💰 외국인/기관 수급 집중. ⚠️ 단기 급등 조정 주의.,129,500000,129.0,50.0,78.6,78.4,78.7,🔥 과열,1.자동차·모빌리티(+31.5%) / 2.조선·기계·설비(+26.4%) / 3.반도체(+18.9%) / 4.IT/전기전자(+15.1%) / 5.인프라·에너지(+12.3%),2,82,20260119,20260119,26.29,10.15,40.73,30.58
014680,한솔케미칼,KOSPI,기초 화학물질 제조업,기초 화학물질 제조업,화학·소재,245500,88.48,0.0,WAIT,False,False,True,245500,225500,285000,313500.0,53.5,47.7,54.9,55.8,55.8,56.3,52.70000076293945,0.0,,,WAIT,④ 바닥 반등 시도,9.35,35.79,-11.56,-6.53,-18.93,0,0.98,0.8,0.61,1.0,0.09,0.07,0.61,65.6,64.8,4.93,19.36,0,0,-0.41,6.28,-1.21,19.76,5.14,1,1,1.21,0.7,1,1,223150.0,241931,1.48,0.073,0.67,2.09,False,O,▲,244294,▲,O,X,7.139749999999999,-5.23775,11.0,5,61.5,8.6,1.975,0.0,💪 매수세 장악(Power Buying). 💸 자금 유입 지속. 🚀 단기 모멘텀 가속. ,0,0,,,78.6,78.4,78.7,🔥 과열,1.자동차·모빌리티(+31.5%) / 2.조선·기계·설비(+26.4%) / 3.반도체(+18.9%) / 4.IT/전기전자(+15.1%) / 5.인프라·에너지(+12.3%),4,83,20260119,20260119,26.29,10.15,19.76,-6.53
192820,코스맥스,KOSPI,기타 화학제품 제조업,기타 화학제품 제조업,화학·소재,184100,189.85,0.0,WAIT,False,False,True,184100,171600,209000,229900.00000000003,53.4,37.6,57.3,59.2,59.2,60.8,52.79999923706055,0.0,,,WAIT,④ 바닥 반등 시도,7.98,-24.55,-12.93,-37.99,-79.27,0,0.99,0.68,0.85,1.0,0.21,0.15,0.55,70.8,72.0,6.4,15.61,0,0,-1.71,6.35,6.42,-11.7,4.35,1,1,1.65,0.84,1,1,165010.0,181260,1.57,0.1229,1.11,1.49,False,X,▼,181522,▲,O,X,7.139749999999999,-5.23775,11.0,5,66.4,21.3,1.992,0.0,💰 외국인/기관 수급 집중. 🚀 단기 모멘텀 가속. ⚠️ 단기 급등 조정 주의.,0,0,,,78.6,78.4,78.7,🔥 과열,1.자동차·모빌리티(+31.5%) / 2.조선·기계·설비(+26.4%) / 3.반도체(+18.9%) / 4.IT/전기전자(+15.1%) / 5.인프라·에너지(+12.3%),4,84,20260119,20260119,26.29,10.15,-11.7,-37.99
033500,동성화인텍,KOSDAQ,기초 화학물질 제조업,기초 화학물질 제조업,화학·소재,28000,53.1,0.0,WAIT,False,False,True,28000,25400,33150,36465.0,53.0,41.1,56.0,52.4,52.4,53.3,64.5,0.0,,,WAIT,⑤ 하락 / 약세,4.67,19.15,-1.62,-18.2,0.04,0,0.99,0.92,0.4,1.0,0.14,0.04,0.48,56.4,65.8,3.96,20.22,0,0,4.67,-5.08,13.59,-8.05,6.2,1,0,1.26,0.7,1,1,24900.0,27753,0.89,-0.204,0.91,-1.58,False,X,▼,28160,▲,X,X,7.139749999999999,-5.23775,11.0,5,51.1,14.4,1.9807692307692308,0.0,📉 매도세 우위. 💸 자금 유입 지속. ,0,0,,,78.6,78.4,78.7,🔥 과열,1.자동차·모빌리티(+31.5%) / 2.조선·기계·설비(+26.4%) / 3.반도체(+18.9%) / 4.IT/전기전자(+15.1%) / 5.인프라·에너지(+12.3%),5,85,20260119,20260119,26.29,10.15,-8.05,-18.2
034220,LG디스플레이,KOSPI,전자부품 제조업,전자부품 제조업,IT/전기전자,12460,246.88,0.0,WAIT,False,False,True,12460,11700,13970,15367.000000000002,53.0,57.7,51.8,50.7,50.7,50.5,54.5,0.0,,,WAIT,④ 바닥 반등 시도,2.47,36.77,-18.44,-38.48,-17.95,0,0.99,0.61,0.94,1.0,0.14,0.2,0.62,62.0,71.3,3.29,8.2,0,1,-0.48,4.01,3.66,-12.19,0.86,1,1,1.24,0.56,1,-1,12672.0,12359,0.81,0.0855,1.08,1.37,False,X,▲,12270,▲,O,X,9.837341772151898,18.689113924050634,4.0,5,44.2,14.0,1.986842105263158,0.0,🔇 변동성 축소 (BW 8.2%). 💰 외국인/기관 수급 집중. 🚀 단기 모멘텀 가속. ,0,0,,,78.6,78.4,78.7,🔥 과열,1.자동차·모빌리티(+31.5%) / 2.조선·기계·설비(+26.4%) / 3.반도체(+18.9%) / 4.IT/전기전자(+15.1%) / 5.인프라·에너지(+12.3%),4,86,20260119,20260119,26.29,10.15,-12.19,-38.48
351870,차이커뮤니케이션,KOSDAQ,광고업,광고업,미디어·콘텐츠,4935,73.12,0.0,ATTACK,True,True,False,4935,4325,6160,6776.000000000001,53.0,86.0,44.8,27.6,27.6,40.1,85.0,0.0,,,ATTACK,④ 바닥 반등 시도,0.41,-31.55,-5.88,-25.21,-50.66,2,1.0,1.0,0.07,1.0,0.15,0.06,0.95,54.4,91.5,3.55,15.75,1,0,11.4,7.63,0.71,-15.06,-6.99,0,1,4.07,0.44,1,-1,5029.0,4939,-0.08,0.1227,15.38,1.9,False,X,▼,4499,▲,O,X,9.184285714285716,-1.5899999999999994,9.0,2,17.6,15.3,2.0081967213114753,0.0,🌪️ 에너지 응축 시작 (2일차). 💪 매수세 장악(Power Buying). 💰 외국인/기관 수급 집중. 🚀 단기 모멘텀 가속. ,0,0,,,78.6,78.4,78.7,🔥 과열,1.자동차·모빌리티(+31.5%) / 2.조선·기계·설비(+26.4%) / 3.반도체(+18.9%) / 4.IT/전기전자(+15.1%) / 5.인프라·에너지(+12.3%),4,87,20260119,20260119,26.29,10.15,-15.06,-25.21
033780,KT&G,KOSPI,담배 제조업,담배 제조업,기타,144800,494.47,0.0,ARMED,True,False,False,144800,139600,155200,170720.0,52.9,82.7,45.5,48.5,48.5,48.7,38.5,0.0,,⚡눌림회복,ARMED,④ 바닥 반등 시도,-0.34,6.08,-21.25,-21.21,-48.64,2,1.0,0.36,0.91,1.0,0.06,0.4,0.5,50.0,47.5,0.92,4.2,1,1,1.76,0.77,2.12,5.08,0.57,0,0,1.08,0.62,1,1,137060.0,143465,0.93,0.0355,1.35,-0.2,True,O,▲,143166,▲,O,X,7.377666666666667,14.425583333333332,7.0,4,18.5,6.4,2.0,0.0,🌪️ 에너지 응축 시작 (2일차). 🧱 구조적 지지선(Swing Low) 근접. 📉 매도세 우위. 🚀 단기 모멘텀 가속. ✅ 20일선 눌림목 구간.,0,0,,,78.6,78.4,78.7,🔥 과열,1.자동차·모빌리티(+31.5%) / 2.조선·기계·설비(+26.4%) / 3.반도체(+18.9%) / 4.IT/전기전자(+15.1%) / 5.인프라·에너지(+12.3%),4,88,20260119,20260119,26.29,10.15,5.08,-21.21
071050,한국금융지주,KOSPI,기타 금융업,기타 금융업,금융,182800,560.68,0.0,WAIT,False,False,True,182800,169200,210000,231000.00000000003,52.7,49.9,53.4,61.4,61.4,61.5,34.599998474121094,0.0,,,WAIT,④ 바닥 반등 시도,15.99,20.66,-4.92,-21.17,-34.06,0,1.0,0.74,0.74,1.0,0.25,0.45,0.46,71.1,76.3,8.79,18.05,0,0,0.05,8.17,9.0,5.12,7.0,1,1,1.2,0.73,1,1,164190.0,178251,2.55,0.1298,1.29,1.55,False,O,▲,177808,▲,O,X,4.08,-12.326176470588237,14.0,6,66.3,24.9,2.0,0.0,💪 매수세 장악(Power Buying). 💰 외국인/기관 수급 집중. 🚀 단기 모멘텀 가속. ⚠️ 단기 급등 조정 주의.,0,0,,,78.6,78.4,78.7,🔥 과열,1.자동차·모빌리티(+31.5%) / 2.조선·기계·설비(+26.4%) / 3.반도체(+18.9%) / 4.IT/전기전자(+15.1%) / 5.인프라·에너지(+12.3%),4,89,20260119,20260119,26.29,10.15,5.12,-21.17
204320,HL만도,KOSPI,자동차 신품 부품 제조업,자동차 신품 부품 제조업,자동차·모빌리티,67400,1967.53,0.0,WAIT,False,False,True,61200,51800,79800,87780.0,52.7,84.9,44.6,32.9,32.9,42.8,71.80000305175781,0.0,,🚀급등시동,WAIT,① 강한 상승 추세,25.51,96.22,4.6,52.97,41.5,0,0.99,1.0,0.0,0.0,0.45,1.0,0.25,68.4,59.2,15.71,29.82,0,0,4.98,19.93,11.04,79.26,9.31,1,0,1.24,0.94,1,1,51310.0,63168,6.7,0.2844,1.31,1.29,False,O,▲,62094,▲,O,X,26.005714285714284,35.19914285714286,1.0,3,59.4,45.4,0.7948717948717948,10.130718954248366,🚀 단기 모멘텀 가속. ⚠️ 단기 급등 조정 주의.,0,0,,,78.6,78.4,78.7,🔥 과열,1.자동차·모빌리티(+31.5%) / 2.조선·기계·설비(+26.4%) / 3.반도체(+18.9%) / 4.IT/전기전자(+15.1%) / 5.인프라·에너지(+12.3%),1,90,20260119,20260119,26.29,10.15,79.26,52.97
052460,아이크래프트,KOSDAQ,"컴퓨터 프로그래밍, 시스템 통합 및 관리업","컴퓨터 프로그래밍, 시스템 통합 및 관리업",IT/전기전자,3150,73.38,0.0,OVERHEAT,False,False,False,3150,2890,3665,4031.5000000000005,52.6,90.0,43.2,25.3,25.3,60.0,84.80000305175781,0.0,,📦박스돌파,OVERHEAT,⑤ 하락 / 약세,14.13,10.92,7.84,17.12,-8.19,4,0.99,0.82,0.59,1.0,0.34,0.06,0.61,75.6,92.2,14.21,15.96,0,0,10.53,12.5,19.32,27.27,0.97,0,1,5.52,0.64,1,1,2652.5,3109,1.31,0.1167,14.12,2.17,False,O,▲,2853,▲,O,X,9.837341772151898,18.689113924050634,4.0,2,32.7,34.3,1.9807692307692308,0.0,💪 매수세 장악(Power Buying). 💰 외국인/기관 수급 집중. 🚀 단기 모멘텀 가속. ⚠️ 단기 급등 조정 주의.,0,0,,,78.6,78.4,78.7,🔥 과열,1.자동차·모빌리티(+31.5%) / 2.조선·기계·설비(+26.4%) / 3.반도체(+18.9%) / 4.IT/전기전자(+15.1%) / 5.인프라·에너지(+12.3%),5,91,20260119,20260119,26.29,10.15,27.27,17.12
368770,파이버프로,KOSDAQ,"측정, 시험, 항해, 제어 및 기타 정밀기기 제조업; 광학기기 제외","측정, 시험, 항해, 제어 및 기타 정밀기기 제조업; 광학기기 제외",기타,13240,125.47,0.0,WAIT,False,False,True,13240,12150,15420,16962.0,52.4,14.3,61.9,49.1,49.1,50.6,91.69999694824219,0.0,,,WAIT,② 상승 후 조정,48.6,114.24,42.31,120.11,95.13,0,1.0,0.82,0.59,1.0,0.0,0.1,0.41,63.1,72.0,6.25,68.45,0,0,1.85,-22.21,-2.79,130.26,43.52,0,0,1.36,0.54,1,1,12294.0,13733,-3.59,-0.9573,0.84,-2.4,False,O,▲,14702,▼,X,X,7.377666666666667,14.425583333333332,7.0,4,51.5,0.0,2.0,0.0,📉 매도세 우위. 💰 외국인/기관 수급 집중. ⚠️ 단기 급등 조정 주의.,48,642500,48.0,64.2,78.6,78.4,78.7,🔥 과열,1.자동차·모빌리티(+31.5%) / 2.조선·기계·설비(+26.4%) / 3.반도체(+18.9%) / 4.IT/전기전자(+15.1%) / 5.인프라·에너지(+12.3%),2,92,20260119,20260119,26.29,10.15,130.26,120.11
014620,성광벤드,KOSDAQ,1차 철강 제조업,1차 철강 제조업,철강·금속,30150,56.35,0.0,WAIT,False,False,True,30150,27750,34900,38390.0,52.1,56.8,50.9,53.7,53.7,62.2,44.20000076293945,0.0,,🚀급등시동,WAIT,⑤ 하락 / 약세,17.09,-3.37,10.8,-14.59,-22.48,0,0.99,0.79,0.65,1.0,0.17,0.05,0.28,69.6,79.1,10.46,23.76,0,0,1.17,1.52,16.41,-4.44,1.2,1,0,1.92,0.95,1,1,25740.0,29445,2.39,-0.0151,1.03,0.63,False,O,▼,29606,▲,O,X,5.7846153846153845,16.182307692307692,6.0,5,46.9,17.4,1.9791666666666667,0.0,💰 외국인/기관 수급 집중. ⚠️ 단기 급등 조정 주의.,0,0,,,78.6,78.4,78.7,🔥 과열,1.자동차·모빌리티(+31.5%) / 2.조선·기계·설비(+26.4%) / 3.반도체(+18.9%) / 4.IT/전기전자(+15.1%) / 5.인프라·에너지(+12.3%),5,93,20260119,20260119,26.29,10.15,-4.44,-14.59
012610,경인양행,KOSPI,기초 화학물질 제조업,기초 화학물질 제조업,화학·소재,4945,112.88,0.0,ARMED,True,False,False,4945,4015,6800,7480.000000000001,52.1,16.4,61.0,50.4,50.4,53.1,85.80000305175781,0.0,,,ARMED,① 강한 상승 추세,35.48,49.4,14.57,33.23,-5.32,0,0.99,1.0,0.0,1.0,0.16,0.09,0.39,54.4,67.5,8.36,39.32,0,0,-1.1,12.0,4.77,59.52,20.74,0,0,2.37,0.64,1,1,3867.5,4726,4.62,0.0887,0.72,1.22,False,O,▲,4719,▲,O,X,7.139749999999999,-5.23775,11.0,5,49.9,15.6,1.9946236559139785,0.0,💸 자금 유입 지속. 🚀 단기 모멘텀 가속. ⚠️ 단기 급등 조정 주의.,115,571024,115.0,57.1,78.6,78.4,78.7,🔥 과열,1.자동차·모빌리티(+31.5%) / 2.조선·기계·설비(+26.4%) / 3.반도체(+18.9%) / 4.IT/전기전자(+15.1%) / 5.인프라·에너지(+12.3%),1,94,20260119,20260119,26.29,10.15,59.52,33.23
066575,LG전자우,KOSPI,기타,기타,기타,54900,185.88,0.0,OVERHEAT,False,False,False,54900,51500,61600,67760.0,52.1,98.8,40.4,35.5,35.5,57.6,51.70000076293945,0.0,,,OVERHEAT,③ 박스 / 중립,7.23,41.49,-13.68,-3.88,-13.23,0,0.98,0.61,0.93,1.0,0.66,0.15,0.58,71.2,64.4,11.94,16.61,0,0,4.57,21.59,13.31,22.41,-6.7,0,1,1.96,1.0,1,1,46180.0,51381,6.85,0.4384,3.05,3.04,False,O,▲,48864,▲,O,X,7.377666666666667,14.425583333333332,7.0,3,36.0,66.0,1.9705882352941178,0.0,💪 매수세 장악(Power Buying). 💸 자금 유입 지속. 🚀 단기 모멘텀 가속. ⚠️ 단기 급등 조정 주의.,0,0,,,78.6,78.4,78.7,🔥 과열,1.자동차·모빌리티(+31.5%) / 2.조선·기계·설비(+26.4%) / 3.반도체(+18.9%) / 4.IT/전기전자(+15.1%) / 5.인프라·에너지(+12.3%),3,95,20260119,20260119,26.29,10.15,22.41,-3.88
100840,SNT에너지,KOSPI,일반 목적용 기계 제조업,일반 목적용 기계 제조업,조선·기계·설비,38550,52.48,0.0,WAIT,False,False,True,38550,35550,44550,49005.00000000001,52.0,46.6,53.3,44.8,44.8,41.9,73.0999984741211,0.0,,,WAIT,⑤ 하락 / 약세,-1.66,6.2,-22.57,-47.94,-48.52,0,1.0,0.78,0.68,1.0,0.03,0.04,0.5,58.2,59.3,1.09,10.28,0,0,0.78,-1.91,3.07,-21.65,0.84,1,0,1.85,0.5,1,1,35775.0,38682,-0.34,-0.0425,1.34,-1.7,False,X,▼,38837,▲,X,X,17.209594594594595,32.596756756756754,2.0,4,28.1,3.3,2.0,0.0,📉 매도세 우위. ✅ 20일선 눌림목 구간.,0,0,,,78.6,78.4,78.7,🔥 과열,1.자동차·모빌리티(+31.5%) / 2.조선·기계·설비(+26.4%) / 3.반도체(+18.9%) / 4.IT/전기전자(+15.1%) / 5.인프라·에너지(+12.3%),5,96,20260119,20260119,26.29,10.15,-21.65,-47.94
075580,세진중공업,KOSPI,선박 및 보트 건조업,선박 및 보트 건조업,조선·기계·설비,20750,109.29,0.0,WAIT,False,False,True,20750,19020,24250,26675.000000000004,51.9,70.4,47.3,45.8,45.8,54.1,50.79999923706055,0.0,,,WAIT,⑤ 하락 / 약세,20.22,85.6,-0.69,-39.83,30.88,0,1.0,0.84,0.57,1.0,0.18,0.09,0.24,72.8,80.3,10.63,26.0,0,0,4.22,2.72,17.23,-13.54,5.19,1,0,1.77,0.98,1,1,17868.0,20241,2.51,-0.1203,1.04,0.11,False,O,▲,20619,▲,O,X,17.209594594594595,32.596756756756754,2.0,4,51.0,18.3,2.023121387283237,0.0,📉 매도세 우위. 💰 외국인/기관 수급 집중. ⚠️ 단기 급등 조정 주의.,0,0,,,78.6,78.4,78.7,🔥 과열,1.자동차·모빌리티(+31.5%) / 2.조선·기계·설비(+26.4%) / 3.반도체(+18.9%) / 4.IT/전기전자(+15.1%) / 5.인프라·에너지(+12.3%),5,97,20260119,20260119,26.29,10.15,-13.54,-39.83
078890,가온그룹,KOSDAQ,통신 및 방송 장비 제조업,통신 및 방송 장비 제조업,IT/전기전자,6580,128.6,0.0,ATTACK,True,True,False,6010,4875,8270,9097.0,51.9,80.0,44.9,25.5,25.5,24.2,90.19999694824219,0.0,,,ATTACK,① 강한 상승 추세,36.37,103.4,30.08,49.37,84.29,0,0.99,1.0,0.0,0.0,0.57,0.1,0.5,63.6,83.3,15.03,29.54,0,0,2.17,9.12,18.13,59.52,7.44,0,0,2.52,0.66,1,1,5032.5,6461,1.83,0.3216,3.89,1.15,False,O,▲,5891,▲,O,X,9.837341772151898,18.689113924050634,4.0,2,31.9,57.3,0.9912023460410557,9.484193011647255,💰 외국인/기관 수급 집중. 🚀 단기 모멘텀 가속. ⚠️ 단기 급등 조정 주의.,0,0,,,78.6,78.4,78.7,🔥 과열,1.자동차·모빌리티(+31.5%) / 2.조선·기계·설비(+26.4%) / 3.반도체(+18.9%) / 4.IT/전기전자(+15.1%) / 5.인프라·에너지(+12.3%),1,98,20260119,20260119,26.29,10.15,59.52,49.37
008930,한미사이언스,KOSPI,기타 금융업,기타 금융업,금융,38550,68.69,0.0,ARMED,True,False,False,38550,35800,44050,48455.00000000001,51.8,92.5,41.6,47.8,47.8,50.5,27.200000762939453,0.0,,,ARMED,⑤ 하락 / 약세,3.07,-17.63,-17.84,-25.64,-72.35,5,1.0,0.71,0.8,1.0,0.02,0.06,0.55,57.9,50.1,3.52,7.82,1,1,4.61,0.0,1.58,0.65,0.14,1,1,1.13,0.65,1,-1,39350.0,37152,3.76,-0.0141,1.55,-0.61,False,O,▼,37317,▲,O,X,4.08,-12.326176470588237,14.0,4,50.3,1.7,2.0,0.0,🌪️ 5일 연속 응축 중! 폭발 임박. 📉 매도세 우위. ,0,0,,,78.6,78.4,78.7,🔥 과열,1.자동차·모빌리티(+31.5%) / 2.조선·기계·설비(+26.4%) / 3.반도체(+18.9%) / 4.IT/전기전자(+15.1%) / 5.인프라·에너지(+12.3%),5,99,20260119,20260119,26.29,10.15,0.65,-25.64
003670,포스코퓨처엠,KOSPI,일차전지 및 이차전지 제조업,일차전지 및 이차전지 제조업,2차전지,197000,871.69,0.0,NEUTRAL,False,False,False,197000,177800,235500,259050.00000000003,51.8,82.8,44.1,35.5,35.5,48.1,64.0999984741211,0.0,,,NEUTRAL,④ 바닥 반등 시도,-6.41,31.51,-27.32,-29.72,-23.21,0,1.0,0.98,0.32,1.0,0.34,0.7,0.55,50.5,40.6,4.09,16.2,0,0,4.4,4.79,8.84,-3.43,-0.75,0,0,1.18,0.77,1,-1,201550.0,192756,2.2,0.208,1.06,0.7,False,O,▲,188472,▲,O,X,4.885714285714286,-17.97142857142857,15.0,3,28.1,34.0,2.0052083333333335,0.0,🚀 단기 모멘텀 가속. ,0,0,,,78.6,78.4,78.7,🔥 과열,1.자동차·모빌리티(+31.5%) / 2.조선·기계·설비(+26.4%) / 3.반도체(+18.9%) / 4.IT/전기전자(+15.1%) / 5.인프라·에너지(+12.3%),4,100,20260119,20260119,26.29,10.15,-3.43,-29.72
105560,KB금융,KOSPI,기타 금융업,기타 금융업,금융,129500,802.38,0.0,WAIT,False,False,True,129500,124100,140300,154330.0,51.6,48.4,52.4,62.3,62.3,64.0,29.200000762939453,0.0,,⚡눌림회복,WAIT,④ 바닥 반등 시도,4.18,13.0,-16.73,-14.46,-41.72,2,1.0,0.42,0.97,1.0,0.11,0.64,0.54,61.6,53.4,2.48,6.9,0,1,-1.07,3.19,2.13,11.83,0.74,1,1,1.04,0.69,1,1,122010.0,129379,0.09,0.0775,0.9,0.61,False,O,▲,129074,▲,O,X,4.08,-12.326176470588237,14.0,6,54.3,11.4,2.0,0.0,🔇 변동성 축소 (BW 6.9%). 🚀 단기 모멘텀 가속. ,0,0,,,78.6,78.4,78.7,🔥 과열,1.자동차·모빌리티(+31.5%) / 2.조선·기계·설비(+26.4%) / 3.반도체(+18.9%) / 4.IT/전기전자(+15.1%) / 5.인프라·에너지(+12.3%),4,101,20260119,20260119,26.29,10.15,11.83,-14.46
062040,산일전기,KOSPI,"전동기, 발전기 및 전기 변환 · 공급 · 제어 장치 제조업","전동기, 발전기 및 전기 변환 · 공급 · 제어 장치 제조업",인프라·에너지,144800,270.71,0.0,WAIT,False,False,True,144800,132800,168800,185680.00000000003,51.6,53.9,51.0,51.7,51.7,54.9,49.29999923706055,0.0,,,WAIT,④ 바닥 반등 시도,3.35,56.2,-17.56,-12.27,1.48,0,1.0,0.83,0.58,1.0,0.16,0.22,0.47,71.0,68.9,5.42,13.53,0,0,0.91,4.47,3.13,14.02,4.11,1,0,1.41,0.85,1,-1,148900.0,143205,1.11,0.1107,0.87,0.35,False,O,▲,143497,▲,O,X,17.386923076923075,8.883846153846154,5.0,5,54.1,16.4,2.0,0.0,📉 매도세 우위. 💸 자금 유입 지속. 🚀 단기 모멘텀 가속. ⚠️ 단기 급등 조정 주의.,0,0,,,78.6,78.4,78.7,🔥 과열,1.자동차·모빌리티(+31.5%) / 2.조선·기계·설비(+26.4%) / 3.반도체(+18.9%) / 4.IT/전기전자(+15.1%) / 5.인프라·에너지(+12.3%),4,102,20260119,20260119,26.29,10.15,14.02,-12.27
332570,PS일렉트로닉스,KOSDAQ,전자부품 제조업,전자부품 제조업,IT/전기전자,7370,150.88,0.0,ARMED,True,False,False,7370,7110,7890,8679.0,51.5,0.0,64.4,50.7,50.7,59.3,96.5,0.0,,,ARMED,② 상승 후 조정,43.66,144.44,37.37,6.28,125.33,0,1.0,0.35,0.9,1.0,0.03,0.12,0.33,65.1,78.3,7.08,74.52,0,0,0.0,-16.35,3.08,16.43,49.54,1,0,3.01,0.57,1,1,6259.0,7836,-5.95,-0.8776,0.4,-2.2,True,O,▲,8462,▼,X,X,9.837341772151898,18.689113924050634,4.0,5,71.7,3.3,2.0,0.0,🧱 구조적 지지선(Swing Low) 근접. 📉 매도세 우위. 💰 외국인/기관 수급 집중. ⚠️ 단기 급등 조정 주의.,112,830000,112.0,83.0,78.6,78.4,78.7,🔥 과열,1.자동차·모빌리티(+31.5%) / 2.조선·기계·설비(+26.4%) / 3.반도체(+18.9%) / 4.IT/전기전자(+15.1%) / 5.인프라·에너지(+12.3%),2,103,20260119,20260119,26.29,10.15,16.43,6.28
085660,차바이오텍,KOSDAQ,기초 의약물질 제조업,기초 의약물질 제조업,기타,15100,190.88,0.0,ATTACK,True,True,False,15100,13990,17320,19052.0,51.5,76.2,45.3,35.7,35.7,48.9,67.5999984741211,0.0,,,ATTACK,① 강한 상승 추세,3.28,31.08,-3.01,23.6,11.97,1,1.0,0.74,0.76,1.0,0.37,0.15,0.7,56.4,70.8,4.44,10.79,1,0,1.41,6.64,2.17,33.75,-4.36,0,0,1.82,0.79,1,1,13703.0,14595,3.46,0.2911,2.83,0.44,False,O,▲,14094,▲,O,X,7.377666666666667,14.425583333333332,7.0,3,28.9,36.7,2.0,0.0,🌪️ 에너지 응축 시작 (1일차). 📉 매도세 우위. 💰 외국인/기관 수급 집중. 🚀 단기 모멘텀 가속. ,0,0,,,78.6,78.4,78.7,🔥 과열,1.자동차·모빌리티(+31.5%) / 2.조선·기계·설비(+26.4%) / 3.반도체(+18.9%) / 4.IT/전기전자(+15.1%) / 5.인프라·에너지(+12.3%),1,104,20260119,20260119,26.29,10.15,33.75,23.6
015760,한국전력,KOSPI,전기업,전기업,기타,56300,2016.54,0.0,ATTACK,True,True,False,56300,52500,63800,70180.0,51.4,76.3,45.2,57.6,57.6,56.9,16.200000762939453,0.0,,,ATTACK,③ 박스 / 중립,9.96,51.14,-10.95,1.96,-3.58,0,0.98,0.67,0.86,1.0,0.24,1.0,0.29,70.9,55.5,11.92,23.29,0,0,2.93,10.39,12.94,28.25,7.11,1,0,1.48,0.96,1,1,49065.0,54422,3.45,0.088,1.17,1.15,False,O,▲,54525,▲,O,X,7.377666666666667,14.425583333333332,7.0,5,55.1,24.1,1.9736842105263157,0.0,🚀 단기 모멘텀 가속. ⚠️ 단기 급등 조정 주의.,0,0,,,78.6,78.4,78.7,🔥 과열,1.자동차·모빌리티(+31.5%) / 2.조선·기계·설비(+26.4%) / 3.반도체(+18.9%) / 4.IT/전기전자(+15.1%) / 5.인프라·에너지(+12.3%),3,105,20260119,20260119,26.29,10.15,28.25,1.96
009150,삼성전기,KOSPI,전자부품 제조업,전자부품 제조업,IT/전기전자,292000,1318.04,0.0,WAIT,False,False,True,292000,268500,338500,372350.00000000006,51.4,58.5,49.6,49.5,49.5,53.3,49.79999923706055,0.0,,,WAIT,⑤ 하락 / 약세,12.96,117.1,-7.95,11.45,62.38,0,0.99,0.8,0.63,1.0,0.13,1.0,0.37,74.6,78.1,8.65,21.04,0,0,0.86,4.66,8.15,37.74,3.41,1,0,1.11,0.92,1,1,251000.0,286991,1.75,0.0392,0.8,0.99,False,O,▲,290049,▲,O,X,9.837341772151898,18.689113924050634,4.0,4,51.6,13.3,1.9787234042553192,0.0,💰 외국인/기관 수급 집중. 🚀 단기 모멘텀 가속. ⚠️ 단기 급등 조정 주의.,0,0,,,78.6,78.4,78.7,🔥 과열,1.자동차·모빌리티(+31.5%) / 2.조선·기계·설비(+26.4%) / 3.반도체(+18.9%) / 4.IT/전기전자(+15.1%) / 5.인프라·에너지(+12.3%),5,106,20260119,20260119,26.29,10.15,37.74,11.45
274090,켄코아에어로스페이스,KOSDAQ,"항공기,우주선 및 부품 제조업","항공기,우주선 및 부품 제조업",기타,20950,173.86,0.0,ARMED,True,False,False,20950,18760,25350,27885.000000000004,51.2,23.2,58.2,44.9,44.9,57.4,89.30000305175781,0.0,,,ARMED,② 상승 후 조정,95.79,82.17,89.5,78.93,63.06,0,1.0,1.0,0.23,1.0,0.03,0.14,0.1,68.4,84.2,12.09,65.41,0,0,5.92,-4.34,2.44,89.08,83.43,0,0,4.13,0.75,1,1,14946.0,20401,2.69,-0.6616,0.23,-0.28,False,O,▲,21718,▼,X,X,7.377666666666667,14.425583333333332,7.0,4,67.1,2.6,2.009132420091324,0.0,📉 매도세 우위. 💰 외국인/기관 수급 집중. ⚠️ 단기 급등 조정 주의.,0,0,,,78.6,78.4,78.7,🔥 과열,1.자동차·모빌리티(+31.5%) / 2.조선·기계·설비(+26.4%) / 3.반도체(+18.9%) / 4.IT/전기전자(+15.1%) / 5.인프라·에너지(+12.3%),2,107,20260119,20260119,26.29,10.15,89.08,78.93
036810,에프에스티,KOSDAQ,전자부품 제조업,전자부품 제조업,IT/전기전자,32100,78.04,0.0,WAIT,False,False,True,32100,27500,41300,45430.00000000001,51.1,34.0,55.4,49.8,49.8,51.6,68.30000305175781,0.0,,⚡눌림회복,WAIT,④ 바닥 반등 시도,16.44,60.64,10.15,-15.09,41.53,0,1.0,1.0,0.01,1.0,0.13,0.06,0.53,36.4,31.8,1.71,23.84,0,0,4.73,6.64,0.94,-4.94,7.59,0,0,1.85,0.54,1,1,28873.1,31063,3.34,0.099,0.72,0.9,False,O,▲,29983,▲,O,X,9.837341772151898,18.689113924050634,4.0,4,22.7,12.7,2.0,0.0,🚀 단기 모멘텀 가속. ✅ 20일선 눌림목 구간.,0,0,,,78.6,78.4,78.7,🔥 과열,1.자동차·모빌리티(+31.5%) / 2.조선·기계·설비(+26.4%) / 3.반도체(+18.9%) / 4.IT/전기전자(+15.1%) / 5.인프라·에너지(+12.3%),4,108,20260119,20260119,26.29,10.15,-4.94,-15.09
399720,가온칩스,KOSDAQ,반도체 제조업,반도체 제조업,반도체,61800,128.22,0.0,WAIT,False,False,True,61800,54500,76400,84040.0,51.0,31.6,55.9,50.6,50.6,71.0,68.30000305175781,0.0,,🚀급등시동,WAIT,③ 박스 / 중립,32.19,42.56,25.9,2.01,23.45,0,1.0,1.0,0.1,1.0,0.19,0.1,0.13,61.8,70.5,12.57,45.73,0,0,2.32,-2.37,17.49,12.16,14.35,1,0,1.74,0.79,1,1,50110.0,60499,2.15,-0.3436,0.71,-0.51,False,O,▲,63559,▲,X,X,8.782,25.696666666666665,3.0,5,68.1,18.5,2.0,0.0,📉 매도세 우위. 💰 외국인/기관 수급 집중. ⚠️ 단기 급등 조정 주의.,0,0,,,78.6,78.4,78.7,🔥 과열,1.자동차·모빌리티(+31.5%) / 2.조선·기계·설비(+26.4%) / 3.반도체(+18.9%) / 4.IT/전기전자(+15.1%) / 5.인프라·에너지(+12.3%),3,109,20260119,20260119,26.29,10.15,12.16,2.01
455180,케이지에이,KOSDAQ,특수 목적용 기계 제조업,특수 목적용 기계 제조업,조선·기계·설비,3480,95.2,0.0,ARMED,True,False,False,3480,2940,4555,5010.5,51.0,58.0,49.3,35.9,35.9,52.2,80.5,0.0,,,ARMED,④ 바닥 반등 시도,-6.33,-45.02,-12.62,-53.56,-64.13,0,0.99,1.0,0.0,1.0,0.56,0.08,0.81,57.8,81.7,7.32,26.64,0,0,12.99,15.61,4.5,-43.41,-6.83,1,0,3.25,0.51,1,-1,3642.0,3392,2.57,0.4324,8.8,1.69,False,X,▼,3020,▲,O,X,17.209594594594595,32.596756756756754,2.0,3,27.4,55.9,1.9907407407407407,0.0,💪 매수세 장악(Power Buying). 💰 외국인/기관 수급 집중. 🚀 단기 모멘텀 가속. ⚠️ 단기 급등 조정 주의.,0,0,,,78.6,78.4,78.7,🔥 과열,1.자동차·모빌리티(+31.5%) / 2.조선·기계·설비(+26.4%) / 3.반도체(+18.9%) / 4.IT/전기전자(+15.1%) / 5.인프라·에너지(+12.3%),4,110,20260119,20260119,26.29,10.15,-43.41,-53.56
160190,하이젠알앤엠,KOSDAQ,"전동기, 발전기 및 전기 변환 · 공급 · 제어 장치 제조업","전동기, 발전기 및 전기 변환 · 공급 · 제어 장치 제조업",인프라·에너지,65600,841.29,0.0,OVERHEAT,False,False,False,65600,56400,83900,92290.00000000001,51.0,100.0,38.7,27.5,27.5,55.4,64.9000015258789,0.0,,,OVERHEAT,⑤ 하락 / 약세,12.52,88.24,6.23,7.62,69.13,0,0.99,1.0,0.02,1.0,0.7,0.67,0.5,61.0,65.0,13.28,25.34,0,0,9.88,24.71,9.33,17.77,-4.26,0,0,1.45,0.78,1,1,52395.0,61628,6.45,0.5485,3.59,1.28,False,O,▲,56223,▲,O,X,17.386923076923075,8.883846153846154,5.0,2,28.6,69.9,1.9891304347826086,0.0,💸 자금 유입 지속. 🚀 단기 모멘텀 가속. ⚠️ 단기 급등 조정 주의.,0,0,,,78.6,78.4,78.7,🔥 과열,1.자동차·모빌리티(+31.5%) / 2.조선·기계·설비(+26.4%) / 3.반도체(+18.9%) / 4.IT/전기전자(+15.1%) / 5.인프라·에너지(+12.3%),5,111,20260119,20260119,26.29,10.15,17.77,7.62
016360,삼성증권,KOSPI,금융 지원 서비스업,금융 지원 서비스업,서비스 기타,83500,386.38,0.0,WAIT,False,False,True,83500,79200,92100,101310.00000000001,50.9,46.4,52.0,63.1,63.1,61.4,26.0,0.0,,,WAIT,④ 바닥 반등 시도,6.23,14.7,-14.68,-17.99,-40.02,0,1.0,0.51,1.0,1.0,0.39,0.31,0.62,59.8,56.7,5.95,12.43,0,0,-0.12,9.01,9.29,8.3,2.16,1,1,1.26,0.73,1,1,77510.0,81408,2.57,0.2445,0.9,2.94,False,O,▲,80807,▲,O,X,7.455217391304347,-5.216956521739131,10.0,6,59.2,38.8,2.0,0.0,💪 매수세 장악(Power Buying). 🚀 단기 모멘텀 가속. ⚠️ 단기 급등 조정 주의.,0,0,,,78.6,78.4,78.7,🔥 과열,1.자동차·모빌리티(+31.5%) / 2.조선·기계·설비(+26.4%) / 3.반도체(+18.9%) / 4.IT/전기전자(+15.1%) / 5.인프라·에너지(+12.3%),4,112,20260119,20260119,26.29,10.15,8.3,-17.99
036540,SFA반도체,KOSDAQ,반도체 제조업,반도체 제조업,반도체,5420,86.49,0.0,WAIT,False,False,True,5420,5100,6050,6655.000000000001,50.9,19.9,58.6,45.1,45.1,58.7,90.0999984741211,0.0,,,WAIT,② 상승 후 조정,34.16,73.16,27.87,15.9,54.05,0,0.98,0.58,0.96,1.0,0.0,0.07,0.28,73.5,71.6,8.15,52.98,0,0,-1.63,-2.34,-5.24,26.05,32.57,1,0,0.5,0.57,1,1,4866.4,5471,-0.94,-0.3925,0.47,-0.78,True,O,▲,5770,▼,X,X,8.782,25.696666666666665,3.0,4,71.7,0.0,1.96875,0.0,🧱 구조적 지지선(Swing Low) 근접. 📉 매도세 우위. 💰 외국인/기관 수급 집중. ⚠️ 단기 급등 조정 주의.,0,0,,,78.6,78.4,78.7,🔥 과열,1.자동차·모빌리티(+31.5%) / 2.조선·기계·설비(+26.4%) / 3.반도체(+18.9%) / 4.IT/전기전자(+15.1%) / 5.인프라·에너지(+12.3%),2,113,20260119,20260119,26.29,10.15,26.05,15.9
267320,나인테크,KOSDAQ,특수 목적용 기계 제조업,특수 목적용 기계 제조업,조선·기계·설비,2955,53.69,0.0,WAIT,False,False,True,2955,2735,3390,3729.0000000000005,50.8,68.0,46.5,35.2,35.2,48.6,72.80000305175781,0.0,,⚡눌림회복,WAIT,⑤ 하락 / 약세,-2.48,-22.24,-8.77,-37.01,-41.35,4,0.99,0.74,0.74,1.0,0.0,0.04,0.57,54.3,63.1,-0.11,10.38,1,0,4.42,3.14,-1.83,-26.86,0.54,1,0,1.69,0.36,0,-1,3216.5,2996,-1.37,-0.0814,2.08,0.41,False,X,▼,2916,▼,O,X,17.209594594594595,32.596756756756754,2.0,3,21.5,0.0,1.9772727272727273,0.0,🌪️ 에너지 응축 시작 (4일차). 📉 매도세 우위. 💸 자금 유입 지속. ✅ 20일선 눌림목 구간.,0,0,,,78.6,78.4,78.7,🔥 과열,1.자동차·모빌리티(+31.5%) / 2.조선·기계·설비(+26.4%) / 3.반도체(+18.9%) / 4.IT/전기전자(+15.1%) / 5.인프라·에너지(+12.3%),5,114,20260119,20260119,26.29,10.15,-26.86,-37.01
011070,LG이노텍,KOSPI,전자부품 제조업,전자부품 제조업,IT/전기전자,285500,444.33,0.0,ATTACK,True,True,False,285500,260500,335500,369050.00000000006,50.8,81.3,43.2,33.0,33.0,45.0,67.0999984741211,0.0,,,ATTACK,③ 박스 / 중립,0.18,87.95,-20.73,4.08,33.23,4,1.0,0.88,0.49,1.0,0.22,0.36,0.61,57.9,58.4,3.46,9.84,1,1,-0.17,6.13,4.58,30.37,-3.07,0,0,1.51,0.74,1,1,258400.0,282142,1.19,0.1451,1.0,1.44,False,O,▲,280534,▲,O,X,9.837341772151898,18.689113924050634,4.0,3,26.6,22.0,2.0,0.0,🌪️ 에너지 응축 시작 (4일차). 🚀 단기 모멘텀 가속. ,0,0,,,78.6,78.4,78.7,🔥 과열,1.자동차·모빌리티(+31.5%) / 2.조선·기계·설비(+26.4%) / 3.반도체(+18.9%) / 4.IT/전기전자(+15.1%) / 5.인프라·에너지(+12.3%),3,115,20260119,20260119,26.29,10.15,30.37,4.08
009420,한올바이오파마,KOSPI,의약품 제조업,의약품 제조업,바이오·의약품,50900,230.34,0.0,WAIT,False,False,True,50900,45450,61800,67980.0,50.6,23.3,57.4,51.4,51.4,54.9,71.5,0.0,,,WAIT,② 상승 후 조정,19.06,77.66,-1.85,21.25,22.94,0,1.0,1.0,0.2,1.0,0.08,0.18,0.29,65.5,68.8,9.7,32.5,0,0,-2.12,2.11,7.61,47.54,11.08,1,0,1.53,0.7,1,1,44287.5,49989,1.82,-0.0807,0.74,0.72,False,O,▲,51080,▲,X,X,2.2862500000000003,-7.796250000000001,13.0,5,58.3,8.1,2.0,0.0,💸 자금 유입 지속. ⚠️ 단기 급등 조정 주의.,0,0,,,78.6,78.4,78.7,🔥 과열,1.자동차·모빌리티(+31.5%) / 2.조선·기계·설비(+26.4%) / 3.반도체(+18.9%) / 4.IT/전기전자(+15.1%) / 5.인프라·에너지(+12.3%),2,116,20260119,20260119,26.29,10.15,47.54,21.25
482630,삼양엔씨켐,KOSDAQ,기타 화학제품 제조업,기타 화학제품 제조업,화학·소재,25200,58.6,0.0,WAIT,False,False,True,25200,23000,29550,32505.000000000004,50.5,10.9,60.4,52.4,52.4,55.9,79.0,0.0,,,WAIT,③ 박스 / 중립,27.27,46.51,20.98,3.88,27.4,0,0.99,0.86,0.5,1.0,0.01,0.05,0.45,61.1,69.5,4.53,47.08,0,0,2.44,-12.65,0.8,14.03,23.04,1,0,1.17,0.55,1,1,22105.0,26241,-3.97,-0.5932,0.7,-1.94,False,O,▲,27778,▼,X,X,7.139749999999999,-5.23775,11.0,5,64.2,0.8,1.9772727272727273,0.0,📉 매도세 우위. 💸 자금 유입 지속. ,20,512873,20.0,51.3,78.6,78.4,78.7,🔥 과열,1.자동차·모빌리티(+31.5%) / 2.조선·기계·설비(+26.4%) / 3.반도체(+18.9%) / 4.IT/전기전자(+15.1%) / 5.인프라·에너지(+12.3%),3,117,20260119,20260119,26.29,10.15,14.03,3.88
475400,씨메스,KOSDAQ,특수 목적용 기계 제조업,특수 목적용 기계 제조업,조선·기계·설비,37800,220.57,0.0,ATTACK,True,True,False,37800,32700,47950,52745.00000000001,50.5,63.8,47.2,35.7,35.7,57.0,73.9000015258789,0.0,,,ATTACK,⑤ 하락 / 약세,11.83,65.79,5.54,7.06,46.68,0,0.99,1.0,0.03,1.0,0.78,0.18,0.29,60.2,62.6,11.07,25.69,0,0,4.71,18.12,16.67,17.21,-5.77,0,0,1.53,0.78,1,1,30965.0,36094,4.72,0.568,1.42,0.49,False,O,▲,33833,▲,O,X,17.209594594594595,32.596756756756754,2.0,3,28.6,77.7,1.9901960784313726,0.0,📉 매도세 우위. 💸 자금 유입 지속. 🚀 단기 모멘텀 가속. ⚠️ 단기 급등 조정 주의.,0,0,,,78.6,78.4,78.7,🔥 과열,1.자동차·모빌리티(+31.5%) / 2.조선·기계·설비(+26.4%) / 3.반도체(+18.9%) / 4.IT/전기전자(+15.1%) / 5.인프라·에너지(+12.3%),5,118,20260119,20260119,26.29,10.15,17.21,7.06
271560,오리온,KOSPI,기타 식품 제조업,기타 식품 제조업,유통·소비재,113100,318.24,0.0,NEUTRAL,False,False,False,113100,108300,122700,134970.0,50.3,100.0,37.9,40.2,40.2,61.1,32.5,0.0,,📦박스돌파,NEUTRAL,④ 바닥 반등 시도,7.92,-0.53,-12.99,-15.62,-55.25,3,1.0,0.42,0.97,1.0,0.26,0.26,0.7,68.4,72.8,6.47,8.8,0,1,3.48,6.2,8.75,10.67,-0.29,0,1,0.45,0.94,1,1,103225.0,109315,3.46,0.1424,2.54,1.66,False,O,▲,107834,▲,O,X,8.767222222222223,-11.258888888888889,12.0,4,39.7,26.1,2.0,0.0,🔇 변동성 축소 (BW 8.8%). 💪 매수세 장악(Power Buying). 💰 외국인/기관 수급 집중. 🚀 단기 모멘텀 가속. ⚠️ 단기 급등 조정 주의.,0,0,,,78.6,78.4,78.7,🔥 과열,1.자동차·모빌리티(+31.5%) / 2.조선·기계·설비(+26.4%) / 3.반도체(+18.9%) / 4.IT/전기전자(+15.1%) / 5.인프라·에너지(+12.3%),4,119,20260119,20260119,26.29,10.15,10.67,-15.62
005940,NH투자증권,KOSPI,금융 지원 서비스업,금융 지원 서비스업,서비스 기타,22500,146.6,0.0,WAIT,False,False,True,22500,21300,24900,27390.000000000004,50.2,44.0,51.7,64.9,64.9,70.3,20.899999618530273,0.0,,🚀급등시동/📦박스돌파,WAIT,④ 바닥 반등 시도,8.43,4.9,-12.48,-17.86,-49.82,3,1.0,0.53,0.99,1.0,0.31,0.12,0.61,63.5,67.5,5.23,10.46,0,0,-0.66,6.89,6.89,8.43,1.47,1,1,1.35,0.77,1,1,20675.0,21970,2.41,0.2006,0.84,2.03,False,O,▲,21836,▲,O,X,7.455217391304347,-5.216956521739131,10.0,6,60.3,31.0,2.0,0.0,💪 매수세 장악(Power Buying). 💸 자금 유입 지속. 🚀 단기 모멘텀 가속. ⚠️ 단기 급등 조정 주의.,0,0,,,78.6,78.4,78.7,🔥 과열,1.자동차·모빌리티(+31.5%) / 2.조선·기계·설비(+26.4%) / 3.반도체(+18.9%) / 4.IT/전기전자(+15.1%) / 5.인프라·에너지(+12.3%),4,120,20260119,20260119,26.29,10.15,8.43,-17.86
006260,LS,KOSPI,기타 금융업,기타 금융업,금융,217000,350.84,0.0,WAIT,False,False,True,217000,196700,257500,283250.0,50.2,0.0,62.8,61.1,61.1,67.1,66.9000015258789,0.0,,🚀급등시동,WAIT,④ 바닥 반등 시도,15.73,22.81,-5.18,-18.33,-31.91,0,0.99,0.93,0.39,1.0,0.1,0.28,0.43,66.7,69.4,6.39,25.32,0,0,-2.25,3.83,2.6,7.96,10.78,1,0,1.47,0.79,1,1,193340.0,218331,-0.61,0.0573,0.88,0.28,False,O,▲,219238,▲,X,X,4.08,-12.326176470588237,14.0,6,62.9,9.5,1.9950738916256157,0.0,📉 매도세 우위. 💸 자금 유입 지속. 🚀 단기 모멘텀 가속. ⚠️ 단기 급등 조정 주의.,3,706469,3.0,70.6,78.6,78.4,78.7,🔥 과열,1.자동차·모빌리티(+31.5%) / 2.조선·기계·설비(+26.4%) / 3.반도체(+18.9%) / 4.IT/전기전자(+15.1%) / 5.인프라·에너지(+12.3%),4,121,20260119,20260119,26.29,10.15,7.96,-18.33
450520,인스웨이브,KOSDAQ,소프트웨어 개발 및 공급업,소프트웨어 개발 및 공급업,IT/전기전자,3505,75.5,0.0,ARMED,True,False,False,3505,3150,4210,4631.0,50.2,76.0,43.7,25.6,25.6,39.1,86.0,0.0,,,ARMED,⑤ 하락 / 약세,3.39,-16.55,-2.9,-17.79,-35.66,5,0.99,1.0,0.27,1.0,0.05,0.06,0.85,57.2,89.9,3.81,8.0,1,1,5.57,2.64,4.47,-7.64,-3.92,1,0,5.69,0.35,1,-1,3531.5,3530,-0.72,-0.022,5.59,0.66,False,X,▼,3366,▲,O,X,9.837341772151898,18.689113924050634,4.0,2,20.5,4.7,1.9859154929577465,0.0,🌪️ 5일 연속 응축 중! 폭발 임박. 💰 외국인/기관 수급 집중. ,0,0,,,78.6,78.4,78.7,🔥 과열,1.자동차·모빌리티(+31.5%) / 2.조선·기계·설비(+26.4%) / 3.반도체(+18.9%) / 4.IT/전기전자(+15.1%) / 5.인프라·에너지(+12.3%),5,122,20260119,20260119,26.29,10.15,-7.64,-17.79
000250,삼천당제약,KOSDAQ,의약품 제조업,의약품 제조업,바이오·의약품,276500,716.48,0.0,WAIT,False,False,True,276500,239000,351500,386650.00000000006,50.1,42.3,52.0,46.0,46.0,57.1,66.0999984741211,0.0,,,WAIT,⑤ 하락 / 약세,21.01,67.98,14.72,24.07,48.87,0,1.0,1.0,0.03,1.0,0.11,0.57,0.16,71.4,75.1,12.66,28.7,0,0,-0.9,6.14,9.07,34.22,10.35,1,0,1.3,0.79,1,1,212600.0,264589,4.5,0.0139,0.9,0.16,False,O,▲,268076,▲,O,X,2.2862500000000003,-7.796250000000001,13.0,4,62.2,11.3,2.0,0.0,📉 매도세 우위. 💰 외국인/기관 수급 집중. 📈 상승 모멘텀 개선. ⚠️ 단기 급등 조정 주의.,0,0,,,78.6,78.4,78.7,🔥 과열,1.자동차·모빌리티(+31.5%) / 2.조선·기계·설비(+26.4%) / 3.반도체(+18.9%) / 4.IT/전기전자(+15.1%) / 5.인프라·에너지(+12.3%),5,123,20260119,20260119,26.29,10.15,34.22,24.07
018880,한온시스템,KOSPI,일반 목적용 기계 제조업,일반 목적용 기계 제조업,조선·기계·설비,3180,229.46,0.0,NEUTRAL,False,False,False,3180,2950,3640,4004.0000000000005,50.1,56.0,48.6,39.4,39.4,59.0,70.19999694824219,0.0,,,NEUTRAL,④ 바닥 반등 시도,1.11,6.11,-19.8,-39.78,-48.61,0,1.0,0.72,0.78,1.0,0.5,0.18,0.44,62.0,52.8,5.97,14.78,0,0,1.6,11.78,6.18,-13.49,-5.16,1,0,0.84,0.9,1,1,2733.0,3089,2.92,0.3703,1.08,-0.47,False,X,▼,3038,▲,O,X,17.209594594594595,32.596756756756754,2.0,3,47.3,50.4,2.0,0.0,📉 매도세 우위. 🚀 단기 모멘텀 가속. ⚠️ 단기 급등 조정 주의.,0,0,,,78.6,78.4,78.7,🔥 과열,1.자동차·모빌리티(+31.5%) / 2.조선·기계·설비(+26.4%) / 3.반도체(+18.9%) / 4.IT/전기전자(+15.1%) / 5.인프라·에너지(+12.3%),4,124,20260119,20260119,26.29,10.15,-13.49,-39.78
064350,현대로템,KOSPI,철도장비 제조업,철도장비 제조업,기타,215000,1225.97,0.0,WAIT,False,False,True,215000,196400,252500,277750.0,49.8,0.0,62.3,60.6,60.6,55.6,66.4000015258789,0.0,,,WAIT,⑤ 하락 / 약세,19.31,11.34,-1.6,-34.61,-43.38,0,1.0,0.87,0.51,1.0,0.09,0.98,0.38,71.3,65.9,6.95,34.35,0,0,0.0,-1.38,8.15,-8.32,12.06,1,0,1.13,0.7,1,1,193470.0,221460,-2.92,-0.3693,0.86,-1.45,False,O,▲,227800,▼,X,X,7.377666666666667,14.425583333333332,7.0,6,59.8,8.6,2.0161290322580645,0.0,📉 매도세 우위. 💸 자금 유입 지속. ⚠️ 단기 급등 조정 주의.,3,684039,3.0,68.4,78.6,78.4,78.7,🔥 과열,1.자동차·모빌리티(+31.5%) / 2.조선·기계·설비(+26.4%) / 3.반도체(+18.9%) / 4.IT/전기전자(+15.1%) / 5.인프라·에너지(+12.3%),5,125,20260119,20260119,26.29,10.15,-8.32,-34.61
460930,현대힘스,KOSDAQ,선박 및 보트 건조업,선박 및 보트 건조업,조선·기계·설비,19580,67.39,0.0,WAIT,False,False,True,19580,18000,22750,25025.000000000004,49.8,20.9,57.0,50.8,50.8,51.6,71.4000015258789,0.0,,,WAIT,⑤ 하락 / 약세,6.18,-0.61,-0.11,-25.93,-19.72,0,1.0,0.81,0.62,1.0,0.12,0.05,0.45,70.2,82.8,4.78,18.28,0,0,0.67,-1.61,10.93,-15.78,2.6,1,1,1.66,0.58,1,1,17498.0,19648,-0.35,-0.1473,0.73,-0.66,False,X,▼,19911,▲,X,X,17.209594594594595,32.596756756756754,2.0,5,48.3,11.6,2.0063291139240507,0.0,📉 매도세 우위. 💰 외국인/기관 수급 집중. ,0,0,,,78.6,78.4,78.7,🔥 과열,1.자동차·모빌리티(+31.5%) / 2.조선·기계·설비(+26.4%) / 3.반도체(+18.9%) / 4.IT/전기전자(+15.1%) / 5.인프라·에너지(+12.3%),5,126,20260119,20260119,26.29,10.15,-15.78,-25.93
078350,한양디지텍,KOSDAQ,반도체 제조업,반도체 제조업,반도체,23450,102.7,0.0,WAIT,False,False,True,23450,20700,28900,31790.000000000004,49.8,11.7,59.3,50.7,50.7,50.9,79.4000015258789,0.0,,,WAIT,① 강한 상승 추세,20.94,156.28,14.65,10.11,137.17,0,0.99,1.0,0.1,1.0,0.05,0.08,0.54,61.4,76.5,5.37,31.5,0,0,-6.2,1.74,3.3,20.26,12.32,1,0,1.76,0.57,1,1,20555.0,24419,-3.97,0.0088,1.84,-0.06,False,O,▲,24732,▲,X,X,8.782,25.696666666666665,3.0,5,49.9,4.5,1.981818181818182,0.0,📉 매도세 우위. 💰 외국인/기관 수급 집중. 📈 상승 모멘텀 개선. ⚠️ 단기 급등 조정 주의.,0,0,,,78.6,78.4,78.7,🔥 과열,1.자동차·모빌리티(+31.5%) / 2.조선·기계·설비(+26.4%) / 3.반도체(+18.9%) / 4.IT/전기전자(+15.1%) / 5.인프라·에너지(+12.3%),1,127,20260119,20260119,26.29,10.15,20.26,10.11
067290,JW신약,KOSDAQ,의약품 제조업,의약품 제조업,바이오·의약품,2005,58.88,0.0,ARMED,True,False,False,2005,1583,2850,3135.0000000000005,49.5,0.0,61.9,47.0,47.0,41.3,96.69999694824219,0.0,,,ARMED,⑤ 하락 / 약세,-2.34,23.54,-8.63,36.63,4.43,3,1.0,1.0,0.0,1.0,0.48,0.05,0.53,40.5,74.5,2.14,24.1,1,0,-3.14,7.68,3.08,46.78,0.23,0,0,6.31,0.39,1,1,1611.9,2005,-0.05,0.3812,0.35,1.21,False,O,▲,1852,▲,O,X,2.2862500000000003,-7.796250000000001,13.0,4,4.0,48.4,2.0023696682464456,0.0,🌪️ 에너지 응축 시작 (3일차). 💰 외국인/기관 수급 집중. 🚀 단기 모멘텀 가속. ,321,644218,321.0,64.4,78.6,78.4,78.7,🔥 과열,1.자동차·모빌리티(+31.5%) / 2.조선·기계·설비(+26.4%) / 3.반도체(+18.9%) / 4.IT/전기전자(+15.1%) / 5.인프라·에너지(+12.3%),5,128,20260119,20260119,26.29,10.15,46.78,36.63
073110,엘엠에스,KOSDAQ,전자부품 제조업,전자부품 제조업,IT/전기전자,5560,57.02,0.0,OVERHEAT,False,False,False,5560,4950,6780,7458.000000000001,49.5,61.9,46.4,29.7,29.7,49.1,85.30000305175781,0.0,,,OVERHEAT,④ 바닥 반등 시도,10.76,-18.95,4.47,-16.7,-38.06,0,1.0,1.0,0.17,1.0,0.74,0.05,0.53,59.5,97.2,11.71,26.86,0,0,6.72,22.6,13.01,-6.55,-8.27,0,0,2.47,0.53,1,1,4659.5,5599,-0.71,0.6265,8.85,0.55,False,O,▼,5031,▲,O,X,9.837341772151898,18.689113924050634,4.0,2,10.8,73.8,2.0,0.0,📉 매도세 우위. 💰 외국인/기관 수급 집중. 🚀 단기 모멘텀 가속. ⚠️ 단기 급등 조정 주의.,0,0,,,78.6,78.4,78.7,🔥 과열,1.자동차·모빌리티(+31.5%) / 2.조선·기계·설비(+26.4%) / 3.반도체(+18.9%) / 4.IT/전기전자(+15.1%) / 5.인프라·에너지(+12.3%),4,129,20260119,20260119,26.29,10.15,-6.55,-16.7
002380,KCC,KOSPI,기타 화학제품 제조업,기타 화학제품 제조업,화학·소재,429500,119.26,0.0,WAIT,False,False,True,429500,401000,486000,534600.0,49.4,29.5,54.4,52.6,52.6,49.5,58.599998474121094,0.0,,,WAIT,④ 바닥 반등 시도,1.18,14.99,-19.73,-23.42,-39.73,0,0.99,0.66,0.87,1.0,0.29,0.1,0.56,58.1,42.7,3.24,14.35,0,0,-2.16,4.88,7.37,2.87,1.44,0,1,1.38,0.65,1,1,397000.0,436176,-1.53,0.1791,0.96,0.86,False,O,▲,430596,▲,X,X,7.139749999999999,-5.23775,11.0,5,34.2,29.0,1.9824561403508771,0.0,🚀 단기 모멘텀 가속. ,0,0,,,78.6,78.4,78.7,🔥 과열,1.자동차·모빌리티(+31.5%) / 2.조선·기계·설비(+26.4%) / 3.반도체(+18.9%) / 4.IT/전기전자(+15.1%) / 5.인프라·에너지(+12.3%),4,130,20260119,20260119,26.29,10.15,2.87,-23.42
020150,롯데에너지머티리얼즈,KOSPI,전자부품 제조업,전자부품 제조업,IT/전기전자,34450,76.91,0.0,ARMED,True,False,False,34450,31250,40850,44935.0,49.3,54.8,47.9,41.4,41.4,63.6,63.0,0.0,,,ARMED,③ 박스 / 중립,0.58,33.27,-20.33,1.78,-21.45,0,1.0,0.93,0.4,1.0,0.73,0.06,0.34,61.4,54.9,9.29,21.66,0,0,2.07,15.22,12.4,28.07,-4.43,1,0,3.11,0.81,1,1,29875.0,33518,2.78,0.5182,0.9,0.84,False,O,▲,32259,▲,O,X,9.837341772151898,18.689113924050634,4.0,4,47.5,73.1,2.0,0.0,🚀 단기 모멘텀 가속. ⚠️ 단기 급등 조정 주의.,0,0,,,78.6,78.4,78.7,🔥 과열,1.자동차·모빌리티(+31.5%) / 2.조선·기계·설비(+26.4%) / 3.반도체(+18.9%) / 4.IT/전기전자(+15.1%) / 5.인프라·에너지(+12.3%),3,131,20260119,20260119,26.29,10.15,28.07,1.78
189300,인텔리안테크,KOSDAQ,통신 및 방송 장비 제조업,통신 및 방송 장비 제조업,IT/전기전자,68600,111.6,0.0,WAIT,False,False,True,68600,65500,74700,82170.0,49.2,0.9,61.3,50.2,50.2,55.9,87.30000305175781,0.0,,,WAIT,② 상승 후 조정,39.86,32.95,33.57,25.96,13.84,0,0.98,0.44,0.99,1.0,0.0,0.09,0.4,70.3,77.1,5.8,49.04,0,0,-0.44,-7.55,-5.64,36.11,38.51,0,0,1.31,0.71,1,1,60350.0,69553,-1.37,-0.5763,0.56,-2.38,True,O,▲,73477,▼,X,X,9.837341772151898,18.689113924050634,4.0,5,64.7,0.0,1.967741935483871,0.0,🧱 구조적 지지선(Swing Low) 근접. 📉 매도세 우위. 💰 외국인/기관 수급 집중. ⚠️ 단기 급등 조정 주의.,8,573442,8.0,57.3,78.6,78.4,78.7,🔥 과열,1.자동차·모빌리티(+31.5%) / 2.조선·기계·설비(+26.4%) / 3.반도체(+18.9%) / 4.IT/전기전자(+15.1%) / 5.인프라·에너지(+12.3%),2,132,20260119,20260119,26.29,10.15,36.11,25.96
010170,대한광통신,KOSDAQ,절연선 및 케이블 제조업,절연선 및 케이블 제조업,기타,3045,290.7,0.0,WAIT,False,False,True,3045,2425,4280,4708.0,49.2,38.7,51.8,33.0,33.0,61.9,95.5,0.0,,,WAIT,② 상승 후 조정,39.1,212.31,32.81,74.17,193.2,0,0.99,1.0,0.0,1.0,0.0,0.23,0.09,65.7,62.5,14.3,67.42,0,0,1.5,-1.62,-4.99,84.32,27.82,1,0,1.82,0.67,1,1,2248.2,3100,-1.79,-0.5208,0.6,-0.35,False,O,▲,3260,▼,X,X,7.377666666666667,14.425583333333332,7.0,3,79.7,0.0,1.9919354838709677,0.0,📉 매도세 우위. 💸 자금 유입 지속. ⚠️ 단기 급등 조정 주의.,0,0,,,78.6,78.4,78.7,🔥 과열,1.자동차·모빌리티(+31.5%) / 2.조선·기계·설비(+26.4%) / 3.반도체(+18.9%) / 4.IT/전기전자(+15.1%) / 5.인프라·에너지(+12.3%),2,133,20260119,20260119,26.29,10.15,84.32,74.17
004170,신세계,KOSPI,종합 소매업,종합 소매업,유통·소비재,276500,141.16,0.0,WAIT,False,False,True,276500,251000,327000,359700.0,49.1,26.4,54.8,50.5,50.5,49.2,64.80000305175781,0.0,,,WAIT,① 강한 상승 추세,4.14,49.3,-16.77,26.64,-5.42,0,0.99,0.91,0.41,1.0,0.3,0.11,0.4,63.9,71.3,7.19,23.42,0,0,-3.15,2.98,14.73,52.93,3.75,0,0,1.34,0.76,1,1,244200.0,279162,-0.95,0.1184,0.75,0.59,False,O,▲,280740,▲,X,X,8.767222222222223,-11.258888888888889,12.0,5,33.2,29.6,1.9803921568627452,0.0,📉 매도세 우위. 💰 외국인/기관 수급 집중. 🚀 단기 모멘텀 가속. ⚠️ 단기 급등 조정 주의.,0,0,,,78.6,78.4,78.7,🔥 과열,1.자동차·모빌리티(+31.5%) / 2.조선·기계·설비(+26.4%) / 3.반도체(+18.9%) / 4.IT/전기전자(+15.1%) / 5.인프라·에너지(+12.3%),1,134,20260119,20260119,26.29,10.15,52.93,26.64
025820,이구산업,KOSPI,1차 비철금속 제조업,1차 비철금속 제조업,철강·금속,5830,50.58,0.0,WAIT,False,False,True,5830,5340,6810,7491.000000000001,49.1,11.7,58.4,44.6,44.6,43.3,90.69999694824219,0.0,,,WAIT,⑤ 하락 / 약세,14.76,12.12,-6.15,-7.19,-42.6,0,1.0,0.84,0.56,1.0,0.0,0.04,0.44,55.8,77.6,3.24,20.53,0,0,1.75,0.87,-1.85,19.1,9.99,0,0,1.69,0.63,1,1,4940.5,5819,0.19,-0.0668,0.46,-0.12,False,O,▲,5840,▼,X,X,5.7846153846153845,16.182307692307692,6.0,4,33.2,0.0,2.0,0.0,📉 매도세 우위. 💰 외국인/기관 수급 집중. ,0,0,,,78.6,78.4,78.7,🔥 과열,1.자동차·모빌리티(+31.5%) / 2.조선·기계·설비(+26.4%) / 3.반도체(+18.9%) / 4.IT/전기전자(+15.1%) / 5.인프라·에너지(+12.3%),5,135,20260119,20260119,26.29,10.15,19.1,-7.19
010950,S-Oil,KOSPI,석유 정제품 제조업,석유 정제품 제조업,기타,90100,201.59,0.0,WAIT,False,False,True,90100,82900,104400,114840.00000000001,49.0,44.2,50.2,52.6,52.6,51.2,44.70000076293945,0.0,,,WAIT,③ 박스 / 중립,6.12,43.7,-14.79,-2.19,-11.02,2,0.99,0.79,0.64,1.0,0.21,0.16,0.48,64.0,66.1,6.65,16.22,0,0,0.45,3.44,6.5,24.1,0.88,0,1,0.97,0.81,1,1,77795.0,89542,0.62,0.1151,0.78,1.15,False,O,▲,89107,▲,O,X,7.377666666666667,14.425583333333332,7.0,5,42.8,20.5,1.9861111111111112,0.0,💸 자금 유입 지속. 🚀 단기 모멘텀 가속. ⚠️ 단기 급등 조정 주의.,0,0,,,78.6,78.4,78.7,🔥 과열,1.자동차·모빌리티(+31.5%) / 2.조선·기계·설비(+26.4%) / 3.반도체(+18.9%) / 4.IT/전기전자(+15.1%) / 5.인프라·에너지(+12.3%),3,136,20260119,20260119,26.29,10.15,24.1,-2.19
298830,슈어소프트테크,KOSDAQ,소프트웨어 개발 및 공급업,소프트웨어 개발 및 공급업,IT/전기전자,8510,276.8,0.0,WAIT,False,False,True,8510,7820,9890,10879.0,49.0,5.1,60.0,50.7,50.7,50.0,81.69999694824219,0.0,,,WAIT,② 상승 후 조정,17.22,59.96,10.93,63.88,40.85,0,1.0,0.81,0.62,1.0,0.05,0.22,0.43,50.3,71.9,4.37,32.05,0,0,2.9,1.67,4.55,74.03,21.83,0,0,1.79,0.59,1,1,6833.0,8637,-1.48,-0.2466,0.45,-0.06,False,O,▲,8721,▼,X,X,9.837341772151898,18.689113924050634,4.0,5,47.5,4.8,2.0,0.0,📉 매도세 우위. 💰 외국인/기관 수급 집중. ,58,500000,58.0,50.0,78.6,78.4,78.7,🔥 과열,1.자동차·모빌리티(+31.5%) / 2.조선·기계·설비(+26.4%) / 3.반도체(+18.9%) / 4.IT/전기전자(+15.1%) / 5.인프라·에너지(+12.3%),2,137,20260119,20260119,26.29,10.15,74.03,63.88
282880,코윈테크,KOSDAQ,특수 목적용 기계 제조업,특수 목적용 기계 제조업,조선·기계·설비,18130,85.13,0.0,NEUTRAL,False,False,False,18130,15960,22500,24750.000000000004,49.0,73.6,42.8,27.9,27.9,54.3,77.5,0.0,,,NEUTRAL,④ 바닥 반등 시도,14.46,47.06,8.17,-8.47,27.95,0,1.0,1.0,0.09,1.0,0.78,0.07,0.27,55.1,80.2,12.52,24.37,0,0,6.02,19.83,17.12,1.68,-4.55,0,0,1.18,0.67,1,1,15032.0,17581,3.12,0.5479,0.94,1.42,False,O,▲,16001,▲,O,X,17.209594594594595,32.596756756756754,2.0,2,21.7,78.2,2.013824884792627,0.0,💰 외국인/기관 수급 집중. 🚀 단기 모멘텀 가속. ⚠️ 단기 급등 조정 주의.,0,0,,,78.6,78.4,78.7,🔥 과열,1.자동차·모빌리티(+31.5%) / 2.조선·기계·설비(+26.4%) / 3.반도체(+18.9%) / 4.IT/전기전자(+15.1%) / 5.인프라·에너지(+12.3%),4,138,20260119,20260119,26.29,10.15,1.68,-8.47
004990,롯데지주,KOSPI,기타 금융업,기타 금융업,금융,28350,86.59,0.0,ATTACK,True,True,False,28350,26850,31350,34485.0,48.7,75.0,42.1,34.3,34.3,50.8,60.29999923706055,0.0,,,ATTACK,④ 바닥 반등 시도,-1.56,-8.25,-22.47,-31.32,-62.97,0,1.0,0.53,1.0,1.0,0.47,0.07,0.59,55.0,50.2,5.23,15.29,0,0,1.8,9.67,6.18,-5.03,-3.85,0,0,1.57,0.92,1,1,25710.0,27580,2.79,0.342,1.55,0.89,False,X,▼,26711,▲,O,X,4.08,-12.326176470588237,14.0,3,28.6,47.0,2.0,0.0,🚀 단기 모멘텀 가속. ⚠️ 단기 급등 조정 주의.,0,0,,,78.6,78.4,78.7,🔥 과열,1.자동차·모빌리티(+31.5%) / 2.조선·기계·설비(+26.4%) / 3.반도체(+18.9%) / 4.IT/전기전자(+15.1%) / 5.인프라·에너지(+12.3%),4,139,20260119,20260119,26.29,10.15,-5.03,-31.32
093240,형지엘리트,KOSPI,봉제의복 제조업,봉제의복 제조업,유통·소비재,1648,159.79,0.0,WAIT,False,False,True,1648,1514,1916,2107.6000000000004,48.6,18.0,56.2,52.4,52.4,54.0,65.0,0.0,,,WAIT,⑤ 하락 / 약세,29.66,-45.25,8.75,-9.82,-99.97,0,1.0,0.81,0.61,1.0,0.0,0.13,0.46,63.4,82.5,4.47,79.3,0,0,1.6,1.1,-25.43,16.47,34.35,1,0,0.99,0.33,1,1,1548.4,1643,0.25,-0.2881,0.59,0.24,False,O,▲,1661,▼,X,X,8.767222222222223,-11.258888888888889,12.0,5,60.0,0.0,2.0,0.0,📉 매도세 우위. 💰 외국인/기관 수급 집중. ,0,0,,,78.6,78.4,78.7,🔥 과열,1.자동차·모빌리티(+31.5%) / 2.조선·기계·설비(+26.4%) / 3.반도체(+18.9%) / 4.IT/전기전자(+15.1%) / 5.인프라·에너지(+12.3%),5,140,20260119,20260119,26.29,10.15,16.47,-9.82
118990,모트렉스,KOSDAQ,자동차 신품 부품 제조업,자동차 신품 부품 제조업,자동차·모빌리티,9940,50.35,0.0,ARMED,True,False,False,9940,9030,11750,12925.000000000002,48.5,14.3,57.1,43.2,43.2,40.7,89.4000015258789,0.0,,,ARMED,② 상승 후 조정,13.6,8.87,7.31,5.84,-10.24,0,0.99,0.91,0.42,1.0,0.08,0.04,0.43,46.2,74.1,4.41,23.61,0,0,1.43,3.01,7.34,15.99,9.89,0,0,2.21,0.49,1,1,8591.0,9816,1.26,-0.0844,0.44,0.03,False,O,▲,9918,▼,O,X,26.005714285714284,35.19914285714286,1.0,4,22.8,7.8,1.989010989010989,0.0,📉 매도세 우위. 💰 외국인/기관 수급 집중. ,0,0,,,78.6,78.4,78.7,🔥 과열,1.자동차·모빌리티(+31.5%) / 2.조선·기계·설비(+26.4%) / 3.반도체(+18.9%) / 4.IT/전기전자(+15.1%) / 5.인프라·에너지(+12.3%),2,141,20260119,20260119,26.29,10.15,15.99,5.84
037270,YG PLUS,KOSPI,"자료처리, 호스팅, 포털 및 기타 인터넷 정보매개 서비스업","자료처리, 호스팅, 포털 및 기타 인터넷 정보매개 서비스업",서비스 기타,7250,109.99,0.0,ARMED,True,False,False,7250,6510,8720,9592.0,48.5,82.8,39.9,28.1,28.1,43.6,67.5999984741211,0.0,,,ARMED,④ 바닥 반등 시도,7.57,-30.02,-13.34,-16.61,-84.74,5,0.99,1.0,0.26,1.0,0.2,0.09,0.53,58.9,58.7,4.8,13.55,1,0,2.69,5.69,2.98,9.68,-3.06,0,0,1.1,0.7,1,1,6461.0,7014,3.35,0.1449,0.76,0.98,False,O,▼,6853,▲,O,X,7.455217391304347,-5.216956521739131,10.0,2,24.0,20.3,1.9864864864864864,0.0,🌪️ 5일 연속 응축 중! 폭발 임박. 🚀 단기 모멘텀 가속. ,0,0,,,78.6,78.4,78.7,🔥 과열,1.자동차·모빌리티(+31.5%) / 2.조선·기계·설비(+26.4%) / 3.반도체(+18.9%) / 4.IT/전기전자(+15.1%) / 5.인프라·에너지(+12.3%),4,142,20260119,20260119,26.29,10.15,9.68,-16.61
001060,JW중외제약,KOSPI,의약품 제조업,의약품 제조업,바이오·의약품,27350,81.4,0.0,ARMED,True,False,False,27350,25050,31900,35090.0,48.3,18.0,55.9,46.9,46.9,42.1,76.9000015258789,0.0,,,ARMED,⑤ 하락 / 약세,-3.01,19.17,-23.92,-6.33,-35.55,1,0.99,0.83,0.56,1.0,0.06,0.07,0.62,53.4,56.7,0.86,12.6,1,0,-3.36,-2.67,5.6,19.96,1.79,1,0,0.91,0.46,1,1,25285.0,27432,-0.3,-0.0096,2.62,-1.3,False,O,▲,27713,▲,X,X,2.2862500000000003,-7.796250000000001,13.0,4,27.2,5.9,1.9782608695652173,0.0,🌪️ 에너지 응축 시작 (1일차). 📉 매도세 우위. ✅ 20일선 눌림목 구간.,0,0,,,78.6,78.4,78.7,🔥 과열,1.자동차·모빌리티(+31.5%) / 2.조선·기계·설비(+26.4%) / 3.반도체(+18.9%) / 4.IT/전기전자(+15.1%) / 5.인프라·에너지(+12.3%),5,143,20260119,20260119,26.29,10.15,19.96,-6.33
051910,LG화학,KOSPI,기초 화학물질 제조업,기초 화학물질 제조업,화학·소재,337500,957.84,0.0,NEUTRAL,False,False,False,337500,311000,390500,429550.00000000006,48.3,67.1,43.6,33.0,33.0,43.7,68.5,0.0,,,NEUTRAL,④ 바닥 반등 시도,-7.28,16.78,-28.19,-39.97,-37.94,0,1.0,0.79,0.67,1.0,0.22,0.77,0.6,50.8,40.7,1.56,11.97,0,0,1.2,4.98,2.27,-13.68,-3.45,0,0,1.25,0.69,1,-1,345000.0,334541,0.88,0.1664,1.1,1.31,False,X,▲,328191,▲,O,X,7.139749999999999,-5.23775,11.0,3,23.2,22.1,2.0,0.0,🚀 단기 모멘텀 가속. ✅ 20일선 눌림목 구간.,0,0,,,78.6,78.4,78.7,🔥 과열,1.자동차·모빌리티(+31.5%) / 2.조선·기계·설비(+26.4%) / 3.반도체(+18.9%) / 4.IT/전기전자(+15.1%) / 5.인프라·에너지(+12.3%),4,144,20260119,20260119,26.29,10.15,-13.68,-39.97
108490,로보티즈,KOSDAQ,특수 목적용 기계 제조업,특수 목적용 기계 제조업,조선·기계·설비,270500,1691.32,0.0,NEUTRAL,False,False,False,270500,237500,336000,369600.00000000006,48.2,22.7,54.6,43.7,43.7,48.9,80.0999984741211,0.0,,,NEUTRAL,① 강한 상승 추세,-2.17,231.47,-8.46,34.89,212.36,0,0.99,1.0,0.07,1.0,0.59,1.0,0.61,50.9,48.8,3.5,20.01,0,0,5.05,13.42,3.05,45.04,-8.61,0,0,1.36,0.62,1,1,226350.0,259854,4.1,0.4729,1.23,1.13,False,O,▲,249382,▲,O,X,17.209594594594595,32.596756756756754,2.0,4,17.7,59.2,1.9848484848484849,0.0,🚀 단기 모멘텀 가속. ,0,0,,,78.6,78.4,78.7,🔥 과열,1.자동차·모빌리티(+31.5%) / 2.조선·기계·설비(+26.4%) / 3.반도체(+18.9%) / 4.IT/전기전자(+15.1%) / 5.인프라·에너지(+12.3%),1,145,20260119,20260119,26.29,10.15,45.04,34.89
270660,에브리봇,KOSDAQ,가정용 기기 제조업,가정용 기기 제조업,기타,24900,223.13,0.0,WAIT,False,False,True,22600,19280,29250,32175.000000000004,48.2,83.2,39.4,22.6,22.6,35.2,78.69999694824219,0.0,,,WAIT,③ 박스 / 중립,27.82,44.77,21.53,1.26,25.66,0,1.0,1.0,0.01,0.0,0.53,0.18,0.26,67.3,83.5,15.67,28.21,0,0,8.26,19.71,14.48,11.41,11.9,1,0,0.81,0.73,1,1,20138.0,23405,6.38,0.3191,1.66,1.02,False,O,▲,22397,▲,O,X,7.377666666666667,14.425583333333332,7.0,2,61.6,53.1,0.7740213523131673,10.176991150442479,💰 외국인/기관 수급 집중. 🚀 단기 모멘텀 가속. ⚠️ 단기 급등 조정 주의.,0,0,,,78.6,78.4,78.7,🔥 과열,1.자동차·모빌리티(+31.5%) / 2.조선·기계·설비(+26.4%) / 3.반도체(+18.9%) / 4.IT/전기전자(+15.1%) / 5.인프라·에너지(+12.3%),3,146,20260119,20260119,26.29,10.15,11.41,1.26
208370,셀바스헬스케어,KOSDAQ,의료용 기기 제조업,의료용 기기 제조업,기타,6090,84.65,0.0,ARMED,True,False,False,6090,5470,7320,8052.000000000001,48.1,0.0,60.1,46.2,46.2,45.4,92.5,0.0,,,ARMED,② 상승 후 조정,20.12,40.0,13.83,55.56,20.89,5,0.99,1.0,0.26,1.0,0.03,0.07,0.43,53.7,84.0,3.46,29.25,1,0,-1.77,-6.31,2.7,65.71,19.19,0,0,2.55,0.5,1,1,4827.0,6174,-1.37,-0.2158,0.3,-1.27,False,O,▲,6244,▼,X,X,7.377666666666667,14.425583333333332,7.0,4,37.2,2.9,1.9838709677419355,0.0,🌪️ 5일 연속 응축 중! 폭발 임박. 📉 매도세 우위. 💰 외국인/기관 수급 집중. ,81,495325,81.0,49.5,78.6,78.4,78.7,🔥 과열,1.자동차·모빌리티(+31.5%) / 2.조선·기계·설비(+26.4%) / 3.반도체(+18.9%) / 4.IT/전기전자(+15.1%) / 5.인프라·에너지(+12.3%),2,147,20260119,20260119,26.29,10.15,65.71,55.56
103140,풍산,KOSPI,1차 비철금속 제조업,1차 비철금속 제조업,철강·금속,123400,492.64,0.0,WAIT,False,False,True,123400,112000,146100,160710.0,48.0,21.0,54.7,56.4,56.4,57.4,50.70000076293945,0.0,,,WAIT,⑤ 하락 / 약세,21.1,-20.34,0.19,-23.28,-75.06,0,0.99,0.92,0.41,1.0,0.14,0.4,0.34,66.2,60.8,8.23,33.42,0,0,0.0,-0.48,13.11,3.01,11.53,1,0,0.88,0.74,1,1,110940.0,126142,-2.17,-0.176,1.1,-0.71,False,O,▲,129212,▲,X,X,5.7846153846153845,16.182307692307692,6.0,5,61.6,13.9,1.9912280701754386,0.0,📉 매도세 우위. 💸 자금 유입 지속. ⚠️ 단기 급등 조정 주의.,0,0,,,78.6,78.4,78.7,🔥 과열,1.자동차·모빌리티(+31.5%) / 2.조선·기계·설비(+26.4%) / 3.반도체(+18.9%) / 4.IT/전기전자(+15.1%) / 5.인프라·에너지(+12.3%),5,148,20260119,20260119,26.29,10.15,3.01,-23.28
322180,LS티라유텍,KOSDAQ,소프트웨어 개발 및 공급업,소프트웨어 개발 및 공급업,IT/전기전자,10050,238.71,0.0,WAIT,False,False,True,10050,8060,14020,15422.000000000002,48.0,45.4,48.7,31.2,31.2,51.7,89.5,0.0,,,WAIT,② 상승 후 조정,37.3,93.27,31.01,68.36,74.16,0,0.99,1.0,0.0,1.0,0.0,0.19,0.25,63.4,52.0,14.0,43.87,0,0,12.79,9.24,-1.66,78.51,23.06,0,0,0.86,0.65,1,1,7587.0,9810,2.44,-0.0939,1.95,0.33,False,O,▲,9766,▲,O,X,9.837341772151898,18.689113924050634,4.0,3,54.2,0.0,1.9949748743718594,0.0,📉 매도세 우위. ⚠️ 단기 급등 조정 주의.,0,0,,,78.6,78.4,78.7,🔥 과열,1.자동차·모빌리티(+31.5%) / 2.조선·기계·설비(+26.4%) / 3.반도체(+18.9%) / 4.IT/전기전자(+15.1%) / 5.인프라·에너지(+12.3%),2,149,20260119,20260119,26.29,10.15,78.51,68.36
126340,비나텍,KOSDAQ,일차전지 및 이차전지 제조업,일차전지 및 이차전지 제조업,2차전지,85600,59.54,0.0,WAIT,False,False,True,85600,78700,99300,109230.00000000001,47.9,0.0,59.9,54.0,54.0,62.2,73.5999984741211,0.0,,,WAIT,② 상승 후 조정,22.02,197.63,15.73,74.93,178.52,0,0.99,0.8,0.63,1.0,0.0,0.05,0.29,67.6,59.5,7.92,45.01,0,0,-0.58,-1.15,-3.49,85.08,25.62,1,0,1.82,0.71,1,1,68033.0,88783,-3.59,-0.3071,0.48,-1.09,False,O,▲,91003,▼,X,X,4.885714285714286,-17.97142857142857,15.0,5,80.5,0.0,1.9855072463768115,0.0,📉 매도세 우위. ⚠️ 단기 급등 조정 주의.,0,0,,,78.6,78.4,78.7,🔥 과열,1.자동차·모빌리티(+31.5%) / 2.조선·기계·설비(+26.4%) / 3.반도체(+18.9%) / 4.IT/전기전자(+15.1%) / 5.인프라·에너지(+12.3%),2,150,20260119,20260119,26.29,10.15,85.08,74.93
024060,흥구석유,KOSDAQ,기타 전문 도매업,기타 전문 도매업,기타,13160,137.29,0.0,ARMED,True,False,False,13160,11760,15960,17556.0,47.8,1.5,59.4,46.8,46.8,43.2,88.69999694824219,0.0,,,ARMED,⑤ 하락 / 약세,12.86,4.53,6.57,-5.62,-14.58,0,1.0,1.0,0.2,1.0,0.07,0.11,0.53,62.1,81.4,4.69,30.36,0,0,-2.01,-2.59,6.39,4.53,4.35,1,0,5.49,0.43,1,1,11544.0,14261,-7.72,-0.0859,0.44,1.38,False,O,▲,14116,▲,X,X,7.377666666666667,14.425583333333332,7.0,4,29.6,6.8,2.0,0.0,💰 외국인/기관 수급 집중. ,0,0,,,78.6,78.4,78.7,🔥 과열,1.자동차·모빌리티(+31.5%) / 2.조선·기계·설비(+26.4%) / 3.반도체(+18.9%) / 4.IT/전기전자(+15.1%) / 5.인프라·에너지(+12.3%),5,151,20260119,20260119,26.29,10.15,4.53,-5.62
038460,바이오스마트,KOSDAQ,전자부품 제조업,전자부품 제조업,IT/전기전자,4105,67.58,0.0,ARMED,True,False,False,4105,3620,5080,5588.0,47.4,19.2,54.4,43.5,43.5,41.2,79.9000015258789,0.0,,,ARMED,② 상승 후 조정,11.25,28.89,4.96,29.48,9.78,5,1.0,1.0,0.1,1.0,0.07,0.05,0.46,58.2,69.5,5.2,21.39,1,0,-4.98,-2.49,6.35,39.63,4.67,0,0,1.01,0.62,1,1,3266.5,4139,-0.82,-0.0095,0.51,0.63,False,O,▲,4148,▲,X,X,9.837341772151898,18.689113924050634,4.0,4,24.6,6.7,2.0103092783505154,0.0,🌪️ 5일 연속 응축 중! 폭발 임박. 💸 자금 유입 지속. ⚠️ 단기 급등 조정 주의.,0,0,,,78.6,78.4,78.7,🔥 과열,1.자동차·모빌리티(+31.5%) / 2.조선·기계·설비(+26.4%) / 3.반도체(+18.9%) / 4.IT/전기전자(+15.1%) / 5.인프라·에너지(+12.3%),2,152,20260119,20260119,26.29,10.15,39.63,29.48
090360,로보스타,KOSDAQ,특수 목적용 기계 제조업,특수 목적용 기계 제조업,조선·기계·설비,86900,873.09,0.0,OVERHEAT,False,False,False,86900,76300,108100,118910.00000000001,47.4,97.7,34.8,29.3,29.3,55.6,47.79999923706055,0.0,,,OVERHEAT,① 강한 상승 추세,20.19,213.72,13.9,17.46,194.61,1,1.0,1.0,0.07,1.0,0.69,0.7,0.38,64.1,80.6,13.11,22.35,0,0,9.17,23.44,11.41,27.61,-1.01,0,0,1.47,0.9,1,1,70560.0,81283,6.91,0.4845,2.15,1.43,False,O,▲,75054,▲,O,X,17.209594594594595,32.596756756756754,2.0,2,29.3,69.4,2.0,0.0,💰 외국인/기관 수급 집중. 🚀 단기 모멘텀 가속. ⚠️ 단기 급등 조정 주의.,0,0,,,78.6,78.4,78.7,🔥 과열,1.자동차·모빌리티(+31.5%) / 2.조선·기계·설비(+26.4%) / 3.반도체(+18.9%) / 4.IT/전기전자(+15.1%) / 5.인프라·에너지(+12.3%),1,153,20260119,20260119,26.29,10.15,27.61,17.46
051900,LG생활건강,KOSPI,기타 화학제품 제조업,기타 화학제품 제조업,화학·소재,263500,106.15,0.0,ARMED,True,False,False,263500,253500,283000,311300.0,47.2,47.9,47.0,46.2,46.2,51.3,49.0,0.0,,⚡눌림회복,ARMED,④ 바닥 반등 시도,-0.94,-20.39,-21.85,-34.8,-75.11,5,0.97,0.37,0.93,1.0,0.02,0.09,0.47,56.6,50.0,0.16,4.14,1,1,-0.38,0.57,-1.31,-8.51,0.79,1,0,1.19,0.49,1,1,254550.0,263016,0.18,0.0149,0.7,0.81,True,X,▼,262960,▼,O,X,7.139749999999999,-5.23775,11.0,4,27.4,1.8,1.95,0.0,🌪️ 5일 연속 응축 중! 폭발 임박. 🧱 구조적 지지선(Swing Low) 근접. 📈 상승 모멘텀 개선. ✅ 20일선 눌림목 구간.,0,0,,,78.6,78.4,78.7,🔥 과열,1.자동차·모빌리티(+31.5%) / 2.조선·기계·설비(+26.4%) / 3.반도체(+18.9%) / 4.IT/전기전자(+15.1%) / 5.인프라·에너지(+12.3%),4,154,20260119,20260119,26.29,10.15,-8.51,-34.8
011500,한농화성,KOSPI,기타 화학제품 제조업,기타 화학제품 제조업,화학·소재,17990,547.05,0.0,ATTACK,True,True,False,16100,14630,19030,20933.0,47.1,100.0,33.9,13.2,13.2,44.1,82.0999984741211,0.0,,📦박스돌파,ATTACK,④ 바닥 반등 시도,16.52,19.38,-4.39,-10.52,-35.34,4,0.99,0.91,0.43,0.0,0.45,0.44,0.61,70.9,90.0,17.33,18.58,0,0,15.32,18.59,17.5,15.77,2.43,1,1,4.06,0.8,1,1,14403.0,17211,4.53,0.2223,12.74,3.26,False,O,▲,15734,▲,O,X,7.139749999999999,-5.23775,11.0,1,62.8,44.9,0.30952380952380953,11.73913043478261,💪 매수세 장악(Power Buying). 💰 외국인/기관 수급 집중. 🚀 단기 모멘텀 가속. ⚠️ 단기 급등 조정 주의.,0,0,,,78.6,78.4,78.7,🔥 과열,1.자동차·모빌리티(+31.5%) / 2.조선·기계·설비(+26.4%) / 3.반도체(+18.9%) / 4.IT/전기전자(+15.1%) / 5.인프라·에너지(+12.3%),4,155,20260119,20260119,26.29,10.15,15.77,-10.52
071970,HD현대마린엔진,KOSPI,일반 목적용 기계 제조업,일반 목적용 기계 제조업,조선·기계·설비,95100,428.14,0.0,WAIT,False,False,True,95100,83800,117600,129360.00000000001,47.0,20.7,53.6,49.5,49.5,45.0,63.20000076293945,0.0,,,WAIT,⑤ 하락 / 약세,17.7,65.39,-3.21,-28.15,10.67,0,0.99,1.0,0.09,1.0,0.11,0.34,0.5,51.3,52.3,3.07,23.52,0,0,5.55,-5.09,9.94,-1.86,9.32,0,0,1.09,0.63,1,1,84300.0,94653,0.47,-0.3886,1.03,-1.94,False,O,▲,96778,▼,X,X,17.209594594594595,32.596756756756754,2.0,4,32.3,10.5,1.991150442477876,0.0,📉 매도세 우위. ,0,0,,,78.6,78.4,78.7,🔥 과열,1.자동차·모빌리티(+31.5%) / 2.조선·기계·설비(+26.4%) / 3.반도체(+18.9%) / 4.IT/전기전자(+15.1%) / 5.인프라·에너지(+12.3%),5,156,20260119,20260119,26.29,10.15,-1.86,-28.15
003550,LG,KOSPI,기타 금융업,기타 금융업,금융,89000,295.31,0.0,ATTACK,True,True,False,89000,84300,98400,108240.00000000001,47.0,80.1,38.7,40.3,40.3,61.1,34.900001525878906,0.0,,,ATTACK,④ 바닥 반등 시도,6.08,11.39,-14.83,-15.18,-43.33,2,1.0,0.53,1.0,1.0,0.41,0.24,0.52,71.2,67.4,7.85,11.21,0,0,1.71,11.25,9.2,11.11,-0.51,1,1,1.39,0.75,1,1,79880.0,86018,3.47,0.2674,1.41,1.65,False,O,▲,83948,▲,O,X,4.08,-12.326176470588237,14.0,4,57.1,41.4,2.0,0.0,💪 매수세 장악(Power Buying). 💸 자금 유입 지속. 🚀 단기 모멘텀 가속. ⚠️ 단기 급등 조정 주의.,0,0,,,78.6,78.4,78.7,🔥 과열,1.자동차·모빌리티(+31.5%) / 2.조선·기계·설비(+26.4%) / 3.반도체(+18.9%) / 4.IT/전기전자(+15.1%) / 5.인프라·에너지(+12.3%),4,157,20260119,20260119,26.29,10.15,11.11,-15.18
098460,고영,KOSDAQ,특수 목적용 기계 제조업,특수 목적용 기계 제조업,조선·기계·설비,30000,2523.13,0.0,ATTACK,True,True,False,27150,23300,34850,38335.0,46.9,91.1,35.8,21.4,21.4,30.1,69.5,0.0,,,ATTACK,⑤ 하락 / 약세,22.7,102.29,16.41,64.47,83.18,0,1.0,1.0,0.01,0.0,0.2,1.0,0.33,71.0,79.1,16.03,34.91,0,0,5.63,14.29,13.42,74.62,12.22,1,0,4.08,0.9,1,1,23465.0,29045,3.29,0.0462,1.73,1.81,False,O,▲,28944,▲,O,X,17.209594594594595,32.596756756756754,2.0,2,65.3,19.7,0.7238805970149254,10.497237569060774,💪 매수세 장악(Power Buying). 💰 외국인/기관 수급 집중. 🚀 단기 모멘텀 가속. ⚠️ 단기 급등 조정 주의.,0,0,,,78.6,78.4,78.7,🔥 과열,1.자동차·모빌리티(+31.5%) / 2.조선·기계·설비(+26.4%) / 3.반도체(+18.9%) / 4.IT/전기전자(+15.1%) / 5.인프라·에너지(+12.3%),5,158,20260119,20260119,26.29,10.15,74.62,64.47
460940,피앤에스로보틱스,KOSDAQ,의료용 기기 제조업,의료용 기기 제조업,기타,11860,91.62,0.0,ARMED,True,False,False,11860,10160,15260,16786.0,46.8,40.2,48.5,34.1,34.1,49.2,82.19999694824219,0.0,,,ARMED,① 강한 상승 추세,-4.59,77.28,-10.88,35.28,58.17,0,1.0,1.0,0.01,1.0,0.64,0.07,0.57,53.7,72.3,4.05,24.81,0,0,5.8,13.71,3.58,45.43,-11.95,0,0,3.28,0.6,1,1,9961.0,11500,3.13,0.5347,1.11,0.9,False,O,▲,10678,▲,O,X,7.377666666666667,14.425583333333332,7.0,3,16.1,63.8,2.0,0.0,💰 외국인/기관 수급 집중. 🚀 단기 모멘텀 가속. ,0,0,,,78.6,78.4,78.7,🔥 과열,1.자동차·모빌리티(+31.5%) / 2.조선·기계·설비(+26.4%) / 3.반도체(+18.9%) / 4.IT/전기전자(+15.1%) / 5.인프라·에너지(+12.3%),1,159,20260119,20260119,26.29,10.15,45.43,35.28
006805,미래에셋증권우,KOSPI,기타,기타,기타,16700,77.3,0.0,ARMED,True,False,False,16700,13640,22850,25135.000000000004,46.7,0.3,58.3,44.6,44.6,61.5,90.19999694824219,0.0,,,ARMED,② 상승 후 조정,56.51,65.35,35.6,22.82,10.63,0,1.0,1.0,0.0,1.0,0.18,0.06,0.18,54.8,52.5,12.78,45.24,0,0,-1.36,5.03,16.78,49.11,27.47,0,0,2.32,0.83,1,1,13926.0,16580,0.72,-0.0385,0.25,1.14,False,O,▲,16513,▲,O,X,7.377666666666667,14.425583333333332,7.0,4,69.9,17.8,2.0098039215686274,0.0,⚠️ 단기 급등 조정 주의.,0,0,,,78.6,78.4,78.7,🔥 과열,1.자동차·모빌리티(+31.5%) / 2.조선·기계·설비(+26.4%) / 3.반도체(+18.9%) / 4.IT/전기전자(+15.1%) / 5.인프라·에너지(+12.3%),2,160,20260119,20260119,26.29,10.15,49.11,22.82
474170,루미르,KOSDAQ,"항공기,우주선 및 부품 제조업","항공기,우주선 및 부품 제조업",기타,12190,108.62,0.0,ARMED,True,False,False,12190,9880,16810,18491.0,46.5,9.9,55.7,40.2,40.2,64.7,91.80000305175781,0.0,,,ARMED,② 상승 후 조정,50.87,63.84,44.58,21.78,44.73,0,1.0,1.0,0.0,1.0,0.2,0.09,0.07,71.2,84.3,13.48,68.26,0,0,2.52,-6.45,18.7,31.93,25.1,1,0,2.48,0.67,1,1,9135.0,12586,-3.15,-0.7352,0.26,-0.97,False,O,▲,13455,▼,X,X,7.377666666666667,14.425583333333332,7.0,4,76.8,19.8,2.0,0.0,📉 매도세 우위. 💰 외국인/기관 수급 집중. ⚠️ 단기 급등 조정 주의.,0,0,,,78.6,78.4,78.7,🔥 과열,1.자동차·모빌리티(+31.5%) / 2.조선·기계·설비(+26.4%) / 3.반도체(+18.9%) / 4.IT/전기전자(+15.1%) / 5.인프라·에너지(+12.3%),2,161,20260119,20260119,26.29,10.15,31.93,21.78
234100,폴라리스세원,KOSDAQ,자동차 신품 부품 제조업,자동차 신품 부품 제조업,자동차·모빌리티,1310,213.35,0.0,WAIT,False,False,True,1310,1117,1696,1865.6000000000001,46.4,27.0,51.2,44.4,44.4,46.9,67.0,0.0,,,WAIT,⑤ 하락 / 약세,20.63,-2.67,14.34,-8.36,-21.78,0,1.0,1.0,0.01,1.0,0.24,0.17,0.38,66.6,81.4,11.84,44.12,0,0,6.76,1.79,22.32,1.79,2.04,1,0,1.29,0.51,1,1,1201.2,1340,-2.3,-0.4102,1.99,1.27,False,O,▲,1353,▲,X,X,26.005714285714284,35.19914285714286,1.0,4,30.5,23.7,2.0,0.0,💰 외국인/기관 수급 집중. ⚠️ 단기 급등 조정 주의.,0,0,,,78.6,78.4,78.7,🔥 과열,1.자동차·모빌리티(+31.5%) / 2.조선·기계·설비(+26.4%) / 3.반도체(+18.9%) / 4.IT/전기전자(+15.1%) / 5.인프라·에너지(+12.3%),5,162,20260119,20260119,26.29,10.15,1.79,-8.36
095610,테스,KOSDAQ,특수 목적용 기계 제조업,특수 목적용 기계 제조업,조선·기계·설비,50600,108.98,0.0,WAIT,False,False,True,50600,47900,56000,61600.00000000001,46.2,9.2,55.4,53.3,53.3,58.1,60.29999923706055,0.0,,,WAIT,③ 박스 / 중립,29.74,100.4,23.45,-1.22,81.29,0,1.0,0.53,0.99,1.0,0.0,0.09,0.44,62.6,62.9,4.21,52.32,0,0,-0.2,-1.17,-7.33,8.93,29.37,1,0,1.07,0.55,1,1,45950.0,50945,-0.68,-0.4723,0.53,-1.54,True,O,▲,53636,▼,X,X,17.209594594594595,32.596756756756754,2.0,5,70.2,0.0,2.0,0.0,🧱 구조적 지지선(Swing Low) 근접. 📉 매도세 우위. 💸 자금 유입 지속. ,0,0,,,78.6,78.4,78.7,🔥 과열,1.자동차·모빌리티(+31.5%) / 2.조선·기계·설비(+26.4%) / 3.반도체(+18.9%) / 4.IT/전기전자(+15.1%) / 5.인프라·에너지(+12.3%),3,163,20260119,20260119,26.29,10.15,8.93,-1.22
089030,테크윙,KOSDAQ,특수 목적용 기계 제조업,특수 목적용 기계 제조업,조선·기계·설비,48500,225.03,0.0,WAIT,False,False,True,48500,45400,54700,60170.00000000001,46.2,20.6,52.6,50.4,50.4,48.8,57.599998474121094,0.0,,,WAIT,⑤ 하락 / 약세,13.85,73.21,7.56,-32.67,54.1,0,1.0,0.64,0.91,1.0,0.0,0.18,0.53,61.5,61.7,2.49,28.88,0,0,-1.92,2.75,-7.62,-22.52,13.19,1,0,1.2,0.51,1,1,45570.0,48434,0.14,-0.11,0.73,0.75,True,X,▲,49348,▼,X,X,17.209594594594595,32.596756756756754,2.0,5,46.9,0.0,2.0,0.0,🧱 구조적 지지선(Swing Low) 근접. 💸 자금 유입 지속. ,0,0,,,78.6,78.4,78.7,🔥 과열,1.자동차·모빌리티(+31.5%) / 2.조선·기계·설비(+26.4%) / 3.반도체(+18.9%) / 4.IT/전기전자(+15.1%) / 5.인프라·에너지(+12.3%),5,164,20260119,20260119,26.29,10.15,-22.52,-32.67
094820,일진파워,KOSDAQ,전기 및 통신 공사업,전기 및 통신 공사업,기타,13550,102.8,0.0,WAIT,False,False,True,13550,11840,16970,18667.0,46.2,4.6,56.6,45.6,45.6,46.5,82.30000305175781,0.0,,,WAIT,⑤ 하락 / 약세,21.31,14.64,15.02,9.34,-4.47,0,1.0,1.0,0.05,1.0,0.19,0.08,0.51,58.2,64.2,4.2,21.78,0,0,-2.52,2.57,4.8,19.49,9.56,0,0,1.17,0.62,1,-1,14264.0,13634,-0.62,0.1185,0.94,0.42,False,O,▲,13290,▲,O,X,7.377666666666667,14.425583333333332,7.0,4,31.8,19.1,2.0,0.0,📉 매도세 우위. 💸 자금 유입 지속. 🚀 단기 모멘텀 가속. ,0,0,,,78.6,78.4,78.7,🔥 과열,1.자동차·모빌리티(+31.5%) / 2.조선·기계·설비(+26.4%) / 3.반도체(+18.9%) / 4.IT/전기전자(+15.1%) / 5.인프라·에너지(+12.3%),5,165,20260119,20260119,26.29,10.15,19.49,9.34
241560,두산밥캣,KOSPI,특수 목적용 기계 제조업,특수 목적용 기계 제조업,조선·기계·설비,61000,175.33,0.0,WAIT,False,False,True,61000,56400,70100,77110.0,46.1,39.6,47.7,48.4,48.4,45.7,46.099998474121094,0.0,,,WAIT,④ 바닥 반등 시도,0.83,11.52,-20.08,-23.94,-43.2,0,0.99,0.75,0.72,1.0,0.07,0.14,0.51,60.2,41.0,2.86,13.01,0,0,-1.45,-3.02,3.39,2.35,0.53,1,0,1.28,0.61,1,1,55220.0,61469,-0.76,0.0299,1.17,-1.7,False,O,▲,61501,▲,X,X,17.209594594594595,32.596756756756754,2.0,4,35.6,7.1,1.9782608695652173,0.0,📉 매도세 우위. 🚀 단기 모멘텀 가속. ,0,0,,,78.6,78.4,78.7,🔥 과열,1.자동차·모빌리티(+31.5%) / 2.조선·기계·설비(+26.4%) / 3.반도체(+18.9%) / 4.IT/전기전자(+15.1%) / 5.인프라·에너지(+12.3%),4,166,20260119,20260119,26.29,10.15,2.35,-23.94
353200,대덕전자,KOSPI,전자부품 제조업,전자부품 제조업,IT/전기전자,51800,440.45,0.0,OVERHEAT,False,False,False,51800,46750,61900,68090.0,46.1,61.5,42.2,38.3,38.3,55.5,51.400001525878906,0.0,,,OVERHEAT,① 강한 상승 추세,10.57,159.52,-10.34,38.68,104.8,0,1.0,0.97,0.32,1.0,0.69,0.35,0.39,65.5,63.3,11.14,24.11,0,0,0.0,20.47,8.37,64.97,-8.18,0,0,1.11,0.9,1,1,42595.0,48986,5.74,0.6359,0.82,2.85,False,O,▲,46656,▲,O,X,9.837341772151898,18.689113924050634,4.0,3,29.3,68.9,2.0,0.0,💪 매수세 장악(Power Buying). 💸 자금 유입 지속. 🚀 단기 모멘텀 가속. ⚠️ 단기 급등 조정 주의.,0,0,,,78.6,78.4,78.7,🔥 과열,1.자동차·모빌리티(+31.5%) / 2.조선·기계·설비(+26.4%) / 3.반도체(+18.9%) / 4.IT/전기전자(+15.1%) / 5.인프라·에너지(+12.3%),1,167,20260119,20260119,26.29,10.15,64.97,38.68
458870,씨어스테크놀로지,KOSDAQ,의료용 기기 제조업,의료용 기기 제조업,기타,126600,69.19,0.0,NEUTRAL,False,False,False,126600,110300,159200,175120.0,46.0,28.2,50.4,44.3,44.3,71.1,64.5999984741211,0.0,,📦박스돌파,NEUTRAL,① 강한 상승 추세,10.28,266.43,3.99,60.93,247.32,4,1.0,1.0,0.05,1.0,0.49,0.06,0.5,57.5,49.1,4.87,19.49,0,0,-2.47,12.33,3.86,71.08,-4.73,1,1,1.02,0.69,1,1,108220.0,125846,0.6,0.3793,0.38,1.07,False,O,▲,122317,▲,O,X,7.377666666666667,14.425583333333332,7.0,4,53.2,49.0,2.0,0.0,🚀 단기 모멘텀 가속. ,0,0,,,78.6,78.4,78.7,🔥 과열,1.자동차·모빌리티(+31.5%) / 2.조선·기계·설비(+26.4%) / 3.반도체(+18.9%) / 4.IT/전기전자(+15.1%) / 5.인프라·에너지(+12.3%),1,168,20260119,20260119,26.29,10.15,71.08,60.93
272110,케이엔제이,KOSDAQ,반도체 제조업,반도체 제조업,반도체,22950,75.05,0.0,NEUTRAL,False,False,False,22950,20150,28550,31405.000000000004,46.0,68.0,40.5,26.9,26.9,43.6,72.0999984741211,0.0,,,NEUTRAL,④ 바닥 반등 시도,-0.86,28.72,-7.15,-18.17,9.61,0,1.0,1.0,0.07,1.0,0.31,0.06,0.67,56.0,48.8,5.3,21.7,0,0,9.81,10.87,-2.34,-8.02,-7.33,0,0,1.04,0.63,1,-1,24485.0,21417,7.16,0.2629,1.98,1.45,False,X,▲,20483,▲,O,X,8.782,25.696666666666665,3.0,2,18.5,31.1,2.0,0.0,🚀 단기 모멘텀 가속. ⚠️ 단기 급등 조정 주의.,0,0,,,78.6,78.4,78.7,🔥 과열,1.자동차·모빌리티(+31.5%) / 2.조선·기계·설비(+26.4%) / 3.반도체(+18.9%) / 4.IT/전기전자(+15.1%) / 5.인프라·에너지(+12.3%),4,169,20260119,20260119,26.29,10.15,-8.02,-18.17
010580,에스엠벡셀,KOSPI,자동차 신품 부품 제조업,자동차 신품 부품 제조업,자동차·모빌리티,2795,91.78,0.0,ATTACK,True,True,False,2495,2030,3425,3767.5000000000005,46.0,96.0,33.5,8.0,8.0,47.3,93.0,0.0,,🚀급등시동,ATTACK,④ 바닥 반등 시도,44.44,68.47,23.53,-34.95,13.75,0,1.0,1.0,0.0,0.0,0.25,0.07,0.2,56.3,83.7,17.66,43.77,0,0,11.8,18.18,5.47,-8.66,22.8,1,0,4.58,0.9,1,1,2094.0,2560,9.15,0.1585,0.66,1.55,False,O,▲,2516,▲,O,X,26.005714285714284,35.19914285714286,1.0,0,80.9,24.6,0.8235294117647058,12.024048096192384,💪 매수세 장악(Power Buying). 💰 외국인/기관 수급 집중. 🚀 단기 모멘텀 가속. ⚠️ 단기 급등 조정 주의.,0,0,,,78.6,78.4,78.7,🔥 과열,1.자동차·모빌리티(+31.5%) / 2.조선·기계·설비(+26.4%) / 3.반도체(+18.9%) / 4.IT/전기전자(+15.1%) / 5.인프라·에너지(+12.3%),4,170,20260119,20260119,26.29,10.15,-8.66,-34.95
054540,삼영엠텍,KOSDAQ,"구조용 금속제품, 탱크 및 증기발생기 제조업","구조용 금속제품, 탱크 및 증기발생기 제조업",기타,15110,103.51,0.0,ARMED,True,False,False,15110,14050,17230,18953.0,45.7,0.3,57.1,48.6,48.6,49.3,77.0999984741211,0.0,,,ARMED,⑤ 하락 / 약세,13.78,196.86,7.49,-34.6,177.75,0,1.0,0.7,0.82,1.0,0.04,0.08,0.43,57.4,80.1,2.21,25.0,0,0,-0.98,-6.73,3.71,-24.45,11.77,1,0,4.53,0.53,1,1,13064.0,15666,-3.56,-0.2606,0.33,-1.37,False,O,▲,15886,▼,X,X,7.377666666666667,14.425583333333332,7.0,4,46.2,3.9,2.0,0.0,📉 매도세 우위. 💰 외국인/기관 수급 집중. ,0,0,,,78.6,78.4,78.7,🔥 과열,1.자동차·모빌리티(+31.5%) / 2.조선·기계·설비(+26.4%) / 3.반도체(+18.9%) / 4.IT/전기전자(+15.1%) / 5.인프라·에너지(+12.3%),5,171,20260119,20260119,26.29,10.15,-24.45,-34.6
381620,제닉스로보틱스,KOSDAQ,특수 목적용 기계 제조업,특수 목적용 기계 제조업,조선·기계·설비,14480,164.17,0.0,OVERHEAT,False,False,False,14480,12800,17830,19613.0,45.7,73.9,38.6,21.3,21.3,64.7,79.0999984741211,0.0,,,OVERHEAT,④ 바닥 반등 시도,17.06,92.04,10.77,-29.44,72.93,0,0.99,1.0,0.11,1.0,0.78,0.13,0.36,65.0,72.2,14.28,24.79,0,0,7.26,23.44,17.44,-19.29,-2.81,1,0,3.09,0.89,1,1,11552.0,13652,6.06,0.6061,1.73,1.94,False,O,▲,12930,▲,O,X,17.209594594594595,32.596756756756754,2.0,2,47.5,78.5,1.994047619047619,0.0,💪 매수세 장악(Power Buying). 💰 외국인/기관 수급 집중. 🚀 단기 모멘텀 가속. ⚠️ 단기 급등 조정 주의.,0,0,,,78.6,78.4,78.7,🔥 과열,1.자동차·모빌리티(+31.5%) / 2.조선·기계·설비(+26.4%) / 3.반도체(+18.9%) / 4.IT/전기전자(+15.1%) / 5.인프라·에너지(+12.3%),4,172,20260119,20260119,26.29,10.15,-19.29,-29.44
077970,STX엔진,KOSPI,일반 목적용 기계 제조업,일반 목적용 기계 제조업,조선·기계·설비,37700,115.96,0.0,WAIT,False,False,True,37700,33500,46050,50655.00000000001,45.4,23.6,50.8,43.9,43.9,40.0,66.9000015258789,0.0,,,WAIT,⑤ 하락 / 약세,1.07,82.57,-19.84,-27.86,27.85,0,0.99,1.0,0.15,1.0,0.14,0.09,0.46,60.4,61.9,3.69,24.51,0,0,2.17,-5.28,13.55,-1.57,0.15,0,0,1.25,0.62,1,1,33550.0,37995,-0.78,-0.0963,0.68,-1.47,False,O,▼,38253,▲,X,X,17.209594594594595,32.596756756756754,2.0,4,17.9,14.4,1.9880952380952381,0.0,📉 매도세 우위. 💸 자금 유입 지속. ,0,0,,,78.6,78.4,78.7,🔥 과열,1.자동차·모빌리티(+31.5%) / 2.조선·기계·설비(+26.4%) / 3.반도체(+18.9%) / 4.IT/전기전자(+15.1%) / 5.인프라·에너지(+12.3%),5,173,20260119,20260119,26.29,10.15,-1.57,-27.86
048770,TPC,KOSDAQ,일반 목적용 기계 제조업,일반 목적용 기계 제조업,조선·기계·설비,3740,54.96,0.0,ARMED,True,False,False,3270,2510,4790,5269.0,45.3,96.0,32.6,8.0,8.0,44.8,90.0999984741211,0.0,,🚀급등시동,ARMED,② 상승 후 조정,54.87,81.55,48.58,51.75,62.44,0,1.0,1.0,0.0,0.0,0.07,0.04,0.17,65.3,74.9,20.06,46.95,0,0,11.98,9.04,6.4,61.9,24.63,1,0,3.27,0.9,1,1,2608.0,3493,7.05,-0.0337,1.18,0.71,False,O,▲,3476,▲,O,X,17.209594594594595,32.596756756756754,2.0,0,83.6,6.8,0.8536585365853658,14.37308868501529,💰 외국인/기관 수급 집중. ⚠️ 단기 급등 조정 주의.,0,0,,,78.6,78.4,78.7,🔥 과열,1.자동차·모빌리티(+31.5%) / 2.조선·기계·설비(+26.4%) / 3.반도체(+18.9%) / 4.IT/전기전자(+15.1%) / 5.인프라·에너지(+12.3%),2,174,20260119,20260119,26.29,10.15,61.9,51.75
161390,한국타이어앤테크놀로지,KOSPI,고무제품 제조업,고무제품 제조업,화학·소재,62100,137.06,0.0,NEUTRAL,False,False,False,62100,58100,70100,77110.0,45.1,72.6,38.2,37.0,37.0,54.8,40.900001525878906,0.0,,,NEUTRAL,① 강한 상승 추세,1.8,33.98,-19.11,10.64,-20.74,0,1.0,0.64,0.9,1.0,0.43,0.11,0.55,67.9,59.9,5.38,12.12,0,0,0.16,7.81,7.81,36.93,-1.95,0,1,1.13,0.92,1,1,55740.0,60518,2.61,0.2905,0.96,1.27,False,O,▲,59824,▲,O,X,7.139749999999999,-5.23775,11.0,3,40.6,42.7,2.0,0.0,🚀 단기 모멘텀 가속. ⚠️ 단기 급등 조정 주의.,0,0,,,78.6,78.4,78.7,🔥 과열,1.자동차·모빌리티(+31.5%) / 2.조선·기계·설비(+26.4%) / 3.반도체(+18.9%) / 4.IT/전기전자(+15.1%) / 5.인프라·에너지(+12.3%),1,175,20260119,20260119,26.29,10.15,36.93,10.64
001040,CJ,KOSPI,기타 금융업,기타 금융업,금융,186000,229.59,0.0,WAIT,False,False,True,186000,172800,212500,233750.00000000003,44.9,36.0,47.1,50.8,50.8,58.4,38.5,0.0,,,WAIT,④ 바닥 반등 시도,5.62,15.82,-15.29,-19.64,-38.9,1,1.0,0.71,0.8,1.0,0.21,0.18,0.54,73.9,74.5,5.21,14.23,0,0,-0.64,4.85,6.41,6.65,3.5,1,1,1.67,0.72,1,1,166720.0,186256,-0.14,0.1182,1.13,0.87,False,O,▲,186245,▲,X,X,4.08,-12.326176470588237,14.0,5,60.5,20.8,2.007575757575758,0.0,💰 외국인/기관 수급 집중. 🚀 단기 모멘텀 가속. ⚠️ 단기 급등 조정 주의.,0,0,,,78.6,78.4,78.7,🔥 과열,1.자동차·모빌리티(+31.5%) / 2.조선·기계·설비(+26.4%) / 3.반도체(+18.9%) / 4.IT/전기전자(+15.1%) / 5.인프라·에너지(+12.3%),4,176,20260119,20260119,26.29,10.15,6.65,-19.64
030200,KT,KOSPI,전기 통신업,전기 통신업,IT/전기전자,53600,501.71,0.0,ARMED,True,False,False,53600,51300,58200,64020.00000000001,44.4,55.8,41.5,47.0,47.0,39.8,28.799999237060547,0.0,,,ARMED,④ 바닥 반등 시도,-0.56,-6.46,-21.47,-20.36,-61.18,1,1.0,0.43,0.98,1.0,0.17,0.4,0.56,51.2,52.7,1.57,5.91,1,1,-0.56,3.68,3.88,5.93,0.39,0,0,1.09,0.59,1,1,50835.0,53462,0.26,0.1101,1.27,0.67,True,O,▲,52869,▲,O,X,9.837341772151898,18.689113924050634,4.0,4,15.8,17.1,2.0,0.0,🌪️ 에너지 응축 시작 (1일차). 🧱 구조적 지지선(Swing Low) 근접. 🚀 단기 모멘텀 가속. ✅ 20일선 눌림목 구간.,0,0,,,78.6,78.4,78.7,🔥 과열,1.자동차·모빌리티(+31.5%) / 2.조선·기계·설비(+26.4%) / 3.반도체(+18.9%) / 4.IT/전기전자(+15.1%) / 5.인프라·에너지(+12.3%),4,177,20260119,20260119,26.29,10.15,5.93,-20.36
012800,대창,KOSPI,1차 비철금속 제조업,1차 비철금속 제조업,철강·금속,1391,70.82,0.0,WAIT,False,False,True,1391,1274,1625,1787.5000000000002,44.0,53.6,41.6,47.9,47.9,47.3,26.799999237060547,0.0,,,WAIT,⑤ 하락 / 약세,16.11,-7.39,-4.8,-20.03,-62.11,0,1.0,0.84,0.56,1.0,0.04,0.06,0.47,61.2,82.6,5.41,22.17,0,0,4.12,0.58,3.96,6.26,10.45,1,0,1.64,0.48,1,1,1280.0,1378,0.93,-0.1763,0.98,0.25,False,O,▲,1391,▼,X,X,5.7846153846153845,16.182307692307692,6.0,4,41.1,4.2,2.0,0.0,📉 매도세 우위. 💰 외국인/기관 수급 집중. ⚠️ 단기 급등 조정 주의.,0,0,,,78.6,78.4,78.7,🔥 과열,1.자동차·모빌리티(+31.5%) / 2.조선·기계·설비(+26.4%) / 3.반도체(+18.9%) / 4.IT/전기전자(+15.1%) / 5.인프라·에너지(+12.3%),5,178,20260119,20260119,26.29,10.15,6.26,-20.03
140410,메지온,KOSDAQ,자연과학 및 공학 연구개발업,자연과학 및 공학 연구개발업,기타,91000,98.66,0.0,WAIT,False,False,True,91000,83500,105900,116490.00000000001,44.0,18.1,50.5,40.6,40.6,55.6,73.5999984741211,0.0,,⚡눌림회복,WAIT,② 상승 후 조정,3.06,131.85,-3.23,48.94,112.74,0,0.99,0.82,0.59,1.0,0.0,0.08,0.4,60.5,53.8,-0.24,28.49,0,0,2.25,-0.55,-11.22,59.09,10.06,1,0,1.19,0.45,0,1,84230.0,90252,0.83,-0.2211,0.42,0.47,False,O,▲,92389,▼,X,X,7.377666666666667,14.425583333333332,7.0,4,38.9,0.0,1.9866666666666666,0.0,📉 매도세 우위. ✅ 20일선 눌림목 구간.,0,0,,,78.6,78.4,78.7,🔥 과열,1.자동차·모빌리티(+31.5%) / 2.조선·기계·설비(+26.4%) / 3.반도체(+18.9%) / 4.IT/전기전자(+15.1%) / 5.인프라·에너지(+12.3%),2,179,20260119,20260119,26.29,10.15,59.09,48.94
321370,센서뷰,KOSDAQ,전자부품 제조업,전자부품 제조업,IT/전기전자,2930,330.33,0.0,OVERHEAT,False,False,False,1812,1269,2900,3190.0000000000005,44.0,96.8,30.8,3.0,3.0,42.1,95.5,0.0,,,OVERHEAT,⑤ 하락 / 약세,189.81,98.64,183.52,108.34,79.53,0,1.0,1.0,0.0,0.0,0.45,0.26,0.34,86.0,95.3,69.82,126.28,0,0,28.79,35.02,64.61,118.49,78.41,1,0,6.52,0.99,1,1,1661.4,2421,20.99,0.0434,1.82,1.96,False,O,▲,2494,▲,O,X,9.837341772151898,18.689113924050634,4.0,0,82.7,45.1,-0.018061408789885613,61.69977924944813,💪 매수세 장악(Power Buying). 💰 외국인/기관 수급 집중. 🚀 단기 모멘텀 가속. ⚠️ 단기 급등 조정 주의.,0,0,,,78.6,78.4,78.7,🔥 과열,1.자동차·모빌리티(+31.5%) / 2.조선·기계·설비(+26.4%) / 3.반도체(+18.9%) / 4.IT/전기전자(+15.1%) / 5.인프라·에너지(+12.3%),5,180,20260119,20260119,26.29,10.15,118.49,108.34
043370,피에이치에이,KOSDAQ,자동차 신품 부품 제조업,자동차 신품 부품 제조업,자동차·모빌리티,12870,567.9,0.0,NEUTRAL,False,False,False,12870,11680,15250,16775.0,43.9,20.0,49.9,36.9,36.9,47.4,80.0999984741211,0.0,,,NEUTRAL,③ 박스 / 중립,4.8,12.11,-1.49,0.51,-7.0,0,1.0,0.92,0.41,1.0,0.54,0.46,0.54,63.5,96.5,10.17,15.43,0,0,7.25,15.95,14.6,10.66,-1.79,0,1,0.21,0.41,1,1,11739.0,13549,-5.01,0.3296,16.79,-4.05,False,O,▲,11556,▲,O,X,26.005714285714284,35.19914285714286,1.0,3,16.3,54.5,2.0,0.0,📉 매도세 우위. 💰 외국인/기관 수급 집중. 🚀 단기 모멘텀 가속. ⚠️ 단기 급등 조정 주의.,0,0,,,78.6,78.4,78.7,🔥 과열,1.자동차·모빌리티(+31.5%) / 2.조선·기계·설비(+26.4%) / 3.반도체(+18.9%) / 4.IT/전기전자(+15.1%) / 5.인프라·에너지(+12.3%),3,181,20260119,20260119,26.29,10.15,10.66,0.51
011210,현대위아,KOSPI,자동차 신품 부품 제조업,자동차 신품 부품 제조업,자동차·모빌리티,92000,652.64,0.0,WAIT,False,False,True,92000,81100,113700,125070.00000000001,43.9,74.5,36.2,28.4,28.4,56.4,54.5,0.0,,,WAIT,② 상승 후 조정,25.0,81.82,4.09,32.33,27.1,0,0.99,1.0,0.1,1.0,0.24,0.52,0.27,72.7,75.6,14.89,38.46,0,0,3.72,5.75,22.99,58.62,4.04,1,0,1.42,0.87,1,1,71210.0,89633,2.64,-0.1669,1.46,1.25,False,O,▲,91987,▲,O,X,26.005714285714284,35.19914285714286,1.0,2,53.8,24.4,1.9908256880733946,0.0,💰 외국인/기관 수급 집중. ⚠️ 단기 급등 조정 주의.,0,0,,,78.6,78.4,78.7,🔥 과열,1.자동차·모빌리티(+31.5%) / 2.조선·기계·설비(+26.4%) / 3.반도체(+18.9%) / 4.IT/전기전자(+15.1%) / 5.인프라·에너지(+12.3%),2,182,20260119,20260119,26.29,10.15,58.62,32.33
475830,오름테라퓨틱,KOSDAQ,기초 의약물질 제조업,기초 의약물질 제조업,기타,114700,461.64,0.0,WAIT,False,False,True,114700,106500,131100,144210.0,43.8,0.0,54.7,38.8,38.8,47.7,91.9000015258789,0.0,,,WAIT,② 상승 후 조정,27.16,400.87,20.87,213.86,381.76,0,1.0,0.71,0.79,1.0,0.0,0.37,0.33,56.0,40.2,-2.0,54.49,0,0,-5.83,-13.24,-10.18,224.01,25.23,0,0,1.55,0.47,0,1,112720.0,119441,-3.97,-0.686,0.85,-0.99,False,O,▲,129690,▼,X,X,7.377666666666667,14.425583333333332,7.0,3,44.3,0.0,2.0,0.0,📉 매도세 우위. ✅ 20일선 눌림목 구간.,0,0,,,78.6,78.4,78.7,🔥 과열,1.자동차·모빌리티(+31.5%) / 2.조선·기계·설비(+26.4%) / 3.반도체(+18.9%) / 4.IT/전기전자(+15.1%) / 5.인프라·에너지(+12.3%),2,183,20260119,20260119,26.29,10.15,224.01,213.86
380540,옵티코어,KOSDAQ,마그네틱 및 광학 매체 제조업,마그네틱 및 광학 매체 제조업,기타,4360,466.01,0.0,OVERHEAT,False,False,False,2560,1931,3820,4202.0,43.8,100.0,29.8,3.0,3.0,52.8,92.30000305175781,0.0,,,OVERHEAT,⑤ 하락 / 약세,134.28,148.86,127.99,117.05,129.75,0,1.0,1.0,0.0,0.0,1.0,0.37,0.52,85.4,89.0,78.78,105.42,0,0,29.96,66.1,64.53,127.2,40.79,1,0,2.88,1.0,1,1,2701.5,3426,27.24,0.527,3.32,3.03,False,O,▲,3124,▲,O,X,7.377666666666667,14.425583333333332,7.0,0,82.0,100.0,-0.22231370934540964,70.3125,💪 매수세 장악(Power Buying). 💰 외국인/기관 수급 집중. 🚀 단기 모멘텀 가속. ⚠️ 단기 급등 조정 주의.,0,0,,,78.6,78.4,78.7,🔥 과열,1.자동차·모빌리티(+31.5%) / 2.조선·기계·설비(+26.4%) / 3.반도체(+18.9%) / 4.IT/전기전자(+15.1%) / 5.인프라·에너지(+12.3%),5,184,20260119,20260119,26.29,10.15,127.2,117.05
028300,HLB,KOSDAQ,의료용품 및 기타 의약 관련제품 제조업,의료용품 및 기타 의약 관련제품 제조업,바이오·의약품,51600,262.48,0.0,WAIT,False,False,True,51600,48600,57600,63360.00000000001,43.7,14.2,51.1,54.6,54.6,58.8,42.900001525878906,0.0,,⚡눌림회복,WAIT,② 상승 후 조정,11.09,3.61,4.8,6.59,-15.5,0,1.0,0.58,0.97,1.0,0.0,0.21,0.47,62.6,60.7,2.02,25.14,0,0,-1.9,-5.32,-4.27,16.74,9.37,1,0,1.28,0.59,1,1,48405.0,52428,-1.58,-0.1472,0.8,-0.37,True,O,▲,53571,▼,X,X,2.2862500000000003,-7.796250000000001,13.0,5,47.1,0.0,2.0,0.0,🧱 구조적 지지선(Swing Low) 근접. 📉 매도세 우위. 💸 자금 유입 지속. ,0,0,,,78.6,78.4,78.7,🔥 과열,1.자동차·모빌리티(+31.5%) / 2.조선·기계·설비(+26.4%) / 3.반도체(+18.9%) / 4.IT/전기전자(+15.1%) / 5.인프라·에너지(+12.3%),2,185,20260119,20260119,26.29,10.15,16.74,6.59
375500,DL이앤씨,KOSPI,토목 건설업,토목 건설업,건설·부동산,43450,219.01,0.0,NEUTRAL,False,False,False,43450,40750,48850,53735.00000000001,43.7,70.8,36.9,28.9,28.9,42.5,55.400001525878906,0.0,,,NEUTRAL,④ 바닥 반등 시도,1.52,-8.91,-19.39,-22.59,-63.63,2,1.0,0.62,0.93,1.0,0.19,0.18,0.6,61.4,57.5,4.72,9.57,0,1,1.28,2.0,5.08,3.7,-0.51,0,0,1.13,0.67,1,1,39695.0,42652,1.87,0.1173,2.32,-0.41,False,O,▲,41944,▲,O,X,9.18,-0.8666666666666668,8.0,2,21.7,19.3,2.0,0.0,🔇 변동성 축소 (BW 9.6%). 📉 매도세 우위. 🚀 단기 모멘텀 가속. ,0,0,,,78.6,78.4,78.7,🔥 과열,1.자동차·모빌리티(+31.5%) / 2.조선·기계·설비(+26.4%) / 3.반도체(+18.9%) / 4.IT/전기전자(+15.1%) / 5.인프라·에너지(+12.3%),4,186,20260119,20260119,26.29,10.15,3.7,-22.59
138360,협진,KOSDAQ,특수 목적용 기계 제조업,특수 목적용 기계 제조업,조선·기계·설비,2185,167.7,0.0,OVERHEAT,False,False,False,1441,1031,2265,2491.5,43.7,99.8,29.7,3.0,3.0,42.0,91.9000015258789,0.0,,,OVERHEAT,⑤ 하락 / 약세,115.91,213.94,109.62,178.87,194.83,0,1.0,1.0,0.0,0.0,0.44,0.13,0.26,81.4,89.2,59.16,102.55,0,0,29.83,39.62,28.76,189.02,37.61,1,0,1.22,0.98,1,1,1122.1,1780,22.69,0.1101,1.25,1.76,False,O,▲,1791,▲,O,X,17.209594594594595,32.596756756756754,2.0,0,83.3,43.5,0.06932409012131716,51.63081193615545,💪 매수세 장악(Power Buying). 💰 외국인/기관 수급 집중. 🚀 단기 모멘텀 가속. ⚠️ 단기 급등 조정 주의.,0,0,,,78.6,78.4,78.7,🔥 과열,1.자동차·모빌리티(+31.5%) / 2.조선·기계·설비(+26.4%) / 3.반도체(+18.9%) / 4.IT/전기전자(+15.1%) / 5.인프라·에너지(+12.3%),5,187,20260119,20260119,26.29,10.15,189.02,178.87
001120,LX인터내셔널,KOSPI,상품 중개업,상품 중개업,기타,36200,61.7,0.0,OVERHEAT,False,False,False,36200,34300,40000,44000.0,43.6,68.6,37.3,30.0,30.0,58.1,54.400001525878906,0.0,,,OVERHEAT,④ 바닥 반등 시도,6.94,7.9,-13.97,-6.22,-46.82,0,1.0,0.52,1.0,1.0,0.51,0.05,0.49,77.4,75.1,9.55,16.79,0,0,1.54,10.7,12.07,20.07,1.93,0,1,1.87,0.84,1,1,33080.0,34998,3.43,0.3228,1.19,2.52,False,O,▲,34580,▲,O,X,7.377666666666667,14.425583333333332,7.0,3,44.8,51.0,2.0,0.0,💪 매수세 장악(Power Buying). 💰 외국인/기관 수급 집중. 🚀 단기 모멘텀 가속. ⚠️ 단기 급등 조정 주의.,0,0,,,78.6,78.4,78.7,🔥 과열,1.자동차·모빌리티(+31.5%) / 2.조선·기계·설비(+26.4%) / 3.반도체(+18.9%) / 4.IT/전기전자(+15.1%) / 5.인프라·에너지(+12.3%),4,188,20260119,20260119,26.29,10.15,20.07,-6.22
250060,모비스,KOSDAQ,"컴퓨터 프로그래밍, 시스템 통합 및 관리업","컴퓨터 프로그래밍, 시스템 통합 및 관리업",IT/전기전자,5210,675.01,0.0,OVERHEAT,False,False,False,4110,3165,6000,6600.000000000001,43.6,100.0,29.5,3.0,3.0,37.9,91.4000015258789,0.0,,,OVERHEAT,② 상승 후 조정,74.54,99.24,68.25,74.6,80.13,0,1.0,1.0,0.0,0.0,0.21,0.54,0.51,76.4,83.3,33.07,61.48,0,0,23.9,33.93,20.18,84.75,29.93,1,0,1.93,0.97,1,1,3194.0,4649,12.06,-0.0618,3.19,2.48,False,O,▲,4572,▲,O,X,9.837341772151898,18.689113924050634,4.0,0,84.0,21.4,0.3863080684596577,26.763990267639905,💪 매수세 장악(Power Buying). 💰 외국인/기관 수급 집중. ⚠️ 단기 급등 조정 주의.,0,0,,,78.6,78.4,78.7,🔥 과열,1.자동차·모빌리티(+31.5%) / 2.조선·기계·설비(+26.4%) / 3.반도체(+18.9%) / 4.IT/전기전자(+15.1%) / 5.인프라·에너지(+12.3%),2,189,20260119,20260119,26.29,10.15,84.75,74.6
021050,서원,KOSPI,금속 주조업,금속 주조업,기타,1334,375.3,0.0,ATTACK,True,True,False,1180,1062,1414,1555.4,43.4,100.0,29.2,3.0,3.0,19.8,90.5,0.0,,,ATTACK,④ 바닥 반등 시도,26.57,1.91,5.66,-9.68,-52.81,0,0.99,0.99,0.29,0.0,0.3,0.3,0.6,74.1,92.1,18.73,20.81,0,0,20.29,16.71,19.96,16.61,5.57,0,0,7.13,0.73,1,1,1069.2,1299,2.67,0.0784,13.76,3.06,False,O,▲,1160,▲,O,X,7.377666666666667,14.425583333333332,7.0,0,34.2,30.4,0.29411764705882354,13.050847457627118,💪 매수세 장악(Power Buying). 💰 외국인/기관 수급 집중. 🚀 단기 모멘텀 가속. ⚠️ 단기 급등 조정 주의.,0,0,,,78.6,78.4,78.7,🔥 과열,1.자동차·모빌리티(+31.5%) / 2.조선·기계·설비(+26.4%) / 3.반도체(+18.9%) / 4.IT/전기전자(+15.1%) / 5.인프라·에너지(+12.3%),4,190,20260119,20260119,26.29,10.15,16.61,-9.68
242040,나무기술,KOSDAQ,소프트웨어 개발 및 공급업,소프트웨어 개발 및 공급업,IT/전기전자,1839,133.11,0.0,OVERHEAT,False,False,False,1524,1370,1831,2014.1000000000001,43.4,100.0,29.3,3.0,3.0,33.8,90.80000305175781,0.0,,,OVERHEAT,⑤ 하락 / 약세,32.4,22.27,26.11,21.21,3.16,0,0.99,1.0,0.27,0.0,0.58,0.11,0.57,92.9,90.6,26.73,32.52,0,0,16.03,21.79,29.51,31.36,7.19,1,0,7.9,0.95,1,1,1473.0,1709,7.57,0.223,3.8,3.66,False,O,▲,1591,▲,O,X,9.837341772151898,18.689113924050634,4.0,0,55.8,57.7,-0.017057569296375266,20.669291338582678,💪 매수세 장악(Power Buying). 💰 외국인/기관 수급 집중. 🚀 단기 모멘텀 가속. ⚠️ 단기 급등 조정 주의.,0,0,,,78.6,78.4,78.7,🔥 과열,1.자동차·모빌리티(+31.5%) / 2.조선·기계·설비(+26.4%) / 3.반도체(+18.9%) / 4.IT/전기전자(+15.1%) / 5.인프라·에너지(+12.3%),5,191,20260119,20260119,26.29,10.15,31.36,21.21
417010,나노팀,KOSDAQ,일반 목적용 기계 제조업,일반 목적용 기계 제조업,조선·기계·설비,7150,66.55,0.0,WAIT,False,False,True,7150,5510,10430,11473.000000000002,43.3,38.0,44.6,23.7,23.7,36.9,93.30000305175781,0.0,,,WAIT,② 상승 후 조정,16.64,32.16,10.35,28.96,13.05,0,1.0,1.0,0.0,1.0,0.0,0.05,0.26,50.7,63.2,-3.03,32.7,0,0,6.72,-9.15,-10.06,39.11,9.97,0,0,1.68,0.35,0,-1,8536.0,7084,0.93,-0.4612,0.67,-1.34,False,O,▲,7185,▼,X,X,17.209594594594595,32.596756756756754,2.0,2,17.2,0.0,2.0,0.0,📉 매도세 우위. 💸 자금 유입 지속. ,0,0,,,78.6,78.4,78.7,🔥 과열,1.자동차·모빌리티(+31.5%) / 2.조선·기계·설비(+26.4%) / 3.반도체(+18.9%) / 4.IT/전기전자(+15.1%) / 5.인프라·에너지(+12.3%),2,192,20260119,20260119,26.29,10.15,39.11,28.96
078930,GS,KOSPI,기타 금융업,기타 금융업,금융,59900,102.91,0.0,WAIT,False,False,True,59900,56200,67200,73920.0,43.2,35.1,45.2,55.0,55.0,58.6,22.5,0.0,,,WAIT,③ 박스 / 중립,6.39,16.09,-14.52,-3.92,-38.63,0,0.98,0.61,0.93,1.0,0.09,0.08,0.47,70.3,72.9,5.23,15.29,0,0,0.5,2.92,2.74,22.37,4.92,1,1,1.02,0.81,1,1,54970.0,59863,0.06,0.0546,0.74,0.44,False,O,▲,60048,▲,X,X,4.08,-12.326176470588237,14.0,5,66.8,9.4,1.972972972972973,0.0,📉 매도세 우위. 💰 외국인/기관 수급 집중. 🚀 단기 모멘텀 가속. ⚠️ 단기 급등 조정 주의.,0,0,,,78.6,78.4,78.7,🔥 과열,1.자동차·모빌리티(+31.5%) / 2.조선·기계·설비(+26.4%) / 3.반도체(+18.9%) / 4.IT/전기전자(+15.1%) / 5.인프라·에너지(+12.3%),3,193,20260119,20260119,26.29,10.15,22.37,-3.92
129920,대성하이텍,KOSDAQ,특수 목적용 기계 제조업,특수 목적용 기계 제조업,조선·기계·설비,4675,59.68,0.0,OVERHEAT,False,False,False,4235,3895,4900,5390.0,43.1,100.0,28.9,8.0,8.0,41.6,77.69999694824219,0.0,,📦박스돌파,OVERHEAT,⑤ 하락 / 약세,18.81,-2.6,12.52,5.28,-21.71,4,0.98,0.79,0.63,0.0,0.38,0.05,0.61,75.9,87.3,15.97,16.49,0,0,14.86,14.58,14.58,15.43,-1.03,1,1,4.89,0.83,1,1,3747.0,4443,5.2,0.1927,11.92,3.14,False,O,▲,4133,▲,O,X,17.209594594594595,32.596756756756754,2.0,0,59.9,38.3,0.28846153846153844,10.38961038961039,💪 매수세 장악(Power Buying). 💰 외국인/기관 수급 집중. 🚀 단기 모멘텀 가속. ⚠️ 단기 급등 조정 주의.,0,0,,,78.6,78.4,78.7,🔥 과열,1.자동차·모빌리티(+31.5%) / 2.조선·기계·설비(+26.4%) / 3.반도체(+18.9%) / 4.IT/전기전자(+15.1%) / 5.인프라·에너지(+12.3%),5,194,20260119,20260119,26.29,10.15,15.43,5.28
010100,한국무브넥스,KOSPI,자동차 신품 부품 제조업,자동차 신품 부품 제조업,자동차·모빌리티,6770,790.91,0.0,OVERHEAT,False,False,False,5140,4210,6990,7689.000000000001,43.0,100.0,28.8,3.0,3.0,32.2,89.0,0.0,,,OVERHEAT,⑤ 하락 / 약세,54.57,52.31,33.66,34.14,-2.41,0,0.99,1.0,0.0,0.0,0.66,0.63,0.58,78.1,86.9,38.41,47.71,0,0,29.94,26.31,40.31,60.43,3.67,1,0,2.51,1.0,1,1,4092.0,5906,14.62,0.2221,5.93,2.29,False,O,▲,5573,▲,O,X,26.005714285714284,35.19914285714286,1.0,0,47.4,66.3,0.0859375,31.712062256809336,💪 매수세 장악(Power Buying). 💰 외국인/기관 수급 집중. 🚀 단기 모멘텀 가속. ⚠️ 단기 급등 조정 주의.,0,0,,,78.6,78.4,78.7,🔥 과열,1.자동차·모빌리티(+31.5%) / 2.조선·기계·설비(+26.4%) / 3.반도체(+18.9%) / 4.IT/전기전자(+15.1%) / 5.인프라·에너지(+12.3%),5,195,20260119,20260119,26.29,10.15,60.43,34.14
123750,알톤,KOSDAQ,그외 기타 운송장비 제조업,그외 기타 운송장비 제조업,기타,2065,73.39,0.0,OVERHEAT,False,False,False,1494,1326,1831,2014.1000000000001,43.0,100.0,28.8,3.0,3.0,39.7,89.0999984741211,0.0,,,OVERHEAT,⑤ 하락 / 약세,57.87,34.09,51.58,18.75,14.98,0,1.0,1.0,0.14,0.0,1.0,0.06,0.6,98.3,98.1,45.12,56.08,0,0,18.2,40.76,57.39,28.9,1.64,1,0,5.47,0.79,1,1,1571.5,1941,6.39,0.5184,11.91,2.93,False,O,▲,1661,▲,O,X,7.377666666666667,14.425583333333332,7.0,0,49.4,100.0,-0.3166441136671177,38.219544846050866,💪 매수세 장악(Power Buying). 💰 외국인/기관 수급 집중. 🚀 단기 모멘텀 가속. ⚠️ 단기 급등 조정 주의.,0,0,,,78.6,78.4,78.7,🔥 과열,1.자동차·모빌리티(+31.5%) / 2.조선·기계·설비(+26.4%) / 3.반도체(+18.9%) / 4.IT/전기전자(+15.1%) / 5.인프라·에너지(+12.3%),5,196,20260119,20260119,26.29,10.15,28.9,18.75
214430,아이쓰리시스템,KOSDAQ,전자부품 제조업,전자부품 제조업,IT/전기전자,82700,93.98,0.0,WAIT,False,False,True,82700,76000,96100,105710.00000000001,42.9,5.5,52.2,50.4,50.4,51.6,56.400001525878906,0.0,,,WAIT,⑤ 하락 / 약세,21.08,-30.09,14.79,-7.29,-49.2,0,1.0,0.81,0.62,1.0,0.03,0.08,0.45,54.7,63.6,0.25,37.74,0,0,-3.05,-12.95,3.12,2.86,17.75,1,0,0.82,0.49,1,1,79370.0,90197,-8.31,-0.588,1.05,-3.3,False,O,▼,94065,▼,X,X,9.837341772151898,18.689113924050634,4.0,5,52.4,3.3,2.0,0.0,📉 매도세 우위. 💸 자금 유입 지속. ✅ 20일선 눌림목 구간.,0,0,,,78.6,78.4,78.7,🔥 과열,1.자동차·모빌리티(+31.5%) / 2.조선·기계·설비(+26.4%) / 3.반도체(+18.9%) / 4.IT/전기전자(+15.1%) / 5.인프라·에너지(+12.3%),5,197,20260119,20260119,26.29,10.15,2.86,-7.29
307930,컴퍼니케이,KOSDAQ,기타 금융업,기타 금융업,금융,7480,288.82,0.0,OVERHEAT,False,False,False,6770,6000,8280,9108.0,42.9,100.0,28.6,3.6,3.6,24.5,87.0,0.0,,,OVERHEAT,⑤ 하락 / 약세,23.03,11.81,16.74,19.94,-7.3,0,0.98,1.0,0.13,0.0,0.63,0.23,0.59,75.3,95.8,16.09,20.93,0,0,10.16,17.43,15.97,30.09,1.68,0,0,2.79,0.75,1,1,6079.0,7164,4.4,0.3919,9.3,2.25,False,O,▲,6571,▲,O,X,4.08,-12.326176470588237,14.0,0,29.6,63.3,0.5405405405405406,10.487444608567207,💪 매수세 장악(Power Buying). 💰 외국인/기관 수급 집중. 🚀 단기 모멘텀 가속. ⚠️ 단기 급등 조정 주의.,0,0,,,78.6,78.4,78.7,🔥 과열,1.자동차·모빌리티(+31.5%) / 2.조선·기계·설비(+26.4%) / 3.반도체(+18.9%) / 4.IT/전기전자(+15.1%) / 5.인프라·에너지(+12.3%),5,198,20260119,20260119,26.29,10.15,30.09,19.94
058610,에스피지,KOSDAQ,"전동기, 발전기 및 전기 변환 · 공급 · 제어 장치 제조업","전동기, 발전기 및 전기 변환 · 공급 · 제어 장치 제조업",인프라·에너지,112600,5083.31,0.0,OVERHEAT,False,False,False,89700,70400,128300,141130.0,42.9,100.0,28.6,3.0,3.0,37.0,88.19999694824219,0.0,,,OVERHEAT,① 강한 상승 추세,57.26,328.14,50.97,237.92,309.03,0,1.0,1.0,0.0,0.0,1.0,1.0,0.41,68.2,78.8,31.8,42.61,0,0,21.86,36.32,40.75,248.07,9.04,0,0,2.11,0.9,1,1,73080.0,97078,15.99,0.5073,2.51,2.02,False,O,▲,91399,▲,O,X,17.386923076923075,8.883846153846154,5.0,0,42.6,100.0,0.37203791469194314,25.52954292084727,💪 매수세 장악(Power Buying). 💰 외국인/기관 수급 집중. 🚀 단기 모멘텀 가속. ⚠️ 단기 급등 조정 주의.,0,0,,,78.6,78.4,78.7,🔥 과열,1.자동차·모빌리티(+31.5%) / 2.조선·기계·설비(+26.4%) / 3.반도체(+18.9%) / 4.IT/전기전자(+15.1%) / 5.인프라·에너지(+12.3%),1,199,20260119,20260119,26.29,10.15,248.07,237.92
068270,셀트리온,KOSPI,기초 의약물질 제조업,기초 의약물질 제조업,바이오·의약품,206500,1122.02,0.0,ARMED,True,False,False,206500,198400,223000,245300.00000000003,42.8,0.0,53.5,57.0,57.0,53.0,45.20000076293945,0.0,,,ARMED,⑤ 하락 / 약세,11.62,14.15,-9.29,-10.47,-40.57,0,1.0,0.4,0.94,1.0,0.0,0.9,0.46,70.0,69.7,3.33,30.37,0,0,-1.2,-3.5,-1.43,15.82,13.64,1,0,2.02,0.64,1,1,192800.0,212813,-2.97,-0.3579,0.63,-0.6,True,O,▲,219665,▼,X,X,2.2862500000000003,-7.796250000000001,13.0,5,57.4,0.0,2.037037037037037,0.0,🧱 구조적 지지선(Swing Low) 근접. 📉 매도세 우위. 💸 자금 유입 지속. ,0,0,,,78.6,78.4,78.7,🔥 과열,1.자동차·모빌리티(+31.5%) / 2.조선·기계·설비(+26.4%) / 3.반도체(+18.9%) / 4.IT/전기전자(+15.1%) / 5.인프라·에너지(+12.3%),5,200,20260119,20260119,26.29,10.15,15.82,-10.47
036570,엔씨소프트,KOSPI,소프트웨어 개발 및 공급업,소프트웨어 개발 및 공급업,인터넷/플랫폼·게임,235500,281.52,0.0,WAIT,False,False,True,235500,213000,280000,308000.0,42.7,5.8,51.9,52.5,52.5,53.2,50.5,0.0,,,WAIT,⑤ 하락 / 약세,19.36,14.6,-1.55,-12.25,-40.12,0,0.99,0.94,0.35,1.0,0.11,0.23,0.39,70.4,75.8,8.25,31.75,0,0,-0.42,5.37,10.05,14.04,9.9,1,0,0.93,0.65,1,1,211240.0,241527,-2.5,-0.1438,0.8,1.04,False,O,▲,244916,▲,X,X,1.2175,-17.385,16.0,5,52.7,10.7,1.9777777777777779,0.0,💰 외국인/기관 수급 집중. ⚠️ 단기 급등 조정 주의.,0,0,,,78.6,78.4,78.7,🔥 과열,1.자동차·모빌리티(+31.5%) / 2.조선·기계·설비(+26.4%) / 3.반도체(+18.9%) / 4.IT/전기전자(+15.1%) / 5.인프라·에너지(+12.3%),5,201,20260119,20260119,26.29,10.15,14.04,-12.25
084370,유진테크,KOSDAQ,특수 목적용 기계 제조업,특수 목적용 기계 제조업,조선·기계·설비,82300,122.91,0.0,WAIT,False,False,True,82300,79000,88800,97680.00000000001,42.7,20.3,48.3,45.8,45.8,48.8,54.29999923706055,0.0,,,WAIT,⑤ 하락 / 약세,11.22,86.62,4.93,-17.89,67.51,0,0.98,0.39,0.95,1.0,0.0,0.1,0.44,60.8,61.7,1.63,29.11,0,0,0.37,0.0,-8.04,-7.74,15.12,1,0,0.99,0.46,1,1,77240.0,83098,-0.96,-0.2556,0.51,-0.45,True,O,▲,85080,▼,X,X,17.209594594594595,32.596756756756754,2.0,4,46.9,0.0,1.9696969696969697,0.0,🧱 구조적 지지선(Swing Low) 근접. 📉 매도세 우위. 💸 자금 유입 지속. ✅ 20일선 눌림목 구간.,0,0,,,78.6,78.4,78.7,🔥 과열,1.자동차·모빌리티(+31.5%) / 2.조선·기계·설비(+26.4%) / 3.반도체(+18.9%) / 4.IT/전기전자(+15.1%) / 5.인프라·에너지(+12.3%),5,202,20260119,20260119,26.29,10.15,-7.74,-17.89
226950,올릭스,KOSDAQ,자연과학 및 공학 연구개발업,자연과학 및 공학 연구개발업,기타,139800,443.91,0.0,WAIT,False,False,True,139800,127100,165200,181720.00000000003,42.6,19.7,48.3,40.6,40.6,51.6,66.19999694824219,0.0,,⚡눌림회복,WAIT,② 상승 후 조정,2.57,224.36,-3.72,39.21,205.25,0,1.0,0.91,0.43,1.0,0.0,0.36,0.38,54.0,59.6,-0.34,26.67,0,0,1.53,-5.99,-5.92,49.36,4.18,1,0,1.13,0.42,0,1,129530.0,138233,1.13,-0.3327,0.57,-0.85,False,O,▲,143932,▼,X,X,7.377666666666667,14.425583333333332,7.0,4,28.9,0.0,2.0,0.0,📉 매도세 우위. ✅ 20일선 눌림목 구간.,0,0,,,78.6,78.4,78.7,🔥 과열,1.자동차·모빌리티(+31.5%) / 2.조선·기계·설비(+26.4%) / 3.반도체(+18.9%) / 4.IT/전기전자(+15.1%) / 5.인프라·에너지(+12.3%),2,203,20260119,20260119,26.29,10.15,49.36,39.21
002230,피에스텍,KOSDAQ,"측정, 시험, 항해, 제어 및 기타 정밀기기 제조업; 광학기기 제외","측정, 시험, 항해, 제어 및 기타 정밀기기 제조업; 광학기기 제외",기타,16130,356.26,0.0,OVERHEAT,False,False,False,10440,7850,15630,17193.0,42.6,92.8,30.1,3.0,3.0,44.8,93.19999694824219,0.0,,,OVERHEAT,⑤ 하락 / 약세,154.42,277.75,148.13,266.28,258.64,0,1.0,1.0,0.0,0.0,0.94,0.29,0.41,84.5,84.3,62.17,98.98,0,0,15.79,45.97,45.45,276.43,59.09,0,0,3.18,0.99,1,1,10443.0,13229,21.92,0.4605,2.1,2.73,False,O,▲,12418,▲,O,X,7.377666666666667,14.425583333333332,7.0,0,64.7,94.5,-0.06038647342995169,54.50191570881226,💪 매수세 장악(Power Buying). 💰 외국인/기관 수급 집중. 🚀 단기 모멘텀 가속. ⚠️ 단기 급등 조정 주의.,0,0,,,78.6,78.4,78.7,🔥 과열,1.자동차·모빌리티(+31.5%) / 2.조선·기계·설비(+26.4%) / 3.반도체(+18.9%) / 4.IT/전기전자(+15.1%) / 5.인프라·에너지(+12.3%),5,204,20260119,20260119,26.29,10.15,276.43,266.28
024880,케이피에프,KOSDAQ,기타 금속 가공제품 제조업,기타 금속 가공제품 제조업,기타,6410,151.58,0.0,OVERHEAT,False,False,False,5650,5220,6500,7150.000000000001,42.6,100.0,28.2,3.0,3.0,21.1,87.0,0.0,,,OVERHEAT,⑤ 하락 / 약세,21.86,32.16,15.57,7.03,13.05,0,0.99,0.75,0.71,0.0,0.58,0.12,0.6,81.0,82.9,19.17,22.57,0,0,14.46,18.05,26.18,17.18,-0.4,0,0,1.28,1.0,1,1,5222.0,5956,7.61,0.2533,7.63,3.7,False,O,▲,5618,▲,O,X,7.377666666666667,14.425583333333332,7.0,0,24.0,57.7,0.07563025210084033,13.451327433628318,💪 매수세 장악(Power Buying). 💰 외국인/기관 수급 집중. 🚀 단기 모멘텀 가속. ⚠️ 단기 급등 조정 주의.,0,0,,,78.6,78.4,78.7,🔥 과열,1.자동차·모빌리티(+31.5%) / 2.조선·기계·설비(+26.4%) / 3.반도체(+18.9%) / 4.IT/전기전자(+15.1%) / 5.인프라·에너지(+12.3%),5,205,20260119,20260119,26.29,10.15,17.18,7.03
071670,에이테크솔루션,KOSDAQ,특수 목적용 기계 제조업,특수 목적용 기계 제조업,조선·기계·설비,13620,139.42,0.0,OVERHEAT,False,False,False,9930,7790,14210,15631.000000000002,42.6,96.0,29.3,3.0,3.0,42.1,90.69999694824219,0.0,,,OVERHEAT,⑤ 하락 / 약세,134.02,110.51,127.73,104.68,91.4,0,1.0,1.0,0.0,0.0,0.44,0.11,0.29,82.8,77.6,43.97,95.01,0,0,18.95,32.23,30.96,114.83,64.68,1,0,5.89,0.98,1,1,9535.0,11701,16.39,0.0942,0.92,2.63,False,O,▲,11574,▲,O,X,17.209594594594595,32.596756756756754,2.0,0,83.3,44.0,0.10120068610634649,37.160120845921455,💪 매수세 장악(Power Buying). 💰 외국인/기관 수급 집중. 🚀 단기 모멘텀 가속. ⚠️ 단기 급등 조정 주의.,0,0,,,78.6,78.4,78.7,🔥 과열,1.자동차·모빌리티(+31.5%) / 2.조선·기계·설비(+26.4%) / 3.반도체(+18.9%) / 4.IT/전기전자(+15.1%) / 5.인프라·에너지(+12.3%),5,206,20260119,20260119,26.29,10.15,114.83,104.68
389470,인벤티지랩,KOSDAQ,자연과학 및 공학 연구개발업,자연과학 및 공학 연구개발업,기타,81300,134.17,0.0,ARMED,True,False,False,81300,73900,96000,105600.00000000001,42.5,20.6,48.0,36.1,36.1,47.2,75.9000015258789,0.0,,,ARMED,② 상승 후 조정,-4.8,138.07,-11.09,86.94,118.96,0,0.99,0.9,0.43,1.0,0.0,0.11,0.35,62.2,78.2,-1.12,24.29,0,0,0.87,-6.44,-7.82,97.09,8.63,1,0,2.19,0.55,0,1,67710.0,81662,-0.44,-0.1831,0.62,-0.9,False,O,▲,83886,▼,X,X,7.377666666666667,14.425583333333332,7.0,3,42.9,0.0,1.9864864864864864,0.0,📉 매도세 우위. 💰 외국인/기관 수급 집중. ✅ 20일선 눌림목 구간.,0,0,,,78.6,78.4,78.7,🔥 과열,1.자동차·모빌리티(+31.5%) / 2.조선·기계·설비(+26.4%) / 3.반도체(+18.9%) / 4.IT/전기전자(+15.1%) / 5.인프라·에너지(+12.3%),2,207,20260119,20260119,26.29,10.15,97.09,86.94
121600,나노신소재,KOSDAQ,기타 화학제품 제조업,기타 화학제품 제조업,화학·소재,50400,57.16,0.0,ATTACK,True,True,False,50400,46500,58200,64020.00000000001,42.5,64.3,37.1,25.0,25.0,43.1,65.30000305175781,0.0,,,ATTACK,④ 바닥 반등 시도,-10.16,-4.55,-16.45,-31.89,-23.66,0,1.0,0.77,0.69,1.0,0.22,0.05,0.57,44.6,45.4,0.14,15.55,0,0,3.7,2.75,2.44,-21.74,-1.05,1,0,1.53,0.4,1,-1,52990.0,49586,1.64,0.1614,1.74,0.72,False,X,▼,48620,▲,O,X,7.139749999999999,-5.23775,11.0,2,22.0,21.7,2.0,0.0,🚀 단기 모멘텀 가속. ✅ 20일선 눌림목 구간.,0,0,,,78.6,78.4,78.7,🔥 과열,1.자동차·모빌리티(+31.5%) / 2.조선·기계·설비(+26.4%) / 3.반도체(+18.9%) / 4.IT/전기전자(+15.1%) / 5.인프라·에너지(+12.3%),4,208,20260119,20260119,26.29,10.15,-21.74,-31.89
285490,노바텍,KOSDAQ,그외 기타 제품 제조업,그외 기타 제품 제조업,기타,26050,202.51,0.0,OVERHEAT,False,False,False,23150,19780,29900,32890.0,42.5,100.0,28.1,8.0,8.0,39.9,75.0999984741211,0.0,,🚀급등시동,OVERHEAT,⑤ 하락 / 약세,25.54,34.83,19.25,9.9,15.72,0,1.0,1.0,0.01,0.0,0.45,0.16,0.49,60.1,76.7,18.15,26.01,0,0,15.27,20.32,23.17,20.05,3.1,1,0,2.8,0.81,1,1,19174.0,23813,9.39,0.1766,3.47,1.83,False,O,▲,22568,▲,O,X,7.377666666666667,14.425583333333332,7.0,0,52.1,45.5,0.6140350877192983,12.526997840172784,💪 매수세 장악(Power Buying). 💰 외국인/기관 수급 집중. 🚀 단기 모멘텀 가속. ⚠️ 단기 급등 조정 주의.,0,0,,,78.6,78.4,78.7,🔥 과열,1.자동차·모빌리티(+31.5%) / 2.조선·기계·설비(+26.4%) / 3.반도체(+18.9%) / 4.IT/전기전자(+15.1%) / 5.인프라·에너지(+12.3%),5,209,20260119,20260119,26.29,10.15,20.05,9.9
174900,앱클론,KOSDAQ,의료용품 및 기타 의약 관련제품 제조업,의료용품 및 기타 의약 관련제품 제조업,기타,55400,164.66,0.0,WAIT,False,False,True,55400,46300,73600,80960.0,42.4,0.0,53.0,42.0,42.0,66.5,78.5,0.0,,,WAIT,② 상승 후 조정,53.68,355.97,47.39,206.97,336.86,0,1.0,1.0,0.0,1.0,0.07,0.13,0.12,70.8,73.7,13.47,59.6,0,0,-3.82,0.0,6.33,217.12,40.23,1,0,1.5,0.83,1,1,45595.0,54646,1.38,-0.2305,0.74,-0.19,False,O,▲,58078,▼,X,X,7.377666666666667,14.425583333333332,7.0,4,87.9,6.7,2.0,0.0,📉 매도세 우위. 💰 외국인/기관 수급 집중. ⚠️ 단기 급등 조정 주의.,0,0,,,78.6,78.4,78.7,🔥 과열,1.자동차·모빌리티(+31.5%) / 2.조선·기계·설비(+26.4%) / 3.반도체(+18.9%) / 4.IT/전기전자(+15.1%) / 5.인프라·에너지(+12.3%),2,210,20260119,20260119,26.29,10.15,217.12,206.97
023960,에쓰씨엔지니어링,KOSPI,토목 건설업,토목 건설업,건설·부동산,1701,98.22,0.0,ATTACK,True,True,False,1428,1247,1788,1966.8000000000002,42.4,100.0,28.0,3.0,3.0,19.4,86.4000015258789,0.0,,,ATTACK,⑤ 하락 / 약세,30.65,27.89,9.74,7.12,-26.83,4,0.99,1.0,0.05,0.0,0.49,0.08,0.6,68.2,82.0,25.1,26.68,0,0,29.95,17.31,25.07,33.41,-0.31,0,0,2.94,1.0,1,1,1229.4,1535,10.77,0.1907,10.37,3.8,False,O,▲,1370,▲,O,X,9.18,-0.8666666666666668,8.0,0,24.0,49.1,0.19162995594713655,19.11764705882353,💪 매수세 장악(Power Buying). 💰 외국인/기관 수급 집중. 🚀 단기 모멘텀 가속. ⚠️ 단기 급등 조정 주의.,0,0,,,78.6,78.4,78.7,🔥 과열,1.자동차·모빌리티(+31.5%) / 2.조선·기계·설비(+26.4%) / 3.반도체(+18.9%) / 4.IT/전기전자(+15.1%) / 5.인프라·에너지(+12.3%),5,211,20260119,20260119,26.29,10.15,33.41,7.12
00680K,미래에셋증권2우B,KOSPI,기타,기타,기타,13090,97.73,0.0,OVERHEAT,False,False,False,13090,11650,15970,17567.0,42.3,37.8,43.4,41.4,41.4,64.9,47.900001525878906,0.0,,,OVERHEAT,③ 박스 / 중립,35.23,43.69,14.32,0.8,-11.03,0,1.0,1.0,0.17,1.0,0.19,0.08,0.25,75.4,68.5,10.76,25.12,0,0,0.15,6.77,12.36,27.09,20.54,1,0,2.07,0.89,1,1,11555.0,12804,2.23,0.0472,0.57,0.96,False,O,▲,12751,▲,O,X,7.377666666666667,14.425583333333332,7.0,4,77.9,18.7,2.0,0.0,💸 자금 유입 지속. 🚀 단기 모멘텀 가속. ⚠️ 단기 급등 조정 주의.,0,0,,,78.6,78.4,78.7,🔥 과열,1.자동차·모빌리티(+31.5%) / 2.조선·기계·설비(+26.4%) / 3.반도체(+18.9%) / 4.IT/전기전자(+15.1%) / 5.인프라·에너지(+12.3%),3,212,20260119,20260119,26.29,10.15,27.09,0.8
278470,에이피알,KOSPI,기타 화학제품 제조업,기타 화학제품 제조업,화학·소재,237000,778.41,0.0,NEUTRAL,False,False,False,237000,216500,277500,305250.0,42.3,50.9,40.1,32.6,32.6,44.2,57.5,0.0,,,NEUTRAL,④ 바닥 반등 시도,-7.6,33.3,-28.51,-26.08,-21.42,0,0.98,0.85,0.51,1.0,0.41,0.62,0.56,54.7,52.9,2.24,14.56,0,0,-1.46,6.28,0.85,0.21,-7.08,0,0,1.96,0.59,1,-1,246400.0,232915,1.75,0.3348,0.81,1.1,False,X,▲,228724,▲,O,X,7.139749999999999,-5.23775,11.0,3,15.3,40.5,1.975609756097561,0.0,🚀 단기 모멘텀 가속. ,0,0,,,78.6,78.4,78.7,🔥 과열,1.자동차·모빌리티(+31.5%) / 2.조선·기계·설비(+26.4%) / 3.반도체(+18.9%) / 4.IT/전기전자(+15.1%) / 5.인프라·에너지(+12.3%),4,213,20260119,20260119,26.29,10.15,0.21,-26.08
319400,현대무벡스,KOSDAQ,일반 목적용 기계 제조업,일반 목적용 기계 제조업,조선·기계·설비,34950,3322.01,0.0,OVERHEAT,False,False,False,23250,17610,34550,38005.0,42.3,92.1,29.8,3.0,3.0,42.6,92.5,0.0,,,OVERHEAT,⑤ 하락 / 약세,182.31,622.11,176.02,218.02,603.0,0,1.0,1.0,0.0,0.0,0.85,1.0,0.25,83.4,89.2,57.86,94.22,0,0,20.52,52.62,45.63,228.17,74.69,0,0,4.66,1.0,1,1,23260.0,28410,23.02,0.3815,0.55,2.6,False,O,▲,28024,▲,O,X,17.209594594594595,32.596756756756754,2.0,0,64.0,85.1,-0.02306805074971165,50.32258064516129,💪 매수세 장악(Power Buying). 💰 외국인/기관 수급 집중. 🚀 단기 모멘텀 가속. ⚠️ 단기 급등 조정 주의.,0,0,,,78.6,78.4,78.7,🔥 과열,1.자동차·모빌리티(+31.5%) / 2.조선·기계·설비(+26.4%) / 3.반도체(+18.9%) / 4.IT/전기전자(+15.1%) / 5.인프라·에너지(+12.3%),5,214,20260119,20260119,26.29,10.15,228.17,218.02
054210,이랜텍,KOSDAQ,전자부품 제조업,전자부품 제조업,IT/전기전자,10200,161.28,0.0,OVERHEAT,False,False,False,9180,8130,11270,12397.000000000002,42.2,100.0,27.7,3.0,3.0,27.0,85.30000305175781,0.0,,,OVERHEAT,① 강한 상승 추세,12.46,40.88,6.17,13.64,21.77,0,0.99,1.0,0.13,0.0,0.76,0.13,0.61,64.2,75.1,16.71,26.23,0,0,17.65,27.02,15.38,23.79,-11.53,0,0,1.54,0.9,1,1,7833.0,9362,8.95,0.5439,6.61,2.69,False,O,▲,8401,▲,O,X,9.837341772151898,18.689113924050634,4.0,0,29.3,76.3,0.5169082125603864,11.11111111111111,💪 매수세 장악(Power Buying). 💰 외국인/기관 수급 집중. 🚀 단기 모멘텀 가속. ⚠️ 단기 급등 조정 주의.,0,0,,,78.6,78.4,78.7,🔥 과열,1.자동차·모빌리티(+31.5%) / 2.조선·기계·설비(+26.4%) / 3.반도체(+18.9%) / 4.IT/전기전자(+15.1%) / 5.인프라·에너지(+12.3%),1,215,20260119,20260119,26.29,10.15,23.79,13.64
115180,큐리언트,KOSDAQ,자연과학 및 공학 연구개발업,자연과학 및 공학 연구개발업,기타,29250,108.99,0.0,ARMED,True,False,False,29250,26050,35650,39215.0,42.1,7.8,50.7,42.2,42.2,40.3,70.5,0.0,,,ARMED,② 상승 후 조정,5.98,172.35,-0.31,32.53,153.24,5,1.0,1.0,0.17,1.0,0.0,0.09,0.4,52.7,55.9,0.03,15.59,1,0,-0.68,-1.85,-4.72,42.68,0.0,1,0,1.23,0.48,1,1,25115.0,28445,2.83,-0.057,0.71,-0.85,False,O,▲,29150,▼,O,X,7.377666666666667,14.425583333333332,7.0,4,25.6,0.0,2.0,0.0,🌪️ 5일 연속 응축 중! 폭발 임박. 📉 매도세 우위. ✅ 20일선 눌림목 구간.,0,0,,,78.6,78.4,78.7,🔥 과열,1.자동차·모빌리티(+31.5%) / 2.조선·기계·설비(+26.4%) / 3.반도체(+18.9%) / 4.IT/전기전자(+15.1%) / 5.인프라·에너지(+12.3%),2,216,20260119,20260119,26.29,10.15,42.68,32.53
013310,아진산업,KOSDAQ,자동차 신품 부품 제조업,자동차 신품 부품 제조업,자동차·모빌리티,3355,52.79,0.0,ARMED,True,False,False,3355,3065,3930,4323.0,42.0,42.2,42.0,24.6,24.6,52.7,82.5999984741211,0.0,,,ARMED,④ 바닥 반등 시도,14.31,24.26,8.02,-14.84,5.15,0,0.99,0.86,0.51,1.0,0.56,0.04,0.33,71.5,87.1,12.65,23.95,0,0,0.45,10.36,17.72,-4.69,-2.86,0,0,3.45,0.78,1,1,2777.0,3291,1.93,0.3174,1.47,1.49,False,O,▼,3184,▲,O,X,26.005714285714284,35.19914285714286,1.0,2,28.6,56.3,1.9827586206896552,0.0,💰 외국인/기관 수급 집중. 🚀 단기 모멘텀 가속. ⚠️ 단기 급등 조정 주의.,0,0,,,78.6,78.4,78.7,🔥 과열,1.자동차·모빌리티(+31.5%) / 2.조선·기계·설비(+26.4%) / 3.반도체(+18.9%) / 4.IT/전기전자(+15.1%) / 5.인프라·에너지(+12.3%),4,217,20260119,20260119,26.29,10.15,-4.69,-14.84
050110,캠시스,KOSDAQ,전자부품 제조업,전자부품 제조업,IT/전기전자,672,286.07,0.0,OVERHEAT,False,False,False,479,412,613,674.3000000000001,42.0,100.0,27.5,3.0,3.0,36.8,84.5999984741211,0.0,,,OVERHEAT,④ 바닥 반등 시도,46.72,-33.6,40.43,-18.22,-52.71,0,1.0,1.0,0.02,0.0,1.0,0.23,0.6,79.5,94.2,47.21,52.21,0,0,29.98,64.3,49.33,-8.07,-12.84,1,0,3.18,1.0,1,1,469.6,578,16.21,0.7957,12.18,4.22,False,O,▼,439,▲,O,X,9.837341772151898,18.689113924050634,4.0,0,42.0,100.0,-0.22692307692307692,40.292275574112736,💪 매수세 장악(Power Buying). 💰 외국인/기관 수급 집중. 🚀 단기 모멘텀 가속. ⚠️ 단기 급등 조정 주의.,0,0,,,78.6,78.4,78.7,🔥 과열,1.자동차·모빌리티(+31.5%) / 2.조선·기계·설비(+26.4%) / 3.반도체(+18.9%) / 4.IT/전기전자(+15.1%) / 5.인프라·에너지(+12.3%),4,218,20260119,20260119,26.29,10.15,-8.07,-18.22
028050,삼성E&A,KOSPI,"건축기술, 엔지니어링 및 관련 기술 서비스업","건축기술, 엔지니어링 및 관련 기술 서비스업",서비스 기타,25050,180.79,0.0,WAIT,False,False,True,25050,23650,27800,30580.000000000004,41.9,29.4,45.0,50.9,50.9,51.7,31.299999237060547,0.0,,,WAIT,④ 바닥 반등 시도,-0.6,-0.99,-21.51,-38.09,-55.71,0,0.98,0.55,0.98,1.0,0.07,0.14,0.48,56.1,58.3,1.23,10.73,0,0,-2.15,-0.2,2.87,-11.8,2.16,1,1,0.76,0.62,1,1,23370.0,25542,-1.93,0.0319,1.08,-0.16,False,X,▼,25515,▲,X,X,7.455217391304347,-5.216956521739131,10.0,5,50.9,6.8,1.9642857142857142,0.0,📉 매도세 우위. 🚀 단기 모멘텀 가속. ✅ 20일선 눌림목 구간.,0,0,,,78.6,78.4,78.7,🔥 과열,1.자동차·모빌리티(+31.5%) / 2.조선·기계·설비(+26.4%) / 3.반도체(+18.9%) / 4.IT/전기전자(+15.1%) / 5.인프라·에너지(+12.3%),4,219,20260119,20260119,26.29,10.15,-11.8,-38.09
049180,셀루메드,KOSDAQ,기초 의약물질 제조업,기초 의약물질 제조업,기타,2360,408.42,0.0,OVERHEAT,False,False,False,1414,795,2655,2920.5000000000005,41.9,97.9,27.9,8.0,8.0,59.7,74.4000015258789,0.0,,🚀급등시동,OVERHEAT,① 강한 상승 추세,236.18,157.36,229.89,207.05,138.25,0,1.0,1.0,0.0,0.0,0.84,0.33,0.35,57.1,67.2,75.27,130.86,0,0,29.81,61.64,179.29,217.2,31.05,1,0,1.49,1.0,1,1,1083.1,1840,28.24,0.3759,1.56,2.81,False,O,▲,1709,▲,O,X,7.377666666666667,14.425583333333332,7.0,0,82.0,84.5,0.18849840255591055,66.9024045261669,💪 매수세 장악(Power Buying). 💸 자금 유입 지속. 🚀 단기 모멘텀 가속. ⚠️ 단기 급등 조정 주의.,0,0,,,78.6,78.4,78.7,🔥 과열,1.자동차·모빌리티(+31.5%) / 2.조선·기계·설비(+26.4%) / 3.반도체(+18.9%) / 4.IT/전기전자(+15.1%) / 5.인프라·에너지(+12.3%),1,220,20260119,20260119,26.29,10.15,217.2,207.05
085670,뉴프렉스,KOSDAQ,전자부품 제조업,전자부품 제조업,IT/전기전자,6100,164.79,0.0,ATTACK,True,True,False,5460,4955,6460,7106.000000000001,41.9,100.0,27.4,3.0,3.0,28.2,84.5,0.0,,,ATTACK,③ 박스 / 중립,19.84,31.18,13.55,0.76,12.07,2,0.99,0.92,0.41,0.0,0.4,0.13,0.6,73.9,81.6,17.33,20.47,0,0,15.31,15.97,17.53,10.91,1.66,1,0,1.59,0.88,1,1,4858.0,5678,7.42,0.1843,7.11,2.37,False,O,▲,5437,▲,O,X,9.837341772151898,18.689113924050634,4.0,0,50.2,40.4,0.314410480349345,11.72161172161172,💪 매수세 장악(Power Buying). 💰 외국인/기관 수급 집중. 🚀 단기 모멘텀 가속. ⚠️ 단기 급등 조정 주의.,0,0,,,78.6,78.4,78.7,🔥 과열,1.자동차·모빌리티(+31.5%) / 2.조선·기계·설비(+26.4%) / 3.반도체(+18.9%) / 4.IT/전기전자(+15.1%) / 5.인프라·에너지(+12.3%),3,221,20260119,20260119,26.29,10.15,10.91,0.76
066430,아이로보틱스,KOSDAQ,기타 전문 도매업,기타 전문 도매업,기타,2560,60.27,0.0,OVERHEAT,False,False,False,1910,1511,2710,2981.0000000000005,41.9,100.0,27.4,3.0,3.0,46.3,84.30000305175781,0.0,,,OVERHEAT,⑤ 하락 / 약세,83.12,82.73,76.83,93.19,63.62,0,1.0,1.0,0.0,0.0,0.6,0.05,0.19,73.7,64.1,40.75,63.51,0,0,18.52,20.19,37.93,103.34,26.2,1,0,2.39,0.91,1,1,1625.1,2211,15.77,0.1705,1.24,0.88,False,O,▲,2166,▲,O,X,7.377666666666667,14.425583333333332,7.0,0,85.6,60.2,0.14299332697807435,34.031413612565444,💸 자금 유입 지속. 🚀 단기 모멘텀 가속. ⚠️ 단기 급등 조정 주의.,0,0,,,78.6,78.4,78.7,🔥 과열,1.자동차·모빌리티(+31.5%) / 2.조선·기계·설비(+26.4%) / 3.반도체(+18.9%) / 4.IT/전기전자(+15.1%) / 5.인프라·에너지(+12.3%),5,222,20260119,20260119,26.29,10.15,103.34,93.19
051915,LG화학우,KOSPI,기타,기타,기타,167600,81.54,0.0,NEUTRAL,False,False,False,167600,154400,194000,213400.00000000003,41.8,48.8,40.0,29.5,29.5,42.7,64.5,0.0,,,NEUTRAL,④ 바닥 반등 시도,-8.91,12.03,-29.82,-36.95,-42.69,0,1.0,0.79,0.66,1.0,0.3,0.07,0.63,49.3,29.3,1.17,15.29,0,0,0.54,5.28,2.95,-10.66,-6.4,0,0,1.38,0.61,1,1,146850.0,166642,0.57,0.2269,1.33,1.58,False,X,▲,162937,▲,O,X,7.377666666666667,14.425583333333332,7.0,2,16.9,30.0,2.0,0.0,💪 매수세 장악(Power Buying). 🚀 단기 모멘텀 가속. ✅ 20일선 눌림목 구간.,0,0,,,78.6,78.4,78.7,🔥 과열,1.자동차·모빌리티(+31.5%) / 2.조선·기계·설비(+26.4%) / 3.반도체(+18.9%) / 4.IT/전기전자(+15.1%) / 5.인프라·에너지(+12.3%),4,223,20260119,20260119,26.29,10.15,-10.66,-36.95
047310,파워로직스,KOSDAQ,"전동기, 발전기 및 전기 변환 · 공급 · 제어 장치 제조업","전동기, 발전기 및 전기 변환 · 공급 · 제어 장치 제조업",인프라·에너지,5870,737.5,0.0,OVERHEAT,False,False,False,4705,4075,5960,6556.000000000001,41.8,96.7,28.1,3.0,3.0,31.4,86.80000305175781,0.0,,,OVERHEAT,⑤ 하락 / 약세,33.87,24.1,27.58,23.72,4.99,0,0.99,1.0,0.03,0.0,0.97,0.59,0.48,72.3,85.3,31.04,48.31,0,0,16.47,43.87,35.1,33.87,-3.75,0,0,1.44,0.85,1,1,4517.0,5468,7.34,0.6177,8.16,1.02,False,O,▲,5034,▲,O,X,17.386923076923075,8.883846153846154,5.0,0,30.0,97.2,0.05013927576601671,24.760892667375135,💰 외국인/기관 수급 집중. 🚀 단기 모멘텀 가속. ⚠️ 단기 급등 조정 주의.,0,0,,,78.6,78.4,78.7,🔥 과열,1.자동차·모빌리티(+31.5%) / 2.조선·기계·설비(+26.4%) / 3.반도체(+18.9%) / 4.IT/전기전자(+15.1%) / 5.인프라·에너지(+12.3%),5,224,20260119,20260119,26.29,10.15,33.87,23.72
396300,세아메카닉스,KOSDAQ,기타 금속 가공제품 제조업,기타 금속 가공제품 제조업,기타,3100,125.68,0.0,OVERHEAT,False,False,False,2595,2305,3175,3492.5000000000005,41.8,100.0,27.2,3.0,3.0,34.1,83.5,0.0,,,OVERHEAT,④ 바닥 반등 시도,22.77,-11.17,16.48,-25.45,-30.28,0,1.0,1.0,0.15,0.0,0.75,0.1,0.6,81.5,90.5,25.44,27.01,0,0,19.46,29.71,26.02,-15.3,-3.2,1,0,3.22,0.83,1,1,2326.9,2830,9.52,0.397,10.12,2.74,False,O,▲,2555,▲,O,X,7.377666666666667,14.425583333333332,7.0,0,47.9,74.6,0.09433962264150944,19.460500963391137,💪 매수세 장악(Power Buying). 💰 외국인/기관 수급 집중. 🚀 단기 모멘텀 가속. ⚠️ 단기 급등 조정 주의.,0,0,,,78.6,78.4,78.7,🔥 과열,1.자동차·모빌리티(+31.5%) / 2.조선·기계·설비(+26.4%) / 3.반도체(+18.9%) / 4.IT/전기전자(+15.1%) / 5.인프라·에너지(+12.3%),4,225,20260119,20260119,26.29,10.15,-15.3,-25.45
413390,엠오티,KOSDAQ,특수 목적용 기계 제조업,특수 목적용 기계 제조업,조선·기계·설비,8780,646.52,0.0,ATTACK,True,True,False,7670,6630,9720,10692.0,41.7,100.0,27.1,3.0,3.0,29.4,83.4000015258789,0.0,,,ATTACK,⑤ 하락 / 약세,29.12,22.11,22.83,12.82,3.0,0,0.98,1.0,0.03,0.0,0.37,0.52,0.54,72.8,93.1,20.27,30.12,0,0,13.29,19.46,14.03,22.97,8.74,1,0,3.87,0.7,1,1,7073.0,8620,1.85,0.1875,11.22,1.73,False,O,▲,7873,▲,O,X,17.209594594594595,32.596756756756754,2.0,0,54.9,37.1,0.4372093023255814,14.471968709256844,💪 매수세 장악(Power Buying). 💰 외국인/기관 수급 집중. 🚀 단기 모멘텀 가속. ⚠️ 단기 급등 조정 주의.,0,0,,,78.6,78.4,78.7,🔥 과열,1.자동차·모빌리티(+31.5%) / 2.조선·기계·설비(+26.4%) / 3.반도체(+18.9%) / 4.IT/전기전자(+15.1%) / 5.인프라·에너지(+12.3%),5,226,20260119,20260119,26.29,10.15,22.97,12.82
100660,서암기계공업,KOSDAQ,일반 목적용 기계 제조업,일반 목적용 기계 제조업,조선·기계·설비,5670,300.76,0.0,ATTACK,True,True,False,5040,4240,6640,7304.000000000001,41.6,100.0,27.0,3.0,3.0,27.7,82.9000015258789,0.0,,,ATTACK,⑤ 하락 / 약세,21.28,60.62,14.99,32.85,41.51,2,1.0,1.0,0.0,0.0,0.29,0.24,0.53,70.6,76.0,18.12,29.37,0,0,10.31,11.83,22.46,43.0,7.38,1,0,2.7,0.73,1,1,4309.5,5485,3.36,0.0409,4.5,1.51,False,O,▲,5289,▲,O,X,17.209594594594595,32.596756756756754,2.0,0,54.9,28.7,0.6783216783216783,12.5,💪 매수세 장악(Power Buying). 💰 외국인/기관 수급 집중. 🚀 단기 모멘텀 가속. ⚠️ 단기 급등 조정 주의.,0,0,,,78.6,78.4,78.7,🔥 과열,1.자동차·모빌리티(+31.5%) / 2.조선·기계·설비(+26.4%) / 3.반도체(+18.9%) / 4.IT/전기전자(+15.1%) / 5.인프라·에너지(+12.3%),5,227,20260119,20260119,26.29,10.15,43.0,32.85
083450,GST,KOSDAQ,특수 목적용 기계 제조업,특수 목적용 기계 제조업,조선·기계·설비,27500,66.53,0.0,WAIT,False,False,True,27500,25950,30600,33660.0,41.5,12.5,48.8,40.5,40.5,58.3,68.0999984741211,0.0,,⚡눌림회복,WAIT,③ 박스 / 중립,14.58,45.73,8.29,3.25,26.62,0,1.0,0.56,0.98,1.0,0.0,0.05,0.33,53.7,60.7,-0.82,31.88,0,0,-0.36,0.73,-14.86,13.4,14.72,1,0,1.62,0.45,0,1,25420.0,27552,-0.19,-0.0899,0.37,-0.54,True,O,▲,27552,▼,X,X,17.209594594594595,32.596756756756754,2.0,4,45.8,0.0,2.0,0.0,🧱 구조적 지지선(Swing Low) 근접. 📉 매도세 우위. 💸 자금 유입 지속. ✅ 20일선 눌림목 구간.,0,0,,,78.6,78.4,78.7,🔥 과열,1.자동차·모빌리티(+31.5%) / 2.조선·기계·설비(+26.4%) / 3.반도체(+18.9%) / 4.IT/전기전자(+15.1%) / 5.인프라·에너지(+12.3%),3,228,20260119,20260119,26.29,10.15,13.4,3.25
003530,한화투자증권,KOSPI,금융 지원 서비스업,금융 지원 서비스업,서비스 기타,4915,83.67,0.0,WAIT,False,False,True,4915,4605,5540,6094.000000000001,41.4,23.1,46.0,50.5,50.5,51.3,35.400001525878906,0.0,,,WAIT,④ 바닥 반등 시도,6.27,-22.96,-14.64,-34.42,-77.68,0,1.0,0.64,0.92,1.0,0.06,0.07,0.47,57.7,71.7,1.71,11.42,0,0,-1.11,0.31,2.18,-8.13,4.44,1,1,1.43,0.57,1,1,4464.5,5024,-2.18,0.0329,0.86,0.01,True,X,▼,4983,▲,X,X,7.455217391304347,-5.216956521739131,10.0,5,50.3,6.2,2.0161290322580645,0.0,🧱 구조적 지지선(Swing Low) 근접. 📉 매도세 우위. 💰 외국인/기관 수급 집중. 🚀 단기 모멘텀 가속. ✅ 20일선 눌림목 구간.,0,0,,,78.6,78.4,78.7,🔥 과열,1.자동차·모빌리티(+31.5%) / 2.조선·기계·설비(+26.4%) / 3.반도체(+18.9%) / 4.IT/전기전자(+15.1%) / 5.인프라·에너지(+12.3%),4,229,20260119,20260119,26.29,10.15,-8.13,-34.42
003490,대한항공,KOSPI,항공 여객 운송업,항공 여객 운송업,기타,24300,1067.25,0.0,ATTACK,True,True,False,24300,23050,26800,29480.000000000004,41.4,77.3,32.4,43.9,43.9,54.3,5.699999809265137,0.0,,,ATTACK,④ 바닥 반등 시도,9.46,-3.19,-11.45,-19.48,-57.91,0,1.0,0.51,1.0,1.0,0.4,0.86,0.6,64.9,69.1,7.15,12.02,0,0,0.0,9.95,7.52,6.81,-0.69,0,1,1.52,0.78,1,1,22335.0,23870,1.8,0.2743,1.74,1.85,False,O,▲,22967,▲,O,X,7.377666666666667,14.425583333333332,7.0,4,40.6,40.4,2.0,0.0,💪 매수세 장악(Power Buying). 💸 자금 유입 지속. 🚀 단기 모멘텀 가속. ⚠️ 단기 급등 조정 주의.,0,0,,,78.6,78.4,78.7,🔥 과열,1.자동차·모빌리티(+31.5%) / 2.조선·기계·설비(+26.4%) / 3.반도체(+18.9%) / 4.IT/전기전자(+15.1%) / 5.인프라·에너지(+12.3%),4,230,20260119,20260119,26.29,10.15,6.81,-19.48
010690,화신,KOSPI,자동차 신품 부품 제조업,자동차 신품 부품 제조업,자동차·모빌리티,9630,185.34,0.0,ATTACK,True,True,False,9630,8730,11420,12562.000000000002,41.4,60.9,36.5,16.0,16.0,50.8,84.19999694824219,0.0,,,ATTACK,④ 바닥 반등 시도,10.94,16.44,-9.97,-18.45,-38.28,1,0.99,0.93,0.39,1.0,0.75,0.15,0.42,71.8,90.8,14.24,21.47,0,0,-0.21,18.16,18.3,7.84,-3.6,0,0,2.13,0.58,1,1,8112.0,9645,-0.16,0.4707,3.25,0.88,False,O,▲,8673,▲,O,X,26.005714285714284,35.19914285714286,1.0,1,14.5,75.1,1.988888888888889,0.0,💰 외국인/기관 수급 집중. 🚀 단기 모멘텀 가속. ⚠️ 단기 급등 조정 주의.,0,0,,,78.6,78.4,78.7,🔥 과열,1.자동차·모빌리티(+31.5%) / 2.조선·기계·설비(+26.4%) / 3.반도체(+18.9%) / 4.IT/전기전자(+15.1%) / 5.인프라·에너지(+12.3%),4,231,20260119,20260119,26.29,10.15,7.84,-18.45
445680,큐리옥스바이오시스템즈,KOSDAQ,의료용 기기 제조업,의료용 기기 제조업,기타,111300,74.31,0.0,WAIT,False,False,True,111300,97500,138900,152790.0,41.3,17.3,47.3,37.8,37.8,38.0,69.4000015258789,0.0,,,WAIT,① 강한 상승 추세,17.41,175.84,11.12,46.61,156.73,0,1.0,1.0,0.06,1.0,0.05,0.06,0.43,57.7,55.0,4.25,28.88,0,0,4.02,4.7,-5.52,56.76,0.33,0,0,0.98,0.61,1,-1,116560.0,101520,9.63,0.0459,0.47,-1.08,False,O,▲,103240,▼,O,X,7.377666666666667,14.425583333333332,7.0,3,17.4,5.4,2.0,0.0,📉 매도세 우위. 🚀 단기 모멘텀 가속. ,0,0,,,78.6,78.4,78.7,🔥 과열,1.자동차·모빌리티(+31.5%) / 2.조선·기계·설비(+26.4%) / 3.반도체(+18.9%) / 4.IT/전기전자(+15.1%) / 5.인프라·에너지(+12.3%),1,232,20260119,20260119,26.29,10.15,56.76,46.61
094940,푸른기술,KOSDAQ,컴퓨터 및 주변장치 제조업,컴퓨터 및 주변장치 제조업,IT/전기전자,12370,264.6,0.0,OVERHEAT,False,False,False,9200,7790,12020,13222.000000000002,41.2,100.0,26.5,3.0,3.0,35.9,81.4000015258789,0.0,,,OVERHEAT,⑤ 하락 / 약세,58.79,64.93,52.5,32.2,45.82,0,1.0,1.0,0.0,0.0,0.81,0.21,0.58,80.3,85.9,41.14,45.6,0,0,29.94,34.46,46.74,42.35,5.01,1,0,1.73,1.0,1,1,8048.0,10394,19.01,0.3466,4.64,2.23,False,O,▲,9677,▲,O,X,9.837341772151898,18.689113924050634,4.0,0,49.4,81.0,-0.07641921397379912,34.45652173913044,💪 매수세 장악(Power Buying). 💰 외국인/기관 수급 집중. 🚀 단기 모멘텀 가속. ⚠️ 단기 급등 조정 주의.,0,0,,,78.6,78.4,78.7,🔥 과열,1.자동차·모빌리티(+31.5%) / 2.조선·기계·설비(+26.4%) / 3.반도체(+18.9%) / 4.IT/전기전자(+15.1%) / 5.인프라·에너지(+12.3%),5,233,20260119,20260119,26.29,10.15,42.35,32.2
451760,컨텍,KOSDAQ,"컴퓨터 프로그래밍, 시스템 통합 및 관리업","컴퓨터 프로그래밍, 시스템 통합 및 관리업",IT/전기전자,14260,65.47,0.0,ARMED,True,False,False,14260,11320,20150,22165.0,41.0,0.0,51.3,33.5,33.5,59.0,92.80000305175781,0.0,,,ARMED,② 상승 후 조정,65.05,57.22,58.76,56.24,38.11,0,1.0,1.0,0.0,1.0,0.05,0.05,0.08,65.2,84.6,13.83,57.06,0,0,1.86,-0.7,4.85,66.39,48.4,0,0,2.64,0.83,1,1,10655.0,14052,1.48,-0.2796,0.33,0.08,False,O,▲,14823,▼,X,X,9.837341772151898,18.689113924050634,4.0,3,69.9,5.1,2.003401360544218,0.0,📉 매도세 우위. 💰 외국인/기관 수급 집중. ⚠️ 단기 급등 조정 주의.,0,0,,,78.6,78.4,78.7,🔥 과열,1.자동차·모빌리티(+31.5%) / 2.조선·기계·설비(+26.4%) / 3.반도체(+18.9%) / 4.IT/전기전자(+15.1%) / 5.인프라·에너지(+12.3%),2,234,20260119,20260119,26.29,10.15,66.39,56.24
285130,SK케미칼,KOSPI,합성고무 및 플라스틱 물질 제조업,합성고무 및 플라스틱 물질 제조업,기타,67700,50.17,0.0,WAIT,False,False,True,67700,64100,74800,82280.0,41.0,55.4,37.4,32.1,32.1,45.6,49.900001525878906,0.0,,⚡눌림회복,WAIT,④ 바닥 반등 시도,-5.45,-7.77,-26.36,-28.03,-62.49,0,0.98,0.52,0.99,1.0,0.12,0.04,0.48,55.0,51.3,-0.29,9.86,0,1,-0.29,1.8,0.59,-1.74,1.24,0,0,1.66,0.45,0,-1,71690.0,68557,-1.25,0.0984,1.63,-0.21,True,O,▲,68323,▲,X,X,7.377666666666667,14.425583333333332,7.0,3,7.9,12.3,1.9722222222222223,0.0,🔇 변동성 축소 (BW 9.9%). 🧱 구조적 지지선(Swing Low) 근접. 📉 매도세 우위. 🚀 단기 모멘텀 가속. ✅ 20일선 눌림목 구간.,0,0,,,78.6,78.4,78.7,🔥 과열,1.자동차·모빌리티(+31.5%) / 2.조선·기계·설비(+26.4%) / 3.반도체(+18.9%) / 4.IT/전기전자(+15.1%) / 5.인프라·에너지(+12.3%),4,235,20260119,20260119,26.29,10.15,-1.74,-28.03
083640,인콘,KOSDAQ,상품 종합 도매업,상품 종합 도매업,기타,322,80.8,0.0,OVERHEAT,False,False,False,271,251,312,343.20000000000005,41.0,100.0,26.3,3.0,3.0,23.6,80.80000305175781,0.0,,,OVERHEAT,③ 박스 / 중립,19.26,-8.0,12.97,-3.53,-27.11,0,1.0,0.76,0.75,0.0,0.7,0.06,0.6,80.8,92.4,24.54,26.6,0,0,29.84,30.89,24.32,6.62,-5.51,0,0,6.29,1.0,1,1,247.5,297,8.32,0.376,16.52,4.54,False,O,▲,250,▲,O,X,7.377666666666667,14.425583333333332,7.0,0,24.0,70.3,-0.14084507042253522,18.81918819188192,💪 매수세 장악(Power Buying). 💰 외국인/기관 수급 집중. 🚀 단기 모멘텀 가속. ⚠️ 단기 급등 조정 주의.,0,0,,,78.6,78.4,78.7,🔥 과열,1.자동차·모빌리티(+31.5%) / 2.조선·기계·설비(+26.4%) / 3.반도체(+18.9%) / 4.IT/전기전자(+15.1%) / 5.인프라·에너지(+12.3%),3,236,20260119,20260119,26.29,10.15,6.62,-3.53
124500,아이티센글로벌,KOSDAQ,"컴퓨터 프로그래밍, 시스템 통합 및 관리업","컴퓨터 프로그래밍, 시스템 통합 및 관리업",IT/전기전자,31000,143.51,0.0,ARMED,True,False,False,31000,29850,33250,36575.0,40.9,0.0,51.1,35.4,35.4,52.0,87.69999694824219,0.0,,,ARMED,② 상승 후 조정,40.27,68.3,33.98,61.31,49.19,0,0.98,0.36,0.92,1.0,0.01,0.12,0.3,43.3,41.7,-1.81,45.19,0,0,-3.73,-13.65,0.98,71.46,42.52,0,0,2.44,0.58,0,1,27340.0,33812,-8.32,-0.6449,0.47,-1.74,True,O,▲,34600,▼,X,X,9.837341772151898,18.689113924050634,4.0,3,54.5,1.0,1.9565217391304348,0.0,🧱 구조적 지지선(Swing Low) 근접. 📉 매도세 우위. ✅ 20일선 눌림목 구간.,0,0,,,78.6,78.4,78.7,🔥 과열,1.자동차·모빌리티(+31.5%) / 2.조선·기계·설비(+26.4%) / 3.반도체(+18.9%) / 4.IT/전기전자(+15.1%) / 5.인프라·에너지(+12.3%),2,237,20260119,20260119,26.29,10.15,71.46,61.31
195870,해성디에스,KOSPI,전자부품 제조업,전자부품 제조업,IT/전기전자,55600,118.55,0.0,NEUTRAL,False,False,False,55600,48650,69500,76450.0,40.8,39.3,41.2,34.0,34.0,52.2,58.099998474121094,0.0,,,NEUTRAL,① 강한 상승 추세,-4.96,122.4,-25.87,10.32,67.68,0,1.0,1.0,0.06,1.0,0.6,0.1,0.62,51.4,45.9,4.47,22.43,0,0,2.21,12.44,7.34,36.61,-8.94,0,0,1.28,0.72,1,-1,57525.0,53646,3.64,0.4434,0.67,2.16,False,O,▲,51436,▲,O,X,9.837341772151898,18.689113924050634,4.0,3,25.3,60.2,2.0,0.0,💪 매수세 장악(Power Buying). 🚀 단기 모멘텀 가속. ,0,0,,,78.6,78.4,78.7,🔥 과열,1.자동차·모빌리티(+31.5%) / 2.조선·기계·설비(+26.4%) / 3.반도체(+18.9%) / 4.IT/전기전자(+15.1%) / 5.인프라·에너지(+12.3%),1,238,20260119,20260119,26.29,10.15,36.61,10.32
221800,유투바이오,KOSDAQ,기타 과학기술 서비스업,기타 과학기술 서비스업,서비스 기타,5150,111.18,0.0,OVERHEAT,False,False,False,5150,4210,7030,7733.000000000001,40.6,0.0,50.8,36.8,36.8,52.0,83.4000015258789,0.0,,,OVERHEAT,① 강한 상승 추세,9.81,65.06,3.52,32.91,45.95,0,1.0,1.0,0.0,1.0,0.47,0.09,0.19,67.3,80.0,13.3,54.33,0,0,-1.34,21.89,21.03,43.06,5.51,1,0,2.77,0.43,1,1,4854.0,5951,-13.47,0.213,1.45,-0.43,False,O,▲,5392,▲,X,X,7.455217391304347,-5.216956521739131,10.0,3,31.3,47.5,2.0,0.0,📉 매도세 우위. 💰 외국인/기관 수급 집중. 🚀 단기 모멘텀 가속. ⚠️ 단기 급등 조정 주의.,0,0,,,78.6,78.4,78.7,🔥 과열,1.자동차·모빌리티(+31.5%) / 2.조선·기계·설비(+26.4%) / 3.반도체(+18.9%) / 4.IT/전기전자(+15.1%) / 5.인프라·에너지(+12.3%),1,239,20260119,20260119,26.29,10.15,43.06,32.91
466100,클로봇,KOSDAQ,소프트웨어 개발 및 공급업,소프트웨어 개발 및 공급업,IT/전기전자,75700,3748.44,0.0,OVERHEAT,False,False,False,66300,55800,87100,95810.00000000001,40.6,95.7,26.8,3.0,3.0,28.7,82.4000015258789,0.0,,,OVERHEAT,① 강한 상승 추세,20.93,281.74,14.64,78.16,262.63,0,0.99,1.0,0.0,0.0,0.85,1.0,0.17,69.0,66.0,19.9,28.94,0,0,12.99,29.18,23.49,88.31,-5.39,0,0,1.72,0.9,1,1,56850.0,68935,9.81,0.5514,1.76,-0.01,False,O,▲,61763,▲,O,X,9.837341772151898,18.689113924050634,4.0,0,29.3,84.9,0.5728643216080402,14.177978883861236,📉 매도세 우위. 💸 자금 유입 지속. 🚀 단기 모멘텀 가속. ⚠️ 단기 급등 조정 주의.,0,0,,,78.6,78.4,78.7,🔥 과열,1.자동차·모빌리티(+31.5%) / 2.조선·기계·설비(+26.4%) / 3.반도체(+18.9%) / 4.IT/전기전자(+15.1%) / 5.인프라·에너지(+12.3%),1,240,20260119,20260119,26.29,10.15,88.31,78.16
389500,에스비비테크,KOSDAQ,일반 목적용 기계 제조업,일반 목적용 기계 제조업,조선·기계·설비,68100,1580.64,0.0,OVERHEAT,False,False,False,46450,34700,69800,76780.0,40.6,97.6,26.4,3.0,3.0,28.8,80.9000015258789,0.0,,,OVERHEAT,⑤ 하락 / 약세,81.6,235.47,75.31,139.76,216.36,0,0.99,1.0,0.0,0.0,0.87,1.0,0.43,82.5,94.3,54.01,81.49,0,0,24.27,52.01,90.49,149.91,-1.59,0,0,2.2,0.92,1,1,39045.0,58015,17.38,0.3941,2.79,2.0,False,O,▲,56666,▲,O,X,17.209594594594595,32.596756756756754,2.0,0,28.6,86.6,0.05089820359281437,46.60925726587728,💪 매수세 장악(Power Buying). 💰 외국인/기관 수급 집중. 🚀 단기 모멘텀 가속. ⚠️ 단기 급등 조정 주의.,0,0,,,78.6,78.4,78.7,🔥 과열,1.자동차·모빌리티(+31.5%) / 2.조선·기계·설비(+26.4%) / 3.반도체(+18.9%) / 4.IT/전기전자(+15.1%) / 5.인프라·에너지(+12.3%),5,241,20260119,20260119,26.29,10.15,149.91,139.76
019180,티에이치엔,KOSPI,기타 전기장비 제조업,기타 전기장비 제조업,IT/전기전자,7950,125.78,0.0,WAIT,False,False,True,7950,7040,9760,10736.0,40.5,0.0,50.6,37.5,37.5,49.1,81.19999694824219,0.0,,⚡눌림회복,WAIT,⑤ 하락 / 약세,9.66,170.41,-11.25,-6.02,115.69,2,0.99,1.0,0.13,1.0,0.0,0.1,0.48,46.6,54.3,-0.72,23.62,1,0,0.0,8.31,-3.52,20.27,1.84,1,0,1.52,0.33,0,1,7211.0,8660,-8.2,-0.0456,1.7,0.15,False,O,▲,8352,▲,X,X,9.837341772151898,18.689113924050634,4.0,3,22.7,0.0,1.989010989010989,0.0,🌪️ 에너지 응축 시작 (2일차). 📉 매도세 우위. ✅ 20일선 눌림목 구간.,0,0,,,78.6,78.4,78.7,🔥 과열,1.자동차·모빌리티(+31.5%) / 2.조선·기계·설비(+26.4%) / 3.반도체(+18.9%) / 4.IT/전기전자(+15.1%) / 5.인프라·에너지(+12.3%),5,242,20260119,20260119,26.29,10.15,20.27,-6.02
122350,삼기,KOSDAQ,자동차 신품 부품 제조업,자동차 신품 부품 제조업,자동차·모빌리티,1990,469.49,0.0,OVERHEAT,False,False,False,1487,1241,1980,2178.0,40.3,88.0,28.4,3.0,3.0,35.4,87.5999984741211,0.0,,,OVERHEAT,⑤ 하락 / 약세,56.69,40.84,50.4,36.28,21.73,0,1.0,1.0,0.0,0.0,0.83,0.38,0.51,89.3,96.3,40.48,75.98,0,0,9.1,41.13,58.44,46.43,1.66,1,0,2.24,0.74,1,1,1632.9,1873,6.25,0.3641,5.12,1.42,False,O,▲,1794,▲,O,X,26.005714285714284,35.19914285714286,1.0,0,47.0,83.1,-0.01335113484646195,33.82649630127774,💰 외국인/기관 수급 집중. 🚀 단기 모멘텀 가속. ⚠️ 단기 급등 조정 주의.,0,0,,,78.6,78.4,78.7,🔥 과열,1.자동차·모빌리티(+31.5%) / 2.조선·기계·설비(+26.4%) / 3.반도체(+18.9%) / 4.IT/전기전자(+15.1%) / 5.인프라·에너지(+12.3%),5,243,20260119,20260119,26.29,10.15,46.43,36.28
340810,시선AI,KOSDAQ,소프트웨어 개발 및 공급업,소프트웨어 개발 및 공급업,IT/전기전자,3495,56.0,0.0,OVERHEAT,False,False,False,2925,2550,3675,4042.5000000000005,40.3,100.0,25.4,3.0,3.0,26.3,77.5999984741211,0.0,,,OVERHEAT,④ 바닥 반등 시도,23.06,-15.88,16.77,-8.55,-34.99,0,1.0,1.0,0.05,0.0,0.83,0.04,0.6,68.4,85.7,25.46,34.47,0,0,29.93,37.06,22.2,1.6,-10.51,0,0,5.52,1.0,1,1,2369.1,2972,17.6,0.5067,8.56,3.27,False,O,▲,2555,▲,O,X,9.837341772151898,18.689113924050634,4.0,0,24.0,83.5,0.19047619047619047,19.48717948717949,💪 매수세 장악(Power Buying). 💰 외국인/기관 수급 집중. 🚀 단기 모멘텀 가속. ⚠️ 단기 급등 조정 주의.,0,0,,,78.6,78.4,78.7,🔥 과열,1.자동차·모빌리티(+31.5%) / 2.조선·기계·설비(+26.4%) / 3.반도체(+18.9%) / 4.IT/전기전자(+15.1%) / 5.인프라·에너지(+12.3%),4,244,20260119,20260119,26.29,10.15,1.6,-8.55
000650,천일고속,KOSPI,육상 여객 운송업,육상 여객 운송업,기타,291000,127.49,0.0,NEUTRAL,False,False,False,291000,150000,573000,630300.0,40.2,0.0,50.2,37.2,37.2,50.0,80.69999694824219,0.0,,,NEUTRAL,⑤ 하락 / 약세,-32.95,580.7,-53.86,625.65,525.98,1,1.0,1.0,0.0,1.0,0.6,0.1,0.08,35.7,60.3,-8.58,55.18,1,0,1.39,10.02,-5.06,651.94,0.0,0,0,1.36,0.65,0,1,239150.0,313254,-7.1,0.9286,0.37,0.19,False,O,▲,274576,▲,O,X,7.377666666666667,14.425583333333332,7.0,3,20.1,60.0,2.0,0.0,🌪️ 에너지 응축 시작 (1일차). 📉 매도세 우위. 💸 자금 유입 지속. 🚀 단기 모멘텀 가속. 📉 과매도 기술적 반등 기대.,0,0,,,78.6,78.4,78.7,🔥 과열,1.자동차·모빌리티(+31.5%) / 2.조선·기계·설비(+26.4%) / 3.반도체(+18.9%) / 4.IT/전기전자(+15.1%) / 5.인프라·에너지(+12.3%),5,245,20260119,20260119,26.29,10.15,651.94,625.65
298380,에이비엘바이오,KOSDAQ,기초 의약물질 제조업,기초 의약물질 제조업,기타,196700,1356.9,0.0,WAIT,False,False,True,196700,182200,226000,248600.00000000003,40.0,0.0,50.0,47.1,47.1,51.3,56.70000076293945,0.0,,⚡눌림회복,WAIT,② 상승 후 조정,8.02,177.04,1.73,117.78,157.93,0,1.0,0.74,0.75,1.0,0.0,1.0,0.39,48.5,52.8,-0.41,17.26,0,0,-0.41,-2.38,-7.22,127.93,4.2,1,0,1.28,0.4,0,1,178180.0,195292,0.72,-0.0955,0.71,-0.26,False,O,▲,199013,▼,X,X,7.377666666666667,14.425583333333332,7.0,4,28.2,0.0,2.0206896551724136,0.0,📉 매도세 우위. ✅ 20일선 눌림목 구간.,0,0,,,78.6,78.4,78.7,🔥 과열,1.자동차·모빌리티(+31.5%) / 2.조선·기계·설비(+26.4%) / 3.반도체(+18.9%) / 4.IT/전기전자(+15.1%) / 5.인프라·에너지(+12.3%),2,246,20260119,20260119,26.29,10.15,127.93,117.78
096770,SK이노베이션,KOSPI,석유 정제품 제조업,석유 정제품 제조업,기타,106200,344.62,0.0,NEUTRAL,False,False,False,106200,99900,118800,130680.00000000001,40.0,58.1,35.5,29.5,29.5,47.8,49.599998474121094,0.0,,,NEUTRAL,④ 바닥 반등 시도,-3.89,-6.76,-24.8,-42.2,-61.48,0,1.0,0.59,0.96,1.0,0.19,0.28,0.56,54.7,44.6,2.1,8.71,0,1,0.76,3.61,3.41,-15.91,-0.2,1,0,1.29,0.61,1,-1,107810.0,105741,0.43,0.1326,1.03,0.83,False,X,▲,104706,▲,O,X,7.377666666666667,14.425583333333332,7.0,2,34.9,19.3,2.0,0.0,🔇 변동성 축소 (BW 8.7%). 🚀 단기 모멘텀 가속. ,0,0,,,78.6,78.4,78.7,🔥 과열,1.자동차·모빌리티(+31.5%) / 2.조선·기계·설비(+26.4%) / 3.반도체(+18.9%) / 4.IT/전기전자(+15.1%) / 5.인프라·에너지(+12.3%),4,247,20260119,20260119,26.29,10.15,-15.91,-42.2
217500,러셀,KOSDAQ,특수 목적용 기계 제조업,특수 목적용 기계 제조업,조선·기계·설비,4235,374.1,0.0,OVERHEAT,False,False,False,2540,1956,3715,4086.5000000000005,40.0,81.3,29.7,3.0,3.0,30.8,92.0,0.0,,,OVERHEAT,⑤ 하락 / 약세,115.74,138.46,109.45,82.79,119.35,0,1.0,1.0,0.0,0.0,0.64,0.3,0.24,87.7,84.5,74.97,114.37,0,0,29.91,29.31,106.08,92.94,1.83,1,0,1.39,1.0,1,1,2609.7,3423,23.72,0.207,2.42,0.01,False,O,▲,3390,▲,O,X,17.209594594594595,32.596756756756754,2.0,0,44.7,64.5,-0.22817025010969724,66.73228346456693,📉 매도세 우위. 💰 외국인/기관 수급 집중. 🚀 단기 모멘텀 가속. ⚠️ 단기 급등 조정 주의.,0,0,,,78.6,78.4,78.7,🔥 과열,1.자동차·모빌리티(+31.5%) / 2.조선·기계·설비(+26.4%) / 3.반도체(+18.9%) / 4.IT/전기전자(+15.1%) / 5.인프라·에너지(+12.3%),5,248,20260119,20260119,26.29,10.15,92.94,82.79
306040,에스제이그룹,KOSDAQ,"가죽, 가방 및 유사제품 제조업","가죽, 가방 및 유사제품 제조업",기타,12730,333.97,0.0,OVERHEAT,False,False,False,9310,7140,13650,15015.000000000002,40.0,85.0,28.8,3.0,3.0,34.5,88.9000015258789,0.0,,,OVERHEAT,⑤ 하락 / 약세,53.0,182.89,46.71,222.66,163.78,0,1.0,1.0,0.0,0.0,0.97,0.27,0.39,75.9,82.3,43.6,53.73,0,0,19.42,44.82,34.85,232.81,5.38,0,0,2.51,0.88,1,1,8780.0,10984,15.89,0.5214,2.36,2.0,False,O,▲,9230,▲,O,X,7.377666666666667,14.425583333333332,7.0,0,37.7,96.9,0.16457960644007155,36.734693877551024,💪 매수세 장악(Power Buying). 💰 외국인/기관 수급 집중. 🚀 단기 모멘텀 가속. ⚠️ 단기 급등 조정 주의.,0,0,,,78.6,78.4,78.7,🔥 과열,1.자동차·모빌리티(+31.5%) / 2.조선·기계·설비(+26.4%) / 3.반도체(+18.9%) / 4.IT/전기전자(+15.1%) / 5.인프라·에너지(+12.3%),5,249,20260119,20260119,26.29,10.15,232.81,222.66
001440,대한전선,KOSPI,절연선 및 케이블 제조업,절연선 및 케이블 제조업,기타,26000,482.29,0.0,ARMED,True,False,False,26000,24450,29100,32010.000000000004,39.9,21.9,44.4,48.6,48.6,51.9,34.70000076293945,0.0,,,ARMED,② 상승 후 조정,13.04,64.87,-7.87,21.1,10.15,0,1.0,0.6,0.95,1.0,0.01,0.39,0.41,72.8,76.7,5.55,27.8,0,0,0.97,-3.17,1.17,47.39,14.19,1,0,2.42,0.59,1,1,22700.0,26513,-1.94,-0.2534,0.61,-2.23,True,O,▲,26861,▼,X,X,7.377666666666667,14.425583333333332,7.0,4,54.2,1.2,2.0,0.0,🧱 구조적 지지선(Swing Low) 근접. 📉 매도세 우위. 💰 외국인/기관 수급 집중. ⚠️ 단기 급등 조정 주의.,0,0,,,78.6,78.4,78.7,🔥 과열,1.자동차·모빌리티(+31.5%) / 2.조선·기계·설비(+26.4%) / 3.반도체(+18.9%) / 4.IT/전기전자(+15.1%) / 5.인프라·에너지(+12.3%),2,250,20260119,20260119,26.29,10.15,47.39,21.1
011170,롯데케미칼,KOSPI,기초 화학물질 제조업,기초 화학물질 제조업,화학·소재,73800,122.2,0.0,NEUTRAL,False,False,False,73800,67800,85700,94270.00000000001,39.9,62.3,34.3,29.4,29.4,46.5,45.599998474121094,0.0,,,NEUTRAL,④ 바닥 반등 시도,-6.46,7.27,-27.37,-29.06,-47.45,0,0.99,0.81,0.61,1.0,0.39,0.1,0.61,53.4,55.0,3.64,12.76,0,0,-0.67,7.27,7.11,-2.77,-0.6,0,0,1.22,0.67,1,-1,75560.0,72671,1.55,0.268,1.11,1.31,False,O,▲,71291,▲,O,X,7.139749999999999,-5.23775,11.0,2,21.7,39.2,1.9833333333333334,0.0,🚀 단기 모멘텀 가속. ,0,0,,,78.6,78.4,78.7,🔥 과열,1.자동차·모빌리티(+31.5%) / 2.조선·기계·설비(+26.4%) / 3.반도체(+18.9%) / 4.IT/전기전자(+15.1%) / 5.인프라·에너지(+12.3%),4,251,20260119,20260119,26.29,10.15,-2.77,-29.06
004020,현대제철,KOSPI,1차 철강 제조업,1차 철강 제조업,철강·금속,31750,222.65,0.0,NEUTRAL,False,False,False,31750,29450,36300,39930.0,39.9,64.9,33.7,28.1,28.1,45.8,46.70000076293945,0.0,,,NEUTRAL,④ 바닥 반등 시도,0.63,-13.13,-20.28,-33.99,-67.85,2,0.99,0.72,0.78,1.0,0.24,0.18,0.58,53.3,52.3,3.72,11.23,0,0,2.92,4.96,5.66,-7.7,-3.85,0,0,1.09,0.76,1,-1,32207.5,31284,1.49,0.1505,1.25,0.77,False,X,▼,30730,▲,O,X,5.7846153846153845,16.182307692307692,6.0,2,27.7,23.8,1.9782608695652173,0.0,🚀 단기 모멘텀 가속. ,0,0,,,78.6,78.4,78.7,🔥 과열,1.자동차·모빌리티(+31.5%) / 2.조선·기계·설비(+26.4%) / 3.반도체(+18.9%) / 4.IT/전기전자(+15.1%) / 5.인프라·에너지(+12.3%),4,252,20260119,20260119,26.29,10.15,-7.7,-33.99
459510,나우로보틱스,KOSDAQ,특수 목적용 기계 제조업,특수 목적용 기계 제조업,조선·기계·설비,34600,1075.87,0.0,OVERHEAT,False,False,False,24550,20650,32350,35585.0,39.9,86.7,28.2,3.0,3.0,31.9,87.0999984741211,0.0,,,OVERHEAT,⑤ 하락 / 약세,54.81,84.43,48.52,32.83,65.32,0,1.0,1.0,0.0,0.0,1.0,0.86,0.56,81.4,97.6,47.93,63.41,0,0,20.14,55.86,60.93,42.98,2.18,0,0,2.05,0.96,1,1,24530.0,30389,13.85,0.8638,4.26,1.99,False,O,▲,27153,▲,O,X,17.209594594594595,32.596756756756754,2.0,0,29.8,100.0,-0.16129032258064516,40.936863543788185,💪 매수세 장악(Power Buying). 💰 외국인/기관 수급 집중. 🚀 단기 모멘텀 가속. ⚠️ 단기 급등 조정 주의.,0,0,,,78.6,78.4,78.7,🔥 과열,1.자동차·모빌리티(+31.5%) / 2.조선·기계·설비(+26.4%) / 3.반도체(+18.9%) / 4.IT/전기전자(+15.1%) / 5.인프라·에너지(+12.3%),5,253,20260119,20260119,26.29,10.15,42.98,32.83
127120,제이에스링크,KOSDAQ,자연과학 및 공학 연구개발업,자연과학 및 공학 연구개발업,기타,21300,91.43,0.0,OVERHEAT,False,False,False,18970,16050,24800,27280.000000000004,39.8,100.0,24.7,3.0,3.0,42.4,75.30000305175781,0.0,,,OVERHEAT,④ 바닥 반등 시도,23.69,52.14,17.4,-8.48,33.03,4,1.0,1.0,0.0,0.0,0.68,0.07,0.32,61.0,47.4,17.88,25.63,0,0,7.09,21.85,24.85,1.67,17.89,1,0,0.88,0.94,1,1,17116.0,19574,8.82,0.3502,1.2,2.71,False,O,▲,18570,▲,O,X,7.377666666666667,14.425583333333332,7.0,0,72.1,67.8,0.6666666666666666,12.28255139694254,💪 매수세 장악(Power Buying). 🚀 단기 모멘텀 가속. ⚠️ 단기 급등 조정 주의.,0,0,,,78.6,78.4,78.7,🔥 과열,1.자동차·모빌리티(+31.5%) / 2.조선·기계·설비(+26.4%) / 3.반도체(+18.9%) / 4.IT/전기전자(+15.1%) / 5.인프라·에너지(+12.3%),4,254,20260119,20260119,26.29,10.15,1.67,-8.48
006650,대한유화,KOSPI,기초 화학물질 제조업,기초 화학물질 제조업,화학·소재,152100,100.86,0.0,NEUTRAL,False,False,False,152100,136700,182900,201190.00000000003,39.7,22.7,43.9,39.1,39.1,54.2,55.20000076293945,0.0,,,NEUTRAL,④ 바닥 반등 시도,-3.31,44.31,-24.22,-12.36,-10.41,0,1.0,1.0,0.27,1.0,0.7,0.08,0.57,53.1,45.1,5.85,23.52,0,0,-3.12,9.19,9.9,13.93,-7.33,0,0,1.29,0.72,1,1,133570.0,151272,0.55,0.522,1.2,1.42,False,O,▲,146437,▲,O,X,7.139749999999999,-5.23775,11.0,3,25.3,70.5,2.0,0.0,🚀 단기 모멘텀 가속. ⚠️ 단기 급등 조정 주의.,0,0,,,78.6,78.4,78.7,🔥 과열,1.자동차·모빌리티(+31.5%) / 2.조선·기계·설비(+26.4%) / 3.반도체(+18.9%) / 4.IT/전기전자(+15.1%) / 5.인프라·에너지(+12.3%),4,255,20260119,20260119,26.29,10.15,13.93,-12.36
282330,BGF리테일,KOSPI,종합 소매업,종합 소매업,유통·소비재,114400,53.5,0.0,NEUTRAL,False,False,False,114400,109300,124600,137060.0,39.6,58.2,34.9,36.4,36.4,55.4,31.399999618530273,0.0,,,NEUTRAL,④ 바닥 반등 시도,1.87,-6.38,-19.04,-19.27,-61.1,0,1.0,0.45,0.99,1.0,0.45,0.04,0.62,67.0,72.5,6.38,14.56,0,0,-0.69,8.23,10.21,7.02,-2.22,0,1,1.64,0.9,1,1,105265.0,110473,3.55,0.2848,1.08,2.77,False,O,▲,108904,▲,O,X,8.767222222222223,-11.258888888888889,12.0,3,41.3,44.5,2.0,0.0,💪 매수세 장악(Power Buying). 💰 외국인/기관 수급 집중. 🚀 단기 모멘텀 가속. ⚠️ 단기 급등 조정 주의.,0,0,,,78.6,78.4,78.7,🔥 과열,1.자동차·모빌리티(+31.5%) / 2.조선·기계·설비(+26.4%) / 3.반도체(+18.9%) / 4.IT/전기전자(+15.1%) / 5.인프라·에너지(+12.3%),4,256,20260119,20260119,26.29,10.15,7.02,-19.27
067310,하나마이크론,KOSDAQ,반도체 제조업,반도체 제조업,반도체,26950,312.29,0.0,WAIT,False,False,True,26950,25450,29900,32890.0,39.5,0.0,49.4,50.4,50.4,49.8,47.0,0.0,,,WAIT,⑤ 하락 / 약세,10.22,153.05,3.93,-5.69,133.94,0,0.98,0.55,0.98,1.0,0.0,0.25,0.48,59.1,58.8,1.86,24.9,0,0,-3.58,0.94,-1.82,4.46,11.59,1,0,1.26,0.58,1,1,23040.0,28085,-4.04,-0.1108,0.66,0.37,True,O,▲,28442,▼,X,X,8.782,25.696666666666665,3.0,5,49.6,0.0,1.9666666666666666,0.0,🧱 구조적 지지선(Swing Low) 근접. 📉 매도세 우위. ✅ 20일선 눌림목 구간.,0,0,,,78.6,78.4,78.7,🔥 과열,1.자동차·모빌리티(+31.5%) / 2.조선·기계·설비(+26.4%) / 3.반도체(+18.9%) / 4.IT/전기전자(+15.1%) / 5.인프라·에너지(+12.3%),5,257,20260119,20260119,26.29,10.15,4.46,-5.69
489500,엘케이켐,KOSDAQ,기타 화학제품 제조업,기타 화학제품 제조업,화학·소재,28350,52.38,0.0,WAIT,False,False,True,28350,27050,30900,33990.0,39.4,6.1,47.7,30.7,30.7,46.5,87.5,0.0,,,WAIT,② 상승 후 조정,22.46,48.12,16.17,27.14,29.01,0,0.98,0.45,0.99,1.0,0.0,0.04,0.18,42.6,66.4,-4.31,59.63,0,0,-3.41,-7.65,-20.03,37.29,25.4,0,0,1.47,0.39,0,1,26475.0,29591,-4.2,-0.4675,0.48,-0.86,True,O,▲,30583,▼,X,X,7.139749999999999,-5.23775,11.0,3,41.1,0.0,1.9615384615384615,0.0,🧱 구조적 지지선(Swing Low) 근접. 📉 매도세 우위. 💸 자금 유입 지속. ,0,0,,,78.6,78.4,78.7,🔥 과열,1.자동차·모빌리티(+31.5%) / 2.조선·기계·설비(+26.4%) / 3.반도체(+18.9%) / 4.IT/전기전자(+15.1%) / 5.인프라·에너지(+12.3%),2,258,20260119,20260119,26.29,10.15,37.29,27.14
064400,LG씨엔에스,KOSPI,"컴퓨터 프로그래밍, 시스템 통합 및 관리업","컴퓨터 프로그래밍, 시스템 통합 및 관리업",IT/전기전자,71700,1607.24,0.0,OVERHEAT,False,False,False,71700,66900,81200,89320.0,39.4,82.4,28.6,23.5,23.5,58.2,40.599998474121094,0.0,,,OVERHEAT,④ 바닥 반등 시도,10.99,-0.28,-9.92,-13.2,-55.0,0,0.99,0.66,0.87,1.0,0.65,1.0,0.29,75.0,85.4,13.12,18.04,0,0,5.44,18.71,14.72,13.09,-1.98,0,1,1.69,0.73,1,1,63150.0,68705,4.36,0.4186,2.45,-0.08,False,O,▲,64763,▲,O,X,9.837341772151898,18.689113924050634,4.0,2,38.0,65.1,1.9791666666666667,0.0,📉 매도세 우위. 💰 외국인/기관 수급 집중. 🚀 단기 모멘텀 가속. ⚠️ 단기 급등 조정 주의.,0,0,,,78.6,78.4,78.7,🔥 과열,1.자동차·모빌리티(+31.5%) / 2.조선·기계·설비(+26.4%) / 3.반도체(+18.9%) / 4.IT/전기전자(+15.1%) / 5.인프라·에너지(+12.3%),4,259,20260119,20260119,26.29,10.15,13.09,-13.2
215100,로보로보,KOSDAQ,기타 전기장비 제조업,기타 전기장비 제조업,IT/전기전자,9590,613.56,0.0,OVERHEAT,False,False,False,8240,7090,10540,11594.000000000002,39.4,85.6,27.8,3.0,3.0,35.7,85.69999694824219,0.0,,,OVERHEAT,④ 바닥 반등 시도,28.72,92.57,22.43,-8.13,73.46,2,1.0,1.0,0.02,0.0,0.83,0.49,0.51,73.7,93.8,22.17,29.42,0,0,8.0,31.55,21.39,2.02,-1.39,1,0,3.27,0.83,1,1,7378.0,8932,7.36,0.6028,3.9,1.61,False,O,▲,8101,▲,O,X,9.837341772151898,18.689113924050634,4.0,0,47.9,82.7,0.38,16.38349514563107,💪 매수세 장악(Power Buying). 💰 외국인/기관 수급 집중. 🚀 단기 모멘텀 가속. ⚠️ 단기 급등 조정 주의.,0,0,,,78.6,78.4,78.7,🔥 과열,1.자동차·모빌리티(+31.5%) / 2.조선·기계·설비(+26.4%) / 3.반도체(+18.9%) / 4.IT/전기전자(+15.1%) / 5.인프라·에너지(+12.3%),4,260,20260119,20260119,26.29,10.15,2.02,-8.13
090710,휴림로봇,KOSDAQ,특수 목적용 기계 제조업,특수 목적용 기계 제조업,조선·기계·설비,16650,7779.09,0.0,OVERHEAT,False,False,False,8840,6640,13230,14553.000000000002,39.3,72.4,31.0,3.0,3.0,52.8,96.5,0.0,,,OVERHEAT,⑤ 하락 / 약세,197.32,445.9,191.03,167.81,426.79,0,0.99,1.0,0.0,0.0,1.0,1.0,0.36,90.8,95.3,97.78,126.85,0,0,29.98,100.36,101.33,177.96,47.17,1,0,2.74,1.0,1,1,11133.0,11936,39.48,0.8359,1.66,3.23,False,O,▲,11323,▲,O,X,17.209594594594595,32.596756756756754,2.0,0,82.0,100.0,-0.34165834165834164,88.34841628959276,💪 매수세 장악(Power Buying). 💰 외국인/기관 수급 집중. 🚀 단기 모멘텀 가속. ⚠️ 단기 급등 조정 주의.,0,0,,,78.6,78.4,78.7,🔥 과열,1.자동차·모빌리티(+31.5%) / 2.조선·기계·설비(+26.4%) / 3.반도체(+18.9%) / 4.IT/전기전자(+15.1%) / 5.인프라·에너지(+12.3%),5,261,20260119,20260119,26.29,10.15,177.96,167.81
122870,와이지엔터테인먼트,KOSDAQ,오디오물 출판 및 원판 녹음업,오디오물 출판 및 원판 녹음업,미디어·콘텐츠,71100,187.83,0.0,NEUTRAL,False,False,False,71100,65000,83200,91520.00000000001,39.2,71.4,31.2,33.7,33.7,56.3,25.399999618530273,0.0,,,NEUTRAL,④ 바닥 반등 시도,9.89,-19.02,3.6,-32.61,-38.13,0,0.99,0.85,0.53,1.0,0.12,0.15,0.39,63.5,63.0,6.63,14.49,0,0,3.34,4.25,9.22,-22.46,-0.64,1,1,1.05,0.87,1,1,62585.0,68988,3.06,0.0171,0.85,-0.04,False,X,▼,68716,▲,O,X,9.184285714285716,-1.5899999999999994,9.0,3,59.9,11.8,1.9836065573770492,0.0,📉 매도세 우위. 💸 자금 유입 지속. 📈 상승 모멘텀 개선. ⚠️ 단기 급등 조정 주의.,0,0,,,78.6,78.4,78.7,🔥 과열,1.자동차·모빌리티(+31.5%) / 2.조선·기계·설비(+26.4%) / 3.반도체(+18.9%) / 4.IT/전기전자(+15.1%) / 5.인프라·에너지(+12.3%),4,262,20260119,20260119,26.29,10.15,-22.46,-32.61
007860,서연,KOSPI,기타 금융업,기타 금융업,금융,11000,67.57,0.0,ATTACK,True,True,False,11000,10100,12800,14080.000000000002,39.2,60.5,33.9,21.1,21.1,54.9,63.79999923706055,0.0,,,ATTACK,④ 바닥 반등 시도,12.13,-0.54,-8.78,-11.71,-55.26,1,1.0,0.82,0.6,1.0,0.59,0.05,0.35,74.1,87.1,12.35,17.75,0,0,3.09,16.16,16.4,14.58,-3.62,0,1,2.04,0.66,1,1,9429.0,10863,1.26,0.3511,2.74,0.16,False,O,▲,10042,▲,O,X,4.08,-12.326176470588237,14.0,2,32.9,58.9,2.0,0.0,📉 매도세 우위. 💰 외국인/기관 수급 집중. 🚀 단기 모멘텀 가속. ⚠️ 단기 급등 조정 주의.,0,0,,,78.6,78.4,78.7,🔥 과열,1.자동차·모빌리티(+31.5%) / 2.조선·기계·설비(+26.4%) / 3.반도체(+18.9%) / 4.IT/전기전자(+15.1%) / 5.인프라·에너지(+12.3%),4,263,20260119,20260119,26.29,10.15,14.58,-11.71
389140,포바이포,KOSDAQ,"영화, 비디오물, 방송프로그램 제작 및 배급업","영화, 비디오물, 방송프로그램 제작 및 배급업",미디어·콘텐츠,8050,322.99,0.0,NEUTRAL,False,False,False,8050,7120,9910,10901.0,39.1,0.0,48.9,36.8,36.8,50.6,77.0999984741211,0.0,,,NEUTRAL,④ 바닥 반등 시도,3.34,-49.12,-2.95,-33.92,-68.23,0,1.0,1.0,0.12,1.0,0.79,0.26,0.53,57.1,83.2,11.07,35.6,0,0,-7.15,19.79,17.69,-23.77,-2.15,0,0,1.08,0.55,1,1,6997.0,8178,-1.57,0.7308,7.7,0.29,False,X,▼,6947,▲,O,X,9.184285714285716,-1.5899999999999994,9.0,3,12.2,78.8,2.0,0.0,📉 매도세 우위. 💰 외국인/기관 수급 집중. 🚀 단기 모멘텀 가속. ⚠️ 단기 급등 조정 주의.,0,0,,,78.6,78.4,78.7,🔥 과열,1.자동차·모빌리티(+31.5%) / 2.조선·기계·설비(+26.4%) / 3.반도체(+18.9%) / 4.IT/전기전자(+15.1%) / 5.인프라·에너지(+12.3%),4,264,20260119,20260119,26.29,10.15,-23.77,-33.92
474650,링크솔루션,KOSDAQ,특수 목적용 기계 제조업,특수 목적용 기계 제조업,조선·기계·설비,66500,270.44,0.0,ARMED,True,False,False,66500,51100,97200,106920.00000000001,38.9,11.6,45.7,27.6,27.6,46.4,88.0,0.0,,,ARMED,② 상승 후 조정,26.67,186.64,20.38,141.27,167.53,0,0.99,1.0,0.0,1.0,0.4,0.22,0.28,54.8,73.1,8.15,45.19,0,0,3.58,-5.81,39.71,151.42,-4.0,0,0,2.44,0.66,1,1,47395.0,69712,-4.61,-0.284,0.47,-0.58,False,O,▲,69063,▲,X,X,17.209594594594595,32.596756756756754,2.0,2,20.9,40.0,1.9935064935064934,0.0,📉 매도세 우위. 💰 외국인/기관 수급 집중. ⚠️ 단기 급등 조정 주의.,0,0,,,78.6,78.4,78.7,🔥 과열,1.자동차·모빌리티(+31.5%) / 2.조선·기계·설비(+26.4%) / 3.반도체(+18.9%) / 4.IT/전기전자(+15.1%) / 5.인프라·에너지(+12.3%),2,265,20260119,20260119,26.29,10.15,151.42,141.27
066590,우수AMS,KOSDAQ,자동차 신품 부품 제조업,자동차 신품 부품 제조업,자동차·모빌리티,3760,461.51,0.0,OVERHEAT,False,False,False,2890,2355,3955,4350.5,38.9,73.1,30.3,3.0,3.0,39.1,94.0,0.0,,,OVERHEAT,⑤ 하락 / 약세,51.31,16.95,45.02,17.96,-2.16,0,0.99,1.0,0.0,0.0,1.0,0.37,0.4,82.4,91.6,36.63,70.85,0,0,7.43,34.05,47.45,28.11,1.08,1,0,2.78,0.77,1,1,2804.5,3609,4.17,0.5345,5.24,0.01,False,O,▲,3459,▲,O,X,26.005714285714284,35.19914285714286,1.0,0,47.7,100.0,0.1387900355871886,30.103806228373703,📉 매도세 우위. 💰 외국인/기관 수급 집중. 🚀 단기 모멘텀 가속. ⚠️ 단기 급등 조정 주의.,0,0,,,78.6,78.4,78.7,🔥 과열,1.자동차·모빌리티(+31.5%) / 2.조선·기계·설비(+26.4%) / 3.반도체(+18.9%) / 4.IT/전기전자(+15.1%) / 5.인프라·에너지(+12.3%),5,266,20260119,20260119,26.29,10.15,28.11,17.96
251270,넷마블,KOSPI,소프트웨어 개발 및 공급업,소프트웨어 개발 및 공급업,인터넷/플랫폼·게임,48900,88.94,0.0,NEUTRAL,False,False,False,48900,46650,53400,58740.00000000001,38.8,54.6,34.8,34.4,34.4,52.6,35.79999923706055,0.0,,⚡눌림회복,NEUTRAL,⑤ 하락 / 약세,-0.71,-22.75,-21.62,-39.89,-77.47,1,1.0,0.46,0.99,1.0,0.0,0.07,0.42,53.2,59.5,-0.77,6.78,0,1,-2.4,-0.41,-0.61,-13.6,0.0,1,1,0.88,0.3,0,-1,51270.0,50239,-2.67,-0.0212,1.18,-0.03,True,X,▼,50237,▲,X,X,1.2175,-17.385,16.0,3,31.5,0.0,2.0,0.0,🔇 변동성 축소 (BW 6.8%). 🧱 구조적 지지선(Swing Low) 근접. 📉 매도세 우위. ✅ 20일선 눌림목 구간.,0,0,,,78.6,78.4,78.7,🔥 과열,1.자동차·모빌리티(+31.5%) / 2.조선·기계·설비(+26.4%) / 3.반도체(+18.9%) / 4.IT/전기전자(+15.1%) / 5.인프라·에너지(+12.3%),5,267,20260119,20260119,26.29,10.15,-13.6,-39.89
207940,삼성바이오로직스,KOSPI,기초 의약물질 제조업,기초 의약물질 제조업,바이오·의약품,1921000,863.34,0.0,OVERHEAT,False,False,False,1921000,1811000,2140000,2354000.0,38.5,44.6,37.0,23.2,23.2,45.5,69.0999984741211,0.0,,,OVERHEAT,⑤ 하락 / 약세,9.77,25.26,-11.14,-15.02,-29.46,0,0.99,0.57,0.97,1.0,0.13,0.69,0.4,77.6,79.2,7.1,22.87,0,0,-1.34,3.34,12.14,11.27,2.33,0,0,0.78,0.79,1,1,1767400.0,1932297,-0.58,-0.0225,0.7,0.6,False,O,▲,1963423,▲,X,X,2.2862500000000003,-7.796250000000001,13.0,2,32.4,12.9,1.990909090909091,0.0,📉 매도세 우위. 💰 외국인/기관 수급 집중. ⚠️ 단기 급등 조정 주의.,0,0,,,78.6,78.4,78.7,🔥 과열,1.자동차·모빌리티(+31.5%) / 2.조선·기계·설비(+26.4%) / 3.반도체(+18.9%) / 4.IT/전기전자(+15.1%) / 5.인프라·에너지(+12.3%),5,268,20260119,20260119,26.29,10.15,11.27,-15.02
457190,이수스페셜티케미컬,KOSPI,기초 화학물질 제조업,기초 화학물질 제조업,화학·소재,78200,2310.34,0.0,OVERHEAT,False,False,False,62400,54400,78500,86350.0,38.4,100.0,23.0,3.0,3.0,33.7,69.80000305175781,0.0,,,OVERHEAT,⑤ 하락 / 약세,33.68,74.55,12.77,9.24,19.83,0,1.0,1.0,0.05,0.0,0.61,1.0,0.6,73.1,80.1,31.52,33.69,0,0,29.9,31.21,25.93,35.53,8.03,1,0,1.92,1.0,1,1,55860.0,68834,13.61,0.2834,6.21,3.54,False,O,▲,62970,▲,O,X,7.139749999999999,-5.23775,11.0,0,53.8,61.0,0.012605042016806723,25.320512820512818,💪 매수세 장악(Power Buying). 💰 외국인/기관 수급 집중. 🚀 단기 모멘텀 가속. ⚠️ 단기 급등 조정 주의.,0,0,,,78.6,78.4,78.7,🔥 과열,1.자동차·모빌리티(+31.5%) / 2.조선·기계·설비(+26.4%) / 3.반도체(+18.9%) / 4.IT/전기전자(+15.1%) / 5.인프라·에너지(+12.3%),5,269,20260119,20260119,26.29,10.15,35.53,9.24
432470,케이엔에스,KOSDAQ,특수 목적용 기계 제조업,특수 목적용 기계 제조업,조선·기계·설비,14350,498.99,0.0,OVERHEAT,False,False,False,10340,8790,13440,14784.000000000002,38.4,97.0,23.7,3.0,3.0,39.2,71.9000015258789,0.0,,,OVERHEAT,⑤ 하락 / 약세,44.66,32.01,38.37,11.05,12.9,0,1.0,1.0,0.01,0.0,1.0,0.4,0.59,83.5,98.0,45.67,54.48,0,0,21.1,62.15,48.7,21.2,-9.52,1,0,3.74,0.85,1,1,9894.0,12042,19.16,0.9721,6.89,2.32,False,O,▲,10470,▲,O,X,17.209594594594595,32.596756756756754,2.0,0,48.0,100.0,-0.16366906474820145,38.78143133462282,💪 매수세 장악(Power Buying). 💰 외국인/기관 수급 집중. 🚀 단기 모멘텀 가속. ⚠️ 단기 급등 조정 주의.,0,0,,,78.6,78.4,78.7,🔥 과열,1.자동차·모빌리티(+31.5%) / 2.조선·기계·설비(+26.4%) / 3.반도체(+18.9%) / 4.IT/전기전자(+15.1%) / 5.인프라·에너지(+12.3%),5,270,20260119,20260119,26.29,10.15,21.2,11.05
088980,맥쿼리인프라,KOSPI,신탁업 및 집합투자업,신탁업 및 집합투자업,기타,11370,211.35,0.0,NEUTRAL,False,False,False,11370,11160,11790,12969.000000000002,38.3,87.4,26.0,20.2,20.2,36.9,39.5,0.0,,,NEUTRAL,④ 바닥 반등 시도,-2.4,-0.35,-23.31,-26.11,-55.07,0,1.0,0.18,0.61,1.0,0.16,0.17,0.67,43.8,42.4,0.7,6.81,0,1,0.89,2.62,1.88,0.18,-0.36,0,0,0.98,0.51,1,1,11088.0,11193,1.58,0.117,1.15,3.18,True,X,▼,11108,▲,O,X,7.377666666666667,14.425583333333332,7.0,2,9.4,15.8,2.0,0.0,🔇 변동성 축소 (BW 6.8%). 🧱 구조적 지지선(Swing Low) 근접. 💪 매수세 장악(Power Buying). 🚀 단기 모멘텀 가속. ✅ 20일선 눌림목 구간.,0,0,,,78.6,78.4,78.7,🔥 과열,1.자동차·모빌리티(+31.5%) / 2.조선·기계·설비(+26.4%) / 3.반도체(+18.9%) / 4.IT/전기전자(+15.1%) / 5.인프라·에너지(+12.3%),4,271,20260119,20260119,26.29,10.15,0.18,-26.11
452260,한화갤러리아,KOSPI,종합 소매업,종합 소매업,유통·소비재,2210,1197.26,0.0,OVERHEAT,False,False,False,1578,1206,2325,2557.5,38.2,68.8,30.5,3.0,3.0,29.6,94.80000305175781,0.0,,,OVERHEAT,⑤ 하락 / 약세,53.15,79.82,32.24,74.99,25.1,0,1.0,1.0,0.0,0.0,1.0,0.96,0.22,83.1,80.6,47.03,84.25,0,0,-1.12,78.23,68.96,101.28,-5.67,0,0,1.57,0.7,1,1,1827.5,2082,6.12,1.4552,1.38,1.07,False,O,▲,1737,▲,O,X,8.767222222222223,-11.258888888888889,12.0,0,24.0,100.0,0.1145418326693227,40.050697084917616,💰 외국인/기관 수급 집중. 🚀 단기 모멘텀 가속. ⚠️ 단기 급등 조정 주의.,0,0,,,78.6,78.4,78.7,🔥 과열,1.자동차·모빌리티(+31.5%) / 2.조선·기계·설비(+26.4%) / 3.반도체(+18.9%) / 4.IT/전기전자(+15.1%) / 5.인프라·에너지(+12.3%),5,272,20260119,20260119,26.29,10.15,101.28,74.99
348370,엔켐,KOSDAQ,기초 화학물질 제조업,기초 화학물질 제조업,화학·소재,62900,161.16,0.0,WAIT,False,False,True,62900,59600,69400,76340.0,38.1,36.3,38.6,31.5,31.5,38.7,55.20000076293945,0.0,,,WAIT,⑤ 하락 / 약세,-3.38,1.62,-9.67,-40.42,-17.49,3,0.98,0.52,1.0,1.0,0.0,0.13,0.45,39.9,33.5,-2.04,13.63,1,0,0.0,0.0,-1.26,-30.27,2.35,1,0,1.06,0.18,0,1,61740.0,63815,-1.43,-0.0299,1.34,0.96,True,X,▼,63471,▼,X,X,7.139749999999999,-5.23775,11.0,3,21.8,0.0,1.9696969696969697,0.0,🌪️ 에너지 응축 시작 (3일차). 🧱 구조적 지지선(Swing Low) 근접. ,0,0,,,78.6,78.4,78.7,🔥 과열,1.자동차·모빌리티(+31.5%) / 2.조선·기계·설비(+26.4%) / 3.반도체(+18.9%) / 4.IT/전기전자(+15.1%) / 5.인프라·에너지(+12.3%),5,273,20260119,20260119,26.29,10.15,-30.27,-40.42
034230,파라다이스,KOSPI,유원지 및 기타 오락관련 서비스업,유원지 및 기타 오락관련 서비스업,서비스 기타,16880,76.73,0.0,NEUTRAL,False,False,False,16880,15820,19000,20900.0,38.0,53.9,34.0,22.7,22.7,43.4,60.29999923706055,0.0,,,NEUTRAL,④ 바닥 반등 시도,3.81,-13.44,-17.1,-38.42,-68.16,0,1.0,0.63,0.92,1.0,0.1,0.06,0.48,59.7,57.8,2.16,10.04,0,0,0.6,1.14,2.68,-12.13,-3.46,0,0,0.98,0.78,1,-1,17149.0,16917,-0.22,0.0587,0.86,-0.13,False,X,▼,16812,▲,O,X,7.455217391304347,-5.216956521739131,10.0,2,28.6,9.8,2.0,0.0,📉 매도세 우위. 🚀 단기 모멘텀 가속. ,0,0,,,78.6,78.4,78.7,🔥 과열,1.자동차·모빌리티(+31.5%) / 2.조선·기계·설비(+26.4%) / 3.반도체(+18.9%) / 4.IT/전기전자(+15.1%) / 5.인프라·에너지(+12.3%),4,274,20260119,20260119,26.29,10.15,-12.13,-38.42
388720,유일로보틱스,KOSDAQ,특수 목적용 기계 제조업,특수 목적용 기계 제조업,조선·기계·설비,97900,863.35,0.0,OVERHEAT,False,False,False,88900,79400,107800,118580.00000000001,37.9,99.0,22.6,3.0,3.0,27.8,68.5,0.0,,,OVERHEAT,⑤ 하락 / 약세,11.5,34.11,5.21,13.15,15.0,0,0.99,1.0,0.2,0.0,0.8,0.69,0.52,73.5,80.1,15.67,21.42,0,0,9.88,23.61,20.12,23.3,-1.75,0,0,1.44,0.8,1,1,80890.0,92400,5.95,0.4981,3.95,1.5,False,O,▲,86273,▲,O,X,17.209594594594595,32.596756756756754,2.0,0,29.3,80.3,0.5351351351351351,10.123734533183352,💪 매수세 장악(Power Buying). 💰 외국인/기관 수급 집중. 🚀 단기 모멘텀 가속. ⚠️ 단기 급등 조정 주의.,0,0,,,78.6,78.4,78.7,🔥 과열,1.자동차·모빌리티(+31.5%) / 2.조선·기계·설비(+26.4%) / 3.반도체(+18.9%) / 4.IT/전기전자(+15.1%) / 5.인프라·에너지(+12.3%),5,275,20260119,20260119,26.29,10.15,23.3,13.15
097230,HJ중공업,KOSPI,토목 건설업,토목 건설업,건설·부동산,26200,436.08,0.0,WAIT,False,False,True,26200,23300,32000,35200.0,37.8,0.0,47.2,46.8,46.8,47.3,48.29999923706055,0.0,,,WAIT,⑤ 하락 / 약세,21.86,221.47,0.95,-31.19,166.75,0,1.0,1.0,0.16,1.0,0.27,0.35,0.21,70.1,77.3,11.21,37.03,0,0,-2.24,1.16,25.36,-4.9,2.21,0,0,1.73,0.74,1,1,21975.0,26384,-0.7,-0.0899,0.95,0.21,False,O,▼,27030,▲,X,X,9.18,-0.8666666666666668,8.0,4,29.8,26.9,2.0,0.0,📉 매도세 우위. 💰 외국인/기관 수급 집중. ⚠️ 단기 급등 조정 주의.,0,0,,,78.6,78.4,78.7,🔥 과열,1.자동차·모빌리티(+31.5%) / 2.조선·기계·설비(+26.4%) / 3.반도체(+18.9%) / 4.IT/전기전자(+15.1%) / 5.인프라·에너지(+12.3%),5,276,20260119,20260119,26.29,10.15,-4.9,-31.19
420770,기가비스,KOSDAQ,특수 목적용 기계 제조업,특수 목적용 기계 제조업,조선·기계·설비,51700,219.74,0.0,OVERHEAT,False,False,False,36650,32300,45350,49885.00000000001,37.8,93.1,24.0,3.0,3.0,42.1,72.9000015258789,0.0,,,OVERHEAT,⑤ 하락 / 약세,67.31,104.75,61.02,42.58,85.64,0,1.0,1.0,0.09,0.0,1.0,0.18,0.6,98.6,97.9,48.07,70.7,0,0,12.39,52.96,59.81,52.73,5.7,1,0,4.79,0.91,1,1,40860.0,43647,18.45,0.5737,4.12,3.74,False,O,▲,43075,▲,O,X,17.209594594594595,32.596756756756754,2.0,0,55.4,100.0,-0.327319587628866,41.06412005457026,💪 매수세 장악(Power Buying). 💰 외국인/기관 수급 집중. 🚀 단기 모멘텀 가속. ⚠️ 단기 급등 조정 주의.,0,0,,,78.6,78.4,78.7,🔥 과열,1.자동차·모빌리티(+31.5%) / 2.조선·기계·설비(+26.4%) / 3.반도체(+18.9%) / 4.IT/전기전자(+15.1%) / 5.인프라·에너지(+12.3%),5,277,20260119,20260119,26.29,10.15,52.73,42.58
314130,지놈앤컴퍼니,KOSDAQ,기초 의약물질 제조업,기초 의약물질 제조업,기타,7970,167.57,0.0,ATTACK,True,True,False,7100,5590,10120,11132.0,37.6,70.0,29.5,3.0,3.0,25.5,91.30000305175781,0.0,,,ATTACK,① 강한 상승 추세,47.32,159.61,41.03,183.95,140.5,0,1.0,1.0,0.0,0.0,0.43,0.13,0.27,63.3,62.1,17.8,34.19,0,0,13.86,18.78,10.39,194.1,8.49,0,0,2.34,0.89,1,1,5371.5,6939,14.86,0.2717,1.68,1.21,False,O,▲,6677,▲,O,X,7.377666666666667,14.425583333333332,7.0,0,42.1,43.2,0.9033613445378151,12.253521126760564,💸 자금 유입 지속. 🚀 단기 모멘텀 가속. ⚠️ 단기 급등 조정 주의.,0,0,,,78.6,78.4,78.7,🔥 과열,1.자동차·모빌리티(+31.5%) / 2.조선·기계·설비(+26.4%) / 3.반도체(+18.9%) / 4.IT/전기전자(+15.1%) / 5.인프라·에너지(+12.3%),1,278,20260119,20260119,26.29,10.15,194.1,183.95
365340,성일하이텍,KOSDAQ,기초 화학물질 제조업,기초 화학물질 제조업,화학·소재,50800,170.17,0.0,ATTACK,True,True,False,44700,40300,53400,58740.00000000001,37.4,100.0,21.8,8.0,8.0,38.9,54.0,0.0,,🚀급등시동,ATTACK,⑤ 하락 / 약세,21.68,31.78,15.39,9.24,12.67,0,0.99,0.97,0.31,0.0,0.47,0.14,0.6,69.3,74.3,19.35,22.24,0,0,16.92,16.25,20.67,19.39,1.52,1,0,1.74,0.92,1,1,40660.0,47156,7.73,0.2094,6.49,2.86,False,O,▲,44496,▲,O,X,7.139749999999999,-5.23775,11.0,0,48.8,46.7,0.24761904761904763,13.646532438478747,💪 매수세 장악(Power Buying). 💰 외국인/기관 수급 집중. 🚀 단기 모멘텀 가속. ⚠️ 단기 급등 조정 주의.,0,0,,,78.6,78.4,78.7,🔥 과열,1.자동차·모빌리티(+31.5%) / 2.조선·기계·설비(+26.4%) / 3.반도체(+18.9%) / 4.IT/전기전자(+15.1%) / 5.인프라·에너지(+12.3%),5,279,20260119,20260119,26.29,10.15,19.39,9.24
140670,알에스오토메이션,KOSDAQ,전자부품 제조업,전자부품 제조업,IT/전기전자,21850,478.54,0.0,OVERHEAT,False,False,False,18420,14510,26250,28875.000000000004,37.3,79.6,26.7,3.0,3.0,36.6,82.0,0.0,,,OVERHEAT,① 강한 상승 추세,58.33,54.56,52.04,55.13,35.45,0,1.0,1.0,0.0,0.0,0.77,0.38,0.25,65.6,74.3,24.53,44.93,0,0,9.47,23.8,32.02,65.28,15.75,0,0,2.79,0.84,1,1,15968.0,20424,6.98,0.3609,1.69,1.05,False,O,▲,19910,▲,O,X,9.837341772151898,18.689113924050634,4.0,0,53.2,76.6,0.5994550408719346,18.621064060803473,💰 외국인/기관 수급 집중. 🚀 단기 모멘텀 가속. ⚠️ 단기 급등 조정 주의.,0,0,,,78.6,78.4,78.7,🔥 과열,1.자동차·모빌리티(+31.5%) / 2.조선·기계·설비(+26.4%) / 3.반도체(+18.9%) / 4.IT/전기전자(+15.1%) / 5.인프라·에너지(+12.3%),1,280,20260119,20260119,26.29,10.15,65.28,55.13
066310,큐에스아이,KOSDAQ,반도체 제조업,반도체 제조업,반도체,8440,251.43,0.0,OVERHEAT,False,False,False,8440,7800,9720,10692.0,37.1,90.0,23.9,3.0,3.0,54.4,72.80000305175781,0.0,,,OVERHEAT,③ 박스 / 중립,17.22,6.3,10.93,1.2,-12.81,0,1.0,0.76,0.72,1.0,0.13,0.2,0.58,85.6,94.9,11.97,15.68,0,0,11.35,10.47,10.04,11.35,4.96,1,1,4.76,0.61,1,1,7424.0,8477,-0.44,0.0232,15.33,1.25,False,O,▲,7812,▲,O,X,8.782,25.696666666666665,3.0,0,54.2,13.4,2.0,0.0,💰 외국인/기관 수급 집중. 🚀 단기 모멘텀 가속. ⚠️ 단기 급등 조정 주의.,0,0,,,78.6,78.4,78.7,🔥 과열,1.자동차·모빌리티(+31.5%) / 2.조선·기계·설비(+26.4%) / 3.반도체(+18.9%) / 4.IT/전기전자(+15.1%) / 5.인프라·에너지(+12.3%),3,281,20260119,20260119,26.29,10.15,11.35,1.2
049630,재영솔루텍,KOSDAQ,사진장비 및 광학기기 제조업,사진장비 및 광학기기 제조업,기타,6940,997.44,0.0,OVERHEAT,False,False,False,4730,3750,6700,7370.000000000001,37.0,88.2,24.2,3.0,3.0,51.9,73.5999984741211,0.0,,,OVERHEAT,⑤ 하락 / 약세,141.81,789.74,135.52,650.81,770.63,0,1.0,1.0,0.0,0.0,0.94,0.8,0.29,84.1,74.8,54.04,93.26,0,0,18.23,51.86,42.95,660.96,63.26,1,0,1.29,0.99,1,1,4934.0,5570,24.6,0.4581,0.95,3.05,False,O,▲,5497,▲,O,X,7.377666666666667,14.425583333333332,7.0,0,82.7,94.2,-0.07523510971786834,46.723044397463006,💪 매수세 장악(Power Buying). 💰 외국인/기관 수급 집중. 🚀 단기 모멘텀 가속. ⚠️ 단기 급등 조정 주의.,0,0,,,78.6,78.4,78.7,🔥 과열,1.자동차·모빌리티(+31.5%) / 2.조선·기계·설비(+26.4%) / 3.반도체(+18.9%) / 4.IT/전기전자(+15.1%) / 5.인프라·에너지(+12.3%),5,282,20260119,20260119,26.29,10.15,660.96,650.81
012170,아센디오,KOSPI,"영화, 비디오물, 방송프로그램 제작 및 배급업","영화, 비디오물, 방송프로그램 제작 및 배급업",미디어·콘텐츠,1956,65.02,0.0,OVERHEAT,False,False,False,1956,1714,2440,2684.0,36.9,16.8,41.9,20.5,20.5,46.9,91.69999694824219,0.0,,,OVERHEAT,④ 바닥 반등 시도,12.8,-35.12,-8.11,-29.94,-89.84,0,1.0,1.0,0.07,1.0,0.76,0.05,0.45,60.3,68.1,13.12,38.92,0,0,-16.77,22.17,14.86,-3.65,-5.57,0,0,2.29,0.41,1,1,1791.9,2137,-8.49,0.9026,5.71,-0.51,False,O,▼,1789,▲,O,X,9.184285714285716,-1.5899999999999994,9.0,2,4.3,75.8,2.0,0.0,📉 매도세 우위. 💸 자금 유입 지속. 🚀 단기 모멘텀 가속. ⚠️ 단기 급등 조정 주의.,0,0,,,78.6,78.4,78.7,🔥 과열,1.자동차·모빌리티(+31.5%) / 2.조선·기계·설비(+26.4%) / 3.반도체(+18.9%) / 4.IT/전기전자(+15.1%) / 5.인프라·에너지(+12.3%),4,283,20260119,20260119,26.29,10.15,-3.65,-29.94
005380,현대차,KOSPI,자동차용 엔진 및 자동차 제조업,자동차용 엔진 및 자동차 제조업,자동차·모빌리티,480000,27686.43,0.0,OVERHEAT,False,False,False,356000,313500,440000,484000.00000000006,36.8,93.0,22.8,3.0,3.0,34.9,69.0,0.0,,,OVERHEAT,⑤ 하락 / 약세,67.83,132.45,46.92,57.62,77.73,0,0.99,1.0,0.09,0.0,0.59,1.0,0.44,91.8,93.5,41.6,70.37,0,0,16.22,30.79,57.64,83.91,9.16,1,0,1.62,0.97,1,1,353800.0,424302,13.13,0.1645,2.44,2.55,False,O,▲,430223,▲,O,X,26.005714285714284,35.19914285714286,1.0,0,57.5,59.5,-0.24024024024024024,34.831460674157306,💪 매수세 장악(Power Buying). 💰 외국인/기관 수급 집중. 🚀 단기 모멘텀 가속. ⚠️ 단기 급등 조정 주의.,0,0,,,78.6,78.4,78.7,🔥 과열,1.자동차·모빌리티(+31.5%) / 2.조선·기계·설비(+26.4%) / 3.반도체(+18.9%) / 4.IT/전기전자(+15.1%) / 5.인프라·에너지(+12.3%),5,284,20260119,20260119,26.29,10.15,83.91,57.62
438700,버넥트,KOSDAQ,소프트웨어 개발 및 공급업,소프트웨어 개발 및 공급업,IT/전기전자,4650,66.79,0.0,OVERHEAT,False,False,False,3675,3105,4815,5296.5,36.8,63.8,30.0,3.0,3.0,37.8,93.0999984741211,0.0,,,OVERHEAT,⑤ 하락 / 약세,46.69,0.54,40.4,7.87,-18.57,0,1.0,1.0,0.0,0.0,1.0,0.05,0.38,75.5,87.3,32.89,61.61,0,0,4.26,38.39,37.37,18.02,0.48,1,0,2.67,0.73,1,1,3622.5,4593,1.23,0.8668,2.29,1.97,False,O,▲,4118,▲,O,X,9.837341772151898,18.689113924050634,4.0,0,44.7,99.6,0.10679611650485436,26.53061224489796,💪 매수세 장악(Power Buying). 💰 외국인/기관 수급 집중. 🚀 단기 모멘텀 가속. ⚠️ 단기 급등 조정 주의.,0,0,,,78.6,78.4,78.7,🔥 과열,1.자동차·모빌리티(+31.5%) / 2.조선·기계·설비(+26.4%) / 3.반도체(+18.9%) / 4.IT/전기전자(+15.1%) / 5.인프라·에너지(+12.3%),5,285,20260119,20260119,26.29,10.15,18.02,7.87
45226K,한화갤러리아우,KOSPI,기타,기타,기타,13610,461.23,0.0,OVERHEAT,False,False,False,7130,3450,14490,15939.000000000002,36.7,92.2,22.8,3.0,3.0,29.6,69.0,0.0,,,OVERHEAT,⑤ 하락 / 약세,400.37,493.03,379.46,481.3,438.31,0,1.0,1.0,0.0,0.0,1.0,0.37,0.44,70.3,80.6,100.5,138.32,0,0,29.99,177.19,130.29,507.59,0.0,0,0,2.96,1.0,1,1,7269.5,9843,38.26,1.537,2.6,2.33,False,O,▲,7258,▲,O,X,7.377666666666667,14.425583333333332,7.0,0,24.0,100.0,0.08661417322834646,90.8835904628331,💪 매수세 장악(Power Buying). 💰 외국인/기관 수급 집중. 🚀 단기 모멘텀 가속. ⚠️ 단기 급등 조정 주의.,0,0,,,78.6,78.4,78.7,🔥 과열,1.자동차·모빌리티(+31.5%) / 2.조선·기계·설비(+26.4%) / 3.반도체(+18.9%) / 4.IT/전기전자(+15.1%) / 5.인프라·에너지(+12.3%),5,286,20260119,20260119,26.29,10.15,507.59,481.3
023160,태광,KOSDAQ,1차 철강 제조업,1차 철강 제조업,철강·금속,26950,58.43,0.0,ARMED,True,False,False,26950,24250,32350,35585.0,36.6,0.0,45.8,32.1,32.1,56.1,77.9000015258789,0.0,,,ARMED,④ 바닥 반등 시도,14.68,34.41,8.39,-8.45,15.3,0,1.0,1.0,0.28,1.0,0.29,0.05,0.14,74.0,79.7,13.22,40.66,0,0,-1.46,3.26,23.34,1.7,2.65,1,0,2.2,0.78,1,1,23400.0,27627,-2.45,0.0399,0.62,0.35,False,O,▼,27322,▲,X,X,5.7846153846153845,16.182307692307692,6.0,3,50.5,29.5,2.0,0.0,📉 매도세 우위. 💰 외국인/기관 수급 집중. 🚀 단기 모멘텀 가속. ⚠️ 단기 급등 조정 주의.,0,0,,,78.6,78.4,78.7,🔥 과열,1.자동차·모빌리티(+31.5%) / 2.조선·기계·설비(+26.4%) / 3.반도체(+18.9%) / 4.IT/전기전자(+15.1%) / 5.인프라·에너지(+12.3%),4,287,20260119,20260119,26.29,10.15,1.7,-8.45
003160,디아이,KOSPI,"측정, 시험, 항해, 제어 및 기타 정밀기기 제조업; 광학기기 제외","측정, 시험, 항해, 제어 및 기타 정밀기기 제조업; 광학기기 제외",기타,29400,150.67,0.0,ARMED,True,False,False,29400,25400,37350,41085.0,36.6,0.0,45.7,29.0,29.0,66.6,84.5999984741211,0.0,,,ARMED,⑤ 하락 / 약세,45.91,112.43,25.0,-5.05,57.71,0,0.99,1.0,0.02,1.0,0.19,0.12,0.07,71.3,76.1,14.98,65.19,0,0,-3.76,2.08,17.84,21.24,24.68,1,0,2.23,0.76,1,1,23080.0,30271,-2.88,-0.3257,0.5,-0.05,False,O,▲,31874,▲,X,X,7.377666666666667,14.425583333333332,7.0,2,82.1,18.9,1.9875,0.0,📉 매도세 우위. 💰 외국인/기관 수급 집중. ⚠️ 단기 급등 조정 주의.,0,0,,,78.6,78.4,78.7,🔥 과열,1.자동차·모빌리티(+31.5%) / 2.조선·기계·설비(+26.4%) / 3.반도체(+18.9%) / 4.IT/전기전자(+15.1%) / 5.인프라·에너지(+12.3%),5,288,20260119,20260119,26.29,10.15,21.24,-5.05
103590,일진전기,KOSPI,절연선 및 케이블 제조업,절연선 및 케이블 제조업,기타,62500,238.02,0.0,ARMED,True,False,False,62500,57800,71900,79090.0,36.5,9.4,43.3,43.8,43.8,56.2,42.099998474121094,0.0,,,ARMED,② 상승 후 조정,12.61,62.55,-8.3,18.89,7.83,0,1.0,0.75,0.73,1.0,0.0,0.19,0.4,74.4,78.5,6.22,26.88,0,0,0.16,1.46,0.32,45.18,12.17,1,0,2.26,0.8,1,1,54750.0,62552,-0.08,-0.1227,0.81,-0.41,False,O,▲,63901,▼,X,X,7.377666666666667,14.425583333333332,7.0,4,65.2,0.3,2.0,0.0,📉 매도세 우위. 💰 외국인/기관 수급 집중. ⚠️ 단기 급등 조정 주의.,0,0,,,78.6,78.4,78.7,🔥 과열,1.자동차·모빌리티(+31.5%) / 2.조선·기계·설비(+26.4%) / 3.반도체(+18.9%) / 4.IT/전기전자(+15.1%) / 5.인프라·에너지(+12.3%),2,289,20260119,20260119,26.29,10.15,45.18,18.89
161890,한국콜마,KOSPI,기타 화학제품 제조업,기타 화학제품 제조업,화학·소재,64100,103.66,0.0,WAIT,False,False,True,64100,60700,70800,77880.0,36.5,40.4,35.5,42.2,42.2,44.4,19.899999618530273,0.0,,,WAIT,④ 바닥 반등 시도,0.0,-33.78,-20.91,-43.04,-88.5,0,0.98,0.52,1.0,1.0,0.0,0.08,0.49,65.0,60.1,1.26,7.06,0,1,0.31,0.31,-1.38,-16.75,1.82,1,0,1.35,0.59,1,-1,65900.0,64065,0.05,0.0016,1.12,-0.72,True,X,▼,64106,▲,X,X,7.139749999999999,-5.23775,11.0,4,35.9,0.2,1.9705882352941178,0.0,🔇 변동성 축소 (BW 7.1%). 🧱 구조적 지지선(Swing Low) 근접. 📉 매도세 우위. 💸 자금 유입 지속. ✅ 20일선 눌림목 구간.,0,0,,,78.6,78.4,78.7,🔥 과열,1.자동차·모빌리티(+31.5%) / 2.조선·기계·설비(+26.4%) / 3.반도체(+18.9%) / 4.IT/전기전자(+15.1%) / 5.인프라·에너지(+12.3%),4,290,20260119,20260119,26.29,10.15,-16.75,-43.04
005290,동진쎄미켐,KOSDAQ,기초 화학물질 제조업,기초 화학물질 제조업,화학·소재,39450,165.99,0.0,WAIT,False,False,True,39450,38250,41850,46035.00000000001,36.5,12.5,42.5,41.2,41.2,43.2,45.5,0.0,,,WAIT,⑤ 하락 / 약세,5.34,28.71,-0.95,-15.88,9.6,0,1.0,0.3,0.83,1.0,0.0,0.13,0.43,57.1,48.1,0.8,16.63,0,0,-1.62,-2.11,-3.07,-5.73,7.72,1,0,1.17,0.39,1,1,36850.0,40131,-1.7,-0.1369,0.69,-1.01,True,O,▲,40917,▼,X,X,7.139749999999999,-5.23775,11.0,4,33.0,0.0,2.0,0.0,🧱 구조적 지지선(Swing Low) 근접. 📉 매도세 우위. ✅ 20일선 눌림목 구간.,0,0,,,78.6,78.4,78.7,🔥 과열,1.자동차·모빌리티(+31.5%) / 2.조선·기계·설비(+26.4%) / 3.반도체(+18.9%) / 4.IT/전기전자(+15.1%) / 5.인프라·에너지(+12.3%),5,291,20260119,20260119,26.29,10.15,-5.73,-15.88
059120,아진엑스텍,KOSDAQ,반도체 제조업,반도체 제조업,반도체,16960,242.7,0.0,OVERHEAT,False,False,False,11480,9320,15790,17369.0,36.5,63.2,29.8,3.0,3.0,49.0,92.30000305175781,0.0,,,OVERHEAT,⑤ 하락 / 약세,98.83,162.54,92.54,97.44,143.43,0,0.99,1.0,0.0,0.0,1.0,0.19,0.27,84.4,87.6,55.14,96.65,0,0,6.94,58.8,68.25,107.59,17.15,1,0,3.37,0.9,1,1,12098.0,15473,9.6,0.9254,1.21,1.88,False,O,▲,14437,▲,O,X,8.782,25.696666666666665,3.0,0,72.6,100.0,-0.1531413612565445,47.73519163763066,💪 매수세 장악(Power Buying). 💰 외국인/기관 수급 집중. 🚀 단기 모멘텀 가속. ⚠️ 단기 급등 조정 주의.,0,0,,,78.6,78.4,78.7,🔥 과열,1.자동차·모빌리티(+31.5%) / 2.조선·기계·설비(+26.4%) / 3.반도체(+18.9%) / 4.IT/전기전자(+15.1%) / 5.인프라·에너지(+12.3%),5,292,20260119,20260119,26.29,10.15,107.59,97.44
117730,티로보틱스,KOSDAQ,특수 목적용 기계 제조업,특수 목적용 기계 제조업,조선·기계·설비,26500,1052.99,0.0,OVERHEAT,False,False,False,21100,17470,28400,31240.000000000004,36.4,85.0,24.3,3.0,3.0,32.6,74.0,0.0,,,OVERHEAT,⑤ 하락 / 약세,47.63,129.64,41.34,78.19,110.53,2,1.0,1.0,0.0,0.0,0.94,0.84,0.33,78.1,77.9,31.82,38.36,0,0,19.91,46.41,31.84,88.34,3.3,0,0,2.5,0.82,1,1,20001.0,23067,14.88,0.5912,2.96,0.54,False,O,▲,21076,▲,O,X,17.209594594594595,32.596756756756754,2.0,0,34.6,93.8,0.21040974529346623,25.59241706161137,📉 매도세 우위. 💰 외국인/기관 수급 집중. 🚀 단기 모멘텀 가속. ⚠️ 단기 급등 조정 주의.,0,0,,,78.6,78.4,78.7,🔥 과열,1.자동차·모빌리티(+31.5%) / 2.조선·기계·설비(+26.4%) / 3.반도체(+18.9%) / 4.IT/전기전자(+15.1%) / 5.인프라·에너지(+12.3%),5,293,20260119,20260119,26.29,10.15,88.34,78.19
101490,에스앤에스텍,KOSDAQ,전자부품 제조업,전자부품 제조업,IT/전기전자,68500,798.28,0.0,WAIT,False,False,True,56500,48250,73000,80300.0,36.4,90.9,22.8,3.0,3.0,30.0,69.0,0.0,,,WAIT,③ 박스 / 중립,47.47,44.82,41.18,0.33,25.71,0,1.0,1.0,0.01,0.0,0.28,0.64,0.28,71.0,74.9,27.32,50.87,0,0,15.71,16.1,26.85,10.48,10.3,1,0,1.95,0.94,1,1,52440.0,64405,6.36,-0.1145,2.41,0.57,False,O,▲,63372,▲,O,X,9.837341772151898,18.689113924050634,4.0,0,60.9,28.5,0.2222222222222222,21.238938053097346,📉 매도세 우위. 💰 외국인/기관 수급 집중. ⚠️ 단기 급등 조정 주의.,0,0,,,78.6,78.4,78.7,🔥 과열,1.자동차·모빌리티(+31.5%) / 2.조선·기계·설비(+26.4%) / 3.반도체(+18.9%) / 4.IT/전기전자(+15.1%) / 5.인프라·에너지(+12.3%),3,294,20260119,20260119,26.29,10.15,10.48,0.33
049070,인탑스,KOSDAQ,통신 및 방송 장비 제조업,통신 및 방송 장비 제조업,IT/전기전자,21850,286.21,0.0,ATTACK,True,True,False,19430,16710,24850,27335.000000000004,36.4,65.8,29.0,3.0,3.0,29.5,89.5999984741211,0.0,,,ATTACK,⑤ 하락 / 약세,41.61,32.99,35.32,23.9,13.88,0,0.99,1.0,0.02,0.0,0.12,0.23,0.2,71.0,77.1,18.09,49.91,0,0,9.47,8.98,6.59,34.05,14.06,1,0,1.35,0.9,1,1,17258.0,20943,4.33,0.0382,2.01,-0.09,False,O,▲,20636,▲,O,X,9.837341772151898,18.689113924050634,4.0,0,68.0,11.5,0.5836575875486382,12.454966546577458,📉 매도세 우위. 💰 외국인/기관 수급 집중. 🚀 단기 모멘텀 가속. ⚠️ 단기 급등 조정 주의.,0,0,,,78.6,78.4,78.7,🔥 과열,1.자동차·모빌리티(+31.5%) / 2.조선·기계·설비(+26.4%) / 3.반도체(+18.9%) / 4.IT/전기전자(+15.1%) / 5.인프라·에너지(+12.3%),5,295,20260119,20260119,26.29,10.15,34.05,23.9
084670,동양고속,KOSPI,육상 여객 운송업,육상 여객 운송업,기타,58100,124.51,0.0,NEUTRAL,False,False,False,58100,54000,66200,72820.0,36.2,0.0,45.3,30.3,30.3,42.9,80.30000305175781,0.0,,,NEUTRAL,⑤ 하락 / 약세,-56.51,575.58,-77.42,612.9,520.86,0,0.98,0.7,0.81,1.0,0.6,0.1,0.06,35.7,66.1,-20.21,97.86,0,0,0.52,-1.69,-15.8,639.19,0.0,0,0,0.5,0.34,0,-1,76200.0,66992,-13.27,0.6988,0.23,0.45,True,O,▲,56941,▲,O,X,7.377666666666667,14.425583333333332,7.0,3,2.2,60.0,1.975609756097561,0.0,🧱 구조적 지지선(Swing Low) 근접. 📉 매도세 우위. 💸 자금 유입 지속. 🚀 단기 모멘텀 가속. 📉 과매도 기술적 반등 기대.,0,0,,,78.6,78.4,78.7,🔥 과열,1.자동차·모빌리티(+31.5%) / 2.조선·기계·설비(+26.4%) / 3.반도체(+18.9%) / 4.IT/전기전자(+15.1%) / 5.인프라·에너지(+12.3%),5,296,20260119,20260119,26.29,10.15,639.19,612.9
156100,엘앤케이바이오,KOSDAQ,의료용 기기 제조업,의료용 기기 제조업,기타,12700,55.68,0.0,WAIT,False,False,True,12700,11850,14390,15829.000000000002,36.2,9.2,43.0,29.4,29.4,40.6,74.80000305175781,0.0,,,WAIT,② 상승 후 조정,-9.29,68.66,-15.58,22.83,49.55,0,0.99,0.67,0.87,1.0,0.0,0.04,0.23,54.3,48.5,-4.77,21.1,0,0,1.6,-6.41,-9.61,32.98,4.67,1,0,1.39,0.31,0,1,11569.0,12871,-1.34,-0.1519,1.12,-0.66,True,O,▲,13074,▼,X,X,7.377666666666667,14.425583333333332,7.0,2,26.5,0.0,1.988235294117647,0.0,🧱 구조적 지지선(Swing Low) 근접. 📉 매도세 우위. ,0,0,,,78.6,78.4,78.7,🔥 과열,1.자동차·모빌리티(+31.5%) / 2.조선·기계·설비(+26.4%) / 3.반도체(+18.9%) / 4.IT/전기전자(+15.1%) / 5.인프라·에너지(+12.3%),2,297,20260119,20260119,26.29,10.15,32.98,22.83
053700,삼보모터스,KOSDAQ,자동차 신품 부품 제조업,자동차 신품 부품 제조업,자동차·모빌리티,9230,790.48,0.0,OVERHEAT,False,False,False,6690,5190,9700,10670.0,36.2,57.0,31.0,3.0,3.0,39.0,96.4000015258789,0.0,,,OVERHEAT,② 상승 후 조정,131.62,108.35,125.33,114.97,89.24,0,1.0,1.0,0.0,0.0,0.19,0.63,0.34,79.5,88.2,44.78,113.31,0,0,11.61,30.92,18.18,125.12,69.94,1,0,9.68,0.87,1,1,6396.0,8424,9.56,-0.1604,1.81,2.0,False,O,▲,8700,▲,O,X,26.005714285714284,35.19914285714286,1.0,0,87.9,19.3,0.11633663366336634,37.96711509715994,💪 매수세 장악(Power Buying). 💰 외국인/기관 수급 집중. ⚠️ 단기 급등 조정 주의.,0,0,,,78.6,78.4,78.7,🔥 과열,1.자동차·모빌리티(+31.5%) / 2.조선·기계·설비(+26.4%) / 3.반도체(+18.9%) / 4.IT/전기전자(+15.1%) / 5.인프라·에너지(+12.3%),2,298,20260119,20260119,26.29,10.15,125.12,114.97
004590,한국가구,KOSDAQ,기타 상품 전문 소매업,기타 상품 전문 소매업,유통·소비재,5040,65.94,0.0,NEUTRAL,False,False,False,5040,4575,5970,6567.000000000001,36.0,0.0,45.0,36.1,36.1,46.3,65.9000015258789,0.0,,,NEUTRAL,④ 바닥 반등 시도,-0.2,-14.29,-6.49,-10.74,-33.4,0,1.0,0.92,0.41,1.0,0.55,0.05,0.8,54.0,44.8,2.66,18.15,0,0,-8.86,7.92,5.44,-0.59,-2.96,0,1,0.9,0.3,1,1,4846.0,5330,-5.44,0.4131,8.07,-0.39,False,O,▼,5047,▲,X,X,8.767222222222223,-11.258888888888889,12.0,3,13.5,54.6,2.0,0.0,📉 매도세 우위. 🚀 단기 모멘텀 가속. ,0,0,,,78.6,78.4,78.7,🔥 과열,1.자동차·모빌리티(+31.5%) / 2.조선·기계·설비(+26.4%) / 3.반도체(+18.9%) / 4.IT/전기전자(+15.1%) / 5.인프라·에너지(+12.3%),4,299,20260119,20260119,26.29,10.15,-0.59,-10.74
323280,태성,KOSDAQ,특수 목적용 기계 제조업,특수 목적용 기계 제조업,조선·기계·설비,43100,355.26,0.0,ARMED,True,False,False,43100,37600,54100,59510.00000000001,35.9,37.6,35.5,20.4,20.4,45.0,70.5999984741211,0.0,,,ARMED,⑤ 하락 / 약세,-16.47,57.59,-22.76,65.41,38.48,0,1.0,1.0,0.05,1.0,0.64,0.28,0.54,35.2,36.2,-0.52,42.74,0,0,9.81,9.25,4.23,75.56,-10.8,0,0,2.17,0.43,0,-1,45730.0,39908,8.0,0.5541,1.63,0.9,False,O,▲,37140,▲,O,X,17.209594594594595,32.596756756756754,2.0,2,5.1,64.5,2.0,0.0,🚀 단기 모멘텀 가속. ✅ 20일선 눌림목 구간.,0,0,,,78.6,78.4,78.7,🔥 과열,1.자동차·모빌리티(+31.5%) / 2.조선·기계·설비(+26.4%) / 3.반도체(+18.9%) / 4.IT/전기전자(+15.1%) / 5.인프라·에너지(+12.3%),5,300,20260119,20260119,26.29,10.15,75.56,65.41
081180,쎄크,KOSDAQ,일반 목적용 기계 제조업,일반 목적용 기계 제조업,조선·기계·설비,15470,60.46,0.0,ARMED,True,False,False,15470,14510,17390,19129.0,35.8,0.0,44.7,30.1,30.1,39.9,78.80000305175781,0.0,,,ARMED,② 상승 후 조정,7.8,62.33,1.51,64.06,43.22,0,1.0,0.62,0.93,1.0,0.0,0.05,0.31,57.7,71.0,-1.16,19.02,0,0,-1.65,-5.96,-3.13,74.21,10.44,0,0,3.51,0.51,0,1,13297.0,16182,-4.4,-0.2414,0.23,-1.28,True,O,▲,16194,▼,X,X,17.209594594594595,32.596756756756754,2.0,3,24.9,0.0,2.0,0.0,🧱 구조적 지지선(Swing Low) 근접. 📉 매도세 우위. 💰 외국인/기관 수급 집중. ✅ 20일선 눌림목 구간.,0,0,,,78.6,78.4,78.7,🔥 과열,1.자동차·모빌리티(+31.5%) / 2.조선·기계·설비(+26.4%) / 3.반도체(+18.9%) / 4.IT/전기전자(+15.1%) / 5.인프라·에너지(+12.3%),2,301,20260119,20260119,26.29,10.15,74.21,64.06
010060,OCI홀딩스,KOSPI,기타 금융업,기타 금융업,금융,114400,91.54,0.0,NEUTRAL,False,False,False,114400,102300,138500,152350.0,35.8,15.7,40.8,29.5,29.5,43.1,67.0,0.0,,,NEUTRAL,④ 바닥 반등 시도,5.34,26.55,-15.57,-16.29,-28.17,0,0.99,1.0,0.21,1.0,0.43,0.07,0.55,48.2,50.4,2.69,22.38,0,0,0.62,9.47,5.83,10.0,-4.11,0,0,1.47,0.54,1,1,99740.0,112918,1.31,0.309,0.52,1.29,False,O,▲,109625,▲,O,X,4.08,-12.326176470588237,14.0,2,11.5,42.7,1.9917355371900827,0.0,🚀 단기 모멘텀 가속. ,0,0,,,78.6,78.4,78.7,🔥 과열,1.자동차·모빌리티(+31.5%) / 2.조선·기계·설비(+26.4%) / 3.반도체(+18.9%) / 4.IT/전기전자(+15.1%) / 5.인프라·에너지(+12.3%),4,302,20260119,20260119,26.29,10.15,10.0,-16.29
209640,와이제이링크,KOSDAQ,특수 목적용 기계 제조업,특수 목적용 기계 제조업,조선·기계·설비,4115,93.45,0.0,ARMED,True,False,False,4115,3870,4605,5065.5,35.8,18.0,40.3,24.9,24.9,33.9,76.19999694824219,0.0,,,ARMED,② 상승 후 조정,6.19,17.57,-0.1,12.5,-1.54,5,1.0,0.6,0.96,1.0,0.0,0.07,0.2,46.7,71.9,-4.22,20.4,1,0,0.61,-9.96,-7.01,22.65,6.04,0,0,2.08,0.25,0,1,3383.5,4216,-2.4,-0.3602,0.62,-1.68,True,O,▲,4286,▼,X,X,17.209594594594595,32.596756756756754,2.0,2,9.7,0.0,2.0,0.0,🌪️ 5일 연속 응축 중! 폭발 임박. 🧱 구조적 지지선(Swing Low) 근접. 📉 매도세 우위. 💰 외국인/기관 수급 집중. ,0,0,,,78.6,78.4,78.7,🔥 과열,1.자동차·모빌리티(+31.5%) / 2.조선·기계·설비(+26.4%) / 3.반도체(+18.9%) / 4.IT/전기전자(+15.1%) / 5.인프라·에너지(+12.3%),2,303,20260119,20260119,26.29,10.15,22.65,12.5
092780,DYP,KOSPI,자동차용 엔진 및 자동차 제조업,자동차용 엔진 및 자동차 제조업,자동차·모빌리티,8430,589.89,0.0,OVERHEAT,False,False,False,4240,3365,5990,6589.000000000001,35.6,69.3,27.2,3.0,3.0,30.6,83.5999984741211,0.0,,,OVERHEAT,⑤ 하락 / 약세,157.4,90.08,136.49,107.88,35.36,0,1.0,1.0,0.0,0.0,1.0,0.47,0.57,94.9,99.9,108.77,154.53,0,0,6.84,155.84,150.52,134.17,-2.91,0,0,4.45,0.74,1,1,6748.0,6810,23.78,1.6578,6.81,2.09,False,O,▲,5527,▲,O,X,26.005714285714284,35.19914285714286,1.0,0,26.6,100.0,-0.4817374136229023,98.82075471698113,💪 매수세 장악(Power Buying). 💰 외국인/기관 수급 집중. 🚀 단기 모멘텀 가속. ⚠️ 단기 급등 조정 주의.,0,0,,,78.6,78.4,78.7,🔥 과열,1.자동차·모빌리티(+31.5%) / 2.조선·기계·설비(+26.4%) / 3.반도체(+18.9%) / 4.IT/전기전자(+15.1%) / 5.인프라·에너지(+12.3%),5,304,20260119,20260119,26.29,10.15,134.17,107.88
042700,한미반도체,KOSPI,특수 목적용 기계 제조업,특수 목적용 기계 제조업,반도체,177500,1728.96,0.0,WAIT,False,False,True,177500,161500,209500,230450.00000000003,35.5,0.0,44.4,38.6,38.6,64.9,58.0,0.0,,,WAIT,⑤ 하락 / 약세,48.04,104.97,27.13,-9.13,50.25,0,1.0,0.9,0.45,1.0,0.06,1.0,0.1,72.9,79.9,14.5,68.8,0,0,-0.56,5.91,6.1,17.16,43.68,1,0,1.43,0.73,1,1,153600.0,177959,-0.26,-0.3579,0.37,0.48,False,O,▲,189196,▼,X,X,8.782,25.696666666666665,3.0,3,84.0,6.5,2.0,0.0,📉 매도세 우위. 💰 외국인/기관 수급 집중. ⚠️ 단기 급등 조정 주의.,0,0,,,78.6,78.4,78.7,🔥 과열,1.자동차·모빌리티(+31.5%) / 2.조선·기계·설비(+26.4%) / 3.반도체(+18.9%) / 4.IT/전기전자(+15.1%) / 5.인프라·에너지(+12.3%),5,305,20260119,20260119,26.29,10.15,17.16,-9.13
171090,선익시스템,KOSDAQ,특수 목적용 기계 제조업,특수 목적용 기계 제조업,조선·기계·설비,51200,85.9,0.0,NEUTRAL,False,False,False,51200,46750,60100,66110.0,35.5,30.2,36.8,31.6,31.6,46.4,49.099998474121094,0.0,,,NEUTRAL,③ 박스 / 중립,-3.76,30.78,-10.05,-3.93,11.67,0,1.0,0.87,0.51,1.0,0.43,0.07,0.75,45.6,62.8,0.59,25.86,0,0,2.71,10.82,-5.19,6.22,-13.3,0,0,1.56,0.64,1,-1,51830.0,48680,5.17,0.367,2.87,1.35,False,O,▲,45738,▲,O,X,17.209594594594595,32.596756756756754,2.0,3,19.3,43.4,2.0,0.0,💸 자금 유입 지속. 🚀 단기 모멘텀 가속. ✅ 20일선 눌림목 구간.,0,0,,,78.6,78.4,78.7,🔥 과열,1.자동차·모빌리티(+31.5%) / 2.조선·기계·설비(+26.4%) / 3.반도체(+18.9%) / 4.IT/전기전자(+15.1%) / 5.인프라·에너지(+12.3%),3,306,20260119,20260119,26.29,10.15,6.22,-3.93
476060,온코닉테라퓨틱스,KOSDAQ,자연과학 및 공학 연구개발업,자연과학 및 공학 연구개발업,기타,19450,124.68,0.0,ARMED,True,False,False,19450,18220,21900,24090.000000000004,35.4,0.0,44.2,30.5,30.5,42.3,76.30000305175781,0.0,,,ARMED,⑤ 하락 / 약세,8.24,186.58,1.95,-7.51,167.47,0,0.99,0.63,0.92,1.0,0.0,0.1,0.2,40.1,63.1,-3.31,25.39,0,0,-2.99,-6.27,-4.89,2.64,7.2,1,0,2.03,0.33,0,1,16534.0,19780,-1.67,-0.3039,0.23,-0.91,True,O,▲,20287,▼,X,X,7.377666666666667,14.425583333333332,7.0,3,30.6,0.0,1.991869918699187,0.0,🧱 구조적 지지선(Swing Low) 근접. 📉 매도세 우위. 💸 자금 유입 지속. ,0,0,,,78.6,78.4,78.7,🔥 과열,1.자동차·모빌리티(+31.5%) / 2.조선·기계·설비(+26.4%) / 3.반도체(+18.9%) / 4.IT/전기전자(+15.1%) / 5.인프라·에너지(+12.3%),5,307,20260119,20260119,26.29,10.15,2.64,-7.51
056080,유진로봇,KOSDAQ,특수 목적용 기계 제조업,특수 목적용 기계 제조업,조선·기계·설비,32850,2043.56,0.0,OVERHEAT,False,False,False,17520,14090,24400,26840.000000000004,35.3,65.2,27.8,3.0,3.0,31.0,85.69999694824219,0.0,,,OVERHEAT,⑤ 하락 / 약세,128.44,207.01,122.15,132.82,187.9,0,1.0,1.0,0.0,0.0,1.0,1.0,0.42,92.1,95.5,96.91,116.49,0,0,28.57,118.56,127.81,142.97,1.39,0,0,2.85,0.98,1,1,22515.0,23124,42.06,1.1374,2.28,2.56,False,O,▲,21512,▲,O,X,17.209594594594595,32.596756756756754,2.0,0,27.4,100.0,-0.4504264392324094,87.5,💪 매수세 장악(Power Buying). 💰 외국인/기관 수급 집중. 🚀 단기 모멘텀 가속. ⚠️ 단기 급등 조정 주의.,0,0,,,78.6,78.4,78.7,🔥 과열,1.자동차·모빌리티(+31.5%) / 2.조선·기계·설비(+26.4%) / 3.반도체(+18.9%) / 4.IT/전기전자(+15.1%) / 5.인프라·에너지(+12.3%),5,308,20260119,20260119,26.29,10.15,142.97,132.82
437730,삼현,KOSDAQ,자동차 신품 부품 제조업,자동차 신품 부품 제조업,자동차·모빌리티,73200,578.28,0.0,OVERHEAT,False,False,False,63000,50300,88400,97240.00000000001,35.1,68.9,26.7,3.0,3.0,35.5,82.0,0.0,,,OVERHEAT,⑤ 하락 / 약세,58.1,482.34,51.81,128.29,463.23,0,1.0,1.0,0.0,0.0,0.42,0.46,0.15,76.2,75.7,21.99,44.44,0,0,3.24,13.31,27.3,138.44,25.85,0,0,1.82,0.89,1,1,53760.0,69361,5.53,0.1094,0.56,1.17,False,O,▲,68292,▲,O,X,26.005714285714284,35.19914285714286,1.0,0,67.7,41.9,0.6637554585152838,16.19047619047619,💰 외국인/기관 수급 집중. 🚀 단기 모멘텀 가속. ⚠️ 단기 급등 조정 주의.,0,0,,,78.6,78.4,78.7,🔥 과열,1.자동차·모빌리티(+31.5%) / 2.조선·기계·설비(+26.4%) / 3.반도체(+18.9%) / 4.IT/전기전자(+15.1%) / 5.인프라·에너지(+12.3%),5,309,20260119,20260119,26.29,10.15,138.44,128.29
200880,서연이화,KOSPI,자동차 신품 부품 제조업,자동차 신품 부품 제조업,자동차·모빌리티,16700,413.4,0.0,OVERHEAT,False,False,False,14110,12710,16900,18590.0,35.1,74.1,25.4,3.0,3.0,35.3,77.80000305175781,0.0,,,OVERHEAT,③ 박스 / 중립,30.06,36.33,9.15,-2.03,-18.39,2,0.99,0.99,0.3,0.0,0.9,0.33,0.4,85.1,95.0,24.28,32.5,0,0,3.02,25.0,28.96,24.26,-0.4,1,0,2.15,0.72,1,1,13936.0,16384,1.93,0.5007,4.0,0.11,False,O,▲,14459,▲,O,X,26.005714285714284,35.19914285714286,1.0,0,43.3,89.9,0.05012531328320802,18.355776045357903,📉 매도세 우위. 💰 외국인/기관 수급 집중. 🚀 단기 모멘텀 가속. ⚠️ 단기 급등 조정 주의.,0,0,,,78.6,78.4,78.7,🔥 과열,1.자동차·모빌리티(+31.5%) / 2.조선·기계·설비(+26.4%) / 3.반도체(+18.9%) / 4.IT/전기전자(+15.1%) / 5.인프라·에너지(+12.3%),3,310,20260119,20260119,26.29,10.15,24.26,-2.03
251630,브이원텍,KOSDAQ,특수 목적용 기계 제조업,특수 목적용 기계 제조업,조선·기계·설비,7150,65.56,0.0,OVERHEAT,False,False,False,6210,5430,7770,8547.0,35.1,66.2,27.3,3.0,3.0,34.4,84.0,0.0,,,OVERHEAT,⑤ 하락 / 약세,27.0,40.75,20.71,11.04,21.64,2,1.0,1.0,0.06,0.0,0.77,0.05,0.53,79.0,90.7,20.82,30.44,0,0,3.03,17.02,23.7,21.19,-1.85,1,0,3.3,0.8,1,1,5729.0,6857,4.26,0.4406,4.01,1.66,False,O,▲,6387,▲,O,X,17.209594594594595,32.596756756756754,2.0,0,47.3,77.3,0.36046511627906974,15.136876006441224,💪 매수세 장악(Power Buying). 💰 외국인/기관 수급 집중. 🚀 단기 모멘텀 가속. ⚠️ 단기 급등 조정 주의.,0,0,,,78.6,78.4,78.7,🔥 과열,1.자동차·모빌리티(+31.5%) / 2.조선·기계·설비(+26.4%) / 3.반도체(+18.9%) / 4.IT/전기전자(+15.1%) / 5.인프라·에너지(+12.3%),5,311,20260119,20260119,26.29,10.15,21.19,11.04
232140,와이씨,KOSDAQ,특수 목적용 기계 제조업,특수 목적용 기계 제조업,조선·기계·설비,14630,82.68,0.0,WAIT,False,False,True,14630,14210,15460,17006.0,35.0,0.0,43.8,29.2,29.2,44.8,77.80000305175781,0.0,,,WAIT,⑤ 하락 / 약세,5.94,31.33,-0.35,-5.87,12.22,0,0.99,0.28,0.8,1.0,0.0,0.07,0.3,48.6,52.5,-2.01,24.04,0,0,-2.73,-2.66,-7.64,4.28,11.1,1,0,1.12,0.36,0,1,13875.0,14997,-2.45,-0.1969,0.63,-1.0,True,O,▲,15424,▼,X,X,17.209594594594595,32.596756756756754,2.0,2,37.1,0.0,1.9761904761904763,0.0,🧱 구조적 지지선(Swing Low) 근접. 📉 매도세 우위. ,0,0,,,78.6,78.4,78.7,🔥 과열,1.자동차·모빌리티(+31.5%) / 2.조선·기계·설비(+26.4%) / 3.반도체(+18.9%) / 4.IT/전기전자(+15.1%) / 5.인프라·에너지(+12.3%),5,312,20260119,20260119,26.29,10.15,4.28,-5.87
032640,LG유플러스,KOSPI,전기 통신업,전기 통신업,IT/전기전자,15060,114.57,0.0,NEUTRAL,False,False,False,15060,14380,16410,18051.0,35.0,68.4,26.6,23.3,23.3,42.2,34.400001525878906,0.0,,,NEUTRAL,④ 바닥 반등 시도,-1.7,-0.4,-22.61,-25.76,-55.12,0,0.99,0.45,0.99,1.0,0.18,0.09,0.61,50.0,47.7,1.16,9.34,0,1,0.87,3.29,3.43,0.53,-1.39,0,0,0.87,0.67,1,-1,15287.0,15009,0.34,0.1198,1.08,1.57,False,X,▲,14834,▲,O,X,9.837341772151898,18.689113924050634,4.0,2,21.7,17.8,1.9852941176470589,0.0,🔇 변동성 축소 (BW 9.3%). 💪 매수세 장악(Power Buying). 🚀 단기 모멘텀 가속. ✅ 20일선 눌림목 구간.,0,0,,,78.6,78.4,78.7,🔥 과열,1.자동차·모빌리티(+31.5%) / 2.조선·기계·설비(+26.4%) / 3.반도체(+18.9%) / 4.IT/전기전자(+15.1%) / 5.인프라·에너지(+12.3%),4,313,20260119,20260119,26.29,10.15,0.53,-25.76
017800,현대엘리베이터,KOSPI,일반 목적용 기계 제조업,일반 목적용 기계 제조업,조선·기계·설비,90400,200.1,0.0,ARMED,True,False,False,90400,86200,98800,108680.00000000001,34.9,55.5,29.7,27.4,27.4,43.3,34.900001525878906,0.0,,,ARMED,④ 바닥 반등 시도,-0.11,5.24,-21.02,-19.18,-49.48,2,1.0,0.46,0.99,1.0,0.19,0.16,0.57,47.5,34.6,2.34,6.08,1,1,1.69,3.2,3.91,7.11,-0.46,0,0,1.46,0.7,1,1,85140.0,88691,1.93,0.1222,0.88,1.06,False,O,▲,87655,▲,O,X,17.209594594594595,32.596756756756754,2.0,2,24.0,18.6,2.0,0.0,🌪️ 에너지 응축 시작 (2일차). 🚀 단기 모멘텀 가속. ,0,0,,,78.6,78.4,78.7,🔥 과열,1.자동차·모빌리티(+31.5%) / 2.조선·기계·설비(+26.4%) / 3.반도체(+18.9%) / 4.IT/전기전자(+15.1%) / 5.인프라·에너지(+12.3%),4,314,20260119,20260119,26.29,10.15,7.11,-19.18
044990,에이치엔에스하이텍,KOSDAQ,전자부품 제조업,전자부품 제조업,IT/전기전자,19990,56.19,0.0,OVERHEAT,False,False,False,17500,15590,21300,23430.000000000004,34.9,74.9,24.9,3.0,3.0,35.0,76.0,0.0,,,OVERHEAT,⑤ 하락 / 약세,15.48,23.02,9.19,31.93,3.91,0,0.99,1.0,0.17,0.0,0.85,0.05,0.34,81.4,84.2,19.97,36.37,0,0,3.58,22.94,32.3,42.08,0.27,1,0,1.46,0.96,1,1,16164.0,18645,7.21,0.431,1.6,2.23,False,O,▲,18521,▲,O,X,9.837341772151898,18.689113924050634,4.0,0,45.0,85.2,0.29772727272727273,14.22857142857143,💪 매수세 장악(Power Buying). 💰 외국인/기관 수급 집중. 🚀 단기 모멘텀 가속. ⚠️ 단기 급등 조정 주의.,0,0,,,78.6,78.4,78.7,🔥 과열,1.자동차·모빌리티(+31.5%) / 2.조선·기계·설비(+26.4%) / 3.반도체(+18.9%) / 4.IT/전기전자(+15.1%) / 5.인프라·에너지(+12.3%),5,315,20260119,20260119,26.29,10.15,42.08,31.93
003310,대주산업,KOSDAQ,동물용 사료 및 조제식품 제조업,동물용 사료 및 조제식품 제조업,유통·소비재,4105,410.57,0.0,OVERHEAT,False,False,False,3225,2585,4500,4950.0,34.8,90.6,20.8,3.0,3.0,43.3,62.29999923706055,0.0,,,OVERHEAT,⑤ 하락 / 약세,73.94,127.68,67.65,146.25,108.57,0,0.99,1.0,0.0,0.0,0.86,0.33,0.29,76.4,85.8,33.65,58.62,0,0,5.66,31.57,29.29,156.4,24.72,0,0,2.74,0.92,1,1,3181.0,3748,9.51,0.4681,0.93,2.6,False,O,▲,3408,▲,O,X,8.767222222222223,-11.258888888888889,12.0,0,65.1,86.4,0.2598684210526316,27.286821705426355,💪 매수세 장악(Power Buying). 💰 외국인/기관 수급 집중. 🚀 단기 모멘텀 가속. ⚠️ 단기 급등 조정 주의.,0,0,,,78.6,78.4,78.7,🔥 과열,1.자동차·모빌리티(+31.5%) / 2.조선·기계·설비(+26.4%) / 3.반도체(+18.9%) / 4.IT/전기전자(+15.1%) / 5.인프라·에너지(+12.3%),5,316,20260119,20260119,26.29,10.15,156.4,146.25
267270,HD현대건설기계,KOSPI,일반 목적용 기계 제조업,일반 목적용 기계 제조업,조선·기계·설비,122400,263.0,0.0,WAIT,False,False,True,122400,108800,149500,164450.0,34.6,36.4,34.1,24.2,24.2,58.2,57.20000076293945,0.0,,,WAIT,⑤ 하락 / 약세,16.79,66.76,-4.12,-8.6,12.04,0,0.99,1.0,0.15,1.0,0.21,0.21,0.11,73.4,76.9,14.67,40.78,0,0,2.26,0.25,19.88,17.69,9.75,1,0,1.26,0.76,1,1,100850.0,122296,0.09,-0.1099,0.89,-0.89,False,O,▲,123770,▲,X,X,17.209594594594595,32.596756756756754,2.0,2,60.1,21.1,1.9926470588235294,0.0,📉 매도세 우위. 💰 외국인/기관 수급 집중. ⚠️ 단기 급등 조정 주의.,0,0,,,78.6,78.4,78.7,🔥 과열,1.자동차·모빌리티(+31.5%) / 2.조선·기계·설비(+26.4%) / 3.반도체(+18.9%) / 4.IT/전기전자(+15.1%) / 5.인프라·에너지(+12.3%),5,317,20260119,20260119,26.29,10.15,17.69,-8.6
413630,씨피시스템,KOSDAQ,플라스틱제품 제조업,플라스틱제품 제조업,기타,4335,57.2,0.0,ARMED,True,False,False,4335,3710,5580,6138.000000000001,34.5,3.4,42.3,24.5,24.5,42.2,83.9000015258789,0.0,,,ARMED,③ 박스 / 중립,2.97,193.5,-3.32,1.43,174.39,5,0.99,1.0,0.01,1.0,0.18,0.05,0.48,48.9,68.4,0.01,15.19,1,0,3.71,1.17,-1.03,11.58,-4.2,1,0,6.92,0.39,1,1,3658.0,4361,-0.61,0.1487,0.44,1.22,False,O,▲,4159,▲,O,X,7.377666666666667,14.425583333333332,7.0,2,21.6,17.6,1.992,0.0,🌪️ 5일 연속 응축 중! 폭발 임박. 💸 자금 유입 지속. 🚀 단기 모멘텀 가속. ✅ 20일선 눌림목 구간.,0,0,,,78.6,78.4,78.7,🔥 과열,1.자동차·모빌리티(+31.5%) / 2.조선·기계·설비(+26.4%) / 3.반도체(+18.9%) / 4.IT/전기전자(+15.1%) / 5.인프라·에너지(+12.3%),3,318,20260119,20260119,26.29,10.15,11.58,1.43
347850,디앤디파마텍,KOSDAQ,자연과학 및 공학 연구개발업,자연과학 및 공학 연구개발업,기타,91500,689.45,0.0,WAIT,False,False,True,91500,84200,106000,116600.00000000001,34.3,0.0,42.9,32.7,32.7,37.6,66.5999984741211,0.0,,,WAIT,② 상승 후 조정,1.67,163.62,-4.62,104.81,144.51,0,0.99,0.79,0.64,1.0,0.0,0.55,0.22,46.7,49.1,-3.45,22.76,0,0,-1.08,-11.93,-2.45,114.96,0.23,1,0,1.6,0.24,0,1,84680.0,93428,-2.06,-0.3877,0.49,-1.28,False,O,▲,97284,▼,X,X,7.377666666666667,14.425583333333332,7.0,3,19.1,0.0,1.9863013698630136,0.0,📉 매도세 우위. ,0,0,,,78.6,78.4,78.7,🔥 과열,1.자동차·모빌리티(+31.5%) / 2.조선·기계·설비(+26.4%) / 3.반도체(+18.9%) / 4.IT/전기전자(+15.1%) / 5.인프라·에너지(+12.3%),2,319,20260119,20260119,26.29,10.15,114.96,104.81
060720,KH바텍,KOSDAQ,전자부품 제조업,전자부품 제조업,IT/전기전자,14400,201.94,0.0,NEUTRAL,False,False,False,12740,11210,15770,17347.0,34.3,66.2,26.3,3.0,3.0,21.8,80.5999984741211,0.0,,,NEUTRAL,③ 박스 / 중립,27.1,12.85,20.81,1.22,-6.26,0,0.99,1.0,0.09,0.0,0.31,0.16,0.22,69.0,70.7,18.72,47.79,0,0,6.27,1.84,29.26,11.37,-7.51,1,0,0.75,0.66,1,1,12839.0,14706,-2.08,-0.0485,2.25,-1.93,False,O,▲,14148,▲,O,X,9.837341772151898,18.689113924050634,4.0,0,38.9,31.0,0.42946708463949845,13.029827315541601,📉 매도세 우위. 💰 외국인/기관 수급 집중. ⚠️ 단기 급등 조정 주의.,0,0,,,78.6,78.4,78.7,🔥 과열,1.자동차·모빌리티(+31.5%) / 2.조선·기계·설비(+26.4%) / 3.반도체(+18.9%) / 4.IT/전기전자(+15.1%) / 5.인프라·에너지(+12.3%),3,320,20260119,20260119,26.29,10.15,11.37,1.22
059270,해성에어로보틱스,KOSDAQ,기타 금속 가공제품 제조업,기타 금속 가공제품 제조업,기타,12190,238.73,0.0,WAIT,False,False,True,10390,8590,13990,15389.000000000002,34.1,59.1,27.9,3.0,3.0,26.3,85.9000015258789,0.0,,,WAIT,① 강한 상승 추세,46.51,129.57,40.22,16.7,110.46,0,1.0,1.0,0.0,0.0,0.51,0.19,0.2,69.5,86.3,23.21,48.99,0,0,3.66,8.07,25.8,26.85,8.18,0,0,1.98,0.93,1,1,8961.0,11615,4.95,0.1995,1.61,0.55,False,O,▲,11452,▲,O,X,7.377666666666667,14.425583333333332,7.0,0,40.2,51.0,0.5,17.324350336862366,📉 매도세 우위. 💰 외국인/기관 수급 집중. 🚀 단기 모멘텀 가속. ⚠️ 단기 급등 조정 주의.,0,0,,,78.6,78.4,78.7,🔥 과열,1.자동차·모빌리티(+31.5%) / 2.조선·기계·설비(+26.4%) / 3.반도체(+18.9%) / 4.IT/전기전자(+15.1%) / 5.인프라·에너지(+12.3%),1,321,20260119,20260119,26.29,10.15,26.85,16.7
239340,이스트에이드,KOSDAQ,"자료처리, 호스팅, 포털 및 기타 인터넷 정보매개 서비스업","자료처리, 호스팅, 포털 및 기타 인터넷 정보매개 서비스업",서비스 기타,2010,54.43,0.0,OVERHEAT,False,False,False,1716,1534,2085,2293.5,34.1,60.0,27.6,3.0,3.0,22.2,85.0999984741211,0.0,,,OVERHEAT,④ 바닥 반등 시도,28.52,-7.16,22.23,-6.6,-26.27,2,1.0,1.0,0.21,0.0,0.87,0.04,0.58,70.7,98.7,22.95,39.87,0,0,-7.8,26.1,25.16,3.55,-2.91,0,0,2.02,0.55,1,1,1755.9,2047,-1.81,0.7296,5.62,2.19,False,O,▼,1734,▲,O,X,7.455217391304347,-5.216956521739131,10.0,0,12.2,86.7,0.15756302521008403,17.132867132867133,💪 매수세 장악(Power Buying). 💰 외국인/기관 수급 집중. 🚀 단기 모멘텀 가속. ⚠️ 단기 급등 조정 주의.,0,0,,,78.6,78.4,78.7,🔥 과열,1.자동차·모빌리티(+31.5%) / 2.조선·기계·설비(+26.4%) / 3.반도체(+18.9%) / 4.IT/전기전자(+15.1%) / 5.인프라·에너지(+12.3%),4,322,20260119,20260119,26.29,10.15,3.55,-6.6
199430,케이엔알시스템,KOSDAQ,"측정, 시험, 항해, 제어 및 기타 정밀기기 제조업; 광학기기 제외","측정, 시험, 항해, 제어 및 기타 정밀기기 제조업; 광학기기 제외",기타,32300,313.66,0.0,OVERHEAT,False,False,False,28300,23450,37850,41635.0,34.0,70.6,24.8,3.0,3.0,30.3,75.80000305175781,0.0,,,OVERHEAT,① 강한 상승 추세,24.47,176.07,18.18,20.88,156.96,0,0.98,1.0,0.0,0.0,0.92,0.25,0.24,60.1,60.2,19.93,39.66,0,0,9.68,28.94,30.51,31.03,-8.61,0,0,1.41,0.89,1,1,23695.0,30802,4.86,0.6481,2.09,0.38,False,O,▲,28226,▲,O,X,7.377666666666667,14.425583333333332,7.0,0,29.5,92.3,0.6271186440677966,14.13427561837456,📉 매도세 우위. 💸 자금 유입 지속. 🚀 단기 모멘텀 가속. ⚠️ 단기 급등 조정 주의.,0,0,,,78.6,78.4,78.7,🔥 과열,1.자동차·모빌리티(+31.5%) / 2.조선·기계·설비(+26.4%) / 3.반도체(+18.9%) / 4.IT/전기전자(+15.1%) / 5.인프라·에너지(+12.3%),1,323,20260119,20260119,26.29,10.15,31.03,20.88
105840,우진,KOSPI,"측정, 시험, 항해, 제어 및 기타 정밀기기 제조업; 광학기기 제외","측정, 시험, 항해, 제어 및 기타 정밀기기 제조업; 광학기기 제외",기타,22250,312.13,0.0,OVERHEAT,False,False,False,20050,17420,25350,27885.000000000004,34.0,72.2,24.5,3.0,3.0,22.1,74.69999694824219,0.0,,,OVERHEAT,⑤ 하락 / 약세,22.79,116.86,1.88,8.31,62.14,0,1.0,1.0,0.04,0.0,0.35,0.25,0.17,76.2,86.9,16.43,33.6,0,0,4.46,5.95,20.79,34.6,5.27,0,0,2.42,0.85,1,1,17345.0,21398,3.98,0.1088,1.35,0.32,False,O,▲,21447,▲,O,X,7.377666666666667,14.425583333333332,7.0,0,37.8,34.9,0.6418219461697723,10.972568578553615,📉 매도세 우위. 💰 외국인/기관 수급 집중. 🚀 단기 모멘텀 가속. ⚠️ 단기 급등 조정 주의.,0,0,,,78.6,78.4,78.7,🔥 과열,1.자동차·모빌리티(+31.5%) / 2.조선·기계·설비(+26.4%) / 3.반도체(+18.9%) / 4.IT/전기전자(+15.1%) / 5.인프라·에너지(+12.3%),5,324,20260119,20260119,26.29,10.15,34.6,8.31
220260,켐트로스,KOSDAQ,기타 화학제품 제조업,기타 화학제품 제조업,화학·소재,6690,67.44,0.0,ARMED,True,False,False,6690,6370,7330,8063.000000000001,33.9,11.1,39.6,18.8,18.8,34.3,88.0999984741211,0.0,,,ARMED,② 상승 후 조정,4.04,47.19,-2.25,49.52,28.08,0,1.0,0.48,1.0,1.0,0.0,0.05,0.05,47.0,58.4,-9.58,41.44,0,0,0.75,-14.34,-21.11,59.67,7.08,0,0,3.22,0.18,0,-1,8549.0,7127,-6.14,-0.7669,0.38,-2.37,True,O,▲,7407,▼,X,X,7.139749999999999,-5.23775,11.0,1,10.8,0.0,2.0,0.0,🧱 구조적 지지선(Swing Low) 근접. 📉 매도세 우위. 📉 과매도 기술적 반등 기대.,0,0,,,78.6,78.4,78.7,🔥 과열,1.자동차·모빌리티(+31.5%) / 2.조선·기계·설비(+26.4%) / 3.반도체(+18.9%) / 4.IT/전기전자(+15.1%) / 5.인프라·에너지(+12.3%),2,325,20260119,20260119,26.29,10.15,59.67,49.52
047040,대우건설,KOSPI,건물 건설업,건물 건설업,건설·부동산,4510,520.18,0.0,OVERHEAT,False,False,False,4050,3715,4710,5181.0,33.9,65.7,25.9,3.0,3.0,32.8,79.30000305175781,0.0,,,OVERHEAT,④ 바닥 반등 시도,21.56,13.75,0.65,-5.05,-40.97,3,0.98,0.81,0.59,0.0,0.7,0.42,0.45,78.7,89.5,16.96,24.39,0,0,0.22,17.75,18.06,21.24,0.28,1,0,1.81,0.78,1,1,3896.0,4351,3.65,0.4293,3.74,0.91,False,O,▲,4059,▲,O,X,9.18,-0.8666666666666668,8.0,0,47.0,69.9,0.25157232704402516,11.358024691358025,💰 외국인/기관 수급 집중. 🚀 단기 모멘텀 가속. ⚠️ 단기 급등 조정 주의.,0,0,,,78.6,78.4,78.7,🔥 과열,1.자동차·모빌리티(+31.5%) / 2.조선·기계·설비(+26.4%) / 3.반도체(+18.9%) / 4.IT/전기전자(+15.1%) / 5.인프라·에너지(+12.3%),4,326,20260119,20260119,26.29,10.15,21.24,-5.05
454910,두산로보틱스,KOSPI,특수 목적용 기계 제조업,특수 목적용 기계 제조업,조선·기계·설비,107700,6026.65,0.0,OVERHEAT,False,False,False,88200,78300,107800,118580.00000000001,33.7,100.0,17.1,3.0,3.0,35.8,50.099998474121094,0.0,,,OVERHEAT,⑤ 하락 / 약세,35.3,75.69,14.39,23.29,20.97,0,0.99,1.0,0.14,0.0,0.72,1.0,0.6,82.6,88.8,28.28,32.91,0,0,19.14,29.92,29.6,49.58,4.58,1,0,1.93,0.91,1,1,82690.0,97428,10.54,0.3391,6.02,2.53,False,O,▲,91259,▲,O,X,17.209594594594595,32.596756756756754,2.0,0,53.7,71.5,0.003401360544217687,22.108843537414966,💪 매수세 장악(Power Buying). 💰 외국인/기관 수급 집중. 🚀 단기 모멘텀 가속. ⚠️ 단기 급등 조정 주의.,0,0,,,78.6,78.4,78.7,🔥 과열,1.자동차·모빌리티(+31.5%) / 2.조선·기계·설비(+26.4%) / 3.반도체(+18.9%) / 4.IT/전기전자(+15.1%) / 5.인프라·에너지(+12.3%),5,327,20260119,20260119,26.29,10.15,49.58,23.29
004310,현대약품,KOSPI,의약품 제조업,의약품 제조업,바이오·의약품,13550,852.22,0.0,OVERHEAT,False,False,False,9080,6960,13310,14641.000000000002,33.7,57.1,27.9,3.0,3.0,48.0,86.0,0.0,,,OVERHEAT,⑤ 하락 / 약세,105.93,240.03,85.02,228.89,185.31,0,0.99,1.0,0.0,0.0,1.0,0.68,0.3,78.9,86.8,56.73,90.28,0,0,2.73,65.45,55.39,255.18,35.11,0,0,1.61,0.87,1,1,10609.0,11910,13.77,0.9883,0.99,3.3,False,O,▲,10265,▲,O,X,2.2862500000000003,-7.796250000000001,13.0,0,69.9,100.0,-0.036418816388467376,49.22907488986784,💪 매수세 장악(Power Buying). 💰 외국인/기관 수급 집중. 🚀 단기 모멘텀 가속. ⚠️ 단기 급등 조정 주의.,0,0,,,78.6,78.4,78.7,🔥 과열,1.자동차·모빌리티(+31.5%) / 2.조선·기계·설비(+26.4%) / 3.반도체(+18.9%) / 4.IT/전기전자(+15.1%) / 5.인프라·에너지(+12.3%),5,328,20260119,20260119,26.29,10.15,255.18,228.89
232680,라온테크,KOSDAQ,특수 목적용 기계 제조업,특수 목적용 기계 제조업,조선·기계·설비,16300,369.96,0.0,OVERHEAT,False,False,False,14020,11520,19020,20922.0,33.7,54.7,28.4,3.0,3.0,37.2,87.69999694824219,0.0,,,OVERHEAT,② 상승 후 조정,80.11,117.62,73.82,79.38,98.51,0,1.0,1.0,0.0,0.0,0.1,0.3,0.21,78.6,81.5,22.05,72.0,0,0,7.38,9.18,9.76,89.53,52.67,1,0,0.96,0.87,1,1,12622.0,15226,7.05,-0.1228,1.71,0.51,False,O,▲,15446,▼,O,X,17.209594594594595,32.596756756756754,2.0,0,87.9,10.3,0.5690376569037657,16.262482168330955,📉 매도세 우위. 💰 외국인/기관 수급 집중. ⚠️ 단기 급등 조정 주의.,0,0,,,78.6,78.4,78.7,🔥 과열,1.자동차·모빌리티(+31.5%) / 2.조선·기계·설비(+26.4%) / 3.반도체(+18.9%) / 4.IT/전기전자(+15.1%) / 5.인프라·에너지(+12.3%),2,329,20260119,20260119,26.29,10.15,89.53,79.38
328130,루닛,KOSDAQ,소프트웨어 개발 및 공급업,소프트웨어 개발 및 공급업,IT/전기전자,39050,98.78,0.0,WAIT,False,False,True,39050,36500,44150,48565.00000000001,33.6,7.4,40.2,30.2,30.2,40.9,63.5,0.0,,,WAIT,④ 바닥 반등 시도,4.69,-20.14,-1.6,-12.77,-39.25,0,1.0,0.65,0.89,1.0,0.08,0.08,0.2,40.2,52.4,-4.22,24.44,0,0,0.39,1.43,-10.23,-2.62,2.62,1,0,1.85,0.3,0,1,36730.0,38774,0.71,0.0676,0.63,-0.14,True,X,▼,37949,▼,O,X,9.837341772151898,18.689113924050634,4.0,3,23.3,8.0,2.0,0.0,🧱 구조적 지지선(Swing Low) 근접. 📉 매도세 우위. 🚀 단기 모멘텀 가속. ,0,0,,,78.6,78.4,78.7,🔥 과열,1.자동차·모빌리티(+31.5%) / 2.조선·기계·설비(+26.4%) / 3.반도체(+18.9%) / 4.IT/전기전자(+15.1%) / 5.인프라·에너지(+12.3%),4,330,20260119,20260119,26.29,10.15,-2.62,-12.77
006280,녹십자,KOSPI,의약품 제조업,의약품 제조업,바이오·의약품,158500,105.59,0.0,WAIT,False,False,True,158500,149200,177000,194700.00000000003,33.4,0.0,41.8,27.8,27.8,34.2,74.5999984741211,0.0,,,WAIT,④ 바닥 반등 시도,-4.11,1.54,-25.02,-6.4,-53.18,0,0.99,0.58,0.96,1.0,0.04,0.08,0.37,55.6,62.2,-1.12,11.71,0,0,-1.12,-0.94,-1.55,19.89,3.61,0,0,1.72,0.37,0,1,147500.0,164654,-3.74,0.0349,0.82,-0.58,True,O,▲,162853,▲,X,X,2.2862500000000003,-7.796250000000001,13.0,2,8.3,4.1,1.989247311827957,0.0,🧱 구조적 지지선(Swing Low) 근접. 📉 매도세 우위. 💸 자금 유입 지속. 🚀 단기 모멘텀 가속. ✅ 20일선 눌림목 구간.,0,0,,,78.6,78.4,78.7,🔥 과열,1.자동차·모빌리티(+31.5%) / 2.조선·기계·설비(+26.4%) / 3.반도체(+18.9%) / 4.IT/전기전자(+15.1%) / 5.인프라·에너지(+12.3%),4,331,20260119,20260119,26.29,10.15,19.89,-6.4
005385,현대차우,KOSPI,기타,기타,자동차·모빌리티,288500,1937.76,0.0,OVERHEAT,False,False,False,235500,215000,276000,303600.0,33.4,89.2,19.5,3.0,3.0,37.5,58.099998474121094,0.0,,,OVERHEAT,⑤ 하락 / 약세,41.77,80.99,20.86,24.52,26.27,0,0.98,0.86,0.5,0.0,0.79,1.0,0.49,88.5,93.3,28.73,46.97,0,0,6.46,26.54,35.76,50.81,6.87,1,0,1.35,0.97,1,1,235000.0,265211,8.78,0.3494,3.01,2.84,False,O,▲,261963,▲,O,X,26.005714285714284,35.19914285714286,1.0,0,54.1,79.3,-0.17006802721088435,22.505307855626327,💪 매수세 장악(Power Buying). 💰 외국인/기관 수급 집중. 🚀 단기 모멘텀 가속. ⚠️ 단기 급등 조정 주의.,0,0,,,78.6,78.4,78.7,🔥 과열,1.자동차·모빌리티(+31.5%) / 2.조선·기계·설비(+26.4%) / 3.반도체(+18.9%) / 4.IT/전기전자(+15.1%) / 5.인프라·에너지(+12.3%),5,332,20260119,20260119,26.29,10.15,50.81,24.52
126720,수산인더스트리,KOSPI,건물설비 설치 공사업,건물설비 설치 공사업,기타,26350,55.91,0.0,OVERHEAT,False,False,False,23150,21700,26000,28600.000000000004,33.4,98.1,17.2,3.0,3.0,30.8,50.29999923706055,0.0,,,OVERHEAT,③ 박스 / 중립,20.87,12.13,-0.04,-3.16,-42.59,0,0.98,0.62,0.92,0.0,0.64,0.04,0.6,84.4,88.7,19.57,24.98,0,0,7.77,18.69,22.56,23.13,0.73,1,0,2.43,0.97,1,1,23315.0,24303,8.42,0.3398,4.24,3.1,False,O,▲,23502,▲,O,X,7.377666666666667,14.425583333333332,7.0,0,45.1,64.1,-0.07526881720430108,13.822894168466524,💪 매수세 장악(Power Buying). 💰 외국인/기관 수급 집중. 🚀 단기 모멘텀 가속. ⚠️ 단기 급등 조정 주의.,0,0,,,78.6,78.4,78.7,🔥 과열,1.자동차·모빌리티(+31.5%) / 2.조선·기계·설비(+26.4%) / 3.반도체(+18.9%) / 4.IT/전기전자(+15.1%) / 5.인프라·에너지(+12.3%),3,333,20260119,20260119,26.29,10.15,23.13,-3.16
327260,RF머트리얼즈,KOSDAQ,전자부품 제조업,전자부품 제조업,IT/전기전자,22600,67.17,0.0,WAIT,False,False,True,22600,21750,24300,26730.000000000004,33.3,4.2,40.6,24.6,24.6,37.5,78.0999984741211,0.0,,,WAIT,② 상승 후 조정,6.1,289.66,-0.19,15.27,270.55,2,1.0,0.38,0.93,1.0,0.0,0.05,0.2,46.4,46.2,-5.36,22.76,1,0,-5.24,-7.19,-10.85,25.42,11.28,0,0,1.42,0.33,0,1,18472.0,23880,-5.36,-0.1861,1.08,-1.01,True,O,▲,24148,▼,X,X,9.837341772151898,18.689113924050634,4.0,2,18.7,0.0,2.0,0.0,🌪️ 에너지 응축 시작 (2일차). 🧱 구조적 지지선(Swing Low) 근접. 📉 매도세 우위. 📉 과매도 기술적 반등 기대.,0,0,,,78.6,78.4,78.7,🔥 과열,1.자동차·모빌리티(+31.5%) / 2.조선·기계·설비(+26.4%) / 3.반도체(+18.9%) / 4.IT/전기전자(+15.1%) / 5.인프라·에너지(+12.3%),2,334,20260119,20260119,26.29,10.15,25.42,15.27
032820,우리기술,KOSDAQ,"전동기, 발전기 및 전기 변환 · 공급 · 제어 장치 제조업","전동기, 발전기 및 전기 변환 · 공급 · 제어 장치 제조업",인프라·에너지,6140,4039.02,0.0,OVERHEAT,False,False,False,4225,3715,5240,5764.000000000001,33.3,70.0,24.1,3.0,3.0,41.1,73.4000015258789,0.0,,,OVERHEAT,⑤ 하락 / 약세,65.5,60.31,59.21,34.83,41.2,0,0.99,1.0,0.08,0.0,1.0,1.0,0.6,88.2,94.4,52.66,55.35,0,0,29.95,47.95,54.47,44.98,7.38,1,0,3.61,1.0,1,1,4614.0,5179,18.54,0.5246,7.67,3.06,False,O,▲,4445,▲,O,X,17.386923076923075,8.883846153846154,5.0,0,52.9,100.0,-0.3711340206185567,45.32544378698225,💪 매수세 장악(Power Buying). 💰 외국인/기관 수급 집중. 🚀 단기 모멘텀 가속. ⚠️ 단기 급등 조정 주의.,0,0,,,78.6,78.4,78.7,🔥 과열,1.자동차·모빌리티(+31.5%) / 2.조선·기계·설비(+26.4%) / 3.반도체(+18.9%) / 4.IT/전기전자(+15.1%) / 5.인프라·에너지(+12.3%),5,335,20260119,20260119,26.29,10.15,44.98,34.83
348340,뉴로메카,KOSDAQ,특수 목적용 기계 제조업,특수 목적용 기계 제조업,조선·기계·설비,93400,1040.77,0.0,OVERHEAT,False,False,False,42600,32300,63200,69520.0,33.3,60.1,26.6,3.0,3.0,34.9,81.80000305175781,0.0,,,OVERHEAT,⑤ 하락 / 약세,209.27,300.0,202.98,217.57,280.89,0,1.0,1.0,0.0,0.0,1.0,0.83,0.32,94.9,95.2,130.29,162.27,0,0,29.9,180.06,179.64,227.72,8.97,0,0,3.75,1.0,1,1,63210.0,58416,59.89,1.2804,1.22,3.46,False,O,▲,57518,▲,O,X,17.209594594594595,32.596756756756754,2.0,0,37.2,100.0,-0.49427168576104746,119.24882629107981,💪 매수세 장악(Power Buying). 💰 외국인/기관 수급 집중. 🚀 단기 모멘텀 가속. ⚠️ 단기 급등 조정 주의.,0,0,,,78.6,78.4,78.7,🔥 과열,1.자동차·모빌리티(+31.5%) / 2.조선·기계·설비(+26.4%) / 3.반도체(+18.9%) / 4.IT/전기전자(+15.1%) / 5.인프라·에너지(+12.3%),5,336,20260119,20260119,26.29,10.15,227.72,217.57
249420,일동제약,KOSPI,의약품 제조업,의약품 제조업,바이오·의약품,38800,195.09,0.0,ARMED,True,False,False,38800,35650,45100,49610.00000000001,33.1,0.0,41.4,28.7,28.7,34.4,71.0,0.0,,,ARMED,② 상승 후 조정,6.01,82.59,-14.9,57.6,27.87,0,1.0,0.81,0.61,1.0,0.01,0.16,0.35,48.8,50.1,-0.39,18.56,0,0,-0.51,-3.36,0.52,83.89,4.0,0,0,2.86,0.42,0,1,33870.0,38529,0.7,-0.1307,0.29,-1.82,False,O,▲,39623,▼,X,X,2.2862500000000003,-7.796250000000001,13.0,2,10.6,0.6,2.0,0.0,📉 매도세 우위. ✅ 20일선 눌림목 구간.,0,0,,,78.6,78.4,78.7,🔥 과열,1.자동차·모빌리티(+31.5%) / 2.조선·기계·설비(+26.4%) / 3.반도체(+18.9%) / 4.IT/전기전자(+15.1%) / 5.인프라·에너지(+12.3%),2,337,20260119,20260119,26.29,10.15,83.89,57.6
100090,SK오션플랜트,KOSPI,1차 철강 제조업,1차 철강 제조업,철강·금속,20000,88.34,0.0,WAIT,False,False,True,20000,19100,21800,23980.000000000004,33.0,15.5,37.4,29.7,29.7,41.8,55.20000076293945,0.0,,⚡눌림회복,WAIT,⑤ 하락 / 약세,0.91,-1.48,-20.0,-35.59,-56.2,5,1.0,0.45,0.99,1.0,0.01,0.07,0.36,55.5,60.7,-1.3,9.96,1,1,-0.74,-5.44,0.5,-9.3,1.51,0,0,1.31,0.33,0,1,18284.0,20357,-1.75,-0.2282,0.78,0.07,True,X,▼,20727,▼,X,X,5.7846153846153845,16.182307692307692,6.0,2,4.2,0.5,2.0,0.0,🌪️ 5일 연속 응축 중! 폭발 임박. 🧱 구조적 지지선(Swing Low) 근접. 📉 매도세 우위. 💸 자금 유입 지속. ✅ 20일선 눌림목 구간.,0,0,,,78.6,78.4,78.7,🔥 과열,1.자동차·모빌리티(+31.5%) / 2.조선·기계·설비(+26.4%) / 3.반도체(+18.9%) / 4.IT/전기전자(+15.1%) / 5.인프라·에너지(+12.3%),5,338,20260119,20260119,26.29,10.15,-9.3,-35.59
001430,세아베스틸지주,KOSPI,1차 철강 제조업,1차 철강 제조업,철강·금속,71500,214.95,0.0,OVERHEAT,False,False,False,59600,48800,81200,89320.0,32.9,53.9,27.6,3.0,3.0,32.6,84.9000015258789,0.0,,,OVERHEAT,② 상승 후 조정,66.86,108.15,45.95,139.02,53.43,0,1.0,1.0,0.0,0.0,0.29,0.17,0.1,87.4,86.2,25.91,64.99,0,0,5.3,4.69,27.0,165.31,28.35,0,0,1.66,0.95,1,1,53950.0,68392,4.54,-0.2234,0.41,0.72,False,O,▲,71014,▲,O,X,5.7846153846153845,16.182307692307692,6.0,0,67.1,28.6,0.42731277533039647,19.966442953020135,💰 외국인/기관 수급 집중. ⚠️ 단기 급등 조정 주의.,0,0,,,78.6,78.4,78.7,🔥 과열,1.자동차·모빌리티(+31.5%) / 2.조선·기계·설비(+26.4%) / 3.반도체(+18.9%) / 4.IT/전기전자(+15.1%) / 5.인프라·에너지(+12.3%),2,339,20260119,20260119,26.29,10.15,165.31,139.02
008770,호텔신라,KOSPI,기타 상품 전문 소매업,기타 상품 전문 소매업,유통·소비재,45900,85.86,0.0,NEUTRAL,False,False,False,45900,44100,49450,54395.00000000001,32.7,49.6,28.5,29.5,29.5,51.7,26.100000381469727,0.0,,,NEUTRAL,④ 바닥 반등 시도,1.89,-12.24,-19.02,-33.75,-66.96,1,0.98,0.39,0.94,1.0,0.08,0.07,0.55,58.8,49.2,1.5,5.93,0,1,-1.29,0.77,2.46,-7.46,-2.03,1,1,1.43,0.65,1,1,43565.0,46172,-0.59,0.0478,1.24,0.53,False,X,▼,46038,▲,X,X,8.767222222222223,-11.258888888888889,12.0,2,50.1,8.3,1.9722222222222223,0.0,🔇 변동성 축소 (BW 5.9%). 📉 매도세 우위. 🚀 단기 모멘텀 가속. ✅ 20일선 눌림목 구간.,0,0,,,78.6,78.4,78.7,🔥 과열,1.자동차·모빌리티(+31.5%) / 2.조선·기계·설비(+26.4%) / 3.반도체(+18.9%) / 4.IT/전기전자(+15.1%) / 5.인프라·에너지(+12.3%),4,340,20260119,20260119,26.29,10.15,-7.46,-33.75
005387,현대차2우B,KOSPI,기타,기타,자동차·모빌리티,295000,1544.7,0.0,OVERHEAT,False,False,False,241000,218500,286500,315150.0,32.7,84.9,19.6,3.0,3.0,36.9,58.29999923706055,0.0,,,OVERHEAT,⑤ 하락 / 약세,42.51,81.43,21.6,26.09,26.71,0,1.0,0.94,0.39,0.0,0.74,1.0,0.44,90.0,94.0,28.48,45.95,0,0,7.86,25.0,36.26,52.38,7.21,1,0,1.24,0.96,1,1,237750.0,269214,9.58,0.3008,2.46,2.52,False,O,▲,267875,▲,O,X,26.005714285714284,35.19914285714286,1.0,0,55.2,74.0,-0.1111111111111111,22.40663900414938,💪 매수세 장악(Power Buying). 💰 외국인/기관 수급 집중. 🚀 단기 모멘텀 가속. ⚠️ 단기 급등 조정 주의.,0,0,,,78.6,78.4,78.7,🔥 과열,1.자동차·모빌리티(+31.5%) / 2.조선·기계·설비(+26.4%) / 3.반도체(+18.9%) / 4.IT/전기전자(+15.1%) / 5.인프라·에너지(+12.3%),5,341,20260119,20260119,26.29,10.15,52.38,26.09
011780,금호석유화학,KOSPI,기초 화학물질 제조업,기초 화학물질 제조업,화학·소재,140700,133.35,0.0,NEUTRAL,False,False,False,140700,132000,158000,173800.0,32.6,45.8,29.3,23.6,23.6,48.9,42.599998474121094,0.0,,,NEUTRAL,④ 바닥 반등 시도,12.11,8.9,-8.8,-5.52,-45.82,0,0.99,0.61,0.93,1.0,0.36,0.11,0.31,73.0,72.0,10.91,28.11,0,0,0.43,3.84,18.53,20.77,-1.03,0,0,1.66,0.89,1,1,125430.0,139332,0.98,0.1356,0.88,1.34,False,O,▲,139001,▲,O,X,7.139749999999999,-5.23775,11.0,2,29.5,35.7,1.9885057471264367,0.0,💰 외국인/기관 수급 집중. 🚀 단기 모멘텀 가속. ⚠️ 단기 급등 조정 주의.,0,0,,,78.6,78.4,78.7,🔥 과열,1.자동차·모빌리티(+31.5%) / 2.조선·기계·설비(+26.4%) / 3.반도체(+18.9%) / 4.IT/전기전자(+15.1%) / 5.인프라·에너지(+12.3%),4,342,20260119,20260119,26.29,10.15,20.77,-5.52
455900,엔젤로보틱스,KOSDAQ,특수 목적용 기계 제조업,특수 목적용 기계 제조업,조선·기계·설비,36500,368.29,0.0,OVERHEAT,False,False,False,33000,29100,40800,44880.0,32.6,74.7,22.1,3.0,3.0,34.6,66.69999694824219,0.0,,,OVERHEAT,⑤ 하락 / 약세,21.46,54.99,15.17,7.4,35.88,1,1.0,1.0,0.1,0.0,0.77,0.3,0.42,64.5,67.4,16.12,29.36,0,0,5.49,25.43,16.43,17.55,-2.41,1,0,1.51,0.87,1,1,29670.0,35038,4.17,0.6281,2.23,2.31,False,O,▲,32840,▲,O,X,17.209594594594595,32.596756756756754,2.0,0,47.9,77.4,0.581081081081081,10.606060606060606,💪 매수세 장악(Power Buying). 💸 자금 유입 지속. 🚀 단기 모멘텀 가속. ⚠️ 단기 급등 조정 주의.,0,0,,,78.6,78.4,78.7,🔥 과열,1.자동차·모빌리티(+31.5%) / 2.조선·기계·설비(+26.4%) / 3.반도체(+18.9%) / 4.IT/전기전자(+15.1%) / 5.인프라·에너지(+12.3%),5,343,20260119,20260119,26.29,10.15,17.55,7.4
457370,한켐,KOSDAQ,기초 화학물질 제조업,기초 화학물질 제조업,화학·소재,10430,106.03,0.0,OVERHEAT,False,False,False,8490,7450,10560,11616.000000000002,32.6,45.8,29.3,3.0,3.0,37.1,90.69999694824219,0.0,,,OVERHEAT,③ 박스 / 중립,38.88,15.5,32.59,2.12,-3.61,0,0.99,1.0,0.07,0.0,0.94,0.09,0.25,83.6,99.1,29.05,46.83,0,0,1.66,35.28,35.45,12.27,1.09,1,0,3.78,0.73,1,1,8104.0,9563,9.06,0.481,1.34,1.5,False,O,▲,9229,▲,O,X,7.139749999999999,-5.23775,11.0,0,45.6,94.5,0.0436241610738255,22.85041224970554,💪 매수세 장악(Power Buying). 💰 외국인/기관 수급 집중. 🚀 단기 모멘텀 가속. ⚠️ 단기 급등 조정 주의.,0,0,,,78.6,78.4,78.7,🔥 과열,1.자동차·모빌리티(+31.5%) / 2.조선·기계·설비(+26.4%) / 3.반도체(+18.9%) / 4.IT/전기전자(+15.1%) / 5.인프라·에너지(+12.3%),3,344,20260119,20260119,26.29,10.15,12.27,2.12
241520,DSC인베스트먼트,KOSDAQ,신탁업 및 집합투자업,신탁업 및 집합투자업,기타,7270,68.45,0.0,WAIT,False,False,True,7270,6900,8000,8800.0,32.5,0.0,40.6,26.5,26.5,32.2,73.5999984741211,0.0,,,WAIT,④ 바닥 반등 시도,2.39,-2.55,-3.9,-7.18,-21.66,4,0.98,0.5,1.0,1.0,0.04,0.05,0.43,51.2,65.8,-1.4,12.86,1,0,-4.72,-1.09,-8.21,2.97,1.59,0,0,1.8,0.27,0,1,6880.0,7540,-3.59,0.0357,0.98,0.75,True,O,▲,7315,▼,X,X,7.377666666666667,14.425583333333332,7.0,2,3.4,4.2,1.972972972972973,0.0,🌪️ 에너지 응축 시작 (4일차). 🧱 구조적 지지선(Swing Low) 근접. 💸 자금 유입 지속. 🚀 단기 모멘텀 가속. ✅ 20일선 눌림목 구간.,0,0,,,78.6,78.4,78.7,🔥 과열,1.자동차·모빌리티(+31.5%) / 2.조선·기계·설비(+26.4%) / 3.반도체(+18.9%) / 4.IT/전기전자(+15.1%) / 5.인프라·에너지(+12.3%),4,345,20260119,20260119,26.29,10.15,2.97,-7.18
033240,자화전자,KOSPI,전자부품 제조업,전자부품 제조업,IT/전기전자,22950,82.38,0.0,WAIT,False,False,True,22950,21600,25650,28215.000000000004,32.5,25.6,34.2,20.4,20.4,31.7,66.5,0.0,,,WAIT,⑤ 하락 / 약세,0.44,28.93,-20.47,-26.29,-25.79,0,1.0,0.59,0.96,1.0,0.0,0.07,0.2,51.3,57.0,-5.48,29.82,0,0,2.46,-4.18,-18.76,0.0,2.56,0,0,1.33,0.21,0,-1,27855.0,23175,-0.97,-0.3203,1.1,-1.4,True,O,▲,23463,▼,X,X,9.837341772151898,18.689113924050634,4.0,2,4.3,0.0,2.0,0.0,🧱 구조적 지지선(Swing Low) 근접. 📉 매도세 우위. 📉 과매도 기술적 반등 기대.,0,0,,,78.6,78.4,78.7,🔥 과열,1.자동차·모빌리티(+31.5%) / 2.조선·기계·설비(+26.4%) / 3.반도체(+18.9%) / 4.IT/전기전자(+15.1%) / 5.인프라·에너지(+12.3%),5,346,20260119,20260119,26.29,10.15,0.0,-26.29
000720,현대건설,KOSPI,토목 건설업,토목 건설업,건설·부동산,107900,1878.0,0.0,OVERHEAT,False,False,False,83700,74500,101800,111980.00000000001,32.4,64.4,24.4,3.0,3.0,38.6,74.4000015258789,0.0,,,OVERHEAT,⑤ 하락 / 약세,52.4,60.8,31.49,56.9,6.08,0,0.98,1.0,0.17,0.0,0.82,1.0,0.27,94.1,95.1,35.43,66.4,0,0,3.45,18.44,45.81,83.19,7.22,1,0,2.13,0.96,1,1,86550.0,97293,10.9,0.3576,0.81,2.32,False,O,▲,99537,▲,O,X,9.18,-0.8666666666666668,8.0,0,55.2,82.3,-0.18263473053892215,28.912783751493432,💪 매수세 장악(Power Buying). 💰 외국인/기관 수급 집중. 🚀 단기 모멘텀 가속. ⚠️ 단기 급등 조정 주의.,0,0,,,78.6,78.4,78.7,🔥 과열,1.자동차·모빌리티(+31.5%) / 2.조선·기계·설비(+26.4%) / 3.반도체(+18.9%) / 4.IT/전기전자(+15.1%) / 5.인프라·에너지(+12.3%),5,347,20260119,20260119,26.29,10.15,83.19,56.9
087010,펩트론,KOSDAQ,기초 의약물질 제조업,기초 의약물질 제조업,기타,242000,638.42,0.0,NEUTRAL,False,False,False,242000,219500,287000,315700.0,32.2,34.2,31.7,12.9,12.9,38.8,75.5,0.0,,,NEUTRAL,⑤ 하락 / 약세,-0.62,-19.06,-6.91,-17.78,-38.17,0,1.0,0.93,0.4,1.0,0.0,0.51,0.4,55.1,54.6,-0.97,17.79,0,0,3.86,-4.72,-6.2,-7.63,-0.67,1,0,1.21,0.4,0,-1,267350.0,236728,2.23,-0.2496,1.14,-0.63,False,X,▼,242109,▼,X,X,7.377666666666667,14.425583333333332,7.0,1,22.0,0.0,2.0,0.0,📉 매도세 우위. ✅ 20일선 눌림목 구간.,0,0,,,78.6,78.4,78.7,🔥 과열,1.자동차·모빌리티(+31.5%) / 2.조선·기계·설비(+26.4%) / 3.반도체(+18.9%) / 4.IT/전기전자(+15.1%) / 5.인프라·에너지(+12.3%),5,348,20260119,20260119,26.29,10.15,-7.63,-17.78
234030,싸이닉솔루션,KOSDAQ,반도체 제조업,반도체 제조업,반도체,12030,499.73,0.0,OVERHEAT,False,False,False,10290,8630,13610,14971.000000000002,32.2,42.5,29.6,3.0,3.0,29.1,91.5999984741211,0.0,,,OVERHEAT,② 상승 후 조정,39.72,9.36,33.43,39.66,-9.75,0,1.0,1.0,0.0,0.0,0.39,0.4,0.15,85.3,83.9,22.76,55.33,0,0,2.38,6.18,36.55,49.81,3.66,1,0,3.0,0.85,1,1,8932.0,11694,2.87,-0.0659,1.07,0.52,False,O,▲,11968,▲,O,X,8.782,25.696666666666665,3.0,0,53.4,38.8,0.4647058823529412,16.909620991253643,📉 매도세 우위. 💰 외국인/기관 수급 집중. ⚠️ 단기 급등 조정 주의.,0,0,,,78.6,78.4,78.7,🔥 과열,1.자동차·모빌리티(+31.5%) / 2.조선·기계·설비(+26.4%) / 3.반도체(+18.9%) / 4.IT/전기전자(+15.1%) / 5.인프라·에너지(+12.3%),2,349,20260119,20260119,26.29,10.15,49.81,39.66
088350,한화생명,KOSPI,보험업,보험업,금융,3230,182.92,0.0,NEUTRAL,False,False,False,3230,2970,3745,4119.5,32.1,0.0,40.1,23.9,23.9,35.1,77.80000305175781,0.0,,,NEUTRAL,④ 바닥 반등 시도,-0.15,-13.52,-21.06,-24.07,-68.24,0,0.99,0.8,0.63,1.0,0.22,0.15,0.57,47.6,59.9,0.16,12.58,0,0,0.16,4.87,0.94,2.22,-3.5,0,0,1.58,0.31,1,1,2953.0,3320,-2.74,0.1817,1.49,1.03,False,O,▲,3172,▲,O,X,4.08,-12.326176470588237,14.0,2,1.6,22.5,1.9807692307692308,0.0,🚀 단기 모멘텀 가속. ✅ 20일선 눌림목 구간.,0,0,,,78.6,78.4,78.7,🔥 과열,1.자동차·모빌리티(+31.5%) / 2.조선·기계·설비(+26.4%) / 3.반도체(+18.9%) / 4.IT/전기전자(+15.1%) / 5.인프라·에너지(+12.3%),4,350,20260119,20260119,26.29,10.15,2.22,-24.07
100790,미래에셋벤처투자,KOSDAQ,기타 금융업,기타 금융업,금융,13000,112.62,0.0,WAIT,False,False,True,13000,11710,15580,17138.0,32.1,17.8,35.7,19.9,19.9,33.2,72.69999694824219,0.0,,,WAIT,② 상승 후 조정,18.61,89.78,12.32,59.56,70.67,0,1.0,0.99,0.3,1.0,0.0,0.09,0.04,48.1,54.5,-8.91,61.72,0,0,1.48,-10.71,-6.47,69.71,5.29,0,0,1.72,0.15,0,-1,16038.0,12934,0.5,-0.2366,0.14,-1.81,False,O,▲,12947,▼,O,X,4.08,-12.326176470588237,14.0,1,8.0,0.0,2.0,0.0,📉 매도세 우위. 📉 과매도 기술적 반등 기대.,0,0,,,78.6,78.4,78.7,🔥 과열,1.자동차·모빌리티(+31.5%) / 2.조선·기계·설비(+26.4%) / 3.반도체(+18.9%) / 4.IT/전기전자(+15.1%) / 5.인프라·에너지(+12.3%),2,351,20260119,20260119,26.29,10.15,69.71,59.56
473980,노머스,KOSDAQ,창작 및 예술관련 서비스업,창작 및 예술관련 서비스업,서비스 기타,24950,50.57,0.0,NEUTRAL,False,False,False,24950,20850,33150,36465.0,32.1,21.5,34.8,19.4,19.4,37.5,70.5999984741211,0.0,,,NEUTRAL,④ 바닥 반등 시도,6.62,-20.41,0.33,-21.52,-39.52,0,1.0,1.0,0.0,1.0,0.34,0.04,0.45,50.3,51.6,1.07,30.19,0,0,4.39,8.01,-3.48,-11.37,-0.22,0,0,1.83,0.33,1,-1,29240.0,24100,3.53,0.2842,0.64,0.25,False,X,▼,22802,▲,O,X,7.455217391304347,-5.216956521739131,10.0,1,2.0,33.6,2.0,0.0,📉 매도세 우위. 🚀 단기 모멘텀 가속. ✅ 20일선 눌림목 구간.,0,0,,,78.6,78.4,78.7,🔥 과열,1.자동차·모빌리티(+31.5%) / 2.조선·기계·설비(+26.4%) / 3.반도체(+18.9%) / 4.IT/전기전자(+15.1%) / 5.인프라·에너지(+12.3%),4,352,20260119,20260119,26.29,10.15,-11.37,-21.52
217330,싸이토젠,KOSDAQ,자연과학 및 공학 연구개발업,자연과학 및 공학 연구개발업,기타,9420,185.62,0.0,ARMED,True,False,False,8490,6030,13400,14740.000000000002,32.1,24.5,34.0,9.1,9.1,33.7,92.0999984741211,0.0,,,ARMED,① 강한 상승 추세,83.27,208.35,76.98,203.85,189.24,0,1.0,1.0,0.0,0.0,0.3,0.15,0.27,54.7,60.3,16.53,54.65,0,0,4.9,18.34,3.52,214.0,44.12,0,0,2.15,0.8,1,1,6308.0,8354,12.75,0.2225,1.41,1.46,False,O,▲,8010,▲,O,X,7.377666666666667,14.425583333333332,7.0,0,69.3,30.1,1.1740412979351031,10.954063604240282,💸 자금 유입 지속. 🚀 단기 모멘텀 가속. ⚠️ 단기 급등 조정 주의.,0,0,,,78.6,78.4,78.7,🔥 과열,1.자동차·모빌리티(+31.5%) / 2.조선·기계·설비(+26.4%) / 3.반도체(+18.9%) / 4.IT/전기전자(+15.1%) / 5.인프라·에너지(+12.3%),1,353,20260119,20260119,26.29,10.15,214.0,203.85
012330,현대모비스,KOSPI,자동차 신품 부품 제조업,자동차 신품 부품 제조업,자동차·모빌리티,457500,3431.86,0.0,OVERHEAT,False,False,False,411000,366000,502000,552200.0,32.1,70.5,22.5,3.0,3.0,20.0,68.0,0.0,,,OVERHEAT,⑤ 하락 / 약세,26.38,56.14,5.47,19.18,1.42,0,1.0,1.0,0.17,0.0,0.28,1.0,0.31,78.5,79.5,16.84,36.74,0,0,6.15,16.12,22.98,45.47,4.61,0,0,1.5,0.91,1,1,366950.0,443614,3.13,0.0338,1.56,1.78,False,O,▲,447671,▲,O,X,26.005714285714284,35.19914285714286,1.0,0,35.7,28.4,0.48633879781420764,11.313868613138686,💪 매수세 장악(Power Buying). 💰 외국인/기관 수급 집중. 🚀 단기 모멘텀 가속. ⚠️ 단기 급등 조정 주의.,0,0,,,78.6,78.4,78.7,🔥 과열,1.자동차·모빌리티(+31.5%) / 2.조선·기계·설비(+26.4%) / 3.반도체(+18.9%) / 4.IT/전기전자(+15.1%) / 5.인프라·에너지(+12.3%),5,354,20260119,20260119,26.29,10.15,45.47,19.18
019540,일지테크,KOSDAQ,자동차 신품 부품 제조업,자동차 신품 부품 제조업,자동차·모빌리티,5390,93.92,0.0,OVERHEAT,False,False,False,4650,4115,5720,6292.000000000001,32.1,44.7,28.9,3.0,3.0,33.3,89.19999694824219,0.0,,,OVERHEAT,⑤ 하락 / 약세,29.41,24.77,23.12,23.1,5.66,0,1.0,1.0,0.12,0.0,0.66,0.08,0.24,84.4,93.7,21.7,42.07,0,0,3.26,25.35,26.67,33.25,2.92,1,0,1.16,0.76,1,1,4431.5,5172,4.2,0.3214,1.51,1.1,False,O,▲,5072,▲,O,X,26.005714285714284,35.19914285714286,1.0,0,50.0,66.3,0.25882352941176473,15.913978494623656,💰 외국인/기관 수급 집중. 🚀 단기 모멘텀 가속. ⚠️ 단기 급등 조정 주의.,0,0,,,78.6,78.4,78.7,🔥 과열,1.자동차·모빌리티(+31.5%) / 2.조선·기계·설비(+26.4%) / 3.반도체(+18.9%) / 4.IT/전기전자(+15.1%) / 5.인프라·에너지(+12.3%),5,355,20260119,20260119,26.29,10.15,33.25,23.1
483650,달바글로벌,KOSPI,기타 화학제품 제조업,기타 화학제품 제조업,화학·소재,139800,122.04,0.0,WAIT,False,False,True,139800,134600,150100,165110.0,32.0,15.4,36.2,20.0,20.0,30.1,73.9000015258789,0.0,,,WAIT,⑤ 하락 / 약세,-10.04,-32.63,-30.95,-31.89,-87.35,0,0.99,0.37,0.92,1.0,0.0,0.1,0.18,49.3,37.5,-5.0,17.25,0,0,-1.06,-5.67,-6.61,-5.6,0.07,0,0,1.55,0.11,0,1,138740.0,142890,-2.16,-0.0825,0.75,-2.5,True,X,▼,142561,▼,X,X,7.139749999999999,-5.23775,11.0,1,0.2,0.0,1.9807692307692308,0.0,🧱 구조적 지지선(Swing Low) 근접. 📉 매도세 우위. ,0,0,,,78.6,78.4,78.7,🔥 과열,1.자동차·모빌리티(+31.5%) / 2.조선·기계·설비(+26.4%) / 3.반도체(+18.9%) / 4.IT/전기전자(+15.1%) / 5.인프라·에너지(+12.3%),5,356,20260119,20260119,26.29,10.15,-5.6,-31.89
329180,HD현대중공업,KOSPI,선박 및 보트 건조업,선박 및 보트 건조업,조선·기계·설비,648000,1394.81,0.0,OVERHEAT,False,False,False,589000,540000,686000,754600.0000000001,31.9,65.4,23.5,5.4,5.4,25.2,65.5999984741211,0.0,,,OVERHEAT,⑤ 하락 / 약세,24.86,55.58,3.95,-14.76,0.86,0,0.99,0.82,0.58,0.0,0.28,1.0,0.17,76.0,80.4,15.56,37.53,0,0,4.18,7.28,26.32,11.53,4.32,1,0,1.37,0.99,1,1,548900.0,630437,2.79,-0.1045,0.85,0.82,False,O,▲,645792,▲,O,X,17.209594594594595,32.596756756756754,2.0,0,49.0,27.9,0.35185185185185186,10.0169779286927,💰 외국인/기관 수급 집중. ⚠️ 단기 급등 조정 주의.,0,0,,,78.6,78.4,78.7,🔥 과열,1.자동차·모빌리티(+31.5%) / 2.조선·기계·설비(+26.4%) / 3.반도체(+18.9%) / 4.IT/전기전자(+15.1%) / 5.인프라·에너지(+12.3%),5,357,20260119,20260119,26.29,10.15,11.53,-14.76
047050,포스코인터내셔널,KOSPI,상품 중개업,상품 중개업,기타,62500,1740.69,0.0,OVERHEAT,False,False,False,54100,50200,62100,68310.0,31.9,95.5,16.0,3.0,3.0,28.4,46.400001525878906,0.0,,,OVERHEAT,④ 바닥 반등 시도,19.05,22.07,-1.86,-11.82,-32.65,0,1.0,0.74,0.78,0.0,0.83,1.0,0.57,81.6,75.9,21.2,29.82,0,0,9.08,25.13,28.73,14.47,-1.77,0,0,1.62,0.89,1,1,53545.0,57968,7.82,0.4439,4.24,2.12,False,O,▲,55491,▲,O,X,7.377666666666667,14.425583333333332,7.0,0,29.5,83.0,-0.032520325203252036,15.526802218114602,💪 매수세 장악(Power Buying). 💰 외국인/기관 수급 집중. 🚀 단기 모멘텀 가속. ⚠️ 단기 급등 조정 주의.,0,0,,,78.6,78.4,78.7,🔥 과열,1.자동차·모빌리티(+31.5%) / 2.조선·기계·설비(+26.4%) / 3.반도체(+18.9%) / 4.IT/전기전자(+15.1%) / 5.인프라·에너지(+12.3%),4,358,20260119,20260119,26.29,10.15,14.47,-11.82
382900,범한퓨얼셀,KOSDAQ,"전동기, 발전기 및 전기 변환 · 공급 · 제어 장치 제조업","전동기, 발전기 및 전기 변환 · 공급 · 제어 장치 제조업",인프라·에너지,32350,53.56,0.0,OVERHEAT,False,False,False,32350,29200,38600,42460.0,31.9,59.6,25.0,3.0,3.0,56.0,76.5,0.0,,,OVERHEAT,③ 박스 / 중립,16.16,76.2,9.87,2.96,57.09,0,0.99,0.97,0.33,1.0,0.29,0.04,0.17,80.7,80.4,13.73,31.46,0,0,0.47,2.86,20.71,13.11,2.16,1,0,7.98,0.9,1,1,26215.0,31633,2.27,0.0606,1.34,-0.6,False,O,▲,31839,▲,O,X,17.386923076923075,8.883846153846154,5.0,0,50.4,29.1,1.9841269841269842,0.0,📉 매도세 우위. 💰 외국인/기관 수급 집중. 🚀 단기 모멘텀 가속. ⚠️ 단기 급등 조정 주의.,0,0,,,78.6,78.4,78.7,🔥 과열,1.자동차·모빌리티(+31.5%) / 2.조선·기계·설비(+26.4%) / 3.반도체(+18.9%) / 4.IT/전기전자(+15.1%) / 5.인프라·에너지(+12.3%),3,359,20260119,20260119,26.29,10.15,13.11,2.96
204620,글로벌텍스프리,KOSDAQ,금융 지원 서비스업,금융 지원 서비스업,서비스 기타,4240,106.61,0.0,NEUTRAL,False,False,False,4240,3910,4900,5390.0,31.8,60.9,24.5,1.8,1.8,31.3,77.5,0.0,,,NEUTRAL,④ 바닥 반등 시도,-11.76,-44.72,-18.05,-35.11,-63.83,0,1.0,0.78,0.68,1.0,0.06,0.09,0.23,43.4,33.2,-5.04,30.84,0,0,6.0,-1.17,-4.72,-24.96,-7.64,0,0,0.69,0.17,0,-1,4521.0,4146,2.26,0.0496,1.27,-1.21,False,X,▼,4068,▼,O,X,7.455217391304347,-5.216956521739131,10.0,0,0.3,5.9,2.0,0.0,📉 매도세 우위. 🚀 단기 모멘텀 가속. 📉 과매도 기술적 반등 기대.,0,0,,,78.6,78.4,78.7,🔥 과열,1.자동차·모빌리티(+31.5%) / 2.조선·기계·설비(+26.4%) / 3.반도체(+18.9%) / 4.IT/전기전자(+15.1%) / 5.인프라·에너지(+12.3%),4,360,20260119,20260119,26.29,10.15,-24.96,-35.11
035420,NAVER,KOSPI,"자료처리, 호스팅, 포털 및 기타 인터넷 정보매개 서비스업","자료처리, 호스팅, 포털 및 기타 인터넷 정보매개 서비스업",서비스 기타,238000,4037.73,0.0,WAIT,False,False,True,238000,232500,248500,273350.0,31.6,0.0,39.5,34.4,34.4,40.4,51.5,0.0,,,WAIT,⑤ 하락 / 약세,3.03,1.28,-17.88,-33.14,-53.44,0,0.95,0.22,0.7,1.0,0.0,1.0,0.31,54.2,49.5,-3.21,16.03,0,0,-3.05,-6.85,-4.61,-6.85,4.86,1,0,1.27,0.26,0,1,235000.0,251818,-5.49,-0.3484,1.29,-1.74,True,X,▲,256217,▼,X,X,7.455217391304347,-5.216956521739131,10.0,3,26.1,0.0,1.9090909090909092,0.0,🧱 구조적 지지선(Swing Low) 근접. 📉 매도세 우위. ,0,0,,,78.6,78.4,78.7,🔥 과열,1.자동차·모빌리티(+31.5%) / 2.조선·기계·설비(+26.4%) / 3.반도체(+18.9%) / 4.IT/전기전자(+15.1%) / 5.인프라·에너지(+12.3%),5,361,20260119,20260119,26.29,10.15,-6.85,-33.14
252990,샘씨엔에스,KOSDAQ,전자부품 제조업,전자부품 제조업,IT/전기전자,6600,53.79,0.0,NEUTRAL,False,False,False,6600,6010,7770,8547.0,31.5,38.0,29.9,11.1,11.1,40.6,73.80000305175781,0.0,,,NEUTRAL,④ 바닥 반등 시도,-2.8,37.36,-9.09,-11.79,18.25,5,0.99,0.89,0.46,1.0,0.07,0.04,0.5,48.1,57.4,-0.21,13.11,1,0,3.12,0.76,-4.9,-1.64,-3.46,1,0,1.54,0.43,0,-1,7222.0,6583,0.26,0.0565,1.33,0.53,False,X,▲,6436,▼,O,X,9.837341772151898,18.689113924050634,4.0,1,23.1,6.7,1.9830508474576272,0.0,🌪️ 5일 연속 응축 중! 폭발 임박. 📉 매도세 우위. 🚀 단기 모멘텀 가속. ✅ 20일선 눌림목 구간.,0,0,,,78.6,78.4,78.7,🔥 과열,1.자동차·모빌리티(+31.5%) / 2.조선·기계·설비(+26.4%) / 3.반도체(+18.9%) / 4.IT/전기전자(+15.1%) / 5.인프라·에너지(+12.3%),4,362,20260119,20260119,26.29,10.15,-1.64,-11.79
000270,기아,KOSPI,자동차용 엔진 및 자동차 제조업,자동차용 엔진 및 자동차 제조업,자동차·모빌리티,169500,6609.78,0.0,OVERHEAT,False,False,False,136500,124200,161200,177320.0,31.5,87.4,17.5,3.0,3.0,36.7,51.400001525878906,0.0,,,OVERHEAT,⑤ 하락 / 약세,39.51,73.31,18.6,17.23,18.59,0,1.0,0.9,0.45,0.0,0.89,1.0,0.45,84.7,92.4,30.34,42.53,0,0,12.18,31.09,38.25,43.52,2.62,1,0,1.54,0.98,1,1,131960.0,149369,13.48,0.4148,2.57,2.58,False,O,▲,148373,▲,O,X,26.005714285714284,35.19914285714286,1.0,0,47.2,89.1,-0.18322295805739514,24.175824175824175,💪 매수세 장악(Power Buying). 💰 외국인/기관 수급 집중. 🚀 단기 모멘텀 가속. ⚠️ 단기 급등 조정 주의.,0,0,,,78.6,78.4,78.7,🔥 과열,1.자동차·모빌리티(+31.5%) / 2.조선·기계·설비(+26.4%) / 3.반도체(+18.9%) / 4.IT/전기전자(+15.1%) / 5.인프라·에너지(+12.3%),5,363,20260119,20260119,26.29,10.15,43.52,17.23
336260,두산퓨얼셀,KOSPI,"전동기, 발전기 및 전기 변환 · 공급 · 제어 장치 제조업","전동기, 발전기 및 전기 변환 · 공급 · 제어 장치 제조업",인프라·에너지,37750,436.46,0.0,OVERHEAT,False,False,False,33100,29600,40100,44110.0,31.4,70.7,21.6,3.0,3.0,32.5,65.0,0.0,,,OVERHEAT,④ 바닥 반등 시도,23.37,70.81,2.46,-5.88,16.09,0,1.0,1.0,0.21,0.0,0.49,0.35,0.34,77.4,69.9,19.7,35.56,0,0,6.79,19.27,22.56,20.41,6.8,1,0,1.38,0.92,1,1,30610.0,35624,5.97,0.2136,1.79,1.97,False,O,▲,35537,▲,O,X,17.386923076923075,8.883846153846154,5.0,0,56.6,49.2,0.2883435582822086,14.04833836858006,💪 매수세 장악(Power Buying). 💸 자금 유입 지속. 🚀 단기 모멘텀 가속. ⚠️ 단기 급등 조정 주의.,0,0,,,78.6,78.4,78.7,🔥 과열,1.자동차·모빌리티(+31.5%) / 2.조선·기계·설비(+26.4%) / 3.반도체(+18.9%) / 4.IT/전기전자(+15.1%) / 5.인프라·에너지(+12.3%),4,364,20260119,20260119,26.29,10.15,20.41,-5.88
034020,두산에너빌리티,KOSPI,일반 목적용 기계 제조업,일반 목적용 기계 제조업,조선·기계·설비,95400,8082.69,0.0,OVERHEAT,False,False,False,86600,79600,100700,110770.00000000001,31.3,63.9,23.2,3.0,3.0,31.7,70.4000015258789,0.0,,,OVERHEAT,④ 바닥 반등 시도,26.36,52.4,5.45,-5.53,-2.32,0,1.0,0.81,0.62,0.0,0.28,1.0,0.24,84.9,88.7,15.64,33.34,0,0,0.1,8.29,14.66,20.76,12.81,1,0,1.46,0.93,1,1,83470.0,91734,4.0,0.1085,1.29,1.16,False,O,▲,92638,▲,O,X,17.209594594594595,32.596756756756754,2.0,0,65.1,28.4,0.33544303797468356,10.161662817551962,💰 외국인/기관 수급 집중. 🚀 단기 모멘텀 가속. ⚠️ 단기 급등 조정 주의.,0,0,,,78.6,78.4,78.7,🔥 과열,1.자동차·모빌리티(+31.5%) / 2.조선·기계·설비(+26.4%) / 3.반도체(+18.9%) / 4.IT/전기전자(+15.1%) / 5.인프라·에너지(+12.3%),4,365,20260119,20260119,26.29,10.15,20.76,-5.53
122690,서진오토모티브,KOSDAQ,자동차 신품 부품 제조업,자동차 신품 부품 제조업,자동차·모빌리티,4015,56.58,0.0,WAIT,False,False,True,3615,2690,5470,6017.000000000001,31.3,38.0,29.6,3.0,3.0,28.0,91.5,0.0,,,WAIT,② 상승 후 조정,61.9,70.13,55.61,104.44,51.02,0,1.0,1.0,0.0,0.0,0.0,0.05,0.2,57.2,60.2,16.59,56.18,0,0,15.54,17.4,-0.62,114.59,49.88,0,0,1.34,0.87,1,1,2577.0,3726,7.73,-0.0946,1.19,0.92,False,O,▲,3624,▼,O,X,26.005714285714284,35.19914285714286,1.0,0,69.9,0.0,1.0981132075471698,11.065006915629322,💸 자금 유입 지속. ⚠️ 단기 급등 조정 주의.,0,0,,,78.6,78.4,78.7,🔥 과열,1.자동차·모빌리티(+31.5%) / 2.조선·기계·설비(+26.4%) / 3.반도체(+18.9%) / 4.IT/전기전자(+15.1%) / 5.인프라·에너지(+12.3%),2,366,20260119,20260119,26.29,10.15,114.59,104.44
022100,포스코DX,KOSPI,"건축기술, 엔지니어링 및 관련 기술 서비스업","건축기술, 엔지니어링 및 관련 기술 서비스업",서비스 기타,41700,1868.18,0.0,OVERHEAT,False,False,False,31600,27100,40600,44660.0,31.2,68.2,21.9,3.0,3.0,35.7,66.0,0.0,,,OVERHEAT,⑤ 하락 / 약세,53.59,63.21,32.68,35.97,8.49,2,1.0,1.0,0.01,0.0,1.0,1.0,0.29,83.2,81.7,38.48,63.77,0,0,-0.71,51.36,44.54,62.26,7.04,0,0,1.5,0.91,1,1,34375.0,37794,10.33,1.0359,1.36,1.99,False,O,▲,34329,▲,O,X,7.455217391304347,-5.216956521739131,10.0,0,39.3,100.0,-0.07534246575342465,31.962025316455694,💪 매수세 장악(Power Buying). 💰 외국인/기관 수급 집중. 🚀 단기 모멘텀 가속. ⚠️ 단기 급등 조정 주의.,0,0,,,78.6,78.4,78.7,🔥 과열,1.자동차·모빌리티(+31.5%) / 2.조선·기계·설비(+26.4%) / 3.반도체(+18.9%) / 4.IT/전기전자(+15.1%) / 5.인프라·에너지(+12.3%),5,367,20260119,20260119,26.29,10.15,62.26,35.97
257720,실리콘투,KOSDAQ,상품 종합 도매업,상품 종합 도매업,기타,39950,365.73,0.0,WAIT,False,False,True,39950,38600,42650,46915.00000000001,31.1,15.5,35.0,34.9,34.9,46.2,35.20000076293945,0.0,,,WAIT,⑤ 하락 / 약세,-3.27,-21.2,-9.56,-17.78,-40.31,0,1.0,0.34,0.88,1.0,0.0,0.29,0.41,57.6,62.2,-2.08,16.56,0,0,-4.99,-4.77,-0.12,-7.63,5.07,1,1,1.68,0.37,0,1,38055.0,41951,-4.77,-0.1589,1.7,-0.76,True,X,▼,43140,▼,X,X,7.377666666666667,14.425583333333332,7.0,3,40.5,0.0,2.0,0.0,🧱 구조적 지지선(Swing Low) 근접. 📉 매도세 우위. 💸 자금 유입 지속. ,0,0,,,78.6,78.4,78.7,🔥 과열,1.자동차·모빌리티(+31.5%) / 2.조선·기계·설비(+26.4%) / 3.반도체(+18.9%) / 4.IT/전기전자(+15.1%) / 5.인프라·에너지(+12.3%),5,368,20260119,20260119,26.29,10.15,-7.63,-17.78
009830,한화솔루션,KOSPI,기초 화학물질 제조업,기초 화학물질 제조업,화학·소재,28100,321.53,0.0,NEUTRAL,False,False,False,28100,26150,32000,35200.0,31.1,23.8,32.9,34.4,34.4,51.2,29.5,0.0,,,NEUTRAL,④ 바닥 반등 시도,3.5,-24.97,-17.41,-33.09,-79.69,1,1.0,0.69,0.83,1.0,0.19,0.26,0.54,59.7,56.8,2.52,13.74,0,0,-1.92,4.27,4.07,-6.8,-2.1,1,1,1.22,0.57,1,1,26005.0,28719,-2.16,0.1203,0.99,0.61,False,X,▼,28439,▲,X,X,7.139749999999999,-5.23775,11.0,3,43.7,18.5,2.0,0.0,🚀 단기 모멘텀 가속. ,0,0,,,78.6,78.4,78.7,🔥 과열,1.자동차·모빌리티(+31.5%) / 2.조선·기계·설비(+26.4%) / 3.반도체(+18.9%) / 4.IT/전기전자(+15.1%) / 5.인프라·에너지(+12.3%),4,369,20260119,20260119,26.29,10.15,-6.8,-33.09
032350,롯데관광개발,KOSPI,여행사 및 기타 여행보조 서비스업,여행사 및 기타 여행보조 서비스업,서비스 기타,20900,108.09,0.0,WAIT,False,False,True,20900,19990,22750,25025.000000000004,31.1,13.8,35.4,23.6,23.6,32.4,63.099998474121094,0.0,,,WAIT,④ 바닥 반등 시도,-4.13,18.21,-25.04,-19.28,-36.51,0,1.0,0.44,0.98,1.0,0.09,0.09,0.21,38.4,38.7,-4.5,15.91,0,0,0.0,-2.56,-2.79,7.01,0.74,0,0,1.53,0.18,0,1,19645.0,21064,-0.78,0.0786,0.85,-1.02,True,O,▲,20794,▼,O,X,7.455217391304347,-5.216956521739131,10.0,2,1.4,9.3,2.032967032967033,0.0,🧱 구조적 지지선(Swing Low) 근접. 📉 매도세 우위. 🚀 단기 모멘텀 가속. ,0,0,,,78.6,78.4,78.7,🔥 과열,1.자동차·모빌리티(+31.5%) / 2.조선·기계·설비(+26.4%) / 3.반도체(+18.9%) / 4.IT/전기전자(+15.1%) / 5.인프라·에너지(+12.3%),4,370,20260119,20260119,26.29,10.15,7.01,-19.28
212560,네오오토,KOSDAQ,자동차 신품 부품 제조업,자동차 신품 부품 제조업,자동차·모빌리티,12480,180.78,0.0,OVERHEAT,False,False,False,10570,8110,15480,17028.0,31.0,38.0,29.2,3.0,3.0,27.9,90.5,0.0,,,OVERHEAT,② 상승 후 조정,83.53,109.4,77.24,106.89,90.29,0,1.0,1.0,0.0,0.0,0.0,0.14,0.34,68.1,77.3,23.99,65.14,0,0,15.56,22.11,0.08,117.04,44.66,0,0,2.08,0.88,1,1,8502.5,11306,10.38,-0.0598,1.77,2.1,False,O,▲,11096,▼,O,X,26.005714285714284,35.19914285714286,1.0,0,69.7,0.1,0.6864988558352403,18.07000946073794,💪 매수세 장악(Power Buying). 💰 외국인/기관 수급 집중. ⚠️ 단기 급등 조정 주의.,0,0,,,78.6,78.4,78.7,🔥 과열,1.자동차·모빌리티(+31.5%) / 2.조선·기계·설비(+26.4%) / 3.반도체(+18.9%) / 4.IT/전기전자(+15.1%) / 5.인프라·에너지(+12.3%),2,371,20260119,20260119,26.29,10.15,117.04,106.89
218410,RFHIC,KOSDAQ,통신 및 방송 장비 제조업,통신 및 방송 장비 제조업,IT/전기전자,34100,106.55,0.0,WAIT,False,False,True,34100,33200,35900,39490.0,30.8,0.0,38.5,24.5,24.5,38.1,71.0999984741211,0.0,,,WAIT,② 상승 후 조정,7.57,22.88,1.28,13.85,3.77,0,1.0,0.26,0.76,1.0,0.0,0.09,0.28,52.5,49.1,-3.21,25.25,0,0,-2.85,-9.31,-4.21,24.0,10.97,0,0,1.9,0.4,0,1,32240.0,36029,-5.36,-0.445,0.96,-1.58,True,O,▲,37555,▼,X,X,9.837341772151898,18.689113924050634,4.0,2,20.2,0.0,2.0,0.0,🧱 구조적 지지선(Swing Low) 근접. 📉 매도세 우위. ,0,0,,,78.6,78.4,78.7,🔥 과열,1.자동차·모빌리티(+31.5%) / 2.조선·기계·설비(+26.4%) / 3.반도체(+18.9%) / 4.IT/전기전자(+15.1%) / 5.인프라·에너지(+12.3%),2,372,20260119,20260119,26.29,10.15,24.0,13.85
101170,우림피티에스,KOSDAQ,일반 목적용 기계 제조업,일반 목적용 기계 제조업,조선·기계·설비,21500,263.9,0.0,ARMED,True,False,False,17560,12430,27850,30635.000000000004,30.8,17.3,34.2,8.0,8.0,53.1,95.30000305175781,0.0,,🚀급등시동,ARMED,② 상승 후 조정,109.14,326.59,102.85,203.72,307.48,0,1.0,1.0,0.0,0.0,0.4,0.21,0.03,62.9,87.2,28.59,97.69,0,0,2.63,-2.49,40.8,213.87,36.46,1,0,3.17,0.82,1,1,13357.0,21898,-1.82,-0.296,0.31,-0.16,False,O,▲,22274,▲,X,X,17.209594594594595,32.596756756756754,2.0,0,87.7,40.0,0.7001102535832414,22.4373576309795,📉 매도세 우위. 💰 외국인/기관 수급 집중. ⚠️ 단기 급등 조정 주의.,0,0,,,78.6,78.4,78.7,🔥 과열,1.자동차·모빌리티(+31.5%) / 2.조선·기계·설비(+26.4%) / 3.반도체(+18.9%) / 4.IT/전기전자(+15.1%) / 5.인프라·에너지(+12.3%),2,373,20260119,20260119,26.29,10.15,213.87,203.72
299170,더블유에스아이,KOSDAQ,생활용품 도매업,생활용품 도매업,기타,3975,183.93,0.0,OVERHEAT,False,False,False,3320,2585,4785,5263.5,30.7,32.2,30.3,3.0,3.0,35.0,93.9000015258789,0.0,,,OVERHEAT,② 상승 후 조정,60.61,134.79,54.32,79.14,115.68,0,0.99,1.0,0.0,0.0,0.21,0.15,0.08,75.8,84.6,25.71,82.14,0,0,8.61,-4.9,19.37,89.29,43.12,1,0,1.45,0.64,1,1,3111.5,4128,-3.72,-0.5919,0.85,-0.26,False,O,▲,4121,▲,X,X,7.377666666666667,14.425583333333332,7.0,0,77.3,20.5,0.5827338129496403,19.728915662650603,📉 매도세 우위. 💰 외국인/기관 수급 집중. ⚠️ 단기 급등 조정 주의.,0,0,,,78.6,78.4,78.7,🔥 과열,1.자동차·모빌리티(+31.5%) / 2.조선·기계·설비(+26.4%) / 3.반도체(+18.9%) / 4.IT/전기전자(+15.1%) / 5.인프라·에너지(+12.3%),2,374,20260119,20260119,26.29,10.15,89.29,79.14
119500,포메탈,KOSDAQ,기타 금속 가공제품 제조업,기타 금속 가공제품 제조업,기타,5220,128.63,0.0,WAIT,False,False,True,4430,3520,6250,6875.000000000001,30.7,36.1,29.3,3.0,3.0,26.1,90.80000305175781,0.0,,,WAIT,② 상승 후 조정,57.47,63.89,51.18,55.04,44.78,0,1.0,1.0,0.0,0.0,0.4,0.1,0.1,68.0,65.4,23.76,83.88,0,0,4.71,-7.28,46.42,65.19,16.56,0,0,1.76,0.66,1,1,3939.5,5400,-3.34,-0.5113,1.02,-0.61,False,O,▲,5631,▲,X,X,7.377666666666667,14.425583333333332,7.0,0,45.4,40.0,0.6058823529411764,17.83295711060948,📉 매도세 우위. 💸 자금 유입 지속. ⚠️ 단기 급등 조정 주의.,0,0,,,78.6,78.4,78.7,🔥 과열,1.자동차·모빌리티(+31.5%) / 2.조선·기계·설비(+26.4%) / 3.반도체(+18.9%) / 4.IT/전기전자(+15.1%) / 5.인프라·에너지(+12.3%),2,375,20260119,20260119,26.29,10.15,65.19,55.04
078600,대주전자재료,KOSDAQ,전자부품 제조업,전자부품 제조업,IT/전기전자,61800,112.93,0.0,NEUTRAL,False,False,False,61800,57700,70000,77000.0,30.6,60.1,23.2,7.9,7.9,34.7,59.0,0.0,,,NEUTRAL,④ 바닥 반등 시도,-12.09,-18.36,-18.38,-28.3,-37.47,0,1.0,0.66,0.87,1.0,0.21,0.09,0.43,36.2,37.9,-2.13,19.8,0,0,4.04,1.64,-0.48,-18.15,-2.97,0,0,1.17,0.28,0,-1,65370.0,60704,1.81,0.1771,1.6,0.51,True,X,▼,59361,▲,O,X,9.837341772151898,18.689113924050634,4.0,0,1.2,21.0,2.0,0.0,🧱 구조적 지지선(Swing Low) 근접. 📉 매도세 우위. 🚀 단기 모멘텀 가속. ,0,0,,,78.6,78.4,78.7,🔥 과열,1.자동차·모빌리티(+31.5%) / 2.조선·기계·설비(+26.4%) / 3.반도체(+18.9%) / 4.IT/전기전자(+15.1%) / 5.인프라·에너지(+12.3%),4,376,20260119,20260119,26.29,10.15,-18.15,-28.3
066570,LG전자,KOSPI,통신 및 방송 장비 제조업,통신 및 방송 장비 제조업,IT/전기전자,106900,3965.16,0.0,OVERHEAT,False,False,False,106900,99800,121100,133210.0,30.6,91.4,15.4,3.0,3.0,57.3,44.5,0.0,,,OVERHEAT,④ 바닥 반등 시도,11.01,39.01,-9.9,-6.98,-15.71,2,1.0,0.66,0.87,1.0,0.61,1.0,0.55,77.0,69.7,14.68,16.47,0,0,8.64,21.48,14.95,19.31,-4.1,0,1,1.95,0.97,1,1,86970.0,97980,9.1,0.3786,3.27,2.48,False,O,▲,94096,▲,O,X,9.837341772151898,18.689113924050634,4.0,0,38.0,60.6,2.0,0.0,💪 매수세 장악(Power Buying). 💸 자금 유입 지속. 🚀 단기 모멘텀 가속. ⚠️ 단기 급등 조정 주의.,0,0,,,78.6,78.4,78.7,🔥 과열,1.자동차·모빌리티(+31.5%) / 2.조선·기계·설비(+26.4%) / 3.반도체(+18.9%) / 4.IT/전기전자(+15.1%) / 5.인프라·에너지(+12.3%),4,377,20260119,20260119,26.29,10.15,19.31,-6.98
010130,고려아연,KOSPI,1차 비철금속 제조업,1차 비철금속 제조업,철강·금속,1584000,1586.09,0.0,OVERHEAT,False,False,False,1389000,1194000,1778000,1955800.0000000002,30.6,59.7,23.3,3.0,3.0,28.4,70.69999694824219,0.0,,,OVERHEAT,⑤ 하락 / 약세,14.37,89.93,-6.54,7.49,35.21,0,0.99,1.0,0.02,0.0,0.82,1.0,0.22,65.2,58.4,19.76,34.42,0,0,-0.06,31.13,21.19,33.78,-10.94,0,0,0.79,0.82,1,1,1241800.0,1417190,11.77,0.7854,1.02,1.46,False,O,▲,1362516,▲,O,X,5.7846153846153845,16.182307692307692,6.0,0,29.7,82.5,0.49743589743589745,14.038876889848812,🚀 단기 모멘텀 가속. ⚠️ 단기 급등 조정 주의.,0,0,,,78.6,78.4,78.7,🔥 과열,1.자동차·모빌리티(+31.5%) / 2.조선·기계·설비(+26.4%) / 3.반도체(+18.9%) / 4.IT/전기전자(+15.1%) / 5.인프라·에너지(+12.3%),5,378,20260119,20260119,26.29,10.15,33.78,7.49
389650,넥스트바이오메디컬,KOSDAQ,의료용 기기 제조업,의료용 기기 제조업,기타,78700,81.48,0.0,WAIT,False,False,True,78700,76600,82900,91190.00000000001,30.4,0.0,38.0,29.6,29.6,52.3,57.599998474121094,0.0,,📦박스돌파,WAIT,② 상승 후 조정,-1.99,67.98,-8.28,12.25,48.87,4,1.0,0.27,0.76,1.0,0.0,0.07,0.12,37.8,50.5,-7.82,17.38,0,0,-2.72,-9.44,-14.18,22.4,0.51,1,1,1.51,0.05,0,1,76730.0,81999,-4.02,-0.2028,0.82,-1.91,True,O,▲,83292,▼,X,X,7.377666666666667,14.425583333333332,7.0,2,30.8,0.0,2.0,0.0,🧱 구조적 지지선(Swing Low) 근접. 📉 매도세 우위. 📉 과매도 기술적 반등 기대.,0,0,,,78.6,78.4,78.7,🔥 과열,1.자동차·모빌리티(+31.5%) / 2.조선·기계·설비(+26.4%) / 3.반도체(+18.9%) / 4.IT/전기전자(+15.1%) / 5.인프라·에너지(+12.3%),2,379,20260119,20260119,26.29,10.15,22.4,12.25
014910,성문전자,KOSPI,전자부품 제조업,전자부품 제조업,IT/전기전자,2450,92.52,0.0,ARMED,True,False,False,2045,1408,3315,3646.5000000000005,30.4,27.9,31.0,3.0,3.0,31.4,96.30000305175781,0.0,,,ARMED,② 상승 후 조정,124.56,96.0,103.65,82.22,41.28,0,0.99,1.0,0.0,0.0,0.18,0.07,0.08,70.9,83.0,25.86,152.11,0,0,-2.0,-22.1,16.95,108.51,71.56,1,0,3.22,0.54,1,1,1935.4,2805,-12.66,-1.4974,0.84,-1.71,False,O,▲,3089,▼,X,X,9.837341772151898,18.689113924050634,4.0,0,69.5,18.0,0.8301343570057581,19.80440097799511,📉 매도세 우위. 💰 외국인/기관 수급 집중. ⚠️ 단기 급등 조정 주의.,0,0,,,78.6,78.4,78.7,🔥 과열,1.자동차·모빌리티(+31.5%) / 2.조선·기계·설비(+26.4%) / 3.반도체(+18.9%) / 4.IT/전기전자(+15.1%) / 5.인프라·에너지(+12.3%),2,380,20260119,20260119,26.29,10.15,108.51,82.22
005389,현대차3우B,KOSPI,기타,기타,자동차·모빌리티,283000,220.42,0.0,OVERHEAT,False,False,False,233000,213500,271500,298650.0,30.3,82.9,17.2,3.0,3.0,37.2,50.20000076293945,0.0,,,OVERHEAT,⑤ 하락 / 약세,40.45,77.65,19.54,22.66,22.93,0,0.98,0.83,0.57,0.0,0.76,0.18,0.46,90.1,94.1,27.6,45.29,0,0,5.79,24.67,35.08,48.95,6.51,1,0,1.46,0.95,1,1,233650.0,260261,8.74,0.33,2.61,2.53,False,O,▲,258081,▲,O,X,26.005714285714284,35.19914285714286,1.0,0,54.8,76.2,-0.16546762589928057,21.45922746781116,💪 매수세 장악(Power Buying). 💰 외국인/기관 수급 집중. 🚀 단기 모멘텀 가속. ⚠️ 단기 급등 조정 주의.,0,0,,,78.6,78.4,78.7,🔥 과열,1.자동차·모빌리티(+31.5%) / 2.조선·기계·설비(+26.4%) / 3.반도체(+18.9%) / 4.IT/전기전자(+15.1%) / 5.인프라·에너지(+12.3%),5,381,20260119,20260119,26.29,10.15,48.95,22.66
340440,세림B&G,KOSDAQ,플라스틱제품 제조업,플라스틱제품 제조업,기타,1413,56.9,0.0,ARMED,True,False,False,1413,1314,1611,1772.1000000000001,30.2,18.0,33.3,13.6,13.6,35.9,79.4000015258789,0.0,,,ARMED,④ 바닥 반등 시도,-7.71,-16.29,-14.0,-16.39,-35.4,0,1.0,0.7,0.82,1.0,0.04,0.05,0.67,39.4,78.0,-3.17,16.53,0,0,4.05,-0.49,-4.14,-6.24,-8.09,0,1,5.56,0.26,0,1,1342.2,1432,-1.37,0.0317,11.55,1.03,False,X,▼,1372,▼,O,X,7.377666666666667,14.425583333333332,7.0,1,12.9,3.8,2.0,0.0,💰 외국인/기관 수급 집중. 🚀 단기 모멘텀 가속. ,0,0,,,78.6,78.4,78.7,🔥 과열,1.자동차·모빌리티(+31.5%) / 2.조선·기계·설비(+26.4%) / 3.반도체(+18.9%) / 4.IT/전기전자(+15.1%) / 5.인프라·에너지(+12.3%),4,382,20260119,20260119,26.29,10.15,-6.24,-16.39
005930,삼성전자,KOSPI,통신 및 방송 장비 제조업,통신 및 방송 장비 제조업,IT/전기전자,149300,33815.46,0.0,OVERHEAT,False,False,False,135800,126200,155000,170500.0,30.2,30.9,30.0,3.0,3.0,34.4,93.0999984741211,0.0,,,OVERHEAT,② 상승 후 조정,38.37,126.21,17.46,25.13,71.49,0,1.0,0.71,0.81,0.0,0.09,1.0,0.29,90.9,77.5,15.45,45.47,0,0,0.27,7.56,8.11,51.42,25.54,1,0,1.24,0.97,1,1,132910.0,143575,3.99,-0.0482,0.81,2.38,False,O,▲,148507,▲,O,X,9.837341772151898,18.689113924050634,4.0,0,81.7,8.6,0.24675324675324675,9.941089837997055,💪 매수세 장악(Power Buying). 💰 외국인/기관 수급 집중. ⚠️ 단기 급등 조정 주의.,0,0,,,78.6,78.4,78.7,🔥 과열,1.자동차·모빌리티(+31.5%) / 2.조선·기계·설비(+26.4%) / 3.반도체(+18.9%) / 4.IT/전기전자(+15.1%) / 5.인프라·에너지(+12.3%),2,383,20260119,20260119,26.29,10.15,51.42,25.13
448900,한국피아이엠,KOSDAQ,자동차 신품 부품 제조업,자동차 신품 부품 제조업,자동차·모빌리티,83100,383.77,0.0,OVERHEAT,False,False,False,61800,45300,94900,104390.00000000001,30.1,51.1,24.9,3.0,3.0,41.5,75.9000015258789,0.0,,,OVERHEAT,⑤ 하락 / 약세,45.28,510.13,38.99,222.25,491.02,0,1.0,1.0,0.0,0.0,0.8,0.31,0.23,77.0,74.0,41.12,91.27,0,0,2.59,14.62,62.3,232.4,10.74,1,0,1.81,0.87,1,1,53365.0,77992,6.55,0.3361,0.92,1.74,False,O,▲,79784,▲,O,X,26.005714285714284,35.19914285714286,1.0,0,63.7,79.8,0.31216931216931215,34.46601941747573,💪 매수세 장악(Power Buying). 💰 외국인/기관 수급 집중. 🚀 단기 모멘텀 가속. ⚠️ 단기 급등 조정 주의.,0,0,,,78.6,78.4,78.7,🔥 과열,1.자동차·모빌리티(+31.5%) / 2.조선·기계·설비(+26.4%) / 3.반도체(+18.9%) / 4.IT/전기전자(+15.1%) / 5.인프라·에너지(+12.3%),5,384,20260119,20260119,26.29,10.15,232.4,222.25
005850,에스엘,KOSPI,자동차 신품 부품 제조업,자동차 신품 부품 제조업,자동차·모빌리티,52400,292.71,0.0,OVERHEAT,False,False,False,46700,41700,56700,62370.00000000001,30.1,86.7,16.0,3.0,3.0,31.4,46.20000076293945,0.0,,,OVERHEAT,⑤ 하락 / 약세,20.18,65.56,-0.73,14.57,10.84,2,1.0,1.0,0.2,0.0,0.6,0.23,0.3,75.8,73.4,17.82,25.61,0,0,4.8,18.55,25.81,40.86,0.36,1,0,1.51,0.86,1,1,41040.0,49212,6.48,0.2755,1.95,1.24,False,O,▲,48099,▲,O,X,26.005714285714284,35.19914285714286,1.0,0,48.5,60.0,0.40186915887850466,12.205567451820128,💰 외국인/기관 수급 집중. 🚀 단기 모멘텀 가속. ⚠️ 단기 급등 조정 주의.,0,0,,,78.6,78.4,78.7,🔥 과열,1.자동차·모빌리티(+31.5%) / 2.조선·기계·설비(+26.4%) / 3.반도체(+18.9%) / 4.IT/전기전자(+15.1%) / 5.인프라·에너지(+12.3%),5,385,20260119,20260119,26.29,10.15,40.86,14.57
377300,카카오페이,KOSPI,금융 지원 서비스업,금융 지원 서비스업,서비스 기타,48000,131.0,0.0,WAIT,False,False,True,48000,46250,51500,56650.00000000001,30.0,12.9,34.3,31.8,31.8,45.8,40.099998474121094,0.0,,,WAIT,⑤ 하락 / 약세,6.9,-17.95,-14.01,-37.73,-72.67,0,1.0,0.36,0.91,1.0,0.0,0.11,0.31,49.5,65.9,-1.9,14.6,0,0,-1.23,-1.23,-6.07,-11.44,8.13,1,0,1.16,0.51,0,1,45665.0,49562,-3.15,-0.1434,0.67,-0.58,True,X,▼,49520,▼,X,X,7.455217391304347,-5.216956521739131,10.0,3,39.5,0.0,2.0,0.0,🧱 구조적 지지선(Swing Low) 근접. 📉 매도세 우위. 💸 자금 유입 지속. ✅ 20일선 눌림목 구간.,0,0,,,78.6,78.4,78.7,🔥 과열,1.자동차·모빌리티(+31.5%) / 2.조선·기계·설비(+26.4%) / 3.반도체(+18.9%) / 4.IT/전기전자(+15.1%) / 5.인프라·에너지(+12.3%),5,386,20260119,20260119,26.29,10.15,-11.44,-37.73
007660,이수페타시스,KOSPI,전자부품 제조업,전자부품 제조업,IT/전기전자,115800,1400.69,0.0,NEUTRAL,False,False,False,115800,104700,137900,151690.0,30.0,0.8,37.3,26.6,26.6,48.2,62.400001525878906,0.0,,,NEUTRAL,⑤ 하락 / 약세,-8.1,95.61,-29.01,8.99,40.89,0,0.99,0.95,0.35,1.0,0.46,1.0,0.37,45.5,50.0,-1.42,17.06,0,0,-4.14,4.89,-0.94,35.28,-7.2,1,0,1.05,0.41,0,-1,126340.0,118601,-2.36,0.3903,0.94,0.09,False,O,▲,114276,▲,O,X,9.837341772151898,18.689113924050634,4.0,2,22.3,46.2,1.990990990990991,0.0,📉 매도세 우위. 🚀 단기 모멘텀 가속. ✅ 20일선 눌림목 구간.,0,0,,,78.6,78.4,78.7,🔥 과열,1.자동차·모빌리티(+31.5%) / 2.조선·기계·설비(+26.4%) / 3.반도체(+18.9%) / 4.IT/전기전자(+15.1%) / 5.인프라·에너지(+12.3%),5,387,20260119,20260119,26.29,10.15,35.28,8.99
007810,코리아써키트,KOSPI,전자부품 제조업,전자부품 제조업,IT/전기전자,62500,242.76,0.0,OVERHEAT,False,False,False,49200,41900,63800,70180.0,30.0,54.6,23.9,3.0,3.0,52.8,72.5999984741211,0.0,,,OVERHEAT,⑤ 하락 / 약세,74.09,431.46,53.18,207.58,376.74,0,1.0,1.0,0.01,0.0,0.92,0.19,0.26,85.3,91.7,33.41,70.34,0,0,0.16,25.25,32.0,233.87,29.9,1,0,1.29,0.93,1,1,50265.0,57498,8.7,0.4901,0.63,2.81,False,O,▲,57373,▲,O,X,9.837341772151898,18.689113924050634,4.0,0,86.1,91.9,0.06310679611650485,27.03252032520325,💪 매수세 장악(Power Buying). 💰 외국인/기관 수급 집중. 🚀 단기 모멘텀 가속. ⚠️ 단기 급등 조정 주의.,0,0,,,78.6,78.4,78.7,🔥 과열,1.자동차·모빌리티(+31.5%) / 2.조선·기계·설비(+26.4%) / 3.반도체(+18.9%) / 4.IT/전기전자(+15.1%) / 5.인프라·에너지(+12.3%),5,388,20260119,20260119,26.29,10.15,233.87,207.58
005935,삼성전자우,KOSPI,전기전자,전기전자,IT/전기전자,110900,3773.44,0.0,OVERHEAT,False,False,False,110900,104100,124400,136840.0,29.8,51.5,24.4,3.0,3.0,60.4,74.30000305175781,0.0,,,OVERHEAT,② 상승 후 조정,32.18,102.37,11.27,15.34,47.65,0,0.99,0.61,0.94,1.0,0.09,1.0,0.32,90.3,72.9,14.5,39.6,0,0,-0.27,7.05,8.73,41.63,18.97,1,0,1.34,0.98,1,1,98390.0,106895,3.75,-0.0221,0.92,2.83,False,O,▲,109981,▲,O,X,9.837341772151898,18.689113924050634,4.0,0,71.4,9.3,1.9852941176470589,0.0,💪 매수세 장악(Power Buying). 💰 외국인/기관 수급 집중. ⚠️ 단기 급등 조정 주의.,0,0,,,78.6,78.4,78.7,🔥 과열,1.자동차·모빌리티(+31.5%) / 2.조선·기계·설비(+26.4%) / 3.반도체(+18.9%) / 4.IT/전기전자(+15.1%) / 5.인프라·에너지(+12.3%),2,389,20260119,20260119,26.29,10.15,41.63,15.34
000810,삼성화재,KOSPI,보험업,보험업,금융,480500,328.82,0.0,NEUTRAL,False,False,False,480500,457500,527000,579700.0,29.7,27.1,30.4,16.8,16.8,45.4,62.099998474121094,0.0,,,NEUTRAL,④ 바닥 반등 시도,-2.34,3.78,-23.25,-20.57,-50.94,1,1.0,0.48,1.0,1.0,0.14,0.26,0.38,43.0,43.5,-1.24,7.86,0,1,-1.23,0.73,-1.44,5.72,-3.32,1,1,1.01,0.31,0,1,466800.0,482884,-0.49,0.1153,1.0,0.04,True,O,▲,473993,▲,O,X,4.08,-12.326176470588237,14.0,1,31.6,13.6,2.0217391304347827,0.0,🔇 변동성 축소 (BW 7.9%). 🧱 구조적 지지선(Swing Low) 근접. 📉 매도세 우위. 🚀 단기 모멘텀 가속. ✅ 20일선 눌림목 구간.,0,0,,,78.6,78.4,78.7,🔥 과열,1.자동차·모빌리티(+31.5%) / 2.조선·기계·설비(+26.4%) / 3.반도체(+18.9%) / 4.IT/전기전자(+15.1%) / 5.인프라·에너지(+12.3%),4,390,20260119,20260119,26.29,10.15,5.72,-20.57
298020,효성티앤씨,KOSPI,화학섬유 제조업,화학섬유 제조업,화학·소재,293000,143.27,0.0,OVERHEAT,False,False,False,248500,225000,295500,325050.0,29.7,71.7,19.2,3.0,3.0,32.0,56.900001525878906,0.0,,,OVERHEAT,⑤ 하락 / 약세,24.95,15.13,4.04,8.42,-39.59,0,1.0,0.95,0.37,0.0,1.0,0.11,0.35,75.9,83.7,23.69,37.02,0,0,1.74,23.63,37.88,34.71,-1.18,0,0,2.28,0.83,1,1,243825.0,274006,6.93,0.6086,1.53,2.61,False,O,▲,256926,▲,O,X,7.139749999999999,-5.23775,11.0,0,29.9,100.0,0.03676470588235294,17.90744466800805,💪 매수세 장악(Power Buying). 💰 외국인/기관 수급 집중. 🚀 단기 모멘텀 가속. ⚠️ 단기 급등 조정 주의.,0,0,,,78.6,78.4,78.7,🔥 과열,1.자동차·모빌리티(+31.5%) / 2.조선·기계·설비(+26.4%) / 3.반도체(+18.9%) / 4.IT/전기전자(+15.1%) / 5.인프라·에너지(+12.3%),5,391,20260119,20260119,26.29,10.15,34.71,8.42
039440,에스티아이,KOSDAQ,특수 목적용 기계 제조업,특수 목적용 기계 제조업,조선·기계·설비,30000,52.74,0.0,WAIT,False,False,True,30000,28800,32400,35640.0,29.6,8.8,34.8,20.4,20.4,30.1,68.30000305175781,0.0,,,WAIT,② 상승 후 조정,-1.8,59.49,-8.09,24.38,40.38,0,1.0,0.4,0.95,1.0,0.0,0.04,0.21,49.0,48.4,-3.66,20.21,0,0,-0.17,-2.28,-14.16,34.53,0.17,0,0,1.35,0.1,0,1,29715.0,30143,-0.47,-0.0648,0.45,-2.59,True,O,▲,30185,▼,X,X,17.209594594594595,32.596756756756754,2.0,2,0.4,0.0,2.0,0.0,🧱 구조적 지지선(Swing Low) 근접. 📉 매도세 우위. ,0,0,,,78.6,78.4,78.7,🔥 과열,1.자동차·모빌리티(+31.5%) / 2.조선·기계·설비(+26.4%) / 3.반도체(+18.9%) / 4.IT/전기전자(+15.1%) / 5.인프라·에너지(+12.3%),2,392,20260119,20260119,26.29,10.15,34.53,24.38
484810,티엑스알로보틱스,KOSDAQ,일반 목적용 기계 제조업,일반 목적용 기계 제조업,조선·기계·설비,19760,149.05,0.0,ARMED,True,False,False,17350,14770,22550,24805.000000000004,29.5,43.2,26.1,3.0,3.0,25.1,80.0999984741211,0.0,,,ARMED,⑤ 하락 / 약세,29.74,42.47,23.45,8.74,23.36,0,1.0,1.0,0.01,0.0,0.64,0.12,0.13,74.0,86.5,19.55,38.65,0,0,4.22,10.76,24.35,18.89,2.06,0,0,3.19,0.76,1,1,15933.0,19329,2.23,0.3215,1.2,0.19,False,O,▲,18630,▲,O,X,17.209594594594595,32.596756756756754,2.0,0,30.7,63.9,0.5591182364729459,13.890489913544668,📉 매도세 우위. 💰 외국인/기관 수급 집중. 🚀 단기 모멘텀 가속. ⚠️ 단기 급등 조정 주의.,0,0,,,78.6,78.4,78.7,🔥 과열,1.자동차·모빌리티(+31.5%) / 2.조선·기계·설비(+26.4%) / 3.반도체(+18.9%) / 4.IT/전기전자(+15.1%) / 5.인프라·에너지(+12.3%),5,393,20260119,20260119,26.29,10.15,18.89,8.74
397030,에이프릴바이오,KOSDAQ,자연과학 및 공학 연구개발업,자연과학 및 공학 연구개발업,기타,48050,155.86,0.0,ARMED,True,False,False,48050,45550,53100,58410.00000000001,29.4,0.0,36.8,24.4,24.4,35.8,65.69999694824219,0.0,,,ARMED,② 상승 후 조정,8.47,112.61,2.18,52.73,93.5,0,1.0,0.53,1.0,1.0,0.0,0.12,0.09,48.5,47.2,-7.03,25.61,0,0,-2.44,-12.0,-9.68,62.88,8.64,0,0,2.01,0.31,0,1,45945.0,50310,-4.49,-0.5174,0.36,-1.73,True,O,▲,52272,▼,X,X,7.377666666666667,14.425583333333332,7.0,2,14.4,0.0,2.02,0.0,🧱 구조적 지지선(Swing Low) 근접. 📉 매도세 우위. 📉 과매도 기술적 반등 기대.,0,0,,,78.6,78.4,78.7,🔥 과열,1.자동차·모빌리티(+31.5%) / 2.조선·기계·설비(+26.4%) / 3.반도체(+18.9%) / 4.IT/전기전자(+15.1%) / 5.인프라·에너지(+12.3%),2,394,20260119,20260119,26.29,10.15,62.88,52.73
012860,모베이스전자,KOSDAQ,자동차 신품 부품 제조업,자동차 신품 부품 제조업,자동차·모빌리티,5720,1932.99,0.0,OVERHEAT,False,False,False,2490,1405,4660,5126.0,29.4,37.5,27.4,3.0,3.0,39.1,84.30000305175781,0.0,,,OVERHEAT,⑤ 하락 / 약세,320.59,285.7,314.3,311.68,266.59,0,1.0,1.0,0.0,0.0,1.0,1.0,0.32,99.8,100.0,141.21,252.75,0,0,0.7,120.85,297.22,321.83,-100.0,1,0,0.67,0.88,1,1,3245.3,5438,5.17,1.1255,3.24,-0.27,False,O,▲,4525,▲,O,X,26.005714285714284,35.19914285714286,1.0,0,47.7,100.0,-0.24565469293163383,129.71887550200802,📉 매도세 우위. 💰 외국인/기관 수급 집중. 🚀 단기 모멘텀 가속. ⚠️ 단기 급등 조정 주의.,0,0,,,78.6,78.4,78.7,🔥 과열,1.자동차·모빌리티(+31.5%) / 2.조선·기계·설비(+26.4%) / 3.반도체(+18.9%) / 4.IT/전기전자(+15.1%) / 5.인프라·에너지(+12.3%),5,395,20260119,20260119,26.29,10.15,321.83,311.68
032940,원익,KOSDAQ,기계장비 및 관련 물품 도매업,기계장비 및 관련 물품 도매업,조선·기계·설비,14600,89.77,0.0,OVERHEAT,False,False,False,11790,9290,16790,18469.0,29.4,34.0,28.2,0.0,0.0,33.4,94.0,0.0,,,OVERHEAT,② 상승 후 조정,109.47,109.77,103.18,74.19,90.66,0,1.0,1.0,0.0,0.0,0.02,0.07,0.11,76.4,84.8,30.04,111.12,0,0,3.18,9.2,1.74,84.34,78.26,1,0,3.92,0.71,1,-1,17156.0,13983,4.41,-0.3901,0.37,0.9,False,O,▲,14851,▼,X,X,17.209594594594595,32.596756756756754,2.0,0,82.7,1.8,0.4124293785310734,23.83375742154368,💰 외국인/기관 수급 집중. ⚠️ 단기 급등 조정 주의.,0,0,,,78.6,78.4,78.7,🔥 과열,1.자동차·모빌리티(+31.5%) / 2.조선·기계·설비(+26.4%) / 3.반도체(+18.9%) / 4.IT/전기전자(+15.1%) / 5.인프라·에너지(+12.3%),2,396,20260119,20260119,26.29,10.15,84.34,74.19
086280,현대글로비스,KOSPI,기타 운송관련 서비스업,기타 운송관련 서비스업,서비스 기타,273000,1954.2,0.0,OVERHEAT,False,False,False,220500,192900,276000,303600.0,29.2,61.4,21.2,3.0,3.0,28.6,63.5,0.0,,,OVERHEAT,② 상승 후 조정,51.92,94.58,31.01,31.15,39.86,0,1.0,1.0,0.06,0.0,0.4,1.0,0.17,88.9,88.7,29.94,69.69,0,0,6.23,12.11,53.28,57.44,3.56,1,0,1.25,0.93,1,1,206550.0,262006,4.2,-0.0518,1.68,0.13,False,O,▲,270091,▲,O,X,7.455217391304347,-5.216956521739131,10.0,0,51.4,40.0,0.03745318352059925,23.809523809523807,📉 매도세 우위. 💰 외국인/기관 수급 집중. ⚠️ 단기 급등 조정 주의.,0,0,,,78.6,78.4,78.7,🔥 과열,1.자동차·모빌리티(+31.5%) / 2.조선·기계·설비(+26.4%) / 3.반도체(+18.9%) / 4.IT/전기전자(+15.1%) / 5.인프라·에너지(+12.3%),2,397,20260119,20260119,26.29,10.15,57.44,31.15
053270,구영테크,KOSDAQ,자동차 신품 부품 제조업,자동차 신품 부품 제조업,자동차·모빌리티,2680,85.52,0.0,OVERHEAT,False,False,False,2370,2045,3010,3311.0000000000005,29.2,29.0,29.3,3.0,3.0,31.5,90.69999694824219,0.0,,,OVERHEAT,⑤ 하락 / 약세,26.42,16.52,20.13,9.23,-2.59,0,0.98,1.0,0.02,0.0,0.76,0.07,0.31,70.1,80.2,18.85,45.45,0,0,0.37,20.72,28.54,19.38,0.74,1,0,3.72,0.67,1,1,2043.5,2696,-0.62,0.385,1.35,2.19,False,O,▲,2623,▲,O,X,26.005714285714284,35.19914285714286,1.0,0,40.8,75.8,0.5196850393700787,13.080168776371309,💪 매수세 장악(Power Buying). 💰 외국인/기관 수급 집중. 🚀 단기 모멘텀 가속. ⚠️ 단기 급등 조정 주의.,0,0,,,78.6,78.4,78.7,🔥 과열,1.자동차·모빌리티(+31.5%) / 2.조선·기계·설비(+26.4%) / 3.반도체(+18.9%) / 4.IT/전기전자(+15.1%) / 5.인프라·에너지(+12.3%),5,398,20260119,20260119,26.29,10.15,19.38,9.23
034730,SK,KOSPI,기타 금융업,기타 금융업,금융,294000,587.29,0.0,OVERHEAT,False,False,False,294000,273000,335500,369050.00000000006,29.1,0.0,36.4,31.6,31.6,57.2,47.70000076293945,0.0,,,OVERHEAT,③ 박스 / 중립,15.29,37.06,-5.62,-1.18,-17.66,0,0.99,0.71,0.79,1.0,0.14,0.47,0.39,77.2,67.9,8.59,28.92,0,0,-1.67,5.38,8.89,25.11,9.47,1,0,1.07,0.79,1,1,261400.0,293871,0.04,0.0396,1.01,0.95,False,O,▲,300180,▲,X,X,4.08,-12.326176470588237,14.0,3,60.9,14.1,1.9761904761904763,0.0,💸 자금 유입 지속. 🚀 단기 모멘텀 가속. ⚠️ 단기 급등 조정 주의.,0,0,,,78.6,78.4,78.7,🔥 과열,1.자동차·모빌리티(+31.5%) / 2.조선·기계·설비(+26.4%) / 3.반도체(+18.9%) / 4.IT/전기전자(+15.1%) / 5.인프라·에너지(+12.3%),3,399,20260119,20260119,26.29,10.15,25.11,-1.18
295310,에이치브이엠,KOSDAQ,1차 비철금속 제조업,1차 비철금속 제조업,철강·금속,77400,408.17,0.0,OVERHEAT,False,False,False,66800,50400,99600,109560.00000000001,28.9,28.0,29.1,3.0,3.0,28.2,90.0,0.0,,,OVERHEAT,② 상승 후 조정,118.64,158.0,112.35,204.48,138.89,0,1.0,1.0,0.0,0.0,0.12,0.33,0.06,77.0,77.4,21.57,79.41,0,0,6.91,-0.13,11.05,214.63,65.43,0,0,2.06,0.71,1,1,56325.0,78122,-0.92,-0.6116,0.66,-0.39,False,O,▲,80885,▼,X,X,5.7846153846153845,16.182307692307692,6.0,0,64.7,11.7,0.8222222222222222,15.868263473053892,📉 매도세 우위. 💰 외국인/기관 수급 집중. ⚠️ 단기 급등 조정 주의.,0,0,,,78.6,78.4,78.7,🔥 과열,1.자동차·모빌리티(+31.5%) / 2.조선·기계·설비(+26.4%) / 3.반도체(+18.9%) / 4.IT/전기전자(+15.1%) / 5.인프라·에너지(+12.3%),2,400,20260119,20260119,26.29,10.15,214.63,204.48
287840,인투셀,KOSDAQ,자연과학 및 공학 연구개발업,자연과학 및 공학 연구개발업,기타,53900,74.39,0.0,NEUTRAL,False,False,False,53900,50400,60800,66880.0,28.7,0.0,35.9,25.3,25.3,37.4,60.79999923706055,0.0,,,NEUTRAL,② 상승 후 조정,-7.39,106.51,-13.68,14.04,87.4,5,0.98,0.64,0.89,1.0,0.0,0.06,0.09,37.9,50.2,-7.24,18.43,1,0,-1.82,-9.72,-7.86,24.19,0.0,1,0,1.59,0.2,0,1,52940.0,55197,-2.35,-0.2672,0.45,-0.65,True,O,▲,56849,▼,X,X,7.377666666666667,14.425583333333332,7.0,2,18.4,0.0,1.9714285714285715,0.0,🌪️ 5일 연속 응축 중! 폭발 임박. 🧱 구조적 지지선(Swing Low) 근접. 📉 매도세 우위. 📉 과매도 기술적 반등 기대.,0,0,,,78.6,78.4,78.7,🔥 과열,1.자동차·모빌리티(+31.5%) / 2.조선·기계·설비(+26.4%) / 3.반도체(+18.9%) / 4.IT/전기전자(+15.1%) / 5.인프라·에너지(+12.3%),2,401,20260119,20260119,26.29,10.15,24.19,14.04
031980,피에스케이홀딩스,KOSDAQ,특수 목적용 기계 제조업,특수 목적용 기계 제조업,조선·기계·설비,59500,261.61,0.0,OVERHEAT,False,False,False,51900,45850,64100,70510.0,28.5,79.1,15.8,3.0,3.0,36.8,45.5,0.0,,,OVERHEAT,③ 박스 / 중립,39.02,77.08,32.73,2.11,57.97,0,1.0,1.0,0.11,0.0,0.47,0.21,0.36,80.1,83.0,20.34,36.64,0,0,2.59,19.0,16.9,12.26,15.53,1,0,1.89,0.94,1,1,46380.0,54913,8.35,0.2442,1.89,2.13,False,O,▲,54616,▲,O,X,17.209594594594595,32.596756756756754,2.0,0,68.6,46.8,0.336996336996337,14.64354527938343,💪 매수세 장악(Power Buying). 💰 외국인/기관 수급 집중. 🚀 단기 모멘텀 가속. ⚠️ 단기 급등 조정 주의.,0,0,,,78.6,78.4,78.7,🔥 과열,1.자동차·모빌리티(+31.5%) / 2.조선·기계·설비(+26.4%) / 3.반도체(+18.9%) / 4.IT/전기전자(+15.1%) / 5.인프라·에너지(+12.3%),3,402,20260119,20260119,26.29,10.15,12.26,2.11
004800,효성,KOSPI,기타 금융업,기타 금융업,금융,153000,92.6,0.0,OVERHEAT,False,False,False,131000,118100,156700,172370.0,28.5,64.5,19.5,3.0,3.0,36.9,58.0,0.0,,,OVERHEAT,⑤ 하락 / 약세,23.99,97.67,3.08,18.87,42.95,0,0.99,0.98,0.31,0.0,0.85,0.07,0.12,78.2,76.3,22.65,39.42,0,0,5.01,21.72,27.82,45.16,1.73,1,0,0.79,0.8,1,1,130790.0,148046,3.35,0.4664,1.02,0.24,False,O,▲,141218,▲,O,X,4.08,-12.326176470588237,14.0,0,49.8,84.7,0.10601719197707736,16.793893129770993,📉 매도세 우위. 💰 외국인/기관 수급 집중. 🚀 단기 모멘텀 가속. ⚠️ 단기 급등 조정 주의.,0,0,,,78.6,78.4,78.7,🔥 과열,1.자동차·모빌리티(+31.5%) / 2.조선·기계·설비(+26.4%) / 3.반도체(+18.9%) / 4.IT/전기전자(+15.1%) / 5.인프라·에너지(+12.3%),5,403,20260119,20260119,26.29,10.15,45.16,18.87
069960,현대백화점,KOSPI,종합 소매업,종합 소매업,유통·소비재,93100,53.47,0.0,NEUTRAL,False,False,False,93100,85500,108200,119020.00000000001,27.9,24.1,28.8,28.3,28.3,45.5,30.100000381469727,0.0,,,NEUTRAL,④ 바닥 반등 시도,0.54,20.91,-20.37,-13.03,-33.81,2,0.99,0.81,0.61,1.0,0.2,0.04,0.51,54.0,69.3,2.39,12.99,0,0,-3.12,1.31,5.32,13.26,-0.24,0,1,1.77,0.61,1,1,82530.0,94828,-1.82,0.1214,0.75,0.45,False,O,▲,94233,▲,X,X,8.767222222222223,-11.258888888888889,12.0,2,28.9,20.0,1.986842105263158,0.0,📉 매도세 우위. 💸 자금 유입 지속. 🚀 단기 모멘텀 가속. ,0,0,,,78.6,78.4,78.7,🔥 과열,1.자동차·모빌리티(+31.5%) / 2.조선·기계·설비(+26.4%) / 3.반도체(+18.9%) / 4.IT/전기전자(+15.1%) / 5.인프라·에너지(+12.3%),4,404,20260119,20260119,26.29,10.15,13.26,-13.03
069540,빛과전자,KOSDAQ,통신 및 방송 장비 제조업,통신 및 방송 장비 제조업,IT/전기전자,1729,586.79,0.0,OVERHEAT,False,False,False,1041,733,1658,1823.8000000000002,27.9,54.2,21.3,3.0,3.0,29.1,64.0,0.0,,,OVERHEAT,② 상승 후 조정,150.58,28.07,144.29,123.81,8.96,0,1.0,1.0,0.0,0.0,0.4,0.47,0.19,84.9,83.1,74.33,168.51,0,0,20.07,8.47,183.91,133.96,3.89,1,0,0.98,0.91,1,1,1052.3,1558,10.93,-0.3881,1.93,-0.35,False,O,▲,1662,▲,O,X,9.837341772151898,18.689113924050634,4.0,0,52.7,40.0,-0.071285140562249,66.09029779058598,📉 매도세 우위. 💰 외국인/기관 수급 집중. ⚠️ 단기 급등 조정 주의.,0,0,,,78.6,78.4,78.7,🔥 과열,1.자동차·모빌리티(+31.5%) / 2.조선·기계·설비(+26.4%) / 3.반도체(+18.9%) / 4.IT/전기전자(+15.1%) / 5.인프라·에너지(+12.3%),2,405,20260119,20260119,26.29,10.15,133.96,123.81
456040,OCI,KOSPI,기초 화학물질 제조업,기초 화학물질 제조업,화학·소재,70500,109.7,0.0,OVERHEAT,False,False,False,70500,64900,81700,89870.0,27.8,37.2,25.5,21.7,21.7,57.5,34.5,0.0,,,OVERHEAT,④ 바닥 반등 시도,16.14,17.3,-4.77,-8.99,-37.42,0,1.0,0.79,0.65,1.0,0.81,0.09,0.38,68.0,71.2,13.9,38.47,0,0,-3.16,22.61,20.1,17.3,-6.17,0,0,1.63,0.77,1,1,62080.0,69122,1.99,0.5712,1.82,1.99,False,O,▲,68042,▲,O,X,7.139749999999999,-5.23775,11.0,2,28.1,81.3,2.0,0.0,💪 매수세 장악(Power Buying). 💰 외국인/기관 수급 집중. 🚀 단기 모멘텀 가속. ⚠️ 단기 급등 조정 주의.,0,0,,,78.6,78.4,78.7,🔥 과열,1.자동차·모빌리티(+31.5%) / 2.조선·기계·설비(+26.4%) / 3.반도체(+18.9%) / 4.IT/전기전자(+15.1%) / 5.인프라·에너지(+12.3%),4,406,20260119,20260119,26.29,10.15,17.3,-8.99
424870,이뮨온시아,KOSDAQ,자연과학 및 공학 연구개발업,자연과학 및 공학 연구개발업,기타,11570,99.92,0.0,ARMED,True,False,False,11570,10940,12820,14102.000000000002,27.8,14.2,31.2,8.1,8.1,36.9,85.0999984741211,0.0,,,ARMED,⑤ 하락 / 약세,-14.55,94.13,-20.84,84.96,75.02,0,0.99,0.54,0.99,1.0,0.34,0.08,0.14,30.4,47.1,-8.13,30.4,0,0,-2.61,0.35,-12.35,95.11,-3.87,0,0,3.78,0.11,0,1,10986.0,11604,-0.29,0.2897,0.58,0.64,True,O,▲,11264,▼,O,X,7.377666666666667,14.425583333333332,7.0,0,0.1,34.3,1.9841269841269842,0.0,🧱 구조적 지지선(Swing Low) 근접. 🚀 단기 모멘텀 가속. 📉 과매도 기술적 반등 기대.,0,0,,,78.6,78.4,78.7,🔥 과열,1.자동차·모빌리티(+31.5%) / 2.조선·기계·설비(+26.4%) / 3.반도체(+18.9%) / 4.IT/전기전자(+15.1%) / 5.인프라·에너지(+12.3%),5,407,20260119,20260119,26.29,10.15,95.11,84.96
099320,쎄트렉아이,KOSDAQ,"항공기,우주선 및 부품 제조업","항공기,우주선 및 부품 제조업",기타,122600,367.39,0.0,OVERHEAT,False,False,False,98100,79300,135600,149160.0,27.8,23.3,28.9,3.0,3.0,40.3,89.4000015258789,0.0,,,OVERHEAT,② 상승 후 조정,109.93,165.66,103.64,93.17,146.55,0,0.99,1.0,0.0,0.0,0.25,0.29,0.07,81.7,76.8,31.21,118.2,0,0,4.34,-5.98,23.96,103.32,72.01,1,0,2.1,0.85,1,1,95260.0,124082,-1.19,-0.8138,0.75,-0.95,False,O,▲,135819,▲,X,X,7.377666666666667,14.425583333333332,7.0,0,88.0,25.4,0.3002309468822171,24.97451580020387,📉 매도세 우위. 💰 외국인/기관 수급 집중. ⚠️ 단기 급등 조정 주의.,0,0,,,78.6,78.4,78.7,🔥 과열,1.자동차·모빌리티(+31.5%) / 2.조선·기계·설비(+26.4%) / 3.반도체(+18.9%) / 4.IT/전기전자(+15.1%) / 5.인프라·에너지(+12.3%),2,408,20260119,20260119,26.29,10.15,103.32,93.17
128940,한미약품,KOSPI,의약품 제조업,의약품 제조업,바이오·의약품,444500,701.68,0.0,NEUTRAL,False,False,False,444500,411500,511000,562100.0,27.7,23.4,28.8,16.1,16.1,42.7,58.5,0.0,,,NEUTRAL,③ 박스 / 중립,2.3,54.88,-18.61,1.07,0.16,1,1.0,0.75,0.75,1.0,0.0,0.56,0.42,47.8,65.4,-0.89,13.78,0,0,1.83,-7.68,-1.66,27.36,-0.88,1,1,1.02,0.32,0,-1,503450.0,439742,1.08,-0.158,1.26,-1.45,False,O,▲,446341,▼,X,X,2.2862500000000003,-7.796250000000001,13.0,1,31.8,0.0,2.015151515151515,0.0,📉 매도세 우위. 💸 자금 유입 지속. ✅ 20일선 눌림목 구간.,0,0,,,78.6,78.4,78.7,🔥 과열,1.자동차·모빌리티(+31.5%) / 2.조선·기계·설비(+26.4%) / 3.반도체(+18.9%) / 4.IT/전기전자(+15.1%) / 5.인프라·에너지(+12.3%),3,409,20260119,20260119,26.29,10.15,27.36,1.07
347700,스피어,KOSDAQ,소프트웨어 개발 및 공급업,소프트웨어 개발 및 공급업,IT/전기전자,18380,469.45,0.0,NEUTRAL,False,False,False,18380,12840,29500,32450.000000000004,27.7,23.5,28.7,10.6,10.6,41.8,71.0999984741211,0.0,,,NEUTRAL,② 상승 후 조정,51.9,69.4,45.61,81.51,50.29,0,1.0,1.0,0.0,1.0,0.0,0.38,0.13,72.5,78.8,12.72,62.47,0,0,7.61,-4.52,-3.77,91.66,-100.0,0,0,1.43,0.89,1,1,12738.0,17577,4.57,-0.5538,0.7,-0.24,False,O,▲,18689,▼,X,X,9.837341772151898,18.689113924050634,4.0,1,29.5,0.0,2.0072202166064983,0.0,📉 매도세 우위. 💰 외국인/기관 수급 집중. ⚠️ 단기 급등 조정 주의.,0,0,,,78.6,78.4,78.7,🔥 과열,1.자동차·모빌리티(+31.5%) / 2.조선·기계·설비(+26.4%) / 3.반도체(+18.9%) / 4.IT/전기전자(+15.1%) / 5.인프라·에너지(+12.3%),2,410,20260119,20260119,26.29,10.15,91.66,81.51
082740,한화엔진,KOSPI,일반 목적용 기계 제조업,일반 목적용 기계 제조업,조선·기계·설비,55100,740.52,0.0,OVERHEAT,False,False,False,49000,43550,59900,65890.0,27.7,64.8,18.4,3.0,3.0,28.9,54.29999923706055,0.0,,,OVERHEAT,⑤ 하락 / 약세,32.45,78.61,11.54,-14.07,23.89,0,1.0,1.0,0.15,0.0,0.33,0.59,0.13,80.5,78.5,18.09,44.6,0,0,3.96,0.55,31.5,12.22,5.58,1,0,1.1,0.9,1,1,45685.0,53739,2.53,-0.1144,0.99,0.31,False,O,▲,54770,▲,O,X,17.209594594594595,32.596756756756754,2.0,0,55.5,33.4,0.4155844155844156,12.448979591836734,📉 매도세 우위. 💰 외국인/기관 수급 집중. ⚠️ 단기 급등 조정 주의.,0,0,,,78.6,78.4,78.7,🔥 과열,1.자동차·모빌리티(+31.5%) / 2.조선·기계·설비(+26.4%) / 3.반도체(+18.9%) / 4.IT/전기전자(+15.1%) / 5.인프라·에너지(+12.3%),5,411,20260119,20260119,26.29,10.15,12.22,-14.07
190510,나무가,KOSDAQ,전자부품 제조업,전자부품 제조업,IT/전기전자,25450,113.95,0.0,ARMED,True,False,False,23000,22850,23300,25630.000000000004,27.7,18.4,30.0,3.0,3.0,36.9,93.0,0.0,,,ARMED,② 상승 후 조정,42.42,81.14,36.13,41.07,62.03,0,1.0,0.07,0.39,0.0,0.15,0.09,0.06,72.9,82.4,16.08,68.15,0,0,3.46,-3.42,14.38,51.22,39.74,1,0,5.61,0.74,1,1,21334.0,25996,-2.1,-0.4745,0.49,0.04,False,O,▲,27668,▲,X,X,9.837341772151898,18.689113924050634,4.0,0,84.6,15.2,-0.8269230769230769,10.652173913043478,📉 매도세 우위. 💰 외국인/기관 수급 집중. ⚠️ 단기 급등 조정 주의.,0,0,,,78.6,78.4,78.7,🔥 과열,1.자동차·모빌리티(+31.5%) / 2.조선·기계·설비(+26.4%) / 3.반도체(+18.9%) / 4.IT/전기전자(+15.1%) / 5.인프라·에너지(+12.3%),2,412,20260119,20260119,26.29,10.15,51.22,41.07
006340,대원전선,KOSPI,절연선 및 케이블 제조업,절연선 및 케이블 제조업,기타,3715,117.81,0.0,ARMED,True,False,False,3715,3425,4295,4724.5,27.6,31.4,26.7,10.3,10.3,34.0,65.0,0.0,,,ARMED,④ 바닥 반등 시도,-6.19,27.88,-27.1,-6.06,-26.84,2,1.0,0.78,0.67,1.0,0.14,0.09,0.44,53.3,54.8,-0.28,11.79,1,0,2.48,2.48,-5.83,20.23,-3.59,0,0,4.13,0.36,0,1,3550.0,3659,1.51,0.1221,1.11,0.11,False,O,▲,3590,▼,O,X,7.377666666666667,14.425583333333332,7.0,1,2.7,14.4,2.0,0.0,🌪️ 에너지 응축 시작 (2일차). 📉 매도세 우위. 🚀 단기 모멘텀 가속. ✅ 20일선 눌림목 구간.,0,0,,,78.6,78.4,78.7,🔥 과열,1.자동차·모빌리티(+31.5%) / 2.조선·기계·설비(+26.4%) / 3.반도체(+18.9%) / 4.IT/전기전자(+15.1%) / 5.인프라·에너지(+12.3%),4,413,20260119,20260119,26.29,10.15,20.23,-6.06
464080,에스오에스랩,KOSDAQ,"측정, 시험, 항해, 제어 및 기타 정밀기기 제조업; 광학기기 제외","측정, 시험, 항해, 제어 및 기타 정밀기기 제조업; 광학기기 제외",기타,21050,570.1,0.0,OVERHEAT,False,False,False,17220,13680,24350,26785.000000000004,27.6,20.1,29.5,3.0,3.0,39.7,91.4000015258789,0.0,,,OVERHEAT,⑤ 하락 / 약세,89.98,97.1,83.69,96.83,77.99,0,1.0,1.0,0.0,0.0,0.23,0.46,0.14,82.0,86.5,28.33,91.29,0,0,-5.18,10.79,17.2,106.98,61.76,1,0,1.93,0.81,1,1,15067.0,20932,0.56,0.0423,0.77,0.75,False,O,▲,21646,▲,X,X,7.377666666666667,14.425583333333332,7.0,0,87.5,23.2,0.44776119402985076,22.24157955865273,💰 외국인/기관 수급 집중. 🚀 단기 모멘텀 가속. ⚠️ 단기 급등 조정 주의.,0,0,,,78.6,78.4,78.7,🔥 과열,1.자동차·모빌리티(+31.5%) / 2.조선·기계·설비(+26.4%) / 3.반도체(+18.9%) / 4.IT/전기전자(+15.1%) / 5.인프라·에너지(+12.3%),5,414,20260119,20260119,26.29,10.15,106.98,96.83
052690,한전기술,KOSPI,"건축기술, 엔지니어링 및 관련 기술 서비스업","건축기술, 엔지니어링 및 관련 기술 서비스업",서비스 기타,133300,1217.36,0.0,OVERHEAT,False,False,False,104700,94700,124500,136950.0,27.5,69.6,17.0,3.0,3.0,39.7,49.5,0.0,,,OVERHEAT,③ 박스 / 중립,44.73,53.04,23.82,-0.42,-1.68,0,0.99,0.95,0.36,0.0,0.94,0.98,0.39,91.9,92.7,33.73,52.47,0,0,5.21,30.05,41.81,25.87,5.42,1,0,2.38,0.97,1,1,109420.0,119585,11.47,0.4593,1.9,3.2,False,O,▲,117613,▲,O,X,7.455217391304347,-5.216956521739131,10.0,0,52.0,94.3,-0.22797927461139897,27.31614135625597,💪 매수세 장악(Power Buying). 💰 외국인/기관 수급 집중. 🚀 단기 모멘텀 가속. ⚠️ 단기 급등 조정 주의.,0,0,,,78.6,78.4,78.7,🔥 과열,1.자동차·모빌리티(+31.5%) / 2.조선·기계·설비(+26.4%) / 3.반도체(+18.9%) / 4.IT/전기전자(+15.1%) / 5.인프라·에너지(+12.3%),3,415,20260119,20260119,26.29,10.15,25.87,-0.42
259960,크래프톤,KOSPI,소프트웨어 개발 및 공급업,소프트웨어 개발 및 공급업,인터넷/플랫폼·게임,238000,192.93,0.0,NEUTRAL,False,False,False,238000,223500,266500,293150.0,27.3,51.4,21.3,8.1,8.1,37.5,52.099998474121094,0.0,,,NEUTRAL,④ 바닥 반등 시도,-3.84,-32.48,-24.75,-44.22,-87.2,0,0.98,0.6,0.94,1.0,0.09,0.15,0.38,44.6,57.2,-1.05,11.43,0,0,1.71,0.85,-3.25,-17.93,-5.21,0,1,0.98,0.35,0,-1,250850.0,235241,1.17,0.074,0.93,-0.65,True,X,▼,231201,▼,O,X,1.2175,-17.385,16.0,0,14.5,8.8,1.9655172413793103,0.0,🧱 구조적 지지선(Swing Low) 근접. 📉 매도세 우위. 🚀 단기 모멘텀 가속. ✅ 20일선 눌림목 구간.,0,0,,,78.6,78.4,78.7,🔥 과열,1.자동차·모빌리티(+31.5%) / 2.조선·기계·설비(+26.4%) / 3.반도체(+18.9%) / 4.IT/전기전자(+15.1%) / 5.인프라·에너지(+12.3%),4,416,20260119,20260119,26.29,10.15,-17.93,-44.22
298040,효성중공업,KOSPI,"전동기, 발전기 및 전기 변환 · 공급 · 제어 장치 제조업","전동기, 발전기 및 전기 변환 · 공급 · 제어 장치 제조업",인프라·에너지,2360000,1230.4,0.0,OVERHEAT,False,False,False,2035000,1822000,2462000,2708200.0,27.3,46.2,22.6,3.0,3.0,34.5,68.19999694824219,0.0,,,OVERHEAT,⑤ 하락 / 약세,23.56,126.92,2.65,10.84,72.2,0,1.0,1.0,0.22,0.0,0.73,0.99,0.13,83.6,87.6,21.76,38.24,0,0,1.16,17.24,23.37,37.13,1.44,1,0,1.16,0.89,1,1,1982100.0,2211876,6.7,0.41,0.8,0.66,False,O,▲,2191112,▲,O,X,17.386923076923075,8.883846153846154,5.0,0,49.7,73.3,0.1895910780669145,15.970515970515969,💰 외국인/기관 수급 집중. 🚀 단기 모멘텀 가속. ⚠️ 단기 급등 조정 주의.,0,0,,,78.6,78.4,78.7,🔥 과열,1.자동차·모빌리티(+31.5%) / 2.조선·기계·설비(+26.4%) / 3.반도체(+18.9%) / 4.IT/전기전자(+15.1%) / 5.인프라·에너지(+12.3%),5,417,20260119,20260119,26.29,10.15,37.13,10.84
307950,현대오토에버,KOSPI,소프트웨어 개발 및 공급업,소프트웨어 개발 및 공급업,IT/전기전자,488500,2764.62,0.0,OVERHEAT,False,False,False,394500,317000,549000,603900.0,27.2,26.2,27.4,3.0,3.0,39.6,84.5,0.0,,,OVERHEAT,② 상승 후 조정,79.27,207.43,58.36,183.87,152.71,0,0.99,1.0,0.0,0.0,0.4,1.0,0.15,82.0,87.2,30.05,92.77,0,0,2.52,6.2,56.57,210.16,21.09,1,0,2.11,0.84,1,1,364900.0,495289,-1.37,-0.3574,0.8,0.83,False,O,▲,517289,▲,X,X,9.837341772151898,18.689113924050634,4.0,0,79.1,40.0,0.35276967930029157,23.827629911280102,💰 외국인/기관 수급 집중. ⚠️ 단기 급등 조정 주의.,0,0,,,78.6,78.4,78.7,🔥 과열,1.자동차·모빌리티(+31.5%) / 2.조선·기계·설비(+26.4%) / 3.반도체(+18.9%) / 4.IT/전기전자(+15.1%) / 5.인프라·에너지(+12.3%),2,418,20260119,20260119,26.29,10.15,210.16,183.87
267250,HD현대,KOSPI,기타 금융업,기타 금융업,금융,245500,606.86,0.0,OVERHEAT,False,False,False,216000,195500,257000,282700.0,27.0,64.9,17.5,3.0,3.0,29.6,51.29999923706055,0.0,,,OVERHEAT,⑤ 하락 / 약세,22.44,80.38,1.53,9.57,25.66,0,1.0,0.95,0.36,0.0,0.44,0.49,0.17,86.9,84.6,19.31,40.08,0,0,4.03,7.68,28.53,35.86,3.98,1,0,1.3,0.93,1,1,203340.0,235509,4.24,0.118,1.17,0.65,False,O,▲,237804,▲,O,X,4.08,-12.326176470588237,14.0,0,52.0,44.2,0.23,13.657407407407407,💰 외국인/기관 수급 집중. 🚀 단기 모멘텀 가속. ⚠️ 단기 급등 조정 주의.,0,0,,,78.6,78.4,78.7,🔥 과열,1.자동차·모빌리티(+31.5%) / 2.조선·기계·설비(+26.4%) / 3.반도체(+18.9%) / 4.IT/전기전자(+15.1%) / 5.인프라·에너지(+12.3%),5,419,20260119,20260119,26.29,10.15,35.86,9.57
317240,TS트릴리온,KOSDAQ,기타 화학제품 제조업,기타 화학제품 제조업,화학·소재,552,108.98,0.0,OVERHEAT,False,False,False,382,281,585,643.5,27.0,31.6,25.9,3.0,3.0,38.6,79.30000305175781,0.0,,,OVERHEAT,⑤ 하락 / 약세,62.35,144.25,56.06,170.05,125.14,0,1.0,1.0,0.0,0.0,0.92,0.09,0.09,78.7,87.6,51.63,108.57,0,0,-7.23,14.52,76.92,180.2,14.39,0,0,1.21,0.8,1,1,373.4,525,5.07,0.4398,0.91,-0.16,False,O,▲,508,▲,O,X,7.139749999999999,-5.23775,11.0,0,50.5,92.0,0.12177121771217712,44.50261780104712,📉 매도세 우위. 💰 외국인/기관 수급 집중. 🚀 단기 모멘텀 가속. ⚠️ 단기 급등 조정 주의.,0,0,,,78.6,78.4,78.7,🔥 과열,1.자동차·모빌리티(+31.5%) / 2.조선·기계·설비(+26.4%) / 3.반도체(+18.9%) / 4.IT/전기전자(+15.1%) / 5.인프라·에너지(+12.3%),5,420,20260119,20260119,26.29,10.15,180.2,170.05
052710,아모텍,KOSDAQ,전자부품 제조업,전자부품 제조업,IT/전기전자,9280,51.94,0.0,NEUTRAL,False,False,False,9280,8210,11420,12562.000000000002,26.6,16.5,29.1,5.1,5.1,37.6,85.19999694824219,0.0,,,NEUTRAL,⑤ 하락 / 약세,-1.69,-4.53,-7.98,-25.94,-23.64,0,1.0,1.0,0.12,1.0,0.0,0.04,0.29,50.5,42.6,-6.13,23.71,0,0,6.91,-10.68,-7.2,-15.79,-6.37,1,0,1.31,0.26,0,-1,11519.0,9403,-1.31,-0.6576,2.22,-1.8,False,X,▼,10238,▼,X,X,9.837341772151898,18.689113924050634,4.0,0,18.9,0.0,2.0,0.0,📉 매도세 우위. 📉 과매도 기술적 반등 기대.,0,0,,,78.6,78.4,78.7,🔥 과열,1.자동차·모빌리티(+31.5%) / 2.조선·기계·설비(+26.4%) / 3.반도체(+18.9%) / 4.IT/전기전자(+15.1%) / 5.인프라·에너지(+12.3%),5,421,20260119,20260119,26.29,10.15,-15.79,-25.94
377220,프롬바이오,KOSDAQ,기타 식품 제조업,기타 식품 제조업,유통·소비재,1612,242.17,0.0,OVERHEAT,False,False,False,1324,1115,1741,1915.1000000000001,26.6,20.0,28.2,3.0,3.0,25.4,87.0,0.0,,,OVERHEAT,③ 박스 / 중립,12.49,-20.59,6.2,-3.18,-39.7,1,0.99,1.0,0.0,0.0,0.93,0.19,0.4,74.0,96.8,27.84,37.28,0,0,4.4,33.67,31.16,6.97,-6.75,0,0,1.86,0.61,1,1,1367.0,1579,2.05,0.7139,9.01,-0.52,False,O,▼,1273,▲,O,X,8.767222222222223,-11.258888888888889,12.0,0,16.9,93.0,0.2595573440643863,21.75226586102719,📉 매도세 우위. 💰 외국인/기관 수급 집중. 🚀 단기 모멘텀 가속. ⚠️ 단기 급등 조정 주의.,0,0,,,78.6,78.4,78.7,🔥 과열,1.자동차·모빌리티(+31.5%) / 2.조선·기계·설비(+26.4%) / 3.반도체(+18.9%) / 4.IT/전기전자(+15.1%) / 5.인프라·에너지(+12.3%),3,422,20260119,20260119,26.29,10.15,6.97,-3.18
043260,성호전자,KOSDAQ,전자부품 제조업,전자부품 제조업,IT/전기전자,13180,221.01,0.0,ARMED,True,False,False,11400,8120,17940,19734.0,26.6,17.6,28.9,3.0,3.0,26.2,89.19999694824219,0.0,,,ARMED,② 상승 후 조정,104.34,1055.13,98.05,727.74,1036.02,0,0.99,1.0,0.0,0.0,0.06,0.18,0.07,71.1,72.1,21.43,99.25,0,0,0.69,-4.49,5.52,737.89,69.98,0,0,3.53,0.68,1,1,9134.0,14280,-7.7,-0.4808,0.59,0.16,False,O,▲,14718,▲,X,X,9.837341772151898,18.689113924050634,4.0,0,62.5,5.9,0.9407114624505929,15.6140350877193,📉 매도세 우위. 💰 외국인/기관 수급 집중. ⚠️ 단기 급등 조정 주의.,0,0,,,78.6,78.4,78.7,🔥 과열,1.자동차·모빌리티(+31.5%) / 2.조선·기계·설비(+26.4%) / 3.반도체(+18.9%) / 4.IT/전기전자(+15.1%) / 5.인프라·에너지(+12.3%),2,423,20260119,20260119,26.29,10.15,737.89,727.74
00088K,한화3우B,KOSPI,기타,기타,기타,50500,69.98,0.0,OVERHEAT,False,False,False,42550,37300,53100,58410.00000000001,26.6,40.2,23.2,3.0,3.0,35.8,70.30000305175781,0.0,,,OVERHEAT,③ 박스 / 중립,36.67,28.99,15.76,-1.44,-25.73,0,1.0,1.0,0.07,0.0,0.8,0.06,0.22,78.1,81.4,24.55,58.01,0,0,2.12,19.24,35.75,24.85,2.97,1,0,2.22,0.75,1,1,41590.0,49788,1.43,0.3556,0.88,1.68,False,O,▲,49545,▲,O,X,7.377666666666667,14.425583333333332,7.0,0,49.5,80.0,0.19696969696969696,18.683901292596943,💪 매수세 장악(Power Buying). 💰 외국인/기관 수급 집중. 🚀 단기 모멘텀 가속. ⚠️ 단기 급등 조정 주의.,0,0,,,78.6,78.4,78.7,🔥 과열,1.자동차·모빌리티(+31.5%) / 2.조선·기계·설비(+26.4%) / 3.반도체(+18.9%) / 4.IT/전기전자(+15.1%) / 5.인프라·에너지(+12.3%),3,424,20260119,20260119,26.29,10.15,24.85,-1.44
128820,대성산업,KOSPI,연료 소매업,연료 소매업,유통·소비재,6310,64.43,0.0,NEUTRAL,False,False,False,6310,5960,7000,7700.000000000001,26.3,0.0,32.9,9.5,9.5,42.0,87.5999984741211,0.0,,,NEUTRAL,⑤ 하락 / 약세,-39.5,27.09,-60.41,25.03,-27.63,0,0.98,0.55,0.99,1.0,0.6,0.05,0.12,30.5,45.1,-18.14,87.97,0,0,-3.22,-2.62,-10.88,51.32,-11.74,0,0,1.25,0.03,0,-1,7830.0,6913,-8.72,0.5621,0.4,0.96,True,O,▲,6065,▲,O,X,8.767222222222223,-11.258888888888889,12.0,0,0.0,60.0,1.9714285714285715,0.0,🧱 구조적 지지선(Swing Low) 근접. 🚀 단기 모멘텀 가속. 📉 과매도 기술적 반등 기대.,0,0,,,78.6,78.4,78.7,🔥 과열,1.자동차·모빌리티(+31.5%) / 2.조선·기계·설비(+26.4%) / 3.반도체(+18.9%) / 4.IT/전기전자(+15.1%) / 5.인프라·에너지(+12.3%),5,425,20260119,20260119,26.29,10.15,51.32,25.03
139480,이마트,KOSPI,종합 소매업,종합 소매업,유통·소비재,82200,120.02,0.0,WAIT,False,False,True,82200,78400,89800,98780.00000000001,26.2,0.0,32.8,23.9,23.9,33.3,53.400001525878906,0.0,,,WAIT,④ 바닥 반등 시도,-7.85,-12.37,-28.76,-17.27,-67.09,0,1.0,0.46,0.99,1.0,0.13,0.1,0.35,47.1,48.1,-1.26,10.71,0,0,-1.56,0.86,-0.36,9.02,0.76,0,0,1.1,0.21,0,-1,89680.0,82620,-0.51,0.1112,0.77,-0.63,True,O,▲,81839,▲,O,X,8.767222222222223,-11.258888888888889,12.0,2,1.6,13.2,2.0,0.0,🧱 구조적 지지선(Swing Low) 근접. 📉 매도세 우위. 🚀 단기 모멘텀 가속. ✅ 20일선 눌림목 구간.,0,0,,,78.6,78.4,78.7,🔥 과열,1.자동차·모빌리티(+31.5%) / 2.조선·기계·설비(+26.4%) / 3.반도체(+18.9%) / 4.IT/전기전자(+15.1%) / 5.인프라·에너지(+12.3%),4,426,20260119,20260119,26.29,10.15,9.02,-17.27
024910,경창산업,KOSDAQ,자동차 신품 부품 제조업,자동차 신품 부품 제조업,자동차·모빌리티,2725,140.46,0.0,OVERHEAT,False,False,False,2095,1669,2955,3250.5000000000005,26.1,10.3,30.1,3.0,3.0,42.9,93.19999694824219,0.0,,,OVERHEAT,② 상승 후 조정,81.06,58.52,74.77,67.03,39.41,0,1.0,1.0,0.0,0.0,0.4,0.11,0.18,92.1,83.5,36.43,97.6,0,0,3.02,17.46,38.4,77.18,47.74,1,0,0.59,0.8,1,1,1988.3,2696,1.07,-0.1129,1.49,0.45,False,O,▲,2748,▲,X,X,26.005714285714284,35.19914285714286,1.0,0,87.3,40.0,0.2178030303030303,30.071599045346066,📉 매도세 우위. 💰 외국인/기관 수급 집중. ⚠️ 단기 급등 조정 주의.,0,0,,,78.6,78.4,78.7,🔥 과열,1.자동차·모빌리티(+31.5%) / 2.조선·기계·설비(+26.4%) / 3.반도체(+18.9%) / 4.IT/전기전자(+15.1%) / 5.인프라·에너지(+12.3%),2,427,20260119,20260119,26.29,10.15,77.18,67.03
361390,제노코,KOSDAQ,통신 및 방송 장비 제조업,통신 및 방송 장비 제조업,IT/전기전자,24300,85.58,0.0,ARMED,True,False,False,21800,17130,31150,34265.0,25.9,11.1,29.6,3.0,3.0,37.5,91.80000305175781,0.0,,,ARMED,② 상승 후 조정,63.64,35.98,57.35,37.57,16.87,0,1.0,1.0,0.0,0.0,0.22,0.07,0.06,73.0,80.6,17.07,67.89,0,0,2.32,-4.33,20.9,47.72,32.72,1,0,2.34,0.71,1,1,17422.0,23944,1.49,-0.5078,0.52,-0.96,False,O,▲,25726,▼,X,X,9.837341772151898,18.689113924050634,4.0,0,82.7,22.2,0.9553695955369595,11.46788990825688,📉 매도세 우위. 💰 외국인/기관 수급 집중. ⚠️ 단기 급등 조정 주의.,0,0,,,78.6,78.4,78.7,🔥 과열,1.자동차·모빌리티(+31.5%) / 2.조선·기계·설비(+26.4%) / 3.반도체(+18.9%) / 4.IT/전기전자(+15.1%) / 5.인프라·에너지(+12.3%),2,428,20260119,20260119,26.29,10.15,47.72,37.57
290740,액트로,KOSDAQ,전자부품 제조업,전자부품 제조업,IT/전기전자,21050,139.29,0.0,ARMED,True,False,False,18400,13830,27550,30305.000000000004,25.7,7.9,30.1,3.0,3.0,27.5,93.19999694824219,0.0,,,ARMED,① 강한 상승 추세,65.1,271.91,58.81,286.27,252.8,0,1.0,1.0,0.0,0.0,0.31,0.11,0.2,69.7,79.3,20.13,72.67,0,0,-11.37,6.21,24.48,296.42,18.99,0,0,2.63,0.72,1,1,15697.0,22005,-4.34,0.0389,1.54,0.59,False,O,▲,22447,▲,X,X,9.837341772151898,18.689113924050634,4.0,0,53.4,30.6,0.9002770083102493,14.402173913043478,📉 매도세 우위. 💰 외국인/기관 수급 집중. 🚀 단기 모멘텀 가속. ⚠️ 단기 급등 조정 주의.,0,0,,,78.6,78.4,78.7,🔥 과열,1.자동차·모빌리티(+31.5%) / 2.조선·기계·설비(+26.4%) / 3.반도체(+18.9%) / 4.IT/전기전자(+15.1%) / 5.인프라·에너지(+12.3%),1,429,20260119,20260119,26.29,10.15,296.42,286.27
354320,알멕,KOSDAQ,1차 비철금속 제조업,1차 비철금속 제조업,철강·금속,42800,110.39,0.0,OVERHEAT,False,False,False,29350,23400,41200,45320.00000000001,25.5,8.3,29.8,3.0,3.0,28.9,92.5,0.0,,,OVERHEAT,② 상승 후 조정,114.43,79.45,108.14,81.78,60.34,0,0.99,1.0,0.0,0.0,0.4,0.09,0.15,91.0,99.8,53.15,140.27,0,0,-2.84,15.83,112.94,91.93,2.83,1,0,11.61,0.85,1,1,29366.0,41748,2.52,-0.0231,0.6,1.07,False,O,▲,44068,▲,X,X,5.7846153846153845,16.182307692307692,6.0,0,52.2,40.0,-0.08247422680412371,45.826235093696766,💰 외국인/기관 수급 집중. ⚠️ 단기 급등 조정 주의.,0,0,,,78.6,78.4,78.7,🔥 과열,1.자동차·모빌리티(+31.5%) / 2.조선·기계·설비(+26.4%) / 3.반도체(+18.9%) / 4.IT/전기전자(+15.1%) / 5.인프라·에너지(+12.3%),2,430,20260119,20260119,26.29,10.15,91.93,81.78
001210,금호전기,KOSPI,전구 및 조명장치 제조업,전구 및 조명장치 제조업,기타,1240,59.18,0.0,OVERHEAT,False,False,False,782,584,1178,1295.8000000000002,25.2,39.3,21.7,3.0,3.0,40.2,65.19999694824219,0.0,,,OVERHEAT,⑤ 하락 / 약세,104.62,18.43,83.71,46.89,-36.29,0,1.0,1.0,0.0,0.0,0.85,0.05,0.19,79.6,93.8,66.45,131.84,0,0,2.99,48.5,126.28,73.18,6.69,1,0,0.92,0.83,1,1,838.3,1131,9.62,0.383,0.43,1.84,False,O,▲,1113,▲,O,X,7.377666666666667,14.425583333333332,7.0,0,57.8,85.3,-0.09451219512195122,58.567774936061376,💪 매수세 장악(Power Buying). 💰 외국인/기관 수급 집중. 🚀 단기 모멘텀 가속. ⚠️ 단기 급등 조정 주의.,0,0,,,78.6,78.4,78.7,🔥 과열,1.자동차·모빌리티(+31.5%) / 2.조선·기계·설비(+26.4%) / 3.반도체(+18.9%) / 4.IT/전기전자(+15.1%) / 5.인프라·에너지(+12.3%),5,431,20260119,20260119,26.29,10.15,73.18,46.89
006140,피제이전자,KOSDAQ,의료용 기기 제조업,의료용 기기 제조업,기타,9880,278.67,0.0,OVERHEAT,False,False,False,7660,6040,10910,12001.000000000002,25.1,3.0,30.6,3.0,3.0,24.5,94.9000015258789,0.0,,,OVERHEAT,② 상승 후 조정,74.87,57.58,68.58,83.2,38.47,0,1.0,1.0,0.0,0.0,0.4,0.22,0.1,82.5,76.8,35.35,98.71,0,0,4.11,4.77,76.43,93.35,2.2,1,0,3.14,0.65,1,1,6984.0,10210,-3.24,-0.2341,1.0,-0.0,False,O,▲,10266,▲,X,X,7.377666666666667,14.425583333333332,7.0,0,41.4,40.0,0.2682291666666667,28.98172323759791,📉 매도세 우위. 💰 외국인/기관 수급 집중. ⚠️ 단기 급등 조정 주의.,0,0,,,78.6,78.4,78.7,🔥 과열,1.자동차·모빌리티(+31.5%) / 2.조선·기계·설비(+26.4%) / 3.반도체(+18.9%) / 4.IT/전기전자(+15.1%) / 5.인프라·에너지(+12.3%),2,432,20260119,20260119,26.29,10.15,93.35,83.2
475430,키스트론,KOSDAQ,절연선 및 케이블 제조업,절연선 및 케이블 제조업,기타,4485,93.6,0.0,NEUTRAL,False,False,False,4485,4255,4940,5434.0,25.0,14.8,27.5,0.5,0.5,32.8,90.5,0.0,,,NEUTRAL,④ 바닥 반등 시도,-10.66,-25.25,-16.95,-15.63,-44.36,0,0.99,0.51,1.0,1.0,0.14,0.08,0.13,25.9,11.8,-5.32,22.86,0,0,1.59,-2.07,-4.37,-5.48,-7.36,0,0,0.45,0.12,0,-1,4944.0,4492,-0.18,0.1156,0.35,-1.38,True,X,▼,4365,▼,O,X,7.377666666666667,14.425583333333332,7.0,0,0.1,13.7,1.9782608695652173,0.0,🧱 구조적 지지선(Swing Low) 근접. 📉 매도세 우위. 🚀 단기 모멘텀 가속. 📉 과매도 기술적 반등 기대.,0,0,,,78.6,78.4,78.7,🔥 과열,1.자동차·모빌리티(+31.5%) / 2.조선·기계·설비(+26.4%) / 3.반도체(+18.9%) / 4.IT/전기전자(+15.1%) / 5.인프라·에너지(+12.3%),4,433,20260119,20260119,26.29,10.15,-5.48,-15.63
010140,삼성중공업,KOSPI,선박 및 보트 건조업,선박 및 보트 건조업,조선·기계·설비,31850,4386.76,0.0,OVERHEAT,False,False,False,27700,25300,32450,35695.0,24.9,81.2,10.8,3.0,3.0,27.7,29.0,0.0,,,OVERHEAT,⑤ 하락 / 약세,30.27,62.75,9.36,5.87,8.03,0,0.99,0.86,0.51,0.0,0.45,1.0,0.35,83.2,95.6,20.8,37.45,0,0,7.06,13.14,30.27,32.16,2.32,1,0,1.78,0.98,1,1,26515.0,29815,6.83,0.1098,2.02,1.86,False,O,▲,30120,▲,O,X,17.209594594594595,32.596756756756754,2.0,0,46.8,45.1,0.0916030534351145,14.981949458483754,💪 매수세 장악(Power Buying). 💰 외국인/기관 수급 집중. 🚀 단기 모멘텀 가속. ⚠️ 단기 급등 조정 주의.,0,0,,,78.6,78.4,78.7,🔥 과열,1.자동차·모빌리티(+31.5%) / 2.조선·기계·설비(+26.4%) / 3.반도체(+18.9%) / 4.IT/전기전자(+15.1%) / 5.인프라·에너지(+12.3%),5,434,20260119,20260119,26.29,10.15,32.16,5.87
017670,SK텔레콤,KOSPI,전기 통신업,전기 통신업,IT/전기전자,59200,1679.57,0.0,OVERHEAT,False,False,False,59200,57500,62600,68860.0,24.7,100.0,5.9,3.0,3.0,59.8,12.800000190734863,0.0,,,OVERHEAT,④ 바닥 반등 시도,11.7,4.78,-9.21,-17.87,-49.94,1,1.0,0.29,0.8,1.0,0.32,1.0,0.72,88.6,73.7,10.01,10.84,0,0,7.05,11.7,11.7,8.42,0.38,1,1,1.77,0.94,1,1,53950.0,55854,5.99,0.1691,3.81,2.7,False,O,▲,54996,▲,O,X,9.837341772151898,18.689113924050634,4.0,0,58.2,32.4,2.0,0.0,💪 매수세 장악(Power Buying). 💰 외국인/기관 수급 집중. 🚀 단기 모멘텀 가속. ⚠️ 단기 급등 조정 주의.,0,0,,,78.6,78.4,78.7,🔥 과열,1.자동차·모빌리티(+31.5%) / 2.조선·기계·설비(+26.4%) / 3.반도체(+18.9%) / 4.IT/전기전자(+15.1%) / 5.인프라·에너지(+12.3%),4,435,20260119,20260119,26.29,10.15,8.42,-17.87
230360,에코마케팅,KOSDAQ,광고업,광고업,미디어·콘텐츠,15920,56.93,0.0,OVERHEAT,False,False,False,15920,15570,16620,18282.0,24.6,11.2,28.0,3.0,3.0,62.8,86.5,0.0,,,OVERHEAT,② 상승 후 조정,40.39,51.19,34.1,20.34,32.08,0,1.0,0.22,0.68,1.0,0.0,0.05,0.1,89.9,83.0,14.43,67.49,0,0,0.0,0.06,0.13,30.49,49.76,1,0,0.16,1.0,1,1,15876.0,15919,0.01,-0.4382,0.75,-0.12,True,O,▲,17010,▼,X,X,9.184285714285716,-1.5899999999999994,9.0,0,82.0,0.1,2.0,0.0,🧱 구조적 지지선(Swing Low) 근접. 📉 매도세 우위. 💰 외국인/기관 수급 집중. ⚠️ 단기 급등 조정 주의.,0,0,,,78.6,78.4,78.7,🔥 과열,1.자동차·모빌리티(+31.5%) / 2.조선·기계·설비(+26.4%) / 3.반도체(+18.9%) / 4.IT/전기전자(+15.1%) / 5.인프라·에너지(+12.3%),2,436,20260119,20260119,26.29,10.15,30.49,20.34
003230,삼양식품,KOSPI,기타 식품 제조업,기타 식품 제조업,유통·소비재,1186000,431.44,0.0,NEUTRAL,False,False,False,1186000,1107000,1344000,1478400.0000000002,24.5,0.0,30.6,12.4,12.4,44.3,73.19999694824219,0.0,,,NEUTRAL,④ 바닥 반등 시도,-6.02,-12.21,-26.93,-34.78,-66.93,2,1.0,0.67,0.87,1.0,0.08,0.35,0.23,42.6,39.0,-3.55,13.26,0,0,-0.75,-0.84,-6.91,-8.49,-7.15,1,1,1.39,0.32,0,-1,1315700.0,1196388,-0.87,0.0686,0.6,-1.03,True,X,▼,1176047,▼,O,X,8.767222222222223,-11.258888888888889,12.0,1,31.8,8.1,2.0,0.0,🧱 구조적 지지선(Swing Low) 근접. 📉 매도세 우위. 🚀 단기 모멘텀 가속. ,0,0,,,78.6,78.4,78.7,🔥 과열,1.자동차·모빌리티(+31.5%) / 2.조선·기계·설비(+26.4%) / 3.반도체(+18.9%) / 4.IT/전기전자(+15.1%) / 5.인프라·에너지(+12.3%),4,437,20260119,20260119,26.29,10.15,-8.49,-34.78
302440,SK바이오사이언스,KOSPI,기초 의약물질 제조업,기초 의약물질 제조업,기타,48500,108.58,0.0,ARMED,True,False,False,48500,46100,53300,58630.00000000001,24.5,39.3,20.8,7.2,7.2,34.4,52.599998474121094,0.0,,,ARMED,④ 바닥 반등 시도,-5.46,2.65,-26.37,-30.06,-52.07,0,1.0,0.49,1.0,1.0,0.18,0.09,0.49,46.2,46.2,-0.87,9.58,0,1,-0.61,2.21,-0.92,-3.77,-1.99,0,0,2.36,0.34,0,-1,50790.0,48620,-0.25,0.1486,1.72,0.28,True,X,▼,48091,▲,O,X,7.377666666666667,14.425583333333332,7.0,0,2.2,17.6,2.0,0.0,🔇 변동성 축소 (BW 9.6%). 🧱 구조적 지지선(Swing Low) 근접. 📉 매도세 우위. 🚀 단기 모멘텀 가속. ✅ 20일선 눌림목 구간.,0,0,,,78.6,78.4,78.7,🔥 과열,1.자동차·모빌리티(+31.5%) / 2.조선·기계·설비(+26.4%) / 3.반도체(+18.9%) / 4.IT/전기전자(+15.1%) / 5.인프라·에너지(+12.3%),4,438,20260119,20260119,26.29,10.15,-3.77,-30.06
089970,브이엠,KOSDAQ,특수 목적용 기계 제조업,특수 목적용 기계 제조업,조선·기계·설비,28650,521.73,0.0,NEUTRAL,False,False,False,28650,25550,34800,38280.0,24.4,0.0,30.5,13.8,13.8,31.7,69.5,0.0,,,NEUTRAL,⑤ 하락 / 약세,1.24,165.52,-5.05,16.9,146.41,0,0.99,1.0,0.18,1.0,0.04,0.42,0.63,47.8,59.6,-0.51,21.39,0,0,7.3,3.24,-9.76,27.05,-2.79,0,0,0.81,0.34,0,1,25830.0,28017,2.26,0.0337,3.27,-1.81,False,O,▲,27127,▼,O,X,17.209594594594595,32.596756756756754,2.0,1,2.2,4.0,1.9838709677419355,0.0,📉 매도세 우위. 🚀 단기 모멘텀 가속. ✅ 20일선 눌림목 구간.,0,0,,,78.6,78.4,78.7,🔥 과열,1.자동차·모빌리티(+31.5%) / 2.조선·기계·설비(+26.4%) / 3.반도체(+18.9%) / 4.IT/전기전자(+15.1%) / 5.인프라·에너지(+12.3%),5,439,20260119,20260119,26.29,10.15,27.05,16.9
068760,셀트리온제약,KOSDAQ,의약품 제조업,의약품 제조업,바이오·의약품,60900,65.64,0.0,ARMED,True,False,False,60900,59000,64600,71060.0,24.1,7.4,28.3,27.3,27.3,40.6,30.799999237060547,0.0,,,ARMED,③ 박스 / 중립,-1.42,15.01,-7.71,-3.44,-4.1,0,0.97,0.3,0.84,1.0,0.0,0.05,0.35,50.6,51.1,-1.58,11.62,0,0,-1.46,-3.18,-4.84,6.71,4.15,1,0,2.43,0.35,0,1,58506.9,62121,-1.97,-0.1538,0.88,-0.33,True,O,▲,63133,▼,X,X,2.2862500000000003,-7.796250000000001,13.0,2,26.6,0.0,1.9473684210526316,0.0,🧱 구조적 지지선(Swing Low) 근접. 📉 매도세 우위. ✅ 20일선 눌림목 구간.,0,0,,,78.6,78.4,78.7,🔥 과열,1.자동차·모빌리티(+31.5%) / 2.조선·기계·설비(+26.4%) / 3.반도체(+18.9%) / 4.IT/전기전자(+15.1%) / 5.인프라·에너지(+12.3%),3,440,20260119,20260119,26.29,10.15,6.71,-3.44
101330,모베이스,KOSDAQ,통신 및 방송 장비 제조업,통신 및 방송 장비 제조업,IT/전기전자,6420,440.35,0.0,OVERHEAT,False,False,False,4235,3175,6350,6985.000000000001,23.9,0.0,29.9,3.0,3.0,33.0,92.80000305175781,0.0,,,OVERHEAT,⑤ 하락 / 약세,102.2,83.69,95.91,85.58,64.58,0,0.99,1.0,0.0,0.0,1.0,0.35,0.2,76.6,85.9,59.21,148.63,0,0,-15.75,87.99,99.38,95.73,1.59,1,0,0.67,0.55,1,1,5749.0,7190,-10.72,1.4787,2.07,-1.37,False,O,▲,6028,▲,O,X,9.837341772151898,18.689113924050634,4.0,0,32.5,100.0,-0.02157164869029276,51.59386068476978,📉 매도세 우위. 💰 외국인/기관 수급 집중. 🚀 단기 모멘텀 가속. ⚠️ 단기 급등 조정 주의.,0,0,,,78.6,78.4,78.7,🔥 과열,1.자동차·모빌리티(+31.5%) / 2.조선·기계·설비(+26.4%) / 3.반도체(+18.9%) / 4.IT/전기전자(+15.1%) / 5.인프라·에너지(+12.3%),5,441,20260119,20260119,26.29,10.15,95.73,85.58
161580,필옵틱스,KOSDAQ,특수 목적용 기계 제조업,특수 목적용 기계 제조업,조선·기계·설비,43900,144.99,0.0,ARMED,True,False,False,43900,40000,51700,56870.00000000001,23.8,15.3,25.9,13.8,13.8,37.3,54.099998474121094,0.0,,,ARMED,⑤ 하락 / 약세,-1.46,31.24,-7.75,6.92,12.13,0,1.0,0.89,0.47,1.0,0.23,0.12,0.47,45.5,47.4,-0.44,15.36,0,0,-1.35,6.04,-4.15,17.07,-3.66,0,0,2.38,0.46,0,1,41360.0,42857,2.43,0.1984,0.92,0.84,False,O,▲,42118,▼,O,X,17.209594594594595,32.596756756756754,2.0,1,6.6,23.5,2.0,0.0,🚀 단기 모멘텀 가속. ✅ 20일선 눌림목 구간.,0,0,,,78.6,78.4,78.7,🔥 과열,1.자동차·모빌리티(+31.5%) / 2.조선·기계·설비(+26.4%) / 3.반도체(+18.9%) / 4.IT/전기전자(+15.1%) / 5.인프라·에너지(+12.3%),5,442,20260119,20260119,26.29,10.15,17.07,6.92
012450,한화에어로스페이스,KOSPI,"항공기,우주선 및 부품 제조업","항공기,우주선 및 부품 제조업",기타,1330000,2579.38,0.0,OVERHEAT,False,False,False,1110000,996000,1336000,1469600.0000000002,23.8,27.6,22.9,3.0,3.0,34.1,69.30000305175781,0.0,,,OVERHEAT,② 상승 후 조정,52.87,44.25,31.96,5.79,-10.47,0,0.99,1.0,0.25,0.0,0.33,1.0,0.09,93.4,100.0,25.83,65.59,0,0,2.39,9.74,31.42,32.08,17.06,1,0,1.42,0.98,1,1,1112100.0,1286865,3.35,-0.1183,0.68,0.27,False,O,▲,1336603,▲,X,X,7.377666666666667,14.425583333333332,7.0,0,68.5,33.3,0.017964071856287425,19.81981981981982,📉 매도세 우위. 💰 외국인/기관 수급 집중. ⚠️ 단기 급등 조정 주의.,0,0,,,78.6,78.4,78.7,🔥 과열,1.자동차·모빌리티(+31.5%) / 2.조선·기계·설비(+26.4%) / 3.반도체(+18.9%) / 4.IT/전기전자(+15.1%) / 5.인프라·에너지(+12.3%),2,443,20260119,20260119,26.29,10.15,32.08,5.79
462350,이노스페이스,KOSDAQ,"항공기,우주선 및 부품 제조업","항공기,우주선 및 부품 제조업",기타,21100,550.58,0.0,OVERHEAT,False,False,False,17590,12030,28750,31625.000000000004,23.5,0.0,29.4,3.0,3.0,39.1,91.0,0.0,,,OVERHEAT,② 상승 후 조정,79.12,103.2,72.83,88.31,84.09,0,1.0,1.0,0.0,0.0,0.38,0.44,0.05,80.1,83.6,25.93,115.55,0,0,-2.31,-10.78,35.52,98.46,51.9,1,0,1.5,0.66,1,1,15959.0,23208,-9.08,-0.7905,0.53,-1.19,False,O,▲,24654,▲,X,X,7.377666666666667,14.425583333333332,7.0,0,78.9,37.7,0.8434399117971334,19.954519613416714,📉 매도세 우위. 💰 외국인/기관 수급 집중. ⚠️ 단기 급등 조정 주의.,0,0,,,78.6,78.4,78.7,🔥 과열,1.자동차·모빌리티(+31.5%) / 2.조선·기계·설비(+26.4%) / 3.반도체(+18.9%) / 4.IT/전기전자(+15.1%) / 5.인프라·에너지(+12.3%),2,444,20260119,20260119,26.29,10.15,98.46,88.31
082270,젬백스,KOSDAQ,특수 목적용 기계 제조업,특수 목적용 기계 제조업,조선·기계·설비,23250,58.3,0.0,NEUTRAL,False,False,False,23250,22050,25650,28215.000000000004,23.2,18.6,24.4,3.2,3.2,38.7,74.0,0.0,,,NEUTRAL,④ 바닥 반등 시도,-15.91,-57.96,-22.2,-61.71,-77.07,0,1.0,0.52,1.0,1.0,0.07,0.05,0.11,25.9,30.3,-12.18,36.64,0,0,-1.06,-0.64,-20.92,-51.56,-11.59,1,0,0.62,0.09,0,-1,26815.0,23309,-0.25,0.0625,0.83,0.25,True,X,▼,22631,▼,O,X,17.209594594594595,32.596756756756754,2.0,0,18.1,7.4,2.0,0.0,🧱 구조적 지지선(Swing Low) 근접. 📉 매도세 우위. 🚀 단기 모멘텀 가속. 📉 과매도 기술적 반등 기대.,0,0,,,78.6,78.4,78.7,🔥 과열,1.자동차·모빌리티(+31.5%) / 2.조선·기계·설비(+26.4%) / 3.반도체(+18.9%) / 4.IT/전기전자(+15.1%) / 5.인프라·에너지(+12.3%),4,445,20260119,20260119,26.29,10.15,-51.56,-61.71
028260,삼성물산,KOSPI,기타 전문 도매업,기타 전문 도매업,기타,289000,946.05,0.0,OVERHEAT,False,False,False,289000,270000,327000,359700.0,23.2,37.4,19.7,3.0,3.0,57.3,58.70000076293945,0.0,,,OVERHEAT,⑤ 하락 / 약세,18.93,69.8,-1.98,12.65,15.08,0,1.0,0.66,0.88,1.0,0.24,0.76,0.37,90.1,89.2,11.41,28.23,0,0,-0.34,8.04,13.56,38.94,5.77,1,0,1.41,0.88,1,1,259100.0,281796,2.56,0.0798,0.93,2.24,False,O,▲,288525,▲,O,X,7.377666666666667,14.425583333333332,7.0,0,56.3,23.8,2.0,0.0,💪 매수세 장악(Power Buying). 💰 외국인/기관 수급 집중. 🚀 단기 모멘텀 가속. ⚠️ 단기 급등 조정 주의.,0,0,,,78.6,78.4,78.7,🔥 과열,1.자동차·모빌리티(+31.5%) / 2.조선·기계·설비(+26.4%) / 3.반도체(+18.9%) / 4.IT/전기전자(+15.1%) / 5.인프라·에너지(+12.3%),5,446,20260119,20260119,26.29,10.15,38.94,12.65
041920,메디아나,KOSDAQ,의료용 기기 제조업,의료용 기기 제조업,기타,13170,103.42,0.0,OVERHEAT,False,False,False,11670,8720,17560,19316.0,23.2,0.0,29.0,3.0,3.0,31.3,89.80000305175781,0.0,,,OVERHEAT,② 상승 후 조정,41.77,116.61,35.48,145.58,97.5,0,1.0,1.0,0.0,0.0,0.18,0.08,0.06,75.1,84.6,18.51,93.29,0,0,-10.59,-7.58,16.55,155.73,50.74,1,0,2.26,0.54,1,1,11044.0,13858,-4.97,-0.3936,0.62,-0.57,False,O,▲,15131,▲,X,X,7.377666666666667,14.425583333333332,7.0,0,69.5,17.5,0.9865168539325843,12.853470437017995,📉 매도세 우위. 💰 외국인/기관 수급 집중. ⚠️ 단기 급등 조정 주의.,0,0,,,78.6,78.4,78.7,🔥 과열,1.자동차·모빌리티(+31.5%) / 2.조선·기계·설비(+26.4%) / 3.반도체(+18.9%) / 4.IT/전기전자(+15.1%) / 5.인프라·에너지(+12.3%),2,447,20260119,20260119,26.29,10.15,155.73,145.58
356860,티엘비,KOSDAQ,전자부품 제조업,전자부품 제조업,IT/전기전자,57700,102.37,0.0,NEUTRAL,False,False,False,57700,53400,66300,72930.0,23.0,22.4,23.2,9.1,9.1,40.3,56.099998474121094,0.0,,,NEUTRAL,④ 바닥 반등 시도,-6.03,125.39,-12.32,-22.06,106.28,5,1.0,0.75,0.74,1.0,0.12,0.08,0.32,46.5,52.2,-2.1,11.6,1,0,-1.03,0.17,-4.31,-11.91,-4.05,1,0,1.53,0.33,0,-1,65465.0,58754,-1.79,0.099,0.84,-0.14,False,X,▲,57450,▲,O,X,9.837341772151898,18.689113924050634,4.0,0,20.0,11.7,2.0,0.0,🌪️ 5일 연속 응축 중! 폭발 임박. 📉 매도세 우위. 🚀 단기 모멘텀 가속. ,0,0,,,78.6,78.4,78.7,🔥 과열,1.자동차·모빌리티(+31.5%) / 2.조선·기계·설비(+26.4%) / 3.반도체(+18.9%) / 4.IT/전기전자(+15.1%) / 5.인프라·에너지(+12.3%),4,448,20260119,20260119,26.29,10.15,-11.91,-22.06
000660,SK하이닉스,KOSPI,반도체 제조업,반도체 제조업,반도체,764000,25889.24,0.0,OVERHEAT,False,False,False,764000,708000,876000,963600.0000000001,22.9,30.1,21.1,3.0,3.0,65.7,63.20000076293945,0.0,,,OVERHEAT,② 상승 후 조정,38.66,184.54,17.75,32.38,129.82,0,1.0,0.73,0.76,1.0,0.1,1.0,0.25,89.1,86.2,12.52,46.11,0,0,1.06,2.0,9.77,58.67,24.95,1,0,0.92,0.9,1,1,667400.0,747177,2.25,-0.238,0.87,1.27,False,O,▲,781990,▼,X,X,8.782,25.696666666666665,3.0,0,84.1,10.4,2.0,0.0,💰 외국인/기관 수급 집중. ⚠️ 단기 급등 조정 주의.,0,0,,,78.6,78.4,78.7,🔥 과열,1.자동차·모빌리티(+31.5%) / 2.조선·기계·설비(+26.4%) / 3.반도체(+18.9%) / 4.IT/전기전자(+15.1%) / 5.인프라·에너지(+12.3%),2,449,20260119,20260119,26.29,10.15,58.67,32.38
107640,한중엔시에스,KOSDAQ,"전동기, 발전기 및 전기 변환 · 공급 · 제어 장치 제조업","전동기, 발전기 및 전기 변환 · 공급 · 제어 장치 제조업",인프라·에너지,44600,86.81,0.0,NEUTRAL,False,False,False,44600,40050,53700,59070.00000000001,22.8,27.8,21.5,4.0,4.0,32.6,62.29999923706055,0.0,,,NEUTRAL,④ 바닥 반등 시도,-5.11,63.67,-11.4,-20.77,44.56,0,1.0,1.0,0.26,1.0,0.09,0.07,0.32,41.7,41.3,-3.69,23.12,0,0,2.53,1.13,-2.41,-10.62,-5.98,0,0,1.26,0.32,0,-1,49085.0,45155,-1.23,0.0802,1.31,0.29,False,X,▲,43724,▲,O,X,17.386923076923075,8.883846153846154,5.0,0,1.8,9.5,2.0,0.0,📉 매도세 우위. 🚀 단기 모멘텀 가속. ,0,0,,,78.6,78.4,78.7,🔥 과열,1.자동차·모빌리티(+31.5%) / 2.조선·기계·설비(+26.4%) / 3.반도체(+18.9%) / 4.IT/전기전자(+15.1%) / 5.인프라·에너지(+12.3%),4,450,20260119,20260119,26.29,10.15,-10.62,-20.77
042660,한화오션,KOSPI,선박 및 보트 건조업,선박 및 보트 건조업,조선·기계·설비,148800,2753.25,0.0,OVERHEAT,False,False,False,132900,118500,161500,177650.0,22.8,16.7,24.3,3.0,3.0,31.0,74.0,0.0,,,OVERHEAT,⑤ 하락 / 약세,37.4,72.82,16.49,-13.9,18.1,0,0.99,1.0,0.18,0.0,0.28,1.0,0.1,78.0,79.0,17.59,48.57,0,0,1.22,2.13,26.21,12.39,11.88,1,0,1.68,0.93,1,1,127520.0,146919,1.28,-0.1482,0.52,0.57,False,O,▲,150836,▲,X,X,17.209594594594595,32.596756756756754,2.0,0,63.7,27.8,0.41914191419141916,11.963882618510159,📉 매도세 우위. 💰 외국인/기관 수급 집중. ⚠️ 단기 급등 조정 주의.,0,0,,,78.6,78.4,78.7,🔥 과열,1.자동차·모빌리티(+31.5%) / 2.조선·기계·설비(+26.4%) / 3.반도체(+18.9%) / 4.IT/전기전자(+15.1%) / 5.인프라·에너지(+12.3%),5,451,20260119,20260119,26.29,10.15,12.39,-13.9
097950,CJ제일제당,KOSPI,기타 식품 제조업,기타 식품 제조업,유통·소비재,207500,107.66,0.0,NEUTRAL,False,False,False,207500,200500,221000,243100.00000000003,22.7,39.3,18.5,8.0,8.0,39.5,43.099998474121094,0.0,,,NEUTRAL,⑤ 하락 / 약세,-0.72,-17.66,-21.63,-37.61,-72.38,0,0.96,0.33,0.88,1.0,0.01,0.09,0.4,43.8,31.4,-0.63,5.35,0,1,-0.48,-1.19,0.48,-11.32,-2.68,0,1,1.06,0.54,0,1,200500.0,210756,-1.55,-0.0237,0.91,-0.49,True,X,▼,209828,▲,X,X,8.767222222222223,-11.258888888888889,12.0,0,23.5,0.5,1.9285714285714286,0.0,🔇 변동성 축소 (BW 5.3%). 🧱 구조적 지지선(Swing Low) 근접. 📉 매도세 우위. ✅ 20일선 눌림목 구간.,0,0,,,78.6,78.4,78.7,🔥 과열,1.자동차·모빌리티(+31.5%) / 2.조선·기계·설비(+26.4%) / 3.반도체(+18.9%) / 4.IT/전기전자(+15.1%) / 5.인프라·에너지(+12.3%),5,452,20260119,20260119,26.29,10.15,-11.32,-37.61
322000,HD현대에너지솔루션,KOSPI,반도체 제조업,반도체 제조업,2차전지,55800,60.59,0.0,NEUTRAL,False,False,False,55800,51000,65300,71830.0,22.6,16.0,24.2,7.6,7.6,33.5,63.0,0.0,,,NEUTRAL,④ 바닥 반등 시도,-3.79,17.97,-24.7,-14.91,-36.75,0,0.99,0.85,0.52,1.0,0.15,0.05,0.32,47.7,54.3,-2.51,19.49,0,0,-1.93,3.33,-3.63,11.38,-4.23,0,0,1.89,0.29,0,1,51950.0,56928,-1.98,0.1246,0.84,0.26,False,O,▲,56018,▲,X,X,4.885714285714286,-17.97142857142857,15.0,0,1.3,14.7,1.9791666666666667,0.0,📉 매도세 우위. 🚀 단기 모멘텀 가속. ,0,0,,,78.6,78.4,78.7,🔥 과열,1.자동차·모빌리티(+31.5%) / 2.조선·기계·설비(+26.4%) / 3.반도체(+18.9%) / 4.IT/전기전자(+15.1%) / 5.인프라·에너지(+12.3%),4,453,20260119,20260119,26.29,10.15,11.38,-14.91
358570,지아이이노베이션,KOSDAQ,자연과학 및 공학 연구개발업,자연과학 및 공학 연구개발업,기타,14290,56.15,0.0,NEUTRAL,False,False,False,14290,13030,16810,18491.0,22.5,14.8,24.4,0.0,0.0,30.2,81.19999694824219,0.0,,,NEUTRAL,④ 바닥 반등 시도,-17.21,-29.78,-23.5,-14.95,-48.89,0,1.0,0.88,0.48,1.0,0.0,0.05,0.06,19.3,35.9,-12.28,34.94,0,0,1.28,-5.8,-18.85,-4.8,-19.15,0,0,1.38,0.18,0,-1,16900.0,14216,0.51,0.0028,0.57,-1.76,False,X,▼,13960,▼,O,X,7.377666666666667,14.425583333333332,7.0,0,0.3,0.3,2.0,0.0,📉 매도세 우위. 📉 과매도 기술적 반등 기대.,0,0,,,78.6,78.4,78.7,🔥 과열,1.자동차·모빌리티(+31.5%) / 2.조선·기계·설비(+26.4%) / 3.반도체(+18.9%) / 4.IT/전기전자(+15.1%) / 5.인프라·에너지(+12.3%),4,454,20260119,20260119,26.29,10.15,-4.8,-14.95
402340,SK스퀘어,KOSPI,기타 금융업,기타 금융업,금융,435500,1885.24,0.0,OVERHEAT,False,False,False,435500,394000,518000,569800.0,22.3,24.7,21.7,3.0,3.0,65.8,65.4000015258789,0.0,,,OVERHEAT,② 상승 후 조정,53.89,177.74,32.98,42.18,123.02,0,0.99,0.95,0.36,1.0,0.05,1.0,0.2,84.1,66.3,12.94,58.22,0,0,-2.46,1.87,4.69,68.47,47.17,1,0,0.99,0.91,1,1,369550.0,432969,0.58,-0.2857,0.99,0.65,False,O,▲,456356,▼,X,X,4.08,-12.326176470588237,14.0,0,86.9,5.0,1.9879518072289157,0.0,💸 자금 유입 지속. ⚠️ 단기 급등 조정 주의.,0,0,,,78.6,78.4,78.7,🔥 과열,1.자동차·모빌리티(+31.5%) / 2.조선·기계·설비(+26.4%) / 3.반도체(+18.9%) / 4.IT/전기전자(+15.1%) / 5.인프라·에너지(+12.3%),2,455,20260119,20260119,26.29,10.15,68.47,42.18
080220,제주반도체,KOSDAQ,반도체 제조업,반도체 제조업,반도체,30950,761.59,0.0,WAIT,False,False,True,28100,27650,28950,31845.000000000004,22.2,13.2,24.4,7.0,7.0,34.3,65.0999984741211,0.0,,,WAIT,② 상승 후 조정,67.57,99.94,61.28,37.23,80.83,0,0.94,0.15,0.56,0.0,0.0,0.61,0.08,73.5,80.7,15.68,82.68,0,0,0.32,4.03,-5.64,47.38,57.03,1,0,1.93,0.76,1,1,26815.0,30343,2.0,-0.3729,0.62,-0.4,False,O,▲,32217,▼,X,X,8.782,25.696666666666665,3.0,0,85.7,0.0,-0.6060606060606061,10.142348754448399,📉 매도세 우위. 💰 외국인/기관 수급 집중. ⚠️ 단기 급등 조정 주의.,0,0,,,78.6,78.4,78.7,🔥 과열,1.자동차·모빌리티(+31.5%) / 2.조선·기계·설비(+26.4%) / 3.반도체(+18.9%) / 4.IT/전기전자(+15.1%) / 5.인프라·에너지(+12.3%),2,456,20260119,20260119,26.29,10.15,47.38,37.23
000990,DB하이텍,KOSPI,반도체 제조업,반도체 제조업,반도체,85700,302.63,0.0,OVERHEAT,False,False,False,76900,69900,90800,99880.00000000001,22.0,51.5,14.6,3.0,3.0,35.1,41.70000076293945,0.0,,,OVERHEAT,⑤ 하락 / 약세,30.84,87.94,9.93,24.59,33.22,0,0.99,0.9,0.43,0.0,0.45,0.24,0.26,85.7,76.3,17.04,35.15,0,0,0.59,15.81,13.96,50.88,12.01,1,0,1.12,0.89,1,1,73450.0,81882,4.66,0.2536,0.83,2.09,False,O,▲,81889,▲,O,X,8.782,25.696666666666665,3.0,0,65.3,44.8,0.3227848101265823,11.443433029908972,💪 매수세 장악(Power Buying). 💰 외국인/기관 수급 집중. 🚀 단기 모멘텀 가속. ⚠️ 단기 급등 조정 주의.,0,0,,,78.6,78.4,78.7,🔥 과열,1.자동차·모빌리티(+31.5%) / 2.조선·기계·설비(+26.4%) / 3.반도체(+18.9%) / 4.IT/전기전자(+15.1%) / 5.인프라·에너지(+12.3%),5,457,20260119,20260119,26.29,10.15,50.88,24.59
079550,LIG넥스원,KOSPI,무기 및 총포탄 제조업,무기 및 총포탄 제조업,기타,554000,686.87,0.0,OVERHEAT,False,False,False,504000,453500,604000,664400.0,21.9,27.9,20.4,3.0,3.0,36.5,61.0,0.0,,,OVERHEAT,③ 박스 / 중립,43.9,-6.26,22.99,-3.18,-60.98,0,0.99,0.99,0.28,0.0,0.19,0.55,0.09,80.4,78.8,15.49,54.58,0,0,3.55,-1.07,18.25,23.11,23.13,1,0,1.34,0.89,1,1,476450.0,552202,0.33,-0.4471,0.73,-0.9,False,O,▲,582971,▲,X,X,7.377666666666667,14.425583333333332,7.0,0,81.7,19.3,0.4975124378109453,9.920634920634921,📉 매도세 우위. 💰 외국인/기관 수급 집중. ⚠️ 단기 급등 조정 주의.,0,0,,,78.6,78.4,78.7,🔥 과열,1.자동차·모빌리티(+31.5%) / 2.조선·기계·설비(+26.4%) / 3.반도체(+18.9%) / 4.IT/전기전자(+15.1%) / 5.인프라·에너지(+12.3%),3,458,20260119,20260119,26.29,10.15,23.11,-3.18
035720,카카오,KOSPI,"자료처리, 호스팅, 포털 및 기타 인터넷 정보매개 서비스업","자료처리, 호스팅, 포털 및 기타 인터넷 정보매개 서비스업",서비스 기타,56600,1241.68,0.0,WAIT,False,False,True,56600,55300,59100,65010.00000000001,21.8,0.0,27.3,28.8,28.8,38.3,23.799999237060547,0.0,,,WAIT,⑤ 하락 / 약세,-0.7,0.18,-21.61,-33.35,-54.54,0,0.96,0.22,0.69,1.0,0.0,1.0,0.22,45.9,46.4,-4.46,12.92,0,0,-1.22,-2.75,-9.87,-7.06,1.8,1,0,1.29,0.13,0,-1,62130.0,58099,-2.58,-0.0838,0.94,-2.02,True,X,▼,57907,▼,X,X,7.455217391304347,-5.216956521739131,10.0,2,20.8,0.0,1.9230769230769231,0.0,🧱 구조적 지지선(Swing Low) 근접. 📉 매도세 우위. ,0,0,,,78.6,78.4,78.7,🔥 과열,1.자동차·모빌리티(+31.5%) / 2.조선·기계·설비(+26.4%) / 3.반도체(+18.9%) / 4.IT/전기전자(+15.1%) / 5.인프라·에너지(+12.3%),5,459,20260119,20260119,26.29,10.15,-7.06,-33.35
471820,셀로맥스사이언스,KOSDAQ,기타 식품 제조업,기타 식품 제조업,유통·소비재,5010,66.35,0.0,ARMED,True,False,False,5010,4800,5430,5973.000000000001,21.0,0.0,26.2,0.0,0.0,30.0,87.4000015258789,0.0,,,ARMED,⑤ 하락 / 약세,-23.28,-18.8,-29.57,-14.9,-37.91,4,1.0,0.42,0.97,1.0,0.0,0.05,0.29,34.5,71.8,-19.99,24.86,0,0,-17.87,-20.98,-26.54,-4.75,-16.38,0,0,3.42,0.04,0,-1,6912.0,5435,-7.83,-0.3979,2.97,-4.19,True,X,▼,6064,▼,X,X,8.767222222222223,-11.258888888888889,12.0,0,0.0,0.0,2.0,0.0,🧱 구조적 지지선(Swing Low) 근접. 📉 매도세 우위. 💰 외국인/기관 수급 집중. 📉 과매도 기술적 반등 기대.,0,0,,,78.6,78.4,78.7,🔥 과열,1.자동차·모빌리티(+31.5%) / 2.조선·기계·설비(+26.4%) / 3.반도체(+18.9%) / 4.IT/전기전자(+15.1%) / 5.인프라·에너지(+12.3%),5,460,20260119,20260119,26.29,10.15,-4.75,-14.9
394800,쓰리빌리언,KOSDAQ,자연과학 및 공학 연구개발업,자연과학 및 공학 연구개발업,기타,15030,51.82,0.0,NEUTRAL,False,False,False,15030,14230,16620,18282.0,20.8,0.0,26.0,3.0,3.0,31.7,79.80000305175781,0.0,,,NEUTRAL,⑤ 하락 / 약세,-13.22,116.26,-19.51,66.67,97.15,0,0.99,0.53,0.99,1.0,0.08,0.04,0.07,30.5,27.5,-10.01,25.85,0,0,-4.02,-6.93,-6.93,76.82,-6.14,0,0,1.56,0.12,0,1,14482.0,15565,-3.44,0.0698,0.55,-0.96,True,O,▲,15374,▼,X,X,7.377666666666667,14.425583333333332,7.0,0,0.1,8.3,1.9875,0.0,🧱 구조적 지지선(Swing Low) 근접. 📉 매도세 우위. 🚀 단기 모멘텀 가속. 📉 과매도 기술적 반등 기대.,0,0,,,78.6,78.4,78.7,🔥 과열,1.자동차·모빌리티(+31.5%) / 2.조선·기계·설비(+26.4%) / 3.반도체(+18.9%) / 4.IT/전기전자(+15.1%) / 5.인프라·에너지(+12.3%),5,461,20260119,20260119,26.29,10.15,76.82,66.67
011200,HMM,KOSPI,해상 운송업,해상 운송업,기타,19890,413.86,0.0,NEUTRAL,False,False,False,19890,19180,21300,23430.000000000004,20.6,46.4,14.1,5.2,5.2,30.2,34.900001525878906,0.0,,,NEUTRAL,⑤ 하락 / 약세,-4.14,-18.32,-25.05,-30.89,-73.04,0,0.99,0.35,0.9,1.0,0.0,0.33,0.39,43.0,38.5,-1.97,6.22,0,1,-0.55,-1.78,0.2,-4.6,-0.91,0,0,0.99,0.2,0,1,19508.0,20350,-2.26,-0.063,1.47,-1.25,True,X,▼,20271,▼,X,X,7.377666666666667,14.425583333333332,7.0,0,0.4,0.2,1.9859154929577465,0.0,🔇 변동성 축소 (BW 6.2%). 🧱 구조적 지지선(Swing Low) 근접. 📉 매도세 우위. ✅ 20일선 눌림목 구간.,0,0,,,78.6,78.4,78.7,🔥 과열,1.자동차·모빌리티(+31.5%) / 2.조선·기계·설비(+26.4%) / 3.반도체(+18.9%) / 4.IT/전기전자(+15.1%) / 5.인프라·에너지(+12.3%),5,462,20260119,20260119,26.29,10.15,-4.6,-30.89
047810,한국항공우주,KOSPI,"항공기,우주선 및 부품 제조업","항공기,우주선 및 부품 제조업",기타,165500,2479.04,0.0,OVERHEAT,False,False,False,139700,122300,174300,191730.00000000003,20.0,14.5,21.4,3.0,3.0,36.2,64.19999694824219,0.0,,,OVERHEAT,② 상승 후 조정,55.11,84.09,34.2,38.22,29.37,0,0.99,1.0,0.06,0.0,0.35,1.0,0.2,81.2,85.4,24.42,62.92,0,0,6.16,7.54,33.04,64.51,17.07,1,0,2.01,0.87,1,1,133265.0,159723,3.62,-0.1555,1.18,1.09,False,O,▲,166744,▲,X,X,7.377666666666667,14.425583333333332,7.0,0,73.1,35.0,0.2037037037037037,18.468146027201147,💰 외국인/기관 수급 집중. ⚠️ 단기 급등 조정 주의.,0,0,,,78.6,78.4,78.7,🔥 과열,1.자동차·모빌리티(+31.5%) / 2.조선·기계·설비(+26.4%) / 3.반도체(+18.9%) / 4.IT/전기전자(+15.1%) / 5.인프라·에너지(+12.3%),2,463,20260119,20260119,26.29,10.15,64.51,38.22
308080,바이젠셀,KOSDAQ,자연과학 및 공학 연구개발업,자연과학 및 공학 연구개발업,기타,8650,53.07,0.0,NEUTRAL,False,False,False,8650,8340,9260,10186.0,20.0,0.0,25.0,3.0,3.0,37.2,76.5,0.0,,,NEUTRAL,② 상승 후 조정,-27.8,136.99,-34.09,133.51,117.88,0,0.98,0.35,0.9,1.0,0.0,0.04,0.06,38.5,37.7,-13.84,34.82,0,0,-1.93,-14.19,-13.76,143.66,-7.39,1,0,1.41,0.03,0,1,8051.0,9083,-4.78,-0.0985,0.58,-1.73,True,O,▲,9116,▼,X,X,7.377666666666667,14.425583333333332,7.0,0,18.0,0.0,1.967741935483871,0.0,🧱 구조적 지지선(Swing Low) 근접. 📉 매도세 우위. 📉 과매도 기술적 반등 기대.,0,0,,,78.6,78.4,78.7,🔥 과열,1.자동차·모빌리티(+31.5%) / 2.조선·기계·설비(+26.4%) / 3.반도체(+18.9%) / 4.IT/전기전자(+15.1%) / 5.인프라·에너지(+12.3%),2,464,20260119,20260119,26.29,10.15,143.66,133.51
310210,보로노이,KOSDAQ,자연과학 및 공학 연구개발업,자연과학 및 공학 연구개발업,기타,190300,222.77,0.0,NEUTRAL,False,False,False,190300,183200,204500,224950.00000000003,19.6,0.0,24.5,9.0,9.0,52.0,60.70000076293945,0.0,,📦박스돌파,NEUTRAL,③ 박스 / 중립,-8.95,42.65,-15.24,-3.24,23.54,4,1.0,0.37,0.92,1.0,0.0,0.18,0.09,30.3,13.7,-9.38,19.68,0,0,-2.91,-11.28,-11.28,6.91,-6.5,1,1,1.17,0.07,0,-1,236130.0,199325,-4.53,-0.3048,0.72,-1.65,True,X,▲,201620,▼,X,X,7.377666666666667,14.425583333333332,7.0,0,30.1,0.0,2.0,0.0,🧱 구조적 지지선(Swing Low) 근접. 📉 매도세 우위. 📉 과매도 기술적 반등 기대.,0,0,,,78.6,78.4,78.7,🔥 과열,1.자동차·모빌리티(+31.5%) / 2.조선·기계·설비(+26.4%) / 3.반도체(+18.9%) / 4.IT/전기전자(+15.1%) / 5.인프라·에너지(+12.3%),3,465,20260119,20260119,26.29,10.15,6.91,-3.24
272210,한화시스템,KOSPI,전자부품 제조업,전자부품 제조업,IT/전기전자,90800,2041.25,0.0,OVERHEAT,False,False,False,70400,59600,92000,101200.00000000001,19.4,0.0,24.3,3.0,3.0,38.5,74.0999984741211,0.0,,,OVERHEAT,⑤ 하락 / 약세,82.51,63.02,61.6,38.5,8.3,0,1.0,1.0,0.0,0.0,0.46,1.0,0.16,83.4,86.7,35.35,94.15,0,0,-0.11,16.86,56.55,64.79,17.16,1,0,2.16,0.83,1,1,75160.0,89236,1.75,0.0519,0.48,1.38,False,O,▲,92586,▲,X,X,9.837341772151898,18.689113924050634,4.0,0,73.2,46.1,0.038461538461538464,28.97727272727273,💰 외국인/기관 수급 집중. 🚀 단기 모멘텀 가속. ⚠️ 단기 급등 조정 주의.,0,0,,,78.6,78.4,78.7,🔥 과열,1.자동차·모빌리티(+31.5%) / 2.조선·기계·설비(+26.4%) / 3.반도체(+18.9%) / 4.IT/전기전자(+15.1%) / 5.인프라·에너지(+12.3%),5,466,20260119,20260119,26.29,10.15,64.79,38.5
004370,농심,KOSPI,기타 식품 제조업,기타 식품 제조업,유통·소비재,412000,114.91,0.0,NEUTRAL,False,False,False,412000,395000,445500,490050.00000000006,19.3,14.9,20.4,5.2,5.2,37.2,55.79999923706055,0.0,,,NEUTRAL,④ 바닥 반등 시도,-3.96,2.23,-24.87,-30.7,-52.49,0,0.98,0.41,0.96,1.0,0.11,0.09,0.35,27.2,17.4,-2.54,10.78,0,0,-0.12,0.73,-3.63,-4.41,-5.54,0,1,1.58,0.21,0,-1,434550.0,413730,-0.42,0.0916,1.01,0.43,True,X,▼,407114,▲,O,X,8.767222222222223,-11.258888888888889,12.0,0,12.5,10.8,1.9705882352941178,0.0,🧱 구조적 지지선(Swing Low) 근접. 📉 매도세 우위. 🚀 단기 모멘텀 가속. ,0,0,,,78.6,78.4,78.7,🔥 과열,1.자동차·모빌리티(+31.5%) / 2.조선·기계·설비(+26.4%) / 3.반도체(+18.9%) / 4.IT/전기전자(+15.1%) / 5.인프라·에너지(+12.3%),4,467,20260119,20260119,26.29,10.15,-4.41,-30.7
090430,아모레퍼시픽,KOSPI,기타 화학제품 제조업,기타 화학제품 제조업,화학·소재,119700,240.61,0.0,NEUTRAL,False,False,False,119700,114300,130500,143550.0,18.7,29.1,16.1,8.4,8.4,39.0,33.900001525878906,0.0,,,NEUTRAL,④ 바닥 반등 시도,-1.72,-11.14,-22.63,-26.87,-65.86,0,1.0,0.45,0.99,1.0,0.07,0.19,0.39,51.9,52.2,-0.89,7.51,0,1,-1.4,0.76,-5.45,-0.58,-0.94,1,0,1.92,0.26,0,-1,127750.0,120015,-0.26,0.0593,0.99,-0.16,True,X,▲,119343,▼,O,X,7.139749999999999,-5.23775,11.0,0,18.9,7.0,2.0,0.0,🔇 변동성 축소 (BW 7.5%). 🧱 구조적 지지선(Swing Low) 근접. 📉 매도세 우위. 🚀 단기 모멘텀 가속. ✅ 20일선 눌림목 구간.,0,0,,,78.6,78.4,78.7,🔥 과열,1.자동차·모빌리티(+31.5%) / 2.조선·기계·설비(+26.4%) / 3.반도체(+18.9%) / 4.IT/전기전자(+15.1%) / 5.인프라·에너지(+12.3%),4,468,20260119,20260119,26.29,10.15,-0.58,-26.87
006360,GS건설,KOSPI,건물 건설업,건물 건설업,건설·부동산,18730,137.64,0.0,NEUTRAL,False,False,False,18730,18080,20050,22055.0,18.5,7.3,21.3,4.9,4.9,32.6,59.5,0.0,,,NEUTRAL,④ 바닥 반등 시도,-7.73,-6.58,-28.64,-27.24,-61.3,0,1.0,0.35,0.89,1.0,0.12,0.11,0.35,43.8,52.2,-2.6,10.93,0,0,-1.89,-1.58,-1.47,-0.95,-1.34,0,0,1.21,0.14,0,1,18277.0,18896,-0.88,0.1055,1.43,-0.5,True,X,▼,18705,▲,O,X,9.18,-0.8666666666666668,8.0,0,0.2,12.5,2.0307692307692307,0.0,🧱 구조적 지지선(Swing Low) 근접. 📉 매도세 우위. 🚀 단기 모멘텀 가속. ,0,0,,,78.6,78.4,78.7,🔥 과열,1.자동차·모빌리티(+31.5%) / 2.조선·기계·설비(+26.4%) / 3.반도체(+18.9%) / 4.IT/전기전자(+15.1%) / 5.인프라·에너지(+12.3%),4,469,20260119,20260119,26.29,10.15,-0.95,-27.24
489790,한화비전,KOSPI,통신 및 방송 장비 제조업,통신 및 방송 장비 제조업,IT/전기전자,54300,324.54,0.0,OVERHEAT,False,False,False,48700,42750,60600,66660.0,18.5,14.0,19.6,3.0,3.0,38.8,58.20000076293945,0.0,,,OVERHEAT,④ 바닥 반등 시도,46.56,-2.51,25.65,-21.67,-57.23,0,1.0,1.0,0.07,0.0,0.22,0.26,0.21,86.9,84.3,17.08,48.54,0,0,-0.37,11.04,16.27,4.62,29.87,1,0,1.33,0.93,1,1,44410.0,52611,3.21,0.0394,0.57,1.83,False,O,▼,54047,▲,O,X,9.837341772151898,18.689113924050634,4.0,0,86.1,21.9,0.5454545454545454,11.498973305954825,💪 매수세 장악(Power Buying). 💰 외국인/기관 수급 집중. 🚀 단기 모멘텀 가속. ⚠️ 단기 급등 조정 주의.,0,0,,,78.6,78.4,78.7,🔥 과열,1.자동차·모빌리티(+31.5%) / 2.조선·기계·설비(+26.4%) / 3.반도체(+18.9%) / 4.IT/전기전자(+15.1%) / 5.인프라·에너지(+12.3%),4,470,20260119,20260119,26.29,10.15,4.62,-21.67
441270,파인엠텍,KOSDAQ,전자부품 제조업,전자부품 제조업,IT/전기전자,8970,51.21,0.0,NEUTRAL,False,False,False,8970,8700,9510,10461.0,18.5,0.0,23.1,0.0,0.0,30.0,77.0,0.0,,,NEUTRAL,⑤ 하락 / 약세,-4.88,-22.87,-11.17,-12.01,-41.98,0,1.0,0.3,0.82,1.0,0.0,0.04,0.09,43.4,50.9,-10.54,25.91,0,0,-2.39,-14.16,-20.62,-1.86,-2.63,0,0,1.65,0.04,0,-1,10787.0,9544,-6.02,-0.5041,0.79,-3.15,True,X,▼,9811,▼,X,X,9.837341772151898,18.689113924050634,4.0,0,0.0,0.0,2.0,0.0,🧱 구조적 지지선(Swing Low) 근접. 📉 매도세 우위. 📉 과매도 기술적 반등 기대.,0,0,,,78.6,78.4,78.7,🔥 과열,1.자동차·모빌리티(+31.5%) / 2.조선·기계·설비(+26.4%) / 3.반도체(+18.9%) / 4.IT/전기전자(+15.1%) / 5.인프라·에너지(+12.3%),5,471,20260119,20260119,26.29,10.15,-1.86,-12.01
005830,DB손해보험,KOSPI,보험업,보험업,금융,124000,172.04,0.0,NEUTRAL,False,False,False,124000,118100,135700,149270.0,18.4,9.8,20.6,6.2,6.2,32.3,54.29999923706055,0.0,,,NEUTRAL,④ 바닥 반등 시도,-1.43,-8.49,-22.34,-32.21,-63.21,0,0.99,0.47,1.0,1.0,0.08,0.14,0.34,37.2,19.2,-1.29,9.62,0,1,0.16,0.9,-3.73,-5.92,-1.47,0,0,0.86,0.31,0,1,120400.0,122933,0.87,0.0695,0.68,-0.6,True,X,▼,121414,▼,O,X,4.08,-12.326176470588237,14.0,0,1.6,8.2,1.9830508474576272,0.0,🔇 변동성 축소 (BW 9.6%). 🧱 구조적 지지선(Swing Low) 근접. 📉 매도세 우위. 🚀 단기 모멘텀 가속. ✅ 20일선 눌림목 구간.,0,0,,,78.6,78.4,78.7,🔥 과열,1.자동차·모빌리티(+31.5%) / 2.조선·기계·설비(+26.4%) / 3.반도체(+18.9%) / 4.IT/전기전자(+15.1%) / 5.인프라·에너지(+12.3%),4,472,20260119,20260119,26.29,10.15,-5.92,-32.21
120110,코오롱인더,KOSPI,화학섬유 제조업,화학섬유 제조업,화학·소재,42550,122.75,0.0,NEUTRAL,False,False,False,42550,40000,47600,52360.00000000001,18.3,9.3,20.6,4.6,4.6,30.3,58.099998474121094,0.0,,,NEUTRAL,⑤ 하락 / 약세,-9.08,-4.17,-29.99,-13.57,-58.89,0,0.99,0.59,0.95,1.0,0.0,0.1,0.32,39.1,39.2,-4.16,18.35,0,0,-2.52,-2.52,0.24,12.72,-2.39,0,0,1.41,0.22,0,1,40725.0,45775,-7.05,-0.0008,1.22,0.72,True,O,▲,44150,▲,X,X,7.139749999999999,-5.23775,11.0,0,0.6,0.3,1.9803921568627452,0.0,🧱 구조적 지지선(Swing Low) 근접. ,0,0,,,78.6,78.4,78.7,🔥 과열,1.자동차·모빌리티(+31.5%) / 2.조선·기계·설비(+26.4%) / 3.반도체(+18.9%) / 4.IT/전기전자(+15.1%) / 5.인프라·에너지(+12.3%),5,473,20260119,20260119,26.29,10.15,12.72,-13.57
039200,오스코텍,KOSDAQ,의약품 제조업,의약품 제조업,바이오·의약품,43200,128.74,0.0,NEUTRAL,False,False,False,43200,41400,46800,51480.00000000001,18.3,1.6,22.5,3.8,3.8,38.8,66.19999694824219,0.0,,,NEUTRAL,③ 박스 / 중립,-16.28,26.87,-22.57,0.62,7.76,0,1.0,0.42,0.97,1.0,0.08,0.1,0.18,48.5,51.1,-4.61,16.86,0,0,-1.71,-4.32,-4.32,10.77,-1.05,1,0,0.86,0.09,0,-1,49265.0,43918,-1.63,0.0662,0.56,-0.84,True,X,▲,44290,▼,X,X,2.2862500000000003,-7.796250000000001,13.0,0,18.1,7.8,2.0,0.0,🧱 구조적 지지선(Swing Low) 근접. 📉 매도세 우위. 🚀 단기 모멘텀 가속. ,0,0,,,78.6,78.4,78.7,🔥 과열,1.자동차·모빌리티(+31.5%) / 2.조선·기계·설비(+26.4%) / 3.반도체(+18.9%) / 4.IT/전기전자(+15.1%) / 5.인프라·에너지(+12.3%),3,474,20260119,20260119,26.29,10.15,10.77,0.62
012200,계양전기,KOSPI,일반 목적용 기계 제조업,일반 목적용 기계 제조업,조선·기계·설비,11160,412.2,0.0,OVERHEAT,False,False,False,8490,2675,20150,22165.0,18.2,0.0,22.7,3.0,3.0,26.6,68.80000305175781,0.0,,,OVERHEAT,② 상승 후 조정,610.83,648.49,589.92,677.17,593.77,0,1.0,1.0,0.0,0.0,0.4,0.33,0.04,81.9,80.4,38.01,176.78,0,0,-1.93,-10.29,41.27,703.46,0.0,1,0,1.63,0.78,1,1,4116.2,11815,-5.55,-1.2307,0.38,-0.93,False,O,▲,13283,▼,X,X,17.209594594594595,32.596756756756754,2.0,0,46.6,40.0,1.0595167943429582,31.448763250883395,📉 매도세 우위. 💰 외국인/기관 수급 집중. ⚠️ 단기 급등 조정 주의.,0,0,,,78.6,78.4,78.7,🔥 과열,1.자동차·모빌리티(+31.5%) / 2.조선·기계·설비(+26.4%) / 3.반도체(+18.9%) / 4.IT/전기전자(+15.1%) / 5.인프라·에너지(+12.3%),2,475,20260119,20260119,26.29,10.15,703.46,677.17
476040,오가노이드사이언스,KOSDAQ,자연과학 및 공학 연구개발업,자연과학 및 공학 연구개발업,기타,32800,51.16,0.0,NEUTRAL,False,False,False,32800,31550,35300,38830.0,18.1,0.0,22.6,0.4,0.4,35.8,74.4000015258789,0.0,,,NEUTRAL,④ 바닥 반등 시도,-16.22,-9.52,-22.51,-18.79,-28.63,0,1.0,0.38,0.93,1.0,0.29,0.04,0.05,21.2,8.1,-13.17,41.23,0,0,-4.93,-4.65,-13.68,-8.64,-9.42,0,0,1.72,0.04,0,-1,38550.0,33455,-1.96,0.2434,0.51,-1.11,True,X,▼,32375,▼,O,X,7.377666666666667,14.425583333333332,7.0,0,0.0,28.8,2.0,0.0,🧱 구조적 지지선(Swing Low) 근접. 📉 매도세 우위. 🚀 단기 모멘텀 가속. 📉 과매도 기술적 반등 기대.,0,0,,,78.6,78.4,78.7,🔥 과열,1.자동차·모빌리티(+31.5%) / 2.조선·기계·설비(+26.4%) / 3.반도체(+18.9%) / 4.IT/전기전자(+15.1%) / 5.인프라·에너지(+12.3%),4,476,20260119,20260119,26.29,10.15,-8.64,-18.79
007390,네이처셀,KOSDAQ,기초 의약물질 제조업,기초 의약물질 제조업,기타,19640,82.08,0.0,NEUTRAL,False,False,False,19640,19210,20500,22550.000000000004,18.0,2.4,21.9,0.0,0.0,35.9,72.9000015258789,0.0,,,NEUTRAL,④ 바닥 반등 시도,-13.29,-27.26,-19.58,-30.31,-46.37,0,1.0,0.22,0.67,1.0,0.06,0.07,0.18,22.8,25.0,-7.55,18.37,0,0,-2.29,-3.73,-10.32,-20.16,-9.0,0,1,1.11,0.01,0,-1,21669.0,20038,-1.99,0.0481,1.36,-1.87,True,X,▼,19726,▼,X,X,7.377666666666667,14.425583333333332,7.0,0,12.0,5.7,2.0,0.0,🧱 구조적 지지선(Swing Low) 근접. 📉 매도세 우위. 🚀 단기 모멘텀 가속. 📉 과매도 기술적 반등 기대.,0,0,,,78.6,78.4,78.7,🔥 과열,1.자동차·모빌리티(+31.5%) / 2.조선·기계·설비(+26.4%) / 3.반도체(+18.9%) / 4.IT/전기전자(+15.1%) / 5.인프라·에너지(+12.3%),4,477,20260119,20260119,26.29,10.15,-20.16,-30.31
064260,다날,KOSDAQ,소프트웨어 개발 및 공급업,소프트웨어 개발 및 공급업,IT/전기전자,6810,102.07,0.0,WAIT,False,False,True,6810,6570,7280,8008.000000000001,17.9,10.6,19.7,19.9,19.9,31.7,19.399999618530273,0.0,,,WAIT,⑤ 하락 / 약세,1.04,-23.48,-5.25,-34.15,-42.59,5,0.98,0.35,0.9,1.0,0.0,0.08,0.16,43.5,48.8,-4.91,13.2,1,0,-0.58,-2.58,-7.97,-24.0,2.6,0,0,1.39,0.2,0,1,6260.0,6977,-2.4,-0.0853,0.43,-0.58,True,X,▼,6894,▼,X,X,9.837341772151898,18.689113924050634,4.0,1,4.3,0.0,1.9583333333333333,0.0,🌪️ 5일 연속 응축 중! 폭발 임박. 🧱 구조적 지지선(Swing Low) 근접. 📉 매도세 우위. ,0,0,,,78.6,78.4,78.7,🔥 과열,1.자동차·모빌리티(+31.5%) / 2.조선·기계·설비(+26.4%) / 3.반도체(+18.9%) / 4.IT/전기전자(+15.1%) / 5.인프라·에너지(+12.3%),5,478,20260119,20260119,26.29,10.15,-24.0,-34.15
383220,F&F,KOSPI,봉제의복 제조업,봉제의복 제조업,유통·소비재,63600,81.72,0.0,NEUTRAL,False,False,False,63600,60100,70500,77550.0,17.8,0.0,22.2,6.3,6.3,38.0,59.400001525878906,0.0,,,NEUTRAL,④ 바닥 반등 시도,-20.2,-18.57,-41.11,-29.04,-73.29,0,0.98,0.54,0.99,1.0,0.4,0.07,0.16,23.4,38.4,-7.46,33.19,0,0,-3.49,0.0,-2.9,-2.75,-5.39,0,0,1.41,0.11,0,-1,69910.0,64973,-2.11,0.3356,1.22,-0.98,True,X,▼,62541,▲,O,X,8.767222222222223,-11.258888888888889,12.0,0,0.1,39.7,1.9714285714285715,0.0,🧱 구조적 지지선(Swing Low) 근접. 📉 매도세 우위. 🚀 단기 모멘텀 가속. 📉 과매도 기술적 반등 기대.,0,0,,,78.6,78.4,78.7,🔥 과열,1.자동차·모빌리티(+31.5%) / 2.조선·기계·설비(+26.4%) / 3.반도체(+18.9%) / 4.IT/전기전자(+15.1%) / 5.인프라·에너지(+12.3%),4,479,20260119,20260119,26.29,10.15,-2.75,-29.04
138040,메리츠금융지주,KOSPI,기타 금융업,기타 금융업,금융,104600,214.08,0.0,NEUTRAL,False,False,False,104600,98100,117500,129250.00000000001,17.6,20.3,16.9,7.2,7.2,37.6,39.400001525878906,0.0,,,NEUTRAL,④ 바닥 반등 시도,-4.3,-10.67,-25.21,-36.74,-65.39,0,0.99,0.62,0.93,1.0,0.1,0.17,0.29,43.5,40.0,-2.62,11.78,0,0,-0.76,-0.1,-3.33,-10.45,-6.65,0,1,1.02,0.33,0,-1,114270.0,103732,0.84,0.0828,0.79,0.01,True,X,▼,102684,▼,O,X,4.08,-12.326176470588237,14.0,0,14.0,9.8,1.9846153846153847,0.0,🧱 구조적 지지선(Swing Low) 근접. 📉 매도세 우위. 🚀 단기 모멘텀 가속. ,0,0,,,78.6,78.4,78.7,🔥 과열,1.자동차·모빌리티(+31.5%) / 2.조선·기계·설비(+26.4%) / 3.반도체(+18.9%) / 4.IT/전기전자(+15.1%) / 5.인프라·에너지(+12.3%),4,480,20260119,20260119,26.29,10.15,-10.45,-36.74
475960,토모큐브,KOSDAQ,사진장비 및 광학기기 제조업,사진장비 및 광학기기 제조업,기타,44600,60.56,0.0,NEUTRAL,False,False,False,44600,43000,47800,52580.00000000001,17.4,0.0,21.8,0.0,0.0,37.2,72.5,0.0,,,NEUTRAL,③ 박스 / 중립,-8.7,91.01,-14.99,-0.03,71.9,5,1.0,0.36,0.91,1.0,0.0,0.05,0.09,26.6,29.1,-8.55,13.61,1,0,-1.87,-8.42,-9.9,10.12,-2.44,1,0,1.79,0.08,0,-1,52810.0,46817,-4.74,-0.156,0.61,-1.98,True,X,▼,46817,▼,X,X,7.377666666666667,14.425583333333332,7.0,0,18.1,0.0,2.0,0.0,🌪️ 5일 연속 응축 중! 폭발 임박. 🧱 구조적 지지선(Swing Low) 근접. 📉 매도세 우위. 📉 과매도 기술적 반등 기대.,0,0,,,78.6,78.4,78.7,🔥 과열,1.자동차·모빌리티(+31.5%) / 2.조선·기계·설비(+26.4%) / 3.반도체(+18.9%) / 4.IT/전기전자(+15.1%) / 5.인프라·에너지(+12.3%),3,481,20260119,20260119,26.29,10.15,10.12,-0.03
000880,한화,KOSPI,기타 화학제품 제조업,기타 화학제품 제조업,화학·소재,124900,1065.18,0.0,OVERHEAT,False,False,False,98500,85800,124100,136510.0,17.2,12.3,18.4,3.0,3.0,41.1,54.29999923706055,0.0,,,OVERHEAT,③ 박스 / 중립,54.39,35.17,33.48,3.68,-19.55,0,1.0,1.0,0.04,0.0,1.0,0.85,0.29,81.0,82.1,33.08,80.28,0,0,0.24,30.51,50.85,29.97,4.5,1,0,2.73,0.77,1,1,107410.0,122604,1.87,0.5704,0.93,2.49,False,O,▲,122028,▲,O,X,7.139749999999999,-5.23775,11.0,0,52.8,100.0,-0.020460358056265986,26.802030456852794,💪 매수세 장악(Power Buying). 💰 외국인/기관 수급 집중. 🚀 단기 모멘텀 가속. ⚠️ 단기 급등 조정 주의.,0,0,,,78.6,78.4,78.7,🔥 과열,1.자동차·모빌리티(+31.5%) / 2.조선·기계·설비(+26.4%) / 3.반도체(+18.9%) / 4.IT/전기전자(+15.1%) / 5.인프라·에너지(+12.3%),3,482,20260119,20260119,26.29,10.15,29.97,3.68
290650,엘앤씨바이오,KOSDAQ,의약품 제조업,의약품 제조업,바이오·의약품,54600,107.16,0.0,NEUTRAL,False,False,False,54600,52300,59200,65120.00000000001,17.1,0.5,21.3,0.0,0.0,30.9,71.0,0.0,,,NEUTRAL,③ 박스 / 중립,-18.14,70.09,-24.43,0.38,50.98,0,1.0,0.42,0.97,1.0,0.04,0.09,0.05,25.6,39.2,-10.62,29.07,0,0,-1.09,-5.7,-12.08,10.53,-11.44,0,0,1.12,0.07,0,-1,63850.0,55852,-2.24,0.0375,0.45,-0.78,True,X,▲,55000,▼,X,X,2.2862500000000003,-7.796250000000001,13.0,0,0.1,4.4,2.0,0.0,🧱 구조적 지지선(Swing Low) 근접. 📉 매도세 우위. 🚀 단기 모멘텀 가속. 📉 과매도 기술적 반등 기대.,0,0,,,78.6,78.4,78.7,🔥 과열,1.자동차·모빌리티(+31.5%) / 2.조선·기계·설비(+26.4%) / 3.반도체(+18.9%) / 4.IT/전기전자(+15.1%) / 5.인프라·에너지(+12.3%),3,483,20260119,20260119,26.29,10.15,10.53,0.38
036460,한국가스공사,KOSPI,연료용 가스 제조 및 배관공급업,연료용 가스 제조 및 배관공급업,기타,38650,131.04,0.0,NEUTRAL,False,False,False,38650,37300,41300,45430.00000000001,17.0,20.0,16.2,1.8,1.8,32.5,49.70000076293945,0.0,,,NEUTRAL,④ 바닥 반등 시도,-7.43,-11.56,-28.34,-34.16,-66.28,0,0.98,0.34,0.89,1.0,0.12,0.11,0.38,31.5,26.7,-1.88,10.38,0,0,-1.02,0.13,0.52,-7.87,-0.65,0,0,0.86,0.19,0,-1,40130.0,38974,-0.83,0.0933,1.3,-0.95,True,X,▼,38551,▲,O,X,7.377666666666667,14.425583333333332,7.0,0,0.4,11.6,1.962962962962963,0.0,🧱 구조적 지지선(Swing Low) 근접. 📉 매도세 우위. 🚀 단기 모멘텀 가속. ✅ 20일선 눌림목 구간.,0,0,,,78.6,78.4,78.7,🔥 과열,1.자동차·모빌리티(+31.5%) / 2.조선·기계·설비(+26.4%) / 3.반도체(+18.9%) / 4.IT/전기전자(+15.1%) / 5.인프라·에너지(+12.3%),4,484,20260119,20260119,26.29,10.15,-7.87,-34.16
323410,카카오뱅크,KOSPI,은행 및 저축기관,은행 및 저축기관,인터넷/플랫폼·게임,21100,193.98,0.0,WAIT,False,False,True,21100,20600,22050,24255.000000000004,16.9,0.9,20.9,21.7,21.7,37.5,18.899999618530273,0.0,,,WAIT,⑤ 하락 / 약세,-0.71,-27.99,-21.62,-37.07,-82.71,0,0.95,0.23,0.71,1.0,0.0,0.16,0.35,43.8,42.6,-2.47,6.95,0,1,-1.17,-0.94,-4.09,-10.78,0.48,1,0,1.14,0.08,0,-1,22570.0,21331,-1.08,-0.0277,1.3,-1.51,True,X,▼,21284,▼,X,X,1.2175,-17.385,16.0,2,18.8,0.0,1.9,0.0,🔇 변동성 축소 (BW 7.0%). 🧱 구조적 지지선(Swing Low) 근접. 📉 매도세 우위. ,0,0,,,78.6,78.4,78.7,🔥 과열,1.자동차·모빌리티(+31.5%) / 2.조선·기계·설비(+26.4%) / 3.반도체(+18.9%) / 4.IT/전기전자(+15.1%) / 5.인프라·에너지(+12.3%),5,485,20260119,20260119,26.29,10.15,-10.78,-37.07
228760,지노믹트리,KOSDAQ,자연과학 및 공학 연구개발업,자연과학 및 공학 연구개발업,기타,24000,126.72,0.0,NEUTRAL,False,False,False,24000,23300,25400,27940.000000000004,16.6,0.0,20.8,0.0,0.0,30.0,69.19999694824219,0.0,,,NEUTRAL,② 상승 후 조정,-7.34,72.17,-13.63,16.17,53.06,0,1.0,0.29,0.8,1.0,0.0,0.1,0.15,42.0,32.3,-14.38,28.99,0,0,-8.4,-10.28,-25.0,26.32,-5.18,0,0,0.89,0.02,0,-1,32130.0,25979,-7.62,-0.3417,1.49,-1.79,True,X,▲,26559,▼,X,X,7.377666666666667,14.425583333333332,7.0,0,0.0,0.0,2.0,0.0,🧱 구조적 지지선(Swing Low) 근접. 📉 매도세 우위. 📉 과매도 기술적 반등 기대.,0,0,,,78.6,78.4,78.7,🔥 과열,1.자동차·모빌리티(+31.5%) / 2.조선·기계·설비(+26.4%) / 3.반도체(+18.9%) / 4.IT/전기전자(+15.1%) / 5.인프라·에너지(+12.3%),2,486,20260119,20260119,26.29,10.15,26.32,16.17
316140,우리금융지주,KOSPI,기타 금융업,기타 금융업,금융,27550,390.4,0.0,NEUTRAL,False,False,False,27550,26450,29750,32725.000000000004,15.7,29.9,12.1,7.6,7.6,31.8,22.700000762939453,0.0,,,NEUTRAL,④ 바닥 반등 시도,-0.54,10.42,-21.45,-21.14,-44.3,5,1.0,0.4,0.95,1.0,0.05,0.31,0.42,38.5,47.6,-1.3,5.32,1,1,-1.25,0.18,-1.25,5.15,-0.74,0,0,1.35,0.32,0,1,26595.0,27798,-0.89,0.0454,1.02,0.52,True,O,▲,27668,▲,X,X,4.08,-12.326176470588237,14.0,0,1.8,5.4,2.0,0.0,🌪️ 5일 연속 응축 중! 폭발 임박. 🧱 구조적 지지선(Swing Low) 근접. 📉 매도세 우위. 🚀 단기 모멘텀 가속. ✅ 20일선 눌림목 구간.,0,0,,,78.6,78.4,78.7,🔥 과열,1.자동차·모빌리티(+31.5%) / 2.조선·기계·설비(+26.4%) / 3.반도체(+18.9%) / 4.IT/전기전자(+15.1%) / 5.인프라·에너지(+12.3%),4,487,20260119,20260119,26.29,10.15,5.15,-21.14
112610,씨에스윈드,KOSPI,"구조용 금속제품, 탱크 및 증기발생기 제조업","구조용 금속제품, 탱크 및 증기발생기 제조업",기타,40050,84.93,0.0,NEUTRAL,False,False,False,40050,38200,43750,48125.00000000001,14.9,0.0,18.6,2.8,2.8,33.9,55.599998474121094,0.0,,,NEUTRAL,④ 바닥 반등 시도,-10.9,-19.74,-31.81,-32.61,-74.46,0,1.0,0.46,0.99,1.0,0.19,0.07,0.25,30.8,28.7,-3.88,18.47,0,0,-1.84,0.75,-1.6,-6.32,-3.11,0,0,1.34,0.14,0,-1,42415.0,40747,-1.71,0.1609,0.93,-0.13,True,X,▼,39966,▲,O,X,7.377666666666667,14.425583333333332,7.0,0,0.2,19.0,2.0,0.0,🧱 구조적 지지선(Swing Low) 근접. 📉 매도세 우위. 🚀 단기 모멘텀 가속. ,0,0,,,78.6,78.4,78.7,🔥 과열,1.자동차·모빌리티(+31.5%) / 2.조선·기계·설비(+26.4%) / 3.반도체(+18.9%) / 4.IT/전기전자(+15.1%) / 5.인프라·에너지(+12.3%),4,488,20260119,20260119,26.29,10.15,-6.32,-32.61
005690,파미셀,KOSPI,기초 의약물질 제조업,기초 의약물질 제조업,기타,13000,106.32,0.0,ARMED,True,False,False,13000,12580,13840,15224.000000000002,14.7,4.9,17.2,0.0,0.0,37.5,57.5,0.0,,,ARMED,④ 바닥 반등 시도,-17.88,1.09,-38.79,-29.28,-53.63,0,1.0,0.32,0.86,1.0,0.01,0.09,0.12,15.7,32.1,-8.9,18.84,0,0,-1.52,-5.73,-11.62,-2.99,-10.65,1,0,6.75,0.05,0,-1,14474.0,13355,-2.66,0.0123,0.99,-1.44,True,X,▲,13269,▼,X,X,7.377666666666667,14.425583333333332,7.0,0,18.0,1.5,2.0,0.0,🧱 구조적 지지선(Swing Low) 근접. 📉 매도세 우위. 📈 상승 모멘텀 개선. 📉 과매도 기술적 반등 기대.,0,0,,,78.6,78.4,78.7,🔥 과열,1.자동차·모빌리티(+31.5%) / 2.조선·기계·설비(+26.4%) / 3.반도체(+18.9%) / 4.IT/전기전자(+15.1%) / 5.인프라·에너지(+12.3%),4,489,20260119,20260119,26.29,10.15,-2.99,-29.28
021240,코웨이,KOSPI,그외 기타 개인 서비스업,그외 기타 개인 서비스업,서비스 기타,76400,212.16,0.0,NEUTRAL,False,False,False,76400,73500,82100,90310.00000000001,14.1,7.8,15.7,0.0,0.0,30.5,52.29999923706055,0.0,,,NEUTRAL,④ 바닥 반등 시도,-15.11,-29.06,-36.02,-45.1,-83.78,0,0.98,0.37,0.93,1.0,0.02,0.17,0.14,7.0,4.1,-8.37,22.77,0,0,0.39,-4.26,-8.72,-18.81,-10.17,0,0,0.86,0.08,0,-1,84200.0,77851,-1.86,0.018,1.11,-1.98,True,X,▼,76079,▼,O,X,7.455217391304347,-5.216956521739131,10.0,0,0.1,2.1,1.9655172413793103,0.0,🧱 구조적 지지선(Swing Low) 근접. 📉 매도세 우위. 📈 상승 모멘텀 개선. 📉 과매도 기술적 반등 기대.,0,0,,,78.6,78.4,78.7,🔥 과열,1.자동차·모빌리티(+31.5%) / 2.조선·기계·설비(+26.4%) / 3.반도체(+18.9%) / 4.IT/전기전자(+15.1%) / 5.인프라·에너지(+12.3%),4,490,20260119,20260119,26.29,10.15,-18.81,-45.1
006800,미래에셋증권,KOSPI,금융 지원 서비스업,금융 지원 서비스업,서비스 기타,31950,1249.32,0.0,OVERHEAT,False,False,False,27650,24100,34700,38170.0,14.0,54.2,4.0,3.0,3.0,40.9,6.300000190734863,0.0,,,OVERHEAT,⑤ 하락 / 약세,56.23,58.17,35.32,8.24,3.45,0,0.99,1.0,0.05,0.0,0.34,1.0,0.15,83.9,84.3,21.28,48.61,0,0,2.4,11.52,25.29,34.53,27.46,1,0,1.69,0.95,1,1,26010.0,30494,4.77,0.0618,0.52,1.22,False,O,▲,31097,▲,O,X,7.455217391304347,-5.216956521739131,10.0,0,85.1,34.1,0.3503184713375796,15.551537070524413,💰 외국인/기관 수급 집중. 🚀 단기 모멘텀 가속. ⚠️ 단기 급등 조정 주의.,0,0,,,78.6,78.4,78.7,🔥 과열,1.자동차·모빌리티(+31.5%) / 2.조선·기계·설비(+26.4%) / 3.반도체(+18.9%) / 4.IT/전기전자(+15.1%) / 5.인프라·에너지(+12.3%),5,491,20260119,20260119,26.29,10.15,34.53,8.24
030000,제일기획,KOSPI,광고업,광고업,미디어·콘텐츠,20600,70.56,0.0,NEUTRAL,False,False,False,20600,19740,22350,24585.000000000004,13.9,0.0,17.4,1.9,1.9,33.6,53.599998474121094,0.0,,,NEUTRAL,④ 바닥 반등 시도,-10.63,-4.63,-31.54,-25.31,-59.35,0,1.0,0.42,0.97,1.0,0.18,0.06,0.25,26.2,31.2,-3.79,19.3,0,0,-0.96,0.0,-1.9,0.98,-1.71,0,0,0.8,0.14,0,-1,21955.0,20886,-1.37,0.1482,0.8,0.11,True,X,▲,20458,▲,O,X,9.184285714285716,-1.5899999999999994,9.0,0,0.2,17.5,2.0348837209302326,0.0,🧱 구조적 지지선(Swing Low) 근접. 📉 매도세 우위. 🚀 단기 모멘텀 가속. ,0,0,,,78.6,78.4,78.7,🔥 과열,1.자동차·모빌리티(+31.5%) / 2.조선·기계·설비(+26.4%) / 3.반도체(+18.9%) / 4.IT/전기전자(+15.1%) / 5.인프라·에너지(+12.3%),4,492,20260119,20260119,26.29,10.15,0.98,-25.31
241710,코스메카코리아,KOSDAQ,기타 화학제품 제조업,기타 화학제품 제조업,화학·소재,65700,55.37,0.0,NEUTRAL,False,False,False,65700,62900,71300,78430.0,12.8,0.0,16.0,3.0,3.0,30.1,46.20000076293945,0.0,,,NEUTRAL,⑤ 하락 / 약세,-8.24,-2.09,-14.53,-16.96,-21.2,5,1.0,0.43,0.97,1.0,0.0,0.04,0.27,51.6,53.5,-3.49,11.39,1,0,-1.5,-4.09,-6.68,-6.81,-0.77,0,0,1.75,0.16,0,1,62790.0,67429,-2.57,-0.0703,1.04,-0.79,True,X,▲,67313,▼,X,X,7.139749999999999,-5.23775,11.0,0,0.3,0.0,2.0,0.0,🌪️ 5일 연속 응축 중! 폭발 임박. 🧱 구조적 지지선(Swing Low) 근접. 📉 매도세 우위. ,0,0,,,78.6,78.4,78.7,🔥 과열,1.자동차·모빌리티(+31.5%) / 2.조선·기계·설비(+26.4%) / 3.반도체(+18.9%) / 4.IT/전기전자(+15.1%) / 5.인프라·에너지(+12.3%),5,493,20260119,20260119,26.29,10.15,-6.81,-16.96
443060,HD현대마린솔루션,KOSPI,"건축기술, 엔지니어링 및 관련 기술 서비스업","건축기술, 엔지니어링 및 관련 기술 서비스업",서비스 기타,188000,229.29,0.0,NEUTRAL,False,False,False,188000,176800,210500,231550.00000000003,12.6,0.0,15.7,0.0,0.0,38.5,52.20000076293945,0.0,,,NEUTRAL,⑤ 하락 / 약세,-0.05,1.08,-20.96,-50.18,-53.64,5,1.0,0.6,0.96,1.0,0.02,0.18,0.27,47.2,26.7,-2.29,8.53,1,1,-0.84,-2.13,1.46,-23.89,-1.53,1,0,0.62,0.35,0,-1,205010.0,194136,-3.16,-0.085,0.44,-0.32,True,X,▼,192034,▼,X,X,7.455217391304347,-5.216956521739131,10.0,0,20.5,1.5,2.0089285714285716,0.0,🌪️ 5일 연속 응축 중! 폭발 임박. 🧱 구조적 지지선(Swing Low) 근접. 📉 매도세 우위. ,0,0,,,78.6,78.4,78.7,🔥 과열,1.자동차·모빌리티(+31.5%) / 2.조선·기계·설비(+26.4%) / 3.반도체(+18.9%) / 4.IT/전기전자(+15.1%) / 5.인프라·에너지(+12.3%),5,494,20260119,20260119,26.29,10.15,-23.89,-50.18
086900,메디톡스,KOSDAQ,기초 의약물질 제조업,기초 의약물질 제조업,기타,116300,81.03,0.0,NEUTRAL,False,False,False,116300,113500,121800,133980.0,12.2,7.6,13.3,4.8,4.8,42.3,33.29999923706055,0.0,,,NEUTRAL,④ 바닥 반등 시도,-4.36,-26.16,-10.65,-14.19,-45.27,5,0.98,0.24,0.71,1.0,0.01,0.06,0.38,46.8,42.1,-3.12,5.6,1,1,-2.84,-2.02,-2.68,-4.04,-0.94,1,1,1.0,0.04,0,-1,126640.0,118552,-1.9,0.0099,1.94,-0.26,True,X,▼,118704,▼,X,X,7.377666666666667,14.425583333333332,7.0,0,30.0,1.2,1.9642857142857142,0.0,🌪️ 5일 연속 응축 중! 폭발 임박. 🧱 구조적 지지선(Swing Low) 근접. 📉 매도세 우위. 📈 상승 모멘텀 개선. ,0,0,,,78.6,78.4,78.7,🔥 과열,1.자동차·모빌리티(+31.5%) / 2.조선·기계·설비(+26.4%) / 3.반도체(+18.9%) / 4.IT/전기전자(+15.1%) / 5.인프라·에너지(+12.3%),4,495,20260119,20260119,26.29,10.15,-4.04,-14.19
069620,대웅제약,KOSPI,의약품 제조업,의약품 제조업,바이오·의약품,160700,65.47,0.0,NEUTRAL,False,False,False,160700,157100,167800,184580.00000000003,12.2,0.0,15.3,0.0,0.0,37.2,50.900001525878906,0.0,,,NEUTRAL,⑤ 하락 / 약세,-12.04,-3.48,-32.95,-10.68,-58.2,0,0.98,0.22,0.68,1.0,0.0,0.05,0.18,31.7,36.8,-6.23,14.16,0,0,-2.13,-5.86,-5.25,15.61,-2.2,1,0,1.8,0.01,0,-1,180460.0,164398,-2.25,-0.0174,1.1,-2.24,True,O,▲,164396,▼,X,X,2.2862500000000003,-7.796250000000001,13.0,0,18.0,0.0,1.9722222222222223,0.0,🧱 구조적 지지선(Swing Low) 근접. 📉 매도세 우위. 📉 과매도 기술적 반등 기대.,0,0,,,78.6,78.4,78.7,🔥 과열,1.자동차·모빌리티(+31.5%) / 2.조선·기계·설비(+26.4%) / 3.반도체(+18.9%) / 4.IT/전기전자(+15.1%) / 5.인프라·에너지(+12.3%),5,496,20260119,20260119,26.29,10.15,15.61,-10.68
001450,현대해상,KOSPI,보험업,보험업,금융,26800,97.93,0.0,NEUTRAL,False,False,False,26800,25550,29250,32175.000000000004,11.8,9.3,12.4,0.0,0.0,33.2,41.29999923706055,0.0,,,NEUTRAL,④ 바닥 반등 시도,-11.99,-0.74,-32.9,-29.71,-55.46,0,0.98,0.46,0.99,1.0,0.16,0.08,0.11,21.1,24.5,-8.12,26.66,0,0,0.0,-0.74,-12.7,-3.42,-12.27,0,0,0.93,0.13,0,-1,29450.0,26693,0.4,0.1335,0.77,-1.53,True,X,▼,26013,▼,O,X,4.08,-12.326176470588237,14.0,0,0.2,15.8,1.96,0.0,🧱 구조적 지지선(Swing Low) 근접. 📉 매도세 우위. 🚀 단기 모멘텀 가속. 📉 과매도 기술적 반등 기대.,0,0,,,78.6,78.4,78.7,🔥 과열,1.자동차·모빌리티(+31.5%) / 2.조선·기계·설비(+26.4%) / 3.반도체(+18.9%) / 4.IT/전기전자(+15.1%) / 5.인프라·에너지(+12.3%),4,497,20260119,20260119,26.29,10.15,-3.42,-29.71
326030,SK바이오팜,KOSPI,자연과학 및 공학 연구개발업,자연과학 및 공학 연구개발업,기타,118200,326.7,0.0,NEUTRAL,False,False,False,118200,114800,124900,137390.0,11.3,0.0,14.1,2.6,2.6,37.2,40.79999923706055,0.0,,,NEUTRAL,⑤ 하락 / 약세,-9.77,16.8,-30.68,-17.05,-37.92,0,0.98,0.28,0.8,1.0,0.0,0.26,0.26,29.1,33.9,-5.13,10.07,0,0,-1.83,-3.9,-6.19,9.24,-2.25,1,0,1.66,0.07,0,-1,129490.0,120569,-1.97,-0.0211,1.53,-1.85,True,X,▲,120551,▼,X,X,7.377666666666667,14.425583333333332,7.0,0,18.1,0.0,1.9705882352941178,0.0,🧱 구조적 지지선(Swing Low) 근접. 📉 매도세 우위. 📉 과매도 기술적 반등 기대.,0,0,,,78.6,78.4,78.7,🔥 과열,1.자동차·모빌리티(+31.5%) / 2.조선·기계·설비(+26.4%) / 3.반도체(+18.9%) / 4.IT/전기전자(+15.1%) / 5.인프라·에너지(+12.3%),5,498,20260119,20260119,26.29,10.15,9.24,-17.05
000100,유한양행,KOSPI,의약품 제조업,의약품 제조업,바이오·의약품,105900,543.09,0.0,NEUTRAL,False,False,False,105900,103400,110800,121880.00000000001,10.1,0.0,12.6,5.8,5.8,42.0,28.600000381469727,0.0,,,NEUTRAL,⑤ 하락 / 약세,-7.35,-15.28,-28.26,-36.85,-70.0,0,0.98,0.23,0.71,1.0,0.0,0.44,0.22,21.7,29.5,-5.97,10.19,0,0,-1.85,-5.61,-7.51,-10.56,-5.21,1,1,1.62,0.03,0,-1,114350.0,108837,-2.7,-0.1157,1.44,-3.11,True,X,▼,109015,▼,X,X,2.2862500000000003,-7.796250000000001,13.0,0,30.0,0.0,1.96,0.0,🧱 구조적 지지선(Swing Low) 근접. 📉 매도세 우위. 📉 과매도 기술적 반등 기대.,0,0,,,78.6,78.4,78.7,🔥 과열,1.자동차·모빌리티(+31.5%) / 2.조선·기계·설비(+26.4%) / 3.반도체(+18.9%) / 4.IT/전기전자(+15.1%) / 5.인프라·에너지(+12.3%),5,499,20260119,20260119,26.29,10.15,-10.56,-36.85
175330,JB금융지주,KOSPI,기타 금융업,기타 금융업,금융,23250,113.14,0.0,NEUTRAL,False,False,False,23250,22750,24200,26620.000000000004,8.2,0.0,10.2,0.0,0.0,34.8,33.900001525878906,0.0,,,NEUTRAL,⑤ 하락 / 약세,-6.25,-5.1,-27.16,-24.09,-59.82,0,0.95,0.2,0.67,1.0,0.0,0.09,0.18,12.2,17.7,-6.99,12.71,0,0,-2.92,-5.49,-6.81,2.2,-5.3,0,1,1.14,0.0,0,-1,25530.0,24118,-3.6,-0.0714,1.26,-2.56,False,X,▼,23981,▼,X,X,4.08,-12.326176470588237,14.0,0,12.0,0.0,1.9,0.0,📉 매도세 우위. 📉 과매도 기술적 반등 기대.,0,0,,,78.6,78.4,78.7,🔥 과열,1.자동차·모빌리티(+31.5%) / 2.조선·기계·설비(+26.4%) / 3.반도체(+18.9%) / 4.IT/전기전자(+15.1%) / 5.인프라·에너지(+12.3%),5,500,20260119,20260119,26.29,10.15,2.2,-24.09
024110,기업은행,KOSPI,은행 및 저축기관,은행 및 저축기관,금융,20300,254.06,0.0,NEUTRAL,False,False,False,20300,19840,21250,23375.000000000004,5.8,0.0,7.2,5.0,5.0,35.7,12.300000190734863,0.0,,,NEUTRAL,④ 바닥 반등 시도,-2.87,0.5,-23.78,-22.77,-54.22,0,1.0,0.23,0.69,1.0,0.04,0.2,0.35,29.5,49.5,-2.36,5.98,0,1,-0.98,-1.22,-2.4,3.52,-1.46,0,1,1.19,0.04,0,1,20250.0,20558,-1.26,0.0359,1.32,-1.76,True,O,▲,20420,▼,X,X,4.08,-12.326176470588237,14.0,0,12.0,4.2,2.0652173913043477,0.0,🔇 변동성 축소 (BW 6.0%). 🧱 구조적 지지선(Swing Low) 근접. 📉 매도세 우위. 🚀 단기 모멘텀 가속. ,0,0,,,78.6,78.4,78.7,🔥 과열,1.자동차·모빌리티(+31.5%) / 2.조선·기계·설비(+26.4%) / 3.반도체(+18.9%) / 4.IT/전기전자(+15.1%) / 5.인프라·에너지(+12.3%),4,501,20260119,20260119,26.29,10.15,3.52,-22.77
138930,BNK금융지주,KOSPI,기타 금융업,기타 금융업,금융,14800,116.23,0.0,NEUTRAL,False,False,False,14800,14410,15570,17127.0,4.8,0.0,6.0,0.0,0.0,35.0,20.0,0.0,,,NEUTRAL,④ 바닥 반등 시도,-6.03,-4.02,-26.94,-22.65,-58.74,0,0.98,0.26,0.76,1.0,0.01,0.09,0.19,17.7,29.7,-5.13,11.7,0,0,-0.94,-2.18,-5.31,3.64,-5.16,0,1,1.26,0.05,0,-1,15800.0,15066,-1.77,0.0083,0.86,-2.13,True,X,▲,14903,▼,X,X,4.08,-12.326176470588237,14.0,0,12.0,1.0,1.9743589743589745,0.0,🧱 구조적 지지선(Swing Low) 근접. 📉 매도세 우위. 📈 상승 모멘텀 개선. 📉 과매도 기술적 반등 기대.,0,0,,,78.6,78.4,78.7,🔥 과열,1.자동차·모빌리티(+31.5%) / 2.조선·기계·설비(+26.4%) / 3.반도체(+18.9%) / 4.IT/전기전자(+15.1%) / 5.인프라·에너지(+12.3%),4,502,20260119,20260119,26.29,10.15,3.64,-22.65
139130,iM금융지주,KOSPI,기타 금융업,기타 금융업,금융,13820,103.32,0.0,NEUTRAL,False,False,False,13820,13520,14420,15862.000000000002,1.6,0.0,2.0,0.0,0.0,34.8,6.699999809265137,0.0,,,NEUTRAL,⑤ 하락 / 약세,-5.15,-6.37,-26.06,-24.0,-61.09,0,1.0,0.22,0.67,1.0,0.0,0.08,0.13,21.5,26.2,-7.2,16.05,0,0,-2.06,-3.02,-9.67,2.29,-4.1,0,1,1.87,0.01,0,-1,15003.0,14166,-2.44,-0.0227,0.86,-1.85,True,X,▲,14050,▼,X,X,4.08,-12.326176470588237,14.0,0,12.0,0.0,2.0,0.0,🧱 구조적 지지선(Swing Low) 근접. 📉 매도세 우위. 📉 과매도 기술적 반등 기대.,0,0,,,78.6,78.4,78.7,🔥 과열,1.자동차·모빌리티(+31.5%) / 2.조선·기계·설비(+26.4%) / 3.반도체(+18.9%) / 4.IT/전기전자(+15.1%) / 5.인프라·에너지(+12.3%),5,503,20260119,20260119,26.29,10.15,2.29,-24.0
035250,강원랜드,KOSPI,유원지 및 기타 오락관련 서비스업,유원지 및 기타 오락관련 서비스업,서비스 기타,17670,88.3,0.0,NEUTRAL,False,False,False,17670,17210,18580,20438.0,1.1,0.0,1.4,0.0,0.0,34.8,4.599999904632568,0.0,,,NEUTRAL,⑤ 하락 / 약세,-4.43,-12.09,-25.34,-23.62,-66.81,0,0.99,0.26,0.75,1.0,0.0,0.07,0.26,31.6,31.1,-3.5,8.04,0,1,-0.62,-1.45,-3.39,2.67,-3.73,0,1,1.47,0.06,0,-1,18434.0,17936,-1.48,-0.0091,0.95,-1.05,True,X,▼,17789,▼,X,X,7.455217391304347,-5.216956521739131,10.0,0,12.1,0.0,1.9782608695652173,0.0,🔇 변동성 축소 (BW 8.0%). 🧱 구조적 지지선(Swing Low) 근접. 📉 매도세 우위. ,0,0,,,78.6,78.4,78.7,🔥 과열,1.자동차·모빌리티(+31.5%) / 2.조선·기계·설비(+26.4%) / 3.반도체(+18.9%) / 4.IT/전기전자(+15.1%) / 5.인프라·에너지(+12.3%),5,504,20260119,20260119,26.29,10.15,2.67,-23.62
