시장,종목명,종목코드,업종,종가,거래대금(억원),시가총액(억원),RSI14,MFI14,이격도,MACD_Hist,MACD_Slope,거래강도,ret_5d_%,ret_10d_%,ret_60d_%,idx_60d_%,rel_60d_%,EBS,통과,근거,추천매수가,손절가,추천매도가1,추천매도가2,RR1,Now%,LDY_SCORE,ROUTE,AI_COMMENT,기준일,시총기준일,벤치_60d_KOSPI_%,벤치_60d_KOSDAQ_%,60일_종목수익률_%,60일_지수수익률_%,60일_초과수익(α)_%
KOSPI,KB금융,105560,금융업,130700,1259.32,498571.0,,67.3,3.1,409.7408,51.59963,0.89,4.73,8.46,20.35,27.92,-7.57,6,★,"MACD상승, 20선근접, 정배열(단), 장기추세(120↑), 자금유입(MFI), MACD>Sig",130600,123000,141900,153200,1.486842105263158,0.0765696784073507,87.8,🔼 BRK (돌파),💸 자금 유입이 꾸준히 이어지고 있습니다. 📈 상승 추세가 견고하게 유지되고 있습니다.  (매수 유효),20251205,20251205,27.92,13.97,20.35,27.92,-7.57
KOSPI,삼성전자우,005935,전기전자,80100,1844.81,653595.7,,69.4,4.75,301.5708,141.76282,0.87,6.8,10.79,40.28,27.92,12.36,6,★,"MACD상승, 20선근접, 정배열(단), 장기추세(120↑), 자금유입(MFI), MACD>Sig",78800,73500,86600,94400,1.471698113207547,1.6497461928934012,86.4,🔼 BRK (돌파),💸 자금 유입이 꾸준히 이어지고 있습니다. 🚀 상승 에너지가 폭발적으로 증가하는 중입니다.  (매수 유효),20251205,20251205,27.92,13.97,40.28,27.92,12.36
KOSPI,효성중공업,298040,전기전자,2012000,1796.05,187609.9,,45.5,-0.58,-26585.245,14260.00117,1.54,5.84,5.34,63.31,27.92,35.39,5,★,"MACD상승, 20선근접, 거래량↑, 정배열(단), 장기추세(120↑)",2012000,1871000,2181000,2364000,1.198581560283688,0.0,86.4,🔺 Watch (관찰·돌파예상),🚀 상승 에너지가 폭발적으로 증가하는 중입니다. ✅ 20일선 부근의 안전한 눌림목 구간입니다. (매수 유효),20251205,20251205,27.92,13.97,63.31,27.92,35.39
KOSPI,SK하이닉스,000660,전기전자,544000,17188.52,3960332.9,,40.7,-2.99,-6166.8469,769.0962,0.74,2.64,4.41,98.9,27.92,70.98,3,,"MACD상승, 정배열(단), 장기추세(120↑)",544000,506000,590000,639000,1.2105263157894737,0.0,86.2,🔺 Watch (관찰·돌파예상),🚀 상승 에너지가 폭발적으로 증가하는 중입니다.  (매수 유효),20251205,20251205,27.92,13.97,98.9,27.92,70.98
KOSPI,삼성SDI,006400,전기전자,307500,1160.75,247800.5,,42.4,0.74,-1863.9291,579.74611,0.92,2.67,6.59,54.14,27.92,26.22,4,★,"MACD상승, 20선근접, 정배열(단), 장기추세(120↑)",307500,286000,333500,361500,1.2093023255813953,0.0,86.2,🔺 Watch (관찰·돌파예상),🚀 상승 에너지가 폭발적으로 증가하는 중입니다. ✅ 20일선 부근의 안전한 눌림목 구간입니다. (매수 유효),20251205,20251205,27.92,13.97,54.14,27.92,26.22
KOSPI,LG에너지솔루션,373220,전기전자,426000,1850.65,996840.0,,39.1,-2.75,-3461.8327,1558.34266,1.33,4.41,0.12,24.2,27.92,-3.72,4,★,"MACD상승, 거래량↑, 정배열(단), 장기추세(120↑)",426000,396000,462000,501000,1.2,0.0,85.3,🔺 Watch (관찰·돌파예상),🚀 상승 에너지가 폭발적으로 증가하는 중입니다.  (매수 유효),20251205,20251205,27.92,13.97,24.2,27.92,-3.72
KOSPI,한화에어로스페이스,012450,기타,895000,1686.06,461492.4,,39.8,-0.15,1456.8585,4410.82978,0.89,5.05,2.99,-2.72,27.92,-30.64,2,,"MACD상승, 20선근접, MACD>Sig",895000,832000,970000,1052000,1.1904761904761905,0.0,84.9,🔺 Watch (관찰·돌파예상),🚀 상승 에너지가 폭발적으로 증가하는 중입니다. ✅ 20일선 부근의 안전한 눌림목 구간입니다. (매수 유효),20251205,20251205,27.92,13.97,-2.72,27.92,-30.64
KOSPI,현대로템,064350,기타,182000,1469.28,198639.0,,43.8,-1.51,404.6494,874.72833,1.26,3.59,-0.44,-11.22,27.92,-39.14,2,,"MACD상승, 거래량↑, MACD>Sig",182000,169300,197300,214000,1.204724409448819,0.0,84.4,🔺 Watch (관찰·돌파예상),🚀 상승 에너지가 폭발적으로 증가하는 중입니다. ✅ 20일선 부근의 안전한 눌림목 구간입니다. (매수 유효),20251205,20251205,27.92,13.97,-11.22,27.92,-39.14
KOSPI,HD현대일렉트릭,267260,전기전자,832000,1090.6,299912.2,,42.1,3.14,-2830.7924,3458.10457,0.8,7.35,10.79,60.93,27.92,33.01,4,★,"MACD상승, 20선근접, 정배열(단), 장기추세(120↑)",831000,773000,901000,976000,1.206896551724138,0.12033694344163659,84.4,🔺 Watch (관찰·돌파예상),🚀 상승 에너지가 폭발적으로 증가하는 중입니다.  (매수 유효),20251205,20251205,27.92,13.97,60.93,27.92,33.01
KOSPI,NAVER,035420,서비스업,249500,1427.68,391347.3,,43.5,-1.76,-1212.4682,442.03522,0.6,2.25,-4.95,8.95,27.92,-18.97,3,,"MACD상승, 정배열(단), 장기추세(120↑)",249500,232000,270500,293000,1.2,0.0,84.0,🔺 Watch (관찰·돌파예상),🚀 상승 에너지가 폭발적으로 증가하는 중입니다. ✅ 20일선 부근의 안전한 눌림목 구간입니다. (매수 유효),20251205,20251205,27.92,13.97,8.95,27.92,-18.97
KOSDAQ,휴림로봇,090710,기타,5460,569.01,6522.4,,64.4,1.36,5.0374,2.15957,1.04,2.44,9.75,109.6,13.97,95.63,6,★,"MACD상승, 20선근접, 정배열(단), 장기추세(120↑), 자금유입(MFI), MACD>Sig",5460,5080,6030,6610,1.5,0.0,83.3,🔺 Watch (관찰·돌파예상),💸 자금 유입이 꾸준히 이어지고 있습니다. 📈 상승 추세가 견고하게 유지되고 있습니다. ✅ 20일선 부근의 안전한 눌림목 구간입니다. (매수 유효),20251205,20251205,27.92,13.97,109.6,13.97,95.63
KOSPI,산일전기,062040,기타,149100,699.85,45393.8,,65.4,4.6,186.1351,441.03331,1.28,3.97,12.7,39.74,27.92,11.82,7,★,"MACD상승, 20선근접, 거래량↑, 정배열(단), 장기추세(120↑), 자금유입(MFI), MACD>Sig",146800,136500,162200,177700,1.4951456310679612,1.5667574931880108,82.9,🔼 BRK (돌파),💸 자금 유입이 꾸준히 이어지고 있습니다. 🚀 상승 에너지가 폭발적으로 증가하는 중입니다.  (매수 유효),20251205,20251205,27.92,13.97,39.74,27.92,11.82
KOSPI,LG화학,051910,화학,381500,1043.64,269309.8,,46.3,-1.19,-2960.8387,712.71165,0.86,2.01,3.95,38.98,27.92,11.06,3,,"MACD상승, 정배열(단), 장기추세(120↑)",381500,355000,413500,448500,1.2075471698113207,0.0,82.6,🔺 Watch (관찰·돌파예상),🚀 상승 에너지가 폭발적으로 증가하는 중입니다. ✅ 20일선 부근의 안전한 눌림목 구간입니다. (매수 유효),20251205,20251205,27.92,13.97,38.98,27.92,11.06
KOSPI,두산,000150,기계,928000,894.93,150278.8,,39.5,2.23,-6819.5791,4806.11267,0.74,5.94,8.54,60.28,27.92,32.36,4,★,"MACD상승, 20선근접, 정배열(단), 장기추세(120↑)",928000,863000,1006000,1090000,1.2,0.0,82.5,🔺 Watch (관찰·돌파예상),🚀 상승 에너지가 폭발적으로 증가하는 중입니다.  (매수 유효),20251205,20251205,27.92,13.97,60.28,27.92,32.36
KOSPI,두산에너빌리티,034020,기계,80400,3042.02,515011.2,,52.4,4.23,263.6961,229.28117,0.95,5.24,9.99,30.1,27.92,2.18,5,★,"MACD상승, 20선근접, 정배열(단), 장기추세(120↑), MACD>Sig",79400,73900,86100,93400,1.2181818181818183,1.2594458438287155,81.0,🔺 Watch (관찰·돌파예상),🚀 상승 에너지가 폭발적으로 증가하는 중입니다.  (매수 유효),20251205,20251205,27.92,13.97,30.1,27.92,2.18
KOSPI,카카오,035720,서비스업,61500,1320.43,272066.3,,48.1,1.91,196.4939,116.71875,0.65,4.77,4.77,5.13,27.92,-22.79,4,★,"MACD상승, 20선근접, 장기추세(120↑), MACD>Sig",61500,57700,66000,70900,1.1842105263157894,0.0,80.7,🔺 Watch (관찰·돌파예상),🚀 상승 에너지가 폭발적으로 증가하는 중입니다. ✅ 20일선 부근의 안전한 눌림목 구간입니다. (매수 유효),20251205,20251205,27.92,13.97,5.13,27.92,-22.79
KOSPI,삼성중공업,010140,기타,25450,906.28,223960.0,,50.5,-0.15,-147.6666,88.24544,1.03,3.46,0.39,20.62,27.92,-7.3,4,★,"MACD상승, 20선근접, 정배열(단), 장기추세(120↑)",25450,23650,27600,29900,1.1944444444444444,0.0,80.5,🔺 Watch (관찰·돌파예상),📈 상승 추세가 견고하게 유지되고 있습니다. ✅ 20일선 부근의 안전한 눌림목 구간입니다. (매수 유효),20251205,20251205,27.92,13.97,20.62,27.92,-7.3
KOSPI,한미반도체,042700,전기전자,119100,1026.68,113516.8,,48.3,-4.06,-919.5929,130.42753,0.8,-3.64,-0.83,43.67,27.92,15.75,3,,"MACD상승, 정배열(단), 장기추세(120↑)",119100,110800,129100,139900,1.2048192771084338,0.0,79.8,↩️ PULL (눌림),🚀 상승 에너지가 폭발적으로 증가하는 중입니다. ,20251205,20251205,27.92,13.97,43.67,27.92,15.75
KOSPI,삼성바이오로직스,207940,의약품,1641000,896.66,759634.5,,18.6,-5.06,-15027.9832,1358.84375,0.87,2.12,-8.68,8.25,27.92,-19.67,3,,"MACD상승, 정배열(단), 장기추세(120↑)",1641000,1527000,1777000,1925000,1.1929824561403508,0.0,79.1,🔺 Watch (관찰·돌파예상),🚀 상승 에너지가 폭발적으로 증가하는 중입니다. 📉 과매도 구간으로 기술적 반등이 기대됩니다.,20251205,20251205,27.92,13.97,8.25,27.92,-19.67
KOSDAQ,로보스타,090360,기타,74400,781.21,7254.0,,65.0,3.98,505.0293,-43.00788,1.53,4.79,17.35,156.99,13.97,143.02,6,★,"20선근접, 거래량↑, 정배열(단), 장기추세(120↑), 자금유입(MFI), MACD>Sig",73700,68500,81400,89200,1.4807692307692308,0.9497964721845319,77.9,🔺 Watch (상승 준비),💸 자금 유입이 꾸준히 이어지고 있습니다. ,20251205,20251205,27.92,13.97,156.99,13.97,143.02
KOSPI,대한전선,001440,기타,23250,704.65,43349.0,,45.9,-0.87,-235.1622,81.12482,0.71,4.73,3.33,52.96,27.92,25.04,4,★,"MACD상승, 20선근접, 정배열(단), 장기추세(120↑)",23250,21600,25200,27300,1.1818181818181819,0.0,77.9,🔺 Watch (관찰·돌파예상),📈 상승 추세가 견고하게 유지되고 있습니다. ✅ 20일선 부근의 안전한 눌림목 구간입니다.,20251205,20251205,27.92,13.97,52.96,27.92,25.04
KOSPI,SK스퀘어,402340,기타,302000,1155.16,400273.4,,53.3,1.33,-462.9739,-539.08605,0.64,1.34,13.53,97.64,27.92,69.72,3,,"20선근접, 정배열(단), 장기추세(120↑)",302000,281000,327500,355000,1.2142857142857142,0.0,77.7,↩️ PULL (눌림),✅ 20일선 부근의 안전한 눌림목 구간입니다.,20251205,20251205,27.92,13.97,97.64,27.92,69.72
KOSPI,한화오션,042660,기타,108500,822.82,332458.5,,19.9,-8.33,-1589.3063,431.84379,0.51,0.65,-9.43,-3.56,27.92,-31.48,3,,"MACD상승, 정배열(단), 장기추세(120↑)",108500,100900,117600,127500,1.1973684210526316,0.0,77.0,🔺 Watch (상승 준비),🚀 상승 에너지가 폭발적으로 증가하는 중입니다. 📉 과매도 구간으로 기술적 반등이 기대됩니다.,20251205,20251205,27.92,13.97,-3.56,27.92,-31.48
KOSDAQ,이오테크닉스,039030,기타,285000,232.55,35110.7,,64.2,4.72,997.5253,701.05369,0.75,10.89,14.92,42.64,13.97,28.67,6,★,"MACD상승, 20선근접, 정배열(단), 장기추세(120↑), 자금유입(MFI), MACD>Sig",280500,260500,309500,339000,1.45,1.6042780748663104,77.0,🔼 BRK (돌파),💸 자금 유입이 꾸준히 이어지고 있습니다. 🚀 상승 에너지가 폭발적으로 증가하는 중입니다. ,20251205,20251205,27.92,13.97,42.64,13.97,28.67
KOSPI,한국전력,015760,전기가스업,52200,1790.73,335105.2,,50.0,4.93,-148.6558,41.59863,0.55,-0.57,8.41,42.04,27.92,14.12,4,★,"MACD상승, 20선근접, 정배열(단), 장기추세(120↑)",51200,47650,55500,60200,1.2112676056338028,1.953125,76.8,🔺 Watch (상승 준비),📈 상승 추세가 견고하게 유지되고 있습니다. ,20251205,20251205,27.92,13.97,42.04,27.92,14.12
KOSDAQ,티로보틱스,117730,기타,16850,194.46,3640.5,,68.0,3.91,67.3102,0.33827,1.02,0.48,15.02,50.45,13.97,36.48,6,★,"MACD상승, 20선근접, 정배열(단), 장기추세(120↑), 자금유입(MFI), MACD>Sig",16700,15530,18460,20200,1.5042735042735043,0.8982035928143712,76.8,🔺 Watch (상승 준비),💸 자금 유입이 꾸준히 이어지고 있습니다. 📈 상승 추세가 견고하게 유지되고 있습니다. ,20251205,20251205,27.92,13.97,50.45,13.97,36.48
KOSPI,대덕전자,353200,기타,48200,653.23,23819.0,,52.5,-2.56,-945.0863,23.05176,0.75,-2.03,1.8,105.98,27.92,78.06,3,,"MACD상승, 정배열(단), 장기추세(120↑)",48200,44850,52200,56600,1.1940298507462686,0.0,76.5,↩️ PULL (눌림),📈 상승 추세가 견고하게 유지되고 있습니다. ,20251205,20251205,27.92,13.97,105.98,27.92,78.06
KOSDAQ,제닉스로보틱스,381620,기타,15710,135.78,2060.8,,63.5,2.67,50.0691,2.89673,0.42,-2.6,12.94,60.96,13.97,46.99,6,★,"MACD상승, 20선근접, 정배열(단), 장기추세(120↑), 자금유입(MFI), MACD>Sig",15710,14610,17360,19010,1.5,0.0,76.4,↩️ PULL (눌림),💸 자금 유입이 꾸준히 이어지고 있습니다. 📈 상승 추세가 견고하게 유지되고 있습니다. ,20251205,20251205,27.92,13.97,60.96,13.97,46.99
KOSPI,HD현대중공업,329180,운수장비,534000,642.58,474048.4,,57.9,-3.37,-4718.7422,1051.426,0.38,-0.19,-3.78,4.09,27.92,-23.83,3,,"MACD상승, 정배열(단), 장기추세(120↑)",534000,496500,579000,627000,1.2,0.0,76.2,↩️ PULL (눌림),🚀 상승 에너지가 폭발적으로 증가하는 중입니다. ,20251205,20251205,27.92,13.97,4.09,27.92,-23.83
KOSPI,POSCO홀딩스,005490,철강금속,311000,702.43,251701.5,,43.5,-0.01,-985.2755,272.8635,0.73,0.48,0.16,12.48,27.92,-15.44,4,★,"MACD상승, 20선근접, 정배열(단), 장기추세(120↑)",311000,292500,333500,357500,1.2162162162162162,0.0,76.0,🔺 Watch (상승 준비),🚀 상승 에너지가 폭발적으로 증가하는 중입니다. ✅ 20일선 부근의 안전한 눌림목 구간입니다.,20251205,20251205,27.92,13.97,12.48,27.92,-15.44
KOSDAQ,다날,064260,기타,6800,1499.32,5104.9,,84.8,-0.18,93.7207,0.22236,7.27,-1.88,3.34,-19.43,13.97,-33.4,4,★,"MACD상승, 20선근접, 거래량↑, 자금유입(MFI), MACD>Sig",6800,6320,7370,7990,1.1875,0.0,75.9,↩️ PULL (눌림),💰 외국인/기관의 강력한 수급이 집중되고 있습니다. 📈 상승 추세가 견고하게 유지되고 있습니다. ✅ 20일선 부근의 안전한 눌림목 구간입니다.,20251205,20251205,27.92,13.97,-19.43,13.97,-33.4
KOSPI,포스코인터내셔널,047050,기타,54900,189.66,96581.6,,61.6,2.79,188.5004,6.41522,1.22,2.43,3.98,12.85,27.92,-15.07,7,★,"MACD상승, 20선근접, 거래량↑, 정배열(단), 장기추세(120↑), 자금유입(MFI), MACD>Sig",54900,51300,60300,65600,1.5,0.0,75.9,🔺 Watch (관찰·돌파예상),💸 자금 유입이 꾸준히 이어지고 있습니다. 📈 상승 추세가 견고하게 유지되고 있습니다. ,20251205,20251205,27.92,13.97,12.85,27.92,-15.07
KOSPI,HD한국조선해양,009540,운수장비,432000,492.77,305739.9,,41.0,1.86,-25.5341,1218.84746,0.57,5.37,2.86,0.82,27.92,-27.1,3,,"MACD상승, 20선근접, 장기추세(120↑)",432000,402000,468500,508000,1.2166666666666666,0.0,75.7,🔺 Watch (관찰·돌파예상),🚀 상승 에너지가 폭발적으로 증가하는 중입니다. ✅ 20일선 부근의 안전한 눌림목 구간입니다.,20251205,20251205,27.92,13.97,0.82,27.92,-27.1
KOSPI,이수페타시스,007660,기타,135200,1679.72,99249.3,,42.9,3.85,-1143.5463,-432.06754,0.6,-6.11,10.73,113.92,27.92,86.0,3,,"20선근접, 정배열(단), 장기추세(120↑)",134100,124700,145400,157600,1.202127659574468,0.8202833706189411,75.5,🔁 MR (반전),특이사항 없음. 기술적 지표를 참고하세요.,20251205,20251205,27.92,13.97,113.92,27.92,86.0
KOSPI,HD현대,267250,기타,208500,291.84,164700.6,,35.3,-0.16,-1802.1749,884.46995,0.73,6.11,2.46,44.09,27.92,16.17,4,★,"MACD상승, 20선근접, 정배열(단), 장기추세(120↑)",208500,193900,226000,245000,1.1986301369863013,0.0,75.5,🔺 Watch (관찰·돌파예상),🚀 상승 에너지가 폭발적으로 증가하는 중입니다. ✅ 20일선 부근의 안전한 눌림목 구간입니다.,20251205,20251205,27.92,13.97,44.09,27.92,16.17
KOSPI,포스코퓨처엠,003670,기타,206000,371.19,183229.2,,42.4,0.78,-513.5468,119.55886,0.63,-0.24,7.01,56.53,27.92,28.61,4,★,"MACD상승, 20선근접, 정배열(단), 장기추세(120↑)",206000,191600,223500,242000,1.2152777777777777,0.0,75.1,↩️ PULL (눌림),🚀 상승 에너지가 폭발적으로 증가하는 중입니다. ✅ 20일선 부근의 안전한 눌림목 구간입니다.,20251205,20251205,27.92,13.97,56.53,27.92,28.61
KOSPI,두산로보틱스,454910,기타,80800,995.76,52374.5,,61.8,6.7,647.4837,160.6658,2.98,4.26,13.8,31.38,27.92,3.46,6,★,"MACD상승, 거래량↑, 정배열(단), 장기추세(120↑), 자금유입(MFI), MACD>Sig",78000,72500,86200,94400,1.490909090909091,3.5897435897435894,74.9,🔼 BRK (돌파),💸 자금 유입이 꾸준히 이어지고 있습니다. 🚀 상승 에너지가 폭발적으로 증가하는 중입니다. ⚠️ 단기 급등으로 인한 조정 가능성을 염두에 두세요.,20251205,20251205,27.92,13.97,31.38,27.92,3.46
KOSPI,LS,006260,기타,188500,245.98,59754.5,,40.4,-0.94,-337.9333,861.8246,0.73,5.37,3.46,5.37,27.92,-22.55,4,★,"MACD상승, 20선근접, 정배열(단), 장기추세(120↑)",188500,175300,204500,221500,1.2121212121212122,0.0,74.8,🔺 Watch (관찰·돌파예상),🚀 상승 에너지가 폭발적으로 증가하는 중입니다. ✅ 20일선 부근의 안전한 눌림목 구간입니다.,20251205,20251205,27.92,13.97,5.37,27.92,-22.55
KOSPI,LIG넥스원,079550,기타,372500,430.45,81950.0,,20.7,-5.55,-380.1341,826.78556,0.86,-2.74,-7.34,-21.74,27.92,-49.66,0,,MACD상승,372500,346500,404000,437500,1.2115384615384615,0.0,74.5,↩️ PULL (눌림),🚀 상승 에너지가 폭발적으로 증가하는 중입니다. 📉 과매도 구간으로 기술적 반등이 기대됩니다.,20251205,20251205,27.92,13.97,-21.74,27.92,-49.66
KOSDAQ,하나마이크론,067310,기타,25300,269.27,16793.7,,64.0,1.46,-54.7278,38.76107,0.49,-1.56,11.95,80.97,13.97,67.0,5,★,"MACD상승, 20선근접, 정배열(단), 장기추세(120↑), 자금유입(MFI)",25300,23550,27450,29750,1.2285714285714286,0.0,74.4,↩️ PULL (눌림),💸 자금 유입이 꾸준히 이어지고 있습니다. 📈 상승 추세가 견고하게 유지되고 있습니다. ✅ 20일선 부근의 안전한 눌림목 구간입니다.,20251205,20251205,27.92,13.97,80.97,13.97,67.0
KOSDAQ,펩트론,087010,기타,285000,1183.53,66454.4,,40.3,-8.54,-6433.8428,-375.46968,1.06,-16.18,-22.76,-6.1,13.97,-20.07,2,,"정배열(단), 장기추세(120↑)",285000,265000,309000,335000,1.2,0.0,74.2,🔁 MR (반전),📉 과매도 구간으로 기술적 반등이 기대됩니다.,20251205,20251205,27.92,13.97,-6.1,13.97,-20.07
KOSDAQ,티엘비,356860,기타,66400,205.6,6528.9,,67.3,-1.19,-529.9994,71.40601,0.55,-0.15,6.41,121.33,13.97,107.36,4,★,"MACD상승, 정배열(단), 장기추세(120↑), 자금유입(MFI)",66400,61800,72000,78000,1.2173913043478262,0.0,73.9,↩️ PULL (눌림),💸 자금 유입이 꾸준히 이어지고 있습니다. 📈 상승 추세가 견고하게 유지되고 있습니다. ✅ 20일선 부근의 안전한 눌림목 구간입니다.,20251205,20251205,27.92,13.97,121.33,13.97,107.36
KOSPI,NH투자증권,005940,기타,21400,132.61,76257.7,,61.8,1.21,22.6108,18.74917,0.84,3.63,4.14,11.23,27.92,-16.69,6,★,"MACD상승, 20선근접, 정배열(단), 장기추세(120↑), 자금유입(MFI), MACD>Sig",21400,20250,23100,24800,1.4782608695652173,0.0,73.9,🔺 Watch (관찰·돌파예상),💸 자금 유입이 꾸준히 이어지고 있습니다. 📈 상승 추세가 견고하게 유지되고 있습니다. ✅ 20일선 부근의 안전한 눌림목 구간입니다.,20251205,20251205,27.92,13.97,11.23,27.92,-16.69
KOSDAQ,리가켐바이오,141080,기타,185500,1319.36,67912.2,,58.8,4.34,436.558,-856.88604,1.07,-4.04,4.1,21.96,13.97,7.99,4,★,"20선근접, 정배열(단), 장기추세(120↑), MACD>Sig",183100,170300,198500,215000,1.203125,1.3107591480065537,73.7,🔺 Watch (상승 준비),특이사항 없음. 기술적 지표를 참고하세요.,20251205,20251205,27.92,13.97,21.96,13.97,7.99
KOSPI,키움증권,039490,기타,287500,176.12,76423.8,,52.4,2.13,388.8681,660.56318,0.58,5.31,9.73,39.23,27.92,11.31,5,★,"MACD상승, 20선근접, 정배열(단), 장기추세(120↑), MACD>Sig",287500,267500,311500,338000,1.2,0.0,73.5,🔺 Watch (관찰·돌파예상),🚀 상승 에너지가 폭발적으로 증가하는 중입니다. ,20251205,20251205,27.92,13.97,39.23,27.92,11.31
KOSPI,미래에셋증권,006800,기타,21850,513.41,124614.1,,45.5,-2.49,-40.5132,19.84888,0.63,0.0,3.31,14.94,27.92,-12.98,2,,"MACD상승, 장기추세(120↑)",21850,20300,23700,25650,1.1935483870967742,0.0,73.2,↩️ PULL (눌림),📈 상승 추세가 견고하게 유지되고 있습니다. ,20251205,20251205,27.92,13.97,14.94,27.92,-12.98
KOSDAQ,오스코텍,039200,기타,56900,482.02,21768.9,,60.3,3.56,66.7811,-429.07187,1.41,-8.23,4.02,35.15,13.97,21.18,6,★,"20선근접, 거래량↑, 정배열(단), 장기추세(120↑), 자금유입(MFI), MACD>Sig",56600,52600,62500,68500,1.475,0.5300353356890459,73.2,🔺 Watch (상승 준비),💸 자금 유입이 꾸준히 이어지고 있습니다. ,20251205,20251205,27.92,13.97,35.15,13.97,21.18
KOSPI,한국금융지주,071050,기타,164000,251.61,91390.6,,48.7,0.49,94.3079,195.17544,0.56,2.24,7.12,25.0,27.92,-2.92,5,★,"MACD상승, 20선근접, 정배열(단), 장기추세(120↑), MACD>Sig",164000,152500,177800,192700,1.2,0.0,73.1,🔺 Watch (관찰·돌파예상),🚀 상승 에너지가 폭발적으로 증가하는 중입니다. ✅ 20일선 부근의 안전한 눌림목 구간입니다.,20251205,20251205,27.92,13.97,25.0,27.92,-2.92
KOSPI,삼성화재,000810,금융업,522000,587.3,240178.2,,71.7,6.67,2500.2084,1542.14746,1.26,8.41,11.06,14.1,27.92,-13.82,6,★,"MACD상승, 거래량↑, 정배열(단), 장기추세(120↑), 자금유입(MFI), MACD>Sig",504000,472000,552000,600000,1.5,3.571428571428571,73.0,🔼 BRK (돌파),💰 외국인/기관의 강력한 수급이 집중되고 있습니다. 🚀 상승 에너지가 폭발적으로 증가하는 중입니다. ⚠️ 단기 급등으로 인한 조정 가능성을 염두에 두세요.,20251205,20251205,27.92,13.97,14.1,27.92,-13.82
KOSDAQ,HLB,028300,기타,49100,251.74,64730.1,,51.8,2.49,21.1177,45.24881,1.05,4.69,9.35,21.09,13.97,7.12,5,★,"MACD상승, 20선근접, 정배열(단), 장기추세(120↑), MACD>Sig",49100,45650,53200,57700,1.1884057971014492,0.0,72.5,🔺 Watch (관찰·돌파예상),📈 상승 추세가 견고하게 유지되고 있습니다. ,20251205,20251205,27.92,13.97,21.09,13.97,7.12
KOSPI,SK,034730,서비스업,264000,291.31,191407.1,,58.5,0.99,-391.2043,111.36964,0.44,-0.56,6.02,27.85,27.92,-0.07,4,★,"MACD상승, 20선근접, 정배열(단), 장기추세(120↑)",264000,245500,286000,310000,1.1891891891891893,0.0,72.3,↩️ PULL (눌림),🚀 상승 에너지가 폭발적으로 증가하는 중입니다. ✅ 20일선 부근의 안전한 눌림목 구간입니다.,20251205,20251205,27.92,13.97,27.85,27.92,-0.07
KOSPI,삼성전자,005930,전기전자,108400,21109.38,6416887.5,,62.1,7.19,459.2902,269.89255,1.02,7.86,14.35,55.97,27.92,28.05,5,★,"MACD상승, 정배열(단), 장기추세(120↑), 자금유입(MFI), MACD>Sig",104200,96900,112900,122400,1.1917808219178083,4.030710172744722,72.2,🔼 BRK (돌파),💸 자금 유입이 꾸준히 이어지고 있습니다. 🚀 상승 에너지가 폭발적으로 증가하는 중입니다. ⚠️ 단기 급등으로 인한 조정 가능성을 염두에 두세요.,20251205,20251205,27.92,13.97,55.97,27.92,28.05
KOSPI,일진전기,103590,기타,55000,254.01,26227.0,,36.8,-2.34,-740.1773,200.8942,0.76,0.18,2.23,51.72,27.92,23.8,3,,"MACD상승, 정배열(단), 장기추세(120↑)",55000,51200,59600,64600,1.2105263157894737,0.0,72.2,🔺 Watch (상승 준비),🚀 상승 에너지가 폭발적으로 증가하는 중입니다. ,20251205,20251205,27.92,13.97,51.72,27.92,23.8
KOSDAQ,서진시스템,178320,기타,25500,139.95,14351.9,,76.8,5.34,171.2345,22.55376,1.65,4.51,16.97,28.14,13.97,14.17,6,★,"MACD상승, 거래량↑, 정배열(단), 장기추세(120↑), 자금유입(MFI), MACD>Sig",24950,23200,27550,30150,1.4857142857142858,2.2044088176352705,72.0,🔼 BRK (돌파),💰 외국인/기관의 강력한 수급이 집중되고 있습니다. 📈 상승 추세가 견고하게 유지되고 있습니다. ⚠️ 단기 급등으로 인한 조정 가능성을 염두에 두세요.,20251205,20251205,27.92,13.97,28.14,13.97,14.17
KOSPI,에코프로머티,450080,기타,60000,172.29,41959.5,,57.3,1.11,124.4384,85.90508,1.06,3.45,7.53,20.48,27.92,-7.44,5,★,"MACD상승, 20선근접, 정배열(단), 장기추세(120↑), MACD>Sig",60000,55800,65000,70500,1.1904761904761905,0.0,71.9,🔺 Watch (관찰·돌파예상),📈 상승 추세가 견고하게 유지되고 있습니다. ✅ 20일선 부근의 안전한 눌림목 구간입니다.,20251205,20251205,27.92,13.97,20.48,27.92,-7.44
KOSPI,한화시스템,272210,기타,47200,325.22,89170.0,,23.3,-4.08,-44.0403,166.21116,0.7,2.16,-2.88,-9.92,27.92,-37.84,0,,MACD상승,47200,43900,51200,55500,1.2121212121212122,0.0,71.8,🔺 Watch (관찰·돌파예상),🚀 상승 에너지가 폭발적으로 증가하는 중입니다. ,20251205,20251205,27.92,13.97,-9.92,27.92,-37.84
KOSPI,두산우,000155,기타,537000,137.31,21461.0,,24.8,-3.65,-7951.3702,1254.59377,0.71,0.19,-1.47,54.31,27.92,26.39,3,,"MACD상승, 정배열(단), 장기추세(120↑)",537000,499500,582000,631000,1.2,0.0,71.7,🔺 Watch (상승 준비),🚀 상승 에너지가 폭발적으로 증가하는 중입니다. ,20251205,20251205,27.92,13.97,54.31,27.92,26.39
KOSPI,한온시스템,018880,기타,3785,203.3,25691.2,,54.6,0.4,-14.0891,11.13525,1.49,0.53,7.07,17.04,27.92,-10.88,5,★,"MACD상승, 20선근접, 거래량↑, 정배열(단), 장기추세(120↑)",3785,3520,4105,4445,1.2075471698113207,0.0,71.6,🔺 Watch (상승 준비),📈 상승 추세가 견고하게 유지되고 있습니다. ✅ 20일선 부근의 안전한 눌림목 구간입니다.,20251205,20251205,27.92,13.97,17.04,27.92,-10.88
KOSPI,HJ중공업,097230,기타,22100,230.9,19955.3,,48.0,2.17,285.0504,12.86124,0.5,6.25,9.95,-19.93,27.92,-47.85,4,★,"MACD상승, 20선근접, 장기추세(120↑), MACD>Sig",22100,20550,23950,25950,1.1935483870967742,0.0,71.2,🔺 Watch (관찰·돌파예상),📈 상승 추세가 견고하게 유지되고 있습니다. ,20251205,20251205,27.92,13.97,-19.93,27.92,-47.85
KOSPI,HD현대마린솔루션,443060,기타,194900,166.03,87372.1,,19.1,-3.45,-625.5321,1000.99762,0.39,4.73,-4.46,-11.41,27.92,-39.33,0,,MACD상승,194900,181300,211500,229000,1.2205882352941178,0.0,71.2,🔺 Watch (관찰·돌파예상),🚀 상승 에너지가 폭발적으로 증가하는 중입니다. ,20251205,20251205,27.92,13.97,-11.41,27.92,-39.33
KOSDAQ,온코닉테라퓨틱스,476060,기타,17280,1011.62,7687.8,,60.9,4.74,226.4321,-208.21547,1.13,-16.72,0.82,107.27,13.97,93.3,5,★,"20선근접, 정배열(단), 장기추세(120↑), 자금유입(MFI), MACD>Sig",16990,15800,18420,19970,1.2016806722689075,1.7068864037669218,71.1,🔺 Watch (상승 준비),💸 자금 유입이 꾸준히 이어지고 있습니다. ,20251205,20251205,27.92,13.97,107.27,13.97,93.3
KOSDAQ,원익IPS,240810,기타,61800,152.07,30333.9,,49.6,-2.11,-450.8369,113.92619,0.46,0.82,8.99,60.94,13.97,46.97,3,,"MACD상승, 정배열(단), 장기추세(120↑)",61800,57500,67000,72600,1.2093023255813953,0.0,71.0,🔺 Watch (상승 준비),🚀 상승 에너지가 폭발적으로 증가하는 중입니다. ,20251205,20251205,27.92,13.97,60.94,13.97,46.97
KOSDAQ,올릭스,226950,기타,119600,897.58,24057.3,,27.9,-8.64,-2850.8572,-249.18497,0.76,-7.07,-10.08,34.84,13.97,20.87,2,,"정배열(단), 장기추세(120↑)",119600,111200,129600,140500,1.1904761904761905,0.0,70.9,🔁 MR (반전),📉 과매도 구간으로 기술적 반등이 기대됩니다.,20251205,20251205,27.92,13.97,34.84,13.97,20.87
KOSPI,삼성생명,032830,금융업,158200,381.66,316400.0,,73.5,2.66,939.9368,144.8462,0.92,3.47,8.06,5.54,27.92,-22.38,5,★,"MACD상승, 20선근접, 장기추세(120↑), 자금유입(MFI), MACD>Sig",158200,148900,169300,181300,1.1935483870967742,0.0,70.8,🔺 Watch (관찰·돌파예상),💰 외국인/기관의 강력한 수급이 집중되고 있습니다. 🚀 상승 에너지가 폭발적으로 증가하는 중입니다. ,20251205,20251205,27.92,13.97,5.54,27.92,-22.38
KOSPI,한국가스공사,036460,기타,42400,114.41,39140.7,,53.6,2.38,102.2843,54.98364,1.27,2.17,5.34,7.89,27.92,-20.03,6,★,"MACD상승, 20선근접, 거래량↑, 정배열(단), 장기추세(120↑), MACD>Sig",42400,40450,45300,48200,1.4871794871794872,0.0,70.8,🔺 Watch (관찰·돌파예상),📈 상승 추세가 견고하게 유지되고 있습니다. ,20251205,20251205,27.92,13.97,7.89,27.92,-20.03
KOSPI,코스모신소재,005070,기타,50600,108.31,16450.4,,46.6,1.05,243.7716,4.42484,0.62,1.91,11.21,22.96,27.92,-4.96,5,★,"MACD상승, 20선근접, 정배열(단), 장기추세(120↑), MACD>Sig",50600,47050,54900,59500,1.2112676056338028,0.0,70.8,🔺 Watch (관찰·돌파예상),📈 상승 추세가 견고하게 유지되고 있습니다. ✅ 20일선 부근의 안전한 눌림목 구간입니다.,20251205,20251205,27.92,13.97,22.96,27.92,-4.96
KOSDAQ,LS티라유텍,322180,기타,6950,89.65,1454.1,,72.7,3.31,-0.9657,17.85419,1.46,2.51,9.28,29.66,13.97,15.69,6,★,"MACD상승, 20선근접, 거래량↑, 정배열(단), 장기추세(120↑), 자금유입(MFI)",6930,6440,7660,8380,1.489795918367347,0.2886002886002886,70.8,🔺 Watch (관찰·돌파예상),💰 외국인/기관의 강력한 수급이 집중되고 있습니다. 📈 상승 추세가 견고하게 유지되고 있습니다. ,20251205,20251205,27.92,13.97,29.66,13.97,15.69
KOSPI,한화엔진,082740,기타,43100,186.56,35965.7,,43.8,1.07,161.8801,24.95132,0.45,2.13,3.36,-5.48,27.92,-33.4,4,★,"MACD상승, 20선근접, 장기추세(120↑), MACD>Sig",43100,40100,46700,50600,1.2,0.0,70.7,🔺 Watch (관찰·돌파예상),📈 상승 추세가 견고하게 유지되고 있습니다. ✅ 20일선 부근의 안전한 눌림목 구간입니다.,20251205,20251205,27.92,13.97,-5.48,27.92,-33.4
KOSDAQ,강원에너지,114190,기타,15180,124.38,3965.5,,67.7,-3.71,-178.1807,45.77229,0.74,1.07,3.76,27.35,13.97,13.38,4,★,"MACD상승, 정배열(단), 장기추세(120↑), 자금유입(MFI)",15180,14120,16460,17840,1.2075471698113207,0.0,70.7,🔺 Watch (상승 준비),💸 자금 유입이 꾸준히 이어지고 있습니다. 📈 상승 추세가 견고하게 유지되고 있습니다. ,20251205,20251205,27.92,13.97,27.35,13.97,13.38
KOSDAQ,우리기술,032820,기타,4020,216.98,6699.9,,49.8,2.78,27.643,11.36363,1.35,3.74,11.67,-0.99,13.97,-14.96,3,,"MACD상승, 20선근접, 거래량↑, MACD>Sig",4020,3740,4360,4725,1.2142857142857142,0.0,70.4,🔺 Watch (관찰·돌파예상),📈 상승 추세가 견고하게 유지되고 있습니다. ,20251205,20251205,27.92,13.97,-0.99,13.97,-14.96
KOSPI,파미셀,005690,기타,17190,218.73,10316.9,,37.3,-1.1,-163.8511,42.35365,0.33,0.47,4.5,51.45,27.92,23.53,3,,"MACD상승, 정배열(단), 장기추세(120↑)",17190,15990,18630,20200,1.2,0.0,70.3,🔺 Watch (상승 준비),📈 상승 추세가 견고하게 유지되고 있습니다. ✅ 20일선 부근의 안전한 눌림목 구간입니다.,20251205,20251205,27.92,13.97,51.45,27.92,23.53
KOSDAQ,테크윙,089030,기타,47050,216.79,17433.7,,32.7,-6.82,-106.2588,168.73858,0.84,-0.11,5.02,24.8,13.97,10.83,2,,"MACD상승, 장기추세(120↑)",47050,43750,51000,55300,1.196969696969697,0.0,70.3,↩️ PULL (눌림),🚀 상승 에너지가 폭발적으로 증가하는 중입니다. 📉 과매도 구간으로 기술적 반등이 기대됩니다.,20251205,20251205,27.92,13.97,24.8,13.97,10.83
KOSDAQ,엑스게이트,356680,기타,8130,57.05,2320.6,,69.7,0.57,35.3211,8.00971,1.94,2.01,6.14,12.92,13.97,-1.05,6,★,"MACD상승, 20선근접, 거래량↑, 장기추세(120↑), 자금유입(MFI), MACD>Sig",8130,7560,8980,9840,1.4912280701754386,0.0,70.2,🔺 Watch (관찰·돌파예상),💸 자금 유입이 꾸준히 이어지고 있습니다. 📈 상승 추세가 견고하게 유지되고 있습니다. ✅ 20일선 부근의 안전한 눌림목 구간입니다.,20251205,20251205,27.92,13.97,12.92,13.97,-1.05
KOSPI,엔씨소프트,036570,서비스업,212000,182.61,45673.3,,36.2,-1.1,463.5157,62.33147,0.33,0.95,10.82,7.07,27.92,-20.85,3,,"MACD상승, 장기추세(120↑), MACD>Sig",212000,197200,230000,249000,1.2162162162162162,0.0,70.1,🔺 Watch (상승 준비),📈 상승 추세가 견고하게 유지되고 있습니다. ✅ 20일선 부근의 안전한 눌림목 구간입니다.,20251205,20251205,27.92,13.97,7.07,27.92,-20.85
KOSPI,DB하이텍,000990,기타,64800,132.37,28191.0,,45.1,-0.73,-240.0902,21.76175,0.21,1.89,4.68,44.64,27.92,16.72,4,★,"MACD상승, 20선근접, 정배열(단), 장기추세(120↑)",64800,60300,70200,76100,1.2,0.0,70.1,🔺 Watch (관찰·돌파예상),📈 상승 추세가 견고하게 유지되고 있습니다. ✅ 20일선 부근의 안전한 눌림목 구간입니다.,20251205,20251205,27.92,13.97,44.64,27.92,16.72
KOSPI,JB금융지주,175330,기타,25100,98.21,47661.0,,64.0,4.21,121.8946,4.65719,0.93,4.15,8.42,6.58,27.92,-21.34,6,★,"MACD상승, 20선근접, 정배열(단), 장기추세(120↑), 자금유입(MFI), MACD>Sig",24800,23100,27400,29950,1.5294117647058822,1.2096774193548387,70.1,🔼 BRK (돌파),💸 자금 유입이 꾸준히 이어지고 있습니다. 📈 상승 추세가 견고하게 유지되고 있습니다. ,20251205,20251205,27.92,13.97,6.58,27.92,-21.34
KOSPI,한전KPS,051600,기타,54700,189.43,24615.0,,61.6,4.26,191.9753,49.91421,1.9,2.63,4.79,6.42,27.92,-21.5,7,★,"MACD상승, 20선근접, 거래량↑, 정배열(단), 장기추세(120↑), 자금유입(MFI), MACD>Sig",54000,51000,58600,63200,1.5333333333333334,1.2962962962962963,70.0,🔻 REV (역추세 반등),💸 자금 유입이 꾸준히 이어지고 있습니다. 📈 상승 추세가 견고하게 유지되고 있습니다. ,20251205,20251205,27.92,13.97,6.42,27.92,-21.5
KOSPI,포스코DX,022100,기타,26400,105.75,40137.2,,58.2,3.0,108.0711,13.3645,0.81,3.94,8.2,20.82,27.92,-7.1,5,★,"MACD상승, 20선근접, 정배열(단), 장기추세(120↑), MACD>Sig",26400,24550,28600,31000,1.1891891891891893,0.0,70.0,🔺 Watch (관찰·돌파예상),📈 상승 추세가 견고하게 유지되고 있습니다. ,20251205,20251205,27.92,13.97,20.82,27.92,-7.1
KOSPI,효성,004800,기타,136700,59.79,22884.1,,50.7,0.81,-1076.8269,499.66868,0.61,4.59,11.23,61.78,27.92,33.86,4,★,"MACD상승, 20선근접, 정배열(단), 장기추세(120↑)",136700,127100,148200,160600,1.1979166666666667,0.0,69.8,🔺 Watch (관찰·돌파예상),🚀 상승 에너지가 폭발적으로 증가하는 중입니다. ✅ 20일선 부근의 안전한 눌림목 구간입니다.,20251205,20251205,27.92,13.97,61.78,27.92,33.86
KOSPI,삼양식품,003230,기타,1297000,696.48,97703.2,,42.9,-3.97,-5974.9952,-2817.79541,0.85,-10.24,-6.01,-16.43,27.92,-44.35,-1,,,1297000,1206000,1406000,1524000,1.1978021978021978,0.0,69.7,🔁 MR (반전),특이사항 없음. 기술적 지표를 참고하세요.,20251205,20251205,27.92,13.97,-16.43,27.92,-44.35
KOSPI,신한지주,055550,금융업,80200,593.49,389366.9,,59.6,2.0,-23.4015,28.9564,0.61,2.82,4.16,24.15,27.92,-3.77,4,★,"MACD상승, 20선근접, 정배열(단), 장기추세(120↑)",80200,76100,85100,90400,1.1951219512195121,0.0,69.7,🔺 Watch (관찰·돌파예상),📈 상승 추세가 견고하게 유지되고 있습니다. ✅ 20일선 부근의 안전한 눌림목 구간입니다.,20251205,20251205,27.92,13.97,24.15,27.92,-3.77
KOSDAQ,퓨쳐켐,220100,기타,30250,457.5,6776.2,,66.1,1.85,-278.6951,-206.40678,0.87,-8.61,-5.76,34.15,13.97,20.18,4,★,"20선근접, 정배열(단), 장기추세(120↑), 자금유입(MFI)",30250,28150,32800,35550,1.2142857142857142,0.0,69.7,🔁 MR (반전),💸 자금 유입이 꾸준히 이어지고 있습니다. ✅ 20일선 부근의 안전한 눌림목 구간입니다.,20251205,20251205,27.92,13.97,34.15,13.97,20.18
KOSPI,SK이노베이션,096770,화학,114600,226.81,193734.5,,31.3,-2.37,-433.7742,129.26374,0.81,-0.35,0.97,8.73,27.92,-19.19,3,,"MACD상승, 정배열(단), 장기추세(120↑)",114600,107000,123700,133500,1.1973684210526316,0.0,69.7,↩️ PULL (눌림),🚀 상승 에너지가 폭발적으로 증가하는 중입니다. ,20251205,20251205,27.92,13.97,8.73,27.92,-19.19
KOSDAQ,에코프로비엠,247540,기타,159700,705.72,156188.7,,62.0,5.94,1090.3976,162.00971,1.1,6.54,15.56,36.96,13.97,22.99,5,★,"MACD상승, 정배열(단), 장기추세(120↑), 자금유입(MFI), MACD>Sig",155300,144400,168300,182400,1.1926605504587156,2.8332260141661303,69.1,🔼 BRK (돌파),💸 자금 유입이 꾸준히 이어지고 있습니다. 🚀 상승 에너지가 폭발적으로 증가하는 중입니다. ⚠️ 단기 급등으로 인한 조정 가능성을 염두에 두세요.,20251205,20251205,27.92,13.97,36.96,13.97,22.99
KOSDAQ,아이씨티케이,456010,기타,15320,177.49,2056.0,,52.8,2.1,62.1348,87.03605,2.64,10.77,7.89,32.64,13.97,18.67,5,★,"MACD상승, 20선근접, 거래량↑, 장기추세(120↑), MACD>Sig",15320,14250,16610,18000,1.205607476635514,0.0,69.0,🔺 Watch (관찰·돌파예상),📈 상승 추세가 견고하게 유지되고 있습니다. ,20251205,20251205,27.92,13.97,32.64,13.97,18.67
KOSDAQ,보로노이,310210,기타,238000,505.37,43775.6,,55.0,3.18,-1484.7791,-264.91278,1.68,1.06,1.28,65.51,13.97,51.54,4,★,"20선근접, 거래량↑, 정배열(단), 장기추세(120↑)",237500,221000,257500,279000,1.2121212121212122,0.21052631578947367,68.9,🔺 Watch (상승 준비),특이사항 없음. 기술적 지표를 참고하세요.,20251205,20251205,27.92,13.97,65.51,13.97,51.54
KOSDAQ,쏠리드,050890,기타,8030,138.74,4878.7,,67.7,6.42,76.4009,1.6081,1.31,6.92,12.62,22.6,13.97,8.63,6,★,"MACD상승, 거래량↑, 정배열(단), 장기추세(120↑), 자금유입(MFI), MACD>Sig",7770,7230,8590,9400,1.5185185185185186,3.346203346203346,68.9,🔼 BRK (돌파),💸 자금 유입이 꾸준히 이어지고 있습니다. 📈 상승 추세가 견고하게 유지되고 있습니다. ⚠️ 단기 급등으로 인한 조정 가능성을 염두에 두세요.,20251205,20251205,27.92,13.97,22.6,13.97,8.63
KOSPI,S-Oil,010950,화학,80500,131.41,90629.1,,47.6,-3.14,-979.7323,91.49322,0.38,4.95,-10.26,32.84,27.92,4.92,3,,"MACD상승, 정배열(단), 장기추세(120↑)",80500,74900,87300,94600,1.2142857142857142,0.0,68.9,🔺 Watch (관찰·돌파예상),📈 상승 추세가 견고하게 유지되고 있습니다. ,20251205,20251205,27.92,13.97,32.84,27.92,4.92
KOSDAQ,한스바이오메드,042520,기타,28200,105.7,3814.4,,37.7,-9.09,-858.4623,17.1316,0.74,-9.03,-18.85,271.54,13.97,257.57,3,,"MACD상승, 정배열(단), 장기추세(120↑)",28200,26250,30550,33150,1.205128205128205,0.0,68.9,↩️ PULL (눌림),📈 상승 추세가 견고하게 유지되고 있습니다. 📉 과매도 구간으로 기술적 반등이 기대됩니다.,20251205,20251205,27.92,13.97,271.54,13.97,257.57
KOSDAQ,유진테크,084370,기타,77000,115.0,17645.4,,36.3,-9.03,-1090.068,109.36527,0.52,-3.51,-0.39,69.42,13.97,55.45,3,,"MACD상승, 정배열(단), 장기추세(120↑)",77000,71600,83500,90500,1.2037037037037037,0.0,68.8,↩️ PULL (눌림),🚀 상승 에너지가 폭발적으로 증가하는 중입니다. 📉 과매도 구간으로 기술적 반등이 기대됩니다.,20251205,20251205,27.92,13.97,69.42,13.97,55.45
KOSDAQ,범한퓨얼셀,382900,기타,31600,105.48,2768.5,,51.7,3.65,10.8544,137.76418,1.46,4.46,9.15,25.65,13.97,11.68,5,★,"MACD상승, 20선근접, 거래량↑, 장기추세(120↑), MACD>Sig",31400,29200,34050,36900,1.2045454545454546,0.6369426751592357,68.8,🔺 Watch (관찰·돌파예상),🚀 상승 에너지가 폭발적으로 증가하는 중입니다. ,20251205,20251205,27.92,13.97,25.65,13.97,11.68
KOSPI,엘앤에프,066970,기타,123400,415.25,48940.4,,34.5,-1.87,-1134.5456,-63.75524,0.6,-1.44,2.92,96.81,27.92,68.89,2,,"정배열(단), 장기추세(120↑)",123400,114800,133800,145000,1.2093023255813953,0.0,68.6,↩️ PULL (눌림),✅ 20일선 부근의 안전한 눌림목 구간입니다.,20251205,20251205,27.92,13.97,96.81,27.92,68.89
KOSPI,LG디스플레이,034220,기타,13270,486.21,66350.0,,57.8,3.83,92.915,45.11843,2.13,5.82,9.22,10.68,27.92,-17.24,5,★,"MACD상승, 20선근접, 거래량↑, 장기추세(120↑), MACD>Sig",13160,12310,14180,15280,1.2,0.8358662613981762,68.4,🔼 BRK (돌파),📈 상승 추세가 견고하게 유지되고 있습니다. ,20251205,20251205,27.92,13.97,10.68,27.92,-17.24
KOSPI,삼성에스디에스,018260,서비스업,176000,307.0,136184.9,,59.9,3.4,756.9557,166.4023,1.1,4.45,4.14,16.17,27.92,-11.75,5,★,"MACD상승, 20선근접, 정배열(단), 장기추세(120↑), MACD>Sig",175300,165300,187400,200500,1.21,0.3993154592127781,68.4,🔻 REV (역추세 반등),🚀 상승 에너지가 폭발적으로 증가하는 중입니다. ,20251205,20251205,27.92,13.97,16.17,27.92,-11.75
KOSPI,SK오션플랜트,100090,기타,18010,108.03,11252.3,,31.3,-5.3,3.0679,24.94982,0.96,-2.91,-4.91,-29.65,27.92,-57.57,1,,"MACD상승, MACD>Sig",18010,16750,19520,21150,1.1984126984126984,0.0,68.4,↩️ PULL (눌림),📈 상승 추세가 견고하게 유지되고 있습니다. 📉 과매도 구간으로 기술적 반등이 기대됩니다.,20251205,20251205,27.92,13.97,-29.65,27.92,-57.57
KOSDAQ,유일로보틱스,388720,기타,83600,193.36,9778.5,,72.1,4.7,882.8501,-126.17472,1.72,2.2,11.76,15.15,13.97,1.18,6,★,"20선근접, 거래량↑, 정배열(단), 장기추세(120↑), 자금유입(MFI), MACD>Sig",82200,76500,90900,99500,1.5263157894736843,1.70316301703163,68.1,🔺 Watch (상승 준비),💰 외국인/기관의 강력한 수급이 집중되고 있습니다. ,20251205,20251205,27.92,13.97,15.15,13.97,1.18
KOSPI,SKC,011790,기타,110000,144.61,41655.1,,41.2,-2.35,-349.4822,70.02115,0.65,-1.08,3.87,12.59,27.92,-15.33,3,,"MACD상승, 정배열(단), 장기추세(120↑)",110000,103000,118500,127600,1.2142857142857142,0.0,67.9,↩️ PULL (눌림),📈 상승 추세가 견고하게 유지되고 있습니다. ,20251205,20251205,27.92,13.97,12.59,27.92,-15.33
KOSPI,SK바이오팜,326030,기타,134000,355.4,104939.8,,67.5,2.52,-330.0498,-314.00551,0.78,-4.15,5.93,22.71,27.92,-5.21,4,★,"20선근접, 정배열(단), 장기추세(120↑), 자금유입(MFI)",134000,124600,145300,157400,1.202127659574468,0.0,67.8,🔁 MR (반전),💸 자금 유입이 꾸준히 이어지고 있습니다. ,20251205,20251205,27.92,13.97,22.71,27.92,-5.21
KOSPI,아모레퍼시픽,090430,화학,124300,241.32,72706.5,,51.1,-2.01,-673.6174,2.66525,0.76,0.0,-7.51,5.16,27.92,-22.76,1,,"MACD상승, 정배열(단)",124300,116500,133600,143700,1.1923076923076923,0.0,67.8,↩️ PULL (눌림),📈 상승 추세가 견고하게 유지되고 있습니다. ,20251205,20251205,27.92,13.97,5.16,27.92,-22.76
KOSPI,코웨이,021240,기타,87900,176.64,63208.1,,52.8,-0.44,240.7925,47.18572,0.9,2.21,-0.34,-14.24,27.92,-42.16,2,,"MACD상승, 20선근접, MACD>Sig",87900,82500,94300,101300,1.1851851851851851,0.0,67.4,🔺 Watch (관찰·돌파예상),📈 상승 추세가 견고하게 유지되고 있습니다. ✅ 20일선 부근의 안전한 눌림목 구간입니다.,20251205,20251205,27.92,13.97,-14.24,27.92,-42.16
KOSDAQ,하나기술,299030,기타,31400,103.44,2510.4,,74.0,1.62,2.8906,-10.75779,2.73,-2.64,-0.32,34.19,13.97,20.22,6,★,"20선근접, 거래량↑, 정배열(단), 장기추세(120↑), 자금유입(MFI), MACD>Sig",31400,29200,34700,38000,1.5,0.0,67.4,🔁 MR (반전),💰 외국인/기관의 강력한 수급이 집중되고 있습니다. ✅ 20일선 부근의 안전한 눌림목 구간입니다.,20251205,20251205,27.92,13.97,34.19,13.97,20.22
KOSPI,삼성증권,016360,기타,81800,198.03,73047.4,,59.9,2.65,145.4163,37.12879,0.62,3.81,6.1,19.59,27.92,-8.33,5,★,"MACD상승, 20선근접, 정배열(단), 장기추세(120↑), MACD>Sig",81800,77300,87300,93200,1.2222222222222223,0.0,67.2,🔺 Watch (관찰·돌파예상),📈 상승 추세가 견고하게 유지되고 있습니다. ,20251205,20251205,27.92,13.97,19.59,27.92,-8.33
KOSPI,셀트리온,068270,의약품,183300,869.61,423351.5,,31.4,-0.8,-673.5095,-27.08476,0.5,-1.24,-2.19,8.46,27.92,-19.46,3,,"20선근접, 정배열(단), 장기추세(120↑)",183300,173200,195400,208500,1.198019801980198,0.0,67.1,↩️ PULL (눌림),✅ 20일선 부근의 안전한 눌림목 구간입니다.,20251205,20251205,27.92,13.97,8.46,27.92,-19.46
KOSDAQ,씨어스테크놀로지,458870,기타,118400,293.62,14996.4,,49.7,-2.96,-2744.8571,-696.62924,0.89,-12.3,-8.92,83.28,13.97,69.31,2,,"정배열(단), 장기추세(120↑)",118400,110100,128300,139100,1.1927710843373494,0.0,67.1,🔁 MR (반전),특이사항 없음. 기술적 지표를 참고하세요.,20251205,20251205,27.92,13.97,83.28,13.97,69.31
KOSDAQ,케이엔알시스템,199430,기타,23800,196.54,2593.5,,48.1,-1.33,2.4095,-19.64503,1.2,-1.65,10.96,82.8,13.97,68.83,3,,"정배열(단), 장기추세(120↑), MACD>Sig",23800,22150,25800,27950,1.2121212121212122,0.0,67.0,↩️ PULL (눌림),✅ 20일선 부근의 안전한 눌림목 구간입니다.,20251205,20251205,27.92,13.97,82.8,13.97,68.83
KOSDAQ,한중엔시에스,107640,기타,51600,158.88,4677.5,,66.0,7.51,308.1058,260.74975,1.68,9.44,20.0,45.76,13.97,31.79,6,★,"MACD상승, 거래량↑, 정배열(단), 장기추세(120↑), 자금유입(MFI), MACD>Sig",49450,46000,54600,59800,1.4927536231884058,4.3478260869565215,66.9,🔼 BRK (돌파),💸 자금 유입이 꾸준히 이어지고 있습니다. 🚀 상승 에너지가 폭발적으로 증가하는 중입니다. ⚠️ 단기 급등으로 인한 조정 가능성을 염두에 두세요.,20251205,20251205,27.92,13.97,45.76,13.97,31.79
KOSDAQ,LS머트리얼즈,417200,기타,12290,62.27,8314.5,,53.8,0.17,-18.4865,8.23977,0.81,5.4,1.15,23.15,13.97,9.18,4,★,"MACD상승, 20선근접, 정배열(단), 장기추세(120↑)",12290,11430,13320,14440,1.197674418604651,0.0,66.8,🔺 Watch (관찰·돌파예상),📈 상승 추세가 견고하게 유지되고 있습니다. ✅ 20일선 부근의 안전한 눌림목 구간입니다.,20251205,20251205,27.92,13.97,23.15,13.97,9.18
KOSPI,HD현대마린엔진,071970,기타,83100,78.8,28188.8,,54.2,2.42,581.6388,197.21585,0.38,7.23,7.23,-8.68,27.92,-36.6,4,★,"MACD상승, 20선근접, 장기추세(120↑), MACD>Sig",83100,77300,90100,97600,1.206896551724138,0.0,66.7,🔺 Watch (관찰·돌파예상),🚀 상승 에너지가 폭발적으로 증가하는 중입니다. ,20251205,20251205,27.92,13.97,-8.68,27.92,-36.6
KOSDAQ,제주반도체,080220,기타,19420,88.36,6688.8,,58.2,1.12,108.3647,17.61901,0.72,3.02,8.07,14.24,13.97,0.27,4,★,"MACD상승, 20선근접, 장기추세(120↑), MACD>Sig",19420,18060,21050,22800,1.1985294117647058,0.0,66.6,🔺 Watch (관찰·돌파예상),📈 상승 추세가 견고하게 유지되고 있습니다. ✅ 20일선 부근의 안전한 눌림목 구간입니다.,20251205,20251205,27.92,13.97,14.24,13.97,0.27
KOSPI,하이브,352820,서비스업,290000,428.93,123429.7,,56.0,-1.22,-305.9246,-250.2882,0.58,-3.17,-0.68,-0.17,27.92,-28.09,2,,"정배열(단), 장기추세(120↑)",290000,270000,314000,340500,1.2,0.0,66.5,🔁 MR (반전),✅ 20일선 부근의 안전한 눌림목 구간입니다.,20251205,20251205,27.92,13.97,-0.17,27.92,-28.09
KOSDAQ,디앤디파마텍,347850,기타,95900,3264.99,41644.8,,52.2,6.11,-1307.4847,-133.92358,2.04,1.16,1.7,136.27,13.97,122.3,3,,"거래량↑, 정배열(단), 장기추세(120↑)",93100,86600,100900,109400,1.2,3.007518796992481,66.3,↩️ PULL (눌림),⚠️ 단기 급등으로 인한 조정 가능성을 염두에 두세요.,20251205,20251205,27.92,13.97,136.27,13.97,122.3
KOSPI,크래프톤,259960,서비스업,247500,233.27,117319.9,,30.3,-4.13,126.7895,4.12957,1.09,-3.88,-2.17,-24.08,27.92,-52.0,1,,"MACD상승, MACD>Sig",247500,233500,264500,283000,1.2142857142857142,0.0,66.3,↩️ PULL (눌림),📈 상승 추세가 견고하게 유지되고 있습니다. ,20251205,20251205,27.92,13.97,-24.08,27.92,-52.0
KOSDAQ,원익홀딩스,030530,기타,28350,5040.47,21897.0,,71.3,8.28,65.3763,233.46417,3.33,19.62,29.45,214.3,13.97,200.33,6,★,"MACD상승, 거래량↑, 정배열(단), 장기추세(120↑), 자금유입(MFI), MACD>Sig",26950,25100,29800,32650,1.5405405405405406,5.194805194805195,66.2,🔼 BRK (돌파),💰 외국인/기관의 강력한 수급이 집중되고 있습니다. 🚀 상승 에너지가 폭발적으로 증가하는 중입니다. ⚠️ 단기 급등으로 인한 조정 가능성을 염두에 두세요.,20251205,20251205,27.92,13.97,214.3,13.97,200.33
KOSPI,한국항공우주,047810,기타,106200,355.18,103518.6,,41.4,-0.26,-319.852,-41.38362,0.53,-2.48,-0.38,12.5,27.92,-15.42,3,,"20선근접, 정배열(단), 장기추세(120↑)",106200,98800,115100,124800,1.2027027027027026,0.0,66.2,🔁 MR (반전),✅ 20일선 부근의 안전한 눌림목 구간입니다.,20251205,20251205,27.92,13.97,12.5,27.92,-15.42
KOSPI,DL이앤씨,375500,기타,41350,198.98,15999.8,,54.4,2.84,180.7165,96.84957,2.44,2.73,5.48,-4.39,27.92,-32.31,3,,"MACD상승, 20선근접, 거래량↑, MACD>Sig",41350,38750,44500,47900,1.2115384615384615,0.0,66.1,🔺 Watch (관찰·돌파예상),📈 상승 추세가 견고하게 유지되고 있습니다. ,20251205,20251205,27.92,13.97,-4.39,27.92,-32.31
KOSDAQ,알테오젠,196170,기타,456500,12921.02,244253.9,,33.1,-13.94,-8789.8569,-3971.071,5.57,-14.35,-15.62,-4.0,13.97,-17.97,1,,"거래량↑, 정배열(단)",456500,424500,495000,536000,1.203125,0.0,66.0,🔁 MR (반전),📉 과매도 구간으로 기술적 반등이 기대됩니다.,20251205,20251205,27.92,13.97,-4.0,13.97,-17.97
KOSPI,두산퓨얼셀,336260,기타,34900,1002.9,22857.3,,56.0,6.19,122.407,279.45191,3.29,9.75,16.14,39.32,27.92,11.4,4,★,"MACD상승, 거래량↑, 장기추세(120↑), MACD>Sig",33850,31500,36700,39750,1.2127659574468086,3.10192023633678,66.0,🔼 BRK (돌파),🚀 상승 에너지가 폭발적으로 증가하는 중입니다. ⚠️ 단기 급등으로 인한 조정 가능성을 염두에 두세요.,20251205,20251205,27.92,13.97,39.32,27.92,11.4
KOSPI,한화솔루션,009830,기타,27850,130.92,47872.1,,39.4,0.6,112.7694,6.57033,0.68,-0.36,4.31,-2.96,27.92,-30.88,2,,"MACD상승, 20선근접, MACD>Sig",27850,26150,29850,32050,1.1764705882352942,0.0,66.0,↩️ PULL (눌림),📈 상승 추세가 견고하게 유지되고 있습니다. ✅ 20일선 부근의 안전한 눌림목 구간입니다.,20251205,20251205,27.92,13.97,-2.96,27.92,-30.88
KOSDAQ,켐트로닉스,089010,기타,31100,85.05,5081.5,,56.5,1.48,202.4729,32.24253,0.45,0.97,13.09,15.61,13.97,1.64,4,★,"MACD상승, 20선근접, 장기추세(120↑), MACD>Sig",31100,28900,33700,36550,1.1818181818181819,0.0,65.9,🔺 Watch (상승 준비),📈 상승 추세가 견고하게 유지되고 있습니다. ✅ 20일선 부근의 안전한 눌림목 구간입니다.,20251205,20251205,27.92,13.97,15.61,13.97,1.64
KOSPI,GS,078930,기타,58400,78.95,54262.6,,44.1,-0.24,-432.7703,29.06641,0.41,3.55,-1.68,28.49,27.92,0.57,4,★,"MACD상승, 20선근접, 정배열(단), 장기추세(120↑)",58400,54300,63300,68600,1.1951219512195121,0.0,65.9,🔺 Watch (관찰·돌파예상),📈 상승 추세가 견고하게 유지되고 있습니다. ✅ 20일선 부근의 안전한 눌림목 구간입니다.,20251205,20251205,27.92,13.97,28.49,27.92,0.57
KOSPI,SK바이오사이언스,302440,기타,54000,51.04,42319.3,,44.3,0.93,-3.2068,9.27262,0.67,-1.46,3.05,7.78,27.92,-20.14,4,★,"MACD상승, 20선근접, 정배열(단), 장기추세(120↑)",54000,50200,58500,63400,1.1842105263157894,0.0,65.9,↩️ PULL (눌림),📈 상승 추세가 견고하게 유지되고 있습니다. ✅ 20일선 부근의 안전한 눌림목 구간입니다.,20251205,20251205,27.92,13.97,7.78,27.92,-20.14
KOSPI,HD현대건설기계,267270,기타,96200,86.95,16698.0,,55.4,3.18,549.3815,51.63364,0.76,2.56,6.42,3.66,27.92,-24.26,4,★,"MACD상승, 20선근접, 장기추세(120↑), MACD>Sig",96000,89300,104100,112800,1.208955223880597,0.20833333333333334,65.8,🔻 REV (역추세 반등),📈 상승 추세가 견고하게 유지되고 있습니다. ,20251205,20251205,27.92,13.97,3.66,27.92,-24.26
KOSPI,한미약품,128940,기타,426000,370.42,54574.8,,34.7,-5.78,-7081.315,-227.51063,0.7,-6.68,-4.38,39.44,27.92,11.52,2,,"정배열(단), 장기추세(120↑)",426000,396000,462000,501000,1.2,0.0,65.7,🔁 MR (반전),📉 과매도 구간으로 기술적 반등이 기대됩니다.,20251205,20251205,27.92,13.97,39.44,27.92,11.52
KOSPI,현대제철,004020,기타,31500,116.96,42035.4,,45.8,2.34,196.7652,86.37919,1.1,4.3,5.18,-9.48,27.92,-37.4,2,,"MACD상승, 20선근접, MACD>Sig",31500,29700,33650,36000,1.1944444444444444,0.0,65.7,🔺 Watch (관찰·돌파예상),📈 상승 추세가 견고하게 유지되고 있습니다. ,20251205,20251205,27.92,13.97,-9.48,27.92,-37.4
KOSDAQ,삼천당제약,000250,기타,216000,258.1,50668.1,,48.4,-1.59,199.7131,-420.76106,1.02,-0.23,2.37,8.0,13.97,-5.97,3,,"정배열(단), 장기추세(120↑), MACD>Sig",216000,201000,234000,254000,1.2,0.0,65.6,↩️ PULL (눌림),✅ 20일선 부근의 안전한 눌림목 구간입니다.,20251205,20251205,27.92,13.97,8.0,13.97,-5.97
KOSPI,더존비즈온,012510,기타,95000,193.87,28863.6,,55.6,2.53,134.3535,-13.46689,0.96,1.93,1.28,12.96,27.92,-14.96,4,★,"20선근접, 정배열(단), 장기추세(120↑), MACD>Sig",95000,88500,102800,111300,1.2,0.0,65.6,↩️ PULL (눌림),특이사항 없음. 기술적 지표를 참고하세요.,20251205,20251205,27.92,13.97,12.96,27.92,-14.96
KOSDAQ,삼영엠텍,054540,기타,14680,96.2,1908.4,,69.6,-2.66,-78.0866,58.11171,0.25,7.0,4.41,26.01,13.97,12.04,4,★,"MACD상승, 정배열(단), 장기추세(120↑), 자금유입(MFI)",14680,13650,15910,17250,1.1941747572815533,0.0,65.5,🔺 Watch (관찰·돌파예상),💸 자금 유입이 꾸준히 이어지고 있습니다. 📈 상승 추세가 견고하게 유지되고 있습니다. ,20251205,20251205,27.92,13.97,26.01,13.97,12.04
KOSPI,한화,000880,기타,82300,87.8,61691.0,,33.5,-2.18,59.9304,232.98393,0.51,3.65,3.13,-4.41,27.92,-32.33,1,,"MACD상승, MACD>Sig",82300,76500,89200,96700,1.1896551724137931,0.0,65.4,🔺 Watch (관찰·돌파예상),🚀 상승 에너지가 폭발적으로 증가하는 중입니다. ,20251205,20251205,27.92,13.97,-4.41,27.92,-32.33
KOSPI,에이피알,278470,기타,254500,1018.8,95261.0,,74.8,7.69,1393.3319,59.32879,0.62,-0.39,6.93,18.1,27.92,-9.82,4,★,"MACD상승, 장기추세(120↑), 자금유입(MFI), MACD>Sig",243500,226500,264000,286000,1.2058823529411764,4.517453798767967,65.3,🔺 Watch (상승 준비),💰 외국인/기관의 강력한 수급이 집중되고 있습니다. 📈 상승 추세가 견고하게 유지되고 있습니다. ⚠️ 단기 급등으로 인한 조정 가능성을 염두에 두세요.,20251205,20251205,27.92,13.97,18.1,27.92,-9.82
KOSPI,코오롱,002020,기타,51100,122.78,6452.1,,54.3,1.08,88.3673,-272.59235,1.16,-7.93,-0.39,12.18,27.92,-15.74,4,★,"20선근접, 정배열(단), 장기추세(120↑), MACD>Sig",51100,47500,55400,60000,1.1944444444444444,0.0,65.3,🔁 MR (반전),✅ 20일선 부근의 안전한 눌림목 구간입니다.,20251205,20251205,27.92,13.97,12.18,27.92,-15.74
KOSPI,디아이,003160,기타,22350,90.76,6325.1,,37.1,-3.4,-228.4153,73.67048,0.31,4.44,0.0,65.8,27.92,37.88,3,,"MACD상승, 정배열(단), 장기추세(120↑)",22350,20800,24250,26250,1.2258064516129032,0.0,65.3,🔺 Watch (관찰·돌파예상),📈 상승 추세가 견고하게 유지되고 있습니다. ,20251205,20251205,27.92,13.97,65.8,27.92,37.88
KOSPI,LS에코에너지,229640,기타,36900,84.3,11300.6,,50.9,1.56,189.1055,202.30185,1.64,4.24,6.19,-5.63,27.92,-33.55,3,,"MACD상승, 20선근접, 거래량↑, MACD>Sig",36900,34300,40000,43350,1.1923076923076923,0.0,65.3,🔺 Watch (관찰·돌파예상),🚀 상승 에너지가 폭발적으로 증가하는 중입니다. ✅ 20일선 부근의 안전한 눌림목 구간입니다.,20251205,20251205,27.92,13.97,-5.63,27.92,-33.55
KOSPI,삼성E&A,028050,기타,25950,183.68,50862.0,,57.3,0.8,115.947,14.23053,1.25,1.57,2.77,-8.14,27.92,-36.06,3,,"MACD상승, 20선근접, 거래량↑, MACD>Sig",25950,24600,27600,29350,1.2222222222222223,0.0,65.2,🔺 Watch (관찰·돌파예상),📈 상승 추세가 견고하게 유지되고 있습니다. ✅ 20일선 부근의 안전한 눌림목 구간입니다.,20251205,20251205,27.92,13.97,-8.14,27.92,-36.06
KOSPI,한국카본,017960,기타,28150,83.92,14612.2,,43.9,-1.52,181.5943,94.43607,0.63,3.11,5.43,-15.08,27.92,-43.0,1,,"MACD상승, MACD>Sig",28150,26200,30500,33100,1.205128205128205,0.0,65.2,🔺 Watch (관찰·돌파예상),📈 상승 추세가 견고하게 유지되고 있습니다. ✅ 20일선 부근의 안전한 눌림목 구간입니다.,20251205,20251205,27.92,13.97,-15.08,27.92,-43.0
KOSPI,유한양행,000100,의약품,117300,520.55,93803.0,,44.2,-1.24,-81.1258,-166.1589,0.88,-3.85,0.51,-1.43,27.92,-29.35,2,,"정배열(단), 장기추세(120↑)",117300,110500,125500,134400,1.2058823529411764,0.0,65.0,🔁 MR (반전),✅ 20일선 부근의 안전한 눌림목 구간입니다.,20251205,20251205,27.92,13.97,-1.43,27.92,-29.35
KOSPI,LG,003550,화학,85600,417.44,132013.7,,44.3,5.15,230.1353,354.04514,1.63,8.63,7.94,13.23,27.92,-14.69,5,★,"MACD상승, 거래량↑, 정배열(단), 장기추세(120↑), MACD>Sig",83800,78800,89900,96400,1.22,2.1479713603818613,65.0,🔻 REV (역추세 반등),🚀 상승 에너지가 폭발적으로 증가하는 중입니다. ⚠️ 단기 급등으로 인한 조정 가능성을 염두에 두세요.,20251205,20251205,27.92,13.97,13.23,27.92,-14.69
KOSPI,풍산,103140,기타,102700,79.21,28780.9,,53.5,2.83,1337.6385,161.13844,0.67,3.53,8.68,-13.11,27.92,-41.03,2,,"MACD상승, 20선근접, MACD>Sig",102700,95700,111100,120200,1.2,0.0,65.0,🔺 Watch (관찰·돌파예상),🚀 상승 에너지가 폭발적으로 증가하는 중입니다. ,20251205,20251205,27.92,13.97,-13.11,27.92,-41.03
KOSDAQ,루닛,328130,기타,39250,62.95,11483.3,,65.0,1.17,325.3403,28.71172,0.41,-2.0,14.6,-9.04,13.97,-23.01,3,,"MACD상승, 20선근접, 자금유입(MFI), MACD>Sig",39250,36500,42550,46100,1.2,0.0,65.0,↩️ PULL (눌림),💸 자금 유입이 꾸준히 이어지고 있습니다. 📈 상승 추세가 견고하게 유지되고 있습니다. ✅ 20일선 부근의 안전한 눌림목 구간입니다.,20251205,20251205,27.92,13.97,-9.04,13.97,-23.01
KOSDAQ,코미코,183300,기타,86500,98.49,9048.5,,43.7,-5.7,187.9455,125.4067,0.85,-0.23,4.98,5.62,13.97,-8.35,3,,"MACD상승, 장기추세(120↑), MACD>Sig",86500,80400,93800,101600,1.1967213114754098,0.0,64.9,↩️ PULL (눌림),🚀 상승 에너지가 폭발적으로 증가하는 중입니다. 📉 과매도 구간으로 기술적 반등이 기대됩니다.,20251205,20251205,27.92,13.97,5.62,13.97,-8.35
KOSDAQ,피에스케이,319660,기타,31600,50.7,9153.5,,51.0,-3.69,-21.375,71.18043,0.5,6.4,6.04,32.77,13.97,18.8,2,,"MACD상승, 장기추세(120↑)",31600,29400,34250,37150,1.2045454545454546,0.0,64.9,🔺 Watch (관찰·돌파예상),📈 상승 추세가 견고하게 유지되고 있습니다. ,20251205,20251205,27.92,13.97,32.77,13.97,18.8
KOSPI,두산밥캣,241560,화학,59800,112.06,57321.9,,46.1,4.83,406.1629,120.68078,0.91,8.33,10.13,11.36,27.92,-16.56,4,★,"MACD상승, 20선근접, 장기추세(120↑), MACD>Sig",58800,54600,63700,69000,1.1666666666666667,1.7006802721088436,64.8,🔻 REV (역추세 반등),🚀 상승 에너지가 폭발적으로 증가하는 중입니다. ,20251205,20251205,27.92,13.97,11.36,27.92,-16.56
KOSDAQ,필옵틱스,161580,기타,41300,64.43,9665.3,,51.0,-2.75,-163.154,37.49321,0.48,-2.48,7.97,33.23,13.97,19.26,3,,"MACD상승, 정배열(단), 장기추세(120↑)",41300,38400,44750,48550,1.1896551724137931,0.0,64.7,↩️ PULL (눌림),📈 상승 추세가 견고하게 유지되고 있습니다. ,20251205,20251205,27.92,13.97,33.23,13.97,19.26
KOSDAQ,파마리서치,214450,기타,401500,416.8,41714.4,,30.5,-8.42,346.1904,-376.79128,0.53,-14.57,-12.91,-36.27,13.97,-50.24,0,,MACD>Sig,401500,373500,435000,472000,1.1964285714285714,0.0,64.6,🔁 MR (반전),📉 과매도 구간으로 기술적 반등이 기대됩니다.,20251205,20251205,27.92,13.97,-36.27,13.97,-50.24
KOSDAQ,엔켐,348370,기타,70000,144.21,15237.2,,40.0,-1.26,975.7366,-122.21629,0.72,-7.89,13.09,-3.98,13.97,-17.95,0,,MACD>Sig,70000,65100,75900,82200,1.2040816326530612,0.0,64.6,🔁 MR (반전),✅ 20일선 부근의 안전한 눌림목 구간입니다.,20251205,20251205,27.92,13.97,-3.98,13.97,-17.95
KOSPI,기아,000270,운수장비,123600,2522.08,482550.5,,57.9,6.9,707.177,362.49783,2.39,8.33,8.42,15.95,27.92,-11.97,5,★,"MACD상승, 거래량↑, 정배열(단), 장기추세(120↑), MACD>Sig",119100,113000,126400,134300,1.1967213114754098,3.7783375314861463,64.5,🔼 BRK (돌파),🚀 상승 에너지가 폭발적으로 증가하는 중입니다. ⚠️ 단기 급등으로 인한 조정 가능성을 염두에 두세요.,20251205,20251205,27.92,13.97,15.95,27.92,-11.97
KOSPI,엠앤씨솔루션,484870,기타,136400,72.19,12485.9,,32.8,-4.36,902.1665,1211.39075,1.74,12.17,0.0,-33.46,27.92,-61.38,2,,"MACD상승, 거래량↑, MACD>Sig",136400,126900,147900,160300,1.2105263157894737,0.0,64.5,🔺 Watch (관찰·돌파예상),🚀 상승 에너지가 폭발적으로 증가하는 중입니다. ,20251205,20251205,27.92,13.97,-33.46,27.92,-61.38
KOSDAQ,한국비엔씨,256840,기타,5580,113.0,3816.4,,70.9,1.93,11.7463,-11.40375,0.42,-1.93,0.72,10.71,13.97,-3.26,5,★,"20선근접, 정배열(단), 장기추세(120↑), 자금유입(MFI), MACD>Sig",5580,5190,6050,6560,1.205128205128205,0.0,64.3,↩️ PULL (눌림),💰 외국인/기관의 강력한 수급이 집중되고 있습니다. ✅ 20일선 부근의 안전한 눌림목 구간입니다.,20251205,20251205,27.92,13.97,10.71,13.97,-3.26
KOSPI,코스맥스,192820,기타,165200,88.68,18749.4,,65.3,0.91,1750.4406,179.64638,0.45,-0.48,-5.11,-22.8,27.92,-50.72,3,,"MACD상승, 20선근접, 자금유입(MFI), MACD>Sig",165200,154200,178400,192700,1.2,0.0,64.3,↩️ PULL (눌림),💸 자금 유입이 꾸준히 이어지고 있습니다. 🚀 상승 에너지가 폭발적으로 증가하는 중입니다. ✅ 20일선 부근의 안전한 눌림목 구간입니다.,20251205,20251205,27.92,13.97,-22.8,27.92,-50.72
KOSPI,OCI홀딩스,010060,기타,100800,77.56,18819.6,,28.1,-5.75,-958.0583,118.60778,0.69,-3.17,-1.66,9.57,27.92,-18.35,3,,"MACD상승, 정배열(단), 장기추세(120↑)",100800,93700,109300,118400,1.1971830985915493,0.0,64.3,↩️ PULL (눌림),🚀 상승 에너지가 폭발적으로 증가하는 중입니다. 📉 과매도 구간으로 기술적 반등이 기대됩니다.,20251205,20251205,27.92,13.97,9.57,27.92,-18.35
KOSDAQ,심텍,222800,기타,57500,607.24,21246.1,,76.8,7.7,52.3914,264.17932,0.83,6.09,17.35,134.69,13.97,120.72,5,★,"MACD상승, 정배열(단), 장기추세(120↑), 자금유입(MFI), MACD>Sig",55000,51100,59600,64600,1.1794871794871795,4.545454545454546,64.1,🔼 BRK (돌파),💰 외국인/기관의 강력한 수급이 집중되고 있습니다. 🚀 상승 에너지가 폭발적으로 증가하는 중입니다. ⚠️ 단기 급등으로 인한 조정 가능성을 염두에 두세요.,20251205,20251205,27.92,13.97,134.69,13.97,120.72
KOSPI,일동제약,249420,기타,27750,256.67,8779.6,,44.7,-4.22,-331.7995,-50.81786,0.41,-5.45,-9.46,23.33,27.92,-4.59,2,,"정배열(단), 장기추세(120↑)",27750,25800,30100,32600,1.205128205128205,0.0,64.0,🔁 MR (반전),특이사항 없음. 기술적 지표를 참고하세요.,20251205,20251205,27.92,13.97,23.33,27.92,-4.59
KOSPI,삼성물산,028260,유통업,244000,717.99,414742.8,,56.0,7.7,1402.5717,321.9962,0.8,8.44,12.96,39.43,27.92,11.51,4,★,"MACD상승, 정배열(단), 장기추세(120↑), MACD>Sig",233500,217000,253000,274000,1.1818181818181819,4.496788008565311,63.9,🔼 BRK (돌파),🚀 상승 에너지가 폭발적으로 증가하는 중입니다. ⚠️ 단기 급등으로 인한 조정 가능성을 염두에 두세요.,20251205,20251205,27.92,13.97,39.43,27.92,11.51
KOSPI,세진중공업,075580,기타,17910,77.44,10181.7,,34.6,-4.17,-41.988,61.2065,0.5,1.7,-1.86,-7.2,27.92,-35.12,2,,"MACD상승, 장기추세(120↑)",17910,16660,19410,21050,1.2,0.0,63.9,🔺 Watch (관찰·돌파예상),📈 상승 추세가 견고하게 유지되고 있습니다. ,20251205,20251205,27.92,13.97,-7.2,27.92,-35.12
KOSPI,후성,093370,기타,8120,71.97,8709.1,,30.2,-3.97,-85.1653,10.19995,0.33,-3.1,1.0,47.1,27.92,19.18,3,,"MACD상승, 정배열(단), 장기추세(120↑)",8120,7550,8800,9540,1.1929824561403508,0.0,63.8,↩️ PULL (눌림),📈 상승 추세가 견고하게 유지되고 있습니다. ,20251205,20251205,27.92,13.97,47.1,27.92,19.18
KOSPI,경동나비엔,009450,기타,58900,55.75,8580.9,,34.1,-1.19,639.473,49.426,1.35,-0.51,4.25,-25.82,27.92,-53.74,2,,"MACD상승, 거래량↑, MACD>Sig",58900,55100,63500,68400,1.2105263157894737,0.0,63.8,↩️ PULL (눌림),📈 상승 추세가 견고하게 유지되고 있습니다. ✅ 20일선 부근의 안전한 눌림목 구간입니다.,20251205,20251205,27.92,13.97,-25.82,27.92,-53.74
KOSDAQ,동성화인텍,033500,기타,25000,51.05,7497.4,,51.0,-9.07,-130.3158,60.62972,1.0,1.21,-5.66,-22.12,13.97,-36.09,0,,MACD상승,25000,23250,27100,29400,1.2,0.0,63.8,🔺 Watch (상승 준비),📈 상승 추세가 견고하게 유지되고 있습니다. 📉 과매도 구간으로 기술적 반등이 기대됩니다.,20251205,20251205,27.92,13.97,-22.12,13.97,-36.09
KOSPI,DB손해보험,005830,기타,125200,279.64,88641.6,,54.8,-2.08,384.7245,-22.17472,0.96,0.56,4.95,-9.67,27.92,-37.59,0,,MACD>Sig,125200,117400,134600,144800,1.205128205128205,0.0,63.7,↩️ PULL (눌림),특이사항 없음. 기술적 지표를 참고하세요.,20251205,20251205,27.92,13.97,-9.67,27.92,-37.59
KOSDAQ,동진쎄미켐,005290,기타,36850,211.74,18946.2,,68.8,4.06,565.4047,-90.37702,0.89,1.94,16.61,28.17,13.97,14.2,4,★,"20선근접, 장기추세(120↑), 자금유입(MFI), MACD>Sig",36450,33900,39550,42850,1.2156862745098038,1.0973936899862824,63.7,🔺 Watch (상승 준비),💸 자금 유입이 꾸준히 이어지고 있습니다. ,20251205,20251205,27.92,13.97,28.17,13.97,14.2
KOSDAQ,피앤에스로보틱스,460940,기타,12270,162.85,1611.2,,67.2,3.84,-11.9207,-51.43742,0.51,3.28,11.75,71.49,13.97,57.52,4,★,"20선근접, 정배열(단), 장기추세(120↑), 자금유입(MFI)",12170,11320,13190,14300,1.2,0.8216926869350863,63.7,🔺 Watch (상승 준비),💸 자금 유입이 꾸준히 이어지고 있습니다. ,20251205,20251205,27.92,13.97,71.49,13.97,57.52
KOSDAQ,젬백스,082270,기타,32550,100.58,13798.1,,17.7,-9.73,-235.3867,207.20342,0.56,-1.36,-12.26,-29.7,13.97,-43.67,0,,MACD상승,32550,30250,35300,38250,1.1956521739130435,0.0,63.6,↩️ PULL (눌림),🚀 상승 에너지가 폭발적으로 증가하는 중입니다. 📉 과매도 구간으로 기술적 반등이 기대됩니다.,20251205,20251205,27.92,13.97,-29.7,13.97,-43.67
KOSDAQ,브이티,018290,기타,19560,51.98,6834.6,,27.5,-6.63,169.4753,5.09872,0.82,-3.65,-2.2,-38.2,13.97,-52.17,1,,"MACD상승, MACD>Sig",19560,18190,21200,23000,1.197080291970803,0.0,63.6,↩️ PULL (눌림),📈 상승 추세가 견고하게 유지되고 있습니다. 📉 과매도 구간으로 기술적 반등이 기대됩니다.,20251205,20251205,27.92,13.97,-38.2,13.97,-52.17
KOSDAQ,브이엠,089970,기타,26600,126.4,6493.5,,57.6,6.15,63.9466,55.32046,0.97,6.4,14.16,92.34,13.97,78.37,4,★,"MACD상승, 정배열(단), 장기추세(120↑), MACD>Sig",25800,24000,28000,30350,1.2222222222222223,3.10077519379845,63.5,🔼 BRK (돌파),📈 상승 추세가 견고하게 유지되고 있습니다. ⚠️ 단기 급등으로 인한 조정 가능성을 염두에 두세요.,20251205,20251205,27.92,13.97,92.34,13.97,78.37
KOSPI,BNK금융지주,138930,기타,15710,111.49,49396.2,,52.4,3.3,54.6579,7.90115,0.81,4.39,5.29,8.42,27.92,-19.5,5,★,"MACD상승, 20선근접, 정배열(단), 장기추세(120↑), MACD>Sig",15660,14890,16600,17610,1.2207792207792207,0.31928480204342274,63.4,🔻 REV (역추세 반등),📈 상승 추세가 견고하게 유지되고 있습니다. ,20251205,20251205,27.92,13.97,8.42,27.92,-19.5
KOSPI,한화비전,489790,기타,41550,188.13,20977.9,,32.9,-8.52,-185.4637,-16.33705,1.01,-4.15,-9.18,-27.99,27.92,-55.91,-1,,,41550,38650,45050,48800,1.206896551724138,0.0,63.3,🔁 MR (반전),📉 과매도 구간으로 기술적 반등이 기대됩니다.,20251205,20251205,27.92,13.97,-27.99,27.92,-55.91
KOSDAQ,네이처셀,007390,기타,22350,59.02,14401.2,,42.4,-8.61,-280.2113,46.23178,0.45,0.68,-5.1,5.42,13.97,-8.55,1,,"MACD상승, 정배열(단)",22350,20800,24250,26250,1.2258064516129032,0.0,63.2,🔺 Watch (상승 준비),📈 상승 추세가 견고하게 유지되고 있습니다. 📉 과매도 구간으로 기술적 반등이 기대됩니다.,20251205,20251205,27.92,13.97,5.42,13.97,-8.55
KOSPI,롯데케미칼,011170,기타,72900,66.58,31183.3,,46.9,-5.8,-841.6931,31.59644,0.42,0.97,-6.54,14.62,27.92,-13.3,3,,"MACD상승, 정배열(단), 장기추세(120↑)",72900,67800,79000,85700,1.196078431372549,0.0,63.1,🔺 Watch (상승 준비),📈 상승 추세가 견고하게 유지되고 있습니다. 📉 과매도 구간으로 기술적 반등이 기대됩니다.,20251205,20251205,27.92,13.97,14.62,27.92,-13.3
KOSDAQ,로보로보,215100,기타,7900,62.08,1607.5,,67.4,-0.23,28.4981,-4.12285,0.89,-2.59,10.03,58.16,13.97,44.19,5,★,"20선근접, 정배열(단), 장기추세(120↑), 자금유입(MFI), MACD>Sig",7900,7350,8560,9280,1.2,0.0,62.8,🔁 MR (반전),💸 자금 유입이 꾸준히 이어지고 있습니다. ✅ 20일선 부근의 안전한 눌림목 구간입니다.,20251205,20251205,27.92,13.97,58.16,13.97,44.19
KOSPI,메리츠금융지주,138040,금융업,111000,195.83,194496.2,,35.5,-0.86,147.9336,144.01331,0.64,2.21,1.09,-9.83,27.92,-37.75,2,,"MACD상승, 20선근접, MACD>Sig",111000,106300,116700,122800,1.2127659574468086,0.0,62.5,🔺 Watch (관찰·돌파예상),🚀 상승 에너지가 폭발적으로 증가하는 중입니다. ✅ 20일선 부근의 안전한 눌림목 구간입니다.,20251205,20251205,27.92,13.97,-9.83,27.92,-37.75
KOSDAQ,실리콘투,257720,기타,41850,187.65,25600.4,,58.4,-5.55,-294.6363,-119.64604,0.45,-7.82,-8.82,-0.36,13.97,-14.33,0,,정배열(단),41850,38900,45350,49150,1.1864406779661016,0.0,62.5,🔁 MR (반전),📉 과매도 구간으로 기술적 반등이 기대됩니다.,20251205,20251205,27.92,13.97,-0.36,13.97,-14.33
KOSPI,하나금융지주,086790,금융업,95200,409.74,264966.2,,47.5,1.66,141.8755,-34.11023,0.53,2.04,4.62,17.24,27.92,-10.68,4,★,"20선근접, 정배열(단), 장기추세(120↑), MACD>Sig",95200,90400,101000,107300,1.2083333333333333,0.0,62.2,↩️ PULL (눌림),✅ 20일선 부근의 안전한 눌림목 구간입니다.,20251205,20251205,27.92,13.97,17.24,27.92,-10.68
KOSDAQ,에코프로,086520,기타,96900,8210.63,131567.1,,72.9,11.35,659.4142,341.59483,2.23,14.67,22.97,94.58,13.97,80.61,6,★,"MACD상승, 거래량↑, 정배열(단), 장기추세(120↑), 자금유입(MFI), MACD>Sig",89600,83400,99000,108500,1.5161290322580645,8.147321428571429,62.0,🔼 BRK (돌파),💰 외국인/기관의 강력한 수급이 집중되고 있습니다. 🚀 상승 에너지가 폭발적으로 증가하는 중입니다. ⚠️ 단기 급등으로 인한 조정 가능성을 염두에 두세요.,20251205,20251205,27.92,13.97,94.58,13.97,80.61
KOSPI,CJ,001040,기타,189100,226.16,55173.7,,65.0,6.19,1201.7396,230.37271,0.66,7.38,1.89,7.69,27.92,-20.23,4,★,"MACD상승, 장기추세(120↑), 자금유입(MFI), MACD>Sig",183400,170600,198800,215500,1.203125,3.1079607415485277,61.9,🔻 REV (역추세 반등),💸 자금 유입이 꾸준히 이어지고 있습니다. 🚀 상승 에너지가 폭발적으로 증가하는 중입니다. ⚠️ 단기 급등으로 인한 조정 가능성을 염두에 두세요.,20251205,20251205,27.92,13.97,7.69,27.92,-20.23
KOSPI,HD현대인프라코어,042670,기타,14920,93.07,28176.6,,56.7,4.16,120.5686,1.45842,0.6,2.12,6.72,-1.91,27.92,-29.83,4,★,"MACD상승, 20선근접, 장기추세(120↑), MACD>Sig",14750,13720,15990,17340,1.203883495145631,1.152542372881356,61.9,🔻 REV (역추세 반등),📈 상승 추세가 견고하게 유지되고 있습니다. ,20251205,20251205,27.92,13.97,-1.91,27.92,-29.83
KOSDAQ,씨피시스템,413630,기타,4490,90.68,1636.0,,73.9,1.79,6.145,-17.54727,0.21,6.65,12.25,142.05,13.97,128.08,5,★,"20선근접, 정배열(단), 장기추세(120↑), 자금유입(MFI), MACD>Sig",4490,4175,4865,5280,1.1904761904761905,0.0,61.9,↩️ PULL (눌림),💰 외국인/기관의 강력한 수급이 집중되고 있습니다. ✅ 20일선 부근의 안전한 눌림목 구간입니다.,20251205,20251205,27.92,13.97,142.05,13.97,128.08
KOSDAQ,클로봇,466100,기계,42400,1455.99,10596.7,,72.1,8.41,555.2012,-85.35422,1.41,4.69,18.6,106.33,13.97,92.36,5,★,"거래량↑, 정배열(단), 장기추세(120↑), 자금유입(MFI), MACD>Sig",40300,37450,43650,47350,1.1754385964912282,5.2109181141439205,61.8,🔺 Watch (상승 준비),💰 외국인/기관의 강력한 수급이 집중되고 있습니다. ⚠️ 단기 급등으로 인한 조정 가능성을 염두에 두세요.,20251205,20251205,27.92,13.97,106.33,13.97,92.36
KOSDAQ,파두,440110,기타,25500,83.75,12610.2,,57.6,1.42,7.6777,-66.33161,0.43,-7.78,14.35,56.44,13.97,42.47,4,★,"20선근접, 정배열(단), 장기추세(120↑), MACD>Sig",25500,23700,27650,29950,1.1944444444444444,0.0,61.8,🔁 MR (반전),✅ 20일선 부근의 안전한 눌림목 구간입니다.,20251205,20251205,27.92,13.97,56.44,13.97,42.47
KOSPI,LG생활건강,051900,기타,272500,130.58,41699.2,,22.3,-4.49,-1727.4069,81.49799,0.71,-1.45,-7.63,-8.09,27.92,-36.01,0,,MACD상승,272500,259500,288000,305000,1.1923076923076923,0.0,61.7,↩️ PULL (눌림),📈 상승 추세가 견고하게 유지되고 있습니다. ,20251205,20251205,27.92,13.97,-8.09,27.92,-36.01
KOSPI,넷마블,251270,서비스업,50700,104.4,43578.4,,23.7,-4.8,-9.8889,-102.76309,1.29,-4.34,-2.31,-16.61,27.92,-44.53,0,,거래량↑,50700,47250,54800,59300,1.1884057971014492,0.0,61.6,🔁 MR (반전),특이사항 없음. 기술적 지표를 참고하세요.,20251205,20251205,27.92,13.97,-16.61,27.92,-44.53
KOSPI,한솔케미칼,014680,기타,231500,80.81,26241.0,,54.5,0.97,220.7171,-787.22862,0.59,-2.73,11.84,36.74,27.92,8.82,4,★,"20선근접, 정배열(단), 장기추세(120↑), MACD>Sig",231500,215500,251000,272000,1.21875,0.0,61.6,🔁 MR (반전),✅ 20일선 부근의 안전한 눌림목 구간입니다.,20251205,20251205,27.92,13.97,36.74,27.92,8.82
KOSPI,이수스페셜티케미컬,457190,기타,51500,85.1,15557.3,,58.5,-0.93,42.9479,-24.54856,1.11,-0.96,5.97,16.52,27.92,-11.4,4,★,"20선근접, 정배열(단), 장기추세(120↑), MACD>Sig",51500,47900,55800,60500,1.1944444444444444,0.0,61.3,↩️ PULL (눌림),✅ 20일선 부근의 안전한 눌림목 구간입니다.,20251205,20251205,27.92,13.97,16.52,27.92,-11.4
KOSDAQ,JYP Ent.,035900,기타,68400,93.07,24304.2,,44.2,0.37,434.1802,74.28452,0.44,0.59,3.17,-9.04,13.97,-23.01,2,,"MACD상승, 20선근접, MACD>Sig",68400,64500,73100,78100,1.205128205128205,0.0,61.2,🔺 Watch (상승 준비),📈 상승 추세가 견고하게 유지되고 있습니다. ✅ 20일선 부근의 안전한 눌림목 구간입니다.,20251205,20251205,27.92,13.97,-9.04,13.97,-23.01
KOSPI,현대백화점,069960,기타,94200,94.95,21316.3,,61.3,1.23,-37.6378,-158.47902,0.82,3.29,-1.46,24.27,27.92,-3.65,4,★,"20선근접, 정배열(단), 장기추세(120↑), 자금유입(MFI)",94200,87600,102100,110700,1.196969696969697,0.0,60.9,↩️ PULL (눌림),💸 자금 유입이 꾸준히 이어지고 있습니다. ✅ 20일선 부근의 안전한 눌림목 구간입니다.,20251205,20251205,27.92,13.97,24.27,27.92,-3.65
KOSDAQ,대주전자재료,078600,기타,74300,92.42,11502.1,,54.4,1.04,299.1144,-52.18197,1.31,0.95,6.45,8.94,13.97,-5.03,5,★,"20선근접, 거래량↑, 정배열(단), 장기추세(120↑), MACD>Sig",74300,69100,80500,87300,1.1923076923076923,0.0,60.8,↩️ PULL (눌림),✅ 20일선 부근의 안전한 눌림목 구간입니다.,20251205,20251205,27.92,13.97,8.94,13.97,-5.03
KOSDAQ,HK이노엔,195940,기타,51600,91.34,14618.2,,53.3,1.72,124.6563,-89.82892,0.75,-1.15,4.45,10.26,13.97,-3.71,4,★,"20선근접, 정배열(단), 장기추세(120↑), MACD>Sig",51600,48000,55900,60600,1.1944444444444444,0.0,60.7,↩️ PULL (눌림),✅ 20일선 부근의 안전한 눌림목 구간입니다.,20251205,20251205,27.92,13.97,10.26,13.97,-3.71
KOSPI,카카오페이,377300,기타,48500,97.11,65542.8,,24.8,-3.62,-80.728,9.27498,0.52,-2.22,-1.42,-5.64,27.92,-33.56,0,,MACD상승,48500,45700,51900,55500,1.2142857142857142,0.0,60.5,↩️ PULL (눌림),📈 상승 추세가 견고하게 유지되고 있습니다. ,20251205,20251205,27.92,13.97,-5.64,27.92,-33.56
KOSDAQ,케어젠,214370,기타,72900,94.09,39158.2,,70.5,1.87,-236.3807,-406.46287,0.45,-16.49,-6.78,33.76,13.97,19.79,4,★,"20선근접, 정배열(단), 장기추세(120↑), 자금유입(MFI)",72900,67800,79000,85700,1.196078431372549,0.0,60.5,🔁 MR (반전),💰 외국인/기관의 강력한 수급이 집중되고 있습니다. ✅ 20일선 부근의 안전한 눌림목 구간입니다.,20251205,20251205,27.92,13.97,33.76,13.97,19.79
KOSDAQ,보성파워텍,006910,기타,5490,196.37,2697.2,,59.4,5.79,22.9953,13.58509,2.08,4.77,11.13,41.31,13.97,27.34,5,★,"MACD상승, 거래량↑, 정배열(단), 장기추세(120↑), MACD>Sig",5350,4970,5790,6280,1.1578947368421053,2.6168224299065423,60.4,🔼 BRK (돌파),📈 상승 추세가 견고하게 유지되고 있습니다. ⚠️ 단기 급등으로 인한 조정 가능성을 염두에 두세요.,20251205,20251205,27.92,13.97,41.31,13.97,27.34
KOSPI,LS ELECTRIC,010120,전기전자,515000,1269.89,154500.0,,59.1,9.66,-462.9159,2746.84146,1.11,11.96,16.78,75.77,27.92,47.85,3,,"MACD상승, 정배열(단), 장기추세(120↑)",483500,450000,524000,568000,1.208955223880597,6.514994829369184,60.3,🔺 Watch (관찰·돌파예상),🚀 상승 에너지가 폭발적으로 증가하는 중입니다. ⚠️ 단기 급등으로 인한 조정 가능성을 염두에 두세요.,20251205,20251205,27.92,13.97,75.77,27.92,47.85
KOSPI,롯데에너지머티리얼즈,020150,기타,40150,100.41,21024.7,,69.8,2.63,-291.4038,-163.14678,0.24,2.69,-2.55,64.89,27.92,36.97,4,★,"20선근접, 정배열(단), 장기추세(120↑), 자금유입(MFI)",40150,37350,43500,47200,1.1964285714285714,0.0,60.3,↩️ PULL (눌림),💸 자금 유입이 꾸준히 이어지고 있습니다. ,20251205,20251205,27.92,13.97,64.89,27.92,36.97
KOSDAQ,에스앤에스텍,101490,기타,48800,90.19,10411.4,,56.2,-1.85,478.7517,-150.98112,0.87,-0.2,11.8,-1.01,13.97,-14.98,0,,MACD>Sig,48800,45400,52900,57300,1.2058823529411764,0.0,60.2,↩️ PULL (눌림),✅ 20일선 부근의 안전한 눌림목 구간입니다.,20251205,20251205,27.92,13.97,-1.01,13.97,-14.98
KOSDAQ,HPSP,403870,기타,30300,78.76,25300.1,,54.8,-0.53,222.8181,-13.39232,0.52,0.17,6.88,12.64,13.97,-1.33,3,,"20선근접, 장기추세(120↑), MACD>Sig",30300,28200,32850,35600,1.2142857142857142,0.0,59.8,↩️ PULL (눌림),✅ 20일선 부근의 안전한 눌림목 구간입니다.,20251205,20251205,27.92,13.97,12.64,13.97,-1.33
KOSPI,GS피앤엘,499790,기타,48000,70.85,9518.8,,57.7,3.16,68.4492,-131.86878,0.54,4.69,-10.28,-13.82,27.92,-41.74,4,★,"20선근접, 정배열(단), 장기추세(120↑), MACD>Sig",47950,44550,52000,56300,1.1911764705882353,0.10427528675703858,59.6,🔺 Watch (상승 준비),특이사항 없음. 기술적 지표를 참고하세요.,20251205,20251205,27.92,13.97,-13.82,27.92,-41.74
KOSPI,달바글로벌,483650,기타,129500,82.23,15985.4,,49.5,-0.03,935.6569,-81.58082,0.57,-4.07,-1.75,-20.01,27.92,-47.93,1,,"20선근접, MACD>Sig",129500,120400,140400,152200,1.1978021978021978,0.0,59.5,🔁 MR (반전),✅ 20일선 부근의 안전한 눌림목 구간입니다.,20251205,20251205,27.92,13.97,-20.01,27.92,-47.93
KOSPI,LG유플러스,032640,기타,15300,88.63,65763.7,,52.5,-0.97,-40.6524,10.09895,0.69,1.59,-1.92,6.47,27.92,-21.45,4,★,"MACD상승, 20선근접, 정배열(단), 장기추세(120↑)",15300,14580,16170,17110,1.2083333333333333,0.0,59.4,🔺 Watch (관찰·돌파예상),📈 상승 추세가 견고하게 유지되고 있습니다. ✅ 20일선 부근의 안전한 눌림목 구간입니다.,20251205,20251205,27.92,13.97,6.47,27.92,-21.45
KOSDAQ,아이티센글로벌,124500,기타,20550,54.67,4768.5,,45.5,-1.84,-77.1541,-16.39035,0.49,0.0,2.85,18.24,13.97,4.27,2,,"정배열(단), 장기추세(120↑)",20550,19110,22300,24150,1.2152777777777777,0.0,59.4,↩️ PULL (눌림),✅ 20일선 부근의 안전한 눌림목 구간입니다.,20251205,20251205,27.92,13.97,18.24,13.97,4.27
KOSDAQ,글로벌텍스프리,204620,기타,4755,115.05,3342.0,,42.8,-19.05,-195.8094,-18.95597,0.68,-23.8,-29.76,-4.42,13.97,-18.39,0,,정배열(단),4755,4420,5150,5590,1.1791044776119404,0.0,59.3,🔁 MR (반전),📉 과매도 구간으로 기술적 반등이 기대됩니다.,20251205,20251205,27.92,13.97,-4.42,13.97,-18.39
KOSPI,카카오뱅크,323410,서비스업,22000,98.1,104937.9,,59.2,1.23,120.5326,5.87235,0.58,1.62,3.53,-6.58,27.92,-34.5,2,,"MACD상승, 20선근접, MACD>Sig",22000,20900,23350,24800,1.2272727272727273,0.0,59.3,🔺 Watch (관찰·돌파예상),📈 상승 추세가 견고하게 유지되고 있습니다. ✅ 20일선 부근의 안전한 눌림목 구간입니다.,20251205,20251205,27.92,13.97,-6.58,27.92,-34.5
KOSDAQ,NHN KCP,060250,기타,15670,63.57,6293.2,,41.8,-3.41,-68.9226,-18.66031,0.72,-3.87,-4.51,22.04,13.97,8.07,2,,"정배열(단), 장기추세(120↑)",15670,14570,16990,18410,1.2,0.0,59.2,🔁 MR (반전),특이사항 없음. 기술적 지표를 참고하세요.,20251205,20251205,27.92,13.97,22.04,13.97,8.07
KOSPI,HMM,011200,운수창고,20550,384.47,193835.4,,74.3,5.22,218.4429,28.78602,1.58,7.37,7.31,-10.46,27.92,-38.38,3,,"MACD상승, 거래량↑, 자금유입(MFI), MACD>Sig",20100,19100,21350,22650,1.25,2.2388059701492535,59.1,🔻 REV (역추세 반등),💰 외국인/기관의 강력한 수급이 집중되고 있습니다. 📈 상승 추세가 견고하게 유지되고 있습니다. ⚠️ 단기 급등으로 인한 조정 가능성을 염두에 두세요.,20251205,20251205,27.92,13.97,-10.46,27.92,-38.38
KOSPI,SK텔레콤,017670,통신업,54400,249.54,116845.8,,73.4,1.24,108.3785,29.54422,0.53,1.68,1.87,-0.73,27.92,-28.65,3,,"MACD상승, 20선근접, 자금유입(MFI), MACD>Sig",54400,52800,56400,58500,1.25,0.0,59.1,🔺 Watch (관찰·돌파예상),💰 외국인/기관의 강력한 수급이 집중되고 있습니다. 📈 상승 추세가 견고하게 유지되고 있습니다. ✅ 20일선 부근의 안전한 눌림목 구간입니다.,20251205,20251205,27.92,13.97,-0.73,27.92,-28.65
KOSDAQ,코세스,089890,기타,25400,92.27,4212.6,,29.7,-10.5,-541.3788,-64.60301,1.36,-13.75,-2.87,116.35,13.97,102.38,3,,"거래량↑, 정배열(단), 장기추세(120↑)",25400,23600,27550,29850,1.1944444444444444,0.0,59.0,🔁 MR (반전),📉 과매도 구간으로 기술적 반등이 기대됩니다.,20251205,20251205,27.92,13.97,116.35,13.97,102.38
KOSPI,KCC,002380,기타,429000,65.67,38123.0,,70.6,2.67,1715.4429,-13.45768,0.61,2.88,7.12,5.93,27.92,-21.99,5,★,"20선근접, 정배열(단), 장기추세(120↑), 자금유입(MFI), MACD>Sig",429000,401000,462500,499000,1.1964285714285714,0.0,59.0,↩️ PULL (눌림),💰 외국인/기관의 강력한 수급이 집중되고 있습니다. ,20251205,20251205,27.92,13.97,5.93,27.92,-21.99
KOSDAQ,에스엠,041510,기타,104400,59.09,23902.1,,54.1,1.68,1273.3304,-101.01301,0.42,-3.42,2.35,-25.48,13.97,-39.45,1,,"20선근접, MACD>Sig",104400,97100,113200,122700,1.2054794520547945,0.0,59.0,🔁 MR (반전),✅ 20일선 부근의 안전한 눌림목 구간입니다.,20251205,20251205,27.92,13.97,-25.48,13.97,-39.45
KOSDAQ,솔브레인,357780,기타,271500,57.67,21118.8,,53.2,3.32,3401.9753,-640.97864,0.53,3.63,18.04,32.44,13.97,18.47,3,,"20선근접, 장기추세(120↑), MACD>Sig",270500,251500,293500,318000,1.2105263157894737,0.36968576709796674,59.0,↩️ PULL (눌림),특이사항 없음. 기술적 지표를 참고하세요.,20251205,20251205,27.92,13.97,32.44,13.97,18.47
KOSDAQ,클래시스,214150,기타,55300,77.18,36224.6,,49.5,0.3,-20.3689,-117.69878,0.45,-5.63,0.0,3.36,13.97,-10.61,3,,"20선근접, 정배열(단), 장기추세(120↑)",55300,51400,59900,65000,1.1794871794871795,0.0,58.7,🔁 MR (반전),✅ 20일선 부근의 안전한 눌림목 구간입니다.,20251205,20251205,27.92,13.97,3.36,13.97,-10.61
KOSPI,대원전선,006340,기타,3670,70.44,2802.2,,61.2,-2.22,-29.5944,-5.35759,0.27,-8.48,-3.93,31.31,27.92,3.39,3,,"정배열(단), 장기추세(120↑), 자금유입(MFI)",3670,3415,3980,4310,1.2156862745098038,0.0,58.7,🔁 MR (반전),💸 자금 유입이 꾸준히 이어지고 있습니다. ,20251205,20251205,27.92,13.97,31.31,27.92,3.39
KOSDAQ,파크시스템스,140860,기타,225000,65.09,15742.1,,36.1,-3.95,-859.6739,-12.95842,0.72,-5.06,-8.72,-13.29,13.97,-27.26,-1,,,225000,209000,244000,264500,1.1875,0.0,58.7,🔁 MR (반전),특이사항 없음. 기술적 지표를 참고하세요.,20251205,20251205,27.92,13.97,-13.29,13.97,-27.26
KOSDAQ,하나머티리얼즈,166090,기타,44950,120.92,8890.1,,67.2,5.53,223.8935,-62.41089,0.88,-0.66,19.23,59.68,13.97,45.71,4,★,"정배열(단), 장기추세(120↑), 자금유입(MFI), MACD>Sig",43850,40800,47550,51600,1.2131147540983607,2.508551881413911,58.6,🔺 Watch (상승 준비),💸 자금 유입이 꾸준히 이어지고 있습니다. ⚠️ 단기 급등으로 인한 조정 가능성을 염두에 두세요.,20251205,20251205,27.92,13.97,59.68,13.97,45.71
KOSPI,KT,030200,통신업,53100,324.68,133823.5,,76.2,5.43,413.0915,29.41256,1.32,5.36,6.41,-0.75,27.92,-28.67,6,★,"MACD상승, 거래량↑, 정배열(단), 장기추세(120↑), 자금유입(MFI), MACD>Sig",51900,50200,54300,56800,1.411764705882353,2.312138728323699,58.5,🔼 BRK (돌파),💰 외국인/기관의 강력한 수급이 집중되고 있습니다. 📈 상승 추세가 견고하게 유지되고 있습니다. ⚠️ 단기 급등으로 인한 조정 가능성을 염두에 두세요.,20251205,20251205,27.92,13.97,-0.75,27.92,-28.67
KOSPI,현대차3우B,005389,기타,209000,118.13,4864.4,,68.0,6.16,170.5955,998.3443,3.71,8.46,7.4,24.78,27.92,-3.14,6,★,"MACD상승, 거래량↑, 정배열(단), 장기추세(120↑), 자금유입(MFI), MACD>Sig",203000,192100,219000,234500,1.4678899082568808,2.955665024630542,58.4,🔼 BRK (돌파),💸 자금 유입이 꾸준히 이어지고 있습니다. 🚀 상승 에너지가 폭발적으로 증가하는 중입니다. ⚠️ 단기 급등으로 인한 조정 가능성을 염두에 두세요.,20251205,20251205,27.92,13.97,24.78,27.92,-3.14
KOSDAQ,휴젤,145020,기타,223000,57.08,27438.0,,37.3,-1.74,1982.5182,-273.59508,0.43,-2.41,-0.89,-32.83,13.97,-46.8,0,,MACD>Sig,223000,207500,241500,262000,1.1935483870967742,0.0,58.4,🔁 MR (반전),✅ 20일선 부근의 안전한 눌림목 구간입니다.,20251205,20251205,27.92,13.97,-32.83,13.97,-46.8
KOSDAQ,테스,095610,기타,38850,52.82,7680.0,,48.9,-6.45,-171.6751,-15.89803,0.54,-1.52,1.7,34.9,13.97,20.93,1,,장기추세(120↑),38850,36150,42100,45650,1.2037037037037037,0.0,58.4,↩️ PULL (눌림),📉 과매도 구간으로 기술적 반등이 기대됩니다.,20251205,20251205,27.92,13.97,34.9,13.97,20.93
KOSDAQ,나이벡,138610,기타,40150,67.0,4561.8,,58.8,3.97,226.7988,-71.96034,0.82,2.82,8.22,52.66,13.97,38.69,4,★,"20선근접, 정배열(단), 장기추세(120↑), MACD>Sig",39800,37000,43100,46750,1.1785714285714286,0.8793969849246231,58.3,🔺 Watch (상승 준비),특이사항 없음. 기술적 지표를 참고하세요.,20251205,20251205,27.92,13.97,52.66,13.97,38.69
KOSDAQ,유진로봇,056080,기타,12480,154.94,4681.5,,71.1,4.82,131.5708,-10.67984,1.84,2.3,9.67,20.0,13.97,6.03,5,★,"20선근접, 거래량↑, 장기추세(120↑), 자금유입(MFI), MACD>Sig",12260,11400,13290,14410,1.197674418604651,1.794453507340946,58.2,🔺 Watch (상승 준비),💰 외국인/기관의 강력한 수급이 집중되고 있습니다. ,20251205,20251205,27.92,13.97,20.0,13.97,6.03
KOSPI,파라다이스,034230,기타,17460,115.54,16134.0,,64.1,4.3,222.5646,-38.33627,0.33,2.4,-3.48,-15.65,27.92,-43.57,2,,"20선근접, 자금유입(MFI), MACD>Sig",17240,16040,18690,20250,1.2083333333333333,1.2761020881670533,58.2,↩️ PULL (눌림),💸 자금 유입이 꾸준히 이어지고 있습니다. ,20251205,20251205,27.92,13.97,-15.65,27.92,-43.57
KOSDAQ,코스메카코리아,241710,기타,67900,89.28,7251.7,,51.6,-4.65,-573.8223,-63.38273,1.49,-10.07,-6.09,16.27,13.97,2.3,3,,"거래량↑, 정배열(단), 장기추세(120↑)",67900,63100,73600,79800,1.1875,0.0,58.1,🔁 MR (반전),특이사항 없음. 기술적 지표를 참고하세요.,20251205,20251205,27.92,13.97,16.27,13.97,2.3
KOSDAQ,서부T&D,006730,기타,11260,64.64,7367.1,,71.8,3.54,-38.679,-28.53063,0.45,1.99,-10.42,8.69,13.97,-5.28,4,★,"20선근접, 정배열(단), 장기추세(120↑), 자금유입(MFI)",11200,10420,12140,13160,1.205128205128205,0.5357142857142857,58.0,🔺 Watch (상승 준비),💰 외국인/기관의 강력한 수급이 집중되고 있습니다. ,20251205,20251205,27.92,13.97,8.69,13.97,-5.28
KOSDAQ,에이프릴바이오,397030,기타,43350,1643.87,10060.8,,76.5,13.02,195.5721,135.16506,2.63,8.38,16.22,70.33,13.97,56.36,6,★,"MACD상승, 거래량↑, 정배열(단), 장기추세(120↑), 자금유입(MFI), MACD>Sig",39500,36750,43650,47800,1.509090909090909,9.746835443037975,57.9,🔼 BRK (돌파),💰 외국인/기관의 강력한 수급이 집중되고 있습니다. 🚀 상승 에너지가 폭발적으로 증가하는 중입니다. ⚠️ 단기 급등으로 인한 조정 가능성을 염두에 두세요.,20251205,20251205,27.92,13.97,70.33,13.97,56.36
KOSPI,롯데관광개발,032350,기타,21350,171.48,16981.7,,66.5,4.92,51.0536,-5.32094,0.47,10.79,-2.73,32.77,27.92,4.85,5,★,"20선근접, 정배열(단), 장기추세(120↑), 자금유입(MFI), MACD>Sig",20950,19490,22700,24650,1.1986301369863013,1.9093078758949882,57.7,🔺 Watch (상승 준비),💸 자금 유입이 꾸준히 이어지고 있습니다. ,20251205,20251205,27.92,13.97,32.77,27.92,4.85
KOSPI,GS건설,006360,기타,20350,278.79,17415.8,,70.3,7.22,103.9861,75.11847,3.21,5.33,8.24,8.59,27.92,-19.33,6,★,"MACD상승, 거래량↑, 정배열(단), 장기추세(120↑), 자금유입(MFI), MACD>Sig",19550,18400,21250,23000,1.4782608695652173,4.092071611253197,57.5,🔼 BRK (돌파),💰 외국인/기관의 강력한 수급이 집중되고 있습니다. 📈 상승 추세가 견고하게 유지되고 있습니다. ⚠️ 단기 급등으로 인한 조정 가능성을 염두에 두세요.,20251205,20251205,27.92,13.97,8.59,27.92,-19.33
KOSPI,현대차우,005385,기타,210500,522.68,49132.7,,53.0,6.77,315.2639,1056.19668,2.2,9.35,8.39,25.67,27.92,-2.25,5,★,"MACD상승, 거래량↑, 정배열(단), 장기추세(120↑), MACD>Sig",203000,192600,215500,229000,1.2019230769230769,3.6945812807881775,57.4,🔺 Watch (관찰·돌파예상),🚀 상승 에너지가 폭발적으로 증가하는 중입니다. ⚠️ 단기 급등으로 인한 조정 가능성을 염두에 두세요.,20251205,20251205,27.92,13.97,25.67,27.92,-2.25
KOSPI,금호석유화학,011780,기타,119100,67.84,31003.8,,42.1,1.35,104.7819,-5.04985,0.73,1.88,3.12,10.48,27.92,-17.44,4,★,"20선근접, 정배열(단), 장기추세(120↑), MACD>Sig",119100,112300,127300,136200,1.2058823529411764,0.0,57.2,↩️ PULL (눌림),✅ 20일선 부근의 안전한 눌림목 구간입니다.,20251205,20251205,27.92,13.97,10.48,27.92,-17.44
KOSDAQ,모티브링크,463480,기타,9120,51.16,1130.0,,67.3,4.98,89.2876,38.3174,2.55,7.17,12.45,3.75,13.97,-10.22,4,★,"MACD상승, 20선근접, 거래량↑, 자금유입(MFI), MACD>Sig",8950,8320,9700,10510,1.1904761904761905,1.899441340782123,57.2,🔼 BRK (돌파),💸 자금 유입이 꾸준히 이어지고 있습니다. 📈 상승 추세가 견고하게 유지되고 있습니다. ,20251205,20251205,27.92,13.97,3.75,13.97,-10.22
KOSPI,한전기술,052690,기타,100100,454.73,38258.2,,64.5,8.26,906.6658,442.84452,2.7,8.8,12.6,10.12,27.92,-17.8,5,★,"MACD상승, 거래량↑, 장기추세(120↑), 자금유입(MFI), MACD>Sig",95200,88600,103200,111900,1.2121212121212122,5.147058823529411,56.7,🔼 BRK (돌파),💸 자금 유입이 꾸준히 이어지고 있습니다. 🚀 상승 에너지가 폭발적으로 증가하는 중입니다. ⚠️ 단기 급등으로 인한 조정 가능성을 염두에 두세요.,20251205,20251205,27.92,13.97,10.12,27.92,-17.8
KOSPI,KT&G,033780,금융업,143000,235.76,168706.6,,51.7,0.21,-156.42,-119.65476,0.56,-1.72,-1.79,5.77,27.92,-22.15,3,,"20선근접, 정배열(단), 장기추세(120↑)",143000,136700,150500,158700,1.1904761904761905,0.0,56.7,↩️ PULL (눌림),✅ 20일선 부근의 안전한 눌림목 구간입니다.,20251205,20251205,27.92,13.97,5.77,27.92,-22.15
KOSDAQ,제이앤티씨,204270,기타,19160,83.92,11083.8,,44.1,-10.37,-37.5591,-69.0391,1.34,-10.05,2.84,7.4,13.97,-6.57,0,,거래량↑,19160,17820,20750,22500,1.1865671641791045,0.0,56.7,🔁 MR (반전),📉 과매도 구간으로 기술적 반등이 기대됩니다.,20251205,20251205,27.92,13.97,7.4,13.97,-6.57
KOSPI,동양,001520,기타,881,506.54,2102.8,,85.3,6.32,3.7885,5.79193,10.17,9.44,8.23,40.51,27.92,12.59,5,★,"MACD상승, 거래량↑, 장기추세(120↑), 자금유입(MFI), MACD>Sig",854,794,925,1003,1.1833333333333333,3.161592505854801,56.3,🔼 BRK (돌파),💰 외국인/기관의 강력한 수급이 집중되고 있습니다. 📈 상승 추세가 견고하게 유지되고 있습니다. ⚠️ 단기 급등으로 인한 조정 가능성을 염두에 두세요.,20251205,20251205,27.92,13.97,40.51,27.92,12.59
KOSPI,CJ대한통운,000120,기타,97500,63.2,22242.0,,63.8,3.5,302.2639,-48.55959,0.7,6.79,3.17,16.77,27.92,-11.15,5,★,"20선근접, 정배열(단), 장기추세(120↑), 자금유입(MFI), MACD>Sig",97000,91000,104200,112000,1.2,0.5154639175257731,56.2,🔺 Watch (상승 준비),💸 자금 유입이 꾸준히 이어지고 있습니다. ,20251205,20251205,27.92,13.97,16.77,27.92,-11.15
KOSPI,오리온,271560,기타,104100,156.2,41157.1,,12.6,-0.67,-86.4348,-48.94875,0.55,-1.33,-0.67,-3.97,27.92,-31.89,1,,"20선근접, 정배열(단)",104100,99400,109700,115800,1.1914893617021276,0.0,56.1,↩️ PULL (눌림),✅ 20일선 부근의 안전한 눌림목 구간입니다.,20251205,20251205,27.92,13.97,-3.97,27.92,-31.89
KOSPI,한국타이어앤테크놀로지,161390,기타,62800,270.04,77793.5,,70.9,5.33,-132.9251,-6.37834,0.98,2.11,8.46,59.8,27.92,31.88,3,,"정배열(단), 장기추세(120↑), 자금유입(MFI)",61400,57600,65900,70800,1.1842105263157894,2.2801302931596092,55.9,↩️ PULL (눌림),💰 외국인/기관의 강력한 수급이 집중되고 있습니다. ⚠️ 단기 급등으로 인한 조정 가능성을 염두에 두세요.,20251205,20251205,27.92,13.97,59.8,27.92,31.88
KOSDAQ,대한광통신,010170,기타,2365,166.19,3121.5,,69.7,6.45,15.3437,-4.25742,0.65,0.0,18.78,76.62,13.97,62.65,4,★,"정배열(단), 장기추세(120↑), 자금유입(MFI), MACD>Sig",2290,2130,2480,2690,1.1875,3.2751091703056767,55.7,🔺 Watch (상승 준비),💸 자금 유입이 꾸준히 이어지고 있습니다. ⚠️ 단기 급등으로 인한 조정 가능성을 염두에 두세요.,20251205,20251205,27.92,13.97,76.62,13.97,62.65
KOSPI,HDC현대산업개발,294870,기타,20300,70.23,13379.2,,64.8,4.82,101.7147,37.56066,1.66,3.41,0.0,-0.73,27.92,-28.65,4,★,"MACD상승, 20선근접, 거래량↑, 자금유입(MFI), MACD>Sig",19950,18780,21350,22850,1.1965811965811965,1.7543859649122806,55.7,🔻 REV (역추세 반등),💸 자금 유입이 꾸준히 이어지고 있습니다. 📈 상승 추세가 견고하게 유지되고 있습니다. ,20251205,20251205,27.92,13.97,-0.73,27.92,-28.65
KOSPI,CJ제일제당,097950,기타,213000,58.09,32065.4,,21.5,-2.44,-80.2081,328.2572,0.48,1.67,-2.29,-8.39,27.92,-36.31,0,,MACD상승,213000,205000,222500,232500,1.1875,0.0,55.7,🔺 Watch (관찰·돌파예상),🚀 상승 에너지가 폭발적으로 증가하는 중입니다. ,20251205,20251205,27.92,13.97,-8.39,27.92,-36.31
KOSPI,코오롱인더,120110,기타,44900,119.14,12356.1,,41.7,7.54,317.3772,16.60988,0.76,10.05,9.38,17.69,27.92,-10.23,4,★,"MACD상승, 정배열(단), 장기추세(120↑), MACD>Sig",43000,40000,46600,50500,1.2,4.4186046511627906,55.5,🔻 REV (역추세 반등),📈 상승 추세가 견고하게 유지되고 있습니다. ⚠️ 단기 급등으로 인한 조정 가능성을 염두에 두세요.,20251205,20251205,27.92,13.97,17.69,27.92,-10.23
KOSDAQ,에스티아이,039440,기타,26750,112.87,4234.5,,51.2,7.99,114.8513,55.18595,1.37,4.9,16.81,45.94,13.97,31.97,5,★,"MACD상승, 거래량↑, 정배열(단), 장기추세(120↑), MACD>Sig",25500,23750,27650,30000,1.2285714285714286,4.901960784313726,55.5,🔺 Watch (관찰·돌파예상),📈 상승 추세가 견고하게 유지되고 있습니다. ⚠️ 단기 급등으로 인한 조정 가능성을 염두에 두세요.,20251205,20251205,27.92,13.97,45.94,13.97,31.97
KOSPI,기업은행,024110,금융업,21050,193.46,167858.1,,79.4,2.67,53.5178,-1.40727,0.83,2.43,3.95,10.73,27.92,-17.19,5,★,"20선근접, 정배열(단), 장기추세(120↑), 자금유입(MFI), MACD>Sig",21050,20300,21950,22950,1.2,0.0,55.4,↩️ PULL (눌림),💰 외국인/기관의 강력한 수급이 집중되고 있습니다. ,20251205,20251205,27.92,13.97,10.73,27.92,-17.19
KOSPI,동원산업,006040,기타,42700,153.26,18851.2,,33.5,-6.6,-163.577,-172.60087,4.37,-6.15,-7.38,-5.11,27.92,-33.03,0,,거래량↑,42700,39700,46300,50200,1.2,0.0,55.3,🔁 MR (반전),📉 과매도 구간으로 기술적 반등이 기대됩니다.,20251205,20251205,27.92,13.97,-5.11,27.92,-33.03
KOSPI,하나투어,039130,기타,49450,52.23,7659.8,,47.6,4.42,349.4866,40.44809,1.09,4.77,3.02,-4.54,27.92,-32.46,2,,"MACD상승, 20선근접, MACD>Sig",48800,46200,51900,55300,1.1923076923076923,1.331967213114754,55.3,🔻 REV (역추세 반등),📈 상승 추세가 견고하게 유지되고 있습니다. ,20251205,20251205,27.92,13.97,-4.54,27.92,-32.46
KOSDAQ,드림씨아이에스,223250,기타,4930,106.04,1173.3,,83.4,9.17,55.1527,5.29814,2.16,4.67,12.05,34.52,13.97,20.55,6,★,"MACD상승, 거래량↑, 정배열(단), 장기추세(120↑), 자금유입(MFI), MACD>Sig",4650,4325,5140,5630,1.5076923076923077,6.021505376344086,55.2,🔼 BRK (돌파),💰 외국인/기관의 강력한 수급이 집중되고 있습니다. 📈 상승 추세가 견고하게 유지되고 있습니다. ⚠️ 단기 급등으로 인한 조정 가능성을 염두에 두세요.,20251205,20251205,27.92,13.97,34.52,13.97,20.55
KOSPI,현대해상,001450,기타,30250,82.7,27043.5,,54.4,3.48,155.4166,-36.42668,0.59,0.67,9.21,8.62,27.92,-19.3,4,★,"20선근접, 정배열(단), 장기추세(120↑), MACD>Sig",30100,28350,32200,34500,1.2,0.4983388704318937,55.2,🔺 Watch (상승 준비),특이사항 없음. 기술적 지표를 참고하세요.,20251205,20251205,27.92,13.97,8.62,27.92,-19.3
KOSPI,씨에스윈드,112610,기타,44050,101.9,18576.5,,56.6,4.88,329.6148,133.43286,1.53,6.27,9.85,3.53,27.92,-24.39,3,,"MACD상승, 20선근접, 거래량↑, MACD>Sig",43250,40800,46200,49350,1.2040816326530612,1.8497109826589597,54.8,🔻 REV (역추세 반등),🚀 상승 에너지가 폭발적으로 증가하는 중입니다. ,20251205,20251205,27.92,13.97,3.53,27.92,-24.39
KOSPI,현대차2우B,005387,기타,216000,620.46,75522.1,,53.6,7.84,466.9566,1215.27122,2.3,10.94,9.76,26.39,27.92,-1.53,5,★,"MACD상승, 거래량↑, 정배열(단), 장기추세(120↑), MACD>Sig",206500,195400,219500,233500,1.1711711711711712,4.600484261501211,54.7,🔺 Watch (관찰·돌파예상),🚀 상승 에너지가 폭발적으로 증가하는 중입니다. ⚠️ 단기 급등으로 인한 조정 가능성을 염두에 두세요.,20251205,20251205,27.92,13.97,26.39,27.92,-1.53
KOSPI,농심,004370,기타,431500,77.15,26246.6,,59.1,-2.84,-2723.2408,-81.43575,0.42,-3.47,-7.1,1.77,27.92,-26.15,1,,장기추세(120↑),431500,407000,461000,493000,1.2040816326530612,0.0,54.6,🔁 MR (반전),특이사항 없음. 기술적 지표를 참고하세요.,20251205,20251205,27.92,13.97,1.77,27.92,-26.15
KOSPI,현대글로비스,086280,운수창고,179300,435.71,134475.0,,69.4,8.3,2016.2891,462.73623,1.64,9.06,11.85,-3.5,27.92,-31.42,5,★,"MACD상승, 거래량↑, 장기추세(120↑), 자금유입(MFI), MACD>Sig",170500,160800,182100,194700,1.1958762886597938,5.161290322580645,54.4,🔼 BRK (돌파),💸 자금 유입이 꾸준히 이어지고 있습니다. 🚀 상승 에너지가 폭발적으로 증가하는 중입니다. ⚠️ 단기 급등으로 인한 조정 가능성을 염두에 두세요.,20251205,20251205,27.92,13.97,-3.5,27.92,-31.42
KOSPI,이마트,139480,기타,82300,73.55,22711.4,,62.1,3.47,342.404,-45.38787,0.51,5.24,2.88,5.51,27.92,-22.41,5,★,"20선근접, 정배열(단), 장기추세(120↑), 자금유입(MFI), MACD>Sig",81900,77500,87300,93000,1.2272727272727273,0.4884004884004884,54.2,🔺 Watch (상승 준비),💸 자금 유입이 꾸준히 이어지고 있습니다. ,20251205,20251205,27.92,13.97,5.51,27.92,-22.41
KOSDAQ,레인보우로보틱스,277810,기계,438500,2221.03,85068.4,,76.7,9.38,5652.2687,-1235.00679,1.97,0.8,19.97,58.59,13.97,44.62,5,★,"거래량↑, 정배열(단), 장기추세(120↑), 자금유입(MFI), MACD>Sig",413000,384000,447500,485000,1.1896551724137931,6.174334140435835,54.0,🔺 Watch (상승 준비),💰 외국인/기관의 강력한 수급이 집중되고 있습니다. ⚠️ 단기 급등으로 인한 조정 가능성을 염두에 두세요.,20251205,20251205,27.92,13.97,58.59,13.97,44.62
KOSPI,대한항공,003490,운수창고,22250,182.53,81929.1,,48.3,2.08,133.3524,-3.84565,0.88,1.83,3.97,-5.92,27.92,-33.84,1,,"20선근접, MACD>Sig",22250,21450,23200,24200,1.1875,0.0,53.9,↩️ PULL (눌림),특이사항 없음. 기술적 지표를 참고하세요.,20251205,20251205,27.92,13.97,-5.92,27.92,-33.84
KOSPI,한진칼,180640,기타,108500,69.61,72437.1,,62.2,6.64,1004.9572,126.75911,0.76,5.96,10.26,-0.64,27.92,-28.56,2,,"MACD상승, 자금유입(MFI), MACD>Sig",104800,97500,113600,123100,1.2054794520547945,3.5305343511450387,53.7,🔻 REV (역추세 반등),💸 자금 유입이 꾸준히 이어지고 있습니다. 🚀 상승 에너지가 폭발적으로 증가하는 중입니다. ⚠️ 단기 급등으로 인한 조정 가능성을 염두에 두세요.,20251205,20251205,27.92,13.97,-0.64,27.92,-28.56
KOSDAQ,지아이이노베이션,358570,기타,18890,192.35,12028.0,,46.9,6.36,136.9398,-3.27397,1.19,0.53,6.9,1.34,13.97,-12.63,3,,"정배열(단), 장기추세(120↑), MACD>Sig",18290,17010,19830,21500,1.203125,3.280481137233461,53.5,↩️ PULL (눌림),⚠️ 단기 급등으로 인한 조정 가능성을 염두에 두세요.,20251205,20251205,27.92,13.97,1.34,13.97,-12.63
KOSPI,현대모비스,012330,화학,362500,2222.26,328905.6,,87.1,18.54,6750.2619,1935.01424,2.73,17.12,22.47,12.23,27.92,-15.69,6,★,"MACD상승, 거래량↑, 정배열(단), 장기추세(120↑), 자금유입(MFI), MACD>Sig",315000,293500,347000,379500,1.4883720930232558,15.079365079365079,53.4,🔺 Watch (관찰·돌파예상),💰 외국인/기관의 강력한 수급이 집중되고 있습니다. 🚀 상승 에너지가 폭발적으로 증가하는 중입니다. ⚠️ 단기 급등으로 인한 조정 가능성을 염두에 두세요.,20251205,20251205,27.92,13.97,12.23,27.92,-15.69
KOSPI,LG전자,066570,기타,99700,2777.15,162397.7,,66.9,12.09,924.9627,624.38596,3.62,16.47,15.39,32.76,27.92,4.84,6,★,"MACD상승, 거래량↑, 정배열(단), 장기추세(120↑), 자금유입(MFI), MACD>Sig",91600,85200,101200,110900,1.5,8.842794759825328,52.3,🔼 BRK (돌파),💸 자금 유입이 꾸준히 이어지고 있습니다. 🚀 상승 에너지가 폭발적으로 증가하는 중입니다. ⚠️ 단기 급등으로 인한 조정 가능성을 염두에 두세요.,20251205,20251205,27.92,13.97,32.76,27.92,4.84
KOSDAQ,엔젤로보틱스,455900,기타,31250,124.32,4744.7,,75.3,6.99,323.8793,-63.44115,1.33,0.16,5.22,42.69,13.97,28.72,5,★,"거래량↑, 정배열(단), 장기추세(120↑), 자금유입(MFI), MACD>Sig",30100,28000,32600,35350,1.1904761904761905,3.820598006644518,52.2,🔺 Watch (상승 준비),💰 외국인/기관의 강력한 수급이 집중되고 있습니다. ⚠️ 단기 급등으로 인한 조정 가능성을 염두에 두세요.,20251205,20251205,27.92,13.97,42.69,13.97,28.72
KOSDAQ,나우로보틱스,459510,기타,23000,174.93,2979.7,,61.3,7.32,348.4058,-41.09784,0.94,1.55,5.26,24.93,13.97,10.96,3,,"장기추세(120↑), 자금유입(MFI), MACD>Sig",22050,20550,23950,25950,1.2666666666666666,4.308390022675737,51.8,↩️ PULL (눌림),💸 자금 유입이 꾸준히 이어지고 있습니다. ⚠️ 단기 급등으로 인한 조정 가능성을 염두에 두세요.,20251205,20251205,27.92,13.97,24.93,13.97,10.96
KOSDAQ,큐로셀,372320,기타,44900,201.62,6480.2,,71.6,8.9,365.8961,137.63014,4.53,9.51,11.28,13.81,13.97,-0.16,6,★,"MACD상승, 거래량↑, 정배열(단), 장기추세(120↑), 자금유입(MFI), MACD>Sig",42450,39500,46950,51400,1.5254237288135593,5.771495877502945,51.7,🔼 BRK (돌파),💰 외국인/기관의 강력한 수급이 집중되고 있습니다. 🚀 상승 에너지가 폭발적으로 증가하는 중입니다. ⚠️ 단기 급등으로 인한 조정 가능성을 염두에 두세요.,20251205,20251205,27.92,13.97,13.81,13.97,-0.16
KOSPI,대웅제약,069620,기타,183400,125.97,21249.8,,61.6,7.25,365.8495,-47.65016,1.02,4.03,6.63,27.1,27.92,-0.82,4,★,"정배열(단), 장기추세(120↑), 자금유입(MFI), MACD>Sig",176100,163800,190900,207000,1.2032520325203253,4.145371947756956,51.5,🔺 Watch (상승 준비),💸 자금 유입이 꾸준히 이어지고 있습니다. ⚠️ 단기 급등으로 인한 조정 가능성을 염두에 두세요.,20251205,20251205,27.92,13.97,27.1,27.92,-0.82
KOSPI,현대건설,000720,기타,75100,4735.72,83628.2,,76.3,17.0,1072.9163,410.00384,4.11,12.09,26.64,26.01,27.92,-1.91,6,★,"MACD상승, 거래량↑, 정배열(단), 장기추세(120↑), 자금유입(MFI), MACD>Sig",66100,61500,73100,80000,1.5217391304347827,13.61573373676248,51.3,🔺 Watch (관찰·돌파예상),💰 외국인/기관의 강력한 수급이 집중되고 있습니다. 🚀 상승 에너지가 폭발적으로 증가하는 중입니다. ⚠️ 단기 급등으로 인한 조정 가능성을 염두에 두세요.,20251205,20251205,27.92,13.97,26.01,27.92,-1.91
KOSDAQ,온코크로스,382150,기타,12790,77.85,1537.1,,79.1,5.87,96.0735,-67.19107,0.43,5.7,10.54,27.01,13.97,13.04,4,★,"정배열(단), 장기추세(120↑), 자금유입(MFI), MACD>Sig",12440,11570,13490,14620,1.206896551724138,2.8135048231511255,51.2,🔺 Watch (상승 준비),💰 외국인/기관의 강력한 수급이 집중되고 있습니다. ⚠️ 단기 급등으로 인한 조정 가능성을 염두에 두세요.,20251205,20251205,27.92,13.97,27.01,13.97,13.04
KOSDAQ,리노공업,058470,기타,65400,194.37,49842.5,,73.9,7.74,469.2192,-149.89724,0.43,-4.25,20.22,41.56,13.97,27.59,4,★,"정배열(단), 장기추세(120↑), 자금유입(MFI), MACD>Sig",62500,58100,67800,73500,1.2045454545454546,4.64,51.0,🔺 Watch (상승 준비),💰 외국인/기관의 강력한 수급이 집중되고 있습니다. ⚠️ 단기 급등으로 인한 조정 가능성을 염두에 두세요.,20251205,20251205,27.92,13.97,41.56,13.97,27.59
KOSPI,LG전자우,066575,기타,54500,215.03,9366.4,,63.5,9.9,213.9791,354.99169,2.65,16.33,14.62,47.3,27.92,19.38,6,★,"MACD상승, 거래량↑, 정배열(단), 장기추세(120↑), 자금유입(MFI), MACD>Sig",51100,47500,56400,61800,1.4722222222222223,6.653620352250488,50.8,🔼 BRK (돌파),💸 자금 유입이 꾸준히 이어지고 있습니다. 🚀 상승 에너지가 폭발적으로 증가하는 중입니다. ⚠️ 단기 급등으로 인한 조정 가능성을 염두에 두세요.,20251205,20251205,27.92,13.97,47.3,27.92,19.38
KOSDAQ,현대무벡스,319400,기타,9910,485.91,11037.4,,84.0,8.69,189.1621,-19.542,1.11,5.31,19.83,38.99,13.97,25.02,3,,"장기추세(120↑), 자금유입(MFI), MACD>Sig",9390,8730,10180,11030,1.196969696969697,5.537806176783812,50.5,↩️ PULL (눌림),💰 외국인/기관의 강력한 수급이 집중되고 있습니다. ⚠️ 단기 급등으로 인한 조정 가능성을 염두에 두세요.,20251205,20251205,27.92,13.97,38.99,13.97,25.02
KOSPI,우리금융지주,316140,금융업,28500,268.9,209211.8,,80.6,6.46,257.0181,-1.92199,0.45,7.34,9.83,17.28,27.92,-10.64,4,★,"정배열(단), 장기추세(120↑), 자금유입(MFI), MACD>Sig",27550,26100,29350,31300,1.2413793103448276,3.4482758620689653,50.5,🔺 Watch (상승 준비),💰 외국인/기관의 강력한 수급이 집중되고 있습니다. ⚠️ 단기 급등으로 인한 조정 가능성을 염두에 두세요.,20251205,20251205,27.92,13.97,17.28,27.92,-10.64
KOSDAQ,LS마린솔루션,060370,기타,29900,245.31,15619.4,,76.8,10.79,272.7876,99.53003,2.68,10.74,16.57,28.05,13.97,14.08,6,★,"MACD상승, 거래량↑, 정배열(단), 장기추세(120↑), 자금유입(MFI), MACD>Sig",27800,25850,30700,33650,1.4871794871794872,7.553956834532374,50.4,🔼 BRK (돌파),💰 외국인/기관의 강력한 수급이 집중되고 있습니다. 📈 상승 추세가 견고하게 유지되고 있습니다. ⚠️ 단기 급등으로 인한 조정 가능성을 염두에 두세요.,20251205,20251205,27.92,13.97,28.05,13.97,14.08
KOSPI,STX엔진,077970,기타,35050,102.86,14071.9,,49.1,8.88,668.9039,34.688,0.7,7.68,14.36,-23.8,27.92,-51.72,3,,"MACD상승, 장기추세(120↑), MACD>Sig",33150,30850,35950,38950,1.2173913043478262,5.731523378582202,50.3,🔻 REV (역추세 반등),📈 상승 추세가 견고하게 유지되고 있습니다. ⚠️ 단기 급등으로 인한 조정 가능성을 염두에 두세요.,20251205,20251205,27.92,13.97,-23.8,27.92,-51.72
KOSDAQ,로보티즈,108490,기계,283000,7118.0,41233.3,,87.3,25.81,6685.8452,1052.20045,2.42,21.2,47.55,194.44,13.97,180.47,6,★,"MACD상승, 거래량↑, 정배열(단), 장기추세(120↑), 자금유입(MFI), MACD>Sig",231500,215500,256000,280500,1.53125,22.24622030237581,50.2,🔺 Watch (관찰·돌파예상),💰 외국인/기관의 강력한 수급이 집중되고 있습니다. 🚀 상승 에너지가 폭발적으로 증가하는 중입니다. ⚠️ 단기 급등으로 인한 조정 가능성을 염두에 두세요.,20251205,20251205,27.92,13.97,194.44,13.97,180.47
KOSDAQ,인벤티지랩,389470,기타,86900,1168.42,10748.7,,74.3,28.94,2290.7911,216.77913,0.99,41.07,24.14,104.71,13.97,90.74,5,★,"MACD상승, 정배열(단), 장기추세(120↑), 자금유입(MFI), MACD>Sig",69400,64600,75200,81600,1.2083333333333333,25.216138328530256,50.2,🔺 Watch (관찰·돌파예상),💰 외국인/기관의 강력한 수급이 집중되고 있습니다. 🚀 상승 에너지가 폭발적으로 증가하는 중입니다. ⚠️ 단기 급등으로 인한 조정 가능성을 염두에 두세요.,20251205,20251205,27.92,13.97,104.71,13.97,90.74
KOSDAQ,와이바이오로직스,338840,기타,26150,211.54,3909.2,,54.3,8.24,122.7496,-8.69207,1.18,7.17,14.19,98.71,13.97,84.74,3,,"정배열(단), 장기추세(120↑), MACD>Sig",24900,23150,27000,29250,1.2,5.020080321285141,50.2,↩️ PULL (눌림),⚠️ 단기 급등으로 인한 조정 가능성을 염두에 두세요.,20251205,20251205,27.92,13.97,98.71,13.97,84.74
KOSPI,대한해운,005880,기타,1953,97.21,6303.3,,81.6,9.13,25.2711,2.92664,1.23,13.94,13.02,12.96,27.92,-14.96,6,★,"MACD상승, 거래량↑, 정배열(단), 장기추세(120↑), 자금유입(MFI), MACD>Sig",1843,1714,2035,2230,1.4883720930232558,5.968529571351058,49.9,🔼 BRK (돌파),💰 외국인/기관의 강력한 수급이 집중되고 있습니다. 📈 상승 추세가 견고하게 유지되고 있습니다. ⚠️ 단기 급등으로 인한 조정 가능성을 염두에 두세요.,20251205,20251205,27.92,13.97,12.96,27.92,-14.96
KOSDAQ,뉴로메카,348340,기타,31200,206.61,3547.1,,81.0,9.99,365.4416,29.45669,3.34,1.46,10.44,27.35,13.97,13.38,6,★,"MACD상승, 거래량↑, 정배열(단), 장기추세(120↑), 자금유입(MFI), MACD>Sig",29200,27150,32300,35350,1.5121951219512195,6.8493150684931505,49.3,🔺 Watch (상승 준비),💰 외국인/기관의 강력한 수급이 집중되고 있습니다. 📈 상승 추세가 견고하게 유지되고 있습니다. ⚠️ 단기 급등으로 인한 조정 가능성을 염두에 두세요.,20251205,20251205,27.92,13.97,27.35,13.97,13.38
KOSPI,미스토홀딩스,081660,기타,44550,52.45,26772.7,,71.8,5.71,281.1621,-54.7031,1.02,4.21,6.96,10.14,27.92,-17.78,4,★,"정배열(단), 장기추세(120↑), 자금유입(MFI), MACD>Sig",43400,40850,46500,49850,1.2156862745098038,2.6497695852534564,49.3,🔺 Watch (상승 준비),💰 외국인/기관의 강력한 수급이 집중되고 있습니다. ⚠️ 단기 급등으로 인한 조정 가능성을 염두에 두세요.,20251205,20251205,27.92,13.97,10.14,27.92,-17.78
KOSPI,맥쿼리인프라,088980,기타,11650,101.12,55794.4,,67.5,1.37,23.1184,-7.44104,0.85,1.13,1.13,0.69,27.92,-27.23,5,★,"20선근접, 정배열(단), 장기추세(120↑), 자금유입(MFI), MACD>Sig",11650,11300,12070,12520,1.2,0.0,48.9,↩️ PULL (눌림),💸 자금 유입이 꾸준히 이어지고 있습니다. ✅ 20일선 부근의 안전한 눌림목 구간입니다.,20251205,20251205,27.92,13.97,0.69,27.92,-27.23
KOSDAQ,엘앤씨바이오,290650,기타,68800,861.85,16937.8,,82.7,23.08,1385.8281,288.04034,2.1,18.62,30.8,63.23,13.97,49.26,6,★,"MACD상승, 거래량↑, 정배열(단), 장기추세(120↑), 자금유입(MFI), MACD>Sig",57600,53500,63600,69700,1.4634146341463414,19.444444444444446,48.6,🔺 Watch (관찰·돌파예상),💰 외국인/기관의 강력한 수급이 집중되고 있습니다. 🚀 상승 에너지가 폭발적으로 증가하는 중입니다. ⚠️ 단기 급등으로 인한 조정 가능성을 염두에 두세요.,20251205,20251205,27.92,13.97,63.23,13.97,49.26
KOSDAQ,지엔씨에너지,119850,기타,35100,236.67,5773.6,,72.7,9.15,649.9311,144.74415,1.16,13.23,23.59,16.81,13.97,2.84,4,★,"MACD상승, 장기추세(120↑), 자금유입(MFI), MACD>Sig",33100,30800,35900,38900,1.2173913043478262,6.042296072507553,48.6,🔼 BRK (돌파),💰 외국인/기관의 강력한 수급이 집중되고 있습니다. 🚀 상승 에너지가 폭발적으로 증가하는 중입니다. ⚠️ 단기 급등으로 인한 조정 가능성을 염두에 두세요.,20251205,20251205,27.92,13.97,16.81,13.97,2.84
KOSDAQ,지노믹트리,228760,기타,27700,94.74,6753.8,,74.1,10.16,163.6694,16.98818,1.82,8.63,5.73,32.54,13.97,18.57,6,★,"MACD상승, 거래량↑, 정배열(단), 장기추세(120↑), 자금유입(MFI), MACD>Sig",25900,24100,28600,31350,1.5,6.94980694980695,48.3,🔼 BRK (돌파),💰 외국인/기관의 강력한 수급이 집중되고 있습니다. 📈 상승 추세가 견고하게 유지되고 있습니다. ⚠️ 단기 급등으로 인한 조정 가능성을 염두에 두세요.,20251205,20251205,27.92,13.97,32.54,13.97,18.57
KOSPI,비에이치,090460,기타,18450,59.97,6219.8,,75.7,8.75,248.1065,0.73335,0.91,2.79,16.55,-2.43,27.92,-30.35,4,★,"MACD상승, 장기추세(120↑), 자금유입(MFI), MACD>Sig",17470,16250,18940,20550,1.2049180327868851,5.609616485403549,48.1,🔻 REV (역추세 반등),💰 외국인/기관의 강력한 수급이 집중되고 있습니다. 📈 상승 추세가 견고하게 유지되고 있습니다. ⚠️ 단기 급등으로 인한 조정 가능성을 염두에 두세요.,20251205,20251205,27.92,13.97,-2.43,27.92,-30.35
KOSDAQ,슈어소프트테크,298830,기타,5660,84.14,2978.2,,83.8,10.0,49.576,10.4057,2.34,7.4,12.97,18.41,13.97,4.44,6,★,"MACD상승, 거래량↑, 정배열(단), 장기추세(120↑), 자금유입(MFI), MACD>Sig",5300,4930,5860,6410,1.5135135135135136,6.7924528301886795,48.0,🔼 BRK (돌파),💰 외국인/기관의 강력한 수급이 집중되고 있습니다. 📈 상승 추세가 견고하게 유지되고 있습니다. ⚠️ 단기 급등으로 인한 조정 가능성을 염두에 두세요.,20251205,20251205,27.92,13.97,18.41,13.97,4.44
KOSPI,금강공업,014280,기타,6310,79.1,1850.7,,78.3,6.76,28.398,-13.75679,0.39,-3.81,7.5,45.39,27.92,17.47,4,★,"정배열(단), 장기추세(120↑), 자금유입(MFI), MACD>Sig",6090,5660,6600,7150,1.186046511627907,3.6124794745484397,48.0,🔺 Watch (상승 준비),💰 외국인/기관의 강력한 수급이 집중되고 있습니다. ⚠️ 단기 급등으로 인한 조정 가능성을 염두에 두세요.,20251205,20251205,27.92,13.97,45.39,27.92,17.47
KOSDAQ,에이비엘바이오,298380,기타,190600,5193.38,105068.6,,59.3,12.26,612.0292,-1223.86065,1.44,1.38,6.6,85.05,13.97,71.08,4,★,"거래량↑, 정배열(단), 장기추세(120↑), MACD>Sig",174900,162600,189600,205500,1.1951219512195121,8.976558033161806,47.6,↩️ PULL (눌림),⚠️ 단기 급등으로 인한 조정 가능성을 염두에 두세요.,20251205,20251205,27.92,13.97,85.05,13.97,71.08
KOSDAQ,메지온,140410,기타,84800,167.33,25748.6,,64.6,16.6,1322.9856,178.47355,1.38,8.72,20.45,65.62,13.97,51.66,6,★,"MACD상승, 거래량↑, 정배열(단), 장기추세(120↑), 자금유입(MFI), MACD>Sig",74900,69700,82800,90600,1.5192307692307692,13.21762349799733,47.5,🔺 Watch (관찰·돌파예상),💸 자금 유입이 꾸준히 이어지고 있습니다. 🚀 상승 에너지가 폭발적으로 증가하는 중입니다. ⚠️ 단기 급등으로 인한 조정 가능성을 염두에 두세요.,20251205,20251205,27.92,13.97,65.62,13.97,51.66
KOSDAQ,넥스틴,348210,기타,73300,106.48,7679.6,,73.9,12.46,987.943,48.33408,1.21,11.74,23.4,63.8,13.97,49.83,6,★,"MACD상승, 거래량↑, 정배열(단), 장기추세(120↑), 자금유입(MFI), MACD>Sig",67100,62400,74200,81200,1.5106382978723405,9.239940387481372,47.5,🔼 BRK (돌파),💰 외국인/기관의 강력한 수급이 집중되고 있습니다. 📈 상승 추세가 견고하게 유지되고 있습니다. ⚠️ 단기 급등으로 인한 조정 가능성을 염두에 두세요.,20251205,20251205,27.92,13.97,63.8,13.97,49.83
KOSPI,현대차,005380,운수장비,315000,11786.46,644987.0,,77.8,17.26,2963.5526,2900.5919,4.93,20.46,21.39,43.18,27.92,15.26,6,★,"MACD상승, 거래량↑, 정배열(단), 장기추세(120↑), 자금유입(MFI), MACD>Sig",276500,257500,305500,335000,1.5263157894736843,13.924050632911392,47.4,🔺 Watch (관찰·돌파예상),💰 외국인/기관의 강력한 수급이 집중되고 있습니다. 🚀 상승 에너지가 폭발적으로 증가하는 중입니다. ⚠️ 단기 급등으로 인한 조정 가능성을 염두에 두세요.,20251205,20251205,27.92,13.97,43.18,27.92,15.26
KOSPI,신세계,004170,기타,242000,163.41,23341.3,,65.9,8.45,1565.8141,-201.5357,0.97,11.26,6.14,42.44,27.92,14.52,4,★,"정배열(단), 장기추세(120↑), 자금유입(MFI), MACD>Sig",230000,214000,249000,270000,1.1875,5.217391304347826,47.4,🔺 Watch (상승 준비),💸 자금 유입이 꾸준히 이어지고 있습니다. ⚠️ 단기 급등으로 인한 조정 가능성을 염두에 두세요.,20251205,20251205,27.92,13.97,42.44,27.92,14.52
KOSPI,현대오토에버,307950,기타,283500,1576.92,77747.0,,88.3,40.44,9293.8687,2135.5104,2.32,40.35,52.34,70.58,27.92,42.66,6,★,"MACD상승, 거래량↑, 정배열(단), 장기추세(120↑), 자금유입(MFI), MACD>Sig",208000,193400,230000,251500,1.5068493150684932,36.29807692307692,47.1,🔺 Watch (관찰·돌파예상),💰 외국인/기관의 강력한 수급이 집중되고 있습니다. 🚀 상승 에너지가 폭발적으로 증가하는 중입니다. ⚠️ 단기 급등으로 인한 조정 가능성을 염두에 두세요.,20251205,20251205,27.92,13.97,70.58,27.92,42.66
KOSPI,코오롱모빌리티그룹,450140,기타,14570,1265.59,9146.6,,80.9,34.6,350.6424,197.30579,2.27,30.09,67.47,281.41,27.92,253.49,6,★,"MACD상승, 거래량↑, 정배열(단), 장기추세(120↑), 자금유입(MFI), MACD>Sig",11150,10370,12320,13490,1.5,30.672645739910315,46.7,🔺 Watch (관찰·돌파예상),💰 외국인/기관의 강력한 수급이 집중되고 있습니다. 🚀 상승 에너지가 폭발적으로 증가하는 중입니다. ⚠️ 단기 급등으로 인한 조정 가능성을 염두에 두세요.,20251205,20251205,27.92,13.97,281.41,27.92,253.49
KOSPI,우진,105840,기타,18860,1755.84,3809.3,,86.4,24.45,360.127,142.92771,5.76,18.62,33.95,65.0,27.92,37.08,6,★,"MACD상승, 거래량↑, 정배열(단), 장기추세(120↑), 자금유입(MFI), MACD>Sig",15610,14520,17250,18890,1.5045871559633028,20.819987187700193,46.2,🔺 Watch (관찰·돌파예상),💰 외국인/기관의 강력한 수급이 집중되고 있습니다. 🚀 상승 에너지가 폭발적으로 증가하는 중입니다. ⚠️ 단기 급등으로 인한 조정 가능성을 염두에 두세요.,20251205,20251205,27.92,13.97,65.0,27.92,37.08
KOSPI,코리아써키트,007810,기타,39000,674.79,9212.1,,71.5,26.45,491.3169,138.96251,1.41,24.8,38.3,203.98,27.92,176.06,6,★,"MACD상승, 거래량↑, 정배열(단), 장기추세(120↑), 자금유입(MFI), MACD>Sig",31750,29550,35100,38450,1.5227272727272727,22.83464566929134,46.2,🔺 Watch (관찰·돌파예상),💰 외국인/기관의 강력한 수급이 집중되고 있습니다. 🚀 상승 에너지가 폭발적으로 증가하는 중입니다. ⚠️ 단기 급등으로 인한 조정 가능성을 염두에 두세요.,20251205,20251205,27.92,13.97,203.98,27.92,176.06
KOSDAQ,인투셀,287840,기타,66200,633.02,9928.4,,77.0,10.43,575.3034,-274.63938,1.02,0.3,7.99,99.7,13.97,85.73,4,★,"정배열(단), 장기추세(120↑), 자금유입(MFI), MACD>Sig",61700,57400,66900,72600,1.2093023255813953,7.293354943273905,46.1,🔺 Watch (상승 준비),💰 외국인/기관의 강력한 수급이 집중되고 있습니다. ⚠️ 단기 급등으로 인한 조정 가능성을 염두에 두세요.,20251205,20251205,27.92,13.97,99.7,13.97,85.73
KOSPI,디아이씨,092200,기타,11170,1926.44,4343.9,,90.1,47.59,370.772,46.78715,2.25,22.88,58.22,138.17,27.92,110.25,6,★,"MACD상승, 거래량↑, 정배열(단), 장기추세(120↑), 자금유입(MFI), MACD>Sig",7800,7250,8610,9430,1.4727272727272727,43.205128205128204,45.5,🔺 Watch (관찰·돌파예상),💰 외국인/기관의 강력한 수급이 집중되고 있습니다. 📈 상승 추세가 견고하게 유지되고 있습니다. ⚠️ 단기 급등으로 인한 조정 가능성을 염두에 두세요.,20251205,20251205,27.92,13.97,138.17,27.92,110.25
KOSPI,에스엘,005850,기타,45650,177.02,21203.7,,89.2,20.16,906.1125,79.1356,1.87,10.27,26.45,35.46,27.92,7.54,6,★,"MACD상승, 거래량↑, 정배열(단), 장기추세(120↑), 자금유입(MFI), MACD>Sig",39150,36400,43250,47350,1.490909090909091,16.602809706257982,45.3,🔺 Watch (관찰·돌파예상),💰 외국인/기관의 강력한 수급이 집중되고 있습니다. 📈 상승 추세가 견고하게 유지되고 있습니다. ⚠️ 단기 급등으로 인한 조정 가능성을 염두에 두세요.,20251205,20251205,27.92,13.97,35.46,27.92,7.54
KOSDAQ,아난티,025980,기타,7690,57.55,7282.4,,69.8,6.95,155.8217,-11.98305,0.67,-0.13,10.17,-12.11,13.97,-26.08,1,,"자금유입(MFI), MACD>Sig",7410,6910,8000,8650,1.18,3.7786774628879893,45.2,↩️ PULL (눌림),💸 자금 유입이 꾸준히 이어지고 있습니다. ⚠️ 단기 급등으로 인한 조정 가능성을 염두에 두세요.,20251205,20251205,27.92,13.97,-12.11,13.97,-26.08
KOSDAQ,코오롱티슈진,950160,기타,80000,787.91,66577.0,,68.9,22.32,1624.8432,-601.8639,0.97,-6.32,23.08,88.68,13.97,74.71,4,★,"정배열(단), 장기추세(120↑), 자금유입(MFI), MACD>Sig",67400,62600,73000,79200,1.1666666666666667,18.694362017804153,44.9,🔁 MR (반전),💸 자금 유입이 꾸준히 이어지고 있습니다. ⚠️ 단기 급등으로 인한 조정 가능성을 염두에 두세요.,20251205,20251205,27.92,13.97,88.68,13.97,74.71
KOSPI,한올바이오파마,009420,기타,51100,679.11,26695.0,,58.7,10.41,571.7137,-274.14587,1.16,9.19,16.27,59.94,27.92,32.02,3,,"정배열(단), 장기추세(120↑), MACD>Sig",47650,44350,51700,56000,1.2272727272727273,7.240293809024134,44.8,↩️ PULL (눌림),⚠️ 단기 급등으로 인한 조정 가능성을 염두에 두세요.,20251205,20251205,27.92,13.97,59.94,27.92,32.02
KOSPI,현대위아,011210,기타,66800,176.62,18166.3,,86.1,14.12,953.1674,90.3241,1.7,7.4,21.01,26.76,27.92,-1.16,6,★,"MACD상승, 거래량↑, 정배열(단), 장기추세(120↑), 자금유입(MFI), MACD>Sig",60300,56100,66600,73000,1.5,10.779436152570481,44.8,🔺 Watch (관찰·돌파예상),💰 외국인/기관의 강력한 수급이 집중되고 있습니다. 📈 상승 추세가 견고하게 유지되고 있습니다. ⚠️ 단기 급등으로 인한 조정 가능성을 염두에 두세요.,20251205,20251205,27.92,13.97,26.76,27.92,-1.16
KOSPI,삼성전기,009150,전기전자,263000,1025.85,196444.4,,71.6,11.81,2864.1243,-239.31746,0.64,4.78,20.92,47.59,27.92,19.67,4,★,"정배열(단), 장기추세(120↑), 자금유입(MFI), MACD>Sig",242500,225500,262500,284500,1.1764705882352942,8.45360824742268,44.6,↩️ PULL (눌림),💰 외국인/기관의 강력한 수급이 집중되고 있습니다. ⚠️ 단기 급등으로 인한 조정 가능성을 염두에 두세요.,20251205,20251205,27.92,13.97,47.59,27.92,19.67
KOSDAQ,에스피지,058610,기타,66600,1274.32,14770.1,,88.3,45.4,2285.7556,-190.66209,0.77,5.71,44.47,146.67,13.97,132.7,4,★,"정배열(단), 장기추세(120↑), 자금유입(MFI), MACD>Sig",47200,43900,51100,55400,1.1818181818181819,41.10169491525424,44.4,↩️ PULL (눌림),💰 외국인/기관의 강력한 수급이 집중되고 있습니다. ⚠️ 단기 급등으로 인한 조정 가능성을 염두에 두세요.,20251205,20251205,27.92,13.97,146.67,13.97,132.7
KOSDAQ,텔레칩스,054450,기타,12940,147.48,1959.7,,78.1,8.55,196.8679,46.54748,8.61,9.11,16.37,4.35,13.97,-9.62,3,,"MACD상승, 거래량↑, 자금유입(MFI), MACD>Sig",12280,11420,13310,14430,1.197674418604651,5.374592833876222,44.3,🔻 REV (역추세 반등),💰 외국인/기관의 강력한 수급이 집중되고 있습니다. 📈 상승 추세가 견고하게 유지되고 있습니다. ⚠️ 단기 급등으로 인한 조정 가능성을 염두에 두세요.,20251205,20251205,27.92,13.97,4.35,13.97,-9.62
KOSDAQ,이뮨온시아,424870,기타,11020,1440.56,8173.0,,88.7,35.65,295.1634,-22.87154,0.97,1.75,54.56,90.99,13.97,77.02,4,★,"정배열(단), 장기추세(120↑), 자금유입(MFI), MACD>Sig",8370,7780,9070,9830,1.1864406779661016,31.660692951015534,43.5,↩️ PULL (눌림),💰 외국인/기관의 강력한 수급이 집중되고 있습니다. ⚠️ 단기 급등으로 인한 조정 가능성을 염두에 두세요.,20251205,20251205,27.92,13.97,90.99,13.97,77.02
KOSDAQ,씨메스,475400,기타,33350,267.54,3896.9,,78.1,9.15,599.2334,-92.59772,1.68,1.06,16.4,25.61,13.97,11.64,5,★,"거래량↑, 정배열(단), 장기추세(120↑), 자금유입(MFI), MACD>Sig",31450,29250,34100,37000,1.2045454545454546,6.041335453100159,43.3,🔺 Watch (상승 준비),💰 외국인/기관의 강력한 수급이 집중되고 있습니다. ⚠️ 단기 급등으로 인한 조정 가능성을 염두에 두세요.,20251205,20251205,27.92,13.97,25.61,13.97,11.64
KOSPI,천일고속,000650,기타,413000,2242.5,5902.7,,66.8,175.4,33536.065,803.98424,5.4,74.63,397.59,907.32,27.92,879.4,6,★,"MACD상승, 거래량↑, 정배열(단), 장기추세(120↑), 자금유입(MFI), MACD>Sig",154500,143700,170700,186900,1.5,167.31391585760517,42.7,🔺 Watch (관찰·돌파예상),💸 자금 유입이 꾸준히 이어지고 있습니다. 🚀 상승 에너지가 폭발적으로 증가하는 중입니다. ⚠️ 단기 급등으로 인한 조정 가능성을 염두에 두세요.,20251205,20251205,27.92,13.97,907.32,27.92,879.4
KOSPI,LG씨엔에스,064400,기타,67200,3561.48,65107.4,,81.7,15.35,1171.4202,440.07622,5.19,15.86,17.69,-0.88,27.92,-28.8,3,,"MACD상승, 거래량↑, 자금유입(MFI), MACD>Sig",60000,55800,65000,70500,1.1904761904761905,12.0,42.3,🔺 Watch (관찰·돌파예상),💰 외국인/기관의 강력한 수급이 집중되고 있습니다. 🚀 상승 에너지가 폭발적으로 증가하는 중입니다. ⚠️ 단기 급등으로 인한 조정 가능성을 염두에 두세요.,20251205,20251205,27.92,13.97,-0.88,27.92,-28.8
KOSDAQ,고영,098460,기계,26950,2410.54,18502.5,,81.5,25.32,858.3853,-134.52012,0.61,13.71,54.0,83.08,13.97,69.11,4,★,"정배열(단), 장기추세(120↑), 자금유입(MFI), MACD>Sig",22150,20600,24000,26050,1.1935483870967742,21.670428893905193,42.3,↩️ PULL (눌림),💰 외국인/기관의 강력한 수급이 집중되고 있습니다. ⚠️ 단기 급등으로 인한 조정 가능성을 염두에 두세요.,20251205,20251205,27.92,13.97,83.08,13.97,69.11
KOSPI,HL만도,204320,기타,59200,1577.75,27798.6,,97.2,37.69,1748.1127,281.56237,3.29,27.04,50.44,67.94,27.92,40.02,6,★,"MACD상승, 거래량↑, 정배열(단), 장기추세(120↑), 자금유입(MFI), MACD>Sig",44300,41200,48950,53600,1.5,33.63431151241535,42.2,🔺 Watch (관찰·돌파예상),💰 외국인/기관의 강력한 수급이 집중되고 있습니다. 🚀 상승 에너지가 폭발적으로 증가하는 중입니다. ⚠️ 단기 급등으로 인한 조정 가능성을 염두에 두세요.,20251205,20251205,27.92,13.97,67.94,27.92,40.02
KOSPI,LG이노텍,011070,기타,284500,491.11,67332.9,,80.3,15.05,3427.6641,1116.43128,1.06,20.04,23.16,66.86,27.92,38.94,5,★,"MACD상승, 정배열(단), 장기추세(120↑), 자금유입(MFI), MACD>Sig",254500,237000,276000,299500,1.2285714285714286,11.787819253438114,42.2,🔺 Watch (관찰·돌파예상),💰 외국인/기관의 강력한 수급이 집중되고 있습니다. 🚀 상승 에너지가 폭발적으로 증가하는 중입니다. ⚠️ 단기 급등으로 인한 조정 가능성을 염두에 두세요.,20251205,20251205,27.92,13.97,66.86,27.92,38.94
KOSDAQ,오름테라퓨틱,475830,기타,82200,642.92,17392.3,,84.7,37.34,2007.6958,477.57956,2.02,44.21,48.11,167.75,13.97,153.78,6,★,"MACD상승, 거래량↑, 정배열(단), 장기추세(120↑), 자금유입(MFI), MACD>Sig",61600,57300,68100,74600,1.5116279069767442,33.44155844155844,42.1,🔺 Watch (관찰·돌파예상),💰 외국인/기관의 강력한 수급이 집중되고 있습니다. 🚀 상승 에너지가 폭발적으로 증가하는 중입니다. ⚠️ 단기 급등으로 인한 조정 가능성을 염두에 두세요.,20251205,20251205,27.92,13.97,167.75,13.97,153.78
KOSDAQ,로킷헬스케어,376900,기타,73800,579.52,11558.2,,84.5,20.73,905.0986,-957.15576,0.35,-6.82,14.06,345.38,13.97,331.41,4,★,"정배열(단), 장기추세(120↑), 자금유입(MFI), MACD>Sig",63000,58600,68300,74000,1.2045454545454546,17.142857142857142,41.5,🔁 MR (반전),💰 외국인/기관의 강력한 수급이 집중되고 있습니다. ⚠️ 단기 급등으로 인한 조정 가능성을 염두에 두세요.,20251205,20251205,27.92,13.97,345.38,13.97,331.41
KOSDAQ,대화제약,067080,기타,19170,141.21,3568.8,,76.9,12.94,191.1885,71.3673,3.49,10.36,17.61,37.22,13.97,23.25,6,★,"MACD상승, 거래량↑, 정배열(단), 장기추세(120↑), 자금유입(MFI), MACD>Sig",17480,16260,19320,21150,1.5081967213114753,9.668192219679634,40.5,🔼 BRK (돌파),💰 외국인/기관의 강력한 수급이 집중되고 있습니다. 📈 상승 추세가 견고하게 유지되고 있습니다. ⚠️ 단기 급등으로 인한 조정 가능성을 염두에 두세요.,20251205,20251205,27.92,13.97,37.22,13.97,23.25
KOSPI,대성산업,128820,기타,5540,571.68,2506.0,,76.9,19.52,133.1978,1.49841,2.91,24.77,32.22,37.47,27.92,9.55,6,★,"MACD상승, 거래량↑, 정배열(단), 장기추세(120↑), 자금유입(MFI), MACD>Sig",4775,4440,5280,5780,1.507462686567164,16.020942408376964,40.4,🔺 Watch (관찰·돌파예상),💰 외국인/기관의 강력한 수급이 집중되고 있습니다. 📈 상승 추세가 견고하게 유지되고 있습니다. ⚠️ 단기 급등으로 인한 조정 가능성을 염두에 두세요.,20251205,20251205,27.92,13.97,37.47,27.92,9.55
KOSPI,SNT에너지,100840,기타,43900,161.86,9078.9,,65.4,9.92,861.7318,309.0847,2.69,15.37,15.37,-27.44,27.92,-55.36,3,,"MACD상승, 거래량↑, 자금유입(MFI), MACD>Sig",41150,38250,44600,48350,1.1896551724137931,6.682867557715674,39.9,🔻 REV (역추세 반등),💸 자금 유입이 꾸준히 이어지고 있습니다. 🚀 상승 에너지가 폭발적으로 증가하는 중입니다. ⚠️ 단기 급등으로 인한 조정 가능성을 염두에 두세요.,20251205,20251205,27.92,13.97,-27.44,27.92,-55.36
KOSDAQ,티에스이,131290,기타,59700,58.56,6603.7,,65.7,9.14,841.5288,-104.96574,0.89,6.61,29.5,59.63,13.97,45.66,4,★,"정배열(단), 장기추세(120↑), 자금유입(MFI), MACD>Sig",56300,52400,61100,66200,1.2307692307692308,6.039076376554174,39.5,🔺 Watch (상승 준비),💸 자금 유입이 꾸준히 이어지고 있습니다. ⚠️ 단기 급등으로 인한 조정 가능성을 염두에 두세요.,20251205,20251205,27.92,13.97,59.63,13.97,45.66
KOSDAQ,삼현,437730,운수장비,44700,923.05,14173.3,,97.1,36.32,1462.1422,-56.92198,1.15,10.92,55.21,198.0,13.97,184.03,4,★,"정배열(단), 장기추세(120↑), 자금유입(MFI), MACD>Sig",33750,31400,36600,39700,1.2127659574468086,32.44444444444444,39.4,↩️ PULL (눌림),💰 외국인/기관의 강력한 수급이 집중되고 있습니다. ⚠️ 단기 급등으로 인한 조정 가능성을 염두에 두세요.,20251205,20251205,27.92,13.97,198.0,13.97,184.03
KOSDAQ,스맥,099440,기타,7840,888.78,5350.3,,95.8,63.92,406.0555,37.65132,1.03,48.48,122.73,96.49,13.97,82.52,5,★,"MACD상승, 정배열(단), 장기추세(120↑), 자금유입(MFI), MACD>Sig",4925,4580,5340,5790,1.2028985507246377,59.18781725888324,39.2,🔺 Watch (관찰·돌파예상),💰 외국인/기관의 강력한 수급이 집중되고 있습니다. 📈 상승 추세가 견고하게 유지되고 있습니다. ⚠️ 단기 급등으로 인한 조정 가능성을 염두에 두세요.,20251205,20251205,27.92,13.97,96.49,13.97,82.52
KOSPI,SJG세종,033530,기타,10410,638.26,2896.2,,90.2,21.15,159.2973,62.73802,3.82,21.05,29.8,70.94,27.92,43.02,6,★,"MACD상승, 거래량↑, 정배열(단), 장기추세(120↑), 자금유입(MFI), MACD>Sig",8850,8230,9780,10710,1.5,17.627118644067796,39.1,🔺 Watch (관찰·돌파예상),💰 외국인/기관의 강력한 수급이 집중되고 있습니다. 📈 상승 추세가 견고하게 유지되고 있습니다. ⚠️ 단기 급등으로 인한 조정 가능성을 염두에 두세요.,20251205,20251205,27.92,13.97,70.94,27.92,43.02
KOSDAQ,에스오에스랩,464080,기타,10930,110.85,1932.6,,73.0,10.09,199.33,12.22448,2.55,12.91,14.45,6.43,13.97,-7.54,3,,"MACD상승, 거래량↑, 자금유입(MFI), MACD>Sig",10230,9510,11080,12020,1.1805555555555556,6.8426197458455515,38.6,🔻 REV (역추세 반등),💰 외국인/기관의 강력한 수급이 집중되고 있습니다. 📈 상승 추세가 견고하게 유지되고 있습니다. ⚠️ 단기 급등으로 인한 조정 가능성을 염두에 두세요.,20251205,20251205,27.92,13.97,6.43,13.97,-7.54
KOSPI,HL홀딩스,060980,기타,53000,99.58,4883.1,,85.6,18.97,936.4333,131.33806,2.43,11.7,20.59,31.35,27.92,3.43,6,★,"MACD상승, 거래량↑, 정배열(단), 장기추세(120↑), 자금유입(MFI), MACD>Sig",45900,42650,50700,55500,1.476923076923077,15.468409586056644,38.5,🔺 Watch (관찰·돌파예상),💰 외국인/기관의 강력한 수급이 집중되고 있습니다. 🚀 상승 에너지가 폭발적으로 증가하는 중입니다. ⚠️ 단기 급등으로 인한 조정 가능성을 염두에 두세요.,20251205,20251205,27.92,13.97,31.35,27.92,3.43
KOSDAQ,비에이치아이,083650,기타,59600,3784.8,18442.8,,88.0,32.78,1710.8376,607.48395,5.99,32.59,38.93,15.28,13.97,1.31,5,★,"MACD상승, 거래량↑, 장기추세(120↑), 자금유입(MFI), MACD>Sig",46250,43000,50100,54300,1.1846153846153846,28.864864864864863,38.4,🔺 Watch (관찰·돌파예상),💰 외국인/기관의 강력한 수급이 집중되고 있습니다. 🚀 상승 에너지가 폭발적으로 증가하는 중입니다. ⚠️ 단기 급등으로 인한 조정 가능성을 염두에 두세요.,20251205,20251205,27.92,13.97,15.28,13.97,1.31
KOSDAQ,바이젠셀,308080,기타,10200,577.69,2085.8,,99.9,112.1,653.8727,95.11189,2.19,66.12,225.88,164.59,13.97,150.62,6,★,"MACD상승, 거래량↑, 정배열(단), 장기추세(120↑), 자금유입(MFI), MACD>Sig",4955,4605,5470,5990,1.4714285714285715,105.85267406659939,38.2,🔺 Watch (관찰·돌파예상),💰 외국인/기관의 강력한 수급이 집중되고 있습니다. 📈 상승 추세가 견고하게 유지되고 있습니다. ⚠️ 단기 급등으로 인한 조정 가능성을 염두에 두세요.,20251205,20251205,27.92,13.97,164.59,13.97,150.62
KOSDAQ,재영솔루텍,049630,기타,2440,265.72,2852.3,,82.4,26.74,30.5432,10.51408,0.36,32.46,20.79,232.88,13.97,218.91,5,★,"MACD상승, 정배열(단), 장기추세(120↑), 자금유입(MFI), MACD>Sig",1983,1844,2150,2330,1.2014388489208634,23.045890065557238,38.0,🔺 Watch (관찰·돌파예상),💰 외국인/기관의 강력한 수급이 집중되고 있습니다. 📈 상승 추세가 견고하게 유지되고 있습니다. ⚠️ 단기 급등으로 인한 조정 가능성을 염두에 두세요.,20251205,20251205,27.92,13.97,232.88,13.97,218.91
KOSDAQ,앱클론,174900,기타,40000,146.91,7637.2,,65.9,18.32,327.2665,-250.49525,0.77,4.44,18.34,236.98,13.97,223.01,4,★,"정배열(단), 장기추세(120↑), 자금유입(MFI), MACD>Sig",34800,32400,37750,40900,1.2291666666666667,14.942528735632186,37.9,↩️ PULL (눌림),💸 자금 유입이 꾸준히 이어지고 있습니다. ⚠️ 단기 급등으로 인한 조정 가능성을 염두에 두세요.,20251205,20251205,27.92,13.97,236.98,13.97,223.01
KOSPI,고려아연,010130,철강금속,1359000,362.3,262874.9,,66.0,14.29,17678.8872,-282.23267,0.8,1.27,20.48,50.83,27.92,22.91,4,★,"정배열(단), 장기추세(120↑), 자금유입(MFI), MACD>Sig",1225000,1139000,1328000,1439000,1.197674418604651,10.938775510204081,37.6,↩️ PULL (눌림),💸 자금 유입이 꾸준히 이어지고 있습니다. ⚠️ 단기 급등으로 인한 조정 가능성을 염두에 두세요.,20251205,20251205,27.92,13.97,50.83,27.92,22.91
KOSPI,대우건설,047040,기타,3840,191.42,15959.9,,75.4,9.98,38.1956,19.02428,4.88,9.09,11.14,1.86,27.92,-26.06,5,★,"MACD상승, 거래량↑, 장기추세(120↑), 자금유입(MFI), MACD>Sig",3595,3390,3840,4110,1.1951219512195121,6.815020862308763,37.3,🔼 BRK (돌파),💰 외국인/기관의 강력한 수급이 집중되고 있습니다. 📈 상승 추세가 견고하게 유지되고 있습니다. ⚠️ 단기 급등으로 인한 조정 가능성을 염두에 두세요.,20251205,20251205,27.92,13.97,1.86,27.92,-26.06
KOSDAQ,에스티팜,237690,기타,118000,283.06,24428.0,,65.7,11.35,1547.9996,-197.67738,1.28,0.85,18.24,20.41,13.97,6.44,5,★,"거래량↑, 정배열(단), 장기추세(120↑), 자금유입(MFI), MACD>Sig",109200,101500,118300,128300,1.1818181818181819,8.058608058608058,37.2,↩️ PULL (눌림),💸 자금 유입이 꾸준히 이어지고 있습니다. ⚠️ 단기 급등으로 인한 조정 가능성을 염두에 두세요.,20251205,20251205,27.92,13.97,20.41,13.97,6.44
KOSDAQ,에이팩트,200470,기타,6000,102.65,2541.7,,96.5,22.14,142.0231,20.33,1.53,18.11,48.51,105.13,13.97,91.16,6,★,"MACD상승, 거래량↑, 정배열(단), 장기추세(120↑), 자금유입(MFI), MACD>Sig",5060,4705,5590,6120,1.4929577464788732,18.57707509881423,37.2,🔺 Watch (관찰·돌파예상),💰 외국인/기관의 강력한 수급이 집중되고 있습니다. 📈 상승 추세가 견고하게 유지되고 있습니다. ⚠️ 단기 급등으로 인한 조정 가능성을 염두에 두세요.,20251205,20251205,27.92,13.97,105.13,13.97,91.16
KOSDAQ,이랜시스,264850,기타,5710,81.66,1729.8,,68.5,9.36,112.5345,-19.66871,1.28,2.33,15.59,14.2,13.97,0.23,4,★,"거래량↑, 장기추세(120↑), 자금유입(MFI), MACD>Sig",5380,5000,5830,6320,1.1842105263157894,6.133828996282528,37.2,🔺 Watch (상승 준비),💸 자금 유입이 꾸준히 이어지고 있습니다. ⚠️ 단기 급등으로 인한 조정 가능성을 염두에 두세요.,20251205,20251205,27.92,13.97,14.2,13.97,0.23
KOSDAQ,칩스앤미디어,094360,기타,19380,1138.0,4123.9,,94.2,28.02,467.4844,224.64433,14.88,29.37,40.54,24.07,13.97,10.1,5,★,"MACD상승, 거래량↑, 장기추세(120↑), 자금유입(MFI), MACD>Sig",15590,14500,16900,18320,1.201834862385321,24.310455420141118,37.1,🔺 Watch (관찰·돌파예상),💰 외국인/기관의 강력한 수급이 집중되고 있습니다. 🚀 상승 에너지가 폭발적으로 증가하는 중입니다. ⚠️ 단기 급등으로 인한 조정 가능성을 염두에 두세요.,20251205,20251205,27.92,13.97,24.07,13.97,10.1
KOSPI,현대엘리베이터,017800,기타,91900,260.35,35925.9,,68.6,11.35,1372.0456,-36.58778,0.72,5.88,16.18,16.77,27.92,-11.15,4,★,"정배열(단), 장기추세(120↑), 자금유입(MFI), MACD>Sig",85000,79100,92100,99900,1.2033898305084745,8.117647058823529,36.9,↩️ PULL (눌림),💸 자금 유입이 꾸준히 이어지고 있습니다. ⚠️ 단기 급등으로 인한 조정 가능성을 염두에 두세요.,20251205,20251205,27.92,13.97,16.77,27.92,-11.15
KOSDAQ,에스비비테크,389500,기타,33900,195.33,2147.2,,88.9,18.12,837.0416,-249.75225,0.77,-2.02,9.35,54.79,13.97,40.82,4,★,"정배열(단), 장기추세(120↑), 자금유입(MFI), MACD>Sig",29550,27500,32050,34750,1.2195121951219512,14.720812182741117,36.9,🔁 MR (반전),💰 외국인/기관의 강력한 수급이 집중되고 있습니다. ⚠️ 단기 급등으로 인한 조정 가능성을 염두에 두세요.,20251205,20251205,27.92,13.97,54.79,13.97,40.82
KOSDAQ,신성델타테크,065350,기타,63200,147.29,17369.9,,75.7,14.32,1124.3718,204.58399,1.95,15.12,17.69,6.04,13.97,-7.93,5,★,"MACD상승, 거래량↑, 장기추세(120↑), 자금유입(MFI), MACD>Sig",56900,53000,61700,66900,1.2307692307692308,11.072056239015819,36.9,🔺 Watch (관찰·돌파예상),💰 외국인/기관의 강력한 수급이 집중되고 있습니다. 🚀 상승 에너지가 폭발적으로 증가하는 중입니다. ⚠️ 단기 급등으로 인한 조정 가능성을 염두에 두세요.,20251205,20251205,27.92,13.97,6.04,13.97,-7.93
KOSDAQ,에스바이오메딕스,304360,기타,34200,128.73,4086.6,,88.1,30.91,1071.3205,136.20339,2.07,33.59,40.45,77.75,13.97,63.78,6,★,"MACD상승, 거래량↑, 정배열(단), 장기추세(120↑), 자금유입(MFI), MACD>Sig",26900,25050,29750,32550,1.5405405405405406,27.137546468401485,36.8,🔺 Watch (관찰·돌파예상),💰 외국인/기관의 강력한 수급이 집중되고 있습니다. 🚀 상승 에너지가 폭발적으로 증가하는 중입니다. ⚠️ 단기 급등으로 인한 조정 가능성을 염두에 두세요.,20251205,20251205,27.92,13.97,77.75,13.97,63.78
KOSDAQ,넥스트바이오메디컬,389650,기타,88500,313.72,7260.4,,76.1,19.19,2471.2005,-777.3611,1.73,3.63,25.0,22.24,13.97,8.27,5,★,"거래량↑, 정배열(단), 장기추세(120↑), 자금유입(MFI), MACD>Sig",76500,71100,82900,89900,1.1851851851851851,15.686274509803921,36.7,↩️ PULL (눌림),💰 외국인/기관의 강력한 수급이 집중되고 있습니다. ⚠️ 단기 급등으로 인한 조정 가능성을 염두에 두세요.,20251205,20251205,27.92,13.97,22.24,13.97,8.27
KOSDAQ,모델솔루션,417970,기타,25400,145.09,1624.8,,66.8,20.47,316.6849,70.52494,1.03,24.21,34.11,137.61,13.97,123.64,5,★,"MACD상승, 정배열(단), 장기추세(120↑), 자금유입(MFI), MACD>Sig",21700,20200,23550,25500,1.2333333333333334,17.050691244239633,36.7,🔺 Watch (관찰·돌파예상),💸 자금 유입이 꾸준히 이어지고 있습니다. 📈 상승 추세가 견고하게 유지되고 있습니다. ⚠️ 단기 급등으로 인한 조정 가능성을 염두에 두세요.,20251205,20251205,27.92,13.97,137.61,13.97,123.64
KOSPI,한신공영,004960,기타,11200,224.94,1295.9,,85.5,28.89,359.425,16.84723,2.66,33.97,33.81,43.96,27.92,16.04,6,★,"MACD상승, 거래량↑, 정배열(단), 장기추세(120↑), 자금유입(MFI), MACD>Sig",8950,8320,9890,10830,1.492063492063492,25.139664804469277,36.6,🔺 Watch (관찰·돌파예상),💰 외국인/기관의 강력한 수급이 집중되고 있습니다. 📈 상승 추세가 견고하게 유지되고 있습니다. ⚠️ 단기 급등으로 인한 조정 가능성을 염두에 두세요.,20251205,20251205,27.92,13.97,43.96,27.92,16.04
KOSDAQ,차바이오텍,085660,기타,15480,90.24,11830.8,,78.4,15.61,257.9501,15.29186,0.9,11.45,23.35,42.02,13.97,28.05,5,★,"MACD상승, 정배열(단), 장기추세(120↑), 자금유입(MFI), MACD>Sig",13790,12830,14950,16200,1.2083333333333333,12.255257432922408,36.0,🔺 Watch (관찰·돌파예상),💰 외국인/기관의 강력한 수급이 집중되고 있습니다. 📈 상승 추세가 견고하게 유지되고 있습니다. ⚠️ 단기 급등으로 인한 조정 가능성을 염두에 두세요.,20251205,20251205,27.92,13.97,42.02,13.97,28.05
KOSDAQ,하이젠알앤엠,160190,기타,59700,235.38,18440.1,,79.2,15.55,1299.3071,-40.04271,1.4,5.48,30.63,64.01,13.97,50.04,5,★,"거래량↑, 정배열(단), 장기추세(120↑), 자금유입(MFI), MACD>Sig",53200,49500,57700,62500,1.2162162162162162,12.218045112781954,35.9,↩️ PULL (눌림),💰 외국인/기관의 강력한 수급이 집중되고 있습니다. ⚠️ 단기 급등으로 인한 조정 가능성을 염두에 두세요.,20251205,20251205,27.92,13.97,64.01,13.97,50.04
KOSDAQ,큐리옥스바이오시스템즈,445680,기타,91700,136.59,15667.9,,75.3,12.34,671.413,-320.49895,0.57,-4.48,19.71,97.2,13.97,83.23,4,★,"정배열(단), 장기추세(120↑), 자금유입(MFI), MACD>Sig",84100,78200,91100,98800,1.1864406779661016,9.036860879904875,35.5,🔁 MR (반전),💰 외국인/기관의 강력한 수급이 집중되고 있습니다. ⚠️ 단기 급등으로 인한 조정 가능성을 염두에 두세요.,20251205,20251205,27.92,13.97,97.2,13.97,83.23
KOSPI,영원무역,111770,기타,90500,73.98,40101.9,,69.2,10.13,18.0255,-285.81516,0.71,3.43,2.72,51.34,27.92,23.42,4,★,"정배열(단), 장기추세(120↑), 자금유입(MFI), MACD>Sig",84600,78700,91800,99500,1.2203389830508475,6.973995271867612,35.4,🔺 Watch (상승 준비),💸 자금 유입이 꾸준히 이어지고 있습니다. ⚠️ 단기 급등으로 인한 조정 가능성을 염두에 두세요.,20251205,20251205,27.92,13.97,51.34,27.92,23.42
KOSPI,DN오토모티브,007340,기타,27900,162.23,16324.5,,82.8,15.98,366.1688,180.71603,4.52,15.77,20.52,10.71,27.92,-17.21,6,★,"MACD상승, 거래량↑, 정배열(단), 장기추세(120↑), 자금유입(MFI), MACD>Sig",24800,23050,27400,30000,1.4857142857142858,12.5,35.0,🔺 Watch (관찰·돌파예상),💰 외국인/기관의 강력한 수급이 집중되고 있습니다. 🚀 상승 에너지가 폭발적으로 증가하는 중입니다. ⚠️ 단기 급등으로 인한 조정 가능성을 염두에 두세요.,20251205,20251205,27.92,13.97,10.71,27.92,-17.21
KOSPI,팬오션,028670,기타,4280,162.38,22879.6,,84.5,10.64,76.4448,-4.95914,1.17,13.53,14.13,7.67,27.92,-20.25,3,,"장기추세(120↑), 자금유입(MFI), MACD>Sig",3985,3705,4320,4680,1.1964285714285714,7.402760351317441,34.8,↩️ PULL (눌림),💰 외국인/기관의 강력한 수급이 집중되고 있습니다. ⚠️ 단기 급등으로 인한 조정 가능성을 염두에 두세요.,20251205,20251205,27.92,13.97,7.67,27.92,-20.25
KOSDAQ,ISC,095340,기타,109500,197.13,23210.8,,81.2,16.33,1710.1429,-540.9375,0.47,-2.14,36.36,69.5,13.97,55.53,4,★,"정배열(단), 장기추세(120↑), 자금유입(MFI), MACD>Sig",96900,90200,105100,113900,1.2238805970149254,13.003095975232199,34.5,🔁 MR (반전),💰 외국인/기관의 강력한 수급이 집중되고 있습니다. ⚠️ 단기 급등으로 인한 조정 가능성을 염두에 두세요.,20251205,20251205,27.92,13.97,69.5,13.97,55.53
KOSDAQ,네오티스,085910,기타,7340,114.22,1022.8,,92.6,39.65,177.6865,66.11358,1.93,31.78,46.95,132.28,13.97,118.31,6,★,"MACD상승, 거래량↑, 정배열(단), 장기추세(120↑), 자금유입(MFI), MACD>Sig",5410,5030,5980,6550,1.5,35.67467652495379,34.5,🔺 Watch (관찰·돌파예상),💰 외국인/기관의 강력한 수급이 집중되고 있습니다. 📈 상승 추세가 견고하게 유지되고 있습니다. ⚠️ 단기 급등으로 인한 조정 가능성을 염두에 두세요.,20251205,20251205,27.92,13.97,132.28,13.97,118.31
KOSDAQ,오가노이드사이언스,476040,기타,44450,947.64,2921.6,,94.1,32.29,1367.8896,372.76436,5.05,30.93,42.47,18.22,13.97,4.25,5,★,"MACD상승, 거래량↑, 장기추세(120↑), 자금유입(MFI), MACD>Sig",34600,32200,37500,40650,1.2083333333333333,28.468208092485547,34.2,🔺 Watch (관찰·돌파예상),💰 외국인/기관의 강력한 수급이 집중되고 있습니다. 🚀 상승 에너지가 폭발적으로 증가하는 중입니다. ⚠️ 단기 급등으로 인한 조정 가능성을 염두에 두세요.,20251205,20251205,27.92,13.97,18.22,13.97,4.25
KOSDAQ,토모큐브,475960,기타,61700,465.05,8219.5,,93.5,38.12,2341.3087,251.62836,1.33,29.21,46.9,27.48,13.97,13.51,5,★,"MACD상승, 거래량↑, 장기추세(120↑), 자금유입(MFI), MACD>Sig",46000,42800,49850,54100,1.203125,34.130434782608695,34.1,🔺 Watch (관찰·돌파예상),💰 외국인/기관의 강력한 수급이 집중되고 있습니다. 🚀 상승 에너지가 폭발적으로 증가하는 중입니다. ⚠️ 단기 급등으로 인한 조정 가능성을 염두에 두세요.,20251205,20251205,27.92,13.97,27.48,13.97,13.51
KOSDAQ,쓰리빌리언,394800,기타,15220,146.47,4828.0,,76.4,28.96,345.8328,34.24468,0.58,23.74,38.36,136.7,13.97,122.73,5,★,"MACD상승, 정배열(단), 장기추세(120↑), 자금유입(MFI), MACD>Sig",12160,11310,13180,14280,1.2,25.164473684210524,34.1,🔺 Watch (관찰·돌파예상),💰 외국인/기관의 강력한 수급이 집중되고 있습니다. 📈 상승 추세가 견고하게 유지되고 있습니다. ⚠️ 단기 급등으로 인한 조정 가능성을 염두에 두세요.,20251205,20251205,27.92,13.97,136.7,13.97,122.73
KOSDAQ,에스피시스템스,317830,기타,10960,102.4,1180.8,,83.2,13.72,235.9882,-27.29432,1.21,5.49,19.78,17.22,13.97,3.25,4,★,"거래량↑, 장기추세(120↑), 자금유입(MFI), MACD>Sig",9930,9230,10760,11660,1.1857142857142857,10.372608257804632,33.9,↩️ PULL (눌림),💰 외국인/기관의 강력한 수급이 집중되고 있습니다. ⚠️ 단기 급등으로 인한 조정 가능성을 염두에 두세요.,20251205,20251205,27.92,13.97,17.22,13.97,3.25
KOSDAQ,큐렉소,060280,기타,13230,250.72,5436.2,,81.1,17.31,357.4043,-47.78701,1.41,10.8,38.53,55.65,13.97,41.68,5,★,"거래량↑, 정배열(단), 장기추세(120↑), 자금유입(MFI), MACD>Sig",11620,10800,12590,13650,1.1829268292682926,13.855421686746988,33.7,↩️ PULL (눌림),💰 외국인/기관의 강력한 수급이 집중되고 있습니다. ⚠️ 단기 급등으로 인한 조정 가능성을 염두에 두세요.,20251205,20251205,27.92,13.97,55.65,13.97,41.68
KOSDAQ,이엔셀,456070,기타,16370,82.55,1785.1,,83.1,24.72,358.9986,92.92345,2.72,25.15,28.59,44.87,13.97,30.9,6,★,"MACD상승, 거래량↑, 정배열(단), 장기추세(120↑), 자금유입(MFI), MACD>Sig",13520,12570,14940,16360,1.4947368421052631,21.079881656804734,33.5,🔺 Watch (관찰·돌파예상),💰 외국인/기관의 강력한 수급이 집중되고 있습니다. 📈 상승 추세가 견고하게 유지되고 있습니다. ⚠️ 단기 급등으로 인한 조정 가능성을 염두에 두세요.,20251205,20251205,27.92,13.97,44.87,13.97,30.9
KOSDAQ,성우하이텍,015750,기타,7330,101.26,5864.0,,68.5,10.62,102.5805,-1.66755,1.43,8.11,19.77,21.96,13.97,7.99,5,★,"거래량↑, 정배열(단), 장기추세(120↑), 자금유입(MFI), MACD>Sig",6830,6350,7400,8020,1.1875,7.320644216691069,33.4,🔺 Watch (상승 준비),💸 자금 유입이 꾸준히 이어지고 있습니다. ⚠️ 단기 급등으로 인한 조정 가능성을 염두에 두세요.,20251205,20251205,27.92,13.97,21.96,13.97,7.99
KOSDAQ,삼양엔씨켐,482630,기타,20800,54.8,2276.4,,73.2,10.2,576.8437,-144.50466,1.56,12.25,22.93,29.84,13.97,15.87,4,★,"거래량↑, 장기추세(120↑), 자금유입(MFI), MACD>Sig",19440,18080,21050,22850,1.1838235294117647,6.995884773662551,33.0,🔺 Watch (상승 준비),💰 외국인/기관의 강력한 수급이 집중되고 있습니다. ⚠️ 단기 급등으로 인한 조정 가능성을 염두에 두세요.,20251205,20251205,27.92,13.97,29.84,13.97,15.87
KOSDAQ,지놈앤컴퍼니,314130,기타,5260,202.48,1635.1,,88.6,54.75,198.173,53.8539,2.95,34.01,80.76,93.74,13.97,79.77,6,★,"MACD상승, 거래량↑, 정배열(단), 장기추세(120↑), 자금유입(MFI), MACD>Sig",3500,3255,3870,4235,1.510204081632653,50.28571428571429,32.7,🔺 Watch (관찰·돌파예상),💰 외국인/기관의 강력한 수급이 집중되고 있습니다. 📈 상승 추세가 견고하게 유지되고 있습니다. ⚠️ 단기 급등으로 인한 조정 가능성을 염두에 두세요.,20251205,20251205,27.92,13.97,93.74,13.97,79.77
KOSPI,태영건설,009410,기타,1850,321.72,5505.4,,97.4,13.3,23.9208,8.06512,15.87,8.25,16.06,2.66,27.92,-25.26,3,,"MACD상승, 거래량↑, 자금유입(MFI), MACD>Sig",1682,1564,1823,1976,1.194915254237288,9.988109393579073,32.6,🔻 REV (역추세 반등),💰 외국인/기관의 강력한 수급이 집중되고 있습니다. 📈 상승 추세가 견고하게 유지되고 있습니다. ⚠️ 단기 급등으로 인한 조정 가능성을 염두에 두세요.,20251205,20251205,27.92,13.97,2.66,27.92,-25.26
KOSDAQ,태성,323280,기타,47600,188.71,14518.3,,74.8,18.14,701.175,-4.99164,0.43,17.68,22.84,65.57,13.97,51.6,4,★,"정배열(단), 장기추세(120↑), 자금유입(MFI), MACD>Sig",41500,38600,45000,48750,1.206896551724138,14.698795180722893,32.2,↩️ PULL (눌림),💰 외국인/기관의 강력한 수급이 집중되고 있습니다. ⚠️ 단기 급등으로 인한 조정 가능성을 염두에 두세요.,20251205,20251205,27.92,13.97,65.57,13.97,51.6
KOSDAQ,예스티,122640,기타,19000,62.6,4056.5,,53.5,11.02,135.4777,169.47398,3.4,7.53,13.7,3.83,13.97,-10.14,4,★,"MACD상승, 거래량↑, 장기추세(120↑), MACD>Sig",17630,16390,19110,20700,1.1935483870967742,7.770845150311969,32.1,🔻 REV (역추세 반등),🚀 상승 에너지가 폭발적으로 증가하는 중입니다. ⚠️ 단기 급등으로 인한 조정 가능성을 염두에 두세요.,20251205,20251205,27.92,13.97,3.83,13.97,-10.14
KOSPI,일성건설,013360,기타,2200,640.14,1188.5,,99.5,63.3,90.6748,37.87809,8.44,70.15,79.15,55.26,27.92,27.34,6,★,"MACD상승, 거래량↑, 정배열(단), 장기추세(120↑), 자금유입(MFI), MACD>Sig",1388,1291,1533,1679,1.4948453608247423,58.501440922190206,32.0,🔺 Watch (관찰·돌파예상),💰 외국인/기관의 강력한 수급이 집중되고 있습니다. 📈 상승 추세가 견고하게 유지되고 있습니다. ⚠️ 단기 급등으로 인한 조정 가능성을 염두에 두세요.,20251205,20251205,27.92,13.97,55.26,27.92,27.34
KOSDAQ,오킨스전자,080580,기타,10240,118.46,2027.7,,76.5,18.49,186.0886,100.76194,2.93,23.67,33.68,62.8,13.97,48.83,5,★,"MACD상승, 거래량↑, 장기추세(120↑), 자금유입(MFI), MACD>Sig",8900,8280,9650,10460,1.2096774193548387,15.056179775280897,31.6,🔺 Watch (관찰·돌파예상),💰 외국인/기관의 강력한 수급이 집중되고 있습니다. 🚀 상승 에너지가 폭발적으로 증가하는 중입니다. ⚠️ 단기 급등으로 인한 조정 가능성을 염두에 두세요.,20251205,20251205,27.92,13.97,62.8,13.97,48.83
KOSDAQ,에이치엔에스하이텍,044990,기타,23650,50.41,1817.6,,79.7,17.19,269.1072,-40.65323,0.6,9.74,18.72,70.76,13.97,56.79,4,★,"정배열(단), 장기추세(120↑), 자금유입(MFI), MACD>Sig",20800,19330,22550,24400,1.1904761904761905,13.701923076923078,31.5,↩️ PULL (눌림),💰 외국인/기관의 강력한 수급이 집중되고 있습니다. ⚠️ 단기 급등으로 인한 조정 가능성을 염두에 두세요.,20251205,20251205,27.92,13.97,70.76,13.97,56.79
KOSDAQ,큐리언트,115180,기타,31100,86.38,11173.0,,54.9,13.71,353.3587,-117.25243,0.83,6.51,23.17,149.6,13.97,135.63,3,,"정배열(단), 장기추세(120↑), MACD>Sig",28150,26200,30550,33100,1.2307692307692308,10.479573712255773,31.4,↩️ PULL (눌림),⚠️ 단기 급등으로 인한 조정 가능성을 염두에 두세요.,20251205,20251205,27.92,13.97,149.6,13.97,135.63
KOSDAQ,나노,187790,기타,3965,56.47,1222.8,,81.3,30.98,78.373,29.286,1.38,25.08,49.91,112.37,13.97,98.4,6,★,"MACD상승, 거래량↑, 정배열(단), 장기추세(120↑), 자금유입(MFI), MACD>Sig",3120,2900,3445,3775,1.4772727272727273,27.083333333333332,31.0,🔺 Watch (관찰·돌파예상),💰 외국인/기관의 강력한 수급이 집중되고 있습니다. 📈 상승 추세가 견고하게 유지되고 있습니다. ⚠️ 단기 급등으로 인한 조정 가능성을 염두에 두세요.,20251205,20251205,27.92,13.97,112.37,13.97,98.4
KOSDAQ,아이엠비디엑스,461030,기타,12080,372.81,1693.3,,88.9,17.41,233.255,73.33903,7.82,19.25,23.52,28.65,13.97,14.68,5,★,"MACD상승, 거래량↑, 장기추세(120↑), 자금유입(MFI), MACD>Sig",10600,9860,11490,12450,1.2027027027027026,13.962264150943396,30.9,🔺 Watch (관찰·돌파예상),💰 외국인/기관의 강력한 수급이 집중되고 있습니다. 📈 상승 추세가 견고하게 유지되고 있습니다. ⚠️ 단기 급등으로 인한 조정 가능성을 염두에 두세요.,20251205,20251205,27.92,13.97,28.65,13.97,14.68
KOSDAQ,특수건설,026150,기타,6250,158.16,1096.6,,93.1,11.9,75.7802,34.36654,15.02,11.01,10.62,-6.16,13.97,-20.13,3,,"MACD상승, 거래량↑, 자금유입(MFI), MACD>Sig",5750,5350,6240,6760,1.225,8.695652173913043,30.9,🔻 REV (역추세 반등),💰 외국인/기관의 강력한 수급이 집중되고 있습니다. 📈 상승 추세가 견고하게 유지되고 있습니다. ⚠️ 단기 급등으로 인한 조정 가능성을 염두에 두세요.,20251205,20251205,27.92,13.97,-6.16,13.97,-20.13
KOSDAQ,와이씨,232140,기타,15100,246.73,12388.8,,75.9,13.59,244.7861,75.33622,3.88,16.78,24.59,40.86,13.97,26.89,5,★,"MACD상승, 거래량↑, 장기추세(120↑), 자금유입(MFI), MACD>Sig",13690,12730,14840,16090,1.1979166666666667,10.299488677867057,30.8,🔺 Watch (관찰·돌파예상),💰 외국인/기관의 강력한 수급이 집중되고 있습니다. 📈 상승 추세가 견고하게 유지되고 있습니다. ⚠️ 단기 급등으로 인한 조정 가능성을 염두에 두세요.,20251205,20251205,27.92,13.97,40.86,13.97,26.89
KOSPI,금호타이어,073240,기타,6240,56.82,17925.0,,71.2,11.6,80.5875,-5.11183,0.9,6.48,18.63,27.48,27.92,-0.44,4,★,"정배열(단), 장기추세(120↑), 자금유입(MFI), MACD>Sig",5760,5360,6240,6770,1.2,8.333333333333332,30.8,↩️ PULL (눌림),💰 외국인/기관의 강력한 수급이 집중되고 있습니다. ⚠️ 단기 급등으로 인한 조정 가능성을 염두에 두세요.,20251205,20251205,27.92,13.97,27.48,27.92,-0.44
KOSDAQ,태웅,044490,기타,28000,364.46,5602.1,,80.6,13.5,581.6018,253.75797,7.35,17.65,20.69,-22.54,13.97,-36.51,3,,"MACD상승, 거래량↑, 자금유입(MFI), MACD>Sig",25400,23650,27550,29850,1.2285714285714286,10.236220472440944,30.7,🔺 Watch (관찰·돌파예상),💰 외국인/기관의 강력한 수급이 집중되고 있습니다. 🚀 상승 에너지가 폭발적으로 증가하는 중입니다. ⚠️ 단기 급등으로 인한 조정 가능성을 염두에 두세요.,20251205,20251205,27.92,13.97,-22.54,13.97,-36.51
KOSPI,현대약품,004310,기타,5060,791.91,1619.2,,97.7,35.08,106.5774,83.32968,16.91,36.76,40.36,27.14,27.92,-0.78,5,★,"MACD상승, 거래량↑, 장기추세(120↑), 자금유입(MFI), MACD>Sig",3860,3590,4180,4535,1.1851851851851851,31.088082901554404,30.4,🔺 Watch (관찰·돌파예상),💰 외국인/기관의 강력한 수급이 집중되고 있습니다. 📈 상승 추세가 견고하게 유지되고 있습니다. ⚠️ 단기 급등으로 인한 조정 가능성을 염두에 두세요.,20251205,20251205,27.92,13.97,27.14,27.92,-0.78
KOSPI,화신,010690,기타,9200,104.02,3212.7,,82.6,13.81,160.2576,34.47472,4.4,12.88,21.53,4.9,27.92,-23.02,5,★,"MACD상승, 거래량↑, 장기추세(120↑), 자금유입(MFI), MACD>Sig",8330,7740,9030,9780,1.1864406779661016,10.444177671068427,30.1,🔺 Watch (관찰·돌파예상),💰 외국인/기관의 강력한 수급이 집중되고 있습니다. 📈 상승 추세가 견고하게 유지되고 있습니다. ⚠️ 단기 급등으로 인한 조정 가능성을 염두에 두세요.,20251205,20251205,27.92,13.97,4.9,27.92,-23.02
KOSDAQ,큐라클,365270,기타,6410,78.05,1346.7,,76.9,21.91,152.7872,42.22511,2.84,14.06,37.55,55.21,13.97,41.24,5,★,"MACD상승, 거래량↑, 장기추세(120↑), 자금유입(MFI), MACD>Sig",5420,5040,5870,6360,1.1842105263157894,18.265682656826566,29.7,🔺 Watch (관찰·돌파예상),💰 외국인/기관의 강력한 수급이 집중되고 있습니다. 📈 상승 추세가 견고하게 유지되고 있습니다. ⚠️ 단기 급등으로 인한 조정 가능성을 염두에 두세요.,20251205,20251205,27.92,13.97,55.21,13.97,41.24
KOSDAQ,헬릭스미스,084990,기타,6780,65.41,3125.1,,61.8,14.11,178.9969,-58.55682,1.16,8.31,27.2,-7.5,13.97,-21.47,4,★,"정배열(단), 장기추세(120↑), 자금유입(MFI), MACD>Sig",6120,5690,6630,7190,1.186046511627907,10.784313725490197,29.7,↩️ PULL (눌림),💸 자금 유입이 꾸준히 이어지고 있습니다. ⚠️ 단기 급등으로 인한 조정 가능성을 염두에 두세요.,20251205,20251205,27.92,13.97,-7.5,13.97,-21.47
KOSDAQ,링크솔루션,474650,기타,42700,301.55,2382.2,,81.6,25.41,1402.1857,-183.61884,1.61,29.59,41.39,85.25,13.97,71.28,5,★,"거래량↑, 정배열(단), 장기추세(120↑), 자금유입(MFI), MACD>Sig",35050,32600,38000,41200,1.2040816326530612,21.82596291012839,29.6,↩️ PULL (눌림),💰 외국인/기관의 강력한 수급이 집중되고 있습니다. ⚠️ 단기 급등으로 인한 조정 가능성을 염두에 두세요.,20251205,20251205,27.92,13.97,85.25,13.97,71.28
KOSDAQ,파로스아이바이오,388870,기타,9600,109.69,1242.8,,85.5,28.81,336.478,-46.22806,0.54,26.32,23.55,58.15,13.97,44.18,4,★,"정배열(단), 장기추세(120↑), 자금유입(MFI), MACD>Sig",7680,7140,8320,9020,1.1851851851851851,25.0,29.6,↩️ PULL (눌림),💰 외국인/기관의 강력한 수급이 집중되고 있습니다. ⚠️ 단기 급등으로 인한 조정 가능성을 염두에 두세요.,20251205,20251205,27.92,13.97,58.15,13.97,44.18
KOSDAQ,코칩,126730,기타,16450,458.73,1398.8,,98.7,24.64,608.0176,13.04822,5.98,29.94,39.17,31.08,13.97,17.11,5,★,"MACD상승, 거래량↑, 장기추세(120↑), 자금유입(MFI), MACD>Sig",13590,12640,14740,15970,1.2105263157894737,21.0448859455482,29.2,🔺 Watch (관찰·돌파예상),💰 외국인/기관의 강력한 수급이 집중되고 있습니다. 📈 상승 추세가 견고하게 유지되고 있습니다. ⚠️ 단기 급등으로 인한 조정 가능성을 염두에 두세요.,20251205,20251205,27.92,13.97,31.08,13.97,17.11
KOSDAQ,코리아에프티,123410,기타,8390,60.72,2335.9,,91.3,22.16,225.458,-24.44546,0.82,12.32,33.39,25.04,13.97,11.07,4,★,"정배열(단), 장기추세(120↑), 자금유입(MFI), MACD>Sig",7070,6580,7670,8310,1.2244897959183674,18.67043847241867,29.2,↩️ PULL (눌림),💰 외국인/기관의 강력한 수급이 집중되고 있습니다. ⚠️ 단기 급등으로 인한 조정 가능성을 염두에 두세요.,20251205,20251205,27.92,13.97,25.04,13.97,11.07
KOSPI,한국무브넥스,010100,기타,4700,250.21,1431.2,,92.4,23.21,95.067,46.79548,13.37,23.52,27.03,8.05,27.92,-19.87,5,★,"MACD상승, 거래량↑, 장기추세(120↑), 자금유입(MFI), MACD>Sig",3930,3655,4260,4615,1.2,19.59287531806616,28.9,🔺 Watch (관찰·돌파예상),💰 외국인/기관의 강력한 수급이 집중되고 있습니다. 📈 상승 추세가 견고하게 유지되고 있습니다. ⚠️ 단기 급등으로 인한 조정 가능성을 염두에 두세요.,20251205,20251205,27.92,13.97,8.05,27.92,-19.87
KOSDAQ,한국피아이엠,448900,기타,65100,240.06,3908.9,,78.5,43.38,2165.1835,-191.91533,0.46,22.14,35.77,442.95,13.97,428.98,4,★,"정배열(단), 장기추세(120↑), 자금유입(MFI), MACD>Sig",46750,43500,50700,55000,1.2153846153846153,39.25133689839572,28.9,↩️ PULL (눌림),💰 외국인/기관의 강력한 수급이 집중되고 있습니다. ⚠️ 단기 급등으로 인한 조정 가능성을 염두에 두세요.,20251205,20251205,27.92,13.97,442.95,13.97,428.98
KOSDAQ,에이디테크놀로지,200710,기타,29500,93.11,3965.0,,79.0,17.46,812.5875,-128.46192,0.88,6.12,34.09,31.99,13.97,18.02,3,,"장기추세(120↑), 자금유입(MFI), MACD>Sig",25850,24050,28050,30400,1.2222222222222223,14.119922630560927,28.8,↩️ PULL (눌림),💰 외국인/기관의 강력한 수급이 집중되고 있습니다. ⚠️ 단기 급등으로 인한 조정 가능성을 염두에 두세요.,20251205,20251205,27.92,13.97,31.99,13.97,18.02
KOSDAQ,이지케어텍,099750,기타,21300,53.44,1455.8,,98.5,27.65,469.7755,190.16111,3.6,26.63,31.48,20.89,13.97,6.92,6,★,"MACD상승, 거래량↑, 정배열(단), 장기추세(120↑), 자금유입(MFI), MACD>Sig",17190,15980,18990,20800,1.487603305785124,23.909249563699824,28.8,🔺 Watch (관찰·돌파예상),💰 외국인/기관의 강력한 수급이 집중되고 있습니다. 🚀 상승 에너지가 폭발적으로 증가하는 중입니다. ⚠️ 단기 급등으로 인한 조정 가능성을 염두에 두세요.,20251205,20251205,27.92,13.97,20.89,13.97,6.92
KOSDAQ,안트로젠,065660,기타,37100,73.77,3712.3,,95.7,52.55,1693.9524,281.79629,2.55,63.44,69.79,51.43,13.97,37.46,6,★,"MACD상승, 거래량↑, 정배열(단), 장기추세(120↑), 자금유입(MFI), MACD>Sig",25050,23300,27700,30300,1.5142857142857142,48.10379241516966,28.6,🔺 Watch (관찰·돌파예상),💰 외국인/기관의 강력한 수급이 집중되고 있습니다. 🚀 상승 에너지가 폭발적으로 증가하는 중입니다. ⚠️ 단기 급등으로 인한 조정 가능성을 염두에 두세요.,20251205,20251205,27.92,13.97,51.43,13.97,37.46
KOSDAQ,신라젠,215600,기타,3850,455.12,5318.0,,92.6,29.91,110.1468,30.51828,7.64,28.76,41.28,15.27,13.97,1.3,5,★,"MACD상승, 거래량↑, 장기추세(120↑), 자금유입(MFI), MACD>Sig",3050,2840,3310,3585,1.2380952380952381,26.229508196721312,28.0,🔺 Watch (관찰·돌파예상),💰 외국인/기관의 강력한 수급이 집중되고 있습니다. 📈 상승 추세가 견고하게 유지되고 있습니다. ⚠️ 단기 급등으로 인한 조정 가능성을 염두에 두세요.,20251205,20251205,27.92,13.97,15.27,13.97,1.3
KOSDAQ,피노,033790,기타,5930,65.82,4034.6,,96.4,36.92,211.2302,20.21363,2.2,32.66,49.37,42.72,13.97,28.75,6,★,"MACD상승, 거래량↑, 정배열(단), 장기추세(120↑), 자금유입(MFI), MACD>Sig",4460,4150,4930,5400,1.5161290322580645,32.95964125560538,27.8,🔺 Watch (관찰·돌파예상),💰 외국인/기관의 강력한 수급이 집중되고 있습니다. 📈 상승 추세가 견고하게 유지되고 있습니다. ⚠️ 단기 급등으로 인한 조정 가능성을 염두에 두세요.,20251205,20251205,27.92,13.97,42.72,13.97,28.75
KOSDAQ,셀비온,308430,기타,26100,84.04,3349.0,,87.3,25.48,717.77,-18.18813,0.76,15.49,29.85,18.64,13.97,4.67,4,★,"정배열(단), 장기추세(120↑), 자금유입(MFI), MACD>Sig",21400,19920,23200,25150,1.2162162162162162,21.962616822429908,27.7,↩️ PULL (눌림),💰 외국인/기관의 강력한 수급이 집중되고 있습니다. ⚠️ 단기 급등으로 인한 조정 가능성을 염두에 두세요.,20251205,20251205,27.92,13.97,18.64,13.97,4.67
KOSDAQ,우림피티에스,101170,기타,10270,441.88,1386.5,,94.9,43.46,445.3622,-6.15828,1.64,24.33,64.58,103.37,13.97,89.4,5,★,"거래량↑, 정배열(단), 장기추세(120↑), 자금유입(MFI), MACD>Sig",7370,6860,7990,8660,1.2156862745098038,39.348710990502035,27.6,↩️ PULL (눌림),💰 외국인/기관의 강력한 수급이 집중되고 있습니다. ⚠️ 단기 급등으로 인한 조정 가능성을 염두에 두세요.,20251205,20251205,27.92,13.97,103.37,13.97,89.4
KOSDAQ,동신건설,025950,기타,25000,448.29,2100.0,,98.8,63.17,1187.7413,384.43018,9.66,81.29,78.95,48.63,13.97,34.66,5,★,"MACD상승, 거래량↑, 장기추세(120↑), 자금유입(MFI), MACD>Sig",15780,14680,17110,18540,1.209090909090909,58.42839036755386,27.3,🔺 Watch (관찰·돌파예상),💰 외국인/기관의 강력한 수급이 집중되고 있습니다. 🚀 상승 에너지가 폭발적으로 증가하는 중입니다. ⚠️ 단기 급등으로 인한 조정 가능성을 염두에 두세요.,20251205,20251205,27.92,13.97,48.63,13.97,34.66
KOSDAQ,현대바이오,048410,기타,5710,59.64,5483.9,,58.0,11.44,136.4423,-8.29283,1.45,13.52,22.66,-0.52,13.97,-14.49,3,,"거래량↑, 장기추세(120↑), MACD>Sig",5280,4910,5720,6200,1.1891891891891893,8.143939393939394,27.2,↩️ PULL (눌림),⚠️ 단기 급등으로 인한 조정 가능성을 염두에 두세요.,20251205,20251205,27.92,13.97,-0.52,13.97,-14.49
KOSDAQ,슈프리마,236200,기타,37950,72.95,2754.1,,86.9,14.62,574.5316,184.86108,5.0,13.62,22.62,7.97,13.97,-6.0,5,★,"MACD상승, 거래량↑, 장기추세(120↑), 자금유입(MFI), MACD>Sig",34100,32000,36650,39400,1.2142857142857142,11.29032258064516,26.7,🔺 Watch (관찰·돌파예상),💰 외국인/기관의 강력한 수급이 집중되고 있습니다. 🚀 상승 에너지가 폭발적으로 증가하는 중입니다. ⚠️ 단기 급등으로 인한 조정 가능성을 염두에 두세요.,20251205,20251205,27.92,13.97,7.97,13.97,-6.0
KOSDAQ,비나텍,126340,기타,78000,77.63,5002.7,,87.3,32.08,2395.6838,126.54554,0.45,29.78,46.89,69.38,13.97,55.41,5,★,"MACD상승, 정배열(단), 장기추세(120↑), 자금유입(MFI), MACD>Sig",60800,56600,65900,71500,1.2142857142857142,28.289473684210524,26.6,🔺 Watch (관찰·돌파예상),💰 외국인/기관의 강력한 수급이 집중되고 있습니다. 🚀 상승 에너지가 폭발적으로 증가하는 중입니다. ⚠️ 단기 급등으로 인한 조정 가능성을 염두에 두세요.,20251205,20251205,27.92,13.97,69.38,13.97,55.41
KOSPI,와이투솔루션,011690,기타,4350,109.23,1591.0,,86.2,38.62,189.2373,8.09296,2.16,28.7,50.0,17.89,27.92,-10.03,5,★,"MACD상승, 거래량↑, 장기추세(120↑), 자금유입(MFI), MACD>Sig",3230,3005,3505,3800,1.2222222222222223,34.6749226006192,26.3,🔺 Watch (관찰·돌파예상),💰 외국인/기관의 강력한 수급이 집중되고 있습니다. 📈 상승 추세가 견고하게 유지되고 있습니다. ⚠️ 단기 급등으로 인한 조정 가능성을 염두에 두세요.,20251205,20251205,27.92,13.97,17.89,27.92,-10.03
KOSDAQ,엘앤케이바이오,156100,기타,13930,173.71,2929.8,,83.9,28.56,455.093,-25.62616,1.57,29.46,48.03,77.68,13.97,63.71,5,★,"거래량↑, 정배열(단), 장기추세(120↑), 자금유입(MFI), MACD>Sig",11160,10380,12100,13110,1.205128205128205,24.82078853046595,26.1,↩️ PULL (눌림),💰 외국인/기관의 강력한 수급이 집중되고 있습니다. ⚠️ 단기 급등으로 인한 조정 가능성을 염두에 두세요.,20251205,20251205,27.92,13.97,77.68,13.97,63.71
KOSPI,계룡건설,013580,기타,21250,87.68,1897.8,,93.5,15.71,368.0084,77.75587,6.65,13.7,18.72,2.66,27.92,-25.26,5,★,"MACD상승, 거래량↑, 장기추세(120↑), 자금유입(MFI), MACD>Sig",18920,17640,20450,22100,1.1953125,12.315010570824525,26.0,🔺 Watch (관찰·돌파예상),💰 외국인/기관의 강력한 수급이 집중되고 있습니다. 📈 상승 추세가 견고하게 유지되고 있습니다. ⚠️ 단기 급등으로 인한 조정 가능성을 염두에 두세요.,20251205,20251205,27.92,13.97,2.66,27.92,-25.26
KOSDAQ,동운아나텍,094170,기타,32900,84.61,6879.4,,88.1,34.26,918.7515,-40.9954,0.93,9.67,57.42,79.88,13.97,65.91,4,★,"정배열(단), 장기추세(120↑), 자금유입(MFI), MACD>Sig",25250,23450,27350,29650,1.1666666666666667,30.297029702970296,25.8,↩️ PULL (눌림),💰 외국인/기관의 강력한 수급이 집중되고 있습니다. ⚠️ 단기 급등으로 인한 조정 가능성을 염두에 두세요.,20251205,20251205,27.92,13.97,79.88,13.97,65.91
KOSPI,SNT모티브,064960,기타,36900,91.33,9793.4,,82.4,16.19,835.8929,146.89928,3.15,18.65,24.45,1.93,27.92,-25.99,5,★,"MACD상승, 거래량↑, 장기추세(120↑), 자금유입(MFI), MACD>Sig",32700,30400,35450,38450,1.1956521739130435,12.844036697247708,25.5,🔺 Watch (관찰·돌파예상),💰 외국인/기관의 강력한 수급이 집중되고 있습니다. 🚀 상승 에너지가 폭발적으로 증가하는 중입니다. ⚠️ 단기 급등으로 인한 조정 가능성을 염두에 두세요.,20251205,20251205,27.92,13.97,1.93,27.92,-25.99
KOSDAQ,옵티코어,380540,기타,2095,155.85,1014.7,,95.7,35.13,62.7843,29.00422,3.31,37.2,46.3,22.16,13.97,8.19,5,★,"MACD상승, 거래량↑, 장기추세(120↑), 자금유입(MFI), MACD>Sig",1597,1485,1731,1876,1.1964285714285714,31.18346900438322,23.3,🔺 Watch (관찰·돌파예상),💰 외국인/기관의 강력한 수급이 집중되고 있습니다. 📈 상승 추세가 견고하게 유지되고 있습니다. ⚠️ 단기 급등으로 인한 조정 가능성을 염두에 두세요.,20251205,20251205,27.92,13.97,22.16,13.97,8.19
KOSDAQ,켐트로스,220260,기타,5300,54.08,1407.6,,91.9,21.76,177.6269,-17.53961,0.58,31.19,38.38,35.2,13.97,21.23,4,★,"정배열(단), 장기추세(120↑), 자금유입(MFI), MACD>Sig",4485,4170,4860,5270,1.1904761904761905,18.171683389074694,22.8,↩️ PULL (눌림),💰 외국인/기관의 강력한 수급이 집중되고 있습니다. ⚠️ 단기 급등으로 인한 조정 가능성을 염두에 두세요.,20251205,20251205,27.92,13.97,35.2,13.97,21.23
KOSPI,씨케이솔루션,480370,기타,10130,60.99,1107.7,,88.1,18.84,167.5584,111.13108,10.56,19.46,27.58,-0.98,27.92,-28.9,3,,"MACD상승, 거래량↑, 자금유입(MFI), MACD>Sig",8780,8170,9520,10320,1.2131147540983607,15.375854214123008,22.4,🔺 Watch (관찰·돌파예상),💰 외국인/기관의 강력한 수급이 집중되고 있습니다. 🚀 상승 에너지가 폭발적으로 증가하는 중입니다. ⚠️ 단기 급등으로 인한 조정 가능성을 염두에 두세요.,20251205,20251205,27.92,13.97,-0.98,27.92,-28.9
KOSDAQ,엘케이켐,489500,기타,23900,56.03,1500.5,,83.3,32.93,634.6687,348.69944,8.32,35.03,43.89,28.84,13.97,14.87,5,★,"MACD상승, 거래량↑, 장기추세(120↑), 자금유입(MFI), MACD>Sig",18520,17220,20050,21750,1.176923076923077,29.049676025917925,19.9,🔺 Watch (관찰·돌파예상),💰 외국인/기관의 강력한 수급이 집중되고 있습니다. 🚀 상승 에너지가 폭발적으로 증가하는 중입니다. ⚠️ 단기 급등으로 인한 조정 가능성을 염두에 두세요.,20251205,20251205,27.92,13.97,28.84,13.97,14.87
KOSDAQ,코아스템켐온,166480,기타,1898,83.9,1003.5,,69.0,38.22,76.8261,22.40619,2.71,32.63,76.89,-1.76,13.97,-15.73,3,,"MACD상승, 거래량↑, 자금유입(MFI), MACD>Sig",1414,1315,1533,1662,1.202020202020202,34.22913719943423,19.6,🔺 Watch (관찰·돌파예상),💸 자금 유입이 꾸준히 이어지고 있습니다. 📈 상승 추세가 견고하게 유지되고 있습니다. ⚠️ 단기 급등으로 인한 조정 가능성을 염두에 두세요.,20251205,20251205,27.92,13.97,-1.76,13.97,-15.73
