종목코드,종목명,시장,업종,업종_상세,업종_대분류,종가,거래대금(억원),시가총액(억원),상태,IS_ACTIVE,IS_NOW_ENTRY,IS_WATCH,추천매수가,손절가,추천매도가1,추천매도가2,FINAL_SCORE,TRIGGER_SCORE,TOTAL_SCORE,RANK_SCORE,LDY_SCORE,ENTRY_SCORE,ML_SCORE,NEWS_SCORE,NEWS_REASON,TRIGGER,ROUTE,REGIME,ret_20d_%,ret_120d_%,rel_20d_%,rel_60d_%,rel_120d_%,TTM_SQUEEZE_CNT,NORM_RR,NORM_T1,NORM_SL,NORM_NEAR,NORM_MOM,NORM_LIQ,NORM_TEC,RSI14,MFI14,이격도,BB_BW,TTM_SQUEEZE,BB_SQUEEZE_BW,ret_1d_%,ret_5d_%,ret_10d_%,ret_60d_%,Low_Trend_PCT,RSI_Rising,BB_Expanding,Vol_Quality,Range_Pos,Above_MA20,SUPERTREND_DIR,SUPERTREND_VAL,VWAP,VWAP_GAP,MACD_Slope_PCT,거래강도,V_POWER,IS_SWING_SUPPORT,주봉20선_상회,주봉추세,HMA20,HMA_Trend,HMA_On,OBV_Div,SECTOR_RET_5D,SECTOR_RS,SECTOR_RANK,EBS,ENG_SCORE,MOM_SCORE,RR1,Now%,AI_COMMENT,켈리_수량,켈리_금액(원),추천수량,추천금액(만원),MKT_BREADTH_ALL_%,MKT_BREADTH_KOSPI_%,MKT_BREADTH_KOSDAQ_%,MKT_TEMP,TOP_SECTORS_5D,REGIME_RANK,LDY_RANK,기준일,시총기준일,벤치_60d_KOSPI_%,벤치_60d_KOSDAQ_%,60일_종목수익률_%,60일_초과수익(α)_%
347850,디앤디파마텍,KOSDAQ,자연과학 및 공학 연구개발업,자연과학 및 공학 연구개발업,기타,103100,1358.14,0.0,🚫 과열/위험,False,False,False,103100,88700,131800,144980.0,76.9,58.7,81.4,80.9,80.9,81.2,82.5,0.0,특이사항 없음,🚀급등시동,🚫 과열/위험,① 강한 상승 추세,21.44,231.45,19.66,119.54,212.87,3,0.99,1.0,0.02,1.0,0.79,1.0,0.42,63.4,60.5,10.36,23.78,0,0,-5.15,15.97,16.1,131.33,6.58,1,0,1.41,0.77,1,1,84680.0,100326,2.76,0.3986,0.82,1.58,False,O,▲,99255,▲,O,X,6.702016806722689,14.332689075630253,5.0,8,63.4,79.0,1.9930555555555556,0.0,💪 매수세 장악(Power Buying). 💸 자금 유입 지속. 🚀 단기 모멘텀 가속. ⚠️ 단기 급등 조정 주의. (매수 유효),20,2101637,20.0,210.2,56.7,44.8,67.3,🌤 중립,1.철강·금속(+18.4%) / 2.반도체(+15.7%) / 3.IT/전기전자(+13.8%) / 4.조선·기계·설비(+12.6%) / 5.기타(+11.3%),1,1,20260109,20260109,28.76,11.79,131.33,119.54
054540,삼영엠텍,KOSDAQ,"구조용 금속제품, 탱크 및 증기발생기 제조업","구조용 금속제품, 탱크 및 증기발생기 제조업",기타,16100,303.79,0.0,🚫 과열/위험,False,False,False,16100,13920,20450,22495.0,75.3,94.1,70.6,63.2,63.2,71.2,87.9000015258789,0.0,특이사항 없음,🚀급등시동,🚫 과열/위험,① 강한 상승 추세,4.34,199.81,2.56,22.49,181.23,4,1.0,1.0,0.03,1.0,0.42,0.28,0.52,68.7,86.0,11.74,23.02,0,0,5.37,14.67,1.26,34.28,4.36,1,0,4.88,0.76,1,1,12743.0,15382,4.67,0.2279,1.94,1.29,False,O,▲,14882,▲,O,X,6.702016806722689,14.332689075630253,5.0,6,57.1,41.7,1.9954128440366972,0.0,💰 외국인/기관 수급 집중. 🚀 단기 모멘텀 가속. ⚠️ 단기 급등 조정 주의.,80,1292160,80.0,129.2,56.7,44.8,67.3,🌤 중립,1.철강·금속(+18.4%) / 2.반도체(+15.7%) / 3.IT/전기전자(+13.8%) / 4.조선·기계·설비(+12.6%) / 5.기타(+11.3%),1,2,20260109,20260109,28.76,11.79,34.28,22.49
024740,한일단조,KOSDAQ,자동차 신품 부품 제조업,자동차 신품 부품 제조업,자동차·모빌리티,2360,64.48,0.0,🚫 과열/위험,False,False,False,2360,2205,2665,2931.5000000000005,74.6,100.0,68.2,62.1,62.1,63.8,82.5,0.0,특이사항 없음,📦박스돌파,🚫 과열/위험,④ 바닥 반등 시도,7.76,2.61,5.98,-5.48,-15.97,4,0.98,0.65,0.88,1.0,0.23,0.06,0.78,71.0,95.8,9.15,10.67,0,0,10.28,9.26,10.02,6.31,2.93,1,1,7.84,0.52,1,1,2092.5,2381,-0.91,0.0657,17.66,1.89,False,O,▲,2208,▲,O,X,9.321153846153846,11.11576923076923,6.0,6,47.8,23.4,1.967741935483871,0.0,💪 매수세 장악(Power Buying). 💰 외국인/기관 수급 집중. 🚀 단기 모멘텀 가속. ⚠️ 단기 급등 조정 주의.,463,1093770,463.0,109.4,56.7,44.8,67.3,🌤 중립,1.철강·금속(+18.4%) / 2.반도체(+15.7%) / 3.IT/전기전자(+13.8%) / 4.조선·기계·설비(+12.6%) / 5.기타(+11.3%),4,3,20260109,20260109,28.76,11.79,6.31,-5.48
207940,삼성바이오로직스,KOSPI,기초 의약물질 제조업,기초 의약물질 제조업,바이오·의약품,1878000,1284.35,0.0,🚫 과열/위험,False,False,False,1878000,1772000,2090000,2299000.0,71.0,78.8,69.0,75.6,75.6,67.7,53.70000076293945,0.0,특이사항 없음,,🚫 과열/위험,③ 박스 / 중립,13.13,22.46,2.44,-4.51,-20.77,0,1.0,0.56,0.98,1.0,0.6,1.0,0.63,70.9,62.5,8.29,13.97,0,0,-0.37,11.59,9.19,24.25,2.08,1,1,0.84,0.92,1,1,1719400.0,1801123,4.27,0.2812,1.28,2.77,False,O,▲,1760413,▲,O,X,3.02625,-0.5881250000000001,7.0,7,64.0,60.4,2.0,0.0,💪 매수세 장악(Power Buying). 💸 자금 유입 지속. 🚀 단기 모멘텀 가속. ⚠️ 단기 급등 조정 주의.,0,1175000,,,56.7,44.8,67.3,🌤 중립,1.철강·금속(+18.4%) / 2.반도체(+15.7%) / 3.IT/전기전자(+13.8%) / 4.조선·기계·설비(+12.6%) / 5.기타(+11.3%),3,4,20260109,20260109,28.76,11.79,24.25,-4.51
010100,한국무브넥스,KOSPI,자동차 신품 부품 제조업,자동차 신품 부품 제조업,자동차·모빌리티,4900,404.63,0.0,🚫 과열/위험,False,False,False,4900,4305,6090,6699.000000000001,70.5,100.0,63.1,54.6,54.6,46.5,83.0999984741211,0.0,특이사항 없음,,🚫 과열/위험,③ 박스 / 중립,7.34,2.51,-3.35,-4.39,-40.72,5,1.0,1.0,0.08,1.0,0.12,0.37,0.75,61.5,75.8,8.07,15.09,1,0,9.87,4.81,10.48,24.37,2.6,0,0,1.69,0.77,1,1,4092.0,4757,3.0,-0.1181,3.88,1.15,False,O,▲,4737,▲,O,X,9.321153846153846,11.11576923076923,6.0,5,35.0,12.4,2.0,0.0,🌪️ 5일 연속 응축 중! 폭발 임박. 💰 외국인/기관 수급 집중. ⚠️ 단기 급등 조정 주의.,149,732500,149.0,73.2,56.7,44.8,67.3,🌤 중립,1.철강·금속(+18.4%) / 2.반도체(+15.7%) / 3.IT/전기전자(+13.8%) / 4.조선·기계·설비(+12.6%) / 5.기타(+11.3%),3,5,20260109,20260109,28.76,11.79,24.37,-4.39
012330,현대모비스,KOSPI,자동차 신품 부품 제조업,자동차 신품 부품 제조업,자동차·모빌리티,399500,2336.7,0.0,🚫 과열/위험,False,False,False,399500,364000,470000,517000.00000000006,70.4,81.0,67.7,70.4,70.4,65.9,61.400001525878906,0.0,특이사항 없음,📦박스돌파,🚫 과열/위험,③ 박스 / 중립,11.28,27.03,0.59,4.63,-16.2,4,0.99,0.88,0.47,1.0,0.42,1.0,0.46,68.5,70.1,8.26,13.43,0,0,2.17,8.27,10.06,33.39,1.15,0,1,1.22,0.91,1,1,340850.0,385829,3.54,0.1689,1.49,-0.16,False,O,▲,382370,▲,O,X,9.321153846153846,11.11576923076923,6.0,7,44.0,41.6,1.9859154929577465,0.0,📉 매도세 우위. 💰 외국인/기관 수급 집중. 🚀 단기 모멘텀 가속. ⚠️ 단기 급등 조정 주의.,2,1068226,2.0,106.8,56.7,44.8,67.3,🌤 중립,1.철강·금속(+18.4%) / 2.반도체(+15.7%) / 3.IT/전기전자(+13.8%) / 4.조선·기계·설비(+12.6%) / 5.기타(+11.3%),3,6,20260109,20260109,28.76,11.79,33.39,4.63
000880,한화,KOSPI,기타 화학제품 제조업,기타 화학제품 제조업,화학·소재,91400,829.53,0.0,🚫 과열/위험,False,False,False,91400,84500,105100,115610.00000000001,69.0,99.8,61.3,73.0,73.0,68.3,33.900001525878906,0.0,특이사항 없음,📦박스돌파,🚫 과열/위험,④ 바닥 반등 시도,7.91,-1.72,-2.78,-14.08,-44.95,3,0.99,0.75,0.72,1.0,0.43,0.75,0.73,70.6,83.3,10.45,14.16,0,0,4.94,12.56,8.42,14.68,2.7,0,1,1.46,0.84,1,1,79530.0,87549,4.4,0.1884,4.18,2.08,False,O,▲,85112,▲,O,X,-0.5652777777777778,-6.286944444444445,11.0,7,49.1,43.1,1.9855072463768115,0.0,💪 매수세 장악(Power Buying). 💰 외국인/기관 수급 집중. 🚀 단기 모멘텀 가속. ⚠️ 단기 급등 조정 주의.,6,586788,6.0,58.7,56.7,44.8,67.3,🌤 중립,1.철강·금속(+18.4%) / 2.반도체(+15.7%) / 3.IT/전기전자(+13.8%) / 4.조선·기계·설비(+12.6%) / 5.기타(+11.3%),4,7,20260109,20260109,28.76,11.79,14.68,-14.08
075580,세진중공업,KOSPI,선박 및 보트 건조업,선박 및 보트 건조업,조선·기계·설비,20400,133.63,0.0,🚫 과열/위험,False,False,False,20400,18710,23800,26180.000000000004,66.3,100.0,57.9,49.1,49.1,71.7,78.5,0.0,특이사항 없음,📦박스돌파,🚫 과열/위험,④ 바닥 반등 시도,9.15,93.55,-1.54,-24.89,50.32,4,1.0,0.83,0.58,1.0,0.66,0.12,0.66,75.0,71.4,12.91,16.77,0,0,7.42,18.19,10.21,3.87,1.97,0,1,1.47,0.9,1,1,17324.0,19333,5.52,0.3049,3.05,2.34,False,O,▲,18437,▲,O,X,3.470909090909091,18.752727272727274,4.0,4,46.4,65.8,2.0118343195266273,0.0,💪 매수세 장악(Power Buying). 💰 외국인/기관 수급 집중. 🚀 단기 모멘텀 가속. ⚠️ 단기 급등 조정 주의.,0,0,,,56.7,44.8,67.3,🌤 중립,1.철강·금속(+18.4%) / 2.반도체(+15.7%) / 3.IT/전기전자(+13.8%) / 4.조선·기계·설비(+12.6%) / 5.기타(+11.3%),4,8,20260109,20260109,28.76,11.79,3.87,-24.89
000270,기아,KOSPI,자동차용 엔진 및 자동차 제조업,자동차용 엔진 및 자동차 제조업,자동차·모빌리티,133200,2319.45,0.0,🚫 과열/위험,False,False,False,133200,125800,148000,162800.0,66.2,83.0,62.0,67.4,67.4,54.6,49.29999923706055,0.0,특이사항 없음,,🚫 과열/위험,③ 박스 / 중립,7.59,29.32,-3.1,1.19,-13.91,0,1.0,0.56,0.98,1.0,0.47,1.0,0.67,69.8,71.5,8.39,10.84,0,0,6.65,10.45,10.82,29.95,0.08,0,1,1.25,0.97,1,1,115950.0,126631,5.19,0.1935,1.88,1.49,False,O,▲,125063,▲,O,X,9.321153846153846,11.11576923076923,6.0,6,38.2,46.9,2.0,0.0,💰 외국인/기관 수급 집중. 🚀 단기 모멘텀 가속. ⚠️ 단기 급등 조정 주의.,4,650000,4.0,65.0,56.7,44.8,67.3,🌤 중립,1.철강·금속(+18.4%) / 2.반도체(+15.7%) / 3.IT/전기전자(+13.8%) / 4.조선·기계·설비(+12.6%) / 5.기타(+11.3%),3,9,20260109,20260109,28.76,11.79,29.95,1.19
082740,한화엔진,KOSPI,일반 목적용 기계 제조업,일반 목적용 기계 제조업,조선·기계·설비,49700,2268.09,0.0,🚫 과열/위험,False,False,False,49700,45050,59000,64900.00000000001,65.0,100.0,56.3,60.1,60.1,63.3,47.400001525878906,0.0,특이사항 없음,,🚫 과열/위험,④ 바닥 반등 시도,7.11,89.33,-3.58,-15.03,46.1,0,1.0,0.94,0.39,1.0,0.67,1.0,0.62,71.3,75.6,13.67,19.57,0,0,9.11,18.19,9.96,13.73,4.69,0,1,0.87,0.98,1,1,40410.0,45590,9.01,0.3158,2.39,2.94,False,O,▲,44104,▲,O,X,3.470909090909091,18.752727272727274,4.0,6,49.6,67.4,2.0,0.0,💪 매수세 장악(Power Buying). 💰 외국인/기관 수급 집중. 🚀 단기 모멘텀 가속. ⚠️ 단기 급등 조정 주의.,0,0,,,56.7,44.8,67.3,🌤 중립,1.철강·금속(+18.4%) / 2.반도체(+15.7%) / 3.IT/전기전자(+13.8%) / 4.조선·기계·설비(+12.6%) / 5.기타(+11.3%),4,10,20260109,20260109,28.76,11.79,13.73,-15.03
071970,HD현대마린엔진,KOSPI,일반 목적용 기계 제조업,일반 목적용 기계 제조업,조선·기계·설비,100500,550.54,0.0,🚫 과열/위험,False,False,False,100500,89700,122000,134200.0,64.8,90.2,58.4,52.1,52.1,53.4,73.19999694824219,0.0,,,🚫 과열/위험,④ 바닥 반등 시도,11.42,110.69,0.73,-10.66,67.46,0,0.99,1.0,0.19,1.0,0.41,0.5,0.51,68.9,57.5,12.69,24.42,0,0,4.47,18.24,3.5,18.1,5.36,0,0,1.15,1.0,1,1,80670.0,92899,8.18,0.2101,1.61,2.7,False,O,▲,93042,▲,O,X,3.470909090909091,18.752727272727274,4.0,5,38.0,41.2,1.9907407407407407,0.0,💪 매수세 장악(Power Buying). 🚀 단기 모멘텀 가속. ⚠️ 단기 급등 조정 주의.,0,0,,,56.7,44.8,67.3,🌤 중립,1.철강·금속(+18.4%) / 2.반도체(+15.7%) / 3.IT/전기전자(+13.8%) / 4.조선·기계·설비(+12.6%) / 5.기타(+11.3%),4,11,20260109,20260109,28.76,11.79,18.1,-10.66
033500,동성화인텍,KOSDAQ,기초 화학물질 제조업,기초 화학물질 제조업,화학·소재,28750,128.44,0.0,🚫 과열/위험,False,False,False,28750,26250,33750,37125.0,64.5,96.0,56.6,46.0,46.0,60.0,81.5,0.0,,,🚫 과열/위험,④ 바닥 반등 시도,7.88,30.09,6.1,-11.62,11.51,0,1.0,0.87,0.51,1.0,0.61,0.12,0.82,58.1,63.0,8.42,17.49,0,0,8.7,19.54,2.68,0.17,-8.24,1,0,0.83,0.96,1,1,23610.0,26812,7.23,0.3275,2.89,3.11,False,X,▼,25672,▲,O,X,-0.5652777777777778,-6.286944444444445,11.0,4,44.6,60.9,2.0,0.0,💪 매수세 장악(Power Buying). 💸 자금 유입 지속. 🚀 단기 모멘텀 가속. ⚠️ 단기 급등 조정 주의.,0,0,,,56.7,44.8,67.3,🌤 중립,1.철강·금속(+18.4%) / 2.반도체(+15.7%) / 3.IT/전기전자(+13.8%) / 4.조선·기계·설비(+12.6%) / 5.기타(+11.3%),4,12,20260109,20260109,28.76,11.79,0.17,-11.62
100090,SK오션플랜트,KOSPI,1차 철강 제조업,1차 철강 제조업,철강·금속,21300,102.04,0.0,🚫 과열/위험,False,False,False,21300,19440,25050,27555.000000000004,64.2,82.8,59.6,60.9,60.9,67.6,56.70000076293945,0.0,,🚀급등시동,🚫 과열/위험,④ 바닥 반등 시도,12.34,5.97,1.65,-33.24,-37.26,2,1.0,0.88,0.5,1.0,0.2,0.09,0.47,62.3,77.9,6.78,12.55,1,0,2.16,8.34,6.61,-4.48,4.63,1,0,1.55,0.91,1,1,18171.0,20525,3.77,0.0673,0.85,0.33,False,X,▲,20274,▲,O,X,10.6625,23.484166666666667,1.0,6,59.1,19.7,2.0161290322580645,0.0,🌪️ 에너지 응축 시작 (2일차). 📉 매도세 우위. 💰 외국인/기관 수급 집중. 🚀 단기 모멘텀 가속. ⚠️ 단기 급등 조정 주의.,0,0,,,56.7,44.8,67.3,🌤 중립,1.철강·금속(+18.4%) / 2.반도체(+15.7%) / 3.IT/전기전자(+13.8%) / 4.조선·기계·설비(+12.6%) / 5.기타(+11.3%),4,13,20260109,20260109,28.76,11.79,-4.48,-33.24
034020,두산에너빌리티,KOSPI,일반 목적용 기계 제조업,일반 목적용 기계 제조업,조선·기계·설비,84200,10048.5,0.0,🚫 과열/위험,False,False,False,84200,77600,97300,107030.00000000001,63.7,55.9,65.6,66.1,66.1,55.5,64.4000015258789,0.0,,,🚫 과열/위험,④ 바닥 반등 시도,9.78,39.87,-0.91,-17.68,-3.36,1,0.99,0.78,0.67,1.0,0.39,1.0,0.55,66.4,71.7,7.35,18.82,0,0,0.6,11.97,8.51,11.08,1.24,0,1,1.52,0.79,1,1,75480.0,83321,1.05,0.1656,1.02,1.13,False,O,▲,82659,▲,O,X,3.470909090909091,18.752727272727274,4.0,6,44.2,39.2,1.9848484848484849,0.0,💰 외국인/기관 수급 집중. 🚀 단기 모멘텀 가속. ⚠️ 단기 급등 조정 주의.,10,909618,10.0,91.0,56.7,44.8,67.3,🌤 중립,1.철강·금속(+18.4%) / 2.반도체(+15.7%) / 3.IT/전기전자(+13.8%) / 4.조선·기계·설비(+12.6%) / 5.기타(+11.3%),4,14,20260109,20260109,28.76,11.79,11.08,-17.68
476060,온코닉테라퓨틱스,KOSDAQ,자연과학 및 공학 연구개발업,자연과학 및 공학 연구개발업,기타,22250,293.35,0.0,🚫 과열/위험,False,False,False,22250,18660,29450,32395.000000000004,63.1,59.6,64.0,61.7,61.7,84.4,69.30000305175781,0.0,,🚀급등시동,🚫 과열/위험,③ 박스 / 중립,34.77,196.67,32.99,1.33,178.09,0,1.0,1.0,0.0,1.0,0.47,0.27,0.22,68.3,77.6,12.92,33.35,0,0,-1.11,12.03,19.56,13.12,16.82,1,0,1.9,0.81,1,1,16534.0,21411,3.91,0.1362,0.31,1.15,False,O,▲,21454,▲,O,X,6.702016806722689,14.332689075630253,5.0,6,87.5,47.1,2.0055710306406684,0.0,💰 외국인/기관 수급 집중. 🚀 단기 모멘텀 가속. ⚠️ 단기 급등 조정 주의.,36,803888,36.0,80.4,56.7,44.8,67.3,🌤 중립,1.철강·금속(+18.4%) / 2.반도체(+15.7%) / 3.IT/전기전자(+13.8%) / 4.조선·기계·설비(+12.6%) / 5.기타(+11.3%),3,15,20260109,20260109,28.76,11.79,13.12,1.33
226950,올릭스,KOSDAQ,자연과학 및 공학 연구개발업,자연과학 및 공학 연구개발업,기타,154500,608.06,0.0,🚫 과열/위험,False,False,False,154500,133600,196300,215930.00000000003,62.8,46.8,66.8,62.8,62.8,62.3,76.19999694824219,0.0,,,🚫 과열/위험,① 강한 상승 추세,23.6,296.15,21.82,43.49,277.57,0,1.0,1.0,0.03,1.0,0.64,0.55,0.31,64.0,69.6,10.74,26.92,0,0,-1.59,10.52,22.62,55.28,0.4,1,0,1.09,0.82,1,1,129530.0,150565,2.61,0.2121,0.42,1.28,False,O,▲,152095,▲,O,X,6.702016806722689,14.332689075630253,5.0,6,48.8,64.0,2.0,0.0,💸 자금 유입 지속. 🚀 단기 모멘텀 가속. ⚠️ 단기 급등 조정 주의.,6,1009999,6.0,101.0,56.7,44.8,67.3,🌤 중립,1.철강·금속(+18.4%) / 2.반도체(+15.7%) / 3.IT/전기전자(+13.8%) / 4.조선·기계·설비(+12.6%) / 5.기타(+11.3%),1,16,20260109,20260109,28.76,11.79,55.28,43.49
086960,MDS테크,KOSDAQ,소프트웨어 개발 및 공급업,소프트웨어 개발 및 공급업,IT/전기전자,1398,93.13,0.0,🚫 과열/위험,False,False,False,1398,1266,1662,1828.2,62.7,96.0,54.4,54.9,54.9,52.0,53.20000076293945,0.0,,,🚫 과열/위험,⑤ 하락 / 약세,-0.64,-6.8,-2.42,-17.07,-25.38,3,1.0,0.94,0.37,1.0,0.06,0.08,0.91,65.7,74.0,5.69,11.56,1,0,11.48,3.86,4.88,-5.28,2.64,1,0,2.74,0.75,1,-1,1438.9,1352,3.34,-0.002,5.75,1.6,False,O,▲,1316,▲,O,X,6.871449275362319,18.37304347826087,3.0,5,52.1,5.8,2.0,0.0,🌪️ 에너지 응축 시작 (3일차). 💪 매수세 장악(Power Buying). 💰 외국인/기관 수급 집중. ⚠️ 단기 급등 조정 주의.,0,0,,,56.7,44.8,67.3,🌤 중립,1.철강·금속(+18.4%) / 2.반도체(+15.7%) / 3.IT/전기전자(+13.8%) / 4.조선·기계·설비(+12.6%) / 5.기타(+11.3%),5,17,20260109,20260109,28.76,11.79,-5.28,-17.07
094940,푸른기술,KOSDAQ,컴퓨터 및 주변장치 제조업,컴퓨터 및 주변장치 제조업,IT/전기전자,8730,60.39,0.0,🚫 과열/위험,False,False,False,8730,7800,10590,11649.000000000002,62.6,77.8,58.8,55.1,55.1,51.9,67.5999984741211,0.0,,,🚫 과열/위험,③ 박스 / 중립,6.33,10.93,4.55,-4.8,-7.65,3,1.0,1.0,0.2,1.0,0.09,0.05,0.74,63.0,72.0,5.81,15.2,1,0,6.46,0.92,7.78,6.99,5.01,1,1,1.86,0.47,1,1,7603.0,8655,0.86,-0.124,2.57,-2.1,False,O,▲,8604,▲,O,X,6.871449275362319,18.37304347826087,3.0,5,50.2,9.2,2.0,0.0,🌪️ 에너지 응축 시작 (3일차). 📉 매도세 우위. 💰 외국인/기관 수급 집중. ⚠️ 단기 급등 조정 주의.,0,0,,,56.7,44.8,67.3,🌤 중립,1.철강·금속(+18.4%) / 2.반도체(+15.7%) / 3.IT/전기전자(+13.8%) / 4.조선·기계·설비(+12.6%) / 5.기타(+11.3%),3,18,20260109,20260109,28.76,11.79,6.99,-4.8
010820,퍼스텍,KOSPI,무기 및 총포탄 제조업,무기 및 총포탄 제조업,기타,4065,56.49,0.0,⚪ 관망,False,False,False,4065,3735,4720,5192.0,62.0,75.0,58.7,53.4,53.4,48.6,71.19999694824219,0.0,,,⚪ 관망,⑤ 하락 / 약세,4.9,-0.49,-5.79,-37.92,-43.72,0,0.99,0.81,0.62,1.0,0.03,0.05,0.8,60.7,81.0,3.04,12.78,0,0,0.12,1.63,2.91,-9.16,2.02,1,1,1.4,0.51,1,1,3654.0,4137,-1.74,-0.0685,6.81,-1.49,False,X,▼,4100,▲,X,X,6.702016806722689,14.332689075630253,5.0,5,44.7,3.4,1.9848484848484849,0.0,📉 매도세 우위. 💰 외국인/기관 수급 집중. ,0,0,,,56.7,44.8,67.3,🌤 중립,1.철강·금속(+18.4%) / 2.반도체(+15.7%) / 3.IT/전기전자(+13.8%) / 4.조선·기계·설비(+12.6%) / 5.기타(+11.3%),5,19,20260109,20260109,28.76,11.79,-9.16,-37.92
085910,네오티스,KOSDAQ,자동차 신품 부품 제조업,자동차 신품 부품 제조업,자동차·모빌리티,9440,115.26,0.0,🚫 과열/위험,False,False,False,9440,7690,12940,14234.000000000002,61.9,66.0,60.9,50.9,50.9,52.1,84.0999984741211,0.0,,,🚫 과열/위험,② 상승 후 조정,20.72,180.53,18.94,117.34,161.95,0,1.0,1.0,0.0,1.0,0.18,0.1,0.45,51.9,51.7,10.04,25.92,0,0,16.4,7.52,15.26,129.13,6.31,0,0,2.25,0.82,1,1,6710.0,8753,7.84,-0.241,1.62,0.47,False,O,▲,8945,▼,O,X,9.321153846153846,11.11576923076923,6.0,5,46.3,18.0,2.0,0.0,📉 매도세 우위. ⚠️ 단기 급등 조정 주의.,60,567500,60.0,56.8,56.7,44.8,67.3,🌤 중립,1.철강·금속(+18.4%) / 2.반도체(+15.7%) / 3.IT/전기전자(+13.8%) / 4.조선·기계·설비(+12.6%) / 5.기타(+11.3%),2,20,20260109,20260109,28.76,11.79,129.13,117.34
103140,풍산,KOSPI,1차 비철금속 제조업,1차 비철금속 제조업,철강·금속,120900,876.45,0.0,🚫 과열/위험,False,False,False,120900,111700,139200,153120.0,61.7,89.1,54.8,56.0,56.0,60.8,52.099998474121094,0.0,,,🚫 과열/위험,④ 바닥 반등 시도,15.69,-8.69,5.0,-33.71,-51.92,0,0.99,0.76,0.71,1.0,0.36,0.8,0.48,70.6,80.8,13.15,22.36,0,0,6.05,13.31,14.92,-4.95,4.55,1,0,1.18,0.91,1,1,103200.0,116647,3.65,0.106,3.52,0.25,False,O,▲,115104,▲,O,X,10.6625,23.484166666666667,1.0,5,58.9,36.3,1.9891304347826086,0.0,📉 매도세 우위. 💰 외국인/기관 수급 집중. 🚀 단기 모멘텀 가속. ⚠️ 단기 급등 조정 주의.,0,0,,,56.7,44.8,67.3,🌤 중립,1.철강·금속(+18.4%) / 2.반도체(+15.7%) / 3.IT/전기전자(+13.8%) / 4.조선·기계·설비(+12.6%) / 5.기타(+11.3%),4,21,20260109,20260109,28.76,11.79,-4.95,-33.71
249420,일동제약,KOSPI,의약품 제조업,의약품 제조업,바이오·의약품,41700,283.17,0.0,🚫 과열/위험,False,False,False,41700,34850,55400,60940.00000000001,61.1,14.6,72.7,63.6,63.6,66.6,93.80000305175781,0.0,,,🚫 과열/위험,① 강한 상승 추세,40.4,111.46,29.71,46.08,68.23,0,1.0,1.0,0.0,1.0,0.47,0.26,0.44,67.7,67.3,6.86,27.85,0,0,-0.71,7.75,11.8,74.84,18.95,0,0,2.37,0.77,1,1,33870.0,41258,1.07,0.1871,0.17,1.18,False,O,▲,40919,▲,O,X,3.02625,-0.5881250000000001,7.0,6,68.1,46.9,2.0,0.0,💸 자금 유입 지속. 🚀 단기 모멘텀 가속. ⚠️ 단기 급등 조정 주의.,34,1452500,34.0,145.2,56.7,44.8,67.3,🌤 중립,1.철강·금속(+18.4%) / 2.반도체(+15.7%) / 3.IT/전기전자(+13.8%) / 4.조선·기계·설비(+12.6%) / 5.기타(+11.3%),1,22,20260109,20260109,28.76,11.79,74.84,46.08
009420,한올바이오파마,KOSPI,의약품 제조업,의약품 제조업,바이오·의약품,50500,191.4,0.0,🚫 과열/위험,False,False,False,50500,45000,61500,67650.0,61.0,51.8,63.3,59.0,59.0,59.6,73.30000305175781,0.0,,,🚫 과열/위험,① 강한 상승 추세,3.06,90.57,-7.63,16.56,47.34,0,1.0,1.0,0.18,1.0,0.82,0.17,0.38,69.3,75.3,11.38,32.46,0,0,-3.99,19.67,18.27,45.32,2.08,0,0,1.65,0.76,1,1,44287.5,48840,3.4,0.521,0.54,2.69,False,O,▲,48325,▲,O,X,3.02625,-0.5881250000000001,7.0,5,33.1,81.5,2.0,0.0,💪 매수세 장악(Power Buying). 💰 외국인/기관 수급 집중. 🚀 단기 모멘텀 가속. ⚠️ 단기 급등 조정 주의.,14,747500,14.0,74.8,56.7,44.8,67.3,🌤 중립,1.철강·금속(+18.4%) / 2.반도체(+15.7%) / 3.IT/전기전자(+13.8%) / 4.조선·기계·설비(+12.6%) / 5.기타(+11.3%),1,23,20260109,20260109,28.76,11.79,45.32,16.56
005385,현대차우,KOSPI,기타,기타,자동차·모빌리티,229000,568.87,0.0,🚫 과열/위험,False,False,False,229000,215000,257000,282700.0,60.2,73.6,56.9,61.7,61.7,57.7,45.599998474121094,0.0,,,🚫 과열/위험,⑤ 하락 / 약세,10.36,41.62,-0.33,6.9,-1.61,1,1.0,0.61,0.94,1.0,0.49,0.52,0.48,71.0,76.3,9.95,16.39,0,0,5.05,9.57,12.53,35.66,0.96,0,1,1.24,0.87,1,1,204130.0,222709,2.82,0.1969,1.61,0.79,False,O,▲,218985,▲,O,X,9.321153846153846,11.11576923076923,6.0,6,44.4,49.5,2.0,0.0,💰 외국인/기관 수급 집중. 🚀 단기 모멘텀 가속. ⚠️ 단기 급등 조정 주의.,0,0,,,56.7,44.8,67.3,🌤 중립,1.철강·금속(+18.4%) / 2.반도체(+15.7%) / 3.IT/전기전자(+13.8%) / 4.조선·기계·설비(+12.6%) / 5.기타(+11.3%),5,24,20260109,20260109,28.76,11.79,35.66,6.9
389650,넥스트바이오메디컬,KOSDAQ,의료용 기기 제조업,의료용 기기 제조업,기타,89800,124.98,0.0,👀 트리거 대기,True,False,True,89800,78400,112500,123750.00000000001,60.2,66.0,58.7,49.4,49.4,43.2,80.4000015258789,0.0,,,👀 트리거 대기,① 강한 상승 추세,-0.33,102.94,-2.11,28.3,84.36,4,0.99,1.0,0.05,1.0,0.17,0.11,0.7,64.8,71.3,3.74,15.07,1,0,0.0,8.98,6.9,40.09,2.83,0,0,1.32,0.61,1,1,76730.0,89696,0.12,0.0527,1.66,0.46,False,O,▲,89780,▲,O,X,6.702016806722689,14.332689075630253,5.0,4,24.3,17.4,1.9912280701754386,0.0,🌪️ 에너지 응축 시작 (4일차). 📉 매도세 우위. 💰 외국인/기관 수급 집중. 🚀 단기 모멘텀 가속. ,0,0,,,56.7,44.8,67.3,🌤 중립,1.철강·금속(+18.4%) / 2.반도체(+15.7%) / 3.IT/전기전자(+13.8%) / 4.조선·기계·설비(+12.6%) / 5.기타(+11.3%),1,25,20260109,20260109,28.76,11.79,40.09,28.3
348340,뉴로메카,KOSDAQ,특수 목적용 기계 제조업,특수 목적용 기계 제조업,조선·기계·설비,34350,130.07,0.0,👀 트리거 대기,True,False,True,34350,29800,43450,47795.00000000001,59.8,66.0,58.2,54.1,54.1,48.9,67.80000305175781,0.0,,,👀 트리거 대기,② 상승 후 조정,1.48,49.02,-0.3,19.07,30.44,5,1.0,1.0,0.03,1.0,0.08,0.12,0.82,63.8,64.6,4.81,16.17,1,0,6.02,0.73,6.84,30.86,6.38,0,0,1.86,0.74,1,1,28035.0,33494,2.55,-0.0516,2.92,0.45,False,O,▲,33387,▲,O,X,3.470909090909091,18.752727272727274,4.0,5,43.3,8.1,2.0,0.0,🌪️ 5일 연속 응축 중! 폭발 임박. 📉 매도세 우위. 💸 자금 유입 지속. ,0,0,,,56.7,44.8,67.3,🌤 중립,1.철강·금속(+18.4%) / 2.반도체(+15.7%) / 3.IT/전기전자(+13.8%) / 4.조선·기계·설비(+12.6%) / 5.기타(+11.3%),2,26,20260109,20260109,28.76,11.79,30.86,19.07
014940,오리엔탈정공,KOSDAQ,일반 목적용 기계 제조업,일반 목적용 기계 제조업,조선·기계·설비,8590,50.64,0.0,🚫 과열/위험,False,False,False,8590,7980,9810,10791.0,59.6,100.0,49.5,37.2,37.2,49.5,78.19999694824219,0.0,,,🚫 과열/위험,④ 바닥 반등 시도,0.0,64.24,-1.78,-20.02,45.66,0,1.0,0.71,0.8,1.0,0.48,0.05,0.79,61.6,64.5,6.87,12.61,0,0,6.71,12.14,3.62,-8.23,-2.69,0,0,1.34,0.99,1,1,7307.0,8119,5.79,0.2495,1.88,1.95,False,X,▲,7860,▲,O,X,3.470909090909091,18.752727272727274,4.0,3,24.7,48.2,2.0,0.0,💪 매수세 장악(Power Buying). 💸 자금 유입 지속. 🚀 단기 모멘텀 가속. ⚠️ 단기 급등 조정 주의.,0,0,,,56.7,44.8,67.3,🌤 중립,1.철강·금속(+18.4%) / 2.반도체(+15.7%) / 3.IT/전기전자(+13.8%) / 4.조선·기계·설비(+12.6%) / 5.기타(+11.3%),4,27,20260109,20260109,28.76,11.79,-8.23,-20.02
144960,뉴파워프라즈마,KOSDAQ,특수 목적용 기계 제조업,특수 목적용 기계 제조업,조선·기계·설비,5720,61.48,0.0,🚫 과열/위험,False,False,False,5720,5280,6590,7249.000000000001,59.6,73.4,56.2,42.6,42.6,58.3,88.0999984741211,0.0,,,🚫 과열/위험,⑤ 하락 / 약세,16.26,-1.89,14.48,-19.38,-20.47,0,0.99,0.76,0.7,1.0,0.12,0.06,0.5,75.1,63.9,9.35,27.05,0,0,1.24,0.35,10.0,-7.59,6.74,1,0,1.54,0.8,1,1,5045.0,5733,-0.24,-0.123,2.03,-0.49,False,O,▲,5756,▲,X,X,3.470909090909091,18.752727272727274,4.0,4,65.0,11.8,1.9772727272727273,0.0,📉 매도세 우위. 💸 자금 유입 지속. ⚠️ 단기 급등 조정 주의.,0,0,,,56.7,44.8,67.3,🌤 중립,1.철강·금속(+18.4%) / 2.반도체(+15.7%) / 3.IT/전기전자(+13.8%) / 4.조선·기계·설비(+12.6%) / 5.기타(+11.3%),5,28,20260109,20260109,28.76,11.79,-7.59,-19.38
000720,현대건설,KOSPI,토목 건설업,토목 건설업,건설·부동산,75800,8863.02,0.0,🚫 과열/위험,False,False,False,75800,69200,89000,97900.00000000001,59.5,72.9,56.2,46.0,46.0,53.5,80.0999984741211,0.0,,,🚫 과열/위험,③ 박스 / 중립,3.98,6.46,-6.71,2.84,-36.77,0,1.0,0.87,0.5,1.0,0.39,1.0,0.61,64.0,59.9,5.26,15.59,0,0,1.07,9.86,8.29,31.6,-0.15,0,1,1.55,0.75,1,1,67570.0,74728,1.43,0.1679,0.63,1.51,False,O,▲,73923,▲,O,X,5.8183333333333325,-7.065,9.0,4,39.1,39.4,2.0,0.0,💪 매수세 장악(Power Buying). 🚀 단기 모멘텀 가속. ⚠️ 단기 급등 조정 주의.,0,0,,,56.7,44.8,67.3,🌤 중립,1.철강·금속(+18.4%) / 2.반도체(+15.7%) / 3.IT/전기전자(+13.8%) / 4.조선·기계·설비(+12.6%) / 5.기타(+11.3%),3,29,20260109,20260109,28.76,11.79,31.6,2.84
039490,키움증권,KOSPI,금융 지원 서비스업,금융 지원 서비스업,서비스 기타,315000,391.77,0.0,🚫 과열/위험,False,False,False,315000,292000,360500,396550.00000000006,58.9,64.6,57.5,61.5,61.5,61.1,48.20000076293945,0.0,,,🚫 과열/위험,③ 박스 / 중립,10.53,31.25,-0.16,0.34,-11.98,0,0.99,0.72,0.77,1.0,0.12,0.36,0.6,70.8,71.9,6.92,17.3,0,0,2.77,4.48,4.48,29.1,4.64,1,1,1.4,0.89,1,1,275900.0,309006,1.94,0.0393,1.05,1.36,False,O,▲,310935,▲,O,X,0.525,-8.831,14.0,6,71.7,12.2,1.9782608695652173,0.0,💰 외국인/기관 수급 집중. 🚀 단기 모멘텀 가속. ⚠️ 단기 급등 조정 주의.,0,0,,,56.7,44.8,67.3,🌤 중립,1.철강·금속(+18.4%) / 2.반도체(+15.7%) / 3.IT/전기전자(+13.8%) / 4.조선·기계·설비(+12.6%) / 5.기타(+11.3%),3,30,20260109,20260109,28.76,11.79,29.1,0.34
306040,에스제이그룹,KOSDAQ,"가죽, 가방 및 유사제품 제조업","가죽, 가방 및 유사제품 제조업",기타,8320,52.34,0.0,🚫 과열/위험,False,False,False,8320,7710,9540,10494.0,58.9,13.9,70.2,58.9,58.9,74.8,96.5999984741211,0.0,,🚀급등시동,🚫 과열/위험,② 상승 후 조정,158.39,103.67,156.61,101.0,85.09,0,1.0,0.73,0.76,1.0,0.03,0.05,0.17,50.0,78.5,10.43,109.44,0,0,-3.26,-10.05,2.34,112.79,146.71,1,0,2.18,0.76,1,1,7197.0,9058,-8.15,-0.9265,0.23,-0.46,False,O,▲,9796,▼,X,X,6.702016806722689,14.332689075630253,5.0,5,85.7,2.8,2.0,0.0,📉 매도세 우위. 💰 외국인/기관 수급 집중. ⚠️ 단기 급등 조정 주의.,152,1265000,152.0,126.5,56.7,44.8,67.3,🌤 중립,1.철강·금속(+18.4%) / 2.반도체(+15.7%) / 3.IT/전기전자(+13.8%) / 4.조선·기계·설비(+12.6%) / 5.기타(+11.3%),2,31,20260109,20260109,28.76,11.79,112.79,101.0
010140,삼성중공업,KOSPI,선박 및 보트 건조업,선박 및 보트 건조업,조선·기계·설비,28650,2354.87,0.0,🚫 과열/위험,False,False,False,28650,26650,32600,35860.0,58.5,100.0,48.1,57.8,57.8,59.7,25.399999618530273,0.0,,,🚫 과열/위험,⑤ 하락 / 약세,5.91,64.28,-4.78,6.38,21.05,0,0.98,0.69,0.82,1.0,0.76,1.0,0.64,71.0,80.3,13.8,18.0,0,0,8.73,18.63,13.92,35.14,0.0,0,1,2.3,1.0,1,1,24365.0,26321,8.85,0.3639,3.67,3.12,False,O,▲,25232,▲,O,X,3.470909090909091,18.752727272727274,4.0,5,36.0,76.4,1.975,0.0,💪 매수세 장악(Power Buying). 💰 외국인/기관 수급 집중. 🚀 단기 모멘텀 가속. ⚠️ 단기 급등 조정 주의.,0,0,,,56.7,44.8,67.3,🌤 중립,1.철강·금속(+18.4%) / 2.반도체(+15.7%) / 3.IT/전기전자(+13.8%) / 4.조선·기계·설비(+12.6%) / 5.기타(+11.3%),5,32,20260109,20260109,28.76,11.79,35.14,6.38
056080,유진로봇,KOSDAQ,특수 목적용 기계 제조업,특수 목적용 기계 제조업,조선·기계·설비,15300,116.23,0.0,🚀 집중 공략,True,True,False,15300,13520,18860,20746.0,58.1,40.2,62.6,49.7,49.7,47.2,92.69999694824219,0.0,,,🚀 집중 공략,① 강한 상승 추세,16.62,41.27,14.84,21.83,22.69,0,1.0,1.0,0.11,1.0,0.38,0.11,0.43,58.4,52.7,4.27,21.08,0,0,-2.86,4.15,7.22,33.62,4.78,0,0,2.18,0.54,1,1,13114.0,15150,0.99,0.1682,0.28,-1.78,False,O,▲,14610,▲,O,X,3.470909090909091,18.752727272727274,4.0,4,24.0,38.2,2.0,0.0,📉 매도세 우위. 🚀 단기 모멘텀 가속. ,45,695000,45.0,69.5,56.7,44.8,67.3,🌤 중립,1.철강·금속(+18.4%) / 2.반도체(+15.7%) / 3.IT/전기전자(+13.8%) / 4.조선·기계·설비(+12.6%) / 5.기타(+11.3%),1,33,20260109,20260109,28.76,11.79,33.62,21.83
030530,원익홀딩스,KOSDAQ,기초 화학물질 제조업,기초 화학물질 제조업,화학·소재,40200,938.93,0.0,🚫 과열/위험,False,False,False,40200,32450,55700,61270.00000000001,58.1,11.9,69.6,58.2,58.2,53.5,96.0999984741211,0.0,,,🚫 과열/위험,② 상승 후 조정,37.67,568.89,35.89,80.55,550.31,0,1.0,1.0,0.0,1.0,0.17,0.85,0.38,66.3,80.9,5.77,64.27,0,0,-1.23,-15.63,14.53,92.34,18.78,0,0,2.11,0.52,1,1,35725.0,43246,-7.04,-0.9005,0.24,-3.56,False,O,▲,46404,▼,X,X,-0.5652777777777778,-6.286944444444445,11.0,5,50.1,17.1,2.0,0.0,📉 매도세 우위. 💰 외국인/기관 수급 집중. ⚠️ 단기 급등 조정 주의.,30,1220000,30.0,122.0,56.7,44.8,67.3,🌤 중립,1.철강·금속(+18.4%) / 2.반도체(+15.7%) / 3.IT/전기전자(+13.8%) / 4.조선·기계·설비(+12.6%) / 5.기타(+11.3%),2,34,20260109,20260109,28.76,11.79,92.34,80.55
009540,HD한국조선해양,KOSPI,기타 금융업,기타 금융업,금융,447000,1511.48,0.0,🚫 과열/위험,False,False,False,447000,418000,505000,555500.0,57.2,90.4,48.9,51.0,51.0,53.0,43.900001525878906,0.0,,,🚫 과열/위험,④ 바닥 반등 시도,-0.11,37.54,-10.8,-19.2,-5.69,0,1.0,0.65,0.9,1.0,0.58,1.0,0.89,58.6,61.6,6.01,15.29,0,0,5.3,13.6,3.47,9.56,-5.06,0,0,1.23,0.92,1,1,386600.0,418729,6.75,0.3062,2.26,3.42,False,O,▲,410335,▲,O,X,0.47818181818181804,-7.147272727272727,12.0,5,28.6,58.1,2.0,0.0,💪 매수세 장악(Power Buying). 💸 자금 유입 지속. 🚀 단기 모멘텀 가속. ⚠️ 단기 급등 조정 주의.,0,0,,,56.7,44.8,67.3,🌤 중립,1.철강·금속(+18.4%) / 2.반도체(+15.7%) / 3.IT/전기전자(+13.8%) / 4.조선·기계·설비(+12.6%) / 5.기타(+11.3%),4,35,20260109,20260109,28.76,11.79,9.56,-19.2
382900,범한퓨얼셀,KOSDAQ,"전동기, 발전기 및 전기 변환 · 공급 · 제어 장치 제조업","전동기, 발전기 및 전기 변환 · 공급 · 제어 장치 제조업",인프라·에너지,29350,61.03,0.0,🚫 과열/위험,False,False,False,29350,26750,34550,38005.0,57.0,96.0,47.2,35.1,35.1,46.4,75.5,0.0,,,🚫 과열/위험,④ 바닥 반등 시도,-1.51,63.42,-3.29,-7.34,44.84,0,1.0,0.89,0.47,1.0,0.55,0.06,0.73,58.4,75.5,6.06,17.57,0,0,6.92,12.67,5.01,4.45,-4.32,0,0,9.91,0.57,1,1,25770.0,29225,0.43,0.276,6.03,-0.41,False,O,▲,26555,▲,O,X,1.2333333333333334,-9.163333333333332,13.0,3,13.7,54.6,2.0,0.0,📉 매도세 우위. 💰 외국인/기관 수급 집중. 🚀 단기 모멘텀 가속. ⚠️ 단기 급등 조정 주의.,0,0,,,56.7,44.8,67.3,🌤 중립,1.철강·금속(+18.4%) / 2.반도체(+15.7%) / 3.IT/전기전자(+13.8%) / 4.조선·기계·설비(+12.6%) / 5.기타(+11.3%),4,36,20260109,20260109,28.76,11.79,4.45,-7.34
460930,현대힘스,KOSDAQ,선박 및 보트 건조업,선박 및 보트 건조업,조선·기계·설비,20150,94.86,0.0,🚫 과열/위험,False,False,False,20150,18770,22900,25190.000000000004,56.9,100.0,46.1,42.6,42.6,56.8,54.29999923706055,0.0,,,🚫 과열/위험,④ 바닥 반등 시도,7.01,10.11,5.23,-24.56,-8.47,0,0.99,0.68,0.84,1.0,0.56,0.09,0.78,64.6,77.1,9.24,13.98,0,0,8.63,15.27,7.18,-12.77,-3.73,0,1,1.06,0.75,1,1,17272.0,19441,3.65,0.269,6.48,2.16,False,X,▼,18111,▲,O,X,3.470909090909091,18.752727272727274,4.0,4,39.1,55.9,1.9927536231884058,0.0,💪 매수세 장악(Power Buying). 💰 외국인/기관 수급 집중. 🚀 단기 모멘텀 가속. ⚠️ 단기 급등 조정 주의.,0,0,,,56.7,44.8,67.3,🌤 중립,1.철강·금속(+18.4%) / 2.반도체(+15.7%) / 3.IT/전기전자(+13.8%) / 4.조선·기계·설비(+12.6%) / 5.기타(+11.3%),4,37,20260109,20260109,28.76,11.79,-12.77,-24.56
208370,셀바스헬스케어,KOSDAQ,의료용 기기 제조업,의료용 기기 제조업,기타,6650,286.11,0.0,🚫 과열/위험,False,False,False,6040,4665,8790,9669.0,56.6,100.0,45.8,24.5,24.5,31.0,95.5,0.0,,,🚫 과열/위험,① 강한 상승 추세,53.76,52.7,51.98,66.73,34.12,1,1.0,1.0,0.0,0.0,0.23,0.26,0.62,68.0,91.9,15.61,29.19,1,0,12.52,17.49,12.71,78.52,25.09,0,0,3.05,0.73,1,1,4503.0,6207,7.12,0.0464,4.29,2.09,False,O,▲,5952,▲,O,X,6.702016806722689,14.332689075630253,5.0,2,66.0,23.2,1.0780856423173804,10.099337748344372,🌪️ 에너지 응축 시작 (1일차). 💪 매수세 장악(Power Buying). 💰 외국인/기관 수급 집중. 🚀 단기 모멘텀 가속. ⚠️ 단기 급등 조정 주의.,0,0,,,56.7,44.8,67.3,🌤 중립,1.철강·금속(+18.4%) / 2.반도체(+15.7%) / 3.IT/전기전자(+13.8%) / 4.조선·기계·설비(+12.6%) / 5.기타(+11.3%),1,38,20260109,20260109,28.76,11.79,78.52,66.73
317830,에스피시스템스,KOSDAQ,특수 목적용 기계 제조업,특수 목적용 기계 제조업,조선·기계·설비,13100,222.52,0.0,👀 트리거 대기,True,False,True,13100,10400,18490,20339.0,56.6,38.0,61.2,51.9,51.9,47.4,82.9000015258789,0.0,,⚡눌림회복,👀 트리거 대기,② 상승 후 조정,0.0,87.68,-1.78,32.01,69.1,3,1.0,1.0,0.0,1.0,0.06,0.2,0.79,59.5,76.0,2.52,23.96,1,0,9.26,-1.5,5.05,43.8,4.3,0,0,4.19,0.41,1,1,10572.0,12900,1.55,-0.2919,2.23,0.41,False,O,▲,13002,▼,O,X,3.470909090909091,18.752727272727274,4.0,5,15.6,6.0,1.9962962962962962,0.0,🌪️ 에너지 응축 시작 (3일차). 📉 매도세 우위. 💰 외국인/기관 수급 집중. ,44,587272,44.0,58.7,56.7,44.8,67.3,🌤 중립,1.철강·금속(+18.4%) / 2.반도체(+15.7%) / 3.IT/전기전자(+13.8%) / 4.조선·기계·설비(+12.6%) / 5.기타(+11.3%),2,39,20260109,20260109,28.76,11.79,43.8,32.01
331740,아우토크립트,KOSDAQ,소프트웨어 개발 및 공급업,소프트웨어 개발 및 공급업,IT/전기전자,19240,103.05,0.0,🚫 과열/위험,False,False,False,19240,15390,26950,29645.000000000004,56.5,24.7,64.5,53.6,53.6,53.7,89.9000015258789,0.0,,,🚫 과열/위험,① 강한 상승 추세,12.98,,11.2,25.25,,0,1.0,1.0,0.0,1.0,0.44,0.09,0.44,53.0,67.2,9.14,35.85,0,0,-8.16,5.19,14.32,37.04,7.17,0,0,2.75,0.63,1,1,14119.0,19180,0.31,0.1538,0.94,1.01,False,O,▲,18927,▲,O,X,6.871449275362319,18.37304347826087,3.0,5,37.3,44.0,2.0025974025974027,0.0,💸 자금 유입 지속. 🚀 단기 모멘텀 가속. ⚠️ 단기 급등 조정 주의.,43,839299,43.0,83.9,56.7,44.8,67.3,🌤 중립,1.철강·금속(+18.4%) / 2.반도체(+15.7%) / 3.IT/전기전자(+13.8%) / 4.조선·기계·설비(+12.6%) / 5.기타(+11.3%),1,40,20260109,20260109,28.76,11.79,37.04,25.25
081180,쎄크,KOSDAQ,일반 목적용 기계 제조업,일반 목적용 기계 제조업,조선·기계·설비,16120,169.37,0.0,🚫 과열/위험,False,False,False,16120,13370,21650,23815.000000000004,56.5,12.3,67.5,64.4,64.4,77.5,74.5999984741211,0.0,,🚀급등시동,🚫 과열/위험,② 상승 후 조정,43.16,66.87,41.38,70.98,48.29,0,1.0,1.0,0.0,1.0,0.13,0.15,0.36,59.0,75.5,10.1,47.23,0,0,-1.1,2.03,10.71,82.77,25.92,1,0,3.02,0.81,1,1,12174.0,15924,1.22,-0.2038,0.74,0.99,False,O,▲,16229,▲,X,X,3.470909090909091,18.752727272727274,4.0,6,87.5,12.6,2.0109090909090908,0.0,💰 외국인/기관 수급 집중. ⚠️ 단기 급등 조정 주의.,66,1069620,66.0,107.0,56.7,44.8,67.3,🌤 중립,1.철강·금속(+18.4%) / 2.반도체(+15.7%) / 3.IT/전기전자(+13.8%) / 4.조선·기계·설비(+12.6%) / 5.기타(+11.3%),2,41,20260109,20260109,28.76,11.79,82.77,70.98
257720,실리콘투,KOSDAQ,상품 종합 도매업,상품 종합 도매업,기타,43650,222.74,0.0,🚫 과열/위험,False,False,False,43650,40550,49850,54835.00000000001,56.3,79.7,50.4,48.7,48.7,66.7,54.29999923706055,0.0,,,🚫 과열/위험,④ 바닥 반등 시도,6.08,-19.46,4.3,-9.68,-38.04,0,1.0,0.71,0.8,1.0,0.67,0.2,0.64,60.7,69.9,7.36,14.78,0,0,2.83,8.18,10.09,2.11,-4.94,1,1,1.97,0.93,1,1,38055.0,41567,5.01,0.3153,1.46,1.35,False,O,▼,40719,▲,O,X,6.702016806722689,14.332689075630253,5.0,4,58.1,67.5,2.0,0.0,💸 자금 유입 지속. 🚀 단기 모멘텀 가속. ⚠️ 단기 급등 조정 주의.,0,0,,,56.7,44.8,67.3,🌤 중립,1.철강·금속(+18.4%) / 2.반도체(+15.7%) / 3.IT/전기전자(+13.8%) / 4.조선·기계·설비(+12.6%) / 5.기타(+11.3%),4,42,20260109,20260109,28.76,11.79,2.11,-9.68
036570,엔씨소프트,KOSPI,소프트웨어 개발 및 공급업,소프트웨어 개발 및 공급업,인터넷/플랫폼·게임,223000,262.89,0.0,🚫 과열/위험,False,False,False,223000,206000,256500,282150.0,56.2,48.7,58.1,59.8,59.8,64.1,54.0,0.0,,,🚫 과열/위험,④ 바닥 반등 시도,9.85,5.19,-0.84,-21.29,-38.04,0,0.98,0.75,0.71,1.0,0.31,0.24,0.35,70.8,78.7,8.87,19.81,0,0,-1.76,3.0,11.56,7.47,4.03,1,1,0.96,0.79,1,1,192150.0,219694,1.5,0.1,0.95,-0.1,False,O,▲,219581,▲,O,X,-1.8875,-10.325,15.0,5,69.5,31.3,1.9705882352941178,0.0,📉 매도세 우위. 💰 외국인/기관 수급 집중. 🚀 단기 모멘텀 가속. ⚠️ 단기 급등 조정 주의.,0,0,,,56.7,44.8,67.3,🌤 중립,1.철강·금속(+18.4%) / 2.반도체(+15.7%) / 3.IT/전기전자(+13.8%) / 4.조선·기계·설비(+12.6%) / 5.기타(+11.3%),4,43,20260109,20260109,28.76,11.79,7.47,-21.29
214370,케어젠,KOSDAQ,기초 의약물질 제조업,기초 의약물질 제조업,기타,70300,54.6,0.0,⚪ 관망,False,False,False,70300,62300,86300,94930.00000000001,56.0,44.6,58.8,52.1,52.1,55.4,74.5,0.0,,⚡눌림회복,⚪ 관망,③ 박스 / 중립,-3.83,63.49,-5.61,0.69,44.91,0,1.0,1.0,0.13,1.0,0.05,0.05,0.52,56.1,50.8,2.38,18.11,0,0,-0.42,-4.74,4.61,12.48,1.6,1,0,1.29,0.57,1,1,64190.0,69067,1.78,-0.0252,0.81,-0.16,False,O,▲,70179,▲,O,X,6.702016806722689,14.332689075630253,5.0,5,35.9,5.4,2.0,0.0,📉 매도세 우위. ,0,0,,,56.7,44.8,67.3,🌤 중립,1.철강·금속(+18.4%) / 2.반도체(+15.7%) / 3.IT/전기전자(+13.8%) / 4.조선·기계·설비(+12.6%) / 5.기타(+11.3%),3,44,20260109,20260109,28.76,11.79,12.48,0.69
005290,동진쎄미켐,KOSDAQ,기초 화학물질 제조업,기초 화학물질 제조업,화학·소재,40200,227.99,0.0,🚫 과열/위험,False,False,False,40200,36750,47050,51755.00000000001,55.8,46.2,58.2,54.0,54.0,51.8,68.0999984741211,0.0,,,🚫 과열/위험,④ 바닥 반등 시도,4.01,32.02,2.23,-20.11,13.44,0,0.99,0.85,0.53,1.0,0.13,0.21,0.55,63.8,56.3,5.03,17.96,0,0,-1.71,1.39,6.07,-8.32,2.69,1,1,1.05,0.53,1,1,36850.0,41130,-2.26,0.0356,1.14,-1.24,False,O,▲,40684,▲,X,X,-0.5652777777777778,-6.286944444444445,11.0,5,47.8,13.4,1.9855072463768115,0.0,📉 매도세 우위. 🚀 단기 모멘텀 가속. ⚠️ 단기 급등 조정 주의.,0,0,,,56.7,44.8,67.3,🌤 중립,1.철강·금속(+18.4%) / 2.반도체(+15.7%) / 3.IT/전기전자(+13.8%) / 4.조선·기계·설비(+12.6%) / 5.기타(+11.3%),4,45,20260109,20260109,28.76,11.79,-8.32,-20.11
220260,켐트로스,KOSDAQ,기타 화학제품 제조업,기타 화학제품 제조업,화학·소재,7850,190.1,0.0,🚫 과열/위험,False,False,False,7850,6520,10510,11561.000000000002,55.5,27.0,62.6,49.7,49.7,54.8,92.5999984741211,0.0,,,🚫 과열/위험,② 상승 후 조정,30.4,72.34,28.62,78.98,53.76,0,1.0,1.0,0.0,1.0,0.15,0.17,0.26,67.5,78.8,10.75,55.71,0,0,-11.1,-1.26,12.79,90.77,21.32,0,0,4.35,0.58,1,1,6793.0,8584,-8.56,-0.1408,0.9,-0.27,False,O,▲,8668,▲,X,X,-0.5652777777777778,-6.286944444444445,11.0,4,54.5,15.1,2.0,0.0,📉 매도세 우위. 💰 외국인/기관 수급 집중. ⚠️ 단기 급등 조정 주의.,88,695000,88.0,69.5,56.7,44.8,67.3,🌤 중립,1.철강·금속(+18.4%) / 2.반도체(+15.7%) / 3.IT/전기전자(+13.8%) / 4.조선·기계·설비(+12.6%) / 5.기타(+11.3%),2,46,20260109,20260109,28.76,11.79,90.77,78.98
000500,가온전선,KOSPI,절연선 및 케이블 제조업,절연선 및 케이블 제조업,기타,91000,52.4,0.0,🚫 과열/위험,False,False,False,91000,79500,113900,125290.00000000001,54.7,51.3,55.5,47.0,47.0,48.1,75.4000015258789,0.0,,,🚫 과열/위험,① 강한 상승 추세,22.15,41.74,11.46,39.14,-1.49,0,0.99,1.0,0.05,1.0,0.21,0.05,0.36,60.3,66.6,7.48,24.14,0,0,2.71,8.72,7.44,67.9,4.86,0,0,1.87,0.67,1,1,78180.0,91740,-0.81,0.0722,0.61,-1.49,False,O,▲,89127,▲,O,X,6.702016806722689,14.332689075630253,5.0,4,34.5,21.5,1.991304347826087,0.0,📉 매도세 우위. 💸 자금 유입 지속. 🚀 단기 모멘텀 가속. ⚠️ 단기 급등 조정 주의.,0,0,,,56.7,44.8,67.3,🌤 중립,1.철강·금속(+18.4%) / 2.반도체(+15.7%) / 3.IT/전기전자(+13.8%) / 4.조선·기계·설비(+12.6%) / 5.기타(+11.3%),1,47,20260109,20260109,28.76,11.79,67.9,39.14
454910,두산로보틱스,KOSPI,특수 목적용 기계 제조업,특수 목적용 기계 제조업,조선·기계·설비,83600,363.89,0.0,🚀 집중 공략,True,True,False,83600,76200,98400,108240.00000000001,54.6,48.2,56.2,52.6,52.6,45.2,64.5,0.0,,,🚀 집중 공략,④ 바닥 반등 시도,2.08,37.27,-8.61,-6.54,-5.96,1,1.0,0.89,0.48,1.0,0.27,0.33,0.57,56.3,63.0,2.6,12.98,0,0,0.6,4.11,0.97,22.22,0.65,0,1,1.29,0.53,1,1,74050.0,84586,-1.17,0.1477,0.72,0.56,False,O,▲,82397,▲,O,X,3.470909090909091,18.752727272727274,4.0,5,24.5,27.2,2.0,0.0,📉 매도세 우위. 💸 자금 유입 지속. 🚀 단기 모멘텀 가속. ,0,0,,,56.7,44.8,67.3,🌤 중립,1.철강·금속(+18.4%) / 2.반도체(+15.7%) / 3.IT/전기전자(+13.8%) / 4.조선·기계·설비(+12.6%) / 5.기타(+11.3%),4,48,20260109,20260109,28.76,11.79,22.22,-6.54
112040,위메이드,KOSDAQ,소프트웨어 개발 및 공급업,소프트웨어 개발 및 공급업,IT/전기전자,28200,74.62,0.0,🚫 과열/위험,False,False,False,28200,25900,32750,36025.0,54.4,100.0,43.0,33.0,33.0,47.2,66.5,0.0,,,🚫 과열/위험,③ 박스 / 중립,0.18,-14.93,-1.6,-3.95,-33.51,0,0.99,0.81,0.61,1.0,0.27,0.07,0.7,61.3,51.9,7.86,15.43,0,0,13.71,5.22,10.59,7.84,-5.7,0,0,1.66,0.9,1,1,22420.0,26326,7.12,0.085,3.55,0.52,False,O,▼,25621,▲,O,X,6.871449275362319,18.37304347826087,3.0,3,29.3,27.5,1.9782608695652173,0.0,📉 매도세 우위. 🚀 단기 모멘텀 가속. ⚠️ 단기 급등 조정 주의.,0,0,,,56.7,44.8,67.3,🌤 중립,1.철강·금속(+18.4%) / 2.반도체(+15.7%) / 3.IT/전기전자(+13.8%) / 4.조선·기계·설비(+12.6%) / 5.기타(+11.3%),3,49,20260109,20260109,28.76,11.79,7.84,-3.95
298380,에이비엘바이오,KOSDAQ,기초 의약물질 제조업,기초 의약물질 제조업,기타,204500,1152.33,0.0,🔫 트리거 임박,True,True,False,204500,179300,255000,280500.0,54.4,11.8,65.1,65.8,65.8,56.3,63.599998474121094,0.0,,,🔫 트리거 임박,① 강한 상승 추세,9.83,213.17,8.05,115.43,194.59,4,1.0,1.0,0.07,1.0,0.28,1.0,0.59,63.1,59.1,4.02,19.07,1,0,-5.1,4.6,9.36,127.22,3.08,1,1,1.3,0.57,1,1,178180.0,207492,-1.44,0.0954,0.9,0.61,False,O,▲,209589,▲,X,X,6.702016806722689,14.332689075630253,5.0,6,51.8,27.8,2.003968253968254,0.0,🌪️ 에너지 응축 시작 (4일차). 🚀 단기 모멘텀 가속. ,4,885217,4.0,88.5,56.7,44.8,67.3,🌤 중립,1.철강·금속(+18.4%) / 2.반도체(+15.7%) / 3.IT/전기전자(+13.8%) / 4.조선·기계·설비(+12.6%) / 5.기타(+11.3%),1,50,20260109,20260109,28.76,11.79,127.22,115.43
310210,보로노이,KOSDAQ,자연과학 및 공학 연구개발업,자연과학 및 공학 연구개발업,기타,230500,357.04,0.0,🚫 과열/위험,False,False,False,230500,202500,286500,315150.0,54.3,95.7,44.0,36.0,36.0,51.7,62.70000076293945,0.0,,,🚫 과열/위험,① 강한 상승 추세,3.83,85.14,2.05,25.49,66.56,5,1.0,1.0,0.08,1.0,0.16,0.32,0.64,61.0,37.2,8.09,14.33,1,0,13.55,7.21,10.82,37.28,-2.4,1,0,1.25,0.93,1,1,200750.0,211153,9.16,0.0202,1.82,1.13,False,O,▲,212362,▲,O,X,6.702016806722689,14.332689075630253,5.0,3,46.1,16.3,2.0,0.0,🌪️ 5일 연속 응축 중! 폭발 임박. 🚀 단기 모멘텀 가속. ⚠️ 단기 급등 조정 주의.,0,0,,,56.7,44.8,67.3,🌤 중립,1.철강·금속(+18.4%) / 2.반도체(+15.7%) / 3.IT/전기전자(+13.8%) / 4.조선·기계·설비(+12.6%) / 5.기타(+11.3%),1,51,20260109,20260109,28.76,11.79,37.28,25.49
005387,현대차2우B,KOSPI,기타,기타,자동차·모빌리티,237000,660.77,0.0,🚫 과열/위험,False,False,False,237000,221000,268500,295350.0,54.2,74.8,49.1,49.9,49.9,57.8,47.099998474121094,0.0,,,🚫 과열/위험,⑤ 하락 / 약세,12.06,41.75,1.37,10.41,-1.48,2,0.98,0.66,0.86,1.0,0.54,0.6,0.39,74.6,79.3,11.28,17.79,0,0,5.1,11.01,13.67,39.17,1.0,0,1,1.16,0.94,1,1,205950.0,227854,4.01,0.2167,1.45,0.65,False,O,▲,225112,▲,O,X,9.321153846153846,11.11576923076923,6.0,4,42.3,54.3,1.96875,0.0,💰 외국인/기관 수급 집중. 🚀 단기 모멘텀 가속. ⚠️ 단기 급등 조정 주의.,0,0,,,56.7,44.8,67.3,🌤 중립,1.철강·금속(+18.4%) / 2.반도체(+15.7%) / 3.IT/전기전자(+13.8%) / 4.조선·기계·설비(+12.6%) / 5.기타(+11.3%),5,52,20260109,20260109,28.76,11.79,39.17,10.41
101490,에스앤에스텍,KOSDAQ,전자부품 제조업,전자부품 제조업,IT/전기전자,50600,1171.45,0.0,⚪ 관망,False,False,False,50600,46600,58600,64460.00000000001,54.2,24.6,61.6,59.9,59.9,47.9,65.4000015258789,0.0,,,⚪ 관망,⑤ 하락 / 약세,5.53,8.93,3.75,-21.91,-9.65,0,1.0,0.79,0.66,1.0,0.06,1.0,0.61,60.7,59.8,3.35,24.52,0,0,-3.98,-1.36,4.87,-10.12,5.54,1,0,1.53,0.51,1,1,46955.0,53428,-5.29,-0.1155,1.33,-0.24,False,X,▼,53733,▲,X,X,6.871449275362319,18.37304347826087,3.0,5,42.0,5.7,2.0,0.0,📉 매도세 우위. ,12,620000,12.0,62.0,56.7,44.8,67.3,🌤 중립,1.철강·금속(+18.4%) / 2.반도체(+15.7%) / 3.IT/전기전자(+13.8%) / 4.조선·기계·설비(+12.6%) / 5.기타(+11.3%),5,53,20260109,20260109,28.76,11.79,-10.12,-21.91
004310,현대약품,KOSPI,의약품 제조업,의약품 제조업,바이오·의약품,8120,83.66,0.0,🚫 과열/위험,False,False,False,8120,6320,11720,12892.000000000002,54.1,12.3,64.5,50.8,50.8,56.8,96.4000015258789,0.0,,,🚫 과열/위험,② 상승 후 조정,16.67,128.73,5.98,88.93,85.5,0,1.0,1.0,0.0,1.0,0.24,0.08,0.23,63.8,81.9,8.83,62.98,0,0,-2.75,-10.28,20.12,117.69,13.94,0,0,1.24,0.63,1,1,6007.0,8706,-6.74,-0.6726,0.2,-2.23,False,O,▲,9250,▼,X,X,3.02625,-0.5881250000000001,7.0,5,55.1,23.7,2.0,0.0,📉 매도세 우위. 💰 외국인/기관 수급 집중. ⚠️ 단기 급등 조정 주의.,103,837500,103.0,83.8,56.7,44.8,67.3,🌤 중립,1.철강·금속(+18.4%) / 2.반도체(+15.7%) / 3.IT/전기전자(+13.8%) / 4.조선·기계·설비(+12.6%) / 5.기타(+11.3%),2,54,20260109,20260109,28.76,11.79,117.69,88.93
012610,경인양행,KOSPI,기초 화학물질 제조업,기초 화학물질 제조업,화학·소재,4670,74.68,0.0,🚫 과열/위험,False,False,False,4670,3825,6360,6996.000000000001,54.0,13.1,64.2,51.6,51.6,60.1,93.5999984741211,0.0,,,🚫 과열/위험,② 상승 후 조정,21.14,39.4,10.45,31.17,-3.83,0,1.0,1.0,0.0,1.0,0.14,0.07,0.21,66.0,81.2,9.74,55.27,0,0,-2.91,-6.79,11.99,59.93,15.38,1,0,2.43,0.52,1,1,3867.5,5067,-7.85,-0.4421,0.29,-2.18,False,O,▲,5127,▼,X,X,-0.5652777777777778,-6.286944444444445,11.0,5,68.1,14.1,2.0,0.0,📉 매도세 우위. 💰 외국인/기관 수급 집중. ⚠️ 단기 급등 조정 주의.,174,815000,174.0,81.5,56.7,44.8,67.3,🌤 중립,1.철강·금속(+18.4%) / 2.반도체(+15.7%) / 3.IT/전기전자(+13.8%) / 4.조선·기계·설비(+12.6%) / 5.기타(+11.3%),2,55,20260109,20260109,28.76,11.79,59.93,31.17
003570,SNT다이내믹스,KOSPI,자동차 신품 부품 제조업,자동차 신품 부품 제조업,자동차·모빌리티,54600,128.52,0.0,🚫 과열/위험,False,False,False,54600,48900,66000,72600.0,53.9,99.0,42.6,30.0,30.0,69.0,72.0999984741211,0.0,,📦박스돌파,🚫 과열/위험,④ 바닥 반등 시도,12.81,1.87,2.12,-44.76,-41.36,4,1.0,1.0,0.23,1.0,0.61,0.12,0.58,68.3,69.0,13.95,18.77,0,0,6.43,21.6,13.04,-16.0,-2.22,0,1,1.48,0.85,1,1,45720.0,50664,7.77,0.2582,2.18,2.52,False,X,▼,48873,▲,O,X,9.321153846153846,11.11576923076923,6.0,3,42.0,60.9,2.0,0.0,💪 매수세 장악(Power Buying). 💸 자금 유입 지속. 🚀 단기 모멘텀 가속. ⚠️ 단기 급등 조정 주의.,0,0,,,56.7,44.8,67.3,🌤 중립,1.철강·금속(+18.4%) / 2.반도체(+15.7%) / 3.IT/전기전자(+13.8%) / 4.조선·기계·설비(+12.6%) / 5.기타(+11.3%),4,56,20260109,20260109,28.76,11.79,-16.0,-44.76
056090,시지메드텍,KOSDAQ,의료용 기기 제조업,의료용 기기 제조업,기타,1421,55.09,0.0,🚫 과열/위험,False,False,False,1421,1235,1792,1971.2000000000003,53.9,84.9,46.2,28.0,28.0,51.0,88.5999984741211,0.0,,,🚫 과열/위험,① 강한 상승 추세,13.59,38.5,11.81,28.21,19.92,0,0.99,1.0,0.04,1.0,0.52,0.05,0.64,67.7,82.8,12.69,31.56,0,0,4.49,14.14,23.57,40.0,-0.45,0,0,2.8,0.74,1,1,1151.5,1406,1.05,0.137,3.21,1.76,False,O,▲,1355,▲,O,X,6.702016806722689,14.332689075630253,5.0,2,26.6,51.9,1.9946236559139785,0.0,💪 매수세 장악(Power Buying). 💰 외국인/기관 수급 집중. 🚀 단기 모멘텀 가속. ⚠️ 단기 급등 조정 주의.,0,0,,,56.7,44.8,67.3,🌤 중립,1.철강·금속(+18.4%) / 2.반도체(+15.7%) / 3.IT/전기전자(+13.8%) / 4.조선·기계·설비(+12.6%) / 5.기타(+11.3%),1,57,20260109,20260109,28.76,11.79,40.0,28.21
035420,NAVER,KOSPI,"자료처리, 호스팅, 포털 및 기타 인터넷 정보매개 서비스업","자료처리, 호스팅, 포털 및 기타 인터넷 정보매개 서비스업",서비스 기타,254000,3373.72,0.0,🚀 집중 공략,True,True,False,254000,240000,281500,309650.0,53.7,44.3,56.1,65.6,65.6,58.2,33.79999923706055,0.0,,,🚀 집중 공략,④ 바닥 반등 시도,2.42,2.01,-8.27,-30.31,-41.22,0,0.98,0.54,0.99,1.0,0.15,1.0,0.61,70.9,61.7,4.89,13.9,0,0,1.2,2.83,7.17,-1.55,1.99,1,1,1.4,0.76,1,1,235000.0,253359,0.25,0.0373,0.89,0.95,False,O,▲,253685,▲,O,X,0.525,-8.831,14.0,6,62.9,15.0,1.9642857142857142,0.0,💸 자금 유입 지속. 🚀 단기 모멘텀 가속. ,0,0,,,56.7,44.8,67.3,🌤 중립,1.철강·금속(+18.4%) / 2.반도체(+15.7%) / 3.IT/전기전자(+13.8%) / 4.조선·기계·설비(+12.6%) / 5.기타(+11.3%),4,58,20260109,20260109,28.76,11.79,-1.55,-30.31
456010,아이씨티케이,KOSDAQ,반도체 제조업,반도체 제조업,반도체,15870,50.46,0.0,⚪ 관망,False,False,False,15870,14380,18840,20724.0,53.7,15.3,63.3,53.8,53.8,57.6,85.5,0.0,,⚡눌림회복,⚪ 관망,⑤ 하락 / 약세,1.15,16.43,-0.63,-15.61,-2.15,0,0.99,0.94,0.38,1.0,0.0,0.05,0.54,61.3,71.7,1.25,23.34,0,0,4.89,-6.76,-3.0,-3.82,6.53,1,0,1.53,0.5,1,1,14045.0,16277,-2.51,-0.4285,1.06,-2.43,False,O,▲,16649,▼,X,X,10.309333333333335,19.353333333333335,2.0,5,44.0,0.0,1.9932885906040267,0.0,📉 매도세 우위. 💰 외국인/기관 수급 집중. ✅ 20일선 눌림목 구간.,46,742727,46.0,74.3,56.7,44.8,67.3,🌤 중립,1.철강·금속(+18.4%) / 2.반도체(+15.7%) / 3.IT/전기전자(+13.8%) / 4.조선·기계·설비(+12.6%) / 5.기타(+11.3%),5,59,20260109,20260109,28.76,11.79,-3.82,-15.61
038460,바이오스마트,KOSDAQ,전자부품 제조업,전자부품 제조업,IT/전기전자,3945,164.96,0.0,🚫 과열/위험,False,False,False,3945,3495,4840,5324.0,53.6,12.8,63.8,52.6,52.6,57.0,89.80000305175781,0.0,,,🚫 과열/위험,② 상승 후 조정,34.64,17.59,32.86,23.54,-0.99,0,0.99,1.0,0.13,1.0,0.1,0.15,0.33,56.8,79.2,7.11,35.88,0,0,6.33,-0.25,8.68,35.33,24.83,0,0,0.88,0.68,1,1,3266.5,4004,-1.48,-0.2603,0.26,0.02,False,O,▲,3963,▲,X,X,6.871449275362319,18.37304347826087,3.0,5,62.5,10.2,1.988888888888889,0.0,📉 매도세 우위. 💰 외국인/기관 수급 집중. ⚠️ 단기 급등 조정 주의.,196,777150,196.0,77.7,56.7,44.8,67.3,🌤 중립,1.철강·금속(+18.4%) / 2.반도체(+15.7%) / 3.IT/전기전자(+13.8%) / 4.조선·기계·설비(+12.6%) / 5.기타(+11.3%),2,60,20260109,20260109,28.76,11.79,35.33,23.54
267250,HD현대,KOSPI,기타 금융업,기타 금융업,금융,205000,940.06,0.0,🚀 집중 공략,True,True,False,205000,191400,232500,255750.00000000003,53.4,86.5,45.1,47.0,47.0,51.8,40.599998474121094,0.0,,,🚀 집중 공략,③ 박스 / 중립,-4.43,48.23,-15.12,4.96,5.0,0,1.0,0.67,0.88,1.0,0.55,0.85,0.77,53.9,62.2,4.41,14.1,0,0,4.33,11.29,6.05,33.72,-4.44,0,0,1.26,0.75,1,1,184045.0,194971,5.14,0.2712,1.21,3.3,False,O,▲,191219,▲,O,X,0.47818181818181804,-7.147272727272727,12.0,4,27.1,54.9,2.0220588235294117,0.0,💪 매수세 장악(Power Buying). 💸 자금 유입 지속. 🚀 단기 모멘텀 가속. ,0,0,,,56.7,44.8,67.3,🌤 중립,1.철강·금속(+18.4%) / 2.반도체(+15.7%) / 3.IT/전기전자(+13.8%) / 4.조선·기계·설비(+12.6%) / 5.기타(+11.3%),3,61,20260109,20260109,28.76,11.79,33.72,4.96
100790,미래에셋벤처투자,KOSDAQ,기타 금융업,기타 금융업,금융,14100,327.67,0.0,⚪ 관망,False,False,False,14100,10180,21950,24145.000000000004,53.3,21.9,61.2,46.3,46.3,47.0,96.0,0.0,,,⚪ 관망,② 상승 후 조정,38.92,100.28,37.14,79.53,81.7,0,1.0,1.0,0.0,1.0,0.0,0.3,0.51,56.5,54.9,4.55,85.31,0,0,-2.42,3.75,-9.32,91.32,26.13,0,0,1.82,0.35,1,-1,19133.0,14346,-1.72,-0.019,0.43,0.64,False,O,▲,14029,▼,O,X,0.47818181818181804,-7.147272727272727,12.0,4,42.5,0.0,2.002551020408163,0.0,특이사항 없음.,41,591872,41.0,59.2,56.7,44.8,67.3,🌤 중립,1.철강·금속(+18.4%) / 2.반도체(+15.7%) / 3.IT/전기전자(+13.8%) / 4.조선·기계·설비(+12.6%) / 5.기타(+11.3%),2,62,20260109,20260109,28.76,11.79,91.32,79.53
101330,모베이스,KOSDAQ,통신 및 방송 장비 제조업,통신 및 방송 장비 제조업,IT/전기전자,3550,70.44,0.0,🚫 과열/위험,False,False,False,3550,3315,4015,4416.5,53.0,100.0,41.2,19.3,19.3,67.5,92.4000015258789,0.0,,📦박스돌파,🚫 과열/위험,③ 박스 / 중립,13.42,0.28,11.64,-1.71,-18.3,4,0.99,0.65,0.88,1.0,0.39,0.06,0.66,79.5,98.8,10.14,11.77,0,0,4.72,9.91,10.76,10.08,2.1,1,1,22.14,0.57,1,1,3100.0,3518,0.9,0.151,9.02,1.14,False,O,▲,3304,▲,O,X,6.871449275362319,18.37304347826087,3.0,1,49.2,39.3,1.9787234042553192,0.0,💰 외국인/기관 수급 집중. 🚀 단기 모멘텀 가속. ⚠️ 단기 급등 조정 주의.,0,0,,,56.7,44.8,67.3,🌤 중립,1.철강·금속(+18.4%) / 2.반도체(+15.7%) / 3.IT/전기전자(+13.8%) / 4.조선·기계·설비(+12.6%) / 5.기타(+11.3%),3,63,20260109,20260109,28.76,11.79,10.08,-1.71
417840,저스템,KOSDAQ,특수 목적용 기계 제조업,특수 목적용 기계 제조업,조선·기계·설비,5030,52.43,0.0,🚫 과열/위험,False,False,False,5030,4690,5710,6281.000000000001,53.0,6.4,64.6,50.4,50.4,56.3,97.5999984741211,0.0,,,🚫 과열/위험,③ 박스 / 중립,45.0,43.02,43.22,4.48,24.44,0,1.0,0.68,0.86,1.0,0.0,0.05,0.3,68.9,91.4,7.18,71.39,0,0,-0.79,-9.86,-4.01,16.27,41.38,1,0,2.85,0.48,1,1,4513.1,5165,-2.63,-0.8737,0.1,-1.72,True,O,▲,5577,▼,X,X,3.470909090909091,18.752727272727274,4.0,5,65.6,0.0,2.0,0.0,🧱 구조적 지지선(Swing Low) 근접. 📉 매도세 우위. 💰 외국인/기관 수급 집중. ⚠️ 단기 급등 조정 주의.,167,844999,167.0,84.5,56.7,44.8,67.3,🌤 중립,1.철강·금속(+18.4%) / 2.반도체(+15.7%) / 3.IT/전기전자(+13.8%) / 4.조선·기계·설비(+12.6%) / 5.기타(+11.3%),3,64,20260109,20260109,28.76,11.79,16.27,4.48
142210,유니트론텍,KOSDAQ,자동차 부품 및 내장품 판매업,자동차 부품 및 내장품 판매업,자동차·모빌리티,6480,55.04,0.0,👀 트리거 대기,True,False,True,6480,5880,7670,8437.0,52.8,39.9,56.0,48.5,48.5,43.0,73.4000015258789,0.0,,,👀 트리거 대기,③ 박스 / 중립,0.31,6.4,-1.47,-3.61,-12.18,5,0.99,0.92,0.4,1.0,0.1,0.05,0.67,57.8,68.8,3.75,9.66,1,1,5.54,3.85,7.28,8.18,2.21,0,0,1.55,0.67,1,1,5645.0,6397,1.29,0.0087,1.69,0.09,False,O,▲,6340,▲,O,X,9.321153846153846,11.11576923076923,6.0,4,27.5,10.1,1.9833333333333334,0.0,🌪️ 5일 연속 응축 중! 폭발 임박. 📉 매도세 우위. 💸 자금 유입 지속. 📈 상승 모멘텀 개선. ,0,0,,,56.7,44.8,67.3,🌤 중립,1.철강·금속(+18.4%) / 2.반도체(+15.7%) / 3.IT/전기전자(+13.8%) / 4.조선·기계·설비(+12.6%) / 5.기타(+11.3%),3,65,20260109,20260109,28.76,11.79,8.18,-3.61
253590,네오셈,KOSDAQ,특수 목적용 기계 제조업,특수 목적용 기계 제조업,조선·기계·설비,11530,64.84,0.0,🚫 과열/위험,False,False,False,11530,10410,13760,15136.000000000002,52.8,16.2,62.0,50.6,50.6,55.8,88.5,0.0,,,🚫 과열/위험,④ 바닥 반등 시도,14.38,32.38,12.6,-12.31,13.8,0,0.99,0.97,0.33,1.0,0.35,0.06,0.28,69.6,81.2,11.49,40.73,0,0,-3.11,3.22,19.73,-0.52,4.28,1,0,3.36,0.62,1,1,10408.0,12038,-4.23,0.069,1.15,-0.48,False,O,▲,12054,▲,X,X,3.470909090909091,18.752727272727274,4.0,5,46.9,35.4,1.9910714285714286,0.0,📉 매도세 우위. 💰 외국인/기관 수급 집중. 🚀 단기 모멘텀 가속. ⚠️ 단기 급등 조정 주의.,55,643497,55.0,64.3,56.7,44.8,67.3,🌤 중립,1.철강·금속(+18.4%) / 2.반도체(+15.7%) / 3.IT/전기전자(+13.8%) / 4.조선·기계·설비(+12.6%) / 5.기타(+11.3%),4,66,20260109,20260109,28.76,11.79,-0.52,-12.31
192820,코스맥스,KOSPI,기타 화학제품 제조업,기타 화학제품 제조업,화학·소재,174600,108.16,0.0,⚪ 관망,False,False,False,174600,163100,197600,217360.00000000003,52.7,63.9,49.9,54.2,54.2,53.3,39.79999923706055,0.0,,,⚪ 관망,⑤ 하락 / 약세,6.33,-30.85,-4.36,-40.89,-74.08,0,1.0,0.66,0.88,1.0,0.05,0.1,0.62,54.8,62.8,3.55,12.03,0,0,0.81,-1.91,3.87,-12.13,0.81,1,1,1.63,0.7,1,1,157860.0,174080,0.3,-0.0301,1.44,-0.57,False,X,▼,174012,▲,O,X,-0.5652777777777778,-6.286944444444445,11.0,5,56.1,4.6,2.0,0.0,📉 매도세 우위. 💸 자금 유입 지속. ,0,0,,,56.7,44.8,67.3,🌤 중립,1.철강·금속(+18.4%) / 2.반도체(+15.7%) / 3.IT/전기전자(+13.8%) / 4.조선·기계·설비(+12.6%) / 5.기타(+11.3%),5,67,20260109,20260109,28.76,11.79,-12.13,-40.89
140410,메지온,KOSDAQ,자연과학 및 공학 연구개발업,자연과학 및 공학 연구개발업,기타,92900,105.12,0.0,🚫 과열/위험,False,False,False,92900,75100,128400,141240.0,52.7,21.4,60.5,50.1,50.1,52.1,84.69999694824219,0.0,,,🚫 과열/위험,② 상승 후 조정,22.56,153.13,20.78,15.82,134.55,0,0.99,1.0,0.0,1.0,0.17,0.1,0.41,54.5,46.9,5.37,44.01,0,0,-2.93,-5.2,14.41,27.61,14.48,0,0,1.19,0.5,1,1,84230.0,99170,-6.32,-0.2748,0.32,-0.52,False,O,▲,100290,▲,X,X,6.702016806722689,14.332689075630253,5.0,5,46.8,17.0,1.9943820224719102,0.0,📉 매도세 우위. ⚠️ 단기 급등 조정 주의.,5,533309,5.0,53.3,56.7,44.8,67.3,🌤 중립,1.철강·금속(+18.4%) / 2.반도체(+15.7%) / 3.IT/전기전자(+13.8%) / 4.조선·기계·설비(+12.6%) / 5.기타(+11.3%),2,68,20260109,20260109,28.76,11.79,27.61,15.82
128940,한미약품,KOSPI,의약품 제조업,의약품 제조업,바이오·의약품,477000,688.65,0.0,🚫 과열/위험,False,False,False,477000,439500,552000,607200.0,52.6,82.4,45.2,45.0,45.0,61.8,45.79999923706055,0.0,,,🚫 과열/위험,⑤ 하락 / 약세,11.45,70.36,0.76,10.71,27.13,4,1.0,0.79,0.66,1.0,0.27,0.62,0.67,76.7,84.2,6.44,10.9,1,0,3.02,7.67,8.41,39.47,2.65,1,1,1.59,0.91,1,1,419450.0,463033,3.02,0.0994,1.3,1.5,False,O,▲,464381,▲,O,X,3.02625,-0.5881250000000001,7.0,4,65.9,27.4,2.0,0.0,🌪️ 에너지 응축 시작 (4일차). 💪 매수세 장악(Power Buying). 💰 외국인/기관 수급 집중. 🚀 단기 모멘텀 가속. ⚠️ 단기 급등 조정 주의.,0,0,,,56.7,44.8,67.3,🌤 중립,1.철강·금속(+18.4%) / 2.반도체(+15.7%) / 3.IT/전기전자(+13.8%) / 4.조선·기계·설비(+12.6%) / 5.기타(+11.3%),5,69,20260109,20260109,28.76,11.79,39.47,10.71
445680,큐리옥스바이오시스템즈,KOSDAQ,의료용 기기 제조업,의료용 기기 제조업,기타,113700,151.62,0.0,🚫 과열/위험,False,False,False,113700,102200,136600,150260.0,52.5,27.9,58.7,52.7,52.7,56.5,72.69999694824219,0.0,,,🚫 과열/위험,② 상승 후 조정,23.59,193.42,21.81,50.18,174.84,0,0.99,1.0,0.27,1.0,0.17,0.14,0.27,70.0,68.3,8.55,33.65,0,0,2.9,-4.85,14.73,61.97,6.26,1,0,1.03,0.69,1,1,100840.0,114276,-0.5,-0.3442,0.37,-1.64,False,O,▲,118109,▲,X,X,6.702016806722689,14.332689075630253,5.0,5,57.7,17.4,1.991304347826087,0.0,📉 매도세 우위. 💸 자금 유입 지속. ⚠️ 단기 급등 조정 주의.,0,0,,,56.7,44.8,67.3,🌤 중립,1.철강·금속(+18.4%) / 2.반도체(+15.7%) / 3.IT/전기전자(+13.8%) / 4.조선·기계·설비(+12.6%) / 5.기타(+11.3%),2,70,20260109,20260109,28.76,11.79,61.97,50.18
218410,RFHIC,KOSDAQ,통신 및 방송 장비 제조업,통신 및 방송 장비 제조업,IT/전기전자,37850,110.68,0.0,🚫 과열/위험,False,False,False,37850,33800,45900,50490.00000000001,52.4,43.7,54.6,48.5,48.5,54.3,68.9000015258789,0.0,,,🚫 과열/위험,① 강한 상승 추세,28.09,41.23,26.31,23.87,22.65,0,0.99,1.0,0.2,1.0,0.36,0.1,0.24,69.6,64.8,11.74,28.64,0,0,-0.39,7.99,12.15,35.66,4.91,0,0,1.99,0.82,1,1,32240.0,37219,1.69,0.1258,0.69,0.48,False,O,▲,37152,▲,O,X,6.871449275362319,18.37304347826087,3.0,4,42.6,36.5,1.9876543209876543,0.0,📉 매도세 우위. 💸 자금 유입 지속. 🚀 단기 모멘텀 가속. ⚠️ 단기 급등 조정 주의.,0,0,,,56.7,44.8,67.3,🌤 중립,1.철강·금속(+18.4%) / 2.반도체(+15.7%) / 3.IT/전기전자(+13.8%) / 4.조선·기계·설비(+12.6%) / 5.기타(+11.3%),1,71,20260109,20260109,28.76,11.79,35.66,23.87
115180,큐리언트,KOSDAQ,자연과학 및 공학 연구개발업,자연과학 및 공학 연구개발업,기타,30300,54.92,0.0,👀 트리거 대기,True,False,True,30300,26300,38250,42075.0,52.4,38.4,55.9,48.8,48.8,44.4,72.4000015258789,0.0,,,👀 트리거 대기,① 강한 상승 추세,5.57,175.45,3.79,47.18,156.87,5,0.99,1.0,0.03,1.0,0.25,0.05,0.62,60.1,64.7,3.52,15.43,1,0,-3.66,2.89,8.41,58.97,0.75,0,0,1.28,0.67,1,1,25115.0,30204,0.31,0.0845,0.71,1.13,False,O,▲,30508,▲,X,X,6.702016806722689,14.332689075630253,5.0,4,23.7,24.8,1.9875,0.0,🌪️ 5일 연속 응축 중! 폭발 임박. 💸 자금 유입 지속. 🚀 단기 모멘텀 가속. ,0,0,,,56.7,44.8,67.3,🌤 중립,1.철강·금속(+18.4%) / 2.반도체(+15.7%) / 3.IT/전기전자(+13.8%) / 4.조선·기계·설비(+12.6%) / 5.기타(+11.3%),1,72,20260109,20260109,28.76,11.79,58.97,47.18
094820,일진파워,KOSDAQ,전기 및 통신 공사업,전기 및 통신 공사업,기타,12680,115.7,0.0,⚪ 관망,False,False,False,12680,11680,14680,16148.000000000002,52.3,21.8,59.9,51.5,51.5,59.1,79.5,0.0,,⚡눌림회복,⚪ 관망,② 상승 후 조정,10.07,7.28,8.29,5.62,-11.3,0,1.0,0.79,0.66,1.0,0.0,0.1,0.49,59.3,67.9,1.99,28.87,0,0,6.11,-0.47,-4.16,17.41,9.56,1,0,1.04,0.42,1,-1,14264.0,12674,0.05,-0.2653,0.6,-0.87,False,O,▲,12774,▼,X,X,6.702016806722689,14.332689075630253,5.0,5,47.8,0.0,2.0,0.0,📉 매도세 우위. 💸 자금 유입 지속. ✅ 20일선 눌림목 구간.,0,0,,,56.7,44.8,67.3,🌤 중립,1.철강·금속(+18.4%) / 2.반도체(+15.7%) / 3.IT/전기전자(+13.8%) / 4.조선·기계·설비(+12.6%) / 5.기타(+11.3%),2,73,20260109,20260109,28.76,11.79,17.41,5.62
417010,나노팀,KOSDAQ,일반 목적용 기계 제조업,일반 목적용 기계 제조업,조선·기계·설비,7640,86.57,0.0,🚫 과열/위험,False,False,False,7640,6050,10820,11902.000000000002,52.1,23.4,59.3,43.2,43.2,54.7,96.80000305175781,0.0,,,🚫 과열/위험,② 상승 후 조정,55.6,42.01,53.82,56.31,23.43,0,1.0,1.0,0.0,1.0,0.15,0.08,0.17,62.2,66.7,11.27,68.33,0,0,-3.29,1.87,12.35,68.1,33.12,0,0,1.63,0.58,1,-1,9576.0,7841,-2.57,-0.2643,0.31,0.17,False,O,▲,7982,▲,X,X,3.470909090909091,18.752727272727274,4.0,4,54.5,14.6,2.0,0.0,📉 매도세 우위. 💸 자금 유입 지속. ⚠️ 단기 급등 조정 주의.,0,0,,,56.7,44.8,67.3,🌤 중립,1.철강·금속(+18.4%) / 2.반도체(+15.7%) / 3.IT/전기전자(+13.8%) / 4.조선·기계·설비(+12.6%) / 5.기타(+11.3%),2,74,20260109,20260109,28.76,11.79,68.1,56.31
024060,흥구석유,KOSDAQ,기타 전문 도매업,기타 전문 도매업,기타,12600,875.11,0.0,🚀 집중 공략,True,True,False,12600,11620,14550,16005.000000000002,51.9,56.3,50.8,40.4,40.4,49.2,75.0,0.0,,,🚀 집중 공략,④ 바닥 반등 시도,5.09,-3.52,3.31,-10.59,-22.1,0,0.99,0.77,0.68,1.0,0.27,0.79,0.62,69.1,83.6,4.93,12.09,0,0,1.37,7.42,6.6,1.2,-0.35,1,1,3.72,0.42,1,1,11544.0,12832,-1.81,0.1067,1.28,0.51,False,O,▲,12444,▲,O,X,6.702016806722689,14.332689075630253,5.0,4,34.7,26.6,1.989795918367347,0.0,📉 매도세 우위. 💰 외국인/기관 수급 집중. 🚀 단기 모멘텀 가속. ,0,0,,,56.7,44.8,67.3,🌤 중립,1.철강·금속(+18.4%) / 2.반도체(+15.7%) / 3.IT/전기전자(+13.8%) / 4.조선·기계·설비(+12.6%) / 5.기타(+11.3%),4,75,20260109,20260109,28.76,11.79,1.2,-10.59
209640,와이제이링크,KOSDAQ,특수 목적용 기계 제조업,특수 목적용 기계 제조업,조선·기계·설비,4305,274.67,0.0,⚪ 관망,False,False,False,4305,3365,6190,6809.000000000001,51.9,3.0,64.1,50.9,50.9,51.3,95.0,0.0,,,⚪ 관망,② 상승 후 조정,29.47,18.76,27.69,17.3,0.18,0,1.0,1.0,0.0,1.0,0.09,0.25,0.43,57.8,85.5,3.43,33.51,0,0,-4.86,-4.23,7.62,29.09,16.92,0,0,2.13,0.5,1,1,3340.5,4677,-7.95,-0.2102,0.17,-0.07,False,O,▲,4611,▲,X,X,3.470909090909091,18.752727272727274,4.0,5,48.8,9.0,2.00531914893617,0.0,📉 매도세 우위. 💰 외국인/기관 수급 집중. ,188,811206,188.0,81.1,56.7,44.8,67.3,🌤 중립,1.철강·금속(+18.4%) / 2.반도체(+15.7%) / 3.IT/전기전자(+13.8%) / 4.조선·기계·설비(+12.6%) / 5.기타(+11.3%),2,76,20260109,20260109,28.76,11.79,29.09,17.3
014620,성광벤드,KOSDAQ,1차 철강 제조업,1차 철강 제조업,철강·금속,28300,147.45,0.0,🚫 과열/위험,False,False,False,28300,26200,32450,35695.0,51.8,95.5,40.9,38.5,38.5,51.8,46.599998474121094,0.0,,,🚫 과열/위험,④ 바닥 반등 시도,2.91,-2.08,1.13,-20.79,-20.66,1,0.99,0.73,0.75,1.0,0.33,0.13,0.81,64.2,67.6,7.07,11.15,0,0,6.79,11.86,4.04,-9.0,-0.6,0,1,2.0,0.97,1,1,24085.0,26609,6.35,0.16,2.24,1.7,False,X,▼,26113,▲,O,X,10.6625,23.484166666666667,1.0,3,38.0,33.0,1.9761904761904763,0.0,💪 매수세 장악(Power Buying). 💸 자금 유입 지속. 🚀 단기 모멘텀 가속. ⚠️ 단기 급등 조정 주의.,0,0,,,56.7,44.8,67.3,🌤 중립,1.철강·금속(+18.4%) / 2.반도체(+15.7%) / 3.IT/전기전자(+13.8%) / 4.조선·기계·설비(+12.6%) / 5.기타(+11.3%),4,77,20260109,20260109,28.76,11.79,-9.0,-20.79
087010,펩트론,KOSDAQ,기초 의약물질 제조업,기초 의약물질 제조업,기타,266000,368.83,0.0,🚫 과열/위험,False,False,False,266000,237500,323000,355300.0,51.8,52.4,51.6,37.2,37.2,54.6,85.19999694824219,0.0,,,🚫 과열/위험,④ 바닥 반등 시도,-0.37,38.4,-2.15,-12.35,19.82,0,1.0,1.0,0.2,1.0,0.44,0.33,0.62,61.7,46.2,5.38,23.09,0,0,4.72,7.69,12.71,-0.56,-2.38,1,0,1.31,0.67,1,-1,267350.0,253826,4.8,0.1618,0.8,1.33,False,X,▼,252355,▲,O,X,6.702016806722689,14.332689075630253,5.0,3,39.7,43.5,2.0,0.0,🚀 단기 모멘텀 가속. ⚠️ 단기 급등 조정 주의.,0,0,,,56.7,44.8,67.3,🌤 중립,1.철강·금속(+18.4%) / 2.반도체(+15.7%) / 3.IT/전기전자(+13.8%) / 4.조선·기계·설비(+12.6%) / 5.기타(+11.3%),4,78,20260109,20260109,28.76,11.79,-0.56,-12.35
078350,한양디지텍,KOSDAQ,반도체 제조업,반도체 제조업,반도체,21450,57.51,0.0,⚪ 관망,False,False,False,21450,19640,25100,27610.000000000004,51.8,19.1,60.0,51.6,51.6,49.4,79.69999694824219,0.0,,,⚪ 관망,② 상승 후 조정,5.15,135.97,3.37,10.09,117.39,0,1.0,0.85,0.55,1.0,0.05,0.05,0.62,62.4,80.6,2.62,26.46,0,0,-4.67,0.0,4.38,21.88,9.56,1,0,1.75,0.36,1,1,20555.0,23518,-8.8,-0.0815,1.4,-1.34,False,O,▲,23081,▲,X,X,10.309333333333335,19.353333333333335,2.0,5,45.8,5.2,2.016574585635359,0.0,📉 매도세 우위. 💰 외국인/기관 수급 집중. ,23,512328,23.0,51.2,56.7,44.8,67.3,🌤 중립,1.철강·금속(+18.4%) / 2.반도체(+15.7%) / 3.IT/전기전자(+13.8%) / 4.조선·기계·설비(+12.6%) / 5.기타(+11.3%),2,79,20260109,20260109,28.76,11.79,21.88,10.09
140670,알에스오토메이션,KOSDAQ,전자부품 제조업,전자부품 제조업,IT/전기전자,16530,253.02,0.0,⚪ 관망,False,False,False,16530,15190,19200,21120.0,51.7,19.4,59.8,53.2,53.2,52.1,75.0999984741211,0.0,,,⚪ 관망,② 상승 후 조정,23.91,15.41,22.13,9.58,-3.17,0,0.99,0.81,0.62,1.0,0.0,0.23,0.53,63.1,68.6,4.03,32.65,0,0,0.06,3.83,-2.42,21.37,17.86,0,0,2.08,0.59,1,1,13105.0,16311,1.34,-0.198,0.5,0.59,False,O,▲,16652,▼,X,X,6.871449275362319,18.37304347826087,3.0,5,55.3,0.0,1.992537313432836,0.0,📉 매도세 우위. 💸 자금 유입 지속. ,0,0,,,56.7,44.8,67.3,🌤 중립,1.철강·금속(+18.4%) / 2.반도체(+15.7%) / 3.IT/전기전자(+13.8%) / 4.조선·기계·설비(+12.6%) / 5.기타(+11.3%),2,80,20260109,20260109,28.76,11.79,21.37,9.58
089890,코세스,KOSDAQ,특수 목적용 기계 제조업,특수 목적용 기계 제조업,조선·기계·설비,22300,57.72,0.0,⚪ 관망,False,False,False,22300,19790,27350,30085.000000000004,51.6,65.7,48.1,39.4,39.4,57.5,68.5,0.0,,⚡눌림회복,⚪ 관망,③ 박스 / 중립,-12.03,176.33,-13.81,-1.12,157.75,0,1.0,1.0,0.14,1.0,0.0,0.05,0.48,58.6,56.2,-0.32,33.55,0,0,8.25,-2.62,-1.11,10.67,8.14,1,0,1.13,0.41,0,-1,26390.0,22383,-0.37,-0.1849,1.04,-0.56,False,O,▲,22525,▼,X,X,3.470909090909091,18.752727272727274,4.0,3,43.7,0.0,2.0119521912350598,0.0,📉 매도세 우위. ✅ 20일선 눌림목 구간.,0,0,,,56.7,44.8,67.3,🌤 중립,1.철강·금속(+18.4%) / 2.반도체(+15.7%) / 3.IT/전기전자(+13.8%) / 4.조선·기계·설비(+12.6%) / 5.기타(+11.3%),3,81,20260109,20260109,28.76,11.79,10.67,-1.12
287840,인투셀,KOSDAQ,자연과학 및 공학 연구개발업,자연과학 및 공학 연구개발업,기타,63300,156.84,0.0,🚀 집중 공략,True,True,False,63300,55200,79400,87340.0,51.6,54.7,50.8,39.8,39.8,53.5,76.4000015258789,0.0,,,🚀 집중 공략,① 강한 상승 추세,-1.09,127.29,-2.87,38.39,108.71,0,0.99,1.0,0.05,1.0,0.72,0.14,0.68,59.5,63.1,4.86,21.73,0,0,2.1,18.32,10.47,50.18,-8.2,0,0,1.29,0.68,1,1,52940.0,59216,6.9,0.4077,0.67,2.41,False,O,▲,58390,▲,O,X,6.702016806722689,14.332689075630253,5.0,3,22.5,72.3,1.9876543209876543,0.0,💪 매수세 장악(Power Buying). 💸 자금 유입 지속. 🚀 단기 모멘텀 가속. ,0,0,,,56.7,44.8,67.3,🌤 중립,1.철강·금속(+18.4%) / 2.반도체(+15.7%) / 3.IT/전기전자(+13.8%) / 4.조선·기계·설비(+12.6%) / 5.기타(+11.3%),1,82,20260109,20260109,28.76,11.79,50.18,38.39
009150,삼성전기,KOSPI,전자부품 제조업,전자부품 제조업,IT/전기전자,266000,2131.17,0.0,🚀 집중 공략,True,True,False,266000,245000,308000,338800.0,51.5,38.7,54.7,54.7,54.7,39.9,54.70000076293945,0.0,,,🚀 집중 공략,⑤ 하락 / 약세,-1.3,93.45,-11.99,5.45,50.22,2,1.0,0.79,0.66,1.0,0.14,1.0,0.55,57.6,61.0,1.56,11.27,1,0,-2.21,-1.48,5.77,34.21,0.4,0,1,1.2,0.42,1,1,240850.0,269904,-1.45,0.0395,1.08,-0.64,False,O,▲,268632,▲,X,X,6.871449275362319,18.37304347826087,3.0,5,17.8,13.8,2.0,0.0,🌪️ 에너지 응축 시작 (2일차). 📉 매도세 우위. 💸 자금 유입 지속. 🚀 단기 모멘텀 가속. ✅ 20일선 눌림목 구간.,0,0,,,56.7,44.8,67.3,🌤 중립,1.철강·금속(+18.4%) / 2.반도체(+15.7%) / 3.IT/전기전자(+13.8%) / 4.조선·기계·설비(+12.6%) / 5.기타(+11.3%),5,83,20260109,20260109,28.76,11.79,34.21,5.45
071050,한국금융지주,KOSPI,기타 금융업,기타 금융업,금융,170500,335.64,0.0,🚀 집중 공략,True,True,False,170500,156900,197700,217470.00000000003,50.6,63.6,47.4,50.6,50.6,48.7,40.099998474121094,0.0,,,🚀 집중 공략,④ 바닥 반등 시도,5.44,4.22,-5.25,-6.1,-39.01,1,1.0,0.8,0.64,1.0,0.08,0.3,0.6,61.3,61.9,4.28,12.33,0,0,2.9,3.33,5.83,22.66,1.1,0,1,1.21,0.77,1,-1,175040.0,169607,0.53,0.0044,0.86,0.82,False,O,▲,169957,▲,O,X,0.47818181818181804,-7.147272727272727,12.0,5,43.0,7.6,2.0,0.0,💸 자금 유입 지속. ,0,0,,,56.7,44.8,67.3,🌤 중립,1.철강·금속(+18.4%) / 2.반도체(+15.7%) / 3.IT/전기전자(+13.8%) / 4.조선·기계·설비(+12.6%) / 5.기타(+11.3%),4,84,20260109,20260109,28.76,11.79,22.66,-6.1
212560,네오오토,KOSDAQ,자동차 신품 부품 제조업,자동차 신품 부품 제조업,자동차·모빌리티,9900,100.57,0.0,🚫 과열/위험,False,False,False,9900,7770,14160,15576.000000000002,50.5,20.0,58.1,45.9,45.9,55.0,86.5,0.0,,,🚫 과열/위험,② 상승 후 조정,62.3,60.98,60.52,66.91,42.4,0,1.0,1.0,0.0,1.0,0.19,0.09,0.19,64.8,69.0,11.69,91.67,0,0,-3.98,-13.91,16.33,78.7,31.92,0,0,2.02,0.56,1,1,8502.5,11521,-14.07,-0.8045,0.62,-0.61,False,O,▲,12070,▲,X,X,9.321153846153846,11.11576923076923,6.0,4,52.9,19.2,2.0,0.0,📉 매도세 우위. 💸 자금 유입 지속. ⚠️ 단기 급등 조정 주의.,0,0,,,56.7,44.8,67.3,🌤 중립,1.철강·금속(+18.4%) / 2.반도체(+15.7%) / 3.IT/전기전자(+13.8%) / 4.조선·기계·설비(+12.6%) / 5.기타(+11.3%),2,85,20260109,20260109,28.76,11.79,78.7,66.91
083450,GST,KOSDAQ,특수 목적용 기계 제조업,특수 목적용 기계 제조업,조선·기계·설비,27200,87.69,0.0,⚪ 관망,False,False,False,27200,25900,29800,32780.0,50.4,14.5,59.4,51.4,51.4,55.4,77.9000015258789,0.0,,,⚪ 관망,③ 박스 / 중립,6.67,38.14,4.89,-3.85,19.56,0,1.0,0.48,1.0,1.0,0.0,0.08,0.46,58.3,59.5,1.28,40.61,0,0,-0.55,-10.53,-7.17,7.94,16.01,1,0,1.67,0.44,1,1,25420.0,29917,-9.08,-0.6435,0.54,-0.89,True,O,▲,30701,▼,X,X,3.470909090909091,18.752727272727274,4.0,5,63.6,0.0,2.0,0.0,🧱 구조적 지지선(Swing Low) 근접. 📉 매도세 우위. ✅ 20일선 눌림목 구간.,0,0,,,56.7,44.8,67.3,🌤 중립,1.철강·금속(+18.4%) / 2.반도체(+15.7%) / 3.IT/전기전자(+13.8%) / 4.조선·기계·설비(+12.6%) / 5.기타(+11.3%),3,86,20260109,20260109,28.76,11.79,7.94,-3.85
042660,한화오션,KOSPI,선박 및 보트 건조업,선박 및 보트 건조업,조선·기계·설비,134400,13183.76,0.0,🚫 과열/위험,False,False,False,121700,110500,144100,158510.0,50.2,82.4,42.1,26.8,26.8,36.3,77.9000015258789,0.0,,,🚫 과열/위험,③ 박스 / 중립,16.67,75.46,5.98,1.6,32.23,0,1.0,0.92,0.41,0.0,0.55,1.0,0.5,73.6,83.1,15.94,25.35,0,0,3.62,17.18,8.91,30.36,7.73,1,0,1.58,0.99,1,1,112060.0,125570,7.03,0.2547,1.83,2.94,False,O,▲,123623,▲,O,X,3.470909090909091,18.752727272727274,4.0,2,63.0,55.4,0.40585774058577406,10.435497124075596,💪 매수세 장악(Power Buying). 💰 외국인/기관 수급 집중. 🚀 단기 모멘텀 가속. ⚠️ 단기 급등 조정 주의.,0,0,,,56.7,44.8,67.3,🌤 중립,1.철강·금속(+18.4%) / 2.반도체(+15.7%) / 3.IT/전기전자(+13.8%) / 4.조선·기계·설비(+12.6%) / 5.기타(+11.3%),3,87,20260109,20260109,28.76,11.79,30.36,1.6
001440,대한전선,KOSPI,절연선 및 케이블 제조업,절연선 및 케이블 제조업,기타,26050,1037.28,0.0,🚫 과열/위험,False,False,False,26050,23450,31250,34375.0,50.2,45.6,51.3,43.3,43.3,57.1,69.80000305175781,0.0,,,🚫 과열/위험,① 강한 상승 추세,14.0,66.14,3.31,22.34,22.91,0,1.0,1.0,0.29,1.0,0.44,0.94,0.28,65.3,69.3,9.5,24.73,0,0,0.39,9.45,14.76,51.1,-0.91,1,0,2.81,0.76,1,1,22250.0,25864,0.72,0.152,0.68,-0.27,False,O,▲,25715,▲,O,X,6.702016806722689,14.332689075630253,5.0,4,45.7,44.2,2.0,0.0,📉 매도세 우위. 💸 자금 유입 지속. 🚀 단기 모멘텀 가속. ⚠️ 단기 급등 조정 주의.,0,0,,,56.7,44.8,67.3,🌤 중립,1.철강·금속(+18.4%) / 2.반도체(+15.7%) / 3.IT/전기전자(+13.8%) / 4.조선·기계·설비(+12.6%) / 5.기타(+11.3%),1,88,20260109,20260109,28.76,11.79,51.1,22.34
352820,하이브,KOSPI,오디오물 출판 및 원판 녹음업,오디오물 출판 및 원판 녹음업,미디어·콘텐츠,331000,1071.91,0.0,⚪ 관망,False,False,False,331000,303500,385500,424050.00000000006,50.1,19.3,57.8,61.1,61.1,53.2,50.20000076293945,0.0,,,⚪ 관망,⑤ 하락 / 약세,13.75,21.47,3.06,-6.84,-21.76,0,0.99,0.82,0.58,1.0,0.02,0.97,0.52,63.6,56.0,4.28,19.97,0,0,-1.34,-4.34,2.0,21.92,7.08,1,0,1.19,0.65,1,1,303300.0,334037,-0.91,-0.188,0.82,-1.34,False,O,▲,340496,▲,X,X,-3.63875,-0.5137499999999995,8.0,6,56.7,2.4,1.981818181818182,0.0,📉 매도세 우위. ,0,0,,,56.7,44.8,67.3,🌤 중립,1.철강·금속(+18.4%) / 2.반도체(+15.7%) / 3.IT/전기전자(+13.8%) / 4.조선·기계·설비(+12.6%) / 5.기타(+11.3%),5,89,20260109,20260109,28.76,11.79,21.92,-6.84
025980,아난티,KOSDAQ,일반 및 생활 숙박시설 운영업,일반 및 생활 숙박시설 운영업,기타,7860,53.08,0.0,⚪ 관망,False,False,False,7860,7330,8910,9801.0,50.0,53.9,49.0,43.8,43.8,41.8,61.29999923706055,0.0,,,⚪ 관망,⑤ 하락 / 약세,2.75,-18.97,0.97,-25.61,-37.55,0,0.99,0.67,0.86,1.0,0.03,0.05,0.46,55.6,55.8,2.03,10.91,0,0,1.16,-5.98,2.48,-13.82,0.0,1,0,1.13,0.52,1,1,7190.5,7849,0.13,-0.1558,0.43,-2.21,False,X,▼,7895,▼,X,X,6.702016806722689,14.332689075630253,5.0,4,28.1,2.9,1.9811320754716981,0.0,📉 매도세 우위. ,0,0,,,56.7,44.8,67.3,🌤 중립,1.철강·금속(+18.4%) / 2.반도체(+15.7%) / 3.IT/전기전자(+13.8%) / 4.조선·기계·설비(+12.6%) / 5.기타(+11.3%),5,90,20260109,20260109,28.76,11.79,-13.82,-25.61
033240,자화전자,KOSPI,전자부품 제조업,전자부품 제조업,IT/전기전자,25650,103.46,0.0,🚫 과열/위험,False,False,False,25650,22000,32900,36190.0,49.9,21.4,57.0,47.8,47.8,47.1,78.4000015258789,0.0,,,🚫 과열/위험,③ 박스 / 중립,27.61,51.78,16.92,-3.02,8.55,0,0.99,1.0,0.01,1.0,0.17,0.09,0.46,61.3,70.9,5.45,30.16,0,0,3.64,-2.47,14.25,25.74,5.76,0,0,1.39,0.64,1,1,22440.0,26484,-3.15,-0.4144,0.68,-0.2,False,O,▲,27058,▲,X,X,6.871449275362319,18.37304347826087,3.0,4,34.4,16.8,1.9863013698630136,0.0,📉 매도세 우위. 💰 외국인/기관 수급 집중. ⚠️ 단기 급등 조정 주의.,0,0,,,56.7,44.8,67.3,🌤 중립,1.철강·금속(+18.4%) / 2.반도체(+15.7%) / 3.IT/전기전자(+13.8%) / 4.조선·기계·설비(+12.6%) / 5.기타(+11.3%),3,91,20260109,20260109,28.76,11.79,25.74,-3.02
314130,지놈앤컴퍼니,KOSDAQ,기초 의약물질 제조업,기초 의약물질 제조업,기타,7130,57.42,0.0,🚫 과열/위험,False,False,False,7130,5730,9930,10923.0,49.9,9.9,59.9,48.7,48.7,60.6,86.19999694824219,0.0,,,🚫 과열/위험,② 상승 후 조정,37.38,141.69,35.6,134.92,123.11,0,1.0,1.0,0.0,1.0,0.14,0.05,0.16,63.3,67.9,11.55,50.03,0,0,-1.79,-7.4,11.93,146.71,25.72,0,0,2.62,0.81,1,1,5144.0,7082,0.67,-0.3649,0.42,-1.09,False,O,▲,7321,▲,X,X,6.702016806722689,14.332689075630253,5.0,4,69.5,14.1,2.0,0.0,📉 매도세 우위. 💸 자금 유입 지속. ⚠️ 단기 급등 조정 주의.,0,0,,,56.7,44.8,67.3,🌤 중립,1.철강·금속(+18.4%) / 2.반도체(+15.7%) / 3.IT/전기전자(+13.8%) / 4.조선·기계·설비(+12.6%) / 5.기타(+11.3%),2,92,20260109,20260109,28.76,11.79,146.71,134.92
027360,아주IB투자,KOSDAQ,기타 금융업,기타 금융업,금융,3145,193.16,0.0,⚪ 관망,False,False,False,3145,2380,4670,5137.0,49.9,6.1,60.9,48.6,48.6,48.9,89.5,0.0,,,⚪ 관망,② 상승 후 조정,48.0,23.09,46.22,33.81,4.51,0,0.99,1.0,0.0,1.0,0.01,0.18,0.47,57.0,88.8,3.54,56.97,0,0,-4.26,-5.84,0.48,45.6,31.02,0,0,1.14,0.47,1,1,2557.0,3484,-9.75,-0.3327,0.18,0.44,False,O,▲,3395,▼,X,X,0.47818181818181804,-7.147272727272727,12.0,4,47.1,0.6,1.9934640522875817,0.0,📉 매도세 우위. 💰 외국인/기관 수급 집중. ,178,562655,178.0,56.3,56.7,44.8,67.3,🌤 중립,1.철강·금속(+18.4%) / 2.반도체(+15.7%) / 3.IT/전기전자(+13.8%) / 4.조선·기계·설비(+12.6%) / 5.기타(+11.3%),2,93,20260109,20260109,28.76,11.79,45.6,33.81
031980,피에스케이홀딩스,KOSDAQ,특수 목적용 기계 제조업,특수 목적용 기계 제조업,조선·기계·설비,49000,127.73,0.0,🚫 과열/위험,False,False,False,49000,44400,58200,64020.00000000001,49.8,19.8,57.3,56.0,56.0,57.8,60.400001525878906,0.0,,,🚫 과열/위험,⑤ 하락 / 약세,9.5,40.2,7.72,-13.3,21.62,0,1.0,0.94,0.38,1.0,0.07,0.12,0.51,66.6,65.0,6.44,30.8,0,0,-1.8,-2.58,5.6,-1.51,11.98,1,0,1.86,0.61,1,1,44905.0,50972,-3.87,-0.1768,1.24,-0.67,False,O,▲,51662,▲,X,X,3.470909090909091,18.752727272727274,4.0,5,66.3,6.6,2.0,0.0,📉 매도세 우위. 💸 자금 유입 지속. ⚠️ 단기 급등 조정 주의.,0,0,,,56.7,44.8,67.3,🌤 중립,1.철강·금속(+18.4%) / 2.반도체(+15.7%) / 3.IT/전기전자(+13.8%) / 4.조선·기계·설비(+12.6%) / 5.기타(+11.3%),5,94,20260109,20260109,28.76,11.79,-1.51,-13.3
00680K,미래에셋증권2우B,KOSPI,기타,기타,기타,11990,107.24,0.0,🚫 과열/위험,False,False,False,11990,10740,14480,15928.000000000002,49.8,16.4,58.2,44.9,44.9,58.0,89.0999984741211,0.0,,,🚫 과열/위험,③ 박스 / 중립,18.83,20.38,8.14,0.3,-22.85,0,0.99,1.0,0.23,1.0,0.02,0.1,0.38,74.1,80.2,8.7,32.2,0,0,-0.91,4.53,1.61,29.06,10.01,1,0,2.14,0.71,1,1,10339.0,12048,-0.48,-0.0429,0.49,0.9,False,O,▲,12290,▲,X,X,6.702016806722689,14.332689075630253,5.0,4,68.9,1.9,1.992,0.0,💰 외국인/기관 수급 집중. ⚠️ 단기 급등 조정 주의.,0,0,,,56.7,44.8,67.3,🌤 중립,1.철강·금속(+18.4%) / 2.반도체(+15.7%) / 3.IT/전기전자(+13.8%) / 4.조선·기계·설비(+12.6%) / 5.기타(+11.3%),3,95,20260109,20260109,28.76,11.79,29.06,0.3
005389,현대차3우B,KOSPI,기타,기타,자동차·모빌리티,228000,96.54,0.0,🚫 과열/위험,False,False,False,228000,215000,253500,278850.0,49.3,77.1,42.3,41.4,41.4,57.1,44.29999923706055,0.0,,,🚫 과열/위험,⑤ 하락 / 약세,10.68,41.09,-0.01,7.6,-2.14,0,0.98,0.56,0.98,1.0,0.52,0.09,0.45,75.5,76.8,10.53,16.09,0,0,5.07,10.41,13.15,36.36,0.97,0,1,1.28,0.95,1,1,202540.0,220095,3.59,0.2084,1.56,0.78,False,O,▲,216659,▲,O,X,9.321153846153846,11.11576923076923,6.0,4,41.7,52.2,1.9615384615384615,0.0,💰 외국인/기관 수급 집중. 🚀 단기 모멘텀 가속. ⚠️ 단기 급등 조정 주의.,0,0,,,56.7,44.8,67.3,🌤 중립,1.철강·금속(+18.4%) / 2.반도체(+15.7%) / 3.IT/전기전자(+13.8%) / 4.조선·기계·설비(+12.6%) / 5.기타(+11.3%),5,96,20260109,20260109,28.76,11.79,36.36,7.6
119850,지엔씨에너지,KOSDAQ,"전동기, 발전기 및 전기 변환 · 공급 · 제어 장치 제조업","전동기, 발전기 및 전기 변환 · 공급 · 제어 장치 제조업",인프라·에너지,32100,52.33,0.0,👀 트리거 대기,True,False,True,32100,29550,37150,40865.0,49.3,45.3,50.3,43.3,43.3,42.7,66.5,0.0,,⚡눌림회복,👀 트리거 대기,④ 바닥 반등 시도,-6.96,-10.83,-8.74,-17.1,-29.41,1,0.99,0.79,0.65,1.0,0.05,0.05,0.46,50.0,33.6,0.19,13.75,1,0,2.39,3.38,1.26,-5.31,0.0,0,0,2.37,0.4,1,1,30305.0,31935,0.51,0.022,0.67,0.08,False,X,▼,31697,▲,O,X,1.2333333333333334,-9.163333333333332,13.0,4,4.0,5.4,1.9803921568627452,0.0,🌪️ 에너지 응축 시작 (1일차). 📉 매도세 우위. 🚀 단기 모멘텀 가속. ✅ 20일선 눌림목 구간.,0,0,,,56.7,44.8,67.3,🌤 중립,1.철강·금속(+18.4%) / 2.반도체(+15.7%) / 3.IT/전기전자(+13.8%) / 4.조선·기계·설비(+12.6%) / 5.기타(+11.3%),4,97,20260109,20260109,28.76,11.79,-5.31,-17.1
425420,티에프이,KOSDAQ,전자부품 제조업,전자부품 제조업,IT/전기전자,38100,50.91,0.0,🚀 집중 공략,True,True,False,38100,34800,44650,49115.00000000001,49.3,25.0,55.4,50.8,50.8,53.3,66.0,0.0,,,🚀 집중 공략,④ 바닥 반등 시도,-2.43,27.0,-4.21,-25.2,8.42,0,0.99,0.86,0.51,1.0,0.21,0.05,0.54,55.9,66.1,1.67,20.15,0,0,-4.27,1.2,4.1,-13.41,6.44,1,0,1.62,0.56,1,-1,42145.0,39628,-3.86,0.0906,1.0,-0.24,False,X,▲,39496,▲,X,X,6.871449275362319,18.37304347826087,3.0,5,47.8,20.8,1.9848484848484849,0.0,📉 매도세 우위. 💸 자금 유입 지속. 🚀 단기 모멘텀 가속. ✅ 20일선 눌림목 구간.,0,0,,,56.7,44.8,67.3,🌤 중립,1.철강·금속(+18.4%) / 2.반도체(+15.7%) / 3.IT/전기전자(+13.8%) / 4.조선·기계·설비(+12.6%) / 5.기타(+11.3%),4,98,20260109,20260109,28.76,11.79,-13.41,-25.2
298830,슈어소프트테크,KOSDAQ,소프트웨어 개발 및 공급업,소프트웨어 개발 및 공급업,IT/전기전자,8800,383.46,0.0,🚫 과열/위험,False,False,False,8800,7290,11810,12991.000000000002,49.3,14.4,58.0,43.1,43.1,64.0,92.69999694824219,0.0,,,🚫 과열/위험,① 강한 상승 추세,35.8,62.06,34.02,79.1,43.48,0,0.99,1.0,0.0,1.0,0.39,0.35,0.34,67.4,77.5,14.2,42.11,0,0,-0.56,10.14,23.08,90.89,21.83,0,0,1.72,0.72,1,1,6833.0,8855,-0.63,0.0695,1.07,1.39,False,O,▲,8848,▲,X,X,6.871449275362319,18.37304347826087,3.0,4,65.3,39.5,1.9933774834437086,0.0,💰 외국인/기관 수급 집중. 🚀 단기 모멘텀 가속. ⚠️ 단기 급등 조정 주의.,0,0,,,56.7,44.8,67.3,🌤 중립,1.철강·금속(+18.4%) / 2.반도체(+15.7%) / 3.IT/전기전자(+13.8%) / 4.조선·기계·설비(+12.6%) / 5.기타(+11.3%),1,99,20260109,20260109,28.76,11.79,90.89,79.1
336260,두산퓨얼셀,KOSPI,"전동기, 발전기 및 전기 변환 · 공급 · 제어 장치 제조업","전동기, 발전기 및 전기 변환 · 공급 · 제어 장치 제조업",인프라·에너지,31100,144.48,0.0,🚀 집중 공략,True,True,False,31100,28500,36250,39875.0,49.2,84.0,40.5,27.2,27.2,45.2,71.5999984741211,0.0,,,🚀 집중 공략,④ 바닥 반등 시도,-1.58,34.05,-12.27,-28.6,-9.18,0,0.99,0.83,0.57,1.0,0.23,0.13,0.58,51.9,50.8,2.84,12.88,0,0,4.01,7.24,1.63,0.16,-3.12,0,0,3.67,0.74,1,-1,32070.0,30818,0.91,0.1189,1.1,0.06,False,X,▲,30196,▲,O,X,1.2333333333333334,-9.163333333333332,13.0,2,26.6,22.9,1.9807692307692308,0.0,📉 매도세 우위. 🚀 단기 모멘텀 가속. ,0,0,,,56.7,44.8,67.3,🌤 중립,1.철강·금속(+18.4%) / 2.반도체(+15.7%) / 3.IT/전기전자(+13.8%) / 4.조선·기계·설비(+12.6%) / 5.기타(+11.3%),4,100,20260109,20260109,28.76,11.79,0.16,-28.6
047040,대우건설,KOSPI,건물 건설업,건물 건설업,건설·부동산,3770,97.6,0.0,👀 트리거 대기,True,False,True,3770,3535,4235,4658.5,49.2,51.8,48.5,47.7,47.7,46.8,50.20000076293945,0.0,,⚡눌림회복,👀 트리거 대기,⑤ 하락 / 약세,3.43,-8.72,-7.26,-24.04,-51.95,5,0.99,0.62,0.93,1.0,0.0,0.09,0.59,53.5,58.2,0.54,6.94,1,1,3.43,0.8,-0.13,4.72,0.98,0,0,1.5,0.58,1,1,3514.0,3756,0.37,-0.1004,1.03,0.73,True,O,▼,3762,▼,O,X,5.8183333333333325,-7.065,9.0,4,17.0,0.0,1.9787234042553192,0.0,🌪️ 5일 연속 응축 중! 폭발 임박. 🧱 구조적 지지선(Swing Low) 근접. ✅ 20일선 눌림목 구간.,0,0,,,56.7,44.8,67.3,🌤 중립,1.철강·금속(+18.4%) / 2.반도체(+15.7%) / 3.IT/전기전자(+13.8%) / 4.조선·기계·설비(+12.6%) / 5.기타(+11.3%),5,101,20260109,20260109,28.76,11.79,4.72,-24.04
228760,지노믹트리,KOSDAQ,자연과학 및 공학 연구개발업,자연과학 및 공학 연구개발업,기타,28500,134.36,0.0,⚪ 관망,False,False,False,28500,24600,36250,39875.0,49.1,24.0,55.4,48.1,48.1,44.0,72.4000015258789,0.0,,⚡눌림회복,⚪ 관망,② 상승 후 조정,2.52,120.59,0.74,31.0,102.01,0,0.99,1.0,0.02,1.0,0.0,0.12,0.76,56.6,41.5,0.56,24.48,0,0,-0.87,-3.72,-1.04,42.79,2.19,0,0,1.02,0.41,1,1,25320.0,29552,-3.56,-0.1676,2.92,-0.85,False,O,▲,30253,▲,X,X,6.702016806722689,14.332689075630253,5.0,4,10.1,0.0,1.9871794871794872,0.0,📉 매도세 우위. ✅ 20일선 눌림목 구간.,0,0,,,56.7,44.8,67.3,🌤 중립,1.철강·금속(+18.4%) / 2.반도체(+15.7%) / 3.IT/전기전자(+13.8%) / 4.조선·기계·설비(+12.6%) / 5.기타(+11.3%),2,102,20260109,20260109,28.76,11.79,42.79,31.0
232140,와이씨,KOSDAQ,특수 목적용 기계 제조업,특수 목적용 기계 제조업,조선·기계·설비,15750,146.84,0.0,🚫 과열/위험,False,False,False,15750,14160,18930,20823.0,49.0,16.8,57.0,47.2,47.2,44.2,79.80000305175781,0.0,,,🚫 과열/위험,③ 박스 / 중립,5.7,59.09,3.92,-2.57,40.51,0,1.0,1.0,0.27,1.0,0.15,0.13,0.44,65.0,63.4,7.63,27.25,0,0,0.0,0.32,12.98,9.22,3.83,0,0,1.27,0.62,1,1,13875.0,16154,-2.5,-0.0557,0.99,0.2,False,O,▲,16200,▲,X,X,3.470909090909091,18.752727272727274,4.0,4,27.7,15.3,2.0,0.0,📉 매도세 우위. 💸 자금 유입 지속. ⚠️ 단기 급등 조정 주의.,0,0,,,56.7,44.8,67.3,🌤 중립,1.철강·금속(+18.4%) / 2.반도체(+15.7%) / 3.IT/전기전자(+13.8%) / 4.조선·기계·설비(+12.6%) / 5.기타(+11.3%),3,103,20260109,20260109,28.76,11.79,9.22,-2.57
028260,삼성물산,KOSPI,기타 전문 도매업,기타 전문 도매업,기타,268500,582.57,0.0,🚫 과열/위험,False,False,False,268500,250000,305500,336050.0,48.9,57.1,46.8,44.7,44.7,58.6,51.70000076293945,0.0,,,🚫 과열/위험,⑤ 하락 / 약세,6.55,46.16,-4.14,9.07,2.93,0,1.0,0.69,0.84,1.0,0.59,0.53,0.65,71.8,70.1,7.71,15.93,0,0,-0.74,9.59,11.64,37.83,-1.68,0,1,1.35,0.85,1,1,239450.0,261898,2.52,0.2557,1.2,2.23,False,O,▲,259551,▲,O,X,6.702016806722689,14.332689075630253,5.0,4,42.0,58.8,2.0,0.0,💪 매수세 장악(Power Buying). 💰 외국인/기관 수급 집중. 🚀 단기 모멘텀 가속. ⚠️ 단기 급등 조정 주의.,0,0,,,56.7,44.8,67.3,🌤 중립,1.철강·금속(+18.4%) / 2.반도체(+15.7%) / 3.IT/전기전자(+13.8%) / 4.조선·기계·설비(+12.6%) / 5.기타(+11.3%),5,104,20260109,20260109,28.76,11.79,37.83,9.07
049070,인탑스,KOSDAQ,통신 및 방송 장비 제조업,통신 및 방송 장비 제조업,IT/전기전자,18290,177.36,0.0,🚫 과열/위험,False,False,False,18290,16200,22500,24750.000000000004,48.8,21.6,55.6,43.9,43.9,39.6,82.9000015258789,0.0,,,🚫 과열/위험,② 상승 후 조정,15.98,10.45,14.2,5.08,-8.13,0,1.0,1.0,0.13,1.0,0.22,0.16,0.4,63.8,73.0,7.37,48.28,0,0,4.39,-10.78,18.31,16.87,0.93,0,0,1.45,0.53,1,1,17258.0,19016,-3.82,-0.6706,0.81,-1.75,False,O,▲,20034,▼,X,X,6.871449275362319,18.37304347826087,3.0,4,13.2,21.6,2.014354066985646,0.0,📉 매도세 우위. 💰 외국인/기관 수급 집중. ⚠️ 단기 급등 조정 주의.,0,0,,,56.7,44.8,67.3,🌤 중립,1.철강·금속(+18.4%) / 2.반도체(+15.7%) / 3.IT/전기전자(+13.8%) / 4.조선·기계·설비(+12.6%) / 5.기타(+11.3%),2,105,20260109,20260109,28.76,11.79,16.87,5.08
059120,아진엑스텍,KOSDAQ,반도체 제조업,반도체 제조업,반도체,9990,71.82,0.0,🚫 과열/위험,False,False,False,9990,8820,12330,13563.000000000002,48.8,13.0,57.7,51.4,51.4,51.8,72.5,0.0,,,🚫 과열/위험,② 상승 후 조정,7.77,54.88,5.99,9.15,36.3,1,1.0,1.0,0.11,1.0,0.12,0.07,0.51,64.1,74.6,5.93,26.34,0,0,1.32,5.38,10.26,20.94,8.7,1,0,1.51,0.48,1,1,8727.0,10602,-5.78,-0.0084,0.66,0.74,False,O,▲,10285,▲,X,X,10.309333333333335,19.353333333333335,2.0,5,48.5,12.1,2.0,0.0,💰 외국인/기관 수급 집중. ⚠️ 단기 급등 조정 주의.,0,0,,,56.7,44.8,67.3,🌤 중립,1.철강·금속(+18.4%) / 2.반도체(+15.7%) / 3.IT/전기전자(+13.8%) / 4.조선·기계·설비(+12.6%) / 5.기타(+11.3%),2,106,20260109,20260109,28.76,11.79,20.94,9.15
204320,HL만도,KOSPI,자동차 신품 부품 제조업,자동차 신품 부품 제조업,자동차·모빌리티,56900,687.14,0.0,⚪ 관망,False,False,False,56900,51800,67100,73810.0,48.8,6.6,59.3,48.5,48.5,37.7,84.4000015258789,0.0,,,⚪ 관망,② 상승 후 조정,4.02,59.83,-6.67,44.45,16.6,0,1.0,0.9,0.46,1.0,0.08,0.62,0.51,54.6,39.6,2.49,24.4,0,0,0.35,-13.0,6.55,73.21,4.75,0,0,1.03,0.37,1,1,50340.0,58919,-3.43,-0.3283,0.69,-2.21,False,O,▲,59784,▼,X,X,9.321153846153846,11.11576923076923,6.0,4,15.5,7.7,2.0,0.0,📉 매도세 우위. ,0,0,,,56.7,44.8,67.3,🌤 중립,1.철강·금속(+18.4%) / 2.반도체(+15.7%) / 3.IT/전기전자(+13.8%) / 4.조선·기계·설비(+12.6%) / 5.기타(+11.3%),2,107,20260109,20260109,28.76,11.79,73.21,44.45
067310,하나마이크론,KOSDAQ,반도체 제조업,반도체 제조업,반도체,27000,291.29,0.0,🚫 과열/위험,False,False,False,27000,23650,33700,37070.0,48.7,17.5,56.5,52.1,52.1,52.0,66.80000305175781,0.0,,,🚫 과열/위험,⑤ 하락 / 약세,8.43,144.79,6.65,-7.94,126.21,0,1.0,1.0,0.06,1.0,0.12,0.26,0.43,61.1,59.9,6.21,24.98,0,0,-1.82,1.31,10.2,3.85,5.04,1,0,1.01,0.62,1,1,22750.0,27787,-2.83,-0.046,0.69,-0.19,False,O,▲,27904,▲,X,X,10.309333333333335,19.353333333333335,2.0,5,48.9,12.0,2.0,0.0,📉 매도세 우위. ⚠️ 단기 급등 조정 주의.,0,0,,,56.7,44.8,67.3,🌤 중립,1.철강·금속(+18.4%) / 2.반도체(+15.7%) / 3.IT/전기전자(+13.8%) / 4.조선·기계·설비(+12.6%) / 5.기타(+11.3%),5,108,20260109,20260109,28.76,11.79,3.85,-7.94
082920,비츠로셀,KOSDAQ,일차전지 및 이차전지 제조업,일차전지 및 이차전지 제조업,2차전지,20200,113.08,0.0,🚫 과열/위험,False,False,False,20200,17600,25400,27940.000000000004,48.6,50.4,48.1,37.4,37.4,54.9,73.0,0.0,,,🚫 과열/위험,⑤ 하락 / 약세,3.96,44.76,2.18,30.15,26.18,0,1.0,1.0,0.05,1.0,0.67,0.1,0.62,49.7,60.9,7.8,21.66,0,0,4.61,22.28,6.32,41.94,-4.26,0,0,1.35,0.78,1,1,16409.0,19117,5.66,0.3686,1.2,1.77,False,O,▲,18560,▲,O,X,5.2444444444444445,-18.698888888888888,16.0,3,28.6,67.4,2.0,0.0,💪 매수세 장악(Power Buying). 💸 자금 유입 지속. 🚀 단기 모멘텀 가속. ⚠️ 단기 급등 조정 주의.,0,0,,,56.7,44.8,67.3,🌤 중립,1.철강·금속(+18.4%) / 2.반도체(+15.7%) / 3.IT/전기전자(+13.8%) / 4.조선·기계·설비(+12.6%) / 5.기타(+11.3%),5,109,20260109,20260109,28.76,11.79,41.94,30.15
376900,로킷헬스케어,KOSDAQ,의료용품 및 기타 의약 관련제품 제조업,의료용품 및 기타 의약 관련제품 제조업,기타,68100,592.75,0.0,⚪ 관망,False,False,False,68100,55300,93700,103070.00000000001,48.6,6.7,59.1,49.3,49.3,53.8,81.9000015258789,0.0,,,⚪ 관망,⑤ 하락 / 약세,-4.22,309.75,-6.0,134.5,291.17,0,1.0,1.0,0.0,1.0,0.76,0.54,0.56,46.1,51.2,-0.37,35.67,0,0,-5.02,9.49,13.5,146.29,0.0,1,0,1.36,0.39,0,-1,79930.0,68145,-0.07,0.5343,0.44,1.68,False,O,▲,63793,▲,O,X,6.702016806722689,14.332689075630253,5.0,4,21.6,75.9,2.0,0.0,💪 매수세 장악(Power Buying). 🚀 단기 모멘텀 가속. ✅ 20일선 눌림목 구간.,0,0,,,56.7,44.8,67.3,🌤 중립,1.철강·금속(+18.4%) / 2.반도체(+15.7%) / 3.IT/전기전자(+13.8%) / 4.조선·기계·설비(+12.6%) / 5.기타(+11.3%),5,110,20260109,20260109,28.76,11.79,146.29,134.5
032830,삼성생명,KOSPI,보험업,보험업,금융,159500,340.17,0.0,⚪ 관망,False,False,False,159500,149400,179700,197670.00000000003,48.4,50.2,48.0,49.9,49.9,45.6,43.70000076293945,0.0,,,⚪ 관망,⑤ 하락 / 약세,1.27,13.36,-9.42,-33.25,-29.87,0,1.0,0.63,0.92,1.0,0.0,0.31,0.55,58.0,52.0,0.95,11.37,0,0,0.19,2.05,-2.68,-4.49,0.53,1,1,1.08,0.48,1,1,150700.0,161075,-0.98,-0.0745,0.87,0.43,False,O,▲,162549,▼,X,X,0.47818181818181804,-7.147272727272727,12.0,4,39.0,0.0,2.0,0.0,📉 매도세 우위. ✅ 20일선 눌림목 구간.,0,0,,,56.7,44.8,67.3,🌤 중립,1.철강·금속(+18.4%) / 2.반도체(+15.7%) / 3.IT/전기전자(+13.8%) / 4.조선·기계·설비(+12.6%) / 5.기타(+11.3%),5,111,20260109,20260109,28.76,11.79,-4.49,-33.25
267270,HD현대건설기계,KOSPI,일반 목적용 기계 제조업,일반 목적용 기계 제조업,조선·기계·설비,110000,537.38,0.0,🚫 과열/위험,False,False,False,110000,98300,133400,146740.0,48.3,78.5,40.7,41.1,41.1,52.8,39.79999923706055,0.0,,,🚫 과열/위험,④ 바닥 반등 시도,13.4,47.06,2.71,-8.8,3.83,0,1.0,1.0,0.2,1.0,0.55,0.49,0.59,54.5,51.5,7.87,21.84,0,0,6.28,12.94,17.77,19.96,-0.75,0,0,1.3,0.8,1,1,90780.0,106787,3.01,0.1951,0.89,2.38,False,O,▲,104637,▲,O,X,3.470909090909091,18.752727272727274,4.0,4,29.3,55.3,2.0,0.0,💪 매수세 장악(Power Buying). 🚀 단기 모멘텀 가속. ⚠️ 단기 급등 조정 주의.,0,0,,,56.7,44.8,67.3,🌤 중립,1.철강·금속(+18.4%) / 2.반도체(+15.7%) / 3.IT/전기전자(+13.8%) / 4.조선·기계·설비(+12.6%) / 5.기타(+11.3%),4,112,20260109,20260109,28.76,11.79,19.96,-8.8
123690,한국화장품,KOSPI,생활용품 도매업,생활용품 도매업,기타,10480,71.08,0.0,⚪ 관망,False,False,False,10480,9120,13190,14509.000000000002,48.3,13.6,57.0,44.9,44.9,42.1,85.19999694824219,0.0,,,⚪ 관망,⑤ 하락 / 약세,5.54,-4.55,-5.15,-20.05,-47.78,0,0.99,1.0,0.04,1.0,0.09,0.06,0.53,57.0,86.1,3.5,31.43,0,0,-2.51,-14.1,7.82,8.71,2.06,1,0,2.21,0.34,1,1,10024.0,11418,-8.22,-0.3106,0.81,-0.41,False,O,▲,11217,▲,X,X,6.702016806722689,14.332689075630253,5.0,4,25.6,9.2,1.9926470588235294,0.0,📉 매도세 우위. 💰 외국인/기관 수급 집중. ,0,0,,,56.7,44.8,67.3,🌤 중립,1.철강·금속(+18.4%) / 2.반도체(+15.7%) / 3.IT/전기전자(+13.8%) / 4.조선·기계·설비(+12.6%) / 5.기타(+11.3%),5,113,20260109,20260109,28.76,11.79,8.71,-20.05
058610,에스피지,KOSDAQ,"전동기, 발전기 및 전기 변환 · 공급 · 제어 장치 제조업","전동기, 발전기 및 전기 변환 · 공급 · 제어 장치 제조업",인프라·에너지,79000,1009.39,0.0,⚪ 관망,False,False,False,79000,72100,92800,102080.00000000001,48.3,9.5,58.0,46.1,46.1,51.6,85.69999694824219,0.0,,⚡눌림회복,⚪ 관망,② 상승 후 조정,5.19,201.53,3.41,156.46,182.95,0,1.0,0.87,0.5,1.0,0.0,0.92,0.37,56.4,67.8,-1.21,29.96,0,0,3.95,-4.47,-8.35,168.25,9.04,0,0,2.45,0.43,0,1,60660.0,78424,0.73,-0.2253,0.56,-0.83,False,O,▲,79556,▼,X,X,1.2333333333333334,-9.163333333333332,13.0,4,28.9,0.0,2.0,0.0,📉 매도세 우위. 💸 자금 유입 지속. ✅ 20일선 눌림목 구간.,0,0,,,56.7,44.8,67.3,🌤 중립,1.철강·금속(+18.4%) / 2.반도체(+15.7%) / 3.IT/전기전자(+13.8%) / 4.조선·기계·설비(+12.6%) / 5.기타(+11.3%),2,114,20260109,20260109,28.76,11.79,168.25,156.46
200710,에이디테크놀로지,KOSDAQ,반도체 제조업,반도체 제조업,반도체,31400,108.72,0.0,⚪ 관망,False,False,False,31400,26950,40300,44330.0,48.2,16.0,56.2,48.1,48.1,47.6,75.19999694824219,0.0,,,⚪ 관망,② 상승 후 조정,6.98,42.4,5.2,10.39,23.82,0,1.0,1.0,0.01,1.0,0.14,0.1,0.47,59.3,71.0,4.09,39.98,0,0,-6.13,-5.85,11.55,22.18,4.79,1,0,2.62,0.46,1,1,29487.5,33015,-4.89,-0.2989,0.52,-0.74,False,O,▲,33991,▼,X,X,10.309333333333335,19.353333333333335,2.0,4,37.1,13.6,2.0,0.0,📉 매도세 우위. 💰 외국인/기관 수급 집중. ,0,0,,,56.7,44.8,67.3,🌤 중립,1.철강·금속(+18.4%) / 2.반도체(+15.7%) / 3.IT/전기전자(+13.8%) / 4.조선·기계·설비(+12.6%) / 5.기타(+11.3%),2,115,20260109,20260109,28.76,11.79,22.18,10.39
008830,대동기어,KOSDAQ,특수 목적용 기계 제조업,특수 목적용 기계 제조업,조선·기계·설비,17230,93.27,0.0,⚪ 관망,False,False,False,17230,15870,19940,21934.0,48.1,66.0,43.6,31.6,31.6,45.5,71.69999694824219,0.0,,,⚪ 관망,③ 박스 / 중립,4.05,0.17,2.27,0.9,-18.41,0,0.99,0.79,0.66,1.0,0.04,0.08,0.77,52.4,64.5,1.17,12.08,0,0,6.36,2.32,3.73,12.69,-0.92,1,1,1.7,0.46,1,1,15971.0,17066,0.96,-0.031,4.89,-1.06,False,O,▼,16789,▼,O,X,3.470909090909091,18.752727272727274,4.0,3,36.6,4.4,1.9926470588235294,0.0,📉 매도세 우위. 💸 자금 유입 지속. ✅ 20일선 눌림목 구간.,0,0,,,56.7,44.8,67.3,🌤 중립,1.철강·금속(+18.4%) / 2.반도체(+15.7%) / 3.IT/전기전자(+13.8%) / 4.조선·기계·설비(+12.6%) / 5.기타(+11.3%),3,116,20260109,20260109,28.76,11.79,12.69,0.9
089030,테크윙,KOSDAQ,특수 목적용 기계 제조업,특수 목적용 기계 제조업,조선·기계·설비,48000,254.78,0.0,⚪ 관망,False,False,False,48000,43050,57900,63690.00000000001,47.9,19.8,54.9,52.6,52.6,49.5,60.400001525878906,0.0,,,⚪ 관망,⑤ 하락 / 약세,5.73,65.52,3.95,-27.13,46.94,0,1.0,1.0,0.24,1.0,0.11,0.23,0.54,63.4,69.6,4.93,33.25,0,0,-3.61,-5.7,9.09,-15.34,6.96,1,0,1.17,0.47,1,1,45570.0,51630,-7.03,-0.2581,1.08,-1.19,False,X,▲,51952,▲,X,X,3.470909090909091,18.752727272727274,4.0,5,43.4,10.7,2.0,0.0,📉 매도세 우위. 💸 자금 유입 지속. ,0,0,,,56.7,44.8,67.3,🌤 중립,1.철강·금속(+18.4%) / 2.반도체(+15.7%) / 3.IT/전기전자(+13.8%) / 4.조선·기계·설비(+12.6%) / 5.기타(+11.3%),5,117,20260109,20260109,28.76,11.79,-15.34,-27.13
200470,에이팩트,KOSDAQ,반도체 제조업,반도체 제조업,반도체,7290,164.36,0.0,🚫 과열/위험,False,False,False,7290,6260,9350,10285.0,47.9,19.0,55.1,49.2,49.2,65.2,68.9000015258789,0.0,,,🚫 과열/위험,② 상승 후 조정,20.7,223.28,18.92,49.14,204.7,0,1.0,1.0,0.02,1.0,0.2,0.15,0.22,70.2,73.9,12.67,54.05,0,0,-5.94,3.55,16.83,60.93,20.78,1,0,1.61,0.65,1,1,6290.0,7603,-4.12,-0.0009,0.85,0.25,False,O,▲,7845,▲,X,X,10.309333333333335,19.353333333333335,2.0,4,78.1,19.8,2.0,0.0,📉 매도세 우위. 💰 외국인/기관 수급 집중. ⚠️ 단기 급등 조정 주의.,0,0,,,56.7,44.8,67.3,🌤 중립,1.철강·금속(+18.4%) / 2.반도체(+15.7%) / 3.IT/전기전자(+13.8%) / 4.조선·기계·설비(+12.6%) / 5.기타(+11.3%),2,118,20260109,20260109,28.76,11.79,60.93,49.14
003530,한화투자증권,KOSPI,금융 지원 서비스업,금융 지원 서비스업,서비스 기타,4720,125.57,0.0,⚪ 관망,False,False,False,4720,4510,5140,5654.000000000001,47.6,54.6,45.8,41.5,41.5,56.7,55.900001525878906,0.0,,⚡눌림회복,⚪ 관망,⑤ 하락 / 약세,0.64,-34.26,-10.05,-42.94,-77.49,0,1.0,0.44,0.98,1.0,0.0,0.11,0.5,53.6,65.8,-0.45,9.13,0,1,0.32,-1.67,-2.98,-14.18,2.33,1,1,1.32,0.44,0,1,4398.5,4848,-2.65,-0.0886,1.2,-0.18,True,X,▼,4827,▼,X,X,0.525,-8.831,14.0,4,41.7,0.0,2.0,0.0,🔇 변동성 축소 (BW 9.1%). 🧱 구조적 지지선(Swing Low) 근접. 📉 매도세 우위. 💸 자금 유입 지속. ✅ 20일선 눌림목 구간.,0,0,,,56.7,44.8,67.3,🌤 중립,1.철강·금속(+18.4%) / 2.반도체(+15.7%) / 3.IT/전기전자(+13.8%) / 4.조선·기계·설비(+12.6%) / 5.기타(+11.3%),5,119,20260109,20260109,28.76,11.79,-14.18,-42.94
329180,HD현대중공업,KOSPI,선박 및 보트 건조업,선박 및 보트 건조업,조선·기계·설비,609000,2625.84,0.0,🚫 과열/위험,False,False,False,609000,563000,700000,770000.0000000001,47.4,81.6,38.9,34.9,34.9,54.9,48.099998474121094,0.0,,,🚫 과열/위험,④ 바닥 반등 시도,5.55,57.36,-5.14,-5.98,14.13,0,0.99,0.75,0.72,1.0,0.77,1.0,0.44,71.0,73.9,13.33,22.19,0,0,4.64,20.83,14.26,22.78,-0.5,0,0,1.08,1.0,1,1,520950.0,558320,9.08,0.4615,1.22,3.58,False,O,▲,546736,▲,O,X,3.470909090909091,18.752727272727274,4.0,3,24.0,76.8,1.9782608695652173,0.0,💪 매수세 장악(Power Buying). 💰 외국인/기관 수급 집중. 🚀 단기 모멘텀 가속. ⚠️ 단기 급등 조정 주의.,0,0,,,56.7,44.8,67.3,🌤 중립,1.철강·금속(+18.4%) / 2.반도체(+15.7%) / 3.IT/전기전자(+13.8%) / 4.조선·기계·설비(+12.6%) / 5.기타(+11.3%),4,120,20260109,20260109,28.76,11.79,22.78,-5.98
025820,이구산업,KOSPI,1차 비철금속 제조업,1차 비철금속 제조업,철강·금속,5680,56.28,0.0,⚪ 관망,False,False,False,5680,5190,6660,7326.000000000001,47.4,14.1,55.7,45.2,45.2,43.0,80.0999984741211,0.0,,,⚪ 관망,⑤ 하락 / 약세,13.6,8.81,2.91,-16.51,-34.42,0,1.0,0.86,0.52,1.0,0.08,0.05,0.45,59.5,81.4,4.45,25.98,0,0,2.53,0.89,6.97,12.25,6.96,0,0,1.9,0.52,1,1,4940.5,5918,-4.03,-0.2755,0.41,-0.69,False,O,▲,5945,▼,X,X,10.6625,23.484166666666667,1.0,4,28.4,8.2,2.0,0.0,📉 매도세 우위. 💰 외국인/기관 수급 집중. ,0,0,,,56.7,44.8,67.3,🌤 중립,1.철강·금속(+18.4%) / 2.반도체(+15.7%) / 3.IT/전기전자(+13.8%) / 4.조선·기계·설비(+12.6%) / 5.기타(+11.3%),5,121,20260109,20260109,28.76,11.79,12.25,-16.51
012510,더존비즈온,KOSPI,"컴퓨터 프로그래밍, 시스템 통합 및 관리업","컴퓨터 프로그래밍, 시스템 통합 및 관리업",IT/전기전자,91700,85.44,0.0,🚀 집중 공략,True,True,False,91700,85200,104600,115060.00000000001,46.8,57.0,44.3,52.3,52.3,47.5,25.5,0.0,,,🚀 집중 공략,④ 바닥 반등 시도,-1.82,13.77,-12.51,-25.73,-29.46,0,0.99,0.7,0.8,1.0,0.22,0.08,0.66,67.6,63.1,4.41,17.68,0,0,-1.5,1.89,8.65,3.03,1.24,0,0,1.39,0.81,1,1,83140.0,92427,-0.79,0.0674,0.98,1.26,False,O,▲,92407,▲,X,X,6.871449275362319,18.37304347826087,3.0,5,32.8,22.1,1.9846153846153847,0.0,💸 자금 유입 지속. 🚀 단기 모멘텀 가속. ,0,0,,,56.7,44.8,67.3,🌤 중립,1.철강·금속(+18.4%) / 2.반도체(+15.7%) / 3.IT/전기전자(+13.8%) / 4.조선·기계·설비(+12.6%) / 5.기타(+11.3%),4,122,20260109,20260109,28.76,11.79,3.03,-25.73
456070,이엔셀,KOSDAQ,기초 의약물질 제조업,기초 의약물질 제조업,기타,16700,56.59,0.0,⚪ 관망,False,False,False,16700,15590,18920,20812.0,46.7,38.0,48.9,38.4,38.4,45.8,73.5,0.0,,,⚪ 관망,② 상승 후 조정,10.16,35.77,8.38,34.83,17.19,0,1.0,0.66,0.87,1.0,0.0,0.05,0.6,52.3,71.0,-2.11,34.34,0,0,2.02,-4.57,-9.78,46.62,13.64,0,0,1.2,0.39,0,1,13910.0,17091,-2.29,-0.3446,2.33,-2.05,True,O,▲,16873,▼,X,X,6.702016806722689,14.332689075630253,5.0,3,39.4,0.0,2.0,0.0,🧱 구조적 지지선(Swing Low) 근접. 📉 매도세 우위. 💰 외국인/기관 수급 집중. ,0,0,,,56.7,44.8,67.3,🌤 중립,1.철강·금속(+18.4%) / 2.반도체(+15.7%) / 3.IT/전기전자(+13.8%) / 4.조선·기계·설비(+12.6%) / 5.기타(+11.3%),2,123,20260109,20260109,28.76,11.79,46.62,34.83
077970,STX엔진,KOSPI,일반 목적용 기계 제조업,일반 목적용 기계 제조업,조선·기계·설비,38800,291.92,0.0,🚫 과열/위험,False,False,False,38800,34800,46750,51425.00000000001,46.6,66.0,41.8,39.3,39.3,51.2,47.79999923706055,0.0,,,🚫 과열/위험,④ 바닥 반등 시도,2.92,90.66,-7.77,-23.61,47.43,0,0.99,1.0,0.24,1.0,0.52,0.26,0.89,54.6,53.4,7.06,23.08,0,0,12.46,15.99,-0.77,5.15,-9.72,0,0,1.14,0.75,1,-1,39182.5,35443,9.47,0.2941,2.63,2.58,False,O,▲,33328,▲,O,X,3.470909090909091,18.752727272727274,4.0,3,27.1,51.8,1.9875,0.0,💪 매수세 장악(Power Buying). 🚀 단기 모멘텀 가속. ⚠️ 단기 급등 조정 주의.,0,0,,,56.7,44.8,67.3,🌤 중립,1.철강·금속(+18.4%) / 2.반도체(+15.7%) / 3.IT/전기전자(+13.8%) / 4.조선·기계·설비(+12.6%) / 5.기타(+11.3%),4,124,20260109,20260109,28.76,11.79,5.15,-23.61
005850,에스엘,KOSPI,자동차 신품 부품 제조업,자동차 신품 부품 제조업,자동차·모빌리티,46050,155.54,0.0,🚫 과열/위험,False,False,False,46050,42300,53600,58960.00000000001,46.6,51.6,45.3,38.2,38.2,51.7,61.79999923706055,0.0,,,🚫 과열/위험,⑤ 하락 / 약세,4.42,40.4,-6.27,7.68,-2.83,3,1.0,0.82,0.61,1.0,0.54,0.14,0.66,59.8,57.6,6.59,9.5,1,1,5.38,10.17,8.35,36.44,-0.6,0,0,1.24,0.95,1,1,40280.0,43647,5.51,0.252,1.47,1.19,False,O,▲,43077,▲,O,X,9.321153846153846,11.11576923076923,6.0,3,27.1,54.3,2.013333333333333,0.0,🌪️ 에너지 응축 시작 (3일차). 🚀 단기 모멘텀 가속. ⚠️ 단기 급등 조정 주의.,0,0,,,56.7,44.8,67.3,🌤 중립,1.철강·금속(+18.4%) / 2.반도체(+15.7%) / 3.IT/전기전자(+13.8%) / 4.조선·기계·설비(+12.6%) / 5.기타(+11.3%),5,125,20260109,20260109,28.76,11.79,36.44,7.68
066430,아이로보틱스,KOSDAQ,기타 전문 도매업,기타 전문 도매업,기타,1827,122.67,0.0,🚫 과열/위험,False,False,False,1827,1498,2485,2733.5,46.6,16.3,54.2,37.6,37.6,63.9,93.0999984741211,0.0,,,🚫 과열/위험,② 상승 후 조정,52.63,40.54,50.85,29.07,21.96,0,1.0,1.0,0.0,1.0,0.32,0.11,0.16,72.0,72.2,13.93,46.21,0,0,3.28,4.7,27.41,40.86,21.97,0,0,2.23,0.78,1,1,1352.4,1820,0.35,-0.324,0.11,1.01,False,O,▲,1890,▲,X,X,6.702016806722689,14.332689075630253,5.0,3,68.6,32.3,2.0,0.0,💰 외국인/기관 수급 집중. ⚠️ 단기 급등 조정 주의.,0,0,,,56.7,44.8,67.3,🌤 중립,1.철강·금속(+18.4%) / 2.반도체(+15.7%) / 3.IT/전기전자(+13.8%) / 4.조선·기계·설비(+12.6%) / 5.기타(+11.3%),2,126,20260109,20260109,28.76,11.79,40.86,29.07
457550,우진엔텍,KOSDAQ,"그외 기타 전문, 과학 및 기술 서비스업","그외 기타 전문, 과학 및 기술 서비스업",서비스 기타,21650,73.43,0.0,🚀 집중 공략,True,True,False,21650,20000,24900,27390.000000000004,46.5,86.0,36.6,22.0,22.0,37.3,70.5999984741211,0.0,,,🚀 집중 공략,④ 바닥 반등 시도,-0.69,-18.46,-2.47,-17.25,-37.04,0,0.98,0.75,0.71,1.0,0.16,0.07,0.64,54.1,49.9,1.81,12.32,0,0,4.59,5.1,2.85,-5.46,-1.95,0,0,1.39,0.52,1,-1,22367.5,21278,1.75,0.074,1.24,0.6,False,X,▼,20931,▲,O,X,0.525,-8.831,14.0,2,10.1,16.4,1.9696969696969697,0.0,📉 매도세 우위. 🚀 단기 모멘텀 가속. ✅ 20일선 눌림목 구간.,0,0,,,56.7,44.8,67.3,🌤 중립,1.철강·금속(+18.4%) / 2.반도체(+15.7%) / 3.IT/전기전자(+13.8%) / 4.조선·기계·설비(+12.6%) / 5.기타(+11.3%),4,127,20260109,20260109,28.76,11.79,-5.46,-17.25
004170,신세계,KOSPI,종합 소매업,종합 소매업,유통·소비재,260500,252.67,0.0,🚀 집중 공략,True,True,False,260500,235000,311500,342650.0,46.5,47.3,46.3,40.8,40.8,53.2,59.0,0.0,,,🚀 집중 공략,⑤ 하락 / 약세,3.99,31.7,-6.7,19.25,-11.53,0,1.0,0.98,0.32,1.0,0.62,0.23,0.67,47.3,45.5,3.32,14.0,0,0,1.76,12.77,3.78,48.01,-7.36,0,0,1.29,0.75,1,1,223900.0,252131,3.32,0.3241,0.89,1.34,False,O,▲,246158,▲,O,X,-2.1766666666666667,-3.841333333333334,10.0,4,27.1,61.6,2.0,0.0,🚀 단기 모멘텀 가속. ,0,0,,,56.7,44.8,67.3,🌤 중립,1.철강·금속(+18.4%) / 2.반도체(+15.7%) / 3.IT/전기전자(+13.8%) / 4.조선·기계·설비(+12.6%) / 5.기타(+11.3%),5,128,20260109,20260109,28.76,11.79,48.01,19.25
006730,서부T&D,KOSDAQ,일반 및 생활 숙박시설 운영업,일반 및 생활 숙박시설 운영업,기타,12730,72.61,0.0,⚪ 관망,False,False,False,12730,11550,15090,16599.0,46.1,22.4,52.0,43.1,43.1,42.7,72.69999694824219,0.0,,⚡눌림회복,⚪ 관망,② 상승 후 조정,9.36,27.56,7.58,35.38,8.98,0,1.0,0.93,0.4,1.0,0.0,0.07,0.43,51.7,55.4,0.26,16.19,0,0,4.26,-0.47,-1.24,47.17,2.08,0,0,1.17,0.28,1,1,11266.0,12313,3.38,-0.0815,0.56,-0.17,False,O,▲,12416,▼,O,X,6.702016806722689,14.332689075630253,5.0,4,6.6,0.0,2.0,0.0,📉 매도세 우위. ✅ 20일선 눌림목 구간.,0,0,,,56.7,44.8,67.3,🌤 중립,1.철강·금속(+18.4%) / 2.반도체(+15.7%) / 3.IT/전기전자(+13.8%) / 4.조선·기계·설비(+12.6%) / 5.기타(+11.3%),2,129,20260109,20260109,28.76,11.79,47.17,35.38
042370,비츠로테크,KOSDAQ,기타 금융업,기타 금융업,금융,10620,408.0,0.0,🚫 과열/위험,False,False,False,9620,8500,11850,13035.000000000002,45.8,100.0,32.3,15.1,15.1,21.8,72.4000015258789,0.0,,,🚫 과열/위험,⑤ 하락 / 약세,24.79,18.66,23.01,10.28,0.08,0,0.99,1.0,0.11,0.0,0.46,0.37,0.61,72.5,81.9,15.94,21.43,0,0,16.58,16.45,20.96,22.07,0.82,0,0,1.99,0.9,1,1,8376.5,9970,6.51,0.1215,5.29,3.17,False,O,▲,9380,▲,O,X,0.47818181818181804,-7.147272727272727,12.0,1,31.4,46.1,0.5801886792452831,10.395010395010395,💪 매수세 장악(Power Buying). 💰 외국인/기관 수급 집중. 🚀 단기 모멘텀 가속. ⚠️ 단기 급등 조정 주의.,0,0,,,56.7,44.8,67.3,🌤 중립,1.철강·금속(+18.4%) / 2.반도체(+15.7%) / 3.IT/전기전자(+13.8%) / 4.조선·기계·설비(+12.6%) / 5.기타(+11.3%),5,130,20260109,20260109,28.76,11.79,22.07,10.28
028300,HLB,KOSDAQ,의료용품 및 기타 의약 관련제품 제조업,의료용품 및 기타 의약 관련제품 제조업,바이오·의약품,50600,529.62,0.0,⚪ 관망,False,False,False,50600,47100,57600,63360.00000000001,45.8,18.1,52.7,51.2,51.2,43.8,56.20000076293945,0.0,,,⚪ 관망,② 상승 후 조정,2.53,-2.32,0.75,21.19,-20.9,0,1.0,0.69,0.83,1.0,0.1,0.48,0.53,64.7,67.7,3.25,24.54,0,0,-0.78,-4.35,8.58,32.98,1.21,1,0,1.18,0.49,1,1,48405.0,53024,-4.57,-0.1683,0.82,-0.54,False,O,▲,53778,▲,X,X,3.02625,-0.5881250000000001,7.0,5,29.4,10.1,2.0,0.0,📉 매도세 우위. 💸 자금 유입 지속. ,0,0,,,56.7,44.8,67.3,🌤 중립,1.철강·금속(+18.4%) / 2.반도체(+15.7%) / 3.IT/전기전자(+13.8%) / 4.조선·기계·설비(+12.6%) / 5.기타(+11.3%),2,131,20260109,20260109,28.76,11.79,32.98,21.19
122870,와이지엔터테인먼트,KOSDAQ,오디오물 출판 및 원판 녹음업,오디오물 출판 및 원판 녹음업,미디어·콘텐츠,67200,147.88,0.0,⚪ 관망,False,False,False,67200,61400,78800,86680.0,45.6,55.8,43.1,47.6,47.6,44.2,32.5,0.0,,,⚪ 관망,⑤ 하락 / 약세,8.74,-22.58,6.96,-44.32,-41.16,0,1.0,0.86,0.52,1.0,0.02,0.13,0.53,55.5,58.4,3.38,14.27,0,0,-1.47,-4.55,1.51,-32.53,1.96,1,0,1.03,0.54,1,1,62585.0,66352,1.28,-0.1428,0.86,-1.36,False,X,▼,67293,▲,X,X,-3.63875,-0.5137499999999995,8.0,4,34.6,1.8,2.0,0.0,📉 매도세 우위. ,0,0,,,56.7,44.8,67.3,🌤 중립,1.철강·금속(+18.4%) / 2.반도체(+15.7%) / 3.IT/전기전자(+13.8%) / 4.조선·기계·설비(+12.6%) / 5.기타(+11.3%),5,132,20260109,20260109,28.76,11.79,-32.53,-44.32
267260,HD현대일렉트릭,KOSPI,"전동기, 발전기 및 전기 변환 · 공급 · 제어 장치 제조업","전동기, 발전기 및 전기 변환 · 공급 · 제어 장치 제조업",인프라·에너지,848000,1672.47,0.0,🚀 집중 공략,True,True,False,848000,776000,991000,1090100.0,45.5,52.1,43.8,41.2,41.2,45.7,49.900001525878906,0.0,,,🚀 집중 공략,③ 박스 / 중립,0.0,88.24,-10.69,2.1,45.01,0,0.99,0.84,0.54,1.0,0.27,1.0,0.68,54.0,39.5,3.47,15.29,0,0,-1.62,3.54,6.8,30.86,-4.31,0,0,1.49,0.73,1,1,739800.0,834418,1.63,0.1065,1.02,1.25,False,O,▲,831184,▲,O,X,1.2333333333333334,-9.163333333333332,13.0,4,26.0,26.8,1.9861111111111112,0.0,🚀 단기 모멘텀 가속. ,0,0,,,56.7,44.8,67.3,🌤 중립,1.철강·금속(+18.4%) / 2.반도체(+15.7%) / 3.IT/전기전자(+13.8%) / 4.조선·기계·설비(+12.6%) / 5.기타(+11.3%),3,133,20260109,20260109,28.76,11.79,30.86,2.1
118990,모트렉스,KOSDAQ,자동차 신품 부품 제조업,자동차 신품 부품 제조업,자동차·모빌리티,9820,63.05,0.0,🚫 과열/위험,False,False,False,9820,8620,12210,13431.000000000002,45.5,11.6,54.0,46.1,46.1,42.5,72.4000015258789,0.0,,,🚫 과열/위험,⑤ 하락 / 약세,13.53,7.44,11.75,6.81,-11.14,0,0.99,1.0,0.07,1.0,0.25,0.06,0.51,59.7,77.2,7.07,28.78,0,0,-1.9,4.47,12.87,18.6,4.89,0,0,2.55,0.45,1,1,8591.0,10308,-4.74,0.0536,0.78,0.98,False,O,▲,10083,▲,X,X,9.321153846153846,11.11576923076923,6.0,4,18.9,24.6,1.9916666666666667,0.0,💰 외국인/기관 수급 집중. 🚀 단기 모멘텀 가속. ⚠️ 단기 급등 조정 주의.,0,0,,,56.7,44.8,67.3,🌤 중립,1.철강·금속(+18.4%) / 2.반도체(+15.7%) / 3.IT/전기전자(+13.8%) / 4.조선·기계·설비(+12.6%) / 5.기타(+11.3%),5,134,20260109,20260109,28.76,11.79,18.6,6.81
033100,제룡전기,KOSDAQ,"전동기, 발전기 및 전기 변환 · 공급 · 제어 장치 제조업","전동기, 발전기 및 전기 변환 · 공급 · 제어 장치 제조업",인프라·에너지,36950,94.44,0.0,👀 트리거 대기,True,False,True,36950,34100,42650,46915.00000000001,45.3,58.9,41.9,47.8,47.8,49.1,28.100000381469727,0.0,,⚡눌림회복,👀 트리거 대기,③ 박스 / 중립,3.94,-4.4,2.16,-4.22,-22.98,5,1.0,0.77,0.69,1.0,0.0,0.09,0.48,47.6,45.5,0.72,8.65,1,1,1.23,0.27,0.0,7.57,0.14,1,0,1.52,0.41,1,1,33890.0,36983,-0.09,-0.0327,0.59,0.23,False,O,▲,36792,▲,O,X,1.2333333333333334,-9.163333333333332,13.0,4,22.7,0.0,2.0,0.0,🌪️ 5일 연속 응축 중! 폭발 임박. 📉 매도세 우위. ✅ 20일선 눌림목 구간.,0,0,,,56.7,44.8,67.3,🌤 중립,1.철강·금속(+18.4%) / 2.반도체(+15.7%) / 3.IT/전기전자(+13.8%) / 4.조선·기계·설비(+12.6%) / 5.기타(+11.3%),3,135,20260109,20260109,28.76,11.79,7.57,-4.22
000990,DB하이텍,KOSPI,반도체 제조업,반도체 제조업,반도체,71900,210.88,0.0,⚪ 관망,False,False,False,71900,66200,83300,91630.00000000001,45.2,19.8,51.5,51.7,51.7,50.6,51.0,0.0,,,⚪ 관망,③ 박스 / 중립,10.79,53.63,0.1,1.26,10.4,0,1.0,0.79,0.65,1.0,0.04,0.19,0.5,65.2,55.0,4.51,20.83,0,0,0.28,-2.44,3.6,30.02,3.95,1,0,2.21,0.66,1,1,66390.0,73734,-2.49,-0.1267,0.73,-0.43,False,O,▲,74259,▲,X,X,10.309333333333335,19.353333333333335,2.0,5,49.3,4.2,2.0,0.0,📉 매도세 우위. ,0,0,,,56.7,44.8,67.3,🌤 중립,1.철강·금속(+18.4%) / 2.반도체(+15.7%) / 3.IT/전기전자(+13.8%) / 4.조선·기계·설비(+12.6%) / 5.기타(+11.3%),3,136,20260109,20260109,28.76,11.79,30.02,1.26
103590,일진전기,KOSPI,절연선 및 케이블 제조업,절연선 및 케이블 제조업,기타,60300,269.9,0.0,🚫 과열/위험,False,False,False,60300,54000,72900,80190.0,45.2,17.0,52.2,53.4,53.4,50.3,49.29999923706055,0.0,,,🚫 과열/위험,① 강한 상승 추세,11.87,59.52,1.18,20.5,16.29,0,1.0,1.0,0.23,1.0,0.29,0.24,0.46,60.7,67.9,5.45,23.63,0,0,-2.58,3.79,10.04,49.26,0.0,1,0,2.57,0.63,1,1,54380.0,61851,-2.51,0.0959,0.47,0.34,False,O,▲,61431,▲,X,X,6.702016806722689,14.332689075630253,5.0,5,36.5,28.7,2.0,0.0,📉 매도세 우위. 💸 자금 유입 지속. 🚀 단기 모멘텀 가속. ⚠️ 단기 급등 조정 주의.,0,0,,,56.7,44.8,67.3,🌤 중립,1.철강·금속(+18.4%) / 2.반도체(+15.7%) / 3.IT/전기전자(+13.8%) / 4.조선·기계·설비(+12.6%) / 5.기타(+11.3%),1,137,20260109,20260109,28.76,11.79,49.26,20.5
006260,LS,KOSPI,기타 금융업,기타 금융업,금융,203000,370.29,0.0,⚪ 관망,False,False,False,203000,182500,244000,268400.0,45.0,15.6,52.3,53.0,53.0,50.0,50.79999923706055,0.0,,,⚪ 관망,⑤ 하락 / 약세,7.46,9.49,-3.23,-13.35,-33.74,0,1.0,1.0,0.27,1.0,0.11,0.34,0.47,59.3,62.6,3.83,21.56,0,0,1.0,-2.64,9.14,15.41,3.69,1,0,1.6,0.61,1,1,180290.0,208419,-2.6,-0.2301,0.46,-0.62,False,O,▲,211921,▲,X,X,0.47818181818181804,-7.147272727272727,12.0,5,44.6,10.8,2.0,0.0,📉 매도세 우위. 💸 자금 유입 지속. ,0,0,,,56.7,44.8,67.3,🌤 중립,1.철강·금속(+18.4%) / 2.반도체(+15.7%) / 3.IT/전기전자(+13.8%) / 4.조선·기계·설비(+12.6%) / 5.기타(+11.3%),5,138,20260109,20260109,28.76,11.79,15.41,-13.35
124500,아이티센글로벌,KOSDAQ,"컴퓨터 프로그래밍, 시스템 통합 및 관리업","컴퓨터 프로그래밍, 시스템 통합 및 관리업",IT/전기전자,33050,179.09,0.0,🚫 과열/위험,False,False,False,33050,27400,44300,48730.00000000001,44.9,33.0,47.9,30.9,30.9,65.8,87.5999984741211,0.0,,,🚫 과열/위험,② 상승 후 조정,50.23,66.75,48.45,41.93,48.17,0,0.99,1.0,0.0,1.0,0.08,0.16,0.2,73.0,81.0,14.49,57.28,0,0,3.44,5.93,6.44,53.72,34.58,1,0,2.28,0.76,1,1,26975.0,32575,1.46,-0.2299,0.34,1.2,False,O,▲,34103,▼,X,X,6.871449275362319,18.37304347826087,3.0,3,85.7,7.6,1.991150442477876,0.0,💰 외국인/기관 수급 집중. ⚠️ 단기 급등 조정 주의.,0,0,,,56.7,44.8,67.3,🌤 중립,1.철강·금속(+18.4%) / 2.반도체(+15.7%) / 3.IT/전기전자(+13.8%) / 4.조선·기계·설비(+12.6%) / 5.기타(+11.3%),2,139,20260109,20260109,28.76,11.79,53.72,41.93
012860,모베이스전자,KOSDAQ,자동차 신품 부품 제조업,자동차 신품 부품 제조업,자동차·모빌리티,2540,1413.24,0.0,🚫 과열/위험,False,False,False,1549,1376,1897,2086.7000000000003,44.7,100.0,30.9,3.0,3.0,33.6,96.0,0.0,,,🚫 과열/위험,⑤ 하락 / 약세,85.13,69.22,83.35,83.59,50.64,1,1.0,1.0,0.15,0.0,1.0,1.0,0.6,98.0,99.8,72.12,76.72,0,0,29.79,78.87,84.06,95.38,3.81,0,0,24.81,1.0,1,1,1904.9,2096,21.14,0.8468,10.08,4.35,False,O,▲,1664,▲,O,X,9.321153846153846,11.11576923076923,6.0,0,34.0,100.0,-0.552405498281787,63.97675919948354,💪 매수세 장악(Power Buying). 💰 외국인/기관 수급 집중. 🚀 단기 모멘텀 가속. ⚠️ 단기 급등 조정 주의.,0,0,,,56.7,44.8,67.3,🌤 중립,1.철강·금속(+18.4%) / 2.반도체(+15.7%) / 3.IT/전기전자(+13.8%) / 4.조선·기계·설비(+12.6%) / 5.기타(+11.3%),5,140,20260109,20260109,28.76,11.79,95.38,83.59
317240,TS트릴리온,KOSDAQ,기타 화학제품 제조업,기타 화학제품 제조업,화학·소재,371,285.78,0.0,🚫 과열/위험,False,False,False,309,242,443,487.3,44.6,100.0,30.8,3.0,3.0,46.7,95.5999984741211,0.0,,,🚫 과열/위험,① 강한 상승 추세,51.43,49.6,49.65,67.44,31.02,0,1.0,1.0,0.0,0.0,0.58,0.26,0.38,58.5,82.1,25.91,46.31,0,0,13.8,16.67,33.94,79.23,16.1,1,0,0.9,0.82,1,1,276.0,344,7.83,0.1011,1.19,1.9,False,O,▲,334,▲,O,X,-0.5652777777777778,-6.286944444444445,11.0,0,87.7,57.8,0.5581395348837209,20.06472491909385,💪 매수세 장악(Power Buying). 💰 외국인/기관 수급 집중. 🚀 단기 모멘텀 가속. ⚠️ 단기 급등 조정 주의.,0,0,,,56.7,44.8,67.3,🌤 중립,1.철강·금속(+18.4%) / 2.반도체(+15.7%) / 3.IT/전기전자(+13.8%) / 4.조선·기계·설비(+12.6%) / 5.기타(+11.3%),1,141,20260109,20260109,28.76,11.79,79.23,67.44
474650,링크솔루션,KOSDAQ,특수 목적용 기계 제조업,특수 목적용 기계 제조업,조선·기계·설비,63900,1414.74,0.0,🚫 과열/위험,False,False,False,63900,49400,92900,102190.00000000001,44.6,13.2,52.4,39.9,39.9,52.7,81.5,0.0,,,🚫 과열/위험,① 강한 상승 추세,22.41,253.43,20.63,251.28,234.85,0,1.0,1.0,0.0,1.0,0.63,1.0,0.5,61.7,76.4,12.1,42.39,0,0,-0.31,15.14,2.24,263.07,-5.03,0,0,2.16,0.72,1,1,44230.0,60374,5.84,0.4655,2.38,0.5,False,O,▲,56271,▲,O,X,3.470909090909091,18.752727272727274,4.0,3,25.3,62.6,2.0,0.0,📉 매도세 우위. 💰 외국인/기관 수급 집중. 🚀 단기 모멘텀 가속. ⚠️ 단기 급등 조정 주의.,0,0,,,56.7,44.8,67.3,🌤 중립,1.철강·금속(+18.4%) / 2.반도체(+15.7%) / 3.IT/전기전자(+13.8%) / 4.조선·기계·설비(+12.6%) / 5.기타(+11.3%),1,142,20260109,20260109,28.76,11.79,263.07,251.28
354320,알멕,KOSDAQ,1차 비철금속 제조업,1차 비철금속 제조업,철강·금속,36900,156.41,0.0,🚫 과열/위험,False,False,False,22750,19560,29200,32120.000000000004,44.5,98.5,31.0,3.0,3.0,37.4,96.5,0.0,,,🚫 과열/위험,⑤ 하락 / 약세,83.58,54.72,81.8,63.51,36.14,2,1.0,1.0,0.02,0.0,1.0,0.14,0.6,94.7,99.5,70.19,78.6,0,0,29.93,82.67,83.58,75.3,0.57,1,0,27.46,1.0,1,1,24100.0,29855,23.6,0.9962,7.6,2.66,False,O,▲,24854,▲,O,X,10.6625,23.484166666666667,1.0,0,43.5,100.0,-0.44405997693194926,62.1978021978022,💪 매수세 장악(Power Buying). 💰 외국인/기관 수급 집중. 🚀 단기 모멘텀 가속. ⚠️ 단기 급등 조정 주의.,0,0,,,56.7,44.8,67.3,🌤 중립,1.철강·금속(+18.4%) / 2.반도체(+15.7%) / 3.IT/전기전자(+13.8%) / 4.조선·기계·설비(+12.6%) / 5.기타(+11.3%),5,143,20260109,20260109,28.76,11.79,75.3,63.51
380540,옵티코어,KOSDAQ,마그네틱 및 광학 매체 제조업,마그네틱 및 광학 매체 제조업,기타,2400,132.64,0.0,🚫 과열/위험,False,False,False,2400,1979,3245,3569.5000000000005,44.5,22.0,50.1,31.3,31.3,43.3,94.0999984741211,0.0,,,🚫 과열/위험,① 강한 상승 추세,15.66,34.83,13.88,23.27,16.25,0,1.0,1.0,0.0,1.0,0.4,0.12,0.24,65.3,75.7,13.58,65.2,0,0,-8.57,0.0,31.29,35.06,0.18,0,0,2.09,0.56,1,1,2053.1,2688,-10.73,0.0172,1.23,-0.59,False,O,▲,2628,▲,X,X,6.702016806722689,14.332689075630253,5.0,3,13.4,39.9,2.007125890736342,0.0,📉 매도세 우위. 💰 외국인/기관 수급 집중. 📈 상승 모멘텀 개선. ⚠️ 단기 급등 조정 주의.,0,0,,,56.7,44.8,67.3,🌤 중립,1.철강·금속(+18.4%) / 2.반도체(+15.7%) / 3.IT/전기전자(+13.8%) / 4.조선·기계·설비(+12.6%) / 5.기타(+11.3%),1,144,20260109,20260109,28.76,11.79,35.06,23.27
285490,노바텍,KOSDAQ,그외 기타 제품 제조업,그외 기타 제품 제조업,기타,22150,62.8,0.0,🚀 집중 공략,True,True,False,22150,19790,26900,29590.000000000004,44.5,17.0,51.4,39.9,39.9,51.1,78.30000305175781,0.0,,,🚀 집중 공략,④ 바닥 반등 시도,6.49,17.69,4.71,-12.91,-0.89,0,1.0,1.0,0.2,1.0,0.64,0.06,0.82,55.1,79.0,2.56,21.3,0,0,-10.87,1.61,3.26,-1.12,-2.54,1,0,2.61,0.37,1,1,19174.0,23686,-6.49,0.3399,2.21,0.77,False,O,▲,22619,▲,X,X,6.702016806722689,14.332689075630253,5.0,3,21.0,63.8,2.01271186440678,0.0,💰 외국인/기관 수급 집중. 🚀 단기 모멘텀 가속. ,0,0,,,56.7,44.8,67.3,🌤 중립,1.철강·금속(+18.4%) / 2.반도체(+15.7%) / 3.IT/전기전자(+13.8%) / 4.조선·기계·설비(+12.6%) / 5.기타(+11.3%),4,145,20260109,20260109,28.76,11.79,-1.12,-12.91
048770,TPC,KOSDAQ,일반 목적용 기계 제조업,일반 목적용 기계 제조업,조선·기계·설비,3275,52.44,0.0,🚫 과열/위험,False,False,False,2985,2275,4400,4840.0,44.3,47.0,43.6,24.5,24.5,36.9,88.30000305175781,0.0,,,🚫 과열/위험,② 상승 후 조정,41.16,57.07,39.38,28.17,38.49,0,0.99,1.0,0.0,0.0,0.22,0.05,0.27,64.3,80.5,15.26,52.3,0,0,11.39,2.34,18.66,39.96,16.78,1,0,3.62,0.69,1,1,2322.0,3314,-1.19,-0.5227,1.03,0.91,False,O,▲,3371,▲,X,X,3.470909090909091,18.752727272727274,4.0,2,81.2,22.0,1.125,9.715242881072026,💰 외국인/기관 수급 집중. ⚠️ 단기 급등 조정 주의.,0,0,,,56.7,44.8,67.3,🌤 중립,1.철강·금속(+18.4%) / 2.반도체(+15.7%) / 3.IT/전기전자(+13.8%) / 4.조선·기계·설비(+12.6%) / 5.기타(+11.3%),2,146,20260109,20260109,28.76,11.79,39.96,28.17
006910,보성파워텍,KOSDAQ,"구조용 금속제품, 탱크 및 증기발생기 제조업","구조용 금속제품, 탱크 및 증기발생기 제조업",기타,5390,224.94,0.0,⚪ 관망,False,False,False,5390,4900,6370,7007.000000000001,44.0,16.9,50.8,47.0,47.0,43.0,59.79999923706055,0.0,,,⚪ 관망,⑤ 하락 / 약세,4.26,65.85,2.48,-13.07,47.27,1,1.0,0.91,0.43,1.0,0.03,0.2,0.49,58.4,65.7,1.81,16.62,0,0,0.56,-0.37,2.28,-1.28,2.67,0,1,1.63,0.55,1,1,4875.5,5565,-3.15,-0.0582,0.59,0.08,False,O,▲,5519,▲,X,X,6.702016806722689,14.332689075630253,5.0,4,31.2,2.7,2.0,0.0,📉 매도세 우위. 💸 자금 유입 지속. ✅ 20일선 눌림목 구간.,0,0,,,56.7,44.8,67.3,🌤 중립,1.철강·금속(+18.4%) / 2.반도체(+15.7%) / 3.IT/전기전자(+13.8%) / 4.조선·기계·설비(+12.6%) / 5.기타(+11.3%),5,147,20260109,20260109,28.76,11.79,-1.28,-13.07
014910,성문전자,KOSPI,전자부품 제조업,전자부품 제조업,IT/전기전자,2710,288.87,0.0,🚫 과열/위험,False,False,False,1521,1164,2235,2458.5,43.9,91.7,31.9,3.0,3.0,39.1,99.19999694824219,0.0,,,🚫 과열/위험,⑤ 하락 / 약세,134.02,116.63,123.33,106.48,73.4,0,1.0,1.0,0.0,0.0,1.0,0.26,0.6,88.3,98.2,87.14,138.76,0,0,11.29,60.36,143.27,135.24,0.46,1,0,19.81,0.78,1,1,1898.1999999999998,2373,14.16,0.515,5.68,2.26,False,O,▲,2143,▲,O,X,6.871449275362319,18.37304347826087,3.0,0,47.8,100.0,-0.3072445019404916,78.17225509533202,💪 매수세 장악(Power Buying). 💰 외국인/기관 수급 집중. 🚀 단기 모멘텀 가속. ⚠️ 단기 급등 조정 주의.,0,0,,,56.7,44.8,67.3,🌤 중립,1.철강·금속(+18.4%) / 2.반도체(+15.7%) / 3.IT/전기전자(+13.8%) / 4.조선·기계·설비(+12.6%) / 5.기타(+11.3%),5,148,20260109,20260109,28.76,11.79,135.24,106.48
298040,효성중공업,KOSPI,"전동기, 발전기 및 전기 변환 · 공급 · 제어 장치 제조업","전동기, 발전기 및 전기 변환 · 공급 · 제어 장치 제조업",인프라·에너지,1885000,3007.6,0.0,🚀 집중 공략,True,True,False,1885000,1724000,2207000,2427700.0,43.8,74.4,36.2,28.7,28.7,34.9,53.79999923706055,0.0,,,🚀 집중 공략,③ 박스 / 중립,-3.23,87.0,-13.92,-0.09,43.77,0,1.0,0.85,0.53,1.0,0.13,1.0,0.57,48.1,55.6,1.2,12.87,0,0,2.5,2.17,3.12,28.67,-3.89,0,0,1.03,0.44,1,-1,1976400.0,1848804,1.96,0.0543,0.74,0.75,False,O,▲,1833675,▲,O,X,1.2333333333333334,-9.163333333333332,13.0,2,5.6,13.2,2.0,0.0,🚀 단기 모멘텀 가속. ✅ 20일선 눌림목 구간.,0,0,,,56.7,44.8,67.3,🌤 중립,1.철강·금속(+18.4%) / 2.반도체(+15.7%) / 3.IT/전기전자(+13.8%) / 4.조선·기계·설비(+12.6%) / 5.기타(+11.3%),3,149,20260109,20260109,28.76,11.79,28.67,-0.09
034730,SK,KOSPI,기타 금융업,기타 금융업,금융,284000,419.09,0.0,🚫 과열/위험,False,False,False,284000,265000,321500,353650.0,43.8,59.9,39.8,41.0,41.0,57.5,37.0,0.0,,,🚫 과열/위험,③ 박스 / 중립,4.41,25.94,-6.28,-0.83,-17.29,0,0.98,0.66,0.87,1.0,0.54,0.38,0.56,71.6,66.1,8.67,19.99,0,0,1.61,9.65,14.29,27.93,-1.82,0,1,1.1,0.88,1,1,255000.0,278201,2.08,0.2115,0.98,2.0,False,O,▲,277243,▲,O,X,0.47818181818181804,-7.147272727272727,12.0,4,41.7,54.1,1.9736842105263157,0.0,💪 매수세 장악(Power Buying). 💸 자금 유입 지속. 🚀 단기 모멘텀 가속. ⚠️ 단기 급등 조정 주의.,0,0,,,56.7,44.8,67.3,🌤 중립,1.철강·금속(+18.4%) / 2.반도체(+15.7%) / 3.IT/전기전자(+13.8%) / 4.조선·기계·설비(+12.6%) / 5.기타(+11.3%),3,150,20260109,20260109,28.76,11.79,27.93,-0.83
377300,카카오페이,KOSPI,금융 지원 서비스업,금융 지원 서비스업,서비스 기타,49250,157.29,0.0,⚪ 관망,False,False,False,49250,46250,55300,60830.00000000001,43.8,21.5,49.4,60.5,60.5,68.7,23.399999618530273,0.0,,⚡눌림회복,⚪ 관망,⑤ 하락 / 약세,1.86,-29.34,-8.83,-32.57,-72.57,0,1.0,0.61,0.94,1.0,0.0,0.14,0.48,62.6,75.4,2.44,17.14,0,0,2.5,-3.05,0.41,-3.81,8.13,1,1,1.14,0.65,1,1,45665.0,50437,-2.36,-0.2417,0.54,-0.43,True,X,▼,50636,▼,X,X,0.525,-8.831,14.0,6,71.5,0.5,2.0166666666666666,0.0,🧱 구조적 지지선(Swing Low) 근접. 📉 매도세 우위. 💰 외국인/기관 수급 집중. ,0,0,,,56.7,44.8,67.3,🌤 중립,1.철강·금속(+18.4%) / 2.반도체(+15.7%) / 3.IT/전기전자(+13.8%) / 4.조선·기계·설비(+12.6%) / 5.기타(+11.3%),5,151,20260109,20260109,28.76,11.79,-3.81,-32.57
007810,코리아써키트,KOSPI,전자부품 제조업,전자부품 제조업,IT/전기전자,46650,229.2,0.0,🚫 과열/위험,False,False,False,46650,40700,58500,64350.00000000001,43.7,15.6,50.7,38.5,38.5,64.2,79.30000305175781,0.0,,,🚫 과열/위험,② 상승 후 조정,18.4,308.14,7.71,132.73,264.91,0,0.99,1.0,0.05,1.0,0.29,0.21,0.17,73.4,84.1,13.49,51.15,0,0,-2.0,-2.3,24.73,161.49,9.85,1,0,1.23,0.75,1,1,38895.0,47374,-1.53,-0.2007,0.37,0.7,False,O,▲,49583,▲,X,X,6.871449275362319,18.37304347826087,3.0,3,71.0,29.1,1.9915966386554622,0.0,💰 외국인/기관 수급 집중. ⚠️ 단기 급등 조정 주의.,0,0,,,56.7,44.8,67.3,🌤 중립,1.철강·금속(+18.4%) / 2.반도체(+15.7%) / 3.IT/전기전자(+13.8%) / 4.조선·기계·설비(+12.6%) / 5.기타(+11.3%),2,152,20260109,20260109,28.76,11.79,161.49,132.73
033530,SJG세종,KOSPI,자동차 신품 부품 제조업,자동차 신품 부품 제조업,자동차·모빌리티,9880,68.37,0.0,⚪ 관망,False,False,False,9880,8970,11690,12859.000000000002,43.5,8.4,52.3,41.5,41.5,45.6,77.4000015258789,0.0,,⚡눌림회복,⚪ 관망,② 상승 후 조정,2.6,105.19,-8.09,45.8,61.96,0,0.99,0.92,0.41,1.0,0.0,0.06,0.42,55.3,75.6,0.07,31.16,0,0,7.04,-4.54,-5.73,74.56,4.69,0,0,2.46,0.31,1,-1,12138.0,9952,-0.73,-0.311,0.51,-1.48,False,O,▲,10175,▼,X,X,9.321153846153846,11.11576923076923,6.0,4,13.9,0.0,1.989010989010989,0.0,📉 매도세 우위. 💰 외국인/기관 수급 집중. ✅ 20일선 눌림목 구간.,0,0,,,56.7,44.8,67.3,🌤 중립,1.철강·금속(+18.4%) / 2.반도체(+15.7%) / 3.IT/전기전자(+13.8%) / 4.조선·기계·설비(+12.6%) / 5.기타(+11.3%),2,153,20260109,20260109,28.76,11.79,74.56,45.8
052690,한전기술,KOSPI,"건축기술, 엔지니어링 및 관련 기술 서비스업","건축기술, 엔지니어링 및 관련 기술 서비스업",서비스 기타,97400,649.52,0.0,🚀 집중 공략,True,True,False,97400,90900,110400,121440.00000000001,43.4,72.0,36.3,34.8,34.8,44.3,39.79999923706055,0.0,,,🚀 집중 공략,④ 바닥 반등 시도,1.25,9.56,-9.44,-18.83,-33.67,0,1.0,0.67,0.87,1.0,0.44,0.59,0.71,64.6,72.6,3.78,17.29,0,0,0.83,8.46,6.1,9.93,-0.23,0,0,1.09,0.57,1,-1,98330.0,95181,2.33,0.2093,0.74,2.21,False,O,▼,94058,▲,O,X,0.525,-8.831,14.0,3,13.7,44.1,2.0,0.0,💪 매수세 장악(Power Buying). 💰 외국인/기관 수급 집중. 🚀 단기 모멘텀 가속. ,0,0,,,56.7,44.8,67.3,🌤 중립,1.철강·금속(+18.4%) / 2.반도체(+15.7%) / 3.IT/전기전자(+13.8%) / 4.조선·기계·설비(+12.6%) / 5.기타(+11.3%),4,154,20260109,20260109,28.76,11.79,9.93,-18.83
027580,상보,KOSDAQ,플라스틱제품 제조업,플라스틱제품 제조업,기타,791,64.09,0.0,🚀 집중 공략,True,True,False,791,699,974,1071.4,43.4,17.6,49.8,37.1,37.1,45.7,79.4000015258789,0.0,,,🚀 집중 공략,④ 바닥 반등 시도,4.35,-15.49,2.57,-29.99,-34.07,0,0.99,1.0,0.11,1.0,0.67,0.06,0.88,52.9,48.7,4.02,29.81,0,0,-2.94,7.62,6.32,-18.2,-11.01,0,0,0.91,0.44,1,1,699.1,867,-8.82,0.5503,2.87,0.85,False,X,▼,788,▲,O,X,6.702016806722689,14.332689075630253,5.0,3,5.6,67.4,1.9891304347826086,0.0,🚀 단기 모멘텀 가속. ,0,0,,,56.7,44.8,67.3,🌤 중립,1.철강·금속(+18.4%) / 2.반도체(+15.7%) / 3.IT/전기전자(+13.8%) / 4.조선·기계·설비(+12.6%) / 5.기타(+11.3%),4,155,20260109,20260109,28.76,11.79,-18.2,-29.99
307180,아이엘,KOSDAQ,전구 및 조명장치 제조업,전구 및 조명장치 제조업,기타,3720,60.3,0.0,🚫 과열/위험,False,False,False,3395,2680,4820,5302.0,43.3,62.6,38.5,15.8,15.8,19.5,91.30000305175781,0.0,,,🚫 과열/위험,② 상승 후 조정,24.41,40.91,22.63,34.67,22.33,1,0.99,1.0,0.0,0.0,0.11,0.05,0.32,62.1,84.1,15.04,39.4,0,0,7.05,20.58,9.41,46.46,7.08,0,0,4.07,0.71,1,1,2710.0,3659,1.67,-0.0325,0.65,2.12,False,O,▲,3596,▲,O,X,6.702016806722689,14.332689075630253,5.0,1,43.2,11.1,1.0576923076923077,9.572901325478647,💪 매수세 장악(Power Buying). 💰 외국인/기관 수급 집중. ⚠️ 단기 급등 조정 주의.,0,0,,,56.7,44.8,67.3,🌤 중립,1.철강·금속(+18.4%) / 2.반도체(+15.7%) / 3.IT/전기전자(+13.8%) / 4.조선·기계·설비(+12.6%) / 5.기타(+11.3%),2,156,20260109,20260109,28.76,11.79,46.46,34.67
041920,메디아나,KOSDAQ,의료용 기기 제조업,의료용 기기 제조업,기타,14250,306.6,0.0,🚫 과열/위험,False,False,False,10110,7810,14720,16192.000000000002,43.1,94.1,30.3,3.0,3.0,46.9,93.9000015258789,0.0,,,🚫 과열/위험,⑤ 하락 / 약세,122.31,140.3,120.53,175.8,121.72,0,1.0,1.0,0.0,0.0,1.0,0.28,0.54,79.0,85.8,47.99,77.53,0,0,11.94,50.16,80.38,187.59,14.62,0,0,4.17,0.91,1,1,9785.0,12449,14.47,0.5626,2.13,2.19,False,O,▲,11809,▲,O,X,6.702016806722689,14.332689075630253,5.0,0,67.3,100.0,0.07298136645962733,40.94955489614243,💪 매수세 장악(Power Buying). 💰 외국인/기관 수급 집중. 🚀 단기 모멘텀 가속. ⚠️ 단기 급등 조정 주의.,0,0,,,56.7,44.8,67.3,🌤 중립,1.철강·금속(+18.4%) / 2.반도체(+15.7%) / 3.IT/전기전자(+13.8%) / 4.조선·기계·설비(+12.6%) / 5.기타(+11.3%),5,157,20260109,20260109,28.76,11.79,187.59,175.8
051160,지어소프트,KOSDAQ,소프트웨어 개발 및 공급업,소프트웨어 개발 및 공급업,IT/전기전자,7570,55.27,0.0,⚪ 관망,False,False,False,7570,7350,8000,8800.0,43.1,12.5,50.7,33.2,33.2,51.8,91.4000015258789,0.0,,,⚪ 관망,⑤ 하락 / 약세,10.83,-30.93,9.05,-14.24,-49.51,0,0.97,0.28,0.8,1.0,0.0,0.05,0.3,53.7,78.8,-2.73,24.5,0,0,-2.07,-4.78,-7.68,-2.45,11.92,1,0,1.18,0.43,0,1,6954.5,7964,-4.95,-0.2445,0.6,-0.96,True,O,▼,8015,▼,X,X,6.871449275362319,18.37304347826087,3.0,3,54.4,0.0,1.9545454545454546,0.0,🧱 구조적 지지선(Swing Low) 근접. 📉 매도세 우위. 💰 외국인/기관 수급 집중. ,0,0,,,56.7,44.8,67.3,🌤 중립,1.철강·금속(+18.4%) / 2.반도체(+15.7%) / 3.IT/전기전자(+13.8%) / 4.조선·기계·설비(+12.6%) / 5.기타(+11.3%),5,158,20260109,20260109,28.76,11.79,-2.45,-14.24
234030,싸이닉솔루션,KOSDAQ,반도체 제조업,반도체 제조업,반도체,11480,836.11,0.0,🚫 과열/위험,False,False,False,9640,8210,12480,13728.000000000002,42.6,98.0,28.7,3.0,3.0,31.2,88.5999984741211,0.0,,,🚫 과열/위험,⑤ 하락 / 약세,15.96,-15.28,14.18,24.55,-33.86,0,0.99,1.0,0.01,0.0,0.96,0.76,0.6,77.1,86.0,25.09,33.06,0,0,16.43,26.43,30.16,36.34,0.37,0,0,4.17,0.9,1,1,8181.0,10387,10.51,0.5415,6.35,2.07,False,O,▲,9474,▲,O,X,10.309333333333335,19.353333333333335,2.0,0,30.2,95.6,0.3058103975535168,19.08713692946058,💪 매수세 장악(Power Buying). 💰 외국인/기관 수급 집중. 🚀 단기 모멘텀 가속. ⚠️ 단기 급등 조정 주의.,0,0,,,56.7,44.8,67.3,🌤 중립,1.철강·금속(+18.4%) / 2.반도체(+15.7%) / 3.IT/전기전자(+13.8%) / 4.조선·기계·설비(+12.6%) / 5.기타(+11.3%),5,159,20260109,20260109,28.76,11.79,36.34,24.55
001040,CJ,KOSPI,기타 금융업,기타 금융업,금융,179200,174.39,0.0,👀 트리거 대기,True,False,True,179200,166900,204000,224400.00000000003,42.6,83.0,32.5,32.0,32.0,43.4,33.79999923706055,0.0,,,👀 트리거 대기,④ 바닥 반등 시도,-2.45,2.46,-13.14,-22.47,-40.77,2,1.0,0.69,0.84,1.0,0.25,0.16,0.74,54.9,54.5,2.4,8.91,1,1,2.81,3.4,4.25,6.29,-2.65,0,0,1.4,0.66,1,1,166220.0,176803,1.36,0.1145,1.59,0.9,False,O,▲,175117,▲,O,X,0.47818181818181804,-7.147272727272727,12.0,3,20.9,25.2,2.016260162601626,0.0,🌪️ 에너지 응축 시작 (2일차). 🚀 단기 모멘텀 가속. ,0,0,,,56.7,44.8,67.3,🌤 중립,1.철강·금속(+18.4%) / 2.반도체(+15.7%) / 3.IT/전기전자(+13.8%) / 4.조선·기계·설비(+12.6%) / 5.기타(+11.3%),4,160,20260109,20260109,28.76,11.79,6.29,-22.47
397030,에이프릴바이오,KOSDAQ,자연과학 및 공학 연구개발업,자연과학 및 공학 연구개발업,기타,56400,188.83,0.0,🚫 과열/위험,False,False,False,56400,48050,73100,80410.0,42.5,16.7,48.9,41.7,41.7,69.9,65.69999694824219,0.0,,,🚫 과열/위험,② 상승 후 조정,41.18,211.6,39.4,51.45,193.02,0,1.0,1.0,0.01,1.0,0.24,0.17,0.22,71.5,64.5,14.11,41.59,0,0,-1.57,6.42,20.51,63.24,16.73,1,0,1.36,0.82,1,1,45945.0,54422,3.63,-0.0151,0.23,1.45,False,O,▲,56505,▲,X,X,6.702016806722689,14.332689075630253,5.0,4,87.7,24.2,2.0,0.0,💸 자금 유입 지속. ⚠️ 단기 급등 조정 주의.,0,0,,,56.7,44.8,67.3,🌤 중립,1.철강·금속(+18.4%) / 2.반도체(+15.7%) / 3.IT/전기전자(+13.8%) / 4.조선·기계·설비(+12.6%) / 5.기타(+11.3%),2,161,20260109,20260109,28.76,11.79,63.24,51.45
272210,한화시스템,KOSPI,전자부품 제조업,전자부품 제조업,IT/전기전자,76900,5280.75,0.0,🚫 과열/위험,False,False,False,58300,50300,74100,81510.0,42.4,100.0,28.0,3.0,3.0,50.2,86.5,0.0,,,🚫 과열/위험,⑤ 하락 / 약세,59.05,43.74,48.36,20.56,0.51,0,0.98,1.0,0.02,0.0,0.86,1.0,0.6,81.9,84.5,38.51,45.92,0,0,27.53,39.06,30.78,49.32,15.69,1,0,2.08,0.99,1,1,57230.0,68873,11.65,0.2807,5.93,4.08,False,O,▲,61382,▲,O,X,6.871449275362319,18.37304347826087,3.0,0,82.7,85.8,-0.10526315789473684,31.903945111492284,💪 매수세 장악(Power Buying). 💰 외국인/기관 수급 집중. 🚀 단기 모멘텀 가속. ⚠️ 단기 급등 조정 주의.,0,0,,,56.7,44.8,67.3,🌤 중립,1.철강·금속(+18.4%) / 2.반도체(+15.7%) / 3.IT/전기전자(+13.8%) / 4.조선·기계·설비(+12.6%) / 5.기타(+11.3%),5,162,20260109,20260109,28.76,11.79,49.32,20.56
010170,대한광통신,KOSDAQ,절연선 및 케이블 제조업,절연선 및 케이블 제조업,기타,3330,692.79,0.0,🚫 과열/위험,False,False,False,2540,1965,3685,4053.5000000000005,42.3,89.9,30.4,3.0,3.0,37.5,94.5,0.0,,,🚫 과열/위험,⑤ 하락 / 약세,66.33,246.88,64.55,157.19,228.3,0,0.99,1.0,0.0,0.0,0.66,0.63,0.51,71.3,68.7,37.74,63.42,0,0,13.07,24.11,54.45,168.98,5.57,1,0,2.02,0.93,1,1,2248.2,3009,10.64,0.1469,3.11,1.14,False,O,▲,2908,▲,O,X,6.702016806722689,14.332689075630253,5.0,0,60.8,65.9,0.2600732600732601,31.10236220472441,💸 자금 유입 지속. 🚀 단기 모멘텀 가속. ⚠️ 단기 급등 조정 주의.,0,0,,,56.7,44.8,67.3,🌤 중립,1.철강·금속(+18.4%) / 2.반도체(+15.7%) / 3.IT/전기전자(+13.8%) / 4.조선·기계·설비(+12.6%) / 5.기타(+11.3%),5,163,20260109,20260109,28.76,11.79,168.98,157.19
104200,NHN벅스,KOSDAQ,소프트웨어 개발 및 공급업,소프트웨어 개발 및 공급업,IT/전기전자,4880,56.91,0.0,🚫 과열/위험,False,False,False,3405,2835,4550,5005.0,42.3,85.7,31.4,3.0,3.0,39.7,97.69999694824219,0.0,,,🚫 과열/위험,⑤ 하락 / 약세,76.49,54.68,74.71,38.83,36.1,0,1.0,1.0,0.0,0.0,1.0,0.05,0.6,90.2,98.5,50.4,63.28,0,0,18.02,58.44,57.93,50.62,7.73,0,0,14.45,0.91,1,1,3548.5,4047,20.57,0.7486,3.03,3.09,False,O,▲,3766,▲,O,X,6.871449275362319,18.37304347826087,3.0,0,49.2,100.0,-0.16136919315403422,43.31864904552129,💪 매수세 장악(Power Buying). 💰 외국인/기관 수급 집중. 🚀 단기 모멘텀 가속. ⚠️ 단기 급등 조정 주의.,0,0,,,56.7,44.8,67.3,🌤 중립,1.철강·금속(+18.4%) / 2.반도체(+15.7%) / 3.IT/전기전자(+13.8%) / 4.조선·기계·설비(+12.6%) / 5.기타(+11.3%),5,164,20260109,20260109,28.76,11.79,50.62,38.83
101170,우림피티에스,KOSDAQ,일반 목적용 기계 제조업,일반 목적용 기계 제조업,조선·기계·설비,18470,1821.73,0.0,🚫 과열/위험,False,False,False,14230,10280,22150,24365.000000000004,42.1,96.0,28.6,3.0,3.0,42.8,88.19999694824219,0.0,,,🚫 과열/위험,② 상승 후 조정,55.86,268.66,54.08,145.81,250.08,0,1.0,1.0,0.0,0.0,0.4,1.0,0.53,72.8,91.6,36.3,85.82,0,0,18.47,6.39,73.26,157.6,14.89,1,0,3.25,0.83,1,1,11721.0,16889,9.36,-0.2738,3.64,1.32,False,O,▲,17580,▲,O,X,3.470909090909091,18.752727272727274,4.0,0,87.0,40.0,0.44932844932844934,29.796205200281094,💰 외국인/기관 수급 집중. ⚠️ 단기 급등 조정 주의.,0,0,,,56.7,44.8,67.3,🌤 중립,1.철강·금속(+18.4%) / 2.반도체(+15.7%) / 3.IT/전기전자(+13.8%) / 4.조선·기계·설비(+12.6%) / 5.기타(+11.3%),2,165,20260109,20260109,28.76,11.79,157.6,145.81
316140,우리금융지주,KOSPI,기타 금융업,기타 금융업,금융,27300,331.96,0.0,🔫 트리거 임박,True,True,False,27300,26650,28600,31460.000000000004,42.1,52.6,39.5,31.4,31.4,42.2,58.29999923706055,0.0,,,🔫 트리거 임박,⑤ 하락 / 약세,-2.33,2.25,-13.02,-18.9,-40.98,5,1.0,0.24,0.71,1.0,0.0,0.3,0.46,45.1,55.5,-1.9,5.84,1,1,0.18,-2.67,-3.19,9.86,0.18,1,1,1.43,0.1,0,1,26595.0,27738,-1.58,-0.0954,1.33,-0.51,True,O,▲,27910,▼,X,X,0.47818181818181804,-7.147272727272727,12.0,3,30.6,0.0,2.0,0.0,🌪️ 5일 연속 응축 중! 폭발 임박. 🧱 구조적 지지선(Swing Low) 근접. 📉 매도세 우위. ✅ 20일선 눌림목 구간.,0,0,,,56.7,44.8,67.3,🌤 중립,1.철강·금속(+18.4%) / 2.반도체(+15.7%) / 3.IT/전기전자(+13.8%) / 4.조선·기계·설비(+12.6%) / 5.기타(+11.3%),5,166,20260109,20260109,28.76,11.79,9.86,-18.9
032820,우리기술,KOSDAQ,"전동기, 발전기 및 전기 변환 · 공급 · 제어 장치 제조업","전동기, 발전기 및 전기 변환 · 공급 · 제어 장치 제조업",인프라·에너지,3965,238.41,0.0,🚀 집중 공략,True,True,False,3965,3665,4560,5016.0,42.0,45.8,41.1,47.6,47.6,46.0,26.0,0.0,,,🚀 집중 공략,④ 바닥 반등 시도,0.51,2.19,-1.27,-16.82,-16.39,0,0.99,0.75,0.72,1.0,0.26,0.22,0.5,60.2,62.7,3.46,14.71,0,0,1.93,6.16,5.59,-5.03,0.28,0,1,3.45,0.58,1,-1,4068.0,4000,-0.88,0.1077,0.66,-0.17,False,X,▲,3916,▲,O,X,1.2333333333333334,-9.163333333333332,13.0,4,27.2,25.6,1.9833333333333334,0.0,📉 매도세 우위. 💸 자금 유입 지속. 🚀 단기 모멘텀 가속. ,0,0,,,56.7,44.8,67.3,🌤 중립,1.철강·금속(+18.4%) / 2.반도체(+15.7%) / 3.IT/전기전자(+13.8%) / 4.조선·기계·설비(+12.6%) / 5.기타(+11.3%),4,167,20260109,20260109,28.76,11.79,-5.03,-16.82
036170,에이치엠넥스,KOSDAQ,반도체 제조업,반도체 제조업,반도체,1432,401.66,0.0,🚫 과열/위험,False,False,False,942,851,1125,1237.5,41.8,100.0,27.3,3.0,3.0,36.8,84.0,0.0,,,🚫 과열/위험,⑤ 하락 / 약세,67.29,54.81,65.51,56.29,36.23,3,1.0,0.97,0.34,0.0,1.0,0.36,0.6,90.9,92.9,59.55,61.32,0,0,29.95,66.51,68.67,68.08,-2.36,1,0,1.27,1.0,1,1,1207.6,1223,17.09,0.7599,8.47,2.02,False,O,▲,953,▲,O,X,10.309333333333335,19.353333333333335,2.0,0,42.0,100.0,-0.5283993115318416,52.016985138004245,💪 매수세 장악(Power Buying). 💰 외국인/기관 수급 집중. 🚀 단기 모멘텀 가속. ⚠️ 단기 급등 조정 주의.,0,0,,,56.7,44.8,67.3,🌤 중립,1.철강·금속(+18.4%) / 2.반도체(+15.7%) / 3.IT/전기전자(+13.8%) / 4.조선·기계·설비(+12.6%) / 5.기타(+11.3%),5,168,20260109,20260109,28.76,11.79,68.08,56.29
012200,계양전기,KOSPI,일반 목적용 기계 제조업,일반 목적용 기계 제조업,조선·기계·설비,12340,1324.3,0.0,🚫 과열/위험,False,False,False,5260,1732,12320,13552.000000000002,41.8,85.5,30.9,3.0,3.0,37.8,95.9000015258789,0.0,,,🚫 과열/위험,⑤ 하락 / 약세,658.92,749.86,648.23,765.44,706.63,0,1.0,1.0,0.0,0.0,0.93,1.0,0.46,95.4,88.5,146.31,274.52,0,0,12.39,57.2,175.75,794.2,-100.0,1,0,1.62,0.86,1,1,4116.2,10143,21.66,0.3016,2.45,0.71,False,O,▲,10193,▲,O,X,3.470909090909091,18.752727272727274,4.0,0,48.0,93.2,-0.001885369532428356,134.60076045627375,💰 외국인/기관 수급 집중. 🚀 단기 모멘텀 가속. ⚠️ 단기 급등 조정 주의.,0,0,,,56.7,44.8,67.3,🌤 중립,1.철강·금속(+18.4%) / 2.반도체(+15.7%) / 3.IT/전기전자(+13.8%) / 4.조선·기계·설비(+12.6%) / 5.기타(+11.3%),5,169,20260109,20260109,28.76,11.79,794.2,765.44
084370,유진테크,KOSDAQ,특수 목적용 기계 제조업,특수 목적용 기계 제조업,조선·기계·설비,82300,134.07,0.0,⚪ 관망,False,False,False,82300,71700,103500,113850.00000000001,41.8,17.8,47.8,48.0,48.0,46.5,47.400001525878906,0.0,,,⚪ 관망,③ 박스 / 중립,8.29,98.55,6.51,-4.63,79.97,0,1.0,1.0,0.04,1.0,0.09,0.12,0.51,60.9,66.6,4.79,32.55,0,0,-4.97,-3.86,7.44,7.16,4.71,1,0,1.03,0.46,1,1,77240.0,89968,-8.52,-0.1069,0.83,-0.74,False,O,▲,88347,▲,X,X,3.470909090909091,18.752727272727274,4.0,4,36.9,8.8,2.0,0.0,📉 매도세 우위. 💸 자금 유입 지속. ,0,0,,,56.7,44.8,67.3,🌤 중립,1.철강·금속(+18.4%) / 2.반도체(+15.7%) / 3.IT/전기전자(+13.8%) / 4.조선·기계·설비(+12.6%) / 5.기타(+11.3%),3,170,20260109,20260109,28.76,11.79,7.16,-4.63
098460,고영,KOSDAQ,특수 목적용 기계 제조업,특수 목적용 기계 제조업,조선·기계·설비,25550,747.09,0.0,🚀 집중 공략,True,True,False,25550,22200,32250,35475.0,41.6,24.9,45.8,31.2,31.2,40.3,79.9000015258789,0.0,,,🚀 집중 공략,① 강한 상승 추세,-6.75,75.0,-8.53,49.31,56.42,0,1.0,1.0,0.04,1.0,0.34,0.68,0.49,54.7,53.9,1.76,23.86,0,0,-4.13,-5.89,8.03,61.1,-2.81,0,0,4.05,0.5,1,1,22548.0,26418,-3.29,0.1377,0.64,-2.53,False,O,▲,25893,▲,X,X,3.470909090909091,18.752727272727274,4.0,3,8.8,33.7,2.0,0.0,📉 매도세 우위. 🚀 단기 모멘텀 가속. ✅ 20일선 눌림목 구간.,0,0,,,56.7,44.8,67.3,🌤 중립,1.철강·금속(+18.4%) / 2.반도체(+15.7%) / 3.IT/전기전자(+13.8%) / 4.조선·기계·설비(+12.6%) / 5.기타(+11.3%),1,171,20260109,20260109,28.76,11.79,61.1,49.31
003310,대주산업,KOSDAQ,동물용 사료 및 조제식품 제조업,동물용 사료 및 조제식품 제조업,유통·소비재,2995,51.04,0.0,🚫 과열/위험,False,False,False,2995,2385,4215,4636.5,41.6,18.5,47.4,33.3,33.3,65.2,80.19999694824219,0.0,,,🚫 과열/위험,② 상승 후 조정,96.91,62.86,95.13,73.66,44.28,0,1.0,1.0,0.0,1.0,0.15,0.05,0.04,69.2,89.7,14.35,89.61,0,0,1.7,-11.0,12.81,85.45,70.51,1,0,2.45,0.68,1,1,2307.0,3121,-4.06,-0.9179,0.08,-2.11,False,O,▲,3396,▼,X,X,-2.1766666666666667,-3.841333333333334,10.0,3,80.5,15.1,2.0,0.0,📉 매도세 우위. 💰 외국인/기관 수급 집중. ⚠️ 단기 급등 조정 주의.,0,0,,,56.7,44.8,67.3,🌤 중립,1.철강·금속(+18.4%) / 2.반도체(+15.7%) / 3.IT/전기전자(+13.8%) / 4.조선·기계·설비(+12.6%) / 5.기타(+11.3%),2,172,20260109,20260109,28.76,11.79,85.45,73.66
100840,SNT에너지,KOSPI,일반 목적용 기계 제조업,일반 목적용 기계 제조업,조선·기계·설비,39300,56.41,0.0,🚀 집중 공략,True,True,False,39300,35900,46050,50655.00000000001,41.2,53.1,38.2,26.8,26.8,39.2,64.9000015258789,0.0,,,🚀 집중 공략,④ 바닥 반등 시도,-5.76,9.78,-16.45,-53.47,-33.45,0,0.99,0.86,0.51,1.0,0.35,0.05,0.6,50.4,54.5,1.33,18.36,0,0,5.93,9.02,1.55,-24.71,-5.04,0,0,1.64,0.44,1,1,35775.0,38027,3.35,0.1859,1.1,0.46,False,X,▼,37021,▲,O,X,3.470909090909091,18.752727272727274,4.0,2,5.6,34.6,1.9852941176470589,0.0,📉 매도세 우위. 🚀 단기 모멘텀 가속. ✅ 20일선 눌림목 구간.,0,0,,,56.7,44.8,67.3,🌤 중립,1.철강·금속(+18.4%) / 2.반도체(+15.7%) / 3.IT/전기전자(+13.8%) / 4.조선·기계·설비(+12.6%) / 5.기타(+11.3%),4,173,20260109,20260109,28.76,11.79,-24.71,-53.47
126340,비나텍,KOSDAQ,일차전지 및 이차전지 제조업,일차전지 및 이차전지 제조업,2차전지,81300,112.35,0.0,🚫 과열/위험,False,False,False,81300,67900,108000,118800.00000000001,41.2,31.2,43.7,28.3,28.3,49.1,79.5999984741211,0.0,,,🚫 과열/위험,② 상승 후 조정,14.78,175.69,13.0,57.93,157.11,0,0.99,1.0,0.0,1.0,0.26,0.1,0.37,62.6,54.9,8.65,38.35,0,0,-2.28,3.04,21.79,69.72,-3.14,1,0,1.68,0.61,1,1,68033.0,85563,-4.98,-0.006,1.0,-0.13,False,O,▲,84511,▲,X,X,5.2444444444444445,-18.698888888888888,16.0,2,34.9,25.7,1.992537313432836,0.0,📉 매도세 우위. ⚠️ 단기 급등 조정 주의.,0,0,,,56.7,44.8,67.3,🌤 중립,1.철강·금속(+18.4%) / 2.반도체(+15.7%) / 3.IT/전기전자(+13.8%) / 4.조선·기계·설비(+12.6%) / 5.기타(+11.3%),2,174,20260109,20260109,28.76,11.79,69.72,57.93
229000,젠큐릭스,KOSDAQ,의료용품 및 기타 의약 관련제품 제조업,의료용품 및 기타 의약 관련제품 제조업,기타,2000,135.23,0.0,🚫 과열/위험,False,False,False,1654,1456,2050,2255.0,41.1,100.0,26.4,3.0,3.0,28.6,81.0,0.0,,,🚫 과열/위험,⑤ 하락 / 약세,24.3,9.47,22.52,14.79,-9.11,4,1.0,1.0,0.09,0.0,0.71,0.12,0.6,76.1,84.8,26.97,27.83,0,0,29.7,26.66,33.33,26.58,4.59,0,0,3.42,1.0,1,1,1401.2,1801,11.02,0.181,7.92,4.2,False,O,▲,1639,▲,O,X,6.702016806722689,14.332689075630253,5.0,0,36.0,71.2,0.09191176470588236,20.918984280532044,💪 매수세 장악(Power Buying). 💰 외국인/기관 수급 집중. 🚀 단기 모멘텀 가속. ⚠️ 단기 급등 조정 주의.,0,0,,,56.7,44.8,67.3,🌤 중립,1.철강·금속(+18.4%) / 2.반도체(+15.7%) / 3.IT/전기전자(+13.8%) / 4.조선·기계·설비(+12.6%) / 5.기타(+11.3%),5,175,20260109,20260109,28.76,11.79,26.58,14.79
299170,더블유에스아이,KOSDAQ,생활용품 도매업,생활용품 도매업,기타,3785,541.87,0.0,🚫 과열/위험,False,False,False,2875,2340,3940,4334.0,41.0,94.8,27.5,3.0,3.0,31.9,84.69999694824219,0.0,,,🚫 과열/위험,⑤ 하락 / 약세,67.11,116.78,65.33,96.75,98.2,0,0.99,1.0,0.0,0.0,0.68,0.49,0.58,80.9,91.8,38.32,62.79,0,0,15.05,27.44,59.7,108.54,-3.54,1,0,2.6,0.94,1,1,2542.0,3389,11.68,0.1593,2.43,2.09,False,O,▲,3332,▲,O,X,6.702016806722689,14.332689075630253,5.0,0,45.7,68.1,0.10726643598615918,31.65217391304348,💪 매수세 장악(Power Buying). 💰 외국인/기관 수급 집중. 🚀 단기 모멘텀 가속. ⚠️ 단기 급등 조정 주의.,0,0,,,56.7,44.8,67.3,🌤 중립,1.철강·금속(+18.4%) / 2.반도체(+15.7%) / 3.IT/전기전자(+13.8%) / 4.조선·기계·설비(+12.6%) / 5.기타(+11.3%),5,176,20260109,20260109,28.76,11.79,108.54,96.75
001210,금호전기,KOSPI,전구 및 조명장치 제조업,전구 및 조명장치 제조업,기타,643,211.77,0.0,🚫 과열/위험,False,False,False,643,557,814,895.4000000000001,40.9,11.1,48.4,32.3,32.3,45.5,86.0999984741211,0.0,,,🚫 과열/위험,④ 바닥 반등 시도,3.54,-41.44,-7.15,-51.75,-84.67,0,0.99,1.0,0.03,1.0,0.72,0.19,0.48,54.9,86.0,6.54,35.75,0,0,-4.88,17.98,10.48,-22.99,-12.26,0,0,0.44,0.35,1,1,629.7,731,-12.14,0.7117,0.82,0.42,False,X,▼,631,▲,O,X,6.702016806722689,14.332689075630253,5.0,3,2.5,72.4,1.9883720930232558,0.0,📉 매도세 우위. 💰 외국인/기관 수급 집중. 🚀 단기 모멘텀 가속. ⚠️ 단기 급등 조정 주의.,0,0,,,56.7,44.8,67.3,🌤 중립,1.철강·금속(+18.4%) / 2.반도체(+15.7%) / 3.IT/전기전자(+13.8%) / 4.조선·기계·설비(+12.6%) / 5.기타(+11.3%),4,177,20260109,20260109,28.76,11.79,-22.99,-51.75
223250,드림씨아이에스,KOSDAQ,자연과학 및 공학 연구개발업,자연과학 및 공학 연구개발업,기타,5770,102.78,0.0,⚪ 관망,False,False,False,5770,5600,6100,6710.000000000001,40.8,15.0,47.2,26.8,26.8,46.5,94.9000015258789,0.0,,,⚪ 관망,② 상승 후 조정,17.76,59.39,15.98,17.44,40.81,0,0.97,0.29,0.81,1.0,0.0,0.09,0.06,53.3,81.5,-9.5,44.97,0,0,-9.84,-8.85,-22.13,29.23,17.7,0,0,2.43,0.28,0,1,5626.0,6226,-7.34,-0.3817,0.29,-0.21,True,O,▲,6226,▼,X,X,6.702016806722689,14.332689075630253,5.0,2,41.2,0.0,1.9411764705882353,0.0,🧱 구조적 지지선(Swing Low) 근접. 📉 매도세 우위. 💰 외국인/기관 수급 집중. 📉 과매도 기술적 반등 기대.,0,0,,,56.7,44.8,67.3,🌤 중립,1.철강·금속(+18.4%) / 2.반도체(+15.7%) / 3.IT/전기전자(+13.8%) / 4.조선·기계·설비(+12.6%) / 5.기타(+11.3%),2,178,20260109,20260109,28.76,11.79,29.23,17.44
006280,녹십자,KOSPI,의약품 제조업,의약품 제조업,바이오·의약품,156400,132.67,0.0,⚪ 관망,False,False,False,156400,144000,181100,199210.00000000003,40.8,11.7,48.1,36.6,36.6,47.8,75.0,0.0,,,⚪ 관망,⑤ 하락 / 약세,16.98,19.03,6.29,-7.24,-24.2,0,0.99,0.79,0.65,1.0,0.0,0.12,0.34,37.5,52.4,-1.57,18.94,0,0,-1.2,-1.88,-2.07,21.52,10.53,0,0,1.99,0.61,0,1,144830.0,159868,-2.17,-0.0588,0.5,-0.03,False,O,▲,157859,▼,X,X,3.02625,-0.5881250000000001,7.0,3,44.5,0.0,1.9919354838709677,0.0,📉 매도세 우위. ✅ 20일선 눌림목 구간.,0,0,,,56.7,44.8,67.3,🌤 중립,1.철강·금속(+18.4%) / 2.반도체(+15.7%) / 3.IT/전기전자(+13.8%) / 4.조선·기계·설비(+12.6%) / 5.기타(+11.3%),5,179,20260109,20260109,28.76,11.79,21.52,-7.24
036810,에프에스티,KOSDAQ,전자부품 제조업,전자부품 제조업,IT/전기전자,29100,59.98,0.0,⚪ 관망,False,False,False,29100,28100,31050,34155.0,40.8,9.8,48.5,31.2,31.2,48.9,88.80000305175781,0.0,,,⚪ 관망,⑤ 하락 / 약세,6.13,43.49,4.35,-23.54,24.91,0,0.97,0.34,0.88,1.0,0.0,0.05,0.22,54.3,53.9,-4.27,38.51,0,0,-3.0,-8.2,-13.05,-11.75,10.67,1,0,1.97,0.29,0,1,28873.1,30871,-5.74,-0.5141,0.51,-1.3,True,X,▲,31859,▼,X,X,6.871449275362319,18.37304347826087,3.0,3,47.3,0.0,1.95,0.0,🧱 구조적 지지선(Swing Low) 근접. 📉 매도세 우위. ,0,0,,,56.7,44.8,67.3,🌤 중립,1.철강·금속(+18.4%) / 2.반도체(+15.7%) / 3.IT/전기전자(+13.8%) / 4.조선·기계·설비(+12.6%) / 5.기타(+11.3%),5,180,20260109,20260109,28.76,11.79,-11.75,-23.54
466100,클로봇,KOSDAQ,소프트웨어 개발 및 공급업,소프트웨어 개발 및 공급업,IT/전기전자,57100,492.2,0.0,⚪ 관망,False,False,False,57100,55000,61200,67320.0,40.5,6.5,49.0,32.1,32.1,47.3,88.5999984741211,0.0,,,⚪ 관망,② 상승 후 조정,17.37,198.02,15.59,24.16,179.44,0,0.97,0.36,0.92,1.0,0.0,0.45,0.06,38.1,42.8,-7.72,31.02,0,0,0.18,-9.37,-13.62,35.95,17.7,0,0,1.84,0.38,0,1,51200.0,59126,-3.43,-0.4124,0.11,-2.22,True,O,▲,59116,▼,X,X,6.871449275362319,18.37304347826087,3.0,3,43.3,0.0,1.9523809523809523,0.0,🧱 구조적 지지선(Swing Low) 근접. 📉 매도세 우위. 📉 과매도 기술적 반등 기대.,0,0,,,56.7,44.8,67.3,🌤 중립,1.철강·금속(+18.4%) / 2.반도체(+15.7%) / 3.IT/전기전자(+13.8%) / 4.조선·기계·설비(+12.6%) / 5.기타(+11.3%),2,181,20260109,20260109,28.76,11.79,35.95,24.16
389500,에스비비테크,KOSDAQ,일반 목적용 기계 제조업,일반 목적용 기계 제조업,조선·기계·설비,46200,429.8,0.0,🚫 과열/위험,False,False,False,41300,33200,57500,63250.00000000001,40.4,94.6,26.9,3.0,3.0,26.9,82.69999694824219,0.0,,,🚫 과열/위험,① 강한 상승 추세,11.86,120.53,10.08,75.63,101.95,3,1.0,1.0,0.0,0.0,0.8,0.39,0.56,67.7,79.5,17.4,25.82,1,0,12.68,25.89,17.26,87.42,-5.42,0,0,2.29,0.95,1,1,30815.0,40873,13.03,0.5616,2.42,1.68,False,O,▲,37975,▲,O,X,3.470909090909091,18.752727272727274,4.0,0,27.1,80.3,0.8692307692307693,11.864406779661017,🌪️ 에너지 응축 시작 (3일차). 💪 매수세 장악(Power Buying). 💰 외국인/기관 수급 집중. 🚀 단기 모멘텀 가속. ⚠️ 단기 급등 조정 주의.,0,0,,,56.7,44.8,67.3,🌤 중립,1.철강·금속(+18.4%) / 2.반도체(+15.7%) / 3.IT/전기전자(+13.8%) / 4.조선·기계·설비(+12.6%) / 5.기타(+11.3%),1,182,20260109,20260109,28.76,11.79,87.42,75.63
092200,디아이씨,KOSPI,자동차 신품 부품 제조업,자동차 신품 부품 제조업,자동차·모빌리티,12180,211.47,0.0,⚪ 관망,False,False,False,12180,11090,14360,15796.000000000002,40.4,10.7,47.8,31.2,31.2,38.4,86.5,0.0,,,⚪ 관망,② 상승 후 조정,4.46,172.48,-6.23,122.63,129.25,0,1.0,0.89,0.46,1.0,0.05,0.19,0.3,50.6,41.9,-3.49,35.3,0,0,2.18,-16.75,4.1,151.39,6.19,0,0,1.97,0.34,0,1,11392.0,12872,-5.38,-0.7979,0.8,-1.46,False,O,▲,13531,▼,X,X,9.321153846153846,11.11576923076923,6.0,3,18.5,4.8,2.0,0.0,📉 매도세 우위. ,0,0,,,56.7,44.8,67.3,🌤 중립,1.철강·금속(+18.4%) / 2.반도체(+15.7%) / 3.IT/전기전자(+13.8%) / 4.조선·기계·설비(+12.6%) / 5.기타(+11.3%),2,183,20260109,20260109,28.76,11.79,151.39,122.63
005490,POSCO홀딩스,KOSPI,1차 철강 제조업,1차 철강 제조업,철강·금속,304000,1380.45,0.0,👀 트리거 대기,True,False,True,304000,291000,330000,363000.00000000006,40.2,40.2,40.2,41.2,41.2,42.9,37.70000076293945,0.0,,⚡눌림회복,👀 트리거 대기,④ 바닥 반등 시도,-3.49,-5.44,-14.18,-19.41,-48.67,4,1.0,0.43,0.97,1.0,0.07,1.0,0.45,43.6,44.9,-1.19,7.85,1,1,1.16,2.18,0.0,9.35,0.68,0,0,1.51,0.32,0,1,296450.0,304043,-0.01,0.0411,1.05,-0.14,True,O,▲,303036,▼,O,X,10.6625,23.484166666666667,1.0,4,3.6,7.2,2.0,0.0,🌪️ 에너지 응축 시작 (4일차). 🧱 구조적 지지선(Swing Low) 근접. 📉 매도세 우위. 🚀 단기 모멘텀 가속. ✅ 20일선 눌림목 구간.,0,0,,,56.7,44.8,67.3,🌤 중립,1.철강·금속(+18.4%) / 2.반도체(+15.7%) / 3.IT/전기전자(+13.8%) / 4.조선·기계·설비(+12.6%) / 5.기타(+11.3%),4,184,20260109,20260109,28.76,11.79,9.35,-19.41
006800,미래에셋증권,KOSPI,금융 지원 서비스업,금융 지원 서비스업,서비스 기타,27100,2849.0,0.0,🚫 과열/위험,False,False,False,27100,24250,32800,36080.0,40.2,15.0,46.5,33.7,33.7,71.7,76.4000015258789,0.0,,,🚫 과열/위험,③ 박스 / 중립,25.17,22.35,14.48,3.11,-20.88,0,1.0,1.0,0.22,1.0,0.42,1.0,0.27,76.5,81.7,14.18,41.22,0,0,-1.99,9.94,13.39,31.87,13.6,1,0,1.65,0.8,1,1,23125.0,27400,-1.1,0.1515,0.56,1.46,False,O,▲,27479,▲,X,X,0.525,-8.831,14.0,3,83.0,42.5,2.0,0.0,💰 외국인/기관 수급 집중. 🚀 단기 모멘텀 가속. ⚠️ 단기 급등 조정 주의.,0,0,,,56.7,44.8,67.3,🌤 중립,1.철강·금속(+18.4%) / 2.반도체(+15.7%) / 3.IT/전기전자(+13.8%) / 4.조선·기계·설비(+12.6%) / 5.기타(+11.3%),3,185,20260109,20260109,28.76,11.79,31.87,3.11
217500,러셀,KOSDAQ,특수 목적용 기계 제조업,특수 목적용 기계 제조업,조선·기계·설비,2520,408.93,0.0,🚫 과열/위험,False,False,False,2110,1887,2565,2821.5000000000005,40.0,100.0,25.0,3.0,3.0,24.2,76.5,0.0,,,🚫 과열/위험,③ 박스 / 중립,25.37,44.16,23.59,1.98,25.58,3,1.0,1.0,0.21,0.0,0.73,0.37,0.6,72.9,86.8,25.25,26.43,0,0,29.9,22.93,29.63,13.77,-3.03,0,0,3.31,1.0,1,1,1764.8,2275,10.76,0.2175,12.78,3.85,False,O,▲,2059,▲,O,X,3.470909090909091,18.752727272727274,4.0,0,24.0,73.3,0.07109004739336493,19.431279620853083,💪 매수세 장악(Power Buying). 💰 외국인/기관 수급 집중. 🚀 단기 모멘텀 가속. ⚠️ 단기 급등 조정 주의.,0,0,,,56.7,44.8,67.3,🌤 중립,1.철강·금속(+18.4%) / 2.반도체(+15.7%) / 3.IT/전기전자(+13.8%) / 4.조선·기계·설비(+12.6%) / 5.기타(+11.3%),3,186,20260109,20260109,28.76,11.79,13.77,1.98
064350,현대로템,KOSPI,철도장비 제조업,철도장비 제조업,기타,219000,1710.58,0.0,🚫 과열/위험,False,False,False,199200,181900,234000,257400.00000000003,40.0,79.8,30.1,19.6,19.6,23.2,54.599998474121094,0.0,,,🚫 과열/위험,④ 바닥 반등 시도,13.94,14.66,3.25,-20.34,-28.57,0,1.0,0.87,0.51,0.0,0.49,1.0,0.53,74.7,78.6,15.45,25.23,0,0,3.79,13.24,16.06,8.42,2.35,0,0,1.1,0.94,1,1,189910.0,208044,5.27,0.1681,1.97,2.37,False,O,▲,206191,▲,O,X,6.702016806722689,14.332689075630253,5.0,1,33.8,48.6,0.40431266846361186,9.939759036144578,💪 매수세 장악(Power Buying). 💰 외국인/기관 수급 집중. 🚀 단기 모멘텀 가속. ⚠️ 단기 급등 조정 주의.,0,0,,,56.7,44.8,67.3,🌤 중립,1.철강·금속(+18.4%) / 2.반도체(+15.7%) / 3.IT/전기전자(+13.8%) / 4.조선·기계·설비(+12.6%) / 5.기타(+11.3%),4,187,20260109,20260109,28.76,11.79,8.42,-20.34
156100,엘앤케이바이오,KOSDAQ,의료용 기기 제조업,의료용 기기 제조업,기타,14080,76.36,0.0,🚀 집중 공략,True,True,False,14080,12100,18040,19844.0,40.0,25.2,43.7,29.0,29.0,43.7,78.0999984741211,0.0,,,🚀 집중 공략,① 강한 상승 추세,-3.76,84.05,-5.54,32.18,65.47,0,1.0,1.0,0.02,1.0,0.38,0.07,0.59,50.6,40.9,1.31,26.51,0,0,4.92,5.79,3.45,43.97,-12.22,0,0,1.45,0.59,1,1,11569.0,13602,3.51,0.1934,0.96,0.6,False,O,▲,13121,▲,O,X,6.702016806722689,14.332689075630253,5.0,2,15.3,38.2,2.0,0.0,📉 매도세 우위. 🚀 단기 모멘텀 가속. ✅ 20일선 눌림목 구간.,0,0,,,56.7,44.8,67.3,🌤 중립,1.철강·금속(+18.4%) / 2.반도체(+15.7%) / 3.IT/전기전자(+13.8%) / 4.조선·기계·설비(+12.6%) / 5.기타(+11.3%),1,188,20260109,20260109,28.76,11.79,43.97,32.18
038500,삼표시멘트,KOSDAQ,기타 비금속 광물제품 제조업,기타 비금속 광물제품 제조업,기타,4655,99.6,0.0,⚪ 관망,False,False,False,4655,4465,5030,5533.0,40.0,10.8,47.3,29.7,29.7,48.4,88.5,0.0,,,⚪ 관망,② 상승 후 조정,42.79,41.27,41.01,35.52,22.69,0,0.98,0.4,0.96,1.0,0.0,0.09,0.24,42.1,65.8,-2.43,39.59,0,0,1.42,-12.17,-3.42,47.31,45.45,0,0,1.23,0.45,0,-1,5723.5,4850,-4.04,-0.4938,0.14,-1.97,True,O,▲,4874,▼,X,X,6.702016806722689,14.332689075630253,5.0,2,46.1,0.0,1.9736842105263157,0.0,🧱 구조적 지지선(Swing Low) 근접. 📉 매도세 우위. 💸 자금 유입 지속. ,0,0,,,56.7,44.8,67.3,🌤 중립,1.철강·금속(+18.4%) / 2.반도체(+15.7%) / 3.IT/전기전자(+13.8%) / 4.조선·기계·설비(+12.6%) / 5.기타(+11.3%),2,189,20260109,20260109,28.76,11.79,47.31,35.52
010950,S-Oil,KOSPI,석유 정제품 제조업,석유 정제품 제조업,기타,84000,279.83,0.0,👀 트리거 대기,True,False,True,84000,77900,96200,105820.00000000001,39.9,54.9,36.2,27.0,27.0,39.3,57.70000076293945,0.0,,,👀 트리거 대기,③ 박스 / 중립,4.22,32.7,-6.47,-2.06,-10.53,5,1.0,0.73,0.77,1.0,0.0,0.25,0.64,48.4,48.1,1.51,8.64,1,1,3.07,4.61,0.0,26.7,-0.25,1,0,1.0,0.43,1,1,77700.0,83262,0.89,-0.0205,1.64,-0.06,False,O,▲,82608,▼,O,X,6.702016806722689,14.332689075630253,5.0,2,23.1,0.0,2.0,0.0,🌪️ 5일 연속 응축 중! 폭발 임박. 📉 매도세 우위. ✅ 20일선 눌림목 구간.,0,0,,,56.7,44.8,67.3,🌤 중립,1.철강·금속(+18.4%) / 2.반도체(+15.7%) / 3.IT/전기전자(+13.8%) / 4.조선·기계·설비(+12.6%) / 5.기타(+11.3%),3,190,20260109,20260109,28.76,11.79,26.7,-2.06
323410,카카오뱅크,KOSPI,은행 및 저축기관,은행 및 저축기관,인터넷/플랫폼·게임,21600,179.49,0.0,⚪ 관망,False,False,False,21600,20700,23400,25740.000000000004,39.6,50.2,37.0,38.8,38.8,53.8,32.900001525878906,0.0,,⚡눌림회복,⚪ 관망,⑤ 하락 / 약세,-0.46,-30.21,-11.15,-32.33,-73.44,0,1.0,0.42,0.97,1.0,0.0,0.16,0.43,53.6,55.6,-0.37,6.62,0,1,1.41,-1.37,-1.37,-3.57,0.72,1,1,1.29,0.36,0,1,21135.0,21933,-1.52,-0.1015,0.73,-0.51,True,X,▼,21907,▼,X,X,-1.8875,-10.325,15.0,3,34.6,0.0,2.0,0.0,🔇 변동성 축소 (BW 6.6%). 🧱 구조적 지지선(Swing Low) 근접. 📉 매도세 우위. ✅ 20일선 눌림목 구간.,0,0,,,56.7,44.8,67.3,🌤 중립,1.철강·금속(+18.4%) / 2.반도체(+15.7%) / 3.IT/전기전자(+13.8%) / 4.조선·기계·설비(+12.6%) / 5.기타(+11.3%),5,191,20260109,20260109,28.76,11.79,-3.57,-32.33
000250,삼천당제약,KOSDAQ,의약품 제조업,의약품 제조업,바이오·의약품,246500,1536.4,0.0,⚪ 관망,False,False,False,246500,217000,305000,335500.0,39.6,44.2,38.5,33.1,33.1,38.5,51.099998474121094,0.0,,,⚪ 관망,② 상승 후 조정,8.35,52.73,6.57,10.54,34.15,1,0.99,1.0,0.09,1.0,0.12,1.0,0.58,59.0,55.8,4.66,17.94,0,0,0.61,0.82,10.04,22.33,-4.06,0,0,1.33,0.59,1,1,211050.0,249359,-1.15,-0.0233,0.74,0.8,False,O,▲,248802,▲,X,X,3.02625,-0.5881250000000001,7.0,3,15.3,11.8,1.9830508474576272,0.0,특이사항 없음.,0,0,,,56.7,44.8,67.3,🌤 중립,1.철강·금속(+18.4%) / 2.반도체(+15.7%) / 3.IT/전기전자(+13.8%) / 4.조선·기계·설비(+12.6%) / 5.기타(+11.3%),2,192,20260109,20260109,28.76,11.79,22.33,10.54
128820,대성산업,KOSPI,연료 소매업,연료 소매업,유통·소비재,6450,50.36,0.0,⚪ 관망,False,False,False,6450,6240,6870,7557.000000000001,39.6,24.6,43.4,23.5,23.5,46.2,90.0,0.0,,,⚪ 관망,② 상승 후 조정,25.73,8.22,15.04,27.79,-35.01,0,1.0,0.33,0.86,1.0,0.0,0.05,0.03,24.0,17.1,-20.88,81.44,0,0,-0.77,-11.4,-34.25,56.55,29.87,0,0,0.9,0.19,0,-1,8727.0,6781,-4.9,-0.2358,0.18,-1.98,True,O,▲,6291,▼,O,X,-2.1766666666666667,-3.841333333333334,10.0,2,40.4,0.0,2.0,0.0,🧱 구조적 지지선(Swing Low) 근접. 📉 매도세 우위. 📉 과매도 기술적 반등 기대.,0,0,,,56.7,44.8,67.3,🌤 중립,1.철강·금속(+18.4%) / 2.반도체(+15.7%) / 3.IT/전기전자(+13.8%) / 4.조선·기계·설비(+12.6%) / 5.기타(+11.3%),2,193,20260109,20260109,28.76,11.79,56.55,27.79
069540,빛과전자,KOSDAQ,통신 및 방송 장비 제조업,통신 및 방송 장비 제조업,IT/전기전자,1433,1391.27,0.0,🚫 과열/위험,False,False,False,779,628,1078,1185.8000000000002,39.5,83.0,28.6,3.0,3.0,29.6,88.19999694824219,0.0,,,🚫 과열/위험,⑤ 하락 / 약세,98.75,5.68,96.97,78.52,-12.9,0,0.99,1.0,0.0,0.0,1.0,1.0,0.6,87.0,98.2,93.26,106.26,0,0,29.92,129.65,112.93,90.31,-11.24,0,0,3.68,1.0,1,1,930.9,1015,41.13,1.3506,4.24,3.38,False,O,▲,852,▲,O,X,6.871449275362319,18.37304347826087,3.0,0,24.0,100.0,-0.4409937888198758,83.95378690629012,💪 매수세 장악(Power Buying). 💰 외국인/기관 수급 집중. 🚀 단기 모멘텀 가속. ⚠️ 단기 급등 조정 주의.,0,0,,,56.7,44.8,67.3,🌤 중립,1.철강·금속(+18.4%) / 2.반도체(+15.7%) / 3.IT/전기전자(+13.8%) / 4.조선·기계·설비(+12.6%) / 5.기타(+11.3%),5,194,20260109,20260109,28.76,11.79,90.31,78.52
078930,GS,KOSPI,기타 금융업,기타 금융업,금융,57200,106.44,0.0,🚀 집중 공략,True,True,False,57200,53600,64400,70840.0,39.1,78.1,29.4,26.1,26.1,40.2,37.099998474121094,0.0,,,🚀 집중 공략,③ 박스 / 중립,-0.52,6.72,-11.21,0.07,-36.51,0,1.0,0.63,0.92,1.0,0.09,0.1,0.61,53.1,45.0,2.18,8.94,0,1,2.51,3.44,3.81,28.83,-2.58,0,0,1.1,0.66,1,1,53215.0,57331,-0.23,0.0269,0.82,0.9,False,O,▲,56838,▲,O,X,0.47818181818181804,-7.147272727272727,12.0,2,20.9,9.2,2.0,0.0,🔇 변동성 축소 (BW 8.9%). 🚀 단기 모멘텀 가속. ,0,0,,,56.7,44.8,67.3,🌤 중립,1.철강·금속(+18.4%) / 2.반도체(+15.7%) / 3.IT/전기전자(+13.8%) / 4.조선·기계·설비(+12.6%) / 5.기타(+11.3%),3,195,20260109,20260109,28.76,11.79,28.83,0.07
059270,해성에어로보틱스,KOSDAQ,기타 금속 가공제품 제조업,기타 금속 가공제품 제조업,기타,9030,621.28,0.0,👀 트리거 대기,True,False,True,9030,8520,10040,11044.0,39.0,11.6,45.8,36.2,36.2,40.2,68.0999984741211,0.0,,,👀 트리거 대기,⑤ 하락 / 약세,-0.55,65.69,-2.33,-27.87,47.11,5,0.99,0.56,0.98,1.0,0.01,0.56,0.38,59.4,70.0,-0.89,21.07,1,0,0.22,-10.06,1.01,-16.08,7.81,0,0,1.43,0.41,0,1,7756.0,9428,-4.22,-0.4005,0.56,-2.89,True,O,▲,9575,▼,X,X,6.702016806722689,14.332689075630253,5.0,3,24.8,1.2,1.9803921568627452,0.0,🌪️ 5일 연속 응축 중! 폭발 임박. 🧱 구조적 지지선(Swing Low) 근접. 📉 매도세 우위. 💰 외국인/기관 수급 집중. ✅ 20일선 눌림목 구간.,0,0,,,56.7,44.8,67.3,🌤 중립,1.철강·금속(+18.4%) / 2.반도체(+15.7%) / 3.IT/전기전자(+13.8%) / 4.조선·기계·설비(+12.6%) / 5.기타(+11.3%),5,196,20260109,20260109,28.76,11.79,-16.08,-27.87
307950,현대오토에버,KOSPI,소프트웨어 개발 및 공급업,소프트웨어 개발 및 공급업,IT/전기전자,471500,2198.91,0.0,🚫 과열/위험,False,False,False,332500,267000,463500,509850.00000000006,38.9,84.7,27.5,3.0,3.0,41.6,84.5999984741211,0.0,,,🚫 과열/위험,⑤ 하락 / 약세,56.38,183.87,45.69,186.62,140.64,0,1.0,1.0,0.0,0.0,1.0,1.0,0.52,82.3,89.0,48.82,63.14,0,0,19.37,42.23,60.1,215.38,10.94,0,0,1.99,0.98,1,1,315150.0,379830,24.13,0.653,2.3,1.61,False,O,▲,370498,▲,O,X,6.871449275362319,18.37304347826087,3.0,0,54.1,100.0,-0.039119804400977995,41.80451127819549,💪 매수세 장악(Power Buying). 💰 외국인/기관 수급 집중. 🚀 단기 모멘텀 가속. ⚠️ 단기 급등 조정 주의.,0,0,,,56.7,44.8,67.3,🌤 중립,1.철강·금속(+18.4%) / 2.반도체(+15.7%) / 3.IT/전기전자(+13.8%) / 4.조선·기계·설비(+12.6%) / 5.기타(+11.3%),5,197,20260109,20260109,28.76,11.79,215.38,186.62
047400,유니온머티리얼,KOSPI,"내화, 비내화 요업제품 제조업","내화, 비내화 요업제품 제조업",기타,1735,53.7,0.0,🚫 과열/위험,False,False,False,1487,1302,1857,2042.7000000000003,38.8,82.3,27.9,3.0,3.0,31.1,86.0,0.0,,,🚫 과열/위험,④ 바닥 반등 시도,21.67,4.08,10.98,-50.96,-39.15,0,1.0,1.0,0.06,0.0,0.95,0.05,0.4,71.4,67.8,22.5,36.95,0,0,6.05,26.37,29.87,-22.2,-3.3,1,0,0.84,0.55,1,1,1470.0,1752,-1.0,0.6717,5.73,-0.61,False,O,▲,1522,▲,O,X,6.702016806722689,14.332689075630253,5.0,0,30.2,95.2,0.2817551963048499,16.677874915938133,📉 매도세 우위. 💸 자금 유입 지속. 🚀 단기 모멘텀 가속. ⚠️ 단기 급등 조정 주의.,0,0,,,56.7,44.8,67.3,🌤 중립,1.철강·금속(+18.4%) / 2.반도체(+15.7%) / 3.IT/전기전자(+13.8%) / 4.조선·기계·설비(+12.6%) / 5.기타(+11.3%),4,198,20260109,20260109,28.76,11.79,-22.2,-50.96
389470,인벤티지랩,KOSDAQ,자연과학 및 공학 연구개발업,자연과학 및 공학 연구개발업,기타,87000,91.52,0.0,🚀 집중 공략,True,True,False,87000,73800,113300,124630.00000000001,38.7,10.5,45.8,30.5,30.5,46.6,81.4000015258789,0.0,,,🚀 집중 공략,① 강한 상승 추세,-6.45,184.78,-8.23,102.23,166.2,0,0.99,1.0,0.01,1.0,0.52,0.08,0.49,51.7,48.9,3.27,28.04,0,0,-1.81,4.57,18.37,114.02,-3.34,0,0,1.78,0.59,1,1,67620.0,86136,1.0,0.1735,0.31,0.46,False,O,▲,84991,▲,O,X,6.702016806722689,14.332689075630253,5.0,3,15.3,52.2,1.9924242424242424,0.0,📉 매도세 우위. 🚀 단기 모멘텀 가속. ,0,0,,,56.7,44.8,67.3,🌤 중립,1.철강·금속(+18.4%) / 2.반도체(+15.7%) / 3.IT/전기전자(+13.8%) / 4.조선·기계·설비(+12.6%) / 5.기타(+11.3%),1,199,20260109,20260109,28.76,11.79,114.02,102.23
389030,지니너스,KOSDAQ,자연과학 및 공학 연구개발업,자연과학 및 공학 연구개발업,기타,4050,108.28,0.0,🚫 과열/위험,False,False,False,3410,2660,4900,5390.0,38.6,73.3,29.9,3.0,3.0,38.3,92.80000305175781,0.0,,,🚫 과열/위험,⑤ 하락 / 약세,74.95,92.86,73.17,86.74,74.28,0,0.99,1.0,0.0,0.0,0.53,0.1,0.3,84.2,88.2,24.74,49.5,0,0,3.85,15.06,38.7,98.53,22.3,0,0,1.68,0.89,1,1,2930.0,3772,7.35,0.072,0.76,1.77,False,O,▲,3764,▲,O,X,6.702016806722689,14.332689075630253,5.0,0,69.5,52.7,0.6115107913669064,18.7683284457478,💪 매수세 장악(Power Buying). 💰 외국인/기관 수급 집중. 🚀 단기 모멘텀 가속. ⚠️ 단기 급등 조정 주의.,0,0,,,56.7,44.8,67.3,🌤 중립,1.철강·금속(+18.4%) / 2.반도체(+15.7%) / 3.IT/전기전자(+13.8%) / 4.조선·기계·설비(+12.6%) / 5.기타(+11.3%),5,200,20260109,20260109,28.76,11.79,98.53,86.74
092460,한라IMS,KOSDAQ,선박 및 보트 건조업,선박 및 보트 건조업,조선·기계·설비,17610,87.64,0.0,👀 트리거 대기,True,False,True,17610,15780,21300,23430.000000000004,38.6,66.0,31.7,24.0,24.0,34.3,49.70000076293945,0.0,,,👀 트리거 대기,① 강한 상승 추세,-1.89,96.76,-3.67,10.5,78.18,3,1.0,1.0,0.23,1.0,0.15,0.08,0.68,56.4,81.5,2.09,12.28,1,0,6.66,8.37,0.34,22.29,-1.78,0,0,2.89,0.38,1,1,15497.0,16971,3.76,0.0826,0.93,1.4,False,O,▲,16545,▼,O,X,3.470909090909091,18.752727272727274,4.0,2,3.3,15.0,2.0163934426229506,0.0,🌪️ 에너지 응축 시작 (3일차). 💰 외국인/기관 수급 집중. 🚀 단기 모멘텀 가속. ,0,0,,,56.7,44.8,67.3,🌤 중립,1.철강·금속(+18.4%) / 2.반도체(+15.7%) / 3.IT/전기전자(+13.8%) / 4.조선·기계·설비(+12.6%) / 5.기타(+11.3%),1,201,20260109,20260109,28.76,11.79,22.29,10.5
053450,세코닉스,KOSDAQ,사진장비 및 광학기기 제조업,사진장비 및 광학기기 제조업,기타,6370,51.39,0.0,🚫 과열/위험,False,False,False,5780,5080,7180,7898.000000000001,38.6,22.4,42.7,22.0,22.0,31.6,91.0,0.0,,,🚫 과열/위험,③ 박스 / 중립,24.66,2.91,22.88,1.35,-15.67,0,1.0,1.0,0.08,0.0,0.91,0.05,0.41,72.0,83.4,15.71,44.68,0,0,-4.21,16.45,26.14,13.14,1.6,1,0,1.04,0.54,1,1,5685.0,6688,-4.77,0.4257,2.02,0.75,False,O,▲,6397,▲,X,X,6.702016806722689,14.332689075630253,5.0,2,33.7,90.8,0.627906976744186,10.207612456747404,💰 외국인/기관 수급 집중. 🚀 단기 모멘텀 가속. ⚠️ 단기 급등 조정 주의.,0,0,,,56.7,44.8,67.3,🌤 중립,1.철강·금속(+18.4%) / 2.반도체(+15.7%) / 3.IT/전기전자(+13.8%) / 4.조선·기계·설비(+12.6%) / 5.기타(+11.3%),3,202,20260109,20260109,28.76,11.79,13.14,1.35
119500,포메탈,KOSDAQ,기타 금속 가공제품 제조업,기타 금속 가공제품 제조업,기타,4945,863.41,0.0,🚫 과열/위험,False,False,False,3785,3150,5060,5566.0,38.3,100.0,22.9,0.0,0.0,39.0,76.4000015258789,0.0,,,🚫 과열/위험,⑤ 하락 / 약세,58.75,53.57,56.97,44.2,34.99,0,1.0,1.0,0.0,0.0,1.0,0.78,0.46,72.5,63.5,37.11,50.15,0,0,29.96,38.71,43.75,55.99,7.18,0,0,1.3,0.92,1,-1,5092.0,4487,10.18,0.3535,7.1,0.57,False,O,▲,4116,▲,O,X,6.702016806722689,14.332689075630253,5.0,0,47.4,100.0,0.06406685236768803,30.647291941875825,📉 매도세 우위. 💸 자금 유입 지속. 🚀 단기 모멘텀 가속. ⚠️ 단기 급등 조정 주의.,0,0,,,56.7,44.8,67.3,🌤 중립,1.철강·금속(+18.4%) / 2.반도체(+15.7%) / 3.IT/전기전자(+13.8%) / 4.조선·기계·설비(+12.6%) / 5.기타(+11.3%),5,203,20260109,20260109,28.76,11.79,55.99,44.2
484870,엠앤씨솔루션,KOSPI,특수 목적용 기계 제조업,특수 목적용 기계 제조업,조선·기계·설비,171300,108.22,0.0,🚫 과열/위험,False,False,False,148800,126700,193000,212300.00000000003,38.3,89.0,25.6,3.0,3.0,32.3,78.5,0.0,,,🚫 과열/위험,④ 바닥 반등 시도,18.71,1.78,8.02,-38.36,-41.45,1,1.0,1.0,0.01,0.0,0.56,0.1,0.57,71.5,84.8,20.89,31.5,0,0,12.4,21.49,23.15,-9.6,2.51,1,0,1.02,0.93,1,1,127320.0,159612,7.32,0.1641,2.7,1.65,False,X,▲,154859,▲,O,X,3.470909090909091,18.752727272727274,4.0,0,52.7,56.2,0.48654708520179374,15.120967741935484,💪 매수세 장악(Power Buying). 💰 외국인/기관 수급 집중. 🚀 단기 모멘텀 가속. ⚠️ 단기 급등 조정 주의.,0,0,,,56.7,44.8,67.3,🌤 중립,1.철강·금속(+18.4%) / 2.반도체(+15.7%) / 3.IT/전기전자(+13.8%) / 4.조선·기계·설비(+12.6%) / 5.기타(+11.3%),4,204,20260109,20260109,28.76,11.79,-9.6,-38.36
234100,폴라리스세원,KOSDAQ,자동차 신품 부품 제조업,자동차 신품 부품 제조업,자동차·모빌리티,1279,110.63,0.0,🚫 과열/위험,False,False,False,1279,1150,1537,1690.7,38.3,48.9,35.7,13.3,13.3,49.3,87.9000015258789,0.0,,,🚫 과열/위험,③ 박스 / 중립,13.99,7.57,12.21,-3.86,-11.01,0,1.0,1.0,0.27,1.0,0.84,0.1,0.43,66.7,88.8,14.68,35.23,0,0,-4.12,18.98,20.55,7.93,-1.43,0,0,0.84,0.45,1,1,1201.2,1337,-4.4,0.7182,2.11,0.73,False,O,▼,1192,▲,O,X,9.321153846153846,11.11576923076923,6.0,1,6.1,84.2,2.0,0.0,💰 외국인/기관 수급 집중. 🚀 단기 모멘텀 가속. ⚠️ 단기 급등 조정 주의.,0,0,,,56.7,44.8,67.3,🌤 중립,1.철강·금속(+18.4%) / 2.반도체(+15.7%) / 3.IT/전기전자(+13.8%) / 4.조선·기계·설비(+12.6%) / 5.기타(+11.3%),3,205,20260109,20260109,28.76,11.79,7.93,-3.86
448900,한국피아이엠,KOSDAQ,자동차 신품 부품 제조업,자동차 신품 부품 제조업,자동차·모빌리티,63900,428.93,0.0,🚫 과열/위험,False,False,False,56100,43850,80600,88660.0,38.2,82.8,27.1,3.0,3.0,31.9,83.30000305175781,0.0,,,🚫 과열/위험,① 강한 상승 추세,5.1,376.87,3.32,176.7,358.29,0,1.0,1.0,0.0,0.0,1.0,0.39,0.22,59.3,41.6,19.63,42.51,0,0,9.23,23.84,33.96,188.49,-9.31,0,0,1.75,0.88,1,1,42850.0,56561,12.97,0.795,1.24,0.21,False,O,▲,52269,▲,O,X,9.321153846153846,11.11576923076923,6.0,0,29.7,100.0,0.8329177057356608,13.903743315508022,📉 매도세 우위. 🚀 단기 모멘텀 가속. ⚠️ 단기 급등 조정 주의.,0,0,,,56.7,44.8,67.3,🌤 중립,1.철강·금속(+18.4%) / 2.반도체(+15.7%) / 3.IT/전기전자(+13.8%) / 4.조선·기계·설비(+12.6%) / 5.기타(+11.3%),1,206,20260109,20260109,28.76,11.79,188.49,176.7
462350,이노스페이스,KOSDAQ,"항공기,우주선 및 부품 제조업","항공기,우주선 및 부품 제조업",기타,19280,1942.51,0.0,🚫 과열/위험,False,False,False,13860,9610,22400,24640.000000000004,38.2,53.2,34.5,8.0,8.0,63.6,96.30000305175781,0.0,,🚀급등시동,🚫 과열/위험,① 강한 상승 추세,113.27,83.22,111.49,64.36,64.64,0,1.0,1.0,0.0,0.0,1.0,1.0,0.34,68.1,66.0,46.03,95.65,0,0,-5.02,41.97,80.02,76.15,13.86,1,0,1.57,0.89,1,1,13499.0,17370,10.99,0.7646,0.86,2.22,False,O,▲,16871,▲,O,X,6.702016806722689,14.332689075630253,5.0,0,83.9,100.0,0.32264736297828334,39.105339105339105,💪 매수세 장악(Power Buying). 💸 자금 유입 지속. 🚀 단기 모멘텀 가속. ⚠️ 단기 급등 조정 주의.,0,0,,,56.7,44.8,67.3,🌤 중립,1.철강·금속(+18.4%) / 2.반도체(+15.7%) / 3.IT/전기전자(+13.8%) / 4.조선·기계·설비(+12.6%) / 5.기타(+11.3%),1,207,20260109,20260109,28.76,11.79,76.15,64.36
417200,LS머트리얼즈,KOSDAQ,전자부품 제조업,전자부품 제조업,IT/전기전자,12670,86.8,0.0,⚪ 관망,False,False,False,12670,11550,14910,16401.0,38.1,9.1,45.4,31.3,31.3,39.6,78.30000305175781,0.0,,,⚪ 관망,② 상승 후 조정,4.62,18.86,2.84,20.88,0.28,0,1.0,0.88,0.48,1.0,0.0,0.08,0.35,49.0,42.2,-1.24,16.9,0,0,1.36,2.01,-6.49,32.67,0.68,1,0,2.2,0.41,0,1,11648.0,13093,-3.23,-0.1236,0.48,-0.17,False,O,▲,12811,▼,X,X,6.871449275362319,18.37304347826087,3.0,3,24.1,0.0,2.0,0.0,📉 매도세 우위. ✅ 20일선 눌림목 구간.,0,0,,,56.7,44.8,67.3,🌤 중립,1.철강·금속(+18.4%) / 2.반도체(+15.7%) / 3.IT/전기전자(+13.8%) / 4.조선·기계·설비(+12.6%) / 5.기타(+11.3%),2,208,20260109,20260109,28.76,11.79,32.67,20.88
006805,미래에셋증권우,KOSPI,기타,기타,기타,15150,110.93,0.0,🚫 과열/위험,False,False,False,13820,11100,19270,21197.0,38.0,23.7,41.6,18.8,18.8,30.6,94.9000015258789,0.0,,,🚫 과열/위험,② 상승 후 조정,39.76,36.86,29.07,22.14,-6.37,0,1.0,1.0,0.0,0.0,0.0,0.1,0.1,66.6,63.4,15.08,61.24,0,0,2.64,3.2,-0.72,50.9,14.04,1,0,2.17,0.67,1,1,11343.0,14671,3.26,-0.3439,0.25,0.38,False,O,▲,15710,▼,X,X,6.702016806722689,14.332689075630253,5.0,1,76.6,0.0,1.017283950617284,9.623733719247468,📉 매도세 우위. 💸 자금 유입 지속. ⚠️ 단기 급등 조정 주의.,0,0,,,56.7,44.8,67.3,🌤 중립,1.철강·금속(+18.4%) / 2.반도체(+15.7%) / 3.IT/전기전자(+13.8%) / 4.조선·기계·설비(+12.6%) / 5.기타(+11.3%),2,209,20260109,20260109,28.76,11.79,50.9,22.14
448710,코츠테크놀로지,KOSDAQ,컴퓨터 및 주변장치 제조업,컴퓨터 및 주변장치 제조업,IT/전기전자,19800,60.51,0.0,🚫 과열/위험,False,False,False,17750,16400,20450,22495.0,37.9,91.1,24.6,3.0,3.0,34.6,75.0999984741211,0.0,,,🚫 과열/위험,③ 박스 / 중립,22.22,-13.35,20.44,-2.03,-31.93,0,1.0,0.76,0.71,0.0,0.54,0.05,0.55,96.1,94.5,17.11,27.32,0,0,4.43,12.18,19.13,9.76,4.89,1,0,1.31,0.79,1,1,17468.0,19151,3.39,0.1759,6.7,1.44,False,O,▼,18507,▲,O,X,6.871449275362319,18.37304347826087,3.0,0,59.8,53.6,0.19117647058823528,11.549295774647888,💰 외국인/기관 수급 집중. 🚀 단기 모멘텀 가속. ⚠️ 단기 급등 조정 주의.,0,0,,,56.7,44.8,67.3,🌤 중립,1.철강·금속(+18.4%) / 2.반도체(+15.7%) / 3.IT/전기전자(+13.8%) / 4.조선·기계·설비(+12.6%) / 5.기타(+11.3%),3,210,20260109,20260109,28.76,11.79,9.76,-2.03
094170,동운아나텍,KOSDAQ,반도체 제조업,반도체 제조업,반도체,30150,122.89,0.0,🚀 집중 공략,True,True,False,30150,26450,37500,41250.0,37.8,22.4,41.7,28.6,28.6,40.6,72.4000015258789,0.0,,,🚀 집중 공략,① 강한 상승 추세,8.45,72.09,6.67,63.09,53.51,0,0.99,1.0,0.07,1.0,0.39,0.11,0.64,59.6,74.8,2.73,26.2,0,0,-8.5,5.42,9.44,74.88,-0.37,0,0,1.37,0.47,1,1,27595.0,32057,-5.95,0.1568,1.07,0.77,False,O,▲,32095,▲,X,X,10.309333333333335,19.353333333333335,2.0,2,7.1,38.8,1.9864864864864864,0.0,💰 외국인/기관 수급 집중. 🚀 단기 모멘텀 가속. ,0,0,,,56.7,44.8,67.3,🌤 중립,1.철강·금속(+18.4%) / 2.반도체(+15.7%) / 3.IT/전기전자(+13.8%) / 4.조선·기계·설비(+12.6%) / 5.기타(+11.3%),1,211,20260109,20260109,28.76,11.79,74.88,63.09
264850,이랜시스,KOSDAQ,전자부품 제조업,전자부품 제조업,IT/전기전자,6440,51.48,0.0,⚪ 관망,False,False,False,6440,6170,6980,7678.000000000001,37.7,10.7,44.5,28.5,28.5,42.1,81.80000305175781,0.0,,,⚪ 관망,② 상승 후 조정,6.8,37.31,5.02,11.11,18.73,0,1.0,0.42,0.97,1.0,0.0,0.05,0.23,56.2,62.6,-3.15,29.88,0,0,-1.38,-10.18,-11.05,22.9,10.92,0,0,2.22,0.3,0,1,5499.0,6743,-4.51,-0.4357,0.27,-2.53,True,O,▲,6923,▼,X,X,6.871449275362319,18.37304347826087,3.0,2,30.1,0.0,2.0,0.0,🧱 구조적 지지선(Swing Low) 근접. 📉 매도세 우위. 💸 자금 유입 지속. ,0,0,,,56.7,44.8,67.3,🌤 중립,1.철강·금속(+18.4%) / 2.반도체(+15.7%) / 3.IT/전기전자(+13.8%) / 4.조선·기계·설비(+12.6%) / 5.기타(+11.3%),2,212,20260109,20260109,28.76,11.79,22.9,11.11
424870,이뮨온시아,KOSDAQ,자연과학 및 공학 연구개발업,자연과학 및 공학 연구개발업,기타,12000,99.66,0.0,⚪ 관망,False,False,False,12000,11380,13230,14553.000000000002,37.7,8.1,45.1,24.6,24.6,37.5,93.0999984741211,0.0,,,⚪ 관망,② 상승 후 조정,7.82,113.52,6.04,76.59,94.94,0,0.99,0.51,1.0,1.0,0.0,0.09,0.07,40.7,57.4,-10.13,34.19,0,0,-1.8,-0.33,-9.84,88.38,6.9,0,0,4.89,0.22,0,1,10986.0,12666,-5.27,-0.1843,0.15,0.3,True,O,▲,12279,▼,X,X,6.702016806722689,14.332689075630253,5.0,2,18.7,0.0,1.9838709677419355,0.0,🧱 구조적 지지선(Swing Low) 근접. 📉 매도세 우위. 📉 과매도 기술적 반등 기대.,0,0,,,56.7,44.8,67.3,🌤 중립,1.철강·금속(+18.4%) / 2.반도체(+15.7%) / 3.IT/전기전자(+13.8%) / 4.조선·기계·설비(+12.6%) / 5.기타(+11.3%),2,213,20260109,20260109,28.76,11.79,88.38,76.59
006140,피제이전자,KOSDAQ,의료용 기기 제조업,의료용 기기 제조업,기타,8120,1043.26,0.0,🚫 과열/위험,False,False,False,6400,5500,8200,9020.0,37.4,66.8,30.0,3.0,3.0,30.3,92.9000015258789,0.0,,,🚫 과열/위험,⑤ 하락 / 약세,46.04,30.97,44.26,48.37,12.39,1,1.0,1.0,0.02,0.0,1.0,0.95,0.53,78.5,66.8,33.18,60.76,0,0,3.05,42.21,45.78,60.16,0.73,0,0,4.75,0.7,1,1,6797.0,8047,0.91,0.8873,3.15,1.28,False,O,▲,7183,▲,O,X,6.702016806722689,14.332689075630253,5.0,0,25.9,100.0,0.030534351145038167,26.875,💸 자금 유입 지속. 🚀 단기 모멘텀 가속. ⚠️ 단기 급등 조정 주의.,0,0,,,56.7,44.8,67.3,🌤 중립,1.철강·금속(+18.4%) / 2.반도체(+15.7%) / 3.IT/전기전자(+13.8%) / 4.조선·기계·설비(+12.6%) / 5.기타(+11.3%),5,214,20260109,20260109,28.76,11.79,60.16,48.37
017960,한국카본,KOSPI,"구조용 금속제품, 탱크 및 증기발생기 제조업","구조용 금속제품, 탱크 및 증기발생기 제조업",기타,38400,821.91,0.0,🚫 과열/위험,False,False,False,32950,28850,41100,45210.00000000001,37.3,100.0,21.6,3.0,3.0,25.7,65.0999984741211,0.0,,,🚫 과열/위험,④ 바닥 반등 시도,27.57,65.52,16.88,-15.49,22.29,0,0.99,1.0,0.06,0.0,0.74,0.75,0.6,65.9,70.0,22.35,30.42,0,0,22.29,38.38,11.95,13.27,-5.83,0,0,1.4,0.95,1,1,28360.0,33949,13.11,0.4722,5.97,3.39,False,O,▲,30478,▲,O,X,6.702016806722689,14.332689075630253,5.0,0,27.1,74.1,0.28272251308900526,16.5402124430956,💪 매수세 장악(Power Buying). 💰 외국인/기관 수급 집중. 🚀 단기 모멘텀 가속. ⚠️ 단기 급등 조정 주의.,0,0,,,56.7,44.8,67.3,🌤 중립,1.철강·금속(+18.4%) / 2.반도체(+15.7%) / 3.IT/전기전자(+13.8%) / 4.조선·기계·설비(+12.6%) / 5.기타(+11.3%),4,215,20260109,20260109,28.76,11.79,13.27,-15.49
001430,세아베스틸지주,KOSPI,1차 철강 제조업,1차 철강 제조업,철강·금속,61700,607.05,0.0,🚫 과열/위험,False,False,False,51100,39550,74200,81620.0,37.3,67.4,29.8,3.0,3.0,34.1,92.5,0.0,,,🚫 과열/위험,② 상승 후 조정,101.31,91.32,90.62,116.08,48.09,0,1.0,1.0,0.0,0.0,0.4,0.55,0.28,73.8,91.2,26.79,59.96,0,0,6.38,10.38,38.65,144.84,46.13,0,0,1.61,0.98,1,1,43805.0,57117,8.02,-0.0542,0.61,1.8,False,O,▲,58421,▲,O,X,10.6625,23.484166666666667,1.0,0,65.3,40.0,0.5643340857787811,20.743639921722114,💪 매수세 장악(Power Buying). 💰 외국인/기관 수급 집중. ⚠️ 단기 급등 조정 주의.,0,0,,,56.7,44.8,67.3,🌤 중립,1.철강·금속(+18.4%) / 2.반도체(+15.7%) / 3.IT/전기전자(+13.8%) / 4.조선·기계·설비(+12.6%) / 5.기타(+11.3%),2,216,20260109,20260109,28.76,11.79,144.84,116.08
014680,한솔케미칼,KOSPI,기초 화학물질 제조업,기초 화학물질 제조업,화학·소재,228500,98.57,0.0,⚪ 관망,False,False,False,228500,214000,257500,283250.0,36.9,24.3,40.1,38.2,38.2,45.4,44.400001525878906,0.0,,,⚪ 관망,⑤ 하락 / 약세,-4.79,31.1,-15.48,-21.98,-12.13,0,1.0,0.63,0.91,1.0,0.02,0.09,0.57,52.7,52.1,-0.57,17.47,0,0,-3.38,-4.79,2.01,6.78,2.1,1,1,1.35,0.32,0,1,223150.0,242389,-5.73,-0.0764,1.68,-0.6,True,O,▲,243777,▲,X,X,-0.5652777777777778,-6.286944444444445,11.0,3,37.3,2.4,2.0,0.0,🧱 구조적 지지선(Swing Low) 근접. 📉 매도세 우위. ✅ 20일선 눌림목 구간.,0,0,,,56.7,44.8,67.3,🌤 중립,1.철강·금속(+18.4%) / 2.반도체(+15.7%) / 3.IT/전기전자(+13.8%) / 4.조선·기계·설비(+12.6%) / 5.기타(+11.3%),5,217,20260109,20260109,28.76,11.79,6.78,-21.98
348370,엔켐,KOSDAQ,기초 화학물질 제조업,기초 화학물질 제조업,화학·소재,62200,95.91,0.0,⚪ 관망,False,False,False,62200,59400,67700,74470.0,36.9,19.8,41.2,27.0,27.0,39.4,74.30000305175781,0.0,,,⚪ 관망,⑤ 하락 / 약세,-11.9,8.17,-13.68,-30.16,-10.41,0,0.98,0.44,0.99,1.0,0.0,0.09,0.2,44.8,49.4,-4.81,16.98,0,0,0.0,-3.27,-3.12,-18.37,2.02,1,0,1.44,0.15,0,1,61740.0,63954,-2.74,-0.063,0.54,-0.81,True,X,▼,63730,▼,X,X,-0.5652777777777778,-6.286944444444445,11.0,2,23.5,0.0,1.9642857142857142,0.0,🧱 구조적 지지선(Swing Low) 근접. 📉 매도세 우위. ,0,0,,,56.7,44.8,67.3,🌤 중립,1.철강·금속(+18.4%) / 2.반도체(+15.7%) / 3.IT/전기전자(+13.8%) / 4.조선·기계·설비(+12.6%) / 5.기타(+11.3%),5,218,20260109,20260109,28.76,11.79,-18.37,-30.16
015760,한국전력,KOSPI,전기업,전기업,기타,49400,1338.32,0.0,👀 트리거 대기,True,False,True,49400,46050,56100,61710.00000000001,36.8,36.8,36.8,35.9,35.9,40.6,38.79999923706055,0.0,,,👀 트리거 대기,③ 박스 / 중립,-2.76,33.69,-13.45,2.27,-9.54,1,1.0,0.68,0.85,1.0,0.29,1.0,0.54,43.2,33.0,0.73,9.71,1,1,0.51,6.24,2.17,31.03,-5.19,0,0,1.68,0.55,1,1,45960.0,49469,-0.14,0.1473,0.41,1.17,False,O,▲,48779,▲,O,X,6.702016806722689,14.332689075630253,5.0,3,12.2,28.5,2.0,0.0,🌪️ 에너지 응축 시작 (1일차). 🚀 단기 모멘텀 가속. ✅ 20일선 눌림목 구간.,0,0,,,56.7,44.8,67.3,🌤 중립,1.철강·금속(+18.4%) / 2.반도체(+15.7%) / 3.IT/전기전자(+13.8%) / 4.조선·기계·설비(+12.6%) / 5.기타(+11.3%),3,219,20260109,20260109,28.76,11.79,31.03,2.27
005830,DB손해보험,KOSPI,보험업,보험업,금융,123600,246.89,0.0,⚪ 관망,False,False,False,123600,118500,133700,147070.0,36.8,26.3,39.4,38.7,38.7,51.0,40.900001525878906,0.0,,⚡눌림회복,⚪ 관망,⑤ 하락 / 약세,1.56,-14.99,-9.13,-35.62,-58.22,0,0.99,0.41,0.96,1.0,0.0,0.22,0.52,45.1,25.9,-1.57,10.26,0,0,0.0,-3.29,-4.04,-6.86,2.2,1,0,0.78,0.39,0,1,120400.0,124813,-0.97,-0.2112,1.4,0.41,True,X,▼,127536,▼,X,X,0.47818181818181804,-7.147272727272727,12.0,3,27.4,0.0,1.9803921568627452,0.0,🧱 구조적 지지선(Swing Low) 근접. 📉 매도세 우위. ✅ 20일선 눌림목 구간.,0,0,,,56.7,44.8,67.3,🌤 중립,1.철강·금속(+18.4%) / 2.반도체(+15.7%) / 3.IT/전기전자(+13.8%) / 4.조선·기계·설비(+12.6%) / 5.기타(+11.3%),5,220,20260109,20260109,28.76,11.79,-6.86,-35.62
066970,엘앤에프,KOSPI,일차전지 및 이차전지 제조업,일차전지 및 이차전지 제조업,2차전지,107700,764.98,0.0,⚪ 관망,False,False,False,107700,94300,134400,147840.0,36.6,53.7,32.3,24.3,24.3,43.0,51.0,0.0,,,⚪ 관망,③ 박스 / 중립,-18.59,91.98,-29.28,1.79,48.75,0,0.99,1.0,0.06,1.0,0.61,0.69,0.62,38.3,38.4,-1.68,40.32,0,0,3.36,14.21,1.03,30.55,-8.96,0,0,1.59,0.33,0,-1,114310.0,101491,6.12,0.5735,1.12,1.87,False,O,▲,96722,▲,O,X,5.2444444444444445,-18.698888888888888,16.0,2,2.0,61.2,1.992537313432836,0.0,💪 매수세 장악(Power Buying). 🚀 단기 모멘텀 가속. ✅ 20일선 눌림목 구간.,0,0,,,56.7,44.8,67.3,🌤 중립,1.철강·금속(+18.4%) / 2.반도체(+15.7%) / 3.IT/전기전자(+13.8%) / 4.조선·기계·설비(+12.6%) / 5.기타(+11.3%),3,221,20260109,20260109,28.76,11.79,30.55,1.79
180640,한진칼,KOSPI,기타 금융업,기타 금융업,금융,115500,74.12,0.0,⚪ 관망,False,False,False,115500,110800,124900,137390.0,36.6,17.3,41.4,24.4,24.4,34.1,81.0999984741211,0.0,,,⚪ 관망,⑤ 하락 / 약세,2.76,-6.7,-7.93,-9.19,-49.93,0,1.0,0.41,0.96,1.0,0.0,0.07,0.29,48.7,55.1,-2.5,20.5,0,0,0.7,-4.55,-5.41,19.57,3.67,0,0,1.2,0.21,0,1,105910.0,116485,-0.85,-0.2249,0.44,-0.34,True,O,▲,118524,▼,X,X,0.47818181818181804,-7.147272727272727,12.0,2,10.1,0.0,2.0,0.0,🧱 구조적 지지선(Swing Low) 근접. 📉 매도세 우위. ,0,0,,,56.7,44.8,67.3,🌤 중립,1.철강·금속(+18.4%) / 2.반도체(+15.7%) / 3.IT/전기전자(+13.8%) / 4.조선·기계·설비(+12.6%) / 5.기타(+11.3%),5,222,20260109,20260109,28.76,11.79,19.57,-9.19
032350,롯데관광개발,KOSPI,여행사 및 기타 여행보조 서비스업,여행사 및 기타 여행보조 서비스업,서비스 기타,21400,81.51,0.0,⚪ 관망,False,False,False,21400,19840,24550,27005.000000000004,36.5,22.4,40.0,27.9,27.9,36.9,68.19999694824219,0.0,,,⚪ 관망,③ 박스 / 중립,-7.16,20.9,-17.85,1.41,-22.33,2,1.0,0.74,0.77,1.0,0.0,0.07,0.24,47.1,53.6,-4.46,15.73,0,0,1.66,-5.31,-5.93,30.17,1.25,0,1,1.27,0.33,0,1,19645.0,21245,0.73,-0.1188,0.69,-1.62,False,O,▲,21291,▼,O,X,0.525,-8.831,14.0,2,17.3,0.0,2.019230769230769,0.0,📉 매도세 우위. ,0,0,,,56.7,44.8,67.3,🌤 중립,1.철강·금속(+18.4%) / 2.반도체(+15.7%) / 3.IT/전기전자(+13.8%) / 4.조선·기계·설비(+12.6%) / 5.기타(+11.3%),3,223,20260109,20260109,28.76,11.79,30.17,1.41
086790,하나금융지주,KOSPI,기타 금융업,기타 금융업,금융,92900,495.11,0.0,👀 트리거 대기,True,False,True,92900,89100,100400,110440.00000000001,36.3,40.1,35.4,39.1,39.1,48.9,26.799999237060547,0.0,,⚡눌림회복,👀 트리거 대기,⑤ 하락 / 약세,-0.11,-2.82,-10.8,-18.69,-46.05,5,0.98,0.4,0.96,1.0,0.0,0.45,0.49,50.3,53.4,-0.24,4.88,1,1,1.09,-0.54,-0.11,10.07,0.0,1,0,1.04,0.41,0,1,88920.0,93543,-0.69,-0.0647,1.06,-0.19,True,O,▲,94004,▼,X,X,0.47818181818181804,-7.147272727272727,12.0,3,22.3,0.0,1.9736842105263157,0.0,🌪️ 5일 연속 응축 중! 폭발 임박. 🧱 구조적 지지선(Swing Low) 근접. 📉 매도세 우위. ✅ 20일선 눌림목 구간.,0,0,,,56.7,44.8,67.3,🌤 중립,1.철강·금속(+18.4%) / 2.반도체(+15.7%) / 3.IT/전기전자(+13.8%) / 4.조선·기계·설비(+12.6%) / 5.기타(+11.3%),5,224,20260109,20260109,28.76,11.79,10.07,-18.69
047920,HLB제약,KOSDAQ,자연과학 및 공학 연구개발업,자연과학 및 공학 연구개발업,바이오·의약품,16640,61.09,0.0,🚫 과열/위험,False,False,False,16640,15440,19040,20944.0,36.3,17.1,41.1,24.3,24.3,40.8,80.4000015258789,0.0,,,🚫 과열/위험,② 상승 후 조정,3.16,-9.37,1.38,13.79,-27.95,0,1.0,0.72,0.78,1.0,0.14,0.06,0.46,67.3,60.8,5.88,25.58,0,0,0.42,-1.01,11.53,25.58,-0.41,0,0,0.98,0.65,1,1,15339.0,17006,-2.15,-0.0626,0.75,-0.26,False,O,▲,17189,▲,X,X,3.02625,-0.5881250000000001,7.0,2,20.1,13.6,2.0,0.0,📉 매도세 우위. 💸 자금 유입 지속. ⚠️ 단기 급등 조정 주의.,0,0,,,56.7,44.8,67.3,🌤 중립,1.철강·금속(+18.4%) / 2.반도체(+15.7%) / 3.IT/전기전자(+13.8%) / 4.조선·기계·설비(+12.6%) / 5.기타(+11.3%),2,225,20260109,20260109,28.76,11.79,25.58,13.79
105560,KB금융,KOSPI,기타 금융업,기타 금융업,금융,126600,839.33,0.0,👀 트리거 대기,True,False,True,126600,121600,136600,150260.0,36.2,52.7,32.1,30.7,30.7,42.0,35.20000076293945,0.0,,,👀 트리거 대기,④ 바닥 반등 시도,0.48,6.84,-10.21,-14.6,-36.39,4,1.0,0.39,0.95,1.0,0.01,0.76,0.6,56.4,53.8,1.19,3.48,1,1,2.51,2.68,0.48,14.16,-1.06,0,0,1.05,0.81,1,1,121190.0,125429,0.93,0.0015,1.4,-0.25,True,O,▲,125218,▼,O,X,0.47818181818181804,-7.147272727272727,12.0,3,29.5,0.8,2.0,0.0,🌪️ 에너지 응축 시작 (4일차). 🧱 구조적 지지선(Swing Low) 근접. 📉 매도세 우위. ✅ 20일선 눌림목 구간.,0,0,,,56.7,44.8,67.3,🌤 중립,1.철강·금속(+18.4%) / 2.반도체(+15.7%) / 3.IT/전기전자(+13.8%) / 4.조선·기계·설비(+12.6%) / 5.기타(+11.3%),4,226,20260109,20260109,28.76,11.79,14.16,-14.6
368770,파이버프로,KOSDAQ,"측정, 시험, 항해, 제어 및 기타 정밀기기 제조업; 광학기기 제외","측정, 시험, 항해, 제어 및 기타 정밀기기 제조업; 광학기기 제외",기타,15830,164.85,0.0,🚫 과열/위험,False,False,False,11460,9160,16040,17644.0,36.1,77.3,25.8,3.0,3.0,39.8,79.0999984741211,0.0,,,🚫 과열/위험,⑤ 하락 / 약세,101.14,165.6,99.36,154.71,147.02,0,0.99,1.0,0.0,0.0,0.69,0.15,0.42,82.1,89.3,45.07,86.28,0,0,9.32,23.67,57.04,166.5,24.19,0,0,1.91,0.98,1,1,10957.0,14142,11.93,0.1621,1.64,1.59,False,O,▲,14350,▲,O,X,6.702016806722689,14.332689075630253,5.0,0,65.3,68.6,0.031484257871064465,38.132635253054104,💪 매수세 장악(Power Buying). 💰 외국인/기관 수급 집중. 🚀 단기 모멘텀 가속. ⚠️ 단기 급등 조정 주의.,0,0,,,56.7,44.8,67.3,🌤 중립,1.철강·금속(+18.4%) / 2.반도체(+15.7%) / 3.IT/전기전자(+13.8%) / 4.조선·기계·설비(+12.6%) / 5.기타(+11.3%),5,227,20260109,20260109,28.76,11.79,166.5,154.71
328130,루닛,KOSDAQ,소프트웨어 개발 및 공급업,소프트웨어 개발 및 공급업,IT/전기전자,39150,123.39,0.0,⚪ 관망,False,False,False,39150,36500,44450,48895.00000000001,36.1,14.5,41.5,30.9,30.9,40.6,66.19999694824219,0.0,,,⚪ 관망,⑤ 하락 / 약세,4.4,-15.44,2.62,-14.64,-34.02,0,1.0,0.68,0.86,1.0,0.0,0.11,0.28,53.5,56.6,-3.63,26.32,0,0,-2.12,-10.92,-9.27,-2.85,2.62,1,0,2.01,0.31,0,1,36730.0,40190,-2.59,-0.499,0.71,-0.35,True,X,▲,42360,▼,X,X,6.871449275362319,18.37304347826087,3.0,3,26.5,0.0,2.0,0.0,🧱 구조적 지지선(Swing Low) 근접. 📉 매도세 우위. ,0,0,,,56.7,44.8,67.3,🌤 중립,1.철강·금속(+18.4%) / 2.반도체(+15.7%) / 3.IT/전기전자(+13.8%) / 4.조선·기계·설비(+12.6%) / 5.기타(+11.3%),5,228,20260109,20260109,28.76,11.79,-2.85,-14.64
083650,비에이치아이,KOSDAQ,일반 목적용 기계 제조업,일반 목적용 기계 제조업,조선·기계·설비,54100,656.03,0.0,⚪ 관망,False,False,False,54100,49650,63000,69300.0,36.1,3.9,44.2,29.9,29.9,30.5,77.69999694824219,0.0,,,⚪ 관망,⑤ 하락 / 약세,5.46,48.02,3.68,-10.29,29.44,0,1.0,0.82,0.59,1.0,0.0,0.6,0.3,47.3,28.8,-1.72,21.23,0,0,1.88,2.66,-2.52,1.5,0.2,0,0,1.55,0.23,0,1,49320.0,56047,-3.47,-0.0426,0.27,-1.19,False,O,▲,54452,▲,X,X,3.470909090909091,18.752727272727274,4.0,2,1.2,0.0,2.0,0.0,📉 매도세 우위. ✅ 20일선 눌림목 구간.,0,0,,,56.7,44.8,67.3,🌤 중립,1.철강·금속(+18.4%) / 2.반도체(+15.7%) / 3.IT/전기전자(+13.8%) / 4.조선·기계·설비(+12.6%) / 5.기타(+11.3%),5,229,20260109,20260109,28.76,11.79,1.5,-10.29
437730,삼현,KOSDAQ,자동차 신품 부품 제조업,자동차 신품 부품 제조업,자동차·모빌리티,64500,524.41,0.0,🚫 과열/위험,False,False,False,57600,46000,80800,88880.0,35.7,64.4,28.5,3.0,3.0,34.9,88.0999984741211,0.0,,,🚫 과열/위험,⑤ 하락 / 약세,36.65,401.17,34.87,116.13,382.59,0,1.0,1.0,0.0,0.0,0.38,0.48,0.1,71.0,78.8,17.55,40.48,0,0,0.94,15.8,4.37,127.92,23.58,0,0,1.84,0.93,1,1,44620.0,60468,6.67,0.1884,0.49,0.17,False,O,▲,61079,▲,O,X,9.321153846153846,11.11576923076923,6.0,0,68.1,38.4,0.8810810810810811,11.979166666666668,📉 매도세 우위. 💰 외국인/기관 수급 집중. 🚀 단기 모멘텀 가속. ⚠️ 단기 급등 조정 주의.,0,0,,,56.7,44.8,67.3,🌤 중립,1.철강·금속(+18.4%) / 2.반도체(+15.7%) / 3.IT/전기전자(+13.8%) / 4.조선·기계·설비(+12.6%) / 5.기타(+11.3%),5,230,20260109,20260109,28.76,11.79,127.92,116.13
294870,HDC현대산업개발,KOSPI,건물 건설업,건물 건설업,건설·부동산,20650,55.9,0.0,⚪ 관망,False,False,False,20650,19690,22600,24860.000000000004,35.7,18.9,39.9,30.3,30.3,43.1,62.400001525878906,0.0,,⚡눌림회복,⚪ 관망,⑤ 하락 / 약세,3.98,-13.05,-6.71,-26.53,-56.28,0,1.0,0.47,0.99,1.0,0.0,0.05,0.34,37.8,34.6,-1.68,9.24,0,1,1.98,-1.2,-2.36,2.23,1.77,0,0,1.24,0.37,0,1,19903.0,20700,-0.24,-0.1096,0.55,-1.31,True,O,▲,20687,▼,X,X,5.8183333333333325,-7.065,9.0,3,7.6,0.0,2.03125,0.0,🔇 변동성 축소 (BW 9.2%). 🧱 구조적 지지선(Swing Low) 근접. 📉 매도세 우위. ✅ 20일선 눌림목 구간.,0,0,,,56.7,44.8,67.3,🌤 중립,1.철강·금속(+18.4%) / 2.반도체(+15.7%) / 3.IT/전기전자(+13.8%) / 4.조선·기계·설비(+12.6%) / 5.기타(+11.3%),5,231,20260109,20260109,28.76,11.79,2.23,-26.53
039440,에스티아이,KOSDAQ,특수 목적용 기계 제조업,특수 목적용 기계 제조업,조선·기계·설비,30700,65.53,0.0,⚪ 관망,False,False,False,30700,29000,34100,37510.0,35.7,12.7,41.4,30.5,30.5,39.2,66.9000015258789,0.0,,,⚪ 관망,② 상승 후 조정,6.6,67.58,4.82,22.86,49.0,0,1.0,0.55,0.99,1.0,0.0,0.06,0.38,50.5,45.7,-1.38,20.67,0,0,-2.69,-7.81,-2.69,34.65,7.64,0,0,1.35,0.37,0,1,29715.0,33430,-8.17,-0.3268,0.69,-1.07,True,O,▲,33193,▼,X,X,3.470909090909091,18.752727272727274,4.0,3,23.1,0.0,2.0,0.0,🧱 구조적 지지선(Swing Low) 근접. 📉 매도세 우위. ✅ 20일선 눌림목 구간.,0,0,,,56.7,44.8,67.3,🌤 중립,1.철강·금속(+18.4%) / 2.반도체(+15.7%) / 3.IT/전기전자(+13.8%) / 4.조선·기계·설비(+12.6%) / 5.기타(+11.3%),2,232,20260109,20260109,28.76,11.79,34.65,22.86
023160,태광,KOSDAQ,1차 철강 제조업,1차 철강 제조업,철강·금속,22800,482.52,0.0,⚪ 관망,False,False,False,22800,21050,26300,28930.000000000004,35.6,64.6,28.4,20.3,20.3,39.9,47.20000076293945,0.0,,,⚪ 관망,④ 바닥 반등 시도,-6.37,18.75,-8.15,-26.56,0.17,0,1.0,0.77,0.7,1.0,0.34,0.44,0.74,45.2,40.1,-0.26,18.98,0,0,4.83,8.83,-1.51,-14.77,-7.98,0,0,2.36,0.48,0,-1,23900.0,21983,3.71,0.1936,1.6,1.64,False,X,▲,21307,▲,O,X,10.6625,23.484166666666667,1.0,2,7.6,34.1,2.0,0.0,💪 매수세 장악(Power Buying). 🚀 단기 모멘텀 가속. ✅ 20일선 눌림목 구간.,0,0,,,56.7,44.8,67.3,🌤 중립,1.철강·금속(+18.4%) / 2.반도체(+15.7%) / 3.IT/전기전자(+13.8%) / 4.조선·기계·설비(+12.6%) / 5.기타(+11.3%),4,233,20260109,20260109,28.76,11.79,-14.77,-26.56
457190,이수스페셜티케미컬,KOSPI,기초 화학물질 제조업,기초 화학물질 제조업,화학·소재,57500,243.13,0.0,⚪ 관망,False,False,False,57500,53600,65300,71830.0,35.6,10.2,42.0,26.9,26.9,36.2,77.19999694824219,0.0,,,⚪ 관망,⑤ 하락 / 약세,-15.94,38.39,-26.63,-16.46,-4.84,0,1.0,0.68,0.85,1.0,0.04,0.22,0.3,48.1,50.2,-2.66,22.13,0,0,-0.52,2.5,3.42,12.3,4.59,0,0,1.75,0.3,0,-1,65620.0,59996,-4.16,-0.096,0.47,0.14,True,O,▲,58805,▲,X,X,-0.5652777777777778,-6.286944444444445,11.0,2,13.5,4.0,2.0,0.0,🧱 구조적 지지선(Swing Low) 근접. 📉 매도세 우위. ,0,0,,,56.7,44.8,67.3,🌤 중립,1.철강·금속(+18.4%) / 2.반도체(+15.7%) / 3.IT/전기전자(+13.8%) / 4.조선·기계·설비(+12.6%) / 5.기타(+11.3%),5,234,20260109,20260109,28.76,11.79,12.3,-16.46
092870,엑시콘,KOSDAQ,특수 목적용 기계 제조업,특수 목적용 기계 제조업,조선·기계·설비,16370,59.17,0.0,🚫 과열/위험,False,False,False,16370,14620,19860,21846.0,35.4,14.3,40.7,24.2,24.2,39.2,79.30000305175781,0.0,,,🚫 과열/위험,③ 박스 / 중립,6.02,62.4,4.24,1.11,43.82,0,0.99,1.0,0.2,1.0,0.19,0.05,0.5,61.9,74.6,5.9,26.85,0,0,-3.71,1.43,12.12,12.9,-1.06,0,0,1.21,0.57,1,1,14681.0,17123,-4.4,0.0256,0.88,0.25,False,O,▲,16935,▲,X,X,3.470909090909091,18.752727272727274,4.0,2,13.7,18.8,1.9942857142857142,0.0,📉 매도세 우위. 💰 외국인/기관 수급 집중. 🚀 단기 모멘텀 가속. ⚠️ 단기 급등 조정 주의.,0,0,,,56.7,44.8,67.3,🌤 중립,1.철강·금속(+18.4%) / 2.반도체(+15.7%) / 3.IT/전기전자(+13.8%) / 4.조선·기계·설비(+12.6%) / 5.기타(+11.3%),3,235,20260109,20260109,28.76,11.79,12.9,1.11
190510,나무가,KOSDAQ,전자부품 제조업,전자부품 제조업,IT/전기전자,25450,154.74,0.0,🚫 과열/위험,False,False,False,20200,17720,25100,27610.000000000004,35.3,59.9,29.1,3.0,3.0,45.1,90.0999984741211,0.0,,,🚫 과열/위험,⑤ 하락 / 약세,60.06,80.11,58.28,40.24,61.53,0,0.99,1.0,0.07,0.0,1.0,0.14,0.29,84.4,90.9,32.43,64.69,0,0,3.88,48.48,36.1,52.03,6.3,1,0,11.43,0.93,1,1,20227.0,22737,11.93,0.517,0.57,2.5,False,O,▲,23168,▲,O,X,6.871449275362319,18.37304347826087,3.0,0,62.7,100.0,-0.045278137128072445,25.99009900990099,💪 매수세 장악(Power Buying). 💰 외국인/기관 수급 집중. 🚀 단기 모멘텀 가속. ⚠️ 단기 급등 조정 주의.,0,0,,,56.7,44.8,67.3,🌤 중립,1.철강·금속(+18.4%) / 2.반도체(+15.7%) / 3.IT/전기전자(+13.8%) / 4.조선·기계·설비(+12.6%) / 5.기타(+11.3%),5,236,20260109,20260109,28.76,11.79,52.03,40.24
376300,디어유,KOSDAQ,소프트웨어 개발 및 공급업,소프트웨어 개발 및 공급업,IT/전기전자,36150,59.62,0.0,⚪ 관망,False,False,False,36150,33950,40550,44605.0,35.3,13.9,40.6,35.4,35.4,50.6,52.599998474121094,0.0,,⚡눌림회복,⚪ 관망,⑤ 하락 / 약세,12.09,-38.42,10.31,-22.64,-57.0,0,1.0,0.61,0.94,1.0,0.0,0.05,0.3,47.9,58.5,-1.94,26.72,0,0,-0.14,-9.85,-9.06,-10.85,8.28,0,0,1.31,0.42,0,1,34015.0,37176,-2.76,-0.4887,0.35,-1.68,True,X,▼,38259,▼,X,X,6.871449275362319,18.37304347826087,3.0,3,26.5,0.0,2.0,0.0,🧱 구조적 지지선(Swing Low) 근접. 📉 매도세 우위. ✅ 20일선 눌림목 구간.,0,0,,,56.7,44.8,67.3,🌤 중립,1.철강·금속(+18.4%) / 2.반도체(+15.7%) / 3.IT/전기전자(+13.8%) / 4.조선·기계·설비(+12.6%) / 5.기타(+11.3%),5,237,20260109,20260109,28.76,11.79,-10.85,-22.64
251270,넷마블,KOSPI,소프트웨어 개발 및 공급업,소프트웨어 개발 및 공급업,인터넷/플랫폼·게임,48600,67.45,0.0,👀 트리거 대기,True,False,True,48600,46650,52500,57750.00000000001,35.2,58.1,29.5,25.8,25.8,37.9,38.099998474121094,0.0,,,👀 트리거 대기,⑤ 하락 / 약세,-1.62,-21.23,-12.31,-41.35,-64.46,5,1.0,0.4,0.95,1.0,0.0,0.06,0.43,45.8,62.5,-0.94,4.14,1,1,-0.61,-1.92,-1.02,-12.59,0.0,1,0,0.97,0.32,0,-1,51270.0,48896,-0.61,-0.0146,0.89,-1.15,True,X,▼,48835,▼,X,X,-1.8875,-10.325,15.0,2,19.8,0.0,2.0,0.0,🌪️ 5일 연속 응축 중! 폭발 임박. 🧱 구조적 지지선(Swing Low) 근접. 📉 매도세 우위. 💸 자금 유입 지속. ✅ 20일선 눌림목 구간.,0,0,,,56.7,44.8,67.3,🌤 중립,1.철강·금속(+18.4%) / 2.반도체(+15.7%) / 3.IT/전기전자(+13.8%) / 4.조선·기계·설비(+12.6%) / 5.기타(+11.3%),5,238,20260109,20260109,28.76,11.79,-12.59,-41.35
332570,PS일렉트로닉스,KOSDAQ,전자부품 제조업,전자부품 제조업,IT/전기전자,8140,797.24,0.0,🚫 과열/위험,False,False,False,6340,5320,8380,9218.0,35.2,53.5,30.6,3.0,3.0,37.5,94.9000015258789,0.0,,,🚫 과열/위험,⑤ 하락 / 약세,57.14,153.98,55.36,28.07,135.4,0,1.0,1.0,0.0,0.0,0.73,0.72,0.29,80.3,92.2,34.77,82.25,0,0,3.17,17.29,64.44,39.86,4.02,1,0,3.95,0.92,1,1,6259.0,7808,4.24,0.188,1.01,1.3,False,O,▲,8053,▲,O,X,6.871449275362319,18.37304347826087,3.0,0,57.1,73.1,0.0851063829787234,28.391167192429023,💰 외국인/기관 수급 집중. 🚀 단기 모멘텀 가속. ⚠️ 단기 급등 조정 주의.,0,0,,,56.7,44.8,67.3,🌤 중립,1.철강·금속(+18.4%) / 2.반도체(+15.7%) / 3.IT/전기전자(+13.8%) / 4.조선·기계·설비(+12.6%) / 5.기타(+11.3%),5,239,20260109,20260109,28.76,11.79,39.86,28.07
011780,금호석유화학,KOSPI,기초 화학물질 제조업,기초 화학물질 제조업,화학·소재,121700,559.0,0.0,⚪ 관망,False,False,False,121700,115300,134400,147840.0,35.1,63.9,27.9,20.1,20.1,39.6,46.0,0.0,,,⚪ 관망,④ 바닥 반등 시도,0.0,-2.8,-10.69,-17.11,-46.03,0,0.99,0.52,1.0,1.0,0.05,0.51,0.7,43.8,53.3,-0.13,9.44,0,1,4.37,3.84,-3.41,11.65,-4.06,0,1,1.6,0.51,0,1,116110.0,119102,2.18,0.0303,1.73,0.97,True,O,▲,117972,▼,O,X,-0.5652777777777778,-6.286944444444445,11.0,2,21.4,5.3,1.984375,0.0,🔇 변동성 축소 (BW 9.4%). 🧱 구조적 지지선(Swing Low) 근접. 🚀 단기 모멘텀 가속. ✅ 20일선 눌림목 구간.,0,0,,,56.7,44.8,67.3,🌤 중립,1.철강·금속(+18.4%) / 2.반도체(+15.7%) / 3.IT/전기전자(+13.8%) / 4.조선·기계·설비(+12.6%) / 5.기타(+11.3%),4,240,20260109,20260109,28.76,11.79,11.65,-17.11
069960,현대백화점,KOSPI,종합 소매업,종합 소매업,유통·소비재,91800,82.0,0.0,🚀 집중 공략,True,True,False,91800,84700,106000,116600.00000000001,35.0,44.2,32.7,32.2,32.2,49.7,34.0,0.0,,,🚀 집중 공략,④ 바닥 반등 시도,1.1,10.2,-9.59,-15.84,-33.03,0,1.0,0.77,0.69,1.0,0.43,0.07,0.65,48.4,53.5,1.17,12.02,0,0,1.1,8.13,1.55,12.92,-6.04,0,1,2.0,0.6,1,-1,95450.0,88799,3.38,0.2311,0.87,1.43,False,O,▲,87550,▲,O,X,-2.1766666666666667,-3.841333333333334,10.0,3,28.1,42.6,2.0,0.0,🚀 단기 모멘텀 가속. ✅ 20일선 눌림목 구간.,0,0,,,56.7,44.8,67.3,🌤 중립,1.철강·금속(+18.4%) / 2.반도체(+15.7%) / 3.IT/전기전자(+13.8%) / 4.조선·기계·설비(+12.6%) / 5.기타(+11.3%),4,241,20260109,20260109,28.76,11.79,12.92,-15.84
060280,큐렉소,KOSDAQ,기타 상품 전문 소매업,기타 상품 전문 소매업,유통·소비재,12530,121.33,0.0,⚪ 관망,False,False,False,12530,11920,13740,15114.000000000002,35.0,12.6,40.6,27.0,27.0,38.0,72.19999694824219,0.0,,,⚪ 관망,② 상승 후 조정,-9.2,43.2,-10.98,15.55,24.62,0,0.99,0.48,1.0,1.0,0.0,0.11,0.21,51.7,56.3,-4.47,19.61,0,0,2.29,-7.87,-8.74,27.34,2.7,0,1,1.4,0.25,0,1,11529.0,12762,-1.82,-0.2147,0.51,-2.66,True,O,▲,12836,▼,X,X,-2.1766666666666667,-3.841333333333334,10.0,2,19.9,0.0,1.9836065573770492,0.0,🧱 구조적 지지선(Swing Low) 근접. 📉 매도세 우위. ,0,0,,,56.7,44.8,67.3,🌤 중립,1.철강·금속(+18.4%) / 2.반도체(+15.7%) / 3.IT/전기전자(+13.8%) / 4.조선·기계·설비(+12.6%) / 5.기타(+11.3%),2,242,20260109,20260109,28.76,11.79,27.34,15.55
037270,YG PLUS,KOSPI,"자료처리, 호스팅, 포털 및 기타 인터넷 정보매개 서비스업","자료처리, 호스팅, 포털 및 기타 인터넷 정보매개 서비스업",서비스 기타,6680,87.92,0.0,⚪ 관망,False,False,False,6680,6200,7640,8404.0,34.8,12.7,40.3,26.5,26.5,32.6,72.4000015258789,0.0,,,⚪ 관망,⑤ 하락 / 약세,6.71,-25.86,-3.98,-31.67,-69.09,0,1.0,0.72,0.79,1.0,0.0,0.08,0.33,48.9,55.8,-1.53,17.54,0,0,-2.34,-11.52,-3.05,-2.91,1.77,0,0,0.9,0.32,0,1,6461.0,6908,-3.31,-0.3619,0.41,-1.79,False,X,▼,7053,▼,X,X,0.525,-8.831,14.0,2,6.5,0.0,2.0,0.0,📉 매도세 우위. ✅ 20일선 눌림목 구간.,0,0,,,56.7,44.8,67.3,🌤 중립,1.철강·금속(+18.4%) / 2.반도체(+15.7%) / 3.IT/전기전자(+13.8%) / 4.조선·기계·설비(+12.6%) / 5.기타(+11.3%),5,243,20260109,20260109,28.76,11.79,-2.91,-31.67
097230,HJ중공업,KOSPI,토목 건설업,토목 건설업,건설·부동산,26250,518.12,0.0,🚫 과열/위험,False,False,False,23650,20850,29200,32120.000000000004,34.5,85.4,21.8,3.0,3.0,25.9,65.80000305175781,0.0,,,🚫 과열/위험,④ 바닥 반등 시도,15.64,235.68,4.95,-19.16,192.45,3,0.99,1.0,0.1,0.0,0.78,0.47,0.44,74.1,66.0,16.63,24.39,0,0,6.49,23.24,14.88,9.6,0.49,0,0,1.9,0.99,1,1,21220.0,23993,9.4,0.5401,1.49,2.39,False,O,▲,22898,▲,O,X,5.8183333333333325,-7.065,9.0,0,25.9,77.5,0.5462962962962963,10.993657505285412,💪 매수세 장악(Power Buying). 💸 자금 유입 지속. 🚀 단기 모멘텀 가속. ⚠️ 단기 급등 조정 주의.,0,0,,,56.7,44.8,67.3,🌤 중립,1.철강·금속(+18.4%) / 2.반도체(+15.7%) / 3.IT/전기전자(+13.8%) / 4.조선·기계·설비(+12.6%) / 5.기타(+11.3%),4,244,20260109,20260109,28.76,11.79,9.6,-19.16
475830,오름테라퓨틱,KOSDAQ,기초 의약물질 제조업,기초 의약물질 제조업,기타,143700,672.35,0.0,🚫 과열/위험,False,False,False,113000,95100,148700,163570.0,34.4,63.8,27.1,3.0,3.0,39.0,83.4000015258789,0.0,,,🚫 과열/위험,⑤ 하락 / 약세,66.9,568.37,65.12,302.33,549.79,0,0.99,1.0,0.0,0.0,0.69,0.61,0.28,79.3,73.8,33.53,72.75,0,0,1.13,26.27,50.95,314.12,13.81,0,0,1.76,0.96,1,1,112720.0,132046,8.83,0.1669,0.48,2.42,False,O,▲,138053,▲,O,X,6.702016806722689,14.332689075630253,5.0,0,62.8,69.4,0.102880658436214,27.168141592920353,💪 매수세 장악(Power Buying). 💰 외국인/기관 수급 집중. 🚀 단기 모멘텀 가속. ⚠️ 단기 급등 조정 주의.,0,0,,,56.7,44.8,67.3,🌤 중립,1.철강·금속(+18.4%) / 2.반도체(+15.7%) / 3.IT/전기전자(+13.8%) / 4.조선·기계·설비(+12.6%) / 5.기타(+11.3%),5,245,20260109,20260109,28.76,11.79,314.12,302.33
005930,삼성전자,KOSPI,통신 및 방송 장비 제조업,통신 및 방송 장비 제조업,IT/전기전자,139000,36666.9,0.0,🚫 과열/위험,False,False,False,124300,115300,142100,156310.0,34.4,47.0,31.3,3.0,3.0,33.5,97.30000305175781,0.0,,,🚫 과열/위험,⑤ 하락 / 약세,28.23,122.4,17.54,22.99,79.17,0,0.99,0.72,0.78,0.0,0.3,1.0,0.32,89.4,80.6,17.43,46.21,0,0,0.14,8.17,24.66,51.75,7.98,1,0,1.22,0.87,1,1,125700.0,138745,0.18,0.003,1.12,1.39,False,O,▲,140878,▲,X,X,6.871449275362319,18.37304347826087,3.0,0,68.8,29.6,0.1308016877637131,11.826226870474658,💰 외국인/기관 수급 집중. ⚠️ 단기 급등 조정 주의.,0,0,,,56.7,44.8,67.3,🌤 중립,1.철강·금속(+18.4%) / 2.반도체(+15.7%) / 3.IT/전기전자(+13.8%) / 4.조선·기계·설비(+12.6%) / 5.기타(+11.3%),5,246,20260109,20260109,28.76,11.79,51.75,22.99
090360,로보스타,KOSDAQ,특수 목적용 기계 제조업,특수 목적용 기계 제조업,조선·기계·설비,70500,103.13,0.0,🔫 트리거 임박,True,True,False,70500,68700,74000,81400.0,34.4,9.9,40.5,24.5,24.5,45.7,77.69999694824219,0.0,,📦박스돌파,🔫 트리거 임박,③ 박스 / 중립,-8.68,158.72,-10.46,0.29,140.14,4,0.97,0.25,0.74,1.0,0.0,0.09,0.07,47.2,71.8,-8.45,18.83,0,0,-2.22,-11.65,-10.42,12.08,0.86,0,1,1.83,0.05,0,1,65260.0,75737,-6.92,-0.3702,0.28,-3.44,True,O,▲,76909,▼,X,X,3.470909090909091,18.752727272727274,4.0,2,14.3,0.0,1.9444444444444444,0.0,🧱 구조적 지지선(Swing Low) 근접. 📉 매도세 우위. 💰 외국인/기관 수급 집중. 📉 과매도 기술적 반등 기대.,0,0,,,56.7,44.8,67.3,🌤 중립,1.철강·금속(+18.4%) / 2.반도체(+15.7%) / 3.IT/전기전자(+13.8%) / 4.조선·기계·설비(+12.6%) / 5.기타(+11.3%),3,247,20260109,20260109,28.76,11.79,12.08,0.29
099320,쎄트렉아이,KOSDAQ,"항공기,우주선 및 부품 제조업","항공기,우주선 및 부품 제조업",기타,112300,777.82,0.0,🚫 과열/위험,False,False,False,76100,62300,103600,113960.00000000001,34.3,62.5,27.2,3.0,3.0,51.4,83.5999984741211,0.0,,,🚫 과열/위험,⑤ 하락 / 약세,125.96,147.36,124.18,54.09,128.78,0,0.99,1.0,0.0,0.0,0.88,0.71,0.35,91.1,82.4,54.9,114.45,0,0,1.35,26.04,82.31,65.88,23.5,1,0,2.5,0.96,1,1,82820.0,101957,10.14,0.2714,0.94,2.89,False,O,▲,103939,▲,O,X,6.702016806722689,14.332689075630253,5.0,0,84.6,87.8,-0.174,47.56898817345598,💪 매수세 장악(Power Buying). 💰 외국인/기관 수급 집중. 🚀 단기 모멘텀 가속. ⚠️ 단기 급등 조정 주의.,0,0,,,56.7,44.8,67.3,🌤 중립,1.철강·금속(+18.4%) / 2.반도체(+15.7%) / 3.IT/전기전자(+13.8%) / 4.조선·기계·설비(+12.6%) / 5.기타(+11.3%),5,248,20260109,20260109,28.76,11.79,65.88,54.09
256840,한국비엔씨,KOSDAQ,기초 의약물질 제조업,기초 의약물질 제조업,기타,4955,272.57,0.0,⚪ 관망,False,False,False,4955,4435,6000,6600.000000000001,34.3,36.3,33.8,21.9,21.9,43.1,61.599998474121094,0.0,,,⚪ 관망,④ 바닥 반등 시도,-11.36,-2.46,-13.14,-7.58,-21.04,0,1.0,1.0,0.22,1.0,0.58,0.25,0.52,46.3,62.0,-0.35,29.17,0,0,-0.5,8.66,4.43,4.21,-7.07,0,0,4.0,0.4,0,1,4342.0,5055,-1.98,0.297,0.41,1.39,False,X,▲,4732,▲,O,X,6.702016806722689,14.332689075630253,5.0,2,4.0,57.6,2.0096153846153846,0.0,💸 자금 유입 지속. 🚀 단기 모멘텀 가속. ✅ 20일선 눌림목 구간.,0,0,,,56.7,44.8,67.3,🌤 중립,1.철강·금속(+18.4%) / 2.반도체(+15.7%) / 3.IT/전기전자(+13.8%) / 4.조선·기계·설비(+12.6%) / 5.기타(+11.3%),4,249,20260109,20260109,28.76,11.79,4.21,-7.58
068760,셀트리온제약,KOSDAQ,의약품 제조업,의약품 제조업,바이오·의약품,63800,62.47,0.0,🚀 집중 공략,True,True,False,63800,59900,71500,78650.0,34.2,42.5,32.1,31.6,31.6,48.5,33.400001525878906,0.0,,,🚀 집중 공략,① 강한 상승 추세,4.43,21.61,2.65,12.37,3.03,0,0.98,0.6,0.94,1.0,0.22,0.06,0.62,56.3,62.7,3.36,11.34,0,0,0.31,3.07,6.31,24.16,-3.2,0,1,2.83,0.69,1,1,58506.9,64117,-0.5,0.0815,0.51,1.38,False,O,▲,63248,▲,O,X,3.02625,-0.5881250000000001,7.0,3,35.2,21.8,1.9743589743589745,0.0,💸 자금 유입 지속. 🚀 단기 모멘텀 가속. ,0,0,,,56.7,44.8,67.3,🌤 중립,1.철강·금속(+18.4%) / 2.반도체(+15.7%) / 3.IT/전기전자(+13.8%) / 4.조선·기계·설비(+12.6%) / 5.기타(+11.3%),1,250,20260109,20260109,28.76,11.79,24.16,12.37
079900,전진건설로봇,KOSPI,특수 목적용 기계 제조업,특수 목적용 기계 제조업,조선·기계·설비,47700,65.53,0.0,⚪ 관망,False,False,False,47700,45350,52400,57640.00000000001,34.1,22.3,37.1,27.7,27.7,42.3,59.099998474121094,0.0,,⚡눌림회복,⚪ 관망,⑤ 하락 / 약세,3.81,-3.44,-6.88,-23.46,-46.67,0,1.0,0.49,1.0,1.0,0.02,0.06,0.37,44.7,33.0,-1.32,11.65,0,0,2.47,-1.14,2.03,5.3,1.31,0,0,1.24,0.28,0,-1,52280.0,47947,-0.52,-0.0984,0.63,-0.44,True,O,▼,47975,▼,X,X,3.470909090909091,18.752727272727274,4.0,2,4.6,2.4,2.0,0.0,🧱 구조적 지지선(Swing Low) 근접. 📉 매도세 우위. ✅ 20일선 눌림목 구간.,0,0,,,56.7,44.8,67.3,🌤 중립,1.철강·금속(+18.4%) / 2.반도체(+15.7%) / 3.IT/전기전자(+13.8%) / 4.조선·기계·설비(+12.6%) / 5.기타(+11.3%),5,251,20260109,20260109,28.76,11.79,5.3,-23.46
000120,CJ대한통운,KOSPI,도로 화물 운송업,도로 화물 운송업,기타,93500,117.63,0.0,👀 트리거 대기,True,False,True,93500,89700,101000,111100.00000000001,34.0,48.2,30.4,30.0,30.0,38.7,31.5,0.0,,,👀 트리거 대기,④ 바닥 반등 시도,-2.4,-1.37,-13.09,-16.24,-44.6,5,0.98,0.4,0.96,1.0,0.03,0.11,0.44,44.4,49.8,-1.57,6.77,1,1,-0.43,-1.58,-0.21,12.52,0.55,1,0,1.37,0.22,0,1,90480.0,94638,-1.2,0.0192,1.13,-0.87,True,O,▲,94231,▼,X,X,6.702016806722689,14.332689075630253,5.0,3,20.0,3.4,1.9736842105263157,0.0,🌪️ 5일 연속 응축 중! 폭발 임박. 🧱 구조적 지지선(Swing Low) 근접. 📉 매도세 우위. 📈 상승 모멘텀 개선. ✅ 20일선 눌림목 구간.,0,0,,,56.7,44.8,67.3,🌤 중립,1.철강·금속(+18.4%) / 2.반도체(+15.7%) / 3.IT/전기전자(+13.8%) / 4.조선·기계·설비(+12.6%) / 5.기타(+11.3%),4,252,20260109,20260109,28.76,11.79,12.52,-16.24
033780,KT&G,KOSPI,담배 제조업,담배 제조업,기타,142200,262.93,0.0,⚪ 관망,False,False,False,142200,136700,153200,168520.0,33.7,47.4,30.3,29.7,29.7,32.1,31.700000762939453,0.0,,,⚪ 관망,④ 바닥 반등 시도,0.78,1.07,-9.91,-26.53,-42.16,0,1.0,0.39,0.94,1.0,0.07,0.24,0.59,40.5,50.8,-0.97,6.2,0,1,-0.21,1.28,-2.27,2.23,0.29,0,0,1.16,0.27,0,1,137040.0,142014,0.13,0.0395,0.9,1.6,True,O,▲,141784,▼,O,X,6.702016806722689,14.332689075630253,5.0,2,1.8,7.0,2.0,0.0,🔇 변동성 축소 (BW 6.2%). 🧱 구조적 지지선(Swing Low) 근접. 💪 매수세 장악(Power Buying). 🚀 단기 모멘텀 가속. ✅ 20일선 눌림목 구간.,0,0,,,56.7,44.8,67.3,🌤 중립,1.철강·금속(+18.4%) / 2.반도체(+15.7%) / 3.IT/전기전자(+13.8%) / 4.조선·기계·설비(+12.6%) / 5.기타(+11.3%),4,253,20260109,20260109,28.76,11.79,2.23,-26.53
089010,켐트로닉스,KOSDAQ,기타 화학제품 제조업,기타 화학제품 제조업,화학·소재,30500,52.6,0.0,⚪ 관망,False,False,False,30500,28500,34500,37950.0,33.7,18.3,37.5,29.9,29.9,41.8,55.099998474121094,0.0,,,⚪ 관망,⑤ 하락 / 약세,-4.84,40.88,-6.62,-12.44,22.3,3,1.0,0.66,0.89,1.0,0.03,0.05,0.39,51.4,44.3,-0.42,12.66,0,0,-0.16,-3.02,2.87,-0.65,1.57,1,0,3.77,0.44,0,-1,33345.0,31511,-3.21,-0.128,0.47,-1.67,True,X,▲,31411,▲,X,X,-0.5652777777777778,-6.286944444444445,11.0,2,27.7,3.4,2.0,0.0,🧱 구조적 지지선(Swing Low) 근접. 📉 매도세 우위. ✅ 20일선 눌림목 구간.,0,0,,,56.7,44.8,67.3,🌤 중립,1.철강·금속(+18.4%) / 2.반도체(+15.7%) / 3.IT/전기전자(+13.8%) / 4.조선·기계·설비(+12.6%) / 5.기타(+11.3%),5,254,20260109,20260109,28.76,11.79,-0.65,-12.44
105840,우진,KOSPI,"측정, 시험, 항해, 제어 및 기타 정밀기기 제조업; 광학기기 제외","측정, 시험, 항해, 제어 및 기타 정밀기기 제조업; 광학기기 제외",기타,18260,716.16,0.0,⚪ 관망,False,False,False,18260,16360,22050,24255.000000000004,33.6,17.7,37.6,17.2,17.2,36.8,85.0999984741211,0.0,,,⚪ 관망,④ 바닥 반등 시도,5.37,84.26,-5.32,-11.71,41.03,0,0.99,1.0,0.23,1.0,0.31,0.65,0.34,51.1,59.0,-1.65,24.02,0,0,0.88,6.35,-0.16,17.05,-2.11,0,0,2.68,0.3,0,1,16531.0,18654,-2.12,0.1757,0.42,0.1,False,O,▲,18141,▲,O,X,6.702016806722689,14.332689075630253,5.0,1,1.5,31.0,1.9947368421052631,0.0,📉 매도세 우위. 🚀 단기 모멘텀 가속. ✅ 20일선 눌림목 구간.,0,0,,,56.7,44.8,67.3,🌤 중립,1.철강·금속(+18.4%) / 2.반도체(+15.7%) / 3.IT/전기전자(+13.8%) / 4.조선·기계·설비(+12.6%) / 5.기타(+11.3%),4,255,20260109,20260109,28.76,11.79,17.05,-11.71
053700,삼보모터스,KOSDAQ,자동차 신품 부품 제조업,자동차 신품 부품 제조업,자동차·모빌리티,6820,237.65,0.0,🚫 과열/위험,False,False,False,5370,4485,7140,7854.000000000001,33.2,39.0,31.7,3.0,3.0,17.9,98.80000305175781,0.0,,,🚫 과열/위험,② 상승 후 조정,69.86,52.06,68.08,63.08,33.48,0,1.0,1.0,0.0,0.0,0.4,0.22,0.31,73.6,90.1,33.36,116.11,0,0,-9.55,6.23,70.5,74.87,1.42,0,0,8.57,0.66,1,1,5987.0,7525,-9.38,-0.33,0.93,1.61,False,O,▲,7543,▲,X,X,9.321153846153846,11.11576923076923,6.0,0,24.6,40.0,0.13704496788008566,27.001862197392924,💪 매수세 장악(Power Buying). 💰 외국인/기관 수급 집중. ⚠️ 단기 급등 조정 주의.,0,0,,,56.7,44.8,67.3,🌤 중립,1.철강·금속(+18.4%) / 2.반도체(+15.7%) / 3.IT/전기전자(+13.8%) / 4.조선·기계·설비(+12.6%) / 5.기타(+11.3%),2,256,20260109,20260109,28.76,11.79,74.87,63.08
298020,효성티앤씨,KOSPI,화학섬유 제조업,화학섬유 제조업,화학·소재,229000,94.21,0.0,🚀 집중 공략,True,True,False,229000,212500,261500,287650.0,33.1,22.5,35.8,32.0,32.0,49.2,44.70000076293945,0.0,,,🚀 집중 공략,④ 바닥 반등 시도,2.0,-14.39,-8.69,-17.05,-57.62,0,0.98,0.71,0.78,1.0,0.37,0.09,0.7,44.6,57.8,0.43,15.12,0,0,2.92,7.01,-3.78,11.71,-4.34,0,1,1.29,0.62,1,-1,231500.0,220710,3.76,0.2088,1.2,1.59,False,O,▲,216506,▼,O,X,-0.5652777777777778,-6.286944444444445,11.0,3,29.7,36.8,1.9696969696969697,0.0,💪 매수세 장악(Power Buying). 🚀 단기 모멘텀 가속. ✅ 20일선 눌림목 구간.,0,0,,,56.7,44.8,67.3,🌤 중립,1.철강·금속(+18.4%) / 2.반도체(+15.7%) / 3.IT/전기전자(+13.8%) / 4.조선·기계·설비(+12.6%) / 5.기타(+11.3%),4,257,20260109,20260109,28.76,11.79,11.71,-17.05
399720,가온칩스,KOSDAQ,반도체 제조업,반도체 제조업,반도체,61400,287.26,0.0,🚫 과열/위험,False,False,False,53500,47250,65900,72490.0,33.0,68.3,24.2,3.0,3.0,41.8,73.5,0.0,,,🚫 과열/위험,③ 박스 / 중립,21.83,38.91,20.05,-4.45,20.33,0,0.99,1.0,0.11,0.0,0.94,0.26,0.52,72.1,79.5,20.58,39.7,0,0,-4.51,16.29,28.59,7.34,4.34,1,0,2.25,0.77,1,1,48145.0,60103,2.16,0.3453,2.04,2.32,False,O,▲,57401,▲,O,X,10.309333333333335,19.353333333333335,2.0,0,57.5,93.7,0.31802120141342755,14.766355140186915,💪 매수세 장악(Power Buying). 💰 외국인/기관 수급 집중. 🚀 단기 모멘텀 가속. ⚠️ 단기 급등 조정 주의.,0,0,,,56.7,44.8,67.3,🌤 중립,1.철강·금속(+18.4%) / 2.반도체(+15.7%) / 3.IT/전기전자(+13.8%) / 4.조선·기계·설비(+12.6%) / 5.기타(+11.3%),3,258,20260109,20260109,28.76,11.79,7.34,-4.45
087260,모바일어플라이언스,KOSDAQ,소프트웨어 개발 및 공급업,소프트웨어 개발 및 공급업,IT/전기전자,2055,66.54,0.0,🚫 과열/위험,False,False,False,1825,1591,2295,2524.5,32.8,44.2,29.9,3.0,3.0,35.9,92.69999694824219,0.0,,,🚫 과열/위험,③ 박스 / 중립,24.47,2.8,22.69,-0.17,-15.78,1,1.0,1.0,0.05,0.0,0.9,0.06,0.24,77.1,96.4,18.24,37.08,0,0,-2.84,19.2,25.15,11.62,2.56,1,0,7.37,0.65,1,1,1683.0,2008,2.32,0.5169,0.42,1.67,False,O,▼,1949,▲,O,X,6.871449275362319,18.37304347826087,3.0,0,44.8,89.6,0.5172413793103449,12.602739726027398,💪 매수세 장악(Power Buying). 💰 외국인/기관 수급 집중. 🚀 단기 모멘텀 가속. ⚠️ 단기 급등 조정 주의.,0,0,,,56.7,44.8,67.3,🌤 중립,1.철강·금속(+18.4%) / 2.반도체(+15.7%) / 3.IT/전기전자(+13.8%) / 4.조선·기계·설비(+12.6%) / 5.기타(+11.3%),3,259,20260109,20260109,28.76,11.79,11.62,-0.17
419080,엔젯,KOSDAQ,특수 목적용 기계 제조업,특수 목적용 기계 제조업,조선·기계·설비,10890,282.5,0.0,🚫 과열/위험,False,False,False,8690,6460,13150,14465.000000000002,32.7,40.9,30.7,3.0,3.0,44.6,95.19999694824219,0.0,,,🚫 과열/위험,⑤ 하락 / 약세,100.92,48.77,99.14,53.21,30.19,0,1.0,1.0,0.0,0.0,0.9,0.26,0.14,77.0,90.5,31.54,71.28,0,0,-1.0,20.2,50.21,65.0,23.86,0,0,3.12,0.74,1,1,7620.0,10603,2.7,0.2823,0.26,0.97,False,O,▲,10460,▲,O,X,3.470909090909091,18.752727272727274,4.0,0,66.6,89.8,0.510158013544018,25.31645569620253,💰 외국인/기관 수급 집중. 🚀 단기 모멘텀 가속. ⚠️ 단기 급등 조정 주의.,0,0,,,56.7,44.8,67.3,🌤 중립,1.철강·금속(+18.4%) / 2.반도체(+15.7%) / 3.IT/전기전자(+13.8%) / 4.조선·기계·설비(+12.6%) / 5.기타(+11.3%),5,260,20260109,20260109,28.76,11.79,65.0,53.21
015750,성우하이텍,KOSDAQ,자동차 신품 부품 제조업,자동차 신품 부품 제조업,자동차·모빌리티,6740,57.56,0.0,👀 트리거 대기,True,False,True,6740,6320,7580,8338.0,32.6,44.0,29.8,11.0,11.0,39.8,73.69999694824219,0.0,,,👀 트리거 대기,② 상승 후 조정,-4.67,6.98,-6.45,8.78,-11.6,3,1.0,0.62,0.93,1.0,0.0,0.05,0.57,45.3,40.4,-0.77,7.95,1,1,4.5,-0.88,-0.3,20.57,-1.98,1,0,1.53,0.46,0,-1,7326.0,6676,0.94,-0.0295,1.7,-0.76,True,O,▲,6648,▼,O,X,9.321153846153846,11.11576923076923,6.0,1,24.6,0.0,2.0,0.0,🌪️ 에너지 응축 시작 (3일차). 🧱 구조적 지지선(Swing Low) 근접. 📉 매도세 우위. ✅ 20일선 눌림목 구간.,0,0,,,56.7,44.8,67.3,🌤 중립,1.철강·금속(+18.4%) / 2.반도체(+15.7%) / 3.IT/전기전자(+13.8%) / 4.조선·기계·설비(+12.6%) / 5.기타(+11.3%),2,261,20260109,20260109,28.76,11.79,20.57,8.78
030200,KT,KOSPI,전기 통신업,전기 통신업,IT/전기전자,52000,216.94,0.0,⚪ 관망,False,False,False,52000,50200,55500,61050.00000000001,32.6,35.6,31.8,29.3,29.3,40.5,37.5,0.0,,⚡눌림회복,⚪ 관망,④ 바닥 반등 시도,0.78,-10.03,-9.91,-21.76,-53.26,0,0.97,0.34,0.89,1.0,0.02,0.2,0.42,38.3,36.5,-1.29,6.6,0,1,0.97,1.36,-2.07,7.0,0.0,0,0,1.12,0.22,0,1,50835.0,52184,-0.35,0.0086,0.58,0.55,True,O,▼,51918,▼,O,X,6.871449275362319,18.37304347826087,3.0,2,0.6,1.5,1.9444444444444444,0.0,🔇 변동성 축소 (BW 6.6%). 🧱 구조적 지지선(Swing Low) 근접. 📉 매도세 우위. 📈 상승 모멘텀 개선. ✅ 20일선 눌림목 구간.,0,0,,,56.7,44.8,67.3,🌤 중립,1.철강·금속(+18.4%) / 2.반도체(+15.7%) / 3.IT/전기전자(+13.8%) / 4.조선·기계·설비(+12.6%) / 5.기타(+11.3%),4,262,20260109,20260109,28.76,11.79,7.0,-21.76
012450,한화에어로스페이스,KOSPI,"항공기,우주선 및 부품 제조업","항공기,우주선 및 부품 제조업",기타,1214000,3425.26,0.0,🚫 과열/위험,False,False,False,992000,880000,1215000,1336500.0,32.5,92.6,17.5,3.0,3.0,32.2,51.5,0.0,,,🚫 과열/위험,③ 박스 / 중립,26.46,50.43,15.77,1.36,7.2,0,0.99,1.0,0.14,0.0,0.95,1.0,0.6,85.7,91.7,28.51,37.69,0,0,11.38,28.33,34.89,30.12,3.1,0,0,1.48,0.99,1,1,964300.0,1074574,12.97,0.3144,2.52,2.81,False,O,▲,1050078,▲,O,X,6.702016806722689,14.332689075630253,5.0,0,32.8,95.4,0.0029940119760479044,22.379032258064516,💪 매수세 장악(Power Buying). 💰 외국인/기관 수급 집중. 🚀 단기 모멘텀 가속. ⚠️ 단기 급등 조정 주의.,0,0,,,56.7,44.8,67.3,🌤 중립,1.철강·금속(+18.4%) / 2.반도체(+15.7%) / 3.IT/전기전자(+13.8%) / 4.조선·기계·설비(+12.6%) / 5.기타(+11.3%),3,263,20260109,20260109,28.76,11.79,30.12,1.36
474170,루미르,KOSDAQ,"항공기,우주선 및 부품 제조업","항공기,우주선 및 부품 제조업",기타,12630,829.53,0.0,🚫 과열/위험,False,False,False,9850,7750,14040,15444.000000000002,32.4,45.5,29.1,3.0,3.0,50.7,90.0,0.0,,,🚫 과열/위험,⑤ 하락 / 약세,64.45,66.62,62.67,23.43,48.04,0,1.0,1.0,0.0,0.0,1.0,0.75,0.29,77.3,90.4,34.68,70.64,0,0,-3.73,31.02,44.18,35.22,11.48,1,0,2.74,0.78,1,1,9078.0,12049,4.82,0.5129,0.64,1.94,False,O,▲,11691,▲,O,X,6.702016806722689,14.332689075630253,5.0,0,76.7,100.0,0.2889344262295082,28.223350253807105,💪 매수세 장악(Power Buying). 💰 외국인/기관 수급 집중. 🚀 단기 모멘텀 가속. ⚠️ 단기 급등 조정 주의.,0,0,,,56.7,44.8,67.3,🌤 중립,1.철강·금속(+18.4%) / 2.반도체(+15.7%) / 3.IT/전기전자(+13.8%) / 4.조선·기계·설비(+12.6%) / 5.기타(+11.3%),5,264,20260109,20260109,28.76,11.79,35.22,23.43
271560,오리온,KOSPI,기타 식품 제조업,기타 식품 제조업,유통·소비재,103100,116.59,0.0,⚪ 관망,False,False,False,103100,99900,109400,120340.00000000001,32.2,36.8,31.0,29.3,29.3,39.0,35.0,0.0,,,⚪ 관망,⑤ 하락 / 약세,2.18,-14.79,-8.51,-26.48,-58.02,0,0.98,0.31,0.84,1.0,0.0,0.11,0.5,43.5,56.4,-1.56,6.29,0,1,-1.34,0.0,-2.74,2.28,1.19,1,0,0.43,0.3,0,1,101020.0,103662,-0.54,-0.0158,0.79,1.12,True,X,▼,104109,▼,X,X,-2.1766666666666667,-3.841333333333334,10.0,2,22.6,0.0,1.96875,0.0,🔇 변동성 축소 (BW 6.3%). 🧱 구조적 지지선(Swing Low) 근접. ✅ 20일선 눌림목 구간.,0,0,,,56.7,44.8,67.3,🌤 중립,1.철강·금속(+18.4%) / 2.반도체(+15.7%) / 3.IT/전기전자(+13.8%) / 4.조선·기계·설비(+12.6%) / 5.기타(+11.3%),5,265,20260109,20260109,28.76,11.79,2.28,-26.48
000650,천일고속,KOSPI,육상 여객 운송업,육상 여객 운송업,기타,273000,55.01,0.0,⚪ 관망,False,False,False,273000,267500,284000,312400.0,32.2,9.6,37.9,17.5,17.5,35.5,85.5,0.0,,,⚪ 관망,② 상승 후 조정,-28.25,546.92,-38.94,559.76,503.69,1,1.0,0.2,0.64,1.0,0.0,0.05,0.02,27.5,73.9,-23.59,64.21,0,0,-4.71,-18.02,-24.17,588.52,0.0,0,0,0.95,0.57,0,1,179500.0,301053,-9.32,-0.1366,0.15,-2.26,False,O,▲,294229,▼,X,X,6.702016806722689,14.332689075630253,5.0,1,13.7,0.0,2.0,0.0,📉 매도세 우위. 💰 외국인/기관 수급 집중. 📉 과매도 기술적 반등 기대.,0,0,,,56.7,44.8,67.3,🌤 중립,1.철강·금속(+18.4%) / 2.반도체(+15.7%) / 3.IT/전기전자(+13.8%) / 4.조선·기계·설비(+12.6%) / 5.기타(+11.3%),2,266,20260109,20260109,28.76,11.79,588.52,559.76
489500,엘케이켐,KOSDAQ,기타 화학제품 제조업,기타 화학제품 제조업,화학·소재,31700,50.86,0.0,🚫 과열/위험,False,False,False,28800,23450,39450,43395.0,32.1,15.8,36.2,16.6,16.6,31.6,82.0,0.0,,,🚫 과열/위험,② 상승 후 조정,36.93,67.9,35.15,36.34,49.32,0,0.99,1.0,0.0,0.0,0.4,0.05,0.08,67.0,77.8,15.54,80.13,0,0,-2.61,-12.19,40.27,48.13,9.18,1,0,1.83,0.61,1,1,26475.0,33917,-6.54,-0.8276,0.38,-1.83,False,O,▲,36001,▲,X,X,-0.5652777777777778,-6.286944444444445,11.0,1,59.0,40.0,0.9393939393939394,10.069444444444445,📉 매도세 우위. 💰 외국인/기관 수급 집중. ⚠️ 단기 급등 조정 주의.,0,0,,,56.7,44.8,67.3,🌤 중립,1.철강·금속(+18.4%) / 2.반도체(+15.7%) / 3.IT/전기전자(+13.8%) / 4.조선·기계·설비(+12.6%) / 5.기타(+11.3%),2,267,20260109,20260109,28.76,11.79,48.13,36.34
211270,AP위성,KOSDAQ,통신 및 방송 장비 제조업,통신 및 방송 장비 제조업,IT/전기전자,15140,250.37,0.0,🚫 과열/위험,False,False,False,13200,11110,17380,19118.0,32.0,43.3,29.2,3.0,3.0,35.6,90.30000305175781,0.0,,,🚫 과열/위험,⑤ 하락 / 약세,40.84,20.45,39.06,9.52,1.87,0,1.0,1.0,0.0,0.0,0.47,0.23,0.34,76.7,79.9,20.43,46.65,0,0,-1.88,11.49,29.29,21.31,7.41,1,0,2.84,0.77,1,1,11343.0,14887,1.69,0.0683,1.35,1.24,False,O,▲,14796,▲,O,X,6.871449275362319,18.37304347826087,3.0,0,65.6,46.6,0.5558312655086849,14.696969696969697,💰 외국인/기관 수급 집중. 🚀 단기 모멘텀 가속. ⚠️ 단기 급등 조정 주의.,0,0,,,56.7,44.8,67.3,🌤 중립,1.철강·금속(+18.4%) / 2.반도체(+15.7%) / 3.IT/전기전자(+13.8%) / 4.조선·기계·설비(+12.6%) / 5.기타(+11.3%),5,268,20260109,20260109,28.76,11.79,21.31,9.52
451760,컨텍,KOSDAQ,"컴퓨터 프로그래밍, 시스템 통합 및 관리업","컴퓨터 프로그래밍, 시스템 통합 및 관리업",IT/전기전자,13910,284.1,0.0,🚫 과열/위험,False,False,False,11440,9050,16220,17842.0,32.0,43.0,29.3,3.0,3.0,42.9,90.5999984741211,0.0,,,🚫 과열/위험,⑤ 하락 / 약세,74.09,53.03,72.31,46.82,34.45,0,1.0,1.0,0.0,0.0,0.39,0.26,0.3,81.3,80.1,27.68,77.08,0,0,-4.0,17.78,31.1,58.61,28.66,1,0,2.39,0.81,1,1,10203.0,13540,2.73,0.0148,0.79,1.76,False,O,▲,14077,▲,X,X,6.871449275362319,18.37304347826087,3.0,0,87.5,39.3,0.47530864197530864,21.59090909090909,💪 매수세 장악(Power Buying). 💰 외국인/기관 수급 집중. 📈 상승 모멘텀 개선. ⚠️ 단기 급등 조정 주의.,0,0,,,56.7,44.8,67.3,🌤 중립,1.철강·금속(+18.4%) / 2.반도체(+15.7%) / 3.IT/전기전자(+13.8%) / 4.조선·기계·설비(+12.6%) / 5.기타(+11.3%),5,269,20260109,20260109,28.76,11.79,58.61,46.82
117730,티로보틱스,KOSDAQ,특수 목적용 기계 제조업,특수 목적용 기계 제조업,조선·기계·설비,18340,61.34,0.0,⚪ 관망,False,False,False,18340,17640,19740,21714.0,32.0,7.6,38.1,22.5,22.5,34.9,74.5999984741211,0.0,,,⚪ 관망,② 상승 후 조정,1.38,56.89,-0.4,28.96,38.31,1,1.0,0.38,0.93,1.0,0.0,0.06,0.16,52.5,60.4,-4.51,20.69,0,0,-0.33,-9.43,-9.43,40.75,4.35,0,0,2.9,0.25,0,1,15873.0,19379,-5.36,-0.4405,0.2,-3.62,True,O,▲,19577,▼,X,X,3.470909090909091,18.752727272727274,4.0,2,12.2,0.0,2.0,0.0,🧱 구조적 지지선(Swing Low) 근접. 📉 매도세 우위. 💸 자금 유입 지속. ,0,0,,,56.7,44.8,67.3,🌤 중립,1.철강·금속(+18.4%) / 2.반도체(+15.7%) / 3.IT/전기전자(+13.8%) / 4.조선·기계·설비(+12.6%) / 5.기타(+11.3%),2,270,20260109,20260109,28.76,11.79,40.75,28.96
290740,액트로,KOSDAQ,전자부품 제조업,전자부품 제조업,IT/전기전자,18410,222.39,0.0,🚫 과열/위험,False,False,False,14610,10800,22250,24475.000000000004,31.8,32.4,31.7,3.0,3.0,31.4,98.5999984741211,0.0,,,🚫 과열/위험,② 상승 후 조정,162.62,237.18,160.84,232.32,218.6,0,1.0,1.0,0.0,0.0,0.22,0.2,0.19,69.3,71.9,32.29,97.84,0,0,5.68,8.04,18.32,244.11,89.44,0,0,2.74,0.94,1,1,12012.0,16961,8.54,-0.2617,0.7,0.81,False,O,▲,17832,▲,O,X,6.871449275362319,18.37304347826087,3.0,0,67.7,21.6,0.5045992115637319,26.00958247775496,💰 외국인/기관 수급 집중. ⚠️ 단기 급등 조정 주의.,0,0,,,56.7,44.8,67.3,🌤 중립,1.철강·금속(+18.4%) / 2.반도체(+15.7%) / 3.IT/전기전자(+13.8%) / 4.조선·기계·설비(+12.6%) / 5.기타(+11.3%),2,271,20260109,20260109,28.76,11.79,244.11,232.32
214430,아이쓰리시스템,KOSDAQ,전자부품 제조업,전자부품 제조업,IT/전기전자,91000,153.43,0.0,🚫 과열/위험,False,False,False,80200,70100,100500,110550.00000000001,31.7,87.5,17.7,3.0,3.0,38.6,52.099998474121094,0.0,,,🚫 과열/위험,⑤ 하락 / 약세,23.14,-12.33,21.36,10.36,-30.91,0,1.0,1.0,0.06,0.0,0.5,0.14,0.45,73.6,78.3,19.11,32.77,0,0,4.84,14.04,22.64,22.15,11.23,1,0,1.01,1.0,1,1,69800.0,84419,7.79,0.134,1.85,1.52,False,O,▲,84633,▲,O,X,6.871449275362319,18.37304347826087,3.0,0,71.4,50.3,0.45454545454545453,13.466334164588527,💪 매수세 장악(Power Buying). 💰 외국인/기관 수급 집중. 🚀 단기 모멘텀 가속. ⚠️ 단기 급등 조정 주의.,0,0,,,56.7,44.8,67.3,🌤 중립,1.철강·금속(+18.4%) / 2.반도체(+15.7%) / 3.IT/전기전자(+13.8%) / 4.조선·기계·설비(+12.6%) / 5.기타(+11.3%),5,272,20260109,20260109,28.76,11.79,22.15,10.36
281740,레이크머티리얼즈,KOSDAQ,기타 화학제품 제조업,기타 화학제품 제조업,화학·소재,14800,62.27,0.0,⚪ 관망,False,False,False,14800,13650,17100,18810.0,31.7,8.7,37.4,25.4,25.4,35.4,65.5,0.0,,,⚪ 관망,③ 박스 / 중립,-1.33,25.74,-3.11,-0.43,7.16,2,1.0,0.78,0.68,1.0,0.0,0.06,0.35,52.5,48.9,-1.3,15.35,0,0,-0.34,3.28,-1.66,11.36,3.49,0,0,1.79,0.41,0,-1,16700.0,15249,-2.95,-0.11,0.42,0.12,False,O,▲,15073,▼,X,X,-0.5652777777777778,-6.286944444444445,11.0,2,13.5,0.0,2.0,0.0,📉 매도세 우위. ✅ 20일선 눌림목 구간.,0,0,,,56.7,44.8,67.3,🌤 중립,1.철강·금속(+18.4%) / 2.반도체(+15.7%) / 3.IT/전기전자(+13.8%) / 4.조선·기계·설비(+12.6%) / 5.기타(+11.3%),3,273,20260109,20260109,28.76,11.79,11.36,-0.43
005380,현대차,KOSPI,자동차용 엔진 및 자동차 제조업,자동차용 엔진 및 자동차 제조업,자동차·모빌리티,366000,11261.59,0.0,🚫 과열/위험,False,False,False,317500,289500,373000,410300.00000000006,31.4,77.6,19.9,3.0,3.0,30.4,59.20000076293945,0.0,,,🚫 과열/위험,⑤ 하락 / 약세,19.22,68.66,8.53,35.37,25.43,0,0.99,0.87,0.48,0.0,0.92,1.0,0.41,84.2,94.8,21.09,30.5,0,0,7.49,22.61,27.53,64.13,1.44,0,0,1.45,0.97,1,1,298500.0,337810,8.34,0.4581,1.91,1.06,False,O,▲,327758,▲,O,X,9.321153846153846,11.11576923076923,6.0,0,29.8,92.5,0.0915032679738562,15.275590551181104,💰 외국인/기관 수급 집중. 🚀 단기 모멘텀 가속. ⚠️ 단기 급등 조정 주의.,0,0,,,56.7,44.8,67.3,🌤 중립,1.철강·금속(+18.4%) / 2.반도체(+15.7%) / 3.IT/전기전자(+13.8%) / 4.조선·기계·설비(+12.6%) / 5.기타(+11.3%),5,274,20260109,20260109,28.76,11.79,64.13,35.37
067000,조이시티,KOSDAQ,소프트웨어 개발 및 공급업,소프트웨어 개발 및 공급업,IT/전기전자,1979,190.65,0.0,⚪ 관망,False,False,False,1979,1813,2315,2546.5,31.4,34.0,30.7,13.5,13.5,42.3,70.80000305175781,0.0,,,⚪ 관망,③ 박스 / 중립,-9.22,-16.85,-11.0,-4.24,-35.43,1,1.0,0.85,0.56,1.0,0.0,0.17,0.32,44.9,63.9,-4.62,19.54,0,0,5.27,-8.8,-2.03,7.55,-7.96,1,1,3.39,0.25,0,1,1739.8,2001,-1.11,-0.1679,1.23,-1.21,False,O,▲,1961,▼,O,X,6.871449275362319,18.37304347826087,3.0,1,30.8,0.0,2.0240963855421685,0.0,📉 매도세 우위. 💸 자금 유입 지속. ,0,0,,,56.7,44.8,67.3,🌤 중립,1.철강·금속(+18.4%) / 2.반도체(+15.7%) / 3.IT/전기전자(+13.8%) / 4.조선·기계·설비(+12.6%) / 5.기타(+11.3%),3,275,20260109,20260109,28.76,11.79,7.55,-4.24
217330,싸이토젠,KOSDAQ,자연과학 및 공학 연구개발업,자연과학 및 공학 연구개발업,기타,8200,61.32,0.0,🚫 과열/위험,False,False,False,7240,5050,11630,12793.000000000002,31.4,31.5,31.4,3.0,3.0,36.9,97.5999984741211,0.0,,,🚫 과열/위험,② 상승 후 조정,115.51,173.33,113.73,143.26,154.75,0,1.0,1.0,0.0,0.0,0.27,0.06,0.07,67.5,73.6,18.84,121.31,0,0,3.27,-9.99,22.75,155.05,96.09,1,0,2.04,0.66,1,1,5386.0,8490,-3.42,-1.2087,0.45,-1.12,False,O,▲,9516,▼,X,X,6.702016806722689,14.332689075630253,5.0,0,78.9,26.8,1.0888888888888888,13.259668508287293,📉 매도세 우위. 💰 외국인/기관 수급 집중. ⚠️ 단기 급등 조정 주의.,0,0,,,56.7,44.8,67.3,🌤 중립,1.철강·금속(+18.4%) / 2.반도체(+15.7%) / 3.IT/전기전자(+13.8%) / 4.조선·기계·설비(+12.6%) / 5.기타(+11.3%),2,276,20260109,20260109,28.76,11.79,155.05,143.26
064260,다날,KOSDAQ,소프트웨어 개발 및 공급업,소프트웨어 개발 및 공급업,IT/전기전자,7120,155.54,0.0,👀 트리거 대기,True,False,True,7120,6640,8080,8888.0,31.4,26.8,32.5,41.1,41.1,55.4,12.300000190734863,0.0,,⚡눌림회복,👀 트리거 대기,⑤ 하락 / 약세,10.39,-13.38,8.61,-37.47,-31.96,2,1.0,0.67,0.86,1.0,0.0,0.14,0.4,56.7,83.1,-0.78,14.66,1,0,3.79,-3.0,-5.7,-25.68,5.12,1,0,1.49,0.47,0,1,6260.0,7181,-0.86,-0.2801,0.63,-0.56,True,X,▼,7234,▼,X,X,6.871449275362319,18.37304347826087,3.0,4,38.5,0.0,2.0,0.0,🌪️ 에너지 응축 시작 (2일차). 🧱 구조적 지지선(Swing Low) 근접. 📉 매도세 우위. 💰 외국인/기관 수급 집중. ✅ 20일선 눌림목 구간.,0,0,,,56.7,44.8,67.3,🌤 중립,1.철강·금속(+18.4%) / 2.반도체(+15.7%) / 3.IT/전기전자(+13.8%) / 4.조선·기계·설비(+12.6%) / 5.기타(+11.3%),5,277,20260109,20260109,28.76,11.79,-25.68,-37.47
011210,현대위아,KOSPI,자동차 신품 부품 제조업,자동차 신품 부품 제조업,자동차·모빌리티,91600,597.97,0.0,🚫 과열/위험,False,False,False,77400,66700,98700,108570.00000000001,31.3,92.0,16.1,3.0,3.0,37.4,46.79999923706055,0.0,,,🚫 과열/위험,⑤ 하락 / 약세,39.21,75.14,28.52,58.75,31.91,0,0.99,1.0,0.02,0.0,0.74,0.54,0.4,76.3,84.8,24.29,33.93,0,0,9.31,15.51,27.4,87.51,10.25,0,0,1.44,0.88,1,1,71210.0,84325,8.63,0.2349,3.15,-1.31,False,O,▲,80483,▲,O,X,9.321153846153846,11.11576923076923,6.0,0,56.6,73.7,0.285140562248996,18.34625322997416,📉 매도세 우위. 💰 외국인/기관 수급 집중. 🚀 단기 모멘텀 가속. ⚠️ 단기 급등 조정 주의.,0,0,,,56.7,44.8,67.3,🌤 중립,1.철강·금속(+18.4%) / 2.반도체(+15.7%) / 3.IT/전기전자(+13.8%) / 4.조선·기계·설비(+12.6%) / 5.기타(+11.3%),5,278,20260109,20260109,28.76,11.79,87.51,58.75
361390,제노코,KOSDAQ,통신 및 방송 장비 제조업,통신 및 방송 장비 제조업,IT/전기전자,24500,194.49,0.0,🚫 과열/위험,False,False,False,18870,14990,26650,29315.000000000004,31.3,43.6,28.2,3.0,3.0,51.2,87.0999984741211,0.0,,,🚫 과열/위험,⑤ 하락 / 약세,71.57,37.87,69.79,42.01,19.29,0,1.0,1.0,0.0,0.0,1.0,0.18,0.45,79.8,86.0,36.31,77.48,0,0,-4.11,26.48,50.96,53.8,12.95,1,0,2.74,0.73,1,1,17422.0,23698,3.38,0.4344,1.89,1.56,False,O,▲,23074,▲,O,X,6.871449275362319,18.37304347826087,3.0,0,78.0,100.0,0.22607781282860148,29.83571807101219,💪 매수세 장악(Power Buying). 💰 외국인/기관 수급 집중. 🚀 단기 모멘텀 가속. ⚠️ 단기 급등 조정 주의.,0,0,,,56.7,44.8,67.3,🌤 중립,1.철강·금속(+18.4%) / 2.반도체(+15.7%) / 3.IT/전기전자(+13.8%) / 4.조선·기계·설비(+12.6%) / 5.기타(+11.3%),5,279,20260109,20260109,28.76,11.79,53.8,42.01
060720,KH바텍,KOSDAQ,전자부품 제조업,전자부품 제조업,IT/전기전자,10880,378.43,0.0,🔫 트리거 임박,True,True,False,10880,10130,12370,13607.000000000002,31.3,16.7,34.9,18.1,18.1,53.2,74.0999984741211,0.0,,📦박스돌파,🔫 트리거 임박,⑤ 하락 / 약세,-6.37,-8.72,-8.15,-23.55,-27.3,3,0.99,0.68,0.84,1.0,0.0,0.34,0.36,39.2,34.6,-3.78,9.14,0,1,0.93,-4.48,-4.56,-11.76,-7.51,1,1,1.25,0.37,0,-1,11735.0,10977,-0.89,-0.0896,1.3,-2.25,False,X,▼,11002,▼,X,X,6.871449275362319,18.37304347826087,3.0,1,33.0,0.0,1.9866666666666666,0.0,🔇 변동성 축소 (BW 9.1%). 📉 매도세 우위. ,0,0,,,56.7,44.8,67.3,🌤 중립,1.철강·금속(+18.4%) / 2.반도체(+15.7%) / 3.IT/전기전자(+13.8%) / 4.조선·기계·설비(+12.6%) / 5.기타(+11.3%),5,280,20260109,20260109,28.76,11.79,-11.76,-23.55
089970,브이엠,KOSDAQ,특수 목적용 기계 제조업,특수 목적용 기계 제조업,조선·기계·설비,27100,112.13,0.0,⚪ 관망,False,False,False,27100,26500,28300,31130.000000000004,31.0,13.6,35.4,20.5,20.5,34.1,70.30000305175781,0.0,,,⚪ 관망,② 상승 후 조정,-7.82,157.6,-9.6,16.04,139.02,3,1.0,0.22,0.68,1.0,0.0,0.1,0.22,46.1,63.8,-6.59,20.67,0,0,-5.24,-11.15,-2.34,27.83,3.84,0,0,0.89,0.14,0,1,25830.0,30331,-10.65,-0.4066,0.99,-2.55,True,O,▲,30478,▼,X,X,3.470909090909091,18.752727272727274,4.0,2,10.3,0.0,2.0,0.0,🧱 구조적 지지선(Swing Low) 근접. 📉 매도세 우위. 💸 자금 유입 지속. 📉 과매도 기술적 반등 기대.,0,0,,,56.7,44.8,67.3,🌤 중립,1.철강·금속(+18.4%) / 2.반도체(+15.7%) / 3.IT/전기전자(+13.8%) / 4.조선·기계·설비(+12.6%) / 5.기타(+11.3%),2,281,20260109,20260109,28.76,11.79,27.83,16.04
003160,디아이,KOSPI,"측정, 시험, 항해, 제어 및 기타 정밀기기 제조업; 광학기기 제외","측정, 시험, 항해, 제어 및 기타 정밀기기 제조업; 광학기기 제외",기타,28600,197.26,0.0,🚫 과열/위험,False,False,False,23900,20600,30400,33440.0,30.9,42.6,28.0,3.0,3.0,49.1,86.30000305175781,0.0,,,🚫 과열/위험,③ 박스 / 중립,29.71,95.89,19.02,4.26,52.66,0,0.98,1.0,0.02,0.0,0.97,0.18,0.41,75.6,74.2,25.7,57.4,0,0,-1.21,18.67,31.8,33.02,9.89,1,0,2.27,0.84,1,1,22305.0,27920,2.43,0.3697,1.33,2.32,False,O,▲,27572,▲,O,X,6.702016806722689,14.332689075630253,5.0,0,73.9,97.5,0.225,19.665271966527197,💪 매수세 장악(Power Buying). 💰 외국인/기관 수급 집중. 🚀 단기 모멘텀 가속. ⚠️ 단기 급등 조정 주의.,0,0,,,56.7,44.8,67.3,🌤 중립,1.철강·금속(+18.4%) / 2.반도체(+15.7%) / 3.IT/전기전자(+13.8%) / 4.조선·기계·설비(+12.6%) / 5.기타(+11.3%),3,282,20260109,20260109,28.76,11.79,33.02,4.26
484810,티엑스알로보틱스,KOSDAQ,일반 목적용 기계 제조업,일반 목적용 기계 제조업,조선·기계·설비,15040,538.41,0.0,⚪ 관망,False,False,False,15040,14590,15940,17534.0,30.9,9.1,36.4,23.9,23.9,32.3,65.69999694824219,0.0,,,⚪ 관망,⑤ 하락 / 약세,-0.07,7.74,-1.85,-21.3,-10.84,4,1.0,0.3,0.82,1.0,0.0,0.49,0.17,47.9,58.1,-4.21,16.44,0,0,-0.66,-7.84,-5.17,-9.51,2.06,0,0,2.04,0.15,0,1,14366.0,15697,-4.19,-0.2161,0.17,-2.7,True,X,▲,15663,▼,X,X,3.470909090909091,18.752727272727274,4.0,2,5.6,0.0,2.0,0.0,🧱 구조적 지지선(Swing Low) 근접. 📉 매도세 우위. ,0,0,,,56.7,44.8,67.3,🌤 중립,1.철강·금속(+18.4%) / 2.반도체(+15.7%) / 3.IT/전기전자(+13.8%) / 4.조선·기계·설비(+12.6%) / 5.기타(+11.3%),5,283,20260109,20260109,28.76,11.79,-9.51,-21.3
230360,에코마케팅,KOSDAQ,광고업,광고업,미디어·콘텐츠,15910,53.42,0.0,🚫 과열/위험,False,False,False,13070,12100,15000,16500.0,30.8,64.4,22.4,3.0,3.0,31.8,67.80000305175781,0.0,,,🚫 과열/위험,⑤ 하락 / 약세,48.55,71.63,46.77,6.94,53.05,0,0.99,0.74,0.75,0.0,0.74,0.05,0.4,86.8,79.3,27.82,69.04,0,0,0.06,14.38,40.3,18.73,0.19,1,0,0.18,1.0,1,1,13897.0,15903,0.04,0.1924,2.7,-1.31,False,O,▲,15558,▲,O,X,-3.63875,-0.5137499999999995,8.0,0,42.5,73.9,-0.2388451443569554,21.729150726855394,📉 매도세 우위. 💰 외국인/기관 수급 집중. 🚀 단기 모멘텀 가속. ⚠️ 단기 급등 조정 주의.,0,0,,,56.7,44.8,67.3,🌤 중립,1.철강·금속(+18.4%) / 2.반도체(+15.7%) / 3.IT/전기전자(+13.8%) / 4.조선·기계·설비(+12.6%) / 5.기타(+11.3%),5,284,20260109,20260109,28.76,11.79,18.73,6.94
010060,OCI홀딩스,KOSPI,기타 금융업,기타 금융업,금융,101700,165.45,0.0,⚪ 관망,False,False,False,101700,98200,108600,119460.00000000001,30.8,11.2,35.7,22.2,22.2,38.6,67.30000305175781,0.0,,,⚪ 관망,⑤ 하락 / 약세,-0.1,13.25,-10.79,-13.97,-29.98,0,0.98,0.34,0.89,1.0,0.0,0.15,0.18,42.2,38.4,-6.53,25.29,0,0,-0.1,-3.6,-16.57,14.79,1.31,1,0,1.66,0.1,0,-1,118450.0,105116,-3.25,-0.3396,0.72,-1.54,True,X,▲,106687,▼,X,X,0.47818181818181804,-7.147272727272727,12.0,2,21.5,0.0,1.9714285714285715,0.0,🧱 구조적 지지선(Swing Low) 근접. 📉 매도세 우위. 📉 과매도 기술적 반등 기대.,0,0,,,56.7,44.8,67.3,🌤 중립,1.철강·금속(+18.4%) / 2.반도체(+15.7%) / 3.IT/전기전자(+13.8%) / 4.조선·기계·설비(+12.6%) / 5.기타(+11.3%),5,285,20260109,20260109,28.76,11.79,14.79,-13.97
372320,큐로셀,KOSDAQ,자연과학 및 공학 연구개발업,자연과학 및 공학 연구개발업,기타,55200,101.31,0.0,🚫 과열/위험,False,False,False,49600,43750,61300,67430.0,30.7,64.5,22.2,3.0,3.0,29.8,67.0,0.0,,,🚫 과열/위험,⑤ 하락 / 약세,28.52,80.69,26.74,27.96,62.11,1,1.0,1.0,0.1,0.0,0.89,0.09,0.33,87.7,69.5,16.89,33.02,0,0,0.0,18.71,24.18,39.75,0.23,0,0,1.15,0.81,1,1,45905.0,52775,4.59,0.4524,0.77,2.0,False,O,▲,51690,▲,O,X,6.702016806722689,14.332689075630253,5.0,0,30.1,88.5,0.5327510917030568,11.29032258064516,💪 매수세 장악(Power Buying). 💸 자금 유입 지속. 🚀 단기 모멘텀 가속. ⚠️ 단기 급등 조정 주의.,0,0,,,56.7,44.8,67.3,🌤 중립,1.철강·금속(+18.4%) / 2.반도체(+15.7%) / 3.IT/전기전자(+13.8%) / 4.조선·기계·설비(+12.6%) / 5.기타(+11.3%),5,286,20260109,20260109,28.76,11.79,39.75,27.96
483650,달바글로벌,KOSPI,기타 화학제품 제조업,기타 화학제품 제조업,화학·소재,151400,113.35,0.0,⚪ 관망,False,False,False,151400,137000,180200,198220.00000000003,30.6,30.7,30.6,21.7,21.7,34.7,51.400001525878906,0.0,,,⚪ 관망,⑤ 하락 / 약세,9.55,-36.39,-1.14,-27.83,-79.62,0,1.0,0.95,0.36,1.0,0.02,0.1,0.56,47.0,40.6,1.17,16.94,0,0,8.14,-1.17,1.61,0.93,-1.86,0,0,0.87,0.53,1,1,138740.0,144878,4.5,-0.096,1.16,-0.57,False,O,▼,143202,▼,O,X,-0.5652777777777778,-6.286944444444445,11.0,2,10.8,1.9,2.0,0.0,📉 매도세 우위. ✅ 20일선 눌림목 구간.,0,0,,,56.7,44.8,67.3,🌤 중립,1.철강·금속(+18.4%) / 2.반도체(+15.7%) / 3.IT/전기전자(+13.8%) / 4.조선·기계·설비(+12.6%) / 5.기타(+11.3%),5,287,20260109,20260109,28.76,11.79,0.93,-27.83
482630,삼양엔씨켐,KOSDAQ,기타 화학제품 제조업,기타 화학제품 제조업,화학·소재,27550,132.74,0.0,🚫 과열/위험,False,False,False,23550,20450,29750,32725.000000000004,30.4,50.9,25.3,3.0,3.0,44.7,77.19999694824219,0.0,,,🚫 과열/위험,⑤ 하락 / 약세,28.14,53.91,26.36,15.46,35.33,0,1.0,1.0,0.04,0.0,0.8,0.12,0.24,89.1,89.2,22.75,45.73,0,0,2.23,18.24,29.95,27.25,9.42,1,0,1.28,0.79,1,1,22105.0,26364,4.5,0.254,1.14,0.59,False,O,▲,26305,▲,O,X,-0.5652777777777778,-6.286944444444445,11.0,0,71.7,80.1,0.30985915492957744,16.985138004246284,📉 매도세 우위. 💰 외국인/기관 수급 집중. 🚀 단기 모멘텀 가속. ⚠️ 단기 급등 조정 주의.,0,0,,,56.7,44.8,67.3,🌤 중립,1.철강·금속(+18.4%) / 2.반도체(+15.7%) / 3.IT/전기전자(+13.8%) / 4.조선·기계·설비(+12.6%) / 5.기타(+11.3%),5,288,20260109,20260109,28.76,11.79,27.25,15.46
080220,제주반도체,KOSDAQ,반도체 제조업,반도체 제조업,반도체,30700,714.58,0.0,🚫 과열/위험,False,False,False,24550,20900,31750,34925.0,30.4,47.0,26.3,3.0,3.0,32.7,80.80000305175781,0.0,,,🚫 과열/위험,② 상승 후 조정,61.41,99.09,59.63,29.36,80.51,0,0.98,1.0,0.01,0.0,0.4,0.65,0.2,79.0,88.0,31.39,101.06,0,0,-6.97,0.16,56.63,41.15,6.56,1,0,2.38,0.74,1,1,26815.0,32239,-4.78,-0.2343,1.29,-1.86,False,O,▲,33160,▲,X,X,10.309333333333335,19.353333333333335,2.0,0,61.8,40.0,0.10714285714285714,25.050916496945007,📉 매도세 우위. 💰 외국인/기관 수급 집중. ⚠️ 단기 급등 조정 주의.,0,0,,,56.7,44.8,67.3,🌤 중립,1.철강·금속(+18.4%) / 2.반도체(+15.7%) / 3.IT/전기전자(+13.8%) / 4.조선·기계·설비(+12.6%) / 5.기타(+11.3%),2,289,20260109,20260109,28.76,11.79,41.15,29.36
295310,에이치브이엠,KOSDAQ,1차 비철금속 제조업,1차 비철금속 제조업,철강·금속,71400,545.07,0.0,🚫 과열/위험,False,False,False,52800,39500,79200,87120.0,30.0,27.5,30.6,3.0,3.0,41.8,95.0,0.0,,,🚫 과열/위험,② 상승 후 조정,175.68,144.94,173.9,166.03,126.36,0,0.99,1.0,0.0,0.0,0.4,0.49,0.17,81.7,83.1,42.1,120.6,0,0,3.03,6.41,55.05,177.82,79.38,1,0,2.4,0.96,1,1,48150.0,67498,5.78,-0.4313,0.43,0.99,False,O,▲,73045,▲,X,X,10.6625,23.484166666666667,1.0,0,84.6,40.0,0.2445141065830721,35.22727272727273,💰 외국인/기관 수급 집중. ⚠️ 단기 급등 조정 주의.,0,0,,,56.7,44.8,67.3,🌤 중립,1.철강·금속(+18.4%) / 2.반도체(+15.7%) / 3.IT/전기전자(+13.8%) / 4.조선·기계·설비(+12.6%) / 5.기타(+11.3%),2,290,20260109,20260109,28.76,11.79,177.82,166.03
028670,팬오션,KOSPI,해상 운송업,해상 운송업,기타,3880,79.39,0.0,⚪ 관망,False,False,False,3880,3685,4270,4697.0,29.8,39.4,27.4,8.7,8.7,35.7,71.0,0.0,,,⚪ 관망,④ 바닥 반등 시도,-5.13,-6.28,-15.82,-24.74,-49.51,0,1.0,0.5,1.0,1.0,0.23,0.07,0.51,37.6,43.9,-1.05,8.08,0,1,0.91,2.24,-1.4,4.02,-3.11,0,0,1.25,0.36,0,-1,4035.5,3846,0.87,0.132,0.81,0.94,True,X,▼,3818,▲,O,X,6.702016806722689,14.332689075630253,5.0,0,2.7,23.3,2.0,0.0,🔇 변동성 축소 (BW 8.1%). 🧱 구조적 지지선(Swing Low) 근접. 🚀 단기 모멘텀 가속. ✅ 20일선 눌림목 구간.,0,0,,,56.7,44.8,67.3,🌤 중립,1.철강·금속(+18.4%) / 2.반도체(+15.7%) / 3.IT/전기전자(+13.8%) / 4.조선·기계·설비(+12.6%) / 5.기타(+11.3%),4,291,20260109,20260109,28.76,11.79,4.02,-24.74
122350,삼기,KOSDAQ,자동차 신품 부품 제조업,자동차 신품 부품 제조업,자동차·모빌리티,1258,109.15,0.0,👀 트리거 대기,True,False,True,1258,1181,1411,1552.1000000000001,29.8,35.9,28.3,7.1,7.1,35.2,77.80000305175781,0.0,,,👀 트리거 대기,⑤ 하락 / 약세,-2.4,-9.82,-4.18,-12.58,-28.4,5,0.99,0.61,0.94,1.0,0.0,0.1,0.47,47.6,48.5,-0.33,5.23,1,1,1.53,-1.8,0.24,-0.79,-2.98,0,0,1.32,0.56,0,-1,1357.6,1261,-0.24,-0.0145,0.97,-0.79,True,X,▼,1255,▲,O,X,9.321153846153846,11.11576923076923,6.0,0,12.9,0.3,1.9870129870129871,0.0,🌪️ 5일 연속 응축 중! 폭발 임박. 🧱 구조적 지지선(Swing Low) 근접. 📉 매도세 우위. ✅ 20일선 눌림목 구간.,0,0,,,56.7,44.8,67.3,🌤 중립,1.철강·금속(+18.4%) / 2.반도체(+15.7%) / 3.IT/전기전자(+13.8%) / 4.조선·기계·설비(+12.6%) / 5.기타(+11.3%),5,292,20260109,20260109,28.76,11.79,-0.79,-12.58
005940,NH투자증권,KOSPI,금융 지원 서비스업,금융 지원 서비스업,서비스 기타,20850,122.5,0.0,🔫 트리거 임박,True,True,False,20850,20300,21900,24090.000000000004,29.8,35.1,28.5,29.8,29.8,44.6,25.600000381469727,0.0,,,🔫 트리거 임박,⑤ 하락 / 약세,-0.71,-10.9,-11.4,-19.54,-54.13,5,0.95,0.25,0.76,1.0,0.0,0.11,0.38,51.1,46.7,-1.16,6.19,1,1,0.24,-2.11,-2.34,9.22,1.97,1,1,1.37,0.29,0,1,19825.0,21327,-2.24,-0.0685,0.63,-0.57,True,O,▲,21312,▼,X,X,0.525,-8.831,14.0,2,36.5,0.0,1.9090909090909092,0.0,🌪️ 5일 연속 응축 중! 폭발 임박. 🧱 구조적 지지선(Swing Low) 근접. 📉 매도세 우위. ✅ 20일선 눌림목 구간.,0,0,,,56.7,44.8,67.3,🌤 중립,1.철강·금속(+18.4%) / 2.반도체(+15.7%) / 3.IT/전기전자(+13.8%) / 4.조선·기계·설비(+12.6%) / 5.기타(+11.3%),5,293,20260109,20260109,28.76,11.79,9.22,-19.54
161580,필옵틱스,KOSDAQ,특수 목적용 기계 제조업,특수 목적용 기계 제조업,조선·기계·설비,42550,161.03,0.0,👀 트리거 대기,True,False,True,42550,41550,44550,49005.00000000001,29.8,12.0,34.2,18.7,18.7,30.0,70.5,0.0,,,👀 트리거 대기,③ 박스 / 중립,-2.85,22.45,-4.63,-0.84,3.87,4,1.0,0.24,0.7,1.0,0.0,0.15,0.23,44.6,44.1,-5.47,11.72,1,0,-3.3,-7.8,-3.62,10.95,0.0,0,0,2.49,0.02,0,1,41360.0,45444,-6.37,-0.195,0.83,-2.08,True,O,▲,45355,▼,X,X,3.470909090909091,18.752727272727274,4.0,1,0.0,0.0,2.0,0.0,🌪️ 에너지 응축 시작 (4일차). 🧱 구조적 지지선(Swing Low) 근접. 📉 매도세 우위. 📉 과매도 기술적 반등 기대.,0,0,,,56.7,44.8,67.3,🌤 중립,1.철강·금속(+18.4%) / 2.반도체(+15.7%) / 3.IT/전기전자(+13.8%) / 4.조선·기계·설비(+12.6%) / 5.기타(+11.3%),3,294,20260109,20260109,28.76,11.79,10.95,-0.84
000150,두산,KOSPI,기타 금융업,기타 금융업,금융,747000,1075.67,0.0,⚪ 관망,False,False,False,747000,720000,801000,881100.0000000001,29.7,13.1,33.8,26.5,26.5,30.2,50.900001525878906,0.0,,,⚪ 관망,③ 박스 / 중립,-15.69,30.82,-26.38,-0.19,-12.41,0,1.0,0.36,0.91,1.0,0.0,0.98,0.23,35.4,29.6,-6.71,19.8,0,0,-1.58,-2.1,-4.23,28.57,0.14,0,0,0.89,0.08,0,-1,866000.0,772121,-3.25,-0.0187,1.08,-0.62,True,X,▲,766674,▼,X,X,0.47818181818181804,-7.147272727272727,12.0,2,0.4,0.0,2.0,0.0,🧱 구조적 지지선(Swing Low) 근접. 📉 매도세 우위. 📉 과매도 기술적 반등 기대.,0,0,,,56.7,44.8,67.3,🌤 중립,1.철강·금속(+18.4%) / 2.반도체(+15.7%) / 3.IT/전기전자(+13.8%) / 4.조선·기계·설비(+12.6%) / 5.기타(+11.3%),3,295,20260109,20260109,28.76,11.79,28.57,-0.19
086280,현대글로비스,KOSPI,기타 운송관련 서비스업,기타 운송관련 서비스업,서비스 기타,226500,2713.37,0.0,🚫 과열/위험,False,False,False,196100,179200,230000,253000.00000000003,29.6,71.5,19.1,3.0,3.0,31.6,56.599998474121094,0.0,,,🚫 과열/위험,⑤ 하락 / 약세,25.9,52.22,15.21,13.78,8.99,2,1.0,0.86,0.52,0.0,0.92,1.0,0.42,83.9,85.6,21.28,33.8,0,0,1.34,25.21,27.03,42.54,1.26,0,0,1.45,0.87,1,1,194420.0,208293,8.74,0.6292,1.84,1.27,False,O,▲,202157,▲,O,X,0.525,-8.831,14.0,0,33.2,91.9,0.07399577167019028,15.502294747577766,💰 외국인/기관 수급 집중. 🚀 단기 모멘텀 가속. ⚠️ 단기 급등 조정 주의.,0,0,,,56.7,44.8,67.3,🌤 중립,1.철강·금속(+18.4%) / 2.반도체(+15.7%) / 3.IT/전기전자(+13.8%) / 4.조선·기계·설비(+12.6%) / 5.기타(+11.3%),5,296,20260109,20260109,28.76,11.79,42.54,13.78
138360,협진,KOSDAQ,특수 목적용 기계 제조업,특수 목적용 기계 제조업,조선·기계·설비,1555,122.6,0.0,🚫 과열/위험,False,False,False,1228,894,1895,2084.5,29.5,40.6,26.7,0.0,0.0,19.6,89.0,0.0,,,🚫 과열/위험,② 상승 후 조정,44.79,124.06,43.01,88.08,105.48,0,1.0,1.0,0.0,0.0,0.4,0.11,0.4,69.1,85.3,32.98,88.12,0,0,11.07,19.07,59.32,99.87,1.26,1,0,0.96,0.48,1,-1,2049.7,1703,-8.72,-0.0691,6.14,-2.14,False,O,▲,1543,▲,O,X,3.470909090909091,18.752727272727274,4.0,0,28.9,40.0,0.5143721633888049,26.62866449511401,📉 매도세 우위. 💰 외국인/기관 수급 집중. ⚠️ 단기 급등 조정 주의.,0,0,,,56.7,44.8,67.3,🌤 중립,1.철강·금속(+18.4%) / 2.반도체(+15.7%) / 3.IT/전기전자(+13.8%) / 4.조선·기계·설비(+12.6%) / 5.기타(+11.3%),2,297,20260109,20260109,28.76,11.79,99.87,88.08
008770,호텔신라,KOSPI,기타 상품 전문 소매업,기타 상품 전문 소매업,유통·소비재,44850,96.37,0.0,👀 트리거 대기,True,False,True,44850,43250,48050,52855.00000000001,29.4,79.9,16.8,11.3,11.3,39.8,29.5,0.0,,,👀 트리거 대기,⑤ 하락 / 약세,-2.39,-14.24,-13.08,-36.95,-57.47,3,1.0,0.36,0.9,1.0,0.0,0.09,0.55,48.0,33.1,-0.42,3.83,1,1,1.24,-1.54,-0.33,-8.19,-2.14,1,0,1.26,0.46,0,1,43565.0,44686,0.37,-0.0162,1.47,-0.87,True,X,▼,44643,▼,O,X,-2.1766666666666667,-3.841333333333334,10.0,1,24.6,0.0,2.0,0.0,🌪️ 에너지 응축 시작 (3일차). 🧱 구조적 지지선(Swing Low) 근접. 📉 매도세 우위. ✅ 20일선 눌림목 구간.,0,0,,,56.7,44.8,67.3,🌤 중립,1.철강·금속(+18.4%) / 2.반도체(+15.7%) / 3.IT/전기전자(+13.8%) / 4.조선·기계·설비(+12.6%) / 5.기타(+11.3%),5,298,20260109,20260109,28.76,11.79,-8.19,-36.95
055550,신한지주,KOSPI,기타 금융업,기타 금융업,금융,77800,856.35,0.0,👀 트리거 대기,True,False,True,77800,74100,85200,93720.00000000001,29.3,50.8,23.9,26.6,26.6,34.2,17.700000762939453,0.0,,,👀 트리거 대기,⑤ 하락 / 약세,-0.77,8.36,-11.46,-15.02,-34.87,5,1.0,0.48,1.0,1.0,0.02,0.78,0.56,54.2,59.3,0.39,5.82,1,1,0.39,1.57,1.7,13.74,-0.8,0,0,1.28,0.51,1,1,74635.0,78730,-1.18,-0.0028,1.09,0.39,True,O,▲,78671,▲,X,X,0.47818181818181804,-7.147272727272727,12.0,2,9.4,2.0,2.0,0.0,🌪️ 5일 연속 응축 중! 폭발 임박. 🧱 구조적 지지선(Swing Low) 근접. 📉 매도세 우위. ✅ 20일선 눌림목 구간.,0,0,,,56.7,44.8,67.3,🌤 중립,1.철강·금속(+18.4%) / 2.반도체(+15.7%) / 3.IT/전기전자(+13.8%) / 4.조선·기계·설비(+12.6%) / 5.기타(+11.3%),5,299,20260109,20260109,28.76,11.79,13.74,-15.02
028050,삼성E&A,KOSPI,"건축기술, 엔지니어링 및 관련 기술 서비스업","건축기술, 엔지니어링 및 관련 기술 서비스업",서비스 기타,24600,181.15,0.0,⚪ 관망,False,False,False,24600,23300,27150,29865.000000000004,29.2,80.2,16.4,13.4,13.4,40.8,23.299999237060547,0.0,,,⚪ 관망,④ 바닥 반등 시도,0.0,-2.96,-10.69,-41.22,-46.19,0,0.98,0.52,1.0,1.0,0.15,0.16,0.59,43.9,48.5,-0.05,8.51,0,1,2.5,5.81,-1.01,-12.46,-4.93,0,0,0.9,0.64,0,-1,25305.0,24236,1.5,0.0864,0.94,1.14,False,X,▼,23899,▲,O,X,0.525,-8.831,14.0,1,19.3,15.2,1.9615384615384615,0.0,🔇 변동성 축소 (BW 8.5%). 🚀 단기 모멘텀 가속. ✅ 20일선 눌림목 구간.,0,0,,,56.7,44.8,67.3,🌤 중립,1.철강·금속(+18.4%) / 2.반도체(+15.7%) / 3.IT/전기전자(+13.8%) / 4.조선·기계·설비(+12.6%) / 5.기타(+11.3%),4,300,20260109,20260109,28.76,11.79,-12.46,-41.22
321370,센서뷰,KOSDAQ,전자부품 제조업,전자부품 제조업,IT/전기전자,1950,349.96,0.0,🚫 과열/위험,False,False,False,1396,1051,2085,2293.5,29.1,20.7,31.2,3.0,3.0,42.2,96.9000015258789,0.0,,,🚫 과열/위험,⑤ 하락 / 약세,88.95,34.58,87.17,22.88,16.0,0,1.0,1.0,0.0,0.0,1.0,0.32,0.24,80.1,91.8,46.72,114.98,0,0,-6.02,34.3,75.2,34.67,2.93,1,0,7.36,0.83,1,1,1357.0,1846,5.58,0.372,0.38,1.85,False,O,▲,1923,▲,O,X,6.871449275362319,18.37304347826087,3.0,0,55.6,100.0,0.15016685205784205,39.68481375358166,💪 매수세 장악(Power Buying). 💰 외국인/기관 수급 집중. 🚀 단기 모멘텀 가속. ⚠️ 단기 급등 조정 주의.,0,0,,,56.7,44.8,67.3,🌤 중립,1.철강·금속(+18.4%) / 2.반도체(+15.7%) / 3.IT/전기전자(+13.8%) / 4.조선·기계·설비(+12.6%) / 5.기타(+11.3%),5,301,20260109,20260109,28.76,11.79,34.67,22.88
090710,휴림로봇,KOSDAQ,특수 목적용 기계 제조업,특수 목적용 기계 제조업,조선·기계·설비,8130,733.9,0.0,🚫 과열/위험,False,False,False,7100,5740,9830,10813.0,29.0,21.4,30.9,3.0,3.0,42.2,96.0,0.0,,,🚫 과열/위험,② 상승 후 조정,43.39,163.96,41.61,111.26,145.38,0,1.0,1.0,0.0,0.0,0.36,0.67,0.08,71.8,85.4,20.18,68.63,0,0,3.57,-0.73,30.5,123.05,15.09,1,0,2.35,0.83,1,1,5889.0,8222,-1.13,-0.3702,0.48,-0.69,False,O,▲,8663,▲,X,X,3.470909090909091,18.752727272727274,4.0,0,87.5,36.0,0.7112970711297071,14.507042253521126,📉 매도세 우위. 💰 외국인/기관 수급 집중. ⚠️ 단기 급등 조정 주의.,0,0,,,56.7,44.8,67.3,🌤 중립,1.철강·금속(+18.4%) / 2.반도체(+15.7%) / 3.IT/전기전자(+13.8%) / 4.조선·기계·설비(+12.6%) / 5.기타(+11.3%),2,302,20260109,20260109,28.76,11.79,123.05,111.26
277810,레인보우로보틱스,KOSDAQ,특수 목적용 기계 제조업,특수 목적용 기계 제조업,조선·기계·설비,445000,624.45,0.0,⚪ 관망,False,False,False,445000,430500,474000,521400.00000000006,29.0,6.7,34.6,25.6,25.6,32.1,55.5,0.0,,,⚪ 관망,② 상승 후 조정,-3.05,66.67,-4.83,20.26,48.09,4,1.0,0.33,0.86,1.0,0.0,0.57,0.2,49.5,55.1,-4.87,14.44,0,0,-0.45,-9.83,-11.35,32.05,1.97,0,0,1.22,0.14,0,1,418000.0,465109,-4.32,-0.2652,0.54,-2.52,True,O,▲,468020,▼,X,X,3.470909090909091,18.752727272727274,4.0,2,5.4,0.0,2.0,0.0,🧱 구조적 지지선(Swing Low) 근접. 📉 매도세 우위. ,0,0,,,56.7,44.8,67.3,🌤 중립,1.철강·금속(+18.4%) / 2.반도체(+15.7%) / 3.IT/전기전자(+13.8%) / 4.조선·기계·설비(+12.6%) / 5.기타(+11.3%),2,303,20260109,20260109,28.76,11.79,32.05,20.26
079550,LIG넥스원,KOSPI,무기 및 총포탄 제조업,무기 및 총포탄 제조업,기타,542000,1128.4,0.0,🚫 과열/위험,False,False,False,449000,405500,536000,589600.0,28.6,72.7,17.6,3.0,3.0,41.9,51.599998474121094,0.0,,,🚫 과열/위험,④ 바닥 반등 시도,39.51,-7.98,28.82,-7.51,-51.21,0,1.0,0.97,0.33,0.0,0.87,1.0,0.45,83.8,90.5,26.78,48.2,0,0,2.07,23.46,29.98,21.25,6.32,1,0,1.39,0.96,1,1,461150.0,504653,7.4,0.2936,1.59,2.44,False,O,▲,500097,▲,O,X,6.702016806722689,14.332689075630253,5.0,0,61.2,87.1,-0.04395604395604396,20.71269487750557,💪 매수세 장악(Power Buying). 💰 외국인/기관 수급 집중. 🚀 단기 모멘텀 가속. ⚠️ 단기 급등 조정 주의.,0,0,,,56.7,44.8,67.3,🌤 중립,1.철강·금속(+18.4%) / 2.반도체(+15.7%) / 3.IT/전기전자(+13.8%) / 4.조선·기계·설비(+12.6%) / 5.기타(+11.3%),4,304,20260109,20260109,28.76,11.79,21.25,-7.51
090460,비에이치,KOSPI,전자부품 제조업,전자부품 제조업,IT/전기전자,16460,61.84,0.0,⚪ 관망,False,False,False,16460,15450,18480,20328.0,28.6,38.0,26.3,11.4,11.4,36.9,61.099998474121094,0.0,,,⚪ 관망,④ 바닥 반등 시도,-11.88,29.61,-22.57,-30.32,-13.62,0,1.0,0.61,0.94,1.0,0.33,0.06,0.55,29.6,33.9,-4.35,24.31,0,0,2.05,3.13,-4.08,-1.56,-7.78,0,0,1.53,0.2,0,-1,17395.0,16310,0.91,0.1897,2.53,0.18,True,X,▲,15673,▲,O,X,6.871449275362319,18.37304347826087,3.0,1,0.4,33.4,2.0,0.0,🧱 구조적 지지선(Swing Low) 근접. 📉 매도세 우위. 🚀 단기 모멘텀 가속. ,0,0,,,56.7,44.8,67.3,🌤 중립,1.철강·금속(+18.4%) / 2.반도체(+15.7%) / 3.IT/전기전자(+13.8%) / 4.조선·기계·설비(+12.6%) / 5.기타(+11.3%),4,305,20260109,20260109,28.76,11.79,-1.56,-30.32
043260,성호전자,KOSDAQ,전자부품 제조업,전자부품 제조업,IT/전기전자,11170,526.98,0.0,🚫 과열/위험,False,False,False,8830,6230,14020,15422.000000000002,28.5,17.1,31.3,3.0,3.0,35.4,97.4000015258789,0.0,,,🚫 과열/위험,② 상승 후 조정,122.95,854.7,121.17,637.87,836.12,0,1.0,1.0,0.0,0.0,0.4,0.48,0.08,76.8,77.9,32.9,116.58,0,0,-0.8,3.43,37.73,649.66,52.72,0,0,4.02,0.78,1,1,7869.0,11710,-4.62,-0.6389,0.29,0.3,False,O,▲,12312,▲,X,X,6.871449275362319,18.37304347826087,3.0,0,68.6,40.0,0.5769230769230769,26.50056625141563,📉 매도세 우위. 💰 외국인/기관 수급 집중. ⚠️ 단기 급등 조정 주의.,0,0,,,56.7,44.8,67.3,🌤 중립,1.철강·금속(+18.4%) / 2.반도체(+15.7%) / 3.IT/전기전자(+13.8%) / 4.조선·기계·설비(+12.6%) / 5.기타(+11.3%),2,306,20260109,20260109,28.76,11.79,649.66,637.87
004800,효성,KOSPI,기타 금융업,기타 금융업,금융,120500,64.48,0.0,⚪ 관망,False,False,False,120500,109700,142100,156310.0,28.4,52.6,22.4,12.4,12.4,38.5,45.599998474121094,0.0,,,⚪ 관망,③ 박스 / 중립,-14.36,55.68,-25.05,-3.24,12.45,0,1.0,0.9,0.46,1.0,0.39,0.06,0.49,45.0,39.2,-0.82,21.49,0,0,2.55,7.11,0.58,25.52,-6.06,0,0,1.15,0.31,0,-1,124930.0,117742,2.34,0.2193,0.64,0.89,False,O,▲,115182,▲,O,X,0.47818181818181804,-7.147272727272727,12.0,1,1.6,39.3,2.0,0.0,🚀 단기 모멘텀 가속. ✅ 20일선 눌림목 구간.,0,0,,,56.7,44.8,67.3,🌤 중립,1.철강·금속(+18.4%) / 2.반도체(+15.7%) / 3.IT/전기전자(+13.8%) / 4.조선·기계·설비(+12.6%) / 5.기타(+11.3%),3,307,20260109,20260109,28.76,11.79,25.52,-3.24
319400,현대무벡스,KOSDAQ,일반 목적용 기계 제조업,일반 목적용 기계 제조업,조선·기계·설비,23500,773.84,0.0,🚫 과열/위험,False,False,False,18230,13750,27200,29920.000000000004,28.4,28.7,28.3,3.0,3.0,43.2,87.30000305175781,0.0,,,🚫 과열/위험,② 상승 후 조정,121.28,373.79,119.5,113.52,355.21,0,1.0,1.0,0.0,0.0,0.4,0.7,0.05,81.3,94.5,35.34,118.88,0,0,4.68,-0.84,39.05,125.31,62.15,1,0,4.59,0.84,1,1,15863.5,23655,-0.66,-0.5656,0.3,-0.41,False,O,▲,25389,▲,X,X,3.470909090909091,18.752727272727274,4.0,0,88.0,40.0,0.37948717948717947,28.90839275918815,📉 매도세 우위. 💰 외국인/기관 수급 집중. ⚠️ 단기 급등 조정 주의.,0,0,,,56.7,44.8,67.3,🌤 중립,1.철강·금속(+18.4%) / 2.반도체(+15.7%) / 3.IT/전기전자(+13.8%) / 4.조선·기계·설비(+12.6%) / 5.기타(+11.3%),2,308,20260109,20260109,28.76,11.79,125.31,113.52
189300,인텔리안테크,KOSDAQ,통신 및 방송 장비 제조업,통신 및 방송 장비 제조업,IT/전기전자,73500,204.72,0.0,🚫 과열/위험,False,False,False,61100,52300,78600,86460.0,28.4,26.2,29.0,3.0,3.0,41.4,89.69999694824219,0.0,,,🚫 과열/위험,② 상승 후 조정,58.75,54.41,56.97,34.62,35.83,0,0.99,1.0,0.01,0.0,0.38,0.19,0.24,81.1,88.5,26.3,67.3,0,0,1.94,7.77,32.19,46.41,16.67,1,0,1.68,0.96,1,1,57650.0,71277,3.12,-0.1301,0.54,1.54,False,O,▲,73311,▲,O,X,6.871449275362319,18.37304347826087,3.0,0,84.6,37.9,0.24056603773584906,20.29459901800327,💪 매수세 장악(Power Buying). 💰 외국인/기관 수급 집중. ⚠️ 단기 급등 조정 주의.,0,0,,,56.7,44.8,67.3,🌤 중립,1.철강·금속(+18.4%) / 2.반도체(+15.7%) / 3.IT/전기전자(+13.8%) / 4.조선·기계·설비(+12.6%) / 5.기타(+11.3%),2,309,20260109,20260109,28.76,11.79,46.41,34.62
950160,코오롱티슈진,KOSDAQ,기초 의약물질 제조업,기초 의약물질 제조업,기타,73600,123.64,0.0,⚪ 관망,False,False,False,73600,64500,91700,100870.00000000001,28.4,6.1,34.0,14.1,14.1,44.0,80.4000015258789,0.0,,,⚪ 관망,① 강한 상승 추세,-9.02,74.41,-10.8,52.86,55.83,0,0.99,1.0,0.07,1.0,0.19,0.11,0.3,52.8,44.8,-2.53,20.76,0,0,1.1,2.94,-2.39,64.65,-9.71,1,0,1.26,0.48,0,1,67685.0,71073,3.55,0.1063,0.39,0.26,False,O,▲,71777,▼,O,X,6.702016806722689,14.332689075630253,5.0,1,25.6,18.7,1.989010989010989,0.0,📉 매도세 우위. 🚀 단기 모멘텀 가속. ,0,0,,,56.7,44.8,67.3,🌤 중립,1.철강·금속(+18.4%) / 2.반도체(+15.7%) / 3.IT/전기전자(+13.8%) / 4.조선·기계·설비(+12.6%) / 5.기타(+11.3%),1,310,20260109,20260109,28.76,11.79,64.65,52.86
035720,카카오,KOSPI,"자료처리, 호스팅, 포털 및 기타 인터넷 정보매개 서비스업","자료처리, 호스팅, 포털 및 기타 인터넷 정보매개 서비스업",서비스 기타,58200,1112.11,0.0,⚪ 관망,False,False,False,58200,56400,61800,67980.0,28.3,6.6,33.7,36.6,36.6,39.4,26.899999618530273,0.0,,,⚪ 관망,⑤ 하락 / 약세,-4.28,-0.17,-14.97,-31.11,-43.4,0,1.0,0.31,0.83,1.0,0.0,1.0,0.36,53.2,56.9,-2.09,12.29,0,0,0.69,-6.28,-1.36,-2.35,3.78,0,1,1.34,0.31,0,1,57150.0,60585,-3.94,-0.2781,0.8,-1.89,True,X,▼,61277,▼,X,X,0.525,-8.831,14.0,3,23.5,0.0,2.0,0.0,🧱 구조적 지지선(Swing Low) 근접. 📉 매도세 우위. ,0,0,,,56.7,44.8,67.3,🌤 중립,1.철강·금속(+18.4%) / 2.반도체(+15.7%) / 3.IT/전기전자(+13.8%) / 4.조선·기계·설비(+12.6%) / 5.기타(+11.3%),5,311,20260109,20260109,28.76,11.79,-2.35,-31.11
002230,피에스텍,KOSDAQ,"측정, 시험, 항해, 제어 및 기타 정밀기기 제조업; 광학기기 제외","측정, 시험, 항해, 제어 및 기타 정밀기기 제조업; 광학기기 제외",기타,9950,105.77,0.0,🚫 과열/위험,False,False,False,8620,6570,12700,13970.000000000002,28.2,19.8,30.3,3.0,3.0,30.7,94.0999984741211,0.0,,,🚫 과열/위험,② 상승 후 조정,85.63,131.4,83.85,130.89,112.82,0,0.99,1.0,0.0,0.0,0.4,0.1,0.14,76.7,76.3,21.26,91.85,0,0,3.0,-9.95,41.34,142.68,32.52,0,0,2.91,0.61,1,1,7789.0,10692,-6.95,-0.8337,0.86,-0.78,False,O,▲,11302,▲,X,X,6.702016806722689,14.332689075630253,5.0,0,56.9,40.0,0.8136094674556213,15.4292343387471,📉 매도세 우위. 💰 외국인/기관 수급 집중. ⚠️ 단기 급등 조정 주의.,0,0,,,56.7,44.8,67.3,🌤 중립,1.철강·금속(+18.4%) / 2.반도체(+15.7%) / 3.IT/전기전자(+13.8%) / 4.조선·기계·설비(+12.6%) / 5.기타(+11.3%),2,312,20260109,20260109,28.76,11.79,142.68,130.89
084670,동양고속,KOSPI,육상 여객 운송업,육상 여객 운송업,기타,59200,65.84,0.0,⚪ 관망,False,False,False,59200,57400,62800,69080.0,28.2,8.7,33.1,13.6,13.6,30.9,78.69999694824219,0.0,,,⚪ 관망,② 상승 후 조정,64.22,588.37,53.53,601.2,545.14,0,1.0,0.3,0.83,1.0,0.0,0.06,0.02,10.7,51.5,-24.75,116.29,0,0,-6.48,-19.13,-33.18,629.96,0.0,0,0,0.38,0.34,0,-1,87210.0,64724,-8.54,-0.5217,0.13,-2.03,True,O,▲,59492,▼,X,X,6.702016806722689,14.332689075630253,5.0,1,2.2,0.0,2.0,0.0,🧱 구조적 지지선(Swing Low) 근접. 📉 매도세 우위. 📉 과매도 기술적 반등 기대.,0,0,,,56.7,44.8,67.3,🌤 중립,1.철강·금속(+18.4%) / 2.반도체(+15.7%) / 3.IT/전기전자(+13.8%) / 4.조선·기계·설비(+12.6%) / 5.기타(+11.3%),2,313,20260109,20260109,28.76,11.79,629.96,601.2
097950,CJ제일제당,KOSPI,기타 식품 제조업,기타 식품 제조업,유통·소비재,207500,118.92,0.0,⚪ 관망,False,False,False,207500,201000,220500,242550.00000000003,28.1,79.6,15.2,8.0,8.0,40.0,31.899999618530273,0.0,,,⚪ 관망,⑤ 하락 / 약세,-0.95,-20.19,-11.64,-39.13,-63.42,0,1.0,0.31,0.84,1.0,0.0,0.11,0.56,45.2,33.7,-0.26,4.59,0,1,1.97,0.24,-1.66,-10.37,-2.44,0,1,1.06,0.56,0,-1,211300.0,204532,1.45,-0.0395,1.5,-0.05,True,X,▼,205161,▼,O,X,-2.1766666666666667,-3.841333333333334,10.0,0,24.9,0.0,2.0,0.0,🔇 변동성 축소 (BW 4.6%). 🧱 구조적 지지선(Swing Low) 근접. 📉 매도세 우위. ✅ 20일선 눌림목 구간.,0,0,,,56.7,44.8,67.3,🌤 중립,1.철강·금속(+18.4%) / 2.반도체(+15.7%) / 3.IT/전기전자(+13.8%) / 4.조선·기계·설비(+12.6%) / 5.기타(+11.3%),5,314,20260109,20260109,28.76,11.79,-10.37,-39.13
012210,삼미금속,KOSDAQ,기타 금속 가공제품 제조업,기타 금속 가공제품 제조업,기타,8160,307.35,0.0,⚪ 관망,False,False,False,8160,7200,10080,11088.0,28.1,38.0,25.6,5.0,5.0,30.0,73.80000305175781,0.0,,,⚪ 관망,② 상승 후 조정,-31.72,98.54,-33.5,26.52,79.96,0,1.0,1.0,0.1,1.0,0.0,0.28,0.45,34.2,19.0,-29.73,83.21,0,0,7.65,-7.17,-41.29,38.31,-27.94,0,0,0.6,0.09,0,-1,12857.0,8637,-5.53,-0.5505,4.51,0.5,False,X,▲,8322,▼,X,X,6.702016806722689,14.332689075630253,5.0,0,0.1,0.0,2.0,0.0,📉 매도세 우위. 📉 과매도 기술적 반등 기대.,0,0,,,56.7,44.8,67.3,🌤 중립,1.철강·금속(+18.4%) / 2.반도체(+15.7%) / 3.IT/전기전자(+13.8%) / 4.조선·기계·설비(+12.6%) / 5.기타(+11.3%),2,315,20260109,20260109,28.76,11.79,38.31,26.52
013310,아진산업,KOSDAQ,자동차 신품 부품 제조업,자동차 신품 부품 제조업,자동차·모빌리티,2860,52.28,0.0,⚪ 관망,False,False,False,2860,2700,3175,3492.5000000000005,28.1,18.7,30.4,8.0,8.0,37.6,82.5999984741211,0.0,,,⚪ 관망,⑤ 하락 / 약세,-3.21,1.06,-4.99,-21.28,-17.52,0,0.98,0.55,0.98,1.0,0.0,0.05,0.5,42.6,32.6,-1.46,8.82,0,1,4.76,0.0,-1.72,-9.49,-5.72,0,1,1.69,0.47,0,-1,3025.5,2824,1.27,-0.0522,1.49,-0.67,True,X,▼,2809,▼,O,X,9.321153846153846,11.11576923076923,6.0,0,19.1,0.0,1.96875,0.0,🔇 변동성 축소 (BW 8.8%). 🧱 구조적 지지선(Swing Low) 근접. 📉 매도세 우위. ✅ 20일선 눌림목 구간.,0,0,,,56.7,44.8,67.3,🌤 중립,1.철강·금속(+18.4%) / 2.반도체(+15.7%) / 3.IT/전기전자(+13.8%) / 4.조선·기계·설비(+12.6%) / 5.기타(+11.3%),5,316,20260109,20260109,28.76,11.79,-9.49,-21.28
250060,모비스,KOSDAQ,"컴퓨터 프로그래밍, 시스템 통합 및 관리업","컴퓨터 프로그래밍, 시스템 통합 및 관리업",IT/전기전자,4140,102.95,0.0,🚫 과열/위험,False,False,False,3645,2955,5020,5522.0,28.1,18.7,30.4,3.0,3.0,36.7,94.4000015258789,0.0,,,🚫 과열/위험,② 상승 후 조정,48.65,57.12,46.87,37.67,38.54,0,0.99,1.0,0.0,0.0,0.39,0.09,0.14,70.8,79.6,19.3,66.2,0,0,-1.66,7.67,32.69,49.46,11.93,1,0,1.63,0.69,1,1,3154.5,4347,-4.76,-0.1906,0.57,0.51,False,O,▲,4385,▲,X,X,6.871449275362319,18.37304347826087,3.0,0,72.5,38.5,0.7426160337552743,13.580246913580247,📉 매도세 우위. 💰 외국인/기관 수급 집중. ⚠️ 단기 급등 조정 주의.,0,0,,,56.7,44.8,67.3,🌤 중립,1.철강·금속(+18.4%) / 2.반도체(+15.7%) / 3.IT/전기전자(+13.8%) / 4.조선·기계·설비(+12.6%) / 5.기타(+11.3%),2,317,20260109,20260109,28.76,11.79,49.46,37.67
232680,라온테크,KOSDAQ,특수 목적용 기계 제조업,특수 목적용 기계 제조업,조선·기계·설비,15000,128.64,0.0,🚫 과열/위험,False,False,False,12360,10290,16480,18128.0,28.0,26.9,28.3,3.0,3.0,43.0,87.30000305175781,0.0,,,🚫 과열/위험,② 상승 후 조정,71.23,113.68,69.45,62.43,95.1,0,0.99,1.0,0.0,0.0,0.4,0.12,0.12,89.6,86.6,27.45,89.9,0,0,-2.85,2.95,47.64,74.22,15.08,1,0,0.7,0.83,1,1,11765.5,15162,-1.07,-0.2985,0.79,-0.5,False,O,▲,16130,▲,X,X,3.470909090909091,18.752727272727274,4.0,0,87.5,40.0,0.31422505307855625,21.35922330097087,📉 매도세 우위. 💰 외국인/기관 수급 집중. ⚠️ 단기 급등 조정 주의.,0,0,,,56.7,44.8,67.3,🌤 중립,1.철강·금속(+18.4%) / 2.반도체(+15.7%) / 3.IT/전기전자(+13.8%) / 4.조선·기계·설비(+12.6%) / 5.기타(+11.3%),2,318,20260109,20260109,28.76,11.79,74.22,62.43
347700,스피어,KOSDAQ,소프트웨어 개발 및 공급업,소프트웨어 개발 및 공급업,IT/전기전자,18750,827.43,0.0,🚫 과열/위험,False,False,False,14950,9260,26350,28985.000000000004,28.0,21.0,29.8,3.0,3.0,26.3,92.30000305175781,0.0,,,🚫 과열/위험,② 상승 후 조정,121.89,73.93,120.11,61.82,55.35,0,1.0,1.0,0.0,0.0,0.4,0.75,0.17,79.0,77.8,31.65,93.23,0,0,4.17,-1.78,44.23,73.61,-100.0,1,0,1.76,0.94,1,1,12738.0,18530,1.18,-0.3892,0.59,0.79,False,O,▲,19160,▲,X,X,6.871449275362319,18.37304347826087,3.0,0,45.7,40.0,0.8008429926238145,25.418060200668897,💰 외국인/기관 수급 집중. ⚠️ 단기 급등 조정 주의.,0,0,,,56.7,44.8,67.3,🌤 중립,1.철강·금속(+18.4%) / 2.반도체(+15.7%) / 3.IT/전기전자(+13.8%) / 4.조선·기계·설비(+12.6%) / 5.기타(+11.3%),2,319,20260109,20260109,28.76,11.79,73.61,61.82
458870,씨어스테크놀로지,KOSDAQ,의료용 기기 제조업,의료용 기기 제조업,기타,110100,100.12,0.0,👀 트리거 대기,True,False,True,110100,104500,121200,133320.0,27.9,29.1,27.6,6.5,6.5,37.3,76.80000305175781,0.0,,,👀 트리거 대기,② 상승 후 조정,1.47,233.64,-0.31,61.05,215.06,5,0.99,0.5,1.0,1.0,0.0,0.09,0.21,44.4,48.8,-6.76,15.69,1,0,-3.76,-10.41,-6.93,72.84,-0.65,1,0,1.46,0.14,0,1,108220.0,115849,-4.96,-0.3289,0.93,-1.52,True,O,▲,120340,▼,X,X,6.702016806722689,14.332689075630253,5.0,0,18.2,0.0,1.9821428571428572,0.0,🌪️ 5일 연속 응축 중! 폭발 임박. 🧱 구조적 지지선(Swing Low) 근접. 📉 매도세 우위. 📉 과매도 기술적 반등 기대.,0,0,,,56.7,44.8,67.3,🌤 중립,1.철강·금속(+18.4%) / 2.반도체(+15.7%) / 3.IT/전기전자(+13.8%) / 4.조선·기계·설비(+12.6%) / 5.기타(+11.3%),2,320,20260109,20260109,28.76,11.79,72.84,61.05
175330,JB금융지주,KOSPI,기타 금융업,기타 금융업,금융,24550,73.22,0.0,⚪ 관망,False,False,False,24550,23950,25750,28325.000000000004,27.9,19.6,30.0,20.8,20.8,30.5,51.5,0.0,,,⚪ 관망,⑤ 하락 / 약세,-2.0,-2.96,-12.69,-19.65,-46.19,0,1.0,0.24,0.72,1.0,0.0,0.07,0.39,47.2,47.5,-2.41,9.78,0,1,-1.41,-2.58,-5.58,9.11,0.41,0,0,1.24,0.09,0,1,24040.0,24991,-1.77,-0.1021,0.87,0.28,True,O,▲,25262,▼,X,X,0.47818181818181804,-7.147272727272727,12.0,2,1.2,0.0,2.0,0.0,🔇 변동성 축소 (BW 9.8%). 🧱 구조적 지지선(Swing Low) 근접. 📉 매도세 우위. ,0,0,,,56.7,44.8,67.3,🌤 중립,1.철강·금속(+18.4%) / 2.반도체(+15.7%) / 3.IT/전기전자(+13.8%) / 4.조선·기계·설비(+12.6%) / 5.기타(+11.3%),5,321,20260109,20260109,28.76,11.79,9.11,-19.65
032940,원익,KOSDAQ,기계장비 및 관련 물품 도매업,기계장비 및 관련 물품 도매업,조선·기계·설비,12700,97.87,0.0,🚫 과열/위험,False,False,False,9630,7610,13670,15037.000000000002,27.8,27.2,28.0,0.0,0.0,27.4,93.4000015258789,0.0,,,🚫 과열/위험,② 상승 후 조정,80.14,67.55,78.36,60.3,48.97,0,1.0,1.0,0.0,0.0,0.4,0.09,0.1,76.7,84.2,38.49,124.64,0,0,2.83,-7.64,75.41,72.09,7.2,1,0,5.0,0.54,1,-1,17156.0,14823,-14.33,-0.6431,0.65,-0.21,False,O,▲,13756,▲,X,X,3.470909090909091,18.752727272727274,4.0,0,48.4,40.0,0.1905697445972495,31.879543094496366,📉 매도세 우위. 💰 외국인/기관 수급 집중. ⚠️ 단기 급등 조정 주의.,0,0,,,56.7,44.8,67.3,🌤 중립,1.철강·금속(+18.4%) / 2.반도체(+15.7%) / 3.IT/전기전자(+13.8%) / 4.조선·기계·설비(+12.6%) / 5.기타(+11.3%),2,322,20260109,20260109,28.76,11.79,72.09,60.3
049180,셀루메드,KOSDAQ,기초 의약물질 제조업,기초 의약물질 제조업,기타,1475,215.13,0.0,🚫 과열/위험,False,False,False,1116,667,2020,2222.0,27.7,24.5,28.5,3.0,3.0,46.8,88.0999984741211,0.0,,,🚫 과열/위험,① 강한 상승 추세,94.85,55.1,93.07,89.99,36.52,0,1.0,1.0,0.0,0.0,0.97,0.2,0.58,61.2,68.4,38.72,149.06,0,0,-12.51,82.55,31.34,101.78,11.26,1,0,1.36,0.66,1,1,515.0,1322,11.53,0.8261,2.55,1.76,False,O,▲,1406,▲,O,X,6.702016806722689,14.332689075630253,5.0,0,68.5,96.9,0.6745049504950495,32.168458781362006,💪 매수세 장악(Power Buying). 💸 자금 유입 지속. 🚀 단기 모멘텀 가속. ⚠️ 단기 급등 조정 주의.,0,0,,,56.7,44.8,67.3,🌤 중립,1.철강·금속(+18.4%) / 2.반도체(+15.7%) / 3.IT/전기전자(+13.8%) / 4.조선·기계·설비(+12.6%) / 5.기타(+11.3%),1,323,20260109,20260109,28.76,11.79,101.78,89.99
210120,캔버스엔,KOSDAQ,"영화, 비디오물, 방송프로그램 제작 및 배급업","영화, 비디오물, 방송프로그램 제작 및 배급업",미디어·콘텐츠,1246,71.92,0.0,⚪ 관망,False,False,False,1246,1015,1708,1878.8000000000002,27.5,27.7,27.5,10.2,10.2,43.2,68.0,0.0,,,⚪ 관망,④ 바닥 반등 시도,-26.05,-73.06,-27.83,-26.39,-91.64,0,1.0,1.0,0.0,1.0,0.6,0.07,0.12,23.3,12.3,-8.47,56.85,0,0,5.5,4.18,-10.55,-14.6,-29.38,0,0,0.59,0.37,0,-1,1545.2,1184,5.17,0.477,0.6,-0.12,False,X,▼,1082,▲,O,X,-3.63875,-0.5137499999999995,8.0,1,3.0,60.0,2.0,0.0,📉 매도세 우위. 🚀 단기 모멘텀 가속. 📉 과매도 기술적 반등 기대.,0,0,,,56.7,44.8,67.3,🌤 중립,1.철강·금속(+18.4%) / 2.반도체(+15.7%) / 3.IT/전기전자(+13.8%) / 4.조선·기계·설비(+12.6%) / 5.기타(+11.3%),4,324,20260109,20260109,28.76,11.79,-14.6,-26.39
290650,엘앤씨바이오,KOSDAQ,의약품 제조업,의약품 제조업,바이오·의약품,62300,388.25,0.0,⚪ 관망,False,False,False,62300,57600,71700,78870.0,27.5,21.1,29.1,9.6,9.6,33.5,74.5999984741211,0.0,,,⚪ 관망,⑤ 하락 / 약세,-6.46,100.97,-8.24,19.64,82.39,0,1.0,0.75,0.72,1.0,0.16,0.35,0.24,38.4,40.3,-3.87,21.85,0,0,2.98,-0.16,-1.89,31.43,-2.65,0,0,1.22,0.22,0,1,56850.0,61264,1.69,0.0922,0.53,-0.35,False,O,▲,59653,▼,O,X,3.02625,-0.5881250000000001,7.0,0,0.6,16.3,2.0,0.0,📉 매도세 우위. 🚀 단기 모멘텀 가속. ,0,0,,,56.7,44.8,67.3,🌤 중립,1.철강·금속(+18.4%) / 2.반도체(+15.7%) / 3.IT/전기전자(+13.8%) / 4.조선·기계·설비(+12.6%) / 5.기타(+11.3%),5,325,20260109,20260109,28.76,11.79,31.43,19.64
036890,진성티이씨,KOSDAQ,특수 목적용 기계 제조업,특수 목적용 기계 제조업,조선·기계·설비,13560,56.35,0.0,🚀 집중 공략,True,True,False,13560,12360,15950,17545.0,27.5,7.7,32.4,21.9,21.9,35.3,56.79999923706055,0.0,,,🚀 집중 공략,③ 박스 / 중립,3.91,26.73,2.13,-3.05,8.15,0,0.99,0.88,0.48,1.0,0.09,0.05,0.56,48.5,59.2,0.11,12.32,0,0,1.12,5.69,3.43,8.74,-1.94,0,0,1.42,0.5,1,1,12764.0,13764,-1.49,0.0261,0.71,1.08,False,O,▲,13617,▲,X,X,3.470909090909091,18.752727272727274,4.0,2,8.8,8.6,1.9916666666666667,0.0,🚀 단기 모멘텀 가속. ✅ 20일선 눌림목 구간.,0,0,,,56.7,44.8,67.3,🌤 중립,1.철강·금속(+18.4%) / 2.반도체(+15.7%) / 3.IT/전기전자(+13.8%) / 4.조선·기계·설비(+12.6%) / 5.기타(+11.3%),3,326,20260109,20260109,28.76,11.79,8.74,-3.05
047810,한국항공우주,KOSPI,"항공기,우주선 및 부품 제조업","항공기,우주선 및 부품 제조업",기타,149800,2608.53,0.0,🚫 과열/위험,False,False,False,124400,110500,152100,167310.0,27.4,76.0,15.3,3.0,3.0,43.8,44.099998474121094,0.0,,,🚫 과열/위험,⑤ 하락 / 약세,37.43,75.41,26.74,23.17,32.18,0,0.99,1.0,0.15,0.0,0.97,1.0,0.52,87.2,94.0,26.48,42.55,0,0,4.9,28.25,31.63,51.93,5.27,1,0,1.8,0.91,1,1,123500.0,137207,9.18,0.4309,2.02,2.65,False,O,▲,135296,▲,O,X,6.702016806722689,14.332689075630253,5.0,0,60.8,97.3,0.058524173027989825,20.418006430868168,💪 매수세 장악(Power Buying). 💰 외국인/기관 수급 집중. 🚀 단기 모멘텀 가속. ⚠️ 단기 급등 조정 주의.,0,0,,,56.7,44.8,67.3,🌤 중립,1.철강·금속(+18.4%) / 2.반도체(+15.7%) / 3.IT/전기전자(+13.8%) / 4.조선·기계·설비(+12.6%) / 5.기타(+11.3%),5,327,20260109,20260109,28.76,11.79,51.93,23.17
011070,LG이노텍,KOSPI,전자부품 제조업,전자부품 제조업,IT/전기전자,261500,456.72,0.0,⚪ 관망,False,False,False,261500,247500,289000,317900.0,27.3,19.6,29.2,15.4,15.4,39.0,61.400001525878906,0.0,,,⚪ 관망,⑤ 하락 / 약세,-9.04,68.17,-19.73,13.67,24.94,0,0.98,0.53,0.99,1.0,0.2,0.41,0.41,31.2,42.1,-6.0,12.85,0,0,-7.6,-2.24,-4.74,42.43,-6.3,0,1,1.72,0.18,0,1,258400.0,272335,-3.98,0.1142,2.08,-0.26,True,O,▲,269154,▲,X,X,6.871449275362319,18.37304347826087,3.0,1,12.3,20.1,1.9642857142857142,0.0,🧱 구조적 지지선(Swing Low) 근접. 📉 매도세 우위. 🚀 단기 모멘텀 가속. 📉 과매도 기술적 반등 기대.,0,0,,,56.7,44.8,67.3,🌤 중립,1.철강·금속(+18.4%) / 2.반도체(+15.7%) / 3.IT/전기전자(+13.8%) / 4.조선·기계·설비(+12.6%) / 5.기타(+11.3%),5,328,20260109,20260109,28.76,11.79,42.43,13.67
138610,나이벡,KOSDAQ,의료용품 및 기타 의약 관련제품 제조업,의료용품 및 기타 의약 관련제품 제조업,기타,38650,73.23,0.0,⚪ 관망,False,False,False,38650,35000,45900,50490.00000000001,27.3,9.6,31.7,11.6,11.6,42.1,78.5999984741211,0.0,,,⚪ 관망,④ 바닥 반등 시도,-9.91,54.29,-11.69,-19.77,35.71,0,0.99,0.94,0.37,1.0,0.6,0.07,0.18,28.7,21.6,-7.46,50.51,0,0,-2.52,2.66,-2.4,-7.98,-9.26,0,0,1.17,0.16,0,-1,41985.0,38136,1.35,0.382,0.41,0.75,False,O,▲,36005,▲,O,X,6.702016806722689,14.332689075630253,5.0,1,0.3,60.0,1.9863013698630136,0.0,🚀 단기 모멘텀 가속. 📉 과매도 기술적 반등 기대.,0,0,,,56.7,44.8,67.3,🌤 중립,1.철강·금속(+18.4%) / 2.반도체(+15.7%) / 3.IT/전기전자(+13.8%) / 4.조선·기계·설비(+12.6%) / 5.기타(+11.3%),4,329,20260109,20260109,28.76,11.79,-7.98,-19.77
464080,에스오에스랩,KOSDAQ,"측정, 시험, 항해, 제어 및 기타 정밀기기 제조업; 광학기기 제외","측정, 시험, 항해, 제어 및 기타 정밀기기 제조업; 광학기기 제외",기타,17890,836.42,0.0,🚫 과열/위험,False,False,False,14310,11690,19550,21505.0,27.1,24.6,27.7,3.0,3.0,33.0,85.19999694824219,0.0,,,🚫 과열/위험,② 상승 후 조정,61.17,57.62,59.39,67.65,39.04,0,1.0,1.0,0.0,0.0,0.4,0.76,0.21,84.6,87.1,31.25,87.6,0,0,-2.19,14.68,62.64,79.44,5.88,1,0,1.88,0.79,1,1,13891.0,18022,-0.73,-0.0451,0.76,0.87,False,O,▲,18597,▲,X,X,6.702016806722689,14.332689075630253,5.0,0,62.4,40.0,0.267741935483871,25.01747030048917,💰 외국인/기관 수급 집중. ⚠️ 단기 급등 조정 주의.,0,0,,,56.7,44.8,67.3,🌤 중립,1.철강·금속(+18.4%) / 2.반도체(+15.7%) / 3.IT/전기전자(+13.8%) / 4.조선·기계·설비(+12.6%) / 5.기타(+11.3%),2,330,20260109,20260109,28.76,11.79,79.44,67.65
204270,제이앤티씨,KOSDAQ,전자부품 제조업,전자부품 제조업,IT/전기전자,19340,74.83,0.0,👀 트리거 대기,True,False,True,19340,18590,20850,22935.000000000004,27.0,30.0,26.3,3.2,3.2,37.3,80.0999984741211,0.0,,,👀 트리거 대기,⑤ 하락 / 약세,-1.58,9.27,-3.36,-25.45,-9.31,3,1.0,0.39,0.94,1.0,0.0,0.07,0.29,42.9,36.1,-3.89,12.63,1,0,-1.73,-5.43,0.36,-13.66,-1.25,1,0,1.76,0.1,0,-1,22365.5,20394,-5.17,-0.1782,0.86,-2.55,True,X,▲,20060,▼,X,X,6.871449275362319,18.37304347826087,3.0,0,18.1,0.4,2.013333333333333,0.0,🌪️ 에너지 응축 시작 (3일차). 🧱 구조적 지지선(Swing Low) 근접. 📉 매도세 우위. ,0,0,,,56.7,44.8,67.3,🌤 중립,1.철강·금속(+18.4%) / 2.반도체(+15.7%) / 3.IT/전기전자(+13.8%) / 4.조선·기계·설비(+12.6%) / 5.기타(+11.3%),5,331,20260109,20260109,28.76,11.79,-13.66,-25.45
088350,한화생명,KOSPI,보험업,보험업,금융,3080,54.82,0.0,⚪ 관망,False,False,False,3080,3000,3235,3558.5000000000005,26.9,6.8,31.9,19.5,19.5,32.2,60.79999923706055,0.0,,,⚪ 관망,⑤ 하락 / 약세,1.65,-27.36,-9.04,-31.45,-70.59,0,0.97,0.25,0.75,1.0,0.0,0.05,0.25,40.5,46.8,-3.51,13.98,0,0,0.0,-5.23,-10.07,-2.69,2.0,0,0,1.17,0.16,0,1,3075.4,3163,-2.63,-0.2105,0.47,-1.86,True,X,▼,3201,▼,X,X,0.47818181818181804,-7.147272727272727,12.0,1,5.5,0.0,1.9375,0.0,🧱 구조적 지지선(Swing Low) 근접. 📉 매도세 우위. ,0,0,,,56.7,44.8,67.3,🌤 중립,1.철강·금속(+18.4%) / 2.반도체(+15.7%) / 3.IT/전기전자(+13.8%) / 4.조선·기계·설비(+12.6%) / 5.기타(+11.3%),5,332,20260109,20260109,28.76,11.79,-2.69,-31.45
274090,켄코아에어로스페이스,KOSDAQ,"항공기,우주선 및 부품 제조업","항공기,우주선 및 부품 제조업",기타,21200,311.44,0.0,🚫 과열/위험,False,False,False,16440,12300,24750,27225.000000000004,26.6,11.1,30.5,3.0,3.0,42.6,94.69999694824219,0.0,,,🚫 과열/위험,② 상승 후 조정,115.23,79.66,113.45,77.66,61.08,0,1.0,1.0,0.0,0.0,0.4,0.28,0.15,83.3,94.5,35.37,110.62,0,0,0.95,13.31,42.66,89.45,48.11,1,0,4.6,0.78,1,1,13104.0,21226,-0.12,-0.2999,0.18,1.23,False,O,▲,22245,▲,X,X,6.702016806722689,14.332689075630253,5.0,0,86.6,40.0,0.398876404494382,28.953771289537713,💰 외국인/기관 수급 집중. ⚠️ 단기 급등 조정 주의.,0,0,,,56.7,44.8,67.3,🌤 중립,1.철강·금속(+18.4%) / 2.반도체(+15.7%) / 3.IT/전기전자(+13.8%) / 4.조선·기계·설비(+12.6%) / 5.기타(+11.3%),2,333,20260109,20260109,28.76,11.79,89.45,77.66
005935,삼성전자우,KOSPI,전기전자,전기전자,IT/전기전자,103000,3184.66,0.0,🚫 과열/위험,False,False,False,93800,87600,106300,116930.00000000001,26.5,45.8,21.7,3.0,3.0,31.5,65.30000305175781,0.0,,,🚫 과열/위험,⑤ 하락 / 약세,27.16,97.7,16.47,13.7,54.47,0,1.0,0.67,0.88,0.0,0.25,1.0,0.34,87.5,69.7,15.26,38.26,0,0,1.08,9.11,20.05,42.46,7.3,1,0,1.26,0.91,1,1,92280.0,101710,1.27,0.0101,0.99,1.64,False,O,▲,103149,▲,X,X,6.871449275362319,18.37304347826087,3.0,0,66.1,25.4,0.21428571428571427,9.808102345415778,💪 매수세 장악(Power Buying). 💸 자금 유입 지속. 📈 상승 모멘텀 개선. ⚠️ 단기 급등 조정 주의.,0,0,,,56.7,44.8,67.3,🌤 중립,1.철강·금속(+18.4%) / 2.반도체(+15.7%) / 3.IT/전기전자(+13.8%) / 4.조선·기계·설비(+12.6%) / 5.기타(+11.3%),5,334,20260109,20260109,28.76,11.79,42.46,13.7
003230,삼양식품,KOSPI,기타 식품 제조업,기타 식품 제조업,유통·소비재,1206000,736.0,0.0,🔫 트리거 임박,True,True,False,1206000,1107000,1404000,1544400.0000000002,26.5,18.6,28.5,17.4,17.4,44.1,54.29999923706055,0.0,,,🔫 트리거 임박,⑤ 하락 / 약세,-7.52,-17.51,-18.21,-42.43,-60.74,5,1.0,0.82,0.6,1.0,0.0,0.67,0.38,43.1,43.4,-3.56,11.35,1,0,2.29,-5.49,-4.96,-13.67,-3.99,1,1,1.31,0.43,0,-1,1315700.0,1198853,0.6,-0.201,1.35,-1.08,False,X,▼,1218834,▼,X,X,-2.1766666666666667,-3.841333333333334,10.0,1,35.1,0.0,2.0,0.0,🌪️ 5일 연속 응축 중! 폭발 임박. 📉 매도세 우위. ,0,0,,,56.7,44.8,67.3,🌤 중립,1.철강·금속(+18.4%) / 2.반도체(+15.7%) / 3.IT/전기전자(+13.8%) / 4.조선·기계·설비(+12.6%) / 5.기타(+11.3%),5,335,20260109,20260109,28.76,11.79,-13.67,-42.43
408900,스튜디오미르,KOSDAQ,"영화, 비디오물, 방송프로그램 제작 및 배급업","영화, 비디오물, 방송프로그램 제작 및 배급업",미디어·콘텐츠,2865,191.11,0.0,🔫 트리거 임박,True,True,False,2865,2745,3100,3410.0000000000005,26.5,15.1,29.4,10.2,10.2,52.0,74.30000305175781,0.0,,📦박스돌파,🔫 트리거 임박,⑤ 하락 / 약세,-6.83,-36.75,-8.61,-40.79,-55.33,3,0.98,0.41,0.97,1.0,0.0,0.17,0.15,42.6,44.1,-4.98,14.94,0,0,1.6,-11.71,-3.7,-29.0,-4.92,1,1,1.5,0.07,0,-1,3239.0,2985,-4.05,-0.3172,0.24,-3.17,True,X,▼,2955,▼,X,X,-3.63875,-0.5137499999999995,8.0,1,30.1,0.0,1.9583333333333333,0.0,🧱 구조적 지지선(Swing Low) 근접. 📉 매도세 우위. ,0,0,,,56.7,44.8,67.3,🌤 중립,1.철강·금속(+18.4%) / 2.반도체(+15.7%) / 3.IT/전기전자(+13.8%) / 4.조선·기계·설비(+12.6%) / 5.기타(+11.3%),5,336,20260109,20260109,28.76,11.79,-29.0,-40.79
022100,포스코DX,KOSPI,"건축기술, 엔지니어링 및 관련 기술 서비스업","건축기술, 엔지니어링 및 관련 기술 서비스업",서비스 기타,27050,154.87,0.0,👀 트리거 대기,True,False,True,27050,26050,29050,31955.000000000004,26.4,7.4,31.2,26.2,26.2,38.3,43.0,0.0,,,👀 트리거 대기,③ 박스 / 중립,-3.74,11.09,-14.43,-3.53,-32.14,5,1.0,0.37,0.92,1.0,0.0,0.14,0.23,49.6,71.9,-3.18,17.88,1,0,-0.37,-6.72,-9.08,25.23,7.04,0,0,1.73,0.34,0,1,25020.0,28292,-4.39,-0.2973,0.25,-2.44,True,O,▲,28808,▼,X,X,0.525,-8.831,14.0,2,20.7,0.0,2.0,0.0,🌪️ 5일 연속 응축 중! 폭발 임박. 🧱 구조적 지지선(Swing Low) 근접. 📉 매도세 우위. 💰 외국인/기관 수급 집중. ,0,0,,,56.7,44.8,67.3,🌤 중립,1.철강·금속(+18.4%) / 2.반도체(+15.7%) / 3.IT/전기전자(+13.8%) / 4.조선·기계·설비(+12.6%) / 5.기타(+11.3%),3,337,20260109,20260109,28.76,11.79,25.23,-3.53
489790,한화비전,KOSPI,통신 및 방송 장비 제조업,통신 및 방송 장비 제조업,IT/전기전자,49000,314.48,0.0,🚫 과열/위험,False,False,False,44200,39000,54500,59950.00000000001,26.3,60.9,17.6,3.0,3.0,37.6,51.79999923706055,0.0,,,🚫 과열/위험,⑤ 하락 / 약세,17.79,-8.41,7.1,-33.24,-51.64,0,0.99,1.0,0.1,0.0,0.29,0.29,0.32,81.2,83.8,16.42,44.22,0,0,2.3,6.41,24.21,-4.48,12.2,1,0,1.15,0.88,1,1,40070.0,48442,1.15,-0.0463,1.27,1.11,False,X,▼,49641,▲,X,X,6.871449275362319,18.37304347826087,3.0,0,79.8,28.5,0.55,10.85972850678733,💰 외국인/기관 수급 집중. ⚠️ 단기 급등 조정 주의.,0,0,,,56.7,44.8,67.3,🌤 중립,1.철강·금속(+18.4%) / 2.반도체(+15.7%) / 3.IT/전기전자(+13.8%) / 4.조선·기계·설비(+12.6%) / 5.기타(+11.3%),5,338,20260109,20260109,28.76,11.79,-4.48,-33.24
033340,좋은사람들,KOSDAQ,봉제의복 제조업,봉제의복 제조업,유통·소비재,1629,87.92,0.0,⚪ 관망,False,False,False,1629,1503,1881,2069.1000000000004,26.3,17.7,28.5,12.7,12.7,42.8,65.5,0.0,,,⚪ 관망,⑤ 하락 / 약세,-6.91,-1.69,-8.69,-33.66,-20.27,0,1.0,0.77,0.69,1.0,0.0,0.08,0.32,45.1,42.0,-2.87,13.67,0,0,3.1,-9.85,-0.61,-21.87,-4.07,1,1,1.3,0.33,0,1,1544.6,1650,-1.33,-0.2441,0.74,-2.41,False,X,▼,1646,▼,X,X,-2.1766666666666667,-3.841333333333334,10.0,1,32.0,0.0,2.0,0.0,📉 매도세 우위. ,0,0,,,56.7,44.8,67.3,🌤 중립,1.철강·금속(+18.4%) / 2.반도체(+15.7%) / 3.IT/전기전자(+13.8%) / 4.조선·기계·설비(+12.6%) / 5.기타(+11.3%),5,339,20260109,20260109,28.76,11.79,-21.87,-33.66
203400,에이비온,KOSDAQ,자연과학 및 공학 연구개발업,자연과학 및 공학 연구개발업,기타,3730,73.64,0.0,🚫 과열/위험,False,False,False,3320,2710,4535,4988.5,26.2,24.4,26.6,3.0,3.0,35.4,81.5999984741211,0.0,,,🚫 과열/위험,① 강한 상승 추세,20.91,-21.84,19.13,16.83,-40.42,0,0.99,1.0,0.0,0.0,0.95,0.07,0.25,67.4,78.4,18.0,54.67,0,0,-8.69,9.22,33.93,28.62,7.1,0,0,1.8,0.68,1,1,3073.5,3803,-1.93,0.3098,1.03,0.82,False,O,▲,3811,▲,X,X,6.702016806722689,14.332689075630253,5.0,0,41.1,94.6,0.7892156862745098,12.349397590361445,💰 외국인/기관 수급 집중. 🚀 단기 모멘텀 가속. ⚠️ 단기 급등 조정 주의.,0,0,,,56.7,44.8,67.3,🌤 중립,1.철강·금속(+18.4%) / 2.반도체(+15.7%) / 3.IT/전기전자(+13.8%) / 4.조선·기계·설비(+12.6%) / 5.기타(+11.3%),1,340,20260109,20260109,28.76,11.79,28.62,16.83
049630,재영솔루텍,KOSDAQ,사진장비 및 광학기기 제조업,사진장비 및 광학기기 제조업,기타,4840,389.47,0.0,🚫 과열/위험,False,False,False,3980,3120,5700,6270.000000000001,26.2,21.3,27.4,3.0,3.0,42.9,84.4000015258789,0.0,,,🚫 과열/위험,② 상승 후 조정,95.16,505.0,93.38,465.78,486.42,0,1.0,1.0,0.0,0.0,0.4,0.35,0.07,83.4,78.5,27.67,97.75,0,0,-2.12,-2.62,56.89,477.57,22.98,1,0,1.35,0.9,1,1,3580.0,4872,-0.68,-0.4678,0.24,0.29,False,O,▲,5314,▲,X,X,6.702016806722689,14.332689075630253,5.0,0,87.3,40.0,0.5,21.608040201005025,📉 매도세 우위. 💰 외국인/기관 수급 집중. ⚠️ 단기 급등 조정 주의.,0,0,,,56.7,44.8,67.3,🌤 중립,1.철강·금속(+18.4%) / 2.반도체(+15.7%) / 3.IT/전기전자(+13.8%) / 4.조선·기계·설비(+12.6%) / 5.기타(+11.3%),2,341,20260109,20260109,28.76,11.79,477.57,465.78
051900,LG생활건강,KOSPI,기타 화학제품 제조업,기타 화학제품 제조업,화학·소재,262000,180.43,0.0,⚪ 관망,False,False,False,262000,251000,284000,312400.0,26.1,46.9,20.9,10.9,10.9,38.9,44.29999923706055,0.0,,,⚪ 관망,⑤ 하락 / 약세,-2.06,-22.71,-12.75,-36.02,-65.94,0,1.0,0.42,0.97,1.0,0.0,0.16,0.45,44.1,50.8,-0.52,4.72,0,1,-0.19,-2.96,-0.38,-7.26,-1.36,1,0,1.2,0.41,0,1,254550.0,263542,-0.59,-0.0335,0.85,-0.34,True,X,▼,263687,▼,X,X,-0.5652777777777778,-6.286944444444445,11.0,1,22.3,0.0,2.0,0.0,🔇 변동성 축소 (BW 4.7%). 🧱 구조적 지지선(Swing Low) 근접. 📉 매도세 우위. ✅ 20일선 눌림목 구간.,0,0,,,56.7,44.8,67.3,🌤 중립,1.철강·금속(+18.4%) / 2.반도체(+15.7%) / 3.IT/전기전자(+13.8%) / 4.조선·기계·설비(+12.6%) / 5.기타(+11.3%),5,342,20260109,20260109,28.76,11.79,-7.26,-36.02
139480,이마트,KOSPI,종합 소매업,종합 소매업,유통·소비재,81800,195.66,0.0,⚪ 관망,False,False,False,81800,77800,89800,98780.00000000001,26.1,9.3,30.3,24.2,24.2,33.9,44.5,0.0,,,⚪ 관망,④ 바닥 반등 시도,-0.61,-17.46,-11.3,-18.07,-60.69,0,1.0,0.49,1.0,1.0,0.11,0.18,0.29,31.9,32.3,-2.8,16.39,0,0,1.36,2.0,-4.1,10.69,1.4,0,0,1.15,0.22,0,-1,89680.0,82406,-0.74,0.062,0.54,-0.48,True,O,▲,81156,▼,O,X,-2.1766666666666667,-3.841333333333334,10.0,2,4.2,10.9,2.0,0.0,🧱 구조적 지지선(Swing Low) 근접. 📉 매도세 우위. 🚀 단기 모멘텀 가속. ,0,0,,,56.7,44.8,67.3,🌤 중립,1.철강·금속(+18.4%) / 2.반도체(+15.7%) / 3.IT/전기전자(+13.8%) / 4.조선·기계·설비(+12.6%) / 5.기타(+11.3%),4,343,20260109,20260109,28.76,11.79,10.69,-18.07
047820,초록뱀미디어,KOSDAQ,"영화, 비디오물, 방송프로그램 제작 및 배급업","영화, 비디오물, 방송프로그램 제작 및 배급업",미디어·콘텐츠,4515,298.62,0.0,⚪ 관망,False,False,False,4515,4235,5070,5577.0,26.0,19.4,27.7,12.6,12.6,38.4,62.900001525878906,0.0,,,⚪ 관망,⑤ 하락 / 약세,-0.88,-24.24,-2.66,-32.86,-42.82,0,0.99,0.61,0.93,1.0,0.04,0.27,0.38,46.6,53.2,-1.26,12.59,0,0,0.11,-7.57,3.79,-21.07,-0.57,1,0,1.26,0.23,0,1,4333.5,4714,-4.24,-0.1522,0.63,-1.53,True,X,▼,4641,▲,X,X,-3.63875,-0.5137499999999995,8.0,1,18.6,4.5,1.9821428571428572,0.0,🧱 구조적 지지선(Swing Low) 근접. 📉 매도세 우위. ✅ 20일선 눌림목 구간.,0,0,,,56.7,44.8,67.3,🌤 중립,1.철강·금속(+18.4%) / 2.반도체(+15.7%) / 3.IT/전기전자(+13.8%) / 4.조선·기계·설비(+12.6%) / 5.기타(+11.3%),5,344,20260109,20260109,28.76,11.79,-21.07,-32.86
111770,영원무역,KOSPI,상품 종합 도매업,상품 종합 도매업,기타,85100,58.64,0.0,⚪ 관망,False,False,False,85100,77800,99700,109670.00000000001,25.8,24.5,26.1,18.8,18.8,43.1,43.29999923706055,0.0,,,⚪ 관망,⑤ 하락 / 약세,-5.97,36.38,-16.66,11.67,-6.85,0,1.0,0.86,0.53,1.0,0.55,0.05,0.65,37.6,54.8,-1.14,16.39,0,0,1.43,7.31,-1.62,40.43,-8.19,0,0,1.77,0.43,0,-1,89940.0,83652,1.73,0.3145,1.25,1.69,False,O,▲,81445,▲,O,X,6.702016806722689,14.332689075630253,5.0,1,5.1,55.4,2.0,0.0,💪 매수세 장악(Power Buying). 🚀 단기 모멘텀 가속. ✅ 20일선 눌림목 구간.,0,0,,,56.7,44.8,67.3,🌤 중립,1.철강·금속(+18.4%) / 2.반도체(+15.7%) / 3.IT/전기전자(+13.8%) / 4.조선·기계·설비(+12.6%) / 5.기타(+11.3%),5,345,20260109,20260109,28.76,11.79,40.43,11.67
499790,GS피앤엘,KOSPI,기타 금융업,기타 금융업,금융,43500,53.45,0.0,⚪ 관망,False,False,False,43500,39500,51500,56650.00000000001,25.7,6.3,30.5,14.1,14.1,41.4,68.80000305175781,0.0,,,⚪ 관망,④ 바닥 반등 시도,-15.53,-2.79,-26.22,-23.94,-46.02,0,1.0,0.92,0.41,1.0,0.55,0.05,0.41,41.1,46.5,-1.68,22.02,0,0,-2.25,4.57,-0.23,4.82,-5.28,0,0,2.07,0.28,0,-1,46975.0,42776,1.69,0.3115,0.64,0.49,False,X,▼,41857,▲,O,X,0.47818181818181804,-7.147272727272727,12.0,1,1.2,54.9,2.0,0.0,📉 매도세 우위. 🚀 단기 모멘텀 가속. ✅ 20일선 눌림목 구간.,0,0,,,56.7,44.8,67.3,🌤 중립,1.철강·금속(+18.4%) / 2.반도체(+15.7%) / 3.IT/전기전자(+13.8%) / 4.조선·기계·설비(+12.6%) / 5.기타(+11.3%),4,346,20260109,20260109,28.76,11.79,4.82,-23.94
066570,LG전자,KOSPI,통신 및 방송 장비 제조업,통신 및 방송 장비 제조업,IT/전기전자,89100,1019.32,0.0,⚪ 관망,False,False,False,89100,86100,95100,104610.00000000001,25.6,26.2,25.5,9.7,9.7,30.1,62.20000076293945,0.0,,,⚪ 관망,⑤ 하락 / 약세,-6.7,15.41,-17.39,-21.41,-27.82,0,1.0,0.34,0.88,1.0,0.0,0.92,0.51,26.9,36.2,-4.42,7.71,0,1,-3.36,-2.52,-3.88,7.35,-3.93,0,0,1.53,0.13,0,-1,97190.0,92018,-3.17,-0.0091,2.41,-1.35,True,O,▲,91605,▼,X,X,6.871449275362319,18.37304347826087,3.0,0,0.2,0.0,2.0,0.0,🔇 변동성 축소 (BW 7.7%). 🧱 구조적 지지선(Swing Low) 근접. 📉 매도세 우위. ,0,0,,,56.7,44.8,67.3,🌤 중립,1.철강·금속(+18.4%) / 2.반도체(+15.7%) / 3.IT/전기전자(+13.8%) / 4.조선·기계·설비(+12.6%) / 5.기타(+11.3%),5,347,20260109,20260109,28.76,11.79,7.35,-21.41
039200,오스코텍,KOSDAQ,의약품 제조업,의약품 제조업,바이오·의약품,45750,104.76,0.0,⚪ 관망,False,False,False,45750,41800,53600,58960.00000000001,25.5,10.9,29.1,13.1,13.1,43.1,66.5,0.0,,,⚪ 관망,④ 바닥 반등 시도,-17.27,48.78,-19.05,-9.33,30.2,0,0.99,0.86,0.52,1.0,0.65,0.1,0.21,34.9,27.2,-7.43,50.22,0,0,-3.68,5.66,4.21,2.46,-1.27,0,0,0.8,0.13,0,-1,51525.0,45986,-0.52,0.536,0.5,0.81,False,X,▲,43650,▲,O,X,3.02625,-0.5881250000000001,7.0,1,0.2,65.0,1.9873417721518987,0.0,🚀 단기 모멘텀 가속. 📉 과매도 기술적 반등 기대.,0,0,,,56.7,44.8,67.3,🌤 중립,1.철강·금속(+18.4%) / 2.반도체(+15.7%) / 3.IT/전기전자(+13.8%) / 4.조선·기계·설비(+12.6%) / 5.기타(+11.3%),4,348,20260109,20260109,28.76,11.79,2.46,-9.33
007390,네이처셀,KOSDAQ,기초 의약물질 제조업,기초 의약물질 제조업,기타,20500,50.57,0.0,⚪ 관망,False,False,False,20500,19600,22300,24530.000000000004,25.5,10.4,29.3,5.1,5.1,42.1,85.80000305175781,0.0,,,⚪ 관망,⑤ 하락 / 약세,-6.82,-23.22,-8.6,-7.41,-41.8,2,1.0,0.44,0.98,1.0,0.0,0.05,0.19,29.5,39.4,-6.63,13.15,0,0,-0.97,-7.66,-10.09,4.38,-7.83,1,1,0.98,0.12,0,-1,22360.0,21090,-2.8,-0.1936,0.81,-2.3,True,X,▼,21037,▼,X,X,6.702016806722689,14.332689075630253,5.0,0,30.1,0.0,2.0,0.0,🧱 구조적 지지선(Swing Low) 근접. 📉 매도세 우위. 📉 과매도 기술적 반등 기대.,0,0,,,56.7,44.8,67.3,🌤 중립,1.철강·금속(+18.4%) / 2.반도체(+15.7%) / 3.IT/전기전자(+13.8%) / 4.조선·기계·설비(+12.6%) / 5.기타(+11.3%),5,349,20260109,20260109,28.76,11.79,4.38,-7.41
308080,바이젠셀,KOSDAQ,자연과학 및 공학 연구개발업,자연과학 및 공학 연구개발업,기타,10630,77.46,0.0,⚪ 관망,False,False,False,10630,7810,16270,17897.0,25.3,25.5,25.2,13.1,13.1,42.1,53.400001525878906,0.0,,,⚪ 관망,⑤ 하락 / 약세,-19.83,263.42,-21.61,207.43,244.84,0,1.0,1.0,0.0,1.0,0.6,0.07,0.16,38.1,48.9,-5.46,61.7,0,0,3.2,1.43,-3.54,219.22,-11.2,0,0,1.48,0.18,0,1,7946.0,10080,5.46,0.3745,0.29,0.17,False,O,▲,9524,▲,O,X,6.702016806722689,14.332689075630253,5.0,1,0.3,60.0,2.0,0.0,📉 매도세 우위. 🚀 단기 모멘텀 가속. 📉 과매도 기술적 반등 기대.,0,0,,,56.7,44.8,67.3,🌤 중립,1.철강·금속(+18.4%) / 2.반도체(+15.7%) / 3.IT/전기전자(+13.8%) / 4.조선·기계·설비(+12.6%) / 5.기타(+11.3%),5,350,20260109,20260109,28.76,11.79,219.22,207.43
174900,앱클론,KOSDAQ,의료용품 및 기타 의약 관련제품 제조업,의료용품 및 기타 의약 관련제품 제조업,기타,53900,204.44,0.0,🚫 과열/위험,False,False,False,46100,38700,60900,66990.0,25.2,22.2,26.0,3.0,3.0,33.9,79.69999694824219,0.0,,,🚫 과열/위험,⑤ 하락 / 약세,46.87,407.06,45.09,158.25,388.48,0,1.0,1.0,0.0,0.0,0.8,0.19,0.25,77.8,77.1,22.79,63.7,0,0,-5.11,10.22,38.21,170.04,6.29,0,0,1.64,0.77,1,1,45595.0,53852,0.09,0.2274,0.7,1.4,False,O,▲,54989,▲,X,X,6.702016806722689,14.332689075630253,5.0,0,44.7,80.1,0.4605263157894737,16.919739696312362,💰 외국인/기관 수급 집중. 🚀 단기 모멘텀 가속. ⚠️ 단기 급등 조정 주의.,0,0,,,56.7,44.8,67.3,🌤 중립,1.철강·금속(+18.4%) / 2.반도체(+15.7%) / 3.IT/전기전자(+13.8%) / 4.조선·기계·설비(+12.6%) / 5.기타(+11.3%),5,351,20260109,20260109,28.76,11.79,170.04,158.25
018260,삼성에스디에스,KOSPI,"컴퓨터 프로그래밍, 시스템 통합 및 관리업","컴퓨터 프로그래밍, 시스템 통합 및 관리업",IT/전기전자,172700,244.75,0.0,⚪ 관망,False,False,False,172700,164400,189300,208230.00000000003,25.0,46.5,19.6,12.2,12.2,37.1,36.70000076293945,0.0,,,⚪ 관망,⑤ 하락 / 약세,-2.37,-5.99,-13.06,-24.41,-49.22,1,1.0,0.48,1.0,1.0,0.02,0.22,0.51,50.6,48.7,-0.36,7.07,0,1,-1.6,-1.37,1.77,4.35,-0.9,0,1,1.47,0.42,0,1,166240.0,177005,-2.43,-0.0159,0.96,0.35,True,O,▲,176821,▲,X,X,6.871449275362319,18.37304347826087,3.0,1,16.7,2.1,2.0,0.0,🔇 변동성 축소 (BW 7.1%). 🧱 구조적 지지선(Swing Low) 근접. 📉 매도세 우위. ✅ 20일선 눌림목 구간.,0,0,,,56.7,44.8,67.3,🌤 중립,1.철강·금속(+18.4%) / 2.반도체(+15.7%) / 3.IT/전기전자(+13.8%) / 4.조선·기계·설비(+12.6%) / 5.기타(+11.3%),5,352,20260109,20260109,28.76,11.79,4.35,-24.41
394800,쓰리빌리언,KOSDAQ,자연과학 및 공학 연구개발업,자연과학 및 공학 연구개발업,기타,15930,52.13,0.0,⚪ 관망,False,False,False,15930,15040,17710,19481.0,25.0,16.9,27.0,3.0,3.0,30.1,83.0,0.0,,,⚪ 관망,② 상승 후 조정,-10.66,139.19,-12.44,95.36,120.61,0,1.0,0.56,0.98,1.0,0.0,0.05,0.11,42.1,43.5,-8.58,22.99,0,0,-4.72,-2.87,-7.44,107.15,-8.47,0,0,1.95,0.12,0,1,14482.0,16017,-0.54,-0.0592,0.49,0.09,True,O,▲,16194,▼,X,X,6.702016806722689,14.332689075630253,5.0,0,0.1,0.0,2.0,0.0,🧱 구조적 지지선(Swing Low) 근접. 📉 매도세 우위. 📉 과매도 기술적 반등 기대.,0,0,,,56.7,44.8,67.3,🌤 중립,1.철강·금속(+18.4%) / 2.반도체(+15.7%) / 3.IT/전기전자(+13.8%) / 4.조선·기계·설비(+12.6%) / 5.기타(+11.3%),2,353,20260109,20260109,28.76,11.79,107.15,95.36
017670,SK텔레콤,KOSPI,전기 통신업,전기 통신업,IT/전기전자,53000,270.12,0.0,👀 트리거 대기,True,False,True,53000,51900,55200,60720.00000000001,24.9,38.5,21.5,23.4,23.4,31.7,17.200000762939453,0.0,,,👀 트리거 대기,⑤ 하락 / 약세,-1.85,-6.19,-12.54,-29.88,-49.42,3,1.0,0.21,0.65,1.0,0.0,0.25,0.44,50.0,35.1,-0.5,2.16,1,1,0.38,-0.56,-0.75,-1.12,0.38,0,0,1.59,0.38,0,1,52280.0,53030,-0.06,-0.0079,0.81,-0.92,True,X,▼,53066,▼,X,X,6.871449275362319,18.37304347826087,3.0,2,4.3,0.0,2.0,0.0,🌪️ 에너지 응축 시작 (3일차). 🧱 구조적 지지선(Swing Low) 근접. 📉 매도세 우위. ✅ 20일선 눌림목 구간.,0,0,,,56.7,44.8,67.3,🌤 중립,1.철강·금속(+18.4%) / 2.반도체(+15.7%) / 3.IT/전기전자(+13.8%) / 4.조선·기계·설비(+12.6%) / 5.기타(+11.3%),5,354,20260109,20260109,28.76,11.79,-1.12,-29.88
034230,파라다이스,KOSPI,유원지 및 기타 오락관련 서비스업,유원지 및 기타 오락관련 서비스업,서비스 기타,16590,99.35,0.0,⚪ 관망,False,False,False,16590,15340,19080,20988.0,24.9,27.4,24.3,7.8,7.8,36.5,62.79999923706055,0.0,,,⚪ 관망,⑤ 하락 / 약세,-8.04,-10.76,-18.73,-40.75,-53.99,0,0.99,0.75,0.73,1.0,0.01,0.09,0.44,53.9,49.2,-0.82,17.69,0,0,5.0,-0.42,1.16,-11.99,-1.35,0,1,1.18,0.39,0,-1,17149.0,16085,3.14,-0.0034,0.92,-0.87,False,X,▼,15904,▼,O,X,0.525,-8.831,14.0,0,15.6,1.4,1.992,0.0,📉 매도세 우위. ✅ 20일선 눌림목 구간.,0,0,,,56.7,44.8,67.3,🌤 중립,1.철강·금속(+18.4%) / 2.반도체(+15.7%) / 3.IT/전기전자(+13.8%) / 4.조선·기계·설비(+12.6%) / 5.기타(+11.3%),5,355,20260109,20260109,28.76,11.79,-11.99,-40.75
036540,SFA반도체,KOSDAQ,반도체 제조업,반도체 제조업,반도체,5490,160.89,0.0,🚫 과열/위험,False,False,False,4815,4225,6000,6600.000000000001,24.7,13.2,27.6,3.0,3.0,29.6,84.9000015258789,0.0,,,🚫 과열/위험,⑤ 하락 / 약세,31.03,74.56,29.25,13.27,55.98,0,1.0,1.0,0.07,0.0,0.4,0.15,0.14,75.9,78.4,19.67,59.88,0,0,-4.19,12.73,25.49,25.06,7.55,1,0,0.53,0.6,1,1,4866.4,5849,-6.15,0.0588,0.88,-1.48,False,O,▲,5702,▲,X,X,10.309333333333335,19.353333333333335,2.0,0,53.9,40.4,0.4031620553359684,14.018691588785046,📉 매도세 우위. 💰 외국인/기관 수급 집중. 🚀 단기 모멘텀 가속. ⚠️ 단기 급등 조정 주의.,0,0,,,56.7,44.8,67.3,🌤 중립,1.철강·금속(+18.4%) / 2.반도체(+15.7%) / 3.IT/전기전자(+13.8%) / 4.조선·기계·설비(+12.6%) / 5.기타(+11.3%),5,356,20260109,20260109,28.76,11.79,25.06,13.27
004090,한국석유,KOSPI,기타 비금속 광물제품 제조업,기타 비금속 광물제품 제조업,기타,14020,99.39,0.0,👀 트리거 대기,True,False,True,14020,13490,15080,16588.0,24.4,60.2,15.4,1.6,1.6,37.8,47.599998474121094,0.0,,,👀 트리거 대기,⑤ 하락 / 약세,0.5,-1.2,-10.19,-27.61,-44.43,5,1.0,0.38,0.93,1.0,0.0,0.09,0.5,57.7,83.9,0.39,2.79,1,1,0.65,0.21,0.14,1.15,-0.29,1,0,0.35,0.29,1,-1,14319.0,14217,-1.39,-0.0184,0.95,-0.65,True,O,▲,14035,▼,X,X,6.702016806722689,14.332689075630253,5.0,0,19.3,0.2,2.0,0.0,🌪️ 5일 연속 응축 중! 폭발 임박. 🧱 구조적 지지선(Swing Low) 근접. 📉 매도세 우위. 💰 외국인/기관 수급 집중. ✅ 20일선 눌림목 구간.,0,0,,,56.7,44.8,67.3,🌤 중립,1.철강·금속(+18.4%) / 2.반도체(+15.7%) / 3.IT/전기전자(+13.8%) / 4.조선·기계·설비(+12.6%) / 5.기타(+11.3%),5,357,20260109,20260109,28.76,11.79,1.15,-27.61
475960,토모큐브,KOSDAQ,사진장비 및 광학기기 제조업,사진장비 및 광학기기 제조업,기타,48550,73.7,0.0,⚪ 관망,False,False,False,48550,44100,57500,63250.00000000001,24.3,15.3,26.5,3.4,3.4,33.4,80.4000015258789,0.0,,,⚪ 관망,④ 바닥 반등 시도,-18.81,90.39,-20.59,-9.58,71.81,0,1.0,0.92,0.42,1.0,0.16,0.07,0.2,48.4,43.4,-4.61,21.88,0,0,-1.32,-1.42,-0.51,2.21,-5.66,0,0,1.81,0.23,0,-1,57275.0,48844,-0.6,0.09,0.5,-0.56,False,O,▲,48891,▲,X,X,6.702016806722689,14.332689075630253,5.0,0,0.6,15.9,2.0112359550561796,0.0,📉 매도세 우위. 🚀 단기 모멘텀 가속. ,0,0,,,56.7,44.8,67.3,🌤 중립,1.철강·금속(+18.4%) / 2.반도체(+15.7%) / 3.IT/전기전자(+13.8%) / 4.조선·기계·설비(+12.6%) / 5.기타(+11.3%),4,358,20260109,20260109,28.76,11.79,2.21,-9.58
048410,현대바이오,KOSDAQ,기타 화학제품 제조업,기타 화학제품 제조업,화학·소재,4930,65.36,0.0,⚪ 관망,False,False,False,4930,4575,5640,6204.000000000001,24.1,8.5,28.0,5.1,5.1,38.0,81.30000305175781,0.0,,,⚪ 관망,⑤ 하락 / 약세,-8.87,-30.07,-10.65,-19.98,-48.65,0,1.0,0.72,0.78,1.0,0.0,0.06,0.23,34.0,28.6,-4.44,12.34,0,0,1.54,-4.09,-5.56,-8.19,-9.45,1,0,1.36,0.33,0,-1,5296.0,4981,-1.04,-0.0352,0.59,-2.05,False,X,▲,4922,▼,O,X,-0.5652777777777778,-6.286944444444445,11.0,0,20.0,0.0,2.0,0.0,📉 매도세 우위. ,0,0,,,56.7,44.8,67.3,🌤 중립,1.철강·금속(+18.4%) / 2.반도체(+15.7%) / 3.IT/전기전자(+13.8%) / 4.조선·기계·설비(+12.6%) / 5.기타(+11.3%),5,359,20260109,20260109,28.76,11.79,-8.19,-19.98
007340,DN오토모티브,KOSPI,일차전지 및 이차전지 제조업,일차전지 및 이차전지 제조업,2차전지,25000,73.54,0.0,⚪ 관망,False,False,False,25000,22950,29050,31955.000000000004,24.0,30.7,22.3,13.0,13.0,38.2,44.0,0.0,,,⚪ 관망,④ 바닥 반등 시도,-11.5,-8.93,-22.19,-21.92,-52.16,0,0.99,0.81,0.6,1.0,0.38,0.07,0.56,29.2,26.2,-2.42,26.1,0,0,6.16,5.93,-2.15,6.84,-7.74,0,0,1.25,0.3,0,-1,25790.0,24063,3.89,0.2168,1.44,1.11,False,O,▼,23168,▲,O,X,5.2444444444444445,-18.698888888888888,16.0,1,1.5,38.2,1.975609756097561,0.0,🚀 단기 모멘텀 가속. ,0,0,,,56.7,44.8,67.3,🌤 중립,1.철강·금속(+18.4%) / 2.반도체(+15.7%) / 3.IT/전기전자(+13.8%) / 4.조선·기계·설비(+12.6%) / 5.기타(+11.3%),4,360,20260109,20260109,28.76,11.79,6.84,-21.92
020150,롯데에너지머티리얼즈,KOSPI,전자부품 제조업,전자부품 제조업,IT/전기전자,28750,58.23,0.0,⚪ 관망,False,False,False,28750,27450,31300,34430.0,23.9,13.7,26.5,6.1,6.1,42.2,74.19999694824219,0.0,,,⚪ 관망,④ 바닥 반등 시도,-21.66,25.27,-32.35,-8.97,-17.96,0,0.98,0.44,0.99,1.0,0.25,0.05,0.13,19.4,31.2,-10.98,30.17,0,0,-0.86,-4.17,-10.99,19.79,-10.1,1,0,2.74,0.07,0,-1,32680.0,29849,-3.68,0.14,0.77,-1.79,True,X,▲,29166,▼,X,X,6.871449275362319,18.37304347826087,3.0,0,18.1,24.7,1.9615384615384615,0.0,🧱 구조적 지지선(Swing Low) 근접. 📉 매도세 우위. 🚀 단기 모멘텀 가속. 📉 과매도 기술적 반등 기대.,0,0,,,56.7,44.8,67.3,🌤 중립,1.철강·금속(+18.4%) / 2.반도체(+15.7%) / 3.IT/전기전자(+13.8%) / 4.조선·기계·설비(+12.6%) / 5.기타(+11.3%),4,361,20260109,20260109,28.76,11.79,19.79,-8.97
138930,BNK금융지주,KOSPI,기타 금융업,기타 금융업,금융,15300,127.53,0.0,⚪ 관망,False,False,False,15300,14870,16150,17765.0,23.8,22.8,24.1,24.0,24.0,35.4,24.200000762939453,0.0,,,⚪ 관망,⑤ 하락 / 약세,-1.54,-3.53,-12.23,-19.16,-46.76,0,0.99,0.28,0.79,1.0,0.0,0.12,0.33,39.0,48.7,-2.54,8.92,0,1,-0.2,-2.73,-5.2,9.6,0.53,0,1,1.33,0.14,0,1,14901.0,15540,-1.55,-0.1087,0.7,-0.63,True,O,▲,15642,▼,X,X,0.47818181818181804,-7.147272727272727,12.0,2,13.6,0.0,1.9767441860465116,0.0,🔇 변동성 축소 (BW 8.9%). 🧱 구조적 지지선(Swing Low) 근접. 📉 매도세 우위. ,0,0,,,56.7,44.8,67.3,🌤 중립,1.철강·금속(+18.4%) / 2.반도체(+15.7%) / 3.IT/전기전자(+13.8%) / 4.조선·기계·설비(+12.6%) / 5.기타(+11.3%),5,362,20260109,20260109,28.76,11.79,9.6,-19.16
000660,SK하이닉스,KOSPI,반도체 제조업,반도체 제조업,반도체,744000,24994.59,0.0,🚫 과열/위험,False,False,False,653000,595000,769000,845900.0000000001,23.7,47.7,17.7,3.0,3.0,41.4,51.900001525878906,0.0,,,🚫 과열/위험,⑤ 하락 / 약세,31.45,148.0,20.76,52.04,104.77,0,1.0,0.89,0.47,0.0,0.52,1.0,0.22,92.5,91.9,19.61,48.56,0,0,-1.59,9.9,27.4,80.8,11.24,1,0,0.91,0.83,1,1,667400.0,731898,1.65,0.1141,1.08,0.47,False,O,▲,745124,▲,X,X,10.309333333333335,19.353333333333335,2.0,0,77.4,52.4,0.16778523489932887,13.935681470137826,📉 매도세 우위. 💰 외국인/기관 수급 집중. 🚀 단기 모멘텀 가속. ⚠️ 단기 급등 조정 주의.,0,0,,,56.7,44.8,67.3,🌤 중립,1.철강·금속(+18.4%) / 2.반도체(+15.7%) / 3.IT/전기전자(+13.8%) / 4.조선·기계·설비(+12.6%) / 5.기타(+11.3%),5,363,20260109,20260109,28.76,11.79,80.8,52.04
099440,스맥,KOSDAQ,특수 목적용 기계 제조업,특수 목적용 기계 제조업,조선·기계·설비,5920,60.1,0.0,⚪ 관망,False,False,False,5920,5630,6490,7139.000000000001,23.6,5.1,28.2,3.0,3.0,32.1,86.9000015258789,0.0,,,⚪ 관망,⑤ 하락 / 약세,-24.68,50.06,-26.46,30.01,31.48,0,0.98,0.48,1.0,1.0,0.1,0.05,0.08,38.1,59.3,-9.58,25.18,0,0,0.34,-4.21,-13.45,41.8,-8.15,0,0,3.69,0.09,0,1,5666.0,6166,-4.0,0.0573,0.42,-0.48,True,O,▲,6005,▼,X,X,3.470909090909091,18.752727272727274,4.0,0,0.1,10.1,1.9655172413793103,0.0,🧱 구조적 지지선(Swing Low) 근접. 📉 매도세 우위. 🚀 단기 모멘텀 가속. 📉 과매도 기술적 반등 기대.,0,0,,,56.7,44.8,67.3,🌤 중립,1.철강·금속(+18.4%) / 2.반도체(+15.7%) / 3.IT/전기전자(+13.8%) / 4.조선·기계·설비(+12.6%) / 5.기타(+11.3%),5,364,20260109,20260109,28.76,11.79,41.8,30.01
044490,태웅,KOSDAQ,기타 금속 가공제품 제조업,기타 금속 가공제품 제조업,기타,26850,113.2,0.0,⚪ 관망,False,False,False,26850,23250,34050,37455.0,23.5,12.0,26.4,7.0,7.0,32.3,71.5999984741211,0.0,,,⚪ 관망,④ 바닥 반등 시도,4.27,-10.5,2.49,-27.75,-29.08,0,1.0,1.0,0.03,1.0,0.06,0.1,0.4,47.5,47.1,-0.93,23.55,0,0,3.87,9.82,-0.92,-15.96,-4.55,0,0,2.05,0.36,0,1,23800.0,27120,-1.0,0.0347,0.58,0.12,False,X,▼,26225,▲,O,X,6.702016806722689,14.332689075630253,5.0,0,2.7,6.1,2.0,0.0,📉 매도세 우위. 🚀 단기 모멘텀 가속. ✅ 20일선 눌림목 구간.,0,0,,,56.7,44.8,67.3,🌤 중립,1.철강·금속(+18.4%) / 2.반도체(+15.7%) / 3.IT/전기전자(+13.8%) / 4.조선·기계·설비(+12.6%) / 5.기타(+11.3%),4,365,20260109,20260109,28.76,11.79,-15.96,-27.75
160190,하이젠알앤엠,KOSDAQ,"전동기, 발전기 및 전기 변환 · 공급 · 제어 장치 제조업","전동기, 발전기 및 전기 변환 · 공급 · 제어 장치 제조업",인프라·에너지,54000,101.17,0.0,⚪ 관망,False,False,False,54000,51200,59500,65450.00000000001,23.3,14.7,25.5,3.0,3.0,30.1,78.0999984741211,0.0,,,⚪ 관망,⑤ 하락 / 약세,-16.02,58.82,-17.8,-11.79,40.24,0,0.98,0.51,1.0,1.0,0.0,0.09,0.11,44.0,39.1,-8.85,26.52,0,0,1.69,-9.24,-8.16,0.0,-3.15,0,0,1.39,0.11,0,1,52395.0,55880,-3.36,-0.3051,0.55,-2.55,True,O,▲,55251,▼,X,X,1.2333333333333334,-9.163333333333332,13.0,0,0.1,0.0,1.9642857142857142,0.0,🧱 구조적 지지선(Swing Low) 근접. 📉 매도세 우위. 📉 과매도 기술적 반등 기대.,0,0,,,56.7,44.8,67.3,🌤 중립,1.철강·금속(+18.4%) / 2.반도체(+15.7%) / 3.IT/전기전자(+13.8%) / 4.조선·기계·설비(+12.6%) / 5.기타(+11.3%),5,366,20260109,20260109,28.76,11.79,0.0,-11.79
010130,고려아연,KOSPI,1차 비철금속 제조업,1차 비철금속 제조업,철강·금속,1142000,1868.51,0.0,⚪ 관망,False,False,False,1142000,1108000,1210000,1331000.0,23.2,30.0,21.5,8.0,8.0,30.0,52.900001525878906,0.0,,,⚪ 관망,⑤ 하락 / 약세,-22.68,33.88,-33.37,-46.36,-9.35,0,1.0,0.3,0.81,1.0,0.0,1.0,0.4,32.6,13.5,-15.09,34.7,0,0,-5.07,-11.27,-15.78,-17.6,-11.98,0,0,0.58,0.01,0,-1,1393900.0,1185650,-3.68,-0.1541,5.1,-1.98,True,O,▲,1211385,▼,X,X,10.6625,23.484166666666667,1.0,0,0.0,0.0,2.0,0.0,🧱 구조적 지지선(Swing Low) 근접. 📉 매도세 우위. 📉 과매도 기술적 반등 기대.,0,0,,,56.7,44.8,67.3,🌤 중립,1.철강·금속(+18.4%) / 2.반도체(+15.7%) / 3.IT/전기전자(+13.8%) / 4.조선·기계·설비(+12.6%) / 5.기타(+11.3%),5,367,20260109,20260109,28.76,11.79,-17.6,-46.36
108490,로보티즈,KOSDAQ,특수 목적용 기계 제조업,특수 목적용 기계 제조업,조선·기계·설비,242000,745.83,0.0,⚪ 관망,False,False,False,242000,232500,260500,286550.0,23.0,8.0,26.7,4.1,4.1,30.0,79.30000305175781,0.0,,,⚪ 관망,② 상승 후 조정,-14.64,239.49,-16.42,18.81,220.91,0,0.97,0.38,0.94,1.0,0.0,0.68,0.07,30.9,41.3,-11.36,28.37,0,0,0.0,-10.2,-13.26,30.6,-9.87,0,0,1.64,0.05,0,1,226350.0,252450,-4.14,-0.1191,0.42,-2.26,True,O,▲,247957,▼,X,X,3.470909090909091,18.752727272727274,4.0,0,0.0,0.0,1.9473684210526316,0.0,🧱 구조적 지지선(Swing Low) 근접. 📉 매도세 우위. 📉 과매도 기술적 반등 기대.,0,0,,,56.7,44.8,67.3,🌤 중립,1.철강·금속(+18.4%) / 2.반도체(+15.7%) / 3.IT/전기전자(+13.8%) / 4.조선·기계·설비(+12.6%) / 5.기타(+11.3%),2,368,20260109,20260109,28.76,11.79,30.6,18.81
107640,한중엔시에스,KOSDAQ,"전동기, 발전기 및 전기 변환 · 공급 · 제어 장치 제조업","전동기, 발전기 및 전기 변환 · 공급 · 제어 장치 제조업",인프라·에너지,43900,54.99,0.0,⚪ 관망,False,False,False,43900,40050,51600,56760.00000000001,22.9,30.3,21.0,0.7,0.7,30.2,68.30000305175781,0.0,,,⚪ 관망,③ 박스 / 중립,-11.76,60.51,-13.54,3.74,41.93,0,1.0,0.88,0.49,1.0,0.0,0.05,0.26,41.8,39.4,-7.95,24.09,0,0,5.28,-1.68,-11.67,15.53,-9.31,0,0,1.3,0.21,0,-1,49085.0,43866,0.08,-0.1201,1.42,-1.21,False,O,▲,43494,▼,O,X,1.2333333333333334,-9.163333333333332,13.0,0,0.5,0.0,2.0,0.0,📉 매도세 우위. 📉 과매도 기술적 반등 기대.,0,0,,,56.7,44.8,67.3,🌤 중립,1.철강·금속(+18.4%) / 2.반도체(+15.7%) / 3.IT/전기전자(+13.8%) / 4.조선·기계·설비(+12.6%) / 5.기타(+11.3%),3,369,20260109,20260109,28.76,11.79,15.53,3.74
139130,iM금융지주,KOSPI,기타 금융업,기타 금융업,금융,14490,93.88,0.0,⚪ 관망,False,False,False,14490,14130,15210,16731.0,22.9,17.9,24.2,26.2,26.2,41.0,19.399999618530273,0.0,,,⚪ 관망,⑤ 하락 / 약세,-0.07,-6.33,-10.76,-19.15,-49.56,0,1.0,0.25,0.73,1.0,0.0,0.09,0.29,48.8,81.0,-2.84,15.32,0,0,-2.49,-5.36,-7.17,9.61,3.22,1,0,2.14,0.26,0,1,14449.0,15042,-3.67,-0.2332,0.56,-1.3,True,O,▲,15365,▼,X,X,0.47818181818181804,-7.147272727272727,12.0,2,27.4,0.0,2.0,0.0,🧱 구조적 지지선(Swing Low) 근접. 📉 매도세 우위. 💰 외국인/기관 수급 집중. ,0,0,,,56.7,44.8,67.3,🌤 중립,1.철강·금속(+18.4%) / 2.반도체(+15.7%) / 3.IT/전기전자(+13.8%) / 4.조선·기계·설비(+12.6%) / 5.기타(+11.3%),5,370,20260109,20260109,28.76,11.79,9.61,-19.15
241840,에이스토리,KOSDAQ,"영화, 비디오물, 방송프로그램 제작 및 배급업","영화, 비디오물, 방송프로그램 제작 및 배급업",미디어·콘텐츠,7100,98.0,0.0,⚪ 관망,False,False,False,7100,6460,8370,9207.0,22.8,13.4,25.1,5.9,5.9,30.7,69.9000015258789,0.0,,,⚪ 관망,⑤ 하락 / 약세,2.6,-33.71,0.82,-26.96,-52.29,0,0.99,0.89,0.45,1.0,0.02,0.09,0.36,50.2,43.6,-1.16,21.3,0,0,-0.14,-16.86,1.43,-15.17,-3.23,0,0,1.29,0.25,0,1,6750.0,7530,-5.71,-0.3939,0.47,-3.07,False,X,▼,7443,▼,X,X,-3.63875,-0.5137499999999995,8.0,0,0.8,1.7,1.984375,0.0,📉 매도세 우위. ✅ 20일선 눌림목 구간.,0,0,,,56.7,44.8,67.3,🌤 중립,1.철강·금속(+18.4%) / 2.반도체(+15.7%) / 3.IT/전기전자(+13.8%) / 4.조선·기계·설비(+12.6%) / 5.기타(+11.3%),5,371,20260109,20260109,28.76,11.79,-15.17,-26.96
060370,LS마린솔루션,KOSDAQ,전기 및 통신 공사업,전기 및 통신 공사업,기타,29250,61.74,0.0,⚪ 관망,False,False,False,29250,27700,32300,35530.0,22.6,19.1,23.5,3.0,3.0,30.1,71.4000015258789,0.0,,,⚪ 관망,② 상승 후 조정,-4.72,4.65,-6.5,11.63,-13.93,0,0.98,0.52,1.0,1.0,0.0,0.06,0.14,30.4,28.6,-5.04,25.11,0,0,2.09,-0.85,-4.1,23.42,-0.88,0,0,1.46,0.11,0,1,27950.0,29294,-0.15,-0.0096,0.22,-0.59,True,O,▲,28695,▼,O,X,6.702016806722689,14.332689075630253,5.0,0,0.1,0.0,1.967741935483871,0.0,🧱 구조적 지지선(Swing Low) 근접. 📉 매도세 우위. 📉 과매도 기술적 반등 기대.,0,0,,,56.7,44.8,67.3,🌤 중립,1.철강·금속(+18.4%) / 2.반도체(+15.7%) / 3.IT/전기전자(+13.8%) / 4.조선·기계·설비(+12.6%) / 5.기타(+11.3%),2,372,20260109,20260109,28.76,11.79,23.42,11.63
042520,한스바이오메드,KOSDAQ,의료용품 및 기타 의약 관련제품 제조업,의료용품 및 기타 의약 관련제품 제조업,기타,25250,50.44,0.0,⚪ 관망,False,False,False,25250,24000,27750,30525.000000000004,22.4,16.0,24.0,0.0,0.0,33.0,79.9000015258789,0.0,,,⚪ 관망,⑤ 하락 / 약세,-12.33,203.12,-14.11,33.83,184.54,0,1.0,0.5,1.0,1.0,0.15,0.05,0.08,12.9,17.7,-15.54,39.79,0,0,-3.44,-4.72,-14.7,45.62,-12.5,0,0,1.35,0.07,0,-1,32162.5,26203,-3.64,0.0836,0.53,-1.78,True,O,▲,25356,▼,X,X,6.702016806722689,14.332689075630253,5.0,0,0.1,14.7,2.0,0.0,🧱 구조적 지지선(Swing Low) 근접. 📉 매도세 우위. 🚀 단기 모멘텀 가속. 📉 과매도 기술적 반등 기대.,0,0,,,56.7,44.8,67.3,🌤 중립,1.철강·금속(+18.4%) / 2.반도체(+15.7%) / 3.IT/전기전자(+13.8%) / 4.조선·기계·설비(+12.6%) / 5.기타(+11.3%),5,373,20260109,20260109,28.76,11.79,45.62,33.83
018290,브이티,KOSDAQ,기타 화학제품 제조업,기타 화학제품 제조업,화학·소재,17690,59.43,0.0,⚪ 관망,False,False,False,17690,16760,19540,21494.0,22.3,30.9,20.1,3.2,3.2,30.5,59.400001525878906,0.0,,,⚪ 관망,⑤ 하락 / 약세,-7.09,-49.6,-8.87,-46.27,-68.18,0,0.99,0.52,1.0,1.0,0.0,0.05,0.48,44.7,41.5,-2.22,9.68,0,1,-0.9,-4.12,-1.72,-34.48,-2.89,0,0,1.46,0.29,0,-1,19055.0,18115,-2.35,-0.09,1.59,-1.38,True,X,▼,18008,▲,X,X,-0.5652777777777778,-6.286944444444445,11.0,0,1.3,0.0,1.989247311827957,0.0,🔇 변동성 축소 (BW 9.7%). 🧱 구조적 지지선(Swing Low) 근접. 📉 매도세 우위. ,0,0,,,56.7,44.8,67.3,🌤 중립,1.철강·금속(+18.4%) / 2.반도체(+15.7%) / 3.IT/전기전자(+13.8%) / 4.조선·기계·설비(+12.6%) / 5.기타(+11.3%),5,374,20260109,20260109,28.76,11.79,-34.48,-46.27
010120,LS ELECTRIC,KOSPI,"전동기, 발전기 및 전기 변환 · 공급 · 제어 장치 제조업","전동기, 발전기 및 전기 변환 · 공급 · 제어 장치 제조업",인프라·에너지,476000,1443.77,0.0,⚪ 관망,False,False,False,476000,441000,546000,600600.0,22.2,7.6,25.9,16.7,16.7,31.7,47.5,0.0,,,⚪ 관망,② 상승 후 조정,-3.25,79.96,-13.94,32.87,36.73,0,1.0,0.74,0.76,1.0,0.03,1.0,0.42,50.6,46.0,-0.75,12.94,0,0,-1.35,-3.35,2.59,61.63,-0.55,0,0,1.47,0.36,0,1,440400.0,486588,-2.18,-0.0537,0.76,-0.48,False,O,▲,484665,▲,X,X,1.2333333333333334,-9.163333333333332,13.0,1,2.7,3.1,2.0,0.0,📉 매도세 우위. ✅ 20일선 눌림목 구간.,0,0,,,56.7,44.8,67.3,🌤 중립,1.철강·금속(+18.4%) / 2.반도체(+15.7%) / 3.IT/전기전자(+13.8%) / 4.조선·기계·설비(+12.6%) / 5.기타(+11.3%),2,375,20260109,20260109,28.76,11.79,61.63,32.87
095610,테스,KOSDAQ,특수 목적용 기계 제조업,특수 목적용 기계 제조업,조선·기계·설비,52300,211.33,0.0,🚫 과열/위험,False,False,False,46850,40600,59400,65340.00000000001,22.1,18.4,23.0,3.0,3.0,37.2,69.69999694824219,0.0,,,🚫 과열/위험,③ 박스 / 중립,36.91,97.36,35.13,2.9,78.78,0,1.0,1.0,0.03,0.0,0.3,0.19,0.19,73.3,79.9,17.15,68.03,0,0,-4.04,-1.69,25.87,14.69,14.81,1,0,1.2,0.66,1,1,45950.0,55843,-6.34,-0.1636,1.16,-0.42,False,O,▲,57291,▲,X,X,3.470909090909091,18.752727272727274,4.0,0,77.8,30.5,0.6068376068376068,11.632870864461047,📉 매도세 우위. 💰 외국인/기관 수급 집중. ⚠️ 단기 급등 조정 주의.,0,0,,,56.7,44.8,67.3,🌤 중립,1.철강·금속(+18.4%) / 2.반도체(+15.7%) / 3.IT/전기전자(+13.8%) / 4.조선·기계·설비(+12.6%) / 5.기타(+11.3%),3,376,20260109,20260109,28.76,11.79,14.69,2.9
069620,대웅제약,KOSPI,의약품 제조업,의약품 제조업,바이오·의약품,172600,77.03,0.0,⚪ 관망,False,False,False,172600,160700,196400,216040.00000000003,22.0,21.9,22.0,14.1,14.1,41.5,40.400001525878906,0.0,,,⚪ 관망,③ 박스 / 중립,-5.79,5.05,-16.48,0.14,-38.18,0,1.0,0.69,0.84,1.0,0.32,0.07,0.52,33.1,33.4,-2.78,15.97,0,0,-0.29,3.98,-3.36,28.9,-6.29,0,1,1.94,0.24,0,-1,184590.0,170009,1.52,0.182,0.96,1.64,True,O,▲,167236,▲,O,X,3.02625,-0.5881250000000001,7.0,1,12.7,32.1,2.0,0.0,🧱 구조적 지지선(Swing Low) 근접. 💪 매수세 장악(Power Buying). 🚀 단기 모멘텀 가속. ,0,0,,,56.7,44.8,67.3,🌤 중립,1.철강·금속(+18.4%) / 2.반도체(+15.7%) / 3.IT/전기전자(+13.8%) / 4.조선·기계·설비(+12.6%) / 5.기타(+11.3%),3,377,20260109,20260109,28.76,11.79,28.9,0.14
080580,오킨스전자,KOSDAQ,전자부품 제조업,전자부품 제조업,IT/전기전자,10060,56.26,0.0,👀 트리거 대기,True,False,True,10060,9130,11920,13112.000000000002,22.0,5.7,26.1,7.1,7.1,31.8,70.4000015258789,0.0,,,👀 트리거 대기,⑤ 하락 / 약세,1.51,55.49,-0.27,-10.68,36.91,5,1.0,0.92,0.41,1.0,0.07,0.05,0.38,45.9,44.5,-2.04,17.6,1,0,-4.46,-3.08,5.56,1.11,-1.17,0,0,1.65,0.28,0,1,8676.0,10853,-7.31,-0.0781,0.91,-0.45,False,O,▲,10692,▲,X,X,6.871449275362319,18.37304347826087,3.0,0,1.2,6.6,2.0,0.0,🌪️ 5일 연속 응축 중! 폭발 임박. 📉 매도세 우위. ,0,0,,,56.7,44.8,67.3,🌤 중립,1.철강·금속(+18.4%) / 2.반도체(+15.7%) / 3.IT/전기전자(+13.8%) / 4.조선·기계·설비(+12.6%) / 5.기타(+11.3%),5,378,20260109,20260109,28.76,11.79,1.11,-10.68
068270,셀트리온,KOSPI,기초 의약물질 제조업,기초 의약물질 제조업,바이오·의약품,217000,1490.56,0.0,🚫 과열/위험,False,False,False,217000,205500,240000,264000.0,21.9,61.8,11.9,3.0,3.0,49.4,32.70000076293945,0.0,,,🚫 과열/위험,③ 박스 / 중립,15.86,22.6,5.17,-0.89,-20.63,0,1.0,0.53,1.0,1.0,0.49,1.0,0.39,81.0,76.2,12.96,27.28,0,0,1.88,7.16,18.71,27.87,-1.55,0,0,1.95,1.0,1,1,192800.0,210280,3.2,0.1531,0.99,1.75,False,O,▲,210201,▲,O,X,3.02625,-0.5881250000000001,7.0,0,24.0,49.0,2.0,0.0,💪 매수세 장악(Power Buying). 💰 외국인/기관 수급 집중. 🚀 단기 모멘텀 가속. ⚠️ 단기 급등 조정 주의.,0,0,,,56.7,44.8,67.3,🌤 중립,1.철강·금속(+18.4%) / 2.반도체(+15.7%) / 3.IT/전기전자(+13.8%) / 4.조선·기계·설비(+12.6%) / 5.기타(+11.3%),3,379,20260109,20260109,28.76,11.79,27.87,-0.89
003490,대한항공,KOSPI,항공 여객 운송업,항공 여객 운송업,기타,22100,292.1,0.0,🔫 트리거 임박,True,True,False,22100,21150,24000,26400.000000000004,21.6,45.4,15.6,13.8,13.8,45.2,19.700000762939453,0.0,,📦박스돌파,🔫 트리거 임박,⑤ 하락 / 약세,-2.0,-15.81,-12.69,-28.31,-59.04,3,1.0,0.43,0.98,1.0,0.0,0.27,0.38,48.9,51.4,-1.37,6.42,0,1,2.08,-0.45,-2.43,0.45,-0.69,0,1,1.1,0.27,0,1,21540.0,22174,-0.33,-0.1125,0.69,-0.8,True,X,▼,22282,▼,X,X,6.702016806722689,14.332689075630253,5.0,1,13.0,0.0,2.0,0.0,🔇 변동성 축소 (BW 6.4%). 🧱 구조적 지지선(Swing Low) 근접. 📉 매도세 우위. ✅ 20일선 눌림목 구간.,0,0,,,56.7,44.8,67.3,🌤 중립,1.철강·금속(+18.4%) / 2.반도체(+15.7%) / 3.IT/전기전자(+13.8%) / 4.조선·기계·설비(+12.6%) / 5.기타(+11.3%),5,380,20260109,20260109,28.76,11.79,0.45,-28.31
024110,기업은행,KOSPI,은행 및 저축기관,은행 및 저축기관,금융,20400,174.3,0.0,🔫 트리거 임박,True,True,False,20400,19840,21550,23705.000000000004,21.3,41.1,16.4,10.4,10.4,44.9,30.299999237060547,0.0,,📦박스돌파,🔫 트리거 임박,⑤ 하락 / 약세,-2.86,-6.64,-13.55,-20.19,-49.87,3,1.0,0.28,0.78,1.0,0.0,0.16,0.4,40.0,47.0,-2.31,5.16,0,1,0.49,-1.69,-3.55,8.57,-1.94,0,1,1.15,0.12,0,1,20250.0,20671,-1.31,-0.0664,1.11,-0.58,True,O,▲,20711,▼,X,X,0.47818181818181804,-7.147272727272727,12.0,1,12.1,0.0,2.0535714285714284,0.0,🔇 변동성 축소 (BW 5.2%). 🧱 구조적 지지선(Swing Low) 근접. 📉 매도세 우위. ,0,0,,,56.7,44.8,67.3,🌤 중립,1.철강·금속(+18.4%) / 2.반도체(+15.7%) / 3.IT/전기전자(+13.8%) / 4.조선·기계·설비(+12.6%) / 5.기타(+11.3%),5,381,20260109,20260109,28.76,11.79,8.57,-20.19
289080,SV인베스트먼트,KOSDAQ,기타 금융업,기타 금융업,금융,1630,59.79,0.0,⚪ 관망,False,False,False,1630,1591,1707,1877.7,21.2,10.6,23.8,0.0,0.0,30.0,79.5,0.0,,,⚪ 관망,⑤ 하락 / 약세,-1.63,-2.51,-3.41,-24.58,-21.09,0,0.98,0.24,0.71,1.0,0.0,0.05,0.15,32.5,41.4,-5.88,16.33,0,0,-1.15,-5.45,-7.96,-12.79,-0.98,0,0,1.53,0.02,0,-1,1797.2,1694,-3.79,-0.188,0.43,-2.04,True,X,▼,1682,▼,X,X,0.47818181818181804,-7.147272727272727,12.0,0,0.0,0.0,1.9743589743589745,0.0,🧱 구조적 지지선(Swing Low) 근접. 📉 매도세 우위. 📉 과매도 기술적 반등 기대.,0,0,,,56.7,44.8,67.3,🌤 중립,1.철강·금속(+18.4%) / 2.반도체(+15.7%) / 3.IT/전기전자(+13.8%) / 4.조선·기계·설비(+12.6%) / 5.기타(+11.3%),5,382,20260109,20260109,28.76,11.79,-12.79,-24.58
178320,서진시스템,KOSDAQ,기타 전기장비 제조업,기타 전기장비 제조업,IT/전기전자,25300,228.89,0.0,🔫 트리거 임박,True,True,False,25300,22850,30150,33165.0,21.1,11.9,23.4,8.2,8.2,36.9,58.900001525878906,0.0,,,🔫 트리거 임박,③ 박스 / 중립,-6.12,16.06,-7.9,1.41,-2.52,5,0.99,0.96,0.33,1.0,0.0,0.21,0.38,43.3,43.3,-2.59,11.31,1,0,5.64,-1.75,-0.98,13.2,-7.34,0,1,1.27,0.43,0,-1,28345.0,25648,-1.36,-0.154,1.07,-1.11,False,O,▲,25515,▼,X,X,6.871449275362319,18.37304347826087,3.0,0,17.1,0.0,1.9795918367346939,0.0,🌪️ 5일 연속 응축 중! 폭발 임박. 📉 매도세 우위. ,0,0,,,56.7,44.8,67.3,🌤 중립,1.철강·금속(+18.4%) / 2.반도체(+15.7%) / 3.IT/전기전자(+13.8%) / 4.조선·기계·설비(+12.6%) / 5.기타(+11.3%),3,383,20260109,20260109,28.76,11.79,13.2,1.41
065350,신성델타테크,KOSDAQ,가정용 기기 제조업,가정용 기기 제조업,기타,54000,54.56,0.0,⚪ 관망,False,False,False,54000,52700,56600,62260.00000000001,21.0,14.4,22.6,0.0,0.0,30.0,75.4000015258789,0.0,,,⚪ 관망,⑤ 하락 / 약세,-18.55,-21.85,-20.33,-16.89,-40.43,0,1.0,0.24,0.71,1.0,0.0,0.05,0.16,34.8,24.9,-7.9,19.54,0,0,-2.17,-4.93,-8.16,-5.1,-3.06,0,0,0.73,0.01,0,-1,60620.0,56630,-4.65,-0.044,0.8,-1.37,True,X,▼,56235,▼,X,X,6.702016806722689,14.332689075630253,5.0,0,0.0,0.0,2.0,0.0,🧱 구조적 지지선(Swing Low) 근접. 📉 매도세 우위. 📉 과매도 기술적 반등 기대.,0,0,,,56.7,44.8,67.3,🌤 중립,1.철강·금속(+18.4%) / 2.반도체(+15.7%) / 3.IT/전기전자(+13.8%) / 4.조선·기계·설비(+12.6%) / 5.기타(+11.3%),5,384,20260109,20260109,28.76,11.79,-5.1,-16.89
239890,피엔에이치테크,KOSDAQ,기초 화학물질 제조업,기초 화학물질 제조업,화학·소재,4590,189.15,0.0,⚪ 관망,False,False,False,4590,4485,4795,5274.5,21.0,8.4,24.2,0.0,0.0,34.8,80.5,0.0,,,⚪ 관망,⑤ 하락 / 약세,-8.11,-13.4,-9.89,-36.42,-31.98,1,0.97,0.22,0.69,1.0,0.0,0.17,0.21,18.5,14.1,-6.56,11.99,0,0,-0.86,-6.99,-6.52,-24.63,-6.63,0,1,1.2,0.02,0,-1,5050.5,4744,-3.25,-0.1291,0.92,-3.17,True,X,▼,4736,▼,X,X,-0.5652777777777778,-6.286944444444445,11.0,0,12.0,0.0,1.9523809523809523,0.0,🧱 구조적 지지선(Swing Low) 근접. 📉 매도세 우위. 📉 과매도 기술적 반등 기대.,0,0,,,56.7,44.8,67.3,🌤 중립,1.철강·금속(+18.4%) / 2.반도체(+15.7%) / 3.IT/전기전자(+13.8%) / 4.조선·기계·설비(+12.6%) / 5.기타(+11.3%),5,385,20260109,20260109,28.76,11.79,-24.63,-36.42
323280,태성,KOSDAQ,특수 목적용 기계 제조업,특수 목적용 기계 제조업,조선·기계·설비,38000,299.69,0.0,⚪ 관망,False,False,False,38000,36950,40050,44055.0,20.9,13.3,22.8,0.0,0.0,30.0,75.9000015258789,0.0,,,⚪ 관망,② 상승 후 조정,-21.89,40.74,-23.67,38.41,22.16,0,0.97,0.27,0.78,1.0,0.0,0.27,0.14,12.8,15.3,-19.35,43.7,0,0,-2.06,-9.52,-23.85,50.2,-19.77,0,0,2.05,0.01,0,-1,46720.0,40277,-5.65,-0.0684,0.87,-3.2,True,O,▲,39234,▼,X,X,3.470909090909091,18.752727272727274,4.0,0,0.0,0.0,1.9523809523809523,0.0,🧱 구조적 지지선(Swing Low) 근접. 📉 매도세 우위. 📉 과매도 기술적 반등 기대.,0,0,,,56.7,44.8,67.3,🌤 중립,1.철강·금속(+18.4%) / 2.반도체(+15.7%) / 3.IT/전기전자(+13.8%) / 4.조선·기계·설비(+12.6%) / 5.기타(+11.3%),2,386,20260109,20260109,28.76,11.79,50.2,38.41
278470,에이피알,KOSPI,기타 화학제품 제조업,기타 화학제품 제조업,화학·소재,228500,878.67,0.0,⚪ 관망,False,False,False,228500,205500,274000,301400.0,20.8,20.2,20.9,10.5,10.5,30.6,45.099998474121094,0.0,,,⚪ 관망,⑤ 하락 / 약세,-12.12,31.17,-22.81,-36.25,-12.06,0,0.99,1.0,0.28,1.0,0.0,0.8,0.4,31.6,38.8,-4.17,22.19,0,0,5.3,-1.93,-3.18,-7.49,-10.64,0,0,1.99,0.3,0,-1,246400.0,221775,3.03,-0.0077,1.6,-0.32,False,X,▲,219378,▼,O,X,-0.5652777777777778,-6.286944444444445,11.0,1,1.5,0.0,1.9782608695652173,0.0,📉 매도세 우위. ,0,0,,,56.7,44.8,67.3,🌤 중립,1.철강·금속(+18.4%) / 2.반도체(+15.7%) / 3.IT/전기전자(+13.8%) / 4.조선·기계·설비(+12.6%) / 5.기타(+11.3%),5,387,20260109,20260109,28.76,11.79,-7.49,-36.25
161890,한국콜마,KOSPI,기타 화학제품 제조업,기타 화학제품 제조업,화학·소재,63300,95.65,0.0,⚪ 관망,False,False,False,63300,59900,70100,77110.0,20.6,50.0,13.3,10.6,10.6,40.3,19.700000762939453,0.0,,,⚪ 관망,⑤ 하락 / 약세,-3.21,-41.39,-13.9,-43.33,-84.62,0,1.0,0.54,0.99,1.0,0.02,0.09,0.52,46.4,41.9,-0.09,7.47,0,1,0.48,-3.21,1.93,-14.57,-2.42,1,0,1.38,0.46,0,-1,65900.0,63925,-0.98,-0.056,1.2,-2.52,True,X,▼,63730,▲,X,X,-0.5652777777777778,-6.286944444444445,11.0,1,24.6,2.3,2.0,0.0,🔇 변동성 축소 (BW 7.5%). 🧱 구조적 지지선(Swing Low) 근접. 📉 매도세 우위. ✅ 20일선 눌림목 구간.,0,0,,,56.7,44.8,67.3,🌤 중립,1.철강·금속(+18.4%) / 2.반도체(+15.7%) / 3.IT/전기전자(+13.8%) / 4.조선·기계·설비(+12.6%) / 5.기타(+11.3%),5,388,20260109,20260109,28.76,11.79,-14.57,-43.33
066575,LG전자우,KOSPI,기타,기타,기타,46350,101.0,0.0,⚪ 관망,False,False,False,46350,45150,48700,53570.00000000001,20.6,30.0,18.2,0.0,0.0,30.6,60.70000076293945,0.0,,,⚪ 관망,④ 바닥 반등 시도,-9.65,19.0,-20.34,-10.22,-24.23,0,0.98,0.25,0.75,1.0,0.03,0.09,0.44,11.2,21.4,-6.3,10.67,0,0,-4.04,-4.04,-6.93,18.54,-6.3,0,0,1.86,0.04,0,-1,50515.0,48042,-3.52,0.0153,2.35,-2.04,True,O,▲,47728,▼,X,X,6.702016806722689,14.332689075630253,5.0,0,0.0,2.7,1.9583333333333333,0.0,🧱 구조적 지지선(Swing Low) 근접. 📉 매도세 우위. 📈 상승 모멘텀 개선. 📉 과매도 기술적 반등 기대.,0,0,,,56.7,44.8,67.3,🌤 중립,1.철강·금속(+18.4%) / 2.반도체(+15.7%) / 3.IT/전기전자(+13.8%) / 4.조선·기계·설비(+12.6%) / 5.기타(+11.3%),4,389,20260109,20260109,28.76,11.79,18.54,-10.22
161390,한국타이어앤테크놀로지,KOSPI,고무제품 제조업,고무제품 제조업,화학·소재,58100,154.33,0.0,⚪ 관망,False,False,False,58100,54200,65800,72380.0,20.4,26.0,19.0,10.4,10.4,33.6,39.20000076293945,0.0,,,⚪ 관망,⑤ 하락 / 약세,-4.28,24.28,-14.97,17.77,-18.95,0,0.98,0.66,0.86,1.0,0.11,0.14,0.67,39.3,41.4,-1.47,10.46,0,0,3.38,1.93,-2.19,46.53,-5.3,0,0,1.14,0.38,0,-1,61640.0,57054,1.83,0.0648,1.41,1.82,True,O,▲,56621,▼,O,X,-0.5652777777777778,-6.286944444444445,11.0,1,3.3,11.4,1.9743589743589745,0.0,🧱 구조적 지지선(Swing Low) 근접. 💪 매수세 장악(Power Buying). 🚀 단기 모멘텀 가속. ✅ 20일선 눌림목 구간.,0,0,,,56.7,44.8,67.3,🌤 중립,1.철강·금속(+18.4%) / 2.반도체(+15.7%) / 3.IT/전기전자(+13.8%) / 4.조선·기계·설비(+12.6%) / 5.기타(+11.3%),5,390,20260109,20260109,28.76,11.79,46.53,17.77
476040,오가노이드사이언스,KOSDAQ,자연과학 및 공학 연구개발업,자연과학 및 공학 연구개발업,기타,35600,60.95,0.0,⚪ 관망,False,False,False,35600,34400,37950,41745.0,20.1,12.0,22.1,0.0,0.0,30.0,73.80000305175781,0.0,,,⚪ 관망,⑤ 하락 / 약세,-14.11,-4.3,-15.89,-12.49,-22.88,0,0.98,0.33,0.88,1.0,0.0,0.06,0.05,40.2,60.7,-11.69,29.57,0,0,-2.73,-3.65,-14.53,-0.7,-8.22,0,0,1.78,0.04,0,-1,42875.0,36711,-3.03,-0.0071,0.31,-0.7,True,X,▲,35858,▼,X,X,6.702016806722689,14.332689075630253,5.0,0,0.0,0.0,1.9583333333333333,0.0,🧱 구조적 지지선(Swing Low) 근접. 📉 매도세 우위. 💸 자금 유입 지속. 📉 과매도 기술적 반등 기대.,0,0,,,56.7,44.8,67.3,🌤 중립,1.철강·금속(+18.4%) / 2.반도체(+15.7%) / 3.IT/전기전자(+13.8%) / 4.조선·기계·설비(+12.6%) / 5.기타(+11.3%),5,391,20260109,20260109,28.76,11.79,-0.7,-12.49
373220,LG에너지솔루션,KOSPI,일차전지 및 이차전지 제조업,일차전지 및 이차전지 제조업,2차전지,363000,1613.92,0.0,⚪ 관망,False,False,False,363000,351000,386500,425150.00000000006,20.0,15.4,21.2,10.8,10.8,35.6,45.599998474121094,0.0,,,⚪ 관망,④ 바닥 반등 시도,-18.15,15.24,-28.84,-34.47,-27.99,0,0.98,0.32,0.87,1.0,0.28,1.0,0.19,26.9,27.2,-7.83,30.06,0,0,-0.82,0.55,-6.44,-5.71,-1.92,0,0,1.32,0.05,0,-1,402450.0,369901,-1.87,0.1573,0.99,-0.79,True,X,▼,360892,▼,O,X,5.2444444444444445,-18.698888888888888,16.0,1,0.0,27.7,1.9583333333333333,0.0,🧱 구조적 지지선(Swing Low) 근접. 📉 매도세 우위. 🚀 단기 모멘텀 가속. 📉 과매도 기술적 반등 기대.,0,0,,,56.7,44.8,67.3,🌤 중립,1.철강·금속(+18.4%) / 2.반도체(+15.7%) / 3.IT/전기전자(+13.8%) / 4.조선·기계·설비(+12.6%) / 5.기타(+11.3%),4,392,20260109,20260109,28.76,11.79,-5.71,-34.47
322000,HD현대에너지솔루션,KOSPI,반도체 제조업,반도체 제조업,2차전지,53900,56.83,0.0,⚪ 관망,False,False,False,53900,51000,59600,65560.0,19.9,10.2,22.3,3.0,3.0,30.1,67.19999694824219,0.0,,,⚪ 관망,⑤ 하락 / 약세,-4.09,22.5,-14.78,-8.98,-20.73,0,0.98,0.53,0.99,1.0,0.0,0.05,0.19,41.8,56.7,-5.65,20.08,0,0,3.45,-2.53,-11.78,19.78,-2.98,0,0,2.28,0.14,0,1,51950.0,55130,-2.23,-0.1776,0.65,-1.67,True,O,▲,54921,▼,X,X,5.2444444444444445,-18.698888888888888,16.0,0,0.2,0.0,1.9655172413793103,0.0,🧱 구조적 지지선(Swing Low) 근접. 📉 매도세 우위. 📉 과매도 기술적 반등 기대.,0,0,,,56.7,44.8,67.3,🌤 중립,1.철강·금속(+18.4%) / 2.반도체(+15.7%) / 3.IT/전기전자(+13.8%) / 4.조선·기계·설비(+12.6%) / 5.기타(+11.3%),5,393,20260109,20260109,28.76,11.79,19.78,-8.98
005690,파미셀,KOSPI,기초 의약물질 제조업,기초 의약물질 제조업,기타,13800,85.22,0.0,⚪ 관망,False,False,False,13800,13410,14570,16027.000000000002,19.8,13.5,21.4,0.0,0.0,31.1,71.19999694824219,0.0,,,⚪ 관망,④ 바닥 반등 시도,-17.81,5.99,-28.5,-16.93,-37.24,0,0.98,0.28,0.79,1.0,0.05,0.08,0.14,18.0,39.1,-8.59,22.87,0,0,-1.99,-4.3,-7.13,11.83,-6.23,0,0,6.04,0.03,0,-1,15559.0,14343,-3.79,0.0299,0.7,-2.94,True,X,▲,13975,▼,X,X,6.702016806722689,14.332689075630253,5.0,0,0.0,5.3,1.9743589743589745,0.0,🧱 구조적 지지선(Swing Low) 근접. 📉 매도세 우위. 🚀 단기 모멘텀 가속. 📉 과매도 기술적 반등 기대.,0,0,,,56.7,44.8,67.3,🌤 중립,1.철강·금속(+18.4%) / 2.반도체(+15.7%) / 3.IT/전기전자(+13.8%) / 4.조선·기계·설비(+12.6%) / 5.기타(+11.3%),4,394,20260109,20260109,28.76,11.79,11.83,-16.93
388720,유일로보틱스,KOSDAQ,특수 목적용 기계 제조업,특수 목적용 기계 제조업,조선·기계·설비,79600,70.2,0.0,⚪ 관망,False,False,False,79600,77700,83400,91740.00000000001,19.8,9.1,22.5,0.0,0.0,31.6,75.0,0.0,,,⚪ 관망,④ 바닥 반등 시도,-7.33,12.59,-9.11,-9.21,-5.99,0,1.0,0.24,0.71,1.0,0.08,0.06,0.09,31.7,33.5,-7.92,27.42,0,0,-0.87,-4.1,-8.72,2.58,-5.14,0,0,1.75,0.01,0,-1,90260.0,81150,-1.91,0.0455,0.32,-2.17,True,O,▲,79458,▼,O,X,3.470909090909091,18.752727272727274,4.0,0,0.0,8.0,2.0,0.0,🧱 구조적 지지선(Swing Low) 근접. 📉 매도세 우위. 🚀 단기 모멘텀 가속. 📉 과매도 기술적 반등 기대.,0,0,,,56.7,44.8,67.3,🌤 중립,1.철강·금속(+18.4%) / 2.반도체(+15.7%) / 3.IT/전기전자(+13.8%) / 4.조선·기계·설비(+12.6%) / 5.기타(+11.3%),4,395,20260109,20260109,28.76,11.79,2.58,-9.21
082270,젬백스,KOSDAQ,특수 목적용 기계 제조업,특수 목적용 기계 제조업,조선·기계·설비,25400,143.09,0.0,⚪ 관망,False,False,False,25400,24300,27600,30360.000000000004,19.7,16.9,20.4,1.4,1.4,37.2,64.5999984741211,0.0,,,⚪ 관망,⑤ 하락 / 약세,-20.75,-55.83,-22.53,-56.93,-74.41,0,1.0,0.43,0.98,1.0,0.0,0.13,0.09,41.2,43.9,-10.0,22.27,0,0,0.79,-16.99,-5.22,-45.14,-2.55,1,0,0.73,0.08,0,-1,30150.0,27072,-6.18,-0.562,0.48,-2.87,True,X,▼,27728,▼,X,X,3.470909090909091,18.752727272727274,4.0,0,18.1,0.0,2.0,0.0,🧱 구조적 지지선(Swing Low) 근접. 📉 매도세 우위. 📉 과매도 기술적 반등 기대.,0,0,,,56.7,44.8,67.3,🌤 중립,1.철강·금속(+18.4%) / 2.반도체(+15.7%) / 3.IT/전기전자(+13.8%) / 4.조선·기계·설비(+12.6%) / 5.기타(+11.3%),5,396,20260109,20260109,28.76,11.79,-45.14,-56.93
443060,HD현대마린솔루션,KOSPI,"건축기술, 엔지니어링 및 관련 기술 서비스업","건축기술, 엔지니어링 및 관련 기술 서비스업",서비스 기타,192200,423.67,0.0,👀 트리거 대기,True,False,True,192200,178100,220500,242550.00000000003,19.6,44.3,13.4,0.0,0.0,33.5,44.70000076293945,0.0,,,👀 트리거 대기,⑤ 하락 / 약세,-4.85,4.29,-15.54,-46.09,-38.94,2,1.0,0.74,0.76,1.0,0.0,0.38,0.57,53.4,27.0,-0.63,10.5,1,0,4.4,-0.67,-1.84,-17.33,-1.53,0,0,0.44,0.5,0,-1,205010.0,185755,3.47,-0.0408,1.68,-0.21,False,X,▲,190105,▼,O,X,0.525,-8.831,14.0,0,8.8,0.0,2.00709219858156,0.0,🌪️ 에너지 응축 시작 (2일차). 📉 매도세 우위. ✅ 20일선 눌림목 구간.,0,0,,,56.7,44.8,67.3,🌤 중립,1.철강·금속(+18.4%) / 2.반도체(+15.7%) / 3.IT/전기전자(+13.8%) / 4.조선·기계·설비(+12.6%) / 5.기타(+11.3%),5,397,20260109,20260109,28.76,11.79,-17.33,-46.09
000100,유한양행,KOSPI,의약품 제조업,의약품 제조업,바이오·의약품,113300,393.97,0.0,👀 트리거 대기,True,False,True,113300,109100,121600,133760.0,19.6,37.8,15.0,12.1,12.1,38.9,21.700000762939453,0.0,,,👀 트리거 대기,④ 바닥 반등 시도,-2.75,1.71,-13.44,-34.34,-41.52,4,0.99,0.37,0.92,1.0,0.05,0.36,0.43,45.5,51.4,-1.16,5.18,1,1,0.0,0.44,-2.5,-5.58,-0.45,1,0,1.85,0.31,0,1,110930.0,113740,-0.39,0.0294,0.87,0.11,True,X,▼,112939,▼,O,X,3.02625,-0.5881250000000001,7.0,1,19.6,5.2,1.9761904761904763,0.0,🌪️ 에너지 응축 시작 (4일차). 🧱 구조적 지지선(Swing Low) 근접. 📉 매도세 우위. 🚀 단기 모멘텀 가속. ✅ 20일선 눌림목 구간.,0,0,,,56.7,44.8,67.3,🌤 중립,1.철강·금속(+18.4%) / 2.반도체(+15.7%) / 3.IT/전기전자(+13.8%) / 4.조선·기계·설비(+12.6%) / 5.기타(+11.3%),4,398,20260109,20260109,28.76,11.79,-5.58,-34.34
381620,제닉스로보틱스,KOSDAQ,특수 목적용 기계 제조업,특수 목적용 기계 제조업,조선·기계·설비,11610,109.37,0.0,⚪ 관망,False,False,False,11610,11170,12490,13739.000000000002,19.6,8.1,22.5,0.3,0.3,37.7,74.19999694824219,0.0,,,⚪ 관망,④ 바닥 반등 시도,-24.12,56.47,-25.9,-27.54,37.89,0,1.0,0.38,0.93,1.0,0.02,0.1,0.06,42.5,37.0,-11.76,41.08,0,0,-0.17,-8.73,-9.65,-15.75,-2.81,1,0,4.11,0.04,0,-1,13529.0,12150,-4.45,0.0133,0.37,-2.39,True,X,▲,11900,▼,X,X,3.470909090909091,18.752727272727274,4.0,0,18.0,2.3,2.0,0.0,🧱 구조적 지지선(Swing Low) 근접. 📉 매도세 우위. 📈 상승 모멘텀 개선. 📉 과매도 기술적 반등 기대.,0,0,,,56.7,44.8,67.3,🌤 중립,1.철강·금속(+18.4%) / 2.반도체(+15.7%) / 3.IT/전기전자(+13.8%) / 4.조선·기계·설비(+12.6%) / 5.기타(+11.3%),4,399,20260109,20260109,28.76,11.79,-15.75,-27.54
005070,코스모신소재,KOSPI,기타 화학제품 제조업,기타 화학제품 제조업,화학·소재,41700,81.13,0.0,⚪ 관망,False,False,False,41700,40050,44950,49445.00000000001,19.5,13.3,21.1,0.7,0.7,35.2,68.69999694824219,0.0,,,⚪ 관망,④ 바닥 반등 시도,-24.04,12.7,-34.73,-38.99,-30.53,0,0.98,0.39,0.95,1.0,0.26,0.07,0.09,25.3,21.9,-11.04,32.82,0,0,-0.71,0.12,-11.28,-10.23,-8.91,0,0,2.69,0.05,0,-1,47790.0,42999,-3.02,0.1461,0.54,-1.23,True,X,▼,41652,▼,O,X,-0.5652777777777778,-6.286944444444445,11.0,0,0.0,25.8,1.9696969696969697,0.0,🧱 구조적 지지선(Swing Low) 근접. 📉 매도세 우위. 🚀 단기 모멘텀 가속. 📉 과매도 기술적 반등 기대.,0,0,,,56.7,44.8,67.3,🌤 중립,1.철강·금속(+18.4%) / 2.반도체(+15.7%) / 3.IT/전기전자(+13.8%) / 4.조선·기계·설비(+12.6%) / 5.기타(+11.3%),4,400,20260109,20260109,28.76,11.79,-10.23,-38.99
220100,퓨쳐켐,KOSDAQ,의약품 제조업,의약품 제조업,바이오·의약품,28700,72.5,0.0,⚪ 관망,False,False,False,28700,26850,32400,35640.0,19.5,9.1,22.1,5.6,5.6,35.8,60.5,0.0,,,⚪ 관망,⑤ 하락 / 약세,-4.49,62.98,-6.27,40.87,44.4,2,1.0,0.64,0.9,1.0,0.04,0.07,0.14,35.8,35.8,-5.21,19.64,0,0,1.06,-1.71,-2.71,52.66,-6.0,0,1,1.96,0.17,0,1,25895.0,28816,-0.4,0.0246,0.23,-0.82,True,O,▲,28743,▼,X,X,3.02625,-0.5881250000000001,7.0,0,12.3,4.3,2.0,0.0,🧱 구조적 지지선(Swing Low) 근접. 📉 매도세 우위. 🚀 단기 모멘텀 가속. 📉 과매도 기술적 반등 기대.,0,0,,,56.7,44.8,67.3,🌤 중립,1.철강·금속(+18.4%) / 2.반도체(+15.7%) / 3.IT/전기전자(+13.8%) / 4.조선·기계·설비(+12.6%) / 5.기타(+11.3%),5,401,20260109,20260109,28.76,11.79,52.66,40.87
199430,케이엔알시스템,KOSDAQ,"측정, 시험, 항해, 제어 및 기타 정밀기기 제조업; 광학기기 제외","측정, 시험, 항해, 제어 및 기타 정밀기기 제조업; 광학기기 제외",기타,23350,99.27,0.0,⚪ 관망,False,False,False,23350,21850,26350,28985.000000000004,19.5,8.1,22.4,3.0,3.0,30.1,67.69999694824219,0.0,,,⚪ 관망,② 상승 후 조정,-11.39,137.54,-13.17,16.09,118.96,2,1.0,0.64,0.9,1.0,0.0,0.09,0.07,38.7,53.1,-10.4,26.01,0,0,0.43,-10.54,-16.9,27.88,-8.98,0,0,1.14,0.13,0,1,22650.0,24087,-3.06,-0.3602,0.37,-2.64,True,O,▲,24420,▼,X,X,6.702016806722689,14.332689075630253,5.0,0,0.2,0.0,2.0,0.0,🧱 구조적 지지선(Swing Low) 근접. 📉 매도세 우위. 📉 과매도 기술적 반등 기대.,0,0,,,56.7,44.8,67.3,🌤 중립,1.철강·금속(+18.4%) / 2.반도체(+15.7%) / 3.IT/전기전자(+13.8%) / 4.조선·기계·설비(+12.6%) / 5.기타(+11.3%),2,402,20260109,20260109,28.76,11.79,27.88,16.09
255220,SG,KOSDAQ,기타 비금속 광물제품 제조업,기타 비금속 광물제품 제조업,기타,2455,59.05,0.0,⚪ 관망,False,False,False,2455,2295,2770,3047.0000000000005,19.4,17.5,19.9,3.0,3.0,30.1,59.400001525878906,0.0,,,⚪ 관망,③ 박스 / 중립,1.66,21.84,-0.12,1.6,3.26,0,0.98,0.64,0.89,1.0,0.0,0.05,0.18,38.1,28.5,-4.51,16.6,0,0,2.51,-1.8,-2.39,13.39,-1.26,0,0,1.4,0.17,0,1,2281.5,2459,-0.18,-0.0992,0.33,-0.49,True,O,▲,2447,▼,O,X,6.702016806722689,14.332689075630253,5.0,0,0.3,0.0,1.96875,0.0,🧱 구조적 지지선(Swing Low) 근접. 📉 매도세 우위. ,0,0,,,56.7,44.8,67.3,🌤 중립,1.철강·금속(+18.4%) / 2.반도체(+15.7%) / 3.IT/전기전자(+13.8%) / 4.조선·기계·설비(+12.6%) / 5.기타(+11.3%),3,403,20260109,20260109,28.76,11.79,13.39,1.6
003670,포스코퓨처엠,KOSPI,일차전지 및 이차전지 제조업,일차전지 및 이차전지 제조업,2차전지,175900,1157.41,0.0,⚪ 관망,False,False,False,175900,169000,189600,208560.00000000003,19.3,15.5,20.2,10.5,10.5,34.6,43.0,0.0,,,⚪ 관망,④ 바닥 반등 시도,-21.47,27.83,-32.16,-23.24,-15.4,0,0.99,0.39,0.94,1.0,0.23,1.0,0.16,21.6,22.9,-10.79,33.26,0,0,-1.46,-0.57,-10.48,5.52,-5.79,0,0,1.58,0.05,0,-1,201550.0,179789,-2.16,0.1293,0.96,-0.35,True,X,▲,175827,▼,O,X,5.2444444444444445,-18.698888888888888,16.0,1,0.0,22.8,1.9855072463768115,0.0,🧱 구조적 지지선(Swing Low) 근접. 📉 매도세 우위. 🚀 단기 모멘텀 가속. 📉 과매도 기술적 반등 기대.,0,0,,,56.7,44.8,67.3,🌤 중립,1.철강·금속(+18.4%) / 2.반도체(+15.7%) / 3.IT/전기전자(+13.8%) / 4.조선·기계·설비(+12.6%) / 5.기타(+11.3%),4,404,20260109,20260109,28.76,11.79,5.52,-23.24
450080,에코프로머티,KOSPI,일차전지 및 이차전지 제조업,일차전지 및 이차전지 제조업,2차전지,51500,149.49,0.0,⚪ 관망,False,False,False,51500,49050,56400,62040.00000000001,19.1,12.4,20.8,3.2,3.2,35.1,62.0,0.0,,,⚪ 관망,④ 바닥 반등 시도,-21.13,-0.19,-31.82,-25.66,-43.42,0,1.0,0.48,1.0,1.0,0.25,0.14,0.14,30.1,34.2,-8.96,28.66,0,0,-1.53,2.39,-9.33,3.1,-6.7,0,0,2.45,0.08,0,-1,58460.0,53247,-3.28,0.1426,0.75,-0.29,True,X,▲,51580,▼,X,X,5.2444444444444445,-18.698888888888888,16.0,0,0.1,25.1,2.0,0.0,🧱 구조적 지지선(Swing Low) 근접. 📉 매도세 우위. 🚀 단기 모멘텀 가속. 📉 과매도 기술적 반등 기대.,0,0,,,56.7,44.8,67.3,🌤 중립,1.철강·금속(+18.4%) / 2.반도체(+15.7%) / 3.IT/전기전자(+13.8%) / 4.조선·기계·설비(+12.6%) / 5.기타(+11.3%),4,405,20260109,20260109,28.76,11.79,3.1,-25.66
358570,지아이이노베이션,KOSDAQ,자연과학 및 공학 연구개발업,자연과학 및 공학 연구개발업,기타,15980,160.21,0.0,⚪ 관망,False,False,False,15980,15490,16960,18656.0,19.1,8.8,21.7,0.0,0.0,30.0,72.30000305175781,0.0,,,⚪ 관망,⑤ 하락 / 약세,-23.54,-19.29,-25.32,-25.74,-37.87,0,1.0,0.31,0.83,1.0,0.0,0.15,0.13,40.1,52.0,-9.67,27.75,0,0,-1.24,-5.67,-6.82,-13.95,-5.5,0,0,1.46,0.03,0,-1,19107.0,16879,-5.33,-0.1418,0.75,-1.18,True,X,▼,16603,▼,X,X,6.702016806722689,14.332689075630253,5.0,0,0.0,0.0,2.0,0.0,🧱 구조적 지지선(Swing Low) 근접. 📉 매도세 우위. 📉 과매도 기술적 반등 기대.,0,0,,,56.7,44.8,67.3,🌤 중립,1.철강·금속(+18.4%) / 2.반도체(+15.7%) / 3.IT/전기전자(+13.8%) / 4.조선·기계·설비(+12.6%) / 5.기타(+11.3%),5,406,20260109,20260109,28.76,11.79,-13.95,-25.74
006340,대원전선,KOSPI,절연선 및 케이블 제조업,절연선 및 케이블 제조업,기타,3600,65.17,0.0,⚪ 관망,False,False,False,3600,3425,3950,4345.0,19.1,6.6,22.2,5.2,5.2,37.3,61.79999923706055,0.0,,,⚪ 관망,⑤ 하락 / 약세,0.14,20.4,-10.55,-15.55,-22.83,0,1.0,0.49,1.0,1.0,0.0,0.06,0.15,39.0,40.7,-5.24,18.57,0,0,-0.14,-6.13,-4.64,13.21,-1.13,1,0,3.94,0.13,0,1,3550.0,3816,-5.67,-0.2009,0.29,-1.22,True,O,▲,3729,▼,X,X,6.702016806722689,14.332689075630253,5.0,0,18.2,0.0,2.0,0.0,🧱 구조적 지지선(Swing Low) 근접. 📉 매도세 우위. 📉 과매도 기술적 반등 기대.,0,0,,,56.7,44.8,67.3,🌤 중립,1.철강·금속(+18.4%) / 2.반도체(+15.7%) / 3.IT/전기전자(+13.8%) / 4.조선·기계·설비(+12.6%) / 5.기타(+11.3%),5,407,20260109,20260109,28.76,11.79,13.21,-15.55
017800,현대엘리베이터,KOSPI,일반 목적용 기계 제조업,일반 목적용 기계 제조업,조선·기계·설비,86800,117.27,0.0,⚪ 관망,False,False,False,86800,83900,92500,101750.00000000001,18.9,17.6,19.2,4.0,4.0,35.2,54.5,0.0,,,⚪ 관망,④ 바닥 반등 시도,-7.26,-2.03,-17.95,-21.73,-45.26,0,0.98,0.33,0.87,1.0,0.02,0.11,0.27,33.3,42.7,-2.9,9.92,0,1,0.7,-1.14,-3.12,7.03,-1.72,0,1,1.38,0.13,0,1,85140.0,87036,-0.27,0.0103,0.47,0.0,True,O,▲,86599,▼,O,X,3.470909090909091,18.752727272727274,4.0,0,12.2,1.8,1.9655172413793103,0.0,🔇 변동성 축소 (BW 9.9%). 🧱 구조적 지지선(Swing Low) 근접. 📉 매도세 우위. 📈 상승 모멘텀 개선. ,0,0,,,56.7,44.8,67.3,🌤 중립,1.철강·금속(+18.4%) / 2.반도체(+15.7%) / 3.IT/전기전자(+13.8%) / 4.조선·기계·설비(+12.6%) / 5.기타(+11.3%),4,408,20260109,20260109,28.76,11.79,7.03,-21.73
006400,삼성SDI,KOSPI,일차전지 및 이차전지 제조업,일차전지 및 이차전지 제조업,2차전지,267500,1936.74,0.0,⚪ 관망,False,False,False,267500,253500,295000,324500.0,18.8,12.1,20.5,13.6,13.6,35.1,36.70000076293945,0.0,,,⚪ 관망,④ 바닥 반등 시도,-13.71,47.71,-24.4,-7.17,4.48,0,0.98,0.51,1.0,1.0,0.25,1.0,0.24,32.0,26.4,-5.61,21.76,0,0,-1.29,1.9,-4.29,21.59,-3.18,0,0,2.32,0.12,0,-1,292825.0,272264,-1.75,0.1423,0.94,-0.84,True,O,▲,266623,▲,O,X,5.2444444444444445,-18.698888888888888,16.0,1,0.1,25.1,1.9642857142857142,0.0,🧱 구조적 지지선(Swing Low) 근접. 📉 매도세 우위. 🚀 단기 모멘텀 가속. 📉 과매도 기술적 반등 기대.,0,0,,,56.7,44.8,67.3,🌤 중립,1.철강·금속(+18.4%) / 2.반도체(+15.7%) / 3.IT/전기전자(+13.8%) / 4.조선·기계·설비(+12.6%) / 5.기타(+11.3%),4,409,20260109,20260109,28.76,11.79,21.59,-7.17
051910,LG화학,KOSPI,기초 화학물질 제조업,기초 화학물질 제조업,화학·소재,312500,1092.01,0.0,⚪ 관망,False,False,False,312500,301000,335000,368500.00000000006,18.6,20.9,18.0,6.5,6.5,30.4,44.900001525878906,0.0,,,⚪ 관망,④ 바닥 반등 시도,-17.65,14.26,-28.34,-23.36,-28.97,0,0.98,0.36,0.92,1.0,0.02,0.99,0.22,23.9,24.0,-8.69,22.46,0,0,-0.79,-3.1,-9.55,5.4,-5.24,0,0,1.4,0.06,0,-1,345000.0,320055,-2.36,0.0103,1.21,-0.9,True,X,▲,317405,▼,X,X,-0.5652777777777778,-6.286944444444445,11.0,0,0.1,1.8,1.9565217391304348,0.0,🧱 구조적 지지선(Swing Low) 근접. 📉 매도세 우위. 📈 상승 모멘텀 개선. 📉 과매도 기술적 반등 기대.,0,0,,,56.7,44.8,67.3,🌤 중립,1.철강·금속(+18.4%) / 2.반도체(+15.7%) / 3.IT/전기전자(+13.8%) / 4.조선·기계·설비(+12.6%) / 5.기타(+11.3%),4,410,20260109,20260109,28.76,11.79,5.4,-23.36
475400,씨메스,KOSDAQ,특수 목적용 기계 제조업,특수 목적용 기계 제조업,조선·기계·설비,31150,51.27,0.0,⚪ 관망,False,False,False,31150,29550,34300,37730.0,18.4,11.1,20.2,0.0,0.0,30.0,67.19999694824219,0.0,,,⚪ 관망,⑤ 하락 / 약세,-9.45,42.89,-11.23,-15.8,24.31,0,0.98,0.51,1.0,1.0,0.0,0.05,0.05,41.6,44.0,-9.67,28.49,0,0,2.13,-6.88,-11.38,-4.01,-7.08,0,0,1.57,0.09,0,-1,36850.0,31666,-1.63,-0.1446,0.24,-2.6,True,O,▲,31292,▼,X,X,3.470909090909091,18.752727272727274,4.0,0,0.1,0.0,1.96875,0.0,🧱 구조적 지지선(Swing Low) 근접. 📉 매도세 우위. 📉 과매도 기술적 반등 기대.,0,0,,,56.7,44.8,67.3,🌤 중립,1.철강·금속(+18.4%) / 2.반도체(+15.7%) / 3.IT/전기전자(+13.8%) / 4.조선·기계·설비(+12.6%) / 5.기타(+11.3%),5,411,20260109,20260109,28.76,11.79,-4.01,-15.8
348350,위드텍,KOSDAQ,"측정, 시험, 항해, 제어 및 기타 정밀기기 제조업; 광학기기 제외","측정, 시험, 항해, 제어 및 기타 정밀기기 제조업; 광학기기 제외",기타,8220,64.72,0.0,🔫 트리거 임박,True,True,False,8220,7930,8790,9669.0,18.3,12.1,19.9,0.0,0.0,34.9,66.4000015258789,0.0,,,🔫 트리거 임박,⑤ 하락 / 약세,-4.86,-23.25,-6.64,-19.74,-41.83,5,0.98,0.35,0.9,1.0,0.0,0.06,0.33,40.7,37.6,-3.57,8.04,1,1,-0.84,-5.63,-2.26,-7.95,-1.34,0,1,0.51,0.13,0,-1,9051.0,8617,-4.61,-0.1708,1.03,-1.71,True,X,▼,8574,▼,X,X,6.702016806722689,14.332689075630253,5.0,0,12.2,0.0,1.9655172413793103,0.0,🌪️ 5일 연속 응축 중! 폭발 임박. 🧱 구조적 지지선(Swing Low) 근접. 📉 매도세 우위. ,0,0,,,56.7,44.8,67.3,🌤 중립,1.철강·금속(+18.4%) / 2.반도체(+15.7%) / 3.IT/전기전자(+13.8%) / 4.조선·기계·설비(+12.6%) / 5.기타(+11.3%),5,412,20260109,20260109,28.76,11.79,-7.95,-19.74
138040,메리츠금융지주,KOSPI,기타 금융업,기타 금융업,금융,101500,283.78,0.0,🔫 트리거 임박,True,True,False,101500,97700,109100,120010.00000000001,18.2,30.0,15.3,10.0,10.0,44.9,27.799999237060547,0.0,,📦박스돌파,🔫 트리거 임박,⑤ 하락 / 약세,-7.81,-17.55,-18.5,-36.99,-60.78,4,1.0,0.37,0.92,1.0,0.0,0.26,0.41,33.5,34.0,-6.91,8.68,0,1,-5.67,-9.05,-7.31,-8.23,-7.26,0,1,1.12,0.12,0,-1,114730.0,106468,-4.67,-0.1849,2.22,-1.33,True,X,▼,108081,▼,X,X,0.47818181818181804,-7.147272727272727,12.0,1,12.1,0.0,2.0,0.0,🔇 변동성 축소 (BW 8.7%). 🧱 구조적 지지선(Swing Low) 근접. 📉 매도세 우위. 📉 과매도 기술적 반등 기대.,0,0,,,56.7,44.8,67.3,🌤 중립,1.철강·금속(+18.4%) / 2.반도체(+15.7%) / 3.IT/전기전자(+13.8%) / 4.조선·기계·설비(+12.6%) / 5.기타(+11.3%),5,413,20260109,20260109,28.76,11.79,-8.23,-36.99
007660,이수페타시스,KOSPI,전자부품 제조업,전자부품 제조업,IT/전기전자,109400,936.2,0.0,⚪ 관망,False,False,False,109400,104700,118700,130570.00000000001,18.2,18.5,18.1,4.3,4.3,30.0,50.29999923706055,0.0,,,⚪ 관망,② 상승 후 조정,-24.24,94.66,-34.93,18.48,51.43,0,0.99,0.43,0.98,1.0,0.0,0.85,0.12,27.4,22.5,-11.06,35.37,0,0,1.11,-9.96,-9.74,47.24,-10.02,0,0,0.9,0.05,0,-1,126340.0,112814,-3.03,-0.0617,0.7,-2.49,True,O,▲,111226,▼,X,X,6.871449275362319,18.37304347826087,3.0,0,0.0,0.0,1.9787234042553192,0.0,🧱 구조적 지지선(Swing Low) 근접. 📉 매도세 우위. 📉 과매도 기술적 반등 기대.,0,0,,,56.7,44.8,67.3,🌤 중립,1.철강·금속(+18.4%) / 2.반도체(+15.7%) / 3.IT/전기전자(+13.8%) / 4.조선·기계·설비(+12.6%) / 5.기타(+11.3%),2,414,20260109,20260109,28.76,11.79,47.24,18.48
402340,SK스퀘어,KOSPI,기타 금융업,기타 금융업,금융,430500,1476.33,0.0,🚫 과열/위험,False,False,False,362500,321500,444000,488400.00000000006,18.2,17.6,18.4,3.0,3.0,42.6,54.5,0.0,,,🚫 과열/위험,⑤ 하락 / 약세,33.28,141.45,22.59,54.82,98.22,0,0.99,1.0,0.14,0.0,0.43,1.0,0.31,98.4,80.9,24.66,64.79,0,0,0.0,9.82,36.67,83.58,14.26,1,0,0.92,0.89,1,1,366350.0,425014,1.29,0.0167,0.91,1.65,False,O,▲,437676,▲,X,X,0.47818181818181804,-7.147272727272727,12.0,0,85.0,42.9,0.12385321100917432,18.758620689655174,💪 매수세 장악(Power Buying). 💰 외국인/기관 수급 집중. 📈 상승 모멘텀 개선. ⚠️ 단기 급등 조정 주의.,0,0,,,56.7,44.8,67.3,🌤 중립,1.철강·금속(+18.4%) / 2.반도체(+15.7%) / 3.IT/전기전자(+13.8%) / 4.조선·기계·설비(+12.6%) / 5.기타(+11.3%),5,415,20260109,20260109,28.76,11.79,83.58,54.82
000155,두산우,KOSPI,기타,기타,기타,472000,137.39,0.0,⚪ 관망,False,False,False,472000,450500,515000,566500.0,18.0,13.2,19.2,6.6,6.6,34.0,48.70000076293945,0.0,,,⚪ 관망,④ 바닥 반등 시도,-12.92,25.53,-23.61,-6.0,-17.7,0,1.0,0.46,0.99,1.0,0.19,0.12,0.26,41.3,42.0,-4.5,14.91,0,0,-3.08,1.07,-3.08,22.76,-0.86,0,0,2.15,0.15,0,1,461600.0,485068,-2.69,0.1106,0.76,0.11,True,O,▲,478322,▲,X,X,6.702016806722689,14.332689075630253,5.0,0,0.2,19.5,2.0,0.0,🧱 구조적 지지선(Swing Low) 근접. 📉 매도세 우위. 🚀 단기 모멘텀 가속. ,0,0,,,56.7,44.8,67.3,🌤 중립,1.철강·금속(+18.4%) / 2.반도체(+15.7%) / 3.IT/전기전자(+13.8%) / 4.조선·기계·설비(+12.6%) / 5.기타(+11.3%),4,416,20260109,20260109,28.76,11.79,22.76,-6.0
375500,DL이앤씨,KOSPI,토목 건설업,토목 건설업,건설·부동산,41100,174.5,0.0,⚪ 관망,False,False,False,41100,38550,46200,50820.00000000001,17.8,23.6,16.4,7.1,7.1,35.3,38.0,0.0,,,⚪ 관망,⑤ 하락 / 약세,-1.67,-16.38,-12.36,-28.15,-59.61,0,1.0,0.62,0.93,1.0,0.0,0.16,0.42,41.3,32.2,-1.39,12.12,0,0,4.31,3.01,-2.03,0.61,-5.18,0,1,1.24,0.29,0,-1,43175.0,40476,1.54,-0.024,0.91,0.06,True,X,▼,40135,▼,O,X,5.8183333333333325,-7.065,9.0,0,13.3,0.0,2.0,0.0,🧱 구조적 지지선(Swing Low) 근접. 📉 매도세 우위. ✅ 20일선 눌림목 구간.,0,0,,,56.7,44.8,67.3,🌤 중립,1.철강·금속(+18.4%) / 2.반도체(+15.7%) / 3.IT/전기전자(+13.8%) / 4.조선·기계·설비(+12.6%) / 5.기타(+11.3%),5,417,20260109,20260109,28.76,11.79,0.61,-28.15
241560,두산밥캣,KOSPI,특수 목적용 기계 제조업,특수 목적용 기계 제조업,조선·기계·설비,56700,487.99,0.0,⚪ 관망,False,False,False,56700,55000,60000,66000.0,17.8,16.4,18.1,8.1,8.1,35.1,41.29999923706055,0.0,,,⚪ 관망,④ 바닥 반등 시도,-3.57,-0.7,-14.26,-27.69,-43.93,0,0.97,0.29,0.82,1.0,0.01,0.44,0.38,38.4,33.6,-3.96,11.41,0,0,-1.05,-0.18,-2.24,1.07,-2.6,0,1,1.3,0.07,0,1,55220.0,58707,-3.42,0.0066,1.48,-0.33,True,X,▲,57994,▼,X,X,3.470909090909091,18.752727272727274,4.0,0,12.1,1.2,1.9411764705882353,0.0,🧱 구조적 지지선(Swing Low) 근접. 📉 매도세 우위. 📈 상승 모멘텀 개선. ,0,0,,,56.7,44.8,67.3,🌤 중립,1.철강·금속(+18.4%) / 2.반도체(+15.7%) / 3.IT/전기전자(+13.8%) / 4.조선·기계·설비(+12.6%) / 5.기타(+11.3%),4,418,20260109,20260109,28.76,11.79,1.07,-27.69
001680,대상,KOSPI,기타 식품 제조업,기타 식품 제조업,유통·소비재,20750,55.95,0.0,⚪ 관망,False,False,False,20750,19780,22700,24970.000000000004,17.7,38.0,12.6,9.7,9.7,37.0,19.200000762939453,0.0,,,⚪ 관망,⑤ 하락 / 약세,-1.19,-13.9,-11.88,-29.71,-57.13,0,1.0,0.47,0.99,1.0,0.0,0.05,0.68,42.3,47.5,-1.28,9.07,0,1,4.64,0.73,-3.94,-0.95,-4.53,0,1,0.61,0.44,0,-1,21367.0,20599,0.73,-0.0412,3.28,-1.1,True,X,▼,20325,▼,O,X,-2.1766666666666667,-3.841333333333334,10.0,0,17.6,0.0,2.0103092783505154,0.0,🔇 변동성 축소 (BW 9.1%). 🧱 구조적 지지선(Swing Low) 근접. 📉 매도세 우위. ✅ 20일선 눌림목 구간.,0,0,,,56.7,44.8,67.3,🌤 중립,1.철강·금속(+18.4%) / 2.반도체(+15.7%) / 3.IT/전기전자(+13.8%) / 4.조선·기계·설비(+12.6%) / 5.기타(+11.3%),5,419,20260109,20260109,28.76,11.79,-0.95,-29.71
062040,산일전기,KOSPI,"전동기, 발전기 및 전기 변환 · 공급 · 제어 장치 제조업","전동기, 발전기 및 전기 변환 · 공급 · 제어 장치 제조업",인프라·에너지,135200,419.1,0.0,⚪ 관망,False,False,False,135200,124000,157500,173250.0,17.4,20.1,16.7,7.7,7.7,33.1,37.79999923706055,0.0,,,⚪ 관망,③ 박스 / 중립,-9.38,48.08,-20.07,-4.72,4.85,0,0.99,0.82,0.58,1.0,0.12,0.38,0.33,43.8,35.1,-2.24,18.22,0,0,-0.59,-1.89,1.35,24.04,-4.02,0,0,1.82,0.31,0,-1,148900.0,137879,-1.94,0.0614,0.61,-0.7,False,O,▲,135946,▲,X,X,1.2333333333333334,-9.163333333333332,13.0,0,1.6,12.4,1.9910714285714286,0.0,📉 매도세 우위. 🚀 단기 모멘텀 가속. ,0,0,,,56.7,44.8,67.3,🌤 중립,1.철강·금속(+18.4%) / 2.반도체(+15.7%) / 3.IT/전기전자(+13.8%) / 4.조선·기계·설비(+12.6%) / 5.기타(+11.3%),3,420,20260109,20260109,28.76,11.79,24.04,-4.72
001450,현대해상,KOSPI,보험업,보험업,금융,27250,161.41,0.0,⚪ 관망,False,False,False,27250,26200,29350,32285.000000000004,17.4,17.2,17.5,3.2,3.2,34.8,50.900001525878906,0.0,,,⚪ 관망,⑤ 하락 / 약세,-6.84,-9.92,-17.53,-29.67,-53.15,0,1.0,0.39,0.94,1.0,0.0,0.15,0.35,31.2,36.7,-9.2,14.48,0,0,-1.98,-10.8,-10.95,-0.91,-7.12,0,1,1.03,0.1,0,-1,30850.0,28865,-5.6,-0.3519,2.08,-3.12,True,X,▼,30044,▼,X,X,0.47818181818181804,-7.147272727272727,12.0,0,12.1,0.0,2.0,0.0,🧱 구조적 지지선(Swing Low) 근접. 📉 매도세 우위. 📉 과매도 기술적 반등 기대.,0,0,,,56.7,44.8,67.3,🌤 중립,1.철강·금속(+18.4%) / 2.반도체(+15.7%) / 3.IT/전기전자(+13.8%) / 4.조선·기계·설비(+12.6%) / 5.기타(+11.3%),5,421,20260109,20260109,28.76,11.79,-0.91,-29.67
006360,GS건설,KOSPI,건물 건설업,건물 건설업,건설·부동산,18670,95.74,0.0,⚪ 관망,False,False,False,18670,18080,19850,21835.0,17.4,10.1,19.2,3.0,3.0,34.8,57.099998474121094,0.0,,,⚪ 관망,⑤ 하락 / 약세,-3.61,-12.14,-14.3,-28.38,-55.37,0,1.0,0.32,0.84,1.0,0.0,0.09,0.24,28.4,40.7,-4.29,12.07,0,0,1.19,-0.8,-6.18,0.38,-4.11,0,1,1.23,0.1,0,1,18277.0,18854,-0.98,-0.0445,0.67,-0.52,True,X,▼,18694,▼,X,X,5.8183333333333325,-7.065,9.0,0,12.1,0.0,2.0,0.0,🧱 구조적 지지선(Swing Low) 근접. 📉 매도세 우위. ,0,0,,,56.7,44.8,67.3,🌤 중립,1.철강·금속(+18.4%) / 2.반도체(+15.7%) / 3.IT/전기전자(+13.8%) / 4.조선·기계·설비(+12.6%) / 5.기타(+11.3%),5,422,20260109,20260109,28.76,11.79,0.38,-28.38
004370,농심,KOSPI,기타 식품 제조업,기타 식품 제조업,유통·소비재,406500,80.46,0.0,🔫 트리거 임박,True,True,False,406500,392000,435000,478500.00000000006,17.4,4.8,20.6,9.3,9.3,52.1,47.099998474121094,0.0,,📦박스돌파,🔫 트리거 임박,⑤ 하락 / 약세,-6.66,-3.33,-17.35,-34.0,-46.56,3,0.98,0.35,0.9,1.0,0.0,0.07,0.22,31.4,25.8,-5.01,8.91,0,1,0.25,-5.13,-6.23,-5.24,-5.54,1,1,1.67,0.11,0,-1,438750.0,415537,-2.17,-0.1654,0.67,-2.74,True,X,▲,417972,▼,X,X,-2.1766666666666667,-3.841333333333334,10.0,0,30.1,0.0,1.9655172413793103,0.0,🔇 변동성 축소 (BW 8.9%). 🧱 구조적 지지선(Swing Low) 근접. 📉 매도세 우위. 📉 과매도 기술적 반등 기대.,0,0,,,56.7,44.8,67.3,🌤 중립,1.철강·금속(+18.4%) / 2.반도체(+15.7%) / 3.IT/전기전자(+13.8%) / 4.조선·기계·설비(+12.6%) / 5.기타(+11.3%),5,423,20260109,20260109,28.76,11.79,-5.24,-34.0
009830,한화솔루션,KOSPI,기초 화학물질 제조업,기초 화학물질 제조업,화학·소재,26100,327.82,0.0,🔫 트리거 임박,True,True,False,26100,25150,27950,30745.000000000004,17.0,17.7,16.8,9.5,9.5,42.1,33.70000076293945,0.0,,,🔫 트리거 임박,⑤ 하락 / 약세,-4.92,-25.0,-15.61,-34.88,-68.23,5,0.97,0.35,0.91,1.0,0.0,0.3,0.41,41.3,38.1,-3.79,8.08,1,1,-1.51,-2.43,-7.12,-6.12,-2.1,1,1,1.55,0.12,0,-1,28260.0,26664,-2.12,-0.0488,1.6,-0.35,True,X,▼,26729,▼,X,X,-0.5652777777777778,-6.286944444444445,11.0,0,30.1,0.0,1.9473684210526316,0.0,🌪️ 5일 연속 응축 중! 폭발 임박. 🧱 구조적 지지선(Swing Low) 근접. 📉 매도세 우위. ,0,0,,,56.7,44.8,67.3,🌤 중립,1.철강·금속(+18.4%) / 2.반도체(+15.7%) / 3.IT/전기전자(+13.8%) / 4.조선·기계·설비(+12.6%) / 5.기타(+11.3%),5,424,20260109,20260109,28.76,11.79,-6.12,-34.88
035250,강원랜드,KOSPI,유원지 및 기타 오락관련 서비스업,유원지 및 기타 오락관련 서비스업,서비스 기타,17970,66.44,0.0,⚪ 관망,False,False,False,17970,17540,18830,20713.0,16.8,9.8,18.5,20.3,20.3,31.2,14.399999618530273,0.0,,,⚪ 관망,⑤ 하락 / 약세,-0.17,-12.55,-10.86,-25.84,-55.78,0,1.0,0.24,0.71,1.0,0.0,0.06,0.33,39.4,43.9,-2.07,7.7,0,1,-0.61,-2.34,-4.47,2.92,1.07,0,0,1.55,0.17,0,1,17883.0,18197,-1.25,-0.1002,0.6,-0.92,True,O,▼,18323,▼,X,X,0.525,-8.831,14.0,2,3.1,0.0,2.0,0.0,🔇 변동성 축소 (BW 7.7%). 🧱 구조적 지지선(Swing Low) 근접. 📉 매도세 우위. ,0,0,,,56.7,44.8,67.3,🌤 중립,1.철강·금속(+18.4%) / 2.반도체(+15.7%) / 3.IT/전기전자(+13.8%) / 4.조선·기계·설비(+12.6%) / 5.기타(+11.3%),5,425,20260109,20260109,28.76,11.79,2.92,-25.84
195870,해성디에스,KOSPI,전자부품 제조업,전자부품 제조업,IT/전기전자,47400,108.52,0.0,⚪ 관망,False,False,False,47400,45400,51400,56540.00000000001,16.8,7.6,19.1,0.0,0.0,30.0,63.79999923706055,0.0,,,⚪ 관망,⑤ 하락 / 약세,-11.57,77.86,-22.26,-12.01,34.63,1,1.0,0.42,0.97,1.0,0.0,0.1,0.1,25.7,30.4,-10.6,24.18,0,0,0.96,-13.5,-14.9,16.75,-4.83,0,0,1.41,0.08,0,-1,57525.0,50629,-6.38,-0.386,0.55,-2.8,True,O,▲,50634,▼,X,X,6.871449275362319,18.37304347826087,3.0,0,0.1,0.0,2.0,0.0,🧱 구조적 지지선(Swing Low) 근접. 📉 매도세 우위. 📉 과매도 기술적 반등 기대.,0,0,,,56.7,44.8,67.3,🌤 중립,1.철강·금속(+18.4%) / 2.반도체(+15.7%) / 3.IT/전기전자(+13.8%) / 4.조선·기계·설비(+12.6%) / 5.기타(+11.3%),5,426,20260109,20260109,28.76,11.79,16.75,-12.01
011200,HMM,KOSPI,해상 운송업,해상 운송업,기타,20000,314.07,0.0,⚪ 관망,False,False,False,20000,19240,21550,23705.000000000004,16.7,37.4,11.5,8.4,8.4,35.1,18.899999618530273,0.0,,,⚪ 관망,⑤ 하락 / 약세,-2.91,-21.57,-13.6,-30.72,-64.8,1,1.0,0.39,0.93,1.0,0.0,0.28,0.39,29.7,33.0,-1.79,6.1,0,1,0.2,-0.99,-2.44,-1.96,-2.04,0,1,0.99,0.25,0,1,19285.0,19927,0.36,-0.0085,0.84,-0.06,True,X,▼,19914,▼,O,X,6.702016806722689,14.332689075630253,5.0,0,12.8,0.0,2.039473684210526,0.0,🔇 변동성 축소 (BW 6.1%). 🧱 구조적 지지선(Swing Low) 근접. 📉 매도세 우위. ✅ 20일선 눌림목 구간.,0,0,,,56.7,44.8,67.3,🌤 중립,1.철강·금속(+18.4%) / 2.반도체(+15.7%) / 3.IT/전기전자(+13.8%) / 4.조선·기계·설비(+12.6%) / 5.기타(+11.3%),5,427,20260109,20260109,28.76,11.79,-1.96,-30.72
034220,LG디스플레이,KOSPI,전자부품 제조업,전자부품 제조업,IT/전기전자,11780,247.86,0.0,⚪ 관망,False,False,False,11780,11360,12610,13871.000000000002,16.5,23.4,14.8,5.1,5.1,33.3,37.599998474121094,0.0,,,⚪ 관망,④ 바닥 반등 시도,-8.26,27.21,-18.95,-44.8,-16.02,0,0.99,0.35,0.9,1.0,0.16,0.22,0.45,43.7,53.8,-2.68,9.43,0,1,-3.68,-0.42,-1.17,-16.04,-0.77,0,0,1.38,0.12,0,-1,12672.0,12278,-4.06,0.0909,1.5,-0.57,True,X,▲,12110,▲,X,X,6.871449275362319,18.37304347826087,3.0,0,0.1,16.0,1.9761904761904763,0.0,🔇 변동성 축소 (BW 9.4%). 🧱 구조적 지지선(Swing Low) 근접. 📉 매도세 우위. 🚀 단기 모멘텀 가속. ,0,0,,,56.7,44.8,67.3,🌤 중립,1.철강·금속(+18.4%) / 2.반도체(+15.7%) / 3.IT/전기전자(+13.8%) / 4.조선·기계·설비(+12.6%) / 5.기타(+11.3%),4,428,20260109,20260109,28.76,11.79,-16.04,-44.8
353200,대덕전자,KOSPI,전자부품 제조업,전자부품 제조업,IT/전기전자,42000,252.35,0.0,🔫 트리거 임박,True,True,False,42000,40700,44600,49060.00000000001,16.5,7.5,18.7,11.7,11.7,52.0,35.099998474121094,0.0,,📦박스돌파,🔫 트리거 임박,③ 박스 / 중립,-14.29,134.38,-24.98,5.0,91.15,3,1.0,0.31,0.83,1.0,0.0,0.23,0.11,31.6,36.1,-9.42,17.13,0,0,-1.29,-12.41,-10.92,33.76,-6.52,1,1,1.84,0.04,0,1,41845.0,44910,-6.48,-0.3354,0.57,-3.41,True,O,▲,44618,▼,X,X,6.871449275362319,18.37304347826087,3.0,1,30.0,0.0,2.0,0.0,🧱 구조적 지지선(Swing Low) 근접. 📉 매도세 우위. 📉 과매도 기술적 반등 기대.,0,0,,,56.7,44.8,67.3,🌤 중립,1.철강·금속(+18.4%) / 2.반도체(+15.7%) / 3.IT/전기전자(+13.8%) / 4.조선·기계·설비(+12.6%) / 5.기타(+11.3%),3,429,20260109,20260109,28.76,11.79,33.76,5.0
017860,DS단석,KOSPI,기타 화학제품 제조업,기타 화학제품 제조업,화학·소재,17200,213.68,0.0,⚪ 관망,False,False,False,17200,16830,17930,19723.0,16.4,8.2,18.4,0.0,0.0,34.8,61.5,0.0,,,⚪ 관망,⑤ 하락 / 약세,-10.52,-38.08,-21.21,-44.24,-81.31,0,0.98,0.21,0.67,1.0,0.0,0.19,0.19,22.8,19.0,-7.09,12.62,0,0,-0.58,-5.44,-8.68,-15.48,-6.73,0,1,1.48,0.01,0,-1,18453.9,17821,-3.49,-0.1058,0.85,-2.27,True,X,▼,17709,▼,X,X,-0.5652777777777778,-6.286944444444445,11.0,0,12.0,0.0,1.972972972972973,0.0,🧱 구조적 지지선(Swing Low) 근접. 📉 매도세 우위. 📉 과매도 기술적 반등 기대.,0,0,,,56.7,44.8,67.3,🌤 중립,1.철강·금속(+18.4%) / 2.반도체(+15.7%) / 3.IT/전기전자(+13.8%) / 4.조선·기계·설비(+12.6%) / 5.기타(+11.3%),5,430,20260109,20260109,28.76,11.79,-15.48,-44.24
032640,LG유플러스,KOSPI,전기 통신업,전기 통신업,IT/전기전자,14350,99.02,0.0,⚪ 관망,False,False,False,14350,13850,15340,16874.0,16.1,19.5,15.2,7.1,7.1,42.1,34.20000076293945,0.0,,,⚪ 관망,⑤ 하락 / 약세,-5.72,-4.65,-16.41,-31.47,-47.88,0,0.99,0.34,0.89,1.0,0.0,0.09,0.39,30.8,23.8,-3.94,9.57,0,1,-0.07,-0.55,-6.94,-2.71,-3.61,1,1,0.91,0.15,0,-1,15287.0,14440,-0.62,-0.0075,0.87,1.04,True,X,▼,14427,▼,X,X,6.871449275362319,18.37304347826087,3.0,0,30.2,0.0,1.98,0.0,🔇 변동성 축소 (BW 9.6%). 🧱 구조적 지지선(Swing Low) 근접. ,0,0,,,56.7,44.8,67.3,🌤 중립,1.철강·금속(+18.4%) / 2.반도체(+15.7%) / 3.IT/전기전자(+13.8%) / 4.조선·기계·설비(+12.6%) / 5.기타(+11.3%),5,431,20260109,20260109,28.76,11.79,-2.71,-31.47
120110,코오롱인더,KOSPI,화학섬유 제조업,화학섬유 제조업,화학·소재,41050,109.85,0.0,⚪ 관망,False,False,False,41050,40000,43100,47410.00000000001,16.0,6.8,18.3,0.0,0.0,34.8,60.900001525878906,0.0,,,⚪ 관망,⑤ 하락 / 약세,-9.48,-10.18,-20.17,-10.97,-53.41,0,0.97,0.25,0.74,1.0,0.0,0.1,0.1,9.8,28.4,-8.18,17.77,0,0,-0.24,-3.41,-11.15,17.79,-7.79,0,1,1.43,0.03,0,-1,45390.0,42030,-2.33,-0.0729,0.4,-0.97,True,O,▲,41749,▼,X,X,-0.5652777777777778,-6.286944444444445,11.0,0,12.0,0.0,1.9523809523809523,0.0,🧱 구조적 지지선(Swing Low) 근접. 📉 매도세 우위. 📉 과매도 기술적 반등 기대.,0,0,,,56.7,44.8,67.3,🌤 중립,1.철강·금속(+18.4%) / 2.반도체(+15.7%) / 3.IT/전기전자(+13.8%) / 4.조선·기계·설비(+12.6%) / 5.기타(+11.3%),5,432,20260109,20260109,28.76,11.79,17.79,-10.97
356860,티엘비,KOSDAQ,전자부품 제조업,전자부품 제조업,IT/전기전자,56800,83.09,0.0,⚪ 관망,False,False,False,56800,53400,63600,69960.0,15.9,10.3,17.3,4.5,4.5,37.3,47.29999923706055,0.0,,,⚪ 관망,⑤ 하락 / 약세,-14.59,154.71,-16.37,-14.7,136.13,0,1.0,0.6,0.95,1.0,0.0,0.08,0.23,39.2,36.0,-5.1,17.59,0,0,4.03,-3.57,-4.38,-2.91,-1.45,1,0,1.57,0.14,0,-1,65465.0,58473,-2.86,-0.1414,0.77,-1.58,True,X,▲,58158,▼,X,X,6.871449275362319,18.37304347826087,3.0,0,18.2,0.0,2.0,0.0,🧱 구조적 지지선(Swing Low) 근접. 📉 매도세 우위. 📉 과매도 기술적 반등 기대.,0,0,,,56.7,44.8,67.3,🌤 중립,1.철강·금속(+18.4%) / 2.반도체(+15.7%) / 3.IT/전기전자(+13.8%) / 4.조선·기계·설비(+12.6%) / 5.기타(+11.3%),5,433,20260109,20260109,28.76,11.79,-2.91,-14.7
042700,한미반도체,KOSPI,특수 목적용 기계 제조업,특수 목적용 기계 제조업,반도체,176300,4145.54,0.0,🚫 과열/위험,False,False,False,145000,126500,182100,200310.00000000003,15.8,16.2,15.7,3.0,3.0,45.6,45.20000076293945,0.0,,,🚫 과열/위험,⑤ 하락 / 약세,45.34,96.76,34.65,8.23,53.53,0,1.0,1.0,0.05,0.0,1.0,1.0,0.33,78.5,86.0,27.62,74.88,0,0,-5.06,22.01,38.82,36.99,8.11,1,0,1.75,0.71,1,1,153600.0,178557,-1.26,0.3409,1.11,1.51,False,O,▲,178415,▲,X,X,10.309333333333335,19.353333333333335,2.0,0,64.0,100.0,0.11646586345381527,21.586206896551722,💪 매수세 장악(Power Buying). 💰 외국인/기관 수급 집중. 🚀 단기 모멘텀 가속. ⚠️ 단기 급등 조정 주의.,0,0,,,56.7,44.8,67.3,🌤 중립,1.철강·금속(+18.4%) / 2.반도체(+15.7%) / 3.IT/전기전자(+13.8%) / 4.조선·기계·설비(+12.6%) / 5.기타(+11.3%),5,434,20260109,20260109,28.76,11.79,36.99,8.23
002380,KCC,KOSPI,기타 화학제품 제조업,기타 화학제품 제조업,화학·소재,400000,97.24,0.0,⚪ 관망,False,False,False,400000,374500,450500,495550.00000000006,15.8,7.6,17.8,7.5,7.5,37.5,41.70000076293945,0.0,,,⚪ 관망,④ 바닥 반등 시도,-8.68,7.67,-19.37,-21.52,-35.56,0,0.99,0.63,0.91,1.0,0.11,0.09,0.36,34.6,36.5,-3.57,11.79,0,0,-0.74,1.78,-3.96,7.24,-7.16,0,1,1.5,0.29,0,-1,436150.0,399677,0.08,0.0617,0.77,0.67,True,X,▲,397983,▼,O,X,-0.5652777777777778,-6.286944444444445,11.0,0,13.3,10.9,1.9803921568627452,0.0,🧱 구조적 지지선(Swing Low) 근접. 🚀 단기 모멘텀 가속. ,0,0,,,56.7,44.8,67.3,🌤 중립,1.철강·금속(+18.4%) / 2.반도체(+15.7%) / 3.IT/전기전자(+13.8%) / 4.조선·기계·설비(+12.6%) / 5.기타(+11.3%),4,435,20260109,20260109,28.76,11.79,7.24,-21.52
000810,삼성화재,KOSPI,보험업,보험업,금융,470000,454.15,0.0,⚪ 관망,False,False,False,470000,456500,497000,546700.0,15.7,13.1,16.4,3.0,3.0,30.0,47.79999923706055,0.0,,,⚪ 관망,⑤ 하락 / 약세,-6.0,-9.27,-16.69,-23.14,-52.5,0,1.0,0.29,0.8,1.0,0.0,0.41,0.23,36.6,31.7,-5.37,26.09,0,0,-0.32,-5.43,-5.62,5.62,-3.32,0,0,0.92,0.02,0,1,466800.0,481215,-2.33,-0.0975,0.84,-1.29,True,X,▲,484725,▼,X,X,0.47818181818181804,-7.147272727272727,12.0,0,0.0,0.0,2.0,0.0,🧱 구조적 지지선(Swing Low) 근접. 📉 매도세 우위. 📉 과매도 기술적 반등 기대.,0,0,,,56.7,44.8,67.3,🌤 중립,1.철강·금속(+18.4%) / 2.반도체(+15.7%) / 3.IT/전기전자(+13.8%) / 4.조선·기계·설비(+12.6%) / 5.기타(+11.3%),5,436,20260109,20260109,28.76,11.79,5.62,-23.14
326030,SK바이오팜,KOSPI,자연과학 및 공학 연구개발업,자연과학 및 공학 연구개발업,기타,125100,245.9,0.0,⚪ 관망,False,False,False,125100,118200,138900,152790.0,14.9,12.7,15.4,7.8,7.8,34.6,33.0,0.0,,,⚪ 관망,④ 바닥 반등 시도,-7.4,30.86,-18.09,-5.51,-12.37,0,1.0,0.55,0.99,1.0,0.21,0.22,0.37,29.1,45.8,-2.63,12.66,0,0,0.24,1.79,-2.65,23.25,-5.81,0,0,1.45,0.27,0,-1,132580.0,124963,0.11,0.1201,0.9,0.21,True,O,▲,123350,▲,O,X,6.702016806722689,14.332689075630253,5.0,0,1.0,21.2,2.0,0.0,🧱 구조적 지지선(Swing Low) 근접. 📉 매도세 우위. 🚀 단기 모멘텀 가속. ,0,0,,,56.7,44.8,67.3,🌤 중립,1.철강·금속(+18.4%) / 2.반도체(+15.7%) / 3.IT/전기전자(+13.8%) / 4.조선·기계·설비(+12.6%) / 5.기타(+11.3%),4,437,20260109,20260109,28.76,11.79,23.25,-5.51
462870,시프트업,KOSPI,소프트웨어 개발 및 공급업,소프트웨어 개발 및 공급업,IT/전기전자,33450,50.39,0.0,⚪ 관망,False,False,False,33450,32400,35500,39050.0,14.9,11.9,15.6,0.0,0.0,34.8,52.0,0.0,,,⚪ 관망,⑤ 하락 / 약세,-14.89,-25.33,-25.58,-41.31,-68.56,0,0.97,0.31,0.84,1.0,0.0,0.05,0.24,22.7,22.2,-7.55,16.49,0,0,-1.18,-6.43,-8.86,-12.55,-7.54,0,1,1.2,0.05,0,-1,35960.0,34474,-2.97,-0.0782,1.25,-2.32,True,X,▼,34241,▼,X,X,6.871449275362319,18.37304347826087,3.0,0,12.0,0.0,1.9523809523809523,0.0,🧱 구조적 지지선(Swing Low) 근접. 📉 매도세 우위. 📉 과매도 기술적 반등 기대.,0,0,,,56.7,44.8,67.3,🌤 중립,1.철강·금속(+18.4%) / 2.반도체(+15.7%) / 3.IT/전기전자(+13.8%) / 4.조선·기계·설비(+12.6%) / 5.기타(+11.3%),5,438,20260109,20260109,28.76,11.79,-12.55,-41.31
259960,크래프톤,KOSPI,소프트웨어 개발 및 공급업,소프트웨어 개발 및 공급업,인터넷/플랫폼·게임,230000,263.08,0.0,🔫 트리거 임박,True,True,False,230000,222500,244500,268950.0,14.7,10.4,15.8,6.5,6.5,44.8,37.599998474121094,0.0,,📦박스돌파,🔫 트리거 임박,⑤ 하락 / 약세,-6.31,-33.72,-17.0,-49.59,-76.95,3,0.96,0.32,0.86,1.0,0.0,0.24,0.27,32.0,47.5,-5.55,10.13,0,0,0.22,-7.26,-8.0,-20.83,-5.21,0,1,1.08,0.08,0,-1,250850.0,236870,-2.9,-0.2526,1.1,-2.45,True,X,▼,238871,▼,X,X,-1.8875,-10.325,15.0,0,12.1,0.0,1.9333333333333333,0.0,🧱 구조적 지지선(Swing Low) 근접. 📉 매도세 우위. 📉 과매도 기술적 반등 기대.,0,0,,,56.7,44.8,67.3,🌤 중립,1.철강·금속(+18.4%) / 2.반도체(+15.7%) / 3.IT/전기전자(+13.8%) / 4.조선·기계·설비(+12.6%) / 5.기타(+11.3%),5,439,20260109,20260109,28.76,11.79,-20.83,-49.59
047050,포스코인터내셔널,KOSPI,상품 중개업,상품 중개업,기타,48700,231.26,0.0,⚪ 관망,False,False,False,48700,46350,53400,58740.00000000001,14.2,20.4,12.7,4.5,4.5,33.0,31.899999618530273,0.0,,,⚪ 관망,④ 바닥 반등 시도,-12.25,-7.06,-22.94,-30.38,-50.29,0,1.0,0.48,1.0,1.0,0.15,0.21,0.31,29.8,36.3,-4.16,16.66,0,0,1.78,0.83,-4.88,-1.62,-4.83,0,0,1.03,0.16,0,-1,51275.0,48401,0.62,0.0827,1.03,-0.07,True,X,▼,47894,▼,O,X,6.702016806722689,14.332689075630253,5.0,0,0.3,14.6,2.0,0.0,🧱 구조적 지지선(Swing Low) 근접. 📉 매도세 우위. 🚀 단기 모멘텀 가속. ,0,0,,,56.7,44.8,67.3,🌤 중립,1.철강·금속(+18.4%) / 2.반도체(+15.7%) / 3.IT/전기전자(+13.8%) / 4.조선·기계·설비(+12.6%) / 5.기타(+11.3%),4,440,20260109,20260109,28.76,11.79,-1.62,-30.38
052400,코나아이,KOSDAQ,소프트웨어 개발 및 공급업,소프트웨어 개발 및 공급업,IT/전기전자,44050,90.3,0.0,⚪ 관망,False,False,False,44050,42750,46600,51260.00000000001,14.1,8.9,15.4,0.0,0.0,30.0,51.29999923706055,0.0,,,⚪ 관망,⑤ 하락 / 약세,-11.72,-22.99,-13.5,-25.42,-41.57,0,0.98,0.29,0.81,1.0,0.0,0.08,0.14,25.5,22.8,-6.02,14.42,0,0,-0.34,-6.28,-5.27,-13.63,-4.69,0,0,2.14,0.06,0,-1,48090.0,45562,-3.32,-0.1192,0.42,-2.12,True,X,▼,45265,▼,X,X,6.871449275362319,18.37304347826087,3.0,0,0.1,0.0,1.9615384615384615,0.0,🧱 구조적 지지선(Swing Low) 근접. 📉 매도세 우위. 📉 과매도 기술적 반등 기대.,0,0,,,56.7,44.8,67.3,🌤 중립,1.철강·금속(+18.4%) / 2.반도체(+15.7%) / 3.IT/전기전자(+13.8%) / 4.조선·기계·설비(+12.6%) / 5.기타(+11.3%),5,441,20260109,20260109,28.76,11.79,-13.63,-25.42
011170,롯데케미칼,KOSPI,기초 화학물질 제조업,기초 화학물질 제조업,화학·소재,66900,126.05,0.0,⚪ 관망,False,False,False,66900,65100,70400,77440.0,13.9,22.2,11.8,1.7,1.7,36.9,35.400001525878906,0.0,,,⚪ 관망,④ 바닥 반등 시도,-8.36,-2.05,-19.05,-29.65,-45.28,0,0.97,0.26,0.77,1.0,0.11,0.11,0.29,24.8,31.5,-6.99,15.62,0,0,-3.18,-0.89,-9.72,-0.89,-6.07,0,1,1.26,0.03,0,-1,75560.0,68887,-2.88,0.0598,1.49,-0.77,True,X,▲,68316,▼,X,X,-0.5652777777777778,-6.286944444444445,11.0,0,12.0,10.5,1.9444444444444444,0.0,🧱 구조적 지지선(Swing Low) 근접. 📉 매도세 우위. 🚀 단기 모멘텀 가속. 📉 과매도 기술적 반등 기대.,0,0,,,56.7,44.8,67.3,🌤 중립,1.철강·금속(+18.4%) / 2.반도체(+15.7%) / 3.IT/전기전자(+13.8%) / 4.조선·기계·설비(+12.6%) / 5.기타(+11.3%),4,442,20260109,20260109,28.76,11.79,-0.89,-29.65
016360,삼성증권,KOSPI,금융 지원 서비스업,금융 지원 서비스업,서비스 기타,76900,307.46,0.0,⚪ 관망,False,False,False,76900,73200,84300,92730.00000000001,13.6,15.2,13.2,8.6,8.6,34.6,23.899999618530273,0.0,,,⚪ 관망,④ 바닥 반등 시도,-4.71,-4.59,-15.4,-22.4,-47.82,0,1.0,0.48,1.0,1.0,0.14,0.28,0.48,43.3,52.6,-1.67,7.57,0,1,0.26,1.32,-3.27,6.36,-4.26,0,0,1.27,0.42,0,-1,80070.0,77207,-0.4,0.0775,0.69,1.09,True,O,▲,76581,▼,O,X,0.525,-8.831,14.0,0,4.7,13.7,2.0,0.0,🔇 변동성 축소 (BW 7.6%). 🧱 구조적 지지선(Swing Low) 근접. 🚀 단기 모멘텀 가속. ✅ 20일선 눌림목 구간.,0,0,,,56.7,44.8,67.3,🌤 중립,1.철강·금속(+18.4%) / 2.반도체(+15.7%) / 3.IT/전기전자(+13.8%) / 4.조선·기계·설비(+12.6%) / 5.기타(+11.3%),4,443,20260109,20260109,28.76,11.79,6.36,-22.4
090430,아모레퍼시픽,KOSPI,기타 화학제품 제조업,기타 화학제품 제조업,화학·소재,119200,263.42,0.0,⚪ 관망,False,False,False,119200,115100,127300,140030.0,13.6,9.2,14.7,8.7,8.7,37.3,28.600000381469727,0.0,,,⚪ 관망,⑤ 하락 / 약세,-2.3,-14.61,-12.99,-27.14,-57.84,0,0.99,0.34,0.89,1.0,0.0,0.24,0.4,44.6,39.6,-1.93,7.28,0,1,-0.67,-6.07,-1.49,1.62,-1.43,1,0,1.89,0.15,0,1,119200.0,122378,-2.6,-0.1304,0.99,-2.3,True,X,▼,122018,▼,X,X,-0.5652777777777778,-6.286944444444445,11.0,0,18.2,0.0,1.975609756097561,0.0,🔇 변동성 축소 (BW 7.3%). 🧱 구조적 지지선(Swing Low) 근접. 📉 매도세 우위. ✅ 20일선 눌림목 구간.,0,0,,,56.7,44.8,67.3,🌤 중립,1.철강·금속(+18.4%) / 2.반도체(+15.7%) / 3.IT/전기전자(+13.8%) / 4.조선·기계·설비(+12.6%) / 5.기타(+11.3%),5,444,20260109,20260109,28.76,11.79,1.62,-27.14
004020,현대제철,KOSPI,1차 철강 제조업,1차 철강 제조업,철강·금속,29200,261.76,0.0,🔫 트리거 임박,True,True,False,29200,28100,31350,34485.0,13.4,12.8,13.6,8.0,8.0,44.9,26.600000381469727,0.0,,📦박스돌파,🔫 트리거 임박,⑤ 하락 / 약세,-5.96,-16.93,-16.65,-38.91,-60.16,3,0.97,0.37,0.93,1.0,0.0,0.24,0.3,27.6,29.1,-4.68,11.08,0,0,0.52,-4.58,-5.04,-10.15,-4.17,0,1,0.98,0.11,0,-1,32207.5,29610,-1.39,-0.15,1.15,-2.16,True,X,▼,29642,▼,X,X,10.6625,23.484166666666667,1.0,0,12.1,0.0,1.9545454545454546,0.0,🧱 구조적 지지선(Swing Low) 근접. 📉 매도세 우위. ,0,0,,,56.7,44.8,67.3,🌤 중립,1.철강·금속(+18.4%) / 2.반도체(+15.7%) / 3.IT/전기전자(+13.8%) / 4.조선·기계·설비(+12.6%) / 5.기타(+11.3%),5,445,20260109,20260109,28.76,11.79,-10.15,-38.91
051600,한전KPS,KOSPI,전기 및 통신 공사업,전기 및 통신 공사업,기타,49850,133.6,0.0,⚪ 관망,False,False,False,49850,47700,54100,59510.00000000001,13.2,21.3,11.2,6.0,6.0,38.3,23.200000762939453,0.0,,,⚪ 관망,④ 바닥 반등 시도,-8.2,-7.17,-18.89,-25.55,-50.4,0,0.99,0.43,0.98,1.0,0.17,0.12,0.29,33.7,28.2,-3.62,13.81,0,0,0.91,1.94,-5.59,3.21,-5.98,0,1,1.22,0.19,0,-1,52505.0,49787,0.13,0.0955,0.77,-0.55,True,X,▼,49028,▼,O,X,6.702016806722689,14.332689075630253,5.0,0,12.4,16.8,1.9767441860465116,0.0,🧱 구조적 지지선(Swing Low) 근접. 📉 매도세 우위. 🚀 단기 모멘텀 가속. ,0,0,,,56.7,44.8,67.3,🌤 중립,1.철강·금속(+18.4%) / 2.반도체(+15.7%) / 3.IT/전기전자(+13.8%) / 4.조선·기계·설비(+12.6%) / 5.기타(+11.3%),4,446,20260109,20260109,28.76,11.79,3.21,-25.55
003550,LG,KOSPI,기타 금융업,기타 금융업,금융,80300,163.07,0.0,👀 트리거 대기,True,False,True,80300,77400,86100,94710.00000000001,12.8,9.4,13.7,3.5,3.5,30.5,37.5,0.0,,,👀 트리거 대기,④ 바닥 반등 시도,-3.6,-3.02,-14.29,-17.54,-46.25,3,1.0,0.36,0.91,1.0,0.02,0.15,0.37,38.3,44.5,-2.38,6.12,1,1,-1.35,-0.86,-2.43,11.22,-1.99,0,0,1.58,0.17,0,1,78080.0,81949,-2.01,0.0101,0.78,0.19,True,O,▲,81599,▼,X,X,0.47818181818181804,-7.147272727272727,12.0,0,0.3,1.8,2.0,0.0,🌪️ 에너지 응축 시작 (3일차). 🧱 구조적 지지선(Swing Low) 근접. 📉 매도세 우위. 📈 상승 모멘텀 개선. ,0,0,,,56.7,44.8,67.3,🌤 중립,1.철강·금속(+18.4%) / 2.반도체(+15.7%) / 3.IT/전기전자(+13.8%) / 4.조선·기계·설비(+12.6%) / 5.기타(+11.3%),4,447,20260109,20260109,28.76,11.79,11.22,-17.54
302440,SK바이오사이언스,KOSPI,기초 의약물질 제조업,기초 의약물질 제조업,기타,48050,67.2,0.0,⚪ 관망,False,False,False,48050,45850,52500,57750.00000000001,12.4,20.2,10.5,2.4,2.4,31.9,29.5,0.0,,,⚪ 관망,④ 바닥 반등 시도,-9.51,0.95,-20.2,-23.85,-42.28,0,1.0,0.46,0.99,1.0,0.09,0.06,0.36,30.8,35.1,-4.02,14.69,0,0,1.05,0.1,-5.23,4.91,-6.02,0,0,2.41,0.17,0,-1,50790.0,47982,0.14,0.05,1.12,0.3,True,X,▼,47330,▼,O,X,6.702016806722689,14.332689075630253,5.0,0,0.3,8.8,2.022727272727273,0.0,🧱 구조적 지지선(Swing Low) 근접. 📉 매도세 우위. 🚀 단기 모멘텀 가속. ,0,0,,,56.7,44.8,67.3,🌤 중립,1.철강·금속(+18.4%) / 2.반도체(+15.7%) / 3.IT/전기전자(+13.8%) / 4.조선·기계·설비(+12.6%) / 5.기타(+11.3%),4,448,20260109,20260109,28.76,11.79,4.91,-23.85
282330,BGF리테일,KOSPI,종합 소매업,종합 소매업,유통·소비재,103400,57.77,0.0,⚪ 관망,False,False,False,103400,99200,111700,122870.00000000001,12.0,24.8,8.8,4.6,4.6,36.2,18.700000762939453,0.0,,,⚪ 관망,④ 바닥 반등 시도,-6.76,-16.34,-17.45,-30.94,-59.57,0,0.99,0.4,0.96,1.0,0.06,0.05,0.4,14.4,24.0,-4.05,13.59,0,0,1.08,-0.77,-6.17,-2.18,-7.07,0,1,1.55,0.17,0,-1,107330.0,102926,0.46,0.0357,1.62,-0.38,True,X,▼,101640,▼,O,X,-2.1766666666666667,-3.841333333333334,10.0,0,12.3,6.3,1.9761904761904763,0.0,🧱 구조적 지지선(Swing Low) 근접. 📉 매도세 우위. 🚀 단기 모멘텀 가속. ,0,0,,,56.7,44.8,67.3,🌤 중립,1.철강·금속(+18.4%) / 2.반도체(+15.7%) / 3.IT/전기전자(+13.8%) / 4.조선·기계·설비(+12.6%) / 5.기타(+11.3%),4,449,20260109,20260109,28.76,11.79,-2.18,-30.94
006650,대한유화,KOSPI,기초 화학물질 제조업,기초 화학물질 제조업,화학·소재,129100,101.8,0.0,⚪ 관망,False,False,False,129100,123900,139400,153340.0,12.0,8.2,12.9,0.0,0.0,30.0,43.099998474121094,0.0,,,⚪ 관망,⑤ 하락 / 약세,-8.44,26.44,-19.13,-11.5,-16.79,0,0.99,0.4,0.95,1.0,0.0,0.09,0.14,15.4,15.0,-10.51,22.33,0,0,-0.08,-7.12,-13.18,17.26,-9.51,0,0,1.26,0.07,0,-1,145450.0,132761,-2.76,-0.1776,0.83,-0.94,True,X,▲,132882,▼,X,X,-0.5652777777777778,-6.286944444444445,11.0,0,0.1,0.0,1.9807692307692308,0.0,🧱 구조적 지지선(Swing Low) 근접. 📉 매도세 우위. 📉 과매도 기술적 반등 기대.,0,0,,,56.7,44.8,67.3,🌤 중립,1.철강·금속(+18.4%) / 2.반도체(+15.7%) / 3.IT/전기전자(+13.8%) / 4.조선·기계·설비(+12.6%) / 5.기타(+11.3%),5,450,20260109,20260109,28.76,11.79,17.26,-11.5
003690,코리안리,KOSPI,재 보험업,재 보험업,금융,11240,81.54,0.0,🔫 트리거 임박,True,True,False,11240,10980,11750,12925.000000000002,11.3,7.3,12.3,0.0,0.0,34.8,41.099998474121094,0.0,,,🔫 트리거 임박,⑤ 하락 / 약세,0.0,-3.1,-10.69,-24.69,-46.33,3,0.98,0.23,0.7,1.0,0.0,0.07,0.33,37.4,54.7,-2.94,6.84,1,1,-1.32,-2.52,-2.68,4.07,-0.27,0,1,1.35,0.03,0,-1,12259.0,11823,-4.93,-0.1139,0.69,0.23,True,O,▲,11688,▼,X,X,0.47818181818181804,-7.147272727272727,12.0,0,12.0,0.0,1.9615384615384615,0.0,🌪️ 에너지 응축 시작 (3일차). 🧱 구조적 지지선(Swing Low) 근접. 📉 매도세 우위. ,0,0,,,56.7,44.8,67.3,🌤 중립,1.철강·금속(+18.4%) / 2.반도체(+15.7%) / 3.IT/전기전자(+13.8%) / 4.조선·기계·설비(+12.6%) / 5.기타(+11.3%),5,451,20260109,20260109,28.76,11.79,4.07,-24.69
051915,LG화학우,KOSPI,기타,기타,기타,151700,69.22,0.0,⚪ 관망,False,False,False,151700,146300,162500,178750.0,11.0,18.2,9.2,0.0,0.0,31.1,30.5,0.0,,,⚪ 관망,④ 바닥 반등 시도,-23.46,2.36,-34.15,-25.0,-40.87,0,1.0,0.36,0.9,1.0,0.05,0.06,0.23,11.6,13.3,-12.12,30.62,0,0,-1.56,-5.83,-12.31,3.76,-10.11,0,0,1.76,0.05,0,-1,168030.0,158070,-4.03,0.0304,1.44,-1.2,True,X,▲,155269,▼,X,X,6.702016806722689,14.332689075630253,5.0,0,0.0,5.4,2.0,0.0,🧱 구조적 지지선(Swing Low) 근접. 📉 매도세 우위. 🚀 단기 모멘텀 가속. 📉 과매도 기술적 반등 기대.,0,0,,,56.7,44.8,67.3,🌤 중립,1.철강·금속(+18.4%) / 2.반도체(+15.7%) / 3.IT/전기전자(+13.8%) / 4.조선·기계·설비(+12.6%) / 5.기타(+11.3%),4,452,20260109,20260109,28.76,11.79,3.76,-25.0
064400,LG씨엔에스,KOSPI,"컴퓨터 프로그래밍, 시스템 통합 및 관리업","컴퓨터 프로그래밍, 시스템 통합 및 관리업",IT/전기전자,60100,248.2,0.0,⚪ 관망,False,False,False,60100,58200,63900,70290.0,11.0,12.4,10.6,3.3,3.3,34.8,27.600000381469727,0.0,,,⚪ 관망,⑤ 하락 / 약세,-7.96,-21.74,-18.65,-33.21,-64.97,0,1.0,0.32,0.84,1.0,0.0,0.23,0.18,26.8,35.9,-5.25,12.27,0,0,-0.99,-3.99,-5.35,-4.45,-5.41,0,1,1.98,0.08,0,1,58670.0,61840,-2.81,-0.045,0.47,-2.36,True,X,▼,61151,▼,X,X,6.871449275362319,18.37304347826087,3.0,0,12.1,0.0,2.0,0.0,🧱 구조적 지지선(Swing Low) 근접. 📉 매도세 우위. 📉 과매도 기술적 반등 기대.,0,0,,,56.7,44.8,67.3,🌤 중립,1.철강·금속(+18.4%) / 2.반도체(+15.7%) / 3.IT/전기전자(+13.8%) / 4.조선·기계·설비(+12.6%) / 5.기타(+11.3%),5,453,20260109,20260109,28.76,11.79,-4.45,-33.21
383220,F&F,KOSPI,봉제의복 제조업,봉제의복 제조업,유통·소비재,64000,58.65,0.0,⚪ 관망,False,False,False,64000,61400,69200,76120.0,10.9,11.5,10.8,0.0,0.0,31.8,35.900001525878906,0.0,,,⚪ 관망,④ 바닥 반등 시도,-11.72,-20.5,-22.41,-27.97,-63.73,0,1.0,0.41,0.96,1.0,0.09,0.05,0.14,6.6,13.8,-10.87,30.5,0,0,0.31,-3.47,-15.23,0.79,-11.44,0,0,1.49,0.07,0,-1,70410.0,64732,-1.13,0.0514,0.81,-1.38,True,X,▼,63135,▼,O,X,-2.1766666666666667,-3.841333333333334,10.0,0,0.1,9.1,2.0,0.0,🧱 구조적 지지선(Swing Low) 근접. 📉 매도세 우위. 🚀 단기 모멘텀 가속. 📉 과매도 기술적 반등 기대.,0,0,,,56.7,44.8,67.3,🌤 중립,1.철강·금속(+18.4%) / 2.반도체(+15.7%) / 3.IT/전기전자(+13.8%) / 4.조선·기계·설비(+12.6%) / 5.기타(+11.3%),4,454,20260109,20260109,28.76,11.79,0.79,-27.97
112610,씨에스윈드,KOSPI,"구조용 금속제품, 탱크 및 증기발생기 제조업","구조용 금속제품, 탱크 및 증기발생기 제조업",기타,39700,75.8,0.0,⚪ 관망,False,False,False,39700,38200,42700,46970.00000000001,10.3,19.3,8.0,0.0,0.0,30.1,26.600000381469727,0.0,,,⚪ 관망,④ 바닥 반등 시도,-11.97,-16.16,-22.66,-35.46,-59.39,0,1.0,0.38,0.93,1.0,0.01,0.07,0.12,23.4,20.5,-7.64,21.08,0,0,0.51,-1.85,-8.21,-6.7,-8.67,0,0,1.45,0.09,0,-1,42415.0,40076,-0.94,0.0031,0.5,-1.75,True,X,▼,39355,▼,O,X,6.702016806722689,14.332689075630253,5.0,0,0.1,0.5,2.0,0.0,🧱 구조적 지지선(Swing Low) 근접. 📉 매도세 우위. 📉 과매도 기술적 반등 기대.,0,0,,,56.7,44.8,67.3,🌤 중립,1.철강·금속(+18.4%) / 2.반도체(+15.7%) / 3.IT/전기전자(+13.8%) / 4.조선·기계·설비(+12.6%) / 5.기타(+11.3%),4,455,20260109,20260109,28.76,11.79,-6.7,-35.46
021240,코웨이,KOSPI,그외 기타 개인 서비스업,그외 기타 개인 서비스업,서비스 기타,79600,228.11,0.0,⚪ 관망,False,False,False,79600,76800,85200,93720.00000000001,10.0,10.9,9.8,0.9,0.9,34.8,30.5,0.0,,,⚪ 관망,⑤ 하락 / 약세,-5.91,-23.61,-16.6,-43.63,-66.84,1,1.0,0.35,0.9,1.0,0.0,0.21,0.19,10.6,10.4,-7.75,15.28,0,0,0.25,-6.9,-10.16,-14.87,-6.22,0,1,1.06,0.08,0,-1,86270.0,81775,-2.66,-0.1742,0.95,-1.32,True,X,▼,81864,▼,X,X,0.525,-8.831,14.0,0,12.1,0.0,2.0,0.0,🧱 구조적 지지선(Swing Low) 근접. 📉 매도세 우위. 📉 과매도 기술적 반등 기대.,0,0,,,56.7,44.8,67.3,🌤 중립,1.철강·금속(+18.4%) / 2.반도체(+15.7%) / 3.IT/전기전자(+13.8%) / 4.조선·기계·설비(+12.6%) / 5.기타(+11.3%),5,456,20260109,20260109,28.76,11.79,-14.87,-43.63
078600,대주전자재료,KOSDAQ,전자부품 제조업,전자부품 제조업,IT/전기전자,59900,55.24,0.0,⚪ 관망,False,False,False,59900,57700,64300,70730.0,9.8,7.6,10.3,0.0,0.0,32.6,34.400001525878906,0.0,,,⚪ 관망,④ 바닥 반등 시도,-22.61,-15.75,-24.39,-23.18,-34.33,0,1.0,0.37,0.92,1.0,0.13,0.05,0.11,19.0,17.4,-10.68,32.89,0,0,1.35,-1.8,-11.26,-11.39,-8.26,0,0,1.76,0.05,0,-1,65370.0,60991,-1.79,0.0727,0.64,-1.54,True,X,▼,59427,▼,O,X,6.871449275362319,18.37304347826087,3.0,0,0.0,12.8,2.0,0.0,🧱 구조적 지지선(Swing Low) 근접. 📉 매도세 우위. 🚀 단기 모멘텀 가속. 📉 과매도 기술적 반등 기대.,0,0,,,56.7,44.8,67.3,🌤 중립,1.철강·금속(+18.4%) / 2.반도체(+15.7%) / 3.IT/전기전자(+13.8%) / 4.조선·기계·설비(+12.6%) / 5.기타(+11.3%),4,457,20260109,20260109,28.76,11.79,-11.39,-23.18
096770,SK이노베이션,KOSPI,석유 정제품 제조업,석유 정제품 제조업,기타,99700,333.53,0.0,⚪ 관망,False,False,False,99700,97300,104500,114950.00000000001,9.4,13.6,8.4,2.5,2.5,34.0,22.0,0.0,,,⚪ 관망,④ 바닥 반등 시도,-15.0,-13.68,-25.69,-34.88,-56.91,0,1.0,0.24,0.71,1.0,0.2,0.3,0.3,30.4,21.5,-6.18,18.35,0,0,-2.83,-0.2,-6.12,-6.12,-3.12,0,0,1.78,0.02,0,-1,107810.0,102078,-2.33,0.1126,1.45,-0.24,True,X,▼,100757,▼,X,X,6.702016806722689,14.332689075630253,5.0,0,0.0,19.8,2.0,0.0,🧱 구조적 지지선(Swing Low) 근접. 📉 매도세 우위. 🚀 단기 모멘텀 가속. 📉 과매도 기술적 반등 기대.,0,0,,,56.7,44.8,67.3,🌤 중립,1.철강·금속(+18.4%) / 2.반도체(+15.7%) / 3.IT/전기전자(+13.8%) / 4.조선·기계·설비(+12.6%) / 5.기타(+11.3%),4,458,20260109,20260109,28.76,11.79,-6.12,-34.88
018880,한온시스템,KOSPI,일반 목적용 기계 제조업,일반 목적용 기계 제조업,조선·기계·설비,2815,361.98,0.0,⚪ 관망,False,False,False,2815,2695,3050,3355.0000000000005,9.4,8.1,9.7,3.2,3.2,33.0,24.899999618530273,0.0,,,⚪ 관망,④ 바닥 반등 시도,-23.82,-6.51,-34.51,-30.44,-49.74,0,0.98,0.42,0.97,1.0,0.15,0.33,0.21,25.4,17.9,-10.07,36.58,0,0,0.54,-4.09,-6.63,-1.68,-7.08,0,0,0.82,0.06,0,-1,3091.5,2865,-1.77,0.085,1.22,-1.7,True,X,▼,2835,▼,X,X,3.470909090909091,18.752727272727274,4.0,0,0.1,15.0,1.9583333333333333,0.0,🧱 구조적 지지선(Swing Low) 근접. 📉 매도세 우위. 🚀 단기 모멘텀 가속. 📉 과매도 기술적 반등 기대.,0,0,,,56.7,44.8,67.3,🌤 중립,1.철강·금속(+18.4%) / 2.반도체(+15.7%) / 3.IT/전기전자(+13.8%) / 4.조선·기계·설비(+12.6%) / 5.기타(+11.3%),4,459,20260109,20260109,28.76,11.79,-1.68,-30.44
456040,OCI,KOSPI,기초 화학물질 제조업,기초 화학물질 제조업,화학·소재,54800,69.61,0.0,⚪ 관망,False,False,False,54800,53600,57200,62920.00000000001,9.1,8.4,9.3,0.0,0.0,34.8,30.899999618530273,0.0,,,⚪ 관망,⑤ 하락 / 약세,-11.04,-4.7,-21.73,-32.11,-47.93,0,1.0,0.22,0.67,1.0,0.0,0.06,0.14,23.9,23.4,-8.05,14.55,0,0,-0.72,-6.64,-11.33,-3.35,-7.29,0,1,1.42,0.01,0,-1,59370.0,56972,-3.81,-0.1821,0.65,-3.67,True,X,▼,56668,▼,X,X,-0.5652777777777778,-6.286944444444445,11.0,0,12.0,0.0,2.0,0.0,🧱 구조적 지지선(Swing Low) 근접. 📉 매도세 우위. 📉 과매도 기술적 반등 기대.,0,0,,,56.7,44.8,67.3,🌤 중립,1.철강·금속(+18.4%) / 2.반도체(+15.7%) / 3.IT/전기전자(+13.8%) / 4.조선·기계·설비(+12.6%) / 5.기타(+11.3%),5,460,20260109,20260109,28.76,11.79,-3.35,-32.11
039130,하나투어,KOSPI,여행사 및 기타 여행보조 서비스업,여행사 및 기타 여행보조 서비스업,서비스 기타,45850,52.7,0.0,⚪ 관망,False,False,False,45850,44650,48200,53020.00000000001,8.4,8.6,8.4,0.0,0.0,34.8,28.100000381469727,0.0,,,⚪ 관망,⑤ 하락 / 약세,-5.95,-20.26,-16.64,-31.62,-63.49,1,0.98,0.26,0.75,1.0,0.0,0.05,0.2,27.7,36.3,-5.0,8.67,0,1,-0.97,-5.66,-6.24,-2.86,-4.5,0,1,1.22,0.06,0,-1,49225.0,46972,-2.39,-0.1642,0.56,-2.69,True,X,▼,47132,▼,X,X,0.525,-8.831,14.0,0,12.1,0.0,1.9583333333333333,0.0,🔇 변동성 축소 (BW 8.7%). 🧱 구조적 지지선(Swing Low) 근접. 📉 매도세 우위. ,0,0,,,56.7,44.8,67.3,🌤 중립,1.철강·금속(+18.4%) / 2.반도체(+15.7%) / 3.IT/전기전자(+13.8%) / 4.조선·기계·설비(+12.6%) / 5.기타(+11.3%),5,461,20260109,20260109,28.76,11.79,-2.86,-31.62
011790,SKC,KOSPI,기타 화학제품 제조업,기타 화학제품 제조업,화학·소재,102200,193.2,0.0,⚪ 관망,False,False,False,102200,98600,109300,120230.00000000001,7.9,10.1,7.4,0.0,0.0,30.0,24.600000381469727,0.0,,,⚪ 관망,⑤ 하락 / 약세,-10.74,0.2,-21.43,-29.82,-43.03,0,0.98,0.35,0.9,1.0,0.0,0.18,0.27,39.7,30.5,-4.81,12.34,0,0,-2.01,-0.78,-4.66,-1.06,-1.08,0,0,2.58,0.09,0,-1,112300.0,106370,-3.92,-0.0273,0.95,-0.54,True,X,▲,105424,▼,X,X,-0.5652777777777778,-6.286944444444445,11.0,0,0.1,0.0,1.9722222222222223,0.0,🧱 구조적 지지선(Swing Low) 근접. 📉 매도세 우위. ,0,0,,,56.7,44.8,67.3,🌤 중립,1.철강·금속(+18.4%) / 2.반도체(+15.7%) / 3.IT/전기전자(+13.8%) / 4.조선·기계·설비(+12.6%) / 5.기타(+11.3%),5,462,20260109,20260109,28.76,11.79,-1.06,-29.82
036460,한국가스공사,KOSPI,연료용 가스 제조 및 배관공급업,연료용 가스 제조 및 배관공급업,기타,38200,73.39,0.0,⚪ 관망,False,False,False,38200,37200,40150,44165.0,6.1,7.5,5.8,0.0,0.0,36.5,19.200000762939453,0.0,,,⚪ 관망,④ 바닥 반등 시도,-8.94,-17.23,-19.63,-30.56,-60.46,0,0.97,0.26,0.75,1.0,0.08,0.07,0.18,18.0,20.7,-5.06,14.12,0,0,0.26,-0.52,-6.72,-1.8,-5.94,0,1,0.92,0.04,0,-1,40130.0,38523,-0.84,0.0481,0.48,-1.63,True,X,▼,38010,▼,O,X,6.702016806722689,14.332689075630253,5.0,0,12.0,8.5,1.95,0.0,🧱 구조적 지지선(Swing Low) 근접. 📉 매도세 우위. 🚀 단기 모멘텀 가속. 📉 과매도 기술적 반등 기대.,0,0,,,56.7,44.8,67.3,🌤 중립,1.철강·금속(+18.4%) / 2.반도체(+15.7%) / 3.IT/전기전자(+13.8%) / 4.조선·기계·설비(+12.6%) / 5.기타(+11.3%),4,463,20260109,20260109,28.76,11.79,-1.8,-30.56
030000,제일기획,KOSPI,광고업,광고업,미디어·콘텐츠,20300,51.21,0.0,⚪ 관망,False,False,False,20300,19740,21450,23595.000000000004,5.4,6.9,5.0,0.0,0.0,31.1,16.600000381469727,0.0,,,⚪ 관망,④ 바닥 반등 시도,-11.93,-9.38,-22.62,-29.74,-52.6,0,1.0,0.28,0.78,1.0,0.05,0.05,0.11,7.7,28.9,-7.86,20.3,0,0,0.0,-2.64,-10.96,-0.98,-11.04,0,0,0.92,0.05,0,-1,21965.0,20651,-1.7,0.0303,0.43,-0.15,True,X,▲,20215,▼,O,X,-3.63875,-0.5137499999999995,8.0,0,0.0,5.3,2.0535714285714284,0.0,🧱 구조적 지지선(Swing Low) 근접. 📉 매도세 우위. 🚀 단기 모멘텀 가속. 📉 과매도 기술적 반등 기대.,0,0,,,56.7,44.8,67.3,🌤 중립,1.철강·금속(+18.4%) / 2.반도체(+15.7%) / 3.IT/전기전자(+13.8%) / 4.조선·기계·설비(+12.6%) / 5.기타(+11.3%),4,464,20260109,20260109,28.76,11.79,-0.98,-29.74
088980,맥쿼리인프라,KOSPI,신탁업 및 집합투자업,신탁업 및 집합투자업,기타,11120,205.05,0.0,⚪ 관망,False,False,False,11120,10910,11530,12683.000000000002,4.3,10.1,2.8,0.4,0.4,36.1,8.399999618530273,0.0,,,⚪ 관망,④ 바닥 반등 시도,-4.63,-3.22,-15.32,-31.56,-46.45,0,0.97,0.18,0.62,1.0,0.06,0.19,0.3,18.8,16.9,-2.73,7.85,0,1,0.0,-0.63,-3.97,-2.8,-3.65,0,1,0.97,0.06,0,-1,11476.0,11158,-0.35,0.0367,0.6,-0.65,True,X,▼,11070,▼,O,X,6.702016806722689,14.332689075630253,5.0,0,12.1,6.5,1.9523809523809523,0.0,🔇 변동성 축소 (BW 7.8%). 🧱 구조적 지지선(Swing Low) 근접. 📉 매도세 우위. 🚀 단기 모멘텀 가속. ,0,0,,,56.7,44.8,67.3,🌤 중립,1.철강·금속(+18.4%) / 2.반도체(+15.7%) / 3.IT/전기전자(+13.8%) / 4.조선·기계·설비(+12.6%) / 5.기타(+11.3%),4,465,20260109,20260109,28.76,11.79,-2.8,-31.56
128660,피제이메탈,KOSDAQ,1차 비철금속 제조업,1차 비철금속 제조업,철강·금속,2765,116.54,0.0,🔫 트리거 임박,True,True,False,2765,2705,2880,3168.0000000000005,4.0,1.4,4.7,3.0,3.0,34.9,8.800000190734863,0.0,,,🔫 트리거 임박,④ 바닥 반등 시도,-1.07,-9.64,-2.85,-11.97,-28.22,4,0.96,0.21,0.67,1.0,0.0,0.11,0.31,44.6,66.3,-2.54,6.43,1,1,-1.95,-1.07,-3.49,-0.18,-0.36,0,1,1.87,0.0,0,1,2761.5,3034,-8.87,0.0013,0.57,-0.04,False,X,▼,2846,▼,X,X,10.6625,23.484166666666667,1.0,0,12.0,0.2,1.9166666666666667,0.0,🌪️ 에너지 응축 시작 (4일차). 📉 매도세 우위. 💸 자금 유입 지속. ,0,0,,,56.7,44.8,67.3,🌤 중립,1.철강·금속(+18.4%) / 2.반도체(+15.7%) / 3.IT/전기전자(+13.8%) / 4.조선·기계·설비(+12.6%) / 5.기타(+11.3%),4,466,20260109,20260109,28.76,11.79,-0.18,-11.97
