시장,종목명,종목코드,업종,종가,거래대금(억원),시가총액(억원),RSI14,MFI14,이격도,MACD_Hist,MACD_Slope,거래강도,ret_5d_%,ret_10d_%,ret_60d_%,idx_60d_%,rel_60d_%,EBS,통과,근거,추천매수가,손절가,추천매도가1,추천매도가2,업종_상세,업종_대분류,RR1,Now%,LDY_SCORE,ENTRY_SCORE,ROUTE,REGIME,AI_COMMENT,기준일,시총기준일,벤치_60d_KOSPI_%,벤치_60d_KOSDAQ_%,60일_종목수익률_%,60일_지수수익률_%,60일_초과수익(α)_%
KOSPI,LG에너지솔루션,373220,일차전지 및 이차전지 제조업,443500,1028.49,1037790.0,51.9,54.2,1.76,686.4424,1327.59447,0.68,6.87,7.26,27.81,27.1,0.71,6,★,"RSI적정, MACD상승, 20선근접, 정배열(단), 장기추세(120↑), MACD>Sig",443500,412500,490000,537000,일차전지 및 이차전지 제조업,2차전지,1.5,0.0,92.5,86.9,🔺 Watch (관찰·돌파예상),③ 박스 / 중립,🚀 상승 에너지가 폭발적으로 증가하는 중입니다. ✅ 20일선 부근의 안전한 눌림목 구간입니다. (강력 매수 추천),20251209,20251209,27.1,12.92,27.81,27.1,0.71
KOSPI,HD현대중공업,329180,선박 및 보트 건조업,577000,2022.61,512220.9,50.9,63.9,3.95,78.6912,3300.49292,1.09,10.96,5.29,14.48,27.1,-12.62,7,★,"RSI적정, MACD상승, 20선근접, 정배열(단), 장기추세(120↑), 자금유입(MFI), MACD>Sig",572000,532000,632000,692000,선박 및 보트 건조업,조선·기계·설비,1.5,0.8741258741258742,90.4,83.8,🔼 BRK (돌파),④ 바닥 반등 시도,💸 자금 유입이 꾸준히 이어지고 있습니다. 🚀 상승 에너지가 폭발적으로 증가하는 중입니다.  (강력 매수 추천),20251209,20251209,27.1,12.92,14.48,27.1,-12.62
KOSPI,일동제약,249420,의약품 제조업,29700,1323.68,9396.6,54.1,58.3,1.77,-228.3304,119.33937,2.04,5.32,3.3,37.18,27.1,10.08,6,★,"RSI적정, MACD상승, 20선근접, 거래량↑, 정배열(단), 장기추세(120↑)",29700,27600,32800,35950,의약품 제조업,바이오·의약품,1.4761904761904763,0.0,89.1,84.1,🔺 Watch (관찰·돌파예상),① 강한 상승 추세,🚀 상승 에너지가 폭발적으로 증가하는 중입니다. ✅ 20일선 부근의 안전한 눌림목 구간입니다. (매수 유효),20251209,20251209,27.1,12.92,37.18,27.1,10.08
KOSPI,SK하이닉스,000660,반도체 제조업,566000,13558.61,4120493.4,51.1,55.6,1.68,-2254.4674,1117.61558,0.6,1.43,9.06,96.53,27.1,69.43,5,★,"RSI적정, MACD상승, 20선근접, 정배열(단), 장기추세(120↑)",566000,526000,614000,665000,반도체 제조업,반도체,1.2,0.0,88.4,86.9,🔺 Watch (상승 준비),① 강한 상승 추세,🚀 상승 에너지가 폭발적으로 증가하는 중입니다. ✅ 20일선 부근의 안전한 눌림목 구간입니다. (매수 유효),20251209,20251209,27.1,12.92,96.53,27.1,69.43
KOSDAQ,삼천당제약,000250,의약품 제조업,227500,751.49,53365.7,55.7,58.5,3.57,194.5722,781.53624,2.63,0.44,11.52,12.62,12.92,-0.3,7,★,"RSI적정, MACD상승, 20선근접, 거래량↑, 정배열(단), 장기추세(120↑), MACD>Sig",226000,210500,250000,273500,의약품 제조업,바이오·의약품,1.5483870967741935,0.6637168141592921,85.4,84.9,🔺 Watch (상승 준비),③ 박스 / 중립,🚀 상승 에너지가 폭발적으로 증가하는 중입니다.  (매수 유효),20251209,20251209,27.1,12.92,12.62,12.92,-0.3
KOSPI,삼성SDI,006400,일차전지 및 이차전지 제조업,310000,862.46,249815.1,58.5,54.0,1.77,-794.9285,253.23607,0.71,1.64,8.96,53.85,27.1,26.75,5,★,"RSI적정, MACD상승, 20선근접, 정배열(단), 장기추세(120↑)",310000,290000,334000,360500,일차전지 및 이차전지 제조업,2차전지,1.2,0.0,84.7,83.1,🔺 Watch (관찰·돌파예상),① 강한 상승 추세,🚀 상승 에너지가 폭발적으로 증가하는 중입니다. ✅ 20일선 부근의 안전한 눌림목 구간입니다. (매수 유효),20251209,20251209,27.1,12.92,53.85,27.1,26.75
KOSPI,SK,034730,기타 금융업,272000,542.93,197207.4,58.2,71.3,4.04,323.7906,385.4074,0.75,5.22,9.24,22.52,27.1,-4.58,7,★,"RSI적정, MACD상승, 20선근접, 정배열(단), 장기추세(120↑), 자금유입(MFI), MACD>Sig",269500,250500,297500,326000,기타 금융업,금융,1.4736842105263157,0.927643784786642,84.6,83.6,🔼 BRK (돌파),③ 박스 / 중립,💰 외국인/기관의 강력한 수급이 집중되고 있습니다. 🚀 상승 에너지가 폭발적으로 증가하는 중입니다.  (매수 유효),20251209,20251209,27.1,12.92,22.52,27.1,-4.58
KOSPI,NAVER,035420,"자료처리, 호스팅, 포털 및 기타 인터넷 정보매개 서비스업",248000,1230.83,388994.5,49.6,48.7,-1.85,-689.1551,200.80456,0.56,2.06,-1.98,7.36,27.1,-19.74,3,,"RSI적정, MACD상승, 장기추세(120↑)",248000,231500,268000,290000,"자료처리, 호스팅, 포털 및 기타 인터넷 정보매개 서비스업",인터넷/플랫폼·게임,1.2121212121212122,0.0,83.8,77.9,🔺 Watch (관찰·돌파예상),④ 바닥 반등 시도,🚀 상승 에너지가 폭발적으로 증가하는 중입니다. ✅ 20일선 부근의 안전한 눌림목 구간입니다. (매수 유효),20251209,20251209,27.1,12.92,7.36,27.1,-19.74
KOSPI,한미반도체,042700,특수 목적용 기계 제조업,121300,735.45,115613.7,50.8,65.1,-1.63,-407.1835,222.67293,0.59,0.66,1.0,44.4,27.1,17.3,5,★,"RSI적정, MACD상승, 정배열(단), 장기추세(120↑), 자금유입(MFI)",121300,112800,131500,142500,특수 목적용 기계 제조업,반도체,1.2,0.0,82.8,82.5,🔺 Watch (상승 준비),① 강한 상승 추세,💸 자금 유입이 꾸준히 이어지고 있습니다. 🚀 상승 에너지가 폭발적으로 증가하는 중입니다. ✅ 20일선 부근의 안전한 눌림목 구간입니다. (매수 유효),20251209,20251209,27.1,12.92,44.4,27.1,17.3
KOSPI,두산,000150,기타 금융업,886000,663.65,143477.4,47.2,41.7,-1.44,-5649.9187,393.36455,0.59,3.99,6.75,45.72,27.1,18.62,4,★,"RSI적정, MACD상승, 정배열(단), 장기추세(120↑)",886000,824000,960000,1041000,기타 금융업,금융,1.1935483870967742,0.0,82.8,83.7,🔺 Watch (관찰·돌파예상),⑤ 하락 / 약세,🚀 상승 에너지가 폭발적으로 증가하는 중입니다. ✅ 20일선 부근의 안전한 눌림목 구간입니다. (매수 유효),20251209,20251209,27.1,12.92,45.72,27.1,18.62
KOSPI,효성중공업,298040,"전동기, 발전기 및 전기 변환 · 공급 · 제어 장치 제조업",1948000,648.66,181642.2,45.5,56.5,-2.23,-14332.6051,3690.158,0.55,4.67,0.41,55.59,27.1,28.49,4,★,"RSI적정, MACD상승, 정배열(단), 장기추세(120↑)",1948000,1812000,2112000,2289000,"전동기, 발전기 및 전기 변환 · 공급 · 제어 장치 제조업",인프라·에너지,1.2058823529411764,0.0,82.6,83.9,🔺 Watch (관찰·돌파예상),⑤ 하락 / 약세,🚀 상승 에너지가 폭발적으로 증가하는 중입니다.  (매수 유효),20251209,20251209,27.1,12.92,55.59,27.1,28.49
KOSPI,엘앤에프,066970,일차전지 및 이차전지 제조업,132300,880.03,52470.2,56.0,56.3,4.66,-247.6169,352.70391,1.16,2.48,16.46,112.02,27.1,84.92,5,★,"RSI적정, MACD상승, 20선근접, 정배열(단), 장기추세(120↑)",130200,121100,141100,153000,일차전지 및 이차전지 제조업,2차전지,1.1978021978021978,1.6129032258064515,82.5,79.8,🔺 Watch (관찰·돌파예상),① 강한 상승 추세,🚀 상승 에너지가 폭발적으로 증가하는 중입니다.  (매수 유효),20251209,20251209,27.1,12.92,112.02,27.1,84.92
KOSPI,SKC,011790,기타 화학제품 제조업,114500,436.78,43359.2,58.5,57.0,2.18,84.7476,340.45518,2.02,3.62,7.11,17.08,27.1,-10.02,7,★,"RSI적정, MACD상승, 20선근접, 거래량↑, 정배열(단), 장기추세(120↑), MACD>Sig",114500,108000,124200,133800,기타 화학제품 제조업,화학·소재,1.4923076923076923,0.0,81.7,85.9,🔺 Watch (관찰·돌파예상),④ 바닥 반등 시도,🚀 상승 에너지가 폭발적으로 증가하는 중입니다.  (매수 유효),20251209,20251209,27.1,12.92,17.08,27.1,-10.02
KOSPI,LG화학,051910,기초 화학물질 제조업,379500,670.08,267897.9,45.6,54.0,-1.32,-1921.5385,166.43546,0.57,2.15,4.55,29.52,27.1,2.42,4,★,"RSI적정, MACD상승, 정배열(단), 장기추세(120↑)",379500,353000,411500,446000,기초 화학물질 제조업,화학·소재,1.2075471698113207,0.0,81.6,81.1,🔺 Watch (관찰·돌파예상),③ 박스 / 중립,🚀 상승 에너지가 폭발적으로 증가하는 중입니다. ✅ 20일선 부근의 안전한 눌림목 구간입니다. (매수 유효),20251209,20251209,27.1,12.92,29.52,27.1,2.42
KOSPI,산일전기,062040,"전동기, 발전기 및 전기 변환 · 공급 · 제어 장치 제조업",149200,408.7,45424.2,56.8,79.2,4.67,536.336,163.47437,0.78,0.27,11.43,42.37,27.1,15.27,7,★,"RSI적정, MACD상승, 20선근접, 정배열(단), 장기추세(120↑), 자금유입(MFI), MACD>Sig",146800,136500,162200,177700,"전동기, 발전기 및 전기 변환 · 공급 · 제어 장치 제조업",인프라·에너지,1.4951456310679612,1.6348773841961852,81.6,80.6,🔺 Watch (상승 준비),① 강한 상승 추세,💰 외국인/기관의 강력한 수급이 집중되고 있습니다. 🚀 상승 에너지가 폭발적으로 증가하는 중입니다.  (매수 유효),20251209,20251209,27.1,12.92,42.37,27.1,15.27
KOSPI,삼성중공업,010140,선박 및 보트 건조업,27050,2232.02,238040.0,61.5,72.4,6.23,79.1766,134.6436,2.25,10.41,9.07,28.5,27.1,1.4,7,★,"RSI적정, MACD상승, 거래량↑, 정배열(단), 장기추세(120↑), 자금유입(MFI), MACD>Sig",26250,24400,29000,31750,선박 및 보트 건조업,조선·기계·설비,1.4864864864864864,3.0476190476190474,81.3,72.2,🔼 BRK (돌파),③ 박스 / 중립,💰 외국인/기관의 강력한 수급이 집중되고 있습니다. 🚀 상승 에너지가 폭발적으로 증가하는 중입니다. ⚠️ 단기 급등으로 인한 조정 가능성을 염두에 두세요. (매수 유효),20251209,20251209,27.1,12.92,28.5,27.1,1.4
KOSDAQ,삼영엠텍,054540,"구조용 금속제품, 탱크 및 증기발생기 제조업",15430,745.31,2005.9,43.1,71.1,2.62,40.5611,83.48659,1.77,3.49,15.15,25.86,12.92,12.94,6,★,"MACD상승, 20선근접, 거래량↑, 장기추세(120↑), 자금유입(MFI), MACD>Sig",15430,14350,17050,18670,"구조용 금속제품, 탱크 및 증기발생기 제조업",기타,1.5,0.0,81.2,82.1,🔺 Watch (관찰·돌파예상),⑤ 하락 / 약세,💰 외국인/기관의 강력한 수급이 집중되고 있습니다. 📈 상승 추세가 견고하게 유지되고 있습니다.  (매수 유효),20251209,20251209,27.1,12.92,25.86,12.92,12.94
KOSDAQ,심텍,222800,전자부품 제조업,53700,549.44,19867.4,47.2,68.6,0.15,15.828,-131.43226,0.92,3.07,2.48,89.42,12.92,76.5,6,★,"RSI적정, 20선근접, 정배열(단), 장기추세(120↑), 자금유입(MFI), MACD>Sig",53700,49950,59300,65000,전자부품 제조업,IT/전기전자,1.4933333333333334,0.0,81.0,82.7,↩️ PULL (눌림),② 상승 후 조정,💸 자금 유입이 꾸준히 이어지고 있습니다. ✅ 20일선 부근의 안전한 눌림목 구간입니다. (매수 유효),20251209,20251209,27.1,12.92,89.42,12.92,76.5
KOSPI,SK이노베이션,096770,석유 정제품 제조업,117300,255.37,198298.9,51.4,48.6,0.27,54.3778,190.33154,0.9,1.56,5.68,10.04,27.1,-17.06,6,★,"RSI적정, MACD상승, 20선근접, 정배열(단), 장기추세(120↑), MACD>Sig",117300,110400,127600,137900,석유 정제품 제조업,기타,1.4927536231884058,0.0,80.7,84.7,🔺 Watch (관찰·돌파예상),④ 바닥 반등 시도,🚀 상승 에너지가 폭발적으로 증가하는 중입니다. ✅ 20일선 부근의 안전한 눌림목 구간입니다. (매수 유효),20251209,20251209,27.1,12.92,10.04,27.1,-17.06
KOSPI,HD한국조선해양,009540,기타 금융업,447500,1081.44,316709.7,60.4,57.3,4.97,2494.2874,1280.3628,1.2,8.35,6.55,8.09,27.1,-19.01,5,★,"RSI적정, MACD상승, 20선근접, 장기추세(120↑), MACD>Sig",439000,408500,476000,516000,기타 금융업,금융,1.2131147540983607,1.9362186788154898,80.3,73.7,🔼 BRK (돌파),④ 바닥 반등 시도,🚀 상승 에너지가 폭발적으로 증가하는 중입니다.  (매수 유효),20251209,20251209,27.1,12.92,8.09,27.1,-19.01
KOSPI,POSCO홀딩스,005490,1차 철강 제조업,315000,747.89,254938.8,51.0,44.8,0.83,-86.1156,186.21474,0.78,1.94,4.65,10.92,27.1,-16.18,5,★,"RSI적정, MACD상승, 20선근접, 정배열(단), 장기추세(120↑)",315000,297000,337000,360500,1차 철강 제조업,철강·금속,1.2222222222222223,0.0,80.3,78.9,🔺 Watch (관찰·돌파예상),④ 바닥 반등 시도,🚀 상승 에너지가 폭발적으로 증가하는 중입니다. ✅ 20일선 부근의 안전한 눌림목 구간입니다. (매수 유효),20251209,20251209,27.1,12.92,10.92,27.1,-16.18
KOSPI,한화오션,042660,선박 및 보트 건조업,115200,1392.08,352988.2,39.6,36.7,-1.54,-242.2692,612.80557,0.83,8.58,1.95,4.73,27.1,-22.37,2,,"MACD상승, 장기추세(120↑)",115200,107100,124900,135400,선박 및 보트 건조업,조선·기계·설비,1.1975308641975309,0.0,80.0,77.1,🔺 Watch (관찰·돌파예상),④ 바닥 반등 시도,🚀 상승 에너지가 폭발적으로 증가하는 중입니다. ✅ 20일선 부근의 안전한 눌림목 구간입니다. (매수 유효),20251209,20251209,27.1,12.92,4.73,27.1,-22.37
KOSPI,HJ중공업,097230,토목 건설업,22700,423.82,20497.0,57.8,65.6,4.56,313.1785,41.09833,0.98,-3.4,12.1,-16.7,27.1,-43.8,6,★,"RSI적정, MACD상승, 20선근접, 장기추세(120↑), 자금유입(MFI), MACD>Sig",22350,20800,24700,27050,토목 건설업,건설·부동산,1.5161290322580645,1.5659955257270695,79.9,77.8,🔺 Watch (상승 준비),④ 바닥 반등 시도,💸 자금 유입이 꾸준히 이어지고 있습니다. 📈 상승 추세가 견고하게 유지되고 있습니다. ,20251209,20251209,27.1,12.92,-16.7,27.1,-43.8
KOSDAQ,올릭스,226950,자연과학 및 공학 연구개발업,125000,1345.8,25143.5,43.4,36.6,-4.28,-2548.8849,446.31118,1.13,-3.85,-0.87,34.26,12.92,21.34,3,,"MACD상승, 정배열(단), 장기추세(120↑)",125000,116200,135500,146900,자연과학 및 공학 연구개발업,기타,1.1931818181818181,0.0,79.5,78.0,↩️ PULL (눌림),⑤ 하락 / 약세,🚀 상승 에너지가 폭발적으로 증가하는 중입니다. ,20251209,20251209,27.1,12.92,34.26,12.92,21.34
KOSPI,세진중공업,075580,선박 및 보트 건조업,18690,221.44,10625.2,49.3,56.7,0.78,91.7469,87.70389,1.33,5.0,3.43,-18.92,27.1,-46.02,6,★,"RSI적정, MACD상승, 20선근접, 거래량↑, 장기추세(120↑), MACD>Sig",18690,17380,20650,22600,선박 및 보트 건조업,조선·기계·설비,1.4961832061068703,0.0,79.4,83.2,🔺 Watch (관찰·돌파예상),④ 바닥 반등 시도,📈 상승 추세가 견고하게 유지되고 있습니다. ✅ 20일선 부근의 안전한 눌림목 구간입니다.,20251209,20251209,27.1,12.92,-18.92,27.1,-46.02
KOSPI,두산에너빌리티,034020,일반 목적용 기계 제조업,76700,2102.83,491310.4,54.5,53.1,-0.29,93.1141,-73.5268,0.68,2.27,4.35,23.31,27.1,-3.79,5,★,"RSI적정, 20선근접, 정배열(단), 장기추세(120↑), MACD>Sig",76700,71300,83100,90100,일반 목적용 기계 제조업,조선·기계·설비,1.1851851851851851,0.0,78.7,74.8,↩️ PULL (눌림),③ 박스 / 중립,✅ 20일선 부근의 안전한 눌림목 구간입니다.,20251209,20251209,27.1,12.92,23.31,27.1,-3.79
KOSDAQ,강원에너지,114190,기타 전기장비 제조업,15970,122.31,4171.8,51.1,74.5,2.76,-41.516,63.85048,0.79,5.55,12.86,36.96,12.92,24.04,6,★,"RSI적정, MACD상승, 20선근접, 정배열(단), 장기추세(120↑), 자금유입(MFI)",15970,14850,17650,19320,기타 전기장비 제조업,IT/전기전자,1.5,0.0,78.6,84.8,🔺 Watch (관찰·돌파예상),① 강한 상승 추세,💰 외국인/기관의 강력한 수급이 집중되고 있습니다. 📈 상승 추세가 견고하게 유지되고 있습니다. ,20251209,20251209,27.1,12.92,36.96,12.92,24.04
KOSPI,HD현대일렉트릭,267260,"전동기, 발전기 및 전기 변환 · 공급 · 제어 장치 제조업",848000,856.65,305679.7,59.5,57.8,5.3,2115.131,2083.56464,0.65,8.58,8.72,64.34,27.1,37.24,5,★,"RSI적정, MACD상승, 정배열(단), 장기추세(120↑), MACD>Sig",829000,771000,899000,975000,"전동기, 발전기 및 전기 변환 · 공급 · 제어 장치 제조업",인프라·에너지,1.206896551724138,2.2919179734620023,78.4,74.1,🔼 BRK (돌파),① 강한 상승 추세,🚀 상승 에너지가 폭발적으로 증가하는 중입니다. ⚠️ 단기 급등으로 인한 조정 가능성을 염두에 두세요.,20251209,20251209,27.1,12.92,64.34,27.1,37.24
KOSPI,한국전력,015760,전기업,50800,1316.09,326117.8,61.6,43.9,1.43,-246.0543,-79.46087,0.47,-0.2,-1.36,33.33,27.1,6.23,4,★,"RSI적정, 20선근접, 정배열(단), 장기추세(120↑)",50800,47250,55100,59700,전기업,기타,1.2112676056338028,0.0,78.3,75.2,↩️ PULL (눌림),② 상승 후 조정,✅ 20일선 부근의 안전한 눌림목 구간입니다.,20251209,20251209,27.1,12.92,33.33,27.1,6.23
KOSDAQ,원익IPS,240810,특수 목적용 기계 제조업,61800,125.4,30333.9,52.6,66.3,-0.77,-290.4383,70.67436,0.43,0.16,3.0,50.36,12.92,37.44,6,★,"RSI적정, MACD상승, 20선근접, 정배열(단), 장기추세(120↑), 자금유입(MFI)",61800,57500,68300,74800,특수 목적용 기계 제조업,조선·기계·설비,1.5116279069767442,0.0,78.3,84.8,🔺 Watch (상승 준비),① 강한 상승 추세,💸 자금 유입이 꾸준히 이어지고 있습니다. 📈 상승 추세가 견고하게 유지되고 있습니다. ✅ 20일선 부근의 안전한 눌림목 구간입니다.,20251209,20251209,27.1,12.92,50.36,12.92,37.44
KOSPI,현대로템,064350,철도장비 제조업,192200,1742.79,209771.5,54.9,62.2,4.59,2465.6563,798.07228,1.33,13.39,8.47,-7.37,27.1,-34.47,5,★,"RSI적정, MACD상승, 20선근접, 거래량↑, 자금유입(MFI), MACD>Sig",189300,176000,205000,222500,철도장비 제조업,기타,1.1804511278195489,1.531959852086635,78.1,75.2,🔼 BRK (돌파),④ 바닥 반등 시도,💸 자금 유입이 꾸준히 이어지고 있습니다. 🚀 상승 에너지가 폭발적으로 증가하는 중입니다. ,20251209,20251209,27.1,12.92,-7.37,27.1,-34.47
KOSPI,이수화학,005950,기초 화학물질 제조업,10050,167.87,2642.6,51.4,70.4,4.51,-24.2721,43.07867,1.22,7.6,13.05,79.46,27.1,52.36,7,★,"RSI적정, MACD상승, 20선근접, 거래량↑, 정배열(단), 장기추세(120↑), 자금유입(MFI)",9900,9210,10950,11990,기초 화학물질 제조업,화학·소재,1.5217391304347827,1.5151515151515151,77.9,80.8,🔼 BRK (돌파),① 강한 상승 추세,💰 외국인/기관의 강력한 수급이 집중되고 있습니다. 📈 상승 추세가 견고하게 유지되고 있습니다. ,20251209,20251209,27.1,12.92,79.46,27.1,52.36
KOSPI,키움증권,039490,금융 지원 서비스업,285000,130.99,75759.3,60.7,64.0,1.72,759.3895,77.55724,0.47,2.52,5.95,23.38,27.1,-3.72,7,★,"RSI적정, MACD상승, 20선근접, 정배열(단), 장기추세(120↑), 자금유입(MFI), MACD>Sig",285000,265000,315000,345000,금융 지원 서비스업,금융,1.5,0.0,77.9,83.2,🔺 Watch (관찰·돌파예상),③ 박스 / 중립,💸 자금 유입이 꾸준히 이어지고 있습니다. 📈 상승 추세가 견고하게 유지되고 있습니다. ✅ 20일선 부근의 안전한 눌림목 구간입니다.,20251209,20251209,27.1,12.92,23.38,27.1,-3.72
KOSPI,한온시스템,018880,일반 목적용 기계 제조업,3695,151.97,25080.3,56.7,50.1,-0.7,-10.6407,1.63971,1.31,0.0,4.67,15.58,27.1,-11.52,6,★,"RSI적정, MACD상승, 20선근접, 거래량↑, 정배열(단), 장기추세(120↑)",3695,3435,4085,4470,일반 목적용 기계 제조업,조선·기계·설비,1.5,0.0,77.7,81.7,↩️ PULL (눌림),④ 바닥 반등 시도,📈 상승 추세가 견고하게 유지되고 있습니다. ✅ 20일선 부근의 안전한 눌림목 구간입니다.,20251209,20251209,27.1,12.92,15.58,27.1,-11.52
KOSDAQ,디앤디파마텍,347850,자연과학 및 공학 연구개발업,84900,1784.93,36868.1,45.7,42.5,-7.64,-2664.6745,-428.52035,1.2,-9.0,-15.35,104.5,12.92,91.58,3,,"RSI적정, 정배열(단), 장기추세(120↑)",84900,79000,92000,99800,자연과학 및 공학 연구개발업,기타,1.2033898305084745,0.0,77.4,75.9,🔁 MR (반전),② 상승 후 조정,📉 과매도 구간으로 기술적 반등이 기대됩니다.,20251209,20251209,27.1,12.92,104.5,12.92,91.58
KOSPI,LG,003550,기타 금융업,83300,187.19,128466.6,59.6,44.1,2.49,310.8221,19.90357,0.82,4.13,6.25,7.9,27.1,-19.2,6,★,"RSI적정, MACD상승, 20선근접, 정배열(단), 장기추세(120↑), MACD>Sig",83300,78600,90300,97400,기타 금융업,금융,1.4893617021276595,0.0,77.2,81.0,🔺 Watch (관찰·돌파예상),④ 바닥 반등 시도,📈 상승 추세가 견고하게 유지되고 있습니다. ,20251209,20251209,27.1,12.92,7.9,27.1,-19.2
KOSPI,한솔케미칼,014680,기초 화학물질 제조업,240000,112.81,27204.5,60.3,67.9,4.01,-102.3239,105.84815,0.83,-2.24,3.9,39.13,27.1,12.03,6,★,"RSI적정, MACD상승, 20선근접, 정배열(단), 장기추세(120↑), 자금유입(MFI)",237500,221000,262500,287500,기초 화학물질 제조업,화학·소재,1.5151515151515151,1.0526315789473684,76.9,80.7,🔺 Watch (상승 준비),① 강한 상승 추세,💸 자금 유입이 꾸준히 이어지고 있습니다. 🚀 상승 에너지가 폭발적으로 증가하는 중입니다. ,20251209,20251209,27.1,12.92,39.13,27.1,12.03
KOSDAQ,HLB,028300,의료용품 및 기타 의약 관련제품 제조업,49350,120.08,65059.6,61.3,64.8,2.9,81.152,7.03954,0.54,-2.66,7.75,29.87,12.92,16.95,7,★,"RSI적정, MACD상승, 20선근접, 정배열(단), 장기추세(120↑), 자금유입(MFI), MACD>Sig",49350,46000,54400,59500,의료용품 및 기타 의약 관련제품 제조업,바이오·의약품,1.507462686567164,0.0,76.8,82.8,↩️ PULL (눌림),① 강한 상승 추세,💸 자금 유입이 꾸준히 이어지고 있습니다. 📈 상승 추세가 견고하게 유지되고 있습니다. ,20251209,20251209,27.1,12.92,29.87,12.92,16.95
KOSPI,KB금융,105560,기타 금융업,126000,1290.06,480642.2,57.5,66.9,-0.38,-44.9627,-268.52582,1.01,-4.55,3.53,14.65,27.1,-12.45,5,★,"RSI적정, 20선근접, 정배열(단), 장기추세(120↑), 자금유입(MFI)",126000,118600,134900,144600,기타 금융업,금융,1.2027027027027026,0.0,76.7,72.6,🔁 MR (반전),⑤ 하락 / 약세,💸 자금 유입이 꾸준히 이어지고 있습니다. ✅ 20일선 부근의 안전한 눌림목 구간입니다.,20251209,20251209,27.1,12.92,14.65,27.1,-12.45
KOSDAQ,휴림로봇,090710,특수 목적용 기계 제조업,5670,295.58,6773.2,61.2,72.5,5.7,30.9184,5.11523,0.57,5.78,18.87,111.57,12.92,98.65,6,★,"RSI적정, MACD상승, 정배열(단), 장기추세(120↑), 자금유입(MFI), MACD>Sig",5530,5140,6110,6690,특수 목적용 기계 제조업,조선·기계·설비,1.4871794871794872,2.5316455696202533,76.2,77.1,🔼 BRK (돌파),① 강한 상승 추세,💰 외국인/기관의 강력한 수급이 집중되고 있습니다. 📈 상승 추세가 견고하게 유지되고 있습니다. ⚠️ 단기 급등으로 인한 조정 가능성을 염두에 두세요.,20251209,20251209,27.1,12.92,111.57,12.92,98.65
KOSPI,HD현대건설기계,267270,일반 목적용 기계 제조업,97000,108.2,16836.9,64.7,65.6,3.64,613.3435,21.06263,0.93,2.21,4.64,2.21,27.1,-24.89,6,★,"RSI적정, MACD상승, 20선근접, 장기추세(120↑), 자금유입(MFI), MACD>Sig",96400,89700,106500,116600,일반 목적용 기계 제조업,조선·기계·설비,1.507462686567164,0.6224066390041494,76.2,79.9,🔻 REV (역추세 반등),④ 바닥 반등 시도,💸 자금 유입이 꾸준히 이어지고 있습니다. 📈 상승 추세가 견고하게 유지되고 있습니다. ,20251209,20251209,27.1,12.92,2.21,27.1,-24.89
KOSPI,HD현대,267250,기타 금융업,214500,340.61,169440.2,53.9,47.5,3.17,-414.5827,832.66697,0.87,12.66,5.93,45.92,27.1,18.82,5,★,"RSI적정, MACD상승, 20선근접, 정배열(단), 장기추세(120↑)",214000,199200,232000,251500,기타 금융업,금융,1.2162162162162162,0.23364485981308408,76.1,82.8,🔺 Watch (관찰·돌파예상),① 강한 상승 추세,🚀 상승 에너지가 폭발적으로 증가하는 중입니다. ,20251209,20251209,27.1,12.92,45.92,27.1,18.82
KOSPI,삼성바이오로직스,207940,기초 의약물질 제조업,1660000,740.78,768429.8,32.6,20.8,-3.1,-10725.3136,3378.92084,0.68,0.36,2.03,8.35,27.1,-18.75,3,,"MACD상승, 정배열(단), 장기추세(120↑)",1660000,1544000,1799000,1950000,기초 의약물질 제조업,바이오·의약품,1.1982758620689655,0.0,76.0,77.1,🔺 Watch (상승 준비),④ 바닥 반등 시도,🚀 상승 에너지가 폭발적으로 증가하는 중입니다. ,20251209,20251209,27.1,12.92,8.35,27.1,-18.75
KOSPI,LS,006260,기타 금융업,188900,184.1,59881.3,48.0,47.7,0.67,673.6325,433.37496,0.58,8.5,6.48,5.3,27.1,-21.8,5,★,"RSI적정, MACD상승, 20선근접, 장기추세(120↑), MACD>Sig",188900,175700,205000,222000,기타 금융업,금융,1.2196969696969697,0.0,76.0,83.2,🔺 Watch (관찰·돌파예상),④ 바닥 반등 시도,🚀 상승 에너지가 폭발적으로 증가하는 중입니다. ✅ 20일선 부근의 안전한 눌림목 구간입니다.,20251209,20251209,27.1,12.92,5.3,27.1,-21.8
KOSPI,삼성화재,000810,보험업,500000,356.42,230055.8,64.0,64.5,2.32,1226.908,-511.16498,0.87,0.6,5.71,7.41,27.1,-19.69,6,★,"RSI적정, 20선근접, 정배열(단), 장기추세(120↑), 자금유입(MFI), MACD>Sig",500000,467000,550000,599000,보험업,금융,1.5151515151515151,0.0,75.6,78.9,↩️ PULL (눌림),⑤ 하락 / 약세,💸 자금 유입이 꾸준히 이어지고 있습니다. ,20251209,20251209,27.1,12.92,7.41,27.1,-19.69
KOSDAQ,중앙첨단소재,051980,통신 및 방송 장비 제조업,3005,165.11,3338.3,58.3,70.0,3.81,23.8092,9.98231,2.05,3.8,19.48,16.7,12.92,3.78,7,★,"RSI적정, MACD상승, 20선근접, 거래량↑, 장기추세(120↑), 자금유입(MFI), MACD>Sig",2980,2775,3295,3610,통신 및 방송 장비 제조업,IT/전기전자,1.5365853658536586,0.8389261744966443,75.6,80.4,🔼 BRK (돌파),③ 박스 / 중립,💰 외국인/기관의 강력한 수급이 집중되고 있습니다. 📈 상승 추세가 견고하게 유지되고 있습니다. ,20251209,20251209,27.1,12.92,16.7,12.92,3.78
KOSPI,한국항공우주,047810,"항공기,우주선 및 부품 제조업",109000,359.61,106247.9,54.5,40.7,1.61,-27.6638,69.86011,0.52,3.42,0.37,14.62,27.1,-12.48,5,★,"RSI적정, MACD상승, 20선근접, 정배열(단), 장기추세(120↑)",109000,101400,118200,128100,"항공기,우주선 및 부품 제조업",기타,1.2105263157894737,0.0,75.2,78.8,🔺 Watch (관찰·돌파예상),④ 바닥 반등 시도,📈 상승 추세가 견고하게 유지되고 있습니다. ✅ 20일선 부근의 안전한 눌림목 구간입니다.,20251209,20251209,27.1,12.92,14.62,27.1,-12.48
KOSDAQ,에이비엘바이오,298380,기초 의약물질 제조업,186200,1194.95,102643.1,61.4,67.2,4.3,-1604.3141,-977.55709,0.34,-6.85,12.17,80.78,12.92,67.86,5,★,"RSI적정, 20선근접, 정배열(단), 장기추세(120↑), 자금유입(MFI)",183900,171000,199300,216000,기초 의약물질 제조업,기타,1.193798449612403,1.2506797172376292,74.9,73.1,🔺 Watch (상승 준비),② 상승 후 조정,💸 자금 유입이 꾸준히 이어지고 있습니다. ,20251209,20251209,27.1,12.92,80.78,12.92,67.86
KOSPI,하이브,352820,오디오물 출판 및 원판 녹음업,291000,424.25,123855.3,52.6,54.0,-0.69,-460.0341,41.50484,0.68,-2.35,3.74,0.34,27.1,-26.76,5,★,"RSI적정, MACD상승, 20선근접, 정배열(단), 장기추세(120↑)",291000,273000,312500,336000,오디오물 출판 및 원판 녹음업,미디어·콘텐츠,1.1944444444444444,0.0,74.4,76.5,↩️ PULL (눌림),④ 바닥 반등 시도,📈 상승 추세가 견고하게 유지되고 있습니다. ✅ 20일선 부근의 안전한 눌림목 구간입니다.,20251209,20251209,27.1,12.92,0.34,27.1,-26.76
KOSPI,한화엔진,082740,일반 목적용 기계 제조업,46400,846.24,38719.5,63.3,65.0,8.36,417.5504,199.6678,1.93,8.54,10.08,8.28,27.1,-18.82,6,★,"RSI적정, MACD상승, 거래량↑, 장기추세(120↑), 자금유입(MFI), MACD>Sig",44100,41000,48750,53400,일반 목적용 기계 제조업,조선·기계·설비,1.5,5.215419501133787,74.1,63.3,🔼 BRK (돌파),④ 바닥 반등 시도,💸 자금 유입이 꾸준히 이어지고 있습니다. 🚀 상승 에너지가 폭발적으로 증가하는 중입니다. ⚠️ 단기 급등으로 인한 조정 가능성을 염두에 두세요.,20251209,20251209,27.1,12.92,8.28,27.1,-18.82
KOSPI,셀트리온,068270,기초 의약물질 제조업,187300,650.19,432589.9,54.7,46.0,0.6,-263.9382,168.2088,0.36,1.68,2.63,10.5,27.1,-16.6,5,★,"RSI적정, MACD상승, 20선근접, 정배열(단), 장기추세(120↑)",187300,178200,198200,210000,기초 의약물질 제조업,바이오·의약품,1.1978021978021978,0.0,74.0,76.1,🔺 Watch (관찰·돌파예상),④ 바닥 반등 시도,🚀 상승 에너지가 폭발적으로 증가하는 중입니다. ✅ 20일선 부근의 안전한 눌림목 구간입니다.,20251209,20251209,27.1,12.92,10.5,27.1,-16.6
KOSPI,대한전선,001440,절연선 및 케이블 제조업,22850,315.51,42603.2,49.0,56.0,-1.64,-178.8797,29.72681,0.36,0.22,4.58,48.28,27.1,21.18,4,★,"RSI적정, MACD상승, 정배열(단), 장기추세(120↑)",22850,21250,24750,26850,절연선 및 케이블 제조업,기타,1.1875,0.0,73.9,79.1,🔺 Watch (상승 준비),⑤ 하락 / 약세,📈 상승 추세가 견고하게 유지되고 있습니다. ✅ 20일선 부근의 안전한 눌림목 구간입니다.,20251209,20251209,27.1,12.92,48.28,27.1,21.18
KOSPI,파미셀,005690,기초 의약물질 제조업,16790,303.42,10076.8,46.7,49.7,-2.44,-158.0002,15.73084,0.49,2.0,4.68,46.77,27.1,19.67,4,★,"RSI적정, MACD상승, 정배열(단), 장기추세(120↑)",16790,15610,18200,19730,기초 의약물질 제조업,기타,1.194915254237288,0.0,73.9,79.0,🔺 Watch (관찰·돌파예상),⑤ 하락 / 약세,📈 상승 추세가 견고하게 유지되고 있습니다. ,20251209,20251209,27.1,12.92,46.77,27.1,19.67
KOSPI,HD현대마린솔루션,443060,"건축기술, 엔지니어링 및 관련 기술 서비스업",202000,246.95,90555.0,49.7,26.3,1.37,1203.1969,936.39079,0.55,11.17,7.56,-6.05,27.1,-33.15,3,,"RSI적정, MACD상승, 20선근접, MACD>Sig",202000,187900,219000,237500,"건축기술, 엔지니어링 및 관련 기술 서비스업",서비스 기타,1.2056737588652482,0.0,73.9,80.3,🔺 Watch (관찰·돌파예상),④ 바닥 반등 시도,🚀 상승 에너지가 폭발적으로 증가하는 중입니다. ✅ 20일선 부근의 안전한 눌림목 구간입니다.,20251209,20251209,27.1,12.92,-6.05,27.1,-33.15
KOSPI,코오롱모빌리티그룹,450140,자동차 판매업,10840,544.71,6805.1,53.9,80.8,-0.28,286.5465,-225.27241,1.15,-9.67,3.34,236.12,27.1,209.02,5,★,"RSI적정, 20선근접, 장기추세(120↑), 자금유입(MFI), MACD>Sig",10840,10080,11750,12740,자동차 판매업,자동차·모빌리티,1.1973684210526316,0.0,73.8,78.9,🔁 MR (반전),② 상승 후 조정,💰 외국인/기관의 강력한 수급이 집중되고 있습니다. ✅ 20일선 부근의 안전한 눌림목 구간입니다.,20251209,20251209,27.1,12.92,236.12,27.1,209.02
KOSPI,미래에셋증권,006800,금융 지원 서비스업,21650,389.54,123473.5,45.1,54.0,-2.66,-17.5151,1.81213,0.55,-0.46,3.1,-1.59,27.1,-28.69,3,,"RSI적정, MACD상승, 장기추세(120↑)",21650,20150,23450,25450,금융 지원 서비스업,금융,1.2,0.0,73.8,74.8,↩️ PULL (눌림),④ 바닥 반등 시도,📈 상승 추세가 견고하게 유지되고 있습니다. ,20251209,20251209,27.1,12.92,-1.59,27.1,-28.69
KOSDAQ,이오테크닉스,039030,특수 목적용 기계 제조업,272000,189.66,33509.2,48.5,72.0,0.34,340.3177,-523.78928,0.68,-1.45,10.12,28.61,12.92,15.69,6,★,"RSI적정, 20선근접, 정배열(단), 장기추세(120↑), 자금유입(MFI), MACD>Sig",272000,253000,300500,329000,특수 목적용 기계 제조업,조선·기계·설비,1.5,0.0,73.6,80.3,↩️ PULL (눌림),② 상승 후 조정,💰 외국인/기관의 강력한 수급이 집중되고 있습니다. ✅ 20일선 부근의 안전한 눌림목 구간입니다.,20251209,20251209,27.1,12.92,28.61,12.92,15.69
KOSPI,LS ELECTRIC,010120,"전동기, 발전기 및 전기 변환 · 공급 · 제어 장치 제조업",492000,770.24,147600.0,53.3,58.5,4.31,441.0394,-835.99055,0.75,4.13,11.82,68.21,27.1,41.11,5,★,"RSI적정, 20선근접, 정배열(단), 장기추세(120↑), MACD>Sig",486000,452000,527000,571000,"전동기, 발전기 및 전기 변환 · 공급 · 제어 장치 제조업",인프라·에너지,1.2058823529411764,1.2345679012345678,73.3,71.9,🔺 Watch (상승 준비),② 상승 후 조정,특이사항 없음. 기술적 지표를 참고하세요.,20251209,20251209,27.1,12.92,68.21,27.1,41.11
KOSPI,SK오션플랜트,100090,1차 철강 제조업,18960,227.21,11845.9,48.1,50.9,0.46,111.0854,82.02114,1.88,4.0,1.07,-20.67,27.1,-47.77,4,★,"RSI적정, MACD상승, 20선근접, 거래량↑, MACD>Sig",18960,17640,20550,22250,1차 철강 제조업,철강·금속,1.2045454545454546,0.0,73.3,78.9,🔺 Watch (관찰·돌파예상),④ 바닥 반등 시도,📈 상승 추세가 견고하게 유지되고 있습니다. ✅ 20일선 부근의 안전한 눌림목 구간입니다.,20251209,20251209,27.1,12.92,-20.67,27.1,-47.77
KOSDAQ,아이씨티케이,456010,반도체 제조업,15690,122.4,2105.7,53.0,67.3,5.4,187.521,47.68106,1.69,10.18,21.53,36.55,12.92,23.63,6,★,"RSI적정, MACD상승, 거래량↑, 장기추세(120↑), 자금유입(MFI), MACD>Sig",15330,14260,16940,18550,반도체 제조업,반도체,1.5046728971962617,2.3483365949119372,72.8,76.4,🔼 BRK (돌파),① 강한 상승 추세,💸 자금 유입이 꾸준히 이어지고 있습니다. 📈 상승 추세가 견고하게 유지되고 있습니다. ⚠️ 단기 급등으로 인한 조정 가능성을 염두에 두세요.,20251209,20251209,27.1,12.92,36.55,12.92,23.63
KOSDAQ,휴젤,145020,기초 의약물질 제조업,227500,117.22,27991.7,51.3,47.1,0.12,1823.1737,252.85623,0.91,-1.94,5.57,-31.27,12.92,-44.19,3,,"RSI적정, MACD상승, 20선근접, MACD>Sig",227500,211500,246500,267500,기초 의약물질 제조업,기타,1.1875,0.0,72.8,79.6,↩️ PULL (눌림),④ 바닥 반등 시도,🚀 상승 에너지가 폭발적으로 증가하는 중입니다. ✅ 20일선 부근의 안전한 눌림목 구간입니다.,20251209,20251209,27.1,12.92,-31.27,12.92,-44.19
KOSPI,대덕전자,353200,전자부품 제조업,49000,499.12,24214.3,43.2,49.7,-1.13,-799.9374,81.4553,0.61,3.16,-7.37,93.68,27.1,66.58,3,,"MACD상승, 정배열(단), 장기추세(120↑)",49000,45550,53100,57600,전자부품 제조업,IT/전기전자,1.1884057971014492,0.0,72.7,76.8,🔺 Watch (관찰·돌파예상),⑤ 하락 / 약세,📈 상승 추세가 견고하게 유지되고 있습니다. ✅ 20일선 부근의 안전한 눌림목 구간입니다.,20251209,20251209,27.1,12.92,93.68,27.1,66.58
KOSDAQ,대주전자재료,078600,전자부품 제조업,77400,95.85,11982.0,61.7,61.5,5.02,487.3043,95.21924,1.26,1.57,13.16,12.83,12.92,-0.09,7,★,"RSI적정, MACD상승, 거래량↑, 정배열(단), 장기추세(120↑), 자금유입(MFI), MACD>Sig",75900,71000,83300,90600,전자부품 제조업,IT/전기전자,1.510204081632653,1.9762845849802373,72.7,75.8,🔺 Watch (관찰·돌파예상),③ 박스 / 중립,💸 자금 유입이 꾸준히 이어지고 있습니다. 📈 상승 추세가 견고하게 유지되고 있습니다. ⚠️ 단기 급등으로 인한 조정 가능성을 염두에 두세요.,20251209,20251209,27.1,12.92,12.83,12.92,-0.09
KOSPI,동양,001520,"시멘트, 석회, 플라스터 및 그 제품 제조업",828,61.83,1976.3,51.8,76.1,0.39,4.0351,0.05093,1.33,2.73,3.37,29.58,27.1,2.48,7,★,"RSI적정, MACD상승, 20선근접, 거래량↑, 장기추세(120↑), 자금유입(MFI), MACD>Sig",828,770,915,1002,"시멘트, 석회, 플라스터 및 그 제품 제조업",기타,1.5,0.0,72.7,71.7,🔺 Watch (관찰·돌파예상),③ 박스 / 중립,💰 외국인/기관의 강력한 수급이 집중되고 있습니다. 📈 상승 추세가 견고하게 유지되고 있습니다. ✅ 20일선 부근의 안전한 눌림목 구간입니다.,20251209,20251209,27.1,12.92,29.58,27.1,2.48
KOSDAQ,필옵틱스,161580,특수 목적용 기계 제조업,43800,393.84,10250.4,65.1,78.4,4.86,52.8372,194.97778,2.74,4.53,10.33,38.83,12.92,25.91,7,★,"MACD상승, 20선근접, 거래량↑, 정배열(단), 장기추세(120↑), 자금유입(MFI), MACD>Sig",43000,40000,47550,52100,특수 목적용 기계 제조업,조선·기계·설비,1.5166666666666666,1.8604651162790697,72.6,78.1,🔼 BRK (돌파),① 강한 상승 추세,💰 외국인/기관의 강력한 수급이 집중되고 있습니다. 🚀 상승 에너지가 폭발적으로 증가하는 중입니다. ,20251209,20251209,27.1,12.92,38.83,12.92,25.91
KOSDAQ,오리엔탈정공,014940,일반 목적용 기계 제조업,8590,75.2,3914.8,56.3,68.8,0.98,63.0119,11.60526,1.45,-1.38,4.25,-26.77,12.92,-39.69,7,★,"RSI적정, MACD상승, 20선근접, 거래량↑, 장기추세(120↑), 자금유입(MFI), MACD>Sig",8590,7990,9490,10390,일반 목적용 기계 제조업,조선·기계·설비,1.5,0.0,72.5,71.8,↩️ PULL (눌림),④ 바닥 반등 시도,💸 자금 유입이 꾸준히 이어지고 있습니다. 📈 상승 추세가 견고하게 유지되고 있습니다. ✅ 20일선 부근의 안전한 눌림목 구간입니다.,20251209,20251209,27.1,12.92,-26.77,12.92,-39.69
KOSPI,한화,000880,기타 화학제품 제조업,84700,132.45,63490.0,51.2,49.5,1.7,554.1565,225.39827,0.85,5.48,9.01,-1.63,27.1,-28.73,3,,"RSI적정, MACD상승, 20선근접, MACD>Sig",84700,79100,91400,98600,기타 화학제품 제조업,화학·소재,1.1964285714285714,0.0,71.8,78.7,🔺 Watch (관찰·돌파예상),④ 바닥 반등 시도,🚀 상승 에너지가 폭발적으로 증가하는 중입니다. ✅ 20일선 부근의 안전한 눌림목 구간입니다.,20251209,20251209,27.1,12.92,-1.63,27.1,-28.73
KOSPI,카카오,035720,"자료처리, 호스팅, 포털 및 기타 인터넷 정보매개 서비스업",60800,845.56,268969.6,60.2,64.6,1.05,271.3486,-25.04488,0.56,2.18,4.83,2.01,27.1,-25.09,3,,"RSI적정, 20선근접, 자금유입(MFI), MACD>Sig",60800,57500,64800,69000,"자료처리, 호스팅, 포털 및 기타 인터넷 정보매개 서비스업",인터넷/플랫폼·게임,1.2121212121212122,0.0,71.7,69.3,↩️ PULL (눌림),⑤ 하락 / 약세,💸 자금 유입이 꾸준히 이어지고 있습니다. ✅ 20일선 부근의 안전한 눌림목 구간입니다.,20251209,20251209,27.1,12.92,2.01,27.1,-25.09
KOSPI,현대차2우B,005387,기타,211500,298.74,73948.7,59.2,58.9,4.92,1297.6315,49.88172,1.07,6.87,8.24,22.25,27.1,-4.85,6,★,"RSI적정, MACD상승, 20선근접, 정배열(단), 장기추세(120↑), MACD>Sig",207500,195700,225500,243500,기타,자동차·모빌리티,1.5254237288135593,1.9277108433734942,71.6,73.0,🔼 BRK (돌파),③ 박스 / 중립,📈 상승 추세가 견고하게 유지되고 있습니다. ,20251209,20251209,27.1,12.92,22.25,27.1,-4.85
KOSPI,후성,093370,기초 화학물질 제조업,8200,96.29,8794.9,50.5,44.1,-2.39,-50.1998,7.05152,0.46,-0.24,10.81,47.75,27.1,20.65,4,★,"RSI적정, MACD상승, 정배열(단), 장기추세(120↑)",8200,7630,8890,9640,기초 화학물질 제조업,화학·소재,1.2105263157894737,0.0,71.6,79.5,↩️ PULL (눌림),① 강한 상승 추세,📈 상승 추세가 견고하게 유지되고 있습니다. ,20251209,20251209,27.1,12.92,47.75,27.1,20.65
KOSPI,삼성증권,016360,금융 지원 서비스업,80700,222.97,72065.1,58.3,68.1,0.81,48.6414,-70.80756,0.76,0.0,3.99,11.16,27.1,-15.94,6,★,"RSI적정, 20선근접, 정배열(단), 장기추세(120↑), 자금유입(MFI), MACD>Sig",80700,76500,87000,93300,금융 지원 서비스업,금융,1.5,0.0,71.2,76.9,↩️ PULL (눌림),⑤ 하락 / 약세,💸 자금 유입이 꾸준히 이어지고 있습니다. ✅ 20일선 부근의 안전한 눌림목 구간입니다.,20251209,20251209,27.1,12.92,11.16,27.1,-15.94
KOSPI,티에이치엔,019180,기타 전기장비 제조업,6960,97.44,1252.8,50.1,54.8,1.1,44.9816,-65.04091,1.75,-13.54,9.61,44.1,27.1,17.0,6,★,"RSI적정, 20선근접, 거래량↑, 정배열(단), 장기추세(120↑), MACD>Sig",6960,6470,7690,8420,기타 전기장비 제조업,IT/전기전자,1.489795918367347,0.0,71.2,80.2,🔁 MR (반전),② 상승 후 조정,✅ 20일선 부근의 안전한 눌림목 구간입니다.,20251209,20251209,27.1,12.92,44.1,27.1,17.0
KOSPI,현대차우,005385,기타,207500,241.61,48432.5,61.0,59.8,4.66,1145.0334,75.82118,0.98,6.68,7.35,23.0,27.1,-4.1,6,★,"RSI적정, MACD상승, 20선근접, 정배열(단), 장기추세(120↑), MACD>Sig",204000,192900,221000,238500,기타,자동차·모빌리티,1.5315315315315314,1.715686274509804,71.0,73.8,🔼 BRK (돌파),③ 박스 / 중립,📈 상승 추세가 견고하게 유지되고 있습니다. ,20251209,20251209,27.1,12.92,23.0,27.1,-4.1
KOSDAQ,에스에이엠티,031330,기계장비 및 관련 물품 도매업,3900,56.3,3899.8,63.8,53.6,3.2,8.3222,1.23413,2.08,1.56,11.75,30.0,12.92,17.08,7,★,"RSI적정, MACD상승, 20선근접, 거래량↑, 정배열(단), 장기추세(120↑), MACD>Sig",3890,3620,4300,4710,기계장비 및 관련 물품 도매업,조선·기계·설비,1.5185185185185186,0.2570694087403599,71.0,72.3,🔺 Watch (관찰·돌파예상),① 강한 상승 추세,📈 상승 추세가 견고하게 유지되고 있습니다. ,20251209,20251209,27.1,12.92,30.0,12.92,17.08
KOSPI,LIG넥스원,079550,무기 및 총포탄 제조업,388500,349.47,85470.0,42.1,36.2,-0.85,2593.793,1294.00117,0.71,6.58,1.04,-17.95,27.1,-45.05,2,,"MACD상승, 20선근접, MACD>Sig",388500,361500,421000,456500,무기 및 총포탄 제조업,기타,1.2037037037037037,0.0,70.5,77.0,🔺 Watch (관찰·돌파예상),④ 바닥 반등 시도,🚀 상승 에너지가 폭발적으로 증가하는 중입니다. ✅ 20일선 부근의 안전한 눌림목 구간입니다.,20251209,20251209,27.1,12.92,-17.95,27.1,-45.05
KOSPI,포스코인터내셔널,047050,상품 중개업,55500,139.91,97637.1,67.0,73.5,3.41,212.3988,12.8766,0.88,-0.18,6.53,14.32,27.1,-12.78,6,★,"MACD상승, 20선근접, 정배열(단), 장기추세(120↑), 자금유입(MFI), MACD>Sig",55300,51900,60300,65300,상품 중개업,기타,1.4705882352941178,0.3616636528028933,70.4,77.4,🔺 Watch (상승 준비),④ 바닥 반등 시도,💰 외국인/기관의 강력한 수급이 집중되고 있습니다. 📈 상승 추세가 견고하게 유지되고 있습니다. ,20251209,20251209,27.1,12.92,14.32,27.1,-12.78
KOSPI,한국금융지주,071050,기타 금융업,161700,320.18,90108.9,56.5,59.5,-0.42,112.242,-54.05184,0.77,-0.61,4.59,14.28,27.1,-12.82,5,★,"RSI적정, 20선근접, 정배열(단), 장기추세(120↑), MACD>Sig",161700,150400,175300,190000,기타 금융업,금융,1.2035398230088497,0.0,70.1,75.1,↩️ PULL (눌림),⑤ 하락 / 약세,✅ 20일선 부근의 안전한 눌림목 구간입니다.,20251209,20251209,27.1,12.92,14.28,27.1,-12.82
KOSPI,삼양식품,003230,기타 식품 제조업,1304000,452.35,98230.5,42.0,46.6,-3.55,-7606.6429,116.47297,0.55,-2.1,-0.53,-15.43,27.1,-42.53,0,,MACD상승,1304000,1213000,1414000,1532000,기타 식품 제조업,유통·소비재,1.2087912087912087,0.0,70.0,74.3,↩️ PULL (눌림),④ 바닥 반등 시도,🚀 상승 에너지가 폭발적으로 증가하는 중입니다. ,20251209,20251209,27.1,12.92,-15.43,27.1,-42.53
KOSDAQ,보로노이,310210,자연과학 및 공학 연구개발업,222000,411.93,40832.7,50.7,46.3,-4.33,-3382.4628,-796.27073,1.35,-8.45,-3.27,53.74,12.92,40.82,4,★,"RSI적정, 거래량↑, 정배열(단), 장기추세(120↑)",222000,206500,240500,261000,자연과학 및 공학 연구개발업,기타,1.1935483870967742,0.0,70.0,76.6,🔁 MR (반전),② 상승 후 조정,특이사항 없음. 기술적 지표를 참고하세요.,20251209,20251209,27.1,12.92,53.74,12.92,40.82
KOSPI,두산우,000155,기타,542000,87.7,21660.8,45.0,31.5,-1.84,-5956.7636,1441.48688,0.53,3.44,4.84,50.35,27.1,23.25,4,★,"RSI적정, MACD상승, 정배열(단), 장기추세(120↑)",542000,504000,588000,637000,기타,기타,1.2105263157894737,0.0,69.9,74.2,🔺 Watch (관찰·돌파예상),⑤ 하락 / 약세,🚀 상승 에너지가 폭발적으로 증가하는 중입니다. ✅ 20일선 부근의 안전한 눌림목 구간입니다.,20251209,20251209,27.1,12.92,50.35,27.1,23.25
KOSDAQ,리가켐바이오,141080,자연과학 및 공학 연구개발업,183200,398.88,67070.1,56.9,54.7,0.98,-936.21,-563.63278,0.33,-4.53,5.96,20.92,12.92,8.0,4,★,"RSI적정, 20선근접, 정배열(단), 장기추세(120↑)",183200,170400,198600,215500,자연과학 및 공학 연구개발업,기타,1.203125,0.0,69.8,75.6,🔁 MR (반전),② 상승 후 조정,✅ 20일선 부근의 안전한 눌림목 구간입니다.,20251209,20251209,27.1,12.92,20.92,12.92,8.0
KOSPI,삼성에스디에스,018260,"컴퓨터 프로그래밍, 시스템 통합 및 관리업",176900,211.16,136881.3,75.9,67.9,3.82,818.0024,87.89484,0.78,3.57,5.42,9.67,27.1,-17.43,6,★,"MACD상승, 20선근접, 정배열(단), 장기추세(120↑), 자금유입(MFI), MACD>Sig",175500,165700,190300,205000,"컴퓨터 프로그래밍, 시스템 통합 및 관리업",IT/전기전자,1.510204081632653,0.7977207977207977,69.8,75.9,🔼 BRK (돌파),④ 바닥 반등 시도,💸 자금 유입이 꾸준히 이어지고 있습니다. 📈 상승 추세가 견고하게 유지되고 있습니다. ,20251209,20251209,27.1,12.92,9.67,27.1,-17.43
KOSPI,코스모화학,005420,기타 화학제품 제조업,17850,75.06,6855.9,59.7,61.1,4.23,98.5329,76.92102,2.41,4.57,14.86,12.19,27.1,-14.91,7,★,"RSI적정, MACD상승, 20선근접, 거래량↑, 장기추세(120↑), 자금유입(MFI), MACD>Sig",17640,16400,19490,21350,기타 화학제품 제조업,화학·소재,1.4919354838709677,1.1904761904761905,69.7,69.9,🔼 BRK (돌파),④ 바닥 반등 시도,💸 자금 유입이 꾸준히 이어지고 있습니다. 📈 상승 추세가 견고하게 유지되고 있습니다. ,20251209,20251209,27.1,12.92,12.19,27.1,-14.91
KOSPI,한화시스템,272210,전자부품 제조업,48350,323.12,91342.5,41.3,37.9,-0.81,293.7529,137.46461,0.68,6.15,4.65,-6.48,27.1,-33.58,2,,"MACD상승, 20선근접, MACD>Sig",48350,44950,52400,56800,전자부품 제조업,IT/전기전자,1.1911764705882353,0.0,69.3,74.8,🔺 Watch (관찰·돌파예상),④ 바닥 반등 시도,🚀 상승 에너지가 폭발적으로 증가하는 중입니다. ✅ 20일선 부근의 안전한 눌림목 구간입니다.,20251209,20251209,27.1,12.92,-6.48,27.1,-33.58
KOSPI,한미약품,128940,의약품 제조업,428000,299.58,54831.0,38.2,43.6,-4.84,-6682.1423,578.62305,0.61,-0.47,-3.71,47.33,27.1,20.23,3,,"MACD상승, 정배열(단), 장기추세(120↑)",428000,398000,464000,503000,의약품 제조업,바이오·의약품,1.2,0.0,69.3,78.0,↩️ PULL (눌림),⑤ 하락 / 약세,🚀 상승 에너지가 폭발적으로 증가하는 중입니다. ,20251209,20251209,27.1,12.92,47.33,27.1,20.23
KOSDAQ,한스바이오메드,042520,의료용품 및 기타 의약 관련제품 제조업,28800,268.34,3895.6,34.6,39.8,-6.18,-803.6419,164.07587,1.72,-0.69,-7.4,206.71,12.92,193.79,4,★,"MACD상승, 거래량↑, 정배열(단), 장기추세(120↑)",28800,26800,31200,33850,의료용품 및 기타 의약 관련제품 제조업,기타,1.2,0.0,69.1,81.6,↩️ PULL (눌림),⑤ 하락 / 약세,🚀 상승 에너지가 폭발적으로 증가하는 중입니다. 📉 과매도 구간으로 기술적 반등이 기대됩니다.,20251209,20251209,27.1,12.92,206.71,12.92,193.79
KOSPI,한화에어로스페이스,012450,"항공기,우주선 및 부품 제조업",960000,2209.96,495008.6,58.7,57.0,7.2,12045.5975,4924.36659,1.09,16.5,11.76,1.59,27.1,-25.51,4,★,"RSI적정, MACD상승, 장기추세(120↑), MACD>Sig",922000,858000,1000000,1084000,"항공기,우주선 및 부품 제조업",기타,1.21875,4.121475054229935,68.8,63.7,🔼 BRK (돌파),④ 바닥 반등 시도,🚀 상승 에너지가 폭발적으로 증가하는 중입니다. ⚠️ 단기 급등으로 인한 조정 가능성을 염두에 두세요.,20251209,20251209,27.1,12.92,1.59,27.1,-25.51
KOSPI,LG화학우,051915,기타,198200,55.95,15239.2,57.0,57.8,1.93,-443.5328,186.9856,0.7,2.22,8.07,39.97,27.1,12.87,5,★,"RSI적정, MACD상승, 20선근접, 정배열(단), 장기추세(120↑)",198200,184800,214500,232000,기타,기타,1.2164179104477613,0.0,68.7,72.0,🔺 Watch (관찰·돌파예상),① 강한 상승 추세,🚀 상승 에너지가 폭발적으로 증가하는 중입니다. ✅ 20일선 부근의 안전한 눌림목 구간입니다.,20251209,20251209,27.1,12.92,39.97,27.1,12.87
KOSDAQ,알테오젠,196170,자연과학 및 공학 연구개발업,457000,1787.66,244521.5,23.8,25.2,-12.88,-11630.6206,-822.8466,0.75,-12.28,-11.78,-4.09,12.92,-17.01,0,,정배열(단),457000,425000,495500,537000,자연과학 및 공학 연구개발업,기타,1.203125,0.0,68.6,69.4,🔁 MR (반전),⑤ 하락 / 약세,📉 과매도 구간으로 기술적 반등이 기대됩니다.,20251209,20251209,27.1,12.92,-4.09,12.92,-17.01
KOSPI,포스코퓨처엠,003670,일차전지 및 이차전지 제조업,224000,1004.75,199239.5,71.8,67.0,8.94,1295.7164,804.23052,1.49,7.95,19.72,68.42,27.1,41.32,6,★,"MACD상승, 거래량↑, 정배열(단), 장기추세(120↑), 자금유입(MFI), MACD>Sig",212000,197000,234000,256500,일차전지 및 이차전지 제조업,2차전지,1.4666666666666666,5.660377358490567,68.4,62.2,🔼 BRK (돌파),⑤ 하락 / 약세,💸 자금 유입이 꾸준히 이어지고 있습니다. 🚀 상승 에너지가 폭발적으로 증가하는 중입니다. ⚠️ 단기 급등으로 인한 조정 가능성을 염두에 두세요.,20251209,20251209,27.1,12.92,68.42,27.1,41.32
KOSDAQ,온코닉테라퓨틱스,476060,자연과학 및 공학 연구개발업,16510,285.19,7345.3,52.8,58.8,-1.86,-88.7855,-144.35846,0.33,-17.66,7.07,87.08,12.92,74.16,3,,"RSI적정, 정배열(단), 장기추세(120↑)",16510,15350,17900,19400,자연과학 및 공학 연구개발업,기타,1.1982758620689655,0.0,68.3,76.5,🔁 MR (반전),② 상승 후 조정,✅ 20일선 부근의 안전한 눌림목 구간입니다.,20251209,20251209,27.1,12.92,87.08,12.92,74.16
KOSPI,이수페타시스,007660,전자부품 제조업,144400,1830.18,106002.9,62.0,55.2,8.72,-841.1858,196.82348,0.64,4.94,2.63,99.72,27.1,72.62,4,★,"RSI적정, MACD상승, 정배열(단), 장기추세(120↑)",136800,127200,148300,160700,전자부품 제조업,IT/전기전자,1.1979166666666667,5.555555555555555,68.2,58.4,🔺 Watch (관찰·돌파예상),① 강한 상승 추세,🚀 상승 에너지가 폭발적으로 증가하는 중입니다. ⚠️ 단기 급등으로 인한 조정 가능성을 염두에 두세요.,20251209,20251209,27.1,12.92,99.72,27.1,72.62
KOSDAQ,에이프릴바이오,397030,자연과학 및 공학 연구개발업,39950,246.14,9271.7,53.7,69.6,1.98,-66.1817,-136.03068,0.42,-0.87,4.72,58.53,12.92,45.61,5,★,"RSI적정, 20선근접, 정배열(단), 장기추세(120↑), 자금유입(MFI)",39950,37150,43300,46950,자연과학 및 공학 연구개발업,기타,1.1964285714285714,0.0,68.2,77.4,↩️ PULL (눌림),② 상승 후 조정,💸 자금 유입이 꾸준히 이어지고 있습니다. ✅ 20일선 부근의 안전한 눌림목 구간입니다.,20251209,20251209,27.1,12.92,58.53,12.92,45.61
KOSPI,DB하이텍,000990,반도체 제조업,64900,219.09,28234.5,47.4,63.7,-0.58,-164.6972,-21.0386,0.56,-0.15,4.85,39.87,27.1,12.77,5,★,"RSI적정, 20선근접, 정배열(단), 장기추세(120↑), 자금유입(MFI)",64900,60400,70400,76300,반도체 제조업,반도체,1.2222222222222223,0.0,68.2,76.0,↩️ PULL (눌림),② 상승 후 조정,💸 자금 유입이 꾸준히 이어지고 있습니다. ✅ 20일선 부근의 안전한 눌림목 구간입니다.,20251209,20251209,27.1,12.92,39.87,27.1,12.77
KOSDAQ,동성화인텍,033500,기초 화학물질 제조업,26650,72.55,7992.2,51.7,46.2,-1.02,102.0339,145.96399,1.21,3.9,9.0,-14.72,12.92,-27.64,3,,"RSI적정, MACD상승, 거래량↑, MACD>Sig",26650,24800,28900,31300,기초 화학물질 제조업,화학·소재,1.2162162162162162,0.0,68.2,68.4,🔺 Watch (관찰·돌파예상),④ 바닥 반등 시도,🚀 상승 에너지가 폭발적으로 증가하는 중입니다. ✅ 20일선 부근의 안전한 눌림목 구간입니다.,20251209,20251209,27.1,12.92,-14.72,12.92,-27.64
KOSPI,삼성전자우,005935,전기전자,81000,1653.61,660939.5,70.8,85.1,5.55,459.725,64.33364,0.82,3.98,8.14,38.7,27.1,11.6,5,★,"MACD상승, 정배열(단), 장기추세(120↑), 자금유입(MFI), MACD>Sig",79000,74400,84700,90700,전기전자,기타,1.2391304347826086,2.5316455696202533,68.1,63.3,🔼 BRK (돌파),⑤ 하락 / 약세,💰 외국인/기관의 강력한 수급이 집중되고 있습니다. 📈 상승 추세가 견고하게 유지되고 있습니다. ⚠️ 단기 급등으로 인한 조정 가능성을 염두에 두세요.,20251209,20251209,27.1,12.92,38.7,27.1,11.6
KOSPI,SK스퀘어,402340,기타 금융업,323000,1485.41,428107.0,66.4,68.7,7.59,873.1438,477.00386,0.8,4.7,11.19,99.38,27.1,72.28,5,★,"MACD상승, 정배열(단), 장기추세(120↑), 자금유입(MFI), MACD>Sig",309000,287500,335000,363500,기타 금융업,금융,1.2093023255813953,4.53074433656958,68.1,62.7,🔼 BRK (돌파),① 강한 상승 추세,💸 자금 유입이 꾸준히 이어지고 있습니다. 🚀 상승 에너지가 폭발적으로 증가하는 중입니다. ⚠️ 단기 급등으로 인한 조정 가능성을 염두에 두세요.,20251209,20251209,27.1,12.92,99.38,27.1,72.28
KOSPI,신한지주,055550,기타 금융업,78400,593.35,380628.0,55.7,56.0,-0.26,-217.9214,-61.41755,0.67,-3.69,1.16,20.06,27.1,-7.04,4,★,"RSI적정, 20선근접, 정배열(단), 장기추세(120↑)",78400,74500,83100,88200,기타 금융업,금융,1.205128205128205,0.0,67.9,70.5,🔁 MR (반전),⑤ 하락 / 약세,✅ 20일선 부근의 안전한 눌림목 구간입니다.,20251209,20251209,27.1,12.92,20.06,27.1,-7.04
KOSDAQ,코미코,183300,특수 목적용 기계 제조업,88000,72.88,9205.4,49.0,54.1,-1.94,620.6267,107.19279,0.61,-0.9,8.78,1.62,12.92,-11.3,4,★,"RSI적정, MACD상승, 장기추세(120↑), MACD>Sig",88000,81800,95400,103400,특수 목적용 기계 제조업,조선·기계·설비,1.1935483870967742,0.0,67.9,70.0,↩️ PULL (눌림),④ 바닥 반등 시도,🚀 상승 에너지가 폭발적으로 증가하는 중입니다. ✅ 20일선 부근의 안전한 눌림목 구간입니다.,20251209,20251209,27.1,12.92,1.62,12.92,-11.3
KOSDAQ,티엘비,356860,전자부품 제조업,66500,120.97,6538.7,43.4,69.2,-0.84,-364.8884,26.91945,0.36,-0.15,-2.49,100.3,12.92,87.38,5,★,"MACD상승, 20선근접, 정배열(단), 장기추세(120↑), 자금유입(MFI)",66500,61800,72100,78100,전자부품 제조업,IT/전기전자,1.1914893617021276,0.0,67.8,79.1,↩️ PULL (눌림),⑤ 하락 / 약세,💸 자금 유입이 꾸준히 이어지고 있습니다. 📈 상승 추세가 견고하게 유지되고 있습니다. ✅ 20일선 부근의 안전한 눌림목 구간입니다.,20251209,20251209,27.1,12.92,100.3,12.92,87.38
KOSDAQ,제닉스로보틱스,381620,특수 목적용 기계 제조업,15300,76.83,2007.0,52.8,71.6,-0.6,25.0712,-34.63802,0.25,-1.99,9.13,49.27,12.92,36.35,6,★,"RSI적정, 20선근접, 정배열(단), 장기추세(120↑), 자금유입(MFI), MACD>Sig",15300,14230,16910,18510,특수 목적용 기계 제조업,조선·기계·설비,1.5046728971962617,0.0,67.8,71.3,↩️ PULL (눌림),② 상승 후 조정,💰 외국인/기관의 강력한 수급이 집중되고 있습니다. ✅ 20일선 부근의 안전한 눌림목 구간입니다.,20251209,20251209,27.1,12.92,49.27,12.92,36.35
KOSPI,LS에코에너지,229640,기타 금융업,37050,76.0,11346.5,58.9,68.5,2.97,390.4654,112.06543,1.5,6.93,8.18,-4.63,27.1,-31.73,5,★,"RSI적정, MACD상승, 20선근접, 거래량↑, 자금유입(MFI), MACD>Sig",37050,34450,40150,43550,기타 금융업,금융,1.1923076923076923,0.0,67.7,70.0,🔺 Watch (관찰·돌파예상),④ 바닥 반등 시도,💸 자금 유입이 꾸준히 이어지고 있습니다. 🚀 상승 에너지가 폭발적으로 증가하는 중입니다. ,20251209,20251209,27.1,12.92,-4.63,27.1,-31.73
KOSPI,OCI홀딩스,010060,기타 금융업,101800,117.04,19006.3,43.3,35.9,-3.85,-689.6696,250.12146,1.06,0.2,2.0,4.09,27.1,-23.01,3,,"MACD상승, 정배열(단), 장기추세(120↑)",101800,94700,110400,119600,기타 금융업,금융,1.2112676056338028,0.0,67.5,77.0,🔺 Watch (상승 준비),④ 바닥 반등 시도,🚀 상승 에너지가 폭발적으로 증가하는 중입니다. ,20251209,20251209,27.1,12.92,4.09,27.1,-23.01
KOSPI,이마트,139480,종합 소매업,82300,97.42,22711.4,62.0,66.5,2.64,210.7262,-59.80106,0.73,0.12,4.18,6.33,27.1,-20.77,6,★,"RSI적정, 20선근접, 정배열(단), 장기추세(120↑), 자금유입(MFI), MACD>Sig",82300,78200,88500,94700,종합 소매업,유통·소비재,1.5121951219512195,0.0,67.5,76.4,↩️ PULL (눌림),⑤ 하락 / 약세,💸 자금 유입이 꾸준히 이어지고 있습니다. ,20251209,20251209,27.1,12.92,6.33,27.1,-20.77
KOSDAQ,로보스타,090360,특수 목적용 기계 제조업,77200,232.18,7527.0,63.1,70.8,8.01,689.6319,13.69229,0.45,6.63,23.32,164.38,12.92,151.46,6,★,"RSI적정, MACD상승, 정배열(단), 장기추세(120↑), 자금유입(MFI), MACD>Sig",73600,68500,81300,89100,특수 목적용 기계 제조업,조선·기계·설비,1.5098039215686274,4.891304347826087,67.3,66.3,🔼 BRK (돌파),① 강한 상승 추세,💰 외국인/기관의 강력한 수급이 집중되고 있습니다. 📈 상승 추세가 견고하게 유지되고 있습니다. ⚠️ 단기 급등으로 인한 조정 가능성을 염두에 두세요.,20251209,20251209,27.1,12.92,164.38,12.92,151.46
KOSPI,현대제철,004020,1차 철강 제조업,31050,130.29,41434.9,56.5,53.1,1.09,232.4565,4.31285,1.23,1.97,5.97,-13.75,27.1,-40.85,4,★,"RSI적정, MACD상승, 20선근접, 거래량↑, MACD>Sig",31050,29450,33000,35100,1차 철강 제조업,철강·금속,1.21875,0.0,67.3,74.3,🔺 Watch (관찰·돌파예상),④ 바닥 반등 시도,📈 상승 추세가 견고하게 유지되고 있습니다. ✅ 20일선 부근의 안전한 눌림목 구간입니다.,20251209,20251209,27.1,12.92,-13.75,27.1,-40.85
KOSDAQ,하나마이크론,067310,반도체 제조업,24900,152.61,16528.2,47.8,63.2,-0.33,-42.028,-1.63481,0.35,-1.39,0.0,57.99,12.92,45.07,5,★,"RSI적정, 20선근접, 정배열(단), 장기추세(120↑), 자금유입(MFI)",24900,23150,27000,29250,반도체 제조업,반도체,1.2,0.0,67.1,77.1,↩️ PULL (눌림),② 상승 후 조정,💸 자금 유입이 꾸준히 이어지고 있습니다. ✅ 20일선 부근의 안전한 눌림목 구간입니다.,20251209,20251209,27.1,12.92,57.99,12.92,45.07
KOSDAQ,하나머티리얼즈,166090,반도체 제조업,44250,55.75,8751.6,56.6,67.6,2.39,55.3596,-97.92393,0.41,-5.14,2.67,48.24,12.92,35.32,6,★,"RSI적정, 20선근접, 정배열(단), 장기추세(120↑), 자금유입(MFI), MACD>Sig",44250,41150,48900,53500,반도체 제조업,반도체,1.5,0.0,67.1,70.7,🔁 MR (반전),② 상승 후 조정,💸 자금 유입이 꾸준히 이어지고 있습니다. ,20251209,20251209,27.1,12.92,48.24,12.92,35.32
KOSDAQ,쏠리드,050890,통신 및 방송 장비 제조업,7710,51.57,4684.3,61.2,70.2,2.4,39.0888,-22.27263,0.54,-1.03,7.53,15.94,12.92,3.02,6,★,"RSI적정, 20선근접, 정배열(단), 장기추세(120↑), 자금유입(MFI), MACD>Sig",7710,7170,8520,9330,통신 및 방송 장비 제조업,IT/전기전자,1.5,0.0,67.1,69.4,↩️ PULL (눌림),③ 박스 / 중립,💰 외국인/기관의 강력한 수급이 집중되고 있습니다. ,20251209,20251209,27.1,12.92,15.94,12.92,3.02
KOSDAQ,대한광통신,010170,절연선 및 케이블 제조업,2090,147.52,2758.5,51.3,64.3,-3.99,-22.7501,-12.21068,0.63,-19.46,10.23,64.7,12.92,51.78,4,★,"RSI적정, 정배열(단), 장기추세(120↑), 자금유입(MFI)",2090,1944,2265,2455,절연선 및 케이블 제조업,기타,1.1986301369863013,0.0,67.0,78.2,🔁 MR (반전),② 상승 후 조정,💸 자금 유입이 꾸준히 이어지고 있습니다. ,20251209,20251209,27.1,12.92,64.7,12.92,51.78
KOSDAQ,씨피시스템,413630,플라스틱제품 제조업,4560,104.08,1661.5,56.6,81.7,2.82,-6.772,-10.07549,0.31,-8.71,22.25,75.72,12.92,62.8,5,★,"RSI적정, 20선근접, 정배열(단), 장기추세(120↑), 자금유입(MFI)",4560,4240,4945,5360,플라스틱제품 제조업,기타,1.203125,0.0,67.0,79.9,🔁 MR (반전),② 상승 후 조정,💰 외국인/기관의 강력한 수급이 집중되고 있습니다. ,20251209,20251209,27.1,12.92,75.72,12.92,62.8
KOSDAQ,한중엔시에스,107640,"전동기, 발전기 및 전기 변환 · 공급 · 제어 장치 제조업",49750,60.48,4509.8,62.0,71.7,4.56,393.4727,-52.57639,0.78,3.22,20.46,44.62,12.92,31.7,6,★,"RSI적정, 20선근접, 정배열(단), 장기추세(120↑), 자금유입(MFI), MACD>Sig",49000,45600,54200,59300,"전동기, 발전기 및 전기 변환 · 공급 · 제어 장치 제조업",인프라·에너지,1.5294117647058822,1.530612244897959,67.0,66.8,🔺 Watch (상승 준비),② 상승 후 조정,💰 외국인/기관의 강력한 수급이 집중되고 있습니다. ,20251209,20251209,27.1,12.92,44.62,12.92,31.7
KOSDAQ,엔켐,348370,기초 화학물질 제조업,70600,181.2,15367.8,59.6,45.0,1.19,815.5865,-24.30643,0.83,-4.85,26.52,-0.7,12.92,-13.62,2,,"RSI적정, 20선근접, MACD>Sig",70600,65700,76500,83000,기초 화학물질 제조업,화학·소재,1.2040816326530612,0.0,66.8,74.2,🔁 MR (반전),⑤ 하락 / 약세,✅ 20일선 부근의 안전한 눌림목 구간입니다.,20251209,20251209,27.1,12.92,-0.7,12.92,-13.62
KOSPI,DL이앤씨,375500,토목 건설업,41800,106.23,16173.9,62.7,67.8,3.82,280.1556,63.06932,1.27,5.82,6.77,-4.68,27.1,-31.78,5,★,"RSI적정, MACD상승, 20선근접, 거래량↑, 자금유입(MFI), MACD>Sig",41450,38850,44650,48100,토목 건설업,건설·부동산,1.2307692307692308,0.8443908323281062,66.7,74.1,🔼 BRK (돌파),④ 바닥 반등 시도,💸 자금 유입이 꾸준히 이어지고 있습니다. 📈 상승 추세가 견고하게 유지되고 있습니다. ,20251209,20251209,27.1,12.92,-4.68,27.1,-31.78
KOSPI,LG전자우,066575,기타,51300,56.35,8816.4,60.4,65.4,3.51,230.8982,-51.5434,0.81,6.88,9.85,39.4,27.1,12.3,6,★,"RSI적정, 20선근접, 정배열(단), 장기추세(120↑), 자금유입(MFI), MACD>Sig",51000,47500,56400,61800,기타,기타,1.542857142857143,0.5882352941176471,66.6,68.0,🔺 Watch (상승 준비),② 상승 후 조정,💸 자금 유입이 꾸준히 이어지고 있습니다. ,20251209,20251209,27.1,12.92,39.4,27.1,12.3
KOSDAQ,심텍홀딩스,036710,회사 본부 및 경영 컨설팅 서비스업,3225,124.9,1703.7,45.2,69.7,4.01,9.1999,25.1967,4.96,16.22,6.61,100.93,12.92,88.01,7,★,"RSI적정, MACD상승, 20선근접, 거래량↑, 장기추세(120↑), 자금유입(MFI), MACD>Sig",3195,2970,3530,3865,회사 본부 및 경영 컨설팅 서비스업,서비스 기타,1.488888888888889,0.9389671361502347,66.5,83.0,🔼 BRK (돌파),⑤ 하락 / 약세,💸 자금 유입이 꾸준히 이어지고 있습니다. 📈 상승 추세가 견고하게 유지되고 있습니다. ,20251209,20251209,27.1,12.92,100.93,12.92,88.01
KOSDAQ,포스코엠텍,009520,1차 철강 제조업,16440,96.03,6846.1,62.7,86.5,4.86,95.7601,-0.46499,1.35,0.67,11.68,28.54,12.92,15.62,7,★,"RSI적정, 20선근접, 거래량↑, 정배열(단), 장기추세(120↑), 자금유입(MFI), MACD>Sig",16150,15140,17660,19170,1차 철강 제조업,철강·금속,1.495049504950495,1.7956656346749225,66.5,72.2,🔺 Watch (상승 준비),② 상승 후 조정,💰 외국인/기관의 강력한 수급이 집중되고 있습니다. ,20251209,20251209,27.1,12.92,28.54,12.92,15.62
KOSDAQ,큐로셀,372320,자연과학 및 공학 연구개발업,42950,62.31,6198.8,58.0,64.8,3.29,246.3067,-61.05537,1.32,1.54,9.29,10.13,12.92,-2.79,7,★,"RSI적정, 20선근접, 거래량↑, 정배열(단), 장기추세(120↑), 자금유입(MFI), MACD>Sig",42850,39850,47350,51800,자연과학 및 공학 연구개발업,기타,1.5,0.2333722287047841,66.5,68.6,🔺 Watch (상승 준비),③ 박스 / 중립,💸 자금 유입이 꾸준히 이어지고 있습니다. ,20251209,20251209,27.1,12.92,10.13,12.92,-2.79
KOSPI,삼성전자,005930,통신 및 방송 장비 제조업,108400,14827.81,6416887.5,68.8,70.1,6.47,661.7909,3.00857,0.73,4.84,9.16,51.61,27.1,24.51,5,★,"MACD상승, 정배열(단), 장기추세(120↑), 자금유입(MFI), MACD>Sig",104900,97900,113200,122300,통신 및 방송 장비 제조업,IT/전기전자,1.1857142857142857,3.336510962821735,66.4,59.7,🔼 BRK (돌파),① 강한 상승 추세,💰 외국인/기관의 강력한 수급이 집중되고 있습니다. 📈 상승 추세가 견고하게 유지되고 있습니다. ⚠️ 단기 급등으로 인한 조정 가능성을 염두에 두세요.,20251209,20251209,27.1,12.92,51.61,27.1,24.51
KOSDAQ,퓨쳐켐,220100,의약품 제조업,30050,165.41,6731.4,48.0,60.2,-1.94,-537.8672,-95.45714,0.31,-8.8,3.44,43.78,12.92,30.86,4,★,"RSI적정, 정배열(단), 장기추세(120↑), 자금유입(MFI)",30050,27950,32550,35300,의약품 제조업,바이오·의약품,1.1904761904761905,0.0,66.4,76.3,🔁 MR (반전),② 상승 후 조정,💸 자금 유입이 꾸준히 이어지고 있습니다. ✅ 20일선 부근의 안전한 눌림목 구간입니다.,20251209,20251209,27.1,12.92,43.78,12.92,30.86
KOSPI,엔씨소프트,036570,소프트웨어 개발 및 공급업,203000,279.23,43734.4,58.1,44.5,-4.14,-434.8675,-291.77185,0.53,-2.87,-2.4,1.5,27.1,-25.6,0,,RSI적정,203000,188800,220000,238500,소프트웨어 개발 및 공급업,인터넷/플랫폼·게임,1.1971830985915493,0.0,66.3,71.9,🔁 MR (반전),⑤ 하락 / 약세,특이사항 없음. 기술적 지표를 참고하세요.,20251209,20251209,27.1,12.92,1.5,27.1,-25.6
KOSDAQ,한국비엔씨,256840,기초 의약물질 제조업,5590,150.67,3823.3,51.7,64.8,1.53,-4.4565,-4.90171,0.56,2.57,6.07,10.04,12.92,-2.88,5,★,"RSI적정, 20선근접, 정배열(단), 장기추세(120↑), 자금유입(MFI)",5590,5200,6060,6570,기초 의약물질 제조업,기타,1.205128205128205,0.0,66.2,75.2,↩️ PULL (눌림),③ 박스 / 중립,💸 자금 유입이 꾸준히 이어지고 있습니다. ✅ 20일선 부근의 안전한 눌림목 구간입니다.,20251209,20251209,27.1,12.92,10.04,12.92,-2.88
KOSPI,풍산,103140,1차 비철금속 제조업,104500,149.43,29285.4,62.7,70.3,4.46,1555.9244,102.89058,1.24,5.03,10.82,-13.42,27.1,-40.52,5,★,"RSI적정, MACD상승, 20선근접, 거래량↑, 자금유입(MFI), MACD>Sig",103000,96700,110700,118900,1차 비철금속 제조업,철강·금속,1.2222222222222223,1.4563106796116505,66.2,71.7,🔼 BRK (돌파),④ 바닥 반등 시도,💰 외국인/기관의 강력한 수급이 집중되고 있습니다. 🚀 상승 에너지가 폭발적으로 증가하는 중입니다. ,20251209,20251209,27.1,12.92,-13.42,27.1,-40.52
KOSDAQ,현대힘스,460930,선박 및 보트 건조업,18830,79.93,6686.7,56.8,73.2,1.25,248.162,22.50528,1.23,2.11,5.31,-35.4,12.92,-48.32,5,★,"RSI적정, MACD상승, 20선근접, 거래량↑, 자금유입(MFI), MACD>Sig",18830,17620,20300,21850,선박 및 보트 건조업,조선·기계·설비,1.2148760330578512,0.0,66.2,67.2,🔺 Watch (관찰·돌파예상),④ 바닥 반등 시도,💰 외국인/기관의 강력한 수급이 집중되고 있습니다. 📈 상승 추세가 견고하게 유지되고 있습니다. ✅ 20일선 부근의 안전한 눌림목 구간입니다.,20251209,20251209,27.1,12.92,-35.4,12.92,-48.32
KOSPI,코스맥스,192820,기타 화학제품 제조업,164200,74.06,18635.9,52.5,63.6,0.84,1772.4486,37.59573,0.52,0.74,1.86,-24.16,27.1,-51.26,4,★,"RSI적정, MACD상승, 20선근접, 자금유입(MFI), MACD>Sig",164200,153400,177200,191300,기타 화학제품 제조업,화학·소재,1.2037037037037037,0.0,66.2,67.3,🔺 Watch (상승 준비),④ 바닥 반등 시도,💸 자금 유입이 꾸준히 이어지고 있습니다. 📈 상승 추세가 견고하게 유지되고 있습니다. ✅ 20일선 부근의 안전한 눌림목 구간입니다.,20251209,20251209,27.1,12.92,-24.16,27.1,-51.26
KOSDAQ,태광,023160,1차 철강 제조업,24350,63.04,6452.8,65.7,72.2,4.15,299.0582,32.03091,1.24,4.73,9.68,-6.53,12.92,-19.45,6,★,"MACD상승, 20선근접, 거래량↑, 장기추세(120↑), 자금유입(MFI), MACD>Sig",24100,22400,26600,29150,1차 철강 제조업,철강·금속,1.4705882352941178,1.0373443983402488,66.1,66.2,🔼 BRK (돌파),④ 바닥 반등 시도,💰 외국인/기관의 강력한 수급이 집중되고 있습니다. 📈 상승 추세가 견고하게 유지되고 있습니다. ,20251209,20251209,27.1,12.92,-6.53,12.92,-19.45
KOSPI,일진전기,103590,절연선 및 케이블 제조업,53900,199.32,25702.4,42.3,50.1,-2.87,-561.8598,68.13357,0.66,0.56,1.13,48.9,27.1,21.8,3,,"MACD상승, 정배열(단), 장기추세(120↑)",53900,50100,58400,63300,절연선 및 케이블 제조업,기타,1.1842105263157894,0.0,66.0,74.2,🔺 Watch (상승 준비),⑤ 하락 / 약세,📈 상승 추세가 견고하게 유지되고 있습니다. ,20251209,20251209,27.1,12.92,48.9,27.1,21.8
KOSPI,JB금융지주,175330,기타 금융업,25050,51.32,47566.1,58.0,68.0,3.39,100.7019,-17.91783,0.51,-1.96,5.47,3.3,27.1,-23.8,6,★,"RSI적정, 20선근접, 정배열(단), 장기추세(120↑), 자금유입(MFI), MACD>Sig",24950,23400,27300,29700,기타 금융업,금융,1.5161290322580645,0.4008016032064128,66.0,67.3,🔺 Watch (상승 준비),⑤ 하락 / 약세,💸 자금 유입이 꾸준히 이어지고 있습니다. ,20251209,20251209,27.1,12.92,3.3,27.1,-23.8
KOSPI,두산퓨얼셀,336260,"전동기, 발전기 및 전기 변환 · 공급 · 제어 장치 제조업",31600,185.11,20696.0,52.4,56.4,-2.26,98.5887,-40.58515,0.65,0.64,4.12,25.4,27.1,-1.7,3,,"RSI적정, 장기추세(120↑), MACD>Sig",31600,29400,34250,37150,"전동기, 발전기 및 전기 변환 · 공급 · 제어 장치 제조업",인프라·에너지,1.2045454545454546,0.0,65.9,72.3,↩️ PULL (눌림),③ 박스 / 중립,특이사항 없음. 기술적 지표를 참고하세요.,20251209,20251209,27.1,12.92,25.4,27.1,-1.7
KOSPI,더존비즈온,012510,"컴퓨터 프로그래밍, 시스템 통합 및 관리업",93400,109.17,28377.5,50.3,60.8,-0.02,-136.0422,-52.93435,0.64,-1.16,1.3,13.76,27.1,-13.34,5,★,"RSI적정, 20선근접, 정배열(단), 장기추세(120↑), 자금유입(MFI)",93400,87000,101100,109400,"컴퓨터 프로그래밍, 시스템 통합 및 관리업",IT/전기전자,1.203125,0.0,65.9,74.5,↩️ PULL (눌림),⑤ 하락 / 약세,💸 자금 유입이 꾸준히 이어지고 있습니다. ✅ 20일선 부근의 안전한 눌림목 구간입니다.,20251209,20251209,27.1,12.92,13.76,27.1,-13.34
KOSDAQ,메지온,140410,자연과학 및 공학 연구개발업,75800,108.36,23015.8,61.6,59.1,3.37,405.0357,-466.77816,0.94,-4.17,16.8,42.21,12.92,29.29,5,★,"RSI적정, 20선근접, 정배열(단), 장기추세(120↑), MACD>Sig",75500,70200,81900,88700,자연과학 및 공학 연구개발업,기타,1.2075471698113207,0.3973509933774834,65.9,75.9,🔺 Watch (상승 준비),② 상승 후 조정,특이사항 없음. 기술적 지표를 참고하세요.,20251209,20251209,27.1,12.92,42.21,12.92,29.29
KOSDAQ,클래시스,214150,의료용 기기 제조업,56100,108.03,36748.7,54.6,55.2,1.09,-118.7879,-6.6433,0.66,-5.71,8.3,-0.53,12.92,-13.45,4,★,"RSI적정, 20선근접, 정배열(단), 장기추세(120↑)",56100,52200,60800,65900,의료용 기기 제조업,기타,1.205128205128205,0.0,65.9,75.3,🔁 MR (반전),⑤ 하락 / 약세,✅ 20일선 부근의 안전한 눌림목 구간입니다.,20251209,20251209,27.1,12.92,-0.53,12.92,-13.45
KOSDAQ,우리기술,032820,"전동기, 발전기 및 전기 변환 · 공급 · 제어 장치 제조업",3945,89.68,6574.9,55.6,53.7,1.53,29.6299,1.27413,0.6,3.27,5.34,-3.78,12.92,-16.7,3,,"RSI적정, MACD상승, 20선근접, MACD>Sig",3945,3670,4275,4635,"전동기, 발전기 및 전기 변환 · 공급 · 제어 장치 제조업",인프라·에너지,1.2,0.0,65.9,65.0,🔺 Watch (관찰·돌파예상),④ 바닥 반등 시도,📈 상승 추세가 견고하게 유지되고 있습니다. ✅ 20일선 부근의 안전한 눌림목 구간입니다.,20251209,20251209,27.1,12.92,-3.78,12.92,-16.7
KOSDAQ,오스코텍,039200,의약품 제조업,55300,201.1,21156.8,60.6,59.6,-1.06,-691.397,-219.96044,0.56,-9.34,3.95,28.75,12.92,15.83,3,,"RSI적정, 정배열(단), 장기추세(120↑)",55300,51400,59900,65000,의약품 제조업,바이오·의약품,1.1794871794871795,0.0,65.8,72.8,🔁 MR (반전),② 상승 후 조정,✅ 20일선 부근의 안전한 눌림목 구간입니다.,20251209,20251209,27.1,12.92,28.75,12.92,15.83
KOSPI,하나금융지주,086790,기타 금융업,93000,420.78,258843.0,51.2,42.7,-0.58,-127.0835,-151.24151,0.63,-4.42,2.42,11.64,27.1,-15.46,4,★,"RSI적정, 20선근접, 정배열(단), 장기추세(120↑)",93000,88300,98700,104800,기타 금융업,금융,1.2127659574468086,0.0,65.6,70.9,🔁 MR (반전),⑤ 하락 / 약세,✅ 20일선 부근의 안전한 눌림목 구간입니다.,20251209,20251209,27.1,12.92,11.64,27.1,-15.46
KOSPI,롯데에너지머티리얼즈,020150,전자부품 제조업,36700,160.5,19218.1,57.6,68.7,-7.09,-791.289,-244.42981,0.45,-13.14,-14.15,51.03,27.1,23.93,4,★,"RSI적정, 정배열(단), 장기추세(120↑), 자금유입(MFI)",36700,34150,39800,43100,전자부품 제조업,IT/전기전자,1.2156862745098038,0.0,65.6,76.1,🔁 MR (반전),② 상승 후 조정,💸 자금 유입이 꾸준히 이어지고 있습니다. 📉 과매도 구간으로 기술적 반등이 기대됩니다.,20251209,20251209,27.1,12.92,51.03,27.1,23.93
KOSPI,달바글로벌,483650,기타 화학제품 제조업,138200,170.21,17059.3,59.3,53.4,5.42,1634.4529,334.50923,1.18,5.18,5.74,-18.22,27.1,-45.32,2,,"RSI적정, MACD상승, MACD>Sig",135000,125600,146400,158700,기타 화학제품 제조업,화학·소재,1.2127659574468086,2.3703703703703702,65.4,68.9,🔻 REV (역추세 반등),④ 바닥 반등 시도,🚀 상승 에너지가 폭발적으로 증가하는 중입니다. ⚠️ 단기 급등으로 인한 조정 가능성을 염두에 두세요.,20251209,20251209,27.1,12.92,-18.22,27.1,-45.32
KOSPI,두산밥캣,241560,특수 목적용 기계 제조업,58800,99.19,56363.4,58.8,45.2,2.95,393.6584,-32.44869,0.81,4.07,6.91,8.69,27.1,-18.41,4,★,"RSI적정, 20선근접, 장기추세(120↑), MACD>Sig",58800,54700,63700,69100,특수 목적용 기계 제조업,조선·기계·설비,1.1951219512195121,0.0,65.4,75.0,↩️ PULL (눌림),⑤ 하락 / 약세,특이사항 없음. 기술적 지표를 참고하세요.,20251209,20251209,27.1,12.92,8.69,27.1,-18.41
KOSDAQ,테크윙,089030,특수 목적용 기계 제조업,45400,250.12,16822.4,36.5,40.2,-7.53,53.1274,0.56694,0.98,-4.12,0.67,11.41,12.92,-1.51,3,,"MACD상승, 장기추세(120↑), MACD>Sig",45400,42200,49200,53300,특수 목적용 기계 제조업,조선·기계·설비,1.1875,0.0,65.2,71.9,↩️ PULL (눌림),③ 박스 / 중립,📈 상승 추세가 견고하게 유지되고 있습니다. 📉 과매도 구간으로 기술적 반등이 기대됩니다.,20251209,20251209,27.1,12.92,11.41,12.92,-1.51
KOSPI,GS리테일,007070,종합 소매업,22750,50.39,19020.7,58.8,55.2,3.09,-95.9015,11.69041,1.06,0.66,3.88,38.72,27.1,11.62,5,★,"RSI적정, MACD상승, 20선근접, 정배열(단), 장기추세(120↑)",22750,21250,24500,26450,종합 소매업,유통·소비재,1.1666666666666667,0.0,65.1,66.9,🔺 Watch (상승 준비),① 강한 상승 추세,📈 상승 추세가 견고하게 유지되고 있습니다. ,20251209,20251209,27.1,12.92,38.72,27.1,11.62
KOSPI,S-Oil,010950,석유 정제품 제조업,80600,126.31,90741.7,28.8,40.4,-2.97,-832.6679,110.63961,0.4,-0.25,0.25,35.01,27.1,7.91,3,,"MACD상승, 정배열(단), 장기추세(120↑)",80600,75000,87400,94700,석유 정제품 제조업,기타,1.2142857142857142,0.0,65.0,74.7,↩️ PULL (눌림),⑤ 하락 / 약세,🚀 상승 에너지가 폭발적으로 증가하는 중입니다. ,20251209,20251209,27.1,12.92,35.01,27.1,7.91
KOSDAQ,다날,064260,소프트웨어 개발 및 공급업,6450,156.39,4842.1,45.5,78.8,-4.44,61.6792,-18.48071,0.91,-4.59,-1.83,-24.12,12.92,-37.04,2,,"RSI적정, 자금유입(MFI), MACD>Sig",6450,6000,6990,7580,소프트웨어 개발 및 공급업,IT/전기전자,1.2,0.0,64.8,71.9,🔁 MR (반전),⑤ 하락 / 약세,💰 외국인/기관의 강력한 수급이 집중되고 있습니다. ,20251209,20251209,27.1,12.92,-24.12,12.92,-37.04
KOSDAQ,인투셀,287840,자연과학 및 공학 연구개발업,64000,336.11,9598.5,58.7,72.3,5.0,-158.4774,-233.2076,0.58,-7.91,21.9,97.53,12.92,84.61,4,★,"RSI적정, 정배열(단), 장기추세(120↑), 자금유입(MFI)",62800,58400,68100,73800,자연과학 및 공학 연구개발업,기타,1.2045454545454546,1.910828025477707,64.7,71.4,🔺 Watch (상승 준비),② 상승 후 조정,💰 외국인/기관의 강력한 수급이 집중되고 있습니다. ,20251209,20251209,27.1,12.92,97.53,12.92,84.61
KOSPI,삼성생명,032830,보험업,157500,320.45,315000.0,71.2,81.0,2.37,840.7917,4.99953,0.75,1.35,7.36,0.0,27.1,-27.1,5,★,"MACD상승, 20선근접, 장기추세(120↑), 자금유입(MFI), MACD>Sig",157500,149200,167500,178300,보험업,금융,1.2048192771084338,0.0,64.5,71.7,🔺 Watch (상승 준비),④ 바닥 반등 시도,💰 외국인/기관의 강력한 수급이 집중되고 있습니다. 📈 상승 추세가 견고하게 유지되고 있습니다. ,20251209,20251209,27.1,12.92,0.0,27.1,-27.1
KOSPI,한국타이어앤테크놀로지,161390,고무제품 제조업,60700,141.7,75192.2,61.2,64.7,1.51,-423.5803,-118.91226,0.69,-0.98,3.94,54.06,27.1,26.96,5,★,"RSI적정, 20선근접, 정배열(단), 장기추세(120↑), 자금유입(MFI)",60700,57000,65100,69900,고무제품 제조업,화학·소재,1.1891891891891893,0.0,64.2,74.2,↩️ PULL (눌림),② 상승 후 조정,💸 자금 유입이 꾸준히 이어지고 있습니다. ✅ 20일선 부근의 안전한 눌림목 구간입니다.,20251209,20251209,27.1,12.92,54.06,27.1,26.96
KOSDAQ,피엔티,137400,특수 목적용 기계 제조업,43250,61.39,10268.9,65.6,72.1,4.96,291.5503,59.3689,0.99,2.73,14.12,14.12,12.92,1.2,6,★,"MACD상승, 20선근접, 정배열(단), 장기추세(120↑), 자금유입(MFI), MACD>Sig",42450,39600,46700,50900,특수 목적용 기계 제조업,조선·기계·설비,1.4912280701754386,1.884570082449941,64.2,63.4,🔺 Watch (관찰·돌파예상),③ 박스 / 중립,💰 외국인/기관의 강력한 수급이 집중되고 있습니다. 📈 상승 추세가 견고하게 유지되고 있습니다. ,20251209,20251209,27.1,12.92,14.12,12.92,1.2
KOSPI,한올바이오파마,009420,의약품 제조업,49000,243.62,25597.9,58.0,57.3,4.28,-99.9348,-240.00988,0.47,-7.2,14.89,46.71,27.1,19.61,4,★,"RSI적정, 20선근접, 정배열(단), 장기추세(120↑)",48400,45000,52500,56900,의약품 제조업,바이오·의약품,1.2058823529411764,1.2396694214876034,64.0,71.1,🔺 Watch (상승 준비),② 상승 후 조정,특이사항 없음. 기술적 지표를 참고하세요.,20251209,20251209,27.1,12.92,46.71,27.1,19.61
KOSDAQ,젬백스,082270,특수 목적용 기계 제조업,32050,127.73,13586.1,33.2,19.4,-9.32,51.2207,110.00608,0.91,6.83,-7.1,-43.27,12.92,-56.19,1,,"MACD상승, MACD>Sig",32050,29800,34750,37650,특수 목적용 기계 제조업,조선·기계·설비,1.2,0.0,64.0,74.1,🔺 Watch (관찰·돌파예상),④ 바닥 반등 시도,🚀 상승 에너지가 폭발적으로 증가하는 중입니다. 📉 과매도 구간으로 기술적 반등이 기대됩니다.,20251209,20251209,27.1,12.92,-43.27,12.92,-56.19
KOSPI,HL홀딩스,060980,기타 금융업,47650,88.65,4390.2,61.9,66.8,4.69,457.4815,-324.3344,2.03,0.74,9.67,16.79,27.1,-10.31,7,★,"RSI적정, 20선근접, 거래량↑, 정배열(단), 장기추세(120↑), 자금유입(MFI), MACD>Sig",46900,43600,51800,56700,기타 금융업,금융,1.4848484848484849,1.5991471215351813,63.8,63.9,🔺 Watch (상승 준비),⑤ 하락 / 약세,💸 자금 유입이 꾸준히 이어지고 있습니다. ,20251209,20251209,27.1,12.92,16.79,27.1,-10.31
KOSPI,효성,004800,기타 금융업,140700,58.98,23553.8,61.7,63.7,5.01,-259.1525,463.32202,0.71,9.75,8.73,60.62,27.1,33.52,5,★,"RSI적정, MACD상승, 정배열(단), 장기추세(120↑), 자금유입(MFI)",138000,128300,149600,162200,기타 금융업,금융,1.1958762886597938,1.956521739130435,63.8,65.3,🔼 BRK (돌파),① 강한 상승 추세,💸 자금 유입이 꾸준히 이어지고 있습니다. 🚀 상승 에너지가 폭발적으로 증가하는 중입니다. ⚠️ 단기 급등으로 인한 조정 가능성을 염두에 두세요.,20251209,20251209,27.1,12.92,60.62,27.1,33.52
KOSPI,해성디에스,195870,전자부품 제조업,53600,58.39,9112.0,44.7,47.2,1.97,-277.8042,56.30828,0.42,-0.37,5.3,124.27,27.1,97.17,4,★,"MACD상승, 20선근접, 정배열(단), 장기추세(120↑)",53600,49850,58100,63000,전자부품 제조업,IT/전기전자,1.2,0.0,63.8,70.1,↩️ PULL (눌림),⑤ 하락 / 약세,📈 상승 추세가 견고하게 유지되고 있습니다. ✅ 20일선 부근의 안전한 눌림목 구간입니다.,20251209,20251209,27.1,12.92,124.27,27.1,97.17
KOSDAQ,아이티센글로벌,124500,"컴퓨터 프로그래밍, 시스템 통합 및 관리업",22000,190.12,5105.0,62.7,56.9,5.47,-15.8789,102.30315,1.9,4.76,5.26,17.08,12.92,4.16,5,★,"RSI적정, MACD상승, 거래량↑, 정배열(단), 장기추세(120↑)",21500,19980,23300,25250,"컴퓨터 프로그래밍, 시스템 통합 및 관리업",IT/전기전자,1.1842105263157894,2.3255813953488373,63.7,68.5,🔼 BRK (돌파),③ 박스 / 중립,🚀 상승 에너지가 폭발적으로 증가하는 중입니다. ⚠️ 단기 급등으로 인한 조정 가능성을 염두에 두세요.,20251209,20251209,27.1,12.92,17.08,12.92,4.16
KOSPI,기업은행,024110,은행 및 저축기관,21000,188.42,167459.4,64.6,79.7,2.02,29.6484,-8.09079,0.87,-0.47,4.22,9.66,27.1,-17.44,6,★,"RSI적정, 20선근접, 정배열(단), 장기추세(120↑), 자금유입(MFI), MACD>Sig",21000,20250,22100,23200,은행 및 저축기관,금융,1.4666666666666666,0.0,63.7,72.2,↩️ PULL (눌림),⑤ 하락 / 약세,💰 외국인/기관의 강력한 수급이 집중되고 있습니다. ,20251209,20251209,27.1,12.92,9.66,27.1,-17.44
KOSPI,디아이,003160,"측정, 시험, 항해, 제어 및 기타 정밀기기 제조업; 광학기기 제외",22050,101.01,6240.1,28.0,32.3,-4.24,-143.8736,23.9979,0.36,2.08,6.01,56.83,27.1,29.73,3,,"MACD상승, 정배열(단), 장기추세(120↑)",22050,20500,23900,25900,"측정, 시험, 항해, 제어 및 기타 정밀기기 제조업; 광학기기 제외",기타,1.1935483870967742,0.0,63.7,74.4,🔺 Watch (관찰·돌파예상),⑤ 하락 / 약세,📈 상승 추세가 견고하게 유지되고 있습니다. ,20251209,20251209,27.1,12.92,56.83,27.1,29.73
KOSDAQ,큐리언트,115180,자연과학 및 공학 연구개발업,28700,62.32,10310.8,58.0,56.3,2.41,-99.4659,-201.36879,0.63,-7.87,20.84,126.34,12.92,113.42,4,★,"RSI적정, 20선근접, 정배열(단), 장기추세(120↑)",28700,26700,31100,33700,자연과학 및 공학 연구개발업,기타,1.2,0.0,63.7,70.3,🔁 MR (반전),② 상승 후 조정,특이사항 없음. 기술적 지표를 참고하세요.,20251209,20251209,27.1,12.92,126.34,12.92,113.42
KOSPI,KCC,002380,기타 화학제품 제조업,438000,58.87,38922.7,70.6,83.2,4.44,2226.7967,215.05684,0.57,4.16,7.35,6.05,27.1,-21.05,6,★,"MACD상승, 20선근접, 정배열(단), 장기추세(120↑), 자금유입(MFI), MACD>Sig",432000,406500,470000,508000,기타 화학제품 제조업,화학·소재,1.4901960784313726,1.3888888888888888,63.6,66.1,🔼 BRK (돌파),④ 바닥 반등 시도,💰 외국인/기관의 강력한 수급이 집중되고 있습니다. 🚀 상승 에너지가 폭발적으로 증가하는 중입니다. ,20251209,20251209,27.1,12.92,6.05,27.1,-21.05
KOSPI,LG디스플레이,034220,전자부품 제조업,12840,159.79,64200.0,58.3,63.5,1.04,92.4842,-5.63371,0.73,2.64,4.99,8.35,27.1,-18.75,5,★,"RSI적정, 20선근접, 장기추세(120↑), 자금유입(MFI), MACD>Sig",12840,12100,13730,14700,전자부품 제조업,IT/전기전자,1.2027027027027026,0.0,63.4,72.5,↩️ PULL (눌림),⑤ 하락 / 약세,💸 자금 유입이 꾸준히 이어지고 있습니다. ✅ 20일선 부근의 안전한 눌림목 구간입니다.,20251209,20251209,27.1,12.92,8.35,27.1,-18.75
KOSPI,SK바이오팜,326030,자연과학 및 공학 연구개발업,135100,322.3,105801.2,66.2,74.8,2.21,-685.4426,-78.37895,0.7,0.45,4.73,23.49,27.1,-3.61,4,★,"20선근접, 정배열(단), 장기추세(120↑), 자금유입(MFI)",135100,125600,146400,158700,자연과학 및 공학 연구개발업,기타,1.1894736842105262,0.0,63.2,72.2,↩️ PULL (눌림),③ 박스 / 중립,💰 외국인/기관의 강력한 수급이 집중되고 있습니다. ,20251209,20251209,27.1,12.92,23.49,27.1,-3.61
KOSPI,한화비전,489790,통신 및 방송 장비 제조업,41600,100.79,21003.2,22.9,27.8,-7.31,-99.3936,20.77539,0.61,-4.26,-6.31,-28.77,27.1,-55.87,0,,MACD상승,41600,38700,45100,48900,통신 및 방송 장비 제조업,IT/전기전자,1.206896551724138,0.0,63.0,72.4,↩️ PULL (눌림),④ 바닥 반등 시도,📈 상승 추세가 견고하게 유지되고 있습니다. 📉 과매도 구간으로 기술적 반등이 기대됩니다.,20251209,20251209,27.1,12.92,-28.77,27.1,-55.87
KOSDAQ,한빛레이저,452190,특수 목적용 기계 제조업,5130,77.17,1198.7,60.2,75.9,4.52,31.5931,15.37211,5.56,0.39,8.92,10.32,12.92,-2.6,7,★,"RSI적정, MACD상승, 20선근접, 거래량↑, 장기추세(120↑), 자금유입(MFI), MACD>Sig",5060,4700,5590,6120,특수 목적용 기계 제조업,조선·기계·설비,1.4722222222222223,1.383399209486166,62.9,67.4,🔺 Watch (상승 준비),③ 박스 / 중립,💰 외국인/기관의 강력한 수급이 집중되고 있습니다. 📈 상승 추세가 견고하게 유지되고 있습니다. ,20251209,20251209,27.1,12.92,10.32,12.92,-2.6
KOSPI,메리츠금융지주,138040,기타 금융업,110100,167.93,192919.2,54.5,44.6,-1.02,235.9374,11.1201,0.57,0.27,2.42,-12.55,27.1,-39.65,2,,"RSI적정, MACD상승, MACD>Sig",110100,105600,115500,121300,기타 금융업,금융,1.2,0.0,62.3,68.8,🔺 Watch (상승 준비),④ 바닥 반등 시도,📈 상승 추세가 견고하게 유지되고 있습니다. ✅ 20일선 부근의 안전한 눌림목 구간입니다.,20251209,20251209,27.1,12.92,-12.55,27.1,-39.65
KOSPI,한국카본,017960,"구조용 금속제품, 탱크 및 증기발생기 제조업",30100,196.51,15624.4,62.7,67.0,6.41,439.9369,148.37424,1.34,8.08,13.16,-9.47,27.1,-36.57,4,★,"RSI적정, MACD상승, 거래량↑, 자금유입(MFI), MACD>Sig",29150,27100,31600,34250,"구조용 금속제품, 탱크 및 증기발생기 제조업",기타,1.1951219512195121,3.2590051457975986,62.2,65.5,🔼 BRK (돌파),④ 바닥 반등 시도,💸 자금 유입이 꾸준히 이어지고 있습니다. 🚀 상승 에너지가 폭발적으로 증가하는 중입니다. ⚠️ 단기 급등으로 인한 조정 가능성을 염두에 두세요.,20251209,20251209,27.1,12.92,-9.47,27.1,-36.57
KOSDAQ,HPSP,403870,특수 목적용 기계 제조업,30100,77.98,25133.1,57.0,63.1,-0.5,190.9079,-26.36244,0.56,-3.68,6.55,9.85,12.92,-3.07,5,★,"RSI적정, 20선근접, 장기추세(120↑), 자금유입(MFI), MACD>Sig",30100,28000,32650,35350,특수 목적용 기계 제조업,조선·기계·설비,1.2142857142857142,0.0,62.2,65.4,🔁 MR (반전),③ 박스 / 중립,💸 자금 유입이 꾸준히 이어지고 있습니다. ✅ 20일선 부근의 안전한 눌림목 구간입니다.,20251209,20251209,27.1,12.92,9.85,12.92,-3.07
KOSDAQ,씨어스테크놀로지,458870,의료용 기기 제조업,108500,404.23,13742.5,36.0,39.8,-12.57,-4093.2497,-753.68709,1.23,-15.83,-12.29,77.58,12.92,64.66,3,,"거래량↑, 정배열(단), 장기추세(120↑)",108500,100900,117600,127500,의료용 기기 제조업,기타,1.1973684210526316,0.0,62.0,72.6,🔁 MR (반전),② 상승 후 조정,📉 과매도 구간으로 기술적 반등이 기대됩니다.,20251209,20251209,27.1,12.92,77.58,12.92,64.66
KOSDAQ,켐트로닉스,089010,기타 화학제품 제조업,32050,897.93,5236.8,67.4,82.9,5.68,283.0661,67.27515,4.36,3.05,11.87,14.67,12.92,1.75,5,★,"MACD상승, 거래량↑, 장기추세(120↑), 자금유입(MFI), MACD>Sig",31250,29050,33850,36700,기타 화학제품 제조업,화학·소재,1.1818181818181819,2.56,61.9,64.3,🔼 BRK (돌파),③ 박스 / 중립,💰 외국인/기관의 강력한 수급이 집중되고 있습니다. 📈 상승 추세가 견고하게 유지되고 있습니다. ⚠️ 단기 급등으로 인한 조정 가능성을 염두에 두세요.,20251209,20251209,27.1,12.92,14.67,12.92,1.75
KOSPI,엠앤씨솔루션,484870,특수 목적용 기계 제조업,144300,97.89,13209.1,44.3,48.6,3.27,2850.557,1066.07689,1.56,15.53,11.0,-29.78,27.1,-56.88,3,,"MACD상승, 20선근접, 거래량↑, MACD>Sig",143900,133800,156000,169100,특수 목적용 기계 제조업,조선·기계·설비,1.198019801980198,0.27797081306462823,61.9,76.5,🔻 REV (역추세 반등),④ 바닥 반등 시도,🚀 상승 에너지가 폭발적으로 증가하는 중입니다. ,20251209,20251209,27.1,12.92,-29.78,27.1,-56.88
KOSDAQ,덕산네오룩스,213420,전자부품 제조업,40150,95.51,9969.7,63.5,63.7,1.19,417.636,-164.86162,1.25,-3.83,10.61,-18.39,12.92,-31.31,4,★,"RSI적정, 20선근접, 거래량↑, 자금유입(MFI), MACD>Sig",40150,37350,43500,47200,전자부품 제조업,반도체,1.1964285714285714,0.0,61.8,65.4,🔁 MR (반전),⑤ 하락 / 약세,💸 자금 유입이 꾸준히 이어지고 있습니다. ✅ 20일선 부근의 안전한 눌림목 구간입니다.,20251209,20251209,27.1,12.92,-18.39,12.92,-31.31
KOSPI,기아,000270,자동차용 엔진 및 자동차 제조업,123800,1200.04,483331.3,69.0,63.0,6.17,1026.8725,12.15409,1.07,5.81,11.33,17.35,27.1,-9.75,5,★,"MACD상승, 정배열(단), 장기추세(120↑), 자금유입(MFI), MACD>Sig",120100,113800,127600,135800,자동차용 엔진 및 자동차 제조업,자동차·모빌리티,1.1904761904761905,3.0807660283097418,61.7,57.2,🔼 BRK (돌파),④ 바닥 반등 시도,💸 자금 유입이 꾸준히 이어지고 있습니다. 📈 상승 추세가 견고하게 유지되고 있습니다. ⚠️ 단기 급등으로 인한 조정 가능성을 염두에 두세요.,20251209,20251209,27.1,12.92,17.35,27.1,-9.75
KOSDAQ,피앤에스로보틱스,460940,의료용 기기 제조업,11810,69.68,1550.8,60.2,67.0,-1.41,-105.2593,-60.38378,0.24,-3.43,-7.01,66.69,12.92,53.77,4,★,"RSI적정, 정배열(단), 장기추세(120↑), 자금유입(MFI)",11810,10980,12800,13880,의료용 기기 제조업,기타,1.1927710843373494,0.0,61.7,67.4,🔁 MR (반전),② 상승 후 조정,💸 자금 유입이 꾸준히 이어지고 있습니다. ✅ 20일선 부근의 안전한 눌림목 구간입니다.,20251209,20251209,27.1,12.92,66.69,12.92,53.77
KOSDAQ,에이치엔에스하이텍,044990,전자부품 제조업,21800,75.13,1675.4,58.4,61.9,3.68,-10.8995,-150.30932,0.93,-5.22,5.57,53.95,12.92,41.03,5,★,"RSI적정, 20선근접, 정배열(단), 장기추세(120↑), 자금유입(MFI)",21650,20150,23500,25450,전자부품 제조업,IT/전기전자,1.2333333333333334,0.6928406466512702,61.5,64.5,🔺 Watch (상승 준비),② 상승 후 조정,💸 자금 유입이 꾸준히 이어지고 있습니다. ,20251209,20251209,27.1,12.92,53.95,12.92,41.03
KOSPI,DB손해보험,005830,보험업,121700,145.65,86163.6,53.7,59.9,-3.41,29.7212,-149.88945,0.52,-4.55,1.5,-12.82,27.1,-39.92,1,,"RSI적정, MACD>Sig",121700,114400,130400,139800,보험업,금융,1.1917808219178083,0.0,61.3,69.8,🔁 MR (반전),⑤ 하락 / 약세,특이사항 없음. 기술적 지표를 참고하세요.,20251209,20251209,27.1,12.92,-12.82,27.1,-39.92
KOSDAQ,하림지주,003380,기타 금융업,8710,50.87,9755.7,65.2,69.9,3.4,65.0052,-38.39702,1.42,0.81,8.6,6.48,12.92,-6.44,6,★,"20선근접, 거래량↑, 정배열(단), 장기추세(120↑), 자금유입(MFI), MACD>Sig",8680,8070,9590,10500,기타 금융업,금융,1.4918032786885247,0.3456221198156682,61.3,65.4,🔺 Watch (상승 준비),⑤ 하락 / 약세,💸 자금 유입이 꾸준히 이어지고 있습니다. ,20251209,20251209,27.1,12.92,6.48,12.92,-6.44
KOSDAQ,HK이노엔,195940,의약품 제조업,51500,72.48,14589.9,57.0,57.7,1.16,-9.3864,-57.66738,0.62,-2.28,5.42,9.46,12.92,-3.46,4,★,"RSI적정, 20선근접, 정배열(단), 장기추세(120↑)",51500,48000,55700,60300,의약품 제조업,바이오·의약품,1.2,0.0,61.1,64.6,🔁 MR (반전),③ 박스 / 중립,✅ 20일선 부근의 안전한 눌림목 구간입니다.,20251209,20251209,27.1,12.92,9.46,12.92,-3.46
KOSDAQ,케어젠,214370,기초 의약물질 제조업,73100,67.72,39265.7,56.6,67.6,0.95,-666.796,-173.73969,0.33,-5.06,-12.14,33.39,12.92,20.47,5,★,"RSI적정, 20선근접, 정배열(단), 장기추세(120↑), 자금유입(MFI)",73100,68000,79200,85900,기초 의약물질 제조업,기타,1.196078431372549,0.0,61.1,65.6,🔁 MR (반전),② 상승 후 조정,💸 자금 유입이 꾸준히 이어지고 있습니다. ✅ 20일선 부근의 안전한 눌림목 구간입니다.,20251209,20251209,27.1,12.92,33.39,12.92,20.47
KOSPI,CJ,001040,기타 금융업,183700,93.42,53598.1,57.4,65.5,2.51,762.4522,-305.85086,0.29,4.08,5.27,-1.97,27.1,-29.07,5,★,"RSI적정, 20선근접, 장기추세(120↑), 자금유입(MFI), MACD>Sig",183700,170800,199100,216000,기타 금융업,금융,1.193798449612403,0.0,61.0,65.0,↩️ PULL (눌림),⑤ 하락 / 약세,💸 자금 유입이 꾸준히 이어지고 있습니다. ,20251209,20251209,27.1,12.92,-1.97,27.1,-29.07
KOSDAQ,파마리서치,214450,의료용품 및 기타 의약 관련제품 제조업,389000,413.49,40415.7,39.9,30.5,-9.68,-513.0881,-297.22285,0.59,-7.6,-4.54,-42.11,12.92,-55.03,-1,,,389000,362000,421500,457000,의료용품 및 기타 의약 관련제품 제조업,기타,1.2037037037037037,0.0,60.9,69.2,🔁 MR (반전),⑤ 하락 / 약세,📉 과매도 구간으로 기술적 반등이 기대됩니다.,20251209,20251209,27.1,12.92,-42.11,12.92,-55.03
KOSDAQ,피에스케이,319660,특수 목적용 기계 제조업,31400,58.72,9095.5,42.2,58.5,-2.27,67.3406,24.49123,0.61,-3.68,6.44,26.87,12.92,13.95,3,,"MACD상승, 장기추세(120↑), MACD>Sig",31400,29200,34050,36900,특수 목적용 기계 제조업,조선·기계·설비,1.2045454545454546,0.0,60.8,63.8,↩️ PULL (눌림),⑤ 하락 / 약세,📈 상승 추세가 견고하게 유지되고 있습니다. ,20251209,20251209,27.1,12.92,26.87,12.92,13.95
KOSPI,한국가스공사,036460,연료용 가스 제조 및 배관공급업,41950,62.43,38725.3,63.5,64.1,1.41,112.8953,-18.16913,0.74,1.33,4.09,5.27,27.1,-21.83,6,★,"RSI적정, 20선근접, 정배열(단), 장기추세(120↑), 자금유입(MFI), MACD>Sig",41950,40200,44600,47200,연료용 가스 제조 및 배관공급업,기타,1.5142857142857142,0.0,60.7,64.4,↩️ PULL (눌림),⑤ 하락 / 약세,💸 자금 유입이 꾸준히 이어지고 있습니다. ✅ 20일선 부근의 안전한 눌림목 구간입니다.,20251209,20251209,27.1,12.92,5.27,27.1,-21.83
KOSDAQ,유니셈,036200,특수 목적용 기계 제조업,9660,61.9,2962.2,41.4,50.3,-1.71,-33.323,24.23392,1.04,-0.21,-2.23,13.78,12.92,0.86,2,,"MACD상승, 장기추세(120↑)",9660,8980,10470,11350,특수 목적용 기계 제조업,조선·기계·설비,1.1911764705882353,0.0,60.7,62.3,↩️ PULL (눌림),③ 박스 / 중립,📈 상승 추세가 견고하게 유지되고 있습니다. ✅ 20일선 부근의 안전한 눌림목 구간입니다.,20251209,20251209,27.1,12.92,13.78,12.92,0.86
KOSPI,NH투자증권,005940,금융 지원 서비스업,21000,111.23,74832.3,51.0,53.9,-0.4,-1.518,-14.37435,0.83,-0.71,2.19,3.96,27.1,-23.14,4,★,"RSI적정, 20선근접, 정배열(단), 장기추세(120↑)",21000,19950,22250,23600,금융 지원 서비스업,금융,1.1904761904761905,0.0,60.5,70.4,↩️ PULL (눌림),⑤ 하락 / 약세,✅ 20일선 부근의 안전한 눌림목 구간입니다.,20251209,20251209,27.1,12.92,3.96,27.1,-23.14
KOSDAQ,에스엠,041510,오디오물 출판 및 원판 녹음업,101600,67.55,23261.0,50.5,44.2,-1.12,825.8218,-200.41097,0.54,-4.96,5.28,-26.8,12.92,-39.72,1,,"RSI적정, MACD>Sig",101600,94500,110100,119400,오디오물 출판 및 원판 녹음업,미디어·콘텐츠,1.1971830985915493,0.0,60.5,62.3,🔁 MR (반전),⑤ 하락 / 약세,✅ 20일선 부근의 안전한 눌림목 구간입니다.,20251209,20251209,27.1,12.92,-26.8,12.92,-39.72
KOSDAQ,파두,440110,반도체 제조업,24600,56.07,12165.1,56.7,55.2,-1.63,-154.1886,-75.3334,0.33,-5.75,9.09,45.65,12.92,32.73,3,,"RSI적정, 정배열(단), 장기추세(120↑)",24600,22900,26650,28900,반도체 제조업,반도체,1.2058823529411764,0.0,60.4,64.4,🔁 MR (반전),② 상승 후 조정,✅ 20일선 부근의 안전한 눌림목 구간입니다.,20251209,20251209,27.1,12.92,45.65,12.92,32.73
KOSPI,한화솔루션,009830,기초 화학물질 제조업,27450,107.63,47184.5,55.2,40.3,-0.97,76.8608,-16.20523,0.62,-0.54,0.0,-5.18,27.1,-32.28,2,,"RSI적정, 20선근접, MACD>Sig",27450,25900,29300,31300,기초 화학물질 제조업,화학·소재,1.1935483870967742,0.0,60.3,68.9,↩️ PULL (눌림),⑤ 하락 / 약세,✅ 20일선 부근의 안전한 눌림목 구간입니다.,20251209,20251209,27.1,12.92,-5.18,27.1,-32.28
KOSDAQ,JYP Ent.,035900,오디오물 출판 및 원판 녹음업,67800,80.31,24091.0,54.2,57.4,0.11,431.3369,4.58695,0.42,-1.17,7.62,-9.6,12.92,-22.52,3,,"RSI적정, MACD상승, 20선근접, MACD>Sig",67800,64400,71900,76300,오디오물 출판 및 원판 녹음업,미디어·콘텐츠,1.2058823529411764,0.0,60.3,61.2,↩️ PULL (눌림),④ 바닥 반등 시도,📈 상승 추세가 견고하게 유지되고 있습니다. ✅ 20일선 부근의 안전한 눌림목 구간입니다.,20251209,20251209,27.1,12.92,-9.6,12.92,-22.52
KOSPI,HD현대인프라코어,042670,특수 목적용 기계 제조업,15080,109.46,28478.8,72.9,64.8,4.6,120.3148,1.36756,0.71,2.52,4.87,-3.08,27.1,-30.18,5,★,"MACD상승, 20선근접, 장기추세(120↑), 자금유입(MFI), MACD>Sig",14850,13810,16100,17450,특수 목적용 기계 제조업,조선·기계·설비,1.2019230769230769,1.5488215488215489,60.2,67.6,🔻 REV (역추세 반등),④ 바닥 반등 시도,💸 자금 유입이 꾸준히 이어지고 있습니다. 📈 상승 추세가 견고하게 유지되고 있습니다. ,20251209,20251209,27.1,12.92,-3.08,27.1,-30.18
KOSPI,F&F,383220,봉제의복 제조업,72500,51.0,27772.6,47.3,38.7,-1.45,-357.9076,-57.8317,0.7,-2.55,1.26,4.92,27.1,-22.18,3,,"RSI적정, 정배열(단), 장기추세(120↑)",72500,67400,78600,85200,봉제의복 제조업,유통·소비재,1.196078431372549,0.0,60.2,62.0,🔁 MR (반전),⑤ 하락 / 약세,✅ 20일선 부근의 안전한 눌림목 구간입니다.,20251209,20251209,27.1,12.92,4.92,27.1,-22.18
KOSPI,코오롱,002020,기타 금융업,49650,52.36,6269.0,52.3,42.4,-2.19,-416.5936,-159.16905,0.61,-7.2,3.55,8.29,27.1,-18.81,3,,"RSI적정, 정배열(단), 장기추세(120↑)",49650,46150,53800,58300,기타 금융업,금융,1.1857142857142857,0.0,60.1,62.0,🔁 MR (반전),⑤ 하락 / 약세,특이사항 없음. 기술적 지표를 참고하세요.,20251209,20251209,27.1,12.92,8.29,27.1,-18.81
KOSPI,SNT에너지,100840,일반 목적용 기계 제조업,41700,57.88,8623.9,57.1,57.5,4.91,825.0975,45.43333,0.95,3.47,11.8,-30.62,27.1,-57.72,3,,"RSI적정, MACD상승, 20선근접, MACD>Sig",40950,38050,44400,48100,일반 목적용 기계 제조업,조선·기계·설비,1.1896551724137931,1.8315018315018317,60.0,57.6,🔻 REV (역추세 반등),④ 바닥 반등 시도,📈 상승 추세가 견고하게 유지되고 있습니다. ,20251209,20251209,27.1,12.92,-30.62,27.1,-57.72
KOSPI,대원전선,006340,절연선 및 케이블 제조업,3595,79.15,2752.3,56.5,62.4,-3.26,-39.4632,-4.07981,0.33,-6.38,-0.96,26.58,27.1,-0.52,4,★,"RSI적정, 정배열(단), 장기추세(120↑), 자금유입(MFI)",3595,3345,3895,4225,절연선 및 케이블 제조업,기타,1.2,0.0,59.9,64.5,🔁 MR (반전),③ 박스 / 중립,💸 자금 유입이 꾸준히 이어지고 있습니다. ,20251209,20251209,27.1,12.92,26.58,27.1,-0.52
KOSDAQ,펩트론,087010,기초 의약물질 제조업,267000,427.63,62257.3,36.8,31.3,-14.18,-7914.2617,-361.0376,0.39,-8.4,-16.17,-9.8,12.92,-22.72,0,,정배열(단),267000,248500,289500,313500,기초 의약물질 제조업,기타,1.2162162162162162,0.0,59.8,69.5,🔁 MR (반전),⑤ 하락 / 약세,📉 과매도 구간으로 기술적 반등이 기대됩니다.,20251209,20251209,27.1,12.92,-9.8,12.92,-22.72
KOSPI,유한양행,000100,의약품 제조업,116500,265.94,93163.2,51.2,52.9,-2.15,-337.4839,-76.42724,0.46,-2.92,1.75,-2.84,27.1,-29.94,3,,"RSI적정, 정배열(단), 장기추세(120↑)",116500,110700,123400,131000,의약품 제조업,바이오·의약품,1.1896551724137931,0.0,59.8,67.6,🔁 MR (반전),⑤ 하락 / 약세,특이사항 없음. 기술적 지표를 참고하세요.,20251209,20251209,27.1,12.92,-2.84,27.1,-29.94
KOSDAQ,유진테크,084370,특수 목적용 기계 제조업,76000,89.15,17416.2,23.4,31.1,-7.77,-828.4798,64.72755,0.45,-5.24,-1.55,54.79,12.92,41.87,3,,"MACD상승, 정배열(단), 장기추세(120↑)",76000,70700,82400,89300,특수 목적용 기계 제조업,조선·기계·설비,1.2075471698113207,0.0,59.8,65.5,↩️ PULL (눌림),⑤ 하락 / 약세,📈 상승 추세가 견고하게 유지되고 있습니다. 📉 과매도 구간으로 기술적 반등이 기대됩니다.,20251209,20251209,27.1,12.92,54.79,12.92,41.87
KOSPI,현대백화점,069960,종합 소매업,90800,76.74,20547.0,47.0,55.7,-2.52,-614.534,-194.85581,0.73,-7.82,1.68,17.46,27.1,-9.64,3,,"RSI적정, 정배열(단), 장기추세(120↑)",90800,84400,98400,106700,종합 소매업,유통·소비재,1.1875,0.0,59.7,61.9,🔁 MR (반전),⑤ 하락 / 약세,특이사항 없음. 기술적 지표를 참고하세요.,20251209,20251209,27.1,12.92,17.46,27.1,-9.64
KOSPI,우리금융지주,316140,기타 금융업,27950,438.16,205174.3,67.6,74.1,3.68,160.1254,-50.29704,0.79,-3.62,8.54,13.16,27.1,-13.94,5,★,"20선근접, 정배열(단), 장기추세(120↑), 자금유입(MFI), MACD>Sig",27750,26250,29600,31550,기타 금융업,금융,1.2333333333333334,0.7207207207207207,59.6,66.5,🔺 Watch (상승 준비),⑤ 하락 / 약세,💰 외국인/기관의 강력한 수급이 집중되고 있습니다. ,20251209,20251209,27.1,12.92,13.16,27.1,-13.94
KOSPI,코오롱인더,120110,화학섬유 제조업,45350,117.54,12479.9,57.9,49.6,6.57,217.2381,39.9149,0.72,5.71,14.96,19.34,27.1,-7.76,5,★,"RSI적정, MACD상승, 정배열(단), 장기추세(120↑), MACD>Sig",43850,40750,47500,51500,화학섬유 제조업,화학·소재,1.1774193548387097,3.4207525655644244,59.6,62.5,🔻 REV (역추세 반등),④ 바닥 반등 시도,📈 상승 추세가 견고하게 유지되고 있습니다. ⚠️ 단기 급등으로 인한 조정 가능성을 염두에 두세요.,20251209,20251209,27.1,12.92,19.34,27.1,-7.76
KOSPI,한화투자증권,003530,금융 지원 서비스업,4690,74.59,10062.3,45.1,35.1,-5.37,-4.9942,-2.7646,0.95,-2.6,-5.06,-22.09,27.1,-49.19,0,,RSI적정,4690,4360,5080,5510,금융 지원 서비스업,금융,1.1818181818181819,0.0,59.6,61.6,🔁 MR (반전),⑤ 하락 / 약세,📉 과매도 구간으로 기술적 반등이 기대됩니다.,20251209,20251209,27.1,12.92,-22.09,27.1,-49.19
KOSDAQ,스피어,347700,소프트웨어 개발 및 공급업,8450,58.2,3314.8,41.6,44.7,0.28,18.5526,34.5419,2.04,2.92,-1.29,-16.83,12.92,-29.75,3,,"MACD상승, 20선근접, 거래량↑, MACD>Sig",8450,7860,9160,9930,소프트웨어 개발 및 공급업,IT/전기전자,1.2033898305084745,0.0,59.6,62.6,🔺 Watch (관찰·돌파예상),④ 바닥 반등 시도,📈 상승 추세가 견고하게 유지되고 있습니다. ✅ 20일선 부근의 안전한 눌림목 구간입니다.,20251209,20251209,27.1,12.92,-16.83,12.92,-29.75
KOSPI,롯데케미칼,011170,기초 화학물질 제조업,73000,58.14,31226.1,26.9,54.6,-5.57,-705.35,78.8616,0.38,-1.88,-2.01,10.44,27.1,-16.66,3,,"MACD상승, 정배열(단), 장기추세(120↑)",73000,67900,79100,85800,기초 화학물질 제조업,화학·소재,1.196078431372549,0.0,59.2,63.3,↩️ PULL (눌림),④ 바닥 반등 시도,📈 상승 추세가 견고하게 유지되고 있습니다. 📉 과매도 구간으로 기술적 반등이 기대됩니다.,20251209,20251209,27.1,12.92,10.44,27.1,-16.66
KOSDAQ,우리기술투자,041190,기타 금융업,7890,52.29,6627.6,50.9,34.7,-6.31,-10.8735,-14.9889,0.71,-4.13,-10.95,-22.87,12.92,-35.79,0,,RSI적정,7890,7340,8550,9270,기타 금융업,금융,1.2,0.0,59.2,61.9,🔁 MR (반전),⑤ 하락 / 약세,📉 과매도 구간으로 기술적 반등이 기대됩니다.,20251209,20251209,27.1,12.92,-22.87,12.92,-35.79
KOSPI,코웨이,021240,그외 기타 개인 서비스업,84600,217.93,60835.1,43.1,57.7,-3.73,83.2507,-194.84391,1.21,-4.84,-4.94,-15.4,27.1,-42.5,1,,"거래량↑, MACD>Sig",84600,79000,91300,98600,그외 기타 개인 서비스업,서비스 기타,1.1964285714285714,0.0,59.1,68.4,🔁 MR (반전),⑤ 하락 / 약세,특이사항 없음. 기술적 지표를 참고하세요.,20251209,20251209,27.1,12.92,-15.4,27.1,-42.5
KOSPI,파라다이스,034230,유원지 및 기타 오락관련 서비스업,18040,194.87,16670.0,62.5,60.5,6.52,205.9894,3.97618,0.63,-0.93,7.83,-15.9,27.1,-43.0,3,,"RSI적정, MACD상승, 자금유입(MFI), MACD>Sig",17440,16220,18910,20500,유원지 및 기타 오락관련 서비스업,서비스 기타,1.2049180327868851,3.4403669724770642,59.1,58.9,↩️ PULL (눌림),④ 바닥 반등 시도,💸 자금 유입이 꾸준히 이어지고 있습니다. 📈 상승 추세가 견고하게 유지되고 있습니다. ⚠️ 단기 급등으로 인한 조정 가능성을 염두에 두세요.,20251209,20251209,27.1,12.92,-15.9,27.1,-43.0
KOSDAQ,티에프이,425420,전자부품 제조업,39050,55.0,4670.7,46.4,55.9,-7.71,-462.7495,-295.29526,0.88,-13.41,-17.44,-11.15,12.92,-24.07,3,,"RSI적정, 정배열(단), 장기추세(120↑)",39050,36300,42350,45900,전자부품 제조업,IT/전기전자,1.2,0.0,59.1,62.0,🔁 MR (반전),⑤ 하락 / 약세,📉 과매도 구간으로 기술적 반등이 기대됩니다.,20251209,20251209,27.1,12.92,-11.15,12.92,-24.07
KOSPI,현대해상,001450,보험업,29250,54.09,26149.5,60.4,51.5,-0.02,-18.1209,-65.07359,0.42,-3.94,1.21,5.79,27.1,-21.31,4,★,"RSI적정, 20선근접, 정배열(단), 장기추세(120↑)",29250,27500,31350,33600,보험업,금융,1.2,0.0,58.8,62.6,🔁 MR (반전),⑤ 하락 / 약세,✅ 20일선 부근의 안전한 눌림목 구간입니다.,20251209,20251209,27.1,12.92,5.79,27.1,-21.31
KOSPI,카카오페이,377300,금융 지원 서비스업,48350,104.64,65340.1,39.7,35.4,-3.32,-33.8252,2.90765,0.59,-0.31,-2.13,-7.55,27.1,-34.65,0,,MACD상승,48350,45950,51300,54400,금융 지원 서비스업,인터넷/플랫폼·게임,1.2291666666666667,0.0,58.7,68.2,↩️ PULL (눌림),④ 바닥 반등 시도,📈 상승 추세가 견고하게 유지되고 있습니다. ,20251209,20251209,27.1,12.92,-7.55,27.1,-34.65
KOSPI,포스코DX,022100,"건축기술, 엔지니어링 및 관련 기술 서비스업",28100,385.99,42721.8,69.9,84.4,8.69,287.8922,47.00781,2.25,5.64,19.07,27.44,27.1,0.34,6,★,"MACD상승, 거래량↑, 정배열(단), 장기추세(120↑), 자금유입(MFI), MACD>Sig",26650,24750,29400,32200,"건축기술, 엔지니어링 및 관련 기술 서비스업",서비스 기타,1.4473684210526316,5.440900562851782,58.1,56.6,🔼 BRK (돌파),③ 박스 / 중립,💰 외국인/기관의 강력한 수급이 집중되고 있습니다. 📈 상승 추세가 견고하게 유지되고 있습니다. ⚠️ 단기 급등으로 인한 조정 가능성을 염두에 두세요.,20251209,20251209,27.1,12.92,27.44,27.1,0.34
KOSPI,한전기술,052690,"건축기술, 엔지니어링 및 관련 기술 서비스업",96200,90.49,36767.6,60.7,62.8,3.93,842.6829,-36.1729,0.56,6.77,7.97,4.11,27.1,-22.99,5,★,"RSI적정, 20선근접, 장기추세(120↑), 자금유입(MFI), MACD>Sig",95300,88700,103300,112000,"건축기술, 엔지니어링 및 관련 기술 서비스업",서비스 기타,1.2121212121212122,0.944386149003148,58.1,60.8,🔺 Watch (상승 준비),⑤ 하락 / 약세,💸 자금 유입이 꾸준히 이어지고 있습니다. ,20251209,20251209,27.1,12.92,4.11,27.1,-22.99
KOSDAQ,펄어비스,263750,소프트웨어 개발 및 공급업,37150,175.56,23868.1,41.4,48.0,-1.99,-56.9622,-75.95152,0.65,-4.01,2.77,12.41,12.92,-0.51,2,,"정배열(단), 장기추세(120↑)",37150,34900,39900,42850,소프트웨어 개발 및 공급업,IT/전기전자,1.2222222222222223,0.0,57.9,68.0,🔁 MR (반전),③ 박스 / 중립,✅ 20일선 부근의 안전한 눌림목 구간입니다.,20251209,20251209,27.1,12.92,12.41,12.92,-0.51
KOSDAQ,지노믹트리,228760,자연과학 및 공학 연구개발업,27800,71.96,6778.2,61.5,72.8,8.54,97.5933,12.39572,1.32,8.81,15.83,26.94,12.92,14.02,7,★,"RSI적정, MACD상승, 거래량↑, 정배열(단), 장기추세(120↑), 자금유입(MFI), MACD>Sig",26400,24550,29150,31900,자연과학 및 공학 연구개발업,기타,1.4864864864864864,5.303030303030303,57.8,50.3,🔼 BRK (돌파),① 강한 상승 추세,💰 외국인/기관의 강력한 수급이 집중되고 있습니다. 📈 상승 추세가 견고하게 유지되고 있습니다. ⚠️ 단기 급등으로 인한 조정 가능성을 염두에 두세요.,20251209,20251209,27.1,12.92,26.94,12.92,14.02
KOSPI,GS건설,006360,건물 건설업,19370,92.96,16577.1,53.8,60.2,1.59,77.0166,-29.42293,1.06,1.79,4.48,0.89,27.1,-26.21,4,★,"RSI적정, 20선근접, 정배열(단), 자금유입(MFI), MACD>Sig",19370,18240,20700,22200,건물 건설업,건설·부동산,1.176991150442478,0.0,57.4,62.1,↩️ PULL (눌림),⑤ 하락 / 약세,💸 자금 유입이 꾸준히 이어지고 있습니다. ✅ 20일선 부근의 안전한 눌림목 구간입니다.,20251209,20251209,27.1,12.92,0.89,27.1,-26.21
KOSDAQ,실리콘투,257720,상품 종합 도매업,41150,149.92,25172.2,30.0,40.2,-6.87,-416.6095,-64.98337,0.49,-8.76,-8.04,-3.06,12.92,-15.98,0,,정배열(단),41150,38250,44600,48350,상품 종합 도매업,기타,1.1896551724137931,0.0,57.3,69.2,🔁 MR (반전),⑤ 하락 / 약세,📉 과매도 구간으로 기술적 반등이 기대됩니다.,20251209,20251209,27.1,12.92,-3.06,12.92,-15.98
KOSDAQ,앱클론,174900,의료용품 및 기타 의약 관련제품 제조업,36700,88.5,7007.1,61.2,58.3,4.69,-419.9638,-296.71524,0.53,-13.34,4.11,189.89,12.92,176.97,4,★,"RSI적정, 20선근접, 정배열(단), 장기추세(120↑)",36100,33600,39150,42450,의료용품 및 기타 의약 관련제품 제조업,기타,1.22,1.662049861495845,57.3,61.2,🔺 Watch (상승 준비),② 상승 후 조정,특이사항 없음. 기술적 지표를 참고하세요.,20251209,20251209,27.1,12.92,189.89,12.92,176.97
KOSPI,에코프로머티,450080,일차전지 및 이차전지 제조업,65300,499.14,45665.9,66.8,79.9,9.57,652.5986,279.44182,2.47,8.47,22.98,32.05,27.1,4.95,6,★,"MACD상승, 거래량↑, 정배열(단), 장기추세(120↑), 자금유입(MFI), MACD>Sig",61400,57100,67800,74300,일차전지 및 이차전지 제조업,2차전지,1.4883720930232558,6.351791530944626,56.9,57.5,🔼 BRK (돌파),③ 박스 / 중립,💰 외국인/기관의 강력한 수급이 집중되고 있습니다. 🚀 상승 에너지가 폭발적으로 증가하는 중입니다. ⚠️ 단기 급등으로 인한 조정 가능성을 염두에 두세요.,20251209,20251209,27.1,12.92,32.05,27.1,4.95
KOSDAQ,나이벡,138610,의료용품 및 기타 의약 관련제품 제조업,42900,185.07,4874.3,61.5,64.3,9.8,253.37,146.46856,2.09,0.12,21.36,62.5,12.92,49.58,7,★,"RSI적정, MACD상승, 거래량↑, 정배열(단), 장기추세(120↑), 자금유입(MFI), MACD>Sig",40250,37450,44450,48700,의료용품 및 기타 의약 관련제품 제조업,기타,1.5,6.583850931677018,56.9,59.2,🔺 Watch (상승 준비),① 강한 상승 추세,💸 자금 유입이 꾸준히 이어지고 있습니다. 🚀 상승 에너지가 폭발적으로 증가하는 중입니다. ⚠️ 단기 급등으로 인한 조정 가능성을 염두에 두세요.,20251209,20251209,27.1,12.92,62.5,12.92,49.58
KOSPI,신세계,004170,종합 소매업,250500,184.7,24161.2,64.7,64.8,10.1,1502.9683,120.96466,1.08,5.03,19.86,44.71,27.1,17.61,6,★,"RSI적정, MACD상승, 정배열(단), 장기추세(120↑), 자금유입(MFI), MACD>Sig",234500,218000,259000,283500,종합 소매업,유통·소비재,1.4848484848484849,6.823027718550106,56.9,55.6,🔼 BRK (돌파),① 강한 상승 추세,💸 자금 유입이 꾸준히 이어지고 있습니다. 🚀 상승 에너지가 폭발적으로 증가하는 중입니다. ⚠️ 단기 급등으로 인한 조정 가능성을 염두에 두세요.,20251209,20251209,27.1,12.92,44.71,27.1,17.61
KOSDAQ,솔브레인,357780,기타 화학제품 제조업,275000,77.25,21391.1,62.9,60.0,4.67,2644.1526,-322.4112,0.73,-3.34,12.24,27.31,12.92,14.39,5,★,"RSI적정, 20선근접, 장기추세(120↑), 자금유입(MFI), MACD>Sig",270500,251500,293500,318000,기타 화학제품 제조업,화학·소재,1.2105263157894737,1.6635859519408502,56.9,58.7,🔺 Watch (상승 준비),② 상승 후 조정,💸 자금 유입이 꾸준히 이어지고 있습니다. ,20251209,20251209,27.1,12.92,27.31,12.92,14.39
KOSPI,LG전자,066570,통신 및 방송 장비 제조업,95500,660.33,155556.5,66.2,64.2,6.63,1035.1601,-60.80856,0.91,9.52,12.09,26.32,27.1,-0.78,4,★,"정배열(단), 장기추세(120↑), 자금유입(MFI), MACD>Sig",92300,86000,99800,107900,통신 및 방송 장비 제조업,IT/전기전자,1.1904761904761905,3.4669555796316356,56.6,55.7,🔺 Watch (상승 준비),③ 박스 / 중립,💸 자금 유입이 꾸준히 이어지고 있습니다. ⚠️ 단기 급등으로 인한 조정 가능성을 염두에 두세요.,20251209,20251209,27.1,12.92,26.32,27.1,-0.78
KOSDAQ,나인테크,267320,특수 목적용 기계 제조업,3115,68.8,1788.5,46.3,56.0,-5.46,4.8002,-9.12887,2.45,-6.03,-3.11,-5.61,12.92,-18.53,2,,"RSI적정, 거래량↑, MACD>Sig",3115,2895,3375,3660,특수 목적용 기계 제조업,조선·기계·설비,1.1818181818181819,0.0,56.4,61.7,🔁 MR (반전),⑤ 하락 / 약세,📉 과매도 구간으로 기술적 반등이 기대됩니다.,20251209,20251209,27.1,12.92,-5.61,12.92,-18.53
KOSPI,대한항공,003490,항공 여객 운송업,22550,327.06,83033.8,71.9,67.4,3.19,137.4712,5.81759,1.57,2.04,6.87,-4.45,27.1,-31.55,4,★,"MACD상승, 20선근접, 거래량↑, 자금유입(MFI), MACD>Sig",22500,21750,23400,24350,항공 여객 운송업,기타,1.2,0.2222222222222222,56.3,66.5,🔻 REV (역추세 반등),④ 바닥 반등 시도,💸 자금 유입이 꾸준히 이어지고 있습니다. 📈 상승 추세가 견고하게 유지되고 있습니다. ,20251209,20251209,27.1,12.92,-4.45,27.1,-31.55
KOSDAQ,하나기술,299030,특수 목적용 기계 제조업,33600,54.0,2686.3,70.5,86.6,7.8,168.5236,93.93077,1.34,8.74,10.89,31.25,12.92,18.33,6,★,"MACD상승, 거래량↑, 정배열(단), 장기추세(120↑), 자금유입(MFI), MACD>Sig",32100,29850,35500,38850,특수 목적용 기계 제조업,조선·기계·설비,1.511111111111111,4.672897196261682,56.0,52.3,🔼 BRK (돌파),⑤ 하락 / 약세,💰 외국인/기관의 강력한 수급이 집중되고 있습니다. 📈 상승 추세가 견고하게 유지되고 있습니다. ⚠️ 단기 급등으로 인한 조정 가능성을 염두에 두세요.,20251209,20251209,27.1,12.92,31.25,12.92,18.33
KOSPI,코스모신소재,005070,기타 화학제품 제조업,54900,299.62,17848.4,67.8,71.1,9.22,652.2151,146.62229,1.48,3.78,24.21,32.77,27.1,5.67,6,★,"MACD상승, 거래량↑, 정배열(단), 장기추세(120↑), 자금유입(MFI), MACD>Sig",51800,48150,57200,62600,기타 화학제품 제조업,화학·소재,1.4794520547945205,5.984555984555985,55.7,57.1,🔼 BRK (돌파),⑤ 하락 / 약세,💰 외국인/기관의 강력한 수급이 집중되고 있습니다. 🚀 상승 에너지가 폭발적으로 증가하는 중입니다. ⚠️ 단기 급등으로 인한 조정 가능성을 염두에 두세요.,20251209,20251209,27.1,12.92,32.77,27.1,5.67
KOSPI,삼성E&A,028050,"건축기술, 엔지니어링 및 관련 기술 서비스업",24600,406.64,48216.0,38.1,44.2,-4.11,19.2693,-71.34501,2.66,-4.09,-1.99,-12.14,27.1,-39.24,1,,"거래량↑, MACD>Sig",24600,23200,26250,28100,"건축기술, 엔지니어링 및 관련 기술 서비스업",서비스 기타,1.1785714285714286,0.0,55.6,66.1,🔁 MR (반전),⑤ 하락 / 약세,특이사항 없음. 기술적 지표를 참고하세요.,20251209,20251209,27.1,12.92,-12.14,27.1,-39.24
KOSPI,삼영,003720,플라스틱제품 제조업,7030,90.67,2390.2,55.4,68.0,4.48,-6.5367,-45.52245,0.46,-4.09,1.59,33.9,27.1,6.8,5,★,"RSI적정, 20선근접, 정배열(단), 장기추세(120↑), 자금유입(MFI)",6930,6450,7510,8140,플라스틱제품 제조업,기타,1.2083333333333333,1.443001443001443,55.6,58.2,🔺 Watch (상승 준비),② 상승 후 조정,💸 자금 유입이 꾸준히 이어지고 있습니다. ,20251209,20251209,27.1,12.92,33.9,27.1,6.8
KOSPI,크래프톤,259960,소프트웨어 개발 및 공급업,245500,203.82,116371.9,34.6,38.5,-4.21,179.2969,-18.64902,0.98,-2.96,-3.73,-23.88,27.1,-50.98,0,,MACD>Sig,245500,232500,261000,277500,소프트웨어 개발 및 공급업,인터넷/플랫폼·게임,1.1923076923076923,0.0,55.3,65.5,🔁 MR (반전),⑤ 하락 / 약세,특이사항 없음. 기술적 지표를 참고하세요.,20251209,20251209,27.1,12.92,-23.88,27.1,-50.98
KOSPI,BNK금융지주,138930,기타 금융업,15540,109.19,48861.7,67.9,54.6,1.99,35.8108,-12.25281,0.84,-0.51,4.79,3.6,27.1,-23.5,4,★,"20선근접, 정배열(단), 장기추세(120↑), MACD>Sig",15540,14760,16480,17490,기타 금융업,금융,1.205128205128205,0.0,55.3,68.2,↩️ PULL (눌림),⑤ 하락 / 약세,✅ 20일선 부근의 안전한 눌림목 구간입니다.,20251209,20251209,27.1,12.92,3.6,27.1,-23.5
KOSPI,농심,004370,기타 식품 제조업,435500,80.19,26489.9,22.8,44.0,-2.0,-2228.9431,448.43584,0.43,0.11,-1.36,6.74,27.1,-20.36,2,,"MACD상승, 장기추세(120↑)",435500,414000,461000,489000,기타 식품 제조업,유통·소비재,1.186046511627907,0.0,55.3,62.3,🔺 Watch (상승 준비),④ 바닥 반등 시도,🚀 상승 에너지가 폭발적으로 증가하는 중입니다. ✅ 20일선 부근의 안전한 눌림목 구간입니다.,20251209,20251209,27.1,12.92,6.74,27.1,-20.36
KOSPI,대한유화,006650,기초 화학물질 제조업,141000,59.56,9165.0,43.9,34.4,-3.01,-1114.7508,-131.70017,0.81,-1.4,3.98,13.53,27.1,-13.57,2,,"정배열(단), 장기추세(120↑)",141000,131100,152800,165700,기초 화학물질 제조업,화학·소재,1.1919191919191918,0.0,54.9,59.5,↩️ PULL (눌림),⑤ 하락 / 약세,특이사항 없음. 기술적 지표를 참고하세요.,20251209,20251209,27.1,12.92,13.53,27.1,-13.57
KOSPI,두산로보틱스,454910,특수 목적용 기계 제조업,81900,322.89,53087.6,65.7,60.7,7.76,797.7877,49.66028,0.98,8.05,18.18,33.39,27.1,6.29,5,★,"MACD상승, 정배열(단), 장기추세(120↑), 자금유입(MFI), MACD>Sig",78300,72800,84900,92000,특수 목적용 기계 제조업,조선·기계·설비,1.2,4.597701149425287,54.7,55.4,🔼 BRK (돌파),⑤ 하락 / 약세,💸 자금 유입이 꾸준히 이어지고 있습니다. 📈 상승 추세가 견고하게 유지되고 있습니다. ⚠️ 단기 급등으로 인한 조정 가능성을 염두에 두세요.,20251209,20251209,27.1,12.92,33.39,27.1,6.29
KOSPI,오리온,271560,기타 식품 제조업,100900,267.53,39892.0,37.4,10.4,-3.66,-332.3718,-222.67408,0.95,-2.98,-1.75,-6.49,27.1,-33.59,0,,정배열(단),100900,96100,106700,113000,기타 식품 제조업,유통·소비재,1.2083333333333333,0.0,54.7,64.7,🔁 MR (반전),⑤ 하락 / 약세,특이사항 없음. 기술적 지표를 참고하세요.,20251209,20251209,27.1,12.92,-6.49,27.1,-33.59
KOSPI,HMM,011200,해상 운송업,20600,249.99,194307.0,76.6,81.6,5.21,224.7226,0.35167,0.99,2.23,10.1,-10.63,27.1,-37.73,2,,"MACD상승, 자금유입(MFI), MACD>Sig",20150,19160,21400,22700,해상 운송업,기타,1.2626262626262625,2.2332506203473943,54.5,58.9,🔻 REV (역추세 반등),④ 바닥 반등 시도,💰 외국인/기관의 강력한 수급이 집중되고 있습니다. 📈 상승 추세가 견고하게 유지되고 있습니다. ⚠️ 단기 급등으로 인한 조정 가능성을 염두에 두세요.,20251209,20251209,27.1,12.92,-10.63,27.1,-37.73
KOSDAQ,케이엔알시스템,199430,"측정, 시험, 항해, 제어 및 기타 정밀기기 제조업; 광학기기 제외",26350,124.7,2871.4,64.2,65.3,10.49,246.1564,78.08989,0.68,8.88,30.12,90.67,12.92,77.75,6,★,"RSI적정, MACD상승, 정배열(단), 장기추세(120↑), 자금유입(MFI), MACD>Sig",24550,22850,27150,29700,"측정, 시험, 항해, 제어 및 기타 정밀기기 제조업; 광학기기 제외",기타,1.5294117647058822,7.3319755600814664,54.5,56.7,🔼 BRK (돌파),① 강한 상승 추세,💸 자금 유입이 꾸준히 이어지고 있습니다. 📈 상승 추세가 견고하게 유지되고 있습니다. ⚠️ 단기 급등으로 인한 조정 가능성을 염두에 두세요.,20251209,20251209,27.1,12.92,90.67,12.92,77.75
KOSDAQ,넥스틴,348210,특수 목적용 기계 제조업,69500,83.01,7281.5,59.7,62.3,5.7,497.8603,-257.61133,0.99,-0.71,18.4,51.42,12.92,38.5,5,★,"RSI적정, 정배열(단), 장기추세(120↑), 자금유입(MFI), MACD>Sig",67700,63000,73400,79600,특수 목적용 기계 제조업,조선·기계·설비,1.2127659574468086,2.658788774002954,54.4,55.5,🔺 Watch (상승 준비),② 상승 후 조정,💸 자금 유입이 꾸준히 이어지고 있습니다. ⚠️ 단기 급등으로 인한 조정 가능성을 염두에 두세요.,20251209,20251209,27.1,12.92,51.42,12.92,38.5
KOSPI,CJ제일제당,097950,기타 식품 제조업,209500,149.38,31538.5,32.8,22.5,-3.2,90.5261,12.02784,1.23,0.24,0.0,-10.09,27.1,-37.19,2,,"MACD상승, 거래량↑, MACD>Sig",209500,202000,218500,228000,기타 식품 제조업,유통·소비재,1.2,0.0,54.3,64.9,🔺 Watch (상승 준비),④ 바닥 반등 시도,📈 상승 추세가 견고하게 유지되고 있습니다. ,20251209,20251209,27.1,12.92,-10.09,27.1,-37.19
KOSDAQ,와이바이오로직스,338840,자연과학 및 공학 연구개발업,25950,73.98,3879.3,58.8,65.0,5.77,53.294,-47.88607,0.42,-0.38,21.83,106.61,12.92,93.69,5,★,"RSI적정, 정배열(단), 장기추세(120↑), 자금유입(MFI), MACD>Sig",25250,23500,27400,29700,자연과학 및 공학 연구개발업,기타,1.2285714285714286,2.7722772277227725,54.3,57.6,🔺 Watch (상승 준비),② 상승 후 조정,💸 자금 유입이 꾸준히 이어지고 있습니다. ⚠️ 단기 급등으로 인한 조정 가능성을 염두에 두세요.,20251209,20251209,27.1,12.92,106.61,12.92,93.69
KOSPI,아모레퍼시픽,090430,기타 화학제품 제조업,122000,133.57,71361.2,38.9,46.5,-3.63,-800.7826,-65.37133,0.46,-2.24,-3.48,2.01,27.1,-25.09,0,,정배열(단),122000,115100,130200,139200,기타 화학제품 제조업,화학·소재,1.1884057971014492,0.0,54.2,66.2,🔁 MR (반전),⑤ 하락 / 약세,특이사항 없음. 기술적 지표를 참고하세요.,20251209,20251209,27.1,12.92,2.01,27.1,-25.09
KOSPI,카카오뱅크,323410,은행 및 저축기관,21700,95.56,103506.9,55.7,61.5,-0.23,94.8973,-19.68756,0.64,-1.14,2.6,-9.39,27.1,-36.49,3,,"RSI적정, 20선근접, 자금유입(MFI), MACD>Sig",21700,20650,22950,24300,은행 및 저축기관,인터넷/플랫폼·게임,1.1904761904761905,0.0,54.2,57.4,↩️ PULL (눌림),⑤ 하락 / 약세,💸 자금 유입이 꾸준히 이어지고 있습니다. ✅ 20일선 부근의 안전한 눌림목 구간입니다.,20251209,20251209,27.1,12.92,-9.39,27.1,-36.49
KOSPI,GS,078930,기타 금융업,57500,95.49,53426.3,36.8,31.3,-1.89,-485.7379,-16.74333,0.61,-0.17,0.0,25.14,27.1,-1.96,2,,"정배열(단), 장기추세(120↑)",57500,53700,62100,67000,기타 금융업,금융,1.2105263157894737,0.0,54.2,58.7,↩️ PULL (눌림),③ 박스 / 중립,✅ 20일선 부근의 안전한 눌림목 구간입니다.,20251209,20251209,27.1,12.92,25.14,27.1,-1.96
KOSDAQ,파크시스템스,140860,"측정, 시험, 항해, 제어 및 기타 정밀기기 제조업; 광학기기 제외",221000,89.48,15462.2,33.3,43.0,-5.47,-909.4406,-150.55677,0.71,-3.49,-3.07,-14.17,12.92,-27.09,-1,,,221000,205500,239500,259500,"측정, 시험, 항해, 제어 및 기타 정밀기기 제조업; 광학기기 제외",기타,1.1935483870967742,0.0,53.4,59.2,🔁 MR (반전),⑤ 하락 / 약세,📉 과매도 구간으로 기술적 반등이 기대됩니다.,20251209,20251209,27.1,12.92,-14.17,12.92,-27.09
KOSPI,KT&G,033780,담배 제조업,141100,257.6,166465.0,43.0,42.5,-1.33,-487.9609,-121.23961,0.63,-2.56,0.64,6.97,27.1,-20.13,2,,"정배열(단), 장기추세(120↑)",141100,134900,148600,156600,담배 제조업,기타,1.2096774193548387,0.0,53.3,64.0,🔁 MR (반전),⑤ 하락 / 약세,✅ 20일선 부근의 안전한 눌림목 구간입니다.,20251209,20251209,27.1,12.92,6.97,27.1,-20.13
KOSPI,넷마블,251270,소프트웨어 개발 및 공급업,49400,62.76,42461.0,36.3,21.4,-6.27,-228.6371,-59.02689,0.8,-6.79,-4.45,-21.21,27.1,-48.31,-1,,,49400,46050,53400,57700,소프트웨어 개발 및 공급업,인터넷/플랫폼·게임,1.1940298507462686,0.0,53.3,58.7,🔁 MR (반전),⑤ 하락 / 약세,📉 과매도 구간으로 기술적 반등이 기대됩니다.,20251209,20251209,27.1,12.92,-21.21,27.1,-48.31
KOSPI,현대차,005380,자동차용 엔진 및 자동차 제조업,307000,3759.6,628606.3,74.7,78.4,12.55,4824.3475,204.5697,1.39,15.41,19.22,40.18,27.1,13.08,6,★,"MACD상승, 거래량↑, 정배열(단), 장기추세(120↑), 자금유입(MFI), MACD>Sig",281000,261500,310500,340000,자동차용 엔진 및 자동차 제조업,자동차·모빌리티,1.5128205128205128,9.252669039145907,53.0,48.0,🔼 BRK (돌파),⑤ 하락 / 약세,💰 외국인/기관의 강력한 수급이 집중되고 있습니다. 🚀 상승 에너지가 폭발적으로 증가하는 중입니다. ⚠️ 단기 급등으로 인한 조정 가능성을 염두에 두세요.,20251209,20251209,27.1,12.92,40.18,27.1,13.08
KOSDAQ,삼륭물산,014970,"골판지, 종이 상자 및 종이용기 제조업",8450,514.19,1278.1,53.0,86.0,11.37,22.2808,63.84554,2.95,9.03,10.03,9.6,12.92,-3.32,7,★,"RSI적정, MACD상승, 거래량↑, 정배열(단), 장기추세(120↑), 자금유입(MFI), MACD>Sig",7820,7270,8640,9460,"골판지, 종이 상자 및 종이용기 제조업",기타,1.490909090909091,8.05626598465473,52.9,47.5,🔼 BRK (돌파),③ 박스 / 중립,💰 외국인/기관의 강력한 수급이 집중되고 있습니다. 📈 상승 추세가 견고하게 유지되고 있습니다. ⚠️ 단기 급등으로 인한 조정 가능성을 염두에 두세요.,20251209,20251209,27.1,12.92,9.6,12.92,-3.32
KOSPI,에이피알,278470,기타 화학제품 제조업,260000,743.15,97319.7,68.2,75.3,7.82,2089.6571,-197.97823,0.48,5.05,3.79,13.04,27.1,-14.06,4,★,"정배열(단), 장기추세(120↑), 자금유입(MFI), MACD>Sig",248500,231000,269000,292000,기타 화학제품 제조업,화학·소재,1.1714285714285715,4.627766599597585,52.8,49.5,🔺 Watch (상승 준비),⑤ 하락 / 약세,💰 외국인/기관의 강력한 수급이 집중되고 있습니다. ⚠️ 단기 급등으로 인한 조정 가능성을 염두에 두세요.,20251209,20251209,27.1,12.92,13.04,27.1,-14.06
KOSPI,SK텔레콤,017670,전기 통신업,54000,193.97,115986.6,56.8,70.9,0.51,80.2151,-9.62228,0.44,1.12,0.93,-0.37,27.1,-27.47,3,,"RSI적정, 20선근접, 자금유입(MFI), MACD>Sig",54000,52400,55900,58000,전기 통신업,기타,1.1875,0.0,52.7,63.2,↩️ PULL (눌림),⑤ 하락 / 약세,💰 외국인/기관의 강력한 수급이 집중되고 있습니다. ✅ 20일선 부근의 안전한 눌림목 구간입니다.,20251209,20251209,27.1,12.92,-0.37,27.1,-27.47
KOSPI,LG생활건강,051900,기타 화학제품 제조업,267500,183.73,40934.1,30.9,18.2,-5.55,-1747.4207,-55.37357,1.02,-3.08,-5.31,-8.7,27.1,-35.8,-1,,,267500,255500,282000,297500,기타 화학제품 제조업,화학·소재,1.2083333333333333,0.0,52.4,64.1,🔁 MR (반전),⑤ 하락 / 약세,📉 과매도 구간으로 기술적 반등이 기대됩니다.,20251209,20251209,27.1,12.92,-8.7,27.1,-35.8
KOSPI,삼성물산,028260,기타 전문 도매업,252000,833.44,428340.9,71.4,66.6,9.94,2182.1141,223.07295,0.88,12.25,10.28,41.18,27.1,14.08,5,★,"MACD상승, 정배열(단), 장기추세(120↑), 자금유입(MFI), MACD>Sig",236000,219500,256000,277500,기타 전문 도매업,기타,1.2121212121212122,6.779661016949152,52.1,48.3,🔼 BRK (돌파),⑤ 하락 / 약세,💸 자금 유입이 꾸준히 이어지고 있습니다. 🚀 상승 에너지가 폭발적으로 증가하는 중입니다. ⚠️ 단기 급등으로 인한 조정 가능성을 염두에 두세요.,20251209,20251209,27.1,12.92,41.18,27.1,14.08
KOSDAQ,나우로보틱스,459510,특수 목적용 기계 제조업,22950,67.32,2973.3,62.0,55.7,5.51,274.4247,-59.08281,0.45,2.91,12.78,21.11,12.92,8.19,3,,"RSI적정, 장기추세(120↑), MACD>Sig",22400,20850,24300,26350,특수 목적용 기계 제조업,조선·기계·설비,1.2258064516129032,2.455357142857143,52.0,52.0,↩️ PULL (눌림),② 상승 후 조정,⚠️ 단기 급등으로 인한 조정 가능성을 염두에 두세요.,20251209,20251209,27.1,12.92,21.11,12.92,8.19
KOSDAQ,삼표시멘트,038500,기타 비금속 광물제품 제조업,3260,354.06,3518.1,70.6,82.6,6.06,21.443,9.70749,10.77,6.71,8.67,-1.51,12.92,-14.43,5,★,"MACD상승, 거래량↑, 장기추세(120↑), 자금유입(MFI), MACD>Sig",3165,2945,3430,3720,기타 비금속 광물제품 제조업,기타,1.2045454545454546,3.0015797788309637,51.4,61.1,🔼 BRK (돌파),④ 바닥 반등 시도,💰 외국인/기관의 강력한 수급이 집중되고 있습니다. 📈 상승 추세가 견고하게 유지되고 있습니다. ⚠️ 단기 급등으로 인한 조정 가능성을 염두에 두세요.,20251209,20251209,27.1,12.92,-1.51,12.92,-14.43
KOSPI,LG유플러스,032640,전기 통신업,15220,82.82,65419.9,40.4,50.0,-1.05,-31.4548,1.70799,0.68,0.4,0.13,5.99,27.1,-21.11,3,,"MACD상승, 정배열(단), 장기추세(120↑)",15220,14570,15990,16830,전기 통신업,기타,1.1846153846153846,0.0,51.4,55.9,🔺 Watch (상승 준비),④ 바닥 반등 시도,📈 상승 추세가 견고하게 유지되고 있습니다. ✅ 20일선 부근의 안전한 눌림목 구간입니다.,20251209,20251209,27.1,12.92,5.99,27.1,-21.11
KOSDAQ,바이넥스,053030,의약품 제조업,15210,56.51,4971.3,69.9,62.5,5.19,159.9814,37.01258,1.84,3.96,12.25,-14.02,12.92,-26.94,3,,"MACD상승, 거래량↑, 자금유입(MFI), MACD>Sig",14890,13910,16080,17360,의약품 제조업,바이오·의약품,1.2142857142857142,2.1490933512424446,51.3,52.7,🔻 REV (역추세 반등),④ 바닥 반등 시도,💸 자금 유입이 꾸준히 이어지고 있습니다. 📈 상승 추세가 견고하게 유지되고 있습니다. ⚠️ 단기 급등으로 인한 조정 가능성을 염두에 두세요.,20251209,20251209,27.1,12.92,-14.02,12.92,-26.94
KOSPI,제일기획,030000,광고업,23050,74.68,26517.0,76.9,64.8,2.57,-14.7212,2.82335,1.15,1.77,2.44,16.36,27.1,-10.74,5,★,"MACD상승, 20선근접, 정배열(단), 장기추세(120↑), 자금유입(MFI)",23050,22250,24000,25050,광고업,미디어·콘텐츠,1.1875,0.0,51.1,57.2,🔺 Watch (관찰·돌파예상),④ 바닥 반등 시도,💸 자금 유입이 꾸준히 이어지고 있습니다. 📈 상승 추세가 견고하게 유지되고 있습니다. ,20251209,20251209,27.1,12.92,16.36,27.1,-10.74
KOSDAQ,인터플렉스,051370,전자부품 제조업,11400,53.69,2659.3,64.9,65.9,9.71,59.2271,12.30738,1.38,4.11,7.55,25.55,12.92,12.63,7,★,"RSI적정, MACD상승, 거래량↑, 정배열(단), 장기추세(120↑), 자금유입(MFI), MACD>Sig",10700,9950,11830,12950,전자부품 제조업,IT/전기전자,1.5066666666666666,6.5420560747663545,51.0,43.9,🔼 BRK (돌파),① 강한 상승 추세,💸 자금 유입이 꾸준히 이어지고 있습니다. 📈 상승 추세가 견고하게 유지되고 있습니다. ⚠️ 단기 급등으로 인한 조정 가능성을 염두에 두세요.,20251209,20251209,27.1,12.92,25.55,12.92,12.63
KOSPI,한농화성,011500,기타 화학제품 제조업,16310,57.68,2550.4,65.7,71.4,6.17,104.1029,53.80954,3.67,5.7,14.22,14.38,27.1,-12.72,6,★,"MACD상승, 거래량↑, 정배열(단), 장기추세(120↑), 자금유입(MFI), MACD>Sig",15820,14870,17250,18670,기타 화학제품 제조업,화학·소재,1.5052631578947369,3.0973451327433628,50.7,55.9,🔼 BRK (돌파),④ 바닥 반등 시도,💰 외국인/기관의 강력한 수급이 집중되고 있습니다. 📈 상승 추세가 견고하게 유지되고 있습니다. ⚠️ 단기 급등으로 인한 조정 가능성을 염두에 두세요.,20251209,20251209,27.1,12.92,14.38,27.1,-12.72
KOSPI,GS피앤엘,499790,기타 금융업,51500,83.08,10212.9,58.3,52.9,8.08,178.9864,104.59771,0.61,6.4,2.59,-8.53,27.1,-35.63,5,★,"RSI적정, MACD상승, 정배열(단), 장기추세(120↑), MACD>Sig",49100,45650,53200,57700,기타 금융업,금융,1.1884057971014492,4.887983706720977,50.6,45.8,🔻 REV (역추세 반등),④ 바닥 반등 시도,🚀 상승 에너지가 폭발적으로 증가하는 중입니다. ⚠️ 단기 급등으로 인한 조정 가능성을 염두에 두세요.,20251209,20251209,27.1,12.92,-8.53,27.1,-35.63
KOSPI,에어부산,298690,항공 여객 운송업,1897,190.56,2212.7,64.3,68.2,7.28,19.532,6.02288,4.01,9.15,9.34,-5.15,27.1,-32.25,4,★,"RSI적정, MACD상승, 거래량↑, 자금유입(MFI), MACD>Sig",1821,1694,1974,2140,항공 여객 운송업,기타,1.204724409448819,4.173531026908292,50.3,58.2,🔼 BRK (돌파),④ 바닥 반등 시도,💸 자금 유입이 꾸준히 이어지고 있습니다. 📈 상승 추세가 견고하게 유지되고 있습니다. ⚠️ 단기 급등으로 인한 조정 가능성을 염두에 두세요.,20251209,20251209,27.1,12.92,-5.15,27.1,-32.25
KOSDAQ,리노공업,058470,전자부품 제조업,65300,162.78,49766.3,69.0,78.9,6.14,191.8317,-125.98627,0.37,-0.46,3.49,32.32,12.92,19.4,4,★,"정배열(단), 장기추세(120↑), 자금유입(MFI), MACD>Sig",63400,58900,68700,74500,전자부품 제조업,IT/전기전자,1.1777777777777778,2.996845425867508,50.1,58.6,🔺 Watch (상승 준비),② 상승 후 조정,💰 외국인/기관의 강력한 수급이 집중되고 있습니다. ⚠️ 단기 급등으로 인한 조정 가능성을 염두에 두세요.,20251209,20251209,27.1,12.92,32.32,12.92,19.4
KOSDAQ,유일로보틱스,388720,특수 목적용 기계 제조업,85900,85.02,10047.5,59.2,69.2,6.69,844.1487,-25.94517,0.74,0.0,19.64,17.99,12.92,5.07,5,★,"RSI적정, 정배열(단), 장기추세(120↑), 자금유입(MFI), MACD>Sig",82900,77100,89900,97400,특수 목적용 기계 제조업,조선·기계·설비,1.206896551724138,3.618817852834741,49.8,49.3,🔺 Watch (상승 준비),② 상승 후 조정,💸 자금 유입이 꾸준히 이어지고 있습니다. ⚠️ 단기 급등으로 인한 조정 가능성을 염두에 두세요.,20251209,20251209,27.1,12.92,17.99,12.92,5.07
KOSPI,팬오션,028670,해상 운송업,4090,80.73,21863.9,66.5,81.9,4.89,42.3967,-16.94047,0.59,-6.62,11.44,2.76,27.1,-24.34,5,★,"20선근접, 정배열(단), 장기추세(120↑), 자금유입(MFI), MACD>Sig",4015,3735,4355,4720,해상 운송업,기타,1.2142857142857142,1.86799501867995,49.6,54.2,🔺 Watch (상승 준비),⑤ 하락 / 약세,💰 외국인/기관의 강력한 수급이 집중되고 있습니다. ,20251209,20251209,27.1,12.92,2.76,27.1,-24.34
KOSPI,강원랜드,035250,유원지 및 기타 오락관련 서비스업,18000,54.86,38509.3,61.5,74.0,1.35,16.2978,-4.95615,0.68,-0.83,2.68,1.69,27.1,-25.41,4,★,"RSI적정, 20선근접, 정배열(단), 자금유입(MFI), MACD>Sig",18000,17460,18650,19350,유원지 및 기타 오락관련 서비스업,서비스 기타,1.2037037037037037,0.0,49.6,56.4,↩️ PULL (눌림),⑤ 하락 / 약세,💰 외국인/기관의 강력한 수급이 집중되고 있습니다. ✅ 20일선 부근의 안전한 눌림목 구간입니다.,20251209,20251209,27.1,12.92,1.69,27.1,-25.41
KOSPI,맥쿼리인프라,088980,신탁업 및 집합투자업,11660,95.54,55842.3,65.0,59.8,1.11,11.507,-5.05612,0.8,-0.6,1.92,1.04,27.1,-26.06,5,★,"RSI적정, 20선근접, 정배열(단), 장기추세(120↑), MACD>Sig",11660,11310,12080,12530,신탁업 및 집합투자업,기타,1.2,0.0,49.5,56.3,↩️ PULL (눌림),⑤ 하락 / 약세,✅ 20일선 부근의 안전한 눌림목 구간입니다.,20251209,20251209,27.1,12.92,1.04,27.1,-26.06
KOSPI,JW중외제약,001060,의약품 제조업,27600,55.25,6426.9,71.6,70.8,7.53,61.4098,74.92767,2.61,6.56,10.18,22.39,27.1,-4.71,6,★,"MACD상승, 거래량↑, 정배열(단), 장기추세(120↑), 자금유입(MFI), MACD>Sig",26450,24900,28750,31100,의약품 제조업,바이오·의약품,1.4838709677419355,4.3478260869565215,49.3,49.3,🔼 BRK (돌파),③ 박스 / 중립,💰 외국인/기관의 강력한 수급이 집중되고 있습니다. 📈 상승 추세가 견고하게 유지되고 있습니다. ⚠️ 단기 급등으로 인한 조정 가능성을 염두에 두세요.,20251209,20251209,27.1,12.92,22.39,27.1,-4.71
KOSPI,태영건설,009410,토목 건설업,1726,53.77,5136.4,65.9,72.5,4.37,20.794,-7.47052,2.2,3.48,9.1,-4.11,27.1,-31.21,4,★,"20선근접, 거래량↑, 정배열(단), 자금유입(MFI), MACD>Sig",1703,1584,1847,2000,토목 건설업,건설·부동산,1.2100840336134453,1.3505578391074575,49.3,56.4,🔺 Watch (상승 준비),⑤ 하락 / 약세,💰 외국인/기관의 강력한 수급이 집중되고 있습니다. ,20251209,20251209,27.1,12.92,-4.11,27.1,-31.21
KOSDAQ,클로봇,466100,소프트웨어 개발 및 공급업,48650,5132.3,12158.7,76.8,82.3,21.98,909.2492,208.17172,3.4,12.49,39.4,88.57,12.92,75.65,6,★,"MACD상승, 거래량↑, 정배열(단), 장기추세(120↑), 자금유입(MFI), MACD>Sig",41100,38200,45400,49700,소프트웨어 개발 및 공급업,IT/전기전자,1.4827586206896552,18.369829683698295,48.9,54.0,🔺 Watch (관찰·돌파예상),⑤ 하락 / 약세,💰 외국인/기관의 강력한 수급이 집중되고 있습니다. 🚀 상승 에너지가 폭발적으로 증가하는 중입니다. ⚠️ 단기 급등으로 인한 조정 가능성을 염두에 두세요.,20251209,20251209,27.1,12.92,88.57,12.92,75.65
KOSDAQ,에코프로비엠,247540,일차전지 및 이차전지 제조업,182100,4062.11,178096.2,79.5,85.7,18.9,2999.006,1007.01776,4.05,14.38,32.53,54.45,12.92,41.53,6,★,"MACD상승, 거래량↑, 정배열(단), 장기추세(120↑), 자금유입(MFI), MACD>Sig",157700,146700,174300,190900,일차전지 및 이차전지 제조업,2차전지,1.509090909090909,15.472415979708307,47.9,52.3,🔺 Watch (관찰·돌파예상),⑤ 하락 / 약세,💰 외국인/기관의 강력한 수급이 집중되고 있습니다. 🚀 상승 에너지가 폭발적으로 증가하는 중입니다. ⚠️ 단기 급등으로 인한 조정 가능성을 염두에 두세요.,20251209,20251209,27.1,12.92,54.45,12.92,41.53
KOSDAQ,서진시스템,178320,기타 전기장비 제조업,26950,205.96,15168.0,73.5,85.0,10.56,298.7049,61.09808,2.07,6.1,11.13,30.83,12.92,17.91,6,★,"MACD상승, 거래량↑, 정배열(단), 장기추세(120↑), 자금유입(MFI), MACD>Sig",25100,23350,27750,30400,기타 전기장비 제조업,IT/전기전자,1.5142857142857142,7.370517928286853,47.9,48.8,🔼 BRK (돌파),⑤ 하락 / 약세,💰 외국인/기관의 강력한 수급이 집중되고 있습니다. 📈 상승 추세가 견고하게 유지되고 있습니다. ⚠️ 단기 급등으로 인한 조정 가능성을 염두에 두세요.,20251209,20251209,27.1,12.92,30.83,12.92,17.91
KOSDAQ,엘티씨,170920,기초 화학물질 제조업,18300,82.23,1868.4,60.1,57.8,7.62,82.062,158.93846,3.4,10.51,12.27,40.02,12.92,27.1,5,★,"RSI적정, MACD상승, 거래량↑, 장기추세(120↑), MACD>Sig",17510,16290,18990,20600,기초 화학물질 제조업,화학·소재,1.2131147540983607,4.511707595659623,47.6,51.3,🔼 BRK (돌파),① 강한 상승 추세,🚀 상승 에너지가 폭발적으로 증가하는 중입니다. ⚠️ 단기 급등으로 인한 조정 가능성을 염두에 두세요.,20251209,20251209,27.1,12.92,40.02,12.92,27.1
KOSPI,미스토홀딩스,081660,생활용품 도매업,44500,51.6,26742.6,73.0,64.3,4.47,155.6447,-59.9144,0.86,0.11,6.84,8.27,27.1,-18.83,5,★,"20선근접, 정배열(단), 장기추세(120↑), 자금유입(MFI), MACD>Sig",43850,41350,46900,50100,생활용품 도매업,기타,1.22,1.4823261117445838,47.6,53.0,🔺 Watch (상승 준비),⑤ 하락 / 약세,💸 자금 유입이 꾸준히 이어지고 있습니다. ,20251209,20251209,27.1,12.92,8.27,27.1,-18.83
KOSPI,LG씨엔에스,064400,"컴퓨터 프로그래밍, 시스템 통합 및 관리업",65300,906.43,63266.5,70.9,78.4,10.68,1240.3866,35.60228,1.28,12.59,15.17,-6.04,27.1,-33.14,3,,"MACD상승, 거래량↑, 자금유입(MFI), MACD>Sig",60800,56500,65900,71400,"컴퓨터 프로그래밍, 시스템 통합 및 관리업",IT/전기전자,1.186046511627907,7.401315789473683,47.2,38.4,🔻 REV (역추세 반등),④ 바닥 반등 시도,💰 외국인/기관의 강력한 수급이 집중되고 있습니다. 📈 상승 추세가 견고하게 유지되고 있습니다. ⚠️ 단기 급등으로 인한 조정 가능성을 염두에 두세요.,20251209,20251209,27.1,12.92,-6.04,27.1,-33.14
KOSPI,대웅제약,069620,의약품 제조업,183200,57.91,21226.6,68.4,75.7,5.14,-35.8907,-120.12615,0.51,1.72,10.76,27.84,27.1,0.74,3,,"정배열(단), 장기추세(120↑), 자금유입(MFI)",179500,166900,194500,211000,의약품 제조업,바이오·의약품,1.1904761904761905,2.0612813370473537,47.1,50.1,↩️ PULL (눌림),③ 박스 / 중립,💰 외국인/기관의 강력한 수급이 집중되고 있습니다. ⚠️ 단기 급등으로 인한 조정 가능성을 염두에 두세요.,20251209,20251209,27.1,12.92,27.84,27.1,0.74
KOSPI,씨에스윈드,112610,"구조용 금속제품, 탱크 및 증기발생기 제조업",45100,141.39,19019.3,69.5,75.4,7.09,487.1336,101.92725,2.01,8.02,12.61,5.01,27.1,-22.09,5,★,"MACD상승, 거래량↑, 장기추세(120↑), 자금유입(MFI), MACD>Sig",43400,40950,46250,49400,"구조용 금속제품, 탱크 및 증기발생기 제조업",기타,1.163265306122449,3.9170506912442393,47.0,55.3,🔼 BRK (돌파),④ 바닥 반등 시도,💰 외국인/기관의 강력한 수급이 집중되고 있습니다. 🚀 상승 에너지가 폭발적으로 증가하는 중입니다. ⚠️ 단기 급등으로 인한 조정 가능성을 염두에 두세요.,20251209,20251209,27.1,12.92,5.01,27.1,-22.09
KOSDAQ,에스티팜,237690,의약품 제조업,127500,358.76,26394.6,86.2,80.4,17.05,1910.3151,156.59762,1.26,8.23,30.37,37.69,12.92,24.77,6,★,"MACD상승, 거래량↑, 정배열(단), 장기추세(120↑), 자금유입(MFI), MACD>Sig",112200,104300,124000,135800,의약품 제조업,바이오·의약품,1.4936708860759493,13.636363636363635,46.9,48.5,🔺 Watch (관찰·돌파예상),⑤ 하락 / 약세,💰 외국인/기관의 강력한 수급이 집중되고 있습니다. 🚀 상승 에너지가 폭발적으로 증가하는 중입니다. ⚠️ 단기 급등으로 인한 조정 가능성을 염두에 두세요.,20251209,20251209,27.1,12.92,37.69,12.92,24.77
KOSPI,KT,030200,전기 통신업,51600,104.7,130043.2,65.9,60.9,1.94,225.2864,-80.14189,0.51,1.98,3.51,-0.39,27.1,-27.49,3,,"20선근접, 정배열(단), 자금유입(MFI), MACD>Sig",51600,49900,53600,55800,전기 통신업,기타,1.1764705882352942,0.0,46.6,61.3,↩️ PULL (눌림),⑤ 하락 / 약세,💸 자금 유입이 꾸준히 이어지고 있습니다. ✅ 20일선 부근의 안전한 눌림목 구간입니다.,20251209,20251209,27.1,12.92,-0.39,27.1,-27.49
KOSPI,대성산업,128820,연료 소매업,5130,101.17,2320.6,56.9,71.9,8.67,71.6455,-28.42793,0.53,6.99,9.03,26.82,27.1,-0.28,5,★,"RSI적정, 정배열(단), 장기추세(120↑), 자금유입(MFI), MACD>Sig",4860,4520,5270,5710,연료 소매업,유통·소비재,1.2058823529411764,5.555555555555555,46.2,48.9,🔺 Watch (상승 준비),③ 박스 / 중립,💰 외국인/기관의 강력한 수급이 집중되고 있습니다. ⚠️ 단기 급등으로 인한 조정 가능성을 염두에 두세요.,20251209,20251209,27.1,12.92,26.82,27.1,-0.28
KOSPI,고려아연,010130,1차 비철금속 제조업,1477000,481.16,285700.0,77.8,70.5,20.08,23196.1356,3772.66888,0.98,11.98,29.79,65.77,27.1,38.67,5,★,"MACD상승, 정배열(단), 장기추세(120↑), 자금유입(MFI), MACD>Sig",1267000,1178000,1373000,1489000,1차 비철금속 제조업,철강·금속,1.1910112359550562,16.574585635359114,45.7,48.6,🔺 Watch (관찰·돌파예상),⑤ 하락 / 약세,💰 외국인/기관의 강력한 수급이 집중되고 있습니다. 🚀 상승 에너지가 폭발적으로 증가하는 중입니다. ⚠️ 단기 급등으로 인한 조정 가능성을 염두에 두세요.,20251209,20251209,27.1,12.92,65.77,27.1,38.67
KOSDAQ,에코프로,086520,기타 금융업,117800,8949.27,159944.3,80.7,90.6,31.34,2924.0575,796.66785,1.76,25.19,56.65,137.5,12.92,124.58,6,★,"MACD상승, 거래량↑, 정배열(단), 장기추세(120↑), 자금유입(MFI), MACD>Sig",92400,85900,102100,111800,기타 금융업,2차전지,1.4923076923076923,27.48917748917749,45.6,55.2,🔺 Watch (관찰·돌파예상),⑤ 하락 / 약세,💰 외국인/기관의 강력한 수급이 집중되고 있습니다. 🚀 상승 에너지가 폭발적으로 증가하는 중입니다. ⚠️ 단기 급등으로 인한 조정 가능성을 염두에 두세요.,20251209,20251209,27.1,12.92,137.5,12.92,124.58
KOSDAQ,하이젠알앤엠,160190,"전동기, 발전기 및 전기 변환 · 공급 · 제어 장치 제조업",64300,237.52,19861.0,74.0,82.7,21.47,1449.3568,90.3936,1.24,9.17,37.98,70.11,12.92,57.19,6,★,"MACD상승, 거래량↑, 정배열(단), 장기추세(120↑), 자금유입(MFI), MACD>Sig",54500,50700,60200,66000,"전동기, 발전기 및 전기 변환 · 공급 · 제어 장치 제조업",인프라·에너지,1.5,17.98165137614679,45.1,50.9,🔺 Watch (관찰·돌파예상),⑤ 하락 / 약세,💰 외국인/기관의 강력한 수급이 집중되고 있습니다. 📈 상승 추세가 견고하게 유지되고 있습니다. ⚠️ 단기 급등으로 인한 조정 가능성을 염두에 두세요.,20251209,20251209,27.1,12.92,70.11,12.92,57.19
KOSDAQ,원익홀딩스,030530,기초 화학물질 제조업,29200,825.73,22553.5,68.9,74.7,12.75,378.2149,98.28303,0.51,17.51,18.94,158.87,12.92,145.95,5,★,"MACD상승, 정배열(단), 장기추세(120↑), 자금유입(MFI), MACD>Sig",26650,24800,28900,31350,기초 화학물질 제조업,화학·소재,1.2162162162162162,9.568480300187618,44.8,44.4,🔼 BRK (돌파),① 강한 상승 추세,💰 외국인/기관의 강력한 수급이 집중되고 있습니다. 📈 상승 추세가 견고하게 유지되고 있습니다. ⚠️ 단기 급등으로 인한 조정 가능성을 염두에 두세요.,20251209,20251209,27.1,12.92,158.87,12.92,145.95
KOSDAQ,레인보우로보틱스,277810,특수 목적용 기계 제조업,459000,1255.4,89045.3,66.9,76.7,13.08,4900.2819,-2.39992,1.1,3.26,26.97,64.81,12.92,51.89,4,★,"정배열(단), 장기추세(120↑), 자금유입(MFI), MACD>Sig",418000,389000,453000,491500,특수 목적용 기계 제조업,조선·기계·설비,1.206896551724138,9.808612440191387,44.6,39.3,↩️ PULL (눌림),② 상승 후 조정,💰 외국인/기관의 강력한 수급이 집중되고 있습니다. ⚠️ 단기 급등으로 인한 조정 가능성을 염두에 두세요.,20251209,20251209,27.1,12.92,64.81,12.92,51.89
KOSDAQ,비에이치아이,083650,일반 목적용 기계 제조업,51300,749.98,15874.5,65.0,68.8,11.8,1301.0493,-263.55373,1.15,9.38,20.85,-4.47,12.92,-17.39,3,,"장기추세(120↑), 자금유입(MFI), MACD>Sig",47250,43950,51200,55500,일반 목적용 기계 제조업,조선·기계·설비,1.196969696969697,8.571428571428571,44.0,35.5,↩️ PULL (눌림),⑤ 하락 / 약세,💸 자금 유입이 꾸준히 이어지고 있습니다. ⚠️ 단기 급등으로 인한 조정 가능성을 염두에 두세요.,20251209,20251209,27.1,12.92,-4.47,12.92,-17.39
KOSPI,에이프로젠,007460,기타 금속 가공제품 제조업,805,127.91,2650.9,62.9,72.1,14.22,9.0249,4.3532,2.08,8.2,29.42,15.0,27.1,-12.1,7,★,"RSI적정, MACD상승, 거래량↑, 정배열(단), 장기추세(120↑), 자금유입(MFI), MACD>Sig",726,675,802,878,기타 금속 가공제품 제조업,기타,1.4901960784313726,10.881542699724518,43.7,46.0,🔺 Watch (관찰·돌파예상),④ 바닥 반등 시도,💰 외국인/기관의 강력한 수급이 집중되고 있습니다. 📈 상승 추세가 견고하게 유지되고 있습니다. ⚠️ 단기 급등으로 인한 조정 가능성을 염두에 두세요.,20251209,20251209,27.1,12.92,15.0,27.1,-12.1
KOSPI,삼성전기,009150,전자부품 제조업,269500,1540.04,201299.5,85.6,76.0,12.66,2403.5211,-14.84528,0.92,6.94,11.59,49.47,27.1,22.37,4,★,"정배열(단), 장기추세(120↑), 자금유입(MFI), MACD>Sig",246500,229000,267000,289500,전자부품 제조업,IT/전기전자,1.1714285714285715,9.330628803245435,43.3,35.9,↩️ PULL (눌림),② 상승 후 조정,💰 외국인/기관의 강력한 수급이 집중되고 있습니다. ⚠️ 단기 급등으로 인한 조정 가능성을 염두에 두세요.,20251209,20251209,27.1,12.92,49.47,27.1,22.37
KOSDAQ,지아이이노베이션,358570,자연과학 및 공학 연구개발업,20900,450.55,13307.8,66.2,61.2,14.35,237.0058,108.73188,2.21,12.73,27.91,13.96,12.92,1.04,6,★,"MACD상승, 거래량↑, 정배열(단), 장기추세(120↑), 자금유입(MFI), MACD>Sig",18820,17510,20800,22800,자연과학 및 공학 연구개발업,기타,1.5114503816793894,11.052072263549416,42.9,45.3,🔺 Watch (관찰·돌파예상),③ 박스 / 중립,💸 자금 유입이 꾸준히 이어지고 있습니다. 🚀 상승 에너지가 폭발적으로 증가하는 중입니다. ⚠️ 단기 급등으로 인한 조정 가능성을 염두에 두세요.,20251209,20251209,27.1,12.92,13.96,12.92,1.04
KOSPI,현대글로비스,086280,기타 운송관련 서비스업,179900,250.28,134925.0,75.7,75.6,7.63,2349.7079,-34.81892,0.9,6.2,12.44,-3.18,27.1,-30.28,3,,"장기추세(120↑), 자금유입(MFI), MACD>Sig",172200,161900,184400,197700,기타 운송관련 서비스업,서비스 기타,1.1844660194174756,4.471544715447155,42.9,46.5,↩️ PULL (눌림),⑤ 하락 / 약세,💰 외국인/기관의 강력한 수급이 집중되고 있습니다. ⚠️ 단기 급등으로 인한 조정 가능성을 염두에 두세요.,20251209,20251209,27.1,12.92,-3.18,27.1,-30.28
KOSDAQ,동진쎄미켐,005290,기초 화학물질 제조업,38650,169.8,19871.7,66.0,73.5,8.35,616.4239,-14.28551,0.64,-0.77,15.55,21.92,12.92,9.0,3,,"장기추세(120↑), 자금유입(MFI), MACD>Sig",36750,34150,39850,43150,기초 화학물질 제조업,화학·소재,1.1923076923076923,5.170068027210884,42.7,46.3,↩️ PULL (눌림),② 상승 후 조정,💰 외국인/기관의 강력한 수급이 집중되고 있습니다. ⚠️ 단기 급등으로 인한 조정 가능성을 염두에 두세요.,20251209,20251209,27.1,12.92,21.92,12.92,9.0
KOSDAQ,에스티아이,039440,특수 목적용 기계 제조업,28800,704.18,4559.0,68.3,83.3,14.08,268.9976,131.52986,5.56,12.94,16.36,53.44,12.92,40.52,6,★,"MACD상승, 거래량↑, 정배열(단), 장기추세(120↑), 자금유입(MFI), MACD>Sig",26000,24200,28750,31450,특수 목적용 기계 제조업,조선·기계·설비,1.5277777777777777,10.76923076923077,42.6,46.8,🔺 Watch (관찰·돌파예상),① 강한 상승 추세,💰 외국인/기관의 강력한 수급이 집중되고 있습니다. 🚀 상승 에너지가 폭발적으로 증가하는 중입니다. ⚠️ 단기 급등으로 인한 조정 가능성을 염두에 두세요.,20251209,20251209,27.1,12.92,53.44,12.92,40.52
KOSDAQ,뉴로메카,348340,특수 목적용 기계 제조업,33850,164.72,3848.4,75.1,79.8,17.49,528.5388,128.1615,2.33,9.72,26.78,41.04,12.92,28.12,6,★,"MACD상승, 거래량↑, 정배열(단), 장기추세(120↑), 자금유입(MFI), MACD>Sig",29650,27600,32800,35900,특수 목적용 기계 제조업,조선·기계·설비,1.5365853658536586,14.165261382799327,42.6,48.1,🔺 Watch (관찰·돌파예상),⑤ 하락 / 약세,💰 외국인/기관의 강력한 수급이 집중되고 있습니다. 🚀 상승 에너지가 폭발적으로 증가하는 중입니다. ⚠️ 단기 급등으로 인한 조정 가능성을 염두에 두세요.,20251209,20251209,27.1,12.92,41.04,12.92,28.12
KOSPI,HL만도,204320,자동차 신품 부품 제조업,54700,963.85,25685.5,80.3,87.7,21.68,1425.7891,-373.85954,1.82,7.68,32.13,58.32,27.1,31.22,5,★,"거래량↑, 정배열(단), 장기추세(120↑), 자금유입(MFI), MACD>Sig",46300,43050,50200,54400,자동차 신품 부품 제조업,자동차·모빌리티,1.2,18.142548596112313,42.5,41.3,↩️ PULL (눌림),② 상승 후 조정,💰 외국인/기관의 강력한 수급이 집중되고 있습니다. ⚠️ 단기 급등으로 인한 조정 가능성을 염두에 두세요.,20251209,20251209,27.1,12.92,58.32,27.1,31.22
KOSDAQ,고영,098460,특수 목적용 기계 제조업,27400,6548.79,18811.4,80.6,83.9,23.42,579.4564,-104.96813,1.79,-1.26,43.46,79.44,12.92,66.52,5,★,"거래량↑, 정배열(단), 장기추세(120↑), 자금유입(MFI), MACD>Sig",22850,21250,24800,26850,특수 목적용 기계 제조업,조선·기계·설비,1.21875,19.912472647702405,42.1,43.8,↩️ PULL (눌림),② 상승 후 조정,💰 외국인/기관의 강력한 수급이 집중되고 있습니다. ⚠️ 단기 급등으로 인한 조정 가능성을 염두에 두세요.,20251209,20251209,27.1,12.92,79.44,12.92,66.52
KOSPI,HD현대마린엔진,071970,일반 목적용 기계 제조업,90200,550.27,30597.2,66.2,69.0,11.17,1173.548,534.03044,2.35,12.89,13.32,2.15,27.1,-24.95,5,★,"MACD상승, 거래량↑, 장기추세(120↑), 자금유입(MFI), MACD>Sig",83600,77700,90600,98200,일반 목적용 기계 제조업,조선·기계·설비,1.1864406779661016,7.894736842105263,41.1,42.9,🔼 BRK (돌파),④ 바닥 반등 시도,💸 자금 유입이 꾸준히 이어지고 있습니다. 🚀 상승 에너지가 폭발적으로 증가하는 중입니다. ⚠️ 단기 급등으로 인한 조정 가능성을 염두에 두세요.,20251209,20251209,27.1,12.92,2.15,27.1,-24.95
KOSDAQ,쓰리빌리언,394800,자연과학 및 공학 연구개발업,17830,944.62,5656.0,84.3,91.2,42.93,479.7907,131.53244,2.8,31.78,69.49,188.51,12.92,175.59,6,★,"MACD상승, 거래량↑, 정배열(단), 장기추세(120↑), 자금유입(MFI), MACD>Sig",12850,11950,14200,15550,자연과학 및 공학 연구개발업,기타,1.5,38.754863813229576,41.0,52.8,🔺 Watch (관찰·돌파예상),⑤ 하락 / 약세,💰 외국인/기관의 강력한 수급이 집중되고 있습니다. 🚀 상승 에너지가 폭발적으로 증가하는 중입니다. ⚠️ 단기 급등으로 인한 조정 가능성을 염두에 두세요.,20251209,20251209,27.1,12.92,188.51,12.92,175.59
KOSPI,이수스페셜티케미컬,457190,기초 화학물질 제조업,68400,2050.89,20662.5,82.1,90.7,29.07,1391.8502,852.73665,9.22,30.29,39.59,52.17,27.1,25.07,6,★,"MACD상승, 거래량↑, 정배열(단), 장기추세(120↑), 자금유입(MFI), MACD>Sig",54600,50800,60300,66000,기초 화학물질 제조업,화학·소재,1.5,25.274725274725274,40.9,52.7,🔺 Watch (관찰·돌파예상),⑤ 하락 / 약세,💰 외국인/기관의 강력한 수급이 집중되고 있습니다. 🚀 상승 에너지가 폭발적으로 증가하는 중입니다. ⚠️ 단기 급등으로 인한 조정 가능성을 염두에 두세요.,20251209,20251209,27.1,12.92,52.17,27.1,25.07
KOSDAQ,로보티즈,108490,특수 목적용 기계 제조업,283500,1775.81,41306.2,74.5,79.8,22.87,6750.9246,-433.45367,0.64,13.4,45.38,201.37,12.92,188.45,4,★,"정배열(단), 장기추세(120↑), 자금유입(MFI), MACD>Sig",237500,221000,257500,279500,특수 목적용 기계 제조업,조선·기계·설비,1.2121212121212122,19.36842105263158,40.8,44.2,↩️ PULL (눌림),② 상승 후 조정,💰 외국인/기관의 강력한 수급이 집중되고 있습니다. ⚠️ 단기 급등으로 인한 조정 가능성을 염두에 두세요.,20251209,20251209,27.1,12.92,201.37,12.92,188.45
KOSPI,현대오토에버,307950,소프트웨어 개발 및 공급업,301500,943.88,82683.3,85.0,83.8,41.38,11702.7808,472.29766,1.18,29.12,63.95,76.94,27.1,49.84,5,★,"MACD상승, 정배열(단), 장기추세(120↑), 자금유입(MFI), MACD>Sig",219500,204500,238000,258000,소프트웨어 개발 및 공급업,IT/전기전자,1.2333333333333334,37.357630979498865,40.8,50.8,🔺 Watch (관찰·돌파예상),⑤ 하락 / 약세,💰 외국인/기관의 강력한 수급이 집중되고 있습니다. 🚀 상승 에너지가 폭발적으로 증가하는 중입니다. ⚠️ 단기 급등으로 인한 조정 가능성을 염두에 두세요.,20251209,20251209,27.1,12.92,76.94,27.1,49.84
KOSDAQ,브이엠,089970,특수 목적용 기계 제조업,29400,197.31,7177.0,67.2,74.8,15.88,327.8385,140.31221,1.31,17.6,20.99,109.7,12.92,96.78,6,★,"MACD상승, 거래량↑, 정배열(단), 장기추세(120↑), 자금유입(MFI), MACD>Sig",26150,24300,28850,31600,특수 목적용 기계 제조업,조선·기계·설비,1.4594594594594594,12.4282982791587,40.8,49.3,🔺 Watch (관찰·돌파예상),① 강한 상승 추세,💰 외국인/기관의 강력한 수급이 집중되고 있습니다. 🚀 상승 에너지가 폭발적으로 증가하는 중입니다. ⚠️ 단기 급등으로 인한 조정 가능성을 염두에 두세요.,20251209,20251209,27.1,12.92,109.7,12.92,96.78
KOSPI,한국단자,025540,"전동기, 발전기 및 전기 변환 · 공급 · 제어 장치 제조업",68700,77.73,6949.0,83.7,72.5,10.15,839.2502,92.36927,2.65,9.57,14.88,12.07,27.1,-15.03,6,★,"MACD상승, 거래량↑, 정배열(단), 장기추세(120↑), 자금유입(MFI), MACD>Sig",64200,60700,69600,74900,"전동기, 발전기 및 전기 변환 · 공급 · 제어 장치 제조업",인프라·에너지,1.542857142857143,7.009345794392523,40.6,37.1,🔼 BRK (돌파),④ 바닥 반등 시도,💰 외국인/기관의 강력한 수급이 집중되고 있습니다. 📈 상승 추세가 견고하게 유지되고 있습니다. ⚠️ 단기 급등으로 인한 조정 가능성을 염두에 두세요.,20251209,20251209,27.1,12.92,12.07,27.1,-15.03
KOSDAQ,오름테라퓨틱,475830,기초 의약물질 제조업,86100,651.53,18217.5,75.9,82.1,36.93,2076.0957,342.96565,1.79,23.18,45.69,177.29,12.92,164.37,6,★,"MACD상승, 거래량↑, 정배열(단), 장기추세(120↑), 자금유입(MFI), MACD>Sig",64800,60200,71600,78400,기초 의약물질 제조업,기타,1.4782608695652173,32.870370370370374,40.5,55.1,🔺 Watch (관찰·돌파예상),⑤ 하락 / 약세,💰 외국인/기관의 강력한 수급이 집중되고 있습니다. 🚀 상승 에너지가 폭발적으로 증가하는 중입니다. ⚠️ 단기 급등으로 인한 조정 가능성을 염두에 두세요.,20251209,20251209,27.1,12.92,177.29,12.92,164.37
KOSDAQ,LS마린솔루션,060370,전기 및 통신 공사업,30700,383.66,16037.3,84.6,84.2,12.85,350.1227,77.3579,3.66,9.25,16.73,31.76,12.92,18.84,6,★,"MACD상승, 거래량↑, 정배열(단), 장기추세(120↑), 자금유입(MFI), MACD>Sig",28000,26050,30950,33900,전기 및 통신 공사업,기타,1.5128205128205128,9.642857142857144,40.5,45.4,🔼 BRK (돌파),⑤ 하락 / 약세,💰 외국인/기관의 강력한 수급이 집중되고 있습니다. 📈 상승 추세가 견고하게 유지되고 있습니다. ⚠️ 단기 급등으로 인한 조정 가능성을 염두에 두세요.,20251209,20251209,27.1,12.92,31.76,12.92,18.84
KOSDAQ,유진로봇,056080,특수 목적용 기계 제조업,13120,442.45,4921.6,68.2,74.3,9.3,154.7294,19.61808,4.02,4.54,17.88,23.08,12.92,10.16,5,★,"MACD상승, 거래량↑, 장기추세(120↑), 자금유입(MFI), MACD>Sig",12360,11500,13400,14530,특수 목적용 기계 제조업,조선·기계·설비,1.2093023255813953,6.148867313915858,40.2,47.7,🔼 BRK (돌파),① 강한 상승 추세,💰 외국인/기관의 강력한 수급이 집중되고 있습니다. 📈 상승 추세가 견고하게 유지되고 있습니다. ⚠️ 단기 급등으로 인한 조정 가능성을 염두에 두세요.,20251209,20251209,27.1,12.92,23.08,12.92,10.16
KOSPI,현대모비스,012330,자동차 신품 부품 제조업,359000,1228.33,325730.0,86.3,81.8,15.09,7443.555,-140.6117,1.4,13.25,22.32,13.79,27.1,-13.31,5,★,"거래량↑, 정배열(단), 장기추세(120↑), 자금유입(MFI), MACD>Sig",321500,299000,348500,377500,자동차 신품 부품 제조업,자동차·모빌리티,1.2,11.66407465007776,40.1,36.7,↩️ PULL (눌림),⑤ 하락 / 약세,💰 외국인/기관의 강력한 수급이 집중되고 있습니다. ⚠️ 단기 급등으로 인한 조정 가능성을 염두에 두세요.,20251209,20251209,27.1,12.92,13.79,27.1,-13.31
KOSPI,현대건설,000720,토목 건설업,72900,818.8,81178.4,69.2,81.7,11.7,1132.3474,-69.50051,0.64,10.62,19.9,23.35,27.1,-3.75,4,★,"정배열(단), 장기추세(120↑), 자금유입(MFI), MACD>Sig",67200,62500,72900,79000,토목 건설업,건설·부동산,1.2127659574468086,8.482142857142858,39.9,35.5,↩️ PULL (눌림),③ 박스 / 중립,💰 외국인/기관의 강력한 수급이 집중되고 있습니다. ⚠️ 단기 급등으로 인한 조정 가능성을 염두에 두세요.,20251209,20251209,27.1,12.92,23.35,27.1,-3.75
KOSPI,LG이노텍,011070,전자부품 제조업,287500,420.16,68042.9,80.5,87.1,14.56,4125.7306,126.75687,0.92,15.93,21.82,69.42,27.1,42.32,5,★,"MACD상승, 정배열(단), 장기추세(120↑), 자금유입(MFI), MACD>Sig",258500,240500,280000,303500,전자부품 제조업,IT/전기전자,1.1944444444444444,11.218568665377177,39.9,43.7,🔺 Watch (관찰·돌파예상),⑤ 하락 / 약세,💰 외국인/기관의 강력한 수급이 집중되고 있습니다. 🚀 상승 에너지가 폭발적으로 증가하는 중입니다. ⚠️ 단기 급등으로 인한 조정 가능성을 염두에 두세요.,20251209,20251209,27.1,12.92,69.42,27.1,42.32
KOSPI,한진칼,180640,기타 금융업,112400,89.42,75040.8,67.9,64.7,9.65,1171.6576,261.15898,0.96,8.7,12.29,1.63,27.1,-25.47,4,★,"MACD상승, 장기추세(120↑), 자금유입(MFI), MACD>Sig",105600,98200,114400,124100,기타 금융업,금융,1.1891891891891893,6.4393939393939394,39.6,39.6,🔼 BRK (돌파),④ 바닥 반등 시도,💸 자금 유입이 꾸준히 이어지고 있습니다. 🚀 상승 에너지가 폭발적으로 증가하는 중입니다. ⚠️ 단기 급등으로 인한 조정 가능성을 염두에 두세요.,20251209,20251209,27.1,12.92,1.63,27.1,-25.47
KOSPI,STX엔진,077970,일반 목적용 기계 제조업,37700,401.49,15135.8,78.5,66.7,15.64,827.6198,118.97758,2.37,10.88,23.61,-14.32,27.1,-41.42,5,★,"MACD상승, 거래량↑, 장기추세(120↑), 자금유입(MFI), MACD>Sig",33600,31250,36400,39450,일반 목적용 기계 제조업,조선·기계·설비,1.1914893617021276,12.202380952380953,39.1,41.8,🔺 Watch (관찰·돌파예상),④ 바닥 반등 시도,💸 자금 유입이 꾸준히 이어지고 있습니다. 🚀 상승 에너지가 폭발적으로 증가하는 중입니다. ⚠️ 단기 급등으로 인한 조정 가능성을 염두에 두세요.,20251209,20251209,27.1,12.92,-14.32,27.1,-41.42
KOSDAQ,티로보틱스,117730,특수 목적용 기계 제조업,18090,161.59,3908.4,71.9,81.9,11.36,182.3938,34.96554,0.78,8.26,20.76,57.3,12.92,44.38,5,★,"MACD상승, 정배열(단), 장기추세(120↑), 자금유입(MFI), MACD>Sig",16730,15560,18140,19660,특수 목적용 기계 제조업,조선·기계·설비,1.205128205128205,8.12910938433951,38.4,41.4,🔼 BRK (돌파),⑤ 하락 / 약세,💰 외국인/기관의 강력한 수급이 집중되고 있습니다. 📈 상승 추세가 견고하게 유지되고 있습니다. ⚠️ 단기 급등으로 인한 조정 가능성을 염두에 두세요.,20251209,20251209,27.1,12.92,57.3,12.92,44.38
KOSDAQ,코오롱티슈진,950160,기초 의약물질 제조업,80900,469.79,67326.0,76.3,67.4,18.01,587.1838,-332.6875,0.58,-2.88,28.82,80.98,12.92,68.06,4,★,"정배열(단), 장기추세(120↑), 자금유입(MFI), MACD>Sig",70600,65700,76500,83000,기초 의약물질 제조업,기타,1.2040816326530612,14.589235127478753,38.1,41.9,🔁 MR (반전),② 상승 후 조정,💸 자금 유입이 꾸준히 이어지고 있습니다. ⚠️ 단기 급등으로 인한 조정 가능성을 염두에 두세요.,20251209,20251209,27.1,12.92,80.98,12.92,68.06
KOSDAQ,동운아나텍,094170,반도체 제조업,27800,219.42,5813.0,69.9,55.1,9.21,252.1061,-370.99129,2.02,-11.75,16.56,51.91,12.92,38.99,4,★,"거래량↑, 정배열(단), 장기추세(120↑), MACD>Sig",26200,24400,28400,30800,반도체 제조업,반도체,1.2222222222222223,6.106870229007633,38.1,46.4,🔺 Watch (상승 준비),② 상승 후 조정,⚠️ 단기 급등으로 인한 조정 가능성을 염두에 두세요.,20251209,20251209,27.1,12.92,51.91,12.92,38.99
KOSPI,SK이터닉스,475150,건물 건설업,21100,247.33,7122.1,68.5,68.5,10.02,277.6262,69.26239,2.45,5.24,16.0,-5.17,27.1,-32.27,3,,"MACD상승, 거래량↑, 자금유입(MFI), MACD>Sig",19750,18370,21400,23200,건물 건설업,건설·부동산,1.1956521739130435,6.8354430379746836,38.0,41.8,🔻 REV (역추세 반등),④ 바닥 반등 시도,💸 자금 유입이 꾸준히 이어지고 있습니다. 📈 상승 추세가 견고하게 유지되고 있습니다. ⚠️ 단기 급등으로 인한 조정 가능성을 염두에 두세요.,20251209,20251209,27.1,12.92,-5.17,27.1,-32.27
KOSPI,롯데관광개발,032350,여행사 및 기타 여행보조 서비스업,23050,176.12,18333.9,65.1,72.8,11.03,193.063,48.35017,0.43,10.02,11.35,42.11,27.1,15.01,5,★,"MACD상승, 정배열(단), 장기추세(120↑), 자금유입(MFI), MACD>Sig",21400,19890,23200,25100,여행사 및 기타 여행보조 서비스업,서비스 기타,1.1920529801324504,7.710280373831775,37.8,40.4,🔼 BRK (돌파),① 강한 상승 추세,💰 외국인/기관의 강력한 수급이 집중되고 있습니다. 📈 상승 추세가 견고하게 유지되고 있습니다. ⚠️ 단기 급등으로 인한 조정 가능성을 염두에 두세요.,20251209,20251209,27.1,12.92,42.11,27.1,15.01
KOSDAQ,엘앤씨바이오,290650,의약품 제조업,66600,2344.53,16396.2,70.5,87.8,15.84,1232.3159,-135.47358,4.18,5.38,24.49,31.36,12.92,18.44,5,★,"거래량↑, 정배열(단), 장기추세(120↑), 자금유입(MFI), MACD>Sig",59200,55100,64200,69600,의약품 제조업,바이오·의약품,1.2195121951219512,12.5,37.4,38.4,↩️ PULL (눌림),② 상승 후 조정,💰 외국인/기관의 강력한 수급이 집중되고 있습니다. ⚠️ 단기 급등으로 인한 조정 가능성을 염두에 두세요.,20251209,20251209,27.1,12.92,31.36,12.92,18.44
KOSDAQ,씨메스,475400,특수 목적용 기계 제조업,34400,141.54,4019.6,64.6,80.0,11.15,528.7098,-54.5667,0.85,6.34,25.32,26.94,12.92,14.02,5,★,"RSI적정, 정배열(단), 장기추세(120↑), 자금유입(MFI), MACD>Sig",31900,29650,34550,37450,특수 목적용 기계 제조업,조선·기계·설비,1.1777777777777778,7.836990595611286,37.2,39.7,🔺 Watch (상승 준비),② 상승 후 조정,💰 외국인/기관의 강력한 수급이 집중되고 있습니다. ⚠️ 단기 급등으로 인한 조정 가능성을 염두에 두세요.,20251209,20251209,27.1,12.92,26.94,12.92,14.02
KOSDAQ,천보,278280,기초 화학물질 제조업,68000,113.11,6800.0,76.8,80.9,15.45,872.99,561.31608,2.63,16.44,30.77,60.95,12.92,48.03,6,★,"MACD상승, 거래량↑, 정배열(단), 장기추세(120↑), 자금유입(MFI), MACD>Sig",60700,56400,67000,73400,기초 화학물질 제조업,화학·소재,1.4651162790697674,12.026359143327841,37.2,51.0,🔺 Watch (관찰·돌파예상),⑤ 하락 / 약세,💰 외국인/기관의 강력한 수급이 집중되고 있습니다. 🚀 상승 에너지가 폭발적으로 증가하는 중입니다. ⚠️ 단기 급등으로 인한 조정 가능성을 염두에 두세요.,20251209,20251209,27.1,12.92,60.95,12.92,48.03
KOSDAQ,로킷헬스케어,376900,의료용품 및 기타 의약 관련제품 제조업,71100,316.38,11135.3,65.2,83.9,9.79,-728.5071,-639.49209,0.21,-15.26,4.41,332.22,12.92,319.3,3,,"정배열(단), 장기추세(120↑), 자금유입(MFI)",66700,62000,72300,78400,의료용품 및 기타 의약 관련제품 제조업,기타,1.1914893617021276,6.5967016491754125,37.0,42.0,🔁 MR (반전),② 상승 후 조정,💰 외국인/기관의 강력한 수급이 집중되고 있습니다. ⚠️ 단기 급등으로 인한 조정 가능성을 염두에 두세요.,20251209,20251209,27.1,12.92,332.22,12.92,319.3
KOSDAQ,현대무벡스,319400,일반 목적용 기계 제조업,10620,544.31,11828.1,73.0,92.8,14.52,228.069,-5.12101,0.94,6.63,26.73,41.22,12.92,28.3,3,,"장기추세(120↑), 자금유입(MFI), MACD>Sig",9550,8880,10350,11220,일반 목적용 기계 제조업,조선·기계·설비,1.1940298507462686,11.204188481675391,36.7,35.7,↩️ PULL (눌림),② 상승 후 조정,💰 외국인/기관의 강력한 수급이 집중되고 있습니다. ⚠️ 단기 급등으로 인한 조정 가능성을 염두에 두세요.,20251209,20251209,27.1,12.92,41.22,12.92,28.3
KOSDAQ,태성,323280,특수 목적용 기계 제조업,48650,384.61,14838.6,77.3,78.4,17.8,578.653,-38.31456,1.04,7.28,30.43,66.32,12.92,53.4,4,★,"정배열(단), 장기추세(120↑), 자금유입(MFI), MACD>Sig",42550,39550,46100,50000,특수 목적용 기계 제조업,조선·기계·설비,1.1833333333333333,14.336075205640423,36.7,41.0,↩️ PULL (눌림),② 상승 후 조정,💰 외국인/기관의 강력한 수급이 집중되고 있습니다. ⚠️ 단기 급등으로 인한 조정 가능성을 염두에 두세요.,20251209,20251209,27.1,12.92,66.32,12.92,53.4
KOSPI,우진,105840,"측정, 시험, 항해, 제어 및 기타 정밀기기 제조업; 광학기기 제외",17330,216.67,3500.3,64.0,77.8,11.77,282.5269,-31.21836,0.71,11.88,18.7,52.69,27.1,25.59,5,★,"RSI적정, 정배열(단), 장기추세(120↑), 자금유입(MFI), MACD>Sig",15970,14850,17310,18770,"측정, 시험, 항해, 제어 및 기타 정밀기기 제조업; 광학기기 제외",기타,1.1964285714285714,8.515967438948028,36.1,39.3,↩️ PULL (눌림),② 상승 후 조정,💰 외국인/기관의 강력한 수급이 집중되고 있습니다. ⚠️ 단기 급등으로 인한 조정 가능성을 염두에 두세요.,20251209,20251209,27.1,12.92,52.69,27.1,25.59
KOSDAQ,슈어소프트테크,298830,소프트웨어 개발 및 공급업,6480,170.98,3409.7,74.5,94.3,21.9,137.4714,24.84245,2.22,21.12,26.81,35.85,12.92,22.93,6,★,"MACD상승, 거래량↑, 정배열(단), 장기추세(120↑), 자금유입(MFI), MACD>Sig",5480,5090,6050,6630,소프트웨어 개발 및 공급업,IT/전기전자,1.4615384615384615,18.248175182481752,36.1,46.8,🔺 Watch (관찰·돌파예상),⑤ 하락 / 약세,💰 외국인/기관의 강력한 수급이 집중되고 있습니다. 📈 상승 추세가 견고하게 유지되고 있습니다. ⚠️ 단기 급등으로 인한 조정 가능성을 염두에 두세요.,20251209,20251209,27.1,12.92,35.85,12.92,22.93
KOSPI,현대약품,004310,의약품 제조업,6960,2797.64,2227.2,94.0,99.7,71.53,350.5465,100.92644,12.27,90.68,96.33,75.76,27.1,48.66,6,★,"MACD상승, 거래량↑, 정배열(단), 장기추세(120↑), 자금유입(MFI), MACD>Sig",4180,3885,4620,5060,의약품 제조업,바이오·의약품,1.4915254237288136,66.50717703349282,35.8,50.7,🔺 Watch (관찰·돌파예상),⑤ 하락 / 약세,💰 외국인/기관의 강력한 수급이 집중되고 있습니다. 🚀 상승 에너지가 폭발적으로 증가하는 중입니다. ⚠️ 단기 급등으로 인한 조정 가능성을 염두에 두세요.,20251209,20251209,27.1,12.92,75.76,27.1,48.66
KOSDAQ,큐리옥스바이오시스템즈,445680,의료용 기기 제조업,92000,146.35,15719.2,70.0,75.1,10.16,91.868,-184.91394,0.61,-5.93,6.36,102.42,12.92,89.5,4,★,"정배열(단), 장기추세(120↑), 자금유입(MFI), MACD>Sig",86000,80000,93200,101100,의료용 기기 제조업,기타,1.2,6.976744186046512,35.4,43.1,🔺 Watch (상승 준비),② 상승 후 조정,💰 외국인/기관의 강력한 수급이 집중되고 있습니다. ⚠️ 단기 급등으로 인한 조정 가능성을 염두에 두세요.,20251209,20251209,27.1,12.92,102.42,12.92,89.5
KOSDAQ,에스비비테크,389500,일반 목적용 기계 제조업,41300,398.18,2615.9,76.8,91.0,36.18,1098.2052,140.34772,1.16,16.01,43.4,88.15,12.92,75.23,5,★,"MACD상승, 정배열(단), 장기추세(120↑), 자금유입(MFI), MACD>Sig",31250,29050,33850,36700,일반 목적용 기계 제조업,조선·기계·설비,1.1818181818181819,32.16,35.0,49.1,🔺 Watch (관찰·돌파예상),⑤ 하락 / 약세,💰 외국인/기관의 강력한 수급이 집중되고 있습니다. 🚀 상승 에너지가 폭발적으로 증가하는 중입니다. ⚠️ 단기 급등으로 인한 조정 가능성을 염두에 두세요.,20251209,20251209,27.1,12.92,88.15,12.92,75.23
KOSDAQ,에스오에스랩,464080,"측정, 시험, 항해, 제어 및 기타 정밀기기 제조업; 광학기기 제외",11100,58.71,1962.7,62.1,75.2,10.27,218.9436,-16.72357,1.13,3.54,22.79,6.83,12.92,-6.09,4,★,"RSI적정, 장기추세(120↑), 자금유입(MFI), MACD>Sig",10370,9640,11240,12180,"측정, 시험, 항해, 제어 및 기타 정밀기기 제조업; 광학기기 제외",기타,1.1917808219178083,7.03953712632594,34.9,32.8,🔺 Watch (상승 준비),⑤ 하락 / 약세,💰 외국인/기관의 강력한 수급이 집중되고 있습니다. ⚠️ 단기 급등으로 인한 조정 가능성을 염두에 두세요.,20251209,20251209,27.1,12.92,6.83,12.92,-6.09
KOSDAQ,에스피지,058610,"전동기, 발전기 및 전기 변환 · 공급 · 제어 장치 제조업",75100,966.65,16655.2,89.7,88.6,49.75,2480.761,-42.31169,0.5,16.25,58.94,172.6,12.92,159.68,4,★,"정배열(단), 장기추세(120↑), 자금유입(MFI), MACD>Sig",51700,48050,56000,60700,"전동기, 발전기 및 전기 변환 · 공급 · 제어 장치 제조업",인프라·에너지,1.178082191780822,45.26112185686654,34.7,43.8,↩️ PULL (눌림),② 상승 후 조정,💰 외국인/기관의 강력한 수급이 집중되고 있습니다. ⚠️ 단기 급등으로 인한 조정 가능성을 염두에 두세요.,20251209,20251209,27.1,12.92,172.6,12.92,159.68
KOSDAQ,이뮨온시아,424870,자연과학 및 공학 연구개발업,11130,582.36,8254.6,73.9,87.8,27.48,246.2738,-62.03552,0.37,1.64,48.4,92.56,12.92,79.64,4,★,"정배열(단), 장기추세(120↑), 자금유입(MFI), MACD>Sig",8990,8360,9750,10570,자연과학 및 공학 연구개발업,기타,1.2063492063492063,23.804226918798665,34.4,44.1,↩️ PULL (눌림),② 상승 후 조정,💰 외국인/기관의 강력한 수급이 집중되고 있습니다. ⚠️ 단기 급등으로 인한 조정 가능성을 염두에 두세요.,20251209,20251209,27.1,12.92,92.56,12.92,79.64
KOSDAQ,와이씨,232140,특수 목적용 기계 제조업,14900,95.45,12224.8,64.7,72.9,10.6,278.4415,-7.43326,1.37,9.16,21.63,29.68,12.92,16.76,5,★,"RSI적정, 거래량↑, 장기추세(120↑), 자금유입(MFI), MACD>Sig",13880,12900,15040,16300,특수 목적용 기계 제조업,조선·기계·설비,1.183673469387755,7.348703170028818,33.9,32.0,🔺 Watch (상승 준비),② 상승 후 조정,💰 외국인/기관의 강력한 수급이 집중되고 있습니다. ⚠️ 단기 급등으로 인한 조정 가능성을 염두에 두세요.,20251209,20251209,27.1,12.92,29.68,12.92,16.76
KOSDAQ,에스피시스템스,317830,특수 목적용 기계 제조업,13100,216.56,1411.4,78.8,84.8,30.67,405.6274,32.21851,1.24,16.96,47.52,32.59,12.92,19.67,6,★,"MACD상승, 거래량↑, 정배열(단), 장기추세(120↑), 자금유입(MFI), MACD>Sig",10330,9600,11410,12490,특수 목적용 기계 제조업,조선·기계·설비,1.4794520547945205,26.815101645692156,33.8,47.7,🔺 Watch (관찰·돌파예상),⑤ 하락 / 약세,💰 외국인/기관의 강력한 수급이 집중되고 있습니다. 📈 상승 추세가 견고하게 유지되고 있습니다. ⚠️ 단기 급등으로 인한 조정 가능성을 염두에 두세요.,20251209,20251209,27.1,12.92,32.59,12.92,19.67
KOSPI,경인양행,012610,기초 화학물질 제조업,3855,1035.9,1604.3,79.9,94.8,29.51,82.98,41.76228,10.65,21.99,38.67,21.99,27.1,-5.11,5,★,"MACD상승, 거래량↑, 장기추세(120↑), 자금유입(MFI), MACD>Sig",3065,2850,3325,3600,기초 화학물질 제조업,화학·소재,1.2093023255813953,25.774877650897228,33.3,43.6,🔺 Watch (관찰·돌파예상),④ 바닥 반등 시도,💰 외국인/기관의 강력한 수급이 집중되고 있습니다. 📈 상승 추세가 견고하게 유지되고 있습니다. ⚠️ 단기 급등으로 인한 조정 가능성을 염두에 두세요.,20251209,20251209,27.1,12.92,21.99,27.1,-5.11
KOSDAQ,시지메드텍,056090,의료용 기기 제조업,1251,194.1,1291.8,79.7,90.1,18.33,17.4285,9.4301,10.56,14.98,23.49,15.51,12.92,2.59,6,★,"MACD상승, 거래량↑, 정배열(단), 장기추세(120↑), 자금유입(MFI), MACD>Sig",1089,1013,1203,1318,의료용 기기 제조업,기타,1.5,14.87603305785124,33.3,44.5,🔺 Watch (관찰·돌파예상),③ 박스 / 중립,💰 외국인/기관의 강력한 수급이 집중되고 있습니다. 📈 상승 추세가 견고하게 유지되고 있습니다. ⚠️ 단기 급등으로 인한 조정 가능성을 염두에 두세요.,20251209,20251209,27.1,12.92,15.51,12.92,2.59
KOSDAQ,레이크머티리얼즈,281740,기타 화학제품 제조업,15000,160.18,9859.6,71.7,77.1,10.32,191.8914,57.73916,4.67,8.46,21.26,23.15,12.92,10.23,5,★,"MACD상승, 거래량↑, 장기추세(120↑), 자금유입(MFI), MACD>Sig",14000,13020,15180,16460,기타 화학제품 제조업,화학·소재,1.2040816326530612,7.142857142857142,33.3,44.0,🔼 BRK (돌파),⑤ 하락 / 약세,💰 외국인/기관의 강력한 수급이 집중되고 있습니다. 📈 상승 추세가 견고하게 유지되고 있습니다. ⚠️ 단기 급등으로 인한 조정 가능성을 염두에 두세요.,20251209,20251209,27.1,12.92,23.15,12.92,10.23
KOSPI,코리아써키트,007810,전자부품 제조업,39400,300.79,9306.6,66.5,78.8,21.28,515.6365,-19.43426,0.71,15.54,30.03,160.41,27.1,133.31,4,★,"정배열(단), 장기추세(120↑), 자금유입(MFI), MACD>Sig",33450,31100,36250,39300,전자부품 제조업,IT/전기전자,1.1914893617021276,17.78774289985052,33.2,43.3,↩️ PULL (눌림),② 상승 후 조정,💰 외국인/기관의 강력한 수급이 집중되고 있습니다. ⚠️ 단기 급등으로 인한 조정 가능성을 염두에 두세요.,20251209,20251209,27.1,12.92,160.41,27.1,133.31
KOSPI,현대엘리베이터,017800,일반 목적용 기계 제조업,93600,258.57,36590.5,83.4,73.5,10.83,1258.8356,-78.86312,0.71,7.22,14.85,17.59,27.1,-9.51,4,★,"정배열(단), 장기추세(120↑), 자금유입(MFI), MACD>Sig",87000,81200,94000,101500,일반 목적용 기계 제조업,조선·기계·설비,1.206896551724138,7.586206896551724,33.2,36.5,🔺 Watch (상승 준비),⑤ 하락 / 약세,💰 외국인/기관의 강력한 수급이 집중되고 있습니다. ⚠️ 단기 급등으로 인한 조정 가능성을 염두에 두세요.,20251209,20251209,27.1,12.92,17.59,27.1,-9.51
KOSDAQ,큐렉소,060280,기타 상품 전문 소매업,13800,247.72,5670.4,78.1,80.7,20.09,280.8575,-11.39047,1.35,0.95,36.77,58.8,12.92,45.88,5,★,"거래량↑, 정배열(단), 장기추세(120↑), 자금유입(MFI), MACD>Sig",11840,11010,12830,13910,기타 상품 전문 소매업,유통·소비재,1.1927710843373494,16.554054054054053,33.0,41.8,↩️ PULL (눌림),② 상승 후 조정,💰 외국인/기관의 강력한 수급이 집중되고 있습니다. ⚠️ 단기 급등으로 인한 조정 가능성을 염두에 두세요.,20251209,20251209,27.1,12.92,58.8,12.92,45.88
KOSDAQ,압타바이오,293780,자연과학 및 공학 연구개발업,9620,149.65,2586.0,75.7,85.6,19.88,146.315,58.58988,4.53,12.78,31.78,16.04,12.92,3.12,6,★,"MACD상승, 거래량↑, 정배열(단), 장기추세(120↑), 자금유입(MFI), MACD>Sig",8270,7690,9130,10000,자연과학 및 공학 연구개발업,기타,1.4827586206896552,16.324062877871825,33.0,46.4,🔺 Watch (관찰·돌파예상),③ 박스 / 중립,💰 외국인/기관의 강력한 수급이 집중되고 있습니다. 📈 상승 추세가 견고하게 유지되고 있습니다. ⚠️ 단기 급등으로 인한 조정 가능성을 염두에 두세요.,20251209,20251209,27.1,12.92,16.04,12.92,3.12
KOSPI,SJG세종,033530,자동차 신품 부품 제조업,9630,100.27,2679.2,69.5,84.4,10.3,133.5086,-38.63536,0.63,6.06,18.74,53.59,27.1,26.49,4,★,"정배열(단), 장기추세(120↑), 자금유입(MFI), MACD>Sig",8990,8360,9750,10570,자동차 신품 부품 제조업,자동차·모빌리티,1.2063492063492063,7.119021134593993,32.8,41.1,🔺 Watch (상승 준비),② 상승 후 조정,💰 외국인/기관의 강력한 수급이 집중되고 있습니다. ⚠️ 단기 급등으로 인한 조정 가능성을 염두에 두세요.,20251209,20251209,27.1,12.92,53.59,27.1,26.49
KOSDAQ,비나텍,126340,일차전지 및 이차전지 제조업,72900,120.68,4675.6,72.1,78.2,19.59,1608.4751,-397.49479,0.77,12.33,14.8,56.27,12.92,43.35,4,★,"정배열(단), 장기추세(120↑), 자금유입(MFI), MACD>Sig",62800,58400,68100,73800,일차전지 및 이차전지 제조업,2차전지,1.2045454545454546,16.0828025477707,32.5,39.9,↩️ PULL (눌림),② 상승 후 조정,💰 외국인/기관의 강력한 수급이 집중되고 있습니다. ⚠️ 단기 급등으로 인한 조정 가능성을 염두에 두세요.,20251209,20251209,27.1,12.92,56.27,12.92,43.35
KOSDAQ,인벤티지랩,389470,자연과학 및 공학 연구개발업,93000,476.39,11503.2,67.9,78.6,31.34,2567.9877,107.12562,0.41,31.91,57.89,118.05,12.92,105.13,5,★,"MACD상승, 정배열(단), 장기추세(120↑), 자금유입(MFI), MACD>Sig",72900,67800,79100,85700,자연과학 및 공학 연구개발업,기타,1.2156862745098038,27.572016460905353,32.0,48.9,🔺 Watch (관찰·돌파예상),① 강한 상승 추세,💰 외국인/기관의 강력한 수급이 집중되고 있습니다. 🚀 상승 에너지가 폭발적으로 증가하는 중입니다. ⚠️ 단기 급등으로 인한 조정 가능성을 염두에 두세요.,20251209,20251209,27.1,12.92,118.05,12.92,105.13
KOSDAQ,한라IMS,092460,선박 및 보트 건조업,17950,77.94,3071.2,75.0,82.4,11.42,254.0877,54.30819,1.31,8.2,17.94,2.22,12.92,-10.7,5,★,"MACD상승, 거래량↑, 장기추세(120↑), 자금유입(MFI), MACD>Sig",16590,15430,17990,19500,선박 및 보트 건조업,조선·기계·설비,1.206896551724138,8.197709463532249,32.0,29.2,🔼 BRK (돌파),④ 바닥 반등 시도,💰 외국인/기관의 강력한 수급이 집중되고 있습니다. 📈 상승 추세가 견고하게 유지되고 있습니다. ⚠️ 단기 급등으로 인한 조정 가능성을 염두에 두세요.,20251209,20251209,27.1,12.92,2.22,12.92,-10.7
KOSPI,금강공업,014280,1차 철강 제조업,6610,50.51,1938.7,68.5,79.4,9.11,43.3798,-4.88399,0.22,0.46,10.91,17.41,27.1,-9.69,4,★,"정배열(단), 장기추세(120↑), 자금유입(MFI), MACD>Sig",6240,5800,6760,7330,1차 철강 제조업,철강·금속,1.1818181818181819,5.929487179487179,31.9,34.2,🔺 Watch (상승 준비),⑤ 하락 / 약세,💰 외국인/기관의 강력한 수급이 집중되고 있습니다. ⚠️ 단기 급등으로 인한 조정 가능성을 염두에 두세요.,20251209,20251209,27.1,12.92,17.41,27.1,-9.69
KOSDAQ,지엔씨에너지,119850,"전동기, 발전기 및 전기 변환 · 공급 · 제어 장치 제조업",34500,91.3,5674.9,73.0,81.7,8.9,673.5012,-6.55477,0.46,10.93,21.91,9.52,12.92,-3.4,3,,"장기추세(120↑), 자금유입(MFI), MACD>Sig",32650,30350,35350,38350,"전동기, 발전기 및 전기 변환 · 공급 · 제어 장치 제조업",인프라·에너지,1.173913043478261,5.66615620214395,31.6,33.5,↩️ PULL (눌림),③ 박스 / 중립,💰 외국인/기관의 강력한 수급이 집중되고 있습니다. ⚠️ 단기 급등으로 인한 조정 가능성을 염두에 두세요.,20251209,20251209,27.1,12.92,9.52,12.92,-3.4
KOSDAQ,성호전자,043260,전자부품 제조업,5010,182.91,3553.2,93.2,94.6,92.03,205.6501,99.1854,2.14,75.48,131.94,364.75,12.92,351.83,6,★,"MACD상승, 거래량↑, 정배열(단), 장기추세(120↑), 자금유입(MFI), MACD>Sig",2685,2500,2970,3250,전자부품 제조업,IT/전기전자,1.5405405405405406,86.59217877094973,30.9,52.2,🔺 Watch (관찰·돌파예상),⑤ 하락 / 약세,💰 외국인/기관의 강력한 수급이 집중되고 있습니다. 📈 상승 추세가 견고하게 유지되고 있습니다. ⚠️ 단기 급등으로 인한 조정 가능성을 염두에 두세요.,20251209,20251209,27.1,12.92,364.75,12.92,351.83
KOSDAQ,나노엔텍,039860,의료용 기기 제조업,3995,630.24,1521.8,84.4,97.8,25.85,64.5528,56.61991,18.28,27.03,31.85,14.31,12.92,1.39,5,★,"MACD상승, 거래량↑, 장기추세(120↑), 자금유입(MFI), MACD>Sig",3270,3040,3545,3840,의료용 기기 제조업,기타,1.1956521739130435,22.171253822629968,30.4,43.5,🔺 Watch (관찰·돌파예상),③ 박스 / 중립,💰 외국인/기관의 강력한 수급이 집중되고 있습니다. 📈 상승 추세가 견고하게 유지되고 있습니다. ⚠️ 단기 급등으로 인한 조정 가능성을 염두에 두세요.,20251209,20251209,27.1,12.92,14.31,12.92,1.39
KOSPI,삼성제약,001360,의약품 제조업,1977,1015.07,1861.6,87.8,96.7,37.17,57.8879,29.271,13.6,46.01,43.99,12.07,27.1,-15.03,5,★,"MACD상승, 거래량↑, 장기추세(120↑), 자금유입(MFI), MACD>Sig",1485,1381,1609,1744,의약품 제조업,바이오·의약품,1.1923076923076923,33.131313131313135,30.3,43.2,🔺 Watch (관찰·돌파예상),④ 바닥 반등 시도,💰 외국인/기관의 강력한 수급이 집중되고 있습니다. 📈 상승 추세가 견고하게 유지되고 있습니다. ⚠️ 단기 급등으로 인한 조정 가능성을 염두에 두세요.,20251209,20251209,27.1,12.92,12.07,27.1,-15.03
KOSDAQ,재영솔루텍,049630,사진장비 및 광학기기 제조업,2480,123.14,2899.1,63.8,72.9,22.15,35.5249,-0.53678,0.19,15.35,49.67,239.26,12.92,226.34,5,★,"RSI적정, 정배열(단), 장기추세(120↑), 자금유입(MFI), MACD>Sig",2090,1945,2265,2455,사진장비 및 광학기기 제조업,기타,1.206896551724138,18.660287081339714,30.3,46.8,↩️ PULL (눌림),② 상승 후 조정,💰 외국인/기관의 강력한 수급이 집중되고 있습니다. ⚠️ 단기 급등으로 인한 조정 가능성을 염두에 두세요.,20251209,20251209,27.1,12.92,239.26,12.92,226.34
KOSPI,SNT다이내믹스,003570,자동차 신품 부품 제조업,48400,104.54,16094.3,68.6,57.4,10.54,1301.8561,275.98064,2.52,18.63,15.24,-17.12,27.1,-44.22,2,,"MACD상승, 거래량↑, MACD>Sig",45100,41950,48900,53000,자동차 신품 부품 제조업,자동차·모빌리티,1.2063492063492063,7.317073170731707,30.3,43.4,🔻 REV (역추세 반등),④ 바닥 반등 시도,🚀 상승 에너지가 폭발적으로 증가하는 중입니다. ⚠️ 단기 급등으로 인한 조정 가능성을 염두에 두세요.,20251209,20251209,27.1,12.92,-17.12,27.1,-44.22
KOSDAQ,ISC,095340,기계장비 및 관련 물품 도매업,109700,118.21,23253.2,70.6,74.1,12.89,812.0459,-443.43356,0.28,-0.99,6.92,62.04,12.92,49.12,4,★,"정배열(단), 장기추세(120↑), 자금유입(MFI), MACD>Sig",100100,93100,108500,117600,기계장비 및 관련 물품 도매업,조선·기계·설비,1.2,9.59040959040959,30.1,37.3,↩️ PULL (눌림),② 상승 후 조정,💰 외국인/기관의 강력한 수급이 집중되고 있습니다. ⚠️ 단기 급등으로 인한 조정 가능성을 염두에 두세요.,20251209,20251209,27.1,12.92,62.04,12.92,49.12
KOSDAQ,비츠로셀,082920,일차전지 및 이차전지 제조업,38500,234.08,8805.8,88.0,96.7,27.36,1014.7285,100.72523,4.25,14.75,47.23,34.85,12.92,21.93,6,★,"MACD상승, 거래량↑, 정배열(단), 장기추세(120↑), 자금유입(MFI), MACD>Sig",31150,28950,34400,37700,일차전지 및 이차전지 제조업,2차전지,1.4772727272727273,23.595505617977526,29.9,49.1,🔺 Watch (관찰·돌파예상),⑤ 하락 / 약세,💰 외국인/기관의 강력한 수급이 집중되고 있습니다. 🚀 상승 에너지가 폭발적으로 증가하는 중입니다. ⚠️ 단기 급등으로 인한 조정 가능성을 염두에 두세요.,20251209,20251209,27.1,12.92,34.85,12.92,21.93
KOSDAQ,에이치이엠파마,376270,자연과학 및 공학 연구개발업,50400,66.14,3572.7,73.5,74.4,21.58,569.9265,-261.47007,1.34,0.6,26.0,105.71,12.92,92.79,5,★,"거래량↑, 정배열(단), 장기추세(120↑), 자금유입(MFI), MACD>Sig",42700,39700,46300,50200,자연과학 및 공학 연구개발업,기타,1.2,18.0327868852459,29.9,33.1,↩️ PULL (눌림),② 상승 후 조정,💰 외국인/기관의 강력한 수급이 집중되고 있습니다. ⚠️ 단기 급등으로 인한 조정 가능성을 염두에 두세요.,20251209,20251209,27.1,12.92,105.71,12.92,92.79
KOSDAQ,메디아나,041920,의료용 기기 제조업,6410,51.61,1192.1,69.1,46.8,8.74,88.6471,-31.91998,4.21,-0.47,14.87,18.92,12.92,6.0,4,★,"거래량↑, 정배열(단), 장기추세(120↑), MACD>Sig",6070,5650,6580,7130,의료용 기기 제조업,기타,1.2142857142857142,5.601317957166392,29.8,36.8,🔺 Watch (상승 준비),② 상승 후 조정,⚠️ 단기 급등으로 인한 조정 가능성을 염두에 두세요.,20251209,20251209,27.1,12.92,18.92,12.92,6.0
KOSPI,일성건설,013360,토목 건설업,2325,284.57,1256.1,95.6,99.8,59.9,127.1513,10.3788,2.06,78.3,85.26,57.41,27.1,30.31,6,★,"MACD상승, 거래량↑, 정배열(단), 장기추세(120↑), 자금유입(MFI), MACD>Sig",1498,1393,1655,1812,토목 건설업,건설·부동산,1.4952380952380953,55.20694259012016,29.7,48.1,🔺 Watch (관찰·돌파예상),⑤ 하락 / 약세,💰 외국인/기관의 강력한 수급이 집중되고 있습니다. 📈 상승 추세가 견고하게 유지되고 있습니다. ⚠️ 단기 급등으로 인한 조정 가능성을 염두에 두세요.,20251209,20251209,27.1,12.92,57.41,27.1,30.31
KOSPI,천일고속,000650,육상 여객 운송업,380500,819.14,5438.2,85.5,65.7,107.24,24782.6448,-4149.13895,1.8,23.94,171.4,838.35,27.1,811.25,5,★,"거래량↑, 정배열(단), 장기추세(120↑), 자금유입(MFI), MACD>Sig",189100,175900,205000,222000,육상 여객 운송업,기타,1.2045454545454546,101.21628767847699,29.6,44.1,↩️ PULL (눌림),② 상승 후 조정,💸 자금 유입이 꾸준히 이어지고 있습니다. ⚠️ 단기 급등으로 인한 조정 가능성을 염두에 두세요.,20251209,20251209,27.1,12.92,838.35,27.1,811.25
KOSDAQ,지놈앤컴퍼니,314130,기초 의약물질 제조업,5190,125.96,1613.3,76.7,85.7,44.25,193.073,10.87663,1.61,38.03,88.73,82.43,12.92,69.51,6,★,"MACD상승, 거래량↑, 정배열(단), 장기추세(120↑), 자금유입(MFI), MACD>Sig",3705,3445,4095,4485,기초 의약물질 제조업,기타,1.5,40.08097165991903,29.6,50.2,🔺 Watch (관찰·돌파예상),⑤ 하락 / 약세,💰 외국인/기관의 강력한 수급이 집중되고 있습니다. 📈 상승 추세가 견고하게 유지되고 있습니다. ⚠️ 단기 급등으로 인한 조정 가능성을 염두에 두세요.,20251209,20251209,27.1,12.92,82.43,12.92,69.51
KOSDAQ,우림피티에스,101170,일반 목적용 기계 제조업,11850,337.03,1599.8,92.9,96.1,53.36,518.1174,14.80821,0.91,20.55,99.16,121.5,12.92,108.58,5,★,"MACD상승, 정배열(단), 장기추세(120↑), 자금유입(MFI), MACD>Sig",7960,7400,8630,9350,일반 목적용 기계 제조업,조선·기계·설비,1.1964285714285714,48.86934673366834,29.3,47.0,🔺 Watch (관찰·돌파예상),⑤ 하락 / 약세,💰 외국인/기관의 강력한 수급이 집중되고 있습니다. 📈 상승 추세가 견고하게 유지되고 있습니다. ⚠️ 단기 급등으로 인한 조정 가능성을 염두에 두세요.,20251209,20251209,27.1,12.92,121.5,12.92,108.58
KOSPI,에스엘,005850,자동차 신품 부품 제조업,44100,119.93,20483.8,77.4,85.5,13.02,748.4835,-182.18256,1.15,7.04,18.71,31.84,27.1,4.74,4,★,"정배열(단), 장기추세(120↑), 자금유입(MFI), MACD>Sig",40200,37400,43550,47200,자동차 신품 부품 제조업,자동차·모빌리티,1.1964285714285714,9.701492537313433,29.3,35.9,↩️ PULL (눌림),③ 박스 / 중립,💰 외국인/기관의 강력한 수급이 집중되고 있습니다. ⚠️ 단기 급등으로 인한 조정 가능성을 염두에 두세요.,20251209,20251209,27.1,12.92,31.84,27.1,4.74
KOSDAQ,대화제약,067080,의약품 제조업,20400,245.95,3797.8,70.1,78.8,16.16,456.6757,-29.71854,2.66,13.71,22.38,43.26,12.92,30.34,5,★,"거래량↑, 정배열(단), 장기추세(120↑), 자금유입(MFI), MACD>Sig",18090,16820,19610,21250,의약품 제조업,바이오·의약품,1.1968503937007875,12.769485903814262,29.1,38.7,↩️ PULL (눌림),② 상승 후 조정,💰 외국인/기관의 강력한 수급이 집중되고 있습니다. ⚠️ 단기 급등으로 인한 조정 가능성을 염두에 두세요.,20251209,20251209,27.1,12.92,43.26,12.92,30.34
KOSDAQ,신성델타테크,065350,가정용 기기 제조업,66300,194.65,18221.9,74.2,81.6,16.92,1657.9433,-39.83521,1.77,14.51,22.55,12.37,12.92,-0.55,4,★,"거래량↑, 장기추세(120↑), 자금유입(MFI), MACD>Sig",58400,54300,63300,68600,가정용 기기 제조업,기타,1.1951219512195121,13.527397260273974,28.9,37.3,↩️ PULL (눌림),③ 박스 / 중립,💰 외국인/기관의 강력한 수급이 집중되고 있습니다. ⚠️ 단기 급등으로 인한 조정 가능성을 염두에 두세요.,20251209,20251209,27.1,12.92,12.37,12.92,-0.55
KOSDAQ,링크솔루션,474650,특수 목적용 기계 제조업,52200,207.33,2912.3,73.4,85.8,44.94,1861.2313,177.68695,0.83,38.83,70.59,124.52,12.92,111.6,5,★,"MACD상승, 정배열(단), 장기추세(120↑), 자금유입(MFI), MACD>Sig",37100,34500,40200,43600,특수 목적용 기계 제조업,조선·기계·설비,1.1923076923076923,40.700808625336926,28.6,50.0,🔺 Watch (관찰·돌파예상),⑤ 하락 / 약세,💰 외국인/기관의 강력한 수급이 집중되고 있습니다. 🚀 상승 에너지가 폭발적으로 증가하는 중입니다. ⚠️ 단기 급등으로 인한 조정 가능성을 염두에 두세요.,20251209,20251209,27.1,12.92,124.52,12.92,111.6
KOSPI,디아이씨,092200,자동차 신품 부품 제조업,11660,741.44,4534.4,78.4,85.6,42.83,438.24,-41.20619,0.8,19.71,72.49,143.68,27.1,116.58,4,★,"정배열(단), 장기추세(120↑), 자금유입(MFI), MACD>Sig",8410,7820,9110,9880,자동차 신품 부품 제조업,자동차·모빌리티,1.1864406779661016,38.64447086801427,28.5,43.9,↩️ PULL (눌림),② 상승 후 조정,💰 외국인/기관의 강력한 수급이 집중되고 있습니다. ⚠️ 단기 급등으로 인한 조정 가능성을 염두에 두세요.,20251209,20251209,27.1,12.92,143.68,27.1,116.58
KOSPI,와이투솔루션,011690,반도체 제조업,4840,101.19,1770.2,90.1,89.8,45.37,212.3837,7.78948,1.49,37.3,73.17,30.63,27.1,3.53,6,★,"MACD상승, 거래량↑, 정배열(단), 장기추세(120↑), 자금유입(MFI), MACD>Sig",3430,3190,3790,4150,반도체 제조업,반도체,1.5,41.10787172011662,27.8,46.7,🔺 Watch (관찰·돌파예상),③ 박스 / 중립,💰 외국인/기관의 강력한 수급이 집중되고 있습니다. 📈 상승 추세가 견고하게 유지되고 있습니다. ⚠️ 단기 급등으로 인한 조정 가능성을 염두에 두세요.,20251209,20251209,27.1,12.92,30.63,27.1,3.53
KOSDAQ,스맥,099440,특수 목적용 기계 제조업,7860,654.37,5363.9,86.8,93.6,52.5,368.832,-17.39926,0.75,38.87,61.4,79.45,12.92,66.53,4,★,"정배열(단), 장기추세(120↑), 자금유입(MFI), MACD>Sig",5310,4935,5750,6240,특수 목적용 기계 제조업,조선·기계·설비,1.1733333333333333,48.0225988700565,27.7,43.3,↩️ PULL (눌림),② 상승 후 조정,💰 외국인/기관의 강력한 수급이 집중되고 있습니다. ⚠️ 단기 급등으로 인한 조정 가능성을 염두에 두세요.,20251209,20251209,27.1,12.92,79.45,12.92,66.53
KOSDAQ,모델솔루션,417970,특수 목적용 기계 제조업,24400,68.12,1560.8,73.4,62.6,14.52,196.9107,-65.86207,0.69,10.16,9.91,130.19,12.92,117.27,4,★,"정배열(단), 장기추세(120↑), 자금유입(MFI), MACD>Sig",21950,20400,23800,25800,특수 목적용 기계 제조업,조선·기계·설비,1.1935483870967742,11.161731207289293,27.6,29.5,↩️ PULL (눌림),② 상승 후 조정,💸 자금 유입이 꾸준히 이어지고 있습니다. ⚠️ 단기 급등으로 인한 조정 가능성을 염두에 두세요.,20251209,20251209,27.1,12.92,130.19,12.92,117.27
KOSPI,현대위아,011210,자동차 신품 부품 제조업,65800,79.95,17894.4,73.1,84.7,10.41,840.1606,-161.39894,0.75,6.65,16.46,27.27,27.1,0.17,4,★,"정배열(단), 장기추세(120↑), 자금유입(MFI), MACD>Sig",61400,57100,66500,72100,자동차 신품 부품 제조업,자동차·모빌리티,1.186046511627907,7.166123778501629,27.3,28.8,🔺 Watch (상승 준비),③ 박스 / 중립,💰 외국인/기관의 강력한 수급이 집중되고 있습니다. ⚠️ 단기 급등으로 인한 조정 가능성을 염두에 두세요.,20251209,20251209,27.1,12.92,27.27,27.1,0.17
KOSDAQ,삼현,437730,자동차 신품 부품 제조업,47200,311.19,14966.0,82.2,98.3,35.74,1394.126,-95.98823,0.35,7.27,68.87,144.18,12.92,131.26,4,★,"정배열(단), 장기추세(120↑), 자금유입(MFI), MACD>Sig",35800,33300,38800,42100,자동차 신품 부품 제조업,자동차·모빌리티,1.2,31.843575418994412,27.1,44.1,↩️ PULL (눌림),② 상승 후 조정,💰 외국인/기관의 강력한 수급이 집중되고 있습니다. ⚠️ 단기 급등으로 인한 조정 가능성을 염두에 두세요.,20251209,20251209,27.1,12.92,144.18,12.92,131.26
KOSDAQ,자람테크놀로지,389020,반도체 제조업,40000,119.67,2479.1,72.0,87.3,14.17,820.3025,156.10052,6.41,13.8,25.59,6.67,12.92,-6.25,5,★,"MACD상승, 거래량↑, 장기추세(120↑), 자금유입(MFI), MACD>Sig",36100,33550,39100,42400,반도체 제조업,반도체,1.1764705882352942,10.80332409972299,27.1,42.1,🔺 Watch (관찰·돌파예상),④ 바닥 반등 시도,💰 외국인/기관의 강력한 수급이 집중되고 있습니다. 🚀 상승 에너지가 폭발적으로 증가하는 중입니다. ⚠️ 단기 급등으로 인한 조정 가능성을 염두에 두세요.,20251209,20251209,27.1,12.92,6.67,12.92,-6.25
KOSDAQ,칩스앤미디어,094360,반도체 제조업,18490,108.12,3934.5,77.8,92.0,19.52,573.4603,-12.46597,1.01,15.56,30.95,15.35,12.92,2.43,3,,"장기추세(120↑), 자금유입(MFI), MACD>Sig",15930,14820,17270,18720,반도체 제조업,반도체,1.2072072072072073,16.070307595731325,27.1,36.5,↩️ PULL (눌림),③ 박스 / 중립,💰 외국인/기관의 강력한 수급이 집중되고 있습니다. ⚠️ 단기 급등으로 인한 조정 가능성을 염두에 두세요.,20251209,20251209,27.1,12.92,15.35,12.92,2.43
KOSDAQ,한국피아이엠,448900,자동차 신품 부품 제조업,60800,172.48,3650.7,71.7,72.2,26.03,1065.8399,-495.57883,0.34,-5.0,51.43,342.83,12.92,329.91,4,★,"정배열(단), 장기추세(120↑), 자금유입(MFI), MACD>Sig",49700,46200,53900,58400,자동차 신품 부품 제조업,자동차·모빌리티,1.2,22.334004024144868,27.0,44.1,🔁 MR (반전),② 상승 후 조정,💰 외국인/기관의 강력한 수급이 집중되고 있습니다. ⚠️ 단기 급등으로 인한 조정 가능성을 염두에 두세요.,20251209,20251209,27.1,12.92,342.83,12.92,329.91
KOSDAQ,에이팩트,200470,반도체 제조업,6040,86.6,2558.7,71.9,91.5,19.75,144.8408,-4.84655,1.17,13.11,28.1,83.31,12.92,70.39,4,★,"정배열(단), 장기추세(120↑), 자금유입(MFI), MACD>Sig",5200,4830,5630,6100,반도체 제조업,반도체,1.162162162162162,16.153846153846153,27.0,32.0,↩️ PULL (눌림),② 상승 후 조정,💰 외국인/기관의 강력한 수급이 집중되고 있습니다. ⚠️ 단기 급등으로 인한 조정 가능성을 염두에 두세요.,20251209,20251209,27.1,12.92,83.31,12.92,70.39
KOSPI,동양고속,084670,육상 여객 운송업,36050,101.79,1043.9,89.2,80.5,131.37,2083.7858,535.97187,0.3,119.28,131.09,340.71,27.1,313.61,5,★,"MACD상승, 정배열(단), 장기추세(120↑), 자금유입(MFI), MACD>Sig",16050,14930,17400,18860,육상 여객 운송업,기타,1.2053571428571428,124.61059190031152,26.8,51.8,🔺 Watch (관찰·돌파예상),⑤ 하락 / 약세,💰 외국인/기관의 강력한 수급이 집중되고 있습니다. 🚀 상승 에너지가 폭발적으로 증가하는 중입니다. ⚠️ 단기 급등으로 인한 조정 가능성을 염두에 두세요.,20251209,20251209,27.1,12.92,340.71,27.1,313.61
KOSDAQ,이엔셀,456070,기초 의약물질 제조업,15160,69.4,1653.1,69.5,74.5,13.49,257.2373,-37.76949,0.92,6.46,24.36,30.92,12.92,18.0,4,★,"정배열(단), 장기추세(120↑), 자금유입(MFI), MACD>Sig",13760,12800,14910,16170,기초 의약물질 제조업,기타,1.1979166666666667,10.174418604651162,26.8,27.3,↩️ PULL (눌림),② 상승 후 조정,💰 외국인/기관의 강력한 수급이 집중되고 있습니다. ⚠️ 단기 급등으로 인한 조정 가능성을 염두에 두세요.,20251209,20251209,27.1,12.92,30.92,12.92,18.0
KOSDAQ,동신건설,025950,토목 건설업,18900,99.37,1587.6,63.0,61.0,19.26,862.8964,-241.17665,1.89,36.46,39.9,1.5,12.92,-11.42,5,★,"RSI적정, 거래량↑, 장기추세(120↑), 자금유입(MFI), MACD>Sig",16320,15180,17690,19180,토목 건설업,건설·부동산,1.2017543859649122,15.808823529411764,26.7,41.9,↩️ PULL (눌림),⑤ 하락 / 약세,💸 자금 유입이 꾸준히 이어지고 있습니다. ⚠️ 단기 급등으로 인한 조정 가능성을 염두에 두세요.,20251209,20251209,27.1,12.92,1.5,12.92,-11.42
KOSDAQ,이랜시스,264850,전자부품 제조업,6030,76.15,1826.8,70.7,71.1,13.44,112.1131,-7.97011,0.95,6.54,27.35,17.32,12.92,4.4,4,★,"정배열(단), 장기추세(120↑), 자금유입(MFI), MACD>Sig",5470,5090,5930,6430,전자부품 제조업,IT/전기전자,1.2105263157894737,10.23765996343693,26.7,27.0,↩️ PULL (눌림),③ 박스 / 중립,💰 외국인/기관의 강력한 수급이 집중되고 있습니다. ⚠️ 단기 급등으로 인한 조정 가능성을 염두에 두세요.,20251209,20251209,27.1,12.92,17.32,12.92,4.4
KOSDAQ,셀비온,308430,의약품 제조업,24950,66.9,3201.5,79.4,75.3,15.64,459.0246,-128.29923,0.61,2.67,28.74,5.94,12.92,-6.98,4,★,"정배열(단), 장기추세(120↑), 자금유입(MFI), MACD>Sig",22200,20650,24100,26100,의약품 제조업,바이오·의약품,1.2258064516129032,12.387387387387387,26.5,27.8,↩️ PULL (눌림),⑤ 하락 / 약세,💰 외국인/기관의 강력한 수급이 집중되고 있습니다. ⚠️ 단기 급등으로 인한 조정 가능성을 염두에 두세요.,20251209,20251209,27.1,12.92,5.94,12.92,-6.98
KOSDAQ,켐트로스,220260,기타 화학제품 제조업,6020,84.78,1598.8,83.2,93.3,32.66,201.5678,5.35134,0.47,9.06,62.7,49.75,12.92,36.83,5,★,"MACD상승, 정배열(단), 장기추세(120↑), 자금유입(MFI), MACD>Sig",4675,4345,5070,5490,기타 화학제품 제조업,화학·소재,1.196969696969697,28.770053475935832,26.2,34.7,🔺 Watch (관찰·돌파예상),⑤ 하락 / 약세,💰 외국인/기관의 강력한 수급이 집중되고 있습니다. 📈 상승 추세가 견고하게 유지되고 있습니다. ⚠️ 단기 급등으로 인한 조정 가능성을 염두에 두세요.,20251209,20251209,27.1,12.92,49.75,12.92,36.83
KOSDAQ,차바이오텍,085660,기초 의약물질 제조업,15480,71.85,11830.8,74.4,76.4,13.91,208.7482,-10.70466,0.75,6.46,27.51,39.08,12.92,26.16,4,★,"정배열(단), 장기추세(120↑), 자금유입(MFI), MACD>Sig",14000,13020,15170,16450,기초 의약물질 제조업,기타,1.1938775510204083,10.571428571428571,26.2,28.1,↩️ PULL (눌림),② 상승 후 조정,💰 외국인/기관의 강력한 수급이 집중되고 있습니다. ⚠️ 단기 급등으로 인한 조정 가능성을 염두에 두세요.,20251209,20251209,27.1,12.92,39.08,12.92,26.16
KOSDAQ,오킨스전자,080580,전자부품 제조업,9910,79.57,1962.4,65.9,85.2,14.02,224.6276,15.95626,1.79,19.25,19.83,40.97,12.92,28.05,5,★,"MACD상승, 거래량↑, 장기추세(120↑), 자금유입(MFI), MACD>Sig",8950,8330,9700,10520,전자부품 제조업,IT/전기전자,1.2096774193548387,10.726256983240223,26.1,30.7,🔺 Watch (관찰·돌파예상),① 강한 상승 추세,💰 외국인/기관의 강력한 수급이 집중되고 있습니다. 📈 상승 추세가 견고하게 유지되고 있습니다. ⚠️ 단기 급등으로 인한 조정 가능성을 염두에 두세요.,20251209,20251209,27.1,12.92,40.97,12.92,28.05
KOSPI,태림포장,011280,"골판지, 종이 상자 및 종이용기 제조업",1926,90.19,1363.7,79.5,95.4,9.78,20.1151,10.51442,16.64,12.24,11.01,-3.94,27.1,-31.04,3,,"MACD상승, 거래량↑, 자금유입(MFI), MACD>Sig",1807,1681,1959,2125,"골판지, 종이 상자 및 종이용기 제조업",기타,1.2063492063492063,6.585500830105147,25.9,31.7,🔻 REV (역추세 반등),④ 바닥 반등 시도,💰 외국인/기관의 강력한 수급이 집중되고 있습니다. 📈 상승 추세가 견고하게 유지되고 있습니다. ⚠️ 단기 급등으로 인한 조정 가능성을 염두에 두세요.,20251209,20251209,27.1,12.92,-3.94,27.1,-31.04
KOSDAQ,넥스트바이오메디컬,389650,의료용 기기 제조업,90100,77.3,7391.7,77.2,74.1,16.33,1421.078,-519.11293,0.42,-3.22,27.98,17.78,12.92,4.86,4,★,"정배열(단), 장기추세(120↑), 자금유입(MFI), MACD>Sig",79800,74200,86500,93700,의료용 기기 제조업,기타,1.1964285714285714,12.907268170426065,25.9,27.9,🔁 MR (반전),③ 박스 / 중립,💰 외국인/기관의 강력한 수급이 집중되고 있습니다. ⚠️ 단기 급등으로 인한 조정 가능성을 염두에 두세요.,20251209,20251209,27.1,12.92,17.78,12.92,4.86
KOSDAQ,오가노이드사이언스,476040,자연과학 및 공학 연구개발업,41450,242.4,2724.4,76.4,91.6,19.56,1306.5043,-141.97481,1.09,19.8,33.07,13.41,12.92,0.49,3,,"장기추세(120↑), 자금유입(MFI), MACD>Sig",35700,33200,38700,41950,자연과학 및 공학 연구개발업,기타,1.2,16.106442577030812,25.8,36.5,↩️ PULL (눌림),③ 박스 / 중립,💰 외국인/기관의 강력한 수급이 집중되고 있습니다. ⚠️ 단기 급등으로 인한 조정 가능성을 염두에 두세요.,20251209,20251209,27.1,12.92,13.41,12.92,0.49
KOSPI,SNT모티브,064960,자동차 신품 부품 제조업,35500,84.06,9421.8,69.1,78.3,10.41,805.6051,-117.07953,2.36,9.91,19.13,-0.28,27.1,-27.38,4,★,"거래량↑, 장기추세(120↑), 자금유입(MFI), MACD>Sig",33100,30800,35900,38900,자동차 신품 부품 제조업,자동차·모빌리티,1.2173913043478262,7.250755287009064,25.8,29.2,🔺 Watch (상승 준비),⑤ 하락 / 약세,💰 외국인/기관의 강력한 수급이 집중되고 있습니다. ⚠️ 단기 급등으로 인한 조정 가능성을 염두에 두세요.,20251209,20251209,27.1,12.92,-0.28,27.1,-27.38
KOSDAQ,코리아에프티,123410,자동차 신품 부품 제조업,8340,54.74,2321.9,78.7,89.0,17.02,159.3988,-37.34809,0.71,2.58,29.1,16.97,12.92,4.05,4,★,"정배열(단), 장기추세(120↑), 자금유입(MFI), MACD>Sig",7340,6830,7960,8630,자동차 신품 부품 제조업,자동차·모빌리티,1.2156862745098038,13.623978201634879,25.7,28.4,↩️ PULL (눌림),③ 박스 / 중립,💰 외국인/기관의 강력한 수급이 집중되고 있습니다. ⚠️ 단기 급등으로 인한 조정 가능성을 염두에 두세요.,20251209,20251209,27.1,12.92,16.97,12.92,4.05
KOSDAQ,에이디테크놀로지,200710,반도체 제조업,29350,71.18,3944.9,71.1,81.3,13.72,545.6857,-131.30804,0.64,-3.77,22.8,25.43,12.92,12.51,4,★,"정배열(단), 장기추세(120↑), 자금유입(MFI), MACD>Sig",26600,24700,28800,31250,반도체 제조업,반도체,1.1578947368421053,10.338345864661653,25.5,26.5,🔁 MR (반전),② 상승 후 조정,💰 외국인/기관의 강력한 수급이 집중되고 있습니다. ⚠️ 단기 급등으로 인한 조정 가능성을 염두에 두세요.,20251209,20251209,27.1,12.92,25.43,12.92,12.51
KOSDAQ,신라젠,215600,자연과학 및 공학 연구개발업,3430,84.75,4737.9,69.5,63.0,13.54,80.96,-12.96791,1.16,4.73,27.04,11.18,12.92,-1.74,3,,"장기추세(120↑), 자금유입(MFI), MACD>Sig",3110,2895,3375,3655,자연과학 및 공학 연구개발업,기타,1.2325581395348837,10.289389067524116,25.0,24.3,↩️ PULL (눌림),③ 박스 / 중립,💸 자금 유입이 꾸준히 이어지고 있습니다. ⚠️ 단기 급등으로 인한 조정 가능성을 염두에 두세요.,20251209,20251209,27.1,12.92,11.18,12.92,-1.74
KOSDAQ,폰드그룹,472850,"섬유, 의복, 신발 및 가죽제품 소매업",10300,147.23,3331.4,88.0,94.5,24.14,213.097,97.26749,12.3,20.33,26.85,-3.74,12.92,-16.66,5,★,"MACD상승, 거래량↑, 장기추세(120↑), 자금유입(MFI), MACD>Sig",8550,7950,9260,10040,"섬유, 의복, 신발 및 가죽제품 소매업",유통·소비재,1.1833333333333333,20.46783625730994,24.8,43.6,🔺 Watch (관찰·돌파예상),④ 바닥 반등 시도,💰 외국인/기관의 강력한 수급이 집중되고 있습니다. 📈 상승 추세가 견고하게 유지되고 있습니다. ⚠️ 단기 급등으로 인한 조정 가능성을 염두에 두세요.,20251209,20251209,27.1,12.92,-3.74,12.92,-16.66
KOSDAQ,토모큐브,475960,사진장비 및 광학기기 제조업,59800,254.17,7966.4,76.1,84.3,27.81,1996.0278,-167.74178,0.72,19.6,38.59,33.33,12.92,20.41,4,★,"정배열(단), 장기추세(120↑), 자금유입(MFI), MACD>Sig",48200,44800,52200,56600,사진장비 및 광학기기 제조업,기타,1.1764705882352942,24.066390041493776,24.7,40.9,↩️ PULL (눌림),② 상승 후 조정,💰 외국인/기관의 강력한 수급이 집중되고 있습니다. ⚠️ 단기 급등으로 인한 조정 가능성을 염두에 두세요.,20251209,20251209,27.1,12.92,33.33,12.92,20.41
KOSDAQ,코미팜,041960,의약품 제조업,7190,53.83,5303.3,69.8,71.2,13.83,90.2407,28.27939,3.68,9.1,19.63,8.12,12.92,-4.8,5,★,"MACD상승, 거래량↑, 장기추세(120↑), 자금유입(MFI), MACD>Sig",6510,6050,7050,7640,의약품 제조업,바이오·의약품,1.173913043478261,10.44546850998464,24.5,29.0,🔺 Watch (관찰·돌파예상),③ 박스 / 중립,💰 외국인/기관의 강력한 수급이 집중되고 있습니다. 📈 상승 추세가 견고하게 유지되고 있습니다. ⚠️ 단기 급등으로 인한 조정 가능성을 염두에 두세요.,20251209,20251209,27.1,12.92,8.12,12.92,-4.8
KOSPI,한국무브넥스,010100,자동차 신품 부품 제조업,4565,61.53,1390.1,79.7,86.3,17.16,117.5292,2.61364,1.99,20.13,26.81,4.46,27.1,-22.64,5,★,"MACD상승, 거래량↑, 장기추세(120↑), 자금유입(MFI), MACD>Sig",4015,3730,4350,4715,자동차 신품 부품 제조업,자동차·모빌리티,1.1754385964912282,13.698630136986301,23.5,30.3,🔺 Watch (관찰·돌파예상),④ 바닥 반등 시도,💰 외국인/기관의 강력한 수급이 집중되고 있습니다. 📈 상승 추세가 견고하게 유지되고 있습니다. ⚠️ 단기 급등으로 인한 조정 가능성을 염두에 두세요.,20251209,20251209,27.1,12.92,4.46,27.1,-22.64
KOSDAQ,네오이뮨텍,950220,자연과학 및 공학 연구개발업,798,263.3,1311.8,76.4,89.7,31.2,19.2163,10.14643,8.7,25.08,41.99,-4.09,12.92,-17.01,3,,"MACD상승, 거래량↑, 자금유입(MFI), MACD>Sig",626,583,679,736,자연과학 및 공학 연구개발업,기타,1.2325581395348837,27.47603833865815,19.9,40.6,🔺 Watch (관찰·돌파예상),④ 바닥 반등 시도,💰 외국인/기관의 강력한 수급이 집중되고 있습니다. 📈 상승 추세가 견고하게 유지되고 있습니다. ⚠️ 단기 급등으로 인한 조정 가능성을 염두에 두세요.,20251209,20251209,27.1,12.92,-4.09,12.92,-17.01
KOSDAQ,네오티스,085910,자동차 신품 부품 제조업,7820,51.16,1089.7,78.4,91.6,39.67,266.4001,14.13493,0.74,31.65,54.85,151.45,12.92,138.53,5,★,"MACD상승, 정배열(단), 장기추세(120↑), 자금유입(MFI), MACD>Sig",5770,5360,6250,6780,자동차 신품 부품 제조업,자동차·모빌리티,1.170731707317073,35.52859618717504,19.5,36.6,🔺 Watch (관찰·돌파예상),⑤ 하락 / 약세,💰 외국인/기관의 강력한 수급이 집중되고 있습니다. 📈 상승 추세가 견고하게 유지되고 있습니다. ⚠️ 단기 급등으로 인한 조정 가능성을 염두에 두세요.,20251209,20251209,27.1,12.92,151.45,12.92,138.53
KOSDAQ,엘앤케이바이오,156100,의료용 기기 제조업,14630,60.75,3077.0,72.5,83.2,28.29,432.8034,-41.52606,0.49,21.61,34.84,63.1,12.92,50.18,4,★,"정배열(단), 장기추세(120↑), 자금유입(MFI), MACD>Sig",11750,10920,12730,13800,의료용 기기 제조업,기타,1.180722891566265,24.51063829787234,19.2,32.4,↩️ PULL (눌림),② 상승 후 조정,💰 외국인/기관의 강력한 수급이 집중되고 있습니다. ⚠️ 단기 급등으로 인한 조정 가능성을 염두에 두세요.,20251209,20251209,27.1,12.92,63.1,12.92,50.18
KOSDAQ,피에스텍,002230,"측정, 시험, 항해, 제어 및 기타 정밀기기 제조업; 광학기기 제외",5360,68.27,1033.1,91.5,96.9,30.76,102.9159,77.97277,17.31,32.02,34.34,18.85,12.92,5.93,5,★,"MACD상승, 거래량↑, 장기추세(120↑), 자금유입(MFI), MACD>Sig",4220,3925,4575,4960,"측정, 시험, 항해, 제어 및 기타 정밀기기 제조업; 광학기기 제외",기타,1.2033898305084745,27.014218009478675,16.9,34.5,🔺 Watch (관찰·돌파예상),⑤ 하락 / 약세,💰 외국인/기관의 강력한 수급이 집중되고 있습니다. 📈 상승 추세가 견고하게 유지되고 있습니다. ⚠️ 단기 급등으로 인한 조정 가능성을 염두에 두세요.,20251209,20251209,27.1,12.92,18.85,12.92,5.93
KOSDAQ,옵티코어,380540,마그네틱 및 광학 매체 제조업,2075,64.31,1007.1,74.5,86.9,28.84,90.171,-0.80545,1.72,38.06,40.96,20.64,12.92,7.72,4,★,"거래량↑, 장기추세(120↑), 자금유입(MFI), MACD>Sig",1659,1543,1798,1949,마그네틱 및 광학 매체 제조업,기타,1.1982758620689655,25.075346594333936,16.4,30.5,↩️ PULL (눌림),② 상승 후 조정,💰 외국인/기관의 강력한 수급이 집중되고 있습니다. ⚠️ 단기 급등으로 인한 조정 가능성을 염두에 두세요.,20251209,20251209,27.1,12.92,20.64,12.92,7.72
KOSDAQ,내츄럴엔도텍,168330,자연과학 및 공학 연구개발업,3320,91.54,1054.3,81.4,98.1,38.42,139.232,19.95799,6.17,42.49,60.0,12.93,12.92,0.01,5,★,"MACD상승, 거래량↑, 장기추세(120↑), 자금유입(MFI), MACD>Sig",2470,2300,2680,2905,자연과학 및 공학 연구개발업,기타,1.2352941176470589,34.41295546558704,12.3,33.5,🔺 Watch (관찰·돌파예상),③ 박스 / 중립,💰 외국인/기관의 강력한 수급이 집중되고 있습니다. 📈 상승 추세가 견고하게 유지되고 있습니다. ⚠️ 단기 급등으로 인한 조정 가능성을 염두에 두세요.,20251209,20251209,27.1,12.92,12.93,12.92,0.01
